Thread 127473236809408,,,,,,,,,,Thread 127473245202112,,,,,,,,,,Thread 127473253594816,,,,,,,,,,Thread 127473261987520,,,,,,,,,,Thread 127473270380224,,,,,,,,,,Thread 127473278772928,,,,,,,,,,Thread 127473287165632,,,,,,,,,,Thread 127474109224640,,,,,,,,,,Thread 127474117617344,,,,,,,,,,Thread 127474126010048,,,,,,,,,,Thread 127474134402752,,,,,,,,,,Thread 127474142795456,,,,,,,,,,Thread 127474151188160,,,,,,,,,,Thread 127474159580864,,,,,,,,,,Thread 127474646095552,,,,,,,,,,Thread 127474654488256,,,,,,,,,,Thread 127474662880960,,,,,,,,,,Thread 127474671273664,,,,,,,,,,Thread 127474679666368,,,,,,,,,,Thread 127474688059072,,,,,,,,,,Thread 127474696451776,,,,,,,,,,Thread 127475317184192,,,,,,,,,,Thread 127475325576896,,,,,,,,,,Thread 127475333969600,,,,,,,,,,Thread 127475342362304,,,,,,,,,,Thread 127475350755008,,,,,,,,,,Thread 127475359147712,,,,,,,,,,Thread 127475367540416,,,,,,,,,,Thread 127475451401920,,,,,,,,,,Thread 127475459794624,,,,,,,,,,Thread 127475468187328,,,,,,,,,,Thread 127475476580032,,,,,,,,,,Thread 127475484972736,,,,,,,,,,Thread 127475493365440,,,,,,,,,,Thread 127475501758144,,,,,,,,,,Thread 127476251305664,,,,,,,,,,Thread 127476259698368,,,,,,,,,,Thread 127476268091072,,,,,,,,,,Thread 127476276483776,,,,,,,,,,Thread 127476284876480,,,,,,,,,,Thread 127476293269184,,,,,,,,,,Thread 127476301661888,,,,,,,,,,Thread 127476310054592,,,,,,,,,,Thread 127476318447296,,,,,,,,,,Thread 127476326840000,,,,,,,,,,Thread 127476335232704,,,,,,,,,,Thread 127476343625408,,,,,,,,,,Thread 127476352018112,,,,,,,,,,,,,Description,Command
tree,depth,nodes,Active Samples,TreeTrain,NodeTrain,SampleProjection,ApplyProjection,---EvaluateProj,,tree,depth,nodes,Active Samples,TreeTrain,NodeTrain,SampleProjection,ApplyProjection,---EvaluateProj,,tree,depth,nodes,Active Samples,TreeTrain,NodeTrain,SampleProjection,ApplyProjection,---EvaluateProj,,tree,depth,nodes,Active Samples,TreeTrain,NodeTrain,SampleProjection,ApplyProjection,---EvaluateProj,,tree,depth,nodes,Active Samples,TreeTrain,NodeTrain,SampleProjection,ApplyProjection,---EvaluateProj,,tree,depth,nodes,Active Samples,TreeTrain,NodeTrain,SampleProjection,ApplyProjection,---EvaluateProj,,tree,depth,nodes,Active Samples,TreeTrain,NodeTrain,SampleProjection,ApplyProjection,---EvaluateProj,,tree,depth,nodes,Active Samples,TreeTrain,NodeTrain,SampleProjection,ApplyProjection,---EvaluateProj,,tree,depth,nodes,Active Samples,TreeTrain,NodeTrain,SampleProjection,ApplyProjection,---EvaluateProj,,tree,depth,nodes,Active Samples,TreeTrain,NodeTrain,SampleProjection,ApplyProjection,---EvaluateProj,,tree,depth,nodes,Active Samples,TreeTrain,NodeTrain,SampleProjection,ApplyProjection,---EvaluateProj,,tree,depth,nodes,Active Samples,TreeTrain,NodeTrain,SampleProjection,ApplyProjection,---EvaluateProj,,tree,depth,nodes,Active Samples,TreeTrain,NodeTrain,SampleProjection,ApplyProjection,---EvaluateProj,,tree,depth,nodes,Active Samples,TreeTrain,NodeTrain,SampleProjection,ApplyProjection,---EvaluateProj,,tree,depth,nodes,Active Samples,TreeTrain,NodeTrain,SampleProjection,ApplyProjection,---EvaluateProj,,tree,depth,nodes,Active Samples,TreeTrain,NodeTrain,SampleProjection,ApplyProjection,---EvaluateProj,,tree,depth,nodes,Active Samples,TreeTrain,NodeTrain,SampleProjection,ApplyProjection,---EvaluateProj,,tree,depth,nodes,Active Samples,TreeTrain,NodeTrain,SampleProjection,ApplyProjection,---EvaluateProj,,tree,depth,nodes,Active Samples,TreeTrain,NodeTrain,SampleProjection,ApplyProjection,---EvaluateProj,,tree,depth,nodes,Active Samples,TreeTrain,NodeTrain,SampleProjection,ApplyProjection,---EvaluateProj,,tree,depth,nodes,Active Samples,TreeTrain,NodeTrain,SampleProjection,ApplyProjection,---EvaluateProj,,tree,depth,nodes,Active Samples,TreeTrain,NodeTrain,SampleProjection,ApplyProjection,---EvaluateProj,,tree,depth,nodes,Active Samples,TreeTrain,NodeTrain,SampleProjection,ApplyProjection,---EvaluateProj,,tree,depth,nodes,Active Samples,TreeTrain,NodeTrain,SampleProjection,ApplyProjection,---EvaluateProj,,tree,depth,nodes,Active Samples,TreeTrain,NodeTrain,SampleProjection,ApplyProjection,---EvaluateProj,,tree,depth,nodes,Active Samples,TreeTrain,NodeTrain,SampleProjection,ApplyProjection,---EvaluateProj,,tree,depth,nodes,Active Samples,TreeTrain,NodeTrain,SampleProjection,ApplyProjection,---EvaluateProj,,tree,depth,nodes,Active Samples,TreeTrain,NodeTrain,SampleProjection,ApplyProjection,---EvaluateProj,,tree,depth,nodes,Active Samples,TreeTrain,NodeTrain,SampleProjection,ApplyProjection,---EvaluateProj,,tree,depth,nodes,Active Samples,TreeTrain,NodeTrain,SampleProjection,ApplyProjection,---EvaluateProj,,tree,depth,nodes,Active Samples,TreeTrain,NodeTrain,SampleProjection,ApplyProjection,---EvaluateProj,,tree,depth,nodes,Active Samples,TreeTrain,NodeTrain,SampleProjection,ApplyProjection,---EvaluateProj,,tree,depth,nodes,Active Samples,TreeTrain,NodeTrain,SampleProjection,ApplyProjection,---EvaluateProj,,tree,depth,nodes,Active Samples,TreeTrain,NodeTrain,SampleProjection,ApplyProjection,---EvaluateProj,,tree,depth,nodes,Active Samples,TreeTrain,NodeTrain,SampleProjection,ApplyProjection,---EvaluateProj,,tree,depth,nodes,Active Samples,TreeTrain,NodeTrain,SampleProjection,ApplyProjection,---EvaluateProj,,tree,depth,nodes,Active Samples,TreeTrain,NodeTrain,SampleProjection,ApplyProjection,---EvaluateProj,,tree,depth,nodes,Active Samples,TreeTrain,NodeTrain,SampleProjection,ApplyProjection,---EvaluateProj,,tree,depth,nodes,Active Samples,TreeTrain,NodeTrain,SampleProjection,ApplyProjection,---EvaluateProj,,tree,depth,nodes,Active Samples,TreeTrain,NodeTrain,SampleProjection,ApplyProjection,---EvaluateProj,,tree,depth,nodes,Active Samples,TreeTrain,NodeTrain,SampleProjection,ApplyProjection,---EvaluateProj,,tree,depth,nodes,Active Samples,TreeTrain,NodeTrain,SampleProjection,ApplyProjection,---EvaluateProj,,tree,depth,nodes,Active Samples,TreeTrain,NodeTrain,SampleProjection,ApplyProjection,---EvaluateProj,,tree,depth,nodes,Active Samples,TreeTrain,NodeTrain,SampleProjection,ApplyProjection,---EvaluateProj,,tree,depth,nodes,Active Samples,TreeTrain,NodeTrain,SampleProjection,ApplyProjection,---EvaluateProj,,tree,depth,nodes,Active Samples,TreeTrain,NodeTrain,SampleProjection,ApplyProjection,---EvaluateProj,,tree,depth,nodes,Active Samples,TreeTrain,NodeTrain,SampleProjection,ApplyProjection,---EvaluateProj,,tree,depth,nodes,Active Samples,TreeTrain,NodeTrain,SampleProjection,ApplyProjection,---EvaluateProj,,,,,Helper invocation,python3 benchmarks/profiling/parallel_chrono.py --input_mode=trunk --rows=15000 --cols=400000 --num_trees=240 --num_threads=-1 --dataset_layout=row --depthwise_1_pass --experiment_name=dw1_rowMajor_multicore
0,0,0,0,28.4172,0.0,0.0,0.0,0.0,,28,0,0,0,30.1992,0.0,0.0,0.0,0.0,,1,0,0,0,30.553,0.0,0.0,0.0,0.0,,31,0,0,0,30.7191,0.0,0.0,0.0,0.0,,4,0,0,0,28.2235,0.0,0.0,0.0,0.0,,5,0,0,0,28.7015,0.0,0.0,0.0,0.0,,7,0,0,0,28.045,0.0,0.0,0.0,0.0,,6,0,0,0,28.9437,0.0,0.0,0.0,0.0,,43,0,0,0,29.96,0.0,0.0,0.0,0.0,,36,0,0,0,29.5958,0.0,0.0,0.0,0.0,,30,0,0,0,30.1112,0.0,0.0,0.0,0.0,,29,0,0,0,29.1802,0.0,0.0,0.0,0.0,,2,0,0,0,28.4388,0.0,0.0,0.0,0.0,,35,0,0,0,28.165,0.0,0.0,0.0,0.0,,45,0,0,0,28.6591,0.0,0.0,0.0,0.0,,47,0,0,0,29.4463,0.0,0.0,0.0,0.0,,46,0,0,0,30.9507,0.0,0.0,0.0,0.0,,40,0,0,0,30.002,0.0,0.0,0.0,0.0,,34,0,0,0,29.4358,0.0,0.0,0.0,0.0,,44,0,0,0,29.2534,0.0,0.0,0.0,0.0,,42,0,0,0,27.7503,0.0,0.0,0.0,0.0,,26,0,0,0,19.8844,0.0,0.0,0.0,0.0,,37,0,0,0,28.6205,0.0,0.0,0.0,0.0,,39,0,0,0,28.9624,0.0,0.0,0.0,0.0,,27,0,0,0,30.0693,0.0,0.0,0.0,0.0,,24,0,0,0,29.1614,0.0,0.0,0.0,0.0,,25,0,0,0,29.7098,0.0,0.0,0.0,0.0,,41,0,0,0,29.1339,0.0,0.0,0.0,0.0,,33,0,0,0,29.8694,0.0,0.0,0.0,0.0,,38,0,0,0,29.3529,0.0,0.0,0.0,0.0,,19,0,0,0,29.9971,0.0,0.0,0.0,0.0,,3,0,0,0,30.9804,0.0,0.0,0.0,0.0,,22,0,0,0,29.9114,0.0,0.0,0.0,0.0,,23,0,0,0,29.5049,0.0,0.0,0.0,0.0,,21,0,0,0,29.6533,0.0,0.0,0.0,0.0,,16,0,0,0,28.8866,0.0,0.0,0.0,0.0,,18,0,0,0,27.4446,0.0,0.0,0.0,0.0,,17,0,0,0,29.8071,0.0,0.0,0.0,0.0,,20,0,0,0,29.2922,0.0,0.0,0.0,0.0,,14,0,0,0,29.1395,0.0,0.0,0.0,0.0,,15,0,0,0,29.2158,0.0,0.0,0.0,0.0,,13,0,0,0,29.7432,0.0,0.0,0.0,0.0,,10,0,0,0,29.2536,0.0,0.0,0.0,0.0,,12,0,0,0,27.4363,0.0,0.0,0.0,0.0,,11,0,0,0,30.5423,0.0,0.0,0.0,0.0,,8,0,0,0,27.1902,0.0,0.0,0.0,0.0,,32,0,0,0,31.0657,0.0,0.0,0.0,0.0,,9,0,0,0,29.3633,0.0,0.0,0.0,0.0,,,,,Bazel build,bazel build --ui_event_filters=-warning -c opt --config=enable_std_upper_bound_avx2 --config=chrono_profile_coarse --config=depthwise_1_pass --config=row_major_dataset_layout --ui_event_filters=-warning --repo_env=CC=/opt/intel/oneapi/compiler/latest/bin/icx --repo_env=CXX=/opt/intel/oneapi/compiler/latest/bin/icpx //examples:train_oblique_forest
0,1,1,15000,0.0,0.438887,0.000615546,0.349946,0.0795414,,28,1,1,15000,0.0,0.449226,0.000587124,0.332384,0.0997502,,1,1,1,15000,0.0,0.42625,0.000604712,0.33331,0.0793075,,31,1,1,15000,0.0,0.436576,0.000588724,0.341422,0.0794323,,4,1,1,15000,0.0,0.424189,0.000575478,0.328505,0.079196,,5,1,1,15000,0.0,0.501379,0.000615284,0.350412,0.137664,,7,1,1,15000,0.0,0.416958,0.000595099,0.32441,0.0794731,,6,1,1,15000,0.0,0.43452,0.000588271,0.340975,0.0792438,,43,1,1,15000,0.0,0.428916,0.000609549,0.333691,0.0794647,,36,1,1,15000,0.0,0.425796,0.000598567,0.331416,0.0790903,,30,1,1,15000,0.0,0.434083,0.000600662,0.338336,0.0793571,,29,1,1,15000,0.0,0.430515,0.000607589,0.331041,0.0837985,,2,1,1,15000,0.0,0.421468,0.000587229,0.329969,0.079039,,35,1,1,15000,0.0,0.415563,0.000600342,0.320505,0.079162,,45,1,1,15000,0.0,0.431534,0.0005968,0.337482,0.0792433,,47,1,1,15000,0.0,0.427102,0.000598043,0.332667,0.0792219,,46,1,1,15000,0.0,0.420686,0.000575561,0.326656,0.0789658,,40,1,1,15000,0.0,0.430103,0.000616454,0.335184,0.0795194,,34,1,1,15000,0.0,0.430177,0.000593211,0.33533,0.079192,,44,1,1,15000,0.0,0.414138,0.000579029,0.319757,0.0790294,,42,1,1,15000,0.0,0.434904,0.000595023,0.33892,0.0794076,,26,1,1,15000,0.0,0.42925,0.000582807,0.334399,0.079318,,37,1,1,15000,0.0,0.423127,0.000587717,0.328301,0.0792735,,39,1,1,15000,0.0,0.421597,0.000587073,0.326938,0.0792539,,27,1,1,15000,0.0,0.497647,0.000610888,0.354984,0.127132,,24,1,1,15000,0.0,0.441778,0.000603657,0.346639,0.079401,,25,1,1,15000,0.0,0.432548,0.000597526,0.336804,0.0794824,,41,1,1,15000,0.0,0.428556,0.000593539,0.333914,0.0790675,,33,1,1,15000,0.0,0.441911,0.00061615,0.34687,0.07946,,38,1,1,15000,0.0,0.431621,0.000600963,0.336815,0.0793103,,19,1,1,15000,0.0,0.429249,0.00059596,0.3337,0.0792987,,3,1,1,15000,0.0,0.437204,0.000597448,0.342733,0.079189,,22,1,1,15000,0.0,0.49398,0.000603093,0.339212,0.138866,,23,1,1,15000,0.0,0.439957,0.000610712,0.344015,0.0796651,,21,1,1,15000,0.0,0.436843,0.000589627,0.340462,0.0795174,,16,1,1,15000,0.0,0.430093,0.000591993,0.333703,0.0794202,,18,1,1,15000,0.0,0.432013,0.000614398,0.336128,0.0794545,,17,1,1,15000,0.0,0.443819,0.000611486,0.347497,0.0797806,,20,1,1,15000,0.0,0.426481,0.000589394,0.331232,0.079068,,14,1,1,15000,0.0,0.428897,0.000582917,0.331703,0.0803894,,15,1,1,15000,0.0,0.427228,0.000587376,0.331536,0.0790764,,13,1,1,15000,0.0,0.428424,0.000597858,0.332393,0.0794685,,10,1,1,15000,0.0,0.429181,0.00059166,0.335305,0.0790642,,12,1,1,15000,0.0,0.428232,0.000596566,0.331996,0.079437,,11,1,1,15000,0.0,0.434403,0.000630343,0.341121,0.0794513,,8,1,1,15000,0.0,0.444571,0.000615943,0.35158,0.0795451,,32,1,1,15000,0.0,0.418719,0.00057758,0.324199,0.0790727,,9,1,1,15000,0.0,0.428878,0.000577667,0.336716,0.0792207,,,,,Binary command,./bazel-bin/examples/train_oblique_forest --num_trees=240 --feature_split_type=Oblique --compute_oob_performances=false --histogram_num_bins=64 --num_threads=-1 --tree_depth=-1 --numerical_split_type=Dynamic Random Histogram --input_mode=trunk --rows=15000 --cols=400000 --dataset_layout=row
0,2,2,15000,0.0,0.0910345,0.00066848,0.40553,0.0820925,,28,2,2,15000,0.0,0.0890352,0.000618006,0.387135,0.0801539,,1,2,2,15000,0.0,0.0933547,0.000748682,0.398636,0.0811159,,31,2,2,15000,0.0,0.0894552,0.000674299,0.404716,0.0792636,,4,2,2,15000,0.0,0.0929647,0.000755176,0.398933,0.0807441,,5,2,2,15000,0.0,0.0902326,0.00072087,0.377467,0.0804063,,7,2,2,15000,0.0,0.0923483,0.000820999,0.394296,0.0805482,,6,2,2,15000,0.0,0.0884798,0.000680079,0.414801,0.0797707,,43,2,2,15000,0.0,0.0919057,0.000701278,0.403919,0.0799541,,36,2,2,15000,0.0,0.0913315,0.000735744,0.404182,0.0794197,,30,2,2,15000,0.0,0.0907006,0.000672624,0.407595,0.081063,,29,2,2,15000,0.0,0.0928326,0.000701161,0.406014,0.0839345,,2,2,2,15000,0.0,0.0932688,0.000757571,0.382435,0.0786163,,35,2,2,15000,0.0,0.0984244,0.000769008,0.391297,0.0810204,,45,2,2,15000,0.0,0.0917237,0.000628109,0.376748,0.0790519,,47,2,2,15000,0.0,0.090645,0.00067985,0.410613,0.0808637,,46,2,2,15000,0.0,0.0991685,0.000795012,0.405223,0.0873048,,40,2,2,15000,0.0,0.0912795,0.000660032,0.399244,0.0793904,,34,2,2,15000,0.0,0.0881473,0.000712104,0.413546,0.0787338,,44,2,2,15000,0.0,0.0952634,0.000888429,0.392035,0.0804477,,42,2,2,15000,0.0,0.0908967,0.000686691,0.400801,0.0795606,,26,2,2,15000,0.0,0.0909794,0.000643104,0.399598,0.0789598,,37,2,2,15000,0.0,0.0909383,0.000751777,0.404035,0.079005,,39,2,2,15000,0.0,0.0913301,0.000778058,0.399295,0.0790945,,27,2,2,15000,0.0,0.0890701,0.000753144,0.38933,0.0783866,,24,2,2,15000,0.0,0.0923884,0.000677265,0.404806,0.0835181,,25,2,2,15000,0.0,0.101346,0.000656703,0.409586,0.0924594,,41,2,2,15000,0.0,0.0923974,0.000664336,0.402215,0.0810353,,33,2,2,15000,0.0,0.0909904,0.000641627,0.39182,0.0793376,,38,2,2,15000,0.0,0.0919271,0.000627033,0.395991,0.079884,,19,2,2,15000,0.0,0.0914453,0.000685071,0.401152,0.0793559,,3,2,2,15000,0.0,0.0871262,0.000688217,0.415118,0.0780908,,22,2,2,15000,0.0,0.0882209,0.000750975,0.382667,0.0786754,,23,2,2,15000,0.0,0.0886656,0.000669517,0.397355,0.079429,,21,2,2,15000,0.0,0.0895602,0.000681482,0.407651,0.080309,,16,2,2,15000,0.0,0.0925329,0.000671094,0.40689,0.0807534,,18,2,2,15000,0.0,0.0911065,0.000698273,0.402361,0.0790889,,17,2,2,15000,0.0,0.0890265,0.000678184,0.396934,0.0794714,,20,2,2,15000,0.0,0.094683,0.000721737,0.392012,0.0783858,,14,2,2,15000,0.0,0.0909086,0.000692553,0.381747,0.0787719,,15,2,2,15000,0.0,0.0914314,0.000765851,0.404079,0.0794807,,13,2,2,15000,0.0,0.090206,0.000672373,0.409019,0.0785282,,10,2,2,15000,0.0,0.0929201,0.000669145,0.398161,0.0806012,,12,2,2,15000,0.0,0.0873651,0.000692822,0.420515,0.0784412,,11,2,2,15000,0.0,0.0918414,0.000669286,0.393145,0.0797719,,8,2,2,15000,0.0,0.0900406,0.000672371,0.398901,0.0804586,,32,2,2,15000,0.0,0.157807,0.000794184,0.403351,0.142397,,9,2,2,15000,0.0,0.0897016,0.000697193,0.419075,0.0800647,,,,,Training time (s),151.5420
0,3,4,15000,0.0,0.10647,0.00116654,0.391667,0.0882329,,28,3,4,15000,0.0,0.0978766,0.00128289,0.405287,0.0801463,,1,3,4,15000,0.0,0.127792,0.00127139,0.469543,0.108486,,31,3,4,15000,0.0,0.100258,0.00116685,0.402883,0.0816428,,4,3,4,15000,0.0,0.101908,0.00126287,0.397535,0.0820621,,5,3,4,15000,0.0,0.0976322,0.00149911,0.382385,0.0804447,,7,3,4,15000,0.0,0.105855,0.00117847,0.383474,0.082588,,6,3,2,14986,0.0,0.123252,0.000649971,0.386816,0.114024,,43,3,4,15000,0.0,0.100318,0.00123213,0.423598,0.0811478,,36,3,4,15000,0.0,0.100048,0.00126736,0.402113,0.0822241,,30,3,4,15000,0.0,0.144511,0.00128842,0.398105,0.126128,,29,3,4,15000,0.0,0.105565,0.00114983,0.391812,0.0870549,,2,3,4,15000,0.0,0.10656,0.00124151,0.383468,0.0832403,,35,3,4,15000,0.0,0.105812,0.00122749,0.391702,0.082588,,45,3,4,15000,0.0,0.104101,0.00119828,0.394301,0.084219,,47,3,4,15000,0.0,0.100759,0.00117396,0.39652,0.0815978,,46,3,4,15000,0.0,0.157982,0.00119352,0.387932,0.13778,,40,3,4,15000,0.0,0.100896,0.00121711,0.404391,0.0825913,,34,3,4,15000,0.0,0.100825,0.00114768,0.385168,0.0821102,,44,3,4,15000,0.0,0.103115,0.00126777,0.402209,0.080635,,42,3,4,15000,0.0,0.0993484,0.00120243,0.393143,0.0810552,,26,3,4,15000,0.0,0.099522,0.0012402,0.408121,0.081155,,37,3,4,15000,0.0,0.099129,0.00123673,0.400095,0.0812881,,39,3,4,15000,0.0,0.130691,0.00126212,0.405759,0.111341,,27,3,4,15000,0.0,0.102244,0.0013702,0.446017,0.0803084,,24,3,4,15000,0.0,0.101583,0.00123765,0.379017,0.0836847,,25,3,4,15000,0.0,0.0982959,0.0017197,0.3815,0.0807112,,41,3,4,15000,0.0,0.0986235,0.00121975,0.399985,0.0802868,,33,3,4,15000,0.0,0.10372,0.00126152,0.403319,0.0852425,,38,3,4,15000,0.0,0.100056,0.00120692,0.409468,0.0812626,,19,3,4,15000,0.0,0.100266,0.00126385,0.402562,0.081127,,3,3,4,15000,0.0,0.0983289,0.00113564,0.400085,0.0796916,,22,3,4,15000,0.0,0.0992821,0.00136295,0.378201,0.080769,,23,3,4,15000,0.0,0.0984905,0.00123599,0.38796,0.0806681,,21,3,4,15000,0.0,0.105196,0.00128469,0.390317,0.0870391,,16,3,4,15000,0.0,0.101072,0.00119126,0.393328,0.0829829,,18,3,4,15000,0.0,0.0973282,0.0012529,0.407121,0.0793891,,17,3,4,15000,0.0,0.137179,0.00115887,0.39156,0.118897,,20,3,4,15000,0.0,0.104655,0.00120352,0.397914,0.0834866,,14,3,4,15000,0.0,0.100818,0.00116934,0.384947,0.0806675,,15,3,4,15000,0.0,0.100219,0.00121759,0.407426,0.081797,,13,3,4,15000,0.0,0.0985666,0.00118269,0.38678,0.0803211,,10,3,4,15000,0.0,0.0998717,0.00127338,0.396505,0.0820349,,12,3,2,14989,0.0,0.0903289,0.000635988,0.391202,0.0808612,,11,3,4,15000,0.0,0.0988085,0.00127224,0.397102,0.081044,,8,3,4,15000,0.0,0.0999469,0.00119744,0.405165,0.0812604,,32,3,4,15000,0.0,0.0971975,0.00136724,0.383801,0.079297,,9,3,4,15000,0.0,0.0989451,0.00122164,0.383151,0.0795624,,,,,,
0,4,8,15000,0.0,0.126701,0.00312398,0.374676,0.0894393,,28,4,8,15000,0.0,0.121558,0.00336236,0.380236,0.0849948,,1,4,8,15000,0.0,0.129367,0.00266096,0.379561,0.0884092,,31,4,8,15000,0.0,0.127957,0.00302048,0.387589,0.0873692,,4,4,6,14989,0.0,0.114284,0.00178237,0.373011,0.0856615,,5,4,6,14991,0.0,0.113586,0.00198264,0.369302,0.0865209,,7,4,8,15000,0.0,0.137759,0.00239736,0.376434,0.0969877,,6,4,4,14986,0.0,0.10441,0.00141003,0.378451,0.0857652,,43,4,8,15000,0.0,0.129386,0.00279101,0.383211,0.0905115,,36,4,8,15000,0.0,0.120628,0.00268423,0.370394,0.0851109,,30,4,8,15000,0.0,0.126618,0.00260589,0.390127,0.086758,,29,4,8,15000,0.0,0.134161,0.00301936,0.358016,0.0992945,,2,4,8,15000,0.0,0.121225,0.00242281,0.380669,0.0832584,,35,4,8,15000,0.0,0.122549,0.00241526,0.373417,0.0846976,,45,4,8,15000,0.0,0.122895,0.00247851,0.372663,0.0828353,,47,4,8,15000,0.0,0.121318,0.00343051,0.379085,0.0843425,,46,4,8,15000,0.0,0.125791,0.00252991,0.391759,0.0897194,,40,4,8,15000,0.0,0.121134,0.00330679,0.383704,0.0851561,,34,4,6,14988,0.0,0.128651,0.00207701,0.377659,0.100468,,44,4,8,15000,0.0,0.121256,0.00254006,0.378008,0.0827236,,42,4,8,15000,0.0,0.12147,0.00252493,0.373179,0.0863382,,26,4,8,15000,0.0,0.123152,0.00279336,0.372388,0.0867706,,37,4,8,15000,0.0,0.124163,0.00280389,0.369759,0.087299,,39,4,8,15000,0.0,0.121192,0.00271657,0.369063,0.0855883,,27,4,8,15000,0.0,0.127759,0.00268564,0.404833,0.08469,,24,4,8,15000,0.0,0.11982,0.0031397,0.372986,0.0841478,,25,4,8,15000,0.0,0.119927,0.00339434,0.379052,0.08537,,41,4,8,15000,0.0,0.120982,0.00271684,0.369129,0.0841544,,33,4,8,15000,0.0,0.124176,0.00303948,0.372633,0.0872539,,38,4,6,14987,0.0,0.113388,0.00244027,0.386906,0.0839442,,19,4,8,15000,0.0,0.120241,0.0027506,0.377133,0.0826638,,3,4,4,14969,0.0,0.104585,0.00151201,0.39723,0.0850583,,22,4,8,15000,0.0,0.123397,0.00266635,0.372816,0.0860864,,23,4,8,15000,0.0,0.120596,0.00274568,0.378792,0.0850548,,21,4,8,15000,0.0,0.122924,0.00304285,0.368142,0.0871465,,16,4,8,15000,0.0,0.135861,0.00275775,0.371506,0.099345,,18,4,6,14990,0.0,0.110314,0.00213576,0.37077,0.0830195,,17,4,8,15000,0.0,0.122258,0.00270693,0.379253,0.0858045,,20,4,6,14982,0.0,0.112775,0.00180966,0.373057,0.0825081,,14,4,6,14987,0.0,0.112804,0.00182616,0.379072,0.0812351,,15,4,8,15000,0.0,0.123454,0.00332697,0.374081,0.087065,,13,4,8,15000,0.0,0.11789,0.00245025,0.389073,0.0804781,,10,4,8,15000,0.0,0.121002,0.00246441,0.382582,0.0848377,,12,4,4,14989,0.0,0.100627,0.00126895,0.380789,0.0820534,,11,4,8,15000,0.0,0.119635,0.00242231,0.38077,0.0833944,,8,4,6,14993,0.0,0.114802,0.0020541,0.378267,0.0861816,,32,4,6,14992,0.0,0.115166,0.00200837,0.376553,0.0864524,,9,4,6,14974,0.0,0.121109,0.00209378,0.379758,0.0932923,,,,,,
0,5,16,15000,0.0,0.18854,0.0070261,0.371628,0.11286,,28,5,16,15000,0.0,0.166258,0.00588825,0.368996,0.0921768,,1,5,14,14995,0.0,0.163175,0.00449498,0.398093,0.0930479,,31,5,8,14964,0.0,0.126433,0.00282745,0.397968,0.085959,,4,5,12,14989,0.0,0.145532,0.00389655,0.381437,0.0897603,,5,5,12,14991,0.0,0.147078,0.0041802,0.368781,0.0943933,,7,5,14,14988,0.0,0.156502,0.00499485,0.378857,0.0917725,,6,5,8,14986,0.0,0.123214,0.00319872,0.37187,0.0875209,,43,5,8,14961,0.0,0.125577,0.0026509,0.382657,0.0877645,,36,5,14,14982,0.0,0.153984,0.0048106,0.377951,0.090971,,30,5,12,14974,0.0,0.150632,0.00395025,0.427309,0.0882323,,29,5,16,15000,0.0,0.21931,0.00561815,0.367506,0.150067,,2,5,16,15000,0.0,0.176605,0.00520236,0.383581,0.0997363,,35,5,16,15000,0.0,0.169802,0.00511426,0.375503,0.0943068,,45,5,16,15000,0.0,0.164104,0.00536265,0.380974,0.0877111,,47,5,14,14982,0.0,0.156292,0.00492678,0.37711,0.0883662,,46,5,16,15000,0.0,0.164387,0.00504352,0.397507,0.0901436,,40,5,16,15000,0.0,0.160298,0.00597338,0.364721,0.0883548,,34,5,10,14976,0.0,0.177755,0.00353018,0.374395,0.130107,,44,5,12,14985,0.0,0.151821,0.00448769,0.389018,0.096753,,42,5,16,15000,0.0,0.162681,0.0054779,0.368813,0.091483,,26,5,16,15000,0.0,0.165949,0.00603567,0.377842,0.0922417,,37,5,16,15000,0.0,0.163637,0.00585213,0.379059,0.0910853,,39,5,14,14977,0.0,0.154799,0.00610009,0.375234,0.0901021,,27,5,14,14974,0.0,0.158832,0.00447992,0.412493,0.0861243,,24,5,12,14983,0.0,0.145364,0.00458267,0.3798,0.0902264,,25,5,14,14990,0.0,0.155376,0.00488183,0.37016,0.0924936,,41,5,12,14968,0.0,0.149326,0.0040832,0.3756,0.0934278,,33,5,16,15000,0.0,0.161704,0.00581143,0.37677,0.0880073,,38,5,8,14971,0.0,0.12527,0.00281604,0.373468,0.0866133,,19,5,16,15000,0.0,0.165314,0.00599405,0.399272,0.0885934,,3,5,8,14969,0.0,0.123906,0.00310369,0.390054,0.0868324,,22,5,14,14976,0.0,0.154295,0.00548936,0.369477,0.0893641,,23,5,16,15000,0.0,0.160901,0.00542589,0.377726,0.088916,,21,5,16,15000,0.0,0.164583,0.00554276,0.374336,0.0917978,,16,5,12,14976,0.0,0.143269,0.00422507,0.371832,0.0902717,,18,5,12,14990,0.0,0.141617,0.00448761,0.385359,0.0870105,,17,5,12,14978,0.0,0.144102,0.00400433,0.391239,0.0886654,,20,5,10,14975,0.0,0.134504,0.00325418,0.387724,0.0861511,,14,5,12,14987,0.0,0.152288,0.00373845,0.384033,0.0911172,,15,5,16,15000,0.0,0.167468,0.00561914,0.381056,0.0932503,,13,5,12,14988,0.0,0.138117,0.00419655,0.373445,0.0831581,,10,5,14,14980,0.0,0.153778,0.00482725,0.383186,0.0893525,,12,5,8,14989,0.0,0.122377,0.00302266,0.388884,0.083275,,11,5,8,14955,0.0,0.127919,0.00292129,0.382897,0.0917217,,8,5,12,14993,0.0,0.158664,0.00529422,0.387233,0.100233,,32,5,12,14992,0.0,0.146026,0.00433046,0.377893,0.0897904,,9,5,8,14967,0.0,0.128097,0.00293179,0.37704,0.0916275,,,,,,
0,6,32,15000,0.0,0.266789,0.0103105,0.382033,0.110266,,28,6,28,14959,0.0,0.233109,0.00941592,0.376191,0.100538,,1,6,26,14990,0.0,0.218845,0.00845288,0.418629,0.0896092,,31,6,12,14936,0.0,0.150226,0.00467644,0.417641,0.0890286,,4,6,18,14935,0.0,0.174518,0.00624911,0.385501,0.0928352,,5,6,20,14955,0.0,0.22651,0.00724207,0.388539,0.129717,,7,6,24,14968,0.0,0.220611,0.00810218,0.37835,0.109887,,6,6,14,14978,0.0,0.154778,0.00495395,0.381759,0.0901998,,43,6,16,14961,0.0,0.168998,0.00549699,0.390241,0.0953612,,36,6,28,14982,0.0,0.228506,0.0108548,0.377826,0.0974554,,30,6,20,14941,0.0,0.185305,0.00646454,0.455664,0.0856423,,29,6,18,14921,0.0,0.18703,0.00583474,0.381324,0.103624,,2,6,24,14971,0.0,0.206874,0.00865759,0.370376,0.0984134,,35,6,30,14997,0.0,0.234855,0.0108561,0.368385,0.0991504,,45,6,24,14936,0.0,0.214475,0.00804082,0.370254,0.0995607,,47,6,22,14940,0.0,0.200052,0.00771302,0.372468,0.0923932,,46,6,28,14981,0.0,0.219386,0.00896166,0.440056,0.0846523,,40,6,20,14924,0.0,0.182962,0.00758057,0.371581,0.0879962,,34,6,20,14976,0.0,0.196837,0.00667725,0.415076,0.0957196,,44,6,16,14920,0.0,0.163092,0.00594445,0.371191,0.0899591,,42,6,30,14993,0.0,0.245244,0.0112996,0.3733,0.108694,,26,6,24,14780,0.0,0.208711,0.00821924,0.36814,0.0948732,,37,6,28,14981,0.0,0.235345,0.0104566,0.369627,0.107123,,39,6,22,14954,0.0,0.193549,0.0070977,0.37629,0.091968,,27,6,28,14974,0.0,0.276817,0.00893127,0.44675,0.135864,,24,6,20,14932,0.0,0.188435,0.00729588,0.37067,0.0959789,,25,6,22,14939,0.0,0.193645,0.00843871,0.374582,0.0923564,,41,6,18,14928,0.0,0.182664,0.00610095,0.375354,0.0992255,,33,6,24,14951,0.0,0.206816,0.00821986,0.386015,0.0882668,,38,6,14,14959,0.0,0.187358,0.00488644,0.389861,0.116652,,19,6,16,14899,0.0,0.170773,0.00549951,0.389441,0.0926504,,3,6,14,14956,0.0,0.157394,0.00527545,0.38934,0.0895755,,22,6,22,14960,0.0,0.195629,0.00735486,0.373275,0.0928576,,23,6,24,14934,0.0,0.21591,0.00935405,0.371481,0.101211,,21,6,26,14967,0.0,0.219357,0.00856314,0.379966,0.0958928,,16,6,22,14947,0.0,0.191394,0.00822915,0.370694,0.0926547,,18,6,20,14971,0.0,0.184186,0.00702939,0.387814,0.0905149,,17,6,18,14943,0.0,0.181073,0.00586694,0.391995,0.0948412,,20,6,16,14955,0.0,0.167477,0.00577292,0.383445,0.0902943,,14,6,20,14974,0.0,0.202036,0.00686567,0.383995,0.103678,,15,6,26,14969,0.0,0.222819,0.00921954,0.378309,0.097692,,13,6,12,14960,0.0,0.149367,0.00413337,0.38031,0.0898328,,10,6,22,14939,0.0,0.209463,0.0084452,0.374535,0.103963,,12,6,16,14989,0.0,0.166711,0.00555683,0.404958,0.0911682,,11,6,14,14941,0.0,0.152467,0.00479508,0.385529,0.0845631,,8,6,20,14971,0.0,0.193336,0.00663933,0.397951,0.0924623,,32,6,20,14937,0.0,0.188959,0.00681424,0.374828,0.0933523,,9,6,14,14957,0.0,0.155321,0.0049878,0.388707,0.0911476,,,,,,
0,7,60,14991,0.0,0.387465,0.0194084,0.417515,0.100816,,28,7,48,14922,0.0,0.331988,0.0152506,0.389086,0.105377,,1,7,40,14903,0.0,0.281219,0.0125705,0.540013,0.0894648,,31,7,20,14911,0.0,0.191556,0.00620126,0.401173,0.0891341,,4,7,26,14864,0.0,0.219327,0.00963089,0.38425,0.0958356,,5,7,38,14930,0.0,0.282148,0.0122875,0.374546,0.100664,,7,7,42,14912,0.0,0.31185,0.0139405,0.36863,0.108847,,6,7,28,14978,0.0,0.230724,0.0105239,0.391539,0.0963952,,43,7,26,14941,0.0,0.216203,0.00943249,0.38086,0.0954394,,36,7,38,14854,0.0,0.284916,0.0130161,0.380708,0.0991742,,30,7,28,14856,0.0,0.232784,0.00875148,0.486689,0.0984697,,29,7,36,14921,0.0,0.272457,0.0113394,0.377367,0.104729,,2,7,42,14928,0.0,0.304676,0.0153842,0.372572,0.10785,,35,7,50,14919,0.0,0.333976,0.0174961,0.362095,0.102513,,45,7,30,14846,0.0,0.243567,0.0108623,0.370339,0.100214,,47,7,36,14879,0.0,0.315408,0.0118229,0.376439,0.140782,,46,7,42,14863,0.0,0.281883,0.0131034,0.491192,0.0857578,,40,7,36,14907,0.0,0.265343,0.0128955,0.377971,0.0907352,,34,7,28,14895,0.0,0.240208,0.00906934,0.395491,0.0977461,,44,7,28,14906,0.0,0.238868,0.0104091,0.390452,0.100925,,42,7,50,14929,0.0,0.335821,0.0161127,0.370816,0.101563,,26,7,40,14744,0.0,0.291326,0.0139886,0.372755,0.0963082,,37,7,44,14896,0.0,0.317503,0.0141715,0.369436,0.108827,,39,7,32,14909,0.0,0.249854,0.0101169,0.374338,0.099016,,27,7,36,14821,0.0,0.257463,0.0147515,0.50376,0.0897822,,24,7,28,14870,0.0,0.235018,0.0105847,0.377726,0.101338,,25,7,34,14878,0.0,0.263014,0.0125979,0.376109,0.100914,,41,7,28,14892,0.0,0.229948,0.0103872,0.383226,0.0974928,,33,7,34,14880,0.0,0.261634,0.0111801,0.394195,0.096004,,38,7,26,14933,0.0,0.257081,0.0094626,0.396373,0.124425,,19,7,20,14832,0.0,0.194304,0.0068782,0.391801,0.0918341,,3,7,16,14885,0.0,0.165052,0.00624346,0.394534,0.0889639,,22,7,32,14839,0.0,0.25123,0.0108102,0.374808,0.0980139,,23,7,34,14883,0.0,0.260475,0.0114559,0.377534,0.0996951,,21,7,40,14870,0.0,0.288489,0.0128887,0.382528,0.095625,,16,7,30,14844,0.0,0.238343,0.0110178,0.375901,0.0945546,,18,7,36,14943,0.0,0.267054,0.0134914,0.384329,0.0933722,,17,7,24,14861,0.0,0.216035,0.00776637,0.385176,0.0970809,,20,7,26,14890,0.0,0.217784,0.00952004,0.397511,0.09575,,14,7,34,14925,0.0,0.25989,0.0124577,0.380001,0.0981776,,15,7,44,14925,0.0,0.315224,0.0140693,0.400702,0.102006,,13,7,20,14905,0.0,0.187147,0.00697977,0.405885,0.0882326,,10,7,34,14855,0.0,0.266227,0.0110916,0.37576,0.100308,,12,7,26,14925,0.0,0.217389,0.00971845,0.399336,0.0942406,,11,7,20,14892,0.0,0.183717,0.00720673,0.408677,0.088402,,8,7,22,14907,0.0,0.231206,0.0072184,0.393849,0.117384,,32,7,28,14881,0.0,0.258625,0.00973202,0.375721,0.119743,,9,7,28,14957,0.0,0.22485,0.0106315,0.393774,0.0932756,,,,,,
0,8,92,14832,0.0,0.549037,0.0294251,0.483361,0.107532,,28,8,54,14637,0.0,0.349776,0.0169925,0.432909,0.0942501,,1,8,52,14733,0.0,0.336995,0.0178626,0.520829,0.0914622,,31,8,24,14787,0.0,0.215042,0.00908361,0.422161,0.0897268,,4,8,38,14786,0.0,0.277023,0.0141256,0.400076,0.0989302,,5,8,56,14859,0.0,0.364332,0.0174773,0.39467,0.102466,,7,8,72,14820,0.0,0.450531,0.0220488,0.38034,0.111219,,6,8,48,14898,0.0,0.325279,0.017724,0.398983,0.0995624,,43,8,36,14822,0.0,0.27427,0.0129164,0.395892,0.10408,,36,8,60,14754,0.0,0.385299,0.0187027,0.406122,0.0982203,,30,8,50,14805,0.0,0.326444,0.0158948,0.52317,0.0901224,,29,8,54,14766,0.0,0.355298,0.0169477,0.389494,0.103667,,2,8,64,14775,0.0,0.404948,0.0208795,0.382083,0.107101,,35,8,72,14747,0.0,0.438305,0.0227534,0.40367,0.10248,,45,8,52,14807,0.0,0.354931,0.0198004,0.380819,0.106183,,47,8,46,14720,0.0,0.327299,0.0141901,0.399649,0.096735,,46,8,42,14637,0.0,0.275512,0.0134183,0.53829,0.0847014,,40,8,54,14795,0.0,0.364233,0.0177453,0.389059,0.104139,,34,8,50,14848,0.0,0.349181,0.0154,0.415506,0.0986525,,44,8,42,14831,0.0,0.300311,0.0155134,0.395363,0.0969808,,42,8,64,14691,0.0,0.399508,0.0206343,0.402838,0.100343,,26,8,52,14314,0.0,0.34857,0.0168915,0.375862,0.0990983,,37,8,70,14798,0.0,0.426624,0.0223898,0.406232,0.10021,,39,8,42,14693,0.0,0.302065,0.0133916,0.379584,0.100782,,27,8,44,14607,0.0,0.299449,0.0170626,0.495506,0.0945165,,24,8,50,14821,0.0,0.343377,0.0181186,0.393457,0.101915,,25,8,54,14785,0.0,0.356898,0.0183558,0.393895,0.0980678,,41,8,44,14775,0.0,0.322799,0.0162242,0.394664,0.110449,,33,8,42,14632,0.0,0.305543,0.0131293,0.395812,0.0981748,,38,8,34,14825,0.0,0.271412,0.0126533,0.394281,0.0972694,,19,8,26,14792,0.0,0.224381,0.00929834,0.405603,0.0945355,,3,8,26,14861,0.0,0.21746,0.009868,0.433126,0.0926578,,22,8,46,14726,0.0,0.318406,0.014963,0.385973,0.0970222,,23,8,46,14785,0.0,0.319263,0.0160872,0.383765,0.101089,,21,8,56,14647,0.0,0.364196,0.0181709,0.403687,0.0974595,,16,8,38,14718,0.0,0.272888,0.0136291,0.387726,0.0973152,,18,8,48,14794,0.0,0.345729,0.0160322,0.39299,0.113809,,17,8,34,14769,0.0,0.267451,0.0108919,0.385304,0.0995868,,20,8,38,14817,0.0,0.27675,0.0141116,0.3998,0.0980509,,14,8,52,14819,0.0,0.35617,0.0198598,0.380703,0.10337,,15,8,72,14789,0.0,0.447853,0.0228576,0.443129,0.110311,,13,8,28,14826,0.0,0.228158,0.0105568,0.426314,0.0948749,,10,8,44,14739,0.0,0.315994,0.0157089,0.390705,0.101778,,12,8,40,14869,0.0,0.306452,0.0152477,0.410487,0.109677,,11,8,26,14812,0.0,0.215125,0.00984878,0.4338,0.092957,,8,8,36,14857,0.0,0.287989,0.0129988,0.39976,0.101066,,32,8,40,14795,0.0,0.300197,0.0136529,0.3949,0.105553,,9,8,42,14843,0.0,0.298456,0.0156792,0.40259,0.0979684,,,,,,
0,9,122,14361,0.0,0.697248,0.0473841,0.437426,0.105428,,28,9,72,14435,0.0,0.431329,0.0220024,0.48835,0.0957673,,1,9,62,14489,0.0,0.419774,0.02448,0.514072,0.103595,,31,9,36,14697,0.0,0.273983,0.0139603,0.455395,0.0919904,,4,9,54,14679,0.0,0.351925,0.0211639,0.42045,0.0985674,,5,9,84,14617,0.0,0.494399,0.0275172,0.4295,0.102525,,7,9,98,14537,0.0,0.558388,0.032303,0.452126,0.103782,,6,9,78,14798,0.0,0.467049,0.0285371,0.405147,0.101194,,43,9,44,14663,0.0,0.308703,0.0167531,0.418454,0.102052,,36,9,84,14505,0.0,0.487971,0.0274492,0.469637,0.0963424,,30,9,74,14650,0.0,0.465532,0.0269881,0.537304,0.0992391,,29,9,70,14460,0.0,0.433772,0.0229922,0.41278,0.108698,,2,9,90,14556,0.0,0.522557,0.02872,0.412276,0.103344,,35,9,94,14393,0.0,0.53743,0.0288121,0.469375,0.098649,,45,9,76,14599,0.0,0.47282,0.0256451,0.384924,0.106812,,47,9,58,14504,0.0,0.385327,0.0200401,0.419943,0.0967639,,46,9,48,14474,0.0,0.319321,0.0172857,0.555441,0.0862978,,40,9,70,14549,0.0,0.42997,0.0231816,0.414115,0.095003,,34,9,66,14584,0.0,0.422523,0.0208782,0.446066,0.100624,,44,9,58,14640,0.0,0.395596,0.0215932,0.403204,0.115246,,42,9,100,14539,0.0,0.563321,0.0304746,0.471365,0.101699,,26,9,72,13978,0.0,0.445474,0.0249252,0.388294,0.100196,,37,9,102,14442,0.0,0.63068,0.03115,0.47481,0.106976,,39,9,60,14569,0.0,0.386229,0.0219674,0.388212,0.103799,,27,9,56,14351,0.0,0.360806,0.0214556,0.502274,0.0942745,,24,9,80,14653,0.0,0.487615,0.0284616,0.410629,0.0998817,,25,9,58,14521,0.0,0.380829,0.0192184,0.416691,0.0978128,,41,9,60,14585,0.0,0.391743,0.0227892,0.40335,0.100949,,33,9,62,14533,0.0,0.403797,0.0207419,0.419006,0.0970346,,38,9,52,14695,0.0,0.358697,0.0184332,0.413305,0.096729,,19,9,34,14640,0.0,0.264178,0.0133291,0.443141,0.0938061,,3,9,42,14766,0.0,0.298879,0.0163897,0.466839,0.0981601,,22,9,68,14583,0.0,0.426809,0.0238068,0.404502,0.101042,,23,9,72,14655,0.0,0.4458,0.0246722,0.395589,0.103787,,21,9,74,14416,0.0,0.453076,0.0241192,0.432682,0.0998679,,16,9,56,14587,0.0,0.357453,0.0214614,0.4093,0.0976988,,18,9,62,14556,0.0,0.401994,0.0216518,0.41207,0.100164,,17,9,56,14718,0.0,0.37758,0.0200017,0.414504,0.100092,,20,9,60,14742,0.0,0.378719,0.022897,0.4264,0.0972323,,14,9,74,14629,0.0,0.461109,0.0250119,0.388071,0.106602,,15,9,102,14648,0.0,0.594577,0.034058,0.532876,0.103503,,13,9,44,14725,0.0,0.308995,0.0168378,0.456864,0.0974128,,10,9,64,14581,0.0,0.426156,0.0220842,0.401489,0.112533,,12,9,66,14765,0.0,0.426103,0.0237316,0.412509,0.105681,,11,9,42,14745,0.0,0.298028,0.0161871,0.473235,0.0979757,,8,9,62,14758,0.0,0.429381,0.020908,0.406427,0.114525,,32,9,46,14596,0.0,0.333588,0.0163998,0.425105,0.108242,,9,9,56,14631,0.0,0.389728,0.0215548,0.409536,0.119298,,,,,,
0,10,140,13730,0.0,0.811615,0.047487,0.428205,0.103808,,28,10,100,14133,0.0,0.571042,0.0347433,0.538739,0.0981307,,1,10,76,14253,0.0,0.466784,0.028172,0.501907,0.0965595,,31,10,40,14505,0.0,0.291305,0.0158764,0.495551,0.091513,,4,10,84,14532,0.0,0.509911,0.0325771,0.432671,0.107269,,5,10,116,14260,0.0,0.643197,0.0375214,0.479657,0.102083,,7,10,130,14041,0.0,0.714265,0.0483121,0.478373,0.100663,,6,10,100,14419,0.0,0.570886,0.035293,0.414072,0.102453,,43,10,58,14519,0.0,0.384481,0.0216515,0.45339,0.100192,,36,10,108,14153,0.0,0.624642,0.0376682,0.512936,0.101578,,30,10,90,14338,0.0,0.569795,0.0347922,0.498794,0.108291,,29,10,94,14185,0.0,0.559585,0.0314355,0.433938,0.121194,,2,10,120,14103,0.0,0.674421,0.0400806,0.465272,0.10586,,35,10,114,13926,0.0,0.646677,0.0417466,0.496357,0.104665,,45,10,114,14359,0.0,0.645485,0.0378455,0.514061,0.106032,,47,10,72,14136,0.0,0.455175,0.0237723,0.452168,0.0967395,,46,10,50,14157,0.0,0.338988,0.0192105,0.554357,0.088689,,40,10,78,14231,0.0,0.46856,0.0254302,0.439608,0.0943716,,34,10,100,14366,0.0,0.591975,0.0335856,0.488101,0.100151,,44,10,70,14361,0.0,0.446077,0.0257114,0.418438,0.10583,,42,10,134,14174,0.0,0.759369,0.0513182,0.492729,0.104551,,26,10,98,13644,0.0,0.571906,0.0328572,0.40334,0.105171,,37,10,118,13980,0.0,0.671978,0.0475968,0.474914,0.105496,,39,10,90,14432,0.0,0.532407,0.033742,0.402607,0.107486,,27,10,76,14152,0.0,0.481003,0.0299263,0.498123,0.0974599,,24,10,108,14340,0.0,0.613303,0.0358837,0.450234,0.0958456,,25,10,68,14246,0.0,0.433288,0.0227219,0.42139,0.0995785,,41,10,88,14339,0.0,0.529656,0.0342617,0.413951,0.101545,,33,10,68,14132,0.0,0.442605,0.0227411,0.429236,0.10823,,38,10,68,14486,0.0,0.444527,0.0265089,0.442206,0.102205,,19,10,52,14576,0.0,0.350646,0.0198448,0.489851,0.0972712,,3,10,70,14652,0.0,0.437635,0.0269117,0.48033,0.0994543,,22,10,80,14297,0.0,0.484128,0.02747,0.42676,0.103155,,23,10,92,14317,0.0,0.537364,0.0308438,0.414975,0.101242,,21,10,88,14093,0.0,0.525699,0.0284875,0.474207,0.102353,,16,10,78,14432,0.0,0.473041,0.0294318,0.435684,0.106163,,18,10,82,14249,0.0,0.509277,0.0275883,0.421636,0.111292,,17,10,64,14431,0.0,0.412807,0.0235338,0.43389,0.101792,,20,10,84,14481,0.0,0.495902,0.032451,0.433244,0.10117,,14,10,100,14305,0.0,0.583993,0.0333334,0.401411,0.109634,,15,10,120,14144,0.0,0.683965,0.0450714,0.467317,0.105354,,13,10,62,14602,0.0,0.398958,0.023936,0.466616,0.101917,,10,10,94,14414,0.0,0.559435,0.0315631,0.420452,0.111359,,12,10,94,14494,0.0,0.583621,0.0361888,0.414412,0.12701,,11,10,52,14586,0.0,0.346684,0.019754,0.491254,0.0943728,,8,10,82,14397,0.0,0.523457,0.0276641,0.424331,0.111728,,32,10,52,14392,0.0,0.344665,0.0191239,0.458921,0.0916801,,9,10,66,14386,0.0,0.421624,0.0258113,0.423763,0.102347,,,,,,
0,11,142,12841,0.0,0.924599,0.0532917,0.484256,0.106082,,28,11,122,13703,0.0,0.716102,0.0467882,0.51383,0.0962138,,1,11,94,13860,0.0,0.577987,0.0371312,0.494086,0.100016,,31,11,52,14382,0.0,0.359461,0.0207577,0.514703,0.104483,,4,11,112,14123,0.0,0.64847,0.041836,0.422002,0.110211,,5,11,152,13740,0.0,0.889215,0.0580928,0.492143,0.10763,,7,11,162,13417,0.0,0.955034,0.0631186,0.419054,0.102747,,6,11,132,13941,0.0,0.756524,0.0447163,0.442376,0.100607,,43,11,86,14273,0.0,0.520463,0.0335487,0.462467,0.103114,,36,11,134,13646,0.0,0.788525,0.0525879,0.497616,0.0981074,,30,11,106,13939,0.0,0.661173,0.0391773,0.463799,0.102764,,29,11,128,13836,0.0,0.713465,0.0445508,0.483788,0.105012,,2,11,162,13680,0.0,0.986111,0.0611146,0.462015,0.152131,,35,11,120,13303,0.0,0.684767,0.0461274,0.435912,0.103346,,45,11,164,13851,0.0,1.02497,0.0602709,0.468984,0.109442,,47,11,90,13791,0.0,0.539384,0.029464,0.46897,0.0969673,,46,11,56,13930,0.0,0.364399,0.0214171,0.546756,0.0907953,,40,11,90,13838,0.0,0.531743,0.0294564,0.4514,0.0970822,,34,11,104,13780,0.0,0.62088,0.0402712,0.509366,0.0990819,,44,11,94,14124,0.0,0.571877,0.0336411,0.425926,0.106554,,42,11,162,13441,0.0,0.964645,0.0625099,0.415617,0.109098,,26,11,120,13025,0.0,0.68204,0.0411456,0.424462,0.0946252,,37,11,134,13371,0.0,0.799959,0.0493548,0.417389,0.10613,,39,11,114,13981,0.0,0.645389,0.0417698,0.42094,0.105865,,27,11,104,13887,0.0,0.642629,0.0404071,0.485234,0.100585,,24,11,132,13824,0.0,0.748488,0.0468971,0.517596,0.0961896,,25,11,88,13947,0.0,0.526589,0.0325679,0.453527,0.0963406,,41,11,114,14035,0.0,0.655246,0.0420803,0.440572,0.10012,,33,11,84,13866,0.0,0.50674,0.0312488,0.456372,0.095971,,38,11,106,14285,0.0,0.63648,0.0387507,0.450016,0.103139,,19,11,68,14325,0.0,0.433488,0.0263405,0.507829,0.0971911,,3,11,82,14276,0.0,0.505142,0.032203,0.485599,0.0975078,,22,11,102,13983,0.0,0.596783,0.0374309,0.445124,0.102152,,23,11,118,13898,0.0,0.667883,0.0399068,0.441133,0.0982882,,21,11,106,13692,0.0,0.610481,0.0379862,0.506929,0.099678,,16,11,112,14128,0.0,0.634353,0.0403116,0.435558,0.102997,,18,11,102,13766,0.0,0.605202,0.0353907,0.435873,0.103842,,17,11,84,14079,0.0,0.516828,0.0316958,0.442799,0.10735,,20,11,102,14024,0.0,0.597134,0.0382843,0.437057,0.105789,,14,11,132,13832,0.0,0.741013,0.0449264,0.440326,0.103966,,15,11,126,13424,0.0,0.76819,0.0479763,0.453688,0.0989069,,13,11,86,14364,0.0,0.529627,0.0314421,0.4743,0.102131,,10,11,112,13901,0.0,0.655805,0.0386715,0.431387,0.10731,,12,11,124,14109,0.0,0.716722,0.0413218,0.43715,0.104355,,11,11,64,14313,0.0,0.407933,0.024959,0.508467,0.0966185,,8,11,92,13860,0.0,0.573114,0.0303884,0.431306,0.106331,,32,11,70,14230,0.0,0.433872,0.0275785,0.489781,0.0926047,,9,11,96,14155,0.0,0.572172,0.0373871,0.443179,0.102074,,,,,,
0,12,172,12215,0.0,1.13629,0.0630865,0.385468,0.0910471,,28,12,150,13152,0.0,0.984971,0.0553792,0.44285,0.0928084,,1,12,102,13295,0.0,0.678389,0.0374021,0.450769,0.0915766,,31,12,76,14223,0.0,0.485033,0.0307912,0.521256,0.101127,,4,12,142,13476,0.0,0.865687,0.0510985,0.416533,0.10492,,5,12,170,13071,0.0,1.11318,0.0630168,0.389882,0.0982325,,7,12,184,12508,0.0,1.20708,0.0653759,0.371382,0.0968808,,6,12,178,13404,0.0,1.13501,0.0661837,0.520539,0.0986887,,43,12,114,13885,0.0,0.697988,0.0423023,0.444599,0.105228,,36,12,144,13093,0.0,0.930646,0.0536204,0.409654,0.0962716,,30,12,112,13352,0.0,0.756757,0.0402318,0.422421,0.0998673,,29,12,160,13216,0.0,1.03623,0.0586372,0.446008,0.102514,,2,12,194,13054,0.0,1.27075,0.0696961,0.394092,0.107892,,35,12,154,12746,0.0,0.993094,0.0562012,0.39183,0.0928007,,45,12,188,13181,0.0,1.20067,0.0795184,0.383442,0.101261,,47,12,100,13294,0.0,0.64952,0.0327905,0.454036,0.0944224,,46,12,82,13744,0.0,0.548563,0.0315422,0.497273,0.0956796,,40,12,114,13510,0.0,0.752685,0.0385822,0.444579,0.106132,,34,12,126,13316,0.0,0.807399,0.048764,0.488146,0.0958795,,44,12,124,13712,0.0,0.787421,0.0463099,0.420466,0.104409,,42,12,200,12636,0.0,1.31976,0.0707411,0.388394,0.0941754,,26,12,140,12068,0.0,0.874352,0.0529848,0.406212,0.0946368,,37,12,154,12651,0.0,1.02,0.0560503,0.388271,0.0957788,,39,12,166,13564,0.0,1.029,0.0563443,0.480475,0.10436,,27,12,122,13492,0.0,0.80698,0.0449495,0.441709,0.104492,,24,12,150,13193,0.0,0.971007,0.0592056,0.46522,0.0968982,,25,12,110,13454,0.0,0.758115,0.0388696,0.446414,0.114886,,41,12,138,13542,0.0,0.875787,0.0472541,0.454086,0.107075,,33,12,102,13565,0.0,0.673003,0.0366572,0.450417,0.100226,,38,12,152,13905,0.0,0.933052,0.0543954,0.444668,0.104491,,19,12,92,14056,0.0,0.571101,0.0364902,0.484989,0.101221,,3,12,110,13981,0.0,0.691921,0.0423632,0.482642,0.0993696,,22,12,128,13461,0.0,0.812703,0.0426031,0.440869,0.108505,,23,12,150,13321,0.0,0.945475,0.0531747,0.464241,0.0954006,,21,12,146,13131,0.0,0.937054,0.0536042,0.463129,0.0950205,,16,12,144,13644,0.0,0.879573,0.0504318,0.435657,0.0993947,,18,12,116,13061,0.0,0.754022,0.0402237,0.421902,0.0978842,,17,12,100,13671,0.0,0.602878,0.0381044,0.441531,0.102084,,20,12,126,13548,0.0,0.775468,0.0442835,0.436574,0.101502,,14,12,190,13401,0.0,1.20439,0.0716794,0.461894,0.100107,,15,12,158,12774,0.0,1.05119,0.0558322,0.422091,0.0925958,,13,12,114,14060,0.0,0.701364,0.0428212,0.44897,0.10806,,10,12,136,13389,0.0,0.86729,0.0471145,0.449688,0.110855,,12,12,156,13607,0.0,1.02893,0.0570054,0.512681,0.106308,,11,12,90,14126,0.0,0.545097,0.0375656,0.508046,0.0973215,,8,12,130,13601,0.0,0.897305,0.0440939,0.427003,0.11035,,32,12,96,13980,0.0,0.60489,0.035185,0.493262,0.103106,,9,12,138,13834,0.0,0.84691,0.0525654,0.440329,0.104817,,,,,,
0,13,176,11167,0.0,1.24912,0.063478,0.342345,0.082992,,28,13,172,12395,0.0,1.22052,0.0603995,0.421112,0.0935905,,1,13,136,12911,0.0,0.92447,0.0516117,0.430187,0.0936508,,31,13,110,14013,0.0,0.711959,0.0466035,0.471681,0.102242,,4,13,170,12736,0.0,1.12174,0.0617857,0.393219,0.0961424,,5,13,190,12124,0.0,1.33218,0.0660324,0.366704,0.0921222,,7,13,238,11772,0.0,1.69669,0.0855366,0.348696,0.0904563,,6,13,196,12407,0.0,1.34026,0.0690726,0.373022,0.0934511,,43,13,152,13464,0.0,1.01131,0.0539348,0.414797,0.105581,,36,13,166,12355,0.0,1.1596,0.0597024,0.384408,0.091615,,30,13,138,12828,0.0,0.957437,0.0491328,0.406569,0.0986059,,29,13,178,12424,0.0,1.21823,0.0647439,0.37885,0.0937935,,2,13,196,11832,0.0,1.40295,0.0676105,0.353304,0.0934192,,35,13,184,12036,0.0,1.28078,0.0648082,0.376086,0.0857039,,45,13,214,12170,0.0,1.5095,0.0786142,0.360864,0.0919253,,47,13,116,12814,0.0,0.80113,0.0399141,0.426983,0.0910187,,46,13,112,13345,0.0,0.760606,0.0399649,0.434991,0.0943826,,40,13,102,12833,0.0,0.698116,0.0383239,0.413669,0.0978082,,34,13,156,12645,0.0,1.04018,0.0583903,0.400289,0.094598,,44,13,164,13228,0.0,1.08211,0.0569272,0.399669,0.10353,,42,13,214,11557,0.0,1.53203,0.0768263,0.349975,0.0861653,,26,13,156,10811,0.0,1.02754,0.0582112,0.338365,0.0807879,,37,13,166,11810,0.0,1.17231,0.0604498,0.423449,0.085888,,39,13,204,12781,0.0,1.41752,0.0758999,0.389957,0.099313,,27,13,166,12918,0.0,1.16545,0.0580293,0.416553,0.0962925,,24,13,148,12252,0.0,1.00173,0.051034,0.37722,0.0914942,,25,13,126,12852,0.0,0.860427,0.0436945,0.414543,0.100536,,41,13,174,12779,0.0,1.15367,0.063849,0.41237,0.0951025,,33,13,128,13021,0.0,0.876995,0.0443123,0.415054,0.097296,,38,13,166,12967,0.0,1.0955,0.060907,0.409449,0.0974689,,19,13,134,13751,0.0,0.870079,0.0510635,0.445654,0.0991994,,3,13,120,13381,0.0,0.808027,0.0431954,0.465654,0.0929239,,22,13,166,12996,0.0,1.09884,0.0634789,0.411488,0.0947846,,23,13,188,12684,0.0,1.26651,0.070918,0.408108,0.0969654,,21,13,164,12411,0.0,1.10743,0.061735,0.40169,0.08895,,16,13,160,12881,0.0,1.0742,0.0577247,0.404858,0.0995492,,18,13,142,12472,0.0,0.946795,0.0512689,0.382169,0.0986857,,17,13,116,13174,0.0,0.782918,0.0424659,0.405211,0.0987199,,20,13,158,13054,0.0,1.04978,0.0542178,0.407429,0.095802,,14,13,198,12288,0.0,1.35505,0.0711527,0.367204,0.0937353,,15,13,164,11872,0.0,1.18414,0.0566673,0.402097,0.0836513,,13,13,158,13598,0.0,1.04312,0.0565544,0.407734,0.104772,,10,13,172,12856,0.0,1.12993,0.0651479,0.394715,0.105607,,12,13,198,12961,0.0,1.34952,0.0748014,0.403291,0.0966566,,11,13,126,13700,0.0,0.818026,0.047511,0.45389,0.0961083,,8,13,154,12645,0.0,1.02116,0.0560669,0.390595,0.0994692,,32,13,98,13409,0.0,0.677329,0.0362276,0.453233,0.0930761,,9,13,170,13174,0.0,1.1421,0.0588425,0.413268,0.103241,,,,,,
0,14,198,10286,0.0,1.46299,0.0671568,0.308167,0.078602,,28,14,184,11479,0.0,1.33701,0.064732,0.385941,0.0801685,,1,14,140,12185,0.0,1.01694,0.0500762,0.40931,0.0870124,,31,14,136,13565,0.0,0.898424,0.0497835,0.43109,0.102321,,4,14,200,11872,0.0,1.43907,0.0723831,0.358378,0.0891834,,5,14,198,11141,0.0,1.41316,0.0727021,0.339442,0.0857349,,7,14,248,10372,0.0,1.82706,0.0869154,0.300966,0.0811399,,6,14,204,11327,0.0,1.46386,0.0725205,0.340445,0.0882355,,43,14,174,12687,0.0,1.2201,0.0625745,0.399191,0.0927932,,36,14,172,11473,0.0,1.23588,0.0608005,0.341572,0.0880451,,30,14,148,12132,0.0,1.06482,0.0524835,0.380232,0.0929849,,29,14,180,11441,0.0,1.29843,0.0609486,0.34881,0.0851911,,2,14,210,10876,0.0,1.52539,0.0745668,0.327932,0.08363,,35,14,198,10903,0.0,1.42832,0.0691037,0.331569,0.0808442,,45,14,222,11031,0.0,1.61541,0.0820917,0.331491,0.0832207,,47,14,144,12308,0.0,1.03022,0.051688,0.388233,0.0906173,,46,14,130,12862,0.0,0.939734,0.045389,0.400163,0.0930924,,40,14,112,12218,0.0,0.800761,0.0386858,0.386891,0.0916247,,34,14,178,11905,0.0,1.27028,0.0642968,0.372691,0.0904266,,44,14,218,12527,0.0,1.57081,0.0749812,0.373276,0.101846,,42,14,236,10428,0.0,1.73946,0.0821808,0.308843,0.0781586,,26,14,164,8783,0.0,1.17666,0.0595595,0.270533,0.0664522,,37,14,196,10982,0.0,1.39421,0.0707731,0.329974,0.087865,,39,14,204,11540,0.0,1.53012,0.0722711,0.34182,0.10224,,27,14,198,12128,0.0,1.44021,0.07182,0.381875,0.0928637,,24,14,150,11592,0.0,1.07635,0.0523791,0.349986,0.0887476,,25,14,122,12169,0.0,0.877659,0.0436493,0.379963,0.0885104,,41,14,204,11973,0.0,1.46256,0.0766458,0.371047,0.088918,,33,14,152,12321,0.0,1.09133,0.0555799,0.386685,0.0885595,,38,14,174,12184,0.0,1.27421,0.062888,0.379614,0.096075,,19,14,168,12983,0.0,1.1633,0.0597585,0.409751,0.096308,,3,14,120,12774,0.0,0.855761,0.0429536,0.458755,0.0879881,,22,14,174,12075,0.0,1.27606,0.0637754,0.372126,0.0930327,,23,14,204,11609,0.0,1.46535,0.0739064,0.351918,0.0871409,,21,14,194,11739,0.0,1.40291,0.0679275,0.369652,0.0886553,,16,14,174,12070,0.0,1.26354,0.0636928,0.374619,0.0885308,,18,14,174,11960,0.0,1.23741,0.0586995,0.359309,0.0887616,,17,14,162,12722,0.0,1.12577,0.0575454,0.386774,0.0973448,,20,14,188,12277,0.0,1.35861,0.0643448,0.379038,0.0905622,,14,14,236,11436,0.0,1.70048,0.084336,0.340517,0.0863705,,15,14,184,10844,0.0,1.34149,0.0665176,0.369131,0.0818959,,13,14,190,12676,0.0,1.33124,0.0661094,0.379747,0.0969733,,10,14,232,12140,0.0,1.63793,0.0874518,0.359466,0.0903626,,12,14,220,11868,0.0,1.59441,0.0747266,0.357031,0.0888006,,11,14,152,13017,0.0,1.04467,0.0537504,0.415619,0.094952,,8,14,206,12142,0.0,1.46815,0.0760394,0.371304,0.0945025,,32,14,110,13020,0.0,0.758554,0.0380077,0.423859,0.0912945,,9,14,196,12443,0.0,1.41865,0.0727585,0.383759,0.0948848,,,,,,
0,15,200,9036,0.0,1.56139,0.0714104,0.27298,0.0713883,,28,15,168,10341,0.0,1.29279,0.0639388,0.346276,0.0721175,,1,15,138,11389,0.0,1.02019,0.0495967,0.358107,0.0840961,,31,15,174,12855,0.0,1.25161,0.064292,0.400101,0.0965253,,4,15,212,10690,0.0,1.56802,0.0794413,0.319255,0.0808351,,5,15,214,10041,0.0,1.63588,0.0750799,0.304075,0.0760795,,7,15,258,8994,0.0,2.01084,0.0896816,0.260966,0.0707027,,6,15,194,10240,0.0,1.46881,0.0683641,0.309745,0.0818245,,43,15,194,11832,0.0,1.38202,0.0715532,0.364087,0.0867839,,36,15,194,10665,0.0,1.46779,0.0698452,0.324126,0.0828952,,30,15,158,11264,0.0,1.17914,0.0538844,0.351032,0.08154,,29,15,196,10430,0.0,1.46335,0.0716616,0.317373,0.0830811,,2,15,214,9819,0.0,1.65561,0.0773599,0.294194,0.0761387,,35,15,216,9762,0.0,1.64482,0.0812375,0.289219,0.074585,,45,15,238,9907,0.0,1.84892,0.0865158,0.29278,0.0763105,,47,15,168,11785,0.0,1.22062,0.059135,0.361833,0.0901501,,46,15,168,12115,0.0,1.2077,0.0612616,0.3705,0.0921595,,40,15,146,11750,0.0,1.05594,0.0477606,0.362204,0.0919552,,34,15,202,10911,0.0,1.49569,0.0714133,0.335052,0.0800901,,44,15,236,11485,0.0,1.73354,0.0850117,0.33454,0.0876455,,42,15,218,8924,0.0,1.71099,0.0755285,0.263483,0.0690419,,26,15,158,7601,0.0,1.13647,0.0542432,0.235786,0.0575089,,37,15,242,10140,0.0,1.84201,0.0852493,0.300569,0.0789833,,39,15,234,10624,0.0,1.81506,0.0824872,0.320031,0.0815182,,27,15,216,11025,0.0,1.63714,0.0782397,0.361876,0.0797597,,24,15,184,10945,0.0,1.35429,0.0656066,0.325137,0.0854892,,25,15,150,11648,0.0,1.08106,0.0535106,0.350835,0.0885378,,41,15,222,10808,0.0,1.64486,0.0754625,0.327586,0.0835883,,33,15,162,11515,0.0,1.18302,0.0578931,0.358574,0.0844823,,38,15,168,11285,0.0,1.23063,0.0591153,0.340988,0.0884627,,19,15,166,11960,0.0,1.26351,0.0602234,0.371966,0.0948466,,3,15,152,12269,0.0,1.10265,0.0510802,0.419802,0.0857265,,22,15,188,11207,0.0,1.38018,0.0673038,0.337384,0.090711,,23,15,228,10522,0.0,1.70972,0.0793347,0.314063,0.0787608,,21,15,206,10844,0.0,1.54193,0.0711567,0.338093,0.0810384,,16,15,188,11029,0.0,1.3824,0.0654837,0.344144,0.0858941,,18,15,188,10721,0.0,1.34081,0.0680625,0.322346,0.0828061,,17,15,178,11917,0.0,1.28223,0.0621906,0.353275,0.0906361,,20,15,226,11370,0.0,1.6591,0.0802328,0.350004,0.0853394,,14,15,240,10039,0.0,1.84588,0.0839193,0.305621,0.0743101,,15,15,176,9761,0.0,1.3444,0.0640039,0.328227,0.0695089,,13,15,224,11759,0.0,1.60673,0.0829533,0.354261,0.0925287,,10,15,276,10958,0.0,2.05803,0.0962385,0.320202,0.0825253,,12,15,234,10179,0.0,1.76642,0.0834741,0.311504,0.0769434,,11,15,176,12148,0.0,1.27206,0.061533,0.381258,0.0879074,,8,15,266,11037,0.0,1.96511,0.0950346,0.327369,0.0856661,,32,15,130,12418,0.0,0.956466,0.0486286,0.40798,0.091242,,9,15,210,11372,0.0,1.55679,0.0757685,0.340014,0.0881695,,,,,,
0,16,206,7928,0.0,1.63636,0.0723015,0.237586,0.064344,,28,16,154,9379,0.0,1.23803,0.0521973,0.313392,0.0761636,,1,16,162,10681,0.0,1.24282,0.0587341,0.34689,0.076665,,31,16,192,11968,0.0,1.41896,0.0682472,0.366861,0.0926135,,4,16,210,9437,0.0,1.63441,0.0757311,0.283912,0.0703774,,5,16,204,8565,0.0,1.60654,0.0724509,0.260588,0.0655333,,7,16,252,7551,0.0,2.01454,0.0886395,0.225782,0.0618089,,6,16,210,9051,0.0,1.64508,0.073612,0.271928,0.07247,,43,16,228,10775,0.0,1.73539,0.0822113,0.324902,0.0807701,,36,16,212,9579,0.0,1.66317,0.0768887,0.288337,0.0763549,,30,16,178,10393,0.0,1.39109,0.063764,0.317671,0.0773536,,29,16,184,9211,0.0,1.45622,0.0629275,0.275027,0.0715009,,2,16,224,8219,0.0,1.77711,0.0838269,0.246658,0.0645786,,35,16,208,8212,0.0,1.63713,0.073474,0.248625,0.0672367,,45,16,252,8638,0.0,2.00583,0.0866887,0.257582,0.0677387,,47,16,184,10975,0.0,1.46099,0.0646168,0.338858,0.0835693,,46,16,188,11282,0.0,1.43669,0.0658503,0.342937,0.0899048,,40,16,158,10936,0.0,1.17058,0.0580766,0.332513,0.0831613,,34,16,206,9897,0.0,1.61637,0.0741585,0.302737,0.0726676,,44,16,244,9973,0.0,1.90542,0.0884068,0.293311,0.0798724,,42,16,210,7492,0.0,1.68246,0.0684453,0.218067,0.0582426,,26,16,132,5916,0.0,0.988291,0.0471081,0.181919,0.0452253,,37,16,242,8672,0.0,1.9201,0.0877402,0.259754,0.0681992,,39,16,226,9203,0.0,1.82941,0.0825295,0.277321,0.0732868,,27,16,212,9808,0.0,1.66597,0.0751266,0.328113,0.0714124,,24,16,198,9754,0.0,1.53842,0.0701662,0.294227,0.0749353,,25,16,196,10908,0.0,1.45837,0.0667668,0.326334,0.0846417,,41,16,216,9502,0.0,1.69286,0.0774206,0.287871,0.0735345,,33,16,182,10749,0.0,1.3766,0.0643273,0.33899,0.0807129,,38,16,184,10325,0.0,1.40675,0.068448,0.318049,0.0827758,,19,16,178,10938,0.0,1.33959,0.0636793,0.34286,0.0845609,,3,16,174,11508,0.0,1.29605,0.0610889,0.375634,0.0818137,,22,16,194,10139,0.0,1.50089,0.0704219,0.308163,0.0801918,,23,16,228,9464,0.0,1.79455,0.0792616,0.286643,0.0732698,,21,16,202,9446,0.0,1.60245,0.0715492,0.285593,0.0794375,,16,16,192,9985,0.0,1.47649,0.070249,0.308221,0.074515,,18,16,214,9607,0.0,1.63954,0.0764522,0.289179,0.0731527,,17,16,216,11237,0.0,1.61843,0.0777128,0.337142,0.0885071,,20,16,230,9976,0.0,1.79472,0.0818837,0.301964,0.0760216,,14,16,222,8602,0.0,1.77371,0.0792235,0.25782,0.0683425,,15,16,166,8578,0.0,1.30916,0.0574722,0.283823,0.0625597,,13,16,258,10717,0.0,1.97997,0.0954654,0.322404,0.0835915,,10,16,278,9514,0.0,2.19349,0.0992129,0.283679,0.0723461,,12,16,226,8824,0.0,1.77705,0.0800341,0.271754,0.067653,,11,16,182,11424,0.0,1.34984,0.0634525,0.358697,0.0807721,,8,16,224,9033,0.0,1.75659,0.0782428,0.269178,0.0714943,,32,16,126,11702,0.0,0.924366,0.0444188,0.373123,0.084764,,9,16,232,10238,0.0,1.81717,0.081523,0.311589,0.0769372,,,,,,
0,17,194,6714,0.0,1.56399,0.0694928,0.206921,0.0543882,,28,17,164,8623,0.0,1.3186,0.0584086,0.281154,0.0622083,,1,17,146,9772,0.0,1.15111,0.0529892,0.313047,0.0698771,,31,17,228,11015,0.0,1.78774,0.0842937,0.339806,0.0855599,,4,17,200,8220,0.0,1.58591,0.0674513,0.24564,0.0629145,,5,17,210,7463,0.0,1.68336,0.075915,0.22789,0.0576647,,7,17,236,6200,0.0,1.88102,0.085673,0.185249,0.0495363,,6,17,198,7814,0.0,1.56108,0.0711047,0.23422,0.0610455,,43,17,232,9389,0.0,1.83619,0.0816224,0.281318,0.0726568,,36,17,212,8342,0.0,1.67827,0.0747741,0.250997,0.0675182,,30,17,192,9325,0.0,1.5291,0.0701303,0.282591,0.072978,,29,17,196,8258,0.0,1.56673,0.0702331,0.24566,0.0658489,,2,17,212,7008,0.0,1.70843,0.0763476,0.21236,0.0558092,,35,17,204,7197,0.0,1.61832,0.0733367,0.21859,0.055968,,45,17,256,7070,0.0,2.06009,0.077478,0.2035,0.0562844,,47,17,192,10075,0.0,1.50626,0.0662238,0.303217,0.0761321,,46,17,210,10492,0.0,1.71527,0.0737248,0.317458,0.0796037,,40,17,162,10065,0.0,1.2665,0.0567345,0.303503,0.0798428,,34,17,218,8594,0.0,1.75323,0.07731,0.25923,0.0667668,,44,17,244,8686,0.0,1.93519,0.0804187,0.250043,0.0662163,,42,17,194,6314,0.0,1.58434,0.0649027,0.183074,0.0487079,,26,17,130,4894,0.0,1.00982,0.0444382,0.148571,0.0379317,,37,17,240,7183,0.0,1.99202,0.08814,0.215512,0.0586544,,39,17,210,7708,0.0,1.6782,0.0766502,0.234236,0.0607002,,27,17,190,8362,0.0,1.52888,0.0674149,0.27068,0.0622307,,24,17,218,8817,0.0,1.72808,0.0806364,0.268754,0.0678876,,25,17,206,9821,0.0,1.62701,0.0695865,0.292342,0.0761034,,41,17,194,8133,0.0,1.56055,0.0650276,0.239895,0.0623814,,33,17,184,9674,0.0,1.45182,0.0648678,0.298992,0.0746451,,38,17,182,9007,0.0,1.43529,0.0658206,0.277408,0.0720483,,19,17,206,10177,0.0,1.61577,0.0702784,0.311096,0.0759294,,3,17,170,10387,0.0,1.36433,0.0608903,0.334902,0.0737589,,22,17,220,9302,0.0,1.74753,0.0795724,0.279548,0.0732549,,23,17,204,8080,0.0,1.61061,0.0741652,0.24749,0.0610591,,21,17,194,8337,0.0,1.55858,0.0675484,0.251342,0.0653431,,16,17,224,8872,0.0,1.78304,0.0794417,0.271177,0.071653,,18,17,228,8465,0.0,1.80817,0.0816939,0.251496,0.0662175,,17,17,240,10131,0.0,1.8898,0.0820821,0.303421,0.0807712,,20,17,230,8637,0.0,1.83135,0.0834375,0.259318,0.0677887,,14,17,206,7366,0.0,1.6628,0.0714047,0.224621,0.0562544,,15,17,148,7502,0.0,1.19502,0.0516268,0.244108,0.0558643,,13,17,252,9255,0.0,2.00404,0.0915084,0.272381,0.071777,,10,17,290,7948,0.0,2.3275,0.100947,0.238691,0.0612234,,12,17,218,7566,0.0,1.74425,0.0795229,0.234387,0.0588776,,11,17,210,10360,0.0,1.65254,0.0761742,0.320906,0.0759146,,8,17,200,7234,0.0,1.59081,0.0713381,0.215675,0.0571155,,32,17,144,11186,0.0,1.10147,0.0491257,0.361074,0.0843116,,9,17,214,8863,0.0,1.70479,0.0783523,0.266527,0.0693042,,,,,,
0,18,178,5666,0.0,1.4185,0.0651847,0.169443,0.0452559,,28,18,170,7701,0.0,1.38174,0.0614667,0.254347,0.0593311,,1,18,160,9035,0.0,1.28329,0.0571044,0.284,0.068421,,31,18,222,9853,0.0,1.77613,0.0800472,0.293079,0.0763607,,4,18,194,7108,0.0,1.56773,0.0691433,0.214148,0.0569874,,5,18,186,5999,0.0,1.46996,0.0647371,0.180749,0.0497513,,7,18,196,4661,0.0,1.56601,0.0679419,0.139654,0.0381294,,6,18,186,6759,0.0,1.4975,0.0651397,0.203867,0.0559954,,43,18,250,8130,0.0,2.01423,0.0885899,0.245916,0.06398,,36,18,200,7258,0.0,1.60261,0.0708889,0.222917,0.0591594,,30,18,208,8363,0.0,1.6723,0.0723753,0.25318,0.0675735,,29,18,194,6965,0.0,1.5729,0.0707932,0.20485,0.0565574,,2,18,198,5679,0.0,1.58102,0.069838,0.167818,0.0454321,,35,18,174,5948,0.0,1.3784,0.0644515,0.180873,0.0464962,,45,18,222,5511,0.0,1.80725,0.0779009,0.164643,0.0439223,,47,18,194,8588,0.0,1.54068,0.0672903,0.255101,0.0667956,,46,18,232,9489,0.0,1.85677,0.0850136,0.286678,0.0761604,,40,18,178,9256,0.0,1.41252,0.0637694,0.283881,0.0714757,,34,18,210,7299,0.0,1.7044,0.0661753,0.210568,0.0594068,,44,18,222,7182,0.0,1.77056,0.0783568,0.214216,0.0555236,,42,18,170,4826,0.0,1.37047,0.0568166,0.141407,0.0393097,,26,18,106,3744,0.0,0.828013,0.0382621,0.116851,0.0284547,,37,18,200,5842,0.0,1.60323,0.0680544,0.171374,0.0468213,,39,18,208,6567,0.0,1.76243,0.0748386,0.196439,0.0655536,,27,18,184,7359,0.0,1.45941,0.0676803,0.234649,0.0562452,,24,18,232,7613,0.0,1.86025,0.0841748,0.232097,0.0579674,,25,18,200,8444,0.0,1.60758,0.0647398,0.246476,0.0653644,,41,18,170,6894,0.0,1.39298,0.0579554,0.196715,0.0539464,,33,18,188,8691,0.0,1.51316,0.0644742,0.262516,0.0696557,,38,18,190,8118,0.0,1.51193,0.0703152,0.250223,0.0629314,,19,18,198,8878,0.0,1.5938,0.0647557,0.266834,0.0690228,,3,18,186,9423,0.0,1.49742,0.06329,0.298238,0.0774217,,22,18,210,8046,0.0,1.69454,0.0765082,0.241541,0.064465,,23,18,192,7061,0.0,1.53797,0.0709674,0.219093,0.0545299,,21,18,204,7442,0.0,1.6568,0.0637277,0.221762,0.0580786,,16,18,216,7780,0.0,1.74759,0.0750343,0.23693,0.0602087,,18,18,206,6954,0.0,1.6533,0.0738372,0.209696,0.0536846,,17,18,236,8529,0.0,1.89221,0.0857983,0.258849,0.0699065,,20,18,202,7114,0.0,1.64008,0.0703379,0.203301,0.0559066,,14,18,190,6309,0.0,1.50454,0.0683973,0.192237,0.0500069,,15,18,142,6764,0.0,1.18849,0.0486298,0.205848,0.0510445,,13,18,254,7755,0.0,2.04473,0.0810358,0.218864,0.061887,,10,18,272,6100,0.0,2.19851,0.0896996,0.179873,0.0492061,,12,18,186,5956,0.0,1.46554,0.0691102,0.185828,0.0507507,,11,18,204,9111,0.0,1.64927,0.0729011,0.276108,0.0690442,,8,18,204,6277,0.0,1.65503,0.0720192,0.186874,0.0513647,,32,18,168,10538,0.0,1.33623,0.0591146,0.330503,0.0781301,,9,18,180,7353,0.0,1.46862,0.0643483,0.216924,0.0579833,,,,,,
0,19,152,4647,0.0,1.2145,0.0562146,0.138889,0.0370524,,28,19,162,6876,0.0,1.2925,0.0560066,0.214407,0.0532472,,1,19,174,8115,0.0,1.42486,0.0516577,0.242025,0.0622239,,31,19,230,8618,0.0,1.85935,0.0767129,0.254428,0.067486,,4,19,200,5827,0.0,1.59932,0.0718303,0.173655,0.0470888,,5,19,170,5046,0.0,1.37177,0.0619806,0.15394,0.0403423,,7,19,152,3406,0.0,1.25266,0.054127,0.105049,0.027652,,6,19,186,5746,0.0,1.50973,0.0677742,0.170666,0.0438184,,43,19,242,6819,0.0,1.93136,0.0852935,0.201955,0.0553451,,36,19,180,5912,0.0,1.45392,0.0656824,0.177867,0.0467989,,30,19,228,7244,0.0,1.8149,0.0818084,0.214538,0.0565588,,29,19,180,5925,0.0,1.45728,0.0609534,0.175543,0.0529307,,2,19,170,4494,0.0,1.3557,0.0594157,0.135019,0.0354214,,35,19,174,4966,0.0,1.41023,0.0602725,0.148675,0.0398231,,45,19,178,4116,0.0,1.45646,0.0652487,0.122156,0.0331985,,47,19,188,7229,0.0,1.53093,0.0658717,0.217478,0.0581361,,46,19,216,8131,0.0,1.71798,0.079186,0.243866,0.0640533,,40,19,192,8361,0.0,1.53715,0.0714966,0.257672,0.0637629,,34,19,196,6237,0.0,1.57866,0.0643956,0.188362,0.0505833,,44,19,226,5934,0.0,1.83672,0.0797654,0.175612,0.0464483,,42,19,166,4022,0.0,1.32572,0.0585409,0.120637,0.0334339,,26,19,82,2820,0.0,0.658584,0.0282527,0.0857474,0.0226471,,37,19,184,4643,0.0,1.48513,0.0640064,0.137573,0.0373512,,39,19,176,5190,0.0,1.42295,0.0643119,0.154729,0.0429462,,27,19,156,6122,0.0,1.27029,0.0540579,0.191806,0.0489872,,24,19,200,6082,0.0,1.60395,0.0741445,0.177865,0.0475566,,25,19,190,7386,0.0,1.5551,0.0563411,0.278955,0.0584772,,41,19,170,6029,0.0,1.35538,0.0602055,0.176584,0.048803,,33,19,174,7509,0.0,1.43085,0.0534391,0.218835,0.0604439,,38,19,194,7181,0.0,1.53162,0.0718545,0.216713,0.054859,,19,19,194,7759,0.0,1.58202,0.0595174,0.226405,0.062553,,3,19,176,8310,0.0,1.42217,0.0642562,0.269647,0.0637316,,22,19,226,7031,0.0,1.80944,0.0787029,0.206174,0.0559753,,23,19,196,5771,0.0,1.58763,0.0700587,0.173146,0.0462277,,21,19,164,6250,0.0,1.32797,0.0550574,0.191188,0.0488474,,16,19,198,6286,0.0,1.57918,0.0690723,0.189968,0.0496262,,18,19,206,5807,0.0,1.6297,0.076344,0.177164,0.0453318,,17,19,208,7226,0.0,1.64863,0.0727617,0.220387,0.0574312,,20,19,188,6057,0.0,1.5122,0.0689492,0.176461,0.0473109,,14,19,170,5209,0.0,1.35694,0.0602235,0.157476,0.0422776,,15,19,110,5795,0.0,0.860901,0.0366651,0.185529,0.0433808,,13,19,234,6203,0.0,1.90158,0.0824391,0.182921,0.0488325,,10,19,246,4667,0.0,2.02158,0.0905896,0.138502,0.038598,,12,19,154,4589,0.0,1.23384,0.0571391,0.14332,0.0363742,,11,19,200,7836,0.0,1.63631,0.0590357,0.232846,0.064039,,8,19,176,4891,0.0,1.42199,0.0640755,0.149628,0.0393772,,32,19,174,9684,0.0,1.40744,0.0616524,0.293348,0.0713849,,9,19,166,6264,0.0,1.33219,0.0588209,0.189163,0.0482988,,,,,,
0,20,138,3695,0.0,1.13286,0.0468139,0.111001,0.0296369,,28,20,138,5918,0.0,1.10382,0.0502,0.182536,0.0468833,,1,20,180,7218,0.0,1.52696,0.0640968,0.221998,0.0623034,,31,20,242,7318,0.0,1.96411,0.0856458,0.218559,0.0573253,,4,20,186,4737,0.0,1.48773,0.0672583,0.143041,0.0389619,,5,20,146,4126,0.0,1.16947,0.0522164,0.124263,0.0324675,,7,20,118,2394,0.0,0.945956,0.0395528,0.0740285,0.0204766,,6,20,166,4563,0.0,1.35716,0.0615481,0.134126,0.0358635,,43,20,206,5373,0.0,1.67677,0.0711912,0.161719,0.0455482,,36,20,164,4988,0.0,1.33058,0.0580318,0.154242,0.0394911,,30,20,204,5939,0.0,1.64745,0.0713429,0.176413,0.0459496,,29,20,140,4676,0.0,1.11201,0.0477138,0.143459,0.0420636,,2,20,142,3583,0.0,1.17711,0.0507553,0.110728,0.0279259,,35,20,156,3826,0.0,1.27766,0.0545676,0.116478,0.0312111,,45,20,128,3067,0.0,1.02685,0.0432437,0.0942088,0.0240066,,47,20,178,6081,0.0,1.43257,0.058919,0.180966,0.0496847,,46,20,198,6905,0.0,1.57562,0.0684931,0.2071,0.0534353,,40,20,172,6951,0.0,1.35712,0.0588254,0.20862,0.0557908,,34,20,170,4922,0.0,1.38466,0.0582389,0.149512,0.0404273,,44,20,200,4347,0.0,1.64031,0.0682894,0.124967,0.0345944,,42,20,134,3058,0.0,1.10595,0.0478902,0.0938698,0.0258405,,26,20,64,2226,0.0,0.502893,0.0243704,0.0710679,0.0178402,,37,20,152,3460,0.0,1.24576,0.0544792,0.10507,0.0274666,,39,20,154,4198,0.0,1.26303,0.0549821,0.124497,0.034399,,27,20,158,5331,0.0,1.29167,0.0551929,0.172228,0.0421597,,24,20,180,4976,0.0,1.45486,0.0631048,0.147542,0.0391287,,25,20,204,6375,0.0,1.63859,0.0680145,0.18559,0.0515905,,41,20,180,5281,0.0,1.4289,0.0639923,0.156275,0.0421186,,33,20,164,6682,0.0,1.32201,0.0563797,0.202109,0.0530252,,38,20,178,6021,0.0,1.43764,0.0642399,0.181626,0.0463216,,19,20,198,6694,0.0,1.59468,0.0670307,0.198244,0.0534759,,3,20,164,7424,0.0,1.29941,0.0604008,0.239298,0.0578917,,22,20,194,5692,0.0,1.56946,0.06886,0.165455,0.0440938,,23,20,174,4758,0.0,1.40419,0.0626519,0.146583,0.0370115,,21,20,134,5135,0.0,1.06871,0.0472711,0.15715,0.040113,,16,20,158,4892,0.0,1.25637,0.0559049,0.147319,0.0391759,,18,20,170,4470,0.0,1.36223,0.0602956,0.137283,0.0352498,,17,20,172,5796,0.0,1.38935,0.0614382,0.174684,0.0458357,,20,20,194,5083,0.0,1.57203,0.0686188,0.149499,0.0406869,,14,20,160,4118,0.0,1.32377,0.0560392,0.123946,0.0338573,,15,20,116,5176,0.0,0.952757,0.0412586,0.164034,0.0387475,,13,20,220,5022,0.0,1.81265,0.0766167,0.146449,0.0403554,,10,20,186,3074,0.0,1.52429,0.0663393,0.094915,0.0265426,,12,20,114,3529,0.0,0.919934,0.0409158,0.109619,0.0283207,,11,20,198,6650,0.0,1.59944,0.0651898,0.205616,0.0538662,,8,20,130,3724,0.0,1.04253,0.0481181,0.112278,0.0294868,,32,20,168,8534,0.0,1.37824,0.055847,0.252,0.0642794,,9,20,174,5264,0.0,1.38582,0.0632316,0.15883,0.043621,,,,,,
0,21,136,2988,0.0,1.10062,0.0481487,0.0929172,0.0241374,,28,21,128,5188,0.0,1.02377,0.0469196,0.162003,0.0407143,,1,21,132,5773,0.0,1.11364,0.0462877,0.174353,0.0535158,,31,21,218,6050,0.0,1.79984,0.0752621,0.179167,0.0488848,,4,21,136,3572,0.0,1.1213,0.0488966,0.109135,0.0285728,,5,21,140,3369,0.0,1.15443,0.0501713,0.101699,0.0265023,,7,21,86,1696,0.0,0.713558,0.0297391,0.0540795,0.0155346,,6,21,154,3719,0.0,1.26709,0.0523778,0.110332,0.0292024,,43,21,156,4076,0.0,1.26941,0.0579417,0.125368,0.0337216,,36,21,162,4094,0.0,1.32891,0.0574459,0.125388,0.0331315,,30,21,178,4567,0.0,1.4606,0.062214,0.13449,0.0357126,,29,21,124,3923,0.0,1.0207,0.0449278,0.121005,0.0314356,,2,21,122,2619,0.0,0.991043,0.0450859,0.0803221,0.0215737,,35,21,124,2889,0.0,1.02935,0.0444507,0.0867759,0.0234911,,45,21,102,2248,0.0,0.842426,0.0373113,0.0728909,0.0184853,,47,21,158,5020,0.0,1.26363,0.0548773,0.148664,0.0389125,,46,21,184,5606,0.0,1.51945,0.0672831,0.170926,0.0463353,,40,21,174,6200,0.0,1.40193,0.0632361,0.186913,0.0481051,,34,21,126,3922,0.0,1.04944,0.0420032,0.11845,0.0319275,,44,21,156,3117,0.0,1.25951,0.0567778,0.0961058,0.0255849,,42,21,102,2200,0.0,0.813715,0.0367522,0.0707404,0.0179819,,26,21,56,1919,0.0,0.427188,0.0190219,0.0633509,0.0141593,,37,21,116,2456,0.0,0.945873,0.0400593,0.0730711,0.0201491,,39,21,118,3280,0.0,0.950059,0.04382,0.102004,0.0262463,,27,21,118,4356,0.0,0.990689,0.0389842,0.135097,0.0353518,,24,21,170,3978,0.0,1.39944,0.0568148,0.116872,0.0330122,,25,21,158,5161,0.0,1.30735,0.0545623,0.152034,0.0443861,,41,21,160,4151,0.0,1.32298,0.0574431,0.126078,0.0330955,,33,21,186,5871,0.0,1.48394,0.0671771,0.178498,0.04671,,38,21,146,4896,0.0,1.17783,0.0502015,0.145692,0.0366643,,19,21,180,5510,0.0,1.46527,0.0622995,0.167135,0.0443124,,3,21,130,6357,0.0,1.03869,0.0447154,0.200133,0.0498532,,22,21,182,4573,0.0,1.48879,0.0603594,0.134035,0.0363627,,23,21,144,3659,0.0,1.16718,0.0542222,0.116382,0.0288874,,21,21,128,4416,0.0,1.06396,0.0460616,0.136957,0.0336007,,16,21,130,4007,0.0,1.0648,0.0455447,0.12218,0.0323092,,18,21,134,3081,0.0,1.09149,0.0457187,0.0930206,0.0250854,,17,21,168,4860,0.0,1.38429,0.0600806,0.142734,0.0396703,,20,21,166,3971,0.0,1.35871,0.0562043,0.117969,0.0319797,,14,21,142,3325,0.0,1.14847,0.0485032,0.10033,0.0273692,,15,21,104,4625,0.0,0.843015,0.0353479,0.145256,0.0372756,,13,21,192,3608,0.0,1.57245,0.0648818,0.107566,0.0298115,,10,21,134,2004,0.0,1.05892,0.0445186,0.0610578,0.0174227,,12,21,88,2944,0.0,0.724909,0.0310249,0.0917849,0.0226489,,11,21,150,5494,0.0,1.23816,0.0540195,0.170615,0.0462376,,8,21,122,2718,0.0,1.0168,0.0433691,0.0826009,0.0228877,,32,21,174,7686,0.0,1.40234,0.0593448,0.232403,0.0579376,,9,21,150,4266,0.0,1.24084,0.0542097,0.131337,0.0340837,,,,,,
0,22,110,2092,0.0,0.915062,0.0388573,0.0640077,0.0174747,,28,22,106,4397,0.0,0.887359,0.0375068,0.139006,0.0347718,,1,22,126,5210,0.0,1.04163,0.0458146,0.161398,0.0404228,,31,22,178,4680,0.0,1.45831,0.0618051,0.144466,0.0373527,,4,22,114,2487,0.0,0.918862,0.0414404,0.0754129,0.0211609,,5,22,126,2545,0.0,1.04252,0.0423489,0.0788767,0.0210053,,7,22,62,1187,0.0,0.484949,0.0214649,0.0411082,0.00987972,,6,22,136,2836,0.0,1.12181,0.0483104,0.0860726,0.0227308,,43,22,128,3152,0.0,1.06255,0.045172,0.0963597,0.0257674,,36,22,132,3052,0.0,1.09484,0.0459139,0.0912095,0.0258837,,30,22,166,3651,0.0,1.36272,0.0578269,0.110411,0.0296752,,29,22,98,3161,0.0,0.799274,0.0341947,0.0973781,0.0260722,,2,22,108,2018,0.0,0.884494,0.0370841,0.0691896,0.0166744,,35,22,88,2237,0.0,0.704777,0.0298983,0.0701681,0.018289,,45,22,100,1691,0.0,0.793107,0.0362853,0.052761,0.0145672,,47,22,148,4251,0.0,1.22393,0.0546124,0.130338,0.0329556,,46,22,154,4597,0.0,1.26559,0.120952,0.133257,0.0367319,,40,22,176,5110,0.0,1.42284,0.0611038,0.191437,0.039543,,34,22,110,3169,0.0,0.899113,0.0383623,0.0947301,0.0243461,,44,22,134,2229,0.0,1.07257,0.0486635,0.0704568,0.0192053,,42,22,68,1562,0.0,0.563424,0.0234516,0.0502359,0.0130672,,26,22,44,1197,0.0,0.361824,0.0157098,0.0369575,0.00905257,,37,22,96,1837,0.0,0.768187,0.034945,0.0570106,0.0154516,,39,22,112,2626,0.0,0.928733,0.0381676,0.0796664,0.0218144,,27,22,116,3745,0.0,0.941684,0.0395558,0.115457,0.0295846,,24,22,140,2899,0.0,1.14707,0.0470842,0.088606,0.0238322,,25,22,142,4229,0.0,1.17293,0.0474887,0.122565,0.0329288,,41,22,138,3182,0.0,1.11773,0.0501091,0.0975133,0.0259154,,33,22,148,4566,0.0,1.21392,0.0546558,0.143365,0.0358155,,38,22,162,4083,0.0,1.32093,0.0582518,0.124404,0.0317144,,19,22,164,4599,0.0,1.34456,0.0579991,0.140432,0.0356777,,3,22,126,5639,0.0,1.01454,0.0434699,0.174955,0.0460027,,22,22,156,3402,0.0,1.28252,0.0542585,0.101408,0.0276795,,23,22,106,2768,0.0,0.884164,0.0377467,0.086833,0.0227711,,21,22,112,3620,0.0,0.894161,0.0377588,0.112097,0.0286462,,16,22,104,3233,0.0,0.845958,0.035821,0.097775,0.0258362,,18,22,112,2237,0.0,0.912706,0.0414952,0.0705698,0.0188409,,17,22,150,3813,0.0,1.22039,0.0502224,0.117724,0.032069,,20,22,138,3065,0.0,1.13715,0.0483811,0.0924164,0.0247383,,14,22,108,2467,0.0,0.883238,0.0368859,0.0776494,0.0200012,,15,22,100,3846,0.0,0.811025,0.0345145,0.125529,0.0298807,,13,22,126,2298,0.0,0.996967,0.0444755,0.0712792,0.0192481,,10,22,76,1121,0.0,0.577814,0.0266642,0.0365777,0.00980025,,12,22,82,2460,0.0,0.664397,0.0270482,0.0765978,0.0193456,,11,22,124,4713,0.0,1.03154,0.0420538,0.144659,0.0367487,,8,22,92,1952,0.0,0.749017,0.0322233,0.0605232,0.0165549,,32,22,202,6829,0.0,1.63661,0.0700617,0.206922,0.0529984,,9,22,128,3369,0.0,1.04214,0.0467252,0.102878,0.026889,,,,,,
0,23,72,1362,0.0,0.563189,0.0247915,0.0440619,0.0113594,,28,23,98,3676,0.0,0.796701,0.0330795,0.113567,0.0311953,,1,23,120,4438,0.0,1.01756,0.0445454,0.136764,0.0783737,,31,23,142,3357,0.0,1.11602,0.0511225,0.102389,0.0267794,,4,23,68,1719,0.0,0.558339,0.0253607,0.0563381,0.0142762,,5,23,88,1736,0.0,0.6956,0.0326765,0.0532972,0.0142052,,7,23,42,816,0.0,0.34097,0.0152674,0.0271707,0.00700467,,6,23,90,1638,0.0,0.716465,0.0309076,0.050842,0.0143087,,43,23,104,2316,0.0,0.819193,0.0336372,0.0723039,0.0194862,,36,23,98,2304,0.0,0.768494,0.0353285,0.0720984,0.0189897,,30,23,134,2637,0.0,1.05467,0.0466132,0.081211,0.0217093,,29,23,86,2700,0.0,0.699122,0.0319835,0.0812265,0.0219035,,2,23,74,1251,0.0,0.590463,0.0257286,0.0401442,0.0104525,,35,23,70,1682,0.0,0.573496,0.0264278,0.0547777,0.0143114,,45,23,62,1058,0.0,0.478595,0.0232177,0.0353357,0.00883014,,47,23,132,3392,0.0,1.07011,0.0444244,0.101728,0.0270108,,46,23,142,3703,0.0,1.12706,0.0531082,0.112147,0.0288952,,40,23,166,3937,0.0,1.34787,0.0577193,0.119094,0.0324791,,34,23,80,2430,0.0,0.653878,0.0288597,0.0771224,0.0190594,,44,23,90,1430,0.0,0.692228,0.0323216,0.0448847,0.0121389,,42,23,44,1139,0.0,0.356906,0.0157916,0.038016,0.00923701,,26,23,32,842,0.0,0.260269,0.0115933,0.0285833,0.00657808,,37,23,74,1278,0.0,0.590038,0.027973,0.0421422,0.010952,,39,23,94,1918,0.0,0.746443,0.0344035,0.0600278,0.016453,,27,23,94,3008,0.0,0.75289,0.0337092,0.0952493,0.0241472,,24,23,104,2050,0.0,0.824314,0.0369421,0.0658882,0.0170745,,25,23,136,3411,0.0,1.11743,0.0485407,0.104284,0.0280105,,41,23,108,2264,0.0,0.861986,0.0400264,0.0705101,0.0183825,,33,23,116,3571,0.0,0.935794,0.0432306,0.110012,0.0282499,,38,23,148,3002,0.0,1.21414,0.0529693,0.0905123,0.0249202,,19,23,136,3531,0.0,1.12903,0.0466022,0.10489,0.028263,,3,23,112,4996,0.0,0.933913,0.0372969,0.153718,0.0393416,,22,23,112,2346,0.0,0.894511,0.0391364,0.0695945,0.0194202,,23,23,94,2105,0.0,0.745976,0.0329691,0.0694998,0.0174926,,21,23,100,2925,0.0,0.835537,0.0344498,0.0932375,0.0242017,,16,23,96,2614,0.0,0.781854,0.0333143,0.0798614,0.02196,,18,23,76,1592,0.0,0.620154,0.0268658,0.0531498,0.0129674,,17,23,108,3021,0.0,0.874222,0.0375141,0.0955862,0.0248536,,20,23,114,2118,0.0,0.896049,0.0412208,0.0654405,0.0177451,,14,23,84,1617,0.0,0.666059,0.029674,0.0493491,0.0139297,,15,23,86,3328,0.0,0.719051,0.0321482,0.108635,0.0263879,,13,23,96,1661,0.0,0.720403,0.0332877,0.0509124,0.0136527,,10,23,52,670,0.0,0.364997,0.0181975,0.022993,0.00584281,,12,23,76,1917,0.0,0.626441,0.0269697,0.0576413,0.0150887,,11,23,88,4001,0.0,0.703463,0.0303562,0.123493,0.0311233,,8,23,84,1515,0.0,0.688308,0.0275712,0.049619,0.0131006,,32,23,184,5461,0.0,1.50683,0.0618327,0.165068,0.0423586,,9,23,96,2480,0.0,0.782438,0.0336399,0.0772724,0.0201972,,,,,,
0,24,50,960,0.0,0.395761,0.0179116,0.0329931,0.00801539,,28,24,82,3164,0.0,0.671942,0.0288399,0.100867,0.0266366,,1,24,102,3661,0.0,0.836716,0.0368965,0.113515,0.029412,,31,24,126,2581,0.0,0.927291,0.0441681,0.0785677,0.0204236,,4,24,60,1386,0.0,0.475979,0.0212485,0.0462853,0.0110022,,5,24,66,1118,0.0,0.517021,0.0249964,0.0374453,0.00970786,,7,24,32,577,0.0,0.249112,0.0113088,0.0191418,0.00503749,,6,24,92,1290,0.0,0.706662,0.033336,0.0413387,0.0111484,,43,24,70,1733,0.0,0.530145,0.0256866,0.0530273,0.0146525,,36,24,64,1492,0.0,0.490479,0.0235947,0.0464463,0.012773,,30,24,94,1744,0.0,0.687323,0.0324594,0.056097,0.0147807,,29,24,76,2198,0.0,0.619437,0.0276216,0.0675557,0.0175392,,2,24,46,716,0.0,0.363999,0.0162206,0.0240427,0.00614388,,35,24,52,1324,0.0,0.408415,0.0188814,0.042662,0.0107123,,45,24,30,540,0.0,0.225432,0.011018,0.0183827,0.00460479,,47,24,112,2486,0.0,0.890469,0.0407446,0.0777486,0.0201446,,46,24,114,2661,0.0,0.845129,0.0406487,0.0795711,0.0211735,,40,24,136,3053,0.0,1.08924,0.047872,0.0933302,0.0246205,,34,24,82,2004,0.0,0.646958,0.0293417,0.0615488,0.0164731,,44,24,72,910,0.0,0.524819,0.0246233,0.0291789,0.00811613,,42,24,28,842,0.0,0.212534,0.0105875,0.0278671,0.00638911,,26,24,28,580,0.0,0.229386,0.00976148,0.0200127,0.00450033,,37,24,48,770,0.0,0.365124,0.0161894,0.0261628,0.00670971,,39,24,82,1417,0.0,0.62941,0.0288414,0.0470111,0.0122431,,27,24,62,2466,0.0,0.494116,0.0234754,0.0789844,0.0196148,,24,24,74,1285,0.0,0.567824,0.0278978,0.0406205,0.0110218,,25,24,118,2455,0.0,0.936671,0.0422222,0.075687,0.0200564,,41,24,86,1613,0.0,0.689305,0.0323271,0.0524448,0.0137736,,33,24,106,2935,0.0,0.853863,0.0384477,0.0908576,0.0240798,,38,24,124,1957,0.0,0.984861,0.043634,0.0603068,0.0168775,,19,24,122,2707,0.0,0.964852,0.0427359,0.0816737,0.0217127,,3,24,94,4247,0.0,0.763753,0.0322343,0.12739,0.0324371,,22,24,104,1750,0.0,0.766476,0.038115,0.0542817,0.0147825,,23,24,68,1700,0.0,0.530755,0.0243335,0.0546594,0.013526,,21,24,106,2409,0.0,0.839883,0.0363105,0.0766507,0.0197683,,16,24,82,1997,0.0,0.653654,0.0289493,0.0664586,0.0172887,,18,24,60,1176,0.0,0.499955,0.0206267,0.0389646,0.00967992,,17,24,94,2463,0.0,0.74981,0.0324954,0.0777069,0.0200791,,20,24,78,1383,0.0,0.591531,0.0262611,0.0446244,0.0116783,,14,24,64,1227,0.0,0.491244,0.0234565,0.039926,0.0102306,,15,24,78,2883,0.0,0.611309,0.0286669,0.088207,0.0228664,,13,24,66,968,0.0,0.460386,0.0229162,0.02902,0.00858407,,10,24,28,281,0.0,0.183918,0.00998503,0.0109763,0.00277926,,12,24,60,1159,0.0,0.497688,0.0232496,0.0382856,0.00971133,,11,24,90,3513,0.0,0.738009,0.0322058,0.11008,0.0288374,,8,24,72,1066,0.0,0.595269,0.0256477,0.0356175,0.00920279,,32,24,160,4257,0.0,1.31234,0.0544921,0.129246,0.0346619,,9,24,76,2028,0.0,0.60247,0.02459,0.0610651,0.0174986,,,,,,
0,25,36,678,0.0,0.287145,0.0121535,0.0228491,0.00551921,,28,25,92,2758,0.0,0.724066,0.030184,0.0850588,0.0219847,,1,25,108,3111,0.0,0.926978,0.0343442,0.0947909,0.0261231,,31,25,100,1633,0.0,0.622939,0.0363473,0.0486382,0.0136821,,4,25,50,978,0.0,0.397157,0.017182,0.0308666,0.00855685,,5,25,58,755,0.0,0.429154,0.0196194,0.0277138,0.00674358,,7,25,22,389,0.0,0.176306,0.0078886,0.015614,0.00326745,,6,25,44,690,0.0,0.333327,0.0150172,0.0234955,0.00595299,,43,25,52,1356,0.0,0.379254,0.019532,0.0424954,0.0106675,,36,25,58,1162,0.0,0.439892,0.0218851,0.0388871,0.00956396,,30,25,76,1263,0.0,0.485304,0.0264156,0.037981,0.0105292,,29,25,78,1756,0.0,0.61744,0.0251321,0.0531091,0.0142992,,2,25,30,474,0.0,0.217827,0.010217,0.0166204,0.00405111,,35,25,34,874,0.0,0.262168,0.0113326,0.0282761,0.00880215,,45,25,22,384,0.0,0.167935,0.0086327,0.0145455,0.00313364,,47,25,90,1853,0.0,0.707856,0.0332733,0.0592856,0.0150935,,46,25,108,2032,0.0,0.71476,0.0391405,0.058691,0.0165886,,40,25,104,2251,0.0,0.828942,0.0395251,0.0698062,0.018089,,34,25,66,1480,0.0,0.507412,0.0237367,0.0459746,0.0116744,,44,25,44,501,0.0,0.32207,0.0156383,0.016022,0.00459014,,42,25,26,718,0.0,0.195545,0.00964029,0.0236844,0.00584118,,26,25,18,341,0.0,0.145828,0.00688872,0.0169241,0.00284041,,37,25,32,543,0.0,0.236515,0.0109827,0.0190963,0.00446387,,39,25,60,852,0.0,0.4617,0.0219466,0.02684,0.00775662,,27,25,52,2014,0.0,0.397804,0.0184292,0.0627384,0.0168893,,24,25,36,775,0.0,0.2725,0.0118205,0.0266139,0.00653769,,25,25,80,1735,0.0,0.614293,0.0289411,0.0561337,0.0140852,,41,25,68,1138,0.0,0.504238,0.0245126,0.0357319,0.00952467,,33,25,76,2131,0.0,0.603758,0.0263901,0.0675491,0.0173622,,38,25,86,1253,0.0,0.643713,0.0295147,0.0403793,0.0108781,,19,25,96,1721,0.0,0.718257,0.0334105,0.0527362,0.0143723,,3,25,102,3765,0.0,0.827972,0.0375787,0.117804,0.0300963,,22,25,76,1091,0.0,0.516461,0.0278033,0.0354622,0.00926514,,23,25,38,1081,0.0,0.281006,0.0139316,0.0350582,0.0086431,,21,25,80,1821,0.0,0.614976,0.0298681,0.0577901,0.0143503,,16,25,62,1502,0.0,0.494542,0.0220832,0.048142,0.0124315,,18,25,38,674,0.0,0.301005,0.0130871,0.0248326,0.00561978,,17,25,66,1650,0.0,0.489503,0.0232933,0.0528631,0.0135624,,20,25,46,862,0.0,0.346622,0.0164422,0.0279279,0.0073726,,14,25,50,809,0.0,0.385395,0.016945,0.0256412,0.00701793,,15,25,68,2338,0.0,0.567007,0.0251468,0.0751556,0.0183612,,13,25,50,689,0.0,0.3102,0.0174585,0.0238994,0.00583527,,10,25,18,175,0.0,0.101479,0.00603576,0.010217,0.00160447,,12,25,50,786,0.0,0.389424,0.0166945,0.0281404,0.00662,,11,25,74,3069,0.0,0.584138,0.026751,0.0932127,0.0249445,,8,25,42,466,0.0,0.357254,0.0133214,0.0183834,0.00737591,,32,25,108,3196,0.0,0.867059,0.0382095,0.100286,0.0262477,,9,25,76,1638,0.0,0.580049,0.0264247,0.0519093,0.0141594,,,,,,
0,26,26,422,0.0,0.18713,0.00863594,0.0161946,0.00362345,,28,26,60,2114,0.0,0.457652,0.0212653,0.0676515,0.0173525,,1,26,86,2421,0.0,0.646842,0.0304089,0.07429,0.0189003,,31,26,66,1089,0.0,0.413385,0.0233972,0.031026,0.00879522,,4,26,40,710,0.0,0.309031,0.0133994,0.0271508,0.00597362,,5,26,28,313,0.0,0.225699,0.00985519,0.0138297,0.00309949,,7,26,22,287,0.0,0.164084,0.00824744,0.0126421,0.00261177,,6,26,32,427,0.0,0.214507,0.0116445,0.0152407,0.00357115,,43,26,46,1071,0.0,0.325729,0.0164076,0.033261,0.00843111,,36,26,46,821,0.0,0.321891,0.0164989,0.0262153,0.0067292,,30,26,58,732,0.0,0.371129,0.0205218,0.0233439,0.00650897,,29,26,68,1318,0.0,0.526165,0.0243819,0.0406538,0.0106032,,2,26,22,267,0.0,0.15948,0.0081303,0.0111755,0.00259565,,35,26,30,696,0.0,0.244144,0.0109204,0.0243953,0.00582815,,45,26,12,283,0.0,0.0895922,0.00479246,0.0110183,0.00219193,,47,26,76,1372,0.0,0.569854,0.0281556,0.043557,0.0112098,,46,26,84,1446,0.0,0.529151,0.0289047,0.039394,0.0119916,,40,26,78,1540,0.0,0.583779,0.0289167,0.0495016,0.0128475,,34,26,58,1131,0.0,0.436777,0.0196238,0.0391026,0.0094614,,44,26,22,262,0.0,0.138082,0.0081119,0.0105455,0.00241782,,42,26,20,541,0.0,0.16333,0.00824033,0.0202198,0.00428857,,26,26,14,204,0.0,0.11155,0.00518386,0.00986386,0.00175045,,37,26,18,363,0.0,0.142689,0.00703798,0.0137357,0.00283948,,39,26,36,398,0.0,0.245263,0.0118774,0.0150341,0.00398675,,27,26,50,1668,0.0,0.381086,0.0170021,0.0524306,0.0137227,,24,26,26,625,0.0,0.179307,0.00976836,0.0220554,0.00502963,,25,26,66,1281,0.0,0.489017,0.0228406,0.0397387,0.010422,,41,26,42,683,0.0,0.309808,0.0155828,0.0243918,0.00584225,,33,26,78,1806,0.0,0.590265,0.026608,0.0594414,0.0142101,,38,26,52,629,0.0,0.373974,0.0172586,0.0217128,0.0057859,,19,26,60,1168,0.0,0.425261,0.0210835,0.0359199,0.00914721,,3,26,106,3278,0.0,0.847481,0.0408486,0.100118,0.0257292,,22,26,46,612,0.0,0.296075,0.0169459,0.0210405,0.00535668,,23,26,22,904,0.0,0.180734,0.00803015,0.0292499,0.00697121,,21,26,52,1199,0.0,0.391142,0.0186918,0.0404874,0.00954336,,16,26,50,1192,0.0,0.390627,0.0185246,0.0383734,0.00939389,,18,26,28,499,0.0,0.208211,0.00985247,0.017146,0.00414668,,17,26,52,1215,0.0,0.377378,0.0192388,0.0389978,0.00970122,,20,26,40,707,0.0,0.294733,0.0141831,0.022496,0.00565262,,14,26,30,495,0.0,0.200205,0.0101431,0.017543,0.00407639,,15,26,52,1962,0.0,0.420437,0.018945,0.0628057,0.0151422,,13,26,26,241,0.0,0.162588,0.00916538,0.00969204,0.00250815,,10,26,4,38,0.0,0.0212088,0.00181084,0.00363735,0.000395625,,12,26,22,426,0.0,0.171205,0.00820819,0.0170219,0.00354815,,11,26,74,2599,0.0,0.566422,0.0257876,0.0810288,0.0209694,,8,26,10,83,0.0,0.0817497,0.00360657,0.00619131,0.000915545,,32,26,72,2548,0.0,0.542975,0.0244812,0.0787916,0.01964,,9,26,52,1263,0.0,0.39192,0.0175386,0.0392352,0.00984228,,,,,,
0,27,20,281,0.0,0.146596,0.00668236,0.0131534,0.00252447,,28,27,58,1700,0.0,0.433832,0.019991,0.0548242,0.0144375,,1,27,78,1837,0.0,0.536871,0.0276918,0.0554921,0.0145987,,31,27,32,613,0.0,0.181749,0.0106271,0.0179275,0.00517242,,4,27,26,534,0.0,0.200728,0.00989919,0.0193072,0.00430775,,5,27,20,200,0.0,0.129855,0.00733015,0.00877581,0.00192651,,7,27,14,145,0.0,0.101686,0.00464186,0.00702523,0.00144181,,6,27,16,189,0.0,0.116025,0.0061704,0.0093205,0.0017673,,43,27,28,829,0.0,0.166781,0.01001,0.0273304,0.00641148,,36,27,26,562,0.0,0.172649,0.00948584,0.0185162,0.00453747,,30,27,26,364,0.0,0.165468,0.0087688,0.0123885,0.00316746,,29,27,40,850,0.0,0.299158,0.0140498,0.0275254,0.0071175,,2,27,16,159,0.0,0.120865,0.00536581,0.0092977,0.00159054,,35,27,20,549,0.0,0.15527,0.00732592,0.0200549,0.00453601,,45,27,10,183,0.0,0.0630695,0.00370377,0.00766504,0.00152578,,47,27,54,748,0.0,0.385167,0.0182105,0.0239389,0.00654982,,46,27,64,897,0.0,0.361231,0.0209215,0.0261573,0.00777612,,40,27,70,1154,0.0,0.487419,0.0232875,0.0365838,0.00968364,,34,27,54,826,0.0,0.385309,0.0188286,0.0272623,0.00690969,,44,27,14,161,0.0,0.0739142,0.00493953,0.00730191,0.00140807,,42,27,26,477,0.0,0.200319,0.0096297,0.0174999,0.00389739,,26,27,8,88,0.0,0.059462,0.00369102,0.00651934,0.000842791,,37,27,12,184,0.0,0.0847961,0.00483701,0.00855254,0.00165631,,39,27,24,188,0.0,0.174942,0.0085804,0.0103165,0.00208004,,27,27,42,1321,0.0,0.291878,0.0158567,0.0426072,0.0100348,,24,27,20,423,0.0,0.140051,0.00716286,0.0155827,0.00370433,,25,27,40,882,0.0,0.291553,0.0146733,0.0301003,0.00716228,,41,27,30,417,0.0,0.220083,0.0102106,0.0143635,0.00366843,,33,27,60,1299,0.0,0.435088,0.022142,0.0426887,0.0104028,,38,27,36,283,0.0,0.212893,0.0130188,0.0118002,0.00307083,,19,27,34,815,0.0,0.200683,0.0130543,0.0256294,0.00627829,,3,27,114,2785,0.0,0.836572,0.0439609,0.0840472,0.0225771,,22,27,12,306,0.0,0.0793082,0.00390938,0.0129667,0.00247658,,23,27,20,775,0.0,0.12943,0.00716229,0.0269281,0.00602964,,21,27,34,840,0.0,0.244167,0.0116167,0.0268025,0.00671789,,16,27,36,804,0.0,0.271814,0.0117491,0.0265397,0.00651719,,18,27,18,315,0.0,0.151822,0.00711918,0.0144283,0.00273763,,17,27,32,957,0.0,0.238517,0.0109823,0.0317929,0.00724905,,20,27,16,318,0.0,0.100079,0.00493014,0.014019,0.00264283,,14,27,16,329,0.0,0.123229,0.0051883,0.0145456,0.0027884,,15,27,52,1700,0.0,0.40873,0.0175647,0.0538026,0.0139971,,13,27,14,146,0.0,0.0883993,0.00448396,0.00750716,0.00137657,,10,27,4,31,0.0,0.0250968,0.00204429,0.0030127,0.000307522,,12,27,12,236,0.0,0.103277,0.00431203,0.00949005,0.00193583,,11,27,62,2050,0.0,0.466618,0.021609,0.0625215,0.0166902,,8,27,6,27,0.0,0.0516235,0.00286577,0.00381812,0.000367823,,32,27,74,2214,0.0,0.516782,0.0271782,0.0643961,0.0171045,,9,27,30,655,0.0,0.197175,0.0101382,0.0212505,0.00517972,,,,,,
0,28,14,171,0.0,0.113526,0.0048714,0.00965611,0.00147725,,28,28,46,1376,0.0,0.334768,0.0152087,0.0419557,0.0112286,,1,28,64,1367,0.0,0.402726,0.0220937,0.0422942,0.0111066,,31,28,34,427,0.0,0.192338,0.0111907,0.0137234,0.00374292,,4,28,22,348,0.0,0.160633,0.00857475,0.0133218,0.0029542,,5,28,10,72,0.0,0.0651988,0.00382544,0.00510169,0.000755881,,7,28,6,32,0.0,0.0463264,0.00277939,0.00397045,0.000424923,,6,28,8,113,0.0,0.0561114,0.00328011,0.0070996,0.000920657,,43,28,26,644,0.0,0.176644,0.00913506,0.019566,0.0050638,,36,28,12,403,0.0,0.0740637,0.00390083,0.0162502,0.00308579,,30,28,14,188,0.0,0.085649,0.00471341,0.00883304,0.00171366,,29,28,36,653,0.0,0.258341,0.0128316,0.0224446,0.00537128,,2,28,12,82,0.0,0.0932998,0.00502153,0.00646622,0.000874914,,35,28,22,496,0.0,0.171527,0.00806401,0.0189809,0.00395464,,45,28,10,145,0.0,0.0597958,0.00357267,0.00680353,0.00121388,,47,28,40,358,0.0,0.319358,0.0145033,0.0132888,0.00366974,,46,28,34,471,0.0,0.190306,0.0112264,0.014112,0.00409429,,40,28,46,709,0.0,0.289564,0.0155658,0.0232505,0.00603574,,34,28,26,423,0.0,0.15859,0.0091315,0.0161562,0.00353855,,44,28,4,19,0.0,0.0210061,0.00187609,0.0031484,0.000255186,,42,28,20,162,0.0,0.154036,0.00817877,0.00843015,0.00183165,,26,28,2,7,0.0,0.0107422,0.00131841,0.00563714,0.000120206,,37,28,8,122,0.0,0.0519351,0.0030302,0.00653807,0.00105621,,39,28,6,14,0.0,0.042108,0.00238054,0.00349066,0.000321099,,27,28,38,1041,0.0,0.253363,0.0137123,0.0334866,0.00827447,,24,28,18,364,0.0,0.13363,0.00609826,0.01535,0.00292005,,25,28,40,716,0.0,0.243338,0.0131512,0.0242894,0.00570017,,41,28,18,235,0.0,0.123989,0.00673483,0.0106684,0.00212524,,33,28,50,907,0.0,0.344949,0.0175312,0.0291128,0.00749378,,38,28,14,92,0.0,0.0913057,0.00452604,0.00613088,0.00104442,,19,28,30,589,0.0,0.200016,0.0105904,0.020513,0.00487532,,3,28,92,2127,0.0,0.591002,0.0323913,0.0666156,0.0166593,,22,28,8,239,0.0,0.0523298,0.00300632,0.00855324,0.0017442,,23,28,24,713,0.0,0.177884,0.00868024,0.0231964,0.00534075,,21,28,24,644,0.0,0.15932,0.00898297,0.0213837,0.00509686,,16,28,34,584,0.0,0.258796,0.0120942,0.0213728,0.00486923,,18,28,10,212,0.0,0.0760403,0.00371287,0.00994566,0.00177627,,17,28,30,794,0.0,0.182079,0.0106815,0.0273707,0.00626997,,20,28,12,192,0.0,0.0807628,0.00423923,0.00783544,0.00161106,,14,28,22,281,0.0,0.153472,0.00836205,0.0110065,0.00257605,,15,28,48,1367,0.0,0.37598,0.0176392,0.0451717,0.0109283,,13,28,8,44,0.0,0.0529972,0.00309997,0.00355621,0.000549013,,69,0,0,0,30.5341,0.0,0.0,0.0,0.0,,12,28,6,162,0.0,0.0447557,0.00287576,0.00879416,0.00125805,,11,28,60,1672,0.0,0.425227,0.0217202,0.0492308,0.0135716,,49,0,0,0,29.1143,0.0,0.0,0.0,0.0,,32,28,62,1780,0.0,0.392641,0.0211585,0.0528485,0.0140288,,9,28,14,449,0.0,0.104612,0.00484496,0.0190068,0.00359692,,,,,,
0,29,6,43,0.0,0.0482891,0.00282442,0.00450503,0.000462814,,28,29,34,1142,0.0,0.20706,0.0117074,0.0367512,0.00925393,,1,29,44,984,0.0,0.284475,0.0151202,0.0290021,0.00776201,,31,29,16,228,0.0,0.086109,0.00535039,0.00817437,0.0019841,,4,29,12,156,0.0,0.083382,0.00438571,0.0078223,0.00134705,,5,29,2,11,0.0,0.0122939,0.00150998,0.00424612,0.000148726,,53,0,0,0,31.0415,0.0,0.0,0.0,0.0,,6,29,2,62,0.0,0.0143256,0.0014549,0.00402685,0.000494319,,43,29,18,525,0.0,0.113672,0.00620145,0.0159425,0.00389426,,36,29,14,372,0.0,0.0755374,0.00565214,0.0128017,0.00282626,,30,29,10,114,0.0,0.0569979,0.00350046,0.00598024,0.00106663,,29,29,24,444,0.0,0.169741,0.00830802,0.0156306,0.00371129,,57,0,0,0,29.9305,0.0,0.0,0.0,0.0,,35,29,16,276,0.0,0.121418,0.00543612,0.0110605,0.00228995,,45,29,4,37,0.0,0.0283145,0.00211663,0.00364967,0.000325709,,47,29,16,109,0.0,0.107725,0.0050483,0.00805935,0.00121983,,46,29,22,305,0.0,0.112083,0.0070811,0.0101042,0.00263465,,40,29,28,467,0.0,0.17493,0.00944427,0.0155162,0.00405472,,34,29,18,253,0.0,0.104568,0.0065963,0.0100899,0.00209617,,70,0,0,0,28.3669,0.0,0.0,0.0,0.0,,42,29,8,100,0.0,0.0626916,0.00337745,0.00698179,0.000928051,,48,0,0,0,31.0126,0.0,0.0,0.0,0.0,,37,29,10,61,0.0,0.0628063,0.00374456,0.00517596,0.000716889,,63,0,0,0,30.1772,0.0,0.0,0.0,0.0,,27,29,34,898,0.0,0.202207,0.0127857,0.0281151,0.00695265,,24,29,14,292,0.0,0.0830243,0.00486498,0.014065,0.00236975,,25,29,26,430,0.0,0.174607,0.00972704,0.0136333,0.00367089,,41,29,12,144,0.0,0.0730557,0.00409856,0.00817553,0.0012744,,33,29,42,699,0.0,0.263836,0.0150832,0.0227961,0.0056787,,38,29,2,31,0.0,0.0139289,0.00120818,0.00447,0.000256733,,19,29,24,447,0.0,0.145607,0.00854317,0.0144818,0.0036038,,3,29,68,1545,0.0,0.436723,0.0242337,0.0421682,0.0122731,,22,29,8,201,0.0,0.047116,0.00302226,0.00744748,0.00155127,,23,29,22,549,0.0,0.155501,0.00799893,0.0192065,0.00428124,,21,29,20,499,0.0,0.126525,0.00755551,0.0160479,0.00379661,,16,29,22,308,0.0,0.146016,0.00787959,0.0109547,0.00267399,,18,29,10,148,0.0,0.0776457,0.00438831,0.00757542,0.00129489,,17,29,30,576,0.0,0.191739,0.0115146,0.0189135,0.00471359,,20,29,8,119,0.0,0.0457729,0.00312143,0.00640059,0.0010411,,14,29,18,111,0.0,0.116177,0.00717576,0.00611191,0.00124464,,15,29,38,1108,0.0,0.281824,0.0131137,0.0394582,0.00873481,,13,29,2,4,0.0,0.00997291,0.00112062,0.00371334,8.4049e-05,,69,1,1,15000,0.0,0.555638,0.000658486,0.464032,0.0836372,,12,29,6,133,0.0,0.0444248,0.00270162,0.00829787,0.00105535,,11,29,56,1336,0.0,0.352993,0.0206399,0.0409213,0.0106178,,49,1,1,15000,0.0,0.832134,0.000944668,0.738606,0.0866382,,32,29,56,1345,0.0,0.360428,0.0192985,0.0362634,0.0108308,,9,29,16,406,0.0,0.114319,0.00540071,0.0164363,0.00308034,,,,,,
56,0,0,0,29.6315,0.0,0.0,0.0,0.0,,28,30,34,878,0.0,0.225386,0.012572,0.0263961,0.00689075,,1,30,40,700,0.0,0.229691,0.013806,0.0201134,0.00569355,,31,30,12,107,0.0,0.0638886,0.00404272,0.00557781,0.00109936,,4,30,6,67,0.0,0.0451209,0.00287318,0.00520065,0.000634106,,60,0,0,0,31.0514,0.0,0.0,0.0,0.0,,53,1,1,15000,0.0,0.763952,0.000805927,0.671928,0.0848657,,6,30,4,62,0.0,0.030717,0.00220577,0.00476246,0.000566597,,43,30,16,335,0.0,0.10607,0.00518445,0.0113829,0.00272561,,36,30,14,250,0.0,0.0971712,0.00469053,0.0112126,0.00214051,,30,30,8,69,0.0,0.0450234,0.00297863,0.00463483,0.000718655,,29,30,24,302,0.0,0.171739,0.00896563,0.0117429,0.00270766,,57,1,1,15000,0.0,0.715046,0.000775996,0.625048,0.0832502,,35,30,12,175,0.0,0.0872983,0.00436169,0.00751904,0.00152974,,59,0,0,0,29.6614,0.0,0.0,0.0,0.0,,47,30,4,25,0.0,0.0196461,0.00175575,0.00346106,0.000285874,,46,30,10,157,0.0,0.0512135,0.00321642,0.00694134,0.00142865,,40,30,26,313,0.0,0.164722,0.00919388,0.0120691,0.00280914,,34,30,8,108,0.0,0.0518939,0.00297963,0.00622384,0.000922199,,70,1,1,15000,0.0,0.547326,0.000636239,0.456891,0.0825884,,42,30,8,49,0.0,0.0621569,0.00343828,0.00443283,0.000525595,,48,1,1,15000,0.0,0.867485,0.000942954,0.773023,0.0870259,,37,30,2,14,0.0,0.00952766,0.00141737,0.00340499,0.000148484,,63,1,1,15000,0.0,0.668815,0.000741848,0.568616,0.0936758,,27,30,28,627,0.0,0.176817,0.0095312,0.0196434,0.00502079,,24,30,14,205,0.0,0.0913282,0.00507898,0.0103028,0.00173886,,25,30,24,315,0.0,0.148938,0.00879816,0.0110905,0.00272596,,41,30,4,38,0.0,0.0297316,0.00159284,0.00392062,0.000396618,,33,30,22,370,0.0,0.134796,0.00784201,0.0126836,0.00305364,,38,30,2,28,0.0,0.0145146,0.00138229,0.00396644,0.000199101,,19,30,20,301,0.0,0.130801,0.00730211,0.00991427,0.00258412,,3,30,70,1097,0.0,0.399964,0.0233985,0.0310196,0.00928274,,22,30,12,170,0.0,0.0776329,0.00422673,0.0076873,0.00140033,,23,30,26,425,0.0,0.158026,0.00977398,0.0161511,0.0035505,,21,30,20,438,0.0,0.121867,0.00766699,0.0141982,0.00344487,,16,30,14,169,0.0,0.101341,0.00493037,0.00981137,0.00151505,,18,30,10,46,0.0,0.0727742,0.00407723,0.00495363,0.000664331,,17,30,14,351,0.0,0.0916708,0.00482687,0.0138007,0.00286989,,20,30,8,64,0.0,0.046538,0.00297245,0.00502817,0.00064548,,14,30,2,9,0.0,0.0112194,0.00108659,0.00215621,0.000105695,,15,30,22,817,0.0,0.165376,0.00799534,0.0290428,0.00638481,,80,0,0,0,29.1271,0.0,0.0,0.0,0.0,,69,2,2,15000,0.0,0.0880219,0.00087434,0.418901,0.0786745,,12,30,6,75,0.0,0.0459003,0.00301287,0.00709503,0.000693745,,11,30,44,1002,0.0,0.27994,0.0149802,0.028638,0.00806693,,49,2,2,15000,0.0,0.0963739,0.000606779,0.677274,0.0822538,,32,30,42,1050,0.0,0.244095,0.0140604,0.0287007,0.00812768,,9,30,14,317,0.0,0.0813307,0.0051362,0.0114622,0.00263235,,,,,,
56,1,1,15000,0.0,0.757431,0.000765737,0.633942,0.116331,,28,31,28,690,0.0,0.177146,0.0098075,0.0208889,0.00538133,,1,31,24,372,0.0,0.132357,0.00807485,0.0111786,0.00318862,,31,31,4,37,0.0,0.0216877,0.00144475,0.00355719,0.000380831,,4,31,4,44,0.0,0.0301357,0.00243544,0.00514197,0.000455868,,60,1,1,15000,0.0,0.677956,0.000721076,0.584411,0.0844237,,53,2,2,15000,0.0,0.0936639,0.000710726,0.578953,0.0819718,,6,31,6,42,0.0,0.043696,0.00286046,0.00404106,0.00047059,,43,31,18,213,0.0,0.111617,0.00595141,0.0101375,0.00198313,,36,31,18,206,0.0,0.115081,0.00633473,0.0106112,0.00189627,,30,31,2,22,0.0,0.0103471,0.000794751,0.00291932,0.000190542,,29,31,8,161,0.0,0.049296,0.00305556,0.00724072,0.00131068,,57,2,2,15000,0.0,0.093701,0.00137042,0.486424,0.0817093,,35,31,6,113,0.0,0.0431692,0.00264341,0.00721136,0.000911198,,59,1,1,15000,0.0,0.667697,0.000752604,0.575306,0.084317,,75,0,0,0,29.9734,0.0,0.0,0.0,0.0,,46,31,8,124,0.0,0.0430279,0.00276532,0.0057204,0.00107174,,40,31,10,142,0.0,0.0611919,0.00352135,0.00663576,0.00129327,,34,31,4,65,0.0,0.0288302,0.00192025,0.00481402,0.000502523,,70,2,2,15000,0.0,0.0895655,0.00119382,0.412035,0.0779156,,52,0,0,0,28.9591,0.0,0.0,0.0,0.0,,48,2,2,15000,0.0,0.0975713,0.00161019,0.744958,0.0864596,,58,0,0,0,28.5471,0.0,0.0,0.0,0.0,,63,2,2,15000,0.0,0.091386,0.000921362,0.441336,0.0785933,,27,31,28,490,0.0,0.17716,0.0100956,0.0178882,0.00396625,,24,31,2,37,0.0,0.0120995,0.00104173,0.00347686,0.000313136,,25,31,8,124,0.0,0.0478654,0.00288434,0.00601499,0.00107713,,41,31,4,19,0.0,0.0239143,0.00196282,0.00385848,0.000237557,,33,31,12,225,0.0,0.0751424,0.00409834,0.00934757,0.00182911,,72,0,0,0,30.6185,0.0,0.0,0.0,0.0,,19,31,18,158,0.0,0.115174,0.00615532,0.00876146,0.00158104,,3,31,50,659,0.0,0.272554,0.0161633,0.0180917,0.00566607,,22,31,8,55,0.0,0.0516472,0.00298143,0.0044232,0.000586147,,23,31,22,280,0.0,0.140136,0.00823668,0.0110088,0.00254781,,21,31,18,313,0.0,0.119678,0.0061075,0.0136271,0.00265595,,16,31,4,90,0.0,0.02792,0.00198782,0.00673896,0.000762755,,18,31,2,5,0.0,0.0115071,0.0015199,0.00374457,8.6342e-05,,17,31,10,260,0.0,0.0582798,0.00373128,0.0102053,0.00196376,,20,31,2,29,0.0,0.0128092,0.00131745,0.0033423,0.00028194,,65,0,0,0,29.1991,0.0,0.0,0.0,0.0,,15,31,14,713,0.0,0.105821,0.00522101,0.0258901,0.00578716,,80,1,1,15000,0.0,0.490056,0.000585708,0.399589,0.08191,,69,3,2,14982,0.0,0.0918053,0.000776157,0.411598,0.0797693,,12,31,2,38,0.0,0.0157322,0.00137599,0.00528139,0.000337195,,11,31,30,800,0.0,0.191179,0.0100221,0.0231364,0.00639927,,49,3,4,15000,0.0,0.108476,0.00241151,0.608529,0.0844851,,32,31,34,747,0.0,0.188644,0.0112686,0.020151,0.00585948,,9,31,18,248,0.0,0.104169,0.00707046,0.010659,0.00220634,,,,,,
56,2,2,15000,0.0,0.125687,0.000785825,0.483805,0.113527,,28,32,26,556,0.0,0.162177,0.00926157,0.016233,0.00448707,,1,32,16,213,0.0,0.0934036,0.0053686,0.00825165,0.0019447,,31,32,2,24,0.0,0.00982818,0.000770311,0.00329947,0.000201728,,4,32,4,25,0.0,0.021234,0.00227154,0.00404903,0.0002701,,60,2,2,15000,0.0,0.0936412,0.000696083,0.454842,0.0800899,,53,3,4,15000,0.0,0.101695,0.00145165,0.435045,0.0815236,,62,0,0,0,30.0129,0.0,0.0,0.0,0.0,,43,32,12,87,0.0,0.0751662,0.00429055,0.00542607,0.00101321,,36,32,8,107,0.0,0.0490038,0.00315662,0.00627078,0.00100791,,88,0,0,0,28.7501,0.0,0.0,0.0,0.0,,29,32,8,128,0.0,0.0521186,0.00318894,0.00659761,0.00113962,,57,3,4,15000,0.0,0.0996563,0.00134362,0.431799,0.0799115,,35,32,2,74,0.0,0.0152556,0.00132151,0.00567776,0.000529464,,59,2,2,15000,0.0,0.0895758,0.000667668,0.469774,0.0788993,,75,1,1,15000,0.0,0.528557,0.000679255,0.437936,0.0829506,,46,32,8,100,0.0,0.0384374,0.00280742,0.00486618,0.000845278,,40,32,10,108,0.0,0.0614283,0.0035615,0.00559947,0.000976456,,34,32,2,30,0.0,0.0130555,0.00127796,0.00386983,0.000275701,,70,3,4,15000,0.0,0.10816,0.00141301,0.407144,0.084841,,52,1,1,15000,0.0,0.779468,0.000834219,0.685269,0.0862412,,48,3,4,15000,0.0,0.113506,0.00156767,0.70328,0.0893357,,58,1,1,15000,0.0,0.674814,0.000709239,0.582562,0.0846879,,63,3,2,14986,0.0,0.0906718,0.00087175,0.403802,0.0795209,,27,32,20,350,0.0,0.129703,0.00703511,0.0123085,0.00281037,,24,32,4,37,0.0,0.0212266,0.00202829,0.00302594,0.000315771,,25,32,4,84,0.0,0.0242615,0.00187962,0.00490706,0.000699002,,64,0,0,0,28.8406,0.0,0.0,0.0,0.0,,33,32,12,163,0.0,0.0776435,0.00432934,0.00924533,0.00138885,,72,1,1,15000,0.0,0.5461,0.000688883,0.454458,0.0835565,,19,32,4,44,0.0,0.0255424,0.00165112,0.00306442,0.000424511,,3,32,24,267,0.0,0.125013,0.00809116,0.00896002,0.00238186,,22,32,2,11,0.0,0.0100616,0.00104018,0.00340799,0.000134105,,23,32,12,149,0.0,0.0804808,0.00434535,0.00932015,0.00138691,,21,32,12,194,0.0,0.0719747,0.00410125,0.00928083,0.00161122,,16,32,4,81,0.0,0.0305091,0.00221606,0.00595919,0.000666022,,51,0,0,0,28.7804,0.0,0.0,0.0,0.0,,17,32,8,213,0.0,0.0533027,0.00300764,0.00820797,0.00158417,,20,32,4,29,0.0,0.0279307,0.00208744,0.0034691,0.000285898,,65,1,1,15000,0.0,0.57443,0.000610248,0.484683,0.0839867,,15,32,12,627,0.0,0.0907164,0.00377922,0.0247406,0.00472472,,80,2,2,15000,0.0,0.089895,0.000755383,0.418984,0.0796187,,69,4,4,14982,0.0,0.102038,0.00133933,0.400821,0.0804617,,12,32,4,38,0.0,0.0312031,0.0022188,0.00331682,0.00035347,,11,32,24,574,0.0,0.138785,0.00813276,0.0169958,0.00435964,,49,4,8,15000,0.0,0.120761,0.00277124,0.432308,0.0826375,,32,32,24,501,0.0,0.13139,0.00811156,0.0148777,0.00412185,,9,32,14,158,0.0,0.0797087,0.00571431,0.00658677,0.00140195,,,,,,
56,3,4,15000,0.0,0.136079,0.00139168,0.418953,0.115188,,28,33,22,408,0.0,0.129369,0.00783952,0.0130847,0.00328707,,1,33,12,132,0.0,0.0666257,0.00406801,0.00659819,0.00123159,,92,0,0,0,30.0074,0.0,0.0,0.0,0.0,,55,0,0,0,28.9797,0.0,0.0,0.0,0.0,,60,3,4,15000,0.0,0.102785,0.001332,0.412715,0.0784523,,53,4,6,14993,0.0,0.108679,0.0021531,0.405246,0.0800263,,62,1,1,15000,0.0,0.625742,0.000649199,0.535635,0.0834766,,43,33,8,52,0.0,0.0498421,0.00298029,0.00432434,0.000569434,,36,33,6,44,0.0,0.0373319,0.00256187,0.00343346,0.000466407,,88,1,1,15000,0.0,0.477131,0.00062201,0.390933,0.0801972,,29,33,10,87,0.0,0.0529735,0.00358564,0.00552533,0.000820769,,57,4,8,15000,0.0,0.125093,0.00262129,0.406205,0.0825533,,35,33,4,74,0.0,0.0284661,0.00226965,0.00538907,0.000600492,,59,3,2,14988,0.0,0.089968,0.000641463,0.404304,0.0797121,,75,2,2,15000,0.0,0.0896441,0.000741898,0.414222,0.0796278,,46,33,4,9,0.0,0.0195547,0.00137495,0.00307137,0.000195897,,40,33,4,32,0.0,0.0227504,0.00163871,0.00271788,0.000334905,,34,33,2,23,0.0,0.0135049,0.000676957,0.00520126,0.000230955,,70,4,8,15000,0.0,0.12639,0.00268415,0.389654,0.0858398,,52,2,2,15000,0.0,0.0923513,0.000695344,0.617824,0.0821568,,48,4,8,15000,0.0,0.141531,0.00260785,0.708879,0.0858517,,58,2,2,15000,0.0,0.0898411,0.00129191,0.45743,0.0781661,,63,4,4,14986,0.0,0.100768,0.00135981,0.403411,0.080243,,27,33,12,170,0.0,0.0768789,0.00417481,0.00785527,0.00142078,,66,0,0,0,29.7718,0.0,0.0,0.0,0.0,,25,33,6,72,0.0,0.0410458,0.00244201,0.00368737,0.000640689,,64,1,1,15000,0.0,0.58837,0.00066957,0.496998,0.0840789,,33,33,6,94,0.0,0.0363255,0.0022834,0.00534925,0.000800028,,72,2,2,15000,0.0,0.0890097,0.000723349,0.436471,0.0787034,,19,33,4,30,0.0,0.023311,0.00148762,0.00471339,0.000307921,,3,33,10,131,0.0,0.0526618,0.00329564,0.00673042,0.00128767,,83,0,0,0,28.7219,0.0,0.0,0.0,0.0,,23,33,6,56,0.0,0.0375126,0.0023206,0.00349727,0.00058111,,21,33,8,79,0.0,0.0483921,0.0030981,0.00526661,0.000806246,,16,33,6,58,0.0,0.0407421,0.00286602,0.00500229,0.000567371,,51,1,1,15000,0.0,0.818862,0.000833977,0.724086,0.0849757,,17,33,6,112,0.0,0.0341701,0.00237011,0.00559016,0.000923385,,71,0,0,0,29.4173,0.0,0.0,0.0,0.0,,65,2,2,15000,0.0,0.0916629,0.000711755,0.423592,0.081246,,15,33,16,589,0.0,0.104351,0.00527379,0.022066,0.00441846,,80,3,4,15000,0.0,0.102148,0.00140191,0.401629,0.0814745,,69,5,6,14968,0.0,0.112306,0.00194071,0.394616,0.0828489,,12,33,2,8,0.0,0.0102588,0.001477,0.00486159,0.000111707,,11,33,22,475,0.0,0.123554,0.00727502,0.013471,0.0035489,,49,5,14,14989,0.0,0.152562,0.00466454,0.40183,0.0834151,,32,33,18,371,0.0,0.0899925,0.00574206,0.0117319,0.00295129,,9,33,6,62,0.0,0.041037,0.00263245,0.00572113,0.000549814,,,,,,
56,4,8,15000,0.0,0.157864,0.00281295,0.403401,0.117481,,28,34,12,149,0.0,0.0714425,0.00401199,0.00671617,0.00140977,,1,34,8,69,0.0,0.0430428,0.00281547,0.00439505,0.000716854,,92,1,1,15000,0.0,0.482795,0.000630437,0.394499,0.0815563,,55,1,1,15000,0.0,0.765148,0.000848603,0.672027,0.0843538,,60,4,8,15000,0.0,0.118047,0.00279974,0.393925,0.0799415,,53,5,12,14993,0.0,0.14101,0.00406084,0.395273,0.0817895,,62,2,2,15000,0.0,0.090128,0.000807425,0.449042,0.0796088,,84,0,0,0,28.8423,0.0,0.0,0.0,0.0,,77,0,0,0,30.4765,0.0,0.0,0.0,0.0,,88,2,2,15000,0.0,0.0916655,0.000750779,0.409607,0.080312,,29,34,2,6,0.0,0.00948169,0.00131332,0.00218834,0.000117551,,57,5,16,15000,0.0,0.170209,0.00540216,0.398893,0.0878586,,35,34,2,53,0.0,0.0149718,0.00156116,0.00454854,0.000374372,,59,4,4,14988,0.0,0.0999395,0.00132535,0.387334,0.0798876,,75,3,4,15000,0.0,0.103027,0.00136413,0.411881,0.0789515,,93,0,0,0,30.1113,0.0,0.0,0.0,0.0,,40,34,2,5,0.0,0.0111188,0.000804364,0.00253811,0.000108633,,34,34,2,5,0.0,0.00985323,0.000633044,0.0054813,9.131e-05,,70,5,16,15000,0.0,0.166337,0.00519185,0.377173,0.0886108,,52,3,4,15000,0.0,0.0990789,0.00165932,0.461431,0.0809606,,48,5,16,15000,0.0,0.215641,0.00653117,0.686616,0.0879097,,58,3,4,15000,0.0,0.103138,0.00132619,0.413749,0.0816964,,63,5,8,14986,0.0,0.120529,0.00268038,0.399712,0.0811017,,27,34,6,84,0.0,0.0293821,0.00217551,0.00481855,0.000775,,66,1,1,15000,0.0,0.572445,0.000670473,0.48406,0.0820594,,25,34,2,12,0.0,0.00961153,0.00100379,0.00337862,0.000147068,,64,2,2,15000,0.0,0.0886765,0.000887576,0.432733,0.0779102,,33,34,6,79,0.0,0.0386658,0.00238489,0.00411288,0.000659947,,72,3,4,15000,0.0,0.100019,0.00142255,0.414735,0.0787806,,19,34,2,5,0.0,0.0105239,0.000806713,0.00265951,8.7292e-05,,3,34,8,62,0.0,0.0387463,0.00258794,0.00426677,0.000685658,,83,1,1,15000,0.0,0.488191,0.000597753,0.397624,0.0821978,,23,34,2,24,0.0,0.0113829,0.00109607,0.00395637,0.000235904,,21,34,4,56,0.0,0.0287225,0.00187945,0.00349085,0.00049006,,16,34,2,10,0.0,0.011789,0.00155757,0.00444312,0.000130969,,51,2,2,15000,0.0,0.098871,0.000771389,0.638376,0.0846133,,17,34,2,89,0.0,0.0146615,0.00108877,0.00580859,0.000636739,,71,1,1,15000,0.0,0.549071,0.000625243,0.457811,0.083232,,65,3,4,15000,0.0,0.107164,0.00132108,0.397883,0.0820857,,15,34,14,452,0.0,0.0965702,0.00427459,0.0178176,0.00343502,,80,4,8,15000,0.0,0.124471,0.00273362,0.400708,0.0839788,,69,6,10,14954,0.0,0.132883,0.00341255,0.427082,0.0851293,,50,0,0,0,30.3107,0.0,0.0,0.0,0.0,,11,34,10,258,0.0,0.0490939,0.00342422,0.00869939,0.00193286,,49,6,28,14989,0.0,0.280269,0.00902887,0.392327,0.0918399,,32,34,16,295,0.0,0.081891,0.00527218,0.0100558,0.00240749,,9,34,2,14,0.0,0.0136517,0.001267,0.0031059,0.000172515,,,,,,
56,5,12,14981,0.0,0.14547,0.00397415,0.391859,0.08366,,28,35,4,85,0.0,0.0217917,0.00146949,0.0040603,0.00070114,,1,35,2,10,0.0,0.0100847,0.000766755,0.00270804,0.000133149,,92,2,2,15000,0.0,0.0888752,0.000777413,0.412215,0.0779339,,55,2,2,15000,0.0,0.0902741,0.000833192,0.526758,0.0803937,,60,5,14,14990,0.0,0.152814,0.00457762,0.399832,0.0830877,,53,6,14,14919,0.0,0.154355,0.0045216,0.38542,0.0856425,,62,3,4,15000,0.0,0.101019,0.00136263,0.409231,0.0800093,,84,1,1,15000,0.0,0.478245,0.000619238,0.389196,0.0819296,,77,1,1,15000,0.0,0.519111,0.000667636,0.427785,0.0832033,,88,3,4,15000,0.0,0.102111,0.00135679,0.40835,0.0805595,,67,0,0,0,29.5205,0.0,0.0,0.0,0.0,,57,6,28,14979,0.0,0.250039,0.00954531,0.39057,0.104863,,35,35,2,32,0.0,0.0110823,0.00149472,0.00465151,0.000280127,,59,5,6,14972,0.0,0.109535,0.0019821,0.398779,0.0793541,,75,4,6,14987,0.0,0.116158,0.0020682,0.40234,0.0813391,,93,1,1,15000,0.0,0.529881,0.000625206,0.396597,0.127164,,86,0,0,0,30.4321,0.0,0.0,0.0,0.0,,74,0,0,0,30.7217,0.0,0.0,0.0,0.0,,70,6,26,14969,0.0,0.208473,0.00881467,0.396724,0.0908273,,52,4,8,15000,0.0,0.121227,0.0032032,0.409842,0.0814768,,48,6,26,14960,0.0,0.277223,0.00941248,0.688556,0.0944342,,58,4,8,15000,0.0,0.12969,0.00278315,0.394328,0.0841968,,63,6,16,14986,0.0,0.161447,0.00510155,0.418292,0.0828692,,27,35,8,55,0.0,0.0450385,0.00286479,0.00432364,0.000599169,,66,2,2,15000,0.0,0.0886122,0.000746546,0.438125,0.0773268,,79,0,0,0,29.9752,0.0,0.0,0.0,0.0,,64,3,4,15000,0.0,0.100239,0.00133347,0.398301,0.080065,,33,35,2,22,0.0,0.0118506,0.000992271,0.00369086,0.000233926,,72,4,4,14963,0.0,0.0994515,0.00138401,0.468234,0.0787985,,85,0,0,0,27.9317,0.0,0.0,0.0,0.0,,3,35,4,28,0.0,0.0204236,0.00139912,0.00371158,0.000280154,,83,2,2,15000,0.0,0.0902229,0.000717939,0.406468,0.0798477,,23,35,2,9,0.0,0.0117926,0.000707277,0.00289817,0.000132471,,21,35,4,19,0.0,0.0237674,0.00180058,0.00265899,0.000265958,,61,0,0,0,30.3646,0.0,0.0,0.0,0.0,,51,3,4,15000,0.0,0.103697,0.00160808,0.50339,0.0818208,,17,35,2,77,0.0,0.0127199,0.000982912,0.00548008,0.000593553,,71,2,2,15000,0.0,0.089077,0.000738109,0.417946,0.0778699,,65,4,6,14988,0.0,0.113386,0.00203789,0.387767,0.0833754,,15,35,16,395,0.0,0.120641,0.00533277,0.0164214,0.00296579,,80,5,16,15000,0.0,0.164034,0.00549855,0.414023,0.0880219,,69,7,18,14939,0.0,0.169443,0.00589679,0.443621,0.085579,,50,1,1,15000,0.0,0.826691,0.000879153,0.732671,0.0859283,,11,35,4,180,0.0,0.0225176,0.00146841,0.00625734,0.00120838,,49,7,42,14903,0.0,0.29261,0.0137653,0.377006,0.0966667,,32,35,14,237,0.0,0.068342,0.00479453,0.00858254,0.00193873,,9,35,2,6,0.0,0.0103006,0.00085668,0.0047505,9.3886e-05,,,,,,
56,6,18,14936,0.0,0.187306,0.00550085,0.383088,0.102849,,28,36,4,81,0.0,0.0236275,0.00156308,0.00424141,0.000628143,,91,0,0,0,28.988,0.0,0.0,0.0,0.0,,92,3,4,15000,0.0,0.102054,0.00139762,0.427767,0.0809876,,55,3,4,15000,0.0,0.0978582,0.00199226,0.436727,0.0796057,,60,6,18,14934,0.0,0.16589,0.00595343,0.39664,0.0842768,,53,7,20,14867,0.0,0.206088,0.00664,0.400992,0.0876904,,62,4,8,15000,0.0,0.121457,0.00263096,0.410134,0.0812835,,84,2,2,15000,0.0,0.0884374,0.00075959,0.406469,0.0779784,,77,2,2,15000,0.0,0.0913863,0.000776078,0.407099,0.0810872,,88,4,8,15000,0.0,0.124264,0.00259521,0.407759,0.0843814,,67,1,1,15000,0.0,0.623595,0.000663234,0.478907,0.136779,,57,7,44,14886,0.0,0.311546,0.01436,0.391293,0.0940396,,35,36,2,25,0.0,0.0159762,0.000672377,0.00375522,0.000242605,,59,6,8,14950,0.0,0.122438,0.00280083,0.392215,0.0819186,,75,5,12,14987,0.0,0.147975,0.00401943,0.396132,0.0924344,,93,2,2,15000,0.0,0.136969,0.000708307,0.404899,0.127166,,86,1,1,15000,0.0,0.492643,0.000612564,0.404048,0.0821725,,74,1,1,15000,0.0,0.528919,0.000676283,0.438662,0.0830356,,70,7,44,14913,0.0,0.295218,0.0149758,0.40487,0.0993323,,52,5,12,14975,0.0,0.156771,0.00387904,0.385682,0.0869751,,48,7,40,14870,0.0,0.39923,0.0140034,0.652142,0.0934121,,58,5,16,15000,0.0,0.165433,0.00518826,0.383352,0.0882723,,63,7,26,14922,0.0,0.214215,0.00883825,0.443995,0.0890514,,27,36,2,12,0.0,0.00961765,0.000952603,0.00282745,0.000152997,,66,3,4,15000,0.0,0.0999361,0.00140606,0.416665,0.0797075,,79,1,1,15000,0.0,0.495936,0.000605692,0.40573,0.0824117,,64,4,8,15000,0.0,0.123861,0.00264708,0.394958,0.0836799,,33,36,2,17,0.0,0.0112468,0.00067756,0.00441758,0.000157175,,72,5,4,14953,0.0,0.102273,0.00135973,0.403116,0.0829776,,85,1,1,15000,0.0,0.493776,0.000623494,0.404485,0.08242,,94,0,0,0,29.2554,0.0,0.0,0.0,0.0,,83,3,4,15000,0.0,0.102398,0.00142305,0.392453,0.0820192,,76,0,0,0,30.3561,0.0,0.0,0.0,0.0,,78,0,0,0,30.6196,0.0,0.0,0.0,0.0,,61,1,1,15000,0.0,0.634855,0.000753163,0.539817,0.0843305,,51,4,8,15000,0.0,0.131384,0.00264552,0.417547,0.0870684,,17,36,2,68,0.0,0.0136653,0.000946325,0.00468723,0.000497058,,71,3,4,15000,0.0,0.100851,0.00130712,0.389602,0.0792821,,65,5,12,14988,0.0,0.141265,0.00394011,0.382609,0.0826871,,15,36,16,324,0.0,0.117643,0.00549529,0.0133548,0.00246834,,80,6,24,14939,0.0,0.206964,0.0081,0.420252,0.0896279,,69,8,26,14881,0.0,0.212847,0.0089298,0.464531,0.0893805,,50,2,2,15000,0.0,0.0975574,0.00077725,0.636462,0.0828877,,11,36,6,158,0.0,0.0316268,0.0021047,0.00616235,0.00120331,,49,8,54,14655,0.0,0.332426,0.0176842,0.381315,0.0901828,,32,36,6,157,0.0,0.0291487,0.00199278,0.00661135,0.00114115,,73,0,0,0,19.8284,0.0,0.0,0.0,0.0,,,,,,
56,7,34,14929,0.0,0.249141,0.0113952,0.398127,0.0937961,,28,37,2,36,0.0,0.0103857,0.000827675,0.00378993,0.000292118,,91,1,1,15000,0.0,0.489077,0.000697042,0.398615,0.0835033,,92,4,8,15000,0.0,0.123386,0.00275004,0.444773,0.0849316,,55,4,8,15000,0.0,0.121415,0.00263277,0.40064,0.0793531,,60,7,34,14924,0.0,0.244225,0.0107745,0.409625,0.0900915,,53,8,34,14829,0.0,0.289954,0.0113267,0.422348,0.0929644,,62,5,12,14987,0.0,0.13806,0.00391103,0.400768,0.0809156,,84,3,4,15000,0.0,0.101884,0.00149049,0.39686,0.0799122,,77,3,4,15000,0.0,0.103184,0.00148508,0.404155,0.0826677,,88,5,16,15000,0.0,0.181318,0.00534784,0.428526,0.0965325,,67,2,2,15000,0.0,0.142393,0.000754381,0.419957,0.129728,,57,8,60,14721,0.0,0.394868,0.0186227,0.419506,0.100284,,35,37,2,5,0.0,0.0116543,0.001462,0.00544301,0.00011173,,59,7,14,14920,0.0,0.153455,0.00481811,0.401404,0.0865943,,75,6,22,14983,0.0,0.19829,0.00752499,0.401035,0.0952356,,93,3,4,15000,0.0,0.148096,0.00140059,0.407951,0.128717,,86,2,2,15000,0.0,0.0891963,0.000771017,0.397695,0.0784084,,74,2,2,15000,0.0,0.089904,0.000712442,0.416173,0.0794536,,70,8,72,14824,0.0,0.427691,0.023803,0.417818,0.1007,,52,6,22,14951,0.0,0.21296,0.0070864,0.380122,0.0887788,,48,8,54,14675,0.0,0.488271,0.0208466,0.610661,0.0940782,,58,6,28,14966,0.0,0.218869,0.00871667,0.378189,0.0947282,,63,8,24,14780,0.0,0.214797,0.00837023,0.454317,0.090108,,87,0,0,0,29.7912,0.0,0.0,0.0,0.0,,66,4,8,15000,0.0,0.12775,0.00269081,0.402731,0.0824849,,79,2,2,15000,0.0,0.0911863,0.00072239,0.401603,0.0799885,,64,5,16,15000,0.0,0.165621,0.00539863,0.382765,0.0865081,,82,0,0,0,29.6443,0.0,0.0,0.0,0.0,,72,6,8,14953,0.0,0.124129,0.00277888,0.410715,0.0858304,,85,2,2,15000,0.0,0.0884111,0.000730972,0.409529,0.0778658,,94,1,1,15000,0.0,0.495788,0.000657661,0.406774,0.0821594,,83,4,8,15000,0.0,0.123867,0.0026692,0.390807,0.085603,,76,1,1,15000,0.0,0.521852,0.000632989,0.43209,0.082831,,78,1,1,15000,0.0,0.498951,0.00060311,0.410184,0.0826893,,61,2,2,15000,0.0,0.0881624,0.000705358,0.430994,0.0780811,,51,5,16,15000,0.0,0.166416,0.00534634,0.389873,0.0881843,,17,37,4,68,0.0,0.0244944,0.00175076,0.00439944,0.000549645,,71,4,8,15000,0.0,0.120031,0.00254278,0.387749,0.0816946,,65,6,18,14958,0.0,0.172992,0.00583552,0.40251,0.0903894,,15,37,12,220,0.0,0.0712801,0.00431006,0.00931725,0.00179356,,80,7,38,14868,0.0,0.274086,0.0129731,0.438046,0.0946368,,69,9,46,14838,0.0,0.317226,0.0164484,0.467989,0.0987577,,50,3,4,15000,0.0,0.103331,0.00131969,0.51022,0.0821683,,11,37,6,113,0.0,0.0298138,0.002038,0.00537346,0.00097173,,49,9,76,14539,0.0,0.544501,0.0241864,0.402333,0.151303,,32,37,8,107,0.0,0.039624,0.00269199,0.00553935,0.000918198,,73,1,1,15000,0.0,0.533122,0.000645361,0.442066,0.0831271,,,,,,
56,8,50,14786,0.0,0.329379,0.0165085,0.410738,0.0949564,,28,38,2,25,0.0,0.0094813,0.0006673,0.00452934,0.000231414,,91,2,2,15000,0.0,0.0908055,0.000735186,0.412663,0.0792935,,92,5,12,14971,0.0,0.147379,0.00422214,0.466188,0.0882542,,55,5,10,14957,0.0,0.13154,0.00337999,0.386817,0.082258,,60,8,44,14743,0.0,0.293729,0.0135582,0.43099,0.0876518,,53,9,54,14745,0.0,0.364977,0.0178154,0.436999,0.0973565,,62,6,16,14938,0.0,0.161521,0.00526356,0.410088,0.084845,,84,4,8,15000,0.0,0.12185,0.00265797,0.399366,0.0832188,,77,4,8,15000,0.0,0.121826,0.00272799,0.392852,0.0810848,,88,6,30,14987,0.0,0.238479,0.0092744,0.432164,0.098456,,67,3,4,15000,0.0,0.152817,0.0014313,0.393235,0.130114,,57,9,84,14490,0.0,0.485439,0.0301009,0.45596,0.0957957,,54,0,0,0,28.7534,0.0,0.0,0.0,0.0,,59,8,26,14913,0.0,0.215396,0.00877741,0.414605,0.0958795,,75,7,36,14894,0.0,0.261708,0.0118854,0.421772,0.0943758,,93,4,8,15000,0.0,0.120271,0.00283587,0.441741,0.0827176,,86,3,4,15000,0.0,0.0997918,0.00133882,0.393862,0.0794943,,74,3,4,15000,0.0,0.100155,0.00141941,0.400123,0.0805693,,70,9,104,14495,0.0,0.581963,0.0353133,0.442877,0.105236,,52,7,38,14883,0.0,0.289526,0.0121148,0.374846,0.0919932,,48,9,58,14441,0.0,0.50055,0.0200854,0.576073,0.0950354,,58,7,44,14891,0.0,0.292665,0.0143729,0.38387,0.0961137,,63,9,38,14747,0.0,0.286394,0.0134404,0.467469,0.09761,,87,1,1,15000,0.0,0.488111,0.000579412,0.398187,0.0822905,,66,5,14,14992,0.0,0.161174,0.00449911,0.386784,0.0849227,,79,3,4,15000,0.0,0.104564,0.00135622,0.400783,0.0838234,,64,6,30,14996,0.0,0.231792,0.0098432,0.40513,0.0932309,,82,1,1,15000,0.0,0.488482,0.000608469,0.398895,0.0820524,,72,7,16,14953,0.0,0.174057,0.00551218,0.428105,0.0983022,,85,3,4,15000,0.0,0.0998258,0.00138269,0.416916,0.0788922,,94,2,2,15000,0.0,0.0898576,0.00070642,0.413793,0.0795714,,83,5,16,15000,0.0,0.165009,0.00548562,0.409184,0.092549,,76,2,2,15000,0.0,0.0905642,0.000699586,0.413526,0.0788614,,78,2,2,15000,0.0,0.0905574,0.000715636,0.41299,0.0796496,,61,3,4,15000,0.0,0.100119,0.0016322,0.40681,0.078955,,51,6,26,14968,0.0,0.215755,0.00840255,0.378281,0.0903233,,17,38,2,33,0.0,0.0127262,0.00106314,0.00369704,0.000283671,,71,5,10,14969,0.0,0.13299,0.00323297,0.400812,0.0848686,,65,7,34,14951,0.0,0.245468,0.0113999,0.415395,0.0917849,,15,38,8,168,0.0,0.0565278,0.00329877,0.00756638,0.00128812,,80,8,62,14791,0.0,0.41462,0.0217937,0.432812,0.121703,,69,10,66,14720,0.0,0.411598,0.0240767,0.489942,0.0998828,,50,4,8,15000,0.0,0.128298,0.00323052,0.42406,0.0832252,,11,38,6,77,0.0,0.032696,0.00214733,0.00497344,0.000713751,,49,10,90,14161,0.0,0.527087,0.0312205,0.410074,0.101798,,32,38,4,43,0.0,0.0200574,0.00132472,0.00399981,0.000412371,,73,2,2,15000,0.0,0.0898775,0.000741809,0.435507,0.0798028,,,,,,
56,9,66,14562,0.0,0.399866,0.0229524,0.449002,0.0964792,,28,39,2,11,0.0,0.0115076,0.0007052,0.00277027,0.00013834,,91,3,4,15000,0.0,0.102076,0.00133276,0.414652,0.0819038,,92,6,24,14971,0.0,0.199829,0.0085233,0.502096,0.0898263,,55,6,16,14948,0.0,0.167247,0.00516048,0.37824,0.0859335,,60,9,56,14584,0.0,0.348493,0.0189373,0.477974,0.0908608,,53,10,74,14506,0.0,0.439847,0.025148,0.423786,0.095731,,62,7,26,14911,0.0,0.217215,0.00827982,0.427539,0.0915866,,84,5,14,14987,0.0,0.154032,0.00464916,0.399948,0.0905355,,77,5,10,14959,0.0,0.130505,0.00337409,0.412943,0.0821295,,88,7,46,14886,0.0,0.317386,0.0161093,0.460121,0.104579,,67,4,8,15000,0.0,0.176884,0.00271097,0.391887,0.133725,,57,10,102,14075,0.0,0.580255,0.0396027,0.448937,0.0959473,,54,1,1,15000,0.0,0.746526,0.000841881,0.653548,0.0859064,,59,9,44,14854,0.0,0.302267,0.0150164,0.424608,0.0980511,,75,8,58,14825,0.0,0.360678,0.0199663,0.459195,0.0977574,,93,5,16,15000,0.0,0.163781,0.00580245,0.462975,0.0894785,,86,4,8,15000,0.0,0.122847,0.00255449,0.405199,0.0844879,,74,4,8,15000,0.0,0.122943,0.00269799,0.393215,0.0825179,,70,10,126,14024,0.0,0.714767,0.0467727,0.451127,0.10738,,52,8,60,14807,0.0,0.377739,0.0189737,0.387816,0.103597,,48,10,70,14136,0.0,0.496714,0.0240918,0.485033,0.0995191,,58,8,62,14705,0.0,0.38165,0.0191872,0.407894,0.0965835,,63,10,54,14594,0.0,0.356893,0.0199914,0.484776,0.0972246,,87,2,2,15000,0.0,0.0901919,0.000740801,0.419588,0.0796661,,66,6,28,14992,0.0,0.231077,0.00936333,0.406543,0.0852951,,79,4,8,15000,0.0,0.124108,0.00271438,0.393634,0.0843253,,64,7,48,14891,0.0,0.310756,0.0162993,0.409267,0.0930695,,82,2,2,15000,0.0,0.0901746,0.000764557,0.414865,0.0794198,,72,8,26,14926,0.0,0.220768,0.00847508,0.455743,0.0966208,,85,4,6,14989,0.0,0.112956,0.00201127,0.408533,0.0840331,,94,3,4,15000,0.0,0.100034,0.00143568,0.428345,0.0804778,,83,6,32,15000,0.0,0.241982,0.0112026,0.423616,0.0932781,,76,3,4,15000,0.0,0.0995416,0.00141148,0.411975,0.0799637,,78,3,4,15000,0.0,0.103361,0.00140689,0.405879,0.0823588,,61,4,8,15000,0.0,0.125079,0.00294926,0.401846,0.0839452,,51,7,44,14897,0.0,0.304789,0.0141582,0.369294,0.100562,,17,39,2,27,0.0,0.00949162,0.000640043,0.00484939,0.000250065,,71,6,14,14927,0.0,0.195892,0.00470519,0.40644,0.131798,,65,8,58,14851,0.0,0.366189,0.019891,0.422328,0.0984166,,15,39,6,86,0.0,0.0306144,0.0027836,0.0054797,0.000748568,,80,9,86,14530,0.0,0.513961,0.0321786,0.446207,0.106928,,69,11,86,14361,0.0,0.509106,0.0321466,0.495631,0.0976684,,50,5,16,15000,0.0,0.174255,0.00569156,0.391955,0.0928409,,11,39,6,67,0.0,0.0336444,0.00208014,0.0040411,0.000561953,,49,11,118,13800,0.0,0.675085,0.0418143,0.414699,0.101024,,32,39,4,12,0.0,0.0190407,0.0013973,0.0031644,0.000230409,,73,3,4,15000,0.0,0.102082,0.00134846,0.395949,0.0820247,,,,,,
56,10,84,14284,0.0,0.497329,0.0308738,0.478814,0.106186,,89,0,0,0,29.9294,0.0,0.0,0.0,0.0,,91,4,8,15000,0.0,0.130235,0.00273781,0.424467,0.0866609,,92,7,42,14939,0.0,0.292761,0.014715,0.536023,0.0965059,,55,7,22,14882,0.0,0.19492,0.00708941,0.397438,0.092261,,60,10,58,14266,0.0,0.363308,0.021779,0.494088,0.102356,,53,11,92,14153,0.0,0.534568,0.0335325,0.448,0.098911,,62,8,38,14829,0.0,0.264004,0.0127803,0.437545,0.09147,,84,6,24,14960,0.0,0.199027,0.00823352,0.417432,0.0916269,,77,6,18,14942,0.0,0.167809,0.00592654,0.428155,0.0846551,,88,8,72,14757,0.0,0.436339,0.0259898,0.503332,0.101726,,67,5,12,14976,0.0,0.148816,0.00377196,0.38375,0.0928752,,57,11,130,13698,0.0,0.745845,0.0467814,0.47004,0.0959225,,54,2,2,15000,0.0,0.097615,0.000707917,0.54779,0.0830598,,59,10,66,14726,0.0,0.41673,0.0226473,0.421962,0.0991938,,75,9,88,14678,0.0,0.497511,0.030743,0.50105,0.0982778,,93,6,20,14921,0.0,0.18521,0.00712402,0.466931,0.0900186,,86,5,14,14987,0.0,0.150459,0.00453481,0.402215,0.0859225,,74,5,16,15000,0.0,0.160727,0.00500686,0.396073,0.0843847,,70,11,182,13551,0.0,1.08493,0.0677515,0.421926,0.105595,,52,9,90,14609,0.0,0.516998,0.0299209,0.402149,0.105122,,48,11,90,13878,0.0,0.576567,0.0316439,0.38798,0.0934966,,58,9,86,14442,0.0,0.484671,0.0294255,0.44146,0.0976045,,63,11,76,14394,0.0,0.474193,0.0276948,0.542709,0.101037,,87,3,4,15000,0.0,0.1067,0.00137876,0.400331,0.0825418,,66,7,34,14831,0.0,0.253941,0.0115277,0.415806,0.0893747,,79,5,14,14975,0.0,0.149934,0.00468257,0.408558,0.0845741,,64,8,70,14684,0.0,0.422434,0.0239006,0.417703,0.0985985,,82,3,4,15000,0.0,0.104999,0.0014187,0.405227,0.0847919,,72,9,48,14896,0.0,0.335152,0.0164245,0.461724,0.0992954,,85,5,12,14989,0.0,0.18846,0.00380282,0.415972,0.12592,,94,4,8,15000,0.0,0.122743,0.00276104,0.449383,0.0848104,,83,7,56,14952,0.0,0.357776,0.0181611,0.435189,0.0977439,,76,4,8,15000,0.0,0.133404,0.00270624,0.401889,0.0820352,,78,4,8,15000,0.0,0.124634,0.00271069,0.405397,0.0805513,,61,5,14,14980,0.0,0.157821,0.00448071,0.391304,0.0846666,,51,8,64,14785,0.0,0.386415,0.0208923,0.374236,0.100913,,17,40,2,9,0.0,0.0105715,0.00103439,0.00369292,0.000137776,,71,7,24,14908,0.0,0.20741,0.0081992,0.418666,0.0936608,,65,9,72,14567,0.0,0.438358,0.0249929,0.415985,0.101527,,15,40,4,57,0.0,0.0210912,0.00199143,0.00454587,0.000496055,,80,10,112,14211,0.0,0.648097,0.0417215,0.455677,0.106549,,69,12,104,13993,0.0,0.64715,0.0365038,0.465129,0.103504,,50,6,28,14953,0.0,0.224578,0.0093767,0.392614,0.0871796,,11,40,2,15,0.0,0.0105782,0.000854858,0.00280325,0.000135759,,49,12,158,13328,0.0,0.912824,0.0603517,0.42516,0.101784,,95,0,0,0,27.7513,0.0,0.0,0.0,0.0,,73,4,6,14991,0.0,0.111805,0.00199122,0.395057,0.0810124,,,,,,
56,11,110,13846,0.0,0.626867,0.0415811,0.477263,0.100075,,89,1,1,15000,0.0,0.472212,0.00058738,0.384078,0.0816524,,91,5,16,15000,0.0,0.175192,0.00573176,0.440196,0.0950813,,92,8,68,14844,0.0,0.434208,0.0246509,0.545046,0.097121,,55,8,30,14811,0.0,0.237554,0.00978814,0.407864,0.100205,,60,11,58,13962,0.0,0.369297,0.0216106,0.497725,0.0954198,,53,12,114,13675,0.0,0.649418,0.0388254,0.462089,0.0958645,,62,9,58,14653,0.0,0.371354,0.0211306,0.444683,0.102887,,84,7,40,14892,0.0,0.301484,0.014566,0.445196,0.117795,,77,7,28,14870,0.0,0.215435,0.00916692,0.441074,0.0875211,,88,9,104,14417,0.0,0.604573,0.0381731,0.493598,0.100365,,67,6,20,14961,0.0,0.187371,0.0068599,0.392742,0.0987526,,57,12,150,13057,0.0,0.973506,0.0559022,0.453002,0.0966889,,54,3,4,15000,0.0,0.105195,0.00130239,0.428008,0.081308,,59,11,102,14502,0.0,0.602494,0.033656,0.443031,0.102322,,75,10,124,14324,0.0,0.6895,0.0465003,0.494435,0.100413,,93,7,30,14855,0.0,0.225258,0.0109416,0.511577,0.0923926,,86,6,20,14955,0.0,0.17981,0.00719731,0.422055,0.0893062,,74,6,18,14916,0.0,0.175219,0.0060767,0.397518,0.0910457,,70,12,212,12762,0.0,1.40284,0.0764029,0.378033,0.0956107,,52,10,124,14226,0.0,0.673907,0.0416986,0.399736,0.102455,,48,12,112,13461,0.0,0.630453,0.0367408,0.33838,0.0886389,,58,10,116,14000,0.0,0.691472,0.042169,0.435022,0.0965292,,63,12,114,14137,0.0,0.708788,0.0437103,0.479756,0.108064,,87,4,8,15000,0.0,0.124002,0.00282606,0.409602,0.085763,,66,8,42,14652,0.0,0.296366,0.014883,0.432591,0.0978475,,79,6,18,14906,0.0,0.181513,0.00610419,0.418574,0.0947197,,64,9,90,14303,0.0,0.525917,0.0307967,0.444789,0.10223,,82,4,8,15000,0.0,0.122935,0.00274607,0.395228,0.0844582,,72,10,66,14708,0.0,0.420633,0.0238628,0.485884,0.0985344,,85,6,18,14966,0.0,0.175801,0.00616705,0.437064,0.0890432,,94,5,14,14996,0.0,0.177146,0.00499077,0.463278,0.110759,,83,8,76,14683,0.0,0.46126,0.0257786,0.451086,0.102664,,76,5,12,14976,0.0,0.137049,0.00402563,0.408372,0.0809547,,78,5,14,14972,0.0,0.158272,0.00456495,0.415305,0.0823331,,61,6,20,14942,0.0,0.180828,0.00639311,0.404292,0.087072,,51,9,98,14661,0.0,0.541633,0.0319619,0.402094,0.0993907,,81,0,0,0,29.9892,0.0,0.0,0.0,0.0,,71,8,42,14872,0.0,0.286015,0.0142684,0.437094,0.0972822,,65,10,108,14276,0.0,0.610053,0.0356236,0.438798,0.100988,,15,41,2,47,0.0,0.0107107,0.00143199,0.00298104,0.000355697,,80,11,134,13555,0.0,0.826662,0.0499909,0.438315,0.0993932,,69,13,128,13583,0.0,0.902826,0.0443112,0.424122,0.116516,,50,7,38,14840,0.0,0.271931,0.012671,0.377663,0.0952654,,90,0,0,0,29.0155,0.0,0.0,0.0,0.0,,49,13,186,12469,0.0,1.21515,0.0691364,0.379784,0.0946723,,95,1,1,15000,0.0,0.483591,0.000623818,0.396136,0.0813112,,73,5,10,14976,0.0,0.133024,0.00317063,0.383286,0.0844146,,,,,,
56,12,138,13402,0.0,0.826424,0.0488955,0.438202,0.0972757,,89,2,2,15000,0.0,0.0889392,0.000773782,0.405484,0.0784095,,91,6,28,14982,0.0,0.228241,0.00984858,0.467647,0.0899519,,92,9,88,14438,0.0,0.577333,0.0328983,0.549615,0.0984899,,55,9,56,14797,0.0,0.351362,0.0190063,0.42362,0.0992081,,60,12,86,13697,0.0,0.544626,0.0314563,0.490234,0.0947317,,53,13,140,13196,0.0,0.890482,0.0520289,0.453099,0.102074,,62,10,80,14481,0.0,0.469798,0.0302227,0.460731,0.106355,,84,8,56,14744,0.0,0.359978,0.0189537,0.456378,0.0979347,,77,8,34,14743,0.0,0.24635,0.0123703,0.475773,0.0911376,,88,10,122,13793,0.0,0.752602,0.0468805,0.463222,0.111752,,67,7,26,14875,0.0,0.216869,0.00870185,0.407266,0.0987862,,57,13,158,12231,0.0,1.06409,0.0576833,0.3939,0.0884693,,54,4,8,15000,0.0,0.125792,0.00276028,0.390726,0.0842139,,59,12,132,14009,0.0,0.793769,0.0494386,0.459896,0.101325,,75,11,142,13648,0.0,0.83257,0.0503808,0.455775,0.0980622,,93,8,42,14742,0.0,0.292817,0.0145705,0.528588,0.0951729,,86,7,30,14904,0.0,0.234236,0.00983668,0.442896,0.0946329,,74,7,26,14860,0.0,0.212063,0.00893398,0.431812,0.0870392,,70,13,256,11770,0.0,1.82857,0.0908604,0.345752,0.0902417,,52,11,160,13792,0.0,0.867292,0.0565836,0.434253,0.103823,,48,13,132,12874,0.0,0.695827,0.0418372,0.318778,0.0877621,,58,11,140,13397,0.0,0.795496,0.0484677,0.443874,0.0941621,,63,13,152,13656,0.0,1.02212,0.0542456,0.432613,0.100395,,87,5,16,15000,0.0,0.164962,0.00526595,0.413036,0.0914554,,66,9,64,14532,0.0,0.420839,0.021517,0.453415,0.116996,,79,7,28,14830,0.0,0.217092,0.00950174,0.440095,0.0886301,,64,10,100,13942,0.0,0.582364,0.035945,0.472232,0.106101,,82,5,16,15000,0.0,0.168167,0.00559026,0.411742,0.0933561,,72,11,94,14484,0.0,0.559146,0.0352376,0.509231,0.0969009,,85,7,30,14927,0.0,0.256744,0.0108265,0.461344,0.109898,,94,6,24,14976,0.0,0.204429,0.00846661,0.466736,0.0915773,,83,9,82,14322,0.0,0.502481,0.0280572,0.477018,0.0978104,,76,6,22,14947,0.0,0.184524,0.00721423,0.420466,0.0834447,,78,6,22,14935,0.0,0.188741,0.00694443,0.43125,0.0834903,,61,7,24,14858,0.0,0.193975,0.00794528,0.427851,0.0843066,,51,10,124,14177,0.0,0.685784,0.0423754,0.398656,0.110785,,81,1,1,15000,0.0,0.497551,0.000590858,0.407937,0.0821683,,71,9,62,14735,0.0,0.386953,0.0215462,0.433831,0.0969933,,65,11,138,13831,0.0,0.808165,0.0517569,0.455763,0.101748,,15,42,2,9,0.0,0.0117936,0.001323,0.00222408,0.000128524,,80,12,180,13028,0.0,1.19456,0.0652295,0.416841,0.0965984,,69,14,164,13006,0.0,1.14553,0.0568647,0.406579,0.0979678,,50,8,50,14708,0.0,0.323079,0.0165339,0.387267,0.0936661,,90,1,1,15000,0.0,0.472358,0.000591838,0.385139,0.0815418,,49,14,216,11494,0.0,1.49101,0.0754264,0.349285,0.0912738,,95,2,2,15000,0.0,0.0948482,0.000700494,0.410997,0.0827741,,73,6,18,14905,0.0,0.166741,0.00605472,0.404515,0.084434,,,,,,
56,13,166,12734,0.0,1.09419,0.0611523,0.397503,0.0937232,,89,3,2,14988,0.0,0.0902199,0.000696678,0.399676,0.0793549,,91,7,38,14893,0.0,0.289649,0.0130709,0.474039,0.0997375,,92,10,116,14201,0.0,0.800267,0.0439936,0.501232,0.100428,,55,10,84,14530,0.0,0.495315,0.0282629,0.411638,0.0984939,,60,13,106,13330,0.0,0.706261,0.0401029,0.441813,0.0927742,,53,14,158,12548,0.0,1.07371,0.0581283,0.399088,0.0908412,,62,11,104,14121,0.0,0.589322,0.0378676,0.45799,0.103337,,84,9,72,14539,0.0,0.446396,0.0260254,0.485005,0.0992412,,77,9,48,14664,0.0,0.315377,0.0166861,0.518633,0.0925653,,88,11,152,13349,0.0,1.03235,0.0528917,0.42255,0.0987378,,67,8,48,14833,0.0,0.313202,0.0167609,0.431752,0.0993376,,57,14,154,11232,0.0,1.11498,0.0574157,0.355692,0.0872788,,54,5,14,14988,0.0,0.153526,0.00468996,0.384429,0.0856443,,59,13,160,13381,0.0,1.06803,0.0593746,0.425592,0.10541,,75,12,170,13013,0.0,1.13136,0.0605654,0.424724,0.0933151,,93,9,64,14586,0.0,0.449143,0.0224125,0.527185,0.0985791,,86,8,42,14744,0.0,0.291097,0.014955,0.446463,0.0943545,,74,8,36,14773,0.0,0.256281,0.0119367,0.46899,0.0889839,,70,14,288,10497,0.0,2.18928,0.100862,0.309599,0.0826395,,52,12,194,13074,0.0,1.15469,0.072181,0.400939,0.0994048,,48,14,158,12198,0.0,0.812983,0.0534569,0.324582,0.0850803,,58,12,148,12680,0.0,0.969627,0.0552058,0.422594,0.091956,,63,14,184,12863,0.0,1.29583,0.0680088,0.410562,0.0949324,,87,6,24,14943,0.0,0.199626,0.00822778,0.430024,0.0905894,,66,10,90,14369,0.0,0.543023,0.032358,0.470048,0.117351,,79,8,40,14746,0.0,0.276321,0.0138929,0.460731,0.0922199,,64,11,134,13460,0.0,0.802679,0.0507001,0.448488,0.103404,,82,6,28,14973,0.0,0.220634,0.00986434,0.42413,0.0919252,,72,12,98,13953,0.0,0.614117,0.0370552,0.512888,0.0922508,,85,8,48,14828,0.0,0.341208,0.0162538,0.480698,0.108778,,94,7,36,14904,0.0,0.265482,0.0138053,0.509001,0.0966649,,83,10,118,13965,0.0,0.731431,0.0441817,0.481483,0.105219,,76,7,32,14834,0.0,0.23804,0.00994589,0.446082,0.0882629,,78,7,28,14845,0.0,0.217744,0.00951079,0.461539,0.0890777,,61,8,34,14729,0.0,0.252621,0.0110984,0.428558,0.0918133,,51,11,156,13636,0.0,0.849347,0.0530789,0.426063,0.102791,,81,2,2,15000,0.0,0.0904596,0.000746537,0.420069,0.0796302,,71,10,90,14504,0.0,0.534085,0.0290712,0.465693,0.0984985,,65,12,158,13062,0.0,1.02846,0.0595146,0.434165,0.0943058,,68,0,0,0,29.2291,0.0,0.0,0.0,0.0,,80,13,208,12108,0.0,1.4763,0.072187,0.379831,0.0882904,,69,15,194,12301,0.0,1.4071,0.0692372,0.371037,0.0953023,,50,9,70,14447,0.0,0.422644,0.0231408,0.411973,0.0959297,,90,2,2,15000,0.0,0.0906854,0.000734022,0.409427,0.0796682,,49,15,226,10259,0.0,1.6425,0.0800804,0.305632,0.0788752,,95,3,4,15000,0.0,0.10684,0.00138629,0.426394,0.0854122,,73,7,24,14631,0.0,0.219077,0.00824704,0.416473,0.108671,,,,,,
56,14,182,11782,0.0,1.27787,0.0674664,0.367755,0.0870216,,89,4,4,14988,0.0,0.100629,0.0013371,0.421235,0.0807163,,91,8,54,14716,0.0,0.363419,0.0177436,0.482859,0.1002,,92,11,142,13526,0.0,0.986125,0.052311,0.471291,0.104349,,55,11,122,14087,0.0,0.68823,0.0425309,0.424397,0.104232,,60,14,142,12929,0.0,0.959736,0.0514939,0.419182,0.0928989,,53,15,172,11732,0.0,1.23176,0.0586252,0.36631,0.0857712,,62,12,134,13765,0.0,0.809306,0.0489341,0.446817,0.101831,,84,10,94,14227,0.0,0.55466,0.032569,0.499639,0.0977219,,77,10,72,14465,0.0,0.468139,0.0263081,0.521012,0.107486,,88,12,194,12523,0.0,1.37095,0.0724607,0.402578,0.105031,,67,9,66,14610,0.0,0.413599,0.022441,0.458397,0.110284,,57,15,152,10326,0.0,1.13494,0.0528032,0.324079,0.0767256,,54,6,24,14968,0.0,0.201388,0.00767131,0.377693,0.0888106,,59,14,168,12479,0.0,1.11228,0.0597069,0.365725,0.0988092,,75,13,180,12076,0.0,1.28007,0.0659054,0.40298,0.0846296,,93,10,102,14334,0.0,0.690961,0.0382731,0.507266,0.101218,,86,9,56,14630,0.0,0.354929,0.0206023,0.464517,0.0972797,,74,9,38,14571,0.0,0.292707,0.0130361,0.484394,0.108132,,70,15,290,8884,0.0,2.22036,0.100785,0.259519,0.0707532,,52,13,204,11888,0.0,1.35226,0.0746886,0.355588,0.0907081,,48,15,158,11308,0.0,0.820475,0.0562574,0.327947,0.0789597,,58,13,170,11946,0.0,1.12976,0.0636455,0.365994,0.0885934,,63,15,216,11963,0.0,1.5807,0.0771511,0.359632,0.0922779,,87,7,38,14894,0.0,0.268431,0.0132593,0.478505,0.0954658,,66,11,108,13918,0.0,0.653839,0.0391587,0.483356,0.0989544,,79,9,54,14570,0.0,0.348083,0.0198476,0.493622,0.099397,,64,12,162,12864,0.0,1.08266,0.059863,0.388975,0.0934032,,82,7,38,14865,0.0,0.272494,0.0134511,0.446795,0.0942249,,72,13,128,13537,0.0,0.882734,0.0470932,0.475634,0.0920633,,85,9,66,14653,0.0,0.425069,0.0232526,0.494669,0.0993648,,94,8,66,14820,0.0,0.419491,0.024488,0.523578,0.10051,,83,11,164,13568,0.0,1.08773,0.0606329,0.442506,0.100592,,76,8,50,14770,0.0,0.319481,0.0171822,0.48648,0.0895136,,78,8,38,14727,0.0,0.274877,0.0134569,0.482058,0.101207,,61,9,52,14625,0.0,0.328047,0.0176834,0.462154,0.0911838,,51,12,154,12695,0.0,0.903896,0.058847,0.408352,0.0965502,,81,3,4,15000,0.0,0.103416,0.00134175,0.396572,0.0832729,,71,11,130,14200,0.0,0.767518,0.0467552,0.491676,0.0983452,,65,13,172,12288,0.0,1.14636,0.0605394,0.380687,0.0896792,,68,1,1,15000,0.0,0.55974,0.000651046,0.469009,0.0839248,,80,14,214,10846,0.0,1.57891,0.0780735,0.346785,0.0806787,,69,16,242,11355,0.0,1.80474,0.0876144,0.342892,0.0871867,,50,10,96,14247,0.0,0.555848,0.034245,0.4272,0.101097,,90,3,4,15000,0.0,0.0993096,0.00136045,0.405077,0.0802934,,49,16,218,8777,0.0,1.65596,0.0719067,0.259339,0.0754812,,95,4,8,15000,0.0,0.125203,0.00304438,0.426734,0.087523,,73,8,32,14479,0.0,0.237672,0.0102917,0.431752,0.0888044,,,,,,
56,15,196,10885,0.0,1.45342,0.0725692,0.335604,0.0872029,,89,5,8,14988,0.0,0.125535,0.00260409,0.432127,0.0835152,,91,9,82,14529,0.0,0.517843,0.0308238,0.49781,0.111708,,92,12,132,12633,0.0,0.955369,0.0459276,0.429913,0.0898475,,55,12,154,13513,0.0,0.904677,0.0559656,0.446096,0.102141,,60,15,164,12282,0.0,1.18529,0.0550755,0.393403,0.0886508,,53,16,182,10717,0.0,1.33542,0.0627653,0.335835,0.077117,,62,13,172,13242,0.0,1.14128,0.0623816,0.413598,0.101424,,84,11,106,13707,0.0,0.675152,0.0387604,0.476826,0.0949011,,77,11,104,14214,0.0,0.653741,0.0394433,0.515144,0.0966402,,88,13,196,11353,0.0,1.45743,0.067921,0.35399,0.0853579,,67,10,100,14356,0.0,0.590018,0.0347129,0.465904,0.108868,,57,16,180,9654,0.0,1.36943,0.0638193,0.291635,0.0750547,,54,7,34,14874,0.0,0.251296,0.0112005,0.38957,0.0926766,,59,15,200,11670,0.0,1.40709,0.0756076,0.346753,0.090541,,75,14,194,11097,0.0,1.44099,0.065196,0.372689,0.0778563,,93,11,136,13892,0.0,0.92533,0.0508084,0.47447,0.0969858,,86,10,84,14392,0.0,0.492415,0.0321871,0.504262,0.099059,,74,10,48,14431,0.0,0.334929,0.0173736,0.485643,0.097779,,70,16,232,6804,0.0,1.81485,0.0832219,0.199023,0.0551822,,52,14,226,10889,0.0,1.59035,0.0786069,0.317843,0.0836124,,48,16,178,10518,0.0,0.95017,0.0613293,0.337891,0.0778212,,58,14,192,10976,0.0,1.35576,0.0664824,0.33973,0.0833795,,63,16,220,10700,0.0,1.67302,0.0736247,0.315989,0.0831464,,87,8,56,14776,0.0,0.360414,0.0187942,0.500337,0.0986889,,66,12,138,13470,0.0,0.919171,0.0521324,0.448495,0.100711,,79,10,78,14394,0.0,0.476663,0.0285854,0.484684,0.105929,,64,13,188,12072,0.0,1.32011,0.0645223,0.38168,0.0888268,,82,8,58,14729,0.0,0.376736,0.0199456,0.44012,0.0977943,,72,14,162,12904,0.0,1.15133,0.0650941,0.447665,0.0900337,,85,10,94,14306,0.0,0.577894,0.0349298,0.496427,0.100329,,94,9,92,14600,0.0,0.601229,0.0340613,0.520218,0.109581,,83,12,186,12651,0.0,1.27417,0.0654848,0.388331,0.0997318,,76,9,66,14549,0.0,0.393541,0.0240655,0.521848,0.0917651,,78,9,44,14534,0.0,0.290652,0.0167245,0.515458,0.08895,,61,10,70,14379,0.0,0.408345,0.0264855,0.483014,0.0946227,,51,13,178,11758,0.0,1.17638,0.0620056,0.354785,0.0920512,,81,4,8,15000,0.0,0.127768,0.00259563,0.394121,0.0857896,,71,12,160,13623,0.0,1.05994,0.0598613,0.473763,0.096375,,65,14,186,11431,0.0,1.32113,0.0675059,0.359651,0.0835618,,68,2,2,15000,0.0,0.0945714,0.000716717,0.424556,0.0796524,,80,15,228,9582,0.0,1.72105,0.0820495,0.300952,0.0731406,,69,17,240,10031,0.0,1.85497,0.0843702,0.300934,0.0776806,,50,11,106,13679,0.0,0.617935,0.0388491,0.43812,0.0972554,,90,4,8,15000,0.0,0.122375,0.0026228,0.406186,0.0848283,,49,17,196,7452,0.0,1.64468,0.0687529,0.221163,0.0601116,,95,5,16,15000,0.0,0.169382,0.00563855,0.497942,0.0926446,,73,9,46,14420,0.0,0.309372,0.0159386,0.435327,0.0924558,,,,,,
56,16,214,9840,0.0,1.62384,0.0772044,0.296563,0.0735011,,89,6,12,14970,0.0,0.143794,0.00409163,0.434115,0.0880586,,91,10,118,14145,0.0,0.735613,0.0461017,0.504416,0.0998266,,92,13,182,12091,0.0,1.3482,0.0642243,0.385828,0.0907952,,55,13,190,12768,0.0,1.26424,0.0727455,0.389377,0.0962394,,60,16,174,11317,0.0,1.28311,0.0599,0.348391,0.0818977,,53,17,194,9848,0.0,1.46488,0.0697984,0.30205,0.0734695,,62,14,184,12249,0.0,1.30234,0.0699392,0.378479,0.0913382,,84,12,140,13185,0.0,0.926511,0.0514331,0.4379,0.0933763,,77,12,114,13552,0.0,0.797815,0.0467444,0.443486,0.0985324,,88,14,236,10341,0.0,1.77206,0.0796717,0.311215,0.0808272,,67,11,136,13982,0.0,0.809143,0.048949,0.474992,0.105189,,57,17,172,8599,0.0,1.32849,0.0605933,0.259767,0.0663182,,54,8,56,14816,0.0,0.345219,0.0183151,0.402047,0.0989084,,59,16,220,10538,0.0,1.62211,0.078635,0.315198,0.0823695,,75,15,198,9941,0.0,1.51553,0.0706527,0.328203,0.0719742,,93,12,138,13114,0.0,1.00651,0.0463191,0.430504,0.0935547,,86,11,100,14022,0.0,0.613759,0.0354193,0.475358,0.0994117,,74,11,68,14263,0.0,0.434498,0.0236206,0.502804,0.0964798,,70,17,200,5510,0.0,1.59164,0.0723516,0.167187,0.043736,,52,15,238,9661,0.0,1.76757,0.0853315,0.291475,0.0741887,,48,17,152,9500,0.0,0.875864,0.0574294,0.317054,0.0704495,,58,15,192,10046,0.0,1.42157,0.0687827,0.315004,0.0811999,,63,17,244,9492,0.0,1.8934,0.0851489,0.278318,0.0759671,,87,9,84,14634,0.0,0.509463,0.03038,0.503928,0.101322,,66,13,174,12816,0.0,1.17287,0.0642409,0.396363,0.0943885,,79,11,110,14189,0.0,0.678983,0.0405324,0.481165,0.101892,,64,14,188,10596,0.0,1.38162,0.0685199,0.322618,0.0789855,,82,9,92,14559,0.0,0.546932,0.0300913,0.471253,0.0999658,,72,15,154,12029,0.0,1.17288,0.0541313,0.407245,0.086127,,85,11,112,13696,0.0,0.727634,0.0420052,0.458558,0.103389,,94,10,130,14292,0.0,0.894094,0.0487891,0.46088,0.105101,,83,13,214,11736,0.0,1.56401,0.0763531,0.358872,0.0888032,,76,10,82,14280,0.0,0.484026,0.030477,0.527436,0.0944784,,78,10,58,14375,0.0,0.37197,0.0206675,0.511984,0.0946368,,61,11,88,14109,0.0,0.513333,0.0324311,0.4872,0.100198,,51,14,196,10804,0.0,1.35192,0.0739584,0.328006,0.0864488,,81,5,16,15000,0.0,0.161968,0.00541184,0.40436,0.0872743,,71,13,182,12880,0.0,1.23177,0.0646443,0.414302,0.0926826,,65,15,178,10263,0.0,1.31199,0.0645972,0.320249,0.0771982,,68,3,4,15000,0.0,0.100663,0.00137685,0.401933,0.0800108,,80,16,194,8011,0.0,1.48079,0.0683317,0.244125,0.0611055,,69,18,238,8611,0.0,1.84905,0.0844473,0.2554,0.0698327,,50,12,156,13300,0.0,0.907719,0.0567386,0.461152,0.0953028,,90,5,14,14971,0.0,0.159468,0.00456236,0.420303,0.0875023,,49,18,172,6273,0.0,1.37891,0.0590339,0.183665,0.050168,,95,6,30,14962,0.0,0.245534,0.0110743,0.450167,0.105068,,73,10,64,14150,0.0,0.38731,0.0244174,0.458707,0.0925134,,,,,,
56,17,198,8630,0.0,1.57521,0.0684831,0.253586,0.0673749,,89,7,22,14949,0.0,0.190583,0.00758335,0.47358,0.0895075,,91,11,146,13572,0.0,0.970661,0.0539184,0.462363,0.0962966,,92,14,184,11031,0.0,1.37851,0.0673486,0.348391,0.091954,,55,14,196,11656,0.0,1.35656,0.0683489,0.355382,0.0878607,,60,17,200,10326,0.0,1.50811,0.0708674,0.315308,0.0812231,,53,18,210,8880,0.0,1.63914,0.0706488,0.262478,0.0696331,,62,15,186,11293,0.0,1.36656,0.0633983,0.340306,0.084979,,84,13,162,12548,0.0,1.15419,0.0577344,0.396302,0.0928573,,77,13,118,13037,0.0,0.805659,0.0433062,0.407994,0.0943144,,88,15,226,8958,0.0,1.75573,0.0779255,0.266819,0.0696361,,67,12,162,13285,0.0,1.09252,0.0588809,0.411245,0.100635,,57,18,176,7752,0.0,1.36615,0.0664049,0.23674,0.0601737,,54,9,78,14614,0.0,0.458421,0.0261747,0.409715,0.107438,,59,17,240,9333,0.0,1.82957,0.0866204,0.273127,0.0745066,,75,16,190,8853,0.0,1.51935,0.0667536,0.292643,0.0642429,,93,13,126,12242,0.0,1.01152,0.0414791,0.40445,0.105757,,86,12,128,13648,0.0,0.883257,0.0845866,0.438764,0.099198,,74,12,96,13952,0.0,0.60809,0.037143,0.486578,0.101236,,70,18,176,4337,0.0,1.40605,0.0639921,0.126538,0.0353928,,52,16,218,8251,0.0,1.63939,0.0797713,0.244878,0.0645608,,48,18,144,8657,0.0,0.962292,0.0504472,0.265805,0.0637346,,58,16,200,8956,0.0,1.45812,0.0731524,0.272299,0.0704554,,63,18,242,8006,0.0,1.89959,0.0850252,0.241527,0.0653746,,87,10,126,14351,0.0,0.769712,0.0464711,0.503055,0.10359,,66,14,192,11772,0.0,1.37695,0.0730652,0.370072,0.0903268,,79,12,156,13712,0.0,1.04501,0.0594457,0.418799,0.103187,,64,15,206,9773,0.0,1.55486,0.0745704,0.296248,0.0765634,,82,10,112,14078,0.0,0.677666,0.0410044,0.488921,0.0990618,,72,16,158,11242,0.0,1.21112,0.0583486,0.369109,0.0834965,,85,12,148,13368,0.0,0.97548,0.0545963,0.416574,0.100843,,94,11,166,13671,0.0,1.12563,0.0602849,0.428283,0.10338,,83,14,216,10443,0.0,1.62729,0.0778567,0.312317,0.0806273,,76,11,90,13747,0.0,0.567958,0.0338023,0.500412,0.0936766,,78,11,94,14217,0.0,0.598174,0.0343503,0.507432,0.100775,,61,12,108,13616,0.0,0.667531,0.0410739,0.47206,0.0957658,,51,15,198,9879,0.0,1.45001,0.0683465,0.294932,0.0770039,,81,6,24,14930,0.0,0.201358,0.00820828,0.431221,0.0917354,,71,14,178,11630,0.0,1.27865,0.0635047,0.37938,0.0853711,,65,16,178,9328,0.0,1.31308,0.0627266,0.28743,0.0759665,,68,4,8,15000,0.0,0.121616,0.00267609,0.392832,0.0812703,,80,17,200,7006,0.0,1.54804,0.0699687,0.216562,0.0565373,,69,19,228,7294,0.0,1.82681,0.0825536,0.221455,0.0583287,,50,13,182,12595,0.0,1.20545,0.0687529,0.412548,0.0940515,,90,6,24,14962,0.0,0.202824,0.00821851,0.442951,0.0924441,,49,19,146,5074,0.0,1.13559,0.0551278,0.148902,0.0410647,,95,7,54,14887,0.0,0.340728,0.019452,0.483642,0.0965204,,73,11,82,13895,0.0,0.484447,0.0316376,0.464674,0.0979262,,,,,,
56,18,202,7475,0.0,1.61348,0.0717785,0.219451,0.0605161,,89,8,42,14935,0.0,0.300616,0.0143099,0.476842,0.100961,,91,12,154,12730,0.0,1.10625,0.0572186,0.430071,0.0940748,,92,15,178,10139,0.0,1.4198,0.0618906,0.306979,0.080621,,55,15,202,10338,0.0,1.47314,0.0704779,0.308259,0.0798903,,60,18,188,9231,0.0,1.49831,0.063249,0.274581,0.0757293,,53,19,208,7611,0.0,1.63447,0.0724895,0.227741,0.0605475,,62,16,186,10147,0.0,1.4121,0.0676842,0.298917,0.0775977,,84,14,188,11521,0.0,1.40632,0.0680178,0.360597,0.0813705,,77,14,128,12323,0.0,0.93616,0.0449704,0.386657,0.0906872,,88,16,202,7823,0.0,1.577,0.0719495,0.236206,0.0611092,,67,13,182,12416,0.0,1.28216,0.0616463,0.398687,0.0984144,,57,19,174,6815,0.0,1.34459,0.0631424,0.209417,0.0533832,,54,10,104,14228,0.0,0.577818,0.0354204,0.444393,0.101507,,59,18,256,8243,0.0,1.99955,0.0957071,0.242683,0.0653754,,75,17,186,7888,0.0,1.49374,0.0602348,0.257253,0.0586549,,93,14,132,11661,0.0,1.01273,0.0469521,0.367792,0.0983447,,86,13,146,13000,0.0,1.09793,0.049878,0.422781,0.0999636,,74,13,118,13396,0.0,0.839126,0.0442141,0.45286,0.103135,,70,19,138,3256,0.0,1.11478,0.0491394,0.0996399,0.0274953,,52,17,224,7060,0.0,1.73369,0.0773645,0.209882,0.05668,,48,19,136,7744,0.0,0.901269,0.0479765,0.235577,0.0583536,,58,17,192,7771,0.0,1.47783,0.0693628,0.235215,0.0604215,,63,19,210,6475,0.0,1.67041,0.0762045,0.199867,0.0554517,,87,11,166,13772,0.0,1.13177,0.0623725,0.439356,0.0984549,,66,15,202,10712,0.0,1.49405,0.0728635,0.330811,0.0821735,,79,13,190,12910,0.0,1.33194,0.0648858,0.399203,0.0976527,,64,16,210,8506,0.0,1.61089,0.0766755,0.267256,0.0642405,,82,11,142,13692,0.0,0.946733,0.0537636,0.479476,0.105263,,72,17,152,10232,0.0,1.16175,0.0523191,0.328852,0.0762877,,85,13,188,12653,0.0,1.31958,0.0700133,0.382545,0.0973327,,94,12,182,12718,0.0,1.31216,0.0656735,0.395103,0.0958127,,83,15,210,9265,0.0,1.60858,0.0780829,0.278336,0.0727992,,76,12,94,13252,0.0,0.6563,0.0346132,0.427886,0.094713,,78,12,120,13732,0.0,0.820936,0.0444818,0.453808,0.0995742,,61,13,132,13124,0.0,0.904319,0.0471966,0.416467,0.0951196,,51,16,234,8896,0.0,1.76617,0.0817526,0.260341,0.070861,,81,7,42,14886,0.0,0.289357,0.0141881,0.442397,0.0964975,,71,15,164,10636,0.0,1.20845,0.0563093,0.336854,0.0781457,,65,17,158,8275,0.0,1.23396,0.0557785,0.258501,0.0668986,,68,5,16,15000,0.0,0.167269,0.00536559,0.385372,0.0911588,,80,18,166,5899,0.0,1.31476,0.0593253,0.180572,0.0463304,,69,20,206,5979,0.0,1.66804,0.0734676,0.176852,0.0461,,50,14,182,11598,0.0,1.25516,0.0658639,0.368497,0.0867027,,90,7,40,14882,0.0,0.29903,0.013609,0.446858,0.105641,,49,20,122,4195,0.0,1.02372,0.0442852,0.129157,0.0327018,,95,8,74,14751,0.0,0.444891,0.0282322,0.509831,0.101288,,73,12,94,13340,0.0,0.584597,0.0337437,0.438463,0.0995048,,,,,,
56,19,192,6335,0.0,1.5484,0.0663972,0.188991,0.0527663,,89,9,58,14744,0.0,0.379332,0.0209566,0.49109,0.108204,,91,13,158,11742,0.0,1.20209,0.0569107,0.382467,0.0868054,,92,16,200,9235,0.0,1.59601,0.0707331,0.27683,0.0759017,,55,16,208,9270,0.0,1.56769,0.0738229,0.269778,0.0754705,,60,19,204,8402,0.0,1.6179,0.0663512,0.247841,0.0655422,,53,20,190,6453,0.0,1.52796,0.067473,0.193385,0.051583,,62,17,192,9225,0.0,1.512,0.0678948,0.271475,0.0707718,,84,15,190,10438,0.0,1.44916,0.0630638,0.319932,0.0747863,,77,15,164,11703,0.0,1.23051,0.0551615,0.364554,0.0865777,,88,17,192,6754,0.0,1.54233,0.0681577,0.204402,0.0557143,,67,14,198,11520,0.0,1.43928,0.0711851,0.354975,0.0890859,,57,20,144,5623,0.0,1.1266,0.0515477,0.175437,0.0450836,,54,11,134,13863,0.0,0.738539,0.0488761,0.462747,0.0988241,,59,19,226,6710,0.0,1.80116,0.0804154,0.195145,0.0522638,,75,18,158,6727,0.0,1.3017,0.0573543,0.215944,0.049314,,93,15,142,10989,0.0,1.04607,0.0520665,0.343016,0.082633,,86,14,170,12244,0.0,1.27543,0.0611216,0.377026,0.0917744,,74,14,132,12796,0.0,0.931364,0.0500034,0.43325,0.093727,,70,20,126,2486,0.0,1.03062,0.0410851,0.0735512,0.0206933,,52,18,182,5627,0.0,1.41095,0.0674237,0.169437,0.0461728,,48,20,128,7016,0.0,0.938238,0.0448333,0.218138,0.0539081,,58,18,178,6596,0.0,1.40321,0.0619823,0.198121,0.0538925,,63,20,144,5084,0.0,1.14328,0.0522364,0.154964,0.0420255,,87,12,166,12944,0.0,1.16427,0.058749,0.419211,0.094731,,66,16,210,9682,0.0,1.58617,0.0767312,0.302949,0.0739121,,79,14,214,11996,0.0,1.56948,0.0786099,0.365987,0.0960931,,64,17,200,7230,0.0,1.5738,0.0728083,0.225474,0.056066,,82,12,160,12936,0.0,1.08833,0.0589672,0.417838,0.0941631,,72,18,150,9443,0.0,1.14723,0.0530472,0.296119,0.0764065,,85,14,214,11310,0.0,1.56735,0.0806594,0.343388,0.0852127,,94,13,196,11713,0.0,1.44639,0.0722722,0.362474,0.0874023,,83,16,206,8120,0.0,1.60852,0.0737164,0.244726,0.0638236,,76,13,114,12786,0.0,0.772366,0.0410494,0.404731,0.0958746,,78,13,140,13103,0.0,0.96043,0.0517071,0.424385,0.0991286,,61,14,142,12493,0.0,0.968552,0.0502652,0.398437,0.0908263,,51,17,212,7274,0.0,1.66682,0.0747573,0.212812,0.0608542,,81,8,62,14730,0.0,0.388916,0.0215429,0.441783,0.0970757,,71,16,184,9651,0.0,1.38089,0.0653634,0.303009,0.0741958,,65,18,148,7512,0.0,1.19678,0.0513997,0.216592,0.0592076,,68,6,30,14973,0.0,0.228667,0.0104172,0.402522,0.091582,,80,19,152,5028,0.0,1.23022,0.0542227,0.151347,0.0402132,,69,21,172,4664,0.0,1.37644,0.0610519,0.144085,0.0362615,,50,15,176,10602,0.0,1.25562,0.0641612,0.336546,0.0793133,,90,8,64,14814,0.0,0.400539,0.0245028,0.464204,0.102733,,49,21,114,3432,0.0,0.937063,0.0414378,0.102438,0.0279088,,95,9,84,14308,0.0,0.545793,0.0315823,0.489574,0.108614,,73,13,104,12591,0.0,0.694678,0.0366132,0.388095,0.0979695,,,,,,
56,20,168,5205,0.0,1.37782,0.0583699,0.153327,0.042083,,89,10,94,14620,0.0,0.568342,0.0323028,0.490844,0.108985,,91,14,156,10826,0.0,1.19428,0.0557013,0.344503,0.0865591,,92,17,188,8099,0.0,1.52095,0.0652645,0.245983,0.0657819,,55,17,196,8141,0.0,1.49329,0.0752063,0.240855,0.0634618,,60,20,192,7114,0.0,1.55463,0.0667351,0.21187,0.0564282,,53,21,164,5474,0.0,1.3332,0.0579977,0.163573,0.0430622,,62,18,202,8256,0.0,1.59527,0.0746541,0.246175,0.0628583,,84,16,180,9153,0.0,1.41566,0.0615218,0.28269,0.0671356,,77,16,168,10918,0.0,1.28541,0.0547216,0.328547,0.0838175,,88,18,172,5394,0.0,1.38599,0.0624004,0.161874,0.0443433,,67,15,192,10209,0.0,1.44052,0.0690142,0.313937,0.0807375,,57,21,142,4828,0.0,1.15503,0.0501227,0.148148,0.0390488,,54,12,178,13158,0.0,1.06572,0.0649183,0.416646,0.0999516,,59,20,210,5301,0.0,1.68417,0.072934,0.155077,0.042263,,75,19,138,5708,0.0,1.09803,0.0472854,0.183924,0.0411846,,93,16,162,10301,0.0,1.2341,0.0592208,0.318558,0.0774823,,86,15,166,11333,0.0,1.23152,0.0599275,0.3496,0.0851356,,74,15,150,12186,0.0,1.08548,0.0533965,0.401963,0.087363,,70,21,100,1713,0.0,0.804926,0.0368255,0.052749,0.0147319,,52,19,150,4444,0.0,1.18278,0.0542524,0.13524,0.0352669,,48,21,122,6321,0.0,0.898038,0.0407682,0.191921,0.0485844,,58,19,174,5456,0.0,1.42161,0.0615713,0.157671,0.0432432,,63,21,118,4151,0.0,0.963832,0.0426617,0.126308,0.0339501,,87,13,190,12107,0.0,1.39863,0.0678026,0.375162,0.092124,,66,17,190,8532,0.0,1.45595,0.0680792,0.26172,0.0652002,,79,15,220,10737,0.0,1.68716,0.0790623,0.322413,0.087587,,64,18,180,6068,0.0,1.4293,0.0647358,0.190229,0.0482983,,82,13,162,12037,0.0,1.14399,0.0566613,0.380647,0.0891529,,72,19,144,8677,0.0,1.14346,0.0502413,0.271738,0.0679554,,85,15,248,10242,0.0,1.84882,0.0896301,0.312153,0.0803007,,94,14,214,10698,0.0,1.62206,0.0810636,0.32368,0.0806322,,83,17,208,6831,0.0,1.65127,0.0761252,0.203033,0.0548098,,76,14,138,12290,0.0,0.995801,0.047702,0.397084,0.0887126,,78,14,152,12331,0.0,1.08539,0.0522699,0.402001,0.0936593,,61,15,172,11914,0.0,1.22465,0.0627701,0.374553,0.0910158,,51,18,176,6072,0.0,1.41,0.058717,0.171339,0.0474483,,81,9,82,14427,0.0,0.484264,0.0289526,0.472309,0.0979432,,71,17,184,8663,0.0,1.40819,0.067885,0.271705,0.0695316,,65,19,158,6689,0.0,1.24363,0.0577232,0.199687,0.0526551,,68,7,40,14866,0.0,0.277407,0.013844,0.409807,0.0977352,,80,20,138,4189,0.0,1.13066,0.0471504,0.125891,0.0331387,,69,22,130,3606,0.0,1.04886,0.046651,0.109735,0.0281098,,50,16,178,9567,0.0,1.32171,0.0647956,0.309827,0.0805222,,90,9,88,14590,0.0,0.532732,0.0322125,0.476294,0.113771,,49,22,108,2858,0.0,0.836709,0.0387137,0.0859713,0.0229467,,95,10,116,13879,0.0,0.814579,0.0428548,0.534157,0.0993225,,73,14,116,10665,0.0,0.767084,0.040934,0.317521,0.080228,,,,,,
56,21,126,4039,0.0,1.008,0.0388906,0.120342,0.0329854,,89,11,130,14201,0.0,0.82786,0.0476438,0.470464,0.11522,,91,15,162,9995,0.0,1.23173,0.0564282,0.320633,0.0757433,,92,18,178,6976,0.0,1.44407,0.0640032,0.211792,0.0532632,,55,18,186,6835,0.0,1.44721,0.0676505,0.199705,0.0539512,,60,21,176,6067,0.0,1.4325,0.0612823,0.180444,0.0488367,,53,22,158,4510,0.0,1.28284,0.056872,0.132991,0.0359816,,62,19,204,6944,0.0,1.6258,0.07081,0.204809,0.0536681,,84,17,184,8011,0.0,1.4395,0.0667642,0.253248,0.0594991,,77,17,188,10074,0.0,1.44788,0.0685651,0.307654,0.0797264,,88,19,146,4294,0.0,1.19526,0.0520274,0.131296,0.0337463,,67,16,214,9278,0.0,1.63897,0.0779979,0.291944,0.0714902,,57,22,116,3990,0.0,0.955091,0.0393442,0.11877,0.0317555,,54,13,200,12257,0.0,1.33924,0.0732971,0.367691,0.093505,,59,21,160,3863,0.0,1.29495,0.061026,0.117172,0.0312437,,75,20,126,4870,0.0,1.004,0.047632,0.165037,0.0362704,,93,17,192,9487,0.0,1.49144,0.0672433,0.293451,0.0738739,,86,16,198,10549,0.0,1.48665,0.142071,0.312435,0.081014,,74,16,158,11315,0.0,1.15726,0.0545112,0.35939,0.0832177,,70,22,70,1106,0.0,0.565595,0.0264467,0.0362747,0.00976803,,52,20,124,3717,0.0,1.01609,0.0439192,0.110149,0.0294246,,48,22,130,5668,0.0,0.928856,0.0466072,0.174077,0.0434899,,58,20,154,4410,0.0,1.2457,0.0535454,0.129901,0.0362211,,63,22,102,3554,0.0,0.828222,0.0364673,0.107209,0.0284815,,87,14,186,10916,0.0,1.37485,0.067025,0.331319,0.0863595,,66,18,204,7438,0.0,1.58718,0.0734868,0.230848,0.0642696,,79,16,200,9469,0.0,1.58907,0.0693494,0.28402,0.072845,,64,19,144,4939,0.0,1.13631,0.052714,0.155858,0.0380243,,82,14,172,11260,0.0,1.26682,0.0633991,0.347502,0.0856336,,72,20,148,7942,0.0,1.21674,0.0516697,0.238481,0.0612418,,85,16,240,8558,0.0,1.85696,0.0866375,0.260218,0.067361,,94,15,214,9306,0.0,1.67484,0.079207,0.286123,0.0725341,,83,18,202,5491,0.0,1.63088,0.071373,0.162665,0.044764,,76,15,142,11493,0.0,1.07729,0.0519011,0.361321,0.0837203,,78,15,156,11517,0.0,1.15391,0.0577402,0.37825,0.0816736,,61,16,172,10776,0.0,1.26053,0.0610711,0.335441,0.0828009,,51,19,196,5225,0.0,1.55637,0.0695771,0.154164,0.041946,,81,10,108,14216,0.0,0.623356,0.0380199,0.493063,0.0970146,,71,18,166,7520,0.0,1.31093,0.058038,0.229467,0.0588744,,65,20,146,5610,0.0,1.14945,0.0488234,0.169809,0.0442271,,68,8,54,14702,0.0,0.357638,0.0179019,0.424817,0.10728,,80,21,130,3338,0.0,1.0527,0.0469059,0.0999515,0.0271892,,69,23,128,2838,0.0,1.00151,0.0479514,0.0874424,0.0228952,,50,17,180,8787,0.0,1.33984,0.0646887,0.274941,0.0661042,,90,10,138,14386,0.0,0.83755,0.0490161,0.455096,0.106829,,49,23,90,2254,0.0,0.729116,0.0319163,0.0698005,0.018189,,95,11,132,13131,0.0,0.960003,0.0468883,0.41121,0.0973678,,73,15,146,9652,0.0,1.03657,0.05015,0.286425,0.0753751,,,,,,
56,22,94,3351,0.0,0.734945,0.0340498,0.103987,0.0257132,,89,12,162,13638,0.0,1.09094,0.0608228,0.440715,0.100175,,91,16,156,9046,0.0,1.18148,0.0560681,0.282789,0.0705662,,92,19,156,5806,0.0,1.27493,0.0536151,0.176524,0.0451351,,55,19,184,5874,0.0,1.42814,0.0661729,0.174488,0.0474259,,60,22,168,4931,0.0,1.36042,0.0579009,0.144593,0.0396458,,53,23,130,3545,0.0,1.0551,0.0473175,0.105347,0.0294102,,62,20,206,5871,0.0,1.66417,0.0730076,0.170068,0.0462662,,84,18,180,6744,0.0,1.41597,0.0663522,0.21319,0.0507601,,77,18,208,8992,0.0,1.62385,0.0752457,0.273928,0.0685458,,88,20,128,3454,0.0,1.03846,0.0442623,0.102647,0.0293813,,67,17,188,7849,0.0,1.47341,0.067773,0.240474,0.0628624,,57,23,116,3341,0.0,0.911607,0.0418846,0.101304,0.0274589,,54,14,216,11234,0.0,1.51076,0.0740345,0.328921,0.0863293,,59,22,146,2930,0.0,1.23414,0.0489969,0.0884733,0.0273719,,75,21,98,4189,0.0,0.818849,0.0347332,0.141969,0.038271,,93,18,170,8311,0.0,1.36674,0.0592919,0.257187,0.0650217,,86,17,216,9443,0.0,1.67747,0.074361,0.343229,0.0719718,,74,17,162,10430,0.0,1.17734,0.058825,0.321334,0.082942,,70,23,44,622,0.0,0.323206,0.0142487,0.0208138,0.00558294,,52,21,122,3047,0.0,0.976394,0.0376779,0.0886985,0.0249218,,48,23,114,4990,0.0,0.87561,0.0425943,0.149054,0.0374858,,58,21,138,3580,0.0,1.09233,0.0502264,0.107153,0.0289354,,63,23,100,3108,0.0,0.799522,0.0365368,0.0989683,0.0249312,,87,15,196,9986,0.0,1.49558,0.0672598,0.301895,0.0811304,,66,19,208,6492,0.0,1.64823,0.0773244,0.198656,0.0533982,,79,17,188,8374,0.0,1.50238,0.065333,0.248833,0.0656379,,64,20,108,4081,0.0,0.877773,0.0380858,0.125527,0.0330139,,82,15,194,10418,0.0,1.42988,0.0699848,0.317133,0.0804549,,72,21,148,6780,0.0,1.18265,0.0514735,0.204715,0.0548608,,85,17,226,7276,0.0,1.77005,0.0838077,0.222716,0.0616437,,94,16,232,8316,0.0,1.84585,0.0837703,0.253613,0.066031,,83,19,146,4172,0.0,1.1859,0.0526573,0.125292,0.0361299,,76,16,160,10778,0.0,1.21333,0.0585557,0.331041,0.0833271,,78,16,176,10736,0.0,1.3618,0.0628763,0.346349,0.0847697,,61,17,152,9746,0.0,1.11258,0.0546538,0.294538,0.0743889,,51,20,164,4026,0.0,1.30412,0.0572506,0.118544,0.0318532,,81,11,128,13701,0.0,0.82066,0.0476827,0.491615,0.0994516,,71,19,158,6670,0.0,1.29523,0.0541688,0.197157,0.0522619,,65,21,144,4897,0.0,1.14462,0.0499,0.147967,0.0392587,,68,9,74,14442,0.0,0.449577,0.0251254,0.451456,0.100371,,80,22,112,2729,0.0,0.899472,0.0418263,0.0812139,0.0214743,,69,24,122,2075,0.0,0.899764,0.0465209,0.064582,0.0172765,,50,18,188,7721,0.0,1.44557,0.0668095,0.237317,0.0638014,,90,11,156,13695,0.0,1.03716,0.0550653,0.422607,0.103628,,49,24,74,1538,0.0,0.589077,0.0247584,0.0480585,0.0126813,,95,12,146,12241,0.0,1.02759,0.0533897,0.385102,0.0911315,,73,16,170,7867,0.0,1.2512,0.0614032,0.233497,0.0593093,,,,,,
56,23,84,2560,0.0,0.699207,0.0306118,0.0762434,0.0201944,,89,13,174,12812,0.0,1.24529,0.0597919,0.393916,0.102922,,91,17,160,8034,0.0,1.23874,0.0587367,0.25113,0.0664188,,92,20,130,4813,0.0,1.05241,0.0470466,0.147562,0.0394414,,55,20,180,4878,0.0,1.41883,0.0671933,0.145145,0.038503,,60,23,138,3936,0.0,1.11199,0.0499046,0.122197,0.0317388,,53,24,104,2743,0.0,0.843598,0.0354696,0.0842752,0.0221018,,62,21,186,4771,0.0,1.50814,0.0628533,0.140727,0.0391262,,84,19,144,5578,0.0,1.13142,0.0493945,0.169811,0.0428957,,77,19,186,7693,0.0,1.46445,0.0672663,0.229757,0.0603357,,88,21,124,2871,0.0,0.998365,0.0439986,0.088125,0.0225913,,67,18,186,6872,0.0,1.46016,0.0678848,0.210386,0.0556117,,57,24,100,2648,0.0,0.818526,0.0353964,0.0838925,0.0208338,,54,15,236,9896,0.0,1.73972,0.0859839,0.2957,0.0751167,,59,23,116,2064,0.0,0.925683,0.041806,0.0648205,0.0173847,,75,22,82,3580,0.0,0.663724,0.0285567,0.11772,0.0264167,,93,19,174,7257,0.0,1.41136,0.0601776,0.221426,0.0563976,,86,18,206,8190,0.0,1.62431,0.0736276,0.347082,0.0685964,,74,18,164,9603,0.0,1.30319,0.058852,0.297399,0.0734561,,70,24,26,374,0.0,0.194981,0.00939891,0.0149082,0.00337648,,52,22,102,2271,0.0,0.80264,0.0365439,0.0708554,0.0184437,,48,24,120,4487,0.0,0.878144,0.0441689,0.13434,0.0339753,,58,22,132,2830,0.0,1.03581,0.0493617,0.0875657,0.0232191,,63,24,100,2435,0.0,0.803941,0.0375035,0.0784132,0.0203288,,87,16,198,9011,0.0,1.54416,0.0736066,0.274459,0.0714845,,66,20,164,5057,0.0,1.3071,0.0585392,0.155932,0.0418614,,79,18,192,7314,0.0,1.54481,0.0668045,0.218753,0.0577874,,64,21,102,3502,0.0,0.834466,0.0337714,0.107728,0.0274687,,82,16,228,9324,0.0,1.77226,0.08285,0.280754,0.0759939,,72,22,146,6026,0.0,1.15552,0.0516226,0.181225,0.0466602,,85,18,194,5885,0.0,1.54422,0.0656211,0.173696,0.0466545,,94,17,202,6900,0.0,1.62745,0.0697433,0.203931,0.053877,,83,20,130,3338,0.0,1.03874,0.0469806,0.099744,0.0272704,,76,17,172,9943,0.0,1.30923,0.0588337,0.310774,0.0789468,,78,17,180,9849,0.0,1.43794,0.061869,0.310759,0.0739422,,61,18,186,8931,0.0,1.46952,0.0667677,0.260789,0.0716095,,51,21,108,2943,0.0,0.846547,0.0392884,0.0875001,0.0230131,,81,12,142,12884,0.0,0.955379,0.053648,0.44273,0.0880439,,71,20,138,5537,0.0,1.10645,0.0513384,0.162237,0.0441358,,65,22,140,4276,0.0,1.13257,0.0515333,0.129673,0.0340278,,68,10,92,14133,0.0,0.557332,0.0321615,0.470084,0.101504,,80,23,102,2133,0.0,0.802834,0.035883,0.0665129,0.0171204,,69,25,98,1283,0.0,0.665517,0.0362916,0.0392227,0.0113848,,50,19,176,6650,0.0,1.37299,0.0639424,0.204502,0.0515862,,90,12,182,12918,0.0,1.26587,0.0672098,0.396238,0.0993211,,49,25,64,1178,0.0,0.530203,0.022429,0.0378091,0.00993537,,95,13,150,11461,0.0,1.09918,0.054425,0.362483,0.0857539,,73,17,150,5541,0.0,1.11491,0.0527863,0.161398,0.0441233,,,,,,
56,24,72,2082,0.0,0.576345,0.0253998,0.0627951,0.0164339,,89,14,200,11953,0.0,1.47859,0.0699343,0.363454,0.0891814,,91,18,162,7121,0.0,1.32053,0.0587253,0.214978,0.0585172,,92,21,138,4177,0.0,1.11395,0.0495609,0.13073,0.0350868,,55,21,168,3857,0.0,1.3412,0.060987,0.117073,0.0312954,,60,24,108,3200,0.0,0.870103,0.0381008,0.0980935,0.0257976,,53,25,76,2086,0.0,0.607394,0.0264835,0.0647567,0.0177984,,62,22,144,3537,0.0,1.18033,0.0477627,0.105949,0.0290671,,84,20,118,4625,0.0,0.955476,0.0414574,0.140282,0.0358095,,77,20,188,6678,0.0,1.49849,0.0691347,0.202583,0.0518551,,88,22,98,1911,0.0,0.75692,0.0372552,0.0610437,0.0156588,,67,19,154,5895,0.0,1.21962,0.0520335,0.176586,0.0481144,,57,25,96,2149,0.0,0.771263,0.0355781,0.0674968,0.0173796,,54,16,224,8691,0.0,1.68626,0.0836164,0.258116,0.0666828,,59,24,82,1401,0.0,0.622841,0.0300154,0.0453155,0.0120262,,75,23,70,3198,0.0,0.570165,0.0267815,0.107049,0.0273846,,93,20,168,6333,0.0,1.36383,0.0564381,0.194996,0.0507539,,86,19,212,7089,0.0,1.75265,0.0768284,0.213328,0.0543577,,74,19,164,8683,0.0,1.31378,0.0551313,0.253633,0.0662085,,70,25,14,200,0.0,0.109266,0.00476967,0.0116101,0.00180673,,52,23,88,1666,0.0,0.728065,0.0312231,0.0511584,0.0139604,,48,25,120,3825,0.0,0.942295,0.0425123,0.114779,0.0286626,,58,23,102,2010,0.0,0.830796,0.0368985,0.0631099,0.0166647,,63,25,72,1816,0.0,0.535159,0.0258711,0.0553012,0.0153492,,87,17,204,8074,0.0,1.59555,0.0729132,0.241734,0.0615543,,66,21,112,4128,0.0,0.898472,0.0399961,0.125983,0.0322651,,79,19,180,6126,0.0,1.4623,0.0635371,0.182674,0.0477666,,64,22,80,2851,0.0,0.625915,0.0291429,0.0931882,0.0219648,,82,17,208,8003,0.0,1.61432,0.074567,0.240398,0.0648452,,72,23,130,5091,0.0,1.01879,0.0488487,0.155642,0.0391785,,85,19,166,4812,0.0,1.3296,0.0589506,0.145824,0.0379226,,94,18,206,5514,0.0,1.65667,0.073873,0.161816,0.0452306,,83,21,90,2486,0.0,0.723654,0.0318738,0.0763754,0.0195473,,76,18,172,8928,0.0,1.31385,0.0586774,0.278963,0.0725767,,78,18,190,8830,0.0,1.52845,0.0676613,0.269318,0.0685117,,61,19,198,7964,0.0,1.5768,0.064302,0.229739,0.064137,,51,22,118,2378,0.0,0.964413,0.041901,0.0718425,0.0196527,,81,13,156,12096,0.0,1.13013,0.0580061,0.39624,0.0898733,,71,21,132,4734,0.0,1.03909,0.0464767,0.142293,0.0381319,,65,23,132,3217,0.0,1.06763,0.0482306,0.0967579,0.0266565,,68,11,114,13712,0.0,0.698945,0.0416114,0.473338,0.106056,,80,24,80,1455,0.0,0.614893,0.0299814,0.0444379,0.0119555,,69,26,52,651,0.0,0.351647,0.0186747,0.0203605,0.00597164,,50,20,162,5555,0.0,1.31509,0.0574623,0.169243,0.0429295,,90,13,210,12072,0.0,1.545,0.076369,0.36107,0.0984997,,49,26,50,825,0.0,0.401237,0.0181661,0.0295755,0.00703892,,95,14,160,10596,0.0,1.22058,0.0579205,0.324021,0.0825031,,73,18,132,4402,0.0,0.95051,0.04702,0.133115,0.0358366,,,,,,
56,25,70,1793,0.0,0.562385,0.0250299,0.0549047,0.0141311,,89,15,216,10926,0.0,1.58769,0.0778801,0.333012,0.0836415,,91,19,164,6194,0.0,1.34063,0.0570607,0.182563,0.0491565,,92,22,114,3296,0.0,0.872372,0.041819,0.099528,0.0275745,,55,22,146,2961,0.0,1.16629,0.0520857,0.0922721,0.025161,,60,25,100,2508,0.0,0.770248,0.0364801,0.0801853,0.0207249,,53,26,68,1700,0.0,0.510446,0.0250095,0.0521539,0.013602,,62,23,114,2488,0.0,0.91644,0.0402361,0.0762232,0.0201843,,84,21,112,4145,0.0,0.933575,0.0369028,0.125773,0.0323221,,77,21,176,5458,0.0,1.40928,0.0644475,0.163166,0.0437912,,88,23,80,1397,0.0,0.611053,0.0296219,0.0444651,0.011632,,67,20,150,4983,0.0,1.19913,0.052944,0.149689,0.0394098,,57,26,88,1629,0.0,0.683641,0.0320759,0.0506614,0.0135831,,54,17,196,7249,0.0,1.50273,0.0691297,0.213045,0.0569135,,59,25,52,759,0.0,0.394657,0.0187229,0.0284282,0.00661459,,75,24,60,2769,0.0,0.481705,0.0223595,0.0889248,0.0231714,,93,21,156,5392,0.0,1.27254,0.0562673,0.158977,0.042875,,86,20,212,5727,0.0,1.7666,0.0703238,0.165659,0.0730247,,74,20,184,7749,0.0,1.47057,0.0648732,0.235957,0.0606221,,70,26,12,107,0.0,0.0889782,0.00405905,0.00622498,0.00119296,,52,24,70,1196,0.0,0.561252,0.0239106,0.0383521,0.0100593,,48,26,128,3068,0.0,0.996103,0.0468496,0.0930056,0.0240851,,58,24,84,1350,0.0,0.680399,0.031695,0.0445232,0.0114405,,63,26,62,1414,0.0,0.453866,0.0222153,0.0443956,0.0122687,,87,18,198,6862,0.0,1.57444,0.0706948,0.200668,0.0529816,,66,22,102,3427,0.0,0.8349,0.035645,0.104324,0.0273236,,79,20,142,4956,0.0,1.14246,0.0456148,0.146975,0.0380379,,64,23,68,2251,0.0,0.562255,0.0238464,0.0717674,0.0175919,,82,18,208,6926,0.0,1.66283,0.0751401,0.213937,0.0526741,,72,24,126,4171,0.0,1.02347,0.0456224,0.127362,0.0334992,,85,20,126,3548,0.0,0.9911,0.0443386,0.111838,0.0278627,,94,19,166,4161,0.0,1.36462,0.0566862,0.124021,0.0344382,,83,22,80,2035,0.0,0.64198,0.0280947,0.0626473,0.0160635,,76,19,152,7844,0.0,1.15539,0.0534789,0.241488,0.0618686,,78,19,174,7631,0.0,1.42052,0.061392,0.236304,0.063185,,61,20,194,6893,0.0,1.56743,0.0665618,0.200236,0.0544458,,51,23,92,1692,0.0,0.740961,0.0318508,0.0529713,0.014146,,81,14,176,11237,0.0,1.32274,0.0592513,0.366158,0.0836056,,71,22,124,3960,0.0,0.995804,0.0452752,0.11872,0.0320726,,65,24,104,2296,0.0,0.844641,0.0382534,0.0691223,0.0191275,,68,12,136,13167,0.0,0.906348,0.0500646,0.420956,0.0966851,,80,25,50,946,0.0,0.346401,0.0172388,0.030937,0.00765879,,69,27,30,395,0.0,0.196589,0.0100905,0.0149346,0.00352339,,50,21,150,4684,0.0,1.21814,0.0525073,0.140866,0.0365463,,90,14,200,10833,0.0,1.51732,0.071109,0.319268,0.087179,,49,27,34,544,0.0,0.27385,0.0110468,0.0190155,0.00472657,,95,15,190,9809,0.0,1.57196,0.067297,0.288505,0.0844296,,73,19,122,3367,0.0,0.983314,0.0434981,0.0999761,0.02671,,,,,,
56,26,70,1279,0.0,0.546718,0.0243713,0.0396681,0.0106899,,89,16,242,9803,0.0,1.87085,0.0875265,0.30194,0.0752875,,91,20,146,5135,0.0,1.17937,0.0465597,0.151926,0.0412462,,92,23,80,2612,0.0,0.575837,0.0291999,0.0807139,0.0213322,,55,23,98,1852,0.0,0.806721,0.0361481,0.0586232,0.01642,,60,26,84,2014,0.0,0.628626,0.0306443,0.0634669,0.0167401,,53,27,60,1371,0.0,0.448071,0.0209688,0.0445791,0.0109462,,62,24,88,1734,0.0,0.668367,0.0313849,0.0537328,0.0143874,,84,22,106,3341,0.0,0.834657,0.0371615,0.101116,0.0255168,,77,22,156,4579,0.0,1.25511,0.0550182,0.137114,0.0362153,,88,24,66,934,0.0,0.46799,0.0243007,0.0304648,0.00806128,,67,21,128,4033,0.0,1.03615,0.0459735,0.122755,0.0318919,,57,27,60,1036,0.0,0.452856,0.0222957,0.0347899,0.00907608,,54,18,190,6036,0.0,1.46512,0.0662847,0.183663,0.0477427,,59,26,30,464,0.0,0.208561,0.0103923,0.0161722,0.0040694,,75,25,52,2393,0.0,0.411866,0.0181891,0.0784549,0.0191108,,93,22,134,4218,0.0,1.08245,0.0476253,0.126742,0.0344282,,86,21,190,4385,0.0,1.62201,0.0674764,0.132535,0.035953,,74,21,188,6775,0.0,1.51897,0.0654114,0.204675,0.0523322,,70,27,4,46,0.0,0.0274103,0.0017526,0.00409921,0.000385518,,52,25,54,780,0.0,0.428892,0.0196244,0.0250743,0.00696996,,48,27,112,2255,0.0,0.858549,0.041673,0.0690554,0.0184489,,58,25,48,831,0.0,0.377514,0.0174688,0.0301227,0.00718698,,63,27,52,998,0.0,0.385786,0.0191929,0.0317482,0.00851007,,87,19,186,5709,0.0,1.49766,0.0664665,0.170336,0.0448482,,66,23,104,2792,0.0,0.842208,0.0371741,0.0857864,0.0226575,,79,21,132,4077,0.0,1.04077,0.0481938,0.124119,0.0320032,,64,24,62,1907,0.0,0.500091,0.0224024,0.0638711,0.0152204,,82,19,184,5775,0.0,1.46846,0.069466,0.170535,0.0448287,,72,25,134,3211,0.0,1.07786,0.0472306,0.0982235,0.0273724,,85,21,114,2690,0.0,0.929334,0.0425739,0.0829972,0.0212756,,94,20,138,3317,0.0,1.10449,0.0490009,0.102601,0.0269069,,83,23,58,1538,0.0,0.444611,0.0203232,0.0494305,0.0122366,,76,20,156,7112,0.0,1.26659,0.0552848,0.213722,0.0569004,,78,20,142,6584,0.0,1.13768,0.0515211,0.200728,0.0514718,,61,21,188,6001,0.0,1.52426,0.0665327,0.174559,0.0456697,,51,24,66,1103,0.0,0.5274,0.0251774,0.0369069,0.0092436,,81,15,186,10268,0.0,1.43427,0.0659855,0.327333,0.0792462,,71,23,120,3206,0.0,0.979373,0.0393424,0.095237,0.0257389,,65,25,84,1647,0.0,0.666527,0.0312776,0.0520149,0.0138932,,68,13,170,12519,0.0,1.12568,0.0616135,0.375824,0.0944356,,80,26,38,661,0.0,0.283108,0.0140861,0.0234357,0.00545342,,69,28,18,204,0.0,0.113325,0.00683958,0.00759154,0.00199699,,50,22,130,3748,0.0,1.02638,0.0483714,0.115885,0.0303829,,90,15,196,9595,0.0,1.54505,0.0681946,0.28033,0.0763191,,49,28,18,336,0.0,0.140361,0.00620354,0.016748,0.00279442,,95,16,198,8427,0.0,1.58606,0.069586,0.247431,0.0649929,,73,20,78,2434,0.0,0.581338,0.0289782,0.074747,0.0184509,,,,,,
56,27,44,872,0.0,0.339897,0.0156774,0.028615,0.00718296,,89,17,242,8478,0.0,1.91019,0.0861304,0.259784,0.0665541,,91,21,136,4370,0.0,1.09339,0.0478507,0.131447,0.033851,,92,24,62,2158,0.0,0.432383,0.0208241,0.0665314,0.0169956,,55,24,60,1292,0.0,0.48504,0.0215314,0.0419762,0.0108396,,60,27,80,1546,0.0,0.579028,0.0280071,0.046047,0.0125722,,53,28,44,986,0.0,0.317761,0.0159977,0.0306844,0.00777748,,62,25,60,1272,0.0,0.450829,0.020846,0.0425426,0.0105867,,84,23,94,2682,0.0,0.76437,0.0323091,0.0824823,0.0217032,,77,23,152,3674,0.0,1.22095,0.0537546,0.11126,0.0295495,,88,25,38,513,0.0,0.259415,0.0142076,0.0177236,0.00457132,,67,22,98,3060,0.0,0.792699,0.0355335,0.0951706,0.0253197,,57,28,54,718,0.0,0.380863,0.0187936,0.025179,0.00625223,,54,19,194,4977,0.0,1.54365,0.0733331,0.153033,0.0386193,,59,27,20,350,0.0,0.146067,0.00710664,0.0128519,0.00284892,,75,26,54,2160,0.0,0.408819,0.0191077,0.0700464,0.0175639,,93,23,112,3419,0.0,0.844031,0.0394762,0.164311,0.0264065,,86,22,174,3306,0.0,1.35615,0.0627495,0.101053,0.0276474,,74,22,170,5511,0.0,1.36814,0.0602667,0.16655,0.0430354,,104,0,0,0,29.3751,0.0,0.0,0.0,0.0,,52,26,26,439,0.0,0.20487,0.00947942,0.0159055,0.00387803,,48,28,88,1589,0.0,0.714459,0.0293342,0.0501877,0.0128996,,58,26,36,574,0.0,0.287071,0.012418,0.0226643,0.00489153,,63,28,30,665,0.0,0.207019,0.010699,0.0226976,0.0054951,,87,20,182,4629,0.0,1.46498,0.0644053,0.139232,0.0376843,,66,24,90,2215,0.0,0.717064,0.0330122,0.0681716,0.01763,,79,22,108,3369,0.0,0.876815,0.0401521,0.104454,0.0260123,,64,25,56,1559,0.0,0.455005,0.0201462,0.0510707,0.012188,,82,20,176,4536,0.0,1.4099,0.0650933,0.135887,0.0370342,,72,26,120,2575,0.0,0.90968,0.0400442,0.0772922,0.0209024,,85,22,98,1937,0.0,0.787443,0.0343741,0.0621043,0.0155963,,94,21,110,2447,0.0,0.82608,0.0398443,0.0740404,0.0201756,,83,24,54,1263,0.0,0.411641,0.0198005,0.0394888,0.0102863,,76,21,160,6387,0.0,1.30818,0.055988,0.186807,0.0492622,,78,21,140,5903,0.0,1.10707,0.0500585,0.180137,0.046962,,61,22,182,4851,0.0,1.47686,0.0611407,0.140798,0.0384572,,51,25,36,629,0.0,0.297324,0.0137139,0.0215804,0.00546192,,81,16,204,9277,0.0,1.624,0.0715822,0.300305,0.0693833,,71,24,90,2472,0.0,0.734454,0.0312303,0.0759061,0.0192667,,65,26,68,1181,0.0,0.522231,0.0242805,0.0392835,0.00992886,,68,14,204,11609,0.0,1.46276,0.0774403,0.350856,0.0957828,,80,27,30,414,0.0,0.207563,0.0109654,0.0154702,0.00357038,,69,29,14,71,0.0,0.0915802,0.00526278,0.00426425,0.000937905,,50,23,112,3003,0.0,0.883704,0.0419594,0.0946469,0.0248665,,90,16,212,8460,0.0,1.67212,0.0695968,0.243786,0.0671344,,49,29,8,187,0.0,0.0570492,0.00304619,0.00860476,0.00142968,,95,17,188,7040,0.0,1.53279,0.0674522,0.205776,0.0563697,,73,21,74,1846,0.0,0.585176,0.0250117,0.0547433,0.0142114,,,,,,
56,28,32,531,0.0,0.244228,0.0109308,0.0196311,0.00451605,,89,18,232,7030,0.0,1.86493,0.0794036,0.208232,0.0561273,,91,22,112,3312,0.0,0.897835,0.0400484,0.10174,0.0267634,,92,25,60,1850,0.0,0.416514,0.0213277,0.0540681,0.0148262,,55,25,36,894,0.0,0.292478,0.0119582,0.0319213,0.0081913,,60,28,52,990,0.0,0.342222,0.0182908,0.0328097,0.00836578,,53,29,40,734,0.0,0.274842,0.0128125,0.0265758,0.00610461,,62,26,48,937,0.0,0.341705,0.0171724,0.0291329,0.00769251,,84,24,88,2289,0.0,0.707971,0.0321705,0.0715175,0.018681,,77,24,142,2846,0.0,1.09102,0.0505824,0.0873322,0.0231324,,88,26,26,297,0.0,0.170283,0.00904184,0.0119139,0.00257283,,67,23,76,2574,0.0,0.609438,0.0274448,0.0801891,0.0207611,,57,29,22,217,0.0,0.15844,0.00819916,0.00996437,0.00224608,,54,20,134,3639,0.0,1.08915,0.0480788,0.112009,0.0290683,,59,28,14,233,0.0,0.109383,0.0046572,0.0114473,0.00188446,,75,27,46,1834,0.0,0.361598,0.0164197,0.0567816,0.0143648,,93,24,92,2801,0.0,0.655852,0.03219,0.0836408,0.0212623,,86,23,106,2353,0.0,0.752911,0.0381676,0.0705164,0.0190887,,74,23,138,4472,0.0,1.11841,0.0497682,0.135863,0.0353568,,104,1,1,15000,0.0,0.756186,0.000848639,0.665196,0.0846267,,52,27,26,267,0.0,0.209993,0.00911182,0.0106324,0.00264941,,48,29,54,841,0.0,0.442129,0.0185194,0.0275887,0.00741181,,58,27,20,234,0.0,0.135879,0.00715081,0.00960465,0.00225601,,63,29,22,493,0.0,0.14319,0.00764825,0.0177146,0.00400033,,87,21,172,3417,0.0,1.39288,0.0611084,0.103604,0.0287251,,66,25,78,1695,0.0,0.600166,0.028797,0.0526071,0.0136038,,79,23,92,2750,0.0,0.736461,0.0322132,0.0858607,0.0235444,,64,26,36,1197,0.0,0.284053,0.0126344,0.0450517,0.00996026,,82,21,156,3475,0.0,1.26899,0.0557582,0.106987,0.0286339,,72,27,80,1839,0.0,0.580974,0.0281756,0.054082,0.0142261,,85,23,74,1178,0.0,0.574423,0.0262946,0.0383873,0.0101934,,94,22,86,1807,0.0,0.616371,0.0307345,0.0563846,0.0149312,,83,25,52,950,0.0,0.382273,0.0189369,0.0310715,0.00779591,,76,22,158,5357,0.0,1.27764,0.0497312,0.155792,0.0423161,,78,22,146,5097,0.0,1.15688,0.0545867,0.156915,0.0406913,,61,23,160,3708,0.0,1.30749,0.0547643,0.108818,0.0299225,,51,26,32,394,0.0,0.255375,0.0114972,0.0157202,0.00374206,,81,17,152,8165,0.0,1.23409,0.0542416,0.263171,0.0611808,,71,25,72,1837,0.0,0.580029,0.0258787,0.0590611,0.0148451,,65,27,40,675,0.0,0.294074,0.0138111,0.0251246,0.00579698,,68,15,236,10711,0.0,1.73617,0.0813568,0.32786,0.0826472,,80,28,14,226,0.0,0.0964152,0.00443524,0.0112776,0.00198103,,69,30,2,6,0.0,0.0116351,0.000981014,0.00290121,9.7217e-05,,50,24,92,2377,0.0,0.75988,0.0339244,0.0729012,0.020341,,90,17,212,7216,0.0,1.70666,0.0785234,0.210916,0.0559194,,49,30,6,115,0.0,0.0444257,0.00282784,0.0071676,0.00101426,,95,18,174,5676,0.0,1.41918,0.0612,0.167824,0.0436664,,73,22,52,1095,0.0,0.429952,0.0183112,0.0362551,0.00898828,,,,,,
56,29,24,353,0.0,0.173743,0.00855806,0.0135796,0.00306476,,89,19,190,5579,0.0,1.52276,0.0677271,0.164294,0.0449348,,91,23,110,2776,0.0,0.868169,0.0412793,0.0855946,0.0230122,,92,26,60,1513,0.0,0.393733,0.0219801,0.0432914,0.0116991,,55,26,28,732,0.0,0.21967,0.0101528,0.0249672,0.00592527,,60,29,30,673,0.0,0.209215,0.0106179,0.0221619,0.00553216,,53,30,28,530,0.0,0.187655,0.00966247,0.0196406,0.00429186,,62,27,30,582,0.0,0.204762,0.00988647,0.0198275,0.00504717,,84,25,92,1817,0.0,0.709797,0.0335939,0.0570644,0.0156993,,77,25,100,1847,0.0,0.720005,0.0361891,0.0583804,0.0153841,,88,27,8,79,0.0,0.0553874,0.0025883,0.00526323,0.000800862,,67,24,76,2150,0.0,0.606045,0.0279534,0.0644752,0.0173435,,57,30,12,78,0.0,0.0789823,0.00412308,0.00569211,0.000938257,,54,21,108,2835,0.0,0.879855,0.0374527,0.0840798,0.0236135,,59,29,10,98,0.0,0.0650458,0.00354269,0.00570279,0.000981337,,75,28,46,1645,0.0,0.335536,0.0168599,0.0497128,0.0123918,,93,25,86,2331,0.0,0.587163,0.0309833,0.0683483,0.0180422,,86,24,80,1707,0.0,0.56026,0.0291217,0.0501482,0.0137885,,74,24,118,3611,0.0,0.957422,0.0412605,0.109845,0.0291747,,104,2,2,15000,0.0,0.0956184,0.00104487,0.553389,0.0812911,,52,28,12,78,0.0,0.0973304,0.00380271,0.00576339,0.00096306,,48,30,42,498,0.0,0.329119,0.0150888,0.0185304,0.0047433,,58,28,16,162,0.0,0.124139,0.00536131,0.00839544,0.00150917,,63,30,16,328,0.0,0.112822,0.00580736,0.0113338,0.00268089,,87,22,130,2444,0.0,0.967772,0.0435061,0.0748487,0.0200352,,66,26,56,1119,0.0,0.387931,0.0194991,0.0348473,0.00890495,,79,24,78,2186,0.0,0.589639,0.0286521,0.0718211,0.0176983,,64,27,28,1045,0.0,0.223708,0.0101016,0.0363647,0.00827008,,82,22,124,2506,0.0,0.969991,0.0445076,0.0804321,0.0207961,,72,28,56,1297,0.0,0.370145,0.0203153,0.0389253,0.0102678,,85,24,54,746,0.0,0.416291,0.0189202,0.0277581,0.00641251,,94,23,80,1363,0.0,0.539204,0.0292002,0.0443167,0.0115267,,83,26,42,685,0.0,0.310886,0.0145036,0.02291,0.00547704,,76,23,158,4535,0.0,1.27164,0.0576421,0.13315,0.0361533,,78,23,136,4224,0.0,1.10193,0.0506516,0.128159,0.0338499,,61,24,136,2707,0.0,1.09373,0.0476457,0.0815761,0.0230559,,51,27,14,210,0.0,0.113083,0.00444184,0.0104991,0.00185562,,81,18,150,7378,0.0,1.19929,0.0533918,0.245606,0.0541533,,71,26,64,1455,0.0,0.479147,0.0233158,0.0451669,0.0117511,,65,28,32,510,0.0,0.218233,0.0111901,0.0177588,0.00422334,,68,16,254,9492,0.0,1.92911,0.0881817,0.286349,0.0744277,,80,29,8,151,0.0,0.044465,0.0029923,0.00730816,0.00127268,,131,0,0,0,29.0949,0.0,0.0,0.0,0.0,,50,25,70,1796,0.0,0.565365,0.0255474,0.0589988,0.0152156,,90,18,188,5779,0.0,1.5405,0.0699239,0.172369,0.0475826,,49,31,10,97,0.0,0.0762453,0.00412452,0.00700915,0.000934264,,95,19,170,4878,0.0,1.36479,0.0546209,0.142387,0.0392634,,73,23,36,719,0.0,0.275369,0.0118723,0.0250416,0.00577985,,,,,,
56,30,18,212,0.0,0.107869,0.00678204,0.00894099,0.00200518,,89,20,168,4392,0.0,1.35622,0.0602754,0.131333,0.0365815,,91,24,110,2081,0.0,0.838143,0.0410456,0.0634694,0.017592,,92,27,48,1176,0.0,0.285686,0.0166825,0.0343572,0.00911957,,55,27,30,541,0.0,0.238778,0.010068,0.0198981,0.00470278,,60,30,20,533,0.0,0.134628,0.00706637,0.0159508,0.00403305,,53,31,20,307,0.0,0.131825,0.00718034,0.0110029,0.0026913,,62,28,16,450,0.0,0.109635,0.00522872,0.0180811,0.00340664,,84,26,58,1205,0.0,0.452915,0.0200046,0.0392221,0.00975696,,77,26,74,1323,0.0,0.499619,0.0261916,0.0392109,0.0110211,,88,28,6,40,0.0,0.0420127,0.0026441,0.00434153,0.000410755,,67,25,64,1736,0.0,0.499275,0.0226416,0.0531633,0.0138412,,57,31,4,13,0.0,0.0286544,0.00188498,0.00291791,0.000203707,,54,22,102,2188,0.0,0.791636,0.0373047,0.0730663,0.0180657,,59,30,2,44,0.0,0.0151057,0.00120972,0.00376103,0.000341369,,75,29,42,1229,0.0,0.314644,0.0142846,0.0375454,0.00946386,,93,26,88,1832,0.0,0.542846,0.0301724,0.0517475,0.0145617,,86,25,50,1263,0.0,0.336623,0.0346683,0.0647314,0.00981382,,74,25,100,2924,0.0,0.774858,0.0371086,0.0907888,0.0239608,,104,3,4,15000,0.0,0.106318,0.00134683,0.471367,0.0837249,,52,29,4,40,0.0,0.0332003,0.00189681,0.00435426,0.000394247,,48,31,22,294,0.0,0.163324,0.00758767,0.0119281,0.00266269,,58,29,6,48,0.0,0.0470523,0.00234981,0.00424425,0.000460149,,63,31,10,205,0.0,0.0686806,0.00331738,0.00929268,0.00172088,,87,23,102,1563,0.0,0.729805,0.0369167,0.0475395,0.0133679,,66,27,44,694,0.0,0.321659,0.0162581,0.0230878,0.00597351,,79,25,62,1729,0.0,0.462642,0.0220181,0.052221,0.0145521,,64,28,26,939,0.0,0.20578,0.00934691,0.0335673,0.00749318,,82,23,94,1801,0.0,0.705873,0.034428,0.0584444,0.014939,,72,29,50,922,0.0,0.33962,0.0175932,0.0286795,0.00777549,,85,25,26,392,0.0,0.190531,0.00913979,0.0159013,0.00337875,,94,24,58,903,0.0,0.379498,0.0205103,0.027023,0.00767485,,83,27,24,357,0.0,0.166699,0.00867619,0.0144275,0.00296397,,76,24,138,3358,0.0,1.10752,0.0511954,0.100337,0.0264263,,78,24,110,3292,0.0,0.887131,0.0393085,0.102635,0.0269506,,61,25,106,1986,0.0,0.805871,0.0350074,0.0588002,0.0163587,,51,28,8,121,0.0,0.0587563,0.0031711,0.00704999,0.0010606,,81,19,124,6512,0.0,0.975456,0.0443702,0.203407,0.0480517,,71,27,54,1039,0.0,0.403593,0.0189226,0.0343622,0.00869845,,65,29,20,241,0.0,0.143598,0.00761543,0.0110942,0.00217333,,68,17,232,7820,0.0,1.87347,0.084728,0.239428,0.0617073,,80,30,10,122,0.0,0.0704439,0.00381239,0.00623577,0.00116392,,131,1,1,15000,0.0,0.501672,0.000604487,0.41206,0.0820538,,50,26,52,1351,0.0,0.414563,0.0186348,0.0453786,0.011283,,90,19,170,4808,0.0,1.36342,0.0704309,0.145092,0.0373979,,49,32,4,50,0.0,0.0340508,0.00169523,0.00463007,0.000482562,,95,20,154,3628,0.0,1.23987,0.0558054,0.106747,0.0295897,,73,24,26,516,0.0,0.19831,0.0095434,0.0187569,0.00423038,,,,,,
56,31,6,87,0.0,0.0427802,0.00245051,0.00665136,0.000756504,,89,21,148,3506,0.0,1.19389,0.0554046,0.109111,0.0287001,,91,25,74,1462,0.0,0.540037,0.0262021,0.0439496,0.0117272,,92,28,40,869,0.0,0.217787,0.0131939,0.0227263,0.00670639,,55,28,18,402,0.0,0.149762,0.00626204,0.0173822,0.00322502,,60,31,14,375,0.0,0.0983254,0.00452696,0.0142896,0.00300893,,53,32,16,242,0.0,0.110922,0.0052022,0.0112415,0.00210608,,62,29,14,370,0.0,0.092139,0.00445466,0.0158397,0.00299176,,84,27,44,899,0.0,0.304837,0.0161778,0.0289729,0.00720845,,77,27,46,888,0.0,0.309187,0.0157743,0.0267146,0.00733125,,88,29,2,5,0.0,0.0126137,0.00132842,0.00248221,8.5573e-05,,67,26,48,1367,0.0,0.367442,0.0176061,0.0419767,0.0108203,,111,0,0,0,29.0773,0.0,0.0,0.0,0.0,,54,23,70,1629,0.0,0.582978,0.0251865,0.0528317,0.0135291,,59,31,2,27,0.0,0.0133901,0.00158169,0.00515397,0.000258814,,75,30,30,970,0.0,0.209965,0.0112101,0.0294505,0.00733885,,93,27,72,1267,0.0,0.395722,0.0237532,0.0320856,0.0104704,,86,26,50,942,0.0,0.315676,0.0179567,0.0265751,0.007555,,74,26,88,2359,0.0,0.666393,0.0317246,0.0725669,0.0188242,,104,4,8,15000,0.0,0.119378,0.00262944,0.420775,0.0812314,,100,0,0,0,28.8426,0.0,0.0,0.0,0.0,,48,32,16,150,0.0,0.124143,0.00541677,0.00825494,0.00147644,,58,30,2,14,0.0,0.0101103,0.00162659,0.0032338,0.000125681,,63,32,10,163,0.0,0.0668327,0.00323904,0.00971308,0.0014069,,87,24,54,969,0.0,0.37859,0.0193442,0.0285042,0.0082372,,66,28,30,512,0.0,0.204169,0.0106478,0.0188755,0.00428042,,79,26,56,1475,0.0,0.415972,0.0193365,0.0440254,0.012277,,64,29,18,770,0.0,0.121044,0.00663769,0.02523,0.00787458,,82,24,82,1319,0.0,0.59884,0.0291034,0.0400293,0.0107695,,72,30,40,664,0.0,0.258527,0.0139216,0.0201866,0.0056064,,85,26,18,234,0.0,0.129198,0.00698108,0.0102227,0.00211633,,94,25,30,511,0.0,0.180579,0.0102529,0.0181131,0.00433471,,83,28,14,208,0.0,0.0963351,0.00462241,0.0103039,0.00171816,,76,25,104,2532,0.0,0.801347,0.0373395,0.0764536,0.0200244,,78,25,90,2649,0.0,0.693565,0.0296624,0.0785565,0.0211138,,61,26,66,1250,0.0,0.470658,0.024121,0.0425753,0.00996274,,51,29,6,64,0.0,0.0461153,0.00264339,0.00507242,0.000613534,,81,20,112,5671,0.0,0.920648,0.0398077,0.17555,0.043092,,71,28,50,744,0.0,0.353823,0.0184896,0.0239045,0.00643818,,65,30,4,106,0.0,0.0277386,0.00151386,0.00676975,0.000906671,,68,18,210,6505,0.0,1.68784,0.0731427,0.19052,0.0542444,,80,31,8,86,0.0,0.0523046,0.00312359,0.00604992,0.000716457,,131,2,2,15000,0.0,0.0904746,0.000757131,0.412542,0.0786879,,50,27,38,967,0.0,0.30319,0.0139264,0.0336311,0.0076069,,90,20,148,3726,0.0,1.20551,0.0536362,0.113062,0.0302135,,49,33,2,42,0.0,0.0164507,0.00154479,0.00465333,0.000302989,,95,21,122,2708,0.0,0.984171,0.0434702,0.0831677,0.021948,,73,25,24,389,0.0,0.161463,0.00894345,0.0149081,0.003284,,,,,,
56,32,4,70,0.0,0.0319773,0.00200701,0.00544854,0.000521372,,89,22,96,2511,0.0,0.728688,0.0344913,0.0770953,0.0204894,,91,26,50,815,0.0,0.335855,0.0174091,0.0259626,0.00699206,,92,29,30,575,0.0,0.163575,0.0101784,0.0167978,0.00457041,,55,29,16,323,0.0,0.112187,0.0048183,0.0131515,0.00257131,,60,32,20,353,0.0,0.124608,0.00702478,0.0125815,0.00292661,,53,33,8,122,0.0,0.0522217,0.0027279,0.00683841,0.00106489,,62,30,10,275,0.0,0.0603768,0.00340616,0.0108328,0.00216244,,84,28,32,618,0.0,0.246638,0.0115269,0.0205181,0.00511223,,77,28,40,645,0.0,0.256866,0.0142806,0.0191656,0.0055685,,118,0,0,0,29.0616,0.0,0.0,0.0,0.0,,67,27,56,1143,0.0,0.422361,0.0204577,0.0361079,0.00906345,,111,1,1,15000,0.0,0.634054,0.000747859,0.542354,0.0838255,,54,24,46,1216,0.0,0.363634,0.0159931,0.0411659,0.00982513,,59,32,4,27,0.0,0.0218907,0.00121159,0.00584777,0.000266231,,75,31,34,825,0.0,0.226932,0.0123291,0.0261847,0.00646476,,93,28,56,791,0.0,0.280885,0.0182489,0.0220764,0.00684813,,86,27,30,580,0.0,0.174965,0.0102371,0.0175619,0.00487943,,74,27,74,1834,0.0,0.53341,0.0273218,0.0557519,0.0143116,,104,5,12,14973,0.0,0.143404,0.00393829,0.387644,0.082911,,100,1,1,15000,0.0,0.818664,0.000881996,0.72557,0.0862602,,48,33,8,42,0.0,0.0642769,0.00326171,0.00401829,0.000519775,,102,0,0,0,30.402,0.0,0.0,0.0,0.0,,63,33,4,112,0.0,0.0269494,0.00183056,0.00624314,0.000884248,,87,25,44,629,0.0,0.295625,0.0155665,0.0217972,0.00561893,,66,29,24,313,0.0,0.152079,0.00878723,0.0119573,0.00291718,,79,27,44,1141,0.0,0.301362,0.0157383,0.0380192,0.00996397,,64,30,20,692,0.0,0.153956,0.00673082,0.024003,0.00604977,,82,25,50,754,0.0,0.335082,0.0174261,0.0258424,0.00652515,,72,31,26,373,0.0,0.163522,0.00918227,0.012797,0.00332108,,85,27,10,111,0.0,0.062085,0.00343109,0.0070884,0.00101471,,94,26,12,334,0.0,0.0684531,0.00443039,0.0113731,0.0024578,,83,29,10,114,0.0,0.0638172,0.00375537,0.00650725,0.00109928,,76,26,104,2052,0.0,0.77189,0.0378528,0.0610453,0.0166389,,78,26,102,2231,0.0,0.734358,0.036333,0.0660271,0.0179992,,61,27,38,791,0.0,0.261829,0.0139461,0.025865,0.00637596,,51,30,4,45,0.0,0.0316232,0.00238154,0.00533607,0.000421837,,81,21,118,5039,0.0,0.952119,0.0409948,0.149547,0.0403314,,71,29,24,403,0.0,0.163335,0.00825234,0.0159587,0.00354848,,65,31,8,106,0.0,0.0530295,0.00356296,0.00714831,0.000862303,,68,19,186,5521,0.0,1.50097,0.0637801,0.164212,0.0440028,,80,32,2,12,0.0,0.0142377,0.0010551,0.00298421,0.000142618,,131,3,2,14989,0.0,0.0896684,0.000692983,0.40581,0.077851,,50,28,30,791,0.0,0.237596,0.0105253,0.0275957,0.0060417,,90,21,124,2777,0.0,1.00562,0.0457235,0.0832423,0.0226186,,99,0,0,0,29.2602,0.0,0.0,0.0,0.0,,95,22,74,1837,0.0,0.576511,0.0274597,0.060366,0.014725,,73,26,18,226,0.0,0.12576,0.00669981,0.00988258,0.00199919,,,,,,
56,33,2,14,0.0,0.0127512,0.00166771,0.00512832,0.000164574,,89,23,80,1976,0.0,0.571138,0.028463,0.0595255,0.0163245,,91,27,38,563,0.0,0.264408,0.0131143,0.0192258,0.00497129,,92,30,16,302,0.0,0.082807,0.00527893,0.0099204,0.00248521,,55,30,10,215,0.0,0.0734451,0.00322053,0.00936211,0.0017214,,60,33,16,184,0.0,0.102326,0.00587146,0.00798073,0.00184174,,53,34,6,51,0.0,0.0426143,0.00240523,0.00386788,0.000536157,,62,31,8,206,0.0,0.0528692,0.00308334,0.00912968,0.00153452,,84,29,22,461,0.0,0.152275,0.00801831,0.0163013,0.00375054,,77,29,22,426,0.0,0.136906,0.00766907,0.0132765,0.0033853,,118,1,1,15000,0.0,0.567008,0.000698923,0.47592,0.0826808,,67,28,40,702,0.0,0.294116,0.0137751,0.0227213,0.00596622,,111,2,2,15000,0.0,0.0908251,0.000707599,0.486014,0.0795495,,54,25,36,880,0.0,0.286808,0.0132367,0.0336007,0.00743376,,109,0,0,0,29.0902,0.0,0.0,0.0,0.0,,75,32,30,511,0.0,0.210416,0.0106871,0.0153852,0.00440209,,93,29,28,347,0.0,0.13798,0.0089941,0.0112278,0.00328826,,86,28,22,414,0.0,0.122073,0.0072878,0.0124841,0.00343517,,74,28,66,1460,0.0,0.446667,0.0235603,0.0425205,0.0115317,,104,6,18,14936,0.0,0.173006,0.00613177,0.388855,0.0860628,,100,2,2,15000,0.0,0.0961223,0.00168557,0.637284,0.083632,,97,0,0,0,29.8588,0.0,0.0,0.0,0.0,,102,1,1,15000,0.0,0.765049,0.000873061,0.672781,0.0857877,,63,34,4,90,0.0,0.0289312,0.00185859,0.00512404,0.000706244,,87,26,22,315,0.0,0.136935,0.00764547,0.0113252,0.00284964,,66,30,14,140,0.0,0.0992869,0.00454333,0.00906472,0.00131346,,79,28,40,846,0.0,0.273032,0.0141639,0.0260259,0.00692608,,64,31,16,593,0.0,0.119876,0.00533238,0.0220501,0.00508042,,82,26,32,442,0.0,0.219857,0.0113295,0.0161596,0.00394449,,72,32,12,176,0.0,0.0636457,0.00417466,0.00748818,0.00155912,,85,28,4,31,0.0,0.0244829,0.0018827,0.00336048,0.000357314,,94,27,12,241,0.0,0.0684466,0.00406736,0.0101419,0.00193238,,83,30,8,47,0.0,0.0515332,0.00327445,0.00637195,0.000624736,,76,27,80,1354,0.0,0.545647,0.0296281,0.0401439,0.0115215,,78,27,66,1544,0.0,0.44117,0.023023,0.0459501,0.0122605,,61,28,30,580,0.0,0.194472,0.0103033,0.0194353,0.00476197,,51,31,2,18,0.0,0.0105,0.00130436,0.00532889,0.000216153,,81,22,120,4492,0.0,0.94087,0.0436302,0.139246,0.0357718,,71,30,16,277,0.0,0.114371,0.00623389,0.0104694,0.00243812,,65,32,2,15,0.0,0.0100575,0.00130886,0.00292896,0.000186802,,68,20,128,4168,0.0,1.06111,0.0433663,0.126892,0.0334328,,119,0,0,0,29.554,0.0,0.0,0.0,0.0,,131,4,4,14989,0.0,0.101981,0.00141027,0.428374,0.082631,,50,29,28,592,0.0,0.20317,0.00998111,0.0208324,0.00490086,,90,22,94,2040,0.0,0.722364,0.0302808,0.0616786,0.0183632,,99,1,1,15000,0.0,0.840495,0.000963748,0.747563,0.086103,,95,23,72,1480,0.0,0.558159,0.0260475,0.0457535,0.0118931,,73,27,12,113,0.0,0.0871198,0.00431154,0.00625129,0.00103331,,,,,,
108,0,0,0,25.9324,0.0,0.0,0.0,0.0,,89,24,54,1404,0.0,0.372925,0.0190764,0.0433018,0.0110174,,91,28,26,349,0.0,0.16893,0.0091901,0.0130251,0.0030144,,92,31,10,215,0.0,0.0504402,0.00348033,0.00803126,0.00175522,,55,31,6,140,0.0,0.0428097,0.00291538,0.0081206,0.00108206,,60,34,12,108,0.0,0.0777766,0.00422295,0.00580425,0.000986957,,53,35,2,12,0.0,0.0126506,0.00137332,0.00425544,0.000133552,,62,32,6,145,0.0,0.0412112,0.00269725,0.00763537,0.00115987,,84,30,14,343,0.0,0.0997072,0.00472196,0.0139716,0.00264499,,77,30,14,214,0.0,0.0778554,0.00487811,0.00796474,0.00192034,,118,2,2,15000,0.0,0.0895098,0.0007547,0.475358,0.0772057,,67,29,32,469,0.0,0.21605,0.0105217,0.015776,0.00411072,,111,3,4,15000,0.0,0.10256,0.00139968,0.447084,0.0827205,,54,26,24,677,0.0,0.19175,0.00884756,0.0248136,0.00562581,,109,1,1,15000,0.0,0.649414,0.000754101,0.55677,0.0849832,,75,33,20,381,0.0,0.139552,0.00715291,0.0130875,0.0031598,,93,30,18,213,0.0,0.090762,0.00617869,0.00773592,0.0019485,,86,29,26,289,0.0,0.138028,0.00856299,0.0104919,0.00276059,,74,29,60,1009,0.0,0.410683,0.021252,0.0299527,0.0086415,,104,7,34,14931,0.0,0.265889,0.0108527,0.388797,0.0919,,100,3,4,15000,0.0,0.107239,0.00233993,0.566454,0.0844233,,97,1,1,15000,0.0,0.816594,0.00096567,0.722891,0.0866758,,102,2,2,15000,0.0,0.0951063,0.000665134,0.60263,0.0827571,,63,35,4,35,0.0,0.0286409,0.00196043,0.00381561,0.000406786,,87,27,10,198,0.0,0.0640366,0.00352209,0.00816791,0.00148568,,66,31,8,64,0.0,0.0586949,0.00281921,0.00629718,0.000638831,,79,29,20,651,0.0,0.13782,0.00732162,0.0196096,0.00481619,,64,32,14,487,0.0,0.104038,0.00457566,0.0190839,0.00418483,,82,27,24,274,0.0,0.159482,0.00845291,0.011392,0.00256352,,72,33,12,96,0.0,0.0730492,0.00420764,0.00552993,0.00107352,,85,29,2,19,0.0,0.011935,0.00151754,0.00429063,0.000165608,,94,28,8,179,0.0,0.0448858,0.00282138,0.00727798,0.00142925,,83,31,2,13,0.0,0.00992793,0.0013552,0.00367144,0.000125055,,76,28,66,976,0.0,0.450657,0.0232434,0.0299385,0.00827742,,78,28,60,1282,0.0,0.405633,0.0209741,0.0363651,0.00996633,,61,29,20,373,0.0,0.140031,0.00744315,0.0138502,0.00306397,,51,32,2,9,0.0,0.0112727,0.000986813,0.00455309,0.000143039,,81,23,124,3848,0.0,1.0092,0.0427187,0.119839,0.0308269,,71,31,14,234,0.0,0.0900101,0.00479668,0.0120163,0.00190739,,65,33,2,5,0.0,0.0120583,0.000656518,0.00347929,8.5781e-05,,68,21,134,3562,0.0,1.07364,0.0491851,0.105627,0.0287831,,119,1,1,15000,0.0,0.553457,0.000696379,0.46313,0.0834401,,131,5,8,14989,0.0,0.121562,0.00286315,0.41212,0.0829296,,50,30,24,450,0.0,0.182984,0.00901067,0.0167048,0.00379559,,90,23,86,1532,0.0,0.617043,0.0307864,0.0483534,0.0130335,,99,2,2,15000,0.0,0.0971794,0.000722485,0.660894,0.0828336,,95,24,50,1016,0.0,0.346791,0.0178921,0.0305861,0.00808592,,73,28,4,24,0.0,0.0333859,0.00207362,0.00437546,0.000277405,,,,,,
108,1,1,15000,0.0,0.705701,0.000757222,0.609443,0.0847562,,89,25,42,1137,0.0,0.292733,0.0147741,0.0339488,0.00880888,,91,29,12,169,0.0,0.0839318,0.00391465,0.00813255,0.00148568,,92,32,8,181,0.0,0.040559,0.00294438,0.00709883,0.00139726,,55,32,8,108,0.0,0.0590258,0.00369855,0.00813124,0.000989294,,130,0,0,0,29.813,0.0,0.0,0.0,0.0,,122,0,0,0,29.2317,0.0,0.0,0.0,0.0,,62,33,4,126,0.0,0.0217567,0.00139224,0.00694668,0.000917336,,84,31,10,226,0.0,0.0677837,0.00346281,0.011251,0.00188058,,77,31,12,165,0.0,0.0725669,0.00416429,0.00709933,0.00143756,,118,3,4,15000,0.0,0.0978898,0.00155049,0.425485,0.0773944,,67,30,16,211,0.0,0.108541,0.00509008,0.0115632,0.00200927,,111,4,8,15000,0.0,0.12359,0.00284369,0.398567,0.0821777,,54,27,14,566,0.0,0.108292,0.00512147,0.0228564,0.00500576,,109,2,2,15000,0.0,0.0935268,0.00143191,0.486103,0.0814872,,75,34,18,249,0.0,0.113288,0.00623785,0.010843,0.00220868,,93,31,8,68,0.0,0.0391527,0.00261287,0.0044746,0.000693963,,86,30,14,131,0.0,0.0760523,0.00475651,0.00606708,0.00118887,,74,30,56,759,0.0,0.353666,0.0196476,0.0228761,0.0063749,,104,8,58,14861,0.0,0.361894,0.018966,0.387088,0.0969996,,100,4,4,14978,0.0,0.107766,0.001329,0.512478,0.083112,,97,2,2,15000,0.0,0.0986283,0.00066218,0.736285,0.0845351,,102,3,2,14987,0.0,0.0910684,0.00141769,0.515379,0.0807236,,63,36,2,21,0.0,0.0125069,0.00131417,0.0030634,0.000228545,,87,28,4,142,0.0,0.0244698,0.00169055,0.00601326,0.000958238,,66,32,2,25,0.0,0.0134389,0.00123047,0.00386417,0.000194852,,79,30,16,577,0.0,0.107743,0.00566112,0.0180209,0.00408587,,64,33,10,342,0.0,0.0759702,0.00368429,0.0135673,0.00258361,,82,28,12,146,0.0,0.0849576,0.00390461,0.00787157,0.00132,,72,34,6,62,0.0,0.0349616,0.0021682,0.00419219,0.000540274,,106,0,0,0,25.8109,0.0,0.0,0.0,0.0,,94,29,10,151,0.0,0.0554256,0.00356383,0.00621167,0.00119707,,113,0,0,0,29.2622,0.0,0.0,0.0,0.0,,76,29,32,426,0.0,0.209174,0.0107991,0.015879,0.00382008,,78,29,44,847,0.0,0.275362,0.0151126,0.0251081,0.00685393,,61,30,16,271,0.0,0.112033,0.00523838,0.0123151,0.00231978,,98,0,0,0,28.1157,0.0,0.0,0.0,0.0,,81,24,104,3104,0.0,0.840353,0.0379449,0.0940203,0.0246797,,71,32,8,110,0.0,0.0532849,0.00320053,0.00591159,0.000977375,,110,0,0,0,29.1526,0.0,0.0,0.0,0.0,,68,22,106,2481,0.0,0.851201,0.0377435,0.0789101,0.0199055,,119,2,2,15000,0.0,0.0902927,0.000758502,0.496987,0.079944,,131,6,14,14985,0.0,0.161396,0.00483501,0.45385,0.0912613,,50,31,22,288,0.0,0.171169,0.00844564,0.0120959,0.00269249,,90,24,52,1003,0.0,0.353454,0.0192072,0.032118,0.00875002,,99,3,4,15000,0.0,0.10816,0.00128593,0.587444,0.0853415,,95,25,40,657,0.0,0.299535,0.0141166,0.02275,0.00528532,,73,29,2,7,0.0,0.0102332,0.00146644,0.00505941,0.00010551,,,,,,
108,2,2,15000,0.0,0.0943221,0.000716818,0.504811,0.0785398,,89,26,34,913,0.0,0.229557,0.0112458,0.0279148,0.00709493,,91,30,10,124,0.0,0.0595902,0.00377411,0.0069757,0.00116129,,92,33,6,103,0.0,0.0320504,0.00202302,0.00546588,0.000825706,,55,33,4,48,0.0,0.0309114,0.00211899,0.00482323,0.000426236,,130,1,1,15000,0.0,0.483542,0.000575906,0.393268,0.0829345,,122,1,1,15000,0.0,0.536081,0.000631523,0.44647,0.0816488,,62,34,4,69,0.0,0.0294455,0.00196176,0.0043351,0.000655097,,84,32,8,204,0.0,0.052885,0.0030859,0.00913358,0.00153736,,77,32,6,74,0.0,0.032527,0.00212999,0.00409293,0.000642033,,118,4,8,15000,0.0,0.117923,0.00269959,0.424081,0.0800814,,67,31,12,156,0.0,0.0765415,0.0040386,0.010375,0.00145741,,111,5,16,15000,0.0,0.189176,0.00533972,0.399582,0.111172,,54,28,12,485,0.0,0.0948412,0.00473756,0.0168676,0.00425176,,109,3,4,15000,0.0,0.100568,0.00192031,0.426345,0.0802594,,75,35,14,140,0.0,0.0958986,0.00475194,0.00702857,0.00133571,,93,32,4,37,0.0,0.0187793,0.00135726,0.00345879,0.000367431,,86,31,4,39,0.0,0.0204873,0.00136846,0.00336642,0.000399572,,74,31,24,392,0.0,0.136366,0.00838343,0.0130153,0.00319349,,104,9,82,14643,0.0,0.472888,0.0278645,0.391752,0.101955,,100,5,8,14978,0.0,0.124225,0.00276485,0.428717,0.0842218,,97,3,4,15000,0.0,0.114997,0.00147192,0.746592,0.0844139,,102,4,4,14987,0.0,0.10537,0.00139432,0.468221,0.081369,,63,37,2,5,0.0,0.00924126,0.00062514,0.00414446,0.000106173,,87,29,4,116,0.0,0.024857,0.00189584,0.00571927,0.000874069,,120,0,0,0,30.58,0.0,0.0,0.0,0.0,,79,31,14,379,0.0,0.0981601,0.00462507,0.0150107,0.00291162,,64,34,4,305,0.0,0.0306827,0.00212746,0.013647,0.00222942,,82,29,12,95,0.0,0.0705397,0.0044563,0.00642962,0.000966675,,135,0,0,0,29.7223,0.0,0.0,0.0,0.0,,106,1,1,15000,0.0,0.716566,0.000794269,0.621652,0.0851454,,94,30,6,91,0.0,0.0296392,0.00217769,0.00487176,0.000798626,,113,1,1,15000,0.0,0.606376,0.000734512,0.516062,0.0826291,,76,30,18,248,0.0,0.112524,0.00629002,0.00930284,0.00213326,,78,30,40,566,0.0,0.233792,0.0141777,0.0169123,0.00496646,,61,31,14,177,0.0,0.0946825,0.00473462,0.00802051,0.00161028,,98,1,1,15000,0.0,0.83225,0.000874876,0.73602,0.0859015,,81,25,96,2545,0.0,0.720058,0.0354678,0.080053,0.0196021,,71,33,6,50,0.0,0.0406229,0.00240738,0.00419977,0.00054638,,110,1,1,15000,0.0,0.628455,0.000694244,0.537244,0.0845584,,68,23,80,1816,0.0,0.639185,0.0293048,0.0563416,0.0148678,,119,3,4,15000,0.0,0.0987448,0.00146938,0.412671,0.0791699,,131,7,22,14931,0.0,0.21832,0.00750002,0.460857,0.116771,,50,32,18,187,0.0,0.131368,0.00612367,0.0108645,0.00186458,,90,25,30,646,0.0,0.205408,0.0107115,0.0197376,0.00527295,,99,4,8,15000,0.0,0.132868,0.00253033,0.48568,0.0859835,,95,26,18,377,0.0,0.124403,0.00681265,0.0142613,0.0030049,,96,0,0,0,29.7681,0.0,0.0,0.0,0.0,,,,,,
108,3,4,15000,0.0,0.102533,0.00135463,0.460029,0.0823236,,89,27,30,711,0.0,0.200608,0.0102221,0.0213593,0.00556087,,91,31,12,51,0.0,0.0720516,0.00432298,0.00509414,0.000696776,,92,34,4,52,0.0,0.020395,0.00141985,0.00398474,0.000463126,,55,34,2,21,0.0,0.0107929,0.00145784,0.00568381,0.000225811,,130,2,2,15000,0.0,0.0903176,0.000749548,0.408739,0.0787621,,122,2,2,15000,0.0,0.0881306,0.000721759,0.441024,0.0777379,,62,35,6,60,0.0,0.0401785,0.00251945,0.00495352,0.000581836,,84,33,4,136,0.0,0.0237522,0.00207036,0.00798196,0.00101171,,77,33,4,45,0.0,0.0218555,0.00145299,0.00378305,0.000400883,,118,5,14,14989,0.0,0.151369,0.00470128,0.404384,0.0817894,,67,32,8,112,0.0,0.0525592,0.00330095,0.00649315,0.000907875,,111,6,32,15000,0.0,0.246416,0.0102232,0.398879,0.0962559,,54,29,10,434,0.0,0.0751723,0.00422365,0.0154334,0.00314754,,109,4,8,15000,0.0,0.122212,0.0027288,0.403597,0.0818128,,75,36,8,41,0.0,0.055253,0.00302547,0.00493989,0.00053833,,93,33,2,24,0.0,0.0092121,0.000697616,0.00324104,0.000208737,,86,32,2,17,0.0,0.0100964,0.000674058,0.00306429,0.000162707,,74,32,12,234,0.0,0.0671251,0.00415759,0.0091628,0.00184558,,104,10,118,14328,0.0,0.675305,0.0404595,0.408617,0.112214,,100,6,16,14978,0.0,0.161054,0.00529755,0.385536,0.084468,,97,4,8,15000,0.0,0.138125,0.00343046,0.704929,0.0862106,,102,5,8,14987,0.0,0.126249,0.00289749,0.405986,0.0833093,,123,0,0,0,29.8768,0.0,0.0,0.0,0.0,,87,30,4,91,0.0,0.0251687,0.00170828,0.00505146,0.000789039,,120,1,1,15000,0.0,0.55203,0.000676811,0.462275,0.08232,,79,32,16,290,0.0,0.0966266,0.00511008,0.0117822,0.00235036,,64,35,6,294,0.0,0.0425272,0.00248117,0.0113476,0.00228108,,82,30,2,12,0.0,0.0138743,0.00106487,0.0029933,0.000142911,,135,1,1,15000,0.0,0.492805,0.000631342,0.403683,0.0824045,,106,2,2,15000,0.0,0.0942075,0.000709408,0.52387,0.0815406,,94,31,4,64,0.0,0.0206393,0.0013737,0.0046445,0.000545751,,113,2,2,15000,0.0,0.0954207,0.000806617,0.455259,0.0826021,,76,31,8,168,0.0,0.0513295,0.00296291,0.00730677,0.00142115,,78,31,24,258,0.0,0.131352,0.00793965,0.00901546,0.00247609,,61,32,10,80,0.0,0.0625918,0.00359372,0.00578696,0.000878901,,98,2,2,15000,0.0,0.0919124,0.000817991,0.704852,0.0814053,,81,26,76,1937,0.0,0.546756,0.0265386,0.0580055,0.0147773,,71,34,2,24,0.0,0.0111967,0.00134525,0.00288197,0.000241888,,110,2,2,15000,0.0,0.0923274,0.000757197,0.477234,0.0805808,,68,24,56,1419,0.0,0.420943,0.0202744,0.0452262,0.0111311,,119,4,8,15000,0.0,0.120856,0.00264968,0.417155,0.0808528,,131,8,40,14905,0.0,0.292332,0.0132541,0.457327,0.102155,,50,33,6,88,0.0,0.0400108,0.00210483,0.00608702,0.000743997,,90,26,18,449,0.0,0.123999,0.00597462,0.0159194,0.00365674,,99,5,14,14986,0.0,0.16382,0.00456368,0.439398,0.087879,,95,27,16,301,0.0,0.108689,0.00586057,0.0103224,0.00240548,,96,1,1,15000,0.0,0.874544,0.00100683,0.780759,0.086851,,,,,,
108,4,8,15000,0.0,0.123847,0.00287117,0.408833,0.0833575,,89,28,38,530,0.0,0.242189,0.0135079,0.0170927,0.00469136,,127,0,0,0,28.7406,0.0,0.0,0.0,0.0,,92,35,4,47,0.0,0.0188765,0.0014099,0.00452734,0.00042403,,55,35,2,14,0.0,0.0126947,0.000651233,0.00306173,0.000156282,,130,3,4,15000,0.0,0.0998999,0.0013958,0.407109,0.0798761,,122,3,4,15000,0.0,0.0988437,0.00133675,0.399154,0.0789324,,62,36,2,5,0.0,0.00986703,0.00116385,0.00312963,8.5021e-05,,84,34,6,118,0.0,0.0367439,0.00248056,0.00704836,0.000975336,,77,34,2,20,0.0,0.0102377,0.000794985,0.00379189,0.000202764,,118,6,14,14902,0.0,0.147407,0.00478075,0.415083,0.0818245,,67,33,4,14,0.0,0.022754,0.00191472,0.00324464,0.000228789,,111,7,56,14905,0.0,0.389311,0.018273,0.403665,0.0965424,,54,30,8,380,0.0,0.0619736,0.0036554,0.0151807,0.00303268,,109,5,16,15000,0.0,0.167675,0.0055195,0.407292,0.0893676,,75,37,2,9,0.0,0.00918122,0.00102257,0.00381775,0.000110456,,143,0,0,0,29.281,0.0,0.0,0.0,0.0,,141,0,0,0,29.9285,0.0,0.0,0.0,0.0,,74,33,8,170,0.0,0.0457432,0.00272419,0.00689106,0.00134919,,104,11,162,13764,0.0,0.896184,0.0603446,0.42623,0.10271,,100,7,26,14946,0.0,0.224704,0.00851373,0.38978,0.0990132,,97,5,16,15000,0.0,0.201458,0.00554064,0.698042,0.0893221,,102,6,12,14944,0.0,0.141697,0.00397369,0.389232,0.0847269,,123,1,1,15000,0.0,0.564059,0.000689618,0.472986,0.0834256,,87,31,6,83,0.0,0.030852,0.00232428,0.00471704,0.00072141,,120,2,2,15000,0.0,0.0912778,0.000740682,0.455879,0.079719,,79,33,10,124,0.0,0.0638023,0.00348469,0.00683389,0.00123091,,64,36,10,290,0.0,0.0703789,0.00343743,0.0117125,0.00212404,,126,0,0,0,29.7192,0.0,0.0,0.0,0.0,,135,2,2,15000,0.0,0.0888055,0.000740206,0.406184,0.0780294,,106,3,4,15000,0.0,0.104672,0.0013105,0.456305,0.0833096,,94,32,6,49,0.0,0.0323693,0.0021325,0.00380841,0.000498128,,113,3,4,15000,0.0,0.100515,0.00133749,0.405439,0.0803012,,76,32,10,137,0.0,0.0603855,0.0037759,0.00628024,0.00116301,,78,32,14,114,0.0,0.0747688,0.00476648,0.00582714,0.00122584,,61,33,2,18,0.0,0.00963274,0.00106001,0.00345736,0.000193102,,98,3,4,15000,0.0,0.104111,0.00118355,0.617102,0.0819966,,81,27,72,1336,0.0,0.496734,0.0245097,0.0403929,0.0108533,,71,35,2,6,0.0,0.00877231,0.000627137,0.00419879,0.000110879,,110,3,4,15000,0.0,0.105629,0.00140071,0.428579,0.0815257,,68,25,54,1013,0.0,0.415748,0.0192088,0.0364732,0.00837328,,119,5,12,14976,0.0,0.143257,0.00402098,0.40266,0.0833183,,131,9,74,14875,0.0,0.457538,0.0264105,0.493677,0.114964,,50,34,4,24,0.0,0.0303553,0.00214841,0.00420258,0.000311252,,90,27,14,367,0.0,0.0907574,0.00504967,0.0140801,0.00293225,,99,6,20,14908,0.0,0.188188,0.00699582,0.384091,0.0894257,,95,28,12,188,0.0,0.0830978,0.00392746,0.00881059,0.0016281,,96,2,2,15000,0.0,0.0995484,0.000658594,0.70543,0.0807137,,,,,,
108,5,14,14994,0.0,0.153596,0.00482124,0.400405,0.0840259,,89,29,30,293,0.0,0.17226,0.0104048,0.0103428,0.00280177,,127,1,1,15000,0.0,0.537155,0.00069924,0.447176,0.0820064,,92,36,2,19,0.0,0.0102876,0.000750604,0.00322939,0.00019302,,103,0,0,0,29.3688,0.0,0.0,0.0,0.0,,130,4,6,14976,0.0,0.108125,0.00202201,0.404722,0.0794447,,122,4,6,14985,0.0,0.112809,0.00210726,0.404532,0.0820332,,121,0,0,0,31.444,0.0,0.0,0.0,0.0,,84,35,6,97,0.0,0.0316084,0.00250116,0.00528018,0.000808686,,77,35,2,8,0.0,0.00854196,0.000661766,0.00409486,0.00013084,,118,7,18,14827,0.0,0.174749,0.00622562,0.440154,0.0889809,,114,0,0,0,29.3631,0.0,0.0,0.0,0.0,,111,8,84,14741,0.0,0.491095,0.0293716,0.415646,0.110535,,54,31,14,373,0.0,0.107073,0.00475304,0.0135516,0.00301953,,109,6,24,14944,0.0,0.197698,0.00776827,0.399413,0.0867953,,125,0,0,0,29.0842,0.0,0.0,0.0,0.0,,143,1,1,15000,0.0,0.53348,0.000660396,0.399176,0.127975,,141,1,1,15000,0.0,0.491392,0.000624777,0.403662,0.0816061,,74,34,10,141,0.0,0.0538431,0.00342527,0.00647095,0.00121221,,104,12,222,13112,0.0,1.37982,0.0781284,0.3967,0.115469,,100,8,36,14859,0.0,0.262097,0.0118025,0.3868,0.0962466,,97,6,24,14921,0.0,0.304092,0.00876215,0.656146,0.136761,,102,7,18,14923,0.0,0.183025,0.00586397,0.375194,0.0958193,,123,2,2,15000,0.0,0.0895032,0.000766842,0.426028,0.0795638,,87,32,4,31,0.0,0.0194804,0.00153884,0.00383494,0.000340995,,120,3,4,15000,0.0,0.100246,0.00156972,0.404144,0.0794402,,79,34,10,79,0.0,0.0623861,0.00368371,0.00596085,0.000805256,,64,37,12,237,0.0,0.0872846,0.00450358,0.0109415,0.00185302,,126,1,1,15000,0.0,0.529987,0.000678848,0.438884,0.0831734,,135,3,4,15000,0.0,0.100721,0.00147092,0.402544,0.0803138,,106,4,8,15000,0.0,0.12853,0.00318974,0.418491,0.0863928,,94,33,2,28,0.0,0.0104357,0.000737067,0.00331431,0.000196979,,113,4,8,15000,0.0,0.122765,0.00268426,0.393145,0.0831859,,76,33,2,50,0.0,0.0106373,0.000973486,0.00413319,0.000426011,,78,33,10,69,0.0,0.050151,0.00346567,0.00447516,0.000752453,,61,34,2,13,0.0,0.0122359,0.000689364,0.00332298,0.000129999,,98,4,8,15000,0.0,0.130674,0.00286067,0.500273,0.0857261,,81,28,56,1011,0.0,0.384172,0.0205019,0.0304149,0.0081301,,115,0,0,0,30.4025,0.0,0.0,0.0,0.0,,110,4,8,15000,0.0,0.122439,0.00284061,0.39037,0.0819863,,68,26,30,656,0.0,0.21686,0.0102808,0.0221049,0.00513329,,119,6,20,14937,0.0,0.175135,0.00700692,0.41691,0.0821517,,131,10,120,14681,0.0,0.686731,0.0435888,0.511085,0.114846,,50,35,4,19,0.0,0.03088,0.00232222,0.00430037,0.000216727,,90,28,14,303,0.0,0.090501,0.0046663,0.0130932,0.0024861,,99,7,34,14886,0.0,0.251861,0.011112,0.378252,0.0886126,,95,29,6,110,0.0,0.0337249,0.00224323,0.00636044,0.000949564,,96,3,4,15000,0.0,0.117631,0.00130242,0.739548,0.083672,,,,,,
108,6,22,14939,0.0,0.192736,0.00720409,0.388364,0.0899861,,89,30,14,115,0.0,0.0765761,0.00455566,0.00702024,0.0011518,,127,2,2,15000,0.0,0.0922607,0.000787831,0.412776,0.0810236,,92,37,2,15,0.0,0.00976013,0.000724649,0.00308485,0.000136387,,103,1,1,15000,0.0,0.813729,0.000860911,0.693267,0.111436,,130,5,8,14961,0.0,0.118826,0.00264916,0.417792,0.0808879,,122,5,12,14985,0.0,0.144402,0.00397816,0.396848,0.0878491,,121,1,1,15000,0.0,0.570462,0.000693153,0.479682,0.0830082,,84,36,4,55,0.0,0.0293247,0.00202032,0.00386044,0.000491924,,136,0,0,0,31.1148,0.0,0.0,0.0,0.0,,118,8,28,14794,0.0,0.23283,0.00976154,0.432654,0.0955624,,114,1,1,15000,0.0,0.581443,0.000701997,0.48521,0.0905031,,111,9,112,14338,0.0,0.640189,0.0375355,0.444777,0.0997674,,54,32,12,288,0.0,0.0947352,0.00438124,0.0118392,0.0023043,,109,7,34,14837,0.0,0.252185,0.0114601,0.402509,0.0964911,,125,1,1,15000,0.0,0.524186,0.000632331,0.434335,0.0820074,,143,2,2,15000,0.0,0.137301,0.000808087,0.431431,0.126932,,141,2,2,15000,0.0,0.0924706,0.000802103,0.402899,0.0811333,,74,35,4,29,0.0,0.0213977,0.00144222,0.00324186,0.000304997,,104,13,222,11872,0.0,1.55084,0.081712,0.364005,0.091241,,100,9,58,14744,0.0,0.364722,0.0188407,0.383975,0.0976311,,97,7,30,14830,0.0,0.287631,0.010922,0.623134,0.0937588,,102,8,26,14864,0.0,0.211235,0.00848607,0.394746,0.0901448,,123,3,4,15000,0.0,0.101886,0.00138345,0.409863,0.0806584,,87,33,2,10,0.0,0.0102713,0.00085391,0.00300751,0.000114028,,120,4,8,15000,0.0,0.118496,0.00290432,0.415984,0.0796987,,79,35,2,16,0.0,0.0100162,0.000959062,0.00317151,0.000187401,,64,38,4,126,0.0,0.0208317,0.00178878,0.00653749,0.000974831,,126,2,2,15000,0.0,0.0907072,0.000804134,0.41388,0.0795062,,135,4,8,15000,0.0,0.11973,0.00299745,0.427906,0.0815996,,106,5,16,15000,0.0,0.16753,0.00540733,0.400436,0.087287,,139,0,0,0,30.4184,0.0,0.0,0.0,0.0,,113,5,16,15000,0.0,0.163802,0.00537353,0.388533,0.0867599,,76,34,4,50,0.0,0.0196125,0.00142306,0.00377738,0.000422417,,140,0,0,0,30.9715,0.0,0.0,0.0,0.0,,124,0,0,0,29.2741,0.0,0.0,0.0,0.0,,98,5,14,14994,0.0,0.162102,0.0049595,0.431842,0.0862349,,81,29,36,568,0.0,0.246229,0.0128555,0.0178716,0.00484784,,115,1,1,15000,0.0,0.567581,0.000694829,0.476157,0.0842441,,110,5,16,15000,0.0,0.162931,0.00546595,0.391101,0.0848498,,68,27,32,476,0.0,0.233209,0.01152,0.0157596,0.00402685,,119,7,30,14852,0.0,0.223373,0.010462,0.436065,0.087279,,131,11,144,13992,0.0,0.915925,0.0598911,0.46654,0.105412,,105,0,0,0,29.6605,0.0,0.0,0.0,0.0,,90,29,6,191,0.0,0.0379026,0.00230375,0.00746982,0.00140389,,99,8,46,14772,0.0,0.31957,0.0150171,0.424871,0.0949378,,95,30,10,100,0.0,0.0682096,0.00370633,0.00581141,0.000928736,,96,4,8,15000,0.0,0.139628,0.00304369,0.715111,0.0845289,,,,,,
108,7,36,14841,0.0,0.287884,0.0123158,0.40105,0.0900055,,89,31,4,58,0.0,0.0220818,0.00141492,0.00358735,0.000487499,,127,3,4,15000,0.0,0.104438,0.00137325,0.408179,0.083712,,142,0,0,0,30.7963,0.0,0.0,0.0,0.0,,103,2,2,15000,0.0,0.12137,0.000705925,0.611251,0.107215,,130,6,16,14961,0.0,0.178873,0.0052467,0.442376,0.105958,,122,6,22,14975,0.0,0.218328,0.00778045,0.406302,0.100556,,121,2,2,15000,0.0,0.0895738,0.00074558,0.449247,0.078616,,84,37,4,23,0.0,0.0306514,0.00223706,0.00369098,0.00025682,,136,1,1,15000,0.0,0.484994,0.000606234,0.395179,0.0831597,,118,9,38,14659,0.0,0.285064,0.0134912,0.442409,0.0960286,,114,2,2,15000,0.0,0.0979209,0.000699308,0.458444,0.0868054,,111,10,140,13841,0.0,0.819744,0.0525659,0.447626,0.109299,,54,33,8,203,0.0,0.062446,0.00318398,0.00877199,0.00160443,,109,8,52,14728,0.0,0.369395,0.0181365,0.421913,0.0937975,,125,2,2,15000,0.0,0.0903097,0.000904356,0.410289,0.0793656,,143,3,4,15000,0.0,0.102813,0.00138959,0.459116,0.0827314,,141,3,4,15000,0.0,0.102504,0.0014016,0.420275,0.0833,,138,0,0,0,30.2525,0.0,0.0,0.0,0.0,,104,14,244,10681,0.0,1.83491,0.0872553,0.322021,0.0979304,,100,10,82,14550,0.0,0.46935,0.0282847,0.391399,0.10248,,97,8,42,14760,0.0,0.351806,0.0156594,0.548193,0.0947872,,102,9,46,14841,0.0,0.317524,0.0145395,0.396522,0.103793,,123,4,6,14986,0.0,0.112975,0.00213485,0.399251,0.08152,,133,0,0,0,29.0772,0.0,0.0,0.0,0.0,,120,5,10,14976,0.0,0.126827,0.00332215,0.404261,0.0787991,,79,36,2,10,0.0,0.00975303,0.000680081,0.00426799,0.000110781,,64,39,6,123,0.0,0.0349926,0.0027148,0.00600388,0.000941056,,126,3,4,15000,0.0,0.10166,0.00137663,0.407239,0.0802958,,135,5,16,15000,0.0,0.165092,0.00539294,0.429922,0.0836125,,106,6,22,14937,0.0,0.205916,0.00764495,0.3926,0.100437,,139,1,1,15000,0.0,0.497024,0.000618986,0.408493,0.0819074,,113,6,28,14969,0.0,0.221434,0.00950014,0.402233,0.088441,,76,35,2,21,0.0,0.0107053,0.000786979,0.00330671,0.000198642,,140,1,1,15000,0.0,0.482384,0.000608915,0.394785,0.0809755,,124,1,1,15000,0.0,0.546352,0.000673708,0.4551,0.0834165,,98,6,20,14948,0.0,0.188047,0.00740717,0.394372,0.0908695,,81,30,22,407,0.0,0.13327,0.00798365,0.0135905,0.00321137,,115,2,2,15000,0.0,0.0907263,0.000711466,0.467151,0.0806994,,110,6,28,14960,0.0,0.269864,0.00930083,0.379293,0.137939,,68,28,20,283,0.0,0.141935,0.00659469,0.0136873,0.00258193,,119,8,40,14753,0.0,0.292851,0.0133852,0.439013,0.103302,,131,12,162,13214,0.0,1.11136,0.0602302,0.422754,0.0963851,,105,1,1,15000,0.0,0.742764,0.000805079,0.627251,0.108663,,90,30,6,153,0.0,0.0395579,0.00255735,0.00708055,0.00122257,,99,9,66,14572,0.0,0.416694,0.0221905,0.390062,0.0929977,,95,31,4,20,0.0,0.0299609,0.00197167,0.00433167,0.000244481,,96,5,10,14963,0.0,0.150467,0.00445963,0.683693,0.0905714,,,,,,
108,8,48,14721,0.0,0.348453,0.0158505,0.420229,0.0936985,,89,32,2,22,0.0,0.0106096,0.000848785,0.00288757,0.000219134,,127,4,8,15000,0.0,0.120317,0.00261803,0.406492,0.0817699,,142,1,1,15000,0.0,0.475561,0.000606931,0.387141,0.0815578,,103,3,4,15000,0.0,0.131095,0.00134062,0.493206,0.105704,,130,7,32,14961,0.0,0.235523,0.010838,0.459026,0.0918883,,122,7,32,14868,0.0,0.252704,0.0105248,0.428736,0.0948326,,121,3,4,15000,0.0,0.100629,0.0013541,0.410094,0.0786507,,116,0,0,0,28.7795,0.0,0.0,0.0,0.0,,136,2,2,15000,0.0,0.0904168,0.000752785,0.424274,0.0798879,,118,10,54,14554,0.0,0.362633,0.0201321,0.465752,0.100296,,114,3,4,15000,0.0,0.106759,0.0015096,0.419336,0.0846838,,111,11,166,13254,0.0,0.986262,0.0587876,0.422611,0.0960863,,54,34,8,152,0.0,0.0617997,0.00376789,0.00915517,0.00133919,,109,9,72,14527,0.0,0.443828,0.0258969,0.455134,0.0998939,,125,3,4,15000,0.0,0.100872,0.0014843,0.402784,0.081685,,143,4,8,15000,0.0,0.124082,0.00291935,0.46145,0.0833063,,141,4,8,15000,0.0,0.120253,0.00275995,0.422404,0.0825926,,138,1,1,15000,0.0,0.486549,0.000639194,0.398191,0.0817546,,104,15,236,9359,0.0,1.87396,0.0819451,0.27511,0.083036,,100,11,108,14155,0.0,0.60998,0.0365437,0.40062,0.102386,,97,9,64,14590,0.0,0.499492,0.0237475,0.485235,0.0976534,,102,10,78,14772,0.0,0.447737,0.0264652,0.407626,0.102913,,123,5,10,14970,0.0,0.13435,0.00325407,0.407982,0.0875392,,133,1,1,15000,0.0,0.509041,0.000614417,0.420604,0.082273,,120,6,16,14949,0.0,0.156811,0.0055813,0.422539,0.0828509,,129,0,0,0,29.7709,0.0,0.0,0.0,0.0,,64,40,4,68,0.0,0.0242991,0.00186437,0.00511194,0.000559864,,126,4,8,15000,0.0,0.120603,0.00270653,0.401803,0.082038,,135,6,28,14972,0.0,0.218755,0.0100307,0.455914,0.0882089,,106,7,38,14895,0.0,0.287257,0.0124798,0.409205,0.0961052,,139,2,2,15000,0.0,0.0895354,0.000798475,0.41608,0.0787319,,113,7,50,14919,0.0,0.330007,0.0169122,0.404126,0.0976083,,76,36,2,13,0.0,0.0105026,0.000665291,0.00430806,0.000126094,,140,2,2,15000,0.0,0.0895295,0.000728455,0.416935,0.0787383,,124,2,2,15000,0.0,0.0890684,0.000934819,0.428012,0.0786581,,98,7,32,14874,0.0,0.243277,0.0105316,0.378725,0.0912156,,81,31,14,174,0.0,0.0872925,0.00483864,0.0093903,0.00158236,,115,3,4,15000,0.0,0.101282,0.00135396,0.414809,0.0792481,,110,7,44,14892,0.0,0.290623,0.0149052,0.393386,0.09075,,68,29,16,165,0.0,0.108216,0.00602484,0.00831857,0.00157765,,119,9,56,14637,0.0,0.375821,0.0187578,0.449322,0.0971851,,131,13,170,12357,0.0,1.22259,0.0619876,0.380576,0.0934392,,105,2,2,15000,0.0,0.0954789,0.00122087,0.558396,0.0833437,,90,31,8,114,0.0,0.0471684,0.00303744,0.00604266,0.000998085,,99,10,82,14280,0.0,0.479789,0.0279046,0.400914,0.102249,,117,0,0,0,28.0184,0.0,0.0,0.0,0.0,,96,6,14,14952,0.0,0.170648,0.00496685,0.669376,0.091305,,,,,,
108,9,64,14513,0.0,0.396894,0.0216488,0.444145,0.110584,,89,33,2,11,0.0,0.00945717,0.000673097,0.00370359,0.000144203,,127,5,16,15000,0.0,0.161101,0.00554751,0.41916,0.0859768,,142,2,2,15000,0.0,0.0901923,0.000787092,0.421646,0.0794269,,103,4,8,15000,0.0,0.147269,0.00261145,0.453249,0.105465,,130,8,44,14824,0.0,0.303842,0.0144669,0.458168,0.101195,,122,8,46,14746,0.0,0.307747,0.0155614,0.457012,0.102408,,121,4,8,15000,0.0,0.117451,0.00285174,0.425586,0.0789292,,116,1,1,15000,0.0,0.556089,0.000701848,0.46546,0.0832976,,136,3,4,15000,0.0,0.102374,0.00151129,0.412735,0.0815281,,118,11,78,14326,0.0,0.514806,0.0276973,0.478644,0.104135,,114,4,6,14996,0.0,0.116523,0.00211621,0.397951,0.0864378,,111,12,166,12400,0.0,1.13977,0.0600053,0.397398,0.0963815,,54,35,8,98,0.0,0.0588581,0.00351475,0.007148,0.000885204,,109,10,88,14154,0.0,0.505621,0.031529,0.441742,0.0980617,,125,4,8,15000,0.0,0.125796,0.00265677,0.469423,0.0855062,,143,5,12,14966,0.0,0.14205,0.00444051,0.484741,0.0866588,,141,5,14,14984,0.0,0.149577,0.00482382,0.455468,0.085554,,138,2,2,15000,0.0,0.0894279,0.000779347,0.418001,0.078738,,104,16,210,8174,0.0,1.64821,0.0774031,0.246492,0.0645629,,100,12,140,13723,0.0,0.781505,0.0492132,0.426406,0.104855,,97,10,86,14301,0.0,0.580282,0.0294652,0.403537,0.0984445,,102,11,110,14421,0.0,0.62421,0.0362587,0.437146,0.102249,,123,6,14,14937,0.0,0.154497,0.00472345,0.409929,0.08891,,133,2,2,15000,0.0,0.0930203,0.000780136,0.411326,0.0812182,,120,7,22,14869,0.0,0.187482,0.00791032,0.442002,0.0852945,,129,1,1,15000,0.0,0.513399,0.000657243,0.424038,0.0825817,,64,41,4,34,0.0,0.031654,0.00222023,0.00338683,0.000380367,,126,5,16,15000,0.0,0.157278,0.00549796,0.421854,0.0838474,,135,7,38,14851,0.0,0.269859,0.0146341,0.479323,0.0901322,,106,8,62,14799,0.0,0.389319,0.0211322,0.424844,0.100433,,139,3,4,15000,0.0,0.10127,0.00136269,0.423888,0.0813051,,113,8,62,14663,0.0,0.427027,0.0210743,0.409271,0.108902,,134,0,0,0,28.4825,0.0,0.0,0.0,0.0,,140,3,4,15000,0.0,0.100206,0.0013383,0.420009,0.0815394,,124,3,4,15000,0.0,0.102075,0.00138495,0.410648,0.0810266,,98,8,48,14797,0.0,0.330377,0.0155929,0.367755,0.0918003,,81,32,10,100,0.0,0.0613539,0.00360309,0.00642475,0.000968463,,115,4,8,15000,0.0,0.121751,0.00277945,0.415606,0.082107,,110,8,60,14702,0.0,0.363728,0.020149,0.425475,0.0932751,,68,30,6,40,0.0,0.0440012,0.00212936,0.00370981,0.000447854,,119,10,70,14407,0.0,0.420469,0.0241899,0.491969,0.095825,,131,14,198,11494,0.0,1.4593,0.0729444,0.355925,0.0865572,,105,3,4,15000,0.0,0.109761,0.00128665,0.468156,0.0818583,,90,32,6,70,0.0,0.0368527,0.00255748,0.00505966,0.000622603,,99,11,102,13857,0.0,0.587935,0.0355564,0.399961,0.0974724,,117,1,1,15000,0.0,0.552876,0.00068519,0.462123,0.0837725,,96,7,26,14938,0.0,0.264373,0.00925712,0.660131,0.0924937,,,,,,
108,10,96,14240,0.0,0.554942,0.0348037,0.46221,0.0959753,,137,0,0,0,31.0205,0.0,0.0,0.0,0.0,,127,6,18,14905,0.0,0.181839,0.00636717,0.434255,0.0947375,,142,3,4,15000,0.0,0.101612,0.00146039,0.431922,0.0821662,,103,5,14,14985,0.0,0.178151,0.00456108,0.399946,0.10901,,130,9,60,14613,0.0,0.363658,0.0216529,0.497602,0.0958244,,122,9,72,14592,0.0,0.451514,0.0258498,0.477789,0.114253,,121,5,6,14948,0.0,0.108449,0.00211919,0.40925,0.0795666,,116,2,2,15000,0.0,0.0906152,0.00141636,0.473197,0.0798939,,136,4,8,15000,0.0,0.118887,0.00277972,0.423014,0.0815447,,118,12,118,13872,0.0,0.731136,0.0413041,0.444506,0.104624,,114,5,8,14966,0.0,0.127857,0.00269038,0.386867,0.0881462,,111,13,172,11338,0.0,1.216,0.0641848,0.354176,0.0854515,,54,36,4,39,0.0,0.0277789,0.00184704,0.00352771,0.000390572,,109,11,110,13704,0.0,0.661541,0.0396065,0.448456,0.106062,,125,5,12,14967,0.0,0.144107,0.00405393,0.408954,0.0862406,,143,6,24,14966,0.0,0.207138,0.00854722,0.521891,0.0924236,,141,6,26,14962,0.0,0.210716,0.00902358,0.567709,0.090213,,138,3,4,15000,0.0,0.101283,0.00144282,0.410705,0.0814366,,104,17,202,6907,0.0,1.59612,0.0730563,0.210216,0.0545145,,100,13,168,13171,0.0,0.950982,0.064508,0.382517,0.10117,,97,11,98,13913,0.0,0.579409,0.0326824,0.347988,0.0954516,,102,12,138,13914,0.0,0.781403,0.0492406,0.432359,0.104708,,123,7,24,14909,0.0,0.205861,0.00824252,0.441929,0.0942967,,133,3,4,15000,0.0,0.102772,0.00143401,0.394807,0.0825566,,120,8,28,14788,0.0,0.226435,0.00967321,0.450648,0.0943536,,129,2,2,15000,0.0,0.0917835,0.000758005,0.408825,0.0811922,,64,42,2,17,0.0,0.0132673,0.00152364,0.00457458,0.000158796,,126,6,28,14968,0.0,0.231148,0.00993487,0.444711,0.10291,,135,8,52,14687,0.0,0.360267,0.0193709,0.48863,0.106371,,106,9,74,14572,0.0,0.439966,0.0266922,0.458572,0.104263,,139,4,8,15000,0.0,0.11842,0.00281451,0.425558,0.0806469,,113,9,90,14460,0.0,0.521475,0.0301241,0.425724,0.0986772,,134,1,1,15000,0.0,0.489021,0.000630958,0.400498,0.0823776,,140,4,8,15000,0.0,0.121771,0.00284875,0.415112,0.0835091,,124,4,4,14975,0.0,0.103012,0.0014088,0.399568,0.0831666,,98,9,72,14658,0.0,0.435141,0.0240222,0.37819,0.0946537,,81,33,6,47,0.0,0.0384519,0.00233173,0.00335404,0.000447724,,115,5,14,14982,0.0,0.15097,0.00468807,0.390737,0.0808151,,110,9,92,14457,0.0,0.505858,0.0333407,0.427535,0.0980229,,68,31,2,9,0.0,0.011473,0.0013343,0.00435052,0.000105088,,119,11,100,14161,0.0,0.581403,0.0361313,0.502227,0.0999497,,131,15,214,10252,0.0,1.63063,0.0767526,0.310113,0.0785397,,105,4,8,15000,0.0,0.120952,0.00337653,0.416709,0.0825229,,90,33,2,52,0.0,0.0114441,0.00130489,0.00433505,0.000425339,,99,12,140,13471,0.0,0.790137,0.0510057,0.446984,0.0961031,,117,2,2,15000,0.0,0.0883063,0.000744336,0.46219,0.0792579,,96,8,42,14875,0.0,0.395951,0.0145436,0.650416,0.0921873,,,,,,
108,11,120,13712,0.0,0.706928,0.0432187,0.438904,0.0968075,,137,1,1,15000,0.0,0.511539,0.000588476,0.399,0.105061,,127,7,30,14880,0.0,0.243793,0.0104197,0.436122,0.0964177,,142,4,8,15000,0.0,0.126223,0.00280637,0.447951,0.0868968,,103,6,18,14952,0.0,0.173699,0.00613528,0.397451,0.0866311,,130,10,74,14375,0.0,0.446291,0.0272827,0.487986,0.101033,,122,10,96,14251,0.0,0.578915,0.0343873,0.461242,0.10519,,121,6,4,14916,0.0,0.100103,0.00141492,0.427149,0.0811449,,116,3,4,15000,0.0,0.101941,0.00161621,0.407386,0.0826797,,136,5,14,14989,0.0,0.153268,0.0048299,0.445953,0.0852197,,118,13,132,13107,0.0,0.875382,0.0501419,0.412165,0.0972429,,114,6,16,14966,0.0,0.1685,0.00522795,0.405113,0.0945833,,111,14,174,10559,0.0,1.26576,0.0620617,0.318754,0.0828226,,54,37,2,27,0.0,0.0264271,0.000653199,0.018571,0.000243775,,109,12,144,13297,0.0,0.859667,0.0513658,0.456895,0.100186,,125,6,20,14941,0.0,0.183228,0.0065062,0.411731,0.0931658,,143,7,44,14930,0.0,0.320702,0.0155384,0.519464,0.108409,,141,7,36,14868,0.0,0.287207,0.0125472,0.51953,0.110584,,138,4,8,15000,0.0,0.123998,0.00273443,0.427374,0.0845137,,104,18,182,5731,0.0,1.44987,0.0682826,0.178281,0.0451693,,100,14,202,12220,0.0,1.32859,0.0750506,0.361591,0.0933259,,97,12,134,13538,0.0,0.726516,0.043066,0.333344,0.0992166,,102,13,176,13352,0.0,1.00693,0.0638286,0.404714,0.0992032,,123,8,42,14877,0.0,0.304304,0.0144116,0.457026,0.103427,,133,4,6,14987,0.0,0.11015,0.00195782,0.415451,0.0810658,,120,9,32,14628,0.0,0.250012,0.0109767,0.465711,0.0982083,,129,3,4,15000,0.0,0.101754,0.00143064,0.399479,0.0798768,,107,0,0,0,30.0902,0.0,0.0,0.0,0.0,,126,7,36,14853,0.0,0.257872,0.0122004,0.459881,0.0902757,,135,9,62,14497,0.0,0.422924,0.0234635,0.485976,0.101509,,106,10,90,14179,0.0,0.529757,0.0339545,0.454774,0.0986057,,139,5,12,14985,0.0,0.136567,0.00400937,0.474986,0.0807661,,113,10,114,14028,0.0,0.699865,0.0421129,0.460629,0.0972465,,134,2,2,15000,0.0,0.0881104,0.000804216,0.396463,0.0780158,,140,5,10,14966,0.0,0.133806,0.0033914,0.456613,0.0853696,,124,5,8,14975,0.0,0.124509,0.00283597,0.405044,0.0848934,,98,10,92,14258,0.0,0.513723,0.0325084,0.394675,0.0981475,,132,0,0,0,30.2569,0.0,0.0,0.0,0.0,,115,6,18,14952,0.0,0.16971,0.00616224,0.4217,0.0842966,,110,10,116,14029,0.0,0.62266,0.0411252,0.421701,0.0986166,,112,0,0,0,28.979,0.0,0.0,0.0,0.0,,119,12,122,13716,0.0,0.760605,0.0473837,0.487321,0.0982891,,131,16,206,8906,0.0,1.63686,0.0742072,0.263219,0.0694571,,105,5,14,14979,0.0,0.156344,0.00478081,0.399213,0.0847276,,90,34,2,17,0.0,0.0112092,0.000653511,0.00512348,0.000191839,,99,13,154,12708,0.0,0.889376,0.059729,0.402375,0.0946474,,117,3,4,15000,0.0,0.100752,0.00132662,0.407216,0.0791722,,96,9,62,14735,0.0,0.532352,0.0231605,0.589916,0.0935687,,,,,,
108,12,142,12888,0.0,0.847448,0.0514284,0.41307,0.101085,,137,2,2,15000,0.0,0.118016,0.000806314,0.402838,0.10716,,127,8,48,14791,0.0,0.343442,0.016874,0.437464,0.107776,,142,5,16,15000,0.0,0.169307,0.00619401,0.455997,0.090658,,103,7,28,14886,0.0,0.217634,0.00920169,0.389174,0.0889801,,130,11,106,14129,0.0,0.636031,0.0344483,0.474224,0.104307,,122,11,124,13855,0.0,0.71411,0.0462778,0.45009,0.0985654,,121,7,8,14916,0.0,0.122416,0.00275028,0.440169,0.084619,,116,4,8,15000,0.0,0.124193,0.00265619,0.395862,0.0847147,,136,6,18,14954,0.0,0.174898,0.00606086,0.45572,0.0878943,,118,14,166,12449,0.0,1.12221,0.0589977,0.38564,0.0918612,,114,7,24,14931,0.0,0.234981,0.00793435,0.408269,0.0943134,,111,15,198,9824,0.0,1.52735,0.0690305,0.289027,0.0759398,,54,38,2,5,0.0,0.0283005,0.000649104,0.00694415,9.1107e-05,,109,13,160,12533,0.0,1.07744,0.0589757,0.390051,0.0962637,,125,7,32,14896,0.0,0.241268,0.010949,0.41613,0.0939723,,143,8,66,14779,0.0,0.421406,0.0249569,0.527203,0.103367,,141,8,58,14803,0.0,0.36673,0.0216329,0.5242,0.10055,,138,5,10,14956,0.0,0.133902,0.00353823,0.455269,0.0851541,,104,19,148,4567,0.0,1.19842,0.0545778,0.139613,0.0368319,,100,15,248,11033,0.0,1.72336,0.0901232,0.32799,0.0857847,,97,13,170,12991,0.0,0.866571,0.0552886,0.341428,0.0914512,,102,14,208,12459,0.0,1.38399,0.0715396,0.378266,0.0962771,,123,9,66,14773,0.0,0.421516,0.0234313,0.479035,0.0989754,,133,5,12,14987,0.0,0.145117,0.00402717,0.420368,0.0869051,,120,10,46,14569,0.0,0.331293,0.0172849,0.496028,0.0921596,,129,4,6,14987,0.0,0.109369,0.00211087,0.399634,0.0810746,,107,1,1,15000,0.0,0.67412,0.00075468,0.581486,0.084625,,126,8,46,14707,0.0,0.314554,0.0162827,0.465386,0.0923927,,135,10,80,14179,0.0,0.502306,0.0296173,0.480612,0.101643,,106,11,122,13801,0.0,0.716146,0.0440971,0.459726,0.0988006,,139,6,16,14924,0.0,0.160071,0.00552912,0.492508,0.0846976,,113,11,144,13446,0.0,0.819285,0.0557515,0.438859,0.102576,,134,3,4,15000,0.0,0.0993401,0.00144059,0.395856,0.0794493,,140,6,16,14930,0.0,0.198824,0.00520868,0.482353,0.124922,,124,6,16,14975,0.0,0.159166,0.00541626,0.40994,0.0868329,,98,11,124,13911,0.0,0.686252,0.0426163,0.3859,0.100652,,132,1,1,15000,0.0,0.503232,0.00062139,0.414009,0.0824093,,115,7,22,14847,0.0,0.192297,0.00753146,0.416085,0.0865367,,110,11,136,13372,0.0,0.721462,0.0495708,0.445614,0.0959514,,112,1,1,15000,0.0,0.64196,0.000686658,0.548673,0.0850926,,119,13,164,13310,0.0,1.11723,0.0606048,0.441858,0.0984275,,131,17,232,7899,0.0,1.85444,0.0835851,0.233717,0.0615921,,105,6,18,14938,0.0,0.177074,0.00608846,0.39087,0.0896611,,90,35,2,8,0.0,0.00940759,0.000692877,0.00406852,0.000103714,,99,14,164,11762,0.0,1.07215,0.0649333,0.370672,0.0860203,,117,4,8,15000,0.0,0.143215,0.00266929,0.406313,0.103739,,96,10,82,14449,0.0,0.651451,0.0298877,0.520894,0.0915526,,,,,,
108,13,190,12368,0.0,1.27162,0.0665729,0.37769,0.0921511,,137,3,4,15000,0.0,0.128679,0.00136719,0.415984,0.108461,,127,9,82,14690,0.0,0.505057,0.0287724,0.45178,0.110699,,142,6,30,14986,0.0,0.246027,0.0109859,0.481123,0.0914891,,103,8,36,14802,0.0,0.27652,0.0122607,0.391772,0.0918378,,130,12,152,13630,0.0,1.01203,0.0552143,0.417589,0.101744,,122,12,170,13437,0.0,1.10654,0.0603668,0.43602,0.0974273,,121,8,16,14916,0.0,0.162703,0.00523374,0.442933,0.0851709,,116,5,16,15000,0.0,0.161727,0.00559046,0.382919,0.0842648,,136,7,28,14897,0.0,0.221164,0.00975784,0.488409,0.0881255,,118,15,198,11536,0.0,1.46469,0.0736142,0.362016,0.0952977,,114,8,42,14910,0.0,0.308731,0.01476,0.430764,0.0965226,,111,16,198,8622,0.0,1.56427,0.0680232,0.250815,0.0726624,,101,0,0,0,31.1306,0.0,0.0,0.0,0.0,,109,14,168,11583,0.0,1.17791,0.0612294,0.363272,0.0847901,,125,8,52,14824,0.0,0.337874,0.0181495,0.433237,0.0984416,,143,9,100,14540,0.0,0.61998,0.0377383,0.521242,0.107421,,141,9,90,14625,0.0,0.538399,0.0333224,0.547842,0.0982719,,138,6,16,14939,0.0,0.173404,0.00537285,0.449844,0.0894315,,104,20,134,3693,0.0,1.11587,0.0490127,0.111443,0.0331702,,100,16,234,9450,0.0,1.73995,0.0827913,0.276532,0.0741958,,97,14,190,12074,0.0,0.975509,0.0685777,0.338129,0.0873323,,102,15,226,11264,0.0,1.58769,0.0837248,0.338936,0.0883292,,123,10,100,14516,0.0,0.598348,0.0370598,0.478138,0.102065,,133,6,24,14987,0.0,0.202207,0.00838523,0.457705,0.0905078,,120,11,50,14345,0.0,0.353554,0.0175215,0.500757,0.0988261,,129,5,10,14983,0.0,0.129051,0.00340527,0.40526,0.0831423,,107,2,2,15000,0.0,0.0926636,0.000751918,0.527826,0.0808596,,126,9,66,14490,0.0,0.405617,0.0240285,0.482923,0.0990588,,135,11,112,13864,0.0,0.745185,0.0449229,0.475582,0.103472,,106,12,146,12719,0.0,0.881121,0.0486045,0.438836,0.104387,,139,7,22,14868,0.0,0.199457,0.00768958,0.492466,0.0893968,,113,12,170,12725,0.0,1.11587,0.0629161,0.50583,0.097365,,134,4,8,15000,0.0,0.121897,0.00267126,0.405454,0.0839018,,140,7,26,14881,0.0,0.218485,0.00903084,0.4958,0.0962415,,124,7,28,14939,0.0,0.223813,0.00959981,0.450485,0.0896894,,98,12,162,13394,0.0,0.89371,0.0581402,0.421981,0.101419,,132,2,2,15000,0.0,0.0902042,0.000718534,0.392097,0.0791786,,115,8,30,14801,0.0,0.229677,0.00998004,0.433792,0.0909829,,110,12,170,12775,0.0,1.0507,0.0682771,0.430079,0.0930777,,112,2,2,15000,0.0,0.0941153,0.000752829,0.484597,0.0802365,,119,14,176,12325,0.0,1.25025,0.0630796,0.399111,0.0893162,,131,18,228,6659,0.0,1.82972,0.0829872,0.199781,0.0521899,,105,7,32,14923,0.0,0.238126,0.010595,0.410984,0.0878216,,128,0,0,0,28.9734,0.0,0.0,0.0,0.0,,99,15,172,11091,0.0,1.14956,0.0622454,0.339224,0.0840864,,117,5,14,14981,0.0,0.152719,0.00448841,0.379081,0.083979,,96,11,104,14074,0.0,0.732898,0.0377419,0.422941,0.0905964,,,,,,
108,14,178,10928,0.0,1.24617,0.0654076,0.338779,0.0806992,,137,4,8,15000,0.0,0.122773,0.00278223,0.420353,0.0844011,,127,10,130,14441,0.0,0.76104,0.0488602,0.460185,0.112329,,142,7,48,14879,0.0,0.329478,0.0178972,0.504487,0.0946513,,103,9,64,14724,0.0,0.383136,0.0221773,0.420973,0.0962975,,130,13,166,12871,0.0,1.13077,0.0608752,0.398567,0.0972196,,122,13,184,12381,0.0,1.2605,0.0653946,0.388276,0.0930301,,121,9,20,14840,0.0,0.181742,0.00755227,0.47008,0.0911132,,116,6,30,14989,0.0,0.228029,0.00962954,0.407657,0.0869348,,136,8,40,14766,0.0,0.279738,0.0147031,0.510433,0.0907166,,118,16,226,10461,0.0,1.74531,0.0810339,0.320767,0.0757395,,114,9,62,14763,0.0,0.380593,0.022024,0.438547,0.105649,,111,17,202,7552,0.0,1.58235,0.0724631,0.223104,0.0589471,,101,1,1,15000,0.0,0.82594,0.000873202,0.722838,0.0926351,,109,15,196,10783,0.0,1.41085,0.0681328,0.335081,0.0784783,,125,9,78,14645,0.0,0.475937,0.0299481,0.442055,0.108354,,143,10,134,14225,0.0,0.917273,0.0476747,0.461502,0.106048,,141,10,130,14271,0.0,0.843628,0.048078,0.512457,0.0989594,,138,7,24,14912,0.0,0.212007,0.00897021,0.476223,0.0934435,,104,21,132,3034,0.0,1.05122,0.0473622,0.0947476,0.025138,,100,17,236,8148,0.0,1.80119,0.0834436,0.238153,0.0638527,,97,15,202,10980,0.0,1.06546,0.0739342,0.337177,0.0833715,,102,16,204,10118,0.0,1.51043,0.0744823,0.310695,0.076009,,123,11,138,14082,0.0,0.808548,0.0526078,0.468102,0.104408,,133,7,38,14899,0.0,0.308211,0.0131453,0.491961,0.0928482,,120,12,76,14170,0.0,0.484315,0.0290001,0.467945,0.1008,,129,6,12,14934,0.0,0.142542,0.00436988,0.444336,0.0887481,,107,3,4,15000,0.0,0.105483,0.00142185,0.47931,0.0795616,,126,10,90,14247,0.0,0.54516,0.0337565,0.483804,0.107529,,135,12,150,13403,0.0,1.03892,0.0501103,0.427614,0.0992977,,106,13,158,11680,0.0,1.06542,0.0593768,0.373603,0.0932539,,139,8,36,14834,0.0,0.273647,0.0127166,0.531619,0.0940865,,113,13,188,11865,0.0,1.29088,0.0679303,0.370287,0.0882827,,134,5,16,15000,0.0,0.181091,0.00533905,0.411892,0.103075,,140,8,48,14839,0.0,0.309244,0.0165545,0.529772,0.0892804,,124,8,40,14860,0.0,0.273127,0.0141975,0.470886,0.0953408,,98,13,186,12557,0.0,1.07058,0.0694727,0.37268,0.0995786,,132,3,4,15000,0.0,0.0995072,0.00150003,0.406676,0.0793576,,115,9,42,14721,0.0,0.302205,0.0159691,0.45622,0.0933073,,110,13,202,11941,0.0,1.39301,0.0687582,0.373395,0.0904234,,112,3,4,15000,0.0,0.102403,0.00138462,0.424737,0.0808395,,119,15,180,11157,0.0,1.29441,0.0657502,0.364907,0.0812271,,131,19,236,5269,0.0,1.89219,0.0870006,0.161488,0.0425158,,105,8,54,14834,0.0,0.35931,0.0172266,0.414732,0.108774,,128,1,1,15000,0.0,0.508067,0.000611941,0.419073,0.0817724,,99,16,186,10056,0.0,1.34942,0.0680644,0.306629,0.0783704,,117,6,10,14883,0.0,0.135548,0.0032495,0.408274,0.0877086,,96,12,116,13422,0.0,0.670216,0.0399906,0.339893,0.0873263,,,,,,
108,15,190,9617,0.0,1.36245,0.0677947,0.296272,0.0722957,,137,5,12,14981,0.0,0.143663,0.00449045,0.452947,0.0884784,,127,11,174,13911,0.0,1.09072,0.0695781,0.448165,0.109957,,142,8,78,14800,0.0,0.519178,0.0286584,0.525192,0.0988291,,103,10,86,14480,0.0,0.492659,0.0306509,0.431573,0.106789,,130,14,192,11986,0.0,1.41156,0.0679439,0.364415,0.0924823,,122,14,204,11595,0.0,1.49913,0.0750327,0.358995,0.0907166,,121,10,36,14791,0.0,0.284679,0.0135066,0.504112,0.0979856,,116,7,46,14857,0.0,0.301784,0.0155514,0.413296,0.0934804,,136,9,52,14604,0.0,0.373259,0.018874,0.524129,0.0957888,,118,17,230,8976,0.0,1.81945,0.080841,0.272531,0.0681998,,114,10,92,14565,0.0,0.519485,0.03329,0.446045,0.108506,,111,18,192,6395,0.0,1.53451,0.0723304,0.194727,0.0507094,,101,2,2,15000,0.0,0.0931288,0.00109737,0.637632,0.0820094,,109,16,216,9695,0.0,1.64378,0.0793873,0.306177,0.0804214,,125,10,100,14248,0.0,0.602901,0.0364057,0.518462,0.100833,,143,11,156,13536,0.0,1.12053,0.056816,0.440918,0.105975,,141,11,162,13808,0.0,1.133,0.0546815,0.456713,0.0974415,,138,8,34,14819,0.0,0.261717,0.0124296,0.506235,0.0940424,,104,22,92,2143,0.0,0.716225,0.0334462,0.0702953,0.0174475,,100,18,230,6836,0.0,1.81465,0.0804837,0.198308,0.0533916,,97,16,200,9758,0.0,1.15617,0.0700097,0.299235,0.0784065,,102,17,210,8784,0.0,1.60358,0.0763427,0.268749,0.0664803,,123,12,146,13269,0.0,0.969193,0.0544071,0.43587,0.0948494,,133,8,60,14795,0.0,0.386907,0.0215312,0.486598,0.100657,,120,13,100,13869,0.0,0.668355,0.0372529,0.467053,0.101641,,129,7,20,14912,0.0,0.186026,0.00693908,0.443754,0.0930038,,107,4,6,14978,0.0,0.110213,0.00224831,0.425136,0.0787185,,126,11,88,13747,0.0,0.565951,0.0334937,0.490726,0.0990266,,135,13,182,12783,0.0,1.31784,0.066107,0.395381,0.0937649,,106,14,160,10773,0.0,1.11926,0.0586078,0.335477,0.0919305,,139,9,46,14629,0.0,0.358954,0.0165327,0.528581,0.0974994,,113,14,192,10940,0.0,1.40809,0.0693534,0.332146,0.0846116,,134,6,30,14996,0.0,0.229455,0.0108737,0.44179,0.0937533,,140,9,46,14554,0.0,0.327202,0.0168115,0.56556,0.095677,,124,9,66,14729,0.0,0.433773,0.0228984,0.474336,0.117795,,98,14,218,11640,0.0,1.44413,0.0752644,0.349568,0.0907434,,132,4,8,15000,0.0,0.121921,0.00276006,0.411503,0.0838296,,115,10,56,14515,0.0,0.364994,0.0208021,0.468955,0.0980456,,110,14,212,10913,0.0,1.61704,0.0763943,0.333933,0.0828351,,112,4,8,15000,0.0,0.125984,0.00262419,0.393496,0.0850553,,119,16,168,10067,0.0,1.25773,0.0630142,0.330549,0.0738277,,131,20,166,3672,0.0,1.30375,0.0611815,0.111433,0.0299327,,105,9,64,14512,0.0,0.394609,0.0220364,0.4246,0.0992673,,128,2,2,15000,0.0,0.0910207,0.000728897,0.413612,0.0796633,,99,17,192,9104,0.0,1.44039,0.0672663,0.270904,0.0742195,,117,7,18,14874,0.0,0.166967,0.00564751,0.420309,0.0861715,,96,13,114,12763,0.0,0.62668,0.0372329,0.316533,0.0854722,,,,,,
108,16,174,8226,0.0,1.35387,0.0632386,0.251898,0.0656848,,137,6,22,14968,0.0,0.194251,0.0073865,0.455126,0.0913611,,127,12,208,13004,0.0,1.40391,0.0797699,0.391904,0.103282,,142,9,110,14448,0.0,0.678795,0.039088,0.506722,0.102655,,103,11,122,14077,0.0,0.655769,0.0437268,0.417668,0.101561,,130,15,198,10926,0.0,1.54575,0.0683883,0.325846,0.0839215,,122,15,200,10322,0.0,1.55457,0.0687849,0.30292,0.0795488,,121,11,48,14657,0.0,0.352647,0.0174611,0.491787,0.100008,,116,8,62,14700,0.0,0.375802,0.0207837,0.424664,0.0966304,,136,10,64,14406,0.0,0.43204,0.0254799,0.522956,0.109142,,118,18,220,7520,0.0,1.7586,0.0766342,0.237713,0.0611992,,114,11,88,14033,0.0,0.532863,0.0310529,0.470367,0.107517,,111,19,210,5384,0.0,1.70068,0.0722533,0.162626,0.0430923,,101,3,4,15000,0.0,0.104647,0.0020545,0.543929,0.0822628,,109,17,236,8572,0.0,1.85363,0.0855227,0.266534,0.0649305,,125,11,120,13735,0.0,0.740481,0.0391832,0.46419,0.105773,,143,12,198,12815,0.0,1.44168,0.0695067,0.391615,0.095331,,141,12,192,12998,0.0,1.41559,0.0681281,0.414327,0.096078,,138,9,50,14673,0.0,0.350516,0.0190123,0.519294,0.0963426,,104,23,76,1473,0.0,0.587857,0.0286882,0.0472178,0.0128582,,100,19,200,5406,0.0,1.60612,0.0712883,0.158148,0.0433826,,97,17,194,8675,0.0,1.2776,0.0730484,0.261938,0.0707038,,102,18,214,7650,0.0,1.68555,0.0786347,0.2318,0.0597498,,123,13,160,12670,0.0,1.09325,0.057976,0.409655,0.0965216,,133,9,80,14483,0.0,0.507459,0.0306888,0.474045,0.107484,,120,14,140,13495,0.0,0.968154,0.0491023,0.433798,0.0972421,,129,8,34,14872,0.0,0.251284,0.0121215,0.449467,0.0930167,,107,5,8,14960,0.0,0.119938,0.00255114,0.404579,0.079912,,126,12,110,13350,0.0,0.736487,0.0421513,0.41411,0.105281,,135,14,196,11587,0.0,1.46725,0.0697858,0.360415,0.0863293,,106,15,166,9931,0.0,1.22231,0.0593579,0.297426,0.075054,,139,10,58,14478,0.0,0.412329,0.0223708,0.488932,0.112394,,113,15,178,9821,0.0,1.3951,0.062994,0.289655,0.0740441,,134,7,48,14921,0.0,0.31553,0.0164802,0.46361,0.100131,,140,10,60,14378,0.0,0.40646,0.0210823,0.513778,0.0956646,,124,10,96,14479,0.0,0.561431,0.035856,0.459172,0.102163,,98,15,214,10269,0.0,1.49655,0.0765548,0.306594,0.0804015,,132,5,12,14975,0.0,0.137971,0.00409271,0.423204,0.0829885,,115,11,70,14233,0.0,0.475235,0.0257221,0.462006,0.113538,,110,15,216,9644,0.0,1.64318,0.0749843,0.287396,0.0753245,,112,5,16,15000,0.0,0.165647,0.00520347,0.402866,0.0845492,,119,17,180,9079,0.0,1.42464,0.062079,0.279233,0.0716467,,131,21,126,2666,0.0,0.968411,0.0447144,0.0792604,0.0216745,,105,10,84,14314,0.0,0.502015,0.0275506,0.464798,0.0964642,,128,3,4,15000,0.0,0.101057,0.0013842,0.403527,0.0804252,,99,18,168,7989,0.0,1.2772,0.0629794,0.247867,0.0640981,,117,8,32,14847,0.0,0.233414,0.0106967,0.430614,0.089524,,96,14,132,12197,0.0,0.697666,0.0439377,0.312271,0.0860417,,,,,,
108,17,182,7201,0.0,1.42322,0.0633352,0.211482,0.056542,,137,7,28,14894,0.0,0.221761,0.0102258,0.466995,0.091335,,127,13,246,11849,0.0,1.789,0.0892869,0.35928,0.0959445,,142,10,148,13960,0.0,1.00506,0.0558657,0.476464,0.0966618,,103,12,158,13513,0.0,0.859363,0.0571867,0.437168,0.098199,,130,16,210,9905,0.0,1.653,0.0720897,0.291702,0.0751056,,122,16,200,8994,0.0,1.56358,0.0699282,0.264883,0.0688857,,121,12,86,14563,0.0,0.517007,0.0330411,0.515833,0.101021,,116,9,76,14387,0.0,0.46293,0.0250846,0.447519,0.0962223,,136,11,94,14220,0.0,0.645999,0.0374235,0.523447,0.101641,,118,19,202,6090,0.0,1.61967,0.0734113,0.193619,0.0484421,,114,12,124,13718,0.0,0.759022,0.0397558,0.462176,0.113398,,111,20,170,3891,0.0,1.36254,0.0581781,0.116281,0.0348453,,101,4,8,15000,0.0,0.130791,0.00333979,0.481154,0.0815048,,109,18,210,7034,0.0,1.67567,0.0764534,0.217993,0.0552862,,125,12,150,13266,0.0,1.00012,0.0511716,0.406186,0.0972717,,143,13,228,11668,0.0,1.74023,0.0823901,0.364983,0.0914693,,141,13,182,11877,0.0,1.36074,0.0680427,0.371344,0.0871806,,138,10,76,14531,0.0,0.475088,0.0299478,0.52734,0.0993869,,104,24,56,1216,0.0,0.429743,0.0209703,0.0387128,0.00993164,,100,20,176,4268,0.0,1.41662,0.0624774,0.129952,0.0343511,,97,18,162,7452,0.0,1.1284,0.060012,0.22039,0.0580346,,102,19,194,6440,0.0,1.56415,0.0681809,0.1967,0.0505857,,123,14,184,11875,0.0,1.34589,0.0679515,0.375437,0.0893768,,133,10,116,14148,0.0,0.678087,0.0440133,0.456862,0.106174,,120,15,168,12853,0.0,1.18914,0.062838,0.394716,0.094265,,129,9,54,14753,0.0,0.346994,0.0193402,0.473793,0.0973156,,107,6,12,14943,0.0,0.139709,0.00408795,0.389691,0.0807831,,126,13,142,12790,0.0,0.964912,0.051709,0.401016,0.0958619,,135,15,224,10738,0.0,1.71073,0.0783153,0.326495,0.0824676,,106,16,172,9038,0.0,1.34226,0.0607004,0.265323,0.0698668,,139,11,86,14289,0.0,0.578045,0.0331033,0.491811,0.0988588,,113,16,204,8919,0.0,1.59187,0.070801,0.262081,0.0686719,,134,8,70,14739,0.0,0.44699,0.0251115,0.480777,0.111316,,140,11,86,14119,0.0,0.599321,0.0327065,0.512206,0.0944523,,124,11,126,14097,0.0,0.730886,0.0471855,0.434092,0.107451,,98,16,192,8810,0.0,1.38896,0.0686364,0.264082,0.0687936,,132,6,16,14934,0.0,0.177544,0.00540701,0.457315,0.0898805,,115,12,96,13990,0.0,0.572864,0.0378701,0.451187,0.0996691,,110,16,202,8518,0.0,1.55739,0.0730386,0.253347,0.0674277,,112,6,20,14938,0.0,0.180568,0.00721926,0.395998,0.0883261,,119,18,142,7957,0.0,1.13065,0.0502788,0.245301,0.0625036,,131,22,96,1910,0.0,0.720558,0.03513,0.0576835,0.01555,,105,11,102,13867,0.0,0.617088,0.0375208,0.480202,0.0990772,,128,4,8,15000,0.0,0.123677,0.00257885,0.39649,0.0840863,,99,19,176,6891,0.0,1.39698,0.0633415,0.207071,0.0536548,,117,9,52,14771,0.0,0.325101,0.0183069,0.449729,0.0914447,,96,15,136,11309,0.0,0.690888,0.0454997,0.309911,0.0836163,,,,,,
108,18,154,5603,0.0,1.21617,0.0542561,0.173025,0.0445044,,137,8,38,14782,0.0,0.339689,0.0140427,0.500928,0.110579,,127,14,260,10607,0.0,2.04075,0.0917604,0.308947,0.0873149,,142,11,158,13159,0.0,1.10618,0.0588995,0.46126,0.090876,,103,13,196,12784,0.0,1.21284,0.072607,0.410221,0.0949936,,130,17,220,8696,0.0,1.74904,0.0789824,0.261425,0.0706053,,122,17,174,7757,0.0,1.35849,0.0639535,0.234457,0.0613903,,121,13,118,14338,0.0,0.750112,0.0433542,0.476283,0.104085,,116,10,110,14105,0.0,0.627314,0.0392315,0.460419,0.101526,,136,12,100,13656,0.0,0.727603,0.0350631,0.464717,0.0954013,,118,20,154,5034,0.0,1.24429,0.0548807,0.1565,0.0380826,,114,13,160,13188,0.0,1.07259,0.054607,0.405842,0.100535,,111,21,130,2724,0.0,1.04092,0.0464718,0.0805697,0.0224532,,101,5,16,15000,0.0,0.166472,0.00560314,0.406348,0.0818222,,109,19,186,5681,0.0,1.47999,0.0679968,0.176299,0.0449251,,125,13,176,12532,0.0,1.2718,0.0642408,0.38837,0.0931516,,143,14,210,10145,0.0,1.62922,0.0769768,0.314544,0.0802822,,141,14,178,10792,0.0,1.35208,0.0666351,0.333514,0.0812451,,138,11,96,14221,0.0,0.643313,0.0410835,0.491817,0.101074,,104,25,46,806,0.0,0.360817,0.0162278,0.0260076,0.00684216,,100,21,150,3191,0.0,1.19912,0.0533035,0.0966876,0.0258943,,97,19,162,6623,0.0,1.18708,0.0574733,0.192825,0.0534562,,102,20,160,5312,0.0,1.34813,0.0541921,0.15762,0.0485308,,123,15,176,10710,0.0,1.33627,0.0625014,0.322282,0.0831465,,133,11,144,13611,0.0,0.942192,0.0531542,0.437167,0.102049,,120,16,180,11951,0.0,1.29747,0.065781,0.368269,0.0895563,,129,10,82,14619,0.0,0.527556,0.0294918,0.49964,0.100023,,107,7,16,14877,0.0,0.159775,0.00528776,0.406863,0.0846638,,126,14,186,12140,0.0,1.35751,0.0672066,0.371556,0.093799,,135,16,236,9627,0.0,1.85647,0.0826345,0.286603,0.0763167,,106,17,188,7726,0.0,1.41977,0.0699753,0.228616,0.0608844,,139,12,116,13920,0.0,0.833511,0.0416093,0.455671,0.102042,,113,17,196,7628,0.0,1.54411,0.0722447,0.229406,0.0608407,,134,9,96,14492,0.0,0.586295,0.0355561,0.464294,0.105214,,140,12,110,13737,0.0,0.804357,0.0379759,0.484341,0.119562,,124,12,148,13445,0.0,0.957687,0.0521286,0.417942,0.108471,,98,17,186,7719,0.0,1.38691,0.0688324,0.23495,0.0629709,,132,7,30,14910,0.0,0.250437,0.0101754,0.497255,0.0901392,,115,13,120,13509,0.0,0.791182,0.0464202,0.44185,0.098435,,110,17,152,7232,0.0,1.2048,0.0560075,0.21479,0.0578949,,112,7,32,14911,0.0,0.243503,0.0108031,0.401903,0.089849,,119,19,148,7191,0.0,1.20362,0.0535024,0.221604,0.0551551,,131,23,76,1405,0.0,0.549175,0.0274954,0.0436829,0.0113016,,105,12,104,13204,0.0,0.625894,0.0415685,0.459354,0.094123,,128,5,12,14975,0.0,0.140511,0.0040537,0.412204,0.0852654,,99,20,154,5907,0.0,1.21297,0.0541677,0.180024,0.045353,,117,10,64,14454,0.0,0.390861,0.0234014,0.459148,0.0960988,,96,16,138,10569,0.0,0.727362,0.0508308,0.342228,0.0742442,,,,,,
108,19,150,4806,0.0,1.21785,0.053219,0.14856,0.0385328,,137,9,60,14642,0.0,0.46756,0.0214101,0.529287,0.0981188,,127,15,266,9205,0.0,2.186,0.095969,0.275537,0.0800087,,142,12,164,12371,0.0,1.22526,0.0574625,0.434099,0.084825,,103,14,212,11538,0.0,1.44051,0.0771583,0.350111,0.0887255,,130,18,214,7507,0.0,1.71419,0.0783295,0.231223,0.0597697,,122,18,198,6988,0.0,1.58736,0.0707228,0.212066,0.0550604,,121,14,156,13578,0.0,1.05012,0.0544122,0.42779,0.0994619,,116,11,134,13607,0.0,0.781001,0.0516828,0.450599,0.100495,,136,13,134,13232,0.0,0.963445,0.0480868,0.426054,0.0968059,,118,21,126,4031,0.0,1.01692,0.0414073,0.123701,0.0325098,,114,14,168,12334,0.0,1.16423,0.0620291,0.388056,0.0930605,,111,22,112,1975,0.0,0.857393,0.0411402,0.0595271,0.0166299,,101,6,18,14925,0.0,0.168944,0.00597776,0.39891,0.083001,,109,20,156,4268,0.0,1.26232,0.0545216,0.130928,0.0358886,,125,14,194,11598,0.0,1.39222,0.0650045,0.34401,0.0880733,,143,15,204,8999,0.0,1.62693,0.0725976,0.277812,0.0750067,,141,15,202,9921,0.0,1.60427,0.0732123,0.295708,0.0792906,,138,12,108,13669,0.0,0.767457,0.0378282,0.447604,0.0996393,,104,26,22,485,0.0,0.158678,0.00796278,0.0181907,0.00393091,,100,22,104,2196,0.0,0.835261,0.0384971,0.0690599,0.017557,,97,20,168,5747,0.0,1.27502,0.0578704,0.168761,0.0452598,,102,21,140,4482,0.0,1.14106,0.0488742,0.138568,0.0387333,,123,16,202,9762,0.0,1.52361,0.0727442,0.301003,0.0770433,,133,12,150,12793,0.0,1.02244,0.0553157,0.386982,0.0948363,,120,17,198,11017,0.0,1.47727,0.0730647,0.342922,0.0844927,,129,11,94,14149,0.0,0.590415,0.0331047,0.469115,0.0978615,,107,8,26,14852,0.0,0.215977,0.00857624,0.41036,0.0898202,,126,15,208,11149,0.0,1.5628,0.0780392,0.3329,0.0843689,,135,17,220,8023,0.0,1.80226,0.0782324,0.241013,0.0638266,,106,18,184,6148,0.0,1.44722,0.0662459,0.18663,0.048805,,139,13,142,13434,0.0,1.01258,0.0530096,0.423709,0.100322,,113,18,180,6639,0.0,1.45258,0.0644924,0.202132,0.0526437,,134,10,120,13993,0.0,0.723783,0.0466923,0.436555,0.105157,,140,13,122,13128,0.0,0.883278,0.0462733,0.441442,0.099814,,124,13,170,12686,0.0,1.14305,0.0596842,0.382679,0.096165,,98,18,196,6729,0.0,1.54381,0.0701747,0.201029,0.0536573,,132,8,42,14763,0.0,0.298334,0.0146524,0.527244,0.0896504,,115,14,134,12852,0.0,0.922766,0.0515252,0.399736,0.0969664,,110,18,168,6452,0.0,1.36809,0.0599589,0.194918,0.0513468,,112,8,48,14704,0.0,0.321334,0.016781,0.420771,0.100309,,119,20,142,6244,0.0,1.1408,0.0509032,0.189268,0.0516572,,131,24,52,942,0.0,0.36528,0.0177662,0.0301908,0.00766017,,105,13,110,12717,0.0,0.733187,0.0417455,0.433639,0.0930717,,128,6,22,14966,0.0,0.216257,0.00715704,0.43118,0.0904821,,99,21,156,4877,0.0,1.23519,0.0574683,0.148009,0.0375388,,117,11,82,14271,0.0,0.519354,0.0294398,0.468117,0.099223,,96,17,148,9924,0.0,0.812405,0.0533109,0.312374,0.0749366,,,,,,
108,20,110,3591,0.0,0.855258,0.0393232,0.113095,0.0299337,,137,10,68,14382,0.0,0.49462,0.0244864,0.506073,0.101437,,127,16,242,7512,0.0,2.0134,0.0849126,0.218552,0.0596346,,142,13,172,11612,0.0,1.36913,0.0606224,0.411508,0.0794671,,103,15,194,10468,0.0,1.41546,0.0706365,0.320356,0.080481,,130,19,210,6233,0.0,1.69665,0.0744061,0.184968,0.0497465,,122,19,180,5690,0.0,1.45696,0.0652559,0.171374,0.0460945,,121,15,180,12881,0.0,1.26702,0.066755,0.396135,0.0941522,,116,12,152,12955,0.0,0.990502,0.0549001,0.416807,0.0959794,,136,14,154,12640,0.0,1.15493,0.0525771,0.396089,0.0919692,,118,22,92,3228,0.0,0.742107,0.032186,0.0985763,0.025843,,114,15,194,11416,0.0,1.41125,0.0660133,0.339922,0.0878891,,111,23,68,1277,0.0,0.530148,0.0235211,0.0416298,0.0108161,,101,7,28,14865,0.0,0.221582,0.00908604,0.383241,0.0839029,,109,21,112,3472,0.0,0.90468,0.0409079,0.109216,0.0288679,,125,15,214,10488,0.0,1.6337,0.0754792,0.311258,0.0811516,,143,16,200,7751,0.0,1.59592,0.072091,0.231636,0.061092,,141,16,204,8950,0.0,1.63929,0.0734276,0.264301,0.070401,,138,13,136,13200,0.0,0.954576,0.0503418,0.415755,0.0991074,,104,27,16,305,0.0,0.118145,0.00508876,0.0140008,0.00267863,,100,23,72,1497,0.0,0.57702,0.0259988,0.0482088,0.0123222,,97,21,158,4796,0.0,1.17843,0.0570228,0.15006,0.0376983,,102,22,110,3617,0.0,0.890124,0.0401814,0.11235,0.0310681,,123,17,216,8793,0.0,1.68607,0.0776124,0.265901,0.0704038,,133,13,198,12157,0.0,1.43316,0.0709492,0.366271,0.0906906,,120,18,208,9780,0.0,1.61079,0.0775461,0.300609,0.0777085,,129,12,112,13661,0.0,0.756327,0.0410121,0.449456,0.0996505,,107,9,40,14768,0.0,0.28125,0.0145743,0.422801,0.0973625,,126,16,224,10195,0.0,1.72101,0.0844593,0.307589,0.0774747,,135,18,212,6902,0.0,1.7225,0.0761567,0.204624,0.0580258,,106,19,174,4801,0.0,1.40578,0.0614716,0.142309,0.0375815,,139,14,160,12688,0.0,1.16785,0.0553397,0.392129,0.0949561,,113,19,166,5587,0.0,1.35568,0.0578189,0.169608,0.0431433,,134,11,166,13511,0.0,1.11263,0.0627198,0.41732,0.108564,,140,14,144,12629,0.0,1.05492,0.0507042,0.43081,0.0919969,,124,14,206,11858,0.0,1.49555,0.0742239,0.352265,0.0903676,,98,19,186,5438,0.0,1.47577,0.0670295,0.162726,0.043021,,132,9,56,14547,0.0,0.357819,0.0213337,0.530728,0.0925837,,115,15,168,12332,0.0,1.19246,0.059766,0.372518,0.0936645,,110,19,166,5655,0.0,1.3277,0.056043,0.167107,0.0453712,,112,9,68,14563,0.0,0.443421,0.0249613,0.436422,0.121398,,119,21,130,5463,0.0,1.05334,0.0458592,0.166521,0.0426499,,131,25,38,553,0.0,0.256925,0.0140114,0.0188569,0.00484414,,105,14,120,12118,0.0,0.844796,0.0408518,0.392834,0.0988656,,128,7,36,14897,0.0,0.271285,0.0120551,0.429176,0.0943968,,99,22,136,3896,0.0,1.1104,0.0473647,0.121499,0.0311271,,117,12,100,13938,0.0,0.605257,0.0375813,0.439689,0.102675,,96,18,138,9166,0.0,0.80687,0.0448877,0.299142,0.0679791,,,,,,
108,21,96,2910,0.0,0.779625,0.0343378,0.0901214,0.0232806,,137,11,80,13975,0.0,0.587574,0.0283404,0.502649,0.097632,,127,17,228,6128,0.0,1.84387,0.0820065,0.179243,0.049144,,142,14,160,10578,0.0,1.26523,0.055271,0.370099,0.0833335,,103,16,212,9569,0.0,1.62254,0.0747684,0.285021,0.0732613,,130,20,158,4992,0.0,1.26722,0.0584571,0.149993,0.0404117,,122,20,150,4639,0.0,1.22591,0.0536058,0.1402,0.0372426,,121,16,202,11878,0.0,1.51006,0.070059,0.370812,0.0874586,,116,13,158,12108,0.0,1.08398,0.0555574,0.371093,0.08965,,136,15,172,11859,0.0,1.35914,0.0604501,0.359505,0.0910229,,118,23,82,2826,0.0,0.63442,0.0305849,0.0853189,0.0216487,,114,16,218,10203,0.0,1.66939,0.0761226,0.304073,0.0779532,,111,24,54,966,0.0,0.407765,0.0194205,0.0313551,0.00794372,,101,8,36,14767,0.0,0.24569,0.0115718,0.41037,0.0829133,,109,22,94,2882,0.0,0.749509,0.0354878,0.0863428,0.023344,,125,16,206,9386,0.0,1.61788,0.0701817,0.278028,0.072052,,143,17,160,6526,0.0,1.28412,0.0567458,0.199449,0.0519043,,141,17,220,7867,0.0,1.77769,0.0783002,0.230601,0.0627346,,138,14,170,12536,0.0,1.23623,0.0576224,0.389991,0.0945713,,104,28,14,250,0.0,0.106035,0.00518476,0.0111106,0.00211971,,100,24,58,1179,0.0,0.462709,0.02103,0.0367192,0.00957153,,97,22,126,3623,0.0,0.97784,0.0473966,0.109337,0.0290522,,102,23,90,2993,0.0,0.71319,0.0307058,0.0906214,0.0245403,,123,18,222,7715,0.0,1.78081,0.077289,0.225534,0.0629652,,133,14,254,11369,0.0,1.90178,0.0937493,0.336511,0.0877553,,120,19,234,8613,0.0,1.87352,0.0847826,0.262844,0.0689208,,129,13,128,12991,0.0,0.896919,0.0473729,0.416166,0.0959711,,107,10,60,14654,0.0,0.375706,0.0211305,0.429576,0.0986444,,126,17,222,8931,0.0,1.74109,0.0799473,0.267834,0.0692123,,135,19,186,5512,0.0,1.49487,0.0679145,0.16309,0.0440121,,106,20,144,3618,0.0,1.13896,0.0532832,0.108386,0.028393,,139,15,186,11908,0.0,1.43147,0.0644941,0.359533,0.0927083,,113,20,144,4556,0.0,1.1559,0.0481981,0.134214,0.0355544,,134,12,186,12637,0.0,1.26641,0.0677959,0.383295,0.0975624,,140,15,164,11875,0.0,1.31832,0.0578558,0.386442,0.0921559,,124,15,216,10592,0.0,1.64355,0.0747345,0.310037,0.0795624,,98,20,164,4210,0.0,1.31223,0.0614336,0.130107,0.0344033,,132,10,64,14303,0.0,0.40153,0.0243522,0.547448,0.0936286,,115,16,190,11431,0.0,1.39586,0.0655707,0.350859,0.0886657,,110,20,158,4539,0.0,1.28022,0.055562,0.135556,0.0361094,,112,10,98,14397,0.0,0.576878,0.0350653,0.431357,0.103835,,119,22,122,4609,0.0,0.988627,0.0401643,0.139688,0.0371843,,131,26,22,283,0.0,0.148016,0.00770747,0.0104464,0.00266298,,105,15,138,11439,0.0,0.976743,0.0482711,0.356923,0.0843055,,128,8,54,14734,0.0,0.34853,0.0184996,0.439005,0.0979468,,99,23,112,2905,0.0,0.900385,0.0395544,0.0883701,0.0240992,,117,13,118,13293,0.0,0.80149,0.0427058,0.422435,0.112327,,96,19,154,8458,0.0,0.998186,0.0580816,0.256773,0.0639255,,,,,,
108,22,74,2226,0.0,0.58957,0.0263251,0.0726039,0.0184108,,137,12,100,13668,0.0,0.704653,0.0396459,0.478809,0.0939771,,127,18,186,4635,0.0,1.5498,0.0680521,0.139658,0.0369542,,142,15,154,9658,0.0,1.2414,0.0558531,0.335238,0.0677155,,103,17,224,8306,0.0,1.73892,0.0761889,0.245303,0.0639868,,130,21,146,4212,0.0,1.14248,0.0521255,0.128758,0.0340491,,122,21,130,3804,0.0,1.02821,0.0477199,0.115469,0.0305168,,121,17,200,11008,0.0,1.53227,0.0715506,0.343005,0.0816733,,116,14,184,11316,0.0,1.32584,0.0681113,0.339039,0.0866072,,136,16,170,11002,0.0,1.32351,0.0578156,0.333299,0.086217,,118,24,60,2169,0.0,0.473748,0.0224033,0.0672825,0.0163275,,114,17,238,8973,0.0,1.85586,0.0836734,0.265102,0.0727596,,111,25,44,548,0.0,0.335126,0.0163539,0.0199413,0.00502842,,101,9,46,14564,0.0,0.289518,0.0150813,0.422449,0.0874929,,109,23,68,2281,0.0,0.53394,0.0243749,0.0713566,0.0182187,,125,17,218,8202,0.0,1.73979,0.0762382,0.242786,0.0644144,,143,18,180,5789,0.0,1.44136,0.0658445,0.173022,0.0455722,,141,18,216,6620,0.0,1.75269,0.0745981,0.195123,0.0524978,,138,15,198,11877,0.0,1.53471,0.0702408,0.353424,0.0918867,,104,29,14,175,0.0,0.105861,0.00482016,0.00793449,0.00151719,,100,25,40,612,0.0,0.302087,0.0140202,0.0225362,0.00523865,,97,23,106,3001,0.0,0.836728,0.0372208,0.0899496,0.0231483,,102,24,86,2487,0.0,0.672193,0.0317644,0.078258,0.0206096,,123,19,206,6258,0.0,1.65955,0.0733031,0.184355,0.0503528,,133,15,256,9932,0.0,1.99949,0.0916139,0.289231,0.0768115,,120,20,206,7146,0.0,1.66416,0.0707365,0.210331,0.0563462,,129,14,144,12329,0.0,1.04658,0.0502039,0.386389,0.0895481,,107,11,88,14400,0.0,0.516853,0.0321753,0.43327,0.104796,,126,18,232,7699,0.0,1.86655,0.0853112,0.234721,0.0603127,,135,20,168,4368,0.0,1.32188,0.0621032,0.132401,0.0352308,,106,21,114,2628,0.0,0.916403,0.0423235,0.0831254,0.0214242,,139,16,222,10954,0.0,1.75276,0.0764282,0.324001,0.0889836,,113,21,126,3592,0.0,1.0098,0.0463746,0.110303,0.0292515,,134,13,208,11671,0.0,1.49433,0.0726864,0.345735,0.0893922,,140,16,170,11035,0.0,1.34161,0.0598277,0.336748,0.082406,,124,16,274,9756,0.0,2.13213,0.094348,0.283249,0.0765115,,98,21,128,3165,0.0,1.0395,0.0460676,0.0947982,0.0249304,,132,11,76,14028,0.0,0.492273,0.0287448,0.52859,0.099595,,115,17,218,10674,0.0,1.654,0.0790015,0.325786,0.0857806,,110,21,144,3563,0.0,1.15445,0.0530792,0.108461,0.0296077,,112,11,130,13949,0.0,0.74734,0.0482558,0.447145,0.104643,,119,23,104,3806,0.0,0.833891,0.0372239,0.115219,0.0318814,,131,27,18,194,0.0,0.123652,0.00659955,0.00815393,0.00179686,,105,16,162,10780,0.0,1.19637,0.0565342,0.339803,0.0791475,,128,9,68,14406,0.0,0.409158,0.0238219,0.464715,0.101249,,99,24,82,2273,0.0,0.666869,0.0305891,0.0703367,0.0190036,,117,14,144,12622,0.0,0.997706,0.0524985,0.381306,0.0966584,,96,20,144,7461,0.0,0.984369,0.0519409,0.229978,0.0565477,,,,,,
108,23,58,1865,0.0,0.47904,0.0202972,0.059343,0.0146821,,137,13,112,13122,0.0,0.80509,0.0384541,0.440228,0.0991199,,127,19,142,3604,0.0,1.12247,0.051302,0.108465,0.0284848,,142,16,152,8929,0.0,1.25954,0.0552392,0.300325,0.0650856,,103,18,208,6912,0.0,1.63589,0.0758589,0.207565,0.0529111,,130,22,138,3343,0.0,1.06418,0.0486508,0.0989868,0.0270991,,122,22,114,3022,0.0,0.881282,0.0405082,0.0938806,0.0247226,,121,18,192,9760,0.0,1.52252,0.0679989,0.300868,0.0746247,,116,15,200,10405,0.0,1.47484,0.0739813,0.313984,0.0800663,,136,17,182,9994,0.0,1.42695,0.0646194,0.306278,0.0768449,,118,25,72,1908,0.0,0.552135,0.0246296,0.0615038,0.0150055,,114,18,204,7552,0.0,1.62029,0.0736265,0.230076,0.0591606,,111,26,26,316,0.0,0.186378,0.0092311,0.0127199,0.00288067,,101,10,50,14357,0.0,0.305217,0.0168394,0.435017,0.0857624,,109,24,70,1860,0.0,0.547589,0.0250009,0.058967,0.0155743,,125,18,210,7065,0.0,1.67651,0.0754547,0.212307,0.0559944,,143,19,166,4806,0.0,1.29033,0.0590737,0.142941,0.0373558,,141,19,202,5240,0.0,1.59656,0.0742834,0.152966,0.043278,,138,16,204,10725,0.0,1.60812,0.0696075,0.322379,0.0831824,,104,30,4,63,0.0,0.0301459,0.00157423,0.00638554,0.000590256,,100,26,18,410,0.0,0.133297,0.00612252,0.0173728,0.00333079,,97,24,86,2325,0.0,0.655663,0.0308971,0.0719811,0.0180371,,102,25,56,1981,0.0,0.441851,0.0205576,0.0609539,0.0149226,,123,20,190,5125,0.0,1.55957,0.0706773,0.153324,0.0417287,,133,16,264,8429,0.0,2.12301,0.0956234,0.254139,0.0664189,,120,21,190,6031,0.0,1.52809,0.0680325,0.180924,0.0516063,,129,15,160,11567,0.0,1.16482,0.0553543,0.364845,0.0903054,,107,12,120,14127,0.0,0.706593,0.0435198,0.447665,0.105468,,126,19,204,6240,0.0,1.64054,0.0761771,0.1907,0.0494659,,135,21,122,3340,0.0,0.939314,0.0442482,0.101303,0.0267222,,106,22,92,1735,0.0,0.738457,0.0307531,0.0527161,0.0140249,,139,17,224,9725,0.0,1.78671,0.0788684,0.295257,0.0766707,,113,22,94,2727,0.0,0.747869,0.0335548,0.0866107,0.0217414,,134,14,220,10631,0.0,1.68866,0.0771939,0.309893,0.0807161,,140,17,164,9957,0.0,1.29206,0.0594825,0.312257,0.0741223,,124,17,266,8044,0.0,2.14244,0.0977294,0.238154,0.0641125,,98,22,94,2208,0.0,0.750822,0.0361448,0.0690817,0.0178496,,132,12,102,13648,0.0,0.691484,0.0358047,0.449158,0.0972511,,115,18,214,9340,0.0,1.67999,0.0757309,0.280146,0.0753711,,110,22,96,2644,0.0,0.767701,0.0341248,0.0814032,0.0214263,,112,12,164,13395,0.0,0.995172,0.0619492,0.448426,0.104255,,119,24,86,3200,0.0,0.665228,0.0318113,0.0969805,0.0251755,,131,28,8,108,0.0,0.052022,0.00270092,0.00666629,0.000926915,,105,17,176,9685,0.0,1.38135,0.0625237,0.296631,0.07493,,128,10,102,14255,0.0,0.602839,0.0360864,0.47079,0.101281,,99,25,60,1647,0.0,0.472979,0.0222116,0.05183,0.0142242,,117,15,178,11983,0.0,1.29556,0.0621318,0.356699,0.0941647,,96,21,124,6415,0.0,0.886737,0.0447741,0.197474,0.0489388,,,,,,
108,24,46,1269,0.0,0.368113,0.0165188,0.0405431,0.0101799,,137,14,148,12771,0.0,1.10718,0.0512095,0.420481,0.0901063,,127,20,130,2887,0.0,1.00498,0.0471074,0.0879872,0.0227003,,142,17,144,8103,0.0,1.17769,0.0479998,0.262182,0.0638278,,103,19,202,5776,0.0,1.62016,0.0727523,0.180833,0.0448804,,130,23,100,2383,0.0,0.74517,0.0360239,0.0704523,0.0194013,,122,23,82,2304,0.0,0.619296,0.0295817,0.0726995,0.0179877,,121,19,198,8584,0.0,1.60196,0.0692745,0.26571,0.0732259,,116,16,206,9233,0.0,1.5503,0.0756685,0.280501,0.071615,,136,18,180,9021,0.0,1.44852,0.0619718,0.270961,0.0702861,,118,26,64,1488,0.0,0.49025,0.0231078,0.0459608,0.0118782,,114,19,180,6363,0.0,1.427,0.0653525,0.193828,0.0510806,,111,27,10,147,0.0,0.0650546,0.00319313,0.00756429,0.00128353,,101,11,52,14027,0.0,0.339605,0.0174727,0.450762,0.0892459,,109,25,68,1501,0.0,0.516965,0.0239825,0.0454007,0.0124113,,125,19,228,5713,0.0,1.83777,0.0791224,0.168562,0.0473893,,143,20,156,3804,0.0,1.20484,0.0559168,0.112274,0.0305002,,141,20,182,4080,0.0,1.41985,0.0646443,0.119113,0.0331551,,138,17,204,9593,0.0,1.61161,0.0737295,0.2898,0.0752854,,104,31,8,63,0.0,0.0595594,0.00333402,0.00571362,0.000645892,,100,27,14,308,0.0,0.115121,0.00493819,0.0124619,0.00243103,,97,25,72,1827,0.0,0.586991,0.0267261,0.0554226,0.0146713,,102,26,52,1658,0.0,0.384533,0.0184345,0.051829,0.0123812,,123,21,148,3873,0.0,1.16684,0.0540378,0.116352,0.0320415,,133,17,236,6876,0.0,1.90494,0.0802057,0.202065,0.0543977,,120,22,164,4844,0.0,1.29698,0.061194,0.143214,0.0396844,,129,16,168,10722,0.0,1.25082,0.062071,0.340498,0.0805677,,107,13,168,13546,0.0,1.02244,0.0637194,0.454379,0.102866,,126,20,190,5054,0.0,1.52532,0.0699626,0.151529,0.0404816,,135,22,98,2649,0.0,0.791281,0.0364139,0.0802494,0.0212181,,106,23,64,1148,0.0,0.516616,0.023409,0.0372305,0.00958809,,139,18,226,8458,0.0,1.7863,0.0829813,0.261922,0.0647202,,113,23,76,2224,0.0,0.588539,0.0278291,0.0665769,0.0173132,,134,15,244,9580,0.0,1.91338,0.085205,0.282197,0.0800516,,140,18,172,9043,0.0,1.39519,0.0595851,0.279313,0.0697746,,124,18,230,6350,0.0,1.85865,0.0771039,0.182888,0.0508256,,98,23,78,1742,0.0,0.618578,0.0280362,0.056876,0.0139569,,132,13,142,13248,0.0,0.971285,0.050994,0.426441,0.097877,,115,19,198,7930,0.0,1.59872,0.0703896,0.236658,0.0639726,,110,23,74,2047,0.0,0.571184,0.0260279,0.0610304,0.0171862,,112,13,206,12390,0.0,1.40005,0.0729558,0.380353,0.0953554,,119,25,68,2549,0.0,0.532009,0.0237776,0.0789147,0.0195693,,131,29,4,38,0.0,0.028989,0.00192505,0.00402004,0.000374063,,105,18,170,8593,0.0,1.32524,0.0605282,0.258079,0.0667212,,128,11,128,13823,0.0,0.769429,0.0459512,0.464896,0.103883,,99,26,52,1280,0.0,0.409742,0.0182202,0.0413302,0.0107214,,117,16,204,10769,0.0,1.51456,0.074825,0.327198,0.0827635,,96,22,118,5692,0.0,0.871532,0.0434188,0.178038,0.0439355,,,,,,
108,25,36,1006,0.0,0.290821,0.0118213,0.0362233,0.00810816,,137,15,144,11889,0.0,1.16067,0.0488419,0.376655,0.0872993,,127,21,106,1855,0.0,0.807993,0.0386846,0.0589881,0.0151643,,142,18,146,7369,0.0,1.18934,0.0517559,0.237727,0.0556284,,103,20,142,4407,0.0,1.16341,0.0487821,0.136727,0.0335821,,130,24,72,1763,0.0,0.515816,0.0267505,0.0525646,0.0140585,,122,24,64,1782,0.0,0.498363,0.0229991,0.0545781,0.0140244,,121,20,176,7589,0.0,1.40867,0.0581779,0.226352,0.0590295,,116,17,222,8175,0.0,1.73904,0.0804013,0.241554,0.0665967,,136,19,184,8007,0.0,1.49955,0.065816,0.24372,0.0643402,,118,27,58,1073,0.0,0.440519,0.0211336,0.0351856,0.00890761,,114,20,160,5284,0.0,1.29013,0.0561424,0.156787,0.0425749,,111,28,6,97,0.0,0.0389819,0.00267816,0.00614865,0.000774431,,101,12,64,13780,0.0,0.372725,0.0219935,0.485656,0.0875418,,109,26,54,1173,0.0,0.422715,0.0186523,0.0372231,0.00938523,,125,20,172,4274,0.0,1.3678,0.0626484,0.129687,0.0340665,,143,21,126,2998,0.0,0.910156,0.0455949,0.091113,0.0234846,,141,21,148,2950,0.0,1.06445,0.0842945,0.087245,0.0246789,,138,18,214,8384,0.0,1.71795,0.0784945,0.25436,0.0670277,,104,32,2,8,0.0,0.0131117,0.00153845,0.00470203,0.000126917,,100,28,14,244,0.0,0.104664,0.0050529,0.0128953,0.00198149,,97,26,78,1391,0.0,0.615866,0.0288029,0.0465374,0.0113998,,102,27,50,1379,0.0,0.392756,0.017798,0.0430968,0.0107218,,123,22,140,3009,0.0,1.08218,0.0515427,0.0921213,0.0257936,,133,18,188,5280,0.0,1.52464,0.0647895,0.154485,0.0419493,,120,23,136,3895,0.0,1.04316,0.048611,0.11641,0.0302622,,129,17,168,9929,0.0,1.32374,0.0568077,0.29794,0.0764173,,107,14,208,12757,0.0,1.41447,0.0788781,0.393996,0.0958607,,126,21,166,3943,0.0,1.35617,0.0626542,0.117755,0.0312242,,135,23,72,1911,0.0,0.522436,0.0259663,0.0575103,0.0157229,,106,24,42,708,0.0,0.338911,0.0143029,0.0274336,0.00612082,,139,19,232,7241,0.0,1.87328,0.0857351,0.218815,0.0573271,,113,24,70,1806,0.0,0.530726,0.023851,0.0532549,0.0139616,,134,16,234,8077,0.0,1.87794,0.0843265,0.240359,0.0654621,,140,19,176,8169,0.0,1.47893,0.0627546,0.256692,0.0709424,,124,19,220,4961,0.0,1.7691,0.0757553,0.143582,0.0427095,,98,24,64,1373,0.0,0.52386,0.0236301,0.0434748,0.0111511,,132,14,158,12533,0.0,1.16855,0.0576441,0.394524,0.100916,,115,20,202,6821,0.0,1.63019,0.0693638,0.200173,0.0554825,,110,24,62,1712,0.0,0.484974,0.0216239,0.0527445,0.013627,,112,14,224,11197,0.0,1.62211,0.0805667,0.33559,0.0896744,,119,26,74,2180,0.0,0.57658,0.026953,0.0647684,0.0164127,,131,30,2,16,0.0,0.0121621,0.00125516,0.00371407,0.000154073,,105,19,172,7738,0.0,1.34561,0.0636756,0.238935,0.0598342,,128,12,166,13252,0.0,1.10884,0.0609334,0.402757,0.0988785,,99,27,36,995,0.0,0.283945,0.0123359,0.0348772,0.00929177,,117,17,198,9386,0.0,1.49818,0.0707009,0.280465,0.0732255,,96,23,126,5041,0.0,0.957964,0.0426314,0.150234,0.0390228,,,,,,
108,26,32,839,0.0,0.257319,0.0120925,0.0277451,0.00646445,,137,16,148,11129,0.0,1.15251,0.0545308,0.355486,0.083958,,127,22,70,1135,0.0,0.499958,0.0256135,0.036271,0.0095042,,142,19,116,6388,0.0,0.931073,0.0418736,0.210302,0.0474435,,103,21,126,3320,0.0,1.01477,0.0435041,0.101433,0.0269475,,130,25,58,1381,0.0,0.405297,0.0211581,0.0407116,0.0108373,,122,25,58,1483,0.0,0.432353,0.021041,0.0460829,0.0115364,,121,21,144,6444,0.0,1.16135,0.0524583,0.195238,0.050379,,116,18,216,6789,0.0,1.73601,0.073895,0.197311,0.0538226,,136,20,188,7047,0.0,1.52764,0.0639648,0.208743,0.0572932,,118,28,48,689,0.0,0.344588,0.0165451,0.0258918,0.00594718,,114,21,164,4436,0.0,1.32135,0.0550791,0.129685,0.0348198,,111,29,4,49,0.0,0.0302376,0.00223459,0.00485788,0.000482183,,101,13,74,13475,0.0,0.448392,0.0273599,0.481366,0.0935497,,109,27,38,843,0.0,0.285175,0.0140368,0.02749,0.00702347,,125,21,130,3263,0.0,1.00486,0.0468818,0.0961156,0.0265178,,143,22,108,2046,0.0,0.736985,0.0388723,0.0596999,0.0167165,,141,22,114,2012,0.0,0.774786,0.0386815,0.056213,0.0167113,,138,19,214,7066,0.0,1.72307,0.0756928,0.209962,0.0555505,,153,0,0,0,29.4416,0.0,0.0,0.0,0.0,,100,29,8,166,0.0,0.0547548,0.00284434,0.00805444,0.00132433,,97,27,56,954,0.0,0.440998,0.019211,0.033287,0.00820626,,102,28,56,1092,0.0,0.421727,0.0195334,0.0357508,0.00900725,,123,23,110,2072,0.0,0.834931,0.0393279,0.0629172,0.0184376,,133,19,166,4233,0.0,1.32703,0.0578908,0.127586,0.0334646,,120,24,114,3015,0.0,0.879484,0.0408794,0.0900394,0.0233073,,129,18,168,8881,0.0,1.31355,0.0598616,0.262214,0.0716864,,107,15,250,11715,0.0,1.82299,0.0875519,0.349467,0.0898852,,126,22,144,3007,0.0,1.11002,0.0520775,0.0897513,0.02435,,135,24,58,1434,0.0,0.40807,0.0193687,0.0422359,0.0115502,,106,25,24,491,0.0,0.190731,0.00820373,0.0179471,0.0040615,,139,20,202,5739,0.0,1.59604,0.0699258,0.171052,0.04543,,113,25,58,1429,0.0,0.443836,0.0207375,0.0436022,0.0112675,,134,17,228,6814,0.0,1.83595,0.0789951,0.198189,0.0557148,,140,20,166,6949,0.0,1.33623,0.0583432,0.207246,0.0554204,,124,20,162,3656,0.0,1.28421,0.0570959,0.113037,0.0312352,,98,25,44,1009,0.0,0.350214,0.0157926,0.0329251,0.00779191,,132,15,160,11650,0.0,1.19463,0.0584385,0.358683,0.0879627,,115,21,180,5592,0.0,1.43808,0.0641713,0.166148,0.0469294,,110,25,60,1434,0.0,0.467281,0.0210439,0.0446225,0.0114833,,112,15,226,10045,0.0,1.70022,0.084348,0.299463,0.0791655,,119,27,58,1585,0.0,0.432233,0.0221494,0.0501151,0.0123095,,173,0,0,0,29.2767,0.0,0.0,0.0,0.0,,105,20,166,6643,0.0,1.34864,0.0615278,0.204887,0.0515542,,128,13,212,12548,0.0,1.48498,0.0769215,0.375036,0.0948789,,99,28,28,774,0.0,0.211898,0.0100719,0.0254621,0.00590375,,117,18,214,7842,0.0,1.69588,0.0772396,0.231956,0.0621641,,96,24,92,4346,0.0,0.704875,0.031988,0.130929,0.0324496,,,,,,
108,27,36,641,0.0,0.287117,0.0117621,0.0217822,0.00539954,,137,17,152,10311,0.0,1.21844,0.051895,0.318517,0.0774146,,127,23,38,570,0.0,0.279144,0.014027,0.0196663,0.00493997,,142,20,104,5807,0.0,0.836044,0.0375559,0.191342,0.0418343,,103,22,116,2737,0.0,0.935198,0.0408826,0.0871543,0.0219679,,130,26,48,946,0.0,0.324334,0.0167922,0.0283809,0.00770978,,122,26,46,1042,0.0,0.339319,0.016801,0.0322305,0.00817937,,121,22,144,5632,0.0,1.14771,0.0513365,0.17193,0.0444618,,116,19,194,5430,0.0,1.56829,0.0679594,0.160409,0.0432032,,136,21,202,6013,0.0,1.59478,0.0703163,0.180392,0.0480147,,118,29,22,369,0.0,0.152531,0.00815425,0.0138333,0.00317868,,114,22,140,3340,0.0,1.10603,0.050858,0.0984713,0.026672,,111,30,6,34,0.0,0.0406714,0.00276565,0.00357274,0.000386167,,101,14,90,13147,0.0,0.575394,0.0312255,0.459348,0.105711,,109,28,40,614,0.0,0.301135,0.0155638,0.0210799,0.00524475,,125,22,108,2486,0.0,0.831104,0.0404588,0.0749667,0.0197056,,143,23,72,1357,0.0,0.460705,0.0246644,0.0393465,0.0110038,,141,23,66,1361,0.0,0.416115,0.0566264,0.0465424,0.0108078,,138,20,204,5793,0.0,1.63793,0.0721299,0.17551,0.0455358,,153,1,1,15000,0.0,0.748956,0.000900157,0.654155,0.0863109,,100,30,4,99,0.0,0.0258521,0.00218966,0.00702282,0.000816932,,97,28,54,687,0.0,0.440892,0.0185804,0.02374,0.00632467,,102,29,62,767,0.0,0.463436,0.0224669,0.0262186,0.00695666,,123,24,68,1475,0.0,0.489499,0.0241999,0.0472833,0.0125674,,133,20,136,3233,0.0,1.035,0.0489638,0.0981347,0.0253831,,120,25,96,2287,0.0,0.709105,0.0353837,0.0688226,0.0181294,,129,19,180,7848,0.0,1.45197,0.0626084,0.236902,0.0626642,,107,16,246,10393,0.0,1.86636,0.0879311,0.309115,0.0810526,,126,23,120,1995,0.0,0.879855,0.0442286,0.0624421,0.0168917,,135,25,44,1148,0.0,0.289106,0.0160716,0.0344911,0.00915329,,106,26,20,325,0.0,0.150903,0.0068266,0.0148038,0.00286591,,139,21,172,4462,0.0,1.33547,0.0615081,0.133249,0.0348351,,113,26,66,1208,0.0,0.496523,0.0233501,0.0375334,0.0096386,,134,18,206,5279,0.0,1.66571,0.073857,0.152808,0.0423927,,140,21,156,6053,0.0,1.23869,0.058215,0.187948,0.0476969,,124,21,146,2833,0.0,1.12706,0.0522769,0.0862781,0.0244775,,98,26,36,575,0.0,0.281835,0.0123576,0.0222575,0.00495088,,132,16,178,10831,0.0,1.34134,0.0624426,0.32794,0.0825326,,115,22,154,4472,0.0,1.22095,0.0556122,0.135214,0.0349404,,110,26,46,1027,0.0,0.351107,0.0165991,0.0331331,0.00837768,,112,16,228,8722,0.0,1.76336,0.0837641,0.258751,0.0689315,,119,28,56,1220,0.0,0.415009,0.0201389,0.0405129,0.00999414,,173,1,1,15000,0.0,0.550467,0.000689117,0.462959,0.0819527,,105,21,146,5793,0.0,1.171,0.0494918,0.175294,0.044785,,128,14,248,11315,0.0,1.83418,0.0904038,0.342581,0.0893513,,99,29,26,669,0.0,0.195138,0.00961157,0.0220582,0.0052979,,117,19,214,6615,0.0,1.70982,0.074905,0.192887,0.0541922,,96,25,96,3598,0.0,0.739666,0.0340287,0.105361,0.0272116,,,,,,
108,28,26,467,0.0,0.201238,0.00924312,0.0168964,0.0038308,,137,18,160,9544,0.0,1.28478,0.055779,0.294584,0.0746086,,127,24,26,368,0.0,0.185866,0.00933811,0.0143157,0.0032729,,142,21,106,5230,0.0,0.81932,0.0381398,0.165111,0.0386223,,103,23,82,2025,0.0,0.654338,0.0290716,0.0655319,0.016726,,130,27,32,640,0.0,0.218048,0.0109176,0.0208227,0.00529741,,122,27,34,809,0.0,0.247831,0.013551,0.0255689,0.00638456,,121,23,132,4798,0.0,1.04597,0.0464798,0.148436,0.0415946,,116,20,156,4206,0.0,1.27342,0.0550484,0.127254,0.033699,,136,22,156,4689,0.0,1.21001,0.0569131,0.141201,0.0387189,,118,30,14,240,0.0,0.104806,0.00453189,0.0122022,0.00207554,,114,23,130,2550,0.0,1.00567,0.0473918,0.0755593,0.021157,,157,0,0,0,30.7571,0.0,0.0,0.0,0.0,,101,15,104,12779,0.0,0.690032,0.0372422,0.395056,0.0972619,,109,29,24,278,0.0,0.17564,0.00855941,0.0107143,0.0025613,,125,23,88,1736,0.0,0.663045,0.0318366,0.0524971,0.0143167,,143,24,44,925,0.0,0.266728,0.0150868,0.0267465,0.0072837,,141,24,46,896,0.0,0.280372,0.0161422,0.0252191,0.00743279,,138,21,164,4540,0.0,1.25897,0.0587618,0.133758,0.0357166,,153,2,2,15000,0.0,0.0947631,0.000724254,0.55791,0.0810826,,100,31,4,93,0.0,0.0291689,0.00213257,0.00649269,0.000789175,,97,29,32,306,0.0,0.2494,0.011817,0.0145748,0.00316408,,102,30,28,374,0.0,0.194957,0.00982703,0.0138532,0.00336109,,123,25,60,1212,0.0,0.43547,0.0206118,0.0384198,0.0102493,,133,21,104,2361,0.0,0.798718,0.0382509,0.0712396,0.0186472,,120,26,78,1727,0.0,0.566492,0.028202,0.0523723,0.0136463,,129,20,172,6758,0.0,1.40327,0.0594261,0.197667,0.0527383,,107,17,222,8835,0.0,1.75112,0.0767798,0.258458,0.0708369,,126,24,90,1290,0.0,0.626255,0.0317527,0.0405669,0.0112344,,135,26,54,990,0.0,0.368998,0.018205,0.0307105,0.00813631,,106,27,16,143,0.0,0.123613,0.00510833,0.0114306,0.00151601,,139,22,156,3348,0.0,1.15578,0.0565483,0.0990191,0.0267598,,113,27,40,675,0.0,0.284968,0.0149508,0.0221274,0.00555438,,134,19,156,3922,0.0,1.24404,0.0540119,0.116701,0.0316044,,140,22,124,5143,0.0,1.02375,0.044764,0.151907,0.0411573,,124,22,100,1953,0.0,0.763552,0.0363132,0.0590684,0.0158555,,98,27,28,323,0.0,0.222686,0.0104531,0.0118297,0.00307873,,132,17,196,9872,0.0,1.54528,0.0692068,0.293019,0.076178,,115,23,128,3576,0.0,0.993037,0.0468454,0.106887,0.0282899,,110,27,38,795,0.0,0.279381,0.0141177,0.026428,0.00635853,,112,17,206,7647,0.0,1.61516,0.075888,0.225918,0.0572787,,119,29,54,979,0.0,0.381379,0.0189047,0.0335346,0.00797759,,173,2,2,15000,0.0,0.0903975,0.00112122,0.455944,0.0796883,,105,22,138,4730,0.0,1.11582,0.0489649,0.144708,0.0368488,,128,15,228,9784,0.0,1.72748,0.0791481,0.296407,0.077204,,99,30,14,403,0.0,0.106062,0.00483623,0.0158446,0.0031283,,117,20,196,5521,0.0,1.58532,0.070509,0.162984,0.0428038,,96,26,94,2969,0.0,0.730303,0.0344826,0.088477,0.0229634,,,,,,
108,29,16,275,0.0,0.125902,0.00542826,0.0115623,0.00227092,,137,19,180,8817,0.0,1.43133,0.0662094,0.275438,0.0654907,,127,25,16,181,0.0,0.110594,0.00522956,0.0111909,0.00171343,,142,22,110,4644,0.0,0.84595,0.0392133,0.151708,0.0338396,,103,24,58,1413,0.0,0.445966,0.0210028,0.0450442,0.0117783,,130,28,30,462,0.0,0.187263,0.00966473,0.0164529,0.00389226,,122,28,32,656,0.0,0.228488,0.010678,0.0221313,0.00520114,,121,24,112,4171,0.0,0.866354,0.0414761,0.12605,0.0342412,,116,21,146,3421,0.0,1.15487,0.0518514,0.102649,0.0270959,,136,23,146,3932,0.0,1.07555,0.0528889,0.119543,0.0313871,,118,31,10,163,0.0,0.06425,0.00324827,0.00772414,0.00146059,,114,24,108,1788,0.0,0.824842,0.0389086,0.0531497,0.0149423,,157,1,1,15000,0.0,0.672181,0.000761183,0.581856,0.083917,,101,16,134,12326,0.0,0.927868,0.0469543,0.374699,0.0966494,,109,30,18,165,0.0,0.124541,0.00616443,0.00992033,0.00160139,,125,24,54,1174,0.0,0.388938,0.0194221,0.0369074,0.00949694,,143,25,30,673,0.0,0.174084,0.0102413,0.0219253,0.00531773,,141,25,38,611,0.0,0.227554,0.0129375,0.0179938,0.00514313,,138,22,138,3494,0.0,1.05185,0.049691,0.101568,0.0281989,,153,3,4,15000,0.0,0.108356,0.0014041,0.476603,0.0825914,,100,32,4,84,0.0,0.0298257,0.00215209,0.00658371,0.000646477,,97,30,10,103,0.0,0.0739891,0.00320911,0.00649931,0.00100982,,102,31,22,205,0.0,0.154371,0.00806595,0.00917228,0.0019873,,123,26,40,839,0.0,0.274773,0.0138241,0.0255179,0.00714169,,133,22,94,1787,0.0,0.692204,0.0354304,0.0557648,0.0149051,,120,27,70,1257,0.0,0.471012,0.0240852,0.0364126,0.0104316,,129,21,174,5791,0.0,1.41366,0.0596109,0.167621,0.0445693,,107,18,206,7564,0.0,1.63403,0.0722166,0.228187,0.0640761,,126,25,60,678,0.0,0.410101,0.0211831,0.0223097,0.00626383,,135,27,46,660,0.0,0.29165,0.0151571,0.0215995,0.00583214,,106,28,6,54,0.0,0.0461858,0.00227125,0.00508579,0.000529354,,139,23,124,2499,0.0,0.856575,0.0424618,0.0783418,0.020454,,113,28,26,465,0.0,0.186775,0.00942717,0.0184294,0.00398622,,134,20,130,2946,0.0,0.990007,0.0481556,0.087887,0.0236583,,140,23,114,4517,0.0,0.879722,0.0407039,0.135164,0.0341751,,124,23,60,1221,0.0,0.439631,0.0224148,0.0380202,0.0101771,,98,28,12,159,0.0,0.0905802,0.0038029,0.00747754,0.00145468,,132,18,212,8875,0.0,1.69551,0.0737254,0.262809,0.0697954,,115,24,110,2785,0.0,0.854228,0.0384699,0.0819588,0.0218594,,110,28,32,511,0.0,0.23816,0.011498,0.0197424,0.00442171,,112,18,190,6255,0.0,1.52404,0.0694174,0.192707,0.0488416,,119,30,36,598,0.0,0.25314,0.0120564,0.0222598,0.00513442,,173,3,2,14985,0.0,0.0882968,0.00102,0.448881,0.0788141,,105,23,112,3840,0.0,0.90573,0.0409239,0.118277,0.0311594,,128,16,220,8517,0.0,1.77319,0.0801747,0.256173,0.0688302,,99,31,16,355,0.0,0.132829,0.00555896,0.0160327,0.00290881,,117,21,154,4010,0.0,1.2323,0.0543416,0.117433,0.0314601,,96,27,90,2248,0.0,0.686889,0.0316688,0.0677278,0.0173172,,,,,,
108,30,10,79,0.0,0.0791877,0.00345427,0.00594943,0.000869564,,137,20,200,7618,0.0,1.62236,0.0716294,0.229447,0.0577468,,127,26,8,108,0.0,0.0496872,0.00259846,0.00597693,0.000924443,,142,23,106,3915,0.0,0.797391,0.0382986,0.124477,0.0319001,,103,25,32,1127,0.0,0.246094,0.011614,0.0369455,0.00897764,,130,29,16,294,0.0,0.107337,0.00531548,0.00955571,0.00243832,,122,29,26,366,0.0,0.187108,0.00927064,0.0137396,0.00311816,,121,25,100,3399,0.0,0.762134,0.0351772,0.103871,0.0273284,,116,22,122,2424,0.0,0.94909,0.0432429,0.0732223,0.0196157,,136,24,104,2841,0.0,0.733092,0.0371079,0.0806913,0.0231152,,118,32,8,137,0.0,0.0503695,0.00314837,0.00686914,0.0010751,,114,25,70,1075,0.0,0.517023,0.0259837,0.033841,0.00906026,,157,2,2,15000,0.0,0.0942793,0.000751737,0.510375,0.0820653,,101,17,164,11695,0.0,1.19299,0.0572575,0.354899,0.0886434,,109,31,4,24,0.0,0.0299709,0.0013808,0.00310067,0.000296096,,125,25,40,856,0.0,0.285824,0.0142149,0.0263569,0.00695889,,143,26,26,551,0.0,0.159741,0.00910532,0.0177242,0.00430558,,141,26,24,390,0.0,0.138892,0.00800075,0.0128506,0.00331948,,138,23,132,2841,0.0,0.951814,0.0476086,0.0840595,0.0233584,,153,4,8,15000,0.0,0.126555,0.00292053,0.451865,0.0868278,,100,33,4,65,0.0,0.0319924,0.002466,0.00629646,0.000573866,,97,31,4,31,0.0,0.0332637,0.0019176,0.00424642,0.000324395,,102,32,4,64,0.0,0.0299084,0.0013567,0.00573365,0.000552944,,123,27,34,559,0.0,0.22626,0.0120355,0.0184615,0.00505025,,133,23,82,1190,0.0,0.591355,0.0298848,0.0382143,0.0104686,,120,28,58,821,0.0,0.388807,0.0205518,0.0246473,0.00706341,,129,22,174,4868,0.0,1.38299,0.0608196,0.14275,0.0378327,,107,19,214,6501,0.0,1.71481,0.0772095,0.199113,0.0515165,,126,26,36,303,0.0,0.221888,0.0129588,0.0115534,0.00297787,,135,28,34,391,0.0,0.204706,0.011503,0.015274,0.00355857,,106,29,2,4,0.0,0.0113898,0.00153667,0.00465855,9.1619e-05,,139,24,96,1680,0.0,0.621606,0.0344677,0.0462446,0.0138626,,113,29,24,315,0.0,0.176332,0.00848287,0.0124063,0.00266988,,134,21,100,2237,0.0,0.779271,0.0358905,0.0673985,0.0180282,,140,24,116,3816,0.0,0.853409,0.0424688,0.114327,0.0307089,,124,24,50,920,0.0,0.36413,0.0190391,0.0297206,0.00764185,,98,29,10,70,0.0,0.0800928,0.00387576,0.00575567,0.000814149,,132,19,234,7718,0.0,1.88459,0.082424,0.226267,0.0603957,,115,25,94,2175,0.0,0.704532,0.0338119,0.0656052,0.0175318,,110,29,24,297,0.0,0.175572,0.00890139,0.0114043,0.00281566,,112,19,186,5045,0.0,1.50067,0.0666111,0.15132,0.0402866,,119,31,22,403,0.0,0.153774,0.00789251,0.0155566,0.00329061,,173,4,4,14985,0.0,0.102375,0.00154887,0.434655,0.0817057,,105,24,96,3251,0.0,0.753511,0.0349065,0.10442,0.0272629,,128,17,208,7254,0.0,1.67381,0.0716075,0.215406,0.0575288,,99,32,20,287,0.0,0.147385,0.00640735,0.013109,0.0024539,,117,22,122,3002,0.0,0.975292,0.0445108,0.0910325,0.0236778,,96,28,70,1455,0.0,0.561386,0.0247894,0.0449571,0.0117574,,,,,,
108,31,4,33,0.0,0.0333208,0.00206208,0.00454128,0.000340366,,137,21,202,6686,0.0,1.61794,0.0723414,0.203215,0.0508232,,127,27,6,82,0.0,0.0435779,0.00258477,0.00594628,0.00070361,,142,24,90,3250,0.0,0.647091,0.0314674,0.103176,0.0251078,,103,26,24,924,0.0,0.185917,0.00875645,0.0306003,0.00743751,,130,30,14,205,0.0,0.0826956,0.00471301,0.00926002,0.00184426,,122,30,16,190,0.0,0.106801,0.00519885,0.0109451,0.00176792,,121,26,92,2847,0.0,0.670141,0.0324211,0.089092,0.0242769,,116,23,92,1603,0.0,0.710018,0.0313439,0.0511283,0.013734,,136,25,82,2329,0.0,0.550087,0.0300534,0.0642309,0.0181811,,118,33,4,49,0.0,0.0293197,0.00200717,0.00489651,0.000452575,,114,26,36,529,0.0,0.252273,0.0129475,0.0191782,0.00466219,,157,3,4,15000,0.0,0.102719,0.00136789,0.470705,0.0797774,,101,18,200,10935,0.0,1.4781,0.0718136,0.333066,0.0823467,,155,0,0,0,29.0843,0.0,0.0,0.0,0.0,,125,26,42,583,0.0,0.29583,0.0150745,0.0190894,0.00529789,,143,27,24,334,0.0,0.133699,0.00814788,0.0114499,0.00299882,,141,27,16,170,0.0,0.087668,0.00581213,0.00644593,0.00165779,,138,24,116,2028,0.0,0.791528,0.0400586,0.0584842,0.0172434,,153,5,16,15000,0.0,0.170441,0.00586831,0.435091,0.0901228,,100,34,2,18,0.0,0.010232,0.00136639,0.00443748,0.000189338,,145,0,0,0,28.8576,0.0,0.0,0.0,0.0,,102,33,4,26,0.0,0.0273304,0.00208121,0.00413698,0.000300683,,123,28,26,314,0.0,0.181351,0.00920146,0.0115253,0.00312052,,133,24,50,689,0.0,0.339522,0.0170805,0.0223773,0.0060283,,120,29,30,416,0.0,0.189529,0.0105252,0.0150176,0.00383344,,129,23,174,3781,0.0,1.34018,0.062365,0.110302,0.0301829,,107,20,194,5283,0.0,1.5646,0.0683168,0.157744,0.0429092,,126,27,4,54,0.0,0.0275032,0.00131693,0.00363698,0.000470808,,135,29,16,167,0.0,0.0967996,0.00552236,0.00695493,0.00155667,,146,0,0,0,28.9949,0.0,0.0,0.0,0.0,,139,25,74,1179,0.0,0.444033,0.0265953,0.0327257,0.00979726,,113,30,12,132,0.0,0.0811723,0.00380772,0.00702251,0.00123983,,134,22,76,1539,0.0,0.573323,0.0279433,0.0469224,0.0123946,,140,25,122,3228,0.0,0.847068,0.0435708,0.0914137,0.0272798,,124,25,30,600,0.0,0.211269,0.0100291,0.0211211,0.0050278,,98,30,2,22,0.0,0.0144403,0.00111141,0.00448226,0.000214846,,132,20,214,6193,0.0,1.73892,0.0754356,0.183042,0.0532413,,115,26,78,1595,0.0,0.56633,0.0287807,0.0483985,0.0126786,,110,30,16,190,0.0,0.109455,0.0051657,0.0108523,0.00175847,,112,20,148,4062,0.0,1.19829,0.0545872,0.12678,0.0323592,,119,32,16,232,0.0,0.107831,0.00497781,0.0116315,0.00204069,,173,5,6,14971,0.0,0.113543,0.00207089,0.418447,0.0842765,,105,25,82,2594,0.0,0.64992,0.0309239,0.082225,0.0207197,,128,18,196,6030,0.0,1.5812,0.0680704,0.179595,0.0476572,,99,33,10,118,0.0,0.0691235,0.00331727,0.00665083,0.00118909,,117,23,102,2150,0.0,0.812041,0.0379436,0.0652918,0.0176642,,96,29,54,1062,0.0,0.414857,0.0190345,0.0341203,0.00859339,,,,,,
108,32,2,8,0.0,0.011425,0.00152707,0.0044731,0.000124118,,137,22,172,5435,0.0,1.31994,0.0612637,0.162448,0.0428566,,127,28,4,44,0.0,0.0272855,0.00192928,0.00363459,0.000397356,,142,25,74,2766,0.0,0.501266,0.0267063,0.0818528,0.0216646,,103,27,22,764,0.0,0.162107,0.007953,0.0260987,0.00626184,,130,31,10,133,0.0,0.0629749,0.00359642,0.00670464,0.00123982,,122,31,12,119,0.0,0.0841431,0.00407829,0.00702039,0.00118509,,121,27,64,2188,0.0,0.463241,0.0223955,0.0633765,0.017126,,116,24,70,1121,0.0,0.530944,0.024917,0.0359817,0.00966273,,136,26,74,1862,0.0,0.460225,0.0266489,0.0538603,0.0146891,,118,34,4,39,0.0,0.0287958,0.00213052,0.0046966,0.00033915,,114,27,26,332,0.0,0.187092,0.00900884,0.0121295,0.00294266,,157,4,4,14977,0.0,0.103618,0.0013877,0.464124,0.0825191,,101,19,222,9912,0.0,1.68721,0.0777469,0.295702,0.0754672,,155,1,1,15000,0.0,0.682206,0.000812623,0.591524,0.0837883,,125,27,22,269,0.0,0.145093,0.00817785,0.0112829,0.00260889,,143,28,18,184,0.0,0.0998363,0.00631995,0.00670778,0.00172655,,141,28,8,66,0.0,0.0395097,0.00285835,0.00425074,0.000602962,,138,25,66,1225,0.0,0.416572,0.0224523,0.0345466,0.0103422,,153,6,30,14960,0.0,0.24087,0.010612,0.419462,0.0919522,,100,35,2,7,0.0,0.0117778,0.000639559,0.00344479,0.000105048,,145,1,1,15000,0.0,0.843152,0.000977533,0.750223,0.0859021,,159,0,0,0,29.0303,0.0,0.0,0.0,0.0,,123,29,16,156,0.0,0.104393,0.00534669,0.00952865,0.00159315,,133,25,32,389,0.0,0.216124,0.0114066,0.0139739,0.0036762,,120,30,26,260,0.0,0.162789,0.00929315,0.00947102,0.00261444,,129,24,124,2575,0.0,0.935321,0.0446103,0.0773317,0.0208364,,107,21,160,4182,0.0,1.27683,0.0585932,0.128435,0.0340838,,126,28,2,32,0.0,0.0116878,0.0011165,0.00399794,0.000285808,,135,30,4,58,0.0,0.022629,0.00158804,0.00336887,0.000535165,,146,1,1,15000,0.0,0.821791,0.00091059,0.726937,0.0855726,,139,26,46,662,0.0,0.268885,0.015437,0.020611,0.00588625,,113,31,6,60,0.0,0.0436158,0.00248275,0.00444459,0.000575074,,134,23,50,957,0.0,0.360638,0.0181401,0.0313527,0.00807426,,140,26,108,2462,0.0,0.708571,0.0378615,0.0643896,0.0191258,,124,26,22,453,0.0,0.152728,0.00793084,0.0164085,0.00367792,,98,31,2,4,0.0,0.0100025,0.000639646,0.00618921,8.5318e-05,,132,21,190,4966,0.0,1.49119,0.0692906,0.147645,0.0407687,,115,27,68,1120,0.0,0.479844,0.0231779,0.0354281,0.00943457,,110,31,6,69,0.0,0.039642,0.00229857,0.00567124,0.000680292,,112,21,136,3056,0.0,1.07482,0.0488622,0.0940942,0.0271694,,119,33,8,163,0.0,0.0483244,0.0027464,0.00802394,0.00130404,,173,6,12,14971,0.0,0.148922,0.00433552,0.433744,0.0931105,,105,26,62,2081,0.0,0.477135,0.0225566,0.0656721,0.0171647,,128,19,184,5019,0.0,1.49161,0.0658254,0.151444,0.0397183,,99,34,4,80,0.0,0.0318055,0.00215738,0.00682389,0.000667285,,117,24,90,1678,0.0,0.697361,0.0323198,0.0518327,0.0138487,,96,30,46,810,0.0,0.359866,0.0159918,0.0265008,0.00669163,,,,,,
147,0,0,0,29.05,0.0,0.0,0.0,0.0,,137,23,148,4297,0.0,1.11879,0.0530002,0.128624,0.0337173,,127,29,2,5,0.0,0.0114259,0.00138111,0.00419953,0.00011225,,142,26,76,2432,0.0,0.5001,0.0270286,0.0669743,0.0209746,,103,28,18,645,0.0,0.129677,0.0068781,0.0213347,0.00501133,,130,32,6,57,0.0,0.0353782,0.00233174,0.00368086,0.000603319,,122,32,6,41,0.0,0.0386074,0.00226194,0.00413131,0.000447639,,121,28,54,1894,0.0,0.361995,0.0178982,0.0546703,0.0149224,,116,25,48,654,0.0,0.361384,0.0176476,0.024032,0.00577013,,136,27,72,1521,0.0,0.424586,0.024859,0.0399314,0.0122984,,162,0,0,0,29.3593,0.0,0.0,0.0,0.0,,114,28,14,129,0.0,0.0992431,0.00457681,0.00973304,0.00130845,,157,5,8,14977,0.0,0.122489,0.00271753,0.441953,0.084252,,101,20,244,8774,0.0,1.91688,0.0851611,0.263245,0.0674425,,155,2,2,15000,0.0,0.0955436,0.00072787,0.520239,0.0802515,,125,28,14,154,0.0,0.091457,0.00468447,0.00860494,0.00137092,,143,29,6,40,0.0,0.0304351,0.00204308,0.0037887,0.000445071,,141,29,2,7,0.0,0.00903025,0.000798654,0.00256772,0.000108295,,138,26,44,822,0.0,0.264028,0.0150696,0.0253449,0.00675536,,153,7,42,14851,0.0,0.294237,0.0146246,0.436068,0.0906156,,149,0,0,0,29.1817,0.0,0.0,0.0,0.0,,145,2,2,15000,0.0,0.0993752,0.000720962,0.731667,0.0849231,,159,1,1,15000,0.0,0.63653,0.000735203,0.544766,0.0846711,,123,30,6,35,0.0,0.0383778,0.00232666,0.0031572,0.000503435,,133,26,24,255,0.0,0.168832,0.0085089,0.00956111,0.00233349,,120,31,12,42,0.0,0.0711694,0.00403858,0.00577841,0.000653968,,129,25,90,1874,0.0,0.641577,0.0325421,0.0568793,0.0152627,,107,22,110,3171,0.0,0.864658,0.0407248,0.0970593,0.0250549,,126,29,2,19,0.0,0.0099893,0.000621843,0.00400266,0.000211942,,135,31,2,6,0.0,0.00925018,0.000958496,0.00278035,0.000115071,,146,2,2,15000,0.0,0.0950555,0.00118272,0.722531,0.0827636,,139,27,38,413,0.0,0.20632,0.0132178,0.0136937,0.00390206,,113,32,2,44,0.0,0.0160634,0.00143551,0.00457774,0.000290562,,134,24,44,717,0.0,0.317591,0.0155191,0.022766,0.00590089,,140,27,80,1898,0.0,0.479048,0.0281745,0.0508696,0.0146812,,124,27,14,354,0.0,0.0977736,0.00471066,0.0142399,0.00281187,,148,0,0,0,29.9304,0.0,0.0,0.0,0.0,,132,22,160,3759,0.0,1.22692,0.0582447,0.112104,0.0308414,,115,28,44,697,0.0,0.292245,0.0157327,0.0236264,0.005951,,110,32,8,53,0.0,0.0569804,0.00344304,0.00488745,0.000519691,,112,22,86,2269,0.0,0.663932,0.0317415,0.0708814,0.0190946,,119,34,6,107,0.0,0.0377602,0.00212535,0.00587066,0.000955503,,173,7,24,14971,0.0,0.215464,0.00844161,0.435209,0.101054,,105,27,60,1772,0.0,0.447707,0.0212468,0.0572644,0.0139647,,128,20,150,3917,0.0,1.19253,0.05574,0.119911,0.0309986,,99,35,4,70,0.0,0.0299932,0.00221044,0.00538043,0.000589301,,117,25,70,1106,0.0,0.533778,0.0265061,0.0340463,0.00940954,,96,31,30,422,0.0,0.256432,0.0105714,0.0164987,0.00371735,,,,,,
147,1,1,15000,0.0,0.837218,0.000886184,0.743043,0.0870537,,137,24,130,3310,0.0,0.926085,0.0483149,0.0988461,0.0275303,,166,0,0,0,28.9123,0.0,0.0,0.0,0.0,,142,27,58,1867,0.0,0.348734,0.0203872,0.054091,0.0155782,,103,29,18,559,0.0,0.142782,0.00606413,0.0209812,0.00421406,,130,33,4,28,0.0,0.0235177,0.00176231,0.00265457,0.000305768,,122,33,2,7,0.0,0.0100253,0.00128959,0.00392804,0.000101575,,121,29,40,1574,0.0,0.276027,0.0146603,0.0455344,0.0114451,,116,26,22,336,0.0,0.154533,0.00818407,0.0129075,0.00283829,,136,28,46,1034,0.0,0.257521,0.0157454,0.029639,0.0085458,,162,1,1,15000,0.0,0.64794,0.000771681,0.555695,0.0849422,,114,29,6,66,0.0,0.041944,0.00233827,0.00577639,0.000584072,,157,6,16,14977,0.0,0.165379,0.0056672,0.423053,0.0835141,,101,21,240,7375,0.0,1.92192,0.0848326,0.217395,0.0584684,,155,3,4,15000,0.0,0.10991,0.00157308,0.462593,0.0841105,,125,29,4,9,0.0,0.0273432,0.00153754,0.00285526,0.000228472,,143,30,2,8,0.0,0.0110138,0.000902217,0.00256012,0.000103752,,184,0,0,0,32.165,0.0,0.0,0.0,0.0,,138,27,24,555,0.0,0.134331,0.00833886,0.0163106,0.00449354,,153,8,64,14653,0.0,0.394622,0.0220752,0.418546,0.0959067,,149,1,1,15000,0.0,0.794426,0.000890391,0.699676,0.0864103,,145,3,4,15000,0.0,0.11425,0.0024447,0.74423,0.0849015,,159,2,2,15000,0.0,0.0933555,0.000792195,0.51682,0.0798963,,123,31,2,9,0.0,0.0111846,0.00103449,0.00283379,0.000124086,,133,27,8,51,0.0,0.0510015,0.00263026,0.00488963,0.000578868,,179,0,0,0,30.1005,0.0,0.0,0.0,0.0,,129,26,70,1315,0.0,0.484248,0.0244324,0.041066,0.0109327,,107,23,98,2476,0.0,0.755346,0.0352576,0.0744385,0.0192858,,126,30,2,14,0.0,0.0112206,0.000692449,0.00394247,0.000156939,,181,0,0,0,29.3074,0.0,0.0,0.0,0.0,,146,3,4,15000,0.0,0.111676,0.00138008,0.688312,0.0864781,,139,28,20,179,0.0,0.108567,0.007104,0.00808283,0.00183145,,161,0,0,0,27.7537,0.0,0.0,0.0,0.0,,134,25,30,352,0.0,0.214235,0.0105819,0.0147241,0.00340605,,140,28,56,1317,0.0,0.320553,0.0190505,0.036318,0.010397,,124,28,18,225,0.0,0.11919,0.0066686,0.00881706,0.00215787,,148,1,1,15000,0.0,0.815146,0.000931542,0.720523,0.086401,,132,23,118,2791,0.0,0.870838,0.0433195,0.0849256,0.0225941,,115,29,34,401,0.0,0.236961,0.0116193,0.0155957,0.0036947,,158,0,0,0,30.7036,0.0,0.0,0.0,0.0,,112,23,64,1707,0.0,0.497592,0.022337,0.0539685,0.0137818,,119,35,10,90,0.0,0.0669804,0.00396378,0.00577763,0.000877229,,173,8,42,14940,0.0,0.314826,0.0143186,0.446215,0.12012,,105,28,48,1381,0.0,0.377587,0.0173833,0.0440704,0.0112323,,128,21,126,2970,0.0,0.961194,0.0456456,0.0886977,0.0239237,,99,36,4,19,0.0,0.0216793,0.00202586,0.0039142,0.000283773,,117,26,50,592,0.0,0.384755,0.0177312,0.0222815,0.00543001,,96,32,26,220,0.0,0.212039,0.0090351,0.0107941,0.00227624,,,,,,
147,2,2,15000,0.0,0.0947996,0.00149589,0.704718,0.0836332,,137,25,110,2570,0.0,0.726711,0.0396509,0.0712171,0.0203385,,166,1,1,15000,0.0,0.579276,0.000707948,0.488016,0.0840706,,142,28,40,1543,0.0,0.238382,0.0137517,0.0408847,0.0123818,,103,30,20,484,0.0,0.147832,0.00734245,0.0177776,0.00380846,,180,0,0,0,31.3296,0.0,0.0,0.0,0.0,,167,0,0,0,30.6374,0.0,0.0,0.0,0.0,,121,30,44,1293,0.0,0.280549,0.0153305,0.0369724,0.00993881,,116,27,14,227,0.0,0.0985042,0.00485799,0.0115168,0.00195524,,136,29,30,803,0.0,0.162548,0.0102407,0.0226158,0.00643129,,162,2,2,15000,0.0,0.0921781,0.000788684,0.458427,0.0791343,,114,30,2,27,0.0,0.0154873,0.00141759,0.00434081,0.000259617,,157,7,22,14892,0.0,0.190213,0.00770401,0.421334,0.0849199,,101,22,214,5896,0.0,1.73159,0.0748609,0.17609,0.0466275,,155,4,8,15000,0.0,0.125642,0.00270676,0.444265,0.0855829,,170,0,0,0,28.9371,0.0,0.0,0.0,0.0,,183,0,0,0,30.4983,0.0,0.0,0.0,0.0,,184,1,1,15000,0.0,0.529304,0.000665459,0.439182,0.0827742,,138,28,16,378,0.0,0.0981206,0.00531387,0.0128444,0.00304286,,153,9,96,14414,0.0,0.552982,0.033062,0.428658,0.0976763,,149,2,2,15000,0.0,0.0949125,0.0007893,0.723209,0.0825585,,145,4,8,15000,0.0,0.140661,0.00260081,0.688769,0.0881648,,159,3,4,15000,0.0,0.0982764,0.00131862,0.480738,0.0797788,,175,0,0,0,29.6685,0.0,0.0,0.0,0.0,,174,0,0,0,30.6922,0.0,0.0,0.0,0.0,,179,1,1,15000,0.0,0.530622,0.000657653,0.440349,0.0830411,,129,27,56,914,0.0,0.379891,0.0200351,0.0267669,0.00777871,,107,24,80,1836,0.0,0.627327,0.0289513,0.057124,0.0146784,,177,0,0,0,30.6491,0.0,0.0,0.0,0.0,,181,1,1,15000,0.0,0.531724,0.000645657,0.443465,0.0814703,,146,4,8,15000,0.0,0.137625,0.0027383,0.713507,0.0855162,,139,29,10,56,0.0,0.0500735,0.00340885,0.00489181,0.000680604,,161,1,1,15000,0.0,0.611598,0.000684938,0.521428,0.0839973,,134,26,22,203,0.0,0.145279,0.00787276,0.00839656,0.0020068,,140,29,56,970,0.0,0.302507,0.0189477,0.0267247,0.00817151,,124,29,10,135,0.0,0.0593689,0.00345419,0.00711369,0.00119936,,148,2,2,15000,0.0,0.0946584,0.000784789,0.724733,0.0823896,,132,24,94,2062,0.0,0.666146,0.0351403,0.0604618,0.0173128,,115,30,18,204,0.0,0.11407,0.00648009,0.00977634,0.00197928,,158,1,1,15000,0.0,0.644634,0.000751138,0.553099,0.0844432,,112,24,44,1357,0.0,0.344232,0.0151062,0.0425664,0.0105072,,119,36,2,9,0.0,0.0115932,0.00122262,0.00344246,0.000109911,,173,9,72,14866,0.0,0.451275,0.0248164,0.455668,0.113713,,105,29,30,1038,0.0,0.232046,0.0106847,0.0345463,0.00776038,,128,22,98,2153,0.0,0.757792,0.0361297,0.0653648,0.0185533,,150,0,0,0,28.4969,0.0,0.0,0.0,0.0,,117,27,22,321,0.0,0.159441,0.00795106,0.0125894,0.00281811,,96,33,10,78,0.0,0.0817438,0.00320392,0.00596369,0.000797278,,,,,,
147,3,4,15000,0.0,0.114175,0.00134408,0.66874,0.0865821,,137,26,106,2040,0.0,0.646915,0.0374849,0.0538391,0.0166278,,166,2,2,15000,0.0,0.0923104,0.000702204,0.459834,0.0807757,,142,29,32,1350,0.0,0.18618,0.0110066,0.036449,0.00998683,,103,31,20,365,0.0,0.157703,0.00637561,0.0161612,0.00303926,,180,1,1,15000,0.0,0.573571,0.000642806,0.436119,0.130675,,167,1,1,15000,0.0,0.555157,0.000659621,0.463766,0.083617,,121,31,48,1110,0.0,0.299849,0.0165797,0.0305853,0.00866965,,116,28,6,130,0.0,0.0369298,0.00224741,0.00715753,0.0010311,,136,30,28,583,0.0,0.145919,0.00966866,0.0171854,0.0045181,,162,3,4,15000,0.0,0.102721,0.00139324,0.456064,0.0819486,,114,31,2,18,0.0,0.0147925,0.0010122,0.00597982,0.000187283,,157,8,34,14857,0.0,0.244971,0.0117041,0.421177,0.0918897,,101,23,186,4532,0.0,1.48741,0.0632423,0.13473,0.0361554,,155,5,14,14991,0.0,0.158135,0.00524873,0.429507,0.0874369,,170,1,1,15000,0.0,0.537753,0.000625815,0.447078,0.0827904,,183,1,1,15000,0.0,0.573096,0.000638367,0.439575,0.127579,,184,2,2,15000,0.0,0.0887451,0.000736227,0.457896,0.0788301,,138,29,12,321,0.0,0.0676,0.0038891,0.0116212,0.00233944,,153,10,98,13840,0.0,0.587773,0.0363924,0.440853,0.094375,,149,3,2,14987,0.0,0.093561,0.00114657,0.618261,0.0829301,,145,5,14,14982,0.0,0.182591,0.00573827,0.64202,0.0907598,,159,4,8,15000,0.0,0.125991,0.00293268,0.432945,0.0846093,,175,1,1,15000,0.0,0.541671,0.000669241,0.452017,0.0832351,,174,1,1,15000,0.0,0.553963,0.000680142,0.462864,0.0836748,,179,2,2,15000,0.0,0.0891409,0.000743386,0.452209,0.078672,,129,28,34,533,0.0,0.21125,0.012161,0.0176923,0.00457166,,107,25,66,1335,0.0,0.495552,0.0234169,0.0406879,0.0109263,,177,1,1,15000,0.0,0.540313,0.000683668,0.449817,0.083458,,181,2,2,15000,0.0,0.0904396,0.000897845,0.43207,0.0797542,,146,5,14,14974,0.0,0.165333,0.00454591,0.629397,0.084683,,139,30,2,14,0.0,0.0103796,0.000759338,0.00285437,0.000154504,,161,2,2,15000,0.0,0.0928249,0.0013996,0.461004,0.0801327,,134,27,4,25,0.0,0.0284539,0.00134568,0.00327878,0.000272981,,140,30,50,698,0.0,0.26582,0.0163424,0.019423,0.00618853,,124,30,6,43,0.0,0.0387031,0.00260894,0.0043125,0.000471276,,148,3,4,15000,0.0,0.11125,0.00200534,0.711722,0.0830879,,132,25,70,1584,0.0,0.474862,0.0258019,0.0457769,0.0125898,,115,31,8,73,0.0,0.0426826,0.0027504,0.00528314,0.000740158,,158,2,2,15000,0.0,0.0947371,0.000763132,0.532448,0.0809687,,112,25,42,1025,0.0,0.326285,0.0150983,0.0333454,0.00808151,,169,0,0,0,30.7139,0.0,0.0,0.0,0.0,,173,10,112,14613,0.0,0.646159,0.0416764,0.462562,0.109912,,105,30,30,872,0.0,0.218155,0.0106166,0.0289681,0.00668476,,128,23,80,1525,0.0,0.601663,0.0291687,0.0470851,0.0133961,,150,1,1,15000,0.0,0.799654,0.000875273,0.705713,0.0854524,,117,28,12,180,0.0,0.0877461,0.00385296,0.0080353,0.00161455,,96,34,2,7,0.0,0.0104702,0.00135301,0.00527764,0.000158902,,,,,,
147,4,8,15000,0.0,0.138308,0.00249366,0.635753,0.0867233,,137,27,66,1248,0.0,0.382143,0.0227921,0.0317001,0.0102739,,166,3,4,15000,0.0,0.10169,0.00149736,0.449777,0.0815647,,142,30,30,1136,0.0,0.161017,0.0101518,0.0317613,0.0087297,,103,32,16,220,0.0,0.121908,0.00518163,0.0113393,0.00206991,,180,2,2,15000,0.0,0.13415,0.0009866,0.455565,0.124924,,167,2,2,15000,0.0,0.09213,0.0007985,0.452203,0.0810183,,121,32,44,754,0.0,0.258414,0.0149033,0.0231375,0.00628104,,116,29,6,81,0.0,0.0430843,0.0027225,0.00605619,0.000721897,,136,31,18,355,0.0,0.0994554,0.00617345,0.0106182,0.00295685,,162,4,8,15000,0.0,0.129359,0.00274353,0.437053,0.0856724,,114,32,2,6,0.0,0.0107358,0.000614147,0.00642685,0.000121235,,157,9,54,14715,0.0,0.342764,0.0191151,0.43325,0.0923389,,101,24,146,3391,0.0,1.14659,0.052792,0.103547,0.0266104,,155,6,26,14986,0.0,0.226506,0.00923851,0.409788,0.0904458,,170,2,2,15000,0.0,0.0927798,0.000718644,0.446963,0.0807398,,183,2,2,15000,0.0,0.13295,0.000803,0.465289,0.123094,,184,3,2,14983,0.0,0.0907467,0.00075585,0.465015,0.0796533,,138,30,10,218,0.0,0.058083,0.00361696,0.00839679,0.00183101,,153,11,122,13475,0.0,0.709807,0.043826,0.447375,0.0942173,,149,4,4,14987,0.0,0.106585,0.00226886,0.50906,0.0844706,,145,6,24,14932,0.0,0.250624,0.00822772,0.583034,0.0922818,,159,5,14,14995,0.0,0.154245,0.00470066,0.425677,0.0850579,,175,2,2,15000,0.0,0.0902594,0.000754454,0.443575,0.0797735,,174,2,2,15000,0.0,0.0926704,0.000731088,0.450653,0.0802671,,179,3,4,15000,0.0,0.0987916,0.00158926,0.458204,0.0801198,,129,29,20,308,0.0,0.126334,0.00729433,0.0108604,0.00253328,,107,26,60,952,0.0,0.435396,0.0218518,0.032586,0.00804887,,177,2,2,15000,0.0,0.0922733,0.000740577,0.44503,0.0817462,,181,3,4,15000,0.0,0.103304,0.0015056,0.473541,0.0821308,,146,6,22,14940,0.0,0.214651,0.00792422,0.502284,0.0867928,,187,0,0,0,29.1414,0.0,0.0,0.0,0.0,,161,3,4,15000,0.0,0.106473,0.00173387,0.443229,0.0831574,,168,0,0,0,27.6198,0.0,0.0,0.0,0.0,,140,31,32,378,0.0,0.170366,0.011197,0.0134067,0.00356371,,171,0,0,0,27.8941,0.0,0.0,0.0,0.0,,148,4,8,15000,0.0,0.142724,0.00269702,0.677099,0.0822968,,132,26,60,1163,0.0,0.384318,0.0208903,0.0324516,0.00935151,,115,32,4,46,0.0,0.0248581,0.00191524,0.0040043,0.000458115,,158,3,4,15000,0.0,0.108897,0.00131649,0.450737,0.0810411,,112,26,28,778,0.0,0.208443,0.0100793,0.0244437,0.0061877,,169,1,1,15000,0.0,0.573936,0.000692706,0.484172,0.083658,,173,11,170,14261,0.0,1.03662,0.0620356,0.457242,0.110711,,105,31,28,568,0.0,0.212996,0.0100685,0.0194985,0.00461618,,128,24,52,1076,0.0,0.364575,0.0180173,0.0361814,0.00840535,,150,2,2,15000,0.0,0.0973413,0.000761916,0.709177,0.0843053,,117,29,8,129,0.0,0.0562419,0.00315567,0.00727813,0.00107825,,144,0,0,0,27.7474,0.0,0.0,0.0,0.0,,,,,,
147,5,14,14989,0.0,0.17996,0.00474125,0.557499,0.091783,,137,28,48,908,0.0,0.259154,0.0167492,0.0256326,0.00747915,,166,4,6,14984,0.0,0.115011,0.00193665,0.429836,0.0870266,,142,31,28,1005,0.0,0.151086,0.00940088,0.0279274,0.00752565,,103,33,20,180,0.0,0.1444,0.00748937,0.00936314,0.00175676,,180,3,4,15000,0.0,0.145676,0.00143535,0.473565,0.125972,,167,3,4,15000,0.0,0.100459,0.00138127,0.4355,0.0810359,,121,33,40,539,0.0,0.237755,0.0136233,0.0180586,0.00465877,,116,30,2,42,0.0,0.0171847,0.00142385,0.00468035,0.000377776,,136,32,14,262,0.0,0.0701116,0.00518064,0.00892297,0.00221331,,162,5,12,14973,0.0,0.148336,0.00401549,0.427442,0.0888025,,164,0,0,0,30.9369,0.0,0.0,0.0,0.0,,157,10,78,14588,0.0,0.483321,0.0824718,0.457129,0.109246,,101,25,106,2487,0.0,0.821242,0.0369957,0.0756904,0.0191023,,155,7,38,14911,0.0,0.297528,0.0126651,0.40007,0.100294,,170,3,4,15000,0.0,0.0997887,0.0016146,0.424151,0.0792446,,183,3,4,15000,0.0,0.146287,0.00140332,0.45925,0.126931,,184,4,4,14983,0.0,0.0997518,0.00142027,0.47718,0.0796867,,138,31,8,165,0.0,0.045236,0.00324342,0.00691481,0.00127127,,153,12,148,12968,0.0,0.908222,0.0556825,0.440161,0.0924451,,149,5,8,14987,0.0,0.134395,0.00266616,0.446826,0.0862475,,145,7,40,14870,0.0,0.35561,0.0136438,0.54374,0.0970147,,159,6,24,14986,0.0,0.257836,0.00806635,0.417657,0.133018,,175,3,4,15000,0.0,0.10057,0.0013075,0.443831,0.0793144,,174,3,4,15000,0.0,0.101737,0.00134978,0.451391,0.0810714,,179,4,8,15000,0.0,0.122326,0.0030115,0.438853,0.0823754,,129,30,8,152,0.0,0.0499588,0.00272223,0.00689424,0.00125187,,107,27,42,469,0.0,0.300453,0.0147975,0.0169995,0.00467131,,177,3,4,15000,0.0,0.102677,0.0013527,0.434092,0.0809645,,181,4,8,15000,0.0,0.123929,0.00276362,0.429839,0.0868127,,146,7,34,14877,0.0,0.283604,0.0116328,0.440328,0.0905138,,187,1,1,15000,0.0,0.536515,0.000658362,0.449951,0.0800253,,161,4,8,15000,0.0,0.123358,0.00303183,0.423079,0.0833666,,168,1,1,15000,0.0,0.575137,0.000658266,0.483747,0.0832772,,140,32,12,185,0.0,0.0589445,0.00399346,0.0075171,0.00140889,,171,1,1,15000,0.0,0.560345,0.000675435,0.467389,0.0840796,,148,5,12,14965,0.0,0.165387,0.00471285,0.545638,0.0837595,,132,27,40,838,0.0,0.249969,0.0139882,0.0233982,0.00650434,,115,33,4,16,0.0,0.0257338,0.00162852,0.00415668,0.000236614,,158,4,8,15000,0.0,0.130317,0.00307739,0.42295,0.083967,,112,27,22,616,0.0,0.166716,0.00861638,0.0208671,0.00456916,,169,2,2,15000,0.0,0.089478,0.000863629,0.473172,0.0793705,,173,12,212,13457,0.0,1.38781,0.078308,0.421501,0.102683,,105,32,18,400,0.0,0.132757,0.0065676,0.0155491,0.00325388,,128,25,38,707,0.0,0.272217,0.0136655,0.0241639,0.00573384,,150,3,4,15000,0.0,0.108698,0.00137871,0.612115,0.0854104,,117,30,4,57,0.0,0.0293735,0.00201388,0.00395333,0.000557307,,144,1,1,15000,0.0,0.863038,0.000931678,0.767514,0.0869378,,,,,,
147,6,28,14989,0.0,0.252906,0.00985243,0.478139,0.0972053,,137,29,34,513,0.0,0.179591,0.0116668,0.0150027,0.00430622,,166,5,12,14984,0.0,0.155411,0.00404746,0.413286,0.0928026,,142,32,34,876,0.0,0.185848,0.0116444,0.023701,0.00665391,,103,34,4,9,0.0,0.0283258,0.0015862,0.00360493,0.000214169,,180,4,6,14997,0.0,0.160241,0.00200215,0.446893,0.128956,,167,4,8,15000,0.0,0.12923,0.00305019,0.430388,0.0849569,,121,34,24,286,0.0,0.137359,0.00815856,0.00928616,0.00262573,,116,31,2,33,0.0,0.0151209,0.0015603,0.00517662,0.000278561,,136,33,14,198,0.0,0.0777274,0.00497778,0.00798856,0.00181271,,162,6,18,14942,0.0,0.179713,0.00642468,0.442232,0.0911323,,164,1,1,15000,0.0,0.602541,0.000690559,0.505006,0.088288,,157,11,104,14344,0.0,0.625392,0.0371373,0.446533,0.0987892,,101,26,78,1761,0.0,0.596865,0.0279752,0.0525449,0.0136663,,155,8,60,14727,0.0,0.405041,0.0208115,0.409336,0.0997746,,170,4,6,14989,0.0,0.112639,0.0019284,0.422342,0.08113,,183,4,8,15000,0.0,0.168595,0.00274663,0.463621,0.131457,,184,5,2,14953,0.0,0.0912786,0.000692846,0.491962,0.0812186,,138,32,6,110,0.0,0.0323075,0.00222956,0.00562377,0.000905063,,153,13,154,11977,0.0,0.984949,0.0579372,0.398446,0.0879366,,149,6,16,14987,0.0,0.174437,0.00586766,0.426248,0.0879871,,145,8,56,14719,0.0,0.466835,0.0195899,0.514349,0.0999732,,159,7,40,14881,0.0,0.286954,0.0133508,0.397599,0.0935651,,175,4,8,15000,0.0,0.12204,0.00281486,0.44029,0.0838582,,174,4,8,15000,0.0,0.122982,0.00286292,0.447905,0.0844144,,179,5,12,14992,0.0,0.136494,0.00404732,0.464437,0.0809194,,129,31,8,118,0.0,0.0497071,0.00317671,0.00628562,0.00101672,,107,28,28,326,0.0,0.196491,0.0101336,0.0129855,0.00290572,,177,4,6,14986,0.0,0.111399,0.00232102,0.458985,0.0811419,,181,5,14,14991,0.0,0.152705,0.00491586,0.44296,0.0854837,,146,8,54,14764,0.0,0.412179,0.0183745,0.41859,0.0939259,,187,2,2,15000,0.0,0.0892472,0.000788536,0.439028,0.0792515,,161,5,16,15000,0.0,0.165192,0.00554097,0.409644,0.0875745,,168,2,2,15000,0.0,0.0887316,0.00140824,0.468822,0.078579,,140,33,2,11,0.0,0.00937545,0.000705554,0.0025596,0.000125709,,171,2,2,15000,0.0,0.0927985,0.000790613,0.460335,0.082442,,148,6,20,14953,0.0,0.204702,0.00732991,0.458353,0.0847077,,132,28,28,450,0.0,0.170196,0.00968082,0.0146683,0.00382313,,176,0,0,0,28.7522,0.0,0.0,0.0,0.0,,158,5,12,14973,0.0,0.143998,0.00423134,0.424646,0.0835048,,112,28,24,481,0.0,0.176983,0.00851941,0.0168065,0.00398908,,169,3,2,14985,0.0,0.0918595,0.00075676,0.443457,0.078185,,173,13,224,12160,0.0,1.58751,0.0821783,0.371197,0.0922503,,105,33,16,282,0.0,0.110128,0.00527106,0.0136416,0.00232426,,128,26,24,477,0.0,0.165914,0.00884568,0.0153892,0.0037398,,150,4,8,15000,0.0,0.128846,0.00258253,0.502555,0.0842168,,117,31,4,50,0.0,0.0298246,0.00232265,0.00461479,0.000420363,,144,2,2,15000,0.0,0.0999254,0.000748842,0.753169,0.0841324,,,,,,
147,7,48,14930,0.0,0.375022,0.0166384,0.425196,0.10106,,137,30,16,287,0.0,0.0866053,0.00545978,0.0107044,0.00234965,,166,6,22,14969,0.0,0.191683,0.00744349,0.408644,0.0883768,,142,33,32,624,0.0,0.169251,0.011261,0.0189895,0.00510369,,151,0,0,0,28.3893,0.0,0.0,0.0,0.0,,180,5,8,14967,0.0,0.166719,0.00303834,0.463265,0.129959,,167,5,12,14978,0.0,0.145879,0.00417692,0.418524,0.0889032,,121,35,12,116,0.0,0.0642241,0.0040804,0.00736935,0.0011935,,116,32,2,13,0.0,0.0109642,0.00138374,0.00426519,0.000174348,,136,34,12,145,0.0,0.0643443,0.0044331,0.00692524,0.00131032,,162,7,34,14936,0.0,0.256201,0.0113091,0.419737,0.0945257,,164,2,2,15000,0.0,0.0980989,0.000758082,0.475187,0.0851702,,157,12,126,13867,0.0,0.746156,0.0942426,0.476006,0.0978801,,101,27,54,1092,0.0,0.406592,0.0199842,0.0341729,0.00889216,,155,9,94,14546,0.0,0.55219,0.0326037,0.419049,0.101778,,170,5,12,14989,0.0,0.147816,0.00422214,0.468403,0.0895939,,183,5,16,15000,0.0,0.207705,0.00575388,0.48607,0.133102,,184,6,4,14953,0.0,0.105385,0.00156176,0.556748,0.0814995,,138,33,6,76,0.0,0.0300339,0.00221228,0.00464689,0.00071988,,153,14,160,11123,0.0,1.08894,0.0597586,0.360159,0.0880062,,149,7,28,14961,0.0,0.234088,0.0100821,0.410367,0.0926593,,145,9,90,14536,0.0,0.665602,0.0301163,0.444621,0.0992595,,159,8,48,14694,0.0,0.321408,0.0159147,0.415032,0.0933393,,175,5,14,14969,0.0,0.155408,0.00482425,0.416509,0.0844858,,174,5,10,14950,0.0,0.130882,0.00352269,0.420097,0.0847051,,179,6,12,14926,0.0,0.139115,0.00436199,0.487143,0.0830726,,129,32,6,72,0.0,0.0350201,0.00236513,0.00433603,0.000695914,,107,29,12,143,0.0,0.0873146,0.00396685,0.00695797,0.00133155,,177,5,12,14986,0.0,0.145166,0.00393979,0.436637,0.0853216,,181,6,24,14938,0.0,0.20642,0.00801091,0.467463,0.092751,,146,9,68,14493,0.0,0.454127,0.0230767,0.399341,0.0939468,,187,3,4,15000,0.0,0.104587,0.00143132,0.454103,0.0846433,,161,6,30,14972,0.0,0.236998,0.0104999,0.420336,0.0920385,,168,3,4,15000,0.0,0.102065,0.00136672,0.434184,0.0812761,,190,0,0,0,29.4331,0.0,0.0,0.0,0.0,,171,3,4,15000,0.0,0.102436,0.00143601,0.443712,0.0817189,,148,7,24,14859,0.0,0.228062,0.00885704,0.428974,0.0949604,,132,29,20,303,0.0,0.11314,0.00706127,0.00963642,0.00252034,,176,1,1,15000,0.0,0.534072,0.000617717,0.444646,0.0830522,,158,6,16,14916,0.0,0.162418,0.00551533,0.416755,0.0831163,,112,29,22,374,0.0,0.158363,0.00800814,0.0145766,0.00311071,,169,4,4,14985,0.0,0.102365,0.00130973,0.434311,0.0797674,,173,14,234,10864,0.0,1.73328,0.0832408,0.335832,0.083234,,105,34,14,149,0.0,0.0936591,0.00487127,0.00709364,0.00141078,,128,27,20,290,0.0,0.13269,0.00712737,0.0106043,0.00265461,,150,5,12,14981,0.0,0.151363,0.00441543,0.443554,0.0837451,,152,0,0,0,29.4809,0.0,0.0,0.0,0.0,,144,3,4,15000,0.0,0.112569,0.00127437,0.679275,0.0872882,,,,,,
147,8,70,14727,0.0,0.476976,0.0247419,0.397896,0.0970428,,137,31,10,244,0.0,0.0493541,0.00365375,0.00941121,0.00193641,,166,7,38,14939,0.0,0.272867,0.0130715,0.42102,0.094041,,142,34,26,456,0.0,0.13151,0.00859182,0.0151405,0.00381254,,151,1,1,15000,0.0,0.782475,0.000832755,0.690428,0.0857191,,180,6,16,14967,0.0,0.210274,0.0057471,0.481254,0.132119,,167,6,18,14946,0.0,0.170883,0.00644551,0.403324,0.0877639,,121,36,6,46,0.0,0.0323019,0.00214194,0.00354915,0.000513261,,116,33,2,6,0.0,0.0120788,0.000649244,0.00262562,9.3986e-05,,136,35,8,33,0.0,0.0390412,0.00277079,0.00416365,0.000484512,,162,8,58,14851,0.0,0.378339,0.0194417,0.423101,0.102374,,164,3,4,15000,0.0,0.108025,0.00132628,0.449975,0.086738,,157,13,160,13238,0.0,1.01926,0.0592958,0.415827,0.104121,,101,28,50,817,0.0,0.353734,0.0174074,0.0282134,0.00684879,,155,10,122,14231,0.0,0.698416,0.0418141,0.438216,0.100406,,170,6,18,14954,0.0,0.169304,0.00593733,0.403804,0.0852623,,183,6,26,14977,0.0,0.215705,0.00963977,0.516713,0.0878268,,184,7,8,14953,0.0,0.119648,0.00296461,0.578493,0.0810053,,138,34,4,48,0.0,0.0219636,0.00164285,0.00316723,0.000461248,,153,15,182,10190,0.0,1.31919,0.0663223,0.323638,0.0767605,,149,8,46,14897,0.0,0.350641,0.0162246,0.392528,0.0995447,,145,10,112,14126,0.0,0.723689,0.0398246,0.384551,0.0984119,,159,9,66,14519,0.0,0.406158,0.0227287,0.425198,0.102405,,175,6,22,14955,0.0,0.190943,0.00805034,0.436604,0.0872008,,174,6,14,14932,0.0,0.150663,0.00499619,0.449787,0.085416,,179,7,16,14839,0.0,0.161195,0.00561187,0.501035,0.0846529,,129,33,6,54,0.0,0.0323151,0.00237483,0.00431763,0.000523504,,107,30,6,55,0.0,0.0439473,0.00238402,0.00507041,0.000572963,,177,6,22,14963,0.0,0.227541,0.00711139,0.451231,0.11857,,181,7,40,14892,0.0,0.284634,0.0151484,0.484745,0.0972775,,146,10,76,14177,0.0,0.453469,0.027441,0.378406,0.0937587,,187,4,8,15000,0.0,0.125371,0.00286748,0.477286,0.0866963,,161,7,42,14842,0.0,0.290428,0.0132875,0.401675,0.0976853,,168,4,8,15000,0.0,0.122652,0.0027262,0.433726,0.0821369,,190,1,1,15000,0.0,0.510833,0.000628126,0.421664,0.0821334,,171,4,8,15000,0.0,0.125112,0.00272727,0.426368,0.0844182,,148,8,34,14770,0.0,0.303633,0.0120452,0.407645,0.0954967,,132,30,10,181,0.0,0.057926,0.00348142,0.00919778,0.00142145,,176,2,2,15000,0.0,0.0927927,0.000765875,0.449041,0.0803684,,158,7,16,14853,0.0,0.156808,0.00581749,0.410132,0.0837181,,112,30,14,206,0.0,0.101439,0.00429019,0.0114721,0.00177123,,169,5,8,14985,0.0,0.127391,0.00298023,0.445648,0.0858484,,173,15,232,9581,0.0,1.78779,0.0853801,0.286259,0.075827,,105,35,4,78,0.0,0.0253053,0.00168557,0.00662366,0.000636266,,128,28,12,197,0.0,0.0809333,0.00392022,0.0103241,0.00169098,,150,6,18,14951,0.0,0.190868,0.00650203,0.427553,0.0900015,,152,1,1,15000,0.0,0.763427,0.000807155,0.669254,0.0856176,,144,4,8,15000,0.0,0.14539,0.00323056,0.653394,0.0892091,,,,,,
147,9,98,14440,0.0,0.602049,0.0330259,0.372859,0.115873,,137,32,10,161,0.0,0.0541226,0.00377937,0.00804033,0.00136707,,166,8,60,14776,0.0,0.381064,0.020684,0.432902,0.0965863,,142,35,18,273,0.0,0.0895664,0.00600486,0.00898029,0.00235379,,151,2,2,15000,0.0,0.093256,0.000658092,0.588356,0.0818578,,180,7,24,14921,0.0,0.199567,0.00852682,0.512042,0.0856715,,167,7,36,14946,0.0,0.251456,0.0123614,0.427403,0.0911442,,121,37,2,10,0.0,0.0112135,0.00095077,0.00284162,0.000139286,,160,0,0,0,27.793,0.0,0.0,0.0,0.0,,189,0,0,0,29.687,0.0,0.0,0.0,0.0,,162,9,82,14628,0.0,0.496279,0.0286637,0.433172,0.103432,,164,4,6,14977,0.0,0.116478,0.00205416,0.455133,0.0851289,,157,14,178,12479,0.0,1.20926,0.0643749,0.382766,0.092112,,101,29,34,423,0.0,0.249255,0.0119051,0.0158881,0.00390044,,155,11,134,13510,0.0,0.750369,0.0509252,0.418051,0.0972508,,170,7,30,14906,0.0,0.235559,0.0103052,0.42267,0.0928285,,183,7,38,14861,0.0,0.31035,0.0138619,0.518725,0.118309,,184,8,14,14928,0.0,0.158393,0.0047945,0.595609,0.0875053,,138,35,4,41,0.0,0.0225337,0.00146507,0.00316566,0.000398026,,153,16,200,9268,0.0,1.53194,0.0704446,0.291004,0.0701116,,149,9,60,14745,0.0,0.404661,0.0328084,0.378586,0.100688,,145,11,134,13610,0.0,0.756228,0.0445819,0.361721,0.0963637,,159,10,84,14280,0.0,0.509491,0.0305055,0.430708,0.10249,,175,7,34,14871,0.0,0.251591,0.0117445,0.451364,0.0895469,,174,7,22,14878,0.0,0.189802,0.00798119,0.467748,0.0872813,,179,8,24,14799,0.0,0.206281,0.00820738,0.524921,0.0889442,,129,34,2,6,0.0,0.0091294,0.00100082,0.00324991,9.8237e-05,,107,31,2,17,0.0,0.0111572,0.00135714,0.00436707,0.000162648,,177,7,38,14947,0.0,0.325806,0.0131065,0.46646,0.116707,,181,8,42,14687,0.0,0.308411,0.0144537,0.476327,0.105246,,146,11,110,13937,0.0,0.616077,0.0376126,0.379576,0.0986763,,187,5,14,14981,0.0,0.15758,0.00498428,0.483567,0.0891521,,161,8,66,14740,0.0,0.401178,0.0223447,0.406751,0.105548,,168,5,12,14978,0.0,0.149345,0.00401452,0.428015,0.0895408,,190,2,2,15000,0.0,0.0903453,0.000800282,0.47086,0.0804454,,171,5,16,15000,0.0,0.165233,0.00539705,0.438588,0.0862501,,148,9,50,14678,0.0,0.343699,0.0166295,0.383981,0.0952498,,132,31,4,86,0.0,0.0248298,0.00158458,0.00393822,0.000703554,,176,3,4,15000,0.0,0.099382,0.00130559,0.438141,0.080015,,158,8,24,14798,0.0,0.200111,0.00836963,0.423152,0.0929635,,112,31,8,119,0.0,0.0506897,0.00269018,0.00682775,0.00102495,,169,6,14,14973,0.0,0.154126,0.00480185,0.405267,0.0860152,,173,16,210,8210,0.0,1.64659,0.0783373,0.249603,0.0627845,,105,36,6,48,0.0,0.0439487,0.00273244,0.00425288,0.000493773,,128,29,10,148,0.0,0.0595475,0.00363964,0.00740597,0.00123348,,150,7,30,14899,0.0,0.23405,0.0100001,0.414241,0.0910831,,152,2,2,15000,0.0,0.0930752,0.000764908,0.562052,0.0827968,,144,5,16,15000,0.0,0.200992,0.0063624,0.628428,0.0930259,,,,,,
147,10,118,13952,0.0,0.63875,0.0380291,0.368054,0.0991366,,137,33,8,113,0.0,0.0462802,0.00312029,0.00554012,0.00100752,,166,9,88,14576,0.0,0.526814,0.0319126,0.454289,0.101663,,142,36,8,124,0.0,0.0390427,0.00281752,0.00590514,0.00107005,,151,3,4,15000,0.0,0.105972,0.00158,0.510168,0.081294,,180,8,28,14768,0.0,0.24593,0.0107567,0.508669,0.0900918,,167,8,50,14829,0.0,0.329198,0.0173223,0.442218,0.0915455,,185,0,0,0,30.4049,0.0,0.0,0.0,0.0,,160,1,1,15000,0.0,0.64446,0.000735391,0.553905,0.0838634,,189,1,1,15000,0.0,0.511366,0.000637356,0.423092,0.0822758,,162,10,108,14317,0.0,0.647544,0.0384272,0.434151,0.107259,,164,5,10,14967,0.0,0.137373,0.00328984,0.426928,0.0850016,,157,15,200,11498,0.0,1.46581,0.0724592,0.354374,0.0860939,,101,30,26,228,0.0,0.176971,0.00932777,0.0100495,0.00245557,,155,12,144,12618,0.0,0.912614,0.0553334,0.400373,0.101714,,170,8,46,14813,0.0,0.381278,0.0155673,0.44988,0.100984,,183,8,58,14761,0.0,0.380926,0.0203238,0.52756,0.0946964,,184,9,14,14858,0.0,0.159703,0.00510962,0.596662,0.0879787,,138,36,4,21,0.0,0.0215322,0.00172912,0.0033677,0.000230577,,153,17,184,8025,0.0,1.44689,0.0666397,0.254451,0.0640958,,149,10,86,14532,0.0,0.498785,0.0287077,0.389873,0.101716,,145,12,156,12892,0.0,0.821095,0.0516227,0.32188,0.0949931,,159,11,112,13855,0.0,0.642776,0.0393089,0.443208,0.0987874,,175,8,54,14749,0.0,0.357096,0.0189398,0.479597,0.0960242,,174,8,28,14772,0.0,0.222819,0.00990788,0.484474,0.0923193,,179,9,34,14727,0.0,0.309697,0.0117505,0.544313,0.127606,,178,0,0,0,28.3957,0.0,0.0,0.0,0.0,,165,0,0,0,31.9744,0.0,0.0,0.0,0.0,,177,8,60,14847,0.0,0.394875,0.0221941,0.487211,0.0945406,,181,9,70,14597,0.0,0.438514,0.0251894,0.487726,0.10421,,146,12,148,13456,0.0,0.810126,0.0511225,0.388949,0.0953918,,187,6,24,14965,0.0,0.215425,0.00937882,0.495962,0.0944661,,161,9,102,14527,0.0,0.573061,0.0354186,0.417947,0.102241,,168,6,22,14968,0.0,0.192881,0.00735241,0.405742,0.0874655,,190,3,4,15000,0.0,0.103118,0.00150581,0.484281,0.0822273,,171,6,24,14949,0.0,0.208722,0.00836139,0.410094,0.0957817,,148,10,74,14550,0.0,0.439274,0.024916,0.374099,0.0969764,,132,32,2,70,0.0,0.0127467,0.00101231,0.00407359,0.00050026,,176,4,8,15000,0.0,0.123354,0.00282431,0.46062,0.0846751,,158,9,32,14672,0.0,0.248638,0.0109421,0.424155,0.0926199,,112,32,6,89,0.0,0.0403994,0.00257928,0.00627174,0.000709153,,169,7,24,14942,0.0,0.205319,0.0086413,0.43419,0.093746,,173,17,204,7224,0.0,1.60596,0.0755897,0.220806,0.0559674,,105,37,2,11,0.0,0.0111421,0.00151525,0.00451334,0.000160331,,128,30,4,55,0.0,0.0278671,0.00173243,0.00335386,0.000515121,,150,8,52,14845,0.0,0.35726,0.0176469,0.392261,0.0977969,,152,3,4,15000,0.0,0.106005,0.00146122,0.484491,0.0838919,,144,6,28,14956,0.0,0.306264,0.0113987,0.581684,0.0965057,,,,,,
147,11,138,13334,0.0,0.753188,0.0468082,0.369328,0.114381,,137,34,4,64,0.0,0.0206754,0.00145887,0.00358447,0.000518059,,166,10,104,14085,0.0,0.63375,0.0373451,0.440306,0.0990705,,142,37,8,104,0.0,0.0409576,0.00264704,0.00540289,0.000928513,,151,4,8,15000,0.0,0.129225,0.00309849,0.446675,0.0850916,,180,9,50,14697,0.0,0.323547,0.0183012,0.538233,0.092704,,167,9,64,14672,0.0,0.426698,0.0231286,0.470368,0.1069,,185,1,1,15000,0.0,0.517449,0.000657769,0.428662,0.0817357,,160,2,2,15000,0.0,0.0914048,0.000801849,0.510433,0.0788355,,189,2,2,15000,0.0,0.0915201,0.000733205,0.455571,0.0805394,,162,11,128,13805,0.0,0.777817,0.0472653,0.434259,0.106574,,164,6,12,14911,0.0,0.144098,0.00436609,0.436572,0.0874137,,157,16,196,10417,0.0,1.50807,0.0628024,0.313243,0.0768743,,101,31,18,121,0.0,0.129619,0.00668475,0.00717333,0.00127094,,155,13,172,11955,0.0,1.1467,0.0656523,0.378105,0.0946269,,170,9,62,14568,0.0,0.399798,0.0221805,0.453611,0.0965441,,183,9,76,14554,0.0,0.516238,0.0288378,0.516287,0.107103,,184,10,16,14798,0.0,0.175209,0.00523018,0.591906,0.0879001,,186,0,0,0,27.0458,0.0,0.0,0.0,0.0,,153,18,156,7066,0.0,1.23416,0.0573813,0.224707,0.0558711,,149,11,116,14134,0.0,0.629207,0.0400964,0.397117,0.101466,,145,13,168,12138,0.0,0.871296,0.0581169,0.334906,0.0946209,,159,12,132,13275,0.0,0.816362,0.0485586,0.43324,0.108662,,175,9,68,14515,0.0,0.442636,0.0244435,0.455582,0.102102,,174,9,42,14724,0.0,0.290288,0.0148871,0.506647,0.0936357,,179,10,46,14592,0.0,0.3252,0.0171816,0.556463,0.0933583,,178,1,1,15000,0.0,0.522143,0.000653095,0.431161,0.0832904,,165,1,1,15000,0.0,0.616651,0.000725462,0.525482,0.0838278,,177,9,78,14519,0.0,0.484749,0.0287358,0.515687,0.0955306,,181,10,102,14368,0.0,0.63964,0.0363002,0.483481,0.110805,,146,13,162,12629,0.0,0.894448,0.0577334,0.381218,0.0939051,,187,7,42,14942,0.0,0.364899,0.0148519,0.488702,0.113579,,161,10,152,14187,0.0,0.859312,0.0553884,0.417601,0.105963,,168,7,34,14861,0.0,0.247434,0.0118674,0.421123,0.090765,,190,4,8,15000,0.0,0.122368,0.00299439,0.517608,0.08467,,171,7,36,14853,0.0,0.260255,0.0119866,0.42457,0.093201,,148,11,106,14251,0.0,0.592587,0.0346547,0.391985,0.097888,,132,33,2,49,0.0,0.0126986,0.00101216,0.00475932,0.000423873,,176,5,16,15000,0.0,0.168817,0.00552726,0.42224,0.0893751,,158,10,56,14623,0.0,0.369144,0.0192406,0.437353,0.108186,,112,33,4,30,0.0,0.0295204,0.00222864,0.00454275,0.00033919,,169,8,34,14835,0.0,0.284468,0.0120807,0.455561,0.113555,,173,18,192,5986,0.0,1.5134,0.0672065,0.177933,0.0474712,,154,0,0,0,29.5765,0.0,0.0,0.0,0.0,,128,31,4,31,0.0,0.0282824,0.00191869,0.00290209,0.000327667,,150,9,92,14759,0.0,0.529172,0.0305993,0.378474,0.0983385,,152,4,6,14980,0.0,0.112653,0.00199269,0.442145,0.0821022,,144,7,42,14874,0.0,0.396664,0.0156516,0.529011,0.113346,,,,,,
147,12,172,12753,0.0,0.949526,0.0586263,0.376674,0.0974301,,137,35,2,5,0.0,0.0104521,0.00081086,0.00246278,0.000111639,,166,11,144,13772,0.0,0.886412,0.0524073,0.453567,0.101986,,142,38,6,66,0.0,0.0286152,0.00207715,0.00428076,0.000555615,,151,5,14,14976,0.0,0.159639,0.00480731,0.432617,0.0855882,,180,10,56,14451,0.0,0.403941,0.0198099,0.525675,0.101467,,167,10,100,14463,0.0,0.603165,0.0360124,0.455885,0.101868,,185,2,2,15000,0.0,0.0929511,0.000824638,0.455194,0.0812097,,160,3,4,15000,0.0,0.106282,0.00134846,0.451405,0.0830278,,189,3,4,15000,0.0,0.101892,0.00150334,0.489961,0.0827949,,162,12,156,13207,0.0,0.980485,0.0598672,0.407919,0.0993058,,164,7,14,14881,0.0,0.15343,0.00497337,0.440004,0.0882687,,157,17,198,9352,0.0,1.54207,0.0700754,0.284343,0.07204,,163,0,0,0,29.5886,0.0,0.0,0.0,0.0,,155,14,208,11166,0.0,1.46819,0.0755199,0.341033,0.0897904,,170,10,86,14353,0.0,0.55228,0.0304017,0.457021,0.101966,,183,10,100,14212,0.0,0.64354,0.0363768,0.49532,0.0996519,,184,11,28,14758,0.0,0.272217,0.0101709,0.535428,0.100222,,186,1,1,15000,0.0,0.519623,0.000648849,0.429972,0.082729,,153,19,140,6123,0.0,1.10001,0.0484543,0.186924,0.0487903,,149,12,156,13645,0.0,0.875369,0.0551095,0.401908,0.101114,,145,14,174,11270,0.0,0.954068,0.0606517,0.332369,0.0852577,,159,13,152,12502,0.0,0.962031,0.05096,0.385503,0.0917436,,175,10,98,14336,0.0,0.579549,0.0353744,0.46703,0.100262,,174,10,54,14531,0.0,0.370845,0.0191895,0.501412,0.0967678,,179,11,46,14194,0.0,0.350137,0.01638,0.528456,0.0915693,,178,2,2,15000,0.0,0.0908328,0.000745784,0.431296,0.0805928,,165,2,2,15000,0.0,0.0920025,0.000728469,0.461511,0.0803655,,177,10,102,14168,0.0,0.653263,0.0397204,0.527573,0.0974366,,181,11,140,13944,0.0,0.888995,0.0518463,0.439316,0.107867,,146,14,162,11608,0.0,0.954382,0.0612543,0.373304,0.0894193,,187,8,72,14832,0.0,0.468175,0.0270187,0.500857,0.104313,,161,11,192,13375,0.0,1.1249,0.0700499,0.419178,0.0991665,,168,8,42,14680,0.0,0.29335,0.0146375,0.438328,0.0934582,,190,5,16,15000,0.0,0.164481,0.00583573,0.52986,0.0857109,,171,8,56,14757,0.0,0.372364,0.0193862,0.427608,0.102328,,148,12,122,13726,0.0,0.679565,0.0417479,0.406029,0.100175,,132,34,2,39,0.0,0.0133413,0.000650546,0.00517066,0.000307329,,176,6,26,14969,0.0,0.211179,0.00853615,0.430694,0.0922039,,158,11,76,14373,0.0,0.446725,0.0273825,0.471494,0.0956916,,112,34,2,19,0.0,0.0131011,0.00152306,0.00454125,0.000180418,,169,9,52,14728,0.0,0.344287,0.0184801,0.484958,0.0972145,,173,19,174,4760,0.0,1.40882,0.0632433,0.145085,0.038457,,154,1,1,15000,0.0,0.672828,0.000759091,0.578971,0.0850018,,128,32,2,6,0.0,0.0137255,0.00132245,0.00305744,0.000101324,,150,10,130,14340,0.0,0.713269,0.0437887,0.398581,0.0994685,,152,5,12,14980,0.0,0.145641,0.00422385,0.42713,0.0834378,,144,8,70,14771,0.0,0.595844,0.0252819,0.514646,0.11445,,,,,,
147,13,182,11803,0.0,1.02902,0.0656441,0.35716,0.0948499,,188,0,0,0,27.6734,0.0,0.0,0.0,0.0,,166,12,162,12983,0.0,1.03238,0.0582429,0.394115,0.101486,,142,39,4,28,0.0,0.0189606,0.00136052,0.00327756,0.000278634,,151,6,28,14976,0.0,0.224391,0.00980015,0.416154,0.0890066,,180,11,66,14194,0.0,0.470964,0.0239913,0.491125,0.0981363,,167,11,114,13955,0.0,0.691968,0.0417981,0.475747,0.0992041,,185,3,4,15000,0.0,0.103337,0.00133644,0.453087,0.0829097,,160,4,8,15000,0.0,0.125491,0.00261075,0.422264,0.0870274,,189,4,8,15000,0.0,0.125795,0.00263055,0.499939,0.0873343,,162,13,190,12409,0.0,1.28551,0.0726524,0.375793,0.096133,,164,8,20,14844,0.0,0.185145,0.00671771,0.448271,0.0912339,,157,18,190,8212,0.0,1.47773,0.0678542,0.252704,0.0649223,,163,1,1,15000,0.0,0.598431,0.000708447,0.506775,0.0848165,,155,15,204,9974,0.0,1.56761,0.0732702,0.293764,0.0762729,,170,11,102,13995,0.0,0.636397,0.0369105,0.46232,0.103053,,183,11,104,13689,0.0,0.747346,0.0396401,0.457553,0.100135,,184,12,44,14684,0.0,0.355093,0.0156151,0.550676,0.0929278,,186,2,2,15000,0.0,0.0898058,0.000809821,0.461188,0.0797603,,153,20,130,5357,0.0,1.04321,0.0455424,0.167176,0.0422361,,149,13,184,12800,0.0,1.06527,0.0664198,0.392462,0.0998135,,145,15,180,10185,0.0,1.00896,0.0649307,0.306057,0.0759427,,159,14,184,11745,0.0,1.25849,0.0667991,0.366565,0.0922486,,175,11,134,13943,0.0,0.846747,0.0492058,0.461031,0.100464,,174,11,82,14403,0.0,0.521887,0.0302595,0.504332,0.102011,,179,12,62,14085,0.0,0.445113,0.0233657,0.489983,0.114538,,178,3,4,15000,0.0,0.105645,0.00130744,0.408253,0.0855514,,165,3,4,15000,0.0,0.101104,0.0015169,0.469145,0.0795959,,177,11,110,13519,0.0,0.733575,0.0403117,0.454166,0.097518,,181,12,162,13218,0.0,1.09294,0.0583157,0.416452,0.102621,,146,15,170,10836,0.0,1.07146,0.0583533,0.321905,0.0842606,,187,9,96,14530,0.0,0.626716,0.0348714,0.477057,0.107378,,161,12,214,12395,0.0,1.363,0.0727351,0.369677,0.0934304,,168,9,62,14586,0.0,0.38805,0.0214964,0.459152,0.0980127,,190,6,28,14964,0.0,0.231108,0.00985748,0.545838,0.0904736,,171,9,86,14570,0.0,0.512549,0.0318347,0.440532,0.104088,,148,13,138,13172,0.0,0.783776,0.0502896,0.385625,0.0972464,,132,35,2,32,0.0,0.0108752,0.000649021,0.00564977,0.000294864,,176,7,40,14863,0.0,0.297491,0.0141914,0.449024,0.0960616,,158,12,96,14043,0.0,0.61997,0.035281,0.454801,0.110463,,156,0,0,0,29.8907,0.0,0.0,0.0,0.0,,169,10,62,14451,0.0,0.406374,0.0228169,0.477008,0.094515,,173,20,150,3861,0.0,1.17975,0.0545318,0.116878,0.0311468,,154,2,2,15000,0.0,0.0974058,0.000725192,0.534885,0.0818386,,172,0,0,0,31.0275,0.0,0.0,0.0,0.0,,150,11,150,13771,0.0,0.82612,0.0523712,0.417266,0.097809,,152,6,22,14974,0.0,0.218355,0.00756164,0.414161,0.109192,,144,9,92,14485,0.0,0.723286,0.0327484,0.479704,0.107305,,,,,,
147,14,192,10834,0.0,1.18072,0.0710107,0.331971,0.0849992,,188,1,1,15000,0.0,0.498876,0.000586683,0.410114,0.0820811,,166,13,190,12146,0.0,1.29678,0.0684758,0.376842,0.0950502,,191,0,0,0,29.9132,0.0,0.0,0.0,0.0,,151,7,40,14832,0.0,0.310451,0.0131903,0.401311,0.112454,,180,12,94,13952,0.0,0.674482,0.0347083,0.483125,0.101978,,167,12,134,13398,0.0,0.873432,0.0484716,0.456822,0.0935665,,185,4,8,15000,0.0,0.124385,0.00275343,0.467441,0.0838681,,160,5,16,15000,0.0,0.168662,0.00575139,0.422555,0.0872704,,189,5,14,14994,0.0,0.159875,0.00539337,0.52627,0.0889565,,162,14,232,11560,0.0,1.67888,0.0792335,0.348052,0.0897025,,164,9,36,14797,0.0,0.284279,0.0128168,0.453199,0.119893,,157,19,176,7086,0.0,1.37749,0.0647707,0.217925,0.0549618,,163,2,2,15000,0.0,0.0945264,0.00076656,0.468716,0.0823138,,155,16,198,8759,0.0,1.6163,0.0711965,0.261483,0.0736252,,170,12,132,13459,0.0,0.87146,0.0496336,0.422602,0.100159,,183,12,126,13122,0.0,0.944057,0.0464301,0.428457,0.0933522,,184,13,60,14503,0.0,0.441391,0.0234534,0.506179,0.0988951,,186,3,4,15000,0.0,0.101706,0.00131628,0.450678,0.0807353,,153,21,136,4617,0.0,1.06961,0.0502358,0.141954,0.0401267,,149,14,208,11867,0.0,1.29682,0.0767346,0.339286,0.0920449,,145,16,200,9158,0.0,1.22536,0.0744141,0.279943,0.0731046,,159,15,194,10773,0.0,1.39206,0.0699524,0.332002,0.0800068,,175,12,150,13155,0.0,1.00869,0.0576438,0.499447,0.100781,,174,12,104,14049,0.0,0.695432,0.0382855,0.454399,0.102462,,179,13,74,13835,0.0,0.55928,0.0265773,0.465258,0.0946621,,178,4,8,15000,0.0,0.1235,0.00313977,0.420052,0.0838281,,165,4,8,15000,0.0,0.122737,0.00303124,0.452474,0.0808358,,177,12,124,13006,0.0,0.876657,0.0467997,0.428001,0.091236,,181,13,200,12525,0.0,1.46141,0.0705743,0.387451,0.0935224,,146,16,188,9767,0.0,1.25996,0.0681476,0.300616,0.0745827,,187,10,128,14137,0.0,0.83786,0.0464191,0.451484,0.110452,,161,13,244,11077,0.0,1.68057,0.0897837,0.339824,0.0841306,,168,10,80,14182,0.0,0.495418,0.0285001,0.425749,0.101113,,190,7,36,14819,0.0,0.268091,0.0124143,0.543344,0.0911143,,171,10,108,14076,0.0,0.611966,0.0390024,0.453739,0.0978507,,148,14,164,12435,0.0,0.964891,0.0596607,0.381613,0.0983286,,132,36,4,32,0.0,0.0199005,0.001248,0.00450938,0.000307993,,176,8,58,14747,0.0,0.399103,0.0208214,0.457387,0.0990978,,158,13,122,13560,0.0,0.752082,0.045702,0.458889,0.0938706,,156,1,1,15000,0.0,0.661806,0.000776023,0.571031,0.0840459,,169,11,86,14261,0.0,0.513252,0.030553,0.476166,0.10184,,173,21,122,2958,0.0,0.935151,0.0448638,0.0898715,0.0251533,,154,3,4,15000,0.0,0.104486,0.00207753,0.457481,0.0825152,,172,1,1,15000,0.0,0.554944,0.000635661,0.464109,0.0831427,,150,12,162,12957,0.0,0.893033,0.0608641,0.403398,0.0980098,,152,7,32,14875,0.0,0.259587,0.0107577,0.405505,0.105522,,144,10,118,14058,0.0,0.838315,0.0419614,0.424145,0.102512,,,,,,
147,15,200,9867,0.0,1.31199,0.073929,0.28638,0.0781152,,188,2,2,15000,0.0,0.0887286,0.000808894,0.454187,0.078449,,166,14,208,11052,0.0,1.49322,0.0745417,0.33597,0.085897,,191,1,1,15000,0.0,0.54281,0.000709248,0.4543,0.0820601,,151,8,56,14673,0.0,0.387657,0.018478,0.376575,0.0970441,,180,13,124,13660,0.0,0.867227,0.0451631,0.450135,0.102419,,167,13,142,12814,0.0,0.996737,0.0538958,0.428188,0.0903039,,185,5,12,14964,0.0,0.142337,0.00429924,0.490717,0.0870636,,160,6,28,14975,0.0,0.235044,0.00928864,0.40496,0.0965957,,189,6,28,14994,0.0,0.243364,0.00964604,0.530979,0.0988737,,162,15,242,10127,0.0,1.83227,0.0825662,0.298985,0.0774965,,164,10,52,14675,0.0,0.371155,0.019784,0.459862,0.105686,,157,20,166,6160,0.0,1.29717,0.0593387,0.184269,0.0475268,,163,3,4,15000,0.0,0.103772,0.00155949,0.43757,0.0831626,,155,17,212,7771,0.0,1.65346,0.0733875,0.232105,0.0598557,,170,13,160,12813,0.0,1.10148,0.0616033,0.394824,0.0958161,,183,13,158,12625,0.0,1.19187,0.055251,0.396382,0.0919461,,184,14,82,14290,0.0,0.650348,0.0264205,0.477993,0.106687,,186,4,8,15000,0.0,0.122364,0.00302763,0.472921,0.0847587,,153,22,114,3755,0.0,0.921392,0.0370053,0.116291,0.0325091,,149,15,214,10718,0.0,1.44407,0.0795296,0.316871,0.0834316,,145,17,188,7947,0.0,1.25834,0.0680162,0.231538,0.060169,,159,16,208,9678,0.0,1.573,0.0725391,0.293494,0.071793,,175,13,162,12454,0.0,1.13752,0.0593628,0.387961,0.0977472,,174,13,140,13547,0.0,0.986712,0.0533363,0.453804,0.101688,,179,14,96,13356,0.0,0.766018,0.0333989,0.443443,0.104856,,178,5,16,15000,0.0,0.162707,0.00566312,0.426051,0.086413,,165,5,12,14964,0.0,0.136671,0.0043774,0.437401,0.0798678,,177,13,142,12390,0.0,1.04935,0.0526107,0.410886,0.0909696,,181,14,214,11130,0.0,1.62788,0.0796589,0.339067,0.081201,,146,17,200,8633,0.0,1.43377,0.0718072,0.258901,0.0676333,,187,11,170,13589,0.0,1.13962,0.0637284,0.419595,0.103916,,161,14,226,9630,0.0,1.66157,0.0788828,0.289161,0.0728455,,168,11,116,13914,0.0,0.687983,0.0410456,0.438176,0.105737,,190,8,50,14720,0.0,0.365659,0.0193162,0.52315,0.105846,,171,11,142,13516,0.0,0.863595,0.0533229,0.440767,0.0974468,,148,15,196,11642,0.0,1.22858,0.0721343,0.331907,0.0895326,,182,0,0,0,30.2167,0.0,0.0,0.0,0.0,,176,9,86,14489,0.0,0.52948,0.0297925,0.459564,0.10198,,158,14,138,13034,0.0,0.899471,0.0508831,0.551593,0.103196,,156,2,2,15000,0.0,0.0916898,0.000719494,0.532401,0.0806971,,169,12,124,13938,0.0,0.789751,0.0481244,0.459843,0.0979784,,173,22,104,2269,0.0,0.778958,0.0367139,0.0703477,0.0181899,,154,4,8,15000,0.0,0.131588,0.00327357,0.446651,0.0878522,,172,2,2,15000,0.0,0.0919226,0.000823734,0.465381,0.080964,,150,13,186,12015,0.0,1.13765,0.07168,0.36431,0.0930295,,152,8,52,14805,0.0,0.34824,0.0170918,0.393677,0.106652,,144,11,152,13559,0.0,0.958347,0.0534269,0.362089,0.100167,,,,,,
147,16,222,8602,0.0,1.60119,0.0803097,0.251783,0.0655845,,188,3,4,15000,0.0,0.103097,0.00153739,0.474002,0.083982,,166,15,230,10193,0.0,1.73189,0.0818442,0.312103,0.0805123,,191,2,2,15000,0.0,0.091467,0.000889278,0.486275,0.0811299,,151,9,76,14504,0.0,0.443874,0.02472,0.40113,0.0972013,,180,14,136,13038,0.0,1.0127,0.049385,0.424897,0.0917537,,167,14,156,11812,0.0,1.14209,0.0572018,0.3866,0.0862878,,185,6,20,14927,0.0,0.219153,0.00755305,0.513119,0.122436,,160,7,46,14929,0.0,0.310106,0.0152693,0.387406,0.0926033,,189,7,44,14914,0.0,0.338901,0.0156825,0.529954,0.0962183,,162,16,224,8671,0.0,1.74765,0.0804702,0.26369,0.067969,,164,11,84,14565,0.0,0.514028,0.0289113,0.488122,0.103444,,157,21,146,5192,0.0,1.17197,0.0551162,0.15937,0.0421485,,163,4,8,15000,0.0,0.125629,0.00253165,0.419269,0.0833306,,155,18,208,6552,0.0,1.62505,0.0751191,0.196924,0.0505805,,170,14,180,11964,0.0,1.29301,0.0662291,0.359562,0.0908336,,183,14,166,11768,0.0,1.33412,0.0610162,0.373375,0.0996557,,184,15,104,13875,0.0,0.767822,0.0386509,0.449218,0.102114,,186,5,16,15000,0.0,0.169846,0.00584996,0.472847,0.0907933,,153,23,102,3184,0.0,0.834613,0.0382746,0.101199,0.0262904,,149,16,230,9599,0.0,1.65167,0.0833024,0.290002,0.07617,,145,18,184,6762,0.0,1.32584,0.063641,0.20493,0.0527114,,159,17,224,8644,0.0,1.75258,0.0778763,0.262549,0.0672085,,175,14,186,11549,0.0,1.46876,0.0681899,0.35805,0.0919538,,174,14,172,12913,0.0,1.25727,0.0628943,0.412101,0.0953074,,179,15,122,12796,0.0,0.910115,0.0450102,0.405771,0.0989465,,178,6,28,14983,0.0,0.225981,0.00891133,0.429985,0.0954202,,165,6,14,14922,0.0,0.146308,0.00489499,0.438751,0.0806729,,177,14,140,11594,0.0,1.01412,0.0497218,0.37955,0.0832085,,181,15,240,9888,0.0,1.87798,0.0832803,0.307177,0.0782286,,146,18,198,7300,0.0,1.50897,0.07047,0.215646,0.0597504,,187,12,204,12747,0.0,1.45263,0.0747015,0.39109,0.0974693,,161,15,200,8337,0.0,1.5418,0.0731343,0.252788,0.0644356,,168,12,156,13338,0.0,0.987659,0.0584317,0.422315,0.0995438,,190,9,64,14476,0.0,0.459272,0.0229434,0.478214,0.100901,,171,12,166,12670,0.0,1.05723,0.0576235,0.392213,0.0918771,,148,16,228,10646,0.0,1.55032,0.084316,0.316157,0.0807421,,182,1,1,15000,0.0,0.523408,0.000652713,0.433914,0.0829618,,176,10,126,14136,0.0,0.774513,0.0483025,0.461443,0.104795,,158,15,158,12289,0.0,1.07677,0.0594127,0.397854,0.0889354,,156,3,4,15000,0.0,0.101249,0.00206103,0.531948,0.080418,,169,13,162,13364,0.0,1.07158,0.0590741,0.444141,0.0962532,,173,23,82,1614,0.0,0.597359,0.0294791,0.0496535,0.0130346,,154,5,12,14982,0.0,0.15114,0.00444128,0.428509,0.0878972,,172,3,4,15000,0.0,0.103517,0.00141115,0.439878,0.083292,,150,14,208,10805,0.0,1.3676,0.0778467,0.340514,0.0840084,,152,9,72,14590,0.0,0.438659,0.0239713,0.405696,0.110974,,144,12,192,12807,0.0,1.05105,0.064279,0.331193,0.0953192,,,,,,
147,17,212,7458,0.0,1.60707,0.0706854,0.215633,0.0616771,,188,4,8,15000,0.0,0.121724,0.00295291,0.487053,0.0846291,,166,16,210,8789,0.0,1.62565,0.0779821,0.272527,0.0698734,,191,3,4,15000,0.0,0.103474,0.00146026,0.504793,0.0828318,,151,10,100,14192,0.0,0.560979,0.0355487,0.410246,0.103006,,180,15,158,12270,0.0,1.20927,0.0504552,0.375573,0.090463,,167,15,166,10976,0.0,1.24331,0.0599251,0.343221,0.0802484,,185,7,34,14896,0.0,0.256595,0.0122451,0.505288,0.0983995,,160,8,66,14764,0.0,0.407325,0.0222837,0.404956,0.0957948,,189,8,62,14787,0.0,0.4276,0.0240152,0.52308,0.105905,,162,17,212,7349,0.0,1.66443,0.0790814,0.227828,0.0567314,,164,12,116,14205,0.0,0.718896,0.0415824,0.4855,0.104205,,157,22,146,4466,0.0,1.18817,0.0512167,0.13208,0.0360799,,163,5,16,15000,0.0,0.164335,0.0056147,0.419407,0.0855797,,155,19,190,5413,0.0,1.48411,0.0688228,0.16108,0.0424678,,170,15,170,10880,0.0,1.26632,0.0618449,0.3203,0.0843729,,183,15,186,10916,0.0,1.55621,0.0699539,0.344177,0.096018,,184,16,134,13448,0.0,1.02068,0.0495647,0.43013,0.103714,,186,6,26,14974,0.0,0.257716,0.0092114,0.496503,0.0942628,,153,24,92,2635,0.0,0.729324,0.0322924,0.0850491,0.0213229,,149,17,244,8447,0.0,1.85902,0.0880413,0.254607,0.0683544,,145,19,194,5952,0.0,1.43804,0.0704784,0.176221,0.0454161,,159,18,206,7321,0.0,1.61738,0.0750779,0.224464,0.0564703,,175,15,204,10587,0.0,1.55383,0.075225,0.321729,0.0838588,,174,15,182,11787,0.0,1.37359,0.0649822,0.361165,0.0904256,,179,16,146,12267,0.0,1.12176,0.0476347,0.367834,0.0979309,,178,7,46,14871,0.0,0.316936,0.016347,0.444789,0.105419,,165,7,14,14888,0.0,0.151569,0.00483907,0.441738,0.0859079,,177,15,162,10814,0.0,1.21593,0.0603226,0.367382,0.077408,,181,16,214,8364,0.0,1.67828,0.0803667,0.261961,0.0655427,,146,19,190,6348,0.0,1.48138,0.0680695,0.186604,0.0508977,,187,13,220,11665,0.0,1.65244,0.0804959,0.36201,0.0879833,,161,16,176,7275,0.0,1.38513,0.0623559,0.21695,0.0587886,,168,13,172,12300,0.0,1.17029,0.0649272,0.38918,0.0900538,,190,10,96,14356,0.0,0.686757,0.0357892,0.475506,0.104275,,171,13,158,11491,0.0,1.05953,0.0580529,0.358289,0.095831,,148,17,256,9494,0.0,1.85309,0.0941731,0.28444,0.0720362,,182,2,2,15000,0.0,0.0926184,0.000932216,0.452354,0.081515,,176,11,150,13606,0.0,0.951639,0.0570959,0.4221,0.102069,,158,16,184,11427,0.0,1.3225,0.0670051,0.356047,0.0860182,,156,4,8,15000,0.0,0.123822,0.00330805,0.445816,0.0821561,,169,14,176,12440,0.0,1.22851,0.0642778,0.397552,0.0889386,,173,24,44,898,0.0,0.320277,0.0158392,0.0306828,0.00753836,,154,6,22,14973,0.0,0.199102,0.00770525,0.410845,0.0887402,,172,4,8,15000,0.0,0.121339,0.00300717,0.421233,0.0827886,,150,15,192,9437,0.0,1.37728,0.072214,0.277824,0.0748004,,152,10,100,14346,0.0,0.560146,0.0335937,0.412764,0.100044,,144,13,190,11718,0.0,0.949028,0.0630843,0.308245,0.0848501,,,,,,
147,18,206,6213,0.0,1.59927,0.0731814,0.181089,0.0500414,,188,5,14,14987,0.0,0.157447,0.00529657,0.516522,0.093541,,166,17,198,7234,0.0,1.55832,0.074651,0.221554,0.0567476,,191,4,8,15000,0.0,0.125648,0.00288396,0.546843,0.0848782,,151,11,122,13638,0.0,0.686092,0.0451349,0.420663,0.105434,,180,16,174,11421,0.0,1.35016,0.0638494,0.355036,0.0847502,,167,16,178,10191,0.0,1.35138,0.0634149,0.316576,0.0747692,,185,8,48,14735,0.0,0.316968,0.0169886,0.517658,0.0968137,,160,9,90,14472,0.0,0.521603,0.0318718,0.415759,0.103474,,189,9,78,14483,0.0,0.523677,0.0292074,0.455379,0.109456,,162,18,224,6348,0.0,1.76256,0.0814619,0.191124,0.0513194,,164,13,132,13572,0.0,0.852066,0.0476172,0.432319,0.103617,,157,23,134,3500,0.0,1.05596,0.0470628,0.106625,0.0302627,,163,6,26,14955,0.0,0.207557,0.00896016,0.432121,0.0870141,,155,20,158,4221,0.0,1.27753,0.0576082,0.131892,0.0335947,,170,16,224,10211,0.0,1.72923,0.0736528,0.303865,0.0771597,,183,16,174,9798,0.0,1.36954,0.0637614,0.300034,0.0749105,,184,17,164,12900,0.0,1.27788,0.0569544,0.395087,0.0994977,,186,7,42,14914,0.0,0.339566,0.0161564,0.490788,0.107192,,153,25,64,1748,0.0,0.497968,0.0239108,0.0550757,0.0146189,,149,18,216,7141,0.0,1.73037,0.0742593,0.2101,0.0565119,,145,20,142,4817,0.0,1.07939,0.0503754,0.14475,0.0362628,,159,19,174,6083,0.0,1.36171,0.062914,0.182969,0.0475014,,175,16,194,9339,0.0,1.4994,0.0733559,0.287603,0.0743521,,174,16,200,10903,0.0,1.56311,0.0658974,0.338152,0.083438,,179,17,174,11366,0.0,1.3373,0.0643939,0.344927,0.0898301,,178,8,70,14753,0.0,0.435385,0.0240365,0.454401,0.0982641,,165,8,24,14864,0.0,0.196068,0.00765308,0.451576,0.0883629,,177,16,170,10021,0.0,1.31973,0.0622412,0.333461,0.0726921,,181,17,178,7081,0.0,1.42754,0.0635067,0.211201,0.0577425,,146,20,158,5150,0.0,1.23631,0.0568254,0.155874,0.0405507,,187,14,234,10595,0.0,1.82022,0.0869551,0.326033,0.0805217,,161,17,176,6381,0.0,1.39023,0.0617424,0.186062,0.049644,,168,14,172,11127,0.0,1.24396,0.06531,0.33132,0.0859783,,190,11,118,13877,0.0,0.907579,0.0431884,0.453839,0.109157,,171,14,182,10725,0.0,1.31864,0.0665669,0.323289,0.0831901,,148,18,260,8077,0.0,2.00355,0.0963314,0.233464,0.0633445,,182,3,4,15000,0.0,0.100773,0.00163923,0.414147,0.0816247,,176,12,178,12853,0.0,1.20335,0.0636468,0.382286,0.101744,,158,17,204,10430,0.0,1.54457,0.0706443,0.324713,0.0820492,,156,5,10,14959,0.0,0.13034,0.0035569,0.427609,0.0830823,,169,15,206,11574,0.0,1.51367,0.0752432,0.370194,0.0896464,,173,25,36,720,0.0,0.245313,0.013782,0.0251532,0.00580943,,154,7,26,14847,0.0,0.22899,0.00932382,0.400289,0.105096,,172,5,14,14996,0.0,0.154902,0.00493852,0.44938,0.0845666,,150,16,210,8437,0.0,1.54474,0.0771696,0.247351,0.0656238,,152,11,120,13957,0.0,0.692635,0.0430581,0.416313,0.102558,,144,14,204,10484,0.0,1.04481,0.0705189,0.285346,0.0797388,,,,,,
147,19,178,4934,0.0,1.4018,0.0633376,0.149366,0.040373,,188,6,24,14960,0.0,0.222888,0.00846392,0.50813,0.0965931,,166,18,162,6267,0.0,1.26838,0.0595225,0.189723,0.0469729,,191,5,16,15000,0.0,0.165092,0.00609813,0.548658,0.0873173,,151,12,148,13033,0.0,0.84748,0.0538193,0.416003,0.0997573,,180,17,198,10484,0.0,1.55962,0.071571,0.32927,0.0845967,,167,17,170,9105,0.0,1.31209,0.0631196,0.292599,0.0679139,,185,9,66,14595,0.0,0.511077,0.0239391,0.515379,0.0978553,,160,10,128,14198,0.0,0.728568,0.0456559,0.43723,0.102504,,189,10,112,14215,0.0,0.807708,0.043332,0.442006,0.110462,,162,19,200,5082,0.0,1.61252,0.0683302,0.152456,0.039761,,164,14,150,12973,0.0,1.02249,0.0537673,0.398231,0.100412,,157,24,118,2659,0.0,0.889327,0.0420682,0.0836451,0.0227571,,163,7,34,14831,0.0,0.253269,0.0113323,0.416419,0.0990824,,155,21,134,3150,0.0,1.12171,0.0480385,0.0953949,0.0287801,,170,17,210,8759,0.0,1.63484,0.0717788,0.258712,0.0686788,,183,17,184,8930,0.0,1.4814,0.121163,0.266773,0.0695531,,184,18,172,11989,0.0,1.34726,0.0624808,0.363862,0.0924372,,186,8,58,14630,0.0,0.400674,0.0215232,0.495599,0.122074,,153,26,44,1480,0.0,0.330509,0.016412,0.0489497,0.0117579,,149,19,178,5591,0.0,1.40498,0.0615033,0.163104,0.0433601,,145,21,136,3932,0.0,1.05418,0.0518443,0.12247,0.0310551,,159,20,158,4886,0.0,1.24706,0.0549722,0.146921,0.0395084,,175,17,208,8376,0.0,1.63059,0.0769599,0.253032,0.0742137,,174,17,182,9810,0.0,1.43399,0.0679627,0.296164,0.0769921,,179,18,170,10304,0.0,1.33324,0.0592734,0.310345,0.0818432,,178,9,100,14434,0.0,0.590033,0.0351451,0.471819,0.0993555,,165,9,34,14741,0.0,0.252627,0.0118282,0.468693,0.0934606,,177,17,172,9098,0.0,1.34333,0.0638726,0.291747,0.0662217,,181,18,184,6058,0.0,1.47695,0.0650387,0.182421,0.0479139,,146,21,126,3966,0.0,1.00086,0.0462503,0.120057,0.0306733,,187,15,250,9265,0.0,1.96503,0.0845059,0.276744,0.0714726,,161,18,160,5410,0.0,1.27641,0.0574789,0.159058,0.0421164,,168,15,194,10068,0.0,1.43497,0.0703413,0.296341,0.0802707,,190,12,152,13439,0.0,1.08026,0.0554591,0.434527,0.0969744,,171,15,194,9738,0.0,1.47925,0.0626976,0.285895,0.0738132,,148,19,232,6341,0.0,1.80744,0.0824729,0.186809,0.0492107,,182,4,8,15000,0.0,0.120587,0.00272933,0.445103,0.0825348,,176,13,186,11819,0.0,1.33429,0.0713916,0.353107,0.0898231,,158,18,194,9245,0.0,1.50594,0.0679345,0.288678,0.0694006,,156,6,14,14939,0.0,0.155716,0.00471887,0.415421,0.0884099,,169,16,212,10504,0.0,1.6395,0.0767681,0.323222,0.0779185,,173,26,32,491,0.0,0.232187,0.0118809,0.0161247,0.0041465,,154,8,42,14824,0.0,0.320799,0.0146672,0.420991,0.121665,,172,6,24,14971,0.0,0.203969,0.00801458,0.424954,0.0854535,,150,17,212,7133,0.0,1.6392,0.0769542,0.213208,0.0567377,,152,12,148,13354,0.0,0.860138,0.0539564,0.4207,0.102009,,144,15,244,9465,0.0,1.29803,0.0868517,0.26653,0.0733694,,,,,,
147,20,136,3789,0.0,1.07063,0.0445299,0.11224,0.0297684,,188,7,46,14948,0.0,0.327708,0.0179148,0.50396,0.102009,,166,19,160,5179,0.0,1.26219,0.054986,0.155117,0.0417736,,191,6,24,14947,0.0,0.212418,0.00940688,0.555125,0.0920268,,151,13,174,12238,0.0,1.08561,0.0643264,0.380308,0.0926302,,180,18,200,9559,0.0,1.58212,0.0662949,0.288241,0.0745829,,167,18,170,8303,0.0,1.34434,0.0613108,0.260852,0.0625847,,185,10,94,14379,0.0,0.653119,0.0336984,0.47775,0.0972032,,160,11,150,13424,0.0,0.850252,0.0548319,0.413944,0.100674,,189,11,160,13829,0.0,1.15579,0.0585144,0.432425,0.106385,,162,20,136,3671,0.0,1.10489,0.0482145,0.111799,0.0291296,,164,15,146,12080,0.0,1.08356,0.0528627,0.37322,0.0905759,,157,25,98,2037,0.0,0.727607,0.0361499,0.0618123,0.0171856,,163,8,42,14716,0.0,0.289529,0.0141882,0.418767,0.0991204,,155,22,112,2382,0.0,0.876023,0.041358,0.0704011,0.0194335,,170,18,204,7259,0.0,1.67045,0.0727745,0.218939,0.056215,,183,18,190,7810,0.0,1.58547,0.0672037,0.225494,0.0619756,,184,19,182,11093,0.0,1.43733,0.0641472,0.326348,0.0829851,,186,9,90,14446,0.0,0.558867,0.0337629,0.495221,0.101966,,153,27,38,1154,0.0,0.291311,0.0126726,0.0395682,0.00958598,,149,20,152,4317,0.0,1.22243,0.0530808,0.12533,0.0342801,,145,22,122,2984,0.0,0.966653,0.0435084,0.0909189,0.0246089,,159,21,132,4053,0.0,1.06053,0.0427302,0.122764,0.0326103,,175,18,190,6844,0.0,1.51349,0.0653974,0.202915,0.0600457,,174,18,178,8745,0.0,1.41486,0.0590325,0.264681,0.0650713,,179,19,172,9081,0.0,1.33164,0.0618265,0.27416,0.0721592,,178,10,116,13883,0.0,0.712206,0.0427396,0.465249,0.0992659,,165,10,48,14641,0.0,0.325914,0.0174107,0.489433,0.0913506,,177,18,172,8250,0.0,1.35161,0.0634905,0.263775,0.063015,,181,19,142,5010,0.0,1.16183,0.0507595,0.15299,0.0400634,,146,22,110,3361,0.0,0.845042,0.0402304,0.103361,0.0254868,,187,16,238,7688,0.0,1.88533,0.0853129,0.23084,0.0606999,,161,19,150,4395,0.0,1.17512,0.054459,0.134832,0.0348956,,168,16,196,8805,0.0,1.52244,0.0677868,0.260208,0.0676574,,190,13,182,12507,0.0,1.3773,0.0643924,0.395948,0.0915679,,171,16,194,8713,0.0,1.5079,0.0666344,0.255844,0.0699074,,148,20,200,4839,0.0,1.58079,0.066521,0.140227,0.0380532,,182,5,12,14976,0.0,0.142061,0.00438189,0.461897,0.0852253,,176,14,222,10882,0.0,1.65721,0.0830807,0.327649,0.0834963,,158,19,208,8267,0.0,1.64105,0.0739198,0.260932,0.0627277,,156,7,28,14939,0.0,0.231591,0.0114494,0.400344,0.099754,,169,17,204,9476,0.0,1.60058,0.0733913,0.290817,0.0741954,,173,27,18,305,0.0,0.115281,0.00678008,0.0111469,0.00266651,,154,9,62,14692,0.0,0.392535,0.0207722,0.430343,0.101242,,172,7,32,14834,0.0,0.233169,0.0106268,0.44457,0.0878307,,150,18,194,6017,0.0,1.52331,0.0686986,0.176784,0.0472954,,152,13,174,12731,0.0,1.08657,0.0647545,0.394992,0.0977705,,144,16,236,7811,0.0,1.41754,0.0922673,0.238658,0.0614992,,,,,,
147,21,114,3126,0.0,0.917016,0.0420477,0.0923355,0.0253861,,188,8,76,14784,0.0,0.496267,0.027634,0.498818,0.106102,,166,20,152,4379,0.0,1.23077,0.0498287,0.132061,0.0347813,,191,7,38,14869,0.0,0.307612,0.0145717,0.55855,0.100317,,151,14,182,11240,0.0,1.23194,0.0674,0.332257,0.0856494,,180,19,192,8269,0.0,1.52705,0.0679528,0.254437,0.0643531,,167,19,188,7530,0.0,1.46667,0.0679195,0.232327,0.0583563,,185,11,118,13961,0.0,0.854694,0.0472196,0.447892,0.102215,,160,12,172,12645,0.0,1.07684,0.0654462,0.405102,0.0944303,,189,12,196,12988,0.0,1.459,0.0701953,0.398126,0.0972575,,162,21,112,2870,0.0,0.88174,0.0392523,0.0873328,0.0234401,,164,16,174,11439,0.0,1.31361,0.063988,0.350435,0.0878773,,157,26,60,1329,0.0,0.441246,0.0222659,0.0412996,0.0108915,,163,9,64,14577,0.0,0.400141,0.0218966,0.419334,0.100159,,155,23,86,1671,0.0,0.660527,0.0309262,0.0512384,0.0141663,,170,19,212,5980,0.0,1.68568,0.0779258,0.178388,0.0477431,,183,19,226,6918,0.0,1.82197,0.0799634,0.204832,0.0561103,,184,20,212,10077,0.0,1.68659,0.0755748,0.300439,0.0764139,,186,10,118,13967,0.0,0.755019,0.0427543,0.453016,0.100777,,153,28,34,946,0.0,0.248636,0.0119129,0.0338954,0.00766418,,149,21,134,3287,0.0,1.05289,0.0488986,0.0980791,0.0268019,,145,23,84,2138,0.0,0.635118,0.0301367,0.065575,0.0177402,,159,22,124,3018,0.0,1.00437,0.0454534,0.0943769,0.025164,,175,19,144,5600,0.0,1.16553,0.0493684,0.166216,0.0471057,,174,19,196,7848,0.0,1.5455,0.0691356,0.233527,0.06003,,179,20,204,8138,0.0,1.60707,0.0720348,0.246889,0.0644911,,178,11,130,13272,0.0,0.837547,0.0494797,0.40295,0.0973837,,165,11,62,14437,0.0,0.409216,0.0216628,0.513738,0.094505,,177,19,180,7384,0.0,1.43695,0.0643868,0.235044,0.0598523,,181,20,126,4311,0.0,0.998572,0.0454524,0.130247,0.035003,,146,23,106,2760,0.0,0.853347,0.037426,0.0824332,0.0211439,,187,17,220,6283,0.0,1.78345,0.0791352,0.192082,0.0493913,,161,20,140,3508,0.0,1.14003,0.0523443,0.104992,0.0294672,,168,17,212,7688,0.0,1.65297,0.0726695,0.226313,0.0628785,,190,14,192,11479,0.0,1.49727,0.0686336,0.356751,0.0868526,,171,17,180,7362,0.0,1.41154,0.064667,0.221066,0.0608859,,148,21,168,3712,0.0,1.32206,0.0599806,0.112585,0.0298699,,182,6,24,14976,0.0,0.20423,0.00803892,0.481073,0.0918909,,176,15,236,9596,0.0,1.81952,0.0826986,0.283911,0.074267,,158,20,182,6976,0.0,1.43995,0.0687469,0.215731,0.0555964,,156,8,42,14834,0.0,0.28928,0.0147528,0.409901,0.0936103,,169,18,208,8339,0.0,1.61591,0.0709863,0.248871,0.0654509,,173,28,16,191,0.0,0.111608,0.00530846,0.00997758,0.00175283,,154,10,94,14426,0.0,0.555369,0.0330421,0.452122,0.0991981,,172,8,44,14761,0.0,0.293602,0.0153387,0.459074,0.0894205,,150,19,188,4826,0.0,1.4722,0.0675889,0.141921,0.0381459,,152,14,208,11752,0.0,1.38083,0.0747756,0.344284,0.0913062,,144,17,208,6263,0.0,1.36561,0.0765794,0.19926,0.0504797,,,,,,
147,22,114,2440,0.0,0.874688,0.0418025,0.0752781,0.0205762,,188,9,116,14497,0.0,0.747115,0.0419776,0.458122,0.105042,,166,21,120,3426,0.0,0.965577,0.0456279,0.108497,0.0268794,,191,8,54,14783,0.0,0.407369,0.0197465,0.539652,0.0983416,,151,15,182,10079,0.0,1.30948,0.0608071,0.298471,0.0777366,,180,20,196,7288,0.0,1.59902,0.0679624,0.218219,0.057728,,167,20,182,6524,0.0,1.42774,0.066383,0.195995,0.0511229,,185,12,146,13383,0.0,1.07625,0.0531765,0.4361,0.0979306,,160,13,190,11677,0.0,1.28295,0.0733248,0.350915,0.0885486,,189,13,222,11958,0.0,1.71826,0.073862,0.360929,0.0962606,,162,22,100,2245,0.0,0.77015,0.0352353,0.0689994,0.0185776,,164,17,194,10524,0.0,1.50454,0.0640902,0.320157,0.0813103,,157,27,40,960,0.0,0.297037,0.0145976,0.029827,0.0077905,,163,10,102,14428,0.0,0.589841,0.0369595,0.453941,0.0994101,,155,24,78,1255,0.0,0.588667,0.0272479,0.0426077,0.0108132,,170,20,184,4691,0.0,1.48788,0.0669349,0.140756,0.0390228,,183,20,194,5437,0.0,1.48308,0.0702414,0.161131,0.0439056,,184,21,248,9019,0.0,2.00906,0.0838868,0.267519,0.0707581,,186,11,164,13395,0.0,1.13868,0.0582314,0.427316,0.101755,,153,29,24,764,0.0,0.182506,0.00871123,0.0248555,0.00579587,,149,22,104,2579,0.0,0.838142,0.0360754,0.0753668,0.0210676,,145,24,68,1623,0.0,0.558059,0.0237612,0.0511135,0.0141903,,159,23,96,2283,0.0,0.755773,0.0346728,0.0703758,0.0187924,,175,20,154,5024,0.0,1.25214,0.05609,0.149826,0.0412434,,174,20,192,6767,0.0,1.55581,0.0689851,0.206189,0.0520952,,179,21,198,6938,0.0,1.60361,0.0776195,0.210381,0.055567,,178,12,168,12776,0.0,1.14598,0.0595276,0.384927,0.0983462,,165,12,78,14171,0.0,0.51426,0.0293757,0.530701,0.0927799,,177,20,166,6320,0.0,1.34925,0.0607688,0.193873,0.0502876,,181,21,120,3559,0.0,0.925796,0.0417299,0.105183,0.0282639,,146,24,96,2065,0.0,0.773767,0.0339439,0.0631511,0.0166844,,187,18,170,4875,0.0,1.33678,0.0614568,0.147917,0.038346,,161,21,116,2712,0.0,0.93474,0.042604,0.0831851,0.022224,,168,18,220,6509,0.0,1.71858,0.0788345,0.192826,0.0521617,,190,15,212,10189,0.0,1.68025,0.0758653,0.314569,0.0770412,,171,18,168,6434,0.0,1.31597,0.0546154,0.187516,0.0506544,,148,22,138,2617,0.0,1.1155,0.0509434,0.0813198,0.0218602,,182,7,36,14912,0.0,0.264028,0.0130067,0.509195,0.0913672,,176,16,226,8190,0.0,1.78877,0.0817228,0.246116,0.0698832,,158,21,150,5793,0.0,1.18995,0.0527131,0.175398,0.0475694,,156,9,72,14773,0.0,0.445536,0.0251404,0.431026,0.0969271,,169,19,176,6843,0.0,1.381,0.0652916,0.213491,0.0537366,,173,29,10,104,0.0,0.0673145,0.00340188,0.00634057,0.000978562,,154,11,120,13938,0.0,0.710787,0.0406098,0.447644,0.0977707,,172,9,58,14554,0.0,0.3902,0.0211957,0.475837,0.0989627,,150,20,160,3770,0.0,1.29145,0.0559505,0.112475,0.0299529,,152,15,224,10619,0.0,1.62256,0.0783784,0.314247,0.0789865,,144,18,170,5094,0.0,1.18221,0.064165,0.152314,0.0409336,,,,,,
147,23,80,1829,0.0,0.645604,0.0297292,0.0590111,0.0155458,,188,10,158,14014,0.0,1.07711,0.0574404,0.436603,0.10282,,166,22,126,2748,0.0,0.991237,0.0456358,0.0826817,0.0224869,,191,9,74,14575,0.0,0.498663,0.02644,0.505099,0.101641,,151,16,190,8938,0.0,1.40337,0.0671594,0.267091,0.0681749,,180,21,170,5837,0.0,1.33894,0.0619013,0.175388,0.0465933,,167,21,178,5350,0.0,1.44858,0.0625841,0.161409,0.0431667,,185,13,160,12674,0.0,1.17666,0.0564881,0.398378,0.0926686,,160,14,186,10546,0.0,1.34356,0.0621507,0.314782,0.0808331,,189,14,240,10781,0.0,1.87049,0.0848723,0.325327,0.0835265,,162,23,70,1647,0.0,0.522033,0.0251962,0.0547058,0.0137233,,164,18,196,9416,0.0,1.53331,0.0683192,0.283046,0.073554,,157,28,34,778,0.0,0.235772,0.0130389,0.0253633,0.0064273,,163,11,120,13831,0.0,0.66313,0.0450166,0.4408,0.0978939,,155,25,54,712,0.0,0.409065,0.0204903,0.0249222,0.00634064,,170,21,154,3693,0.0,1.2305,0.0572481,0.116304,0.0322319,,183,21,160,4139,0.0,1.2254,0.0560335,0.121011,0.0332097,,184,22,262,7706,0.0,2.0208,0.0955581,0.228284,0.0591726,,186,12,192,12360,0.0,1.41641,0.0676474,0.379758,0.091401,,153,30,22,562,0.0,0.168638,0.0080759,0.0192407,0.00445197,,149,23,106,1964,0.0,0.867924,0.0361421,0.0611339,0.0167338,,145,25,52,1221,0.0,0.393508,0.0182116,0.0407406,0.0104229,,159,24,66,1609,0.0,0.514948,0.0236074,0.0512268,0.0127485,,175,21,122,3982,0.0,0.96803,0.0444906,0.121782,0.0327506,,174,21,186,5695,0.0,1.5061,0.0682891,0.174943,0.0439615,,179,22,188,5522,0.0,1.49854,0.0685816,0.229185,0.0440929,,178,13,178,11784,0.0,1.27492,0.0645454,0.345504,0.0887397,,165,13,100,13881,0.0,0.681664,0.0372282,0.504366,0.0919615,,177,21,128,5283,0.0,1.03101,0.0476266,0.163376,0.0426825,,181,22,98,2771,0.0,0.743567,0.0337126,0.0813647,0.0226429,,146,25,74,1355,0.0,0.588988,0.0274756,0.0453558,0.0112081,,187,19,148,3809,0.0,1.12442,0.0547376,0.119868,0.0316917,,161,22,84,1642,0.0,0.652586,0.0311065,0.0524129,0.0147762,,168,19,188,5209,0.0,1.47084,0.0701068,0.157652,0.0418911,,190,16,218,9150,0.0,1.78907,0.0782999,0.27944,0.0702506,,171,19,146,5402,0.0,1.15495,0.055194,0.162206,0.041992,,148,23,108,1948,0.0,0.878055,0.0395626,0.0599854,0.0162764,,182,8,58,14844,0.0,0.401359,0.0207358,0.51805,0.0935784,,176,17,210,6893,0.0,1.6485,0.0759134,0.205936,0.0575691,,158,22,140,4851,0.0,1.13367,0.0511658,0.146326,0.0386492,,156,10,90,14436,0.0,0.545736,0.0326661,0.448889,0.100432,,169,20,150,5861,0.0,1.21758,0.0533973,0.182081,0.0459493,,173,30,4,53,0.0,0.0274012,0.00143339,0.00453008,0.00047511,,154,12,144,13302,0.0,0.887162,0.0541297,0.442678,0.102168,,172,10,74,14324,0.0,0.487051,0.0259591,0.499558,0.0935028,,150,21,122,2783,0.0,0.965122,0.0441144,0.0818647,0.0224837,,152,16,198,9382,0.0,1.5079,0.0685439,0.279098,0.0691695,,144,19,122,4204,0.0,0.870709,0.045535,0.127522,0.0328479,,,,,,
147,24,60,1258,0.0,0.486905,0.0213704,0.0417487,0.0105759,,188,11,188,13298,0.0,1.36263,0.0632056,0.414671,0.0979479,,166,23,110,1962,0.0,0.828939,0.0407699,0.0603832,0.016652,,191,10,106,14254,0.0,0.747889,0.0385242,0.477584,0.10312,,151,17,180,7696,0.0,1.39523,0.0655482,0.228755,0.0611959,,180,22,162,5031,0.0,1.2172,0.0602123,0.151758,0.0399431,,167,22,140,4410,0.0,1.10463,0.0501868,0.132948,0.0348619,,185,14,174,11769,0.0,1.31924,0.0625182,0.368535,0.0869536,,160,15,194,9622,0.0,1.41521,0.0697077,0.296555,0.0716912,,189,15,238,9424,0.0,1.88545,0.084607,0.285406,0.0722718,,162,24,48,1173,0.0,0.362472,0.0172697,0.0369522,0.00927304,,164,19,174,8235,0.0,1.37915,0.0573948,0.244193,0.0655966,,157,29,28,567,0.0,0.199293,0.00921897,0.0185386,0.004657,,163,12,146,13281,0.0,0.920413,0.0531116,0.429128,0.0975672,,155,26,28,382,0.0,0.205633,0.00976753,0.0141597,0.00343834,,170,22,98,2647,0.0,0.759885,0.035691,0.0814417,0.0240336,,183,22,126,3308,0.0,0.874321,0.0453994,0.0940299,0.0265433,,184,23,268,6058,0.0,1.92809,0.0956912,0.17443,0.048779,,186,13,188,11042,0.0,1.44294,0.0612237,0.331061,0.082641,,153,31,20,396,0.0,0.151285,0.00727672,0.0165977,0.00331508,,149,24,80,1362,0.0,0.633801,0.0280137,0.0432631,0.0116967,,145,26,42,960,0.0,0.33341,0.0146302,0.0313442,0.0075881,,159,25,44,1185,0.0,0.334149,0.0160654,0.0371775,0.00920906,,175,22,118,3325,0.0,0.917039,0.0435201,0.0978992,0.0277494,,174,22,160,4411,0.0,1.24503,0.0573904,0.134141,0.035185,,179,23,154,4181,0.0,1.23363,0.0551132,0.126614,0.032752,,178,14,188,10561,0.0,1.39374,0.0687412,0.316124,0.082367,,165,14,98,13225,0.0,0.700688,0.0352368,0.476823,0.0902024,,177,22,124,4578,0.0,0.967664,0.0450984,0.138724,0.0365774,,181,23,82,2145,0.0,0.605409,0.0295379,0.066976,0.0169046,,146,26,52,792,0.0,0.413142,0.0187571,0.0271679,0.00696297,,187,20,126,3009,0.0,0.914181,0.043668,0.0890525,0.0240488,,161,23,48,1114,0.0,0.383614,0.0170068,0.0340213,0.00930724,,168,20,134,3844,0.0,1.08812,0.0495563,0.114967,0.031342,,190,17,226,7819,0.0,1.81994,0.0790288,0.232733,0.0595803,,171,20,148,4607,0.0,1.19134,0.0490975,0.134827,0.037116,,148,24,72,1201,0.0,0.584732,0.027658,0.0389893,0.0103481,,182,9,76,14547,0.0,0.499455,0.0284623,0.533898,0.0954497,,176,18,198,5772,0.0,1.57999,0.0729825,0.170164,0.0475845,,158,23,130,4097,0.0,1.04849,0.0475054,0.126504,0.0333235,,156,11,120,14088,0.0,0.709645,0.040236,0.461045,0.0990572,,169,21,146,4970,0.0,1.18188,0.0532623,0.153867,0.0397837,,173,31,4,11,0.0,0.0234158,0.00196018,0.00300655,0.000214454,,154,13,158,12608,0.0,1.00068,0.0537611,0.389577,0.0950927,,172,11,96,14028,0.0,0.60984,0.0346199,0.506095,0.0951182,,150,22,108,2053,0.0,0.878661,0.0347889,0.0630348,0.0179363,,152,17,208,8129,0.0,1.61616,0.07418,0.243027,0.0625731,,144,20,114,3349,0.0,0.863078,0.0414472,0.0963055,0.0257351,,,,,,
147,25,40,884,0.0,0.316215,0.0154685,0.0304008,0.00727037,,188,12,178,12087,0.0,1.34292,0.067382,0.384006,0.0915257,,166,24,78,1290,0.0,0.584746,0.0286211,0.0406505,0.0110562,,191,11,144,13798,0.0,1.05854,0.0524824,0.435489,0.10424,,151,18,182,6760,0.0,1.41535,0.0641943,0.19633,0.052164,,180,23,134,3901,0.0,0.977462,0.0470102,0.116124,0.0310071,,167,23,128,3574,0.0,0.989793,0.0474171,0.106313,0.0281945,,185,15,200,10959,0.0,1.54451,0.0752654,0.35154,0.0833224,,160,16,186,8484,0.0,1.44135,0.0680067,0.258769,0.0663038,,189,16,218,8167,0.0,1.73096,0.0763609,0.243086,0.0640099,,162,25,42,943,0.0,0.295964,0.0147262,0.0304813,0.00775401,,164,20,188,7424,0.0,1.50368,0.0644432,0.214122,0.0608524,,157,30,16,411,0.0,0.109062,0.00504472,0.0157631,0.00331723,,163,13,166,12532,0.0,1.11668,0.0624338,0.411825,0.0942056,,155,27,20,266,0.0,0.138274,0.00745996,0.0105964,0.00225717,,170,23,62,1909,0.0,0.47056,0.0230374,0.0601191,0.0161137,,183,23,110,2571,0.0,0.786729,0.0394443,0.0712382,0.0237418,,184,24,212,4409,0.0,1.3683,0.0747308,0.117378,0.035685,,186,14,182,9889,0.0,1.41812,0.0633549,0.302706,0.0736878,,153,32,22,329,0.0,0.153959,0.00784749,0.0130178,0.00297058,,149,25,56,846,0.0,0.441807,0.0210142,0.0269752,0.00756803,,145,27,18,594,0.0,0.137589,0.00643038,0.023149,0.00465959,,159,26,40,1037,0.0,0.289416,0.0147717,0.0333381,0.00814778,,175,23,104,2681,0.0,0.775797,0.0373459,0.0795196,0.0219487,,174,23,130,3435,0.0,0.975665,0.0463575,0.10265,0.0266891,,179,24,112,3240,0.0,0.829584,0.0404774,0.099771,0.0247219,,178,15,196,9542,0.0,1.50903,0.073237,0.28425,0.0728096,,165,15,110,12687,0.0,0.764672,0.0387453,0.431501,0.0892356,,177,23,104,3702,0.0,0.791285,0.03652,0.110353,0.029405,,181,24,82,1850,0.0,0.58871,0.0287427,0.0581378,0.0147069,,146,27,42,537,0.0,0.337943,0.0153465,0.0192802,0.00501886,,187,21,108,2277,0.0,0.745791,0.0375627,0.0680825,0.018807,,161,24,28,751,0.0,0.207745,0.00978928,0.025678,0.00666769,,168,21,114,3148,0.0,0.928147,0.0395871,0.0955953,0.0243862,,190,18,184,6354,0.0,1.47612,0.0688544,0.193551,0.0489718,,171,21,156,3743,0.0,1.26574,0.0561713,0.111224,0.0302616,,148,25,50,710,0.0,0.402051,0.017034,0.0224607,0.00638996,,182,10,98,14185,0.0,0.654211,0.0365104,0.509656,0.0939938,,176,19,168,4437,0.0,1.3647,0.0591344,0.131251,0.0356226,,158,24,96,3323,0.0,0.753254,0.0342818,0.0997572,0.0269362,,156,12,114,13324,0.0,0.719168,0.0428562,0.448972,0.101642,,169,22,114,4217,0.0,0.900178,0.0436067,0.127774,0.03289,,217,0,0,0,29.5954,0.0,0.0,0.0,0.0,,154,14,156,11675,0.0,1.04473,0.0559287,0.35538,0.0965702,,172,12,106,13619,0.0,0.714863,0.0384678,0.47085,0.0924807,,150,23,102,1422,0.0,0.834399,0.0361161,0.0444821,0.0127546,,152,18,210,7023,0.0,1.64445,0.0759985,0.210968,0.0539578,,144,21,110,2780,0.0,0.822284,0.0363717,0.082599,0.0214708,,,,,,
147,26,38,627,0.0,0.315839,0.0134423,0.0245556,0.00545783,,188,13,176,10976,0.0,1.38118,0.065199,0.346313,0.0802333,,166,25,46,860,0.0,0.333195,0.0167174,0.0279674,0.00704356,,191,12,166,13074,0.0,1.23806,0.0602728,0.408142,0.0981839,,151,19,188,5764,0.0,1.47095,0.0675776,0.172037,0.0450583,,180,24,108,3152,0.0,0.762729,0.0382643,0.0911273,0.0247656,,167,24,108,2863,0.0,0.813635,0.0380346,0.084274,0.0222301,,185,16,192,9654,0.0,1.49465,0.0712468,0.300556,0.0714048,,160,17,178,6856,0.0,1.40033,0.0618549,0.203769,0.053475,,189,17,226,6883,0.0,1.82741,0.0809918,0.204904,0.0574856,,162,26,30,653,0.0,0.22612,0.0107092,0.0230009,0.00514677,,164,21,180,6256,0.0,1.45144,0.0607837,0.182804,0.0509361,,157,31,14,323,0.0,0.0907666,0.00521318,0.0114627,0.00259644,,163,14,180,11811,0.0,1.26725,0.0651354,0.364625,0.0898444,,155,28,6,65,0.0,0.0426129,0.00188719,0.00581281,0.000568107,,170,24,64,1675,0.0,0.481545,0.0232623,0.0522798,0.013947,,183,24,82,1768,0.0,0.505966,0.0286536,0.0493167,0.0148355,,184,25,162,2939,0.0,0.938495,0.0566566,0.0810595,0.025182,,186,15,168,8779,0.0,1.31924,0.0613246,0.264053,0.0682924,,153,33,20,218,0.0,0.139137,0.0076784,0.010163,0.00221019,,149,26,36,495,0.0,0.275448,0.012185,0.0204851,0.00425318,,145,28,12,457,0.0,0.0884216,0.00437074,0.0159788,0.00341484,,159,27,40,800,0.0,0.297301,0.0149013,0.0274296,0.00638794,,175,24,86,2094,0.0,0.635536,0.0306085,0.0620177,0.0173303,,174,24,114,2598,0.0,0.828733,0.0415602,0.0783486,0.0209657,,179,25,82,2488,0.0,0.61047,0.0295739,0.0745464,0.0193983,,178,16,212,8462,0.0,1.65921,0.0766131,0.248811,0.0638976,,165,16,142,12260,0.0,1.04363,0.0504787,0.397843,0.086371,,177,24,96,3110,0.0,0.705002,0.0350499,0.0923811,0.023457,,181,25,64,1268,0.0,0.447085,0.0221839,0.0378096,0.0103045,,146,28,22,287,0.0,0.172796,0.00810319,0.0140039,0.00262917,,187,22,84,1518,0.0,0.56082,0.0291117,0.0463356,0.013139,,161,25,20,565,0.0,0.142263,0.00633664,0.0212781,0.0050548,,168,22,94,2404,0.0,0.754862,0.035478,0.0761398,0.0192119,,190,19,172,5234,0.0,1.32083,0.0613085,0.159085,0.0408408,,171,22,118,2710,0.0,0.934258,0.0421133,0.0830086,0.0221706,,148,26,36,385,0.0,0.277575,0.0125072,0.0164382,0.00382822,,182,11,114,13684,0.0,0.794957,0.0435645,0.494449,0.0963514,,176,20,154,3364,0.0,1.21154,0.0544657,0.100353,0.0275373,,158,25,104,2863,0.0,0.829456,0.0392141,0.0872546,0.0222595,,156,13,140,12772,0.0,0.896007,0.0510914,0.398851,0.0994083,,169,23,120,3547,0.0,0.932755,0.0429731,0.106485,0.0283302,,217,1,1,15000,0.0,0.580995,0.000695739,0.490771,0.0839556,,154,15,170,10859,0.0,1.21911,0.0613706,0.326435,0.0866266,,172,13,130,13145,0.0,0.92203,0.0487822,0.455783,0.0935087,,150,24,52,842,0.0,0.412152,0.0186073,0.0289582,0.0074425,,152,19,214,5847,0.0,1.68053,0.0775547,0.179551,0.0463718,,144,22,102,2199,0.0,0.805686,0.0371832,0.06701,0.0174504,,,,,,
147,27,26,406,0.0,0.207301,0.00973278,0.0166918,0.00366655,,188,14,210,10070,0.0,1.64582,0.0738454,0.312037,0.0745888,,166,26,28,505,0.0,0.209135,0.0100884,0.0171798,0.00414462,,191,13,204,12354,0.0,1.58532,0.0744729,0.387919,0.097207,,151,20,192,4729,0.0,1.51925,0.0682781,0.138225,0.038213,,180,25,100,2562,0.0,0.672201,0.0353901,0.0696881,0.0200791,,167,25,86,2178,0.0,0.633969,0.0306011,0.0658563,0.01873,,185,17,194,8659,0.0,1.55609,0.0688907,0.261446,0.0653187,,160,18,184,5971,0.0,1.45432,0.0623945,0.174739,0.0464385,,189,18,222,5704,0.0,1.70115,0.0799445,0.169518,0.046256,,162,27,30,535,0.0,0.21049,0.0104635,0.0184882,0.00431327,,164,22,182,5162,0.0,1.47389,0.0680542,0.153812,0.0420187,,157,32,18,256,0.0,0.123997,0.00630797,0.0107411,0.0021348,,163,15,184,10796,0.0,1.35888,0.0658957,0.323654,0.0809935,,155,29,2,15,0.0,0.0129697,0.00142783,0.00457546,0.000153202,,170,25,52,1340,0.0,0.379516,0.0183022,0.0443634,0.0103611,,183,25,62,1344,0.0,0.364329,0.0211304,0.0379722,0.0105794,,184,26,124,2062,0.0,0.644852,0.0433977,0.0566864,0.0177224,,186,16,188,7670,0.0,1.48178,0.0671839,0.224059,0.0614471,,153,34,10,57,0.0,0.0658079,0.00327672,0.00540268,0.000615011,,149,27,16,245,0.0,0.126768,0.00506636,0.0142108,0.00218759,,145,29,12,401,0.0,0.085275,0.0042634,0.0144606,0.00308207,,159,28,30,520,0.0,0.227238,0.0110445,0.0172344,0.00447493,,175,25,80,1565,0.0,0.572971,0.0288036,0.0461796,0.0134747,,174,25,94,1901,0.0,0.648399,0.0335371,0.0585491,0.0162775,,179,26,70,2037,0.0,0.48873,0.0246284,0.0618534,0.015871,,178,17,202,7361,0.0,1.59415,0.0692013,0.211095,0.0554884,,165,17,164,11401,0.0,1.26284,0.0609442,0.359277,0.0816544,,177,25,106,2614,0.0,0.775282,0.0384805,0.0762132,0.0208004,,181,26,46,790,0.0,0.306778,0.0163654,0.0269225,0.00677871,,146,29,10,136,0.0,0.0748348,0.00310781,0.00770732,0.00124628,,187,23,46,989,0.0,0.305114,0.017771,0.0300562,0.0086974,,161,26,16,442,0.0,0.127248,0.00511853,0.0187004,0.00401312,,168,23,86,1929,0.0,0.669808,0.0316185,0.0583892,0.0154031,,190,20,140,3992,0.0,1.04821,0.0515846,0.117507,0.0334176,,171,23,86,1972,0.0,0.666703,0.0322658,0.0609328,0.0158904,,148,27,18,183,0.0,0.135229,0.00597408,0.0105494,0.00178907,,182,12,122,13121,0.0,0.850288,0.0439819,0.440575,0.0935021,,176,21,110,2428,0.0,0.833523,0.0405657,0.0738066,0.0194053,,158,26,88,2175,0.0,0.672486,0.0309603,0.0672892,0.0170702,,156,14,140,11975,0.0,0.962987,0.0496634,0.371667,0.0877714,,169,24,94,2932,0.0,0.712979,0.034383,0.0875075,0.0232751,,217,2,2,15000,0.0,0.0920206,0.000811972,0.495002,0.081406,,154,16,216,9993,0.0,1.62177,0.080427,0.296071,0.0783875,,172,14,148,12520,0.0,1.08513,0.0542528,0.425412,0.0888468,,150,25,28,455,0.0,0.223572,0.00951661,0.016129,0.00433325,,152,20,178,4599,0.0,1.45309,0.0661377,0.136982,0.0367457,,144,23,86,1479,0.0,0.649837,0.0311471,0.0458943,0.0122611,,,,,,
147,28,14,269,0.0,0.112469,0.00468534,0.0137748,0.0023841,,188,15,202,8844,0.0,1.60168,0.0701889,0.266135,0.066563,,166,27,16,279,0.0,0.112356,0.00509406,0.0109707,0.00248118,,191,14,224,11359,0.0,1.74616,0.0795994,0.350848,0.0882858,,151,21,166,3554,0.0,1.31616,0.0592805,0.104228,0.0292104,,180,26,84,1995,0.0,0.529803,0.0306622,0.0552321,0.0160598,,167,26,70,1522,0.0,0.497648,0.0251524,0.0477424,0.0128437,,185,18,200,7562,0.0,1.62049,0.0709477,0.221517,0.0583802,,160,19,172,4837,0.0,1.38041,0.0607818,0.142029,0.0384947,,189,19,184,4257,0.0,1.35116,0.0669374,0.125769,0.0344021,,162,28,20,293,0.0,0.150863,0.00742681,0.0114304,0.00266133,,164,23,150,4015,0.0,1.16892,0.054328,0.118662,0.0316992,,157,33,8,112,0.0,0.0520739,0.00260541,0.00715287,0.000980436,,163,16,210,9913,0.0,1.60702,0.0758456,0.296503,0.0750185,,206,0,0,0,28.09,0.0,0.0,0.0,0.0,,170,26,26,857,0.0,0.18695,0.00906535,0.0289663,0.00645051,,183,26,42,903,0.0,0.239545,0.0148553,0.02504,0.00732612,,184,27,84,1275,0.0,0.43682,0.0273133,0.0348067,0.0116414,,186,17,178,6471,0.0,1.39575,0.0642594,0.19373,0.0521222,,205,0,0,0,30.7394,0.0,0.0,0.0,0.0,,149,28,6,144,0.0,0.0455666,0.00238215,0.00792802,0.00124139,,145,30,16,348,0.0,0.132858,0.00540596,0.0151126,0.00278124,,159,29,28,400,0.0,0.197781,0.00987528,0.0149359,0.00354498,,175,26,60,1175,0.0,0.415877,0.0219914,0.0353807,0.00987471,,174,26,52,1269,0.0,0.345898,0.0189686,0.0371662,0.0108785,,179,27,50,1605,0.0,0.342248,0.0172416,0.0496475,0.012385,,178,18,210,6192,0.0,1.67016,0.0731291,0.183803,0.0478028,,165,18,178,10632,0.0,1.37854,0.0652734,0.334121,0.0822664,,177,26,88,2029,0.0,0.614834,0.0298392,0.0577057,0.015695,,181,27,44,642,0.0,0.291375,0.0161509,0.0219843,0.005354,,146,30,10,78,0.0,0.079037,0.00414396,0.0061596,0.000810027,,187,24,28,731,0.0,0.16203,0.00993155,0.0243137,0.00607424,,161,27,12,364,0.0,0.0854407,0.00377136,0.0147182,0.00281256,,168,24,66,1179,0.0,0.509539,0.0247176,0.0378215,0.0102461,,190,21,116,3188,0.0,0.824684,0.041123,0.120824,0.0261343,,171,24,64,1375,0.0,0.485842,0.0242703,0.0463598,0.0111668,,148,28,6,64,0.0,0.0451438,0.00201708,0.00518772,0.000602599,,182,13,142,12540,0.0,1.05746,0.0515388,0.413061,0.087216,,176,22,80,1841,0.0,0.598503,0.0290497,0.0546106,0.0145655,,158,27,88,1687,0.0,0.647039,0.0322111,0.0498161,0.0135144,,156,15,164,11170,0.0,1.20916,0.0546761,0.352029,0.0850101,,169,25,76,2318,0.0,0.564128,0.0265228,0.0687815,0.0181469,,217,3,4,15000,0.0,0.106059,0.00136917,0.46638,0.0855239,,154,17,250,8870,0.0,1.93468,0.0868045,0.258735,0.0692621,,172,15,142,11522,0.0,1.03454,0.0525588,0.377782,0.0845897,,150,26,20,307,0.0,0.16304,0.00753622,0.0125131,0.00281993,,152,21,152,3452,0.0,1.22894,0.0559206,0.10737,0.0281701,,144,24,64,970,0.0,0.491334,0.0232551,0.0341612,0.00841482,,,,,,
147,29,4,153,0.0,0.0299202,0.00192532,0.00859394,0.00104692,,188,16,186,7226,0.0,1.47834,0.0650692,0.221252,0.057346,,166,28,10,208,0.0,0.068851,0.00323267,0.00918259,0.00166951,,191,15,220,10136,0.0,1.73382,0.0777048,0.307258,0.0798667,,151,22,134,2488,0.0,1.08559,0.0493669,0.078704,0.0207402,,180,27,76,1531,0.0,0.448759,0.0268911,0.0438579,0.0127497,,167,27,54,1150,0.0,0.376323,0.0184682,0.0343598,0.00948894,,185,19,192,6366,0.0,1.55862,0.0672334,0.192487,0.0505259,,160,20,142,3798,0.0,1.11671,0.0490117,0.115498,0.0317166,,189,20,128,3134,0.0,0.886623,0.0454451,0.0923118,0.0254037,,162,29,20,200,0.0,0.139263,0.00627344,0.0108743,0.00189504,,164,24,142,3208,0.0,1.07571,0.049754,0.0950465,0.0258698,,157,34,4,54,0.0,0.0242164,0.00190737,0.00384662,0.000471825,,163,17,198,8696,0.0,1.53935,0.0745702,0.262668,0.0641615,,206,1,1,15000,0.0,0.678701,0.000784194,0.586694,0.0841768,,170,27,26,748,0.0,0.194696,0.00958504,0.0253251,0.00560617,,183,27,28,588,0.0,0.163016,0.00988995,0.0170647,0.00482503,,184,28,54,761,0.0,0.277861,0.0182975,0.0215496,0.0070435,,186,18,188,5431,0.0,1.51789,0.0687805,0.164654,0.0434287,,205,1,1,15000,0.0,0.708172,0.00085119,0.614623,0.0860628,,149,29,8,133,0.0,0.0512099,0.00325022,0.00698709,0.00110777,,145,31,12,215,0.0,0.102121,0.00409606,0.00947948,0.00182552,,159,30,24,228,0.0,0.170763,0.00858893,0.00969408,0.00223441,,175,27,42,763,0.0,0.292227,0.014731,0.0243524,0.00671266,,174,27,44,995,0.0,0.292006,0.0152801,0.0282938,0.00805581,,179,28,50,1206,0.0,0.324014,0.0175151,0.0374647,0.00969331,,178,19,208,5069,0.0,1.75019,0.069151,0.148646,0.0440783,,165,19,152,9532,0.0,1.19552,0.0554287,0.301674,0.073381,,177,27,68,1377,0.0,0.451967,0.0237761,0.0400344,0.011489,,181,28,20,239,0.0,0.133961,0.00757474,0.0103585,0.00227126,,146,31,2,29,0.0,0.0154928,0.00149599,0.0049506,0.00027812,,187,25,18,541,0.0,0.118558,0.00640246,0.0170289,0.00451125,,161,28,8,266,0.0,0.0547999,0.00293908,0.0106584,0.00213425,,168,25,44,807,0.0,0.337568,0.0160589,0.0286677,0.00664599,,190,22,98,2502,0.0,0.659159,0.0356603,0.0732985,0.0218817,,171,25,62,1030,0.0,0.464275,0.021065,0.0326084,0.00878874,,148,29,6,26,0.0,0.0472712,0.00294256,0.00425086,0.000358699,,182,14,162,11908,0.0,1.24983,0.0575445,0.375142,0.0890502,,176,23,76,1355,0.0,0.559765,0.028313,0.0432161,0.011063,,158,28,54,967,0.0,0.386711,0.0193055,0.0299289,0.00806256,,156,16,168,10262,0.0,1.26448,0.0610424,0.317907,0.0770863,,169,26,52,1751,0.0,0.369721,0.0187319,0.0531676,0.0140982,,217,4,8,15000,0.0,0.126687,0.00270212,0.431934,0.0846087,,154,18,228,7576,0.0,1.795,0.0844995,0.229862,0.0581547,,172,16,156,10848,0.0,1.17298,0.0563607,0.369005,0.0765659,,150,27,8,197,0.0,0.054866,0.00234877,0.00878005,0.00162576,,152,22,122,2646,0.0,0.975821,0.0452498,0.0834243,0.0219862,,144,25,46,575,0.0,0.365788,0.0168002,0.019833,0.00515607,,,,,,
147,30,4,142,0.0,0.0287523,0.00222044,0.00898525,0.00104012,,188,17,174,6044,0.0,1.40862,0.0632195,0.182696,0.049465,,166,29,8,133,0.0,0.0547234,0.00329083,0.00751546,0.00118112,,191,16,212,8727,0.0,1.67459,0.0801063,0.266766,0.0688322,,151,23,82,1612,0.0,0.664334,0.0312002,0.0511129,0.0135519,,180,28,60,1119,0.0,0.350489,0.0199398,0.0326242,0.00930316,,167,28,28,779,0.0,0.197708,0.00977163,0.0247135,0.00612576,,185,20,168,5268,0.0,1.30553,0.0594814,0.158882,0.040765,,160,21,118,2923,0.0,0.954285,0.0411204,0.0899336,0.0244506,,189,21,90,2330,0.0,0.597011,0.0314571,0.0640765,0.0189196,,162,30,10,87,0.0,0.0746193,0.00346889,0.00623146,0.000781732,,164,25,126,2426,0.0,0.917484,0.0431758,0.0715508,0.0196666,,157,35,2,26,0.0,0.0111185,0.000975784,0.00399839,0.000256871,,163,18,186,7345,0.0,1.46281,0.0675326,0.218044,0.0573334,,206,2,2,15000,0.0,0.0980439,0.00077142,0.552729,0.083154,,170,28,36,654,0.0,0.25481,0.0124688,0.0224958,0.00526874,,183,28,20,361,0.0,0.102701,0.00719988,0.0122783,0.00316078,,184,29,16,407,0.0,0.0792558,0.0056852,0.013447,0.00323599,,186,19,156,4096,0.0,1.25016,0.0552779,0.127485,0.0331422,,205,2,2,15000,0.0,0.0940481,0.000779866,0.585747,0.0830647,,149,30,4,89,0.0,0.0342619,0.00205914,0.0064008,0.000740036,,145,32,10,153,0.0,0.0801934,0.00375681,0.00807509,0.0013739,,159,31,12,68,0.0,0.0947587,0.00392714,0.00797197,0.000829515,,175,28,32,519,0.0,0.21703,0.0112734,0.0172849,0.00475859,,174,28,34,762,0.0,0.208156,0.0118347,0.0247938,0.00630293,,179,29,40,933,0.0,0.269369,0.0145598,0.0278451,0.00752308,,178,20,186,3897,0.0,1.47479,0.0674733,0.116008,0.0315969,,165,20,156,8747,0.0,1.24225,0.0548639,0.273514,0.0693,,177,28,66,1054,0.0,0.40728,0.0232534,0.0324717,0.00906443,,181,29,18,187,0.0,0.116001,0.00732645,0.00797261,0.00175092,,146,32,2,9,0.0,0.0116502,0.00103594,0.00661085,0.000130112,,187,26,8,434,0.0,0.0470577,0.00281415,0.0141852,0.00318387,,161,29,6,228,0.0,0.040416,0.00269591,0.00961955,0.00168079,,168,26,32,549,0.0,0.233317,0.0107737,0.0181134,0.00468737,,190,23,82,1986,0.0,0.532635,0.0286312,0.0573597,0.0159431,,171,26,44,529,0.0,0.333994,0.0160098,0.0184812,0.00498788,,197,0,0,0,28.3199,0.0,0.0,0.0,0.0,,182,15,176,10991,0.0,1.38588,0.0639393,0.342659,0.0811391,,176,24,48,858,0.0,0.344332,0.0163331,0.0289942,0.00693578,,158,29,46,678,0.0,0.31886,0.0169092,0.0231309,0.00608665,,156,17,194,9448,0.0,1.51209,0.0705225,0.289898,0.0718796,,169,27,36,1460,0.0,0.251776,0.0129085,0.0441054,0.0112561,,217,5,16,15000,0.0,0.168369,0.00580152,0.446486,0.0895937,,154,19,206,6037,0.0,1.61738,0.0763798,0.180346,0.0470525,,172,17,156,9963,0.0,1.23098,0.0544984,0.335092,0.0710593,,150,28,4,157,0.0,0.0281883,0.00204084,0.00856154,0.0010739,,152,23,92,1836,0.0,0.723804,0.0324586,0.0572312,0.0155642,,144,26,22,283,0.0,0.177524,0.00862539,0.0122841,0.00260311,,,,,,
147,31,4,127,0.0,0.0295053,0.00217467,0.00926105,0.00095174,,188,18,168,4800,0.0,1.34273,0.0621075,0.14963,0.0395329,,166,30,10,112,0.0,0.0692478,0.00367413,0.00642939,0.00100467,,191,17,188,7432,0.0,1.51305,0.0696807,0.224164,0.0597826,,151,24,56,1132,0.0,0.444522,0.0189862,0.0374672,0.00959229,,180,29,52,780,0.0,0.297466,0.0183691,0.0233107,0.00699536,,167,29,24,642,0.0,0.152709,0.00839616,0.0200162,0.00507322,,185,21,142,4295,0.0,1.05196,0.0502753,0.127551,0.0334338,,160,22,82,2151,0.0,0.668963,0.0297703,0.0674817,0.0175735,,189,22,64,1771,0.0,0.393735,0.0231626,0.0494316,0.0144752,,210,0,0,0,30.3396,0.0,0.0,0.0,0.0,,164,26,90,1487,0.0,0.634969,0.0314101,0.0455911,0.0129901,,157,36,4,26,0.0,0.0198951,0.00133865,0.00438589,0.000274962,,163,19,188,6341,0.0,1.50777,0.0666759,0.184346,0.0506363,,206,3,4,15000,0.0,0.113466,0.00198218,0.491291,0.0846135,,170,29,20,258,0.0,0.136983,0.00709707,0.0107206,0.0024095,,183,29,14,191,0.0,0.0705005,0.00493728,0.00919686,0.00169112,,184,30,10,362,0.0,0.0483027,0.00343644,0.0121158,0.0027515,,186,20,120,3142,0.0,0.934444,0.0426061,0.097202,0.0253773,,205,3,4,15000,0.0,0.103728,0.00144394,0.517129,0.081657,,149,31,6,85,0.0,0.042469,0.00546353,0.0157712,0.000762557,,145,33,12,121,0.0,0.0888437,0.00431697,0.00671118,0.00116015,,207,0,0,0,29.7347,0.0,0.0,0.0,0.0,,175,29,22,238,0.0,0.143489,0.00772137,0.00931551,0.00240346,,174,29,28,572,0.0,0.173532,0.009708,0.0186787,0.00458955,,179,30,32,724,0.0,0.19569,0.0111094,0.0238346,0.00592733,,178,21,158,2576,0.0,1.19452,0.059808,0.0776001,0.0217551,,165,21,168,7969,0.0,1.35657,0.0575282,0.23762,0.0621465,,177,29,52,671,0.0,0.324007,0.0185094,0.0214131,0.00594551,,181,30,8,54,0.0,0.0465906,0.00277105,0.00559444,0.000624603,,194,0,0,0,30.3254,0.0,0.0,0.0,0.0,,187,27,12,427,0.0,0.0735561,0.00433227,0.0158456,0.00322305,,161,30,8,220,0.0,0.0607751,0.00308966,0.00922405,0.00175899,,168,27,26,318,0.0,0.194395,0.00939316,0.0127397,0.00307449,,190,24,42,1427,0.0,0.26527,0.0145344,0.0395727,0.0109644,,171,27,30,261,0.0,0.211922,0.010555,0.0113478,0.00276574,,197,1,1,15000,0.0,0.876597,0.000931158,0.729252,0.14088,,182,16,170,10052,0.0,1.34313,0.0619286,0.312825,0.0775263,,176,25,36,515,0.0,0.246798,0.0125513,0.0189565,0.00452134,,158,30,36,476,0.0,0.244594,0.0125119,0.0192067,0.004271,,156,18,190,8308,0.0,1.49505,0.0697151,0.247338,0.0666653,,169,28,44,1330,0.0,0.313337,0.0153713,0.0401961,0.0101567,,217,6,24,14935,0.0,0.205686,0.0083974,0.428366,0.0936304,,154,20,192,4849,0.0,1.53045,0.068349,0.144134,0.0389757,,172,18,172,9206,0.0,1.3612,0.0614446,0.298289,0.0680556,,150,29,2,121,0.0,0.0140622,0.00153447,0.00863242,0.000861395,,152,24,64,1352,0.0,0.488605,0.023235,0.0447345,0.011592,,144,27,16,183,0.0,0.115908,0.00509429,0.011697,0.00170928,,,,,,
147,32,4,90,0.0,0.0274204,0.00215633,0.00660529,0.000733385,,188,19,132,3888,0.0,1.02391,0.0477338,0.118633,0.0317867,,166,31,2,35,0.0,0.0148806,0.00110029,0.00514931,0.000295867,,191,18,200,6507,0.0,1.5542,0.0721811,0.192977,0.0521731,,151,25,44,864,0.0,0.342171,0.0169828,0.0283798,0.0072086,,180,30,46,487,0.0,0.248913,0.0160114,0.016127,0.00453884,,167,30,14,477,0.0,0.092326,0.00473674,0.0166885,0.00351929,,185,22,118,3384,0.0,0.848597,0.0433919,0.0984725,0.0266957,,160,23,50,1602,0.0,0.398202,0.0184324,0.0506907,0.0123489,,189,23,66,1426,0.0,0.394464,0.0228937,0.0394867,0.0118758,,210,1,1,15000,0.0,0.648182,0.000780603,0.555176,0.0852446,,164,27,50,1054,0.0,0.342289,0.0184571,0.0306441,0.00851,,219,0,0,0,28.8468,0.0,0.0,0.0,0.0,,163,20,156,5065,0.0,1.2564,0.0539694,0.145543,0.0418409,,206,4,8,15000,0.0,0.126192,0.00312785,0.468062,0.0884255,,170,30,12,150,0.0,0.0880062,0.00415851,0.00873777,0.00132456,,183,30,6,146,0.0,0.0310743,0.00227154,0.00632054,0.00112451,,184,31,10,283,0.0,0.0481299,0.00362626,0.0102386,0.00225256,,186,21,108,2345,0.0,0.817953,0.0397158,0.0696763,0.0192443,,205,4,4,14979,0.0,0.103216,0.0017338,0.509394,0.0834782,,149,32,4,68,0.0,0.0319828,0.00227569,0.00547128,0.000539934,,145,34,4,51,0.0,0.0307639,0.00173939,0.00488693,0.000460656,,207,1,1,15000,0.0,0.671178,0.000756499,0.579523,0.0851777,,175,30,8,93,0.0,0.0495636,0.00269241,0.00670047,0.000863583,,174,30,24,411,0.0,0.146961,0.0085786,0.0132813,0.00355698,,179,31,26,475,0.0,0.160409,0.00915828,0.0149951,0.00390328,,178,22,102,1549,0.0,0.752381,0.037093,0.049794,0.0132582,,165,22,166,6989,0.0,1.3391,0.0565134,0.211249,0.0557806,,177,30,34,355,0.0,0.191689,0.0124621,0.0118523,0.00329547,,181,31,2,17,0.0,0.00902753,0.000944091,0.00286532,0.000164207,,194,1,1,15000,0.0,0.823817,0.000939826,0.728127,0.0881178,,187,28,10,368,0.0,0.0654461,0.0037278,0.0136849,0.00262671,,161,31,12,176,0.0,0.0847096,0.00437249,0.00830907,0.00156403,,168,28,14,167,0.0,0.106312,0.0044389,0.00886581,0.00157401,,190,25,38,1177,0.0,0.226942,0.013464,0.0338833,0.00901346,,171,28,8,82,0.0,0.0511857,0.00257004,0.00571556,0.000742663,,197,2,2,15000,0.0,0.152143,0.000750683,0.688056,0.135129,,182,17,164,9160,0.0,1.28567,0.0607727,0.276601,0.071496,,176,26,28,304,0.0,0.199403,0.00949012,0.012915,0.00288729,,158,31,24,277,0.0,0.165863,0.00850363,0.0109751,0.00263039,,156,19,178,7286,0.0,1.4051,0.0588294,0.218075,0.0555503,,169,29,48,1127,0.0,0.325634,0.0162967,0.0349773,0.00864646,,217,7,36,14870,0.0,0.262359,0.0122191,0.423386,0.0941656,,154,21,188,3740,0.0,1.5244,0.0661797,0.11233,0.0310482,,172,19,154,8181,0.0,1.22003,0.0546923,0.256806,0.0640561,,150,30,4,121,0.0,0.0281185,0.0018935,0.00758898,0.0009375,,152,25,42,929,0.0,0.308108,0.014833,0.0315462,0.00758721,,144,28,6,87,0.0,0.0417143,0.00227109,0.00614377,0.00077198,,,,,,
147,33,4,84,0.0,0.0307902,0.00228548,0.00695228,0.000717084,,188,20,106,3053,0.0,0.798762,0.0376565,0.0908215,0.0243269,,166,32,2,14,0.0,0.0104559,0.00131529,0.00410808,0.000157737,,191,19,168,5248,0.0,1.2489,0.0613703,0.156065,0.0410316,,151,26,40,584,0.0,0.324166,0.0140387,0.0192004,0.00525252,,180,31,10,191,0.0,0.0535304,0.00336872,0.00841853,0.00145036,,167,31,12,408,0.0,0.0757873,0.00412253,0.0129639,0.00314908,,185,23,114,2845,0.0,0.78699,0.0388103,0.0808573,0.0222661,,160,24,48,1419,0.0,0.371051,0.0174068,0.0446626,0.0108314,,189,24,52,1046,0.0,0.306314,0.0181242,0.0293057,0.00852869,,210,2,2,15000,0.0,0.0957345,0.000813115,0.524535,0.0829559,,164,28,38,708,0.0,0.254167,0.0134518,0.0210229,0.00587437,,219,1,1,15000,0.0,0.590091,0.000704216,0.498258,0.0840606,,163,21,154,4247,0.0,1.25296,0.0569076,0.12597,0.0353569,,206,5,16,15000,0.0,0.169154,0.00576924,0.437776,0.0906422,,170,31,6,98,0.0,0.039632,0.0023107,0.00584872,0.000845517,,183,31,4,126,0.0,0.0205269,0.0015733,0.00534976,0.000917999,,184,32,6,227,0.0,0.030984,0.00223435,0.00885341,0.0016714,,186,22,86,1258,0.0,0.640337,0.0308587,0.0405292,0.0110659,,205,5,8,14979,0.0,0.128624,0.00288136,0.462709,0.0861098,,198,0,0,0,29.5041,0.0,0.0,0.0,0.0,,145,35,4,43,0.0,0.0327991,0.00225854,0.00479741,0.000350284,,207,2,2,15000,0.0,0.0929195,0.000781714,0.5634,0.0804023,,175,31,4,45,0.0,0.0254756,0.00183216,0.00366886,0.000407522,,174,31,20,288,0.0,0.124417,0.00754765,0.0116303,0.00244487,,179,32,24,363,0.0,0.143314,0.00859005,0.0127657,0.00304605,,178,23,54,867,0.0,0.386016,0.0198481,0.0266072,0.00735269,,165,23,152,5887,0.0,1.23346,0.0548666,0.179354,0.0467528,,177,31,12,125,0.0,0.0721599,0.00422482,0.00703274,0.00125336,,224,0,0,0,28.806,0.0,0.0,0.0,0.0,,194,2,2,15000,0.0,0.0981531,0.000761491,0.766088,0.0849128,,187,29,14,307,0.0,0.0810683,0.00487082,0.0122814,0.00253053,,161,32,8,92,0.0,0.0580931,0.00324978,0.00652538,0.000901678,,168,29,8,102,0.0,0.0588796,0.00273064,0.00668656,0.000936434,,190,26,28,985,0.0,0.165045,0.00988286,0.0285635,0.00739309,,171,29,2,4,0.0,0.0114684,0.00123102,0.0039997,9.7095e-05,,197,3,4,15000,0.0,0.164061,0.00128981,0.608114,0.139222,,182,18,164,8233,0.0,1.29751,0.0604596,0.250375,0.0675907,,176,27,6,137,0.0,0.0405866,0.00204875,0.00706465,0.00116511,,158,32,18,168,0.0,0.118214,0.00621725,0.00889357,0.00157993,,156,20,176,6350,0.0,1.41543,0.0612498,0.188369,0.0510784,,169,30,34,762,0.0,0.22673,0.0123622,0.0238835,0.00597768,,217,8,58,14762,0.0,0.363877,0.0199416,0.437583,0.0944526,,154,22,142,2528,0.0,1.12027,0.0504702,0.077807,0.0214186,,172,20,130,7222,0.0,1.02482,0.0469639,0.224561,0.0549911,,150,31,6,96,0.0,0.043083,0.00258057,0.00691226,0.000825216,,152,26,36,724,0.0,0.269298,0.0126185,0.0254882,0.00584998,,144,29,4,28,0.0,0.0282662,0.00198151,0.00343296,0.000303125,,,,,,
147,34,6,79,0.0,0.043721,0.0027756,0.00701072,0.000709866,,188,21,86,2456,0.0,0.628736,0.0305347,0.0743166,0.019501,,209,0,0,0,30.1765,0.0,0.0,0.0,0.0,,191,20,166,4354,0.0,1.1898,0.0619828,0.126864,0.0342365,,151,27,26,324,0.0,0.195114,0.00937224,0.0121545,0.00300594,,180,32,8,54,0.0,0.0396155,0.00280397,0.00411608,0.00063167,,167,32,8,332,0.0,0.0517984,0.00283064,0.0120332,0.00243413,,185,24,94,2085,0.0,0.601584,0.033725,0.0574713,0.019213,,160,25,48,1120,0.0,0.370048,0.0170366,0.0361802,0.00886222,,189,25,32,655,0.0,0.179844,0.0108463,0.0207621,0.0054495,,210,3,4,15000,0.0,0.105486,0.00144038,0.563602,0.0809661,,164,29,32,543,0.0,0.210677,0.0114229,0.0173321,0.00465271,,219,2,2,15000,0.0,0.0922666,0.00079424,0.485928,0.0816458,,163,22,118,3291,0.0,0.932107,0.0420775,0.0996767,0.0262196,,206,6,30,14987,0.0,0.248188,0.0106661,0.427075,0.0936094,,170,32,4,53,0.0,0.0280342,0.00204585,0.00501201,0.000509226,,183,32,4,114,0.0,0.0199655,0.00146204,0.00507215,0.00083934,,184,33,6,188,0.0,0.0284802,0.0022671,0.00747821,0.00147743,,186,23,56,818,0.0,0.420108,0.0202745,0.027783,0.00714963,,205,6,16,14979,0.0,0.174997,0.00578524,0.443193,0.0853905,,198,1,1,15000,0.0,0.798436,0.000902879,0.702624,0.0867717,,193,0,0,0,29.5411,0.0,0.0,0.0,0.0,,207,3,4,15000,0.0,0.103072,0.00135785,0.504373,0.0823054,,175,32,2,8,0.0,0.0111715,0.00112837,0.00376334,0.000134039,,174,32,8,111,0.0,0.0467495,0.00275915,0.00639895,0.00105398,,179,33,10,175,0.0,0.0631314,0.00340462,0.00778927,0.00144879,,178,24,38,525,0.0,0.261505,0.0139062,0.0185586,0.00474709,,165,24,122,4958,0.0,0.962304,0.0439491,0.152399,0.039549,,177,32,8,73,0.0,0.0470535,0.00285687,0.00456351,0.000737892,,224,1,1,15000,0.0,0.546742,0.000640091,0.456397,0.0832845,,194,3,4,15000,0.0,0.107516,0.00152442,0.705206,0.0830933,,187,30,12,245,0.0,0.0605432,0.00408273,0.00971619,0.00197941,,161,33,4,55,0.0,0.0305473,0.00193932,0.00449278,0.000549644,,168,30,8,62,0.0,0.0573711,0.00339738,0.00513371,0.000658762,,190,27,24,810,0.0,0.142487,0.00822549,0.0233203,0.00617632,,204,0,0,0,27.2246,0.0,0.0,0.0,0.0,,197,4,8,15000,0.0,0.194567,0.00262918,0.522152,0.146452,,182,19,162,7167,0.0,1.31363,0.0595334,0.217496,0.0554688,,176,28,8,125,0.0,0.0512335,0.00269865,0.00674901,0.00105215,,158,33,2,7,0.0,0.0108259,0.000878661,0.00219631,0.000126811,,156,21,158,5374,0.0,1.31855,0.0540419,0.158769,0.0487795,,169,31,32,591,0.0,0.211652,0.0121116,0.0188686,0.00499382,,217,9,76,14502,0.0,0.473995,0.0265852,0.441095,0.121832,,154,23,88,1669,0.0,0.668367,0.0311751,0.0516792,0.0140478,,172,21,112,6473,0.0,0.898094,0.0369098,0.1937,0.0492335,,150,32,2,63,0.0,0.0166901,0.00156679,0.00556855,0.000449869,,152,27,18,393,0.0,0.136661,0.00642522,0.0157785,0.0034164,,192,0,0,0,29.5143,0.0,0.0,0.0,0.0,,,,,,
147,35,4,11,0.0,0.0226996,0.00220297,0.0039631,0.000187995,,188,22,66,1899,0.0,0.478606,0.0240917,0.0563008,0.0148517,,209,1,1,15000,0.0,0.644631,0.000776892,0.54964,0.0850861,,191,21,158,3304,0.0,1.0536,0.0569564,0.0914608,0.0268982,,151,28,14,169,0.0,0.101902,0.00456942,0.0082165,0.0015885,,180,33,2,5,0.0,0.00894092,0.000784057,0.00251195,0.000102554,,167,33,8,283,0.0,0.0547017,0.00329256,0.0104222,0.00211295,,185,25,72,1563,0.0,0.449813,0.025155,0.0433344,0.0124769,,160,26,42,805,0.0,0.324486,0.0163166,0.0263331,0.00686905,,189,26,24,451,0.0,0.131407,0.00802567,0.0143052,0.00388755,,210,4,8,15000,0.0,0.124011,0.00285148,0.502283,0.0807492,,164,30,22,310,0.0,0.145499,0.00774444,0.0110191,0.00271851,,219,3,4,15000,0.0,0.110077,0.0017855,0.461,0.0876888,,163,23,96,2563,0.0,0.748707,0.0356063,0.0774515,0.019952,,206,7,46,14874,0.0,0.343142,0.0158007,0.427502,0.117605,,170,33,2,34,0.0,0.0132927,0.00139897,0.00468009,0.00030438,,183,33,4,49,0.0,0.0224241,0.00163537,0.00321611,0.000466179,,184,34,6,146,0.0,0.0314301,0.00199262,0.00683528,0.00118357,,186,24,46,488,0.0,0.339333,0.0158662,0.0171415,0.00460534,,205,7,22,14921,0.0,0.19956,0.00798924,0.453318,0.0877566,,198,2,2,15000,0.0,0.0969303,0.000834737,0.653129,0.0853419,,193,1,1,15000,0.0,0.803555,0.000924166,0.708126,0.0867845,,207,4,6,14996,0.0,0.109836,0.00205349,0.50771,0.0794088,,220,0,0,0,28.8201,0.0,0.0,0.0,0.0,,174,33,10,67,0.0,0.0511638,0.00372967,0.00514651,0.000784233,,179,34,4,121,0.0,0.0254657,0.00171732,0.00564776,0.000947324,,178,25,20,271,0.0,0.14551,0.00677975,0.00949542,0.00234918,,165,25,102,4062,0.0,0.792605,0.0353517,0.120682,0.0310741,,177,33,4,52,0.0,0.0221267,0.00165059,0.00311942,0.00043223,,224,2,2,15000,0.0,0.0932258,0.000801539,0.455921,0.0811157,,194,4,8,15000,0.0,0.133945,0.00262558,0.663739,0.0837517,,187,31,10,166,0.0,0.0634268,0.00363843,0.00720822,0.00133364,,161,34,4,42,0.0,0.0296741,0.0020104,0.00515587,0.000384032,,168,31,2,9,0.0,0.0120115,0.00144587,0.00453277,0.000130446,,190,28,34,704,0.0,0.197701,0.012178,0.0207048,0.00561341,,204,1,1,15000,0.0,0.687214,0.000867232,0.591571,0.0852058,,197,5,16,15000,0.0,0.217051,0.00529369,0.475364,0.118539,,182,20,170,6276,0.0,1.38124,0.0620599,0.188986,0.0496903,,176,29,4,50,0.0,0.0273383,0.00169789,0.00422217,0.000471269,,218,0,0,0,29.8925,0.0,0.0,0.0,0.0,,156,22,140,4343,0.0,1.1355,0.0501084,0.130337,0.0342115,,169,32,30,458,0.0,0.192959,0.0107244,0.0175419,0.00409737,,217,10,90,14106,0.0,0.573851,0.0328622,0.486241,0.0966935,,154,24,70,1268,0.0,0.526287,0.0251905,0.0412496,0.0105645,,172,22,136,6022,0.0,1.106,0.0500054,0.186126,0.0469134,,150,33,2,51,0.0,0.0150042,0.00136211,0.00651642,0.000402921,,152,28,14,327,0.0,0.110429,0.00448086,0.0141445,0.00258439,,192,1,1,15000,0.0,0.822964,0.000932561,0.728684,0.0861949,,,,,,
195,0,0,0,28.7306,0.0,0.0,0.0,0.0,,188,23,54,1362,0.0,0.377126,0.0201716,0.0418495,0.0105625,,209,2,2,15000,0.0,0.0940749,0.000768106,0.502735,0.0808706,,191,22,118,2338,0.0,0.72083,0.0416193,0.0634872,0.0191343,,151,29,6,100,0.0,0.0402697,0.00221573,0.00631551,0.000827256,,237,0,0,0,28.4866,0.0,0.0,0.0,0.0,,167,34,10,249,0.0,0.0653651,0.00335055,0.0102395,0.00194173,,185,26,50,1158,0.0,0.293038,0.0171012,0.0331606,0.00912479,,160,27,42,523,0.0,0.318536,0.0158757,0.0180124,0.00486467,,189,27,20,365,0.0,0.106106,0.00732728,0.0129963,0.00308461,,210,5,12,14961,0.0,0.140649,0.00424281,0.465887,0.0822096,,164,31,6,117,0.0,0.0344566,0.00201463,0.00631535,0.000983303,,219,4,8,15000,0.0,0.127446,0.00288632,0.431581,0.086427,,163,24,88,2123,0.0,0.669369,0.0308472,0.0654414,0.0167775,,206,8,68,14712,0.0,0.467437,0.0227641,0.403712,0.0960916,,170,34,2,27,0.0,0.0118044,0.00138836,0.00414992,0.000266222,,183,34,4,44,0.0,0.0228855,0.00158126,0.0030806,0.000387267,,184,35,10,131,0.0,0.0534537,0.00328692,0.00625906,0.00116387,,186,25,18,180,0.0,0.124304,0.00665392,0.00874703,0.0018211,,205,8,28,14820,0.0,0.234471,0.00952116,0.428325,0.087203,,198,3,4,15000,0.0,0.110184,0.00129547,0.576961,0.0843901,,193,2,2,15000,0.0,0.0972665,0.000861924,0.760225,0.0828237,,207,5,10,14966,0.0,0.139594,0.00339878,0.464524,0.0816254,,220,1,1,15000,0.0,0.568884,0.000649603,0.47573,0.0840228,,174,34,4,19,0.0,0.0218888,0.00153665,0.00278152,0.000217061,,179,35,6,115,0.0,0.0331514,0.00228017,0.00545745,0.000916347,,178,26,12,196,0.0,0.0874858,0.00413805,0.00856821,0.00155606,,165,26,92,3600,0.0,0.693942,0.0322435,0.106664,0.02725,,230,0,0,0,28.1396,0.0,0.0,0.0,0.0,,224,3,4,15000,0.0,0.102859,0.00141365,0.452016,0.0823201,,194,5,14,14984,0.0,0.182178,0.00547401,0.612116,0.0850343,,187,32,6,62,0.0,0.0362488,0.0023814,0.00443477,0.000611542,,201,0,0,0,30.1055,0.0,0.0,0.0,0.0,,202,0,0,0,30.694,0.0,0.0,0.0,0.0,,190,29,26,475,0.0,0.154717,0.009602,0.0155622,0.00393908,,204,2,2,15000,0.0,0.0958161,0.00133354,0.567016,0.0831353,,197,6,28,14978,0.0,0.259339,0.0107427,0.447571,0.0973875,,182,21,168,5417,0.0,1.30363,0.0610749,0.16166,0.0446201,,176,30,2,37,0.0,0.0131084,0.00130568,0.00480518,0.000309018,,218,1,1,15000,0.0,0.587996,0.000705688,0.496953,0.0847219,,156,23,122,3464,0.0,0.970056,0.0450593,0.103972,0.0275054,,169,33,22,309,0.0,0.128192,0.00774313,0.0114225,0.00277778,,217,11,102,13700,0.0,0.671323,0.038121,0.451232,0.100321,,154,25,50,818,0.0,0.369228,0.0176748,0.0259063,0.00701166,,172,23,126,5020,0.0,1.01218,0.0467659,0.156233,0.0409472,,150,34,4,51,0.0,0.032448,0.00226051,0.00444224,0.000450874,,152,29,8,193,0.0,0.0578316,0.00249518,0.00841012,0.00150916,,192,2,2,15000,0.0,0.0984028,0.000814441,0.755801,0.0823477,,,,,,
195,1,1,15000,0.0,0.820873,0.000946125,0.725893,0.0877539,,188,24,42,888,0.0,0.28802,0.0148208,0.028577,0.00711919,,209,3,2,14988,0.0,0.093904,0.00104798,0.503891,0.0825309,,191,23,82,1658,0.0,0.482193,0.0284662,0.0446292,0.0136001,,151,30,6,78,0.0,0.0452166,0.00287827,0.00628787,0.000637954,,237,1,1,15000,0.0,0.570467,0.000653556,0.434156,0.130103,,167,35,10,201,0.0,0.0600214,0.00375919,0.00826532,0.0015513,,185,27,36,795,0.0,0.21401,0.0124613,0.0226946,0.00653262,,160,28,24,279,0.0,0.190608,0.00854617,0.0114608,0.00253202,,189,28,24,241,0.0,0.132757,0.00869251,0.00909953,0.00238612,,210,6,16,14928,0.0,0.159713,0.00603236,0.453092,0.0808066,,164,32,2,82,0.0,0.0145154,0.00134632,0.00452992,0.000659451,,219,5,14,14984,0.0,0.155057,0.00509456,0.435142,0.0878232,,163,25,68,1586,0.0,0.509888,0.0244042,0.0510136,0.0126044,,206,9,90,14346,0.0,0.515906,0.0300844,0.419191,0.0984245,,170,35,2,9,0.0,0.00966444,0.000858817,0.00411179,0.000162528,,183,35,2,15,0.0,0.0097278,0.000825974,0.00356083,0.000258004,,184,36,6,71,0.0,0.0278675,0.0022008,0.00471918,0.000598648,,186,26,6,84,0.0,0.0405538,0.00202864,0.0058845,0.000757873,,205,9,34,14671,0.0,0.257357,0.0117818,0.43432,0.0897144,,198,4,8,15000,0.0,0.136595,0.00265755,0.547004,0.086776,,193,3,4,15000,0.0,0.119293,0.00132183,0.747357,0.085501,,207,6,12,14919,0.0,0.143081,0.00425735,0.434457,0.0831363,,220,2,2,15000,0.0,0.0935639,0.000776356,0.485329,0.0831016,,228,0,0,0,28.3802,0.0,0.0,0.0,0.0,,179,36,2,69,0.0,0.0111642,0.0010319,0.00466196,0.000501265,,178,27,8,92,0.0,0.0518227,0.00309391,0.00590023,0.000814717,,165,27,102,3197,0.0,0.748157,0.0379586,0.093873,0.0252976,,230,1,1,15000,0.0,0.521507,0.000610277,0.431559,0.0832221,,224,4,8,15000,0.0,0.11963,0.00275027,0.449614,0.0817328,,194,6,16,14942,0.0,0.181368,0.00622255,0.553535,0.0867902,,187,33,4,39,0.0,0.0224827,0.00189892,0.00327513,0.00034296,,201,1,1,15000,0.0,0.73723,0.000822764,0.644958,0.0850027,,202,1,1,15000,0.0,0.728741,0.000804095,0.632636,0.0853003,,190,30,22,318,0.0,0.116782,0.00772083,0.010343,0.00295318,,204,3,4,15000,0.0,0.107234,0.00137351,0.49578,0.0822444,,197,7,50,14928,0.0,0.39145,0.0180885,0.415263,0.0977514,,182,22,152,4420,0.0,1.13521,0.0554118,0.131769,0.034426,,176,31,2,23,0.0,0.0100913,0.00122829,0.00337161,0.000230654,,218,2,2,15000,0.0,0.0931734,0.00077,0.500429,0.0806497,,156,24,110,2653,0.0,0.852288,0.040434,0.0791839,0.0206875,,169,34,10,70,0.0,0.0567436,0.00338304,0.00454862,0.000726682,,217,12,118,13178,0.0,0.780922,0.0428449,0.420951,0.0932341,,154,26,38,572,0.0,0.274966,0.0147716,0.0211029,0.00488624,,172,24,122,4202,0.0,0.942707,0.0433953,0.126735,0.0346173,,150,35,2,21,0.0,0.0139709,0.00146139,0.00457473,0.000192195,,152,30,6,148,0.0,0.0359554,0.00245898,0.00781065,0.00118371,,192,3,4,15000,0.0,0.111058,0.00132559,0.731537,0.0868322,,,,,,
195,2,2,15000,0.0,0.0944028,0.000772203,0.715218,0.0822008,,188,25,40,690,0.0,0.264424,0.0139001,0.0221336,0.00560792,,209,4,4,14988,0.0,0.106961,0.00177024,0.456555,0.0820882,,191,24,76,1159,0.0,0.407171,0.0259502,0.0319318,0.0103138,,151,31,2,3,0.0,0.011305,0.00153514,0.00494221,9.7694e-05,,237,2,2,15000,0.0,0.136299,0.000834021,0.472255,0.125694,,167,36,8,142,0.0,0.0443441,0.00317525,0.00690077,0.00119936,,185,28,38,598,0.0,0.221923,0.013097,0.0189213,0.00509891,,160,29,12,103,0.0,0.0868379,0.00376558,0.0062464,0.00104852,,189,29,12,62,0.0,0.0659082,0.00424423,0.00551045,0.000826245,,210,7,18,14815,0.0,0.175562,0.00642532,0.436251,0.0877187,,164,33,4,82,0.0,0.0250723,0.00191906,0.00441278,0.000620549,,219,6,24,14959,0.0,0.200277,0.00843198,0.424054,0.0912282,,163,26,68,1262,0.0,0.501577,0.025376,0.0377119,0.0105454,,206,10,118,13995,0.0,0.66968,0.0426944,0.410768,0.100176,,212,0,0,0,29.8625,0.0,0.0,0.0,0.0,,235,0,0,0,28.0926,0.0,0.0,0.0,0.0,,184,37,2,16,0.0,0.010443,0.000720823,0.00310997,0.000201198,,186,27,6,69,0.0,0.0383919,0.00265353,0.00613062,0.000610624,,205,10,58,14640,0.0,0.368745,0.0205405,0.431186,0.0905514,,198,5,14,14981,0.0,0.174212,0.00548903,0.490019,0.0930166,,193,4,8,15000,0.0,0.142822,0.00339983,0.731417,0.0868636,,207,7,12,14866,0.0,0.144062,0.00403047,0.447722,0.0867446,,220,3,4,15000,0.0,0.10226,0.00137921,0.452008,0.080357,,228,1,1,15000,0.0,0.54613,0.000670035,0.455368,0.083972,,179,37,2,59,0.0,0.0123477,0.00105702,0.00334648,0.000452044,,178,28,2,35,0.0,0.0147933,0.00113022,0.00351798,0.000334084,,165,28,106,2706,0.0,0.757643,0.0380004,0.0795615,0.0217071,,230,2,2,15000,0.0,0.0911529,0.000748752,0.472607,0.0805692,,224,5,14,14982,0.0,0.15331,0.00475802,0.469904,0.0815956,,194,7,16,14840,0.0,0.183683,0.0060047,0.489878,0.089118,,229,0,0,0,28.6495,0.0,0.0,0.0,0.0,,201,2,2,15000,0.0,0.092171,0.000775881,0.611831,0.0809172,,202,2,2,15000,0.0,0.093258,0.000774892,0.60571,0.0821105,,190,31,18,191,0.0,0.0960149,0.00660968,0.00811856,0.00179586,,204,4,8,15000,0.0,0.126076,0.00258211,0.483707,0.0831541,,197,8,90,14837,0.0,0.57391,0.0308676,0.398158,0.110165,,182,23,134,3542,0.0,0.978938,0.0496987,0.102759,0.0275435,,176,32,2,15,0.0,0.0123895,0.00066235,0.00285856,0.000277385,,218,3,4,15000,0.0,0.102287,0.0018836,0.482133,0.0804615,,156,25,96,1908,0.0,0.728071,0.0349319,0.0579419,0.015986,,169,35,2,6,0.0,0.0104071,0.000991853,0.0033107,0.00010325,,217,13,132,12703,0.0,0.909813,0.0482787,0.43309,0.0888912,,154,27,26,376,0.0,0.190677,0.00942396,0.0143873,0.00328628,,172,25,104,3520,0.0,0.783777,0.037228,0.105792,0.0289873,,150,36,2,5,0.0,0.0124651,0.000634425,0.00424097,0.000110206,,152,31,4,119,0.0,0.0273049,0.00205646,0.00785375,0.000862244,,192,4,8,15000,0.0,0.134725,0.00394822,0.704723,0.085831,,,,,,
195,3,4,15000,0.0,0.110139,0.00139907,0.663836,0.0838859,,188,26,26,365,0.0,0.174654,0.00930654,0.0132021,0.00320241,,209,5,8,14988,0.0,0.130657,0.00304629,0.452748,0.0838526,,191,25,54,732,0.0,0.267528,0.0188072,0.0209004,0.00633395,,199,0,0,0,29.7291,0.0,0.0,0.0,0.0,,237,3,4,15000,0.0,0.148341,0.0014947,0.507849,0.127458,,167,37,4,83,0.0,0.0254141,0.00166917,0.00500771,0.000729575,,185,29,20,345,0.0,0.0983895,0.00684127,0.011803,0.00293446,,160,30,4,37,0.0,0.0312124,0.00163316,0.00387383,0.000380256,,189,30,2,10,0.0,0.0104662,0.000803289,0.0026533,0.00012952,,210,8,22,14722,0.0,0.193623,0.00810135,0.429044,0.0876213,,164,34,2,55,0.0,0.0129457,0.000984819,0.00439323,0.000446185,,219,7,36,14886,0.0,0.263396,0.0122629,0.415013,0.0953664,,163,27,56,785,0.0,0.39567,0.0190319,0.0268769,0.00691488,,206,11,146,13392,0.0,0.829955,0.0516359,0.417877,0.0984903,,212,1,1,15000,0.0,0.637551,0.000772487,0.545282,0.0843026,,235,1,1,15000,0.0,0.604681,0.000659897,0.505616,0.0925739,,184,38,2,9,0.0,0.0103504,0.00080844,0.00297392,0.000139065,,186,28,4,44,0.0,0.0241393,0.00200829,0.00422465,0.000376607,,205,11,74,14330,0.0,0.464052,0.0257957,0.443247,0.105157,,198,6,26,14969,0.0,0.229457,0.00932936,0.47069,0.0918896,,193,5,14,14994,0.0,0.186943,0.0057759,0.67394,0.088035,,207,8,22,14855,0.0,0.201851,0.00736404,0.416465,0.0916112,,220,4,8,15000,0.0,0.122615,0.00297202,0.457148,0.0837701,,228,2,2,15000,0.0,0.0948353,0.000806567,0.471501,0.083074,,179,38,2,52,0.0,0.011781,0.00111535,0.0035183,0.00045893,,178,29,4,35,0.0,0.025096,0.00185209,0.0033544,0.000347777,,165,29,98,2052,0.0,0.657212,0.0346765,0.0594625,0.0166394,,230,3,4,15000,0.0,0.104296,0.00142755,0.440075,0.0824759,,224,6,20,14937,0.0,0.185651,0.00666262,0.461508,0.0830022,,194,8,28,14820,0.0,0.24636,0.0100184,0.457098,0.091697,,229,1,1,15000,0.0,0.543414,0.000660447,0.450125,0.0871792,,201,3,4,15000,0.0,0.102439,0.00131292,0.55156,0.0811688,,202,3,2,14988,0.0,0.0926512,0.00106065,0.5626,0.0810896,,190,32,6,61,0.0,0.0284123,0.00217422,0.00451876,0.000599801,,204,5,16,15000,0.0,0.167617,0.00544541,0.447046,0.0863486,,197,9,124,14475,0.0,0.703497,0.0416632,0.440809,0.101703,,182,24,122,2427,0.0,0.842437,0.0433201,0.0705085,0.0202657,,176,33,2,5,0.0,0.00935162,0.00128699,0.00238909,0.000120241,,218,4,6,14988,0.0,0.113727,0.00236128,0.442226,0.0820072,,156,26,78,1382,0.0,0.582342,0.0276334,0.0419377,0.0116625,,225,0,0,0,28.454,0.0,0.0,0.0,0.0,,217,14,158,12050,0.0,1.14351,0.0560186,0.47009,0.0846031,,154,28,14,202,0.0,0.0895469,0.00444178,0.0103993,0.00167889,,172,26,102,2867,0.0,0.750295,0.0363484,0.0846233,0.0248147,,196,0,0,0,27.6185,0.0,0.0,0.0,0.0,,152,32,4,79,0.0,0.0280437,0.00217989,0.00589312,0.000655817,,192,5,10,14974,0.0,0.150937,0.0032307,0.691585,0.0878772,,,,,,
195,4,8,15000,0.0,0.132344,0.00243245,0.603881,0.0880222,,188,27,18,128,0.0,0.119614,0.00673206,0.00669832,0.001364,,209,6,14,14960,0.0,0.158986,0.00523545,0.455196,0.0880493,,191,26,32,297,0.0,0.167221,0.0109988,0.0101704,0.00309695,,199,1,1,15000,0.0,0.78147,0.000840233,0.685162,0.0880524,,237,4,8,15000,0.0,0.167404,0.00287392,0.553734,0.129675,,167,38,4,71,0.0,0.0265904,0.0019839,0.0049486,0.000564024,,185,30,10,223,0.0,0.0575305,0.00348066,0.00873638,0.00183525,,160,31,4,16,0.0,0.0302176,0.00221994,0.00346691,0.000208068,,236,0,0,0,29.0866,0.0,0.0,0.0,0.0,,210,9,26,14658,0.0,0.216387,0.00951426,0.437738,0.0899937,,164,35,2,35,0.0,0.0120102,0.00121873,0.00281194,0.000348313,,219,8,56,14743,0.0,0.487964,0.019517,0.418288,0.135016,,163,28,24,433,0.0,0.168889,0.00841113,0.0146918,0.0035038,,206,12,150,12691,0.0,0.943278,0.0541364,0.379823,0.0907749,,212,2,2,15000,0.0,0.0916299,0.000816939,0.516907,0.0806999,,235,2,2,15000,0.0,0.0927317,0.000764405,0.456928,0.0811064,,239,0,0,0,27.3459,0.0,0.0,0.0,0.0,,186,29,2,8,0.0,0.0111564,0.00119381,0.00320719,0.000128584,,205,12,86,13838,0.0,0.538222,0.0315728,0.468674,0.0941637,,198,7,42,14919,0.0,0.358629,0.0148739,0.429533,0.121919,,193,6,24,14952,0.0,0.249112,0.00856556,0.657567,0.0899692,,207,9,42,14849,0.0,0.297218,0.0150861,0.423727,0.0981234,,220,5,16,15000,0.0,0.170089,0.0055631,0.429578,0.0902698,,228,3,4,15000,0.0,0.103221,0.00131385,0.451301,0.082971,,179,39,2,47,0.0,0.0106971,0.00068657,0.00463501,0.000357847,,178,30,2,4,0.0,0.00941266,0.00119195,0.0027108,0.000112737,,165,30,86,1498,0.0,0.550741,0.031367,0.0433713,0.0123966,,230,4,8,15000,0.0,0.126836,0.00283791,0.434483,0.0868168,,224,7,20,14838,0.0,0.180012,0.00771504,0.488074,0.0856645,,194,9,46,14765,0.0,0.379123,0.0157798,0.425539,0.0932945,,229,2,2,15000,0.0,0.0906687,0.000772021,0.477007,0.0806187,,201,4,4,14983,0.0,0.111304,0.00184845,0.489073,0.083481,,202,4,4,14988,0.0,0.106612,0.00143129,0.507353,0.0804378,,190,33,2,16,0.0,0.0110261,0.000863599,0.00281033,0.000162439,,204,6,22,14932,0.0,0.202268,0.00788447,0.428044,0.0902516,,197,10,164,13806,0.0,0.878769,0.0548248,0.383586,0.101293,,182,25,96,1704,0.0,0.613753,0.0331091,0.048435,0.0150118,,216,0,0,0,29.3879,0.0,0.0,0.0,0.0,,218,5,6,14953,0.0,0.110921,0.00232435,0.443697,0.0801723,,156,27,52,765,0.0,0.392571,0.0192995,0.0234285,0.00662681,,225,1,1,15000,0.0,0.564796,0.000666065,0.473938,0.0833814,,217,15,156,11068,0.0,1.18884,0.0544869,0.355119,0.077651,,154,29,6,89,0.0,0.043002,0.00210578,0.00655841,0.000798734,,172,27,82,2354,0.0,0.584165,0.0297039,0.0680095,0.0181429,,196,1,1,15000,0.0,0.799515,0.000889167,0.705562,0.0871422,,152,33,2,44,0.0,0.0173525,0.00152581,0.00528008,0.000338726,,192,6,20,14974,0.0,0.237783,0.00564372,0.671317,0.0902477,,,,,,
195,5,14,14991,0.0,0.176358,0.00457666,0.559907,0.0919354,,188,28,4,21,0.0,0.0252126,0.00140937,0.00355086,0.000249532,,209,7,22,14937,0.0,0.198435,0.0076493,0.423543,0.0902252,,191,27,16,126,0.0,0.087441,0.00607433,0.00628017,0.00129405,,199,2,2,15000,0.0,0.0982019,0.000777473,0.652889,0.085329,,237,5,14,14991,0.0,0.200091,0.00500795,0.546589,0.134668,,167,39,4,24,0.0,0.0193553,0.00171756,0.00300087,0.000298299,,185,31,10,183,0.0,0.0508595,0.00345978,0.0076401,0.00151832,,200,0,0,0,27.9443,0.0,0.0,0.0,0.0,,236,1,1,15000,0.0,0.543824,0.000689899,0.453665,0.0819913,,210,10,34,14553,0.0,0.263287,0.0125037,0.480348,0.0899111,,164,36,4,35,0.0,0.0231927,0.00197053,0.00291403,0.000352268,,219,9,72,14530,0.0,0.457282,0.0245158,0.44192,0.101078,,163,29,12,231,0.0,0.0808479,0.00405943,0.0108467,0.00198213,,206,13,178,12055,0.0,1.12752,0.064729,0.372145,0.0876845,,212,3,2,14989,0.0,0.0945856,0.000677841,0.480342,0.0816783,,235,3,4,15000,0.0,0.100372,0.00154722,0.49039,0.079992,,239,1,1,15000,0.0,0.607202,0.000754161,0.516327,0.0844529,,213,0,0,0,31.9565,0.0,0.0,0.0,0.0,,205,13,94,13359,0.0,0.616448,0.033377,0.460059,0.0910023,,198,8,52,14687,0.0,0.359197,0.0182392,0.413131,0.0982768,,193,7,32,14850,0.0,0.304646,0.0112938,0.583844,0.0913246,,207,10,68,14734,0.0,0.408113,0.0237176,0.419216,0.0947047,,220,6,30,14981,0.0,0.266325,0.0107293,0.426316,0.127105,,228,4,6,14988,0.0,0.114615,0.00224674,0.461483,0.0853507,,179,40,2,18,0.0,0.00957367,0.000658146,0.00326597,0.000319425,,215,0,0,0,29.767,0.0,0.0,0.0,0.0,,165,31,54,879,0.0,0.341495,0.0185881,0.0267048,0.00736023,,230,5,16,15000,0.0,0.167855,0.00578434,0.470934,0.0893178,,224,8,28,14721,0.0,0.224229,0.0101364,0.467034,0.0897386,,194,10,70,14525,0.0,0.485873,0.0243631,0.405581,0.0975169,,229,3,4,15000,0.0,0.103106,0.0014473,0.468833,0.0814569,,201,5,6,14967,0.0,0.123506,0.00203054,0.473734,0.0863272,,202,5,8,14988,0.0,0.130491,0.00274716,0.491424,0.0798853,,233,0,0,0,27.2065,0.0,0.0,0.0,0.0,,204,7,30,14873,0.0,0.236312,0.0104133,0.428779,0.0931821,,197,11,186,12917,0.0,0.933329,0.0638033,0.349075,0.0971244,,182,26,72,1176,0.0,0.447136,0.0248461,0.0330086,0.0101816,,216,1,1,15000,0.0,0.573996,0.000666742,0.480496,0.0846716,,218,6,8,14944,0.0,0.119646,0.00287428,0.442134,0.0823769,,156,28,36,408,0.0,0.253323,0.0126425,0.0149341,0.00385778,,225,2,2,15000,0.0,0.0919239,0.000820722,0.46323,0.0806065,,217,16,178,10330,0.0,1.37721,0.0612013,0.324714,0.078028,,154,30,4,58,0.0,0.0290377,0.00205173,0.00403125,0.00046503,,172,28,72,1817,0.0,0.491289,0.0266305,0.0529851,0.0144503,,196,2,2,15000,0.0,0.0983824,0.00121458,0.682628,0.0828702,,152,34,2,29,0.0,0.0149033,0.00160987,0.00614595,0.000266402,,192,7,28,14898,0.0,0.282321,0.00940031,0.625772,0.0934788,,,,,,
195,6,26,14985,0.0,0.264457,0.00991862,0.506266,0.0936495,,221,0,0,0,28.7421,0.0,0.0,0.0,0.0,,209,8,30,14812,0.0,0.233144,0.0103832,0.42856,0.0913009,,191,28,2,25,0.0,0.01154,0.000866086,0.00289057,0.000194334,,199,3,4,15000,0.0,0.117277,0.00244286,0.580586,0.0860482,,237,6,18,14919,0.0,0.228926,0.00695185,0.570905,0.140207,,167,40,2,13,0.0,0.0121286,0.00124918,0.00300579,0.000249748,,185,32,8,115,0.0,0.0472415,0.00302469,0.00592041,0.00100369,,200,1,1,15000,0.0,0.749384,0.000871568,0.657738,0.0851316,,236,2,2,15000,0.0,0.0898816,0.000923965,0.473732,0.0792401,,210,11,52,14439,0.0,0.343954,0.0188341,0.513205,0.0918762,,164,37,2,5,0.0,0.00870571,0.000964653,0.00272985,9.9338e-05,,219,10,90,14268,0.0,0.564062,0.0318474,0.458183,0.101826,,163,30,12,198,0.0,0.071848,0.00428969,0.00932583,0.00179242,,206,14,210,10978,0.0,1.42379,0.0779725,0.341705,0.0900297,,212,4,4,14989,0.0,0.108766,0.00192516,0.456534,0.0862879,,235,4,8,15000,0.0,0.123129,0.00268643,0.513154,0.0858659,,239,2,2,15000,0.0,0.095253,0.000992564,0.52159,0.0840122,,213,1,1,15000,0.0,0.618592,0.000754711,0.525301,0.0850077,,205,14,108,12868,0.0,0.715844,0.0409732,0.42436,0.0889429,,198,9,88,14559,0.0,0.536404,0.0313381,0.392183,0.0969257,,193,8,44,14768,0.0,0.405457,0.0158381,0.52716,0.0963623,,207,11,92,14394,0.0,0.527674,0.0332205,0.420607,0.0978412,,220,7,50,14911,0.0,0.350046,0.0181489,0.432852,0.0974708,,228,5,12,14988,0.0,0.148714,0.00420818,0.465992,0.0881508,,179,41,2,10,0.0,0.00913276,0.000694622,0.00278257,0.000141641,,215,1,1,15000,0.0,0.605099,0.000708417,0.514118,0.0842098,,165,32,32,525,0.0,0.180878,0.0107311,0.0181104,0.00455817,,230,6,28,14992,0.0,0.226529,0.00934083,0.505183,0.0968153,,224,9,36,14622,0.0,0.27022,0.0139564,0.495066,0.0938628,,194,11,104,14332,0.0,0.615083,0.0349896,0.381605,0.0967815,,229,4,6,14988,0.0,0.109959,0.00214596,0.473107,0.0807555,,201,6,10,14956,0.0,0.144521,0.00388026,0.435177,0.0864858,,202,6,14,14976,0.0,0.161341,0.00484672,0.463311,0.0835615,,233,1,1,15000,0.0,0.538665,0.000690633,0.450626,0.0813647,,204,8,46,14715,0.0,0.320009,0.0152514,0.402534,0.100027,,197,12,210,11859,0.0,1.34847,0.0774978,0.352097,0.0891155,,182,27,36,731,0.0,0.209809,0.0124492,0.0227954,0.00594893,,216,2,2,15000,0.0,0.0935163,0.000799685,0.501126,0.0823838,,218,7,14,14931,0.0,0.155062,0.0051591,0.442288,0.0866961,,156,29,20,207,0.0,0.138979,0.00651428,0.0103979,0.00204095,,225,3,4,15000,0.0,0.103908,0.0016911,0.469036,0.08318,,217,17,184,9351,0.0,1.44969,0.065679,0.295616,0.0700943,,208,0,0,0,29.1721,0.0,0.0,0.0,0.0,,172,29,64,1462,0.0,0.431923,0.0221538,0.0419467,0.0116071,,196,3,4,15000,0.0,0.107822,0.00205069,0.624281,0.0837703,,152,35,2,17,0.0,0.0140529,0.00145555,0.00444272,0.000224942,,192,8,36,14687,0.0,0.349849,0.0120135,0.570774,0.0954318,,,,,,
195,7,48,14960,0.0,0.384339,0.0172151,0.459926,0.0938911,,221,1,1,15000,0.0,0.5648,0.000706823,0.471256,0.0842365,,209,9,46,14738,0.0,0.310039,0.0157942,0.451656,0.0903781,,238,0,0,0,29.979,0.0,0.0,0.0,0.0,,199,4,8,15000,0.0,0.132261,0.00266461,0.530476,0.0845343,,237,7,26,14860,0.0,0.224325,0.00937795,0.550351,0.0910112,,222,0,0,0,28.5689,0.0,0.0,0.0,0.0,,185,33,4,54,0.0,0.0210578,0.0015592,0.00353079,0.00051973,,200,2,2,15000,0.0,0.0940511,0.00147662,0.611581,0.0821265,,236,3,4,15000,0.0,0.103261,0.00144113,0.504536,0.0820933,,210,12,68,14226,0.0,0.451963,0.0258168,0.489447,0.103095,,223,0,0,0,28.6795,0.0,0.0,0.0,0.0,,219,11,124,13776,0.0,0.801977,0.0436644,0.415769,0.102479,,163,31,10,145,0.0,0.0744846,0.00372951,0.00920799,0.00125621,,206,15,208,9742,0.0,1.52119,0.0721367,0.298677,0.0738008,,212,5,8,14989,0.0,0.130662,0.0032019,0.45234,0.0833238,,235,5,16,15000,0.0,0.165521,0.00594116,0.473509,0.0886571,,239,3,4,15000,0.0,0.102648,0.00162586,0.587547,0.0826601,,213,2,2,15000,0.0,0.0911969,0.000826339,0.519715,0.0812266,,205,15,124,12452,0.0,0.85993,0.0461827,0.40114,0.0914577,,198,10,112,14112,0.0,0.684806,0.0392062,0.383658,0.13521,,193,9,76,14669,0.0,0.605435,0.0271404,0.485738,0.0947733,,207,12,116,14020,0.0,0.691594,0.0405199,0.443434,0.100954,,220,8,68,14757,0.0,0.461378,0.0244927,0.442592,0.116925,,228,6,20,14968,0.0,0.186204,0.00681589,0.468315,0.0916133,,227,0,0,0,28.2972,0.0,0.0,0.0,0.0,,215,2,2,15000,0.0,0.0918337,0.000772327,0.497305,0.0811862,,165,33,20,348,0.0,0.119072,0.00709901,0.0118904,0.00303531,,230,7,38,14855,0.0,0.276144,0.013881,0.506495,0.0968239,,224,10,52,14513,0.0,0.352446,0.0205803,0.479356,0.0997512,,194,12,138,13813,0.0,0.764127,0.0467132,0.374528,0.103363,,229,5,8,14953,0.0,0.125153,0.00280752,0.501244,0.0830336,,201,7,20,14956,0.0,0.200931,0.00731554,0.429447,0.0919552,,202,7,18,14911,0.0,0.172619,0.00650602,0.432808,0.0847619,,233,2,2,15000,0.0,0.0899908,0.000891259,0.475026,0.0792141,,204,9,74,14550,0.0,0.470899,0.0262681,0.390567,0.100302,,197,13,212,10610,0.0,1.33033,0.0787599,0.305466,0.0815051,,182,28,28,513,0.0,0.168238,0.00984861,0.0167419,0.00413037,,216,3,4,15000,0.0,0.104554,0.0017719,0.451208,0.0842296,,218,8,20,14871,0.0,0.184669,0.00730201,0.445994,0.0912973,,156,30,12,101,0.0,0.0902312,0.00402961,0.00607713,0.00100466,,225,4,8,15000,0.0,0.125966,0.00288212,0.436916,0.0868537,,217,18,180,8398,0.0,1.40343,0.0676555,0.26911,0.0643688,,208,1,1,15000,0.0,0.671207,0.000809594,0.577448,0.0847611,,172,30,44,1025,0.0,0.290818,0.0150713,0.0293558,0.00823305,,196,4,8,15000,0.0,0.138816,0.00274833,0.569443,0.0852732,,152,36,2,5,0.0,0.0112947,0.00137298,0.00457301,9.2043e-05,,192,9,54,14541,0.0,0.471104,0.0197371,0.528346,0.0984436,,,,,,
195,8,56,14676,0.0,0.432976,0.0202779,0.430131,0.103112,,221,2,2,15000,0.0,0.0918838,0.000775092,0.470006,0.081393,,209,10,58,14520,0.0,0.386852,0.021455,0.462898,0.0956426,,238,1,1,15000,0.0,0.566063,0.00074025,0.475673,0.0832418,,199,5,12,14964,0.0,0.154268,0.00456564,0.474876,0.0856571,,237,8,34,14756,0.0,0.268035,0.0113515,0.548917,0.0983152,,222,1,1,15000,0.0,0.555503,0.000634287,0.465376,0.0836084,,185,34,6,49,0.0,0.0330883,0.00214481,0.00332815,0.000491546,,200,3,4,15000,0.0,0.108244,0.00227479,0.547243,0.084864,,236,4,8,15000,0.0,0.126856,0.00309068,0.533655,0.0819825,,210,13,82,13928,0.0,0.562226,0.0286671,0.476645,0.0980094,,223,1,1,15000,0.0,0.536982,0.000659098,0.440564,0.0901729,,219,12,158,13227,0.0,1.00649,0.057527,0.394727,0.0990495,,163,32,6,52,0.0,0.044581,0.00236753,0.00470785,0.000519784,,206,16,200,8263,0.0,1.51294,0.0654327,0.254831,0.0665777,,212,6,14,14976,0.0,0.154894,0.00510646,0.447641,0.0875494,,235,6,28,14967,0.0,0.222215,0.0107915,0.509712,0.0918735,,239,4,8,15000,0.0,0.126662,0.00312432,0.606757,0.0841141,,213,3,4,15000,0.0,0.100861,0.00139516,0.527349,0.0806572,,205,16,148,11760,0.0,1.05337,0.0543693,0.379135,0.0990843,,198,11,134,13627,0.0,0.743703,0.0463836,0.424965,0.093804,,193,10,96,14324,0.0,0.691198,0.0336718,0.416351,0.096693,,207,13,142,13529,0.0,0.90593,0.049357,0.409688,0.103047,,220,9,102,14524,0.0,0.623787,0.0386416,0.458659,0.105348,,228,7,34,14936,0.0,0.256984,0.0116883,0.458343,0.0949551,,227,1,1,15000,0.0,0.533484,0.000672903,0.443656,0.0833961,,215,3,4,15000,0.0,0.10046,0.00134931,0.470892,0.0812346,,165,34,14,267,0.0,0.0807938,0.00489438,0.00873775,0.00210988,,230,8,64,14796,0.0,0.425372,0.0223879,0.499708,0.101103,,224,11,74,14318,0.0,0.505936,0.0266418,0.451129,0.103287,,194,13,160,13091,0.0,0.85878,0.0585828,0.380864,0.0997998,,229,6,12,14934,0.0,0.142833,0.00434945,0.5313,0.0846645,,201,8,38,14927,0.0,0.28674,0.0135433,0.420549,0.0944216,,202,8,24,14878,0.0,0.196829,0.00835181,0.43549,0.0837428,,233,3,4,15000,0.0,0.103818,0.00152045,0.475675,0.0827994,,204,10,100,14201,0.0,0.554865,0.0335907,0.403795,0.0999388,,197,14,218,9514,0.0,1.42997,0.0808018,0.281041,0.0750665,,182,29,18,229,0.0,0.103553,0.00631596,0.00834463,0.00201841,,216,4,8,15000,0.0,0.138729,0.00268748,0.45007,0.0946904,,218,9,32,14827,0.0,0.249493,0.0117496,0.483391,0.0925946,,156,31,2,5,0.0,0.0101778,0.000939545,0.00385083,0.000120819,,225,5,16,15000,0.0,0.167293,0.00554214,0.450423,0.0878047,,217,19,178,7361,0.0,1.39111,0.0632959,0.230154,0.0616875,,208,2,2,15000,0.0,0.0951438,0.00139262,0.533573,0.0823227,,172,31,46,822,0.0,0.284284,0.0165242,0.0266024,0.00691989,,196,5,16,15000,0.0,0.188971,0.00507744,0.511539,0.0893134,,203,0,0,0,29.0509,0.0,0.0,0.0,0.0,,192,10,66,14310,0.0,0.545095,0.0243337,0.488138,0.0968882,,,,,,
195,9,92,14563,0.0,0.621849,0.0317694,0.410026,0.0997661,,221,3,4,15000,0.0,0.103243,0.00134402,0.444845,0.0819194,,209,11,82,14341,0.0,0.489492,0.0296699,0.475439,0.0973544,,238,2,2,15000,0.0,0.0903138,0.000916498,0.521638,0.0793096,,199,6,22,14953,0.0,0.211302,0.00810563,0.472176,0.090039,,237,9,42,14581,0.0,0.322882,0.0154735,0.513585,0.0943724,,222,2,2,15000,0.0,0.0897058,0.000905158,0.464347,0.0790357,,185,35,2,20,0.0,0.0106222,0.00089532,0.00271012,0.000190226,,200,4,8,15000,0.0,0.13132,0.00330253,0.484708,0.0852667,,236,5,12,14968,0.0,0.146071,0.00429536,0.504784,0.0866226,,210,14,106,13492,0.0,0.698445,0.0364633,0.450145,0.0936261,,223,2,2,15000,0.0,0.0961439,0.000744935,0.459128,0.0863162,,219,13,188,12485,0.0,1.25221,0.0675967,0.382978,0.0955134,,214,0,0,0,29.0828,0.0,0.0,0.0,0.0,,206,17,196,7243,0.0,1.51704,0.0723786,0.229164,0.0530706,,212,7,24,14938,0.0,0.207274,0.0081868,0.427392,0.0908484,,235,7,44,14880,0.0,0.308634,0.0166503,0.497832,0.104188,,239,5,14,14973,0.0,0.16407,0.00513387,0.579432,0.08945,,213,4,4,14961,0.0,0.105315,0.00176357,0.488921,0.0801245,,205,17,162,11210,0.0,1.18768,0.0570696,0.356181,0.0849958,,198,12,148,12939,0.0,0.855454,0.0533199,0.390251,0.0924691,,193,11,108,13835,0.0,0.687539,0.0394676,0.383265,0.0933578,,207,14,168,12727,0.0,1.05315,0.0590397,0.381426,0.0946226,,220,10,124,14004,0.0,0.785809,0.0451809,0.451704,0.101054,,228,8,54,14852,0.0,0.377214,0.0207852,0.477655,0.10502,,227,2,2,15000,0.0,0.0919306,0.000787343,0.448046,0.0816687,,215,4,6,14989,0.0,0.1137,0.00202581,0.438281,0.0809176,,165,35,8,128,0.0,0.0462187,0.00297542,0.00631696,0.00110589,,230,9,98,14608,0.0,0.642591,0.0378673,0.458549,0.106246,,224,12,102,13978,0.0,0.68559,0.0386822,0.426265,0.103607,,194,14,152,12316,0.0,0.870842,0.0536478,0.388786,0.0927369,,229,7,18,14898,0.0,0.178821,0.0061793,0.507845,0.0912341,,201,9,48,14741,0.0,0.330776,0.0163102,0.403137,0.0939203,,202,9,28,14825,0.0,0.234443,0.00958015,0.429387,0.0952297,,233,4,8,15000,0.0,0.126709,0.00298285,0.459964,0.0877248,,204,11,146,13844,0.0,0.759396,0.0511805,0.420314,0.0987392,,197,15,220,8303,0.0,1.65942,0.0795605,0.253002,0.0754055,,182,30,4,114,0.0,0.0202331,0.00149044,0.00569478,0.000931005,,216,5,14,14991,0.0,0.177203,0.00501975,0.434725,0.111659,,218,10,54,14714,0.0,0.341195,0.0191795,0.523137,0.0958157,,211,0,0,0,29.4397,0.0,0.0,0.0,0.0,,225,6,28,14957,0.0,0.22303,0.0093267,0.474431,0.0881903,,217,20,148,6221,0.0,1.13985,0.0544689,0.187314,0.0508919,,208,3,4,15000,0.0,0.106506,0.0013566,0.485046,0.0825247,,172,32,34,494,0.0,0.220538,0.0118408,0.0145852,0.00451676,,196,6,28,14967,0.0,0.253334,0.00946172,0.448117,0.0941505,,203,1,1,15000,0.0,0.72733,0.000830303,0.634685,0.0836926,,192,11,82,13936,0.0,0.653092,0.0279838,0.45176,0.0967399,,,,,,
195,10,114,14114,0.0,0.674014,0.0403852,0.381075,0.0988472,,221,4,8,15000,0.0,0.122015,0.00272135,0.452155,0.0817834,,209,12,104,13863,0.0,0.641184,0.0389748,0.457786,0.0966275,,238,3,4,15000,0.0,0.104207,0.00146003,0.55622,0.0835738,,199,7,32,14904,0.0,0.265426,0.0113767,0.442869,0.0922344,,237,10,58,14409,0.0,0.444758,0.0200913,0.497968,0.0995408,,222,3,4,15000,0.0,0.101563,0.00133923,0.45358,0.0814182,,234,0,0,0,28.6679,0.0,0.0,0.0,0.0,,200,5,14,14994,0.0,0.171753,0.00522135,0.461942,0.0908694,,236,6,16,14912,0.0,0.162351,0.00607457,0.552354,0.0856548,,210,15,120,13042,0.0,0.822656,0.0457129,0.428685,0.092181,,223,3,4,15000,0.0,0.107962,0.001403,0.45786,0.0876965,,219,14,206,11613,0.0,1.47519,0.0779785,0.353514,0.0885056,,214,1,1,15000,0.0,0.589967,0.000682564,0.500245,0.0831815,,206,18,174,5904,0.0,1.34641,0.0633508,0.192968,0.0442818,,212,8,38,14847,0.0,0.285192,0.0138377,0.421507,0.102116,,235,8,68,14760,0.0,0.485538,0.0239777,0.464306,0.110188,,239,6,28,14973,0.0,0.245593,0.00999821,0.595552,0.087667,,213,5,4,14956,0.0,0.102278,0.00155619,0.46303,0.0804731,,205,18,166,10254,0.0,1.2239,0.0634436,0.327299,0.0773819,,198,13,186,12261,0.0,1.13347,0.0714126,0.370936,0.091044,,193,12,132,13282,0.0,0.741703,0.0450751,0.36407,0.0931534,,207,15,166,11681,0.0,1.07469,0.0607759,0.359393,0.0879136,,220,11,156,13454,0.0,1.00094,0.0568445,0.412764,0.0992399,,228,9,86,14712,0.0,0.541825,0.0317716,0.478029,0.108681,,227,3,4,15000,0.0,0.105786,0.00134503,0.429513,0.0850839,,215,5,8,14965,0.0,0.118702,0.00304457,0.457241,0.0802395,,165,36,2,68,0.0,0.0124304,0.00108163,0.00499298,0.000475848,,230,10,120,14183,0.0,0.795354,0.0433301,0.435438,0.105089,,224,13,136,13493,0.0,0.921462,0.0512646,0.427833,0.10435,,194,15,172,11643,0.0,1.05194,0.0594063,0.349969,0.087804,,229,8,30,14862,0.0,0.2484,0.0114617,0.511836,0.102159,,201,10,62,14572,0.0,0.387689,0.0213812,0.401494,0.100448,,202,10,32,14631,0.0,0.239374,0.0105921,0.427385,0.0907489,,233,5,16,15000,0.0,0.164855,0.00588416,0.499105,0.088893,,204,12,176,13002,0.0,1.03997,0.0664983,0.386744,0.0974376,,197,16,196,7123,0.0,1.44206,0.0725764,0.214689,0.0571827,,182,31,6,103,0.0,0.0283027,0.00241114,0.00538121,0.000887567,,216,6,24,14973,0.0,0.207138,0.00815076,0.41894,0.0906376,,218,11,60,14466,0.0,0.396585,0.0224635,0.490788,0.0989418,,211,1,1,15000,0.0,0.622181,0.000717875,0.529407,0.0846783,,225,7,42,14889,0.0,0.294186,0.0146501,0.504565,0.0935717,,217,21,122,5395,0.0,0.927446,0.043705,0.161759,0.0438198,,208,4,8,15000,0.0,0.130832,0.00268305,0.458696,0.0864406,,172,33,22,264,0.0,0.134474,0.00766726,0.0104628,0.00250975,,196,7,44,14912,0.0,0.336675,0.0158515,0.447432,0.0961124,,203,2,2,15000,0.0,0.0943474,0.000758098,0.578169,0.0814488,,192,12,104,13582,0.0,0.755726,0.0370295,0.408997,0.101758,,,,,,
195,11,140,13518,0.0,0.767105,0.0483597,0.356159,0.102158,,221,5,16,15000,0.0,0.159789,0.00560362,0.441304,0.0848735,,209,13,124,13403,0.0,0.801813,0.0466823,0.451191,0.0953781,,238,4,6,14973,0.0,0.118432,0.00232525,0.536437,0.0866232,,199,8,44,14774,0.0,0.306761,0.0149148,0.41327,0.0943578,,237,11,90,14256,0.0,0.667362,0.0333762,0.490445,0.100157,,222,4,8,15000,0.0,0.124282,0.00285297,0.431829,0.0856061,,234,1,1,15000,0.0,0.524141,0.000624281,0.43496,0.0826288,,200,6,26,14979,0.0,0.242197,0.00922996,0.445204,0.0913778,,236,7,22,14860,0.0,0.202662,0.00847154,0.549429,0.0912208,,210,16,156,12478,0.0,1.1338,0.0582988,0.41364,0.0930332,,223,4,6,14988,0.0,0.119072,0.00234912,0.433898,0.0897236,,219,15,236,10467,0.0,1.75291,0.0856827,0.31868,0.0813285,,214,2,2,15000,0.0,0.0952888,0.000815139,0.504052,0.082629,,206,19,158,4934,0.0,1.20953,0.0560802,0.160374,0.0389678,,212,9,50,14694,0.0,0.396205,0.0170497,0.425958,0.104508,,235,9,86,14429,0.0,0.586286,0.032304,0.438458,0.109123,,239,7,32,14855,0.0,0.279794,0.0107657,0.565669,0.098392,,213,6,8,14956,0.0,0.121304,0.00294655,0.484481,0.0795541,,205,19,158,9332,0.0,1.21119,0.0615156,0.300558,0.0728194,,198,14,182,11230,0.0,1.16959,0.0656515,0.349206,0.083006,,193,13,146,12587,0.0,0.771222,0.0476172,0.342841,0.0869011,,207,16,174,10907,0.0,1.22238,0.0627805,0.334409,0.0827325,,220,12,182,12680,0.0,1.1972,0.0664403,0.403233,0.0947099,,228,10,110,14357,0.0,0.705808,0.0393224,0.458428,0.106963,,227,4,8,15000,0.0,0.124047,0.00264493,0.449154,0.0842626,,215,6,14,14950,0.0,0.153112,0.00474157,0.428587,0.0842045,,165,37,2,53,0.0,0.0114931,0.000936099,0.00461789,0.000418916,,230,11,136,13547,0.0,0.911932,0.0480823,0.417555,0.104141,,224,14,176,12588,0.0,1.26985,0.0633095,0.401074,0.0943133,,194,16,188,10743,0.0,1.21863,0.0679445,0.325758,0.0813727,,229,9,48,14803,0.0,0.339725,0.0188045,0.497588,0.0992756,,201,11,82,14306,0.0,0.47134,0.0278057,0.405176,0.0988544,,202,11,48,14556,0.0,0.320279,0.0164804,0.435092,0.0949936,,233,6,30,14987,0.0,0.235104,0.0107974,0.549561,0.0948744,,204,13,184,11855,0.0,1.15993,0.0683039,0.355088,0.0976389,,197,17,174,5911,0.0,1.31719,0.065099,0.181509,0.0486699,,182,32,8,88,0.0,0.048827,0.00272808,0.00494405,0.000744194,,216,7,34,14885,0.0,0.247365,0.011831,0.431625,0.0931263,,218,12,78,14131,0.0,0.534724,0.0274916,0.450419,0.10088,,211,2,2,15000,0.0,0.0929113,0.000776703,0.496226,0.0816531,,225,8,58,14764,0.0,0.368439,0.0200615,0.498498,0.100992,,217,22,118,4783,0.0,0.868992,0.0425696,0.143691,0.0381128,,208,5,16,15000,0.0,0.181465,0.00557169,0.44807,0.0914266,,172,34,8,106,0.0,0.0444823,0.00287173,0.00560676,0.000891485,,196,8,64,14731,0.0,0.452848,0.0221244,0.412316,0.0982456,,203,3,2,14987,0.0,0.0958873,0.00066261,0.496326,0.0830465,,192,13,128,13034,0.0,0.835915,0.0455559,0.360572,0.0961228,,,,,,
195,12,170,12846,0.0,0.896253,0.0618226,0.382529,0.0964786,,221,6,22,14905,0.0,0.193512,0.00805614,0.4352,0.0909919,,209,14,138,12844,0.0,0.915545,0.0513102,0.419286,0.0900423,,238,5,8,14962,0.0,0.126835,0.00293746,0.586874,0.0845192,,199,9,62,14573,0.0,0.390139,0.021911,0.39536,0.0945107,,237,12,128,13881,0.0,0.932461,0.0459861,0.457407,0.103943,,222,5,16,15000,0.0,0.165659,0.0055718,0.425681,0.0911211,,234,2,2,15000,0.0,0.0901316,0.000850636,0.4791,0.0795656,,200,7,36,14903,0.0,0.293744,0.012611,0.429652,0.0936108,,236,8,36,14812,0.0,0.334546,0.014546,0.528055,0.122404,,210,17,176,11552,0.0,1.33639,0.0612054,0.360522,0.0852288,,223,5,12,14988,0.0,0.15148,0.00420465,0.439942,0.0960469,,219,16,234,9146,0.0,1.81,0.0843237,0.275893,0.0744964,,214,3,4,15000,0.0,0.109589,0.00155714,0.464732,0.0849808,,206,20,132,4127,0.0,1.03003,0.0472702,0.129905,0.0368102,,212,10,62,14490,0.0,0.395099,0.0226074,0.427401,0.108601,,235,10,136,14199,0.0,0.938905,0.0480475,0.444929,0.102784,,239,8,46,14715,0.0,0.38607,0.0161047,0.529487,0.0976838,,213,7,10,14944,0.0,0.131898,0.00371584,0.471154,0.0791749,,205,20,152,8305,0.0,1.20881,0.0533122,0.255224,0.0643299,,198,15,192,10196,0.0,1.28127,0.0714311,0.32129,0.0764983,,193,14,174,11768,0.0,0.906187,0.0595684,0.317229,0.081609,,207,17,202,10049,0.0,1.49512,0.0722168,0.305541,0.0757542,,220,13,182,11611,0.0,1.29032,0.0645444,0.363755,0.0878977,,228,11,152,13928,0.0,1.00527,0.0551241,0.439543,0.104755,,227,5,14,14988,0.0,0.156589,0.00478335,0.448328,0.0883153,,215,7,18,14902,0.0,0.171511,0.00663705,0.447605,0.0861832,,165,38,2,43,0.0,0.0115426,0.000776946,0.00437718,0.000375808,,230,12,160,12840,0.0,1.14129,0.0581642,0.39461,0.0952066,,224,15,204,11709,0.0,1.53983,0.0711486,0.362394,0.08431,,194,17,214,9698,0.0,1.47009,0.079832,0.29115,0.0739518,,229,10,70,14629,0.0,0.48487,0.0264264,0.487281,0.105276,,201,12,118,13984,0.0,0.635104,0.0400637,0.423068,0.0992459,,202,12,58,14270,0.0,0.374968,0.0198502,0.429266,0.109522,,233,7,56,14948,0.0,0.396854,0.020874,0.530531,0.104664,,204,14,206,11024,0.0,1.35143,0.0742955,0.331034,0.084949,,197,18,150,4931,0.0,1.19992,0.0537026,0.146289,0.040403,,232,0,0,0,26.7391,0.0,0.0,0.0,0.0,,216,8,58,14860,0.0,0.37736,0.0198345,0.445385,0.0999649,,218,13,100,13866,0.0,0.71792,0.0361138,0.432913,0.0962175,,211,3,4,15000,0.0,0.104952,0.00134606,0.511823,0.0811548,,225,9,78,14520,0.0,0.542331,0.0300221,0.495522,0.105485,,217,23,112,3993,0.0,0.789395,0.0375434,0.11624,0.030624,,208,6,26,14931,0.0,0.217441,0.00924321,0.433866,0.0945572,,172,35,4,18,0.0,0.0176678,0.00164067,0.0026736,0.000262753,,196,9,98,14401,0.0,0.576901,0.0338499,0.387482,0.101935,,203,4,4,14987,0.0,0.109218,0.00138936,0.491718,0.0835138,,192,14,160,12485,0.0,0.934348,0.0563251,0.333894,0.0960003,,,,,,
195,13,180,12020,0.0,0.999248,0.0633477,0.355332,0.0911967,,221,7,30,14835,0.0,0.230972,0.0107522,0.43791,0.0917106,,209,15,182,12085,0.0,1.25496,0.0669901,0.383258,0.0893902,,238,6,16,14962,0.0,0.167913,0.0060153,0.607829,0.0884489,,199,10,72,14230,0.0,0.438864,0.0245575,0.398247,0.0931336,,237,13,140,13072,0.0,1.07793,0.0479865,0.415293,0.0965756,,222,6,30,14993,0.0,0.273279,0.0101264,0.430924,0.103193,,234,3,4,15000,0.0,0.104477,0.00140093,0.494863,0.0837039,,200,8,54,14780,0.0,0.365927,0.0195212,0.409978,0.0982797,,236,9,48,14700,0.0,0.365447,0.0182638,0.527244,0.0934694,,210,18,182,10694,0.0,1.40972,0.065461,0.33156,0.0824552,,223,6,24,14988,0.0,0.214355,0.00791906,0.432299,0.103104,,219,17,248,7747,0.0,1.91556,0.0899818,0.233097,0.0642513,,214,4,8,15000,0.0,0.133193,0.00258396,0.436748,0.0874654,,206,21,82,3099,0.0,0.639314,0.0296019,0.0947755,0.0243994,,212,11,76,14215,0.0,0.467943,0.0278112,0.457762,0.0966503,,235,11,158,13512,0.0,1.13734,0.057253,0.416856,0.102211,,239,9,66,14612,0.0,0.480781,0.0245235,0.512655,0.0984833,,213,8,4,14831,0.0,0.101353,0.00173517,0.467746,0.0817004,,205,21,166,7551,0.0,1.28288,0.0590227,0.230286,0.0582584,,198,16,204,9290,0.0,1.48239,0.0752603,0.292768,0.0748834,,193,15,196,11028,0.0,1.04525,0.0727379,0.351653,0.080271,,207,18,228,8940,0.0,1.75253,0.0797042,0.275736,0.0683739,,220,14,204,10581,0.0,1.51857,0.0732542,0.324872,0.0840354,,228,12,182,13172,0.0,1.24995,0.0663649,0.403674,0.105074,,227,6,22,14964,0.0,0.197097,0.00765929,0.434779,0.0952842,,215,8,24,14791,0.0,0.204362,0.00807873,0.460795,0.086556,,165,39,2,35,0.0,0.0117223,0.000890738,0.0035594,0.000266523,,230,13,174,11947,0.0,1.31334,0.0622539,0.363843,0.0900196,,224,16,200,10208,0.0,1.53959,0.0696156,0.32322,0.074124,,194,18,216,8484,0.0,1.58738,0.0756541,0.253633,0.0657153,,229,11,106,14376,0.0,0.702981,0.0365306,0.452814,0.10514,,201,13,140,13470,0.0,0.823206,0.0510508,0.441598,0.098425,,202,13,80,14012,0.0,0.502221,0.0279101,0.447843,0.100796,,233,8,74,14686,0.0,0.527037,0.0274678,0.482122,0.105368,,204,15,212,9600,0.0,1.50927,0.0759225,0.287135,0.0741763,,197,19,114,3855,0.0,0.882646,0.0410756,0.113777,0.0302291,,232,1,1,15000,0.0,0.552511,0.000681127,0.462336,0.0834377,,216,9,82,14608,0.0,0.49452,0.029402,0.448672,0.0996354,,218,14,126,13353,0.0,0.881129,0.0442428,0.428332,0.0958605,,211,4,4,14974,0.0,0.101588,0.00184552,0.461422,0.0822402,,225,10,90,14105,0.0,0.591119,0.0320165,0.440148,0.0999343,,217,24,94,3373,0.0,0.63115,0.0329148,0.0955353,0.0253139,,208,7,38,14832,0.0,0.2822,0.0129685,0.409898,0.0932881,,172,36,2,8,0.0,0.0106576,0.000986402,0.00247553,0.000110417,,196,10,134,14020,0.0,0.745145,0.0439133,0.376994,0.109669,,203,5,6,14978,0.0,0.115903,0.00195651,0.465487,0.0822171,,192,15,188,11758,0.0,0.997848,0.0638348,0.297786,0.0884758,,,,,,
195,14,208,11255,0.0,1.29546,0.0720148,0.330698,0.0894082,,221,8,36,14599,0.0,0.26369,0.0132076,0.461502,0.0920011,,209,16,178,11017,0.0,1.32796,0.0648481,0.351014,0.0810701,,238,7,24,14896,0.0,0.236864,0.00859605,0.597926,0.0900505,,199,11,96,13975,0.0,0.5308,0.033523,0.384138,0.0943963,,237,14,170,12532,0.0,1.32832,0.0606855,0.393229,0.0919994,,222,7,52,14939,0.0,0.356903,0.0179051,0.447106,0.0978713,,234,4,8,15000,0.0,0.122198,0.00266541,0.506232,0.0838112,,200,9,84,14627,0.0,0.516401,0.0280688,0.398211,0.101145,,236,10,64,14473,0.0,0.450935,0.024424,0.539915,0.0944286,,210,19,180,9549,0.0,1.41915,0.063358,0.290895,0.0756471,,223,7,46,14974,0.0,0.309121,0.0157346,0.450444,0.103442,,219,18,212,6261,0.0,1.62958,0.0760796,0.18733,0.050236,,214,5,12,14980,0.0,0.149724,0.00429855,0.421222,0.0885231,,206,22,84,2671,0.0,0.660543,0.0301993,0.0812639,0.0208426,,212,12,112,13994,0.0,0.729604,0.0414222,0.465763,0.0991621,,235,12,172,12857,0.0,1.29501,0.0623126,0.396936,0.0934876,,239,10,88,14375,0.0,0.670032,0.0301276,0.485238,0.102231,,213,9,4,14827,0.0,0.102783,0.00162573,0.493457,0.0820268,,205,22,174,6624,0.0,1.34053,0.0644812,0.204329,0.0534697,,198,17,178,8108,0.0,1.30583,0.0653723,0.250635,0.0623652,,193,16,202,9744,0.0,1.22592,0.0741105,0.312833,0.0749965,,207,19,236,7724,0.0,1.85283,0.0830362,0.235804,0.0603169,,220,15,204,9526,0.0,1.59705,0.0733815,0.295328,0.081679,,228,13,198,12153,0.0,1.46195,0.0701641,0.369589,0.0923019,,227,7,40,14945,0.0,0.27934,0.0144468,0.460986,0.092976,,215,9,34,14756,0.0,0.248656,0.0115652,0.47404,0.0915871,,165,40,2,4,0.0,0.00882116,0.000641411,0.00422317,9.8938e-05,,230,14,208,11088,0.0,1.57659,0.0747457,0.329203,0.0856532,,224,17,214,9300,0.0,1.67685,0.0814462,0.291031,0.0701084,,194,19,220,7366,0.0,1.66776,0.077564,0.218486,0.0586809,,229,12,148,13981,0.0,0.983718,0.0539663,0.444396,0.105193,,201,14,154,12868,0.0,0.964337,0.052634,0.409629,0.0950107,,202,14,96,13697,0.0,0.620745,0.0334531,0.445795,0.10169,,233,9,96,14360,0.0,0.646693,0.0366618,0.454147,0.10108,,204,16,198,8404,0.0,1.45659,0.0737329,0.256846,0.0645998,,197,20,104,3336,0.0,0.802884,0.0374593,0.0984676,0.026227,,232,2,2,15000,0.0,0.0901363,0.000754851,0.442543,0.0792226,,216,10,110,14245,0.0,0.645373,0.0387954,0.446787,0.0992119,,218,15,144,12728,0.0,1.03885,0.0516368,0.40005,0.0921321,,211,5,8,14974,0.0,0.123773,0.00322634,0.433799,0.0845321,,225,11,104,13716,0.0,0.691415,0.0377629,0.415451,0.101858,,217,25,94,2877,0.0,0.607823,0.030725,0.0812269,0.0200337,,208,8,64,14725,0.0,0.412712,0.0223458,0.410886,0.1072,,226,0,0,0,29.1151,0.0,0.0,0.0,0.0,,196,11,182,13484,0.0,0.965031,0.0621761,0.353142,0.10164,,203,6,10,14963,0.0,0.136672,0.00381567,0.453649,0.0854321,,192,16,210,10712,0.0,1.04379,0.0732491,0.294216,0.0791108,,,,,,
195,15,222,10035,0.0,1.43597,0.0838899,0.299,0.0779555,,221,9,52,14502,0.0,0.331162,0.0195762,0.495079,0.0945988,,209,17,180,10110,0.0,1.35478,0.0662572,0.319147,0.0768265,,238,8,24,14791,0.0,0.21607,0.00901488,0.598126,0.0857997,,199,12,116,13502,0.0,0.619587,0.0398827,0.3853,0.0978686,,237,15,186,11520,0.0,1.46681,0.0653825,0.358081,0.0858512,,222,8,68,14675,0.0,0.423804,0.0225933,0.445344,0.10211,,234,5,14,14982,0.0,0.152543,0.0055902,0.490931,0.0864715,,200,10,94,14064,0.0,0.553984,0.0314606,0.409549,0.0988321,,236,11,92,14270,0.0,0.658463,0.0338183,0.525939,0.0947449,,210,20,178,8484,0.0,1.37158,0.0661445,0.257514,0.068973,,223,8,68,14824,0.0,0.521431,0.0236434,0.448141,0.101447,,219,19,160,4809,0.0,1.25633,0.0554244,0.14116,0.0415088,,214,6,18,14942,0.0,0.172692,0.0067079,0.417335,0.090131,,206,23,56,2118,0.0,0.411491,0.0206203,0.0653168,0.0157188,,212,13,150,13414,0.0,0.967276,0.0563936,0.418492,0.0980943,,235,13,212,12021,0.0,1.62246,0.0764094,0.363695,0.089445,,239,11,112,13915,0.0,0.88455,0.0397692,0.44798,0.100003,,213,10,6,14811,0.0,0.112099,0.0022571,0.528525,0.0831567,,205,23,156,5523,0.0,1.20388,0.05806,0.16412,0.043585,,198,18,148,6927,0.0,1.12727,0.0545116,0.217194,0.0530235,,193,17,164,8463,0.0,1.03998,0.0585822,0.256439,0.0652577,,207,20,216,6262,0.0,1.66782,0.0781705,0.18675,0.0505001,,220,16,182,8416,0.0,1.42669,0.0665174,0.252753,0.0698423,,228,14,212,11191,0.0,1.6184,0.0747958,0.33738,0.0855721,,227,8,62,14755,0.0,0.384736,0.0234294,0.490922,0.100007,,215,10,50,14655,0.0,0.339352,0.0172114,0.49082,0.110471,,231,0,0,0,28.4506,0.0,0.0,0.0,0.0,,230,15,216,9951,0.0,1.70033,0.0760084,0.290536,0.0784407,,224,18,188,7777,0.0,1.48471,0.0608195,0.230616,0.0597976,,194,20,198,6069,0.0,1.55598,0.0695535,0.17823,0.0481524,,229,13,170,13262,0.0,1.20691,0.0642716,0.416599,0.101656,,201,15,166,11858,0.0,1.09193,0.0602082,0.371646,0.0881286,,202,15,126,13277,0.0,0.798948,0.0466834,0.42687,0.0976196,,233,10,122,13819,0.0,0.854108,0.0456011,0.448952,0.10687,,204,17,186,7423,0.0,1.43039,0.067861,0.226725,0.0582176,,197,21,108,2714,0.0,0.845098,0.0386234,0.0812628,0.0222282,,232,3,4,15000,0.0,0.100964,0.00155545,0.461786,0.0808739,,216,11,120,13632,0.0,0.764984,0.0430146,0.450576,0.0945504,,218,16,172,12161,0.0,1.2945,0.0582769,0.372161,0.0918888,,211,6,16,14974,0.0,0.168916,0.00572976,0.441036,0.0856284,,225,12,116,13127,0.0,0.789691,0.0414739,0.408473,0.102007,,217,26,76,2163,0.0,0.521889,0.0244612,0.0605469,0.0158989,,208,9,94,14490,0.0,0.550119,0.0332153,0.403804,0.104319,,226,1,1,15000,0.0,0.535521,0.000671367,0.444559,0.0836545,,196,12,198,12578,0.0,1.07496,0.0752814,0.375231,0.10459,,203,7,16,14937,0.0,0.167078,0.0058387,0.447055,0.0876413,,192,17,240,9633,0.0,1.2095,0.0835258,0.278778,0.0744773,,,,,,
195,16,216,8658,0.0,1.50293,0.0771213,0.261089,0.0680708,,221,10,74,14297,0.0,0.452621,0.0274984,0.487233,0.0964696,,209,18,180,9169,0.0,1.36845,0.0672654,0.292034,0.070102,,238,9,28,14624,0.0,0.249872,0.00992601,0.610914,0.0871157,,199,13,140,12923,0.0,0.803337,0.0509159,0.427786,0.0913659,,237,16,184,10456,0.0,1.42486,0.0635386,0.318625,0.0810567,,222,9,98,14450,0.0,0.604859,0.0351332,0.466437,0.112216,,234,6,22,14934,0.0,0.189378,0.00806366,0.558806,0.0880165,,200,11,104,13485,0.0,0.592686,0.0389152,0.399222,0.0971999,,236,12,114,13655,0.0,0.84186,0.0433591,0.48963,0.0974788,,210,21,178,7227,0.0,1.38755,0.0647293,0.219617,0.057189,,223,9,98,14538,0.0,0.599225,0.0335853,0.484549,0.102522,,219,20,136,3918,0.0,1.02199,0.0463247,0.112136,0.0319653,,214,7,30,14897,0.0,0.233859,0.0103792,0.411171,0.0928021,,206,24,44,1699,0.0,0.322312,0.0161367,0.053272,0.0133219,,212,14,166,12681,0.0,1.10586,0.0593834,0.39211,0.0964668,,235,14,222,10681,0.0,1.7392,0.0762935,0.333348,0.0809532,,239,12,124,13362,0.0,0.940456,0.0400741,0.422718,0.104335,,213,11,12,14811,0.0,0.140552,0.00459306,0.559934,0.0837893,,205,24,140,4540,0.0,1.0477,0.050953,0.137306,0.0368863,,198,19,130,5974,0.0,1.10182,0.045192,0.178999,0.0471824,,193,18,138,7492,0.0,0.893628,0.0505917,0.22833,0.0588067,,207,21,176,4871,0.0,1.34304,0.0626191,0.146713,0.0387041,,220,17,160,7474,0.0,1.26776,0.0555943,0.221593,0.0593811,,228,15,218,9914,0.0,1.70565,0.0785391,0.297197,0.0779472,,227,9,96,14585,0.0,0.571042,0.0362353,0.46976,0.0991674,,215,11,64,14458,0.0,0.45327,0.0227269,0.492828,0.094754,,231,1,1,15000,0.0,0.561944,0.000673991,0.47249,0.0827168,,230,16,210,8726,0.0,1.62591,0.0756063,0.254181,0.0677653,,224,19,178,6697,0.0,1.39,0.0625012,0.203743,0.0509346,,194,21,170,4765,0.0,1.30824,0.0640746,0.14227,0.0382186,,229,14,190,12275,0.0,1.41773,0.0651449,0.375895,0.0956739,,201,16,188,11056,0.0,1.30506,0.0667806,0.332728,0.0840843,,202,16,170,12599,0.0,1.14407,0.0614506,0.394022,0.0944585,,233,11,152,13277,0.0,1.08237,0.0553607,0.418358,0.0977427,,204,18,178,6335,0.0,1.40588,0.0611099,0.184494,0.0492989,,197,22,86,2034,0.0,0.649665,0.0304571,0.0635998,0.0163192,,232,4,8,15000,0.0,0.129766,0.00283417,0.469239,0.0900503,,216,12,150,13113,0.0,0.969784,0.0546118,0.404574,0.0948146,,218,17,178,11082,0.0,1.34272,0.0662501,0.330728,0.0875909,,211,7,22,14904,0.0,0.197888,0.00738508,0.412654,0.0858958,,225,13,150,12779,0.0,1.06158,0.0552973,0.380346,0.100367,,217,27,76,1728,0.0,0.447404,0.0250513,0.0478468,0.0127808,,208,10,122,14059,0.0,0.672558,0.0414527,0.43079,0.0999436,,226,2,2,15000,0.0,0.0936861,0.000765836,0.459846,0.083261,,196,13,222,11265,0.0,1.34192,0.0784686,0.324299,0.0881104,,203,8,32,14937,0.0,0.252469,0.011051,0.42364,0.0918008,,192,18,248,8348,0.0,1.46409,0.0882699,0.25432,0.0644778,,,,,,
195,17,188,7446,0.0,1.40029,0.0702075,0.21919,0.0581813,,221,11,98,14029,0.0,0.64709,0.033385,0.451668,0.101103,,209,19,162,8132,0.0,1.23831,0.0614488,0.256774,0.0614022,,238,10,24,14504,0.0,0.228849,0.0088663,0.610372,0.0906296,,199,14,166,12198,0.0,1.03951,0.0604514,0.380124,0.089511,,237,17,184,9124,0.0,1.4172,0.0686287,0.277877,0.0706105,,222,10,148,14135,0.0,0.919915,0.0508941,0.435707,0.102002,,234,7,30,14830,0.0,0.237964,0.0114906,0.549155,0.0921274,,200,12,122,13015,0.0,0.693747,0.0444043,0.394674,0.0964967,,236,13,144,13326,0.0,1.11135,0.0497116,0.454975,0.0911252,,210,22,150,6016,0.0,1.14876,0.0541582,0.181297,0.047073,,223,10,130,14083,0.0,0.834034,0.0477623,0.438415,0.101311,,219,21,112,3142,0.0,0.803098,0.039361,0.0922263,0.0246652,,214,8,50,14835,0.0,0.334351,0.0168366,0.41384,0.102003,,206,25,42,1504,0.0,0.307858,0.0149957,0.045022,0.0110338,,212,15,162,11809,0.0,1.14708,0.0588249,0.366147,0.0890757,,235,15,210,9357,0.0,1.64401,0.0737863,0.285676,0.0730461,,239,13,138,12656,0.0,1.066,0.0504701,0.407287,0.0933724,,213,12,16,14772,0.0,0.165993,0.00567698,0.581798,0.0844724,,205,25,106,3670,0.0,0.779819,0.0380855,0.109585,0.0298412,,198,20,136,5192,0.0,1.05031,0.0469782,0.161909,0.0406296,,193,19,116,6753,0.0,0.836329,0.0420953,0.20914,0.0522946,,207,22,130,3900,0.0,0.995887,0.0463225,0.119063,0.0305673,,220,18,182,6796,0.0,1.40581,0.0623782,0.198012,0.0538862,,228,16,204,8589,0.0,1.57306,0.0721615,0.259044,0.0663016,,227,10,100,14145,0.0,0.642679,0.0348476,0.474226,0.0978127,,215,12,78,14267,0.0,0.54905,0.029986,0.462798,0.101154,,231,2,2,15000,0.0,0.092148,0.000832752,0.451715,0.0819909,,230,17,234,7616,0.0,1.80616,0.0812896,0.218934,0.0578109,,224,20,162,5627,0.0,1.25992,0.0571987,0.168646,0.0440207,,194,22,148,3822,0.0,1.12637,0.0521134,0.113966,0.0305885,,229,15,192,11328,0.0,1.46992,0.0687487,0.338202,0.0861644,,201,17,176,9856,0.0,1.31245,0.059841,0.29724,0.0792252,,202,17,188,11764,0.0,1.33679,0.0663214,0.378346,0.0860551,,233,12,180,12469,0.0,1.35908,0.0625732,0.386069,0.0944554,,204,19,180,5064,0.0,1.40364,0.0643604,0.145925,0.0392923,,197,23,76,1583,0.0,0.586654,0.0274381,0.0498924,0.012883,,232,5,16,15000,0.0,0.167471,0.00558458,0.473564,0.092333,,216,13,174,12257,0.0,1.16268,0.0658506,0.397844,0.087783,,218,18,186,10196,0.0,1.44145,0.0675199,0.310879,0.0790724,,211,8,36,14867,0.0,0.27381,0.0121814,0.415511,0.106251,,225,14,206,12205,0.0,1.52576,0.0708573,0.362178,0.0923943,,217,28,72,1246,0.0,0.415307,0.0235962,0.0351212,0.00928611,,208,11,134,13319,0.0,0.78838,0.0489949,0.451036,0.0959424,,226,3,4,15000,0.0,0.104666,0.00144232,0.435197,0.0841638,,196,14,216,9921,0.0,1.39593,0.0768046,0.295007,0.0759316,,203,9,34,14769,0.0,0.267659,0.0119216,0.419078,0.103377,,192,19,220,6868,0.0,1.43918,0.0816533,0.199073,0.05441,,,,,,
195,18,160,6258,0.0,1.21881,0.0583432,0.187662,0.0477438,,221,12,110,13448,0.0,0.724674,0.0374292,0.42385,0.0953544,,209,20,146,7267,0.0,1.1432,0.0529053,0.225481,0.0554769,,238,11,32,14413,0.0,0.287157,0.0118138,0.563744,0.0932255,,199,15,188,11430,0.0,1.23608,0.0690582,0.373122,0.0848464,,237,18,194,8267,0.0,1.50764,0.0665374,0.244199,0.0637509,,222,11,170,13364,0.0,1.09507,0.0611041,0.421181,0.0957385,,234,8,42,14744,0.0,0.321797,0.0149487,0.501292,0.097919,,200,13,150,12440,0.0,0.925711,0.0522755,0.383753,0.09522,,236,14,170,12610,0.0,1.33223,0.0587497,0.439518,0.0897805,,210,23,128,5146,0.0,0.97997,0.0468524,0.153534,0.0415524,,223,11,142,13310,0.0,0.922882,0.0483901,0.419613,0.097403,,219,22,96,2628,0.0,0.656365,0.033012,0.0762483,0.0199492,,214,9,80,14730,0.0,0.465104,0.027365,0.456165,0.103525,,206,26,40,1208,0.0,0.289359,0.0141149,0.0381346,0.00903049,,212,16,172,10813,0.0,1.29351,0.0615354,0.320949,0.0830269,,235,16,180,8080,0.0,1.39428,0.0591861,0.244048,0.0616355,,239,14,160,11718,0.0,1.27644,0.0543821,0.361399,0.0862176,,213,13,30,14761,0.0,0.285006,0.0107088,0.559904,0.121634,,205,26,94,3161,0.0,0.664754,0.0334944,0.0913864,0.0240505,,198,21,124,4449,0.0,0.949858,0.0452793,0.136,0.0364793,,193,20,134,6097,0.0,0.954946,0.0473351,0.181921,0.0500459,,207,23,112,3068,0.0,0.823092,0.0378086,0.0932445,0.0244043,,220,19,172,5536,0.0,1.33371,0.0604153,0.162173,0.0445887,,228,17,194,7294,0.0,1.48988,0.0698034,0.220774,0.0566297,,227,11,120,13661,0.0,0.806264,0.0445246,0.510046,0.0979608,,215,13,104,13890,0.0,0.696666,0.0392166,0.438732,0.0997967,,231,3,4,15000,0.0,0.103067,0.00148534,0.462357,0.0824606,,230,18,210,6037,0.0,1.60315,0.0736554,0.17536,0.0466493,,224,21,154,4728,0.0,1.16481,0.04892,0.13745,0.0376174,,194,23,140,2912,0.0,1.0805,0.0510867,0.0897514,0.0240681,,229,16,196,10210,0.0,1.54293,0.0732169,0.302333,0.0787125,,201,18,188,8965,0.0,1.45006,0.0617728,0.268864,0.0680376,,202,18,184,10571,0.0,1.3863,0.0680043,0.330744,0.0795973,,233,13,200,11296,0.0,1.52664,0.0727152,0.339487,0.09179,,204,20,156,3762,0.0,1.20594,0.0550838,0.110141,0.0305325,,197,24,60,1148,0.0,0.476881,0.0219879,0.0353102,0.00954155,,232,6,32,15000,0.0,0.277234,0.011542,0.463703,0.122867,,216,14,174,11385,0.0,1.24118,0.0664082,0.361569,0.0841254,,218,19,220,9235,0.0,1.69212,0.079127,0.279792,0.0752938,,211,9,50,14715,0.0,0.337535,0.0177825,0.43358,0.102542,,225,15,242,11192,0.0,1.8343,0.0859109,0.328287,0.0852282,,217,29,54,779,0.0,0.276688,0.0168222,0.022674,0.00589525,,208,12,156,12608,0.0,0.979329,0.0575944,0.421491,0.0968678,,226,4,8,15000,0.0,0.125283,0.00298577,0.452493,0.0849299,,196,15,236,8804,0.0,1.61428,0.0871706,0.251965,0.0678603,,203,10,52,14620,0.0,0.337323,0.0177344,0.44188,0.0931412,,192,20,210,5469,0.0,1.40358,0.0779398,0.161372,0.0438397,,,,,,
195,19,152,5314,0.0,1.14649,0.0542997,0.159929,0.0410825,,221,13,132,12726,0.0,0.897332,0.0482317,0.407727,0.0893008,,209,21,150,6529,0.0,1.17194,0.0503065,0.193477,0.0517985,,238,12,46,14298,0.0,0.38396,0.0165589,0.57697,0.0872886,,199,16,202,10492,0.0,1.41328,0.0717795,0.327385,0.0791852,,237,19,198,7185,0.0,1.46253,0.0618232,0.204982,0.0559984,,222,12,198,12635,0.0,1.33382,0.0719947,0.401851,0.0963899,,234,9,64,14619,0.0,0.452311,0.0234741,0.518655,0.0965932,,200,14,168,11544,0.0,1.06454,0.0606575,0.335967,0.0891933,,236,15,164,11559,0.0,1.31709,0.0614326,0.392958,0.0845953,,210,24,126,4429,0.0,0.927979,0.0458198,0.130173,0.0340649,,223,12,156,12562,0.0,1.01361,0.0559905,0.413702,0.0945445,,219,23,72,2041,0.0,0.477812,0.0250998,0.0564099,0.0149411,,214,10,104,14317,0.0,0.561549,0.0355307,0.466881,0.0996048,,206,27,38,960,0.0,0.267168,0.0133828,0.0305953,0.00749505,,212,17,194,9911,0.0,1.48728,0.0702331,0.295492,0.0756859,,235,17,172,7021,0.0,1.32185,0.0602022,0.210759,0.0558792,,239,15,186,10781,0.0,1.46483,0.0608604,0.321336,0.08148,,213,14,38,14629,0.0,0.313439,0.0131249,0.54681,0.0948446,,205,27,92,2657,0.0,0.620857,0.0305056,0.0750503,0.0196377,,198,22,98,3621,0.0,0.773642,0.0348248,0.110096,0.0289124,,193,21,148,5274,0.0,1.09872,0.0557101,0.160602,0.0419354,,207,24,102,2386,0.0,0.720684,0.0363996,0.0686902,0.0192555,,220,20,144,4500,0.0,1.08399,0.0453996,0.128058,0.035955,,228,18,188,6331,0.0,1.46483,0.0660361,0.186987,0.0478058,,227,12,136,12908,0.0,0.997004,0.0487029,0.412833,0.098678,,215,14,134,13471,0.0,0.912083,0.0489001,0.41724,0.0979774,,231,4,8,15000,0.0,0.123688,0.00279848,0.435961,0.0843362,,230,19,210,4822,0.0,1.51094,0.070597,0.13821,0.0370246,,224,22,128,3765,0.0,0.90652,0.0455969,0.111611,0.0291421,,194,24,104,1943,0.0,0.809145,0.0362593,0.0593697,0.0164512,,229,17,226,9233,0.0,1.7546,0.0776655,0.266138,0.070864,,201,19,190,8026,0.0,1.46072,0.0705019,0.240404,0.063079,,202,19,186,9473,0.0,1.43912,0.0684418,0.312375,0.0789258,,233,14,190,10232,0.0,1.48623,0.0690672,0.306099,0.0810101,,204,21,118,2874,0.0,0.902841,0.0424657,0.0857236,0.0233725,,197,25,40,764,0.0,0.278764,0.0152904,0.0256637,0.00632098,,232,7,54,14888,0.0,0.356629,0.0203636,0.492259,0.097433,,216,15,194,10397,0.0,1.45452,0.0675554,0.315669,0.0795762,,218,20,220,8038,0.0,1.70562,0.0803926,0.237844,0.0660138,,211,10,72,14577,0.0,0.444023,0.0258036,0.438892,0.101954,,225,16,268,9842,0.0,2.06625,0.0993581,0.290512,0.0765374,,217,30,22,502,0.0,0.101506,0.00668373,0.015025,0.00336011,,208,13,168,11753,0.0,1.10301,0.0621791,0.382521,0.087509,,226,5,14,14986,0.0,0.156704,0.00482677,0.437194,0.0879818,,196,16,228,7414,0.0,1.69074,0.0797461,0.216666,0.0579334,,203,11,72,14433,0.0,0.452518,0.0266712,0.447164,0.104298,,192,21,176,4296,0.0,1.2408,0.0607926,0.126356,0.0347226,,,,,,
195,20,144,4381,0.0,1.12981,0.054484,0.135323,0.0343274,,221,14,158,12153,0.0,1.13896,0.0591744,0.388529,0.0935541,,209,22,156,5564,0.0,1.21502,0.0542731,0.164025,0.0435496,,238,13,56,14095,0.0,0.490901,0.0211307,0.536777,0.089555,,199,17,190,9268,0.0,1.42518,0.0687959,0.288189,0.0677703,,237,20,188,5948,0.0,1.28836,0.063886,0.166105,0.045498,,222,13,202,11358,0.0,1.52912,0.0750627,0.368303,0.0982637,,234,10,82,14335,0.0,0.593528,0.0306437,0.496217,0.0955796,,200,15,172,10651,0.0,1.13015,0.0625264,0.324411,0.0798335,,236,16,158,10557,0.0,1.23153,0.0578947,0.356716,0.0788475,,210,25,128,3764,0.0,0.894339,0.0450693,0.105541,0.0286936,,223,13,172,11829,0.0,1.23533,0.0610697,0.387138,0.0890624,,219,24,72,1609,0.0,0.469583,0.0243562,0.0450369,0.0115847,,214,11,130,13895,0.0,0.737013,0.0483092,0.441167,0.096591,,206,28,32,778,0.0,0.220958,0.0104986,0.0257632,0.00583097,,212,18,224,9056,0.0,1.75713,0.0780608,0.269393,0.0700194,,235,18,160,6203,0.0,1.1823,0.0557547,0.186334,0.048874,,239,16,198,9876,0.0,1.53643,0.0707621,0.294037,0.0749016,,213,15,46,14498,0.0,0.377209,0.0156731,0.497873,0.0966997,,205,28,70,1981,0.0,0.446225,0.0223821,0.0574893,0.0145236,,198,23,90,3017,0.0,0.68342,0.0338117,0.09215,0.0241532,,193,22,142,4447,0.0,1.10253,0.0516213,0.133155,0.0348427,,207,25,88,1848,0.0,0.595557,0.0312463,0.0541853,0.0148367,,220,21,146,3683,0.0,1.0297,0.0499517,0.104416,0.0293898,,228,19,166,5252,0.0,1.24439,0.0521088,0.151189,0.0394375,,227,13,166,12279,0.0,1.19974,0.0633337,0.384196,0.0997163,,215,15,158,12792,0.0,1.10854,0.0573307,0.400381,0.091503,,231,5,14,14995,0.0,0.154284,0.00527521,0.458981,0.0874252,,230,20,152,3390,0.0,1.01034,0.051946,0.0936636,0.0256617,,224,23,104,3037,0.0,0.702556,0.0339377,0.0854202,0.0237124,,194,25,82,1312,0.0,0.612645,0.0305671,0.0410843,0.0109725,,229,18,222,7836,0.0,1.72571,0.0789434,0.232957,0.0601585,,201,20,190,7094,0.0,1.46162,0.0721365,0.276588,0.0548817,,202,20,166,8193,0.0,1.3195,0.0609356,0.259486,0.059463,,233,15,188,8785,0.0,1.44758,0.0693586,0.26006,0.0683123,,204,22,110,2202,0.0,0.84843,0.0401642,0.0677556,0.0185433,,197,26,32,469,0.0,0.25182,0.0103925,0.0177871,0.0040705,,232,8,74,14677,0.0,0.465647,0.0281895,0.496843,0.0966052,,216,16,210,9408,0.0,1.61748,0.0734128,0.284349,0.0752121,,218,21,196,6678,0.0,1.52616,0.0678079,0.193606,0.0545121,,211,11,92,14266,0.0,0.526899,0.0344309,0.445588,0.0977188,,225,17,252,7968,0.0,1.95335,0.0924798,0.239903,0.0610732,,217,31,20,372,0.0,0.0891077,0.00628898,0.0110863,0.00247032,,208,14,164,10950,0.0,1.14668,0.0594817,0.352779,0.0783947,,226,6,16,14920,0.0,0.164062,0.00564347,0.449107,0.0873827,,196,17,228,6157,0.0,1.73967,0.0802918,0.183451,0.0486336,,203,12,80,13994,0.0,0.480203,0.0311926,0.449013,0.0978823,,192,22,146,3172,0.0,1.08181,0.0532422,0.0958299,0.0255858,,,,,,
195,21,134,3618,0.0,1.03828,0.0428983,0.106019,0.0286149,,221,15,176,11403,0.0,1.33305,0.0622134,0.349417,0.0854402,,209,23,160,4677,0.0,1.1831,0.0572293,0.140722,0.0378301,,238,14,72,13806,0.0,0.576018,0.0258053,0.522183,0.0897041,,199,18,192,8299,0.0,1.46652,0.0662849,0.255237,0.0618441,,237,21,174,4875,0.0,1.13139,0.0547803,0.132592,0.0355797,,222,14,204,10257,0.0,1.60765,0.0697621,0.319023,0.0753237,,234,11,110,14020,0.0,0.749008,0.0386318,0.485318,0.096863,,200,16,198,9832,0.0,1.39972,0.0758321,0.294039,0.0730521,,236,17,154,9712,0.0,1.2095,0.0560826,0.31256,0.072544,,210,26,128,3006,0.0,0.852036,0.044909,0.083664,0.0225447,,223,14,178,10884,0.0,1.33191,0.0641544,0.344654,0.0824429,,219,25,62,1221,0.0,0.412205,0.0211316,0.0352532,0.00934719,,214,12,160,13342,0.0,1.00248,0.0578309,0.432825,0.0946533,,206,29,28,521,0.0,0.198022,0.00927483,0.0178779,0.00433686,,212,19,216,7829,0.0,1.67668,0.0770527,0.227511,0.0619537,,235,19,118,5140,0.0,0.826861,0.0390543,0.147369,0.0394337,,239,17,222,8807,0.0,1.68523,0.0798805,0.263007,0.0670931,,213,16,72,14288,0.0,0.537754,0.0264817,0.486718,0.0961904,,205,29,50,1543,0.0,0.344497,0.0172157,0.0432159,0.0108813,,198,24,82,2652,0.0,0.637961,0.0295379,0.0826408,0.0222981,,193,23,134,3565,0.0,1.00929,0.0471987,0.110313,0.0287089,,207,26,60,1263,0.0,0.401566,0.0219725,0.0356932,0.00966476,,220,22,122,2897,0.0,0.811041,0.0424672,0.0809105,0.0226875,,228,20,138,4121,0.0,0.964754,0.0480979,0.119069,0.0312262,,227,14,168,11342,0.0,1.24607,0.0609063,0.354945,0.087932,,215,16,176,12012,0.0,1.3269,0.062092,0.372613,0.0861804,,231,6,26,14967,0.0,0.217681,0.00987841,0.496523,0.0915907,,230,21,136,2566,0.0,0.888147,0.0442557,0.0716679,0.0196701,,224,24,72,2326,0.0,0.457481,0.0227006,0.0651826,0.0176178,,194,26,46,821,0.0,0.363979,0.0154935,0.027375,0.00676658,,229,19,236,6511,0.0,1.77604,0.0850033,0.194183,0.0512366,,201,21,170,5709,0.0,1.3002,0.0621496,0.168946,0.0466637,,202,21,158,7219,0.0,1.22295,0.0586615,0.224416,0.0536915,,233,16,196,7836,0.0,1.52296,0.0735481,0.234382,0.0602243,,204,23,76,1462,0.0,0.569568,0.0241501,0.042247,0.0116338,,197,27,14,290,0.0,0.101171,0.00443568,0.0136969,0.00249915,,232,9,96,14356,0.0,0.624527,0.0331338,0.479616,0.101215,,216,17,214,8339,0.0,1.67102,0.0758353,0.249859,0.0669621,,218,22,180,5474,0.0,1.34712,0.0595297,0.148378,0.0433036,,211,12,114,13734,0.0,0.732779,0.0413938,0.444102,0.115646,,225,18,254,6558,0.0,1.96106,0.0902661,0.189843,0.0521801,,217,32,14,169,0.0,0.0588824,0.00375391,0.0064919,0.00134344,,208,15,178,10118,0.0,1.31639,0.0638436,0.327749,0.0744558,,226,7,24,14884,0.0,0.204931,0.00878307,0.491269,0.0911735,,196,18,184,4645,0.0,1.44348,0.0678793,0.140552,0.0374867,,203,13,116,13674,0.0,0.702888,0.0438231,0.534157,0.0998675,,192,23,106,2344,0.0,0.811143,0.0382574,0.0724575,0.0189531,,,,,,
195,22,126,2699,0.0,0.963529,0.047242,0.085079,0.0226793,,221,16,208,10356,0.0,1.58654,0.0749411,0.320943,0.0794436,,209,24,122,3708,0.0,0.868009,0.043011,0.107215,0.0285121,,238,15,80,13492,0.0,0.679134,0.0292642,0.483158,0.0981994,,199,19,182,7199,0.0,1.4214,0.0642974,0.220741,0.0541598,,237,22,166,3857,0.0,0.923085,0.0493149,0.0979458,0.027245,,222,15,174,9034,0.0,1.365,0.0615895,0.281528,0.0679979,,234,12,144,13510,0.0,1.03164,0.0502174,0.44133,0.0965608,,200,17,198,8417,0.0,1.46421,0.0720877,0.247176,0.0634287,,236,18,146,8860,0.0,1.13667,0.0531017,0.277503,0.0660893,,210,27,110,2225,0.0,0.732219,0.0356036,0.0637873,0.0163575,,223,15,196,9954,0.0,1.51696,0.0724545,0.312537,0.0777947,,219,26,48,895,0.0,0.283192,0.0161212,0.02489,0.00683693,,214,13,212,12723,0.0,1.39225,0.0811232,0.405071,0.0939169,,206,30,30,417,0.0,0.208003,0.0103937,0.0147572,0.00360815,,212,20,208,6631,0.0,1.61158,0.0698493,0.190631,0.0521803,,235,20,106,4544,0.0,0.704972,0.0373525,0.127546,0.034452,,239,18,238,7502,0.0,1.66852,0.0838574,0.219099,0.0578776,,213,17,96,14024,0.0,0.67315,0.0346898,0.461895,0.100613,,205,30,56,1206,0.0,0.349029,0.017965,0.0369157,0.00870394,,198,25,68,2160,0.0,0.511184,0.0239458,0.0658079,0.0168118,,193,24,106,2711,0.0,0.854719,0.0380098,0.0848431,0.0219693,,207,27,48,893,0.0,0.303489,0.0164505,0.0263769,0.0069313,,220,23,104,2235,0.0,0.693028,0.0352802,0.0624214,0.0169307,,228,21,120,3286,0.0,0.797558,0.0421088,0.0946967,0.0241539,,227,15,192,10522,0.0,1.47589,0.0720121,0.318098,0.0809752,,215,17,176,11130,0.0,1.33145,0.0573972,0.335314,0.085064,,231,7,36,14899,0.0,0.264375,0.0128766,0.537379,0.0941807,,230,22,100,1717,0.0,0.59392,0.030516,0.0460549,0.0137825,,224,25,64,1929,0.0,0.433205,0.0217219,0.0563202,0.0143229,,194,27,30,533,0.0,0.222809,0.0104515,0.0197171,0.00449973,,229,20,216,5129,0.0,1.49322,0.074316,0.145873,0.0401427,,201,22,156,4688,0.0,1.20729,0.0584623,0.140787,0.0365416,,202,22,156,6375,0.0,1.20033,0.0578358,0.191773,0.0505965,,233,17,212,6678,0.0,1.64239,0.076286,0.194978,0.0520766,,204,24,40,878,0.0,0.295178,0.0143017,0.027636,0.00714267,,197,28,16,263,0.0,0.116677,0.00502381,0.0128016,0.00220144,,232,10,122,13961,0.0,0.805485,0.0451818,0.45042,0.101013,,216,18,190,7199,0.0,1.48561,0.0624423,0.213011,0.057599,,218,23,158,4419,0.0,1.09708,0.0523045,0.12208,0.0342263,,211,13,132,13184,0.0,0.85481,0.0503705,0.419771,0.0984856,,225,19,232,5129,0.0,1.70873,0.0723392,0.14381,0.0401469,,217,33,6,99,0.0,0.0230188,0.00168649,0.00416587,0.000669494,,208,16,176,9158,0.0,1.335,0.0645329,0.282792,0.0685951,,226,8,32,14730,0.0,0.252835,0.0123112,0.532916,0.0938295,,196,19,148,3533,0.0,1.1422,0.0552061,0.105852,0.0292544,,203,14,132,13112,0.0,0.859975,0.0494386,0.430106,0.095596,,192,24,90,1779,0.0,0.680788,0.033062,0.0574278,0.0143767,,,,,,
195,23,98,1951,0.0,0.768785,0.0357513,0.0609412,0.016663,,221,17,206,9239,0.0,1.61719,0.0761979,0.284751,0.0730679,,209,25,110,2873,0.0,0.742871,0.0380258,0.0829377,0.0233376,,238,16,102,13189,0.0,0.796117,0.0390619,0.453602,0.0911734,,199,20,166,6113,0.0,1.28025,0.0620524,0.190086,0.0470336,,237,23,130,2847,0.0,0.499345,0.0357627,0.068283,0.0191207,,222,16,162,8135,0.0,1.2457,0.0587019,0.259013,0.061398,,234,13,160,12741,0.0,1.22141,0.0558326,0.412535,0.0973009,,200,18,228,7361,0.0,1.74941,0.0828043,0.216413,0.05797,,236,19,144,8008,0.0,1.11194,0.0527991,0.248594,0.0623751,,210,28,78,1419,0.0,0.464704,0.025063,0.0408088,0.0106125,,223,16,194,8973,0.0,1.53646,0.069488,0.277281,0.0683193,,219,27,36,672,0.0,0.212234,0.0118828,0.0198348,0.0049975,,214,14,220,11337,0.0,1.56106,0.0816944,0.360904,0.0811982,,206,31,20,234,0.0,0.129688,0.00715112,0.00983631,0.00200324,,212,21,198,5258,0.0,1.52241,0.0716884,0.15676,0.0419421,,235,21,120,3945,0.0,0.791862,0.0412096,0.110026,0.0287353,,239,19,216,6063,0.0,1.42003,0.0726727,0.169066,0.0449666,,213,18,134,13591,0.0,0.955219,0.0492406,0.437616,0.0988259,,205,31,34,868,0.0,0.200113,0.0115001,0.0252,0.00612005,,198,26,50,1693,0.0,0.389166,0.017593,0.05137,0.0126203,,193,25,90,2058,0.0,0.661322,0.0308982,0.0626856,0.0169115,,207,28,42,673,0.0,0.298137,0.0135218,0.0200073,0.00510545,,220,24,76,1568,0.0,0.455618,0.0248215,0.0447281,0.0120258,,228,22,106,2568,0.0,0.706034,0.0337004,0.07236,0.0185088,,227,16,202,9617,0.0,1.58116,0.071788,0.28282,0.0731707,,215,18,186,9997,0.0,1.41597,0.0679807,0.302648,0.0797222,,231,8,54,14819,0.0,0.359137,0.0205879,0.537999,0.0944408,,230,23,66,1144,0.0,0.338354,0.0202883,0.030426,0.00896765,,224,26,64,1590,0.0,0.378863,0.0217186,0.0447749,0.0117205,,194,28,20,376,0.0,0.14813,0.00746864,0.0138197,0.00303172,,229,21,186,3791,0.0,1.22467,0.0610206,0.104538,0.0284005,,201,23,144,3825,0.0,1.11391,0.0516258,0.112229,0.03033,,202,23,132,5422,0.0,1.01094,0.0475829,0.166051,0.0438642,,233,18,212,5396,0.0,1.57167,0.0731574,0.149668,0.0426481,,204,25,30,686,0.0,0.216461,0.0103459,0.0224489,0.00539957,,197,29,14,149,0.0,0.105641,0.00405462,0.00787449,0.0014071,,232,11,150,13314,0.0,1.00919,0.0552291,0.421269,0.101643,,216,19,166,6009,0.0,1.2867,0.0584902,0.178896,0.0473592,,218,24,138,3418,0.0,0.905659,0.0470721,0.093814,0.0253434,,211,14,174,12632,0.0,1.16762,0.061668,0.379875,0.094216,,225,20,176,3619,0.0,1.20723,0.0605034,0.100705,0.0281494,,217,34,2,36,0.0,0.00731938,0.00067863,0.00277727,0.000242631,,208,17,166,7972,0.0,1.25848,0.0625656,0.252188,0.0620095,,226,9,46,14625,0.0,0.334024,0.0166346,0.513837,0.095374,,196,20,130,2798,0.0,0.98851,0.0481885,0.0847153,0.0236047,,203,15,156,12194,0.0,1.03383,0.0578065,0.384223,0.0890568,,192,25,54,1103,0.0,0.415257,0.0193064,0.0370259,0.00916412,,,,,,
195,24,64,1264,0.0,0.48918,0.0218706,0.0400008,0.0104111,,221,18,188,8029,0.0,1.46669,0.0658472,0.237988,0.0622434,,209,26,92,2268,0.0,0.601536,0.0314595,0.0642566,0.0171808,,238,17,102,12606,0.0,0.819276,0.0355107,0.437974,0.089942,,199,21,154,5097,0.0,1.17302,0.0552123,0.157893,0.040446,,237,24,90,1975,0.0,0.303144,0.0236334,0.0400982,0.0134002,,222,17,144,7048,0.0,1.10435,0.051703,0.220778,0.0530207,,234,14,164,11829,0.0,1.26628,0.0570116,0.378468,0.0877544,,200,19,196,5819,0.0,1.54182,0.0666025,0.170829,0.0458073,,236,20,146,7276,0.0,1.0681,0.0507076,0.221096,0.0545717,,210,29,58,1049,0.0,0.340854,0.0200283,0.0315627,0.00792603,,223,17,180,7910,0.0,1.42304,0.0589435,0.240573,0.059037,,219,28,28,307,0.0,0.168918,0.00981307,0.0113356,0.00255908,,214,15,208,10190,0.0,1.55029,0.0754496,0.317389,0.072709,,206,32,10,98,0.0,0.0681782,0.0029327,0.00689776,0.000929675,,212,22,164,4093,0.0,1.19299,0.0573553,0.119817,0.0321804,,235,22,116,3292,0.0,0.694956,0.0380764,0.088041,0.0235109,,239,20,172,4651,0.0,0.962281,0.0527727,0.122459,0.0340532,,213,19,160,12969,0.0,1.19989,0.0578749,0.411327,0.0929848,,205,32,28,668,0.0,0.163006,0.00893238,0.0215819,0.00488261,,198,27,40,1337,0.0,0.289938,0.0151814,0.0432039,0.0101951,,193,26,70,1479,0.0,0.566205,0.0251546,0.048105,0.0129941,,207,29,18,442,0.0,0.119332,0.00596441,0.0149989,0.00323656,,220,25,66,1024,0.0,0.395162,0.0208231,0.0297175,0.00864686,,228,23,70,1892,0.0,0.414655,0.0231831,0.0519492,0.0137417,,227,17,218,8350,0.0,1.69049,0.0720683,0.24477,0.0660443,,215,19,180,8816,0.0,1.38172,0.0670954,0.266576,0.0670145,,231,9,74,14526,0.0,0.517854,0.0255452,0.470358,0.0978887,,230,24,38,690,0.0,0.177985,0.011353,0.0197351,0.00574762,,224,27,44,1247,0.0,0.266732,0.0142793,0.0349029,0.00895369,,194,29,16,258,0.0,0.112926,0.00477466,0.0137015,0.00206345,,229,22,126,2547,0.0,0.75531,0.0420406,0.0688492,0.0186014,,201,24,126,2961,0.0,0.950501,0.0425244,0.0842121,0.0237668,,202,24,112,4601,0.0,0.871588,0.0406036,0.139025,0.0360018,,233,19,184,3987,0.0,1.26456,0.0639959,0.114881,0.0314215,,204,26,28,521,0.0,0.205532,0.00931134,0.0170875,0.00424263,,197,30,6,54,0.0,0.0413991,0.0021651,0.00483027,0.000508313,,232,12,170,12248,0.0,1.20735,0.0607064,0.383009,0.0922425,,216,20,144,5145,0.0,1.13023,0.0504529,0.151104,0.0406085,,218,25,114,2666,0.0,0.718183,0.037808,0.0747838,0.0189864,,211,15,184,11678,0.0,1.29006,0.0639159,0.351498,0.0887385,,225,21,132,2408,0.0,0.877052,0.0430004,0.0680609,0.0181756,,217,35,2,28,0.0,0.0073231,0.00055198,0.00257206,0.00027285,,208,18,160,7171,0.0,1.26343,0.0565777,0.225184,0.0534986,,226,10,68,14480,0.0,0.481127,0.0236668,0.471045,0.099931,,196,21,78,1920,0.0,0.623833,0.0282835,0.0592334,0.0161292,,203,16,170,11267,0.0,1.21461,0.061696,0.355195,0.0824373,,192,26,48,842,0.0,0.356653,0.0164142,0.0267995,0.007007,,,,,,
195,25,48,867,0.0,0.369101,0.0172474,0.0284137,0.00712094,,221,19,156,6978,0.0,1.21588,0.0558608,0.207101,0.0561007,,209,27,68,1733,0.0,0.468724,0.0213838,0.0487542,0.0128046,,238,18,144,12234,0.0,1.16634,0.0521109,0.392535,0.0949745,,199,22,128,4151,0.0,1.00288,0.045196,0.123789,0.0346502,,237,25,86,1481,0.0,0.283867,0.0225541,0.0305437,0.0104514,,222,18,134,6234,0.0,1.05185,0.0481098,0.188966,0.0477811,,234,15,186,11142,0.0,1.46907,0.0680695,0.359121,0.0824922,,200,20,184,4849,0.0,1.44869,0.063889,0.136961,0.0381749,,236,21,162,6607,0.0,1.11181,0.0544248,0.191612,0.048972,,210,30,50,733,0.0,0.256486,0.015906,0.020495,0.00555009,,223,18,174,6943,0.0,1.35466,0.0581323,0.215747,0.0503752,,219,29,12,126,0.0,0.0683319,0.00348448,0.00710302,0.00105636,,214,16,206,8732,0.0,1.58839,0.0720773,0.274703,0.0653976,,206,33,6,52,0.0,0.0383278,0.00240146,0.00428362,0.000563677,,212,23,118,3079,0.0,0.81716,0.0393035,0.0892057,0.0237426,,235,23,92,2680,0.0,0.464953,0.0280721,0.0678904,0.0178329,,239,21,132,3527,0.0,0.507107,0.0372133,0.0875477,0.0231014,,213,20,192,12112,0.0,1.49,0.0685281,0.369323,0.0932814,,205,33,28,423,0.0,0.17183,0.00929505,0.0138769,0.00343534,,198,28,36,1080,0.0,0.261933,0.0123057,0.0357722,0.00824121,,193,27,52,1086,0.0,0.400403,0.0180132,0.0378198,0.00904555,,207,30,20,346,0.0,0.125184,0.00643672,0.012208,0.00268136,,220,26,48,601,0.0,0.249418,0.0153933,0.0181254,0.00510781,,228,24,60,1542,0.0,0.356514,0.019453,0.0443155,0.0108084,,227,18,212,7048,0.0,1.64261,0.0767772,0.213209,0.0542479,,215,20,204,7996,0.0,1.56475,0.0723257,0.238172,0.0619576,,231,10,86,14080,0.0,0.588745,0.032444,0.458188,0.102317,,230,25,26,498,0.0,0.112932,0.0078439,0.0136415,0.00345863,,224,28,40,1020,0.0,0.211327,0.0127668,0.0284893,0.00715054,,194,30,14,147,0.0,0.101556,0.00518301,0.00931579,0.00132823,,229,23,92,1862,0.0,0.46349,0.0297924,0.0477638,0.0130921,,201,25,96,2259,0.0,0.682501,0.0338307,0.0670583,0.0174513,,202,25,128,4091,0.0,0.945326,0.0456068,0.122528,0.0365917,,233,20,120,2690,0.0,0.7877,0.0399467,0.0747791,0.0203063,,204,27,26,346,0.0,0.181879,0.00908023,0.0123433,0.00293608,,,,,,,,,,,,232,13,184,11116,0.0,1.3681,0.0655412,0.351104,0.0827284,,216,21,138,4471,0.0,1.02625,0.0500831,0.129991,0.0342927,,218,26,96,1883,0.0,0.559643,0.0303324,0.049302,0.0139845,,211,16,218,10955,0.0,1.62868,0.0750248,0.321835,0.0839018,,225,22,80,1517,0.0,0.473284,0.0246274,0.0427456,0.0114954,,217,36,2,6,0.0,0.00707782,0.000586973,0.00191831,9.4096e-05,,208,19,162,6262,0.0,1.2756,0.0561505,0.187924,0.0481574,,226,11,92,14168,0.0,0.625522,0.0337813,0.468691,0.0959574,,196,22,54,1407,0.0,0.404722,0.0200742,0.0448597,0.0116316,,203,17,160,10035,0.0,1.21722,0.0577709,0.319297,0.0740537,,192,27,28,494,0.0,0.232336,0.0102125,0.0182408,0.00430961,,,,,,
195,26,30,553,0.0,0.231314,0.0105941,0.0214108,0.0045481,,221,20,144,5870,0.0,1.11803,0.051697,0.170821,0.046229,,209,28,54,1285,0.0,0.331707,0.0171049,0.0375113,0.0093564,,238,19,164,11339,0.0,1.296,0.0594973,0.363389,0.0833706,,199,23,94,3261,0.0,0.731656,0.0334145,0.0962257,0.0256537,,237,26,60,1011,0.0,0.194741,0.0154622,0.0209443,0.00707602,,222,19,128,5507,0.0,1.0022,0.0458331,0.168314,0.0417982,,234,16,182,10078,0.0,1.4112,0.0659189,0.318869,0.0744678,,200,21,128,3641,0.0,0.99896,0.0422396,0.105096,0.02852,,236,22,140,5526,0.0,0.92976,0.0462855,0.154882,0.0406276,,210,31,30,355,0.0,0.147034,0.00925415,0.0121193,0.00279284,,223,19,154,5743,0.0,1.2103,0.0538185,0.175254,0.0429962,,219,30,6,65,0.0,0.0305022,0.00176807,0.00440305,0.000553883,,214,17,178,7540,0.0,1.41455,0.061716,0.235245,0.0548533,,206,34,6,29,0.0,0.0412262,0.0025674,0.00303232,0.000328572,,212,24,94,2327,0.0,0.617277,0.0329004,0.0669853,0.0172336,,235,24,84,2013,0.0,0.329942,0.0255246,0.0469288,0.0133932,,239,22,98,2908,0.0,0.33914,0.0258868,0.0606868,0.0181933,,213,21,204,10996,0.0,1.61172,0.073997,0.336378,0.0885338,,205,34,18,297,0.0,0.0993622,0.00606745,0.0104454,0.00219966,,198,29,36,919,0.0,0.258048,0.0123298,0.0312868,0.00703556,,193,28,34,807,0.0,0.261651,0.0120488,0.0305547,0.00626145,,207,31,16,203,0.0,0.0890257,0.00500668,0.00862116,0.00170123,,220,27,26,292,0.0,0.133677,0.00879815,0.00905542,0.00262806,,228,25,56,1255,0.0,0.284658,0.0169738,0.0334852,0.00882697,,227,19,204,5851,0.0,1.54658,0.0726696,0.171477,0.0451266,,215,21,200,6628,0.0,1.53542,0.0725678,0.196096,0.0522463,,231,11,104,13702,0.0,0.741235,0.0382383,0.435121,0.0983998,,230,26,14,382,0.0,0.0520542,0.00413533,0.0100157,0.00252439,,224,29,30,752,0.0,0.150093,0.0088403,0.0227169,0.00517603,,194,31,4,63,0.0,0.0271183,0.00143983,0.00537834,0.000569536,,229,24,66,1281,0.0,0.264105,0.0196039,0.0327794,0.0087831,,201,26,66,1669,0.0,0.466218,0.02278,0.0488306,0.0122634,,202,26,116,3251,0.0,0.839756,0.0422629,0.0960323,0.0262831,,233,21,96,2086,0.0,0.58687,0.0316648,0.0601273,0.015302,,204,28,12,193,0.0,0.0830093,0.00373729,0.0104123,0.00152721,,,,,,,,,,,,232,14,188,10273,0.0,1.4549,0.0667335,0.319692,0.078495,,216,22,132,3627,0.0,0.938053,0.045997,0.106197,0.0290323,,218,27,70,1335,0.0,0.354374,0.0217113,0.0367568,0.00945148,,211,17,230,9714,0.0,1.76601,0.082419,0.289982,0.0736199,,225,23,58,1040,0.0,0.349353,0.0188398,0.0307356,0.00789477,,,,,,,,,,,,208,20,154,5455,0.0,1.19405,0.0546234,0.167125,0.0427318,,226,12,118,13677,0.0,0.837865,0.0419156,0.456255,0.0991762,,196,23,38,1078,0.0,0.296477,0.0140363,0.0340138,0.00857638,,203,18,160,9015,0.0,1.21413,0.0515346,0.285938,0.0671151,,192,28,20,348,0.0,0.160916,0.0071082,0.0143609,0.00282905,,,,,,
195,27,22,405,0.0,0.17092,0.00785081,0.0167179,0.00332853,,221,21,132,5044,0.0,0.989068,0.0476543,0.149916,0.0392096,,209,29,50,937,0.0,0.290436,0.0165493,0.025897,0.00755536,,238,20,158,10350,0.0,1.24633,0.0551582,0.32298,0.0768431,,199,24,74,2629,0.0,0.58763,0.0268605,0.0790191,0.0222078,,237,27,34,696,0.0,0.111023,0.0086249,0.014601,0.00465695,,222,20,110,4669,0.0,0.827748,0.039997,0.148078,0.0365842,,234,17,178,8909,0.0,1.38577,0.0636481,0.272504,0.06698,,200,22,118,2814,0.0,0.901803,0.0436347,0.0835801,0.0217123,,236,23,110,4707,0.0,0.662289,0.0360494,0.127753,0.0338468,,210,32,18,124,0.0,0.0775875,0.00558277,0.00533479,0.00118225,,223,20,144,4940,0.0,1.08969,0.0500195,0.143689,0.0375182,,219,31,4,16,0.0,0.0201824,0.0015444,0.00228746,0.000231397,,214,18,172,6570,0.0,1.35153,0.0590747,0.191481,0.0529591,,,,,,,,,,,,212,25,74,1715,0.0,0.487323,0.0253283,0.0507089,0.0139461,,235,25,62,1575,0.0,0.209996,0.0168546,0.0334229,0.0103608,,239,23,64,2180,0.0,0.219161,0.0168286,0.0439908,0.0142117,,213,22,194,9831,0.0,1.50763,0.0639405,0.299239,0.0749466,,205,35,16,174,0.0,0.0789053,0.00527177,0.00697027,0.00157412,,198,30,38,654,0.0,0.267413,0.0129204,0.022202,0.00545648,,193,29,28,454,0.0,0.208423,0.0097625,0.0150825,0.0038494,,207,32,10,97,0.0,0.0595701,0.00311688,0.00550161,0.000918758,,220,28,18,163,0.0,0.0871393,0.00547919,0.0060522,0.00157849,,228,26,42,844,0.0,0.195849,0.0125233,0.0235569,0.00593712,,227,20,182,4404,0.0,1.30392,0.0654434,0.127132,0.0347636,,215,22,184,5267,0.0,1.38327,0.0678576,0.157024,0.0423536,,231,12,134,13216,0.0,0.945027,0.0482772,0.419147,0.10233,,230,27,8,296,0.0,0.0303484,0.00241492,0.00854268,0.00191938,,224,30,28,628,0.0,0.147514,0.00943272,0.0172792,0.0043444,,194,32,4,51,0.0,0.0310186,0.00221485,0.00487078,0.000471424,,229,25,40,727,0.0,0.148499,0.010932,0.0173389,0.00512723,,201,27,60,1218,0.0,0.402245,0.0193972,0.0346637,0.00934242,,202,27,112,2683,0.0,0.779033,0.0377489,0.0765441,0.0207877,,233,22,76,1415,0.0,0.450954,0.0247664,0.0412639,0.010522,,204,29,8,102,0.0,0.0534705,0.00266295,0.00615732,0.000886272,,,,,,,,,,,,232,15,170,8814,0.0,1.35703,0.0591917,0.266317,0.0721785,,216,23,112,2763,0.0,0.75877,0.0380432,0.079299,0.0215941,,218,28,46,799,0.0,0.201704,0.013945,0.0206342,0.0057764,,211,18,192,7979,0.0,1.51399,0.0662664,0.231299,0.0610305,,225,24,46,645,0.0,0.233007,0.0144552,0.0183233,0.00508679,,,,,,,,,,,,208,21,166,4486,0.0,1.28648,0.0595556,0.137945,0.036057,,226,13,134,13064,0.0,0.959979,0.0476528,0.426794,0.0933232,,196,24,38,884,0.0,0.298992,0.0136036,0.0302125,0.00709643,,203,19,160,8121,0.0,1.22361,0.0585874,0.26564,0.0587365,,192,29,16,192,0.0,0.124858,0.0051921,0.0127348,0.00167522,,,,,,
195,28,14,232,0.0,0.108608,0.00430384,0.0124337,0.00184965,,221,22,118,4208,0.0,0.860624,0.0396928,0.119402,0.0312195,,209,30,40,726,0.0,0.240605,0.013308,0.0214876,0.00548549,,238,21,176,9589,0.0,1.32308,0.0631377,0.284081,0.0727219,,199,25,68,2226,0.0,0.50913,0.0244785,0.0662432,0.0173336,,237,28,26,455,0.0,0.0846637,0.00661186,0.0102516,0.0031947,,222,21,104,4001,0.0,0.770555,0.0371098,0.121265,0.0336886,,234,18,180,7954,0.0,1.4083,0.0622843,0.241396,0.0609593,,200,23,98,2022,0.0,0.765829,0.0367523,0.0622032,0.0162005,,236,24,118,4163,0.0,0.582816,0.0385867,0.106701,0.0294518,,210,33,6,30,0.0,0.0247824,0.00172682,0.00321228,0.000318922,,223,21,132,3730,0.0,0.943189,0.0459504,0.113484,0.0281432,,,,,,,,,,,,214,19,148,5583,0.0,1.15381,0.0516971,0.162941,0.0438982,,,,,,,,,,,,212,26,64,1273,0.0,0.403264,0.0215431,0.0375589,0.0101199,,235,26,54,1149,0.0,0.181434,0.0141826,0.0239446,0.00775381,,239,24,54,1720,0.0,0.18067,0.014034,0.0349832,0.0113409,,213,23,192,8821,0.0,1.48592,0.0669564,0.270437,0.0669389,,205,36,10,82,0.0,0.0535801,0.00284437,0.0047129,0.000790695,,198,31,24,465,0.0,0.173464,0.00806229,0.0155917,0.00378558,,193,30,12,260,0.0,0.0823707,0.00374975,0.0121366,0.00219459,,207,33,6,33,0.0,0.0377664,0.0017994,0.0032603,0.000391751,,220,29,8,28,0.0,0.0352472,0.00231019,0.00317399,0.000424972,,228,27,32,664,0.0,0.135712,0.0095994,0.0172542,0.00416845,,227,21,158,3544,0.0,1.04754,0.0527868,0.0991889,0.0272717,,215,23,158,4117,0.0,1.12576,0.0563951,0.117637,0.0316052,,231,13,154,12603,0.0,1.10884,0.0572275,0.396381,0.093586,,230,28,6,279,0.0,0.0226397,0.00169575,0.00782381,0.00164602,,224,31,36,486,0.0,0.164009,0.0109637,0.0136979,0.00366121,,194,33,2,37,0.0,0.0150658,0.00132468,0.00531835,0.000312492,,229,26,30,551,0.0,0.108028,0.00799449,0.0130204,0.00380821,,201,28,44,833,0.0,0.302168,0.0155255,0.0260007,0.00617097,,202,28,76,1962,0.0,0.507287,0.0266847,0.0555144,0.0144044,,233,23,48,936,0.0,0.242743,0.0152864,0.0262908,0.00695183,,204,30,4,50,0.0,0.0272912,0.001599,0.00400296,0.000518149,,,,,,,,,,,,232,16,182,7886,0.0,1.42691,0.0652604,0.231883,0.0620023,,216,24,94,2119,0.0,0.609749,0.0316178,0.0591282,0.0161345,,218,29,40,619,0.0,0.142258,0.0113662,0.0151524,0.00437847,,211,19,208,7042,0.0,1.624,0.0680399,0.198611,0.0542033,,225,25,30,371,0.0,0.156561,0.00991352,0.0113935,0.00293176,,,,,,,,,,,,208,22,132,3615,0.0,0.982111,0.0483668,0.116506,0.0276801,,226,14,140,12310,0.0,1.03536,0.0474792,0.392471,0.094468,,196,25,28,658,0.0,0.208642,0.0100795,0.0220335,0.00521154,,203,20,136,6882,0.0,1.09454,0.049844,0.22141,0.0522637,,192,30,8,86,0.0,0.0617877,0.00315291,0.00697565,0.000753435,,,,,,
195,29,8,150,0.0,0.0570318,0.00295137,0.00860184,0.00128134,,221,23,118,3563,0.0,0.821049,0.0417989,0.0992828,0.026019,,209,31,24,487,0.0,0.125684,0.00764078,0.0144373,0.00367354,,238,22,196,8605,0.0,1.35379,0.0683069,0.250909,0.0638354,,199,26,64,1795,0.0,0.468031,0.0219086,0.0547438,0.0151363,,237,29,16,309,0.0,0.0528075,0.00427038,0.00762386,0.00211769,,222,22,72,3285,0.0,0.503601,0.0234938,0.0979376,0.0251233,,234,19,176,7092,0.0,1.31943,0.0588781,0.205488,0.0542128,,200,24,86,1481,0.0,0.638553,0.0305723,0.0467714,0.012085,,236,25,110,3475,0.0,0.405077,0.0316957,0.0774196,0.0224936,,,,,,,,,,,,223,22,92,2822,0.0,0.621119,0.0324892,0.0861923,0.0213485,,,,,,,,,,,,214,20,132,4805,0.0,1.01808,0.0468305,0.142644,0.037039,,,,,,,,,,,,212,27,42,948,0.0,0.249959,0.0139365,0.0264216,0.00670662,,235,27,46,865,0.0,0.151123,0.0120885,0.0185187,0.00577554,,239,25,36,1396,0.0,0.122623,0.00927687,0.0281093,0.00926379,,213,24,188,7691,0.0,1.43521,0.0692104,0.234808,0.059375,,205,37,2,12,0.0,0.0096558,0.000866051,0.0026003,0.00012947,,198,32,24,388,0.0,0.166194,0.00852231,0.0137367,0.003306,,193,31,10,208,0.0,0.0698322,0.00337574,0.00960458,0.00162954,,207,34,2,6,0.0,0.0107573,0.00123505,0.00238287,0.000203036,,,,,,,,,,,,228,28,16,342,0.0,0.0638248,0.00467351,0.00921257,0.00237769,,227,22,128,2474,0.0,0.837311,0.0402898,0.0670108,0.018764,,215,24,126,3165,0.0,0.844731,0.0446391,0.0892524,0.0236184,,231,14,170,11782,0.0,1.24355,0.0626077,0.374305,0.087348,,230,29,2,205,0.0,0.00826602,0.000543659,0.00601398,0.00120698,,224,32,22,235,0.0,0.0901169,0.00637178,0.00775547,0.00190113,,,,,,,,,,,,229,27,24,443,0.0,0.0864619,0.00634593,0.0106383,0.00312171,,201,29,28,576,0.0,0.17393,0.00905465,0.0181033,0.00452407,,202,29,60,1335,0.0,0.379445,0.0182253,0.038905,0.00984186,,233,24,42,702,0.0,0.203594,0.0128953,0.019513,0.00500155,,204,31,4,34,0.0,0.0277558,0.00193743,0.00377282,0.000339134,,,,,,,,,,,,232,17,156,6768,0.0,1.21268,0.0542263,0.201577,0.0522695,,216,25,68,1572,0.0,0.470502,0.022429,0.0442153,0.0122695,,218,30,30,353,0.0,0.104856,0.0083098,0.00928563,0.00262001,,211,20,194,5902,0.0,1.50773,0.0679352,0.171042,0.0463573,,225,26,14,200,0.0,0.0626402,0.00362982,0.00795648,0.00153111,,,,,,,,,,,,208,23,104,2798,0.0,0.766687,0.0370527,0.0866431,0.0217076,,226,15,156,11759,0.0,1.15149,0.0563924,0.375031,0.0881098,,196,26,28,547,0.0,0.222328,0.00979876,0.0183954,0.0045206,,203,21,138,6127,0.0,1.07554,0.0495181,0.188086,0.0454691,,192,31,2,20,0.0,0.0133242,0.00145372,0.00399183,0.000183944,,,,,,
195,30,10,123,0.0,0.067732,0.00355157,0.00739257,0.00105146,,221,24,126,2972,0.0,0.833356,0.0436669,0.0825154,0.0216949,,209,32,14,290,0.0,0.0731109,0.00429241,0.00993002,0.00211277,,238,23,168,7487,0.0,1.09535,0.0534419,0.208823,0.0526267,,199,27,50,1405,0.0,0.368721,0.0178236,0.0441915,0.0105996,,237,30,16,249,0.0,0.0520364,0.00416169,0.00634063,0.0018016,,222,23,68,2933,0.0,0.463283,0.0229243,0.0850314,0.0216106,,234,20,138,6047,0.0,0.960219,0.0454053,0.171975,0.043757,,200,25,60,743,0.0,0.446837,0.0220067,0.0239007,0.00694294,,236,26,102,2844,0.0,0.359528,0.0270842,0.0576718,0.0189753,,,,,,,,,,,,223,23,78,2378,0.0,0.51149,0.02635,0.0736068,0.0167357,,,,,,,,,,,,214,21,106,3915,0.0,0.800077,0.0384231,0.122667,0.0308428,,,,,,,,,,,,212,28,22,636,0.0,0.133725,0.00711989,0.0185699,0.00455378,,235,28,32,494,0.0,0.105056,0.00840683,0.0111714,0.0035373,,239,26,32,1166,0.0,0.108049,0.00839121,0.02397,0.00767213,,213,25,160,6347,0.0,1.15592,0.0544457,0.184368,0.0488846,,,,,,,,,,,,198,33,18,196,0.0,0.123305,0.0065885,0.00975952,0.00184661,,193,32,8,173,0.0,0.0590146,0.00317663,0.00862211,0.00137555,,,,,,,,,,,,,,,,,,,,,,228,29,14,267,0.0,0.05374,0.00391821,0.00787448,0.00192707,,227,23,100,1740,0.0,0.594842,0.029559,0.046563,0.0129985,,215,25,120,2568,0.0,0.794163,0.0369072,0.0717261,0.0189993,,231,15,200,11035,0.0,1.52622,0.0726033,0.351198,0.082392,,230,30,2,182,0.0,0.00828295,0.000528724,0.00565525,0.00113936,,224,33,8,90,0.0,0.0323426,0.00229899,0.00417005,0.000633705,,,,,,,,,,,,229,28,18,309,0.0,0.0650522,0.00498922,0.00805681,0.00209752,,201,30,30,419,0.0,0.191064,0.00997195,0.0165733,0.00342178,,202,30,44,921,0.0,0.307355,0.0141181,0.0279397,0.00709009,,233,25,24,426,0.0,0.103625,0.00677601,0.0121954,0.00297236,,204,32,2,10,0.0,0.00986917,0.00141676,0.00406083,0.000127104,,,,,,,,,,,,232,18,142,5709,0.0,1.10265,0.0487072,0.169051,0.049366,,216,26,62,1280,0.0,0.367279,0.0196454,0.0367366,0.00940921,,218,31,10,110,0.0,0.0344164,0.00270048,0.00407703,0.000862583,,211,21,198,4850,0.0,1.52087,0.0701443,0.142758,0.0388071,,225,27,12,130,0.0,0.0534053,0.00350776,0.00675579,0.00102472,,,,,,,,,,,,208,24,64,2119,0.0,0.44949,0.0236256,0.064512,0.0154534,,226,16,176,10899,0.0,1.36206,0.0636898,0.353471,0.0795308,,196,27,10,343,0.0,0.0764424,0.0035656,0.0133988,0.00251703,,203,22,102,5198,0.0,0.771853,0.0381485,0.166963,0.0374901,,192,32,2,4,0.0,0.0140053,0.000668467,0.00295889,9.6986e-05,,,,,,
195,31,4,30,0.0,0.0293277,0.00186951,0.00430834,0.000382857,,221,25,108,2088,0.0,0.716676,0.0370959,0.0571053,0.0155122,,209,33,12,238,0.0,0.0576319,0.00353606,0.00856374,0.00178779,,238,24,176,6443,0.0,0.953556,0.0550312,0.171213,0.0468309,,199,28,42,1123,0.0,0.295691,0.0150748,0.0337695,0.00879734,,237,31,12,110,0.0,0.0389348,0.00314338,0.00374123,0.00088629,,222,24,66,2492,0.0,0.445095,0.0230077,0.0735477,0.0178142,,234,21,114,5090,0.0,0.749425,0.0396516,0.143444,0.0365639,,200,26,28,437,0.0,0.201378,0.00928745,0.0152145,0.00361786,,236,27,88,2187,0.0,0.301649,0.022881,0.0437113,0.0150795,,,,,,,,,,,,223,24,52,1840,0.0,0.355651,0.0157739,0.0531117,0.0137771,,,,,,,,,,,,214,22,106,3390,0.0,0.783498,0.0386963,0.1035,0.0265368,,,,,,,,,,,,212,29,12,496,0.0,0.067891,0.00346468,0.0155871,0.00352077,,235,29,22,352,0.0,0.0720928,0.00580575,0.00843987,0.00240968,,239,27,30,939,0.0,0.10042,0.00790272,0.0193963,0.00626193,,213,26,166,5672,0.0,1.11953,0.0565359,0.159743,0.042279,,,,,,,,,,,,198,34,12,68,0.0,0.0866033,0.00382073,0.00690228,0.000854264,,193,33,8,148,0.0,0.0605932,0.0032226,0.0080183,0.0012361,,,,,,,,,,,,,,,,,,,,,,228,30,14,184,0.0,0.0527274,0.00388497,0.00580833,0.00141868,,227,24,68,1093,0.0,0.351334,0.0214046,0.0286287,0.00830257,,215,26,88,1582,0.0,0.531745,0.0282756,0.0459012,0.0122038,,231,16,240,10037,0.0,1.88023,0.0850004,0.313765,0.0812986,,230,31,4,182,0.0,0.0152579,0.00112222,0.00576051,0.00106786,,224,34,2,20,0.0,0.00756588,0.000562893,0.00291504,0.000178744,,,,,,,,,,,,229,29,12,172,0.0,0.0436464,0.00329337,0.00537894,0.0012034,,201,31,20,267,0.0,0.129506,0.00647738,0.0106826,0.00214458,,202,31,30,657,0.0,0.202393,0.00926343,0.0203878,0.00485613,,233,26,14,298,0.0,0.0568308,0.0041169,0.00871394,0.00199546,,,,,,,,,,,,,,,,,,,,,,232,19,122,4844,0.0,0.918502,0.0457547,0.144221,0.0390819,,216,27,38,842,0.0,0.224758,0.0121192,0.0239755,0.00640043,,218,32,6,27,0.0,0.0204656,0.00157573,0.00237988,0.000309216,,211,22,162,3568,0.0,1.18132,0.0574952,0.104143,0.0280211,,225,28,6,22,0.0,0.0254231,0.00186703,0.00276289,0.000293162,,,,,,,,,,,,208,25,46,1803,0.0,0.314182,0.0158846,0.054661,0.0131333,,226,17,182,9889,0.0,1.43593,0.0626861,0.307247,0.0728471,,196,28,8,221,0.0,0.0548963,0.00308847,0.00959367,0.00172996,,203,23,102,4619,0.0,0.799025,0.0367393,0.143396,0.0354126,,,,,,,,,,,,,,,,
195,32,2,5,0.0,0.00948781,0.00121086,0.00378503,0.000129508,,221,26,84,1387,0.0,0.501975,0.0277816,0.0395791,0.0108161,,209,34,12,165,0.0,0.0572996,0.00363317,0.00699144,0.00126328,,238,25,136,5333,0.0,0.51332,0.0394959,0.121463,0.0353973,,199,29,32,857,0.0,0.221497,0.0105503,0.0265332,0.00656522,,237,32,2,6,0.0,0.00641885,0.00052664,0.00178135,0.000107994,,222,25,54,2082,0.0,0.348612,0.0158616,0.0599734,0.0156169,,234,22,120,4463,0.0,0.782337,0.0373762,0.120922,0.0316732,,200,27,16,203,0.0,0.113209,0.00486996,0.0107372,0.00184184,,236,28,70,1621,0.0,0.234578,0.0179245,0.032477,0.0113082,,,,,,,,,,,,223,25,42,1558,0.0,0.26512,0.013689,0.046707,0.0117138,,,,,,,,,,,,214,23,88,2718,0.0,0.62483,0.0305986,0.0831979,0.0210741,,,,,,,,,,,,212,30,12,437,0.0,0.0764907,0.00373691,0.013583,0.00305224,,235,30,12,169,0.0,0.0394118,0.00320254,0.00491382,0.00125113,,239,28,34,736,0.0,0.106989,0.00866423,0.0152441,0.00475925,,213,27,148,4550,0.0,0.959428,0.0490244,0.125986,0.0327421,,,,,,,,,,,,198,35,2,23,0.0,0.01224,0.000854923,0.00369159,0.000213577,,193,34,6,106,0.0,0.043644,0.00267589,0.00699608,0.000830316,,,,,,,,,,,,,,,,,,,,,,228,31,8,119,0.0,0.0287793,0.00221903,0.00441387,0.000862412,,227,25,44,668,0.0,0.196285,0.0117724,0.0181196,0.00504511,,215,27,70,1102,0.0,0.414627,0.0231655,0.0321555,0.00844926,,231,17,210,8437,0.0,1.63854,0.0754444,0.253929,0.064273,,230,32,6,169,0.0,0.0223635,0.00169312,0.0054014,0.00113062,,224,35,2,11,0.0,0.00754467,0.00056281,0.00248642,0.000132811,,,,,,,,,,,,229,30,4,61,0.0,0.0144269,0.00106548,0.00313849,0.00042859,,201,32,10,123,0.0,0.0673923,0.00308699,0.00647205,0.000991601,,202,32,16,490,0.0,0.0957184,0.00471367,0.0158941,0.00342334,,233,27,14,197,0.0,0.0515919,0.0039552,0.00639244,0.00146553,,,,,,,,,,,,,,,,,,,,,,232,20,104,3963,0.0,0.764225,0.0352795,0.115081,0.0315852,,216,28,34,703,0.0,0.205896,0.0114226,0.0200812,0.00488795,,,,,,,,,,,,211,23,130,2513,0.0,0.901062,0.0453694,0.0724739,0.0197372,,,,,,,,,,,,,,,,,,,,,,208,26,46,1535,0.0,0.301784,0.0152624,0.0473539,0.0114031,,226,18,190,8988,0.0,1.49639,0.0621156,0.271917,0.06801,,196,29,8,187,0.0,0.0608676,0.0030314,0.00862406,0.00151052,,203,24,94,3982,0.0,0.728187,0.0313739,0.119819,0.0307914,,,,,,,,,,,,,,,,
,,,,,,,,,,221,27,62,835,0.0,0.346465,0.020015,0.0252075,0.00691434,,209,35,8,47,0.0,0.0412453,0.00220774,0.00406237,0.000488879,,238,26,134,4580,0.0,0.481107,0.0356,0.0925832,0.0294854,,199,30,26,676,0.0,0.187624,0.00902798,0.0205983,0.00508166,,,,,,,,,,,,222,26,48,1824,0.0,0.332211,0.0152233,0.0517399,0.0133068,,234,23,114,3752,0.0,0.657283,0.0337958,0.0968929,0.0263506,,200,28,8,123,0.0,0.0520861,0.00252004,0.00666399,0.0010199,,236,29,50,1152,0.0,0.16753,0.0128628,0.0232748,0.00836308,,,,,,,,,,,,223,26,32,1301,0.0,0.19138,0.0106216,0.0365916,0.00924478,,,,,,,,,,,,214,24,66,2162,0.0,0.462197,0.0224385,0.0637422,0.016756,,,,,,,,,,,,212,31,10,355,0.0,0.0574586,0.00288038,0.0124957,0.00242399,,235,31,12,104,0.0,0.0384199,0.00292688,0.00353785,0.000904397,,239,29,22,589,0.0,0.0698354,0.00554285,0.0121988,0.00374778,,213,28,126,3819,0.0,0.726487,0.0394153,0.0993387,0.026185,,,,,,,,,,,,198,36,2,4,0.0,0.0097666,0.000571137,0.00493485,8.8357e-05,,,,,,,,,,,,,,,,,,,,,,,,,,,,,,,,228,32,4,73,0.0,0.0149709,0.00109704,0.00342262,0.000505581,,227,26,30,428,0.0,0.121909,0.00879429,0.0114496,0.00298516,,215,28,48,721,0.0,0.241268,0.0148807,0.0199062,0.00562333,,231,18,196,7335,0.0,1.51762,0.0712096,0.217197,0.0562628,,230,33,10,163,0.0,0.0356951,0.00278726,0.00528505,0.00113923,,,,,,,,,,,,,,,,,,,,,,229,31,2,30,0.0,0.00717612,0.000538101,0.00258955,0.000222342,,201,33,4,61,0.0,0.0278705,0.0017797,0.00482287,0.000522807,,202,33,16,413,0.0,0.0951449,0.00469052,0.0139886,0.00289661,,233,28,10,120,0.0,0.0374127,0.00293063,0.0045522,0.000933793,,,,,,,,,,,,,,,,,,,,,,232,21,100,3331,0.0,0.711429,0.0329269,0.0947022,0.0267873,,216,29,18,379,0.0,0.0917797,0.00591038,0.0121551,0.00278543,,,,,,,,,,,,211,24,98,1871,0.0,0.650638,0.0328754,0.0550225,0.0142952,,,,,,,,,,,,,,,,,,,,,,208,27,30,1152,0.0,0.20528,0.0106718,0.0353468,0.008162,,226,19,192,7790,0.0,1.492,0.06921,0.235585,0.05922,,196,30,8,160,0.0,0.0601974,0.00301789,0.00817173,0.0012722,,203,25,100,3414,0.0,0.773077,0.035809,0.102054,0.0285338,,,,,,,,,,,,,,,,
,,,,,,,,,,221,28,52,512,0.0,0.264794,0.0163182,0.0152741,0.00437174,,,,,,,,,,,,238,27,128,3834,0.0,0.440339,0.0315555,0.0765039,0.0248046,,199,31,22,515,0.0,0.151772,0.00789081,0.0172035,0.00409918,,,,,,,,,,,,222,27,56,1606,0.0,0.344196,0.0178681,0.0482595,0.012068,,234,24,102,3018,0.0,0.47865,0.0314011,0.0758948,0.0195338,,200,29,8,93,0.0,0.0539886,0.00289848,0.00613548,0.000782927,,236,30,36,861,0.0,0.116503,0.00902351,0.0175538,0.00565498,,,,,,,,,,,,223,27,28,1134,0.0,0.162658,0.00840099,0.032767,0.00800106,,,,,,,,,,,,214,25,46,1740,0.0,0.310395,0.01568,0.0514028,0.0132542,,,,,,,,,,,,212,32,12,332,0.0,0.0594049,0.00344184,0.0103868,0.002356,,235,32,6,59,0.0,0.0196415,0.00160327,0.00277957,0.00048052,,239,30,18,477,0.0,0.0571718,0.00449699,0.0100525,0.00288505,,213,29,120,2970,0.0,0.543468,0.0373538,0.0753855,0.0203628,,,,,,,,,,,,,,,,,,,,,,,,,,,,,,,,,,,,,,,,,,,,,,,,,,,,,,,,,,,,,,227,27,12,164,0.0,0.0451742,0.00358072,0.00585069,0.00122448,,215,29,36,421,0.0,0.180885,0.0113791,0.0131171,0.00342139,,231,19,186,6072,0.0,1.38638,0.066694,0.186276,0.0460571,,230,34,8,124,0.0,0.0288596,0.0021963,0.00443871,0.000851632,,,,,,,,,,,,,,,,,,,,,,229,32,2,21,0.0,0.00725504,0.000536517,0.00236976,0.000254488,,201,34,6,54,0.0,0.0390626,0.0024983,0.00472023,0.00051719,,202,34,16,339,0.0,0.0955708,0.00501437,0.0119092,0.00240244,,233,29,8,42,0.0,0.0286479,0.00216599,0.00284675,0.000422835,,,,,,,,,,,,,,,,,,,,,,232,22,90,2902,0.0,0.601631,0.030556,0.0833273,0.0221193,,216,30,8,208,0.0,0.040633,0.00234376,0.00789868,0.00137394,,,,,,,,,,,,211,25,92,1199,0.0,0.619452,0.0315539,0.0339868,0.0101551,,,,,,,,,,,,,,,,,,,,,,208,28,20,949,0.0,0.128167,0.00655194,0.028936,0.00809624,,226,20,198,6809,0.0,1.50904,0.0714364,0.2061,0.0541211,,196,31,8,96,0.0,0.0549034,0.00293852,0.00631211,0.000848988,,203,26,88,2796,0.0,0.660726,0.0279251,0.0796483,0.0229837,,,,,,,,,,,,,,,,
,,,,,,,,,,221,29,20,136,0.0,0.0882697,0.00542164,0.00551291,0.00133058,,,,,,,,,,,,238,28,102,2898,0.0,0.340115,0.0254828,0.0567646,0.019257,,199,32,24,375,0.0,0.15596,0.00778061,0.0129298,0.0031618,,,,,,,,,,,,222,28,42,1271,0.0,0.247174,0.0132598,0.0344495,0.00925746,,234,25,98,2525,0.0,0.341491,0.027335,0.0546894,0.0160972,,200,30,2,5,0.0,0.00967471,0.00114999,0.00421489,0.000120478,,236,31,32,667,0.0,0.10245,0.00799019,0.0138993,0.00441427,,,,,,,,,,,,223,28,26,954,0.0,0.155188,0.00817344,0.0279606,0.00754633,,,,,,,,,,,,214,26,30,1503,0.0,0.205356,0.00965079,0.0475461,0.0110628,,,,,,,,,,,,212,33,10,246,0.0,0.0492546,0.00295265,0.00891834,0.00167032,,235,33,2,21,0.0,0.00650429,0.000531142,0.00202716,0.000179559,,239,31,12,268,0.0,0.0377891,0.00300591,0.00629356,0.00169378,,213,30,106,2217,0.0,0.379433,0.0294117,0.0478239,0.0156585,,,,,,,,,,,,,,,,,,,,,,,,,,,,,,,,,,,,,,,,,,,,,,,,,,,,,,,,,,,,,,227,28,10,76,0.0,0.0367278,0.00280266,0.00363392,0.000696094,,215,30,18,186,0.0,0.0773742,0.00531496,0.00612531,0.00148618,,231,20,162,5040,0.0,1.13568,0.0579369,0.146072,0.0375906,,230,35,4,12,0.0,0.0139986,0.00106792,0.00214902,0.000193976,,,,,,,,,,,,,,,,,,,,,,229,33,2,16,0.0,0.0071152,0.000533186,0.00219803,0.000120997,,201,35,2,35,0.0,0.0143028,0.00137514,0.00477735,0.000266878,,202,35,14,229,0.0,0.0802631,0.00390457,0.00938474,0.00174473,,,,,,,,,,,,,,,,,,,,,,,,,,,,,,,,232,23,70,2182,0.0,0.451339,0.0234627,0.061773,0.0152589,,216,31,6,140,0.0,0.0275722,0.0021887,0.00573423,0.000989983,,,,,,,,,,,,211,26,56,714,0.0,0.336158,0.0174316,0.0217092,0.00605684,,,,,,,,,,,,,,,,,,,,,,208,29,24,891,0.0,0.152888,0.00824323,0.0269718,0.00612648,,226,21,168,5574,0.0,1.21142,0.0563166,0.161702,0.0445995,,196,32,2,12,0.0,0.0107246,0.00112347,0.00435804,0.000141072,,203,27,80,2321,0.0,0.593315,0.0285509,0.0680758,0.0181878,,,,,,,,,,,,,,,,
,,,,,,,,,,221,30,6,29,0.0,0.0269334,0.00168361,0.00311495,0.00032024,,,,,,,,,,,,238,29,88,2364,0.0,0.29203,0.0207519,0.045904,0.0158637,,199,33,14,258,0.0,0.0906968,0.004178,0.0124896,0.00195999,,,,,,,,,,,,222,29,40,965,0.0,0.24227,0.0132245,0.0277344,0.00695585,,234,26,82,2025,0.0,0.281858,0.0211785,0.0407109,0.0131658,,,,,,,,,,,,236,32,24,421,0.0,0.0766357,0.00603552,0.00934369,0.00301225,,,,,,,,,,,,223,29,22,831,0.0,0.131374,0.00709684,0.0226981,0.00531713,,,,,,,,,,,,214,27,28,1338,0.0,0.185153,0.00939568,0.040566,0.00962053,,,,,,,,,,,,212,34,8,177,0.0,0.042365,0.00252194,0.00661441,0.00128109,,,,,,,,,,,,239,32,10,207,0.0,0.0312149,0.00250156,0.00521065,0.0013041,,213,31,82,1685,0.0,0.288584,0.0212328,0.0348368,0.0115964,,,,,,,,,,,,,,,,,,,,,,,,,,,,,,,,,,,,,,,,,,,,,,,,,,,,,,,,,,,,,,227,29,4,19,0.0,0.0145904,0.00109019,0.00241724,0.000223684,,215,31,4,59,0.0,0.0171852,0.00117212,0.00318346,0.000445861,,231,21,142,3952,0.0,0.935577,0.049096,0.113929,0.0311416,,,,,,,,,,,,,,,,,,,,,,,,,,,,,,,,,,,,,,,,,,,,,,,,,,,,202,36,8,149,0.0,0.0433706,0.00225951,0.0064546,0.00107447,,,,,,,,,,,,,,,,,,,,,,,,,,,,,,,,232,24,66,1635,0.0,0.455636,0.0201718,0.0447,0.0119529,,216,32,4,120,0.0,0.0185627,0.00158825,0.00593945,0.000733641,,,,,,,,,,,,211,27,30,340,0.0,0.176268,0.00972102,0.0114479,0.0029502,,,,,,,,,,,,,,,,,,,,,,208,30,24,752,0.0,0.142299,0.00740869,0.0225166,0.00546547,,226,22,158,4632,0.0,1.07166,0.0532242,0.131669,0.0347606,,,,,,,,,,,,203,28,68,1710,0.0,0.479879,0.0236844,0.0518917,0.0135612,,,,,,,,,,,,,,,,
,,,,,,,,,,,,,,,,,,,,,,,,,,,,,,238,30,66,1972,0.0,0.217613,0.0152791,0.0375113,0.0124505,,199,34,8,155,0.0,0.053753,0.00270163,0.00698658,0.00127799,,,,,,,,,,,,222,30,26,724,0.0,0.140673,0.00822518,0.0202733,0.0048523,,234,27,84,1594,0.0,0.28114,0.0215509,0.0319875,0.0107609,,,,,,,,,,,,236,33,10,281,0.0,0.0323835,0.00258192,0.00667698,0.00167988,,,,,,,,,,,,223,30,22,706,0.0,0.114595,0.00675248,0.0193048,0.00483795,,,,,,,,,,,,214,28,30,1210,0.0,0.19464,0.00989487,0.034705,0.00914982,,,,,,,,,,,,212,35,10,152,0.0,0.0505123,0.0030419,0.00576194,0.00105838,,,,,,,,,,,,239,33,8,119,0.0,0.0248334,0.00196711,0.00361524,0.000907045,,213,32,56,1139,0.0,0.194216,0.0145503,0.0237974,0.00766557,,,,,,,,,,,,,,,,,,,,,,,,,,,,,,,,,,,,,,,,,,,,,,,,,,,,,,,,,,,,,,,,,,,,,,,,215,32,2,9,0.0,0.00689848,0.00082341,0.00186599,0.000108647,,231,22,122,3110,0.0,0.778732,0.0419238,0.0900177,0.0224115,,,,,,,,,,,,,,,,,,,,,,,,,,,,,,,,,,,,,,,,,,,,,,,,,,,,202,37,6,98,0.0,0.0313323,0.00195341,0.0053085,0.000738588,,,,,,,,,,,,,,,,,,,,,,,,,,,,,,,,232,25,60,1135,0.0,0.365605,0.0199766,0.0327073,0.00831027,,216,33,2,60,0.0,0.0101301,0.00108987,0.00317062,0.000419007,,,,,,,,,,,,211,28,16,144,0.0,0.0964448,0.00529047,0.00688541,0.00140264,,,,,,,,,,,,,,,,,,,,,,208,31,20,593,0.0,0.134996,0.00648053,0.0186758,0.00421477,,226,23,120,3618,0.0,0.804944,0.040583,0.0990359,0.0263817,,,,,,,,,,,,203,29,48,1190,0.0,0.34249,0.0165269,0.0364861,0.00933134,,,,,,,,,,,,,,,,
,,,,,,,,,,,,,,,,,,,,,,,,,,,,,,238,31,54,1434,0.0,0.176719,0.0118607,0.0274439,0.00923519,,199,35,8,144,0.0,0.0507386,0.00251342,0.00657242,0.00110086,,,,,,,,,,,,222,31,26,596,0.0,0.132606,0.00754912,0.017528,0.00417036,,234,28,66,1029,0.0,0.215772,0.0161772,0.0212827,0.00724367,,,,,,,,,,,,236,34,6,180,0.0,0.0194685,0.00144201,0.0048061,0.00112514,,,,,,,,,,,,223,31,24,576,0.0,0.121601,0.00735671,0.0178312,0.00404419,,,,,,,,,,,,214,29,40,1053,0.0,0.269918,0.0135002,0.0308114,0.00811094,,,,,,,,,,,,212,36,4,73,0.0,0.0194867,0.00149786,0.00412595,0.000530609,,,,,,,,,,,,239,34,8,90,0.0,0.0246125,0.00181207,0.00311581,0.000710205,,213,33,34,685,0.0,0.116692,0.00830991,0.0149507,0.00476371,,,,,,,,,,,,,,,,,,,,,,,,,,,,,,,,,,,,,,,,,,,,,,,,,,,,,,,,,,,,,,,,,,,,,,,,,,,,,,,,,,231,23,94,2320,0.0,0.547376,0.0302369,0.0641424,0.0165755,,,,,,,,,,,,,,,,,,,,,,,,,,,,,,,,,,,,,,,,,,,,,,,,,,,,202,38,6,61,0.0,0.0330569,0.00228367,0.00476185,0.000556317,,,,,,,,,,,,,,,,,,,,,,,,,,,,,,,,232,26,34,598,0.0,0.197658,0.0106019,0.0180574,0.00466188,,216,34,4,60,0.0,0.019566,0.00179819,0.00342197,0.000534561,,,,,,,,,,,,211,29,6,59,0.0,0.0326491,0.00174742,0.00437221,0.000489522,,,,,,,,,,,,,,,,,,,,,,208,32,24,460,0.0,0.164547,0.00810731,0.0157389,0.00345288,,226,24,104,2961,0.0,0.615273,0.0320961,0.0791615,0.0220433,,,,,,,,,,,,203,30,50,973,0.0,0.330606,0.0168299,0.030261,0.00780494,,,,,,,,,,,,,,,,
,,,,,,,,,,,,,,,,,,,,,,,,,,,,,,238,32,54,1223,0.0,0.17562,0.0115364,0.0235206,0.00807096,,199,36,8,120,0.0,0.0488484,0.00271792,0.00609542,0.000918917,,,,,,,,,,,,222,32,28,416,0.0,0.138934,0.0087608,0.0127843,0.00310724,,234,29,44,681,0.0,0.14427,0.0111315,0.0144277,0.00480201,,,,,,,,,,,,236,35,6,164,0.0,0.0192795,0.00152792,0.00450831,0.00100891,,,,,,,,,,,,223,32,22,443,0.0,0.110511,0.00689595,0.0141201,0.00311854,,,,,,,,,,,,214,30,38,783,0.0,0.262197,0.0131515,0.023798,0.00605157,,,,,,,,,,,,212,37,2,49,0.0,0.00906367,0.00118368,0.00351183,0.000342338,,,,,,,,,,,,239,35,4,48,0.0,0.0122222,0.000995449,0.00235625,0.0003074,,213,34,28,536,0.0,0.0963474,0.00717083,0.0119721,0.00372566,,,,,,,,,,,,,,,,,,,,,,,,,,,,,,,,,,,,,,,,,,,,,,,,,,,,,,,,,,,,,,,,,,,,,,,,,,,,,,,,,,231,24,60,1755,0.0,0.305622,0.0196002,0.0472891,0.0116735,,,,,,,,,,,,,,,,,,,,,,,,,,,,,,,,,,,,,,,,,,,,,,,,,,,,202,39,2,33,0.0,0.0122002,0.00131923,0.00387717,0.000246448,,,,,,,,,,,,,,,,,,,,,,,,,,,,,,,,232,27,28,413,0.0,0.166786,0.00892077,0.0146017,0.00347478,,216,35,4,46,0.0,0.0210525,0.00175658,0.00284221,0.000346531,,,,,,,,,,,,,,,,,,,,,,,,,,,,,,,,,,,,,,,,,,208,33,18,311,0.0,0.12216,0.0059515,0.0124833,0.00240783,,226,25,108,2449,0.0,0.571962,0.0329697,0.0633895,0.0180988,,,,,,,,,,,,203,31,28,580,0.0,0.186797,0.0095859,0.020359,0.00459026,,,,,,,,,,,,,,,,
,,,,,,,,,,,,,,,,,,,,,,,,,,,,,,238,33,52,875,0.0,0.167258,0.0122427,0.0172801,0.00591743,,199,37,4,32,0.0,0.0244919,0.00154185,0.00319531,0.000304936,,,,,,,,,,,,222,33,20,251,0.0,0.10163,0.00613982,0.00816688,0.00186785,,234,30,30,424,0.0,0.0992011,0.00768022,0.00973197,0.00310108,,,,,,,,,,,,236,36,6,121,0.0,0.0190665,0.00155578,0.00370542,0.000825681,,,,,,,,,,,,223,33,14,300,0.0,0.0694092,0.00388801,0.00960681,0.00209137,,,,,,,,,,,,214,31,24,629,0.0,0.142609,0.00813572,0.0199181,0.0043583,,,,,,,,,,,,212,38,2,36,0.0,0.00991619,0.000542207,0.00433061,0.000273106,,,,,,,,,,,,,,,,,,,,,,213,35,18,373,0.0,0.0623041,0.00471615,0.00880964,0.00262449,,,,,,,,,,,,,,,,,,,,,,,,,,,,,,,,,,,,,,,,,,,,,,,,,,,,,,,,,,,,,,,,,,,,,,,,,,,,,,,,,,231,25,50,1329,0.0,0.227567,0.0138133,0.0351154,0.0103925,,,,,,,,,,,,,,,,,,,,,,,,,,,,,,,,,,,,,,,,,,,,,,,,,,,,202,40,2,29,0.0,0.00905224,0.000912509,0.00419614,0.000201137,,,,,,,,,,,,,,,,,,,,,,,,,,,,,,,,232,28,22,243,0.0,0.132216,0.00688879,0.00917952,0.0020162,,216,36,2,11,0.0,0.00789547,0.00120553,0.00277604,0.000115451,,,,,,,,,,,,,,,,,,,,,,,,,,,,,,,,,,,,,,,,,,208,34,12,226,0.0,0.0790178,0.00336144,0.00806848,0.00171251,,226,26,84,1781,0.0,0.351093,0.0226938,0.0432939,0.01301,,,,,,,,,,,,203,32,20,485,0.0,0.133028,0.00587399,0.0181969,0.003486,,,,,,,,,,,,,,,,
,,,,,,,,,,,,,,,,,,,,,,,,,,,,,,238,34,38,589,0.0,0.121949,0.00871684,0.0119971,0.00417605,,,,,,,,,,,,,,,,,,,,,,222,34,8,77,0.0,0.034264,0.00227875,0.00418756,0.000621969,,234,31,16,166,0.0,0.0510355,0.00423324,0.00491393,0.00131304,,,,,,,,,,,,236,37,4,97,0.0,0.0127605,0.00105015,0.00329737,0.000586044,,,,,,,,,,,,223,34,6,221,0.0,0.0274069,0.00188314,0.00768353,0.00132402,,,,,,,,,,,,214,32,12,458,0.0,0.0676781,0.00344131,0.0155891,0.00312825,,,,,,,,,,,,212,39,4,36,0.0,0.0193874,0.00194856,0.00263518,0.00032533,,,,,,,,,,,,,,,,,,,,,,213,36,10,273,0.0,0.0353736,0.00265168,0.00695282,0.00183817,,,,,,,,,,,,,,,,,,,,,,,,,,,,,,,,,,,,,,,,,,,,,,,,,,,,,,,,,,,,,,,,,,,,,,,,,,,,,,,,,,231,26,38,1091,0.0,0.141067,0.0111374,0.0266537,0.00715199,,,,,,,,,,,,,,,,,,,,,,,,,,,,,,,,,,,,,,,,,,,,,,,,,,,,,,,,,,,,,,,,,,,,,,,,,,,,,,,,,,,,,,,,,,,,232,29,8,59,0.0,0.0458157,0.00237049,0.00424549,0.000608219,,,,,,,,,,,,,,,,,,,,,,,,,,,,,,,,,,,,,,,,,,,,,,,,,,,,208,35,10,112,0.0,0.0555221,0.00268456,0.00594083,0.000974322,,226,27,62,1299,0.0,0.214926,0.01679,0.0286511,0.00867114,,,,,,,,,,,,203,33,14,365,0.0,0.0960298,0.00414111,0.0130809,0.00263327,,,,,,,,,,,,,,,,
,,,,,,,,,,,,,,,,,,,,,,,,,,,,,,238,35,26,307,0.0,0.0830547,0.005789,0.00697827,0.00232044,,,,,,,,,,,,,,,,,,,,,,222,35,4,29,0.0,0.0177752,0.00145819,0.00237941,0.000263488,,234,32,6,63,0.0,0.0185125,0.00149798,0.00268091,0.000477823,,,,,,,,,,,,236,38,4,37,0.0,0.0124569,0.00105229,0.0021749,0.000323056,,,,,,,,,,,,223,35,8,202,0.0,0.0353005,0.00262527,0.00724522,0.00134938,,,,,,,,,,,,214,33,18,436,0.0,0.10692,0.00543149,0.0165752,0.00318533,,,,,,,,,,,,212,40,2,20,0.0,0.00791203,0.00121161,0.00265627,0.000174664,,,,,,,,,,,,,,,,,,,,,,213,37,8,214,0.0,0.0279009,0.00212334,0.00595365,0.0014157,,,,,,,,,,,,,,,,,,,,,,,,,,,,,,,,,,,,,,,,,,,,,,,,,,,,,,,,,,,,,,,,,,,,,,,,,,,,,,,,,,231,27,22,850,0.0,0.0822299,0.00612377,0.0199974,0.00557669,,,,,,,,,,,,,,,,,,,,,,,,,,,,,,,,,,,,,,,,,,,,,,,,,,,,,,,,,,,,,,,,,,,,,,,,,,,,,,,,,,,,,,,,,,,,232,30,6,25,0.0,0.0319129,0.00211342,0.00298476,0.000277767,,,,,,,,,,,,,,,,,,,,,,,,,,,,,,,,,,,,,,,,,,,,,,,,,,,,208,36,6,61,0.0,0.0330939,0.00186055,0.00501701,0.000479227,,226,28,40,899,0.0,0.136472,0.010563,0.0193002,0.00596125,,,,,,,,,,,,203,34,10,254,0.0,0.0624128,0.00286853,0.00959485,0.00178847,,,,,,,,,,,,,,,,
,,,,,,,,,,,,,,,,,,,,,,,,,,,,,,238,36,10,165,0.0,0.0323941,0.00224339,0.00447933,0.00112887,,,,,,,,,,,,,,,,,,,,,,,,,,,,,,,,234,33,2,12,0.0,0.00614359,0.000518212,0.00170747,0.000113399,,,,,,,,,,,,236,39,4,29,0.0,0.012336,0.00101992,0.00202454,0.000227113,,,,,,,,,,,,223,36,10,135,0.0,0.0445681,0.00288404,0.00523649,0.000971083,,,,,,,,,,,,214,34,22,339,0.0,0.126972,0.00711076,0.0113391,0.00264567,,,,,,,,,,,,,,,,,,,,,,,,,,,,,,,,,,,,,,,,,,213,38,4,169,0.0,0.014296,0.00106556,0.00505392,0.00107695,,,,,,,,,,,,,,,,,,,,,,,,,,,,,,,,,,,,,,,,,,,,,,,,,,,,,,,,,,,,,,,,,,,,,,,,,,,,,,,,,,231,28,18,687,0.0,0.0663296,0.005073,0.0158549,0.00476105,,,,,,,,,,,,,,,,,,,,,,,,,,,,,,,,,,,,,,,,,,,,,,,,,,,,,,,,,,,,,,,,,,,,,,,,,,,,,,,,,,,,,,,,,,,,,,,,,,,,,,,,,,,,,,,,,,,,,,,,,,,,,,,,,,,,,,,,,,,,,,,,,,,,,,,,,,,,,,,,,,226,29,26,602,0.0,0.090091,0.00672909,0.0133041,0.00399745,,,,,,,,,,,,203,35,12,186,0.0,0.0744669,0.00384283,0.00835621,0.00151179,,,,,,,,,,,,,,,,
,,,,,,,,,,,,,,,,,,,,,,,,,,,,,,238,37,8,110,0.0,0.0256083,0.00175421,0.00351476,0.000766719,,,,,,,,,,,,,,,,,,,,,,,,,,,,,,,,,,,,,,,,,,,,,,,,,,,,,,,,,,,,,,,,,,,,,,,,223,37,4,90,0.0,0.0165771,0.00144044,0.00387479,0.000578,,,,,,,,,,,,214,35,10,178,0.0,0.057715,0.0027782,0.00719181,0.0013684,,,,,,,,,,,,,,,,,,,,,,,,,,,,,,,,,,,,,,,,,,213,39,2,145,0.0,0.00763795,0.000517562,0.00446299,0.000903488,,,,,,,,,,,,,,,,,,,,,,,,,,,,,,,,,,,,,,,,,,,,,,,,,,,,,,,,,,,,,,,,,,,,,,,,,,,,,,,,,,231,29,12,613,0.0,0.0441584,0.00330267,0.0138506,0.00355988,,,,,,,,,,,,,,,,,,,,,,,,,,,,,,,,,,,,,,,,,,,,,,,,,,,,,,,,,,,,,,,,,,,,,,,,,,,,,,,,,,,,,,,,,,,,,,,,,,,,,,,,,,,,,,,,,,,,,,,,,,,,,,,,,,,,,,,,,,,,,,,,,,,,,,,,,,,,,,,,,,226,30,20,437,0.0,0.0687754,0.0053532,0.0102707,0.00294032,,,,,,,,,,,,203,36,12,126,0.0,0.0817788,0.00367815,0.00848612,0.00112883,,,,,,,,,,,,,,,,
,,,,,,,,,,,,,,,,,,,,,,,,,,,,,,238,38,2,41,0.0,0.00650644,0.00043732,0.0023267,0.000270377,,,,,,,,,,,,,,,,,,,,,,,,,,,,,,,,,,,,,,,,,,,,,,,,,,,,,,,,,,,,,,,,,,,,,,,,223,38,4,59,0.0,0.0179749,0.00138409,0.00277725,0.000420098,,,,,,,,,,,,214,36,8,122,0.0,0.0433121,0.00239507,0.00564344,0.000951693,,,,,,,,,,,,,,,,,,,,,,,,,,,,,,,,,,,,,,,,,,213,40,2,131,0.0,0.00748168,0.000529834,0.00422901,0.000764244,,,,,,,,,,,,,,,,,,,,,,,,,,,,,,,,,,,,,,,,,,,,,,,,,,,,,,,,,,,,,,,,,,,,,,,,,,,,,,,,,,231,30,12,491,0.0,0.0439158,0.00326822,0.0114021,0.00304276,,,,,,,,,,,,,,,,,,,,,,,,,,,,,,,,,,,,,,,,,,,,,,,,,,,,,,,,,,,,,,,,,,,,,,,,,,,,,,,,,,,,,,,,,,,,,,,,,,,,,,,,,,,,,,,,,,,,,,,,,,,,,,,,,,,,,,,,,,,,,,,,,,,,,,,,,,,,,,,,,,226,31,14,349,0.0,0.0477894,0.00372345,0.00847228,0.00218162,,,,,,,,,,,,203,37,8,60,0.0,0.0485604,0.00233841,0.00508454,0.00062448,,,,,,,,,,,,,,,,
,,,,,,,,,,,,,,,,,,,,,,,,,,,,,,238,39,2,31,0.0,0.00646969,0.000451327,0.00213283,0.000240839,,,,,,,,,,,,,,,,,,,,,,,,,,,,,,,,,,,,,,,,,,,,,,,,,,,,,,,,,,,,,,,,,,,,,,,,223,39,4,45,0.0,0.0173495,0.0013814,0.00248955,0.000348279,,,,,,,,,,,,214,37,4,45,0.0,0.0258117,0.00167558,0.00358493,0.000499408,,,,,,,,,,,,,,,,,,,,,,,,,,,,,,,,,,,,,,,,,,213,41,4,131,0.0,0.0141673,0.00110587,0.0042511,0.000801114,,,,,,,,,,,,,,,,,,,,,,,,,,,,,,,,,,,,,,,,,,,,,,,,,,,,,,,,,,,,,,,,,,,,,,,,,,,,,,,,,,231,31,16,429,0.0,0.0569106,0.00435548,0.0101731,0.00281617,,,,,,,,,,,,,,,,,,,,,,,,,,,,,,,,,,,,,,,,,,,,,,,,,,,,,,,,,,,,,,,,,,,,,,,,,,,,,,,,,,,,,,,,,,,,,,,,,,,,,,,,,,,,,,,,,,,,,,,,,,,,,,,,,,,,,,,,,,,,,,,,,,,,,,,,,,,,,,,,,,226,32,8,227,0.0,0.0275819,0.00212629,0.0060403,0.00138964,,,,,,,,,,,,203,38,2,19,0.0,0.0113947,0.00119723,0.00438143,0.000165634,,,,,,,,,,,,,,,,
,,,,,,,,,,,,,,,,,,,,,,,,,,,,,,238,40,4,31,0.0,0.012708,0.000899963,0.00211773,0.0002603,,,,,,,,,,,,,,,,,,,,,,,,,,,,,,,,,,,,,,,,,,,,,,,,,,,,,,,,,,,,,,,,,,,,,,,,223,40,2,14,0.0,0.00715445,0.000747752,0.0020119,0.000267367,,,,,,,,,,,,214,38,4,28,0.0,0.0259105,0.00179859,0.00329462,0.000312075,,,,,,,,,,,,,,,,,,,,,,,,,,,,,,,,,,,,,,,,,,213,42,8,131,0.0,0.0276101,0.00215354,0.00437271,0.000854623,,,,,,,,,,,,,,,,,,,,,,,,,,,,,,,,,,,,,,,,,,,,,,,,,,,,,,,,,,,,,,,,,,,,,,,,,,,,,,,,,,231,32,14,330,0.0,0.0498219,0.00363747,0.00816482,0.00231334,,,,,,,,,,,,,,,,,,,,,,,,,,,,,,,,,,,,,,,,,,,,,,,,,,,,,,,,,,,,,,,,,,,,,,,,,,,,,,,,,,,,,,,,,,,,,,,,,,,,,,,,,,,,,,,,,,,,,,,,,,,,,,,,,,,,,,,,,,,,,,,,,,,,,,,,,,,,,,,,,,226,33,10,117,0.0,0.033531,0.00268743,0.00398022,0.000932263,,,,,,,,,,,,,,,,,,,,,,,,,,,,,,,,,,,,
,,,,,,,,,,,,,,,,,,,,,,,,,,,,,,,,,,,,,,,,,,,,,,,,,,,,,,,,,,,,,,,,,,,,,,,,,,,,,,,,,,,,,,,,,,,,,,,,,,,,,,,,,,,,,,,,,,,,,,,,,,,,,,,,,,214,39,2,11,0.0,0.00946399,0.00127707,0.00325701,0.000129431,,,,,,,,,,,,,,,,,,,,,,,,,,,,,,,,,,,,,,,,,,213,43,2,52,0.0,0.00708819,0.000525351,0.00280265,0.000409016,,,,,,,,,,,,,,,,,,,,,,,,,,,,,,,,,,,,,,,,,,,,,,,,,,,,,,,,,,,,,,,,,,,,,,,,,,,,,,,,,,231,33,16,289,0.0,0.0569023,0.00432733,0.00768883,0.00215985,,,,,,,,,,,,,,,,,,,,,,,,,,,,,,,,,,,,,,,,,,,,,,,,,,,,,,,,,,,,,,,,,,,,,,,,,,,,,,,,,,,,,,,,,,,,,,,,,,,,,,,,,,,,,,,,,,,,,,,,,,,,,,,,,,,,,,,,,,,,,,,,,,,,,,,,,,,,,,,,,,226,34,10,97,0.0,0.0327095,0.00265864,0.00357814,0.000756174,,,,,,,,,,,,,,,,,,,,,,,,,,,,,,,,,,,,
,,,,,,,,,,,,,,,,,,,,,,,,,,,,,,,,,,,,,,,,,,,,,,,,,,,,,,,,,,,,,,,,,,,,,,,,,,,,,,,,,,,,,,,,,,,,,,,,,,,,,,,,,,,,,,,,,,,,,,,,,,,,,,,,,,,,,,,,,,,,,,,,,,,,,,,,,,,,,,,,,,,,,,,,,,,,,,,,,,,,213,44,2,42,0.0,0.00701041,0.000537137,0.00258929,0.000368976,,,,,,,,,,,,,,,,,,,,,,,,,,,,,,,,,,,,,,,,,,,,,,,,,,,,,,,,,,,,,,,,,,,,,,,,,,,,,,,,,,231,34,14,231,0.0,0.0491598,0.00373071,0.00634135,0.00143232,,,,,,,,,,,,,,,,,,,,,,,,,,,,,,,,,,,,,,,,,,,,,,,,,,,,,,,,,,,,,,,,,,,,,,,,,,,,,,,,,,,,,,,,,,,,,,,,,,,,,,,,,,,,,,,,,,,,,,,,,,,,,,,,,,,,,,,,,,,,,,,,,,,,,,,,,,,,,,,,,,226,35,4,21,0.0,0.0131356,0.00106911,0.00215093,0.000223626,,,,,,,,,,,,,,,,,,,,,,,,,,,,,,,,,,,,
,,,,,,,,,,,,,,,,,,,,,,,,,,,,,,,,,,,,,,,,,,,,,,,,,,,,,,,,,,,,,,,,,,,,,,,,,,,,,,,,,,,,,,,,,,,,,,,,,,,,,,,,,,,,,,,,,,,,,,,,,,,,,,,,,,,,,,,,,,,,,,,,,,,,,,,,,,,,,,,,,,,,,,,,,,,,,,,,,,,,213,45,2,37,0.0,0.00667411,0.000520642,0.00237938,0.00027811,,,,,,,,,,,,,,,,,,,,,,,,,,,,,,,,,,,,,,,,,,,,,,,,,,,,,,,,,,,,,,,,,,,,,,,,,,,,,,,,,,231,35,4,14,0.0,0.0136025,0.00110736,0.00214024,0.000185796,,,,,,,,,,,,,,,,,,,,,,,,,,,,,,,,,,,,,,,,,,,,,,,,,,,,,,,,,,,,,,,,,,,,,,,,,,,,,,,,,,,,,,,,,,,,,,,,,,,,,,,,,,,,,,,,,,,,,,,,,,,,,,,,,,,,,,,,,,,,,,,,,,,,,,,,,,,,,,,,,,226,36,2,8,0.0,0.00657026,0.000543853,0.00187391,9.5044e-05,,,,,,,,,,,,,,,,,,,,,,,,,,,,,,,,,,,,
,,,,,,,,,,,,,,,,,,,,,,,,,,,,,,,,,,,,,,,,,,,,,,,,,,,,,,,,,,,,,,,,,,,,,,,,,,,,,,,,,,,,,,,,,,,,,,,,,,,,,,,,,,,,,,,,,,,,,,,,,,,,,,,,,,,,,,,,,,,,,,,,,,,,,,,,,,,,,,,,,,,,,,,,,,,,,,,,,,,,213,46,2,33,0.0,0.00659667,0.000517045,0.00225065,0.00022259,,,,,,,,,,,,,,,,,,,,,,,,,,,,,,,,,,,,,,,,,,,,,,,,,,,,,,,,,,,,,,,,,,,,,,,,,,,,,,,,,,,,,,,,,,,,,,,,,,,,,,,,,,,,,,,,,,,,,,,,,,,,,,,,,,,,,,,,,,,,,,,,,,,,,,,,,,,,,,,,,,,,,,,,,,,,,,,,,,,,,,,,,,,,,,,,,,,,,,,,,,,,,,,,,,,,,,,,,,,,,,,,,,,,,,,,,,,,,,,,,,,,,,,,,,,,,,,,,,,,,,,,,,,,,,,,,,,,,,,,,,,,,,,,,,,,,,,,
,,,,,,,,,,,,,,,,,,,,,,,,,,,,,,,,,,,,,,,,,,,,,,,,,,,,,,,,,,,,,,,,,,,,,,,,,,,,,,,,,,,,,,,,,,,,,,,,,,,,,,,,,,,,,,,,,,,,,,,,,,,,,,,,,,,,,,,,,,,,,,,,,,,,,,,,,,,,,,,,,,,,,,,,,,,,,,,,,,,,213,47,2,30,0.0,0.00650805,0.000523377,0.00220394,0.000171537,,,,,,,,,,,,,,,,,,,,,,,,,,,,,,,,,,,,,,,,,,,,,,,,,,,,,,,,,,,,,,,,,,,,,,,,,,,,,,,,,,,,,,,,,,,,,,,,,,,,,,,,,,,,,,,,,,,,,,,,,,,,,,,,,,,,,,,,,,,,,,,,,,,,,,,,,,,,,,,,,,,,,,,,,,,,,,,,,,,,,,,,,,,,,,,,,,,,,,,,,,,,,,,,,,,,,,,,,,,,,,,,,,,,,,,,,,,,,,,,,,,,,,,,,,,,,,,,,,,,,,,,,,,,,,,,,,,,,,,,,,,,,,,,,,,,,,,,
