

======== NORMAL EXPERIMENTS (no explicit vector ISA) histogram_num_bins=64 ========



======== OBLIQUE EXPERIMENTS histogram_num_bins=64 ========



======== Running Exact [Oblique] ========

./bazel-bin/examples/train_oblique_forest --input_mode trunk --rows 10000 --feature_split_type "Oblique" --numerical_split_type "Exact" --num_trees=30 --num_threads=-1 --compute_oob_performances=false  
----- Run 1/7 -----
WARNING: All log messages before absl::InitializeLog() is called are written to STDERR
I0000 00:00:1777604320.448480  232520 train_oblique_forest.cc:261] Generating trunk synthetic dataset: rows=10000, cols=4096
I0000 00:00:1777604321.032248  232520 train_oblique_forest.cc:391] Configuring oblique splits
I0000 00:00:1777604321.032283  232520 train_oblique_forest.cc:439] Using exact splitting
I0000 00:00:1777604321.032784  232520 abstract_learner.cc:155] No input feature explicitly specified. Using all the available input features.
I0000 00:00:1777604321.032793  232520 abstract_learner.cc:172] The label "y" was removed from the input feature set.
I0000 00:00:1777604321.034338  232520 random_forest.cc:478] Training random forest on 10000 example(s) and 4096 feature(s).
I0000 00:00:1777604321.034525  232520 gpu.cc:93] Cannot initialize GPU: Not compiled with GPU support
I0000 00:00:1777604321.035953  232520 random_forest.cc:713] num_threads being used: 6
I0000 00:00:1777604321.409259  232526 random_forest.cc:1121] Train tree 1/30 [index:4 total:0.37s tree:0.37s]
W0000 00:00:1777604322.899421  232522 training.cc:6283] [This message is only shown once] The effective split of examples does not match the expected split returned by the splitter algorithm. This problem can be caused by (1) large floating point values (e.g. value>=10e30) or (2) a bug in the software. You can turn this error in a warning with internal_error_on_wrong_splitter_statistics=false.

Details:
Num examples: 2705
Num positive examples (from split evaluation): 1340
Num positive examples (from split learning): 1339
Num negative examples (from split evaluation): 1365

Condition: na_value: false
attribute: 29
condition {
  oblique_condition {
    attributes: 29
    attributes: 30
    attributes: 2714
    weights: 1
    weights: 1
    weights: -1
    threshold: 0.0915132463
    na_replacements: 0
    na_replacements: 0
    na_replacements: 0
  }
}
num_training_examples_without_weight: 2705
num_training_examples_with_weight: 2705
split_score: 0.0168895498
num_pos_training_examples_without_weight: 1339
num_pos_training_examples_with_weight: 1339

Attribute spec: type: NUMERICAL
name: "x29"

I0000 00:00:1777604323.085204  232520 random_forest.cc:1131] random_forest.cc Training block took: 2.05288 s
I0000 00:00:1777604323.085255  232520 random_forest.cc:1217] EXITING EARLY TO SPEED UP EXPERIMENTS!
-1 (automatic) threads requested. 6 threads set.
----- Run 2/7 -----
WARNING: All log messages before absl::InitializeLog() is called are written to STDERR
I0000 00:00:1777604323.109306  232546 train_oblique_forest.cc:261] Generating trunk synthetic dataset: rows=10000, cols=4096
I0000 00:00:1777604323.694786  232546 train_oblique_forest.cc:391] Configuring oblique splits
I0000 00:00:1777604323.694818  232546 train_oblique_forest.cc:439] Using exact splitting
I0000 00:00:1777604323.695314  232546 abstract_learner.cc:155] No input feature explicitly specified. Using all the available input features.
I0000 00:00:1777604323.695324  232546 abstract_learner.cc:172] The label "y" was removed from the input feature set.
I0000 00:00:1777604323.696304  232546 random_forest.cc:478] Training random forest on 10000 example(s) and 4096 feature(s).
I0000 00:00:1777604323.696507  232546 gpu.cc:93] Cannot initialize GPU: Not compiled with GPU support
I0000 00:00:1777604323.697954  232546 random_forest.cc:713] num_threads being used: 6
I0000 00:00:1777604324.074558  232552 random_forest.cc:1121] Train tree 1/30 [index:2 total:0.38s tree:0.37s]
W0000 00:00:1777604325.545794  232547 training.cc:6283] [This message is only shown once] The effective split of examples does not match the expected split returned by the splitter algorithm. This problem can be caused by (1) large floating point values (e.g. value>=10e30) or (2) a bug in the software. You can turn this error in a warning with internal_error_on_wrong_splitter_statistics=false.

Details:
Num examples: 2705
Num positive examples (from split evaluation): 1340
Num positive examples (from split learning): 1339
Num negative examples (from split evaluation): 1365

Condition: na_value: false
attribute: 29
condition {
  oblique_condition {
    attributes: 29
    attributes: 30
    attributes: 2714
    weights: 1
    weights: 1
    weights: -1
    threshold: 0.0915132463
    na_replacements: 0
    na_replacements: 0
    na_replacements: 0
  }
}
num_training_examples_without_weight: 2705
num_training_examples_with_weight: 2705
split_score: 0.0168895498
num_pos_training_examples_without_weight: 1339
num_pos_training_examples_with_weight: 1339

Attribute spec: type: NUMERICAL
name: "x29"

I0000 00:00:1777604325.799229  232546 random_forest.cc:1131] random_forest.cc Training block took: 2.10436 s
I0000 00:00:1777604325.799280  232546 random_forest.cc:1217] EXITING EARLY TO SPEED UP EXPERIMENTS!
-1 (automatic) threads requested. 6 threads set.
----- Run 3/7 -----
WARNING: All log messages before absl::InitializeLog() is called are written to STDERR
I0000 00:00:1777604325.826550  232566 train_oblique_forest.cc:261] Generating trunk synthetic dataset: rows=10000, cols=4096
I0000 00:00:1777604326.412019  232566 train_oblique_forest.cc:391] Configuring oblique splits
I0000 00:00:1777604326.412053  232566 train_oblique_forest.cc:439] Using exact splitting
I0000 00:00:1777604326.412549  232566 abstract_learner.cc:155] No input feature explicitly specified. Using all the available input features.
I0000 00:00:1777604326.412558  232566 abstract_learner.cc:172] The label "y" was removed from the input feature set.
I0000 00:00:1777604326.413529  232566 random_forest.cc:478] Training random forest on 10000 example(s) and 4096 feature(s).
I0000 00:00:1777604326.413724  232566 gpu.cc:93] Cannot initialize GPU: Not compiled with GPU support
I0000 00:00:1777604326.415121  232566 random_forest.cc:713] num_threads being used: 6
I0000 00:00:1777604326.805355  232570 random_forest.cc:1121] Train tree 1/30 [index:4 total:0.39s tree:0.39s]
W0000 00:00:1777604328.272716  232571 training.cc:6283] [This message is only shown once] The effective split of examples does not match the expected split returned by the splitter algorithm. This problem can be caused by (1) large floating point values (e.g. value>=10e30) or (2) a bug in the software. You can turn this error in a warning with internal_error_on_wrong_splitter_statistics=false.

Details:
Num examples: 2705
Num positive examples (from split evaluation): 1340
Num positive examples (from split learning): 1339
Num negative examples (from split evaluation): 1365

Condition: na_value: false
attribute: 29
condition {
  oblique_condition {
    attributes: 29
    attributes: 30
    attributes: 2714
    weights: 1
    weights: 1
    weights: -1
    threshold: 0.0915132463
    na_replacements: 0
    na_replacements: 0
    na_replacements: 0
  }
}
num_training_examples_without_weight: 2705
num_training_examples_with_weight: 2705
split_score: 0.0168895498
num_pos_training_examples_without_weight: 1339
num_pos_training_examples_with_weight: 1339

Attribute spec: type: NUMERICAL
name: "x29"

I0000 00:00:1777604328.434564  232566 random_forest.cc:1131] random_forest.cc Training block took: 2.02245 s
I0000 00:00:1777604328.434613  232566 random_forest.cc:1217] EXITING EARLY TO SPEED UP EXPERIMENTS!
-1 (automatic) threads requested. 6 threads set.
----- Run 4/7 -----
WARNING: All log messages before absl::InitializeLog() is called are written to STDERR
I0000 00:00:1777604328.470745  232591 train_oblique_forest.cc:261] Generating trunk synthetic dataset: rows=10000, cols=4096
I0000 00:00:1777604329.050196  232591 train_oblique_forest.cc:391] Configuring oblique splits
I0000 00:00:1777604329.050227  232591 train_oblique_forest.cc:439] Using exact splitting
I0000 00:00:1777604329.050728  232591 abstract_learner.cc:155] No input feature explicitly specified. Using all the available input features.
I0000 00:00:1777604329.050738  232591 abstract_learner.cc:172] The label "y" was removed from the input feature set.
I0000 00:00:1777604329.051712  232591 random_forest.cc:478] Training random forest on 10000 example(s) and 4096 feature(s).
I0000 00:00:1777604329.051913  232591 gpu.cc:93] Cannot initialize GPU: Not compiled with GPU support
I0000 00:00:1777604329.053473  232591 random_forest.cc:713] num_threads being used: 6
I0000 00:00:1777604329.425467  232594 random_forest.cc:1121] Train tree 1/30 [index:4 total:0.37s tree:0.37s]
W0000 00:00:1777604330.959695  232596 training.cc:6283] [This message is only shown once] The effective split of examples does not match the expected split returned by the splitter algorithm. This problem can be caused by (1) large floating point values (e.g. value>=10e30) or (2) a bug in the software. You can turn this error in a warning with internal_error_on_wrong_splitter_statistics=false.

Details:
Num examples: 2705
Num positive examples (from split evaluation): 1340
Num positive examples (from split learning): 1339
Num negative examples (from split evaluation): 1365

Condition: na_value: false
attribute: 29
condition {
  oblique_condition {
    attributes: 29
    attributes: 30
    attributes: 2714
    weights: 1
    weights: 1
    weights: -1
    threshold: 0.0915132463
    na_replacements: 0
    na_replacements: 0
    na_replacements: 0
  }
}
num_training_examples_without_weight: 2705
num_training_examples_with_weight: 2705
split_score: 0.0168895498
num_pos_training_examples_without_weight: 1339
num_pos_training_examples_with_weight: 1339

Attribute spec: type: NUMERICAL
name: "x29"

I0000 00:00:1777604331.082343  232591 random_forest.cc:1131] random_forest.cc Training block took: 2.03207 s
I0000 00:00:1777604331.082393  232591 random_forest.cc:1217] EXITING EARLY TO SPEED UP EXPERIMENTS!
-1 (automatic) threads requested. 6 threads set.
----- Run 5/7 -----
WARNING: All log messages before absl::InitializeLog() is called are written to STDERR
I0000 00:00:1777604331.108760  232609 train_oblique_forest.cc:261] Generating trunk synthetic dataset: rows=10000, cols=4096
I0000 00:00:1777604331.695673  232609 train_oblique_forest.cc:391] Configuring oblique splits
I0000 00:00:1777604331.695705  232609 train_oblique_forest.cc:439] Using exact splitting
I0000 00:00:1777604331.696207  232609 abstract_learner.cc:155] No input feature explicitly specified. Using all the available input features.
I0000 00:00:1777604331.696217  232609 abstract_learner.cc:172] The label "y" was removed from the input feature set.
I0000 00:00:1777604331.697677  232609 random_forest.cc:478] Training random forest on 10000 example(s) and 4096 feature(s).
I0000 00:00:1777604331.697865  232609 gpu.cc:93] Cannot initialize GPU: Not compiled with GPU support
I0000 00:00:1777604331.699263  232609 random_forest.cc:713] num_threads being used: 6
I0000 00:00:1777604332.075731  232618 random_forest.cc:1121] Train tree 1/30 [index:2 total:0.38s tree:0.38s]
W0000 00:00:1777604333.580496  232618 training.cc:6283] [This message is only shown once] The effective split of examples does not match the expected split returned by the splitter algorithm. This problem can be caused by (1) large floating point values (e.g. value>=10e30) or (2) a bug in the software. You can turn this error in a warning with internal_error_on_wrong_splitter_statistics=false.

Details:
Num examples: 2705
Num positive examples (from split evaluation): 1340
Num positive examples (from split learning): 1339
Num negative examples (from split evaluation): 1365

Condition: na_value: false
attribute: 29
condition {
  oblique_condition {
    attributes: 29
    attributes: 30
    attributes: 2714
    weights: 1
    weights: 1
    weights: -1
    threshold: 0.0915132463
    na_replacements: 0
    na_replacements: 0
    na_replacements: 0
  }
}
num_training_examples_without_weight: 2705
num_training_examples_with_weight: 2705
split_score: 0.0168895498
num_pos_training_examples_without_weight: 1339
num_pos_training_examples_with_weight: 1339

Attribute spec: type: NUMERICAL
name: "x29"

I0000 00:00:1777604333.770441  232609 random_forest.cc:1131] random_forest.cc Training block took: 2.07469 s
I0000 00:00:1777604333.770491  232609 random_forest.cc:1217] EXITING EARLY TO SPEED UP EXPERIMENTS!
-1 (automatic) threads requested. 6 threads set.
----- Run 6/7 -----
WARNING: All log messages before absl::InitializeLog() is called are written to STDERR
I0000 00:00:1777604333.797993  232634 train_oblique_forest.cc:261] Generating trunk synthetic dataset: rows=10000, cols=4096
I0000 00:00:1777604334.381352  232634 train_oblique_forest.cc:391] Configuring oblique splits
I0000 00:00:1777604334.381386  232634 train_oblique_forest.cc:439] Using exact splitting
I0000 00:00:1777604334.381917  232634 abstract_learner.cc:155] No input feature explicitly specified. Using all the available input features.
I0000 00:00:1777604334.381927  232634 abstract_learner.cc:172] The label "y" was removed from the input feature set.
I0000 00:00:1777604334.382949  232634 random_forest.cc:478] Training random forest on 10000 example(s) and 4096 feature(s).
I0000 00:00:1777604334.383156  232634 gpu.cc:93] Cannot initialize GPU: Not compiled with GPU support
I0000 00:00:1777604334.384658  232634 random_forest.cc:713] num_threads being used: 6
I0000 00:00:1777604334.761724  232642 random_forest.cc:1121] Train tree 1/30 [index:4 total:0.38s tree:0.38s]
W0000 00:00:1777604336.204613  232640 training.cc:6283] [This message is only shown once] The effective split of examples does not match the expected split returned by the splitter algorithm. This problem can be caused by (1) large floating point values (e.g. value>=10e30) or (2) a bug in the software. You can turn this error in a warning with internal_error_on_wrong_splitter_statistics=false.

Details:
Num examples: 2705
Num positive examples (from split evaluation): 1340
Num positive examples (from split learning): 1339
Num negative examples (from split evaluation): 1365

Condition: na_value: false
attribute: 29
condition {
  oblique_condition {
    attributes: 29
    attributes: 30
    attributes: 2714
    weights: 1
    weights: 1
    weights: -1
    threshold: 0.0915132463
    na_replacements: 0
    na_replacements: 0
    na_replacements: 0
  }
}
num_training_examples_without_weight: 2705
num_training_examples_with_weight: 2705
split_score: 0.0168895498
num_pos_training_examples_without_weight: 1339
num_pos_training_examples_with_weight: 1339

Attribute spec: type: NUMERICAL
name: "x29"

I0000 00:00:1777604336.339492  232634 random_forest.cc:1131] random_forest.cc Training block took: 1.95804 s
I0000 00:00:1777604336.339540  232634 random_forest.cc:1217] EXITING EARLY TO SPEED UP EXPERIMENTS!
-1 (automatic) threads requested. 6 threads set.
----- Run 7/7 -----
WARNING: All log messages before absl::InitializeLog() is called are written to STDERR
I0000 00:00:1777604336.363429  232654 train_oblique_forest.cc:261] Generating trunk synthetic dataset: rows=10000, cols=4096
I0000 00:00:1777604336.942205  232654 train_oblique_forest.cc:391] Configuring oblique splits
I0000 00:00:1777604336.942227  232654 train_oblique_forest.cc:439] Using exact splitting
I0000 00:00:1777604336.942696  232654 abstract_learner.cc:155] No input feature explicitly specified. Using all the available input features.
I0000 00:00:1777604336.942705  232654 abstract_learner.cc:172] The label "y" was removed from the input feature set.
I0000 00:00:1777604336.943570  232654 random_forest.cc:478] Training random forest on 10000 example(s) and 4096 feature(s).
I0000 00:00:1777604336.943777  232654 gpu.cc:93] Cannot initialize GPU: Not compiled with GPU support
I0000 00:00:1777604336.945189  232654 random_forest.cc:713] num_threads being used: 6
I0000 00:00:1777604337.330844  232663 random_forest.cc:1121] Train tree 1/30 [index:1 total:0.39s tree:0.39s]
W0000 00:00:1777604338.774108  232664 training.cc:6283] [This message is only shown once] The effective split of examples does not match the expected split returned by the splitter algorithm. This problem can be caused by (1) large floating point values (e.g. value>=10e30) or (2) a bug in the software. You can turn this error in a warning with internal_error_on_wrong_splitter_statistics=false.

Details:
Num examples: 2705
Num positive examples (from split evaluation): 1340
Num positive examples (from split learning): 1339
Num negative examples (from split evaluation): 1365

Condition: na_value: false
attribute: 29
condition {
  oblique_condition {
    attributes: 29
    attributes: 30
    attributes: 2714
    weights: 1
    weights: 1
    weights: -1
    threshold: 0.0915132463
    na_replacements: 0
    na_replacements: 0
    na_replacements: 0
  }
}
num_training_examples_without_weight: 2705
num_training_examples_with_weight: 2705
split_score: 0.0168895498
num_pos_training_examples_without_weight: 1339
num_pos_training_examples_with_weight: 1339

Attribute spec: type: NUMERICAL
name: "x29"

I0000 00:00:1777604338.921337  232654 random_forest.cc:1131] random_forest.cc Training block took: 1.97908 s
I0000 00:00:1777604338.921390  232654 random_forest.cc:1217] EXITING EARLY TO SPEED UP EXPERIMENTS!
-1 (automatic) threads requested. 6 threads set.
MEDIAN of 7/7 runs: 2.03207 s  (samples: 2.05288 2.10436 2.02245 2.03207 2.07469 1.95804 1.97908)
./bazel-bin/examples/train_oblique_forest --input_mode trunk --rows 20000 --feature_split_type "Oblique" --numerical_split_type "Exact" --num_trees=30 --num_threads=-1 --compute_oob_performances=false  
----- Run 1/7 -----
WARNING: All log messages before absl::InitializeLog() is called are written to STDERR
I0000 00:00:1777604338.962494  232686 train_oblique_forest.cc:261] Generating trunk synthetic dataset: rows=20000, cols=4096
I0000 00:00:1777604340.123200  232686 train_oblique_forest.cc:391] Configuring oblique splits
I0000 00:00:1777604340.123228  232686 train_oblique_forest.cc:439] Using exact splitting
I0000 00:00:1777604340.123739  232686 abstract_learner.cc:155] No input feature explicitly specified. Using all the available input features.
I0000 00:00:1777604340.123749  232686 abstract_learner.cc:172] The label "y" was removed from the input feature set.
I0000 00:00:1777604340.124749  232686 random_forest.cc:478] Training random forest on 20000 example(s) and 4096 feature(s).
I0000 00:00:1777604340.124954  232686 gpu.cc:93] Cannot initialize GPU: Not compiled with GPU support
I0000 00:00:1777604340.126524  232686 random_forest.cc:713] num_threads being used: 6
I0000 00:00:1777604340.966232  232688 random_forest.cc:1121] Train tree 1/30 [index:4 total:0.84s tree:0.84s]
W0000 00:00:1777604344.047458  232688 training.cc:6283] [This message is only shown once] The effective split of examples does not match the expected split returned by the splitter algorithm. This problem can be caused by (1) large floating point values (e.g. value>=10e30) or (2) a bug in the software. You can turn this error in a warning with internal_error_on_wrong_splitter_statistics=false.

Details:
Num examples: 4011
Num positive examples (from split evaluation): 471
Num positive examples (from split learning): 475
Num negative examples (from split evaluation): 3540

Condition: na_value: false
attribute: 8
condition {
  oblique_condition {
    attributes: 8
    attributes: 2740
    attributes: 3749
    weights: -1
    weights: 1
    weights: 1
    threshold: 2.23467827
    na_replacements: 0
    na_replacements: 0
    na_replacements: 0
  }
}
num_training_examples_without_weight: 4011
num_training_examples_with_weight: 4011
split_score: 0.015408474
num_pos_training_examples_without_weight: 475
num_pos_training_examples_with_weight: 475

Attribute spec: type: NUMERICAL
name: "x8"

I0000 00:00:1777604344.689013  232686 random_forest.cc:1131] random_forest.cc Training block took: 4.56573 s
I0000 00:00:1777604344.689065  232686 random_forest.cc:1217] EXITING EARLY TO SPEED UP EXPERIMENTS!
-1 (automatic) threads requested. 6 threads set.
----- Run 2/7 -----
WARNING: All log messages before absl::InitializeLog() is called are written to STDERR
I0000 00:00:1777604344.728499  232743 train_oblique_forest.cc:261] Generating trunk synthetic dataset: rows=20000, cols=4096
I0000 00:00:1777604345.888677  232743 train_oblique_forest.cc:391] Configuring oblique splits
I0000 00:00:1777604345.888695  232743 train_oblique_forest.cc:439] Using exact splitting
I0000 00:00:1777604345.889179  232743 abstract_learner.cc:155] No input feature explicitly specified. Using all the available input features.
I0000 00:00:1777604345.889188  232743 abstract_learner.cc:172] The label "y" was removed from the input feature set.
I0000 00:00:1777604345.890110  232743 random_forest.cc:478] Training random forest on 20000 example(s) and 4096 feature(s).
I0000 00:00:1777604345.890333  232743 gpu.cc:93] Cannot initialize GPU: Not compiled with GPU support
I0000 00:00:1777604345.891950  232743 random_forest.cc:713] num_threads being used: 6
I0000 00:00:1777604346.705741  232749 random_forest.cc:1121] Train tree 1/30 [index:1 total:0.81s tree:0.81s]
W0000 00:00:1777604349.838128  232747 training.cc:6283] [This message is only shown once] The effective split of examples does not match the expected split returned by the splitter algorithm. This problem can be caused by (1) large floating point values (e.g. value>=10e30) or (2) a bug in the software. You can turn this error in a warning with internal_error_on_wrong_splitter_statistics=false.

Details:
Num examples: 4011
Num positive examples (from split evaluation): 471
Num positive examples (from split learning): 475
Num negative examples (from split evaluation): 3540

Condition: na_value: false
attribute: 8
condition {
  oblique_condition {
    attributes: 8
    attributes: 2740
    attributes: 3749
    weights: -1
    weights: 1
    weights: 1
    threshold: 2.23467827
    na_replacements: 0
    na_replacements: 0
    na_replacements: 0
  }
}
num_training_examples_without_weight: 4011
num_training_examples_with_weight: 4011
split_score: 0.015408474
num_pos_training_examples_without_weight: 475
num_pos_training_examples_with_weight: 475

Attribute spec: type: NUMERICAL
name: "x8"

I0000 00:00:1777604350.479460  232743 random_forest.cc:1131] random_forest.cc Training block took: 4.59072 s
I0000 00:00:1777604350.479507  232743 random_forest.cc:1217] EXITING EARLY TO SPEED UP EXPERIMENTS!
-1 (automatic) threads requested. 6 threads set.
----- Run 3/7 -----
WARNING: All log messages before absl::InitializeLog() is called are written to STDERR
I0000 00:00:1777604350.518682  232795 train_oblique_forest.cc:261] Generating trunk synthetic dataset: rows=20000, cols=4096
I0000 00:00:1777604351.685237  232795 train_oblique_forest.cc:391] Configuring oblique splits
I0000 00:00:1777604351.685267  232795 train_oblique_forest.cc:439] Using exact splitting
I0000 00:00:1777604351.685784  232795 abstract_learner.cc:155] No input feature explicitly specified. Using all the available input features.
I0000 00:00:1777604351.685794  232795 abstract_learner.cc:172] The label "y" was removed from the input feature set.
I0000 00:00:1777604351.686742  232795 random_forest.cc:478] Training random forest on 20000 example(s) and 4096 feature(s).
I0000 00:00:1777604351.686938  232795 gpu.cc:93] Cannot initialize GPU: Not compiled with GPU support
I0000 00:00:1777604351.688346  232795 random_forest.cc:713] num_threads being used: 6
I0000 00:00:1777604352.536038  232812 random_forest.cc:1121] Train tree 1/30 [index:3 total:0.85s tree:0.84s]
W0000 00:00:1777604355.570006  232813 training.cc:6283] [This message is only shown once] The effective split of examples does not match the expected split returned by the splitter algorithm. This problem can be caused by (1) large floating point values (e.g. value>=10e30) or (2) a bug in the software. You can turn this error in a warning with internal_error_on_wrong_splitter_statistics=false.

Details:
Num examples: 4011
Num positive examples (from split evaluation): 471
Num positive examples (from split learning): 475
Num negative examples (from split evaluation): 3540

Condition: na_value: false
attribute: 8
condition {
  oblique_condition {
    attributes: 8
    attributes: 2740
    attributes: 3749
    weights: -1
    weights: 1
    weights: 1
    threshold: 2.23467827
    na_replacements: 0
    na_replacements: 0
    na_replacements: 0
  }
}
num_training_examples_without_weight: 4011
num_training_examples_with_weight: 4011
split_score: 0.015408474
num_pos_training_examples_without_weight: 475
num_pos_training_examples_with_weight: 475

Attribute spec: type: NUMERICAL
name: "x8"

I0000 00:00:1777604356.279706  232795 random_forest.cc:1131] random_forest.cc Training block took: 4.59437 s
I0000 00:00:1777604356.279749  232795 random_forest.cc:1217] EXITING EARLY TO SPEED UP EXPERIMENTS!
-1 (automatic) threads requested. 6 threads set.
----- Run 4/7 -----
WARNING: All log messages before absl::InitializeLog() is called are written to STDERR
I0000 00:00:1777604356.320406  232847 train_oblique_forest.cc:261] Generating trunk synthetic dataset: rows=20000, cols=4096
I0000 00:00:1777604357.488549  232847 train_oblique_forest.cc:391] Configuring oblique splits
I0000 00:00:1777604357.488580  232847 train_oblique_forest.cc:439] Using exact splitting
I0000 00:00:1777604357.489085  232847 abstract_learner.cc:155] No input feature explicitly specified. Using all the available input features.
I0000 00:00:1777604357.489096  232847 abstract_learner.cc:172] The label "y" was removed from the input feature set.
I0000 00:00:1777604357.490054  232847 random_forest.cc:478] Training random forest on 20000 example(s) and 4096 feature(s).
I0000 00:00:1777604357.490255  232847 gpu.cc:93] Cannot initialize GPU: Not compiled with GPU support
I0000 00:00:1777604357.491677  232847 random_forest.cc:713] num_threads being used: 6
I0000 00:00:1777604358.341485  232870 random_forest.cc:1121] Train tree 1/30 [index:1 total:0.85s tree:0.85s]
W0000 00:00:1777604361.461285  232866 training.cc:6283] [This message is only shown once] The effective split of examples does not match the expected split returned by the splitter algorithm. This problem can be caused by (1) large floating point values (e.g. value>=10e30) or (2) a bug in the software. You can turn this error in a warning with internal_error_on_wrong_splitter_statistics=false.

Details:
Num examples: 4011
Num positive examples (from split evaluation): 471
Num positive examples (from split learning): 475
Num negative examples (from split evaluation): 3540

Condition: na_value: false
attribute: 8
condition {
  oblique_condition {
    attributes: 8
    attributes: 2740
    attributes: 3749
    weights: -1
    weights: 1
    weights: 1
    threshold: 2.23467827
    na_replacements: 0
    na_replacements: 0
    na_replacements: 0
  }
}
num_training_examples_without_weight: 4011
num_training_examples_with_weight: 4011
split_score: 0.015408474
num_pos_training_examples_without_weight: 475
num_pos_training_examples_with_weight: 475

Attribute spec: type: NUMERICAL
name: "x8"

I0000 00:00:1777604362.152400  232847 random_forest.cc:1131] random_forest.cc Training block took: 4.66377 s
I0000 00:00:1777604362.152453  232847 random_forest.cc:1217] EXITING EARLY TO SPEED UP EXPERIMENTS!
-1 (automatic) threads requested. 6 threads set.
----- Run 5/7 -----
WARNING: All log messages before absl::InitializeLog() is called are written to STDERR
I0000 00:00:1777604362.192542  232951 train_oblique_forest.cc:261] Generating trunk synthetic dataset: rows=20000, cols=4096
I0000 00:00:1777604363.350782  232951 train_oblique_forest.cc:391] Configuring oblique splits
I0000 00:00:1777604363.350801  232951 train_oblique_forest.cc:439] Using exact splitting
I0000 00:00:1777604363.351264  232951 abstract_learner.cc:155] No input feature explicitly specified. Using all the available input features.
I0000 00:00:1777604363.351272  232951 abstract_learner.cc:172] The label "y" was removed from the input feature set.
I0000 00:00:1777604363.352234  232951 random_forest.cc:478] Training random forest on 20000 example(s) and 4096 feature(s).
I0000 00:00:1777604363.352437  232951 gpu.cc:93] Cannot initialize GPU: Not compiled with GPU support
I0000 00:00:1777604363.353930  232951 random_forest.cc:713] num_threads being used: 6
I0000 00:00:1777604364.175978  232972 random_forest.cc:1121] Train tree 1/30 [index:3 total:0.82s tree:0.82s]
W0000 00:00:1777604367.144942  232974 training.cc:6283] [This message is only shown once] The effective split of examples does not match the expected split returned by the splitter algorithm. This problem can be caused by (1) large floating point values (e.g. value>=10e30) or (2) a bug in the software. You can turn this error in a warning with internal_error_on_wrong_splitter_statistics=false.

Details:
Num examples: 4011
Num positive examples (from split evaluation): 471
Num positive examples (from split learning): 475
Num negative examples (from split evaluation): 3540

Condition: na_value: false
attribute: 8
condition {
  oblique_condition {
    attributes: 8
    attributes: 2740
    attributes: 3749
    weights: -1
    weights: 1
    weights: 1
    threshold: 2.23467827
    na_replacements: 0
    na_replacements: 0
    na_replacements: 0
  }
}
num_training_examples_without_weight: 4011
num_training_examples_with_weight: 4011
split_score: 0.015408474
num_pos_training_examples_without_weight: 475
num_pos_training_examples_with_weight: 475

Attribute spec: type: NUMERICAL
name: "x8"

I0000 00:00:1777604367.737843  232951 random_forest.cc:1131] random_forest.cc Training block took: 4.387 s
I0000 00:00:1777604367.737890  232951 random_forest.cc:1217] EXITING EARLY TO SPEED UP EXPERIMENTS!
-1 (automatic) threads requested. 6 threads set.
----- Run 6/7 -----
WARNING: All log messages before absl::InitializeLog() is called are written to STDERR
I0000 00:00:1777604367.774965  233012 train_oblique_forest.cc:261] Generating trunk synthetic dataset: rows=20000, cols=4096
I0000 00:00:1777604368.934587  233012 train_oblique_forest.cc:391] Configuring oblique splits
I0000 00:00:1777604368.934617  233012 train_oblique_forest.cc:439] Using exact splitting
I0000 00:00:1777604368.935123  233012 abstract_learner.cc:155] No input feature explicitly specified. Using all the available input features.
I0000 00:00:1777604368.935134  233012 abstract_learner.cc:172] The label "y" was removed from the input feature set.
I0000 00:00:1777604368.936117  233012 random_forest.cc:478] Training random forest on 20000 example(s) and 4096 feature(s).
I0000 00:00:1777604368.936337  233012 gpu.cc:93] Cannot initialize GPU: Not compiled with GPU support
I0000 00:00:1777604368.937843  233012 random_forest.cc:713] num_threads being used: 6
I0000 00:00:1777604369.780304  233026 random_forest.cc:1121] Train tree 1/30 [index:2 total:0.84s tree:0.84s]
W0000 00:00:1777604372.888534  233025 training.cc:6283] [This message is only shown once] The effective split of examples does not match the expected split returned by the splitter algorithm. This problem can be caused by (1) large floating point values (e.g. value>=10e30) or (2) a bug in the software. You can turn this error in a warning with internal_error_on_wrong_splitter_statistics=false.

Details:
Num examples: 4011
Num positive examples (from split evaluation): 471
Num positive examples (from split learning): 475
Num negative examples (from split evaluation): 3540

Condition: na_value: false
attribute: 8
condition {
  oblique_condition {
    attributes: 8
    attributes: 2740
    attributes: 3749
    weights: -1
    weights: 1
    weights: 1
    threshold: 2.23467827
    na_replacements: 0
    na_replacements: 0
    na_replacements: 0
  }
}
num_training_examples_without_weight: 4011
num_training_examples_with_weight: 4011
split_score: 0.015408474
num_pos_training_examples_without_weight: 475
num_pos_training_examples_with_weight: 475

Attribute spec: type: NUMERICAL
name: "x8"

I0000 00:00:1777604373.348842  233012 random_forest.cc:1131] random_forest.cc Training block took: 4.41417 s
I0000 00:00:1777604373.348911  233012 random_forest.cc:1217] EXITING EARLY TO SPEED UP EXPERIMENTS!
-1 (automatic) threads requested. 6 threads set.
----- Run 7/7 -----
WARNING: All log messages before absl::InitializeLog() is called are written to STDERR
I0000 00:00:1777604373.385570  233065 train_oblique_forest.cc:261] Generating trunk synthetic dataset: rows=20000, cols=4096
I0000 00:00:1777604374.558448  233065 train_oblique_forest.cc:391] Configuring oblique splits
I0000 00:00:1777604374.558468  233065 train_oblique_forest.cc:439] Using exact splitting
I0000 00:00:1777604374.558945  233065 abstract_learner.cc:155] No input feature explicitly specified. Using all the available input features.
I0000 00:00:1777604374.558954  233065 abstract_learner.cc:172] The label "y" was removed from the input feature set.
I0000 00:00:1777604374.559864  233065 random_forest.cc:478] Training random forest on 20000 example(s) and 4096 feature(s).
I0000 00:00:1777604374.560071  233065 gpu.cc:93] Cannot initialize GPU: Not compiled with GPU support
I0000 00:00:1777604374.561576  233065 random_forest.cc:713] num_threads being used: 6
I0000 00:00:1777604375.368740  233074 random_forest.cc:1121] Train tree 1/30 [index:1 total:0.81s tree:0.81s]
W0000 00:00:1777604378.383486  233073 training.cc:6283] [This message is only shown once] The effective split of examples does not match the expected split returned by the splitter algorithm. This problem can be caused by (1) large floating point values (e.g. value>=10e30) or (2) a bug in the software. You can turn this error in a warning with internal_error_on_wrong_splitter_statistics=false.

Details:
Num examples: 4011
Num positive examples (from split evaluation): 471
Num positive examples (from split learning): 475
Num negative examples (from split evaluation): 3540

Condition: na_value: false
attribute: 8
condition {
  oblique_condition {
    attributes: 8
    attributes: 2740
    attributes: 3749
    weights: -1
    weights: 1
    weights: 1
    threshold: 2.23467827
    na_replacements: 0
    na_replacements: 0
    na_replacements: 0
  }
}
num_training_examples_without_weight: 4011
num_training_examples_with_weight: 4011
split_score: 0.015408474
num_pos_training_examples_without_weight: 475
num_pos_training_examples_with_weight: 475

Attribute spec: type: NUMERICAL
name: "x8"

I0000 00:00:1777604378.902543  233065 random_forest.cc:1131] random_forest.cc Training block took: 4.34404 s
I0000 00:00:1777604378.902595  233065 random_forest.cc:1217] EXITING EARLY TO SPEED UP EXPERIMENTS!
-1 (automatic) threads requested. 6 threads set.
MEDIAN of 7/7 runs: 4.56573 s  (samples: 4.56573 4.59072 4.59437 4.66377 4.387 4.41417 4.34404)
./bazel-bin/examples/train_oblique_forest --input_mode trunk --rows 40000 --feature_split_type "Oblique" --numerical_split_type "Exact" --num_trees=30 --num_threads=-1 --compute_oob_performances=false  
----- Run 1/7 -----
WARNING: All log messages before absl::InitializeLog() is called are written to STDERR
I0000 00:00:1777604378.945160  233123 train_oblique_forest.cc:261] Generating trunk synthetic dataset: rows=40000, cols=4096
I0000 00:00:1777604381.283926  233123 train_oblique_forest.cc:391] Configuring oblique splits
I0000 00:00:1777604381.283969  233123 train_oblique_forest.cc:439] Using exact splitting
I0000 00:00:1777604381.284462  233123 abstract_learner.cc:155] No input feature explicitly specified. Using all the available input features.
I0000 00:00:1777604381.284473  233123 abstract_learner.cc:172] The label "y" was removed from the input feature set.
I0000 00:00:1777604381.285442  233123 random_forest.cc:478] Training random forest on 40000 example(s) and 4096 feature(s).
I0000 00:00:1777604381.285673  233123 gpu.cc:93] Cannot initialize GPU: Not compiled with GPU support
I0000 00:00:1777604381.287149  233123 random_forest.cc:713] num_threads being used: 6
I0000 00:00:1777604383.124589  233148 random_forest.cc:1121] Train tree 1/30 [index:4 total:1.84s tree:1.84s]
I0000 00:00:1777604391.495436  233123 random_forest.cc:1131] random_forest.cc Training block took: 10.2114 s
I0000 00:00:1777604391.495489  233123 random_forest.cc:1217] EXITING EARLY TO SPEED UP EXPERIMENTS!
-1 (automatic) threads requested. 6 threads set.
----- Run 2/7 -----
WARNING: All log messages before absl::InitializeLog() is called are written to STDERR
I0000 00:00:1777604391.557614  233223 train_oblique_forest.cc:261] Generating trunk synthetic dataset: rows=40000, cols=4096
I0000 00:00:1777604393.894282  233223 train_oblique_forest.cc:391] Configuring oblique splits
I0000 00:00:1777604393.894316  233223 train_oblique_forest.cc:439] Using exact splitting
I0000 00:00:1777604393.894850  233223 abstract_learner.cc:155] No input feature explicitly specified. Using all the available input features.
I0000 00:00:1777604393.894861  233223 abstract_learner.cc:172] The label "y" was removed from the input feature set.
I0000 00:00:1777604393.895859  233223 random_forest.cc:478] Training random forest on 40000 example(s) and 4096 feature(s).
I0000 00:00:1777604393.896248  233223 gpu.cc:93] Cannot initialize GPU: Not compiled with GPU support
I0000 00:00:1777604393.897943  233223 random_forest.cc:713] num_threads being used: 6
I0000 00:00:1777604395.686197  233246 random_forest.cc:1121] Train tree 1/30 [index:3 total:1.79s tree:1.78s]
I0000 00:00:1777604403.915845  233223 random_forest.cc:1131] random_forest.cc Training block took: 10.0215 s
I0000 00:00:1777604403.915896  233223 random_forest.cc:1217] EXITING EARLY TO SPEED UP EXPERIMENTS!
-1 (automatic) threads requested. 6 threads set.
----- Run 3/7 -----
WARNING: All log messages before absl::InitializeLog() is called are written to STDERR
I0000 00:00:1777604403.977175  233334 train_oblique_forest.cc:261] Generating trunk synthetic dataset: rows=40000, cols=4096
I0000 00:00:1777604406.312392  233334 train_oblique_forest.cc:391] Configuring oblique splits
I0000 00:00:1777604406.312415  233334 train_oblique_forest.cc:439] Using exact splitting
I0000 00:00:1777604406.312888  233334 abstract_learner.cc:155] No input feature explicitly specified. Using all the available input features.
I0000 00:00:1777604406.312897  233334 abstract_learner.cc:172] The label "y" was removed from the input feature set.
I0000 00:00:1777604406.313839  233334 random_forest.cc:478] Training random forest on 40000 example(s) and 4096 feature(s).
I0000 00:00:1777604406.314062  233334 gpu.cc:93] Cannot initialize GPU: Not compiled with GPU support
I0000 00:00:1777604406.315528  233334 random_forest.cc:713] num_threads being used: 6
I0000 00:00:1777604408.138619  233356 random_forest.cc:1121] Train tree 1/30 [index:0 total:1.82s tree:1.82s]
I0000 00:00:1777604415.881330  233334 random_forest.cc:1131] random_forest.cc Training block took: 9.56888 s
I0000 00:00:1777604415.881382  233334 random_forest.cc:1217] EXITING EARLY TO SPEED UP EXPERIMENTS!
-1 (automatic) threads requested. 6 threads set.
----- Run 4/7 -----
WARNING: All log messages before absl::InitializeLog() is called are written to STDERR
I0000 00:00:1777604415.943556  233426 train_oblique_forest.cc:261] Generating trunk synthetic dataset: rows=40000, cols=4096
I0000 00:00:1777604418.274205  233426 train_oblique_forest.cc:391] Configuring oblique splits
I0000 00:00:1777604418.274236  233426 train_oblique_forest.cc:439] Using exact splitting
I0000 00:00:1777604418.274740  233426 abstract_learner.cc:155] No input feature explicitly specified. Using all the available input features.
I0000 00:00:1777604418.274752  233426 abstract_learner.cc:172] The label "y" was removed from the input feature set.
I0000 00:00:1777604418.275697  233426 random_forest.cc:478] Training random forest on 40000 example(s) and 4096 feature(s).
I0000 00:00:1777604418.275899  233426 gpu.cc:93] Cannot initialize GPU: Not compiled with GPU support
I0000 00:00:1777604418.277409  233426 random_forest.cc:713] num_threads being used: 6
I0000 00:00:1777604420.108217  233454 random_forest.cc:1121] Train tree 1/30 [index:3 total:1.83s tree:1.83s]
I0000 00:00:1777604427.852885  233426 random_forest.cc:1131] random_forest.cc Training block took: 9.5786 s
I0000 00:00:1777604427.852937  233426 random_forest.cc:1217] EXITING EARLY TO SPEED UP EXPERIMENTS!
-1 (automatic) threads requested. 6 threads set.
----- Run 5/7 -----
WARNING: All log messages before absl::InitializeLog() is called are written to STDERR
I0000 00:00:1777604427.915888  233567 train_oblique_forest.cc:261] Generating trunk synthetic dataset: rows=40000, cols=4096
I0000 00:00:1777604430.239405  233567 train_oblique_forest.cc:391] Configuring oblique splits
I0000 00:00:1777604430.239430  233567 train_oblique_forest.cc:439] Using exact splitting
I0000 00:00:1777604430.239901  233567 abstract_learner.cc:155] No input feature explicitly specified. Using all the available input features.
I0000 00:00:1777604430.239911  233567 abstract_learner.cc:172] The label "y" was removed from the input feature set.
I0000 00:00:1777604430.240793  233567 random_forest.cc:478] Training random forest on 40000 example(s) and 4096 feature(s).
I0000 00:00:1777604430.241002  233567 gpu.cc:93] Cannot initialize GPU: Not compiled with GPU support
I0000 00:00:1777604430.242411  233567 random_forest.cc:713] num_threads being used: 6
I0000 00:00:1777604432.062556  233587 random_forest.cc:1121] Train tree 1/30 [index:0 total:1.82s tree:1.82s]
I0000 00:00:1777604439.757217  233567 random_forest.cc:1131] random_forest.cc Training block took: 9.51775 s
I0000 00:00:1777604439.757265  233567 random_forest.cc:1217] EXITING EARLY TO SPEED UP EXPERIMENTS!
-1 (automatic) threads requested. 6 threads set.
----- Run 6/7 -----
WARNING: All log messages before absl::InitializeLog() is called are written to STDERR
I0000 00:00:1777604439.833259  233665 train_oblique_forest.cc:261] Generating trunk synthetic dataset: rows=40000, cols=4096
I0000 00:00:1777604442.182529  233665 train_oblique_forest.cc:391] Configuring oblique splits
I0000 00:00:1777604442.182564  233665 train_oblique_forest.cc:439] Using exact splitting
I0000 00:00:1777604442.183070  233665 abstract_learner.cc:155] No input feature explicitly specified. Using all the available input features.
I0000 00:00:1777604442.183079  233665 abstract_learner.cc:172] The label "y" was removed from the input feature set.
I0000 00:00:1777604442.184051  233665 random_forest.cc:478] Training random forest on 40000 example(s) and 4096 feature(s).
I0000 00:00:1777604442.184267  233665 gpu.cc:93] Cannot initialize GPU: Not compiled with GPU support
I0000 00:00:1777604442.185785  233665 random_forest.cc:713] num_threads being used: 6
I0000 00:00:1777604443.893722  233701 random_forest.cc:1121] Train tree 1/30 [index:1 total:1.71s tree:1.71s]
I0000 00:00:1777604451.392686  233665 random_forest.cc:1131] random_forest.cc Training block took: 9.21023 s
I0000 00:00:1777604451.392895  233665 random_forest.cc:1217] EXITING EARLY TO SPEED UP EXPERIMENTS!
-1 (automatic) threads requested. 6 threads set.
----- Run 7/7 -----
WARNING: All log messages before absl::InitializeLog() is called are written to STDERR
I0000 00:00:1777604451.455865  233755 train_oblique_forest.cc:261] Generating trunk synthetic dataset: rows=40000, cols=4096
I0000 00:00:1777604453.780541  233755 train_oblique_forest.cc:391] Configuring oblique splits
I0000 00:00:1777604453.780563  233755 train_oblique_forest.cc:439] Using exact splitting
I0000 00:00:1777604453.781029  233755 abstract_learner.cc:155] No input feature explicitly specified. Using all the available input features.
I0000 00:00:1777604453.781037  233755 abstract_learner.cc:172] The label "y" was removed from the input feature set.
I0000 00:00:1777604453.781907  233755 random_forest.cc:478] Training random forest on 40000 example(s) and 4096 feature(s).
I0000 00:00:1777604453.782113  233755 gpu.cc:93] Cannot initialize GPU: Not compiled with GPU support
I0000 00:00:1777604453.783679  233755 random_forest.cc:713] num_threads being used: 6
I0000 00:00:1777604455.545587  233791 random_forest.cc:1121] Train tree 1/30 [index:4 total:1.76s tree:1.76s]
I0000 00:00:1777604463.027620  233755 random_forest.cc:1131] random_forest.cc Training block took: 9.24703 s
I0000 00:00:1777604463.027707  233755 random_forest.cc:1217] EXITING EARLY TO SPEED UP EXPERIMENTS!
-1 (automatic) threads requested. 6 threads set.
MEDIAN of 7/7 runs: 9.56888 s  (samples: 10.2114 10.0215 9.56888 9.5786 9.51775 9.21023 9.24703)
./bazel-bin/examples/train_oblique_forest --input_mode trunk --rows 80000 --feature_split_type "Oblique" --numerical_split_type "Exact" --num_trees=30 --num_threads=-1 --compute_oob_performances=false  
----- Run 1/7 -----
WARNING: All log messages before absl::InitializeLog() is called are written to STDERR
I0000 00:00:1777604463.093339  233868 train_oblique_forest.cc:261] Generating trunk synthetic dataset: rows=80000, cols=4096
I0000 00:00:1777604467.734016  233868 train_oblique_forest.cc:391] Configuring oblique splits
I0000 00:00:1777604467.734050  233868 train_oblique_forest.cc:439] Using exact splitting
I0000 00:00:1777604467.734543  233868 abstract_learner.cc:155] No input feature explicitly specified. Using all the available input features.
I0000 00:00:1777604467.734552  233868 abstract_learner.cc:172] The label "y" was removed from the input feature set.
I0000 00:00:1777604467.735835  233868 random_forest.cc:478] Training random forest on 80000 example(s) and 4096 feature(s).
I0000 00:00:1777604467.736090  233868 gpu.cc:93] Cannot initialize GPU: Not compiled with GPU support
I0000 00:00:1777604467.737492  233868 random_forest.cc:713] num_threads being used: 6
I0000 00:00:1777604471.341726  233901 random_forest.cc:1121] Train tree 1/30 [index:1 total:3.60s tree:3.60s]
I0000 00:00:1777604487.221791  233868 random_forest.cc:1131] random_forest.cc Training block took: 19.4877 s
I0000 00:00:1777604487.221845  233868 random_forest.cc:1217] EXITING EARLY TO SPEED UP EXPERIMENTS!
-1 (automatic) threads requested. 6 threads set.
----- Run 2/7 -----
WARNING: All log messages before absl::InitializeLog() is called are written to STDERR
I0000 00:00:1777604487.331693  233931 train_oblique_forest.cc:261] Generating trunk synthetic dataset: rows=80000, cols=4096
I0000 00:00:1777604491.986606  233931 train_oblique_forest.cc:391] Configuring oblique splits
I0000 00:00:1777604491.986641  233931 train_oblique_forest.cc:439] Using exact splitting
I0000 00:00:1777604491.987138  233931 abstract_learner.cc:155] No input feature explicitly specified. Using all the available input features.
I0000 00:00:1777604491.987148  233931 abstract_learner.cc:172] The label "y" was removed from the input feature set.
I0000 00:00:1777604491.988139  233931 random_forest.cc:478] Training random forest on 80000 example(s) and 4096 feature(s).
I0000 00:00:1777604491.988359  233931 gpu.cc:93] Cannot initialize GPU: Not compiled with GPU support
I0000 00:00:1777604491.990042  233931 random_forest.cc:713] num_threads being used: 6
I0000 00:00:1777604495.617131  233942 random_forest.cc:1121] Train tree 1/30 [index:1 total:3.63s tree:3.63s]
I0000 00:00:1777604511.490457  233931 random_forest.cc:1131] random_forest.cc Training block took: 19.5038 s
I0000 00:00:1777604511.490511  233931 random_forest.cc:1217] EXITING EARLY TO SPEED UP EXPERIMENTS!
-1 (automatic) threads requested. 6 threads set.
----- Run 3/7 -----
WARNING: All log messages before absl::InitializeLog() is called are written to STDERR
I0000 00:00:1777604511.600866  233961 train_oblique_forest.cc:261] Generating trunk synthetic dataset: rows=80000, cols=4096
I0000 00:00:1777604516.239051  233961 train_oblique_forest.cc:391] Configuring oblique splits
I0000 00:00:1777604516.239088  233961 train_oblique_forest.cc:439] Using exact splitting
I0000 00:00:1777604516.239578  233961 abstract_learner.cc:155] No input feature explicitly specified. Using all the available input features.
I0000 00:00:1777604516.239596  233961 abstract_learner.cc:172] The label "y" was removed from the input feature set.
I0000 00:00:1777604516.240833  233961 random_forest.cc:478] Training random forest on 80000 example(s) and 4096 feature(s).
I0000 00:00:1777604516.241040  233961 gpu.cc:93] Cannot initialize GPU: Not compiled with GPU support
I0000 00:00:1777604516.242456  233961 random_forest.cc:713] num_threads being used: 6
I0000 00:00:1777604519.867025  233975 random_forest.cc:1121] Train tree 1/30 [index:1 total:3.62s tree:3.62s]
I0000 00:00:1777604535.845732  233961 random_forest.cc:1131] random_forest.cc Training block took: 19.6066 s
I0000 00:00:1777604535.845780  233961 random_forest.cc:1217] EXITING EARLY TO SPEED UP EXPERIMENTS!
-1 (automatic) threads requested. 6 threads set.
----- Run 4/7 -----
WARNING: All log messages before absl::InitializeLog() is called are written to STDERR
I0000 00:00:1777604535.951841  234041 train_oblique_forest.cc:261] Generating trunk synthetic dataset: rows=80000, cols=4096
I0000 00:00:1777604540.620958  234041 train_oblique_forest.cc:391] Configuring oblique splits
I0000 00:00:1777604540.620985  234041 train_oblique_forest.cc:439] Using exact splitting
I0000 00:00:1777604540.621458  234041 abstract_learner.cc:155] No input feature explicitly specified. Using all the available input features.
I0000 00:00:1777604540.621467  234041 abstract_learner.cc:172] The label "y" was removed from the input feature set.
I0000 00:00:1777604540.622355  234041 random_forest.cc:478] Training random forest on 80000 example(s) and 4096 feature(s).
I0000 00:00:1777604540.622569  234041 gpu.cc:93] Cannot initialize GPU: Not compiled with GPU support
I0000 00:00:1777604540.624006  234041 random_forest.cc:713] num_threads being used: 6
I0000 00:00:1777604544.326000  234084 random_forest.cc:1121] Train tree 1/30 [index:0 total:3.70s tree:3.70s]
I0000 00:00:1777604560.269294  234041 random_forest.cc:1131] random_forest.cc Training block took: 19.6483 s
I0000 00:00:1777604560.269350  234041 random_forest.cc:1217] EXITING EARLY TO SPEED UP EXPERIMENTS!
-1 (automatic) threads requested. 6 threads set.
----- Run 5/7 -----
WARNING: All log messages before absl::InitializeLog() is called are written to STDERR
I0000 00:00:1777604560.381760  234246 train_oblique_forest.cc:261] Generating trunk synthetic dataset: rows=80000, cols=4096
I0000 00:00:1777604565.020976  234246 train_oblique_forest.cc:391] Configuring oblique splits
I0000 00:00:1777604565.021009  234246 train_oblique_forest.cc:439] Using exact splitting
I0000 00:00:1777604565.021507  234246 abstract_learner.cc:155] No input feature explicitly specified. Using all the available input features.
I0000 00:00:1777604565.021517  234246 abstract_learner.cc:172] The label "y" was removed from the input feature set.
I0000 00:00:1777604565.022482  234246 random_forest.cc:478] Training random forest on 80000 example(s) and 4096 feature(s).
I0000 00:00:1777604565.022689  234246 gpu.cc:93] Cannot initialize GPU: Not compiled with GPU support
I0000 00:00:1777604565.024170  234246 random_forest.cc:713] num_threads being used: 6
I0000 00:00:1777604568.651586  234267 random_forest.cc:1121] Train tree 1/30 [index:1 total:3.63s tree:3.63s]
I0000 00:00:1777604585.178094  234246 random_forest.cc:1131] random_forest.cc Training block took: 20.157 s
I0000 00:00:1777604585.178146  234246 random_forest.cc:1217] EXITING EARLY TO SPEED UP EXPERIMENTS!
-1 (automatic) threads requested. 6 threads set.
----- Run 6/7 -----
WARNING: All log messages before absl::InitializeLog() is called are written to STDERR
I0000 00:00:1777604585.287979  234386 train_oblique_forest.cc:261] Generating trunk synthetic dataset: rows=80000, cols=4096
I0000 00:00:1777604589.941331  234386 train_oblique_forest.cc:391] Configuring oblique splits
I0000 00:00:1777604589.941355  234386 train_oblique_forest.cc:439] Using exact splitting
I0000 00:00:1777604589.941830  234386 abstract_learner.cc:155] No input feature explicitly specified. Using all the available input features.
I0000 00:00:1777604589.941839  234386 abstract_learner.cc:172] The label "y" was removed from the input feature set.
I0000 00:00:1777604589.942770  234386 random_forest.cc:478] Training random forest on 80000 example(s) and 4096 feature(s).
I0000 00:00:1777604589.942991  234386 gpu.cc:93] Cannot initialize GPU: Not compiled with GPU support
I0000 00:00:1777604589.944438  234386 random_forest.cc:713] num_threads being used: 6
I0000 00:00:1777604593.807660  234430 random_forest.cc:1121] Train tree 1/30 [index:1 total:3.86s tree:3.86s]
I0000 00:00:1777604610.238288  234386 random_forest.cc:1131] random_forest.cc Training block took: 20.2969 s
I0000 00:00:1777604610.238339  234386 random_forest.cc:1217] EXITING EARLY TO SPEED UP EXPERIMENTS!
-1 (automatic) threads requested. 6 threads set.
----- Run 7/7 -----
WARNING: All log messages before absl::InitializeLog() is called are written to STDERR
I0000 00:00:1777604610.357966  234444 train_oblique_forest.cc:261] Generating trunk synthetic dataset: rows=80000, cols=4096
I0000 00:00:1777604615.021357  234444 train_oblique_forest.cc:391] Configuring oblique splits
I0000 00:00:1777604615.021390  234444 train_oblique_forest.cc:439] Using exact splitting
I0000 00:00:1777604615.021900  234444 abstract_learner.cc:155] No input feature explicitly specified. Using all the available input features.
I0000 00:00:1777604615.021910  234444 abstract_learner.cc:172] The label "y" was removed from the input feature set.
I0000 00:00:1777604615.022880  234444 random_forest.cc:478] Training random forest on 80000 example(s) and 4096 feature(s).
I0000 00:00:1777604615.023096  234444 gpu.cc:93] Cannot initialize GPU: Not compiled with GPU support
I0000 00:00:1777604615.024592  234444 random_forest.cc:713] num_threads being used: 6
I0000 00:00:1777604618.654382  234454 random_forest.cc:1121] Train tree 1/30 [index:1 total:3.63s tree:3.63s]
I0000 00:00:1777604635.481508  234444 random_forest.cc:1131] random_forest.cc Training block took: 20.4601 s
I0000 00:00:1777604635.481563  234444 random_forest.cc:1217] EXITING EARLY TO SPEED UP EXPERIMENTS!
-1 (automatic) threads requested. 6 threads set.
MEDIAN of 7/7 runs: 19.6483 s  (samples: 19.4877 19.5038 19.6066 19.6483 20.157 20.2969 20.4601)
./bazel-bin/examples/train_oblique_forest --input_mode trunk --rows 100000 --feature_split_type "Oblique" --numerical_split_type "Exact" --num_trees=30 --num_threads=-1 --compute_oob_performances=false  
----- Run 1/7 -----
WARNING: All log messages before absl::InitializeLog() is called are written to STDERR
I0000 00:00:1777604635.599432  234510 train_oblique_forest.cc:261] Generating trunk synthetic dataset: rows=100000, cols=4096
I0000 00:00:1777604641.410928  234510 train_oblique_forest.cc:391] Configuring oblique splits
I0000 00:00:1777604641.410967  234510 train_oblique_forest.cc:439] Using exact splitting
I0000 00:00:1777604641.411474  234510 abstract_learner.cc:155] No input feature explicitly specified. Using all the available input features.
I0000 00:00:1777604641.411484  234510 abstract_learner.cc:172] The label "y" was removed from the input feature set.
I0000 00:00:1777604641.412473  234510 random_forest.cc:478] Training random forest on 100000 example(s) and 4096 feature(s).
I0000 00:00:1777604641.412725  234510 gpu.cc:93] Cannot initialize GPU: Not compiled with GPU support
I0000 00:00:1777604641.414177  234510 random_forest.cc:713] num_threads being used: 6
I0000 00:00:1777604645.856604  234524 random_forest.cc:1121] Train tree 1/30 [index:3 total:4.44s tree:4.44s]
I0000 00:00:1777604666.693978  234524 random_forest.cc:1121] Train tree 25/30 [index:24 total:25.28s tree:5.18s]
I0000 00:00:1777604668.078255  234510 random_forest.cc:1131] random_forest.cc Training block took: 26.6672 s
I0000 00:00:1777604668.078307  234510 random_forest.cc:1217] EXITING EARLY TO SPEED UP EXPERIMENTS!
-1 (automatic) threads requested. 6 threads set.
----- Run 2/7 -----
WARNING: All log messages before absl::InitializeLog() is called are written to STDERR
I0000 00:00:1777604668.207553  234847 train_oblique_forest.cc:261] Generating trunk synthetic dataset: rows=100000, cols=4096
I0000 00:00:1777604674.014463  234847 train_oblique_forest.cc:391] Configuring oblique splits
I0000 00:00:1777604674.014502  234847 train_oblique_forest.cc:439] Using exact splitting
I0000 00:00:1777604674.015000  234847 abstract_learner.cc:155] No input feature explicitly specified. Using all the available input features.
I0000 00:00:1777604674.015010  234847 abstract_learner.cc:172] The label "y" was removed from the input feature set.
I0000 00:00:1777604674.015988  234847 random_forest.cc:478] Training random forest on 100000 example(s) and 4096 feature(s).
I0000 00:00:1777604674.016211  234847 gpu.cc:93] Cannot initialize GPU: Not compiled with GPU support
I0000 00:00:1777604674.017722  234847 random_forest.cc:713] num_threads being used: 6
I0000 00:00:1777604678.691712  234884 random_forest.cc:1121] Train tree 1/30 [index:3 total:4.67s tree:4.67s]
I0000 00:00:1777604698.776211  234883 random_forest.cc:1121] Train tree 26/30 [index:25 total:24.76s tree:5.07s]
I0000 00:00:1777604699.597269  234847 random_forest.cc:1131] random_forest.cc Training block took: 25.5827 s
I0000 00:00:1777604699.597348  234847 random_forest.cc:1217] EXITING EARLY TO SPEED UP EXPERIMENTS!
-1 (automatic) threads requested. 6 threads set.
----- Run 3/7 -----
WARNING: All log messages before absl::InitializeLog() is called are written to STDERR
I0000 00:00:1777604699.733628  234981 train_oblique_forest.cc:261] Generating trunk synthetic dataset: rows=100000, cols=4096
I0000 00:00:1777604705.537030  234981 train_oblique_forest.cc:391] Configuring oblique splits
I0000 00:00:1777604705.537062  234981 train_oblique_forest.cc:439] Using exact splitting
I0000 00:00:1777604705.537554  234981 abstract_learner.cc:155] No input feature explicitly specified. Using all the available input features.
I0000 00:00:1777604705.537563  234981 abstract_learner.cc:172] The label "y" was removed from the input feature set.
I0000 00:00:1777604705.538508  234981 random_forest.cc:478] Training random forest on 100000 example(s) and 4096 feature(s).
I0000 00:00:1777604705.538740  234981 gpu.cc:93] Cannot initialize GPU: Not compiled with GPU support
I0000 00:00:1777604705.540169  234981 random_forest.cc:713] num_threads being used: 6
I0000 00:00:1777604710.251725  234996 random_forest.cc:1121] Train tree 1/30 [index:3 total:4.71s tree:4.71s]
I0000 00:00:1777604730.693549  234993 random_forest.cc:1121] Train tree 28/30 [index:27 total:25.15s tree:4.75s]
I0000 00:00:1777604731.193836  234981 random_forest.cc:1131] random_forest.cc Training block took: 25.6567 s
I0000 00:00:1777604731.193891  234981 random_forest.cc:1217] EXITING EARLY TO SPEED UP EXPERIMENTS!
-1 (automatic) threads requested. 6 threads set.
----- Run 4/7 -----
WARNING: All log messages before absl::InitializeLog() is called are written to STDERR
I0000 00:00:1777604731.319220  235018 train_oblique_forest.cc:261] Generating trunk synthetic dataset: rows=100000, cols=4096
I0000 00:00:1777604737.109982  235018 train_oblique_forest.cc:391] Configuring oblique splits
I0000 00:00:1777604737.110019  235018 train_oblique_forest.cc:439] Using exact splitting
I0000 00:00:1777604737.110527  235018 abstract_learner.cc:155] No input feature explicitly specified. Using all the available input features.
I0000 00:00:1777604737.110537  235018 abstract_learner.cc:172] The label "y" was removed from the input feature set.
I0000 00:00:1777604737.111421  235018 random_forest.cc:478] Training random forest on 100000 example(s) and 4096 feature(s).
I0000 00:00:1777604737.111625  235018 gpu.cc:93] Cannot initialize GPU: Not compiled with GPU support
I0000 00:00:1777604737.113046  235018 random_forest.cc:713] num_threads being used: 6
I0000 00:00:1777604741.526952  235031 random_forest.cc:1121] Train tree 1/30 [index:3 total:4.41s tree:4.41s]
I0000 00:00:1777604761.327160  235018 random_forest.cc:1131] random_forest.cc Training block took: 24.2171 s
I0000 00:00:1777604761.327213  235018 random_forest.cc:1217] EXITING EARLY TO SPEED UP EXPERIMENTS!
-1 (automatic) threads requested. 6 threads set.
----- Run 5/7 -----
WARNING: All log messages before absl::InitializeLog() is called are written to STDERR
I0000 00:00:1777604761.463815  235050 train_oblique_forest.cc:261] Generating trunk synthetic dataset: rows=100000, cols=4096
I0000 00:00:1777604767.269623  235050 train_oblique_forest.cc:391] Configuring oblique splits
I0000 00:00:1777604767.269666  235050 train_oblique_forest.cc:439] Using exact splitting
I0000 00:00:1777604767.270164  235050 abstract_learner.cc:155] No input feature explicitly specified. Using all the available input features.
I0000 00:00:1777604767.270174  235050 abstract_learner.cc:172] The label "y" was removed from the input feature set.
I0000 00:00:1777604767.271142  235050 random_forest.cc:478] Training random forest on 100000 example(s) and 4096 feature(s).
I0000 00:00:1777604767.271363  235050 gpu.cc:93] Cannot initialize GPU: Not compiled with GPU support
I0000 00:00:1777604767.272873  235050 random_forest.cc:713] num_threads being used: 6
I0000 00:00:1777604771.696391  235079 random_forest.cc:1121] Train tree 1/30 [index:3 total:4.42s tree:4.42s]
I0000 00:00:1777604791.383157  235050 random_forest.cc:1131] random_forest.cc Training block took: 24.1134 s
I0000 00:00:1777604791.383208  235050 random_forest.cc:1217] EXITING EARLY TO SPEED UP EXPERIMENTS!
-1 (automatic) threads requested. 6 threads set.
----- Run 6/7 -----
WARNING: All log messages before absl::InitializeLog() is called are written to STDERR
I0000 00:00:1777604791.514306  235103 train_oblique_forest.cc:261] Generating trunk synthetic dataset: rows=100000, cols=4096
I0000 00:00:1777604797.307505  235103 train_oblique_forest.cc:391] Configuring oblique splits
I0000 00:00:1777604797.307542  235103 train_oblique_forest.cc:439] Using exact splitting
I0000 00:00:1777604797.308045  235103 abstract_learner.cc:155] No input feature explicitly specified. Using all the available input features.
I0000 00:00:1777604797.308054  235103 abstract_learner.cc:172] The label "y" was removed from the input feature set.
I0000 00:00:1777604797.309020  235103 random_forest.cc:478] Training random forest on 100000 example(s) and 4096 feature(s).
I0000 00:00:1777604797.309238  235103 gpu.cc:93] Cannot initialize GPU: Not compiled with GPU support
I0000 00:00:1777604797.310814  235103 random_forest.cc:713] num_threads being used: 6
I0000 00:00:1777604801.776726  235113 random_forest.cc:1121] Train tree 1/30 [index:3 total:4.47s tree:4.46s]
I0000 00:00:1777604821.510918  235103 random_forest.cc:1131] random_forest.cc Training block took: 24.2033 s
I0000 00:00:1777604821.510971  235103 random_forest.cc:1217] EXITING EARLY TO SPEED UP EXPERIMENTS!
-1 (automatic) threads requested. 6 threads set.
----- Run 7/7 -----
WARNING: All log messages before absl::InitializeLog() is called are written to STDERR
I0000 00:00:1777604821.663752  235132 train_oblique_forest.cc:261] Generating trunk synthetic dataset: rows=100000, cols=4096
I0000 00:00:1777604827.451464  235132 train_oblique_forest.cc:391] Configuring oblique splits
I0000 00:00:1777604827.451498  235132 train_oblique_forest.cc:439] Using exact splitting
I0000 00:00:1777604827.452001  235132 abstract_learner.cc:155] No input feature explicitly specified. Using all the available input features.
I0000 00:00:1777604827.452016  235132 abstract_learner.cc:172] The label "y" was removed from the input feature set.
I0000 00:00:1777604827.452957  235132 random_forest.cc:478] Training random forest on 100000 example(s) and 4096 feature(s).
I0000 00:00:1777604827.453175  235132 gpu.cc:93] Cannot initialize GPU: Not compiled with GPU support
I0000 00:00:1777604827.454590  235132 random_forest.cc:713] num_threads being used: 6
I0000 00:00:1777604831.894924  235146 random_forest.cc:1121] Train tree 1/30 [index:3 total:4.44s tree:4.44s]
I0000 00:00:1777604851.704963  235132 random_forest.cc:1131] random_forest.cc Training block took: 24.2534 s
I0000 00:00:1777604851.705015  235132 random_forest.cc:1217] EXITING EARLY TO SPEED UP EXPERIMENTS!
-1 (automatic) threads requested. 6 threads set.
MEDIAN of 7/7 runs: 24.2534 s  (samples: 26.6672 25.5827 25.6567 24.2171 24.1134 24.2033 24.2534)


======== Running Random [Oblique] with 64 bins ========

./bazel-bin/examples/train_oblique_forest --input_mode trunk --rows 10000 --feature_split_type "Oblique" --numerical_split_type "Random" --num_trees=30 --num_threads=-1 --compute_oob_performances=false --histogram_num_bins=64 
----- Run 1/7 -----
WARNING: All log messages before absl::InitializeLog() is called are written to STDERR
I0000 00:00:1777604851.850316  235173 train_oblique_forest.cc:261] Generating trunk synthetic dataset: rows=10000, cols=4096
I0000 00:00:1777604852.434478  235173 train_oblique_forest.cc:391] Configuring oblique splits
I0000 00:00:1777604852.435015  235173 abstract_learner.cc:155] No input feature explicitly specified. Using all the available input features.
I0000 00:00:1777604852.435026  235173 abstract_learner.cc:172] The label "y" was removed from the input feature set.
I0000 00:00:1777604852.436001  235173 random_forest.cc:478] Training random forest on 10000 example(s) and 4096 feature(s).
I0000 00:00:1777604852.436192  235173 gpu.cc:93] Cannot initialize GPU: Not compiled with GPU support
I0000 00:00:1777604852.437626  235173 random_forest.cc:713] num_threads being used: 6
I0000 00:00:1777604853.450894  235179 random_forest.cc:1121] Train tree 1/30 [index:4 total:1.01s tree:1.01s]
I0000 00:00:1777604858.036046  235173 random_forest.cc:1131] random_forest.cc Training block took: 5.60149 s
I0000 00:00:1777604858.036120  235173 random_forest.cc:1217] EXITING EARLY TO SPEED UP EXPERIMENTS!
-1 (automatic) threads requested. 6 threads set.
Using histogram splitting: Random with 64 bins
----- Run 2/7 -----
WARNING: All log messages before absl::InitializeLog() is called are written to STDERR
I0000 00:00:1777604858.069151  235198 train_oblique_forest.cc:261] Generating trunk synthetic dataset: rows=10000, cols=4096
I0000 00:00:1777604858.652755  235198 train_oblique_forest.cc:391] Configuring oblique splits
I0000 00:00:1777604858.653251  235198 abstract_learner.cc:155] No input feature explicitly specified. Using all the available input features.
I0000 00:00:1777604858.653260  235198 abstract_learner.cc:172] The label "y" was removed from the input feature set.
I0000 00:00:1777604858.654139  235198 random_forest.cc:478] Training random forest on 10000 example(s) and 4096 feature(s).
I0000 00:00:1777604858.654331  235198 gpu.cc:93] Cannot initialize GPU: Not compiled with GPU support
I0000 00:00:1777604858.655831  235198 random_forest.cc:713] num_threads being used: 6
I0000 00:00:1777604859.670961  235202 random_forest.cc:1121] Train tree 1/30 [index:4 total:1.02s tree:1.01s]
I0000 00:00:1777604864.038686  235198 random_forest.cc:1131] random_forest.cc Training block took: 5.38588 s
I0000 00:00:1777604864.038759  235198 random_forest.cc:1217] EXITING EARLY TO SPEED UP EXPERIMENTS!
-1 (automatic) threads requested. 6 threads set.
Using histogram splitting: Random with 64 bins
----- Run 3/7 -----
WARNING: All log messages before absl::InitializeLog() is called are written to STDERR
I0000 00:00:1777604864.064649  235222 train_oblique_forest.cc:261] Generating trunk synthetic dataset: rows=10000, cols=4096
I0000 00:00:1777604864.647964  235222 train_oblique_forest.cc:391] Configuring oblique splits
I0000 00:00:1777604864.648501  235222 abstract_learner.cc:155] No input feature explicitly specified. Using all the available input features.
I0000 00:00:1777604864.648512  235222 abstract_learner.cc:172] The label "y" was removed from the input feature set.
I0000 00:00:1777604864.649504  235222 random_forest.cc:478] Training random forest on 10000 example(s) and 4096 feature(s).
I0000 00:00:1777604864.649713  235222 gpu.cc:93] Cannot initialize GPU: Not compiled with GPU support
I0000 00:00:1777604864.651223  235222 random_forest.cc:713] num_threads being used: 6
I0000 00:00:1777604865.684543  235226 random_forest.cc:1121] Train tree 1/30 [index:4 total:1.03s tree:1.03s]
I0000 00:00:1777604870.209879  235222 random_forest.cc:1131] random_forest.cc Training block took: 5.56183 s
I0000 00:00:1777604870.209925  235222 random_forest.cc:1217] EXITING EARLY TO SPEED UP EXPERIMENTS!
-1 (automatic) threads requested. 6 threads set.
Using histogram splitting: Random with 64 bins
----- Run 4/7 -----
WARNING: All log messages before absl::InitializeLog() is called are written to STDERR
I0000 00:00:1777604870.236590  235251 train_oblique_forest.cc:261] Generating trunk synthetic dataset: rows=10000, cols=4096
I0000 00:00:1777604870.817008  235251 train_oblique_forest.cc:391] Configuring oblique splits
I0000 00:00:1777604870.817525  235251 abstract_learner.cc:155] No input feature explicitly specified. Using all the available input features.
I0000 00:00:1777604870.817536  235251 abstract_learner.cc:172] The label "y" was removed from the input feature set.
I0000 00:00:1777604870.818524  235251 random_forest.cc:478] Training random forest on 10000 example(s) and 4096 feature(s).
I0000 00:00:1777604870.818732  235251 gpu.cc:93] Cannot initialize GPU: Not compiled with GPU support
I0000 00:00:1777604870.820145  235251 random_forest.cc:713] num_threads being used: 6
I0000 00:00:1777604871.846161  235254 random_forest.cc:1121] Train tree 1/30 [index:4 total:1.03s tree:1.02s]
I0000 00:00:1777604876.638624  235251 random_forest.cc:1131] random_forest.cc Training block took: 5.82154 s
I0000 00:00:1777604876.638712  235251 random_forest.cc:1217] EXITING EARLY TO SPEED UP EXPERIMENTS!
-1 (automatic) threads requested. 6 threads set.
Using histogram splitting: Random with 64 bins
----- Run 5/7 -----
WARNING: All log messages before absl::InitializeLog() is called are written to STDERR
I0000 00:00:1777604876.664453  235275 train_oblique_forest.cc:261] Generating trunk synthetic dataset: rows=10000, cols=4096
I0000 00:00:1777604877.249631  235275 train_oblique_forest.cc:391] Configuring oblique splits
I0000 00:00:1777604877.250165  235275 abstract_learner.cc:155] No input feature explicitly specified. Using all the available input features.
I0000 00:00:1777604877.250176  235275 abstract_learner.cc:172] The label "y" was removed from the input feature set.
I0000 00:00:1777604877.251176  235275 random_forest.cc:478] Training random forest on 10000 example(s) and 4096 feature(s).
I0000 00:00:1777604877.251382  235275 gpu.cc:93] Cannot initialize GPU: Not compiled with GPU support
I0000 00:00:1777604877.252840  235275 random_forest.cc:713] num_threads being used: 6
I0000 00:00:1777604878.265591  235281 random_forest.cc:1121] Train tree 1/30 [index:4 total:1.01s tree:1.01s]
I0000 00:00:1777604883.144553  235275 random_forest.cc:1131] random_forest.cc Training block took: 5.89483 s
I0000 00:00:1777604883.144603  235275 random_forest.cc:1217] EXITING EARLY TO SPEED UP EXPERIMENTS!
-1 (automatic) threads requested. 6 threads set.
Using histogram splitting: Random with 64 bins
----- Run 6/7 -----
WARNING: All log messages before absl::InitializeLog() is called are written to STDERR
I0000 00:00:1777604883.170792  235299 train_oblique_forest.cc:261] Generating trunk synthetic dataset: rows=10000, cols=4096
I0000 00:00:1777604883.752625  235299 train_oblique_forest.cc:391] Configuring oblique splits
I0000 00:00:1777604883.753121  235299 abstract_learner.cc:155] No input feature explicitly specified. Using all the available input features.
I0000 00:00:1777604883.753131  235299 abstract_learner.cc:172] The label "y" was removed from the input feature set.
I0000 00:00:1777604883.754100  235299 random_forest.cc:478] Training random forest on 10000 example(s) and 4096 feature(s).
I0000 00:00:1777604883.754301  235299 gpu.cc:93] Cannot initialize GPU: Not compiled with GPU support
I0000 00:00:1777604883.755756  235299 random_forest.cc:713] num_threads being used: 6
I0000 00:00:1777604884.790621  235302 random_forest.cc:1121] Train tree 1/30 [index:4 total:1.03s tree:1.03s]
I0000 00:00:1777604889.107798  235299 random_forest.cc:1131] random_forest.cc Training block took: 5.35511 s
I0000 00:00:1777604889.107870  235299 random_forest.cc:1217] EXITING EARLY TO SPEED UP EXPERIMENTS!
-1 (automatic) threads requested. 6 threads set.
Using histogram splitting: Random with 64 bins
----- Run 7/7 -----
WARNING: All log messages before absl::InitializeLog() is called are written to STDERR
I0000 00:00:1777604889.132679  235324 train_oblique_forest.cc:261] Generating trunk synthetic dataset: rows=10000, cols=4096
I0000 00:00:1777604889.716756  235324 train_oblique_forest.cc:391] Configuring oblique splits
I0000 00:00:1777604889.717300  235324 abstract_learner.cc:155] No input feature explicitly specified. Using all the available input features.
I0000 00:00:1777604889.717311  235324 abstract_learner.cc:172] The label "y" was removed from the input feature set.
I0000 00:00:1777604889.718914  235324 random_forest.cc:478] Training random forest on 10000 example(s) and 4096 feature(s).
I0000 00:00:1777604889.719120  235324 gpu.cc:93] Cannot initialize GPU: Not compiled with GPU support
I0000 00:00:1777604889.720620  235324 random_forest.cc:713] num_threads being used: 6
I0000 00:00:1777604890.738322  235329 random_forest.cc:1121] Train tree 1/30 [index:4 total:1.02s tree:1.02s]
I0000 00:00:1777604895.161381  235324 random_forest.cc:1131] random_forest.cc Training block took: 5.44454 s
I0000 00:00:1777604895.161431  235324 random_forest.cc:1217] EXITING EARLY TO SPEED UP EXPERIMENTS!
-1 (automatic) threads requested. 6 threads set.
Using histogram splitting: Random with 64 bins
MEDIAN of 7/7 runs: 5.56183 s  (samples: 5.60149 5.38588 5.56183 5.82154 5.89483 5.35511 5.44454)
./bazel-bin/examples/train_oblique_forest --input_mode trunk --rows 20000 --feature_split_type "Oblique" --numerical_split_type "Random" --num_trees=30 --num_threads=-1 --compute_oob_performances=false --histogram_num_bins=64 
----- Run 1/7 -----
WARNING: All log messages before absl::InitializeLog() is called are written to STDERR
I0000 00:00:1777604895.194220  235355 train_oblique_forest.cc:261] Generating trunk synthetic dataset: rows=20000, cols=4096
I0000 00:00:1777604896.354442  235355 train_oblique_forest.cc:391] Configuring oblique splits
I0000 00:00:1777604896.354925  235355 abstract_learner.cc:155] No input feature explicitly specified. Using all the available input features.
I0000 00:00:1777604896.354939  235355 abstract_learner.cc:172] The label "y" was removed from the input feature set.
I0000 00:00:1777604896.355809  235355 random_forest.cc:478] Training random forest on 20000 example(s) and 4096 feature(s).
I0000 00:00:1777604896.356008  235355 gpu.cc:93] Cannot initialize GPU: Not compiled with GPU support
I0000 00:00:1777604896.357441  235355 random_forest.cc:713] num_threads being used: 6
I0000 00:00:1777604898.486218  235369 random_forest.cc:1121] Train tree 1/30 [index:4 total:2.13s tree:2.12s]
I0000 00:00:1777604907.276834  235355 random_forest.cc:1131] random_forest.cc Training block took: 10.9223 s
I0000 00:00:1777604907.276879  235355 random_forest.cc:1217] EXITING EARLY TO SPEED UP EXPERIMENTS!
-1 (automatic) threads requested. 6 threads set.
Using histogram splitting: Random with 64 bins
----- Run 2/7 -----
WARNING: All log messages before absl::InitializeLog() is called are written to STDERR
I0000 00:00:1777604907.314956  235381 train_oblique_forest.cc:261] Generating trunk synthetic dataset: rows=20000, cols=4096
I0000 00:00:1777604908.480936  235381 train_oblique_forest.cc:391] Configuring oblique splits
I0000 00:00:1777604908.481415  235381 abstract_learner.cc:155] No input feature explicitly specified. Using all the available input features.
I0000 00:00:1777604908.481424  235381 abstract_learner.cc:172] The label "y" was removed from the input feature set.
I0000 00:00:1777604908.482337  235381 random_forest.cc:478] Training random forest on 20000 example(s) and 4096 feature(s).
I0000 00:00:1777604908.482547  235381 gpu.cc:93] Cannot initialize GPU: Not compiled with GPU support
I0000 00:00:1777604908.483965  235381 random_forest.cc:713] num_threads being used: 6
I0000 00:00:1777604910.631231  235393 random_forest.cc:1121] Train tree 1/30 [index:4 total:2.15s tree:2.15s]
I0000 00:00:1777604919.979794  235381 random_forest.cc:1131] random_forest.cc Training block took: 11.4988 s
I0000 00:00:1777604919.979840  235381 random_forest.cc:1217] EXITING EARLY TO SPEED UP EXPERIMENTS!
-1 (automatic) threads requested. 6 threads set.
Using histogram splitting: Random with 64 bins
----- Run 3/7 -----
WARNING: All log messages before absl::InitializeLog() is called are written to STDERR
I0000 00:00:1777604920.017092  235409 train_oblique_forest.cc:261] Generating trunk synthetic dataset: rows=20000, cols=4096
I0000 00:00:1777604921.184467  235409 train_oblique_forest.cc:391] Configuring oblique splits
I0000 00:00:1777604921.185003  235409 abstract_learner.cc:155] No input feature explicitly specified. Using all the available input features.
I0000 00:00:1777604921.185015  235409 abstract_learner.cc:172] The label "y" was removed from the input feature set.
I0000 00:00:1777604921.185968  235409 random_forest.cc:478] Training random forest on 20000 example(s) and 4096 feature(s).
I0000 00:00:1777604921.186165  235409 gpu.cc:93] Cannot initialize GPU: Not compiled with GPU support
I0000 00:00:1777604921.187730  235409 random_forest.cc:713] num_threads being used: 6
I0000 00:00:1777604923.340117  235422 random_forest.cc:1121] Train tree 1/30 [index:1 total:2.15s tree:2.15s]
I0000 00:00:1777604932.297298  235409 random_forest.cc:1131] random_forest.cc Training block took: 11.1128 s
I0000 00:00:1777604932.297351  235409 random_forest.cc:1217] EXITING EARLY TO SPEED UP EXPERIMENTS!
-1 (automatic) threads requested. 6 threads set.
Using histogram splitting: Random with 64 bins
----- Run 4/7 -----
WARNING: All log messages before absl::InitializeLog() is called are written to STDERR
I0000 00:00:1777604932.340780  235436 train_oblique_forest.cc:261] Generating trunk synthetic dataset: rows=20000, cols=4096
I0000 00:00:1777604933.503967  235436 train_oblique_forest.cc:391] Configuring oblique splits
I0000 00:00:1777604933.504501  235436 abstract_learner.cc:155] No input feature explicitly specified. Using all the available input features.
I0000 00:00:1777604933.504512  235436 abstract_learner.cc:172] The label "y" was removed from the input feature set.
I0000 00:00:1777604933.505481  235436 random_forest.cc:478] Training random forest on 20000 example(s) and 4096 feature(s).
I0000 00:00:1777604933.505750  235436 gpu.cc:93] Cannot initialize GPU: Not compiled with GPU support
I0000 00:00:1777604933.507317  235436 random_forest.cc:713] num_threads being used: 6
I0000 00:00:1777604935.650675  235449 random_forest.cc:1121] Train tree 1/30 [index:1 total:2.14s tree:2.14s]
I0000 00:00:1777604944.557599  235436 random_forest.cc:1131] random_forest.cc Training block took: 11.0536 s
I0000 00:00:1777604944.557647  235436 random_forest.cc:1217] EXITING EARLY TO SPEED UP EXPERIMENTS!
-1 (automatic) threads requested. 6 threads set.
Using histogram splitting: Random with 64 bins
----- Run 5/7 -----
WARNING: All log messages before absl::InitializeLog() is called are written to STDERR
I0000 00:00:1777604944.600856  235473 train_oblique_forest.cc:261] Generating trunk synthetic dataset: rows=20000, cols=4096
I0000 00:00:1777604945.771582  235473 train_oblique_forest.cc:391] Configuring oblique splits
I0000 00:00:1777604945.772123  235473 abstract_learner.cc:155] No input feature explicitly specified. Using all the available input features.
I0000 00:00:1777604945.772134  235473 abstract_learner.cc:172] The label "y" was removed from the input feature set.
I0000 00:00:1777604945.773192  235473 random_forest.cc:478] Training random forest on 20000 example(s) and 4096 feature(s).
I0000 00:00:1777604945.773402  235473 gpu.cc:93] Cannot initialize GPU: Not compiled with GPU support
I0000 00:00:1777604945.774914  235473 random_forest.cc:713] num_threads being used: 6
I0000 00:00:1777604947.917625  235484 random_forest.cc:1121] Train tree 1/30 [index:4 total:2.14s tree:2.14s]
I0000 00:00:1777604957.150212  235473 random_forest.cc:1131] random_forest.cc Training block took: 11.3785 s
I0000 00:00:1777604957.150288  235473 random_forest.cc:1217] EXITING EARLY TO SPEED UP EXPERIMENTS!
-1 (automatic) threads requested. 6 threads set.
Using histogram splitting: Random with 64 bins
----- Run 6/7 -----
WARNING: All log messages before absl::InitializeLog() is called are written to STDERR
I0000 00:00:1777604957.201959  235499 train_oblique_forest.cc:261] Generating trunk synthetic dataset: rows=20000, cols=4096
I0000 00:00:1777604958.373542  235499 train_oblique_forest.cc:391] Configuring oblique splits
I0000 00:00:1777604958.374054  235499 abstract_learner.cc:155] No input feature explicitly specified. Using all the available input features.
I0000 00:00:1777604958.374063  235499 abstract_learner.cc:172] The label "y" was removed from the input feature set.
I0000 00:00:1777604958.375004  235499 random_forest.cc:478] Training random forest on 20000 example(s) and 4096 feature(s).
I0000 00:00:1777604958.375213  235499 gpu.cc:93] Cannot initialize GPU: Not compiled with GPU support
I0000 00:00:1777604958.376696  235499 random_forest.cc:713] num_threads being used: 6
I0000 00:00:1777604960.518613  235508 random_forest.cc:1121] Train tree 1/30 [index:1 total:2.14s tree:2.14s]
I0000 00:00:1777604970.374013  235499 random_forest.cc:1131] random_forest.cc Training block took: 12.0004 s
I0000 00:00:1777604970.374092  235499 random_forest.cc:1217] EXITING EARLY TO SPEED UP EXPERIMENTS!
-1 (automatic) threads requested. 6 threads set.
Using histogram splitting: Random with 64 bins
----- Run 7/7 -----
WARNING: All log messages before absl::InitializeLog() is called are written to STDERR
I0000 00:00:1777604970.413923  235601 train_oblique_forest.cc:261] Generating trunk synthetic dataset: rows=20000, cols=4096
I0000 00:00:1777604971.586475  235601 train_oblique_forest.cc:391] Configuring oblique splits
I0000 00:00:1777604971.586958  235601 abstract_learner.cc:155] No input feature explicitly specified. Using all the available input features.
I0000 00:00:1777604971.586973  235601 abstract_learner.cc:172] The label "y" was removed from the input feature set.
I0000 00:00:1777604971.587910  235601 random_forest.cc:478] Training random forest on 20000 example(s) and 4096 feature(s).
I0000 00:00:1777604971.588123  235601 gpu.cc:93] Cannot initialize GPU: Not compiled with GPU support
I0000 00:00:1777604971.589591  235601 random_forest.cc:713] num_threads being used: 6
I0000 00:00:1777604973.769395  235607 random_forest.cc:1121] Train tree 1/30 [index:1 total:2.18s tree:2.18s]
I0000 00:00:1777604983.304320  235601 random_forest.cc:1131] random_forest.cc Training block took: 11.7178 s
I0000 00:00:1777604983.304372  235601 random_forest.cc:1217] EXITING EARLY TO SPEED UP EXPERIMENTS!
-1 (automatic) threads requested. 6 threads set.
Using histogram splitting: Random with 64 bins
MEDIAN of 7/7 runs: 11.3785 s  (samples: 10.9223 11.4988 11.1128 11.0536 11.3785 12.0004 11.7178)
./bazel-bin/examples/train_oblique_forest --input_mode trunk --rows 40000 --feature_split_type "Oblique" --numerical_split_type "Random" --num_trees=30 --num_threads=-1 --compute_oob_performances=false --histogram_num_bins=64 
----- Run 1/7 -----
WARNING: All log messages before absl::InitializeLog() is called are written to STDERR
I0000 00:00:1777604983.346885  235628 train_oblique_forest.cc:261] Generating trunk synthetic dataset: rows=40000, cols=4096
I0000 00:00:1777604985.687493  235628 train_oblique_forest.cc:391] Configuring oblique splits
I0000 00:00:1777604985.687977  235628 abstract_learner.cc:155] No input feature explicitly specified. Using all the available input features.
I0000 00:00:1777604985.687986  235628 abstract_learner.cc:172] The label "y" was removed from the input feature set.
I0000 00:00:1777604985.689030  235628 random_forest.cc:478] Training random forest on 40000 example(s) and 4096 feature(s).
I0000 00:00:1777604985.689235  235628 gpu.cc:93] Cannot initialize GPU: Not compiled with GPU support
I0000 00:00:1777604985.690755  235628 random_forest.cc:713] num_threads being used: 6
I0000 00:00:1777604989.943733  235633 random_forest.cc:1121] Train tree 1/30 [index:4 total:4.25s tree:4.25s]
I0000 00:00:1777605009.511773  235628 random_forest.cc:1131] random_forest.cc Training block took: 23.8242 s
I0000 00:00:1777605009.511830  235628 random_forest.cc:1217] EXITING EARLY TO SPEED UP EXPERIMENTS!
-1 (automatic) threads requested. 6 threads set.
Using histogram splitting: Random with 64 bins
----- Run 2/7 -----
WARNING: All log messages before absl::InitializeLog() is called are written to STDERR
I0000 00:00:1777605009.575895  235661 train_oblique_forest.cc:261] Generating trunk synthetic dataset: rows=40000, cols=4096
I0000 00:00:1777605011.915567  235661 train_oblique_forest.cc:391] Configuring oblique splits
I0000 00:00:1777605011.916104  235661 abstract_learner.cc:155] No input feature explicitly specified. Using all the available input features.
I0000 00:00:1777605011.916115  235661 abstract_learner.cc:172] The label "y" was removed from the input feature set.
I0000 00:00:1777605011.917125  235661 random_forest.cc:478] Training random forest on 40000 example(s) and 4096 feature(s).
I0000 00:00:1777605011.917345  235661 gpu.cc:93] Cannot initialize GPU: Not compiled with GPU support
I0000 00:00:1777605011.918838  235661 random_forest.cc:713] num_threads being used: 6
I0000 00:00:1777605015.935293  235669 random_forest.cc:1121] Train tree 1/30 [index:4 total:4.02s tree:4.02s]
I0000 00:00:1777605035.362650  235661 random_forest.cc:1131] random_forest.cc Training block took: 23.447 s
I0000 00:00:1777605035.362707  235661 random_forest.cc:1217] EXITING EARLY TO SPEED UP EXPERIMENTS!
-1 (automatic) threads requested. 6 threads set.
Using histogram splitting: Random with 64 bins
----- Run 3/7 -----
WARNING: All log messages before absl::InitializeLog() is called are written to STDERR
I0000 00:00:1777605035.429721  235698 train_oblique_forest.cc:261] Generating trunk synthetic dataset: rows=40000, cols=4096
I0000 00:00:1777605037.775616  235698 train_oblique_forest.cc:391] Configuring oblique splits
I0000 00:00:1777605037.776103  235698 abstract_learner.cc:155] No input feature explicitly specified. Using all the available input features.
I0000 00:00:1777605037.776114  235698 abstract_learner.cc:172] The label "y" was removed from the input feature set.
I0000 00:00:1777605037.776982  235698 random_forest.cc:478] Training random forest on 40000 example(s) and 4096 feature(s).
I0000 00:00:1777605037.777181  235698 gpu.cc:93] Cannot initialize GPU: Not compiled with GPU support
I0000 00:00:1777605037.778645  235698 random_forest.cc:713] num_threads being used: 6
I0000 00:00:1777605042.170871  235703 random_forest.cc:1121] Train tree 1/30 [index:4 total:4.39s tree:4.39s]
I0000 00:00:1777605061.632456  235698 random_forest.cc:1131] random_forest.cc Training block took: 23.8568 s
I0000 00:00:1777605061.632506  235698 random_forest.cc:1217] EXITING EARLY TO SPEED UP EXPERIMENTS!
-1 (automatic) threads requested. 6 threads set.
Using histogram splitting: Random with 64 bins
----- Run 4/7 -----
WARNING: All log messages before absl::InitializeLog() is called are written to STDERR
I0000 00:00:1777605061.696004  235737 train_oblique_forest.cc:261] Generating trunk synthetic dataset: rows=40000, cols=4096
I0000 00:00:1777605064.026086  235737 train_oblique_forest.cc:391] Configuring oblique splits
I0000 00:00:1777605064.026573  235737 abstract_learner.cc:155] No input feature explicitly specified. Using all the available input features.
I0000 00:00:1777605064.026582  235737 abstract_learner.cc:172] The label "y" was removed from the input feature set.
I0000 00:00:1777605064.027473  235737 random_forest.cc:478] Training random forest on 40000 example(s) and 4096 feature(s).
I0000 00:00:1777605064.027684  235737 gpu.cc:93] Cannot initialize GPU: Not compiled with GPU support
I0000 00:00:1777605064.029181  235737 random_forest.cc:713] num_threads being used: 6
I0000 00:00:1777605068.498236  235750 random_forest.cc:1121] Train tree 1/30 [index:3 total:4.47s tree:4.47s]
I0000 00:00:1777605087.807682  235737 random_forest.cc:1131] random_forest.cc Training block took: 23.7815 s
I0000 00:00:1777605087.807738  235737 random_forest.cc:1217] EXITING EARLY TO SPEED UP EXPERIMENTS!
-1 (automatic) threads requested. 6 threads set.
Using histogram splitting: Random with 64 bins
----- Run 5/7 -----
WARNING: All log messages before absl::InitializeLog() is called are written to STDERR
I0000 00:00:1777605087.869793  235768 train_oblique_forest.cc:261] Generating trunk synthetic dataset: rows=40000, cols=4096
I0000 00:00:1777605090.208389  235768 train_oblique_forest.cc:391] Configuring oblique splits
I0000 00:00:1777605090.208890  235768 abstract_learner.cc:155] No input feature explicitly specified. Using all the available input features.
I0000 00:00:1777605090.208902  235768 abstract_learner.cc:172] The label "y" was removed from the input feature set.
I0000 00:00:1777605090.209873  235768 random_forest.cc:478] Training random forest on 40000 example(s) and 4096 feature(s).
I0000 00:00:1777605090.210089  235768 gpu.cc:93] Cannot initialize GPU: Not compiled with GPU support
I0000 00:00:1777605090.211570  235768 random_forest.cc:713] num_threads being used: 6
I0000 00:00:1777605094.293726  235778 random_forest.cc:1121] Train tree 1/30 [index:4 total:4.08s tree:4.08s]
I0000 00:00:1777605113.167021  235768 random_forest.cc:1131] random_forest.cc Training block took: 22.9586 s
I0000 00:00:1777605113.167077  235768 random_forest.cc:1217] EXITING EARLY TO SPEED UP EXPERIMENTS!
-1 (automatic) threads requested. 6 threads set.
Using histogram splitting: Random with 64 bins
----- Run 6/7 -----
WARNING: All log messages before absl::InitializeLog() is called are written to STDERR
I0000 00:00:1777605113.235147  235827 train_oblique_forest.cc:261] Generating trunk synthetic dataset: rows=40000, cols=4096
I0000 00:00:1777605115.587262  235827 train_oblique_forest.cc:391] Configuring oblique splits
I0000 00:00:1777605115.587778  235827 abstract_learner.cc:155] No input feature explicitly specified. Using all the available input features.
I0000 00:00:1777605115.587789  235827 abstract_learner.cc:172] The label "y" was removed from the input feature set.
I0000 00:00:1777605115.588668  235827 random_forest.cc:478] Training random forest on 40000 example(s) and 4096 feature(s).
I0000 00:00:1777605115.588877  235827 gpu.cc:93] Cannot initialize GPU: Not compiled with GPU support
I0000 00:00:1777605115.590301  235827 random_forest.cc:713] num_threads being used: 6
I0000 00:00:1777605119.892762  235840 random_forest.cc:1121] Train tree 1/30 [index:3 total:4.30s tree:4.30s]
I0000 00:00:1777605140.397385  235839 random_forest.cc:1121] Train tree 26/30 [index:25 total:24.81s tree:4.65s]
I0000 00:00:1777605142.750221  235827 random_forest.cc:1131] random_forest.cc Training block took: 27.1629 s
I0000 00:00:1777605142.750284  235827 random_forest.cc:1217] EXITING EARLY TO SPEED UP EXPERIMENTS!
-1 (automatic) threads requested. 6 threads set.
Using histogram splitting: Random with 64 bins
----- Run 7/7 -----
WARNING: All log messages before absl::InitializeLog() is called are written to STDERR
I0000 00:00:1777605142.820321  236058 train_oblique_forest.cc:261] Generating trunk synthetic dataset: rows=40000, cols=4096
I0000 00:00:1777605145.176930  236058 train_oblique_forest.cc:391] Configuring oblique splits
I0000 00:00:1777605145.177468  236058 abstract_learner.cc:155] No input feature explicitly specified. Using all the available input features.
I0000 00:00:1777605145.177481  236058 abstract_learner.cc:172] The label "y" was removed from the input feature set.
I0000 00:00:1777605145.178416  236058 random_forest.cc:478] Training random forest on 40000 example(s) and 4096 feature(s).
I0000 00:00:1777605145.178617  236058 gpu.cc:93] Cannot initialize GPU: Not compiled with GPU support
I0000 00:00:1777605145.180048  236058 random_forest.cc:713] num_threads being used: 6
I0000 00:00:1777605150.067155  236061 random_forest.cc:1121] Train tree 1/30 [index:4 total:4.89s tree:4.88s]
I0000 00:00:1777605170.491811  236059 random_forest.cc:1121] Train tree 27/30 [index:26 total:25.31s tree:4.17s]
I0000 00:00:1777605172.359194  236058 random_forest.cc:1131] random_forest.cc Training block took: 27.1822 s
I0000 00:00:1777605172.359247  236058 random_forest.cc:1217] EXITING EARLY TO SPEED UP EXPERIMENTS!
-1 (automatic) threads requested. 6 threads set.
Using histogram splitting: Random with 64 bins
MEDIAN of 7/7 runs: 23.8242 s  (samples: 23.8242 23.447 23.8568 23.7815 22.9586 27.1629 27.1822)
./bazel-bin/examples/train_oblique_forest --input_mode trunk --rows 80000 --feature_split_type "Oblique" --numerical_split_type "Random" --num_trees=30 --num_threads=-1 --compute_oob_performances=false --histogram_num_bins=64 
----- Run 1/7 -----
WARNING: All log messages before absl::InitializeLog() is called are written to STDERR
I0000 00:00:1777605172.430221  236303 train_oblique_forest.cc:261] Generating trunk synthetic dataset: rows=80000, cols=4096
I0000 00:00:1777605177.086839  236303 train_oblique_forest.cc:391] Configuring oblique splits
I0000 00:00:1777605177.087321  236303 abstract_learner.cc:155] No input feature explicitly specified. Using all the available input features.
I0000 00:00:1777605177.087331  236303 abstract_learner.cc:172] The label "y" was removed from the input feature set.
I0000 00:00:1777605177.088207  236303 random_forest.cc:478] Training random forest on 80000 example(s) and 4096 feature(s).
I0000 00:00:1777605177.088412  236303 gpu.cc:93] Cannot initialize GPU: Not compiled with GPU support
I0000 00:00:1777605177.089849  236303 random_forest.cc:713] num_threads being used: 6
I0000 00:00:1777605186.278083  236311 random_forest.cc:1121] Train tree 1/30 [index:5 total:9.19s tree:9.19s]
I0000 00:00:1777605207.071025  236311 random_forest.cc:1121] Train tree 14/30 [index:12 total:29.98s tree:10.94s]
I0000 00:00:1777605228.969545  236312 random_forest.cc:1121] Train tree 30/30 [index:29 total:51.88s tree:9.18s]
I0000 00:00:1777605228.969729  236303 random_forest.cc:1131] random_forest.cc Training block took: 51.8828 s
I0000 00:00:1777605228.969777  236303 random_forest.cc:1217] EXITING EARLY TO SPEED UP EXPERIMENTS!
-1 (automatic) threads requested. 6 threads set.
Using histogram splitting: Random with 64 bins
----- Run 2/7 -----
WARNING: All log messages before absl::InitializeLog() is called are written to STDERR
I0000 00:00:1777605229.074025  236352 train_oblique_forest.cc:261] Generating trunk synthetic dataset: rows=80000, cols=4096
I0000 00:00:1777605233.738369  236352 train_oblique_forest.cc:391] Configuring oblique splits
I0000 00:00:1777605233.738906  236352 abstract_learner.cc:155] No input feature explicitly specified. Using all the available input features.
I0000 00:00:1777605233.738918  236352 abstract_learner.cc:172] The label "y" was removed from the input feature set.
I0000 00:00:1777605233.739882  236352 random_forest.cc:478] Training random forest on 80000 example(s) and 4096 feature(s).
I0000 00:00:1777605233.740089  236352 gpu.cc:93] Cannot initialize GPU: Not compiled with GPU support
I0000 00:00:1777605233.741475  236352 random_forest.cc:713] num_threads being used: 6
I0000 00:00:1777605242.967126  236359 random_forest.cc:1121] Train tree 1/30 [index:1 total:9.23s tree:9.23s]
I0000 00:00:1777605263.311146  236364 random_forest.cc:1121] Train tree 14/30 [index:12 total:29.57s tree:10.26s]
I0000 00:00:1777605282.636826  236352 random_forest.cc:1131] random_forest.cc Training block took: 48.8984 s
I0000 00:00:1777605282.636871  236352 random_forest.cc:1217] EXITING EARLY TO SPEED UP EXPERIMENTS!
-1 (automatic) threads requested. 6 threads set.
Using histogram splitting: Random with 64 bins
----- Run 3/7 -----
WARNING: All log messages before absl::InitializeLog() is called are written to STDERR
I0000 00:00:1777605282.744691  236421 train_oblique_forest.cc:261] Generating trunk synthetic dataset: rows=80000, cols=4096
I0000 00:00:1777605287.399060  236421 train_oblique_forest.cc:391] Configuring oblique splits
I0000 00:00:1777605287.399584  236421 abstract_learner.cc:155] No input feature explicitly specified. Using all the available input features.
I0000 00:00:1777605287.399596  236421 abstract_learner.cc:172] The label "y" was removed from the input feature set.
I0000 00:00:1777605287.400562  236421 random_forest.cc:478] Training random forest on 80000 example(s) and 4096 feature(s).
I0000 00:00:1777605287.400789  236421 gpu.cc:93] Cannot initialize GPU: Not compiled with GPU support
I0000 00:00:1777605287.402303  236421 random_forest.cc:713] num_threads being used: 6
I0000 00:00:1777605296.359664  236426 random_forest.cc:1121] Train tree 1/30 [index:2 total:8.96s tree:8.96s]
I0000 00:00:1777605324.152921  236426 random_forest.cc:1121] Train tree 19/30 [index:20 total:36.75s tree:8.86s]
I0000 00:00:1777605337.912213  236421 random_forest.cc:1131] random_forest.cc Training block took: 50.5131 s
I0000 00:00:1777605337.912288  236421 random_forest.cc:1217] EXITING EARLY TO SPEED UP EXPERIMENTS!
-1 (automatic) threads requested. 6 threads set.
Using histogram splitting: Random with 64 bins
----- Run 4/7 -----
WARNING: All log messages before absl::InitializeLog() is called are written to STDERR
I0000 00:00:1777605338.026978  236519 train_oblique_forest.cc:261] Generating trunk synthetic dataset: rows=80000, cols=4096
I0000 00:00:1777605342.691987  236519 train_oblique_forest.cc:391] Configuring oblique splits
I0000 00:00:1777605342.692477  236519 abstract_learner.cc:155] No input feature explicitly specified. Using all the available input features.
I0000 00:00:1777605342.692487  236519 abstract_learner.cc:172] The label "y" was removed from the input feature set.
I0000 00:00:1777605342.693346  236519 random_forest.cc:478] Training random forest on 80000 example(s) and 4096 feature(s).
I0000 00:00:1777605342.693554  236519 gpu.cc:93] Cannot initialize GPU: Not compiled with GPU support
I0000 00:00:1777605342.695078  236519 random_forest.cc:713] num_threads being used: 6
I0000 00:00:1777605352.498621  236534 random_forest.cc:1121] Train tree 1/30 [index:2 total:9.80s tree:9.80s]
I0000 00:00:1777605373.537274  236537 random_forest.cc:1121] Train tree 15/30 [index:15 total:30.84s tree:9.59s]
I0000 00:00:1777605393.436856  236519 random_forest.cc:1131] random_forest.cc Training block took: 50.7448 s
I0000 00:00:1777605393.436931  236519 random_forest.cc:1217] EXITING EARLY TO SPEED UP EXPERIMENTS!
-1 (automatic) threads requested. 6 threads set.
Using histogram splitting: Random with 64 bins
----- Run 5/7 -----
WARNING: All log messages before absl::InitializeLog() is called are written to STDERR
I0000 00:00:1777605393.542122  236623 train_oblique_forest.cc:261] Generating trunk synthetic dataset: rows=80000, cols=4096
I0000 00:00:1777605398.200848  236623 train_oblique_forest.cc:391] Configuring oblique splits
I0000 00:00:1777605398.201386  236623 abstract_learner.cc:155] No input feature explicitly specified. Using all the available input features.
I0000 00:00:1777605398.201395  236623 abstract_learner.cc:172] The label "y" was removed from the input feature set.
I0000 00:00:1777605398.202270  236623 random_forest.cc:478] Training random forest on 80000 example(s) and 4096 feature(s).
I0000 00:00:1777605398.202493  236623 gpu.cc:93] Cannot initialize GPU: Not compiled with GPU support
I0000 00:00:1777605398.204591  236623 random_forest.cc:713] num_threads being used: 6
I0000 00:00:1777605407.221721  236628 random_forest.cc:1121] Train tree 1/30 [index:3 total:9.02s tree:9.02s]
I0000 00:00:1777605427.546158  236627 random_forest.cc:1121] Train tree 18/30 [index:16 total:29.34s tree:9.39s]
I0000 00:00:1777605445.690173  236623 random_forest.cc:1131] random_forest.cc Training block took: 47.4892 s
I0000 00:00:1777605445.690223  236623 random_forest.cc:1217] EXITING EARLY TO SPEED UP EXPERIMENTS!
-1 (automatic) threads requested. 6 threads set.
Using histogram splitting: Random with 64 bins
----- Run 6/7 -----
WARNING: All log messages before absl::InitializeLog() is called are written to STDERR
I0000 00:00:1777605445.811753  236695 train_oblique_forest.cc:261] Generating trunk synthetic dataset: rows=80000, cols=4096
I0000 00:00:1777605450.476507  236695 train_oblique_forest.cc:391] Configuring oblique splits
I0000 00:00:1777605450.477050  236695 abstract_learner.cc:155] No input feature explicitly specified. Using all the available input features.
I0000 00:00:1777605450.477062  236695 abstract_learner.cc:172] The label "y" was removed from the input feature set.
I0000 00:00:1777605450.478024  236695 random_forest.cc:478] Training random forest on 80000 example(s) and 4096 feature(s).
I0000 00:00:1777605450.478242  236695 gpu.cc:93] Cannot initialize GPU: Not compiled with GPU support
I0000 00:00:1777605450.479808  236695 random_forest.cc:713] num_threads being used: 6
I0000 00:00:1777605459.213298  236699 random_forest.cc:1121] Train tree 1/30 [index:2 total:8.73s tree:8.73s]
I0000 00:00:1777605485.532774  236700 random_forest.cc:1121] Train tree 19/30 [index:20 total:35.05s tree:8.39s]
I0000 00:00:1777605497.281606  236695 random_forest.cc:1131] random_forest.cc Training block took: 46.805 s
I0000 00:00:1777605497.281716  236695 random_forest.cc:1217] EXITING EARLY TO SPEED UP EXPERIMENTS!
-1 (automatic) threads requested. 6 threads set.
Using histogram splitting: Random with 64 bins
----- Run 7/7 -----
WARNING: All log messages before absl::InitializeLog() is called are written to STDERR
I0000 00:00:1777605497.389636  236734 train_oblique_forest.cc:261] Generating trunk synthetic dataset: rows=80000, cols=4096
I0000 00:00:1777605502.057660  236734 train_oblique_forest.cc:391] Configuring oblique splits
I0000 00:00:1777605502.058182  236734 abstract_learner.cc:155] No input feature explicitly specified. Using all the available input features.
I0000 00:00:1777605502.058199  236734 abstract_learner.cc:172] The label "y" was removed from the input feature set.
I0000 00:00:1777605502.059166  236734 random_forest.cc:478] Training random forest on 80000 example(s) and 4096 feature(s).
I0000 00:00:1777605502.059399  236734 gpu.cc:93] Cannot initialize GPU: Not compiled with GPU support
I0000 00:00:1777605502.060853  236734 random_forest.cc:713] num_threads being used: 6
I0000 00:00:1777605510.746288  236737 random_forest.cc:1121] Train tree 1/30 [index:2 total:8.69s tree:8.69s]
I0000 00:00:1777605537.356339  236737 random_forest.cc:1121] Train tree 19/30 [index:18 total:35.30s tree:9.10s]
I0000 00:00:1777605547.533396  236734 random_forest.cc:1131] random_forest.cc Training block took: 45.4757 s
I0000 00:00:1777605547.533443  236734 random_forest.cc:1217] EXITING EARLY TO SPEED UP EXPERIMENTS!
-1 (automatic) threads requested. 6 threads set.
Using histogram splitting: Random with 64 bins
MEDIAN of 7/7 runs: 48.8984 s  (samples: 51.8828 48.8984 50.5131 50.7448 47.4892 46.805 45.4757)
./bazel-bin/examples/train_oblique_forest --input_mode trunk --rows 100000 --feature_split_type "Oblique" --numerical_split_type "Random" --num_trees=30 --num_threads=-1 --compute_oob_performances=false --histogram_num_bins=64 
----- Run 1/7 -----
WARNING: All log messages before absl::InitializeLog() is called are written to STDERR
I0000 00:00:1777605547.647172  236769 train_oblique_forest.cc:261] Generating trunk synthetic dataset: rows=100000, cols=4096
I0000 00:00:1777605553.472436  236769 train_oblique_forest.cc:391] Configuring oblique splits
I0000 00:00:1777605553.472944  236769 abstract_learner.cc:155] No input feature explicitly specified. Using all the available input features.
I0000 00:00:1777605553.472957  236769 abstract_learner.cc:172] The label "y" was removed from the input feature set.
I0000 00:00:1777605553.474019  236769 random_forest.cc:478] Training random forest on 100000 example(s) and 4096 feature(s).
I0000 00:00:1777605553.474247  236769 gpu.cc:93] Cannot initialize GPU: Not compiled with GPU support
I0000 00:00:1777605553.475642  236769 random_forest.cc:713] num_threads being used: 6
I0000 00:00:1777605564.431808  236776 random_forest.cc:1121] Train tree 1/30 [index:0 total:10.96s tree:10.96s]
I0000 00:00:1777605587.336410  236776 random_forest.cc:1121] Train tree 13/30 [index:12 total:33.86s tree:11.30s]
I0000 00:00:1777605608.601158  236776 random_forest.cc:1121] Train tree 25/30 [index:25 total:55.13s tree:9.45s]
I0000 00:00:1777605612.050335  236769 random_forest.cc:1131] random_forest.cc Training block took: 58.5778 s
I0000 00:00:1777605612.050387  236769 random_forest.cc:1217] EXITING EARLY TO SPEED UP EXPERIMENTS!
-1 (automatic) threads requested. 6 threads set.
Using histogram splitting: Random with 64 bins
----- Run 2/7 -----
WARNING: All log messages before absl::InitializeLog() is called are written to STDERR
I0000 00:00:1777605612.176362  236808 train_oblique_forest.cc:261] Generating trunk synthetic dataset: rows=100000, cols=4096
I0000 00:00:1777605618.017802  236808 train_oblique_forest.cc:391] Configuring oblique splits
I0000 00:00:1777605618.018611  236808 abstract_learner.cc:155] No input feature explicitly specified. Using all the available input features.
I0000 00:00:1777605618.018623  236808 abstract_learner.cc:172] The label "y" was removed from the input feature set.
I0000 00:00:1777605618.019642  236808 random_forest.cc:478] Training random forest on 100000 example(s) and 4096 feature(s).
I0000 00:00:1777605618.019870  236808 gpu.cc:93] Cannot initialize GPU: Not compiled with GPU support
I0000 00:00:1777605618.021333  236808 random_forest.cc:713] num_threads being used: 6
I0000 00:00:1777605629.012102  236812 random_forest.cc:1121] Train tree 1/30 [index:2 total:10.99s tree:10.99s]
I0000 00:00:1777605651.727700  236812 random_forest.cc:1121] Train tree 13/30 [index:12 total:33.71s tree:11.18s]
I0000 00:00:1777605674.502318  236812 random_forest.cc:1121] Train tree 25/30 [index:25 total:56.48s tree:9.76s]
I0000 00:00:1777605679.936154  236808 random_forest.cc:1131] random_forest.cc Training block took: 61.9183 s
I0000 00:00:1777605679.936201  236808 random_forest.cc:1217] EXITING EARLY TO SPEED UP EXPERIMENTS!
-1 (automatic) threads requested. 6 threads set.
Using histogram splitting: Random with 64 bins
----- Run 3/7 -----
WARNING: All log messages before absl::InitializeLog() is called are written to STDERR
I0000 00:00:1777605680.064442  236883 train_oblique_forest.cc:261] Generating trunk synthetic dataset: rows=100000, cols=4096
I0000 00:00:1777605685.917342  236883 train_oblique_forest.cc:391] Configuring oblique splits
I0000 00:00:1777605685.917829  236883 abstract_learner.cc:155] No input feature explicitly specified. Using all the available input features.
I0000 00:00:1777605685.917839  236883 abstract_learner.cc:172] The label "y" was removed from the input feature set.
I0000 00:00:1777605685.919062  236883 random_forest.cc:478] Training random forest on 100000 example(s) and 4096 feature(s).
I0000 00:00:1777605685.919287  236883 gpu.cc:93] Cannot initialize GPU: Not compiled with GPU support
I0000 00:00:1777605685.920768  236883 random_forest.cc:713] num_threads being used: 6
I0000 00:00:1777605696.959295  236887 random_forest.cc:1121] Train tree 1/30 [index:2 total:11.04s tree:11.04s]
I0000 00:00:1777605718.579085  236887 random_forest.cc:1121] Train tree 13/30 [index:12 total:32.66s tree:10.53s]
I0000 00:00:1777605739.691810  236887 random_forest.cc:1121] Train tree 25/30 [index:25 total:53.77s tree:9.68s]
I0000 00:00:1777605743.646423  236883 random_forest.cc:1131] random_forest.cc Training block took: 57.729 s
I0000 00:00:1777605743.646476  236883 random_forest.cc:1217] EXITING EARLY TO SPEED UP EXPERIMENTS!
-1 (automatic) threads requested. 6 threads set.
Using histogram splitting: Random with 64 bins
----- Run 4/7 -----
WARNING: All log messages before absl::InitializeLog() is called are written to STDERR
I0000 00:00:1777605743.779008  236948 train_oblique_forest.cc:261] Generating trunk synthetic dataset: rows=100000, cols=4096
I0000 00:00:1777605749.593276  236948 train_oblique_forest.cc:391] Configuring oblique splits
I0000 00:00:1777605749.593809  236948 abstract_learner.cc:155] No input feature explicitly specified. Using all the available input features.
I0000 00:00:1777605749.593821  236948 abstract_learner.cc:172] The label "y" was removed from the input feature set.
I0000 00:00:1777605749.595433  236948 random_forest.cc:478] Training random forest on 100000 example(s) and 4096 feature(s).
I0000 00:00:1777605749.595667  236948 gpu.cc:93] Cannot initialize GPU: Not compiled with GPU support
I0000 00:00:1777605749.597191  236948 random_forest.cc:713] num_threads being used: 6
I0000 00:00:1777605759.887231  236958 random_forest.cc:1121] Train tree 1/30 [index:2 total:10.29s tree:10.29s]
I0000 00:00:1777605781.231671  236958 random_forest.cc:1121] Train tree 13/30 [index:12 total:31.63s tree:10.48s]
I0000 00:00:1777605801.338708  236958 random_forest.cc:1121] Train tree 25/30 [index:25 total:51.74s tree:8.92s]
I0000 00:00:1777605805.665126  236948 random_forest.cc:1131] random_forest.cc Training block took: 56.0718 s
I0000 00:00:1777605805.665180  236948 random_forest.cc:1217] EXITING EARLY TO SPEED UP EXPERIMENTS!
-1 (automatic) threads requested. 6 threads set.
Using histogram splitting: Random with 64 bins
----- Run 5/7 -----
WARNING: All log messages before absl::InitializeLog() is called are written to STDERR
I0000 00:00:1777605805.800413  236988 train_oblique_forest.cc:261] Generating trunk synthetic dataset: rows=100000, cols=4096
I0000 00:00:1777605811.630290  236988 train_oblique_forest.cc:391] Configuring oblique splits
I0000 00:00:1777605811.630800  236988 abstract_learner.cc:155] No input feature explicitly specified. Using all the available input features.
I0000 00:00:1777605811.630810  236988 abstract_learner.cc:172] The label "y" was removed from the input feature set.
I0000 00:00:1777605811.631803  236988 random_forest.cc:478] Training random forest on 100000 example(s) and 4096 feature(s).
I0000 00:00:1777605811.632024  236988 gpu.cc:93] Cannot initialize GPU: Not compiled with GPU support
I0000 00:00:1777605811.633435  236988 random_forest.cc:713] num_threads being used: 6
I0000 00:00:1777605822.200619  236993 random_forest.cc:1121] Train tree 1/30 [index:2 total:10.57s tree:10.57s]
I0000 00:00:1777605843.963081  236993 random_forest.cc:1121] Train tree 13/30 [index:12 total:32.33s tree:10.63s]
I0000 00:00:1777605864.692843  236993 random_forest.cc:1121] Train tree 25/30 [index:25 total:53.06s tree:8.80s]
I0000 00:00:1777605868.719839  236988 random_forest.cc:1131] random_forest.cc Training block took: 57.0895 s
I0000 00:00:1777605868.719912  236988 random_forest.cc:1217] EXITING EARLY TO SPEED UP EXPERIMENTS!
-1 (automatic) threads requested. 6 threads set.
Using histogram splitting: Random with 64 bins
----- Run 6/7 -----
WARNING: All log messages before absl::InitializeLog() is called are written to STDERR
I0000 00:00:1777605868.854702  237081 train_oblique_forest.cc:261] Generating trunk synthetic dataset: rows=100000, cols=4096
I0000 00:00:1777605874.678209  237081 train_oblique_forest.cc:391] Configuring oblique splits
I0000 00:00:1777605874.678700  237081 abstract_learner.cc:155] No input feature explicitly specified. Using all the available input features.
I0000 00:00:1777605874.678710  237081 abstract_learner.cc:172] The label "y" was removed from the input feature set.
I0000 00:00:1777605874.679622  237081 random_forest.cc:478] Training random forest on 100000 example(s) and 4096 feature(s).
I0000 00:00:1777605874.679878  237081 gpu.cc:93] Cannot initialize GPU: Not compiled with GPU support
I0000 00:00:1777605874.681277  237081 random_forest.cc:713] num_threads being used: 6
I0000 00:00:1777605885.814715  237140 random_forest.cc:1121] Train tree 1/30 [index:2 total:11.13s tree:11.13s]
I0000 00:00:1777605909.165516  237140 random_forest.cc:1121] Train tree 13/30 [index:12 total:34.48s tree:11.54s]
I0000 00:00:1777605932.287189  237140 random_forest.cc:1121] Train tree 25/30 [index:25 total:57.61s tree:9.68s]
I0000 00:00:1777605935.923222  237081 random_forest.cc:1131] random_forest.cc Training block took: 61.245 s
I0000 00:00:1777605935.923297  237081 random_forest.cc:1217] EXITING EARLY TO SPEED UP EXPERIMENTS!
-1 (automatic) threads requested. 6 threads set.
Using histogram splitting: Random with 64 bins
----- Run 7/7 -----
WARNING: All log messages before absl::InitializeLog() is called are written to STDERR
I0000 00:00:1777605936.058394  237586 train_oblique_forest.cc:261] Generating trunk synthetic dataset: rows=100000, cols=4096
I0000 00:00:1777605941.877187  237586 train_oblique_forest.cc:391] Configuring oblique splits
I0000 00:00:1777605941.877729  237586 abstract_learner.cc:155] No input feature explicitly specified. Using all the available input features.
I0000 00:00:1777605941.877741  237586 abstract_learner.cc:172] The label "y" was removed from the input feature set.
I0000 00:00:1777605941.879274  237586 random_forest.cc:478] Training random forest on 100000 example(s) and 4096 feature(s).
I0000 00:00:1777605941.879475  237586 gpu.cc:93] Cannot initialize GPU: Not compiled with GPU support
I0000 00:00:1777605941.880913  237586 random_forest.cc:713] num_threads being used: 6
I0000 00:00:1777605952.301266  237626 random_forest.cc:1121] Train tree 1/30 [index:2 total:10.42s tree:10.42s]
I0000 00:00:1777605973.823467  237626 random_forest.cc:1121] Train tree 13/30 [index:12 total:31.94s tree:10.60s]
I0000 00:00:1777605994.920193  237625 random_forest.cc:1121] Train tree 25/30 [index:25 total:53.04s tree:9.21s]
I0000 00:00:1777606000.162516  237586 random_forest.cc:1131] random_forest.cc Training block took: 58.2852 s
I0000 00:00:1777606000.162568  237586 random_forest.cc:1217] EXITING EARLY TO SPEED UP EXPERIMENTS!
-1 (automatic) threads requested. 6 threads set.
Using histogram splitting: Random with 64 bins
MEDIAN of 7/7 runs: 58.2852 s  (samples: 58.5778 61.9183 57.729 56.0718 57.0895 61.245 58.2852)


======== No vectorizable Oblique methods selected; skipping vectorized experiments ========

