sep=,

"Intel(R) Advisor Command Line Tool
Copyright (C) 2009-2025 Intel Corporation. All rights reserved."
"Survey Data version=1.1.0","delimiter=,"

"Function Call Sites and Loops","Total Time Percent","Total Time","Self Time Percent","Self Time","Total Elapsed Time","Self Elapsed Time","Type","Loop Height","Max Depth","Loop Function ID","Why No Vectorization","Vector ISA","Vector Length","Compiler Estimated Gain","Self GFLOPS","Total GFLOPS","Self AI","Total Arithmetic Intensity","Self GINTOPS","Total GINTOPS","Self INT AI","Total INT AI","Self Giga OPS","Total Giga OPS","Self Overall AI","Total Overall AI","Self GFLOP","Total GFLOP","Self GINTOP","Total GINTOP","Self Giga OP","Total Giga OP","Self Memory GB","Total Memory GB","Self GB/s","Total GB/s","Traits","Data Types","Vector Widths","Instruction Sets","Transformations","Unroll Factor","Multi-Pumping Factor","Vectorization Details","Optimization Details","Source Location","Module","Dynamic func_inst","Dynamic compute","Dynamic int_compute","Dynamic sp_compute","Dynamic dp_compute","Dynamic memory","Dynamic all_instructions","Dynamic vector_compute","Dynamic vector_memory","Dynamic sse_vector_compute","Dynamic avx_vector_compute","Dynamic avx2_vector_compute","Dynamic avx512_vector_compute","Dynamic avx512phi_vector_compute","Dynamic fma_vector_compute","Dynamic amx_vector_compute","Dynamic x86_scalar_compute","Dynamic x87_scalar_compute","Dynamic sse_scalar_compute","Dynamic avx_scalar_compute","Dynamic avx2_scalar_compute","Dynamic avx512_scalar_compute","Dynamic fma_scalar_compute","Dynamic sse_vector_memory","Dynamic avx_vector_memory","Dynamic avx2_vector_memory","Dynamic avx512_vector_memory","Dynamic avx512phi_vector_memory","Dynamic x86_scalar_memory","Dynamic x87_scalar_memory","Dynamic sse_scalar_memory","Dynamic avx_scalar_memory","Dynamic avx2_scalar_memory","Dynamic avx512_scalar_memory","Dynamic loads","Dynamic stores","Dynamic loaded_bytes","Dynamic stored_bytes","Dynamic compute_with_memory","Dynamic int_compute_with_memory","Dynamic sp_compute_with_memory","Dynamic dp_compute_with_memory","Dynamic vector_compute_with_memory","Dynamic sse_vector_compute_with_memory","Dynamic avx_vector_compute_with_memory","Dynamic avx2_vector_compute_with_memory","Dynamic avx512_vector_compute_with_memory","Dynamic avx512phi_vector_compute_with_memory","Dynamic fma_vector_compute_with_memory","Dynamic x86_scalar_compute_with_memory","Dynamic x87_scalar_compute_with_memory","Dynamic sse_scalar_compute_with_memory","Dynamic avx_scalar_compute_with_memory","Dynamic avx2_scalar_compute_with_memory","Dynamic avx512_scalar_compute_with_memory","Dynamic fma_scalar_compute_with_memory","Dynamic add","Dynamic mul","Dynamic sub","Dynamic div","Dynamic sad","Dynamic min","Dynamic avg","Dynamic max","Dynamic abs","Dynamic sign","Dynamic sqrt","Dynamic fma","Dynamic reccp","Dynamic scale","Dynamic vpconflict","Dynamic vplzcnt","Dynamic call"
"Total","100","588.860s","0","0s","11.640s","0s","","","1","","","","","","","46.810","","0.053","","132.105","","0.150","","178.915","","0.203","","544.870","","1537.702","","2082.572","","10274.092","","882.654","","","","","","","","","","","","","","","","","","","","","","","","","","","","","","","","","","","","","","","","","","","","","","","","","","","","","","","","","","","","","","","","","","","","","","","","","","","","","","","","","","","",""
"func@0x13f650","77.4038","455.800s","0","0s","11.440s","0s","Function","","2","19","","","","","","47.628","","0.053","","134.415","","0.150","","182.043","","0.203","","544.870","","1537.702","","2082.572","","10274.092","","898.085","","","","","","","","","","","libc.so.6","","","","","","","","","","","","","","","","","","","","","","","","","","","","","","","","","","","","","","","","","","","","","","","","","","","","","","","","","","","","","","","","","","","","","","","","",""
"func@0xabdf0","77.4038","455.800s","0","0s","11.440s","0s","Function","","3","21","","","","","","47.628","","0.053","","134.415","","0.150","","182.043","","0.203","","544.870","","1537.702","","2082.572","","10274.092","","898.085","","UInt16; ","128","AVX","","","","","","","libc.so.6","","","","","","","","","","","","","","","","","","","","","","","","","","","","","","","","","","","","","","","","","","","","","","","","","","","","","","","","","","","","","","","","","","","","","","","","",""
"[loop in func@0xabdf0]","77.4038","455.800s","0","0s","11.440s","0s","Scalar","10","4","20","","","","","","47.628","","0.053","","134.415","","0.150","","182.043","","0.203","","544.870","","1537.702","","2082.572","","10274.092","","898.085","","","","","","","","","","","libc.so.6","","","","","","","","","","","","","","","","","","","","","","","","","","","","","","","","","","","","","","","","","","","","","","","","","","","","","","","","","","","","","","","","","","","","","","","","",""
"func@0xf7420","77.4038","455.800s","0","0s","11.440s","0s","Function","","5","8","","","","","","47.628","","0.053","","134.415","","0.150","","182.043","","0.203","","544.870","","1537.702","","2082.572","","10274.092","","898.085","","","","","","","","","","","libstdc++.so.6","","","","","","","","","","","","","","","","","","","","","","","","","","","","","","","","","","","","","","","","","","","","","","","","","","","","","","","","","","","","","","","","","","","","","","","","",""
"yggdrasil_decision_forests::utils::concurrency::ThreadPool::ThreadLoop","70.3937","414.520s","0","0s","11.440s","0s","Function","","6","110","","","","","","47.628","","0.055","","117.144","","0.136","","164.773","","0.192","","544.870","","1340.130","","1885.000","","9819.318","","858.332","","Int32","128","AVX","","","","","","concurrency_default.cc:57","tof_fork_g","","","","","","","","","","","","","","","","","","","","","","","","","","","","","","","","","","","","","","","","","","","","","","","","","","","","","","","","","","","","","","","","","","","","","","","","",""
"[loop in yggdrasil_decision_forests::utils::concurrency::ThreadPool::ThreadLoop at concurrency_default.cc:60]","70.3937","414.520s","0","0s","11.440s","0s","Scalar","9","7","109","","","","","","47.628","","0.055","","117.144","","0.136","","164.773","","0.192","","544.870","","1340.130","","1885.000","","9819.318","","858.332","","Int32; UInt16","128","AVX","","","","","","concurrency_default.cc:60","tof_fork_g","","","","","","","","","","","","","","","","","","","","","","","","","","","","","","","","","","","","","","","","","","","","","","","","","","","","","","","","","","","","","","","","","","","","","","","","",""
"std::function<void (void)>::operator()","70.3937","414.520s","0","0s","11.440s","0s","Inlined Function","","8","108","","","","","","47.628","","0.055","","117.144","","0.136","","164.773","","0.192","","544.870","","1340.130","","1885.000","","9819.318","","858.332","","","","","","","","","","std_function.h:589","tof_fork_g","314","3226764","3226764","0","0","52489123","67023113","0","33921678","0","0","0","0","0","0","0","3226764","0","0","0","0","0","0","0","33921678","0","0","0","18567445","0","0","0","0","0","28268065","19387688","575122904","504079888","7266995","7266995","0","0","0","0","0","0","0","0","0","7266995","0","0","0","0","0","0","5653613","1613382","2420073","0","0","0","0","0","0","0","0","0","0","0","0","0","0"
"std::_Function_handler<void (void), yggdrasil_decision_forests::model::random_forest::RandomForestLearner::TrainWithStatusImpl(yggdrasil_decision_forests::dataset::VerticalDataset const&, std::optional<std::reference_wrapper<yggdrasil_decision_forests::dataset::VerticalDataset const>>) const::$_0>::_M_invoke","70.3937","414.520s","0","0s","11.440s","0s","Function","","9","112","","","","","","47.628","0","0.055","","117.144","0","0.136","","164.773","0","0.192","0","544.870","0","1340.130","0","1885.000","< 0.001","9819.318","","858.332","","Int64; ","128/256","AVX; AVX2; AVX512F_128","","","","","","std_function.h:290","tof_fork_g","","","","","","","","","","","","","","","","","","","","","","","","","","","","","","","","","","","","","","","","","","","","","","","","","","","","","","","","","","","","","","","","","","","","","","","","",""
"_ZSt10__invoke_rIvRZNK26yggdrasil_decision_forests5model13random_forest19RandomForestLearner19TrainWithStatusImplERKNS0_7dataset15VerticalDatasetESt8optionalISt17reference_wrapperIS6_EEE3$_0JEENSt9enable_ifIX16is_invocable_r_vIT_T0_DpT1_EESF_E4typeEOSG_DpOSH_","70.3937","414.520s","0","0s","11.440s","0s","Inlined Function","","10","114","","","","","","47.628","","0.055","","117.144","","0.136","","164.773","","0.192","","544.870","","1340.130","","1885.000","","9819.318","","858.332","","Int64; ","128/256","AVX; AVX2; AVX512F_128","","","","","","invoke.h:106","tof_fork_g","","","","","","","","","","","","","","","","","","","","","","","","","","","","","","","","","","","","","","","","","","","","","","","","","","","","","","","","","","","","","","","","","","","","","","","","",""
"std::__invoke_impl<void, yggdrasil_decision_forests::model::random_forest::RandomForestLearner::TrainWithStatusImpl(yggdrasil_decision_forests::dataset::VerticalDataset const&, std::optional<std::reference_wrapper<yggdrasil_decision_forests::dataset::VerticalDataset const>>) const::$_0&>","70.3937","414.520s","0","0s","11.440s","0s","Inlined Function","","11","113","","","","","","47.628","","0.055","","117.144","","0.136","","164.773","","0.192","","544.870","","1340.130","","1885.000","","9819.318","","858.332","","Int64; ","128/256","AVX; AVX2; AVX512F_128","","","","","","invoke.h:62","tof_fork_g","","","","","","","","","","","","","","","","","","","","","","","","","","","","","","","","","","","","","","","","","","","","","","","","","","","","","","","","","","","","","","","","","","","","","","","","",""
"yggdrasil_decision_forests::model::random_forest::RandomForestLearner::TrainWithStatusImpl(yggdrasil_decision_forests::dataset::VerticalDataset const&, std::optional<std::reference_wrapper<yggdrasil_decision_forests::dataset::VerticalDataset const>>) const::$_0::operator()","70.3937","414.520s","0","0s","11.440s","0s","Inlined Function","","12","111","","","","","","47.628","0","0.055","","117.144","0.061","0.136","","164.773","0.061","0.192","0","544.870","< 0.001","1340.130","< 0.001","1885.000","< 0.001","9819.318","","858.332","","Int64; ","128/256","AVX; AVX2; AVX512F_128","","","","","","random_forest.cc:698","tof_fork_g","323","0","0","0","0","2070528179","497443582","0","274563013","0","0","0","0","0","0","0","0","0","0","0","0","0","0","0","274563013","0","0","0","1795965166","0","0","0","0","0","151817189","51682438","400538956","826919104","0","0","0","0","0","0","0","0","0","0","0","0","0","0","0","0","0","0","0","0","0","0","0","0","0","0","0","0","0","0","0","0","0","0","0"
"yggdrasil_decision_forests::model::decision_tree::DecisionTreeTrain","70.268","413.780s","0","0s","11.420s","0s","Function","","13","120","","","","","","47.712","0","0.055","","117.339","0.125","0.136","","165.051","0.125","0.192","0","544.870","< 0.001","1340.008","< 0.001","1884.878","0.002","9819.067","","859.813","","Int32","128","AVX","","","","","","training.cc","tof_fork_g","324","0","0","0","0","25841222","51682444","0","0","0","0","0","0","0","0","0","0","0","0","0","0","0","0","0","0","0","0","0","25841222","0","0","0","0","0","0","0","0","0","0","0","0","0","0","0","0","0","0","0","0","0","0","0","0","0","0","0","0","0","0","0","0","0","0","0","0","0","0","0","0","0","0","0","19380918"
"yggdrasil_decision_forests::model::decision_tree::DecisionTreeCoreTrain","70.268","413.780s","0","0s","11.420s","0s","Function","","14","121","","","","","","47.712","0","0.055","","117.339","0","0.136","","165.051","0","0.192","0","544.870","0","1340.008","0","1884.878","< 0.001","9819.065","","859.813","","Int32","256","AVX","","","","","","training.cc","tof_fork_g","325","0","0","0","0","261252420","653131050","0","0","0","0","0","0","0","0","0","0","0","0","0","0","0","0","0","0","0","0","0","261252420","0","0","0","0","0","130626210","130626210","1045009680","1045009680","0","0","0","0","0","0","0","0","0","0","0","0","0","0","0","0","0","0","0","0","0","0","0","0","0","0","0","0","0","0","0","0","0","0","0"
"yggdrasil_decision_forests::model::decision_tree::GrowTreeLocal","70.268","413.780s","0","0s","11.420s","0s","Function","","15","123","","","","","","47.712","0","0.055","","117.339","0.018","0.136","","165.051","0.018","0.192","0","544.870","< 0.001","1340.008","< 0.001","1884.878","< 0.001","9819.065","","859.813","","Int32; UInt16; ","128/256","AVX; AVX512F_128","","","","","","training.cc","tof_fork_g","","","","","","","","","","","","","","","","","","","","","","","","","","","","","","","","","","","","","","","","","","","","","","","","","","","","","","","","","","","","","","","","","","","","","","","","",""
"[loop in yggdrasil_decision_forests::model::decision_tree::GrowTreeLocal at training.cc:5560]","70.268","413.780s","0.0203792","0.120s","11.420s","0.020s","Scalar","8","16","122","","","","","","47.712","","0.055","","117.339","","0.136","","165.051","","0.192","","544.870","","1340.008","","1884.878","","9819.065","","859.813","","Int32; UInt16","128/256","AVX","","","","","","training.cc:5560","tof_fork_g","","","","","","","","","","","","","","","","","","","","","","","","","","","","","","","","","","","","","","","","","","","","","","","","","","","","","","","","","","","","","","","","","","","","","","","","",""
"yggdrasil_decision_forests::model::decision_tree::FindBestCondition","69.1608","407.260s","0.00679233","0.040s","11.280s","0.020s","Function","","17","124","","","","","0","48.161","0","0.056","0.969","118.234","0.026","0.137","0.969","166.395","0.026","0.193","0","543.261","0.019","1333.675","0.019","1876.936","0.753","9724.571","37.633","862.107","","Int32; Int64","128","AVX","","","","","","training.cc","tof_fork_g","327","0","0","0","0","7371791","12637356","0","0","0","0","0","0","0","0","0","0","0","0","0","0","0","0","0","0","0","0","0","7371791","0","0","0","0","0","0","0","0","0","0","0","0","0","0","0","0","0","0","0","0","0","0","0","0","0","0","0","0","0","0","0","0","0","0","0","0","0","0","0","0","0","0","0","2106226"
"yggdrasil_decision_forests::model::decision_tree::FindBestConditionSingleThreadManager","69.1438","407.160s","0.0984937","0.580s","11.280s","0.060s","Function","","18","125","","","","","0","48.161","0","0.056","0.592","118.232","0.034","0.137","0.592","166.393","0.034","0.193","0","543.261","0.036","1333.655","0.036","1876.916","1.050","9723.818","17.497","862.040","","","","","","","","","","training.cc","tof_fork_g","","","","","","","","","","","","","","","","","","","","","","","","","","","","","","","","","","","","","","","","","","","","","","","","","","","","","","","","","","","","","","","","","","","","","","","","",""
"yggdrasil_decision_forests::model::decision_tree::FindBestConditionOblique","68.4781","403.240s","0.0033965","0.020s","11.200s","0.020s","Function","","19","126","","","","","0","48.505","0","0.056","0.323","118.684","0.008","0.138","0.323","167.190","0.008","0.194","0","543.261","0.006","1329.265","0.006","1872.526","0.814","9665.237","40.699","862.967","","","","","","","","","","training.cc","tof_fork_g","329","0","0","0","0","0","0","0","0","0","0","0","0","0","0","0","0","0","0","0","0","0","0","0","0","0","0","0","0","0","0","0","0","0","0","0","0","0","0","0","0","0","0","0","0","0","0","0","0","0","0","0","0","0","0","0","0","0","0","0","0","0","0","0","0","0","0","0","0","0","0","0","0"
"yggdrasil_decision_forests::model::decision_tree::FindBestConditionOblique","68.4747","403.220s","0","0s","11.200s","0s","Function","","20","127","","","","","","48.505","0","0.056","","118.684","0.008","0.138","","167.189","0.008","0.194","0","543.261","0.006","1329.259","0.006","1872.520","0.843","9664.423","","862.894","","","","","","","","","","oblique.cc","tof_fork_g","","","","","","","","","","","","","","","","","","","","","","","","","","","","","","","","","","","","","","","","","","","","","","","","","","","","","","","","","","","","","","","","","","","","","","","","",""
"yggdrasil_decision_forests::model::decision_tree::FindBestConditionSparseObliqueTemplate<yggdrasil_decision_forests::model::decision_tree::ClassificationLabelStats>","68.4611","403.140s","0.033965","0.200s","11.200s","0.020s","Function","","21","129","","","","","0.646","48.505","0.005","0.056","9.948","118.683","0.084","0.138","10.594","167.189","0.089","0.194","0.013","543.261","0.199","1329.252","0.212","1872.513","2.375","9663.580","118.708","862.819","","Int32; UInt16; ","128","AVX; AVX512F_128","","","","","","oblique.cc","tof_fork_g","","","","","","","","","","","","","","","","","","","","","","","","","","","","","","","","","","","","","","","","","","","","","","","","","","","","","","","","","","","","","","","","","","","","","","","","",""
"[loop in yggdrasil_decision_forests::model::decision_tree::FindBestConditionSparseObliqueTemplate<yggdrasil_decision_forests::model::decision_tree::ClassificationLabelStats> at status.h]","67.8089","399.299s","0.176614","1.040s","11.100s","0.060s","Scalar","7","22","128","","","","","0","48.925","0","0.057","24.439","117.312","0.033","0.136","24.439","166.237","0.033","0.192","0","543.070","1.466","1302.165","1.466","1845.236","44.617","9594.653","743.554","864.382","","Int32","128","AVX","","","","","","status.h","tof_fork_g","","","","","","","","","","","","","","","","","","","","","","","","","","","","","","","","","","","","","","","","","","","","","","","","","","","","","","","","","","","","","","","","","","","","","","","","",""
"yggdrasil_decision_forests::model::decision_tree::EvaluateProjection<yggdrasil_decision_forests::model::decision_tree::ClassificationLabelStats, std::vector<int, std::allocator<int>>>","35.9101","211.460s","0.0950994","0.560s","6.120s","0.060s","Function","","23","130","","","","","0","76.641","0","0.057","21.803","194.262","0.013","0.145","21.803","270.903","0.013","0.203","0","469.044","1.308","1188.884","1.308","1657.928","102.477","8175.006","1707.886","1335.785","","Int32","128/256","AVX","","","","","","oblique.cc","tof_fork_g","","","","","","","","","","","","","","","","","","","","","","","","","","","","","","","","","","","","","","","","","","","","","","","","","","","","","","","","","","","","","","","","","","","","","","","","",""
"yggdrasil_decision_forests::model::decision_tree::FindSplitLabelClassificationFeatureNumericalCart","35.6995","210.220s","0.356621","2.100s","6.100s","0.140s","Function","","24","131","","","","","7.455","76.892","0.010","0.058","57.724","194.565","0.076","0.147","65.179","271.458","0.086","0.205","1.044","469.044","8.081","1186.849","9.125","1655.893","106.495","8065.553","760.683","1322.221","2-Source Permutes; Blends; Divisions; Extracts; FMA; Gathers; Inserts; Shifts; Shuffles; Type Conversions; Unpacks","Int32; Int64; UInt16; UInt256; ; ","128/256","AVX; AVX2; AVX512DQ_128; AVX512DQ_256; AVX512F_128; AVX512F_256","","","","","","training.cc","tof_fork_g","","","","","","","","","","","","","","","","","","","","","","","","","","","","","","","","","","","","","","","","","","","","","","","","","","","","","","","","","","","","","","","","","","","","","","","","",""
"[loop in yggdrasil_decision_forests::model::decision_tree::FindSplitLabelClassificationFeatureNumericalCart at splitter_scanner.h]","17.5521","103.357s","17.5521","103.357s","3.100s","3.100s","Vectorized (Body)","0","25","149","","AVX512","2; 8","","43.106","43.106","0.060","0.060","86.414","86.414","0.121","0.121","129.521","129.521","0.182","0.182","133.627","133.627","267.881","267.881","401.509","401.509","2211.459","2211.459","713.384","713.384","2-Source Permutes; Blends; Divisions; FMA; Inserts; Shifts; Shuffles; Type Conversions","Int32; Int64; UInt16; ; ","128","AVX; AVX512F_128","","","","","","splitter_scanner.h","tof_fork_g","","","","","","","","","","","","","","","","","","","","","","","","","","","","","","","","","","","","","","","","","","","","","","","","","","","","","","","","","","","","","","","","","","","","","","","","",""
"hwy::N_AVX3_SPR::(anonymous namespace)::SortKV64Asc","10.6716","62.841s","0.0271712","0.160s","2.000s","0.040s","Function","","25","143","","","","","0","0","0","0","7.761","10.404","0.069","0.055","7.761","10.404","0.069","0.055","0","0","0.310","20.808","0.310","20.808","4.487","377.089","112.184","188.547","","","","","","","","","","vqsort_kv64a.cc","tof_fork_g","342","0","0","0","0","19380912","35531672","0","6460304","0","0","0","0","0","0","0","0","0","0","0","0","0","0","0","6460304","0","0","0","12920608","0","0","0","0","0","3230152","19380912","25841216","310094592","0","0","0","0","0","0","0","0","0","0","0","0","0","0","0","0","0","0","0","0","0","0","0","0","0","0","0","0","0","0","0","0","0","0","0"
"hwy::N_AVX3_SPR::detail::Recurse<(hwy::N_AVX3_SPR::detail::RecurseMode)0, hwy::N_AVX3_SPR::Simd<unsigned long, (unsigned long)8, (int)0>, hwy::N_AVX3_SPR::detail::SharedTraits<hwy::N_AVX3_SPR::detail::TraitsLane<hwy::N_AVX3_SPR::detail::OrderAscendingKV64>>, unsigned long>","9.23157","54.361s","0.0101889","0.060s","1.720s","0.020s","Function","","26","145","","","","","0","0","0","0","5.616","11.917","0.029","0.055","5.616","11.917","0.029","0.055","0","0","0.112","20.497","0.112","20.497","3.834","372.602","191.697","216.627","Permutes; Shifts","UInt16; UInt256; ","128/512","AVX; AVX512F_512","","","","","","vqsort-inl.h","tof_fork_g","","","","","","","","","","","","","","","","","","","","","","","","","","","","","","","","","","","","","","","","","","","","","","","","","","","","","","","","","","","","","","","","","","","","","","","","",""
"[loop in hwy::N_AVX3_SPR::detail::Recurse<(hwy::N_AVX3_SPR::detail::RecurseMode)0, hwy::N_AVX3_SPR::Simd<unsigned long, (unsigned long)8, (int)0>, hwy::N_AVX3_SPR::detail::SharedTraits<hwy::N_AVX3_SPR::detail::TraitsLane<hwy::N_AVX3_SPR::detail::OrderAscendingKV64>>, unsigned long> at vqsort-inl.h]","9.22138","54.301s","0.125664","0.740s","1.720s","0.080s","Scalar","6","27","144","","","","","0","0","0","0","51.711","11.852","0.094","0.055","51.711","11.852","0.094","0.055","0","0","4.137","20.385","4.137","20.385","44.064","368.767","550.849","214.398","Mask Manipulations; Permutes; Shifts","UInt16; UInt256; ","128/512","AVX; AVX512F_512","","","","","","vqsort-inl.h","tof_fork_g","343","0","0","0","0","0","0","0","0","0","0","0","0","0","0","0","0","0","0","0","0","0","0","0","0","0","0","0","0","0","0","0","0","0","0","0","0","0","0","0","0","0","0","0","0","0","0","0","0","0","0","0","0","0","0","0","0","0","0","0","0","0","0","0","0","0","0","0","0","0","0","0","0"
"hwy::N_AVX3_SPR::detail::Recurse<(hwy::N_AVX3_SPR::detail::RecurseMode)0, hwy::N_AVX3_SPR::Simd<unsigned long, (unsigned long)8, (int)0>, hwy::N_AVX3_SPR::detail::SharedTraits<hwy::N_AVX3_SPR::detail::TraitsLane<hwy::N_AVX3_SPR::detail::OrderAscendingKV64>>, unsigned long>","6.83355","40.240s","0.0101893","0.060s","1.320s","0.040s","Function","","28","145","","","","","","0","","0","","0.447","","0.035","","0.447","","0.035","","0","","0.591","","0.591","","17.030","","12.902","Permutes; Shifts","UInt16; UInt256; ","128/512","AVX; AVX512F_512","","","","","","vqsort-inl.h","tof_fork_g","","","","","","","","","","","","","","","","","","","","","","","","","","","","","","","","","","","","","","","","","","","","","","","","","","","","","","","","","","","","","","","","","","","","","","","","",""
"[loop in hwy::N_AVX3_SPR::detail::Recurse<(hwy::N_AVX3_SPR::detail::RecurseMode)0, hwy::N_AVX3_SPR::Simd<unsigned long, (unsigned long)8, (int)0>, hwy::N_AVX3_SPR::detail::SharedTraits<hwy::N_AVX3_SPR::detail::TraitsLane<hwy::N_AVX3_SPR::detail::OrderAscendingKV64>>, unsigned long> at vqsort-inl.h]","6.82336","40.180s","0.139253","0.820s","1.320s","0.080s","Scalar","5","29","144","","","","","","0","","0","","0.447","","0.035","","0.447","","0.035","","0","","0.591","","0.591","","17.030","","12.902","Mask Manipulations; Permutes; Shifts","UInt16; UInt256; ","128/512","AVX; AVX512F_512","","","","","","vqsort-inl.h","tof_fork_g","344","2691154328","2691154328","0","0","2399342618","648471480","0","0","0","0","0","0","0","0","0","2691154328","0","0","0","0","0","0","0","0","0","0","0","2399342618","0","0","0","0","0","52","0","208","0","0","0","0","0","0","0","0","0","0","0","0","0","0","0","0","0","0","0","0","194541188","0","85","0","0","0","0","0","0","0","0","0","0","0","0","39"
"hwy::N_AVX3_SPR::detail::Recurse<(hwy::N_AVX3_SPR::detail::RecurseMode)0, hwy::N_AVX3_SPR::Simd<unsigned long, (unsigned long)8, (int)0>, hwy::N_AVX3_SPR::detail::SharedTraits<hwy::N_AVX3_SPR::detail::TraitsLane<hwy::N_AVX3_SPR::detail::OrderAscendingKV64>>, unsigned long>","2.72391","16.040s","0.0475485","0.280s","0.600s","0.040s","Function","","30","145","","","","","","0","","0","","0.984","","0.035","","0.984","","0.035","","0","","0.591","","0.591","","17.030","","28.384","Permutes; Shifts","UInt16; UInt256; ","128/512","AVX; AVX512F_512","","","","","","vqsort-inl.h","tof_fork_g","","","","","","","","","","","","","","","","","","","","","","","","","","","","","","","","","","","","","","","","","","","","","","","","","","","","","","","","","","","","","","","","","","","","","","","","",""
"[loop in hwy::N_AVX3_SPR::detail::Recurse<(hwy::N_AVX3_SPR::detail::RecurseMode)0, hwy::N_AVX3_SPR::Simd<unsigned long, (unsigned long)8, (int)0>, hwy::N_AVX3_SPR::detail::SharedTraits<hwy::N_AVX3_SPR::detail::TraitsLane<hwy::N_AVX3_SPR::detail::OrderAscendingKV64>>, unsigned long> at vqsort-inl.h]","2.67636","15.760s","0.444931","2.620s","0.600s","0.180s","Scalar","4","31","144","","","","","","0","","0","","0.984","","0.035","","0.984","","0.035","","0","","0.591","","0.591","","17.030","","28.384","Mask Manipulations; Permutes; Shifts","UInt16; UInt256; ","128/512","AVX; AVX512F_512","","","","","","vqsort-inl.h","tof_fork_g","","","","","","","","","","","","","","","","","","","","","","","","","","","","","","","","","","","","","","","","","","","","","","","","","","","","","","","","","","","","","","","","","","","","","","","","",""
"[loop in hwy::N_AVX3_SPR::detail::Recurse<(hwy::N_AVX3_SPR::detail::RecurseMode)0, hwy::N_AVX3_SPR::Simd<unsigned long, (unsigned long)8, (int)0>, hwy::N_AVX3_SPR::detail::SharedTraits<hwy::N_AVX3_SPR::detail::TraitsLane<hwy::N_AVX3_SPR::detail::OrderAscendingKV64>>, unsigned long> at vqsort-inl.h:881]","1.10043","6.480s","1.10046","6.480s","0.280s","0.280s","Vectorized (Body)","0","32","147","","AVX512","2","","","","","","","","","","","","","","","","","","","","","","","","Mask Manipulations; Permutes; Shifts","UInt256; ","512","AVX512F_512","","","","","","vqsort-inl.h:881","tof_fork_g","","","","","","","","","","","","","","","","","","","","","","","","","","","","","","","","","","","","","","","","","","","","","","","","","","","","","","","","","","","","","","","","","","","","","","","","",""
"hwy::N_AVX3_SPR::detail::Sort8Rows<(unsigned long)2, hwy::N_AVX3_SPR::detail::SharedTraits<hwy::N_AVX3_SPR::detail::TraitsLane<hwy::N_AVX3_SPR::detail::OrderAscending<unsigned long>>>, unsigned long>","0.370207","2.180s","0.370216","2.180s","0.140s","0.140s","Function","","32","162","","","","","","","","","","","","","","","","","","","","","","","","","","","Blends; Shuffles","UInt16; ; ","128","AVX; AVX2; AVX512F_128","","","","","","vqsort-inl.h:337","tof_fork_g","","","","","","","","","","","","","","","","","","","","","","","","","","","","","","","","","","","","","","","","","","","","","","","","","","","","","","","","","","","","","","","","","","","","","","","","",""
"hwy::N_AVX3_SPR::detail::Recurse<(hwy::N_AVX3_SPR::detail::RecurseMode)0, hwy::N_AVX3_SPR::Simd<unsigned long, (unsigned long)8, (int)0>, hwy::N_AVX3_SPR::detail::SharedTraits<hwy::N_AVX3_SPR::detail::TraitsLane<hwy::N_AVX3_SPR::detail::OrderAscendingKV64>>, unsigned long>","0.305676","1.800s","0.00679304","0.040s","0.180s","0.020s","Function","","32","145","","","","","","","","","","","","","","","","","","","","","","","","","","","Permutes; Shifts","UInt16; UInt256; ","128/512","AVX; AVX512F_512","","","","","","vqsort-inl.h","tof_fork_g","","","","","","","","","","","","","","","","","","","","","","","","","","","","","","","","","","","","","","","","","","","","","","","","","","","","","","","","","","","","","","","","","","","","","","","","",""
"[loop in hwy::N_AVX3_SPR::detail::Recurse<(hwy::N_AVX3_SPR::detail::RecurseMode)0, hwy::N_AVX3_SPR::Simd<unsigned long, (unsigned long)8, (int)0>, hwy::N_AVX3_SPR::detail::SharedTraits<hwy::N_AVX3_SPR::detail::TraitsLane<hwy::N_AVX3_SPR::detail::OrderAscendingKV64>>, unsigned long> at vqsort-inl.h]","0.298883","1.760s","0.0203785","0.120s","0.180s","0.020s","Scalar","3","33","144","","","","","","","","","","","","","","","","","","","","","","","","","","","Mask Manipulations; Permutes; Shifts","UInt16; UInt256; ","128/512","AVX; AVX512F_512","","","","","","vqsort-inl.h","tof_fork_g","","","","","","","","","","","","","","","","","","","","","","","","","","","","","","","","","","","","","","","","","","","","","","","","","","","","","","","","","","","","","","","","","","","","","","","","",""
"hwy::N_AVX3_SPR::detail::Sort16Rows<(unsigned long)8, hwy::N_AVX3_SPR::detail::SharedTraits<hwy::N_AVX3_SPR::detail::TraitsLane<hwy::N_AVX3_SPR::detail::OrderAscending<unsigned long>>>, unsigned long>","0.101892","0.600s","0.101892","0.600s","0.060s","0.060s","Function","","34","146","","","","","","","","","","","","","","","","","","","","","","","","","","","2-Source Permutes; Blends; Permutes; Shuffles","UInt256; ","128/512","AVX; AVX512F_128; AVX512F_512","","","","","","vqsort-inl.h:432","tof_fork_g","","","","","","","","","","","","","","","","","","","","","","","","","","","","","","","","","","","","","","","","","","","","","","","","","","","","","","","","","","","","","","","","","","","","","","","","",""
"hwy::N_AVX3_SPR::detail::Recurse<(hwy::N_AVX3_SPR::detail::RecurseMode)0, hwy::N_AVX3_SPR::Simd<unsigned long, (unsigned long)8, (int)0>, hwy::N_AVX3_SPR::detail::SharedTraits<hwy::N_AVX3_SPR::detail::TraitsLane<hwy::N_AVX3_SPR::detail::OrderAscendingKV64>>, unsigned long>","0.0950991","0.560s","0","0s","0.100s","0s","Function","","34","145","","","","","","","","","","","","","","","","","","","","","","","","","","","Permutes; Shifts","UInt16; UInt256; ","128/512","AVX; AVX512F_512","","","","","","vqsort-inl.h","tof_fork_g","","","","","","","","","","","","","","","","","","","","","","","","","","","","","","","","","","","","","","","","","","","","","","","","","","","","","","","","","","","","","","","","","","","","","","","","",""
"[loop in hwy::N_AVX3_SPR::detail::Recurse<(hwy::N_AVX3_SPR::detail::RecurseMode)0, hwy::N_AVX3_SPR::Simd<unsigned long, (unsigned long)8, (int)0>, hwy::N_AVX3_SPR::detail::SharedTraits<hwy::N_AVX3_SPR::detail::TraitsLane<hwy::N_AVX3_SPR::detail::OrderAscendingKV64>>, unsigned long> at vqsort-inl.h]","0.0950991","0.560s","0.0101893","0.060s","0.100s","0.040s","Scalar","2","35","144","","","","","","","","","","","","","","","","","","","","","","","","","","","Mask Manipulations; Permutes; Shifts","UInt16; UInt256; ","128/512","AVX; AVX512F_512","","","","","","vqsort-inl.h","tof_fork_g","","","","","","","","","","","","","","","","","","","","","","","","","","","","","","","","","","","","","","","","","","","","","","","","","","","","","","","","","","","","","","","","","","","","","","","","",""
"[loop in hwy::N_AVX3_SPR::detail::Recurse<(hwy::N_AVX3_SPR::detail::RecurseMode)0, hwy::N_AVX3_SPR::Simd<unsigned long, (unsigned long)8, (int)0>, hwy::N_AVX3_SPR::detail::SharedTraits<hwy::N_AVX3_SPR::detail::TraitsLane<hwy::N_AVX3_SPR::detail::OrderAscendingKV64>>, unsigned long> at vqsort-inl.h:881]","0.0339639","0.200s","0.0339606","0.200s","0.040s","0.040s","Vectorized (Body)","0","36","147","","AVX512","2","","","","","","","","","","","","","","","","","","","","","","","","Mask Manipulations; Permutes; Shifts","UInt256; ","512","AVX512F_512","","","","","","vqsort-inl.h:881","tof_fork_g","","","","","","","","","","","","","","","","","","","","","","","","","","","","","","","","","","","","","","","","","","","","","","","","","","","","","","","","","","","","","","","","","","","","","","","","",""
"hwy::N_AVX3_SPR::detail::Recurse<(hwy::N_AVX3_SPR::detail::RecurseMode)0, hwy::N_AVX3_SPR::Simd<unsigned long, (unsigned long)8, (int)0>, hwy::N_AVX3_SPR::detail::SharedTraits<hwy::N_AVX3_SPR::detail::TraitsLane<hwy::N_AVX3_SPR::detail::OrderAscendingKV64>>, unsigned long>","0.0203784","0.120s","0","0s","0.060s","0s","Function","","36","145","","","","","","","","","","","","","","","","","","","","","","","","","","","Permutes; Shifts","UInt16; UInt256; ","128/512","AVX; AVX512F_512","","","","","","vqsort-inl.h","tof_fork_g","","","","","","","","","","","","","","","","","","","","","","","","","","","","","","","","","","","","","","","","","","","","","","","","","","","","","","","","","","","","","","","","","","","","","","","","",""
"[loop in hwy::N_AVX3_SPR::detail::Recurse<(hwy::N_AVX3_SPR::detail::RecurseMode)0, hwy::N_AVX3_SPR::Simd<unsigned long, (unsigned long)8, (int)0>, hwy::N_AVX3_SPR::detail::SharedTraits<hwy::N_AVX3_SPR::detail::TraitsLane<hwy::N_AVX3_SPR::detail::OrderAscendingKV64>>, unsigned long> at vqsort-inl.h]","0.0203784","0.120s","0","0s","0.060s","0s","Scalar","1","37","144","","","","","","","","","","","","","","","","","","","","","","","","","","","Mask Manipulations; Permutes; Shifts","UInt16; UInt256; ","128/512","AVX; AVX512F_512","","","","","","vqsort-inl.h","tof_fork_g","","","","","","","","","","","","","","","","","","","","","","","","","","","","","","","","","","","","","","","","","","","","","","","","","","","","","","","","","","","","","","","","","","","","","","","","",""
"hwy::N_AVX3_SPR::detail::Sort16Rows<(unsigned long)8, hwy::N_AVX3_SPR::detail::SharedTraits<hwy::N_AVX3_SPR::detail::TraitsLane<hwy::N_AVX3_SPR::detail::OrderAscending<unsigned long>>>, unsigned long>","0.0101892","0.060s","0.0101892","0.060s","0.020s","0.020s","Function","","38","146","","","","","","","","","","","","","","","","","","","","","","","","","","","2-Source Permutes; Blends; Permutes; Shuffles","UInt256; ","128/512","AVX; AVX512F_128; AVX512F_512","","","","","","vqsort-inl.h:432","tof_fork_g","","","","","","","","","","","","","","","","","","","","","","","","","","","","","","","","","","","","","","","","","","","","","","","","","","","","","","","","","","","","","","","","","","","","","","","","",""
"__intel_avx_rep_memcpy","0.00339639","0.020s","0.00339726","0.020s","0.020s","0.020s","Function","","38","159","","","","","","","","","","","","","","","","","","","","","","","","","","","NT-stores","Int32; UInt16","128/256","AVX","","","","","","","tof_fork_g","","","","","","","","","","","","","","","","","","","","","","","","","","","","","","","","","","","","","","","","","","","","","","","","","","","","","","","","","","","","","","","","","","","","","","","","",""
"_intel_fast_memcpy","0.00339639","0.020s","0.00339639","0.020s","0.020s","0.020s","Function","","38","178","","","","","","","","","","","","","","","","","","","","","","","","","","","","","","","","","","","","","tof_fork_g","","","","","","","","","","","","","","","","","","","","","","","","","","","","","","","","","","","","","","","","","","","","","","","","","","","","","","","","","","","","","","","","","","","","","","","","",""
"hwy::N_AVX3_SPR::detail::Recurse<(hwy::N_AVX3_SPR::detail::RecurseMode)0, hwy::N_AVX3_SPR::Simd<unsigned long, (unsigned long)8, (int)0>, hwy::N_AVX3_SPR::detail::SharedTraits<hwy::N_AVX3_SPR::detail::TraitsLane<hwy::N_AVX3_SPR::detail::OrderAscendingKV64>>, unsigned long>","0.00339639","0.020s","0","0s","0.020s","0s","Function","","38","145","","","","","","","","","","","","","","","","","","","","","","","","","","","Permutes; Shifts","UInt16; UInt256; ","128/512","AVX; AVX512F_512","","","","","","vqsort-inl.h","tof_fork_g","","","","","","","","","","","","","","","","","","","","","","","","","","","","","","","","","","","","","","","","","","","","","","","","","","","","","","","","","","","","","","","","","","","","","","","","",""
"[loop in hwy::N_AVX3_SPR::detail::Recurse<(hwy::N_AVX3_SPR::detail::RecurseMode)0, hwy::N_AVX3_SPR::Simd<unsigned long, (unsigned long)8, (int)0>, hwy::N_AVX3_SPR::detail::SharedTraits<hwy::N_AVX3_SPR::detail::TraitsLane<hwy::N_AVX3_SPR::detail::OrderAscendingKV64>>, unsigned long> at vqsort-inl.h]","0.00339639","0.020s","0","0s","0.020s","0s","Vectorized (Body)","0","39","144","","AVX512","2; 32","","","","","","","","","","","","","","","","","","","","","","","","Mask Manipulations; Permutes; Shifts","UInt16; UInt256; ","128/512","AVX; AVX512F_512","","","","","","vqsort-inl.h","tof_fork_g","","","","","","","","","","","","","","","","","","","","","","","","","","","","","","","","","","","","","","","","","","","","","","","","","","","","","","","","","","","","","","","","","","","","","","","","",""
"hwy::N_AVX3_SPR::detail::Sort16Rows<(unsigned long)8, hwy::N_AVX3_SPR::detail::SharedTraits<hwy::N_AVX3_SPR::detail::TraitsLane<hwy::N_AVX3_SPR::detail::OrderAscending<unsigned long>>>, unsigned long>","0.00339639","0.020s","0.00339639","0.020s","0.020s","0.020s","Function","","40","146","","","","","","","","","","","","","","","","","","","","","","","","","","","2-Source Permutes; Blends; Permutes; Shuffles","UInt256; ","128/512","AVX; AVX512F_128; AVX512F_512","","","","","","vqsort-inl.h:432","tof_fork_g","","","","","","","","","","","","","","","","","","","","","","","","","","","","","","","","","","","","","","","","","","","","","","","","","","","","","","","","","","","","","","","","","","","","","","","","",""
"hwy::N_AVX3_SPR::detail::Sort16Rows<(unsigned long)8, hwy::N_AVX3_SPR::detail::SharedTraits<hwy::N_AVX3_SPR::detail::TraitsLane<hwy::N_AVX3_SPR::detail::OrderAscending<unsigned long>>>, unsigned long>","0.0135856","0.080s","0.0135843","0.080s","0.020s","0.020s","Function","","36","146","","","","","","","","","","","","","","","","","","","","","","","","","","","2-Source Permutes; Blends; Permutes; Shuffles","UInt256; ","128/512","AVX; AVX512F_128; AVX512F_512","","","","","","vqsort-inl.h:432","tof_fork_g","","","","","","","","","","","","","","","","","","","","","","","","","","","","","","","","","","","","","","","","","","","","","","","","","","","","","","","","","","","","","","","","","","","","","","","","",""
"hwy::N_AVX3_SPR::detail::Sort8Rows<(unsigned long)2, hwy::N_AVX3_SPR::detail::SharedTraits<hwy::N_AVX3_SPR::detail::TraitsLane<hwy::N_AVX3_SPR::detail::OrderAscending<unsigned long>>>, unsigned long>","0.0101892","0.060s","0.0101893","0.060s","0.020s","0.020s","Function","","36","162","","","","","","","","","","","","","","","","","","","","","","","","","","","Blends; Shuffles","UInt16; ; ","128","AVX; AVX2; AVX512F_128","","","","","","vqsort-inl.h:337","tof_fork_g","","","","","","","","","","","","","","","","","","","","","","","","","","","","","","","","","","","","","","","","","","","","","","","","","","","","","","","","","","","","","","","","","","","","","","","","",""
"[loop in hwy::N_AVX3_SPR::detail::Recurse<(hwy::N_AVX3_SPR::detail::RecurseMode)0, hwy::N_AVX3_SPR::Simd<unsigned long, (unsigned long)8, (int)0>, hwy::N_AVX3_SPR::detail::SharedTraits<hwy::N_AVX3_SPR::detail::TraitsLane<hwy::N_AVX3_SPR::detail::OrderAscendingKV64>>, unsigned long> at vqsort-inl.h]","0.00339639","0.020s","0.00339677","0.020s","0.020s","0.020s","Scalar","0","36","268","","","","","","","","","","","","","","","","","","","","","","","","","","","","","","","","","","","","vqsort-inl.h","tof_fork_g","","","","","","","","","","","","","","","","","","","","","","","","","","","","","","","","","","","","","","","","","","","","","","","","","","","","","","","","","","","","","","","","","","","","","","","","",""
"__intel_avx_rep_memcpy","0.00339639","0.020s","0.00339639","0.020s","0.020s","0.020s","Function","","36","159","","","","","","","","","","","","","","","","","","","","","","","","","","","NT-stores","Int32; UInt16","128/256","AVX","","","","","","","tof_fork_g","","","","","","","","","","","","","","","","","","","","","","","","","","","","","","","","","","","","","","","","","","","","","","","","","","","","","","","","","","","","","","","","","","","","","","","","",""
"[loop in hwy::N_AVX3_SPR::detail::Recurse<(hwy::N_AVX3_SPR::detail::RecurseMode)0, hwy::N_AVX3_SPR::Simd<unsigned long, (unsigned long)8, (int)0>, hwy::N_AVX3_SPR::detail::SharedTraits<hwy::N_AVX3_SPR::detail::TraitsLane<hwy::N_AVX3_SPR::detail::OrderAscendingKV64>>, unsigned long> at vqsort-inl.h:881]","0.0339639","0.200s","0.0339624","0.200s","0.020s","0.020s","Vectorized (Body)","0","34","147","","AVX512","2","","","","","","","","","","","","","","","","","","","","","","","","Mask Manipulations; Permutes; Shifts","UInt256; ","512","AVX512F_512","","","","","","vqsort-inl.h:881","tof_fork_g","","","","","","","","","","","","","","","","","","","","","","","","","","","","","","","","","","","","","","","","","","","","","","","","","","","","","","","","","","","","","","","","","","","","","","","","",""
"hwy::N_AVX3_SPR::detail::Sort16Rows<(unsigned long)4, hwy::N_AVX3_SPR::detail::SharedTraits<hwy::N_AVX3_SPR::detail::TraitsLane<hwy::N_AVX3_SPR::detail::OrderAscending<unsigned long>>>, unsigned long>","0.0237748","0.140s","0.0237754","0.140s","0.040s","0.040s","Function","","34","163","","","","","","","","","","","","","","","","","","","","","","","","","","","2-Source Permutes; Blends; Permutes; Shuffles","UInt16; UInt256; ; ","128/256","AVX; AVX2; AVX512F_128; AVX512F_256","","","","","","vqsort-inl.h:432","tof_fork_g","","","","","","","","","","","","","","","","","","","","","","","","","","","","","","","","","","","","","","","","","","","","","","","","","","","","","","","","","","","","","","","","","","","","","","","","",""
"hwy::N_AVX3_SPR::detail::Sort8Rows<(unsigned long)2, hwy::N_AVX3_SPR::detail::SharedTraits<hwy::N_AVX3_SPR::detail::TraitsLane<hwy::N_AVX3_SPR::detail::OrderAscending<unsigned long>>>, unsigned long>","0.016982","0.100s","0.0169816","0.100s","0.020s","0.020s","Function","","34","162","","","","","","","","","","","","","","","","","","","","","","","","","","","Blends; Shuffles","UInt16; ; ","128","AVX; AVX2; AVX512F_128","","","","","","vqsort-inl.h:337","tof_fork_g","","","","","","","","","","","","","","","","","","","","","","","","","","","","","","","","","","","","","","","","","","","","","","","","","","","","","","","","","","","","","","","","","","","","","","","","",""
"__intel_avx_rep_memcpy","0.00679279","0.040s","0.00679308","0.040s","0.020s","0.020s","Function","","34","159","","","","","","","","","","","","","","","","","","","","","","","","","","","NT-stores","Int32; UInt16","128/256","AVX","","","","","","","tof_fork_g","","","","","","","","","","","","","","","","","","","","","","","","","","","","","","","","","","","","","","","","","","","","","","","","","","","","","","","","","","","","","","","","","","","","","","","","",""
"__intel_avx_rep_memcpy","0.196991","1.160s","0.196987","1.160s","0.100s","0.100s","Function","","32","159","","","","","0","0","0","0","1.637","1.637","0.018","0.018","1.637","1.637","0.018","0.018","0","0","0.164","0.164","0.164","0.164","8.907","8.907","89.073","89.073","NT-stores","Int32; UInt16","128/256","AVX","","","","","","","tof_fork_g","","","","","","","","","","","","","","","","","","","","","","","","","","","","","","","","","","","","","","","","","","","","","","","","","","","","","","","","","","","","","","","","","","","","","","","","",""
"hwy::N_AVX3_SPR::detail::Sort16Rows<(unsigned long)8, hwy::N_AVX3_SPR::detail::SharedTraits<hwy::N_AVX3_SPR::detail::TraitsLane<hwy::N_AVX3_SPR::detail::OrderAscending<unsigned long>>>, unsigned long>","0.12227","0.720s","0.122272","0.720s","0.080s","0.080s","Function","","32","146","","","","","","","","","","","","","","","","","","","","","","","","","","","2-Source Permutes; Blends; Permutes; Shuffles","UInt256; ","128/512","AVX; AVX512F_128; AVX512F_512","","","","","","vqsort-inl.h:432","tof_fork_g","","","","","","","","","","","","","","","","","","","","","","","","","","","","","","","","","","","","","","","","","","","","","","","","","","","","","","","","","","","","","","","","","","","","","","","","",""
"[loop in hwy::N_AVX3_SPR::detail::Recurse<(hwy::N_AVX3_SPR::detail::RecurseMode)0, hwy::N_AVX3_SPR::Simd<unsigned long, (unsigned long)8, (int)0>, hwy::N_AVX3_SPR::detail::SharedTraits<hwy::N_AVX3_SPR::detail::TraitsLane<hwy::N_AVX3_SPR::detail::OrderAscendingKV64>>, unsigned long> at vqsort-inl.h:666]","0.0849099","0.500s","0.0849122","0.500s","0.060s","0.060s","Vectorized (Body)","0","32","158","","AVX512","2","","0","0","0","0","5.007","5.007","0.038","0.038","5.007","5.007","0.038","0.038","0","0","0.300","0.300","0.300","0.300","7.810","7.810","130.170","130.170","Mask Manipulations; Permutes; Shifts","UInt256; ","512","AVX512F_512","","","","","","vqsort-inl.h:666","tof_fork_g","","","","","","","","","","","","","","","","","","","","","","","","","","","","","","","","","","","","","","","","","","","","","","","","","","","","","","","","","","","","","","","","","","","","","","","","",""
"[loop in hwy::N_AVX3_SPR::detail::Recurse<(hwy::N_AVX3_SPR::detail::RecurseMode)0, hwy::N_AVX3_SPR::Simd<unsigned long, (unsigned long)8, (int)0>, hwy::N_AVX3_SPR::detail::SharedTraits<hwy::N_AVX3_SPR::detail::TraitsLane<hwy::N_AVX3_SPR::detail::OrderAscendingKV64>>, unsigned long> at vqsort-inl.h]","0.0203784","0.120s","0.0203804","0.120s","0.040s","0.040s","Scalar","0","32","268","","","","","0","0","0","0","3.164","3.164","0.404","0.404","3.164","3.164","0.404","0.404","0","0","0.127","0.127","0.127","0.127","0.313","0.313","7.827","7.827","","","","","","","","","","vqsort-inl.h","tof_fork_g","","","","","","","","","","","","","","","","","","","","","","","","","","","","","","","","","","","","","","","","","","","","","","","","","","","","","","","","","","","","","","","","","","","","","","","","",""
"_intel_fast_memcpy","0.0135856","0.080s","0.0135835","0.080s","0.040s","0.040s","Function","","32","178","","","","","","","","","","","","","","","","","","","","","","","","","","","","","","","","","","","","","tof_fork_g","","","","","","","","","","","","","","","","","","","","","","","","","","","","","","","","","","","","","","","","","","","","","","","","","","","","","","","","","","","","","","","","","","","","","","","","",""
"hwy::N_AVX3_SPR::detail::BaseCase<hwy::N_AVX3_SPR::Simd<unsigned long, (unsigned long)8, (int)0>, hwy::N_AVX3_SPR::detail::SharedTraits<hwy::N_AVX3_SPR::detail::TraitsLane<hwy::N_AVX3_SPR::detail::OrderAscendingKV64>>, unsigned long>","0.0101892","0.060s","0.0101895","0.060s","0.020s","0.020s","Function","","32","238","","","","","","","","","","","","","","","","","","","","","","","","","","","","","","","","","","","","vqsort-inl.h:574","tof_fork_g","","","","","","","","","","","","","","","","","","","","","","","","","","","","","","","","","","","","","","","","","","","","","","","","","","","","","","","","","","","","","","","","","","","","","","","","",""
"hwy::N_AVX3_SPR::detail::Sort16Rows<(unsigned long)4, hwy::N_AVX3_SPR::detail::SharedTraits<hwy::N_AVX3_SPR::detail::TraitsLane<hwy::N_AVX3_SPR::detail::OrderAscending<unsigned long>>>, unsigned long>","0.00679279","0.040s","0.00679216","0.040s","0.020s","0.020s","Function","","32","163","","","","","","","","","","","","","","","","","","","","","","","","","","","2-Source Permutes; Blends; Permutes; Shuffles","UInt16; UInt256; ; ","128/256","AVX; AVX2; AVX512F_128; AVX512F_256","","","","","","vqsort-inl.h:432","tof_fork_g","","","","","","","","","","","","","","","","","","","","","","","","","","","","","","","","","","","","","","","","","","","","","","","","","","","","","","","","","","","","","","","","","","","","","","","","",""
"hwy::N_AVX3_SPR::detail::Sort16Rows<(unsigned long)8, hwy::N_AVX3_SPR::detail::SharedTraits<hwy::N_AVX3_SPR::detail::TraitsLane<hwy::N_AVX3_SPR::detail::OrderAscending<unsigned long>>>, unsigned long>","2.72391","16.040s","2.72393","16.040s","0.620s","0.620s","Function","","30","146","","","","","","","","","","","","","","","","","","","","","","","","","","","2-Source Permutes; Blends; Permutes; Shuffles","UInt256; ","128/512","AVX; AVX512F_128; AVX512F_512","","","","","","vqsort-inl.h:432","tof_fork_g","","","","","","","","","","","","","","","","","","","","","","","","","","","","","","","","","","","","","","","","","","","","","","","","","","","","","","","","","","","","","","","","","","","","","","","","",""
"[loop in hwy::N_AVX3_SPR::detail::Recurse<(hwy::N_AVX3_SPR::detail::RecurseMode)0, hwy::N_AVX3_SPR::Simd<unsigned long, (unsigned long)8, (int)0>, hwy::N_AVX3_SPR::detail::SharedTraits<hwy::N_AVX3_SPR::detail::TraitsLane<hwy::N_AVX3_SPR::detail::OrderAscendingKV64>>, unsigned long> at vqsort-inl.h:881]","0.614747","3.620s","0.614764","3.620s","0.200s","0.200s","Vectorized (Body)","0","30","147","","AVX512","2","","","","","","","","","","","","","","","","","","","","","","","","Mask Manipulations; Permutes; Shifts","UInt256; ","512","AVX512F_512","","","","","","vqsort-inl.h:881","tof_fork_g","","","","","","","","","","","","","","","","","","","","","","","","","","","","","","","","","","","","","","","","","","","","","","","","","","","","","","","","","","","","","","","","","","","","","","","","",""
"hwy::N_AVX3_SPR::detail::Sort16Rows<(unsigned long)4, hwy::N_AVX3_SPR::detail::SharedTraits<hwy::N_AVX3_SPR::detail::TraitsLane<hwy::N_AVX3_SPR::detail::OrderAscending<unsigned long>>>, unsigned long>","0.32945","1.940s","0.329452","1.940s","0.140s","0.140s","Function","","30","163","","","","","","","","","","","","","","","","","","","","","","","","","","","2-Source Permutes; Blends; Permutes; Shuffles","UInt16; UInt256; ; ","128/256","AVX; AVX2; AVX512F_128; AVX512F_256","","","","","","vqsort-inl.h:432","tof_fork_g","","","","","","","","","","","","","","","","","","","","","","","","","","","","","","","","","","","","","","","","","","","","","","","","","","","","","","","","","","","","","","","","","","","","","","","","",""
"hwy::N_AVX3_SPR::detail::Sort8Rows<(unsigned long)2, hwy::N_AVX3_SPR::detail::SharedTraits<hwy::N_AVX3_SPR::detail::TraitsLane<hwy::N_AVX3_SPR::detail::OrderAscending<unsigned long>>>, unsigned long>","0.132459","0.780s","0.132459","0.780s","0.080s","0.080s","Function","","30","162","","","","","","","","","","","","","","","","","","","","","","","","","","","Blends; Shuffles","UInt16; ; ","128","AVX; AVX2; AVX512F_128","","","","","","vqsort-inl.h:337","tof_fork_g","","","","","","","","","","","","","","","","","","","","","","","","","","","","","","","","","","","","","","","","","","","","","","","","","","","","","","","","","","","","","","","","","","","","","","","","",""
"__intel_avx_rep_memcpy","0.0815135","0.480s","0.0815155","0.480s","0.040s","0.040s","Function","","30","159","","","","","","","","","","","","","","","","","","","","","","","","","","","NT-stores","Int32; UInt16","128/256","AVX","","","","","","","tof_fork_g","","","","","","","","","","","","","","","","","","","","","","","","","","","","","","","","","","","","","","","","","","","","","","","","","","","","","","","","","","","","","","","","","","","","","","","","",""
"[loop in hwy::N_AVX3_SPR::detail::Recurse<(hwy::N_AVX3_SPR::detail::RecurseMode)0, hwy::N_AVX3_SPR::Simd<unsigned long, (unsigned long)8, (int)0>, hwy::N_AVX3_SPR::detail::SharedTraits<hwy::N_AVX3_SPR::detail::TraitsLane<hwy::N_AVX3_SPR::detail::OrderAscendingKV64>>, unsigned long> at vqsort-inl.h:666]","0.0441531","0.260s","0.0441513","0.260s","0.040s","0.040s","Vectorized (Body)","0","30","158","","AVX512","2","","","","","","","","","","","","","","","","","","","","","","","","Mask Manipulations; Permutes; Shifts","UInt256; ","512","AVX512F_512","","","","","","vqsort-inl.h:666","tof_fork_g","","","","","","","","","","","","","","","","","","","","","","","","","","","","","","","","","","","","","","","","","","","","","","","","","","","","","","","","","","","","","","","","","","","","","","","","",""
"hwy::N_AVX3_SPR::detail::BaseCase<hwy::N_AVX3_SPR::Simd<unsigned long, (unsigned long)8, (int)0>, hwy::N_AVX3_SPR::detail::SharedTraits<hwy::N_AVX3_SPR::detail::TraitsLane<hwy::N_AVX3_SPR::detail::OrderAscendingKV64>>, unsigned long>","0.0237748","0.140s","0.0237722","0.140s","0.040s","0.040s","Function","","30","238","","","","","","","","","","","","","","","","","","","","","","","","","","","","","","","","","","","","vqsort-inl.h:574","tof_fork_g","","","","","","","","","","","","","","","","","","","","","","","","","","","","","","","","","","","","","","","","","","","","","","","","","","","","","","","","","","","","","","","","","","","","","","","","",""
"_intel_fast_memcpy","0.00339639","0.020s","0.00339641","0.020s","0.020s","0.020s","Function","","30","178","","","","","","","","","","","","","","","","","","","","","","","","","","","","","","","","","","","","","tof_fork_g","","","","","","","","","","","","","","","","","","","","","","","","","","","","","","","","","","","","","","","","","","","","","","","","","","","","","","","","","","","","","","","","","","","","","","","","",""
"hwy::N_AVX3_SPR::detail::Sort8Rows<(unsigned long)4, hwy::N_AVX3_SPR::detail::SharedTraits<hwy::N_AVX3_SPR::detail::TraitsLane<hwy::N_AVX3_SPR::detail::OrderAscending<unsigned long>>>, unsigned long>","0.00339639","0.020s","0.00339638","0.020s","0.020s","0.020s","Function","","30","184","","","","","","","","","","","","","","","","","","","","","","","","","","","2-Source Permutes; Blends; Permutes; Shuffles","UInt16; UInt256; ; ","256","AVX; AVX2; AVX512F_256","","","","","","vqsort-inl.h:337","tof_fork_g","","","","","","","","","","","","","","","","","","","","","","","","","","","","","","","","","","","","","","","","","","","","","","","","","","","","","","","","","","","","","","","","","","","","","","","","",""
"[loop in hwy::N_AVX3_SPR::detail::Recurse<(hwy::N_AVX3_SPR::detail::RecurseMode)0, hwy::N_AVX3_SPR::Simd<unsigned long, (unsigned long)8, (int)0>, hwy::N_AVX3_SPR::detail::SharedTraits<hwy::N_AVX3_SPR::detail::TraitsLane<hwy::N_AVX3_SPR::detail::OrderAscendingKV64>>, unsigned long> at vqsort-inl.h]","0.00339639","0.020s","0.00339624","0.020s","0.020s","0.020s","Scalar","0","30","268","","","","","","","","","","","","","","","","","","","","","","","","","","","","","","","","","","","","vqsort-inl.h","tof_fork_g","","","","","","","","","","","","","","","","","","","","","","","","","","","","","","","","","","","","","","","","","","","","","","","","","","","","","","","","","","","","","","","","","","","","","","","","",""
"[loop in hwy::N_AVX3_SPR::detail::Recurse<(hwy::N_AVX3_SPR::detail::RecurseMode)0, hwy::N_AVX3_SPR::Simd<unsigned long, (unsigned long)8, (int)0>, hwy::N_AVX3_SPR::detail::SharedTraits<hwy::N_AVX3_SPR::detail::TraitsLane<hwy::N_AVX3_SPR::detail::OrderAscendingKV64>>, unsigned long> at vqsort-inl.h:881]","1.0325","6.080s","1.03256","6.080s","0.260s","0.260s","Vectorized (Body)","0","28","147","","AVX512","2","","0","0","0","0","50.823","50.823","0.044","0.044","50.823","50.823","0.044","0.044","0","0","13.214","13.214","13.214","13.214","302.036","302.036","1161.662","1161.662","Mask Manipulations; Permutes; Shifts","UInt256; ","512","AVX512F_512","","","","","","vqsort-inl.h:881","tof_fork_g","363","0","0","0","0","6219003","10661148","0","0","0","0","0","0","0","0","0","0","0","0","0","0","0","0","0","0","0","0","0","6219003","0","0","0","0","0","0","0","0","0","0","0","0","0","0","0","0","0","0","0","0","0","0","0","0","0","0","0","0","0","0","0","0","0","0","0","0","0","0","0","0","0","0","0","1776858"
"hwy::N_AVX3_SPR::detail::Sort16Rows<(unsigned long)8, hwy::N_AVX3_SPR::detail::SharedTraits<hwy::N_AVX3_SPR::detail::TraitsLane<hwy::N_AVX3_SPR::detail::OrderAscending<unsigned long>>>, unsigned long>","0.764189","4.500s","0.764187","4.500s","0.220s","0.220s","Function","","28","146","","","","","","","","","","","","","","","","","","","","","","","","","","","2-Source Permutes; Blends; Permutes; Shuffles","UInt256; ","128/512","AVX; AVX512F_128; AVX512F_512","","","","","","vqsort-inl.h:432","tof_fork_g","","","","","","","","","","","","","","","","","","","","","","","","","","","","","","","","","","","","","","","","","","","","","","","","","","","","","","","","","","","","","","","","","","","","","","","","",""
"hwy::N_AVX3_SPR::detail::Sort8Rows<(unsigned long)2, hwy::N_AVX3_SPR::detail::SharedTraits<hwy::N_AVX3_SPR::detail::TraitsLane<hwy::N_AVX3_SPR::detail::OrderAscending<unsigned long>>>, unsigned long>","0.149441","0.880s","0.149437","0.880s","0.080s","0.080s","Function","","28","162","","","","","0","0","0","0","30.548","30.548","0.453","0.453","30.548","30.548","0.453","0.453","0","0","2.444","2.444","2.444","2.444","5.397","5.397","67.469","67.469","Blends; Shuffles","UInt16; ; ","128","AVX; AVX2; AVX512F_128","","","","","","vqsort-inl.h:337","tof_fork_g","","","","","","","","","","","","","","","","","","","","","","","","","","","","","","","","","","","","","","","","","","","","","","","","","","","","","","","","","","","","","","","","","","","","","","","","",""
"hwy::N_AVX3_SPR::detail::Sort16Rows<(unsigned long)4, hwy::N_AVX3_SPR::detail::SharedTraits<hwy::N_AVX3_SPR::detail::TraitsLane<hwy::N_AVX3_SPR::detail::OrderAscending<unsigned long>>>, unsigned long>","0.108685","0.640s","0.108687","0.640s","0.060s","0.060s","Function","","28","163","","","","","","","","","","","","","","","","","","","","","","","","","","","2-Source Permutes; Blends; Permutes; Shuffles","UInt16; UInt256; ; ","128/256","AVX; AVX2; AVX512F_128; AVX512F_256","","","","","","vqsort-inl.h:432","tof_fork_g","","","","","","","","","","","","","","","","","","","","","","","","","","","","","","","","","","","","","","","","","","","","","","","","","","","","","","","","","","","","","","","","","","","","","","","","",""
"__intel_avx_rep_memcpy","0.0984954","0.580s","0.0984914","0.580s","0.060s","0.060s","Function","","28","159","","","","","","","","","","","","","","","","","","","","","","","","","","","NT-stores","Int32; UInt16","128/256","AVX","","","","","","","tof_fork_g","","","","","","","","","","","","","","","","","","","","","","","","","","","","","","","","","","","","","","","","","","","","","","","","","","","","","","","","","","","","","","","","","","","","","","","","",""
"[loop in hwy::N_AVX3_SPR::detail::Recurse<(hwy::N_AVX3_SPR::detail::RecurseMode)0, hwy::N_AVX3_SPR::Simd<unsigned long, (unsigned long)8, (int)0>, hwy::N_AVX3_SPR::detail::SharedTraits<hwy::N_AVX3_SPR::detail::TraitsLane<hwy::N_AVX3_SPR::detail::OrderAscendingKV64>>, unsigned long> at vqsort-inl.h:666]","0.0815135","0.480s","0.0815142","0.480s","0.080s","0.080s","Vectorized (Body)","0","28","158","","AVX512","2","","","","","","","","","","","","","","","","","","","","","","","","Mask Manipulations; Permutes; Shifts","UInt256; ","512","AVX512F_512","","","","","","vqsort-inl.h:666","tof_fork_g","","","","","","","","","","","","","","","","","","","","","","","","","","","","","","","","","","","","","","","","","","","","","","","","","","","","","","","","","","","","","","","","","","","","","","","","",""
"hwy::N_AVX3_SPR::detail::BaseCase<hwy::N_AVX3_SPR::Simd<unsigned long, (unsigned long)8, (int)0>, hwy::N_AVX3_SPR::detail::SharedTraits<hwy::N_AVX3_SPR::detail::TraitsLane<hwy::N_AVX3_SPR::detail::OrderAscendingKV64>>, unsigned long>","0.0135856","0.080s","0.0135852","0.080s","0.020s","0.020s","Function","","28","238","","","","","","","","","","","","","","","","","","","","","","","","","","","","","","","","","","","","vqsort-inl.h:574","tof_fork_g","","","","","","","","","","","","","","","","","","","","","","","","","","","","","","","","","","","","","","","","","","","","","","","","","","","","","","","","","","","","","","","","","","","","","","","","",""
"[loop in hwy::N_AVX3_SPR::detail::Recurse<(hwy::N_AVX3_SPR::detail::RecurseMode)0, hwy::N_AVX3_SPR::Simd<unsigned long, (unsigned long)8, (int)0>, hwy::N_AVX3_SPR::detail::SharedTraits<hwy::N_AVX3_SPR::detail::TraitsLane<hwy::N_AVX3_SPR::detail::OrderAscendingKV64>>, unsigned long> at vqsort-inl.h]","0.00679279","0.040s","0.00679269","0.040s","0.020s","0.020s","Scalar","0","28","268","","","","","","","","","","","","","","","","","","","","","","","","","","","","","","","","","","","","vqsort-inl.h","tof_fork_g","","","","","","","","","","","","","","","","","","","","","","","","","","","","","","","","","","","","","","","","","","","","","","","","","","","","","","","","","","","","","","","","","","","","","","","","",""
"_intel_fast_memcpy","0.00679279","0.040s","0.0067926","0.040s","0.020s","0.020s","Function","","28","178","","","","","0","0","0","0","0","0","0","0","0","0","0","0","0","0","0","0","0","0","0.240","0.240","11.994","11.994","","","","","","","","","","","tof_fork_g","","","","","","","","","","","","","","","","","","","","","","","","","","","","","","","","","","","","","","","","","","","","","","","","","","","","","","","","","","","","","","","","","","","","","","","","",""
"hwy::N_AVX3_SPR::detail::Sort16Rows<(unsigned long)8, hwy::N_AVX3_SPR::detail::SharedTraits<hwy::N_AVX3_SPR::detail::TraitsLane<hwy::N_AVX3_SPR::detail::OrderAscending<unsigned long>>>, unsigned long>","0.696261","4.100s","0.696259","4.100s","0.180s","0.180s","Function","","26","146","","","","","","","","","","","","","","","","","","","","","","","","","","","2-Source Permutes; Blends; Permutes; Shuffles","UInt256; ","128/512","AVX; AVX512F_128; AVX512F_512","","","","","","vqsort-inl.h:432","tof_fork_g","","","","","","","","","","","","","","","","","","","","","","","","","","","","","","","","","","","","","","","","","","","","","","","","","","","","","","","","","","","","","","","","","","","","","","","","",""
"hwy::N_AVX3_SPR::detail::Sort16Rows<(unsigned long)4, hwy::N_AVX3_SPR::detail::SharedTraits<hwy::N_AVX3_SPR::detail::TraitsLane<hwy::N_AVX3_SPR::detail::OrderAscending<unsigned long>>>, unsigned long>","0.339639","2.000s","0.339634","2.000s","0.100s","0.100s","Function","","26","163","","","","","","","","","","","","","","","","","","","","","","","","","","","2-Source Permutes; Blends; Permutes; Shuffles","UInt16; UInt256; ; ","128/256","AVX; AVX2; AVX512F_128; AVX512F_256","","","","","","vqsort-inl.h:432","tof_fork_g","","","","","","","","","","","","","","","","","","","","","","","","","","","","","","","","","","","","","","","","","","","","","","","","","","","","","","","","","","","","","","","","","","","","","","","","",""
"hwy::N_AVX3_SPR::detail::Sort8Rows<(unsigned long)4, hwy::N_AVX3_SPR::detail::SharedTraits<hwy::N_AVX3_SPR::detail::TraitsLane<hwy::N_AVX3_SPR::detail::OrderAscending<unsigned long>>>, unsigned long>","0.186802","1.100s","0.186802","1.100s","0.100s","0.100s","Function","","26","184","","","","","","","","","","","","","","","","","","","","","","","","","","","2-Source Permutes; Blends; Permutes; Shuffles","UInt16; UInt256; ; ","256","AVX; AVX2; AVX512F_256","","","","","","vqsort-inl.h:337","tof_fork_g","","","","","","","","","","","","","","","","","","","","","","","","","","","","","","","","","","","","","","","","","","","","","","","","","","","","","","","","","","","","","","","","","","","","","","","","",""
"hwy::N_AVX3_SPR::detail::Sort8Rows<(unsigned long)2, hwy::N_AVX3_SPR::detail::SharedTraits<hwy::N_AVX3_SPR::detail::TraitsLane<hwy::N_AVX3_SPR::detail::OrderAscending<unsigned long>>>, unsigned long>","0.0883063","0.520s","0.088308","0.520s","0.060s","0.060s","Function","","26","162","","","","","","","","","","","","","","","","","","","","","","","","","","","Blends; Shuffles","UInt16; ; ","128","AVX; AVX2; AVX512F_128","","","","","","vqsort-inl.h:337","tof_fork_g","","","","","","","","","","","","","","","","","","","","","","","","","","","","","","","","","","","","","","","","","","","","","","","","","","","","","","","","","","","","","","","","","","","","","","","","",""
"hwy::N_AVX3_SPR::detail::Sort8Rows<(unsigned long)1, hwy::N_AVX3_SPR::detail::SharedTraits<hwy::N_AVX3_SPR::detail::TraitsLane<hwy::N_AVX3_SPR::detail::OrderAscending<unsigned long>>>, unsigned long>","0.0407567","0.240s","0.0407569","0.240s","0.040s","0.040s","Function","","26","270","","","","","","","","","","","","","","","","","","","","","","","","","","","2-Source Permutes; Blends; Inserts; Unpacks","UInt16; UInt256; ; ","128/256","AVX; AVX2; AVX512F_128; AVX512F_256","","","","","","vqsort-inl.h:337","tof_fork_g","","","","","","","","","","","","","","","","","","","","","","","","","","","","","","","","","","","","","","","","","","","","","","","","","","","","","","","","","","","","","","","","","","","","","","","","",""
"__intel_avx_rep_memcpy","0.0305676","0.180s","0.0305677","0.180s","0.040s","0.040s","Function","","26","159","","","","","","","","","","","","","","","","","","","","","","","","","","","NT-stores","Int32; UInt16","128/256","AVX","","","","","","","tof_fork_g","","","","","","","","","","","","","","","","","","","","","","","","","","","","","","","","","","","","","","","","","","","","","","","","","","","","","","","","","","","","","","","","","","","","","","","","",""
"hwy::N_AVX3_SPR::detail::Sort3To4<hwy::N_AVX3_SPR::detail::SharedTraits<hwy::N_AVX3_SPR::detail::TraitsLane<hwy::N_AVX3_SPR::detail::OrderAscending<unsigned long>>>, unsigned long>","0.016982","0.100s","0.0169818","0.100s","0.020s","0.020s","Function","","26","297","","","","","","","","","","","","","","","","","","","","","","","","","","","Unpacks","UInt16; ","128","AVX; AVX512F_128","","","","","","vqsort-inl.h:267","tof_fork_g","","","","","","","","","","","","","","","","","","","","","","","","","","","","","","","","","","","","","","","","","","","","","","","","","","","","","","","","","","","","","","","","","","","","","","","","",""
"hwy::N_AVX3_SPR::detail::BaseCase<hwy::N_AVX3_SPR::Simd<unsigned long, (unsigned long)8, (int)0>, hwy::N_AVX3_SPR::detail::SharedTraits<hwy::N_AVX3_SPR::detail::TraitsLane<hwy::N_AVX3_SPR::detail::OrderAscendingKV64>>, unsigned long>","0.00679279","0.040s","0.00679286","0.040s","0.020s","0.020s","Function","","26","238","","","","","","","","","","","","","","","","","","","","","","","","","","","","","","","","","","","","vqsort-inl.h:574","tof_fork_g","","","","","","","","","","","","","","","","","","","","","","","","","","","","","","","","","","","","","","","","","","","","","","","","","","","","","","","","","","","","","","","","","","","","","","","","",""
"hwy::N_AVX3_SPR::detail::Sort2To2<hwy::N_AVX3_SPR::detail::SharedTraits<hwy::N_AVX3_SPR::detail::TraitsLane<hwy::N_AVX3_SPR::detail::OrderAscending<unsigned long>>>, unsigned long>","0.00679279","0.040s","0.00679248","0.040s","0.020s","0.020s","Function","","26","307","","","","","","","","","","","","","","","","","","","","","","","","","","","Unpacks","UInt16; ","128","AVX; AVX512F_128","","","","","","vqsort-inl.h:246","tof_fork_g","","","","","","","","","","","","","","","","","","","","","","","","","","","","","","","","","","","","","","","","","","","","","","","","","","","","","","","","","","","","","","","","","","","","","","","","",""
"[loop in yggdrasil_decision_forests::model::decision_tree::FindSplitLabelClassificationFeatureNumericalCart at splitter_accumulator.h:66]","3.62395","21.340s","0.757405","4.460s","0.800s","0.280s","Vectorized (Body)","0","25","141","","AVX512","4","","57.376","401.636","0.125","0.175","86.064","75.307","0.188","0.033","143.440","476.943","0.312","0.208","16.066","321.318","24.099","60.247","40.165","381.565","128.527","1831.514","459.008","2289.325","Type Conversions","Int64; UInt256; ","256","AVX; AVX2; AVX512DQ_256; AVX512F_256","","","","","","splitter_accumulator.h:66","tof_fork_g","338","0","0","0","0","104853060","154324402","0","14535468","0","0","0","0","0","0","0","0","0","0","0","0","0","0","0","14535468","0","0","0","75782124","0","0","14535468","0","0","49784642","14535468","308460824","122743952","0","0","0","0","0","0","0","0","0","0","0","0","0","0","0","0","0","0","0","0","0","0","0","0","0","0","0","0","0","0","0","0","0","0","4845156"
"__svml_log4_l9","2.86656","16.880s","2.86659","16.880s","0.620s","0.620s","Vector Function","","26","142","","AVX2","4","","492.337","492.337","0.179","0.179","58.303","58.303","0.021","0.021","550.640","550.640","0.200","0.200","305.252","305.252","36.148","36.148","341.401","341.401","1702.987","1702.987","2746.721","2746.721","Appr. Reciprocals(AVX); Extracts; FMA; Gathers; Shifts; Shuffles; Type Conversions","Int32; Int64; UInt16; UInt256; UInt; ; ","128/256","AVX; AVX2; AVX2GATHER; FMA","","","","","","","tof_fork_g","","","","","","","","","","","","","","","","","","","","","","","","","","","","","","","","","","","","","","","","","","","","","","","","","","","","","","","","","","","","","","","","","","","","","","","","",""
"[loop in yggdrasil_decision_forests::model::decision_tree::FindSplitLabelClassificationFeatureNumericalCart at splitter_scanner.h:1787]","2.48633","14.641s","0","0s","0.540s","0s","Scalar Versions","0","25","387","","","","","","0","","0","","175.069","","0.288","","175.069","","0.288","","0","","94.552","","94.552","","327.983","","607.280","","Int32; UInt16","","","","","","","","splitter_scanner.h:1787","tof_fork_g","","","","","","","","","","","","","","","","","","","","","","","","","","","","","","","","","","","","","","","","","","","","","","","","","","","","","","","","","","","","","","","","","","","","","","","","",""
"[loop in yggdrasil_decision_forests::model::decision_tree::FindSplitLabelClassificationFeatureNumericalCart at splitter_scanner.h:1787]","2.45916","14.481s","2.45923","14.481s","0.540s","0.540s","Scalar","0","25","148","","","","","0","0","0","0","172.404","172.404","0.288","0.288","172.404","172.404","0.288","0.288","0","0","93.113","93.113","93.113","93.113","323.871","323.871","599.667","599.667","","Int32; UInt16","","","","","","","","splitter_scanner.h:1787","tof_fork_g","","","","","","","","","","","","","","","","","","","","","","","","","","","","","","","","","","","","","","","","","","","","","","","","","","","","","","","","","","","","","","","","","","","","","","","","",""
"[loop in yggdrasil_decision_forests::model::decision_tree::FindSplitLabelClassificationFeatureNumericalCart at splitter_scanner.h:1787]","0.0271712","0.160s","0.027171","0.160s","0.060s","0.060s","Scalar","0","25","296","","","","","0","0","0","0","23.985","23.985","0.350","0.350","23.985","23.985","0.350","0.350","0","0","1.439","1.439","1.439","1.439","4.112","4.112","68.529","68.529","","Int32; UInt16","","","","","","","","splitter_scanner.h:1787","tof_fork_g","","","","","","","","","","","","","","","","","","","","","","","","","","","","","","","","","","","","","","","","","","","","","","","","","","","","","","","","","","","","","","","","","","","","","","","","",""
"__intel_avx_rep_memset","0.363414","2.140s","0.360023","2.120s","0.120s","0.120s","Function","","25","87","","","","","","0","","0","","6.819","","0.012","","6.819","","0.012","","0","","0.818","","0.818","","69.832","","581.920","Unpacks","Int32; UInt16; UInt256; ","128/256","AVX; AVX2; SSE2","","","","","","","tof_fork_g","337","0","0","0","0","0","1615052","0","0","0","0","0","0","0","0","0","0","0","0","0","0","0","0","0","0","0","0","0","0","0","0","0","0","0","0","0","0","0","0","0","0","0","0","0","0","0","0","0","0","0","0","0","0","0","0","0","0","0","0","0","0","0","0","0","0","0","0","0","0","0","0","0","1615052"
"[loop in __intel_avx_rep_memset]","0.00339639","0.020s","0.00339624","0.020s","0.020s","0.020s","Vectorized (Body)","0","26","183","","AVX","8","","0","0","0","0","40.919","40.919","0.012","0.012","40.919","40.919","0.012","0.012","0","0","0.818","0.818","0.818","0.818","69.832","69.832","3491.736","3491.736","","UInt16","256","AVX","","","","","","","tof_fork_g","","","","","","","","","","","","","","","","","","","","","","","","","","","","","","","","","","","","","","","","","","","","","","","","","","","","","","","","","","","","","","","","","","","","","","","","",""
"operator new","0.16982","1.000s","0.169825","1.000s","0.100s","0.100s","Function","","25","10","","","","","","","","","","","","","","","","","","","","","","","","","","","","","","","","","","","","","libstdc++.so.6","","","","","","","","","","","","","","","","","","","","","","","","","","","","","","","","","","","","","","","","","","","","","","","","","","","","","","","","","","","","","","","","","","","","","","","","",""
"__svml_log4_mask_e9","0.0849099","0.500s","0.010189","0.060s","0.040s","0.020s","Vector Function","","25","210","","AVX","4","","0","195.226","0","0.156","0","23.119","0","0.018","0","218.345","0","0.174","0","7.809","0","0.925","0","8.734","4.110","50.145","205.512","1253.558","Extracts; Shuffles","Int32; Int64; UInt16; ","128/256","AVX","","","","","","","tof_fork_g","","","","","","","","","","","","","","","","","","","","","","","","","","","","","","","","","","","","","","","","","","","","","","","","","","","","","","","","","","","","","","","","","","","","","","","","",""
"__svml_log4","0.0747207","0.440s","0.0101893","0.060s","0.040s","0.020s","Vector Function","","26","211","","","4","","0","195.226","0","0.170","0","23.119","0","0.020","0","218.345","0","0.190","0","7.809","0","0.925","0","8.734","2.466","46.034","123.298","1150.808","","","","","","","","","","","tof_fork_g","","","","","","","","","","","","","","","","","","","","","","","","","","","","","","","","","","","","","","","","","","","","","","","","","","","","","","","","","","","","","","","","","","","","","","","","",""
"__svml_log4_l9","0.0645315","0.380s","0.0645308","0.380s","0.020s","0.020s","Vector Function","","27","142","","AVX2","4","","390.367","390.367","0.179","0.179","46.228","46.228","0.021","0.021","436.595","436.595","0.200","0.200","7.809","7.809","0.925","0.925","8.734","8.734","43.568","43.568","2177.837","2177.837","Appr. Reciprocals(AVX); Extracts; FMA; Gathers; Shifts; Shuffles; Type Conversions","Int32; Int64; UInt16; UInt256; UInt; ; ","128/256","AVX; AVX2; AVX2GATHER; FMA","","","","","","","tof_fork_g","","","","","","","","","","","","","","","","","","","","","","","","","","","","","","","","","","","","","","","","","","","","","","","","","","","","","","","","","","","","","","","","","","","","","","","","",""
"__libc_free","0.0849099","0.500s","0.084909","0.500s","0.040s","0.040s","Function","","25","25","","","","","","","","","","","","","","","","","","","","","","","","","","","","","","","","","","","","","libc.so.6","","","","","","","","","","","","","","","","","","","","","","","","","","","","","","","","","","","","","","","","","","","","","","","","","","","","","","","","","","","","","","","","","","","","","","","","",""
"std::vector<hwy::K32V32, std::allocator<hwy::K32V32>>::resize","0.0645315","0.380s","0.0101891","0.060s","0.040s","0.020s","Function","","25","133","","","","","0","0","0","0","7.232","56.109","0.018","0.026","7.232","56.109","0.018","0.026","0","0","0.145","2.244","0.145","2.244","8.142","85.600","407.104","2139.949","","","","","","","","","","stl_vector.h:1143","tof_fork_g","","","","","","","","","","","","","","","","","","","","","","","","","","","","","","","","","","","","","","","","","","","","","","","","","","","","","","","","","","","","","","","","","","","","","","","","",""
"std::vector<hwy::K32V32, std::allocator<hwy::K32V32>>::_M_default_append","0.0509459","0.300s","0","0s","0.040s","0s","Inlined Function","","26","140","","","","","","0","0","0","","45.857","0.250","0.026","","45.857","0.250","0.026","0","0","0.004","1.834","0.004","1.834","0.015","70.025","","1750.577","","","","","","","","","","vector.tcc:814","tof_fork_g","","","","","","","","","","","","","","","","","","","","","","","","","","","","","","","","","","","","","","","","","","","","","","","","","","","","","","","","","","","","","","","","","","","","","","","","",""
"std::__uninitialized_default_n_a<hwy::K32V32*, unsigned long, hwy::K32V32>","0.0373603","0.220s","0","0s","0.020s","0s","Inlined Function","","27","139","","","","","","0","","0","","91.350","","0.026","","91.350","","0.026","","0","","1.827","","1.827","","70.010","","3500.486","","","","","","","","","","stl_uninitialized.h:1000","tof_fork_g","","","","","","","","","","","","","","","","","","","","","","","","","","","","","","","","","","","","","","","","","","","","","","","","","","","","","","","","","","","","","","","","","","","","","","","","",""
"std::__uninitialized_default_n<hwy::K32V32*, unsigned long>","0.0373603","0.220s","0","0s","0.020s","0s","Inlined Function","","28","138","","","","","","0","","0","","91.350","","0.026","","91.350","","0.026","","0","","1.827","","1.827","","70.010","","3500.486","","","","","","","","","","stl_uninitialized.h:931","tof_fork_g","","","","","","","","","","","","","","","","","","","","","","","","","","","","","","","","","","","","","","","","","","","","","","","","","","","","","","","","","","","","","","","","","","","","","","","","",""
"std::__uninitialized_default_n_1<(bool)1>::__uninit_default_n<hwy::K32V32*, unsigned long>","0.0373603","0.220s","0","0s","0.020s","0s","Inlined Function","","29","137","","","","","","0","0","0","","91.350","0.062","0.026","","91.350","0.062","0.026","0","0","< 0.001","1.827","< 0.001","1.827","< 0.001","70.010","","3500.486","","","","","","","","","","stl_uninitialized.h:888","tof_fork_g","","","","","","","","","","","","","","","","","","","","","","","","","","","","","","","","","","","","","","","","","","","","","","","","","","","","","","","","","","","","","","","","","","","","","","","","",""
"std::fill_n<hwy::K32V32*, unsigned long, hwy::K32V32>","0.0373603","0.220s","0","0s","0.020s","0s","Inlined Function","","30","136","","","","","","0","","0","","91.350","","0.026","","91.350","","0.026","","0","","1.827","","1.827","","70.010","","3500.486","","","","","","","","","","stl_algobase.h:1173","tof_fork_g","","","","","","","","","","","","","","","","","","","","","","","","","","","","","","","","","","","","","","","","","","","","","","","","","","","","","","","","","","","","","","","","","","","","","","","","",""
"std::__fill_n_a<hwy::K32V32*, unsigned long, hwy::K32V32>","0.0373603","0.220s","0","0s","0.020s","0s","Inlined Function","","31","135","","","","","","0","","0","","91.350","","0.026","","91.350","","0.026","0","0","< 0.001","1.827","< 0.001","1.827","0","70.010","","3500.486","","","","","","","","","","stl_algobase.h:1137","tof_fork_g","","","","","","","","","","","","","","","","","","","","","","","","","","","","","","","","","","","","","","","","","","","","","","","","","","","","","","","","","","","","","","","","","","","","","","","","",""
"std::__fill_a<hwy::K32V32*, hwy::K32V32>","0.0373603","0.220s","0","0s","0.020s","0s","Inlined Function","","32","134","","","","","","0","","0","","91.350","","0.026","","91.350","","0.026","","0","","1.827","","1.827","","70.010","","3500.486","","","","","","","","","","stl_algobase.h:978","tof_fork_g","","","","","","","","","","","","","","","","","","","","","","","","","","","","","","","","","","","","","","","","","","","","","","","","","","","","","","","","","","","","","","","","","","","","","","","","",""
"std::__fill_a1<hwy::K32V32*, hwy::K32V32>","0.0373603","0.220s","0","0s","0.020s","0s","Inlined Function","","33","132","","","","","","0","","0","","91.350","","0.026","","91.350","","0.026","0","0","< 0.001","1.827","< 0.001","1.827","0","70.010","","3500.486","","","","","","","","","","stl_algobase.h:897","tof_fork_g","334","0","0","0","0","163222124","408055310","0","0","0","0","0","0","0","0","0","0","0","0","0","0","0","0","0","0","0","0","0","163222124","0","0","0","0","0","81611062","81611062","652888496","652888496","0","0","0","0","0","0","0","0","0","0","0","0","0","0","0","0","0","0","0","0","0","0","0","0","0","0","0","0","0","0","0","0","0","0","0"
"__intel_avx_rep_memset","0.0373603","0.220s","0.0373603","0.220s","0.020s","0.020s","Function","","34","87","","","","","0","0","0","0","91.350","91.350","0.026","0.026","91.350","91.350","0.026","0.026","0","0","1.827","1.827","1.827","1.827","70.010","70.010","3500.486","3500.486","Unpacks","Int32; UInt16; UInt256; ","128/256","AVX; AVX2; SSE2","","","","","","","tof_fork_g","335","0","0","0","0","0","60559485","0","0","0","0","0","0","0","0","0","0","0","0","0","0","0","0","0","0","0","0","0","0","0","0","0","0","0","0","0","0","0","0","0","0","0","0","0","0","0","0","0","0","0","0","0","0","0","0","0","0","0","0","0","0","0","0","0","0","0","0","0","0","0","0","0","0"
"std::__uninitialized_default_n_a<hwy::K32V32*, unsigned long, hwy::K32V32>","0.0135856","0.080s","0","0s","0.040s","0s","Inlined Function","","27","369","","","","","","0","","","","0.090","","","","0.090","","","","0","","0.004","","0.004","","0","","0","","","","","","","","","","stl_uninitialized.h:1000","tof_fork_g","","","","","","","","","","","","","","","","","","","","","","","","","","","","","","","","","","","","","","","","","","","","","","","","","","","","","","","","","","","","","","","","","","","","","","","","",""
"std::__uninitialized_default_n<hwy::K32V32*, unsigned long>","0.0135856","0.080s","0","0s","0.040s","0s","Inlined Function","","28","368","","","","","","0","","","","0.090","","","","0.090","","","","0","","0.004","","0.004","","0","","0","","","","","","","","","","stl_uninitialized.h:931","tof_fork_g","","","","","","","","","","","","","","","","","","","","","","","","","","","","","","","","","","","","","","","","","","","","","","","","","","","","","","","","","","","","","","","","","","","","","","","","",""
"std::__uninitialized_default_n_1<(bool)1>::__uninit_default_n<hwy::K32V32*, unsigned long>","0.0135856","0.080s","0","0s","0.040s","0s","Inlined Function","","29","367","","","","","","0","","","","0.090","","","","0.090","","","","0","","0.004","","0.004","","0","","0","","","","","","","","","","stl_uninitialized.h:888","tof_fork_g","","","","","","","","","","","","","","","","","","","","","","","","","","","","","","","","","","","","","","","","","","","","","","","","","","","","","","","","","","","","","","","","","","","","","","","","",""
"std::fill_n<hwy::K32V32*, unsigned long, hwy::K32V32>","0.0135856","0.080s","0","0s","0.040s","0s","Inlined Function","","30","366","","","","","","0","","","","0.090","","","","0.090","","","","0","","0.004","","0.004","","0","","0","","","","","","","","","","stl_algobase.h:1173","tof_fork_g","","","","","","","","","","","","","","","","","","","","","","","","","","","","","","","","","","","","","","","","","","","","","","","","","","","","","","","","","","","","","","","","","","","","","","","","",""
"std::__fill_n_a<hwy::K32V32*, unsigned long, hwy::K32V32>","0.0135856","0.080s","0","0s","0.040s","0s","Inlined Function","","31","365","","","","","","0","","","","0.090","","","","0.090","","","0","0","0.002","0.004","0.002","0.004","0","0","","0","","","","","","","","","","stl_algobase.h:1137","tof_fork_g","","","","","","","","","","","","","","","","","","","","","","","","","","","","","","","","","","","","","","","","","","","","","","","","","","","","","","","","","","","","","","","","","","","","","","","","",""
"std::__fill_a<hwy::K32V32*, hwy::K32V32>","0.0135856","0.080s","0","0s","0.040s","0s","Inlined Function","","32","364","","","","","","0","","","","0.044","","","","0.044","","","","0","","0.002","","0.002","","0","","0","","","","","","","","","","stl_algobase.h:978","tof_fork_g","","","","","","","","","","","","","","","","","","","","","","","","","","","","","","","","","","","","","","","","","","","","","","","","","","","","","","","","","","","","","","","","","","","","","","","","",""
"std::__fill_a1<hwy::K32V32*, hwy::K32V32>","0.0135856","0.080s","0","0s","0.040s","0s","Inlined Function","","33","363","","","","","","0","","","","0.044","","","","0.044","","","0","0","0.002","0.002","0.002","0.002","0","0","","0","","","","","","","","","","stl_algobase.h:897","tof_fork_g","","","","","","","","","","","","","","","","","","","","","","","","","","","","","","","","","","","","","","","","","","","","","","","","","","","","","","","","","","","","","","","","","","","","","","","","",""
"__intel_avx_rep_memset","0.0135856","0.080s","0.0135858","0.080s","0.040s","0.040s","Function","","34","87","","","","","","","","","","","","","","","","","","","","","","","","","","","Unpacks","Int32; UInt16; UInt256; ","128/256","AVX; AVX2; SSE2","","","","","","","tof_fork_g","","","","","","","","","","","","","","","","","","","","","","","","","","","","","","","","","","","","","","","","","","","","","","","","","","","","","","","","","","","","","","","","","","","","","","","","",""
"std::vector<hwy::K32V32, std::allocator<hwy::K32V32>>::size","0.00339639","0.020s","0.00339641","0.020s","0.020s","0.020s","Inlined Function","","26","284","","","","","0","0","0","0","13.273","13.273","0.036","0.036","13.273","13.273","0.036","0.036","0","0","0.265","0.265","0.265","0.265","7.433","7.433","371.651","371.651","","","","","","","","","","stl_vector.h:1117","tof_fork_g","","","","","","","","","","","","","","","","","","","","","","","","","","","","","","","","","","","","","","","","","","","","","","","","","","","","","","","","","","","","","","","","","","","","","","","","",""
"hwy::VQSort","0.0509459","0.300s","0.0475441","0.280s","0.040s","0.040s","Function","","25","201","","","","","0","0","0","0","3.318","3.318","0.016","0.012","3.318","3.318","0.016","0.012","0","0","0.133","0.133","0.133","0.133","8.495","10.619","212.365","265.456","","","","","","","","","","vqsort_kv64a.cc:61","tof_fork_g","","","","","","","","","","","","","","","","","","","","","","","","","","","","","","","","","","","","","","","","","","","","","","","","","","","","","","","","","","","","","","","","","","","","","","","","",""
"hwy::GetChosenTarget","0.00339639","0.020s","0.00339651","0.020s","0.020s","0.020s","Function","","26","292","","","","","0","0","0","0","0","0","0","0","0","0","0","0","0","0","0","0","0","0","2.124","2.124","106.183","106.183","","","","","","","","","","targets.cc:812","tof_fork_g","","","","","","","","","","","","","","","","","","","","","","","","","","","","","","","","","","","","","","","","","","","","","","","","","","","","","","","","","","","","","","","","","","","","","","","","",""
"func@0xbaa10","0.0407567","0.240s","0.0407569","0.240s","0.060s","0.060s","Function","","25","27","","","","","","","","","","","","","","","","","","","","","","","","","","","","","","","","","","","","","libc.so.6","","","","","","","","","","","","","","","","","","","","","","","","","","","","","","","","","","","","","","","","","","","","","","","","","","","","","","","","","","","","","","","","","","","","","","","","",""
"yggdrasil_decision_forests::model::decision_tree::FeatureNumericalBucket::Filler::SetConditionFinalFromThresholds","0.0373603","0.220s","0.00339648","0.020s","0.020s","0.020s","Function","","25","278","","","","","0.643","0.643","0.020","0.012","0.564","1.930","0.018","0.035","1.207","2.573","0.038","0.046","0.013","0.013","0.011","0.039","0.024","0.051","0.643","1.107","32.158","55.368","","Int32","128","AVX","","","","","","splitter_accumulator.h:248","tof_fork_g","","","","","","","","","","","","","","","","","","","","","","","","","","","","","","","","","","","","","","","","","","","","","","","","","","","","","","","","","","","","","","","","","","","","","","","","",""
"yggdrasil_decision_forests::model::decision_tree::proto::Condition::mutable_higher_condition","0.016982","0.100s","0","0s","0.020s","0s","Inlined Function","","26","339","","","","","","0","","0","","0.724","","0.061","","0.724","","0.061","","0","","0.014","","0.014","","0.239","","11.932","","Int32","128","AVX","","","","","","decision_tree.pb.h:5838","tof_fork_g","","","","","","","","","","","","","","","","","","","","","","","","","","","","","","","","","","","","","","","","","","","","","","","","","","","","","","","","","","","","","","","","","","","","","","","","",""
"yggdrasil_decision_forests::model::decision_tree::proto::Condition::_internal_mutable_higher_condition","0.016982","0.100s","0","0s","0.020s","0s","Inlined Function","","27","338","","","","","","0","0","0","","0.724","0.090","0.061","","0.724","0.090","0.061","0","0","0.014","0.014","0.014","0.014","0.161","0.239","","11.932","","Int32","128","AVX","","","","","","decision_tree.pb.h:5829","tof_fork_g","","","","","","","","","","","","","","","","","","","","","","","","","","","","","","","","","","","","","","","","","","","","","","","","","","","","","","","","","","","","","","","","","","","","","","","","",""
"google::protobuf::MessageLite::DefaultConstruct<yggdrasil_decision_forests::model::decision_tree::proto::Condition_Higher>","0.016982","0.100s","0","0s","0.020s","0s","Inlined Function","","28","337","","","","","","0","","0","","0","","0","","0","","0","","0","","0","","0","","0.078","","3.876","","","","","","","","","","message_lite.h:880","tof_fork_g","","","","","","","","","","","","","","","","","","","","","","","","","","","","","","","","","","","","","","","","","","","","","","","","","","","","","","","","","","","","","","","","","","","","","","","","",""
"google::protobuf::Arena::DefaultConstruct<yggdrasil_decision_forests::model::decision_tree::proto::Condition_Higher>","0.016982","0.100s","0","0s","0.020s","0s","Function","","29","340","","","","","","0","0","0","","0","0","0","","0","0","0","0","0","0","0","0","0","0.078","0.078","","3.876","","","","","","","","","","arena.h:646","tof_fork_g","","","","","","","","","","","","","","","","","","","","","","","","","","","","","","","","","","","","","","","","","","","","","","","","","","","","","","","","","","","","","","","","","","","","","","","","",""
"operator new","0.016982","0.100s","0.0169795","0.100s","0.020s","0.020s","Function","","30","10","","","","","","","","","","","","","","","","","","","","","","","","","","","","","","","","","","","","","libstdc++.so.6","","","","","","","","","","","","","","","","","","","","","","","","","","","","","","","","","","","","","","","","","","","","","","","","","","","","","","","","","","","","","","","","","","","","","","","","",""
"yggdrasil_decision_forests::model::decision_tree::proto::NodeCondition::mutable_condition","0.0135856","0.080s","0","0s","0.020s","0s","Inlined Function","","26","283","","","","","","0","0","0","","0.321","0.500","0.034","","0.321","0.500","0.034","0","0","0.006","0.006","0.006","0.006","0.013","0.187","","9.351","","Int32","128","AVX","","","","","","decision_tree.pb.h:6470","tof_fork_g","","","","","","","","","","","","","","","","","","","","","","","","","","","","","","","","","","","","","","","","","","","","","","","","","","","","","","","","","","","","","","","","","","","","","","","","",""
"yggdrasil_decision_forests::model::decision_tree::proto::NodeCondition::_internal_mutable_condition","0.0135856","0.080s","0","0s","0.020s","0s","Inlined Function","","27","282","","","","","","0","0","0","","0","0","0","","0","0","0","0","0","0","0","0","0","0.097","0.174","","8.708","","Int32","128","AVX","","","","","","decision_tree.pb.h:6462","tof_fork_g","","","","","","","","","","","","","","","","","","","","","","","","","","","","","","","","","","","","","","","","","","","","","","","","","","","","","","","","","","","","","","","","","","","","","","","","",""
"google::protobuf::MessageLite::DefaultConstruct<yggdrasil_decision_forests::model::decision_tree::proto::Condition>","0.0135856","0.080s","0","0s","0.020s","0s","Inlined Function","","28","293","","","","","","0","","0","","0","","0","","0","","0","","0","","0","","0","","0.078","","3.876","","","","","","","","","","message_lite.h:880","tof_fork_g","","","","","","","","","","","","","","","","","","","","","","","","","","","","","","","","","","","","","","","","","","","","","","","","","","","","","","","","","","","","","","","","","","","","","","","","",""
"google::protobuf::Arena::DefaultConstruct<yggdrasil_decision_forests::model::decision_tree::proto::Condition>","0.0135856","0.080s","0","0s","0.020s","0s","Function","","29","294","","","","","","0","0","0","","0","0","0","","0","0","0","0","0","0","0","0","0","0.078","0.078","","3.876","","","","","","","","","","arena.h:646","tof_fork_g","","","","","","","","","","","","","","","","","","","","","","","","","","","","","","","","","","","","","","","","","","","","","","","","","","","","","","","","","","","","","","","","","","","","","","","","",""
"operator new","0.0135856","0.080s","0.0135858","0.080s","0.020s","0.020s","Function","","30","10","","","","","","","","","","","","","","","","","","","","","","","","","","","","","","","","","","","","","libstdc++.so.6","","","","","","","","","","","","","","","","","","","","","","","","","","","","","","","","","","","","","","","","","","","","","","","","","","","","","","","","","","","","","","","","","","","","","","","","",""
"yggdrasil_decision_forests::model::decision_tree::proto::Condition_Higher::set_threshold","0.00339639","0.020s","0.00339634","0.020s","0.020s","0.020s","Inlined Function","","26","352","","","","","0","0","0","0","0.321","0.321","0.167","0.167","0.321","0.321","0.167","0.167","0","0","0.006","0.006","0.006","0.006","0.039","0.039","1.929","1.929","","","","","","","","","","decision_tree.pb.h:4855","tof_fork_g","","","","","","","","","","","","","","","","","","","","","","","","","","","","","","","","","","","","","","","","","","","","","","","","","","","","","","","","","","","","","","","","","","","","","","","","",""
"__svml_logf4_l9","0.0339639","0.200s","0.0339629","0.200s","0.040s","0.040s","Vector Function","","25","245","","AVX2","4","","130.823","130.823","0.346","0.346","30.889","30.889","0.082","0.082","161.712","161.712","0.428","0.428","5.233","5.233","1.236","1.236","6.468","6.468","15.117","15.117","377.934","377.934","FMA; Shifts; Type Conversions","Int32; UInt16","128","AVX; FMA","","","","","","","tof_fork_g","","","","","","","","","","","","","","","","","","","","","","","","","","","","","","","","","","","","","","","","","","","","","","","","","","","","","","","","","","","","","","","","","","","","","","","","",""
"operator delete","0.0271712","0.160s","0.0271696","0.160s","0.040s","0.040s","Function","","25","11","","","","","","","","","","","","","","","","","","","","","","","","","","","","","","","","","","","","","libstdc++.so.6","","","","","","","","","","","","","","","","","","","","","","","","","","","","","","","","","","","","","","","","","","","","","","","","","","","","","","","","","","","","","","","","","","","","","","","","",""
"operator delete","0.016982","0.100s","0.016982","0.100s","0.020s","0.020s","Function","","25","13","","","","","","","","","","","","","","","","","","","","","","","","","","","","","","","","","","","","","libstdc++.so.6","","","","","","","","","","","","","","","","","","","","","","","","","","","","","","","","","","","","","","","","","","","","","","","","","","","","","","","","","","","","","","","","","","","","","","","","",""
"func@0xa8320","0.0101892","0.060s","0.0101895","0.060s","0.020s","0.020s","Function","","25","14","","","","","","","","","","","","","","","","","","","","","","","","","","","","","","","","","","","","","libstdc++.so.6","","","","","","","","","","","","","","","","","","","","","","","","","","","","","","","","","","","","","","","","","","","","","","","","","","","","","","","","","","","","","","","","","","","","","","","","",""
"func@0x7b21e0","0.00679279","0.040s","0.00679321","0.040s","0.020s","0.020s","Function","","25","222","","","","","0","0","0","0","0","0","0","0","0","0","0","0","0","0","0","0","0","0","1.163","1.163","58.137","58.137","","","","","","","","","","","tof_fork_g","","","","","","","","","","","","","","","","","","","","","","","","","","","","","","","","","","","","","","","","","","","","","","","","","","","","","","","","","","","","","","","","","","","","","","","","",""
"hwy::N_AVX3_SPR::detail::BaseCase<hwy::N_AVX3_SPR::Simd<unsigned long, (unsigned long)8, (int)0>, hwy::N_AVX3_SPR::detail::SharedTraits<hwy::N_AVX3_SPR::detail::TraitsLane<hwy::N_AVX3_SPR::detail::OrderAscendingKV64>>, unsigned long>","0.00679279","0.040s","0.00679269","0.040s","0.020s","0.020s","Function","","25","238","","","","","0","0","0","0","36493.679","36493.679","0.245","0.245","36493.679","36493.679","0.245","0.245","0","0","729.885","729.885","729.885","729.885","2976.216","2976.216","148808.525","148808.525","","","","","","","","","","vqsort-inl.h:574","tof_fork_g","","","","","","","","","","","","","","","","","","","","","","","","","","","","","","","","","","","","","","","","","","","","","","","","","","","","","","","","","","","","","","","","","","","","","","","","",""
"func@0x7b21b0","0.00339639","0.020s","0.00339634","0.020s","0.020s","0.020s","Function","","25","189","","","","","0","0","0","0","0","0","0","0","0","0","0","0","0","0","0","0","0","0","1.215","1.215","60.728","60.728","","","","","","","","","","","tof_fork_g","","","","","","","","","","","","","","","","","","","","","","","","","","","","","","","","","","","","","","","","","","","","","","","","","","","","","","","","","","","","","","","","","","","","","","","","",""
"func@0xa8540","0.00339639","0.020s","0.00339619","0.020s","0.020s","0.020s","Function","","25","16","","","","","","","","","","","","","","","","","","","","","","","","","","","","","","","","","","","","","libstdc++.so.6","","","","","","","","","","","","","","","","","","","","","","","","","","","","","","","","","","","","","","","","","","","","","","","","","","","","","","","","","","","","","","","","","","","","","","","","",""
"func@0xa8da0","0.00339639","0.020s","0.00339617","0.020s","0.020s","0.020s","Function","","25","15","","","","","","","","","","","","","","","","","","","","","","","","","","","","","","","","","","","","","libstdc++.so.6","","","","","","","","","","","","","","","","","","","","","","","","","","","","","","","","","","","","","","","","","","","","","","","","","","","","","","","","","","","","","","","","","","","","","","","","",""
"__intel_avx_rep_memset","0.112081","0.660s","0.0135843","0.080s","0.060s","0.020s","Function","","24","87","","","","","","","","","","","","","","","","","","","","","","","","","","","Unpacks","Int32; UInt16; UInt256; ","128/256","AVX; AVX2; SSE2","","","","","","","tof_fork_g","","","","","","","","","","","","","","","","","","","","","","","","","","","","","","","","","","","","","","","","","","","","","","","","","","","","","","","","","","","","","","","","","","","","","","","","",""
"[loop in __intel_avx_rep_memset]","0.0984954","0.580s","0.0984968","0.580s","0.060s","0.060s","Vectorized (Body)","0","25","183","","AVX","8","","","","","","","","","","","","","","","","","","","","","","","","","UInt16","256","AVX","","","","","","","tof_fork_g","","","","","","","","","","","","","","","","","","","","","","","","","","","","","","","","","","","","","","","","","","","","","","","","","","","","","","","","","","","","","","","","","","","","","","","","",""
"std::_Function_handler<absl::lts_20250814::Status (yggdrasil_decision_forests::dataset::VerticalDataset const&, absl::lts_20250814::Span<unsigned int const>, std::vector<float, std::allocator<float>> const&, yggdrasil_decision_forests::model::proto::TrainingConfig const&, yggdrasil_decision_forests::model::proto::TrainingConfigLinking const&, yggdrasil_decision_forests::model::decision_tree::NodeWithChildren*), absl::lts_20250814::Status (yggdrasil_decision_forests::dataset::VerticalDataset const&, absl::lts_20250814::Span<unsigned int const>, std::vector<float, std::allocator<float>> const&, yggdrasil_decision_forests::model::proto::TrainingConfig const&, yggdrasil_decision_forests::model::proto::TrainingConfigLinking const&, yggdrasil_decision_forests::model::decision_tree::NodeWithChildren*)*>::_M_manager","0.00339639","0.020s","0.00339626","0.020s","0.020s","0.020s","Function","","24","350","","","","","0","0","0","0","36.341","36.341","0.104","0.104","36.341","36.341","0.104","0.104","0","0","0.727","0.727","0.727","0.727","6.977","6.977","348.870","348.870","","","","","","","","","","std_function.h:269","tof_fork_g","","","","","","","","","","","","","","","","","","","","","","","","","","","","","","","","","","","","","","","","","","","","","","","","","","","","","","","","","","","","","","","","","","","","","","","","",""
"yggdrasil_decision_forests::model::decision_tree::internal::ProjectionEvaluator::Evaluate","28.2171","166.159s","0.0339628","0.200s","5.060s","0.040s","Function","","23","151","","","","","0","11.182","0","0.064","3.634","12.935","0.007","0.074","3.634","24.117","0.007","0.137","0","56.583","0.145","65.452","0.145","122.035","20.931","889.638","523.280","175.817","FMA; Gathers; Inserts; Shuffles; Unpacks","Int32; UInt16; UInt256; ; ","128/256","AVX; AVX2; AVX512F_256; FMA","","","","","","oblique.cc:1307","tof_fork_g","","","","","","","","","","","","","","","","","","","","","","","","","","","","","","","","","","","","","","","","","","","","","","","","","","","","","","","","","","","","","","","","","","","","","","","","",""
"[loop in yggdrasil_decision_forests::model::decision_tree::internal::ProjectionEvaluator::Evaluate at oblique.cc:1321]","28.1322","165.659s","23.4112","137.859s","5.000s","4.220s","Scalar","1","24","150","","","","","11.342","11.317","0.110","0.067","7.778","12.881","0.075","0.076","19.120","24.197","0.185","0.142","47.862","56.583","32.824","64.405","80.685","120.988","435.866","849.308","103.285","169.861","FMA","Int32; UInt16","","","","","","","","oblique.cc:1321","tof_fork_g","","","","","","","","","","","","","","","","","","","","","","","","","","","","","","","","","","","","","","","","","","","","","","","","","","","","","","","","","","","","","","","","","","","","","","","","",""
"[loop in yggdrasil_decision_forests::model::decision_tree::internal::ProjectionEvaluator::Evaluate at oblique.cc:1326]","4.16398","24.520s","3.37605","19.880s","0.880s","0.760s","Scalar","0","25","161","","","","","11.475","9.910","0.167","0.167","0","2.643","0","0.044","11.475","12.553","0.167","0.211","8.721","8.721","0","2.326","8.721","11.047","52.327","52.327","68.850","59.463","FMA","Int32","","","","","","","","oblique.cc:1326","tof_fork_g","","","","","","","","","","","","","","","","","","","","","","","","","","","","","","","","","","","","","","","","","","","","","","","","","","","","","","","","","","","","","","","","","","","","","","","","",""
"__gnu_cxx::operator!=<yggdrasil_decision_forests::model::decision_tree::internal::AttributeAndWeight const*, std::vector<yggdrasil_decision_forests::model::decision_tree::internal::AttributeAndWeight, std::allocator<yggdrasil_decision_forests::model::decision_tree::internal::AttributeAndWeight>>>","0.764189","4.500s","0.764197","4.500s","0.220s","0.220s","Inlined Function","","26","160","","","","","0","0","","","10.571","10.571","","","10.571","10.571","","","0","0","2.326","2.326","2.326","2.326","0","0","0","0","","","","","","","","","","stl_iterator.h:1244","tof_fork_g","","","","","","","","","","","","","","","","","","","","","","","","","","","","","","","","","","","","","","","","","","","","","","","","","","","","","","","","","","","","","","","","","","","","","","","","",""
"yggdrasil_decision_forests::model::decision_tree::internal::ProjectionEvaluator::AttributeValue","0.0237748","0.140s","0.023776","0.140s","0.040s","0.040s","Inlined Function","","26","153","","","","","","","","","","","","","","","","","","","","","","","","","","","Gathers","Int32; ","128/256","AVX512F_256","","","","","","oblique.h:222","tof_fork_g","","","","","","","","","","","","","","","","","","","","","","","","","","","","","","","","","","","","","","","","","","","","","","","","","","","","","","","","","","","","","","","","","","","","","","","","",""
"yggdrasil_decision_forests::model::decision_tree::internal::ProjectionEvaluator::AttributeValue","0.557009","3.280s","0.356618","2.100s","0.220s","0.140s","Inlined Function","","25","153","","","","","0","0","0","0","208.966","132.989","0.127","0.081","208.966","132.989","0.127","0.081","0","0","29.256","29.256","29.256","29.256","229.821","361.115","1641.550","1641.536","Gathers","Int32; ","128/256","AVX512F_256","","","","","","oblique.h:222","tof_fork_g","","","","","","","","","","","","","","","","","","","","","","","","","","","","","","","","","","","","","","","","","","","","","","","","","","","","","","","","","","","","","","","","","","","","","","","","",""
"std::vector<float const*, std::allocator<float const*>>::operator[]","0.200387","1.180s","0.200379","1.180s","0.100s","0.100s","Inlined Function","","26","152","","","","","0","0","0","0","0","0","0","0","0","0","0","0","0","0","0","0","0","0","131.294","131.294","1312.880","1312.880","","","","","","","","","","stl_vector.h:1280","tof_fork_g","","","","","","","","","","","","","","","","","","","","","","","","","","","","","","","","","","","","","","","","","","","","","","","","","","","","","","","","","","","","","","","","","","","","","","","","",""
"std::vector<float, std::allocator<float>>::resize","0.0373603","0.220s","0.027172","0.160s","0.020s","0.020s","Function","","24","79","","","","","0","0","0","0","7.680","23.266","0.018","0.027","7.680","23.266","0.018","0.027","0","0","0.154","0.465","0.154","0.465","8.526","17.072","426.210","853.462","","","","","","","","","","stl_vector.h:1143","tof_fork_g","","","","","","","","","","","","","","","","","","","","","","","","","","","","","","","","","","","","","","","","","","","","","","","","","","","","","","","","","","","","","","","","","","","","","","","","",""
"std::vector<float, std::allocator<float>>::size","0.00679279","0.040s","0.00679264","0.040s","0.020s","0.020s","Inlined Function","","25","228","","","","","0","0","0","0","14.536","14.536","0.036","0.036","14.536","14.536","0.036","0.036","0","0","0.291","0.291","0.291","0.291","8.140","8.140","406.996","406.996","","","","","","","","","","stl_vector.h:1117","tof_fork_g","","","","","","","","","","","","","","","","","","","","","","","","","","","","","","","","","","","","","","","","","","","","","","","","","","","","","","","","","","","","","","","","","","","","","","","","",""
"std::vector<float, std::allocator<float>>::_M_default_append","0.00339639","0.020s","0","0s","0.020s","0s","Inlined Function","","25","86","","","","","","0","0","0","","1.053","0.333","0.052","","1.053","0.333","0.052","0","0","0.004","0.021","0.004","0.021","0.013","0.407","","20.330","","","","","","","","","","vector.tcc:814","tof_fork_g","","","","","","","","","","","","","","","","","","","","","","","","","","","","","","","","","","","","","","","","","","","","","","","","","","","","","","","","","","","","","","","","","","","","","","","","",""
"std::__uninitialized_default_n_a<float*, unsigned long, float>","0.00339639","0.020s","0","0s","0.020s","0s","Inlined Function","","26","333","","","","","","0","","0","","0.832","","0.042","","0.832","","0.042","","0","","0.017","","0.017","","0.393","","19.667","","","","","","","","","","stl_uninitialized.h:1000","tof_fork_g","","","","","","","","","","","","","","","","","","","","","","","","","","","","","","","","","","","","","","","","","","","","","","","","","","","","","","","","","","","","","","","","","","","","","","","","",""
"std::__uninitialized_default_n<float*, unsigned long>","0.00339639","0.020s","0","0s","0.020s","0s","Inlined Function","","27","332","","","","","","0","","0","","0.832","","0.042","","0.832","","0.042","","0","","0.017","","0.017","","0.393","","19.667","","","","","","","","","","stl_uninitialized.h:931","tof_fork_g","","","","","","","","","","","","","","","","","","","","","","","","","","","","","","","","","","","","","","","","","","","","","","","","","","","","","","","","","","","","","","","","","","","","","","","","",""
"std::__uninitialized_default_n_1<(bool)1>::__uninit_default_n<float*, unsigned long>","0.00339639","0.020s","0","0s","0.020s","0s","Inlined Function","","28","331","","","","","","0","","0","","0.832","","0.042","","0.832","","0.042","","0","","0.017","","0.017","","0.393","","19.667","","","","","","","","","","stl_uninitialized.h:888","tof_fork_g","","","","","","","","","","","","","","","","","","","","","","","","","","","","","","","","","","","","","","","","","","","","","","","","","","","","","","","","","","","","","","","","","","","","","","","","",""
"std::fill_n<float*, unsigned long, float>","0.00339639","0.020s","0","0s","0.020s","0s","Inlined Function","","29","330","","","","","","0","","0","","0.832","","0.042","","0.832","","0.042","","0","","0.017","","0.017","","0.393","","19.667","","","","","","","","","","stl_algobase.h:1173","tof_fork_g","","","","","","","","","","","","","","","","","","","","","","","","","","","","","","","","","","","","","","","","","","","","","","","","","","","","","","","","","","","","","","","","","","","","","","","","",""
"std::__fill_n_a<float*, unsigned long, float>","0.00339639","0.020s","0","0s","0.020s","0s","Inlined Function","","30","329","","","","","","0","","0","","0.832","","0.042","","0.832","","0.042","0","0","0.002","0.017","0.002","0.017","0","0.393","","19.667","","","","","","","","","","stl_algobase.h:1137","tof_fork_g","","","","","","","","","","","","","","","","","","","","","","","","","","","","","","","","","","","","","","","","","","","","","","","","","","","","","","","","","","","","","","","","","","","","","","","","",""
"std::__fill_a<float*, float>","0.00339639","0.020s","0","0s","0.020s","0s","Inlined Function","","31","328","","","","","","0","","0","","0.724","","0.037","","0.724","","0.037","","0","","0.014","","0.014","","0.393","","19.667","","","","","","","","","","stl_algobase.h:978","tof_fork_g","","","","","","","","","","","","","","","","","","","","","","","","","","","","","","","","","","","","","","","","","","","","","","","","","","","","","","","","","","","","","","","","","","","","","","","","",""
"std::__fill_a1<float*, float>","0.00339639","0.020s","0","0s","0.020s","0s","Inlined Function","","32","327","","","","","","0","","0","","0.724","","0.037","","0.724","","0.037","0","0","0.002","0.014","0.002","0.014","0","0.393","","19.667","","","","","","","","","","stl_algobase.h:897","tof_fork_g","","","","","","","","","","","","","","","","","","","","","","","","","","","","","","","","","","","","","","","","","","","","","","","","","","","","","","","","","","","","","","","","","","","","","","","","",""
"__intel_avx_rep_memset","0.00339639","0.020s","0.00339665","0.020s","0.020s","0.020s","Function","","33","87","","","","","0","0","0","0","0.619","0.619","0.031","0.031","0.619","0.619","0.031","0.031","0","0","0.012","0.012","0.012","0.012","0.393","0.393","19.667","19.667","Unpacks","Int32; UInt16; UInt256; ","128/256","AVX; AVX2; SSE2","","","","","","","tof_fork_g","","","","","","","","","","","","","","","","","","","","","","","","","","","","","","","","","","","","","","","","","","","","","","","","","","","","","","","","","","","","","","","","","","","","","","","","",""
"absl::lts_20250814::Status::Status","0.00679279","0.040s","0","0s","0.040s","0s","Inlined Function","","24","273","","","","","","0","0","0","","7.268","0","0.125","","7.268","0","0.125","0","0","0","0.291","0","0.291","2.326","2.326","","58.146","","","","","","","","","","status.h:776","tof_fork_g","","","","","","","","","","","","","","","","","","","","","","","","","","","","","","","","","","","","","","","","","","","","","","","","","","","","","","","","","","","","","","","","","","","","","","","","",""
"absl::lts_20250814::Status::Ref","0.00679279","0.040s","0.00679247","0.040s","0.040s","0.040s","Inlined Function","","25","272","","","","","0","0","","","7.268","7.268","","","7.268","7.268","","","0","0","0.291","0.291","0.291","0.291","0","0","0","0","","","","","","","","","","status.h:916","tof_fork_g","","","","","","","","","","","","","","","","","","","","","","","","","","","","","","","","","","","","","","","","","","","","","","","","","","","","","","","","","","","","","","","","","","","","","","","","",""
"absl::lts_20250814::Status::ok","0.00679279","0.040s","0.00679206","0.040s","0.020s","0.020s","Inlined Function","","24","351","","","","","0","0","","","7.268","7.268","","","7.268","7.268","","","0","0","0.145","0.145","0.145","0.145","0","0","0","0","","","","","","","","","","status.h:816","tof_fork_g","","","","","","","","","","","","","","","","","","","","","","","","","","","","","","","","","","","","","","","","","","","","","","","","","","","","","","","","","","","","","","","","","","","","","","","","",""
"yggdrasil_decision_forests::model::decision_tree::internal::SampleProjection","3.46772","20.420s","0.254726","1.500s","0.780s","0.120s","Function","","23","164","","","","","2.422","22.363","0.004","0.036","26.290","59.335","0.042","0.096","28.712","81.698","0.046","0.132","0.291","17.443","3.155","46.281","3.445","63.724","75.515","484.005","629.325","620.520","Divisions; Shuffles; Square Roots; Unpacks","Int32; Int64; ; ","128","AVX; AVX2; AVX512DQ_128; AVX512F_128","","","","","","oblique.cc","tof_fork_g","","","","","","","","","","","","","","","","","","","","","","","","","","","","","","","","","","","","","","","","","","","","","","","","","","","","","","","","","","","","","","","","","","","","","","","","",""
"std::binomial_distribution<unsigned long>::operator()<std::mersenne_twister_engine<unsigned long, (unsigned long)32, (unsigned long)624, (unsigned long)397, (unsigned long)31, (unsigned long)2567483615, (unsigned long)11, (unsigned long)4294967295, (unsigned long)7, (unsigned long)2636928640, (unsigned long)15, (unsigned long)4022730752, (unsigned long)18, (unsigned long)1812433253>>","1.24308","7.320s","0.0747215","0.440s","0.340s","0.060s","Function","","24","165","","","","","2.423","37.835","0.005","0.069","4.845","57.306","0.010","0.104","7.268","95.140","0.016","0.173","0.145","12.864","0.291","19.484","0.436","32.348","28.054","186.541","467.546","548.642","Shifts","Int64; UInt16; ","128/256","AVX; AVX2; AVX512DQ_128; AVX512F_256","","","","","","random.tcc:1567","tof_fork_g","","","","","","","","","","","","","","","","","","","","","","","","","","","","","","","","","","","","","","","","","","","","","","","","","","","","","","","","","","","","","","","","","","","","","","","","",""
"std::binomial_distribution<unsigned long>::_M_waiting<std::mersenne_twister_engine<unsigned long, (unsigned long)32, (unsigned long)624, (unsigned long)397, (unsigned long)31, (unsigned long)2567483615, (unsigned long)11, (unsigned long)4294967295, (unsigned long)7, (unsigned long)2636928640, (unsigned long)15, (unsigned long)4022730752, (unsigned long)18, (unsigned long)1812433253>>","1.14459","6.740s","0.129059","0.760s","0.340s","0.080s","Function","","25","167","","","","","0","37.407","0","0.081","4.542","56.023","0.018","0.121","4.542","93.430","0.018","0.202","0","12.719","0.363","19.048","0.363","31.767","20.350","157.325","254.379","462.712","Shifts","UInt16; ","256","AVX; AVX2; AVX512F_256","","","","","","random.tcc:1532","tof_fork_g","","","","","","","","","","","","","","","","","","","","","","","","","","","","","","","","","","","","","","","","","","","","","","","","","","","","","","","","","","","","","","","","","","","","","","","","",""
"[loop in std::binomial_distribution<unsigned long>::_M_waiting<std::mersenne_twister_engine<unsigned long, (unsigned long)32, (unsigned long)624, (unsigned long)397, (unsigned long)31, (unsigned long)2567483615, (unsigned long)11, (unsigned long)4294967295, (unsigned long)7, (unsigned long)2636928640, (unsigned long)15, (unsigned long)4022730752, (unsigned long)18, (unsigned long)1812433253>> at random.tcc:1532]","1.01552","5.980s","0.295488","1.740s","0.300s","0.100s","Scalar","2","26","166","","","","","14.535","42.395","0.042","0.093","76.311","62.281","0.219","0.136","90.846","104.676","0.260","0.229","1.454","12.719","7.631","18.685","9.085","31.403","34.885","136.975","348.850","456.573","Divisions; Type Conversions","Int64; ","256","AVX2","","","","","","random.tcc:1532","tof_fork_g","","","","","","","","","","","","","","","","","","","","","","","","","","","","","","","","","","","","","","","","","","","","","","","","","","","","","","","","","","","","","","","","","","","","","","","","",""
"__libm_log_z0","0.434739","2.560s","0.43474","2.560s","0.120s","0.120s","Function","","27","168","","","","","75.702","75.702","0.216","0.216","45.421","45.421","0.129","0.129","121.123","121.123","0.345","0.345","9.085","9.085","5.451","5.451","14.536","14.536","42.153","42.153","351.258","351.258","Shifts","UInt256; ; ","128","AVX; AVX2; AVX512F_128","","","","","","","tof_fork_g","","","","","","","","","","","","","","","","","","","","","","","","","","","","","","","","","","","","","","","","","","","","","","","","","","","","","","","","","","","","","","","","","","","","","","","","",""
"std::__detail::_Adaptor<std::mersenne_twister_engine<unsigned long, (unsigned long)32, (unsigned long)624, (unsigned long)397, (unsigned long)31, (unsigned long)2567483615, (unsigned long)11, (unsigned long)4294967295, (unsigned long)7, (unsigned long)2636928640, (unsigned long)15, (unsigned long)4022730752, (unsigned long)18, (unsigned long)1812433253>, double>::operator()","0.285297","1.680s","0","0s","0.120s","0s","Inlined Function","","27","182","","","","","","18.170","","0.036","","46.689","","0.093","","64.859","","0.130","","2.180","","5.603","","7.783","","59.936","","499.466","Shifts","UInt16; ","256","AVX; AVX2; AVX512F_256","","","","","","random.h:291","tof_fork_g","","","","","","","","","","","","","","","","","","","","","","","","","","","","","","","","","","","","","","","","","","","","","","","","","","","","","","","","","","","","","","","","","","","","","","","","",""
"std::generate_canonical<double, (unsigned long)53, std::mersenne_twister_engine<unsigned long, (unsigned long)32, (unsigned long)624, (unsigned long)397, (unsigned long)31, (unsigned long)2567483615, (unsigned long)11, (unsigned long)4294967295, (unsigned long)7, (unsigned long)2636928640, (unsigned long)15, (unsigned long)4022730752, (unsigned long)18, (unsigned long)1812433253>>","0.285297","1.680s","0.0237753","0.140s","0.120s","0.020s","Inlined Function","","28","181","","","","","0","18.170","0","0.036","0","46.689","0","0.093","0","64.859","0","0.130","0","2.180","0","5.603","0","7.783","2.907","59.936","145.338","499.466","Shifts","UInt16; ","256","AVX; AVX2; AVX512F_256","","","","","","random.tcc:3349","tof_fork_g","","","","","","","","","","","","","","","","","","","","","","","","","","","","","","","","","","","","","","","","","","","","","","","","","","","","","","","","","","","","","","","","","","","","","","","","",""
"[loop in std::generate_canonical<double, (unsigned long)53, std::mersenne_twister_engine<unsigned long, (unsigned long)32, (unsigned long)624, (unsigned long)397, (unsigned long)31, (unsigned long)2567483615, (unsigned long)11, (unsigned long)4294967295, (unsigned long)7, (unsigned long)2636928640, (unsigned long)15, (unsigned long)4022730752, (unsigned long)18, (unsigned long)1812433253>> at random.tcc:3365]","0.24454","1.440s","0.0815123","0.480s","0.120s","0.040s","Scalar","1","29","180","","","","","54.506","18.170","0.107","0.038","18.169","46.689","0.036","0.098","72.674","64.859","0.143","0.136","2.180","2.180","0.727","5.603","2.907","7.783","20.350","57.029","508.719","475.240","FMA; Mask Manipulations; Shifts; Type Conversions","Int64; ","256","AVX2; AVX512F_256","","","","","","random.tcc:3365","tof_fork_g","","","","","","","","","","","","","","","","","","","","","","","","","","","","","","","","","","","","","","","","","","","","","","","","","","","","","","","","","","","","","","","","","","","","","","","","",""
"std::mersenne_twister_engine<unsigned long, (unsigned long)32, (unsigned long)624, (unsigned long)397, (unsigned long)31, (unsigned long)2567483615, (unsigned long)11, (unsigned long)4294967295, (unsigned long)7, (unsigned long)2636928640, (unsigned long)15, (unsigned long)4022730752, (unsigned long)18, (unsigned long)1812433253>::operator()","0.163027","0.960s","0.122272","0.720s","0.080s","0.060s","Inlined Function","","30","179","","","","","0","0","0","0","53.275","60.947","0.262","0.133","53.275","60.947","0.262","0.133","0","0","3.197","4.876","3.197","4.876","12.201","36.679","203.334","458.475","Shifts","UInt16; ","256","AVX; AVX2; AVX512F_256","","","","","","random.tcc:455","tof_fork_g","","","","","","","","","","","","","","","","","","","","","","","","","","","","","","","","","","","","","","","","","","","","","","","","","","","","","","","","","","","","","","","","","","","","","","","","",""
"std::mersenne_twister_engine<unsigned long, (unsigned long)32, (unsigned long)624, (unsigned long)397, (unsigned long)31, (unsigned long)2567483615, (unsigned long)11, (unsigned long)4294967295, (unsigned long)7, (unsigned long)2636928640, (unsigned long)15, (unsigned long)4022730752, (unsigned long)18, (unsigned long)1812433253>::_M_gen_rand","0.0407567","0.240s","0","0s","0.040s","0s","Inlined Function","","31","232","","","","","","0","0","0","","41.980","0.015","0.069","","41.980","0.015","0.069","0","0","0.021","1.679","0.021","1.679","1.359","24.478","","611.942","Shifts","UInt16; ","256","AVX; AVX2; AVX512F_256","","","","","","random.tcc:399","tof_fork_g","","","","","","","","","","","","","","","","","","","","","","","","","","","","","","","","","","","","","","","","","","","","","","","","","","","","","","","","","","","","","","","","","","","","","","","","",""
"[loop in std::mersenne_twister_engine<unsigned long, (unsigned long)32, (unsigned long)624, (unsigned long)397, (unsigned long)31, (unsigned long)2567483615, (unsigned long)11, (unsigned long)4294967295, (unsigned long)7, (unsigned long)2636928640, (unsigned long)15, (unsigned long)4022730752, (unsigned long)18, (unsigned long)1812433253>::_M_gen_rand at random.tcc:412]","0.0203784","0.120s","0.0203785","0.120s","0.020s","0.020s","Vectorized (Body)","0","32","341","","AVX512","16","","0","0","0","0","51.910","51.910","0.070","0.070","51.910","51.910","0.070","0.070","0","0","1.038","1.038","1.038","1.038","14.767","14.767","738.272","738.272","Shifts","UInt16; ","256","AVX; AVX2; AVX512F_256","","","","","","random.tcc:412","tof_fork_g","","","","","","","","","","","","","","","","","","","","","","","","","","","","","","","","","","","","","","","","","","","","","","","","","","","","","","","","","","","","","","","","","","","","","","","","",""
"[loop in std::mersenne_twister_engine<unsigned long, (unsigned long)32, (unsigned long)624, (unsigned long)397, (unsigned long)31, (unsigned long)2567483615, (unsigned long)11, (unsigned long)4294967295, (unsigned long)7, (unsigned long)2636928640, (unsigned long)15, (unsigned long)4022730752, (unsigned long)18, (unsigned long)1812433253>::_M_gen_rand at random.tcc:404]","0.0203784","0.120s","0.0203773","0.120s","0.020s","0.020s","Vectorized (Body)","0","32","231","","AVX512","16","","0","0","0","0","30.995","30.995","0.074","0.074","30.995","30.995","0.074","0.074","0","0","0.620","0.620","0.620","0.620","8.353","8.353","417.614","417.614","Shifts","UInt16; ","256","AVX; AVX2; AVX512F_256","","","","","","random.tcc:404","tof_fork_g","","","","","","","","","","","","","","","","","","","","","","","","","","","","","","","","","","","","","","","","","","","","","","","","","","","","","","","","","","","","","","","","","","","","","","","","",""
"std::mersenne_twister_engine<unsigned long, (unsigned long)32, (unsigned long)624, (unsigned long)397, (unsigned long)31, (unsigned long)2567483615, (unsigned long)11, (unsigned long)4294967295, (unsigned long)7, (unsigned long)2636928640, (unsigned long)15, (unsigned long)4022730752, (unsigned long)18, (unsigned long)1812433253>::operator()","0.0135856","0.080s","0.0135855","0.080s","0.020s","0.020s","Inlined Function","","29","179","","","","","","","","","","","","","","","","","","","","","","","","","","","Shifts","UInt16; ","256","AVX; AVX2; AVX512F_256","","","","","","random.tcc:455","tof_fork_g","","","","","","","","","","","","","","","","","","","","","","","","","","","","","","","","","","","","","","","","","","","","","","","","","","","","","","","","","","","","","","","","","","","","","","","","",""
"std::mersenne_twister_engine<unsigned long, (unsigned long)32, (unsigned long)624, (unsigned long)397, (unsigned long)31, (unsigned long)2567483615, (unsigned long)11, (unsigned long)4294967295, (unsigned long)7, (unsigned long)2636928640, (unsigned long)15, (unsigned long)4022730752, (unsigned long)18, (unsigned long)1812433253>::_M_gen_rand","0.00339639","0.020s","0.00339645","0.020s","0.020s","0.020s","Inlined Function","","29","232","","","","","","","","","","","","","","","","","","","","","","","","","","","Shifts","UInt16; ","256","AVX; AVX2; AVX512F_256","","","","","","random.tcc:399","tof_fork_g","","","","","","","","","","","","","","","","","","","","","","","","","","","","","","","","","","","","","","","","","","","","","","","","","","","","","","","","","","","","","","","","","","","","","","","","",""
"log","0.0237748","0.140s","0.0237737","0.140s","0.040s","0.040s","Function","","25","255","","","","","0","0","0","0","3.634","3.634","0.125","0.125","3.634","3.634","0.125","0.125","0","0","0.145","0.145","0.145","0.145","1.163","1.163","29.071","29.071","","","","","","","","","","","tof_fork_g","","","","","","","","","","","","","","","","","","","","","","","","","","","","","","","","","","","","","","","","","","","","","","","","","","","","","","","","","","","","","","","","","","","","","","","","",""
"[loop in yggdrasil_decision_forests::model::decision_tree::internal::SampleProjection at oblique.cc:1037]","1.01213","5.960s","0.947598","5.580s","0.320s","0.300s","Scalar","1","24","169","","","","","2.180","2.044","0.010","0.008","11.555","20.576","0.053","0.085","13.735","22.620","0.063","0.094","0.654","0.654","3.466","6.584","4.121","7.238","64.994","77.287","216.649","241.525","Divisions; FMA; Mask Manipulations; Type Conversions","Int32; Int64; ","128","AVX; AVX512DQ_128","","","","","","oblique.cc:1037","tof_fork_g","","","","","","","","","","","","","","","","","","","","","","","","","","","","","","","","","","","","","","","","","","","","","","","","","","","","","","","","","","","","","","","","","","","","","","","","",""
"std::mersenne_twister_engine<unsigned long, (unsigned long)32, (unsigned long)624, (unsigned long)397, (unsigned long)31, (unsigned long)2567483615, (unsigned long)11, (unsigned long)4294967295, (unsigned long)7, (unsigned long)2636928640, (unsigned long)15, (unsigned long)4022730752, (unsigned long)18, (unsigned long)1812433253>::operator()","0.0475495","0.280s","0.0339629","0.200s","0.040s","0.040s","Function","","25","187","","","","","0","0","0","0","65.409","77.941","0.500","0.255","65.409","77.941","0.500","0.255","0","0","2.616","3.118","2.616","3.118","5.230","12.227","130.765","305.671","Shifts","UInt16; ","256","AVX; AVX2; AVX512F_256","","","","","","random.tcc:455","tof_fork_g","","","","","","","","","","","","","","","","","","","","","","","","","","","","","","","","","","","","","","","","","","","","","","","","","","","","","","","","","","","","","","","","","","","","","","","","",""
"std::mersenne_twister_engine<unsigned long, (unsigned long)32, (unsigned long)624, (unsigned long)397, (unsigned long)31, (unsigned long)2567483615, (unsigned long)11, (unsigned long)4294967295, (unsigned long)7, (unsigned long)2636928640, (unsigned long)15, (unsigned long)4022730752, (unsigned long)18, (unsigned long)1812433253>::_M_gen_rand","0.0135856","0.080s","0","0s","0.020s","0s","Inlined Function","","26","230","","","","","","0","0","0","","25.076","0.069","0.072","","25.076","0.069","0.072","0","0","0.006","0.502","0.006","0.502","0.086","6.997","","349.817","Shifts","UInt16; ","256","AVX; AVX2; AVX512F_256","","","","","","random.tcc:399","tof_fork_g","","","","","","","","","","","","","","","","","","","","","","","","","","","","","","","","","","","","","","","","","","","","","","","","","","","","","","","","","","","","","","","","","","","","","","","","",""
"[loop in std::mersenne_twister_engine<unsigned long, (unsigned long)32, (unsigned long)624, (unsigned long)397, (unsigned long)31, (unsigned long)2567483615, (unsigned long)11, (unsigned long)4294967295, (unsigned long)7, (unsigned long)2636928640, (unsigned long)15, (unsigned long)4022730752, (unsigned long)18, (unsigned long)1812433253>::_M_gen_rand at random.tcc:404]","0.0101892","0.060s","0.0101895","0.060s","0.020s","0.020s","Vectorized (Body)","0","27","229","","AVX512","16","","0","0","0","0","9.264","9.264","0.074","0.074","9.264","9.264","0.074","0.074","0","0","0.185","0.185","0.185","0.185","2.497","2.497","124.825","124.825","Shifts","UInt16; ","256","AVX; AVX2; AVX512F_256","","","","","","random.tcc:404","tof_fork_g","","","","","","","","","","","","","","","","","","","","","","","","","","","","","","","","","","","","","","","","","","","","","","","","","","","","","","","","","","","","","","","","","","","","","","","","",""
"[loop in std::mersenne_twister_engine<unsigned long, (unsigned long)32, (unsigned long)624, (unsigned long)397, (unsigned long)31, (unsigned long)2567483615, (unsigned long)11, (unsigned long)4294967295, (unsigned long)7, (unsigned long)2636928640, (unsigned long)15, (unsigned long)4022730752, (unsigned long)18, (unsigned long)1812433253>::_M_gen_rand at random.tcc:412]","0.00339639","0.020s","0.00339631","0.020s","0.020s","0.020s","Vectorized (Body)","0","27","299","","AVX512","16","","0","0","0","0","15.517","15.517","0.070","0.070","15.517","15.517","0.070","0.070","0","0","0.310","0.310","0.310","0.310","4.414","4.414","220.691","220.691","Shifts","UInt16; ","256","AVX; AVX2; AVX512F_256","","","","","","random.tcc:412","tof_fork_g","","","","","","","","","","","","","","","","","","","","","","","","","","","","","","","","","","","","","","","","","","","","","","","","","","","","","","","","","","","","","","","","","","","","","","","","",""
"__libc_free","0.00679279","0.040s","0.00679277","0.040s","0.020s","0.020s","Function","","25","25","","","","","","","","","","","","","","","","","","","","","","","","","","","","","","","","","","","","","libc.so.6","","","","","","","","","","","","","","","","","","","","","","","","","","","","","","","","","","","","","","","","","","","","","","","","","","","","","","","","","","","","","","","","","","","","","","","","",""
"operator delete","0.00339639","0.020s","0.00339655","0.020s","0.020s","0.020s","Function","","25","13","","","","","","","","","","","","","","","","","","","","","","","","","","","","","","","","","","","","","libstdc++.so.6","","","","","","","","","","","","","","","","","","","","","","","","","","","","","","","","","","","","","","","","","","","","","","","","","","","","","","","","","","","","","","","","","","","","","","","","",""
"_intel_fast_memcpy","0.00339639","0.020s","0.00339638","0.020s","0.020s","0.020s","Function","","25","178","","","","","0","0","0","0","0","0","0","0","0","0","0","0","0","0","0","0","0","0","0.066","0.066","3.321","3.321","","","","","","","","","","","tof_fork_g","","","","","","","","","","","","","","","","","","","","","","","","","","","","","","","","","","","","","","","","","","","","","","","","","","","","","","","","","","","","","","","","","","","","","","","","",""
"operator new","0.00339639","0.020s","0.00339602","0.020s","0.020s","0.020s","Function","","25","10","","","","","","","","","","","","","","","","","","","","","","","","","","","","","","","","","","","","","libstdc++.so.6","","","","","","","","","","","","","","","","","","","","","","","","","","","","","","","","","","","","","","","","","","","","","","","","","","","","","","","","","","","","","","","","","","","","","","","","",""
"[loop in yggdrasil_decision_forests::model::decision_tree::internal::SampleProjection at oblique.cc]","0.703054","4.140s","0.0849075","0.500s","0.220s","0.060s","Scalar","2","24","186","","","","","0","0","0","0","32.708","63.462","0.184","0.125","32.708","63.462","0.184","0.125","0","0","1.962","13.961","1.962","13.961","10.681","111.819","178.041","508.305","Divisions","","","","","","","","","oblique.cc","tof_fork_g","","","","","","","","","","","","","","","","","","","","","","","","","","","","","","","","","","","","","","","","","","","","","","","","","","","","","","","","","","","","","","","","","","","","","","","","",""
"absl::lts_20250814::container_internal::btree_set_container<absl::lts_20250814::container_internal::btree<absl::lts_20250814::container_internal::set_params<unsigned long, std::less<unsigned long>, std::allocator<unsigned long>, (int)256, (bool)0>>>::insert","0.465306","2.740s","0.0305677","0.180s","0.140s","0.040s","Function","","25","193","","","","","0","0","0","0","0","41.137","0","0.075","0","41.137","0","0.075","0","0","0","5.759","0","5.759","20.936","76.628","523.380","547.344","","Int32; UInt16; ","256","AVX; AVX512F_256","","","","","","btree_container.h:331","tof_fork_g","","","","","","","","","","","","","","","","","","","","","","","","","","","","","","","","","","","","","","","","","","","","","","","","","","","","","","","","","","","","","","","","","","","","","","","","",""
"absl::lts_20250814::container_internal::btree<absl::lts_20250814::container_internal::set_params<unsigned long, std::less<unsigned long>, std::allocator<unsigned long>, (int)256, (bool)0>>::insert_unique<unsigned long, unsigned long const&>","0.434739","2.560s","0.00339655","0.020s","0.120s","0.020s","Inlined Function","","26","200","","","","","0","0","0","0","29.081","47.992","0.052","0.103","29.081","47.992","0.052","0.103","0","0","0.582","5.759","0.582","5.759","11.233","55.692","561.624","464.092","","Int32; UInt16; ","256","AVX; AVX512F_256","","","","","","btree.h:2373","tof_fork_g","","","","","","","","","","","","","","","","","","","","","","","","","","","","","","","","","","","","","","","","","","","","","","","","","","","","","","","","","","","","","","","","","","","","","","","","",""
"absl::lts_20250814::container_internal::btree<absl::lts_20250814::container_internal::set_params<unsigned long, std::less<unsigned long>, std::allocator<unsigned long>, (int)256, (bool)0>>::internal_emplace<unsigned long const&>","0.278504","1.640s","0.0203785","0.120s","0.120s","0.020s","Inlined Function","","27","199","","","","","0","0","0","0","62.544","19.441","0.072","0.064","62.544","19.441","0.072","0.064","0","0","1.251","2.333","1.251","2.333","17.320","36.621","865.901","305.171","","Int32; UInt16","256","AVX","","","","","","btree.h:2914","tof_fork_g","","","","","","","","","","","","","","","","","","","","","","","","","","","","","","","","","","","","","","","","","","","","","","","","","","","","","","","","","","","","","","","","","","","","","","","","",""
"absl::lts_20250814::container_internal::btree<absl::lts_20250814::container_internal::set_params<unsigned long, std::less<unsigned long>, std::allocator<unsigned long>, (int)256, (bool)0>>::internal_emplace<unsigned long const&>(absl::lts_20250814::container_internal::btree_iterator<absl::lts_20250814::container_internal::btree_node<absl::lts_20250814::container_internal::set_params<unsigned long, std::less<unsigned long>, std::allocator<unsigned long>, (int)256, (bool)0>>, unsigned long const&, unsigned long const*>, unsigned long const&&&)::{lambda(unsigned char)#1}::operator()","0.217369","1.280s","0","0s","0.120s","0s","Inlined Function","","28","198","","","","","","0","0","0","","5.335","< 0.001","0.037","","5.335","< 0.001","0.037","0","0","< 0.001","0.640","< 0.001","0.640","3.978","17.293","","144.106","","Int32; UInt16","256","AVX","","","","","","btree.h:2934","tof_fork_g","","","","","","","","","","","","","","","","","","","","","","","","","","","","","","","","","","","","","","","","","","","","","","","","","","","","","","","","","","","","","","","","","","","","","","","","",""
"absl::lts_20250814::container_internal::btree<absl::lts_20250814::container_internal::set_params<unsigned long, std::less<unsigned long>, std::allocator<unsigned long>, (int)256, (bool)0>>::new_leaf_root_node","0.142649","0.840s","0","0s","0.100s","0s","Inlined Function","","29","197","","","","","","0","0","0","","1.895","0.091","0.068","","1.895","0.091","0.068","0","0","0.095","0.190","0.095","0.190","1.042","2.796","","27.962","","","","","","","","","","btree.h:1720","tof_fork_g","","","","","","","","","","","","","","","","","","","","","","","","","","","","","","","","","","","","","","","","","","","","","","","","","","","","","","","","","","","","","","","","","","","","","","","","",""
"absl::lts_20250814::container_internal::btree<absl::lts_20250814::container_internal::set_params<unsigned long, std::less<unsigned long>, std::allocator<unsigned long>, (int)256, (bool)0>>::allocate","0.142649","0.840s","0","0s","0.100s","0s","Inlined Function","","30","196","","","","","","0","","0","","0.948","","0.054","","0.948","","0.054","","0","","0.095","","0.095","","1.754","","17.538","","","","","","","","","","btree.h:1703","tof_fork_g","","","","","","","","","","","","","","","","","","","","","","","","","","","","","","","","","","","","","","","","","","","","","","","","","","","","","","","","","","","","","","","","","","","","","","","","",""
"absl::lts_20250814::container_internal::Allocate<(unsigned long)8, std::allocator<unsigned long>>","0.142649","0.840s","0","0s","0.100s","0s","Inlined Function","","31","195","","","","","","0","","0","","0.948","","0.054","","0.948","","0.054","","0","","0.095","","0.095","","1.754","","17.538","","","","","","","","","","container_memory.h:57","tof_fork_g","","","","","","","","","","","","","","","","","","","","","","","","","","","","","","","","","","","","","","","","","","","","","","","","","","","","","","","","","","","","","","","","","","","","","","","","",""
"std::allocator_traits<std::allocator<absl::lts_20250814::container_internal::AlignedType<(unsigned long)8>>>::allocate","0.142649","0.840s","0","0s","0.100s","0s","Inlined Function","","32","194","","","","","","0","","0","","0.948","","0.054","","0.948","","0.054","","0","","0.095","","0.095","","1.754","","17.538","","","","","","","","","","alloc_traits.h:613","tof_fork_g","","","","","","","","","","","","","","","","","","","","","","","","","","","","","","","","","","","","","","","","","","","","","","","","","","","","","","","","","","","","","","","","","","","","","","","","",""
"std::__new_allocator<absl::lts_20250814::container_internal::AlignedType<(unsigned long)8>>::allocate","0.142649","0.840s","0.0101891","0.060s","0.100s","0.020s","Inlined Function","","33","192","","","","","0","0","","0","4.738","0.948","","0.054","4.738","0.948","","0.054","0","0","0.095","0.095","0.095","0.095","0","1.754","0","17.538","","","","","","","","","","new_allocator.h:126","tof_fork_g","","","","","","","","","","","","","","","","","","","","","","","","","","","","","","","","","","","","","","","","","","","","","","","","","","","","","","","","","","","","","","","","","","","","","","","","",""
"operator new","0.118874","0.700s","0.118875","0.700s","0.100s","0.100s","Function","","34","10","","","","","","","","","","","","","","","","","","","","","","","","","","","","","","","","","","","","","libstdc++.so.6","","","","","","","","","","","","","","","","","","","","","","","","","","","","","","","","","","","","","","","","","","","","","","","","","","","","","","","","","","","","","","","","","","","","","","","","",""
"func@0x7b21b0","0.00679279","0.040s","0.00679264","0.040s","0.020s","0.020s","Function","","34","189","","","","","0","0","0","0","0","0","0","0","0","0","0","0","0","0","0","0","0","0","1.754","1.754","87.690","87.690","","","","","","","","","","","tof_fork_g","","","","","","","","","","","","","","","","","","","","","","","","","","","","","","","","","","","","","","","","","","","","","","","","","","","","","","","","","","","","","","","","","","","","","","","","",""
"func@0xa8320","0.00679279","0.040s","0.00679235","0.040s","0.020s","0.020s","Function","","34","14","","","","","","","","","","","","","","","","","","","","","","","","","","","","","","","","","","","","","libstdc++.so.6","","","","","","","","","","","","","","","","","","","","","","","","","","","","","","","","","","","","","","","","","","","","","","","","","","","","","","","","","","","","","","","","","","","","","","","","",""
"absl::lts_20250814::container_internal::btree<absl::lts_20250814::container_internal::set_params<unsigned long, std::less<unsigned long>, std::allocator<unsigned long>, (int)256, (bool)0>>::internal_emplace<unsigned long const&>(absl::lts_20250814::container_internal::btree_iterator<absl::lts_20250814::container_internal::btree_node<absl::lts_20250814::container_internal::set_params<unsigned long, std::less<unsigned long>, std::allocator<unsigned long>, (int)256, (bool)0>>, unsigned long const&, unsigned long const*>, unsigned long const&&&)::{lambda(absl::lts_20250814::container_internal::btree_node<absl::lts_20250814::container_internal::set_params<unsigned long, std::less<unsigned long>, std::allocator<unsigned long>, (int)256, (bool)0>>*absl::lts_20250814::container_internal::btree_node<absl::lts_20250814::container_internal::set_params<unsigned long, std::less<unsigned long>, std::allocator<unsigned long>, (int)256, (bool)0>>*)#1}::operator()","0.0747207","0.440s","0","0s","0.060s","0s","Inlined Function","","29","227","","","","","","0","","0","","7.511","","0.043","","7.511","","0.043","","0","","0.451","","0.451","","10.518","","175.309","","Int32; UInt16","256","AVX","","","","","","btree.h:2925","tof_fork_g","","","","","","","","","","","","","","","","","","","","","","","","","","","","","","","","","","","","","","","","","","","","","","","","","","","","","","","","","","","","","","","","","","","","","","","","",""
"__libc_free","0.0407567","0.240s","0.0407542","0.240s","0.040s","0.040s","Function","","30","25","","","","","","","","","","","","","","","","","","","","","","","","","","","","","","","","","","","","","libc.so.6","","","","","","","","","","","","","","","","","","","","","","","","","","","","","","","","","","","","","","","","","","","","","","","","","","","","","","","","","","","","","","","","","","","","","","","","",""
"absl::lts_20250814::container_internal::btree_node<absl::lts_20250814::container_internal::set_params<unsigned long, std::less<unsigned long>, std::allocator<unsigned long>, (int)256, (bool)0>>::clear_and_delete","0.0135856","0.080s","0.00339645","0.020s","0.020s","0.020s","Function","","30","218","","","","","0","0","0","0","4.735","9.469","0.020","0.022","4.735","9.469","0.020","0.022","0","0","0.095","0.189","0.095","0.189","4.640","8.428","232.004","421.391","","","","","","","","","","btree.h:2026","tof_fork_g","","","","","","","","","","","","","","","","","","","","","","","","","","","","","","","","","","","","","","","","","","","","","","","","","","","","","","","","","","","","","","","","","","","","","","","","",""
"absl::lts_20250814::container_internal::btree_node<absl::lts_20250814::container_internal::set_params<unsigned long, std::less<unsigned long>, std::allocator<unsigned long>, (int)256, (bool)0>>::LeafSize","0.00679279","0.040s","0","0s","0.020s","0s","Inlined Function","","31","221","","","","","","0","","","","4.735","","","","4.735","","","","0","","0.095","","0.095","","0","","0","","","","","","","","","","btree.h:637","tof_fork_g","","","","","","","","","","","","","","","","","","","","","","","","","","","","","","","","","","","","","","","","","","","","","","","","","","","","","","","","","","","","","","","","","","","","","","","","",""
"absl::lts_20250814::container_internal::internal_layout::LayoutImpl<std::tuple<absl::lts_20250814::container_internal::btree_node<absl::lts_20250814::container_internal::set_params<unsigned long, std::less<unsigned long>, std::allocator<unsigned long>, (int)256, (bool)0>>*, unsigned int, unsigned char, unsigned long, absl::lts_20250814::container_internal::btree_node<absl::lts_20250814::container_internal::set_params<unsigned long, std::less<unsigned long>, std::allocator<unsigned long>, (int)256, (bool)0>>*>, std::integer_sequence<unsigned long, (unsigned long)1, (unsigned long)0, (unsigned long)4>, std::integer_sequence<unsigned long, (unsigned long)0, (unsigned long)1>, std::integer_sequence<unsigned long, (unsigned long)0, (unsigned long)1, (unsigned long)2, (unsigned long)3, (unsigned long)4>, std::integer_sequence<unsigned long, (unsigned long)0, (unsigned long)1, (unsigned long)2, (unsigned long)3, (unsigned long)4>>::AllocSize","0.00679279","0.040s","0","0s","0.020s","0s","Inlined Function","","32","220","","","","","","0","","","","4.735","","","","4.735","","","","0","","0.095","","0.095","","0","","0","","","","","","","","","","layout.h:608","tof_fork_g","","","","","","","","","","","","","","","","","","","","","","","","","","","","","","","","","","","","","","","","","","","","","","","","","","","","","","","","","","","","","","","","","","","","","","","","",""
"absl::lts_20250814::container_internal::internal_layout::LayoutImpl<std::tuple<absl::lts_20250814::container_internal::btree_node<absl::lts_20250814::container_internal::set_params<unsigned long, std::less<unsigned long>, std::allocator<unsigned long>, (int)256, (bool)0>>*, unsigned int, unsigned char, unsigned long, absl::lts_20250814::container_internal::btree_node<absl::lts_20250814::container_internal::set_params<unsigned long, std::less<unsigned long>, std::allocator<unsigned long>, (int)256, (bool)0>>*>, std::integer_sequence<unsigned long, (unsigned long)1, (unsigned long)0, (unsigned long)4>, std::integer_sequence<unsigned long, (unsigned long)0, (unsigned long)1>, std::integer_sequence<unsigned long, (unsigned long)0, (unsigned long)1, (unsigned long)2, (unsigned long)3, (unsigned long)4>, std::integer_sequence<unsigned long, (unsigned long)0, (unsigned long)1, (unsigned long)2, (unsigned long)3, (unsigned long)4>>::Offset<(unsigned long)4>","0.00679279","0.040s","0","0s","0.020s","0s","Inlined Function","","33","219","","","","","","0","","","","4.735","","","","4.735","","","","0","","0.095","","0.095","","0","","0","","","","","","","","","","layout.h:418","tof_fork_g","","","","","","","","","","","","","","","","","","","","","","","","","","","","","","","","","","","","","","","","","","","","","","","","","","","","","","","","","","","","","","","","","","","","","","","","",""
"absl::lts_20250814::container_internal::internal_layout::adl_barrier::Align","0.00679279","0.040s","0.00679262","0.040s","0.020s","0.020s","Inlined Function","","34","217","","","","","0","0","","","4.735","4.735","","","4.735","4.735","","","0","0","0.095","0.095","0.095","0.095","0","0","0","0","","","","","","","","","","layout.h:294","tof_fork_g","","","","","","","","","","","","","","","","","","","","","","","","","","","","","","","","","","","","","","","","","","","","","","","","","","","","","","","","","","","","","","","","","","","","","","","","",""
"absl::lts_20250814::container_internal::btree_node<absl::lts_20250814::container_internal::set_params<unsigned long, std::less<unsigned long>, std::allocator<unsigned long>, (int)256, (bool)0>>::deallocate","0.00339639","0.020s","0","0s","0.020s","0s","Inlined Function","","31","381","","","","","","0","","0","","0","","0","","0","","0","","0","","0","","0","","3.788","","189.389","","","","","","","","","","btree.h:969","tof_fork_g","","","","","","","","","","","","","","","","","","","","","","","","","","","","","","","","","","","","","","","","","","","","","","","","","","","","","","","","","","","","","","","","","","","","","","","","",""
"absl::lts_20250814::container_internal::Deallocate<(unsigned long)8, std::allocator<unsigned long>>","0.00339639","0.020s","0","0s","0.020s","0s","Inlined Function","","32","380","","","","","","0","","0","","0","","0","","0","","0","","0","","0","","0","","3.788","","189.389","","","","","","","","","","container_memory.h:88","tof_fork_g","","","","","","","","","","","","","","","","","","","","","","","","","","","","","","","","","","","","","","","","","","","","","","","","","","","","","","","","","","","","","","","","","","","","","","","","",""
"std::allocator_traits<std::allocator<absl::lts_20250814::container_internal::AlignedType<(unsigned long)8>>>::deallocate","0.00339639","0.020s","0","0s","0.020s","0s","Inlined Function","","33","379","","","","","","0","","0","","0","","0","","0","","0","","0","","0","","0","","3.788","","189.389","","","","","","","","","","alloc_traits.h:648","tof_fork_g","","","","","","","","","","","","","","","","","","","","","","","","","","","","","","","","","","","","","","","","","","","","","","","","","","","","","","","","","","","","","","","","","","","","","","","","",""
"std::__new_allocator<absl::lts_20250814::container_internal::AlignedType<(unsigned long)8>>::deallocate","0.00339639","0.020s","0.00339648","0.020s","0.020s","0.020s","Inlined Function","","34","378","","","","","0","0","0","0","0","0","0","0","0","0","0","0","0","0","0","0","0","0","3.788","3.788","189.389","189.389","","","","","","","","","","new_allocator.h:156","tof_fork_g","","","","","","","","","","","","","","","","","","","","","","","","","","","","","","","","","","","","","","","","","","","","","","","","","","","","","","","","","","","","","","","","","","","","","","","","",""
"func@0x7b21e0","0.00679279","0.040s","0.00679233","0.040s","0.020s","0.020s","Function","","30","222","","","","","","","","","","","","","","","","","","","","","","","","","","","","","","","","","","","","","tof_fork_g","","","","","","","","","","","","","","","","","","","","","","","","","","","","","","","","","","","","","","","","","","","","","","","","","","","","","","","","","","","","","","","","","","","","","","","","",""
"absl::lts_20250814::container_internal::btree_node<absl::lts_20250814::container_internal::set_params<unsigned long, std::less<unsigned long>, std::allocator<unsigned long>, (int)256, (bool)0>>::transfer_n","0.00339639","0.020s","0","0s","0.020s","0s","Inlined Function","","30","326","","","","","","0","","0","","13.062","","0.125","","13.062","","0.125","","0","","0.261","","0.261","","2.090","","104.494","","Int32; UInt16","256","AVX","","","","","","btree.h:1014","tof_fork_g","","","","","","","","","","","","","","","","","","","","","","","","","","","","","","","","","","","","","","","","","","","","","","","","","","","","","","","","","","","","","","","","","","","","","","","","",""
"[loop in absl::lts_20250814::container_internal::btree_node<absl::lts_20250814::container_internal::set_params<unsigned long, std::less<unsigned long>, std::allocator<unsigned long>, (int)256, (bool)0>>::transfer_n at btree.h:1018]","0.00339639","0.020s","0.00339662","0.020s","0.020s","0.020s","Scalar","0","31","325","","","","","0","0","0","0","13.062","13.062","0.125","0.125","13.062","13.062","0.125","0.125","0","0","0.261","0.261","0.261","0.261","2.090","2.090","104.494","104.494","","","","","","","","","","btree.h:1018","tof_fork_g","","","","","","","","","","","","","","","","","","","","","","","","","","","","","","","","","","","","","","","","","","","","","","","","","","","","","","","","","","","","","","","","","","","","","","","","",""
"operator delete","0.00339639","0.020s","0.00339639","0.020s","0.020s","0.020s","Function","","30","11","","","","","","","","","","","","","","","","","","","","","","","","","","","","","","","","","","","","","libstdc++.so.6","","","","","","","","","","","","","","","","","","","","","","","","","","","","","","","","","","","","","","","","","","","","","","","","","","","","","","","","","","","","","","","","","","","","","","","","",""
"func@0xa8540","0.00339639","0.020s","0.00339633","0.020s","0.020s","0.020s","Function","","30","16","","","","","","","","","","","","","","","","","","","","","","","","","","","","","","","","","","","","","libstdc++.so.6","","","","","","","","","","","","","","","","","","","","","","","","","","","","","","","","","","","","","","","","","","","","","","","","","","","","","","","","","","","","","","","","","","","","","","","","",""
"func@0xa8da0","0.00339639","0.020s","0.00339606","0.020s","0.020s","0.020s","Function","","30","15","","","","","","","","","","","","","","","","","","","","","","","","","","","","","","","","","","","","","libstdc++.so.6","","","","","","","","","","","","","","","","","","","","","","","","","","","","","","","","","","","","","","","","","","","","","","","","","","","","","","","","","","","","","","","","","","","","","","","","",""
"absl::lts_20250814::container_internal::btree_node<absl::lts_20250814::container_internal::set_params<unsigned long, std::less<unsigned long>, std::allocator<unsigned long>, (int)256, (bool)0>>::emplace_value<unsigned long const&>","0.0407567","0.240s","0.027172","0.160s","0.040s","0.040s","Inlined Function","","28","275","","","","","0","0","0","0","5.449","11.043","0.450","0.220","5.449","11.043","0.450","0.220","0","0","0.218","0.442","0.218","0.442","0.484","2.008","12.111","50.201","","","","","","","","","","btree.h:1823","tof_fork_g","","","","","","","","","","","","","","","","","","","","","","","","","","","","","","","","","","","","","","","","","","","","","","","","","","","","","","","","","","","","","","","","","","","","","","","","",""
"absl::lts_20250814::container_internal::btree_node<absl::lts_20250814::container_internal::set_params<unsigned long, std::less<unsigned long>, std::allocator<unsigned long>, (int)256, (bool)0>>::transfer_n_backward","0.0101892","0.060s","0.00339653","0.020s","0.020s","0.020s","Inlined Function","","29","335","","","","","0","0","","0","3.028","11.189","","0.171","3.028","11.189","","0.171","0","0","0.061","0.224","0.061","0.224","0","1.306","0","65.286","","","","","","","","","","btree.h:1027","tof_fork_g","","","","","","","","","","","","","","","","","","","","","","","","","","","","","","","","","","","","","","","","","","","","","","","","","","","","","","","","","","","","","","","","","","","","","","","","",""
"[loop in absl::lts_20250814::container_internal::btree_node<absl::lts_20250814::container_internal::set_params<unsigned long, std::less<unsigned long>, std::allocator<unsigned long>, (int)256, (bool)0>>::transfer_n_backward at btree.h:1031]","0.00679279","0.040s","0.00339638","0.020s","0.020s","0.020s","Scalar","0","30","334","","","","","0","0","0","0","8.161","8.161","0.250","0.125","8.161","8.161","0.250","0.125","0","0","0.163","0.163","0.163","0.163","0.653","1.306","32.645","65.287","","","","","","","","","","btree.h:1031","tof_fork_g","","","","","","","","","","","","","","","","","","","","","","","","","","","","","","","","","","","","","","","","","","","","","","","","","","","","","","","","","","","","","","","","","","","","","","","","",""
"absl::lts_20250814::container_internal::btree_node<absl::lts_20250814::container_internal::set_params<unsigned long, std::less<unsigned long>, std::allocator<unsigned long>, (int)256, (bool)0>>::transfer","0.00339639","0.020s","0","0s","0.020s","0s","Inlined Function","","31","373","","","","","","0","","0","","0","","0","","0","","0","","0","","0","","0","","0.653","","32.644","","","","","","","","","","btree.h:999","tof_fork_g","","","","","","","","","","","","","","","","","","","","","","","","","","","","","","","","","","","","","","","","","","","","","","","","","","","","","","","","","","","","","","","","","","","","","","","","",""
"absl::lts_20250814::container_internal::common_policy_traits<absl::lts_20250814::container_internal::set_slot_policy<unsigned long>, void>::transfer<std::allocator<unsigned long>>","0.00339639","0.020s","0","0s","0.020s","0s","Inlined Function","","32","372","","","","","","0","","0","","0","","0","","0","","0","","0","","0","","0","","0.653","","32.644","","","","","","","","","","common_policy_traits.h:75","tof_fork_g","","","","","","","","","","","","","","","","","","","","","","","","","","","","","","","","","","","","","","","","","","","","","","","","","","","","","","","","","","","","","","","","","","","","","","","","",""
"absl::lts_20250814::container_internal::common_policy_traits<absl::lts_20250814::container_internal::set_slot_policy<unsigned long>, void>::transfer_impl<std::allocator<unsigned long>, void>","0.00339639","0.020s","0","0s","0.020s","0s","Inlined Function","","33","371","","","","","","0","","0","","0","","0","","0","","0","","0","","0","","0","","0.653","","32.644","","","","","","","","","","common_policy_traits.h:128","tof_fork_g","","","","","","","","","","","","","","","","","","","","","","","","","","","","","","","","","","","","","","","","","","","","","","","","","","","","","","","","","","","","","","","","","","","","","","","","",""
"memcpy","0.00339639","0.020s","0.00339648","0.020s","0.020s","0.020s","Inlined Function","","34","370","","","","","0","0","0","0","0","0","0","0","0","0","0","0","0","0","0","0","0","0","0.653","0.653","32.644","32.644","","","","","","","","","","string_fortified.h:26","tof_fork_g","","","","","","","","","","","","","","","","","","","","","","","","","","","","","","","","","","","","","","","","","","","","","","","","","","","","","","","","","","","","","","","","","","","","","","","","",""
"absl::lts_20250814::container_internal::btree_node<absl::lts_20250814::container_internal::set_params<unsigned long, std::less<unsigned long>, std::allocator<unsigned long>, (int)256, (bool)0>>::finish","0.00339639","0.020s","0.00339633","0.020s","0.020s","0.020s","Inlined Function","","29","377","","","","","0","0","0","0","0","0","0","0","0","0","0","0","0","0","0","0","0","0","0.218","0.218","10.899","10.899","","","","","","","","","","btree.h:695","tof_fork_g","","","","","","","","","","","","","","","","","","","","","","","","","","","","","","","","","","","","","","","","","","","","","","","","","","","","","","","","","","","","","","","","","","","","","","","","",""
"absl::lts_20250814::container_internal::btree<absl::lts_20250814::container_internal::set_params<unsigned long, std::less<unsigned long>, std::allocator<unsigned long>, (int)256, (bool)0>>::new_leaf_root_node","0.0577387","0.340s","0","0s","0.060s","0s","Inlined Function","","27","237","","","","","","0","0","0","","0","0","0","","0","0","0","0","0","0","0","0","0","1.355","1.355","","22.586","","","","","","","","","","btree.h:1720","tof_fork_g","","","","","","","","","","","","","","","","","","","","","","","","","","","","","","","","","","","","","","","","","","","","","","","","","","","","","","","","","","","","","","","","","","","","","","","","",""
"absl::lts_20250814::container_internal::btree<absl::lts_20250814::container_internal::set_params<unsigned long, std::less<unsigned long>, std::allocator<unsigned long>, (int)256, (bool)0>>::allocate","0.0577387","0.340s","0","0s","0.060s","0s","Inlined Function","","28","236","","","","","","","","","","","","","","","","","","","","","","","","","","","","","","","","","","","","btree.h:1703","tof_fork_g","","","","","","","","","","","","","","","","","","","","","","","","","","","","","","","","","","","","","","","","","","","","","","","","","","","","","","","","","","","","","","","","","","","","","","","","",""
"absl::lts_20250814::container_internal::Allocate<(unsigned long)8, std::allocator<unsigned long>>","0.0577387","0.340s","0","0s","0.060s","0s","Inlined Function","","29","235","","","","","","","","","","","","","","","","","","","","","","","","","","","","","","","","","","","","container_memory.h:57","tof_fork_g","","","","","","","","","","","","","","","","","","","","","","","","","","","","","","","","","","","","","","","","","","","","","","","","","","","","","","","","","","","","","","","","","","","","","","","","",""
"std::allocator_traits<std::allocator<absl::lts_20250814::container_internal::AlignedType<(unsigned long)8>>>::allocate","0.0577387","0.340s","0","0s","0.060s","0s","Inlined Function","","30","234","","","","","","","","","","","","","","","","","","","","","","","","","","","","","","","","","","","","alloc_traits.h:613","tof_fork_g","","","","","","","","","","","","","","","","","","","","","","","","","","","","","","","","","","","","","","","","","","","","","","","","","","","","","","","","","","","","","","","","","","","","","","","","",""
"std::__new_allocator<absl::lts_20250814::container_internal::AlignedType<(unsigned long)8>>::allocate","0.0577387","0.340s","0","0s","0.060s","0s","Inlined Function","","31","233","","","","","","","","","","","","","","","","","","","","","","","","","","","","","","","","","","","","new_allocator.h:126","tof_fork_g","","","","","","","","","","","","","","","","","","","","","","","","","","","","","","","","","","","","","","","","","","","","","","","","","","","","","","","","","","","","","","","","","","","","","","","","",""
"operator new","0.0509459","0.300s","0.0509452","0.300s","0.060s","0.060s","Function","","32","10","","","","","","","","","","","","","","","","","","","","","","","","","","","","","","","","","","","","","libstdc++.so.6","","","","","","","","","","","","","","","","","","","","","","","","","","","","","","","","","","","","","","","","","","","","","","","","","","","","","","","","","","","","","","","","","","","","","","","","",""
"func@0xa8320","0.00339639","0.020s","0.0033967","0.020s","0.020s","0.020s","Function","","32","14","","","","","","","","","","","","","","","","","","","","","","","","","","","","","","","","","","","","","libstdc++.so.6","","","","","","","","","","","","","","","","","","","","","","","","","","","","","","","","","","","","","","","","","","","","","","","","","","","","","","","","","","","","","","","","","","","","","","","","",""
"func@0x7b21b0","0.00339639","0.020s","0.00339614","0.020s","0.020s","0.020s","Function","","32","189","","","","","","","","","","","","","","","","","","","","","","","","","","","","","","","","","","","","","tof_fork_g","","","","","","","","","","","","","","","","","","","","","","","","","","","","","","","","","","","","","","","","","","","","","","","","","","","","","","","","","","","","","","","","","","","","","","","","",""
"absl::lts_20250814::container_internal::btree<absl::lts_20250814::container_internal::set_params<unsigned long, std::less<unsigned long>, std::allocator<unsigned long>, (int)256, (bool)0>>::internal_last<absl::lts_20250814::container_internal::btree_iterator<absl::lts_20250814::container_internal::btree_node<absl::lts_20250814::container_internal::set_params<unsigned long, std::less<unsigned long>, std::allocator<unsigned long>, (int)256, (bool)0>>, unsigned long const&, unsigned long const*>>","0.0407567","0.240s","0.0169815","0.100s","0.020s","0.020s","Inlined Function","","27","226","","","","","0","0","","0","67.900","75.766","","1.069","67.900","75.766","","1.069","0","0","1.358","1.516","1.358","1.516","0","1.417","0","70.852","","","","","","","","","","btree.h:2898","tof_fork_g","","","","","","","","","","","","","","","","","","","","","","","","","","","","","","","","","","","","","","","","","","","","","","","","","","","","","","","","","","","","","","","","","","","","","","","","",""
"[loop in absl::lts_20250814::container_internal::btree<absl::lts_20250814::container_internal::set_params<unsigned long, std::less<unsigned long>, std::allocator<unsigned long>, (int)256, (bool)0>>::internal_last<absl::lts_20250814::container_internal::btree_iterator<absl::lts_20250814::container_internal::btree_node<absl::lts_20250814::container_internal::set_params<unsigned long, std::less<unsigned long>, std::allocator<unsigned long>, (int)256, (bool)0>>, unsigned long const&, unsigned long const*>> at btree.h:2900]","0.0203784","0.120s","0.0101894","0.060s","0.020s","0.020s","Scalar","0","28","225","","","","","0","0","0","0","0","7.873","0","0.111","0","7.873","0","0.111","0","0","0","0.157","0","0.157","1.260","1.417","62.987","70.859","","","","","","","","","","btree.h:2900","tof_fork_g","","","","","","","","","","","","","","","","","","","","","","","","","","","","","","","","","","","","","","","","","","","","","","","","","","","","","","","","","","","","","","","","","","","","","","","","",""
"absl::lts_20250814::container_internal::btree_node<absl::lts_20250814::container_internal::set_params<unsigned long, std::less<unsigned long>, std::allocator<unsigned long>, (int)256, (bool)0>>::is_leaf","0.0101892","0.060s","0.0101894","0.060s","0.020s","0.020s","Inlined Function","","29","224","","","","","0","0","0","0","7.873","7.873","1.000","1.000","7.873","7.873","1.000","1.000","0","0","0.157","0.157","0.157","0.157","0.157","0.157","7.873","7.873","","","","","","","","","","btree.h:679","tof_fork_g","","","","","","","","","","","","","","","","","","","","","","","","","","","","","","","","","","","","","","","","","","","","","","","","","","","","","","","","","","","","","","","","","","","","","","","","",""
"absl::lts_20250814::container_internal::btree_node<absl::lts_20250814::container_internal::set_params<unsigned long, std::less<unsigned long>, std::allocator<unsigned long>, (int)256, (bool)0>>::parent","0.00339639","0.020s","0.00339694","0.020s","0.020s","0.020s","Inlined Function","","28","349","","","","","","","","","","","","","","","","","","","","","","","","","","","","","","","","","","","","btree.h:714","tof_fork_g","","","","","","","","","","","","","","","","","","","","","","","","","","","","","","","","","","","","","","","","","","","","","","","","","","","","","","","","","","","","","","","","","","","","","","","","",""
"[loop in absl::lts_20250814::container_internal::btree<absl::lts_20250814::container_internal::set_params<unsigned long, std::less<unsigned long>, std::allocator<unsigned long>, (int)256, (bool)0>>::insert_unique<unsigned long, unsigned long const&> at btree.h:2379]","0.0407567","0.240s","0.00679248","0.040s","0.020s","0.020s","Scalar","1","27","215","","","","","0","0","","0","43.245","66.447","","0.262","43.245","66.447","","0.262","0","0","0.865","1.329","0.865","1.329","0","5.066","0","253.304","Mask Manipulations; Unpacks","","","","","","","","","btree.h:2379","tof_fork_g","","","","","","","","","","","","","","","","","","","","","","","","","","","","","","","","","","","","","","","","","","","","","","","","","","","","","","","","","","","","","","","","","","","","","","","","",""
"absl::lts_20250814::container_internal::btree<absl::lts_20250814::container_internal::set_params<unsigned long, std::less<unsigned long>, std::allocator<unsigned long>, (int)256, (bool)0>>::internal_locate<unsigned long>","0.0339639","0.200s","0","0s","0.020s","0s","Inlined Function","","28","214","","","","","","0","0","0","","23.206","0.049","0.092","","23.206","0.049","0.092","0","0","0.225","0.464","0.225","0.464","4.630","5.066","","253.304","","","256","AVX512F_256","","","","","","btree.h:2993","tof_fork_g","","","","","","","","","","","","","","","","","","","","","","","","","","","","","","","","","","","","","","","","","","","","","","","","","","","","","","","","","","","","","","","","","","","","","","","","",""
"[loop in absl::lts_20250814::container_internal::btree<absl::lts_20250814::container_internal::set_params<unsigned long, std::less<unsigned long>, std::allocator<unsigned long>, (int)256, (bool)0>>::internal_locate<unsigned long> at btree.h:2993]","0.0237748","0.140s","0","0s","0.020s","0s","Scalar","0","29","213","","","","","","0","","0","","6.292","","0.577","","6.292","","0.577","0","0","0.113","0.126","0.113","0.126","0","0.218","","10.905","","","","","","","","","","btree.h:2993","tof_fork_g","","","","","","","","","","","","","","","","","","","","","","","","","","","","","","","","","","","","","","","","","","","","","","","","","","","","","","","","","","","","","","","","","","","","","","","","",""
"absl::lts_20250814::container_internal::btree_node<absl::lts_20250814::container_internal::set_params<unsigned long, std::less<unsigned long>, std::allocator<unsigned long>, (int)256, (bool)0>>::is_leaf","0.0237748","0.140s","0.0237737","0.140s","0.020s","0.020s","Inlined Function","","30","212","","","","","0","0","0","0","0.646","0.646","0.059","0.059","0.646","0.646","0.059","0.059","0","0","0.013","0.013","0.013","0.013","0.218","0.218","10.905","10.905","","","","","","","","","","btree.h:679","tof_fork_g","","","","","","","","","","","","","","","","","","","","","","","","","","","","","","","","","","","","","","","","","","","","","","","","","","","","","","","","","","","","","","","","","","","","","","","","",""
"absl::lts_20250814::container_internal::btree_node<absl::lts_20250814::container_internal::set_params<unsigned long, std::less<unsigned long>, std::allocator<unsigned long>, (int)256, (bool)0>>::linear_search<unsigned long, absl::lts_20250814::container_internal::key_compare_adapter<std::less<unsigned long>, unsigned long>::checked_compare>","0.00339639","0.020s","0","0s","0.020s","0s","Inlined Function","","29","263","","","","","","","","","","","","","","","","","","","","","","","","","","","","","256","AVX512F_256","","","","","","btree.h:791","tof_fork_g","","","","","","","","","","","","","","","","","","","","","","","","","","","","","","","","","","","","","","","","","","","","","","","","","","","","","","","","","","","","","","","","","","","","","","","","",""
"absl::lts_20250814::container_internal::btree_node<absl::lts_20250814::container_internal::set_params<unsigned long, std::less<unsigned long>, std::allocator<unsigned long>, (int)256, (bool)0>>::finish","0.00339639","0.020s","0.00339655","0.020s","0.020s","0.020s","Inlined Function","","30","376","","","","","","","","","","","","","","","","","","","","","","","","","","","","","","","","","","","","btree.h:695","tof_fork_g","","","","","","","","","","","","","","","","","","","","","","","","","","","","","","","","","","","","","","","","","","","","","","","","","","","","","","","","","","","","","","","","","","","","","","","","",""
"absl::lts_20250814::container_internal::btree_node<absl::lts_20250814::container_internal::set_params<unsigned long, std::less<unsigned long>, std::allocator<unsigned long>, (int)256, (bool)0>>::is_leaf","0.00339639","0.020s","0.00339606","0.020s","0.020s","0.020s","Inlined Function","","29","212","","","","","","","","","","","","","","","","","","","","","","","","","","","","","","","","","","","","btree.h:679","tof_fork_g","","","","","","","","","","","","","","","","","","","","","","","","","","","","","","","","","","","","","","","","","","","","","","","","","","","","","","","","","","","","","","","","","","","","","","","","",""
"absl::lts_20250814::container_internal::btree_node<absl::lts_20250814::container_internal::set_params<unsigned long, std::less<unsigned long>, std::allocator<unsigned long>, (int)256, (bool)0>>::lower_bound<unsigned long>","0.00339639","0.020s","0","0s","0.020s","0s","Inlined Function","","29","264","","","","","","0","","0","","5.667","","0.520","","5.667","","0.520","","0","","0.113","","0.113","","0.218","","10.907","","","256","AVX512F_256","","","","","","btree.h:776","tof_fork_g","","","","","","","","","","","","","","","","","","","","","","","","","","","","","","","","","","","","","","","","","","","","","","","","","","","","","","","","","","","","","","","","","","","","","","","","",""
"absl::lts_20250814::container_internal::btree_node<absl::lts_20250814::container_internal::set_params<unsigned long, std::less<unsigned long>, std::allocator<unsigned long>, (int)256, (bool)0>>::linear_search<unsigned long, absl::lts_20250814::container_internal::key_compare_adapter<std::less<unsigned long>, unsigned long>::checked_compare>","0.00339639","0.020s","0","0s","0.020s","0s","Inlined Function","","30","263","","","","","","0","0","0","","5.667","0","0.520","","5.667","0","0.520","0","0","0","0.113","0","0.113","0.218","0.218","","10.907","","","256","AVX512F_256","","","","","","btree.h:791","tof_fork_g","","","","","","","","","","","","","","","","","","","","","","","","","","","","","","","","","","","","","","","","","","","","","","","","","","","","","","","","","","","","","","","","","","","","","","","","",""
"absl::lts_20250814::container_internal::btree_node<absl::lts_20250814::container_internal::set_params<unsigned long, std::less<unsigned long>, std::allocator<unsigned long>, (int)256, (bool)0>>::linear_search_impl<unsigned long, absl::lts_20250814::container_internal::key_compare_adapter<std::less<unsigned long>, unsigned long>::checked_compare>","0.00339639","0.020s","0","0s","0.020s","0s","Inlined Function","","31","262","","","","","","0","","","","5.667","","","","5.667","","","0","0","0.079","0.113","0.079","0.113","0","0","","0","","","256","AVX512F_256","","","","","","btree.h:806","tof_fork_g","","","","","","","","","","","","","","","","","","","","","","","","","","","","","","","","","","","","","","","","","","","","","","","","","","","","","","","","","","","","","","","","","","","","","","","","",""
"[loop in absl::lts_20250814::container_internal::btree_node<absl::lts_20250814::container_internal::set_params<unsigned long, std::less<unsigned long>, std::allocator<unsigned long>, (int)256, (bool)0>>::linear_search_impl<unsigned long, absl::lts_20250814::container_internal::key_compare_adapter<std::less<unsigned long>, unsigned long>::checked_compare> at btree.h:809]","0.00339639","0.020s","0.003396","0.020s","0.020s","0.020s","Scalar","0","32","261","","","","","0","0","","","1.700","1.700","","","1.700","1.700","","","0","0","0.034","0.034","0.034","0.034","0","0","0","0","","","","","","","","","","btree.h:809","tof_fork_g","","","","","","","","","","","","","","","","","","","","","","","","","","","","","","","","","","","","","","","","","","","","","","","","","","","","","","","","","","","","","","","","","","","","","","","","",""
"absl::lts_20250814::container_internal::btree<absl::lts_20250814::container_internal::set_params<unsigned long, std::less<unsigned long>, std::allocator<unsigned long>, (int)256, (bool)0>>::internal_locate<unsigned long>","0.0135856","0.080s","0.013585","0.080s","0.020s","0.020s","Inlined Function","","27","214","","","","","","","","","","","","","","","","","","","","","","","","","","","","","256","AVX512F_256","","","","","","btree.h:2993","tof_fork_g","","","","","","","","","","","","","","","","","","","","","","","","","","","","","","","","","","","","","","","","","","","","","","","","","","","","","","","","","","","","","","","","","","","","","","","","",""
"std::mersenne_twister_engine<unsigned long, (unsigned long)32, (unsigned long)624, (unsigned long)397, (unsigned long)31, (unsigned long)2567483615, (unsigned long)11, (unsigned long)4294967295, (unsigned long)7, (unsigned long)2636928640, (unsigned long)15, (unsigned long)4022730752, (unsigned long)18, (unsigned long)1812433253>::operator()","0.146045","0.860s","0.132464","0.780s","0.080s","0.080s","Function","","25","187","","","","","0","0","0","0","65.402","77.991","0.500","0.255","65.402","77.991","0.500","0.255","0","0","5.232","6.239","5.232","6.239","10.460","24.509","130.752","306.371","Shifts","UInt16; ","256","AVX; AVX2; AVX512F_256","","","","","","random.tcc:455","tof_fork_g","","","","","","","","","","","","","","","","","","","","","","","","","","","","","","","","","","","","","","","","","","","","","","","","","","","","","","","","","","","","","","","","","","","","","","","","",""
"std::mersenne_twister_engine<unsigned long, (unsigned long)32, (unsigned long)624, (unsigned long)397, (unsigned long)31, (unsigned long)2567483615, (unsigned long)11, (unsigned long)4294967295, (unsigned long)7, (unsigned long)2636928640, (unsigned long)15, (unsigned long)4022730752, (unsigned long)18, (unsigned long)1812433253>::_M_gen_rand","0.0135856","0.080s","0","0s","0.020s","0s","Inlined Function","","26","230","","","","","","0","0","0","","50.356","0.069","0.072","","50.356","0.069","0.072","0","0","0.012","1.007","0.012","1.007","0.173","14.049","","702.465","Shifts","UInt16; ","256","AVX; AVX2; AVX512F_256","","","","","","random.tcc:399","tof_fork_g","","","","","","","","","","","","","","","","","","","","","","","","","","","","","","","","","","","","","","","","","","","","","","","","","","","","","","","","","","","","","","","","","","","","","","","","",""
"[loop in std::mersenne_twister_engine<unsigned long, (unsigned long)32, (unsigned long)624, (unsigned long)397, (unsigned long)31, (unsigned long)2567483615, (unsigned long)11, (unsigned long)4294967295, (unsigned long)7, (unsigned long)2636928640, (unsigned long)15, (unsigned long)4022730752, (unsigned long)18, (unsigned long)1812433253>::_M_gen_rand at random.tcc:404]","0.0101892","0.060s","0.0101891","0.060s","0.020s","0.020s","Vectorized (Body)","0","27","229","","AVX512","16","","0","0","0","0","18.604","18.604","0.074","0.074","18.604","18.604","0.074","0.074","0","0","0.372","0.372","0.372","0.372","5.013","5.013","250.660","250.660","Shifts","UInt16; ","256","AVX; AVX2; AVX512F_256","","","","","","random.tcc:404","tof_fork_g","","","","","","","","","","","","","","","","","","","","","","","","","","","","","","","","","","","","","","","","","","","","","","","","","","","","","","","","","","","","","","","","","","","","","","","","",""
"[loop in std::mersenne_twister_engine<unsigned long, (unsigned long)32, (unsigned long)624, (unsigned long)397, (unsigned long)31, (unsigned long)2567483615, (unsigned long)11, (unsigned long)4294967295, (unsigned long)7, (unsigned long)2636928640, (unsigned long)15, (unsigned long)4022730752, (unsigned long)18, (unsigned long)1812433253>::_M_gen_rand at random.tcc:412]","0.00339639","0.020s","0.00339595","0.020s","0.020s","0.020s","Vectorized (Body)","0","27","299","","AVX512","16","","0","0","0","0","31.162","31.162","0.070","0.070","31.162","31.162","0.070","0.070","0","0","0.623","0.623","0.623","0.623","8.863","8.863","443.189","443.189","Shifts","UInt16; ","256","AVX; AVX2; AVX512F_256","","","","","","random.tcc:412","tof_fork_g","","","","","","","","","","","","","","","","","","","","","","","","","","","","","","","","","","","","","","","","","","","","","","","","","","","","","","","","","","","","","","","","","","","","","","","","",""
"absl::lts_20250814::container_internal::btree_node<absl::lts_20250814::container_internal::set_params<unsigned long, std::less<unsigned long>, std::allocator<unsigned long>, (int)256, (bool)0>>::clear_and_delete","0.00679279","0.040s","0.00679299","0.040s","0.020s","0.020s","Function","","25","218","","","","","","","","","","","","","","","","","","","","","","","","","","","","","","","","","","","","btree.h:2026","tof_fork_g","","","","","","","","","","","","","","","","","","","","","","","","","","","","","","","","","","","","","","","","","","","","","","","","","","","","","","","","","","","","","","","","","","","","","","","","",""
"__libm_log_z0","0.186802","1.100s","0.186803","1.100s","0.060s","0.060s","Function","","24","168","","","","","60.562","60.562","0.216","0.216","36.337","36.337","0.129","0.129","96.900","96.900","0.345","0.345","3.634","3.634","2.180","2.180","5.814","5.814","16.861","16.861","281.009","281.009","Shifts","UInt256; ; ","128","AVX; AVX2; AVX512F_128","","","","","","","tof_fork_g","","","","","","","","","","","","","","","","","","","","","","","","","","","","","","","","","","","","","","","","","","","","","","","","","","","","","","","","","","","","","","","","","","","","","","","","",""
"std::uniform_int_distribution<int>::operator()<std::mersenne_twister_engine<unsigned long, (unsigned long)32, (unsigned long)624, (unsigned long)397, (unsigned long)31, (unsigned long)2567483615, (unsigned long)11, (unsigned long)4294967295, (unsigned long)7, (unsigned long)2636928640, (unsigned long)15, (unsigned long)4022730752, (unsigned long)18, (unsigned long)1812433253>>","0.0271712","0.160s","0.0101888","0.060s","0.020s","0.020s","Function","","24","290","","","","","0","0","0","0","6.485","34.526","0.032","0.118","6.485","34.526","0.032","0.118","0","0","0.130","0.691","0.130","0.691","4.021","5.839","201.033","291.919","","","","","","","","","","uniform_int_dist.h:288","tof_fork_g","","","","","","","","","","","","","","","","","","","","","","","","","","","","","","","","","","","","","","","","","","","","","","","","","","","","","","","","","","","","","","","","","","","","","","","","",""
"std::uniform_int_distribution<int>::_S_nd<unsigned long, std::mersenne_twister_engine<unsigned long, (unsigned long)32, (unsigned long)624, (unsigned long)397, (unsigned long)31, (unsigned long)2567483615, (unsigned long)11, (unsigned long)4294967295, (unsigned long)7, (unsigned long)2636928640, (unsigned long)15, (unsigned long)4022730752, (unsigned long)18, (unsigned long)1812433253>, unsigned int>","0.016982","0.100s","0.00679264","0.040s","0.020s","0.020s","Inlined Function","","25","344","","","","","0","0","","0","4.864","28.042","","0.308","4.864","28.042","","0.308","0","0","0.097","0.561","0.097","0.561","0","1.819","0","90.917","","","","","","","","","","uniform_int_dist.h:257","tof_fork_g","","","","","","","","","","","","","","","","","","","","","","","","","","","","","","","","","","","","","","","","","","","","","","","","","","","","","","","","","","","","","","","","","","","","","","","","",""
"std::mersenne_twister_engine<unsigned long, (unsigned long)32, (unsigned long)624, (unsigned long)397, (unsigned long)31, (unsigned long)2567483615, (unsigned long)11, (unsigned long)4294967295, (unsigned long)7, (unsigned long)2636928640, (unsigned long)15, (unsigned long)4022730752, (unsigned long)18, (unsigned long)1812433253>::operator()","0.0101892","0.060s","0.0101894","0.060s","0.020s","0.020s","Function","","26","187","","","","","0","0","0","0","23.179","23.179","0.255","0.255","23.179","23.179","0.255","0.255","0","0","0.464","0.464","0.464","0.464","1.819","1.819","90.917","90.917","Shifts","UInt16; ","256","AVX; AVX2; AVX512F_256","","","","","","random.tcc:455","tof_fork_g","","","","","","","","","","","","","","","","","","","","","","","","","","","","","","","","","","","","","","","","","","","","","","","","","","","","","","","","","","","","","","","","","","","","","","","","",""
"__libc_free","0.016982","0.100s","0.0169817","0.100s","0.020s","0.020s","Function","","24","25","","","","","","","","","","","","","","","","","","","","","","","","","","","","","","","","","","","","","libc.so.6","","","","","","","","","","","","","","","","","","","","","","","","","","","","","","","","","","","","","","","","","","","","","","","","","","","","","","","","","","","","","","","","","","","","","","","","",""
"operator delete","0.0101892","0.060s","0.010189","0.060s","0.020s","0.020s","Function","","24","11","","","","","","","","","","","","","","","","","","","","","","","","","","","","","","","","","","","","","libstdc++.so.6","","","","","","","","","","","","","","","","","","","","","","","","","","","","","","","","","","","","","","","","","","","","","","","","","","","","","","","","","","","","","","","","","","","","","","","","",""
"func@0x7b21e0","0.00679279","0.040s","0.00679257","0.040s","0.020s","0.020s","Function","","24","222","","","","","0","0","0","0","0","0","0","0","0","0","0","0","0","0","0","0","0","0","0.066","0.066","3.321","3.321","","","","","","","","","","","tof_fork_g","","","","","","","","","","","","","","","","","","","","","","","","","","","","","","","","","","","","","","","","","","","","","","","","","","","","","","","","","","","","","","","","","","","","","","","","",""
"absl::lts_20250814::container_internal::btree_node<absl::lts_20250814::container_internal::set_params<unsigned long, std::less<unsigned long>, std::allocator<unsigned long>, (int)256, (bool)0>>::clear_and_delete","0.00339639","0.020s","0","0s","0.020s","0s","Function","","24","218","","","","","","0.002","< 0.001","< 0.001","","11.338","0.011","0.023","","11.340","0.011","0.023","< 0.001","< 0.001","0.114","0.227","0.114","0.227","10.075","10.075","","503.754","","","","","","","","","","btree.h:2026","tof_fork_g","","","","","","","","","","","","","","","","","","","","","","","","","","","","","","","","","","","","","","","","","","","","","","","","","","","","","","","","","","","","","","","","","","","","","","","","",""
"absl::lts_20250814::container_internal::btree_node<absl::lts_20250814::container_internal::set_params<unsigned long, std::less<unsigned long>, std::allocator<unsigned long>, (int)256, (bool)0>>::LeafSize","0.00339639","0.020s","0","0s","0.020s","0s","Inlined Function","","25","221","","","","","","0","","","","5.650","","","","5.650","","","","0","","0.113","","0.113","","0","","0","","","","","","","","","","btree.h:637","tof_fork_g","","","","","","","","","","","","","","","","","","","","","","","","","","","","","","","","","","","","","","","","","","","","","","","","","","","","","","","","","","","","","","","","","","","","","","","","",""
"absl::lts_20250814::container_internal::internal_layout::LayoutImpl<std::tuple<absl::lts_20250814::container_internal::btree_node<absl::lts_20250814::container_internal::set_params<unsigned long, std::less<unsigned long>, std::allocator<unsigned long>, (int)256, (bool)0>>*, unsigned int, unsigned char, unsigned long, absl::lts_20250814::container_internal::btree_node<absl::lts_20250814::container_internal::set_params<unsigned long, std::less<unsigned long>, std::allocator<unsigned long>, (int)256, (bool)0>>*>, std::integer_sequence<unsigned long, (unsigned long)1, (unsigned long)0, (unsigned long)4>, std::integer_sequence<unsigned long, (unsigned long)0, (unsigned long)1>, std::integer_sequence<unsigned long, (unsigned long)0, (unsigned long)1, (unsigned long)2, (unsigned long)3, (unsigned long)4>, std::integer_sequence<unsigned long, (unsigned long)0, (unsigned long)1, (unsigned long)2, (unsigned long)3, (unsigned long)4>>::AllocSize","0.00339639","0.020s","0","0s","0.020s","0s","Inlined Function","","26","220","","","","","","0","","","","5.650","","","","5.650","","","","0","","0.113","","0.113","","0","","0","","","","","","","","","","layout.h:608","tof_fork_g","","","","","","","","","","","","","","","","","","","","","","","","","","","","","","","","","","","","","","","","","","","","","","","","","","","","","","","","","","","","","","","","","","","","","","","","",""
"absl::lts_20250814::container_internal::internal_layout::LayoutImpl<std::tuple<absl::lts_20250814::container_internal::btree_node<absl::lts_20250814::container_internal::set_params<unsigned long, std::less<unsigned long>, std::allocator<unsigned long>, (int)256, (bool)0>>*, unsigned int, unsigned char, unsigned long, absl::lts_20250814::container_internal::btree_node<absl::lts_20250814::container_internal::set_params<unsigned long, std::less<unsigned long>, std::allocator<unsigned long>, (int)256, (bool)0>>*>, std::integer_sequence<unsigned long, (unsigned long)1, (unsigned long)0, (unsigned long)4>, std::integer_sequence<unsigned long, (unsigned long)0, (unsigned long)1>, std::integer_sequence<unsigned long, (unsigned long)0, (unsigned long)1, (unsigned long)2, (unsigned long)3, (unsigned long)4>, std::integer_sequence<unsigned long, (unsigned long)0, (unsigned long)1, (unsigned long)2, (unsigned long)3, (unsigned long)4>>::Offset<(unsigned long)4>","0.00339639","0.020s","0","0s","0.020s","0s","Inlined Function","","27","219","","","","","","0","","","","5.650","","","","5.650","","","","0","","0.113","","0.113","","0","","0","","","","","","","","","","layout.h:418","tof_fork_g","","","","","","","","","","","","","","","","","","","","","","","","","","","","","","","","","","","","","","","","","","","","","","","","","","","","","","","","","","","","","","","","","","","","","","","","",""
"absl::lts_20250814::container_internal::internal_layout::adl_barrier::Align","0.00339639","0.020s","0.00339645","0.020s","0.020s","0.020s","Inlined Function","","28","217","","","","","0","0","","","5.650","5.650","","","5.650","5.650","","","0","0","0.113","0.113","0.113","0.113","0","0","0","0","","","","","","","","","","layout.h:294","tof_fork_g","","","","","","","","","","","","","","","","","","","","","","","","","","","","","","","","","","","","","","","","","","","","","","","","","","","","","","","","","","","","","","","","","","","","","","","","",""
"operator new","0.00339639","0.020s","0.00339638","0.020s","0.020s","0.020s","Function","","24","10","","","","","","","","","","","","","","","","","","","","","","","","","","","","","","","","","","","","","libstdc++.so.6","","","","","","","","","","","","","","","","","","","","","","","","","","","","","","","","","","","","","","","","","","","","","","","","","","","","","","","","","","","","","","","","","","","","","","","","",""
"std::vector<yggdrasil_decision_forests::model::decision_tree::internal::AttributeAndWeight, std::allocator<yggdrasil_decision_forests::model::decision_tree::internal::AttributeAndWeight>>::operator=","0.0237748","0.140s","0.0101901","0.060s","0.020s","0.020s","Function","","23","257","","","","","0","0","0","0","2.963","4.114","0.053","0.059","2.963","4.114","0.053","0.059","0","0","0.059","0.082","0.059","0.082","1.124","1.388","56.181","69.373","","","","","","","","","","vector.tcc:211","tof_fork_g","","","","","","","","","","","","","","","","","","","","","","","","","","","","","","","","","","","","","","","","","","","","","","","","","","","","","","","","","","","","","","","","","","","","","","","","",""
"std::vector<yggdrasil_decision_forests::model::decision_tree::internal::AttributeAndWeight, std::allocator<yggdrasil_decision_forests::model::decision_tree::internal::AttributeAndWeight>>::_M_allocate_and_copy<__gnu_cxx::__normal_iterator<yggdrasil_decision_forests::model::decision_tree::internal::AttributeAndWeight const*, std::vector<yggdrasil_decision_forests::model::decision_tree::internal::AttributeAndWeight, std::allocator<yggdrasil_decision_forests::model::decision_tree::internal::AttributeAndWeight>>>>","0.0101892","0.060s","0","0s","0.020s","0s","Inlined Function","","24","260","","","","","","0","","0","","0.772","","0.066","","0.772","","0.066","","0","","0.015","","0.015","","0.234","","11.675","","","","","","","","","","stl_vector.h:1907","tof_fork_g","","","","","","","","","","","","","","","","","","","","","","","","","","","","","","","","","","","","","","","","","","","","","","","","","","","","","","","","","","","","","","","","","","","","","","","","",""
"std::_Vector_base<yggdrasil_decision_forests::model::decision_tree::internal::AttributeAndWeight, std::allocator<yggdrasil_decision_forests::model::decision_tree::internal::AttributeAndWeight>>::_M_allocate","0.00679279","0.040s","0","0s","0.020s","0s","Inlined Function","","25","259","","","","","","0","","0","","0","","0","","0","","0","","0","","0","","0","","0.021","","1.052","","","","","","","","","","stl_vector.h:384","tof_fork_g","","","","","","","","","","","","","","","","","","","","","","","","","","","","","","","","","","","","","","","","","","","","","","","","","","","","","","","","","","","","","","","","","","","","","","","","",""
"std::allocator_traits<std::allocator<yggdrasil_decision_forests::model::decision_tree::internal::AttributeAndWeight>>::allocate","0.00679279","0.040s","0","0s","0.020s","0s","Inlined Function","","26","258","","","","","","0","","0","","0","","0","","0","","0","","0","","0","","0","","0.021","","1.052","","","","","","","","","","alloc_traits.h:613","tof_fork_g","","","","","","","","","","","","","","","","","","","","","","","","","","","","","","","","","","","","","","","","","","","","","","","","","","","","","","","","","","","","","","","","","","","","","","","","",""
"std::__new_allocator<yggdrasil_decision_forests::model::decision_tree::internal::AttributeAndWeight>::allocate","0.00679279","0.040s","0","0s","0.020s","0s","Inlined Function","","27","256","","","","","","0","0","0","","0","0","0","","0","0","0","0","0","0","0","0","0","0.021","0.021","","1.052","","","","","","","","","","new_allocator.h:126","tof_fork_g","","","","","","","","","","","","","","","","","","","","","","","","","","","","","","","","","","","","","","","","","","","","","","","","","","","","","","","","","","","","","","","","","","","","","","","","",""
"operator new","0.00679279","0.040s","0.00679174","0.040s","0.020s","0.020s","Function","","28","10","","","","","","","","","","","","","","","","","","","","","","","","","","","","","","","","","","","","","libstdc++.so.6","","","","","","","","","","","","","","","","","","","","","","","","","","","","","","","","","","","","","","","","","","","","","","","","","","","","","","","","","","","","","","","","","","","","","","","","",""
"std::__uninitialized_copy_a<__gnu_cxx::__normal_iterator<yggdrasil_decision_forests::model::decision_tree::internal::AttributeAndWeight const*, std::vector<yggdrasil_decision_forests::model::decision_tree::internal::AttributeAndWeight, std::allocator<yggdrasil_decision_forests::model::decision_tree::internal::AttributeAndWeight>>>, __gnu_cxx::__normal_iterator<yggdrasil_decision_forests::model::decision_tree::internal::AttributeAndWeight const*, std::vector<yggdrasil_decision_forests::model::decision_tree::internal::AttributeAndWeight, std::allocator<yggdrasil_decision_forests::model::decision_tree::internal::AttributeAndWeight>>>, yggdrasil_decision_forests::model::decision_tree::internal::AttributeAndWeight*, yggdrasil_decision_forests::model::decision_tree::internal::AttributeAndWeight>","0.00339639","0.020s","0","0s","0.020s","0s","Inlined Function","","25","362","","","","","","0","","0","","0.772","","0.073","","0.772","","0.073","","0","","0.015","","0.015","","0.212","","10.624","","","","","","","","","","stl_uninitialized.h:613","tof_fork_g","","","","","","","","","","","","","","","","","","","","","","","","","","","","","","","","","","","","","","","","","","","","","","","","","","","","","","","","","","","","","","","","","","","","","","","","",""
"std::uninitialized_copy<__gnu_cxx::__normal_iterator<yggdrasil_decision_forests::model::decision_tree::internal::AttributeAndWeight const*, std::vector<yggdrasil_decision_forests::model::decision_tree::internal::AttributeAndWeight, std::allocator<yggdrasil_decision_forests::model::decision_tree::internal::AttributeAndWeight>>>, yggdrasil_decision_forests::model::decision_tree::internal::AttributeAndWeight*>","0.00339639","0.020s","0","0s","0.020s","0s","Inlined Function","","26","361","","","","","","0","0","0","","0.772","0","0.073","","0.772","0","0.073","0","0","0","0.015","0","0.015","0.021","0.212","","10.624","","","","","","","","","","stl_uninitialized.h:231","tof_fork_g","","","","","","","","","","","","","","","","","","","","","","","","","","","","","","","","","","","","","","","","","","","","","","","","","","","","","","","","","","","","","","","","","","","","","","","","",""
"__intel_avx_rep_memcpy","0.00339639","0.020s","0.00339633","0.020s","0.020s","0.020s","Function","","27","159","","","","","0","0","0","0","0.772","0.772","0.081","0.081","0.772","0.772","0.081","0.081","0","0","0.015","0.015","0.015","0.015","0.191","0.191","9.572","9.572","NT-stores","Int32; UInt16","128/256","AVX","","","","","","","tof_fork_g","","","","","","","","","","","","","","","","","","","","","","","","","","","","","","","","","","","","","","","","","","","","","","","","","","","","","","","","","","","","","","","","","","","","","","","","",""
"std::vector<yggdrasil_decision_forests::model::decision_tree::internal::AttributeAndWeight, std::allocator<yggdrasil_decision_forests::model::decision_tree::internal::AttributeAndWeight>>::size","0.00339639","0.020s","0.0033965","0.020s","0.020s","0.020s","Inlined Function","","24","298","","","","","0","0","0","0","0.380","0.380","0.250","0.250","0.380","0.380","0.250","0.250","0","0","0.008","0.008","0.008","0.008","0.030","0.030","1.520","1.520","","","","","","","","","","stl_vector.h:1117","tof_fork_g","","","","","","","","","","","","","","","","","","","","","","","","","","","","","","","","","","","","","","","","","","","","","","","","","","","","","","","","","","","","","","","","","","","","","","","","",""
"absl::lts_20250814::container_internal::btree_node<absl::lts_20250814::container_internal::set_params<unsigned long, std::less<unsigned long>, std::allocator<unsigned long>, (int)256, (bool)0>>::clear_and_delete","0.00679279","0.040s","0.00679293","0.040s","0.020s","0.020s","Function","","23","218","","","","","","","","","","","","","","","","","","","","","","","","","","","","","","","","","","","","btree.h:2026","tof_fork_g","","","","","","","","","","","","","","","","","","","","","","","","","","","","","","","","","","","","","","","","","","","","","","","","","","","","","","","","","","","","","","","","","","","","","","","","",""
"__intel_avx_rep_memcpy","0.00339639","0.020s","0.00339648","0.020s","0.020s","0.020s","Function","","23","159","","","","","","","","","","","","","","","","","","","","","","","","","","","NT-stores","Int32; UInt16","128/256","AVX","","","","","","","tof_fork_g","","","","","","","","","","","","","","","","","","","","","","","","","","","","","","","","","","","","","","","","","","","","","","","","","","","","","","","","","","","","","","","","","","","","","","","","",""
"log","0.00339639","0.020s","0.00339634","0.020s","0.020s","0.020s","Function","","23","255","","","","","","","","","","","","","","","","","","","","","","","","","","","","","","","","","","","","","tof_fork_g","","","","","","","","","","","","","","","","","","","","","","","","","","","","","","","","","","","","","","","","","","","","","","","","","","","","","","","","","","","","","","","","","","","","","","","","",""
"yggdrasil_decision_forests::model::decision_tree::(anonymous namespace)::GetProjectionEvaluator","0.275108","1.620s","0.00339665","0.020s","0.140s","0.020s","Function","","22","205","","","","","0","0","0","0","1.940","184.847","0.069","0.495","1.940","184.847","0.069","0.495","0","0","0.039","25.880","0.039","25.880","0.562","52.244","28.113","373.156","","Int32","128/256","AVX","","","","","","oblique.cc","tof_fork_g","","","","","","","","","","","","","","","","","","","","","","","","","","","","","","","","","","","","","","","","","","","","","","","","","","","","","","","","","","","","","","","","","","","","","","","","",""
"[loop in yggdrasil_decision_forests::model::decision_tree::(anonymous namespace)::GetProjectionEvaluator at stl_algobase.h:1190]","0.271712","1.600s","0.271712","1.600s","0.120s","0.120s","Scalar","0","23","204","","","","","0","0","0","0","215.333","215.333","0.500","0.500","215.333","215.333","0.500","0.500","0","0","25.841","25.841","25.841","25.841","51.682","51.682","430.665","430.665","","","","","","","","","","stl_algobase.h:1190","tof_fork_g","","","","","","","","","","","","","","","","","","","","","","","","","","","","","","","","","","","","","","","","","","","","","","","","","","","","","","","","","","","","","","","","","","","","","","","","",""
"operator new","0.0850797","0.501s","0.0850775","0.501s","0.060s","0.060s","Function","","22","10","","","","","","","","","","","","","","","","","","","","","","","","","","","","","","","","","","","","","libstdc++.so.6","","","","","","","","","","","","","","","","","","","","","","","","","","","","","","","","","","","","","","","","","","","","","","","","","","","","","","","","","","","","","","","","","","","","","","","","",""
"yggdrasil_decision_forests::model::decision_tree::internal::SetCondition","0.0815135","0.480s","0.0101904","0.060s","0.060s","0.040s","Function","","22","191","","","","","0","0","0","0","0.805","1.595","0.059","0.071","0.805","1.595","0.059","0.071","0","0","0.032","0.096","0.032","0.096","0.549","1.341","13.727","22.340","","","","","","","","","","oblique.cc","tof_fork_g","","","","","","","","","","","","","","","","","","","","","","","","","","","","","","","","","","","","","","","","","","","","","","","","","","","","","","","","","","","","","","","","","","","","","","","","",""
"[loop in yggdrasil_decision_forests::model::decision_tree::internal::SetCondition at repeated_field.h:169]","0.0611351","0.360s","0.0611353","0.360s","0.060s","0.060s","Scalar","0","23","190","","","","","0","0","0","0","0.950","0.950","0.102","0.102","0.950","0.950","0.102","0.102","0","0","0.057","0.057","0.057","0.057","0.559","0.559","9.313","9.313","Type Conversions","Int32; Int64","","","","","","","","repeated_field.h:169","tof_fork_g","","","","","","","","","","","","","","","","","","","","","","","","","","","","","","","","","","","","","","","","","","","","","","","","","","","","","","","","","","","","","","","","","","","","","","","","",""
"yggdrasil_decision_forests::model::decision_tree::proto::Condition::clear_type","0.00679279","0.040s","0","0s","0.020s","0s","Function","","23","357","","","","","","0","0","0","","0.323","0.034","0.042","","0.323","0.034","0.042","0","0","0.005","0.006","0.005","0.006","0.142","0.155","","7.752","","","","","","","","","","decision_tree.pb.cc:4956","tof_fork_g","","","","","","","","","","","","","","","","","","","","","","","","","","","","","","","","","","","","","","","","","","","","","","","","","","","","","","","","","","","","","","","","","","","","","","","","",""
"google::protobuf::MessageLite::GetArena","0.00679279","0.040s","0","0s","0.020s","0s","Inlined Function","","24","360","","","","","","0","","0","","0.081","","0.125","","0.081","","0.125","","0","","0.002","","0.002","","0.013","","0.646","","","","","","","","","","message_lite.h:552","tof_fork_g","","","","","","","","","","","","","","","","","","","","","","","","","","","","","","","","","","","","","","","","","","","","","","","","","","","","","","","","","","","","","","","","","","","","","","","","",""
"google::protobuf::internal::InternalMetadata::arena","0.00679279","0.040s","0","0s","0.020s","0s","Inlined Function","","25","359","","","","","","0","","0","","0.081","","0.125","","0.081","","0.125","","0","","0.002","","0.002","","0.013","","0.646","","","","","","","","","","metadata_lite.h:66","tof_fork_g","","","","","","","","","","","","","","","","","","","","","","","","","","","","","","","","","","","","","","","","","","","","","","","","","","","","","","","","","","","","","","","","","","","","","","","","",""
"google::protobuf::internal::InternalMetadata::have_unknown_fields","0.00679279","0.040s","0","0s","0.020s","0s","Inlined Function","","26","358","","","","","","0","","0","","0.081","","0.125","","0.081","","0.125","","0","","0.002","","0.002","","0.013","","0.646","","","","","","","","","","metadata_lite.h:74","tof_fork_g","","","","","","","","","","","","","","","","","","","","","","","","","","","","","","","","","","","","","","","","","","","","","","","","","","","","","","","","","","","","","","","","","","","","","","","","",""
"google::protobuf::internal::InternalMetadata::HasUnknownFieldsTag","0.00679279","0.040s","0.00679221","0.040s","0.020s","0.020s","Inlined Function","","27","356","","","","","0","0","0","0","0.081","0.081","0.125","0.125","0.081","0.081","0.125","0.125","0","0","0.002","0.002","0.002","0.002","0.013","0.013","0.646","0.646","","","","","","","","","","metadata_lite.h:142","tof_fork_g","","","","","","","","","","","","","","","","","","","","","","","","","","","","","","","","","","","","","","","","","","","","","","","","","","","","","","","","","","","","","","","","","","","","","","","","",""
"google::protobuf::Arena::DefaultConstruct<yggdrasil_decision_forests::model::decision_tree::proto::Condition_Oblique>","0.00339639","0.020s","0","0s","0.020s","0s","Function","","23","348","","","","","","0","0","0","","0","0","0","","0","0","0","0","0","0","0","0","0","0.078","0.078","","3.876","","","","","","","","","","arena.h:646","tof_fork_g","","","","","","","","","","","","","","","","","","","","","","","","","","","","","","","","","","","","","","","","","","","","","","","","","","","","","","","","","","","","","","","","","","","","","","","","",""
"operator new","0.00339639","0.020s","0.00339667","0.020s","0.020s","0.020s","Function","","24","10","","","","","","","","","","","","","","","","","","","","","","","","","","","","","","","","","","","","","libstdc++.so.6","","","","","","","","","","","","","","","","","","","","","","","","","","","","","","","","","","","","","","","","","","","","","","","","","","","","","","","","","","","","","","","","","","","","","","","","",""
"yggdrasil_decision_forests::model::decision_tree::proto::DecisionTreeTrainingConfig::DecisionTreeTrainingConfig","0.0611351","0.360s","0","0s","0.040s","0s","Function","","22","247","","","","","","0","0","0","","1.534","0.030","0.012","","1.534","0.030","0.012","0","0","0.029","0.061","0.029","0.061","0.982","5.087","","127.192","","Int32","128","AVX","","","","","","decision_tree.pb.cc:4230","tof_fork_g","","","","","","","","","","","","","","","","","","","","","","","","","","","","","","","","","","","","","","","","","","","","","","","","","","","","","","","","","","","","","","","","","","","","","","","","",""
"google::protobuf::MessageLite::CopyConstruct<yggdrasil_decision_forests::model::decision_tree::proto::Categorical>","0.0271712","0.160s","0","0s","0.020s","0s","Inlined Function","","23","246","","","","","","0","","0","","0.646","","0.010","","0.646","","0.010","","0","","0.013","","0.013","","1.269","","63.465","","","","","","","","","","message_lite.h:915","tof_fork_g","","","","","","","","","","","","","","","","","","","","","","","","","","","","","","","","","","","","","","","","","","","","","","","","","","","","","","","","","","","","","","","","","","","","","","","","",""
"google::protobuf::Arena::CopyConstruct<yggdrasil_decision_forests::model::decision_tree::proto::Categorical>","0.0271712","0.160s","0","0s","0.020s","0s","Function","","24","248","","","","","","0","0","0","","0.646","0","0.010","","0.646","0","0.010","0","0","0","0.013","0","0.013","0.181","1.269","","63.465","","","","","","","","","","arena.h:654","tof_fork_g","","","","","","","","","","","","","","","","","","","","","","","","","","","","","","","","","","","","","","","","","","","","","","","","","","","","","","","","","","","","","","","","","","","","","","","","",""
"operator new","0.0203784","0.120s","0.0203782","0.120s","0.020s","0.020s","Function","","25","10","","","","","","","","","","","","","","","","","","","","","","","","","","","","","","","","","","","","","libstdc++.so.6","","","","","","","","","","","","","","","","","","","","","","","","","","","","","","","","","","","","","","","","","","","","","","","","","","","","","","","","","","","","","","","","","","","","","","","","",""
"yggdrasil_decision_forests::model::decision_tree::proto::Categorical::Categorical","0.00679279","0.040s","0","0s","0.020s","0s","Function","","25","249","","","","","","0","0","0","","0.646","0.014","0.012","","0.646","0.014","0.012","0","0","0.006","0.013","0.006","0.013","0.452","1.089","","54.430","","","","","","","","","","decision_tree.pb.cc:6501","tof_fork_g","","","","","","","","","","","","","","","","","","","","","","","","","","","","","","","","","","","","","","","","","","","","","","","","","","","","","","","","","","","","","","","","","","","","","","","","",""
"google::protobuf::MessageLite::CopyConstruct","0.00679279","0.040s","0.00339626","0.020s","0.020s","0.020s","Function","","26","250","","","","","0","0","0","0","0.323","0.323","0.012","0.010","0.323","0.323","0.012","0.010","0","0","0.006","0.006","0.006","0.006","0.559","0.636","27.942","31.818","","","","","","","","","","message_lite.cc:53","tof_fork_g","","","","","","","","","","","","","","","","","","","","","","","","","","","","","","","","","","","","","","","","","","","","","","","","","","","","","","","","","","","","","","","","","","","","","","","","",""
"yggdrasil_decision_forests::model::decision_tree::proto::Categorical_CART::GetClassData","0.00339639","0.020s","0.00339629","0.020s","0.020s","0.020s","Function","","27","251","","","","","0","0","0","0","0","0","0","0","0","0","0","0","0","0","0","0","0","0","0.078","0.078","3.876","3.876","","","","","","","","","","decision_tree.pb.cc:5887","tof_fork_g","","","","","","","","","","","","","","","","","","","","","","","","","","","","","","","","","","","","","","","","","","","","","","","","","","","","","","","","","","","","","","","","","","","","","","","","",""
"google::protobuf::MessageLite::CopyConstruct<yggdrasil_decision_forests::model::decision_tree::proto::DecisionTreeTrainingConfig_Internal>","0.0237748","0.140s","0","0s","0.040s","0s","Inlined Function","","23","252","","","","","","0","","0","","0","","0","","0","","0","","0","","0","","0","","0.413","","10.337","","","","","","","","","","message_lite.h:915","tof_fork_g","","","","","","","","","","","","","","","","","","","","","","","","","","","","","","","","","","","","","","","","","","","","","","","","","","","","","","","","","","","","","","","","","","","","","","","","",""
"google::protobuf::Arena::CopyConstruct<yggdrasil_decision_forests::model::decision_tree::proto::DecisionTreeTrainingConfig_Internal>","0.0237748","0.140s","0.00339616","0.020s","0.040s","0.020s","Function","","24","253","","","","","0","0","0","0","0","0","0","0","0","0","0","0","0","0","0","0","0","0","0.362","0.413","18.090","10.337","","Int32","128","AVX","","","","","","arena.h:654","tof_fork_g","","","","","","","","","","","","","","","","","","","","","","","","","","","","","","","","","","","","","","","","","","","","","","","","","","","","","","","","","","","","","","","","","","","","","","","","",""
"operator new","0.016982","0.100s","0.0169821","0.100s","0.040s","0.040s","Function","","25","10","","","","","","","","","","","","","","","","","","","","","","","","","","","","","","","","","","","","","libstdc++.so.6","","","","","","","","","","","","","","","","","","","","","","","","","","","","","","","","","","","","","","","","","","","","","","","","","","","","","","","","","","","","","","","","","","","","","","","","",""
"func@0x7b21b0","0.00339639","0.020s","0.00339614","0.020s","0.020s","0.020s","Function","","25","189","","","","","0","0","0","0","0","0","0","0","0","0","0","0","0","0","0","0","0","0","0.052","0.052","2.584","2.584","","","","","","","","","","","tof_fork_g","","","","","","","","","","","","","","","","","","","","","","","","","","","","","","","","","","","","","","","","","","","","","","","","","","","","","","","","","","","","","","","","","","","","","","","","",""
"google::protobuf::MessageLite::CopyConstruct<yggdrasil_decision_forests::model::decision_tree::proto::NumericalSplit>","0.00679279","0.040s","0","0s","0.020s","0s","Inlined Function","","23","345","","","","","","0","","0","","0","","0","","0","","0","","0","","0","","0","","0.362","","18.088","","","","","","","","","","message_lite.h:915","tof_fork_g","","","","","","","","","","","","","","","","","","","","","","","","","","","","","","","","","","","","","","","","","","","","","","","","","","","","","","","","","","","","","","","","","","","","","","","","",""
"google::protobuf::Arena::CopyConstruct<yggdrasil_decision_forests::model::decision_tree::proto::NumericalSplit>","0.00679279","0.040s","0","0s","0.020s","0s","Function","","24","346","","","","","","0","0","0","","0","0","0","","0","0","0","0","0","0","0","0","0","0.362","0.362","","18.088","","Int32","128","AVX","","","","","","arena.h:654","tof_fork_g","","","","","","","","","","","","","","","","","","","","","","","","","","","","","","","","","","","","","","","","","","","","","","","","","","","","","","","","","","","","","","","","","","","","","","","","",""
"operator new","0.00679279","0.040s","0.00679264","0.040s","0.020s","0.020s","Function","","25","10","","","","","","","","","","","","","","","","","","","","","","","","","","","","","","","","","","","","","libstdc++.so.6","","","","","","","","","","","","","","","","","","","","","","","","","","","","","","","","","","","","","","","","","","","","","","","","","","","","","","","","","","","","","","","","","","","","","","","","",""
"google::protobuf::MessageLite::CopyConstruct","0.00339639","0.020s","0","0s","0.020s","0s","Function","","23","250","","","","","","0","0","0","","0.969","0","0.009","","0.969","0","0.009","0","0","0","0.019","0","0.019","0.620","2.061","","103.042","","","","","","","","","","message_lite.cc:53","tof_fork_g","","","","","","","","","","","","","","","","","","","","","","","","","","","","","","","","","","","","","","","","","","","","","","","","","","","","","","","","","","","","","","","","","","","","","","","","",""
"google::protobuf::internal::ClassData::New","0.00339639","0.020s","0","0s","0.020s","0s","Function","","24","322","","","","","","0","0","0","","0.969","0","0.013","","0.969","0","0.013","0","0","0","0.019","0","0.019","0.788","1.441","","72.033","","Int32","128/256","AVX","","","","","","message_lite.h:431","tof_fork_g","","","","","","","","","","","","","","","","","","","","","","","","","","","","","","","","","","","","","","","","","","","","","","","","","","","","","","","","","","","","","","","","","","","","","","","","",""
"google::protobuf::internal::MessageCreator::New<google::protobuf::MessageLite>","0.00339639","0.020s","0","0s","0.020s","0s","Inlined Function","","25","324","","","","","","0","","0","","0.969","","0.030","","0.969","","0.030","0","0","0.003","0.019","0.003","0.019","0","0.652","","32.625","","Int32","128/256","AVX","","","","","","message_lite.h:1345","tof_fork_g","","","","","","","","","","","","","","","","","","","","","","","","","","","","","","","","","","","","","","","","","","","","","","","","","","","","","","","","","","","","","","","","","","","","","","","","",""
"google::protobuf::internal::MessageCreator::PlacementNew<google::protobuf::MessageLite>","0.00339639","0.020s","0","0s","0.020s","0s","Inlined Function","","26","323","","","","","","0","0","0","","0.808","0.047","0.025","","0.808","0.047","0.025","0","0","0.016","0.016","0.016","0.016","0.342","0.652","","32.625","","Int32","128/256","AVX","","","","","","message_lite.h:1248","tof_fork_g","","","","","","","","","","","","","","","","","","","","","","","","","","","","","","","","","","","","","","","","","","","","","","","","","","","","","","","","","","","","","","","","","","","","","","","","",""
"memcpy","0.00339639","0.020s","0.00339638","0.020s","0.020s","0.020s","Inlined Function","","27","321","","","","","0","0","0","0","0","0","0","0","0","0","0","0","0","0","0","0","0","0","0.310","0.310","15.505","15.505","","Int32","256","AVX","","","","","","string_fortified.h:26","tof_fork_g","","","","","","","","","","","","","","","","","","","","","","","","","","","","","","","","","","","","","","","","","","","","","","","","","","","","","","","","","","","","","","","","","","","","","","","","",""
"[loop in yggdrasil_decision_forests::model::decision_tree::FindBestConditionSparseObliqueTemplate<yggdrasil_decision_forests::model::decision_tree::ClassificationLabelStats> at oblique.cc:139]","0.0407567","0.240s","0","0s","0.040s","0s","Scalar Versions","0","22","386","","","","","","0","","0","","4.957","","0.045","","4.957","","0.045","","0","","0.198","","0.198","","4.376","","109.412","","","","","","","","","","oblique.cc:139","tof_fork_g","","","","","","","","","","","","","","","","","","","","","","","","","","","","","","","","","","","","","","","","","","","","","","","","","","","","","","","","","","","","","","","","","","","","","","","","",""
"[loop in yggdrasil_decision_forests::model::decision_tree::FindBestConditionSparseObliqueTemplate<yggdrasil_decision_forests::model::decision_tree::ClassificationLabelStats> at oblique.cc:139]","0.0339639","0.200s","0.0339624","0.200s","0.040s","0.040s","Scalar","0","22","176","","","","","0","0","0","0","4.426","4.426","0.042","0.042","4.426","4.426","0.042","0.042","0","0","0.177","0.177","0.177","0.177","4.249","4.249","106.224","106.224","","","","","","","","","","oblique.cc:139","tof_fork_g","","","","","","","","","","","","","","","","","","","","","","","","","","","","","","","","","","","","","","","","","","","","","","","","","","","","","","","","","","","","","","","","","","","","","","","","",""
"[loop in yggdrasil_decision_forests::model::decision_tree::FindBestConditionSparseObliqueTemplate<yggdrasil_decision_forests::model::decision_tree::ClassificationLabelStats> at oblique.cc:139]","0.00679279","0.040s","0.00679248","0.040s","0.020s","0.020s","Scalar","0","22","271","","","","","0","0","0","0","1.063","1.063","0.167","0.167","1.063","1.063","0.167","0.167","0","0","0.021","0.021","0.021","0.021","0.128","0.128","6.376","6.376","","","","","","","","","","oblique.cc:139","tof_fork_g","","","","","","","","","","","","","","","","","","","","","","","","","","","","","","","","","","","","","","","","","","","","","","","","","","","","","","","","","","","","","","","","","","","","","","","","",""
"__intel_avx_rep_memset","0.016982","0.100s","0.0169823","0.100s","0.020s","0.020s","Function","","22","87","","","","","","","","","","","","","","","","","","","","","","","","","","","Unpacks","Int32; UInt16; UInt256; ","128/256","AVX; AVX2; SSE2","","","","","","","tof_fork_g","","","","","","","","","","","","","","","","","","","","","","","","","","","","","","","","","","","","","","","","","","","","","","","","","","","","","","","","","","","","","","","","","","","","","","","","",""
"__libc_free","0.016982","0.100s","0.016981","0.100s","0.040s","0.040s","Function","","22","25","","","","","","","","","","","","","","","","","","","","","","","","","","","","","","","","","","","","","libc.so.6","","","","","","","","","","","","","","","","","","","","","","","","","","","","","","","","","","","","","","","","","","","","","","","","","","","","","","","","","","","","","","","","","","","","","","","","",""
"__libm_pow_l9","0.0135856","0.080s","0.0135861","0.080s","0.020s","0.020s","Function","","22","185","","","","","8.882","8.882","0.237","0.237","4.683","4.683","0.125","0.125","13.566","13.566","0.362","0.362","0.178","0.178","0.094","0.094","0.271","0.271","0.749","0.749","37.467","37.467","Shifts","UInt16; ; ","128","AVX","","","","","","","tof_fork_g","","","","","","","","","","","","","","","","","","","","","","","","","","","","","","","","","","","","","","","","","","","","","","","","","","","","","","","","","","","","","","","","","","","","","","","","",""
"yggdrasil_decision_forests::model::decision_tree::proto::DecisionTreeTrainingConfig::~DecisionTreeTrainingConfig","0.0135856","0.080s","0","0s","0.020s","0s","Function","","22","206","","","","","","0","0","0","","0.969","0","0.016","","0.969","0","0.016","0","0","0","0.019","0","0.019","0.052","1.224","","61.211","","","","","","","","","","decision_tree.pb.cc:4331","tof_fork_g","","","","","","","","","","","","","","","","","","","","","","","","","","","","","","","","","","","","","","","","","","","","","","","","","","","","","","","","","","","","","","","","","","","","","","","","",""
"yggdrasil_decision_forests::model::decision_tree::proto::DecisionTreeTrainingConfig::SharedDtor","0.0135856","0.080s","0","0s","0.020s","0s","Function","","23","207","","","","","","0","0","0","","0.969","0.011","0.017","","0.969","0.011","0.017","0","0","0.010","0.019","0.010","0.019","0.898","1.173","","58.627","","","","","","","","","","decision_tree.pb.cc:4335","tof_fork_g","","","","","","","","","","","","","","","","","","","","","","","","","","","","","","","","","","","","","","","","","","","","","","","","","","","","","","","","","","","","","","","","","","","","","","","","",""
"yggdrasil_decision_forests::model::decision_tree::proto::DecisionTreeTrainingConfig::clear_split_axis","0.00679279","0.040s","0","0s","0.020s","0s","Inlined Function","","24","265","","","","","","0","0","0","","0.323","0.028","0.025","","0.323","0.028","0.025","0","0","0.003","0.006","0.003","0.006","0.116","0.262","","13.082","","","","","","","","","","decision_tree.pb.cc:4404","tof_fork_g","","","","","","","","","","","","","","","","","","","","","","","","","","","","","","","","","","","","","","","","","","","","","","","","","","","","","","","","","","","","","","","","","","","","","","","","",""
"yggdrasil_decision_forests::model::decision_tree::proto::DecisionTreeTrainingConfig_SparseObliqueSplit::~DecisionTreeTrainingConfig_SparseObliqueSplit","0.00339639","0.020s","0.00339643","0.020s","0.020s","0.020s","Function","","25","266","","","","","0","0","0","0","0.162","0.162","0.022","0.022","0.162","0.162","0.022","0.022","0","0","0.003","0.003","0.003","0.003","0.145","0.145","7.268","7.268","","","","","","","","","","decision_tree.pb.cc:2172","tof_fork_g","","","","","","","","","","","","","","","","","","","","","","","","","","","","","","","","","","","","","","","","","","","","","","","","","","","","","","","","","","","","","","","","","","","","","","","","",""
"__libc_free","0.00339639","0.020s","0.00339628","0.020s","0.020s","0.020s","Function","","25","25","","","","","","","","","","","","","","","","","","","","","","","","","","","","","","","","","","","","","libc.so.6","","","","","","","","","","","","","","","","","","","","","","","","","","","","","","","","","","","","","","","","","","","","","","","","","","","","","","","","","","","","","","","","","","","","","","","","",""
"operator delete","0.00339639","0.020s","0.00339639","0.020s","0.020s","0.020s","Function","","24","11","","","","","","","","","","","","","","","","","","","","","","","","","","","","","","","","","","","","","libstdc++.so.6","","","","","","","","","","","","","","","","","","","","","","","","","","","","","","","","","","","","","","","","","","","","","","","","","","","","","","","","","","","","","","","","","","","","","","","","",""
"yggdrasil_decision_forests::model::decision_tree::proto::DecisionTreeTrainingConfig::has_growing_strategy","0.00339639","0.020s","0.00339622","0.020s","0.020s","0.020s","Inlined Function","","24","300","","","","","0","0","0","0","0.162","0.162","0.250","0.250","0.162","0.162","0.250","0.250","0","0","0.003","0.003","0.003","0.003","0.013","0.013","0.646","0.646","","","","","","","","","","decision_tree.pb.h:8536","tof_fork_g","","","","","","","","","","","","","","","","","","","","","","","","","","","","","","","","","","","","","","","","","","","","","","","","","","","","","","","","","","","","","","","","","","","","","","","","",""
"[loop in yggdrasil_decision_forests::model::decision_tree::FindBestConditionSparseObliqueTemplate<yggdrasil_decision_forests::model::decision_tree::ClassificationLabelStats> at stl_numeric.h:97]","0.00679279","0.040s","0.00679277","0.040s","0.020s","0.020s","Vectorized (Body)","0","22","269","","AVX512","8","","0","0","0","0","26.988","26.988","0.375","0.375","26.988","26.988","0.375","0.375","0","0","0.540","0.540","0.540","0.540","1.439","1.439","71.969","71.969","","UInt16; ","128","AVX; AVX512F_128","","","","","","stl_numeric.h:97","tof_fork_g","","","","","","","","","","","","","","","","","","","","","","","","","","","","","","","","","","","","","","","","","","","","","","","","","","","","","","","","","","","","","","","","","","","","","","","","",""
"func@0xbaa10","0.00339639","0.020s","0.00339648","0.020s","0.020s","0.020s","Function","","22","27","","","","","","","","","","","","","","","","","","","","","","","","","","","","","","","","","","","","","libc.so.6","","","","","","","","","","","","","","","","","","","","","","","","","","","","","","","","","","","","","","","","","","","","","","","","","","","","","","","","","","","","","","","","","","","","","","","","",""
"func@0x7b21e0","0.00339639","0.020s","0.00339631","0.020s","0.020s","0.020s","Function","","22","222","","","","","0","0","0","0","0","0","0","0","0","0","0","0","0","0","0","0","0","0","0.090","0.090","4.522","4.522","","","","","","","","","","","tof_fork_g","","","","","","","","","","","","","","","","","","","","","","","","","","","","","","","","","","","","","","","","","","","","","","","","","","","","","","","","","","","","","","","","","","","","","","","","",""
"__intel_avx_rep_memset","0.0135856","0.080s","0.0101891","0.060s","0.020s","0.020s","Function","","21","87","","","","","","","","","","","","","","","","","","","","","","","","","","","Unpacks","Int32; UInt16; UInt256; ","128/256","AVX; AVX2; SSE2","","","","","","","tof_fork_g","","","","","","","","","","","","","","","","","","","","","","","","","","","","","","","","","","","","","","","","","","","","","","","","","","","","","","","","","","","","","","","","","","","","","","","","",""
"[loop in __intel_avx_rep_memset]","0.00339639","0.020s","0.00339658","0.020s","0.020s","0.020s","Vectorized (Body)","0","22","183","","AVX","8","","","","","","","","","","","","","","","","","","","","","","","","","UInt16","256","AVX","","","","","","","tof_fork_g","","","","","","","","","","","","","","","","","","","","","","","","","","","","","","","","","","","","","","","","","","","","","","","","","","","","","","","","","","","","","","","","","","","","","","","","",""
"yggdrasil_decision_forests::model::decision_tree::FindBestConditionClassification","0.53663","3.160s","0.360013","2.120s","0.220s","0.140s","Function","","19","170","","","","","0","0","0","0","6.368","6.754","0.036","0.039","6.368","6.754","0.036","0.039","0","0","0.892","1.486","0.892","1.486","24.665","38.484","176.181","174.929","","","","","","","","","","training.cc","tof_fork_g","","","","","","","","","","","","","","","","","","","","","","","","","","","","","","","","","","","","","","","","","","","","","","","","","","","","","","","","","","","","","","","","","","","","","","","","",""
"yggdrasil_decision_forests::model::decision_tree::(anonymous namespace)::FailIfMonotonic","0.173216","1.020s","0.173214","1.020s","0.080s","0.080s","Function","","20","223","","","","","0","0","0","0","7.429","7.429","0.043","0.043","7.429","7.429","0.043","0.043","0","0","0.594","0.594","0.594","0.594","13.819","13.819","172.722","172.722","","","","","","","","","","training.cc","tof_fork_g","","","","","","","","","","","","","","","","","","","","","","","","","","","","","","","","","","","","","","","","","","","","","","","","","","","","","","","","","","","","","","","","","","","","","","","","",""
"yggdrasil_decision_forests::dataset::VerticalDataset::NumericalColumn::type","0.00339639","0.020s","0.00339639","0.020s","0.020s","0.020s","Function","","20","274","","","","","","","","","","","","","","","","","","","","","","","","","","","","","","","","","","","","vertical_dataset.h:298","tof_fork_g","","","","","","","","","","","","","","","","","","","","","","","","","","","","","","","","","","","","","","","","","","","","","","","","","","","","","","","","","","","","","","","","","","","","","","","","",""
"std::uniform_int_distribution<unsigned long>::operator()<std::mersenne_twister_engine<unsigned long, (unsigned long)32, (unsigned long)624, (unsigned long)397, (unsigned long)31, (unsigned long)2567483615, (unsigned long)11, (unsigned long)4294967295, (unsigned long)7, (unsigned long)2636928640, (unsigned long)15, (unsigned long)4022730752, (unsigned long)18, (unsigned long)1812433253>>","0.0305676","0.180s","0.0135857","0.080s","0.020s","0.020s","Function","","19","188","","","","","0","0","0","0","22.286","143.428","0.042","0.151","22.286","143.428","0.042","0.151","0","0","0.446","2.869","0.446","2.869","10.698","19.048","534.876","952.314","","","","","","","","","","uniform_int_dist.h:288","tof_fork_g","","","","","","","","","","","","","","","","","","","","","","","","","","","","","","","","","","","","","","","","","","","","","","","","","","","","","","","","","","","","","","","","","","","","","","","","",""
"std::uniform_int_distribution<unsigned long>::_S_nd<unsigned long, std::mersenne_twister_engine<unsigned long, (unsigned long)32, (unsigned long)624, (unsigned long)397, (unsigned long)31, (unsigned long)2567483615, (unsigned long)11, (unsigned long)4294967295, (unsigned long)7, (unsigned long)2636928640, (unsigned long)15, (unsigned long)4022730752, (unsigned long)18, (unsigned long)1812433253>, unsigned int>","0.016982","0.100s","0.00679277","0.040s","0.020s","0.020s","Inlined Function","","20","301","","","","","0","0","","0","14.858","121.148","","0.290","14.858","121.148","","0.290","0","0","0.297","2.423","0.297","2.423","0","8.349","0","417.460","","","","","","","","","","uniform_int_dist.h:257","tof_fork_g","","","","","","","","","","","","","","","","","","","","","","","","","","","","","","","","","","","","","","","","","","","","","","","","","","","","","","","","","","","","","","","","","","","","","","","","",""
"std::mersenne_twister_engine<unsigned long, (unsigned long)32, (unsigned long)624, (unsigned long)397, (unsigned long)31, (unsigned long)2567483615, (unsigned long)11, (unsigned long)4294967295, (unsigned long)7, (unsigned long)2636928640, (unsigned long)15, (unsigned long)4022730752, (unsigned long)18, (unsigned long)1812433253>::operator()","0.0101892","0.060s","0.0101891","0.060s","0.020s","0.020s","Function","","21","187","","","","","0","0","0","0","106.290","106.290","0.255","0.255","106.290","106.290","0.255","0.255","0","0","2.126","2.126","2.126","2.126","8.349","8.349","417.460","417.460","Shifts","UInt16; ","256","AVX; AVX2; AVX512F_256","","","","","","random.tcc:455","tof_fork_g","","","","","","","","","","","","","","","","","","","","","","","","","","","","","","","","","","","","","","","","","","","","","","","","","","","","","","","","","","","","","","","","","","","","","","","","",""
"[loop in yggdrasil_decision_forests::model::decision_tree::FindBestCondition at repeated_field.h:203]","0.0101892","0.060s","0.0101891","0.060s","0.020s","0.020s","Scalar","0","18","336","","","","","","","","","","","","","","","","","","","","","","","","","","","","Int64","","","","","","","","repeated_field.h:203","tof_fork_g","","","","","","","","","","","","","","","","","","","","","","","","","","","","","","","","","","","","","","","","","","","","","","","","","","","","","","","","","","","","","","","","","","","","","","","","",""
"yggdrasil_decision_forests::model::decision_tree::internal::SplitExamplesInPlace","0.801549","4.720s","0","0s","0.240s","0s","Function","","17","154","","","","","","4.849","0","0.014","","24.254","0.015","0.072","","29.103","0.015","0.086","0","1.164","0.005","5.821","0.005","6.984","0.323","81.007","","337.538","","Int32","256","AVX","","","","","","training.cc","tof_fork_g","","","","","","","","","","","","","","","","","","","","","","","","","","","","","","","","","","","","","","","","","","","","","","","","","","","","","","","","","","","","","","","","","","","","","","","","",""
"yggdrasil_decision_forests::model::decision_tree::EvalConditionOnDataset","0.801549","4.720s","0.00339672","0.020s","0.240s","0.020s","Function","","18","156","","","","","0","4.849","0","0.014","5.003","24.234","0.064","0.072","5.003","29.082","0.064","0.087","0","1.164","0.100","5.816","0.100","6.980","1.556","80.684","77.773","336.192","","Int32","128/256","AVX","","","","","","decision_tree.cc","tof_fork_g","","","","","","","","","","","","","","","","","","","","","","","","","","","","","","","","","","","","","","","","","","","","","","","","","","","","","","","","","","","","","","","","","","","","","","","","",""
"[loop in yggdrasil_decision_forests::model::decision_tree::EvalConditionOnDataset at decision_tree.cc]","0.757396","4.460s","0.0679255","0.400s","0.220s","0.040s","Scalar","1","19","155","","","","","0","5.289","0","0.015","69.100","25.420","0.195","0.073","69.100","30.709","0.195","0.088","0","1.164","2.764","5.592","2.764","6.756","14.166","76.846","354.139","349.309","","","","","","","","","","decision_tree.cc","tof_fork_g","","","","","","","","","","","","","","","","","","","","","","","","","","","","","","","","","","","","","","","","","","","","","","","","","","","","","","","","","","","","","","","","","","","","","","","","",""
"yggdrasil_decision_forests::model::decision_tree::EvalConditionOblique::operator()","0.689468","4.060s","0.271703","1.600s","0.200s","0.120s","Function","","20","157","","","","","8.272","5.818","0.018","0.019","23.211","14.140","0.051","0.045","31.483","19.958","0.069","0.064","0.993","1.164","2.785","2.828","3.778","3.992","55.101","62.680","459.158","313.396","","","","","","","","","","decision_tree.cc:882","tof_fork_g","","","","","","","","","","","","","","","","","","","","","","","","","","","","","","","","","","","","","","","","","","","","","","","","","","","","","","","","","","","","","","","","","","","","","","","","",""
"std::isnan","0.349829","2.060s","0.349825","2.060s","0.140s","0.140s","Inlined Function","","21","177","","","","","","","","","","","","","","","","","","","","","","","","","","","","","","","","","","","","cmath:1182","tof_fork_g","","","","","","","","","","","","","","","","","","","","","","","","","","","","","","","","","","","","","","","","","","","","","","","","","","","","","","","","","","","","","","","","","","","","","","","","",""
"[loop in yggdrasil_decision_forests::model::decision_tree::EvalConditionOblique::operator() at decision_tree.cc:886]","0.0509459","0.300s","0.0135863","0.080s","0.040s","0.020s","Scalar","0","21","203","","","","","8.544","4.273","0.083","0.083","2.136","1.068","0.021","0.021","10.680","5.341","0.104","0.104","0.171","0.171","0.043","0.043","0.214","0.214","2.051","2.051","102.527","51.277","FMA","Int32","","","","","","","","decision_tree.cc:886","tof_fork_g","","","","","","","","","","","","","","","","","","","","","","","","","","","","","","","","","","","","","","","","","","","","","","","","","","","","","","","","","","","","","","","","","","","","","","","","",""
"std::isnan","0.0373603","0.220s","0.0373602","0.220s","0.040s","0.040s","Inlined Function","","22","177","","","","","","","","","","","","","","","","","","","","","","","","","","","","","","","","","","","","cmath:1182","tof_fork_g","","","","","","","","","","","","","","","","","","","","","","","","","","","","","","","","","","","","","","","","","","","","","","","","","","","","","","","","","","","","","","","","","","","","","","","","",""
"std::vector<std::vector<float, std::allocator<float>> const*, std::allocator<std::vector<float, std::allocator<float>> const*>>::operator[]","0.0101892","0.060s","0.0101889","0.060s","0.020s","0.020s","Inlined Function","","21","343","","","","","0","0","0","0","0","0","0","0","0","0","0","0","0","0","0","0","0","0","2.764","2.764","138.202","138.202","","","","","","","","","","stl_vector.h:1280","tof_fork_g","","","","","","","","","","","","","","","","","","","","","","","","","","","","","","","","","","","","","","","","","","","","","","","","","","","","","","","","","","","","","","","","","","","","","","","","",""
"std::vector<float, std::allocator<float>>::operator[]","0.00679279","0.040s","0.00679245","0.040s","0.020s","0.020s","Inlined Function","","21","254","","","","","0","0","0","0","0","0","0","0","0","0","0","0","0","0","0","0","0","0","2.764","2.764","138.203","138.203","","","","","","","","","","stl_vector.h:1261","tof_fork_g","","","","","","","","","","","","","","","","","","","","","","","","","","","","","","","","","","","","","","","","","","","","","","","","","","","","","","","","","","","","","","","","","","","","","","","","",""
"[loop in yggdrasil_decision_forests::model::decision_tree::EvalConditionOnDataset at vector.tcc:114]","0.016982","0.100s","0","0s","0.020s","0s","Scalar","0","19","208","","","","","","0","0","0","","1.401","0.092","0.041","","1.401","0.092","0.041","0","0","0.020","0.028","0.020","0.028","0.213","0.684","","34.189","","","","","","","","","","vector.tcc:114","tof_fork_g","","","","","","","","","","","","","","","","","","","","","","","","","","","","","","","","","","","","","","","","","","","","","","","","","","","","","","","","","","","","","","","","","","","","","","","","",""
"yggdrasil_decision_forests::dataset::VerticalDataset::ColumnWithCastWithStatus<yggdrasil_decision_forests::dataset::VerticalDataset::NumericalColumn>","0.016982","0.100s","0","0s","0.020s","0s","Function","","20","209","","","","","","0","0","0","","0.420","0.018","0.018","","0.420","0.018","0.018","0","0","0.008","0.008","0.008","0.008","0.471","0.471","","23.540","","Int32","128","AVX","","","","","","vertical_dataset.h:1093","tof_fork_g","","","","","","","","","","","","","","","","","","","","","","","","","","","","","","","","","","","","","","","","","","","","","","","","","","","","","","","","","","","","","","","","","","","","","","","","",""
"__dynamic_cast","0.016982","0.100s","0.0169819","0.100s","0.020s","0.020s","Function","","21","12","","","","","","","","","","","","","","","","","","","","","","","","","","","","","","","","","","","","","libstdc++.so.6","","","","","","","","","","","","","","","","","","","","","","","","","","","","","","","","","","","","","","","","","","","","","","","","","","","","","","","","","","","","","","","","","","","","","","","","",""
"[loop in yggdrasil_decision_forests::model::decision_tree::EvalConditionOnDataset at stl_algo.h:1044]","0.0101892","0.060s","0","0s","0.020s","0s","Scalar Versions","0","19","385","","","","","","0","","0","","3.572","","0.052","","3.572","","0.052","","0","","0.071","","0.071","","1.369","","68.475","","","","","","","","","","stl_algo.h:1044","tof_fork_g","","","","","","","","","","","","","","","","","","","","","","","","","","","","","","","","","","","","","","","","","","","","","","","","","","","","","","","","","","","","","","","","","","","","","","","","",""
"[loop in yggdrasil_decision_forests::model::decision_tree::EvalConditionOnDataset at stl_algo.h:1044]","0.00679279","0.040s","0.00679253","0.040s","0.020s","0.020s","Scalar","0","19","295","","","","","0","0","0","0","3.126","3.126","0.047","0.047","3.126","3.126","0.047","0.047","0","0","0.063","0.063","0.063","0.063","1.334","1.334","66.691","66.691","","","","","","","","","","stl_algo.h:1044","tof_fork_g","","","","","","","","","","","","","","","","","","","","","","","","","","","","","","","","","","","","","","","","","","","","","","","","","","","","","","","","","","","","","","","","","","","","","","","","",""
"[loop in yggdrasil_decision_forests::model::decision_tree::EvalConditionOnDataset at stl_algo.h:1044]","0.00339639","0.020s","0.00339628","0.020s","0.020s","0.020s","Scalar","0","19","242","","","","","0","0","0","0","0.446","0.446","0.250","0.250","0.446","0.446","0.250","0.250","0","0","0.009","0.009","0.009","0.009","0.036","0.036","1.784","1.784","","","","","","","","","","stl_algo.h:1044","tof_fork_g","","","","","","","","","","","","","","","","","","","","","","","","","","","","","","","","","","","","","","","","","","","","","","","","","","","","","","","","","","","","","","","","","","","","","","","","",""
"__libc_free","0.00679279","0.040s","0.00679298","0.040s","0.020s","0.020s","Function","","19","25","","","","","","","","","","","","","","","","","","","","","","","","","","","","","","","","","","","","","libc.so.6","","","","","","","","","","","","","","","","","","","","","","","","","","","","","","","","","","","","","","","","","","","","","","","","","","","","","","","","","","","","","","","","","","","","","","","","",""
"__intel_avx_rep_memcpy","0.00339639","0.020s","0.00339634","0.020s","0.020s","0.020s","Function","","19","159","","","","","0","0","0","0","1.211","1.211","0.127","0.127","1.211","1.211","0.127","0.127","0","0","0.024","0.024","0.024","0.024","0.190","0.190","9.525","9.525","NT-stores","Int32; UInt16","128/256","AVX","","","","","","","tof_fork_g","","","","","","","","","","","","","","","","","","","","","","","","","","","","","","","","","","","","","","","","","","","","","","","","","","","","","","","","","","","","","","","","","","","","","","","","",""
"_intel_fast_memcpy","0.00339639","0.020s","0.00339599","0.020s","0.020s","0.020s","Function","","19","178","","","","","0","0","0","0","0","0","0","0","0","0","0","0","0","0","0","0","0","0","0.039","0.039","1.938","1.938","","","","","","","","","","","tof_fork_g","","","","","","","","","","","","","","","","","","","","","","","","","","","","","","","","","","","","","","","","","","","","","","","","","","","","","","","","","","","","","","","","","","","","","","","","",""
"std::_Function_handler<absl::lts_20250814::Status (yggdrasil_decision_forests::dataset::VerticalDataset const&, absl::lts_20250814::Span<unsigned int const>, std::vector<float, std::allocator<float>> const&, yggdrasil_decision_forests::model::proto::TrainingConfig const&, yggdrasil_decision_forests::model::proto::TrainingConfigLinking const&, yggdrasil_decision_forests::model::decision_tree::NodeWithChildren*), absl::lts_20250814::Status (yggdrasil_decision_forests::dataset::VerticalDataset const&, absl::lts_20250814::Span<unsigned int const>, std::vector<float, std::allocator<float>> const&, yggdrasil_decision_forests::model::proto::TrainingConfig const&, yggdrasil_decision_forests::model::proto::TrainingConfigLinking const&, yggdrasil_decision_forests::model::decision_tree::NodeWithChildren*)*>::_M_invoke","0.118874","0.700s","0","0s","0.060s","0s","Function","","17","172","","","","","","3.725","0","0.034","","4.117","0","0.038","","7.842","0","0.072","0","0.223","0","0.247","0","0.470","0.078","6.492","","108.217","","","","","","","","","","std_function.h:290","tof_fork_g","","","","","","","","","","","","","","","","","","","","","","","","","","","","","","","","","","","","","","","","","","","","","","","","","","","","","","","","","","","","","","","","","","","","","","","","",""
"_ZSt10__invoke_rIN4absl12lts_202508146StatusERPFS2_RKN26yggdrasil_decision_forests7dataset15VerticalDatasetENS1_4SpanIKjEERKSt6vectorIfSaIfEERKNS3_5model5proto14TrainingConfigERKNSH_21TrainingConfigLinkingEPNSG_13decision_tree16NodeWithChildrenEEJS7_SA_SF_SK_SN_SQ_EENSt9enable_ifIX16is_invocable_r_vIT_T0_DpT1_EESV_E4typeEOSW_DpOSX_","0.118874","0.700s","0","0s","0.060s","0s","Inlined Function","","18","173","","","","","","3.725","","0.035","","4.117","","0.039","","7.842","","0.073","","0.223","","0.247","","0.470","","6.415","","106.925","","","","","","","","","","invoke.h:106","tof_fork_g","","","","","","","","","","","","","","","","","","","","","","","","","","","","","","","","","","","","","","","","","","","","","","","","","","","","","","","","","","","","","","","","","","","","","","","","",""
"std::__invoke_impl<absl::lts_20250814::Status, absl::lts_20250814::Status (*&)(yggdrasil_decision_forests::dataset::VerticalDataset const&, absl::lts_20250814::Span<unsigned int const>, std::vector<float, std::allocator<float>> const&, yggdrasil_decision_forests::model::proto::TrainingConfig const&, yggdrasil_decision_forests::model::proto::TrainingConfigLinking const&, yggdrasil_decision_forests::model::decision_tree::NodeWithChildren*), yggdrasil_decision_forests::dataset::VerticalDataset const&, absl::lts_20250814::Span<unsigned int const>, std::vector<float, std::allocator<float>> const&, yggdrasil_decision_forests::model::proto::TrainingConfig const&, yggdrasil_decision_forests::model::proto::TrainingConfigLinking const&, yggdrasil_decision_forests::model::decision_tree::NodeWithChildren*>","0.118874","0.700s","0","0s","0.060s","0s","Inlined Function","","19","171","","","","","","3.725","0","0.035","","4.117","0","0.039","","7.842","0","0.073","0","0.223","0","0.247","0","0.470","0.090","6.415","","106.925","","","","","","","","","","invoke.h:62","tof_fork_g","","","","","","","","","","","","","","","","","","","","","","","","","","","","","","","","","","","","","","","","","","","","","","","","","","","","","","","","","","","","","","","","","","","","","","","","",""
"yggdrasil_decision_forests::model::decision_tree::SetLabelDistribution","0.118874","0.700s","0.0067933","0.040s","0.060s","0.020s","Function","","20","175","","","","","0.242","3.725","0.006","0.035","3.806","4.117","0.094","0.039","4.049","7.842","0.100","0.074","0.005","0.223","0.076","0.247","0.081","0.470","0.808","6.324","40.376","105.418","Extracts; Gathers; Inserts; Shuffles; Type Conversions","Int32; Int64; UInt16; UInt256; UInt; ; ","128/256","AVX; AVX2; AVX512F_128; AVX512F_256","","","","","","label.cc","tof_fork_g","","","","","","","","","","","","","","","","","","","","","","","","","","","","","","","","","","","","","","","","","","","","","","","","","","","","","","","","","","","","","","","","","","","","","","","","",""
"[loop in yggdrasil_decision_forests::model::decision_tree::SetLabelDistribution at label.cc:56]","0.0917027","0.540s","0.0916999","0.540s","0.040s","0.040s","Scalar","0","21","174","","","","","5.345","5.345","0.052","0.052","2.138","2.138","0.021","0.021","7.483","7.483","0.073","0.073","0.214","0.214","0.086","0.086","0.299","0.299","4.105","4.105","102.622","102.622","","Int64","","","","","","","","label.cc:56","tof_fork_g","","","","","","","","","","","","","","","","","","","","","","","","","","","","","","","","","","","","","","","","","","","","","","","","","","","","","","","","","","","","","","","","","","","","","","","","",""
"google::protobuf::Arena::DefaultConstruct<yggdrasil_decision_forests::model::decision_tree::proto::NodeClassifierOutput>","0.00679279","0.040s","0.00339639","0.020s","0.020s","0.020s","Function","","21","202","","","","","0","0","0","0","0","0","0","0","0","0","0","0","0","0","0","0","0","0","0.213","0.213","10.659","10.659","","","","","","","","","","arena.h:646","tof_fork_g","","","","","","","","","","","","","","","","","","","","","","","","","","","","","","","","","","","","","","","","","","","","","","","","","","","","","","","","","","","","","","","","","","","","","","","","",""
"operator new","0.00339639","0.020s","0.00339631","0.020s","0.020s","0.020s","Function","","22","10","","","","","","","","","","","","","","","","","","","","","","","","","","","","","","","","","","","","","libstdc++.so.6","","","","","","","","","","","","","","","","","","","","","","","","","","","","","","","","","","","","","","","","","","","","","","","","","","","","","","","","","","","","","","","","","","","","","","","","",""
"yggdrasil_decision_forests::dataset::VerticalDataset::ColumnWithCastWithStatus<yggdrasil_decision_forests::dataset::VerticalDataset::CategoricalColumn>","0.00339639","0.020s","0","0s","0.020s","0s","Function","","21","276","","","","","","0","0","0","","0.404","0.020","0.020","","0.404","0.020","0.020","0","0","0.008","0.008","0.008","0.008","0.413","0.413","","20.671","","Int32","128","AVX","","","","","","vertical_dataset.h:1093","tof_fork_g","","","","","","","","","","","","","","","","","","","","","","","","","","","","","","","","","","","","","","","","","","","","","","","","","","","","","","","","","","","","","","","","","","","","","","","","",""
"__dynamic_cast","0.00339639","0.020s","0.00339675","0.020s","0.020s","0.020s","Function","","22","12","","","","","","","","","","","","","","","","","","","","","","","","","","","","","","","","","","","","","libstdc++.so.6","","","","","","","","","","","","","","","","","","","","","","","","","","","","","","","","","","","","","","","","","","","","","","","","","","","","","","","","","","","","","","","","","","","","","","","","",""
"google::protobuf::Arena::DefaultConstruct<yggdrasil_decision_forests::utils::proto::IntegerDistributionDouble>","0.00339639","0.020s","0","0s","0.020s","0s","Function","","21","353","","","","","","0","0","0","","0","0","0","","0","0","0","0","0","0","0","0","0","0.129","0.310","","15.505","","","","","","","","","","arena.h:646","tof_fork_g","","","","","","","","","","","","","","","","","","","","","","","","","","","","","","","","","","","","","","","","","","","","","","","","","","","","","","","","","","","","","","","","","","","","","","","","",""
"yggdrasil_decision_forests::utils::proto::IntegerDistributionDouble::IntegerDistributionDouble","0.00339639","0.020s","0.00339636","0.020s","0.020s","0.020s","Function","","22","354","","","","","0","0","0","0","0","0","0","0","0","0","0","0","0","0","0","0","0","0","0.181","0.181","9.044","9.044","","","","","","","","","","distribution.pb.cc:277","tof_fork_g","","","","","","","","","","","","","","","","","","","","","","","","","","","","","","","","","","","","","","","","","","","","","","","","","","","","","","","","","","","","","","","","","","","","","","","","",""
"yggdrasil_decision_forests::utils::IntegerDistribution<double>::Save<yggdrasil_decision_forests::utils::proto::IntegerDistributionDouble>","0.00339639","0.020s","0","0s","0.020s","0s","Function","","21","244","","","","","","0","0","0","","3.136","0.148","0.144","","3.136","0.148","0.144","0","0","0.053","0.063","0.053","0.063","0.359","0.436","","21.804","","Int32","256","AVX","","","","","","distribution.h:751","tof_fork_g","","","","","","","","","","","","","","","","","","","","","","","","","","","","","","","","","","","","","","","","","","","","","","","","","","","","","","","","","","","","","","","","","","","","","","","","",""
"[loop in yggdrasil_decision_forests::utils::IntegerDistribution<double>::Save<yggdrasil_decision_forests::utils::proto::IntegerDistributionDouble> at distribution.h:754]","0.00339639","0.020s","0.00339629","0.020s","0.020s","0.020s","Scalar","0","22","243","","","","","0","0","0","0","0.485","0.485","0.125","0.125","0.485","0.485","0.125","0.125","0","0","0.010","0.010","0.010","0.010","0.078","0.078","3.876","3.876","","Int64","","","","","","","","distribution.h:754","tof_fork_g","","","","","","","","","","","","","","","","","","","","","","","","","","","","","","","","","","","","","","","","","","","","","","","","","","","","","","","","","","","","","","","","","","","","","","","","",""
"[loop in yggdrasil_decision_forests::model::decision_tree::SetLabelDistribution at distribution.h:732]","0.00339639","0.020s","0.00339609","0.020s","0.020s","0.020s","Scalar","0","21","285","","","","","0.242","0.242","0.125","0.125","0.727","0.727","0.375","0.375","0.969","0.969","0.500","0.500","0.005","0.005","0.015","0.015","0.019","0.019","0.039","0.039","1.938","1.938","","Int64","","","","","","","","distribution.h:732","tof_fork_g","","","","","","","","","","","","","","","","","","","","","","","","","","","","","","","","","","","","","","","","","","","","","","","","","","","","","","","","","","","","","","","","","","","","","","","","",""
"std::function<absl::lts_20250814::Status (yggdrasil_decision_forests::dataset::VerticalDataset const&, absl::lts_20250814::Span<unsigned int const>, std::vector<float, std::allocator<float>> const&, yggdrasil_decision_forests::model::proto::TrainingConfig const&, yggdrasil_decision_forests::model::proto::TrainingConfigLinking const&, yggdrasil_decision_forests::model::decision_tree::NodeWithChildren*)>::operator()","0.0950991","0.560s","0","0s","0.060s","0s","Function","","17","216","","","","","","3.695","0","0.037","","4.078","0.031","0.041","","7.773","0.031","0.078","0","0.222","0.005","0.245","0.005","0.466","0.155","5.941","","99.014","","","","","","","","","","std_function.h:589","tof_fork_g","","","","","","","","","","","","","","","","","","","","","","","","","","","","","","","","","","","","","","","","","","","","","","","","","","","","","","","","","","","","","","","","","","","","","","","","",""
"std::_Function_handler<absl::lts_20250814::Status (yggdrasil_decision_forests::dataset::VerticalDataset const&, absl::lts_20250814::Span<unsigned int const>, std::vector<float, std::allocator<float>> const&, yggdrasil_decision_forests::model::proto::TrainingConfig const&, yggdrasil_decision_forests::model::proto::TrainingConfigLinking const&, yggdrasil_decision_forests::model::decision_tree::NodeWithChildren*), absl::lts_20250814::Status (yggdrasil_decision_forests::dataset::VerticalDataset const&, absl::lts_20250814::Span<unsigned int const>, std::vector<float, std::allocator<float>> const&, yggdrasil_decision_forests::model::proto::TrainingConfig const&, yggdrasil_decision_forests::model::proto::TrainingConfigLinking const&, yggdrasil_decision_forests::model::decision_tree::NodeWithChildren*)*>::_M_invoke","0.0950991","0.560s","0","0s","0.060s","0s","Function","","18","172","","","","","","3.695","0","0.038","","3.997","0","0.041","","7.692","0","0.080","0","0.222","0","0.240","0","0.462","0.078","5.786","","96.430","","","","","","","","","","std_function.h:290","tof_fork_g","","","","","","","","","","","","","","","","","","","","","","","","","","","","","","","","","","","","","","","","","","","","","","","","","","","","","","","","","","","","","","","","","","","","","","","","",""
"_ZSt10__invoke_rIN4absl12lts_202508146StatusERPFS2_RKN26yggdrasil_decision_forests7dataset15VerticalDatasetENS1_4SpanIKjEERKSt6vectorIfSaIfEERKNS3_5model5proto14TrainingConfigERKNSH_21TrainingConfigLinkingEPNSG_13decision_tree16NodeWithChildrenEEJS7_SA_SF_SK_SN_SQ_EENSt9enable_ifIX16is_invocable_r_vIT_T0_DpT1_EESV_E4typeEOSW_DpOSX_","0.0950991","0.560s","0","0s","0.060s","0s","Inlined Function","","19","173","","","","","","3.695","","0.039","","3.997","","0.042","","7.692","","0.081","","0.222","","0.240","","0.462","","5.708","","95.138","","","","","","","","","","invoke.h:106","tof_fork_g","","","","","","","","","","","","","","","","","","","","","","","","","","","","","","","","","","","","","","","","","","","","","","","","","","","","","","","","","","","","","","","","","","","","","","","","",""
"std::__invoke_impl<absl::lts_20250814::Status, absl::lts_20250814::Status (*&)(yggdrasil_decision_forests::dataset::VerticalDataset const&, absl::lts_20250814::Span<unsigned int const>, std::vector<float, std::allocator<float>> const&, yggdrasil_decision_forests::model::proto::TrainingConfig const&, yggdrasil_decision_forests::model::proto::TrainingConfigLinking const&, yggdrasil_decision_forests::model::decision_tree::NodeWithChildren*), yggdrasil_decision_forests::dataset::VerticalDataset const&, absl::lts_20250814::Span<unsigned int const>, std::vector<float, std::allocator<float>> const&, yggdrasil_decision_forests::model::proto::TrainingConfig const&, yggdrasil_decision_forests::model::proto::TrainingConfigLinking const&, yggdrasil_decision_forests::model::decision_tree::NodeWithChildren*>","0.0950991","0.560s","0","0s","0.060s","0s","Inlined Function","","20","171","","","","","","3.695","0","0.039","","3.997","0","0.042","","7.692","0","0.081","0","0.222","0","0.240","0","0.462","0.090","5.708","","95.138","","","","","","","","","","invoke.h:62","tof_fork_g","","","","","","","","","","","","","","","","","","","","","","","","","","","","","","","","","","","","","","","","","","","","","","","","","","","","","","","","","","","","","","","","","","","","","","","","",""
"yggdrasil_decision_forests::model::decision_tree::SetLabelDistribution","0.0950991","0.560s","0","0s","0.060s","0s","Function","","21","175","","","","","","3.695","0.009","0.039","","3.997","0.084","0.043","","7.692","0.093","0.082","0.010","0.222","0.092","0.240","0.102","0.462","1.098","5.618","","93.630","Extracts; Gathers; Inserts; Shuffles; Type Conversions","Int32; Int64; UInt16; UInt256; UInt; ; ","128/256","AVX; AVX2; AVX512F_128; AVX512F_256","","","","","","label.cc","tof_fork_g","","","","","","","","","","","","","","","","","","","","","","","","","","","","","","","","","","","","","","","","","","","","","","","","","","","","","","","","","","","","","","","","","","","","","","","","",""
"[loop in yggdrasil_decision_forests::model::decision_tree::SetLabelDistribution at label.cc:56]","0.0917027","0.540s","0.0917032","0.540s","0.060s","0.060s","Scalar","0","22","174","","","","","3.533","3.533","0.052","0.052","1.413","1.413","0.021","0.021","4.947","4.947","0.073","0.073","0.212","0.212","0.085","0.085","0.297","0.297","4.071","4.071","67.842","67.842","","Int64","","","","","","","","label.cc:56","tof_fork_g","","","","","","","","","","","","","","","","","","","","","","","","","","","","","","","","","","","","","","","","","","","","","","","","","","","","","","","","","","","","","","","","","","","","","","","","",""
"yggdrasil_decision_forests::utils::IntegerDistribution<double>::Save<yggdrasil_decision_forests::utils::proto::IntegerDistributionDouble>","0.00339639","0.020s","0","0s","0.020s","0s","Function","","22","244","","","","","","0","0","0","","3.136","0.102","0.140","","3.136","0.102","0.140","0","0","0.038","0.063","0.038","0.063","0.378","0.449","","22.448","","Int32","256","AVX","","","","","","distribution.h:751","tof_fork_g","","","","","","","","","","","","","","","","","","","","","","","","","","","","","","","","","","","","","","","","","","","","","","","","","","","","","","","","","","","","","","","","","","","","","","","","",""
"google::protobuf::RepeatedField<double>::Resize","0.00339639","0.020s","0","0s","0.020s","0s","Inlined Function","","23","305","","","","","","0","0","0","","1.211","0.357","0.341","","1.211","0.357","0.341","0","0","0.016","0.024","0.016","0.024","0.045","0.071","","3.553","","","","","","","","","","repeated_field.h:785","tof_fork_g","","","","","","","","","","","","","","","","","","","","","","","","","","","","","","","","","","","","","","","","","","","","","","","","","","","","","","","","","","","","","","","","","","","","","","","","",""
"std::uninitialized_fill<double*, double>","0.00339639","0.020s","0","0s","0.020s","0s","Inlined Function","","24","304","","","","","","0","","0","","0.404","","0.312","","0.404","","0.312","","0","","0.008","","0.008","","0.026","","1.292","","","","","","","","","","stl_uninitialized.h:392","tof_fork_g","","","","","","","","","","","","","","","","","","","","","","","","","","","","","","","","","","","","","","","","","","","","","","","","","","","","","","","","","","","","","","","","","","","","","","","","",""
"std::__do_uninit_fill<double*, double>","0.00339639","0.020s","0","0s","0.020s","0s","Inlined Function","","25","303","","","","","","0","","0","","0.404","","0.312","","0.404","","0.312","0","0","0.006","0.008","0.006","0.008","0","0.026","","1.292","","","","","","","","","","stl_uninitialized.h:325","tof_fork_g","","","","","","","","","","","","","","","","","","","","","","","","","","","","","","","","","","","","","","","","","","","","","","","","","","","","","","","","","","","","","","","","","","","","","","","","",""
"std::_Construct<double, double const&>","0.00339639","0.020s","0","0s","0.020s","0s","Inlined Function","","26","302","","","","","","0","","0","","0.081","","0.062","","0.081","","0.062","0","0","0.002","0.002","0.002","0.002","0","0.026","","1.292","","","","","","","","","","stl_construct.h:123","tof_fork_g","","","","","","","","","","","","","","","","","","","","","","","","","","","","","","","","","","","","","","","","","","","","","","","","","","","","","","","","","","","","","","","","","","","","","","","","",""
"_intel_fast_memset","0.00339639","0.020s","0.00339656","0.020s","0.020s","0.020s","Function","","27","306","","","","","0","0","0","0","0","0","0","0","0","0","0","0","0","0","0","0","0","0","0.026","0.026","1.292","1.292","","","","","","","","","","","tof_fork_g","","","","","","","","","","","","","","","","","","","","","","","","","","","","","","","","","","","","","","","","","","","","","","","","","","","","","","","","","","","","","","","","","","","","","","","","",""
"yggdrasil_decision_forests::model::decision_tree::NodeWithChildren::CreateChildren","0.0271712","0.160s","0","0s","0.020s","0s","Function","","17","240","","","","","","0","0","0","","0","0","0","","0","0","0","0","0","0","0","0","0","0.078","0.078","","3.875","","Int32","128/256","AVX","","","","","","decision_tree.cc:649","tof_fork_g","","","","","","","","","","","","","","","","","","","","","","","","","","","","","","","","","","","","","","","","","","","","","","","","","","","","","","","","","","","","","","","","","","","","","","","","",""
"std::make_unique<yggdrasil_decision_forests::model::decision_tree::NodeWithChildren>","0.0135856","0.080s","0","0s","0.020s","0s","Inlined Function","","18","239","","","","","","","","","","","","","","","","","","","","","","","","","","","","Int32","128/256","AVX","","","","","","unique_ptr.h:1083","tof_fork_g","","","","","","","","","","","","","","","","","","","","","","","","","","","","","","","","","","","","","","","","","","","","","","","","","","","","","","","","","","","","","","","","","","","","","","","","",""
"operator new","0.0135856","0.080s","0.0135862","0.080s","0.020s","0.020s","Function","","19","10","","","","","","","","","","","","","","","","","","","","","","","","","","","","","","","","","","","","","libstdc++.so.6","","","","","","","","","","","","","","","","","","","","","","","","","","","","","","","","","","","","","","","","","","","","","","","","","","","","","","","","","","","","","","","","","","","","","","","","",""
"std::make_unique<yggdrasil_decision_forests::model::decision_tree::NodeWithChildren>","0.0135856","0.080s","0","0s","0.020s","0s","Inlined Function","","18","241","","","","","","","","","","","","","","","","","","","","","","","","","","","","Int32","128/256","AVX","","","","","","unique_ptr.h:1083","tof_fork_g","","","","","","","","","","","","","","","","","","","","","","","","","","","","","","","","","","","","","","","","","","","","","","","","","","","","","","","","","","","","","","","","","","","","","","","","",""
"operator new","0.0135856","0.080s","0.0135856","0.080s","0.020s","0.020s","Function","","19","10","","","","","","","","","","","","","","","","","","","","","","","","","","","","","","","","","","","","","libstdc++.so.6","","","","","","","","","","","","","","","","","","","","","","","","","","","","","","","","","","","","","","","","","","","","","","","","","","","","","","","","","","","","","","","","","","","","","","","","",""
"google::protobuf::Arena::DefaultConstruct<yggdrasil_decision_forests::model::decision_tree::proto::NodeCondition>","0.0237748","0.140s","0","0s","0.040s","0s","Function","","17","308","","","","","","0","0","0","","0","0","0","","0","0","0","0","0","0","0","0","0","0.103","0.103","","2.584","","","","","","","","","","arena.h:646","tof_fork_g","","","","","","","","","","","","","","","","","","","","","","","","","","","","","","","","","","","","","","","","","","","","","","","","","","","","","","","","","","","","","","","","","","","","","","","","",""
"operator new","0.0237748","0.140s","0.0237746","0.140s","0.040s","0.040s","Function","","18","10","","","","","","","","","","","","","","","","","","","","","","","","","","","","","","","","","","","","","libstdc++.so.6","","","","","","","","","","","","","","","","","","","","","","","","","","","","","","","","","","","","","","","","","","","","","","","","","","","","","","","","","","","","","","","","","","","","","","","","",""
"std::deque<yggdrasil_decision_forests::model::decision_tree::internal::NodeAndExamples, std::allocator<yggdrasil_decision_forests::model::decision_tree::internal::NodeAndExamples>>::push_back","0.0101892","0.060s","0","0s","0.020s","0s","Function","","17","310","","","","","","0","0","0","","0.646","0","0.028","","0.646","0","0.028","0","0","0","0.013","0","0.013","0.074","0.465","","23.250","","Int32","256","AVX","","","","","","stl_deque.h:1620","tof_fork_g","","","","","","","","","","","","","","","","","","","","","","","","","","","","","","","","","","","","","","","","","","","","","","","","","","","","","","","","","","","","","","","","","","","","","","","","",""
"std::deque<yggdrasil_decision_forests::model::decision_tree::internal::NodeAndExamples, std::allocator<yggdrasil_decision_forests::model::decision_tree::internal::NodeAndExamples>>::emplace_back<yggdrasil_decision_forests::model::decision_tree::internal::NodeAndExamples>","0.0101892","0.060s","0","0s","0.020s","0s","Inlined Function","","18","314","","","","","","0","0","0","","0.646","0.017","0.033","","0.646","0.017","0.033","0","0","0.006","0.013","0.006","0.013","0.362","0.391","","19.536","","Int32","256","AVX","","","","","","deque.tcc:165","tof_fork_g","","","","","","","","","","","","","","","","","","","","","","","","","","","","","","","","","","","","","","","","","","","","","","","","","","","","","","","","","","","","","","","","","","","","","","","","",""
"std::deque<yggdrasil_decision_forests::model::decision_tree::internal::NodeAndExamples, std::allocator<yggdrasil_decision_forests::model::decision_tree::internal::NodeAndExamples>>::_M_push_back_aux<yggdrasil_decision_forests::model::decision_tree::internal::NodeAndExamples>","0.0101892","0.060s","0","0s","0.020s","0s","Inlined Function","","19","313","","","","","","0","0","0","","0.344","0.236","0.236","","0.344","0.236","0.236","0","0","0.007","0.007","0.007","0.007","0.029","0.029","","1.455","","Int32","256","AVX","","","","","","deque.tcc:485","tof_fork_g","","","","","","","","","","","","","","","","","","","","","","","","","","","","","","","","","","","","","","","","","","","","","","","","","","","","","","","","","","","","","","","","","","","","","","","","",""
"std::_Deque_base<yggdrasil_decision_forests::model::decision_tree::internal::NodeAndExamples, std::allocator<yggdrasil_decision_forests::model::decision_tree::internal::NodeAndExamples>>::_M_allocate_node","0.0101892","0.060s","0","0s","0.020s","0s","Inlined Function","","20","312","","","","","","","","","","","","","","","","","","","","","","","","","","","","","","","","","","","","stl_deque.h:583","tof_fork_g","","","","","","","","","","","","","","","","","","","","","","","","","","","","","","","","","","","","","","","","","","","","","","","","","","","","","","","","","","","","","","","","","","","","","","","","",""
"std::allocator_traits<std::allocator<yggdrasil_decision_forests::model::decision_tree::internal::NodeAndExamples>>::allocate","0.0101892","0.060s","0","0s","0.020s","0s","Inlined Function","","21","311","","","","","","","","","","","","","","","","","","","","","","","","","","","","","","","","","","","","alloc_traits.h:613","tof_fork_g","","","","","","","","","","","","","","","","","","","","","","","","","","","","","","","","","","","","","","","","","","","","","","","","","","","","","","","","","","","","","","","","","","","","","","","","",""
"std::__new_allocator<yggdrasil_decision_forests::model::decision_tree::internal::NodeAndExamples>::allocate","0.0101892","0.060s","0.00339667","0.020s","0.020s","0.020s","Inlined Function","","22","309","","","","","","","","","","","","","","","","","","","","","","","","","","","","","","","","","","","","new_allocator.h:126","tof_fork_g","","","","","","","","","","","","","","","","","","","","","","","","","","","","","","","","","","","","","","","","","","","","","","","","","","","","","","","","","","","","","","","","","","","","","","","","",""
"operator new","0.00679279","0.040s","0.00679257","0.040s","0.020s","0.020s","Function","","23","10","","","","","","","","","","","","","","","","","","","","","","","","","","","","","","","","","","","","","libstdc++.so.6","","","","","","","","","","","","","","","","","","","","","","","","","","","","","","","","","","","","","","","","","","","","","","","","","","","","","","","","","","","","","","","","","","","","","","","","",""
"yggdrasil_decision_forests::model::decision_tree::MonotonicConstraintSign","0.00339639","0.020s","0.00339629","0.020s","0.020s","0.020s","Function","","17","374","","","","","0","0","0","0","0.404","0.404","0.135","0.135","0.404","0.404","0.135","0.135","0","0","0.008","0.008","0.008","0.008","0.060","0.060","2.988","2.988","","","","","","","","","","repeated_ptr_field.h","tof_fork_g","","","","","","","","","","","","","","","","","","","","","","","","","","","","","","","","","","","","","","","","","","","","","","","","","","","","","","","","","","","","","","","","","","","","","","","","",""
"yggdrasil_decision_forests::dataset::proto::DataSpecification::DataSpecification","0.00339639","0.020s","0","0s","0.020s","0s","Function","","17","316","","","","","","0","0","0","","0","0","0","","0","0","0","0","0","0","0","0","0","0.103","0.310","","15.505","","Int32","128","AVX","","","","","","data_spec.pb.cc:1241","tof_fork_g","","","","","","","","","","","","","","","","","","","","","","","","","","","","","","","","","","","","","","","","","","","","","","","","","","","","","","","","","","","","","","","","","","","","","","","","",""
"yggdrasil_decision_forests::dataset::proto::DataSpecification::SharedCtor","0.00339639","0.020s","0","0s","0.020s","0s","Inlined Function","","18","320","","","","","","0","0","0","","0","0","0","","0","0","0","0","0","0","0","0","0","0.026","0.207","","10.337","","Int32","128","AVX","","","","","","data_spec.pb.cc:1283","tof_fork_g","","","","","","","","","","","","","","","","","","","","","","","","","","","","","","","","","","","","","","","","","","","","","","","","","","","","","","","","","","","","","","","","","","","","","","","","",""
"yggdrasil_decision_forests::dataset::proto::DataSpecification::Impl_::Impl_","0.00339639","0.020s","0","0s","0.020s","0s","Inlined Function","","19","319","","","","","","0","0","0","","0","0","0","","0","0","0","0","0","0","0","0","0","0.103","0.181","","9.045","","Int32","128","AVX","","","","","","data_spec.pb.cc:1276","tof_fork_g","","","","","","","","","","","","","","","","","","","","","","","","","","","","","","","","","","","","","","","","","","","","","","","","","","","","","","","","","","","","","","","","","","","","","","","","",""
"google::protobuf::RepeatedPtrField<yggdrasil_decision_forests::dataset::proto::Unstacked>::RepeatedPtrField","0.00339639","0.020s","0","0s","0.020s","0s","Inlined Function","","20","318","","","","","","0","","0","","0","","0","","0","","0","","0","","0","","0","","0.078","","3.876","","Int32","128","AVX","","","","","","repeated_ptr_field.h:990","tof_fork_g","","","","","","","","","","","","","","","","","","","","","","","","","","","","","","","","","","","","","","","","","","","","","","","","","","","","","","","","","","","","","","","","","","","","","","","","",""
"google::protobuf::RepeatedPtrField<yggdrasil_decision_forests::dataset::proto::Unstacked>::RepeatedPtrField","0.00339639","0.020s","0","0s","0.020s","0s","Inlined Function","","21","317","","","","","","0","","0","","0","","0","","0","","0","","0","","0","","0","","0.078","","3.876","","Int32","128","AVX","","","","","","repeated_ptr_field.h:1278","tof_fork_g","","","","","","","","","","","","","","","","","","","","","","","","","","","","","","","","","","","","","","","","","","","","","","","","","","","","","","","","","","","","","","","","","","","","","","","","",""
"google::protobuf::internal::RepeatedPtrFieldBase::RepeatedPtrFieldBase","0.00339639","0.020s","0.00339626","0.020s","0.020s","0.020s","Inlined Function","","22","315","","","","","0","0","0","0","0","0","0","0","0","0","0","0","0","0","0","0","0","0","0.078","0.078","3.876","3.876","","Int32","128","AVX","","","","","","repeated_ptr_field.h:158","tof_fork_g","","","","","","","","","","","","","","","","","","","","","","","","","","","","","","","","","","","","","","","","","","","","","","","","","","","","","","","","","","","","","","","","","","","","","","","","",""
"absl::lts_20250814::Status::~Status","0.00339639","0.020s","0.00339607","0.020s","0.020s","0.020s","Function","","17","375","","","","","0","0","0","0","0","0","0","0","0","0","0","0","0","0","0","0","0","0","0.039","0.039","1.938","1.938","","","","","","","","","","status.h:814","tof_fork_g","","","","","","","","","","","","","","","","","","","","","","","","","","","","","","","","","","","","","","","","","","","","","","","","","","","","","","","","","","","","","","","","","","","","","","","","",""
"yggdrasil_decision_forests::model::random_forest::internal::SampleTrainingExamples","0.125667","0.740s","0","0s","0.020s","0s","Function","","13","115","","","","","","< 0.001","0.007","< 0.001","","6.087","0.070","0.485","","6.087","0.077","0.485","< 0.001","< 0.001","< 0.001","0.122","< 0.001","0.122","< 0.001","0.251","","12.562","","UInt16; ","128","AVX; AVX512F_128","","","","","","random_forest.cc","tof_fork_g","316","0","0","0","0","29071404","41992028","0","6460312","0","0","0","0","0","0","0","0","0","0","0","0","0","0","0","6460312","0","0","0","22611092","0","0","0","0","0","3230156","29071404","25841248","284253728","0","0","0","0","0","0","0","0","0","0","0","0","0","0","0","0","0","0","0","0","0","0","0","0","0","0","0","0","0","0","0","0","0","0","0"
"std::__introsort_loop<__gnu_cxx::__normal_iterator<unsigned int*, std::vector<unsigned int, std::allocator<unsigned int>>>, long, __gnu_cxx::__ops::_Iter_less_iter>","0.125667","0.740s","0","0s","0.020s","0s","Function","","14","117","","","","","","0","0","0","","6.087","0.072","0.485","","6.087","0.072","0.485","0","0","< 0.001","0.122","< 0.001","0.122","< 0.001","0.251","","12.562","","","","","","","","","","stl_algo.h","tof_fork_g","","","","","","","","","","","","","","","","","","","","","","","","","","","","","","","","","","","","","","","","","","","","","","","","","","","","","","","","","","","","","","","","","","","","","","","","",""
"[loop in std::__introsort_loop<__gnu_cxx::__normal_iterator<unsigned int*, std::vector<unsigned int, std::allocator<unsigned int>>>, long, __gnu_cxx::__ops::_Iter_less_iter> at stl_algo.h:1841]","0.125667","0.740s","0","0s","0.020s","0s","Scalar","4","15","116","","","","","","0","0","0","","6.087","0.146","0.485","","6.087","0.146","0.485","0","0","< 0.001","0.122","< 0.001","0.122","< 0.001","0.251","","12.560","","","","","","","","","","stl_algo.h:1841","tof_fork_g","","","","","","","","","","","","","","","","","","","","","","","","","","","","","","","","","","","","","","","","","","","","","","","","","","","","","","","","","","","","","","","","","","","","","","","","",""
"std::__introsort_loop<__gnu_cxx::__normal_iterator<unsigned int*, std::vector<unsigned int, std::allocator<unsigned int>>>, long, __gnu_cxx::__ops::_Iter_less_iter>","0.118874","0.700s","0","0s","0.020s","0s","Function","","16","117","","","","","","0","","0","","6.087","","0.485","","6.087","","0.485","","0","","0.122","","0.122","","0.251","","12.559","","","","","","","","","","stl_algo.h","tof_fork_g","","","","","","","","","","","","","","","","","","","","","","","","","","","","","","","","","","","","","","","","","","","","","","","","","","","","","","","","","","","","","","","","","","","","","","","","",""
"[loop in std::__introsort_loop<__gnu_cxx::__normal_iterator<unsigned int*, std::vector<unsigned int, std::allocator<unsigned int>>>, long, __gnu_cxx::__ops::_Iter_less_iter> at stl_algo.h:1841]","0.118874","0.700s","0","0s","0.020s","0s","Scalar","3","17","116","","","","","","0","","0","","6.087","","0.485","","6.087","","0.485","","0","","0.122","","0.122","","0.251","","12.559","","","","","","","","","","stl_algo.h:1841","tof_fork_g","","","","","","","","","","","","","","","","","","","","","","","","","","","","","","","","","","","","","","","","","","","","","","","","","","","","","","","","","","","","","","","","","","","","","","","","",""
"std::__introsort_loop<__gnu_cxx::__normal_iterator<unsigned int*, std::vector<unsigned int, std::allocator<unsigned int>>>, long, __gnu_cxx::__ops::_Iter_less_iter>","0.118874","0.700s","0","0s","0.020s","0s","Function","","18","117","","","","","","0","","0","","6.087","","0.485","","6.087","","0.485","","0","","0.122","","0.122","","0.251","","12.559","","","","","","","","","","stl_algo.h","tof_fork_g","","","","","","","","","","","","","","","","","","","","","","","","","","","","","","","","","","","","","","","","","","","","","","","","","","","","","","","","","","","","","","","","","","","","","","","","",""
"[loop in std::__introsort_loop<__gnu_cxx::__normal_iterator<unsigned int*, std::vector<unsigned int, std::allocator<unsigned int>>>, long, __gnu_cxx::__ops::_Iter_less_iter> at stl_algo.h:1841]","0.118874","0.700s","0.00339639","0.020s","0.020s","0.020s","Scalar","2","19","116","","","","","","0","","0","","6.087","","0.485","","6.087","","0.485","","0","","0.122","","0.122","","0.251","","12.559","","","","","","","","","","stl_algo.h:1841","tof_fork_g","","","","","","","","","","","","","","","","","","","","","","","","","","","","","","","","","","","","","","","","","","","","","","","","","","","","","","","","","","","","","","","","","","","","","","","","",""
"[loop in std::__introsort_loop<__gnu_cxx::__normal_iterator<unsigned int*, std::vector<unsigned int, std::allocator<unsigned int>>>, long, __gnu_cxx::__ops::_Iter_less_iter> at stl_algo.h:1834]","0.115477","0.680s","0.0577385","0.340s","0.020s","0.020s","Scalar","1","20","119","","","","","0","0","0","0","1.153","6.087","0.250","0.485","1.153","6.087","0.250","0.485","0","0","0.023","0.122","0.023","0.122","0.092","0.251","4.610","12.559","","","","","","","","","","stl_algo.h:1834","tof_fork_g","","","","","","","","","","","","","","","","","","","","","","","","","","","","","","","","","","","","","","","","","","","","","","","","","","","","","","","","","","","","","","","","","","","","","","","","",""
"[loop in std::__introsort_loop<__gnu_cxx::__normal_iterator<unsigned int*, std::vector<unsigned int, std::allocator<unsigned int>>>, long, __gnu_cxx::__ops::_Iter_less_iter> at stl_algo.h:1839]","0.0441531","0.260s","0.0441531","0.260s","0.020s","0.020s","Scalar","0","21","118","","","","","0","0","0","0","2.054","2.054","0.500","0.500","2.054","2.054","0.500","0.500","0","0","0.041","0.041","0.041","0.041","0.082","0.082","4.109","4.109","","","","","","","","","","stl_algo.h:1839","tof_fork_g","319","0","0","0","0","0","0","0","0","0","0","0","0","0","0","0","0","0","0","0","0","0","0","0","0","0","0","0","0","0","0","0","0","0","0","0","0","0","0","0","0","0","0","0","0","0","0","0","0","0","0","0","0","0","0","0","0","0","0","0","0","0","0","0","0","0","0","0","0","0","0","0","0"
"[loop in std::__introsort_loop<__gnu_cxx::__normal_iterator<unsigned int*, std::vector<unsigned int, std::allocator<unsigned int>>>, long, __gnu_cxx::__ops::_Iter_less_iter> at stl_algo.h:1836]","0.0135856","0.080s","0.0135718","0.080s","0.020s","0.020s","Scalar","0","21","267","","","","","0","0","0","0","2.880","2.880","0.750","0.750","2.880","2.880","0.750","0.750","0","0","0.058","0.058","0.058","0.058","0.077","0.077","3.840","3.840","","","","","","","","","","stl_algo.h:1836","tof_fork_g","","","","","","","","","","","","","","","","","","","","","","","","","","","","","","","","","","","","","","","","","","","","","","","","","","","","","","","","","","","","","","","","","","","","","","","","",""
"[loop in std::__introsort_loop<__gnu_cxx::__normal_iterator<unsigned int*, std::vector<unsigned int, std::allocator<unsigned int>>>, long, __gnu_cxx::__ops::_Iter_less_iter> at stl_algo.h:1834]","0.00679279","0.040s","0.00339639","0.020s","0.020s","0.020s","Scalar","1","16","119","","","","","","","","","","","","","","","","","","","","","","","","","","","","","","","","","","","","stl_algo.h:1834","tof_fork_g","","","","","","","","","","","","","","","","","","","","","","","","","","","","","","","","","","","","","","","","","","","","","","","","","","","","","","","","","","","","","","","","","","","","","","","","",""
"[loop in std::__introsort_loop<__gnu_cxx::__normal_iterator<unsigned int*, std::vector<unsigned int, std::allocator<unsigned int>>>, long, __gnu_cxx::__ops::_Iter_less_iter> at stl_algo.h:1839]","0.00339639","0.020s","0.00339639","0.020s","0.020s","0.020s","Scalar","0","17","118","","","","","","","","","","","","","","","","","","","","","","","","","","","","","","","","","","","","stl_algo.h:1839","tof_fork_g","","","","","","","","","","","","","","","","","","","","","","","","","","","","","","","","","","","","","","","","","","","","","","","","","","","","","","","","","","","","","","","","","","","","","","","","",""
"fast_csv::ParallelFor<fast_csv::ParseNumericCsv(std::__cxx11::basic_string<char, std::char_traits<char>, std::allocator<char>> const&, std::vector<std::__cxx11::basic_string<char, std::char_traits<char>, std::allocator<char>>, std::allocator<std::__cxx11::basic_string<char, std::char_traits<char>, std::allocator<char>>>> const&, yggdrasil_decision_forests::dataset::proto::DataSpecification const&, yggdrasil_decision_forests::dataset::VerticalDataset*)::$_3>(unsigned long, int, fast_csv::ParseNumericCsv(std::__cxx11::basic_string<char, std::char_traits<char>, std::allocator<char>> const&, std::vector<std::__cxx11::basic_string<char, std::char_traits<char>, std::allocator<char>>, std::allocator<std::__cxx11::basic_string<char, std::char_traits<char>, std::allocator<char>>>> const&, yggdrasil_decision_forests::dataset::proto::DataSpecification const&, yggdrasil_decision_forests::dataset::VerticalDataset*)::$_3&&)::{lambda()#1}::operator()","5.49537","32.360s","0","0s","0.820s","0s","Function","","6","90","","","","","","0","","0","","240.942","","0.434","","240.942","","0.434","","0","","197.572","","197.572","","454.774","","554.602","","Int32","128","AVX","","","","","","train_oblique_forest.cc:575","tof_fork_g","","","","","","","","","","","","","","","","","","","","","","","","","","","","","","","","","","","","","","","","","","","","","","","","","","","","","","","","","","","","","","","","","","","","","","","","",""
"[loop in fast_csv::ParallelFor<fast_csv::ParseNumericCsv(std::__cxx11::basic_string<char, std::char_traits<char>, std::allocator<char>> const&, std::vector<std::__cxx11::basic_string<char, std::char_traits<char>, std::allocator<char>>, std::allocator<std::__cxx11::basic_string<char, std::char_traits<char>, std::allocator<char>>>> const&, yggdrasil_decision_forests::dataset::proto::DataSpecification const&, yggdrasil_decision_forests::dataset::VerticalDataset*)::$_3>(unsigned long, int, fast_csv::ParseNumericCsv(std::__cxx11::basic_string<char, std::char_traits<char>, std::allocator<char>> const&, std::vector<std::__cxx11::basic_string<char, std::char_traits<char>, std::allocator<char>>, std::allocator<std::__cxx11::basic_string<char, std::char_traits<char>, std::allocator<char>>>> const&, yggdrasil_decision_forests::dataset::proto::DataSpecification const&, yggdrasil_decision_forests::dataset::VerticalDataset*)::$_3&&)::{lambda()#1}::operator() at train_oblique_forest.cc:578]","5.49537","32.360s","0","0s","0.820s","0s","Scalar","3","7","93","","","","","","0","","0","","240.942","","0.434","","240.942","","0.434","","0","","197.572","","197.572","","454.774","","554.602","","Int32","128","AVX","","","","","","train_oblique_forest.cc:578","tof_fork_g","","","","","","","","","","","","","","","","","","","","","","","","","","","","","","","","","","","","","","","","","","","","","","","","","","","","","","","","","","","","","","","","","","","","","","","","",""
"fast_csv::ParseNumericCsv(std::__cxx11::basic_string<char, std::char_traits<char>, std::allocator<char>> const&, std::vector<std::__cxx11::basic_string<char, std::char_traits<char>, std::allocator<char>>, std::allocator<std::__cxx11::basic_string<char, std::char_traits<char>, std::allocator<char>>>> const&, yggdrasil_decision_forests::dataset::proto::DataSpecification const&, yggdrasil_decision_forests::dataset::VerticalDataset*)::$_3::operator()","5.49537","32.360s","0","0s","0.820s","0s","Inlined Function","","8","92","","","","","","0","","0","","240.942","","0.434","","240.942","","0.434","","0","","197.572","","197.572","","454.774","","554.602","","Int32","128","AVX","","","","","","train_oblique_forest.cc:806","tof_fork_g","","","","","","","","","","","","","","","","","","","","","","","","","","","","","","","","","","","","","","","","","","","","","","","","","","","","","","","","","","","","","","","","","","","","","","","","",""
"[loop in fast_csv::ParseNumericCsv(std::__cxx11::basic_string<char, std::char_traits<char>, std::allocator<char>> const&, std::vector<std::__cxx11::basic_string<char, std::char_traits<char>, std::allocator<char>>, std::allocator<std::__cxx11::basic_string<char, std::char_traits<char>, std::allocator<char>>>> const&, yggdrasil_decision_forests::dataset::proto::DataSpecification const&, yggdrasil_decision_forests::dataset::VerticalDataset*)::$_3::operator() at train_oblique_forest.cc:806]","5.49537","32.360s","0","0s","0.820s","0s","Scalar","2","9","91","","","","","","0","","0","","240.942","","0.434","","240.942","","0.434","","0","","197.572","","197.572","","454.774","","554.602","","","","","","","","","","train_oblique_forest.cc:806","tof_fork_g","","","","","","","","","","","","","","","","","","","","","","","","","","","","","","","","","","","","","","","","","","","","","","","","","","","","","","","","","","","","","","","","","","","","","","","","",""
"[loop in fast_csv::ParseNumericCsv(std::__cxx11::basic_string<char, std::char_traits<char>, std::allocator<char>> const&, std::vector<std::__cxx11::basic_string<char, std::char_traits<char>, std::allocator<char>>, std::allocator<std::__cxx11::basic_string<char, std::char_traits<char>, std::allocator<char>>>> const&, yggdrasil_decision_forests::dataset::proto::DataSpecification const&, yggdrasil_decision_forests::dataset::VerticalDataset*)::$_3::operator() at train_oblique_forest.cc:826]","5.29498","31.180s","0.815131","4.800s","0.820s","0.200s","Scalar","1","10","89","","","","","","0","","0","","240.942","","0.434","","240.942","","0.434","","0","","197.572","","197.572","","454.774","","554.602","","Int32","","","","","","","","train_oblique_forest.cc:826","tof_fork_g","","","","","","","","","","","","","","","","","","","","","","","","","","","","","","","","","","","","","","","","","","","","","","","","","","","","","","","","","","","","","","","","","","","","","","","","",""
"fast_csv::ParseCell","4.32361","25.460s","0.0407559","0.240s","0.720s","0.040s","Inlined Function","","11","88","","","","","","0","","0","","274.404","","0.434","","274.404","","0.434","","0","","197.572","","197.572","","454.774","","631.625","","","","","","","","","","train_oblique_forest.cc:639","tof_fork_g","73","0","0","0","0","48","96","0","0","0","0","0","0","0","0","0","0","0","0","0","0","0","0","0","0","0","0","0","48","0","0","0","0","0","48","0","96","0","0","0","0","0","0","0","0","0","0","0","0","0","0","0","0","0","0","0","0","0","0","0","0","0","0","0","0","0","0","0","0","0","0","0","0"
"absl::lts_20250814::SimpleAtof","4.28285","25.220s","0.258128","1.520s","0.720s","0.120s","Function","","12","94","","","","","0","0","0","0","126.754","274.404","0.655","0.434","126.754","274.404","0.655","0.434","0","0","15.210","197.572","15.210","197.572","23.213","454.774","193.450","631.625","","","","","","","","","","numbers.cc","tof_fork_g","","","","","","","","","","","","","","","","","","","","","","","","","","","","","","","","","","","","","","","","","","","","","","","","","","","","","","","","","","","","","","","","","","","","","","","","",""
"absl::lts_20250814::from_chars","3.96699","23.360s","1.05967","6.240s","0.700s","0.240s","Function","","13","95","","","","","0","0","0","0","125.032","260.517","0.185","0.426","125.032","260.517","0.185","0.426","0","0","30.009","182.362","30.009","182.362","162.265","428.361","676.076","611.943","","","128","AVX512DQ_128","","","","","","charconv.cc","tof_fork_g","105","0","0","0","0","0","1090553130","0","0","0","0","0","0","0","0","0","0","0","0","0","0","0","0","0","0","0","0","0","0","0","0","0","0","0","545276565","0","545276565","0","0","0","0","0","0","0","0","0","0","0","0","0","0","0","0","0","0","0","0","0","0","0","0","0","0","0","0","0","0","0","0","0","0","0","0"
"absl::lts_20250814::strings_internal::ParseFloat<(int)10>","2.90731","17.120s","0.988337","5.820s","0.600s","0.320s","Function","","14","97","","","","","0","0","0","0","200.431","253.923","0.348","0.573","200.431","253.923","0.348","0.573","0","0","64.136","152.353","64.136","152.353","184.075","266.096","575.249","443.495","","Int32","128","AVX","","","","","","charconv_parse.cc","tof_fork_g","","","","","","","","","","","","","","","","","","","","","","","","","","","","","","","","","","","","","","","","","","","","","","","","","","","","","","","","","","","","","","","","","","","","","","","","",""
"[loop in absl::lts_20250814::strings_internal::ParseFloat<(int)10> at charconv_parse.cc:184]","1.64386","9.680s","1.64386","9.680s","0.420s","0.420s","Scalar","0","15","96","","","","","0","0","0","0","179.724","179.724","6.000","6.000","179.724","179.724","6.000","6.000","0","0","75.485","75.485","75.485","75.485","12.581","12.581","29.954","29.954","","","","","","","","","","charconv_parse.cc:184","tof_fork_g","","","","","","","","","","","","","","","","","","","","","","","","","","","","","","","","","","","","","","","","","","","","","","","","","","","","","","","","","","","","","","","","","","","","","","","","",""
"absl::lts_20250814::(anonymous namespace)::ParseInfinityOrNan","0.125667","0.740s","0.125669","0.740s","0.080s","0.080s","Function","","15","101","","","","","0","0","0","0","50.016","50.016","0.062","0.062","50.016","50.016","0.062","0.062","0","0","4.001","4.001","4.001","4.001","64.832","64.832","810.418","810.418","","","","","","","","","","charconv_parse.cc","tof_fork_g","112","432","432","0","0","2448","2832","0","0","0","0","0","0","0","0","0","432","0","0","0","0","0","0","0","0","0","0","0","2448","0","0","0","0","0","1056","1008","8448","8064","0","0","0","0","0","0","0","0","0","0","0","0","0","0","0","0","0","0","48","0","144","0","0","0","0","0","0","0","0","0","0","0","0","0","0"
"[loop in absl::lts_20250814::strings_internal::ParseFloat<(int)10> at charconv_parse.cc:266]","0.0849099","0.500s","0","0s","0.040s","0s","Scalar Versions","0","15","384","","","","","","0","","0","","115.359","","3.540","","115.359","","3.540","","0","","4.614","","4.614","","1.303","","32.585","","","","","","","","","","charconv_parse.cc:266","tof_fork_g","215","4414384064","4414384064","0","0","18290752662","8862102772","0","0","0","0","0","0","0","0","0","4414384064","0","0","0","0","0","0","0","0","0","0","0","13877271466","0","0","0","0","0","103071450","0","206142900","0","0","0","0","0","0","0","0","0","0","0","0","0","0","0","0","0","0","0","0","0","631993872","0","0","0","0","0","0","0","0","0","0","0","0","0","0"
"[loop in absl::lts_20250814::strings_internal::ParseFloat<(int)10> at charconv_parse.cc:266]","0.0475495","0.280s","0.0475492","0.280s","0.040s","0.040s","Scalar","0","15","103","","","","","0","0","0","0","71.842","71.842","2.725","2.725","71.842","71.842","2.725","2.725","0","0","2.874","2.874","2.874","2.874","1.055","1.055","26.369","26.369","","","","","","","","","","charconv_parse.cc:266","tof_fork_g","215","4414384064","4414384064","0","0","18290752662","8862102772","0","0","0","0","0","0","0","0","0","4414384064","0","0","0","0","0","0","0","0","0","0","0","13877271466","0","0","0","0","0","103071450","0","206142900","0","0","0","0","0","0","0","0","0","0","0","0","0","0","0","0","0","0","0","0","0","631993872","0","0","0","0","0","0","0","0","0","0","0","0","0","0"
"[loop in absl::lts_20250814::strings_internal::ParseFloat<(int)10> at charconv_parse.cc:266]","0.0373603","0.220s","0.03736","0.220s","0.040s","0.040s","Scalar","0","15","104","","","","","0","0","0","0","43.519","43.519","7.000","7.000","43.519","43.519","7.000","7.000","0","0","1.741","1.741","1.741","1.741","0.249","0.249","6.217","6.217","","","","","","","","","","charconv_parse.cc:266","tof_fork_g","","","","","","","","","","","","","","","","","","","","","","","","","","","","","","","","","","","","","","","","","","","","","","","","","","","","","","","","","","","","","","","","","","","","","","","","",""
"[loop in absl::lts_20250814::strings_internal::ParseFloat<(int)10> at charconv_parse.cc:368]","0.0339639","0.200s","0.0339633","0.200s","0.040s","0.040s","Scalar","0","15","98","","","","","0","0","0","0","33.632","33.632","1.000","1.000","33.632","33.632","1.000","1.000","0","0","1.345","1.345","1.345","1.345","1.345","1.345","33.632","33.632","","","","","","","","","","charconv_parse.cc:368","tof_fork_g","96","6290348298","6290348298","0","0","69194178953","201292455520","0","0","0","0","0","0","0","0","0","6290348298","0","0","0","0","0","0","0","0","0","0","0","69194178953","0","0","0","0","0","31452008449","0","31452008449","0","0","0","0","0","0","0","0","0","0","0","0","0","0","0","0","0","0","0","6290348298","0","0","0","0","0","0","0","0","0","0","0","0","0","0","0","0"
"[loop in absl::lts_20250814::strings_internal::ParseFloat<(int)10> at charconv_parse.cc:277]","0.0237748","0.140s","0.0237737","0.140s","0.020s","0.020s","Scalar","0","15","102","","","","","0","0","0","0","79.999","79.999","2.000","2.000","79.999","79.999","2.000","2.000","0","0","1.600","1.600","1.600","1.600","0.800","0.800","39.999","39.999","","","","","","","","","","charconv_parse.cc:277","tof_fork_g","","","","","","","","","","","","","","","","","","","","","","","","","","","","","","","","","","","","","","","","","","","","","","","","","","","","","","","","","","","","","","","","","","","","","","","","",""
"[loop in absl::lts_20250814::strings_internal::ParseFloat<(int)10> at charconv_parse.cc:398]","0.00339639","0.020s","0.00339694","0.020s","0.020s","0.020s","Scalar","0","15","106","","","","","0","0","0","0","31.315","31.315","1.020","1.020","31.315","31.315","1.020","1.020","0","0","0.626","0.626","0.626","0.626","0.614","0.614","30.699","30.699","","","","","","","","","","charconv_parse.cc:398","tof_fork_g","303","0","0","0","0","0","0","0","0","0","0","0","0","0","0","0","0","0","0","0","0","0","0","0","0","0","0","0","0","0","0","0","0","0","0","0","0","0","0","0","0","0","0","0","0","0","0","0","0","0","0","0","0","0","0","0","0","0","0","0","0","0","0","0","0","0","0","0","0","0","0","0","0"
"[loop in absl::lts_20250814::strings_internal::ParseFloat<(int)10> at charconv_parse.cc:261]","0.00339639","0.020s","0.00339679","0.020s","0.020s","0.020s","Scalar","0","15","105","","","","","0","0","0","0","27.261","27.261","1.000","1.000","27.261","27.261","1.000","1.000","0","0","0.545","0.545","0.545","0.545","0.545","0.545","27.261","27.261","","","","","","","","","","charconv_parse.cc:261","tof_fork_g","300","0","0","0","0","0","6460306","0","0","0","0","0","0","0","0","0","0","0","0","0","0","0","0","0","0","0","0","0","0","0","0","0","0","0","3230153","0","12920612","0","0","0","0","0","0","0","0","0","0","0","0","0","0","0","0","0","0","0","0","0","0","0","0","0","0","0","0","0","0","0","0","0","0","0","0"
"[loop in absl::lts_20250814::SimpleAtof at stl_algobase.h:2095]","0.0577387","0.340s","0","0s","0.040s","0s","Scalar Versions","0","13","383","","","","","","0","","0","","0","","0","","0","","0","","0","","0","","0","","3.200","","79.995","","","","","","","","","","stl_algobase.h:2095","tof_fork_g","102","0","0","0","0","800000000","3200000000","0","0","0","0","0","0","0","0","0","0","0","0","0","0","0","0","0","0","0","0","0","800000000","0","0","0","0","0","800000000","0","800000000","0","0","0","0","0","0","0","0","0","0","0","0","0","0","0","0","0","0","0","0","0","0","0","0","0","0","0","0","0","0","0","0","0","0","0","0"
"[loop in absl::lts_20250814::SimpleAtof at stl_algobase.h:2095]","0.0543423","0.320s","0.0543437","0.320s","0.040s","0.040s","Scalar","0","13","100","","","","","0","0","0","0","0","0","0","0","0","0","0","0","0","0","0","0","0","0","1.600","1.600","39.998","39.998","","","","","","","","","","stl_algobase.h:2095","tof_fork_g","102","0","0","0","0","800000000","3200000000","0","0","0","0","0","0","0","0","0","0","0","0","0","0","0","0","0","0","0","0","0","800000000","0","0","0","0","0","800000000","0","800000000","0","0","0","0","0","0","0","0","0","0","0","0","0","0","0","0","0","0","0","0","0","0","0","0","0","0","0","0","0","0","0","0","0","0","0","0"
"[loop in absl::lts_20250814::SimpleAtof at stl_algobase.h:2095]","0.00339639","0.020s","0.00339645","0.020s","0.020s","0.020s","Scalar","0","13","107","","","","","0","0","0","0","0","0","0","0","0","0","0","0","0","0","0","0","0","0","1.600","1.600","79.999","79.999","","","","","","","","","","stl_algobase.h:2095","tof_fork_g","","","","","","","","","","","","","","","","","","","","","","","","","","","","","","","","","","","","","","","","","","","","","","","","","","","","","","","","","","","","","","","","","","","","","","","","",""
"func@0x7b2310","0.0950991","0.560s","0.095104","0.560s","0.060s","0.060s","Function","","11","99","","","","","","","","","","","","","","","","","","","","","","","","","","","","","","","","","","","","","tof_fork_g","101","8802800007","8802800007","0","0","15205200013","31212400031","0","0","0","0","0","0","0","0","0","8802800007","0","0","0","0","0","0","0","0","0","0","0","15205200013","0","0","0","0","0","1600000000","12006000015","1600000000","96048000120","0","0","0","0","0","0","0","0","0","0","0","0","0","0","0","0","0","0","1600000000","0","2401200003","0","0","0","0","0","0","0","0","0","0","0","0","0","0"
"func@0x1b2a00","0.0611351","0.360s","0.0611353","0.360s","0.040s","0.040s","Function","","11","18","","","","","","","","","","","","","","","","","","","","","","","","","","","","UInt32; ; ","256","AVX2; AVX512BW_256; AVX512F_256","","","","","","","libc.so.6","93","0","0","0","0","4608","6528","0","0","0","0","0","0","0","0","0","0","0","0","0","0","0","0","0","0","0","0","0","4608","0","0","0","0","0","4224","0","31104","0","1152","1152","0","0","0","0","0","0","0","0","0","1152","0","0","0","0","0","0","768","0","0","0","0","0","0","0","0","0","0","0","0","0","0","0","0"
"func@0x1b2a00","0.200387","1.180s","0.200387","1.180s","0.080s","0.080s","Function","","10","18","","","","","","","","","","","","","","","","","","","","","","","","","","","","UInt32; ; ","256","AVX2; AVX512BW_256; AVX512F_256","","","","","","","libc.so.6","","","","","","","","","","","","","","","","","","","","","","","","","","","","","","","","","","","","","","","","","","","","","","","","","","","","","","","","","","","","","","","","","","","","","","","","",""
"fast_csv::ParallelFor<fast_csv::ParseNumericCsv(std::__cxx11::basic_string<char, std::char_traits<char>, std::allocator<char>> const&, std::vector<std::__cxx11::basic_string<char, std::char_traits<char>, std::allocator<char>>, std::allocator<std::__cxx11::basic_string<char, std::char_traits<char>, std::allocator<char>>>> const&, yggdrasil_decision_forests::dataset::proto::DataSpecification const&, yggdrasil_decision_forests::dataset::VerticalDataset*)::$_1>(unsigned long, int, fast_csv::ParseNumericCsv(std::__cxx11::basic_string<char, std::char_traits<char>, std::allocator<char>> const&, std::vector<std::__cxx11::basic_string<char, std::char_traits<char>, std::allocator<char>>, std::allocator<std::__cxx11::basic_string<char, std::char_traits<char>, std::allocator<char>>>> const&, yggdrasil_decision_forests::dataset::proto::DataSpecification const&, yggdrasil_decision_forests::dataset::VerticalDataset*)::$_1&&)::{lambda()#1}::operator()","0.967972","5.700s","0","0s","0.200s","0s","Function","","6","49","","","","","","","","","","","","","","","","","","","","","","","","","","","","","","","","","","","","train_oblique_forest.cc:575","tof_fork_g","","","","","","","","","","","","","","","","","","","","","","","","","","","","","","","","","","","","","","","","","","","","","","","","","","","","","","","","","","","","","","","","","","","","","","","","",""
"[loop in fast_csv::ParallelFor<fast_csv::ParseNumericCsv(std::__cxx11::basic_string<char, std::char_traits<char>, std::allocator<char>> const&, std::vector<std::__cxx11::basic_string<char, std::char_traits<char>, std::allocator<char>>, std::allocator<std::__cxx11::basic_string<char, std::char_traits<char>, std::allocator<char>>>> const&, yggdrasil_decision_forests::dataset::proto::DataSpecification const&, yggdrasil_decision_forests::dataset::VerticalDataset*)::$_1>(unsigned long, int, fast_csv::ParseNumericCsv(std::__cxx11::basic_string<char, std::char_traits<char>, std::allocator<char>> const&, std::vector<std::__cxx11::basic_string<char, std::char_traits<char>, std::allocator<char>>, std::allocator<std::__cxx11::basic_string<char, std::char_traits<char>, std::allocator<char>>>> const&, yggdrasil_decision_forests::dataset::proto::DataSpecification const&, yggdrasil_decision_forests::dataset::VerticalDataset*)::$_1&&)::{lambda()#1}::operator() at train_oblique_forest.cc:575]","0.967972","5.700s","0","0s","0.200s","0s","Scalar","1","7","48","","","","","","","","","","","","","","","","","","","","","","","","","","","","","","","","","","","","train_oblique_forest.cc:575","tof_fork_g","","","","","","","","","","","","","","","","","","","","","","","","","","","","","","","","","","","","","","","","","","","","","","","","","","","","","","","","","","","","","","","","","","","","","","","","",""
"fast_csv::ParseNumericCsv(std::__cxx11::basic_string<char, std::char_traits<char>, std::allocator<char>> const&, std::vector<std::__cxx11::basic_string<char, std::char_traits<char>, std::allocator<char>>, std::allocator<std::__cxx11::basic_string<char, std::char_traits<char>, std::allocator<char>>>> const&, yggdrasil_decision_forests::dataset::proto::DataSpecification const&, yggdrasil_decision_forests::dataset::VerticalDataset*)::$_1::operator()","0.967972","5.700s","0","0s","0.200s","0s","Inlined Function","","8","47","","","","","","","","","","","","","","","","","","","","","","","","","","","","","","","","","","","","train_oblique_forest.cc:740","tof_fork_g","","","","","","","","","","","","","","","","","","","","","","","","","","","","","","","","","","","","","","","","","","","","","","","","","","","","","","","","","","","","","","","","","","","","","","","","",""
"[loop in fast_csv::ParseNumericCsv(std::__cxx11::basic_string<char, std::char_traits<char>, std::allocator<char>> const&, std::vector<std::__cxx11::basic_string<char, std::char_traits<char>, std::allocator<char>>, std::allocator<std::__cxx11::basic_string<char, std::char_traits<char>, std::allocator<char>>>> const&, yggdrasil_decision_forests::dataset::proto::DataSpecification const&, yggdrasil_decision_forests::dataset::VerticalDataset*)::$_1::operator() at train_oblique_forest.cc:740]","0.716639","4.220s","0","0s","0.160s","0s","Scalar Versions","0","9","382","","","","","","","","","","","","","","","","","","","","","","","","","","","","","","","","","","","","train_oblique_forest.cc:740","tof_fork_g","","","","","","","","","","","","","","","","","","","","","","","","","","","","","","","","","","","","","","","","","","","","","","","","","","","","","","","","","","","","","","","","","","","","","","","","",""
"[loop in fast_csv::ParseNumericCsv(std::__cxx11::basic_string<char, std::char_traits<char>, std::allocator<char>> const&, std::vector<std::__cxx11::basic_string<char, std::char_traits<char>, std::allocator<char>>, std::allocator<std::__cxx11::basic_string<char, std::char_traits<char>, std::allocator<char>>>> const&, yggdrasil_decision_forests::dataset::proto::DataSpecification const&, yggdrasil_decision_forests::dataset::VerticalDataset*)::$_1::operator() at train_oblique_forest.cc:740]","0.377","2.220s","0","0s","0.100s","0s","Scalar","0","9","51","","","","","","","","","","","","","","","","","","","","","","","","","","","","","","","","","","","","train_oblique_forest.cc:740","tof_fork_g","","","","","","","","","","","","","","","","","","","","","","","","","","","","","","","","","","","","","","","","","","","","","","","","","","","","","","","","","","","","","","","","","","","","","","","","",""
"func@0x1b2a00","0.377","2.220s","0.376976","2.220s","0.100s","0.100s","Function","","10","18","","","","","","","","","","","","","","","","","","","","","","","","","","","","UInt32; ; ","256","AVX2; AVX512BW_256; AVX512F_256","","","","","","","libc.so.6","","","","","","","","","","","","","","","","","","","","","","","","","","","","","","","","","","","","","","","","","","","","","","","","","","","","","","","","","","","","","","","","","","","","","","","","",""
"[loop in fast_csv::ParseNumericCsv(std::__cxx11::basic_string<char, std::char_traits<char>, std::allocator<char>> const&, std::vector<std::__cxx11::basic_string<char, std::char_traits<char>, std::allocator<char>>, std::allocator<std::__cxx11::basic_string<char, std::char_traits<char>, std::allocator<char>>>> const&, yggdrasil_decision_forests::dataset::proto::DataSpecification const&, yggdrasil_decision_forests::dataset::VerticalDataset*)::$_1::operator() at train_oblique_forest.cc:740]","0.339639","2.000s","0","0s","0.080s","0s","Scalar","0","9","50","","","","","","","","","","","","","","","","","","","","","","","","","","","","","","","","","","","","train_oblique_forest.cc:740","tof_fork_g","","","","","","","","","","","","","","","","","","","","","","","","","","","","","","","","","","","","","","","","","","","","","","","","","","","","","","","","","","","","","","","","","","","","","","","","",""
"func@0x1b2a00","0.339639","2.000s","0.339665","2.000s","0.080s","0.080s","Function","","10","18","","","","","","","","","","","","","","","","","","","","","","","","","","","","UInt32; ; ","256","AVX2; AVX512BW_256; AVX512F_256","","","","","","","libc.so.6","","","","","","","","","","","","","","","","","","","","","","","","","","","","","","","","","","","","","","","","","","","","","","","","","","","","","","","","","","","","","","","","","","","","","","","","",""
"func@0x1b2a00","0.251333","1.480s","0.251332","1.480s","0.080s","0.080s","Function","","9","18","","","","","","","","","","","","","","","","","","","","","","","","","","","","UInt32; ; ","256","AVX2; AVX512BW_256; AVX512F_256","","","","","","","libc.so.6","","","","","","","","","","","","","","","","","","","","","","","","","","","","","","","","","","","","","","","","","","","","","","","","","","","","","","","","","","","","","","","","","","","","","","","","",""
"std::thread::_State_impl<std::thread::_Invoker<std::tuple<fast_csv::ParallelFor<fast_csv::ParseNumericCsv(std::__cxx11::basic_string<char, std::char_traits<char>, std::allocator<char>> const&, std::vector<std::__cxx11::basic_string<char, std::char_traits<char>, std::allocator<char>>, std::allocator<std::__cxx11::basic_string<char, std::char_traits<char>, std::allocator<char>>>> const&, yggdrasil_decision_forests::dataset::proto::DataSpecification const&, yggdrasil_decision_forests::dataset::VerticalDataset*)::$_2>(void, unsigned long, int, fast_csv::ParseNumericCsv(std::__cxx11::basic_string<char, std::char_traits<char>, std::allocator<char>> const&, std::vector<std::__cxx11::basic_string<char, std::char_traits<char>, std::allocator<char>>, std::allocator<std::__cxx11::basic_string<char, std::char_traits<char>, std::allocator<char>>>> const&, yggdrasil_decision_forests::dataset::proto::DataSpecification const&, yggdrasil_decision_forests::dataset::VerticalDataset*)::$_2&&)::{lambda()#1}>>>::_M_run","0.54682","3.220s","0","0s","0.080s","0s","Function","","6","72","","","","","","0","","0","","< 0.001","","0.125","","< 0.001","","0.125","","0","","< 0.001","","< 0.001","","< 0.001","","0.002","","","","","","","","","","std_thread.h:255","tof_fork_g","","","","","","","","","","","","","","","","","","","","","","","","","","","","","","","","","","","","","","","","","","","","","","","","","","","","","","","","","","","","","","","","","","","","","","","","",""
"std::thread::_Invoker<std::tuple<fast_csv::ParallelFor<fast_csv::ParseNumericCsv(std::__cxx11::basic_string<char, std::char_traits<char>, std::allocator<char>> const&, std::vector<std::__cxx11::basic_string<char, std::char_traits<char>, std::allocator<char>>, std::allocator<std::__cxx11::basic_string<char, std::char_traits<char>, std::allocator<char>>>> const&, yggdrasil_decision_forests::dataset::proto::DataSpecification const&, yggdrasil_decision_forests::dataset::VerticalDataset*)::$_2>(void, unsigned long, int, fast_csv::ParseNumericCsv(std::__cxx11::basic_string<char, std::char_traits<char>, std::allocator<char>> const&, std::vector<std::__cxx11::basic_string<char, std::char_traits<char>, std::allocator<char>>, std::allocator<std::__cxx11::basic_string<char, std::char_traits<char>, std::allocator<char>>>> const&, yggdrasil_decision_forests::dataset::proto::DataSpecification const&, yggdrasil_decision_forests::dataset::VerticalDataset*)::$_2&&)::{lambda()#1}>>::operator()","0.54682","3.220s","0","0s","0.080s","0s","Inlined Function","","7","77","","","","","","0","","0","","< 0.001","","0.125","","< 0.001","","0.125","","0","","< 0.001","","< 0.001","","< 0.001","","0.002","","","","","","","","","","std_thread.h:306","tof_fork_g","","","","","","","","","","","","","","","","","","","","","","","","","","","","","","","","","","","","","","","","","","","","","","","","","","","","","","","","","","","","","","","","","","","","","","","","",""
"_ZNSt6thread8_InvokerISt5tupleIJZN8fast_csv11ParallelForIZNS2_15ParseNumericCsvERKNSt7__cxx1112basic_stringIcSt11char_traitsIcESaIcEEERKSt6vectorIS9_SaIS9_EERKN26yggdrasil_decision_forests7dataset5proto17DataSpecificationEPNSI_15VerticalDatasetEE3$_2EEvmiOT_EUlvE_EEE9_M_invokeIJLm0EEEEvSt12_Index_tupleIJXspT_EEE","0.54682","3.220s","0","0s","0.080s","0s","Inlined Function","","8","76","","","","","","0","","0","","< 0.001","","0.125","","< 0.001","","0.125","","0","","< 0.001","","< 0.001","","< 0.001","","0.002","","","","","","","","","","std_thread.h:302","tof_fork_g","","","","","","","","","","","","","","","","","","","","","","","","","","","","","","","","","","","","","","","","","","","","","","","","","","","","","","","","","","","","","","","","","","","","","","","","",""
"std::__invoke<fast_csv::ParallelFor<fast_csv::ParseNumericCsv(std::__cxx11::basic_string<char, std::char_traits<char>, std::allocator<char>> const&, std::vector<std::__cxx11::basic_string<char, std::char_traits<char>, std::allocator<char>>, std::allocator<std::__cxx11::basic_string<char, std::char_traits<char>, std::allocator<char>>>> const&, yggdrasil_decision_forests::dataset::proto::DataSpecification const&, yggdrasil_decision_forests::dataset::VerticalDataset*)::$_2>(void, unsigned long, int, fast_csv::ParseNumericCsv(std::__cxx11::basic_string<char, std::char_traits<char>, std::allocator<char>> const&, std::vector<std::__cxx11::basic_string<char, std::char_traits<char>, std::allocator<char>>, std::allocator<std::__cxx11::basic_string<char, std::char_traits<char>, std::allocator<char>>>> const&, yggdrasil_decision_forests::dataset::proto::DataSpecification const&, yggdrasil_decision_forests::dataset::VerticalDataset*)::$_2&&)::{lambda()#1}>","0.54682","3.220s","0","0s","0.080s","0s","Inlined Function","","9","75","","","","","","0","","0","","< 0.001","","0.125","","< 0.001","","0.125","","0","","< 0.001","","< 0.001","","< 0.001","","0.002","","","","","","","","","","invoke.h:92","tof_fork_g","","","","","","","","","","","","","","","","","","","","","","","","","","","","","","","","","","","","","","","","","","","","","","","","","","","","","","","","","","","","","","","","","","","","","","","","",""
"std::__invoke_impl<void, fast_csv::ParallelFor<fast_csv::ParseNumericCsv(std::__cxx11::basic_string<char, std::char_traits<char>, std::allocator<char>> const&, std::vector<std::__cxx11::basic_string<char, std::char_traits<char>, std::allocator<char>>, std::allocator<std::__cxx11::basic_string<char, std::char_traits<char>, std::allocator<char>>>> const&, yggdrasil_decision_forests::dataset::proto::DataSpecification const&, yggdrasil_decision_forests::dataset::VerticalDataset*)::$_2>(void, unsigned long, int, void&&)::{lambda()#1}>","0.54682","3.220s","0","0s","0.080s","0s","Inlined Function","","10","74","","","","","","0","","0","","< 0.001","","0.125","","< 0.001","","0.125","","0","","< 0.001","","< 0.001","","< 0.001","","0.002","","","","","","","","","","invoke.h:62","tof_fork_g","","","","","","","","","","","","","","","","","","","","","","","","","","","","","","","","","","","","","","","","","","","","","","","","","","","","","","","","","","","","","","","","","","","","","","","","",""
"fast_csv::ParallelFor<fast_csv::ParseNumericCsv(std::__cxx11::basic_string<char, std::char_traits<char>, std::allocator<char>> const&, std::vector<std::__cxx11::basic_string<char, std::char_traits<char>, std::allocator<char>>, std::allocator<std::__cxx11::basic_string<char, std::char_traits<char>, std::allocator<char>>>> const&, yggdrasil_decision_forests::dataset::proto::DataSpecification const&, yggdrasil_decision_forests::dataset::VerticalDataset*)::$_2>(unsigned long, int, fast_csv::ParseNumericCsv(std::__cxx11::basic_string<char, std::char_traits<char>, std::allocator<char>> const&, std::vector<std::__cxx11::basic_string<char, std::char_traits<char>, std::allocator<char>>, std::allocator<std::__cxx11::basic_string<char, std::char_traits<char>, std::allocator<char>>>> const&, yggdrasil_decision_forests::dataset::proto::DataSpecification const&, yggdrasil_decision_forests::dataset::VerticalDataset*)::$_2&&)::{lambda()#1}::operator()","0.54682","3.220s","0","0s","0.080s","0s","Inlined Function","","11","73","","","","","","0","","0","","< 0.001","","0.125","","< 0.001","","0.125","","0","","< 0.001","","< 0.001","","< 0.001","","0.002","","","","","","","","","","train_oblique_forest.cc:575","tof_fork_g","","","","","","","","","","","","","","","","","","","","","","","","","","","","","","","","","","","","","","","","","","","","","","","","","","","","","","","","","","","","","","","","","","","","","","","","",""
"[loop in fast_csv::ParallelFor<fast_csv::ParseNumericCsv(std::__cxx11::basic_string<char, std::char_traits<char>, std::allocator<char>> const&, std::vector<std::__cxx11::basic_string<char, std::char_traits<char>, std::allocator<char>>, std::allocator<std::__cxx11::basic_string<char, std::char_traits<char>, std::allocator<char>>>> const&, yggdrasil_decision_forests::dataset::proto::DataSpecification const&, yggdrasil_decision_forests::dataset::VerticalDataset*)::$_2>(unsigned long, int, fast_csv::ParseNumericCsv(std::__cxx11::basic_string<char, std::char_traits<char>, std::allocator<char>> const&, std::vector<std::__cxx11::basic_string<char, std::char_traits<char>, std::allocator<char>>, std::allocator<std::__cxx11::basic_string<char, std::char_traits<char>, std::allocator<char>>>> const&, yggdrasil_decision_forests::dataset::proto::DataSpecification const&, yggdrasil_decision_forests::dataset::VerticalDataset*)::$_2&&)::{lambda()#1}::operator() at train_oblique_forest.cc:578]","0.54682","3.220s","0","0s","0.080s","0s","Scalar","0","12","71","","","","","","0","","0","","< 0.001","","0.125","","< 0.001","","0.125","","0","","< 0.001","","< 0.001","","< 0.001","","0.002","","","","","","","","","","train_oblique_forest.cc:578","tof_fork_g","","","","","","","","","","","","","","","","","","","","","","","","","","","","","","","","","","","","","","","","","","","","","","","","","","","","","","","","","","","","","","","","","","","","","","","","",""
"fast_csv::ParseNumericCsv(std::__cxx11::basic_string<char, std::char_traits<char>, std::allocator<char>> const&, std::vector<std::__cxx11::basic_string<char, std::char_traits<char>, std::allocator<char>>, std::allocator<std::__cxx11::basic_string<char, std::char_traits<char>, std::allocator<char>>>> const&, yggdrasil_decision_forests::dataset::proto::DataSpecification const&, yggdrasil_decision_forests::dataset::VerticalDataset*)::$_2::operator()","0.54682","3.220s","0","0s","0.080s","0s","Inlined Function","","13","70","","","","","","0","","0","","< 0.001","","0.125","","< 0.001","","0.125","","0","","< 0.001","","< 0.001","","< 0.001","","0.002","","","","","","","","","","train_oblique_forest.cc:797","tof_fork_g","","","","","","","","","","","","","","","","","","","","","","","","","","","","","","","","","","","","","","","","","","","","","","","","","","","","","","","","","","","","","","","","","","","","","","","","",""
"std::vector<float, std::allocator<float>>::resize","0.54682","3.220s","0","0s","0.080s","0s","Function","","14","79","","","","","","0","0","0","","< 0.001","0.042","0.125","","< 0.001","0.042","0.125","0","0","< 0.001","< 0.001","< 0.001","< 0.001","< 0.001","< 0.001","","0.002","","","","","","","","","","stl_vector.h:1143","tof_fork_g","","","","","","","","","","","","","","","","","","","","","","","","","","","","","","","","","","","","","","","","","","","","","","","","","","","","","","","","","","","","","","","","","","","","","","","","",""
"std::vector<float, std::allocator<float>>::_M_default_append","0.54682","3.220s","0","0s","0.080s","0s","Inlined Function","","15","86","","","","","","0","0","0","","< 0.001","0.375","0.375","","< 0.001","0.375","0.375","0","0","< 0.001","< 0.001","< 0.001","< 0.001","< 0.001","< 0.001","","< 0.001","","","","","","","","","","vector.tcc:814","tof_fork_g","","","","","","","","","","","","","","","","","","","","","","","","","","","","","","","","","","","","","","","","","","","","","","","","","","","","","","","","","","","","","","","","","","","","","","","","",""
"std::__uninitialized_default_n_a<float*, unsigned long, float>","0.54682","3.220s","0","0s","0.080s","0s","Inlined Function","","16","85","","","","","","","","","","","","","","","","","","","","","","","","","","","","","","","","","","","","stl_uninitialized.h:1000","tof_fork_g","","","","","","","","","","","","","","","","","","","","","","","","","","","","","","","","","","","","","","","","","","","","","","","","","","","","","","","","","","","","","","","","","","","","","","","","",""
"std::__uninitialized_default_n<float*, unsigned long>","0.54682","3.220s","0","0s","0.080s","0s","Inlined Function","","17","84","","","","","","","","","","","","","","","","","","","","","","","","","","","","","","","","","","","","stl_uninitialized.h:931","tof_fork_g","","","","","","","","","","","","","","","","","","","","","","","","","","","","","","","","","","","","","","","","","","","","","","","","","","","","","","","","","","","","","","","","","","","","","","","","",""
"std::__uninitialized_default_n_1<(bool)1>::__uninit_default_n<float*, unsigned long>","0.54682","3.220s","0","0s","0.080s","0s","Inlined Function","","18","83","","","","","","","","","","","","","","","","","","","","","","","","","","","","","","","","","","","","stl_uninitialized.h:888","tof_fork_g","","","","","","","","","","","","","","","","","","","","","","","","","","","","","","","","","","","","","","","","","","","","","","","","","","","","","","","","","","","","","","","","","","","","","","","","",""
"std::fill_n<float*, unsigned long, float>","0.54682","3.220s","0","0s","0.080s","0s","Inlined Function","","19","82","","","","","","","","","","","","","","","","","","","","","","","","","","","","","","","","","","","","stl_algobase.h:1173","tof_fork_g","","","","","","","","","","","","","","","","","","","","","","","","","","","","","","","","","","","","","","","","","","","","","","","","","","","","","","","","","","","","","","","","","","","","","","","","",""
"std::__fill_n_a<float*, unsigned long, float>","0.54682","3.220s","0","0s","0.080s","0s","Inlined Function","","20","81","","","","","","","","","","","","","","","","","","","","","","","","","","","","","","","","","","","","stl_algobase.h:1137","tof_fork_g","","","","","","","","","","","","","","","","","","","","","","","","","","","","","","","","","","","","","","","","","","","","","","","","","","","","","","","","","","","","","","","","","","","","","","","","",""
"std::__fill_a<float*, float>","0.54682","3.220s","0","0s","0.080s","0s","Inlined Function","","21","80","","","","","","","","","","","","","","","","","","","","","","","","","","","","","","","","","","","","stl_algobase.h:978","tof_fork_g","","","","","","","","","","","","","","","","","","","","","","","","","","","","","","","","","","","","","","","","","","","","","","","","","","","","","","","","","","","","","","","","","","","","","","","","",""
"std::__fill_a1<float*, float>","0.54682","3.220s","0","0s","0.080s","0s","Inlined Function","","22","78","","","","","","","","","","","","","","","","","","","","","","","","","","","","","","","","","","","","stl_algobase.h:897","tof_fork_g","70","0","0","0","0","32016","40020","0","0","0","0","0","0","0","0","0","0","0","0","0","0","0","0","0","0","0","0","0","32016","0","0","0","0","0","22011","2001","176088","16008","2001","2001","0","0","0","0","0","0","0","0","0","2001","0","0","0","0","0","0","2001","0","0","0","0","0","0","0","0","0","0","0","0","0","0","0","4002"
"__intel_avx_rep_memset","0.54682","3.220s","0.54682","3.220s","0.080s","0.080s","Function","","23","87","","","","","","","","","","","","","","","","","","","","","","","","","","","Unpacks","Int32; UInt16; UInt256; ","128/256","AVX; AVX2; SSE2","","","","","","","tof_fork_g","71","0","0","0","0","8004","10005","0","0","0","0","0","0","0","0","0","0","0","0","0","0","0","0","0","0","0","0","0","8004","0","0","0","0","0","6003","0","48024","0","0","0","0","0","0","0","0","0","0","0","0","0","0","0","0","0","0","0","0","0","0","0","0","0","0","0","0","0","0","0","0","0","0","0","2001"
"yggdrasil_decision_forests::model::decision_tree::internal::ProjectionEvaluator::Evaluate","8.43325","49.660s","0.00679238","0.040s","4.800s","0.020s","Function","","2","151","","","","","","","","","","","","","","","","","","","","","","","","","","","FMA; Gathers; Inserts; Shuffles; Unpacks","Int32; UInt16; UInt256; ; ","128/256","AVX; AVX2; AVX512F_256; FMA","","","","","","oblique.cc:1307","tof_fork_g","","","","","","","","","","","","","","","","","","","","","","","","","","","","","","","","","","","","","","","","","","","","","","","","","","","","","","","","","","","","","","","","","","","","","","","","",""
"[loop in yggdrasil_decision_forests::model::decision_tree::internal::ProjectionEvaluator::Evaluate at oblique.cc:1321]","8.42646","49.620s","6.9898","41.160s","4.780s","4.020s","Scalar","1","3","150","","","","","","","","","","","","","","","","","","","","","","","","","","","FMA","Int32; UInt16","","","","","","","","oblique.cc:1321","tof_fork_g","","","","","","","","","","","","","","","","","","","","","","","","","","","","","","","","","","","","","","","","","","","","","","","","","","","","","","","","","","","","","","","","","","","","","","","","",""
"[loop in yggdrasil_decision_forests::model::decision_tree::internal::ProjectionEvaluator::Evaluate at oblique.cc:1326]","1.26686","7.460s","0.995149","5.860s","0.860s","0.700s","Scalar","0","4","161","","","","","","","","","","","","","","","","","","","","","","","","","","","FMA","Int32","","","","","","","","oblique.cc:1326","tof_fork_g","","","","","","","","","","","","","","","","","","","","","","","","","","","","","","","","","","","","","","","","","","","","","","","","","","","","","","","","","","","","","","","","","","","","","","","","",""
"__gnu_cxx::operator!=<yggdrasil_decision_forests::model::decision_tree::internal::AttributeAndWeight const*, std::vector<yggdrasil_decision_forests::model::decision_tree::internal::AttributeAndWeight, std::allocator<yggdrasil_decision_forests::model::decision_tree::internal::AttributeAndWeight>>>","0.271712","1.600s","0.271712","1.600s","0.260s","0.260s","Inlined Function","","5","160","","","","","","","","","","","","","","","","","","","","","","","","","","","","","","","","","","","","stl_iterator.h:1244","tof_fork_g","","","","","","","","","","","","","","","","","","","","","","","","","","","","","","","","","","","","","","","","","","","","","","","","","","","","","","","","","","","","","","","","","","","","","","","","",""
"yggdrasil_decision_forests::model::decision_tree::internal::ProjectionEvaluator::AttributeValue","0.16982","1.000s","0.108681","0.640s","0.160s","0.120s","Inlined Function","","4","153","","","","","","","","","","","","","","","","","","","","","","","","","","","Gathers","Int32; ","128/256","AVX512F_256","","","","","","oblique.h:222","tof_fork_g","","","","","","","","","","","","","","","","","","","","","","","","","","","","","","","","","","","","","","","","","","","","","","","","","","","","","","","","","","","","","","","","","","","","","","","","",""
"std::vector<float const*, std::allocator<float const*>>::operator[]","0.0611351","0.360s","0.061138","0.360s","0.080s","0.080s","Inlined Function","","5","152","","","","","","","","","","","","","","","","","","","","","","","","","","","","","","","","","","","","stl_vector.h:1280","tof_fork_g","","","","","","","","","","","","","","","","","","","","","","","","","","","","","","","","","","","","","","","","","","","","","","","","","","","","","","","","","","","","","","","","","","","","","","","","",""
"yggdrasil_decision_forests::model::decision_tree::FindSplitLabelClassificationFeatureNumericalCart","6.43956","37.920s","0.132457","0.780s","3.740s","0.140s","Function","","2","131","","","","","","","","","","","","","","","","","","","","","","","","","","","2-Source Permutes; Blends; Divisions; Extracts; FMA; Gathers; Inserts; Shifts; Shuffles; Type Conversions; Unpacks","Int32; Int64; UInt16; UInt256; ; ","128/256","AVX; AVX2; AVX512DQ_128; AVX512DQ_256; AVX512F_128; AVX512F_256","","","","","","training.cc","tof_fork_g","","","","","","","","","","","","","","","","","","","","","","","","","","","","","","","","","","","","","","","","","","","","","","","","","","","","","","","","","","","","","","","","","","","","","","","","",""
"[loop in yggdrasil_decision_forests::model::decision_tree::FindSplitLabelClassificationFeatureNumericalCart at splitter_scanner.h]","5.26085","30.979s","5.26086","30.979s","3.160s","3.160s","Vectorized (Body)","0","3","149","","AVX512","2; 8","","","","","","","","","","","","","","","","","","","","","","","","2-Source Permutes; Blends; Divisions; FMA; Inserts; Shifts; Shuffles; Type Conversions","Int32; Int64; UInt16; ; ","128","AVX; AVX512F_128","","","","","","splitter_scanner.h","tof_fork_g","","","","","","","","","","","","","","","","","","","","","","","","","","","","","","","","","","","","","","","","","","","","","","","","","","","","","","","","","","","","","","","","","","","","","","","","",""
"[loop in yggdrasil_decision_forests::model::decision_tree::FindSplitLabelClassificationFeatureNumericalCart at splitter_scanner.h:1787]","0.777774","4.580s","0","0s","0.640s","0s","Scalar Versions","0","3","387","","","","","","","","","","","","","","","","","","","","","","","","","","","","Int32; UInt16","","","","","","","","splitter_scanner.h:1787","tof_fork_g","","","","","","","","","","","","","","","","","","","","","","","","","","","","","","","","","","","","","","","","","","","","","","","","","","","","","","","","","","","","","","","","","","","","","","","","",""
"[loop in yggdrasil_decision_forests::model::decision_tree::FindSplitLabelClassificationFeatureNumericalCart at splitter_scanner.h:1787]","0.770982","4.540s","0.771056","4.540s","0.640s","0.640s","Scalar","0","3","148","","","","","","","","","","","","","","","","","","","","","","","","","","","","Int32; UInt16","","","","","","","","splitter_scanner.h:1787","tof_fork_g","","","","","","","","","","","","","","","","","","","","","","","","","","","","","","","","","","","","","","","","","","","","","","","","","","","","","","","","","","","","","","","","","","","","","","","","",""
"[loop in yggdrasil_decision_forests::model::decision_tree::FindSplitLabelClassificationFeatureNumericalCart at splitter_scanner.h:1787]","0.00679279","0.040s","0.00679323","0.040s","0.020s","0.020s","Scalar","0","3","296","","","","","","","","","","","","","","","","","","","","","","","","","","","","Int32; UInt16","","","","","","","","splitter_scanner.h:1787","tof_fork_g","","","","","","","","","","","","","","","","","","","","","","","","","","","","","","","","","","","","","","","","","","","","","","","","","","","","","","","","","","","","","","","","","","","","","","","","",""
"[loop in yggdrasil_decision_forests::model::decision_tree::FindSplitLabelClassificationFeatureNumericalCart at splitter_accumulator.h:66]","0.268315","1.580s","0.268317","1.580s","0.240s","0.240s","Vectorized (Body)","0","3","141","","AVX512","4","","","","","","","","","","","","","","","","","","","","","","","","Type Conversions","Int64; UInt256; ","256","AVX; AVX2; AVX512DQ_256; AVX512F_256","","","","","","splitter_accumulator.h:66","tof_fork_g","","","","","","","","","","","","","","","","","","","","","","","","","","","","","","","","","","","","","","","","","","","","","","","","","","","","","","","","","","","","","","","","","","","","","","","","",""
"hwy::N_AVX3_SPR::detail::Sort16Rows<(unsigned long)8, hwy::N_AVX3_SPR::detail::SharedTraits<hwy::N_AVX3_SPR::detail::TraitsLane<hwy::N_AVX3_SPR::detail::OrderAscending<unsigned long>>>, unsigned long>","1.51819","8.940s","1.51821","8.940s","1.120s","1.120s","Function","","2","146","","","","","","","","","","","","","","","","","","","","","","","","","","","2-Source Permutes; Blends; Permutes; Shuffles","UInt256; ","128/512","AVX; AVX512F_128; AVX512F_512","","","","","","vqsort-inl.h:432","tof_fork_g","","","","","","","","","","","","","","","","","","","","","","","","","","","","","","","","","","","","","","","","","","","","","","","","","","","","","","","","","","","","","","","","","","","","","","","","",""
"hwy::N_AVX3_SPR::detail::Recurse<(hwy::N_AVX3_SPR::detail::RecurseMode)0, hwy::N_AVX3_SPR::Simd<unsigned long, (unsigned long)8, (int)0>, hwy::N_AVX3_SPR::detail::SharedTraits<hwy::N_AVX3_SPR::detail::TraitsLane<hwy::N_AVX3_SPR::detail::OrderAscendingKV64>>, unsigned long>","1.19791","7.054s","0.0203772","0.120s","0.840s","0.040s","Function","","2","145","","","","","","","","","","","","","","","","","","","","","","","","","","","Permutes; Shifts","UInt16; UInt256; ","128/512","AVX; AVX512F_512","","","","","","vqsort-inl.h","tof_fork_g","","","","","","","","","","","","","","","","","","","","","","","","","","","","","","","","","","","","","","","","","","","","","","","","","","","","","","","","","","","","","","","","","","","","","","","","",""
"[loop in hwy::N_AVX3_SPR::detail::Recurse<(hwy::N_AVX3_SPR::detail::RecurseMode)0, hwy::N_AVX3_SPR::Simd<unsigned long, (unsigned long)8, (int)0>, hwy::N_AVX3_SPR::detail::SharedTraits<hwy::N_AVX3_SPR::detail::TraitsLane<hwy::N_AVX3_SPR::detail::OrderAscendingKV64>>, unsigned long> at vqsort-inl.h]","1.17753","6.934s","0.223196","1.314s","0.820s","0.220s","Vectorized (Body)","1","3","144","","AVX512","2; 32","","","","","","","","","","","","","","","","","","","","","","","","Mask Manipulations; Permutes; Shifts","UInt16; UInt256; ","128/512","AVX; AVX512F_512","","","","","","vqsort-inl.h","tof_fork_g","","","","","","","","","","","","","","","","","","","","","","","","","","","","","","","","","","","","","","","","","","","","","","","","","","","","","","","","","","","","","","","","","","","","","","","","",""
"[loop in hwy::N_AVX3_SPR::detail::Recurse<(hwy::N_AVX3_SPR::detail::RecurseMode)0, hwy::N_AVX3_SPR::Simd<unsigned long, (unsigned long)8, (int)0>, hwy::N_AVX3_SPR::detail::SharedTraits<hwy::N_AVX3_SPR::detail::TraitsLane<hwy::N_AVX3_SPR::detail::OrderAscendingKV64>>, unsigned long> at vqsort-inl.h:881]","0.903441","5.320s","0.903453","5.320s","0.680s","0.680s","Inside vectorized","0","4","147","","","","","","","","","","","","","","","","","","","","","","","","","","","Mask Manipulations; Permutes; Shifts","UInt256; ","512","AVX512F_512","","","","","","vqsort-inl.h:881","tof_fork_g","","","","","","","","","","","","","","","","","","","","","","","","","","","","","","","","","","","","","","","","","","","","","","","","","","","","","","","","","","","","","","","","","","","","","","","","",""
"[loop in hwy::N_AVX3_SPR::detail::Recurse<(hwy::N_AVX3_SPR::detail::RecurseMode)0, hwy::N_AVX3_SPR::Simd<unsigned long, (unsigned long)8, (int)0>, hwy::N_AVX3_SPR::detail::SharedTraits<hwy::N_AVX3_SPR::detail::TraitsLane<hwy::N_AVX3_SPR::detail::OrderAscendingKV64>>, unsigned long> at vqsort-inl.h:666]","0.0475495","0.280s","0.0475505","0.280s","0.100s","0.100s","Inside vectorized","0","4","158","","","","","","","","","","","","","","","","","","","","","","","","","","","Mask Manipulations; Permutes; Shifts","UInt256; ","512","AVX512F_512","","","","","","vqsort-inl.h:666","tof_fork_g","","","","","","","","","","","","","","","","","","","","","","","","","","","","","","","","","","","","","","","","","","","","","","","","","","","","","","","","","","","","","","","","","","","","","","","","",""
"[loop in hwy::N_AVX3_SPR::detail::Recurse<(hwy::N_AVX3_SPR::detail::RecurseMode)0, hwy::N_AVX3_SPR::Simd<unsigned long, (unsigned long)8, (int)0>, hwy::N_AVX3_SPR::detail::SharedTraits<hwy::N_AVX3_SPR::detail::TraitsLane<hwy::N_AVX3_SPR::detail::OrderAscendingKV64>>, unsigned long> at vqsort-inl.h]","0.00339639","0.020s","0.00339645","0.020s","0.020s","0.020s","Inside vectorized","0","4","268","","","","","","","","","","","","","","","","","","","","","","","","","","","","","","","","","","","","vqsort-inl.h","tof_fork_g","","","","","","","","","","","","","","","","","","","","","","","","","","","","","","","","","","","","","","","","","","","","","","","","","","","","","","","","","","","","","","","","","","","","","","","","",""
"__svml_log4_l9","0.917027","5.400s","0.917042","5.400s","0.700s","0.700s","Vector Function","","2","142","","AVX2","4","","","","","","","","","","","","","","","","","","","","","","","","Appr. Reciprocals(AVX); Extracts; FMA; Gathers; Shifts; Shuffles; Type Conversions","Int32; Int64; UInt16; UInt256; UInt; ; ","128/256","AVX; AVX2; AVX2GATHER; FMA","","","","","","","tof_fork_g","","","","","","","","","","","","","","","","","","","","","","","","","","","","","","","","","","","","","","","","","","","","","","","","","","","","","","","","","","","","","","","","","","","","","","","","",""
"func@0x1b2a00","0.523045","3.080s","0.00679203","0.040s","0.200s","0.020s","Function","","2","18","","","","","","","","","","","","","","","","","","","","","","","","","","","","UInt32; ; ","256","AVX2; AVX512BW_256; AVX512F_256","","","","","","","libc.so.6","","","","","","","","","","","","","","","","","","","","","","","","","","","","","","","","","","","","","","","","","","","","","","","","","","","","","","","","","","","","","","","","","","","","","","","","",""
"[loop in func@0x1b2a00]","0.516252","3.040s","0.516242","3.040s","0.200s","0.200s","Vectorized (Body)","0","3","17","","AVX512","8","","","","","","","","","","","","","","","","","","","","","","","","Mask Manipulations","UInt32; ","256","AVX2; AVX512BW_256; AVX512F_256","","","","","","","libc.so.6","","","","","","","","","","","","","","","","","","","","","","","","","","","","","","","","","","","","","","","","","","","","","","","","","","","","","","","","","","","","","","","","","","","","","","","","",""
"yggdrasil_decision_forests::model::decision_tree::internal::SampleProjection","0.390585","2.300s","0.0849082","0.500s","0.320s","0.120s","Function","","2","164","","","","","","","","","","","","","","","","","","","","","","","","","","","Divisions; Shuffles; Square Roots; Unpacks","Int32; Int64; ; ","128","AVX; AVX2; AVX512DQ_128; AVX512F_128","","","","","","oblique.cc","tof_fork_g","","","","","","","","","","","","","","","","","","","","","","","","","","","","","","","","","","","","","","","","","","","","","","","","","","","","","","","","","","","","","","","","","","","","","","","","",""
"[loop in yggdrasil_decision_forests::model::decision_tree::internal::SampleProjection at oblique.cc:1037]","0.268315","1.580s","0.268312","1.580s","0.220s","0.220s","Vectorized (Body)","0","3","169","","AVX512","2; 4","","","","","","","","","","","","","","","","","","","","","","","","Divisions; FMA; Mask Manipulations; Type Conversions","Int32; Int64; ","128","AVX; AVX512DQ_128","","","","","","oblique.cc:1037","tof_fork_g","","","","","","","","","","","","","","","","","","","","","","","","","","","","","","","","","","","","","","","","","","","","","","","","","","","","","","","","","","","","","","","","","","","","","","","","",""
"[loop in yggdrasil_decision_forests::model::decision_tree::internal::SampleProjection at oblique.cc]","0.0373603","0.220s","0.0373586","0.220s","0.060s","0.060s","Scalar","0","3","186","","","","","","","","","","","","","","","","","","","","","","","","","","","Divisions","","","","","","","","","oblique.cc","tof_fork_g","","","","","","","","","","","","","","","","","","","","","","","","","","","","","","","","","","","","","","","","","","","","","","","","","","","","","","","","","","","","","","","","","","","","","","","","",""
"absl::lts_20250814::strings_internal::ParseFloat<(int)10>","0.258635","1.523s","0.0917049","0.540s","0.460s","0.200s","Function","","2","97","","","","","","","","","","","","","","","","","","","","","","","","","","","","Int32","128","AVX","","","","","","charconv_parse.cc","tof_fork_g","","","","","","","","","","","","","","","","","","","","","","","","","","","","","","","","","","","","","","","","","","","","","","","","","","","","","","","","","","","","","","","","","","","","","","","","",""
"[loop in absl::lts_20250814::strings_internal::ParseFloat<(int)10> at charconv_parse.cc:184]","0.149951","0.883s","0.150032","0.883s","0.380s","0.380s","Scalar","0","3","96","","","","","","","","","","","","","","","","","","","","","","","","","","","","","","","","","","","","charconv_parse.cc:184","tof_fork_g","161","2617477","2617477","0","0","31409724","49732063","0","0","0","0","0","0","0","0","0","2617477","0","0","0","0","0","0","0","0","0","0","0","10469908","0","0","10469908","0","0","41879632","0","209398160","0","10469908","10469908","0","0","0","0","0","0","0","0","0","0","0","0","0","0","0","10469908","2617477","0","0","0","0","0","0","0","0","0","0","10469908","0","0","0","0","0"
"[loop in absl::lts_20250814::strings_internal::ParseFloat<(int)10> at charconv_parse.cc:368]","0.00339639","0.020s","0.00339636","0.020s","0.020s","0.020s","Scalar","0","3","98","","","","","","","","","","","","","","","","","","","","","","","","","","","","","","","","","","","","charconv_parse.cc:368","tof_fork_g","296","0","0","0","0","1439039385","3494809935","0","0","0","0","0","0","0","0","0","0","0","0","0","0","0","0","0","0","0","0","0","822308220","0","0","411154110","0","205577055","822308220","411154110","3289232880","1644616440","0","0","0","0","0","0","0","0","0","0","0","0","0","0","0","0","0","0","0","0","0","0","0","0","0","0","0","0","0","0","0","0","0","0","0"
"[loop in absl::lts_20250814::strings_internal::ParseFloat<(int)10> at charconv_parse.cc:261]","0.00339639","0.020s","0.00339626","0.020s","0.020s","0.020s","Scalar","0","3","105","","","","","","","","","","","","","","","","","","","","","","","","","","","","","","","","","","","","charconv_parse.cc:261","tof_fork_g","251","0","0","0","0","9690456","25841216","0","0","0","0","0","0","0","0","0","0","0","0","0","0","0","0","0","0","0","0","0","9690456","0","0","0","0","0","12920608","3230152","465141888","25841216","0","0","0","0","0","0","0","0","0","0","0","0","0","0","0","0","0","0","0","0","0","0","0","0","0","0","0","0","0","0","0","0","0","0","0"
"[loop in absl::lts_20250814::strings_internal::ParseFloat<(int)10> at charconv_parse.cc:398]","0.00339639","0.020s","0.00339595","0.020s","0.020s","0.020s","Scalar","0","3","106","","","","","","","","","","","","","","","","","","","","","","","","","","","","","","","","","","","","charconv_parse.cc:398","tof_fork_g","254","0","0","0","0","0","0","0","0","0","0","0","0","0","0","0","0","0","0","0","0","0","0","0","0","0","0","0","0","0","0","0","0","0","0","0","0","0","0","0","0","0","0","0","0","0","0","0","0","0","0","0","0","0","0","0","0","0","0","0","0","0","0","0","0","0","0","0","0","0","0","0","0"
"[loop in absl::lts_20250814::strings_internal::ParseFloat<(int)10> at charconv_parse.cc:277]","0.00339639","0.020s","0.0033957","0.020s","0.020s","0.020s","Scalar","0","3","102","","","","","","","","","","","","","","","","","","","","","","","","","","","","","","","","","","","","charconv_parse.cc:277","tof_fork_g","218","0","0","0","0","415390868","1869258906","0","0","0","0","0","0","0","0","0","0","0","0","0","0","0","0","0","0","0","0","0","415390868","0","0","0","0","0","207695434","1038477170","207695434","8307817360","0","0","0","0","0","0","0","0","0","0","0","0","0","0","0","0","0","0","0","0","0","0","0","0","0","0","0","0","0","0","0","0","0","0","0"
"[loop in absl::lts_20250814::strings_internal::ParseFloat<(int)10> at charconv_parse.cc:266]","0.00339639","0.020s","0","0s","0.020s","0s","Scalar Versions","0","3","384","","","","","","","","","","","","","","","","","","","","","","","","","","","","","","","","","","","","charconv_parse.cc:266","tof_fork_g","","","","","","","","","","","","","","","","","","","","","","","","","","","","","","","","","","","","","","","","","","","","","","","","","","","","","","","","","","","","","","","","","","","","","","","","",""
"[loop in absl::lts_20250814::strings_internal::ParseFloat<(int)10> at charconv_parse.cc:266]","0.00339639","0.020s","0.00339568","0.020s","0.020s","0.020s","Scalar","0","3","103","","","","","","","","","","","","","","","","","","","","","","","","","","","","","","","","","","","","charconv_parse.cc:266","tof_fork_g","","","","","","","","","","","","","","","","","","","","","","","","","","","","","","","","","","","","","","","","","","","","","","","","","","","","","","","","","","","","","","","","","","","","","","","","",""
"hwy::N_AVX3_SPR::detail::Sort16Rows<(unsigned long)4, hwy::N_AVX3_SPR::detail::SharedTraits<hwy::N_AVX3_SPR::detail::TraitsLane<hwy::N_AVX3_SPR::detail::OrderAscending<unsigned long>>>, unsigned long>","0.25473","1.500s","0.254731","1.500s","0.180s","0.180s","Function","","2","163","","","","","","","","","","","","","","","","","","","","","","","","","","","2-Source Permutes; Blends; Permutes; Shuffles","UInt16; UInt256; ; ","128/256","AVX; AVX2; AVX512F_128; AVX512F_256","","","","","","vqsort-inl.h:432","tof_fork_g","","","","","","","","","","","","","","","","","","","","","","","","","","","","","","","","","","","","","","","","","","","","","","","","","","","","","","","","","","","","","","","","","","","","","","","","",""
"hwy::N_AVX3_SPR::detail::Sort8Rows<(unsigned long)2, hwy::N_AVX3_SPR::detail::SharedTraits<hwy::N_AVX3_SPR::detail::TraitsLane<hwy::N_AVX3_SPR::detail::OrderAscending<unsigned long>>>, unsigned long>","0.234351","1.380s","0.234351","1.380s","0.240s","0.240s","Function","","2","162","","","","","","","","","","","","","","","","","","","","","","","","","","","Blends; Shuffles","UInt16; ; ","128","AVX; AVX2; AVX512F_128","","","","","","vqsort-inl.h:337","tof_fork_g","","","","","","","","","","","","","","","","","","","","","","","","","","","","","","","","","","","","","","","","","","","","","","","","","","","","","","","","","","","","","","","","","","","","","","","","",""
"__intel_avx_rep_memset","0.214992","1.266s","0.194571","1.146s","0.180s","0.180s","Function","","2","87","","","","","","","","","","","","","","","","","","","","","","","","","","","Unpacks","Int32; UInt16; UInt256; ","128/256","AVX; AVX2; SSE2","","","","","","","tof_fork_g","72","0","0","0","0","576","1440","0","0","0","0","0","0","0","0","0","0","0","0","0","0","0","0","0","0","0","0","0","576","0","0","0","0","0","624","480","4992","3840","144","144","0","0","0","0","0","0","0","0","0","144","0","0","0","0","0","0","96","0","0","0","0","0","0","0","0","0","0","0","0","0","0","0","0"
"[loop in __intel_avx_rep_memset]","0.0203784","0.120s","0.0203789","0.120s","0.040s","0.040s","Vectorized (Body)","0","3","183","","AVX","8","","","","","","","","","","","","","","","","","","","","","","","","","UInt16","256","AVX","","","","","","","tof_fork_g","","","","","","","","","","","","","","","","","","","","","","","","","","","","","","","","","","","","","","","","","","","","","","","","","","","","","","","","","","","","","","","","","","","","","","","","",""
"yggdrasil_decision_forests::model::decision_tree::EvalConditionOblique::operator()","0.20718","1.220s","0.0645308","0.380s","0.180s","0.060s","Function","","2","157","","","","","","","","","","","","","","","","","","","","","","","","","","","","","","","","","","","","decision_tree.cc:882","tof_fork_g","","","","","","","","","","","","","","","","","","","","","","","","","","","","","","","","","","","","","","","","","","","","","","","","","","","","","","","","","","","","","","","","","","","","","","","","",""
"std::isnan","0.129063","0.760s","0.129067","0.760s","0.140s","0.140s","Inlined Function","","3","177","","","","","","","","","","","","","","","","","","","","","","","","","","","","","","","","","","","","cmath:1182","tof_fork_g","","","","","","","","","","","","","","","","","","","","","","","","","","","","","","","","","","","","","","","","","","","","","","","","","","","","","","","","","","","","","","","","","","","","","","","","",""
"[loop in yggdrasil_decision_forests::model::decision_tree::EvalConditionOblique::operator() at decision_tree.cc:886]","0.0135856","0.080s","0.00679248","0.040s","0.040s","0.020s","Scalar","0","3","203","","","","","","","","","","","","","","","","","","","","","","","","","","","FMA","Int32","","","","","","","","decision_tree.cc:886","tof_fork_g","","","","","","","","","","","","","","","","","","","","","","","","","","","","","","","","","","","","","","","","","","","","","","","","","","","","","","","","","","","","","","","","","","","","","","","","",""
"std::isnan","0.00679279","0.040s","0.00679349","0.040s","0.040s","0.040s","Inlined Function","","4","177","","","","","","","","","","","","","","","","","","","","","","","","","","","","","","","","","","","","cmath:1182","tof_fork_g","","","","","","","","","","","","","","","","","","","","","","","","","","","","","","","","","","","","","","","","","","","","","","","","","","","","","","","","","","","","","","","","","","","","","","","","",""
"__libm_log_z0","0.20718","1.220s","0.207177","1.220s","0.160s","0.160s","Function","","2","168","","","","","","","","","","","","","","","","","","","","","","","","","","","Shifts","UInt256; ; ","128","AVX; AVX2; AVX512F_128","","","","","","","tof_fork_g","","","","","","","","","","","","","","","","","","","","","","","","","","","","","","","","","","","","","","","","","","","","","","","","","","","","","","","","","","","","","","","","","","","","","","","","",""
"std::binomial_distribution<unsigned long>::_M_waiting<std::mersenne_twister_engine<unsigned long, (unsigned long)32, (unsigned long)624, (unsigned long)397, (unsigned long)31, (unsigned long)2567483615, (unsigned long)11, (unsigned long)4294967295, (unsigned long)7, (unsigned long)2636928640, (unsigned long)15, (unsigned long)4022730752, (unsigned long)18, (unsigned long)1812433253>>","0.193594","1.140s","0.0237736","0.140s","0.160s","0.040s","Function","","2","167","","","","","","","","","","","","","","","","","","","","","","","","","","","Shifts","UInt16; ","256","AVX; AVX2; AVX512F_256","","","","","","random.tcc:1532","tof_fork_g","","","","","","","","","","","","","","","","","","","","","","","","","","","","","","","","","","","","","","","","","","","","","","","","","","","","","","","","","","","","","","","","","","","","","","","","",""
"[loop in std::binomial_distribution<unsigned long>::_M_waiting<std::mersenne_twister_engine<unsigned long, (unsigned long)32, (unsigned long)624, (unsigned long)397, (unsigned long)31, (unsigned long)2567483615, (unsigned long)11, (unsigned long)4294967295, (unsigned long)7, (unsigned long)2636928640, (unsigned long)15, (unsigned long)4022730752, (unsigned long)18, (unsigned long)1812433253>> at random.tcc:1532]","0.16982","1.000s","0.0917027","0.540s","0.160s","0.100s","Scalar","2","3","166","","","","","","","","","","","","","","","","","","","","","","","","","","","Divisions; Type Conversions","Int64; ","256","AVX2","","","","","","random.tcc:1532","tof_fork_g","","","","","","","","","","","","","","","","","","","","","","","","","","","","","","","","","","","","","","","","","","","","","","","","","","","","","","","","","","","","","","","","","","","","","","","","",""
"std::__detail::_Adaptor<std::mersenne_twister_engine<unsigned long, (unsigned long)32, (unsigned long)624, (unsigned long)397, (unsigned long)31, (unsigned long)2567483615, (unsigned long)11, (unsigned long)4294967295, (unsigned long)7, (unsigned long)2636928640, (unsigned long)15, (unsigned long)4022730752, (unsigned long)18, (unsigned long)1812433253>, double>::operator()","0.0781171","0.460s","0","0s","0.100s","0s","Inlined Function","","4","182","","","","","","","","","","","","","","","","","","","","","","","","","","","Shifts","UInt16; ","256","AVX; AVX2; AVX512F_256","","","","","","random.h:291","tof_fork_g","","","","","","","","","","","","","","","","","","","","","","","","","","","","","","","","","","","","","","","","","","","","","","","","","","","","","","","","","","","","","","","","","","","","","","","","",""
"std::generate_canonical<double, (unsigned long)53, std::mersenne_twister_engine<unsigned long, (unsigned long)32, (unsigned long)624, (unsigned long)397, (unsigned long)31, (unsigned long)2567483615, (unsigned long)11, (unsigned long)4294967295, (unsigned long)7, (unsigned long)2636928640, (unsigned long)15, (unsigned long)4022730752, (unsigned long)18, (unsigned long)1812433253>>","0.0781171","0.460s","0.00679306","0.040s","0.100s","0.020s","Inlined Function","","5","181","","","","","","","","","","","","","","","","","","","","","","","","","","","Shifts","UInt16; ","256","AVX; AVX2; AVX512F_256","","","","","","random.tcc:3349","tof_fork_g","","","","","","","","","","","","","","","","","","","","","","","","","","","","","","","","","","","","","","","","","","","","","","","","","","","","","","","","","","","","","","","","","","","","","","","","",""
"[loop in std::generate_canonical<double, (unsigned long)53, std::mersenne_twister_engine<unsigned long, (unsigned long)32, (unsigned long)624, (unsigned long)397, (unsigned long)31, (unsigned long)2567483615, (unsigned long)11, (unsigned long)4294967295, (unsigned long)7, (unsigned long)2636928640, (unsigned long)15, (unsigned long)4022730752, (unsigned long)18, (unsigned long)1812433253>> at random.tcc:3365]","0.0611351","0.360s","0.0169814","0.100s","0.080s","0.040s","Scalar","1","6","180","","","","","","","","","","","","","","","","","","","","","","","","","","","FMA; Mask Manipulations; Shifts; Type Conversions","Int64; ","256","AVX2; AVX512F_256","","","","","","random.tcc:3365","tof_fork_g","","","","","","","","","","","","","","","","","","","","","","","","","","","","","","","","","","","","","","","","","","","","","","","","","","","","","","","","","","","","","","","","","","","","","","","","",""
"std::mersenne_twister_engine<unsigned long, (unsigned long)32, (unsigned long)624, (unsigned long)397, (unsigned long)31, (unsigned long)2567483615, (unsigned long)11, (unsigned long)4294967295, (unsigned long)7, (unsigned long)2636928640, (unsigned long)15, (unsigned long)4022730752, (unsigned long)18, (unsigned long)1812433253>::operator()","0.0441531","0.260s","0.0373603","0.220s","0.060s","0.060s","Inlined Function","","7","179","","","","","","","","","","","","","","","","","","","","","","","","","","","Shifts","UInt16; ","256","AVX; AVX2; AVX512F_256","","","","","","random.tcc:455","tof_fork_g","","","","","","","","","","","","","","","","","","","","","","","","","","","","","","","","","","","","","","","","","","","","","","","","","","","","","","","","","","","","","","","","","","","","","","","","",""
"std::mersenne_twister_engine<unsigned long, (unsigned long)32, (unsigned long)624, (unsigned long)397, (unsigned long)31, (unsigned long)2567483615, (unsigned long)11, (unsigned long)4294967295, (unsigned long)7, (unsigned long)2636928640, (unsigned long)15, (unsigned long)4022730752, (unsigned long)18, (unsigned long)1812433253>::_M_gen_rand","0.00679279","0.040s","0","0s","0.040s","0s","Inlined Function","","8","232","","","","","","","","","","","","","","","","","","","","","","","","","","","Shifts","UInt16; ","256","AVX; AVX2; AVX512F_256","","","","","","random.tcc:399","tof_fork_g","","","","","","","","","","","","","","","","","","","","","","","","","","","","","","","","","","","","","","","","","","","","","","","","","","","","","","","","","","","","","","","","","","","","","","","","",""
"[loop in std::mersenne_twister_engine<unsigned long, (unsigned long)32, (unsigned long)624, (unsigned long)397, (unsigned long)31, (unsigned long)2567483615, (unsigned long)11, (unsigned long)4294967295, (unsigned long)7, (unsigned long)2636928640, (unsigned long)15, (unsigned long)4022730752, (unsigned long)18, (unsigned long)1812433253>::_M_gen_rand at random.tcc:412]","0.00339639","0.020s","0.0033965","0.020s","0.020s","0.020s","Vectorized (Body)","0","9","341","","AVX512","16","","","","","","","","","","","","","","","","","","","","","","","","Shifts","UInt16; ","256","AVX; AVX2; AVX512F_256","","","","","","random.tcc:412","tof_fork_g","","","","","","","","","","","","","","","","","","","","","","","","","","","","","","","","","","","","","","","","","","","","","","","","","","","","","","","","","","","","","","","","","","","","","","","","",""
"[loop in std::mersenne_twister_engine<unsigned long, (unsigned long)32, (unsigned long)624, (unsigned long)397, (unsigned long)31, (unsigned long)2567483615, (unsigned long)11, (unsigned long)4294967295, (unsigned long)7, (unsigned long)2636928640, (unsigned long)15, (unsigned long)4022730752, (unsigned long)18, (unsigned long)1812433253>::_M_gen_rand at random.tcc:404]","0.00339639","0.020s","0.00339646","0.020s","0.020s","0.020s","Vectorized (Body)","0","9","231","","AVX512","16","","","","","","","","","","","","","","","","","","","","","","","","Shifts","UInt16; ","256","AVX; AVX2; AVX512F_256","","","","","","random.tcc:404","tof_fork_g","","","","","","","","","","","","","","","","","","","","","","","","","","","","","","","","","","","","","","","","","","","","","","","","","","","","","","","","","","","","","","","","","","","","","","","","",""
"std::mersenne_twister_engine<unsigned long, (unsigned long)32, (unsigned long)624, (unsigned long)397, (unsigned long)31, (unsigned long)2567483615, (unsigned long)11, (unsigned long)4294967295, (unsigned long)7, (unsigned long)2636928640, (unsigned long)15, (unsigned long)4022730752, (unsigned long)18, (unsigned long)1812433253>::operator()","0.0101892","0.060s","0.0101884","0.060s","0.020s","0.020s","Inlined Function","","6","179","","","","","","","","","","","","","","","","","","","","","","","","","","","Shifts","UInt16; ","256","AVX; AVX2; AVX512F_256","","","","","","random.tcc:455","tof_fork_g","","","","","","","","","","","","","","","","","","","","","","","","","","","","","","","","","","","","","","","","","","","","","","","","","","","","","","","","","","","","","","","","","","","","","","","","",""
"__intel_avx_rep_memcpy","0.173216","1.020s","0.173218","1.020s","0.160s","0.160s","Function","","2","159","","","","","","","","","","","","","","","","","","","","","","","","","","","NT-stores","Int32; UInt16","128/256","AVX","","","","","","","tof_fork_g","","","","","","","","","","","","","","","","","","","","","","","","","","","","","","","","","","","","","","","","","","","","","","","","","","","","","","","","","","","","","","","","","","","","","","","","",""
"yggdrasil_decision_forests::model::decision_tree::FindBestConditionClassification","0.0950991","0.560s","0.0950974","0.560s","0.100s","0.100s","Function","","2","170","","","","","","","","","","","","","","","","","","","","","","","","","","","","","","","","","","","","training.cc","tof_fork_g","","","","","","","","","","","","","","","","","","","","","","","","","","","","","","","","","","","","","","","","","","","","","","","","","","","","","","","","","","","","","","","","","","","","","","","","",""
"fast_csv::ParallelFor<fast_csv::ParseNumericCsv(std::__cxx11::basic_string<char, std::char_traits<char>, std::allocator<char>> const&, std::vector<std::__cxx11::basic_string<char, std::char_traits<char>, std::allocator<char>>, std::allocator<std::__cxx11::basic_string<char, std::char_traits<char>, std::allocator<char>>>> const&, yggdrasil_decision_forests::dataset::proto::DataSpecification const&, yggdrasil_decision_forests::dataset::VerticalDataset*)::$_3>(unsigned long, int, fast_csv::ParseNumericCsv(std::__cxx11::basic_string<char, std::char_traits<char>, std::allocator<char>> const&, std::vector<std::__cxx11::basic_string<char, std::char_traits<char>, std::allocator<char>>, std::allocator<std::__cxx11::basic_string<char, std::char_traits<char>, std::allocator<char>>>> const&, yggdrasil_decision_forests::dataset::proto::DataSpecification const&, yggdrasil_decision_forests::dataset::VerticalDataset*)::$_3&&)::{lambda()#1}::operator()","0.0877968","0.517s","0","0s","0.177s","0s","Function","","2","90","","","","","","","","","","","","","","","","","","","","","","","","","","","","Int32","128","AVX","","","","","","train_oblique_forest.cc:575","tof_fork_g","","","","","","","","","","","","","","","","","","","","","","","","","","","","","","","","","","","","","","","","","","","","","","","","","","","","","","","","","","","","","","","","","","","","","","","","",""
"[loop in fast_csv::ParallelFor<fast_csv::ParseNumericCsv(std::__cxx11::basic_string<char, std::char_traits<char>, std::allocator<char>> const&, std::vector<std::__cxx11::basic_string<char, std::char_traits<char>, std::allocator<char>>, std::allocator<std::__cxx11::basic_string<char, std::char_traits<char>, std::allocator<char>>>> const&, yggdrasil_decision_forests::dataset::proto::DataSpecification const&, yggdrasil_decision_forests::dataset::VerticalDataset*)::$_3>(unsigned long, int, fast_csv::ParseNumericCsv(std::__cxx11::basic_string<char, std::char_traits<char>, std::allocator<char>> const&, std::vector<std::__cxx11::basic_string<char, std::char_traits<char>, std::allocator<char>>, std::allocator<std::__cxx11::basic_string<char, std::char_traits<char>, std::allocator<char>>>> const&, yggdrasil_decision_forests::dataset::proto::DataSpecification const&, yggdrasil_decision_forests::dataset::VerticalDataset*)::$_3&&)::{lambda()#1}::operator() at train_oblique_forest.cc:578]","0.0877968","0.517s","0","0s","0.177s","0s","Scalar","2","3","93","","","","","","","","","","","","","","","","","","","","","","","","","","","","Int32","128","AVX","","","","","","train_oblique_forest.cc:578","tof_fork_g","","","","","","","","","","","","","","","","","","","","","","","","","","","","","","","","","","","","","","","","","","","","","","","","","","","","","","","","","","","","","","","","","","","","","","","","",""
"fast_csv::ParseNumericCsv(std::__cxx11::basic_string<char, std::char_traits<char>, std::allocator<char>> const&, std::vector<std::__cxx11::basic_string<char, std::char_traits<char>, std::allocator<char>>, std::allocator<std::__cxx11::basic_string<char, std::char_traits<char>, std::allocator<char>>>> const&, yggdrasil_decision_forests::dataset::proto::DataSpecification const&, yggdrasil_decision_forests::dataset::VerticalDataset*)::$_3::operator()","0.0877968","0.517s","0","0s","0.177s","0s","Inlined Function","","4","92","","","","","","","","","","","","","","","","","","","","","","","","","","","","Int32","128","AVX","","","","","","train_oblique_forest.cc:806","tof_fork_g","","","","","","","","","","","","","","","","","","","","","","","","","","","","","","","","","","","","","","","","","","","","","","","","","","","","","","","","","","","","","","","","","","","","","","","","",""
"[loop in fast_csv::ParseNumericCsv(std::__cxx11::basic_string<char, std::char_traits<char>, std::allocator<char>> const&, std::vector<std::__cxx11::basic_string<char, std::char_traits<char>, std::allocator<char>>, std::allocator<std::__cxx11::basic_string<char, std::char_traits<char>, std::allocator<char>>>> const&, yggdrasil_decision_forests::dataset::proto::DataSpecification const&, yggdrasil_decision_forests::dataset::VerticalDataset*)::$_3::operator() at train_oblique_forest.cc:806]","0.0877968","0.517s","0","0s","0.177s","0s","Scalar","1","5","91","","","","","","","","","","","","","","","","","","","","","","","","","","","","","","","","","","","","train_oblique_forest.cc:806","tof_fork_g","","","","","","","","","","","","","","","","","","","","","","","","","","","","","","","","","","","","","","","","","","","","","","","","","","","","","","","","","","","","","","","","","","","","","","","","",""
"[loop in fast_csv::ParseNumericCsv(std::__cxx11::basic_string<char, std::char_traits<char>, std::allocator<char>> const&, std::vector<std::__cxx11::basic_string<char, std::char_traits<char>, std::allocator<char>>, std::allocator<std::__cxx11::basic_string<char, std::char_traits<char>, std::allocator<char>>>> const&, yggdrasil_decision_forests::dataset::proto::DataSpecification const&, yggdrasil_decision_forests::dataset::VerticalDataset*)::$_3::operator() at train_oblique_forest.cc:826]","0.0877968","0.517s","0.0815111","0.480s","0.177s","0.160s","Scalar","0","6","89","","","","","","","","","","","","","","","","","","","","","","","","","","","","Int32","","","","","","","","train_oblique_forest.cc:826","tof_fork_g","","","","","","","","","","","","","","","","","","","","","","","","","","","","","","","","","","","","","","","","","","","","","","","","","","","","","","","","","","","","","","","","","","","","","","","","",""
"fast_csv::ParseCell","0.00628333","0.037s","0.00620122","0.037s","0.020s","0.020s","Inlined Function","","7","88","","","","","","","","","","","","","","","","","","","","","","","","","","","","","","","","","","","","train_oblique_forest.cc:639","tof_fork_g","197","0","0","0","0","0","0","0","0","0","0","0","0","0","0","0","0","0","0","0","0","0","0","0","0","0","0","0","0","0","0","0","0","0","0","0","0","0","0","0","0","0","0","0","0","0","0","0","0","0","0","0","0","0","0","0","0","0","0","0","0","0","0","0","0","0","0","0","0","0","0","0","0"
"yggdrasil_decision_forests::model::decision_tree::(anonymous namespace)::GetProjectionEvaluator","0.0781171","0.460s","0","0s","0.100s","0s","Function","","2","205","","","","","","","","","","","","","","","","","","","","","","","","","","","","Int32","128/256","AVX","","","","","","oblique.cc","tof_fork_g","","","","","","","","","","","","","","","","","","","","","","","","","","","","","","","","","","","","","","","","","","","","","","","","","","","","","","","","","","","","","","","","","","","","","","","","",""
"[loop in yggdrasil_decision_forests::model::decision_tree::(anonymous namespace)::GetProjectionEvaluator at stl_algobase.h:1190]","0.0781171","0.460s","0.0781183","0.460s","0.100s","0.100s","Scalar","0","3","204","","","","","","","","","","","","","","","","","","","","","","","","","","","","","","","","","","","","stl_algobase.h:1190","tof_fork_g","","","","","","","","","","","","","","","","","","","","","","","","","","","","","","","","","","","","","","","","","","","","","","","","","","","","","","","","","","","","","","","","","","","","","","","","",""
"yggdrasil_decision_forests::model::decision_tree::(anonymous namespace)::FailIfMonotonic","0.0781171","0.460s","0.0781161","0.460s","0.080s","0.080s","Function","","2","223","","","","","","","","","","","","","","","","","","","","","","","","","","","","","","","","","","","","training.cc","tof_fork_g","","","","","","","","","","","","","","","","","","","","","","","","","","","","","","","","","","","","","","","","","","","","","","","","","","","","","","","","","","","","","","","","","","","","","","","","",""
"absl::lts_20250814::from_chars","0.0747207","0.440s","0.0747226","0.440s","0.120s","0.120s","Function","","2","95","","","","","","","","","","","","","","","","","","","","","","","","","","","","","128","AVX512DQ_128","","","","","","charconv.cc","tof_fork_g","301","12332723691","12332723691","0","0","10995440978","2971742860","0","0","0","0","0","0","0","0","0","12332723691","0","0","0","0","0","0","0","0","0","0","0","10995440978","0","0","0","0","0","100","0","200","0","0","0","0","0","0","0","0","0","0","0","0","0","0","0","0","0","0","0","0","891522002","0","315","0","0","0","0","0","0","0","0","0","0","0","0","75"
"_start","0.0747207","0.440s","0","0s","0.440s","0s","Function","","2","42","","","","","","0","","0","","< 0.001","","0.034","","< 0.001","","0.034","","0","","< 0.001","","< 0.001","","< 0.001","","< 0.001","","","","","","","","","","","tof_fork_g","","","","","","","","","","","","","","","","","","","","","","","","","","","","","","","","","","","","","","","","","","","","","","","","","","","","","","","","","","","","","","","","","","","","","","","","",""
"__libc_start_main","0.0747207","0.440s","0","0s","0.440s","0s","Function","","3","3","","","","","","0","","0","","< 0.001","","0.034","","< 0.001","","0.034","","0","","< 0.001","","< 0.001","","< 0.001","","< 0.001","","","","","","","","","","","libc.so.6","","","","","","","","","","","","","","","","","","","","","","","","","","","","","","","","","","","","","","","","","","","","","","","","","","","","","","","","","","","","","","","","","","","","","","","","",""
"main","0.0747207","0.440s","0","0s","0.440s","0s","Function","","4","43","","","","","","0","","0","","< 0.001","","0.034","","< 0.001","","0.034","","0","","< 0.001","","< 0.001","","< 0.001","","< 0.001","Shuffles","UInt16; UInt256; ; ","128","AVX; AVX2","","","","","","train_oblique_forest.cc:1054","tof_fork_g","","","","","","","","","","","","","","","","","","","","","","","","","","","","","","","","","","","","","","","","","","","","","","","","","","","","","","","","","","","","","","","","","","","","","","","","",""
"single_pass_csv::Load","0.0747207","0.440s","0","0s","0.440s","0s","Function","","5","44","","","","","","0","0","0","","< 0.001","0.016","0.026","","< 0.001","0.016","0.026","0","0","< 0.001","< 0.001","< 0.001","< 0.001","< 0.001","< 0.001","","< 0.001","Extracts; FMA; Shuffles; Type Conversions","Int32; Int64; UInt16; UInt256; UInt; ","128/256","AVX; AVX2; AVX512DQ_256; AVX512F_128; AVX512F_256","","","","","","train_oblique_forest.cc","tof_fork_g","","","","","","","","","","","","","","","","","","","","","","","","","","","","","","","","","","","","","","","","","","","","","","","","","","","","","","","","","","","","","","","","","","","","","","","","",""
"[loop in single_pass_csv::Load at status.h]","0.0699657","0.412s","0","0s","0.412s","0s","Vectorized (Body)","1","6","57","","AVX512","64","","","","","","","","","","","","","","","","","","","","","","","","Divisions; Extracts; FMA; Shuffles; Square Roots; Type Conversions","Int32; Int64; UInt16; UInt256; UInt; ; ","128/256","AVX; AVX2; AVX512F_128; AVX512F_256","","","","","","status.h","tof_fork_g","","","","","","","","","","","","","","","","","","","","","","","","","","","","","","","","","","","","","","","","","","","","","","","","","","","","","","","","","","","","","","","","","","","","","","","","",""
"[loop in single_pass_csv::Load at train_oblique_forest.cc:1022]","0.0699657","0.412s","0.0699856","0.412s","0.412s","0.412s","Inside vectorized","0","7","56","","","","","","","","","","","","","","","","","","","","","","","","","","","Extracts; FMA; Mask Manipulations; Type Conversions","Int32; Int64; ","256","AVX512DQ_256; AVX512F_256","","","","","","train_oblique_forest.cc:1022","tof_fork_g","43","1467224536800867879","1467224536800867879","0","0","400016697301320191","47989","0","-36944370010672754","0","0","0","0","0","0","0","1467224536800867879","0","0","0","0","0","0","0","-36944370010672754","0","0","0","-8671319963661225853","0","0","93943879963587","0","0","7149","5482","47153","33301","72723460248141","72723460248141","0","0","0","0","0","0","0","0","0","0","0","0","72723460248141","0","0","0","0","34","353","0","0","0","0","0","0","0","0","0","0","0","0","0","7196"
"fast_csv::ParseNumericCsv","0.00475495","0.028s","0","0s","0.028s","0s","Function","","6","46","","","","","","0","0","0","","< 0.001","0.011","0.028","","< 0.001","0.011","0.028","0","0","< 0.001","< 0.001","< 0.001","< 0.001","< 0.001","< 0.001","","< 0.001","","Int32","128/256","AVX","","","","","","train_oblique_forest.cc","tof_fork_g","","","","","","","","","","","","","","","","","","","","","","","","","","","","","","","","","","","","","","","","","","","","","","","","","","","","","","","","","","","","","","","","","","","","","","","","",""
"__munmap","0.00475495","0.028s","0.00473515","0.028s","0.028s","0.028s","Function","","7","22","","","","","","","","","","","","","","","","","","","","","","","","","","","","","","","","","","","","","libc.so.6","","","","","","","","","","","","","","","","","","","","","","","","","","","","","","","","","","","","","","","","","","","","","","","","","","","","","","","","","","","","","","","","","","","","","","","","",""
"fast_csv::ParallelFor<fast_csv::ParseNumericCsv(std::__cxx11::basic_string<char, std::char_traits<char>, std::allocator<char>> const&, std::vector<std::__cxx11::basic_string<char, std::char_traits<char>, std::allocator<char>>, std::allocator<std::__cxx11::basic_string<char, std::char_traits<char>, std::allocator<char>>>> const&, yggdrasil_decision_forests::dataset::proto::DataSpecification const&, yggdrasil_decision_forests::dataset::VerticalDataset*)::$_3>","0","0s","0","0s","0s","0s","Function","","7","55","","","","","","","0","0","","","0.042","0.042","","","0.042","0.042","0","0","< 0.001","< 0.001","< 0.001","< 0.001","< 0.001","< 0.001","","","","Int32","128/256","AVX","","","","","","train_oblique_forest.cc","tof_fork_g","","","","","","","","","","","","","","","","","","","","","","","","","","","","","","","","","","","","","","","","","","","","","","","","","","","","","","","","","","","","","","","","","","","","","","","","",""
"fast_csv::ParallelFor<fast_csv::ParseNumericCsv(std::__cxx11::basic_string<char, std::char_traits<char>, std::allocator<char>> const&, std::vector<std::__cxx11::basic_string<char, std::char_traits<char>, std::allocator<char>>, std::allocator<std::__cxx11::basic_string<char, std::char_traits<char>, std::allocator<char>>>> const&, yggdrasil_decision_forests::dataset::proto::DataSpecification const&, yggdrasil_decision_forests::dataset::VerticalDataset*)::$_2>","0","0s","0","0s","0s","0s","Function","","7","53","","","","","","","0","0","","","0.029","0.029","","","0.029","0.029","0","0","< 0.001","< 0.001","< 0.001","< 0.001","< 0.001","< 0.001","","","","Int32","128/256","AVX","","","","","","train_oblique_forest.cc","tof_fork_g","","","","","","","","","","","","","","","","","","","","","","","","","","","","","","","","","","","","","","","","","","","","","","","","","","","","","","","","","","","","","","","","","","","","","","","","",""
"yggdrasil_decision_forests::model::AbstractLearner::TrainWithStatus","0","0s","0","0s","0s","0s","Function","","5","58","","","","","","","0","0","","","0.044","0.043","","","0.044","0.043","0","0","< 0.001","< 0.001","< 0.001","< 0.001","< 0.001","< 0.001","","","","","","","","","","","","abstract_learner.cc:352","tof_fork_g","48","11600000","11600000","0","0","240418432","26023424","0","0","0","0","0","0","0","0","0","11600000","0","0","0","0","0","0","0","0","0","0","0","230418432","0","0","0","0","0","414976","0","506368","0","53204224","53204224","0","0","0","0","0","0","0","0","0","53204224","0","0","0","0","0","0","1602304","0","1200000","0","0","0","0","0","0","0","0","0","0","0","0","0","1200000"
"yggdrasil_decision_forests::model::random_forest::RandomForestLearner::TrainWithStatusImpl","0","0s","0","0s","0s","0s","Function","","6","59","","","","","","","0","0","","","0","0.043","","","0","0.043","0","0","0","< 0.001","0","< 0.001","< 0.001","< 0.001","","","","Int32; Int64; UInt16; ; ","128/256","AVX; AVX2; AVX512F_128; AVX512F_256","","","","","","random_forest.cc:452","tof_fork_g","49","432","432","0","0","1968","2880","0","0","0","0","0","0","0","0","0","432","0","0","0","0","0","0","0","0","0","0","0","1968","0","0","0","0","0","864","1056","6912","8448","384","384","0","0","0","0","0","0","0","0","0","384","0","0","0","0","0","0","192","0","144","0","0","0","0","0","0","0","0","0","0","0","0","0","0"
"yggdrasil_decision_forests::utils::concurrency::ThreadPool::ThreadPool","0","0s","0","0s","0s","0s","Function","","7","62","","","","","","","0","0","","","0.066","0.066","","","0.066","0.066","0","0","< 0.001","< 0.001","< 0.001","< 0.001","< 0.001","< 0.001","","","","Int32","128/256","AVX","","","","","","concurrency_default.cc:29","tof_fork_g","","","","","","","","","","","","","","","","","","","","","","","","","","","","","","","","","","","","","","","","","","","","","","","","","","","","","","","","","","","","","","","","","","","","","","","","",""
"[loop in yggdrasil_decision_forests::utils::concurrency::ThreadPool::ThreadPool at concurrency_default.cc:29]","0","n/a","0","n/a","n/a","n/a","Scalar [Not Executed]","0","8","61","","","","","","","","","","","","","","","","","","","","","","","","","","","","UInt16","","","","","","","","concurrency_default.cc:29","tof_fork_g","","","","","","","","","","","","","","","","","","","","","","","","","","","","","","","","","","","","","","","","","","","","","","","","","","","","","","","","","","","","","","","","","","","","","","","","",""
"std::vector<std::thread, std::allocator<std::thread>>::emplace_back<void (void) yggdrasil_decision_forests::utils::concurrency::ThreadPool::*, yggdrasil_decision_forests::utils::concurrency::ThreadPool*>","0","0s","0","0s","0s","0s","Inlined Function","","9","66","","","","","","","","","","","","","","","","","","","","","","","","","","","","Int32","256","AVX","","","","","","vector.tcc:112","tof_fork_g","","","","","","","","","","","","","","","","","","","","","","","","","","","","","","","","","","","","","","","","","","","","","","","","","","","","","","","","","","","","","","","","","","","","","","","","",""
"yggdrasil_decision_forests::model::decision_tree::SetLabelDistribution","0.0713243","0.420s","0.00339621","0.020s","0.080s","0.020s","Function","","2","175","","","","","","","","","","","","","","","","","","","","","","","","","","","Extracts; Gathers; Inserts; Shuffles; Type Conversions","Int32; Int64; UInt16; UInt256; UInt; ; ","128/256","AVX; AVX2; AVX512F_128; AVX512F_256","","","","","","label.cc","tof_fork_g","","","","","","","","","","","","","","","","","","","","","","","","","","","","","","","","","","","","","","","","","","","","","","","","","","","","","","","","","","","","","","","","","","","","","","","","",""
"[loop in yggdrasil_decision_forests::model::decision_tree::SetLabelDistribution at label.cc:56]","0.0645315","0.380s","0.0645323","0.380s","0.080s","0.080s","Scalar","0","3","174","","","","","","","","","","","","","","","","","","","","","","","","","","","","Int64","","","","","","","","label.cc:56","tof_fork_g","","","","","","","","","","","","","","","","","","","","","","","","","","","","","","","","","","","","","","","","","","","","","","","","","","","","","","","","","","","","","","","","","","","","","","","","",""
"[loop in yggdrasil_decision_forests::model::decision_tree::SetLabelDistribution at distribution.h:732]","0.00339639","0.020s","0.00339641","0.020s","0.020s","0.020s","Scalar","0","3","285","","","","","","","","","","","","","","","","","","","","","","","","","","","","Int64","","","","","","","","distribution.h:732","tof_fork_g","","","","","","","","","","","","","","","","","","","","","","","","","","","","","","","","","","","","","","","","","","","","","","","","","","","","","","","","","","","","","","","","","","","","","","","","",""
"std::mersenne_twister_engine<unsigned long, (unsigned long)32, (unsigned long)624, (unsigned long)397, (unsigned long)31, (unsigned long)2567483615, (unsigned long)11, (unsigned long)4294967295, (unsigned long)7, (unsigned long)2636928640, (unsigned long)15, (unsigned long)4022730752, (unsigned long)18, (unsigned long)1812433253>::operator()","0.0645315","0.380s","0.0543432","0.320s","0.060s","0.060s","Function","","2","187","","","","","","","","","","","","","","","","","","","","","","","","","","","Shifts","UInt16; ","256","AVX; AVX2; AVX512F_256","","","","","","random.tcc:455","tof_fork_g","","","","","","","","","","","","","","","","","","","","","","","","","","","","","","","","","","","","","","","","","","","","","","","","","","","","","","","","","","","","","","","","","","","","","","","","",""
"std::mersenne_twister_engine<unsigned long, (unsigned long)32, (unsigned long)624, (unsigned long)397, (unsigned long)31, (unsigned long)2567483615, (unsigned long)11, (unsigned long)4294967295, (unsigned long)7, (unsigned long)2636928640, (unsigned long)15, (unsigned long)4022730752, (unsigned long)18, (unsigned long)1812433253>::_M_gen_rand","0.0101892","0.060s","0","0s","0.020s","0s","Inlined Function","","3","230","","","","","","","","","","","","","","","","","","","","","","","","","","","Shifts","UInt16; ","256","AVX; AVX2; AVX512F_256","","","","","","random.tcc:399","tof_fork_g","","","","","","","","","","","","","","","","","","","","","","","","","","","","","","","","","","","","","","","","","","","","","","","","","","","","","","","","","","","","","","","","","","","","","","","","",""
"[loop in std::mersenne_twister_engine<unsigned long, (unsigned long)32, (unsigned long)624, (unsigned long)397, (unsigned long)31, (unsigned long)2567483615, (unsigned long)11, (unsigned long)4294967295, (unsigned long)7, (unsigned long)2636928640, (unsigned long)15, (unsigned long)4022730752, (unsigned long)18, (unsigned long)1812433253>::_M_gen_rand at random.tcc:404]","0.00679279","0.040s","0.00679272","0.040s","0.020s","0.020s","Vectorized (Body)","0","4","229","","AVX512","16","","","","","","","","","","","","","","","","","","","","","","","","Shifts","UInt16; ","256","AVX; AVX2; AVX512F_256","","","","","","random.tcc:404","tof_fork_g","","","","","","","","","","","","","","","","","","","","","","","","","","","","","","","","","","","","","","","","","","","","","","","","","","","","","","","","","","","","","","","","","","","","","","","","",""
"[loop in std::mersenne_twister_engine<unsigned long, (unsigned long)32, (unsigned long)624, (unsigned long)397, (unsigned long)31, (unsigned long)2567483615, (unsigned long)11, (unsigned long)4294967295, (unsigned long)7, (unsigned long)2636928640, (unsigned long)15, (unsigned long)4022730752, (unsigned long)18, (unsigned long)1812433253>::_M_gen_rand at random.tcc:412]","0.00339639","0.020s","0.00339609","0.020s","0.020s","0.020s","Vectorized (Body)","0","4","299","","AVX512","16","","","","","","","","","","","","","","","","","","","","","","","","Shifts","UInt16; ","256","AVX; AVX2; AVX512F_256","","","","","","random.tcc:412","tof_fork_g","","","","","","","","","","","","","","","","","","","","","","","","","","","","","","","","","","","","","","","","","","","","","","","","","","","","","","","","","","","","","","","","","","","","","","","","",""
"malloc","0.0645315","0.380s","0.064532","0.380s","0.100s","0.100s","Function","","2","23","","","","","","","","","","","","","","","","","","","","","","","","","","","","","","","","","","","","","libc.so.6","","","","","","","","","","","","","","","","","","","","","","","","","","","","","","","","","","","","","","","","","","","","","","","","","","","","","","","","","","","","","","","","","","","","","","","","",""
"yggdrasil_decision_forests::model::decision_tree::FindBestConditionSparseObliqueTemplate<yggdrasil_decision_forests::model::decision_tree::ClassificationLabelStats>","0.0577387","0.340s","0","0s","0.100s","0s","Function","","2","129","","","","","","","","","","","","","","","","","","","","","","","","","","","","Int32; UInt16; ","128","AVX; AVX512F_128","","","","","","oblique.cc","tof_fork_g","","","","","","","","","","","","","","","","","","","","","","","","","","","","","","","","","","","","","","","","","","","","","","","","","","","","","","","","","","","","","","","","","","","","","","","","",""
"[loop in yggdrasil_decision_forests::model::decision_tree::FindBestConditionSparseObliqueTemplate<yggdrasil_decision_forests::model::decision_tree::ClassificationLabelStats> at status.h]","0.0407567","0.240s","0.0407569","0.240s","0.060s","0.060s","Vectorized (Body)","0","3","128","","AVX","2","","","","","","","","","","","","","","","","","","","","","","","","","Int32","128","AVX","","","","","","status.h","tof_fork_g","","","","","","","","","","","","","","","","","","","","","","","","","","","","","","","","","","","","","","","","","","","","","","","","","","","","","","","","","","","","","","","","","","","","","","","","",""
"[loop in yggdrasil_decision_forests::model::decision_tree::FindBestConditionSparseObliqueTemplate<yggdrasil_decision_forests::model::decision_tree::ClassificationLabelStats> at oblique.cc:139]","0.016982","0.100s","0","0s","0.040s","0s","Scalar Versions","0","3","386","","","","","","","","","","","","","","","","","","","","","","","","","","","","","","","","","","","","oblique.cc:139","tof_fork_g","","","","","","","","","","","","","","","","","","","","","","","","","","","","","","","","","","","","","","","","","","","","","","","","","","","","","","","","","","","","","","","","","","","","","","","","",""
"[loop in yggdrasil_decision_forests::model::decision_tree::FindBestConditionSparseObliqueTemplate<yggdrasil_decision_forests::model::decision_tree::ClassificationLabelStats> at oblique.cc:139]","0.016982","0.100s","0.0169814","0.100s","0.040s","0.040s","Scalar","0","3","176","","","","","","","","","","","","","","","","","","","","","","","","","","","","","","","","","","","","oblique.cc:139","tof_fork_g","","","","","","","","","","","","","","","","","","","","","","","","","","","","","","","","","","","","","","","","","","","","","","","","","","","","","","","","","","","","","","","","","","","","","","","","",""
"hwy::N_AVX3_SPR::detail::Sort8Rows<(unsigned long)4, hwy::N_AVX3_SPR::detail::SharedTraits<hwy::N_AVX3_SPR::detail::TraitsLane<hwy::N_AVX3_SPR::detail::OrderAscending<unsigned long>>>, unsigned long>","0.0543423","0.320s","0.0543425","0.320s","0.060s","0.060s","Function","","2","184","","","","","","","","","","","","","","","","","","","","","","","","","","","2-Source Permutes; Blends; Permutes; Shuffles","UInt16; UInt256; ; ","256","AVX; AVX2; AVX512F_256","","","","","","vqsort-inl.h:337","tof_fork_g","","","","","","","","","","","","","","","","","","","","","","","","","","","","","","","","","","","","","","","","","","","","","","","","","","","","","","","","","","","","","","","","","","","","","","","","",""
"func@0xbc410","0.0509459","0.300s","0.0509452","0.300s","0.080s","0.080s","Function","","2","24","","","","","","","","","","","","","","","","","","","","","","","","","","","","","","","","","","","","","libc.so.6","","","","","","","","","","","","","","","","","","","","","","","","","","","","","","","","","","","","","","","","","","","","","","","","","","","","","","","","","","","","","","","","","","","","","","","","",""
"absl::lts_20250814::SimpleAtof","0.0441531","0.260s","0.0305684","0.180s","0.100s","0.080s","Function","","2","94","","","","","","","","","","","","","","","","","","","","","","","","","","","","","","","","","","","","numbers.cc","tof_fork_g","","","","","","","","","","","","","","","","","","","","","","","","","","","","","","","","","","","","","","","","","","","","","","","","","","","","","","","","","","","","","","","","","","","","","","","","",""
"[loop in absl::lts_20250814::SimpleAtof at stl_algobase.h:2095]","0.0135856","0.080s","0","0s","0.020s","0s","Scalar Versions","0","3","383","","","","","","","","","","","","","","","","","","","","","","","","","","","","","","","","","","","","stl_algobase.h:2095","tof_fork_g","","","","","","","","","","","","","","","","","","","","","","","","","","","","","","","","","","","","","","","","","","","","","","","","","","","","","","","","","","","","","","","","","","","","","","","","",""
"[loop in absl::lts_20250814::SimpleAtof at stl_algobase.h:2095]","0.0135856","0.080s","0.0135857","0.080s","0.020s","0.020s","Scalar","0","3","100","","","","","","","","","","","","","","","","","","","","","","","","","","","","","","","","","","","","stl_algobase.h:2095","tof_fork_g","","","","","","","","","","","","","","","","","","","","","","","","","","","","","","","","","","","","","","","","","","","","","","","","","","","","","","","","","","","","","","","","","","","","","","","","",""
"yggdrasil_decision_forests::model::decision_tree::EvaluateProjection<yggdrasil_decision_forests::model::decision_tree::ClassificationLabelStats, std::vector<int, std::allocator<int>>>","0.0373603","0.220s","0.0373609","0.220s","0.060s","0.060s","Function","","2","130","","","","","","","","","","","","","","","","","","","","","","","","","","","","Int32","128/256","AVX","","","","","","oblique.cc","tof_fork_g","","","","","","","","","","","","","","","","","","","","","","","","","","","","","","","","","","","","","","","","","","","","","","","","","","","","","","","","","","","","","","","","","","","","","","","","",""
"std::__introsort_loop<__gnu_cxx::__normal_iterator<unsigned int*, std::vector<unsigned int, std::allocator<unsigned int>>>, long, __gnu_cxx::__ops::_Iter_less_iter>","0.0373603","0.220s","0","0s","0.020s","0s","Function","","2","117","","","","","","","","","","","","","","","","","","","","","","","","","","","","","","","","","","","","stl_algo.h","tof_fork_g","","","","","","","","","","","","","","","","","","","","","","","","","","","","","","","","","","","","","","","","","","","","","","","","","","","","","","","","","","","","","","","","","","","","","","","","",""
"[loop in std::__introsort_loop<__gnu_cxx::__normal_iterator<unsigned int*, std::vector<unsigned int, std::allocator<unsigned int>>>, long, __gnu_cxx::__ops::_Iter_less_iter> at stl_algo.h:1841]","0.0373603","0.220s","0","0s","0.020s","0s","Scalar","2","3","116","","","","","","","","","","","","","","","","","","","","","","","","","","","","","","","","","","","","stl_algo.h:1841","tof_fork_g","","","","","","","","","","","","","","","","","","","","","","","","","","","","","","","","","","","","","","","","","","","","","","","","","","","","","","","","","","","","","","","","","","","","","","","","",""
"[loop in std::__introsort_loop<__gnu_cxx::__normal_iterator<unsigned int*, std::vector<unsigned int, std::allocator<unsigned int>>>, long, __gnu_cxx::__ops::_Iter_less_iter> at stl_algo.h:1834]","0.0373603","0.220s","0.0135856","0.080s","0.020s","0.020s","Scalar","1","4","119","","","","","","","","","","","","","","","","","","","","","","","","","","","","","","","","","","","","stl_algo.h:1834","tof_fork_g","","","","","","","","","","","","","","","","","","","","","","","","","","","","","","","","","","","","","","","","","","","","","","","","","","","","","","","","","","","","","","","","","","","","","","","","",""
"[loop in std::__introsort_loop<__gnu_cxx::__normal_iterator<unsigned int*, std::vector<unsigned int, std::allocator<unsigned int>>>, long, __gnu_cxx::__ops::_Iter_less_iter> at stl_algo.h:1839]","0.0203784","0.120s","0.0203784","0.120s","0.020s","0.020s","Scalar","0","5","118","","","","","","","","","","","","","","","","","","","","","","","","","","","","","","","","","","","","stl_algo.h:1839","tof_fork_g","","","","","","","","","","","","","","","","","","","","","","","","","","","","","","","","","","","","","","","","","","","","","","","","","","","","","","","","","","","","","","","","","","","","","","","","",""
"[loop in std::__introsort_loop<__gnu_cxx::__normal_iterator<unsigned int*, std::vector<unsigned int, std::allocator<unsigned int>>>, long, __gnu_cxx::__ops::_Iter_less_iter> at stl_algo.h:1836]","0.00339639","0.020s","0.00339639","0.020s","0.020s","0.020s","Scalar","0","5","267","","","","","","","","","","","","","","","","","","","","","","","","","","","","","","","","","","","","stl_algo.h:1836","tof_fork_g","","","","","","","","","","","","","","","","","","","","","","","","","","","","","","","","","","","","","","","","","","","","","","","","","","","","","","","","","","","","","","","","","","","","","","","","",""
"std::binomial_distribution<unsigned long>::operator()<std::mersenne_twister_engine<unsigned long, (unsigned long)32, (unsigned long)624, (unsigned long)397, (unsigned long)31, (unsigned long)2567483615, (unsigned long)11, (unsigned long)4294967295, (unsigned long)7, (unsigned long)2636928640, (unsigned long)15, (unsigned long)4022730752, (unsigned long)18, (unsigned long)1812433253>>","0.0339639","0.200s","0.0339653","0.200s","0.040s","0.040s","Function","","2","165","","","","","","","","","","","","","","","","","","","","","","","","","","","Shifts","Int64; UInt16; ","128/256","AVX; AVX2; AVX512DQ_128; AVX512F_256","","","","","","random.tcc:1567","tof_fork_g","","","","","","","","","","","","","","","","","","","","","","","","","","","","","","","","","","","","","","","","","","","","","","","","","","","","","","","","","","","","","","","","","","","","","","","","",""
"__libc_free","0.0339639","0.200s","0.0339646","0.200s","0.060s","0.060s","Function","","2","25","","","","","","","","","","","","","","","","","","","","","","","","","","","","","","","","","","","","","libc.so.6","","","","","","","","","","","","","","","","","","","","","","","","","","","","","","","","","","","","","","","","","","","","","","","","","","","","","","","","","","","","","","","","","","","","","","","","",""
"yggdrasil_decision_forests::model::decision_tree::EvalConditionOnDataset","0.0339639","0.200s","0.00339653","0.020s","0.040s","0.020s","Function","","2","156","","","","","","","","","","","","","","","","","","","","","","","","","","","","Int32","128/256","AVX","","","","","","decision_tree.cc","tof_fork_g","","","","","","","","","","","","","","","","","","","","","","","","","","","","","","","","","","","","","","","","","","","","","","","","","","","","","","","","","","","","","","","","","","","","","","","","",""
"[loop in yggdrasil_decision_forests::model::decision_tree::EvalConditionOnDataset at decision_tree.cc]","0.0237748","0.140s","0.0237744","0.140s","0.040s","0.040s","Scalar","0","3","155","","","","","","","","","","","","","","","","","","","","","","","","","","","","","","","","","","","","decision_tree.cc","tof_fork_g","","","","","","","","","","","","","","","","","","","","","","","","","","","","","","","","","","","","","","","","","","","","","","","","","","","","","","","","","","","","","","","","","","","","","","","","",""
"[loop in yggdrasil_decision_forests::model::decision_tree::EvalConditionOnDataset at vector.tcc:114]","0.00339639","0.020s","0.00339641","0.020s","0.020s","0.020s","Scalar","0","3","208","","","","","","","","","","","","","","","","","","","","","","","","","","","","","","","","","","","","vector.tcc:114","tof_fork_g","","","","","","","","","","","","","","","","","","","","","","","","","","","","","","","","","","","","","","","","","","","","","","","","","","","","","","","","","","","","","","","","","","","","","","","","",""
"[loop in yggdrasil_decision_forests::model::decision_tree::EvalConditionOnDataset at stl_algo.h:1044]","0.00339639","0.020s","0","0s","0.020s","0s","Scalar Versions","0","3","385","","","","","","","","","","","","","","","","","","","","","","","","","","","","","","","","","","","","stl_algo.h:1044","tof_fork_g","","","","","","","","","","","","","","","","","","","","","","","","","","","","","","","","","","","","","","","","","","","","","","","","","","","","","","","","","","","","","","","","","","","","","","","","",""
"[loop in yggdrasil_decision_forests::model::decision_tree::EvalConditionOnDataset at stl_algo.h:1044]","0.00339639","0.020s","0.00339639","0.020s","0.020s","0.020s","Scalar","0","3","295","","","","","","","","","","","","","","","","","","","","","","","","","","","","","","","","","","","","stl_algo.h:1044","tof_fork_g","","","","","","","","","","","","","","","","","","","","","","","","","","","","","","","","","","","","","","","","","","","","","","","","","","","","","","","","","","","","","","","","","","","","","","","","",""
"yggdrasil_decision_forests::model::decision_tree::FindBestConditionSingleThreadManager","0.0339639","0.200s","0.0339634","0.200s","0.060s","0.060s","Function","","2","125","","","","","","","","","","","","","","","","","","","","","","","","","","","","","","","","","","","","training.cc","tof_fork_g","","","","","","","","","","","","","","","","","","","","","","","","","","","","","","","","","","","","","","","","","","","","","","","","","","","","","","","","","","","","","","","","","","","","","","","","",""
"absl::lts_20250814::container_internal::btree_set_container<absl::lts_20250814::container_internal::btree<absl::lts_20250814::container_internal::set_params<unsigned long, std::less<unsigned long>, std::allocator<unsigned long>, (int)256, (bool)0>>>::insert","0.0339639","0.200s","0.00679276","0.040s","0.040s","0.020s","Function","","2","193","","","","","","","","","","","","","","","","","","","","","","","","","","","","Int32; UInt16; ","256","AVX; AVX512F_256","","","","","","btree_container.h:331","tof_fork_g","","","","","","","","","","","","","","","","","","","","","","","","","","","","","","","","","","","","","","","","","","","","","","","","","","","","","","","","","","","","","","","","","","","","","","","","",""
"absl::lts_20250814::container_internal::btree<absl::lts_20250814::container_internal::set_params<unsigned long, std::less<unsigned long>, std::allocator<unsigned long>, (int)256, (bool)0>>::insert_unique<unsigned long, unsigned long const&>","0.0271712","0.160s","0","0s","0.040s","0s","Inlined Function","","3","200","","","","","","","","","","","","","","","","","","","","","","","","","","","","Int32; UInt16; ","256","AVX; AVX512F_256","","","","","","btree.h:2373","tof_fork_g","","","","","","","","","","","","","","","","","","","","","","","","","","","","","","","","","","","","","","","","","","","","","","","","","","","","","","","","","","","","","","","","","","","","","","","","",""
"[loop in absl::lts_20250814::container_internal::btree<absl::lts_20250814::container_internal::set_params<unsigned long, std::less<unsigned long>, std::allocator<unsigned long>, (int)256, (bool)0>>::insert_unique<unsigned long, unsigned long const&> at btree.h:2379]","0.016982","0.100s","0.00339633","0.020s","0.020s","0.020s","Scalar","1","4","215","","","","","","","","","","","","","","","","","","","","","","","","","","","Mask Manipulations; Unpacks","","","","","","","","","btree.h:2379","tof_fork_g","","","","","","","","","","","","","","","","","","","","","","","","","","","","","","","","","","","","","","","","","","","","","","","","","","","","","","","","","","","","","","","","","","","","","","","","",""
"absl::lts_20250814::container_internal::btree<absl::lts_20250814::container_internal::set_params<unsigned long, std::less<unsigned long>, std::allocator<unsigned long>, (int)256, (bool)0>>::internal_locate<unsigned long>","0.0135856","0.080s","0","0s","0.020s","0s","Inlined Function","","5","214","","","","","","","","","","","","","","","","","","","","","","","","","","","","","256","AVX512F_256","","","","","","btree.h:2993","tof_fork_g","","","","","","","","","","","","","","","","","","","","","","","","","","","","","","","","","","","","","","","","","","","","","","","","","","","","","","","","","","","","","","","","","","","","","","","","",""
"absl::lts_20250814::container_internal::btree_node<absl::lts_20250814::container_internal::set_params<unsigned long, std::less<unsigned long>, std::allocator<unsigned long>, (int)256, (bool)0>>::lower_bound<unsigned long>","0.0101892","0.060s","0","0s","0.020s","0s","Inlined Function","","6","264","","","","","","","","","","","","","","","","","","","","","","","","","","","","","256","AVX512F_256","","","","","","btree.h:776","tof_fork_g","","","","","","","","","","","","","","","","","","","","","","","","","","","","","","","","","","","","","","","","","","","","","","","","","","","","","","","","","","","","","","","","","","","","","","","","",""
"absl::lts_20250814::container_internal::btree_node<absl::lts_20250814::container_internal::set_params<unsigned long, std::less<unsigned long>, std::allocator<unsigned long>, (int)256, (bool)0>>::linear_search<unsigned long, absl::lts_20250814::container_internal::key_compare_adapter<std::less<unsigned long>, unsigned long>::checked_compare>","0.0101892","0.060s","0","0s","0.020s","0s","Inlined Function","","7","263","","","","","","","","","","","","","","","","","","","","","","","","","","","","","256","AVX512F_256","","","","","","btree.h:791","tof_fork_g","","","","","","","","","","","","","","","","","","","","","","","","","","","","","","","","","","","","","","","","","","","","","","","","","","","","","","","","","","","","","","","","","","","","","","","","",""
"absl::lts_20250814::container_internal::btree_node<absl::lts_20250814::container_internal::set_params<unsigned long, std::less<unsigned long>, std::allocator<unsigned long>, (int)256, (bool)0>>::linear_search_impl<unsigned long, absl::lts_20250814::container_internal::key_compare_adapter<std::less<unsigned long>, unsigned long>::checked_compare>","0.0101892","0.060s","0.00679265","0.040s","0.020s","0.020s","Inlined Function","","8","262","","","","","","","","","","","","","","","","","","","","","","","","","","","","","256","AVX512F_256","","","","","","btree.h:806","tof_fork_g","","","","","","","","","","","","","","","","","","","","","","","","","","","","","","","","","","","","","","","","","","","","","","","","","","","","","","","","","","","","","","","","","","","","","","","","",""
"[loop in absl::lts_20250814::container_internal::btree_node<absl::lts_20250814::container_internal::set_params<unsigned long, std::less<unsigned long>, std::allocator<unsigned long>, (int)256, (bool)0>>::linear_search_impl<unsigned long, absl::lts_20250814::container_internal::key_compare_adapter<std::less<unsigned long>, unsigned long>::checked_compare> at btree.h:809]","0.00339639","0.020s","0.00339577","0.020s","0.020s","0.020s","Scalar","0","9","261","","","","","","","","","","","","","","","","","","","","","","","","","","","","","","","","","","","","btree.h:809","tof_fork_g","","","","","","","","","","","","","","","","","","","","","","","","","","","","","","","","","","","","","","","","","","","","","","","","","","","","","","","","","","","","","","","","","","","","","","","","",""
"[loop in absl::lts_20250814::container_internal::btree<absl::lts_20250814::container_internal::set_params<unsigned long, std::less<unsigned long>, std::allocator<unsigned long>, (int)256, (bool)0>>::internal_locate<unsigned long> at btree.h:2993]","0.00339639","0.020s","0","0s","0.020s","0s","Scalar","0","6","213","","","","","","","","","","","","","","","","","","","","","","","","","","","","","","","","","","","","btree.h:2993","tof_fork_g","","","","","","","","","","","","","","","","","","","","","","","","","","","","","","","","","","","","","","","","","","","","","","","","","","","","","","","","","","","","","","","","","","","","","","","","",""
"absl::lts_20250814::container_internal::btree_node<absl::lts_20250814::container_internal::set_params<unsigned long, std::less<unsigned long>, std::allocator<unsigned long>, (int)256, (bool)0>>::is_leaf","0.00339639","0.020s","0.00339638","0.020s","0.020s","0.020s","Inlined Function","","7","212","","","","","","","","","","","","","","","","","","","","","","","","","","","","","","","","","","","","btree.h:679","tof_fork_g","","","","","","","","","","","","","","","","","","","","","","","","","","","","","","","","","","","","","","","","","","","","","","","","","","","","","","","","","","","","","","","","","","","","","","","","",""
"absl::lts_20250814::container_internal::btree<absl::lts_20250814::container_internal::set_params<unsigned long, std::less<unsigned long>, std::allocator<unsigned long>, (int)256, (bool)0>>::internal_emplace<unsigned long const&>","0.00679279","0.040s","0.00339617","0.020s","0.020s","0.020s","Inlined Function","","4","199","","","","","","","","","","","","","","","","","","","","","","","","","","","","Int32; UInt16","256","AVX","","","","","","btree.h:2914","tof_fork_g","","","","","","","","","","","","","","","","","","","","","","","","","","","","","","","","","","","","","","","","","","","","","","","","","","","","","","","","","","","","","","","","","","","","","","","","",""
"absl::lts_20250814::container_internal::btree<absl::lts_20250814::container_internal::set_params<unsigned long, std::less<unsigned long>, std::allocator<unsigned long>, (int)256, (bool)0>>::internal_emplace<unsigned long const&>(absl::lts_20250814::container_internal::btree_iterator<absl::lts_20250814::container_internal::btree_node<absl::lts_20250814::container_internal::set_params<unsigned long, std::less<unsigned long>, std::allocator<unsigned long>, (int)256, (bool)0>>, unsigned long const&, unsigned long const*>, unsigned long const&&&)::{lambda(unsigned char)#1}::operator()","0.00339639","0.020s","0","0s","0.020s","0s","Inlined Function","","5","198","","","","","","","","","","","","","","","","","","","","","","","","","","","","Int32; UInt16","256","AVX","","","","","","btree.h:2934","tof_fork_g","","","","","","","","","","","","","","","","","","","","","","","","","","","","","","","","","","","","","","","","","","","","","","","","","","","","","","","","","","","","","","","","","","","","","","","","",""
"absl::lts_20250814::container_internal::btree<absl::lts_20250814::container_internal::set_params<unsigned long, std::less<unsigned long>, std::allocator<unsigned long>, (int)256, (bool)0>>::internal_emplace<unsigned long const&>(absl::lts_20250814::container_internal::btree_iterator<absl::lts_20250814::container_internal::btree_node<absl::lts_20250814::container_internal::set_params<unsigned long, std::less<unsigned long>, std::allocator<unsigned long>, (int)256, (bool)0>>, unsigned long const&, unsigned long const*>, unsigned long const&&&)::{lambda(absl::lts_20250814::container_internal::btree_node<absl::lts_20250814::container_internal::set_params<unsigned long, std::less<unsigned long>, std::allocator<unsigned long>, (int)256, (bool)0>>*absl::lts_20250814::container_internal::btree_node<absl::lts_20250814::container_internal::set_params<unsigned long, std::less<unsigned long>, std::allocator<unsigned long>, (int)256, (bool)0>>*)#1}::operator()","0.00339639","0.020s","0","0s","0.020s","0s","Inlined Function","","6","227","","","","","","","","","","","","","","","","","","","","","","","","","","","","Int32; UInt16","256","AVX","","","","","","btree.h:2925","tof_fork_g","","","","","","","","","","","","","","","","","","","","","","","","","","","","","","","","","","","","","","","","","","","","","","","","","","","","","","","","","","","","","","","","","","","","","","","","",""
"absl::lts_20250814::container_internal::btree_node<absl::lts_20250814::container_internal::set_params<unsigned long, std::less<unsigned long>, std::allocator<unsigned long>, (int)256, (bool)0>>::transfer_n","0.00339639","0.020s","0","0s","0.020s","0s","Inlined Function","","7","326","","","","","","","","","","","","","","","","","","","","","","","","","","","","Int32; UInt16","256","AVX","","","","","","btree.h:1014","tof_fork_g","","","","","","","","","","","","","","","","","","","","","","","","","","","","","","","","","","","","","","","","","","","","","","","","","","","","","","","","","","","","","","","","","","","","","","","","",""
"[loop in absl::lts_20250814::container_internal::btree_node<absl::lts_20250814::container_internal::set_params<unsigned long, std::less<unsigned long>, std::allocator<unsigned long>, (int)256, (bool)0>>::transfer_n at btree.h:1018]","0.00339639","0.020s","0.00339636","0.020s","0.020s","0.020s","Scalar","0","8","325","","","","","","","","","","","","","","","","","","","","","","","","","","","","","","","","","","","","btree.h:1018","tof_fork_g","","","","","","","","","","","","","","","","","","","","","","","","","","","","","","","","","","","","","","","","","","","","","","","","","","","","","","","","","","","","","","","","","","","","","","","","",""
"absl::lts_20250814::container_internal::btree<absl::lts_20250814::container_internal::set_params<unsigned long, std::less<unsigned long>, std::allocator<unsigned long>, (int)256, (bool)0>>::internal_last<absl::lts_20250814::container_internal::btree_iterator<absl::lts_20250814::container_internal::btree_node<absl::lts_20250814::container_internal::set_params<unsigned long, std::less<unsigned long>, std::allocator<unsigned long>, (int)256, (bool)0>>, unsigned long const&, unsigned long const*>>","0.00339639","0.020s","0","0s","0.020s","0s","Inlined Function","","4","226","","","","","","","","","","","","","","","","","","","","","","","","","","","","","","","","","","","","btree.h:2898","tof_fork_g","","","","","","","","","","","","","","","","","","","","","","","","","","","","","","","","","","","","","","","","","","","","","","","","","","","","","","","","","","","","","","","","","","","","","","","","",""
"[loop in absl::lts_20250814::container_internal::btree<absl::lts_20250814::container_internal::set_params<unsigned long, std::less<unsigned long>, std::allocator<unsigned long>, (int)256, (bool)0>>::internal_last<absl::lts_20250814::container_internal::btree_iterator<absl::lts_20250814::container_internal::btree_node<absl::lts_20250814::container_internal::set_params<unsigned long, std::less<unsigned long>, std::allocator<unsigned long>, (int)256, (bool)0>>, unsigned long const&, unsigned long const*>> at btree.h:2900]","0.00339639","0.020s","0","0s","0.020s","0s","Scalar","0","5","225","","","","","","","","","","","","","","","","","","","","","","","","","","","","","","","","","","","","btree.h:2900","tof_fork_g","","","","","","","","","","","","","","","","","","","","","","","","","","","","","","","","","","","","","","","","","","","","","","","","","","","","","","","","","","","","","","","","","","","","","","","","",""
"absl::lts_20250814::container_internal::btree_node<absl::lts_20250814::container_internal::set_params<unsigned long, std::less<unsigned long>, std::allocator<unsigned long>, (int)256, (bool)0>>::is_leaf","0.00339639","0.020s","0.00339646","0.020s","0.020s","0.020s","Inlined Function","","6","224","","","","","","","","","","","","","","","","","","","","","","","","","","","","","","","","","","","","btree.h:679","tof_fork_g","","","","","","","","","","","","","","","","","","","","","","","","","","","","","","","","","","","","","","","","","","","","","","","","","","","","","","","","","","","","","","","","","","","","","","","","",""
"func@0xbab10","0.0237748","0.140s","0.0135857","0.080s","0.040s","0.020s","Function","","2","26","","","","","","","","","","","","","","","","","","","","","","","","","","","Shuffles; Unpacks","UInt16; Variable; ","128/256","AVX; AVX2","","","","","","","libc.so.6","","","","","","","","","","","","","","","","","","","","","","","","","","","","","","","","","","","","","","","","","","","","","","","","","","","","","","","","","","","","","","","","","","","","","","","","",""
"[loop in func@0xbab10]","0.00679279","0.040s","0","0s","0.020s","0s","Scalar","3","3","36","","","","","","","","","","","","","","","","","","","","","","","","","","","","","","","","","","","","","libc.so.6","","","","","","","","","","","","","","","","","","","","","","","","","","","","","","","","","","","","","","","","","","","","","","","","","","","","","","","","","","","","","","","","","","","","","","","","",""
"[loop in func@0xbab10]","0.00679279","0.040s","0","0s","0.020s","0s","Scalar","2","4","35","","","","","","","","","","","","","","","","","","","","","","","","","","","","","","","","","","","","","libc.so.6","","","","","","","","","","","","","","","","","","","","","","","","","","","","","","","","","","","","","","","","","","","","","","","","","","","","","","","","","","","","","","","","","","","","","","","","",""
"[loop in func@0xbab10]","0.00679279","0.040s","0.00339634","0.020s","0.020s","0.020s","Scalar","1","5","34","","","","","","","","","","","","","","","","","","","","","","","","","","","","","","","","","","","","","libc.so.6","","","","","","","","","","","","","","","","","","","","","","","","","","","","","","","","","","","","","","","","","","","","","","","","","","","","","","","","","","","","","","","","","","","","","","","","",""
"[loop in func@0xbab10]","0.00339639","0.020s","0.00339616","0.020s","0.020s","0.020s","Scalar","0","6","37","","","","","","","","","","","","","","","","","","","","","","","","","","","","","","","","","","","","","libc.so.6","","","","","","","","","","","","","","","","","","","","","","","","","","","","","","","","","","","","","","","","","","","","","","","","","","","","","","","","","","","","","","","","","","","","","","","","",""
"[loop in func@0xbab10]","0.00339639","0.020s","0.0033965","0.020s","0.020s","0.020s","Vectorized (Body)","0","3","29","","AVX2","16","","","","","","","","","","","","","","","","","","","","","","","","Shuffles; Unpacks","UInt16; UInt256; Variable; ","128/256","AVX; AVX2","","","","","","","libc.so.6","","","","","","","","","","","","","","","","","","","","","","","","","","","","","","","","","","","","","","","","","","","","","","","","","","","","","","","","","","","","","","","","","","","","","","","","",""
"absl::lts_20250814::container_internal::btree_node<absl::lts_20250814::container_internal::set_params<unsigned long, std::less<unsigned long>, std::allocator<unsigned long>, (int)256, (bool)0>>::clear_and_delete","0.016982","0.100s","0.0135856","0.080s","0.040s","0.040s","Function","","2","218","","","","","","","","","","","","","","","","","","","","","","","","","","","","","","","","","","","","btree.h:2026","tof_fork_g","","","","","","","","","","","","","","","","","","","","","","","","","","","","","","","","","","","","","","","","","","","","","","","","","","","","","","","","","","","","","","","","","","","","","","","","",""
"absl::lts_20250814::container_internal::btree_node<absl::lts_20250814::container_internal::set_params<unsigned long, std::less<unsigned long>, std::allocator<unsigned long>, (int)256, (bool)0>>::LeafSize","0.00339639","0.020s","0","0s","0.020s","0s","Inlined Function","","3","221","","","","","","","","","","","","","","","","","","","","","","","","","","","","","","","","","","","","btree.h:637","tof_fork_g","","","","","","","","","","","","","","","","","","","","","","","","","","","","","","","","","","","","","","","","","","","","","","","","","","","","","","","","","","","","","","","","","","","","","","","","",""
"absl::lts_20250814::container_internal::internal_layout::LayoutImpl<std::tuple<absl::lts_20250814::container_internal::btree_node<absl::lts_20250814::container_internal::set_params<unsigned long, std::less<unsigned long>, std::allocator<unsigned long>, (int)256, (bool)0>>*, unsigned int, unsigned char, unsigned long, absl::lts_20250814::container_internal::btree_node<absl::lts_20250814::container_internal::set_params<unsigned long, std::less<unsigned long>, std::allocator<unsigned long>, (int)256, (bool)0>>*>, std::integer_sequence<unsigned long, (unsigned long)1, (unsigned long)0, (unsigned long)4>, std::integer_sequence<unsigned long, (unsigned long)0, (unsigned long)1>, std::integer_sequence<unsigned long, (unsigned long)0, (unsigned long)1, (unsigned long)2, (unsigned long)3, (unsigned long)4>, std::integer_sequence<unsigned long, (unsigned long)0, (unsigned long)1, (unsigned long)2, (unsigned long)3, (unsigned long)4>>::AllocSize","0.00339639","0.020s","0","0s","0.020s","0s","Inlined Function","","4","220","","","","","","","","","","","","","","","","","","","","","","","","","","","","","","","","","","","","layout.h:608","tof_fork_g","","","","","","","","","","","","","","","","","","","","","","","","","","","","","","","","","","","","","","","","","","","","","","","","","","","","","","","","","","","","","","","","","","","","","","","","",""
"absl::lts_20250814::container_internal::internal_layout::LayoutImpl<std::tuple<absl::lts_20250814::container_internal::btree_node<absl::lts_20250814::container_internal::set_params<unsigned long, std::less<unsigned long>, std::allocator<unsigned long>, (int)256, (bool)0>>*, unsigned int, unsigned char, unsigned long, absl::lts_20250814::container_internal::btree_node<absl::lts_20250814::container_internal::set_params<unsigned long, std::less<unsigned long>, std::allocator<unsigned long>, (int)256, (bool)0>>*>, std::integer_sequence<unsigned long, (unsigned long)1, (unsigned long)0, (unsigned long)4>, std::integer_sequence<unsigned long, (unsigned long)0, (unsigned long)1>, std::integer_sequence<unsigned long, (unsigned long)0, (unsigned long)1, (unsigned long)2, (unsigned long)3, (unsigned long)4>, std::integer_sequence<unsigned long, (unsigned long)0, (unsigned long)1, (unsigned long)2, (unsigned long)3, (unsigned long)4>>::Offset<(unsigned long)4>","0.00339639","0.020s","0","0s","0.020s","0s","Inlined Function","","5","219","","","","","","","","","","","","","","","","","","","","","","","","","","","","","","","","","","","","layout.h:418","tof_fork_g","","","","","","","","","","","","","","","","","","","","","","","","","","","","","","","","","","","","","","","","","","","","","","","","","","","","","","","","","","","","","","","","","","","","","","","","",""
"absl::lts_20250814::container_internal::internal_layout::adl_barrier::Align","0.00339639","0.020s","0.00339641","0.020s","0.020s","0.020s","Inlined Function","","6","217","","","","","","","","","","","","","","","","","","","","","","","","","","","","","","","","","","","","layout.h:294","tof_fork_g","","","","","","","","","","","","","","","","","","","","","","","","","","","","","","","","","","","","","","","","","","","","","","","","","","","","","","","","","","","","","","","","","","","","","","","","",""
"func@0x7b2310","0.016982","0.100s","0.0169819","0.100s","0.080s","0.080s","Function","","2","99","","","","","","","","","","","","","","","","","","","","","","","","","","","","","","","","","","","","","tof_fork_g","245","872128080","872128080","0","0","944805420","3633867000","872128080","872128080","0","654096060","0","0","0","218032020","0","0","0","0","0","0","0","0","0","872128080","0","0","0","0","0","0","72677340","0","0","1889610840","0","30233773440","0","1962288180","1962288180","0","0","1962288180","0","436064040","0","0","0","1526224140","0","0","0","0","0","0","0","290709360","145354680","290709360","0","0","0","0","0","0","0","0","1162837440","0","0","0","0","0"
"std::vector<hwy::K32V32, std::allocator<hwy::K32V32>>::resize","0.016982","0.100s","0.010189","0.060s","0.020s","0.020s","Function","","2","133","","","","","","","","","","","","","","","","","","","","","","","","","","","","","","","","","","","","stl_vector.h:1143","tof_fork_g","","","","","","","","","","","","","","","","","","","","","","","","","","","","","","","","","","","","","","","","","","","","","","","","","","","","","","","","","","","","","","","","","","","","","","","","",""
"std::vector<hwy::K32V32, std::allocator<hwy::K32V32>>::_M_default_append","0.00339639","0.020s","0.00339643","0.020s","0.020s","0.020s","Inlined Function","","3","140","","","","","","","","","","","","","","","","","","","","","","","","","","","","","","","","","","","","vector.tcc:814","tof_fork_g","","","","","","","","","","","","","","","","","","","","","","","","","","","","","","","","","","","","","","","","","","","","","","","","","","","","","","","","","","","","","","","","","","","","","","","","",""
"std::vector<hwy::K32V32, std::allocator<hwy::K32V32>>::size","0.00339639","0.020s","0.00339639","0.020s","0.020s","0.020s","Inlined Function","","3","284","","","","","","","","","","","","","","","","","","","","","","","","","","","","","","","","","","","","stl_vector.h:1117","tof_fork_g","","","","","","","","","","","","","","","","","","","","","","","","","","","","","","","","","","","","","","","","","","","","","","","","","","","","","","","","","","","","","","","","","","","","","","","","",""
"yggdrasil_decision_forests::dataset::VerticalDataset::NumericalColumn::type","0.0135856","0.080s","0.0135855","0.080s","0.040s","0.040s","Function","","2","274","","","","","","","","","","","","","","","","","","","","","","","","","","","","","","","","","","","","vertical_dataset.h:298","tof_fork_g","","","","","","","","","","","","","","","","","","","","","","","","","","","","","","","","","","","","","","","","","","","","","","","","","","","","","","","","","","","","","","","","","","","","","","","","",""
"hwy::N_AVX3_SPR::detail::Sort8Rows<(unsigned long)1, hwy::N_AVX3_SPR::detail::SharedTraits<hwy::N_AVX3_SPR::detail::TraitsLane<hwy::N_AVX3_SPR::detail::OrderAscending<unsigned long>>>, unsigned long>","0.0101892","0.060s","0.0101894","0.060s","0.020s","0.020s","Function","","2","270","","","","","","","","","","","","","","","","","","","","","","","","","","","2-Source Permutes; Blends; Inserts; Unpacks","UInt16; UInt256; ; ","128/256","AVX; AVX2; AVX512F_128; AVX512F_256","","","","","","vqsort-inl.h:337","tof_fork_g","","","","","","","","","","","","","","","","","","","","","","","","","","","","","","","","","","","","","","","","","","","","","","","","","","","","","","","","","","","","","","","","","","","","","","","","",""
"func@0x7b21e0","0.0101892","0.060s","0.0101893","0.060s","0.020s","0.020s","Function","","2","222","","","","","","","","","","","","","","","","","","","","","","","","","","","","","","","","","","","","","tof_fork_g","","","","","","","","","","","","","","","","","","","","","","","","","","","","","","","","","","","","","","","","","","","","","","","","","","","","","","","","","","","","","","","","","","","","","","","","",""
"absl::lts_20250814::(anonymous namespace)::ParseInfinityOrNan","0.0101892","0.060s","0.0101891","0.060s","0.020s","0.020s","Function","","2","101","","","","","","","","","","","","","","","","","","","","","","","","","","","","","","","","","","","","charconv_parse.cc","tof_fork_g","","","","","","","","","","","","","","","","","","","","","","","","","","","","","","","","","","","","","","","","","","","","","","","","","","","","","","","","","","","","","","","","","","","","","","","","",""
"func@0xa8320","0.0101892","0.060s","0.010189","0.060s","0.020s","0.020s","Function","","2","14","","","","","","","","","","","","","","","","","","","","","","","","","","","","","","","","","","","","","libstdc++.so.6","","","","","","","","","","","","","","","","","","","","","","","","","","","","","","","","","","","","","","","","","","","","","","","","","","","","","","","","","","","","","","","","","","","","","","","","",""
"__svml_logf4_l9","0.0101892","0.060s","0.0101888","0.060s","0.020s","0.020s","Vector Function","","2","245","","AVX2","4","","","","","","","","","","","","","","","","","","","","","","","","FMA; Shifts; Type Conversions","Int32; UInt16","128","AVX; FMA","","","","","","","tof_fork_g","","","","","","","","","","","","","","","","","","","","","","","","","","","","","","","","","","","","","","","","","","","","","","","","","","","","","","","","","","","","","","","","","","","","","","","","",""
"hwy::N_AVX3_SPR::detail::BaseCase<hwy::N_AVX3_SPR::Simd<unsigned long, (unsigned long)8, (int)0>, hwy::N_AVX3_SPR::detail::SharedTraits<hwy::N_AVX3_SPR::detail::TraitsLane<hwy::N_AVX3_SPR::detail::OrderAscendingKV64>>, unsigned long>","0.0101892","0.060s","0.0101887","0.060s","0.020s","0.020s","Function","","2","238","","","","","","","","","","","","","","","","","","","","","","","","","","","","","","","","","","","","vqsort-inl.h:574","tof_fork_g","","","","","","","","","","","","","","","","","","","","","","","","","","","","","","","","","","","","","","","","","","","","","","","","","","","","","","","","","","","","","","","","","","","","","","","","",""
"operator new","0.0101892","0.060s","0.0101883","0.060s","0.020s","0.020s","Function","","2","10","","","","","","","","","","","","","","","","","","","","","","","","","","","","","","","","","","","","","libstdc++.so.6","","","","","","","","","","","","","","","","","","","","","","","","","","","","","","","","","","","","","","","","","","","","","","","","","","","","","","","","","","","","","","","","","","","","","","","","",""
"yggdrasil_decision_forests::model::decision_tree::internal::SetCondition","0.00679279","0.040s","0.00339656","0.020s","0.020s","0.020s","Function","","2","191","","","","","","","","","","","","","","","","","","","","","","","","","","","","","","","","","","","","oblique.cc","tof_fork_g","","","","","","","","","","","","","","","","","","","","","","","","","","","","","","","","","","","","","","","","","","","","","","","","","","","","","","","","","","","","","","","","","","","","","","","","",""
"[loop in yggdrasil_decision_forests::model::decision_tree::internal::SetCondition at repeated_field.h:169]","0.00339639","0.020s","0.00339712","0.020s","0.020s","0.020s","Scalar","0","3","190","","","","","","","","","","","","","","","","","","","","","","","","","","","Type Conversions","Int32; Int64","","","","","","","","repeated_field.h:169","tof_fork_g","","","","","","","","","","","","","","","","","","","","","","","","","","","","","","","","","","","","","","","","","","","","","","","","","","","","","","","","","","","","","","","","","","","","","","","","",""
"__dynamic_cast","0.00679279","0.040s","0.00679326","0.040s","0.020s","0.020s","Function","","2","12","","","","","","","","","","","","","","","","","","","","","","","","","","","","","","","","","","","","","libstdc++.so.6","","","","","","","","","","","","","","","","","","","","","","","","","","","","","","","","","","","","","","","","","","","","","","","","","","","","","","","","","","","","","","","","","","","","","","","","",""
"yggdrasil_decision_forests::model::decision_tree::GrowTreeLocal","0.00679279","0.040s","0","0s","0.020s","0s","Function","","2","123","","","","","","","","","","","","","","","","","","","","","","","","","","","","Int32; UInt16; ","128/256","AVX; AVX512F_128","","","","","","training.cc","tof_fork_g","","","","","","","","","","","","","","","","","","","","","","","","","","","","","","","","","","","","","","","","","","","","","","","","","","","","","","","","","","","","","","","","","","","","","","","","",""
"[loop in yggdrasil_decision_forests::model::decision_tree::GrowTreeLocal at training.cc:5560]","0.00679279","0.040s","0.00679306","0.040s","0.020s","0.020s","Vectorized (Body)","0","3","122","","AVX","4; 8","","","","","","","","","","","","","","","","","","","","","","","","","Int32; UInt16","128/256","AVX","","","","","","training.cc:5560","tof_fork_g","","","","","","","","","","","","","","","","","","","","","","","","","","","","","","","","","","","","","","","","","","","","","","","","","","","","","","","","","","","","","","","","","","","","","","","","",""
"yggdrasil_decision_forests::model::decision_tree::proto::Condition::clear_type","0.00679279","0.040s","0","0s","0.020s","0s","Function","","2","357","","","","","","","","","","","","","","","","","","","","","","","","","","","","","","","","","","","","decision_tree.pb.cc:4956","tof_fork_g","","","","","","","","","","","","","","","","","","","","","","","","","","","","","","","","","","","","","","","","","","","","","","","","","","","","","","","","","","","","","","","","","","","","","","","","",""
"google::protobuf::MessageLite::GetArena","0.00679279","0.040s","0","0s","0.020s","0s","Inlined Function","","3","360","","","","","","","","","","","","","","","","","","","","","","","","","","","","","","","","","","","","message_lite.h:552","tof_fork_g","","","","","","","","","","","","","","","","","","","","","","","","","","","","","","","","","","","","","","","","","","","","","","","","","","","","","","","","","","","","","","","","","","","","","","","","",""
"google::protobuf::internal::InternalMetadata::arena","0.00679279","0.040s","0","0s","0.020s","0s","Inlined Function","","4","359","","","","","","","","","","","","","","","","","","","","","","","","","","","","","","","","","","","","metadata_lite.h:66","tof_fork_g","","","","","","","","","","","","","","","","","","","","","","","","","","","","","","","","","","","","","","","","","","","","","","","","","","","","","","","","","","","","","","","","","","","","","","","","",""
"google::protobuf::internal::InternalMetadata::have_unknown_fields","0.00679279","0.040s","0","0s","0.020s","0s","Inlined Function","","5","358","","","","","","","","","","","","","","","","","","","","","","","","","","","","","","","","","","","","metadata_lite.h:74","tof_fork_g","","","","","","","","","","","","","","","","","","","","","","","","","","","","","","","","","","","","","","","","","","","","","","","","","","","","","","","","","","","","","","","","","","","","","","","","",""
"google::protobuf::internal::InternalMetadata::HasUnknownFieldsTag","0.00679279","0.040s","0.00679296","0.040s","0.020s","0.020s","Inlined Function","","6","356","","","","","","","","","","","","","","","","","","","","","","","","","","","","","","","","","","","","metadata_lite.h:142","tof_fork_g","","","","","","","","","","","","","","","","","","","","","","","","","","","","","","","","","","","","","","","","","","","","","","","","","","","","","","","","","","","","","","","","","","","","","","","","",""
"yggdrasil_decision_forests::model::decision_tree::FindBestCondition","0.00679279","0.040s","0.00679294","0.040s","0.020s","0.020s","Function","","2","124","","","","","","","","","","","","","","","","","","","","","","","","","","","","Int32; Int64","128","AVX","","","","","","training.cc","tof_fork_g","","","","","","","","","","","","","","","","","","","","","","","","","","","","","","","","","","","","","","","","","","","","","","","","","","","","","","","","","","","","","","","","","","","","","","","","",""
"func@0xbaa10","0.00679279","0.040s","0.00679291","0.040s","0.020s","0.020s","Function","","2","27","","","","","","","","","","","","","","","","","","","","","","","","","","","","","","","","","","","","","libc.so.6","","","","","","","","","","","","","","","","","","","","","","","","","","","","","","","","","","","","","","","","","","","","","","","","","","","","","","","","","","","","","","","","","","","","","","","","",""
"hwy::VQSort","0.00679279","0.040s","0.00679279","0.040s","0.020s","0.020s","Function","","2","201","","","","","","","","","","","","","","","","","","","","","","","","","","","","","","","","","","","","vqsort_kv64a.cc:61","tof_fork_g","","","","","","","","","","","","","","","","","","","","","","","","","","","","","","","","","","","","","","","","","","","","","","","","","","","","","","","","","","","","","","","","","","","","","","","","",""
"yggdrasil_decision_forests::model::decision_tree::FeatureNumericalBucket::Filler::SetConditionFinalFromThresholds","0.00679279","0.040s","0","0s","0.020s","0s","Function","","2","278","","","","","","","","","","","","","","","","","","","","","","","","","","","","Int32","128","AVX","","","","","","splitter_accumulator.h:248","tof_fork_g","","","","","","","","","","","","","","","","","","","","","","","","","","","","","","","","","","","","","","","","","","","","","","","","","","","","","","","","","","","","","","","","","","","","","","","","",""
"yggdrasil_decision_forests::model::decision_tree::proto::Condition::mutable_higher_condition","0.00339639","0.020s","0","0s","0.020s","0s","Inlined Function","","3","339","","","","","","","","","","","","","","","","","","","","","","","","","","","","Int32","128","AVX","","","","","","decision_tree.pb.h:5838","tof_fork_g","","","","","","","","","","","","","","","","","","","","","","","","","","","","","","","","","","","","","","","","","","","","","","","","","","","","","","","","","","","","","","","","","","","","","","","","",""
"yggdrasil_decision_forests::model::decision_tree::proto::Condition::_internal_mutable_higher_condition","0.00339639","0.020s","0.00339643","0.020s","0.020s","0.020s","Inlined Function","","4","338","","","","","","","","","","","","","","","","","","","","","","","","","","","","Int32","128","AVX","","","","","","decision_tree.pb.h:5829","tof_fork_g","","","","","","","","","","","","","","","","","","","","","","","","","","","","","","","","","","","","","","","","","","","","","","","","","","","","","","","","","","","","","","","","","","","","","","","","",""
"yggdrasil_decision_forests::model::decision_tree::proto::NodeCondition::mutable_condition","0.00339639","0.020s","0","0s","0.020s","0s","Inlined Function","","3","283","","","","","","","","","","","","","","","","","","","","","","","","","","","","Int32","128","AVX","","","","","","decision_tree.pb.h:6470","tof_fork_g","","","","","","","","","","","","","","","","","","","","","","","","","","","","","","","","","","","","","","","","","","","","","","","","","","","","","","","","","","","","","","","","","","","","","","","","",""
"yggdrasil_decision_forests::model::decision_tree::proto::NodeCondition::_internal_mutable_condition","0.00339639","0.020s","0","0s","0.020s","0s","Inlined Function","","4","282","","","","","","","","","","","","","","","","","","","","","","","","","","","","Int32","128","AVX","","","","","","decision_tree.pb.h:6462","tof_fork_g","","","","","","","","","","","","","","","","","","","","","","","","","","","","","","","","","","","","","","","","","","","","","","","","","","","","","","","","","","","","","","","","","","","","","","","","",""
"google::protobuf::MessageLite::GetArena","0.00339639","0.020s","0","0s","0.020s","0s","Inlined Function","","5","281","","","","","","","","","","","","","","","","","","","","","","","","","","","","Int32","128","AVX","","","","","","message_lite.h:552","tof_fork_g","","","","","","","","","","","","","","","","","","","","","","","","","","","","","","","","","","","","","","","","","","","","","","","","","","","","","","","","","","","","","","","","","","","","","","","","",""
"google::protobuf::internal::InternalMetadata::arena","0.00339639","0.020s","0","0s","0.020s","0s","Inlined Function","","6","280","","","","","","","","","","","","","","","","","","","","","","","","","","","","Int32","128","AVX","","","","","","metadata_lite.h:66","tof_fork_g","","","","","","","","","","","","","","","","","","","","","","","","","","","","","","","","","","","","","","","","","","","","","","","","","","","","","","","","","","","","","","","","","","","","","","","","",""
"google::protobuf::internal::InternalMetadata::have_unknown_fields","0.00339639","0.020s","0","0s","0.020s","0s","Inlined Function","","7","279","","","","","","","","","","","","","","","","","","","","","","","","","","","","Int32","128","AVX","","","","","","metadata_lite.h:74","tof_fork_g","","","","","","","","","","","","","","","","","","","","","","","","","","","","","","","","","","","","","","","","","","","","","","","","","","","","","","","","","","","","","","","","","","","","","","","","",""
"google::protobuf::internal::InternalMetadata::HasUnknownFieldsTag","0.00339639","0.020s","0.00339626","0.020s","0.020s","0.020s","Inlined Function","","8","277","","","","","","","","","","","","","","","","","","","","","","","","","","","","Int32","128","AVX","","","","","","metadata_lite.h:142","tof_fork_g","","","","","","","","","","","","","","","","","","","","","","","","","","","","","","","","","","","","","","","","","","","","","","","","","","","","","","","","","","","","","","","","","","","","","","","","",""
"yggdrasil_decision_forests::dataset::VerticalDataset::ColumnWithCastWithStatus<yggdrasil_decision_forests::dataset::VerticalDataset::CategoricalColumn>","0.00679279","0.040s","0.00679269","0.040s","0.020s","0.020s","Function","","2","276","","","","","","","","","","","","","","","","","","","","","","","","","","","","Int32","128","AVX","","","","","","vertical_dataset.h:1093","tof_fork_g","","","","","","","","","","","","","","","","","","","","","","","","","","","","","","","","","","","","","","","","","","","","","","","","","","","","","","","","","","","","","","","","","","","","","","","","",""
"std::uniform_int_distribution<unsigned long>::operator()<std::mersenne_twister_engine<unsigned long, (unsigned long)32, (unsigned long)624, (unsigned long)397, (unsigned long)31, (unsigned long)2567483615, (unsigned long)11, (unsigned long)4294967295, (unsigned long)7, (unsigned long)2636928640, (unsigned long)15, (unsigned long)4022730752, (unsigned long)18, (unsigned long)1812433253>>","0.00679279","0.040s","0","0s","0.020s","0s","Function","","2","188","","","","","","","","","","","","","","","","","","","","","","","","","","","","","","","","","","","","uniform_int_dist.h:288","tof_fork_g","","","","","","","","","","","","","","","","","","","","","","","","","","","","","","","","","","","","","","","","","","","","","","","","","","","","","","","","","","","","","","","","","","","","","","","","",""
"std::uniform_int_distribution<unsigned long>::_S_nd<unsigned long, std::mersenne_twister_engine<unsigned long, (unsigned long)32, (unsigned long)624, (unsigned long)397, (unsigned long)31, (unsigned long)2567483615, (unsigned long)11, (unsigned long)4294967295, (unsigned long)7, (unsigned long)2636928640, (unsigned long)15, (unsigned long)4022730752, (unsigned long)18, (unsigned long)1812433253>, unsigned int>","0.00679279","0.040s","0.00679264","0.040s","0.020s","0.020s","Inlined Function","","3","301","","","","","","","","","","","","","","","","","","","","","","","","","","","","","","","","","","","","uniform_int_dist.h:257","tof_fork_g","","","","","","","","","","","","","","","","","","","","","","","","","","","","","","","","","","","","","","","","","","","","","","","","","","","","","","","","","","","","","","","","","","","","","","","","",""
"std::vector<float, std::allocator<float>>::resize","0.00679279","0.040s","0.0033958","0.020s","0.040s","0.020s","Function","","2","79","","","","","","","","","","","","","","","","","","","","","","","","","","","","","","","","","","","","stl_vector.h:1143","tof_fork_g","","","","","","","","","","","","","","","","","","","","","","","","","","","","","","","","","","","","","","","","","","","","","","","","","","","","","","","","","","","","","","","","","","","","","","","","",""
"std::vector<float, std::allocator<float>>::size","0.00339639","0.020s","0.00339566","0.020s","0.020s","0.020s","Inlined Function","","3","228","","","","","","","","","","","","","","","","","","","","","","","","","","","","","","","","","","","","stl_vector.h:1117","tof_fork_g","","","","","","","","","","","","","","","","","","","","","","","","","","","","","","","","","","","","","","","","","","","","","","","","","","","","","","","","","","","","","","","","","","","","","","","","",""
"func@0x771000","0.00339639","0.020s","0.0034003","0.020s","0.020s","0.020s","Function","","2","39","","","","","","","","","","","","","","","","","","","","","","","","","","","","","","","","","","","","","libtpsstool.so","","","","","","","","","","","","","","","","","","","","","","","","","","","","","","","","","","","","","","","","","","","","","","","","","","","","","","","","","","","","","","","","","","","","","","","","",""
"func@0xb9570","0.00339639","0.020s","0.00339663","0.020s","0.020s","0.020s","Function","","2","31","","","","","","","","","","","","","","","","","","","","","","","","","","","Unpacks","UInt16; ","128","AVX","","","","","","","libc.so.6","","","","","","","","","","","","","","","","","","","","","","","","","","","","","","","","","","","","","","","","","","","","","","","","","","","","","","","","","","","","","","","","","","","","","","","","",""
"_intel_fast_memset","0.00339639","0.020s","0.0033965","0.020s","0.020s","0.020s","Function","","2","306","","","","","","","","","","","","","","","","","","","","","","","","","","","","","","","","","","","","","tof_fork_g","","","","","","","","","","","","","","","","","","","","","","","","","","","","","","","","","","","","","","","","","","","","","","","","","","","","","","","","","","","","","","","","","","","","","","","","",""
"yggdrasil_decision_forests::model::decision_tree::FindBestConditionOblique","0.00339639","0.020s","0.00339648","0.020s","0.020s","0.020s","Function","","2","126","","","","","","","","","","","","","","","","","","","","","","","","","","","","","","","","","","","","training.cc","tof_fork_g","","","","","","","","","","","","","","","","","","","","","","","","","","","","","","","","","","","","","","","","","","","","","","","","","","","","","","","","","","","","","","","","","","","","","","","","",""
"hwy::N_AVX3_SPR::(anonymous namespace)::SortKV64Asc","0.00339639","0.020s","0.00339645","0.020s","0.020s","0.020s","Function","","2","143","","","","","","","","","","","","","","","","","","","","","","","","","","","","","","","","","","","","vqsort_kv64a.cc","tof_fork_g","","","","","","","","","","","","","","","","","","","","","","","","","","","","","","","","","","","","","","","","","","","","","","","","","","","","","","","","","","","","","","","","","","","","","","","","",""
"std::vector<yggdrasil_decision_forests::model::decision_tree::internal::AttributeAndWeight, std::allocator<yggdrasil_decision_forests::model::decision_tree::internal::AttributeAndWeight>>::operator=","0.00339639","0.020s","0","0s","0.020s","0s","Function","","2","257","","","","","","","","","","","","","","","","","","","","","","","","","","","","","","","","","","","","vector.tcc:211","tof_fork_g","","","","","","","","","","","","","","","","","","","","","","","","","","","","","","","","","","","","","","","","","","","","","","","","","","","","","","","","","","","","","","","","","","","","","","","","",""
"std::copy<yggdrasil_decision_forests::model::decision_tree::internal::AttributeAndWeight*, yggdrasil_decision_forests::model::decision_tree::internal::AttributeAndWeight*>","0.00339639","0.020s","0","0s","0.020s","0s","Inlined Function","","3","289","","","","","","","","","","","","","","","","","","","","","","","","","","","","","","","","","","","","stl_algobase.h:633","tof_fork_g","","","","","","","","","","","","","","","","","","","","","","","","","","","","","","","","","","","","","","","","","","","","","","","","","","","","","","","","","","","","","","","","","","","","","","","","",""
"std::__copy_move_a<(bool)0, yggdrasil_decision_forests::model::decision_tree::internal::AttributeAndWeight*, yggdrasil_decision_forests::model::decision_tree::internal::AttributeAndWeight*>","0.00339639","0.020s","0","0s","0.020s","0s","Inlined Function","","4","288","","","","","","","","","","","","","","","","","","","","","","","","","","","","","","","","","","","","stl_algobase.h:498","tof_fork_g","","","","","","","","","","","","","","","","","","","","","","","","","","","","","","","","","","","","","","","","","","","","","","","","","","","","","","","","","","","","","","","","","","","","","","","","",""
"std::__copy_move_a1<(bool)0, yggdrasil_decision_forests::model::decision_tree::internal::AttributeAndWeight*, yggdrasil_decision_forests::model::decision_tree::internal::AttributeAndWeight*>","0.00339639","0.020s","0","0s","0.020s","0s","Inlined Function","","5","287","","","","","","","","","","","","","","","","","","","","","","","","","","","","","","","","","","","","stl_algobase.h:491","tof_fork_g","","","","","","","","","","","","","","","","","","","","","","","","","","","","","","","","","","","","","","","","","","","","","","","","","","","","","","","","","","","","","","","","","","","","","","","","",""
"std::__copy_move_a2<(bool)0, yggdrasil_decision_forests::model::decision_tree::internal::AttributeAndWeight*, yggdrasil_decision_forests::model::decision_tree::internal::AttributeAndWeight*, yggdrasil_decision_forests::model::decision_tree::internal::AttributeAndWeight*>","0.00339639","0.020s","0.00339643","0.020s","0.020s","0.020s","Inlined Function","","6","286","","","","","","","","","","","","","","","","","","","","","","","","","","","","","","","","","","","","stl_algobase.h:413","tof_fork_g","","","","","","","","","","","","","","","","","","","","","","","","","","","","","","","","","","","","","","","","","","","","","","","","","","","","","","","","","","","","","","","","","","","","","","","","",""
"func@0x7b22b0","0.00339639","0.020s","0.00339641","0.020s","0.020s","0.020s","Function","","2","347","","","","","","","","","","","","","","","","","","","","","","","","","","","","","","","","","","","","","tof_fork_g","","","","","","","","","","","","","","","","","","","","","","","","","","","","","","","","","","","","","","","","","","","","","","","","","","","","","","","","","","","","","","","","","","","","","","","","",""
"__libm_pow_l9","0.00339639","0.020s","0.00339641","0.020s","0.020s","0.020s","Function","","2","185","","","","","","","","","","","","","","","","","","","","","","","","","","","Shifts","UInt16; ; ","128","AVX","","","","","","","tof_fork_g","","","","","","","","","","","","","","","","","","","","","","","","","","","","","","","","","","","","","","","","","","","","","","","","","","","","","","","","","","","","","","","","","","","","","","","","",""
"yggdrasil_decision_forests::model::decision_tree::proto::NodeClassifierOutput::NodeClassifierOutput","0.00339639","0.020s","0.00339639","0.020s","0.020s","0.020s","Function","","2","355","","","","","","","","","","","","","","","","","","","","","","","","","","","","Int32","128","AVX","","","","","","decision_tree.pb.cc:818","tof_fork_g","","","","","","","","","","","","","","","","","","","","","","","","","","","","","","","","","","","","","","","","","","","","","","","","","","","","","","","","","","","","","","","","","","","","","","","","",""
"yggdrasil_decision_forests::model::decision_tree::proto::NodeCondition::NodeCondition","0.00339639","0.020s","0.00339619","0.020s","0.020s","0.020s","Function","","2","342","","","","","","","","","","","","","","","","","","","","","","","","","","","","Int32","256","AVX","","","","","","decision_tree.pb.cc:5413","tof_fork_g","","","","","","","","","","","","","","","","","","","","","","","","","","","","","","","","","","","","","","","","","","","","","","","","","","","","","","","","","","","","","","","","","","","","","","","","",""
"func@0x7b21b0","0.00339639","0.020s","0.00339614","0.020s","0.020s","0.020s","Function","","2","189","","","","","","","","","","","","","","","","","","","","","","","","","","","","","","","","","","","","","tof_fork_g","","","","","","","","","","","","","","","","","","","","","","","","","","","","","","","","","","","","","","","","","","","","","","","","","","","","","","","","","","","","","","","","","","","","","","","","",""
"hwy::N_AVX3_SPR::detail::Sort3To4<hwy::N_AVX3_SPR::detail::SharedTraits<hwy::N_AVX3_SPR::detail::TraitsLane<hwy::N_AVX3_SPR::detail::OrderAscending<unsigned long>>>, unsigned long>","0.00339639","0.020s","0.00339614","0.020s","0.020s","0.020s","Function","","2","297","","","","","","","","","","","","","","","","","","","","","","","","","","","Unpacks","UInt16; ","128","AVX; AVX512F_128","","","","","","vqsort-inl.h:267","tof_fork_g","","","","","","","","","","","","","","","","","","","","","","","","","","","","","","","","","","","","","","","","","","","","","","","","","","","","","","","","","","","","","","","","","","","","","","","","",""
"yggdrasil_decision_forests::model::decision_tree::FindBestConditionOblique","0.00339639","0.020s","0.00339611","0.020s","0.020s","0.020s","Function","","2","127","","","","","","","","","","","","","","","","","","","","","","","","","","","","","","","","","","","","oblique.cc","tof_fork_g","","","","","","","","","","","","","","","","","","","","","","","","","","","","","","","","","","","","","","","","","","","","","","","","","","","","","","","","","","","","","","","","","","","","","","","","",""
"log","0.00339639","0.020s","0.00339606","0.020s","0.020s","0.020s","Function","","2","255","","","","","","","","","","","","","","","","","","","","","","","","","","","","","","","","","","","","","tof_fork_g","","","","","","","","","","","","","","","","","","","","","","","","","","","","","","","","","","","","","","","","","","","","","","","","","","","","","","","","","","","","","","","","","","","","","","","","",""
"operator delete","0.00339639","0.020s","0.00339592","0.020s","0.020s","0.020s","Function","","2","11","","","","","","","","","","","","","","","","","","","","","","","","","","","","","","","","","","","","","libstdc++.so.6","","","","","","","","","","","","","","","","","","","","","","","","","","","","","","","","","","","","","","","","","","","","","","","","","","","","","","","","","","","","","","","","","","","","","","","","",""
"google::protobuf::internal::ZeroFieldsBase::~ZeroFieldsBase","0.00339639","0.020s","0.00339582","0.020s","0.020s","0.020s","Function","","2","291","","","","","","","","","","","","","","","","","","","","","","","","","","","","","","","","","","","","generated_message_bases.cc:37","tof_fork_g","","","","","","","","","","","","","","","","","","","","","","","","","","","","","","","","","","","","","","","","","","","","","","","","","","","","","","","","","","","","","","","","","","","","","","","","",""
"hwy::N_AVX3_SPR::detail::Sort2To2<hwy::N_AVX3_SPR::detail::SharedTraits<hwy::N_AVX3_SPR::detail::TraitsLane<hwy::N_AVX3_SPR::detail::OrderAscending<unsigned long>>>, unsigned long>","0.00339639","0.020s","0.00339566","0.020s","0.020s","0.020s","Function","","2","307","","","","","","","","","","","","","","","","","","","","","","","","","","","Unpacks","UInt16; ","128","AVX; AVX512F_128","","","","","","vqsort-inl.h:246","tof_fork_g","","","","","","","","","","","","","","","","","","","","","","","","","","","","","","","","","","","","","","","","","","","","","","","","","","","","","","","","","","","","","","","","","","","","","","","","",""

