

======== NORMAL EXPERIMENTS (no explicit vector ISA) histogram_num_bins=256 ========



======== AXIS ALIGNED EXPERIMENTS feature_split_type=Axis Aligned histogram_num_bins=256 ========



======== Running Exact [Axis Aligned] ========

./bazel-bin/examples/train_oblique_forest --input_mode csv --train_csv "benchmarks/data/HIGGS_with_header.csv" --label_col "class" --feature_split_type "Axis Aligned" --numerical_split_type "Exact" --num_trees=240 --num_threads=-1 --compute_oob_performances=true 


Inferring DataSpec from CSV: benchmarks/data/HIGGS_with_header.csv


WARNING: All log messages before absl::InitializeLog() is called are written to STDERR
I0000 00:00:1770349957.761286    3972 csv_example_reader.cc:212] 0 row(s) processed
I0000 00:00:1770349957.771619    3972 csv_example_reader.cc:216] Stop scanning the csv file to infer the type. Some records were not considered.
I0000 00:00:1770349957.771637    3972 data_spec_inference.cc:457] 29 column(s) found
I0000 00:00:1770349957.771652    3972 csv_example_reader.cc:303] 0 row(s) processed
I0000 00:00:1770349987.771579    3972 csv_example_reader.cc:303] 5548482 row(s) processed
I0000 00:00:1770350017.771578    3972 csv_example_reader.cc:303] 10927265 row(s) processed
I0000 00:00:1770350018.176798    3972 data_spec_inference.cc:494] Finalizing [11000000 row(s) found]
I0000 00:00:1770350018.176875    3972 train_oblique_forest.cc:381] Num Candidate Attributes: 6
I0000 00:00:1770350018.176929    3972 abstract_learner.cc:155] No input feature explicitly specified. Using all the available input features.
I0000 00:00:1770350018.176932    3972 abstract_learner.cc:172] The label "class" was removed from the input feature set.
I0000 00:00:1770350018.177488    3972 vertical_dataset_io.cc:82] 100 examples scanned.
I0000 00:00:1770350048.177520    3972 vertical_dataset_io.cc:82] 7595900 examples scanned.
I0000 00:00:1770350062.455536    3972 vertical_dataset_io.cc:88] 11000000 examples read. Memory: usage:1276MB allocated:1276MB. 0 (0%) examples have been skipped.
I0000 00:00:1770350062.455612    3972 abstract_learner.cc:155] No input feature explicitly specified. Using all the available input features.
I0000 00:00:1770350062.455617    3972 abstract_learner.cc:172] The label "class" was removed from the input feature set.
I0000 00:00:1770350062.455635    3972 random_forest.cc:465] Training random forest on 11000000 example(s) and 28 feature(s).
I0000 00:00:1770350063.724907    3972 gpu.cc:93] Cannot initialize GPU: Not compiled with GPU support
I0000 00:00:1770350064.090626    3972 random_forest.cc:659] num_threads being used: 48
I0000 00:00:1770350200.170696    4465 random_forest.cc:956] Train tree 1/240 accuracy:0.660448 logloss:12.2387 [index:9 total:2m16.08s tree:2m16.08s]
I0000 00:00:1770350217.471502    4422 random_forest.cc:956] Train tree 2/240 accuracy:0.662476 logloss:10.8311 [index:2 total:2m33.38s tree:2m33.38s]
I0000 00:00:1770350236.321707    4464 random_forest.cc:956] Train tree 3/240 accuracy:0.66626 logloss:9.50868 [index:4 total:2m52.23s tree:2m52.23s]
I0000 00:00:1770350256.616667    4455 random_forest.cc:956] Train tree 4/240 accuracy:0.670633 logloss:8.3044 [index:42 total:3m12.53s tree:3m12.52s]
I0000 00:00:1770350277.837135    4466 random_forest.cc:956] Train tree 5/240 accuracy:0.675453 logloss:7.22399 [index:43 total:3m33.75s tree:3m33.74s]
I0000 00:00:1770350300.252308    4468 random_forest.cc:956] Train tree 6/240 accuracy:0.680499 logloss:6.26544 [index:46 total:3m56.16s tree:3m56.16s]
I0000 00:00:1770350321.898866    4463 random_forest.cc:956] Train tree 7/240 accuracy:0.685299 logloss:5.43076 [index:5 total:4m17.81s tree:4m17.81s]
I0000 00:00:1770350343.346914    4440 random_forest.cc:956] Train tree 8/240 accuracy:0.690134 logloss:4.70897 [index:19 total:4m39.26s tree:4m39.25s]
I0000 00:00:1770350365.648416    4430 random_forest.cc:956] Train tree 9/240 accuracy:0.694553 logloss:4.09514 [index:13 total:5m1.56s tree:5m1.56s]
I0000 00:00:1770350387.446766    4444 random_forest.cc:956] Train tree 10/240 accuracy:0.698813 logloss:3.5728 [index:33 total:5m23.36s tree:5m23.35s]
I0000 00:00:1770350409.273152    4447 random_forest.cc:956] Train tree 11/240 accuracy:0.702534 logloss:3.13365 [index:31 total:5m45.18s tree:5m45.18s]
I0000 00:00:1770350428.900746    4435 random_forest.cc:956] Train tree 12/240 accuracy:0.706199 logloss:2.7641 [index:21 total:6m4.81s tree:6m4.81s]
I0000 00:00:1770350450.390831    4450 random_forest.cc:956] Train tree 13/240 accuracy:0.709205 logloss:2.45437 [index:30 total:6m26.30s tree:6m26.30s]
I0000 00:00:1770350471.813586    4436 random_forest.cc:956] Train tree 14/240 accuracy:0.712126 logloss:2.1934 [index:20 total:6m47.72s tree:6m47.72s]
I0000 00:00:1770350493.374758    4441 random_forest.cc:956] Train tree 15/240 accuracy:0.714723 logloss:1.97455 [index:28 total:7m9.28s tree:7m9.28s]
I0000 00:00:1770350514.849463    4426 random_forest.cc:956] Train tree 16/240 accuracy:0.717061 logloss:1.78899 [index:11 total:7m30.76s tree:7m30.76s]
I0000 00:00:1770350537.067294    4442 random_forest.cc:956] Train tree 17/240 accuracy:0.719339 logloss:1.63364 [index:27 total:7m52.98s tree:7m52.97s]
I0000 00:00:1770350558.736257    4456 random_forest.cc:956] Train tree 18/240 accuracy:0.721443 logloss:1.50183 [index:41 total:8m14.65s tree:8m14.64s]
I0000 00:00:1770350580.201157    4459 random_forest.cc:956] Train tree 19/240 accuracy:0.723329 logloss:1.38838 [index:44 total:8m36.11s tree:8m36.11s]
I0000 00:00:1770350602.072178    4437 random_forest.cc:956] Train tree 20/240 accuracy:0.724953 logloss:1.29141 [index:25 total:8m57.98s tree:8m57.98s]
I0000 00:00:1770350623.523147    4454 random_forest.cc:956] Train tree 21/240 accuracy:0.72657 logloss:1.20785 [index:39 total:9m19.43s tree:9m19.43s]
I0000 00:00:1770350644.861060    4462 random_forest.cc:956] Train tree 22/240 accuracy:0.728111 logloss:1.13472 [index:6 total:9m40.77s tree:9m40.77s]
I0000 00:00:1770350666.721819    4460 random_forest.cc:956] Train tree 23/240 accuracy:0.729477 logloss:1.07228 [index:0 total:10m2.63s tree:10m2.63s]
I0000 00:00:1770350688.530602    4451 random_forest.cc:956] Train tree 24/240 accuracy:0.730744 logloss:1.01793 [index:37 total:10m24.44s tree:10m24.44s]
I0000 00:00:1770350710.083898    4446 random_forest.cc:956] Train tree 25/240 accuracy:0.731853 logloss:0.970198 [index:29 total:10m45.99s tree:10m45.99s]
I0000 00:00:1770350731.880753    4461 random_forest.cc:956] Train tree 26/240 accuracy:0.733016 logloss:0.928277 [index:7 total:11m7.79s tree:11m7.79s]
I0000 00:00:1770350753.245667    4467 random_forest.cc:956] Train tree 27/240 accuracy:0.734039 logloss:0.89163 [index:8 total:11m29.16s tree:11m29.15s]
I0000 00:00:1770350774.594452    4433 random_forest.cc:956] Train tree 28/240 accuracy:0.734975 logloss:0.858829 [index:17 total:11m50.50s tree:11m50.50s]
I0000 00:00:1770350796.205697    4448 random_forest.cc:956] Train tree 29/240 accuracy:0.735821 logloss:0.830107 [index:34 total:12m12.12s tree:12m12.11s]
I0000 00:00:1770350817.980768    4449 random_forest.cc:956] Train tree 30/240 accuracy:0.736639 logloss:0.80392 [index:35 total:12m33.89s tree:12m33.89s]
I0000 00:00:1770350839.779246    4458 random_forest.cc:956] Train tree 31/240 accuracy:0.737456 logloss:0.78122 [index:45 total:12m55.69s tree:12m55.69s]
I0000 00:00:1770350861.382861    4452 random_forest.cc:956] Train tree 32/240 accuracy:0.738177 logloss:0.760223 [index:38 total:13m17.29s tree:13m17.29s]
I0000 00:00:1770350882.958962    4429 random_forest.cc:956] Train tree 33/240 accuracy:0.738928 logloss:0.741595 [index:14 total:13m38.87s tree:13m38.87s]
I0000 00:00:1770350904.222425    4453 random_forest.cc:956] Train tree 34/240 accuracy:0.739634 logloss:0.724969 [index:36 total:14m0.13s tree:14m0.13s]
I0000 00:00:1770350925.958581    4439 random_forest.cc:956] Train tree 35/240 accuracy:0.740309 logloss:0.709662 [index:23 total:14m21.87s tree:14m21.87s]
I0000 00:00:1770350947.865960    4443 random_forest.cc:956] Train tree 36/240 accuracy:0.740961 logloss:0.695727 [index:26 total:14m43.78s tree:14m43.77s]
I0000 00:00:1770350969.494900    4428 random_forest.cc:956] Train tree 37/240 accuracy:0.74154 logloss:0.682769 [index:15 total:15m5.40s tree:15m5.40s]
I0000 00:00:1770350990.963627    4434 random_forest.cc:956] Train tree 38/240 accuracy:0.742144 logloss:0.671097 [index:22 total:15m26.87s tree:15m26.87s]
I0000 00:00:1770351012.876845    4457 random_forest.cc:956] Train tree 39/240 accuracy:0.74257 logloss:0.660574 [index:40 total:15m48.79s tree:15m48.78s]
I0000 00:00:1770351034.956725    4431 random_forest.cc:956] Train tree 40/240 accuracy:0.743035 logloss:0.650698 [index:16 total:16m10.87s tree:16m10.86s]
I0000 00:00:1770351056.569171    4438 random_forest.cc:956] Train tree 41/240 accuracy:0.743509 logloss:0.64168 [index:24 total:16m32.48s tree:16m32.48s]
I0000 00:00:1770351078.420360    4445 random_forest.cc:956] Train tree 42/240 accuracy:0.744043 logloss:0.633249 [index:32 total:16m54.33s tree:16m54.33s]
I0000 00:00:1770351100.057769    4427 random_forest.cc:956] Train tree 43/240 accuracy:0.744391 logloss:0.625946 [index:10 total:17m15.97s tree:17m15.97s]
I0000 00:00:1770351122.117229    4432 random_forest.cc:956] Train tree 44/240 accuracy:0.744821 logloss:0.618908 [index:18 total:17m38.03s tree:17m38.03s]
I0000 00:00:1770351144.304033    4423 random_forest.cc:956] Train tree 45/240 accuracy:0.745209 logloss:0.612527 [index:3 total:18m0.21s tree:18m0.21s]
I0000 00:00:1770351166.247027    4421 random_forest.cc:956] Train tree 46/240 accuracy:0.745664 logloss:0.606488 [index:47 total:18m22.16s tree:18m22.15s]
I0000 00:00:1770351187.546531    4425 random_forest.cc:956] Train tree 47/240 accuracy:0.74605 logloss:0.600829 [index:12 total:18m43.46s tree:18m43.45s]
I0000 00:00:1770351209.450221    4424 random_forest.cc:956] Train tree 48/240 accuracy:0.746367 logloss:0.5957 [index:1 total:19m5.36s tree:19m5.36s]
I0000 00:00:1770351230.766494    4465 random_forest.cc:956] Train tree 49/240 accuracy:0.746667 logloss:0.59076 [index:48 total:19m26.68s tree:17m10.59s]
I0000 00:00:1770351252.345049    4422 random_forest.cc:956] Train tree 50/240 accuracy:0.747019 logloss:0.586208 [index:49 total:19m48.25s tree:17m14.87s]
I0000 00:00:1770351274.012686    4464 random_forest.cc:956] Train tree 51/240 accuracy:0.747314 logloss:0.581912 [index:50 total:20m9.92s tree:17m17.69s]
I0000 00:00:1770351295.821755    4455 random_forest.cc:956] Train tree 52/240 accuracy:0.74765 logloss:0.57794 [index:51 total:20m31.73s tree:17m19.20s]
I0000 00:00:1770351317.653090    4466 random_forest.cc:956] Train tree 53/240 accuracy:0.747986 logloss:0.574107 [index:52 total:20m53.56s tree:17m19.81s]
I0000 00:00:1770351340.034770    4468 random_forest.cc:956] Train tree 54/240 accuracy:0.748243 logloss:0.570418 [index:53 total:21m15.94s tree:17m19.78s]
I0000 00:00:1770351361.574284    4463 random_forest.cc:956] Train tree 55/240 accuracy:0.748513 logloss:0.5671 [index:54 total:21m37.48s tree:17m19.67s]
I0000 00:00:1770351382.982248    4440 random_forest.cc:956] Train tree 56/240 accuracy:0.748777 logloss:0.564027 [index:55 total:21m58.89s tree:17m19.63s]
I0000 00:00:1770351405.217104    4430 random_forest.cc:956] Train tree 57/240 accuracy:0.748987 logloss:0.561042 [index:56 total:22m21.13s tree:17m19.57s]
I0000 00:00:1770351426.954348    4444 random_forest.cc:956] Train tree 58/240 accuracy:0.74926 logloss:0.558098 [index:57 total:22m42.86s tree:17m19.51s]
I0000 00:00:1770351448.611129    4447 random_forest.cc:956] Train tree 59/240 accuracy:0.74951 logloss:0.555435 [index:58 total:23m4.52s tree:17m19.34s]
I0000 00:00:1770351470.447859    4435 random_forest.cc:956] Train tree 60/240 accuracy:0.749745 logloss:0.553177 [index:59 total:23m26.36s tree:17m21.55s]
I0000 00:00:1770351491.699566    4450 random_forest.cc:956] Train tree 61/240 accuracy:0.749993 logloss:0.550739 [index:60 total:23m47.61s tree:17m21.31s]
I0000 00:00:1770351513.325554    4436 random_forest.cc:956] Train tree 62/240 accuracy:0.750248 logloss:0.548465 [index:61 total:24m9.23s tree:17m21.51s]
I0000 00:00:1770351534.875009    4441 random_forest.cc:956] Train tree 63/240 accuracy:0.750455 logloss:0.546417 [index:62 total:24m30.78s tree:17m21.50s]
I0000 00:00:1770351556.327777    4426 random_forest.cc:956] Train tree 64/240 accuracy:0.750655 logloss:0.544359 [index:63 total:24m52.24s tree:17m21.48s]
I0000 00:00:1770351578.843349    4442 random_forest.cc:956] Train tree 65/240 accuracy:0.750843 logloss:0.54246 [index:64 total:25m14.75s tree:17m21.77s]
I0000 00:00:1770351600.265961    4456 random_forest.cc:956] Train tree 66/240 accuracy:0.751041 logloss:0.540623 [index:65 total:25m36.18s tree:17m21.53s]
I0000 00:00:1770351621.426244    4459 random_forest.cc:956] Train tree 67/240 accuracy:0.75127 logloss:0.5389 [index:66 total:25m57.34s tree:17m21.22s]
I0000 00:00:1770351643.032332    4437 random_forest.cc:956] Train tree 68/240 accuracy:0.751426 logloss:0.537311 [index:67 total:26m18.94s tree:17m20.96s]
I0000 00:00:1770351664.451288    4454 random_forest.cc:956] Train tree 69/240 accuracy:0.75159 logloss:0.535796 [index:68 total:26m40.36s tree:17m20.93s]
I0000 00:00:1770351685.945614    4462 random_forest.cc:956] Train tree 70/240 accuracy:0.751792 logloss:0.534304 [index:69 total:27m1.85s tree:17m21.08s]
I0000 00:00:1770351707.710159    4460 random_forest.cc:956] Train tree 71/240 accuracy:0.751993 logloss:0.532883 [index:70 total:27m23.62s tree:17m20.99s]
I0000 00:00:1770351729.363619    4451 random_forest.cc:956] Train tree 72/240 accuracy:0.75218 logloss:0.531566 [index:71 total:27m45.27s tree:17m20.83s]
I0000 00:00:1770351750.651338    4446 random_forest.cc:956] Train tree 73/240 accuracy:0.75235 logloss:0.530283 [index:72 total:28m6.56s tree:17m20.57s]
I0000 00:00:1770351772.422620    4461 random_forest.cc:956] Train tree 74/240 accuracy:0.75248 logloss:0.529089 [index:73 total:28m28.33s tree:17m20.54s]
I0000 00:00:1770351793.797092    4467 random_forest.cc:956] Train tree 75/240 accuracy:0.752634 logloss:0.527859 [index:74 total:28m49.71s tree:17m20.55s]
I0000 00:00:1770351815.313527    4433 random_forest.cc:956] Train tree 76/240 accuracy:0.752766 logloss:0.52665 [index:75 total:29m11.22s tree:17m20.72s]
I0000 00:00:1770351837.054899    4448 random_forest.cc:956] Train tree 77/240 accuracy:0.752925 logloss:0.525681 [index:76 total:29m32.96s tree:17m20.85s]
I0000 00:00:1770351858.721273    4449 random_forest.cc:956] Train tree 78/240 accuracy:0.753059 logloss:0.524661 [index:77 total:29m54.63s tree:17m20.74s]
I0000 00:00:1770351880.614228    4458 random_forest.cc:956] Train tree 79/240 accuracy:0.753273 logloss:0.52352 [index:78 total:30m16.52s tree:17m20.83s]
I0000 00:00:1770351902.380485    4452 random_forest.cc:956] Train tree 80/240 accuracy:0.753434 logloss:0.522455 [index:79 total:30m38.29s tree:17m21.00s]
I0000 00:00:1770351924.501898    4429 random_forest.cc:956] Train tree 81/240 accuracy:0.753529 logloss:0.52158 [index:80 total:31m0.41s tree:17m21.54s]
I0000 00:00:1770351945.811085    4453 random_forest.cc:956] Train tree 82/240 accuracy:0.753671 logloss:0.520642 [index:81 total:31m21.72s tree:17m21.59s]
I0000 00:00:1770351967.205125    4439 random_forest.cc:956] Train tree 83/240 accuracy:0.753808 logloss:0.519677 [index:82 total:31m43.11s tree:17m21.25s]
I0000 00:00:1770351988.802723    4443 random_forest.cc:956] Train tree 84/240 accuracy:0.753883 logloss:0.518877 [index:83 total:32m4.71s tree:17m20.94s]
I0000 00:00:1770352010.187727    4428 random_forest.cc:956] Train tree 85/240 accuracy:0.754011 logloss:0.518082 [index:84 total:32m26.10s tree:17m20.69s]
I0000 00:00:1770352031.619869    4434 random_forest.cc:956] Train tree 86/240 accuracy:0.754111 logloss:0.517324 [index:85 total:32m47.53s tree:17m20.65s]
I0000 00:00:1770352053.631990    4457 random_forest.cc:956] Train tree 87/240 accuracy:0.754281 logloss:0.516575 [index:86 total:33m9.54s tree:17m20.75s]
I0000 00:00:1770352075.729669    4431 random_forest.cc:956] Train tree 88/240 accuracy:0.754393 logloss:0.515917 [index:87 total:33m31.64s tree:17m20.77s]
I0000 00:00:1770352097.479504    4438 random_forest.cc:956] Train tree 89/240 accuracy:0.754527 logloss:0.51516 [index:88 total:33m53.39s tree:17m20.91s]
I0000 00:00:1770352118.885168    4445 random_forest.cc:956] Train tree 90/240 accuracy:0.754619 logloss:0.514471 [index:89 total:34m14.79s tree:17m20.46s]
I0000 00:00:1770352140.495595    4427 random_forest.cc:956] Train tree 91/240 accuracy:0.754749 logloss:0.513879 [index:90 total:34m36.40s tree:17m20.44s]
I0000 00:00:1770352162.269002    4432 random_forest.cc:956] Train tree 92/240 accuracy:0.754832 logloss:0.513206 [index:91 total:34m58.18s tree:17m20.15s]
I0000 00:00:1770352184.508435    4423 random_forest.cc:956] Train tree 93/240 accuracy:0.754947 logloss:0.512636 [index:92 total:35m20.42s tree:17m20.20s]
I0000 00:00:1770352206.266381    4421 random_forest.cc:956] Train tree 94/240 accuracy:0.755007 logloss:0.512083 [index:93 total:35m42.18s tree:17m20.02s]
I0000 00:00:1770352226.000973    4425 random_forest.cc:956] Train tree 95/240 accuracy:0.755127 logloss:0.511535 [index:94 total:36m1.91s tree:17m18.45s]
I0000 00:00:1770352247.896158    4424 random_forest.cc:956] Train tree 96/240 accuracy:0.755225 logloss:0.510963 [index:95 total:36m23.81s tree:17m18.44s]
I0000 00:00:1770352269.520619    4465 random_forest.cc:956] Train tree 97/240 accuracy:0.755291 logloss:0.510412 [index:96 total:36m45.43s tree:17m18.75s]
I0000 00:00:1770352291.208113    4422 random_forest.cc:956] Train tree 98/240 accuracy:0.755382 logloss:0.509902 [index:97 total:37m7.12s tree:17m18.86s]
I0000 00:00:1770352312.843665    4464 random_forest.cc:956] Train tree 99/240 accuracy:0.755485 logloss:0.509411 [index:98 total:37m28.75s tree:17m18.83s]
I0000 00:00:1770352334.281051    4455 random_forest.cc:956] Train tree 100/240 accuracy:0.755586 logloss:0.508973 [index:99 total:37m50.19s tree:17m18.46s]
I0000 00:00:1770352355.427495    4466 random_forest.cc:956] Train tree 101/240 accuracy:0.755685 logloss:0.508476 [index:100 total:38m11.34s tree:17m17.77s]
I0000 00:00:1770352377.523743    4468 random_forest.cc:956] Train tree 102/240 accuracy:0.755787 logloss:0.50805 [index:101 total:38m33.43s tree:17m17.49s]
I0000 00:00:1770352399.125406    4463 random_forest.cc:956] Train tree 103/240 accuracy:0.755865 logloss:0.507631 [index:102 total:38m55.03s tree:17m17.55s]
I0000 00:00:1770352420.622367    4440 random_forest.cc:956] Train tree 104/240 accuracy:0.755952 logloss:0.507197 [index:103 total:39m16.53s tree:17m17.64s]
I0000 00:00:1770352442.846738    4430 random_forest.cc:956] Train tree 105/240 accuracy:0.756015 logloss:0.506783 [index:104 total:39m38.76s tree:17m17.63s]
I0000 00:00:1770352464.664879    4444 random_forest.cc:956] Train tree 106/240 accuracy:0.756096 logloss:0.506359 [index:105 total:40m0.57s tree:17m17.71s]
I0000 00:00:1770352486.297533    4447 random_forest.cc:956] Train tree 107/240 accuracy:0.756184 logloss:0.505951 [index:106 total:40m22.21s tree:17m17.68s]
I0000 00:00:1770352508.118709    4435 random_forest.cc:956] Train tree 108/240 accuracy:0.756243 logloss:0.505587 [index:107 total:40m44.03s tree:17m17.67s]
I0000 00:00:1770352529.415741    4450 random_forest.cc:956] Train tree 109/240 accuracy:0.756337 logloss:0.50519 [index:108 total:41m5.33s tree:17m17.71s]
I0000 00:00:1770352551.017933    4436 random_forest.cc:956] Train tree 110/240 accuracy:0.7564 logloss:0.504813 [index:109 total:41m26.93s tree:17m17.69s]
I0000 00:00:1770352572.736279    4441 random_forest.cc:956] Train tree 111/240 accuracy:0.756515 logloss:0.504459 [index:110 total:41m48.65s tree:17m17.86s]
I0000 00:00:1770352594.416355    4426 random_forest.cc:956] Train tree 112/240 accuracy:0.756557 logloss:0.504138 [index:111 total:42m10.33s tree:17m18.09s]
I0000 00:00:1770352616.384113    4442 random_forest.cc:956] Train tree 113/240 accuracy:0.75665 logloss:0.503825 [index:112 total:42m32.29s tree:17m17.54s]
I0000 00:00:1770352637.871380    4456 random_forest.cc:956] Train tree 114/240 accuracy:0.756722 logloss:0.503478 [index:113 total:42m53.78s tree:17m17.60s]
I0000 00:00:1770352659.266214    4459 random_forest.cc:956] Train tree 115/240 accuracy:0.756792 logloss:0.503143 [index:114 total:43m15.18s tree:17m17.84s]
I0000 00:00:1770352680.873834    4437 random_forest.cc:956] Train tree 116/240 accuracy:0.756905 logloss:0.502794 [index:115 total:43m36.78s tree:17m17.84s]
I0000 00:00:1770352702.436919    4454 random_forest.cc:956] Train tree 117/240 accuracy:0.756933 logloss:0.502505 [index:116 total:43m58.35s tree:17m17.98s]
I0000 00:00:1770352724.829772    4462 random_forest.cc:956] Train tree 118/240 accuracy:0.756997 logloss:0.502254 [index:117 total:44m20.74s tree:17m18.88s]
I0000 00:00:1770352746.470807    4460 random_forest.cc:956] Train tree 119/240 accuracy:0.75705 logloss:0.501979 [index:118 total:44m42.38s tree:17m18.76s]
I0000 00:00:1770352768.278414    4451 random_forest.cc:956] Train tree 120/240 accuracy:0.757109 logloss:0.501735 [index:119 total:45m4.19s tree:17m18.91s]
I0000 00:00:1770352789.545739    4446 random_forest.cc:956] Train tree 121/240 accuracy:0.757191 logloss:0.501482 [index:120 total:45m25.46s tree:17m18.89s]
I0000 00:00:1770352811.174535    4461 random_forest.cc:956] Train tree 122/240 accuracy:0.757264 logloss:0.501221 [index:121 total:45m47.08s tree:17m18.75s]
I0000 00:00:1770352832.490478    4467 random_forest.cc:956] Train tree 123/240 accuracy:0.757301 logloss:0.500951 [index:122 total:46m8.40s tree:17m18.69s]
I0000 00:00:1770352854.001692    4433 random_forest.cc:956] Train tree 124/240 accuracy:0.757363 logloss:0.500722 [index:123 total:46m29.91s tree:17m18.69s]
I0000 00:00:1770352875.937502    4448 random_forest.cc:956] Train tree 125/240 accuracy:0.757439 logloss:0.500468 [index:124 total:46m51.85s tree:17m18.88s]
I0000 00:00:1770352897.739693    4449 random_forest.cc:956] Train tree 126/240 accuracy:0.757543 logloss:0.500189 [index:125 total:47m13.65s tree:17m19.02s]
I0000 00:00:1770352919.492222    4458 random_forest.cc:956] Train tree 127/240 accuracy:0.757532 logloss:0.499988 [index:126 total:47m35.40s tree:17m18.88s]
I0000 00:00:1770352941.337475    4452 random_forest.cc:956] Train tree 128/240 accuracy:0.757629 logloss:0.499754 [index:127 total:47m57.25s tree:17m18.96s]
I0000 00:00:1770352963.164305    4429 random_forest.cc:956] Train tree 129/240 accuracy:0.757675 logloss:0.499541 [index:128 total:48m19.07s tree:17m18.66s]
I0000 00:00:1770352984.781114    4453 random_forest.cc:956] Train tree 130/240 accuracy:0.757732 logloss:0.499331 [index:129 total:48m40.69s tree:17m18.97s]
I0000 00:00:1770353006.469562    4439 random_forest.cc:956] Train tree 131/240 accuracy:0.757784 logloss:0.49914 [index:130 total:49m2.38s tree:17m19.26s]
I0000 00:00:1770353028.327763    4443 random_forest.cc:956] Train tree 132/240 accuracy:0.757834 logloss:0.49894 [index:131 total:49m24.24s tree:17m19.52s]
I0000 00:00:1770353049.489702    4428 random_forest.cc:956] Train tree 133/240 accuracy:0.757883 logloss:0.498694 [index:132 total:49m45.40s tree:17m19.30s]
I0000 00:00:1770353070.888788    4434 random_forest.cc:956] Train tree 134/240 accuracy:0.757915 logloss:0.498484 [index:133 total:50m6.80s tree:17m19.27s]
I0000 00:00:1770353092.877575    4457 random_forest.cc:956] Train tree 135/240 accuracy:0.757938 logloss:0.498273 [index:134 total:50m28.79s tree:17m19.24s]
I0000 00:00:1770353115.325267    4431 random_forest.cc:956] Train tree 136/240 accuracy:0.757981 logloss:0.498067 [index:135 total:50m51.23s tree:17m19.59s]
I0000 00:00:1770353134.023465    4438 random_forest.cc:956] Train tree 137/240 accuracy:0.758011 logloss:0.497871 [index:136 total:51m9.93s tree:17m16.54s]
I0000 00:00:1770353155.832783    4445 random_forest.cc:956] Train tree 138/240 accuracy:0.758073 logloss:0.497674 [index:137 total:51m31.74s tree:17m16.95s]
I0000 00:00:1770353177.912182    4427 random_forest.cc:956] Train tree 139/240 accuracy:0.758108 logloss:0.497495 [index:138 total:51m53.82s tree:17m17.42s]
I0000 00:00:1770353200.017633    4432 random_forest.cc:956] Train tree 140/240 accuracy:0.75817 logloss:0.497326 [index:139 total:52m15.93s tree:17m17.75s]
I0000 00:00:1770353222.077379    4423 random_forest.cc:956] Train tree 141/240 accuracy:0.75824 logloss:0.497148 [index:140 total:52m37.99s tree:17m17.57s]
I0000 00:00:1770353243.558794    4421 random_forest.cc:956] Train tree 142/240 accuracy:0.758286 logloss:0.49697 [index:141 total:52m59.47s tree:17m17.29s]
I0000 00:00:1770353264.717998    4425 random_forest.cc:956] Train tree 143/240 accuracy:0.758327 logloss:0.496808 [index:142 total:53m20.63s tree:17m18.72s]
I0000 00:00:1770353286.518024    4424 random_forest.cc:956] Train tree 144/240 accuracy:0.758368 logloss:0.496616 [index:143 total:53m42.43s tree:17m18.62s]
I0000 00:00:1770353308.218618    4465 random_forest.cc:956] Train tree 145/240 accuracy:0.75841 logloss:0.496435 [index:144 total:54m4.13s tree:17m18.70s]
I0000 00:00:1770353329.738652    4422 random_forest.cc:956] Train tree 146/240 accuracy:0.758476 logloss:0.496277 [index:145 total:54m25.65s tree:17m18.53s]
I0000 00:00:1770353351.180329    4464 random_forest.cc:956] Train tree 147/240 accuracy:0.758512 logloss:0.496152 [index:146 total:54m47.09s tree:17m18.34s]
I0000 00:00:1770353372.837333    4455 random_forest.cc:956] Train tree 148/240 accuracy:0.75856 logloss:0.496035 [index:147 total:55m8.75s tree:17m18.56s]
I0000 00:00:1770353394.207838    4466 random_forest.cc:956] Train tree 149/240 accuracy:0.758619 logloss:0.495863 [index:148 total:55m30.12s tree:17m18.78s]
I0000 00:00:1770353416.273454    4468 random_forest.cc:956] Train tree 150/240 accuracy:0.758683 logloss:0.495706 [index:149 total:55m52.18s tree:17m18.75s]
I0000 00:00:1770353437.924938    4463 random_forest.cc:956] Train tree 151/240 accuracy:0.758716 logloss:0.495544 [index:150 total:56m13.83s tree:17m18.80s]
I0000 00:00:1770353459.096302    4440 random_forest.cc:956] Train tree 152/240 accuracy:0.758808 logloss:0.495418 [index:151 total:56m35.01s tree:17m18.47s]
I0000 00:00:1770353481.165457    4430 random_forest.cc:956] Train tree 153/240 accuracy:0.758822 logloss:0.495284 [index:152 total:56m57.07s tree:17m18.32s]
I0000 00:00:1770353503.143874    4444 random_forest.cc:956] Train tree 154/240 accuracy:0.758848 logloss:0.49516 [index:153 total:57m19.05s tree:17m18.48s]
I0000 00:00:1770353524.731694    4447 random_forest.cc:956] Train tree 155/240 accuracy:0.758908 logloss:0.495025 [index:154 total:57m40.64s tree:17m18.43s]
I0000 00:00:1770353546.938462    4435 random_forest.cc:956] Train tree 156/240 accuracy:0.758935 logloss:0.494884 [index:155 total:58m2.85s tree:17m18.82s]
I0000 00:00:1770353568.596038    4450 random_forest.cc:956] Train tree 157/240 accuracy:0.758952 logloss:0.494765 [index:156 total:58m24.51s tree:17m19.18s]
I0000 00:00:1770353589.894795    4436 random_forest.cc:956] Train tree 158/240 accuracy:0.75902 logloss:0.494654 [index:157 total:58m45.80s tree:17m18.88s]
I0000 00:00:1770353611.617708    4441 random_forest.cc:956] Train tree 159/240 accuracy:0.759058 logloss:0.494541 [index:158 total:59m7.53s tree:17m18.88s]
I0000 00:00:1770353633.254287    4426 random_forest.cc:956] Train tree 160/240 accuracy:0.759092 logloss:0.494418 [index:159 total:59m29.16s tree:17m18.84s]
I0000 00:00:1770353655.322822    4442 random_forest.cc:956] Train tree 161/240 accuracy:0.759128 logloss:0.494295 [index:160 total:59m51.23s tree:17m18.94s]
I0000 00:00:1770353676.661453    4456 random_forest.cc:956] Train tree 162/240 accuracy:0.759151 logloss:0.494174 [index:161 total:1h0m12.57s tree:17m18.79s]
I0000 00:00:1770353698.451879    4459 random_forest.cc:956] Train tree 163/240 accuracy:0.759178 logloss:0.494052 [index:162 total:1h0m34.36s tree:17m19.18s]
I0000 00:00:1770353720.402617    4437 random_forest.cc:956] Train tree 164/240 accuracy:0.759239 logloss:0.493963 [index:163 total:1h0m56.31s tree:17m19.53s]
I0000 00:00:1770353741.806212    4454 random_forest.cc:956] Train tree 165/240 accuracy:0.759295 logloss:0.493851 [index:164 total:1h1m17.72s tree:17m19.37s]
I0000 00:00:1770353763.893901    4462 random_forest.cc:956] Train tree 166/240 accuracy:0.759325 logloss:0.493753 [index:165 total:1h1m39.80s tree:17m19.06s]
I0000 00:00:1770353785.544361    4460 random_forest.cc:956] Train tree 167/240 accuracy:0.759354 logloss:0.493661 [index:166 total:1h2m1.45s tree:17m19.07s]
I0000 00:00:1770353807.438703    4451 random_forest.cc:956] Train tree 168/240 accuracy:0.759372 logloss:0.493553 [index:167 total:1h2m23.35s tree:17m19.16s]
I0000 00:00:1770353829.033124    4446 random_forest.cc:956] Train tree 169/240 accuracy:0.759413 logloss:0.493445 [index:168 total:1h2m44.94s tree:17m19.49s]
I0000 00:00:1770353850.947960    4461 random_forest.cc:956] Train tree 170/240 accuracy:0.759452 logloss:0.493343 [index:169 total:1h3m6.86s tree:17m19.77s]
I0000 00:00:1770353872.550041    4467 random_forest.cc:956] Train tree 171/240 accuracy:0.759455 logloss:0.493236 [index:170 total:1h3m28.46s tree:17m20.06s]
I0000 00:00:1770353893.912899    4433 random_forest.cc:956] Train tree 172/240 accuracy:0.759471 logloss:0.493133 [index:171 total:1h3m49.82s tree:17m19.91s]
I0000 00:00:1770353915.585407    4448 random_forest.cc:956] Train tree 173/240 accuracy:0.759512 logloss:0.493041 [index:172 total:1h4m11.49s tree:17m19.65s]
I0000 00:00:1770353937.575254    4449 random_forest.cc:956] Train tree 174/240 accuracy:0.759525 logloss:0.492964 [index:173 total:1h4m33.48s tree:17m19.83s]
I0000 00:00:1770353959.242926    4458 random_forest.cc:956] Train tree 175/240 accuracy:0.75957 logloss:0.492875 [index:174 total:1h4m55.15s tree:17m19.75s]
I0000 00:00:1770353981.042796    4452 random_forest.cc:956] Train tree 176/240 accuracy:0.759611 logloss:0.492784 [index:175 total:1h5m16.95s tree:17m19.70s]
I0000 00:00:1770354003.277459    4429 random_forest.cc:956] Train tree 177/240 accuracy:0.759649 logloss:0.492687 [index:176 total:1h5m39.19s tree:17m20.11s]
I0000 00:00:1770354023.953142    4453 random_forest.cc:956] Train tree 178/240 accuracy:0.759696 logloss:0.492595 [index:177 total:1h5m59.86s tree:17m19.17s]
I0000 00:00:1770354045.362308    4439 random_forest.cc:956] Train tree 179/240 accuracy:0.759724 logloss:0.492505 [index:178 total:1h6m21.27s tree:17m18.89s]
I0000 00:00:1770354067.141348    4443 random_forest.cc:956] Train tree 180/240 accuracy:0.759781 logloss:0.492401 [index:179 total:1h6m43.05s tree:17m18.81s]
I0000 00:00:1770354088.698720    4428 random_forest.cc:956] Train tree 181/240 accuracy:0.759798 logloss:0.492317 [index:180 total:1h7m4.61s tree:17m19.21s]
I0000 00:00:1770354109.873624    4434 random_forest.cc:956] Train tree 182/240 accuracy:0.759816 logloss:0.492255 [index:181 total:1h7m25.78s tree:17m18.98s]
I0000 00:00:1770354131.990795    4457 random_forest.cc:956] Train tree 183/240 accuracy:0.759809 logloss:0.492192 [index:182 total:1h7m47.90s tree:17m19.11s]
I0000 00:00:1770354153.887025    4431 random_forest.cc:956] Train tree 184/240 accuracy:0.759849 logloss:0.492118 [index:183 total:1h8m9.80s tree:17m18.56s]
I0000 00:00:1770354175.594898    4438 random_forest.cc:956] Train tree 185/240 accuracy:0.759914 logloss:0.492038 [index:184 total:1h8m31.50s tree:17m21.57s]
I0000 00:00:1770354197.276053    4445 random_forest.cc:956] Train tree 186/240 accuracy:0.759946 logloss:0.49197 [index:185 total:1h8m53.19s tree:17m21.44s]
I0000 00:00:1770354218.869915    4427 random_forest.cc:956] Train tree 187/240 accuracy:0.759984 logloss:0.491886 [index:186 total:1h9m14.78s tree:17m20.96s]
I0000 00:00:1770354240.619105    4432 random_forest.cc:956] Train tree 188/240 accuracy:0.759999 logloss:0.491802 [index:187 total:1h9m36.53s tree:17m20.60s]
I0000 00:00:1770354262.683452    4423 random_forest.cc:956] Train tree 189/240 accuracy:0.760019 logloss:0.491731 [index:188 total:1h9m58.59s tree:17m20.60s]
I0000 00:00:1770354284.850157    4421 random_forest.cc:956] Train tree 190/240 accuracy:0.760023 logloss:0.491653 [index:189 total:1h10m20.76s tree:17m21.29s]
I0000 00:00:1770354306.277268    4425 random_forest.cc:956] Train tree 191/240 accuracy:0.760049 logloss:0.491574 [index:190 total:1h10m42.19s tree:17m21.56s]
I0000 00:00:1770354328.448057    4424 random_forest.cc:956] Train tree 192/240 accuracy:0.760079 logloss:0.491494 [index:191 total:1h11m4.36s tree:17m21.93s]
I0000 00:00:1770354349.975292    4465 random_forest.cc:956] Train tree 193/240 accuracy:0.760096 logloss:0.491441 [index:192 total:1h11m25.88s tree:17m21.76s]
I0000 00:00:1770354370.481288    4422 random_forest.cc:956] Train tree 194/240 accuracy:0.760119 logloss:0.491353 [index:193 total:1h11m46.39s tree:17m20.74s]
I0000 00:00:1770354390.043819    4464 random_forest.cc:956] Train tree 195/240 accuracy:0.76017 logloss:0.491278 [index:194 total:1h12m5.95s tree:17m18.86s]
I0000 00:00:1770354408.738631    4455 random_forest.cc:956] Train tree 196/240 accuracy:0.760212 logloss:0.491218 [index:195 total:1h12m24.65s tree:17m15.90s]
I0000 00:00:1770354425.699158    4466 random_forest.cc:956] Train tree 197/240 accuracy:0.760229 logloss:0.49115 [index:196 total:1h12m41.61s tree:17m11.49s]
I0000 00:00:1770354441.988160    4468 random_forest.cc:956] Train tree 198/240 accuracy:0.760283 logloss:0.491068 [index:197 total:1h12m57.90s tree:17m5.71s]
I0000 00:00:1770354457.291390    4463 random_forest.cc:956] Train tree 199/240 accuracy:0.760319 logloss:0.490995 [index:198 total:1h13m13.20s tree:16m59.37s]
I0000 00:00:1770354472.569053    4440 random_forest.cc:956] Train tree 200/240 accuracy:0.760328 logloss:0.490942 [index:199 total:1h13m28.48s tree:16m53.47s]
I0000 00:00:1770354488.379543    4430 random_forest.cc:956] Train tree 201/240 accuracy:0.76035 logloss:0.490883 [index:200 total:1h13m44.29s tree:16m47.21s]
I0000 00:00:1770354503.967212    4444 random_forest.cc:956] Train tree 202/240 accuracy:0.760341 logloss:0.490818 [index:201 total:1h13m59.88s tree:16m40.82s]
I0000 00:00:1770354519.295511    4447 random_forest.cc:956] Train tree 203/240 accuracy:0.760395 logloss:0.490755 [index:202 total:1h14m15.20s tree:16m34.56s]
I0000 00:00:1770354534.717568    4435 random_forest.cc:956] Train tree 204/240 accuracy:0.760429 logloss:0.490688 [index:203 total:1h14m30.63s tree:16m27.78s]
I0000 00:00:1770354549.881937    4450 random_forest.cc:956] Train tree 205/240 accuracy:0.760451 logloss:0.49061 [index:204 total:1h14m45.79s tree:16m21.28s]
I0000 00:00:1770354565.119838    4436 random_forest.cc:956] Train tree 206/240 accuracy:0.760475 logloss:0.49055 [index:205 total:1h15m1.03s tree:16m15.22s]
I0000 00:00:1770354580.551617    4441 random_forest.cc:956] Train tree 207/240 accuracy:0.760493 logloss:0.490486 [index:206 total:1h15m16.46s tree:16m8.93s]
I0000 00:00:1770354595.833313    4426 random_forest.cc:956] Train tree 208/240 accuracy:0.76051 logloss:0.490441 [index:207 total:1h15m31.74s tree:16m2.58s]
I0000 00:00:1770354611.594186    4442 random_forest.cc:956] Train tree 209/240 accuracy:0.760517 logloss:0.490375 [index:208 total:1h15m47.50s tree:15m56.27s]
I0000 00:00:1770354626.775226    4456 random_forest.cc:956] Train tree 210/240 accuracy:0.760572 logloss:0.490316 [index:209 total:1h16m2.68s tree:15m50.11s]
I0000 00:00:1770354642.275446    4459 random_forest.cc:956] Train tree 211/240 accuracy:0.760569 logloss:0.490269 [index:210 total:1h16m18.18s tree:15m43.82s]
I0000 00:00:1770354657.859179    4437 random_forest.cc:956] Train tree 212/240 accuracy:0.760577 logloss:0.49022 [index:211 total:1h16m33.77s tree:15m37.46s]
I0000 00:00:1770354673.029607    4454 random_forest.cc:956] Train tree 213/240 accuracy:0.760624 logloss:0.490165 [index:212 total:1h16m48.94s tree:15m31.22s]
I0000 00:00:1770354688.666911    4462 random_forest.cc:956] Train tree 214/240 accuracy:0.760649 logloss:0.490119 [index:213 total:1h17m4.58s tree:15m24.77s]
I0000 00:00:1770354704.077419    4460 random_forest.cc:956] Train tree 215/240 accuracy:0.760663 logloss:0.490067 [index:214 total:1h17m19.99s tree:15m18.53s]
I0000 00:00:1770354719.575786    4451 random_forest.cc:956] Train tree 216/240 accuracy:0.760681 logloss:0.490021 [index:215 total:1h17m35.49s tree:15m12.14s]
I0000 00:00:1770354734.740466    4446 random_forest.cc:956] Train tree 217/240 accuracy:0.760711 logloss:0.489973 [index:216 total:1h17m50.65s tree:15m5.71s]
I0000 00:00:1770354750.246777    4461 random_forest.cc:956] Train tree 218/240 accuracy:0.760725 logloss:0.489941 [index:217 total:1h18m6.16s tree:14m59.30s]
I0000 00:00:1770354765.405688    4467 random_forest.cc:956] Train tree 219/240 accuracy:0.760763 logloss:0.489883 [index:218 total:1h18m21.32s tree:14m52.85s]
I0000 00:00:1770354780.523757    4433 random_forest.cc:956] Train tree 220/240 accuracy:0.760768 logloss:0.489853 [index:219 total:1h18m36.43s tree:14m46.61s]
I0000 00:00:1770354795.892357    4448 random_forest.cc:956] Train tree 221/240 accuracy:0.760803 logloss:0.489807 [index:220 total:1h18m51.80s tree:14m40.31s]
I0000 00:00:1770354811.384348    4449 random_forest.cc:956] Train tree 222/240 accuracy:0.760803 logloss:0.489774 [index:221 total:1h19m7.29s tree:14m33.81s]
I0000 00:00:1770354826.523827    4458 random_forest.cc:956] Train tree 223/240 accuracy:0.760836 logloss:0.489725 [index:222 total:1h19m22.43s tree:14m27.28s]
I0000 00:00:1770354842.032039    4452 random_forest.cc:956] Train tree 224/240 accuracy:0.760865 logloss:0.489657 [index:223 total:1h19m37.94s tree:14m20.99s]
I0000 00:00:1770354857.747260    4429 random_forest.cc:956] Train tree 225/240 accuracy:0.760874 logloss:0.489622 [index:224 total:1h19m53.66s tree:14m14.47s]
I0000 00:00:1770354872.802047    4453 random_forest.cc:956] Train tree 226/240 accuracy:0.760891 logloss:0.489575 [index:225 total:1h20m8.71s tree:14m8.85s]
I0000 00:00:1770354887.974164    4439 random_forest.cc:956] Train tree 227/240 accuracy:0.760889 logloss:0.489527 [index:226 total:1h20m23.88s tree:14m2.61s]
I0000 00:00:1770354903.445962    4443 random_forest.cc:956] Train tree 228/240 accuracy:0.760912 logloss:0.489479 [index:227 total:1h20m39.36s tree:13m56.30s]
I0000 00:00:1770354918.495829    4428 random_forest.cc:956] Train tree 229/240 accuracy:0.760931 logloss:0.489441 [index:228 total:1h20m54.41s tree:13m49.80s]
I0000 00:00:1770354933.718766    4434 random_forest.cc:956] Train tree 230/240 accuracy:0.760939 logloss:0.48939 [index:229 total:1h21m9.63s tree:13m43.84s]
I0000 00:00:1770354949.320284    4457 random_forest.cc:956] Train tree 231/240 accuracy:0.760965 logloss:0.489346 [index:230 total:1h21m25.23s tree:13m37.33s]
I0000 00:00:1770354965.318807    4431 random_forest.cc:956] Train tree 232/240 accuracy:0.761003 logloss:0.489317 [index:231 total:1h21m41.23s tree:13m31.43s]
I0000 00:00:1770354980.709623    4438 random_forest.cc:956] Train tree 233/240 accuracy:0.761016 logloss:0.489279 [index:232 total:1h21m56.62s tree:13m25.11s]
I0000 00:00:1770354996.058883    4445 random_forest.cc:956] Train tree 234/240 accuracy:0.761015 logloss:0.489231 [index:233 total:1h22m11.97s tree:13m18.78s]
I0000 00:00:1770355011.528520    4427 random_forest.cc:956] Train tree 235/240 accuracy:0.761044 logloss:0.489183 [index:234 total:1h22m27.44s tree:13m12.66s]
I0000 00:00:1770355027.158035    4432 random_forest.cc:956] Train tree 236/240 accuracy:0.761059 logloss:0.48915 [index:235 total:1h22m43.07s tree:13m6.54s]
I0000 00:00:1770355042.927451    4423 random_forest.cc:956] Train tree 237/240 accuracy:0.761061 logloss:0.489097 [index:236 total:1h22m58.84s tree:13m0.24s]
I0000 00:00:1770355058.511251    4421 random_forest.cc:956] Train tree 238/240 accuracy:0.761087 logloss:0.489045 [index:237 total:1h23m14.42s tree:12m53.66s]
I0000 00:00:1770355073.567652    4425 random_forest.cc:956] Train tree 239/240 accuracy:0.761079 logloss:0.489003 [index:238 total:1h23m29.48s tree:12m47.29s]
I0000 00:00:1770355089.267310    4424 random_forest.cc:956] Train tree 240/240 accuracy:0.761113 logloss:0.48897 [index:239 total:1h23m45.18s tree:12m40.82s]
I0000 00:00:1770355089.269883    3972 random_forest.cc:990] random_forest.cc Training block took: 5026.81 s
I0000 00:00:1770355089.269938    3972 random_forest.cc:1062] After Random Forest Training block. RETURNING EARLY TO SPEED UP XPS!!
-1 (automatic) threads requested. 48 threads set.
Using axis-aligned splits (default behavior)
Using exact splitting
./bazel-bin/examples/train_oblique_forest --input_mode csv --train_csv "benchmarks/data/SUSY_with_header.csv" --label_col "class" --feature_split_type "Axis Aligned" --numerical_split_type "Exact" --num_trees=240 --num_threads=-1 --compute_oob_performances=true 


Inferring DataSpec from CSV: benchmarks/data/SUSY_with_header.csv


WARNING: All log messages before absl::InitializeLog() is called are written to STDERR
I0000 00:00:1770355095.159635   23931 csv_example_reader.cc:212] 0 row(s) processed
I0000 00:00:1770355095.166287   23931 csv_example_reader.cc:216] Stop scanning the csv file to infer the type. Some records were not considered.
I0000 00:00:1770355095.166303   23931 data_spec_inference.cc:457] 19 column(s) found
I0000 00:00:1770355095.166314   23931 csv_example_reader.cc:303] 0 row(s) processed
I0000 00:00:1770355112.394510   23931 data_spec_inference.cc:494] Finalizing [5000000 row(s) found]
I0000 00:00:1770355112.394603   23931 train_oblique_forest.cc:381] Num Candidate Attributes: 5
I0000 00:00:1770355112.394651   23931 abstract_learner.cc:155] No input feature explicitly specified. Using all the available input features.
I0000 00:00:1770355112.394654   23931 abstract_learner.cc:172] The label "class" was removed from the input feature set.
I0000 00:00:1770355112.395071   23931 vertical_dataset_io.cc:82] 100 examples scanned.
I0000 00:00:1770355125.566234   23931 vertical_dataset_io.cc:88] 5000000 examples read. Memory: usage:380MB allocated:380MB. 0 (0%) examples have been skipped.
I0000 00:00:1770355125.566306   23931 abstract_learner.cc:155] No input feature explicitly specified. Using all the available input features.
I0000 00:00:1770355125.566310   23931 abstract_learner.cc:172] The label "class" was removed from the input feature set.
I0000 00:00:1770355125.566328   23931 random_forest.cc:465] Training random forest on 5000000 example(s) and 18 feature(s).
I0000 00:00:1770355126.083312   23931 gpu.cc:93] Cannot initialize GPU: Not compiled with GPU support
I0000 00:00:1770355126.252852   23931 random_forest.cc:659] num_threads being used: 48
I0000 00:00:1770355181.793330   24116 random_forest.cc:956] Train tree 1/240 accuracy:0.718284 logloss:10.1541 [index:11 total:55.54s tree:55.54s]
I0000 00:00:1770355193.379272   24114 random_forest.cc:956] Train tree 3/240 accuracy:0.729957 logloss:7.9938 [index:5 total:1m7.13s tree:1m7.13s]
I0000 00:00:1770355206.398542   24100 random_forest.cc:956] Train tree 5/240 accuracy:0.739908 logloss:6.22366 [index:40 total:1m20.15s tree:1m20.14s]
I0000 00:00:1770355220.406689   24086 random_forest.cc:956] Train tree 7/240 accuracy:0.748987 logloss:4.83429 [index:25 total:1m34.15s tree:1m34.15s]
I0000 00:00:1770355234.425601   24105 random_forest.cc:956] Train tree 9/240 accuracy:0.756799 logloss:3.79337 [index:42 total:1m48.17s tree:1m48.17s]
I0000 00:00:1770355248.428462   24093 random_forest.cc:956] Train tree 11/240 accuracy:0.762935 logloss:3.04233 [index:33 total:2m2.18s tree:2m2.17s]
I0000 00:00:1770355262.345164   24079 random_forest.cc:956] Train tree 13/240 accuracy:0.767906 logloss:2.49834 [index:20 total:2m16.09s tree:2m16.09s]
I0000 00:00:1770355276.556590   24092 random_forest.cc:956] Train tree 15/240 accuracy:0.771978 logloss:2.10182 [index:32 total:2m30.30s tree:2m30.30s]
I0000 00:00:1770355290.709747   24098 random_forest.cc:956] Train tree 17/240 accuracy:0.775179 logloss:1.80844 [index:36 total:2m44.46s tree:2m44.45s]
I0000 00:00:1770355304.614396   24101 random_forest.cc:956] Train tree 19/240 accuracy:0.777825 logloss:1.58587 [index:39 total:2m58.36s tree:2m58.36s]
I0000 00:00:1770355318.831209   24097 random_forest.cc:956] Train tree 21/240 accuracy:0.780038 logloss:1.41343 [index:37 total:3m12.58s tree:3m12.58s]
I0000 00:00:1770355332.590188   24085 random_forest.cc:956] Train tree 23/240 accuracy:0.781889 logloss:1.27973 [index:24 total:3m26.34s tree:3m26.34s]
I0000 00:00:1770355346.362731   24104 random_forest.cc:956] Train tree 25/240 accuracy:0.783542 logloss:1.17003 [index:44 total:3m40.11s tree:3m40.11s]
I0000 00:00:1770355360.524809   24072 random_forest.cc:956] Train tree 27/240 accuracy:0.784892 logloss:1.08145 [index:8 total:3m54.27s tree:3m54.27s]
I0000 00:00:1770355374.809117   24087 random_forest.cc:956] Train tree 29/240 accuracy:0.786108 logloss:1.00828 [index:27 total:4m8.56s tree:4m8.55s]
I0000 00:00:1770355388.905844   24075 random_forest.cc:956] Train tree 31/240 accuracy:0.787204 logloss:0.945398 [index:15 total:4m22.65s tree:4m22.65s]
I0000 00:00:1770355402.775191   24113 random_forest.cc:956] Train tree 33/240 accuracy:0.78805 logloss:0.89349 [index:6 total:4m36.52s tree:4m36.52s]
I0000 00:00:1770355416.864773   24095 random_forest.cc:956] Train tree 35/240 accuracy:0.788777 logloss:0.848309 [index:34 total:4m50.61s tree:4m50.61s]
I0000 00:00:1770355431.052288   24109 random_forest.cc:956] Train tree 37/240 accuracy:0.789495 logloss:0.809711 [index:1 total:5m4.80s tree:5m4.80s]
I0000 00:00:1770355445.171362   24099 random_forest.cc:956] Train tree 39/240 accuracy:0.790196 logloss:0.776167 [index:38 total:5m18.92s tree:5m18.92s]
I0000 00:00:1770355459.285148   24102 random_forest.cc:956] Train tree 41/240 accuracy:0.790773 logloss:0.747151 [index:41 total:5m33.03s tree:5m33.03s]
I0000 00:00:1770355473.096957   24110 random_forest.cc:956] Train tree 43/240 accuracy:0.791332 logloss:0.721728 [index:0 total:5m46.84s tree:5m46.84s]
I0000 00:00:1770355487.278792   24073 random_forest.cc:956] Train tree 45/240 accuracy:0.791755 logloss:0.698954 [index:13 total:6m1.03s tree:6m1.02s]
I0000 00:00:1770355501.512769   24071 random_forest.cc:956] Train tree 47/240 accuracy:0.792289 logloss:0.678884 [index:4 total:6m15.26s tree:6m15.26s]
I0000 00:00:1770355515.371456   24116 random_forest.cc:956] Train tree 49/240 accuracy:0.792662 logloss:0.660652 [index:48 total:6m29.12s tree:5m33.58s]
I0000 00:00:1770355529.596429   24114 random_forest.cc:956] Train tree 51/240 accuracy:0.793098 logloss:0.643782 [index:50 total:6m43.34s tree:5m36.22s]
I0000 00:00:1770355543.923921   24100 random_forest.cc:956] Train tree 53/240 accuracy:0.79344 logloss:0.628963 [index:52 total:6m57.67s tree:5m37.52s]
I0000 00:00:1770355558.168164   24086 random_forest.cc:956] Train tree 55/240 accuracy:0.793757 logloss:0.615198 [index:54 total:7m11.92s tree:5m37.76s]
I0000 00:00:1770355572.111666   24105 random_forest.cc:956] Train tree 57/240 accuracy:0.793989 logloss:0.603361 [index:56 total:7m25.86s tree:5m37.69s]
I0000 00:00:1770355586.126242   24093 random_forest.cc:956] Train tree 59/240 accuracy:0.794352 logloss:0.592898 [index:58 total:7m39.87s tree:5m37.70s]
I0000 00:00:1770355600.280659   24079 random_forest.cc:956] Train tree 61/240 accuracy:0.794621 logloss:0.583379 [index:60 total:7m54.03s tree:5m37.93s]
I0000 00:00:1770355614.557648   24092 random_forest.cc:956] Train tree 63/240 accuracy:0.794874 logloss:0.574348 [index:62 total:8m8.30s tree:5m38.00s]
I0000 00:00:1770355628.634559   24098 random_forest.cc:956] Train tree 65/240 accuracy:0.795172 logloss:0.565933 [index:64 total:8m22.38s tree:5m37.92s]
I0000 00:00:1770355642.752769   24101 random_forest.cc:956] Train tree 67/240 accuracy:0.795393 logloss:0.558107 [index:66 total:8m36.50s tree:5m38.14s]
I0000 00:00:1770355656.830458   24097 random_forest.cc:956] Train tree 69/240 accuracy:0.795605 logloss:0.551111 [index:68 total:8m50.58s tree:5m38.00s]
I0000 00:00:1770355670.526997   24085 random_forest.cc:956] Train tree 71/240 accuracy:0.795849 logloss:0.544678 [index:70 total:9m4.27s tree:5m37.94s]
I0000 00:00:1770355684.409823   24104 random_forest.cc:956] Train tree 73/240 accuracy:0.796013 logloss:0.538639 [index:72 total:9m18.16s tree:5m38.05s]
I0000 00:00:1770355698.707029   24072 random_forest.cc:956] Train tree 75/240 accuracy:0.796167 logloss:0.533126 [index:74 total:9m32.45s tree:5m38.18s]
I0000 00:00:1770355713.124667   24087 random_forest.cc:956] Train tree 77/240 accuracy:0.79629 logloss:0.528242 [index:76 total:9m46.87s tree:5m38.31s]
I0000 00:00:1770355727.212046   24075 random_forest.cc:956] Train tree 79/240 accuracy:0.796437 logloss:0.523383 [index:78 total:10m0.96s tree:5m38.31s]
I0000 00:00:1770355741.126961   24113 random_forest.cc:956] Train tree 81/240 accuracy:0.796625 logloss:0.519262 [index:80 total:10m14.87s tree:5m38.35s]
I0000 00:00:1770355755.105299   24095 random_forest.cc:956] Train tree 83/240 accuracy:0.796714 logloss:0.515356 [index:82 total:10m28.85s tree:5m38.24s]
I0000 00:00:1770355769.170596   24109 random_forest.cc:956] Train tree 85/240 accuracy:0.796864 logloss:0.511613 [index:84 total:10m42.92s tree:5m38.12s]
I0000 00:00:1770355783.353393   24099 random_forest.cc:956] Train tree 87/240 accuracy:0.79694 logloss:0.508211 [index:86 total:10m57.10s tree:5m38.18s]
I0000 00:00:1770355797.643687   24102 random_forest.cc:956] Train tree 89/240 accuracy:0.797161 logloss:0.505016 [index:88 total:11m11.39s tree:5m38.36s]
I0000 00:00:1770355811.302432   24110 random_forest.cc:956] Train tree 91/240 accuracy:0.797291 logloss:0.502119 [index:90 total:11m25.05s tree:5m38.20s]
I0000 00:00:1770355825.252051   24073 random_forest.cc:956] Train tree 93/240 accuracy:0.797295 logloss:0.499068 [index:92 total:11m39.00s tree:5m37.97s]
I0000 00:00:1770355839.455812   24071 random_forest.cc:956] Train tree 95/240 accuracy:0.797358 logloss:0.496415 [index:94 total:11m53.20s tree:5m37.94s]
I0000 00:00:1770355853.191643   24116 random_forest.cc:956] Train tree 97/240 accuracy:0.797501 logloss:0.493913 [index:96 total:12m6.94s tree:5m37.82s]
I0000 00:00:1770355867.045361   24114 random_forest.cc:956] Train tree 99/240 accuracy:0.7976 logloss:0.491553 [index:98 total:12m20.79s tree:5m37.45s]
I0000 00:00:1770355881.265196   24100 random_forest.cc:956] Train tree 101/240 accuracy:0.797686 logloss:0.489373 [index:100 total:12m35.01s tree:5m37.34s]
I0000 00:00:1770355895.520781   24086 random_forest.cc:956] Train tree 103/240 accuracy:0.797812 logloss:0.487302 [index:102 total:12m49.27s tree:5m37.35s]
I0000 00:00:1770355909.568687   24105 random_forest.cc:956] Train tree 105/240 accuracy:0.797977 logloss:0.485291 [index:104 total:13m3.32s tree:5m37.46s]
I0000 00:00:1770355923.671882   24093 random_forest.cc:956] Train tree 107/240 accuracy:0.797969 logloss:0.483417 [index:106 total:13m17.42s tree:5m37.55s]
I0000 00:00:1770355937.853089   24079 random_forest.cc:956] Train tree 109/240 accuracy:0.798059 logloss:0.481733 [index:108 total:13m31.60s tree:5m37.57s]
I0000 00:00:1770355951.938976   24092 random_forest.cc:956] Train tree 111/240 accuracy:0.798098 logloss:0.47997 [index:110 total:13m45.69s tree:5m37.38s]
I0000 00:00:1770355965.779905   24098 random_forest.cc:956] Train tree 113/240 accuracy:0.798176 logloss:0.478387 [index:112 total:13m59.53s tree:5m37.15s]
I0000 00:00:1770355979.689204   24101 random_forest.cc:956] Train tree 115/240 accuracy:0.798243 logloss:0.476975 [index:114 total:14m13.44s tree:5m36.94s]
I0000 00:00:1770355993.974129   24097 random_forest.cc:956] Train tree 117/240 accuracy:0.798303 logloss:0.475481 [index:116 total:14m27.72s tree:5m37.14s]
I0000 00:00:1770356007.825610   24089 random_forest.cc:956] Train tree 119/240 accuracy:0.798366 logloss:0.474018 [index:117 total:14m41.57s tree:5m44.17s]
I0000 00:00:1770356021.554237   24104 random_forest.cc:956] Train tree 121/240 accuracy:0.798461 logloss:0.472621 [index:120 total:14m55.30s tree:5m37.14s]
I0000 00:00:1770356035.577069   24072 random_forest.cc:956] Train tree 123/240 accuracy:0.798519 logloss:0.47135 [index:122 total:15m9.32s tree:5m36.87s]
I0000 00:00:1770356050.028024   24087 random_forest.cc:956] Train tree 125/240 accuracy:0.798577 logloss:0.470129 [index:124 total:15m23.78s tree:5m36.90s]
I0000 00:00:1770356064.241679   24075 random_forest.cc:956] Train tree 127/240 accuracy:0.798592 logloss:0.46906 [index:126 total:15m37.99s tree:5m37.03s]
I0000 00:00:1770356078.236367   24113 random_forest.cc:956] Train tree 129/240 accuracy:0.798617 logloss:0.467969 [index:128 total:15m51.98s tree:5m37.11s]
I0000 00:00:1770356092.066079   24095 random_forest.cc:956] Train tree 131/240 accuracy:0.798696 logloss:0.466887 [index:130 total:16m5.81s tree:5m36.96s]
I0000 00:00:1770356106.193700   24109 random_forest.cc:956] Train tree 133/240 accuracy:0.798766 logloss:0.465961 [index:132 total:16m19.94s tree:5m37.02s]
I0000 00:00:1770356120.303526   24099 random_forest.cc:956] Train tree 135/240 accuracy:0.798795 logloss:0.465076 [index:134 total:16m34.05s tree:5m36.95s]
I0000 00:00:1770356134.345247   24102 random_forest.cc:956] Train tree 137/240 accuracy:0.798863 logloss:0.46417 [index:136 total:16m48.09s tree:5m36.70s]
I0000 00:00:1770356148.229330   24110 random_forest.cc:956] Train tree 139/240 accuracy:0.798906 logloss:0.46336 [index:138 total:17m1.98s tree:5m36.93s]
I0000 00:00:1770356162.300307   24073 random_forest.cc:956] Train tree 141/240 accuracy:0.798955 logloss:0.462526 [index:140 total:17m16.05s tree:5m37.05s]
I0000 00:00:1770356176.540485   24071 random_forest.cc:956] Train tree 143/240 accuracy:0.799045 logloss:0.461772 [index:142 total:17m30.29s tree:5m37.08s]
I0000 00:00:1770356190.362983   24116 random_forest.cc:956] Train tree 145/240 accuracy:0.799059 logloss:0.461054 [index:144 total:17m44.11s tree:5m37.17s]
I0000 00:00:1770356204.577244   24114 random_forest.cc:956] Train tree 147/240 accuracy:0.799097 logloss:0.460325 [index:146 total:17m58.32s tree:5m37.53s]
I0000 00:00:1770356218.894998   24100 random_forest.cc:956] Train tree 149/240 accuracy:0.799158 logloss:0.459533 [index:148 total:18m12.64s tree:5m37.63s]
I0000 00:00:1770356233.360618   24086 random_forest.cc:956] Train tree 151/240 accuracy:0.799216 logloss:0.458921 [index:150 total:18m27.11s tree:5m37.84s]
I0000 00:00:1770356247.269265   24105 random_forest.cc:956] Train tree 153/240 accuracy:0.799288 logloss:0.458216 [index:152 total:18m41.02s tree:5m37.70s]
I0000 00:00:1770356261.160314   24093 random_forest.cc:956] Train tree 155/240 accuracy:0.799326 logloss:0.457662 [index:154 total:18m54.91s tree:5m37.49s]
I0000 00:00:1770356275.260889   24079 random_forest.cc:956] Train tree 157/240 accuracy:0.799356 logloss:0.45698 [index:156 total:19m9.01s tree:5m37.41s]
I0000 00:00:1770356289.577973   24092 random_forest.cc:956] Train tree 159/240 accuracy:0.79936 logloss:0.456458 [index:158 total:19m23.33s tree:5m37.64s]
I0000 00:00:1770356303.451490   24098 random_forest.cc:956] Train tree 161/240 accuracy:0.799403 logloss:0.455918 [index:160 total:19m37.20s tree:5m37.67s]
I0000 00:00:1770356317.399158   24101 random_forest.cc:956] Train tree 163/240 accuracy:0.799449 logloss:0.455428 [index:162 total:19m51.15s tree:5m37.71s]
I0000 00:00:1770356331.758495   24097 random_forest.cc:956] Train tree 165/240 accuracy:0.799495 logloss:0.454927 [index:164 total:20m5.51s tree:5m37.78s]
I0000 00:00:1770356345.629423   24089 random_forest.cc:956] Train tree 167/240 accuracy:0.799528 logloss:0.454517 [index:166 total:20m19.38s tree:5m37.80s]
I0000 00:00:1770356359.272663   24104 random_forest.cc:956] Train tree 169/240 accuracy:0.799586 logloss:0.454114 [index:168 total:20m33.02s tree:5m37.72s]
I0000 00:00:1770356373.593953   24072 random_forest.cc:956] Train tree 171/240 accuracy:0.799599 logloss:0.453649 [index:170 total:20m47.34s tree:5m38.02s]
I0000 00:00:1770356387.514016   24087 random_forest.cc:956] Train tree 173/240 accuracy:0.799637 logloss:0.453206 [index:172 total:21m1.26s tree:5m37.49s]
I0000 00:00:1770356401.476859   24075 random_forest.cc:956] Train tree 175/240 accuracy:0.79968 logloss:0.45288 [index:174 total:21m15.22s tree:5m37.24s]
I0000 00:00:1770356415.397600   24113 random_forest.cc:956] Train tree 177/240 accuracy:0.799682 logloss:0.452351 [index:176 total:21m29.14s tree:5m37.16s]
I0000 00:00:1770356429.271449   24095 random_forest.cc:956] Train tree 179/240 accuracy:0.799667 logloss:0.451948 [index:178 total:21m43.02s tree:5m37.21s]
I0000 00:00:1770356443.336094   24109 random_forest.cc:956] Train tree 181/240 accuracy:0.79971 logloss:0.451505 [index:180 total:21m57.08s tree:5m37.14s]
I0000 00:00:1770356457.545975   24099 random_forest.cc:956] Train tree 183/240 accuracy:0.799769 logloss:0.451152 [index:182 total:22m11.29s tree:5m37.24s]
I0000 00:00:1770356471.604095   24102 random_forest.cc:956] Train tree 185/240 accuracy:0.799847 logloss:0.450782 [index:184 total:22m25.35s tree:5m37.26s]
I0000 00:00:1770356485.227228   24110 random_forest.cc:956] Train tree 187/240 accuracy:0.79984 logloss:0.450383 [index:186 total:22m38.97s tree:5m37.00s]
I0000 00:00:1770356499.310277   24073 random_forest.cc:956] Train tree 189/240 accuracy:0.799887 logloss:0.450095 [index:188 total:22m53.06s tree:5m37.01s]
I0000 00:00:1770356513.567843   24071 random_forest.cc:956] Train tree 191/240 accuracy:0.79991 logloss:0.449737 [index:190 total:23m7.31s tree:5m37.03s]
I0000 00:00:1770356527.623969   24116 random_forest.cc:956] Train tree 193/240 accuracy:0.799929 logloss:0.449379 [index:192 total:23m21.37s tree:5m37.26s]
I0000 00:00:1770356540.924311   24114 random_forest.cc:956] Train tree 195/240 accuracy:0.79998 logloss:0.449057 [index:194 total:23m34.67s tree:5m36.35s]
I0000 00:00:1770356553.339206   24100 random_forest.cc:956] Train tree 197/240 accuracy:0.799976 logloss:0.448787 [index:196 total:23m47.09s tree:5m34.44s]
I0000 00:00:1770356564.676874   24086 random_forest.cc:956] Train tree 199/240 accuracy:0.800005 logloss:0.44852 [index:198 total:23m58.42s tree:5m31.32s]
I0000 00:00:1770356574.707444   24105 random_forest.cc:956] Train tree 201/240 accuracy:0.800012 logloss:0.448243 [index:200 total:24m8.45s tree:5m27.44s]
I0000 00:00:1770356584.924479   24093 random_forest.cc:956] Train tree 203/240 accuracy:0.800034 logloss:0.447881 [index:202 total:24m18.67s tree:5m23.76s]
I0000 00:00:1770356595.001744   24079 random_forest.cc:956] Train tree 205/240 accuracy:0.800039 logloss:0.447592 [index:204 total:24m28.75s tree:5m19.74s]
I0000 00:00:1770356605.254965   24092 random_forest.cc:956] Train tree 207/240 accuracy:0.800099 logloss:0.447317 [index:206 total:24m39.00s tree:5m15.68s]
I0000 00:00:1770356615.365407   24098 random_forest.cc:956] Train tree 209/240 accuracy:0.800071 logloss:0.447013 [index:208 total:24m49.11s tree:5m11.91s]
I0000 00:00:1770356625.523648   24101 random_forest.cc:956] Train tree 211/240 accuracy:0.800113 logloss:0.446693 [index:210 total:24m59.27s tree:5m8.12s]
I0000 00:00:1770356635.939712   24097 random_forest.cc:956] Train tree 213/240 accuracy:0.800158 logloss:0.446479 [index:212 total:25m9.69s tree:5m4.18s]
I0000 00:00:1770356650.889198   24107 random_forest.cc:956] Train tree 216/240 accuracy:0.800161 logloss:0.446127 [index:215 total:25m24.64s tree:4m58.45s]
I0000 00:00:1770356660.909010   24117 random_forest.cc:956] Train tree 218/240 accuracy:0.800206 logloss:0.445901 [index:217 total:25m34.66s tree:4m54.59s]
I0000 00:00:1770356671.155887   24118 random_forest.cc:956] Train tree 220/240 accuracy:0.80028 logloss:0.445658 [index:219 total:25m44.90s tree:4m50.78s]
I0000 00:00:1770356681.501287   24074 random_forest.cc:956] Train tree 222/240 accuracy:0.800273 logloss:0.445456 [index:221 total:25m55.25s tree:4m47.12s]
I0000 00:00:1770356691.730146   24078 random_forest.cc:956] Train tree 224/240 accuracy:0.800272 logloss:0.445296 [index:223 total:26m5.48s tree:4m43.38s]
I0000 00:00:1770356701.742475   24090 random_forest.cc:956] Train tree 226/240 accuracy:0.800296 logloss:0.445053 [index:225 total:26m15.49s tree:4m39.52s]
I0000 00:00:1770356716.761073   24109 random_forest.cc:956] Train tree 229/240 accuracy:0.800362 logloss:0.444705 [index:228 total:26m30.51s tree:4m33.42s]
I0000 00:00:1770356731.615750   24083 random_forest.cc:956] Train tree 232/240 accuracy:0.800362 logloss:0.444422 [index:231 total:26m45.36s tree:4m27.16s]
I0000 00:00:1770356741.732489   24111 random_forest.cc:956] Train tree 234/240 accuracy:0.800395 logloss:0.444169 [index:233 total:26m55.48s tree:4m23.35s]
I0000 00:00:1770356751.900760   24077 random_forest.cc:956] Train tree 236/240 accuracy:0.800397 logloss:0.443976 [index:235 total:27m5.65s tree:4m19.66s]
I0000 00:00:1770356762.214075   24082 random_forest.cc:956] Train tree 238/240 accuracy:0.800434 logloss:0.443789 [index:237 total:27m15.96s tree:4m15.88s]
I0000 00:00:1770356772.402440   24091 random_forest.cc:956] Train tree 240/240 accuracy:0.800439 logloss:0.443654 [index:239 total:27m26.15s tree:4m11.91s]
I0000 00:00:1770356772.402891   23931 random_forest.cc:990] random_forest.cc Training block took: 1646.84 s
I0000 00:00:1770356772.402965   23931 random_forest.cc:1062] After Random Forest Training block. RETURNING EARLY TO SPEED UP XPS!!
-1 (automatic) threads requested. 48 threads set.
Using axis-aligned splits (default behavior)
Using exact splitting
./bazel-bin/examples/train_oblique_forest --input_mode csv --train_csv "benchmarks/data/epsilon_normalized_train.csv" --label_col "label" --feature_split_type "Axis Aligned" --numerical_split_type "Exact" --num_trees=240 --num_threads=-1 --compute_oob_performances=true 


Inferring DataSpec from CSV: benchmarks/data/epsilon_normalized_train.csv


WARNING: All log messages before absl::InitializeLog() is called are written to STDERR
I0000 00:00:1770356774.851737   30472 csv_example_reader.cc:212] 0 row(s) processed
I0000 00:00:1770356775.403612   30472 csv_example_reader.cc:216] Stop scanning the csv file to infer the type. Some records were not considered.
I0000 00:00:1770356775.403805   30472 data_spec_inference.cc:457] 2001 column(s) found
I0000 00:00:1770356775.406412   30472 csv_example_reader.cc:303] 0 row(s) processed
I0000 00:00:1770356805.406538   30472 csv_example_reader.cc:303] 103798 row(s) processed
I0000 00:00:1770356835.406730   30472 csv_example_reader.cc:303] 204043 row(s) processed
I0000 00:00:1770356865.406753   30472 csv_example_reader.cc:303] 304281 row(s) processed
I0000 00:00:1770356894.053965   30472 data_spec_inference.cc:494] Finalizing [400000 row(s) found]
I0000 00:00:1770356894.054066   30472 train_oblique_forest.cc:381] Num Candidate Attributes: 45
I0000 00:00:1770356894.054217   30472 abstract_learner.cc:155] No input feature explicitly specified. Using all the available input features.
I0000 00:00:1770356894.054221   30472 abstract_learner.cc:172] The label "label" was removed from the input feature set.
I0000 00:00:1770356894.083624   30472 vertical_dataset_io.cc:82] 100 examples scanned.
I0000 00:00:1770356924.093863   30472 vertical_dataset_io.cc:82] 102600 examples scanned.
I0000 00:00:1770356954.110164   30472 vertical_dataset_io.cc:82] 196000 examples scanned.
I0000 00:00:1770356984.112348   30472 vertical_dataset_io.cc:82] 287000 examples scanned.
I0000 00:00:1770357014.117759   30472 vertical_dataset_io.cc:82] 379700 examples scanned.
I0000 00:00:1770357021.932977   30472 vertical_dataset_io.cc:88] 400000 examples read. Memory: usage:3201MB allocated:3201MB. 0 (0%) examples have been skipped.
I0000 00:00:1770357021.933462   30472 abstract_learner.cc:155] No input feature explicitly specified. Using all the available input features.
I0000 00:00:1770357021.933507   30472 abstract_learner.cc:172] The label "label" was removed from the input feature set.
I0000 00:00:1770357021.933708   30472 random_forest.cc:465] Training random forest on 400000 example(s) and 2000 feature(s).
I0000 00:00:1770357023.400399   30472 gpu.cc:93] Cannot initialize GPU: Not compiled with GPU support
I0000 00:00:1770357023.414973   30472 random_forest.cc:659] num_threads being used: 48
I0000 00:00:1770357043.302927   31523 random_forest.cc:956] Train tree 1/240 accuracy:0.571962 logloss:15.428 [index:45 total:19.89s tree:19.89s]
I0000 00:00:1770357047.416491   31489 random_forest.cc:956] Train tree 11/240 accuracy:0.613629 logloss:3.19385 [index:15 total:24.00s tree:24.00s]
I0000 00:00:1770357051.652488   31503 random_forest.cc:956] Train tree 21/240 accuracy:0.647683 logloss:0.954479 [index:24 total:28.24s tree:28.24s]
I0000 00:00:1770357056.012618   31518 random_forest.cc:956] Train tree 31/240 accuracy:0.669312 logloss:0.654952 [index:46 total:32.60s tree:32.60s]
I0000 00:00:1770357060.551560   31511 random_forest.cc:956] Train tree 41/240 accuracy:0.685665 logloss:0.604034 [index:40 total:37.14s tree:37.13s]
I0000 00:00:1770357065.202493   31481 random_forest.cc:956] Train tree 51/240 accuracy:0.69774 logloss:0.592018 [index:50 total:41.79s tree:21.08s]
I0000 00:00:1770357069.808675   31525 random_forest.cc:956] Train tree 61/240 accuracy:0.708855 logloss:0.586332 [index:60 total:46.39s tree:21.56s]
I0000 00:00:1770357074.402123   31500 random_forest.cc:956] Train tree 71/240 accuracy:0.717022 logloss:0.582495 [index:70 total:50.99s tree:21.90s]
I0000 00:00:1770357079.017074   31501 random_forest.cc:956] Train tree 81/240 accuracy:0.722503 logloss:0.580732 [index:80 total:55.60s tree:22.11s]
I0000 00:00:1770357083.649309   31508 random_forest.cc:956] Train tree 91/240 accuracy:0.72823 logloss:0.579164 [index:90 total:1m0.23s tree:22.17s]
I0000 00:00:1770357088.270736   31522 random_forest.cc:956] Train tree 101/240 accuracy:0.733208 logloss:0.577549 [index:100 total:1m4.86s tree:22.15s]
I0000 00:00:1770357092.892652   31506 random_forest.cc:956] Train tree 111/240 accuracy:0.737227 logloss:0.576472 [index:110 total:1m9.48s tree:22.17s]
I0000 00:00:1770357097.493567   31512 random_forest.cc:956] Train tree 121/240 accuracy:0.740795 logloss:0.575622 [index:120 total:1m14.08s tree:22.16s]
I0000 00:00:1770357102.113392   31496 random_forest.cc:956] Train tree 131/240 accuracy:0.744735 logloss:0.574722 [index:130 total:1m18.70s tree:22.18s]
I0000 00:00:1770357106.739407   31510 random_forest.cc:956] Train tree 141/240 accuracy:0.747442 logloss:0.573969 [index:140 total:1m23.32s tree:22.17s]
I0000 00:00:1770357111.356658   31493 random_forest.cc:956] Train tree 151/240 accuracy:0.750308 logloss:0.573269 [index:150 total:1m27.94s tree:22.17s]
I0000 00:00:1770357115.975497   31517 random_forest.cc:956] Train tree 161/240 accuracy:0.752397 logloss:0.57271 [index:160 total:1m32.56s tree:22.17s]
I0000 00:00:1770357120.559990   31515 random_forest.cc:956] Train tree 171/240 accuracy:0.75455 logloss:0.572359 [index:170 total:1m37.15s tree:22.15s]
I0000 00:00:1770357125.170146   31479 random_forest.cc:956] Train tree 181/240 accuracy:0.756638 logloss:0.571977 [index:180 total:1m41.76s tree:22.13s]
I0000 00:00:1770357129.823696   31487 random_forest.cc:956] Train tree 191/240 accuracy:0.75804 logloss:0.57157 [index:190 total:1m46.41s tree:22.15s]
I0000 00:00:1770357134.384161   31481 random_forest.cc:956] Train tree 201/240 accuracy:0.759655 logloss:0.571219 [index:194 total:1m50.97s tree:24.88s]
I0000 00:00:1770357138.802891   31519 random_forest.cc:956] Train tree 211/240 accuracy:0.760763 logloss:0.571055 [index:210 total:1m55.39s tree:21.92s]
I0000 00:00:1770357143.058806   31491 random_forest.cc:956] Train tree 221/240 accuracy:0.762443 logloss:0.570666 [index:220 total:1m59.64s tree:21.59s]
I0000 00:00:1770357147.230338   31490 random_forest.cc:956] Train tree 231/240 accuracy:0.763535 logloss:0.570436 [index:231 total:2m3.82s tree:20.67s]
I0000 00:00:1770357150.913596   31524 random_forest.cc:956] Train tree 240/240 accuracy:0.764578 logloss:0.57022 [index:239 total:2m7.50s tree:20.63s]
I0000 00:00:1770357150.913817   30472 random_forest.cc:990] random_forest.cc Training block took: 128.981 s
I0000 00:00:1770357150.913872   30472 random_forest.cc:1062] After Random Forest Training block. RETURNING EARLY TO SPEED UP XPS!!
-1 (automatic) threads requested. 48 threads set.
Using axis-aligned splits (default behavior)
Using exact splitting
./bazel-bin/examples/train_oblique_forest --input_mode csv --train_csv "benchmarks/data/cc18_binary_csv/task_14965_bank-marketing/repeat0_fold0_sample0_train.csv" --label_col "Class" --feature_split_type "Axis Aligned" --numerical_split_type "Exact" --num_trees=240 --num_threads=-1 --compute_oob_performances=true 


Inferring DataSpec from CSV: benchmarks/data/cc18_binary_csv/task_14965_bank-marketing/repeat0_fold0_sample0_train.csv


WARNING: All log messages before absl::InitializeLog() is called are written to STDERR
I0000 00:00:1770357151.334120   32009 csv_example_reader.cc:212] 0 row(s) processed
I0000 00:00:1770357151.337166   32009 csv_example_reader.cc:216] Stop scanning the csv file to infer the type. Some records were not considered.
I0000 00:00:1770357151.337181   32009 data_spec_inference.cc:457] 17 column(s) found
I0000 00:00:1770357151.337190   32009 csv_example_reader.cc:303] 0 row(s) processed
I0000 00:00:1770357151.378299   32009 data_spec_inference.cc:494] Finalizing [40689 row(s) found]
I0000 00:00:1770357151.378342   32009 train_oblique_forest.cc:381] Num Candidate Attributes: 3
I0000 00:00:1770357151.378382   32009 abstract_learner.cc:155] No input feature explicitly specified. Using all the available input features.
I0000 00:00:1770357151.378383   32009 abstract_learner.cc:172] The label "Class" was removed from the input feature set.
I0000 00:00:1770357151.378682   32009 vertical_dataset_io.cc:82] 100 examples scanned.
I0000 00:00:1770357151.418144   32009 vertical_dataset_io.cc:88] 40689 examples read. Memory: usage:2MB allocated:2MB. 0 (0%) examples have been skipped.
I0000 00:00:1770357151.418176   32009 abstract_learner.cc:155] No input feature explicitly specified. Using all the available input features.
I0000 00:00:1770357151.418180   32009 abstract_learner.cc:172] The label "Class" was removed from the input feature set.
I0000 00:00:1770357151.418198   32009 random_forest.cc:465] Training random forest on 40689 example(s) and 16 feature(s).
I0000 00:00:1770357151.422136   32009 gpu.cc:93] Cannot initialize GPU: Not compiled with GPU support
I0000 00:00:1770357151.423595   32009 random_forest.cc:659] num_threads being used: 48
I0000 00:00:1770357151.475456   32047 random_forest.cc:956] Train tree 1/240 accuracy:0.876044 logloss:4.46782 [index:27 total:0.05s tree:0.05s]
I0000 00:00:1770357151.523607   32043 random_forest.cc:956] Train tree 50/240 accuracy:0.892993 logloss:1.51897 [index:49 total:0.10s tree:0.04s]
I0000 00:00:1770357151.749794   32060 random_forest.cc:956] Train tree 91/240 accuracy:0.903684 logloss:0.351701 [index:90 total:0.33s tree:0.05s]
I0000 00:00:1770357152.025674   32032 random_forest.cc:956] Train tree 101/240 accuracy:0.905601 logloss:0.270282 [index:100 total:0.60s tree:0.26s]
I0000 00:00:1770357152.080903   32030 random_forest.cc:956] Train tree 111/240 accuracy:0.905208 logloss:0.2652 [index:110 total:0.66s tree:0.26s]
I0000 00:00:1770357152.137327   32054 random_forest.cc:956] Train tree 121/240 accuracy:0.90565 logloss:0.258427 [index:120 total:0.71s tree:0.27s]
I0000 00:00:1770357152.193010   32035 random_forest.cc:956] Train tree 131/240 accuracy:0.905847 logloss:0.253927 [index:130 total:0.77s tree:0.27s]
I0000 00:00:1770357152.250040   32069 random_forest.cc:956] Train tree 141/240 accuracy:0.906461 logloss:0.248184 [index:140 total:0.83s tree:0.27s]
I0000 00:00:1770357152.305594   32031 random_forest.cc:956] Train tree 151/240 accuracy:0.906584 logloss:0.244943 [index:150 total:0.88s tree:0.27s]
I0000 00:00:1770357152.359893   32027 random_forest.cc:956] Train tree 161/240 accuracy:0.90656 logloss:0.24293 [index:160 total:0.94s tree:0.27s]
I0000 00:00:1770357152.393575   32030 random_forest.cc:956] Train tree 207/240 accuracy:0.906461 logloss:0.242177 [index:206 total:0.97s tree:0.05s]
I0000 00:00:1770357152.670194   32040 random_forest.cc:956] Train tree 217/240 accuracy:0.906363 logloss:0.229098 [index:216 total:1.25s tree:0.27s]
I0000 00:00:1770357152.725854   32070 random_forest.cc:956] Train tree 227/240 accuracy:0.906068 logloss:0.228957 [index:226 total:1.30s tree:0.27s]
I0000 00:00:1770357152.781515   32046 random_forest.cc:956] Train tree 237/240 accuracy:0.906437 logloss:0.227356 [index:236 total:1.36s tree:0.27s]
I0000 00:00:1770357152.798788   32057 random_forest.cc:956] Train tree 240/240 accuracy:0.90656 logloss:0.227307 [index:239 total:1.38s tree:0.27s]
I0000 00:00:1770357152.798945   32009 random_forest.cc:990] random_forest.cc Training block took: 1.38079 s
I0000 00:00:1770357152.798978   32009 random_forest.cc:1062] After Random Forest Training block. RETURNING EARLY TO SPEED UP XPS!!
-1 (automatic) threads requested. 48 threads set.
Using axis-aligned splits (default behavior)
Using exact splitting
./bazel-bin/examples/train_oblique_forest --input_mode csv --train_csv "benchmarks/data/cc18_binary_csv/task_14952_PhishingWebsites/repeat0_fold0_sample0_train.csv" --label_col "Result" --feature_split_type "Axis Aligned" --numerical_split_type "Exact" --num_trees=240 --num_threads=-1 --compute_oob_performances=true 


Inferring DataSpec from CSV: benchmarks/data/cc18_binary_csv/task_14952_PhishingWebsites/repeat0_fold0_sample0_train.csv


WARNING: All log messages before absl::InitializeLog() is called are written to STDERR
I0000 00:00:1770357152.825305   32085 csv_example_reader.cc:212] 0 row(s) processed
I0000 00:00:1770357152.829761   32085 csv_example_reader.cc:216] Stop scanning the csv file to infer the type. Some records were not considered.
I0000 00:00:1770357152.829776   32085 data_spec_inference.cc:457] 31 column(s) found
I0000 00:00:1770357152.829789   32085 csv_example_reader.cc:303] 0 row(s) processed
I0000 00:00:1770357152.842679   32085 data_spec_inference.cc:494] Finalizing [9949 row(s) found]
I0000 00:00:1770357152.842713   32085 train_oblique_forest.cc:381] Num Candidate Attributes: 6
I0000 00:00:1770357152.842750   32085 abstract_learner.cc:155] No input feature explicitly specified. Using all the available input features.
I0000 00:00:1770357152.842753   32085 abstract_learner.cc:172] The label "Result" was removed from the input feature set.
I0000 00:00:1770357152.843076   32085 vertical_dataset_io.cc:82] 100 examples scanned.
I0000 00:00:1770357152.857970   32085 vertical_dataset_io.cc:88] 9949 examples read. Memory: usage:1MB allocated:1MB. 0 (0%) examples have been skipped.
I0000 00:00:1770357152.858001   32085 abstract_learner.cc:155] No input feature explicitly specified. Using all the available input features.
I0000 00:00:1770357152.858005   32085 abstract_learner.cc:172] The label "Result" was removed from the input feature set.
I0000 00:00:1770357152.858018   32085 random_forest.cc:465] Training random forest on 9949 example(s) and 30 feature(s).
I0000 00:00:1770357152.860073   32085 gpu.cc:93] Cannot initialize GPU: Not compiled with GPU support
I0000 00:00:1770357152.860535   32085 random_forest.cc:659] num_threads being used: 48
I0000 00:00:1770357152.871617   32132 random_forest.cc:956] Train tree 1/240 accuracy:0.962709 logloss:0.911151 [index:9 total:0.01s tree:0.01s]
I0000 00:00:1770357152.874340   32135 random_forest.cc:956] Train tree 38/240 accuracy:0.962133 logloss:0.639887 [index:13 total:0.01s tree:0.01s]
I0000 00:00:1770357152.890713   32131 random_forest.cc:956] Train tree 59/240 accuracy:0.973364 logloss:0.194997 [index:57 total:0.03s tree:0.01s]
I0000 00:00:1770357152.926965   32117 random_forest.cc:956] Train tree 104/240 accuracy:0.973364 logloss:0.137622 [index:102 total:0.07s tree:0.01s]
I0000 00:00:1770357152.936324   32117 random_forest.cc:956] Train tree 115/240 accuracy:0.972761 logloss:0.134404 [index:114 total:0.08s tree:0.01s]
I0000 00:00:1770357152.947042   32128 random_forest.cc:956] Train tree 127/240 accuracy:0.973565 logloss:0.121126 [index:126 total:0.09s tree:0.01s]
I0000 00:00:1770357152.960850   32127 random_forest.cc:956] Train tree 145/240 accuracy:0.973867 logloss:0.11136 [index:144 total:0.10s tree:0.01s]
I0000 00:00:1770357152.971393   32135 random_forest.cc:956] Train tree 158/240 accuracy:0.973666 logloss:0.11127 [index:156 total:0.11s tree:0.01s]
I0000 00:00:1770357152.981426   32135 random_forest.cc:956] Train tree 170/240 accuracy:0.973163 logloss:0.107852 [index:168 total:0.12s tree:0.01s]
I0000 00:00:1770357152.992865   32122 random_forest.cc:956] Train tree 183/240 accuracy:0.973364 logloss:0.107869 [index:182 total:0.13s tree:0.01s]
I0000 00:00:1770357153.004843   32139 random_forest.cc:956] Train tree 198/240 accuracy:0.973264 logloss:0.107955 [index:197 total:0.14s tree:0.01s]
I0000 00:00:1770357153.020146   32132 random_forest.cc:956] Train tree 217/240 accuracy:0.973063 logloss:0.107765 [index:216 total:0.16s tree:0.01s]
I0000 00:00:1770357153.027512   32121 random_forest.cc:956] Train tree 227/240 accuracy:0.973163 logloss:0.0982139 [index:226 total:0.17s tree:0.01s]
I0000 00:00:1770357153.067443   32121 random_forest.cc:956] Train tree 237/240 accuracy:0.972661 logloss:0.0980457 [index:237 total:0.21s tree:0.04s]
I0000 00:00:1770357153.070603   32155 random_forest.cc:956] Train tree 240/240 accuracy:0.972761 logloss:0.0980861 [index:238 total:0.21s tree:0.04s]
I0000 00:00:1770357153.070709   32085 random_forest.cc:990] random_forest.cc Training block took: 0.21273 s
I0000 00:00:1770357153.070738   32085 random_forest.cc:1062] After Random Forest Training block. RETURNING EARLY TO SPEED UP XPS!!
-1 (automatic) threads requested. 48 threads set.
Using axis-aligned splits (default behavior)
Using exact splitting
./bazel-bin/examples/train_oblique_forest --input_mode csv --train_csv "benchmarks/data/cc18_binary_csv/task_29_credit-approval/repeat0_fold0_sample0_train.csv" --label_col "class" --feature_split_type "Axis Aligned" --numerical_split_type "Exact" --num_trees=240 --num_threads=-1 --compute_oob_performances=true 


Inferring DataSpec from CSV: benchmarks/data/cc18_binary_csv/task_29_credit-approval/repeat0_fold0_sample0_train.csv


WARNING: All log messages before absl::InitializeLog() is called are written to STDERR
I0000 00:00:1770357153.083694   32167 csv_example_reader.cc:212] 0 row(s) processed
I0000 00:00:1770357153.085429   32167 data_spec_inference.cc:457] 16 column(s) found
I0000 00:00:1770357153.085439   32167 csv_example_reader.cc:303] 0 row(s) processed
I0000 00:00:1770357153.086027   32167 data_spec_inference.cc:354] 1 item(s) have been pruned (i.e. they are considered out of dictionary) for the column A4 (2 item(s) left) because min_value_count=5 and max_number_of_unique_values=2000
I0000 00:00:1770357153.086032   32167 data_spec_inference.cc:354] 1 item(s) have been pruned (i.e. they are considered out of dictionary) for the column A5 (2 item(s) left) because min_value_count=5 and max_number_of_unique_values=2000
I0000 00:00:1770357153.086036   32167 data_spec_inference.cc:354] 1 item(s) have been pruned (i.e. they are considered out of dictionary) for the column A6 (13 item(s) left) because min_value_count=5 and max_number_of_unique_values=2000
I0000 00:00:1770357153.086040   32167 data_spec_inference.cc:354] 2 item(s) have been pruned (i.e. they are considered out of dictionary) for the column A7 (7 item(s) left) because min_value_count=5 and max_number_of_unique_values=2000
I0000 00:00:1770357153.086049   32167 data_spec_inference.cc:494] Finalizing [621 row(s) found]
I0000 00:00:1770357153.086075   32167 train_oblique_forest.cc:381] Num Candidate Attributes: 3
I0000 00:00:1770357153.086106   32167 abstract_learner.cc:155] No input feature explicitly specified. Using all the available input features.
I0000 00:00:1770357153.086109   32167 abstract_learner.cc:172] The label "class" was removed from the input feature set.
I0000 00:00:1770357153.086363   32167 vertical_dataset_io.cc:82] 100 examples scanned.
I0000 00:00:1770357153.086811   32167 vertical_dataset_io.cc:88] 621 examples read. Memory: usage:0MB allocated:0MB. 0 (0%) examples have been skipped.
I0000 00:00:1770357153.086832   32167 abstract_learner.cc:155] No input feature explicitly specified. Using all the available input features.
I0000 00:00:1770357153.086836   32167 abstract_learner.cc:172] The label "class" was removed from the input feature set.
I0000 00:00:1770357153.086846   32167 random_forest.cc:465] Training random forest on 621 example(s) and 15 feature(s).
I0000 00:00:1770357153.087494   32167 gpu.cc:93] Cannot initialize GPU: Not compiled with GPU support
I0000 00:00:1770357153.087738   32167 random_forest.cc:659] num_threads being used: 48
I0000 00:00:1770357153.089219   32187 random_forest.cc:956] Train tree 1/240 accuracy:0.851064 logloss:5.3682 [index:2 total:0.00s tree:0.00s]
I0000 00:00:1770357153.089582   32202 random_forest.cc:956] Train tree 11/240 accuracy:0.825163 logloss:3.23011 [index:12 total:0.00s tree:0.00s]
I0000 00:00:1770357153.090054   32189 random_forest.cc:956] Train tree 25/240 accuracy:0.848387 logloss:1.47402 [index:31 total:0.00s tree:0.00s]
I0000 00:00:1770357153.090252   32201 random_forest.cc:956] Train tree 36/240 accuracy:0.85 logloss:1.41994 [index:34 total:0.00s tree:0.00s]
I0000 00:00:1770357153.090675   32195 random_forest.cc:956] Train tree 46/240 accuracy:0.858293 logloss:0.915571 [index:48 total:0.00s tree:0.00s]
I0000 00:00:1770357153.091258   32197 random_forest.cc:956] Train tree 77/240 accuracy:0.856683 logloss:0.752838 [index:77 total:0.00s tree:0.00s]
I0000 00:00:1770357153.091800   32197 random_forest.cc:956] Train tree 89/240 accuracy:0.863124 logloss:0.751066 [index:88 total:0.00s tree:0.00s]
I0000 00:00:1770357153.092594   32190 random_forest.cc:956] Train tree 106/240 accuracy:0.864734 logloss:0.489872 [index:105 total:0.00s tree:0.00s]
I0000 00:00:1770357153.093476   32203 random_forest.cc:956] Train tree 123/240 accuracy:0.858293 logloss:0.489027 [index:122 total:0.01s tree:0.00s]
I0000 00:00:1770357153.094205   32211 random_forest.cc:956] Train tree 137/240 accuracy:0.866345 logloss:0.382519 [index:136 total:0.01s tree:0.00s]
I0000 00:00:1770357153.094698   32211 random_forest.cc:956] Train tree 149/240 accuracy:0.867955 logloss:0.328108 [index:148 total:0.01s tree:0.00s]
I0000 00:00:1770357153.095384   32189 random_forest.cc:956] Train tree 162/240 accuracy:0.869565 logloss:0.328252 [index:161 total:0.01s tree:0.00s]
I0000 00:00:1770357153.096214   32205 random_forest.cc:956] Train tree 180/240 accuracy:0.866345 logloss:0.330543 [index:178 total:0.01s tree:0.00s]
I0000 00:00:1770357153.097138   32206 random_forest.cc:956] Train tree 199/240 accuracy:0.867955 logloss:0.328554 [index:198 total:0.01s tree:0.00s]
I0000 00:00:1770357153.097596   32216 random_forest.cc:956] Train tree 210/240 accuracy:0.866345 logloss:0.327429 [index:209 total:0.01s tree:0.00s]
I0000 00:00:1770357153.098106   32216 random_forest.cc:956] Train tree 220/240 accuracy:0.867955 logloss:0.329412 [index:219 total:0.01s tree:0.00s]
I0000 00:00:1770357153.098610   32216 random_forest.cc:956] Train tree 230/240 accuracy:0.871176 logloss:0.32779 [index:230 total:0.01s tree:0.00s]
I0000 00:00:1770357153.100848   32193 random_forest.cc:956] Train tree 240/240 accuracy:0.866345 logloss:0.327382 [index:238 total:0.01s tree:0.00s]
I0000 00:00:1770357153.101157   32167 random_forest.cc:990] random_forest.cc Training block took: 0.0143395 s
I0000 00:00:1770357153.101180   32167 random_forest.cc:1062] After Random Forest Training block. RETURNING EARLY TO SPEED UP XPS!!
-1 (automatic) threads requested. 48 threads set.
Using axis-aligned splits (default behavior)
Using exact splitting
./bazel-bin/examples/train_oblique_forest --input_mode csv --train_csv "benchmarks/data/cc18_binary_csv/task_167125_Internet-Advertisements/repeat0_fold0_sample0_train.csv" --label_col "class" --feature_split_type "Axis Aligned" --numerical_split_type "Exact" --num_trees=240 --num_threads=-1 --compute_oob_performances=true 


Inferring DataSpec from CSV: benchmarks/data/cc18_binary_csv/task_167125_Internet-Advertisements/repeat0_fold0_sample0_train.csv


WARNING: All log messages before absl::InitializeLog() is called are written to STDERR
I0000 00:00:1770357153.113597   32234 csv_example_reader.cc:212] 0 row(s) processed
I0000 00:00:1770357153.267671   32234 csv_example_reader.cc:216] Stop scanning the csv file to infer the type. Some records were not considered.
I0000 00:00:1770357153.267838   32234 data_spec_inference.cc:457] 1559 column(s) found
I0000 00:00:1770357153.268638   32234 csv_example_reader.cc:303] 0 row(s) processed
I0000 00:00:1770357153.394148   32234 data_spec_inference.cc:494] Finalizing [2951 row(s) found]
I0000 00:00:1770357153.394196   32234 train_oblique_forest.cc:381] Num Candidate Attributes: 2
I0000 00:00:1770357153.394308   32234 abstract_learner.cc:155] No input feature explicitly specified. Using all the available input features.
I0000 00:00:1770357153.394311   32234 abstract_learner.cc:172] The label "class" was removed from the input feature set.
I0000 00:00:1770357153.401661   32234 vertical_dataset_io.cc:82] 100 examples scanned.
I0000 00:00:1770357153.569778   32234 vertical_dataset_io.cc:88] 2951 examples read. Memory: usage:4MB allocated:4MB. 0 (0%) examples have been skipped.
I0000 00:00:1770357153.570056   32234 abstract_learner.cc:155] No input feature explicitly specified. Using all the available input features.
I0000 00:00:1770357153.570098   32234 abstract_learner.cc:172] The label "class" was removed from the input feature set.
I0000 00:00:1770357153.570216   32234 random_forest.cc:465] Training random forest on 2951 example(s) and 1558 feature(s).
I0000 00:00:1770357153.572411   32234 gpu.cc:93] Cannot initialize GPU: Not compiled with GPU support
I0000 00:00:1770357153.572778   32234 random_forest.cc:659] num_threads being used: 48
I0000 00:00:1770357153.596118   32331 random_forest.cc:956] Train tree 1/240 accuracy:0.957604 logloss:1.52812 [index:1 total:0.02s tree:0.02s]
I0000 00:00:1770357153.620893   32294 random_forest.cc:956] Train tree 11/240 accuracy:0.968942 logloss:0.424837 [index:11 total:0.05s tree:0.05s]
I0000 00:00:1770357153.646982   32310 random_forest.cc:956] Train tree 21/240 accuracy:0.972891 logloss:0.292872 [index:27 total:0.07s tree:0.07s]
I0000 00:00:1770357153.669737   32315 random_forest.cc:956] Train tree 31/240 accuracy:0.974585 logloss:0.259439 [index:32 total:0.10s tree:0.10s]
I0000 00:00:1770357153.693798   32311 random_forest.cc:956] Train tree 41/240 accuracy:0.975601 logloss:0.237166 [index:28 total:0.12s tree:0.12s]
I0000 00:00:1770357153.717007   32331 random_forest.cc:956] Train tree 51/240 accuracy:0.976618 logloss:0.225459 [index:48 total:0.14s tree:0.12s]
I0000 00:00:1770357153.740735   32307 random_forest.cc:956] Train tree 61/240 accuracy:0.97594 logloss:0.202875 [index:59 total:0.17s tree:0.12s]
I0000 00:00:1770357153.766447   32303 random_forest.cc:956] Train tree 71/240 accuracy:0.977635 logloss:0.202846 [index:71 total:0.19s tree:0.11s]
I0000 00:00:1770357153.790579   32287 random_forest.cc:956] Train tree 81/240 accuracy:0.978312 logloss:0.180673 [index:80 total:0.22s tree:0.12s]
I0000 00:00:1770357153.814198   32309 random_forest.cc:956] Train tree 91/240 accuracy:0.978312 logloss:0.169158 [index:91 total:0.24s tree:0.11s]
I0000 00:00:1770357153.837492   32300 random_forest.cc:956] Train tree 101/240 accuracy:0.97899 logloss:0.16913 [index:101 total:0.26s tree:0.11s]
I0000 00:00:1770357153.859526   32304 random_forest.cc:956] Train tree 111/240 accuracy:0.978312 logloss:0.158684 [index:109 total:0.29s tree:0.12s]
I0000 00:00:1770357153.863466   32290 random_forest.cc:956] Train tree 150/240 accuracy:0.97899 logloss:0.158716 [index:150 total:0.29s tree:0.02s]
I0000 00:00:1770357153.890926   32310 random_forest.cc:956] Train tree 161/240 accuracy:0.979329 logloss:0.158431 [index:162 total:0.32s tree:0.02s]
I0000 00:00:1770357153.927348   32322 random_forest.cc:956] Train tree 178/240 accuracy:0.97899 logloss:0.158565 [index:178 total:0.35s tree:0.02s]
I0000 00:00:1770357153.967955   32285 random_forest.cc:956] Train tree 196/240 accuracy:0.979668 logloss:0.158651 [index:193 total:0.40s tree:0.03s]
I0000 00:00:1770357154.082391   32296 random_forest.cc:956] Train tree 206/240 accuracy:0.979668 logloss:0.157676 [index:205 total:0.51s tree:0.11s]
I0000 00:00:1770357154.106427   32314 random_forest.cc:956] Train tree 216/240 accuracy:0.980346 logloss:0.157574 [index:214 total:0.53s tree:0.12s]
I0000 00:00:1770357154.130183   32287 random_forest.cc:956] Train tree 226/240 accuracy:0.979668 logloss:0.147019 [index:226 total:0.56s tree:0.11s]
I0000 00:00:1770357154.154557   32327 random_forest.cc:956] Train tree 236/240 accuracy:0.980346 logloss:0.146792 [index:234 total:0.58s tree:0.12s]
I0000 00:00:1770357154.163786   32311 random_forest.cc:956] Train tree 240/240 accuracy:0.980685 logloss:0.14674 [index:239 total:0.59s tree:0.12s]
I0000 00:00:1770357154.163951   32234 random_forest.cc:990] random_forest.cc Training block took: 0.594041 s
I0000 00:00:1770357154.163977   32234 random_forest.cc:1062] After Random Forest Training block. RETURNING EARLY TO SPEED UP XPS!!
-1 (automatic) threads requested. 48 threads set.
Using axis-aligned splits (default behavior)
Using exact splitting
./bazel-bin/examples/train_oblique_forest --input_mode trunk --rows 10000 --feature_split_type "Axis Aligned" --numerical_split_type "Exact" --num_trees=240 --num_threads=-1 --compute_oob_performances=true 
WARNING: All log messages before absl::InitializeLog() is called are written to STDERR
I0000 00:00:1770357154.513123   32342 train_oblique_forest.cc:381] Num Candidate Attributes: 64
I0000 00:00:1770357154.513501   32342 abstract_learner.cc:155] No input feature explicitly specified. Using all the available input features.
I0000 00:00:1770357154.513508   32342 abstract_learner.cc:172] The label "y" was removed from the input feature set.
I0000 00:00:1770357154.514054   32342 random_forest.cc:465] Training random forest on 10000 example(s) and 4096 feature(s).
I0000 00:00:1770357154.573460   32342 gpu.cc:93] Cannot initialize GPU: Not compiled with GPU support
I0000 00:00:1770357154.574722   32342 random_forest.cc:659] num_threads being used: 48
I0000 00:00:1770357154.902151   32401 random_forest.cc:956] Train tree 1/240 accuracy:0.688763 logloss:11.2181 [index:10 total:0.33s tree:0.33s]
I0000 00:00:1770357154.938490   32394 random_forest.cc:956] Train tree 11/240 accuracy:0.717044 logloss:2.26742 [index:3 total:0.36s tree:0.36s]
I0000 00:00:1770357154.942453   32431 random_forest.cc:956] Train tree 37/240 accuracy:0.721737 logloss:1.89446 [index:41 total:0.37s tree:0.37s]
I0000 00:00:1770357155.065983   32392 random_forest.cc:956] Train tree 47/240 accuracy:0.8288 logloss:0.499662 [index:1 total:0.49s tree:0.49s]
I0000 00:00:1770357155.276343   32433 random_forest.cc:956] Train tree 57/240 accuracy:0.8491 logloss:0.489286 [index:56 total:0.70s tree:0.34s]
I0000 00:00:1770357155.315108   32423 random_forest.cc:956] Train tree 67/240 accuracy:0.8644 logloss:0.485832 [index:67 total:0.74s tree:0.35s]
I0000 00:00:1770357155.349392   32395 random_forest.cc:956] Train tree 77/240 accuracy:0.8774 logloss:0.480563 [index:73 total:0.77s tree:0.36s]
I0000 00:00:1770357155.398973   32427 random_forest.cc:956] Train tree 87/240 accuracy:0.8827 logloss:0.481106 [index:86 total:0.82s tree:0.36s]
I0000 00:00:1770357155.590749   32405 random_forest.cc:956] Train tree 97/240 accuracy:0.8944 logloss:0.479137 [index:98 total:1.02s tree:0.35s]
I0000 00:00:1770357155.635693   32433 random_forest.cc:956] Train tree 107/240 accuracy:0.8994 logloss:0.477208 [index:104 total:1.06s tree:0.36s]
I0000 00:00:1770357155.680904   32420 random_forest.cc:956] Train tree 117/240 accuracy:0.9058 logloss:0.475136 [index:120 total:1.11s tree:0.35s]
I0000 00:00:1770357155.715724   32397 random_forest.cc:956] Train tree 127/240 accuracy:0.9137 logloss:0.47212 [index:127 total:1.14s tree:0.35s]
I0000 00:00:1770357155.769237   32396 random_forest.cc:956] Train tree 137/240 accuracy:0.9192 logloss:0.472635 [index:140 total:1.19s tree:0.35s]
I0000 00:00:1770357155.953674   32431 random_forest.cc:956] Train tree 147/240 accuracy:0.9226 logloss:0.472838 [index:152 total:1.38s tree:0.33s]
I0000 00:00:1770357156.008242   32422 random_forest.cc:956] Train tree 157/240 accuracy:0.9262 logloss:0.472702 [index:153 total:1.43s tree:0.38s]
I0000 00:00:1770357156.049447   32428 random_forest.cc:956] Train tree 167/240 accuracy:0.9311 logloss:0.471469 [index:167 total:1.47s tree:0.36s]
I0000 00:00:1770357156.085041   32402 random_forest.cc:956] Train tree 177/240 accuracy:0.9334 logloss:0.471585 [index:177 total:1.51s tree:0.36s]
I0000 00:00:1770357156.137489   32438 random_forest.cc:956] Train tree 187/240 accuracy:0.9358 logloss:0.471464 [index:182 total:1.56s tree:0.38s]
I0000 00:00:1770357156.325038   32411 random_forest.cc:956] Train tree 197/240 accuracy:0.9371 logloss:0.471233 [index:196 total:1.75s tree:0.35s]
I0000 00:00:1770357156.368445   32415 random_forest.cc:956] Train tree 207/240 accuracy:0.9408 logloss:0.468747 [index:202 total:1.79s tree:0.37s]
I0000 00:00:1770357156.410035   32420 random_forest.cc:956] Train tree 217/240 accuracy:0.9408 logloss:0.467456 [index:212 total:1.84s tree:0.37s]
I0000 00:00:1770357156.454475   32412 random_forest.cc:956] Train tree 227/240 accuracy:0.9433 logloss:0.468195 [index:225 total:1.88s tree:0.37s]
I0000 00:00:1770357156.495826   32404 random_forest.cc:956] Train tree 237/240 accuracy:0.9445 logloss:0.468156 [index:236 total:1.92s tree:0.35s]
I0000 00:00:1770357156.552904   32429 random_forest.cc:956] Train tree 240/240 accuracy:0.9454 logloss:0.468324 [index:239 total:1.98s tree:0.34s]
I0000 00:00:1770357156.553153   32342 random_forest.cc:990] random_forest.cc Training block took: 2.03999 s
I0000 00:00:1770357156.553208   32342 random_forest.cc:1062] After Random Forest Training block. RETURNING EARLY TO SPEED UP XPS!!

Generating trunk synthetic dataset: rows=10000, cols=4096
-1 (automatic) threads requested. 48 threads set.
Using axis-aligned splits (default behavior)
Using exact splitting
./bazel-bin/examples/train_oblique_forest --input_mode trunk --rows 100000 --feature_split_type "Axis Aligned" --numerical_split_type "Exact" --num_trees=240 --num_threads=-1 --compute_oob_performances=true 
WARNING: All log messages before absl::InitializeLog() is called are written to STDERR
I0000 00:00:1770357159.996434   32450 train_oblique_forest.cc:381] Num Candidate Attributes: 64
I0000 00:00:1770357159.996862   32450 abstract_learner.cc:155] No input feature explicitly specified. Using all the available input features.
I0000 00:00:1770357159.996869   32450 abstract_learner.cc:172] The label "y" was removed from the input feature set.
I0000 00:00:1770357159.997441   32450 random_forest.cc:465] Training random forest on 100000 example(s) and 4096 feature(s).
I0000 00:00:1770357160.658859   32450 gpu.cc:93] Cannot initialize GPU: Not compiled with GPU support
I0000 00:00:1770357160.663360   32450 random_forest.cc:659] num_threads being used: 48
I0000 00:00:1770357165.950582   32522 random_forest.cc:956] Train tree 1/240 accuracy:0.762652 logloss:8.55489 [index:7 total:5.29s tree:5.29s]
I0000 00:00:1770357166.202237   32560 random_forest.cc:956] Train tree 18/240 accuracy:0.720306 logloss:6.34283 [index:45 total:5.54s tree:5.54s]
I0000 00:00:1770357167.939740   32556 random_forest.cc:956] Train tree 28/240 accuracy:0.84954 logloss:0.441738 [index:41 total:7.28s tree:7.27s]
I0000 00:00:1770357168.703918   32518 random_forest.cc:956] Train tree 38/240 accuracy:0.87212 logloss:0.426902 [index:3 total:8.04s tree:8.04s]
I0000 00:00:1770357169.496412   32516 random_forest.cc:956] Train tree 48/240 accuracy:0.88795 logloss:0.427065 [index:1 total:8.83s tree:8.83s]
I0000 00:00:1770357172.003176   32543 random_forest.cc:956] Train tree 58/240 accuracy:0.90389 logloss:0.421291 [index:58 total:11.34s tree:5.31s]
I0000 00:00:1770357172.802292   32558 random_forest.cc:956] Train tree 68/240 accuracy:0.91428 logloss:0.418448 [index:67 total:12.14s tree:5.46s]
I0000 00:00:1770357173.715376   32547 random_forest.cc:956] Train tree 78/240 accuracy:0.92329 logloss:0.414974 [index:77 total:13.05s tree:5.62s]
I0000 00:00:1770357174.496500   32517 random_forest.cc:956] Train tree 88/240 accuracy:0.92946 logloss:0.413856 [index:87 total:13.83s tree:5.64s]
I0000 00:00:1770357176.970387   32535 random_forest.cc:956] Train tree 98/240 accuracy:0.93535 logloss:0.410599 [index:100 total:16.31s tree:5.42s]
I0000 00:00:1770357177.782405   32538 random_forest.cc:956] Train tree 108/240 accuracy:0.94016 logloss:0.409142 [index:109 total:17.12s tree:5.47s]
I0000 00:00:1770357178.608853   32546 random_forest.cc:956] Train tree 118/240 accuracy:0.94392 logloss:0.407982 [index:116 total:17.95s tree:5.70s]
I0000 00:00:1770357179.476546   32549 random_forest.cc:956] Train tree 128/240 accuracy:0.94619 logloss:0.406813 [index:123 total:18.81s tree:5.92s]
I0000 00:00:1770357180.241749   32531 random_forest.cc:956] Train tree 138/240 accuracy:0.949 logloss:0.405209 [index:136 total:19.58s tree:5.67s]
I0000 00:00:1770357182.833655   32562 random_forest.cc:956] Train tree 148/240 accuracy:0.95088 logloss:0.406004 [index:147 total:22.17s tree:5.70s]
I0000 00:00:1770357183.619418   32559 random_forest.cc:956] Train tree 158/240 accuracy:0.95292 logloss:0.40551 [index:157 total:22.96s tree:5.68s]
I0000 00:00:1770357184.395058   32546 random_forest.cc:956] Train tree 168/240 accuracy:0.95453 logloss:0.405486 [index:165 total:23.73s tree:5.79s]
I0000 00:00:1770357185.253169   32548 random_forest.cc:956] Train tree 178/240 accuracy:0.95613 logloss:0.405349 [index:177 total:24.59s tree:5.62s]
I0000 00:00:1770357186.041103   32516 random_forest.cc:956] Train tree 188/240 accuracy:0.95749 logloss:0.405389 [index:187 total:25.38s tree:5.65s]
I0000 00:00:1770357188.660741   32529 random_forest.cc:956] Train tree 198/240 accuracy:0.95875 logloss:0.405906 [index:197 total:28.00s tree:5.67s]
I0000 00:00:1770357189.421936   32553 random_forest.cc:956] Train tree 208/240 accuracy:0.95986 logloss:0.406217 [index:206 total:28.76s tree:5.73s]
I0000 00:00:1770357190.172613   32528 random_forest.cc:956] Train tree 218/240 accuracy:0.9607 logloss:0.40652 [index:217 total:29.51s tree:5.62s]
I0000 00:00:1770357190.907256   32550 random_forest.cc:956] Train tree 228/240 accuracy:0.96137 logloss:0.406832 [index:228 total:30.24s tree:5.41s]
I0000 00:00:1770357191.614375   32521 random_forest.cc:956] Train tree 238/240 accuracy:0.96206 logloss:0.406421 [index:238 total:30.95s tree:5.34s]
I0000 00:00:1770357191.848192   32532 random_forest.cc:956] Train tree 240/240 accuracy:0.9619 logloss:0.406687 [index:239 total:31.18s tree:5.19s]
I0000 00:00:1770357191.848678   32450 random_forest.cc:990] random_forest.cc Training block took: 31.8522 s
I0000 00:00:1770357191.848733   32450 random_forest.cc:1062] After Random Forest Training block. RETURNING EARLY TO SPEED UP XPS!!

Generating trunk synthetic dataset: rows=100000, cols=4096
-1 (automatic) threads requested. 48 threads set.
Using axis-aligned splits (default behavior)
Using exact splitting
./bazel-bin/examples/train_oblique_forest --input_mode trunk --rows 1000000 --feature_split_type "Axis Aligned" --numerical_split_type "Exact" --num_trees=240 --num_threads=-1 --compute_oob_performances=true 
WARNING: All log messages before absl::InitializeLog() is called are written to STDERR
I0000 00:00:1770357226.137135   32686 train_oblique_forest.cc:381] Num Candidate Attributes: 64
I0000 00:00:1770357226.137573   32686 abstract_learner.cc:155] No input feature explicitly specified. Using all the available input features.
I0000 00:00:1770357226.137581   32686 abstract_learner.cc:172] The label "y" was removed from the input feature set.
I0000 00:00:1770357226.138168   32686 random_forest.cc:465] Training random forest on 1000000 example(s) and 4096 feature(s).
I0000 00:00:1770357234.027203   32686 gpu.cc:93] Cannot initialize GPU: Not compiled with GPU support
I0000 00:00:1770357234.061263   32686 random_forest.cc:659] num_threads being used: 48
I0000 00:00:1770357307.819832   32932 random_forest.cc:956] Train tree 1/240 accuracy:0.809018 logloss:6.8837 [index:46 total:1m13.76s tree:1m13.76s]
I0000 00:00:1770357318.548630   32935 random_forest.cc:956] Train tree 10/240 accuracy:0.797634 logloss:1.79502 [index:5 total:1m24.49s tree:1m24.49s]
I0000 00:00:1770357328.914063   32925 random_forest.cc:956] Train tree 19/240 accuracy:0.853959 logloss:0.532534 [index:44 total:1m34.85s tree:1m34.85s]
I0000 00:00:1770357339.662509   32921 random_forest.cc:956] Train tree 28/240 accuracy:0.881645 logloss:0.396134 [index:37 total:1m45.60s tree:1m45.60s]
I0000 00:00:1770357349.695393   32926 random_forest.cc:956] Train tree 36/240 accuracy:0.897282 logloss:0.381924 [index:42 total:1m55.63s tree:1m55.63s]
I0000 00:00:1770357359.934674   32928 random_forest.cc:956] Train tree 44/240 accuracy:0.909222 logloss:0.379606 [index:41 total:2m5.87s tree:2m5.87s]
I0000 00:00:1770357379.990819   32932 random_forest.cc:956] Train tree 49/240 accuracy:0.915237 logloss:0.379505 [index:48 total:2m25.93s tree:1m12.17s]
I0000 00:00:1770357390.931657   32905 random_forest.cc:956] Train tree 57/240 accuracy:0.923682 logloss:0.377091 [index:56 total:2m36.87s tree:1m13.52s]
I0000 00:00:1770357402.075145   32912 random_forest.cc:956] Train tree 65/240 accuracy:0.930688 logloss:0.375713 [index:63 total:2m48.01s tree:1m16.69s]
I0000 00:00:1770357412.324691   32927 random_forest.cc:956] Train tree 73/240 accuracy:0.936294 logloss:0.374265 [index:72 total:2m58.26s tree:1m16.30s]
I0000 00:00:1770357423.367191   32917 random_forest.cc:956] Train tree 81/240 accuracy:0.940713 logloss:0.373219 [index:80 total:3m9.31s tree:1m17.51s]
I0000 00:00:1770357434.322564   32898 random_forest.cc:956] Train tree 89/240 accuracy:0.944415 logloss:0.372367 [index:88 total:3m20.26s tree:1m18.27s]
I0000 00:00:1770357457.950948   32932 random_forest.cc:956] Train tree 97/240 accuracy:0.947593 logloss:0.370911 [index:96 total:3m43.89s tree:1m17.96s]
I0000 00:00:1770357469.328343   32924 random_forest.cc:956] Train tree 105/240 accuracy:0.949968 logloss:0.370737 [index:103 total:3m55.27s tree:1m19.67s]
I0000 00:00:1770357480.042482   32912 random_forest.cc:956] Train tree 113/240 accuracy:0.952266 logloss:0.368018 [index:112 total:4m5.98s tree:1m17.97s]
I0000 00:00:1770357491.053765   32927 random_forest.cc:956] Train tree 121/240 accuracy:0.95395 logloss:0.3686 [index:120 total:4m16.99s tree:1m18.73s]
I0000 00:00:1770357501.277540   32917 random_forest.cc:956] Train tree 129/240 accuracy:0.955613 logloss:0.368288 [index:128 total:4m27.22s tree:1m17.91s]
I0000 00:00:1770357511.809475   32898 random_forest.cc:956] Train tree 137/240 accuracy:0.957102 logloss:0.368107 [index:136 total:4m37.75s tree:1m17.49s]
I0000 00:00:1770357522.985423   32933 random_forest.cc:956] Train tree 144/240 accuracy:0.958199 logloss:0.36785 [index:142 total:4m48.92s tree:1m20.09s]
I0000 00:00:1770357535.544725   32932 random_forest.cc:956] Train tree 145/240 accuracy:0.958351 logloss:0.367881 [index:144 total:5m1.48s tree:1m17.59s]
I0000 00:00:1770357546.044873   32905 random_forest.cc:956] Train tree 152/240 accuracy:0.95929 logloss:0.368437 [index:151 total:5m11.98s tree:1m18.14s]
I0000 00:00:1770357556.062490   32937 random_forest.cc:956] Train tree 159/240 accuracy:0.960314 logloss:0.368649 [index:158 total:5m22.00s tree:1m18.64s]
I0000 00:00:1770357566.686846   32897 random_forest.cc:956] Train tree 167/240 accuracy:0.961122 logloss:0.368548 [index:166 total:5m32.63s tree:1m18.19s]
I0000 00:00:1770357576.909466   32907 random_forest.cc:956] Train tree 175/240 accuracy:0.962034 logloss:0.368027 [index:174 total:5m42.85s tree:1m18.25s]
I0000 00:00:1770357587.177209   32940 random_forest.cc:956] Train tree 182/240 accuracy:0.962801 logloss:0.367883 [index:181 total:5m53.12s tree:1m19.19s]
I0000 00:00:1770357597.573655   32930 random_forest.cc:956] Train tree 190/240 accuracy:0.963519 logloss:0.367893 [index:189 total:6m3.51s tree:1m18.23s]
I0000 00:00:1770357613.029191   32932 random_forest.cc:956] Train tree 193/240 accuracy:0.963698 logloss:0.36813 [index:192 total:6m18.97s tree:1m17.48s]
I0000 00:00:1770357623.903435   32905 random_forest.cc:956] Train tree 200/240 accuracy:0.964243 logloss:0.367327 [index:199 total:6m29.84s tree:1m17.86s]
I0000 00:00:1770357633.956705   32937 random_forest.cc:956] Train tree 207/240 accuracy:0.964797 logloss:0.367477 [index:206 total:6m39.90s tree:1m17.89s]
I0000 00:00:1770357644.635547   32919 random_forest.cc:956] Train tree 216/240 accuracy:0.965307 logloss:0.367303 [index:215 total:6m50.57s tree:1m16.69s]
I0000 00:00:1770357655.029141   32917 random_forest.cc:956] Train tree 225/240 accuracy:0.965889 logloss:0.367052 [index:224 total:7m0.97s tree:1m15.56s]
I0000 00:00:1770357665.254224   32938 random_forest.cc:956] Train tree 234/240 accuracy:0.966356 logloss:0.367472 [index:233 total:7m11.19s tree:1m12.95s]
I0000 00:00:1770357672.340916   32933 random_forest.cc:956] Train tree 240/240 accuracy:0.966739 logloss:0.367612 [index:239 total:7m18.28s tree:1m11.75s]
I0000 00:00:1770357672.341201   32686 random_forest.cc:990] random_forest.cc Training block took: 446.204 s
I0000 00:00:1770357672.341262   32686 random_forest.cc:1062] After Random Forest Training block. RETURNING EARLY TO SPEED UP XPS!!

Generating trunk synthetic dataset: rows=1000000, cols=4096
-1 (automatic) threads requested. 48 threads set.
Using axis-aligned splits (default behavior)
Using exact splitting


======== Running Random [Axis Aligned] with 256 bins ========

./bazel-bin/examples/train_oblique_forest --input_mode csv --train_csv "benchmarks/data/HIGGS_with_header.csv" --label_col "class" --feature_split_type "Axis Aligned" --numerical_split_type "Random" --num_trees=240 --num_threads=-1 --compute_oob_performances=true --histogram_num_bins 256


Inferring DataSpec from CSV: benchmarks/data/HIGGS_with_header.csv


WARNING: All log messages before absl::InitializeLog() is called are written to STDERR
I0000 00:00:1770357673.448964   34613 csv_example_reader.cc:212] 0 row(s) processed
I0000 00:00:1770357673.457480   34613 csv_example_reader.cc:216] Stop scanning the csv file to infer the type. Some records were not considered.
I0000 00:00:1770357673.457495   34613 data_spec_inference.cc:457] 29 column(s) found
I0000 00:00:1770357673.457509   34613 csv_example_reader.cc:303] 0 row(s) processed
I0000 00:00:1770357703.457499   34613 csv_example_reader.cc:303] 8214453 row(s) processed
I0000 00:00:1770357713.616585   34613 data_spec_inference.cc:494] Finalizing [11000000 row(s) found]
I0000 00:00:1770357713.616646   34613 train_oblique_forest.cc:381] Num Candidate Attributes: 6
I0000 00:00:1770357713.616694   34613 abstract_learner.cc:155] No input feature explicitly specified. Using all the available input features.
I0000 00:00:1770357713.616696   34613 abstract_learner.cc:172] The label "class" was removed from the input feature set.
I0000 00:00:1770357713.617227   34613 vertical_dataset_io.cc:82] 100 examples scanned.
I0000 00:00:1770357743.617368   34613 vertical_dataset_io.cc:82] 7584000 examples scanned.
I0000 00:00:1770357757.948745   34613 vertical_dataset_io.cc:88] 11000000 examples read. Memory: usage:1276MB allocated:1276MB. 0 (0%) examples have been skipped.
I0000 00:00:1770357757.948820   34613 abstract_learner.cc:155] No input feature explicitly specified. Using all the available input features.
I0000 00:00:1770357757.948826   34613 abstract_learner.cc:172] The label "class" was removed from the input feature set.
I0000 00:00:1770357757.948845   34613 random_forest.cc:465] Training random forest on 11000000 example(s) and 28 feature(s).
I0000 00:00:1770357759.203605   34613 gpu.cc:93] Cannot initialize GPU: Not compiled with GPU support
I0000 00:00:1770357759.560766   34613 random_forest.cc:659] num_threads being used: 48
I0000 00:00:1770358243.248720   34992 random_forest.cc:956] Train tree 1/240 accuracy:0.660316 logloss:12.2435 [index:28 total:8m3.69s tree:8m3.69s]
I0000 00:00:1770358259.800707   35008 random_forest.cc:956] Train tree 2/240 accuracy:0.662559 logloss:10.8261 [index:46 total:8m20.24s tree:8m20.24s]
I0000 00:00:1770358276.527038   35004 random_forest.cc:956] Train tree 3/240 accuracy:0.66603 logloss:9.509 [index:37 total:8m36.97s tree:8m36.96s]
I0000 00:00:1770358294.160414   35007 random_forest.cc:956] Train tree 4/240 accuracy:0.670523 logloss:8.30305 [index:44 total:8m54.60s tree:8m54.60s]
I0000 00:00:1770358312.212824   34975 random_forest.cc:956] Train tree 5/240 accuracy:0.675536 logloss:7.21511 [index:13 total:9m12.65s tree:9m12.65s]
I0000 00:00:1770358330.550444   34997 random_forest.cc:956] Train tree 6/240 accuracy:0.680546 logloss:6.25681 [index:36 total:9m30.99s tree:9m30.99s]
I0000 00:00:1770358349.180348   35001 random_forest.cc:956] Train tree 7/240 accuracy:0.685431 logloss:5.42358 [index:42 total:9m49.62s tree:9m49.62s]
I0000 00:00:1770358368.251567   35005 random_forest.cc:956] Train tree 8/240 accuracy:0.690269 logloss:4.70668 [index:41 total:10m8.69s tree:10m8.69s]
I0000 00:00:1770358387.630411   34991 random_forest.cc:956] Train tree 9/240 accuracy:0.694641 logloss:4.09414 [index:29 total:10m28.07s tree:10m28.07s]
I0000 00:00:1770358407.809080   34984 random_forest.cc:956] Train tree 10/240 accuracy:0.698757 logloss:3.57319 [index:23 total:10m48.25s tree:10m48.25s]
I0000 00:00:1770358427.883095   34977 random_forest.cc:956] Train tree 11/240 accuracy:0.702564 logloss:3.13428 [index:15 total:11m8.32s tree:11m8.32s]
I0000 00:00:1770358448.434657   34978 random_forest.cc:956] Train tree 12/240 accuracy:0.70608 logloss:2.7654 [index:14 total:11m28.87s tree:11m28.87s]
I0000 00:00:1770358468.928903   34987 random_forest.cc:956] Train tree 13/240 accuracy:0.709269 logloss:2.45623 [index:25 total:11m49.37s tree:11m49.37s]
I0000 00:00:1770358489.944294   34983 random_forest.cc:956] Train tree 14/240 accuracy:0.712144 logloss:2.19497 [index:21 total:12m10.38s tree:12m10.38s]
I0000 00:00:1770358511.764138   34999 random_forest.cc:956] Train tree 15/240 accuracy:0.714564 logloss:1.97372 [index:34 total:12m32.20s tree:12m32.20s]
I0000 00:00:1770358531.198712   35013 random_forest.cc:956] Train tree 16/240 accuracy:0.71702 logloss:1.78824 [index:7 total:12m51.64s tree:12m51.64s]
I0000 00:00:1770358553.171712   35000 random_forest.cc:956] Train tree 17/240 accuracy:0.719181 logloss:1.63118 [index:40 total:13m13.61s tree:13m13.61s]
I0000 00:00:1770358575.229211   35006 random_forest.cc:956] Train tree 18/240 accuracy:0.721191 logloss:1.49834 [index:39 total:13m35.67s tree:13m35.67s]
I0000 00:00:1770358597.361613   34982 random_forest.cc:956] Train tree 19/240 accuracy:0.723013 logloss:1.38551 [index:19 total:13m57.80s tree:13m57.80s]
I0000 00:00:1770358620.249323   34988 random_forest.cc:956] Train tree 20/240 accuracy:0.724759 logloss:1.28785 [index:24 total:14m20.69s tree:14m20.69s]
I0000 00:00:1770358643.290463   34996 random_forest.cc:956] Train tree 21/240 accuracy:0.72642 logloss:1.20431 [index:30 total:14m43.73s tree:14m43.73s]
I0000 00:00:1770358666.201074   34989 random_forest.cc:956] Train tree 22/240 accuracy:0.727793 logloss:1.13219 [index:27 total:15m6.64s tree:15m6.64s]
I0000 00:00:1770358688.958168   35012 random_forest.cc:956] Train tree 23/240 accuracy:0.729148 logloss:1.07074 [index:8 total:15m29.40s tree:15m29.40s]
I0000 00:00:1770358711.126494   34994 random_forest.cc:956] Train tree 24/240 accuracy:0.730493 logloss:1.01635 [index:33 total:15m51.57s tree:15m51.56s]
I0000 00:00:1770358733.535841   34990 random_forest.cc:956] Train tree 25/240 accuracy:0.731598 logloss:0.968287 [index:20 total:16m13.98s tree:16m13.97s]
I0000 00:00:1770358755.732881   35014 random_forest.cc:956] Train tree 26/240 accuracy:0.732657 logloss:0.925931 [index:6 total:16m36.17s tree:16m36.17s]
I0000 00:00:1770358778.159757   34971 random_forest.cc:956] Train tree 27/240 accuracy:0.733675 logloss:0.888869 [index:3 total:16m58.60s tree:16m58.60s]
I0000 00:00:1770358800.895541   34993 random_forest.cc:956] Train tree 28/240 accuracy:0.734606 logloss:0.856391 [index:32 total:17m21.33s tree:17m21.33s]
I0000 00:00:1770358823.436545   35016 random_forest.cc:956] Train tree 29/240 accuracy:0.735464 logloss:0.827877 [index:4 total:17m43.88s tree:17m43.87s]
I0000 00:00:1770358845.803403   34980 random_forest.cc:956] Train tree 30/240 accuracy:0.736305 logloss:0.802042 [index:18 total:18m6.24s tree:18m6.24s]
I0000 00:00:1770358868.081146   34995 random_forest.cc:956] Train tree 31/240 accuracy:0.737137 logloss:0.779619 [index:31 total:18m28.52s tree:18m28.52s]
I0000 00:00:1770358890.520356   34974 random_forest.cc:956] Train tree 32/240 accuracy:0.73795 logloss:0.759173 [index:10 total:18m50.96s tree:18m50.96s]
I0000 00:00:1770358912.169274   34998 random_forest.cc:956] Train tree 33/240 accuracy:0.738698 logloss:0.740614 [index:35 total:19m12.61s tree:19m12.61s]
I0000 00:00:1770358934.070354   35018 random_forest.cc:956] Train tree 34/240 accuracy:0.739344 logloss:0.724176 [index:1 total:19m34.51s tree:19m34.51s]
I0000 00:00:1770358956.130226   35009 random_forest.cc:956] Train tree 35/240 accuracy:0.740002 logloss:0.708689 [index:47 total:19m56.57s tree:19m56.57s]
I0000 00:00:1770358978.228133   34976 random_forest.cc:956] Train tree 36/240 accuracy:0.740572 logloss:0.694536 [index:0 total:20m18.67s tree:20m18.67s]
I0000 00:00:1770359000.393887   35011 random_forest.cc:956] Train tree 37/240 accuracy:0.741091 logloss:0.6812 [index:9 total:20m40.83s tree:20m40.83s]
I0000 00:00:1770359022.604747   35002 random_forest.cc:956] Train tree 38/240 accuracy:0.741695 logloss:0.669863 [index:43 total:21m3.04s tree:21m3.04s]
I0000 00:00:1770359045.042775   34981 random_forest.cc:956] Train tree 39/240 accuracy:0.742214 logloss:0.659473 [index:16 total:21m25.48s tree:21m25.48s]
I0000 00:00:1770359067.259742   34979 random_forest.cc:956] Train tree 40/240 accuracy:0.742697 logloss:0.649655 [index:17 total:21m47.70s tree:21m47.70s]
I0000 00:00:1770359089.807848   35015 random_forest.cc:956] Train tree 41/240 accuracy:0.743181 logloss:0.640477 [index:5 total:22m10.25s tree:22m10.25s]
I0000 00:00:1770359111.993456   34972 random_forest.cc:956] Train tree 42/240 accuracy:0.743651 logloss:0.631902 [index:2 total:22m32.43s tree:22m32.43s]
I0000 00:00:1770359134.324995   34986 random_forest.cc:956] Train tree 43/240 accuracy:0.744105 logloss:0.624146 [index:26 total:22m54.76s tree:22m54.76s]
I0000 00:00:1770359156.248945   35003 random_forest.cc:956] Train tree 44/240 accuracy:0.744524 logloss:0.617089 [index:38 total:23m16.69s tree:23m16.69s]
I0000 00:00:1770359178.603752   34985 random_forest.cc:956] Train tree 45/240 accuracy:0.744928 logloss:0.610841 [index:22 total:23m39.04s tree:23m39.04s]
I0000 00:00:1770359200.786589   35017 random_forest.cc:956] Train tree 46/240 accuracy:0.745377 logloss:0.60451 [index:12 total:24m1.23s tree:24m1.22s]
I0000 00:00:1770359222.714674   35010 random_forest.cc:956] Train tree 47/240 accuracy:0.745676 logloss:0.598969 [index:45 total:24m23.15s tree:24m23.15s]
I0000 00:00:1770359245.096677   34973 random_forest.cc:956] Train tree 48/240 accuracy:0.746086 logloss:0.593542 [index:11 total:24m45.54s tree:24m45.53s]
I0000 00:00:1770359267.066577   34992 random_forest.cc:956] Train tree 49/240 accuracy:0.746496 logloss:0.588649 [index:48 total:25m7.51s tree:17m3.82s]
I0000 00:00:1770359289.428647   35008 random_forest.cc:956] Train tree 50/240 accuracy:0.746857 logloss:0.584219 [index:49 total:25m29.87s tree:17m9.63s]
I0000 00:00:1770359311.509455   35004 random_forest.cc:956] Train tree 51/240 accuracy:0.747181 logloss:0.57985 [index:50 total:25m51.95s tree:17m14.98s]
I0000 00:00:1770359333.421412   35007 random_forest.cc:956] Train tree 52/240 accuracy:0.747484 logloss:0.575953 [index:51 total:26m13.86s tree:17m19.26s]
I0000 00:00:1770359355.674023   34975 random_forest.cc:956] Train tree 53/240 accuracy:0.747828 logloss:0.572224 [index:52 total:26m36.11s tree:17m23.46s]
I0000 00:00:1770359377.624706   34997 random_forest.cc:956] Train tree 54/240 accuracy:0.748112 logloss:0.568824 [index:53 total:26m58.06s tree:17m27.07s]
I0000 00:00:1770359399.398582   35001 random_forest.cc:956] Train tree 55/240 accuracy:0.748379 logloss:0.565504 [index:54 total:27m19.84s tree:17m30.22s]
I0000 00:00:1770359420.509434   35005 random_forest.cc:956] Train tree 56/240 accuracy:0.748649 logloss:0.562428 [index:55 total:27m40.95s tree:17m32.26s]
I0000 00:00:1770359443.009947   34991 random_forest.cc:956] Train tree 57/240 accuracy:0.748919 logloss:0.559344 [index:56 total:28m3.45s tree:17m35.38s]
I0000 00:00:1770359465.399654   34984 random_forest.cc:956] Train tree 58/240 accuracy:0.749233 logloss:0.556426 [index:57 total:28m25.84s tree:17m37.59s]
I0000 00:00:1770359487.848047   34977 random_forest.cc:956] Train tree 59/240 accuracy:0.749522 logloss:0.553888 [index:58 total:28m48.29s tree:17m39.96s]
I0000 00:00:1770359509.800056   34978 random_forest.cc:956] Train tree 60/240 accuracy:0.74974 logloss:0.551457 [index:59 total:29m10.24s tree:17m41.36s]
I0000 00:00:1770359531.906422   34987 random_forest.cc:956] Train tree 61/240 accuracy:0.749976 logloss:0.549194 [index:60 total:29m32.35s tree:17m42.98s]
I0000 00:00:1770359553.795103   34983 random_forest.cc:956] Train tree 62/240 accuracy:0.750195 logloss:0.546992 [index:61 total:29m54.23s tree:17m43.85s]
I0000 00:00:1770359576.070024   34999 random_forest.cc:956] Train tree 63/240 accuracy:0.750427 logloss:0.544874 [index:62 total:30m16.51s tree:17m44.30s]
I0000 00:00:1770359598.102025   35013 random_forest.cc:956] Train tree 64/240 accuracy:0.750623 logloss:0.542933 [index:63 total:30m38.54s tree:17m46.90s]
I0000 00:00:1770359620.120527   35000 random_forest.cc:956] Train tree 65/240 accuracy:0.750881 logloss:0.541173 [index:64 total:31m0.56s tree:17m46.95s]
I0000 00:00:1770359642.223652   35006 random_forest.cc:956] Train tree 66/240 accuracy:0.751044 logloss:0.539477 [index:65 total:31m22.66s tree:17m46.99s]
I0000 00:00:1770359664.487776   34982 random_forest.cc:956] Train tree 67/240 accuracy:0.751296 logloss:0.537596 [index:66 total:31m44.93s tree:17m47.12s]
I0000 00:00:1770359686.592661   34988 random_forest.cc:956] Train tree 68/240 accuracy:0.751491 logloss:0.535992 [index:67 total:32m7.03s tree:17m46.34s]
I0000 00:00:1770359708.869409   34996 random_forest.cc:956] Train tree 69/240 accuracy:0.751685 logloss:0.534456 [index:68 total:32m29.31s tree:17m45.58s]
I0000 00:00:1770359731.753783   34989 random_forest.cc:956] Train tree 70/240 accuracy:0.751837 logloss:0.532876 [index:69 total:32m52.19s tree:17m45.55s]
I0000 00:00:1770359753.919867   35012 random_forest.cc:956] Train tree 71/240 accuracy:0.751968 logloss:0.531424 [index:70 total:33m14.36s tree:17m44.96s]
I0000 00:00:1770359775.538252   34994 random_forest.cc:956] Train tree 72/240 accuracy:0.752103 logloss:0.530123 [index:71 total:33m35.98s tree:17m44.41s]
I0000 00:00:1770359797.889054   34990 random_forest.cc:956] Train tree 73/240 accuracy:0.752258 logloss:0.528817 [index:72 total:33m58.33s tree:17m44.35s]
I0000 00:00:1770359819.823072   35014 random_forest.cc:956] Train tree 74/240 accuracy:0.752423 logloss:0.527541 [index:73 total:34m20.26s tree:17m44.09s]
I0000 00:00:1770359842.340702   34971 random_forest.cc:956] Train tree 75/240 accuracy:0.752571 logloss:0.52638 [index:74 total:34m42.78s tree:17m44.18s]
I0000 00:00:1770359864.865904   34993 random_forest.cc:956] Train tree 76/240 accuracy:0.752744 logloss:0.52534 [index:75 total:35m5.31s tree:17m43.97s]
I0000 00:00:1770359886.967873   35016 random_forest.cc:956] Train tree 77/240 accuracy:0.75287 logloss:0.524237 [index:76 total:35m27.41s tree:17m43.53s]
I0000 00:00:1770359909.227963   34980 random_forest.cc:956] Train tree 78/240 accuracy:0.753065 logloss:0.523178 [index:77 total:35m49.67s tree:17m43.42s]
I0000 00:00:1770359931.518418   34995 random_forest.cc:956] Train tree 79/240 accuracy:0.753223 logloss:0.522104 [index:78 total:36m11.96s tree:17m43.44s]
I0000 00:00:1770359953.819693   34974 random_forest.cc:956] Train tree 80/240 accuracy:0.753362 logloss:0.521142 [index:79 total:36m34.26s tree:17m43.30s]
I0000 00:00:1770359975.927986   34998 random_forest.cc:956] Train tree 81/240 accuracy:0.75347 logloss:0.520219 [index:80 total:36m56.37s tree:17m43.76s]
I0000 00:00:1770359998.246563   35018 random_forest.cc:956] Train tree 82/240 accuracy:0.753619 logloss:0.519327 [index:81 total:37m18.69s tree:17m44.17s]
I0000 00:00:1770360020.254317   35009 random_forest.cc:956] Train tree 83/240 accuracy:0.753754 logloss:0.518494 [index:82 total:37m40.69s tree:17m44.12s]
I0000 00:00:1770360042.196916   34976 random_forest.cc:956] Train tree 84/240 accuracy:0.753884 logloss:0.517636 [index:83 total:38m2.64s tree:17m43.97s]
I0000 00:00:1770360064.421537   35011 random_forest.cc:956] Train tree 85/240 accuracy:0.754048 logloss:0.516916 [index:84 total:38m24.86s tree:17m44.03s]
I0000 00:00:1770360086.561289   35002 random_forest.cc:956] Train tree 86/240 accuracy:0.754144 logloss:0.516186 [index:85 total:38m47.00s tree:17m43.96s]
I0000 00:00:1770360108.787988   34981 random_forest.cc:956] Train tree 87/240 accuracy:0.75425 logloss:0.515508 [index:86 total:39m9.23s tree:17m43.74s]
I0000 00:00:1770360131.275074   34979 random_forest.cc:956] Train tree 88/240 accuracy:0.754369 logloss:0.514876 [index:87 total:39m31.71s tree:17m44.01s]
I0000 00:00:1770360153.796498   35015 random_forest.cc:956] Train tree 89/240 accuracy:0.754466 logloss:0.514134 [index:88 total:39m54.24s tree:17m43.99s]
I0000 00:00:1770360175.986093   34972 random_forest.cc:956] Train tree 90/240 accuracy:0.754608 logloss:0.513506 [index:89 total:40m16.43s tree:17m43.99s]
I0000 00:00:1770360198.419334   34986 random_forest.cc:956] Train tree 91/240 accuracy:0.754769 logloss:0.512908 [index:90 total:40m38.86s tree:17m44.09s]
I0000 00:00:1770360220.082686   35003 random_forest.cc:956] Train tree 92/240 accuracy:0.754889 logloss:0.51226 [index:91 total:41m0.52s tree:17m43.83s]
I0000 00:00:1770360242.327256   34985 random_forest.cc:956] Train tree 93/240 accuracy:0.755004 logloss:0.51168 [index:92 total:41m22.77s tree:17m43.72s]
I0000 00:00:1770360264.587071   35017 random_forest.cc:956] Train tree 94/240 accuracy:0.755086 logloss:0.511137 [index:93 total:41m45.03s tree:17m43.80s]
I0000 00:00:1770360286.919903   35010 random_forest.cc:956] Train tree 95/240 accuracy:0.755194 logloss:0.510602 [index:94 total:42m7.36s tree:17m44.20s]
I0000 00:00:1770360309.091612   34973 random_forest.cc:956] Train tree 96/240 accuracy:0.755263 logloss:0.510098 [index:95 total:42m29.53s tree:17m43.99s]
I0000 00:00:1770360329.403592   34992 random_forest.cc:956] Train tree 97/240 accuracy:0.755389 logloss:0.509508 [index:96 total:42m49.84s tree:17m42.33s]
I0000 00:00:1770360351.836527   35008 random_forest.cc:956] Train tree 98/240 accuracy:0.755488 logloss:0.509024 [index:97 total:43m12.28s tree:17m42.41s]
I0000 00:00:1770360374.056505   35004 random_forest.cc:956] Train tree 99/240 accuracy:0.75557 logloss:0.508492 [index:98 total:43m34.50s tree:17m42.55s]
I0000 00:00:1770360396.347269   35007 random_forest.cc:956] Train tree 100/240 accuracy:0.755684 logloss:0.508049 [index:99 total:43m56.79s tree:17m42.92s]
I0000 00:00:1770360418.668998   34975 random_forest.cc:956] Train tree 101/240 accuracy:0.755795 logloss:0.50756 [index:100 total:44m19.11s tree:17m42.99s]
I0000 00:00:1770360440.398142   34997 random_forest.cc:956] Train tree 102/240 accuracy:0.755901 logloss:0.507146 [index:101 total:44m40.84s tree:17m42.77s]
I0000 00:00:1770360462.314263   35001 random_forest.cc:956] Train tree 103/240 accuracy:0.75593 logloss:0.506736 [index:102 total:45m2.75s tree:17m42.91s]
I0000 00:00:1770360484.366064   35005 random_forest.cc:956] Train tree 104/240 accuracy:0.756044 logloss:0.506328 [index:103 total:45m24.81s tree:17m43.86s]
I0000 00:00:1770360506.086487   34991 random_forest.cc:956] Train tree 105/240 accuracy:0.756134 logloss:0.505916 [index:104 total:45m46.53s tree:17m43.08s]
I0000 00:00:1770360528.632574   34984 random_forest.cc:956] Train tree 106/240 accuracy:0.756194 logloss:0.505567 [index:105 total:46m9.07s tree:17m43.23s]
I0000 00:00:1770360551.057673   34977 random_forest.cc:956] Train tree 107/240 accuracy:0.756264 logloss:0.505203 [index:106 total:46m31.50s tree:17m43.21s]
I0000 00:00:1770360573.299358   34978 random_forest.cc:956] Train tree 108/240 accuracy:0.756364 logloss:0.504838 [index:107 total:46m53.74s tree:17m43.50s]
I0000 00:00:1770360595.837365   34987 random_forest.cc:956] Train tree 109/240 accuracy:0.7564 logloss:0.504477 [index:108 total:47m16.28s tree:17m43.93s]
I0000 00:00:1770360617.496157   34983 random_forest.cc:956] Train tree 110/240 accuracy:0.756474 logloss:0.50415 [index:109 total:47m37.94s tree:17m43.70s]
I0000 00:00:1770360639.631218   34999 random_forest.cc:956] Train tree 111/240 accuracy:0.756555 logloss:0.503791 [index:110 total:48m0.07s tree:17m43.56s]
I0000 00:00:1770360661.599596   35013 random_forest.cc:956] Train tree 112/240 accuracy:0.756599 logloss:0.503506 [index:111 total:48m22.04s tree:17m43.50s]
I0000 00:00:1770360683.117311   35000 random_forest.cc:956] Train tree 113/240 accuracy:0.756668 logloss:0.503194 [index:112 total:48m43.56s tree:17m43.00s]
I0000 00:00:1770360705.144504   35006 random_forest.cc:956] Train tree 114/240 accuracy:0.756788 logloss:0.502902 [index:113 total:49m5.58s tree:17m42.92s]
I0000 00:00:1770360727.268695   34982 random_forest.cc:956] Train tree 115/240 accuracy:0.756866 logloss:0.502584 [index:114 total:49m27.71s tree:17m42.78s]
I0000 00:00:1770360749.641232   34988 random_forest.cc:956] Train tree 116/240 accuracy:0.75694 logloss:0.502302 [index:115 total:49m50.08s tree:17m43.05s]
I0000 00:00:1770360771.681243   34996 random_forest.cc:956] Train tree 117/240 accuracy:0.757006 logloss:0.502047 [index:116 total:50m12.12s tree:17m42.81s]
I0000 00:00:1770360793.517868   34989 random_forest.cc:956] Train tree 118/240 accuracy:0.757087 logloss:0.501772 [index:117 total:50m33.96s tree:17m41.76s]
I0000 00:00:1770360816.088681   35012 random_forest.cc:956] Train tree 119/240 accuracy:0.757134 logloss:0.501493 [index:118 total:50m56.53s tree:17m42.17s]
I0000 00:00:1770360837.949364   34994 random_forest.cc:956] Train tree 120/240 accuracy:0.757192 logloss:0.50122 [index:119 total:51m18.39s tree:17m42.41s]
I0000 00:00:1770360860.202684   34990 random_forest.cc:956] Train tree 121/240 accuracy:0.757276 logloss:0.500947 [index:120 total:51m40.64s tree:17m42.31s]
I0000 00:00:1770360882.416111   35014 random_forest.cc:956] Train tree 122/240 accuracy:0.757288 logloss:0.500726 [index:121 total:52m2.86s tree:17m42.59s]
I0000 00:00:1770360904.812093   34971 random_forest.cc:956] Train tree 123/240 accuracy:0.75735 logloss:0.500469 [index:122 total:52m25.25s tree:17m42.47s]
I0000 00:00:1770360927.479840   34993 random_forest.cc:956] Train tree 124/240 accuracy:0.757401 logloss:0.500208 [index:123 total:52m47.92s tree:17m42.61s]
I0000 00:00:1770360949.628299   35016 random_forest.cc:956] Train tree 125/240 accuracy:0.757465 logloss:0.499968 [index:124 total:53m10.07s tree:17m42.66s]
I0000 00:00:1770360971.871146   34980 random_forest.cc:956] Train tree 126/240 accuracy:0.757503 logloss:0.4997 [index:125 total:53m32.31s tree:17m42.64s]
I0000 00:00:1770360994.159583   34995 random_forest.cc:956] Train tree 127/240 accuracy:0.75756 logloss:0.499484 [index:126 total:53m54.60s tree:17m42.64s]
I0000 00:00:1770361016.859066   34974 random_forest.cc:956] Train tree 128/240 accuracy:0.757639 logloss:0.499269 [index:127 total:54m17.30s tree:17m43.04s]
I0000 00:00:1770361038.827297   34998 random_forest.cc:956] Train tree 129/240 accuracy:0.757706 logloss:0.499069 [index:128 total:54m39.27s tree:17m42.90s]
I0000 00:00:1770361060.795509   35018 random_forest.cc:956] Train tree 130/240 accuracy:0.75774 logloss:0.498855 [index:129 total:55m1.23s tree:17m42.55s]
I0000 00:00:1770361082.990012   35009 random_forest.cc:956] Train tree 131/240 accuracy:0.757817 logloss:0.498651 [index:130 total:55m23.43s tree:17m42.73s]
I0000 00:00:1770361105.083036   34976 random_forest.cc:956] Train tree 132/240 accuracy:0.757869 logloss:0.498449 [index:131 total:55m45.52s tree:17m42.88s]
I0000 00:00:1770361127.271749   35011 random_forest.cc:956] Train tree 133/240 accuracy:0.757888 logloss:0.498243 [index:132 total:56m7.71s tree:17m42.85s]
I0000 00:00:1770361149.169439   35002 random_forest.cc:956] Train tree 134/240 accuracy:0.757938 logloss:0.498053 [index:133 total:56m29.61s tree:17m42.61s]
I0000 00:00:1770361171.509959   34981 random_forest.cc:956] Train tree 135/240 accuracy:0.757982 logloss:0.497826 [index:134 total:56m51.95s tree:17m42.72s]
I0000 00:00:1770361193.878086   34979 random_forest.cc:956] Train tree 136/240 accuracy:0.758056 logloss:0.497646 [index:135 total:57m14.32s tree:17m42.60s]
I0000 00:00:1770361216.402881   35015 random_forest.cc:956] Train tree 137/240 accuracy:0.758119 logloss:0.497461 [index:136 total:57m36.84s tree:17m42.61s]
I0000 00:00:1770361235.899670   34972 random_forest.cc:956] Train tree 138/240 accuracy:0.758153 logloss:0.49727 [index:137 total:57m56.34s tree:17m39.91s]
I0000 00:00:1770361258.961878   34986 random_forest.cc:956] Train tree 139/240 accuracy:0.75819 logloss:0.497096 [index:138 total:58m19.40s tree:17m40.54s]
I0000 00:00:1770361280.813291   35003 random_forest.cc:956] Train tree 140/240 accuracy:0.758269 logloss:0.496901 [index:139 total:58m41.25s tree:17m40.73s]
I0000 00:00:1770361303.042898   34985 random_forest.cc:956] Train tree 141/240 accuracy:0.758336 logloss:0.496738 [index:140 total:59m3.48s tree:17m40.71s]
I0000 00:00:1770361325.350305   35017 random_forest.cc:956] Train tree 142/240 accuracy:0.758376 logloss:0.496566 [index:141 total:59m25.79s tree:17m40.76s]
I0000 00:00:1770361347.522067   35010 random_forest.cc:956] Train tree 143/240 accuracy:0.758409 logloss:0.496426 [index:142 total:59m47.96s tree:17m40.60s]
I0000 00:00:1770361370.244128   34973 random_forest.cc:956] Train tree 144/240 accuracy:0.758473 logloss:0.496302 [index:143 total:1h0m10.68s tree:17m41.15s]
I0000 00:00:1770361392.078863   34992 random_forest.cc:956] Train tree 145/240 accuracy:0.75849 logloss:0.496148 [index:144 total:1h0m32.52s tree:17m42.67s]
I0000 00:00:1770361414.643878   35008 random_forest.cc:956] Train tree 146/240 accuracy:0.758506 logloss:0.495974 [index:145 total:1h0m55.08s tree:17m42.81s]
I0000 00:00:1770361436.433562   35004 random_forest.cc:956] Train tree 147/240 accuracy:0.758586 logloss:0.495858 [index:146 total:1h1m16.87s tree:17m42.38s]
I0000 00:00:1770361458.472782   35007 random_forest.cc:956] Train tree 148/240 accuracy:0.758616 logloss:0.495735 [index:147 total:1h1m38.91s tree:17m42.12s]
I0000 00:00:1770361480.699209   34975 random_forest.cc:956] Train tree 149/240 accuracy:0.758663 logloss:0.495607 [index:148 total:1h2m1.14s tree:17m42.03s]
I0000 00:00:1770361502.567334   34997 random_forest.cc:956] Train tree 150/240 accuracy:0.758696 logloss:0.49545 [index:149 total:1h2m23.01s tree:17m42.17s]
I0000 00:00:1770361524.645826   35001 random_forest.cc:956] Train tree 151/240 accuracy:0.758751 logloss:0.495292 [index:150 total:1h2m45.09s tree:17m42.33s]
I0000 00:00:1770361546.344740   35005 random_forest.cc:956] Train tree 152/240 accuracy:0.758785 logloss:0.495168 [index:151 total:1h3m6.78s tree:17m41.98s]
I0000 00:00:1770361568.264125   34991 random_forest.cc:956] Train tree 153/240 accuracy:0.758823 logloss:0.495045 [index:152 total:1h3m28.70s tree:17m42.18s]
I0000 00:00:1770361590.961192   34984 random_forest.cc:956] Train tree 154/240 accuracy:0.75887 logloss:0.494912 [index:153 total:1h3m51.40s tree:17m42.33s]
I0000 00:00:1770361613.215124   34977 random_forest.cc:956] Train tree 155/240 accuracy:0.758927 logloss:0.494761 [index:154 total:1h4m13.65s tree:17m42.16s]
I0000 00:00:1770361634.961610   34978 random_forest.cc:956] Train tree 156/240 accuracy:0.758934 logloss:0.494643 [index:155 total:1h4m35.40s tree:17m41.66s]
I0000 00:00:1770361657.023170   34987 random_forest.cc:956] Train tree 157/240 accuracy:0.758965 logloss:0.494543 [index:156 total:1h4m57.46s tree:17m41.18s]
I0000 00:00:1770361679.122798   34983 random_forest.cc:956] Train tree 158/240 accuracy:0.759016 logloss:0.494445 [index:157 total:1h5m19.56s tree:17m41.63s]
I0000 00:00:1770361701.564499   34999 random_forest.cc:956] Train tree 159/240 accuracy:0.75902 logloss:0.494328 [index:158 total:1h5m42.00s tree:17m41.93s]
I0000 00:00:1770361723.374016   35013 random_forest.cc:956] Train tree 160/240 accuracy:0.759062 logloss:0.494194 [index:159 total:1h6m3.81s tree:17m41.77s]
I0000 00:00:1770361745.194792   35000 random_forest.cc:956] Train tree 161/240 accuracy:0.759113 logloss:0.494078 [index:160 total:1h6m25.63s tree:17m42.08s]
I0000 00:00:1770361767.260302   35006 random_forest.cc:956] Train tree 162/240 accuracy:0.759145 logloss:0.493967 [index:161 total:1h6m47.70s tree:17m42.11s]
I0000 00:00:1770361789.359511   34982 random_forest.cc:956] Train tree 163/240 accuracy:0.759196 logloss:0.493846 [index:162 total:1h7m9.80s tree:17m42.09s]
I0000 00:00:1770361811.497277   34988 random_forest.cc:956] Train tree 164/240 accuracy:0.759218 logloss:0.493736 [index:163 total:1h7m31.94s tree:17m41.85s]
I0000 00:00:1770361833.839938   34996 random_forest.cc:956] Train tree 165/240 accuracy:0.759247 logloss:0.493639 [index:164 total:1h7m54.28s tree:17m42.16s]
I0000 00:00:1770361856.451643   34989 random_forest.cc:956] Train tree 166/240 accuracy:0.759249 logloss:0.493542 [index:165 total:1h8m16.89s tree:17m42.93s]
I0000 00:00:1770361878.726769   35012 random_forest.cc:956] Train tree 167/240 accuracy:0.759288 logloss:0.493453 [index:166 total:1h8m39.17s tree:17m42.64s]
I0000 00:00:1770361900.634805   34994 random_forest.cc:956] Train tree 168/240 accuracy:0.759328 logloss:0.493353 [index:167 total:1h9m1.07s tree:17m42.68s]
I0000 00:00:1770361922.522796   34990 random_forest.cc:956] Train tree 169/240 accuracy:0.759362 logloss:0.493286 [index:168 total:1h9m22.96s tree:17m42.32s]
I0000 00:00:1770361944.524818   35014 random_forest.cc:956] Train tree 170/240 accuracy:0.759413 logloss:0.493189 [index:169 total:1h9m44.96s tree:17m42.11s]
I0000 00:00:1770361967.135470   34971 random_forest.cc:956] Train tree 171/240 accuracy:0.759479 logloss:0.493101 [index:170 total:1h10m7.57s tree:17m42.32s]
I0000 00:00:1770361989.729965   34993 random_forest.cc:956] Train tree 172/240 accuracy:0.759507 logloss:0.492986 [index:171 total:1h10m30.17s tree:17m42.25s]
I0000 00:00:1770362011.945598   35016 random_forest.cc:956] Train tree 173/240 accuracy:0.759533 logloss:0.492888 [index:172 total:1h10m52.38s tree:17m42.32s]
I0000 00:00:1770362034.151340   34980 random_forest.cc:956] Train tree 174/240 accuracy:0.759577 logloss:0.492822 [index:173 total:1h11m14.59s tree:17m42.28s]
I0000 00:00:1770362056.201550   34995 random_forest.cc:956] Train tree 175/240 accuracy:0.759607 logloss:0.492726 [index:174 total:1h11m36.64s tree:17m42.04s]
I0000 00:00:1770362078.664759   34974 random_forest.cc:956] Train tree 176/240 accuracy:0.759634 logloss:0.492661 [index:175 total:1h11m59.10s tree:17m41.80s]
I0000 00:00:1770362100.761323   34998 random_forest.cc:956] Train tree 177/240 accuracy:0.759676 logloss:0.492584 [index:176 total:1h12m21.20s tree:17m41.93s]
I0000 00:00:1770362122.426317   35018 random_forest.cc:956] Train tree 178/240 accuracy:0.759686 logloss:0.49249 [index:177 total:1h12m42.87s tree:17m41.63s]
I0000 00:00:1770362144.905153   35009 random_forest.cc:956] Train tree 179/240 accuracy:0.75971 logloss:0.492403 [index:178 total:1h13m5.34s tree:17m41.91s]
I0000 00:00:1770362167.285618   34976 random_forest.cc:956] Train tree 180/240 accuracy:0.759752 logloss:0.492322 [index:179 total:1h13m27.72s tree:17m42.20s]
I0000 00:00:1770362189.498512   35011 random_forest.cc:956] Train tree 181/240 accuracy:0.759781 logloss:0.492265 [index:180 total:1h13m49.94s tree:17m42.23s]
I0000 00:00:1770362211.713328   35002 random_forest.cc:956] Train tree 182/240 accuracy:0.759813 logloss:0.492166 [index:181 total:1h14m12.15s tree:17m42.54s]
I0000 00:00:1770362233.957429   34981 random_forest.cc:956] Train tree 183/240 accuracy:0.759861 logloss:0.492089 [index:182 total:1h14m34.40s tree:17m42.45s]
I0000 00:00:1770362256.378627   34979 random_forest.cc:956] Train tree 184/240 accuracy:0.759889 logloss:0.492013 [index:183 total:1h14m56.82s tree:17m42.50s]
I0000 00:00:1770362279.099691   35015 random_forest.cc:956] Train tree 185/240 accuracy:0.759911 logloss:0.491931 [index:184 total:1h15m19.54s tree:17m42.70s]
I0000 00:00:1770362301.338854   34972 random_forest.cc:956] Train tree 186/240 accuracy:0.759946 logloss:0.491868 [index:185 total:1h15m41.78s tree:17m45.44s]
I0000 00:00:1770362323.995862   34986 random_forest.cc:956] Train tree 187/240 accuracy:0.759957 logloss:0.491797 [index:186 total:1h16m4.44s tree:17m45.03s]
I0000 00:00:1770362346.034163   35003 random_forest.cc:956] Train tree 188/240 accuracy:0.75997 logloss:0.491719 [index:187 total:1h16m26.47s tree:17m45.22s]
I0000 00:00:1770362367.933770   34985 random_forest.cc:956] Train tree 189/240 accuracy:0.76 logloss:0.491632 [index:188 total:1h16m48.37s tree:17m44.89s]
I0000 00:00:1770362390.438802   35017 random_forest.cc:956] Train tree 190/240 accuracy:0.76 logloss:0.491571 [index:189 total:1h17m10.88s tree:17m45.09s]
I0000 00:00:1770362412.471998   35010 random_forest.cc:956] Train tree 191/240 accuracy:0.760011 logloss:0.491498 [index:190 total:1h17m32.91s tree:17m44.95s]
I0000 00:00:1770362434.979768   34973 random_forest.cc:956] Train tree 192/240 accuracy:0.760067 logloss:0.491439 [index:191 total:1h17m55.42s tree:17m44.73s]
I0000 00:00:1770362457.034364   34992 random_forest.cc:956] Train tree 193/240 accuracy:0.760082 logloss:0.491377 [index:192 total:1h18m17.47s tree:17m44.95s]
I0000 00:00:1770362478.757703   35008 random_forest.cc:956] Train tree 194/240 accuracy:0.760144 logloss:0.491313 [index:193 total:1h18m39.20s tree:17m44.11s]
I0000 00:00:1770362500.477185   35004 random_forest.cc:956] Train tree 195/240 accuracy:0.760166 logloss:0.49125 [index:194 total:1h19m0.92s tree:17m44.04s]
I0000 00:00:1770362521.738269   35007 random_forest.cc:956] Train tree 196/240 accuracy:0.760194 logloss:0.491179 [index:195 total:1h19m22.18s tree:17m43.26s]
I0000 00:00:1770362543.143452   34975 random_forest.cc:956] Train tree 197/240 accuracy:0.760234 logloss:0.49112 [index:196 total:1h19m43.58s tree:17m42.44s]
I0000 00:00:1770362564.098420   34997 random_forest.cc:956] Train tree 198/240 accuracy:0.760256 logloss:0.491047 [index:197 total:1h20m4.54s tree:17m41.53s]
I0000 00:00:1770362584.495881   35001 random_forest.cc:956] Train tree 199/240 accuracy:0.760288 logloss:0.491 [index:198 total:1h20m24.94s tree:17m39.85s]
I0000 00:00:1770362604.600143   35005 random_forest.cc:956] Train tree 200/240 accuracy:0.760305 logloss:0.490903 [index:199 total:1h20m45.04s tree:17m38.25s]
I0000 00:00:1770362624.657775   34991 random_forest.cc:956] Train tree 201/240 accuracy:0.760334 logloss:0.49086 [index:200 total:1h21m5.10s tree:17m36.39s]
I0000 00:00:1770362644.901673   34984 random_forest.cc:956] Train tree 202/240 accuracy:0.760352 logloss:0.490791 [index:201 total:1h21m25.34s tree:17m33.94s]
I0000 00:00:1770362664.529768   34977 random_forest.cc:956] Train tree 203/240 accuracy:0.760394 logloss:0.490737 [index:202 total:1h21m44.97s tree:17m31.31s]
I0000 00:00:1770362683.072636   34978 random_forest.cc:956] Train tree 204/240 accuracy:0.760436 logloss:0.490676 [index:203 total:1h22m3.51s tree:17m28.11s]
I0000 00:00:1770362701.914350   34987 random_forest.cc:956] Train tree 205/240 accuracy:0.760452 logloss:0.49062 [index:204 total:1h22m22.35s tree:17m24.89s]
I0000 00:00:1770362720.711058   34983 random_forest.cc:956] Train tree 206/240 accuracy:0.760466 logloss:0.490587 [index:205 total:1h22m41.15s tree:17m21.59s]
I0000 00:00:1770362738.789305   34999 random_forest.cc:956] Train tree 207/240 accuracy:0.760495 logloss:0.490534 [index:206 total:1h22m59.23s tree:17m17.22s]
I0000 00:00:1770362756.482998   35013 random_forest.cc:956] Train tree 208/240 accuracy:0.760503 logloss:0.490486 [index:207 total:1h23m16.92s tree:17m13.11s]
I0000 00:00:1770362773.452266   35000 random_forest.cc:956] Train tree 209/240 accuracy:0.760515 logloss:0.490427 [index:208 total:1h23m33.89s tree:17m8.26s]
I0000 00:00:1770362790.307827   35006 random_forest.cc:956] Train tree 210/240 accuracy:0.760548 logloss:0.490361 [index:209 total:1h23m50.75s tree:17m3.05s]
I0000 00:00:1770362806.990200   34982 random_forest.cc:956] Train tree 211/240 accuracy:0.760588 logloss:0.490311 [index:210 total:1h24m7.43s tree:16m57.63s]
I0000 00:00:1770362823.177951   34988 random_forest.cc:956] Train tree 212/240 accuracy:0.76062 logloss:0.490268 [index:211 total:1h24m23.62s tree:16m51.68s]
I0000 00:00:1770362839.107631   34996 random_forest.cc:956] Train tree 213/240 accuracy:0.760604 logloss:0.490232 [index:212 total:1h24m39.55s tree:16m45.27s]
I0000 00:00:1770362854.909121   34989 random_forest.cc:956] Train tree 214/240 accuracy:0.760649 logloss:0.490184 [index:213 total:1h24m55.35s tree:16m38.46s]
I0000 00:00:1770362870.338089   35012 random_forest.cc:956] Train tree 215/240 accuracy:0.760647 logloss:0.490151 [index:214 total:1h25m10.78s tree:16m31.61s]
I0000 00:00:1770362885.520624   34994 random_forest.cc:956] Train tree 216/240 accuracy:0.760679 logloss:0.490096 [index:215 total:1h25m25.96s tree:16m24.88s]
I0000 00:00:1770362900.770797   34990 random_forest.cc:956] Train tree 217/240 accuracy:0.760718 logloss:0.490045 [index:216 total:1h25m41.21s tree:16m18.25s]
I0000 00:00:1770362916.091042   35014 random_forest.cc:956] Train tree 218/240 accuracy:0.760731 logloss:0.490002 [index:217 total:1h25m56.53s tree:16m11.56s]
I0000 00:00:1770362931.719148   34971 random_forest.cc:956] Train tree 219/240 accuracy:0.76078 logloss:0.489962 [index:218 total:1h26m12.16s tree:16m4.58s]
I0000 00:00:1770362947.442008   34993 random_forest.cc:956] Train tree 220/240 accuracy:0.760789 logloss:0.489914 [index:219 total:1h26m27.88s tree:15m57.71s]
I0000 00:00:1770362962.881320   35016 random_forest.cc:956] Train tree 221/240 accuracy:0.760846 logloss:0.489866 [index:220 total:1h26m43.32s tree:15m50.93s]
I0000 00:00:1770362978.483451   34980 random_forest.cc:956] Train tree 222/240 accuracy:0.760828 logloss:0.489837 [index:221 total:1h26m58.92s tree:15m44.33s]
I0000 00:00:1770362993.894477   34995 random_forest.cc:956] Train tree 223/240 accuracy:0.760825 logloss:0.489786 [index:222 total:1h27m14.33s tree:15m37.69s]
I0000 00:00:1770363009.669209   34974 random_forest.cc:956] Train tree 224/240 accuracy:0.760841 logloss:0.489748 [index:223 total:1h27m30.11s tree:15m31.00s]
I0000 00:00:1770363024.163077   34998 random_forest.cc:956] Train tree 225/240 accuracy:0.760853 logloss:0.4897 [index:224 total:1h27m44.60s tree:15m23.40s]
I0000 00:00:1770363039.725196   35018 random_forest.cc:956] Train tree 226/240 accuracy:0.760895 logloss:0.489662 [index:225 total:1h28m0.16s tree:15m17.30s]
I0000 00:00:1770363055.036173   35009 random_forest.cc:956] Train tree 227/240 accuracy:0.760909 logloss:0.489623 [index:226 total:1h28m15.48s tree:15m10.13s]
I0000 00:00:1770363070.183458   34976 random_forest.cc:956] Train tree 228/240 accuracy:0.760934 logloss:0.489588 [index:227 total:1h28m30.62s tree:15m2.90s]
I0000 00:00:1770363085.771087   35011 random_forest.cc:956] Train tree 229/240 accuracy:0.760945 logloss:0.489555 [index:228 total:1h28m46.21s tree:14m56.27s]
I0000 00:00:1770363101.317662   35002 random_forest.cc:956] Train tree 230/240 accuracy:0.760953 logloss:0.489515 [index:229 total:1h29m1.76s tree:14m49.60s]
I0000 00:00:1770363116.820329   34981 random_forest.cc:956] Train tree 231/240 accuracy:0.760953 logloss:0.489483 [index:230 total:1h29m17.26s tree:14m42.86s]
I0000 00:00:1770363132.426310   34979 random_forest.cc:956] Train tree 232/240 accuracy:0.760962 logloss:0.489439 [index:231 total:1h29m32.87s tree:14m36.05s]
I0000 00:00:1770363148.200624   35015 random_forest.cc:956] Train tree 233/240 accuracy:0.76099 logloss:0.489387 [index:232 total:1h29m48.64s tree:14m29.10s]
I0000 00:00:1770363163.652209   34972 random_forest.cc:956] Train tree 234/240 accuracy:0.760995 logloss:0.489349 [index:233 total:1h30m4.09s tree:14m22.31s]
I0000 00:00:1770363179.489524   34986 random_forest.cc:956] Train tree 235/240 accuracy:0.761008 logloss:0.48931 [index:234 total:1h30m19.93s tree:14m15.49s]
I0000 00:00:1770363194.628791   35003 random_forest.cc:956] Train tree 236/240 accuracy:0.761027 logloss:0.489261 [index:235 total:1h30m35.07s tree:14m8.59s]
I0000 00:00:1770363209.998835   34985 random_forest.cc:956] Train tree 237/240 accuracy:0.761034 logloss:0.489211 [index:236 total:1h30m50.44s tree:14m2.06s]
I0000 00:00:1770363225.477250   35017 random_forest.cc:956] Train tree 238/240 accuracy:0.761037 logloss:0.489163 [index:237 total:1h31m5.92s tree:13m55.04s]
I0000 00:00:1770363240.800316   35010 random_forest.cc:956] Train tree 239/240 accuracy:0.761085 logloss:0.489131 [index:238 total:1h31m21.24s tree:13m48.33s]
I0000 00:00:1770363256.419520   34973 random_forest.cc:956] Train tree 240/240 accuracy:0.761097 logloss:0.489101 [index:239 total:1h31m36.86s tree:13m41.44s]
I0000 00:00:1770363256.421410   34613 random_forest.cc:990] random_forest.cc Training block took: 5498.47 s
I0000 00:00:1770363256.421445   34613 random_forest.cc:1062] After Random Forest Training block. RETURNING EARLY TO SPEED UP XPS!!
-1 (automatic) threads requested. 48 threads set.
Using axis-aligned splits (default behavior)
Using histogram splitting: Random with 256 bins
./bazel-bin/examples/train_oblique_forest --input_mode csv --train_csv "benchmarks/data/SUSY_with_header.csv" --label_col "class" --feature_split_type "Axis Aligned" --numerical_split_type "Random" --num_trees=240 --num_threads=-1 --compute_oob_performances=true --histogram_num_bins 256


Inferring DataSpec from CSV: benchmarks/data/SUSY_with_header.csv


WARNING: All log messages before absl::InitializeLog() is called are written to STDERR
I0000 00:00:1770363262.630122   56337 csv_example_reader.cc:212] 0 row(s) processed
I0000 00:00:1770363262.635729   56337 csv_example_reader.cc:216] Stop scanning the csv file to infer the type. Some records were not considered.
I0000 00:00:1770363262.635743   56337 data_spec_inference.cc:457] 19 column(s) found
I0000 00:00:1770363262.635754   56337 csv_example_reader.cc:303] 0 row(s) processed
I0000 00:00:1770363274.680150   56337 data_spec_inference.cc:494] Finalizing [5000000 row(s) found]
I0000 00:00:1770363274.680204   56337 train_oblique_forest.cc:381] Num Candidate Attributes: 5
I0000 00:00:1770363274.680251   56337 abstract_learner.cc:155] No input feature explicitly specified. Using all the available input features.
I0000 00:00:1770363274.680254   56337 abstract_learner.cc:172] The label "class" was removed from the input feature set.
I0000 00:00:1770363274.680649   56337 vertical_dataset_io.cc:82] 100 examples scanned.
I0000 00:00:1770363287.875742   56337 vertical_dataset_io.cc:88] 5000000 examples read. Memory: usage:380MB allocated:380MB. 0 (0%) examples have been skipped.
I0000 00:00:1770363287.875814   56337 abstract_learner.cc:155] No input feature explicitly specified. Using all the available input features.
I0000 00:00:1770363287.875819   56337 abstract_learner.cc:172] The label "class" was removed from the input feature set.
I0000 00:00:1770363287.875837   56337 random_forest.cc:465] Training random forest on 5000000 example(s) and 18 feature(s).
I0000 00:00:1770363288.396993   56337 gpu.cc:93] Cannot initialize GPU: Not compiled with GPU support
I0000 00:00:1770363288.561012   56337 random_forest.cc:659] num_threads being used: 48
I0000 00:00:1770363459.542320   56472 random_forest.cc:956] Train tree 1/240 accuracy:0.718378 logloss:10.1507 [index:33 total:2m50.98s tree:2m50.98s]
I0000 00:00:1770363470.701530   56478 random_forest.cc:956] Train tree 3/240 accuracy:0.729464 logloss:8.00726 [index:39 total:3m2.14s tree:3m2.14s]
I0000 00:00:1770363482.656835   56479 random_forest.cc:956] Train tree 5/240 accuracy:0.739582 logloss:6.22049 [index:37 total:3m14.10s tree:3m14.09s]
I0000 00:00:1770363494.950965   56499 random_forest.cc:956] Train tree 7/240 accuracy:0.748685 logloss:4.82646 [index:14 total:3m26.39s tree:3m26.39s]
I0000 00:00:1770363507.546622   56474 random_forest.cc:956] Train tree 9/240 accuracy:0.756279 logloss:3.79491 [index:36 total:3m38.99s tree:3m38.98s]
I0000 00:00:1770363520.628931   56456 random_forest.cc:956] Train tree 11/240 accuracy:0.762555 logloss:3.03724 [index:13 total:3m52.07s tree:3m52.07s]
I0000 00:00:1770363533.792263   56475 random_forest.cc:956] Train tree 13/240 accuracy:0.767653 logloss:2.49068 [index:34 total:4m5.23s tree:4m5.23s]
I0000 00:00:1770363547.543609   56486 random_forest.cc:956] Train tree 15/240 accuracy:0.771712 logloss:2.09591 [index:47 total:4m18.98s tree:4m18.98s]
I0000 00:00:1770363561.231779   56497 random_forest.cc:956] Train tree 17/240 accuracy:0.775073 logloss:1.80151 [index:7 total:4m32.67s tree:4m32.67s]
I0000 00:00:1770363575.532078   56487 random_forest.cc:956] Train tree 19/240 accuracy:0.777767 logloss:1.5777 [index:45 total:4m46.97s tree:4m46.97s]
I0000 00:00:1770363590.052405   56481 random_forest.cc:956] Train tree 21/240 accuracy:0.780016 logloss:1.40686 [index:43 total:5m1.49s tree:5m1.49s]
I0000 00:00:1770363604.892881   56460 random_forest.cc:956] Train tree 23/240 accuracy:0.781818 logloss:1.27097 [index:23 total:5m16.33s tree:5m16.33s]
I0000 00:00:1770363620.053506   56490 random_forest.cc:956] Train tree 25/240 accuracy:0.783528 logloss:1.16152 [index:4 total:5m31.49s tree:5m31.49s]
I0000 00:00:1770363634.741520   56485 random_forest.cc:956] Train tree 27/240 accuracy:0.7849 logloss:1.07354 [index:46 total:5m46.18s tree:5m46.18s]
I0000 00:00:1770363649.763230   56482 random_forest.cc:956] Train tree 29/240 accuracy:0.786086 logloss:1.0003 [index:42 total:6m1.20s tree:6m1.20s]
I0000 00:00:1770363664.523243   56469 random_forest.cc:956] Train tree 31/240 accuracy:0.787085 logloss:0.939479 [index:30 total:6m15.96s tree:6m15.96s]
I0000 00:00:1770363679.233225   56465 random_forest.cc:956] Train tree 33/240 accuracy:0.788065 logloss:0.886306 [index:26 total:6m30.67s tree:6m30.67s]
I0000 00:00:1770363693.909329   56498 random_forest.cc:956] Train tree 35/240 accuracy:0.788929 logloss:0.841393 [index:15 total:6m45.35s tree:6m45.35s]
I0000 00:00:1770363708.438437   56467 random_forest.cc:956] Train tree 37/240 accuracy:0.789718 logloss:0.802627 [index:19 total:6m59.88s tree:6m59.88s]
I0000 00:00:1770363723.451695   56461 random_forest.cc:956] Train tree 39/240 accuracy:0.790281 logloss:0.770051 [index:22 total:7m14.89s tree:7m14.89s]
I0000 00:00:1770363738.215235   56493 random_forest.cc:956] Train tree 41/240 accuracy:0.790901 logloss:0.740288 [index:2 total:7m29.65s tree:7m29.65s]
I0000 00:00:1770363752.701491   56484 random_forest.cc:956] Train tree 43/240 accuracy:0.791414 logloss:0.714079 [index:44 total:7m44.14s tree:7m44.14s]
I0000 00:00:1770363767.451500   56471 random_forest.cc:956] Train tree 45/240 accuracy:0.791912 logloss:0.691402 [index:31 total:7m58.89s tree:7m58.89s]
I0000 00:00:1770363782.230875   56500 random_forest.cc:956] Train tree 47/240 accuracy:0.792329 logloss:0.671774 [index:0 total:8m13.67s tree:8m13.67s]
I0000 00:00:1770363796.796493   56472 random_forest.cc:956] Train tree 49/240 accuracy:0.792834 logloss:0.654074 [index:48 total:8m28.24s tree:5m37.25s]
I0000 00:00:1770363811.011219   56478 random_forest.cc:956] Train tree 51/240 accuracy:0.793222 logloss:0.638264 [index:50 total:8m42.45s tree:5m40.31s]
I0000 00:00:1770363825.538471   56479 random_forest.cc:956] Train tree 53/240 accuracy:0.793575 logloss:0.624225 [index:52 total:8m56.98s tree:5m42.88s]
I0000 00:00:1770363840.006390   56499 random_forest.cc:956] Train tree 55/240 accuracy:0.793844 logloss:0.611036 [index:54 total:9m11.45s tree:5m45.05s]
I0000 00:00:1770363854.711794   56474 random_forest.cc:956] Train tree 57/240 accuracy:0.794149 logloss:0.599206 [index:56 total:9m26.15s tree:5m47.16s]
I0000 00:00:1770363869.427204   56456 random_forest.cc:956] Train tree 59/240 accuracy:0.794482 logloss:0.588618 [index:58 total:9m40.87s tree:5m48.80s]
I0000 00:00:1770363883.837509   56475 random_forest.cc:956] Train tree 61/240 accuracy:0.794715 logloss:0.579084 [index:60 total:9m55.28s tree:5m50.04s]
I0000 00:00:1770363898.610218   56486 random_forest.cc:956] Train tree 63/240 accuracy:0.79491 logloss:0.570239 [index:62 total:10m10.05s tree:5m51.07s]
I0000 00:00:1770363913.097827   56497 random_forest.cc:956] Train tree 65/240 accuracy:0.795157 logloss:0.562473 [index:64 total:10m24.54s tree:5m51.87s]
I0000 00:00:1770363927.500360   56487 random_forest.cc:956] Train tree 67/240 accuracy:0.795321 logloss:0.554934 [index:66 total:10m38.94s tree:5m51.97s]
I0000 00:00:1770363942.045385   56481 random_forest.cc:956] Train tree 69/240 accuracy:0.795546 logloss:0.548093 [index:68 total:10m53.48s tree:5m51.99s]
I0000 00:00:1770363957.137720   56460 random_forest.cc:956] Train tree 71/240 accuracy:0.795739 logloss:0.541851 [index:70 total:11m8.58s tree:5m52.24s]
I0000 00:00:1770363972.159486   56490 random_forest.cc:956] Train tree 73/240 accuracy:0.795919 logloss:0.535961 [index:72 total:11m23.60s tree:5m52.11s]
I0000 00:00:1770363986.812100   56485 random_forest.cc:956] Train tree 75/240 accuracy:0.79609 logloss:0.530852 [index:74 total:11m38.25s tree:5m52.07s]
I0000 00:00:1770364001.867872   56482 random_forest.cc:956] Train tree 77/240 accuracy:0.796237 logloss:0.52596 [index:76 total:11m53.31s tree:5m52.10s]
I0000 00:00:1770364016.559909   56469 random_forest.cc:956] Train tree 79/240 accuracy:0.79643 logloss:0.521428 [index:78 total:12m8.00s tree:5m52.04s]
I0000 00:00:1770364031.128824   56465 random_forest.cc:956] Train tree 81/240 accuracy:0.796592 logloss:0.517259 [index:80 total:12m22.57s tree:5m51.89s]
I0000 00:00:1770364045.877852   56498 random_forest.cc:956] Train tree 83/240 accuracy:0.79673 logloss:0.513363 [index:82 total:12m37.32s tree:5m51.97s]
I0000 00:00:1770364060.397203   56467 random_forest.cc:956] Train tree 85/240 accuracy:0.796827 logloss:0.509753 [index:84 total:12m51.84s tree:5m51.96s]
I0000 00:00:1770364075.240214   56461 random_forest.cc:956] Train tree 87/240 accuracy:0.796981 logloss:0.506386 [index:86 total:13m6.68s tree:5m51.79s]
I0000 00:00:1770364089.951597   56493 random_forest.cc:956] Train tree 89/240 accuracy:0.797117 logloss:0.502944 [index:88 total:13m21.39s tree:5m51.74s]
I0000 00:00:1770364104.488488   56484 random_forest.cc:956] Train tree 91/240 accuracy:0.797218 logloss:0.500095 [index:90 total:13m35.93s tree:5m51.79s]
I0000 00:00:1770364119.234638   56471 random_forest.cc:956] Train tree 93/240 accuracy:0.797329 logloss:0.497237 [index:92 total:13m50.67s tree:5m51.78s]
I0000 00:00:1770364133.694641   56500 random_forest.cc:956] Train tree 95/240 accuracy:0.797413 logloss:0.494414 [index:94 total:14m5.13s tree:5m51.46s]
I0000 00:00:1770364148.299450   56472 random_forest.cc:956] Train tree 97/240 accuracy:0.797559 logloss:0.491875 [index:96 total:14m19.74s tree:5m51.50s]
I0000 00:00:1770364162.674854   56478 random_forest.cc:956] Train tree 99/240 accuracy:0.797707 logloss:0.489466 [index:98 total:14m34.11s tree:5m51.66s]
I0000 00:00:1770364177.135396   56479 random_forest.cc:956] Train tree 101/240 accuracy:0.797815 logloss:0.487185 [index:100 total:14m48.57s tree:5m51.60s]
I0000 00:00:1770364191.698462   56499 random_forest.cc:956] Train tree 103/240 accuracy:0.797888 logloss:0.485306 [index:102 total:15m3.14s tree:5m51.69s]
I0000 00:00:1770364206.224251   56474 random_forest.cc:956] Train tree 105/240 accuracy:0.798004 logloss:0.483349 [index:104 total:15m17.66s tree:5m51.51s]
I0000 00:00:1770364220.907394   56456 random_forest.cc:956] Train tree 107/240 accuracy:0.798073 logloss:0.481358 [index:106 total:15m32.35s tree:5m51.48s]
I0000 00:00:1770364235.326780   56475 random_forest.cc:956] Train tree 109/240 accuracy:0.798139 logloss:0.479626 [index:108 total:15m46.77s tree:5m51.49s]
I0000 00:00:1770364250.177884   56486 random_forest.cc:956] Train tree 111/240 accuracy:0.798175 logloss:0.477961 [index:110 total:16m1.62s tree:5m51.57s]
I0000 00:00:1770364264.492796   56497 random_forest.cc:956] Train tree 113/240 accuracy:0.798235 logloss:0.476389 [index:112 total:16m15.93s tree:5m51.39s]
I0000 00:00:1770364278.986350   56487 random_forest.cc:956] Train tree 115/240 accuracy:0.798277 logloss:0.474909 [index:114 total:16m30.43s tree:5m51.49s]
I0000 00:00:1770364293.617559   56481 random_forest.cc:956] Train tree 117/240 accuracy:0.798337 logloss:0.473432 [index:116 total:16m45.06s tree:5m51.57s]
I0000 00:00:1770364308.138930   56460 random_forest.cc:956] Train tree 119/240 accuracy:0.79842 logloss:0.472117 [index:118 total:16m59.58s tree:5m51.00s]
I0000 00:00:1770364322.825017   56490 random_forest.cc:956] Train tree 121/240 accuracy:0.798477 logloss:0.470949 [index:120 total:17m14.26s tree:5m50.67s]
I0000 00:00:1770364337.381904   56485 random_forest.cc:956] Train tree 123/240 accuracy:0.798544 logloss:0.469744 [index:122 total:17m28.82s tree:5m50.57s]
I0000 00:00:1770364352.219054   56482 random_forest.cc:956] Train tree 125/240 accuracy:0.798623 logloss:0.468442 [index:124 total:17m43.66s tree:5m50.35s]
I0000 00:00:1770364366.809618   56469 random_forest.cc:956] Train tree 127/240 accuracy:0.798671 logloss:0.467359 [index:126 total:17m58.25s tree:5m50.25s]
I0000 00:00:1770364381.619608   56465 random_forest.cc:956] Train tree 129/240 accuracy:0.798727 logloss:0.466301 [index:128 total:18m13.06s tree:5m50.49s]
I0000 00:00:1770364396.311436   56498 random_forest.cc:956] Train tree 131/240 accuracy:0.798761 logloss:0.465352 [index:130 total:18m27.75s tree:5m50.43s]
I0000 00:00:1770364411.112465   56467 random_forest.cc:956] Train tree 133/240 accuracy:0.798879 logloss:0.46438 [index:132 total:18m42.55s tree:5m50.72s]
I0000 00:00:1770364426.080397   56461 random_forest.cc:956] Train tree 135/240 accuracy:0.798921 logloss:0.463466 [index:134 total:18m57.52s tree:5m50.84s]
I0000 00:00:1770364440.872738   56493 random_forest.cc:956] Train tree 137/240 accuracy:0.798947 logloss:0.462576 [index:136 total:19m12.31s tree:5m50.92s]
I0000 00:00:1770364455.516130   56484 random_forest.cc:956] Train tree 139/240 accuracy:0.79899 logloss:0.461793 [index:138 total:19m26.96s tree:5m51.03s]
I0000 00:00:1770364470.282820   56471 random_forest.cc:956] Train tree 141/240 accuracy:0.799062 logloss:0.460999 [index:140 total:19m41.72s tree:5m51.05s]
I0000 00:00:1770364485.088930   56500 random_forest.cc:956] Train tree 143/240 accuracy:0.799082 logloss:0.460242 [index:142 total:19m56.53s tree:5m51.39s]
I0000 00:00:1770364499.669610   56472 random_forest.cc:956] Train tree 145/240 accuracy:0.799134 logloss:0.459507 [index:144 total:20m11.11s tree:5m51.37s]
I0000 00:00:1770364514.086451   56478 random_forest.cc:956] Train tree 147/240 accuracy:0.799195 logloss:0.458799 [index:146 total:20m25.53s tree:5m51.41s]
I0000 00:00:1770364528.698945   56479 random_forest.cc:956] Train tree 149/240 accuracy:0.799223 logloss:0.45815 [index:148 total:20m40.14s tree:5m51.56s]
I0000 00:00:1770364543.236574   56499 random_forest.cc:956] Train tree 151/240 accuracy:0.799177 logloss:0.457456 [index:150 total:20m54.68s tree:5m51.54s]
I0000 00:00:1770364557.808569   56474 random_forest.cc:956] Train tree 153/240 accuracy:0.799238 logloss:0.456832 [index:152 total:21m9.25s tree:5m51.58s]
I0000 00:00:1770364572.408659   56456 random_forest.cc:956] Train tree 155/240 accuracy:0.799308 logloss:0.456268 [index:154 total:21m23.85s tree:5m51.50s]
I0000 00:00:1770364586.848581   56475 random_forest.cc:956] Train tree 157/240 accuracy:0.799368 logloss:0.45562 [index:156 total:21m38.29s tree:5m51.52s]
I0000 00:00:1770364601.676650   56486 random_forest.cc:956] Train tree 159/240 accuracy:0.799433 logloss:0.455024 [index:158 total:21m53.12s tree:5m51.50s]
I0000 00:00:1770364615.976619   56497 random_forest.cc:956] Train tree 161/240 accuracy:0.799492 logloss:0.454534 [index:160 total:22m7.42s tree:5m51.48s]
I0000 00:00:1770364630.645398   56487 random_forest.cc:956] Train tree 163/240 accuracy:0.799512 logloss:0.453969 [index:162 total:22m22.08s tree:5m51.66s]
I0000 00:00:1770364644.863390   56481 random_forest.cc:956] Train tree 165/240 accuracy:0.799548 logloss:0.453498 [index:164 total:22m36.30s tree:5m51.25s]
I0000 00:00:1770364659.598202   56460 random_forest.cc:956] Train tree 167/240 accuracy:0.799607 logloss:0.45305 [index:166 total:22m51.04s tree:5m51.46s]
I0000 00:00:1770364674.324308   56490 random_forest.cc:956] Train tree 169/240 accuracy:0.799631 logloss:0.452646 [index:168 total:23m5.76s tree:5m51.50s]
I0000 00:00:1770364688.982622   56485 random_forest.cc:956] Train tree 171/240 accuracy:0.79972 logloss:0.452146 [index:170 total:23m20.42s tree:5m51.60s]
I0000 00:00:1770364703.792073   56482 random_forest.cc:956] Train tree 173/240 accuracy:0.799704 logloss:0.451697 [index:172 total:23m35.23s tree:5m51.57s]
I0000 00:00:1770364718.395769   56469 random_forest.cc:956] Train tree 175/240 accuracy:0.79972 logloss:0.451249 [index:174 total:23m49.83s tree:5m51.59s]
I0000 00:00:1770364733.153038   56465 random_forest.cc:956] Train tree 177/240 accuracy:0.799728 logloss:0.450792 [index:176 total:24m4.59s tree:5m51.53s]
I0000 00:00:1770364747.641497   56498 random_forest.cc:956] Train tree 179/240 accuracy:0.799823 logloss:0.450366 [index:178 total:24m19.08s tree:5m51.33s]
I0000 00:00:1770364762.324888   56467 random_forest.cc:956] Train tree 181/240 accuracy:0.799834 logloss:0.449985 [index:180 total:24m33.76s tree:5m51.21s]
I0000 00:00:1770364777.251700   56461 random_forest.cc:956] Train tree 183/240 accuracy:0.79987 logloss:0.449607 [index:182 total:24m48.69s tree:5m51.17s]
I0000 00:00:1770364791.746472   56493 random_forest.cc:956] Train tree 185/240 accuracy:0.799907 logloss:0.449205 [index:184 total:25m3.19s tree:5m50.87s]
I0000 00:00:1770364806.382706   56484 random_forest.cc:956] Train tree 187/240 accuracy:0.799955 logloss:0.448857 [index:186 total:25m17.82s tree:5m50.87s]
I0000 00:00:1770364820.541686   56471 random_forest.cc:956] Train tree 189/240 accuracy:0.799946 logloss:0.448621 [index:188 total:25m31.98s tree:5m50.26s]
I0000 00:00:1770364835.377928   56500 random_forest.cc:956] Train tree 191/240 accuracy:0.799955 logloss:0.448258 [index:190 total:25m46.82s tree:5m50.29s]
I0000 00:00:1770364850.189537   56472 random_forest.cc:956] Train tree 193/240 accuracy:0.799989 logloss:0.447926 [index:192 total:26m1.63s tree:5m50.52s]
I0000 00:00:1770364864.308548   56478 random_forest.cc:956] Train tree 195/240 accuracy:0.800012 logloss:0.447609 [index:194 total:26m15.75s tree:5m50.22s]
I0000 00:00:1770364878.172359   56479 random_forest.cc:956] Train tree 197/240 accuracy:0.800045 logloss:0.447346 [index:196 total:26m29.61s tree:5m49.47s]
I0000 00:00:1770364892.154319   56499 random_forest.cc:956] Train tree 199/240 accuracy:0.800081 logloss:0.447042 [index:198 total:26m43.59s tree:5m48.92s]
I0000 00:00:1770364905.649501   56474 random_forest.cc:956] Train tree 201/240 accuracy:0.800105 logloss:0.446765 [index:200 total:26m57.09s tree:5m47.84s]
I0000 00:00:1770364918.750927   56456 random_forest.cc:956] Train tree 203/240 accuracy:0.800126 logloss:0.44658 [index:202 total:27m10.19s tree:5m46.34s]
I0000 00:00:1770364931.467809   56475 random_forest.cc:956] Train tree 205/240 accuracy:0.800099 logloss:0.446368 [index:204 total:27m22.91s tree:5m44.62s]
I0000 00:00:1770364943.934937   56486 random_forest.cc:956] Train tree 207/240 accuracy:0.800141 logloss:0.44611 [index:206 total:27m35.37s tree:5m42.26s]
I0000 00:00:1770364955.606672   56497 random_forest.cc:956] Train tree 209/240 accuracy:0.800182 logloss:0.445901 [index:208 total:27m47.05s tree:5m39.63s]
I0000 00:00:1770364966.984069   56487 random_forest.cc:956] Train tree 211/240 accuracy:0.800232 logloss:0.445672 [index:210 total:27m58.42s tree:5m36.34s]
I0000 00:00:1770364977.824262   56481 random_forest.cc:956] Train tree 213/240 accuracy:0.800246 logloss:0.445424 [index:212 total:28m9.26s tree:5m32.96s]
I0000 00:00:1770364987.945448   56460 random_forest.cc:956] Train tree 215/240 accuracy:0.800257 logloss:0.445175 [index:214 total:28m19.38s tree:5m28.35s]
I0000 00:00:1770364998.196912   56490 random_forest.cc:956] Train tree 217/240 accuracy:0.80028 logloss:0.44495 [index:216 total:28m29.64s tree:5m23.87s]
I0000 00:00:1770365008.273672   56485 random_forest.cc:956] Train tree 219/240 accuracy:0.800304 logloss:0.444665 [index:218 total:28m39.71s tree:5m19.29s]
I0000 00:00:1770365018.491941   56482 random_forest.cc:956] Train tree 221/240 accuracy:0.800323 logloss:0.444462 [index:220 total:28m49.93s tree:5m14.70s]
I0000 00:00:1770365028.546088   56469 random_forest.cc:956] Train tree 223/240 accuracy:0.800324 logloss:0.444263 [index:222 total:28m59.99s tree:5m10.15s]
I0000 00:00:1770365038.557269   56465 random_forest.cc:956] Train tree 225/240 accuracy:0.800353 logloss:0.444118 [index:224 total:29m10.00s tree:5m5.40s]
I0000 00:00:1770365048.724813   56498 random_forest.cc:956] Train tree 227/240 accuracy:0.8004 logloss:0.443932 [index:226 total:29m20.16s tree:5m1.08s]
I0000 00:00:1770365058.760975   56467 random_forest.cc:956] Train tree 229/240 accuracy:0.800414 logloss:0.443714 [index:228 total:29m30.20s tree:4m56.44s]
I0000 00:00:1770365069.105378   56461 random_forest.cc:956] Train tree 231/240 accuracy:0.800445 logloss:0.44353 [index:230 total:29m40.54s tree:4m51.85s]
I0000 00:00:1770365079.219695   56493 random_forest.cc:956] Train tree 233/240 accuracy:0.800467 logloss:0.44339 [index:232 total:29m50.66s tree:4m47.47s]
I0000 00:00:1770365094.237186   56488 random_forest.cc:956] Train tree 236/240 accuracy:0.800464 logloss:0.443098 [index:235 total:30m5.68s tree:4m40.55s]
I0000 00:00:1770365104.261195   56466 random_forest.cc:956] Train tree 238/240 accuracy:0.800488 logloss:0.44289 [index:237 total:30m15.70s tree:4m36.51s]
I0000 00:00:1770365114.465147   56455 random_forest.cc:956] Train tree 240/240 accuracy:0.800525 logloss:0.442653 [index:239 total:30m25.90s tree:4m31.66s]
I0000 00:00:1770365114.465824   56337 random_forest.cc:990] random_forest.cc Training block took: 1826.59 s
I0000 00:00:1770365114.465872   56337 random_forest.cc:1062] After Random Forest Training block. RETURNING EARLY TO SPEED UP XPS!!
-1 (automatic) threads requested. 48 threads set.
Using axis-aligned splits (default behavior)
Using histogram splitting: Random with 256 bins
./bazel-bin/examples/train_oblique_forest --input_mode csv --train_csv "benchmarks/data/epsilon_normalized_train.csv" --label_col "label" --feature_split_type "Axis Aligned" --numerical_split_type "Random" --num_trees=240 --num_threads=-1 --compute_oob_performances=true --histogram_num_bins 256


Inferring DataSpec from CSV: benchmarks/data/epsilon_normalized_train.csv


WARNING: All log messages before absl::InitializeLog() is called are written to STDERR
I0000 00:00:1770365117.080182   63538 csv_example_reader.cc:212] 0 row(s) processed
I0000 00:00:1770365117.627759   63538 csv_example_reader.cc:216] Stop scanning the csv file to infer the type. Some records were not considered.
I0000 00:00:1770365117.627949   63538 data_spec_inference.cc:457] 2001 column(s) found
I0000 00:00:1770365117.630537   63538 csv_example_reader.cc:303] 0 row(s) processed
I0000 00:00:1770365147.630738   63538 csv_example_reader.cc:303] 128052 row(s) processed
I0000 00:00:1770365177.630749   63538 csv_example_reader.cc:303] 256192 row(s) processed
I0000 00:00:1770365207.630968   63538 csv_example_reader.cc:303] 384241 row(s) processed
I0000 00:00:1770365211.324004   63538 data_spec_inference.cc:494] Finalizing [400000 row(s) found]
I0000 00:00:1770365211.324081   63538 train_oblique_forest.cc:381] Num Candidate Attributes: 45
I0000 00:00:1770365211.324233   63538 abstract_learner.cc:155] No input feature explicitly specified. Using all the available input features.
I0000 00:00:1770365211.324237   63538 abstract_learner.cc:172] The label "label" was removed from the input feature set.
I0000 00:00:1770365211.353536   63538 vertical_dataset_io.cc:82] 100 examples scanned.
I0000 00:00:1770365241.362387   63538 vertical_dataset_io.cc:82] 103400 examples scanned.
I0000 00:00:1770365271.372977   63538 vertical_dataset_io.cc:82] 198100 examples scanned.
I0000 00:00:1770365301.380736   63538 vertical_dataset_io.cc:82] 290300 examples scanned.
I0000 00:00:1770365331.390890   63538 vertical_dataset_io.cc:82] 384200 examples scanned.
I0000 00:00:1770365337.708819   63538 vertical_dataset_io.cc:88] 400000 examples read. Memory: usage:3201MB allocated:3201MB. 0 (0%) examples have been skipped.
I0000 00:00:1770365337.709302   63538 abstract_learner.cc:155] No input feature explicitly specified. Using all the available input features.
I0000 00:00:1770365337.709347   63538 abstract_learner.cc:172] The label "label" was removed from the input feature set.
I0000 00:00:1770365337.709546   63538 random_forest.cc:465] Training random forest on 400000 example(s) and 2000 feature(s).
I0000 00:00:1770365339.176806   63538 gpu.cc:93] Cannot initialize GPU: Not compiled with GPU support
I0000 00:00:1770365339.191414   63538 random_forest.cc:659] num_threads being used: 48
I0000 00:00:1770365426.352423   64445 random_forest.cc:956] Train tree 1/240 accuracy:0.582889 logloss:15.0342 [index:9 total:1m27.16s tree:1m27.16s]
I0000 00:00:1770365430.609229   64479 random_forest.cc:956] Train tree 11/240 accuracy:0.62013 logloss:3.15259 [index:38 total:1m31.42s tree:1m31.42s]
I0000 00:00:1770365434.837134   64467 random_forest.cc:956] Train tree 21/240 accuracy:0.652561 logloss:0.953873 [index:27 total:1m35.65s tree:1m35.64s]
I0000 00:00:1770365439.133314   64485 random_forest.cc:956] Train tree 31/240 accuracy:0.673272 logloss:0.652502 [index:43 total:1m39.94s tree:1m39.94s]
I0000 00:00:1770365443.566634   64481 random_forest.cc:956] Train tree 41/240 accuracy:0.687458 logloss:0.604266 [index:40 total:1m44.38s tree:1m44.37s]
I0000 00:00:1770365512.948546   64450 random_forest.cc:956] Train tree 49/240 accuracy:0.696288 logloss:0.593372 [index:52 total:2m53.76s tree:1m24.88s]
I0000 00:00:1770365518.109392   64482 random_forest.cc:956] Train tree 59/240 accuracy:0.706665 logloss:0.586271 [index:60 total:2m58.92s tree:1m26.66s]
I0000 00:00:1770365523.307965   64451 random_forest.cc:956] Train tree 69/240 accuracy:0.71544 logloss:0.582961 [index:66 total:3m4.12s tree:1m29.33s]
I0000 00:00:1770365528.594547   64485 random_forest.cc:956] Train tree 79/240 accuracy:0.721727 logloss:0.581127 [index:78 total:3m9.40s tree:1m29.46s]
I0000 00:00:1770365533.222368   64459 random_forest.cc:956] Train tree 89/240 accuracy:0.727552 logloss:0.579304 [index:89 total:3m14.03s tree:1m29.21s]
I0000 00:00:1770365602.357311   64450 random_forest.cc:956] Train tree 97/240 accuracy:0.730817 logloss:0.578459 [index:96 total:4m23.17s tree:1m29.41s]
I0000 00:00:1770365607.612380   64486 random_forest.cc:956] Train tree 107/240 accuracy:0.736347 logloss:0.577261 [index:105 total:4m28.42s tree:1m30.07s]
I0000 00:00:1770365612.870938   64453 random_forest.cc:956] Train tree 117/240 accuracy:0.740285 logloss:0.576219 [index:117 total:4m33.68s tree:1m28.94s]
I0000 00:00:1770365617.943862   64447 random_forest.cc:956] Train tree 127/240 accuracy:0.74355 logloss:0.575586 [index:128 total:4m38.75s tree:1m28.46s]
I0000 00:00:1770365622.688942   64459 random_forest.cc:956] Train tree 137/240 accuracy:0.747135 logloss:0.574794 [index:136 total:4m43.50s tree:1m29.47s]
I0000 00:00:1770365691.646848   64450 random_forest.cc:956] Train tree 145/240 accuracy:0.749465 logloss:0.574365 [index:144 total:5m52.46s tree:1m29.29s]
I0000 00:00:1770365697.293389   64486 random_forest.cc:956] Train tree 155/240 accuracy:0.751498 logloss:0.573926 [index:154 total:5m58.10s tree:1m29.68s]
I0000 00:00:1770365701.945811   64451 random_forest.cc:956] Train tree 165/240 accuracy:0.753407 logloss:0.573362 [index:163 total:6m2.75s tree:1m29.53s]
I0000 00:00:1770365707.448719   64487 random_forest.cc:956] Train tree 175/240 accuracy:0.755633 logloss:0.572934 [index:172 total:6m8.26s tree:1m30.41s]
I0000 00:00:1770365712.488955   64456 random_forest.cc:956] Train tree 185/240 accuracy:0.757088 logloss:0.572619 [index:183 total:6m13.30s tree:1m30.26s]
I0000 00:00:1770365780.921900   64450 random_forest.cc:956] Train tree 193/240 accuracy:0.758457 logloss:0.572323 [index:192 total:7m21.73s tree:1m29.27s]
I0000 00:00:1770365786.407190   64482 random_forest.cc:956] Train tree 203/240 accuracy:0.760035 logloss:0.572069 [index:203 total:7m27.22s tree:1m28.67s]
I0000 00:00:1770365790.776183   64451 random_forest.cc:956] Train tree 213/240 accuracy:0.76093 logloss:0.571761 [index:212 total:7m31.58s tree:1m28.83s]
I0000 00:00:1770365794.959848   64474 random_forest.cc:956] Train tree 223/240 accuracy:0.762608 logloss:0.571289 [index:221 total:7m35.77s tree:1m27.98s]
I0000 00:00:1770365800.042887   64476 random_forest.cc:956] Train tree 233/240 accuracy:0.763545 logloss:0.57105 [index:233 total:7m40.85s tree:1m27.11s]
I0000 00:00:1770365802.927535   64457 random_forest.cc:956] Train tree 240/240 accuracy:0.764507 logloss:0.570965 [index:239 total:7m43.74s tree:1m27.29s]
I0000 00:00:1770365802.928002   63538 random_forest.cc:990] random_forest.cc Training block took: 465.219 s
I0000 00:00:1770365802.928049   63538 random_forest.cc:1062] After Random Forest Training block. RETURNING EARLY TO SPEED UP XPS!!
-1 (automatic) threads requested. 48 threads set.
Using axis-aligned splits (default behavior)
Using histogram splitting: Random with 256 bins
./bazel-bin/examples/train_oblique_forest --input_mode csv --train_csv "benchmarks/data/cc18_binary_csv/task_14965_bank-marketing/repeat0_fold0_sample0_train.csv" --label_col "Class" --feature_split_type "Axis Aligned" --numerical_split_type "Random" --num_trees=240 --num_threads=-1 --compute_oob_performances=true --histogram_num_bins 256


Inferring DataSpec from CSV: benchmarks/data/cc18_binary_csv/task_14965_bank-marketing/repeat0_fold0_sample0_train.csv


WARNING: All log messages before absl::InitializeLog() is called are written to STDERR
I0000 00:00:1770365803.369562   66298 csv_example_reader.cc:212] 0 row(s) processed
I0000 00:00:1770365803.372017   66298 csv_example_reader.cc:216] Stop scanning the csv file to infer the type. Some records were not considered.
I0000 00:00:1770365803.372030   66298 data_spec_inference.cc:457] 17 column(s) found
I0000 00:00:1770365803.372039   66298 csv_example_reader.cc:303] 0 row(s) processed
I0000 00:00:1770365803.412727   66298 data_spec_inference.cc:494] Finalizing [40689 row(s) found]
I0000 00:00:1770365803.412769   66298 train_oblique_forest.cc:381] Num Candidate Attributes: 3
I0000 00:00:1770365803.412810   66298 abstract_learner.cc:155] No input feature explicitly specified. Using all the available input features.
I0000 00:00:1770365803.412812   66298 abstract_learner.cc:172] The label "Class" was removed from the input feature set.
I0000 00:00:1770365803.413116   66298 vertical_dataset_io.cc:82] 100 examples scanned.
I0000 00:00:1770365803.453285   66298 vertical_dataset_io.cc:88] 40689 examples read. Memory: usage:2MB allocated:2MB. 0 (0%) examples have been skipped.
I0000 00:00:1770365803.453317   66298 abstract_learner.cc:155] No input feature explicitly specified. Using all the available input features.
I0000 00:00:1770365803.453322   66298 abstract_learner.cc:172] The label "Class" was removed from the input feature set.
I0000 00:00:1770365803.453339   66298 random_forest.cc:465] Training random forest on 40689 example(s) and 16 feature(s).
I0000 00:00:1770365803.457283   66298 gpu.cc:93] Cannot initialize GPU: Not compiled with GPU support
I0000 00:00:1770365803.458705   66298 random_forest.cc:659] num_threads being used: 48
I0000 00:00:1770365803.773017   66356 random_forest.cc:956] Train tree 1/240 accuracy:0.872453 logloss:4.59725 [index:37 total:0.31s tree:0.31s]
I0000 00:00:1770365803.787122   66328 random_forest.cc:956] Train tree 11/240 accuracy:0.882803 logloss:3.52369 [index:14 total:0.33s tree:0.33s]
I0000 00:00:1770365803.885822   66341 random_forest.cc:956] Train tree 21/240 accuracy:0.898975 logloss:0.666952 [index:24 total:0.43s tree:0.43s]
I0000 00:00:1770365803.944326   66349 random_forest.cc:956] Train tree 31/240 accuracy:0.901644 logloss:0.477733 [index:41 total:0.49s tree:0.48s]
I0000 00:00:1770365804.009784   66361 random_forest.cc:956] Train tree 41/240 accuracy:0.903266 logloss:0.385734 [index:46 total:0.55s tree:0.55s]
I0000 00:00:1770365804.094198   66328 random_forest.cc:956] Train tree 51/240 accuracy:0.903905 logloss:0.34003 [index:50 total:0.64s tree:0.31s]
I0000 00:00:1770365804.175224   66337 random_forest.cc:956] Train tree 61/240 accuracy:0.905159 logloss:0.310287 [index:60 total:0.72s tree:0.33s]
I0000 00:00:1770365804.243653   66346 random_forest.cc:956] Train tree 71/240 accuracy:0.904446 logloss:0.299215 [index:70 total:0.78s tree:0.35s]
I0000 00:00:1770365804.315315   66357 random_forest.cc:956] Train tree 81/240 accuracy:0.904815 logloss:0.285843 [index:80 total:0.86s tree:0.36s]
I0000 00:00:1770365804.378876   66321 random_forest.cc:956] Train tree 91/240 accuracy:0.904815 logloss:0.281368 [index:89 total:0.92s tree:0.36s]
I0000 00:00:1770365804.448295   66323 random_forest.cc:956] Train tree 101/240 accuracy:0.904839 logloss:0.276111 [index:101 total:0.99s tree:0.33s]
I0000 00:00:1770365804.527473   66333 random_forest.cc:956] Train tree 111/240 accuracy:0.90479 logloss:0.267683 [index:111 total:1.07s tree:0.33s]
I0000 00:00:1770365804.589248   66325 random_forest.cc:956] Train tree 121/240 accuracy:0.904667 logloss:0.262029 [index:119 total:1.13s tree:0.34s]
I0000 00:00:1770365804.662871   66353 random_forest.cc:956] Train tree 131/240 accuracy:0.904446 logloss:0.25667 [index:131 total:1.20s tree:0.33s]
I0000 00:00:1770365804.737398   66362 random_forest.cc:956] Train tree 141/240 accuracy:0.904495 logloss:0.252462 [index:141 total:1.28s tree:0.34s]
I0000 00:00:1770365804.800552   66340 random_forest.cc:956] Train tree 151/240 accuracy:0.904421 logloss:0.248453 [index:151 total:1.34s tree:0.33s]
I0000 00:00:1770365804.878019   66333 random_forest.cc:956] Train tree 161/240 accuracy:0.905576 logloss:0.245998 [index:158 total:1.42s tree:0.35s]
I0000 00:00:1770365804.953056   66327 random_forest.cc:956] Train tree 171/240 accuracy:0.905331 logloss:0.244995 [index:171 total:1.49s tree:0.34s]
I0000 00:00:1770365805.021694   66316 random_forest.cc:956] Train tree 181/240 accuracy:0.905183 logloss:0.240099 [index:181 total:1.56s tree:0.33s]
I0000 00:00:1770365805.087723   66324 random_forest.cc:956] Train tree 191/240 accuracy:0.90565 logloss:0.237706 [index:190 total:1.63s tree:0.34s]
I0000 00:00:1770365805.152159   66363 random_forest.cc:956] Train tree 201/240 accuracy:0.904815 logloss:0.236187 [index:200 total:1.69s tree:0.33s]
I0000 00:00:1770365805.222809   66338 random_forest.cc:956] Train tree 211/240 accuracy:0.905552 logloss:0.232931 [index:209 total:1.76s tree:0.34s]
I0000 00:00:1770365805.292129   66344 random_forest.cc:956] Train tree 221/240 accuracy:0.905134 logloss:0.22958 [index:221 total:1.83s tree:0.32s]
I0000 00:00:1770365805.349999   66361 random_forest.cc:956] Train tree 231/240 accuracy:0.905257 logloss:0.229461 [index:230 total:1.89s tree:0.32s]
I0000 00:00:1770365805.401305   66324 random_forest.cc:956] Train tree 240/240 accuracy:0.90538 logloss:0.227792 [index:238 total:1.94s tree:0.31s]
I0000 00:00:1770365805.401593   66298 random_forest.cc:990] random_forest.cc Training block took: 1.9483 s
I0000 00:00:1770365805.401627   66298 random_forest.cc:1062] After Random Forest Training block. RETURNING EARLY TO SPEED UP XPS!!
-1 (automatic) threads requested. 48 threads set.
Using axis-aligned splits (default behavior)
Using histogram splitting: Random with 256 bins
./bazel-bin/examples/train_oblique_forest --input_mode csv --train_csv "benchmarks/data/cc18_binary_csv/task_14952_PhishingWebsites/repeat0_fold0_sample0_train.csv" --label_col "Result" --feature_split_type "Axis Aligned" --numerical_split_type "Random" --num_trees=240 --num_threads=-1 --compute_oob_performances=true --histogram_num_bins 256


Inferring DataSpec from CSV: benchmarks/data/cc18_binary_csv/task_14952_PhishingWebsites/repeat0_fold0_sample0_train.csv


WARNING: All log messages before absl::InitializeLog() is called are written to STDERR
I0000 00:00:1770365805.433357   66374 csv_example_reader.cc:212] 0 row(s) processed
I0000 00:00:1770365805.437346   66374 csv_example_reader.cc:216] Stop scanning the csv file to infer the type. Some records were not considered.
I0000 00:00:1770365805.437358   66374 data_spec_inference.cc:457] 31 column(s) found
I0000 00:00:1770365805.437371   66374 csv_example_reader.cc:303] 0 row(s) processed
I0000 00:00:1770365805.450235   66374 data_spec_inference.cc:494] Finalizing [9949 row(s) found]
I0000 00:00:1770365805.450266   66374 train_oblique_forest.cc:381] Num Candidate Attributes: 6
I0000 00:00:1770365805.450305   66374 abstract_learner.cc:155] No input feature explicitly specified. Using all the available input features.
I0000 00:00:1770365805.450308   66374 abstract_learner.cc:172] The label "Result" was removed from the input feature set.
I0000 00:00:1770365805.450630   66374 vertical_dataset_io.cc:82] 100 examples scanned.
I0000 00:00:1770365805.465672   66374 vertical_dataset_io.cc:88] 9949 examples read. Memory: usage:1MB allocated:1MB. 0 (0%) examples have been skipped.
I0000 00:00:1770365805.465705   66374 abstract_learner.cc:155] No input feature explicitly specified. Using all the available input features.
I0000 00:00:1770365805.465708   66374 abstract_learner.cc:172] The label "Result" was removed from the input feature set.
I0000 00:00:1770365805.465721   66374 random_forest.cc:465] Training random forest on 9949 example(s) and 30 feature(s).
I0000 00:00:1770365805.467545   66374 gpu.cc:93] Cannot initialize GPU: Not compiled with GPU support
I0000 00:00:1770365805.468039   66374 random_forest.cc:659] num_threads being used: 48
I0000 00:00:1770365805.569800   66434 random_forest.cc:956] Train tree 1/240 accuracy:0.949232 logloss:1.32038 [index:29 total:0.10s tree:0.10s]
I0000 00:00:1770365805.579967   66446 random_forest.cc:956] Train tree 11/240 accuracy:0.968725 logloss:0.29193 [index:41 total:0.11s tree:0.11s]
I0000 00:00:1770365805.587739   66440 random_forest.cc:956] Train tree 32/240 accuracy:0.971655 logloss:0.204011 [index:35 total:0.12s tree:0.12s]
I0000 00:00:1770365805.607361   66441 random_forest.cc:956] Train tree 42/240 accuracy:0.973364 logloss:0.157983 [index:36 total:0.14s tree:0.14s]
I0000 00:00:1770365805.690808   66449 random_forest.cc:956] Train tree 52/240 accuracy:0.97256 logloss:0.147547 [index:63 total:0.22s tree:0.11s]
I0000 00:00:1770365805.699661   66408 random_forest.cc:956] Train tree 62/240 accuracy:0.972661 logloss:0.140957 [index:57 total:0.23s tree:0.12s]
I0000 00:00:1770365805.708764   66431 random_forest.cc:956] Train tree 72/240 accuracy:0.973163 logloss:0.134385 [index:77 total:0.24s tree:0.11s]
I0000 00:00:1770365805.716950   66423 random_forest.cc:956] Train tree 83/240 accuracy:0.973063 logloss:0.130817 [index:75 total:0.25s tree:0.12s]
I0000 00:00:1770365805.727972   66418 random_forest.cc:956] Train tree 93/240 accuracy:0.973063 logloss:0.124304 [index:88 total:0.26s tree:0.12s]
I0000 00:00:1770365805.804607   66422 random_forest.cc:956] Train tree 103/240 accuracy:0.973766 logloss:0.124534 [index:103 total:0.34s tree:0.11s]
I0000 00:00:1770365805.814038   66410 random_forest.cc:956] Train tree 113/240 accuracy:0.973163 logloss:0.121261 [index:112 total:0.35s tree:0.11s]
I0000 00:00:1770365805.825918   66427 random_forest.cc:956] Train tree 123/240 accuracy:0.973264 logloss:0.117936 [index:127 total:0.36s tree:0.11s]
I0000 00:00:1770365805.835391   66451 random_forest.cc:956] Train tree 133/240 accuracy:0.973163 logloss:0.114521 [index:135 total:0.37s tree:0.11s]
I0000 00:00:1770365805.852833   66416 random_forest.cc:956] Train tree 143/240 accuracy:0.973264 logloss:0.114345 [index:138 total:0.38s tree:0.13s]
I0000 00:00:1770365805.922056   66430 random_forest.cc:956] Train tree 153/240 accuracy:0.973465 logloss:0.114206 [index:156 total:0.45s tree:0.11s]
I0000 00:00:1770365805.929646   66410 random_forest.cc:956] Train tree 164/240 accuracy:0.973465 logloss:0.114217 [index:160 total:0.46s tree:0.12s]
I0000 00:00:1770365805.945953   66451 random_forest.cc:956] Train tree 174/240 accuracy:0.973967 logloss:0.110871 [index:180 total:0.48s tree:0.11s]
I0000 00:00:1770365805.956746   66418 random_forest.cc:956] Train tree 184/240 accuracy:0.974168 logloss:0.101441 [index:182 total:0.49s tree:0.12s]
I0000 00:00:1770365806.021146   66406 random_forest.cc:956] Train tree 194/240 accuracy:0.973867 logloss:0.101487 [index:192 total:0.55s tree:0.11s]
I0000 00:00:1770365806.038838   66449 random_forest.cc:956] Train tree 204/240 accuracy:0.973867 logloss:0.101443 [index:200 total:0.57s tree:0.12s]
I0000 00:00:1770365806.050371   66453 random_forest.cc:956] Train tree 214/240 accuracy:0.973565 logloss:0.0982792 [index:209 total:0.58s tree:0.12s]
I0000 00:00:1770365806.063163   66409 random_forest.cc:956] Train tree 224/240 accuracy:0.973264 logloss:0.0982577 [index:219 total:0.60s tree:0.12s]
I0000 00:00:1770365806.079493   66436 random_forest.cc:956] Train tree 234/240 accuracy:0.973264 logloss:0.0953974 [index:236 total:0.61s tree:0.12s]
I0000 00:00:1770365806.095486   66447 random_forest.cc:956] Train tree 240/240 accuracy:0.973565 logloss:0.0954368 [index:239 total:0.63s tree:0.11s]
I0000 00:00:1770365806.095569   66374 random_forest.cc:990] random_forest.cc Training block took: 0.629888 s
I0000 00:00:1770365806.095595   66374 random_forest.cc:1062] After Random Forest Training block. RETURNING EARLY TO SPEED UP XPS!!
-1 (automatic) threads requested. 48 threads set.
Using axis-aligned splits (default behavior)
Using histogram splitting: Random with 256 bins
./bazel-bin/examples/train_oblique_forest --input_mode csv --train_csv "benchmarks/data/cc18_binary_csv/task_29_credit-approval/repeat0_fold0_sample0_train.csv" --label_col "class" --feature_split_type "Axis Aligned" --numerical_split_type "Random" --num_trees=240 --num_threads=-1 --compute_oob_performances=true --histogram_num_bins 256


Inferring DataSpec from CSV: benchmarks/data/cc18_binary_csv/task_29_credit-approval/repeat0_fold0_sample0_train.csv


WARNING: All log messages before absl::InitializeLog() is called are written to STDERR
I0000 00:00:1770365806.107722   66464 csv_example_reader.cc:212] 0 row(s) processed
I0000 00:00:1770365806.108999   66464 data_spec_inference.cc:457] 16 column(s) found
I0000 00:00:1770365806.109009   66464 csv_example_reader.cc:303] 0 row(s) processed
I0000 00:00:1770365806.109574   66464 data_spec_inference.cc:354] 1 item(s) have been pruned (i.e. they are considered out of dictionary) for the column A4 (2 item(s) left) because min_value_count=5 and max_number_of_unique_values=2000
I0000 00:00:1770365806.109579   66464 data_spec_inference.cc:354] 1 item(s) have been pruned (i.e. they are considered out of dictionary) for the column A5 (2 item(s) left) because min_value_count=5 and max_number_of_unique_values=2000
I0000 00:00:1770365806.109583   66464 data_spec_inference.cc:354] 1 item(s) have been pruned (i.e. they are considered out of dictionary) for the column A6 (13 item(s) left) because min_value_count=5 and max_number_of_unique_values=2000
I0000 00:00:1770365806.109588   66464 data_spec_inference.cc:354] 2 item(s) have been pruned (i.e. they are considered out of dictionary) for the column A7 (7 item(s) left) because min_value_count=5 and max_number_of_unique_values=2000
I0000 00:00:1770365806.109597   66464 data_spec_inference.cc:494] Finalizing [621 row(s) found]
I0000 00:00:1770365806.109623   66464 train_oblique_forest.cc:381] Num Candidate Attributes: 3
I0000 00:00:1770365806.109656   66464 abstract_learner.cc:155] No input feature explicitly specified. Using all the available input features.
I0000 00:00:1770365806.109659   66464 abstract_learner.cc:172] The label "class" was removed from the input feature set.
I0000 00:00:1770365806.109912   66464 vertical_dataset_io.cc:82] 100 examples scanned.
I0000 00:00:1770365806.110363   66464 vertical_dataset_io.cc:88] 621 examples read. Memory: usage:0MB allocated:0MB. 0 (0%) examples have been skipped.
I0000 00:00:1770365806.110383   66464 abstract_learner.cc:155] No input feature explicitly specified. Using all the available input features.
I0000 00:00:1770365806.110387   66464 abstract_learner.cc:172] The label "class" was removed from the input feature set.
I0000 00:00:1770365806.110398   66464 random_forest.cc:465] Training random forest on 621 example(s) and 15 feature(s).
I0000 00:00:1770365806.111025   66464 gpu.cc:93] Cannot initialize GPU: Not compiled with GPU support
I0000 00:00:1770365806.111265   66464 random_forest.cc:659] num_threads being used: 48
W0000 00:00:1770365806.113075   66487 training.cc:5918] [This message is only shown once] The effective split of examples does not match the expected split returned by the splitter algorithm. This problem can be caused by (1) large floating point values (e.g. value>=10e30) or (2) a bug in the software. You can turn this error in a warning with internal_error_on_wrong_splitter_statistics=false.

Details:
Num examples: 54
Num positive examples (from split evaluation): 22
Num positive examples (from split learning): 27
Num negative examples (from split evaluation): 32

Condition: na_value: false
attribute: 13
condition {
  higher_condition {
    threshold: 300.416046
  }
}
num_training_examples_without_weight: 54
num_training_examples_with_weight: 54
split_score: 0.0689126402
num_pos_training_examples_without_weight: 27
num_pos_training_examples_with_weight: 27

Attribute spec: type: NUMERICAL
name: "A14"
is_manual_type: false
numerical {
  mean: 184.30756578947367
  min_value: 0
  max_value: 2000
  standard_deviation: 176.4030573061855
}
count_nas: 13

I0000 00:00:1770365806.118147   66486 random_forest.cc:956] Train tree 1/240 accuracy:0.774892 logloss:8.11372 [index:9 total:0.01s tree:0.01s]
I0000 00:00:1770365806.119644   66481 random_forest.cc:956] Train tree 11/240 accuracy:0.842532 logloss:2.46495 [index:1 total:0.01s tree:0.01s]
I0000 00:00:1770365806.120306   66496 random_forest.cc:956] Train tree 21/240 accuracy:0.856683 logloss:1.67533 [index:10 total:0.01s tree:0.01s]
I0000 00:00:1770365806.121074   66520 random_forest.cc:956] Train tree 31/240 accuracy:0.858293 logloss:1.18639 [index:40 total:0.01s tree:0.01s]
I0000 00:00:1770365806.121641   66517 random_forest.cc:956] Train tree 42/240 accuracy:0.863124 logloss:0.809138 [index:37 total:0.01s tree:0.01s]
I0000 00:00:1770365806.125751   66515 random_forest.cc:956] Train tree 53/240 accuracy:0.858293 logloss:0.699416 [index:54 total:0.01s tree:0.01s]
I0000 00:00:1770365806.126804   66506 random_forest.cc:956] Train tree 63/240 accuracy:0.861514 logloss:0.592403 [index:56 total:0.02s tree:0.01s]
I0000 00:00:1770365806.127709   66496 random_forest.cc:956] Train tree 75/240 accuracy:0.861514 logloss:0.588188 [index:68 total:0.02s tree:0.01s]
I0000 00:00:1770365806.128619   66523 random_forest.cc:956] Train tree 85/240 accuracy:0.858293 logloss:0.588659 [index:94 total:0.02s tree:0.01s]
I0000 00:00:1770365806.129997   66494 random_forest.cc:956] Train tree 95/240 accuracy:0.859903 logloss:0.5898 [index:81 total:0.02s tree:0.01s]
I0000 00:00:1770365806.133022   66493 random_forest.cc:956] Train tree 105/240 accuracy:0.861514 logloss:0.538412 [index:102 total:0.02s tree:0.01s]
I0000 00:00:1770365806.134103   66510 random_forest.cc:956] Train tree 115/240 accuracy:0.861514 logloss:0.535333 [index:118 total:0.02s tree:0.01s]
I0000 00:00:1770365806.134598   66507 random_forest.cc:956] Train tree 125/240 accuracy:0.866345 logloss:0.534159 [index:115 total:0.02s tree:0.01s]
I0000 00:00:1770365806.135998   66518 random_forest.cc:956] Train tree 135/240 accuracy:0.863124 logloss:0.534064 [index:138 total:0.02s tree:0.01s]
I0000 00:00:1770365806.137950   66483 random_forest.cc:956] Train tree 145/240 accuracy:0.861514 logloss:0.533628 [index:147 total:0.03s tree:0.01s]
I0000 00:00:1770365806.140028   66526 random_forest.cc:956] Train tree 155/240 accuracy:0.861514 logloss:0.534154 [index:150 total:0.03s tree:0.01s]
I0000 00:00:1770365806.141106   66507 random_forest.cc:956] Train tree 165/240 accuracy:0.856683 logloss:0.533069 [index:169 total:0.03s tree:0.01s]
I0000 00:00:1770365806.142289   66525 random_forest.cc:956] Train tree 175/240 accuracy:0.861514 logloss:0.531941 [index:180 total:0.03s tree:0.01s]
I0000 00:00:1770365806.143338   66520 random_forest.cc:956] Train tree 185/240 accuracy:0.864734 logloss:0.428689 [index:181 total:0.03s tree:0.01s]
I0000 00:00:1770365806.145699   66486 random_forest.cc:956] Train tree 195/240 accuracy:0.861514 logloss:0.430149 [index:197 total:0.03s tree:0.01s]
I0000 00:00:1770365806.147229   66526 random_forest.cc:956] Train tree 205/240 accuracy:0.859903 logloss:0.431262 [index:202 total:0.04s tree:0.01s]
I0000 00:00:1770365806.148429   66515 random_forest.cc:956] Train tree 215/240 accuracy:0.864734 logloss:0.429647 [index:204 total:0.04s tree:0.01s]
I0000 00:00:1770365806.149718   66516 random_forest.cc:956] Train tree 226/240 accuracy:0.859903 logloss:0.4313 [index:217 total:0.04s tree:0.01s]
I0000 00:00:1770365806.151427   66513 random_forest.cc:956] Train tree 236/240 accuracy:0.858293 logloss:0.431601 [index:226 total:0.04s tree:0.01s]
I0000 00:00:1770365806.152389   66481 random_forest.cc:956] Train tree 240/240 accuracy:0.858293 logloss:0.432201 [index:238 total:0.04s tree:0.01s]
I0000 00:00:1770365806.152846   66464 random_forest.cc:990] random_forest.cc Training block took: 0.0424762 s
I0000 00:00:1770365806.152867   66464 random_forest.cc:1062] After Random Forest Training block. RETURNING EARLY TO SPEED UP XPS!!
-1 (automatic) threads requested. 48 threads set.
Using axis-aligned splits (default behavior)
Using histogram splitting: Random with 256 bins
./bazel-bin/examples/train_oblique_forest --input_mode csv --train_csv "benchmarks/data/cc18_binary_csv/task_167125_Internet-Advertisements/repeat0_fold0_sample0_train.csv" --label_col "class" --feature_split_type "Axis Aligned" --numerical_split_type "Random" --num_trees=240 --num_threads=-1 --compute_oob_performances=true --histogram_num_bins 256


Inferring DataSpec from CSV: benchmarks/data/cc18_binary_csv/task_167125_Internet-Advertisements/repeat0_fold0_sample0_train.csv


WARNING: All log messages before absl::InitializeLog() is called are written to STDERR
I0000 00:00:1770365806.162732   66531 csv_example_reader.cc:212] 0 row(s) processed
I0000 00:00:1770365806.315373   66531 csv_example_reader.cc:216] Stop scanning the csv file to infer the type. Some records were not considered.
I0000 00:00:1770365806.315546   66531 data_spec_inference.cc:457] 1559 column(s) found
I0000 00:00:1770365806.316341   66531 csv_example_reader.cc:303] 0 row(s) processed
I0000 00:00:1770365806.440241   66531 data_spec_inference.cc:494] Finalizing [2951 row(s) found]
I0000 00:00:1770365806.440290   66531 train_oblique_forest.cc:381] Num Candidate Attributes: 2
I0000 00:00:1770365806.440403   66531 abstract_learner.cc:155] No input feature explicitly specified. Using all the available input features.
I0000 00:00:1770365806.440405   66531 abstract_learner.cc:172] The label "class" was removed from the input feature set.
I0000 00:00:1770365806.447799   66531 vertical_dataset_io.cc:82] 100 examples scanned.
I0000 00:00:1770365806.615937   66531 vertical_dataset_io.cc:88] 2951 examples read. Memory: usage:4MB allocated:4MB. 0 (0%) examples have been skipped.
I0000 00:00:1770365806.616200   66531 abstract_learner.cc:155] No input feature explicitly specified. Using all the available input features.
I0000 00:00:1770365806.616241   66531 abstract_learner.cc:172] The label "class" was removed from the input feature set.
I0000 00:00:1770365806.616358   66531 random_forest.cc:465] Training random forest on 2951 example(s) and 1558 feature(s).
I0000 00:00:1770365806.618421   66531 gpu.cc:93] Cannot initialize GPU: Not compiled with GPU support
I0000 00:00:1770365806.618784   66531 random_forest.cc:659] num_threads being used: 48
I0000 00:00:1770365806.645679   66603 random_forest.cc:956] Train tree 1/240 accuracy:0.948718 logloss:1.84839 [index:23 total:0.03s tree:0.03s]
I0000 00:00:1770365806.656035   66611 random_forest.cc:956] Train tree 47/240 accuracy:0.963451 logloss:0.869918 [index:31 total:0.04s tree:0.04s]
I0000 00:00:1770365806.719430   66581 random_forest.cc:956] Train tree 68/240 accuracy:0.976279 logloss:0.22391 [index:68 total:0.10s tree:0.03s]
I0000 00:00:1770365806.796753   66611 random_forest.cc:956] Train tree 101/240 accuracy:0.97899 logloss:0.157314 [index:101 total:0.18s tree:0.03s]
I0000 00:00:1770365806.847472   66592 random_forest.cc:956] Train tree 122/240 accuracy:0.981023 logloss:0.146767 [index:120 total:0.23s tree:0.03s]
I0000 00:00:1770365806.878204   66589 random_forest.cc:956] Train tree 134/240 accuracy:0.980685 logloss:0.135876 [index:133 total:0.26s tree:0.03s]
I0000 00:00:1770365806.940584   66604 random_forest.cc:956] Train tree 160/240 accuracy:0.979668 logloss:0.135085 [index:160 total:0.32s tree:0.03s]
I0000 00:00:1770365807.043566   66625 random_forest.cc:956] Train tree 170/240 accuracy:0.979668 logloss:0.124158 [index:170 total:0.42s tree:0.11s]
I0000 00:00:1770365807.068026   66581 random_forest.cc:956] Train tree 180/240 accuracy:0.980007 logloss:0.124098 [index:180 total:0.45s tree:0.11s]
I0000 00:00:1770365807.070512   66590 random_forest.cc:956] Train tree 218/240 accuracy:0.980007 logloss:0.124153 [index:215 total:0.45s tree:0.03s]
I0000 00:00:1770365807.101311   66590 random_forest.cc:956] Train tree 229/240 accuracy:0.980685 logloss:0.124391 [index:228 total:0.48s tree:0.03s]
I0000 00:00:1770365807.205475   66594 random_forest.cc:956] Train tree 239/240 accuracy:0.980685 logloss:0.124399 [index:235 total:0.59s tree:0.12s]
I0000 00:00:1770365807.208212   66596 random_forest.cc:956] Train tree 240/240 accuracy:0.980685 logloss:0.124422 [index:239 total:0.59s tree:0.11s]
I0000 00:00:1770365807.208429   66531 random_forest.cc:990] random_forest.cc Training block took: 0.592369 s
I0000 00:00:1770365807.208455   66531 random_forest.cc:1062] After Random Forest Training block. RETURNING EARLY TO SPEED UP XPS!!
-1 (automatic) threads requested. 48 threads set.
Using axis-aligned splits (default behavior)
Using histogram splitting: Random with 256 bins
./bazel-bin/examples/train_oblique_forest --input_mode trunk --rows 10000 --feature_split_type "Axis Aligned" --numerical_split_type "Random" --num_trees=240 --num_threads=-1 --compute_oob_performances=true --histogram_num_bins 256
WARNING: All log messages before absl::InitializeLog() is called are written to STDERR
I0000 00:00:1770365807.558872   66631 train_oblique_forest.cc:381] Num Candidate Attributes: 64
I0000 00:00:1770365807.559218   66631 abstract_learner.cc:155] No input feature explicitly specified. Using all the available input features.
I0000 00:00:1770365807.559225   66631 abstract_learner.cc:172] The label "y" was removed from the input feature set.
I0000 00:00:1770365807.559762   66631 random_forest.cc:465] Training random forest on 10000 example(s) and 4096 feature(s).
I0000 00:00:1770365807.620781   66631 gpu.cc:93] Cannot initialize GPU: Not compiled with GPU support
I0000 00:00:1770365807.622097   66631 random_forest.cc:659] num_threads being used: 48
I0000 00:00:1770365809.796334   66681 random_forest.cc:956] Train tree 1/240 accuracy:0.702375 logloss:10.7275 [index:1 total:2.17s tree:2.17s]
I0000 00:00:1770365810.057468   66701 random_forest.cc:956] Train tree 11/240 accuracy:0.752165 logloss:1.93167 [index:20 total:2.44s tree:2.43s]
I0000 00:00:1770365810.150555   66689 random_forest.cc:956] Train tree 21/240 accuracy:0.790758 logloss:0.607586 [index:13 total:2.53s tree:2.53s]
I0000 00:00:1770365810.202311   66708 random_forest.cc:956] Train tree 31/240 accuracy:0.8136 logloss:0.479197 [index:28 total:2.58s tree:2.58s]
I0000 00:00:1770365810.246872   66690 random_forest.cc:956] Train tree 41/240 accuracy:0.8326 logloss:0.483578 [index:9 total:2.62s tree:2.62s]
I0000 00:00:1770365812.219519   66701 random_forest.cc:956] Train tree 51/240 accuracy:0.8503 logloss:0.477833 [index:58 total:4.60s tree:2.16s]
I0000 00:00:1770365812.529960   66698 random_forest.cc:956] Train tree 61/240 accuracy:0.8713 logloss:0.469689 [index:91 total:4.91s tree:2.25s]
I0000 00:00:1770365812.644881   66728 random_forest.cc:956] Train tree 71/240 accuracy:0.883 logloss:0.467434 [index:65 total:5.02s tree:2.52s]
I0000 00:00:1770365812.697233   66705 random_forest.cc:956] Train tree 81/240 accuracy:0.8949 logloss:0.465021 [index:90 total:5.08s tree:2.43s]
I0000 00:00:1770365812.821041   66723 random_forest.cc:956] Train tree 91/240 accuracy:0.9003 logloss:0.467211 [index:73 total:5.20s tree:2.65s]
I0000 00:00:1770365814.554090   66707 random_forest.cc:956] Train tree 101/240 accuracy:0.9077 logloss:0.465556 [index:97 total:6.93s tree:2.58s]
I0000 00:00:1770365815.002841   66697 random_forest.cc:956] Train tree 111/240 accuracy:0.9146 logloss:0.461881 [index:105 total:7.38s tree:2.50s]
I0000 00:00:1770365815.140475   66727 random_forest.cc:956] Train tree 121/240 accuracy:0.9214 logloss:0.459878 [index:139 total:7.52s tree:2.32s]
I0000 00:00:1770365815.229991   66691 random_forest.cc:956] Train tree 131/240 accuracy:0.9232 logloss:0.461577 [index:117 total:7.61s tree:2.61s]
I0000 00:00:1770365815.424928   66694 random_forest.cc:956] Train tree 141/240 accuracy:0.9267 logloss:0.46351 [index:134 total:7.80s tree:2.63s]
I0000 00:00:1770365817.193842   66681 random_forest.cc:956] Train tree 151/240 accuracy:0.9308 logloss:0.461483 [index:153 total:9.57s tree:2.33s]
I0000 00:00:1770365817.561671   66721 random_forest.cc:956] Train tree 161/240 accuracy:0.9323 logloss:0.461267 [index:159 total:9.94s tree:2.55s]
I0000 00:00:1770365817.664974   66709 random_forest.cc:956] Train tree 171/240 accuracy:0.9342 logloss:0.462075 [index:170 total:10.04s tree:2.51s]
I0000 00:00:1770365817.816858   66688 random_forest.cc:956] Train tree 181/240 accuracy:0.9371 logloss:0.462721 [index:179 total:10.19s tree:2.58s]
I0000 00:00:1770365818.084768   66700 random_forest.cc:956] Train tree 191/240 accuracy:0.9389 logloss:0.464289 [index:189 total:10.46s tree:2.65s]
I0000 00:00:1770365819.594414   66689 random_forest.cc:956] Train tree 201/240 accuracy:0.9406 logloss:0.462641 [index:196 total:11.97s tree:2.61s]
I0000 00:00:1770365819.977356   66702 random_forest.cc:956] Train tree 211/240 accuracy:0.9433 logloss:0.461719 [index:212 total:12.36s tree:2.39s]
I0000 00:00:1770365820.163718   66709 random_forest.cc:956] Train tree 221/240 accuracy:0.9442 logloss:0.462252 [index:218 total:12.54s tree:2.50s]
I0000 00:00:1770365820.271728   66706 random_forest.cc:956] Train tree 231/240 accuracy:0.9457 logloss:0.462878 [index:232 total:12.65s tree:2.44s]
I0000 00:00:1770365820.642704   66700 random_forest.cc:956] Train tree 240/240 accuracy:0.9464 logloss:0.463673 [index:238 total:13.02s tree:2.56s]
I0000 00:00:1770365820.643082   66631 random_forest.cc:990] random_forest.cc Training block took: 13.0842 s
I0000 00:00:1770365820.643141   66631 random_forest.cc:1062] After Random Forest Training block. RETURNING EARLY TO SPEED UP XPS!!

Generating trunk synthetic dataset: rows=10000, cols=4096
-1 (automatic) threads requested. 48 threads set.
Using axis-aligned splits (default behavior)
Using histogram splitting: Random with 256 bins
./bazel-bin/examples/train_oblique_forest --input_mode trunk --rows 100000 --feature_split_type "Axis Aligned" --numerical_split_type "Random" --num_trees=240 --num_threads=-1 --compute_oob_performances=true --histogram_num_bins 256
WARNING: All log messages before absl::InitializeLog() is called are written to STDERR
I0000 00:00:1770365824.104547   66779 train_oblique_forest.cc:381] Num Candidate Attributes: 64
I0000 00:00:1770365824.105005   66779 abstract_learner.cc:155] No input feature explicitly specified. Using all the available input features.
I0000 00:00:1770365824.105013   66779 abstract_learner.cc:172] The label "y" was removed from the input feature set.
I0000 00:00:1770365824.105578   66779 random_forest.cc:465] Training random forest on 100000 example(s) and 4096 feature(s).
I0000 00:00:1770365824.766087   66779 gpu.cc:93] Cannot initialize GPU: Not compiled with GPU support
I0000 00:00:1770365824.770566   66779 random_forest.cc:659] num_threads being used: 48
I0000 00:00:1770365843.833539   66855 random_forest.cc:956] Train tree 1/240 accuracy:0.768838 logloss:8.33191 [index:15 total:19.06s tree:19.06s]
I0000 00:00:1770365848.696260   66867 random_forest.cc:956] Train tree 11/240 accuracy:0.777967 logloss:1.69072 [index:18 total:23.93s tree:23.92s]
I0000 00:00:1770365849.446782   66873 random_forest.cc:956] Train tree 21/240 accuracy:0.831028 logloss:0.539168 [index:24 total:24.68s tree:24.67s]
I0000 00:00:1770365850.190473   66893 random_forest.cc:956] Train tree 31/240 accuracy:0.85916 logloss:0.432392 [index:46 total:25.42s tree:25.42s]
I0000 00:00:1770365850.947271   66889 random_forest.cc:956] Train tree 41/240 accuracy:0.88032 logloss:0.423288 [index:41 total:26.18s tree:26.18s]
I0000 00:00:1770365868.682063   66886 random_forest.cc:956] Train tree 49/240 accuracy:0.89245 logloss:0.42087 [index:95 total:43.91s tree:17.19s]
I0000 00:00:1770365872.167922   66861 random_forest.cc:956] Train tree 59/240 accuracy:0.909 logloss:0.409966 [index:53 total:47.40s tree:24.28s]
I0000 00:00:1770365873.489280   66852 random_forest.cc:956] Train tree 69/240 accuracy:0.91937 logloss:0.406051 [index:74 total:48.72s tree:23.60s]
I0000 00:00:1770365874.392194   66853 random_forest.cc:956] Train tree 79/240 accuracy:0.92676 logloss:0.404957 [index:86 total:49.62s tree:23.60s]
I0000 00:00:1770365875.214969   66877 random_forest.cc:956] Train tree 89/240 accuracy:0.93264 logloss:0.406426 [index:80 total:50.44s tree:24.87s]
I0000 00:00:1770365892.374478   66890 random_forest.cc:956] Train tree 97/240 accuracy:0.9353 logloss:0.40649 [index:132 total:1m7.60s tree:17.52s]
I0000 00:00:1770365895.606461   66891 random_forest.cc:956] Train tree 107/240 accuracy:0.9404 logloss:0.402262 [index:104 total:1m10.84s tree:23.63s]
I0000 00:00:1770365897.119985   66869 random_forest.cc:956] Train tree 117/240 accuracy:0.94363 logloss:0.40152 [index:112 total:1m12.35s tree:24.04s]
I0000 00:00:1770365899.086222   66887 random_forest.cc:956] Train tree 127/240 accuracy:0.94634 logloss:0.402274 [index:123 total:1m14.32s tree:25.05s]
I0000 00:00:1770365900.108117   66877 random_forest.cc:956] Train tree 137/240 accuracy:0.94841 logloss:0.403928 [index:136 total:1m15.34s tree:24.89s]
I0000 00:00:1770365914.245943   66851 random_forest.cc:956] Train tree 145/240 accuracy:0.9502 logloss:0.40411 [index:155 total:1m29.48s tree:18.53s]
I0000 00:00:1770365918.958861   66878 random_forest.cc:956] Train tree 155/240 accuracy:0.95225 logloss:0.402482 [index:151 total:1m34.19s tree:24.49s]
I0000 00:00:1770365921.994692   66894 random_forest.cc:956] Train tree 165/240 accuracy:0.95387 logloss:0.402404 [index:156 total:1m37.22s tree:25.83s]
I0000 00:00:1770365923.622537   66889 random_forest.cc:956] Train tree 175/240 accuracy:0.95572 logloss:0.402366 [index:188 total:1m38.85s tree:22.47s]
I0000 00:00:1770365925.271214   66888 random_forest.cc:956] Train tree 185/240 accuracy:0.95656 logloss:0.403155 [index:186 total:1m40.50s tree:24.70s]
I0000 00:00:1770365937.934546   66851 random_forest.cc:956] Train tree 193/240 accuracy:0.95708 logloss:0.404025 [index:192 total:1m53.16s tree:23.69s]
I0000 00:00:1770365943.217556   66861 random_forest.cc:956] Train tree 203/240 accuracy:0.95843 logloss:0.403796 [index:200 total:1m58.45s tree:25.02s]
I0000 00:00:1770365945.485296   66863 random_forest.cc:956] Train tree 213/240 accuracy:0.95941 logloss:0.402861 [index:218 total:2m0.71s tree:22.65s]
I0000 00:00:1770365947.459923   66852 random_forest.cc:956] Train tree 223/240 accuracy:0.96039 logloss:0.403459 [index:224 total:2m2.69s tree:23.69s]
I0000 00:00:1770365949.264503   66877 random_forest.cc:956] Train tree 233/240 accuracy:0.96146 logloss:0.404368 [index:236 total:2m4.49s tree:23.69s]
I0000 00:00:1770365951.823399   66870 random_forest.cc:956] Train tree 240/240 accuracy:0.96177 logloss:0.405099 [index:239 total:2m7.05s tree:23.52s]
I0000 00:00:1770365951.823766   66779 random_forest.cc:990] random_forest.cc Training block took: 127.719 s
I0000 00:00:1770365951.823827   66779 random_forest.cc:1062] After Random Forest Training block. RETURNING EARLY TO SPEED UP XPS!!

Generating trunk synthetic dataset: rows=100000, cols=4096
-1 (automatic) threads requested. 48 threads set.
Using axis-aligned splits (default behavior)
Using histogram splitting: Random with 256 bins
./bazel-bin/examples/train_oblique_forest --input_mode trunk --rows 1000000 --feature_split_type "Axis Aligned" --numerical_split_type "Random" --num_trees=240 --num_threads=-1 --compute_oob_performances=true --histogram_num_bins 256
WARNING: All log messages before absl::InitializeLog() is called are written to STDERR
I0000 00:00:1770365986.124216   67389 train_oblique_forest.cc:381] Num Candidate Attributes: 64
I0000 00:00:1770365986.124647   67389 abstract_learner.cc:155] No input feature explicitly specified. Using all the available input features.
I0000 00:00:1770365986.124655   67389 abstract_learner.cc:172] The label "y" was removed from the input feature set.
I0000 00:00:1770365986.125229   67389 random_forest.cc:465] Training random forest on 1000000 example(s) and 4096 feature(s).
I0000 00:00:1770365994.017389   67389 gpu.cc:93] Cannot initialize GPU: Not compiled with GPU support
I0000 00:00:1770365994.050919   67389 random_forest.cc:659] num_threads being used: 48
I0000 00:00:1770366180.739589   67644 random_forest.cc:956] Train tree 1/240 accuracy:0.799632 logloss:7.222 [index:46 total:3m6.69s tree:3m6.68s]
I0000 00:00:1770366198.081660   67609 random_forest.cc:956] Train tree 2/240 accuracy:0.782538 logloss:6.6761 [index:6 total:3m24.03s tree:3m24.03s]
I0000 00:00:1770366219.326514   67615 random_forest.cc:956] Train tree 4/240 accuracy:0.775877 logloss:5.0722 [index:25 total:3m45.28s tree:3m45.27s]
I0000 00:00:1770366229.535561   67620 random_forest.cc:956] Train tree 9/240 accuracy:0.804644 logloss:2.07255 [index:22 total:3m55.48s tree:3m55.48s]
I0000 00:00:1770366239.876606   67606 random_forest.cc:956] Train tree 17/240 accuracy:0.849183 logloss:0.618217 [index:23 total:4m5.83s tree:4m5.82s]
I0000 00:00:1770366249.877072   67645 random_forest.cc:956] Train tree 25/240 accuracy:0.876791 logloss:0.409425 [index:1 total:4m15.83s tree:4m15.83s]
I0000 00:00:1770366260.013163   67638 random_forest.cc:956] Train tree 33/240 accuracy:0.893704 logloss:0.380559 [index:38 total:4m25.96s tree:4m25.96s]
I0000 00:00:1770366270.576191   67608 random_forest.cc:956] Train tree 41/240 accuracy:0.905912 logloss:0.378907 [index:19 total:4m36.53s tree:4m36.52s]
I0000 00:00:1770366428.179371   67644 random_forest.cc:956] Train tree 49/240 accuracy:0.914929 logloss:0.381146 [index:48 total:7m14.13s tree:4m7.44s]
I0000 00:00:1770366440.068626   67609 random_forest.cc:956] Train tree 50/240 accuracy:0.916165 logloss:0.380954 [index:49 total:7m26.02s tree:4m1.99s]
I0000 00:00:1770366450.508113   67640 random_forest.cc:956] Train tree 53/240 accuracy:0.920234 logloss:0.378464 [index:50 total:7m36.46s tree:4m5.30s]
I0000 00:00:1770366460.649109   67615 random_forest.cc:956] Train tree 56/240 accuracy:0.923484 logloss:0.377231 [index:51 total:7m46.60s tree:4m1.32s]
I0000 00:00:1770366471.508762   67618 random_forest.cc:956] Train tree 58/240 accuracy:0.925424 logloss:0.376359 [index:55 total:7m57.46s tree:4m3.23s]
I0000 00:00:1770366482.283502   67601 random_forest.cc:956] Train tree 64/240 accuracy:0.930607 logloss:0.374731 [index:58 total:8m8.23s tree:4m10.17s]
I0000 00:00:1770366492.848764   67645 random_forest.cc:956] Train tree 72/240 accuracy:0.93618 logloss:0.373701 [index:72 total:8m18.80s tree:4m2.97s]
I0000 00:00:1770366504.374271   67633 random_forest.cc:956] Train tree 80/240 accuracy:0.940289 logloss:0.373585 [index:77 total:8m30.32s tree:4m8.22s]
I0000 00:00:1770366514.817802   67636 random_forest.cc:956] Train tree 88/240 accuracy:0.943975 logloss:0.37269 [index:91 total:8m40.77s tree:4m0.20s]
I0000 00:00:1770366526.326243   67608 random_forest.cc:956] Train tree 95/240 accuracy:0.946299 logloss:0.373488 [index:88 total:8m52.28s tree:4m15.75s]
I0000 00:00:1770366665.518490   67644 random_forest.cc:956] Train tree 97/240 accuracy:0.947054 logloss:0.373508 [index:96 total:11m11.47s tree:3m57.34s]
I0000 00:00:1770366680.702811   67618 random_forest.cc:956] Train tree 100/240 accuracy:0.948525 logloss:0.369772 [index:105 total:11m26.65s tree:3m29.19s]
I0000 00:00:1770366694.775738   67609 random_forest.cc:956] Train tree 103/240 accuracy:0.94952 logloss:0.369467 [index:97 total:11m40.72s tree:4m14.71s]
I0000 00:00:1770366706.271281   67626 random_forest.cc:956] Train tree 106/240 accuracy:0.950277 logloss:0.369715 [index:102 total:11m52.22s tree:4m6.91s]
I0000 00:00:1770366717.347691   67601 random_forest.cc:956] Train tree 113/240 accuracy:0.95224 logloss:0.36807 [index:111 total:12m3.30s tree:3m55.06s]
I0000 00:00:1770366727.651907   67610 random_forest.cc:956] Train tree 115/240 accuracy:0.95263 logloss:0.368161 [index:112 total:12m13.60s tree:4m4.07s]
I0000 00:00:1770366737.811375   67629 random_forest.cc:956] Train tree 120/240 accuracy:0.953813 logloss:0.367751 [index:126 total:12m23.76s tree:3m55.78s]
I0000 00:00:1770366750.046902   67602 random_forest.cc:956] Train tree 128/240 accuracy:0.955392 logloss:0.36822 [index:136 total:12m36.00s tree:3m53.92s]
I0000 00:00:1770366760.548601   67631 random_forest.cc:956] Train tree 136/240 accuracy:0.956808 logloss:0.368016 [index:132 total:12m46.50s tree:4m9.60s]
I0000 00:00:1770366770.797221   67630 random_forest.cc:956] Train tree 142/240 accuracy:0.9579 logloss:0.368416 [index:140 total:12m56.75s tree:4m8.85s]
I0000 00:00:1770366784.214233   67608 random_forest.cc:956] Train tree 144/240 accuracy:0.9583 logloss:0.368783 [index:142 total:13m10.16s tree:4m17.89s]
I0000 00:00:1770366915.272759   67618 random_forest.cc:956] Train tree 145/240 accuracy:0.958439 logloss:0.368635 [index:147 total:15m21.22s tree:3m54.57s]
I0000 00:00:1770366925.991452   67620 random_forest.cc:956] Train tree 150/240 accuracy:0.959007 logloss:0.368874 [index:149 total:15m31.94s tree:4m2.72s]
I0000 00:00:1770366936.330024   67614 random_forest.cc:956] Train tree 152/240 accuracy:0.959304 logloss:0.368696 [index:152 total:15m42.28s tree:3m55.68s]
I0000 00:00:1770366946.456367   67617 random_forest.cc:956] Train tree 156/240 accuracy:0.959782 logloss:0.367647 [index:154 total:15m52.41s tree:3m58.89s]
I0000 00:00:1770366959.648998   67603 random_forest.cc:956] Train tree 159/240 accuracy:0.960117 logloss:0.367613 [index:155 total:16m5.60s tree:4m10.86s]
I0000 00:00:1770366969.823610   67599 random_forest.cc:956] Train tree 163/240 accuracy:0.960557 logloss:0.36742 [index:161 total:16m15.77s tree:4m3.51s]
I0000 00:00:1770366980.097451   67610 random_forest.cc:956] Train tree 168/240 accuracy:0.961161 logloss:0.367475 [index:162 total:16m26.05s tree:4m12.45s]
I0000 00:00:1770366991.303930   67613 random_forest.cc:956] Train tree 175/240 accuracy:0.961831 logloss:0.367238 [index:170 total:16m37.25s tree:4m9.37s]
I0000 00:00:1770367002.503846   67611 random_forest.cc:956] Train tree 182/240 accuracy:0.962477 logloss:0.367734 [index:176 total:16m48.45s tree:4m11.20s]
I0000 00:00:1770367013.250591   67607 random_forest.cc:956] Train tree 188/240 accuracy:0.963067 logloss:0.367831 [index:188 total:16m59.20s tree:4m5.89s]
I0000 00:00:1770367032.604253   67608 random_forest.cc:956] Train tree 192/240 accuracy:0.963405 logloss:0.368155 [index:191 total:17m18.55s tree:4m8.39s]
I0000 00:00:1770367166.488272   67617 random_forest.cc:956] Train tree 193/240 accuracy:0.96347 logloss:0.367849 [index:203 total:19m32.44s tree:3m40.03s]
I0000 00:00:1770367178.136538   67620 random_forest.cc:956] Train tree 199/240 accuracy:0.964071 logloss:0.368375 [index:197 total:19m44.09s tree:4m12.15s]
I0000 00:00:1770367190.469923   67622 random_forest.cc:956] Train tree 204/240 accuracy:0.964326 logloss:0.3684 [index:200 total:19m56.42s tree:4m9.39s]
I0000 00:00:1770367211.464828   67600 random_forest.cc:956] Train tree 210/240 accuracy:0.964703 logloss:0.36798 [index:211 total:20m17.41s tree:4m0.33s]
I0000 00:00:1770367224.198476   67623 random_forest.cc:956] Train tree 218/240 accuracy:0.965347 logloss:0.367931 [index:225 total:20m30.15s tree:3m48.26s]
I0000 00:00:1770367236.186095   67605 random_forest.cc:956] Train tree 225/240 accuracy:0.965741 logloss:0.368235 [index:221 total:20m42.14s tree:4m6.22s]
I0000 00:00:1770367247.193077   67616 random_forest.cc:956] Train tree 234/240 accuracy:0.966265 logloss:0.368632 [index:234 total:20m53.14s tree:3m55.78s]
I0000 00:00:1770367257.669119   67637 random_forest.cc:956] Train tree 238/240 accuracy:0.966538 logloss:0.368823 [index:238 total:21m3.62s tree:3m55.79s]
I0000 00:00:1770367265.333542   67608 random_forest.cc:956] Train tree 240/240 accuracy:0.966582 logloss:0.368923 [index:239 total:21m11.28s tree:3m52.73s]
I0000 00:00:1770367265.334155   67389 random_forest.cc:990] random_forest.cc Training block took: 1279.21 s
I0000 00:00:1770367265.334201   67389 random_forest.cc:1062] After Random Forest Training block. RETURNING EARLY TO SPEED UP XPS!!

Generating trunk synthetic dataset: rows=1000000, cols=4096
-1 (automatic) threads requested. 48 threads set.
Using axis-aligned splits (default behavior)
Using histogram splitting: Random with 256 bins


======== No vectorizable Oblique methods selected; skipping vectorized experiments ========

