

======== NORMAL EXPERIMENTS (no explicit vector ISA) histogram_num_bins=256 ========



======== Running Exact ========

./bazel-bin/examples/train_oblique_forest --input_mode csv --train_csv "benchmarks/data/HIGGS_with_header.csv" --label_col "class" --numerical_split_type "Exact" --num_trees 240 --num_threads -1 


Inferring DataSpec from CSV: benchmarks/data/HIGGS_with_header.csv


WARNING: All log messages before absl::InitializeLog() is called are written to STDERR
I0000 00:00:1770168135.542167   13678 csv_example_reader.cc:212] 0 row(s) processed
I0000 00:00:1770168135.551489   13678 csv_example_reader.cc:216] Stop scanning the csv file to infer the type. Some records were not considered.
I0000 00:00:1770168135.551504   13678 data_spec_inference.cc:457] 29 column(s) found
I0000 00:00:1770168135.551519   13678 csv_example_reader.cc:303] 0 row(s) processed
I0000 00:00:1770168165.551616   13678 csv_example_reader.cc:303] 8327265 row(s) processed
I0000 00:00:1770168175.285949   13678 data_spec_inference.cc:494] Finalizing [11000000 row(s) found]
I0000 00:00:1770168175.286041   13678 abstract_learner.cc:155] No input feature explicitly specified. Using all the available input features.
I0000 00:00:1770168175.286044   13678 abstract_learner.cc:172] The label "class" was removed from the input feature set.
I0000 00:00:1770168175.286590   13678 vertical_dataset_io.cc:82] 100 examples scanned.
I0000 00:00:1770168205.287055   13678 vertical_dataset_io.cc:82] 7808900 examples scanned.
I0000 00:00:1770168218.408754   13678 vertical_dataset_io.cc:88] 11000000 examples read. Memory: usage:1276MB allocated:1276MB. 0 (0%) examples have been skipped.
I0000 00:00:1770168218.408828   13678 abstract_learner.cc:155] No input feature explicitly specified. Using all the available input features.
I0000 00:00:1770168218.408834   13678 abstract_learner.cc:172] The label "class" was removed from the input feature set.
I0000 00:00:1770168218.408854   13678 random_forest.cc:465] Training random forest on 11000000 example(s) and 28 feature(s).
I0000 00:00:1770168218.408865   13678 gpu.cc:93] Cannot initialize GPU: Not compiled with GPU support
I0000 00:00:1770168218.409113   13678 random_forest.cc:659] num_threads being used: 48
I0000 00:00:1770168339.879650   14021 random_forest.cc:981] Train tree 1/240 [index:21 total:2m1.47s tree:2m1.47s]
I0000 00:00:1770168463.532660   14025 random_forest.cc:981] Train tree 49/240 [index:51 total:4m5.12s tree:2m2.67s]
I0000 00:00:1770168484.374149   14047 random_forest.cc:981] Train tree 94/240 [index:95 total:4m25.97s tree:2m7.35s]
I0000 00:00:1770168585.889770   14006 random_forest.cc:981] Train tree 97/240 [index:102 total:6m7.48s tree:1m58.67s]
I0000 00:00:1770168606.575028   14040 random_forest.cc:981] Train tree 135/240 [index:125 total:6m28.17s tree:2m11.21s]
I0000 00:00:1770168709.315691   14006 random_forest.cc:981] Train tree 145/240 [index:144 total:8m10.91s tree:2m3.42s]
I0000 00:00:1770168729.672965   14022 random_forest.cc:981] Train tree 176/240 [index:175 total:8m31.26s tree:2m6.14s]
I0000 00:00:1770168750.473872   14041 random_forest.cc:981] Train tree 191/240 [index:191 total:8m52.06s tree:2m9.18s]
I0000 00:00:1770168840.974380   14006 random_forest.cc:981] Train tree 193/240 [index:192 total:10m22.57s tree:2m11.66s]
I0000 00:00:1770168861.239768   14019 random_forest.cc:981] Train tree 232/240 [index:229 total:10m42.83s tree:2m8.20s]
I0000 00:00:1770168882.067213   14028 random_forest.cc:981] Train tree 240/240 [index:239 total:11m3.66s tree:2m1.58s]
I0000 00:00:1770168882.068865   13678 random_forest.cc:990] random_forest.cc Training block took: 663.66 s
I0000 00:00:1770168882.068902   13678 random_forest.cc:1062] After Random Forest Training block. RETURNING EARLY TO SPEED UP XPS!!
-1 (automatic) threads requested. 48 threads set.
Configuring oblique splits
Using exact splitting
./bazel-bin/examples/train_oblique_forest --input_mode csv --train_csv "benchmarks/data/SUSY_with_header.csv" --label_col "class" --numerical_split_type "Exact" --num_trees 240 --num_threads -1 


Inferring DataSpec from CSV: benchmarks/data/SUSY_with_header.csv


WARNING: All log messages before absl::InitializeLog() is called are written to STDERR
I0000 00:00:1770168889.542528   16592 csv_example_reader.cc:212] 0 row(s) processed
I0000 00:00:1770168889.548412   16592 csv_example_reader.cc:216] Stop scanning the csv file to infer the type. Some records were not considered.
I0000 00:00:1770168889.548430   16592 data_spec_inference.cc:457] 19 column(s) found
I0000 00:00:1770168889.548442   16592 csv_example_reader.cc:303] 0 row(s) processed
I0000 00:00:1770168906.775188   16592 data_spec_inference.cc:494] Finalizing [5000000 row(s) found]
I0000 00:00:1770168906.775312   16592 abstract_learner.cc:155] No input feature explicitly specified. Using all the available input features.
I0000 00:00:1770168906.775315   16592 abstract_learner.cc:172] The label "class" was removed from the input feature set.
I0000 00:00:1770168906.775740   16592 vertical_dataset_io.cc:82] 100 examples scanned.
I0000 00:00:1770168919.543978   16592 vertical_dataset_io.cc:88] 5000000 examples read. Memory: usage:380MB allocated:380MB. 0 (0%) examples have been skipped.
I0000 00:00:1770168919.544055   16592 abstract_learner.cc:155] No input feature explicitly specified. Using all the available input features.
I0000 00:00:1770168919.544060   16592 abstract_learner.cc:172] The label "class" was removed from the input feature set.
I0000 00:00:1770168919.544080   16592 random_forest.cc:465] Training random forest on 5000000 example(s) and 18 feature(s).
I0000 00:00:1770168919.544089   16592 gpu.cc:93] Cannot initialize GPU: Not compiled with GPU support
I0000 00:00:1770168919.544339   16592 random_forest.cc:659] num_threads being used: 48
I0000 00:00:1770168961.707675   16724 random_forest.cc:981] Train tree 1/240 [index:18 total:42.16s tree:42.16s]
I0000 00:00:1770169006.885842   16733 random_forest.cc:981] Train tree 49/240 [index:75 total:1m27.34s tree:38.67s]
I0000 00:00:1770169056.531324   16733 random_forest.cc:981] Train tree 98/240 [index:96 total:2m16.99s tree:49.65s]
I0000 00:00:1770169105.497794   16733 random_forest.cc:981] Train tree 146/240 [index:145 total:3m5.95s tree:48.97s]
I0000 00:00:1770169151.421489   16749 random_forest.cc:981] Train tree 194/240 [index:195 total:3m51.88s tree:45.67s]
I0000 00:00:1770169165.033487   16592 random_forest.cc:990] random_forest.cc Training block took: 245.489 s
I0000 00:00:1770169165.033533   16592 random_forest.cc:1062] After Random Forest Training block. RETURNING EARLY TO SPEED UP XPS!!
-1 (automatic) threads requested. 48 threads set.
Configuring oblique splits
Using exact splitting
./bazel-bin/examples/train_oblique_forest --input_mode csv --train_csv "benchmarks/data/cc18_binary_csv/task_14965_bank-marketing/repeat0_fold0_sample0_train.csv" --label_col "Class" --numerical_split_type "Exact" --num_trees 240 --num_threads -1 


Inferring DataSpec from CSV: benchmarks/data/cc18_binary_csv/task_14965_bank-marketing/repeat0_fold0_sample0_train.csv


WARNING: All log messages before absl::InitializeLog() is called are written to STDERR
I0000 00:00:1770169167.978959   17743 csv_example_reader.cc:212] 0 row(s) processed
I0000 00:00:1770169167.981774   17743 csv_example_reader.cc:216] Stop scanning the csv file to infer the type. Some records were not considered.
I0000 00:00:1770169167.981788   17743 data_spec_inference.cc:457] 17 column(s) found
I0000 00:00:1770169167.981798   17743 csv_example_reader.cc:303] 0 row(s) processed
I0000 00:00:1770169168.022891   17743 data_spec_inference.cc:494] Finalizing [40689 row(s) found]
I0000 00:00:1770169168.022972   17743 abstract_learner.cc:155] No input feature explicitly specified. Using all the available input features.
I0000 00:00:1770169168.022975   17743 abstract_learner.cc:172] The label "Class" was removed from the input feature set.
I0000 00:00:1770169168.023273   17743 vertical_dataset_io.cc:82] 100 examples scanned.
I0000 00:00:1770169168.062607   17743 vertical_dataset_io.cc:88] 40689 examples read. Memory: usage:2MB allocated:2MB. 0 (0%) examples have been skipped.
I0000 00:00:1770169168.062645   17743 abstract_learner.cc:155] No input feature explicitly specified. Using all the available input features.
I0000 00:00:1770169168.062651   17743 abstract_learner.cc:172] The label "Class" was removed from the input feature set.
I0000 00:00:1770169168.062669   17743 random_forest.cc:465] Training random forest on 40689 example(s) and 16 feature(s).
I0000 00:00:1770169168.062678   17743 gpu.cc:93] Cannot initialize GPU: Not compiled with GPU support
I0000 00:00:1770169168.062883   17743 random_forest.cc:659] num_threads being used: 48
I0000 00:00:1770169168.135717   17761 random_forest.cc:981] Train tree 1/240 [index:26 total:0.07s tree:0.07s]
I0000 00:00:1770169168.469675   17743 random_forest.cc:990] random_forest.cc Training block took: 0.407059 s
I0000 00:00:1770169168.469716   17743 random_forest.cc:1062] After Random Forest Training block. RETURNING EARLY TO SPEED UP XPS!!
-1 (automatic) threads requested. 48 threads set.
Configuring oblique splits
Using exact splitting
./bazel-bin/examples/train_oblique_forest --input_mode csv --train_csv "benchmarks/data/cc18_binary_csv/task_14952_PhishingWebsites/repeat0_fold0_sample0_train.csv" --label_col "Result" --numerical_split_type "Exact" --num_trees 240 --num_threads -1 


Inferring DataSpec from CSV: benchmarks/data/cc18_binary_csv/task_14952_PhishingWebsites/repeat0_fold0_sample0_train.csv


WARNING: All log messages before absl::InitializeLog() is called are written to STDERR
I0000 00:00:1770169168.497458   17795 csv_example_reader.cc:212] 0 row(s) processed
I0000 00:00:1770169168.501561   17795 csv_example_reader.cc:216] Stop scanning the csv file to infer the type. Some records were not considered.
I0000 00:00:1770169168.501576   17795 data_spec_inference.cc:457] 31 column(s) found
I0000 00:00:1770169168.501588   17795 csv_example_reader.cc:303] 0 row(s) processed
I0000 00:00:1770169168.514622   17795 data_spec_inference.cc:494] Finalizing [9949 row(s) found]
I0000 00:00:1770169168.514687   17795 abstract_learner.cc:155] No input feature explicitly specified. Using all the available input features.
I0000 00:00:1770169168.514689   17795 abstract_learner.cc:172] The label "Result" was removed from the input feature set.
I0000 00:00:1770169168.515010   17795 vertical_dataset_io.cc:82] 100 examples scanned.
I0000 00:00:1770169168.529655   17795 vertical_dataset_io.cc:88] 9949 examples read. Memory: usage:1MB allocated:1MB. 0 (0%) examples have been skipped.
I0000 00:00:1770169168.529690   17795 abstract_learner.cc:155] No input feature explicitly specified. Using all the available input features.
I0000 00:00:1770169168.529694   17795 abstract_learner.cc:172] The label "Result" was removed from the input feature set.
I0000 00:00:1770169168.529706   17795 random_forest.cc:465] Training random forest on 9949 example(s) and 30 feature(s).
I0000 00:00:1770169168.529714   17795 gpu.cc:93] Cannot initialize GPU: Not compiled with GPU support
I0000 00:00:1770169168.529915   17795 random_forest.cc:659] num_threads being used: 48
I0000 00:00:1770169168.540782   17844 random_forest.cc:981] Train tree 1/240 [index:0 total:0.01s tree:0.01s]
I0000 00:00:1770169168.597143   17795 random_forest.cc:990] random_forest.cc Training block took: 0.0674846 s
I0000 00:00:1770169168.597179   17795 random_forest.cc:1062] After Random Forest Training block. RETURNING EARLY TO SPEED UP XPS!!
-1 (automatic) threads requested. 48 threads set.
Configuring oblique splits
Using exact splitting
./bazel-bin/examples/train_oblique_forest --input_mode csv --train_csv "benchmarks/data/cc18_binary_csv/task_29_credit-approval/repeat0_fold0_sample0_train.csv" --label_col "class" --numerical_split_type "Exact" --num_trees 240 --num_threads -1 


Inferring DataSpec from CSV: benchmarks/data/cc18_binary_csv/task_29_credit-approval/repeat0_fold0_sample0_train.csv


WARNING: All log messages before absl::InitializeLog() is called are written to STDERR
I0000 00:00:1770169168.610398   17847 csv_example_reader.cc:212] 0 row(s) processed
I0000 00:00:1770169168.611954   17847 data_spec_inference.cc:457] 16 column(s) found
I0000 00:00:1770169168.611965   17847 csv_example_reader.cc:303] 0 row(s) processed
I0000 00:00:1770169168.612640   17847 data_spec_inference.cc:354] 1 item(s) have been pruned (i.e. they are considered out of dictionary) for the column A4 (2 item(s) left) because min_value_count=5 and max_number_of_unique_values=2000
I0000 00:00:1770169168.612645   17847 data_spec_inference.cc:354] 1 item(s) have been pruned (i.e. they are considered out of dictionary) for the column A5 (2 item(s) left) because min_value_count=5 and max_number_of_unique_values=2000
I0000 00:00:1770169168.612649   17847 data_spec_inference.cc:354] 1 item(s) have been pruned (i.e. they are considered out of dictionary) for the column A6 (13 item(s) left) because min_value_count=5 and max_number_of_unique_values=2000
I0000 00:00:1770169168.612655   17847 data_spec_inference.cc:354] 2 item(s) have been pruned (i.e. they are considered out of dictionary) for the column A7 (7 item(s) left) because min_value_count=5 and max_number_of_unique_values=2000
I0000 00:00:1770169168.612666   17847 data_spec_inference.cc:494] Finalizing [621 row(s) found]
I0000 00:00:1770169168.612722   17847 abstract_learner.cc:155] No input feature explicitly specified. Using all the available input features.
I0000 00:00:1770169168.612725   17847 abstract_learner.cc:172] The label "class" was removed from the input feature set.
I0000 00:00:1770169168.613018   17847 vertical_dataset_io.cc:82] 100 examples scanned.
I0000 00:00:1770169168.613540   17847 vertical_dataset_io.cc:88] 621 examples read. Memory: usage:0MB allocated:0MB. 0 (0%) examples have been skipped.
I0000 00:00:1770169168.613564   17847 abstract_learner.cc:155] No input feature explicitly specified. Using all the available input features.
I0000 00:00:1770169168.613568   17847 abstract_learner.cc:172] The label "class" was removed from the input feature set.
I0000 00:00:1770169168.613581   17847 random_forest.cc:465] Training random forest on 621 example(s) and 15 feature(s).
I0000 00:00:1770169168.613587   17847 gpu.cc:93] Cannot initialize GPU: Not compiled with GPU support
I0000 00:00:1770169168.613797   17847 random_forest.cc:659] num_threads being used: 48
I0000 00:00:1770169168.615760   17852 random_forest.cc:981] Train tree 1/240 [index:2 total:0.00s tree:0.00s]
I0000 00:00:1770169168.621088   17847 random_forest.cc:990] random_forest.cc Training block took: 0.00754073 s
I0000 00:00:1770169168.621108   17847 random_forest.cc:1062] After Random Forest Training block. RETURNING EARLY TO SPEED UP XPS!!
-1 (automatic) threads requested. 48 threads set.
Configuring oblique splits
Using exact splitting
./bazel-bin/examples/train_oblique_forest --input_mode csv --train_csv "benchmarks/data/cc18_binary_csv/task_167125_Internet-Advertisements/repeat0_fold0_sample0_train.csv" --label_col "class" --numerical_split_type "Exact" --num_trees 240 --num_threads -1 


Inferring DataSpec from CSV: benchmarks/data/cc18_binary_csv/task_167125_Internet-Advertisements/repeat0_fold0_sample0_train.csv


WARNING: All log messages before absl::InitializeLog() is called are written to STDERR
I0000 00:00:1770169168.632493   17899 csv_example_reader.cc:212] 0 row(s) processed
I0000 00:00:1770169168.774178   17899 csv_example_reader.cc:216] Stop scanning the csv file to infer the type. Some records were not considered.
I0000 00:00:1770169168.774362   17899 data_spec_inference.cc:457] 1559 column(s) found
I0000 00:00:1770169168.775205   17899 csv_example_reader.cc:303] 0 row(s) processed
I0000 00:00:1770169168.901863   17899 data_spec_inference.cc:494] Finalizing [2951 row(s) found]
I0000 00:00:1770169168.902023   17899 abstract_learner.cc:155] No input feature explicitly specified. Using all the available input features.
I0000 00:00:1770169168.902026   17899 abstract_learner.cc:172] The label "class" was removed from the input feature set.
I0000 00:00:1770169168.909277   17899 vertical_dataset_io.cc:82] 100 examples scanned.
I0000 00:00:1770169169.071697   17899 vertical_dataset_io.cc:88] 2951 examples read. Memory: usage:4MB allocated:4MB. 0 (0%) examples have been skipped.
I0000 00:00:1770169169.072054   17899 abstract_learner.cc:155] No input feature explicitly specified. Using all the available input features.
I0000 00:00:1770169169.072096   17899 abstract_learner.cc:172] The label "class" was removed from the input feature set.
I0000 00:00:1770169169.072235   17899 random_forest.cc:465] Training random forest on 2951 example(s) and 1558 feature(s).
I0000 00:00:1770169169.072280   17899 gpu.cc:93] Cannot initialize GPU: Not compiled with GPU support
I0000 00:00:1770169169.072556   17899 random_forest.cc:659] num_threads being used: 48
I0000 00:00:1770169169.096643   17901 random_forest.cc:981] Train tree 1/240 [index:1 total:0.02s tree:0.02s]
I0000 00:00:1770169169.284050   17899 random_forest.cc:990] random_forest.cc Training block took: 0.212213 s
I0000 00:00:1770169169.284075   17899 random_forest.cc:1062] After Random Forest Training block. RETURNING EARLY TO SPEED UP XPS!!
-1 (automatic) threads requested. 48 threads set.
Configuring oblique splits
Using exact splitting
./bazel-bin/examples/train_oblique_forest --input_mode trunk --rows 10000 --numerical_split_type "Exact" --num_trees 240 --num_threads -1 
WARNING: All log messages before absl::InitializeLog() is called are written to STDERR
I0000 00:00:1770169169.637585   17951 abstract_learner.cc:155] No input feature explicitly specified. Using all the available input features.
I0000 00:00:1770169169.637606   17951 abstract_learner.cc:172] The label "y" was removed from the input feature set.
I0000 00:00:1770169169.638264   17951 random_forest.cc:465] Training random forest on 10000 example(s) and 4096 feature(s).
I0000 00:00:1770169169.638424   17951 gpu.cc:93] Cannot initialize GPU: Not compiled with GPU support
I0000 00:00:1770169169.639311   17951 random_forest.cc:659] num_threads being used: 48
I0000 00:00:1770169170.040401   17965 random_forest.cc:981] Train tree 1/240 [index:20 total:0.40s tree:0.40s]
I0000 00:00:1770169171.890761   17951 random_forest.cc:990] random_forest.cc Training block took: 2.25352 s
I0000 00:00:1770169171.890813   17951 random_forest.cc:1062] After Random Forest Training block. RETURNING EARLY TO SPEED UP XPS!!

Generating trunk synthetic dataset: rows=10000, cols=4096
-1 (automatic) threads requested. 48 threads set.
Configuring oblique splits
Using exact splitting
./bazel-bin/examples/train_oblique_forest --input_mode trunk --rows 100000 --numerical_split_type "Exact" --num_trees 240 --num_threads -1 
WARNING: All log messages before absl::InitializeLog() is called are written to STDERR
I0000 00:00:1770169175.339168   18011 abstract_learner.cc:155] No input feature explicitly specified. Using all the available input features.
I0000 00:00:1770169175.339202   18011 abstract_learner.cc:172] The label "y" was removed from the input feature set.
I0000 00:00:1770169175.339784   18011 random_forest.cc:465] Training random forest on 100000 example(s) and 4096 feature(s).
I0000 00:00:1770169175.339987   18011 gpu.cc:93] Cannot initialize GPU: Not compiled with GPU support
I0000 00:00:1770169175.340927   18011 random_forest.cc:659] num_threads being used: 48
I0000 00:00:1770169181.260367   18057 random_forest.cc:981] Train tree 1/240 [index:34 total:5.92s tree:5.91s]
I0000 00:00:1770169205.475667   18066 random_forest.cc:981] Train tree 193/240 [index:193 total:30.13s tree:6.07s]
I0000 00:00:1770169206.749380   18011 random_forest.cc:990] random_forest.cc Training block took: 31.4106 s
I0000 00:00:1770169206.749436   18011 random_forest.cc:1062] After Random Forest Training block. RETURNING EARLY TO SPEED UP XPS!!

Generating trunk synthetic dataset: rows=100000, cols=4096
-1 (automatic) threads requested. 48 threads set.
Configuring oblique splits
Using exact splitting
./bazel-bin/examples/train_oblique_forest --input_mode trunk --rows 1000000 --numerical_split_type "Exact" --num_trees 240 --num_threads -1 
WARNING: All log messages before absl::InitializeLog() is called are written to STDERR
I0000 00:00:1770169241.043655   18200 abstract_learner.cc:155] No input feature explicitly specified. Using all the available input features.
I0000 00:00:1770169241.043686   18200 abstract_learner.cc:172] The label "y" was removed from the input feature set.
I0000 00:00:1770169241.044271   18200 random_forest.cc:465] Training random forest on 1000000 example(s) and 4096 feature(s).
I0000 00:00:1770169241.044477   18200 gpu.cc:93] Cannot initialize GPU: Not compiled with GPU support
I0000 00:00:1770169241.045489   18200 random_forest.cc:659] num_threads being used: 48
I0000 00:00:1770169319.240855   18361 random_forest.cc:981] Train tree 1/240 [index:30 total:1m18.20s tree:1m18.19s]
I0000 00:00:1770169397.127049   18358 random_forest.cc:981] Train tree 49/240 [index:73 total:2m36.08s tree:1m16.16s]
I0000 00:00:1770169476.641356   18358 random_forest.cc:981] Train tree 97/240 [index:96 total:3m55.60s tree:1m19.51s]
I0000 00:00:1770169555.625355   18358 random_forest.cc:981] Train tree 145/240 [index:144 total:5m14.58s tree:1m18.98s]
I0000 00:00:1770169637.344152   18358 random_forest.cc:981] Train tree 193/240 [index:192 total:6m36.30s tree:1m21.72s]
I0000 00:00:1770169649.605316   18200 random_forest.cc:990] random_forest.cc Training block took: 408.562 s
I0000 00:00:1770169649.605372   18200 random_forest.cc:1062] After Random Forest Training block. RETURNING EARLY TO SPEED UP XPS!!

Generating trunk synthetic dataset: rows=1000000, cols=4096
-1 (automatic) threads requested. 48 threads set.
Configuring oblique splits
Using exact splitting


======== Running Random with 256 bins ========

./bazel-bin/examples/train_oblique_forest --input_mode csv --train_csv "benchmarks/data/HIGGS_with_header.csv" --label_col "class" --numerical_split_type "Random" --num_trees 240 --num_threads -1 --histogram_num_bins 256


Inferring DataSpec from CSV: benchmarks/data/HIGGS_with_header.csv


WARNING: All log messages before absl::InitializeLog() is called are written to STDERR
I0000 00:00:1770169650.410144   19934 csv_example_reader.cc:212] 0 row(s) processed
I0000 00:00:1770169650.420641   19934 csv_example_reader.cc:216] Stop scanning the csv file to infer the type. Some records were not considered.
I0000 00:00:1770169650.420662   19934 data_spec_inference.cc:457] 29 column(s) found
I0000 00:00:1770169650.420679   19934 csv_example_reader.cc:303] 0 row(s) processed
I0000 00:00:1770169680.420798   19934 csv_example_reader.cc:303] 8357678 row(s) processed
I0000 00:00:1770169689.885541   19934 data_spec_inference.cc:494] Finalizing [11000000 row(s) found]
I0000 00:00:1770169689.885635   19934 abstract_learner.cc:155] No input feature explicitly specified. Using all the available input features.
I0000 00:00:1770169689.885638   19934 abstract_learner.cc:172] The label "class" was removed from the input feature set.
I0000 00:00:1770169689.886186   19934 vertical_dataset_io.cc:82] 100 examples scanned.
I0000 00:00:1770169719.886387   19934 vertical_dataset_io.cc:82] 7805200 examples scanned.
I0000 00:00:1770169733.004110   19934 vertical_dataset_io.cc:88] 11000000 examples read. Memory: usage:1276MB allocated:1276MB. 0 (0%) examples have been skipped.
I0000 00:00:1770169733.004191   19934 abstract_learner.cc:155] No input feature explicitly specified. Using all the available input features.
I0000 00:00:1770169733.004196   19934 abstract_learner.cc:172] The label "class" was removed from the input feature set.
I0000 00:00:1770169733.004215   19934 random_forest.cc:465] Training random forest on 11000000 example(s) and 28 feature(s).
I0000 00:00:1770169733.004225   19934 gpu.cc:93] Cannot initialize GPU: Not compiled with GPU support
I0000 00:00:1770169733.004473   19934 random_forest.cc:659] num_threads being used: 48
I0000 00:00:1770170066.877573   20264 random_forest.cc:981] Train tree 1/240 [index:16 total:5m33.87s tree:5m33.87s]
I0000 00:00:1770170086.955314   20289 random_forest.cc:981] Train tree 23/240 [index:36 total:5m53.95s tree:5m53.95s]
I0000 00:00:1770170419.770154   20264 random_forest.cc:981] Train tree 49/240 [index:48 total:11m26.77s tree:5m52.89s]
I0000 00:00:1770170440.023703   20280 random_forest.cc:981] Train tree 64/240 [index:54 total:11m47.02s tree:5m55.23s]
I0000 00:00:1770170769.233966   20275 random_forest.cc:981] Train tree 97/240 [index:140 total:17m16.23s tree:5m23.20s]
I0000 00:00:1770170790.447734   20288 random_forest.cc:981] Train tree 99/240 [index:99 total:17m37.44s tree:5m54.88s]
I0000 00:00:1770171124.298543   20275 random_forest.cc:981] Train tree 145/240 [index:144 total:23m11.29s tree:5m55.06s]
I0000 00:00:1770171144.700328   20296 random_forest.cc:981] Train tree 150/240 [index:149 total:23m31.70s tree:5m53.44s]
I0000 00:00:1770171478.969120   20275 random_forest.cc:981] Train tree 193/240 [index:192 total:29m5.96s tree:5m54.67s]
I0000 00:00:1770171499.570964   20298 random_forest.cc:981] Train tree 200/240 [index:201 total:29m26.57s tree:5m53.57s]
I0000 00:00:1770171515.167260   19934 random_forest.cc:990] random_forest.cc Training block took: 1782.16 s
I0000 00:00:1770171515.167299   19934 random_forest.cc:1062] After Random Forest Training block. RETURNING EARLY TO SPEED UP XPS!!
-1 (automatic) threads requested. 48 threads set.
Configuring oblique splits
Using histogram splitting: Random with 256 bins
./bazel-bin/examples/train_oblique_forest --input_mode csv --train_csv "benchmarks/data/SUSY_with_header.csv" --label_col "class" --numerical_split_type "Random" --num_trees 240 --num_threads -1 --histogram_num_bins 256


Inferring DataSpec from CSV: benchmarks/data/SUSY_with_header.csv


WARNING: All log messages before absl::InitializeLog() is called are written to STDERR
I0000 00:00:1770171523.001874   27105 csv_example_reader.cc:212] 0 row(s) processed
I0000 00:00:1770171523.007145   27105 csv_example_reader.cc:216] Stop scanning the csv file to infer the type. Some records were not considered.
I0000 00:00:1770171523.007163   27105 data_spec_inference.cc:457] 19 column(s) found
I0000 00:00:1770171523.007173   27105 csv_example_reader.cc:303] 0 row(s) processed
I0000 00:00:1770171534.938395   27105 data_spec_inference.cc:494] Finalizing [5000000 row(s) found]
I0000 00:00:1770171534.938488   27105 abstract_learner.cc:155] No input feature explicitly specified. Using all the available input features.
I0000 00:00:1770171534.938491   27105 abstract_learner.cc:172] The label "class" was removed from the input feature set.
I0000 00:00:1770171534.938903   27105 vertical_dataset_io.cc:82] 100 examples scanned.
I0000 00:00:1770171547.754402   27105 vertical_dataset_io.cc:88] 5000000 examples read. Memory: usage:380MB allocated:380MB. 0 (0%) examples have been skipped.
I0000 00:00:1770171547.754493   27105 abstract_learner.cc:155] No input feature explicitly specified. Using all the available input features.
I0000 00:00:1770171547.754498   27105 abstract_learner.cc:172] The label "class" was removed from the input feature set.
I0000 00:00:1770171547.754515   27105 random_forest.cc:465] Training random forest on 5000000 example(s) and 18 feature(s).
I0000 00:00:1770171547.754524   27105 gpu.cc:93] Cannot initialize GPU: Not compiled with GPU support
I0000 00:00:1770171547.754770   27105 random_forest.cc:659] num_threads being used: 48
I0000 00:00:1770171653.075113   27241 random_forest.cc:981] Train tree 1/240 [index:11 total:1m45.32s tree:1m45.32s]
I0000 00:00:1770171773.411329   27241 random_forest.cc:981] Train tree 49/240 [index:48 total:3m45.66s tree:2m0.34s]
I0000 00:00:1770171893.621038   27241 random_forest.cc:981] Train tree 98/240 [index:96 total:5m45.87s tree:2m0.21s]
I0000 00:00:1770172014.321464   27241 random_forest.cc:981] Train tree 146/240 [index:145 total:7m46.57s tree:2m0.70s]
I0000 00:00:1770172131.538956   27231 random_forest.cc:981] Train tree 194/240 [index:197 total:9m43.78s tree:1m44.42s]
I0000 00:00:1770172151.563072   27237 random_forest.cc:981] Train tree 239/240 [index:237 total:10m3.81s tree:1m59.97s]
I0000 00:00:1770172152.070014   27105 random_forest.cc:990] random_forest.cc Training block took: 604.316 s
I0000 00:00:1770172152.070048   27105 random_forest.cc:1062] After Random Forest Training block. RETURNING EARLY TO SPEED UP XPS!!
-1 (automatic) threads requested. 48 threads set.
Configuring oblique splits
Using histogram splitting: Random with 256 bins
./bazel-bin/examples/train_oblique_forest --input_mode csv --train_csv "benchmarks/data/cc18_binary_csv/task_14965_bank-marketing/repeat0_fold0_sample0_train.csv" --label_col "Class" --numerical_split_type "Random" --num_trees 240 --num_threads -1 --histogram_num_bins 256


Inferring DataSpec from CSV: benchmarks/data/cc18_binary_csv/task_14965_bank-marketing/repeat0_fold0_sample0_train.csv


WARNING: All log messages before absl::InitializeLog() is called are written to STDERR
I0000 00:00:1770172155.166142   29555 csv_example_reader.cc:212] 0 row(s) processed
I0000 00:00:1770172155.168526   29555 csv_example_reader.cc:216] Stop scanning the csv file to infer the type. Some records were not considered.
I0000 00:00:1770172155.168539   29555 data_spec_inference.cc:457] 17 column(s) found
I0000 00:00:1770172155.168548   29555 csv_example_reader.cc:303] 0 row(s) processed
I0000 00:00:1770172155.209400   29555 data_spec_inference.cc:494] Finalizing [40689 row(s) found]
I0000 00:00:1770172155.209478   29555 abstract_learner.cc:155] No input feature explicitly specified. Using all the available input features.
I0000 00:00:1770172155.209481   29555 abstract_learner.cc:172] The label "Class" was removed from the input feature set.
I0000 00:00:1770172155.209782   29555 vertical_dataset_io.cc:82] 100 examples scanned.
I0000 00:00:1770172155.248939   29555 vertical_dataset_io.cc:88] 40689 examples read. Memory: usage:2MB allocated:2MB. 0 (0%) examples have been skipped.
I0000 00:00:1770172155.248974   29555 abstract_learner.cc:155] No input feature explicitly specified. Using all the available input features.
I0000 00:00:1770172155.248979   29555 abstract_learner.cc:172] The label "Class" was removed from the input feature set.
I0000 00:00:1770172155.248996   29555 random_forest.cc:465] Training random forest on 40689 example(s) and 16 feature(s).
I0000 00:00:1770172155.249005   29555 gpu.cc:93] Cannot initialize GPU: Not compiled with GPU support
I0000 00:00:1770172155.249215   29555 random_forest.cc:659] num_threads being used: 48
I0000 00:00:1770172155.530622   29604 random_forest.cc:981] Train tree 1/240 [index:0 total:0.28s tree:0.28s]
I0000 00:00:1770172156.747988   29555 random_forest.cc:990] random_forest.cc Training block took: 1.49904 s
I0000 00:00:1770172156.748029   29555 random_forest.cc:1062] After Random Forest Training block. RETURNING EARLY TO SPEED UP XPS!!
-1 (automatic) threads requested. 48 threads set.
Configuring oblique splits
Using histogram splitting: Random with 256 bins
./bazel-bin/examples/train_oblique_forest --input_mode csv --train_csv "benchmarks/data/cc18_binary_csv/task_14952_PhishingWebsites/repeat0_fold0_sample0_train.csv" --label_col "Result" --numerical_split_type "Random" --num_trees 240 --num_threads -1 --histogram_num_bins 256


Inferring DataSpec from CSV: benchmarks/data/cc18_binary_csv/task_14952_PhishingWebsites/repeat0_fold0_sample0_train.csv


WARNING: All log messages before absl::InitializeLog() is called are written to STDERR
I0000 00:00:1770172156.779838   29615 csv_example_reader.cc:212] 0 row(s) processed
I0000 00:00:1770172156.783686   29615 csv_example_reader.cc:216] Stop scanning the csv file to infer the type. Some records were not considered.
I0000 00:00:1770172156.783700   29615 data_spec_inference.cc:457] 31 column(s) found
I0000 00:00:1770172156.783712   29615 csv_example_reader.cc:303] 0 row(s) processed
I0000 00:00:1770172156.796537   29615 data_spec_inference.cc:494] Finalizing [9949 row(s) found]
I0000 00:00:1770172156.796604   29615 abstract_learner.cc:155] No input feature explicitly specified. Using all the available input features.
I0000 00:00:1770172156.796607   29615 abstract_learner.cc:172] The label "Result" was removed from the input feature set.
I0000 00:00:1770172156.796931   29615 vertical_dataset_io.cc:82] 100 examples scanned.
I0000 00:00:1770172156.811646   29615 vertical_dataset_io.cc:88] 9949 examples read. Memory: usage:1MB allocated:1MB. 0 (0%) examples have been skipped.
I0000 00:00:1770172156.811686   29615 abstract_learner.cc:155] No input feature explicitly specified. Using all the available input features.
I0000 00:00:1770172156.811690   29615 abstract_learner.cc:172] The label "Result" was removed from the input feature set.
I0000 00:00:1770172156.811704   29615 random_forest.cc:465] Training random forest on 9949 example(s) and 30 feature(s).
I0000 00:00:1770172156.811712   29615 gpu.cc:93] Cannot initialize GPU: Not compiled with GPU support
I0000 00:00:1770172156.811909   29615 random_forest.cc:659] num_threads being used: 48
I0000 00:00:1770172156.859287   29638 random_forest.cc:981] Train tree 1/240 [index:30 total:0.05s tree:0.05s]
I0000 00:00:1770172157.167905   29615 random_forest.cc:990] random_forest.cc Training block took: 0.356247 s
I0000 00:00:1770172157.167932   29615 random_forest.cc:1062] After Random Forest Training block. RETURNING EARLY TO SPEED UP XPS!!
-1 (automatic) threads requested. 48 threads set.
Configuring oblique splits
Using histogram splitting: Random with 256 bins
./bazel-bin/examples/train_oblique_forest --input_mode csv --train_csv "benchmarks/data/cc18_binary_csv/task_29_credit-approval/repeat0_fold0_sample0_train.csv" --label_col "class" --numerical_split_type "Random" --num_trees 240 --num_threads -1 --histogram_num_bins 256


Inferring DataSpec from CSV: benchmarks/data/cc18_binary_csv/task_29_credit-approval/repeat0_fold0_sample0_train.csv


WARNING: All log messages before absl::InitializeLog() is called are written to STDERR
I0000 00:00:1770172157.180334   29667 csv_example_reader.cc:212] 0 row(s) processed
I0000 00:00:1770172157.181591   29667 data_spec_inference.cc:457] 16 column(s) found
I0000 00:00:1770172157.181601   29667 csv_example_reader.cc:303] 0 row(s) processed
I0000 00:00:1770172157.182186   29667 data_spec_inference.cc:354] 1 item(s) have been pruned (i.e. they are considered out of dictionary) for the column A4 (2 item(s) left) because min_value_count=5 and max_number_of_unique_values=2000
I0000 00:00:1770172157.182191   29667 data_spec_inference.cc:354] 1 item(s) have been pruned (i.e. they are considered out of dictionary) for the column A5 (2 item(s) left) because min_value_count=5 and max_number_of_unique_values=2000
I0000 00:00:1770172157.182195   29667 data_spec_inference.cc:354] 1 item(s) have been pruned (i.e. they are considered out of dictionary) for the column A6 (13 item(s) left) because min_value_count=5 and max_number_of_unique_values=2000
I0000 00:00:1770172157.182200   29667 data_spec_inference.cc:354] 2 item(s) have been pruned (i.e. they are considered out of dictionary) for the column A7 (7 item(s) left) because min_value_count=5 and max_number_of_unique_values=2000
I0000 00:00:1770172157.182209   29667 data_spec_inference.cc:494] Finalizing [621 row(s) found]
I0000 00:00:1770172157.182260   29667 abstract_learner.cc:155] No input feature explicitly specified. Using all the available input features.
I0000 00:00:1770172157.182263   29667 abstract_learner.cc:172] The label "class" was removed from the input feature set.
I0000 00:00:1770172157.182523   29667 vertical_dataset_io.cc:82] 100 examples scanned.
I0000 00:00:1770172157.182991   29667 vertical_dataset_io.cc:88] 621 examples read. Memory: usage:0MB allocated:0MB. 0 (0%) examples have been skipped.
I0000 00:00:1770172157.183012   29667 abstract_learner.cc:155] No input feature explicitly specified. Using all the available input features.
I0000 00:00:1770172157.183015   29667 abstract_learner.cc:172] The label "class" was removed from the input feature set.
I0000 00:00:1770172157.183026   29667 random_forest.cc:465] Training random forest on 621 example(s) and 15 feature(s).
I0000 00:00:1770172157.183032   29667 gpu.cc:93] Cannot initialize GPU: Not compiled with GPU support
I0000 00:00:1770172157.183211   29667 random_forest.cc:659] num_threads being used: 48
I0000 00:00:1770172157.190414   29681 random_forest.cc:981] Train tree 1/240 [index:7 total:0.01s tree:0.01s]
I0000 00:00:1770172157.223411   29667 random_forest.cc:990] random_forest.cc Training block took: 0.0404135 s
I0000 00:00:1770172157.223432   29667 random_forest.cc:1062] After Random Forest Training block. RETURNING EARLY TO SPEED UP XPS!!
-1 (automatic) threads requested. 48 threads set.
Configuring oblique splits
Using histogram splitting: Random with 256 bins
./bazel-bin/examples/train_oblique_forest --input_mode csv --train_csv "benchmarks/data/cc18_binary_csv/task_167125_Internet-Advertisements/repeat0_fold0_sample0_train.csv" --label_col "class" --numerical_split_type "Random" --num_trees 240 --num_threads -1 --histogram_num_bins 256


Inferring DataSpec from CSV: benchmarks/data/cc18_binary_csv/task_167125_Internet-Advertisements/repeat0_fold0_sample0_train.csv


WARNING: All log messages before absl::InitializeLog() is called are written to STDERR
I0000 00:00:1770172157.233321   29719 csv_example_reader.cc:212] 0 row(s) processed
I0000 00:00:1770172157.372640   29719 csv_example_reader.cc:216] Stop scanning the csv file to infer the type. Some records were not considered.
I0000 00:00:1770172157.372823   29719 data_spec_inference.cc:457] 1559 column(s) found
I0000 00:00:1770172157.373665   29719 csv_example_reader.cc:303] 0 row(s) processed
I0000 00:00:1770172157.499145   29719 data_spec_inference.cc:494] Finalizing [2951 row(s) found]
I0000 00:00:1770172157.499303   29719 abstract_learner.cc:155] No input feature explicitly specified. Using all the available input features.
I0000 00:00:1770172157.499306   29719 abstract_learner.cc:172] The label "class" was removed from the input feature set.
I0000 00:00:1770172157.506523   29719 vertical_dataset_io.cc:82] 100 examples scanned.
I0000 00:00:1770172157.669913   29719 vertical_dataset_io.cc:88] 2951 examples read. Memory: usage:4MB allocated:4MB. 0 (0%) examples have been skipped.
I0000 00:00:1770172157.670189   29719 abstract_learner.cc:155] No input feature explicitly specified. Using all the available input features.
I0000 00:00:1770172157.670230   29719 abstract_learner.cc:172] The label "class" was removed from the input feature set.
I0000 00:00:1770172157.670350   29719 random_forest.cc:465] Training random forest on 2951 example(s) and 1558 feature(s).
I0000 00:00:1770172157.670395   29719 gpu.cc:93] Cannot initialize GPU: Not compiled with GPU support
I0000 00:00:1770172157.670663   29719 random_forest.cc:659] num_threads being used: 48
I0000 00:00:1770172157.699387   29733 random_forest.cc:981] Train tree 1/240 [index:24 total:0.03s tree:0.03s]
I0000 00:00:1770172157.915701   29719 random_forest.cc:990] random_forest.cc Training block took: 0.245665 s
I0000 00:00:1770172157.915726   29719 random_forest.cc:1062] After Random Forest Training block. RETURNING EARLY TO SPEED UP XPS!!
-1 (automatic) threads requested. 48 threads set.
Configuring oblique splits
Using histogram splitting: Random with 256 bins
./bazel-bin/examples/train_oblique_forest --input_mode trunk --rows 10000 --numerical_split_type "Random" --num_trees 240 --num_threads -1 --histogram_num_bins 256
WARNING: All log messages before absl::InitializeLog() is called are written to STDERR
I0000 00:00:1770172158.266306   29779 abstract_learner.cc:155] No input feature explicitly specified. Using all the available input features.
I0000 00:00:1770172158.266329   29779 abstract_learner.cc:172] The label "y" was removed from the input feature set.
I0000 00:00:1770172158.266867   29779 random_forest.cc:465] Training random forest on 10000 example(s) and 4096 feature(s).
I0000 00:00:1770172158.266999   29779 gpu.cc:93] Cannot initialize GPU: Not compiled with GPU support
I0000 00:00:1770172158.267867   29779 random_forest.cc:659] num_threads being used: 48
I0000 00:00:1770172159.796595   29824 random_forest.cc:981] Train tree 1/240 [index:9 total:1.53s tree:1.53s]
I0000 00:00:1770172169.130014   29779 random_forest.cc:990] random_forest.cc Training block took: 10.864 s
I0000 00:00:1770172169.130068   29779 random_forest.cc:1062] After Random Forest Training block. RETURNING EARLY TO SPEED UP XPS!!

Generating trunk synthetic dataset: rows=10000, cols=4096
-1 (automatic) threads requested. 48 threads set.
Configuring oblique splits
Using histogram splitting: Random with 256 bins
./bazel-bin/examples/train_oblique_forest --input_mode trunk --rows 100000 --numerical_split_type "Random" --num_trees 240 --num_threads -1 --histogram_num_bins 256
WARNING: All log messages before absl::InitializeLog() is called are written to STDERR
I0000 00:00:1770172172.580124   29871 abstract_learner.cc:155] No input feature explicitly specified. Using all the available input features.
I0000 00:00:1770172172.580157   29871 abstract_learner.cc:172] The label "y" was removed from the input feature set.
I0000 00:00:1770172172.580738   29871 random_forest.cc:465] Training random forest on 100000 example(s) and 4096 feature(s).
I0000 00:00:1770172172.580954   29871 gpu.cc:93] Cannot initialize GPU: Not compiled with GPU support
I0000 00:00:1770172172.581886   29871 random_forest.cc:659] num_threads being used: 48
I0000 00:00:1770172191.093819   29914 random_forest.cc:981] Train tree 1/240 [index:37 total:18.51s tree:18.51s]
I0000 00:00:1770172211.896217   29907 random_forest.cc:981] Train tree 53/240 [index:72 total:39.31s tree:18.53s]
I0000 00:00:1770172232.465462   29907 random_forest.cc:981] Train tree 101/240 [index:100 total:59.88s tree:20.57s]
I0000 00:00:1770172252.717196   29883 random_forest.cc:981] Train tree 147/240 [index:146 total:1m20.14s tree:21.42s]
I0000 00:00:1770172273.168738   29883 random_forest.cc:981] Train tree 195/240 [index:194 total:1m40.59s tree:20.45s]
I0000 00:00:1770172278.745468   29871 random_forest.cc:990] random_forest.cc Training block took: 106.166 s
I0000 00:00:1770172278.745517   29871 random_forest.cc:1062] After Random Forest Training block. RETURNING EARLY TO SPEED UP XPS!!

Generating trunk synthetic dataset: rows=100000, cols=4096
-1 (automatic) threads requested. 48 threads set.
Configuring oblique splits
Using histogram splitting: Random with 256 bins
./bazel-bin/examples/train_oblique_forest --input_mode trunk --rows 1000000 --numerical_split_type "Random" --num_trees 240 --num_threads -1 --histogram_num_bins 256
WARNING: All log messages before absl::InitializeLog() is called are written to STDERR
I0000 00:00:1770172313.075544   30343 abstract_learner.cc:155] No input feature explicitly specified. Using all the available input features.
I0000 00:00:1770172313.075576   30343 abstract_learner.cc:172] The label "y" was removed from the input feature set.
I0000 00:00:1770172313.076152   30343 random_forest.cc:465] Training random forest on 1000000 example(s) and 4096 feature(s).
I0000 00:00:1770172313.076349   30343 gpu.cc:93] Cannot initialize GPU: Not compiled with GPU support
I0000 00:00:1770172313.077303   30343 random_forest.cc:659] num_threads being used: 48
I0000 00:00:1770172493.745932   30489 random_forest.cc:981] Train tree 1/240 [index:20 total:3m0.67s tree:3m0.66s]
I0000 00:00:1770172514.361361   30486 random_forest.cc:981] Train tree 11/240 [index:16 total:3m21.28s tree:3m21.28s]
I0000 00:00:1770172694.019928   30489 random_forest.cc:981] Train tree 49/240 [index:48 total:6m20.94s tree:3m20.27s]
I0000 00:00:1770172717.671727   30506 random_forest.cc:981] Train tree 56/240 [index:64 total:6m44.59s tree:3m18.13s]
I0000 00:00:1770172737.821112   30491 random_forest.cc:981] Train tree 90/240 [index:93 total:7m4.74s tree:3m29.31s]
I0000 00:00:1770172904.098916   30489 random_forest.cc:981] Train tree 97/240 [index:96 total:9m51.02s tree:3m30.08s]
I0000 00:00:1770172924.673189   30483 random_forest.cc:981] Train tree 106/240 [index:108 total:10m11.60s tree:3m22.58s]
I0000 00:00:1770172944.774452   30514 random_forest.cc:981] Train tree 136/240 [index:138 total:10m31.70s tree:3m26.85s]
I0000 00:00:1770173098.702047   30487 random_forest.cc:981] Train tree 145/240 [index:147 total:13m5.62s tree:3m10.55s]
I0000 00:00:1770173121.738515   30506 random_forest.cc:981] Train tree 151/240 [index:152 total:13m28.66s tree:3m19.23s]
I0000 00:00:1770173144.855758   30515 random_forest.cc:981] Train tree 165/240 [index:169 total:13m51.78s tree:3m27.39s]
I0000 00:00:1770173289.611317   30478 random_forest.cc:981] Train tree 193/240 [index:208 total:16m16.53s tree:2m34.98s]
I0000 00:00:1770173316.446939   30510 random_forest.cc:981] Train tree 196/240 [index:194 total:16m43.37s tree:3m30.30s]
I0000 00:00:1770173337.631771   30513 random_forest.cc:981] Train tree 206/240 [index:207 total:17m4.55s tree:3m23.87s]
I0000 00:00:1770173358.302121   30520 random_forest.cc:981] Train tree 225/240 [index:224 total:17m25.22s tree:3m28.01s]
I0000 00:00:1770173372.352541   30343 random_forest.cc:990] random_forest.cc Training block took: 1059.28 s
I0000 00:00:1770173372.352591   30343 random_forest.cc:1062] After Random Forest Training block. RETURNING EARLY TO SPEED UP XPS!!

Generating trunk synthetic dataset: rows=1000000, cols=4096
-1 (automatic) threads requested. 48 threads set.
Configuring oblique splits
Using histogram splitting: Random with 256 bins


======== Running Dynamic Random Histogram with 256 bins ========

./bazel-bin/examples/train_oblique_forest --input_mode csv --train_csv "benchmarks/data/HIGGS_with_header.csv" --label_col "class" --numerical_split_type "Dynamic Random Histogram" --num_trees 240 --num_threads -1 --histogram_num_bins 256


Inferring DataSpec from CSV: benchmarks/data/HIGGS_with_header.csv


WARNING: All log messages before absl::InitializeLog() is called are written to STDERR
I0000 00:00:1770173373.176132   34541 csv_example_reader.cc:212] 0 row(s) processed
I0000 00:00:1770173373.187270   34541 csv_example_reader.cc:216] Stop scanning the csv file to infer the type. Some records were not considered.
I0000 00:00:1770173373.187306   34541 data_spec_inference.cc:457] 29 column(s) found
I0000 00:00:1770173373.187331   34541 csv_example_reader.cc:303] 0 row(s) processed
I0000 00:00:1770173403.187444   34541 csv_example_reader.cc:303] 8368905 row(s) processed
I0000 00:00:1770173412.633042   34541 data_spec_inference.cc:494] Finalizing [11000000 row(s) found]
I0000 00:00:1770173412.633137   34541 abstract_learner.cc:155] No input feature explicitly specified. Using all the available input features.
I0000 00:00:1770173412.633140   34541 abstract_learner.cc:172] The label "class" was removed from the input feature set.
I0000 00:00:1770173412.633688   34541 vertical_dataset_io.cc:82] 100 examples scanned.
I0000 00:00:1770173442.634162   34541 vertical_dataset_io.cc:82] 7806500 examples scanned.
I0000 00:00:1770173455.753364   34541 vertical_dataset_io.cc:88] 11000000 examples read. Memory: usage:1276MB allocated:1276MB. 0 (0%) examples have been skipped.
I0000 00:00:1770173455.753440   34541 abstract_learner.cc:155] No input feature explicitly specified. Using all the available input features.
I0000 00:00:1770173455.753445   34541 abstract_learner.cc:172] The label "class" was removed from the input feature set.
I0000 00:00:1770173455.753466   34541 random_forest.cc:465] Training random forest on 11000000 example(s) and 28 feature(s).
I0000 00:00:1770173455.753476   34541 gpu.cc:93] Cannot initialize GPU: Not compiled with GPU support
I0000 00:00:1770173455.753711   34541 random_forest.cc:659] num_threads being used: 48
I0000 00:00:1770173545.431230   34866 random_forest.cc:981] Train tree 1/240 [index:1 total:1m29.68s tree:1m29.68s]
I0000 00:00:1770173637.266482   34886 random_forest.cc:981] Train tree 49/240 [index:49 total:3m1.51s tree:1m30.87s]
I0000 00:00:1770173729.244938   34910 random_forest.cc:981] Train tree 97/240 [index:99 total:4m33.49s tree:1m30.23s]
I0000 00:00:1770173821.612514   34910 random_forest.cc:981] Train tree 145/240 [index:144 total:6m5.86s tree:1m32.37s]
I0000 00:00:1770173913.664548   34910 random_forest.cc:981] Train tree 193/240 [index:192 total:7m37.91s tree:1m32.05s]
I0000 00:00:1770173927.219342   34541 random_forest.cc:990] random_forest.cc Training block took: 471.466 s
I0000 00:00:1770173927.219386   34541 random_forest.cc:1062] After Random Forest Training block. RETURNING EARLY TO SPEED UP XPS!!
-1 (automatic) threads requested. 48 threads set.
Configuring oblique splits
Using Dynamic Random Histogram with 256 samples
./bazel-bin/examples/train_oblique_forest --input_mode csv --train_csv "benchmarks/data/SUSY_with_header.csv" --label_col "class" --numerical_split_type "Dynamic Random Histogram" --num_trees 240 --num_threads -1 --histogram_num_bins 256


Inferring DataSpec from CSV: benchmarks/data/SUSY_with_header.csv


WARNING: All log messages before absl::InitializeLog() is called are written to STDERR
I0000 00:00:1770173934.813903   36729 csv_example_reader.cc:212] 0 row(s) processed
I0000 00:00:1770173934.819179   36729 csv_example_reader.cc:216] Stop scanning the csv file to infer the type. Some records were not considered.
I0000 00:00:1770173934.819193   36729 data_spec_inference.cc:457] 19 column(s) found
I0000 00:00:1770173934.819204   36729 csv_example_reader.cc:303] 0 row(s) processed
I0000 00:00:1770173946.665103   36729 data_spec_inference.cc:494] Finalizing [5000000 row(s) found]
I0000 00:00:1770173946.665199   36729 abstract_learner.cc:155] No input feature explicitly specified. Using all the available input features.
I0000 00:00:1770173946.665202   36729 abstract_learner.cc:172] The label "class" was removed from the input feature set.
I0000 00:00:1770173946.665616   36729 vertical_dataset_io.cc:82] 100 examples scanned.
I0000 00:00:1770173959.444698   36729 vertical_dataset_io.cc:88] 5000000 examples read. Memory: usage:380MB allocated:380MB. 0 (0%) examples have been skipped.
I0000 00:00:1770173959.444774   36729 abstract_learner.cc:155] No input feature explicitly specified. Using all the available input features.
I0000 00:00:1770173959.444779   36729 abstract_learner.cc:172] The label "class" was removed from the input feature set.
I0000 00:00:1770173959.444797   36729 random_forest.cc:465] Training random forest on 5000000 example(s) and 18 feature(s).
I0000 00:00:1770173959.444808   36729 gpu.cc:93] Cannot initialize GPU: Not compiled with GPU support
I0000 00:00:1770173959.445054   36729 random_forest.cc:659] num_threads being used: 48
I0000 00:00:1770173986.692991   36829 random_forest.cc:981] Train tree 1/240 [index:6 total:27.25s tree:27.25s]
I0000 00:00:1770174019.864924   36829 random_forest.cc:981] Train tree 49/240 [index:48 total:1m0.42s tree:33.17s]
I0000 00:00:1770174052.917720   36829 random_forest.cc:981] Train tree 98/240 [index:96 total:1m33.47s tree:33.05s]
I0000 00:00:1770174086.596693   36829 random_forest.cc:981] Train tree 146/240 [index:145 total:2m7.15s tree:33.68s]
I0000 00:00:1770174117.552915   36856 random_forest.cc:981] Train tree 194/240 [index:210 total:2m38.11s tree:24.26s]
I0000 00:00:1770174129.619023   36729 random_forest.cc:990] random_forest.cc Training block took: 170.174 s
I0000 00:00:1770174129.619069   36729 random_forest.cc:1062] After Random Forest Training block. RETURNING EARLY TO SPEED UP XPS!!
-1 (automatic) threads requested. 48 threads set.
Configuring oblique splits
Using Dynamic Random Histogram with 256 samples
./bazel-bin/examples/train_oblique_forest --input_mode csv --train_csv "benchmarks/data/cc18_binary_csv/task_14965_bank-marketing/repeat0_fold0_sample0_train.csv" --label_col "Class" --numerical_split_type "Dynamic Random Histogram" --num_trees 240 --num_threads -1 --histogram_num_bins 256


Inferring DataSpec from CSV: benchmarks/data/cc18_binary_csv/task_14965_bank-marketing/repeat0_fold0_sample0_train.csv


WARNING: All log messages before absl::InitializeLog() is called are written to STDERR
I0000 00:00:1770174132.662168   37537 csv_example_reader.cc:212] 0 row(s) processed
I0000 00:00:1770174132.664555   37537 csv_example_reader.cc:216] Stop scanning the csv file to infer the type. Some records were not considered.
I0000 00:00:1770174132.664568   37537 data_spec_inference.cc:457] 17 column(s) found
I0000 00:00:1770174132.664577   37537 csv_example_reader.cc:303] 0 row(s) processed
I0000 00:00:1770174132.705338   37537 data_spec_inference.cc:494] Finalizing [40689 row(s) found]
I0000 00:00:1770174132.705421   37537 abstract_learner.cc:155] No input feature explicitly specified. Using all the available input features.
I0000 00:00:1770174132.705424   37537 abstract_learner.cc:172] The label "Class" was removed from the input feature set.
I0000 00:00:1770174132.705723   37537 vertical_dataset_io.cc:82] 100 examples scanned.
I0000 00:00:1770174132.744491   37537 vertical_dataset_io.cc:88] 40689 examples read. Memory: usage:2MB allocated:2MB. 0 (0%) examples have been skipped.
I0000 00:00:1770174132.744527   37537 abstract_learner.cc:155] No input feature explicitly specified. Using all the available input features.
I0000 00:00:1770174132.744530   37537 abstract_learner.cc:172] The label "Class" was removed from the input feature set.
I0000 00:00:1770174132.744547   37537 random_forest.cc:465] Training random forest on 40689 example(s) and 16 feature(s).
I0000 00:00:1770174132.744554   37537 gpu.cc:93] Cannot initialize GPU: Not compiled with GPU support
I0000 00:00:1770174132.744755   37537 random_forest.cc:659] num_threads being used: 48
I0000 00:00:1770174132.819342   37555 random_forest.cc:981] Train tree 1/240 [index:25 total:0.07s tree:0.07s]
I0000 00:00:1770174133.137108   37537 random_forest.cc:990] random_forest.cc Training block took: 0.39261 s
I0000 00:00:1770174133.137151   37537 random_forest.cc:1062] After Random Forest Training block. RETURNING EARLY TO SPEED UP XPS!!
-1 (automatic) threads requested. 48 threads set.
Configuring oblique splits
Using Dynamic Random Histogram with 256 samples
./bazel-bin/examples/train_oblique_forest --input_mode csv --train_csv "benchmarks/data/cc18_binary_csv/task_14952_PhishingWebsites/repeat0_fold0_sample0_train.csv" --label_col "Result" --numerical_split_type "Dynamic Random Histogram" --num_trees 240 --num_threads -1 --histogram_num_bins 256


Inferring DataSpec from CSV: benchmarks/data/cc18_binary_csv/task_14952_PhishingWebsites/repeat0_fold0_sample0_train.csv


WARNING: All log messages before absl::InitializeLog() is called are written to STDERR
I0000 00:00:1770174133.171558   37589 csv_example_reader.cc:212] 0 row(s) processed
I0000 00:00:1770174133.175452   37589 csv_example_reader.cc:216] Stop scanning the csv file to infer the type. Some records were not considered.
I0000 00:00:1770174133.175468   37589 data_spec_inference.cc:457] 31 column(s) found
I0000 00:00:1770174133.175479   37589 csv_example_reader.cc:303] 0 row(s) processed
I0000 00:00:1770174133.188378   37589 data_spec_inference.cc:494] Finalizing [9949 row(s) found]
I0000 00:00:1770174133.188440   37589 abstract_learner.cc:155] No input feature explicitly specified. Using all the available input features.
I0000 00:00:1770174133.188443   37589 abstract_learner.cc:172] The label "Result" was removed from the input feature set.
I0000 00:00:1770174133.188764   37589 vertical_dataset_io.cc:82] 100 examples scanned.
I0000 00:00:1770174133.203445   37589 vertical_dataset_io.cc:88] 9949 examples read. Memory: usage:1MB allocated:1MB. 0 (0%) examples have been skipped.
I0000 00:00:1770174133.203482   37589 abstract_learner.cc:155] No input feature explicitly specified. Using all the available input features.
I0000 00:00:1770174133.203485   37589 abstract_learner.cc:172] The label "Result" was removed from the input feature set.
I0000 00:00:1770174133.203498   37589 random_forest.cc:465] Training random forest on 9949 example(s) and 30 feature(s).
I0000 00:00:1770174133.203505   37589 gpu.cc:93] Cannot initialize GPU: Not compiled with GPU support
I0000 00:00:1770174133.203698   37589 random_forest.cc:659] num_threads being used: 48
I0000 00:00:1770174133.219203   37628 random_forest.cc:981] Train tree 1/240 [index:1 total:0.02s tree:0.01s]
I0000 00:00:1770174133.300580   37589 random_forest.cc:990] random_forest.cc Training block took: 0.0971242 s
I0000 00:00:1770174133.300604   37589 random_forest.cc:1062] After Random Forest Training block. RETURNING EARLY TO SPEED UP XPS!!
-1 (automatic) threads requested. 48 threads set.
Configuring oblique splits
Using Dynamic Random Histogram with 256 samples
./bazel-bin/examples/train_oblique_forest --input_mode csv --train_csv "benchmarks/data/cc18_binary_csv/task_29_credit-approval/repeat0_fold0_sample0_train.csv" --label_col "class" --numerical_split_type "Dynamic Random Histogram" --num_trees 240 --num_threads -1 --histogram_num_bins 256


Inferring DataSpec from CSV: benchmarks/data/cc18_binary_csv/task_29_credit-approval/repeat0_fold0_sample0_train.csv


WARNING: All log messages before absl::InitializeLog() is called are written to STDERR
I0000 00:00:1770174133.312726   37641 csv_example_reader.cc:212] 0 row(s) processed
I0000 00:00:1770174133.314222   37641 data_spec_inference.cc:457] 16 column(s) found
I0000 00:00:1770174133.314233   37641 csv_example_reader.cc:303] 0 row(s) processed
I0000 00:00:1770174133.314914   37641 data_spec_inference.cc:354] 1 item(s) have been pruned (i.e. they are considered out of dictionary) for the column A4 (2 item(s) left) because min_value_count=5 and max_number_of_unique_values=2000
I0000 00:00:1770174133.314920   37641 data_spec_inference.cc:354] 1 item(s) have been pruned (i.e. they are considered out of dictionary) for the column A5 (2 item(s) left) because min_value_count=5 and max_number_of_unique_values=2000
I0000 00:00:1770174133.314924   37641 data_spec_inference.cc:354] 1 item(s) have been pruned (i.e. they are considered out of dictionary) for the column A6 (13 item(s) left) because min_value_count=5 and max_number_of_unique_values=2000
I0000 00:00:1770174133.314929   37641 data_spec_inference.cc:354] 2 item(s) have been pruned (i.e. they are considered out of dictionary) for the column A7 (7 item(s) left) because min_value_count=5 and max_number_of_unique_values=2000
I0000 00:00:1770174133.314940   37641 data_spec_inference.cc:494] Finalizing [621 row(s) found]
I0000 00:00:1770174133.314996   37641 abstract_learner.cc:155] No input feature explicitly specified. Using all the available input features.
I0000 00:00:1770174133.314999   37641 abstract_learner.cc:172] The label "class" was removed from the input feature set.
I0000 00:00:1770174133.315296   37641 vertical_dataset_io.cc:82] 100 examples scanned.
I0000 00:00:1770174133.315820   37641 vertical_dataset_io.cc:88] 621 examples read. Memory: usage:0MB allocated:0MB. 0 (0%) examples have been skipped.
I0000 00:00:1770174133.315846   37641 abstract_learner.cc:155] No input feature explicitly specified. Using all the available input features.
I0000 00:00:1770174133.315851   37641 abstract_learner.cc:172] The label "class" was removed from the input feature set.
I0000 00:00:1770174133.315863   37641 random_forest.cc:465] Training random forest on 621 example(s) and 15 feature(s).
I0000 00:00:1770174133.315870   37641 gpu.cc:93] Cannot initialize GPU: Not compiled with GPU support
I0000 00:00:1770174133.316071   37641 random_forest.cc:659] num_threads being used: 48
I0000 00:00:1770174133.317995   37643 random_forest.cc:981] Train tree 1/240 [index:0 total:0.00s tree:0.00s]
I0000 00:00:1770174133.323743   37641 random_forest.cc:990] random_forest.cc Training block took: 0.00791352 s
I0000 00:00:1770174133.323764   37641 random_forest.cc:1062] After Random Forest Training block. RETURNING EARLY TO SPEED UP XPS!!
-1 (automatic) threads requested. 48 threads set.
Configuring oblique splits
Using Dynamic Random Histogram with 256 samples
./bazel-bin/examples/train_oblique_forest --input_mode csv --train_csv "benchmarks/data/cc18_binary_csv/task_167125_Internet-Advertisements/repeat0_fold0_sample0_train.csv" --label_col "class" --numerical_split_type "Dynamic Random Histogram" --num_trees 240 --num_threads -1 --histogram_num_bins 256


Inferring DataSpec from CSV: benchmarks/data/cc18_binary_csv/task_167125_Internet-Advertisements/repeat0_fold0_sample0_train.csv


WARNING: All log messages before absl::InitializeLog() is called are written to STDERR
I0000 00:00:1770174133.333911   37693 csv_example_reader.cc:212] 0 row(s) processed
I0000 00:00:1770174133.473188   37693 csv_example_reader.cc:216] Stop scanning the csv file to infer the type. Some records were not considered.
I0000 00:00:1770174133.473383   37693 data_spec_inference.cc:457] 1559 column(s) found
I0000 00:00:1770174133.474219   37693 csv_example_reader.cc:303] 0 row(s) processed
I0000 00:00:1770174133.600603   37693 data_spec_inference.cc:494] Finalizing [2951 row(s) found]
I0000 00:00:1770174133.600763   37693 abstract_learner.cc:155] No input feature explicitly specified. Using all the available input features.
I0000 00:00:1770174133.600766   37693 abstract_learner.cc:172] The label "class" was removed from the input feature set.
I0000 00:00:1770174133.608055   37693 vertical_dataset_io.cc:82] 100 examples scanned.
I0000 00:00:1770174133.771032   37693 vertical_dataset_io.cc:88] 2951 examples read. Memory: usage:4MB allocated:4MB. 0 (0%) examples have been skipped.
I0000 00:00:1770174133.771306   37693 abstract_learner.cc:155] No input feature explicitly specified. Using all the available input features.
I0000 00:00:1770174133.771347   37693 abstract_learner.cc:172] The label "class" was removed from the input feature set.
I0000 00:00:1770174133.771465   37693 random_forest.cc:465] Training random forest on 2951 example(s) and 1558 feature(s).
I0000 00:00:1770174133.771511   37693 gpu.cc:93] Cannot initialize GPU: Not compiled with GPU support
I0000 00:00:1770174133.771786   37693 random_forest.cc:659] num_threads being used: 48
I0000 00:00:1770174133.799453   37712 random_forest.cc:981] Train tree 1/240 [index:23 total:0.03s tree:0.03s]
I0000 00:00:1770174133.994654   37693 random_forest.cc:990] random_forest.cc Training block took: 0.223495 s
I0000 00:00:1770174133.994679   37693 random_forest.cc:1062] After Random Forest Training block. RETURNING EARLY TO SPEED UP XPS!!
-1 (automatic) threads requested. 48 threads set.
Configuring oblique splits
Using Dynamic Random Histogram with 256 samples
./bazel-bin/examples/train_oblique_forest --input_mode trunk --rows 10000 --numerical_split_type "Dynamic Random Histogram" --num_trees 240 --num_threads -1 --histogram_num_bins 256
WARNING: All log messages before absl::InitializeLog() is called are written to STDERR
I0000 00:00:1770174134.345217   37753 abstract_learner.cc:155] No input feature explicitly specified. Using all the available input features.
I0000 00:00:1770174134.345240   37753 abstract_learner.cc:172] The label "y" was removed from the input feature set.
I0000 00:00:1770174134.345795   37753 random_forest.cc:465] Training random forest on 10000 example(s) and 4096 feature(s).
I0000 00:00:1770174134.345956   37753 gpu.cc:93] Cannot initialize GPU: Not compiled with GPU support
I0000 00:00:1770174134.346876   37753 random_forest.cc:659] num_threads being used: 48
I0000 00:00:1770174134.727393   37793 random_forest.cc:981] Train tree 1/240 [index:38 total:0.38s tree:0.38s]
I0000 00:00:1770174136.637891   37753 random_forest.cc:990] random_forest.cc Training block took: 2.29304 s
I0000 00:00:1770174136.637944   37753 random_forest.cc:1062] After Random Forest Training block. RETURNING EARLY TO SPEED UP XPS!!

Generating trunk synthetic dataset: rows=10000, cols=4096
-1 (automatic) threads requested. 48 threads set.
Configuring oblique splits
Using Dynamic Random Histogram with 256 samples
./bazel-bin/examples/train_oblique_forest --input_mode trunk --rows 100000 --numerical_split_type "Dynamic Random Histogram" --num_trees 240 --num_threads -1 --histogram_num_bins 256
WARNING: All log messages before absl::InitializeLog() is called are written to STDERR
I0000 00:00:1770174140.084751   37813 abstract_learner.cc:155] No input feature explicitly specified. Using all the available input features.
I0000 00:00:1770174140.084783   37813 abstract_learner.cc:172] The label "y" was removed from the input feature set.
I0000 00:00:1770174140.085370   37813 random_forest.cc:465] Training random forest on 100000 example(s) and 4096 feature(s).
I0000 00:00:1770174140.085565   37813 gpu.cc:93] Cannot initialize GPU: Not compiled with GPU support
I0000 00:00:1770174140.086503   37813 random_forest.cc:659] num_threads being used: 48
I0000 00:00:1770174145.298757   37857 random_forest.cc:981] Train tree 1/240 [index:36 total:5.21s tree:5.21s]
I0000 00:00:1770174166.842471   37859 random_forest.cc:981] Train tree 193/240 [index:212 total:26.76s tree:5.04s]
I0000 00:00:1770174167.696825   37813 random_forest.cc:990] random_forest.cc Training block took: 27.6125 s
I0000 00:00:1770174167.696883   37813 random_forest.cc:1062] After Random Forest Training block. RETURNING EARLY TO SPEED UP XPS!!

Generating trunk synthetic dataset: rows=100000, cols=4096
-1 (automatic) threads requested. 48 threads set.
Configuring oblique splits
Using Dynamic Random Histogram with 256 samples
./bazel-bin/examples/train_oblique_forest --input_mode trunk --rows 1000000 --numerical_split_type "Dynamic Random Histogram" --num_trees 240 --num_threads -1 --histogram_num_bins 256
WARNING: All log messages before absl::InitializeLog() is called are written to STDERR
I0000 00:00:1770174202.022915   37977 abstract_learner.cc:155] No input feature explicitly specified. Using all the available input features.
I0000 00:00:1770174202.022951   37977 abstract_learner.cc:172] The label "y" was removed from the input feature set.
I0000 00:00:1770174202.023542   37977 random_forest.cc:465] Training random forest on 1000000 example(s) and 4096 feature(s).
I0000 00:00:1770174202.023753   37977 gpu.cc:93] Cannot initialize GPU: Not compiled with GPU support
I0000 00:00:1770174202.024778   37977 random_forest.cc:659] num_threads being used: 48
I0000 00:00:1770174262.742280   38129 random_forest.cc:981] Train tree 1/240 [index:20 total:1m0.72s tree:1m0.71s]
I0000 00:00:1770174325.738841   38129 random_forest.cc:981] Train tree 49/240 [index:48 total:2m3.71s tree:1m3.00s]
I0000 00:00:1770174388.694515   38129 random_forest.cc:981] Train tree 97/240 [index:96 total:3m6.67s tree:1m2.96s]
I0000 00:00:1770174452.078724   38129 random_forest.cc:981] Train tree 145/240 [index:144 total:4m10.05s tree:1m3.38s]
I0000 00:00:1770174513.834760   38142 random_forest.cc:981] Train tree 193/240 [index:208 total:5m11.81s tree:59.48s]
I0000 00:00:1770174521.245323   37977 random_forest.cc:990] random_forest.cc Training block took: 319.223 s
I0000 00:00:1770174521.245376   37977 random_forest.cc:1062] After Random Forest Training block. RETURNING EARLY TO SPEED UP XPS!!

Generating trunk synthetic dataset: rows=1000000, cols=4096
-1 (automatic) threads requested. 48 threads set.
Configuring oblique splits
Using Dynamic Random Histogram with 256 samples


======== VECTORIZED EXPERIMENTS [AVX512] histogram_num_bins=256 ========



======== Running Random [VECTORIZE: AVX512] with 256 bins ========

./bazel-bin/examples/train_oblique_forest --input_mode csv --train_csv "benchmarks/data/HIGGS_with_header.csv" --label_col "class" --numerical_split_type "Random" --num_trees 240 --num_threads -1 --histogram_num_bins 256


Inferring DataSpec from CSV: benchmarks/data/HIGGS_with_header.csv


WARNING: All log messages before absl::InitializeLog() is called are written to STDERR
I0000 00:00:1770174557.690040   41040 csv_example_reader.cc:212] 0 row(s) processed
I0000 00:00:1770174557.699674   41040 csv_example_reader.cc:216] Stop scanning the csv file to infer the type. Some records were not considered.
I0000 00:00:1770174557.699691   41040 data_spec_inference.cc:457] 29 column(s) found
I0000 00:00:1770174557.699705   41040 csv_example_reader.cc:303] 0 row(s) processed
I0000 00:00:1770174587.699817   41040 csv_example_reader.cc:303] 8251165 row(s) processed
I0000 00:00:1770174597.690027   41040 data_spec_inference.cc:494] Finalizing [11000000 row(s) found]
I0000 00:00:1770174597.690126   41040 abstract_learner.cc:155] No input feature explicitly specified. Using all the available input features.
I0000 00:00:1770174597.690129   41040 abstract_learner.cc:172] The label "class" was removed from the input feature set.
I0000 00:00:1770174597.690683   41040 vertical_dataset_io.cc:82] 100 examples scanned.
I0000 00:00:1770174627.691122   41040 vertical_dataset_io.cc:82] 7711300 examples scanned.
I0000 00:00:1770174641.326294   41040 vertical_dataset_io.cc:88] 11000000 examples read. Memory: usage:1276MB allocated:1276MB. 0 (0%) examples have been skipped.
I0000 00:00:1770174641.326373   41040 abstract_learner.cc:155] No input feature explicitly specified. Using all the available input features.
I0000 00:00:1770174641.326378   41040 abstract_learner.cc:172] The label "class" was removed from the input feature set.
I0000 00:00:1770174641.326398   41040 random_forest.cc:465] Training random forest on 11000000 example(s) and 28 feature(s).
I0000 00:00:1770174641.326408   41040 gpu.cc:93] Cannot initialize GPU: Not compiled with GPU support
I0000 00:00:1770174641.326658   41040 random_forest.cc:659] num_threads being used: 48
I0000 00:00:1770175004.389313   41375 random_forest.cc:981] Train tree 1/240 [index:16 total:6m3.06s tree:6m3.06s]
I0000 00:00:1770175024.557412   41392 random_forest.cc:981] Train tree 3/240 [index:32 total:6m23.23s tree:6m23.23s]
I0000 00:00:1770175389.998117   41375 random_forest.cc:981] Train tree 49/240 [index:48 total:12m28.67s tree:6m25.61s]
I0000 00:00:1770175411.111428   41377 random_forest.cc:981] Train tree 56/240 [index:53 total:12m49.78s tree:6m26.05s]
I0000 00:00:1770175773.566724   41411 random_forest.cc:981] Train tree 97/240 [index:140 total:18m52.24s tree:5m54.21s]
I0000 00:00:1770175794.768566   41400 random_forest.cc:981] Train tree 99/240 [index:116 total:19m13.44s tree:6m21.18s]
I0000 00:00:1770176162.452260   41411 random_forest.cc:981] Train tree 145/240 [index:144 total:25m21.13s tree:6m28.88s]
I0000 00:00:1770176182.481263   41403 random_forest.cc:981] Train tree 153/240 [index:151 total:25m41.15s tree:6m26.06s]
I0000 00:00:1770176549.962232   41411 random_forest.cc:981] Train tree 193/240 [index:192 total:31m48.64s tree:6m27.51s]
I0000 00:00:1770176570.011554   41393 random_forest.cc:981] Train tree 205/240 [index:206 total:32m8.68s tree:6m24.39s]
I0000 00:00:1770176588.417863   41040 random_forest.cc:990] random_forest.cc Training block took: 1947.09 s
I0000 00:00:1770176588.417903   41040 random_forest.cc:1062] After Random Forest Training block. RETURNING EARLY TO SPEED UP XPS!!
-1 (automatic) threads requested. 48 threads set.
Configuring oblique splits
Using histogram splitting: Random with 256 bins
./bazel-bin/examples/train_oblique_forest --input_mode csv --train_csv "benchmarks/data/SUSY_with_header.csv" --label_col "class" --numerical_split_type "Random" --num_trees 240 --num_threads -1 --histogram_num_bins 256


Inferring DataSpec from CSV: benchmarks/data/SUSY_with_header.csv


WARNING: All log messages before absl::InitializeLog() is called are written to STDERR
I0000 00:00:1770176596.307931   48836 csv_example_reader.cc:212] 0 row(s) processed
I0000 00:00:1770176596.313281   48836 csv_example_reader.cc:216] Stop scanning the csv file to infer the type. Some records were not considered.
I0000 00:00:1770176596.313296   48836 data_spec_inference.cc:457] 19 column(s) found
I0000 00:00:1770176596.313307   48836 csv_example_reader.cc:303] 0 row(s) processed
I0000 00:00:1770176608.192956   48836 data_spec_inference.cc:494] Finalizing [5000000 row(s) found]
I0000 00:00:1770176608.193055   48836 abstract_learner.cc:155] No input feature explicitly specified. Using all the available input features.
I0000 00:00:1770176608.193058   48836 abstract_learner.cc:172] The label "class" was removed from the input feature set.
I0000 00:00:1770176608.193471   48836 vertical_dataset_io.cc:82] 100 examples scanned.
I0000 00:00:1770176621.136856   48836 vertical_dataset_io.cc:88] 5000000 examples read. Memory: usage:380MB allocated:380MB. 0 (0%) examples have been skipped.
I0000 00:00:1770176621.136929   48836 abstract_learner.cc:155] No input feature explicitly specified. Using all the available input features.
I0000 00:00:1770176621.136935   48836 abstract_learner.cc:172] The label "class" was removed from the input feature set.
I0000 00:00:1770176621.136952   48836 random_forest.cc:465] Training random forest on 5000000 example(s) and 18 feature(s).
I0000 00:00:1770176621.136962   48836 gpu.cc:93] Cannot initialize GPU: Not compiled with GPU support
I0000 00:00:1770176621.137215   48836 random_forest.cc:659] num_threads being used: 48
I0000 00:00:1770176733.057278   48981 random_forest.cc:981] Train tree 1/240 [index:11 total:1m51.92s tree:1m51.92s]
I0000 00:00:1770176861.830997   48981 random_forest.cc:981] Train tree 49/240 [index:48 total:4m0.69s tree:2m8.77s]
I0000 00:00:1770176990.507218   48981 random_forest.cc:981] Train tree 98/240 [index:96 total:6m9.37s tree:2m8.68s]
I0000 00:00:1770177119.253590   48981 random_forest.cc:981] Train tree 146/240 [index:145 total:8m18.12s tree:2m8.75s]
I0000 00:00:1770177244.617336   48940 random_forest.cc:981] Train tree 194/240 [index:197 total:10m23.48s tree:1m51.34s]
I0000 00:00:1770177264.660231   48958 random_forest.cc:981] Train tree 227/240 [index:227 total:10m43.52s tree:2m7.67s]
I0000 00:00:1770177266.034966   48836 random_forest.cc:990] random_forest.cc Training block took: 644.898 s
I0000 00:00:1770177266.035004   48836 random_forest.cc:1062] After Random Forest Training block. RETURNING EARLY TO SPEED UP XPS!!
-1 (automatic) threads requested. 48 threads set.
Configuring oblique splits
Using histogram splitting: Random with 256 bins
./bazel-bin/examples/train_oblique_forest --input_mode csv --train_csv "benchmarks/data/cc18_binary_csv/task_14965_bank-marketing/repeat0_fold0_sample0_train.csv" --label_col "Class" --numerical_split_type "Random" --num_trees 240 --num_threads -1 --histogram_num_bins 256


Inferring DataSpec from CSV: benchmarks/data/cc18_binary_csv/task_14965_bank-marketing/repeat0_fold0_sample0_train.csv


WARNING: All log messages before absl::InitializeLog() is called are written to STDERR
I0000 00:00:1770177269.212069   51443 csv_example_reader.cc:212] 0 row(s) processed
I0000 00:00:1770177269.214438   51443 csv_example_reader.cc:216] Stop scanning the csv file to infer the type. Some records were not considered.
I0000 00:00:1770177269.214451   51443 data_spec_inference.cc:457] 17 column(s) found
I0000 00:00:1770177269.214461   51443 csv_example_reader.cc:303] 0 row(s) processed
I0000 00:00:1770177269.254852   51443 data_spec_inference.cc:494] Finalizing [40689 row(s) found]
I0000 00:00:1770177269.254930   51443 abstract_learner.cc:155] No input feature explicitly specified. Using all the available input features.
I0000 00:00:1770177269.254932   51443 abstract_learner.cc:172] The label "Class" was removed from the input feature set.
I0000 00:00:1770177269.255233   51443 vertical_dataset_io.cc:82] 100 examples scanned.
I0000 00:00:1770177269.293975   51443 vertical_dataset_io.cc:88] 40689 examples read. Memory: usage:2MB allocated:2MB. 0 (0%) examples have been skipped.
I0000 00:00:1770177269.294011   51443 abstract_learner.cc:155] No input feature explicitly specified. Using all the available input features.
I0000 00:00:1770177269.294014   51443 abstract_learner.cc:172] The label "Class" was removed from the input feature set.
I0000 00:00:1770177269.294032   51443 random_forest.cc:465] Training random forest on 40689 example(s) and 16 feature(s).
I0000 00:00:1770177269.294040   51443 gpu.cc:93] Cannot initialize GPU: Not compiled with GPU support
I0000 00:00:1770177269.294264   51443 random_forest.cc:659] num_threads being used: 48
I0000 00:00:1770177269.609216   51492 random_forest.cc:981] Train tree 1/240 [index:0 total:0.31s tree:0.31s]
I0000 00:00:1770177270.969272   51443 random_forest.cc:990] random_forest.cc Training block took: 1.67529 s
I0000 00:00:1770177270.969309   51443 random_forest.cc:1062] After Random Forest Training block. RETURNING EARLY TO SPEED UP XPS!!
-1 (automatic) threads requested. 48 threads set.
Configuring oblique splits
Using histogram splitting: Random with 256 bins
./bazel-bin/examples/train_oblique_forest --input_mode csv --train_csv "benchmarks/data/cc18_binary_csv/task_14952_PhishingWebsites/repeat0_fold0_sample0_train.csv" --label_col "Result" --numerical_split_type "Random" --num_trees 240 --num_threads -1 --histogram_num_bins 256


Inferring DataSpec from CSV: benchmarks/data/cc18_binary_csv/task_14952_PhishingWebsites/repeat0_fold0_sample0_train.csv


WARNING: All log messages before absl::InitializeLog() is called are written to STDERR
I0000 00:00:1770177271.004865   51503 csv_example_reader.cc:212] 0 row(s) processed
I0000 00:00:1770177271.008695   51503 csv_example_reader.cc:216] Stop scanning the csv file to infer the type. Some records were not considered.
I0000 00:00:1770177271.008709   51503 data_spec_inference.cc:457] 31 column(s) found
I0000 00:00:1770177271.008720   51503 csv_example_reader.cc:303] 0 row(s) processed
I0000 00:00:1770177271.021378   51503 data_spec_inference.cc:494] Finalizing [9949 row(s) found]
I0000 00:00:1770177271.021443   51503 abstract_learner.cc:155] No input feature explicitly specified. Using all the available input features.
I0000 00:00:1770177271.021447   51503 abstract_learner.cc:172] The label "Result" was removed from the input feature set.
I0000 00:00:1770177271.021770   51503 vertical_dataset_io.cc:82] 100 examples scanned.
I0000 00:00:1770177271.036089   51503 vertical_dataset_io.cc:88] 9949 examples read. Memory: usage:1MB allocated:1MB. 0 (0%) examples have been skipped.
I0000 00:00:1770177271.036125   51503 abstract_learner.cc:155] No input feature explicitly specified. Using all the available input features.
I0000 00:00:1770177271.036129   51503 abstract_learner.cc:172] The label "Result" was removed from the input feature set.
I0000 00:00:1770177271.036141   51503 random_forest.cc:465] Training random forest on 9949 example(s) and 30 feature(s).
I0000 00:00:1770177271.036148   51503 gpu.cc:93] Cannot initialize GPU: Not compiled with GPU support
I0000 00:00:1770177271.036345   51503 random_forest.cc:659] num_threads being used: 48
I0000 00:00:1770177271.091903   51532 random_forest.cc:981] Train tree 1/240 [index:30 total:0.06s tree:0.05s]
I0000 00:00:1770177271.458653   51503 random_forest.cc:990] random_forest.cc Training block took: 0.422555 s
I0000 00:00:1770177271.458680   51503 random_forest.cc:1062] After Random Forest Training block. RETURNING EARLY TO SPEED UP XPS!!
-1 (automatic) threads requested. 48 threads set.
Configuring oblique splits
Using histogram splitting: Random with 256 bins
./bazel-bin/examples/train_oblique_forest --input_mode csv --train_csv "benchmarks/data/cc18_binary_csv/task_29_credit-approval/repeat0_fold0_sample0_train.csv" --label_col "class" --numerical_split_type "Random" --num_trees 240 --num_threads -1 --histogram_num_bins 256


Inferring DataSpec from CSV: benchmarks/data/cc18_binary_csv/task_29_credit-approval/repeat0_fold0_sample0_train.csv


WARNING: All log messages before absl::InitializeLog() is called are written to STDERR
I0000 00:00:1770177271.471979   51555 csv_example_reader.cc:212] 0 row(s) processed
I0000 00:00:1770177271.473225   51555 data_spec_inference.cc:457] 16 column(s) found
I0000 00:00:1770177271.473235   51555 csv_example_reader.cc:303] 0 row(s) processed
I0000 00:00:1770177271.473805   51555 data_spec_inference.cc:354] 1 item(s) have been pruned (i.e. they are considered out of dictionary) for the column A4 (2 item(s) left) because min_value_count=5 and max_number_of_unique_values=2000
I0000 00:00:1770177271.473811   51555 data_spec_inference.cc:354] 1 item(s) have been pruned (i.e. they are considered out of dictionary) for the column A5 (2 item(s) left) because min_value_count=5 and max_number_of_unique_values=2000
I0000 00:00:1770177271.473814   51555 data_spec_inference.cc:354] 1 item(s) have been pruned (i.e. they are considered out of dictionary) for the column A6 (13 item(s) left) because min_value_count=5 and max_number_of_unique_values=2000
I0000 00:00:1770177271.473819   51555 data_spec_inference.cc:354] 2 item(s) have been pruned (i.e. they are considered out of dictionary) for the column A7 (7 item(s) left) because min_value_count=5 and max_number_of_unique_values=2000
I0000 00:00:1770177271.473828   51555 data_spec_inference.cc:494] Finalizing [621 row(s) found]
I0000 00:00:1770177271.473880   51555 abstract_learner.cc:155] No input feature explicitly specified. Using all the available input features.
I0000 00:00:1770177271.473882   51555 abstract_learner.cc:172] The label "class" was removed from the input feature set.
I0000 00:00:1770177271.474136   51555 vertical_dataset_io.cc:82] 100 examples scanned.
I0000 00:00:1770177271.474575   51555 vertical_dataset_io.cc:88] 621 examples read. Memory: usage:0MB allocated:0MB. 0 (0%) examples have been skipped.
I0000 00:00:1770177271.474596   51555 abstract_learner.cc:155] No input feature explicitly specified. Using all the available input features.
I0000 00:00:1770177271.474599   51555 abstract_learner.cc:172] The label "class" was removed from the input feature set.
I0000 00:00:1770177271.474610   51555 random_forest.cc:465] Training random forest on 621 example(s) and 15 feature(s).
I0000 00:00:1770177271.474615   51555 gpu.cc:93] Cannot initialize GPU: Not compiled with GPU support
I0000 00:00:1770177271.474793   51555 random_forest.cc:659] num_threads being used: 48
I0000 00:00:1770177271.483131   51596 random_forest.cc:981] Train tree 1/240 [index:5 total:0.01s tree:0.01s]
I0000 00:00:1770177271.522565   51555 random_forest.cc:990] random_forest.cc Training block took: 0.047987 s
I0000 00:00:1770177271.522592   51555 random_forest.cc:1062] After Random Forest Training block. RETURNING EARLY TO SPEED UP XPS!!
-1 (automatic) threads requested. 48 threads set.
Configuring oblique splits
Using histogram splitting: Random with 256 bins
./bazel-bin/examples/train_oblique_forest --input_mode csv --train_csv "benchmarks/data/cc18_binary_csv/task_167125_Internet-Advertisements/repeat0_fold0_sample0_train.csv" --label_col "class" --numerical_split_type "Random" --num_trees 240 --num_threads -1 --histogram_num_bins 256


Inferring DataSpec from CSV: benchmarks/data/cc18_binary_csv/task_167125_Internet-Advertisements/repeat0_fold0_sample0_train.csv


WARNING: All log messages before absl::InitializeLog() is called are written to STDERR
I0000 00:00:1770177271.532624   51608 csv_example_reader.cc:212] 0 row(s) processed
I0000 00:00:1770177271.675106   51608 csv_example_reader.cc:216] Stop scanning the csv file to infer the type. Some records were not considered.
I0000 00:00:1770177271.675301   51608 data_spec_inference.cc:457] 1559 column(s) found
I0000 00:00:1770177271.676073   51608 csv_example_reader.cc:303] 0 row(s) processed
I0000 00:00:1770177271.799091   51608 data_spec_inference.cc:494] Finalizing [2951 row(s) found]
I0000 00:00:1770177271.799259   51608 abstract_learner.cc:155] No input feature explicitly specified. Using all the available input features.
I0000 00:00:1770177271.799263   51608 abstract_learner.cc:172] The label "class" was removed from the input feature set.
I0000 00:00:1770177271.806506   51608 vertical_dataset_io.cc:82] 100 examples scanned.
I0000 00:00:1770177271.970452   51608 vertical_dataset_io.cc:88] 2951 examples read. Memory: usage:4MB allocated:4MB. 0 (0%) examples have been skipped.
I0000 00:00:1770177271.970736   51608 abstract_learner.cc:155] No input feature explicitly specified. Using all the available input features.
I0000 00:00:1770177271.970777   51608 abstract_learner.cc:172] The label "class" was removed from the input feature set.
I0000 00:00:1770177271.970895   51608 random_forest.cc:465] Training random forest on 2951 example(s) and 1558 feature(s).
I0000 00:00:1770177271.970946   51608 gpu.cc:93] Cannot initialize GPU: Not compiled with GPU support
I0000 00:00:1770177271.971222   51608 random_forest.cc:659] num_threads being used: 48
I0000 00:00:1770177272.000982   51624 random_forest.cc:981] Train tree 1/240 [index:24 total:0.03s tree:0.03s]
I0000 00:00:1770177272.216072   51608 random_forest.cc:990] random_forest.cc Training block took: 0.245488 s
I0000 00:00:1770177272.216097   51608 random_forest.cc:1062] After Random Forest Training block. RETURNING EARLY TO SPEED UP XPS!!
-1 (automatic) threads requested. 48 threads set.
Configuring oblique splits
Using histogram splitting: Random with 256 bins
./bazel-bin/examples/train_oblique_forest --input_mode trunk --rows 10000 --numerical_split_type "Random" --num_trees 240 --num_threads -1 --histogram_num_bins 256
WARNING: All log messages before absl::InitializeLog() is called are written to STDERR
I0000 00:00:1770177272.569104   51660 abstract_learner.cc:155] No input feature explicitly specified. Using all the available input features.
I0000 00:00:1770177272.569127   51660 abstract_learner.cc:172] The label "y" was removed from the input feature set.
I0000 00:00:1770177272.569681   51660 random_forest.cc:465] Training random forest on 10000 example(s) and 4096 feature(s).
I0000 00:00:1770177272.569811   51660 gpu.cc:93] Cannot initialize GPU: Not compiled with GPU support
I0000 00:00:1770177272.570693   51660 random_forest.cc:659] num_threads being used: 48
I0000 00:00:1770177274.264016   51703 random_forest.cc:981] Train tree 1/240 [index:9 total:1.69s tree:1.69s]
I0000 00:00:1770177285.046940   51660 random_forest.cc:990] random_forest.cc Training block took: 12.4781 s
I0000 00:00:1770177285.046992   51660 random_forest.cc:1062] After Random Forest Training block. RETURNING EARLY TO SPEED UP XPS!!

Generating trunk synthetic dataset: rows=10000, cols=4096
-1 (automatic) threads requested. 48 threads set.
Configuring oblique splits
Using histogram splitting: Random with 256 bins
./bazel-bin/examples/train_oblique_forest --input_mode trunk --rows 100000 --numerical_split_type "Random" --num_trees 240 --num_threads -1 --histogram_num_bins 256
WARNING: All log messages before absl::InitializeLog() is called are written to STDERR
I0000 00:00:1770177288.507089   51760 abstract_learner.cc:155] No input feature explicitly specified. Using all the available input features.
I0000 00:00:1770177288.507120   51760 abstract_learner.cc:172] The label "y" was removed from the input feature set.
I0000 00:00:1770177288.507706   51760 random_forest.cc:465] Training random forest on 100000 example(s) and 4096 feature(s).
I0000 00:00:1770177288.507906   51760 gpu.cc:93] Cannot initialize GPU: Not compiled with GPU support
I0000 00:00:1770177288.508828   51760 random_forest.cc:659] num_threads being used: 48
I0000 00:00:1770177308.838286   51791 random_forest.cc:981] Train tree 1/240 [index:37 total:20.33s tree:20.32s]
I0000 00:00:1770177329.077836   51806 random_forest.cc:981] Train tree 50/240 [index:50 total:40.57s tree:19.43s]
I0000 00:00:1770177350.370546   51815 random_forest.cc:981] Train tree 97/240 [index:96 total:1m1.86s tree:22.56s]
I0000 00:00:1770177371.978637   51815 random_forest.cc:981] Train tree 145/240 [index:144 total:1m23.47s tree:21.61s]
I0000 00:00:1770177395.810996   51815 random_forest.cc:981] Train tree 193/240 [index:192 total:1m47.30s tree:23.83s]
I0000 00:00:1770177406.475733   51760 random_forest.cc:990] random_forest.cc Training block took: 117.969 s
I0000 00:00:1770177406.475780   51760 random_forest.cc:1062] After Random Forest Training block. RETURNING EARLY TO SPEED UP XPS!!

Generating trunk synthetic dataset: rows=100000, cols=4096
-1 (automatic) threads requested. 48 threads set.
Configuring oblique splits
Using histogram splitting: Random with 256 bins
./bazel-bin/examples/train_oblique_forest --input_mode trunk --rows 1000000 --numerical_split_type "Random" --num_trees 240 --num_threads -1 --histogram_num_bins 256
WARNING: All log messages before absl::InitializeLog() is called are written to STDERR
I0000 00:00:1770177440.815722   52289 abstract_learner.cc:155] No input feature explicitly specified. Using all the available input features.
I0000 00:00:1770177440.815754   52289 abstract_learner.cc:172] The label "y" was removed from the input feature set.
I0000 00:00:1770177440.816340   52289 random_forest.cc:465] Training random forest on 1000000 example(s) and 4096 feature(s).
I0000 00:00:1770177440.816551   52289 gpu.cc:93] Cannot initialize GPU: Not compiled with GPU support
I0000 00:00:1770177440.817508   52289 random_forest.cc:659] num_threads being used: 48
I0000 00:00:1770177632.689222   52429 random_forest.cc:981] Train tree 1/240 [index:20 total:3m11.87s tree:3m11.87s]
I0000 00:00:1770177654.335760   52420 random_forest.cc:981] Train tree 6/240 [index:9 total:3m33.52s tree:3m33.51s]
I0000 00:00:1770177675.035885   52433 random_forest.cc:981] Train tree 46/240 [index:22 total:3m54.22s tree:3m54.21s]
I0000 00:00:1770177848.257214   52429 random_forest.cc:981] Train tree 49/240 [index:48 total:6m47.44s tree:3m35.57s]
I0000 00:00:1770177869.026572   52428 random_forest.cc:981] Train tree 54/240 [index:49 total:7m8.21s tree:3m53.73s]
I0000 00:00:1770177889.576561   52444 random_forest.cc:981] Train tree 70/240 [index:95 total:7m28.76s tree:3m34.32s]
I0000 00:00:1770178075.506688   52457 random_forest.cc:981] Train tree 97/240 [index:97 total:10m34.69s tree:3m39.79s]
I0000 00:00:1770178095.950020   52462 random_forest.cc:981] Train tree 105/240 [index:103 total:10m55.13s tree:3m40.29s]
I0000 00:00:1770178116.720640   52424 random_forest.cc:981] Train tree 125/240 [index:121 total:11m15.90s tree:3m46.15s]
I0000 00:00:1770178136.904735   52461 random_forest.cc:981] Train tree 144/240 [index:142 total:11m36.09s tree:3m52.56s]
I0000 00:00:1770178280.442200   52428 random_forest.cc:981] Train tree 145/240 [index:147 total:13m59.62s tree:3m22.11s]
I0000 00:00:1770178301.648432   52425 random_forest.cc:981] Train tree 150/240 [index:148 total:14m20.83s tree:3m37.35s]
I0000 00:00:1770178322.571382   52422 random_forest.cc:981] Train tree 157/240 [index:170 total:14m41.75s tree:3m27.97s]
I0000 00:00:1770178342.613729   52419 random_forest.cc:981] Train tree 170/240 [index:175 total:15m1.80s tree:3m43.89s]
I0000 00:00:1770178485.333508   52458 random_forest.cc:981] Train tree 193/240 [index:208 total:17m24.52s tree:2m38.92s]
I0000 00:00:1770178506.071926   52428 random_forest.cc:981] Train tree 195/240 [index:192 total:17m45.25s tree:3m45.63s]
I0000 00:00:1770178528.464014   52425 random_forest.cc:981] Train tree 198/240 [index:197 total:18m7.65s tree:3m46.82s]
I0000 00:00:1770178551.797634   52463 random_forest.cc:981] Train tree 209/240 [index:213 total:18m30.98s tree:3m33.65s]
I0000 00:00:1770178572.024359   52421 random_forest.cc:981] Train tree 229/240 [index:238 total:18m51.21s tree:3m35.03s]
I0000 00:00:1770178586.348665   52289 random_forest.cc:990] random_forest.cc Training block took: 1145.53 s
I0000 00:00:1770178586.348715   52289 random_forest.cc:1062] After Random Forest Training block. RETURNING EARLY TO SPEED UP XPS!!

Generating trunk synthetic dataset: rows=1000000, cols=4096
-1 (automatic) threads requested. 48 threads set.
Configuring oblique splits
Using histogram splitting: Random with 256 bins


======== Running Dynamic Random Histogram [VECTORIZE: AVX512] with 256 bins ========

./bazel-bin/examples/train_oblique_forest --input_mode csv --train_csv "benchmarks/data/HIGGS_with_header.csv" --label_col "class" --numerical_split_type "Dynamic Random Histogram" --num_trees 240 --num_threads -1 --histogram_num_bins 256


Inferring DataSpec from CSV: benchmarks/data/HIGGS_with_header.csv


WARNING: All log messages before absl::InitializeLog() is called are written to STDERR
I0000 00:00:1770178587.197121   56817 csv_example_reader.cc:212] 0 row(s) processed
I0000 00:00:1770178587.205385   56817 csv_example_reader.cc:216] Stop scanning the csv file to infer the type. Some records were not considered.
I0000 00:00:1770178587.205400   56817 data_spec_inference.cc:457] 29 column(s) found
I0000 00:00:1770178587.205414   56817 csv_example_reader.cc:303] 0 row(s) processed
I0000 00:00:1770178617.205517   56817 csv_example_reader.cc:303] 8285658 row(s) processed
I0000 00:00:1770178627.028717   56817 data_spec_inference.cc:494] Finalizing [11000000 row(s) found]
I0000 00:00:1770178627.028815   56817 abstract_learner.cc:155] No input feature explicitly specified. Using all the available input features.
I0000 00:00:1770178627.028818   56817 abstract_learner.cc:172] The label "class" was removed from the input feature set.
I0000 00:00:1770178627.029360   56817 vertical_dataset_io.cc:82] 100 examples scanned.
I0000 00:00:1770178657.029759   56817 vertical_dataset_io.cc:82] 7799700 examples scanned.
I0000 00:00:1770178670.145398   56817 vertical_dataset_io.cc:88] 11000000 examples read. Memory: usage:1276MB allocated:1276MB. 0 (0%) examples have been skipped.
I0000 00:00:1770178670.145470   56817 abstract_learner.cc:155] No input feature explicitly specified. Using all the available input features.
I0000 00:00:1770178670.145474   56817 abstract_learner.cc:172] The label "class" was removed from the input feature set.
I0000 00:00:1770178670.145491   56817 random_forest.cc:465] Training random forest on 11000000 example(s) and 28 feature(s).
I0000 00:00:1770178670.145501   56817 gpu.cc:93] Cannot initialize GPU: Not compiled with GPU support
I0000 00:00:1770178670.145736   56817 random_forest.cc:659] num_threads being used: 48
I0000 00:00:1770178736.247677   57199 random_forest.cc:981] Train tree 1/240 [index:1 total:1m6.10s tree:1m6.10s]
I0000 00:00:1770178803.410024   57202 random_forest.cc:981] Train tree 49/240 [index:49 total:2m13.26s tree:1m6.98s]
I0000 00:00:1770178870.497562   57199 random_forest.cc:981] Train tree 97/240 [index:99 total:3m20.35s tree:1m6.62s]
I0000 00:00:1770178938.210599   57199 random_forest.cc:981] Train tree 145/240 [index:144 total:4m28.06s tree:1m7.71s]
I0000 00:00:1770179005.214564   57199 random_forest.cc:981] Train tree 193/240 [index:192 total:5m35.07s tree:1m7.00s]
I0000 00:00:1770179011.423388   56817 random_forest.cc:990] random_forest.cc Training block took: 341.278 s
I0000 00:00:1770179011.423435   56817 random_forest.cc:1062] After Random Forest Training block. RETURNING EARLY TO SPEED UP XPS!!
-1 (automatic) threads requested. 48 threads set.
Configuring oblique splits
Using Dynamic Random Histogram with 256 samples
./bazel-bin/examples/train_oblique_forest --input_mode csv --train_csv "benchmarks/data/SUSY_with_header.csv" --label_col "class" --numerical_split_type "Dynamic Random Histogram" --num_trees 240 --num_threads -1 --histogram_num_bins 256


Inferring DataSpec from CSV: benchmarks/data/SUSY_with_header.csv


WARNING: All log messages before absl::InitializeLog() is called are written to STDERR
I0000 00:00:1770179019.182469   59036 csv_example_reader.cc:212] 0 row(s) processed
I0000 00:00:1770179019.187786   59036 csv_example_reader.cc:216] Stop scanning the csv file to infer the type. Some records were not considered.
I0000 00:00:1770179019.187802   59036 data_spec_inference.cc:457] 19 column(s) found
I0000 00:00:1770179019.187813   59036 csv_example_reader.cc:303] 0 row(s) processed
I0000 00:00:1770179031.063465   59036 data_spec_inference.cc:494] Finalizing [5000000 row(s) found]
I0000 00:00:1770179031.063571   59036 abstract_learner.cc:155] No input feature explicitly specified. Using all the available input features.
I0000 00:00:1770179031.063574   59036 abstract_learner.cc:172] The label "class" was removed from the input feature set.
I0000 00:00:1770179031.063987   59036 vertical_dataset_io.cc:82] 100 examples scanned.
I0000 00:00:1770179044.022533   59036 vertical_dataset_io.cc:88] 5000000 examples read. Memory: usage:380MB allocated:380MB. 0 (0%) examples have been skipped.
I0000 00:00:1770179044.022606   59036 abstract_learner.cc:155] No input feature explicitly specified. Using all the available input features.
I0000 00:00:1770179044.022611   59036 abstract_learner.cc:172] The label "class" was removed from the input feature set.
I0000 00:00:1770179044.022628   59036 random_forest.cc:465] Training random forest on 5000000 example(s) and 18 feature(s).
I0000 00:00:1770179044.022639   59036 gpu.cc:93] Cannot initialize GPU: Not compiled with GPU support
I0000 00:00:1770179044.022883   59036 random_forest.cc:659] num_threads being used: 48
I0000 00:00:1770179062.902713   59214 random_forest.cc:981] Train tree 1/240 [index:6 total:18.88s tree:18.88s]
I0000 00:00:1770179085.824128   59214 random_forest.cc:981] Train tree 49/240 [index:48 total:41.80s tree:22.92s]
I0000 00:00:1770179108.745724   59214 random_forest.cc:981] Train tree 98/240 [index:96 total:1m4.72s tree:22.92s]
I0000 00:00:1770179131.890308   59214 random_forest.cc:981] Train tree 146/240 [index:145 total:1m27.87s tree:23.14s]
I0000 00:00:1770179152.919162   59175 random_forest.cc:981] Train tree 194/240 [index:210 total:1m48.90s tree:16.56s]
I0000 00:00:1770179160.358292   59036 random_forest.cc:990] random_forest.cc Training block took: 116.336 s
I0000 00:00:1770179160.358332   59036 random_forest.cc:1062] After Random Forest Training block. RETURNING EARLY TO SPEED UP XPS!!
-1 (automatic) threads requested. 48 threads set.
Configuring oblique splits
Using Dynamic Random Histogram with 256 samples
./bazel-bin/examples/train_oblique_forest --input_mode csv --train_csv "benchmarks/data/cc18_binary_csv/task_14965_bank-marketing/repeat0_fold0_sample0_train.csv" --label_col "Class" --numerical_split_type "Dynamic Random Histogram" --num_trees 240 --num_threads -1 --histogram_num_bins 256


Inferring DataSpec from CSV: benchmarks/data/cc18_binary_csv/task_14965_bank-marketing/repeat0_fold0_sample0_train.csv


WARNING: All log messages before absl::InitializeLog() is called are written to STDERR
I0000 00:00:1770179163.477801   59848 csv_example_reader.cc:212] 0 row(s) processed
I0000 00:00:1770179163.480174   59848 csv_example_reader.cc:216] Stop scanning the csv file to infer the type. Some records were not considered.
I0000 00:00:1770179163.480187   59848 data_spec_inference.cc:457] 17 column(s) found
I0000 00:00:1770179163.480196   59848 csv_example_reader.cc:303] 0 row(s) processed
I0000 00:00:1770179163.521603   59848 data_spec_inference.cc:494] Finalizing [40689 row(s) found]
I0000 00:00:1770179163.521680   59848 abstract_learner.cc:155] No input feature explicitly specified. Using all the available input features.
I0000 00:00:1770179163.521682   59848 abstract_learner.cc:172] The label "Class" was removed from the input feature set.
I0000 00:00:1770179163.521981   59848 vertical_dataset_io.cc:82] 100 examples scanned.
I0000 00:00:1770179163.560660   59848 vertical_dataset_io.cc:88] 40689 examples read. Memory: usage:2MB allocated:2MB. 0 (0%) examples have been skipped.
I0000 00:00:1770179163.560694   59848 abstract_learner.cc:155] No input feature explicitly specified. Using all the available input features.
I0000 00:00:1770179163.560698   59848 abstract_learner.cc:172] The label "Class" was removed from the input feature set.
I0000 00:00:1770179163.560714   59848 random_forest.cc:465] Training random forest on 40689 example(s) and 16 feature(s).
I0000 00:00:1770179163.560722   59848 gpu.cc:93] Cannot initialize GPU: Not compiled with GPU support
I0000 00:00:1770179163.560925   59848 random_forest.cc:659] num_threads being used: 48
I0000 00:00:1770179163.618871   59852 random_forest.cc:981] Train tree 1/240 [index:0 total:0.06s tree:0.06s]
I0000 00:00:1770179163.872088   59848 random_forest.cc:990] random_forest.cc Training block took: 0.311422 s
I0000 00:00:1770179163.872129   59848 random_forest.cc:1062] After Random Forest Training block. RETURNING EARLY TO SPEED UP XPS!!
-1 (automatic) threads requested. 48 threads set.
Configuring oblique splits
Using Dynamic Random Histogram with 256 samples
./bazel-bin/examples/train_oblique_forest --input_mode csv --train_csv "benchmarks/data/cc18_binary_csv/task_14952_PhishingWebsites/repeat0_fold0_sample0_train.csv" --label_col "Result" --numerical_split_type "Dynamic Random Histogram" --num_trees 240 --num_threads -1 --histogram_num_bins 256


Inferring DataSpec from CSV: benchmarks/data/cc18_binary_csv/task_14952_PhishingWebsites/repeat0_fold0_sample0_train.csv


WARNING: All log messages before absl::InitializeLog() is called are written to STDERR
I0000 00:00:1770179163.907310   59900 csv_example_reader.cc:212] 0 row(s) processed
I0000 00:00:1770179163.911106   59900 csv_example_reader.cc:216] Stop scanning the csv file to infer the type. Some records were not considered.
I0000 00:00:1770179163.911120   59900 data_spec_inference.cc:457] 31 column(s) found
I0000 00:00:1770179163.911132   59900 csv_example_reader.cc:303] 0 row(s) processed
I0000 00:00:1770179163.923739   59900 data_spec_inference.cc:494] Finalizing [9949 row(s) found]
I0000 00:00:1770179163.923806   59900 abstract_learner.cc:155] No input feature explicitly specified. Using all the available input features.
I0000 00:00:1770179163.923809   59900 abstract_learner.cc:172] The label "Result" was removed from the input feature set.
I0000 00:00:1770179163.924136   59900 vertical_dataset_io.cc:82] 100 examples scanned.
I0000 00:00:1770179163.938520   59900 vertical_dataset_io.cc:88] 9949 examples read. Memory: usage:1MB allocated:1MB. 0 (0%) examples have been skipped.
I0000 00:00:1770179163.938556   59900 abstract_learner.cc:155] No input feature explicitly specified. Using all the available input features.
I0000 00:00:1770179163.938560   59900 abstract_learner.cc:172] The label "Result" was removed from the input feature set.
I0000 00:00:1770179163.938573   59900 random_forest.cc:465] Training random forest on 9949 example(s) and 30 feature(s).
I0000 00:00:1770179163.938581   59900 gpu.cc:93] Cannot initialize GPU: Not compiled with GPU support
I0000 00:00:1770179163.938774   59900 random_forest.cc:659] num_threads being used: 48
I0000 00:00:1770179163.954251   59906 random_forest.cc:981] Train tree 1/240 [index:1 total:0.02s tree:0.01s]
I0000 00:00:1770179164.033928   59900 random_forest.cc:990] random_forest.cc Training block took: 0.0953963 s
I0000 00:00:1770179164.033955   59900 random_forest.cc:1062] After Random Forest Training block. RETURNING EARLY TO SPEED UP XPS!!
-1 (automatic) threads requested. 48 threads set.
Configuring oblique splits
Using Dynamic Random Histogram with 256 samples
./bazel-bin/examples/train_oblique_forest --input_mode csv --train_csv "benchmarks/data/cc18_binary_csv/task_29_credit-approval/repeat0_fold0_sample0_train.csv" --label_col "class" --numerical_split_type "Dynamic Random Histogram" --num_trees 240 --num_threads -1 --histogram_num_bins 256


Inferring DataSpec from CSV: benchmarks/data/cc18_binary_csv/task_29_credit-approval/repeat0_fold0_sample0_train.csv


WARNING: All log messages before absl::InitializeLog() is called are written to STDERR
I0000 00:00:1770179164.046824   59952 csv_example_reader.cc:212] 0 row(s) processed
I0000 00:00:1770179164.048286   59952 data_spec_inference.cc:457] 16 column(s) found
I0000 00:00:1770179164.048297   59952 csv_example_reader.cc:303] 0 row(s) processed
I0000 00:00:1770179164.048981   59952 data_spec_inference.cc:354] 1 item(s) have been pruned (i.e. they are considered out of dictionary) for the column A4 (2 item(s) left) because min_value_count=5 and max_number_of_unique_values=2000
I0000 00:00:1770179164.048987   59952 data_spec_inference.cc:354] 1 item(s) have been pruned (i.e. they are considered out of dictionary) for the column A5 (2 item(s) left) because min_value_count=5 and max_number_of_unique_values=2000
I0000 00:00:1770179164.048992   59952 data_spec_inference.cc:354] 1 item(s) have been pruned (i.e. they are considered out of dictionary) for the column A6 (13 item(s) left) because min_value_count=5 and max_number_of_unique_values=2000
I0000 00:00:1770179164.048997   59952 data_spec_inference.cc:354] 2 item(s) have been pruned (i.e. they are considered out of dictionary) for the column A7 (7 item(s) left) because min_value_count=5 and max_number_of_unique_values=2000
I0000 00:00:1770179164.049008   59952 data_spec_inference.cc:494] Finalizing [621 row(s) found]
I0000 00:00:1770179164.049066   59952 abstract_learner.cc:155] No input feature explicitly specified. Using all the available input features.
I0000 00:00:1770179164.049069   59952 abstract_learner.cc:172] The label "class" was removed from the input feature set.
I0000 00:00:1770179164.049361   59952 vertical_dataset_io.cc:82] 100 examples scanned.
I0000 00:00:1770179164.049878   59952 vertical_dataset_io.cc:88] 621 examples read. Memory: usage:0MB allocated:0MB. 0 (0%) examples have been skipped.
I0000 00:00:1770179164.049902   59952 abstract_learner.cc:155] No input feature explicitly specified. Using all the available input features.
I0000 00:00:1770179164.049907   59952 abstract_learner.cc:172] The label "class" was removed from the input feature set.
I0000 00:00:1770179164.049919   59952 random_forest.cc:465] Training random forest on 621 example(s) and 15 feature(s).
I0000 00:00:1770179164.049925   59952 gpu.cc:93] Cannot initialize GPU: Not compiled with GPU support
I0000 00:00:1770179164.050130   59952 random_forest.cc:659] num_threads being used: 48
I0000 00:00:1770179164.051983   60001 random_forest.cc:981] Train tree 1/240 [index:0 total:0.00s tree:0.00s]
I0000 00:00:1770179164.057610   59952 random_forest.cc:990] random_forest.cc Training block took: 0.00772602 s
I0000 00:00:1770179164.057636   59952 random_forest.cc:1062] After Random Forest Training block. RETURNING EARLY TO SPEED UP XPS!!
-1 (automatic) threads requested. 48 threads set.
Configuring oblique splits
Using Dynamic Random Histogram with 256 samples
./bazel-bin/examples/train_oblique_forest --input_mode csv --train_csv "benchmarks/data/cc18_binary_csv/task_167125_Internet-Advertisements/repeat0_fold0_sample0_train.csv" --label_col "class" --numerical_split_type "Dynamic Random Histogram" --num_trees 240 --num_threads -1 --histogram_num_bins 256


Inferring DataSpec from CSV: benchmarks/data/cc18_binary_csv/task_167125_Internet-Advertisements/repeat0_fold0_sample0_train.csv


WARNING: All log messages before absl::InitializeLog() is called are written to STDERR
I0000 00:00:1770179164.067985   60004 csv_example_reader.cc:212] 0 row(s) processed
I0000 00:00:1770179164.211769   60004 csv_example_reader.cc:216] Stop scanning the csv file to infer the type. Some records were not considered.
I0000 00:00:1770179164.211969   60004 data_spec_inference.cc:457] 1559 column(s) found
I0000 00:00:1770179164.212753   60004 csv_example_reader.cc:303] 0 row(s) processed
I0000 00:00:1770179164.335449   60004 data_spec_inference.cc:494] Finalizing [2951 row(s) found]
I0000 00:00:1770179164.335607   60004 abstract_learner.cc:155] No input feature explicitly specified. Using all the available input features.
I0000 00:00:1770179164.335611   60004 abstract_learner.cc:172] The label "class" was removed from the input feature set.
I0000 00:00:1770179164.342822   60004 vertical_dataset_io.cc:82] 100 examples scanned.
I0000 00:00:1770179164.506614   60004 vertical_dataset_io.cc:88] 2951 examples read. Memory: usage:4MB allocated:4MB. 0 (0%) examples have been skipped.
I0000 00:00:1770179164.506892   60004 abstract_learner.cc:155] No input feature explicitly specified. Using all the available input features.
I0000 00:00:1770179164.506933   60004 abstract_learner.cc:172] The label "class" was removed from the input feature set.
I0000 00:00:1770179164.507052   60004 random_forest.cc:465] Training random forest on 2951 example(s) and 1558 feature(s).
I0000 00:00:1770179164.507099   60004 gpu.cc:93] Cannot initialize GPU: Not compiled with GPU support
I0000 00:00:1770179164.507382   60004 random_forest.cc:659] num_threads being used: 48
I0000 00:00:1770179164.533889   60044 random_forest.cc:981] Train tree 1/240 [index:1 total:0.03s tree:0.03s]
I0000 00:00:1770179164.722953   60004 random_forest.cc:990] random_forest.cc Training block took: 0.216205 s
I0000 00:00:1770179164.722975   60004 random_forest.cc:1062] After Random Forest Training block. RETURNING EARLY TO SPEED UP XPS!!
-1 (automatic) threads requested. 48 threads set.
Configuring oblique splits
Using Dynamic Random Histogram with 256 samples
./bazel-bin/examples/train_oblique_forest --input_mode trunk --rows 10000 --numerical_split_type "Dynamic Random Histogram" --num_trees 240 --num_threads -1 --histogram_num_bins 256
WARNING: All log messages before absl::InitializeLog() is called are written to STDERR
I0000 00:00:1770179165.073435   60056 abstract_learner.cc:155] No input feature explicitly specified. Using all the available input features.
I0000 00:00:1770179165.073458   60056 abstract_learner.cc:172] The label "y" was removed from the input feature set.
I0000 00:00:1770179165.074023   60056 random_forest.cc:465] Training random forest on 10000 example(s) and 4096 feature(s).
I0000 00:00:1770179165.074191   60056 gpu.cc:93] Cannot initialize GPU: Not compiled with GPU support
I0000 00:00:1770179165.075070   60056 random_forest.cc:659] num_threads being used: 48
I0000 00:00:1770179165.393888   60081 random_forest.cc:981] Train tree 1/240 [index:38 total:0.32s tree:0.31s]
I0000 00:00:1770179166.948565   60056 random_forest.cc:990] random_forest.cc Training block took: 1.87549 s
I0000 00:00:1770179166.948612   60056 random_forest.cc:1062] After Random Forest Training block. RETURNING EARLY TO SPEED UP XPS!!

Generating trunk synthetic dataset: rows=10000, cols=4096
-1 (automatic) threads requested. 48 threads set.
Configuring oblique splits
Using Dynamic Random Histogram with 256 samples
./bazel-bin/examples/train_oblique_forest --input_mode trunk --rows 100000 --numerical_split_type "Dynamic Random Histogram" --num_trees 240 --num_threads -1 --histogram_num_bins 256
WARNING: All log messages before absl::InitializeLog() is called are written to STDERR
I0000 00:00:1770179170.408963   60121 abstract_learner.cc:155] No input feature explicitly specified. Using all the available input features.
I0000 00:00:1770179170.408994   60121 abstract_learner.cc:172] The label "y" was removed from the input feature set.
I0000 00:00:1770179170.409579   60121 random_forest.cc:465] Training random forest on 100000 example(s) and 4096 feature(s).
I0000 00:00:1770179170.409765   60121 gpu.cc:93] Cannot initialize GPU: Not compiled with GPU support
I0000 00:00:1770179170.410699   60121 random_forest.cc:659] num_threads being used: 48
I0000 00:00:1770179174.468372   60186 random_forest.cc:981] Train tree 1/240 [index:36 total:4.06s tree:4.05s]
I0000 00:00:1770179192.648540   60121 random_forest.cc:990] random_forest.cc Training block took: 22.24 s
I0000 00:00:1770179192.648587   60121 random_forest.cc:1062] After Random Forest Training block. RETURNING EARLY TO SPEED UP XPS!!

Generating trunk synthetic dataset: rows=100000, cols=4096
-1 (automatic) threads requested. 48 threads set.
Configuring oblique splits
Using Dynamic Random Histogram with 256 samples
./bazel-bin/examples/train_oblique_forest --input_mode trunk --rows 1000000 --numerical_split_type "Dynamic Random Histogram" --num_trees 240 --num_threads -1 --histogram_num_bins 256
WARNING: All log messages before absl::InitializeLog() is called are written to STDERR
I0000 00:00:1770179226.990718   60314 abstract_learner.cc:155] No input feature explicitly specified. Using all the available input features.
I0000 00:00:1770179226.990753   60314 abstract_learner.cc:172] The label "y" was removed from the input feature set.
I0000 00:00:1770179226.991345   60314 random_forest.cc:465] Training random forest on 1000000 example(s) and 4096 feature(s).
I0000 00:00:1770179226.991545   60314 gpu.cc:93] Cannot initialize GPU: Not compiled with GPU support
I0000 00:00:1770179226.992516   60314 random_forest.cc:659] num_threads being used: 48
I0000 00:00:1770179272.250800   60515 random_forest.cc:981] Train tree 1/240 [index:20 total:45.26s tree:45.25s]
I0000 00:00:1770179320.504615   60515 random_forest.cc:981] Train tree 49/240 [index:48 total:1m33.51s tree:48.25s]
I0000 00:00:1770179368.585090   60515 random_forest.cc:981] Train tree 97/240 [index:96 total:2m21.59s tree:48.08s]
I0000 00:00:1770179417.054333   60526 random_forest.cc:981] Train tree 145/240 [index:149 total:3m10.06s tree:46.78s]
I0000 00:00:1770179463.953316   60537 random_forest.cc:981] Train tree 193/240 [index:208 total:3m56.96s tree:43.72s]
I0000 00:00:1770179473.326585   60314 random_forest.cc:990] random_forest.cc Training block took: 246.336 s
I0000 00:00:1770179473.326642   60314 random_forest.cc:1062] After Random Forest Training block. RETURNING EARLY TO SPEED UP XPS!!

Generating trunk synthetic dataset: rows=1000000, cols=4096
-1 (automatic) threads requested. 48 threads set.
Configuring oblique splits
Using Dynamic Random Histogram with 256 samples
