

======== NORMAL EXPERIMENTS (no explicit vector ISA) histogram_num_bins=64 ========



======== OBLIQUE EXPERIMENTS histogram_num_bins=64 ========



======== Running Exact [Oblique] ========

./bazel-bin/examples/train_oblique_forest --input_mode csv --train_csv "benchmarks/data/HIGGS_with_header.csv" --label_col "class" --feature_split_type "Oblique" --numerical_split_type "Exact" --num_trees=40 --num_threads=-1 --compute_oob_performances=false  
----- Run 1/7 -----


Inferring DataSpec from CSV: benchmarks/data/HIGGS_with_header.csv


WARNING: All log messages before absl::InitializeLog() is called are written to STDERR
I0000 00:00:1777605714.057768    5515 csv_example_reader.cc:212] 0 row(s) processed
I0000 00:00:1777605714.069760    5515 csv_example_reader.cc:216] Stop scanning the csv file to infer the type. Some records were not considered.
I0000 00:00:1777605714.069787    5515 data_spec_inference.cc:457] 29 column(s) found
I0000 00:00:1777605714.069809    5515 csv_example_reader.cc:303] 0 row(s) processed
I0000 00:00:1777605744.069973    5515 csv_example_reader.cc:303] 5529965 row(s) processed
I0000 00:00:1777605774.070045    5515 csv_example_reader.cc:303] 10912466 row(s) processed
I0000 00:00:1777605774.557182    5515 data_spec_inference.cc:494] Finalizing [11000000 row(s) found]
I0000 00:00:1777605774.557266    5515 train_oblique_forest.cc:391] Configuring oblique splits
I0000 00:00:1777605774.557271    5515 train_oblique_forest.cc:439] Using exact splitting
I0000 00:00:1777605774.557325    5515 abstract_learner.cc:155] No input feature explicitly specified. Using all the available input features.
I0000 00:00:1777605774.557329    5515 abstract_learner.cc:172] The label "class" was removed from the input feature set.
I0000 00:00:1777605774.557995    5515 vertical_dataset_io.cc:82] 100 examples scanned.
I0000 00:00:1777605804.558504    5515 vertical_dataset_io.cc:82] 6331300 examples scanned.
I0000 00:00:1777605827.432989    5515 vertical_dataset_io.cc:88] 11000000 examples read. Memory: usage:1276MB allocated:1276MB. 0 (0%) examples have been skipped.
I0000 00:00:1777605827.433099    5515 abstract_learner.cc:155] No input feature explicitly specified. Using all the available input features.
I0000 00:00:1777605827.433105    5515 abstract_learner.cc:172] The label "class" was removed from the input feature set.
I0000 00:00:1777605827.433130    5515 random_forest.cc:478] Training random forest on 11000000 example(s) and 28 feature(s).
I0000 00:00:1777605827.433147    5515 gpu.cc:93] Cannot initialize GPU: Not compiled with GPU support
I0000 00:00:1777605827.433414    5515 random_forest.cc:713] num_threads being used: 8
I0000 00:00:1777605887.116145    5959 random_forest.cc:1121] Train tree 1/40 [index:1 total:59.68s tree:59.68s]
I0000 00:00:1777605947.186551    5955 random_forest.cc:1121] Train tree 9/40 [index:12 total:1m59.75s tree:59.48s]
I0000 00:00:1777606008.117909    5956 random_forest.cc:1121] Train tree 17/40 [index:21 total:3m0.68s tree:58.88s]
I0000 00:00:1777606068.088072    5956 random_forest.cc:1121] Train tree 25/40 [index:24 total:4m0.65s tree:59.97s]
I0000 00:00:1777606127.713382    5956 random_forest.cc:1121] Train tree 33/40 [index:32 total:5m0.28s tree:59.62s]
I0000 00:00:1777606135.073619    5515 random_forest.cc:1131] random_forest.cc Training block took: 307.641 s
I0000 00:00:1777606135.073671    5515 random_forest.cc:1217] EXITING EARLY TO SPEED UP EXPERIMENTS!
-1 (automatic) threads requested. 8 threads set.
----- Run 2/7 -----


Inferring DataSpec from CSV: benchmarks/data/HIGGS_with_header.csv


WARNING: All log messages before absl::InitializeLog() is called are written to STDERR
I0000 00:00:1777606136.498490    7120 csv_example_reader.cc:212] 0 row(s) processed
I0000 00:00:1777606136.508628    7120 csv_example_reader.cc:216] Stop scanning the csv file to infer the type. Some records were not considered.
I0000 00:00:1777606136.508649    7120 data_spec_inference.cc:457] 29 column(s) found
I0000 00:00:1777606136.508668    7120 csv_example_reader.cc:303] 0 row(s) processed
I0000 00:00:1777606166.508745    7120 csv_example_reader.cc:303] 6838725 row(s) processed
I0000 00:00:1777606184.767981    7120 data_spec_inference.cc:494] Finalizing [11000000 row(s) found]
I0000 00:00:1777606184.768081    7120 train_oblique_forest.cc:391] Configuring oblique splits
I0000 00:00:1777606184.768087    7120 train_oblique_forest.cc:439] Using exact splitting
I0000 00:00:1777606184.768143    7120 abstract_learner.cc:155] No input feature explicitly specified. Using all the available input features.
I0000 00:00:1777606184.768146    7120 abstract_learner.cc:172] The label "class" was removed from the input feature set.
I0000 00:00:1777606184.768807    7120 vertical_dataset_io.cc:82] 100 examples scanned.
I0000 00:00:1777606214.769277    7120 vertical_dataset_io.cc:82] 6334500 examples scanned.
I0000 00:00:1777606237.640253    7120 vertical_dataset_io.cc:88] 11000000 examples read. Memory: usage:1276MB allocated:1276MB. 0 (0%) examples have been skipped.
I0000 00:00:1777606237.640349    7120 abstract_learner.cc:155] No input feature explicitly specified. Using all the available input features.
I0000 00:00:1777606237.640355    7120 abstract_learner.cc:172] The label "class" was removed from the input feature set.
I0000 00:00:1777606237.640380    7120 random_forest.cc:478] Training random forest on 11000000 example(s) and 28 feature(s).
I0000 00:00:1777606237.640398    7120 gpu.cc:93] Cannot initialize GPU: Not compiled with GPU support
I0000 00:00:1777606237.640665    7120 random_forest.cc:713] num_threads being used: 8
I0000 00:00:1777606297.161655    7515 random_forest.cc:1121] Train tree 1/40 [index:1 total:59.52s tree:59.52s]
I0000 00:00:1777606357.089833    7509 random_forest.cc:1121] Train tree 9/40 [index:12 total:1m59.45s tree:59.18s]
I0000 00:00:1777606417.835310    7511 random_forest.cc:1121] Train tree 17/40 [index:17 total:3m0.19s tree:1m0.55s]
I0000 00:00:1777606477.831658    7511 random_forest.cc:1121] Train tree 25/40 [index:24 total:4m0.19s tree:59.99s]
I0000 00:00:1777606537.704294    7511 random_forest.cc:1121] Train tree 33/40 [index:32 total:5m0.06s tree:59.87s]
I0000 00:00:1777606545.125411    7120 random_forest.cc:1131] random_forest.cc Training block took: 307.485 s
I0000 00:00:1777606545.125455    7120 random_forest.cc:1217] EXITING EARLY TO SPEED UP EXPERIMENTS!
-1 (automatic) threads requested. 8 threads set.
----- Run 3/7 -----


Inferring DataSpec from CSV: benchmarks/data/HIGGS_with_header.csv


WARNING: All log messages before absl::InitializeLog() is called are written to STDERR
I0000 00:00:1777606546.556396    8692 csv_example_reader.cc:212] 0 row(s) processed
I0000 00:00:1777606546.566533    8692 csv_example_reader.cc:216] Stop scanning the csv file to infer the type. Some records were not considered.
I0000 00:00:1777606546.566553    8692 data_spec_inference.cc:457] 29 column(s) found
I0000 00:00:1777606546.566571    8692 csv_example_reader.cc:303] 0 row(s) processed
I0000 00:00:1777606576.566652    8692 csv_example_reader.cc:303] 6856226 row(s) processed
I0000 00:00:1777606594.717330    8692 data_spec_inference.cc:494] Finalizing [11000000 row(s) found]
I0000 00:00:1777606594.717421    8692 train_oblique_forest.cc:391] Configuring oblique splits
I0000 00:00:1777606594.717426    8692 train_oblique_forest.cc:439] Using exact splitting
I0000 00:00:1777606594.717482    8692 abstract_learner.cc:155] No input feature explicitly specified. Using all the available input features.
I0000 00:00:1777606594.717486    8692 abstract_learner.cc:172] The label "class" was removed from the input feature set.
I0000 00:00:1777606594.718163    8692 vertical_dataset_io.cc:82] 100 examples scanned.
I0000 00:00:1777606624.718563    8692 vertical_dataset_io.cc:82] 6366400 examples scanned.
I0000 00:00:1777606647.352751    8692 vertical_dataset_io.cc:88] 11000000 examples read. Memory: usage:1276MB allocated:1276MB. 0 (0%) examples have been skipped.
I0000 00:00:1777606647.352849    8692 abstract_learner.cc:155] No input feature explicitly specified. Using all the available input features.
I0000 00:00:1777606647.352856    8692 abstract_learner.cc:172] The label "class" was removed from the input feature set.
I0000 00:00:1777606647.352881    8692 random_forest.cc:478] Training random forest on 11000000 example(s) and 28 feature(s).
I0000 00:00:1777606647.352897    8692 gpu.cc:93] Cannot initialize GPU: Not compiled with GPU support
I0000 00:00:1777606647.353183    8692 random_forest.cc:713] num_threads being used: 8
I0000 00:00:1777606706.944689    9088 random_forest.cc:1121] Train tree 1/40 [index:1 total:59.59s tree:59.59s]
I0000 00:00:1777606766.755513    9081 random_forest.cc:1121] Train tree 9/40 [index:12 total:1m59.40s tree:59.17s]
I0000 00:00:1777606826.828660    9084 random_forest.cc:1121] Train tree 17/40 [index:17 total:2m59.48s tree:59.78s]
I0000 00:00:1777606886.916598    9084 random_forest.cc:1121] Train tree 25/40 [index:24 total:3m59.56s tree:1m0.09s]
I0000 00:00:1777606946.450814    9084 random_forest.cc:1121] Train tree 33/40 [index:32 total:4m59.10s tree:59.53s]
I0000 00:00:1777606955.011462    8692 random_forest.cc:1131] random_forest.cc Training block took: 307.659 s
I0000 00:00:1777606955.011506    8692 random_forest.cc:1217] EXITING EARLY TO SPEED UP EXPERIMENTS!
-1 (automatic) threads requested. 8 threads set.
----- Run 4/7 -----


Inferring DataSpec from CSV: benchmarks/data/HIGGS_with_header.csv


WARNING: All log messages before absl::InitializeLog() is called are written to STDERR
I0000 00:00:1777606956.443860   10247 csv_example_reader.cc:212] 0 row(s) processed
I0000 00:00:1777606956.454014   10247 csv_example_reader.cc:216] Stop scanning the csv file to infer the type. Some records were not considered.
I0000 00:00:1777606956.454034   10247 data_spec_inference.cc:457] 29 column(s) found
I0000 00:00:1777606956.454054   10247 csv_example_reader.cc:303] 0 row(s) processed
I0000 00:00:1777606986.454128   10247 csv_example_reader.cc:303] 6846916 row(s) processed
I0000 00:00:1777607004.669549   10247 data_spec_inference.cc:494] Finalizing [11000000 row(s) found]
I0000 00:00:1777607004.669642   10247 train_oblique_forest.cc:391] Configuring oblique splits
I0000 00:00:1777607004.669647   10247 train_oblique_forest.cc:439] Using exact splitting
I0000 00:00:1777607004.669703   10247 abstract_learner.cc:155] No input feature explicitly specified. Using all the available input features.
I0000 00:00:1777607004.669707   10247 abstract_learner.cc:172] The label "class" was removed from the input feature set.
I0000 00:00:1777607004.670379   10247 vertical_dataset_io.cc:82] 100 examples scanned.
I0000 00:00:1777607034.670857   10247 vertical_dataset_io.cc:82] 6363000 examples scanned.
I0000 00:00:1777607057.335604   10247 vertical_dataset_io.cc:88] 11000000 examples read. Memory: usage:1276MB allocated:1276MB. 0 (0%) examples have been skipped.
I0000 00:00:1777607057.335701   10247 abstract_learner.cc:155] No input feature explicitly specified. Using all the available input features.
I0000 00:00:1777607057.335708   10247 abstract_learner.cc:172] The label "class" was removed from the input feature set.
I0000 00:00:1777607057.335732   10247 random_forest.cc:478] Training random forest on 11000000 example(s) and 28 feature(s).
I0000 00:00:1777607057.335750   10247 gpu.cc:93] Cannot initialize GPU: Not compiled with GPU support
I0000 00:00:1777607057.336016   10247 random_forest.cc:713] num_threads being used: 8
I0000 00:00:1777607116.452259   10639 random_forest.cc:1121] Train tree 1/40 [index:1 total:59.12s tree:59.12s]
I0000 00:00:1777607176.952924   10634 random_forest.cc:1121] Train tree 9/40 [index:12 total:1m59.62s tree:59.31s]
I0000 00:00:1777607237.324115   10635 random_forest.cc:1121] Train tree 17/40 [index:17 total:2m59.99s tree:59.98s]
I0000 00:00:1777607297.089181   10635 random_forest.cc:1121] Train tree 25/40 [index:24 total:3m59.75s tree:59.76s]
I0000 00:00:1777607357.042831   10635 random_forest.cc:1121] Train tree 33/40 [index:32 total:4m59.71s tree:59.95s]
I0000 00:00:1777607364.467269   10247 random_forest.cc:1131] random_forest.cc Training block took: 307.132 s
I0000 00:00:1777607364.467307   10247 random_forest.cc:1217] EXITING EARLY TO SPEED UP EXPERIMENTS!
-1 (automatic) threads requested. 8 threads set.
----- Run 5/7 -----


Inferring DataSpec from CSV: benchmarks/data/HIGGS_with_header.csv


WARNING: All log messages before absl::InitializeLog() is called are written to STDERR
I0000 00:00:1777607365.894804   11799 csv_example_reader.cc:212] 0 row(s) processed
I0000 00:00:1777607365.904895   11799 csv_example_reader.cc:216] Stop scanning the csv file to infer the type. Some records were not considered.
I0000 00:00:1777607365.904914   11799 data_spec_inference.cc:457] 29 column(s) found
I0000 00:00:1777607365.904932   11799 csv_example_reader.cc:303] 0 row(s) processed
I0000 00:00:1777607395.905014   11799 csv_example_reader.cc:303] 6830051 row(s) processed
I0000 00:00:1777607414.244454   11799 data_spec_inference.cc:494] Finalizing [11000000 row(s) found]
I0000 00:00:1777607414.244543   11799 train_oblique_forest.cc:391] Configuring oblique splits
I0000 00:00:1777607414.244548   11799 train_oblique_forest.cc:439] Using exact splitting
I0000 00:00:1777607414.244604   11799 abstract_learner.cc:155] No input feature explicitly specified. Using all the available input features.
I0000 00:00:1777607414.244608   11799 abstract_learner.cc:172] The label "class" was removed from the input feature set.
I0000 00:00:1777607414.245284   11799 vertical_dataset_io.cc:82] 100 examples scanned.
I0000 00:00:1777607444.245784   11799 vertical_dataset_io.cc:82] 6311400 examples scanned.
I0000 00:00:1777607467.259475   11799 vertical_dataset_io.cc:88] 11000000 examples read. Memory: usage:1276MB allocated:1276MB. 0 (0%) examples have been skipped.
I0000 00:00:1777607467.259569   11799 abstract_learner.cc:155] No input feature explicitly specified. Using all the available input features.
I0000 00:00:1777607467.259575   11799 abstract_learner.cc:172] The label "class" was removed from the input feature set.
I0000 00:00:1777607467.259601   11799 random_forest.cc:478] Training random forest on 11000000 example(s) and 28 feature(s).
I0000 00:00:1777607467.259618   11799 gpu.cc:93] Cannot initialize GPU: Not compiled with GPU support
I0000 00:00:1777607467.259885   11799 random_forest.cc:713] num_threads being used: 8
I0000 00:00:1777607526.301045   12195 random_forest.cc:1121] Train tree 1/40 [index:1 total:59.04s tree:59.04s]
I0000 00:00:1777607586.971427   12191 random_forest.cc:1121] Train tree 9/40 [index:12 total:1m59.71s tree:59.33s]
I0000 00:00:1777607647.261202   12188 random_forest.cc:1121] Train tree 17/40 [index:17 total:3m0.00s tree:1m0.25s]
I0000 00:00:1777607707.189303   12188 random_forest.cc:1121] Train tree 25/40 [index:24 total:3m59.93s tree:59.93s]
I0000 00:00:1777607766.755506   12188 random_forest.cc:1121] Train tree 33/40 [index:32 total:4m59.50s tree:59.56s]
I0000 00:00:1777607774.495521   11799 random_forest.cc:1131] random_forest.cc Training block took: 307.236 s
I0000 00:00:1777607774.495566   11799 random_forest.cc:1217] EXITING EARLY TO SPEED UP EXPERIMENTS!
-1 (automatic) threads requested. 8 threads set.
----- Run 6/7 -----


Inferring DataSpec from CSV: benchmarks/data/HIGGS_with_header.csv


WARNING: All log messages before absl::InitializeLog() is called are written to STDERR
I0000 00:00:1777607775.929912   13412 csv_example_reader.cc:212] 0 row(s) processed
I0000 00:00:1777607775.940033   13412 csv_example_reader.cc:216] Stop scanning the csv file to infer the type. Some records were not considered.
I0000 00:00:1777607775.940054   13412 data_spec_inference.cc:457] 29 column(s) found
I0000 00:00:1777607775.940085   13412 csv_example_reader.cc:303] 0 row(s) processed
I0000 00:00:1777607805.940184   13412 csv_example_reader.cc:303] 6848860 row(s) processed
I0000 00:00:1777607824.144414   13412 data_spec_inference.cc:494] Finalizing [11000000 row(s) found]
I0000 00:00:1777607824.144506   13412 train_oblique_forest.cc:391] Configuring oblique splits
I0000 00:00:1777607824.144511   13412 train_oblique_forest.cc:439] Using exact splitting
I0000 00:00:1777607824.144566   13412 abstract_learner.cc:155] No input feature explicitly specified. Using all the available input features.
I0000 00:00:1777607824.144570   13412 abstract_learner.cc:172] The label "class" was removed from the input feature set.
I0000 00:00:1777607824.145240   13412 vertical_dataset_io.cc:82] 100 examples scanned.
I0000 00:00:1777607854.145363   13412 vertical_dataset_io.cc:82] 6298900 examples scanned.
I0000 00:00:1777607877.340990   13412 vertical_dataset_io.cc:88] 11000000 examples read. Memory: usage:1276MB allocated:1276MB. 0 (0%) examples have been skipped.
I0000 00:00:1777607877.341102   13412 abstract_learner.cc:155] No input feature explicitly specified. Using all the available input features.
I0000 00:00:1777607877.341109   13412 abstract_learner.cc:172] The label "class" was removed from the input feature set.
I0000 00:00:1777607877.341134   13412 random_forest.cc:478] Training random forest on 11000000 example(s) and 28 feature(s).
I0000 00:00:1777607877.341151   13412 gpu.cc:93] Cannot initialize GPU: Not compiled with GPU support
I0000 00:00:1777607877.341422   13412 random_forest.cc:713] num_threads being used: 8
I0000 00:00:1777607936.783681   13804 random_forest.cc:1121] Train tree 1/40 [index:1 total:59.44s tree:59.44s]
I0000 00:00:1777607996.903929   13798 random_forest.cc:1121] Train tree 9/40 [index:9 total:1m59.56s tree:59.88s]
I0000 00:00:1777608057.195541   13799 random_forest.cc:1121] Train tree 17/40 [index:17 total:2m59.85s tree:1m0.10s]
I0000 00:00:1777608117.392890   13799 random_forest.cc:1121] Train tree 25/40 [index:24 total:4m0.05s tree:1m0.19s]
I0000 00:00:1777608176.978675   13799 random_forest.cc:1121] Train tree 33/40 [index:32 total:4m59.64s tree:59.58s]
I0000 00:00:1777608184.218187   13412 random_forest.cc:1131] random_forest.cc Training block took: 306.877 s
I0000 00:00:1777608184.218232   13412 random_forest.cc:1217] EXITING EARLY TO SPEED UP EXPERIMENTS!
-1 (automatic) threads requested. 8 threads set.
----- Run 7/7 -----


Inferring DataSpec from CSV: benchmarks/data/HIGGS_with_header.csv


WARNING: All log messages before absl::InitializeLog() is called are written to STDERR
I0000 00:00:1777608185.649357   14964 csv_example_reader.cc:212] 0 row(s) processed
I0000 00:00:1777608185.659475   14964 csv_example_reader.cc:216] Stop scanning the csv file to infer the type. Some records were not considered.
I0000 00:00:1777608185.659496   14964 data_spec_inference.cc:457] 29 column(s) found
I0000 00:00:1777608185.659513   14964 csv_example_reader.cc:303] 0 row(s) processed
I0000 00:00:1777608215.659582   14964 csv_example_reader.cc:303] 6847175 row(s) processed
I0000 00:00:1777608233.864828   14964 data_spec_inference.cc:494] Finalizing [11000000 row(s) found]
I0000 00:00:1777608233.864914   14964 train_oblique_forest.cc:391] Configuring oblique splits
I0000 00:00:1777608233.864919   14964 train_oblique_forest.cc:439] Using exact splitting
I0000 00:00:1777608233.864973   14964 abstract_learner.cc:155] No input feature explicitly specified. Using all the available input features.
I0000 00:00:1777608233.864977   14964 abstract_learner.cc:172] The label "class" was removed from the input feature set.
I0000 00:00:1777608233.865652   14964 vertical_dataset_io.cc:82] 100 examples scanned.
I0000 00:00:1777608263.865896   14964 vertical_dataset_io.cc:82] 6344800 examples scanned.
I0000 00:00:1777608286.669282   14964 vertical_dataset_io.cc:88] 11000000 examples read. Memory: usage:1276MB allocated:1276MB. 0 (0%) examples have been skipped.
I0000 00:00:1777608286.669380   14964 abstract_learner.cc:155] No input feature explicitly specified. Using all the available input features.
I0000 00:00:1777608286.669386   14964 abstract_learner.cc:172] The label "class" was removed from the input feature set.
I0000 00:00:1777608286.669412   14964 random_forest.cc:478] Training random forest on 11000000 example(s) and 28 feature(s).
I0000 00:00:1777608286.669429   14964 gpu.cc:93] Cannot initialize GPU: Not compiled with GPU support
I0000 00:00:1777608286.669712   14964 random_forest.cc:713] num_threads being used: 8
I0000 00:00:1777608346.183183   15354 random_forest.cc:1121] Train tree 1/40 [index:1 total:59.51s tree:59.51s]
I0000 00:00:1777608406.164861   15350 random_forest.cc:1121] Train tree 9/40 [index:12 total:1m59.50s tree:59.41s]
I0000 00:00:1777608466.760025   15348 random_forest.cc:1121] Train tree 17/40 [index:17 total:3m0.09s tree:1m0.42s]
I0000 00:00:1777608526.828456   15348 random_forest.cc:1121] Train tree 25/40 [index:24 total:4m0.16s tree:1m0.07s]
I0000 00:00:1777608586.520652   15348 random_forest.cc:1121] Train tree 33/40 [index:32 total:4m59.85s tree:59.69s]
I0000 00:00:1777608593.082423   14964 random_forest.cc:1131] random_forest.cc Training block took: 306.413 s
I0000 00:00:1777608593.082465   14964 random_forest.cc:1217] EXITING EARLY TO SPEED UP EXPERIMENTS!
-1 (automatic) threads requested. 8 threads set.
MEDIAN of 7/7 runs: 307.236 s  (samples: 307.641 307.485 307.659 307.132 307.236 306.877 306.413)
./bazel-bin/examples/train_oblique_forest --input_mode csv --train_csv "benchmarks/data/SUSY_with_header.csv" --label_col "class" --feature_split_type "Oblique" --numerical_split_type "Exact" --num_trees=40 --num_threads=-1 --compute_oob_performances=false  
----- Run 1/7 -----


Inferring DataSpec from CSV: benchmarks/data/SUSY_with_header.csv


WARNING: All log messages before absl::InitializeLog() is called are written to STDERR
I0000 00:00:1777608594.522206   16523 csv_example_reader.cc:212] 0 row(s) processed
I0000 00:00:1777608594.529849   16523 csv_example_reader.cc:216] Stop scanning the csv file to infer the type. Some records were not considered.
I0000 00:00:1777608594.529869   16523 data_spec_inference.cc:457] 19 column(s) found
I0000 00:00:1777608594.529884   16523 csv_example_reader.cc:303] 0 row(s) processed
I0000 00:00:1777608611.786624   16523 data_spec_inference.cc:494] Finalizing [5000000 row(s) found]
I0000 00:00:1777608611.786709   16523 train_oblique_forest.cc:391] Configuring oblique splits
I0000 00:00:1777608611.786714   16523 train_oblique_forest.cc:439] Using exact splitting
I0000 00:00:1777608611.786767   16523 abstract_learner.cc:155] No input feature explicitly specified. Using all the available input features.
I0000 00:00:1777608611.786771   16523 abstract_learner.cc:172] The label "class" was removed from the input feature set.
I0000 00:00:1777608611.787268   16523 vertical_dataset_io.cc:82] 100 examples scanned.
I0000 00:00:1777608627.390418   16523 vertical_dataset_io.cc:88] 5000000 examples read. Memory: usage:380MB allocated:380MB. 0 (0%) examples have been skipped.
I0000 00:00:1777608627.390510   16523 abstract_learner.cc:155] No input feature explicitly specified. Using all the available input features.
I0000 00:00:1777608627.390516   16523 abstract_learner.cc:172] The label "class" was removed from the input feature set.
I0000 00:00:1777608627.390541   16523 random_forest.cc:478] Training random forest on 5000000 example(s) and 18 feature(s).
I0000 00:00:1777608627.390558   16523 gpu.cc:93] Cannot initialize GPU: Not compiled with GPU support
I0000 00:00:1777608627.390827   16523 random_forest.cc:713] num_threads being used: 8
I0000 00:00:1777608648.755266   16656 random_forest.cc:1121] Train tree 1/40 [index:2 total:21.36s tree:21.36s]
I0000 00:00:1777608668.998397   16660 random_forest.cc:1121] Train tree 9/40 [index:9 total:41.61s tree:19.45s]
I0000 00:00:1777608690.306635   16662 random_forest.cc:1121] Train tree 17/40 [index:18 total:1m2.92s tree:18.95s]
I0000 00:00:1777608712.924428   16662 random_forest.cc:1121] Train tree 25/40 [index:24 total:1m25.53s tree:22.62s]
I0000 00:00:1777608734.958479   16662 random_forest.cc:1121] Train tree 33/40 [index:32 total:1m47.57s tree:22.03s]
I0000 00:00:1777608739.360148   16523 random_forest.cc:1131] random_forest.cc Training block took: 111.97 s
I0000 00:00:1777608739.360193   16523 random_forest.cc:1217] EXITING EARLY TO SPEED UP EXPERIMENTS!
-1 (automatic) threads requested. 8 threads set.
----- Run 2/7 -----


Inferring DataSpec from CSV: benchmarks/data/SUSY_with_header.csv


WARNING: All log messages before absl::InitializeLog() is called are written to STDERR
I0000 00:00:1777608739.944362   17091 csv_example_reader.cc:212] 0 row(s) processed
I0000 00:00:1777608739.950938   17091 csv_example_reader.cc:216] Stop scanning the csv file to infer the type. Some records were not considered.
I0000 00:00:1777608739.950956   17091 data_spec_inference.cc:457] 19 column(s) found
I0000 00:00:1777608739.950972   17091 csv_example_reader.cc:303] 0 row(s) processed
I0000 00:00:1777608754.412842   17091 data_spec_inference.cc:494] Finalizing [5000000 row(s) found]
I0000 00:00:1777608754.412928   17091 train_oblique_forest.cc:391] Configuring oblique splits
I0000 00:00:1777608754.412933   17091 train_oblique_forest.cc:439] Using exact splitting
I0000 00:00:1777608754.412985   17091 abstract_learner.cc:155] No input feature explicitly specified. Using all the available input features.
I0000 00:00:1777608754.412989   17091 abstract_learner.cc:172] The label "class" was removed from the input feature set.
I0000 00:00:1777608754.413496   17091 vertical_dataset_io.cc:82] 100 examples scanned.
I0000 00:00:1777608769.933144   17091 vertical_dataset_io.cc:88] 5000000 examples read. Memory: usage:380MB allocated:380MB. 0 (0%) examples have been skipped.
I0000 00:00:1777608769.933240   17091 abstract_learner.cc:155] No input feature explicitly specified. Using all the available input features.
I0000 00:00:1777608769.933247   17091 abstract_learner.cc:172] The label "class" was removed from the input feature set.
I0000 00:00:1777608769.933271   17091 random_forest.cc:478] Training random forest on 5000000 example(s) and 18 feature(s).
I0000 00:00:1777608769.933288   17091 gpu.cc:93] Cannot initialize GPU: Not compiled with GPU support
I0000 00:00:1777608769.933562   17091 random_forest.cc:713] num_threads being used: 8
I0000 00:00:1777608791.167079   17204 random_forest.cc:1121] Train tree 1/40 [index:2 total:21.23s tree:21.23s]
I0000 00:00:1777608811.237814   17207 random_forest.cc:1121] Train tree 9/40 [index:9 total:41.30s tree:19.38s]
I0000 00:00:1777608833.067546   17211 random_forest.cc:1121] Train tree 17/40 [index:18 total:1m3.13s tree:18.95s]
I0000 00:00:1777608855.206179   17207 random_forest.cc:1121] Train tree 25/40 [index:25 total:1m25.27s tree:21.70s]
I0000 00:00:1777608877.064010   17207 random_forest.cc:1121] Train tree 33/40 [index:32 total:1m47.13s tree:21.86s]
I0000 00:00:1777608881.900659   17091 random_forest.cc:1131] random_forest.cc Training block took: 111.967 s
I0000 00:00:1777608881.900704   17091 random_forest.cc:1217] EXITING EARLY TO SPEED UP EXPERIMENTS!
-1 (automatic) threads requested. 8 threads set.
----- Run 3/7 -----


Inferring DataSpec from CSV: benchmarks/data/SUSY_with_header.csv


WARNING: All log messages before absl::InitializeLog() is called are written to STDERR
I0000 00:00:1777608882.487859   17638 csv_example_reader.cc:212] 0 row(s) processed
I0000 00:00:1777608882.494524   17638 csv_example_reader.cc:216] Stop scanning the csv file to infer the type. Some records were not considered.
I0000 00:00:1777608882.494543   17638 data_spec_inference.cc:457] 19 column(s) found
I0000 00:00:1777608882.494557   17638 csv_example_reader.cc:303] 0 row(s) processed
I0000 00:00:1777608896.897716   17638 data_spec_inference.cc:494] Finalizing [5000000 row(s) found]
I0000 00:00:1777608896.897803   17638 train_oblique_forest.cc:391] Configuring oblique splits
I0000 00:00:1777608896.897808   17638 train_oblique_forest.cc:439] Using exact splitting
I0000 00:00:1777608896.897861   17638 abstract_learner.cc:155] No input feature explicitly specified. Using all the available input features.
I0000 00:00:1777608896.897865   17638 abstract_learner.cc:172] The label "class" was removed from the input feature set.
I0000 00:00:1777608896.898368   17638 vertical_dataset_io.cc:82] 100 examples scanned.
I0000 00:00:1777608912.563782   17638 vertical_dataset_io.cc:88] 5000000 examples read. Memory: usage:380MB allocated:380MB. 0 (0%) examples have been skipped.
I0000 00:00:1777608912.563875   17638 abstract_learner.cc:155] No input feature explicitly specified. Using all the available input features.
I0000 00:00:1777608912.563882   17638 abstract_learner.cc:172] The label "class" was removed from the input feature set.
I0000 00:00:1777608912.563907   17638 random_forest.cc:478] Training random forest on 5000000 example(s) and 18 feature(s).
I0000 00:00:1777608912.563925   17638 gpu.cc:93] Cannot initialize GPU: Not compiled with GPU support
I0000 00:00:1777608912.564210   17638 random_forest.cc:713] num_threads being used: 8
I0000 00:00:1777608933.998830   17763 random_forest.cc:1121] Train tree 1/40 [index:2 total:21.43s tree:21.43s]
I0000 00:00:1777608955.589822   17763 random_forest.cc:1121] Train tree 10/40 [index:8 total:43.03s tree:21.59s]
I0000 00:00:1777608975.664054   17762 random_forest.cc:1121] Train tree 17/40 [index:18 total:1m3.10s tree:19.19s]
I0000 00:00:1777608998.022871   17766 random_forest.cc:1121] Train tree 25/40 [index:25 total:1m25.46s tree:21.76s]
I0000 00:00:1777609020.179090   17766 random_forest.cc:1121] Train tree 33/40 [index:32 total:1m47.61s tree:22.16s]
I0000 00:00:1777609024.349565   17638 random_forest.cc:1131] random_forest.cc Training block took: 111.786 s
I0000 00:00:1777609024.349604   17638 random_forest.cc:1217] EXITING EARLY TO SPEED UP EXPERIMENTS!
-1 (automatic) threads requested. 8 threads set.
----- Run 4/7 -----


Inferring DataSpec from CSV: benchmarks/data/SUSY_with_header.csv


WARNING: All log messages before absl::InitializeLog() is called are written to STDERR
I0000 00:00:1777609024.935776   18200 csv_example_reader.cc:212] 0 row(s) processed
I0000 00:00:1777609024.942336   18200 csv_example_reader.cc:216] Stop scanning the csv file to infer the type. Some records were not considered.
I0000 00:00:1777609024.942358   18200 data_spec_inference.cc:457] 19 column(s) found
I0000 00:00:1777609024.942377   18200 csv_example_reader.cc:303] 0 row(s) processed
I0000 00:00:1777609039.376771   18200 data_spec_inference.cc:494] Finalizing [5000000 row(s) found]
I0000 00:00:1777609039.376864   18200 train_oblique_forest.cc:391] Configuring oblique splits
I0000 00:00:1777609039.376869   18200 train_oblique_forest.cc:439] Using exact splitting
I0000 00:00:1777609039.376924   18200 abstract_learner.cc:155] No input feature explicitly specified. Using all the available input features.
I0000 00:00:1777609039.376928   18200 abstract_learner.cc:172] The label "class" was removed from the input feature set.
I0000 00:00:1777609039.377437   18200 vertical_dataset_io.cc:82] 100 examples scanned.
I0000 00:00:1777609054.905689   18200 vertical_dataset_io.cc:88] 5000000 examples read. Memory: usage:380MB allocated:380MB. 0 (0%) examples have been skipped.
I0000 00:00:1777609054.905785   18200 abstract_learner.cc:155] No input feature explicitly specified. Using all the available input features.
I0000 00:00:1777609054.905791   18200 abstract_learner.cc:172] The label "class" was removed from the input feature set.
I0000 00:00:1777609054.905817   18200 random_forest.cc:478] Training random forest on 5000000 example(s) and 18 feature(s).
I0000 00:00:1777609054.905835   18200 gpu.cc:93] Cannot initialize GPU: Not compiled with GPU support
I0000 00:00:1777609054.906123   18200 random_forest.cc:713] num_threads being used: 8
I0000 00:00:1777609076.421814   18320 random_forest.cc:1121] Train tree 1/40 [index:2 total:21.52s tree:21.52s]
I0000 00:00:1777609097.971177   18320 random_forest.cc:1121] Train tree 10/40 [index:8 total:43.07s tree:21.55s]
I0000 00:00:1777609118.278759   18316 random_forest.cc:1121] Train tree 18/40 [index:16 total:1m3.37s tree:22.07s]
I0000 00:00:1777609140.185581   18316 random_forest.cc:1121] Train tree 25/40 [index:25 total:1m25.28s tree:21.91s]
I0000 00:00:1777609162.291884   18316 random_forest.cc:1121] Train tree 33/40 [index:32 total:1m47.39s tree:22.11s]
I0000 00:00:1777609166.844703   18200 random_forest.cc:1131] random_forest.cc Training block took: 111.939 s
I0000 00:00:1777609166.844747   18200 random_forest.cc:1217] EXITING EARLY TO SPEED UP EXPERIMENTS!
-1 (automatic) threads requested. 8 threads set.
----- Run 5/7 -----


Inferring DataSpec from CSV: benchmarks/data/SUSY_with_header.csv


WARNING: All log messages before absl::InitializeLog() is called are written to STDERR
I0000 00:00:1777609167.431559   18747 csv_example_reader.cc:212] 0 row(s) processed
I0000 00:00:1777609167.438198   18747 csv_example_reader.cc:216] Stop scanning the csv file to infer the type. Some records were not considered.
I0000 00:00:1777609167.438217   18747 data_spec_inference.cc:457] 19 column(s) found
I0000 00:00:1777609167.438234   18747 csv_example_reader.cc:303] 0 row(s) processed
I0000 00:00:1777609181.908983   18747 data_spec_inference.cc:494] Finalizing [5000000 row(s) found]
I0000 00:00:1777609181.909086   18747 train_oblique_forest.cc:391] Configuring oblique splits
I0000 00:00:1777609181.909092   18747 train_oblique_forest.cc:439] Using exact splitting
I0000 00:00:1777609181.909144   18747 abstract_learner.cc:155] No input feature explicitly specified. Using all the available input features.
I0000 00:00:1777609181.909148   18747 abstract_learner.cc:172] The label "class" was removed from the input feature set.
I0000 00:00:1777609181.909650   18747 vertical_dataset_io.cc:82] 100 examples scanned.
I0000 00:00:1777609197.513954   18747 vertical_dataset_io.cc:88] 5000000 examples read. Memory: usage:380MB allocated:380MB. 0 (0%) examples have been skipped.
I0000 00:00:1777609197.514045   18747 abstract_learner.cc:155] No input feature explicitly specified. Using all the available input features.
I0000 00:00:1777609197.514052   18747 abstract_learner.cc:172] The label "class" was removed from the input feature set.
I0000 00:00:1777609197.514089   18747 random_forest.cc:478] Training random forest on 5000000 example(s) and 18 feature(s).
I0000 00:00:1777609197.514106   18747 gpu.cc:93] Cannot initialize GPU: Not compiled with GPU support
I0000 00:00:1777609197.514374   18747 random_forest.cc:713] num_threads being used: 8
I0000 00:00:1777609218.774696   18860 random_forest.cc:1121] Train tree 1/40 [index:2 total:21.26s tree:21.26s]
I0000 00:00:1777609239.009468   18863 random_forest.cc:1121] Train tree 9/40 [index:9 total:41.50s tree:19.57s]
I0000 00:00:1777609260.639313   18867 random_forest.cc:1121] Train tree 17/40 [index:18 total:1m3.12s tree:19.09s]
I0000 00:00:1777609283.036396   18863 random_forest.cc:1121] Train tree 25/40 [index:25 total:1m25.52s tree:21.77s]
I0000 00:00:1777609305.019536   18863 random_forest.cc:1121] Train tree 33/40 [index:32 total:1m47.51s tree:21.98s]
I0000 00:00:1777609309.325556   18747 random_forest.cc:1131] random_forest.cc Training block took: 111.812 s
I0000 00:00:1777609309.325599   18747 random_forest.cc:1217] EXITING EARLY TO SPEED UP EXPERIMENTS!
-1 (automatic) threads requested. 8 threads set.
----- Run 6/7 -----


Inferring DataSpec from CSV: benchmarks/data/SUSY_with_header.csv


WARNING: All log messages before absl::InitializeLog() is called are written to STDERR
I0000 00:00:1777609309.908483   19306 csv_example_reader.cc:212] 0 row(s) processed
I0000 00:00:1777609309.915090   19306 csv_example_reader.cc:216] Stop scanning the csv file to infer the type. Some records were not considered.
I0000 00:00:1777609309.915109   19306 data_spec_inference.cc:457] 19 column(s) found
I0000 00:00:1777609309.915124   19306 csv_example_reader.cc:303] 0 row(s) processed
I0000 00:00:1777609324.302696   19306 data_spec_inference.cc:494] Finalizing [5000000 row(s) found]
I0000 00:00:1777609324.302782   19306 train_oblique_forest.cc:391] Configuring oblique splits
I0000 00:00:1777609324.302787   19306 train_oblique_forest.cc:439] Using exact splitting
I0000 00:00:1777609324.302841   19306 abstract_learner.cc:155] No input feature explicitly specified. Using all the available input features.
I0000 00:00:1777609324.302845   19306 abstract_learner.cc:172] The label "class" was removed from the input feature set.
I0000 00:00:1777609324.303345   19306 vertical_dataset_io.cc:82] 100 examples scanned.
I0000 00:00:1777609339.880232   19306 vertical_dataset_io.cc:88] 5000000 examples read. Memory: usage:380MB allocated:380MB. 0 (0%) examples have been skipped.
I0000 00:00:1777609339.880327   19306 abstract_learner.cc:155] No input feature explicitly specified. Using all the available input features.
I0000 00:00:1777609339.880333   19306 abstract_learner.cc:172] The label "class" was removed from the input feature set.
I0000 00:00:1777609339.880358   19306 random_forest.cc:478] Training random forest on 5000000 example(s) and 18 feature(s).
I0000 00:00:1777609339.880380   19306 gpu.cc:93] Cannot initialize GPU: Not compiled with GPU support
I0000 00:00:1777609339.880648   19306 random_forest.cc:713] num_threads being used: 8
I0000 00:00:1777609361.056789   19420 random_forest.cc:1121] Train tree 1/40 [index:2 total:21.18s tree:21.18s]
I0000 00:00:1777609381.327194   19423 random_forest.cc:1121] Train tree 9/40 [index:9 total:41.45s tree:19.55s]
I0000 00:00:1777609402.959041   19421 random_forest.cc:1121] Train tree 17/40 [index:18 total:1m3.08s tree:19.09s]
I0000 00:00:1777609425.399688   19421 random_forest.cc:1121] Train tree 25/40 [index:24 total:1m25.52s tree:22.44s]
I0000 00:00:1777609447.430148   19421 random_forest.cc:1121] Train tree 33/40 [index:32 total:1m47.55s tree:22.03s]
I0000 00:00:1777609451.392771   19306 random_forest.cc:1131] random_forest.cc Training block took: 111.512 s
I0000 00:00:1777609451.392817   19306 random_forest.cc:1217] EXITING EARLY TO SPEED UP EXPERIMENTS!
-1 (automatic) threads requested. 8 threads set.
----- Run 7/7 -----


Inferring DataSpec from CSV: benchmarks/data/SUSY_with_header.csv


WARNING: All log messages before absl::InitializeLog() is called are written to STDERR
I0000 00:00:1777609451.982049   19854 csv_example_reader.cc:212] 0 row(s) processed
I0000 00:00:1777609451.988626   19854 csv_example_reader.cc:216] Stop scanning the csv file to infer the type. Some records were not considered.
I0000 00:00:1777609451.988644   19854 data_spec_inference.cc:457] 19 column(s) found
I0000 00:00:1777609451.988660   19854 csv_example_reader.cc:303] 0 row(s) processed
I0000 00:00:1777609466.387029   19854 data_spec_inference.cc:494] Finalizing [5000000 row(s) found]
I0000 00:00:1777609466.387122   19854 train_oblique_forest.cc:391] Configuring oblique splits
I0000 00:00:1777609466.387127   19854 train_oblique_forest.cc:439] Using exact splitting
I0000 00:00:1777609466.387181   19854 abstract_learner.cc:155] No input feature explicitly specified. Using all the available input features.
I0000 00:00:1777609466.387185   19854 abstract_learner.cc:172] The label "class" was removed from the input feature set.
I0000 00:00:1777609466.387678   19854 vertical_dataset_io.cc:82] 100 examples scanned.
I0000 00:00:1777609482.008628   19854 vertical_dataset_io.cc:88] 5000000 examples read. Memory: usage:380MB allocated:380MB. 0 (0%) examples have been skipped.
I0000 00:00:1777609482.008722   19854 abstract_learner.cc:155] No input feature explicitly specified. Using all the available input features.
I0000 00:00:1777609482.008728   19854 abstract_learner.cc:172] The label "class" was removed from the input feature set.
I0000 00:00:1777609482.008754   19854 random_forest.cc:478] Training random forest on 5000000 example(s) and 18 feature(s).
I0000 00:00:1777609482.008770   19854 gpu.cc:93] Cannot initialize GPU: Not compiled with GPU support
I0000 00:00:1777609482.009037   19854 random_forest.cc:713] num_threads being used: 8
I0000 00:00:1777609503.190009   19970 random_forest.cc:1121] Train tree 1/40 [index:2 total:21.18s tree:21.18s]
I0000 00:00:1777609523.374581   19971 random_forest.cc:1121] Train tree 9/40 [index:9 total:41.37s tree:19.40s]
I0000 00:00:1777609544.885762   19969 random_forest.cc:1121] Train tree 17/40 [index:18 total:1m2.88s tree:18.96s]
I0000 00:00:1777609567.388190   19969 random_forest.cc:1121] Train tree 25/40 [index:24 total:1m25.38s tree:22.50s]
I0000 00:00:1777609589.348792   19969 random_forest.cc:1121] Train tree 33/40 [index:32 total:1m47.34s tree:21.96s]
I0000 00:00:1777609593.978917   19854 random_forest.cc:1131] random_forest.cc Training block took: 111.97 s
I0000 00:00:1777609593.978960   19854 random_forest.cc:1217] EXITING EARLY TO SPEED UP EXPERIMENTS!
-1 (automatic) threads requested. 8 threads set.
MEDIAN of 7/7 runs: 111.939 s  (samples: 111.97 111.967 111.786 111.939 111.812 111.512 111.97)
./bazel-bin/examples/train_oblique_forest --input_mode csv --train_csv "benchmarks/data/epsilon_normalized_train.csv" --label_col "label" --feature_split_type "Oblique" --numerical_split_type "Exact" --num_trees=40 --num_threads=-1 --compute_oob_performances=false  
----- Run 1/7 -----


Inferring DataSpec from CSV: benchmarks/data/epsilon_normalized_train.csv


WARNING: All log messages before absl::InitializeLog() is called are written to STDERR
I0000 00:00:1777609594.577748   20413 csv_example_reader.cc:212] 0 row(s) processed
I0000 00:00:1777609595.233073   20413 csv_example_reader.cc:216] Stop scanning the csv file to infer the type. Some records were not considered.
I0000 00:00:1777609595.233302   20413 data_spec_inference.cc:457] 2001 column(s) found
I0000 00:00:1777609595.236388   20413 csv_example_reader.cc:303] 0 row(s) processed
I0000 00:00:1777609625.236681   20413 csv_example_reader.cc:303] 97918 row(s) processed
I0000 00:00:1777609655.236797   20413 csv_example_reader.cc:303] 194429 row(s) processed
I0000 00:00:1777609685.236940   20413 csv_example_reader.cc:303] 292534 row(s) processed
I0000 00:00:1777609715.237080   20413 csv_example_reader.cc:303] 388939 row(s) processed
I0000 00:00:1777609718.620806   20413 data_spec_inference.cc:494] Finalizing [400000 row(s) found]
I0000 00:00:1777609718.620913   20413 train_oblique_forest.cc:391] Configuring oblique splits
I0000 00:00:1777609718.620918   20413 train_oblique_forest.cc:439] Using exact splitting
I0000 00:00:1777609718.621105   20413 abstract_learner.cc:155] No input feature explicitly specified. Using all the available input features.
I0000 00:00:1777609718.621110   20413 abstract_learner.cc:172] The label "label" was removed from the input feature set.
I0000 00:00:1777609718.655832   20413 vertical_dataset_io.cc:82] 100 examples scanned.
I0000 00:00:1777609748.676541   20413 vertical_dataset_io.cc:82] 96200 examples scanned.
I0000 00:00:1777609778.701444   20413 vertical_dataset_io.cc:82] 190000 examples scanned.
I0000 00:00:1777609808.711771   20413 vertical_dataset_io.cc:82] 281800 examples scanned.
I0000 00:00:1777609838.741871   20413 vertical_dataset_io.cc:82] 376000 examples scanned.
I0000 00:00:1777609847.754525   20413 vertical_dataset_io.cc:88] 400000 examples read. Memory: usage:3201MB allocated:3201MB. 0 (0%) examples have been skipped.
I0000 00:00:1777609847.754941   20413 abstract_learner.cc:155] No input feature explicitly specified. Using all the available input features.
I0000 00:00:1777609847.754992   20413 abstract_learner.cc:172] The label "label" was removed from the input feature set.
I0000 00:00:1777609847.755242   20413 random_forest.cc:478] Training random forest on 400000 example(s) and 2000 feature(s).
I0000 00:00:1777609847.755319   20413 gpu.cc:93] Cannot initialize GPU: Not compiled with GPU support
I0000 00:00:1777609847.755753   20413 random_forest.cc:713] num_threads being used: 8
I0000 00:00:1777609859.152962   21381 random_forest.cc:1121] Train tree 1/40 [index:4 total:11.40s tree:11.40s]
I0000 00:00:1777609881.722173   21381 random_forest.cc:1121] Train tree 17/40 [index:16 total:33.97s tree:11.26s]
I0000 00:00:1777609904.627599   21379 random_forest.cc:1121] Train tree 33/40 [index:34 total:56.87s tree:11.21s]
I0000 00:00:1777609905.351909   20413 random_forest.cc:1131] random_forest.cc Training block took: 57.5972 s
I0000 00:00:1777609905.351954   20413 random_forest.cc:1217] EXITING EARLY TO SPEED UP EXPERIMENTS!
-1 (automatic) threads requested. 8 threads set.
----- Run 2/7 -----


Inferring DataSpec from CSV: benchmarks/data/epsilon_normalized_train.csv


WARNING: All log messages before absl::InitializeLog() is called are written to STDERR
I0000 00:00:1777609905.545585   21613 csv_example_reader.cc:212] 0 row(s) processed
I0000 00:00:1777609906.193616   21613 csv_example_reader.cc:216] Stop scanning the csv file to infer the type. Some records were not considered.
I0000 00:00:1777609906.193849   21613 data_spec_inference.cc:457] 2001 column(s) found
I0000 00:00:1777609906.196936   21613 csv_example_reader.cc:303] 0 row(s) processed
I0000 00:00:1777609936.197258   21613 csv_example_reader.cc:303] 106427 row(s) processed
I0000 00:00:1777609966.197336   21613 csv_example_reader.cc:303] 212886 row(s) processed
I0000 00:00:1777609996.197591   21613 csv_example_reader.cc:303] 319309 row(s) processed
I0000 00:00:1777610018.927855   21613 data_spec_inference.cc:494] Finalizing [400000 row(s) found]
I0000 00:00:1777610018.927962   21613 train_oblique_forest.cc:391] Configuring oblique splits
I0000 00:00:1777610018.927967   21613 train_oblique_forest.cc:439] Using exact splitting
I0000 00:00:1777610018.928157   21613 abstract_learner.cc:155] No input feature explicitly specified. Using all the available input features.
I0000 00:00:1777610018.928162   21613 abstract_learner.cc:172] The label "label" was removed from the input feature set.
I0000 00:00:1777610018.962958   21613 vertical_dataset_io.cc:82] 100 examples scanned.
I0000 00:00:1777610048.963358   21613 vertical_dataset_io.cc:82] 96000 examples scanned.
I0000 00:00:1777610078.973748   21613 vertical_dataset_io.cc:82] 189500 examples scanned.
I0000 00:00:1777610108.993848   21613 vertical_dataset_io.cc:82] 281300 examples scanned.
I0000 00:00:1777610139.012646   21613 vertical_dataset_io.cc:82] 375700 examples scanned.
I0000 00:00:1777610148.095305   21613 vertical_dataset_io.cc:88] 400000 examples read. Memory: usage:3201MB allocated:3201MB. 0 (0%) examples have been skipped.
I0000 00:00:1777610148.095719   21613 abstract_learner.cc:155] No input feature explicitly specified. Using all the available input features.
I0000 00:00:1777610148.095766   21613 abstract_learner.cc:172] The label "label" was removed from the input feature set.
I0000 00:00:1777610148.095983   21613 random_forest.cc:478] Training random forest on 400000 example(s) and 2000 feature(s).
I0000 00:00:1777610148.096069   21613 gpu.cc:93] Cannot initialize GPU: Not compiled with GPU support
I0000 00:00:1777610148.096507   21613 random_forest.cc:713] num_threads being used: 8
I0000 00:00:1777610159.400336   22532 random_forest.cc:1121] Train tree 1/40 [index:3 total:11.30s tree:11.30s]
I0000 00:00:1777610182.155128   22532 random_forest.cc:1121] Train tree 17/40 [index:16 total:34.06s tree:11.46s]
I0000 00:00:1777610204.878113   22534 random_forest.cc:1121] Train tree 33/40 [index:32 total:56.78s tree:11.31s]
I0000 00:00:1777610205.653358   21613 random_forest.cc:1131] random_forest.cc Training block took: 57.5579 s
I0000 00:00:1777610205.653403   21613 random_forest.cc:1217] EXITING EARLY TO SPEED UP EXPERIMENTS!
-1 (automatic) threads requested. 8 threads set.
----- Run 3/7 -----


Inferring DataSpec from CSV: benchmarks/data/epsilon_normalized_train.csv


WARNING: All log messages before absl::InitializeLog() is called are written to STDERR
I0000 00:00:1777610205.848393   22765 csv_example_reader.cc:212] 0 row(s) processed
I0000 00:00:1777610206.496917   22765 csv_example_reader.cc:216] Stop scanning the csv file to infer the type. Some records were not considered.
I0000 00:00:1777610206.497130   22765 data_spec_inference.cc:457] 2001 column(s) found
I0000 00:00:1777610206.500197   22765 csv_example_reader.cc:303] 0 row(s) processed
I0000 00:00:1777610236.500396   22765 csv_example_reader.cc:303] 106602 row(s) processed
I0000 00:00:1777610266.500595   22765 csv_example_reader.cc:303] 213043 row(s) processed
I0000 00:00:1777610296.500644   22765 csv_example_reader.cc:303] 319485 row(s) processed
I0000 00:00:1777610319.168866   22765 data_spec_inference.cc:494] Finalizing [400000 row(s) found]
I0000 00:00:1777610319.168972   22765 train_oblique_forest.cc:391] Configuring oblique splits
I0000 00:00:1777610319.168977   22765 train_oblique_forest.cc:439] Using exact splitting
I0000 00:00:1777610319.169164   22765 abstract_learner.cc:155] No input feature explicitly specified. Using all the available input features.
I0000 00:00:1777610319.169169   22765 abstract_learner.cc:172] The label "label" was removed from the input feature set.
I0000 00:00:1777610319.204023   22765 vertical_dataset_io.cc:82] 100 examples scanned.
I0000 00:00:1777610349.224543   22765 vertical_dataset_io.cc:82] 96200 examples scanned.
I0000 00:00:1777610379.251244   22765 vertical_dataset_io.cc:82] 189800 examples scanned.
I0000 00:00:1777610409.262418   22765 vertical_dataset_io.cc:82] 281400 examples scanned.
I0000 00:00:1777610439.289270   22765 vertical_dataset_io.cc:82] 375800 examples scanned.
I0000 00:00:1777610448.353241   22765 vertical_dataset_io.cc:88] 400000 examples read. Memory: usage:3201MB allocated:3201MB. 0 (0%) examples have been skipped.
I0000 00:00:1777610448.353665   22765 abstract_learner.cc:155] No input feature explicitly specified. Using all the available input features.
I0000 00:00:1777610448.353716   22765 abstract_learner.cc:172] The label "label" was removed from the input feature set.
I0000 00:00:1777610448.353934   22765 random_forest.cc:478] Training random forest on 400000 example(s) and 2000 feature(s).
I0000 00:00:1777610448.354007   22765 gpu.cc:93] Cannot initialize GPU: Not compiled with GPU support
I0000 00:00:1777610448.354449   22765 random_forest.cc:713] num_threads being used: 8
I0000 00:00:1777610459.648917   23697 random_forest.cc:1121] Train tree 1/40 [index:1 total:11.29s tree:11.29s]
I0000 00:00:1777610482.079966   23692 random_forest.cc:1121] Train tree 17/40 [index:16 total:33.73s tree:11.26s]
I0000 00:00:1777610505.030984   23691 random_forest.cc:1121] Train tree 33/40 [index:34 total:56.68s tree:11.20s]
I0000 00:00:1777610505.774607   22765 random_forest.cc:1131] random_forest.cc Training block took: 57.4212 s
I0000 00:00:1777610505.774650   22765 random_forest.cc:1217] EXITING EARLY TO SPEED UP EXPERIMENTS!
-1 (automatic) threads requested. 8 threads set.
----- Run 4/7 -----


Inferring DataSpec from CSV: benchmarks/data/epsilon_normalized_train.csv


WARNING: All log messages before absl::InitializeLog() is called are written to STDERR
I0000 00:00:1777610505.968769   23924 csv_example_reader.cc:212] 0 row(s) processed
I0000 00:00:1777610506.618594   23924 csv_example_reader.cc:216] Stop scanning the csv file to infer the type. Some records were not considered.
I0000 00:00:1777610506.618830   23924 data_spec_inference.cc:457] 2001 column(s) found
I0000 00:00:1777610506.621922   23924 csv_example_reader.cc:303] 0 row(s) processed
I0000 00:00:1777610536.622212   23924 csv_example_reader.cc:303] 106433 row(s) processed
I0000 00:00:1777610566.622474   23924 csv_example_reader.cc:303] 212852 row(s) processed
I0000 00:00:1777610596.622504   23924 csv_example_reader.cc:303] 319331 row(s) processed
I0000 00:00:1777610619.355082   23924 data_spec_inference.cc:494] Finalizing [400000 row(s) found]
I0000 00:00:1777610619.355191   23924 train_oblique_forest.cc:391] Configuring oblique splits
I0000 00:00:1777610619.355197   23924 train_oblique_forest.cc:439] Using exact splitting
I0000 00:00:1777610619.355375   23924 abstract_learner.cc:155] No input feature explicitly specified. Using all the available input features.
I0000 00:00:1777610619.355380   23924 abstract_learner.cc:172] The label "label" was removed from the input feature set.
I0000 00:00:1777610619.390185   23924 vertical_dataset_io.cc:82] 100 examples scanned.
I0000 00:00:1777610649.416168   23924 vertical_dataset_io.cc:82] 96100 examples scanned.
I0000 00:00:1777610679.434388   23924 vertical_dataset_io.cc:82] 189600 examples scanned.
I0000 00:00:1777610709.440750   23924 vertical_dataset_io.cc:82] 281100 examples scanned.
I0000 00:00:1777610739.443691   23924 vertical_dataset_io.cc:82] 375200 examples scanned.
I0000 00:00:1777610748.712387   23924 vertical_dataset_io.cc:88] 400000 examples read. Memory: usage:3201MB allocated:3201MB. 0 (0%) examples have been skipped.
I0000 00:00:1777610748.712802   23924 abstract_learner.cc:155] No input feature explicitly specified. Using all the available input features.
I0000 00:00:1777610748.712849   23924 abstract_learner.cc:172] The label "label" was removed from the input feature set.
I0000 00:00:1777610748.713090   23924 random_forest.cc:478] Training random forest on 400000 example(s) and 2000 feature(s).
I0000 00:00:1777610748.713165   23924 gpu.cc:93] Cannot initialize GPU: Not compiled with GPU support
I0000 00:00:1777610748.713607   23924 random_forest.cc:713] num_threads being used: 8
I0000 00:00:1777610759.991346   24844 random_forest.cc:1121] Train tree 1/40 [index:3 total:11.28s tree:11.28s]
I0000 00:00:1777610782.579793   24842 random_forest.cc:1121] Train tree 17/40 [index:16 total:33.87s tree:11.26s]
I0000 00:00:1777610805.274181   24842 random_forest.cc:1121] Train tree 33/40 [index:32 total:56.56s tree:11.34s]
I0000 00:00:1777610806.082678   23924 random_forest.cc:1131] random_forest.cc Training block took: 57.3701 s
I0000 00:00:1777610806.082721   23924 random_forest.cc:1217] EXITING EARLY TO SPEED UP EXPERIMENTS!
-1 (automatic) threads requested. 8 threads set.
----- Run 5/7 -----


Inferring DataSpec from CSV: benchmarks/data/epsilon_normalized_train.csv


WARNING: All log messages before absl::InitializeLog() is called are written to STDERR
I0000 00:00:1777610806.279051   25076 csv_example_reader.cc:212] 0 row(s) processed
I0000 00:00:1777610806.927066   25076 csv_example_reader.cc:216] Stop scanning the csv file to infer the type. Some records were not considered.
I0000 00:00:1777610806.927297   25076 data_spec_inference.cc:457] 2001 column(s) found
I0000 00:00:1777610806.930367   25076 csv_example_reader.cc:303] 0 row(s) processed
I0000 00:00:1777610836.930454   25076 csv_example_reader.cc:303] 105608 row(s) processed
I0000 00:00:1777610866.930714   25076 csv_example_reader.cc:303] 211197 row(s) processed
I0000 00:00:1777610896.930909   25076 csv_example_reader.cc:303] 316776 row(s) processed
I0000 00:00:1777610920.613561   25076 data_spec_inference.cc:494] Finalizing [400000 row(s) found]
I0000 00:00:1777610920.613671   25076 train_oblique_forest.cc:391] Configuring oblique splits
I0000 00:00:1777610920.613676   25076 train_oblique_forest.cc:439] Using exact splitting
I0000 00:00:1777610920.613851   25076 abstract_learner.cc:155] No input feature explicitly specified. Using all the available input features.
I0000 00:00:1777610920.613856   25076 abstract_learner.cc:172] The label "label" was removed from the input feature set.
I0000 00:00:1777610920.648694   25076 vertical_dataset_io.cc:82] 100 examples scanned.
I0000 00:00:1777610950.652139   25076 vertical_dataset_io.cc:82] 95600 examples scanned.
I0000 00:00:1777610980.671578   25076 vertical_dataset_io.cc:82] 188600 examples scanned.
I0000 00:00:1777611010.691036   25076 vertical_dataset_io.cc:82] 279500 examples scanned.
I0000 00:00:1777611040.715975   25076 vertical_dataset_io.cc:82] 373300 examples scanned.
I0000 00:00:1777611050.608924   25076 vertical_dataset_io.cc:88] 400000 examples read. Memory: usage:3201MB allocated:3201MB. 0 (0%) examples have been skipped.
I0000 00:00:1777611050.609354   25076 abstract_learner.cc:155] No input feature explicitly specified. Using all the available input features.
I0000 00:00:1777611050.609403   25076 abstract_learner.cc:172] The label "label" was removed from the input feature set.
I0000 00:00:1777611050.609651   25076 random_forest.cc:478] Training random forest on 400000 example(s) and 2000 feature(s).
I0000 00:00:1777611050.609722   25076 gpu.cc:93] Cannot initialize GPU: Not compiled with GPU support
I0000 00:00:1777611050.610171   25076 random_forest.cc:713] num_threads being used: 8
I0000 00:00:1777611061.947749   26003 random_forest.cc:1121] Train tree 1/40 [index:4 total:11.34s tree:11.34s]
I0000 00:00:1777611084.564533   26002 random_forest.cc:1121] Train tree 17/40 [index:16 total:33.95s tree:11.39s]
I0000 00:00:1777611107.557782   26002 random_forest.cc:1121] Train tree 33/40 [index:34 total:56.95s tree:11.39s]
I0000 00:00:1777611107.916463   25076 random_forest.cc:1131] random_forest.cc Training block took: 57.3074 s
I0000 00:00:1777611107.916509   25076 random_forest.cc:1217] EXITING EARLY TO SPEED UP EXPERIMENTS!
-1 (automatic) threads requested. 8 threads set.
----- Run 6/7 -----


Inferring DataSpec from CSV: benchmarks/data/epsilon_normalized_train.csv


WARNING: All log messages before absl::InitializeLog() is called are written to STDERR
I0000 00:00:1777611108.109536   26235 csv_example_reader.cc:212] 0 row(s) processed
I0000 00:00:1777611108.758340   26235 csv_example_reader.cc:216] Stop scanning the csv file to infer the type. Some records were not considered.
I0000 00:00:1777611108.758568   26235 data_spec_inference.cc:457] 2001 column(s) found
I0000 00:00:1777611108.761663   26235 csv_example_reader.cc:303] 0 row(s) processed
I0000 00:00:1777611138.761971   26235 csv_example_reader.cc:303] 106504 row(s) processed
I0000 00:00:1777611168.762198   26235 csv_example_reader.cc:303] 213033 row(s) processed
I0000 00:00:1777611198.762382   26235 csv_example_reader.cc:303] 319558 row(s) processed
I0000 00:00:1777611221.405954   26235 data_spec_inference.cc:494] Finalizing [400000 row(s) found]
I0000 00:00:1777611221.406055   26235 train_oblique_forest.cc:391] Configuring oblique splits
I0000 00:00:1777611221.406073   26235 train_oblique_forest.cc:439] Using exact splitting
I0000 00:00:1777611221.406247   26235 abstract_learner.cc:155] No input feature explicitly specified. Using all the available input features.
I0000 00:00:1777611221.406252   26235 abstract_learner.cc:172] The label "label" was removed from the input feature set.
I0000 00:00:1777611221.440893   26235 vertical_dataset_io.cc:82] 100 examples scanned.
I0000 00:00:1777611251.456491   26235 vertical_dataset_io.cc:82] 96000 examples scanned.
I0000 00:00:1777611281.472599   26235 vertical_dataset_io.cc:82] 189500 examples scanned.
I0000 00:00:1777611311.490812   26235 vertical_dataset_io.cc:82] 281200 examples scanned.
I0000 00:00:1777611341.499328   26235 vertical_dataset_io.cc:82] 375500 examples scanned.
I0000 00:00:1777611350.650488   26235 vertical_dataset_io.cc:88] 400000 examples read. Memory: usage:3201MB allocated:3201MB. 0 (0%) examples have been skipped.
I0000 00:00:1777611350.650900   26235 abstract_learner.cc:155] No input feature explicitly specified. Using all the available input features.
I0000 00:00:1777611350.650948   26235 abstract_learner.cc:172] The label "label" was removed from the input feature set.
I0000 00:00:1777611350.651199   26235 random_forest.cc:478] Training random forest on 400000 example(s) and 2000 feature(s).
I0000 00:00:1777611350.651277   26235 gpu.cc:93] Cannot initialize GPU: Not compiled with GPU support
I0000 00:00:1777611350.651712   26235 random_forest.cc:713] num_threads being used: 8
I0000 00:00:1777611361.981968   27166 random_forest.cc:1121] Train tree 1/40 [index:7 total:11.33s tree:11.33s]
I0000 00:00:1777611384.569880   27162 random_forest.cc:1121] Train tree 17/40 [index:16 total:33.92s tree:11.38s]
I0000 00:00:1777611407.418993   27162 random_forest.cc:1121] Train tree 33/40 [index:32 total:56.77s tree:11.45s]
I0000 00:00:1777611407.982136   26235 random_forest.cc:1131] random_forest.cc Training block took: 57.3315 s
I0000 00:00:1777611407.982183   26235 random_forest.cc:1217] EXITING EARLY TO SPEED UP EXPERIMENTS!
-1 (automatic) threads requested. 8 threads set.
----- Run 7/7 -----


Inferring DataSpec from CSV: benchmarks/data/epsilon_normalized_train.csv


WARNING: All log messages before absl::InitializeLog() is called are written to STDERR
I0000 00:00:1777611408.176732   27388 csv_example_reader.cc:212] 0 row(s) processed
I0000 00:00:1777611408.828205   27388 csv_example_reader.cc:216] Stop scanning the csv file to infer the type. Some records were not considered.
I0000 00:00:1777611408.828441   27388 data_spec_inference.cc:457] 2001 column(s) found
I0000 00:00:1777611408.831552   27388 csv_example_reader.cc:303] 0 row(s) processed
I0000 00:00:1777611438.831644   27388 csv_example_reader.cc:303] 106382 row(s) processed
I0000 00:00:1777611468.831720   27388 csv_example_reader.cc:303] 212680 row(s) processed
I0000 00:00:1777611498.831813   27388 csv_example_reader.cc:303] 318929 row(s) processed
I0000 00:00:1777611521.740432   27388 data_spec_inference.cc:494] Finalizing [400000 row(s) found]
I0000 00:00:1777611521.740538   27388 train_oblique_forest.cc:391] Configuring oblique splits
I0000 00:00:1777611521.740543   27388 train_oblique_forest.cc:439] Using exact splitting
I0000 00:00:1777611521.740722   27388 abstract_learner.cc:155] No input feature explicitly specified. Using all the available input features.
I0000 00:00:1777611521.740727   27388 abstract_learner.cc:172] The label "label" was removed from the input feature set.
I0000 00:00:1777611521.775441   27388 vertical_dataset_io.cc:82] 100 examples scanned.
I0000 00:00:1777611551.779984   27388 vertical_dataset_io.cc:82] 96100 examples scanned.
I0000 00:00:1777611581.794722   27388 vertical_dataset_io.cc:82] 189500 examples scanned.
I0000 00:00:1777611611.821865   27388 vertical_dataset_io.cc:82] 281000 examples scanned.
I0000 00:00:1777611641.831561   27388 vertical_dataset_io.cc:82] 374900 examples scanned.
I0000 00:00:1777611651.201476   27388 vertical_dataset_io.cc:88] 400000 examples read. Memory: usage:3201MB allocated:3201MB. 0 (0%) examples have been skipped.
I0000 00:00:1777611651.201897   27388 abstract_learner.cc:155] No input feature explicitly specified. Using all the available input features.
I0000 00:00:1777611651.201949   27388 abstract_learner.cc:172] The label "label" was removed from the input feature set.
I0000 00:00:1777611651.202197   27388 random_forest.cc:478] Training random forest on 400000 example(s) and 2000 feature(s).
I0000 00:00:1777611651.202274   27388 gpu.cc:93] Cannot initialize GPU: Not compiled with GPU support
I0000 00:00:1777611651.202704   27388 random_forest.cc:713] num_threads being used: 8
I0000 00:00:1777611662.540190   28321 random_forest.cc:1121] Train tree 1/40 [index:2 total:11.34s tree:11.34s]
I0000 00:00:1777611685.286605   28321 random_forest.cc:1121] Train tree 17/40 [index:16 total:34.08s tree:11.45s]
I0000 00:00:1777611708.114633   28321 random_forest.cc:1121] Train tree 33/40 [index:34 total:56.91s tree:11.27s]
I0000 00:00:1777611708.634700   27388 random_forest.cc:1131] random_forest.cc Training block took: 57.433 s
I0000 00:00:1777611708.634744   27388 random_forest.cc:1217] EXITING EARLY TO SPEED UP EXPERIMENTS!
-1 (automatic) threads requested. 8 threads set.
MEDIAN of 7/7 runs: 57.4212 s  (samples: 57.5972 57.5579 57.4212 57.3701 57.3074 57.3315 57.433)
./bazel-bin/examples/train_oblique_forest --input_mode trunk --rows 10000 --feature_split_type "Oblique" --numerical_split_type "Exact" --num_trees=40 --num_threads=-1 --compute_oob_performances=false  
----- Run 1/7 -----
WARNING: All log messages before absl::InitializeLog() is called are written to STDERR
I0000 00:00:1777611708.825156   28561 train_oblique_forest.cc:261] Generating trunk synthetic dataset: rows=10000, cols=4096
I0000 00:00:1777611709.237940   28561 train_oblique_forest.cc:391] Configuring oblique splits
I0000 00:00:1777611709.237963   28561 train_oblique_forest.cc:439] Using exact splitting
I0000 00:00:1777611709.238338   28561 abstract_learner.cc:155] No input feature explicitly specified. Using all the available input features.
I0000 00:00:1777611709.238346   28561 abstract_learner.cc:172] The label "y" was removed from the input feature set.
I0000 00:00:1777611709.238997   28561 random_forest.cc:478] Training random forest on 10000 example(s) and 4096 feature(s).
I0000 00:00:1777611709.239152   28561 gpu.cc:93] Cannot initialize GPU: Not compiled with GPU support
I0000 00:00:1777611709.240263   28561 random_forest.cc:713] num_threads being used: 8
I0000 00:00:1777611709.490555   28566 random_forest.cc:1121] Train tree 1/40 [index:4 total:0.25s tree:0.25s]
I0000 00:00:1777611710.601946   28561 random_forest.cc:1131] random_forest.cc Training block took: 1.36394 s
I0000 00:00:1777611710.601996   28561 random_forest.cc:1217] EXITING EARLY TO SPEED UP EXPERIMENTS!
-1 (automatic) threads requested. 8 threads set.
----- Run 2/7 -----
WARNING: All log messages before absl::InitializeLog() is called are written to STDERR
I0000 00:00:1777611710.620630   28588 train_oblique_forest.cc:261] Generating trunk synthetic dataset: rows=10000, cols=4096
I0000 00:00:1777611711.033734   28588 train_oblique_forest.cc:391] Configuring oblique splits
I0000 00:00:1777611711.033757   28588 train_oblique_forest.cc:439] Using exact splitting
I0000 00:00:1777611711.034144   28588 abstract_learner.cc:155] No input feature explicitly specified. Using all the available input features.
I0000 00:00:1777611711.034154   28588 abstract_learner.cc:172] The label "y" was removed from the input feature set.
I0000 00:00:1777611711.034804   28588 random_forest.cc:478] Training random forest on 10000 example(s) and 4096 feature(s).
I0000 00:00:1777611711.034944   28588 gpu.cc:93] Cannot initialize GPU: Not compiled with GPU support
I0000 00:00:1777611711.036032   28588 random_forest.cc:713] num_threads being used: 8
I0000 00:00:1777611711.289536   28592 random_forest.cc:1121] Train tree 1/40 [index:4 total:0.25s tree:0.25s]
I0000 00:00:1777611712.366155   28588 random_forest.cc:1131] random_forest.cc Training block took: 1.33236 s
I0000 00:00:1777611712.366196   28588 random_forest.cc:1217] EXITING EARLY TO SPEED UP EXPERIMENTS!
-1 (automatic) threads requested. 8 threads set.
----- Run 3/7 -----
WARNING: All log messages before absl::InitializeLog() is called are written to STDERR
I0000 00:00:1777611712.385277   28615 train_oblique_forest.cc:261] Generating trunk synthetic dataset: rows=10000, cols=4096
I0000 00:00:1777611712.798561   28615 train_oblique_forest.cc:391] Configuring oblique splits
I0000 00:00:1777611712.798581   28615 train_oblique_forest.cc:439] Using exact splitting
I0000 00:00:1777611712.798944   28615 abstract_learner.cc:155] No input feature explicitly specified. Using all the available input features.
I0000 00:00:1777611712.798954   28615 abstract_learner.cc:172] The label "y" was removed from the input feature set.
I0000 00:00:1777611712.799759   28615 random_forest.cc:478] Training random forest on 10000 example(s) and 4096 feature(s).
I0000 00:00:1777611712.799899   28615 gpu.cc:93] Cannot initialize GPU: Not compiled with GPU support
I0000 00:00:1777611712.800993   28615 random_forest.cc:713] num_threads being used: 8
I0000 00:00:1777611713.054746   28617 random_forest.cc:1121] Train tree 1/40 [index:2 total:0.25s tree:0.25s]
I0000 00:00:1777611714.098014   28615 random_forest.cc:1131] random_forest.cc Training block took: 1.29939 s
I0000 00:00:1777611714.098076   28615 random_forest.cc:1217] EXITING EARLY TO SPEED UP EXPERIMENTS!
-1 (automatic) threads requested. 8 threads set.
----- Run 4/7 -----
WARNING: All log messages before absl::InitializeLog() is called are written to STDERR
I0000 00:00:1777611714.116930   28634 train_oblique_forest.cc:261] Generating trunk synthetic dataset: rows=10000, cols=4096
I0000 00:00:1777611714.529092   28634 train_oblique_forest.cc:391] Configuring oblique splits
I0000 00:00:1777611714.529113   28634 train_oblique_forest.cc:439] Using exact splitting
I0000 00:00:1777611714.529482   28634 abstract_learner.cc:155] No input feature explicitly specified. Using all the available input features.
I0000 00:00:1777611714.529492   28634 abstract_learner.cc:172] The label "y" was removed from the input feature set.
I0000 00:00:1777611714.530160   28634 random_forest.cc:478] Training random forest on 10000 example(s) and 4096 feature(s).
I0000 00:00:1777611714.530294   28634 gpu.cc:93] Cannot initialize GPU: Not compiled with GPU support
I0000 00:00:1777611714.531380   28634 random_forest.cc:713] num_threads being used: 8
I0000 00:00:1777611714.784452   28646 random_forest.cc:1121] Train tree 1/40 [index:4 total:0.25s tree:0.25s]
I0000 00:00:1777611715.819417   28634 random_forest.cc:1131] random_forest.cc Training block took: 1.29026 s
I0000 00:00:1777611715.819465   28634 random_forest.cc:1217] EXITING EARLY TO SPEED UP EXPERIMENTS!
-1 (automatic) threads requested. 8 threads set.
----- Run 5/7 -----
WARNING: All log messages before absl::InitializeLog() is called are written to STDERR
I0000 00:00:1777611715.836863   28661 train_oblique_forest.cc:261] Generating trunk synthetic dataset: rows=10000, cols=4096
I0000 00:00:1777611716.248654   28661 train_oblique_forest.cc:391] Configuring oblique splits
I0000 00:00:1777611716.248675   28661 train_oblique_forest.cc:439] Using exact splitting
I0000 00:00:1777611716.249035   28661 abstract_learner.cc:155] No input feature explicitly specified. Using all the available input features.
I0000 00:00:1777611716.249044   28661 abstract_learner.cc:172] The label "y" was removed from the input feature set.
I0000 00:00:1777611716.249720   28661 random_forest.cc:478] Training random forest on 10000 example(s) and 4096 feature(s).
I0000 00:00:1777611716.249857   28661 gpu.cc:93] Cannot initialize GPU: Not compiled with GPU support
I0000 00:00:1777611716.250963   28661 random_forest.cc:713] num_threads being used: 8
I0000 00:00:1777611716.502975   28666 random_forest.cc:1121] Train tree 1/40 [index:4 total:0.25s tree:0.25s]
I0000 00:00:1777611717.601178   28661 random_forest.cc:1131] random_forest.cc Training block took: 1.35246 s
I0000 00:00:1777611717.601224   28661 random_forest.cc:1217] EXITING EARLY TO SPEED UP EXPERIMENTS!
-1 (automatic) threads requested. 8 threads set.
----- Run 6/7 -----
WARNING: All log messages before absl::InitializeLog() is called are written to STDERR
I0000 00:00:1777611717.619631   28688 train_oblique_forest.cc:261] Generating trunk synthetic dataset: rows=10000, cols=4096
I0000 00:00:1777611718.031408   28688 train_oblique_forest.cc:391] Configuring oblique splits
I0000 00:00:1777611718.031430   28688 train_oblique_forest.cc:439] Using exact splitting
I0000 00:00:1777611718.031791   28688 abstract_learner.cc:155] No input feature explicitly specified. Using all the available input features.
I0000 00:00:1777611718.031800   28688 abstract_learner.cc:172] The label "y" was removed from the input feature set.
I0000 00:00:1777611718.032467   28688 random_forest.cc:478] Training random forest on 10000 example(s) and 4096 feature(s).
I0000 00:00:1777611718.032601   28688 gpu.cc:93] Cannot initialize GPU: Not compiled with GPU support
I0000 00:00:1777611718.033721   28688 random_forest.cc:713] num_threads being used: 8
I0000 00:00:1777611718.285969   28691 random_forest.cc:1121] Train tree 1/40 [index:4 total:0.25s tree:0.25s]
I0000 00:00:1777611719.371072   28688 random_forest.cc:1131] random_forest.cc Training block took: 1.3396 s
I0000 00:00:1777611719.371115   28688 random_forest.cc:1217] EXITING EARLY TO SPEED UP EXPERIMENTS!
-1 (automatic) threads requested. 8 threads set.
----- Run 7/7 -----
WARNING: All log messages before absl::InitializeLog() is called are written to STDERR
I0000 00:00:1777611719.390877   28715 train_oblique_forest.cc:261] Generating trunk synthetic dataset: rows=10000, cols=4096
I0000 00:00:1777611719.803625   28715 train_oblique_forest.cc:391] Configuring oblique splits
I0000 00:00:1777611719.803646   28715 train_oblique_forest.cc:439] Using exact splitting
I0000 00:00:1777611719.804023   28715 abstract_learner.cc:155] No input feature explicitly specified. Using all the available input features.
I0000 00:00:1777611719.804032   28715 abstract_learner.cc:172] The label "y" was removed from the input feature set.
I0000 00:00:1777611719.804696   28715 random_forest.cc:478] Training random forest on 10000 example(s) and 4096 feature(s).
I0000 00:00:1777611719.804832   28715 gpu.cc:93] Cannot initialize GPU: Not compiled with GPU support
I0000 00:00:1777611719.805930   28715 random_forest.cc:713] num_threads being used: 8
I0000 00:00:1777611720.054871   28720 random_forest.cc:1121] Train tree 1/40 [index:4 total:0.25s tree:0.25s]
I0000 00:00:1777611721.143756   28715 random_forest.cc:1131] random_forest.cc Training block took: 1.34007 s
I0000 00:00:1777611721.143805   28715 random_forest.cc:1217] EXITING EARLY TO SPEED UP EXPERIMENTS!
-1 (automatic) threads requested. 8 threads set.
MEDIAN of 7/7 runs: 1.3396 s  (samples: 1.36394 1.33236 1.29939 1.29026 1.35246 1.3396 1.34007)
./bazel-bin/examples/train_oblique_forest --input_mode trunk --rows 20000 --feature_split_type "Oblique" --numerical_split_type "Exact" --num_trees=40 --num_threads=-1 --compute_oob_performances=false  
----- Run 1/7 -----
WARNING: All log messages before absl::InitializeLog() is called are written to STDERR
I0000 00:00:1777611721.163706   28749 train_oblique_forest.cc:261] Generating trunk synthetic dataset: rows=20000, cols=4096
I0000 00:00:1777611721.986359   28749 train_oblique_forest.cc:391] Configuring oblique splits
I0000 00:00:1777611721.986378   28749 train_oblique_forest.cc:439] Using exact splitting
I0000 00:00:1777611721.986756   28749 abstract_learner.cc:155] No input feature explicitly specified. Using all the available input features.
I0000 00:00:1777611721.986766   28749 abstract_learner.cc:172] The label "y" was removed from the input feature set.
I0000 00:00:1777611721.987467   28749 random_forest.cc:478] Training random forest on 20000 example(s) and 4096 feature(s).
I0000 00:00:1777611721.987609   28749 gpu.cc:93] Cannot initialize GPU: Not compiled with GPU support
I0000 00:00:1777611721.988717   28749 random_forest.cc:713] num_threads being used: 8
I0000 00:00:1777611722.536325   28750 random_forest.cc:1121] Train tree 1/40 [index:1 total:0.55s tree:0.55s]
I0000 00:00:1777611724.864223   28749 random_forest.cc:1131] random_forest.cc Training block took: 2.8778 s
I0000 00:00:1777611724.864274   28749 random_forest.cc:1217] EXITING EARLY TO SPEED UP EXPERIMENTS!
-1 (automatic) threads requested. 8 threads set.
----- Run 2/7 -----
WARNING: All log messages before absl::InitializeLog() is called are written to STDERR
I0000 00:00:1777611724.889673   28776 train_oblique_forest.cc:261] Generating trunk synthetic dataset: rows=20000, cols=4096
I0000 00:00:1777611725.713408   28776 train_oblique_forest.cc:391] Configuring oblique splits
I0000 00:00:1777611725.713428   28776 train_oblique_forest.cc:439] Using exact splitting
I0000 00:00:1777611725.713814   28776 abstract_learner.cc:155] No input feature explicitly specified. Using all the available input features.
I0000 00:00:1777611725.713823   28776 abstract_learner.cc:172] The label "y" was removed from the input feature set.
I0000 00:00:1777611725.714524   28776 random_forest.cc:478] Training random forest on 20000 example(s) and 4096 feature(s).
I0000 00:00:1777611725.714672   28776 gpu.cc:93] Cannot initialize GPU: Not compiled with GPU support
I0000 00:00:1777611725.715767   28776 random_forest.cc:713] num_threads being used: 8
I0000 00:00:1777611726.261415   28785 random_forest.cc:1121] Train tree 1/40 [index:1 total:0.55s tree:0.55s]
I0000 00:00:1777611728.547224   28776 random_forest.cc:1131] random_forest.cc Training block took: 2.83375 s
I0000 00:00:1777611728.547272   28776 random_forest.cc:1217] EXITING EARLY TO SPEED UP EXPERIMENTS!
-1 (automatic) threads requested. 8 threads set.
----- Run 3/7 -----
WARNING: All log messages before absl::InitializeLog() is called are written to STDERR
I0000 00:00:1777611728.573196   28812 train_oblique_forest.cc:261] Generating trunk synthetic dataset: rows=20000, cols=4096
I0000 00:00:1777611729.396034   28812 train_oblique_forest.cc:391] Configuring oblique splits
I0000 00:00:1777611729.396055   28812 train_oblique_forest.cc:439] Using exact splitting
I0000 00:00:1777611729.396450   28812 abstract_learner.cc:155] No input feature explicitly specified. Using all the available input features.
I0000 00:00:1777611729.396459   28812 abstract_learner.cc:172] The label "y" was removed from the input feature set.
I0000 00:00:1777611729.397196   28812 random_forest.cc:478] Training random forest on 20000 example(s) and 4096 feature(s).
I0000 00:00:1777611729.397341   28812 gpu.cc:93] Cannot initialize GPU: Not compiled with GPU support
I0000 00:00:1777611729.398462   28812 random_forest.cc:713] num_threads being used: 8
I0000 00:00:1777611729.947786   28819 random_forest.cc:1121] Train tree 1/40 [index:0 total:0.55s tree:0.55s]
I0000 00:00:1777611732.314766   28812 random_forest.cc:1131] random_forest.cc Training block took: 2.91865 s
I0000 00:00:1777611732.314813   28812 random_forest.cc:1217] EXITING EARLY TO SPEED UP EXPERIMENTS!
-1 (automatic) threads requested. 8 threads set.
----- Run 4/7 -----
WARNING: All log messages before absl::InitializeLog() is called are written to STDERR
I0000 00:00:1777611732.342049   28847 train_oblique_forest.cc:261] Generating trunk synthetic dataset: rows=20000, cols=4096
I0000 00:00:1777611733.164758   28847 train_oblique_forest.cc:391] Configuring oblique splits
I0000 00:00:1777611733.164777   28847 train_oblique_forest.cc:439] Using exact splitting
I0000 00:00:1777611733.165156   28847 abstract_learner.cc:155] No input feature explicitly specified. Using all the available input features.
I0000 00:00:1777611733.165165   28847 abstract_learner.cc:172] The label "y" was removed from the input feature set.
I0000 00:00:1777611733.165855   28847 random_forest.cc:478] Training random forest on 20000 example(s) and 4096 feature(s).
I0000 00:00:1777611733.166004   28847 gpu.cc:93] Cannot initialize GPU: Not compiled with GPU support
I0000 00:00:1777611733.167106   28847 random_forest.cc:713] num_threads being used: 8
I0000 00:00:1777611733.714138   28848 random_forest.cc:1121] Train tree 1/40 [index:1 total:0.55s tree:0.55s]
I0000 00:00:1777611736.000133   28847 random_forest.cc:1131] random_forest.cc Training block took: 2.83531 s
I0000 00:00:1777611736.000176   28847 random_forest.cc:1217] EXITING EARLY TO SPEED UP EXPERIMENTS!
-1 (automatic) threads requested. 8 threads set.
----- Run 5/7 -----
WARNING: All log messages before absl::InitializeLog() is called are written to STDERR
I0000 00:00:1777611736.025808   28882 train_oblique_forest.cc:261] Generating trunk synthetic dataset: rows=20000, cols=4096
I0000 00:00:1777611736.848229   28882 train_oblique_forest.cc:391] Configuring oblique splits
I0000 00:00:1777611736.848249   28882 train_oblique_forest.cc:439] Using exact splitting
I0000 00:00:1777611736.848624   28882 abstract_learner.cc:155] No input feature explicitly specified. Using all the available input features.
I0000 00:00:1777611736.848633   28882 abstract_learner.cc:172] The label "y" was removed from the input feature set.
I0000 00:00:1777611736.849331   28882 random_forest.cc:478] Training random forest on 20000 example(s) and 4096 feature(s).
I0000 00:00:1777611736.849477   28882 gpu.cc:93] Cannot initialize GPU: Not compiled with GPU support
I0000 00:00:1777611736.850581   28882 random_forest.cc:713] num_threads being used: 8
I0000 00:00:1777611737.395134   28883 random_forest.cc:1121] Train tree 1/40 [index:1 total:0.54s tree:0.54s]
I0000 00:00:1777611739.694391   28882 random_forest.cc:1131] random_forest.cc Training block took: 2.8461 s
I0000 00:00:1777611739.694435   28882 random_forest.cc:1217] EXITING EARLY TO SPEED UP EXPERIMENTS!
-1 (automatic) threads requested. 8 threads set.
----- Run 6/7 -----
WARNING: All log messages before absl::InitializeLog() is called are written to STDERR
I0000 00:00:1777611739.721870   28910 train_oblique_forest.cc:261] Generating trunk synthetic dataset: rows=20000, cols=4096
I0000 00:00:1777611740.544039   28910 train_oblique_forest.cc:391] Configuring oblique splits
I0000 00:00:1777611740.544070   28910 train_oblique_forest.cc:439] Using exact splitting
I0000 00:00:1777611740.544453   28910 abstract_learner.cc:155] No input feature explicitly specified. Using all the available input features.
I0000 00:00:1777611740.544462   28910 abstract_learner.cc:172] The label "y" was removed from the input feature set.
I0000 00:00:1777611740.545164   28910 random_forest.cc:478] Training random forest on 20000 example(s) and 4096 feature(s).
I0000 00:00:1777611740.545312   28910 gpu.cc:93] Cannot initialize GPU: Not compiled with GPU support
I0000 00:00:1777611740.546411   28910 random_forest.cc:713] num_threads being used: 8
I0000 00:00:1777611741.089908   28926 random_forest.cc:1121] Train tree 1/40 [index:1 total:0.54s tree:0.54s]
I0000 00:00:1777611743.425725   28910 random_forest.cc:1131] random_forest.cc Training block took: 2.88161 s
I0000 00:00:1777611743.425770   28910 random_forest.cc:1217] EXITING EARLY TO SPEED UP EXPERIMENTS!
-1 (automatic) threads requested. 8 threads set.
----- Run 7/7 -----
WARNING: All log messages before absl::InitializeLog() is called are written to STDERR
I0000 00:00:1777611743.452444   28945 train_oblique_forest.cc:261] Generating trunk synthetic dataset: rows=20000, cols=4096
I0000 00:00:1777611744.275244   28945 train_oblique_forest.cc:391] Configuring oblique splits
I0000 00:00:1777611744.275264   28945 train_oblique_forest.cc:439] Using exact splitting
I0000 00:00:1777611744.275640   28945 abstract_learner.cc:155] No input feature explicitly specified. Using all the available input features.
I0000 00:00:1777611744.275649   28945 abstract_learner.cc:172] The label "y" was removed from the input feature set.
I0000 00:00:1777611744.276349   28945 random_forest.cc:478] Training random forest on 20000 example(s) and 4096 feature(s).
I0000 00:00:1777611744.276491   28945 gpu.cc:93] Cannot initialize GPU: Not compiled with GPU support
I0000 00:00:1777611744.277590   28945 random_forest.cc:713] num_threads being used: 8
I0000 00:00:1777611744.823329   28953 random_forest.cc:1121] Train tree 1/40 [index:0 total:0.55s tree:0.55s]
I0000 00:00:1777611747.164115   28945 random_forest.cc:1131] random_forest.cc Training block took: 2.88881 s
I0000 00:00:1777611747.164165   28945 random_forest.cc:1217] EXITING EARLY TO SPEED UP EXPERIMENTS!
-1 (automatic) threads requested. 8 threads set.
MEDIAN of 7/7 runs: 2.8778 s  (samples: 2.8778 2.83375 2.91865 2.83531 2.8461 2.88161 2.88881)
./bazel-bin/examples/train_oblique_forest --input_mode trunk --rows 40000 --feature_split_type "Oblique" --numerical_split_type "Exact" --num_trees=40 --num_threads=-1 --compute_oob_performances=false  
----- Run 1/7 -----
WARNING: All log messages before absl::InitializeLog() is called are written to STDERR
I0000 00:00:1777611747.195865   28987 train_oblique_forest.cc:261] Generating trunk synthetic dataset: rows=40000, cols=4096
I0000 00:00:1777611748.851715   28987 train_oblique_forest.cc:391] Configuring oblique splits
I0000 00:00:1777611748.851739   28987 train_oblique_forest.cc:439] Using exact splitting
I0000 00:00:1777611748.852123   28987 abstract_learner.cc:155] No input feature explicitly specified. Using all the available input features.
I0000 00:00:1777611748.852132   28987 abstract_learner.cc:172] The label "y" was removed from the input feature set.
I0000 00:00:1777611748.852810   28987 random_forest.cc:478] Training random forest on 40000 example(s) and 4096 feature(s).
I0000 00:00:1777611748.852968   28987 gpu.cc:93] Cannot initialize GPU: Not compiled with GPU support
I0000 00:00:1777611748.854089   28987 random_forest.cc:713] num_threads being used: 8
I0000 00:00:1777611750.046957   28988 random_forest.cc:1121] Train tree 1/40 [index:1 total:1.19s tree:1.19s]
I0000 00:00:1777611755.074301   28987 random_forest.cc:1131] random_forest.cc Training block took: 6.22252 s
I0000 00:00:1777611755.074348   28987 random_forest.cc:1217] EXITING EARLY TO SPEED UP EXPERIMENTS!
-1 (automatic) threads requested. 8 threads set.
----- Run 2/7 -----
WARNING: All log messages before absl::InitializeLog() is called are written to STDERR
I0000 00:00:1777611755.117616   29030 train_oblique_forest.cc:261] Generating trunk synthetic dataset: rows=40000, cols=4096
I0000 00:00:1777611756.769685   29030 train_oblique_forest.cc:391] Configuring oblique splits
I0000 00:00:1777611756.769710   29030 train_oblique_forest.cc:439] Using exact splitting
I0000 00:00:1777611756.770094   29030 abstract_learner.cc:155] No input feature explicitly specified. Using all the available input features.
I0000 00:00:1777611756.770103   29030 abstract_learner.cc:172] The label "y" was removed from the input feature set.
I0000 00:00:1777611756.770783   29030 random_forest.cc:478] Training random forest on 40000 example(s) and 4096 feature(s).
I0000 00:00:1777611756.770939   29030 gpu.cc:93] Cannot initialize GPU: Not compiled with GPU support
I0000 00:00:1777611756.772010   29030 random_forest.cc:713] num_threads being used: 8
I0000 00:00:1777611757.957128   29041 random_forest.cc:1121] Train tree 1/40 [index:4 total:1.19s tree:1.18s]
I0000 00:00:1777611763.016174   29030 random_forest.cc:1131] random_forest.cc Training block took: 6.24642 s
I0000 00:00:1777611763.016222   29030 random_forest.cc:1217] EXITING EARLY TO SPEED UP EXPERIMENTS!
-1 (automatic) threads requested. 8 threads set.
----- Run 3/7 -----
WARNING: All log messages before absl::InitializeLog() is called are written to STDERR
I0000 00:00:1777611763.060207   29081 train_oblique_forest.cc:261] Generating trunk synthetic dataset: rows=40000, cols=4096
I0000 00:00:1777611764.713437   29081 train_oblique_forest.cc:391] Configuring oblique splits
I0000 00:00:1777611764.713462   29081 train_oblique_forest.cc:439] Using exact splitting
I0000 00:00:1777611764.713844   29081 abstract_learner.cc:155] No input feature explicitly specified. Using all the available input features.
I0000 00:00:1777611764.713853   29081 abstract_learner.cc:172] The label "y" was removed from the input feature set.
I0000 00:00:1777611764.714544   29081 random_forest.cc:478] Training random forest on 40000 example(s) and 4096 feature(s).
I0000 00:00:1777611764.714701   29081 gpu.cc:93] Cannot initialize GPU: Not compiled with GPU support
I0000 00:00:1777611764.715802   29081 random_forest.cc:713] num_threads being used: 8
I0000 00:00:1777611765.902582   29091 random_forest.cc:1121] Train tree 1/40 [index:4 total:1.19s tree:1.19s]
I0000 00:00:1777611770.962567   29081 random_forest.cc:1131] random_forest.cc Training block took: 6.24906 s
I0000 00:00:1777611770.962615   29081 random_forest.cc:1217] EXITING EARLY TO SPEED UP EXPERIMENTS!
-1 (automatic) threads requested. 8 threads set.
----- Run 4/7 -----
WARNING: All log messages before absl::InitializeLog() is called are written to STDERR
I0000 00:00:1777611771.004178   29132 train_oblique_forest.cc:261] Generating trunk synthetic dataset: rows=40000, cols=4096
I0000 00:00:1777611772.657787   29132 train_oblique_forest.cc:391] Configuring oblique splits
I0000 00:00:1777611772.657807   29132 train_oblique_forest.cc:439] Using exact splitting
I0000 00:00:1777611772.658195   29132 abstract_learner.cc:155] No input feature explicitly specified. Using all the available input features.
I0000 00:00:1777611772.658205   29132 abstract_learner.cc:172] The label "y" was removed from the input feature set.
I0000 00:00:1777611772.658868   29132 random_forest.cc:478] Training random forest on 40000 example(s) and 4096 feature(s).
I0000 00:00:1777611772.659015   29132 gpu.cc:93] Cannot initialize GPU: Not compiled with GPU support
I0000 00:00:1777611772.660125   29132 random_forest.cc:713] num_threads being used: 8
I0000 00:00:1777611773.827385   29146 random_forest.cc:1121] Train tree 1/40 [index:4 total:1.17s tree:1.17s]
I0000 00:00:1777611778.911495   29132 random_forest.cc:1131] random_forest.cc Training block took: 6.25365 s
I0000 00:00:1777611778.911547   29132 random_forest.cc:1217] EXITING EARLY TO SPEED UP EXPERIMENTS!
-1 (automatic) threads requested. 8 threads set.
----- Run 5/7 -----
WARNING: All log messages before absl::InitializeLog() is called are written to STDERR
I0000 00:00:1777611778.953687   29176 train_oblique_forest.cc:261] Generating trunk synthetic dataset: rows=40000, cols=4096
I0000 00:00:1777611780.609958   29176 train_oblique_forest.cc:391] Configuring oblique splits
I0000 00:00:1777611780.609982   29176 train_oblique_forest.cc:439] Using exact splitting
I0000 00:00:1777611780.610365   29176 abstract_learner.cc:155] No input feature explicitly specified. Using all the available input features.
I0000 00:00:1777611780.610374   29176 abstract_learner.cc:172] The label "y" was removed from the input feature set.
I0000 00:00:1777611780.611049   29176 random_forest.cc:478] Training random forest on 40000 example(s) and 4096 feature(s).
I0000 00:00:1777611780.611220   29176 gpu.cc:93] Cannot initialize GPU: Not compiled with GPU support
I0000 00:00:1777611780.612320   29176 random_forest.cc:713] num_threads being used: 8
I0000 00:00:1777611781.797566   29186 random_forest.cc:1121] Train tree 1/40 [index:4 total:1.19s tree:1.18s]
I0000 00:00:1777611786.861084   29176 random_forest.cc:1131] random_forest.cc Training block took: 6.25106 s
I0000 00:00:1777611786.861133   29176 random_forest.cc:1217] EXITING EARLY TO SPEED UP EXPERIMENTS!
-1 (automatic) threads requested. 8 threads set.
----- Run 6/7 -----
WARNING: All log messages before absl::InitializeLog() is called are written to STDERR
I0000 00:00:1777611786.905577   29226 train_oblique_forest.cc:261] Generating trunk synthetic dataset: rows=40000, cols=4096
I0000 00:00:1777611788.559923   29226 train_oblique_forest.cc:391] Configuring oblique splits
I0000 00:00:1777611788.559946   29226 train_oblique_forest.cc:439] Using exact splitting
I0000 00:00:1777611788.560330   29226 abstract_learner.cc:155] No input feature explicitly specified. Using all the available input features.
I0000 00:00:1777611788.560340   29226 abstract_learner.cc:172] The label "y" was removed from the input feature set.
I0000 00:00:1777611788.561012   29226 random_forest.cc:478] Training random forest on 40000 example(s) and 4096 feature(s).
I0000 00:00:1777611788.561184   29226 gpu.cc:93] Cannot initialize GPU: Not compiled with GPU support
I0000 00:00:1777611788.562279   29226 random_forest.cc:713] num_threads being used: 8
I0000 00:00:1777611789.731598   29237 random_forest.cc:1121] Train tree 1/40 [index:4 total:1.17s tree:1.17s]
I0000 00:00:1777611794.792567   29226 random_forest.cc:1131] random_forest.cc Training block took: 6.23258 s
I0000 00:00:1777611794.792619   29226 random_forest.cc:1217] EXITING EARLY TO SPEED UP EXPERIMENTS!
-1 (automatic) threads requested. 8 threads set.
----- Run 7/7 -----
WARNING: All log messages before absl::InitializeLog() is called are written to STDERR
I0000 00:00:1777611794.837668   29277 train_oblique_forest.cc:261] Generating trunk synthetic dataset: rows=40000, cols=4096
I0000 00:00:1777611796.494366   29277 train_oblique_forest.cc:391] Configuring oblique splits
I0000 00:00:1777611796.494388   29277 train_oblique_forest.cc:439] Using exact splitting
I0000 00:00:1777611796.494757   29277 abstract_learner.cc:155] No input feature explicitly specified. Using all the available input features.
I0000 00:00:1777611796.494767   29277 abstract_learner.cc:172] The label "y" was removed from the input feature set.
I0000 00:00:1777611796.495459   29277 random_forest.cc:478] Training random forest on 40000 example(s) and 4096 feature(s).
I0000 00:00:1777611796.495616   29277 gpu.cc:93] Cannot initialize GPU: Not compiled with GPU support
I0000 00:00:1777611796.496713   29277 random_forest.cc:713] num_threads being used: 8
I0000 00:00:1777611797.681436   29290 random_forest.cc:1121] Train tree 1/40 [index:4 total:1.18s tree:1.18s]
I0000 00:00:1777611802.724633   29277 random_forest.cc:1131] random_forest.cc Training block took: 6.2302 s
I0000 00:00:1777611802.724684   29277 random_forest.cc:1217] EXITING EARLY TO SPEED UP EXPERIMENTS!
-1 (automatic) threads requested. 8 threads set.
MEDIAN of 7/7 runs: 6.24642 s  (samples: 6.22252 6.24642 6.24906 6.25365 6.25106 6.23258 6.2302)
./bazel-bin/examples/train_oblique_forest --input_mode trunk --rows 80000 --feature_split_type "Oblique" --numerical_split_type "Exact" --num_trees=40 --num_threads=-1 --compute_oob_performances=false  
----- Run 1/7 -----
WARNING: All log messages before absl::InitializeLog() is called are written to STDERR
I0000 00:00:1777611802.771551   29335 train_oblique_forest.cc:261] Generating trunk synthetic dataset: rows=80000, cols=4096
I0000 00:00:1777611806.064100   29335 train_oblique_forest.cc:391] Configuring oblique splits
I0000 00:00:1777611806.064124   29335 train_oblique_forest.cc:439] Using exact splitting
I0000 00:00:1777611806.064498   29335 abstract_learner.cc:155] No input feature explicitly specified. Using all the available input features.
I0000 00:00:1777611806.064507   29335 abstract_learner.cc:172] The label "y" was removed from the input feature set.
I0000 00:00:1777611806.065252   29335 random_forest.cc:478] Training random forest on 80000 example(s) and 4096 feature(s).
I0000 00:00:1777611806.065400   29335 gpu.cc:93] Cannot initialize GPU: Not compiled with GPU support
I0000 00:00:1777611806.066500   29335 random_forest.cc:713] num_threads being used: 8
I0000 00:00:1777611808.663156   29344 random_forest.cc:1121] Train tree 1/40 [index:1 total:2.60s tree:2.60s]
I0000 00:00:1777611819.442774   29335 random_forest.cc:1131] random_forest.cc Training block took: 13.3786 s
I0000 00:00:1777611819.442823   29335 random_forest.cc:1217] EXITING EARLY TO SPEED UP EXPERIMENTS!
-1 (automatic) threads requested. 8 threads set.
----- Run 2/7 -----
WARNING: All log messages before absl::InitializeLog() is called are written to STDERR
I0000 00:00:1777611819.510173   29411 train_oblique_forest.cc:261] Generating trunk synthetic dataset: rows=80000, cols=4096
I0000 00:00:1777611822.804115   29411 train_oblique_forest.cc:391] Configuring oblique splits
I0000 00:00:1777611822.804139   29411 train_oblique_forest.cc:439] Using exact splitting
I0000 00:00:1777611822.804513   29411 abstract_learner.cc:155] No input feature explicitly specified. Using all the available input features.
I0000 00:00:1777611822.804523   29411 abstract_learner.cc:172] The label "y" was removed from the input feature set.
I0000 00:00:1777611822.805215   29411 random_forest.cc:478] Training random forest on 80000 example(s) and 4096 feature(s).
I0000 00:00:1777611822.805370   29411 gpu.cc:93] Cannot initialize GPU: Not compiled with GPU support
I0000 00:00:1777611822.806453   29411 random_forest.cc:713] num_threads being used: 8
I0000 00:00:1777611825.388036   29428 random_forest.cc:1121] Train tree 1/40 [index:1 total:2.58s tree:2.58s]
I0000 00:00:1777611836.201607   29411 random_forest.cc:1131] random_forest.cc Training block took: 13.3974 s
I0000 00:00:1777611836.201657   29411 random_forest.cc:1217] EXITING EARLY TO SPEED UP EXPERIMENTS!
-1 (automatic) threads requested. 8 threads set.
----- Run 3/7 -----
WARNING: All log messages before absl::InitializeLog() is called are written to STDERR
I0000 00:00:1777611836.275859   29494 train_oblique_forest.cc:261] Generating trunk synthetic dataset: rows=80000, cols=4096
I0000 00:00:1777611839.570399   29494 train_oblique_forest.cc:391] Configuring oblique splits
I0000 00:00:1777611839.570422   29494 train_oblique_forest.cc:439] Using exact splitting
I0000 00:00:1777611839.570797   29494 abstract_learner.cc:155] No input feature explicitly specified. Using all the available input features.
I0000 00:00:1777611839.570806   29494 abstract_learner.cc:172] The label "y" was removed from the input feature set.
I0000 00:00:1777611839.571495   29494 random_forest.cc:478] Training random forest on 80000 example(s) and 4096 feature(s).
I0000 00:00:1777611839.571652   29494 gpu.cc:93] Cannot initialize GPU: Not compiled with GPU support
I0000 00:00:1777611839.572744   29494 random_forest.cc:713] num_threads being used: 8
I0000 00:00:1777611842.094804   29511 random_forest.cc:1121] Train tree 1/40 [index:1 total:2.52s tree:2.52s]
I0000 00:00:1777611852.931290   29494 random_forest.cc:1131] random_forest.cc Training block took: 13.3608 s
I0000 00:00:1777611852.931337   29494 random_forest.cc:1217] EXITING EARLY TO SPEED UP EXPERIMENTS!
-1 (automatic) threads requested. 8 threads set.
----- Run 4/7 -----
WARNING: All log messages before absl::InitializeLog() is called are written to STDERR
I0000 00:00:1777611853.003427   29577 train_oblique_forest.cc:261] Generating trunk synthetic dataset: rows=80000, cols=4096
I0000 00:00:1777611856.294745   29577 train_oblique_forest.cc:391] Configuring oblique splits
I0000 00:00:1777611856.294766   29577 train_oblique_forest.cc:439] Using exact splitting
I0000 00:00:1777611856.295152   29577 abstract_learner.cc:155] No input feature explicitly specified. Using all the available input features.
I0000 00:00:1777611856.295162   29577 abstract_learner.cc:172] The label "y" was removed from the input feature set.
I0000 00:00:1777611856.295827   29577 random_forest.cc:478] Training random forest on 80000 example(s) and 4096 feature(s).
I0000 00:00:1777611856.295970   29577 gpu.cc:93] Cannot initialize GPU: Not compiled with GPU support
I0000 00:00:1777611856.297048   29577 random_forest.cc:713] num_threads being used: 8
I0000 00:00:1777611858.821304   29594 random_forest.cc:1121] Train tree 1/40 [index:1 total:2.52s tree:2.52s]
I0000 00:00:1777611869.678381   29577 random_forest.cc:1131] random_forest.cc Training block took: 13.3836 s
I0000 00:00:1777611869.678432   29577 random_forest.cc:1217] EXITING EARLY TO SPEED UP EXPERIMENTS!
-1 (automatic) threads requested. 8 threads set.
----- Run 5/7 -----
WARNING: All log messages before absl::InitializeLog() is called are written to STDERR
I0000 00:00:1777611869.751811   29660 train_oblique_forest.cc:261] Generating trunk synthetic dataset: rows=80000, cols=4096
I0000 00:00:1777611873.048038   29660 train_oblique_forest.cc:391] Configuring oblique splits
I0000 00:00:1777611873.048074   29660 train_oblique_forest.cc:439] Using exact splitting
I0000 00:00:1777611873.048444   29660 abstract_learner.cc:155] No input feature explicitly specified. Using all the available input features.
I0000 00:00:1777611873.048454   29660 abstract_learner.cc:172] The label "y" was removed from the input feature set.
I0000 00:00:1777611873.049162   29660 random_forest.cc:478] Training random forest on 80000 example(s) and 4096 feature(s).
I0000 00:00:1777611873.049315   29660 gpu.cc:93] Cannot initialize GPU: Not compiled with GPU support
I0000 00:00:1777611873.050404   29660 random_forest.cc:713] num_threads being used: 8
I0000 00:00:1777611875.633136   29673 random_forest.cc:1121] Train tree 1/40 [index:1 total:2.58s tree:2.58s]
I0000 00:00:1777611886.421945   29660 random_forest.cc:1131] random_forest.cc Training block took: 13.3738 s
I0000 00:00:1777611886.421986   29660 random_forest.cc:1217] EXITING EARLY TO SPEED UP EXPERIMENTS!
-1 (automatic) threads requested. 8 threads set.
----- Run 6/7 -----
WARNING: All log messages before absl::InitializeLog() is called are written to STDERR
I0000 00:00:1777611886.491500   29743 train_oblique_forest.cc:261] Generating trunk synthetic dataset: rows=80000, cols=4096
I0000 00:00:1777611889.789390   29743 train_oblique_forest.cc:391] Configuring oblique splits
I0000 00:00:1777611889.789414   29743 train_oblique_forest.cc:439] Using exact splitting
I0000 00:00:1777611889.789787   29743 abstract_learner.cc:155] No input feature explicitly specified. Using all the available input features.
I0000 00:00:1777611889.789795   29743 abstract_learner.cc:172] The label "y" was removed from the input feature set.
I0000 00:00:1777611889.790487   29743 random_forest.cc:478] Training random forest on 80000 example(s) and 4096 feature(s).
I0000 00:00:1777611889.790638   29743 gpu.cc:93] Cannot initialize GPU: Not compiled with GPU support
I0000 00:00:1777611889.791733   29743 random_forest.cc:713] num_threads being used: 8
I0000 00:00:1777611892.311967   29752 random_forest.cc:1121] Train tree 1/40 [index:1 total:2.52s tree:2.52s]
I0000 00:00:1777611903.190522   29743 random_forest.cc:1131] random_forest.cc Training block took: 13.4011 s
I0000 00:00:1777611903.190572   29743 random_forest.cc:1217] EXITING EARLY TO SPEED UP EXPERIMENTS!
-1 (automatic) threads requested. 8 threads set.
----- Run 7/7 -----
WARNING: All log messages before absl::InitializeLog() is called are written to STDERR
I0000 00:00:1777611903.260159   29821 train_oblique_forest.cc:261] Generating trunk synthetic dataset: rows=80000, cols=4096
I0000 00:00:1777611906.557832   29821 train_oblique_forest.cc:391] Configuring oblique splits
I0000 00:00:1777611906.557857   29821 train_oblique_forest.cc:439] Using exact splitting
I0000 00:00:1777611906.558238   29821 abstract_learner.cc:155] No input feature explicitly specified. Using all the available input features.
I0000 00:00:1777611906.558247   29821 abstract_learner.cc:172] The label "y" was removed from the input feature set.
I0000 00:00:1777611906.558926   29821 random_forest.cc:478] Training random forest on 80000 example(s) and 4096 feature(s).
I0000 00:00:1777611906.559102   29821 gpu.cc:93] Cannot initialize GPU: Not compiled with GPU support
I0000 00:00:1777611906.560198   29821 random_forest.cc:713] num_threads being used: 8
I0000 00:00:1777611909.087246   29845 random_forest.cc:1121] Train tree 1/40 [index:1 total:2.53s tree:2.53s]
I0000 00:00:1777611919.948286   29821 random_forest.cc:1131] random_forest.cc Training block took: 13.3904 s
I0000 00:00:1777611919.948337   29821 random_forest.cc:1217] EXITING EARLY TO SPEED UP EXPERIMENTS!
-1 (automatic) threads requested. 8 threads set.
MEDIAN of 7/7 runs: 13.3836 s  (samples: 13.3786 13.3974 13.3608 13.3836 13.3738 13.4011 13.3904)
./bazel-bin/examples/train_oblique_forest --input_mode trunk --rows 100000 --feature_split_type "Oblique" --numerical_split_type "Exact" --num_trees=40 --num_threads=-1 --compute_oob_performances=false  
----- Run 1/7 -----
WARNING: All log messages before absl::InitializeLog() is called are written to STDERR
I0000 00:00:1777611920.025410   29911 train_oblique_forest.cc:261] Generating trunk synthetic dataset: rows=100000, cols=4096
I0000 00:00:1777611924.139546   29911 train_oblique_forest.cc:391] Configuring oblique splits
I0000 00:00:1777611924.139570   29911 train_oblique_forest.cc:439] Using exact splitting
I0000 00:00:1777611924.139942   29911 abstract_learner.cc:155] No input feature explicitly specified. Using all the available input features.
I0000 00:00:1777611924.139951   29911 abstract_learner.cc:172] The label "y" was removed from the input feature set.
I0000 00:00:1777611924.140640   29911 random_forest.cc:478] Training random forest on 100000 example(s) and 4096 feature(s).
I0000 00:00:1777611924.140793   29911 gpu.cc:93] Cannot initialize GPU: Not compiled with GPU support
I0000 00:00:1777611924.141893   29911 random_forest.cc:713] num_threads being used: 8
I0000 00:00:1777611927.272762   29929 random_forest.cc:1121] Train tree 1/40 [index:3 total:3.13s tree:3.13s]
I0000 00:00:1777611941.200148   29911 random_forest.cc:1131] random_forest.cc Training block took: 17.0605 s
I0000 00:00:1777611941.200202   29911 random_forest.cc:1217] EXITING EARLY TO SPEED UP EXPERIMENTS!
-1 (automatic) threads requested. 8 threads set.
----- Run 2/7 -----
WARNING: All log messages before absl::InitializeLog() is called are written to STDERR
I0000 00:00:1777611941.283415   30010 train_oblique_forest.cc:261] Generating trunk synthetic dataset: rows=100000, cols=4096
I0000 00:00:1777611945.394906   30010 train_oblique_forest.cc:391] Configuring oblique splits
I0000 00:00:1777611945.394930   30010 train_oblique_forest.cc:439] Using exact splitting
I0000 00:00:1777611945.395298   30010 abstract_learner.cc:155] No input feature explicitly specified. Using all the available input features.
I0000 00:00:1777611945.395307   30010 abstract_learner.cc:172] The label "y" was removed from the input feature set.
I0000 00:00:1777611945.395977   30010 random_forest.cc:478] Training random forest on 100000 example(s) and 4096 feature(s).
I0000 00:00:1777611945.396146   30010 gpu.cc:93] Cannot initialize GPU: Not compiled with GPU support
I0000 00:00:1777611945.397241   30010 random_forest.cc:713] num_threads being used: 8
I0000 00:00:1777611948.468788   30029 random_forest.cc:1121] Train tree 1/40 [index:3 total:3.07s tree:3.07s]
I0000 00:00:1777611962.443343   30010 random_forest.cc:1131] random_forest.cc Training block took: 17.0484 s
I0000 00:00:1777611962.443390   30010 random_forest.cc:1217] EXITING EARLY TO SPEED UP EXPERIMENTS!
-1 (automatic) threads requested. 8 threads set.
----- Run 3/7 -----
WARNING: All log messages before absl::InitializeLog() is called are written to STDERR
I0000 00:00:1777611962.527813   30110 train_oblique_forest.cc:261] Generating trunk synthetic dataset: rows=100000, cols=4096
I0000 00:00:1777611966.638945   30110 train_oblique_forest.cc:391] Configuring oblique splits
I0000 00:00:1777611966.638969   30110 train_oblique_forest.cc:439] Using exact splitting
I0000 00:00:1777611966.639351   30110 abstract_learner.cc:155] No input feature explicitly specified. Using all the available input features.
I0000 00:00:1777611966.639360   30110 abstract_learner.cc:172] The label "y" was removed from the input feature set.
I0000 00:00:1777611966.640032   30110 random_forest.cc:478] Training random forest on 100000 example(s) and 4096 feature(s).
I0000 00:00:1777611966.640207   30110 gpu.cc:93] Cannot initialize GPU: Not compiled with GPU support
I0000 00:00:1777611966.641309   30110 random_forest.cc:713] num_threads being used: 8
I0000 00:00:1777611969.693100   30128 random_forest.cc:1121] Train tree 1/40 [index:3 total:3.05s tree:3.05s]
I0000 00:00:1777611983.668987   30110 random_forest.cc:1131] random_forest.cc Training block took: 17.03 s
I0000 00:00:1777611983.669039   30110 random_forest.cc:1217] EXITING EARLY TO SPEED UP EXPERIMENTS!
-1 (automatic) threads requested. 8 threads set.
----- Run 4/7 -----
WARNING: All log messages before absl::InitializeLog() is called are written to STDERR
I0000 00:00:1777611983.751159   30209 train_oblique_forest.cc:261] Generating trunk synthetic dataset: rows=100000, cols=4096
I0000 00:00:1777611987.862152   30209 train_oblique_forest.cc:391] Configuring oblique splits
I0000 00:00:1777611987.862176   30209 train_oblique_forest.cc:439] Using exact splitting
I0000 00:00:1777611987.862554   30209 abstract_learner.cc:155] No input feature explicitly specified. Using all the available input features.
I0000 00:00:1777611987.862565   30209 abstract_learner.cc:172] The label "y" was removed from the input feature set.
I0000 00:00:1777611987.863257   30209 random_forest.cc:478] Training random forest on 100000 example(s) and 4096 feature(s).
I0000 00:00:1777611987.863408   30209 gpu.cc:93] Cannot initialize GPU: Not compiled with GPU support
I0000 00:00:1777611987.864482   30209 random_forest.cc:713] num_threads being used: 8
I0000 00:00:1777611990.923968   30228 random_forest.cc:1121] Train tree 1/40 [index:3 total:3.06s tree:3.06s]
I0000 00:00:1777612004.851273   30209 random_forest.cc:1131] random_forest.cc Training block took: 16.9891 s
I0000 00:00:1777612004.851322   30209 random_forest.cc:1217] EXITING EARLY TO SPEED UP EXPERIMENTS!
-1 (automatic) threads requested. 8 threads set.
----- Run 5/7 -----
WARNING: All log messages before absl::InitializeLog() is called are written to STDERR
I0000 00:00:1777612004.933439   30308 train_oblique_forest.cc:261] Generating trunk synthetic dataset: rows=100000, cols=4096
I0000 00:00:1777612009.044376   30308 train_oblique_forest.cc:391] Configuring oblique splits
I0000 00:00:1777612009.044400   30308 train_oblique_forest.cc:439] Using exact splitting
I0000 00:00:1777612009.044773   30308 abstract_learner.cc:155] No input feature explicitly specified. Using all the available input features.
I0000 00:00:1777612009.044782   30308 abstract_learner.cc:172] The label "y" was removed from the input feature set.
I0000 00:00:1777612009.045477   30308 random_forest.cc:478] Training random forest on 100000 example(s) and 4096 feature(s).
I0000 00:00:1777612009.045638   30308 gpu.cc:93] Cannot initialize GPU: Not compiled with GPU support
I0000 00:00:1777612009.046719   30308 random_forest.cc:713] num_threads being used: 8
I0000 00:00:1777612012.156743   30327 random_forest.cc:1121] Train tree 1/40 [index:3 total:3.11s tree:3.11s]
I0000 00:00:1777612026.084654   30308 random_forest.cc:1131] random_forest.cc Training block took: 17.0402 s
I0000 00:00:1777612026.084704   30308 random_forest.cc:1217] EXITING EARLY TO SPEED UP EXPERIMENTS!
-1 (automatic) threads requested. 8 threads set.
----- Run 6/7 -----
WARNING: All log messages before absl::InitializeLog() is called are written to STDERR
I0000 00:00:1777612026.166818   30407 train_oblique_forest.cc:261] Generating trunk synthetic dataset: rows=100000, cols=4096
I0000 00:00:1777612030.284451   30407 train_oblique_forest.cc:391] Configuring oblique splits
I0000 00:00:1777612030.284472   30407 train_oblique_forest.cc:439] Using exact splitting
I0000 00:00:1777612030.284843   30407 abstract_learner.cc:155] No input feature explicitly specified. Using all the available input features.
I0000 00:00:1777612030.284852   30407 abstract_learner.cc:172] The label "y" was removed from the input feature set.
I0000 00:00:1777612030.285529   30407 random_forest.cc:478] Training random forest on 100000 example(s) and 4096 feature(s).
I0000 00:00:1777612030.285681   30407 gpu.cc:93] Cannot initialize GPU: Not compiled with GPU support
I0000 00:00:1777612030.286743   30407 random_forest.cc:713] num_threads being used: 8
I0000 00:00:1777612033.383748   30426 random_forest.cc:1121] Train tree 1/40 [index:3 total:3.10s tree:3.10s]
I0000 00:00:1777612047.317088   30407 random_forest.cc:1131] random_forest.cc Training block took: 17.0326 s
I0000 00:00:1777612047.317136   30407 random_forest.cc:1217] EXITING EARLY TO SPEED UP EXPERIMENTS!
-1 (automatic) threads requested. 8 threads set.
----- Run 7/7 -----
WARNING: All log messages before absl::InitializeLog() is called are written to STDERR
I0000 00:00:1777612047.398653   30498 train_oblique_forest.cc:261] Generating trunk synthetic dataset: rows=100000, cols=4096
I0000 00:00:1777612051.511367   30498 train_oblique_forest.cc:391] Configuring oblique splits
I0000 00:00:1777612051.511391   30498 train_oblique_forest.cc:439] Using exact splitting
I0000 00:00:1777612051.511762   30498 abstract_learner.cc:155] No input feature explicitly specified. Using all the available input features.
I0000 00:00:1777612051.511771   30498 abstract_learner.cc:172] The label "y" was removed from the input feature set.
I0000 00:00:1777612051.512469   30498 random_forest.cc:478] Training random forest on 100000 example(s) and 4096 feature(s).
I0000 00:00:1777612051.512623   30498 gpu.cc:93] Cannot initialize GPU: Not compiled with GPU support
I0000 00:00:1777612051.513743   30498 random_forest.cc:713] num_threads being used: 8
I0000 00:00:1777612054.579198   30516 random_forest.cc:1121] Train tree 1/40 [index:3 total:3.07s tree:3.07s]
I0000 00:00:1777612068.623112   30498 random_forest.cc:1131] random_forest.cc Training block took: 17.1117 s
I0000 00:00:1777612068.623160   30498 random_forest.cc:1217] EXITING EARLY TO SPEED UP EXPERIMENTS!
-1 (automatic) threads requested. 8 threads set.
MEDIAN of 7/7 runs: 17.0402 s  (samples: 17.0605 17.0484 17.03 16.9891 17.0402 17.0326 17.1117)
./bazel-bin/examples/train_oblique_forest --input_mode trunk --rows 1000000 --feature_split_type "Oblique" --numerical_split_type "Exact" --num_trees=40 --num_threads=-1 --compute_oob_performances=false  
----- Run 1/7 -----
WARNING: All log messages before absl::InitializeLog() is called are written to STDERR
I0000 00:00:1777612068.709786   30604 train_oblique_forest.cc:261] Generating trunk synthetic dataset: rows=1000000, cols=4096
I0000 00:00:1777612109.668161   30604 train_oblique_forest.cc:391] Configuring oblique splits
I0000 00:00:1777612109.668186   30604 train_oblique_forest.cc:439] Using exact splitting
I0000 00:00:1777612109.668558   30604 abstract_learner.cc:155] No input feature explicitly specified. Using all the available input features.
I0000 00:00:1777612109.668567   30604 abstract_learner.cc:172] The label "y" was removed from the input feature set.
I0000 00:00:1777612109.669259   30604 random_forest.cc:478] Training random forest on 1000000 example(s) and 4096 feature(s).
I0000 00:00:1777612109.669416   30604 gpu.cc:93] Cannot initialize GPU: Not compiled with GPU support
I0000 00:00:1777612109.670510   30604 random_forest.cc:713] num_threads being used: 8
I0000 00:00:1777612151.471743   30766 random_forest.cc:1121] Train tree 1/40 [index:2 total:41.80s tree:41.80s]
I0000 00:00:1777612192.931639   30768 random_forest.cc:1121] Train tree 9/40 [index:11 total:1m23.26s tree:40.83s]
I0000 00:00:1777612235.875674   30766 random_forest.cc:1121] Train tree 17/40 [index:17 total:2m6.21s tree:42.18s]
I0000 00:00:1777612277.132995   30769 random_forest.cc:1121] Train tree 25/40 [index:29 total:2m47.46s tree:39.80s]
I0000 00:00:1777612318.738297   30769 random_forest.cc:1121] Train tree 33/40 [index:32 total:3m29.07s tree:41.61s]
I0000 00:00:1777612322.683917   30604 random_forest.cc:1131] random_forest.cc Training block took: 213.016 s
I0000 00:00:1777612322.683971   30604 random_forest.cc:1217] EXITING EARLY TO SPEED UP EXPERIMENTS!
-1 (automatic) threads requested. 8 threads set.
----- Run 2/7 -----
WARNING: All log messages before absl::InitializeLog() is called are written to STDERR
I0000 00:00:1777612323.228358   31579 train_oblique_forest.cc:261] Generating trunk synthetic dataset: rows=1000000, cols=4096
I0000 00:00:1777612364.167286   31579 train_oblique_forest.cc:391] Configuring oblique splits
I0000 00:00:1777612364.167316   31579 train_oblique_forest.cc:439] Using exact splitting
I0000 00:00:1777612364.167688   31579 abstract_learner.cc:155] No input feature explicitly specified. Using all the available input features.
I0000 00:00:1777612364.167697   31579 abstract_learner.cc:172] The label "y" was removed from the input feature set.
I0000 00:00:1777612364.168384   31579 random_forest.cc:478] Training random forest on 1000000 example(s) and 4096 feature(s).
I0000 00:00:1777612364.168542   31579 gpu.cc:93] Cannot initialize GPU: Not compiled with GPU support
I0000 00:00:1777612364.169656   31579 random_forest.cc:713] num_threads being used: 8
I0000 00:00:1777612406.018652   31735 random_forest.cc:1121] Train tree 1/40 [index:6 total:41.85s tree:41.85s]
I0000 00:00:1777612447.809415   31736 random_forest.cc:1121] Train tree 9/40 [index:11 total:1m23.64s tree:41.17s]
I0000 00:00:1777612490.373508   31732 random_forest.cc:1121] Train tree 17/40 [index:17 total:2m6.20s tree:42.13s]
I0000 00:00:1777612531.341478   31738 random_forest.cc:1121] Train tree 25/40 [index:29 total:2m47.17s tree:39.32s]
I0000 00:00:1777612572.773117   31738 random_forest.cc:1121] Train tree 33/40 [index:32 total:3m28.60s tree:41.43s]
I0000 00:00:1777612578.049329   31579 random_forest.cc:1131] random_forest.cc Training block took: 213.882 s
I0000 00:00:1777612578.049384   31579 random_forest.cc:1217] EXITING EARLY TO SPEED UP EXPERIMENTS!
-1 (automatic) threads requested. 8 threads set.
----- Run 3/7 -----
WARNING: All log messages before absl::InitializeLog() is called are written to STDERR
I0000 00:00:1777612578.594828   32555 train_oblique_forest.cc:261] Generating trunk synthetic dataset: rows=1000000, cols=4096
I0000 00:00:1777612619.541182   32555 train_oblique_forest.cc:391] Configuring oblique splits
I0000 00:00:1777612619.541208   32555 train_oblique_forest.cc:439] Using exact splitting
I0000 00:00:1777612619.541584   32555 abstract_learner.cc:155] No input feature explicitly specified. Using all the available input features.
I0000 00:00:1777612619.541593   32555 abstract_learner.cc:172] The label "y" was removed from the input feature set.
I0000 00:00:1777612619.542295   32555 random_forest.cc:478] Training random forest on 1000000 example(s) and 4096 feature(s).
I0000 00:00:1777612619.542446   32555 gpu.cc:93] Cannot initialize GPU: Not compiled with GPU support
I0000 00:00:1777612619.543510   32555 random_forest.cc:713] num_threads being used: 8
I0000 00:00:1777612661.376660   32708 random_forest.cc:1121] Train tree 1/40 [index:2 total:41.83s tree:41.83s]
I0000 00:00:1777612703.648831   32713 random_forest.cc:1121] Train tree 9/40 [index:11 total:1m24.11s tree:41.61s]
I0000 00:00:1777612746.257899   32708 random_forest.cc:1121] Train tree 17/40 [index:17 total:2m6.71s tree:42.58s]
I0000 00:00:1777612786.859670   32715 random_forest.cc:1121] Train tree 25/40 [index:29 total:2m47.32s tree:39.80s]
I0000 00:00:1777612828.575590   32715 random_forest.cc:1121] Train tree 33/40 [index:32 total:3m29.03s tree:41.72s]
I0000 00:00:1777612833.376890   32555 random_forest.cc:1131] random_forest.cc Training block took: 213.836 s
I0000 00:00:1777612833.376944   32555 random_forest.cc:1217] EXITING EARLY TO SPEED UP EXPERIMENTS!
-1 (automatic) threads requested. 8 threads set.
----- Run 4/7 -----
WARNING: All log messages before absl::InitializeLog() is called are written to STDERR
I0000 00:00:1777612833.923565   33534 train_oblique_forest.cc:261] Generating trunk synthetic dataset: rows=1000000, cols=4096
I0000 00:00:1777612874.862390   33534 train_oblique_forest.cc:391] Configuring oblique splits
I0000 00:00:1777612874.862417   33534 train_oblique_forest.cc:439] Using exact splitting
I0000 00:00:1777612874.862795   33534 abstract_learner.cc:155] No input feature explicitly specified. Using all the available input features.
I0000 00:00:1777612874.862804   33534 abstract_learner.cc:172] The label "y" was removed from the input feature set.
I0000 00:00:1777612874.863500   33534 random_forest.cc:478] Training random forest on 1000000 example(s) and 4096 feature(s).
I0000 00:00:1777612874.863652   33534 gpu.cc:93] Cannot initialize GPU: Not compiled with GPU support
I0000 00:00:1777612874.864732   33534 random_forest.cc:713] num_threads being used: 8
I0000 00:00:1777612916.544314   33689 random_forest.cc:1121] Train tree 1/40 [index:2 total:41.68s tree:41.68s]
I0000 00:00:1777612958.150528   33691 random_forest.cc:1121] Train tree 9/40 [index:11 total:1m23.29s tree:41.15s]
I0000 00:00:1777613001.067238   33691 random_forest.cc:1121] Train tree 17/40 [index:16 total:2m6.20s tree:42.92s]
I0000 00:00:1777613042.296303   33687 random_forest.cc:1121] Train tree 25/40 [index:29 total:2m47.43s tree:39.92s]
I0000 00:00:1777613083.644500   33687 random_forest.cc:1121] Train tree 33/40 [index:32 total:3m28.78s tree:41.35s]
I0000 00:00:1777613088.520132   33534 random_forest.cc:1131] random_forest.cc Training block took: 213.658 s
I0000 00:00:1777613088.520189   33534 random_forest.cc:1217] EXITING EARLY TO SPEED UP EXPERIMENTS!
-1 (automatic) threads requested. 8 threads set.
----- Run 5/7 -----
WARNING: All log messages before absl::InitializeLog() is called are written to STDERR
I0000 00:00:1777613089.104163   34506 train_oblique_forest.cc:261] Generating trunk synthetic dataset: rows=1000000, cols=4096
I0000 00:00:1777613130.083678   34506 train_oblique_forest.cc:391] Configuring oblique splits
I0000 00:00:1777613130.083703   34506 train_oblique_forest.cc:439] Using exact splitting
I0000 00:00:1777613130.084103   34506 abstract_learner.cc:155] No input feature explicitly specified. Using all the available input features.
I0000 00:00:1777613130.084112   34506 abstract_learner.cc:172] The label "y" was removed from the input feature set.
I0000 00:00:1777613130.084784   34506 random_forest.cc:478] Training random forest on 1000000 example(s) and 4096 feature(s).
I0000 00:00:1777613130.084944   34506 gpu.cc:93] Cannot initialize GPU: Not compiled with GPU support
I0000 00:00:1777613130.086055   34506 random_forest.cc:713] num_threads being used: 8
I0000 00:00:1777613171.878034   34665 random_forest.cc:1121] Train tree 1/40 [index:2 total:41.79s tree:41.79s]
I0000 00:00:1777613213.006531   34662 random_forest.cc:1121] Train tree 9/40 [index:11 total:1m22.92s tree:40.82s]
I0000 00:00:1777613256.153083   34662 random_forest.cc:1121] Train tree 17/40 [index:16 total:2m6.07s tree:43.15s]
I0000 00:00:1777613297.460965   34667 random_forest.cc:1121] Train tree 25/40 [index:26 total:2m47.37s tree:40.88s]
I0000 00:00:1777613338.951992   34667 random_forest.cc:1121] Train tree 33/40 [index:32 total:3m28.87s tree:41.49s]
I0000 00:00:1777613343.736915   34506 random_forest.cc:1131] random_forest.cc Training block took: 213.653 s
I0000 00:00:1777613343.736967   34506 random_forest.cc:1217] EXITING EARLY TO SPEED UP EXPERIMENTS!
-1 (automatic) threads requested. 8 threads set.
----- Run 6/7 -----
WARNING: All log messages before absl::InitializeLog() is called are written to STDERR
I0000 00:00:1777613344.281846   35473 train_oblique_forest.cc:261] Generating trunk synthetic dataset: rows=1000000, cols=4096
I0000 00:00:1777613385.222574   35473 train_oblique_forest.cc:391] Configuring oblique splits
I0000 00:00:1777613385.222601   35473 train_oblique_forest.cc:439] Using exact splitting
I0000 00:00:1777613385.222978   35473 abstract_learner.cc:155] No input feature explicitly specified. Using all the available input features.
I0000 00:00:1777613385.222987   35473 abstract_learner.cc:172] The label "y" was removed from the input feature set.
I0000 00:00:1777613385.223673   35473 random_forest.cc:478] Training random forest on 1000000 example(s) and 4096 feature(s).
I0000 00:00:1777613385.223820   35473 gpu.cc:93] Cannot initialize GPU: Not compiled with GPU support
I0000 00:00:1777613385.224915   35473 random_forest.cc:713] num_threads being used: 8
I0000 00:00:1777613427.185297   35635 random_forest.cc:1121] Train tree 1/40 [index:4 total:41.96s tree:41.96s]
I0000 00:00:1777613468.774285   35639 random_forest.cc:1121] Train tree 9/40 [index:11 total:1m23.55s tree:41.19s]
I0000 00:00:1777613511.682694   35637 random_forest.cc:1121] Train tree 17/40 [index:20 total:2m6.46s tree:41.29s]
I0000 00:00:1777613552.794906   35636 random_forest.cc:1121] Train tree 25/40 [index:29 total:2m47.57s tree:39.55s]
I0000 00:00:1777613594.594999   35636 random_forest.cc:1121] Train tree 33/40 [index:32 total:3m29.37s tree:41.80s]
I0000 00:00:1777613599.804229   35473 random_forest.cc:1131] random_forest.cc Training block took: 214.582 s
I0000 00:00:1777613599.804283   35473 random_forest.cc:1217] EXITING EARLY TO SPEED UP EXPERIMENTS!
-1 (automatic) threads requested. 8 threads set.
----- Run 7/7 -----
WARNING: All log messages before absl::InitializeLog() is called are written to STDERR
I0000 00:00:1777613600.349191   36456 train_oblique_forest.cc:261] Generating trunk synthetic dataset: rows=1000000, cols=4096
I0000 00:00:1777613641.287087   36456 train_oblique_forest.cc:391] Configuring oblique splits
I0000 00:00:1777613641.287111   36456 train_oblique_forest.cc:439] Using exact splitting
I0000 00:00:1777613641.287489   36456 abstract_learner.cc:155] No input feature explicitly specified. Using all the available input features.
I0000 00:00:1777613641.287499   36456 abstract_learner.cc:172] The label "y" was removed from the input feature set.
I0000 00:00:1777613641.288191   36456 random_forest.cc:478] Training random forest on 1000000 example(s) and 4096 feature(s).
I0000 00:00:1777613641.288344   36456 gpu.cc:93] Cannot initialize GPU: Not compiled with GPU support
I0000 00:00:1777613641.289447   36456 random_forest.cc:713] num_threads being used: 8
I0000 00:00:1777613682.858189   36610 random_forest.cc:1121] Train tree 1/40 [index:2 total:41.57s tree:41.57s]
I0000 00:00:1777613724.170549   36609 random_forest.cc:1121] Train tree 9/40 [index:11 total:1m22.88s tree:40.63s]
I0000 00:00:1777613767.088582   36609 random_forest.cc:1121] Train tree 17/40 [index:16 total:2m5.80s tree:42.92s]
I0000 00:00:1777613808.358694   36616 random_forest.cc:1121] Train tree 25/40 [index:29 total:2m47.07s tree:39.76s]
I0000 00:00:1777613850.218927   36616 random_forest.cc:1121] Train tree 33/40 [index:32 total:3m28.93s tree:41.86s]
I0000 00:00:1777613854.557997   36456 random_forest.cc:1131] random_forest.cc Training block took: 213.271 s
I0000 00:00:1777613854.558053   36456 random_forest.cc:1217] EXITING EARLY TO SPEED UP EXPERIMENTS!
-1 (automatic) threads requested. 8 threads set.
MEDIAN of 7/7 runs: 213.658 s  (samples: 213.016 213.882 213.836 213.658 213.653 214.582 213.271)


======== Running Random [Oblique] with 64 bins ========

./bazel-bin/examples/train_oblique_forest --input_mode csv --train_csv "benchmarks/data/HIGGS_with_header.csv" --label_col "class" --feature_split_type "Oblique" --numerical_split_type "Random" --num_trees=40 --num_threads=-1 --compute_oob_performances=false --histogram_num_bins=64 
----- Run 1/7 -----


Inferring DataSpec from CSV: benchmarks/data/HIGGS_with_header.csv


WARNING: All log messages before absl::InitializeLog() is called are written to STDERR
I0000 00:00:1777613855.114690   37434 csv_example_reader.cc:212] 0 row(s) processed
I0000 00:00:1777613855.124860   37434 csv_example_reader.cc:216] Stop scanning the csv file to infer the type. Some records were not considered.
I0000 00:00:1777613855.124882   37434 data_spec_inference.cc:457] 29 column(s) found
I0000 00:00:1777613855.124902   37434 csv_example_reader.cc:303] 0 row(s) processed
I0000 00:00:1777613885.124986   37434 csv_example_reader.cc:303] 6825209 row(s) processed
I0000 00:00:1777613903.485925   37434 data_spec_inference.cc:494] Finalizing [11000000 row(s) found]
I0000 00:00:1777613903.486011   37434 train_oblique_forest.cc:391] Configuring oblique splits
I0000 00:00:1777613903.486080   37434 abstract_learner.cc:155] No input feature explicitly specified. Using all the available input features.
I0000 00:00:1777613903.486084   37434 abstract_learner.cc:172] The label "class" was removed from the input feature set.
I0000 00:00:1777613903.486742   37434 vertical_dataset_io.cc:82] 100 examples scanned.
I0000 00:00:1777613933.487165   37434 vertical_dataset_io.cc:82] 6336600 examples scanned.
I0000 00:00:1777613956.366724   37434 vertical_dataset_io.cc:88] 11000000 examples read. Memory: usage:1276MB allocated:1276MB. 0 (0%) examples have been skipped.
I0000 00:00:1777613956.366820   37434 abstract_learner.cc:155] No input feature explicitly specified. Using all the available input features.
I0000 00:00:1777613956.366827   37434 abstract_learner.cc:172] The label "class" was removed from the input feature set.
I0000 00:00:1777613956.366852   37434 random_forest.cc:478] Training random forest on 11000000 example(s) and 28 feature(s).
I0000 00:00:1777613956.366869   37434 gpu.cc:93] Cannot initialize GPU: Not compiled with GPU support
I0000 00:00:1777613956.367151   37434 random_forest.cc:713] num_threads being used: 8
I0000 00:00:1777614082.525858   37821 random_forest.cc:1121] Train tree 1/40 [index:3 total:2m6.16s tree:2m6.16s]
I0000 00:00:1777614224.857309   37821 random_forest.cc:1121] Train tree 9/40 [index:8 total:4m28.49s tree:2m22.33s]
I0000 00:00:1777614363.377849   37821 random_forest.cc:1121] Train tree 17/40 [index:16 total:6m47.01s tree:2m18.52s]
I0000 00:00:1777614500.946580   37821 random_forest.cc:1121] Train tree 25/40 [index:24 total:9m4.58s tree:2m17.57s]
I0000 00:00:1777614640.763675   37821 random_forest.cc:1121] Train tree 33/40 [index:32 total:11m24.40s tree:2m19.82s]
I0000 00:00:1777614652.937015   37434 random_forest.cc:1131] random_forest.cc Training block took: 696.57 s
I0000 00:00:1777614652.937083   37434 random_forest.cc:1217] EXITING EARLY TO SPEED UP EXPERIMENTS!
-1 (automatic) threads requested. 8 threads set.
Using histogram splitting: Random with 64 bins
----- Run 2/7 -----


Inferring DataSpec from CSV: benchmarks/data/HIGGS_with_header.csv


WARNING: All log messages before absl::InitializeLog() is called are written to STDERR
I0000 00:00:1777614654.500671   40450 csv_example_reader.cc:212] 0 row(s) processed
I0000 00:00:1777614654.513534   40450 csv_example_reader.cc:216] Stop scanning the csv file to infer the type. Some records were not considered.
I0000 00:00:1777614654.513557   40450 data_spec_inference.cc:457] 29 column(s) found
I0000 00:00:1777614654.513581   40450 csv_example_reader.cc:303] 0 row(s) processed
I0000 00:00:1777614684.514375   40450 csv_example_reader.cc:303] 5564769 row(s) processed
I0000 00:00:1777614714.514453   40450 csv_example_reader.cc:303] 10950525 row(s) processed
I0000 00:00:1777614714.790111   40450 data_spec_inference.cc:494] Finalizing [11000000 row(s) found]
I0000 00:00:1777614714.790188   40450 train_oblique_forest.cc:391] Configuring oblique splits
I0000 00:00:1777614714.790243   40450 abstract_learner.cc:155] No input feature explicitly specified. Using all the available input features.
I0000 00:00:1777614714.790247   40450 abstract_learner.cc:172] The label "class" was removed from the input feature set.
I0000 00:00:1777614714.790892   40450 vertical_dataset_io.cc:82] 100 examples scanned.
I0000 00:00:1777614744.791286   40450 vertical_dataset_io.cc:82] 6329400 examples scanned.
I0000 00:00:1777614767.741977   40450 vertical_dataset_io.cc:88] 11000000 examples read. Memory: usage:1276MB allocated:1276MB. 0 (0%) examples have been skipped.
I0000 00:00:1777614767.742076   40450 abstract_learner.cc:155] No input feature explicitly specified. Using all the available input features.
I0000 00:00:1777614767.742082   40450 abstract_learner.cc:172] The label "class" was removed from the input feature set.
I0000 00:00:1777614767.742105   40450 random_forest.cc:478] Training random forest on 11000000 example(s) and 28 feature(s).
I0000 00:00:1777614767.742122   40450 gpu.cc:93] Cannot initialize GPU: Not compiled with GPU support
I0000 00:00:1777614767.742387   40450 random_forest.cc:713] num_threads being used: 8
I0000 00:00:1777614893.938670   40885 random_forest.cc:1121] Train tree 1/40 [index:3 total:2m6.20s tree:2m6.20s]
I0000 00:00:1777615036.452922   40885 random_forest.cc:1121] Train tree 9/40 [index:8 total:4m28.71s tree:2m22.51s]
I0000 00:00:1777615175.300835   40885 random_forest.cc:1121] Train tree 17/40 [index:16 total:6m47.56s tree:2m18.85s]
I0000 00:00:1777615313.012555   40885 random_forest.cc:1121] Train tree 25/40 [index:24 total:9m5.27s tree:2m17.71s]
I0000 00:00:1777615454.141900   40885 random_forest.cc:1121] Train tree 33/40 [index:32 total:11m26.40s tree:2m21.13s]
I0000 00:00:1777615464.952966   40450 random_forest.cc:1131] random_forest.cc Training block took: 697.211 s
I0000 00:00:1777615464.958931   40450 random_forest.cc:1217] EXITING EARLY TO SPEED UP EXPERIMENTS!
-1 (automatic) threads requested. 8 threads set.
Using histogram splitting: Random with 64 bins
----- Run 3/7 -----


Inferring DataSpec from CSV: benchmarks/data/HIGGS_with_header.csv


WARNING: All log messages before absl::InitializeLog() is called are written to STDERR
I0000 00:00:1777615466.543381   43504 csv_example_reader.cc:212] 0 row(s) processed
I0000 00:00:1777615466.554769   43504 csv_example_reader.cc:216] Stop scanning the csv file to infer the type. Some records were not considered.
I0000 00:00:1777615466.554791   43504 data_spec_inference.cc:457] 29 column(s) found
I0000 00:00:1777615466.554810   43504 csv_example_reader.cc:303] 0 row(s) processed
I0000 00:00:1777615496.554869   43504 csv_example_reader.cc:303] 6403794 row(s) processed
I0000 00:00:1777615516.814397   43504 data_spec_inference.cc:494] Finalizing [11000000 row(s) found]
I0000 00:00:1777615516.815345   43504 train_oblique_forest.cc:391] Configuring oblique splits
I0000 00:00:1777615516.818795   43504 abstract_learner.cc:155] No input feature explicitly specified. Using all the available input features.
I0000 00:00:1777615516.818800   43504 abstract_learner.cc:172] The label "class" was removed from the input feature set.
I0000 00:00:1777615516.820252   43504 vertical_dataset_io.cc:82] 100 examples scanned.
I0000 00:00:1777615546.820701   43504 vertical_dataset_io.cc:82] 6349600 examples scanned.
I0000 00:00:1777615569.590680   43504 vertical_dataset_io.cc:88] 11000000 examples read. Memory: usage:1276MB allocated:1276MB. 0 (0%) examples have been skipped.
I0000 00:00:1777615569.590768   43504 abstract_learner.cc:155] No input feature explicitly specified. Using all the available input features.
I0000 00:00:1777615569.590775   43504 abstract_learner.cc:172] The label "class" was removed from the input feature set.
I0000 00:00:1777615569.591284   43504 random_forest.cc:478] Training random forest on 11000000 example(s) and 28 feature(s).
I0000 00:00:1777615569.591696   43504 gpu.cc:93] Cannot initialize GPU: Not compiled with GPU support
I0000 00:00:1777615569.594230   43504 random_forest.cc:713] num_threads being used: 8
I0000 00:00:1777615695.782454   43899 random_forest.cc:1121] Train tree 1/40 [index:3 total:2m6.19s tree:2m6.19s]
I0000 00:00:1777615838.517890   43899 random_forest.cc:1121] Train tree 9/40 [index:8 total:4m28.92s tree:2m22.73s]
I0000 00:00:1777615977.362130   43899 random_forest.cc:1121] Train tree 17/40 [index:16 total:6m47.77s tree:2m18.84s]
I0000 00:00:1777616115.110942   43899 random_forest.cc:1121] Train tree 25/40 [index:24 total:9m5.52s tree:2m17.75s]
I0000 00:00:1777616255.553536   43899 random_forest.cc:1121] Train tree 33/40 [index:32 total:11m25.96s tree:2m20.45s]
I0000 00:00:1777616265.856876   43504 random_forest.cc:1131] random_forest.cc Training block took: 696.266 s
I0000 00:00:1777616265.862558   43504 random_forest.cc:1217] EXITING EARLY TO SPEED UP EXPERIMENTS!
-1 (automatic) threads requested. 8 threads set.
Using histogram splitting: Random with 64 bins
----- Run 4/7 -----


Inferring DataSpec from CSV: benchmarks/data/HIGGS_with_header.csv


WARNING: All log messages before absl::InitializeLog() is called are written to STDERR
I0000 00:00:1777616267.439552   46523 csv_example_reader.cc:212] 0 row(s) processed
I0000 00:00:1777616267.450712   46523 csv_example_reader.cc:216] Stop scanning the csv file to infer the type. Some records were not considered.
I0000 00:00:1777616267.450732   46523 data_spec_inference.cc:457] 29 column(s) found
I0000 00:00:1777616267.450751   46523 csv_example_reader.cc:303] 0 row(s) processed
I0000 00:00:1777616297.450788   46523 csv_example_reader.cc:303] 6653222 row(s) processed
I0000 00:00:1777616316.483927   46523 data_spec_inference.cc:494] Finalizing [11000000 row(s) found]
I0000 00:00:1777616316.485162   46523 train_oblique_forest.cc:391] Configuring oblique splits
I0000 00:00:1777616316.490197   46523 abstract_learner.cc:155] No input feature explicitly specified. Using all the available input features.
I0000 00:00:1777616316.490202   46523 abstract_learner.cc:172] The label "class" was removed from the input feature set.
I0000 00:00:1777616316.492222   46523 vertical_dataset_io.cc:82] 100 examples scanned.
I0000 00:00:1777616346.492459   46523 vertical_dataset_io.cc:82] 6346900 examples scanned.
I0000 00:00:1777616369.264923   46523 vertical_dataset_io.cc:88] 11000000 examples read. Memory: usage:1276MB allocated:1276MB. 0 (0%) examples have been skipped.
I0000 00:00:1777616369.265017   46523 abstract_learner.cc:155] No input feature explicitly specified. Using all the available input features.
I0000 00:00:1777616369.265023   46523 abstract_learner.cc:172] The label "class" was removed from the input feature set.
I0000 00:00:1777616369.265817   46523 random_forest.cc:478] Training random forest on 11000000 example(s) and 28 feature(s).
I0000 00:00:1777616369.266430   46523 gpu.cc:93] Cannot initialize GPU: Not compiled with GPU support
I0000 00:00:1777616369.269752   46523 random_forest.cc:713] num_threads being used: 8
I0000 00:00:1777616498.611997   46919 random_forest.cc:1121] Train tree 1/40 [index:3 total:2m9.34s tree:2m9.34s]
I0000 00:00:1777616641.160542   46919 random_forest.cc:1121] Train tree 9/40 [index:8 total:4m31.89s tree:2m22.55s]
I0000 00:00:1777616779.946927   46919 random_forest.cc:1121] Train tree 17/40 [index:16 total:6m50.68s tree:2m18.78s]
I0000 00:00:1777616917.172210   46919 random_forest.cc:1121] Train tree 25/40 [index:24 total:9m7.90s tree:2m17.22s]
I0000 00:00:1777617057.170456   46919 random_forest.cc:1121] Train tree 33/40 [index:32 total:11m27.90s tree:2m20.00s]
I0000 00:00:1777617068.265141   46523 random_forest.cc:1131] random_forest.cc Training block took: 699 s
I0000 00:00:1777617068.273784   46523 random_forest.cc:1217] EXITING EARLY TO SPEED UP EXPERIMENTS!
-1 (automatic) threads requested. 8 threads set.
Using histogram splitting: Random with 64 bins
----- Run 5/7 -----


Inferring DataSpec from CSV: benchmarks/data/HIGGS_with_header.csv


WARNING: All log messages before absl::InitializeLog() is called are written to STDERR
I0000 00:00:1777617069.880509   54124 csv_example_reader.cc:212] 0 row(s) processed
I0000 00:00:1777617069.892314   54124 csv_example_reader.cc:216] Stop scanning the csv file to infer the type. Some records were not considered.
I0000 00:00:1777617069.892336   54124 data_spec_inference.cc:457] 29 column(s) found
I0000 00:00:1777617069.892354   54124 csv_example_reader.cc:303] 0 row(s) processed
I0000 00:00:1777617099.892396   54124 csv_example_reader.cc:303] 6698445 row(s) processed
I0000 00:00:1777617118.812543   54124 data_spec_inference.cc:494] Finalizing [11000000 row(s) found]
I0000 00:00:1777617118.813677   54124 train_oblique_forest.cc:391] Configuring oblique splits
I0000 00:00:1777617118.818307   54124 abstract_learner.cc:155] No input feature explicitly specified. Using all the available input features.
I0000 00:00:1777617118.818312   54124 abstract_learner.cc:172] The label "class" was removed from the input feature set.
I0000 00:00:1777617118.820124   54124 vertical_dataset_io.cc:82] 100 examples scanned.
I0000 00:00:1777617148.820599   54124 vertical_dataset_io.cc:82] 6325300 examples scanned.
I0000 00:00:1777617171.776999   54124 vertical_dataset_io.cc:88] 11000000 examples read. Memory: usage:1276MB allocated:1276MB. 0 (0%) examples have been skipped.
I0000 00:00:1777617171.777107   54124 abstract_learner.cc:155] No input feature explicitly specified. Using all the available input features.
I0000 00:00:1777617171.777115   54124 abstract_learner.cc:172] The label "class" was removed from the input feature set.
I0000 00:00:1777617171.777672   54124 random_forest.cc:478] Training random forest on 11000000 example(s) and 28 feature(s).
I0000 00:00:1777617171.778222   54124 gpu.cc:93] Cannot initialize GPU: Not compiled with GPU support
I0000 00:00:1777617171.781652   54124 random_forest.cc:713] num_threads being used: 8
I0000 00:00:1777617298.099360   54511 random_forest.cc:1121] Train tree 1/40 [index:3 total:2m6.32s tree:2m6.32s]
I0000 00:00:1777617440.409487   54511 random_forest.cc:1121] Train tree 9/40 [index:8 total:4m28.63s tree:2m22.31s]
I0000 00:00:1777617579.339451   54511 random_forest.cc:1121] Train tree 17/40 [index:16 total:6m47.56s tree:2m18.93s]
I0000 00:00:1777617716.171717   54511 random_forest.cc:1121] Train tree 25/40 [index:24 total:9m4.39s tree:2m16.83s]
I0000 00:00:1777617856.100009   54511 random_forest.cc:1121] Train tree 33/40 [index:32 total:11m24.32s tree:2m19.93s]
I0000 00:00:1777617867.979111   54124 random_forest.cc:1131] random_forest.cc Training block took: 696.202 s
I0000 00:00:1777617867.987294   54124 random_forest.cc:1217] EXITING EARLY TO SPEED UP EXPERIMENTS!
-1 (automatic) threads requested. 8 threads set.
Using histogram splitting: Random with 64 bins
----- Run 6/7 -----


Inferring DataSpec from CSV: benchmarks/data/HIGGS_with_header.csv


WARNING: All log messages before absl::InitializeLog() is called are written to STDERR
I0000 00:00:1777617869.583624   57143 csv_example_reader.cc:212] 0 row(s) processed
I0000 00:00:1777617869.595487   57143 csv_example_reader.cc:216] Stop scanning the csv file to infer the type. Some records were not considered.
I0000 00:00:1777617869.595509   57143 data_spec_inference.cc:457] 29 column(s) found
I0000 00:00:1777617869.595528   57143 csv_example_reader.cc:303] 0 row(s) processed
I0000 00:00:1777617899.595568   57143 csv_example_reader.cc:303] 6705333 row(s) processed
I0000 00:00:1777617918.471779   57143 data_spec_inference.cc:494] Finalizing [11000000 row(s) found]
I0000 00:00:1777617918.473151   57143 train_oblique_forest.cc:391] Configuring oblique splits
I0000 00:00:1777617918.477886   57143 abstract_learner.cc:155] No input feature explicitly specified. Using all the available input features.
I0000 00:00:1777617918.477891   57143 abstract_learner.cc:172] The label "class" was removed from the input feature set.
I0000 00:00:1777617918.479688   57143 vertical_dataset_io.cc:82] 100 examples scanned.
I0000 00:00:1777617948.479955   57143 vertical_dataset_io.cc:82] 6330700 examples scanned.
I0000 00:00:1777617971.411935   57143 vertical_dataset_io.cc:88] 11000000 examples read. Memory: usage:1276MB allocated:1276MB. 0 (0%) examples have been skipped.
I0000 00:00:1777617971.412027   57143 abstract_learner.cc:155] No input feature explicitly specified. Using all the available input features.
I0000 00:00:1777617971.412034   57143 abstract_learner.cc:172] The label "class" was removed from the input feature set.
I0000 00:00:1777617971.412734   57143 random_forest.cc:478] Training random forest on 11000000 example(s) and 28 feature(s).
I0000 00:00:1777617971.413315   57143 gpu.cc:93] Cannot initialize GPU: Not compiled with GPU support
I0000 00:00:1777617971.416507   57143 random_forest.cc:713] num_threads being used: 8
I0000 00:00:1777618097.414013   57533 random_forest.cc:1121] Train tree 1/40 [index:3 total:2m6.00s tree:2m6.00s]
I0000 00:00:1777618239.773907   57533 random_forest.cc:1121] Train tree 9/40 [index:8 total:4m28.36s tree:2m22.36s]
I0000 00:00:1777618378.878357   57533 random_forest.cc:1121] Train tree 17/40 [index:16 total:6m47.46s tree:2m19.10s]
I0000 00:00:1777618516.560701   57533 random_forest.cc:1121] Train tree 25/40 [index:24 total:9m5.14s tree:2m17.68s]
I0000 00:00:1777618656.254708   57533 random_forest.cc:1121] Train tree 33/40 [index:32 total:11m24.84s tree:2m19.70s]
I0000 00:00:1777618667.896495   57143 random_forest.cc:1131] random_forest.cc Training block took: 696.485 s
I0000 00:00:1777618667.906823   57143 random_forest.cc:1217] EXITING EARLY TO SPEED UP EXPERIMENTS!
-1 (automatic) threads requested. 8 threads set.
Using histogram splitting: Random with 64 bins
----- Run 7/7 -----


Inferring DataSpec from CSV: benchmarks/data/HIGGS_with_header.csv


WARNING: All log messages before absl::InitializeLog() is called are written to STDERR
I0000 00:00:1777618669.493699   60160 csv_example_reader.cc:212] 0 row(s) processed
I0000 00:00:1777618669.505562   60160 csv_example_reader.cc:216] Stop scanning the csv file to infer the type. Some records were not considered.
I0000 00:00:1777618669.505584   60160 data_spec_inference.cc:457] 29 column(s) found
I0000 00:00:1777618669.505604   60160 csv_example_reader.cc:303] 0 row(s) processed
I0000 00:00:1777618699.505660   60160 csv_example_reader.cc:303] 6664976 row(s) processed
I0000 00:00:1777618718.579543   60160 data_spec_inference.cc:494] Finalizing [11000000 row(s) found]
I0000 00:00:1777618718.580721   60160 train_oblique_forest.cc:391] Configuring oblique splits
I0000 00:00:1777618718.585373   60160 abstract_learner.cc:155] No input feature explicitly specified. Using all the available input features.
I0000 00:00:1777618718.585378   60160 abstract_learner.cc:172] The label "class" was removed from the input feature set.
I0000 00:00:1777618718.587282   60160 vertical_dataset_io.cc:82] 100 examples scanned.
I0000 00:00:1777618748.587589   60160 vertical_dataset_io.cc:82] 6344100 examples scanned.
I0000 00:00:1777618771.397973   60160 vertical_dataset_io.cc:88] 11000000 examples read. Memory: usage:1276MB allocated:1276MB. 0 (0%) examples have been skipped.
I0000 00:00:1777618771.398082   60160 abstract_learner.cc:155] No input feature explicitly specified. Using all the available input features.
I0000 00:00:1777618771.398090   60160 abstract_learner.cc:172] The label "class" was removed from the input feature set.
I0000 00:00:1777618771.398781   60160 random_forest.cc:478] Training random forest on 11000000 example(s) and 28 feature(s).
I0000 00:00:1777618771.399379   60160 gpu.cc:93] Cannot initialize GPU: Not compiled with GPU support
I0000 00:00:1777618771.402829   60160 random_forest.cc:713] num_threads being used: 8
I0000 00:00:1777618897.742893   60546 random_forest.cc:1121] Train tree 1/40 [index:3 total:2m6.34s tree:2m6.34s]
I0000 00:00:1777619040.686309   60546 random_forest.cc:1121] Train tree 9/40 [index:8 total:4m29.28s tree:2m22.94s]
I0000 00:00:1777619179.198892   60546 random_forest.cc:1121] Train tree 17/40 [index:16 total:6m47.80s tree:2m18.51s]
I0000 00:00:1777619316.266546   60546 random_forest.cc:1121] Train tree 25/40 [index:24 total:9m4.86s tree:2m17.07s]
I0000 00:00:1777619455.978254   60546 random_forest.cc:1121] Train tree 33/40 [index:32 total:11m24.58s tree:2m19.71s]
I0000 00:00:1777619467.110878   60160 random_forest.cc:1131] random_forest.cc Training block took: 695.713 s
I0000 00:00:1777619467.110930   60160 random_forest.cc:1217] EXITING EARLY TO SPEED UP EXPERIMENTS!
-1 (automatic) threads requested. 8 threads set.
Using histogram splitting: Random with 64 bins
MEDIAN of 7/7 runs: 696.485 s  (samples: 696.57 697.211 696.266 699 696.202 696.485 695.713)
./bazel-bin/examples/train_oblique_forest --input_mode csv --train_csv "benchmarks/data/SUSY_with_header.csv" --label_col "class" --feature_split_type "Oblique" --numerical_split_type "Random" --num_trees=40 --num_threads=-1 --compute_oob_performances=false --histogram_num_bins=64 
----- Run 1/7 -----


Inferring DataSpec from CSV: benchmarks/data/SUSY_with_header.csv


WARNING: All log messages before absl::InitializeLog() is called are written to STDERR
I0000 00:00:1777619468.707490   63175 csv_example_reader.cc:212] 0 row(s) processed
I0000 00:00:1777619468.715557   63175 csv_example_reader.cc:216] Stop scanning the csv file to infer the type. Some records were not considered.
I0000 00:00:1777619468.715580   63175 data_spec_inference.cc:457] 19 column(s) found
I0000 00:00:1777619468.715596   63175 csv_example_reader.cc:303] 0 row(s) processed
I0000 00:00:1777619485.953736   63175 data_spec_inference.cc:494] Finalizing [5000000 row(s) found]
I0000 00:00:1777619485.954738   63175 train_oblique_forest.cc:391] Configuring oblique splits
I0000 00:00:1777619485.958735   63175 abstract_learner.cc:155] No input feature explicitly specified. Using all the available input features.
I0000 00:00:1777619485.958739   63175 abstract_learner.cc:172] The label "class" was removed from the input feature set.
I0000 00:00:1777619485.960020   63175 vertical_dataset_io.cc:82] 100 examples scanned.
I0000 00:00:1777619501.597434   63175 vertical_dataset_io.cc:88] 5000000 examples read. Memory: usage:380MB allocated:380MB. 0 (0%) examples have been skipped.
I0000 00:00:1777619501.597526   63175 abstract_learner.cc:155] No input feature explicitly specified. Using all the available input features.
I0000 00:00:1777619501.597532   63175 abstract_learner.cc:172] The label "class" was removed from the input feature set.
I0000 00:00:1777619501.598221   63175 random_forest.cc:478] Training random forest on 5000000 example(s) and 18 feature(s).
I0000 00:00:1777619501.598610   63175 gpu.cc:93] Cannot initialize GPU: Not compiled with GPU support
I0000 00:00:1777619501.601299   63175 random_forest.cc:713] num_threads being used: 8
I0000 00:00:1777619548.838766   63297 random_forest.cc:1121] Train tree 1/40 [index:2 total:47.24s tree:47.24s]
I0000 00:00:1777619595.613006   63297 random_forest.cc:1121] Train tree 9/40 [index:8 total:1m34.01s tree:46.77s]
I0000 00:00:1777619642.873216   63297 random_forest.cc:1121] Train tree 17/40 [index:16 total:2m21.27s tree:47.26s]
I0000 00:00:1777619689.722199   63297 random_forest.cc:1121] Train tree 25/40 [index:24 total:3m8.12s tree:46.85s]
I0000 00:00:1777619737.293162   63297 random_forest.cc:1121] Train tree 33/40 [index:32 total:3m55.69s tree:47.57s]
I0000 00:00:1777619741.701773   63175 random_forest.cc:1131] random_forest.cc Training block took: 240.104 s
I0000 00:00:1777619741.701812   63175 random_forest.cc:1217] EXITING EARLY TO SPEED UP EXPERIMENTS!
-1 (automatic) threads requested. 8 threads set.
Using histogram splitting: Random with 64 bins
----- Run 2/7 -----


Inferring DataSpec from CSV: benchmarks/data/SUSY_with_header.csv


WARNING: All log messages before absl::InitializeLog() is called are written to STDERR
I0000 00:00:1777619742.323344   64214 csv_example_reader.cc:212] 0 row(s) processed
I0000 00:00:1777619742.329885   64214 csv_example_reader.cc:216] Stop scanning the csv file to infer the type. Some records were not considered.
I0000 00:00:1777619742.329904   64214 data_spec_inference.cc:457] 19 column(s) found
I0000 00:00:1777619742.329919   64214 csv_example_reader.cc:303] 0 row(s) processed
I0000 00:00:1777619756.767161   64214 data_spec_inference.cc:494] Finalizing [5000000 row(s) found]
I0000 00:00:1777619756.767243   64214 train_oblique_forest.cc:391] Configuring oblique splits
I0000 00:00:1777619756.767303   64214 abstract_learner.cc:155] No input feature explicitly specified. Using all the available input features.
I0000 00:00:1777619756.767307   64214 abstract_learner.cc:172] The label "class" was removed from the input feature set.
I0000 00:00:1777619756.767803   64214 vertical_dataset_io.cc:82] 100 examples scanned.
I0000 00:00:1777619772.275689   64214 vertical_dataset_io.cc:88] 5000000 examples read. Memory: usage:380MB allocated:380MB. 0 (0%) examples have been skipped.
I0000 00:00:1777619772.275780   64214 abstract_learner.cc:155] No input feature explicitly specified. Using all the available input features.
I0000 00:00:1777619772.275787   64214 abstract_learner.cc:172] The label "class" was removed from the input feature set.
I0000 00:00:1777619772.275811   64214 random_forest.cc:478] Training random forest on 5000000 example(s) and 18 feature(s).
I0000 00:00:1777619772.275828   64214 gpu.cc:93] Cannot initialize GPU: Not compiled with GPU support
I0000 00:00:1777619772.276120   64214 random_forest.cc:713] num_threads being used: 8
I0000 00:00:1777619819.411645   64330 random_forest.cc:1121] Train tree 1/40 [index:2 total:47.14s tree:47.14s]
I0000 00:00:1777619866.564002   64330 random_forest.cc:1121] Train tree 9/40 [index:8 total:1m34.29s tree:47.15s]
I0000 00:00:1777619914.316500   64330 random_forest.cc:1121] Train tree 17/40 [index:16 total:2m22.04s tree:47.75s]
I0000 00:00:1777619961.326126   64330 random_forest.cc:1121] Train tree 25/40 [index:24 total:3m9.05s tree:47.01s]
I0000 00:00:1777620008.861564   64330 random_forest.cc:1121] Train tree 33/40 [index:32 total:3m56.59s tree:47.54s]
I0000 00:00:1777620012.231269   64214 random_forest.cc:1131] random_forest.cc Training block took: 239.956 s
I0000 00:00:1777620012.231311   64214 random_forest.cc:1217] EXITING EARLY TO SPEED UP EXPERIMENTS!
-1 (automatic) threads requested. 8 threads set.
Using histogram splitting: Random with 64 bins
----- Run 3/7 -----


Inferring DataSpec from CSV: benchmarks/data/SUSY_with_header.csv


WARNING: All log messages before absl::InitializeLog() is called are written to STDERR
I0000 00:00:1777620012.850041   65248 csv_example_reader.cc:212] 0 row(s) processed
I0000 00:00:1777620012.856648   65248 csv_example_reader.cc:216] Stop scanning the csv file to infer the type. Some records were not considered.
I0000 00:00:1777620012.856667   65248 data_spec_inference.cc:457] 19 column(s) found
I0000 00:00:1777620012.856683   65248 csv_example_reader.cc:303] 0 row(s) processed
I0000 00:00:1777620027.386981   65248 data_spec_inference.cc:494] Finalizing [5000000 row(s) found]
I0000 00:00:1777620027.387046   65248 train_oblique_forest.cc:391] Configuring oblique splits
I0000 00:00:1777620027.387111   65248 abstract_learner.cc:155] No input feature explicitly specified. Using all the available input features.
I0000 00:00:1777620027.387115   65248 abstract_learner.cc:172] The label "class" was removed from the input feature set.
I0000 00:00:1777620027.387595   65248 vertical_dataset_io.cc:82] 100 examples scanned.
I0000 00:00:1777620042.936573   65248 vertical_dataset_io.cc:88] 5000000 examples read. Memory: usage:380MB allocated:380MB. 0 (0%) examples have been skipped.
I0000 00:00:1777620042.936664   65248 abstract_learner.cc:155] No input feature explicitly specified. Using all the available input features.
I0000 00:00:1777620042.936670   65248 abstract_learner.cc:172] The label "class" was removed from the input feature set.
I0000 00:00:1777620042.936695   65248 random_forest.cc:478] Training random forest on 5000000 example(s) and 18 feature(s).
I0000 00:00:1777620042.936711   65248 gpu.cc:93] Cannot initialize GPU: Not compiled with GPU support
I0000 00:00:1777620042.936977   65248 random_forest.cc:713] num_threads being used: 8
I0000 00:00:1777620089.687889   65362 random_forest.cc:1121] Train tree 1/40 [index:2 total:46.75s tree:46.75s]
I0000 00:00:1777620137.348412   65362 random_forest.cc:1121] Train tree 9/40 [index:8 total:1m34.41s tree:47.66s]
I0000 00:00:1777620184.493155   65362 random_forest.cc:1121] Train tree 17/40 [index:16 total:2m21.56s tree:47.14s]
I0000 00:00:1777620231.244661   65362 random_forest.cc:1121] Train tree 25/40 [index:24 total:3m8.31s tree:46.75s]
I0000 00:00:1777620278.639473   65362 random_forest.cc:1121] Train tree 33/40 [index:32 total:3m55.70s tree:47.39s]
I0000 00:00:1777620282.432605   65248 random_forest.cc:1131] random_forest.cc Training block took: 239.496 s
I0000 00:00:1777620282.432647   65248 random_forest.cc:1217] EXITING EARLY TO SPEED UP EXPERIMENTS!
-1 (automatic) threads requested. 8 threads set.
Using histogram splitting: Random with 64 bins
----- Run 4/7 -----


Inferring DataSpec from CSV: benchmarks/data/SUSY_with_header.csv


WARNING: All log messages before absl::InitializeLog() is called are written to STDERR
I0000 00:00:1777620283.056483   66810 csv_example_reader.cc:212] 0 row(s) processed
I0000 00:00:1777620283.063153   66810 csv_example_reader.cc:216] Stop scanning the csv file to infer the type. Some records were not considered.
I0000 00:00:1777620283.063172   66810 data_spec_inference.cc:457] 19 column(s) found
I0000 00:00:1777620283.063187   66810 csv_example_reader.cc:303] 0 row(s) processed
I0000 00:00:1777620297.490154   66810 data_spec_inference.cc:494] Finalizing [5000000 row(s) found]
I0000 00:00:1777620297.490214   66810 train_oblique_forest.cc:391] Configuring oblique splits
I0000 00:00:1777620297.490267   66810 abstract_learner.cc:155] No input feature explicitly specified. Using all the available input features.
I0000 00:00:1777620297.490271   66810 abstract_learner.cc:172] The label "class" was removed from the input feature set.
I0000 00:00:1777620297.490747   66810 vertical_dataset_io.cc:82] 100 examples scanned.
I0000 00:00:1777620312.853343   66810 vertical_dataset_io.cc:88] 5000000 examples read. Memory: usage:380MB allocated:380MB. 0 (0%) examples have been skipped.
I0000 00:00:1777620312.853434   66810 abstract_learner.cc:155] No input feature explicitly specified. Using all the available input features.
I0000 00:00:1777620312.853440   66810 abstract_learner.cc:172] The label "class" was removed from the input feature set.
I0000 00:00:1777620312.853463   66810 random_forest.cc:478] Training random forest on 5000000 example(s) and 18 feature(s).
I0000 00:00:1777620312.853480   66810 gpu.cc:93] Cannot initialize GPU: Not compiled with GPU support
I0000 00:00:1777620312.853758   66810 random_forest.cc:713] num_threads being used: 8
I0000 00:00:1777620358.579377   66929 random_forest.cc:1121] Train tree 1/40 [index:5 total:45.73s tree:45.73s]
I0000 00:00:1777620403.830825   66929 random_forest.cc:1121] Train tree 9/40 [index:8 total:1m30.98s tree:45.25s]
I0000 00:00:1777620449.835749   66929 random_forest.cc:1121] Train tree 17/40 [index:16 total:2m16.98s tree:46.00s]
I0000 00:00:1777620495.097450   66929 random_forest.cc:1121] Train tree 25/40 [index:24 total:3m2.24s tree:45.26s]
I0000 00:00:1777620541.198007   66929 random_forest.cc:1121] Train tree 33/40 [index:32 total:3m48.34s tree:46.10s]
I0000 00:00:1777620544.503541   66810 random_forest.cc:1131] random_forest.cc Training block took: 231.65 s
I0000 00:00:1777620544.503574   66810 random_forest.cc:1217] EXITING EARLY TO SPEED UP EXPERIMENTS!
-1 (automatic) threads requested. 8 threads set.
Using histogram splitting: Random with 64 bins
----- Run 5/7 -----


Inferring DataSpec from CSV: benchmarks/data/SUSY_with_header.csv


WARNING: All log messages before absl::InitializeLog() is called are written to STDERR
I0000 00:00:1777620545.106574   67810 csv_example_reader.cc:212] 0 row(s) processed
I0000 00:00:1777620545.112973   67810 csv_example_reader.cc:216] Stop scanning the csv file to infer the type. Some records were not considered.
I0000 00:00:1777620545.112993   67810 data_spec_inference.cc:457] 19 column(s) found
I0000 00:00:1777620545.113008   67810 csv_example_reader.cc:303] 0 row(s) processed
I0000 00:00:1777620559.110132   67810 data_spec_inference.cc:494] Finalizing [5000000 row(s) found]
I0000 00:00:1777620559.110214   67810 train_oblique_forest.cc:391] Configuring oblique splits
I0000 00:00:1777620559.110270   67810 abstract_learner.cc:155] No input feature explicitly specified. Using all the available input features.
I0000 00:00:1777620559.110274   67810 abstract_learner.cc:172] The label "class" was removed from the input feature set.
I0000 00:00:1777620559.110753   67810 vertical_dataset_io.cc:82] 100 examples scanned.
I0000 00:00:1777620574.215795   67810 vertical_dataset_io.cc:88] 5000000 examples read. Memory: usage:380MB allocated:380MB. 0 (0%) examples have been skipped.
I0000 00:00:1777620574.215887   67810 abstract_learner.cc:155] No input feature explicitly specified. Using all the available input features.
I0000 00:00:1777620574.215893   67810 abstract_learner.cc:172] The label "class" was removed from the input feature set.
I0000 00:00:1777620574.215917   67810 random_forest.cc:478] Training random forest on 5000000 example(s) and 18 feature(s).
I0000 00:00:1777620574.215935   67810 gpu.cc:93] Cannot initialize GPU: Not compiled with GPU support
I0000 00:00:1777620574.216214   67810 random_forest.cc:713] num_threads being used: 8
I0000 00:00:1777620619.937114   67923 random_forest.cc:1121] Train tree 1/40 [index:2 total:45.72s tree:45.72s]
I0000 00:00:1777620665.404797   67923 random_forest.cc:1121] Train tree 9/40 [index:8 total:1m31.19s tree:45.47s]
I0000 00:00:1777620711.507213   67923 random_forest.cc:1121] Train tree 17/40 [index:16 total:2m17.29s tree:46.10s]
I0000 00:00:1777620756.645505   67923 random_forest.cc:1121] Train tree 25/40 [index:24 total:3m2.43s tree:45.14s]
I0000 00:00:1777620802.864774   67923 random_forest.cc:1121] Train tree 33/40 [index:32 total:3m48.65s tree:46.22s]
I0000 00:00:1777620805.665637   67810 random_forest.cc:1131] random_forest.cc Training block took: 231.45 s
I0000 00:00:1777620805.665677   67810 random_forest.cc:1217] EXITING EARLY TO SPEED UP EXPERIMENTS!
-1 (automatic) threads requested. 8 threads set.
Using histogram splitting: Random with 64 bins
----- Run 6/7 -----


Inferring DataSpec from CSV: benchmarks/data/SUSY_with_header.csv


WARNING: All log messages before absl::InitializeLog() is called are written to STDERR
I0000 00:00:1777620806.272576   68810 csv_example_reader.cc:212] 0 row(s) processed
I0000 00:00:1777620806.278966   68810 csv_example_reader.cc:216] Stop scanning the csv file to infer the type. Some records were not considered.
I0000 00:00:1777620806.278985   68810 data_spec_inference.cc:457] 19 column(s) found
I0000 00:00:1777620806.279000   68810 csv_example_reader.cc:303] 0 row(s) processed
I0000 00:00:1777620820.366699   68810 data_spec_inference.cc:494] Finalizing [5000000 row(s) found]
I0000 00:00:1777620820.366786   68810 train_oblique_forest.cc:391] Configuring oblique splits
I0000 00:00:1777620820.366841   68810 abstract_learner.cc:155] No input feature explicitly specified. Using all the available input features.
I0000 00:00:1777620820.366845   68810 abstract_learner.cc:172] The label "class" was removed from the input feature set.
I0000 00:00:1777620820.367334   68810 vertical_dataset_io.cc:82] 100 examples scanned.
I0000 00:00:1777620835.409048   68810 vertical_dataset_io.cc:88] 5000000 examples read. Memory: usage:380MB allocated:380MB. 0 (0%) examples have been skipped.
I0000 00:00:1777620835.409154   68810 abstract_learner.cc:155] No input feature explicitly specified. Using all the available input features.
I0000 00:00:1777620835.409160   68810 abstract_learner.cc:172] The label "class" was removed from the input feature set.
I0000 00:00:1777620835.409184   68810 random_forest.cc:478] Training random forest on 5000000 example(s) and 18 feature(s).
I0000 00:00:1777620835.409200   68810 gpu.cc:93] Cannot initialize GPU: Not compiled with GPU support
I0000 00:00:1777620835.409458   68810 random_forest.cc:713] num_threads being used: 8
I0000 00:00:1777620881.020141   68916 random_forest.cc:1121] Train tree 1/40 [index:2 total:45.61s tree:45.61s]
I0000 00:00:1777620926.248571   68916 random_forest.cc:1121] Train tree 9/40 [index:8 total:1m30.84s tree:45.23s]
I0000 00:00:1777620972.118315   68916 random_forest.cc:1121] Train tree 17/40 [index:16 total:2m16.71s tree:45.87s]
I0000 00:00:1777621017.183595   68916 random_forest.cc:1121] Train tree 25/40 [index:24 total:3m1.77s tree:45.07s]
I0000 00:00:1777621063.612786   68916 random_forest.cc:1121] Train tree 33/40 [index:32 total:3m48.20s tree:46.43s]
I0000 00:00:1777621067.324997   68810 random_forest.cc:1131] random_forest.cc Training block took: 231.916 s
I0000 00:00:1777621067.325039   68810 random_forest.cc:1217] EXITING EARLY TO SPEED UP EXPERIMENTS!
-1 (automatic) threads requested. 8 threads set.
Using histogram splitting: Random with 64 bins
----- Run 7/7 -----


Inferring DataSpec from CSV: benchmarks/data/SUSY_with_header.csv


WARNING: All log messages before absl::InitializeLog() is called are written to STDERR
I0000 00:00:1777621067.935755   69809 csv_example_reader.cc:212] 0 row(s) processed
I0000 00:00:1777621067.942147   69809 csv_example_reader.cc:216] Stop scanning the csv file to infer the type. Some records were not considered.
I0000 00:00:1777621067.942166   69809 data_spec_inference.cc:457] 19 column(s) found
I0000 00:00:1777621067.942180   69809 csv_example_reader.cc:303] 0 row(s) processed
I0000 00:00:1777621082.085481   69809 data_spec_inference.cc:494] Finalizing [5000000 row(s) found]
I0000 00:00:1777621082.085571   69809 train_oblique_forest.cc:391] Configuring oblique splits
I0000 00:00:1777621082.085629   69809 abstract_learner.cc:155] No input feature explicitly specified. Using all the available input features.
I0000 00:00:1777621082.085633   69809 abstract_learner.cc:172] The label "class" was removed from the input feature set.
I0000 00:00:1777621082.086137   69809 vertical_dataset_io.cc:82] 100 examples scanned.
I0000 00:00:1777621097.327398   69809 vertical_dataset_io.cc:88] 5000000 examples read. Memory: usage:380MB allocated:380MB. 0 (0%) examples have been skipped.
I0000 00:00:1777621097.327482   69809 abstract_learner.cc:155] No input feature explicitly specified. Using all the available input features.
I0000 00:00:1777621097.327487   69809 abstract_learner.cc:172] The label "class" was removed from the input feature set.
I0000 00:00:1777621097.327510   69809 random_forest.cc:478] Training random forest on 5000000 example(s) and 18 feature(s).
I0000 00:00:1777621097.327525   69809 gpu.cc:93] Cannot initialize GPU: Not compiled with GPU support
I0000 00:00:1777621097.327785   69809 random_forest.cc:713] num_threads being used: 8
I0000 00:00:1777621143.391308   69919 random_forest.cc:1121] Train tree 1/40 [index:5 total:46.06s tree:46.06s]
I0000 00:00:1777621189.352223   69919 random_forest.cc:1121] Train tree 9/40 [index:8 total:1m32.02s tree:45.96s]
I0000 00:00:1777621235.724372   69919 random_forest.cc:1121] Train tree 17/40 [index:16 total:2m18.40s tree:46.37s]
I0000 00:00:1777621281.475001   69919 random_forest.cc:1121] Train tree 25/40 [index:24 total:3m4.15s tree:45.75s]
I0000 00:00:1777621327.966686   69919 random_forest.cc:1121] Train tree 33/40 [index:32 total:3m50.64s tree:46.49s]
I0000 00:00:1777621330.789600   69809 random_forest.cc:1131] random_forest.cc Training block took: 233.462 s
I0000 00:00:1777621330.789641   69809 random_forest.cc:1217] EXITING EARLY TO SPEED UP EXPERIMENTS!
-1 (automatic) threads requested. 8 threads set.
Using histogram splitting: Random with 64 bins
MEDIAN of 7/7 runs: 233.462 s  (samples: 240.104 239.956 239.496 231.65 231.45 231.916 233.462)
./bazel-bin/examples/train_oblique_forest --input_mode csv --train_csv "benchmarks/data/epsilon_normalized_train.csv" --label_col "label" --feature_split_type "Oblique" --numerical_split_type "Random" --num_trees=40 --num_threads=-1 --compute_oob_performances=false --histogram_num_bins=64 
----- Run 1/7 -----


Inferring DataSpec from CSV: benchmarks/data/epsilon_normalized_train.csv


WARNING: All log messages before absl::InitializeLog() is called are written to STDERR
I0000 00:00:1777621331.406829   70816 csv_example_reader.cc:212] 0 row(s) processed
I0000 00:00:1777621332.045946   70816 csv_example_reader.cc:216] Stop scanning the csv file to infer the type. Some records were not considered.
I0000 00:00:1777621332.046165   70816 data_spec_inference.cc:457] 2001 column(s) found
I0000 00:00:1777621332.049165   70816 csv_example_reader.cc:303] 0 row(s) processed
I0000 00:00:1777621362.049346   70816 csv_example_reader.cc:303] 101210 row(s) processed
I0000 00:00:1777621392.049564   70816 csv_example_reader.cc:303] 206495 row(s) processed
I0000 00:00:1777621422.049821   70816 csv_example_reader.cc:303] 308730 row(s) processed
I0000 00:00:1777621449.612092   70816 data_spec_inference.cc:494] Finalizing [400000 row(s) found]
I0000 00:00:1777621449.612193   70816 train_oblique_forest.cc:391] Configuring oblique splits
I0000 00:00:1777621449.612369   70816 abstract_learner.cc:155] No input feature explicitly specified. Using all the available input features.
I0000 00:00:1777621449.612374   70816 abstract_learner.cc:172] The label "label" was removed from the input feature set.
I0000 00:00:1777621449.646201   70816 vertical_dataset_io.cc:82] 100 examples scanned.
I0000 00:00:1777621479.658740   70816 vertical_dataset_io.cc:82] 98800 examples scanned.
I0000 00:00:1777621509.661081   70816 vertical_dataset_io.cc:82] 195200 examples scanned.
I0000 00:00:1777621539.664616   70816 vertical_dataset_io.cc:82] 289500 examples scanned.
I0000 00:00:1777621569.669719   70816 vertical_dataset_io.cc:82] 386500 examples scanned.
I0000 00:00:1777621575.185663   70816 vertical_dataset_io.cc:88] 400000 examples read. Memory: usage:3201MB allocated:3201MB. 0 (0%) examples have been skipped.
I0000 00:00:1777621575.186071   70816 abstract_learner.cc:155] No input feature explicitly specified. Using all the available input features.
I0000 00:00:1777621575.186121   70816 abstract_learner.cc:172] The label "label" was removed from the input feature set.
I0000 00:00:1777621575.186350   70816 random_forest.cc:478] Training random forest on 400000 example(s) and 2000 feature(s).
I0000 00:00:1777621575.186422   70816 gpu.cc:93] Cannot initialize GPU: Not compiled with GPU support
I0000 00:00:1777621575.186839   70816 random_forest.cc:713] num_threads being used: 8
I0000 00:00:1777621601.736629   71752 random_forest.cc:1121] Train tree 1/40 [index:2 total:26.55s tree:26.55s]
I0000 00:00:1777621628.209622   71754 random_forest.cc:1121] Train tree 9/40 [index:11 total:53.02s tree:26.40s]
I0000 00:00:1777621654.921415   71754 random_forest.cc:1121] Train tree 17/40 [index:16 total:1m19.73s tree:26.71s]
I0000 00:00:1777621681.915729   71752 random_forest.cc:1121] Train tree 25/40 [index:25 total:1m46.73s tree:26.80s]
I0000 00:00:1777621708.659391   71752 random_forest.cc:1121] Train tree 33/40 [index:32 total:2m13.47s tree:26.74s]
I0000 00:00:1777621709.387422   70816 random_forest.cc:1131] random_forest.cc Training block took: 134.202 s
I0000 00:00:1777621709.387465   70816 random_forest.cc:1217] EXITING EARLY TO SPEED UP EXPERIMENTS!
-1 (automatic) threads requested. 8 threads set.
Using histogram splitting: Random with 64 bins
----- Run 2/7 -----


Inferring DataSpec from CSV: benchmarks/data/epsilon_normalized_train.csv


WARNING: All log messages before absl::InitializeLog() is called are written to STDERR
I0000 00:00:1777621709.576873   72266 csv_example_reader.cc:212] 0 row(s) processed
I0000 00:00:1777621710.211300   72266 csv_example_reader.cc:216] Stop scanning the csv file to infer the type. Some records were not considered.
I0000 00:00:1777621710.211517   72266 data_spec_inference.cc:457] 2001 column(s) found
I0000 00:00:1777621710.214553   72266 csv_example_reader.cc:303] 0 row(s) processed
I0000 00:00:1777621740.214799   72266 csv_example_reader.cc:303] 109187 row(s) processed
I0000 00:00:1777621770.215115   72266 csv_example_reader.cc:303] 218830 row(s) processed
I0000 00:00:1777621800.215229   72266 csv_example_reader.cc:303] 328558 row(s) processed
I0000 00:00:1777621819.722309   72266 data_spec_inference.cc:494] Finalizing [400000 row(s) found]
I0000 00:00:1777621819.722404   72266 train_oblique_forest.cc:391] Configuring oblique splits
I0000 00:00:1777621819.722580   72266 abstract_learner.cc:155] No input feature explicitly specified. Using all the available input features.
I0000 00:00:1777621819.722585   72266 abstract_learner.cc:172] The label "label" was removed from the input feature set.
I0000 00:00:1777621819.756039   72266 vertical_dataset_io.cc:82] 100 examples scanned.
I0000 00:00:1777621849.758742   72266 vertical_dataset_io.cc:82] 99800 examples scanned.
I0000 00:00:1777621879.764892   72266 vertical_dataset_io.cc:82] 197100 examples scanned.
I0000 00:00:1777621909.777075   72266 vertical_dataset_io.cc:82] 292300 examples scanned.
I0000 00:00:1777621939.779639   72266 vertical_dataset_io.cc:82] 390200 examples scanned.
I0000 00:00:1777621944.106116   72266 vertical_dataset_io.cc:88] 400000 examples read. Memory: usage:3201MB allocated:3201MB. 0 (0%) examples have been skipped.
I0000 00:00:1777621944.106505   72266 abstract_learner.cc:155] No input feature explicitly specified. Using all the available input features.
I0000 00:00:1777621944.106549   72266 abstract_learner.cc:172] The label "label" was removed from the input feature set.
I0000 00:00:1777621944.106761   72266 random_forest.cc:478] Training random forest on 400000 example(s) and 2000 feature(s).
I0000 00:00:1777621944.106829   72266 gpu.cc:93] Cannot initialize GPU: Not compiled with GPU support
I0000 00:00:1777621944.107256   72266 random_forest.cc:713] num_threads being used: 8
I0000 00:00:1777621970.361483   73163 random_forest.cc:1121] Train tree 1/40 [index:4 total:26.25s tree:26.25s]
I0000 00:00:1777621997.460684   73161 random_forest.cc:1121] Train tree 9/40 [index:10 total:53.35s tree:26.96s]
I0000 00:00:1777622024.476351   73161 random_forest.cc:1121] Train tree 17/40 [index:16 total:1m20.37s tree:27.02s]
I0000 00:00:1777622051.878715   73161 random_forest.cc:1121] Train tree 25/40 [index:24 total:1m47.77s tree:27.40s]
I0000 00:00:1777622079.192790   73161 random_forest.cc:1121] Train tree 33/40 [index:32 total:2m15.09s tree:27.31s]
I0000 00:00:1777622080.458047   72266 random_forest.cc:1131] random_forest.cc Training block took: 136.352 s
I0000 00:00:1777622080.458095   72266 random_forest.cc:1217] EXITING EARLY TO SPEED UP EXPERIMENTS!
-1 (automatic) threads requested. 8 threads set.
Using histogram splitting: Random with 64 bins
----- Run 3/7 -----


Inferring DataSpec from CSV: benchmarks/data/epsilon_normalized_train.csv


WARNING: All log messages before absl::InitializeLog() is called are written to STDERR
I0000 00:00:1777622080.650562   73699 csv_example_reader.cc:212] 0 row(s) processed
I0000 00:00:1777622081.299054   73699 csv_example_reader.cc:216] Stop scanning the csv file to infer the type. Some records were not considered.
I0000 00:00:1777622081.299292   73699 data_spec_inference.cc:457] 2001 column(s) found
I0000 00:00:1777622081.302377   73699 csv_example_reader.cc:303] 0 row(s) processed
I0000 00:00:1777622111.302683   73699 csv_example_reader.cc:303] 106663 row(s) processed
I0000 00:00:1777622141.302908   73699 csv_example_reader.cc:303] 213215 row(s) processed
I0000 00:00:1777622171.302956   73699 csv_example_reader.cc:303] 319854 row(s) processed
I0000 00:00:1777622193.867610   73699 data_spec_inference.cc:494] Finalizing [400000 row(s) found]
I0000 00:00:1777622193.867720   73699 train_oblique_forest.cc:391] Configuring oblique splits
I0000 00:00:1777622193.867904   73699 abstract_learner.cc:155] No input feature explicitly specified. Using all the available input features.
I0000 00:00:1777622193.867909   73699 abstract_learner.cc:172] The label "label" was removed from the input feature set.
I0000 00:00:1777622193.902330   73699 vertical_dataset_io.cc:82] 100 examples scanned.
I0000 00:00:1777622223.917488   73699 vertical_dataset_io.cc:82] 96800 examples scanned.
I0000 00:00:1777622253.925620   73699 vertical_dataset_io.cc:82] 191300 examples scanned.
I0000 00:00:1777622283.948299   73699 vertical_dataset_io.cc:82] 283800 examples scanned.
I0000 00:00:1777622313.956362   73699 vertical_dataset_io.cc:82] 379000 examples scanned.
I0000 00:00:1777622321.948389   73699 vertical_dataset_io.cc:88] 400000 examples read. Memory: usage:3201MB allocated:3201MB. 0 (0%) examples have been skipped.
I0000 00:00:1777622321.948789   73699 abstract_learner.cc:155] No input feature explicitly specified. Using all the available input features.
I0000 00:00:1777622321.948836   73699 abstract_learner.cc:172] The label "label" was removed from the input feature set.
I0000 00:00:1777622321.949078   73699 random_forest.cc:478] Training random forest on 400000 example(s) and 2000 feature(s).
I0000 00:00:1777622321.949153   73699 gpu.cc:93] Cannot initialize GPU: Not compiled with GPU support
I0000 00:00:1777622321.949591   73699 random_forest.cc:713] num_threads being used: 8
I0000 00:00:1777622348.962027   74618 random_forest.cc:1121] Train tree 1/40 [index:4 total:27.01s tree:27.01s]
I0000 00:00:1777622376.229976   74624 random_forest.cc:1121] Train tree 9/40 [index:11 total:54.28s tree:27.06s]
I0000 00:00:1777622403.375046   74624 random_forest.cc:1121] Train tree 17/40 [index:16 total:1m21.43s tree:27.15s]
I0000 00:00:1777622430.934225   74624 random_forest.cc:1121] Train tree 25/40 [index:24 total:1m48.98s tree:27.56s]
I0000 00:00:1777622458.072149   74620 random_forest.cc:1121] Train tree 33/40 [index:33 total:2m16.12s tree:27.13s]
I0000 00:00:1777622458.938205   73699 random_forest.cc:1131] random_forest.cc Training block took: 136.99 s
I0000 00:00:1777622458.938252   73699 random_forest.cc:1217] EXITING EARLY TO SPEED UP EXPERIMENTS!
-1 (automatic) threads requested. 8 threads set.
Using histogram splitting: Random with 64 bins
----- Run 4/7 -----


Inferring DataSpec from CSV: benchmarks/data/epsilon_normalized_train.csv


WARNING: All log messages before absl::InitializeLog() is called are written to STDERR
I0000 00:00:1777622459.129732   75143 csv_example_reader.cc:212] 0 row(s) processed
I0000 00:00:1777622459.780335   75143 csv_example_reader.cc:216] Stop scanning the csv file to infer the type. Some records were not considered.
I0000 00:00:1777622459.780577   75143 data_spec_inference.cc:457] 2001 column(s) found
I0000 00:00:1777622459.783754   75143 csv_example_reader.cc:303] 0 row(s) processed
I0000 00:00:1777622489.783801   75143 csv_example_reader.cc:303] 106375 row(s) processed
I0000 00:00:1777622519.783974   75143 csv_example_reader.cc:303] 212782 row(s) processed
I0000 00:00:1777622549.784165   75143 csv_example_reader.cc:303] 319126 row(s) processed
I0000 00:00:1777622572.596292   75143 data_spec_inference.cc:494] Finalizing [400000 row(s) found]
I0000 00:00:1777622572.596399   75143 train_oblique_forest.cc:391] Configuring oblique splits
I0000 00:00:1777622572.596582   75143 abstract_learner.cc:155] No input feature explicitly specified. Using all the available input features.
I0000 00:00:1777622572.596587   75143 abstract_learner.cc:172] The label "label" was removed from the input feature set.
I0000 00:00:1777622572.631295   75143 vertical_dataset_io.cc:82] 100 examples scanned.
I0000 00:00:1777622602.652243   75143 vertical_dataset_io.cc:82] 96600 examples scanned.
I0000 00:00:1777622632.656289   75143 vertical_dataset_io.cc:82] 190700 examples scanned.
I0000 00:00:1777622662.675497   75143 vertical_dataset_io.cc:82] 282800 examples scanned.
I0000 00:00:1777622692.701410   75143 vertical_dataset_io.cc:82] 377600 examples scanned.
I0000 00:00:1777622701.167315   75143 vertical_dataset_io.cc:88] 400000 examples read. Memory: usage:3201MB allocated:3201MB. 0 (0%) examples have been skipped.
I0000 00:00:1777622701.167721   75143 abstract_learner.cc:155] No input feature explicitly specified. Using all the available input features.
I0000 00:00:1777622701.167771   75143 abstract_learner.cc:172] The label "label" was removed from the input feature set.
I0000 00:00:1777622701.167990   75143 random_forest.cc:478] Training random forest on 400000 example(s) and 2000 feature(s).
I0000 00:00:1777622701.168082   75143 gpu.cc:93] Cannot initialize GPU: Not compiled with GPU support
I0000 00:00:1777622701.168502   75143 random_forest.cc:713] num_threads being used: 8
I0000 00:00:1777622728.204816   76068 random_forest.cc:1121] Train tree 1/40 [index:6 total:27.04s tree:27.04s]
I0000 00:00:1777622755.373386   76065 random_forest.cc:1121] Train tree 9/40 [index:11 total:54.20s tree:26.99s]
I0000 00:00:1777622782.604048   76065 random_forest.cc:1121] Train tree 17/40 [index:16 total:1m21.44s tree:27.23s]
I0000 00:00:1777622809.941761   76070 random_forest.cc:1121] Train tree 25/40 [index:25 total:1m48.77s tree:27.22s]
I0000 00:00:1777622837.262705   76064 random_forest.cc:1121] Train tree 33/40 [index:33 total:2m16.09s tree:27.22s]
I0000 00:00:1777622838.489632   75143 random_forest.cc:1131] random_forest.cc Training block took: 137.322 s
I0000 00:00:1777622838.489675   75143 random_forest.cc:1217] EXITING EARLY TO SPEED UP EXPERIMENTS!
-1 (automatic) threads requested. 8 threads set.
Using histogram splitting: Random with 64 bins
----- Run 5/7 -----


Inferring DataSpec from CSV: benchmarks/data/epsilon_normalized_train.csv


WARNING: All log messages before absl::InitializeLog() is called are written to STDERR
I0000 00:00:1777622838.682339   76599 csv_example_reader.cc:212] 0 row(s) processed
I0000 00:00:1777622839.339382   76599 csv_example_reader.cc:216] Stop scanning the csv file to infer the type. Some records were not considered.
I0000 00:00:1777622839.339587   76599 data_spec_inference.cc:457] 2001 column(s) found
I0000 00:00:1777622839.342681   76599 csv_example_reader.cc:303] 0 row(s) processed
I0000 00:00:1777622869.342851   76599 csv_example_reader.cc:303] 106261 row(s) processed
I0000 00:00:1777622899.343143   76599 csv_example_reader.cc:303] 212614 row(s) processed
I0000 00:00:1777622929.343342   76599 csv_example_reader.cc:303] 319143 row(s) processed
I0000 00:00:1777622952.108712   76599 data_spec_inference.cc:494] Finalizing [400000 row(s) found]
I0000 00:00:1777622952.108815   76599 train_oblique_forest.cc:391] Configuring oblique splits
I0000 00:00:1777622952.109013   76599 abstract_learner.cc:155] No input feature explicitly specified. Using all the available input features.
I0000 00:00:1777622952.109018   76599 abstract_learner.cc:172] The label "label" was removed from the input feature set.
I0000 00:00:1777622952.143715   76599 vertical_dataset_io.cc:82] 100 examples scanned.
I0000 00:00:1777622982.146191   76599 vertical_dataset_io.cc:82] 96400 examples scanned.
I0000 00:00:1777623012.162248   76599 vertical_dataset_io.cc:82] 190400 examples scanned.
I0000 00:00:1777623042.192263   76599 vertical_dataset_io.cc:82] 282400 examples scanned.
I0000 00:00:1777623072.219567   76599 vertical_dataset_io.cc:82] 377100 examples scanned.
I0000 00:00:1777623080.843495   76599 vertical_dataset_io.cc:88] 400000 examples read. Memory: usage:3201MB allocated:3201MB. 0 (0%) examples have been skipped.
I0000 00:00:1777623080.843899   76599 abstract_learner.cc:155] No input feature explicitly specified. Using all the available input features.
I0000 00:00:1777623080.843950   76599 abstract_learner.cc:172] The label "label" was removed from the input feature set.
I0000 00:00:1777623080.844192   76599 random_forest.cc:478] Training random forest on 400000 example(s) and 2000 feature(s).
I0000 00:00:1777623080.844267   76599 gpu.cc:93] Cannot initialize GPU: Not compiled with GPU support
I0000 00:00:1777623080.844689   76599 random_forest.cc:713] num_threads being used: 8
I0000 00:00:1777623107.897503   77520 random_forest.cc:1121] Train tree 1/40 [index:6 total:27.05s tree:27.05s]
I0000 00:00:1777623135.071077   77518 random_forest.cc:1121] Train tree 9/40 [index:11 total:54.23s tree:27.03s]
I0000 00:00:1777623162.326022   77518 random_forest.cc:1121] Train tree 17/40 [index:16 total:1m21.48s tree:27.25s]
I0000 00:00:1777623189.545479   77522 random_forest.cc:1121] Train tree 25/40 [index:25 total:1m48.70s tree:27.17s]
I0000 00:00:1777623217.046870   77522 random_forest.cc:1121] Train tree 33/40 [index:32 total:2m16.20s tree:27.50s]
I0000 00:00:1777623218.061342   76599 random_forest.cc:1131] random_forest.cc Training block took: 137.218 s
I0000 00:00:1777623218.061385   76599 random_forest.cc:1217] EXITING EARLY TO SPEED UP EXPERIMENTS!
-1 (automatic) threads requested. 8 threads set.
Using histogram splitting: Random with 64 bins
----- Run 6/7 -----


Inferring DataSpec from CSV: benchmarks/data/epsilon_normalized_train.csv


WARNING: All log messages before absl::InitializeLog() is called are written to STDERR
I0000 00:00:1777623218.253073   78049 csv_example_reader.cc:212] 0 row(s) processed
I0000 00:00:1777623218.902456   78049 csv_example_reader.cc:216] Stop scanning the csv file to infer the type. Some records were not considered.
I0000 00:00:1777623218.902654   78049 data_spec_inference.cc:457] 2001 column(s) found
I0000 00:00:1777623218.905768   78049 csv_example_reader.cc:303] 0 row(s) processed
I0000 00:00:1777623248.905846   78049 csv_example_reader.cc:303] 106429 row(s) processed
I0000 00:00:1777623278.906042   78049 csv_example_reader.cc:303] 212924 row(s) processed
I0000 00:00:1777623308.906204   78049 csv_example_reader.cc:303] 319432 row(s) processed
I0000 00:00:1777623331.592281   78049 data_spec_inference.cc:494] Finalizing [400000 row(s) found]
I0000 00:00:1777623331.592375   78049 train_oblique_forest.cc:391] Configuring oblique splits
I0000 00:00:1777623331.592553   78049 abstract_learner.cc:155] No input feature explicitly specified. Using all the available input features.
I0000 00:00:1777623331.592558   78049 abstract_learner.cc:172] The label "label" was removed from the input feature set.
I0000 00:00:1777623331.627141   78049 vertical_dataset_io.cc:82] 100 examples scanned.
I0000 00:00:1777623361.648656   78049 vertical_dataset_io.cc:82] 97000 examples scanned.
I0000 00:00:1777623391.666729   78049 vertical_dataset_io.cc:82] 191500 examples scanned.
I0000 00:00:1777623421.695909   78049 vertical_dataset_io.cc:82] 284200 examples scanned.
I0000 00:00:1777623451.701755   78049 vertical_dataset_io.cc:82] 379300 examples scanned.
I0000 00:00:1777623459.586022   78049 vertical_dataset_io.cc:88] 400000 examples read. Memory: usage:3201MB allocated:3201MB. 0 (0%) examples have been skipped.
I0000 00:00:1777623459.586441   78049 abstract_learner.cc:155] No input feature explicitly specified. Using all the available input features.
I0000 00:00:1777623459.586489   78049 abstract_learner.cc:172] The label "label" was removed from the input feature set.
I0000 00:00:1777623459.586711   78049 random_forest.cc:478] Training random forest on 400000 example(s) and 2000 feature(s).
I0000 00:00:1777623459.586784   78049 gpu.cc:93] Cannot initialize GPU: Not compiled with GPU support
I0000 00:00:1777623459.587226   78049 random_forest.cc:713] num_threads being used: 8
I0000 00:00:1777623486.666265   78972 random_forest.cc:1121] Train tree 1/40 [index:4 total:27.08s tree:27.08s]
I0000 00:00:1777623513.839866   78976 random_forest.cc:1121] Train tree 9/40 [index:11 total:54.25s tree:27.03s]
I0000 00:00:1777623541.204040   78976 random_forest.cc:1121] Train tree 17/40 [index:16 total:1m21.62s tree:27.36s]
I0000 00:00:1777623568.509820   78972 random_forest.cc:1121] Train tree 25/40 [index:25 total:1m48.92s tree:27.24s]
I0000 00:00:1777623595.741831   78973 random_forest.cc:1121] Train tree 33/40 [index:33 total:2m16.15s tree:27.19s]
I0000 00:00:1777623596.502708   78049 random_forest.cc:1131] random_forest.cc Training block took: 136.916 s
I0000 00:00:1777623596.502747   78049 random_forest.cc:1217] EXITING EARLY TO SPEED UP EXPERIMENTS!
-1 (automatic) threads requested. 8 threads set.
Using histogram splitting: Random with 64 bins
----- Run 7/7 -----


Inferring DataSpec from CSV: benchmarks/data/epsilon_normalized_train.csv


WARNING: All log messages before absl::InitializeLog() is called are written to STDERR
I0000 00:00:1777623596.694307   79499 csv_example_reader.cc:212] 0 row(s) processed
I0000 00:00:1777623597.343578   79499 csv_example_reader.cc:216] Stop scanning the csv file to infer the type. Some records were not considered.
I0000 00:00:1777623597.343810   79499 data_spec_inference.cc:457] 2001 column(s) found
I0000 00:00:1777623597.346913   79499 csv_example_reader.cc:303] 0 row(s) processed
I0000 00:00:1777623627.347273   79499 csv_example_reader.cc:303] 106392 row(s) processed
I0000 00:00:1777623657.347470   79499 csv_example_reader.cc:303] 212853 row(s) processed
I0000 00:00:1777623687.347815   79499 csv_example_reader.cc:303] 319280 row(s) processed
I0000 00:00:1777623710.112392   79499 data_spec_inference.cc:494] Finalizing [400000 row(s) found]
I0000 00:00:1777623710.112479   79499 train_oblique_forest.cc:391] Configuring oblique splits
I0000 00:00:1777623710.112654   79499 abstract_learner.cc:155] No input feature explicitly specified. Using all the available input features.
I0000 00:00:1777623710.112659   79499 abstract_learner.cc:172] The label "label" was removed from the input feature set.
I0000 00:00:1777623710.147248   79499 vertical_dataset_io.cc:82] 100 examples scanned.
I0000 00:00:1777623740.173593   79499 vertical_dataset_io.cc:82] 96700 examples scanned.
I0000 00:00:1777623770.182103   79499 vertical_dataset_io.cc:82] 191000 examples scanned.
I0000 00:00:1777623800.187533   79499 vertical_dataset_io.cc:82] 283500 examples scanned.
I0000 00:00:1777623830.194862   79499 vertical_dataset_io.cc:82] 378700 examples scanned.
I0000 00:00:1777623838.271503   79499 vertical_dataset_io.cc:88] 400000 examples read. Memory: usage:3201MB allocated:3201MB. 0 (0%) examples have been skipped.
I0000 00:00:1777623838.271902   79499 abstract_learner.cc:155] No input feature explicitly specified. Using all the available input features.
I0000 00:00:1777623838.271949   79499 abstract_learner.cc:172] The label "label" was removed from the input feature set.
I0000 00:00:1777623838.272191   79499 random_forest.cc:478] Training random forest on 400000 example(s) and 2000 feature(s).
I0000 00:00:1777623838.272268   79499 gpu.cc:93] Cannot initialize GPU: Not compiled with GPU support
I0000 00:00:1777623838.272692   79499 random_forest.cc:713] num_threads being used: 8
I0000 00:00:1777623865.359281   80419 random_forest.cc:1121] Train tree 1/40 [index:3 total:27.09s tree:27.09s]
I0000 00:00:1777623892.366033   80418 random_forest.cc:1121] Train tree 9/40 [index:11 total:54.09s tree:26.87s]
I0000 00:00:1777623919.357633   80418 random_forest.cc:1121] Train tree 17/40 [index:16 total:1m21.08s tree:26.99s]
I0000 00:00:1777623946.767203   80418 random_forest.cc:1121] Train tree 25/40 [index:24 total:1m48.49s tree:27.41s]
I0000 00:00:1777623973.990796   80418 random_forest.cc:1121] Train tree 33/40 [index:32 total:2m15.72s tree:27.22s]
I0000 00:00:1777623975.630737   79499 random_forest.cc:1131] random_forest.cc Training block took: 137.359 s
I0000 00:00:1777623975.630780   79499 random_forest.cc:1217] EXITING EARLY TO SPEED UP EXPERIMENTS!
-1 (automatic) threads requested. 8 threads set.
Using histogram splitting: Random with 64 bins
MEDIAN of 7/7 runs: 136.99 s  (samples: 134.202 136.352 136.99 137.322 137.218 136.916 137.359)
./bazel-bin/examples/train_oblique_forest --input_mode trunk --rows 10000 --feature_split_type "Oblique" --numerical_split_type "Random" --num_trees=40 --num_threads=-1 --compute_oob_performances=false --histogram_num_bins=64 
----- Run 1/7 -----
WARNING: All log messages before absl::InitializeLog() is called are written to STDERR
I0000 00:00:1777623975.820533   80958 train_oblique_forest.cc:261] Generating trunk synthetic dataset: rows=10000, cols=4096
I0000 00:00:1777623976.234743   80958 train_oblique_forest.cc:391] Configuring oblique splits
I0000 00:00:1777623976.235251   80958 abstract_learner.cc:155] No input feature explicitly specified. Using all the available input features.
I0000 00:00:1777623976.235262   80958 abstract_learner.cc:172] The label "y" was removed from the input feature set.
I0000 00:00:1777623976.235921   80958 random_forest.cc:478] Training random forest on 10000 example(s) and 4096 feature(s).
I0000 00:00:1777623976.236077   80958 gpu.cc:93] Cannot initialize GPU: Not compiled with GPU support
I0000 00:00:1777623976.237151   80958 random_forest.cc:713] num_threads being used: 8
I0000 00:00:1777623976.984777   80964 random_forest.cc:1121] Train tree 1/40 [index:6 total:0.75s tree:0.75s]
I0000 00:00:1777623980.030275   80958 random_forest.cc:1131] random_forest.cc Training block took: 3.79548 s
I0000 00:00:1777623980.030324   80958 random_forest.cc:1217] EXITING EARLY TO SPEED UP EXPERIMENTS!
-1 (automatic) threads requested. 8 threads set.
Using histogram splitting: Random with 64 bins
----- Run 2/7 -----
WARNING: All log messages before absl::InitializeLog() is called are written to STDERR
I0000 00:00:1777623980.047626   80993 train_oblique_forest.cc:261] Generating trunk synthetic dataset: rows=10000, cols=4096
I0000 00:00:1777623980.458919   80993 train_oblique_forest.cc:391] Configuring oblique splits
I0000 00:00:1777623980.459319   80993 abstract_learner.cc:155] No input feature explicitly specified. Using all the available input features.
I0000 00:00:1777623980.459329   80993 abstract_learner.cc:172] The label "y" was removed from the input feature set.
I0000 00:00:1777623980.459994   80993 random_forest.cc:478] Training random forest on 10000 example(s) and 4096 feature(s).
I0000 00:00:1777623980.460148   80993 gpu.cc:93] Cannot initialize GPU: Not compiled with GPU support
I0000 00:00:1777623980.461251   80993 random_forest.cc:713] num_threads being used: 8
I0000 00:00:1777623981.149081   81000 random_forest.cc:1121] Train tree 1/40 [index:6 total:0.69s tree:0.69s]
I0000 00:00:1777623984.248694   80993 random_forest.cc:1131] random_forest.cc Training block took: 3.78971 s
I0000 00:00:1777623984.248744   80993 random_forest.cc:1217] EXITING EARLY TO SPEED UP EXPERIMENTS!
-1 (automatic) threads requested. 8 threads set.
Using histogram splitting: Random with 64 bins
----- Run 3/7 -----
WARNING: All log messages before absl::InitializeLog() is called are written to STDERR
I0000 00:00:1777623984.267076   81028 train_oblique_forest.cc:261] Generating trunk synthetic dataset: rows=10000, cols=4096
I0000 00:00:1777623984.677942   81028 train_oblique_forest.cc:391] Configuring oblique splits
I0000 00:00:1777623984.678329   81028 abstract_learner.cc:155] No input feature explicitly specified. Using all the available input features.
I0000 00:00:1777623984.678339   81028 abstract_learner.cc:172] The label "y" was removed from the input feature set.
I0000 00:00:1777623984.678993   81028 random_forest.cc:478] Training random forest on 10000 example(s) and 4096 feature(s).
I0000 00:00:1777623984.679146   81028 gpu.cc:93] Cannot initialize GPU: Not compiled with GPU support
I0000 00:00:1777623984.680234   81028 random_forest.cc:713] num_threads being used: 8
I0000 00:00:1777623985.358927   81034 random_forest.cc:1121] Train tree 1/40 [index:6 total:0.68s tree:0.68s]
I0000 00:00:1777623988.462886   81028 random_forest.cc:1131] random_forest.cc Training block took: 3.78488 s
I0000 00:00:1777623988.462935   81028 random_forest.cc:1217] EXITING EARLY TO SPEED UP EXPERIMENTS!
-1 (automatic) threads requested. 8 threads set.
Using histogram splitting: Random with 64 bins
----- Run 4/7 -----
WARNING: All log messages before absl::InitializeLog() is called are written to STDERR
I0000 00:00:1777623988.481362   81063 train_oblique_forest.cc:261] Generating trunk synthetic dataset: rows=10000, cols=4096
I0000 00:00:1777623988.892044   81063 train_oblique_forest.cc:391] Configuring oblique splits
I0000 00:00:1777623988.892435   81063 abstract_learner.cc:155] No input feature explicitly specified. Using all the available input features.
I0000 00:00:1777623988.892445   81063 abstract_learner.cc:172] The label "y" was removed from the input feature set.
I0000 00:00:1777623988.893117   81063 random_forest.cc:478] Training random forest on 10000 example(s) and 4096 feature(s).
I0000 00:00:1777623988.893250   81063 gpu.cc:93] Cannot initialize GPU: Not compiled with GPU support
I0000 00:00:1777623988.894354   81063 random_forest.cc:713] num_threads being used: 8
I0000 00:00:1777623989.582092   81068 random_forest.cc:1121] Train tree 1/40 [index:6 total:0.69s tree:0.69s]
I0000 00:00:1777623992.727986   81063 random_forest.cc:1131] random_forest.cc Training block took: 3.83587 s
I0000 00:00:1777623992.728032   81063 random_forest.cc:1217] EXITING EARLY TO SPEED UP EXPERIMENTS!
-1 (automatic) threads requested. 8 threads set.
Using histogram splitting: Random with 64 bins
----- Run 5/7 -----
WARNING: All log messages before absl::InitializeLog() is called are written to STDERR
I0000 00:00:1777623992.745595   81098 train_oblique_forest.cc:261] Generating trunk synthetic dataset: rows=10000, cols=4096
I0000 00:00:1777623993.157028   81098 train_oblique_forest.cc:391] Configuring oblique splits
I0000 00:00:1777623993.157418   81098 abstract_learner.cc:155] No input feature explicitly specified. Using all the available input features.
I0000 00:00:1777623993.157428   81098 abstract_learner.cc:172] The label "y" was removed from the input feature set.
I0000 00:00:1777623993.158108   81098 random_forest.cc:478] Training random forest on 10000 example(s) and 4096 feature(s).
I0000 00:00:1777623993.158244   81098 gpu.cc:93] Cannot initialize GPU: Not compiled with GPU support
I0000 00:00:1777623993.159333   81098 random_forest.cc:713] num_threads being used: 8
I0000 00:00:1777623993.846019   81105 random_forest.cc:1121] Train tree 1/40 [index:6 total:0.69s tree:0.69s]
I0000 00:00:1777623997.023765   81098 random_forest.cc:1131] random_forest.cc Training block took: 3.86667 s
I0000 00:00:1777623997.023814   81098 random_forest.cc:1217] EXITING EARLY TO SPEED UP EXPERIMENTS!
-1 (automatic) threads requested. 8 threads set.
Using histogram splitting: Random with 64 bins
----- Run 6/7 -----
WARNING: All log messages before absl::InitializeLog() is called are written to STDERR
I0000 00:00:1777623997.041585   81133 train_oblique_forest.cc:261] Generating trunk synthetic dataset: rows=10000, cols=4096
I0000 00:00:1777623997.453141   81133 train_oblique_forest.cc:391] Configuring oblique splits
I0000 00:00:1777623997.453525   81133 abstract_learner.cc:155] No input feature explicitly specified. Using all the available input features.
I0000 00:00:1777623997.453536   81133 abstract_learner.cc:172] The label "y" was removed from the input feature set.
I0000 00:00:1777623997.454215   81133 random_forest.cc:478] Training random forest on 10000 example(s) and 4096 feature(s).
I0000 00:00:1777623997.454350   81133 gpu.cc:93] Cannot initialize GPU: Not compiled with GPU support
I0000 00:00:1777623997.455455   81133 random_forest.cc:713] num_threads being used: 8
I0000 00:00:1777623998.143507   81140 random_forest.cc:1121] Train tree 1/40 [index:6 total:0.69s tree:0.68s]
I0000 00:00:1777624001.295870   81133 random_forest.cc:1131] random_forest.cc Training block took: 3.84267 s
I0000 00:00:1777624001.295918   81133 random_forest.cc:1217] EXITING EARLY TO SPEED UP EXPERIMENTS!
-1 (automatic) threads requested. 8 threads set.
Using histogram splitting: Random with 64 bins
----- Run 7/7 -----
WARNING: All log messages before absl::InitializeLog() is called are written to STDERR
I0000 00:00:1777624001.313713   81168 train_oblique_forest.cc:261] Generating trunk synthetic dataset: rows=10000, cols=4096
I0000 00:00:1777624001.725176   81168 train_oblique_forest.cc:391] Configuring oblique splits
I0000 00:00:1777624001.725569   81168 abstract_learner.cc:155] No input feature explicitly specified. Using all the available input features.
I0000 00:00:1777624001.725578   81168 abstract_learner.cc:172] The label "y" was removed from the input feature set.
I0000 00:00:1777624001.726252   81168 random_forest.cc:478] Training random forest on 10000 example(s) and 4096 feature(s).
I0000 00:00:1777624001.726393   81168 gpu.cc:93] Cannot initialize GPU: Not compiled with GPU support
I0000 00:00:1777624001.727481   81168 random_forest.cc:713] num_threads being used: 8
I0000 00:00:1777624002.417429   81174 random_forest.cc:1121] Train tree 1/40 [index:6 total:0.69s tree:0.69s]
I0000 00:00:1777624005.525629   81168 random_forest.cc:1131] random_forest.cc Training block took: 3.80039 s
I0000 00:00:1777624005.525677   81168 random_forest.cc:1217] EXITING EARLY TO SPEED UP EXPERIMENTS!
-1 (automatic) threads requested. 8 threads set.
Using histogram splitting: Random with 64 bins
MEDIAN of 7/7 runs: 3.80039 s  (samples: 3.79548 3.78971 3.78488 3.83587 3.86667 3.84267 3.80039)
./bazel-bin/examples/train_oblique_forest --input_mode trunk --rows 20000 --feature_split_type "Oblique" --numerical_split_type "Random" --num_trees=40 --num_threads=-1 --compute_oob_performances=false --histogram_num_bins=64 
----- Run 1/7 -----
WARNING: All log messages before absl::InitializeLog() is called are written to STDERR
I0000 00:00:1777624005.547263   81210 train_oblique_forest.cc:261] Generating trunk synthetic dataset: rows=20000, cols=4096
I0000 00:00:1777624006.369106   81210 train_oblique_forest.cc:391] Configuring oblique splits
I0000 00:00:1777624006.369501   81210 abstract_learner.cc:155] No input feature explicitly specified. Using all the available input features.
I0000 00:00:1777624006.369511   81210 abstract_learner.cc:172] The label "y" was removed from the input feature set.
I0000 00:00:1777624006.370218   81210 random_forest.cc:478] Training random forest on 20000 example(s) and 4096 feature(s).
I0000 00:00:1777624006.370380   81210 gpu.cc:93] Cannot initialize GPU: Not compiled with GPU support
I0000 00:00:1777624006.371476   81210 random_forest.cc:713] num_threads being used: 8
I0000 00:00:1777624007.498185   81216 random_forest.cc:1121] Train tree 1/40 [index:6 total:1.13s tree:1.13s]
I0000 00:00:1777624014.159881   81210 random_forest.cc:1131] random_forest.cc Training block took: 7.79071 s
I0000 00:00:1777624014.159928   81210 random_forest.cc:1217] EXITING EARLY TO SPEED UP EXPERIMENTS!
-1 (automatic) threads requested. 8 threads set.
Using histogram splitting: Random with 64 bins
----- Run 2/7 -----
WARNING: All log messages before absl::InitializeLog() is called are written to STDERR
I0000 00:00:1777624014.186304   81261 train_oblique_forest.cc:261] Generating trunk synthetic dataset: rows=20000, cols=4096
I0000 00:00:1777624015.007953   81261 train_oblique_forest.cc:391] Configuring oblique splits
I0000 00:00:1777624015.008357   81261 abstract_learner.cc:155] No input feature explicitly specified. Using all the available input features.
I0000 00:00:1777624015.008368   81261 abstract_learner.cc:172] The label "y" was removed from the input feature set.
I0000 00:00:1777624015.009049   81261 random_forest.cc:478] Training random forest on 20000 example(s) and 4096 feature(s).
I0000 00:00:1777624015.009215   81261 gpu.cc:93] Cannot initialize GPU: Not compiled with GPU support
I0000 00:00:1777624015.010410   81261 random_forest.cc:713] num_threads being used: 8
I0000 00:00:1777624016.149637   81266 random_forest.cc:1121] Train tree 1/40 [index:6 total:1.14s tree:1.14s]
I0000 00:00:1777624022.817445   81261 random_forest.cc:1131] random_forest.cc Training block took: 7.80942 s
I0000 00:00:1777624022.817493   81261 random_forest.cc:1217] EXITING EARLY TO SPEED UP EXPERIMENTS!
-1 (automatic) threads requested. 8 threads set.
Using histogram splitting: Random with 64 bins
----- Run 3/7 -----
WARNING: All log messages before absl::InitializeLog() is called are written to STDERR
I0000 00:00:1777624022.844137   81312 train_oblique_forest.cc:261] Generating trunk synthetic dataset: rows=20000, cols=4096
I0000 00:00:1777624023.663680   81312 train_oblique_forest.cc:391] Configuring oblique splits
I0000 00:00:1777624023.664086   81312 abstract_learner.cc:155] No input feature explicitly specified. Using all the available input features.
I0000 00:00:1777624023.664096   81312 abstract_learner.cc:172] The label "y" was removed from the input feature set.
I0000 00:00:1777624023.664780   81312 random_forest.cc:478] Training random forest on 20000 example(s) and 4096 feature(s).
I0000 00:00:1777624023.664919   81312 gpu.cc:93] Cannot initialize GPU: Not compiled with GPU support
I0000 00:00:1777624023.666012   81312 random_forest.cc:713] num_threads being used: 8
I0000 00:00:1777624024.799748   81319 random_forest.cc:1121] Train tree 1/40 [index:6 total:1.13s tree:1.13s]
I0000 00:00:1777624031.456015   81312 random_forest.cc:1131] random_forest.cc Training block took: 7.79227 s
I0000 00:00:1777624031.456078   81312 random_forest.cc:1217] EXITING EARLY TO SPEED UP EXPERIMENTS!
-1 (automatic) threads requested. 8 threads set.
Using histogram splitting: Random with 64 bins
----- Run 4/7 -----
WARNING: All log messages before absl::InitializeLog() is called are written to STDERR
I0000 00:00:1777624031.482370   81363 train_oblique_forest.cc:261] Generating trunk synthetic dataset: rows=20000, cols=4096
I0000 00:00:1777624032.302321   81363 train_oblique_forest.cc:391] Configuring oblique splits
I0000 00:00:1777624032.302715   81363 abstract_learner.cc:155] No input feature explicitly specified. Using all the available input features.
I0000 00:00:1777624032.302725   81363 abstract_learner.cc:172] The label "y" was removed from the input feature set.
I0000 00:00:1777624032.303439   81363 random_forest.cc:478] Training random forest on 20000 example(s) and 4096 feature(s).
I0000 00:00:1777624032.303581   81363 gpu.cc:93] Cannot initialize GPU: Not compiled with GPU support
I0000 00:00:1777624032.304683   81363 random_forest.cc:713] num_threads being used: 8
I0000 00:00:1777624033.498560   81369 random_forest.cc:1121] Train tree 1/40 [index:6 total:1.19s tree:1.19s]
I0000 00:00:1777624040.080051   81363 random_forest.cc:1131] random_forest.cc Training block took: 7.77768 s
I0000 00:00:1777624040.080113   81363 random_forest.cc:1217] EXITING EARLY TO SPEED UP EXPERIMENTS!
-1 (automatic) threads requested. 8 threads set.
Using histogram splitting: Random with 64 bins
----- Run 5/7 -----
WARNING: All log messages before absl::InitializeLog() is called are written to STDERR
I0000 00:00:1777624040.107034   81414 train_oblique_forest.cc:261] Generating trunk synthetic dataset: rows=20000, cols=4096
I0000 00:00:1777624040.927938   81414 train_oblique_forest.cc:391] Configuring oblique splits
I0000 00:00:1777624040.928345   81414 abstract_learner.cc:155] No input feature explicitly specified. Using all the available input features.
I0000 00:00:1777624040.928356   81414 abstract_learner.cc:172] The label "y" was removed from the input feature set.
I0000 00:00:1777624040.929040   81414 random_forest.cc:478] Training random forest on 20000 example(s) and 4096 feature(s).
I0000 00:00:1777624040.929203   81414 gpu.cc:93] Cannot initialize GPU: Not compiled with GPU support
I0000 00:00:1777624040.930313   81414 random_forest.cc:713] num_threads being used: 8
I0000 00:00:1777624042.098680   81420 random_forest.cc:1121] Train tree 1/40 [index:6 total:1.17s tree:1.17s]
I0000 00:00:1777624048.665871   81414 random_forest.cc:1131] random_forest.cc Training block took: 7.73787 s
I0000 00:00:1777624048.665918   81414 random_forest.cc:1217] EXITING EARLY TO SPEED UP EXPERIMENTS!
-1 (automatic) threads requested. 8 threads set.
Using histogram splitting: Random with 64 bins
----- Run 6/7 -----
WARNING: All log messages before absl::InitializeLog() is called are written to STDERR
I0000 00:00:1777624048.692683   81465 train_oblique_forest.cc:261] Generating trunk synthetic dataset: rows=20000, cols=4096
I0000 00:00:1777624049.512077   81465 train_oblique_forest.cc:391] Configuring oblique splits
I0000 00:00:1777624049.512479   81465 abstract_learner.cc:155] No input feature explicitly specified. Using all the available input features.
I0000 00:00:1777624049.512490   81465 abstract_learner.cc:172] The label "y" was removed from the input feature set.
I0000 00:00:1777624049.513188   81465 random_forest.cc:478] Training random forest on 20000 example(s) and 4096 feature(s).
I0000 00:00:1777624049.513337   81465 gpu.cc:93] Cannot initialize GPU: Not compiled with GPU support
I0000 00:00:1777624049.514453   81465 random_forest.cc:713] num_threads being used: 8
I0000 00:00:1777624050.657035   81470 random_forest.cc:1121] Train tree 1/40 [index:6 total:1.14s tree:1.14s]
I0000 00:00:1777624057.351308   81465 random_forest.cc:1131] random_forest.cc Training block took: 7.83917 s
I0000 00:00:1777624057.351357   81465 random_forest.cc:1217] EXITING EARLY TO SPEED UP EXPERIMENTS!
-1 (automatic) threads requested. 8 threads set.
Using histogram splitting: Random with 64 bins
----- Run 7/7 -----
WARNING: All log messages before absl::InitializeLog() is called are written to STDERR
I0000 00:00:1777624057.377640   81516 train_oblique_forest.cc:261] Generating trunk synthetic dataset: rows=20000, cols=4096
I0000 00:00:1777624058.198716   81516 train_oblique_forest.cc:391] Configuring oblique splits
I0000 00:00:1777624058.199124   81516 abstract_learner.cc:155] No input feature explicitly specified. Using all the available input features.
I0000 00:00:1777624058.199135   81516 abstract_learner.cc:172] The label "y" was removed from the input feature set.
I0000 00:00:1777624058.199821   81516 random_forest.cc:478] Training random forest on 20000 example(s) and 4096 feature(s).
I0000 00:00:1777624058.199963   81516 gpu.cc:93] Cannot initialize GPU: Not compiled with GPU support
I0000 00:00:1777624058.201076   81516 random_forest.cc:713] num_threads being used: 8
I0000 00:00:1777624059.391352   81523 random_forest.cc:1121] Train tree 1/40 [index:6 total:1.19s tree:1.19s]
I0000 00:00:1777624065.986571   81516 random_forest.cc:1131] random_forest.cc Training block took: 7.78779 s
I0000 00:00:1777624065.986620   81516 random_forest.cc:1217] EXITING EARLY TO SPEED UP EXPERIMENTS!
-1 (automatic) threads requested. 8 threads set.
Using histogram splitting: Random with 64 bins
MEDIAN of 7/7 runs: 7.79071 s  (samples: 7.79071 7.80942 7.79227 7.77768 7.73787 7.83917 7.78779)
./bazel-bin/examples/train_oblique_forest --input_mode trunk --rows 40000 --feature_split_type "Oblique" --numerical_split_type "Random" --num_trees=40 --num_threads=-1 --compute_oob_performances=false --histogram_num_bins=64 
----- Run 1/7 -----
WARNING: All log messages before absl::InitializeLog() is called are written to STDERR
I0000 00:00:1777624066.017150   81574 train_oblique_forest.cc:261] Generating trunk synthetic dataset: rows=40000, cols=4096
I0000 00:00:1777624067.668165   81574 train_oblique_forest.cc:391] Configuring oblique splits
I0000 00:00:1777624067.668556   81574 abstract_learner.cc:155] No input feature explicitly specified. Using all the available input features.
I0000 00:00:1777624067.668567   81574 abstract_learner.cc:172] The label "y" was removed from the input feature set.
I0000 00:00:1777624067.669252   81574 random_forest.cc:478] Training random forest on 40000 example(s) and 4096 feature(s).
I0000 00:00:1777624067.669400   81574 gpu.cc:93] Cannot initialize GPU: Not compiled with GPU support
I0000 00:00:1777624067.670499   81574 random_forest.cc:713] num_threads being used: 8
I0000 00:00:1777624070.561572   81587 random_forest.cc:1121] Train tree 1/40 [index:3 total:2.89s tree:2.89s]
I0000 00:00:1777624083.684231   81574 random_forest.cc:1131] random_forest.cc Training block took: 16.016 s
I0000 00:00:1777624083.684281   81574 random_forest.cc:1217] EXITING EARLY TO SPEED UP EXPERIMENTS!
-1 (automatic) threads requested. 8 threads set.
Using histogram splitting: Random with 64 bins
----- Run 2/7 -----
WARNING: All log messages before absl::InitializeLog() is called are written to STDERR
I0000 00:00:1777624083.723811   81657 train_oblique_forest.cc:261] Generating trunk synthetic dataset: rows=40000, cols=4096
I0000 00:00:1777624085.373931   81657 train_oblique_forest.cc:391] Configuring oblique splits
I0000 00:00:1777624085.374316   81657 abstract_learner.cc:155] No input feature explicitly specified. Using all the available input features.
I0000 00:00:1777624085.374326   81657 abstract_learner.cc:172] The label "y" was removed from the input feature set.
I0000 00:00:1777624085.374996   81657 random_forest.cc:478] Training random forest on 40000 example(s) and 4096 feature(s).
I0000 00:00:1777624085.375171   81657 gpu.cc:93] Cannot initialize GPU: Not compiled with GPU support
I0000 00:00:1777624085.376271   81657 random_forest.cc:713] num_threads being used: 8
I0000 00:00:1777624088.244371   81667 random_forest.cc:1121] Train tree 1/40 [index:4 total:2.87s tree:2.87s]
I0000 00:00:1777624101.277953   81657 random_forest.cc:1131] random_forest.cc Training block took: 15.904 s
I0000 00:00:1777624101.278005   81657 random_forest.cc:1217] EXITING EARLY TO SPEED UP EXPERIMENTS!
-1 (automatic) threads requested. 8 threads set.
Using histogram splitting: Random with 64 bins
----- Run 3/7 -----
WARNING: All log messages before absl::InitializeLog() is called are written to STDERR
I0000 00:00:1777624101.317995   81740 train_oblique_forest.cc:261] Generating trunk synthetic dataset: rows=40000, cols=4096
I0000 00:00:1777624102.968747   81740 train_oblique_forest.cc:391] Configuring oblique splits
I0000 00:00:1777624102.969156   81740 abstract_learner.cc:155] No input feature explicitly specified. Using all the available input features.
I0000 00:00:1777624102.969166   81740 abstract_learner.cc:172] The label "y" was removed from the input feature set.
I0000 00:00:1777624102.969862   81740 random_forest.cc:478] Training random forest on 40000 example(s) and 4096 feature(s).
I0000 00:00:1777624102.970022   81740 gpu.cc:93] Cannot initialize GPU: Not compiled with GPU support
I0000 00:00:1777624102.971120   81740 random_forest.cc:713] num_threads being used: 8
I0000 00:00:1777624105.832517   81753 random_forest.cc:1121] Train tree 1/40 [index:4 total:2.86s tree:2.86s]
I0000 00:00:1777624119.070836   81740 random_forest.cc:1131] random_forest.cc Training block took: 16.102 s
I0000 00:00:1777624119.070878   81740 random_forest.cc:1217] EXITING EARLY TO SPEED UP EXPERIMENTS!
-1 (automatic) threads requested. 8 threads set.
Using histogram splitting: Random with 64 bins
----- Run 4/7 -----
WARNING: All log messages before absl::InitializeLog() is called are written to STDERR
I0000 00:00:1777624119.110176   81831 train_oblique_forest.cc:261] Generating trunk synthetic dataset: rows=40000, cols=4096
I0000 00:00:1777624120.759742   81831 train_oblique_forest.cc:391] Configuring oblique splits
I0000 00:00:1777624120.760147   81831 abstract_learner.cc:155] No input feature explicitly specified. Using all the available input features.
I0000 00:00:1777624120.760164   81831 abstract_learner.cc:172] The label "y" was removed from the input feature set.
I0000 00:00:1777624120.760839   81831 random_forest.cc:478] Training random forest on 40000 example(s) and 4096 feature(s).
I0000 00:00:1777624120.760991   81831 gpu.cc:93] Cannot initialize GPU: Not compiled with GPU support
I0000 00:00:1777624120.762111   81831 random_forest.cc:713] num_threads being used: 8
I0000 00:00:1777624123.677685   81834 random_forest.cc:1121] Train tree 1/40 [index:3 total:2.92s tree:2.92s]
I0000 00:00:1777624136.877283   81831 random_forest.cc:1131] random_forest.cc Training block took: 16.1175 s
I0000 00:00:1777624136.877335   81831 random_forest.cc:1217] EXITING EARLY TO SPEED UP EXPERIMENTS!
-1 (automatic) threads requested. 8 threads set.
Using histogram splitting: Random with 64 bins
----- Run 5/7 -----
WARNING: All log messages before absl::InitializeLog() is called are written to STDERR
I0000 00:00:1777624136.915720   81914 train_oblique_forest.cc:261] Generating trunk synthetic dataset: rows=40000, cols=4096
I0000 00:00:1777624138.567416   81914 train_oblique_forest.cc:391] Configuring oblique splits
I0000 00:00:1777624138.567802   81914 abstract_learner.cc:155] No input feature explicitly specified. Using all the available input features.
I0000 00:00:1777624138.567813   81914 abstract_learner.cc:172] The label "y" was removed from the input feature set.
I0000 00:00:1777624138.568494   81914 random_forest.cc:478] Training random forest on 40000 example(s) and 4096 feature(s).
I0000 00:00:1777624138.568637   81914 gpu.cc:93] Cannot initialize GPU: Not compiled with GPU support
I0000 00:00:1777624138.569744   81914 random_forest.cc:713] num_threads being used: 8
I0000 00:00:1777624141.446210   81925 random_forest.cc:1121] Train tree 1/40 [index:4 total:2.88s tree:2.88s]
I0000 00:00:1777624154.508209   81914 random_forest.cc:1131] random_forest.cc Training block took: 15.9407 s
I0000 00:00:1777624154.508260   81914 random_forest.cc:1217] EXITING EARLY TO SPEED UP EXPERIMENTS!
-1 (automatic) threads requested. 8 threads set.
Using histogram splitting: Random with 64 bins
----- Run 6/7 -----
WARNING: All log messages before absl::InitializeLog() is called are written to STDERR
I0000 00:00:1777624154.547789   81997 train_oblique_forest.cc:261] Generating trunk synthetic dataset: rows=40000, cols=4096
I0000 00:00:1777624156.197402   81997 train_oblique_forest.cc:391] Configuring oblique splits
I0000 00:00:1777624156.197790   81997 abstract_learner.cc:155] No input feature explicitly specified. Using all the available input features.
I0000 00:00:1777624156.197801   81997 abstract_learner.cc:172] The label "y" was removed from the input feature set.
I0000 00:00:1777624156.198492   81997 random_forest.cc:478] Training random forest on 40000 example(s) and 4096 feature(s).
I0000 00:00:1777624156.198646   81997 gpu.cc:93] Cannot initialize GPU: Not compiled with GPU support
I0000 00:00:1777624156.199739   81997 random_forest.cc:713] num_threads being used: 8
I0000 00:00:1777624159.068971   82007 random_forest.cc:1121] Train tree 1/40 [index:4 total:2.87s tree:2.87s]
I0000 00:00:1777624172.103908   81997 random_forest.cc:1131] random_forest.cc Training block took: 15.9064 s
I0000 00:00:1777624172.103957   81997 random_forest.cc:1217] EXITING EARLY TO SPEED UP EXPERIMENTS!
-1 (automatic) threads requested. 8 threads set.
Using histogram splitting: Random with 64 bins
----- Run 7/7 -----
WARNING: All log messages before absl::InitializeLog() is called are written to STDERR
I0000 00:00:1777624172.144391   82080 train_oblique_forest.cc:261] Generating trunk synthetic dataset: rows=40000, cols=4096
I0000 00:00:1777624173.794420   82080 train_oblique_forest.cc:391] Configuring oblique splits
I0000 00:00:1777624173.794805   82080 abstract_learner.cc:155] No input feature explicitly specified. Using all the available input features.
I0000 00:00:1777624173.794816   82080 abstract_learner.cc:172] The label "y" was removed from the input feature set.
I0000 00:00:1777624173.795511   82080 random_forest.cc:478] Training random forest on 40000 example(s) and 4096 feature(s).
I0000 00:00:1777624173.795670   82080 gpu.cc:93] Cannot initialize GPU: Not compiled with GPU support
I0000 00:00:1777624173.796761   82080 random_forest.cc:713] num_threads being used: 8
I0000 00:00:1777624176.665872   82090 random_forest.cc:1121] Train tree 1/40 [index:4 total:2.87s tree:2.87s]
I0000 00:00:1777624189.722869   82080 random_forest.cc:1131] random_forest.cc Training block took: 15.9284 s
I0000 00:00:1777624189.722922   82080 random_forest.cc:1217] EXITING EARLY TO SPEED UP EXPERIMENTS!
-1 (automatic) threads requested. 8 threads set.
Using histogram splitting: Random with 64 bins
MEDIAN of 7/7 runs: 15.9407 s  (samples: 16.016 15.904 16.102 16.1175 15.9407 15.9064 15.9284)
./bazel-bin/examples/train_oblique_forest --input_mode trunk --rows 80000 --feature_split_type "Oblique" --numerical_split_type "Random" --num_trees=40 --num_threads=-1 --compute_oob_performances=false --histogram_num_bins=64 
----- Run 1/7 -----
WARNING: All log messages before absl::InitializeLog() is called are written to STDERR
I0000 00:00:1777624189.765171   82170 train_oblique_forest.cc:261] Generating trunk synthetic dataset: rows=80000, cols=4096
I0000 00:00:1777624193.052363   82170 train_oblique_forest.cc:391] Configuring oblique splits
I0000 00:00:1777624193.052760   82170 abstract_learner.cc:155] No input feature explicitly specified. Using all the available input features.
I0000 00:00:1777624193.052771   82170 abstract_learner.cc:172] The label "y" was removed from the input feature set.
I0000 00:00:1777624193.053461   82170 random_forest.cc:478] Training random forest on 80000 example(s) and 4096 feature(s).
I0000 00:00:1777624193.053621   82170 gpu.cc:93] Cannot initialize GPU: Not compiled with GPU support
I0000 00:00:1777624193.054702   82170 random_forest.cc:713] num_threads being used: 8
I0000 00:00:1777624199.162692   82192 random_forest.cc:1121] Train tree 1/40 [index:6 total:6.11s tree:6.11s]
I0000 00:00:1777624224.605955   82188 random_forest.cc:1121] Train tree 33/40 [index:32 total:31.55s tree:6.44s]
I0000 00:00:1777624225.446893   82170 random_forest.cc:1131] random_forest.cc Training block took: 32.3945 s
I0000 00:00:1777624225.446944   82170 random_forest.cc:1217] EXITING EARLY TO SPEED UP EXPERIMENTS!
-1 (automatic) threads requested. 8 threads set.
Using histogram splitting: Random with 64 bins
----- Run 2/7 -----
WARNING: All log messages before absl::InitializeLog() is called are written to STDERR
I0000 00:00:1777624225.508627   82330 train_oblique_forest.cc:261] Generating trunk synthetic dataset: rows=80000, cols=4096
I0000 00:00:1777624228.797230   82330 train_oblique_forest.cc:391] Configuring oblique splits
I0000 00:00:1777624228.797624   82330 abstract_learner.cc:155] No input feature explicitly specified. Using all the available input features.
I0000 00:00:1777624228.797635   82330 abstract_learner.cc:172] The label "y" was removed from the input feature set.
I0000 00:00:1777624228.798317   82330 random_forest.cc:478] Training random forest on 80000 example(s) and 4096 feature(s).
I0000 00:00:1777624228.798464   82330 gpu.cc:93] Cannot initialize GPU: Not compiled with GPU support
I0000 00:00:1777624228.799549   82330 random_forest.cc:713] num_threads being used: 8
I0000 00:00:1777624234.916013   82353 random_forest.cc:1121] Train tree 1/40 [index:6 total:6.12s tree:6.12s]
I0000 00:00:1777624260.361679   82350 random_forest.cc:1121] Train tree 33/40 [index:33 total:31.56s tree:6.38s]
I0000 00:00:1777624261.119108   82330 random_forest.cc:1131] random_forest.cc Training block took: 32.3218 s
I0000 00:00:1777624261.119153   82330 random_forest.cc:1217] EXITING EARLY TO SPEED UP EXPERIMENTS!
-1 (automatic) threads requested. 8 threads set.
Using histogram splitting: Random with 64 bins
----- Run 3/7 -----
WARNING: All log messages before absl::InitializeLog() is called are written to STDERR
I0000 00:00:1777624261.180760   82485 train_oblique_forest.cc:261] Generating trunk synthetic dataset: rows=80000, cols=4096
I0000 00:00:1777624264.468853   82485 train_oblique_forest.cc:391] Configuring oblique splits
I0000 00:00:1777624264.469265   82485 abstract_learner.cc:155] No input feature explicitly specified. Using all the available input features.
I0000 00:00:1777624264.469276   82485 abstract_learner.cc:172] The label "y" was removed from the input feature set.
I0000 00:00:1777624264.469956   82485 random_forest.cc:478] Training random forest on 80000 example(s) and 4096 feature(s).
I0000 00:00:1777624264.470131   82485 gpu.cc:93] Cannot initialize GPU: Not compiled with GPU support
I0000 00:00:1777624264.471212   82485 random_forest.cc:713] num_threads being used: 8
I0000 00:00:1777624270.655733   82499 random_forest.cc:1121] Train tree 1/40 [index:6 total:6.18s tree:6.18s]
I0000 00:00:1777624296.017043   82497 random_forest.cc:1121] Train tree 33/40 [index:32 total:31.55s tree:6.40s]
I0000 00:00:1777624296.890923   82485 random_forest.cc:1131] random_forest.cc Training block took: 32.422 s
I0000 00:00:1777624296.890976   82485 random_forest.cc:1217] EXITING EARLY TO SPEED UP EXPERIMENTS!
-1 (automatic) threads requested. 8 threads set.
Using histogram splitting: Random with 64 bins
----- Run 4/7 -----
WARNING: All log messages before absl::InitializeLog() is called are written to STDERR
I0000 00:00:1777624296.952664   82632 train_oblique_forest.cc:261] Generating trunk synthetic dataset: rows=80000, cols=4096
I0000 00:00:1777624300.241640   82632 train_oblique_forest.cc:391] Configuring oblique splits
I0000 00:00:1777624300.242048   82632 abstract_learner.cc:155] No input feature explicitly specified. Using all the available input features.
I0000 00:00:1777624300.242075   82632 abstract_learner.cc:172] The label "y" was removed from the input feature set.
I0000 00:00:1777624300.242749   82632 random_forest.cc:478] Training random forest on 80000 example(s) and 4096 feature(s).
I0000 00:00:1777624300.242896   82632 gpu.cc:93] Cannot initialize GPU: Not compiled with GPU support
I0000 00:00:1777624300.243971   82632 random_forest.cc:713] num_threads being used: 8
I0000 00:00:1777624306.459728   82654 random_forest.cc:1121] Train tree 1/40 [index:6 total:6.22s tree:6.22s]
I0000 00:00:1777624331.847439   82653 random_forest.cc:1121] Train tree 33/40 [index:33 total:31.60s tree:6.32s]
I0000 00:00:1777624332.548922   82632 random_forest.cc:1131] random_forest.cc Training block took: 32.3072 s
I0000 00:00:1777624332.548971   82632 random_forest.cc:1217] EXITING EARLY TO SPEED UP EXPERIMENTS!
-1 (automatic) threads requested. 8 threads set.
Using histogram splitting: Random with 64 bins
----- Run 5/7 -----
WARNING: All log messages before absl::InitializeLog() is called are written to STDERR
I0000 00:00:1777624332.610628   82787 train_oblique_forest.cc:261] Generating trunk synthetic dataset: rows=80000, cols=4096
I0000 00:00:1777624335.901248   82787 train_oblique_forest.cc:391] Configuring oblique splits
I0000 00:00:1777624335.901657   82787 abstract_learner.cc:155] No input feature explicitly specified. Using all the available input features.
I0000 00:00:1777624335.901667   82787 abstract_learner.cc:172] The label "y" was removed from the input feature set.
I0000 00:00:1777624335.902363   82787 random_forest.cc:478] Training random forest on 80000 example(s) and 4096 feature(s).
I0000 00:00:1777624335.902521   82787 gpu.cc:93] Cannot initialize GPU: Not compiled with GPU support
I0000 00:00:1777624335.903617   82787 random_forest.cc:713] num_threads being used: 8
I0000 00:00:1777624342.068837   82801 random_forest.cc:1121] Train tree 1/40 [index:6 total:6.17s tree:6.16s]
I0000 00:00:1777624367.462912   82796 random_forest.cc:1121] Train tree 33/40 [index:33 total:31.56s tree:6.34s]
I0000 00:00:1777624368.258537   82787 random_forest.cc:1131] random_forest.cc Training block took: 32.3572 s
I0000 00:00:1777624368.258580   82787 random_forest.cc:1217] EXITING EARLY TO SPEED UP EXPERIMENTS!
-1 (automatic) threads requested. 8 threads set.
Using histogram splitting: Random with 64 bins
----- Run 6/7 -----
WARNING: All log messages before absl::InitializeLog() is called are written to STDERR
I0000 00:00:1777624368.321039   82934 train_oblique_forest.cc:261] Generating trunk synthetic dataset: rows=80000, cols=4096
I0000 00:00:1777624371.611206   82934 train_oblique_forest.cc:391] Configuring oblique splits
I0000 00:00:1777624371.611602   82934 abstract_learner.cc:155] No input feature explicitly specified. Using all the available input features.
I0000 00:00:1777624371.611613   82934 abstract_learner.cc:172] The label "y" was removed from the input feature set.
I0000 00:00:1777624371.612306   82934 random_forest.cc:478] Training random forest on 80000 example(s) and 4096 feature(s).
I0000 00:00:1777624371.612458   82934 gpu.cc:93] Cannot initialize GPU: Not compiled with GPU support
I0000 00:00:1777624371.613553   82934 random_forest.cc:713] num_threads being used: 8
I0000 00:00:1777624377.810563   82951 random_forest.cc:1121] Train tree 1/40 [index:2 total:6.20s tree:6.20s]
I0000 00:00:1777624403.217435   82951 random_forest.cc:1121] Train tree 33/40 [index:33 total:31.60s tree:6.26s]
I0000 00:00:1777624403.978996   82934 random_forest.cc:1131] random_forest.cc Training block took: 32.3677 s
I0000 00:00:1777624403.979042   82934 random_forest.cc:1217] EXITING EARLY TO SPEED UP EXPERIMENTS!
-1 (automatic) threads requested. 8 threads set.
Using histogram splitting: Random with 64 bins
----- Run 7/7 -----
WARNING: All log messages before absl::InitializeLog() is called are written to STDERR
I0000 00:00:1777624404.040725   83089 train_oblique_forest.cc:261] Generating trunk synthetic dataset: rows=80000, cols=4096
I0000 00:00:1777624407.328596   83089 train_oblique_forest.cc:391] Configuring oblique splits
I0000 00:00:1777624407.328980   83089 abstract_learner.cc:155] No input feature explicitly specified. Using all the available input features.
I0000 00:00:1777624407.328991   83089 abstract_learner.cc:172] The label "y" was removed from the input feature set.
I0000 00:00:1777624407.329677   83089 random_forest.cc:478] Training random forest on 80000 example(s) and 4096 feature(s).
I0000 00:00:1777624407.329822   83089 gpu.cc:93] Cannot initialize GPU: Not compiled with GPU support
I0000 00:00:1777624407.330900   83089 random_forest.cc:713] num_threads being used: 8
I0000 00:00:1777624413.432788   83111 random_forest.cc:1121] Train tree 1/40 [index:6 total:6.10s tree:6.10s]
I0000 00:00:1777624438.841358   83107 random_forest.cc:1121] Train tree 33/40 [index:33 total:31.51s tree:6.27s]
I0000 00:00:1777624439.707132   83089 random_forest.cc:1131] random_forest.cc Training block took: 32.3785 s
I0000 00:00:1777624439.707175   83089 random_forest.cc:1217] EXITING EARLY TO SPEED UP EXPERIMENTS!
-1 (automatic) threads requested. 8 threads set.
Using histogram splitting: Random with 64 bins
MEDIAN of 7/7 runs: 32.3677 s  (samples: 32.3945 32.3218 32.422 32.3072 32.3572 32.3677 32.3785)
./bazel-bin/examples/train_oblique_forest --input_mode trunk --rows 100000 --feature_split_type "Oblique" --numerical_split_type "Random" --num_trees=40 --num_threads=-1 --compute_oob_performances=false --histogram_num_bins=64 
----- Run 1/7 -----
WARNING: All log messages before absl::InitializeLog() is called are written to STDERR
I0000 00:00:1777624439.772453   83252 train_oblique_forest.cc:261] Generating trunk synthetic dataset: rows=100000, cols=4096
I0000 00:00:1777624443.879692   83252 train_oblique_forest.cc:391] Configuring oblique splits
I0000 00:00:1777624443.880096   83252 abstract_learner.cc:155] No input feature explicitly specified. Using all the available input features.
I0000 00:00:1777624443.880106   83252 abstract_learner.cc:172] The label "y" was removed from the input feature set.
I0000 00:00:1777624443.880766   83252 random_forest.cc:478] Training random forest on 100000 example(s) and 4096 feature(s).
I0000 00:00:1777624443.880909   83252 gpu.cc:93] Cannot initialize GPU: Not compiled with GPU support
I0000 00:00:1777624443.881984   83252 random_forest.cc:713] num_threads being used: 8
I0000 00:00:1777624451.482337   83270 random_forest.cc:1121] Train tree 1/40 [index:2 total:7.60s tree:7.60s]
I0000 00:00:1777624473.523073   83269 random_forest.cc:1121] Train tree 25/40 [index:25 total:29.64s tree:6.41s]
I0000 00:00:1777624484.404997   83252 random_forest.cc:1131] random_forest.cc Training block took: 40.5252 s
I0000 00:00:1777624484.405051   83252 random_forest.cc:1217] EXITING EARLY TO SPEED UP EXPERIMENTS!
-1 (automatic) threads requested. 8 threads set.
Using histogram splitting: Random with 64 bins
----- Run 2/7 -----
WARNING: All log messages before absl::InitializeLog() is called are written to STDERR
I0000 00:00:1777624484.476122   83431 train_oblique_forest.cc:261] Generating trunk synthetic dataset: rows=100000, cols=4096
I0000 00:00:1777624488.581552   83431 train_oblique_forest.cc:391] Configuring oblique splits
I0000 00:00:1777624488.581939   83431 abstract_learner.cc:155] No input feature explicitly specified. Using all the available input features.
I0000 00:00:1777624488.581950   83431 abstract_learner.cc:172] The label "y" was removed from the input feature set.
I0000 00:00:1777624488.582638   83431 random_forest.cc:478] Training random forest on 100000 example(s) and 4096 feature(s).
I0000 00:00:1777624488.582802   83431 gpu.cc:93] Cannot initialize GPU: Not compiled with GPU support
I0000 00:00:1777624488.583906   83431 random_forest.cc:713] num_threads being used: 8
I0000 00:00:1777624496.142541   83448 random_forest.cc:1121] Train tree 1/40 [index:2 total:7.56s tree:7.56s]
I0000 00:00:1777624518.204995   83454 random_forest.cc:1121] Train tree 25/40 [index:25 total:29.62s tree:6.45s]
I0000 00:00:1777624529.450116   83431 random_forest.cc:1131] random_forest.cc Training block took: 40.8685 s
I0000 00:00:1777624529.450168   83431 random_forest.cc:1217] EXITING EARLY TO SPEED UP EXPERIMENTS!
-1 (automatic) threads requested. 8 threads set.
Using histogram splitting: Random with 64 bins
----- Run 3/7 -----
WARNING: All log messages before absl::InitializeLog() is called are written to STDERR
I0000 00:00:1777624529.521156   83623 train_oblique_forest.cc:261] Generating trunk synthetic dataset: rows=100000, cols=4096
I0000 00:00:1777624533.622986   83623 train_oblique_forest.cc:391] Configuring oblique splits
I0000 00:00:1777624533.623380   83623 abstract_learner.cc:155] No input feature explicitly specified. Using all the available input features.
I0000 00:00:1777624533.623391   83623 abstract_learner.cc:172] The label "y" was removed from the input feature set.
I0000 00:00:1777624533.624078   83623 random_forest.cc:478] Training random forest on 100000 example(s) and 4096 feature(s).
I0000 00:00:1777624533.624238   83623 gpu.cc:93] Cannot initialize GPU: Not compiled with GPU support
I0000 00:00:1777624533.625334   83623 random_forest.cc:713] num_threads being used: 8
I0000 00:00:1777624541.315774   83641 random_forest.cc:1121] Train tree 1/40 [index:2 total:7.69s tree:7.69s]
I0000 00:00:1777624563.303303   83644 random_forest.cc:1121] Train tree 25/40 [index:25 total:29.68s tree:6.41s]
I0000 00:00:1777624574.198811   83623 random_forest.cc:1131] random_forest.cc Training block took: 40.5757 s
I0000 00:00:1777624574.198861   83623 random_forest.cc:1217] EXITING EARLY TO SPEED UP EXPERIMENTS!
-1 (automatic) threads requested. 8 threads set.
Using histogram splitting: Random with 64 bins
----- Run 4/7 -----
WARNING: All log messages before absl::InitializeLog() is called are written to STDERR
I0000 00:00:1777624574.269761   83810 train_oblique_forest.cc:261] Generating trunk synthetic dataset: rows=100000, cols=4096
I0000 00:00:1777624578.374298   83810 train_oblique_forest.cc:391] Configuring oblique splits
I0000 00:00:1777624578.374688   83810 abstract_learner.cc:155] No input feature explicitly specified. Using all the available input features.
I0000 00:00:1777624578.374699   83810 abstract_learner.cc:172] The label "y" was removed from the input feature set.
I0000 00:00:1777624578.375387   83810 random_forest.cc:478] Training random forest on 100000 example(s) and 4096 feature(s).
I0000 00:00:1777624578.375537   83810 gpu.cc:93] Cannot initialize GPU: Not compiled with GPU support
I0000 00:00:1777624578.376641   83810 random_forest.cc:713] num_threads being used: 8
I0000 00:00:1777624585.971933   83828 random_forest.cc:1121] Train tree 1/40 [index:2 total:7.60s tree:7.60s]
I0000 00:00:1777624608.079474   83834 random_forest.cc:1121] Train tree 25/40 [index:25 total:29.70s tree:6.41s]
I0000 00:00:1777624619.000656   83810 random_forest.cc:1131] random_forest.cc Training block took: 40.6263 s
I0000 00:00:1777624619.000709   83810 random_forest.cc:1217] EXITING EARLY TO SPEED UP EXPERIMENTS!
-1 (automatic) threads requested. 8 threads set.
Using histogram splitting: Random with 64 bins
----- Run 5/7 -----
WARNING: All log messages before absl::InitializeLog() is called are written to STDERR
I0000 00:00:1777624619.071990   83997 train_oblique_forest.cc:261] Generating trunk synthetic dataset: rows=100000, cols=4096
I0000 00:00:1777624623.176187   83997 train_oblique_forest.cc:391] Configuring oblique splits
I0000 00:00:1777624623.176588   83997 abstract_learner.cc:155] No input feature explicitly specified. Using all the available input features.
I0000 00:00:1777624623.176599   83997 abstract_learner.cc:172] The label "y" was removed from the input feature set.
I0000 00:00:1777624623.177287   83997 random_forest.cc:478] Training random forest on 100000 example(s) and 4096 feature(s).
I0000 00:00:1777624623.177439   83997 gpu.cc:93] Cannot initialize GPU: Not compiled with GPU support
I0000 00:00:1777624623.178541   83997 random_forest.cc:713] num_threads being used: 8
I0000 00:00:1777624630.727462   84017 random_forest.cc:1121] Train tree 1/40 [index:2 total:7.55s tree:7.55s]
I0000 00:00:1777624652.775514   84021 random_forest.cc:1121] Train tree 25/40 [index:25 total:29.60s tree:6.41s]
I0000 00:00:1777624663.643884   83997 random_forest.cc:1131] random_forest.cc Training block took: 40.4676 s
I0000 00:00:1777624663.643935   83997 random_forest.cc:1217] EXITING EARLY TO SPEED UP EXPERIMENTS!
-1 (automatic) threads requested. 8 threads set.
Using histogram splitting: Random with 64 bins
----- Run 6/7 -----
WARNING: All log messages before absl::InitializeLog() is called are written to STDERR
I0000 00:00:1777624663.715219   84184 train_oblique_forest.cc:261] Generating trunk synthetic dataset: rows=100000, cols=4096
I0000 00:00:1777624667.818528   84184 train_oblique_forest.cc:391] Configuring oblique splits
I0000 00:00:1777624667.818908   84184 abstract_learner.cc:155] No input feature explicitly specified. Using all the available input features.
I0000 00:00:1777624667.818918   84184 abstract_learner.cc:172] The label "y" was removed from the input feature set.
I0000 00:00:1777624667.819590   84184 random_forest.cc:478] Training random forest on 100000 example(s) and 4096 feature(s).
I0000 00:00:1777624667.819741   84184 gpu.cc:93] Cannot initialize GPU: Not compiled with GPU support
I0000 00:00:1777624667.820798   84184 random_forest.cc:713] num_threads being used: 8
I0000 00:00:1777624675.383259   84201 random_forest.cc:1121] Train tree 1/40 [index:2 total:7.56s tree:7.56s]
I0000 00:00:1777624697.553752   84207 random_forest.cc:1121] Train tree 25/40 [index:25 total:29.73s tree:6.35s]
I0000 00:00:1777624708.362863   84184 random_forest.cc:1131] random_forest.cc Training block took: 40.5443 s
I0000 00:00:1777624708.362903   84184 random_forest.cc:1217] EXITING EARLY TO SPEED UP EXPERIMENTS!
-1 (automatic) threads requested. 8 threads set.
Using histogram splitting: Random with 64 bins
----- Run 7/7 -----
WARNING: All log messages before absl::InitializeLog() is called are written to STDERR
I0000 00:00:1777624708.434697   84371 train_oblique_forest.cc:261] Generating trunk synthetic dataset: rows=100000, cols=4096
I0000 00:00:1777624712.539260   84371 train_oblique_forest.cc:391] Configuring oblique splits
I0000 00:00:1777624712.539653   84371 abstract_learner.cc:155] No input feature explicitly specified. Using all the available input features.
I0000 00:00:1777624712.539664   84371 abstract_learner.cc:172] The label "y" was removed from the input feature set.
I0000 00:00:1777624712.540341   84371 random_forest.cc:478] Training random forest on 100000 example(s) and 4096 feature(s).
I0000 00:00:1777624712.540491   84371 gpu.cc:93] Cannot initialize GPU: Not compiled with GPU support
I0000 00:00:1777624712.541591   84371 random_forest.cc:713] num_threads being used: 8
I0000 00:00:1777624720.040389   84390 random_forest.cc:1121] Train tree 1/40 [index:2 total:7.50s tree:7.50s]
I0000 00:00:1777624742.185381   84393 random_forest.cc:1121] Train tree 25/40 [index:25 total:29.64s tree:6.37s]
I0000 00:00:1777624753.363910   84371 random_forest.cc:1131] random_forest.cc Training block took: 40.8246 s
I0000 00:00:1777624753.363953   84371 random_forest.cc:1217] EXITING EARLY TO SPEED UP EXPERIMENTS!
-1 (automatic) threads requested. 8 threads set.
Using histogram splitting: Random with 64 bins
MEDIAN of 7/7 runs: 40.5757 s  (samples: 40.5252 40.8685 40.5757 40.6263 40.4676 40.5443 40.8246)
./bazel-bin/examples/train_oblique_forest --input_mode trunk --rows 1000000 --feature_split_type "Oblique" --numerical_split_type "Random" --num_trees=40 --num_threads=-1 --compute_oob_performances=false --histogram_num_bins=64 
----- Run 1/7 -----
WARNING: All log messages before absl::InitializeLog() is called are written to STDERR
I0000 00:00:1777624753.438538   84565 train_oblique_forest.cc:261] Generating trunk synthetic dataset: rows=1000000, cols=4096
I0000 00:00:1777624794.378009   84565 train_oblique_forest.cc:391] Configuring oblique splits
I0000 00:00:1777624794.378423   84565 abstract_learner.cc:155] No input feature explicitly specified. Using all the available input features.
I0000 00:00:1777624794.378433   84565 abstract_learner.cc:172] The label "y" was removed from the input feature set.
I0000 00:00:1777624794.379125   84565 random_forest.cc:478] Training random forest on 1000000 example(s) and 4096 feature(s).
I0000 00:00:1777624794.379279   84565 gpu.cc:93] Cannot initialize GPU: Not compiled with GPU support
I0000 00:00:1777624794.380349   84565 random_forest.cc:713] num_threads being used: 8
I0000 00:00:1777624877.763308   84725 random_forest.cc:1121] Train tree 1/40 [index:0 total:1m23.38s tree:1m23.38s]
I0000 00:00:1777624962.036727   84723 random_forest.cc:1121] Train tree 9/40 [index:14 total:2m47.66s tree:1m20.41s]
I0000 00:00:1777625046.655638   84723 random_forest.cc:1121] Train tree 17/40 [index:16 total:4m12.28s tree:1m24.62s]
I0000 00:00:1777625132.760214   84723 random_forest.cc:1121] Train tree 25/40 [index:24 total:5m38.38s tree:1m26.10s]
I0000 00:00:1777625219.460305   84721 random_forest.cc:1121] Train tree 33/40 [index:36 total:7m5.08s tree:1m19.82s]
I0000 00:00:1777625231.004587   84565 random_forest.cc:1131] random_forest.cc Training block took: 436.627 s
I0000 00:00:1777625231.004640   84565 random_forest.cc:1217] EXITING EARLY TO SPEED UP EXPERIMENTS!
-1 (automatic) threads requested. 8 threads set.
Using histogram splitting: Random with 64 bins
----- Run 2/7 -----
WARNING: All log messages before absl::InitializeLog() is called are written to STDERR
I0000 00:00:1777625231.549464   86378 train_oblique_forest.cc:261] Generating trunk synthetic dataset: rows=1000000, cols=4096
I0000 00:00:1777625272.491919   86378 train_oblique_forest.cc:391] Configuring oblique splits
I0000 00:00:1777625272.492335   86378 abstract_learner.cc:155] No input feature explicitly specified. Using all the available input features.
I0000 00:00:1777625272.492345   86378 abstract_learner.cc:172] The label "y" was removed from the input feature set.
I0000 00:00:1777625272.493024   86378 random_forest.cc:478] Training random forest on 1000000 example(s) and 4096 feature(s).
I0000 00:00:1777625272.493210   86378 gpu.cc:93] Cannot initialize GPU: Not compiled with GPU support
I0000 00:00:1777625272.494312   86378 random_forest.cc:713] num_threads being used: 8
I0000 00:00:1777625356.141454   86538 random_forest.cc:1121] Train tree 1/40 [index:0 total:1m23.65s tree:1m23.65s]
I0000 00:00:1777625440.649082   86537 random_forest.cc:1121] Train tree 9/40 [index:14 total:2m48.15s tree:1m20.49s]
I0000 00:00:1777625525.760852   86537 random_forest.cc:1121] Train tree 17/40 [index:16 total:4m13.27s tree:1m25.11s]
I0000 00:00:1777625612.244123   86537 random_forest.cc:1121] Train tree 25/40 [index:24 total:5m39.75s tree:1m26.48s]
I0000 00:00:1777625697.065414   86535 random_forest.cc:1121] Train tree 33/40 [index:36 total:7m4.57s tree:1m19.38s]
I0000 00:00:1777625710.461420   86378 random_forest.cc:1131] random_forest.cc Training block took: 437.969 s
I0000 00:00:1777625710.461472   86378 random_forest.cc:1217] EXITING EARLY TO SPEED UP EXPERIMENTS!
-1 (automatic) threads requested. 8 threads set.
Using histogram splitting: Random with 64 bins
----- Run 3/7 -----
WARNING: All log messages before absl::InitializeLog() is called are written to STDERR
I0000 00:00:1777625711.006396   88189 train_oblique_forest.cc:261] Generating trunk synthetic dataset: rows=1000000, cols=4096
I0000 00:00:1777625751.926151   88189 train_oblique_forest.cc:391] Configuring oblique splits
I0000 00:00:1777625751.926552   88189 abstract_learner.cc:155] No input feature explicitly specified. Using all the available input features.
I0000 00:00:1777625751.926562   88189 abstract_learner.cc:172] The label "y" was removed from the input feature set.
I0000 00:00:1777625751.927263   88189 random_forest.cc:478] Training random forest on 1000000 example(s) and 4096 feature(s).
I0000 00:00:1777625751.927420   88189 gpu.cc:93] Cannot initialize GPU: Not compiled with GPU support
I0000 00:00:1777625751.928514   88189 random_forest.cc:713] num_threads being used: 8
I0000 00:00:1777625834.939580   88349 random_forest.cc:1121] Train tree 1/40 [index:0 total:1m23.01s tree:1m23.01s]
I0000 00:00:1777625920.196270   88348 random_forest.cc:1121] Train tree 9/40 [index:14 total:2m48.27s tree:1m21.07s]
I0000 00:00:1777626005.191314   88348 random_forest.cc:1121] Train tree 17/40 [index:16 total:4m13.26s tree:1m25.00s]
I0000 00:00:1777626091.637775   88348 random_forest.cc:1121] Train tree 25/40 [index:24 total:5m39.71s tree:1m26.45s]
I0000 00:00:1777626177.240873   88347 random_forest.cc:1121] Train tree 33/40 [index:36 total:7m5.31s tree:1m19.68s]
I0000 00:00:1777626189.499724   88189 random_forest.cc:1131] random_forest.cc Training block took: 437.574 s
I0000 00:00:1777626189.499775   88189 random_forest.cc:1217] EXITING EARLY TO SPEED UP EXPERIMENTS!
-1 (automatic) threads requested. 8 threads set.
Using histogram splitting: Random with 64 bins
----- Run 4/7 -----
WARNING: All log messages before absl::InitializeLog() is called are written to STDERR
I0000 00:00:1777626190.046217   90002 train_oblique_forest.cc:261] Generating trunk synthetic dataset: rows=1000000, cols=4096
I0000 00:00:1777626231.001538   90002 train_oblique_forest.cc:391] Configuring oblique splits
I0000 00:00:1777626231.001948   90002 abstract_learner.cc:155] No input feature explicitly specified. Using all the available input features.
I0000 00:00:1777626231.001958   90002 abstract_learner.cc:172] The label "y" was removed from the input feature set.
I0000 00:00:1777626231.002654   90002 random_forest.cc:478] Training random forest on 1000000 example(s) and 4096 feature(s).
I0000 00:00:1777626231.002807   90002 gpu.cc:93] Cannot initialize GPU: Not compiled with GPU support
I0000 00:00:1777626231.003905   90002 random_forest.cc:713] num_threads being used: 8
I0000 00:00:1777626314.098578   90162 random_forest.cc:1121] Train tree 1/40 [index:0 total:1m23.09s tree:1m23.09s]
I0000 00:00:1777626399.274723   90160 random_forest.cc:1121] Train tree 9/40 [index:14 total:2m48.27s tree:1m20.59s]
I0000 00:00:1777626483.719206   90160 random_forest.cc:1121] Train tree 17/40 [index:16 total:4m12.72s tree:1m24.44s]
I0000 00:00:1777626569.976576   90160 random_forest.cc:1121] Train tree 25/40 [index:24 total:5m38.97s tree:1m26.26s]
I0000 00:00:1777626655.974096   90158 random_forest.cc:1121] Train tree 33/40 [index:36 total:7m4.97s tree:1m19.95s]
I0000 00:00:1777626667.524759   90002 random_forest.cc:1131] random_forest.cc Training block took: 436.523 s
I0000 00:00:1777626667.524812   90002 random_forest.cc:1217] EXITING EARLY TO SPEED UP EXPERIMENTS!
-1 (automatic) threads requested. 8 threads set.
Using histogram splitting: Random with 64 bins
----- Run 5/7 -----
WARNING: All log messages before absl::InitializeLog() is called are written to STDERR
I0000 00:00:1777626668.069633   91806 train_oblique_forest.cc:261] Generating trunk synthetic dataset: rows=1000000, cols=4096
I0000 00:00:1777626708.990980   91806 train_oblique_forest.cc:391] Configuring oblique splits
I0000 00:00:1777626708.991385   91806 abstract_learner.cc:155] No input feature explicitly specified. Using all the available input features.
I0000 00:00:1777626708.991395   91806 abstract_learner.cc:172] The label "y" was removed from the input feature set.
I0000 00:00:1777626708.992088   91806 random_forest.cc:478] Training random forest on 1000000 example(s) and 4096 feature(s).
I0000 00:00:1777626708.992239   91806 gpu.cc:93] Cannot initialize GPU: Not compiled with GPU support
I0000 00:00:1777626708.993338   91806 random_forest.cc:713] num_threads being used: 8
I0000 00:00:1777626792.484130   91974 random_forest.cc:1121] Train tree 1/40 [index:0 total:1m23.49s tree:1m23.49s]
I0000 00:00:1777626877.638906   91972 random_forest.cc:1121] Train tree 9/40 [index:14 total:2m48.65s tree:1m20.94s]
I0000 00:00:1777626962.777363   91972 random_forest.cc:1121] Train tree 17/40 [index:16 total:4m13.78s tree:1m25.14s]
I0000 00:00:1777627049.257303   91972 random_forest.cc:1121] Train tree 25/40 [index:24 total:5m40.26s tree:1m26.48s]
I0000 00:00:1777627133.636191   91968 random_forest.cc:1121] Train tree 33/40 [index:36 total:7m4.64s tree:1m19.72s]
I0000 00:00:1777627145.196898   91806 random_forest.cc:1131] random_forest.cc Training block took: 436.206 s
I0000 00:00:1777627145.196952   91806 random_forest.cc:1217] EXITING EARLY TO SPEED UP EXPERIMENTS!
-1 (automatic) threads requested. 8 threads set.
Using histogram splitting: Random with 64 bins
----- Run 6/7 -----
WARNING: All log messages before absl::InitializeLog() is called are written to STDERR
I0000 00:00:1777627145.743852   93608 train_oblique_forest.cc:261] Generating trunk synthetic dataset: rows=1000000, cols=4096
I0000 00:00:1777627186.679688   93608 train_oblique_forest.cc:391] Configuring oblique splits
I0000 00:00:1777627186.680099   93608 abstract_learner.cc:155] No input feature explicitly specified. Using all the available input features.
I0000 00:00:1777627186.680109   93608 abstract_learner.cc:172] The label "y" was removed from the input feature set.
I0000 00:00:1777627186.680782   93608 random_forest.cc:478] Training random forest on 1000000 example(s) and 4096 feature(s).
I0000 00:00:1777627186.680934   93608 gpu.cc:93] Cannot initialize GPU: Not compiled with GPU support
I0000 00:00:1777627186.682018   93608 random_forest.cc:713] num_threads being used: 8
I0000 00:00:1777627270.073144   93775 random_forest.cc:1121] Train tree 1/40 [index:0 total:1m23.39s tree:1m23.39s]
I0000 00:00:1777627355.073253   93773 random_forest.cc:1121] Train tree 9/40 [index:14 total:2m48.39s tree:1m20.87s]
I0000 00:00:1777627439.553992   93773 random_forest.cc:1121] Train tree 17/40 [index:16 total:4m12.87s tree:1m24.48s]
I0000 00:00:1777627526.070005   93773 random_forest.cc:1121] Train tree 25/40 [index:24 total:5m39.39s tree:1m26.52s]
I0000 00:00:1777627610.865044   93770 random_forest.cc:1121] Train tree 33/40 [index:36 total:7m4.18s tree:1m19.17s]
I0000 00:00:1777627623.035027   93608 random_forest.cc:1131] random_forest.cc Training block took: 436.355 s
I0000 00:00:1777627623.035095   93608 random_forest.cc:1217] EXITING EARLY TO SPEED UP EXPERIMENTS!
-1 (automatic) threads requested. 8 threads set.
Using histogram splitting: Random with 64 bins
----- Run 7/7 -----
WARNING: All log messages before absl::InitializeLog() is called are written to STDERR
I0000 00:00:1777627623.582382   95419 train_oblique_forest.cc:261] Generating trunk synthetic dataset: rows=1000000, cols=4096
I0000 00:00:1777627664.500880   95419 train_oblique_forest.cc:391] Configuring oblique splits
I0000 00:00:1777627664.501288   95419 abstract_learner.cc:155] No input feature explicitly specified. Using all the available input features.
I0000 00:00:1777627664.501299   95419 abstract_learner.cc:172] The label "y" was removed from the input feature set.
I0000 00:00:1777627664.501981   95419 random_forest.cc:478] Training random forest on 1000000 example(s) and 4096 feature(s).
I0000 00:00:1777627664.502151   95419 gpu.cc:93] Cannot initialize GPU: Not compiled with GPU support
I0000 00:00:1777627664.503244   95419 random_forest.cc:713] num_threads being used: 8
I0000 00:00:1777627747.693521   95579 random_forest.cc:1121] Train tree 1/40 [index:0 total:1m23.19s tree:1m23.19s]
I0000 00:00:1777627832.573651   95578 random_forest.cc:1121] Train tree 9/40 [index:14 total:2m48.07s tree:1m20.48s]
I0000 00:00:1777627917.146132   95578 random_forest.cc:1121] Train tree 17/40 [index:16 total:4m12.64s tree:1m24.57s]
I0000 00:00:1777628003.538967   95578 random_forest.cc:1121] Train tree 25/40 [index:24 total:5m39.04s tree:1m26.39s]
I0000 00:00:1777628090.134977   95576 random_forest.cc:1121] Train tree 33/40 [index:36 total:7m5.63s tree:1m20.11s]
I0000 00:00:1777628101.189193   95419 random_forest.cc:1131] random_forest.cc Training block took: 436.688 s
I0000 00:00:1777628101.189243   95419 random_forest.cc:1217] EXITING EARLY TO SPEED UP EXPERIMENTS!
-1 (automatic) threads requested. 8 threads set.
Using histogram splitting: Random with 64 bins
MEDIAN of 7/7 runs: 436.627 s  (samples: 436.627 437.969 437.574 436.523 436.206 436.355 436.688)


======== VECTORIZED EXPERIMENTS [AVX2] (Oblique only) histogram_num_bins=64 ========

USING INSTRUCTION SET: AVX2


======== Running Random [VECTORIZE: AVX2] with 64 bins ========

./bazel-bin/examples/train_oblique_forest --input_mode csv --train_csv "benchmarks/data/HIGGS_with_header.csv" --label_col "class" --numerical_split_type "Random" --num_trees=40 --num_threads=-1 --compute_oob_performances=false --histogram_num_bins=64 
----- Run 1/7 -----


Inferring DataSpec from CSV: benchmarks/data/HIGGS_with_header.csv


WARNING: All log messages before absl::InitializeLog() is called are written to STDERR
I0000 00:00:1777628196.087664   99149 csv_example_reader.cc:212] 0 row(s) processed
I0000 00:00:1777628196.099354   99149 csv_example_reader.cc:216] Stop scanning the csv file to infer the type. Some records were not considered.
I0000 00:00:1777628196.099376   99149 data_spec_inference.cc:457] 29 column(s) found
I0000 00:00:1777628196.099395   99149 csv_example_reader.cc:303] 0 row(s) processed
I0000 00:00:1777628226.099445   99149 csv_example_reader.cc:303] 6809320 row(s) processed
I0000 00:00:1777628244.214240   99149 data_spec_inference.cc:494] Finalizing [11000000 row(s) found]
I0000 00:00:1777628244.214322   99149 train_oblique_forest.cc:391] Configuring oblique splits
I0000 00:00:1777628244.214377   99149 abstract_learner.cc:155] No input feature explicitly specified. Using all the available input features.
I0000 00:00:1777628244.214387   99149 abstract_learner.cc:172] The label "class" was removed from the input feature set.
I0000 00:00:1777628244.215024   99149 vertical_dataset_io.cc:82] 100 examples scanned.
I0000 00:00:1777628274.215134   99149 vertical_dataset_io.cc:82] 6466100 examples scanned.
I0000 00:00:1777628296.033780   99149 vertical_dataset_io.cc:88] 11000000 examples read. Memory: usage:1276MB allocated:1276MB. 0 (0%) examples have been skipped.
I0000 00:00:1777628296.033873   99149 abstract_learner.cc:155] No input feature explicitly specified. Using all the available input features.
I0000 00:00:1777628296.033880   99149 abstract_learner.cc:172] The label "class" was removed from the input feature set.
I0000 00:00:1777628296.033904   99149 random_forest.cc:478] Training random forest on 11000000 example(s) and 28 feature(s).
I0000 00:00:1777628296.033921   99149 gpu.cc:93] Cannot initialize GPU: Not compiled with GPU support
I0000 00:00:1777628296.034200   99149 random_forest.cc:713] num_threads being used: 8
I0000 00:00:1777628414.749907   99527 random_forest.cc:1121] Train tree 1/40 [index:3 total:1m58.72s tree:1m58.72s]
I0000 00:00:1777628547.422406   99527 random_forest.cc:1121] Train tree 9/40 [index:8 total:4m11.39s tree:2m12.67s]
I0000 00:00:1777628677.704226   99527 random_forest.cc:1121] Train tree 17/40 [index:16 total:6m21.67s tree:2m10.28s]
I0000 00:00:1777628807.540767   99527 random_forest.cc:1121] Train tree 25/40 [index:24 total:8m31.51s tree:2m9.83s]
I0000 00:00:1777628938.697012   99527 random_forest.cc:1121] Train tree 33/40 [index:32 total:10m42.66s tree:2m11.15s]
I0000 00:00:1777628949.558492   99149 random_forest.cc:1131] random_forest.cc Training block took: 653.525 s
I0000 00:00:1777628949.566135   99149 random_forest.cc:1217] EXITING EARLY TO SPEED UP EXPERIMENTS!
-1 (automatic) threads requested. 8 threads set.
Using histogram splitting: Random with 64 bins
----- Run 2/7 -----


Inferring DataSpec from CSV: benchmarks/data/HIGGS_with_header.csv


WARNING: All log messages before absl::InitializeLog() is called are written to STDERR
I0000 00:00:1777628951.187358  101995 csv_example_reader.cc:212] 0 row(s) processed
I0000 00:00:1777628951.199561  101995 csv_example_reader.cc:216] Stop scanning the csv file to infer the type. Some records were not considered.
I0000 00:00:1777628951.199583  101995 data_spec_inference.cc:457] 29 column(s) found
I0000 00:00:1777628951.199602  101995 csv_example_reader.cc:303] 0 row(s) processed
I0000 00:00:1777628981.199643  101995 csv_example_reader.cc:303] 5564810 row(s) processed
I0000 00:00:1777629009.187581  101995 data_spec_inference.cc:494] Finalizing [11000000 row(s) found]
I0000 00:00:1777629009.188239  101995 train_oblique_forest.cc:391] Configuring oblique splits
I0000 00:00:1777629009.192560  101995 abstract_learner.cc:155] No input feature explicitly specified. Using all the available input features.
I0000 00:00:1777629009.192568  101995 abstract_learner.cc:172] The label "class" was removed from the input feature set.
I0000 00:00:1777629009.194027  101995 vertical_dataset_io.cc:82] 100 examples scanned.
I0000 00:00:1777629039.194509  101995 vertical_dataset_io.cc:82] 6459700 examples scanned.
I0000 00:00:1777629061.070511  101995 vertical_dataset_io.cc:88] 11000000 examples read. Memory: usage:1276MB allocated:1276MB. 0 (0%) examples have been skipped.
I0000 00:00:1777629061.071513  101995 abstract_learner.cc:155] No input feature explicitly specified. Using all the available input features.
I0000 00:00:1777629061.071521  101995 abstract_learner.cc:172] The label "class" was removed from the input feature set.
I0000 00:00:1777629061.071978  101995 random_forest.cc:478] Training random forest on 11000000 example(s) and 28 feature(s).
I0000 00:00:1777629061.072345  101995 gpu.cc:93] Cannot initialize GPU: Not compiled with GPU support
I0000 00:00:1777629061.074437  101995 random_forest.cc:713] num_threads being used: 8
I0000 00:00:1777629180.084876  102418 random_forest.cc:1121] Train tree 1/40 [index:3 total:1m59.01s tree:1m59.01s]
I0000 00:00:1777629311.878777  102418 random_forest.cc:1121] Train tree 9/40 [index:8 total:4m10.80s tree:2m11.79s]
I0000 00:00:1777629442.542877  102418 random_forest.cc:1121] Train tree 17/40 [index:16 total:6m21.47s tree:2m10.66s]
I0000 00:00:1777629571.953499  102418 random_forest.cc:1121] Train tree 25/40 [index:24 total:8m30.88s tree:2m9.41s]
I0000 00:00:1777629702.968031  102418 random_forest.cc:1121] Train tree 33/40 [index:32 total:10m41.90s tree:2m11.02s]
I0000 00:00:1777629715.212527  101995 random_forest.cc:1131] random_forest.cc Training block took: 654.141 s
I0000 00:00:1777629715.219866  101995 random_forest.cc:1217] EXITING EARLY TO SPEED UP EXPERIMENTS!
-1 (automatic) threads requested. 8 threads set.
Using histogram splitting: Random with 64 bins
----- Run 3/7 -----


Inferring DataSpec from CSV: benchmarks/data/HIGGS_with_header.csv


WARNING: All log messages before absl::InitializeLog() is called are written to STDERR
I0000 00:00:1777629716.810474  104883 csv_example_reader.cc:212] 0 row(s) processed
I0000 00:00:1777629716.822725  104883 csv_example_reader.cc:216] Stop scanning the csv file to infer the type. Some records were not considered.
I0000 00:00:1777629716.822747  104883 data_spec_inference.cc:457] 29 column(s) found
I0000 00:00:1777629716.822765  104883 csv_example_reader.cc:303] 0 row(s) processed
I0000 00:00:1777629746.823004  104883 csv_example_reader.cc:303] 5566204 row(s) processed
I0000 00:00:1777629774.737517  104883 data_spec_inference.cc:494] Finalizing [11000000 row(s) found]
I0000 00:00:1777629774.738256  104883 train_oblique_forest.cc:391] Configuring oblique splits
I0000 00:00:1777629774.742898  104883 abstract_learner.cc:155] No input feature explicitly specified. Using all the available input features.
I0000 00:00:1777629774.742907  104883 abstract_learner.cc:172] The label "class" was removed from the input feature set.
I0000 00:00:1777629774.744408  104883 vertical_dataset_io.cc:82] 100 examples scanned.
I0000 00:00:1777629804.744533  104883 vertical_dataset_io.cc:82] 6472700 examples scanned.
I0000 00:00:1777629826.529928  104883 vertical_dataset_io.cc:88] 11000000 examples read. Memory: usage:1276MB allocated:1276MB. 0 (0%) examples have been skipped.
I0000 00:00:1777629826.530547  104883 abstract_learner.cc:155] No input feature explicitly specified. Using all the available input features.
I0000 00:00:1777629826.530555  104883 abstract_learner.cc:172] The label "class" was removed from the input feature set.
I0000 00:00:1777629826.531115  104883 random_forest.cc:478] Training random forest on 11000000 example(s) and 28 feature(s).
I0000 00:00:1777629826.531522  104883 gpu.cc:93] Cannot initialize GPU: Not compiled with GPU support
I0000 00:00:1777629826.533879  104883 random_forest.cc:713] num_threads being used: 8
I0000 00:00:1777629945.809531  105301 random_forest.cc:1121] Train tree 1/40 [index:3 total:1m59.28s tree:1m59.28s]
I0000 00:00:1777630077.851306  105301 random_forest.cc:1121] Train tree 9/40 [index:8 total:4m11.32s tree:2m12.04s]
I0000 00:00:1777630208.690147  105301 random_forest.cc:1121] Train tree 17/40 [index:16 total:6m22.16s tree:2m10.84s]
I0000 00:00:1777630338.082133  105301 random_forest.cc:1121] Train tree 25/40 [index:24 total:8m31.55s tree:2m9.39s]
I0000 00:00:1777630469.728931  105301 random_forest.cc:1121] Train tree 33/40 [index:32 total:10m43.20s tree:2m11.65s]
I0000 00:00:1777630481.337756  104883 random_forest.cc:1131] random_forest.cc Training block took: 654.808 s
I0000 00:00:1777630481.337813  104883 random_forest.cc:1217] EXITING EARLY TO SPEED UP EXPERIMENTS!
-1 (automatic) threads requested. 8 threads set.
Using histogram splitting: Random with 64 bins
----- Run 4/7 -----


Inferring DataSpec from CSV: benchmarks/data/HIGGS_with_header.csv


WARNING: All log messages before absl::InitializeLog() is called are written to STDERR
I0000 00:00:1777630482.871109  107768 csv_example_reader.cc:212] 0 row(s) processed
I0000 00:00:1777630482.881254  107768 csv_example_reader.cc:216] Stop scanning the csv file to infer the type. Some records were not considered.
I0000 00:00:1777630482.881280  107768 data_spec_inference.cc:457] 29 column(s) found
I0000 00:00:1777630482.881306  107768 csv_example_reader.cc:303] 0 row(s) processed
I0000 00:00:1777630512.881358  107768 csv_example_reader.cc:303] 6925868 row(s) processed
I0000 00:00:1777630532.773798  107768 data_spec_inference.cc:494] Finalizing [11000000 row(s) found]
I0000 00:00:1777630532.773891  107768 train_oblique_forest.cc:391] Configuring oblique splits
I0000 00:00:1777630532.773949  107768 abstract_learner.cc:155] No input feature explicitly specified. Using all the available input features.
I0000 00:00:1777630532.773958  107768 abstract_learner.cc:172] The label "class" was removed from the input feature set.
I0000 00:00:1777630532.774612  107768 vertical_dataset_io.cc:82] 100 examples scanned.
I0000 00:00:1777630562.774838  107768 vertical_dataset_io.cc:82] 6495000 examples scanned.
I0000 00:00:1777630584.389001  107768 vertical_dataset_io.cc:88] 11000000 examples read. Memory: usage:1276MB allocated:1276MB. 0 (0%) examples have been skipped.
I0000 00:00:1777630584.389109  107768 abstract_learner.cc:155] No input feature explicitly specified. Using all the available input features.
I0000 00:00:1777630584.389117  107768 abstract_learner.cc:172] The label "class" was removed from the input feature set.
I0000 00:00:1777630584.389142  107768 random_forest.cc:478] Training random forest on 11000000 example(s) and 28 feature(s).
I0000 00:00:1777630584.389157  107768 gpu.cc:93] Cannot initialize GPU: Not compiled with GPU support
I0000 00:00:1777630584.389428  107768 random_forest.cc:713] num_threads being used: 8
I0000 00:00:1777630703.621170  108158 random_forest.cc:1121] Train tree 1/40 [index:3 total:1m59.23s tree:1m59.23s]
I0000 00:00:1777630835.789170  108158 random_forest.cc:1121] Train tree 9/40 [index:8 total:4m11.40s tree:2m12.17s]
I0000 00:00:1777630966.262800  108158 random_forest.cc:1121] Train tree 17/40 [index:16 total:6m21.87s tree:2m10.47s]
I0000 00:00:1777631095.625626  108158 random_forest.cc:1121] Train tree 25/40 [index:24 total:8m31.24s tree:2m9.36s]
I0000 00:00:1777631227.232138  108158 random_forest.cc:1121] Train tree 33/40 [index:32 total:10m42.85s tree:2m11.61s]
I0000 00:00:1777631237.718457  107768 random_forest.cc:1131] random_forest.cc Training block took: 653.329 s
I0000 00:00:1777631237.724653  107768 random_forest.cc:1217] EXITING EARLY TO SPEED UP EXPERIMENTS!
-1 (automatic) threads requested. 8 threads set.
Using histogram splitting: Random with 64 bins
----- Run 5/7 -----


Inferring DataSpec from CSV: benchmarks/data/HIGGS_with_header.csv


WARNING: All log messages before absl::InitializeLog() is called are written to STDERR
I0000 00:00:1777631239.309427  110621 csv_example_reader.cc:212] 0 row(s) processed
I0000 00:00:1777631239.320736  110621 csv_example_reader.cc:216] Stop scanning the csv file to infer the type. Some records were not considered.
I0000 00:00:1777631239.320757  110621 data_spec_inference.cc:457] 29 column(s) found
I0000 00:00:1777631239.320775  110621 csv_example_reader.cc:303] 0 row(s) processed
I0000 00:00:1777631269.320861  110621 csv_example_reader.cc:303] 6449139 row(s) processed
I0000 00:00:1777631289.047291  110621 data_spec_inference.cc:494] Finalizing [11000000 row(s) found]
I0000 00:00:1777631289.048539  110621 train_oblique_forest.cc:391] Configuring oblique splits
I0000 00:00:1777631289.053900  110621 abstract_learner.cc:155] No input feature explicitly specified. Using all the available input features.
I0000 00:00:1777631289.053907  110621 abstract_learner.cc:172] The label "class" was removed from the input feature set.
I0000 00:00:1777631289.055339  110621 vertical_dataset_io.cc:82] 100 examples scanned.
I0000 00:00:1777631319.055466  110621 vertical_dataset_io.cc:82] 6484000 examples scanned.
I0000 00:00:1777631340.719964  110621 vertical_dataset_io.cc:88] 11000000 examples read. Memory: usage:1276MB allocated:1276MB. 0 (0%) examples have been skipped.
I0000 00:00:1777631340.720528  110621 abstract_learner.cc:155] No input feature explicitly specified. Using all the available input features.
I0000 00:00:1777631340.720536  110621 abstract_learner.cc:172] The label "class" was removed from the input feature set.
I0000 00:00:1777631340.720976  110621 random_forest.cc:478] Training random forest on 11000000 example(s) and 28 feature(s).
I0000 00:00:1777631340.721375  110621 gpu.cc:93] Cannot initialize GPU: Not compiled with GPU support
I0000 00:00:1777631340.724072  110621 random_forest.cc:713] num_threads being used: 8
I0000 00:00:1777631459.697719  111008 random_forest.cc:1121] Train tree 1/40 [index:3 total:1m58.97s tree:1m58.97s]
I0000 00:00:1777631591.864324  111008 random_forest.cc:1121] Train tree 9/40 [index:8 total:4m11.14s tree:2m12.16s]
I0000 00:00:1777631722.862586  111008 random_forest.cc:1121] Train tree 17/40 [index:16 total:6m22.14s tree:2m11.00s]
I0000 00:00:1777631852.472640  111008 random_forest.cc:1121] Train tree 25/40 [index:24 total:8m31.75s tree:2m9.61s]
I0000 00:00:1777631983.707157  111008 random_forest.cc:1121] Train tree 33/40 [index:32 total:10m42.98s tree:2m11.23s]
I0000 00:00:1777631994.970294  110621 random_forest.cc:1131] random_forest.cc Training block took: 654.25 s
I0000 00:00:1777631994.970347  110621 random_forest.cc:1217] EXITING EARLY TO SPEED UP EXPERIMENTS!
-1 (automatic) threads requested. 8 threads set.
Using histogram splitting: Random with 64 bins
----- Run 6/7 -----


Inferring DataSpec from CSV: benchmarks/data/HIGGS_with_header.csv


WARNING: All log messages before absl::InitializeLog() is called are written to STDERR
I0000 00:00:1777631996.511951  113480 csv_example_reader.cc:212] 0 row(s) processed
I0000 00:00:1777631996.522092  113480 csv_example_reader.cc:216] Stop scanning the csv file to infer the type. Some records were not considered.
I0000 00:00:1777631996.522111  113480 data_spec_inference.cc:457] 29 column(s) found
I0000 00:00:1777631996.522127  113480 csv_example_reader.cc:303] 0 row(s) processed
I0000 00:00:1777632026.522201  113480 csv_example_reader.cc:303] 6941570 row(s) processed
I0000 00:00:1777632046.104167  113480 data_spec_inference.cc:494] Finalizing [11000000 row(s) found]
I0000 00:00:1777632046.104265  113480 train_oblique_forest.cc:391] Configuring oblique splits
I0000 00:00:1777632046.104324  113480 abstract_learner.cc:155] No input feature explicitly specified. Using all the available input features.
I0000 00:00:1777632046.104333  113480 abstract_learner.cc:172] The label "class" was removed from the input feature set.
I0000 00:00:1777632046.104983  113480 vertical_dataset_io.cc:82] 100 examples scanned.
I0000 00:00:1777632076.105515  113480 vertical_dataset_io.cc:82] 6483800 examples scanned.
I0000 00:00:1777632097.800214  113480 vertical_dataset_io.cc:88] 11000000 examples read. Memory: usage:1276MB allocated:1276MB. 0 (0%) examples have been skipped.
I0000 00:00:1777632097.800300  113480 abstract_learner.cc:155] No input feature explicitly specified. Using all the available input features.
I0000 00:00:1777632097.800307  113480 abstract_learner.cc:172] The label "class" was removed from the input feature set.
I0000 00:00:1777632097.800332  113480 random_forest.cc:478] Training random forest on 11000000 example(s) and 28 feature(s).
I0000 00:00:1777632097.800345  113480 gpu.cc:93] Cannot initialize GPU: Not compiled with GPU support
I0000 00:00:1777632097.800615  113480 random_forest.cc:713] num_threads being used: 8
I0000 00:00:1777632217.010102  113872 random_forest.cc:1121] Train tree 1/40 [index:3 total:1m59.21s tree:1m59.21s]
I0000 00:00:1777632349.182474  113872 random_forest.cc:1121] Train tree 9/40 [index:8 total:4m11.38s tree:2m12.17s]
I0000 00:00:1777632479.923127  113872 random_forest.cc:1121] Train tree 17/40 [index:16 total:6m22.12s tree:2m10.74s]
I0000 00:00:1777632609.700319  113872 random_forest.cc:1121] Train tree 25/40 [index:24 total:8m31.90s tree:2m9.78s]
I0000 00:00:1777632741.004423  113872 random_forest.cc:1121] Train tree 33/40 [index:32 total:10m43.20s tree:2m11.30s]
I0000 00:00:1777632751.709099  113480 random_forest.cc:1131] random_forest.cc Training block took: 653.909 s
I0000 00:00:1777632751.709137  113480 random_forest.cc:1217] EXITING EARLY TO SPEED UP EXPERIMENTS!
-1 (automatic) threads requested. 8 threads set.
Using histogram splitting: Random with 64 bins
----- Run 7/7 -----


Inferring DataSpec from CSV: benchmarks/data/HIGGS_with_header.csv


WARNING: All log messages before absl::InitializeLog() is called are written to STDERR
I0000 00:00:1777632753.236389  116515 csv_example_reader.cc:212] 0 row(s) processed
I0000 00:00:1777632753.246494  116515 csv_example_reader.cc:216] Stop scanning the csv file to infer the type. Some records were not considered.
I0000 00:00:1777632753.246514  116515 data_spec_inference.cc:457] 29 column(s) found
I0000 00:00:1777632753.246532  116515 csv_example_reader.cc:303] 0 row(s) processed
I0000 00:00:1777632783.246604  116515 csv_example_reader.cc:303] 6926314 row(s) processed
I0000 00:00:1777632801.755788  116515 data_spec_inference.cc:494] Finalizing [11000000 row(s) found]
I0000 00:00:1777632801.755869  116515 train_oblique_forest.cc:391] Configuring oblique splits
I0000 00:00:1777632801.755928  116515 abstract_learner.cc:155] No input feature explicitly specified. Using all the available input features.
I0000 00:00:1777632801.755936  116515 abstract_learner.cc:172] The label "class" was removed from the input feature set.
I0000 00:00:1777632801.756596  116515 vertical_dataset_io.cc:82] 100 examples scanned.
I0000 00:00:1777632831.757087  116515 vertical_dataset_io.cc:82] 6483500 examples scanned.
I0000 00:00:1777632853.448887  116515 vertical_dataset_io.cc:88] 11000000 examples read. Memory: usage:1276MB allocated:1276MB. 0 (0%) examples have been skipped.
I0000 00:00:1777632853.448980  116515 abstract_learner.cc:155] No input feature explicitly specified. Using all the available input features.
I0000 00:00:1777632853.448986  116515 abstract_learner.cc:172] The label "class" was removed from the input feature set.
I0000 00:00:1777632853.449011  116515 random_forest.cc:478] Training random forest on 11000000 example(s) and 28 feature(s).
I0000 00:00:1777632853.449026  116515 gpu.cc:93] Cannot initialize GPU: Not compiled with GPU support
I0000 00:00:1777632853.449303  116515 random_forest.cc:713] num_threads being used: 8
I0000 00:00:1777632972.672454  116963 random_forest.cc:1121] Train tree 1/40 [index:3 total:1m59.22s tree:1m59.22s]
I0000 00:00:1777633104.964250  116963 random_forest.cc:1121] Train tree 9/40 [index:8 total:4m11.51s tree:2m12.29s]
I0000 00:00:1777633235.189697  116963 random_forest.cc:1121] Train tree 17/40 [index:16 total:6m21.74s tree:2m10.22s]
I0000 00:00:1777633365.122311  116963 random_forest.cc:1121] Train tree 25/40 [index:24 total:8m31.67s tree:2m9.93s]
I0000 00:00:1777633496.617101  116963 random_forest.cc:1121] Train tree 33/40 [index:32 total:10m43.17s tree:2m11.49s]
I0000 00:00:1777633508.608468  116515 random_forest.cc:1131] random_forest.cc Training block took: 655.16 s
I0000 00:00:1777633508.608512  116515 random_forest.cc:1217] EXITING EARLY TO SPEED UP EXPERIMENTS!
-1 (automatic) threads requested. 8 threads set.
Using histogram splitting: Random with 64 bins
MEDIAN of 7/7 runs: 654.141 s  (samples: 653.525 654.141 654.808 653.329 654.25 653.909 655.16)
./bazel-bin/examples/train_oblique_forest --input_mode csv --train_csv "benchmarks/data/SUSY_with_header.csv" --label_col "class" --numerical_split_type "Random" --num_trees=40 --num_threads=-1 --compute_oob_performances=false --histogram_num_bins=64 
----- Run 1/7 -----


Inferring DataSpec from CSV: benchmarks/data/SUSY_with_header.csv


WARNING: All log messages before absl::InitializeLog() is called are written to STDERR
I0000 00:00:1777633510.152330  119988 csv_example_reader.cc:212] 0 row(s) processed
I0000 00:00:1777633510.160307  119988 csv_example_reader.cc:216] Stop scanning the csv file to infer the type. Some records were not considered.
I0000 00:00:1777633510.160326  119988 data_spec_inference.cc:457] 19 column(s) found
I0000 00:00:1777633510.160341  119988 csv_example_reader.cc:303] 0 row(s) processed
I0000 00:00:1777633527.390716  119988 data_spec_inference.cc:494] Finalizing [5000000 row(s) found]
I0000 00:00:1777633527.390782  119988 train_oblique_forest.cc:391] Configuring oblique splits
I0000 00:00:1777633527.390838  119988 abstract_learner.cc:155] No input feature explicitly specified. Using all the available input features.
I0000 00:00:1777633527.390841  119988 abstract_learner.cc:172] The label "class" was removed from the input feature set.
I0000 00:00:1777633527.391326  119988 vertical_dataset_io.cc:82] 100 examples scanned.
I0000 00:00:1777633542.640837  119988 vertical_dataset_io.cc:88] 5000000 examples read. Memory: usage:380MB allocated:380MB. 0 (0%) examples have been skipped.
I0000 00:00:1777633542.640927  119988 abstract_learner.cc:155] No input feature explicitly specified. Using all the available input features.
I0000 00:00:1777633542.640933  119988 abstract_learner.cc:172] The label "class" was removed from the input feature set.
I0000 00:00:1777633542.640956  119988 random_forest.cc:478] Training random forest on 5000000 example(s) and 18 feature(s).
I0000 00:00:1777633542.640971  119988 gpu.cc:93] Cannot initialize GPU: Not compiled with GPU support
I0000 00:00:1777633542.641257  119988 random_forest.cc:713] num_threads being used: 8
I0000 00:00:1777633585.777742  120157 random_forest.cc:1121] Train tree 1/40 [index:2 total:43.14s tree:43.14s]
I0000 00:00:1777633628.356517  120157 random_forest.cc:1121] Train tree 9/40 [index:8 total:1m25.72s tree:42.58s]
I0000 00:00:1777633671.743539  120157 random_forest.cc:1121] Train tree 17/40 [index:16 total:2m9.10s tree:43.39s]
I0000 00:00:1777633714.952412  120157 random_forest.cc:1121] Train tree 25/40 [index:24 total:2m52.31s tree:43.21s]
I0000 00:00:1777633758.303238  120157 random_forest.cc:1121] Train tree 33/40 [index:32 total:3m35.66s tree:43.35s]
I0000 00:00:1777633760.914540  119988 random_forest.cc:1131] random_forest.cc Training block took: 218.274 s
I0000 00:00:1777633760.914583  119988 random_forest.cc:1217] EXITING EARLY TO SPEED UP EXPERIMENTS!
-1 (automatic) threads requested. 8 threads set.
Using histogram splitting: Random with 64 bins
----- Run 2/7 -----


Inferring DataSpec from CSV: benchmarks/data/SUSY_with_header.csv


WARNING: All log messages before absl::InitializeLog() is called are written to STDERR
I0000 00:00:1777633761.549333  121001 csv_example_reader.cc:212] 0 row(s) processed
I0000 00:00:1777633761.555900  121001 csv_example_reader.cc:216] Stop scanning the csv file to infer the type. Some records were not considered.
I0000 00:00:1777633761.555921  121001 data_spec_inference.cc:457] 19 column(s) found
I0000 00:00:1777633761.555941  121001 csv_example_reader.cc:303] 0 row(s) processed
I0000 00:00:1777633775.940831  121001 data_spec_inference.cc:494] Finalizing [5000000 row(s) found]
I0000 00:00:1777633775.940915  121001 train_oblique_forest.cc:391] Configuring oblique splits
I0000 00:00:1777633775.940976  121001 abstract_learner.cc:155] No input feature explicitly specified. Using all the available input features.
I0000 00:00:1777633775.940980  121001 abstract_learner.cc:172] The label "class" was removed from the input feature set.
I0000 00:00:1777633775.941483  121001 vertical_dataset_io.cc:82] 100 examples scanned.
I0000 00:00:1777633791.196344  121001 vertical_dataset_io.cc:88] 5000000 examples read. Memory: usage:380MB allocated:380MB. 0 (0%) examples have been skipped.
I0000 00:00:1777633791.196429  121001 abstract_learner.cc:155] No input feature explicitly specified. Using all the available input features.
I0000 00:00:1777633791.196435  121001 abstract_learner.cc:172] The label "class" was removed from the input feature set.
I0000 00:00:1777633791.196459  121001 random_forest.cc:478] Training random forest on 5000000 example(s) and 18 feature(s).
I0000 00:00:1777633791.196472  121001 gpu.cc:93] Cannot initialize GPU: Not compiled with GPU support
I0000 00:00:1777633791.196737  121001 random_forest.cc:713] num_threads being used: 8
I0000 00:00:1777633834.605294  121122 random_forest.cc:1121] Train tree 1/40 [index:1 total:43.41s tree:43.41s]
I0000 00:00:1777633877.550210  121117 random_forest.cc:1121] Train tree 9/40 [index:8 total:1m26.35s tree:42.94s]
I0000 00:00:1777633921.232027  121115 random_forest.cc:1121] Train tree 17/40 [index:18 total:2m10.04s tree:43.13s]
I0000 00:00:1777633964.040833  121120 random_forest.cc:1121] Train tree 25/40 [index:28 total:2m52.84s tree:42.16s]
I0000 00:00:1777634007.352646  121120 random_forest.cc:1121] Train tree 33/40 [index:32 total:3m36.16s tree:43.31s]
I0000 00:00:1777634009.652570  121001 random_forest.cc:1131] random_forest.cc Training block took: 218.456 s
I0000 00:00:1777634009.652616  121001 random_forest.cc:1217] EXITING EARLY TO SPEED UP EXPERIMENTS!
-1 (automatic) threads requested. 8 threads set.
Using histogram splitting: Random with 64 bins
----- Run 3/7 -----


Inferring DataSpec from CSV: benchmarks/data/SUSY_with_header.csv


WARNING: All log messages before absl::InitializeLog() is called are written to STDERR
I0000 00:00:1777634010.289074  121953 csv_example_reader.cc:212] 0 row(s) processed
I0000 00:00:1777634010.295606  121953 csv_example_reader.cc:216] Stop scanning the csv file to infer the type. Some records were not considered.
I0000 00:00:1777634010.295624  121953 data_spec_inference.cc:457] 19 column(s) found
I0000 00:00:1777634010.295640  121953 csv_example_reader.cc:303] 0 row(s) processed
I0000 00:00:1777634024.496955  121953 data_spec_inference.cc:494] Finalizing [5000000 row(s) found]
I0000 00:00:1777634024.497038  121953 train_oblique_forest.cc:391] Configuring oblique splits
I0000 00:00:1777634024.497112  121953 abstract_learner.cc:155] No input feature explicitly specified. Using all the available input features.
I0000 00:00:1777634024.497116  121953 abstract_learner.cc:172] The label "class" was removed from the input feature set.
I0000 00:00:1777634024.497614  121953 vertical_dataset_io.cc:82] 100 examples scanned.
I0000 00:00:1777634039.732182  121953 vertical_dataset_io.cc:88] 5000000 examples read. Memory: usage:380MB allocated:380MB. 0 (0%) examples have been skipped.
I0000 00:00:1777634039.732275  121953 abstract_learner.cc:155] No input feature explicitly specified. Using all the available input features.
I0000 00:00:1777634039.732282  121953 abstract_learner.cc:172] The label "class" was removed from the input feature set.
I0000 00:00:1777634039.732304  121953 random_forest.cc:478] Training random forest on 5000000 example(s) and 18 feature(s).
I0000 00:00:1777634039.732319  121953 gpu.cc:93] Cannot initialize GPU: Not compiled with GPU support
I0000 00:00:1777634039.732594  121953 random_forest.cc:713] num_threads being used: 8
I0000 00:00:1777634083.014966  122066 random_forest.cc:1121] Train tree 1/40 [index:1 total:43.28s tree:43.28s]
I0000 00:00:1777634125.971780  122066 random_forest.cc:1121] Train tree 9/40 [index:8 total:1m26.24s tree:42.96s]
I0000 00:00:1777634169.445921  122066 random_forest.cc:1121] Train tree 17/40 [index:16 total:2m9.71s tree:43.47s]
I0000 00:00:1777634212.414492  122067 random_forest.cc:1121] Train tree 25/40 [index:28 total:2m52.68s tree:42.28s]
I0000 00:00:1777634255.722209  122067 random_forest.cc:1121] Train tree 33/40 [index:32 total:3m35.99s tree:43.31s]
I0000 00:00:1777634257.496138  121953 random_forest.cc:1131] random_forest.cc Training block took: 217.764 s
I0000 00:00:1777634257.496181  121953 random_forest.cc:1217] EXITING EARLY TO SPEED UP EXPERIMENTS!
-1 (automatic) threads requested. 8 threads set.
Using histogram splitting: Random with 64 bins
----- Run 4/7 -----


Inferring DataSpec from CSV: benchmarks/data/SUSY_with_header.csv


WARNING: All log messages before absl::InitializeLog() is called are written to STDERR
I0000 00:00:1777634258.131347  122909 csv_example_reader.cc:212] 0 row(s) processed
I0000 00:00:1777634258.137850  122909 csv_example_reader.cc:216] Stop scanning the csv file to infer the type. Some records were not considered.
I0000 00:00:1777634258.137867  122909 data_spec_inference.cc:457] 19 column(s) found
I0000 00:00:1777634258.137885  122909 csv_example_reader.cc:303] 0 row(s) processed
I0000 00:00:1777634272.424959  122909 data_spec_inference.cc:494] Finalizing [5000000 row(s) found]
I0000 00:00:1777634272.425043  122909 train_oblique_forest.cc:391] Configuring oblique splits
I0000 00:00:1777634272.425112  122909 abstract_learner.cc:155] No input feature explicitly specified. Using all the available input features.
I0000 00:00:1777634272.425115  122909 abstract_learner.cc:172] The label "class" was removed from the input feature set.
I0000 00:00:1777634272.425617  122909 vertical_dataset_io.cc:82] 100 examples scanned.
I0000 00:00:1777634287.709161  122909 vertical_dataset_io.cc:88] 5000000 examples read. Memory: usage:380MB allocated:380MB. 0 (0%) examples have been skipped.
I0000 00:00:1777634287.709253  122909 abstract_learner.cc:155] No input feature explicitly specified. Using all the available input features.
I0000 00:00:1777634287.709260  122909 abstract_learner.cc:172] The label "class" was removed from the input feature set.
I0000 00:00:1777634287.709284  122909 random_forest.cc:478] Training random forest on 5000000 example(s) and 18 feature(s).
I0000 00:00:1777634287.709298  122909 gpu.cc:93] Cannot initialize GPU: Not compiled with GPU support
I0000 00:00:1777634287.709575  122909 random_forest.cc:713] num_threads being used: 8
I0000 00:00:1777634331.014096  123026 random_forest.cc:1121] Train tree 1/40 [index:5 total:43.30s tree:43.30s]
I0000 00:00:1777634373.831515  123026 random_forest.cc:1121] Train tree 9/40 [index:8 total:1m26.12s tree:42.82s]
I0000 00:00:1777634417.253683  123026 random_forest.cc:1121] Train tree 17/40 [index:16 total:2m9.54s tree:43.42s]
I0000 00:00:1777634460.538634  123026 random_forest.cc:1121] Train tree 25/40 [index:24 total:2m52.83s tree:43.28s]
I0000 00:00:1777634503.844793  123026 random_forest.cc:1121] Train tree 33/40 [index:32 total:3m36.14s tree:43.31s]
I0000 00:00:1777634505.963160  122909 random_forest.cc:1131] random_forest.cc Training block took: 218.254 s
I0000 00:00:1777634505.963203  122909 random_forest.cc:1217] EXITING EARLY TO SPEED UP EXPERIMENTS!
-1 (automatic) threads requested. 8 threads set.
Using histogram splitting: Random with 64 bins
----- Run 5/7 -----


Inferring DataSpec from CSV: benchmarks/data/SUSY_with_header.csv


WARNING: All log messages before absl::InitializeLog() is called are written to STDERR
I0000 00:00:1777634506.602976  123853 csv_example_reader.cc:212] 0 row(s) processed
I0000 00:00:1777634506.609520  123853 csv_example_reader.cc:216] Stop scanning the csv file to infer the type. Some records were not considered.
I0000 00:00:1777634506.609537  123853 data_spec_inference.cc:457] 19 column(s) found
I0000 00:00:1777634506.609552  123853 csv_example_reader.cc:303] 0 row(s) processed
I0000 00:00:1777634520.869721  123853 data_spec_inference.cc:494] Finalizing [5000000 row(s) found]
I0000 00:00:1777634520.869806  123853 train_oblique_forest.cc:391] Configuring oblique splits
I0000 00:00:1777634520.869867  123853 abstract_learner.cc:155] No input feature explicitly specified. Using all the available input features.
I0000 00:00:1777634520.869870  123853 abstract_learner.cc:172] The label "class" was removed from the input feature set.
I0000 00:00:1777634520.870371  123853 vertical_dataset_io.cc:82] 100 examples scanned.
I0000 00:00:1777634536.135504  123853 vertical_dataset_io.cc:88] 5000000 examples read. Memory: usage:380MB allocated:380MB. 0 (0%) examples have been skipped.
I0000 00:00:1777634536.135590  123853 abstract_learner.cc:155] No input feature explicitly specified. Using all the available input features.
I0000 00:00:1777634536.135597  123853 abstract_learner.cc:172] The label "class" was removed from the input feature set.
I0000 00:00:1777634536.135621  123853 random_forest.cc:478] Training random forest on 5000000 example(s) and 18 feature(s).
I0000 00:00:1777634536.135637  123853 gpu.cc:93] Cannot initialize GPU: Not compiled with GPU support
I0000 00:00:1777634536.135907  123853 random_forest.cc:713] num_threads being used: 8
I0000 00:00:1777634579.473073  123971 random_forest.cc:1121] Train tree 1/40 [index:6 total:43.34s tree:43.34s]
I0000 00:00:1777634622.223144  123971 random_forest.cc:1121] Train tree 9/40 [index:8 total:1m26.09s tree:42.75s]
I0000 00:00:1777634665.545479  123971 random_forest.cc:1121] Train tree 17/40 [index:16 total:2m9.41s tree:43.32s]
I0000 00:00:1777634708.691212  123973 random_forest.cc:1121] Train tree 25/40 [index:28 total:2m52.56s tree:42.09s]
I0000 00:00:1777634751.994219  123973 random_forest.cc:1121] Train tree 33/40 [index:32 total:3m35.86s tree:43.30s]
I0000 00:00:1777634754.610582  123853 random_forest.cc:1131] random_forest.cc Training block took: 218.475 s
I0000 00:00:1777634754.610627  123853 random_forest.cc:1217] EXITING EARLY TO SPEED UP EXPERIMENTS!
-1 (automatic) threads requested. 8 threads set.
Using histogram splitting: Random with 64 bins
----- Run 6/7 -----


Inferring DataSpec from CSV: benchmarks/data/SUSY_with_header.csv


WARNING: All log messages before absl::InitializeLog() is called are written to STDERR
I0000 00:00:1777634755.247023  124813 csv_example_reader.cc:212] 0 row(s) processed
I0000 00:00:1777634755.253539  124813 csv_example_reader.cc:216] Stop scanning the csv file to infer the type. Some records were not considered.
I0000 00:00:1777634755.253560  124813 data_spec_inference.cc:457] 19 column(s) found
I0000 00:00:1777634755.253575  124813 csv_example_reader.cc:303] 0 row(s) processed
I0000 00:00:1777634769.517156  124813 data_spec_inference.cc:494] Finalizing [5000000 row(s) found]
I0000 00:00:1777634769.517233  124813 train_oblique_forest.cc:391] Configuring oblique splits
I0000 00:00:1777634769.517292  124813 abstract_learner.cc:155] No input feature explicitly specified. Using all the available input features.
I0000 00:00:1777634769.517296  124813 abstract_learner.cc:172] The label "class" was removed from the input feature set.
I0000 00:00:1777634769.517802  124813 vertical_dataset_io.cc:82] 100 examples scanned.
I0000 00:00:1777634784.741377  124813 vertical_dataset_io.cc:88] 5000000 examples read. Memory: usage:380MB allocated:380MB. 0 (0%) examples have been skipped.
I0000 00:00:1777634784.741466  124813 abstract_learner.cc:155] No input feature explicitly specified. Using all the available input features.
I0000 00:00:1777634784.741473  124813 abstract_learner.cc:172] The label "class" was removed from the input feature set.
I0000 00:00:1777634784.741496  124813 random_forest.cc:478] Training random forest on 5000000 example(s) and 18 feature(s).
I0000 00:00:1777634784.741510  124813 gpu.cc:93] Cannot initialize GPU: Not compiled with GPU support
I0000 00:00:1777634784.741792  124813 random_forest.cc:713] num_threads being used: 8
I0000 00:00:1777634827.957801  124929 random_forest.cc:1121] Train tree 1/40 [index:2 total:43.22s tree:43.22s]
I0000 00:00:1777634871.016643  124930 random_forest.cc:1121] Train tree 9/40 [index:10 total:1m26.27s tree:42.85s]
I0000 00:00:1777634914.464185  124929 random_forest.cc:1121] Train tree 17/40 [index:17 total:2m9.72s tree:43.36s]
I0000 00:00:1777634957.548299  124926 random_forest.cc:1121] Train tree 25/40 [index:28 total:2m52.81s tree:42.27s]
I0000 00:00:1777635000.777201  124926 random_forest.cc:1121] Train tree 33/40 [index:32 total:3m36.04s tree:43.23s]
I0000 00:00:1777635002.865614  124813 random_forest.cc:1131] random_forest.cc Training block took: 218.124 s
I0000 00:00:1777635002.865660  124813 random_forest.cc:1217] EXITING EARLY TO SPEED UP EXPERIMENTS!
-1 (automatic) threads requested. 8 threads set.
Using histogram splitting: Random with 64 bins
----- Run 7/7 -----


Inferring DataSpec from CSV: benchmarks/data/SUSY_with_header.csv


WARNING: All log messages before absl::InitializeLog() is called are written to STDERR
I0000 00:00:1777635003.497670  125761 csv_example_reader.cc:212] 0 row(s) processed
I0000 00:00:1777635003.504215  125761 csv_example_reader.cc:216] Stop scanning the csv file to infer the type. Some records were not considered.
I0000 00:00:1777635003.504232  125761 data_spec_inference.cc:457] 19 column(s) found
I0000 00:00:1777635003.504247  125761 csv_example_reader.cc:303] 0 row(s) processed
I0000 00:00:1777635017.699964  125761 data_spec_inference.cc:494] Finalizing [5000000 row(s) found]
I0000 00:00:1777635017.700038  125761 train_oblique_forest.cc:391] Configuring oblique splits
I0000 00:00:1777635017.700106  125761 abstract_learner.cc:155] No input feature explicitly specified. Using all the available input features.
I0000 00:00:1777635017.700110  125761 abstract_learner.cc:172] The label "class" was removed from the input feature set.
I0000 00:00:1777635017.700582  125761 vertical_dataset_io.cc:82] 100 examples scanned.
I0000 00:00:1777635032.897669  125761 vertical_dataset_io.cc:88] 5000000 examples read. Memory: usage:380MB allocated:380MB. 0 (0%) examples have been skipped.
I0000 00:00:1777635032.897758  125761 abstract_learner.cc:155] No input feature explicitly specified. Using all the available input features.
I0000 00:00:1777635032.897765  125761 abstract_learner.cc:172] The label "class" was removed from the input feature set.
I0000 00:00:1777635032.897787  125761 random_forest.cc:478] Training random forest on 5000000 example(s) and 18 feature(s).
I0000 00:00:1777635032.897801  125761 gpu.cc:93] Cannot initialize GPU: Not compiled with GPU support
I0000 00:00:1777635032.898082  125761 random_forest.cc:713] num_threads being used: 8
I0000 00:00:1777635076.281756  125880 random_forest.cc:1121] Train tree 1/40 [index:2 total:43.38s tree:43.38s]
I0000 00:00:1777635119.010095  125880 random_forest.cc:1121] Train tree 9/40 [index:8 total:1m26.11s tree:42.73s]
I0000 00:00:1777635162.494698  125880 random_forest.cc:1121] Train tree 17/40 [index:16 total:2m9.60s tree:43.48s]
I0000 00:00:1777635205.672322  125884 random_forest.cc:1121] Train tree 25/40 [index:28 total:2m52.77s tree:42.09s]
I0000 00:00:1777635248.884393  125884 random_forest.cc:1121] Train tree 33/40 [index:32 total:3m35.99s tree:43.21s]
I0000 00:00:1777635251.195769  125761 random_forest.cc:1131] random_forest.cc Training block took: 218.298 s
I0000 00:00:1777635251.195818  125761 random_forest.cc:1217] EXITING EARLY TO SPEED UP EXPERIMENTS!
-1 (automatic) threads requested. 8 threads set.
Using histogram splitting: Random with 64 bins
MEDIAN of 7/7 runs: 218.274 s  (samples: 218.274 218.456 217.764 218.254 218.475 218.124 218.298)
./bazel-bin/examples/train_oblique_forest --input_mode csv --train_csv "benchmarks/data/epsilon_normalized_train.csv" --label_col "label" --numerical_split_type "Random" --num_trees=40 --num_threads=-1 --compute_oob_performances=false --histogram_num_bins=64 
----- Run 1/7 -----


Inferring DataSpec from CSV: benchmarks/data/epsilon_normalized_train.csv


WARNING: All log messages before absl::InitializeLog() is called are written to STDERR
I0000 00:00:1777635251.840792  126720 csv_example_reader.cc:212] 0 row(s) processed
I0000 00:00:1777635252.491607  126720 csv_example_reader.cc:216] Stop scanning the csv file to infer the type. Some records were not considered.
I0000 00:00:1777635252.491848  126720 data_spec_inference.cc:457] 2001 column(s) found
I0000 00:00:1777635252.494970  126720 csv_example_reader.cc:303] 0 row(s) processed
I0000 00:00:1777635282.496000  126720 csv_example_reader.cc:303] 104235 row(s) processed
I0000 00:00:1777635312.496162  126720 csv_example_reader.cc:303] 202060 row(s) processed
I0000 00:00:1777635342.497001  126720 csv_example_reader.cc:303] 300171 row(s) processed
I0000 00:00:1777635372.497270  126720 csv_example_reader.cc:303] 398617 row(s) processed
I0000 00:00:1777635372.912017  126720 data_spec_inference.cc:494] Finalizing [400000 row(s) found]
I0000 00:00:1777635372.912131  126720 train_oblique_forest.cc:391] Configuring oblique splits
I0000 00:00:1777635372.912312  126720 abstract_learner.cc:155] No input feature explicitly specified. Using all the available input features.
I0000 00:00:1777635372.912317  126720 abstract_learner.cc:172] The label "label" was removed from the input feature set.
I0000 00:00:1777635372.946385  126720 vertical_dataset_io.cc:82] 100 examples scanned.
I0000 00:00:1777635402.956764  126720 vertical_dataset_io.cc:82] 97700 examples scanned.
I0000 00:00:1777635432.960434  126720 vertical_dataset_io.cc:82] 192600 examples scanned.
I0000 00:00:1777635462.975756  126720 vertical_dataset_io.cc:82] 285600 examples scanned.
I0000 00:00:1777635492.987978  126720 vertical_dataset_io.cc:82] 381200 examples scanned.
I0000 00:00:1777635500.255464  126720 vertical_dataset_io.cc:88] 400000 examples read. Memory: usage:3201MB allocated:3201MB. 0 (0%) examples have been skipped.
I0000 00:00:1777635500.255853  126720 abstract_learner.cc:155] No input feature explicitly specified. Using all the available input features.
I0000 00:00:1777635500.255901  126720 abstract_learner.cc:172] The label "label" was removed from the input feature set.
I0000 00:00:1777635500.256161  126720 random_forest.cc:478] Training random forest on 400000 example(s) and 2000 feature(s).
I0000 00:00:1777635500.256236  126720 gpu.cc:93] Cannot initialize GPU: Not compiled with GPU support
I0000 00:00:1777635500.256652  126720 random_forest.cc:713] num_threads being used: 8
I0000 00:00:1777635526.435732  127668 random_forest.cc:1121] Train tree 1/40 [index:0 total:26.18s tree:26.18s]
I0000 00:00:1777635552.863607  127663 random_forest.cc:1121] Train tree 9/40 [index:10 total:52.61s tree:26.34s]
I0000 00:00:1777635579.191782  127663 random_forest.cc:1121] Train tree 17/40 [index:16 total:1m18.94s tree:26.33s]
I0000 00:00:1777635605.694935  127664 random_forest.cc:1121] Train tree 25/40 [index:25 total:1m45.44s tree:26.44s]
I0000 00:00:1777635632.135464  127664 random_forest.cc:1121] Train tree 33/40 [index:32 total:2m11.88s tree:26.44s]
I0000 00:00:1777635633.430153  126720 random_forest.cc:1131] random_forest.cc Training block took: 133.175 s
I0000 00:00:1777635633.430198  126720 random_forest.cc:1217] EXITING EARLY TO SPEED UP EXPERIMENTS!
-1 (automatic) threads requested. 8 threads set.
Using histogram splitting: Random with 64 bins
----- Run 2/7 -----


Inferring DataSpec from CSV: benchmarks/data/epsilon_normalized_train.csv


WARNING: All log messages before absl::InitializeLog() is called are written to STDERR
I0000 00:00:1777635633.626049  128180 csv_example_reader.cc:212] 0 row(s) processed
I0000 00:00:1777635634.273857  128180 csv_example_reader.cc:216] Stop scanning the csv file to infer the type. Some records were not considered.
I0000 00:00:1777635634.274099  128180 data_spec_inference.cc:457] 2001 column(s) found
I0000 00:00:1777635634.277190  128180 csv_example_reader.cc:303] 0 row(s) processed
I0000 00:00:1777635664.277284  128180 csv_example_reader.cc:303] 108132 row(s) processed
I0000 00:00:1777635694.277403  128180 csv_example_reader.cc:303] 216253 row(s) processed
I0000 00:00:1777635724.277738  128180 csv_example_reader.cc:303] 324439 row(s) processed
I0000 00:00:1777635745.236201  128180 data_spec_inference.cc:494] Finalizing [400000 row(s) found]
I0000 00:00:1777635745.236302  128180 train_oblique_forest.cc:391] Configuring oblique splits
I0000 00:00:1777635745.236495  128180 abstract_learner.cc:155] No input feature explicitly specified. Using all the available input features.
I0000 00:00:1777635745.236500  128180 abstract_learner.cc:172] The label "label" was removed from the input feature set.
I0000 00:00:1777635745.270512  128180 vertical_dataset_io.cc:82] 100 examples scanned.
I0000 00:00:1777635775.276279  128180 vertical_dataset_io.cc:82] 97800 examples scanned.
I0000 00:00:1777635805.283761  128180 vertical_dataset_io.cc:82] 192800 examples scanned.
I0000 00:00:1777635835.300532  128180 vertical_dataset_io.cc:82] 285900 examples scanned.
I0000 00:00:1777635865.328693  128180 vertical_dataset_io.cc:82] 381700 examples scanned.
I0000 00:00:1777635872.436306  128180 vertical_dataset_io.cc:88] 400000 examples read. Memory: usage:3201MB allocated:3201MB. 0 (0%) examples have been skipped.
I0000 00:00:1777635872.436692  128180 abstract_learner.cc:155] No input feature explicitly specified. Using all the available input features.
I0000 00:00:1777635872.436738  128180 abstract_learner.cc:172] The label "label" was removed from the input feature set.
I0000 00:00:1777635872.436960  128180 random_forest.cc:478] Training random forest on 400000 example(s) and 2000 feature(s).
I0000 00:00:1777635872.437031  128180 gpu.cc:93] Cannot initialize GPU: Not compiled with GPU support
I0000 00:00:1777635872.437467  128180 random_forest.cc:713] num_threads being used: 8
I0000 00:00:1777635898.560076  129091 random_forest.cc:1121] Train tree 1/40 [index:0 total:26.12s tree:26.12s]
I0000 00:00:1777635924.809524  129092 random_forest.cc:1121] Train tree 9/40 [index:11 total:52.37s tree:26.05s]
I0000 00:00:1777635950.967372  129092 random_forest.cc:1121] Train tree 17/40 [index:16 total:1m18.53s tree:26.16s]
I0000 00:00:1777635977.501318  129092 random_forest.cc:1121] Train tree 25/40 [index:24 total:1m45.06s tree:26.53s]
I0000 00:00:1777636003.832440  129092 random_forest.cc:1121] Train tree 33/40 [index:32 total:2m11.39s tree:26.33s]
I0000 00:00:1777636005.374401  128180 random_forest.cc:1131] random_forest.cc Training block took: 132.938 s
I0000 00:00:1777636005.374446  128180 random_forest.cc:1217] EXITING EARLY TO SPEED UP EXPERIMENTS!
-1 (automatic) threads requested. 8 threads set.
Using histogram splitting: Random with 64 bins
----- Run 3/7 -----


Inferring DataSpec from CSV: benchmarks/data/epsilon_normalized_train.csv


WARNING: All log messages before absl::InitializeLog() is called are written to STDERR
I0000 00:00:1777636005.570663  129604 csv_example_reader.cc:212] 0 row(s) processed
I0000 00:00:1777636006.218554  129604 csv_example_reader.cc:216] Stop scanning the csv file to infer the type. Some records were not considered.
I0000 00:00:1777636006.218775  129604 data_spec_inference.cc:457] 2001 column(s) found
I0000 00:00:1777636006.221864  129604 csv_example_reader.cc:303] 0 row(s) processed
I0000 00:00:1777636036.222138  129604 csv_example_reader.cc:303] 107640 row(s) processed
I0000 00:00:1777636066.222208  129604 csv_example_reader.cc:303] 215298 row(s) processed
I0000 00:00:1777636096.222504  129604 csv_example_reader.cc:303] 323302 row(s) processed
I0000 00:00:1777636117.517655  129604 data_spec_inference.cc:494] Finalizing [400000 row(s) found]
I0000 00:00:1777636117.517756  129604 train_oblique_forest.cc:391] Configuring oblique splits
I0000 00:00:1777636117.517939  129604 abstract_learner.cc:155] No input feature explicitly specified. Using all the available input features.
I0000 00:00:1777636117.517944  129604 abstract_learner.cc:172] The label "label" was removed from the input feature set.
I0000 00:00:1777636117.552039  129604 vertical_dataset_io.cc:82] 100 examples scanned.
I0000 00:00:1777636147.567020  129604 vertical_dataset_io.cc:82] 97800 examples scanned.
I0000 00:00:1777636177.589021  129604 vertical_dataset_io.cc:82] 192900 examples scanned.
I0000 00:00:1777636207.613959  129604 vertical_dataset_io.cc:82] 286100 examples scanned.
I0000 00:00:1777636237.647288  129604 vertical_dataset_io.cc:82] 382000 examples scanned.
I0000 00:00:1777636244.647560  129604 vertical_dataset_io.cc:88] 400000 examples read. Memory: usage:3201MB allocated:3201MB. 0 (0%) examples have been skipped.
I0000 00:00:1777636244.647952  129604 abstract_learner.cc:155] No input feature explicitly specified. Using all the available input features.
I0000 00:00:1777636244.647999  129604 abstract_learner.cc:172] The label "label" was removed from the input feature set.
I0000 00:00:1777636244.648245  129604 random_forest.cc:478] Training random forest on 400000 example(s) and 2000 feature(s).
I0000 00:00:1777636244.648322  129604 gpu.cc:93] Cannot initialize GPU: Not compiled with GPU support
I0000 00:00:1777636244.648744  129604 random_forest.cc:713] num_threads being used: 8
I0000 00:00:1777636270.860856  130518 random_forest.cc:1121] Train tree 1/40 [index:6 total:26.21s tree:26.21s]
I0000 00:00:1777636297.000488  130516 random_forest.cc:1121] Train tree 9/40 [index:11 total:52.35s tree:26.03s]
I0000 00:00:1777636323.231595  130516 random_forest.cc:1121] Train tree 17/40 [index:16 total:1m18.58s tree:26.23s]
I0000 00:00:1777636349.972121  130516 random_forest.cc:1121] Train tree 25/40 [index:24 total:1m45.32s tree:26.74s]
I0000 00:00:1777636376.391266  130516 random_forest.cc:1121] Train tree 33/40 [index:32 total:2m11.74s tree:26.42s]
I0000 00:00:1777636377.341136  129604 random_forest.cc:1131] random_forest.cc Training block took: 132.693 s
I0000 00:00:1777636377.341170  129604 random_forest.cc:1217] EXITING EARLY TO SPEED UP EXPERIMENTS!
-1 (automatic) threads requested. 8 threads set.
Using histogram splitting: Random with 64 bins
----- Run 4/7 -----


Inferring DataSpec from CSV: benchmarks/data/epsilon_normalized_train.csv


WARNING: All log messages before absl::InitializeLog() is called are written to STDERR
I0000 00:00:1777636377.537435  131028 csv_example_reader.cc:212] 0 row(s) processed
I0000 00:00:1777636378.185657  131028 csv_example_reader.cc:216] Stop scanning the csv file to infer the type. Some records were not considered.
I0000 00:00:1777636378.185900  131028 data_spec_inference.cc:457] 2001 column(s) found
I0000 00:00:1777636378.188978  131028 csv_example_reader.cc:303] 0 row(s) processed
I0000 00:00:1777636408.189175  131028 csv_example_reader.cc:303] 107978 row(s) processed
I0000 00:00:1777636438.189295  131028 csv_example_reader.cc:303] 216003 row(s) processed
I0000 00:00:1777636468.189560  131028 csv_example_reader.cc:303] 323984 row(s) processed
I0000 00:00:1777636489.302682  131028 data_spec_inference.cc:494] Finalizing [400000 row(s) found]
I0000 00:00:1777636489.302783  131028 train_oblique_forest.cc:391] Configuring oblique splits
I0000 00:00:1777636489.302966  131028 abstract_learner.cc:155] No input feature explicitly specified. Using all the available input features.
I0000 00:00:1777636489.302971  131028 abstract_learner.cc:172] The label "label" was removed from the input feature set.
I0000 00:00:1777636489.336996  131028 vertical_dataset_io.cc:82] 100 examples scanned.
I0000 00:00:1777636519.360678  131028 vertical_dataset_io.cc:82] 98100 examples scanned.
I0000 00:00:1777636549.390680  131028 vertical_dataset_io.cc:82] 193500 examples scanned.
I0000 00:00:1777636579.401640  131028 vertical_dataset_io.cc:82] 286900 examples scanned.
I0000 00:00:1777636609.409264  131028 vertical_dataset_io.cc:82] 382900 examples scanned.
I0000 00:00:1777636616.116768  131028 vertical_dataset_io.cc:88] 400000 examples read. Memory: usage:3201MB allocated:3201MB. 0 (0%) examples have been skipped.
I0000 00:00:1777636616.117176  131028 abstract_learner.cc:155] No input feature explicitly specified. Using all the available input features.
I0000 00:00:1777636616.117228  131028 abstract_learner.cc:172] The label "label" was removed from the input feature set.
I0000 00:00:1777636616.117453  131028 random_forest.cc:478] Training random forest on 400000 example(s) and 2000 feature(s).
I0000 00:00:1777636616.117524  131028 gpu.cc:93] Cannot initialize GPU: Not compiled with GPU support
I0000 00:00:1777636616.117956  131028 random_forest.cc:713] num_threads being used: 8
I0000 00:00:1777636642.080589  131935 random_forest.cc:1121] Train tree 1/40 [index:0 total:25.96s tree:25.96s]
I0000 00:00:1777636668.504323  131930 random_forest.cc:1121] Train tree 9/40 [index:11 total:52.39s tree:26.09s]
I0000 00:00:1777636694.694463  131930 random_forest.cc:1121] Train tree 17/40 [index:16 total:1m18.58s tree:26.19s]
I0000 00:00:1777636721.350908  131935 random_forest.cc:1121] Train tree 25/40 [index:25 total:1m45.23s tree:26.40s]
I0000 00:00:1777636747.787208  131935 random_forest.cc:1121] Train tree 33/40 [index:32 total:2m11.67s tree:26.44s]
I0000 00:00:1777636748.972430  131028 random_forest.cc:1131] random_forest.cc Training block took: 132.855 s
I0000 00:00:1777636748.972474  131028 random_forest.cc:1217] EXITING EARLY TO SPEED UP EXPERIMENTS!
-1 (automatic) threads requested. 8 threads set.
Using histogram splitting: Random with 64 bins
----- Run 5/7 -----


Inferring DataSpec from CSV: benchmarks/data/epsilon_normalized_train.csv


WARNING: All log messages before absl::InitializeLog() is called are written to STDERR
I0000 00:00:1777636749.168341  132443 csv_example_reader.cc:212] 0 row(s) processed
I0000 00:00:1777636749.818481  132443 csv_example_reader.cc:216] Stop scanning the csv file to infer the type. Some records were not considered.
I0000 00:00:1777636749.818698  132443 data_spec_inference.cc:457] 2001 column(s) found
I0000 00:00:1777636749.821830  132443 csv_example_reader.cc:303] 0 row(s) processed
I0000 00:00:1777636779.822084  132443 csv_example_reader.cc:303] 108246 row(s) processed
I0000 00:00:1777636809.822319  132443 csv_example_reader.cc:303] 216464 row(s) processed
I0000 00:00:1777636839.822511  132443 csv_example_reader.cc:303] 324756 row(s) processed
I0000 00:00:1777636860.670378  132443 data_spec_inference.cc:494] Finalizing [400000 row(s) found]
I0000 00:00:1777636860.670481  132443 train_oblique_forest.cc:391] Configuring oblique splits
I0000 00:00:1777636860.670674  132443 abstract_learner.cc:155] No input feature explicitly specified. Using all the available input features.
I0000 00:00:1777636860.670679  132443 abstract_learner.cc:172] The label "label" was removed from the input feature set.
I0000 00:00:1777636860.704542  132443 vertical_dataset_io.cc:82] 100 examples scanned.
I0000 00:00:1777636890.732105  132443 vertical_dataset_io.cc:82] 98000 examples scanned.
I0000 00:00:1777636920.756276  132443 vertical_dataset_io.cc:82] 193200 examples scanned.
I0000 00:00:1777636950.761000  132443 vertical_dataset_io.cc:82] 286400 examples scanned.
I0000 00:00:1777636980.766417  132443 vertical_dataset_io.cc:82] 382200 examples scanned.
I0000 00:00:1777636987.710052  132443 vertical_dataset_io.cc:88] 400000 examples read. Memory: usage:3201MB allocated:3201MB. 0 (0%) examples have been skipped.
I0000 00:00:1777636987.710446  132443 abstract_learner.cc:155] No input feature explicitly specified. Using all the available input features.
I0000 00:00:1777636987.710491  132443 abstract_learner.cc:172] The label "label" was removed from the input feature set.
I0000 00:00:1777636987.710715  132443 random_forest.cc:478] Training random forest on 400000 example(s) and 2000 feature(s).
I0000 00:00:1777636987.710787  132443 gpu.cc:93] Cannot initialize GPU: Not compiled with GPU support
I0000 00:00:1777636987.711221  132443 random_forest.cc:713] num_threads being used: 8
I0000 00:00:1777637013.778539  133358 random_forest.cc:1121] Train tree 1/40 [index:0 total:26.07s tree:26.07s]
I0000 00:00:1777637040.087616  133354 random_forest.cc:1121] Train tree 9/40 [index:11 total:52.38s tree:26.01s]
I0000 00:00:1777637066.390309  133354 random_forest.cc:1121] Train tree 17/40 [index:16 total:1m18.68s tree:26.30s]
I0000 00:00:1777637093.016538  133354 random_forest.cc:1121] Train tree 25/40 [index:24 total:1m45.31s tree:26.63s]
I0000 00:00:1777637119.349244  133354 random_forest.cc:1121] Train tree 33/40 [index:32 total:2m11.64s tree:26.33s]
I0000 00:00:1777637120.573960  132443 random_forest.cc:1131] random_forest.cc Training block took: 132.864 s
I0000 00:00:1777637120.574005  132443 random_forest.cc:1217] EXITING EARLY TO SPEED UP EXPERIMENTS!
-1 (automatic) threads requested. 8 threads set.
Using histogram splitting: Random with 64 bins
----- Run 6/7 -----


Inferring DataSpec from CSV: benchmarks/data/epsilon_normalized_train.csv


WARNING: All log messages before absl::InitializeLog() is called are written to STDERR
I0000 00:00:1777637120.770048  133870 csv_example_reader.cc:212] 0 row(s) processed
I0000 00:00:1777637121.418456  133870 csv_example_reader.cc:216] Stop scanning the csv file to infer the type. Some records were not considered.
I0000 00:00:1777637121.418687  133870 data_spec_inference.cc:457] 2001 column(s) found
I0000 00:00:1777637121.421774  133870 csv_example_reader.cc:303] 0 row(s) processed
I0000 00:00:1777637151.422054  133870 csv_example_reader.cc:303] 108101 row(s) processed
I0000 00:00:1777637181.422188  133870 csv_example_reader.cc:303] 216212 row(s) processed
I0000 00:00:1777637211.422282  133870 csv_example_reader.cc:303] 324364 row(s) processed
I0000 00:00:1777637232.395874  133870 data_spec_inference.cc:494] Finalizing [400000 row(s) found]
I0000 00:00:1777637232.395960  133870 train_oblique_forest.cc:391] Configuring oblique splits
I0000 00:00:1777637232.396152  133870 abstract_learner.cc:155] No input feature explicitly specified. Using all the available input features.
I0000 00:00:1777637232.396157  133870 abstract_learner.cc:172] The label "label" was removed from the input feature set.
I0000 00:00:1777637232.430008  133870 vertical_dataset_io.cc:82] 100 examples scanned.
I0000 00:00:1777637262.436121  133870 vertical_dataset_io.cc:82] 97900 examples scanned.
I0000 00:00:1777637292.438598  133870 vertical_dataset_io.cc:82] 193100 examples scanned.
I0000 00:00:1777637322.460185  133870 vertical_dataset_io.cc:82] 286400 examples scanned.
I0000 00:00:1777637352.460412  133870 vertical_dataset_io.cc:82] 382300 examples scanned.
I0000 00:00:1777637359.378725  133870 vertical_dataset_io.cc:88] 400000 examples read. Memory: usage:3201MB allocated:3201MB. 0 (0%) examples have been skipped.
I0000 00:00:1777637359.379134  133870 abstract_learner.cc:155] No input feature explicitly specified. Using all the available input features.
I0000 00:00:1777637359.379184  133870 abstract_learner.cc:172] The label "label" was removed from the input feature set.
I0000 00:00:1777637359.379411  133870 random_forest.cc:478] Training random forest on 400000 example(s) and 2000 feature(s).
I0000 00:00:1777637359.379489  133870 gpu.cc:93] Cannot initialize GPU: Not compiled with GPU support
I0000 00:00:1777637359.379920  133870 random_forest.cc:713] num_threads being used: 8
I0000 00:00:1777637385.498191  134818 random_forest.cc:1121] Train tree 1/40 [index:0 total:26.12s tree:26.12s]
I0000 00:00:1777637411.705414  134813 random_forest.cc:1121] Train tree 9/40 [index:11 total:52.33s tree:26.02s]
I0000 00:00:1777637437.876847  134813 random_forest.cc:1121] Train tree 17/40 [index:16 total:1m18.50s tree:26.17s]
I0000 00:00:1777637464.517559  134811 random_forest.cc:1121] Train tree 25/40 [index:25 total:1m45.14s tree:26.32s]
I0000 00:00:1777637490.879001  134813 random_forest.cc:1121] Train tree 33/40 [index:33 total:2m11.50s tree:26.35s]
I0000 00:00:1777637493.380137  133870 random_forest.cc:1131] random_forest.cc Training block took: 134.001 s
I0000 00:00:1777637493.380185  133870 random_forest.cc:1217] EXITING EARLY TO SPEED UP EXPERIMENTS!
-1 (automatic) threads requested. 8 threads set.
Using histogram splitting: Random with 64 bins
----- Run 7/7 -----


Inferring DataSpec from CSV: benchmarks/data/epsilon_normalized_train.csv


WARNING: All log messages before absl::InitializeLog() is called are written to STDERR
I0000 00:00:1777637493.576247  135330 csv_example_reader.cc:212] 0 row(s) processed
I0000 00:00:1777637494.224926  135330 csv_example_reader.cc:216] Stop scanning the csv file to infer the type. Some records were not considered.
I0000 00:00:1777637494.225192  135330 data_spec_inference.cc:457] 2001 column(s) found
I0000 00:00:1777637494.228279  135330 csv_example_reader.cc:303] 0 row(s) processed
I0000 00:00:1777637524.228416  135330 csv_example_reader.cc:303] 108197 row(s) processed
I0000 00:00:1777637554.228667  135330 csv_example_reader.cc:303] 216361 row(s) processed
I0000 00:00:1777637584.228898  135330 csv_example_reader.cc:303] 324497 row(s) processed
I0000 00:00:1777637605.159494  135330 data_spec_inference.cc:494] Finalizing [400000 row(s) found]
I0000 00:00:1777637605.159596  135330 train_oblique_forest.cc:391] Configuring oblique splits
I0000 00:00:1777637605.159777  135330 abstract_learner.cc:155] No input feature explicitly specified. Using all the available input features.
I0000 00:00:1777637605.159782  135330 abstract_learner.cc:172] The label "label" was removed from the input feature set.
I0000 00:00:1777637605.193986  135330 vertical_dataset_io.cc:82] 100 examples scanned.
I0000 00:00:1777637635.210703  135330 vertical_dataset_io.cc:82] 97800 examples scanned.
I0000 00:00:1777637665.226670  135330 vertical_dataset_io.cc:82] 193000 examples scanned.
I0000 00:00:1777637695.232033  135330 vertical_dataset_io.cc:82] 286200 examples scanned.
I0000 00:00:1777637725.234122  135330 vertical_dataset_io.cc:82] 382000 examples scanned.
I0000 00:00:1777637732.232895  135330 vertical_dataset_io.cc:88] 400000 examples read. Memory: usage:3201MB allocated:3201MB. 0 (0%) examples have been skipped.
I0000 00:00:1777637732.233306  135330 abstract_learner.cc:155] No input feature explicitly specified. Using all the available input features.
I0000 00:00:1777637732.233356  135330 abstract_learner.cc:172] The label "label" was removed from the input feature set.
I0000 00:00:1777637732.233589  135330 random_forest.cc:478] Training random forest on 400000 example(s) and 2000 feature(s).
I0000 00:00:1777637732.233665  135330 gpu.cc:93] Cannot initialize GPU: Not compiled with GPU support
I0000 00:00:1777637732.234096  135330 random_forest.cc:713] num_threads being used: 8
I0000 00:00:1777637758.385700  136245 random_forest.cc:1121] Train tree 1/40 [index:0 total:26.15s tree:26.15s]
I0000 00:00:1777637784.704032  136245 random_forest.cc:1121] Train tree 9/40 [index:8 total:52.47s tree:26.32s]
I0000 00:00:1777637810.927487  136245 random_forest.cc:1121] Train tree 17/40 [index:16 total:1m18.69s tree:26.22s]
I0000 00:00:1777637837.708879  136245 random_forest.cc:1121] Train tree 25/40 [index:24 total:1m45.47s tree:26.78s]
I0000 00:00:1777637864.040460  136243 random_forest.cc:1121] Train tree 33/40 [index:33 total:2m11.81s tree:26.32s]
I0000 00:00:1777637865.214231  135330 random_forest.cc:1131] random_forest.cc Training block took: 132.981 s
I0000 00:00:1777637865.214276  135330 random_forest.cc:1217] EXITING EARLY TO SPEED UP EXPERIMENTS!
-1 (automatic) threads requested. 8 threads set.
Using histogram splitting: Random with 64 bins
MEDIAN of 7/7 runs: 132.938 s  (samples: 133.175 132.938 132.693 132.855 132.864 134.001 132.981)
./bazel-bin/examples/train_oblique_forest --input_mode trunk --rows 10000 --numerical_split_type "Random" --num_trees=40 --num_threads=-1 --compute_oob_performances=false --histogram_num_bins=64 
----- Run 1/7 -----
WARNING: All log messages before absl::InitializeLog() is called are written to STDERR
I0000 00:00:1777637865.407290  136763 train_oblique_forest.cc:261] Generating trunk synthetic dataset: rows=10000, cols=4096
I0000 00:00:1777637865.820647  136763 train_oblique_forest.cc:391] Configuring oblique splits
I0000 00:00:1777637865.821034  136763 abstract_learner.cc:155] No input feature explicitly specified. Using all the available input features.
I0000 00:00:1777637865.821044  136763 abstract_learner.cc:172] The label "y" was removed from the input feature set.
I0000 00:00:1777637865.821709  136763 random_forest.cc:478] Training random forest on 10000 example(s) and 4096 feature(s).
I0000 00:00:1777637865.821847  136763 gpu.cc:93] Cannot initialize GPU: Not compiled with GPU support
I0000 00:00:1777637865.822892  136763 random_forest.cc:713] num_threads being used: 8
I0000 00:00:1777637866.501888  136769 random_forest.cc:1121] Train tree 1/40 [index:6 total:0.68s tree:0.68s]
I0000 00:00:1777637869.674832  136763 random_forest.cc:1131] random_forest.cc Training block took: 3.85413 s
I0000 00:00:1777637869.674879  136763 random_forest.cc:1217] EXITING EARLY TO SPEED UP EXPERIMENTS!
-1 (automatic) threads requested. 8 threads set.
Using histogram splitting: Random with 64 bins
----- Run 2/7 -----
WARNING: All log messages before absl::InitializeLog() is called are written to STDERR
I0000 00:00:1777637869.692985  136798 train_oblique_forest.cc:261] Generating trunk synthetic dataset: rows=10000, cols=4096
I0000 00:00:1777637870.105178  136798 train_oblique_forest.cc:391] Configuring oblique splits
I0000 00:00:1777637870.105573  136798 abstract_learner.cc:155] No input feature explicitly specified. Using all the available input features.
I0000 00:00:1777637870.105584  136798 abstract_learner.cc:172] The label "y" was removed from the input feature set.
I0000 00:00:1777637870.106261  136798 random_forest.cc:478] Training random forest on 10000 example(s) and 4096 feature(s).
I0000 00:00:1777637870.106399  136798 gpu.cc:93] Cannot initialize GPU: Not compiled with GPU support
I0000 00:00:1777637870.107471  136798 random_forest.cc:713] num_threads being used: 8
I0000 00:00:1777637870.782912  136804 random_forest.cc:1121] Train tree 1/40 [index:6 total:0.68s tree:0.67s]
I0000 00:00:1777637873.976404  136798 random_forest.cc:1131] random_forest.cc Training block took: 3.87116 s
I0000 00:00:1777637873.976455  136798 random_forest.cc:1217] EXITING EARLY TO SPEED UP EXPERIMENTS!
-1 (automatic) threads requested. 8 threads set.
Using histogram splitting: Random with 64 bins
----- Run 3/7 -----
WARNING: All log messages before absl::InitializeLog() is called are written to STDERR
I0000 00:00:1777637873.995633  136833 train_oblique_forest.cc:261] Generating trunk synthetic dataset: rows=10000, cols=4096
I0000 00:00:1777637874.408782  136833 train_oblique_forest.cc:391] Configuring oblique splits
I0000 00:00:1777637874.409181  136833 abstract_learner.cc:155] No input feature explicitly specified. Using all the available input features.
I0000 00:00:1777637874.409192  136833 abstract_learner.cc:172] The label "y" was removed from the input feature set.
I0000 00:00:1777637874.409868  136833 random_forest.cc:478] Training random forest on 10000 example(s) and 4096 feature(s).
I0000 00:00:1777637874.410009  136833 gpu.cc:93] Cannot initialize GPU: Not compiled with GPU support
I0000 00:00:1777637874.411088  136833 random_forest.cc:713] num_threads being used: 8
I0000 00:00:1777637875.089259  136836 random_forest.cc:1121] Train tree 1/40 [index:6 total:0.68s tree:0.67s]
I0000 00:00:1777637878.277605  136833 random_forest.cc:1131] random_forest.cc Training block took: 3.86876 s
I0000 00:00:1777637878.277656  136833 random_forest.cc:1217] EXITING EARLY TO SPEED UP EXPERIMENTS!
-1 (automatic) threads requested. 8 threads set.
Using histogram splitting: Random with 64 bins
----- Run 4/7 -----
WARNING: All log messages before absl::InitializeLog() is called are written to STDERR
I0000 00:00:1777637878.295293  136868 train_oblique_forest.cc:261] Generating trunk synthetic dataset: rows=10000, cols=4096
I0000 00:00:1777637878.707954  136868 train_oblique_forest.cc:391] Configuring oblique splits
I0000 00:00:1777637878.708362  136868 abstract_learner.cc:155] No input feature explicitly specified. Using all the available input features.
I0000 00:00:1777637878.708373  136868 abstract_learner.cc:172] The label "y" was removed from the input feature set.
I0000 00:00:1777637878.709030  136868 random_forest.cc:478] Training random forest on 10000 example(s) and 4096 feature(s).
I0000 00:00:1777637878.709183  136868 gpu.cc:93] Cannot initialize GPU: Not compiled with GPU support
I0000 00:00:1777637878.710263  136868 random_forest.cc:713] num_threads being used: 8
I0000 00:00:1777637879.388716  136874 random_forest.cc:1121] Train tree 1/40 [index:6 total:0.68s tree:0.68s]
I0000 00:00:1777637882.588348  136868 random_forest.cc:1131] random_forest.cc Training block took: 3.88033 s
I0000 00:00:1777637882.588398  136868 random_forest.cc:1217] EXITING EARLY TO SPEED UP EXPERIMENTS!
-1 (automatic) threads requested. 8 threads set.
Using histogram splitting: Random with 64 bins
----- Run 5/7 -----
WARNING: All log messages before absl::InitializeLog() is called are written to STDERR
I0000 00:00:1777637882.606973  136903 train_oblique_forest.cc:261] Generating trunk synthetic dataset: rows=10000, cols=4096
I0000 00:00:1777637883.020253  136903 train_oblique_forest.cc:391] Configuring oblique splits
I0000 00:00:1777637883.020648  136903 abstract_learner.cc:155] No input feature explicitly specified. Using all the available input features.
I0000 00:00:1777637883.020658  136903 abstract_learner.cc:172] The label "y" was removed from the input feature set.
I0000 00:00:1777637883.021333  136903 random_forest.cc:478] Training random forest on 10000 example(s) and 4096 feature(s).
I0000 00:00:1777637883.021469  136903 gpu.cc:93] Cannot initialize GPU: Not compiled with GPU support
I0000 00:00:1777637883.022542  136903 random_forest.cc:713] num_threads being used: 8
I0000 00:00:1777637883.701916  136908 random_forest.cc:1121] Train tree 1/40 [index:6 total:0.68s tree:0.68s]
I0000 00:00:1777637886.890039  136903 random_forest.cc:1131] random_forest.cc Training block took: 3.86972 s
I0000 00:00:1777637886.890105  136903 random_forest.cc:1217] EXITING EARLY TO SPEED UP EXPERIMENTS!
-1 (automatic) threads requested. 8 threads set.
Using histogram splitting: Random with 64 bins
----- Run 6/7 -----
WARNING: All log messages before absl::InitializeLog() is called are written to STDERR
I0000 00:00:1777637886.908581  136938 train_oblique_forest.cc:261] Generating trunk synthetic dataset: rows=10000, cols=4096
I0000 00:00:1777637887.321111  136938 train_oblique_forest.cc:391] Configuring oblique splits
I0000 00:00:1777637887.321509  136938 abstract_learner.cc:155] No input feature explicitly specified. Using all the available input features.
I0000 00:00:1777637887.321518  136938 abstract_learner.cc:172] The label "y" was removed from the input feature set.
I0000 00:00:1777637887.322202  136938 random_forest.cc:478] Training random forest on 10000 example(s) and 4096 feature(s).
I0000 00:00:1777637887.322338  136938 gpu.cc:93] Cannot initialize GPU: Not compiled with GPU support
I0000 00:00:1777637887.323427  136938 random_forest.cc:713] num_threads being used: 8
I0000 00:00:1777637888.000014  136945 random_forest.cc:1121] Train tree 1/40 [index:6 total:0.68s tree:0.68s]
I0000 00:00:1777637891.123900  136938 random_forest.cc:1131] random_forest.cc Training block took: 3.80272 s
I0000 00:00:1777637891.123949  136938 random_forest.cc:1217] EXITING EARLY TO SPEED UP EXPERIMENTS!
-1 (automatic) threads requested. 8 threads set.
Using histogram splitting: Random with 64 bins
----- Run 7/7 -----
WARNING: All log messages before absl::InitializeLog() is called are written to STDERR
I0000 00:00:1777637891.141846  136973 train_oblique_forest.cc:261] Generating trunk synthetic dataset: rows=10000, cols=4096
I0000 00:00:1777637891.553757  136973 train_oblique_forest.cc:391] Configuring oblique splits
I0000 00:00:1777637891.554165  136973 abstract_learner.cc:155] No input feature explicitly specified. Using all the available input features.
I0000 00:00:1777637891.554175  136973 abstract_learner.cc:172] The label "y" was removed from the input feature set.
I0000 00:00:1777637891.554838  136973 random_forest.cc:478] Training random forest on 10000 example(s) and 4096 feature(s).
I0000 00:00:1777637891.554976  136973 gpu.cc:93] Cannot initialize GPU: Not compiled with GPU support
I0000 00:00:1777637891.556047  136973 random_forest.cc:713] num_threads being used: 8
I0000 00:00:1777637892.235790  136979 random_forest.cc:1121] Train tree 1/40 [index:6 total:0.68s tree:0.68s]
I0000 00:00:1777637895.371310  136973 random_forest.cc:1131] random_forest.cc Training block took: 3.81748 s
I0000 00:00:1777637895.371358  136973 random_forest.cc:1217] EXITING EARLY TO SPEED UP EXPERIMENTS!
-1 (automatic) threads requested. 8 threads set.
Using histogram splitting: Random with 64 bins
MEDIAN of 7/7 runs: 3.86876 s  (samples: 3.85413 3.87116 3.86876 3.88033 3.86972 3.80272 3.81748)
./bazel-bin/examples/train_oblique_forest --input_mode trunk --rows 20000 --numerical_split_type "Random" --num_trees=40 --num_threads=-1 --compute_oob_performances=false --histogram_num_bins=64 
----- Run 1/7 -----
WARNING: All log messages before absl::InitializeLog() is called are written to STDERR
I0000 00:00:1777637895.393492  137015 train_oblique_forest.cc:261] Generating trunk synthetic dataset: rows=20000, cols=4096
I0000 00:00:1777637896.215263  137015 train_oblique_forest.cc:391] Configuring oblique splits
I0000 00:00:1777637896.215659  137015 abstract_learner.cc:155] No input feature explicitly specified. Using all the available input features.
I0000 00:00:1777637896.215669  137015 abstract_learner.cc:172] The label "y" was removed from the input feature set.
I0000 00:00:1777637896.216372  137015 random_forest.cc:478] Training random forest on 20000 example(s) and 4096 feature(s).
I0000 00:00:1777637896.216522  137015 gpu.cc:93] Cannot initialize GPU: Not compiled with GPU support
I0000 00:00:1777637896.217603  137015 random_forest.cc:713] num_threads being used: 8
I0000 00:00:1777637897.271514  137022 random_forest.cc:1121] Train tree 1/40 [index:6 total:1.05s tree:1.05s]
I0000 00:00:1777637903.908331  137015 random_forest.cc:1131] random_forest.cc Training block took: 7.693 s
I0000 00:00:1777637903.908379  137015 random_forest.cc:1217] EXITING EARLY TO SPEED UP EXPERIMENTS!
-1 (automatic) threads requested. 8 threads set.
Using histogram splitting: Random with 64 bins
----- Run 2/7 -----
WARNING: All log messages before absl::InitializeLog() is called are written to STDERR
I0000 00:00:1777637903.936090  137066 train_oblique_forest.cc:261] Generating trunk synthetic dataset: rows=20000, cols=4096
I0000 00:00:1777637904.757564  137066 train_oblique_forest.cc:391] Configuring oblique splits
I0000 00:00:1777637904.757950  137066 abstract_learner.cc:155] No input feature explicitly specified. Using all the available input features.
I0000 00:00:1777637904.757960  137066 abstract_learner.cc:172] The label "y" was removed from the input feature set.
I0000 00:00:1777637904.758660  137066 random_forest.cc:478] Training random forest on 20000 example(s) and 4096 feature(s).
I0000 00:00:1777637904.758806  137066 gpu.cc:93] Cannot initialize GPU: Not compiled with GPU support
I0000 00:00:1777637904.759880  137066 random_forest.cc:713] num_threads being used: 8
I0000 00:00:1777637905.874735  137072 random_forest.cc:1121] Train tree 1/40 [index:6 total:1.11s tree:1.11s]
I0000 00:00:1777637912.458561  137066 random_forest.cc:1131] random_forest.cc Training block took: 7.70093 s
I0000 00:00:1777637912.458611  137066 random_forest.cc:1217] EXITING EARLY TO SPEED UP EXPERIMENTS!
-1 (automatic) threads requested. 8 threads set.
Using histogram splitting: Random with 64 bins
----- Run 3/7 -----
WARNING: All log messages before absl::InitializeLog() is called are written to STDERR
I0000 00:00:1777637912.486352  137117 train_oblique_forest.cc:261] Generating trunk synthetic dataset: rows=20000, cols=4096
I0000 00:00:1777637913.308454  137117 train_oblique_forest.cc:391] Configuring oblique splits
I0000 00:00:1777637913.308851  137117 abstract_learner.cc:155] No input feature explicitly specified. Using all the available input features.
I0000 00:00:1777637913.308861  137117 abstract_learner.cc:172] The label "y" was removed from the input feature set.
I0000 00:00:1777637913.309574  137117 random_forest.cc:478] Training random forest on 20000 example(s) and 4096 feature(s).
I0000 00:00:1777637913.309724  137117 gpu.cc:93] Cannot initialize GPU: Not compiled with GPU support
I0000 00:00:1777637913.310799  137117 random_forest.cc:713] num_threads being used: 8
I0000 00:00:1777637914.372146  137123 random_forest.cc:1121] Train tree 1/40 [index:6 total:1.06s tree:1.06s]
I0000 00:00:1777637920.980101  137117 random_forest.cc:1131] random_forest.cc Training block took: 7.67158 s
I0000 00:00:1777637920.980150  137117 random_forest.cc:1217] EXITING EARLY TO SPEED UP EXPERIMENTS!
-1 (automatic) threads requested. 8 threads set.
Using histogram splitting: Random with 64 bins
----- Run 4/7 -----
WARNING: All log messages before absl::InitializeLog() is called are written to STDERR
I0000 00:00:1777637921.008331  137168 train_oblique_forest.cc:261] Generating trunk synthetic dataset: rows=20000, cols=4096
I0000 00:00:1777637921.830796  137168 train_oblique_forest.cc:391] Configuring oblique splits
I0000 00:00:1777637921.831208  137168 abstract_learner.cc:155] No input feature explicitly specified. Using all the available input features.
I0000 00:00:1777637921.831217  137168 abstract_learner.cc:172] The label "y" was removed from the input feature set.
I0000 00:00:1777637921.831907  137168 random_forest.cc:478] Training random forest on 20000 example(s) and 4096 feature(s).
I0000 00:00:1777637921.832078  137168 gpu.cc:93] Cannot initialize GPU: Not compiled with GPU support
I0000 00:00:1777637921.833146  137168 random_forest.cc:713] num_threads being used: 8
I0000 00:00:1777637922.887129  137174 random_forest.cc:1121] Train tree 1/40 [index:6 total:1.05s tree:1.05s]
I0000 00:00:1777637929.495373  137168 random_forest.cc:1131] random_forest.cc Training block took: 7.6645 s
I0000 00:00:1777637929.495422  137168 random_forest.cc:1217] EXITING EARLY TO SPEED UP EXPERIMENTS!
-1 (automatic) threads requested. 8 threads set.
Using histogram splitting: Random with 64 bins
----- Run 5/7 -----
WARNING: All log messages before absl::InitializeLog() is called are written to STDERR
I0000 00:00:1777637929.523250  137219 train_oblique_forest.cc:261] Generating trunk synthetic dataset: rows=20000, cols=4096
I0000 00:00:1777637930.345101  137219 train_oblique_forest.cc:391] Configuring oblique splits
I0000 00:00:1777637930.345491  137219 abstract_learner.cc:155] No input feature explicitly specified. Using all the available input features.
I0000 00:00:1777637930.345501  137219 abstract_learner.cc:172] The label "y" was removed from the input feature set.
I0000 00:00:1777637930.346222  137219 random_forest.cc:478] Training random forest on 20000 example(s) and 4096 feature(s).
I0000 00:00:1777637930.346372  137219 gpu.cc:93] Cannot initialize GPU: Not compiled with GPU support
I0000 00:00:1777637930.347447  137219 random_forest.cc:713] num_threads being used: 8
I0000 00:00:1777637931.405133  137225 random_forest.cc:1121] Train tree 1/40 [index:6 total:1.06s tree:1.06s]
I0000 00:00:1777637938.066872  137219 random_forest.cc:1131] random_forest.cc Training block took: 7.7217 s
I0000 00:00:1777637938.066920  137219 random_forest.cc:1217] EXITING EARLY TO SPEED UP EXPERIMENTS!
-1 (automatic) threads requested. 8 threads set.
Using histogram splitting: Random with 64 bins
----- Run 6/7 -----
WARNING: All log messages before absl::InitializeLog() is called are written to STDERR
I0000 00:00:1777637938.095429  137270 train_oblique_forest.cc:261] Generating trunk synthetic dataset: rows=20000, cols=4096
I0000 00:00:1777637938.917678  137270 train_oblique_forest.cc:391] Configuring oblique splits
I0000 00:00:1777637938.918082  137270 abstract_learner.cc:155] No input feature explicitly specified. Using all the available input features.
I0000 00:00:1777637938.918091  137270 abstract_learner.cc:172] The label "y" was removed from the input feature set.
I0000 00:00:1777637938.918781  137270 random_forest.cc:478] Training random forest on 20000 example(s) and 4096 feature(s).
I0000 00:00:1777637938.918930  137270 gpu.cc:93] Cannot initialize GPU: Not compiled with GPU support
I0000 00:00:1777637938.919987  137270 random_forest.cc:713] num_threads being used: 8
I0000 00:00:1777637939.985134  137276 random_forest.cc:1121] Train tree 1/40 [index:6 total:1.07s tree:1.06s]
I0000 00:00:1777637946.600759  137270 random_forest.cc:1131] random_forest.cc Training block took: 7.68301 s
I0000 00:00:1777637946.600809  137270 random_forest.cc:1217] EXITING EARLY TO SPEED UP EXPERIMENTS!
-1 (automatic) threads requested. 8 threads set.
Using histogram splitting: Random with 64 bins
----- Run 7/7 -----
WARNING: All log messages before absl::InitializeLog() is called are written to STDERR
I0000 00:00:1777637946.629295  137321 train_oblique_forest.cc:261] Generating trunk synthetic dataset: rows=20000, cols=4096
I0000 00:00:1777637947.451522  137321 train_oblique_forest.cc:391] Configuring oblique splits
I0000 00:00:1777637947.451926  137321 abstract_learner.cc:155] No input feature explicitly specified. Using all the available input features.
I0000 00:00:1777637947.451936  137321 abstract_learner.cc:172] The label "y" was removed from the input feature set.
I0000 00:00:1777637947.452643  137321 random_forest.cc:478] Training random forest on 20000 example(s) and 4096 feature(s).
I0000 00:00:1777637947.452790  137321 gpu.cc:93] Cannot initialize GPU: Not compiled with GPU support
I0000 00:00:1777637947.453868  137321 random_forest.cc:713] num_threads being used: 8
I0000 00:00:1777637948.583014  137326 random_forest.cc:1121] Train tree 1/40 [index:6 total:1.13s tree:1.13s]
I0000 00:00:1777637955.111110  137321 random_forest.cc:1131] random_forest.cc Training block took: 7.65952 s
I0000 00:00:1777637955.111158  137321 random_forest.cc:1217] EXITING EARLY TO SPEED UP EXPERIMENTS!
-1 (automatic) threads requested. 8 threads set.
Using histogram splitting: Random with 64 bins
MEDIAN of 7/7 runs: 7.68301 s  (samples: 7.693 7.70093 7.67158 7.6645 7.7217 7.68301 7.65952)
./bazel-bin/examples/train_oblique_forest --input_mode trunk --rows 40000 --numerical_split_type "Random" --num_trees=40 --num_threads=-1 --compute_oob_performances=false --histogram_num_bins=64 
----- Run 1/7 -----
WARNING: All log messages before absl::InitializeLog() is called are written to STDERR
I0000 00:00:1777637955.142799  137379 train_oblique_forest.cc:261] Generating trunk synthetic dataset: rows=40000, cols=4096
I0000 00:00:1777637956.795381  137379 train_oblique_forest.cc:391] Configuring oblique splits
I0000 00:00:1777637956.795763  137379 abstract_learner.cc:155] No input feature explicitly specified. Using all the available input features.
I0000 00:00:1777637956.795774  137379 abstract_learner.cc:172] The label "y" was removed from the input feature set.
I0000 00:00:1777637956.796477  137379 random_forest.cc:478] Training random forest on 40000 example(s) and 4096 feature(s).
I0000 00:00:1777637956.796627  137379 gpu.cc:93] Cannot initialize GPU: Not compiled with GPU support
I0000 00:00:1777637956.797711  137379 random_forest.cc:713] num_threads being used: 8
I0000 00:00:1777637959.569935  137385 random_forest.cc:1121] Train tree 1/40 [index:4 total:2.77s tree:2.77s]
I0000 00:00:1777637972.413235  137379 random_forest.cc:1131] random_forest.cc Training block took: 15.6178 s
I0000 00:00:1777637972.413279  137379 random_forest.cc:1217] EXITING EARLY TO SPEED UP EXPERIMENTS!
-1 (automatic) threads requested. 8 threads set.
Using histogram splitting: Random with 64 bins
----- Run 2/7 -----
WARNING: All log messages before absl::InitializeLog() is called are written to STDERR
I0000 00:00:1777637972.458313  137462 train_oblique_forest.cc:261] Generating trunk synthetic dataset: rows=40000, cols=4096
I0000 00:00:1777637974.111126  137462 train_oblique_forest.cc:391] Configuring oblique splits
I0000 00:00:1777637974.111518  137462 abstract_learner.cc:155] No input feature explicitly specified. Using all the available input features.
I0000 00:00:1777637974.111529  137462 abstract_learner.cc:172] The label "y" was removed from the input feature set.
I0000 00:00:1777637974.112231  137462 random_forest.cc:478] Training random forest on 40000 example(s) and 4096 feature(s).
I0000 00:00:1777637974.112384  137462 gpu.cc:93] Cannot initialize GPU: Not compiled with GPU support
I0000 00:00:1777637974.113435  137462 random_forest.cc:713] num_threads being used: 8
I0000 00:00:1777637976.911878  137465 random_forest.cc:1121] Train tree 1/40 [index:3 total:2.80s tree:2.80s]
I0000 00:00:1777637989.781597  137462 random_forest.cc:1131] random_forest.cc Training block took: 15.6704 s
I0000 00:00:1777637989.781650  137462 random_forest.cc:1217] EXITING EARLY TO SPEED UP EXPERIMENTS!
-1 (automatic) threads requested. 8 threads set.
Using histogram splitting: Random with 64 bins
----- Run 3/7 -----
WARNING: All log messages before absl::InitializeLog() is called are written to STDERR
I0000 00:00:1777637989.827943  137545 train_oblique_forest.cc:261] Generating trunk synthetic dataset: rows=40000, cols=4096
I0000 00:00:1777637991.479261  137545 train_oblique_forest.cc:391] Configuring oblique splits
I0000 00:00:1777637991.479656  137545 abstract_learner.cc:155] No input feature explicitly specified. Using all the available input features.
I0000 00:00:1777637991.479669  137545 abstract_learner.cc:172] The label "y" was removed from the input feature set.
I0000 00:00:1777637991.480345  137545 random_forest.cc:478] Training random forest on 40000 example(s) and 4096 feature(s).
I0000 00:00:1777637991.480499  137545 gpu.cc:93] Cannot initialize GPU: Not compiled with GPU support
I0000 00:00:1777637991.481583  137545 random_forest.cc:713] num_threads being used: 8
I0000 00:00:1777637994.248542  137558 random_forest.cc:1121] Train tree 1/40 [index:4 total:2.77s tree:2.77s]
I0000 00:00:1777638007.092828  137545 random_forest.cc:1131] random_forest.cc Training block took: 15.6135 s
I0000 00:00:1777638007.092880  137545 random_forest.cc:1217] EXITING EARLY TO SPEED UP EXPERIMENTS!
-1 (automatic) threads requested. 8 threads set.
Using histogram splitting: Random with 64 bins
----- Run 4/7 -----
WARNING: All log messages before absl::InitializeLog() is called are written to STDERR
I0000 00:00:1777638007.139488  137628 train_oblique_forest.cc:261] Generating trunk synthetic dataset: rows=40000, cols=4096
I0000 00:00:1777638008.791364  137628 train_oblique_forest.cc:391] Configuring oblique splits
I0000 00:00:1777638008.791751  137628 abstract_learner.cc:155] No input feature explicitly specified. Using all the available input features.
I0000 00:00:1777638008.791764  137628 abstract_learner.cc:172] The label "y" was removed from the input feature set.
I0000 00:00:1777638008.792451  137628 random_forest.cc:478] Training random forest on 40000 example(s) and 4096 feature(s).
I0000 00:00:1777638008.792600  137628 gpu.cc:93] Cannot initialize GPU: Not compiled with GPU support
I0000 00:00:1777638008.793692  137628 random_forest.cc:713] num_threads being used: 8
I0000 00:00:1777638011.564478  137642 random_forest.cc:1121] Train tree 1/40 [index:4 total:2.77s tree:2.77s]
I0000 00:00:1777638024.536988  137628 random_forest.cc:1131] random_forest.cc Training block took: 15.7456 s
I0000 00:00:1777638024.537043  137628 random_forest.cc:1217] EXITING EARLY TO SPEED UP EXPERIMENTS!
-1 (automatic) threads requested. 8 threads set.
Using histogram splitting: Random with 64 bins
----- Run 5/7 -----
WARNING: All log messages before absl::InitializeLog() is called are written to STDERR
I0000 00:00:1777638024.580754  137715 train_oblique_forest.cc:261] Generating trunk synthetic dataset: rows=40000, cols=4096
I0000 00:00:1777638026.232288  137715 train_oblique_forest.cc:391] Configuring oblique splits
I0000 00:00:1777638026.232683  137715 abstract_learner.cc:155] No input feature explicitly specified. Using all the available input features.
I0000 00:00:1777638026.232694  137715 abstract_learner.cc:172] The label "y" was removed from the input feature set.
I0000 00:00:1777638026.233382  137715 random_forest.cc:478] Training random forest on 40000 example(s) and 4096 feature(s).
I0000 00:00:1777638026.233531  137715 gpu.cc:93] Cannot initialize GPU: Not compiled with GPU support
I0000 00:00:1777638026.234584  137715 random_forest.cc:713] num_threads being used: 8
I0000 00:00:1777638029.012538  137726 random_forest.cc:1121] Train tree 1/40 [index:4 total:2.78s tree:2.78s]
I0000 00:00:1777638041.901947  137715 random_forest.cc:1131] random_forest.cc Training block took: 15.6696 s
I0000 00:00:1777638041.901997  137715 random_forest.cc:1217] EXITING EARLY TO SPEED UP EXPERIMENTS!
-1 (automatic) threads requested. 8 threads set.
Using histogram splitting: Random with 64 bins
----- Run 6/7 -----
WARNING: All log messages before absl::InitializeLog() is called are written to STDERR
I0000 00:00:1777638041.947184  137798 train_oblique_forest.cc:261] Generating trunk synthetic dataset: rows=40000, cols=4096
I0000 00:00:1777638043.601499  137798 train_oblique_forest.cc:391] Configuring oblique splits
I0000 00:00:1777638043.601899  137798 abstract_learner.cc:155] No input feature explicitly specified. Using all the available input features.
I0000 00:00:1777638043.601910  137798 abstract_learner.cc:172] The label "y" was removed from the input feature set.
I0000 00:00:1777638043.602605  137798 random_forest.cc:478] Training random forest on 40000 example(s) and 4096 feature(s).
I0000 00:00:1777638043.602757  137798 gpu.cc:93] Cannot initialize GPU: Not compiled with GPU support
I0000 00:00:1777638043.603826  137798 random_forest.cc:713] num_threads being used: 8
I0000 00:00:1777638046.379824  137813 random_forest.cc:1121] Train tree 1/40 [index:4 total:2.78s tree:2.78s]
I0000 00:00:1777638059.180727  137798 random_forest.cc:1131] random_forest.cc Training block took: 15.5792 s
I0000 00:00:1777638059.180779  137798 random_forest.cc:1217] EXITING EARLY TO SPEED UP EXPERIMENTS!
-1 (automatic) threads requested. 8 threads set.
Using histogram splitting: Random with 64 bins
----- Run 7/7 -----
WARNING: All log messages before absl::InitializeLog() is called are written to STDERR
I0000 00:00:1777638059.225501  137883 train_oblique_forest.cc:261] Generating trunk synthetic dataset: rows=40000, cols=4096
I0000 00:00:1777638060.876730  137883 train_oblique_forest.cc:391] Configuring oblique splits
I0000 00:00:1777638060.877137  137883 abstract_learner.cc:155] No input feature explicitly specified. Using all the available input features.
I0000 00:00:1777638060.877147  137883 abstract_learner.cc:172] The label "y" was removed from the input feature set.
I0000 00:00:1777638060.877831  137883 random_forest.cc:478] Training random forest on 40000 example(s) and 4096 feature(s).
I0000 00:00:1777638060.877985  137883 gpu.cc:93] Cannot initialize GPU: Not compiled with GPU support
I0000 00:00:1777638060.879054  137883 random_forest.cc:713] num_threads being used: 8
I0000 00:00:1777638063.666015  137895 random_forest.cc:1121] Train tree 1/40 [index:4 total:2.79s tree:2.79s]
I0000 00:00:1777638076.639998  137883 random_forest.cc:1131] random_forest.cc Training block took: 15.7632 s
I0000 00:00:1777638076.640071  137883 random_forest.cc:1217] EXITING EARLY TO SPEED UP EXPERIMENTS!
-1 (automatic) threads requested. 8 threads set.
Using histogram splitting: Random with 64 bins
MEDIAN of 7/7 runs: 15.6696 s  (samples: 15.6178 15.6704 15.6135 15.7456 15.6696 15.5792 15.7632)
./bazel-bin/examples/train_oblique_forest --input_mode trunk --rows 80000 --numerical_split_type "Random" --num_trees=40 --num_threads=-1 --compute_oob_performances=false --histogram_num_bins=64 
----- Run 1/7 -----
WARNING: All log messages before absl::InitializeLog() is called are written to STDERR
I0000 00:00:1777638076.690371  137973 train_oblique_forest.cc:261] Generating trunk synthetic dataset: rows=80000, cols=4096
I0000 00:00:1777638079.986870  137973 train_oblique_forest.cc:391] Configuring oblique splits
I0000 00:00:1777638079.987274  137973 abstract_learner.cc:155] No input feature explicitly specified. Using all the available input features.
I0000 00:00:1777638079.987285  137973 abstract_learner.cc:172] The label "y" was removed from the input feature set.
I0000 00:00:1777638079.987963  137973 random_forest.cc:478] Training random forest on 80000 example(s) and 4096 feature(s).
I0000 00:00:1777638079.988138  137973 gpu.cc:93] Cannot initialize GPU: Not compiled with GPU support
I0000 00:00:1777638079.989224  137973 random_forest.cc:713] num_threads being used: 8
I0000 00:00:1777638085.877139  137995 random_forest.cc:1121] Train tree 1/40 [index:6 total:5.89s tree:5.89s]
I0000 00:00:1777638110.561373  137991 random_forest.cc:1121] Train tree 33/40 [index:33 total:30.57s tree:6.16s]
I0000 00:00:1777638111.364983  137973 random_forest.cc:1131] random_forest.cc Training block took: 31.3781 s
I0000 00:00:1777638111.365037  137973 random_forest.cc:1217] EXITING EARLY TO SPEED UP EXPERIMENTS!
-1 (automatic) threads requested. 8 threads set.
Using histogram splitting: Random with 64 bins
----- Run 2/7 -----
WARNING: All log messages before absl::InitializeLog() is called are written to STDERR
I0000 00:00:1777638111.436632  138120 train_oblique_forest.cc:261] Generating trunk synthetic dataset: rows=80000, cols=4096
I0000 00:00:1777638114.729493  138120 train_oblique_forest.cc:391] Configuring oblique splits
I0000 00:00:1777638114.729900  138120 abstract_learner.cc:155] No input feature explicitly specified. Using all the available input features.
I0000 00:00:1777638114.729910  138120 abstract_learner.cc:172] The label "y" was removed from the input feature set.
I0000 00:00:1777638114.730595  138120 random_forest.cc:478] Training random forest on 80000 example(s) and 4096 feature(s).
I0000 00:00:1777638114.730747  138120 gpu.cc:93] Cannot initialize GPU: Not compiled with GPU support
I0000 00:00:1777638114.731811  138120 random_forest.cc:713] num_threads being used: 8
I0000 00:00:1777638120.618714  138142 random_forest.cc:1121] Train tree 1/40 [index:6 total:5.89s tree:5.89s]
I0000 00:00:1777638145.264004  138139 random_forest.cc:1121] Train tree 33/40 [index:32 total:30.53s tree:6.24s]
I0000 00:00:1777638145.980152  138120 random_forest.cc:1131] random_forest.cc Training block took: 31.2506 s
I0000 00:00:1777638145.980192  138120 random_forest.cc:1217] EXITING EARLY TO SPEED UP EXPERIMENTS!
-1 (automatic) threads requested. 8 threads set.
Using histogram splitting: Random with 64 bins
----- Run 3/7 -----
WARNING: All log messages before absl::InitializeLog() is called are written to STDERR
I0000 00:00:1777638146.051610  138268 train_oblique_forest.cc:261] Generating trunk synthetic dataset: rows=80000, cols=4096
I0000 00:00:1777638149.345145  138268 train_oblique_forest.cc:391] Configuring oblique splits
I0000 00:00:1777638149.345543  138268 abstract_learner.cc:155] No input feature explicitly specified. Using all the available input features.
I0000 00:00:1777638149.345554  138268 abstract_learner.cc:172] The label "y" was removed from the input feature set.
I0000 00:00:1777638149.346247  138268 random_forest.cc:478] Training random forest on 80000 example(s) and 4096 feature(s).
I0000 00:00:1777638149.346403  138268 gpu.cc:93] Cannot initialize GPU: Not compiled with GPU support
I0000 00:00:1777638149.347480  138268 random_forest.cc:713] num_threads being used: 8
I0000 00:00:1777638155.246561  138290 random_forest.cc:1121] Train tree 1/40 [index:6 total:5.90s tree:5.90s]
I0000 00:00:1777638179.740119  138292 random_forest.cc:1121] Train tree 33/40 [index:33 total:30.39s tree:6.05s]
I0000 00:00:1777638180.692931  138268 random_forest.cc:1131] random_forest.cc Training block took: 31.3477 s
I0000 00:00:1777638180.692977  138268 random_forest.cc:1217] EXITING EARLY TO SPEED UP EXPERIMENTS!
-1 (automatic) threads requested. 8 threads set.
Using histogram splitting: Random with 64 bins
----- Run 4/7 -----
WARNING: All log messages before absl::InitializeLog() is called are written to STDERR
I0000 00:00:1777638180.764666  138423 train_oblique_forest.cc:261] Generating trunk synthetic dataset: rows=80000, cols=4096
I0000 00:00:1777638184.058917  138423 train_oblique_forest.cc:391] Configuring oblique splits
I0000 00:00:1777638184.059312  138423 abstract_learner.cc:155] No input feature explicitly specified. Using all the available input features.
I0000 00:00:1777638184.059323  138423 abstract_learner.cc:172] The label "y" was removed from the input feature set.
I0000 00:00:1777638184.059992  138423 random_forest.cc:478] Training random forest on 80000 example(s) and 4096 feature(s).
I0000 00:00:1777638184.060168  138423 gpu.cc:93] Cannot initialize GPU: Not compiled with GPU support
I0000 00:00:1777638184.061253  138423 random_forest.cc:713] num_threads being used: 8
I0000 00:00:1777638190.016199  138438 random_forest.cc:1121] Train tree 1/40 [index:6 total:5.95s tree:5.95s]
I0000 00:00:1777638214.434845  138438 random_forest.cc:1121] Train tree 33/40 [index:32 total:30.37s tree:6.21s]
I0000 00:00:1777638215.411621  138423 random_forest.cc:1131] random_forest.cc Training block took: 31.3526 s
I0000 00:00:1777638215.411672  138423 random_forest.cc:1217] EXITING EARLY TO SPEED UP EXPERIMENTS!
-1 (automatic) threads requested. 8 threads set.
Using histogram splitting: Random with 64 bins
----- Run 5/7 -----
WARNING: All log messages before absl::InitializeLog() is called are written to STDERR
I0000 00:00:1777638215.483699  138570 train_oblique_forest.cc:261] Generating trunk synthetic dataset: rows=80000, cols=4096
I0000 00:00:1777638218.774997  138570 train_oblique_forest.cc:391] Configuring oblique splits
I0000 00:00:1777638218.775408  138570 abstract_learner.cc:155] No input feature explicitly specified. Using all the available input features.
I0000 00:00:1777638218.775418  138570 abstract_learner.cc:172] The label "y" was removed from the input feature set.
I0000 00:00:1777638218.776108  138570 random_forest.cc:478] Training random forest on 80000 example(s) and 4096 feature(s).
I0000 00:00:1777638218.776261  138570 gpu.cc:93] Cannot initialize GPU: Not compiled with GPU support
I0000 00:00:1777638218.777343  138570 random_forest.cc:713] num_threads being used: 8
I0000 00:00:1777638224.652797  138585 random_forest.cc:1121] Train tree 1/40 [index:6 total:5.88s tree:5.88s]
I0000 00:00:1777638249.336235  138581 random_forest.cc:1121] Train tree 33/40 [index:32 total:30.56s tree:6.20s]
I0000 00:00:1777638250.105550  138570 random_forest.cc:1131] random_forest.cc Training block took: 31.3305 s
I0000 00:00:1777638250.105603  138570 random_forest.cc:1217] EXITING EARLY TO SPEED UP EXPERIMENTS!
-1 (automatic) threads requested. 8 threads set.
Using histogram splitting: Random with 64 bins
----- Run 6/7 -----
WARNING: All log messages before absl::InitializeLog() is called are written to STDERR
I0000 00:00:1777638250.178101  138717 train_oblique_forest.cc:261] Generating trunk synthetic dataset: rows=80000, cols=4096
I0000 00:00:1777638253.471992  138717 train_oblique_forest.cc:391] Configuring oblique splits
I0000 00:00:1777638253.472393  138717 abstract_learner.cc:155] No input feature explicitly specified. Using all the available input features.
I0000 00:00:1777638253.472403  138717 abstract_learner.cc:172] The label "y" was removed from the input feature set.
I0000 00:00:1777638253.473092  138717 random_forest.cc:478] Training random forest on 80000 example(s) and 4096 feature(s).
I0000 00:00:1777638253.473242  138717 gpu.cc:93] Cannot initialize GPU: Not compiled with GPU support
I0000 00:00:1777638253.474328  138717 random_forest.cc:713] num_threads being used: 8
I0000 00:00:1777638259.371472  138731 random_forest.cc:1121] Train tree 1/40 [index:6 total:5.90s tree:5.90s]
I0000 00:00:1777638283.920166  138732 random_forest.cc:1121] Train tree 33/40 [index:33 total:30.45s tree:6.12s]
I0000 00:00:1777638284.807794  138717 random_forest.cc:1131] random_forest.cc Training block took: 31.3357 s
I0000 00:00:1777638284.807845  138717 random_forest.cc:1217] EXITING EARLY TO SPEED UP EXPERIMENTS!
-1 (automatic) threads requested. 8 threads set.
Using histogram splitting: Random with 64 bins
----- Run 7/7 -----
WARNING: All log messages before absl::InitializeLog() is called are written to STDERR
I0000 00:00:1777638284.879767  138864 train_oblique_forest.cc:261] Generating trunk synthetic dataset: rows=80000, cols=4096
I0000 00:00:1777638288.176552  138864 train_oblique_forest.cc:391] Configuring oblique splits
I0000 00:00:1777638288.176927  138864 abstract_learner.cc:155] No input feature explicitly specified. Using all the available input features.
I0000 00:00:1777638288.176938  138864 abstract_learner.cc:172] The label "y" was removed from the input feature set.
I0000 00:00:1777638288.177614  138864 random_forest.cc:478] Training random forest on 80000 example(s) and 4096 feature(s).
I0000 00:00:1777638288.177761  138864 gpu.cc:93] Cannot initialize GPU: Not compiled with GPU support
I0000 00:00:1777638288.178822  138864 random_forest.cc:713] num_threads being used: 8
I0000 00:00:1777638294.069564  138881 random_forest.cc:1121] Train tree 1/40 [index:6 total:5.89s tree:5.89s]
I0000 00:00:1777638318.552149  138875 random_forest.cc:1121] Train tree 33/40 [index:33 total:30.37s tree:6.04s]
I0000 00:00:1777638319.562313  138864 random_forest.cc:1131] random_forest.cc Training block took: 31.3857 s
I0000 00:00:1777638319.562355  138864 random_forest.cc:1217] EXITING EARLY TO SPEED UP EXPERIMENTS!
-1 (automatic) threads requested. 8 threads set.
Using histogram splitting: Random with 64 bins
MEDIAN of 7/7 runs: 31.3477 s  (samples: 31.3781 31.2506 31.3477 31.3526 31.3305 31.3357 31.3857)
./bazel-bin/examples/train_oblique_forest --input_mode trunk --rows 100000 --numerical_split_type "Random" --num_trees=40 --num_threads=-1 --compute_oob_performances=false --histogram_num_bins=64 
----- Run 1/7 -----
WARNING: All log messages before absl::InitializeLog() is called are written to STDERR
I0000 00:00:1777638319.638005  139021 train_oblique_forest.cc:261] Generating trunk synthetic dataset: rows=100000, cols=4096
I0000 00:00:1777638323.747117  139021 train_oblique_forest.cc:391] Configuring oblique splits
I0000 00:00:1777638323.747519  139021 abstract_learner.cc:155] No input feature explicitly specified. Using all the available input features.
I0000 00:00:1777638323.747529  139021 abstract_learner.cc:172] The label "y" was removed from the input feature set.
I0000 00:00:1777638323.748221  139021 random_forest.cc:478] Training random forest on 100000 example(s) and 4096 feature(s).
I0000 00:00:1777638323.748370  139021 gpu.cc:93] Cannot initialize GPU: Not compiled with GPU support
I0000 00:00:1777638323.749433  139021 random_forest.cc:713] num_threads being used: 8
I0000 00:00:1777638330.937784  139040 random_forest.cc:1121] Train tree 1/40 [index:2 total:7.19s tree:7.19s]
I0000 00:00:1777638351.844162  139045 random_forest.cc:1121] Train tree 25/40 [index:25 total:28.09s tree:5.88s]
I0000 00:00:1777638363.045525  139021 random_forest.cc:1131] random_forest.cc Training block took: 39.2983 s
I0000 00:00:1777638363.045581  139021 random_forest.cc:1217] EXITING EARLY TO SPEED UP EXPERIMENTS!
-1 (automatic) threads requested. 8 threads set.
Using histogram splitting: Random with 64 bins
----- Run 2/7 -----
WARNING: All log messages before absl::InitializeLog() is called are written to STDERR
I0000 00:00:1777638363.128993  139200 train_oblique_forest.cc:261] Generating trunk synthetic dataset: rows=100000, cols=4096
I0000 00:00:1777638367.239676  139200 train_oblique_forest.cc:391] Configuring oblique splits
I0000 00:00:1777638367.240082  139200 abstract_learner.cc:155] No input feature explicitly specified. Using all the available input features.
I0000 00:00:1777638367.240093  139200 abstract_learner.cc:172] The label "y" was removed from the input feature set.
I0000 00:00:1777638367.240765  139200 random_forest.cc:478] Training random forest on 100000 example(s) and 4096 feature(s).
I0000 00:00:1777638367.240919  139200 gpu.cc:93] Cannot initialize GPU: Not compiled with GPU support
I0000 00:00:1777638367.241998  139200 random_forest.cc:713] num_threads being used: 8
I0000 00:00:1777638374.368262  139219 random_forest.cc:1121] Train tree 1/40 [index:2 total:7.13s tree:7.13s]
I0000 00:00:1777638394.968545  139224 random_forest.cc:1121] Train tree 25/40 [index:25 total:27.73s tree:5.75s]
I0000 00:00:1777638406.499108  139200 random_forest.cc:1131] random_forest.cc Training block took: 39.2594 s
I0000 00:00:1777638406.499156  139200 random_forest.cc:1217] EXITING EARLY TO SPEED UP EXPERIMENTS!
-1 (automatic) threads requested. 8 threads set.
Using histogram splitting: Random with 64 bins
----- Run 3/7 -----
WARNING: All log messages before absl::InitializeLog() is called are written to STDERR
I0000 00:00:1777638406.580836  139387 train_oblique_forest.cc:261] Generating trunk synthetic dataset: rows=100000, cols=4096
I0000 00:00:1777638410.689715  139387 train_oblique_forest.cc:391] Configuring oblique splits
I0000 00:00:1777638410.690116  139387 abstract_learner.cc:155] No input feature explicitly specified. Using all the available input features.
I0000 00:00:1777638410.690126  139387 abstract_learner.cc:172] The label "y" was removed from the input feature set.
I0000 00:00:1777638410.690784  139387 random_forest.cc:478] Training random forest on 100000 example(s) and 4096 feature(s).
I0000 00:00:1777638410.690925  139387 gpu.cc:93] Cannot initialize GPU: Not compiled with GPU support
I0000 00:00:1777638410.691991  139387 random_forest.cc:713] num_threads being used: 8
I0000 00:00:1777638417.876937  139411 random_forest.cc:1121] Train tree 1/40 [index:2 total:7.18s tree:7.18s]
I0000 00:00:1777638438.468741  139410 random_forest.cc:1121] Train tree 25/40 [index:25 total:27.78s tree:5.75s]
I0000 00:00:1777638449.810893  139387 random_forest.cc:1131] random_forest.cc Training block took: 39.1211 s
I0000 00:00:1777638449.810944  139387 random_forest.cc:1217] EXITING EARLY TO SPEED UP EXPERIMENTS!
-1 (automatic) threads requested. 8 threads set.
Using histogram splitting: Random with 64 bins
----- Run 4/7 -----
WARNING: All log messages before absl::InitializeLog() is called are written to STDERR
I0000 00:00:1777638449.891139  139567 train_oblique_forest.cc:261] Generating trunk synthetic dataset: rows=100000, cols=4096
I0000 00:00:1777638454.007755  139567 train_oblique_forest.cc:391] Configuring oblique splits
I0000 00:00:1777638454.008165  139567 abstract_learner.cc:155] No input feature explicitly specified. Using all the available input features.
I0000 00:00:1777638454.008175  139567 abstract_learner.cc:172] The label "y" was removed from the input feature set.
I0000 00:00:1777638454.008852  139567 random_forest.cc:478] Training random forest on 100000 example(s) and 4096 feature(s).
I0000 00:00:1777638454.009007  139567 gpu.cc:93] Cannot initialize GPU: Not compiled with GPU support
I0000 00:00:1777638454.010109  139567 random_forest.cc:713] num_threads being used: 8
I0000 00:00:1777638461.184971  139586 random_forest.cc:1121] Train tree 1/40 [index:2 total:7.17s tree:7.17s]
I0000 00:00:1777638482.064448  139591 random_forest.cc:1121] Train tree 25/40 [index:25 total:28.05s tree:5.93s]
I0000 00:00:1777638493.204491  139567 random_forest.cc:1131] random_forest.cc Training block took: 39.1967 s
I0000 00:00:1777638493.204544  139567 random_forest.cc:1217] EXITING EARLY TO SPEED UP EXPERIMENTS!
-1 (automatic) threads requested. 8 threads set.
Using histogram splitting: Random with 64 bins
----- Run 5/7 -----
WARNING: All log messages before absl::InitializeLog() is called are written to STDERR
I0000 00:00:1777638493.285075  139746 train_oblique_forest.cc:261] Generating trunk synthetic dataset: rows=100000, cols=4096
I0000 00:00:1777638497.392517  139746 train_oblique_forest.cc:391] Configuring oblique splits
I0000 00:00:1777638497.392913  139746 abstract_learner.cc:155] No input feature explicitly specified. Using all the available input features.
I0000 00:00:1777638497.392923  139746 abstract_learner.cc:172] The label "y" was removed from the input feature set.
I0000 00:00:1777638497.393613  139746 random_forest.cc:478] Training random forest on 100000 example(s) and 4096 feature(s).
I0000 00:00:1777638497.393765  139746 gpu.cc:93] Cannot initialize GPU: Not compiled with GPU support
I0000 00:00:1777638497.394835  139746 random_forest.cc:713] num_threads being used: 8
I0000 00:00:1777638504.545900  139765 random_forest.cc:1121] Train tree 1/40 [index:2 total:7.15s tree:7.15s]
I0000 00:00:1777638525.178466  139763 random_forest.cc:1121] Train tree 25/40 [index:25 total:27.78s tree:5.76s]
I0000 00:00:1777638536.719118  139746 random_forest.cc:1131] random_forest.cc Training block took: 39.3265 s
I0000 00:00:1777638536.719170  139746 random_forest.cc:1217] EXITING EARLY TO SPEED UP EXPERIMENTS!
-1 (automatic) threads requested. 8 threads set.
Using histogram splitting: Random with 64 bins
----- Run 6/7 -----
WARNING: All log messages before absl::InitializeLog() is called are written to STDERR
I0000 00:00:1777638536.800497  139925 train_oblique_forest.cc:261] Generating trunk synthetic dataset: rows=100000, cols=4096
I0000 00:00:1777638540.908977  139925 train_oblique_forest.cc:391] Configuring oblique splits
I0000 00:00:1777638540.909395  139925 abstract_learner.cc:155] No input feature explicitly specified. Using all the available input features.
I0000 00:00:1777638540.909405  139925 abstract_learner.cc:172] The label "y" was removed from the input feature set.
I0000 00:00:1777638540.910103  139925 random_forest.cc:478] Training random forest on 100000 example(s) and 4096 feature(s).
I0000 00:00:1777638540.910276  139925 gpu.cc:93] Cannot initialize GPU: Not compiled with GPU support
I0000 00:00:1777638540.911349  139925 random_forest.cc:713] num_threads being used: 8
I0000 00:00:1777638548.026446  139944 random_forest.cc:1121] Train tree 1/40 [index:2 total:7.12s tree:7.11s]
I0000 00:00:1777638568.852689  139949 random_forest.cc:1121] Train tree 25/40 [index:25 total:27.94s tree:5.76s]
I0000 00:00:1777638580.076219  139925 random_forest.cc:1131] random_forest.cc Training block took: 39.1672 s
I0000 00:00:1777638580.076270  139925 random_forest.cc:1217] EXITING EARLY TO SPEED UP EXPERIMENTS!
-1 (automatic) threads requested. 8 threads set.
Using histogram splitting: Random with 64 bins
----- Run 7/7 -----
WARNING: All log messages before absl::InitializeLog() is called are written to STDERR
I0000 00:00:1777638580.157158  140104 train_oblique_forest.cc:261] Generating trunk synthetic dataset: rows=100000, cols=4096
I0000 00:00:1777638584.272501  140104 train_oblique_forest.cc:391] Configuring oblique splits
I0000 00:00:1777638584.272892  140104 abstract_learner.cc:155] No input feature explicitly specified. Using all the available input features.
I0000 00:00:1777638584.272902  140104 abstract_learner.cc:172] The label "y" was removed from the input feature set.
I0000 00:00:1777638584.273609  140104 random_forest.cc:478] Training random forest on 100000 example(s) and 4096 feature(s).
I0000 00:00:1777638584.273768  140104 gpu.cc:93] Cannot initialize GPU: Not compiled with GPU support
I0000 00:00:1777638584.274837  140104 random_forest.cc:713] num_threads being used: 8
I0000 00:00:1777638591.389573  140122 random_forest.cc:1121] Train tree 1/40 [index:2 total:7.11s tree:7.11s]
I0000 00:00:1777638612.268637  140128 random_forest.cc:1121] Train tree 25/40 [index:25 total:27.99s tree:5.81s]
I0000 00:00:1777638623.547740  140104 random_forest.cc:1131] random_forest.cc Training block took: 39.2752 s
I0000 00:00:1777638623.547783  140104 random_forest.cc:1217] EXITING EARLY TO SPEED UP EXPERIMENTS!
-1 (automatic) threads requested. 8 threads set.
Using histogram splitting: Random with 64 bins
MEDIAN of 7/7 runs: 39.2594 s  (samples: 39.2983 39.2594 39.1211 39.1967 39.3265 39.1672 39.2752)
./bazel-bin/examples/train_oblique_forest --input_mode trunk --rows 1000000 --numerical_split_type "Random" --num_trees=40 --num_threads=-1 --compute_oob_performances=false --histogram_num_bins=64 
----- Run 1/7 -----
WARNING: All log messages before absl::InitializeLog() is called are written to STDERR
I0000 00:00:1777638623.633164  140303 train_oblique_forest.cc:261] Generating trunk synthetic dataset: rows=1000000, cols=4096
I0000 00:00:1777638664.568235  140303 train_oblique_forest.cc:391] Configuring oblique splits
I0000 00:00:1777638664.568622  140303 abstract_learner.cc:155] No input feature explicitly specified. Using all the available input features.
I0000 00:00:1777638664.568631  140303 abstract_learner.cc:172] The label "y" was removed from the input feature set.
I0000 00:00:1777638664.569320  140303 random_forest.cc:478] Training random forest on 1000000 example(s) and 4096 feature(s).
I0000 00:00:1777638664.569488  140303 gpu.cc:93] Cannot initialize GPU: Not compiled with GPU support
I0000 00:00:1777638664.570573  140303 random_forest.cc:713] num_threads being used: 8
I0000 00:00:1777638741.259936  140463 random_forest.cc:1121] Train tree 1/40 [index:0 total:1m16.69s tree:1m16.69s]
I0000 00:00:1777638819.771569  140462 random_forest.cc:1121] Train tree 9/40 [index:14 total:2m35.20s tree:1m13.75s]
I0000 00:00:1777638898.026661  140462 random_forest.cc:1121] Train tree 17/40 [index:16 total:3m53.46s tree:1m18.26s]
I0000 00:00:1777638977.838484  140462 random_forest.cc:1121] Train tree 25/40 [index:24 total:5m13.27s tree:1m19.81s]
I0000 00:00:1777639058.238428  140457 random_forest.cc:1121] Train tree 33/40 [index:36 total:6m33.67s tree:1m12.51s]
I0000 00:00:1777639071.752221  140303 random_forest.cc:1131] random_forest.cc Training block took: 407.184 s
I0000 00:00:1777639071.752275  140303 random_forest.cc:1217] EXITING EARLY TO SPEED UP EXPERIMENTS!
-1 (automatic) threads requested. 8 threads set.
Using histogram splitting: Random with 64 bins
----- Run 2/7 -----
WARNING: All log messages before absl::InitializeLog() is called are written to STDERR
I0000 00:00:1777639072.315101  141993 train_oblique_forest.cc:261] Generating trunk synthetic dataset: rows=1000000, cols=4096
I0000 00:00:1777639113.242849  141993 train_oblique_forest.cc:391] Configuring oblique splits
I0000 00:00:1777639113.243262  141993 abstract_learner.cc:155] No input feature explicitly specified. Using all the available input features.
I0000 00:00:1777639113.243272  141993 abstract_learner.cc:172] The label "y" was removed from the input feature set.
I0000 00:00:1777639113.243969  141993 random_forest.cc:478] Training random forest on 1000000 example(s) and 4096 feature(s).
I0000 00:00:1777639113.244154  141993 gpu.cc:93] Cannot initialize GPU: Not compiled with GPU support
I0000 00:00:1777639113.245234  141993 random_forest.cc:713] num_threads being used: 8
I0000 00:00:1777639189.866253  142161 random_forest.cc:1121] Train tree 1/40 [index:0 total:1m16.62s tree:1m16.62s]
I0000 00:00:1777639268.381627  142160 random_forest.cc:1121] Train tree 9/40 [index:14 total:2m35.14s tree:1m13.38s]
I0000 00:00:1777639346.485725  142160 random_forest.cc:1121] Train tree 17/40 [index:16 total:3m53.24s tree:1m18.10s]
I0000 00:00:1777639425.994306  142160 random_forest.cc:1121] Train tree 25/40 [index:24 total:5m12.75s tree:1m19.51s]
I0000 00:00:1777639506.241813  142160 random_forest.cc:1121] Train tree 33/40 [index:32 total:6m33.00s tree:1m20.25s]
I0000 00:00:1777639520.425533  141993 random_forest.cc:1131] random_forest.cc Training block took: 407.183 s
I0000 00:00:1777639520.425590  141993 random_forest.cc:1217] EXITING EARLY TO SPEED UP EXPERIMENTS!
-1 (automatic) threads requested. 8 threads set.
Using histogram splitting: Random with 64 bins
----- Run 3/7 -----
WARNING: All log messages before absl::InitializeLog() is called are written to STDERR
I0000 00:00:1777639520.977795  143702 train_oblique_forest.cc:261] Generating trunk synthetic dataset: rows=1000000, cols=4096
I0000 00:00:1777639561.906392  143702 train_oblique_forest.cc:391] Configuring oblique splits
I0000 00:00:1777639561.906793  143702 abstract_learner.cc:155] No input feature explicitly specified. Using all the available input features.
I0000 00:00:1777639561.906803  143702 abstract_learner.cc:172] The label "y" was removed from the input feature set.
I0000 00:00:1777639561.907495  143702 random_forest.cc:478] Training random forest on 1000000 example(s) and 4096 feature(s).
I0000 00:00:1777639561.907644  143702 gpu.cc:93] Cannot initialize GPU: Not compiled with GPU support
I0000 00:00:1777639561.908710  143702 random_forest.cc:713] num_threads being used: 8
I0000 00:00:1777639638.634625  143871 random_forest.cc:1121] Train tree 1/40 [index:0 total:1m16.73s tree:1m16.73s]
I0000 00:00:1777639717.833192  143870 random_forest.cc:1121] Train tree 9/40 [index:14 total:2m35.92s tree:1m13.85s]
I0000 00:00:1777639795.977818  143870 random_forest.cc:1121] Train tree 17/40 [index:16 total:3m54.07s tree:1m18.14s]
I0000 00:00:1777639876.017891  143870 random_forest.cc:1121] Train tree 25/40 [index:24 total:5m14.11s tree:1m20.04s]
I0000 00:00:1777639955.730574  143868 random_forest.cc:1121] Train tree 33/40 [index:36 total:6m33.82s tree:1m12.36s]
I0000 00:00:1777639968.801014  143702 random_forest.cc:1131] random_forest.cc Training block took: 406.895 s
I0000 00:00:1777639968.801084  143702 random_forest.cc:1217] EXITING EARLY TO SPEED UP EXPERIMENTS!
-1 (automatic) threads requested. 8 threads set.
Using histogram splitting: Random with 64 bins
----- Run 4/7 -----
WARNING: All log messages before absl::InitializeLog() is called are written to STDERR
I0000 00:00:1777639969.353866  145401 train_oblique_forest.cc:261] Generating trunk synthetic dataset: rows=1000000, cols=4096
I0000 00:00:1777640010.318099  145401 train_oblique_forest.cc:391] Configuring oblique splits
I0000 00:00:1777640010.318493  145401 abstract_learner.cc:155] No input feature explicitly specified. Using all the available input features.
I0000 00:00:1777640010.318502  145401 abstract_learner.cc:172] The label "y" was removed from the input feature set.
I0000 00:00:1777640010.319201  145401 random_forest.cc:478] Training random forest on 1000000 example(s) and 4096 feature(s).
I0000 00:00:1777640010.319358  145401 gpu.cc:93] Cannot initialize GPU: Not compiled with GPU support
I0000 00:00:1777640010.320422  145401 random_forest.cc:713] num_threads being used: 8
I0000 00:00:1777640087.081678  145561 random_forest.cc:1121] Train tree 1/40 [index:0 total:1m16.76s tree:1m16.76s]
I0000 00:00:1777640165.684808  145559 random_forest.cc:1121] Train tree 9/40 [index:14 total:2m35.36s tree:1m13.63s]
I0000 00:00:1777640243.717671  145559 random_forest.cc:1121] Train tree 17/40 [index:16 total:3m53.40s tree:1m18.03s]
I0000 00:00:1777640324.105870  145559 random_forest.cc:1121] Train tree 25/40 [index:24 total:5m13.79s tree:1m20.39s]
I0000 00:00:1777640403.602812  145556 random_forest.cc:1121] Train tree 33/40 [index:36 total:6m33.28s tree:1m12.59s]
I0000 00:00:1777640417.853378  145401 random_forest.cc:1131] random_forest.cc Training block took: 407.535 s
I0000 00:00:1777640417.853427  145401 random_forest.cc:1217] EXITING EARLY TO SPEED UP EXPERIMENTS!
-1 (automatic) threads requested. 8 threads set.
Using histogram splitting: Random with 64 bins
----- Run 5/7 -----
WARNING: All log messages before absl::InitializeLog() is called are written to STDERR
I0000 00:00:1777640418.403845  147101 train_oblique_forest.cc:261] Generating trunk synthetic dataset: rows=1000000, cols=4096
I0000 00:00:1777640459.330328  147101 train_oblique_forest.cc:391] Configuring oblique splits
I0000 00:00:1777640459.330721  147101 abstract_learner.cc:155] No input feature explicitly specified. Using all the available input features.
I0000 00:00:1777640459.330730  147101 abstract_learner.cc:172] The label "y" was removed from the input feature set.
I0000 00:00:1777640459.331419  147101 random_forest.cc:478] Training random forest on 1000000 example(s) and 4096 feature(s).
I0000 00:00:1777640459.331577  147101 gpu.cc:93] Cannot initialize GPU: Not compiled with GPU support
I0000 00:00:1777640459.332641  147101 random_forest.cc:713] num_threads being used: 8
I0000 00:00:1777640535.444649  147260 random_forest.cc:1121] Train tree 1/40 [index:0 total:1m16.11s tree:1m16.11s]
I0000 00:00:1777640614.895822  147259 random_forest.cc:1121] Train tree 9/40 [index:14 total:2m35.56s tree:1m14.00s]
I0000 00:00:1777640693.122074  147259 random_forest.cc:1121] Train tree 17/40 [index:16 total:3m53.79s tree:1m18.23s]
I0000 00:00:1777640773.009099  147259 random_forest.cc:1121] Train tree 25/40 [index:24 total:5m13.68s tree:1m19.89s]
I0000 00:00:1777640853.112810  147257 random_forest.cc:1121] Train tree 33/40 [index:36 total:6m33.78s tree:1m12.77s]
I0000 00:00:1777640866.414034  147101 random_forest.cc:1131] random_forest.cc Training block took: 407.084 s
I0000 00:00:1777640866.414118  147101 random_forest.cc:1217] EXITING EARLY TO SPEED UP EXPERIMENTS!
-1 (automatic) threads requested. 8 threads set.
Using histogram splitting: Random with 64 bins
----- Run 6/7 -----
WARNING: All log messages before absl::InitializeLog() is called are written to STDERR
I0000 00:00:1777640866.965894  148796 train_oblique_forest.cc:261] Generating trunk synthetic dataset: rows=1000000, cols=4096
I0000 00:00:1777640907.908338  148796 train_oblique_forest.cc:391] Configuring oblique splits
I0000 00:00:1777640907.908727  148796 abstract_learner.cc:155] No input feature explicitly specified. Using all the available input features.
I0000 00:00:1777640907.908737  148796 abstract_learner.cc:172] The label "y" was removed from the input feature set.
I0000 00:00:1777640907.909446  148796 random_forest.cc:478] Training random forest on 1000000 example(s) and 4096 feature(s).
I0000 00:00:1777640907.909617  148796 gpu.cc:93] Cannot initialize GPU: Not compiled with GPU support
I0000 00:00:1777640907.910698  148796 random_forest.cc:713] num_threads being used: 8
I0000 00:00:1777640984.096966  148956 random_forest.cc:1121] Train tree 1/40 [index:0 total:1m16.19s tree:1m16.19s]
I0000 00:00:1777641063.099926  148949 random_forest.cc:1121] Train tree 9/40 [index:14 total:2m35.19s tree:1m13.68s]
I0000 00:00:1777641141.650279  148949 random_forest.cc:1121] Train tree 17/40 [index:16 total:3m53.74s tree:1m18.55s]
I0000 00:00:1777641221.504305  148949 random_forest.cc:1121] Train tree 25/40 [index:24 total:5m13.59s tree:1m19.85s]
I0000 00:00:1777641301.305580  148954 random_forest.cc:1121] Train tree 33/40 [index:36 total:6m33.39s tree:1m12.60s]
I0000 00:00:1777641315.569079  148796 random_forest.cc:1131] random_forest.cc Training block took: 407.661 s
I0000 00:00:1777641315.569132  148796 random_forest.cc:1217] EXITING EARLY TO SPEED UP EXPERIMENTS!
-1 (automatic) threads requested. 8 threads set.
Using histogram splitting: Random with 64 bins
----- Run 7/7 -----
WARNING: All log messages before absl::InitializeLog() is called are written to STDERR
I0000 00:00:1777641316.119326  150495 train_oblique_forest.cc:261] Generating trunk synthetic dataset: rows=1000000, cols=4096
I0000 00:00:1777641357.064268  150495 train_oblique_forest.cc:391] Configuring oblique splits
I0000 00:00:1777641357.064667  150495 abstract_learner.cc:155] No input feature explicitly specified. Using all the available input features.
I0000 00:00:1777641357.064676  150495 abstract_learner.cc:172] The label "y" was removed from the input feature set.
I0000 00:00:1777641357.065383  150495 random_forest.cc:478] Training random forest on 1000000 example(s) and 4096 feature(s).
I0000 00:00:1777641357.065546  150495 gpu.cc:93] Cannot initialize GPU: Not compiled with GPU support
I0000 00:00:1777641357.066619  150495 random_forest.cc:713] num_threads being used: 8
I0000 00:00:1777641433.606132  150655 random_forest.cc:1121] Train tree 1/40 [index:0 total:1m16.54s tree:1m16.54s]
I0000 00:00:1777641513.007966  150653 random_forest.cc:1121] Train tree 9/40 [index:14 total:2m35.94s tree:1m13.89s]
I0000 00:00:1777641591.238437  150653 random_forest.cc:1121] Train tree 17/40 [index:16 total:3m54.17s tree:1m18.23s]
I0000 00:00:1777641671.312654  150653 random_forest.cc:1121] Train tree 25/40 [index:24 total:5m14.25s tree:1m20.07s]
I0000 00:00:1777641750.639358  150649 random_forest.cc:1121] Train tree 33/40 [index:36 total:6m33.57s tree:1m12.47s]
I0000 00:00:1777641766.000755  150495 random_forest.cc:1131] random_forest.cc Training block took: 408.936 s
I0000 00:00:1777641766.000812  150495 random_forest.cc:1217] EXITING EARLY TO SPEED UP EXPERIMENTS!
-1 (automatic) threads requested. 8 threads set.
Using histogram splitting: Random with 64 bins
MEDIAN of 7/7 runs: 407.184 s  (samples: 407.184 407.183 406.895 407.535 407.084 407.661 408.936)
