==== PROVENANCE ====
date_utc: 2026-09-13T15:25:02Z
git_sha: 16d515c2
git_branch: rebased-main
machine: Intel(R) Xeon(R) Platinum 8488C (nproc=48)
machine_serial: ec2d65b4-2555-44a5-d802-ecaea08b3ad7
compiler: Intel(R) oneAPI DPC++/C++ Compiler 2025.2.1 (2025.2.0.20250806)
EXTRA_BAZEL_CONFIGS: <none>
EXTRA_TRAIN_ARGS: --feature_split_type Oblique --numerical_split_type "Dynamic Random Histogram" --histogram_num_bins 256
NUM_TREES_DIVISOR: 1
NUM_TREES: 240  NUM_RUNS: 1
DYNAMIC_SPLIT_THRESHOLDS: 100 1100 2100 3100 4100 5100 6100 7100 8100 9100 10100
====================


======== DYNAMIC THRESHOLD SWEEP  configs: <none>  args: --feature_split_type Oblique --numerical_split_type "Dynamic Random Histogram" --histogram_num_bins 256 ========



======== Threshold 100 ========

./bazel-bin/examples/train_oblique_forest --input_mode csv --train_csv "benchmarks/data/HIGGS_with_header.csv" --label_col "class" --num_trees=240 --dynamic_split_threshold=100 --feature_split_type Oblique --numerical_split_type "Dynamic Random Histogram" --histogram_num_bins 256
----- Run 1/1 -----
WARNING: All log messages before absl::InitializeLog() is called are written to STDERR
I0000 00:00:1789313102.041390  219843 train_oblique_forest.cc:1101] Loading CSV in a single pass: benchmarks/data/HIGGS_with_header.csv
I0000 00:00:1789313163.432688  219843 train_oblique_forest.cc:1108] Single-pass CSV load complete: 11000000 rows, 29 columns.
I0000 00:00:1789313163.432754  219843 train_oblique_forest.cc:1229] -1 (automatic) threads requested. 48 threads set.
I0000 00:00:1789313163.432764  219843 train_oblique_forest.cc:1304] Configuring oblique splits
I0000 00:00:1789313163.432766  219843 train_oblique_forest.cc:1313] dynamic_split_threshold = 100 (from flag)
I0000 00:00:1789313163.432768  219843 train_oblique_forest.cc:1398] Using Dynamic Random Histogram with 256 samples
I0000 00:00:1789313163.432777  219843 train_oblique_forest.cc:1428] train_oblique_forest wall-time - Loading/Init (pre-train): 61.3914s
I0000 00:00:1789313163.432837  219843 abstract_learner.cc:171] No input feature explicitly specified. Using all the available input features.
I0000 00:00:1789313163.432839  219843 abstract_learner.cc:185] The label "class" was removed from the input feature set.
I0000 00:00:1789313163.432852  219843 random_forest.cc:534] Training random forest on 11000000 example(s) and 28 feature(s).
I0000 00:00:1789313163.432863  219843 gpu.cc:93] Cannot initialize GPU: Not compiled with GPU support
I0000 00:00:1789313163.433445  219843 random_forest.cc:663] num_threads being used: 48
I0000 00:00:1789313228.467305  220249 random_forest.cc:881] Train tree 1/240  [index:2 total:1m5.03s tree:1m5.03s]
I0000 00:00:1789313294.848623  220249 random_forest.cc:881] Train tree 49/240  [index:48 total:2m11.42s tree:1m6.38s]
I0000 00:00:1789313360.797131  220214 random_forest.cc:881] Train tree 97/240  [index:97 total:3m17.36s tree:1m5.78s]
I0000 00:00:1789313427.570822  220214 random_forest.cc:881] Train tree 145/240  [index:144 total:4m24.14s tree:1m6.77s]
I0000 00:00:1789313493.833891  220216 random_forest.cc:881] Train tree 193/240  [index:193 total:5m30.40s tree:1m5.72s]
I0000 00:00:1789313499.567612  219843 random_forest.cc:899] random_forest.cc Training block took: 336.135 s
W0000 00:00:1789313499.567650  219843 random_forest.cc:1216] EXITING EARLY TO SPEED UP EXPERIMENTS!
RESULT dataset=HIGGS_with_header threshold=100 median=336.135s stddev=N/As n=1
./bazel-bin/examples/train_oblique_forest --input_mode csv --train_csv "benchmarks/data/SUSY_with_header.csv" --label_col "class" --num_trees=240 --dynamic_split_threshold=100 --feature_split_type Oblique --numerical_split_type "Dynamic Random Histogram" --histogram_num_bins 256
----- Run 1/1 -----
WARNING: All log messages before absl::InitializeLog() is called are written to STDERR
I0000 00:00:1789313506.090360  221597 train_oblique_forest.cc:1101] Loading CSV in a single pass: benchmarks/data/SUSY_with_header.csv
I0000 00:00:1789313523.631547  221597 train_oblique_forest.cc:1108] Single-pass CSV load complete: 5000000 rows, 19 columns.
I0000 00:00:1789313523.631609  221597 train_oblique_forest.cc:1229] -1 (automatic) threads requested. 48 threads set.
I0000 00:00:1789313523.631618  221597 train_oblique_forest.cc:1304] Configuring oblique splits
I0000 00:00:1789313523.631620  221597 train_oblique_forest.cc:1313] dynamic_split_threshold = 100 (from flag)
I0000 00:00:1789313523.631622  221597 train_oblique_forest.cc:1398] Using Dynamic Random Histogram with 256 samples
I0000 00:00:1789313523.631632  221597 train_oblique_forest.cc:1428] train_oblique_forest wall-time - Loading/Init (pre-train): 17.5413s
I0000 00:00:1789313523.631687  221597 abstract_learner.cc:171] No input feature explicitly specified. Using all the available input features.
I0000 00:00:1789313523.631688  221597 abstract_learner.cc:185] The label "class" was removed from the input feature set.
I0000 00:00:1789313523.631699  221597 random_forest.cc:534] Training random forest on 5000000 example(s) and 18 feature(s).
I0000 00:00:1789313523.631709  221597 gpu.cc:93] Cannot initialize GPU: Not compiled with GPU support
I0000 00:00:1789313523.632277  221597 random_forest.cc:663] num_threads being used: 48
I0000 00:00:1789313545.756210  221802 random_forest.cc:881] Train tree 1/240  [index:12 total:22.12s tree:22.12s]
I0000 00:00:1789313567.949184  221807 random_forest.cc:881] Train tree 49/240  [index:62 total:44.32s tree:21.92s]
I0000 00:00:1789313590.575176  221801 random_forest.cc:881] Train tree 97/240  [index:102 total:1m6.94s tree:22.24s]
I0000 00:00:1789313613.058605  221793 random_forest.cc:881] Train tree 145/240  [index:145 total:1m29.43s tree:22.41s]
I0000 00:00:1789313635.716889  221798 random_forest.cc:881] Train tree 193/240  [index:193 total:1m52.08s tree:22.50s]
I0000 00:00:1789313637.798212  221597 random_forest.cc:899] random_forest.cc Training block took: 114.167 s
W0000 00:00:1789313637.798254  221597 random_forest.cc:1216] EXITING EARLY TO SPEED UP EXPERIMENTS!
RESULT dataset=SUSY_with_header threshold=100 median=114.167s stddev=N/As n=1
./bazel-bin/examples/train_oblique_forest --input_mode csv --train_csv "benchmarks/data/epsilon_normalized_train.csv" --label_col "label" --num_trees=240 --dynamic_split_threshold=100 --feature_split_type Oblique --numerical_split_type "Dynamic Random Histogram" --histogram_num_bins 256
----- Run 1/1 -----
WARNING: All log messages before absl::InitializeLog() is called are written to STDERR
I0000 00:00:1789313640.489716  222295 train_oblique_forest.cc:1101] Loading CSV in a single pass: benchmarks/data/epsilon_normalized_train.csv
I0000 00:00:1789313642.291110  222295 train_oblique_forest.cc:1108] Single-pass CSV load complete: 400000 rows, 2001 columns.
I0000 00:00:1789313642.291186  222295 train_oblique_forest.cc:1229] -1 (automatic) threads requested. 48 threads set.
I0000 00:00:1789313642.291195  222295 train_oblique_forest.cc:1304] Configuring oblique splits
I0000 00:00:1789313642.291197  222295 train_oblique_forest.cc:1313] dynamic_split_threshold = 100 (from flag)
I0000 00:00:1789313642.291199  222295 train_oblique_forest.cc:1398] Using Dynamic Random Histogram with 256 samples
I0000 00:00:1789313642.291207  222295 train_oblique_forest.cc:1428] train_oblique_forest wall-time - Loading/Init (pre-train): 1.80152s
I0000 00:00:1789313642.291372  222295 abstract_learner.cc:171] No input feature explicitly specified. Using all the available input features.
I0000 00:00:1789313642.291383  222295 abstract_learner.cc:185] The label "label" was removed from the input feature set.
I0000 00:00:1789313642.291719  222295 random_forest.cc:534] Training random forest on 400000 example(s) and 2000 feature(s).
I0000 00:00:1789313642.291783  222295 gpu.cc:93] Cannot initialize GPU: Not compiled with GPU support
I0000 00:00:1789313642.292481  222295 random_forest.cc:663] num_threads being used: 48
I0000 00:00:1789313653.583477  222461 random_forest.cc:881] Train tree 1/240  [index:18 total:11.29s tree:11.29s]
I0000 00:00:1789313676.436491  222461 random_forest.cc:881] Train tree 97/240  [index:96 total:34.14s tree:11.43s]
I0000 00:00:1789313699.209581  222461 random_forest.cc:881] Train tree 193/240  [index:192 total:56.92s tree:11.42s]
I0000 00:00:1789313700.541891  222295 random_forest.cc:899] random_forest.cc Training block took: 58.2507 s
W0000 00:00:1789313700.541935  222295 random_forest.cc:1216] EXITING EARLY TO SPEED UP EXPERIMENTS!
RESULT dataset=epsilon_normalized_train threshold=100 median=58.2507s stddev=N/As n=1
./bazel-bin/examples/train_oblique_forest --input_mode trunk --rows 1500000 --cols 4096 --num_trees=240 --dynamic_split_threshold=100 --feature_split_type Oblique --numerical_split_type "Dynamic Random Histogram" --histogram_num_bins 256
----- Run 1/1 -----
WARNING: All log messages before absl::InitializeLog() is called are written to STDERR
I0000 00:00:1789313700.813195  222742 train_oblique_forest.cc:1133] Generating trunk synthetic dataset: rows=1500000, cols=4096, layout=column
I0000 00:00:1789313702.205880  222742 train_oblique_forest.cc:1229] -1 (automatic) threads requested. 48 threads set.
I0000 00:00:1789313702.205916  222742 train_oblique_forest.cc:1304] Configuring oblique splits
I0000 00:00:1789313702.205918  222742 train_oblique_forest.cc:1313] dynamic_split_threshold = 100 (from flag)
I0000 00:00:1789313702.205921  222742 train_oblique_forest.cc:1398] Using Dynamic Random Histogram with 256 samples
I0000 00:00:1789313702.205931  222742 train_oblique_forest.cc:1428] train_oblique_forest wall-time - Loading/Init (pre-train): 1.39276s
I0000 00:00:1789313702.206272  222742 abstract_learner.cc:171] No input feature explicitly specified. Using all the available input features.
I0000 00:00:1789313702.206278  222742 abstract_learner.cc:185] The label "y" was removed from the input feature set.
I0000 00:00:1789313702.206961  222742 random_forest.cc:534] Training random forest on 1500000 example(s) and 4096 feature(s).
I0000 00:00:1789313702.207102  222742 gpu.cc:93] Cannot initialize GPU: Not compiled with GPU support
I0000 00:00:1789313702.208057  222742 random_forest.cc:663] num_threads being used: 48
I0000 00:00:1789313761.912373  222836 random_forest.cc:881] Train tree 1/240  [index:43 total:59.70s tree:59.70s]
I0000 00:00:1789313820.899936  222823 random_forest.cc:881] Train tree 49/240  [index:61 total:1m58.69s tree:56.49s]
I0000 00:00:1789313883.734606  222832 random_forest.cc:881] Train tree 97/240  [index:104 total:3m1.53s tree:58.95s]
I0000 00:00:1789313946.103355  222823 random_forest.cc:881] Train tree 145/240  [index:147 total:4m3.90s tree:1m1.71s]
I0000 00:00:1789314005.843582  222823 random_forest.cc:881] Train tree 193/240  [index:192 total:5m3.64s tree:59.74s]
I0000 00:00:1789314017.589411  222742 random_forest.cc:899] random_forest.cc Training block took: 315.383 s
W0000 00:00:1789314017.589451  222742 random_forest.cc:1216] EXITING EARLY TO SPEED UP EXPERIMENTS!
RESULT dataset=trunk_1500000_x_4096 threshold=100 median=315.383s stddev=N/As n=1
./bazel-bin/examples/train_oblique_forest --input_mode trunk --rows 150000 --cols 40000 --num_trees=240 --dynamic_split_threshold=100 --feature_split_type Oblique --numerical_split_type "Dynamic Random Histogram" --histogram_num_bins 256
----- Run 1/1 -----
WARNING: All log messages before absl::InitializeLog() is called are written to STDERR
I0000 00:00:1789314018.647246  224062 train_oblique_forest.cc:1133] Generating trunk synthetic dataset: rows=150000, cols=40000, layout=column
I0000 00:00:1789314020.033608  224062 train_oblique_forest.cc:1229] -1 (automatic) threads requested. 48 threads set.
I0000 00:00:1789314020.033642  224062 train_oblique_forest.cc:1304] Configuring oblique splits
I0000 00:00:1789314020.033644  224062 train_oblique_forest.cc:1313] dynamic_split_threshold = 100 (from flag)
I0000 00:00:1789314020.033647  224062 train_oblique_forest.cc:1398] Using Dynamic Random Histogram with 256 samples
I0000 00:00:1789314020.033657  224062 train_oblique_forest.cc:1428] train_oblique_forest wall-time - Loading/Init (pre-train): 1.38644s
I0000 00:00:1789314020.036082  224062 abstract_learner.cc:171] No input feature explicitly specified. Using all the available input features.
I0000 00:00:1789314020.036114  224062 abstract_learner.cc:185] The label "y" was removed from the input feature set.
I0000 00:00:1789314020.042262  224062 random_forest.cc:534] Training random forest on 150000 example(s) and 40000 feature(s).
I0000 00:00:1789314020.043339  224062 gpu.cc:93] Cannot initialize GPU: Not compiled with GPU support
I0000 00:00:1789314020.046019  224062 random_forest.cc:663] num_threads being used: 48
I0000 00:00:1789314036.969401  224135 random_forest.cc:881] Train tree 1/240  [index:24 total:16.92s tree:16.92s]
I0000 00:00:1789314056.970821  224158 random_forest.cc:881] Train tree 85/240  [index:69 total:36.92s tree:18.71s]
I0000 00:00:1789314090.623890  224156 random_forest.cc:881] Train tree 145/240  [index:144 total:1m10.58s tree:18.48s]
I0000 00:00:1789314110.635157  224120 random_forest.cc:881] Train tree 203/240  [index:201 total:1m30.59s tree:18.10s]
I0000 00:00:1789314112.377639  224062 random_forest.cc:899] random_forest.cc Training block took: 92.344 s
W0000 00:00:1789314112.377677  224062 random_forest.cc:1216] EXITING EARLY TO SPEED UP EXPERIMENTS!
RESULT dataset=trunk_150000_x_40000 threshold=100 median=92.344s stddev=N/As n=1
./bazel-bin/examples/train_oblique_forest --input_mode trunk --rows 15000 --cols 400000 --num_trees=240 --dynamic_split_threshold=100 --feature_split_type Oblique --numerical_split_type "Dynamic Random Histogram" --histogram_num_bins 256
----- Run 1/1 -----
WARNING: All log messages before absl::InitializeLog() is called are written to STDERR
I0000 00:00:1789314113.008366  224545 train_oblique_forest.cc:1133] Generating trunk synthetic dataset: rows=15000, cols=400000, layout=column
I0000 00:00:1789314114.467695  224545 train_oblique_forest.cc:1229] -1 (automatic) threads requested. 48 threads set.
I0000 00:00:1789314114.467730  224545 train_oblique_forest.cc:1304] Configuring oblique splits
I0000 00:00:1789314114.467732  224545 train_oblique_forest.cc:1313] dynamic_split_threshold = 100 (from flag)
I0000 00:00:1789314114.467736  224545 train_oblique_forest.cc:1398] Using Dynamic Random Histogram with 256 samples
I0000 00:00:1789314114.467745  224545 train_oblique_forest.cc:1428] train_oblique_forest wall-time - Loading/Init (pre-train): 1.4594s
I0000 00:00:1789314114.491974  224545 abstract_learner.cc:171] No input feature explicitly specified. Using all the available input features.
I0000 00:00:1789314114.492243  224545 abstract_learner.cc:185] The label "y" was removed from the input feature set.
I0000 00:00:1789314114.558148  224545 random_forest.cc:534] Training random forest on 15000 example(s) and 400000 feature(s).
I0000 00:00:1789314114.568991  224545 gpu.cc:93] Cannot initialize GPU: Not compiled with GPU support
I0000 00:00:1789314114.591016  224545 random_forest.cc:663] num_threads being used: 48
I0000 00:00:1789314119.368231  224640 random_forest.cc:881] Train tree 1/240  [index:10 total:4.78s tree:4.77s]
I0000 00:00:1789314140.139722  224640 random_forest.cc:881] Train tree 193/240  [index:192 total:25.55s tree:5.36s]
I0000 00:00:1789314142.227697  224545 random_forest.cc:899] random_forest.cc Training block took: 27.7599 s
W0000 00:00:1789314142.227735  224545 random_forest.cc:1216] EXITING EARLY TO SPEED UP EXPERIMENTS!
RESULT dataset=trunk_15000_x_400000 threshold=100 median=27.7599s stddev=N/As n=1


======== Threshold 1100 ========

./bazel-bin/examples/train_oblique_forest --input_mode csv --train_csv "benchmarks/data/HIGGS_with_header.csv" --label_col "class" --num_trees=240 --dynamic_split_threshold=1100 --feature_split_type Oblique --numerical_split_type "Dynamic Random Histogram" --histogram_num_bins 256
----- Run 1/1 -----
WARNING: All log messages before absl::InitializeLog() is called are written to STDERR
I0000 00:00:1789314142.843244  224780 train_oblique_forest.cc:1101] Loading CSV in a single pass: benchmarks/data/HIGGS_with_header.csv
I0000 00:00:1789314143.730362  224780 train_oblique_forest.cc:1108] Single-pass CSV load complete: 11000000 rows, 29 columns.
I0000 00:00:1789314143.730444  224780 train_oblique_forest.cc:1229] -1 (automatic) threads requested. 48 threads set.
I0000 00:00:1789314143.730455  224780 train_oblique_forest.cc:1304] Configuring oblique splits
I0000 00:00:1789314143.730457  224780 train_oblique_forest.cc:1313] dynamic_split_threshold = 1100 (from flag)
I0000 00:00:1789314143.730460  224780 train_oblique_forest.cc:1398] Using Dynamic Random Histogram with 256 samples
I0000 00:00:1789314143.730468  224780 train_oblique_forest.cc:1428] train_oblique_forest wall-time - Loading/Init (pre-train): 0.88725s
I0000 00:00:1789314143.730530  224780 abstract_learner.cc:171] No input feature explicitly specified. Using all the available input features.
I0000 00:00:1789314143.730533  224780 abstract_learner.cc:185] The label "class" was removed from the input feature set.
I0000 00:00:1789314143.730545  224780 random_forest.cc:534] Training random forest on 11000000 example(s) and 28 feature(s).
I0000 00:00:1789314143.730558  224780 gpu.cc:93] Cannot initialize GPU: Not compiled with GPU support
I0000 00:00:1789314143.731130  224780 random_forest.cc:663] num_threads being used: 48
I0000 00:00:1789314204.927813  224917 random_forest.cc:881] Train tree 1/240  [index:24 total:1m1.20s tree:1m1.19s]
I0000 00:00:1789314266.249823  224914 random_forest.cc:881] Train tree 49/240  [index:51 total:2m2.52s tree:1m0.96s]
I0000 00:00:1789314328.760700  224917 random_forest.cc:881] Train tree 97/240  [index:97 total:3m5.03s tree:1m1.87s]
I0000 00:00:1789314390.724754  224951 random_forest.cc:881] Train tree 145/240  [index:149 total:4m6.99s tree:1m1.20s]
I0000 00:00:1789314452.049253  224951 random_forest.cc:881] Train tree 193/240  [index:192 total:5m8.32s tree:1m1.32s]
I0000 00:00:1789314458.682307  224780 random_forest.cc:899] random_forest.cc Training block took: 314.952 s
W0000 00:00:1789314458.682336  224780 random_forest.cc:1216] EXITING EARLY TO SPEED UP EXPERIMENTS!
RESULT dataset=HIGGS_with_header threshold=1100 median=314.952s stddev=N/As n=1
./bazel-bin/examples/train_oblique_forest --input_mode csv --train_csv "benchmarks/data/SUSY_with_header.csv" --label_col "class" --num_trees=240 --dynamic_split_threshold=1100 --feature_split_type Oblique --numerical_split_type "Dynamic Random Histogram" --histogram_num_bins 256
----- Run 1/1 -----
WARNING: All log messages before absl::InitializeLog() is called are written to STDERR
I0000 00:00:1789314465.005206  226201 train_oblique_forest.cc:1101] Loading CSV in a single pass: benchmarks/data/SUSY_with_header.csv
I0000 00:00:1789314465.338314  226201 train_oblique_forest.cc:1108] Single-pass CSV load complete: 5000000 rows, 19 columns.
I0000 00:00:1789314465.338385  226201 train_oblique_forest.cc:1229] -1 (automatic) threads requested. 48 threads set.
I0000 00:00:1789314465.338394  226201 train_oblique_forest.cc:1304] Configuring oblique splits
I0000 00:00:1789314465.338396  226201 train_oblique_forest.cc:1313] dynamic_split_threshold = 1100 (from flag)
I0000 00:00:1789314465.338398  226201 train_oblique_forest.cc:1398] Using Dynamic Random Histogram with 256 samples
I0000 00:00:1789314465.338408  226201 train_oblique_forest.cc:1428] train_oblique_forest wall-time - Loading/Init (pre-train): 0.333229s
I0000 00:00:1789314465.338469  226201 abstract_learner.cc:171] No input feature explicitly specified. Using all the available input features.
I0000 00:00:1789314465.338471  226201 abstract_learner.cc:185] The label "class" was removed from the input feature set.
I0000 00:00:1789314465.338481  226201 random_forest.cc:534] Training random forest on 5000000 example(s) and 18 feature(s).
I0000 00:00:1789314465.338494  226201 gpu.cc:93] Cannot initialize GPU: Not compiled with GPU support
I0000 00:00:1789314465.339077  226201 random_forest.cc:663] num_threads being used: 48
I0000 00:00:1789314485.788892  226329 random_forest.cc:881] Train tree 1/240  [index:19 total:20.45s tree:20.45s]
I0000 00:00:1789314506.541313  226317 random_forest.cc:881] Train tree 49/240  [index:62 total:41.20s tree:20.30s]
I0000 00:00:1789314527.786932  226341 random_forest.cc:881] Train tree 97/240  [index:98 total:1m2.45s tree:20.96s]
I0000 00:00:1789314548.789032  226339 random_forest.cc:881] Train tree 145/240  [index:147 total:1m23.45s tree:20.96s]
I0000 00:00:1789314569.531051  226323 random_forest.cc:881] Train tree 193/240  [index:193 total:1m44.19s tree:20.71s]
I0000 00:00:1789314571.034023  226201 random_forest.cc:899] random_forest.cc Training block took: 105.696 s
W0000 00:00:1789314571.034057  226201 random_forest.cc:1216] EXITING EARLY TO SPEED UP EXPERIMENTS!
RESULT dataset=SUSY_with_header threshold=1100 median=105.696s stddev=N/As n=1
./bazel-bin/examples/train_oblique_forest --input_mode csv --train_csv "benchmarks/data/epsilon_normalized_train.csv" --label_col "label" --num_trees=240 --dynamic_split_threshold=1100 --feature_split_type Oblique --numerical_split_type "Dynamic Random Histogram" --histogram_num_bins 256
----- Run 1/1 -----
WARNING: All log messages before absl::InitializeLog() is called are written to STDERR
I0000 00:00:1789314573.650167  226791 train_oblique_forest.cc:1101] Loading CSV in a single pass: benchmarks/data/epsilon_normalized_train.csv
I0000 00:00:1789314575.484805  226791 train_oblique_forest.cc:1108] Single-pass CSV load complete: 400000 rows, 2001 columns.
I0000 00:00:1789314575.484870  226791 train_oblique_forest.cc:1229] -1 (automatic) threads requested. 48 threads set.
I0000 00:00:1789314575.484880  226791 train_oblique_forest.cc:1304] Configuring oblique splits
I0000 00:00:1789314575.484882  226791 train_oblique_forest.cc:1313] dynamic_split_threshold = 1100 (from flag)
I0000 00:00:1789314575.484883  226791 train_oblique_forest.cc:1398] Using Dynamic Random Histogram with 256 samples
I0000 00:00:1789314575.484892  226791 train_oblique_forest.cc:1428] train_oblique_forest wall-time - Loading/Init (pre-train): 1.83475s
I0000 00:00:1789314575.485056  226791 abstract_learner.cc:171] No input feature explicitly specified. Using all the available input features.
I0000 00:00:1789314575.485063  226791 abstract_learner.cc:185] The label "label" was removed from the input feature set.
I0000 00:00:1789314575.485416  226791 random_forest.cc:534] Training random forest on 400000 example(s) and 2000 feature(s).
I0000 00:00:1789314575.485481  226791 gpu.cc:93] Cannot initialize GPU: Not compiled with GPU support
I0000 00:00:1789314575.486179  226791 random_forest.cc:663] num_threads being used: 48
I0000 00:00:1789314585.620020  226985 random_forest.cc:881] Train tree 1/240  [index:8 total:10.13s tree:10.13s]
I0000 00:00:1789314606.082460  226983 random_forest.cc:881] Train tree 97/240  [index:101 total:30.60s tree:10.17s]
I0000 00:00:1789314626.471704  226958 random_forest.cc:881] Train tree 193/240  [index:197 total:50.99s tree:10.11s]
I0000 00:00:1789314627.537020  226791 random_forest.cc:899] random_forest.cc Training block took: 52.0521 s
W0000 00:00:1789314627.537069  226791 random_forest.cc:1216] EXITING EARLY TO SPEED UP EXPERIMENTS!
RESULT dataset=epsilon_normalized_train threshold=1100 median=52.0521s stddev=N/As n=1
./bazel-bin/examples/train_oblique_forest --input_mode trunk --rows 1500000 --cols 4096 --num_trees=240 --dynamic_split_threshold=1100 --feature_split_type Oblique --numerical_split_type "Dynamic Random Histogram" --histogram_num_bins 256
----- Run 1/1 -----
WARNING: All log messages before absl::InitializeLog() is called are written to STDERR
I0000 00:00:1789314627.805967  227218 train_oblique_forest.cc:1133] Generating trunk synthetic dataset: rows=1500000, cols=4096, layout=column
I0000 00:00:1789314629.192254  227218 train_oblique_forest.cc:1229] -1 (automatic) threads requested. 48 threads set.
I0000 00:00:1789314629.192290  227218 train_oblique_forest.cc:1304] Configuring oblique splits
I0000 00:00:1789314629.192293  227218 train_oblique_forest.cc:1313] dynamic_split_threshold = 1100 (from flag)
I0000 00:00:1789314629.192296  227218 train_oblique_forest.cc:1398] Using Dynamic Random Histogram with 256 samples
I0000 00:00:1789314629.192307  227218 train_oblique_forest.cc:1428] train_oblique_forest wall-time - Loading/Init (pre-train): 1.38636s
I0000 00:00:1789314629.192666  227218 abstract_learner.cc:171] No input feature explicitly specified. Using all the available input features.
I0000 00:00:1789314629.192672  227218 abstract_learner.cc:185] The label "y" was removed from the input feature set.
I0000 00:00:1789314629.193358  227218 random_forest.cc:534] Training random forest on 1500000 example(s) and 4096 feature(s).
I0000 00:00:1789314629.193500  227218 gpu.cc:93] Cannot initialize GPU: Not compiled with GPU support
I0000 00:00:1789314629.194458  227218 random_forest.cc:663] num_threads being used: 48
I0000 00:00:1789314683.804749  227274 random_forest.cc:881] Train tree 1/240  [index:9 total:54.61s tree:54.61s]
I0000 00:00:1789314737.715567  227300 random_forest.cc:881] Train tree 49/240  [index:76 total:1m48.52s tree:51.21s]
I0000 00:00:1789314794.452064  227267 random_forest.cc:881] Train tree 97/240  [index:119 total:2m45.26s tree:51.89s]
I0000 00:00:1789314848.795110  227267 random_forest.cc:881] Train tree 145/240  [index:144 total:3m39.60s tree:54.34s]
I0000 00:00:1789314904.300074  227267 random_forest.cc:881] Train tree 193/240  [index:192 total:4m35.11s tree:55.50s]
I0000 00:00:1789314916.889662  227218 random_forest.cc:899] random_forest.cc Training block took: 287.697 s
W0000 00:00:1789314916.889704  227218 random_forest.cc:1216] EXITING EARLY TO SPEED UP EXPERIMENTS!
RESULT dataset=trunk_1500000_x_4096 threshold=1100 median=287.697s stddev=N/As n=1
./bazel-bin/examples/train_oblique_forest --input_mode trunk --rows 150000 --cols 40000 --num_trees=240 --dynamic_split_threshold=1100 --feature_split_type Oblique --numerical_split_type "Dynamic Random Histogram" --histogram_num_bins 256
----- Run 1/1 -----
WARNING: All log messages before absl::InitializeLog() is called are written to STDERR
I0000 00:00:1789314917.937874  228440 train_oblique_forest.cc:1133] Generating trunk synthetic dataset: rows=150000, cols=40000, layout=column
I0000 00:00:1789314919.232227  228440 train_oblique_forest.cc:1229] -1 (automatic) threads requested. 48 threads set.
I0000 00:00:1789314919.232264  228440 train_oblique_forest.cc:1304] Configuring oblique splits
I0000 00:00:1789314919.232268  228440 train_oblique_forest.cc:1313] dynamic_split_threshold = 1100 (from flag)
I0000 00:00:1789314919.232271  228440 train_oblique_forest.cc:1398] Using Dynamic Random Histogram with 256 samples
I0000 00:00:1789314919.232281  228440 train_oblique_forest.cc:1428] train_oblique_forest wall-time - Loading/Init (pre-train): 1.29443s
I0000 00:00:1789314919.235142  228440 abstract_learner.cc:171] No input feature explicitly specified. Using all the available input features.
I0000 00:00:1789314919.235178  228440 abstract_learner.cc:185] The label "y" was removed from the input feature set.
I0000 00:00:1789314919.242282  228440 random_forest.cc:534] Training random forest on 150000 example(s) and 40000 feature(s).
I0000 00:00:1789314919.243524  228440 gpu.cc:93] Cannot initialize GPU: Not compiled with GPU support
I0000 00:00:1789314919.246695  228440 random_forest.cc:663] num_threads being used: 48
I0000 00:00:1789314934.806399  228505 random_forest.cc:881] Train tree 1/240  [index:15 total:15.56s tree:15.56s]
I0000 00:00:1789314966.199541  228534 random_forest.cc:881] Train tree 97/240  [index:110 total:46.95s tree:14.62s]
I0000 00:00:1789314986.472090  228515 random_forest.cc:881] Train tree 192/240  [index:191 total:1m7.23s tree:16.53s]
I0000 00:00:1789315002.437082  228440 random_forest.cc:899] random_forest.cc Training block took: 83.2048 s
W0000 00:00:1789315002.437125  228440 random_forest.cc:1216] EXITING EARLY TO SPEED UP EXPERIMENTS!
RESULT dataset=trunk_150000_x_40000 threshold=1100 median=83.2048s stddev=N/As n=1
./bazel-bin/examples/train_oblique_forest --input_mode trunk --rows 15000 --cols 400000 --num_trees=240 --dynamic_split_threshold=1100 --feature_split_type Oblique --numerical_split_type "Dynamic Random Histogram" --histogram_num_bins 256
----- Run 1/1 -----
WARNING: All log messages before absl::InitializeLog() is called are written to STDERR
I0000 00:00:1789315003.070422  228882 train_oblique_forest.cc:1133] Generating trunk synthetic dataset: rows=15000, cols=400000, layout=column
I0000 00:00:1789315004.487131  228882 train_oblique_forest.cc:1229] -1 (automatic) threads requested. 48 threads set.
I0000 00:00:1789315004.487168  228882 train_oblique_forest.cc:1304] Configuring oblique splits
I0000 00:00:1789315004.487171  228882 train_oblique_forest.cc:1313] dynamic_split_threshold = 1100 (from flag)
I0000 00:00:1789315004.487175  228882 train_oblique_forest.cc:1398] Using Dynamic Random Histogram with 256 samples
I0000 00:00:1789315004.487185  228882 train_oblique_forest.cc:1428] train_oblique_forest wall-time - Loading/Init (pre-train): 1.41679s
I0000 00:00:1789315004.514439  228882 abstract_learner.cc:171] No input feature explicitly specified. Using all the available input features.
I0000 00:00:1789315004.514732  228882 abstract_learner.cc:185] The label "y" was removed from the input feature set.
I0000 00:00:1789315004.579803  228882 random_forest.cc:534] Training random forest on 15000 example(s) and 400000 feature(s).
I0000 00:00:1789315004.590271  228882 gpu.cc:93] Cannot initialize GPU: Not compiled with GPU support
I0000 00:00:1789315004.612027  228882 random_forest.cc:663] num_threads being used: 48
I0000 00:00:1789315009.101631  228962 random_forest.cc:881] Train tree 1/240  [index:41 total:4.49s tree:4.48s]
I0000 00:00:1789315028.915200  228882 random_forest.cc:899] random_forest.cc Training block took: 24.428 s
W0000 00:00:1789315028.915240  228882 random_forest.cc:1216] EXITING EARLY TO SPEED UP EXPERIMENTS!
RESULT dataset=trunk_15000_x_400000 threshold=1100 median=24.428s stddev=N/As n=1


======== Threshold 2100 ========

./bazel-bin/examples/train_oblique_forest --input_mode csv --train_csv "benchmarks/data/HIGGS_with_header.csv" --label_col "class" --num_trees=240 --dynamic_split_threshold=2100 --feature_split_type Oblique --numerical_split_type "Dynamic Random Histogram" --histogram_num_bins 256
----- Run 1/1 -----
WARNING: All log messages before absl::InitializeLog() is called are written to STDERR
I0000 00:00:1789315029.531003  229098 train_oblique_forest.cc:1101] Loading CSV in a single pass: benchmarks/data/HIGGS_with_header.csv
I0000 00:00:1789315030.417529  229098 train_oblique_forest.cc:1108] Single-pass CSV load complete: 11000000 rows, 29 columns.
I0000 00:00:1789315030.417607  229098 train_oblique_forest.cc:1229] -1 (automatic) threads requested. 48 threads set.
I0000 00:00:1789315030.417616  229098 train_oblique_forest.cc:1304] Configuring oblique splits
I0000 00:00:1789315030.417618  229098 train_oblique_forest.cc:1313] dynamic_split_threshold = 2100 (from flag)
I0000 00:00:1789315030.417620  229098 train_oblique_forest.cc:1398] Using Dynamic Random Histogram with 256 samples
I0000 00:00:1789315030.417629  229098 train_oblique_forest.cc:1428] train_oblique_forest wall-time - Loading/Init (pre-train): 0.886653s
I0000 00:00:1789315030.417690  229098 abstract_learner.cc:171] No input feature explicitly specified. Using all the available input features.
I0000 00:00:1789315030.417692  229098 abstract_learner.cc:185] The label "class" was removed from the input feature set.
I0000 00:00:1789315030.417703  229098 random_forest.cc:534] Training random forest on 11000000 example(s) and 28 feature(s).
I0000 00:00:1789315030.417714  229098 gpu.cc:93] Cannot initialize GPU: Not compiled with GPU support
I0000 00:00:1789315030.418289  229098 random_forest.cc:663] num_threads being used: 48
I0000 00:00:1789315092.022643  229228 random_forest.cc:881] Train tree 1/240  [index:6 total:1m1.60s tree:1m1.60s]
I0000 00:00:1789315153.342169  229228 random_forest.cc:881] Train tree 49/240  [index:48 total:2m2.92s tree:1m1.32s]
I0000 00:00:1789315215.943512  229228 random_forest.cc:881] Train tree 97/240  [index:96 total:3m5.53s tree:1m2.60s]
I0000 00:00:1789315278.345924  229236 random_forest.cc:881] Train tree 145/240  [index:149 total:4m7.93s tree:1m1.57s]
I0000 00:00:1789315341.005786  229254 random_forest.cc:881] Train tree 193/240  [index:193 total:5m10.59s tree:1m2.21s]
I0000 00:00:1789315346.884290  229098 random_forest.cc:899] random_forest.cc Training block took: 316.467 s
W0000 00:00:1789315346.884326  229098 random_forest.cc:1216] EXITING EARLY TO SPEED UP EXPERIMENTS!
RESULT dataset=HIGGS_with_header threshold=2100 median=316.467s stddev=N/As n=1
./bazel-bin/examples/train_oblique_forest --input_mode csv --train_csv "benchmarks/data/SUSY_with_header.csv" --label_col "class" --num_trees=240 --dynamic_split_threshold=2100 --feature_split_type Oblique --numerical_split_type "Dynamic Random Histogram" --histogram_num_bins 256
----- Run 1/1 -----
WARNING: All log messages before absl::InitializeLog() is called are written to STDERR
I0000 00:00:1789315353.226559  230543 train_oblique_forest.cc:1101] Loading CSV in a single pass: benchmarks/data/SUSY_with_header.csv
I0000 00:00:1789315353.558719  230543 train_oblique_forest.cc:1108] Single-pass CSV load complete: 5000000 rows, 19 columns.
I0000 00:00:1789315353.558786  230543 train_oblique_forest.cc:1229] -1 (automatic) threads requested. 48 threads set.
I0000 00:00:1789315353.558795  230543 train_oblique_forest.cc:1304] Configuring oblique splits
I0000 00:00:1789315353.558797  230543 train_oblique_forest.cc:1313] dynamic_split_threshold = 2100 (from flag)
I0000 00:00:1789315353.558799  230543 train_oblique_forest.cc:1398] Using Dynamic Random Histogram with 256 samples
I0000 00:00:1789315353.558808  230543 train_oblique_forest.cc:1428] train_oblique_forest wall-time - Loading/Init (pre-train): 0.332276s
I0000 00:00:1789315353.558869  230543 abstract_learner.cc:171] No input feature explicitly specified. Using all the available input features.
I0000 00:00:1789315353.558871  230543 abstract_learner.cc:185] The label "class" was removed from the input feature set.
I0000 00:00:1789315353.558881  230543 random_forest.cc:534] Training random forest on 5000000 example(s) and 18 feature(s).
I0000 00:00:1789315353.558892  230543 gpu.cc:93] Cannot initialize GPU: Not compiled with GPU support
I0000 00:00:1789315353.559473  230543 random_forest.cc:663] num_threads being used: 48
I0000 00:00:1789315374.395571  230666 random_forest.cc:881] Train tree 1/240  [index:16 total:20.84s tree:20.83s]
I0000 00:00:1789315395.086971  230696 random_forest.cc:881] Train tree 49/240  [index:52 total:41.53s tree:20.59s]
I0000 00:00:1789315416.160813  230680 random_forest.cc:881] Train tree 97/240  [index:98 total:1m2.60s tree:20.86s]
I0000 00:00:1789315437.605039  230680 random_forest.cc:881] Train tree 145/240  [index:144 total:1m24.05s tree:21.44s]
I0000 00:00:1789315458.875359  230696 random_forest.cc:881] Train tree 193/240  [index:195 total:1m45.32s tree:21.09s]
I0000 00:00:1789315460.524400  230543 random_forest.cc:899] random_forest.cc Training block took: 106.966 s
W0000 00:00:1789315460.524434  230543 random_forest.cc:1216] EXITING EARLY TO SPEED UP EXPERIMENTS!
RESULT dataset=SUSY_with_header threshold=2100 median=106.966s stddev=N/As n=1
./bazel-bin/examples/train_oblique_forest --input_mode csv --train_csv "benchmarks/data/epsilon_normalized_train.csv" --label_col "label" --num_trees=240 --dynamic_split_threshold=2100 --feature_split_type Oblique --numerical_split_type "Dynamic Random Histogram" --histogram_num_bins 256
----- Run 1/1 -----
WARNING: All log messages before absl::InitializeLog() is called are written to STDERR
I0000 00:00:1789315463.137314  231143 train_oblique_forest.cc:1101] Loading CSV in a single pass: benchmarks/data/epsilon_normalized_train.csv
I0000 00:00:1789315464.925454  231143 train_oblique_forest.cc:1108] Single-pass CSV load complete: 400000 rows, 2001 columns.
I0000 00:00:1789315464.925526  231143 train_oblique_forest.cc:1229] -1 (automatic) threads requested. 48 threads set.
I0000 00:00:1789315464.925535  231143 train_oblique_forest.cc:1304] Configuring oblique splits
I0000 00:00:1789315464.925537  231143 train_oblique_forest.cc:1313] dynamic_split_threshold = 2100 (from flag)
I0000 00:00:1789315464.925539  231143 train_oblique_forest.cc:1398] Using Dynamic Random Histogram with 256 samples
I0000 00:00:1789315464.925548  231143 train_oblique_forest.cc:1428] train_oblique_forest wall-time - Loading/Init (pre-train): 1.78826s
I0000 00:00:1789315464.925710  231143 abstract_learner.cc:171] No input feature explicitly specified. Using all the available input features.
I0000 00:00:1789315464.925717  231143 abstract_learner.cc:185] The label "label" was removed from the input feature set.
I0000 00:00:1789315464.926057  231143 random_forest.cc:534] Training random forest on 400000 example(s) and 2000 feature(s).
I0000 00:00:1789315464.926122  231143 gpu.cc:93] Cannot initialize GPU: Not compiled with GPU support
I0000 00:00:1789315464.926818  231143 random_forest.cc:663] num_threads being used: 48
I0000 00:00:1789315475.109665  231325 random_forest.cc:881] Train tree 1/240  [index:35 total:10.18s tree:10.18s]
I0000 00:00:1789315495.663285  231325 random_forest.cc:881] Train tree 97/240  [index:96 total:30.74s tree:10.29s]
I0000 00:00:1789315516.294839  231325 random_forest.cc:881] Train tree 193/240  [index:192 total:51.37s tree:10.31s]
I0000 00:00:1789315517.344943  231143 random_forest.cc:899] random_forest.cc Training block took: 52.4194 s
W0000 00:00:1789315517.344992  231143 random_forest.cc:1216] EXITING EARLY TO SPEED UP EXPERIMENTS!
RESULT dataset=epsilon_normalized_train threshold=2100 median=52.4194s stddev=N/As n=1
./bazel-bin/examples/train_oblique_forest --input_mode trunk --rows 1500000 --cols 4096 --num_trees=240 --dynamic_split_threshold=2100 --feature_split_type Oblique --numerical_split_type "Dynamic Random Histogram" --histogram_num_bins 256
----- Run 1/1 -----
WARNING: All log messages before absl::InitializeLog() is called are written to STDERR
I0000 00:00:1789315517.614659  231566 train_oblique_forest.cc:1133] Generating trunk synthetic dataset: rows=1500000, cols=4096, layout=column
I0000 00:00:1789315519.055484  231566 train_oblique_forest.cc:1229] -1 (automatic) threads requested. 48 threads set.
I0000 00:00:1789315519.055518  231566 train_oblique_forest.cc:1304] Configuring oblique splits
I0000 00:00:1789315519.055520  231566 train_oblique_forest.cc:1313] dynamic_split_threshold = 2100 (from flag)
I0000 00:00:1789315519.055523  231566 train_oblique_forest.cc:1398] Using Dynamic Random Histogram with 256 samples
I0000 00:00:1789315519.055533  231566 train_oblique_forest.cc:1428] train_oblique_forest wall-time - Loading/Init (pre-train): 1.4409s
I0000 00:00:1789315519.055837  231566 abstract_learner.cc:171] No input feature explicitly specified. Using all the available input features.
I0000 00:00:1789315519.055843  231566 abstract_learner.cc:185] The label "y" was removed from the input feature set.
I0000 00:00:1789315519.056449  231566 random_forest.cc:534] Training random forest on 1500000 example(s) and 4096 feature(s).
I0000 00:00:1789315519.056573  231566 gpu.cc:93] Cannot initialize GPU: Not compiled with GPU support
I0000 00:00:1789315519.057378  231566 random_forest.cc:663] num_threads being used: 48
I0000 00:00:1789315573.674943  231660 random_forest.cc:881] Train tree 1/240  [index:9 total:54.62s tree:54.61s]
I0000 00:00:1789315628.048375  231656 random_forest.cc:881] Train tree 49/240  [index:61 total:1m48.99s tree:51.95s]
I0000 00:00:1789315685.410504  231656 random_forest.cc:881] Train tree 97/240  [index:96 total:2m46.35s tree:57.36s]
I0000 00:00:1789315741.824821  231656 random_forest.cc:881] Train tree 145/240  [index:144 total:3m42.77s tree:56.41s]
I0000 00:00:1789315796.570747  231656 random_forest.cc:881] Train tree 193/240  [index:192 total:4m37.51s tree:54.75s]
I0000 00:00:1789315807.579289  231566 random_forest.cc:899] random_forest.cc Training block took: 288.524 s
W0000 00:00:1789315807.579335  231566 random_forest.cc:1216] EXITING EARLY TO SPEED UP EXPERIMENTS!
RESULT dataset=trunk_1500000_x_4096 threshold=2100 median=288.524s stddev=N/As n=1
./bazel-bin/examples/train_oblique_forest --input_mode trunk --rows 150000 --cols 40000 --num_trees=240 --dynamic_split_threshold=2100 --feature_split_type Oblique --numerical_split_type "Dynamic Random Histogram" --histogram_num_bins 256
----- Run 1/1 -----
WARNING: All log messages before absl::InitializeLog() is called are written to STDERR
I0000 00:00:1789315808.629812  232786 train_oblique_forest.cc:1133] Generating trunk synthetic dataset: rows=150000, cols=40000, layout=column
I0000 00:00:1789315809.945303  232786 train_oblique_forest.cc:1229] -1 (automatic) threads requested. 48 threads set.
I0000 00:00:1789315809.945339  232786 train_oblique_forest.cc:1304] Configuring oblique splits
I0000 00:00:1789315809.945341  232786 train_oblique_forest.cc:1313] dynamic_split_threshold = 2100 (from flag)
I0000 00:00:1789315809.945344  232786 train_oblique_forest.cc:1398] Using Dynamic Random Histogram with 256 samples
I0000 00:00:1789315809.945356  232786 train_oblique_forest.cc:1428] train_oblique_forest wall-time - Loading/Init (pre-train): 1.31557s
I0000 00:00:1789315809.948199  232786 abstract_learner.cc:171] No input feature explicitly specified. Using all the available input features.
I0000 00:00:1789315809.948235  232786 abstract_learner.cc:185] The label "y" was removed from the input feature set.
I0000 00:00:1789315809.955059  232786 random_forest.cc:534] Training random forest on 150000 example(s) and 40000 feature(s).
I0000 00:00:1789315809.956264  232786 gpu.cc:93] Cannot initialize GPU: Not compiled with GPU support
I0000 00:00:1789315809.959228  232786 random_forest.cc:663] num_threads being used: 48
I0000 00:00:1789315825.098879  232861 random_forest.cc:881] Train tree 1/240  [index:15 total:15.14s tree:15.14s]
I0000 00:00:1789315857.095930  232856 random_forest.cc:881] Train tree 97/240  [index:110 total:47.14s tree:14.48s]
I0000 00:00:1789315877.207109  232867 random_forest.cc:881] Train tree 190/240  [index:190 total:1m7.25s tree:16.52s]
I0000 00:00:1789315894.177840  232786 random_forest.cc:899] random_forest.cc Training block took: 84.2325 s
W0000 00:00:1789315894.177880  232786 random_forest.cc:1216] EXITING EARLY TO SPEED UP EXPERIMENTS!
RESULT dataset=trunk_150000_x_40000 threshold=2100 median=84.2325s stddev=N/As n=1
./bazel-bin/examples/train_oblique_forest --input_mode trunk --rows 15000 --cols 400000 --num_trees=240 --dynamic_split_threshold=2100 --feature_split_type Oblique --numerical_split_type "Dynamic Random Histogram" --histogram_num_bins 256
----- Run 1/1 -----
WARNING: All log messages before absl::InitializeLog() is called are written to STDERR
I0000 00:00:1789315894.803396  233238 train_oblique_forest.cc:1133] Generating trunk synthetic dataset: rows=15000, cols=400000, layout=column
I0000 00:00:1789315896.260583  233238 train_oblique_forest.cc:1229] -1 (automatic) threads requested. 48 threads set.
I0000 00:00:1789315896.260618  233238 train_oblique_forest.cc:1304] Configuring oblique splits
I0000 00:00:1789315896.260620  233238 train_oblique_forest.cc:1313] dynamic_split_threshold = 2100 (from flag)
I0000 00:00:1789315896.260623  233238 train_oblique_forest.cc:1398] Using Dynamic Random Histogram with 256 samples
I0000 00:00:1789315896.260633  233238 train_oblique_forest.cc:1428] train_oblique_forest wall-time - Loading/Init (pre-train): 1.45727s
I0000 00:00:1789315896.283611  233238 abstract_learner.cc:171] No input feature explicitly specified. Using all the available input features.
I0000 00:00:1789315896.283876  233238 abstract_learner.cc:185] The label "y" was removed from the input feature set.
I0000 00:00:1789315896.347740  233238 random_forest.cc:534] Training random forest on 15000 example(s) and 400000 feature(s).
I0000 00:00:1789315896.357863  233238 gpu.cc:93] Cannot initialize GPU: Not compiled with GPU support
I0000 00:00:1789315896.379573  233238 random_forest.cc:663] num_threads being used: 48
I0000 00:00:1789315900.759929  233325 random_forest.cc:881] Train tree 1/240  [index:41 total:4.38s tree:4.37s]
I0000 00:00:1789315920.849957  233296 random_forest.cc:881] Train tree 239/240  [index:236 total:24.47s tree:4.94s]
I0000 00:00:1789315920.880558  233238 random_forest.cc:899] random_forest.cc Training block took: 24.6199 s
W0000 00:00:1789315920.880588  233238 random_forest.cc:1216] EXITING EARLY TO SPEED UP EXPERIMENTS!
RESULT dataset=trunk_15000_x_400000 threshold=2100 median=24.6199s stddev=N/As n=1


======== Threshold 3100 ========

./bazel-bin/examples/train_oblique_forest --input_mode csv --train_csv "benchmarks/data/HIGGS_with_header.csv" --label_col "class" --num_trees=240 --dynamic_split_threshold=3100 --feature_split_type Oblique --numerical_split_type "Dynamic Random Histogram" --histogram_num_bins 256
----- Run 1/1 -----
WARNING: All log messages before absl::InitializeLog() is called are written to STDERR
I0000 00:00:1789315921.495328  233454 train_oblique_forest.cc:1101] Loading CSV in a single pass: benchmarks/data/HIGGS_with_header.csv
I0000 00:00:1789315922.381084  233454 train_oblique_forest.cc:1108] Single-pass CSV load complete: 11000000 rows, 29 columns.
I0000 00:00:1789315922.381162  233454 train_oblique_forest.cc:1229] -1 (automatic) threads requested. 48 threads set.
I0000 00:00:1789315922.381172  233454 train_oblique_forest.cc:1304] Configuring oblique splits
I0000 00:00:1789315922.381174  233454 train_oblique_forest.cc:1313] dynamic_split_threshold = 3100 (from flag)
I0000 00:00:1789315922.381176  233454 train_oblique_forest.cc:1398] Using Dynamic Random Histogram with 256 samples
I0000 00:00:1789315922.381185  233454 train_oblique_forest.cc:1428] train_oblique_forest wall-time - Loading/Init (pre-train): 0.885882s
I0000 00:00:1789315922.381246  233454 abstract_learner.cc:171] No input feature explicitly specified. Using all the available input features.
I0000 00:00:1789315922.381248  233454 abstract_learner.cc:185] The label "class" was removed from the input feature set.
I0000 00:00:1789315922.381260  233454 random_forest.cc:534] Training random forest on 11000000 example(s) and 28 feature(s).
I0000 00:00:1789315922.381272  233454 gpu.cc:93] Cannot initialize GPU: Not compiled with GPU support
I0000 00:00:1789315922.381852  233454 random_forest.cc:663] num_threads being used: 48
I0000 00:00:1789315984.541593  233588 random_forest.cc:881] Train tree 1/240  [index:17 total:1m2.16s tree:1m2.16s]
I0000 00:00:1789316046.837543  233602 random_forest.cc:881] Train tree 49/240  [index:57 total:2m4.46s tree:1m1.84s]
I0000 00:00:1789316109.392896  233612 random_forest.cc:881] Train tree 97/240  [index:109 total:3m7.01s tree:1m1.77s]
I0000 00:00:1789316172.084793  233616 random_forest.cc:881] Train tree 145/240  [index:146 total:4m9.70s tree:1m2.37s]
I0000 00:00:1789316234.714326  233616 random_forest.cc:881] Train tree 193/240  [index:192 total:5m12.33s tree:1m2.63s]
I0000 00:00:1789316239.914121  233454 random_forest.cc:899] random_forest.cc Training block took: 317.533 s
W0000 00:00:1789316239.914157  233454 random_forest.cc:1216] EXITING EARLY TO SPEED UP EXPERIMENTS!
RESULT dataset=HIGGS_with_header threshold=3100 median=317.533s stddev=N/As n=1
./bazel-bin/examples/train_oblique_forest --input_mode csv --train_csv "benchmarks/data/SUSY_with_header.csv" --label_col "class" --num_trees=240 --dynamic_split_threshold=3100 --feature_split_type Oblique --numerical_split_type "Dynamic Random Histogram" --histogram_num_bins 256
----- Run 1/1 -----
WARNING: All log messages before absl::InitializeLog() is called are written to STDERR
I0000 00:00:1789316246.220458  234890 train_oblique_forest.cc:1101] Loading CSV in a single pass: benchmarks/data/SUSY_with_header.csv
I0000 00:00:1789316246.552766  234890 train_oblique_forest.cc:1108] Single-pass CSV load complete: 5000000 rows, 19 columns.
I0000 00:00:1789316246.552841  234890 train_oblique_forest.cc:1229] -1 (automatic) threads requested. 48 threads set.
I0000 00:00:1789316246.552850  234890 train_oblique_forest.cc:1304] Configuring oblique splits
I0000 00:00:1789316246.552852  234890 train_oblique_forest.cc:1313] dynamic_split_threshold = 3100 (from flag)
I0000 00:00:1789316246.552854  234890 train_oblique_forest.cc:1398] Using Dynamic Random Histogram with 256 samples
I0000 00:00:1789316246.552863  234890 train_oblique_forest.cc:1428] train_oblique_forest wall-time - Loading/Init (pre-train): 0.332432s
I0000 00:00:1789316246.552924  234890 abstract_learner.cc:171] No input feature explicitly specified. Using all the available input features.
I0000 00:00:1789316246.552926  234890 abstract_learner.cc:185] The label "class" was removed from the input feature set.
I0000 00:00:1789316246.552937  234890 random_forest.cc:534] Training random forest on 5000000 example(s) and 18 feature(s).
I0000 00:00:1789316246.552948  234890 gpu.cc:93] Cannot initialize GPU: Not compiled with GPU support
I0000 00:00:1789316246.553523  234890 random_forest.cc:663] num_threads being used: 48
I0000 00:00:1789316267.352036  235040 random_forest.cc:881] Train tree 1/240  [index:41 total:20.80s tree:20.79s]
I0000 00:00:1789316288.399363  235048 random_forest.cc:881] Train tree 49/240  [index:54 total:41.85s tree:20.78s]
I0000 00:00:1789316309.577369  235013 random_forest.cc:881] Train tree 97/240  [index:97 total:1m3.02s tree:21.12s]
I0000 00:00:1789316330.894744  235013 random_forest.cc:881] Train tree 145/240  [index:144 total:1m24.34s tree:21.32s]
I0000 00:00:1789316351.880513  235013 random_forest.cc:881] Train tree 193/240  [index:192 total:1m45.33s tree:20.99s]
I0000 00:00:1789316353.968302  234890 random_forest.cc:899] random_forest.cc Training block took: 107.415 s
W0000 00:00:1789316353.968338  234890 random_forest.cc:1216] EXITING EARLY TO SPEED UP EXPERIMENTS!
RESULT dataset=SUSY_with_header threshold=3100 median=107.415s stddev=N/As n=1
./bazel-bin/examples/train_oblique_forest --input_mode csv --train_csv "benchmarks/data/epsilon_normalized_train.csv" --label_col "label" --num_trees=240 --dynamic_split_threshold=3100 --feature_split_type Oblique --numerical_split_type "Dynamic Random Histogram" --histogram_num_bins 256
----- Run 1/1 -----
WARNING: All log messages before absl::InitializeLog() is called are written to STDERR
I0000 00:00:1789316356.576059  235495 train_oblique_forest.cc:1101] Loading CSV in a single pass: benchmarks/data/epsilon_normalized_train.csv
I0000 00:00:1789316358.372884  235495 train_oblique_forest.cc:1108] Single-pass CSV load complete: 400000 rows, 2001 columns.
I0000 00:00:1789316358.372953  235495 train_oblique_forest.cc:1229] -1 (automatic) threads requested. 48 threads set.
I0000 00:00:1789316358.372962  235495 train_oblique_forest.cc:1304] Configuring oblique splits
I0000 00:00:1789316358.372964  235495 train_oblique_forest.cc:1313] dynamic_split_threshold = 3100 (from flag)
I0000 00:00:1789316358.372966  235495 train_oblique_forest.cc:1398] Using Dynamic Random Histogram with 256 samples
I0000 00:00:1789316358.372975  235495 train_oblique_forest.cc:1428] train_oblique_forest wall-time - Loading/Init (pre-train): 1.79694s
I0000 00:00:1789316358.373139  235495 abstract_learner.cc:171] No input feature explicitly specified. Using all the available input features.
I0000 00:00:1789316358.373146  235495 abstract_learner.cc:185] The label "label" was removed from the input feature set.
I0000 00:00:1789316358.373483  235495 random_forest.cc:534] Training random forest on 400000 example(s) and 2000 feature(s).
I0000 00:00:1789316358.373548  235495 gpu.cc:93] Cannot initialize GPU: Not compiled with GPU support
I0000 00:00:1789316358.374242  235495 random_forest.cc:663] num_threads being used: 48
I0000 00:00:1789316368.614976  235664 random_forest.cc:881] Train tree 1/240  [index:18 total:10.24s tree:10.24s]
I0000 00:00:1789316389.321412  235692 random_forest.cc:881] Train tree 97/240  [index:103 total:30.95s tree:10.27s]
I0000 00:00:1789316409.927558  235692 random_forest.cc:881] Train tree 193/240  [index:192 total:51.55s tree:10.29s]
I0000 00:00:1789316411.146745  235495 random_forest.cc:899] random_forest.cc Training block took: 52.7738 s
W0000 00:00:1789316411.146785  235495 random_forest.cc:1216] EXITING EARLY TO SPEED UP EXPERIMENTS!
RESULT dataset=epsilon_normalized_train threshold=3100 median=52.7738s stddev=N/As n=1
./bazel-bin/examples/train_oblique_forest --input_mode trunk --rows 1500000 --cols 4096 --num_trees=240 --dynamic_split_threshold=3100 --feature_split_type Oblique --numerical_split_type "Dynamic Random Histogram" --histogram_num_bins 256
----- Run 1/1 -----
WARNING: All log messages before absl::InitializeLog() is called are written to STDERR
I0000 00:00:1789316411.414618  235918 train_oblique_forest.cc:1133] Generating trunk synthetic dataset: rows=1500000, cols=4096, layout=column
I0000 00:00:1789316412.826488  235918 train_oblique_forest.cc:1229] -1 (automatic) threads requested. 48 threads set.
I0000 00:00:1789316412.826522  235918 train_oblique_forest.cc:1304] Configuring oblique splits
I0000 00:00:1789316412.826524  235918 train_oblique_forest.cc:1313] dynamic_split_threshold = 3100 (from flag)
I0000 00:00:1789316412.826527  235918 train_oblique_forest.cc:1398] Using Dynamic Random Histogram with 256 samples
I0000 00:00:1789316412.826536  235918 train_oblique_forest.cc:1428] train_oblique_forest wall-time - Loading/Init (pre-train): 1.41194s
I0000 00:00:1789316412.826831  235918 abstract_learner.cc:171] No input feature explicitly specified. Using all the available input features.
I0000 00:00:1789316412.826836  235918 abstract_learner.cc:185] The label "y" was removed from the input feature set.
I0000 00:00:1789316412.827445  235918 random_forest.cc:534] Training random forest on 1500000 example(s) and 4096 feature(s).
I0000 00:00:1789316412.827567  235918 gpu.cc:93] Cannot initialize GPU: Not compiled with GPU support
I0000 00:00:1789316412.828364  235918 random_forest.cc:663] num_threads being used: 48
I0000 00:00:1789316468.549128  235998 random_forest.cc:881] Train tree 1/240  [index:43 total:55.72s tree:55.72s]
I0000 00:00:1789316522.967674  236003 random_forest.cc:881] Train tree 49/240  [index:61 total:1m50.14s tree:52.62s]
I0000 00:00:1789316580.637444  235989 random_forest.cc:881] Train tree 97/240  [index:104 total:2m47.81s tree:54.43s]
I0000 00:00:1789316637.715398  236003 random_forest.cc:881] Train tree 145/240  [index:147 total:3m44.89s tree:56.31s]
I0000 00:00:1789316692.414202  236003 random_forest.cc:881] Train tree 193/240  [index:192 total:4m39.59s tree:54.70s]
I0000 00:00:1789316703.851262  235918 random_forest.cc:899] random_forest.cc Training block took: 291.025 s
W0000 00:00:1789316703.851306  235918 random_forest.cc:1216] EXITING EARLY TO SPEED UP EXPERIMENTS!
RESULT dataset=trunk_1500000_x_4096 threshold=3100 median=291.025s stddev=N/As n=1
./bazel-bin/examples/train_oblique_forest --input_mode trunk --rows 150000 --cols 40000 --num_trees=240 --dynamic_split_threshold=3100 --feature_split_type Oblique --numerical_split_type "Dynamic Random Histogram" --histogram_num_bins 256
----- Run 1/1 -----
WARNING: All log messages before absl::InitializeLog() is called are written to STDERR
I0000 00:00:1789316704.898941  237151 train_oblique_forest.cc:1133] Generating trunk synthetic dataset: rows=150000, cols=40000, layout=column
I0000 00:00:1789316706.253271  237151 train_oblique_forest.cc:1229] -1 (automatic) threads requested. 48 threads set.
I0000 00:00:1789316706.253304  237151 train_oblique_forest.cc:1304] Configuring oblique splits
I0000 00:00:1789316706.253308  237151 train_oblique_forest.cc:1313] dynamic_split_threshold = 3100 (from flag)
I0000 00:00:1789316706.253312  237151 train_oblique_forest.cc:1398] Using Dynamic Random Histogram with 256 samples
I0000 00:00:1789316706.253321  237151 train_oblique_forest.cc:1428] train_oblique_forest wall-time - Loading/Init (pre-train): 1.35441s
I0000 00:00:1789316706.255678  237151 abstract_learner.cc:171] No input feature explicitly specified. Using all the available input features.
I0000 00:00:1789316706.255710  237151 abstract_learner.cc:185] The label "y" was removed from the input feature set.
I0000 00:00:1789316706.261874  237151 random_forest.cc:534] Training random forest on 150000 example(s) and 40000 feature(s).
I0000 00:00:1789316706.262935  237151 gpu.cc:93] Cannot initialize GPU: Not compiled with GPU support
I0000 00:00:1789316706.265645  237151 random_forest.cc:663] num_threads being used: 48
I0000 00:00:1789316721.762221  237218 random_forest.cc:881] Train tree 1/240  [index:15 total:15.50s tree:15.49s]
I0000 00:00:1789316754.175532  237238 random_forest.cc:881] Train tree 97/240  [index:110 total:47.91s tree:15.01s]
I0000 00:00:1789316774.449979  237243 random_forest.cc:881] Train tree 190/240  [index:189 total:1m8.18s tree:17.16s]
I0000 00:00:1789316791.209814  237151 random_forest.cc:899] random_forest.cc Training block took: 84.9565 s
W0000 00:00:1789316791.209852  237151 random_forest.cc:1216] EXITING EARLY TO SPEED UP EXPERIMENTS!
RESULT dataset=trunk_150000_x_40000 threshold=3100 median=84.9565s stddev=N/As n=1
./bazel-bin/examples/train_oblique_forest --input_mode trunk --rows 15000 --cols 400000 --num_trees=240 --dynamic_split_threshold=3100 --feature_split_type Oblique --numerical_split_type "Dynamic Random Histogram" --histogram_num_bins 256
----- Run 1/1 -----
WARNING: All log messages before absl::InitializeLog() is called are written to STDERR
I0000 00:00:1789316791.840261  237603 train_oblique_forest.cc:1133] Generating trunk synthetic dataset: rows=15000, cols=400000, layout=column
I0000 00:00:1789316793.301866  237603 train_oblique_forest.cc:1229] -1 (automatic) threads requested. 48 threads set.
I0000 00:00:1789316793.301898  237603 train_oblique_forest.cc:1304] Configuring oblique splits
I0000 00:00:1789316793.301901  237603 train_oblique_forest.cc:1313] dynamic_split_threshold = 3100 (from flag)
I0000 00:00:1789316793.301904  237603 train_oblique_forest.cc:1398] Using Dynamic Random Histogram with 256 samples
I0000 00:00:1789316793.301914  237603 train_oblique_forest.cc:1428] train_oblique_forest wall-time - Loading/Init (pre-train): 1.46168s
I0000 00:00:1789316793.325150  237603 abstract_learner.cc:171] No input feature explicitly specified. Using all the available input features.
I0000 00:00:1789316793.325419  237603 abstract_learner.cc:185] The label "y" was removed from the input feature set.
I0000 00:00:1789316793.389876  237603 random_forest.cc:534] Training random forest on 15000 example(s) and 400000 feature(s).
I0000 00:00:1789316793.400257  237603 gpu.cc:93] Cannot initialize GPU: Not compiled with GPU support
I0000 00:00:1789316793.422248  237603 random_forest.cc:663] num_threads being used: 48
I0000 00:00:1789316797.880508  237681 random_forest.cc:881] Train tree 1/240  [index:17 total:4.46s tree:4.45s]
I0000 00:00:1789316817.910406  237676 random_forest.cc:881] Train tree 236/240  [index:229 total:24.49s tree:4.87s]
I0000 00:00:1789316818.115420  237603 random_forest.cc:899] random_forest.cc Training block took: 24.8135 s
W0000 00:00:1789316818.115454  237603 random_forest.cc:1216] EXITING EARLY TO SPEED UP EXPERIMENTS!
RESULT dataset=trunk_15000_x_400000 threshold=3100 median=24.8135s stddev=N/As n=1


======== Threshold 4100 ========

./bazel-bin/examples/train_oblique_forest --input_mode csv --train_csv "benchmarks/data/HIGGS_with_header.csv" --label_col "class" --num_trees=240 --dynamic_split_threshold=4100 --feature_split_type Oblique --numerical_split_type "Dynamic Random Histogram" --histogram_num_bins 256
----- Run 1/1 -----
WARNING: All log messages before absl::InitializeLog() is called are written to STDERR
I0000 00:00:1789316818.730450  237820 train_oblique_forest.cc:1101] Loading CSV in a single pass: benchmarks/data/HIGGS_with_header.csv
I0000 00:00:1789316819.636028  237820 train_oblique_forest.cc:1108] Single-pass CSV load complete: 11000000 rows, 29 columns.
I0000 00:00:1789316819.636106  237820 train_oblique_forest.cc:1229] -1 (automatic) threads requested. 48 threads set.
I0000 00:00:1789316819.636117  237820 train_oblique_forest.cc:1304] Configuring oblique splits
I0000 00:00:1789316819.636119  237820 train_oblique_forest.cc:1313] dynamic_split_threshold = 4100 (from flag)
I0000 00:00:1789316819.636121  237820 train_oblique_forest.cc:1398] Using Dynamic Random Histogram with 256 samples
I0000 00:00:1789316819.636131  237820 train_oblique_forest.cc:1428] train_oblique_forest wall-time - Loading/Init (pre-train): 0.90571s
I0000 00:00:1789316819.636190  237820 abstract_learner.cc:171] No input feature explicitly specified. Using all the available input features.
I0000 00:00:1789316819.636192  237820 abstract_learner.cc:185] The label "class" was removed from the input feature set.
I0000 00:00:1789316819.636204  237820 random_forest.cc:534] Training random forest on 11000000 example(s) and 28 feature(s).
I0000 00:00:1789316819.636217  237820 gpu.cc:93] Cannot initialize GPU: Not compiled with GPU support
I0000 00:00:1789316819.636795  237820 random_forest.cc:663] num_threads being used: 48
I0000 00:00:1789316881.847667  237966 random_forest.cc:881] Train tree 1/240  [index:21 total:1m2.21s tree:1m2.21s]
I0000 00:00:1789316944.896428  237966 random_forest.cc:881] Train tree 49/240  [index:48 total:2m5.26s tree:1m3.05s]
I0000 00:00:1789317008.037072  237997 random_forest.cc:881] Train tree 97/240  [index:106 total:3m8.40s tree:1m2.26s]
I0000 00:00:1789317071.118945  237985 random_forest.cc:881] Train tree 145/240  [index:149 total:4m11.48s tree:1m2.60s]
I0000 00:00:1789317133.871126  237956 random_forest.cc:881] Train tree 193/240  [index:193 total:5m14.23s tree:1m2.64s]
I0000 00:00:1789317139.819079  237820 random_forest.cc:899] random_forest.cc Training block took: 320.183 s
W0000 00:00:1789317139.819112  237820 random_forest.cc:1216] EXITING EARLY TO SPEED UP EXPERIMENTS!
RESULT dataset=HIGGS_with_header threshold=4100 median=320.183s stddev=N/As n=1
./bazel-bin/examples/train_oblique_forest --input_mode csv --train_csv "benchmarks/data/SUSY_with_header.csv" --label_col "class" --num_trees=240 --dynamic_split_threshold=4100 --feature_split_type Oblique --numerical_split_type "Dynamic Random Histogram" --histogram_num_bins 256
----- Run 1/1 -----
WARNING: All log messages before absl::InitializeLog() is called are written to STDERR
I0000 00:00:1789317146.144582  239277 train_oblique_forest.cc:1101] Loading CSV in a single pass: benchmarks/data/SUSY_with_header.csv
I0000 00:00:1789317146.477907  239277 train_oblique_forest.cc:1108] Single-pass CSV load complete: 5000000 rows, 19 columns.
I0000 00:00:1789317146.477979  239277 train_oblique_forest.cc:1229] -1 (automatic) threads requested. 48 threads set.
I0000 00:00:1789317146.477988  239277 train_oblique_forest.cc:1304] Configuring oblique splits
I0000 00:00:1789317146.477990  239277 train_oblique_forest.cc:1313] dynamic_split_threshold = 4100 (from flag)
I0000 00:00:1789317146.477992  239277 train_oblique_forest.cc:1398] Using Dynamic Random Histogram with 256 samples
I0000 00:00:1789317146.478002  239277 train_oblique_forest.cc:1428] train_oblique_forest wall-time - Loading/Init (pre-train): 0.333446s
I0000 00:00:1789317146.478061  239277 abstract_learner.cc:171] No input feature explicitly specified. Using all the available input features.
I0000 00:00:1789317146.478063  239277 abstract_learner.cc:185] The label "class" was removed from the input feature set.
I0000 00:00:1789317146.478072  239277 random_forest.cc:534] Training random forest on 5000000 example(s) and 18 feature(s).
I0000 00:00:1789317146.478086  239277 gpu.cc:93] Cannot initialize GPU: Not compiled with GPU support
I0000 00:00:1789317146.478662  239277 random_forest.cc:663] num_threads being used: 48
I0000 00:00:1789317167.554960  239419 random_forest.cc:881] Train tree 1/240  [index:34 total:21.08s tree:21.07s]
I0000 00:00:1789317188.749442  239421 random_forest.cc:881] Train tree 49/240  [index:63 total:42.27s tree:20.87s]
I0000 00:00:1789317210.074536  239421 random_forest.cc:881] Train tree 97/240  [index:96 total:1m3.60s tree:21.33s]
I0000 00:00:1789317231.640407  239421 random_forest.cc:881] Train tree 145/240  [index:144 total:1m25.16s tree:21.57s]
I0000 00:00:1789317253.055224  239412 random_forest.cc:881] Train tree 193/240  [index:194 total:1m46.58s tree:21.23s]
I0000 00:00:1789317255.129559  239277 random_forest.cc:899] random_forest.cc Training block took: 108.652 s
W0000 00:00:1789317255.129598  239277 random_forest.cc:1216] EXITING EARLY TO SPEED UP EXPERIMENTS!
RESULT dataset=SUSY_with_header threshold=4100 median=108.652s stddev=N/As n=1
./bazel-bin/examples/train_oblique_forest --input_mode csv --train_csv "benchmarks/data/epsilon_normalized_train.csv" --label_col "label" --num_trees=240 --dynamic_split_threshold=4100 --feature_split_type Oblique --numerical_split_type "Dynamic Random Histogram" --histogram_num_bins 256
----- Run 1/1 -----
WARNING: All log messages before absl::InitializeLog() is called are written to STDERR
I0000 00:00:1789317257.728425  239884 train_oblique_forest.cc:1101] Loading CSV in a single pass: benchmarks/data/epsilon_normalized_train.csv
I0000 00:00:1789317259.524849  239884 train_oblique_forest.cc:1108] Single-pass CSV load complete: 400000 rows, 2001 columns.
I0000 00:00:1789317259.524921  239884 train_oblique_forest.cc:1229] -1 (automatic) threads requested. 48 threads set.
I0000 00:00:1789317259.524930  239884 train_oblique_forest.cc:1304] Configuring oblique splits
I0000 00:00:1789317259.524932  239884 train_oblique_forest.cc:1313] dynamic_split_threshold = 4100 (from flag)
I0000 00:00:1789317259.524934  239884 train_oblique_forest.cc:1398] Using Dynamic Random Histogram with 256 samples
I0000 00:00:1789317259.524943  239884 train_oblique_forest.cc:1428] train_oblique_forest wall-time - Loading/Init (pre-train): 1.79654s
I0000 00:00:1789317259.525107  239884 abstract_learner.cc:171] No input feature explicitly specified. Using all the available input features.
I0000 00:00:1789317259.525115  239884 abstract_learner.cc:185] The label "label" was removed from the input feature set.
I0000 00:00:1789317259.525460  239884 random_forest.cc:534] Training random forest on 400000 example(s) and 2000 feature(s).
I0000 00:00:1789317259.525525  239884 gpu.cc:93] Cannot initialize GPU: Not compiled with GPU support
I0000 00:00:1789317259.526224  239884 random_forest.cc:663] num_threads being used: 48
I0000 00:00:1789317269.800000  240043 random_forest.cc:881] Train tree 1/240  [index:10 total:10.27s tree:10.27s]
I0000 00:00:1789317290.687697  240043 random_forest.cc:881] Train tree 97/240  [index:96 total:31.16s tree:10.43s]
I0000 00:00:1789317311.567319  240043 random_forest.cc:881] Train tree 193/240  [index:193 total:52.04s tree:10.44s]
I0000 00:00:1789317313.281906  239884 random_forest.cc:899] random_forest.cc Training block took: 53.757 s
W0000 00:00:1789317313.281955  239884 random_forest.cc:1216] EXITING EARLY TO SPEED UP EXPERIMENTS!
RESULT dataset=epsilon_normalized_train threshold=4100 median=53.757s stddev=N/As n=1
./bazel-bin/examples/train_oblique_forest --input_mode trunk --rows 1500000 --cols 4096 --num_trees=240 --dynamic_split_threshold=4100 --feature_split_type Oblique --numerical_split_type "Dynamic Random Histogram" --histogram_num_bins 256
----- Run 1/1 -----
WARNING: All log messages before absl::InitializeLog() is called are written to STDERR
I0000 00:00:1789317313.550949  240311 train_oblique_forest.cc:1133] Generating trunk synthetic dataset: rows=1500000, cols=4096, layout=column
I0000 00:00:1789317314.948038  240311 train_oblique_forest.cc:1229] -1 (automatic) threads requested. 48 threads set.
I0000 00:00:1789317314.948074  240311 train_oblique_forest.cc:1304] Configuring oblique splits
I0000 00:00:1789317314.948076  240311 train_oblique_forest.cc:1313] dynamic_split_threshold = 4100 (from flag)
I0000 00:00:1789317314.948079  240311 train_oblique_forest.cc:1398] Using Dynamic Random Histogram with 256 samples
I0000 00:00:1789317314.948088  240311 train_oblique_forest.cc:1428] train_oblique_forest wall-time - Loading/Init (pre-train): 1.39716s
I0000 00:00:1789317314.948394  240311 abstract_learner.cc:171] No input feature explicitly specified. Using all the available input features.
I0000 00:00:1789317314.948399  240311 abstract_learner.cc:185] The label "y" was removed from the input feature set.
I0000 00:00:1789317314.949005  240311 random_forest.cc:534] Training random forest on 1500000 example(s) and 4096 feature(s).
I0000 00:00:1789317314.949131  240311 gpu.cc:93] Cannot initialize GPU: Not compiled with GPU support
I0000 00:00:1789317314.949936  240311 random_forest.cc:663] num_threads being used: 48
I0000 00:00:1789317370.209512  240405 random_forest.cc:881] Train tree 1/240  [index:43 total:55.26s tree:55.25s]
I0000 00:00:1789317425.235963  240389 random_forest.cc:881] Train tree 49/240  [index:89 total:1m50.29s tree:51.64s]
I0000 00:00:1789317483.152777  240406 random_forest.cc:881] Train tree 97/240  [index:97 total:2m48.20s tree:57.64s]
I0000 00:00:1789317540.446625  240382 random_forest.cc:881] Train tree 145/240  [index:146 total:3m45.50s tree:56.45s]
I0000 00:00:1789317596.136795  240382 random_forest.cc:881] Train tree 193/240  [index:192 total:4m41.19s tree:55.69s]
I0000 00:00:1789317607.102706  240311 random_forest.cc:899] random_forest.cc Training block took: 292.155 s
W0000 00:00:1789317607.102750  240311 random_forest.cc:1216] EXITING EARLY TO SPEED UP EXPERIMENTS!
RESULT dataset=trunk_1500000_x_4096 threshold=4100 median=292.155s stddev=N/As n=1
./bazel-bin/examples/train_oblique_forest --input_mode trunk --rows 150000 --cols 40000 --num_trees=240 --dynamic_split_threshold=4100 --feature_split_type Oblique --numerical_split_type "Dynamic Random Histogram" --histogram_num_bins 256
----- Run 1/1 -----
WARNING: All log messages before absl::InitializeLog() is called are written to STDERR
I0000 00:00:1789317608.147309  241554 train_oblique_forest.cc:1133] Generating trunk synthetic dataset: rows=150000, cols=40000, layout=column
I0000 00:00:1789317609.503530  241554 train_oblique_forest.cc:1229] -1 (automatic) threads requested. 48 threads set.
I0000 00:00:1789317609.503565  241554 train_oblique_forest.cc:1304] Configuring oblique splits
I0000 00:00:1789317609.503568  241554 train_oblique_forest.cc:1313] dynamic_split_threshold = 4100 (from flag)
I0000 00:00:1789317609.503571  241554 train_oblique_forest.cc:1398] Using Dynamic Random Histogram with 256 samples
I0000 00:00:1789317609.503580  241554 train_oblique_forest.cc:1428] train_oblique_forest wall-time - Loading/Init (pre-train): 1.3563s
I0000 00:00:1789317609.505969  241554 abstract_learner.cc:171] No input feature explicitly specified. Using all the available input features.
I0000 00:00:1789317609.506001  241554 abstract_learner.cc:185] The label "y" was removed from the input feature set.
I0000 00:00:1789317609.512130  241554 random_forest.cc:534] Training random forest on 150000 example(s) and 40000 feature(s).
I0000 00:00:1789317609.513199  241554 gpu.cc:93] Cannot initialize GPU: Not compiled with GPU support
I0000 00:00:1789317609.515886  241554 random_forest.cc:663] num_threads being used: 48
I0000 00:00:1789317625.297991  241628 random_forest.cc:881] Train tree 1/240  [index:15 total:15.78s tree:15.78s]
I0000 00:00:1789317657.551307  241636 random_forest.cc:881] Train tree 97/240  [index:110 total:48.04s tree:14.84s]
I0000 00:00:1789317677.731270  241622 random_forest.cc:881] Train tree 191/240  [index:191 total:1m8.22s tree:16.88s]
I0000 00:00:1789317694.224499  241554 random_forest.cc:899] random_forest.cc Training block took: 84.7209 s
W0000 00:00:1789317694.224535  241554 random_forest.cc:1216] EXITING EARLY TO SPEED UP EXPERIMENTS!
RESULT dataset=trunk_150000_x_40000 threshold=4100 median=84.7209s stddev=N/As n=1
./bazel-bin/examples/train_oblique_forest --input_mode trunk --rows 15000 --cols 400000 --num_trees=240 --dynamic_split_threshold=4100 --feature_split_type Oblique --numerical_split_type "Dynamic Random Histogram" --histogram_num_bins 256
----- Run 1/1 -----
WARNING: All log messages before absl::InitializeLog() is called are written to STDERR
I0000 00:00:1789317694.878875  242011 train_oblique_forest.cc:1133] Generating trunk synthetic dataset: rows=15000, cols=400000, layout=column
I0000 00:00:1789317696.338287  242011 train_oblique_forest.cc:1229] -1 (automatic) threads requested. 48 threads set.
I0000 00:00:1789317696.338320  242011 train_oblique_forest.cc:1304] Configuring oblique splits
I0000 00:00:1789317696.338322  242011 train_oblique_forest.cc:1313] dynamic_split_threshold = 4100 (from flag)
I0000 00:00:1789317696.338326  242011 train_oblique_forest.cc:1398] Using Dynamic Random Histogram with 256 samples
I0000 00:00:1789317696.338337  242011 train_oblique_forest.cc:1428] train_oblique_forest wall-time - Loading/Init (pre-train): 1.45949s
I0000 00:00:1789317696.361855  242011 abstract_learner.cc:171] No input feature explicitly specified. Using all the available input features.
I0000 00:00:1789317696.362121  242011 abstract_learner.cc:185] The label "y" was removed from the input feature set.
I0000 00:00:1789317696.426376  242011 random_forest.cc:534] Training random forest on 15000 example(s) and 400000 feature(s).
I0000 00:00:1789317696.436750  242011 gpu.cc:93] Cannot initialize GPU: Not compiled with GPU support
I0000 00:00:1789317696.458851  242011 random_forest.cc:663] num_threads being used: 48
I0000 00:00:1789317700.992038  242095 random_forest.cc:881] Train tree 1/240  [index:37 total:4.53s tree:4.53s]
I0000 00:00:1789317721.012119  242090 random_forest.cc:881] Train tree 224/240  [index:238 total:24.55s tree:4.57s]
I0000 00:00:1789317721.624012  242011 random_forest.cc:899] random_forest.cc Training block took: 25.2857 s
W0000 00:00:1789317721.624047  242011 random_forest.cc:1216] EXITING EARLY TO SPEED UP EXPERIMENTS!
RESULT dataset=trunk_15000_x_400000 threshold=4100 median=25.2857s stddev=N/As n=1


======== Threshold 5100 ========

./bazel-bin/examples/train_oblique_forest --input_mode csv --train_csv "benchmarks/data/HIGGS_with_header.csv" --label_col "class" --num_trees=240 --dynamic_split_threshold=5100 --feature_split_type Oblique --numerical_split_type "Dynamic Random Histogram" --histogram_num_bins 256
----- Run 1/1 -----
WARNING: All log messages before absl::InitializeLog() is called are written to STDERR
I0000 00:00:1789317722.236646  242234 train_oblique_forest.cc:1101] Loading CSV in a single pass: benchmarks/data/HIGGS_with_header.csv
I0000 00:00:1789317723.122246  242234 train_oblique_forest.cc:1108] Single-pass CSV load complete: 11000000 rows, 29 columns.
I0000 00:00:1789317723.122326  242234 train_oblique_forest.cc:1229] -1 (automatic) threads requested. 48 threads set.
I0000 00:00:1789317723.122336  242234 train_oblique_forest.cc:1304] Configuring oblique splits
I0000 00:00:1789317723.122339  242234 train_oblique_forest.cc:1313] dynamic_split_threshold = 5100 (from flag)
I0000 00:00:1789317723.122341  242234 train_oblique_forest.cc:1398] Using Dynamic Random Histogram with 256 samples
I0000 00:00:1789317723.122350  242234 train_oblique_forest.cc:1428] train_oblique_forest wall-time - Loading/Init (pre-train): 0.885731s
I0000 00:00:1789317723.122412  242234 abstract_learner.cc:171] No input feature explicitly specified. Using all the available input features.
I0000 00:00:1789317723.122415  242234 abstract_learner.cc:185] The label "class" was removed from the input feature set.
I0000 00:00:1789317723.122427  242234 random_forest.cc:534] Training random forest on 11000000 example(s) and 28 feature(s).
I0000 00:00:1789317723.122440  242234 gpu.cc:93] Cannot initialize GPU: Not compiled with GPU support
I0000 00:00:1789317723.123021  242234 random_forest.cc:663] num_threads being used: 48
I0000 00:00:1789317785.596068  242360 random_forest.cc:881] Train tree 1/240  [index:2 total:1m2.47s tree:1m2.47s]
I0000 00:00:1789317848.396142  242376 random_forest.cc:881] Train tree 49/240  [index:50 total:2m5.27s tree:1m2.66s]
I0000 00:00:1789317911.777531  242370 random_forest.cc:881] Train tree 97/240  [index:104 total:3m8.65s tree:1m2.50s]
I0000 00:00:1789317974.979717  242372 random_forest.cc:881] Train tree 145/240  [index:145 total:4m11.86s tree:1m2.95s]
I0000 00:00:1789318038.413340  242375 random_forest.cc:881] Train tree 193/240  [index:193 total:5m15.29s tree:1m3.16s]
I0000 00:00:1789318044.311959  242234 random_forest.cc:899] random_forest.cc Training block took: 321.19 s
W0000 00:00:1789318044.311995  242234 random_forest.cc:1216] EXITING EARLY TO SPEED UP EXPERIMENTS!
RESULT dataset=HIGGS_with_header threshold=5100 median=321.19s stddev=N/As n=1
./bazel-bin/examples/train_oblique_forest --input_mode csv --train_csv "benchmarks/data/SUSY_with_header.csv" --label_col "class" --num_trees=240 --dynamic_split_threshold=5100 --feature_split_type Oblique --numerical_split_type "Dynamic Random Histogram" --histogram_num_bins 256
----- Run 1/1 -----
WARNING: All log messages before absl::InitializeLog() is called are written to STDERR
I0000 00:00:1789318050.636790  243686 train_oblique_forest.cc:1101] Loading CSV in a single pass: benchmarks/data/SUSY_with_header.csv
I0000 00:00:1789318050.973976  243686 train_oblique_forest.cc:1108] Single-pass CSV load complete: 5000000 rows, 19 columns.
I0000 00:00:1789318050.974047  243686 train_oblique_forest.cc:1229] -1 (automatic) threads requested. 48 threads set.
I0000 00:00:1789318050.974057  243686 train_oblique_forest.cc:1304] Configuring oblique splits
I0000 00:00:1789318050.974059  243686 train_oblique_forest.cc:1313] dynamic_split_threshold = 5100 (from flag)
I0000 00:00:1789318050.974061  243686 train_oblique_forest.cc:1398] Using Dynamic Random Histogram with 256 samples
I0000 00:00:1789318050.974070  243686 train_oblique_forest.cc:1428] train_oblique_forest wall-time - Loading/Init (pre-train): 0.337307s
I0000 00:00:1789318050.974129  243686 abstract_learner.cc:171] No input feature explicitly specified. Using all the available input features.
I0000 00:00:1789318050.974131  243686 abstract_learner.cc:185] The label "class" was removed from the input feature set.
I0000 00:00:1789318050.974142  243686 random_forest.cc:534] Training random forest on 5000000 example(s) and 18 feature(s).
I0000 00:00:1789318050.974154  243686 gpu.cc:93] Cannot initialize GPU: Not compiled with GPU support
I0000 00:00:1789318050.974742  243686 random_forest.cc:663] num_threads being used: 48
I0000 00:00:1789318072.106108  243834 random_forest.cc:881] Train tree 1/240  [index:30 total:21.13s tree:21.13s]
I0000 00:00:1789318093.481252  243804 random_forest.cc:881] Train tree 49/240  [index:52 total:42.51s tree:21.20s]
I0000 00:00:1789318115.004709  243837 random_forest.cc:881] Train tree 97/240  [index:98 total:1m4.03s tree:21.27s]
I0000 00:00:1789318136.699365  243836 random_forest.cc:881] Train tree 145/240  [index:146 total:1m25.72s tree:21.48s]
I0000 00:00:1789318158.253582  243844 random_forest.cc:881] Train tree 193/240  [index:193 total:1m47.28s tree:21.50s]
I0000 00:00:1789318159.754649  243686 random_forest.cc:899] random_forest.cc Training block took: 108.781 s
W0000 00:00:1789318159.754685  243686 random_forest.cc:1216] EXITING EARLY TO SPEED UP EXPERIMENTS!
RESULT dataset=SUSY_with_header threshold=5100 median=108.781s stddev=N/As n=1
./bazel-bin/examples/train_oblique_forest --input_mode csv --train_csv "benchmarks/data/epsilon_normalized_train.csv" --label_col "label" --num_trees=240 --dynamic_split_threshold=5100 --feature_split_type Oblique --numerical_split_type "Dynamic Random Histogram" --histogram_num_bins 256
----- Run 1/1 -----
WARNING: All log messages before absl::InitializeLog() is called are written to STDERR
I0000 00:00:1789318162.469122  244292 train_oblique_forest.cc:1101] Loading CSV in a single pass: benchmarks/data/epsilon_normalized_train.csv
I0000 00:00:1789318164.283866  244292 train_oblique_forest.cc:1108] Single-pass CSV load complete: 400000 rows, 2001 columns.
I0000 00:00:1789318164.283931  244292 train_oblique_forest.cc:1229] -1 (automatic) threads requested. 48 threads set.
I0000 00:00:1789318164.283940  244292 train_oblique_forest.cc:1304] Configuring oblique splits
I0000 00:00:1789318164.283942  244292 train_oblique_forest.cc:1313] dynamic_split_threshold = 5100 (from flag)
I0000 00:00:1789318164.283944  244292 train_oblique_forest.cc:1398] Using Dynamic Random Histogram with 256 samples
I0000 00:00:1789318164.283952  244292 train_oblique_forest.cc:1428] train_oblique_forest wall-time - Loading/Init (pre-train): 1.81486s
I0000 00:00:1789318164.284116  244292 abstract_learner.cc:171] No input feature explicitly specified. Using all the available input features.
I0000 00:00:1789318164.284123  244292 abstract_learner.cc:185] The label "label" was removed from the input feature set.
I0000 00:00:1789318164.284465  244292 random_forest.cc:534] Training random forest on 400000 example(s) and 2000 feature(s).
I0000 00:00:1789318164.284529  244292 gpu.cc:93] Cannot initialize GPU: Not compiled with GPU support
I0000 00:00:1789318164.285224  244292 random_forest.cc:663] num_threads being used: 48
I0000 00:00:1789318174.587963  244463 random_forest.cc:881] Train tree 1/240  [index:30 total:10.30s tree:10.30s]
I0000 00:00:1789318195.545866  244463 random_forest.cc:881] Train tree 97/240  [index:97 total:31.26s tree:10.43s]
I0000 00:00:1789318216.494673  244465 random_forest.cc:881] Train tree 193/240  [index:193 total:52.21s tree:10.42s]
I0000 00:00:1789318217.573551  244292 random_forest.cc:899] random_forest.cc Training block took: 53.2896 s
W0000 00:00:1789318217.573595  244292 random_forest.cc:1216] EXITING EARLY TO SPEED UP EXPERIMENTS!
RESULT dataset=epsilon_normalized_train threshold=5100 median=53.2896s stddev=N/As n=1
./bazel-bin/examples/train_oblique_forest --input_mode trunk --rows 1500000 --cols 4096 --num_trees=240 --dynamic_split_threshold=5100 --feature_split_type Oblique --numerical_split_type "Dynamic Random Histogram" --histogram_num_bins 256
----- Run 1/1 -----
WARNING: All log messages before absl::InitializeLog() is called are written to STDERR
I0000 00:00:1789318217.842259  244715 train_oblique_forest.cc:1133] Generating trunk synthetic dataset: rows=1500000, cols=4096, layout=column
I0000 00:00:1789318219.258148  244715 train_oblique_forest.cc:1229] -1 (automatic) threads requested. 48 threads set.
I0000 00:00:1789318219.258184  244715 train_oblique_forest.cc:1304] Configuring oblique splits
I0000 00:00:1789318219.258187  244715 train_oblique_forest.cc:1313] dynamic_split_threshold = 5100 (from flag)
I0000 00:00:1789318219.258190  244715 train_oblique_forest.cc:1398] Using Dynamic Random Histogram with 256 samples
I0000 00:00:1789318219.258200  244715 train_oblique_forest.cc:1428] train_oblique_forest wall-time - Loading/Init (pre-train): 1.41597s
I0000 00:00:1789318219.258557  244715 abstract_learner.cc:171] No input feature explicitly specified. Using all the available input features.
I0000 00:00:1789318219.258563  244715 abstract_learner.cc:185] The label "y" was removed from the input feature set.
I0000 00:00:1789318219.259242  244715 random_forest.cc:534] Training random forest on 1500000 example(s) and 4096 feature(s).
I0000 00:00:1789318219.259386  244715 gpu.cc:93] Cannot initialize GPU: Not compiled with GPU support
I0000 00:00:1789318219.260323  244715 random_forest.cc:663] num_threads being used: 48
I0000 00:00:1789318275.397844  244787 random_forest.cc:881] Train tree 1/240  [index:13 total:56.14s tree:56.13s]
I0000 00:00:1789318330.736529  244775 random_forest.cc:881] Train tree 49/240  [index:76 total:1m51.48s tree:53.20s]
I0000 00:00:1789318388.967963  244793 random_forest.cc:881] Train tree 97/240  [index:119 total:2m49.71s tree:53.59s]
I0000 00:00:1789318446.462993  244793 random_forest.cc:881] Train tree 145/240  [index:144 total:3m47.20s tree:57.49s]
I0000 00:00:1789318502.396317  244793 random_forest.cc:881] Train tree 193/240  [index:192 total:4m43.14s tree:55.93s]
I0000 00:00:1789318512.991574  244715 random_forest.cc:899] random_forest.cc Training block took: 293.733 s
W0000 00:00:1789318512.991618  244715 random_forest.cc:1216] EXITING EARLY TO SPEED UP EXPERIMENTS!
RESULT dataset=trunk_1500000_x_4096 threshold=5100 median=293.733s stddev=N/As n=1
./bazel-bin/examples/train_oblique_forest --input_mode trunk --rows 150000 --cols 40000 --num_trees=240 --dynamic_split_threshold=5100 --feature_split_type Oblique --numerical_split_type "Dynamic Random Histogram" --histogram_num_bins 256
----- Run 1/1 -----
WARNING: All log messages before absl::InitializeLog() is called are written to STDERR
I0000 00:00:1789318514.040392  245964 train_oblique_forest.cc:1133] Generating trunk synthetic dataset: rows=150000, cols=40000, layout=column
I0000 00:00:1789318515.367095  245964 train_oblique_forest.cc:1229] -1 (automatic) threads requested. 48 threads set.
I0000 00:00:1789318515.367127  245964 train_oblique_forest.cc:1304] Configuring oblique splits
I0000 00:00:1789318515.367129  245964 train_oblique_forest.cc:1313] dynamic_split_threshold = 5100 (from flag)
I0000 00:00:1789318515.367133  245964 train_oblique_forest.cc:1398] Using Dynamic Random Histogram with 256 samples
I0000 00:00:1789318515.367142  245964 train_oblique_forest.cc:1428] train_oblique_forest wall-time - Loading/Init (pre-train): 1.32678s
I0000 00:00:1789318515.369537  245964 abstract_learner.cc:171] No input feature explicitly specified. Using all the available input features.
I0000 00:00:1789318515.369569  245964 abstract_learner.cc:185] The label "y" was removed from the input feature set.
I0000 00:00:1789318515.375723  245964 random_forest.cc:534] Training random forest on 150000 example(s) and 40000 feature(s).
I0000 00:00:1789318515.376792  245964 gpu.cc:93] Cannot initialize GPU: Not compiled with GPU support
I0000 00:00:1789318515.379518  245964 random_forest.cc:663] num_threads being used: 48
I0000 00:00:1789318531.361799  246033 random_forest.cc:881] Train tree 1/240  [index:15 total:15.98s tree:15.98s]
I0000 00:00:1789318564.395984  246025 random_forest.cc:881] Train tree 97/240  [index:110 total:49.02s tree:15.64s]
I0000 00:00:1789318597.544460  246025 random_forest.cc:881] Train tree 193/240  [index:193 total:1m22.16s tree:16.55s]
I0000 00:00:1789318600.525527  245964 random_forest.cc:899] random_forest.cc Training block took: 85.1584 s
W0000 00:00:1789318600.525566  245964 random_forest.cc:1216] EXITING EARLY TO SPEED UP EXPERIMENTS!
RESULT dataset=trunk_150000_x_40000 threshold=5100 median=85.1584s stddev=N/As n=1
./bazel-bin/examples/train_oblique_forest --input_mode trunk --rows 15000 --cols 400000 --num_trees=240 --dynamic_split_threshold=5100 --feature_split_type Oblique --numerical_split_type "Dynamic Random Histogram" --histogram_num_bins 256
----- Run 1/1 -----
WARNING: All log messages before absl::InitializeLog() is called are written to STDERR
I0000 00:00:1789318601.165481  246414 train_oblique_forest.cc:1133] Generating trunk synthetic dataset: rows=15000, cols=400000, layout=column
I0000 00:00:1789318602.599109  246414 train_oblique_forest.cc:1229] -1 (automatic) threads requested. 48 threads set.
I0000 00:00:1789318602.599142  246414 train_oblique_forest.cc:1304] Configuring oblique splits
I0000 00:00:1789318602.599146  246414 train_oblique_forest.cc:1313] dynamic_split_threshold = 5100 (from flag)
I0000 00:00:1789318602.599149  246414 train_oblique_forest.cc:1398] Using Dynamic Random Histogram with 256 samples
I0000 00:00:1789318602.599159  246414 train_oblique_forest.cc:1428] train_oblique_forest wall-time - Loading/Init (pre-train): 1.43371s
I0000 00:00:1789318602.626855  246414 abstract_learner.cc:171] No input feature explicitly specified. Using all the available input features.
I0000 00:00:1789318602.627151  246414 abstract_learner.cc:185] The label "y" was removed from the input feature set.
I0000 00:00:1789318602.691926  246414 random_forest.cc:534] Training random forest on 15000 example(s) and 400000 feature(s).
I0000 00:00:1789318602.702013  246414 gpu.cc:93] Cannot initialize GPU: Not compiled with GPU support
I0000 00:00:1789318602.723476  246414 random_forest.cc:663] num_threads being used: 48
I0000 00:00:1789318607.095303  246502 random_forest.cc:881] Train tree 1/240  [index:4 total:4.37s tree:4.37s]
I0000 00:00:1789318627.112319  246509 random_forest.cc:881] Train tree 208/240  [index:202 total:24.39s tree:4.88s]
I0000 00:00:1789318628.163412  246414 random_forest.cc:899] random_forest.cc Training block took: 25.5642 s
W0000 00:00:1789318628.163450  246414 random_forest.cc:1216] EXITING EARLY TO SPEED UP EXPERIMENTS!
RESULT dataset=trunk_15000_x_400000 threshold=5100 median=25.5642s stddev=N/As n=1


======== Threshold 6100 ========

./bazel-bin/examples/train_oblique_forest --input_mode csv --train_csv "benchmarks/data/HIGGS_with_header.csv" --label_col "class" --num_trees=240 --dynamic_split_threshold=6100 --feature_split_type Oblique --numerical_split_type "Dynamic Random Histogram" --histogram_num_bins 256
----- Run 1/1 -----
WARNING: All log messages before absl::InitializeLog() is called are written to STDERR
I0000 00:00:1789318628.781709  246638 train_oblique_forest.cc:1101] Loading CSV in a single pass: benchmarks/data/HIGGS_with_header.csv
I0000 00:00:1789318629.672962  246638 train_oblique_forest.cc:1108] Single-pass CSV load complete: 11000000 rows, 29 columns.
I0000 00:00:1789318629.673045  246638 train_oblique_forest.cc:1229] -1 (automatic) threads requested. 48 threads set.
I0000 00:00:1789318629.673055  246638 train_oblique_forest.cc:1304] Configuring oblique splits
I0000 00:00:1789318629.673057  246638 train_oblique_forest.cc:1313] dynamic_split_threshold = 6100 (from flag)
I0000 00:00:1789318629.673059  246638 train_oblique_forest.cc:1398] Using Dynamic Random Histogram with 256 samples
I0000 00:00:1789318629.673068  246638 train_oblique_forest.cc:1428] train_oblique_forest wall-time - Loading/Init (pre-train): 0.891385s
I0000 00:00:1789318629.673128  246638 abstract_learner.cc:171] No input feature explicitly specified. Using all the available input features.
I0000 00:00:1789318629.673130  246638 abstract_learner.cc:185] The label "class" was removed from the input feature set.
I0000 00:00:1789318629.673142  246638 random_forest.cc:534] Training random forest on 11000000 example(s) and 28 feature(s).
I0000 00:00:1789318629.673155  246638 gpu.cc:93] Cannot initialize GPU: Not compiled with GPU support
I0000 00:00:1789318629.673733  246638 random_forest.cc:663] num_threads being used: 48
I0000 00:00:1789318692.114991  246808 random_forest.cc:881] Train tree 1/240  [index:7 total:1m2.44s tree:1m2.44s]
I0000 00:00:1789318755.429160  246808 random_forest.cc:881] Train tree 49/240  [index:48 total:2m5.76s tree:1m3.31s]
I0000 00:00:1789318818.858223  246808 random_forest.cc:881] Train tree 97/240  [index:96 total:3m9.18s tree:1m3.43s]
I0000 00:00:1789318882.098181  246774 random_forest.cc:881] Train tree 145/240  [index:149 total:4m12.42s tree:1m2.54s]
I0000 00:00:1789318945.107206  246774 random_forest.cc:881] Train tree 193/240  [index:192 total:5m15.43s tree:1m3.01s]
I0000 00:00:1789318951.227701  246638 random_forest.cc:899] random_forest.cc Training block took: 321.555 s
W0000 00:00:1789318951.227739  246638 random_forest.cc:1216] EXITING EARLY TO SPEED UP EXPERIMENTS!
RESULT dataset=HIGGS_with_header threshold=6100 median=321.555s stddev=N/As n=1
./bazel-bin/examples/train_oblique_forest --input_mode csv --train_csv "benchmarks/data/SUSY_with_header.csv" --label_col "class" --num_trees=240 --dynamic_split_threshold=6100 --feature_split_type Oblique --numerical_split_type "Dynamic Random Histogram" --histogram_num_bins 256
----- Run 1/1 -----
WARNING: All log messages before absl::InitializeLog() is called are written to STDERR
I0000 00:00:1789318957.519943  248093 train_oblique_forest.cc:1101] Loading CSV in a single pass: benchmarks/data/SUSY_with_header.csv
I0000 00:00:1789318957.854508  248093 train_oblique_forest.cc:1108] Single-pass CSV load complete: 5000000 rows, 19 columns.
I0000 00:00:1789318957.854577  248093 train_oblique_forest.cc:1229] -1 (automatic) threads requested. 48 threads set.
I0000 00:00:1789318957.854586  248093 train_oblique_forest.cc:1304] Configuring oblique splits
I0000 00:00:1789318957.854588  248093 train_oblique_forest.cc:1313] dynamic_split_threshold = 6100 (from flag)
I0000 00:00:1789318957.854590  248093 train_oblique_forest.cc:1398] Using Dynamic Random Histogram with 256 samples
I0000 00:00:1789318957.854599  248093 train_oblique_forest.cc:1428] train_oblique_forest wall-time - Loading/Init (pre-train): 0.334683s
I0000 00:00:1789318957.854659  248093 abstract_learner.cc:171] No input feature explicitly specified. Using all the available input features.
I0000 00:00:1789318957.854661  248093 abstract_learner.cc:185] The label "class" was removed from the input feature set.
I0000 00:00:1789318957.854671  248093 random_forest.cc:534] Training random forest on 5000000 example(s) and 18 feature(s).
I0000 00:00:1789318957.854683  248093 gpu.cc:93] Cannot initialize GPU: Not compiled with GPU support
I0000 00:00:1789318957.855258  248093 random_forest.cc:663] num_threads being used: 48
I0000 00:00:1789318979.156708  248217 random_forest.cc:881] Train tree 1/240  [index:19 total:21.30s tree:21.30s]
I0000 00:00:1789319000.685129  248240 random_forest.cc:881] Train tree 49/240  [index:53 total:42.83s tree:21.37s]
I0000 00:00:1789319022.395332  248226 random_forest.cc:881] Train tree 97/240  [index:99 total:1m4.54s tree:21.51s]
I0000 00:00:1789319043.952720  248226 random_forest.cc:881] Train tree 145/240  [index:144 total:1m26.10s tree:21.56s]
I0000 00:00:1789319065.614788  248246 random_forest.cc:881] Train tree 193/240  [index:194 total:1m47.76s tree:21.51s]
I0000 00:00:1789319067.176619  248093 random_forest.cc:899] random_forest.cc Training block took: 109.322 s
W0000 00:00:1789319067.176656  248093 random_forest.cc:1216] EXITING EARLY TO SPEED UP EXPERIMENTS!
RESULT dataset=SUSY_with_header threshold=6100 median=109.322s stddev=N/As n=1
./bazel-bin/examples/train_oblique_forest --input_mode csv --train_csv "benchmarks/data/epsilon_normalized_train.csv" --label_col "label" --num_trees=240 --dynamic_split_threshold=6100 --feature_split_type Oblique --numerical_split_type "Dynamic Random Histogram" --histogram_num_bins 256
----- Run 1/1 -----
WARNING: All log messages before absl::InitializeLog() is called are written to STDERR
I0000 00:00:1789319069.783538  248702 train_oblique_forest.cc:1101] Loading CSV in a single pass: benchmarks/data/epsilon_normalized_train.csv
I0000 00:00:1789319071.580087  248702 train_oblique_forest.cc:1108] Single-pass CSV load complete: 400000 rows, 2001 columns.
I0000 00:00:1789319071.580160  248702 train_oblique_forest.cc:1229] -1 (automatic) threads requested. 48 threads set.
I0000 00:00:1789319071.580169  248702 train_oblique_forest.cc:1304] Configuring oblique splits
I0000 00:00:1789319071.580170  248702 train_oblique_forest.cc:1313] dynamic_split_threshold = 6100 (from flag)
I0000 00:00:1789319071.580172  248702 train_oblique_forest.cc:1398] Using Dynamic Random Histogram with 256 samples
I0000 00:00:1789319071.580181  248702 train_oblique_forest.cc:1428] train_oblique_forest wall-time - Loading/Init (pre-train): 1.79667s
I0000 00:00:1789319071.580346  248702 abstract_learner.cc:171] No input feature explicitly specified. Using all the available input features.
I0000 00:00:1789319071.580354  248702 abstract_learner.cc:185] The label "label" was removed from the input feature set.
I0000 00:00:1789319071.580694  248702 random_forest.cc:534] Training random forest on 400000 example(s) and 2000 feature(s).
I0000 00:00:1789319071.580759  248702 gpu.cc:93] Cannot initialize GPU: Not compiled with GPU support
I0000 00:00:1789319071.581463  248702 random_forest.cc:663] num_threads being used: 48
I0000 00:00:1789319081.969303  248886 random_forest.cc:881] Train tree 1/240  [index:4 total:10.39s tree:10.38s]
I0000 00:00:1789319102.882561  248886 random_forest.cc:881] Train tree 97/240  [index:97 total:31.30s tree:10.46s]
I0000 00:00:1789319123.851742  248886 random_forest.cc:881] Train tree 193/240  [index:193 total:52.27s tree:10.42s]
I0000 00:00:1789319125.197748  248702 random_forest.cc:899] random_forest.cc Training block took: 53.6176 s
W0000 00:00:1789319125.197792  248702 random_forest.cc:1216] EXITING EARLY TO SPEED UP EXPERIMENTS!
RESULT dataset=epsilon_normalized_train threshold=6100 median=53.6176s stddev=N/As n=1
./bazel-bin/examples/train_oblique_forest --input_mode trunk --rows 1500000 --cols 4096 --num_trees=240 --dynamic_split_threshold=6100 --feature_split_type Oblique --numerical_split_type "Dynamic Random Histogram" --histogram_num_bins 256
----- Run 1/1 -----
WARNING: All log messages before absl::InitializeLog() is called are written to STDERR
I0000 00:00:1789319125.466352  249128 train_oblique_forest.cc:1133] Generating trunk synthetic dataset: rows=1500000, cols=4096, layout=column
I0000 00:00:1789319126.878156  249128 train_oblique_forest.cc:1229] -1 (automatic) threads requested. 48 threads set.
I0000 00:00:1789319126.878191  249128 train_oblique_forest.cc:1304] Configuring oblique splits
I0000 00:00:1789319126.878194  249128 train_oblique_forest.cc:1313] dynamic_split_threshold = 6100 (from flag)
I0000 00:00:1789319126.878197  249128 train_oblique_forest.cc:1398] Using Dynamic Random Histogram with 256 samples
I0000 00:00:1789319126.878206  249128 train_oblique_forest.cc:1428] train_oblique_forest wall-time - Loading/Init (pre-train): 1.41188s
I0000 00:00:1789319126.878523  249128 abstract_learner.cc:171] No input feature explicitly specified. Using all the available input features.
I0000 00:00:1789319126.878528  249128 abstract_learner.cc:185] The label "y" was removed from the input feature set.
I0000 00:00:1789319126.879131  249128 random_forest.cc:534] Training random forest on 1500000 example(s) and 4096 feature(s).
I0000 00:00:1789319126.879254  249128 gpu.cc:93] Cannot initialize GPU: Not compiled with GPU support
I0000 00:00:1789319126.880063  249128 random_forest.cc:663] num_threads being used: 48
I0000 00:00:1789319183.133188  249219 random_forest.cc:881] Train tree 1/240  [index:43 total:56.25s tree:56.25s]
I0000 00:00:1789319238.338105  249218 random_forest.cc:881] Train tree 49/240  [index:61 total:1m51.46s tree:53.45s]
I0000 00:00:1789319296.613936  249197 random_forest.cc:881] Train tree 97/240  [index:119 total:2m49.73s tree:53.34s]
I0000 00:00:1789319354.379614  249197 random_forest.cc:881] Train tree 145/240  [index:144 total:3m47.50s tree:57.77s]
I0000 00:00:1789319410.853971  249197 random_forest.cc:881] Train tree 193/240  [index:192 total:4m43.97s tree:56.47s]
I0000 00:00:1789319421.363219  249128 random_forest.cc:899] random_forest.cc Training block took: 294.485 s
W0000 00:00:1789319421.363260  249128 random_forest.cc:1216] EXITING EARLY TO SPEED UP EXPERIMENTS!
RESULT dataset=trunk_1500000_x_4096 threshold=6100 median=294.485s stddev=N/As n=1
./bazel-bin/examples/train_oblique_forest --input_mode trunk --rows 150000 --cols 40000 --num_trees=240 --dynamic_split_threshold=6100 --feature_split_type Oblique --numerical_split_type "Dynamic Random Histogram" --histogram_num_bins 256
----- Run 1/1 -----
WARNING: All log messages before absl::InitializeLog() is called are written to STDERR
I0000 00:00:1789319422.414233  250382 train_oblique_forest.cc:1133] Generating trunk synthetic dataset: rows=150000, cols=40000, layout=column
I0000 00:00:1789319423.718434  250382 train_oblique_forest.cc:1229] -1 (automatic) threads requested. 48 threads set.
I0000 00:00:1789319423.718471  250382 train_oblique_forest.cc:1304] Configuring oblique splits
I0000 00:00:1789319423.718474  250382 train_oblique_forest.cc:1313] dynamic_split_threshold = 6100 (from flag)
I0000 00:00:1789319423.718477  250382 train_oblique_forest.cc:1398] Using Dynamic Random Histogram with 256 samples
I0000 00:00:1789319423.718488  250382 train_oblique_forest.cc:1428] train_oblique_forest wall-time - Loading/Init (pre-train): 1.30428s
I0000 00:00:1789319423.721302  250382 abstract_learner.cc:171] No input feature explicitly specified. Using all the available input features.
I0000 00:00:1789319423.721338  250382 abstract_learner.cc:185] The label "y" was removed from the input feature set.
I0000 00:00:1789319423.728499  250382 random_forest.cc:534] Training random forest on 150000 example(s) and 40000 feature(s).
I0000 00:00:1789319423.729736  250382 gpu.cc:93] Cannot initialize GPU: Not compiled with GPU support
I0000 00:00:1789319423.732785  250382 random_forest.cc:663] num_threads being used: 48
I0000 00:00:1789319439.307982  250445 random_forest.cc:881] Train tree 1/240  [index:15 total:15.58s tree:15.57s]
I0000 00:00:1789319472.810859  250435 random_forest.cc:881] Train tree 97/240  [index:110 total:49.08s tree:15.72s]
I0000 00:00:1789319493.048882  250459 random_forest.cc:881] Train tree 192/240  [index:191 total:1m9.32s tree:17.25s]
I0000 00:00:1789319509.503449  250382 random_forest.cc:899] random_forest.cc Training block took: 85.7849 s
W0000 00:00:1789319509.503488  250382 random_forest.cc:1216] EXITING EARLY TO SPEED UP EXPERIMENTS!
RESULT dataset=trunk_150000_x_40000 threshold=6100 median=85.7849s stddev=N/As n=1
./bazel-bin/examples/train_oblique_forest --input_mode trunk --rows 15000 --cols 400000 --num_trees=240 --dynamic_split_threshold=6100 --feature_split_type Oblique --numerical_split_type "Dynamic Random Histogram" --histogram_num_bins 256
----- Run 1/1 -----
WARNING: All log messages before absl::InitializeLog() is called are written to STDERR
I0000 00:00:1789319510.133745  250833 train_oblique_forest.cc:1133] Generating trunk synthetic dataset: rows=15000, cols=400000, layout=column
I0000 00:00:1789319511.567423  250833 train_oblique_forest.cc:1229] -1 (automatic) threads requested. 48 threads set.
I0000 00:00:1789319511.567457  250833 train_oblique_forest.cc:1304] Configuring oblique splits
I0000 00:00:1789319511.567460  250833 train_oblique_forest.cc:1313] dynamic_split_threshold = 6100 (from flag)
I0000 00:00:1789319511.567463  250833 train_oblique_forest.cc:1398] Using Dynamic Random Histogram with 256 samples
I0000 00:00:1789319511.567474  250833 train_oblique_forest.cc:1428] train_oblique_forest wall-time - Loading/Init (pre-train): 1.43375s
I0000 00:00:1789319511.594766  250833 abstract_learner.cc:171] No input feature explicitly specified. Using all the available input features.
I0000 00:00:1789319511.595058  250833 abstract_learner.cc:185] The label "y" was removed from the input feature set.
I0000 00:00:1789319511.662219  250833 random_forest.cc:534] Training random forest on 15000 example(s) and 400000 feature(s).
I0000 00:00:1789319511.672520  250833 gpu.cc:93] Cannot initialize GPU: Not compiled with GPU support
I0000 00:00:1789319511.694614  250833 random_forest.cc:663] num_threads being used: 48
I0000 00:00:1789319516.271200  250889 random_forest.cc:881] Train tree 1/240  [index:4 total:4.58s tree:4.57s]
I0000 00:00:1789319536.274197  250920 random_forest.cc:881] Train tree 211/240  [index:216 total:24.58s tree:4.81s]
I0000 00:00:1789319537.200723  250833 random_forest.cc:899] random_forest.cc Training block took: 25.6332 s
W0000 00:00:1789319537.200762  250833 random_forest.cc:1216] EXITING EARLY TO SPEED UP EXPERIMENTS!
RESULT dataset=trunk_15000_x_400000 threshold=6100 median=25.6332s stddev=N/As n=1


======== Threshold 7100 ========

./bazel-bin/examples/train_oblique_forest --input_mode csv --train_csv "benchmarks/data/HIGGS_with_header.csv" --label_col "class" --num_trees=240 --dynamic_split_threshold=7100 --feature_split_type Oblique --numerical_split_type "Dynamic Random Histogram" --histogram_num_bins 256
----- Run 1/1 -----
WARNING: All log messages before absl::InitializeLog() is called are written to STDERR
I0000 00:00:1789319537.815007  251057 train_oblique_forest.cc:1101] Loading CSV in a single pass: benchmarks/data/HIGGS_with_header.csv
I0000 00:00:1789319538.703563  251057 train_oblique_forest.cc:1108] Single-pass CSV load complete: 11000000 rows, 29 columns.
I0000 00:00:1789319538.703644  251057 train_oblique_forest.cc:1229] -1 (automatic) threads requested. 48 threads set.
I0000 00:00:1789319538.703654  251057 train_oblique_forest.cc:1304] Configuring oblique splits
I0000 00:00:1789319538.703656  251057 train_oblique_forest.cc:1313] dynamic_split_threshold = 7100 (from flag)
I0000 00:00:1789319538.703658  251057 train_oblique_forest.cc:1398] Using Dynamic Random Histogram with 256 samples
I0000 00:00:1789319538.703668  251057 train_oblique_forest.cc:1428] train_oblique_forest wall-time - Loading/Init (pre-train): 0.888687s
I0000 00:00:1789319538.703729  251057 abstract_learner.cc:171] No input feature explicitly specified. Using all the available input features.
I0000 00:00:1789319538.703731  251057 abstract_learner.cc:185] The label "class" was removed from the input feature set.
I0000 00:00:1789319538.703743  251057 random_forest.cc:534] Training random forest on 11000000 example(s) and 28 feature(s).
I0000 00:00:1789319538.703755  251057 gpu.cc:93] Cannot initialize GPU: Not compiled with GPU support
I0000 00:00:1789319538.704335  251057 random_forest.cc:663] num_threads being used: 48
I0000 00:00:1789319601.300875  251187 random_forest.cc:881] Train tree 1/240  [index:7 total:1m2.60s tree:1m2.59s]
I0000 00:00:1789319664.635800  251187 random_forest.cc:881] Train tree 49/240  [index:48 total:2m5.93s tree:1m3.33s]
I0000 00:00:1789319727.177273  251187 random_forest.cc:881] Train tree 97/240  [index:96 total:3m8.47s tree:1m2.54s]
I0000 00:00:1789319792.046021  251186 random_forest.cc:881] Train tree 145/240  [index:160 total:4m13.34s tree:1m2.22s]
I0000 00:00:1789319855.853815  251204 random_forest.cc:881] Train tree 193/240  [index:198 total:5m17.15s tree:1m2.99s]
I0000 00:00:1789319861.299724  251057 random_forest.cc:899] random_forest.cc Training block took: 322.596 s
W0000 00:00:1789319861.299758  251057 random_forest.cc:1216] EXITING EARLY TO SPEED UP EXPERIMENTS!
RESULT dataset=HIGGS_with_header threshold=7100 median=322.596s stddev=N/As n=1
./bazel-bin/examples/train_oblique_forest --input_mode csv --train_csv "benchmarks/data/SUSY_with_header.csv" --label_col "class" --num_trees=240 --dynamic_split_threshold=7100 --feature_split_type Oblique --numerical_split_type "Dynamic Random Histogram" --histogram_num_bins 256
----- Run 1/1 -----
WARNING: All log messages before absl::InitializeLog() is called are written to STDERR
I0000 00:00:1789319867.624346  252507 train_oblique_forest.cc:1101] Loading CSV in a single pass: benchmarks/data/SUSY_with_header.csv
I0000 00:00:1789319867.958810  252507 train_oblique_forest.cc:1108] Single-pass CSV load complete: 5000000 rows, 19 columns.
I0000 00:00:1789319867.958884  252507 train_oblique_forest.cc:1229] -1 (automatic) threads requested. 48 threads set.
I0000 00:00:1789319867.958893  252507 train_oblique_forest.cc:1304] Configuring oblique splits
I0000 00:00:1789319867.958895  252507 train_oblique_forest.cc:1313] dynamic_split_threshold = 7100 (from flag)
I0000 00:00:1789319867.958897  252507 train_oblique_forest.cc:1398] Using Dynamic Random Histogram with 256 samples
I0000 00:00:1789319867.958906  252507 train_oblique_forest.cc:1428] train_oblique_forest wall-time - Loading/Init (pre-train): 0.334586s
I0000 00:00:1789319867.958967  252507 abstract_learner.cc:171] No input feature explicitly specified. Using all the available input features.
I0000 00:00:1789319867.958969  252507 abstract_learner.cc:185] The label "class" was removed from the input feature set.
I0000 00:00:1789319867.958980  252507 random_forest.cc:534] Training random forest on 5000000 example(s) and 18 feature(s).
I0000 00:00:1789319867.958995  252507 gpu.cc:93] Cannot initialize GPU: Not compiled with GPU support
I0000 00:00:1789319867.959578  252507 random_forest.cc:663] num_threads being used: 48
I0000 00:00:1789319889.180842  252640 random_forest.cc:881] Train tree 1/240  [index:33 total:21.22s tree:21.22s]
I0000 00:00:1789319910.381567  252651 random_forest.cc:881] Train tree 49/240  [index:53 total:42.42s tree:20.93s]
I0000 00:00:1789319932.125432  252651 random_forest.cc:881] Train tree 97/240  [index:96 total:1m4.17s tree:21.74s]
I0000 00:00:1789319953.911300  252651 random_forest.cc:881] Train tree 145/240  [index:144 total:1m25.95s tree:21.79s]
I0000 00:00:1789319975.653567  252651 random_forest.cc:881] Train tree 193/240  [index:192 total:1m47.69s tree:21.74s]
I0000 00:00:1789319977.809121  252507 random_forest.cc:899] random_forest.cc Training block took: 109.85 s
W0000 00:00:1789319977.809156  252507 random_forest.cc:1216] EXITING EARLY TO SPEED UP EXPERIMENTS!
RESULT dataset=SUSY_with_header threshold=7100 median=109.85s stddev=N/As n=1
./bazel-bin/examples/train_oblique_forest --input_mode csv --train_csv "benchmarks/data/epsilon_normalized_train.csv" --label_col "label" --num_trees=240 --dynamic_split_threshold=7100 --feature_split_type Oblique --numerical_split_type "Dynamic Random Histogram" --histogram_num_bins 256
----- Run 1/1 -----
WARNING: All log messages before absl::InitializeLog() is called are written to STDERR
I0000 00:00:1789319980.419532  253121 train_oblique_forest.cc:1101] Loading CSV in a single pass: benchmarks/data/epsilon_normalized_train.csv
I0000 00:00:1789319982.217072  253121 train_oblique_forest.cc:1108] Single-pass CSV load complete: 400000 rows, 2001 columns.
I0000 00:00:1789319982.217146  253121 train_oblique_forest.cc:1229] -1 (automatic) threads requested. 48 threads set.
I0000 00:00:1789319982.217155  253121 train_oblique_forest.cc:1304] Configuring oblique splits
I0000 00:00:1789319982.217157  253121 train_oblique_forest.cc:1313] dynamic_split_threshold = 7100 (from flag)
I0000 00:00:1789319982.217159  253121 train_oblique_forest.cc:1398] Using Dynamic Random Histogram with 256 samples
I0000 00:00:1789319982.217168  253121 train_oblique_forest.cc:1428] train_oblique_forest wall-time - Loading/Init (pre-train): 1.79766s
I0000 00:00:1789319982.217337  253121 abstract_learner.cc:171] No input feature explicitly specified. Using all the available input features.
I0000 00:00:1789319982.217344  253121 abstract_learner.cc:185] The label "label" was removed from the input feature set.
I0000 00:00:1789319982.217677  253121 random_forest.cc:534] Training random forest on 400000 example(s) and 2000 feature(s).
I0000 00:00:1789319982.217741  253121 gpu.cc:93] Cannot initialize GPU: Not compiled with GPU support
I0000 00:00:1789319982.218443  253121 random_forest.cc:663] num_threads being used: 48
I0000 00:00:1789319992.627707  253308 random_forest.cc:881] Train tree 1/240  [index:33 total:10.41s tree:10.40s]
I0000 00:00:1789320013.590389  253311 random_forest.cc:881] Train tree 97/240  [index:97 total:31.37s tree:10.49s]
I0000 00:00:1789320034.733443  253311 random_forest.cc:881] Train tree 193/240  [index:192 total:52.51s tree:10.56s]
I0000 00:00:1789320035.782594  253121 random_forest.cc:899] random_forest.cc Training block took: 53.5654 s
W0000 00:00:1789320035.782644  253121 random_forest.cc:1216] EXITING EARLY TO SPEED UP EXPERIMENTS!
RESULT dataset=epsilon_normalized_train threshold=7100 median=53.5654s stddev=N/As n=1
./bazel-bin/examples/train_oblique_forest --input_mode trunk --rows 1500000 --cols 4096 --num_trees=240 --dynamic_split_threshold=7100 --feature_split_type Oblique --numerical_split_type "Dynamic Random Histogram" --histogram_num_bins 256
----- Run 1/1 -----
WARNING: All log messages before absl::InitializeLog() is called are written to STDERR
I0000 00:00:1789320036.052676  253546 train_oblique_forest.cc:1133] Generating trunk synthetic dataset: rows=1500000, cols=4096, layout=column
I0000 00:00:1789320037.487722  253546 train_oblique_forest.cc:1229] -1 (automatic) threads requested. 48 threads set.
I0000 00:00:1789320037.487756  253546 train_oblique_forest.cc:1304] Configuring oblique splits
I0000 00:00:1789320037.487758  253546 train_oblique_forest.cc:1313] dynamic_split_threshold = 7100 (from flag)
I0000 00:00:1789320037.487761  253546 train_oblique_forest.cc:1398] Using Dynamic Random Histogram with 256 samples
I0000 00:00:1789320037.487771  253546 train_oblique_forest.cc:1428] train_oblique_forest wall-time - Loading/Init (pre-train): 1.43512s
I0000 00:00:1789320037.488072  253546 abstract_learner.cc:171] No input feature explicitly specified. Using all the available input features.
I0000 00:00:1789320037.488077  253546 abstract_learner.cc:185] The label "y" was removed from the input feature set.
I0000 00:00:1789320037.488682  253546 random_forest.cc:534] Training random forest on 1500000 example(s) and 4096 feature(s).
I0000 00:00:1789320037.488802  253546 gpu.cc:93] Cannot initialize GPU: Not compiled with GPU support
I0000 00:00:1789320037.489658  253546 random_forest.cc:663] num_threads being used: 48
I0000 00:00:1789320094.527780  253613 random_forest.cc:881] Train tree 1/240  [index:43 total:57.04s tree:57.03s]
I0000 00:00:1789320149.229787  253650 random_forest.cc:881] Train tree 49/240  [index:61 total:1m51.74s tree:53.52s]
I0000 00:00:1789320207.983385  253621 random_forest.cc:881] Train tree 97/240  [index:119 total:2m50.49s tree:53.90s]
I0000 00:00:1789320266.324824  253621 random_forest.cc:881] Train tree 145/240  [index:144 total:3m48.84s tree:58.34s]
I0000 00:00:1789320322.723020  253621 random_forest.cc:881] Train tree 193/240  [index:192 total:4m45.23s tree:56.40s]
I0000 00:00:1789320332.426620  253546 random_forest.cc:899] random_forest.cc Training block took: 294.939 s
W0000 00:00:1789320332.426662  253546 random_forest.cc:1216] EXITING EARLY TO SPEED UP EXPERIMENTS!
RESULT dataset=trunk_1500000_x_4096 threshold=7100 median=294.939s stddev=N/As n=1
./bazel-bin/examples/train_oblique_forest --input_mode trunk --rows 150000 --cols 40000 --num_trees=240 --dynamic_split_threshold=7100 --feature_split_type Oblique --numerical_split_type "Dynamic Random Histogram" --histogram_num_bins 256
----- Run 1/1 -----
WARNING: All log messages before absl::InitializeLog() is called are written to STDERR
I0000 00:00:1789320333.501208  254798 train_oblique_forest.cc:1133] Generating trunk synthetic dataset: rows=150000, cols=40000, layout=column
I0000 00:00:1789320334.837438  254798 train_oblique_forest.cc:1229] -1 (automatic) threads requested. 48 threads set.
I0000 00:00:1789320334.837473  254798 train_oblique_forest.cc:1304] Configuring oblique splits
I0000 00:00:1789320334.837475  254798 train_oblique_forest.cc:1313] dynamic_split_threshold = 7100 (from flag)
I0000 00:00:1789320334.837478  254798 train_oblique_forest.cc:1398] Using Dynamic Random Histogram with 256 samples
I0000 00:00:1789320334.837487  254798 train_oblique_forest.cc:1428] train_oblique_forest wall-time - Loading/Init (pre-train): 1.3363s
I0000 00:00:1789320334.839895  254798 abstract_learner.cc:171] No input feature explicitly specified. Using all the available input features.
I0000 00:00:1789320334.839927  254798 abstract_learner.cc:185] The label "y" was removed from the input feature set.
I0000 00:00:1789320334.846055  254798 random_forest.cc:534] Training random forest on 150000 example(s) and 40000 feature(s).
I0000 00:00:1789320334.847127  254798 gpu.cc:93] Cannot initialize GPU: Not compiled with GPU support
I0000 00:00:1789320334.849873  254798 random_forest.cc:663] num_threads being used: 48
I0000 00:00:1789320350.825526  254869 random_forest.cc:881] Train tree 1/240  [index:15 total:15.98s tree:15.97s]
I0000 00:00:1789320383.823687  254867 random_forest.cc:881] Train tree 97/240  [index:110 total:48.97s tree:15.45s]
I0000 00:00:1789320404.289943  254897 random_forest.cc:881] Train tree 191/240  [index:190 total:1m9.44s tree:17.17s]
I0000 00:00:1789320421.618692  254798 random_forest.cc:899] random_forest.cc Training block took: 86.7812 s
W0000 00:00:1789320421.618732  254798 random_forest.cc:1216] EXITING EARLY TO SPEED UP EXPERIMENTS!
RESULT dataset=trunk_150000_x_40000 threshold=7100 median=86.7812s stddev=N/As n=1
./bazel-bin/examples/train_oblique_forest --input_mode trunk --rows 15000 --cols 400000 --num_trees=240 --dynamic_split_threshold=7100 --feature_split_type Oblique --numerical_split_type "Dynamic Random Histogram" --histogram_num_bins 256
----- Run 1/1 -----
WARNING: All log messages before absl::InitializeLog() is called are written to STDERR
I0000 00:00:1789320422.243748  255254 train_oblique_forest.cc:1133] Generating trunk synthetic dataset: rows=15000, cols=400000, layout=column
I0000 00:00:1789320423.711143  255254 train_oblique_forest.cc:1229] -1 (automatic) threads requested. 48 threads set.
I0000 00:00:1789320423.711177  255254 train_oblique_forest.cc:1304] Configuring oblique splits
I0000 00:00:1789320423.711180  255254 train_oblique_forest.cc:1313] dynamic_split_threshold = 7100 (from flag)
I0000 00:00:1789320423.711183  255254 train_oblique_forest.cc:1398] Using Dynamic Random Histogram with 256 samples
I0000 00:00:1789320423.711192  255254 train_oblique_forest.cc:1428] train_oblique_forest wall-time - Loading/Init (pre-train): 1.46747s
I0000 00:00:1789320423.734231  255254 abstract_learner.cc:171] No input feature explicitly specified. Using all the available input features.
I0000 00:00:1789320423.734499  255254 abstract_learner.cc:185] The label "y" was removed from the input feature set.
I0000 00:00:1789320423.798398  255254 random_forest.cc:534] Training random forest on 15000 example(s) and 400000 feature(s).
I0000 00:00:1789320423.808771  255254 gpu.cc:93] Cannot initialize GPU: Not compiled with GPU support
I0000 00:00:1789320423.830207  255254 random_forest.cc:663] num_threads being used: 48
I0000 00:00:1789320428.463326  255352 random_forest.cc:881] Train tree 1/240  [index:4 total:4.63s tree:4.63s]
I0000 00:00:1789320448.472877  255336 random_forest.cc:881] Train tree 200/240  [index:210 total:24.64s tree:4.86s]
I0000 00:00:1789320449.413181  255254 random_forest.cc:899] random_forest.cc Training block took: 25.702 s
W0000 00:00:1789320449.413218  255254 random_forest.cc:1216] EXITING EARLY TO SPEED UP EXPERIMENTS!
RESULT dataset=trunk_15000_x_400000 threshold=7100 median=25.702s stddev=N/As n=1


======== Threshold 8100 ========

./bazel-bin/examples/train_oblique_forest --input_mode csv --train_csv "benchmarks/data/HIGGS_with_header.csv" --label_col "class" --num_trees=240 --dynamic_split_threshold=8100 --feature_split_type Oblique --numerical_split_type "Dynamic Random Histogram" --histogram_num_bins 256
----- Run 1/1 -----
WARNING: All log messages before absl::InitializeLog() is called are written to STDERR
I0000 00:00:1789320450.025876  255481 train_oblique_forest.cc:1101] Loading CSV in a single pass: benchmarks/data/HIGGS_with_header.csv
I0000 00:00:1789320450.911440  255481 train_oblique_forest.cc:1108] Single-pass CSV load complete: 11000000 rows, 29 columns.
I0000 00:00:1789320450.911521  255481 train_oblique_forest.cc:1229] -1 (automatic) threads requested. 48 threads set.
I0000 00:00:1789320450.911531  255481 train_oblique_forest.cc:1304] Configuring oblique splits
I0000 00:00:1789320450.911533  255481 train_oblique_forest.cc:1313] dynamic_split_threshold = 8100 (from flag)
I0000 00:00:1789320450.911535  255481 train_oblique_forest.cc:1398] Using Dynamic Random Histogram with 256 samples
I0000 00:00:1789320450.911545  255481 train_oblique_forest.cc:1428] train_oblique_forest wall-time - Loading/Init (pre-train): 0.885694s
I0000 00:00:1789320450.911606  255481 abstract_learner.cc:171] No input feature explicitly specified. Using all the available input features.
I0000 00:00:1789320450.911608  255481 abstract_learner.cc:185] The label "class" was removed from the input feature set.
I0000 00:00:1789320450.911621  255481 random_forest.cc:534] Training random forest on 11000000 example(s) and 28 feature(s).
I0000 00:00:1789320450.911633  255481 gpu.cc:93] Cannot initialize GPU: Not compiled with GPU support
I0000 00:00:1789320450.912217  255481 random_forest.cc:663] num_threads being used: 48
I0000 00:00:1789320513.230883  255610 random_forest.cc:881] Train tree 1/240  [index:6 total:1m2.32s tree:1m2.31s]
I0000 00:00:1789320576.156500  255620 random_forest.cc:881] Train tree 49/240  [index:51 total:2m5.24s tree:1m2.31s]
I0000 00:00:1789320638.817950  255620 random_forest.cc:881] Train tree 97/240  [index:96 total:3m7.91s tree:1m2.66s]
I0000 00:00:1789320702.152189  255620 random_forest.cc:881] Train tree 145/240  [index:144 total:4m11.24s tree:1m3.33s]
I0000 00:00:1789320765.856488  255620 random_forest.cc:881] Train tree 193/240  [index:192 total:5m14.94s tree:1m3.70s]
I0000 00:00:1789320773.122238  255481 random_forest.cc:899] random_forest.cc Training block took: 322.211 s
W0000 00:00:1789320773.122276  255481 random_forest.cc:1216] EXITING EARLY TO SPEED UP EXPERIMENTS!
RESULT dataset=HIGGS_with_header threshold=8100 median=322.211s stddev=N/As n=1
./bazel-bin/examples/train_oblique_forest --input_mode csv --train_csv "benchmarks/data/SUSY_with_header.csv" --label_col "class" --num_trees=240 --dynamic_split_threshold=8100 --feature_split_type Oblique --numerical_split_type "Dynamic Random Histogram" --histogram_num_bins 256
----- Run 1/1 -----
WARNING: All log messages before absl::InitializeLog() is called are written to STDERR
I0000 00:00:1789320779.703763  256942 train_oblique_forest.cc:1101] Loading CSV in a single pass: benchmarks/data/SUSY_with_header.csv
I0000 00:00:1789320780.037848  256942 train_oblique_forest.cc:1108] Single-pass CSV load complete: 5000000 rows, 19 columns.
I0000 00:00:1789320780.037923  256942 train_oblique_forest.cc:1229] -1 (automatic) threads requested. 48 threads set.
I0000 00:00:1789320780.037932  256942 train_oblique_forest.cc:1304] Configuring oblique splits
I0000 00:00:1789320780.037934  256942 train_oblique_forest.cc:1313] dynamic_split_threshold = 8100 (from flag)
I0000 00:00:1789320780.037936  256942 train_oblique_forest.cc:1398] Using Dynamic Random Histogram with 256 samples
I0000 00:00:1789320780.037944  256942 train_oblique_forest.cc:1428] train_oblique_forest wall-time - Loading/Init (pre-train): 0.334207s
I0000 00:00:1789320780.038004  256942 abstract_learner.cc:171] No input feature explicitly specified. Using all the available input features.
I0000 00:00:1789320780.038006  256942 abstract_learner.cc:185] The label "class" was removed from the input feature set.
I0000 00:00:1789320780.038017  256942 random_forest.cc:534] Training random forest on 5000000 example(s) and 18 feature(s).
I0000 00:00:1789320780.038028  256942 gpu.cc:93] Cannot initialize GPU: Not compiled with GPU support
I0000 00:00:1789320780.038607  256942 random_forest.cc:663] num_threads being used: 48
I0000 00:00:1789320801.415843  257081 random_forest.cc:881] Train tree 1/240  [index:36 total:21.38s tree:21.37s]
I0000 00:00:1789320822.958104  257086 random_forest.cc:881] Train tree 49/240  [index:50 total:42.92s tree:21.51s]
I0000 00:00:1789320844.745644  257081 random_forest.cc:881] Train tree 97/240  [index:101 total:1m4.71s tree:21.58s]
I0000 00:00:1789320866.320955  257085 random_forest.cc:881] Train tree 145/240  [index:149 total:1m26.28s tree:21.26s]
I0000 00:00:1789320888.320928  257085 random_forest.cc:881] Train tree 193/240  [index:192 total:1m48.28s tree:22.00s]
I0000 00:00:1789320890.021566  256942 random_forest.cc:899] random_forest.cc Training block took: 109.984 s
W0000 00:00:1789320890.021600  256942 random_forest.cc:1216] EXITING EARLY TO SPEED UP EXPERIMENTS!
RESULT dataset=SUSY_with_header threshold=8100 median=109.984s stddev=N/As n=1
./bazel-bin/examples/train_oblique_forest --input_mode csv --train_csv "benchmarks/data/epsilon_normalized_train.csv" --label_col "label" --num_trees=240 --dynamic_split_threshold=8100 --feature_split_type Oblique --numerical_split_type "Dynamic Random Histogram" --histogram_num_bins 256
----- Run 1/1 -----
WARNING: All log messages before absl::InitializeLog() is called are written to STDERR
I0000 00:00:1789320892.788221  257559 train_oblique_forest.cc:1101] Loading CSV in a single pass: benchmarks/data/epsilon_normalized_train.csv
I0000 00:00:1789320894.563899  257559 train_oblique_forest.cc:1108] Single-pass CSV load complete: 400000 rows, 2001 columns.
I0000 00:00:1789320894.563962  257559 train_oblique_forest.cc:1229] -1 (automatic) threads requested. 48 threads set.
I0000 00:00:1789320894.563971  257559 train_oblique_forest.cc:1304] Configuring oblique splits
I0000 00:00:1789320894.563973  257559 train_oblique_forest.cc:1313] dynamic_split_threshold = 8100 (from flag)
I0000 00:00:1789320894.563975  257559 train_oblique_forest.cc:1398] Using Dynamic Random Histogram with 256 samples
I0000 00:00:1789320894.563984  257559 train_oblique_forest.cc:1428] train_oblique_forest wall-time - Loading/Init (pre-train): 1.77579s
I0000 00:00:1789320894.564148  257559 abstract_learner.cc:171] No input feature explicitly specified. Using all the available input features.
I0000 00:00:1789320894.564155  257559 abstract_learner.cc:185] The label "label" was removed from the input feature set.
I0000 00:00:1789320894.564494  257559 random_forest.cc:534] Training random forest on 400000 example(s) and 2000 feature(s).
I0000 00:00:1789320894.564558  257559 gpu.cc:93] Cannot initialize GPU: Not compiled with GPU support
I0000 00:00:1789320894.565249  257559 random_forest.cc:663] num_threads being used: 48
I0000 00:00:1789320904.976472  257725 random_forest.cc:881] Train tree 1/240  [index:37 total:10.41s tree:10.41s]
I0000 00:00:1789320926.070451  257712 random_forest.cc:881] Train tree 97/240  [index:99 total:31.51s tree:10.44s]
I0000 00:00:1789320947.183006  257725 random_forest.cc:881] Train tree 193/240  [index:193 total:52.62s tree:10.50s]
I0000 00:00:1789320948.272099  257559 random_forest.cc:899] random_forest.cc Training block took: 53.7081 s
W0000 00:00:1789320948.272147  257559 random_forest.cc:1216] EXITING EARLY TO SPEED UP EXPERIMENTS!
RESULT dataset=epsilon_normalized_train threshold=8100 median=53.7081s stddev=N/As n=1
./bazel-bin/examples/train_oblique_forest --input_mode trunk --rows 1500000 --cols 4096 --num_trees=240 --dynamic_split_threshold=8100 --feature_split_type Oblique --numerical_split_type "Dynamic Random Histogram" --histogram_num_bins 256
----- Run 1/1 -----
WARNING: All log messages before absl::InitializeLog() is called are written to STDERR
I0000 00:00:1789320948.542228  257985 train_oblique_forest.cc:1133] Generating trunk synthetic dataset: rows=1500000, cols=4096, layout=column
I0000 00:00:1789320949.940880  257985 train_oblique_forest.cc:1229] -1 (automatic) threads requested. 48 threads set.
I0000 00:00:1789320949.940920  257985 train_oblique_forest.cc:1304] Configuring oblique splits
I0000 00:00:1789320949.940923  257985 train_oblique_forest.cc:1313] dynamic_split_threshold = 8100 (from flag)
I0000 00:00:1789320949.940927  257985 train_oblique_forest.cc:1398] Using Dynamic Random Histogram with 256 samples
I0000 00:00:1789320949.940938  257985 train_oblique_forest.cc:1428] train_oblique_forest wall-time - Loading/Init (pre-train): 1.39874s
I0000 00:00:1789320949.941301  257985 abstract_learner.cc:171] No input feature explicitly specified. Using all the available input features.
I0000 00:00:1789320949.941308  257985 abstract_learner.cc:185] The label "y" was removed from the input feature set.
I0000 00:00:1789320949.942014  257985 random_forest.cc:534] Training random forest on 1500000 example(s) and 4096 feature(s).
I0000 00:00:1789320949.942160  257985 gpu.cc:93] Cannot initialize GPU: Not compiled with GPU support
I0000 00:00:1789320949.943122  257985 random_forest.cc:663] num_threads being used: 48
I0000 00:00:1789321006.792934  258080 random_forest.cc:881] Train tree 1/240  [index:47 total:56.85s tree:56.85s]
I0000 00:00:1789321061.334305  258062 random_forest.cc:881] Train tree 49/240  [index:61 total:1m51.39s tree:53.29s]
I0000 00:00:1789321120.437454  258062 random_forest.cc:881] Train tree 97/240  [index:96 total:2m50.49s tree:59.10s]
I0000 00:00:1789321178.762166  258062 random_forest.cc:881] Train tree 145/240  [index:144 total:3m48.82s tree:58.32s]
I0000 00:00:1789321235.495875  258062 random_forest.cc:881] Train tree 193/240  [index:192 total:4m45.55s tree:56.73s]
I0000 00:00:1789321247.371280  257985 random_forest.cc:899] random_forest.cc Training block took: 297.43 s
W0000 00:00:1789321247.371322  257985 random_forest.cc:1216] EXITING EARLY TO SPEED UP EXPERIMENTS!
RESULT dataset=trunk_1500000_x_4096 threshold=8100 median=297.43s stddev=N/As n=1
./bazel-bin/examples/train_oblique_forest --input_mode trunk --rows 150000 --cols 40000 --num_trees=240 --dynamic_split_threshold=8100 --feature_split_type Oblique --numerical_split_type "Dynamic Random Histogram" --histogram_num_bins 256
----- Run 1/1 -----
WARNING: All log messages before absl::InitializeLog() is called are written to STDERR
I0000 00:00:1789321248.422433  259240 train_oblique_forest.cc:1133] Generating trunk synthetic dataset: rows=150000, cols=40000, layout=column
I0000 00:00:1789321249.778531  259240 train_oblique_forest.cc:1229] -1 (automatic) threads requested. 48 threads set.
I0000 00:00:1789321249.778564  259240 train_oblique_forest.cc:1304] Configuring oblique splits
I0000 00:00:1789321249.778567  259240 train_oblique_forest.cc:1313] dynamic_split_threshold = 8100 (from flag)
I0000 00:00:1789321249.778570  259240 train_oblique_forest.cc:1398] Using Dynamic Random Histogram with 256 samples
I0000 00:00:1789321249.778580  259240 train_oblique_forest.cc:1428] train_oblique_forest wall-time - Loading/Init (pre-train): 1.35617s
I0000 00:00:1789321249.780998  259240 abstract_learner.cc:171] No input feature explicitly specified. Using all the available input features.
I0000 00:00:1789321249.781030  259240 abstract_learner.cc:185] The label "y" was removed from the input feature set.
I0000 00:00:1789321249.787288  259240 random_forest.cc:534] Training random forest on 150000 example(s) and 40000 feature(s).
I0000 00:00:1789321249.788376  259240 gpu.cc:93] Cannot initialize GPU: Not compiled with GPU support
I0000 00:00:1789321249.791079  259240 random_forest.cc:663] num_threads being used: 48
I0000 00:00:1789321265.624009  259300 random_forest.cc:881] Train tree 1/240  [index:15 total:15.83s tree:15.83s]
I0000 00:00:1789321298.660856  259311 random_forest.cc:881] Train tree 97/240  [index:110 total:48.87s tree:15.15s]
I0000 00:00:1789321318.953563  259332 random_forest.cc:881] Train tree 191/240  [index:190 total:1m9.16s tree:17.05s]
I0000 00:00:1789321336.157322  259240 random_forest.cc:899] random_forest.cc Training block took: 86.3787 s
W0000 00:00:1789321336.157363  259240 random_forest.cc:1216] EXITING EARLY TO SPEED UP EXPERIMENTS!
RESULT dataset=trunk_150000_x_40000 threshold=8100 median=86.3787s stddev=N/As n=1
./bazel-bin/examples/train_oblique_forest --input_mode trunk --rows 15000 --cols 400000 --num_trees=240 --dynamic_split_threshold=8100 --feature_split_type Oblique --numerical_split_type "Dynamic Random Histogram" --histogram_num_bins 256
----- Run 1/1 -----
WARNING: All log messages before absl::InitializeLog() is called are written to STDERR
I0000 00:00:1789321336.793262  259697 train_oblique_forest.cc:1133] Generating trunk synthetic dataset: rows=15000, cols=400000, layout=column
I0000 00:00:1789321338.221733  259697 train_oblique_forest.cc:1229] -1 (automatic) threads requested. 48 threads set.
I0000 00:00:1789321338.221768  259697 train_oblique_forest.cc:1304] Configuring oblique splits
I0000 00:00:1789321338.221771  259697 train_oblique_forest.cc:1313] dynamic_split_threshold = 8100 (from flag)
I0000 00:00:1789321338.221775  259697 train_oblique_forest.cc:1398] Using Dynamic Random Histogram with 256 samples
I0000 00:00:1789321338.221784  259697 train_oblique_forest.cc:1428] train_oblique_forest wall-time - Loading/Init (pre-train): 1.42855s
I0000 00:00:1789321338.249242  259697 abstract_learner.cc:171] No input feature explicitly specified. Using all the available input features.
I0000 00:00:1789321338.249540  259697 abstract_learner.cc:185] The label "y" was removed from the input feature set.
I0000 00:00:1789321338.314564  259697 random_forest.cc:534] Training random forest on 15000 example(s) and 400000 feature(s).
I0000 00:00:1789321338.324981  259697 gpu.cc:93] Cannot initialize GPU: Not compiled with GPU support
I0000 00:00:1789321338.346579  259697 random_forest.cc:663] num_threads being used: 48
I0000 00:00:1789321342.885620  259751 random_forest.cc:881] Train tree 1/240  [index:4 total:4.54s tree:4.54s]
I0000 00:00:1789321362.889687  259778 random_forest.cc:881] Train tree 194/240  [index:194 total:24.54s tree:4.95s]
I0000 00:00:1789321364.069741  259697 random_forest.cc:899] random_forest.cc Training block took: 25.8479 s
W0000 00:00:1789321364.069781  259697 random_forest.cc:1216] EXITING EARLY TO SPEED UP EXPERIMENTS!
RESULT dataset=trunk_15000_x_400000 threshold=8100 median=25.8479s stddev=N/As n=1


======== Threshold 9100 ========

./bazel-bin/examples/train_oblique_forest --input_mode csv --train_csv "benchmarks/data/HIGGS_with_header.csv" --label_col "class" --num_trees=240 --dynamic_split_threshold=9100 --feature_split_type Oblique --numerical_split_type "Dynamic Random Histogram" --histogram_num_bins 256
----- Run 1/1 -----
WARNING: All log messages before absl::InitializeLog() is called are written to STDERR
I0000 00:00:1789321364.687468  259924 train_oblique_forest.cc:1101] Loading CSV in a single pass: benchmarks/data/HIGGS_with_header.csv
I0000 00:00:1789321365.571028  259924 train_oblique_forest.cc:1108] Single-pass CSV load complete: 11000000 rows, 29 columns.
I0000 00:00:1789321365.571105  259924 train_oblique_forest.cc:1229] -1 (automatic) threads requested. 48 threads set.
I0000 00:00:1789321365.571114  259924 train_oblique_forest.cc:1304] Configuring oblique splits
I0000 00:00:1789321365.571116  259924 train_oblique_forest.cc:1313] dynamic_split_threshold = 9100 (from flag)
I0000 00:00:1789321365.571119  259924 train_oblique_forest.cc:1398] Using Dynamic Random Histogram with 256 samples
I0000 00:00:1789321365.571128  259924 train_oblique_forest.cc:1428] train_oblique_forest wall-time - Loading/Init (pre-train): 0.883686s
I0000 00:00:1789321365.571188  259924 abstract_learner.cc:171] No input feature explicitly specified. Using all the available input features.
I0000 00:00:1789321365.571190  259924 abstract_learner.cc:185] The label "class" was removed from the input feature set.
I0000 00:00:1789321365.571202  259924 random_forest.cc:534] Training random forest on 11000000 example(s) and 28 feature(s).
I0000 00:00:1789321365.571216  259924 gpu.cc:93] Cannot initialize GPU: Not compiled with GPU support
I0000 00:00:1789321365.571792  259924 random_forest.cc:663] num_threads being used: 48
I0000 00:00:1789321428.342833  260055 random_forest.cc:881] Train tree 1/240  [index:6 total:1m2.77s tree:1m2.77s]
I0000 00:00:1789321491.646308  260055 random_forest.cc:881] Train tree 49/240  [index:48 total:2m6.07s tree:1m3.30s]
I0000 00:00:1789321555.580717  260055 random_forest.cc:881] Train tree 97/240  [index:96 total:3m10.01s tree:1m3.93s]
I0000 00:00:1789321619.671456  260051 random_forest.cc:881] Train tree 145/240  [index:145 total:4m14.10s tree:1m3.98s]
I0000 00:00:1789321683.614986  260065 random_forest.cc:881] Train tree 193/240  [index:193 total:5m18.04s tree:1m3.84s]
I0000 00:00:1789321688.859260  259924 random_forest.cc:899] random_forest.cc Training block took: 323.288 s
W0000 00:00:1789321688.859298  259924 random_forest.cc:1216] EXITING EARLY TO SPEED UP EXPERIMENTS!
RESULT dataset=HIGGS_with_header threshold=9100 median=323.288s stddev=N/As n=1
./bazel-bin/examples/train_oblique_forest --input_mode csv --train_csv "benchmarks/data/SUSY_with_header.csv" --label_col "class" --num_trees=240 --dynamic_split_threshold=9100 --feature_split_type Oblique --numerical_split_type "Dynamic Random Histogram" --histogram_num_bins 256
----- Run 1/1 -----
WARNING: All log messages before absl::InitializeLog() is called are written to STDERR
I0000 00:00:1789321695.361240  261380 train_oblique_forest.cc:1101] Loading CSV in a single pass: benchmarks/data/SUSY_with_header.csv
I0000 00:00:1789321695.695203  261380 train_oblique_forest.cc:1108] Single-pass CSV load complete: 5000000 rows, 19 columns.
I0000 00:00:1789321695.695277  261380 train_oblique_forest.cc:1229] -1 (automatic) threads requested. 48 threads set.
I0000 00:00:1789321695.695287  261380 train_oblique_forest.cc:1304] Configuring oblique splits
I0000 00:00:1789321695.695289  261380 train_oblique_forest.cc:1313] dynamic_split_threshold = 9100 (from flag)
I0000 00:00:1789321695.695291  261380 train_oblique_forest.cc:1398] Using Dynamic Random Histogram with 256 samples
I0000 00:00:1789321695.695300  261380 train_oblique_forest.cc:1428] train_oblique_forest wall-time - Loading/Init (pre-train): 0.334085s
I0000 00:00:1789321695.695358  261380 abstract_learner.cc:171] No input feature explicitly specified. Using all the available input features.
I0000 00:00:1789321695.695360  261380 abstract_learner.cc:185] The label "class" was removed from the input feature set.
I0000 00:00:1789321695.695371  261380 random_forest.cc:534] Training random forest on 5000000 example(s) and 18 feature(s).
I0000 00:00:1789321695.695417  261380 gpu.cc:93] Cannot initialize GPU: Not compiled with GPU support
I0000 00:00:1789321695.695990  261380 random_forest.cc:663] num_threads being used: 48
I0000 00:00:1789321717.174743  261524 random_forest.cc:881] Train tree 1/240  [index:36 total:21.48s tree:21.47s]
I0000 00:00:1789321738.865009  261539 random_forest.cc:881] Train tree 49/240  [index:51 total:43.17s tree:21.51s]
I0000 00:00:1789321760.434778  261504 random_forest.cc:881] Train tree 97/240  [index:98 total:1m4.74s tree:21.53s]
I0000 00:00:1789321782.503368  261522 random_forest.cc:881] Train tree 145/240  [index:145 total:1m26.81s tree:21.89s]
I0000 00:00:1789321804.333223  261504 random_forest.cc:881] Train tree 193/240  [index:193 total:1m48.64s tree:21.80s]
I0000 00:00:1789321806.103233  261380 random_forest.cc:899] random_forest.cc Training block took: 110.408 s
W0000 00:00:1789321806.103270  261380 random_forest.cc:1216] EXITING EARLY TO SPEED UP EXPERIMENTS!
RESULT dataset=SUSY_with_header threshold=9100 median=110.408s stddev=N/As n=1
./bazel-bin/examples/train_oblique_forest --input_mode csv --train_csv "benchmarks/data/epsilon_normalized_train.csv" --label_col "label" --num_trees=240 --dynamic_split_threshold=9100 --feature_split_type Oblique --numerical_split_type "Dynamic Random Histogram" --histogram_num_bins 256
----- Run 1/1 -----
WARNING: All log messages before absl::InitializeLog() is called are written to STDERR
I0000 00:00:1789321808.713270  261996 train_oblique_forest.cc:1101] Loading CSV in a single pass: benchmarks/data/epsilon_normalized_train.csv
I0000 00:00:1789321810.482522  261996 train_oblique_forest.cc:1108] Single-pass CSV load complete: 400000 rows, 2001 columns.
I0000 00:00:1789321810.482583  261996 train_oblique_forest.cc:1229] -1 (automatic) threads requested. 48 threads set.
I0000 00:00:1789321810.482592  261996 train_oblique_forest.cc:1304] Configuring oblique splits
I0000 00:00:1789321810.482594  261996 train_oblique_forest.cc:1313] dynamic_split_threshold = 9100 (from flag)
I0000 00:00:1789321810.482596  261996 train_oblique_forest.cc:1398] Using Dynamic Random Histogram with 256 samples
I0000 00:00:1789321810.482604  261996 train_oblique_forest.cc:1428] train_oblique_forest wall-time - Loading/Init (pre-train): 1.76936s
I0000 00:00:1789321810.482766  261996 abstract_learner.cc:171] No input feature explicitly specified. Using all the available input features.
I0000 00:00:1789321810.482773  261996 abstract_learner.cc:185] The label "label" was removed from the input feature set.
I0000 00:00:1789321810.483113  261996 random_forest.cc:534] Training random forest on 400000 example(s) and 2000 feature(s).
I0000 00:00:1789321810.483178  261996 gpu.cc:93] Cannot initialize GPU: Not compiled with GPU support
I0000 00:00:1789321810.483878  261996 random_forest.cc:663] num_threads being used: 48
I0000 00:00:1789321820.981867  262168 random_forest.cc:881] Train tree 1/240  [index:30 total:10.50s tree:10.49s]
I0000 00:00:1789321842.074430  262191 random_forest.cc:881] Train tree 97/240  [index:96 total:31.59s tree:10.54s]
I0000 00:00:1789321863.161218  262174 random_forest.cc:881] Train tree 193/240  [index:193 total:52.68s tree:10.54s]
I0000 00:00:1789321864.464967  261996 random_forest.cc:899] random_forest.cc Training block took: 53.9824 s
W0000 00:00:1789321864.465008  261996 random_forest.cc:1216] EXITING EARLY TO SPEED UP EXPERIMENTS!
RESULT dataset=epsilon_normalized_train threshold=9100 median=53.9824s stddev=N/As n=1
./bazel-bin/examples/train_oblique_forest --input_mode trunk --rows 1500000 --cols 4096 --num_trees=240 --dynamic_split_threshold=9100 --feature_split_type Oblique --numerical_split_type "Dynamic Random Histogram" --histogram_num_bins 256
----- Run 1/1 -----
WARNING: All log messages before absl::InitializeLog() is called are written to STDERR
I0000 00:00:1789321864.737476  262422 train_oblique_forest.cc:1133] Generating trunk synthetic dataset: rows=1500000, cols=4096, layout=column
I0000 00:00:1789321866.138420  262422 train_oblique_forest.cc:1229] -1 (automatic) threads requested. 48 threads set.
I0000 00:00:1789321866.138456  262422 train_oblique_forest.cc:1304] Configuring oblique splits
I0000 00:00:1789321866.138458  262422 train_oblique_forest.cc:1313] dynamic_split_threshold = 9100 (from flag)
I0000 00:00:1789321866.138461  262422 train_oblique_forest.cc:1398] Using Dynamic Random Histogram with 256 samples
I0000 00:00:1789321866.138470  262422 train_oblique_forest.cc:1428] train_oblique_forest wall-time - Loading/Init (pre-train): 1.40102s
I0000 00:00:1789321866.138778  262422 abstract_learner.cc:171] No input feature explicitly specified. Using all the available input features.
I0000 00:00:1789321866.138783  262422 abstract_learner.cc:185] The label "y" was removed from the input feature set.
I0000 00:00:1789321866.139390  262422 random_forest.cc:534] Training random forest on 1500000 example(s) and 4096 feature(s).
I0000 00:00:1789321866.139513  262422 gpu.cc:93] Cannot initialize GPU: Not compiled with GPU support
I0000 00:00:1789321866.140312  262422 random_forest.cc:663] num_threads being used: 48
I0000 00:00:1789321923.268921  262514 random_forest.cc:881] Train tree 1/240  [index:40 total:57.13s tree:57.12s]
I0000 00:00:1789321978.995961  262494 random_forest.cc:881] Train tree 49/240  [index:76 total:1m52.86s tree:53.83s]
I0000 00:00:1789322037.790832  262492 random_forest.cc:881] Train tree 97/240  [index:98 total:2m51.65s tree:58.11s]
I0000 00:00:1789322096.305375  262522 random_forest.cc:881] Train tree 145/240  [index:152 total:3m50.17s tree:56.30s]
I0000 00:00:1789322153.868320  262522 random_forest.cc:881] Train tree 193/240  [index:192 total:4m47.73s tree:57.56s]
I0000 00:00:1789322163.097002  262422 random_forest.cc:899] random_forest.cc Training block took: 296.959 s
W0000 00:00:1789322163.097043  262422 random_forest.cc:1216] EXITING EARLY TO SPEED UP EXPERIMENTS!
RESULT dataset=trunk_1500000_x_4096 threshold=9100 median=296.959s stddev=N/As n=1
./bazel-bin/examples/train_oblique_forest --input_mode trunk --rows 150000 --cols 40000 --num_trees=240 --dynamic_split_threshold=9100 --feature_split_type Oblique --numerical_split_type "Dynamic Random Histogram" --histogram_num_bins 256
----- Run 1/1 -----
WARNING: All log messages before absl::InitializeLog() is called are written to STDERR
I0000 00:00:1789322164.146300  263674 train_oblique_forest.cc:1133] Generating trunk synthetic dataset: rows=150000, cols=40000, layout=column
I0000 00:00:1789322165.500043  263674 train_oblique_forest.cc:1229] -1 (automatic) threads requested. 48 threads set.
I0000 00:00:1789322165.500077  263674 train_oblique_forest.cc:1304] Configuring oblique splits
I0000 00:00:1789322165.500079  263674 train_oblique_forest.cc:1313] dynamic_split_threshold = 9100 (from flag)
I0000 00:00:1789322165.500082  263674 train_oblique_forest.cc:1398] Using Dynamic Random Histogram with 256 samples
I0000 00:00:1789322165.500092  263674 train_oblique_forest.cc:1428] train_oblique_forest wall-time - Loading/Init (pre-train): 1.35382s
I0000 00:00:1789322165.502449  263674 abstract_learner.cc:171] No input feature explicitly specified. Using all the available input features.
I0000 00:00:1789322165.502481  263674 abstract_learner.cc:185] The label "y" was removed from the input feature set.
I0000 00:00:1789322165.508587  263674 random_forest.cc:534] Training random forest on 150000 example(s) and 40000 feature(s).
I0000 00:00:1789322165.509603  263674 gpu.cc:93] Cannot initialize GPU: Not compiled with GPU support
I0000 00:00:1789322165.512317  263674 random_forest.cc:663] num_threads being used: 48
I0000 00:00:1789322181.368869  263740 random_forest.cc:881] Train tree 1/240  [index:15 total:15.86s tree:15.85s]
I0000 00:00:1789322214.827727  263753 random_forest.cc:881] Train tree 97/240  [index:110 total:49.32s tree:15.57s]
I0000 00:00:1789322235.004627  263746 random_forest.cc:881] Train tree 191/240  [index:188 total:1m9.49s tree:17.42s]
I0000 00:00:1789322252.105657  263674 random_forest.cc:899] random_forest.cc Training block took: 86.6055 s
W0000 00:00:1789322252.105696  263674 random_forest.cc:1216] EXITING EARLY TO SPEED UP EXPERIMENTS!
RESULT dataset=trunk_150000_x_40000 threshold=9100 median=86.6055s stddev=N/As n=1
./bazel-bin/examples/train_oblique_forest --input_mode trunk --rows 15000 --cols 400000 --num_trees=240 --dynamic_split_threshold=9100 --feature_split_type Oblique --numerical_split_type "Dynamic Random Histogram" --histogram_num_bins 256
----- Run 1/1 -----
WARNING: All log messages before absl::InitializeLog() is called are written to STDERR
I0000 00:00:1789322252.737930  264133 train_oblique_forest.cc:1133] Generating trunk synthetic dataset: rows=15000, cols=400000, layout=column
I0000 00:00:1789322254.237609  264133 train_oblique_forest.cc:1229] -1 (automatic) threads requested. 48 threads set.
I0000 00:00:1789322254.237642  264133 train_oblique_forest.cc:1304] Configuring oblique splits
I0000 00:00:1789322254.237645  264133 train_oblique_forest.cc:1313] dynamic_split_threshold = 9100 (from flag)
I0000 00:00:1789322254.237648  264133 train_oblique_forest.cc:1398] Using Dynamic Random Histogram with 256 samples
I0000 00:00:1789322254.237657  264133 train_oblique_forest.cc:1428] train_oblique_forest wall-time - Loading/Init (pre-train): 1.49975s
I0000 00:00:1789322254.260959  264133 abstract_learner.cc:171] No input feature explicitly specified. Using all the available input features.
I0000 00:00:1789322254.261223  264133 abstract_learner.cc:185] The label "y" was removed from the input feature set.
I0000 00:00:1789322254.324967  264133 random_forest.cc:534] Training random forest on 15000 example(s) and 400000 feature(s).
I0000 00:00:1789322254.335402  264133 gpu.cc:93] Cannot initialize GPU: Not compiled with GPU support
I0000 00:00:1789322254.357238  264133 random_forest.cc:663] num_threads being used: 48
I0000 00:00:1789322259.024972  264217 random_forest.cc:881] Train tree 1/240  [index:42 total:4.67s tree:4.66s]
I0000 00:00:1789322279.038773  264209 random_forest.cc:881] Train tree 197/240  [index:195 total:24.68s tree:4.98s]
I0000 00:00:1789322280.250052  264133 random_forest.cc:899] random_forest.cc Training block took: 26.0124 s
W0000 00:00:1789322280.250086  264133 random_forest.cc:1216] EXITING EARLY TO SPEED UP EXPERIMENTS!
RESULT dataset=trunk_15000_x_400000 threshold=9100 median=26.0124s stddev=N/As n=1


======== Threshold 10100 ========

./bazel-bin/examples/train_oblique_forest --input_mode csv --train_csv "benchmarks/data/HIGGS_with_header.csv" --label_col "class" --num_trees=240 --dynamic_split_threshold=10100 --feature_split_type Oblique --numerical_split_type "Dynamic Random Histogram" --histogram_num_bins 256
----- Run 1/1 -----
WARNING: All log messages before absl::InitializeLog() is called are written to STDERR
I0000 00:00:1789322280.862422  264357 train_oblique_forest.cc:1101] Loading CSV in a single pass: benchmarks/data/HIGGS_with_header.csv
I0000 00:00:1789322281.754024  264357 train_oblique_forest.cc:1108] Single-pass CSV load complete: 11000000 rows, 29 columns.
I0000 00:00:1789322281.754102  264357 train_oblique_forest.cc:1229] -1 (automatic) threads requested. 48 threads set.
I0000 00:00:1789322281.754111  264357 train_oblique_forest.cc:1304] Configuring oblique splits
I0000 00:00:1789322281.754113  264357 train_oblique_forest.cc:1313] dynamic_split_threshold = 10100 (from flag)
I0000 00:00:1789322281.754115  264357 train_oblique_forest.cc:1398] Using Dynamic Random Histogram with 256 samples
I0000 00:00:1789322281.754124  264357 train_oblique_forest.cc:1428] train_oblique_forest wall-time - Loading/Init (pre-train): 0.891749s
I0000 00:00:1789322281.754185  264357 abstract_learner.cc:171] No input feature explicitly specified. Using all the available input features.
I0000 00:00:1789322281.754187  264357 abstract_learner.cc:185] The label "class" was removed from the input feature set.
I0000 00:00:1789322281.754199  264357 random_forest.cc:534] Training random forest on 11000000 example(s) and 28 feature(s).
I0000 00:00:1789322281.754211  264357 gpu.cc:93] Cannot initialize GPU: Not compiled with GPU support
I0000 00:00:1789322281.754799  264357 random_forest.cc:663] num_threads being used: 48
I0000 00:00:1789322344.917525  264511 random_forest.cc:881] Train tree 1/240  [index:45 total:1m3.16s tree:1m3.16s]
I0000 00:00:1789322408.756349  264485 random_forest.cc:881] Train tree 49/240  [index:50 total:2m7.00s tree:1m3.65s]
I0000 00:00:1789322472.827796  264508 random_forest.cc:881] Train tree 97/240  [index:108 total:3m11.07s tree:1m3.08s]
I0000 00:00:1789322536.640286  264502 random_forest.cc:881] Train tree 145/240  [index:166 total:4m14.89s tree:1m2.41s]
I0000 00:00:1789322600.234227  264483 random_forest.cc:881] Train tree 193/240  [index:200 total:5m18.48s tree:1m2.81s]
I0000 00:00:1789322607.276848  264357 random_forest.cc:899] random_forest.cc Training block took: 325.523 s
W0000 00:00:1789322607.276885  264357 random_forest.cc:1216] EXITING EARLY TO SPEED UP EXPERIMENTS!
RESULT dataset=HIGGS_with_header threshold=10100 median=325.523s stddev=N/As n=1
./bazel-bin/examples/train_oblique_forest --input_mode csv --train_csv "benchmarks/data/SUSY_with_header.csv" --label_col "class" --num_trees=240 --dynamic_split_threshold=10100 --feature_split_type Oblique --numerical_split_type "Dynamic Random Histogram" --histogram_num_bins 256
----- Run 1/1 -----
WARNING: All log messages before absl::InitializeLog() is called are written to STDERR
I0000 00:00:1789322613.600263  265832 train_oblique_forest.cc:1101] Loading CSV in a single pass: benchmarks/data/SUSY_with_header.csv
I0000 00:00:1789322613.931643  265832 train_oblique_forest.cc:1108] Single-pass CSV load complete: 5000000 rows, 19 columns.
I0000 00:00:1789322613.931710  265832 train_oblique_forest.cc:1229] -1 (automatic) threads requested. 48 threads set.
I0000 00:00:1789322613.931719  265832 train_oblique_forest.cc:1304] Configuring oblique splits
I0000 00:00:1789322613.931721  265832 train_oblique_forest.cc:1313] dynamic_split_threshold = 10100 (from flag)
I0000 00:00:1789322613.931723  265832 train_oblique_forest.cc:1398] Using Dynamic Random Histogram with 256 samples
I0000 00:00:1789322613.931732  265832 train_oblique_forest.cc:1428] train_oblique_forest wall-time - Loading/Init (pre-train): 0.331497s
I0000 00:00:1789322613.931789  265832 abstract_learner.cc:171] No input feature explicitly specified. Using all the available input features.
I0000 00:00:1789322613.931792  265832 abstract_learner.cc:185] The label "class" was removed from the input feature set.
I0000 00:00:1789322613.931802  265832 random_forest.cc:534] Training random forest on 5000000 example(s) and 18 feature(s).
I0000 00:00:1789322613.931813  265832 gpu.cc:93] Cannot initialize GPU: Not compiled with GPU support
I0000 00:00:1789322613.932391  265832 random_forest.cc:663] num_threads being used: 48
I0000 00:00:1789322635.404913  265984 random_forest.cc:881] Train tree 1/240  [index:36 total:21.47s tree:21.47s]
I0000 00:00:1789322657.267165  265990 random_forest.cc:881] Train tree 49/240  [index:62 total:43.33s tree:21.45s]
I0000 00:00:1789322679.003520  265951 random_forest.cc:881] Train tree 97/240  [index:97 total:1m5.07s tree:21.71s]
I0000 00:00:1789322700.856538  265951 random_forest.cc:881] Train tree 145/240  [index:144 total:1m26.92s tree:21.85s]
I0000 00:00:1789322722.714523  265978 random_forest.cc:881] Train tree 193/240  [index:204 total:1m48.78s tree:21.28s]
I0000 00:00:1789322724.555563  265832 random_forest.cc:899] random_forest.cc Training block took: 110.624 s
W0000 00:00:1789322724.555600  265832 random_forest.cc:1216] EXITING EARLY TO SPEED UP EXPERIMENTS!
RESULT dataset=SUSY_with_header threshold=10100 median=110.624s stddev=N/As n=1
./bazel-bin/examples/train_oblique_forest --input_mode csv --train_csv "benchmarks/data/epsilon_normalized_train.csv" --label_col "label" --num_trees=240 --dynamic_split_threshold=10100 --feature_split_type Oblique --numerical_split_type "Dynamic Random Histogram" --histogram_num_bins 256
----- Run 1/1 -----
WARNING: All log messages before absl::InitializeLog() is called are written to STDERR
I0000 00:00:1789322727.156475  266448 train_oblique_forest.cc:1101] Loading CSV in a single pass: benchmarks/data/epsilon_normalized_train.csv
I0000 00:00:1789322728.942239  266448 train_oblique_forest.cc:1108] Single-pass CSV load complete: 400000 rows, 2001 columns.
I0000 00:00:1789322728.942305  266448 train_oblique_forest.cc:1229] -1 (automatic) threads requested. 48 threads set.
I0000 00:00:1789322728.942314  266448 train_oblique_forest.cc:1304] Configuring oblique splits
I0000 00:00:1789322728.942316  266448 train_oblique_forest.cc:1313] dynamic_split_threshold = 10100 (from flag)
I0000 00:00:1789322728.942318  266448 train_oblique_forest.cc:1398] Using Dynamic Random Histogram with 256 samples
I0000 00:00:1789322728.942327  266448 train_oblique_forest.cc:1428] train_oblique_forest wall-time - Loading/Init (pre-train): 1.78588s
I0000 00:00:1789322728.942498  266448 abstract_learner.cc:171] No input feature explicitly specified. Using all the available input features.
I0000 00:00:1789322728.942507  266448 abstract_learner.cc:185] The label "label" was removed from the input feature set.
I0000 00:00:1789322728.942840  266448 random_forest.cc:534] Training random forest on 400000 example(s) and 2000 feature(s).
I0000 00:00:1789322728.942905  266448 gpu.cc:93] Cannot initialize GPU: Not compiled with GPU support
I0000 00:00:1789322728.943603  266448 random_forest.cc:663] num_threads being used: 48
I0000 00:00:1789322739.435077  266620 random_forest.cc:881] Train tree 1/240  [index:36 total:10.49s tree:10.49s]
I0000 00:00:1789322760.634075  266620 random_forest.cc:881] Train tree 97/240  [index:96 total:31.69s tree:10.64s]
I0000 00:00:1789322781.952987  266603 random_forest.cc:881] Train tree 193/240  [index:194 total:53.01s tree:10.59s]
I0000 00:00:1789322783.303764  266448 random_forest.cc:899] random_forest.cc Training block took: 54.3614 s
W0000 00:00:1789322783.303814  266448 random_forest.cc:1216] EXITING EARLY TO SPEED UP EXPERIMENTS!
RESULT dataset=epsilon_normalized_train threshold=10100 median=54.3614s stddev=N/As n=1
./bazel-bin/examples/train_oblique_forest --input_mode trunk --rows 1500000 --cols 4096 --num_trees=240 --dynamic_split_threshold=10100 --feature_split_type Oblique --numerical_split_type "Dynamic Random Histogram" --histogram_num_bins 256
----- Run 1/1 -----
WARNING: All log messages before absl::InitializeLog() is called are written to STDERR
I0000 00:00:1789322783.576405  266871 train_oblique_forest.cc:1133] Generating trunk synthetic dataset: rows=1500000, cols=4096, layout=column
I0000 00:00:1789322784.991761  266871 train_oblique_forest.cc:1229] -1 (automatic) threads requested. 48 threads set.
I0000 00:00:1789322784.991794  266871 train_oblique_forest.cc:1304] Configuring oblique splits
I0000 00:00:1789322784.991797  266871 train_oblique_forest.cc:1313] dynamic_split_threshold = 10100 (from flag)
I0000 00:00:1789322784.991800  266871 train_oblique_forest.cc:1398] Using Dynamic Random Histogram with 256 samples
I0000 00:00:1789322784.991809  266871 train_oblique_forest.cc:1428] train_oblique_forest wall-time - Loading/Init (pre-train): 1.41544s
I0000 00:00:1789322784.992109  266871 abstract_learner.cc:171] No input feature explicitly specified. Using all the available input features.
I0000 00:00:1789322784.992114  266871 abstract_learner.cc:185] The label "y" was removed from the input feature set.
I0000 00:00:1789322784.992722  266871 random_forest.cc:534] Training random forest on 1500000 example(s) and 4096 feature(s).
I0000 00:00:1789322784.992850  266871 gpu.cc:93] Cannot initialize GPU: Not compiled with GPU support
I0000 00:00:1789322784.993664  266871 random_forest.cc:663] num_threads being used: 48
I0000 00:00:1789322841.555484  266946 random_forest.cc:881] Train tree 1/240  [index:43 total:56.56s tree:56.56s]
I0000 00:00:1789322898.134629  266949 random_forest.cc:881] Train tree 49/240  [index:61 total:1m53.14s tree:54.17s]
I0000 00:00:1789322956.697279  266949 random_forest.cc:881] Train tree 97/240  [index:96 total:2m51.70s tree:58.56s]
I0000 00:00:1789323015.735519  266952 random_forest.cc:881] Train tree 145/240  [index:147 total:3m50.74s tree:57.87s]
I0000 00:00:1789323072.921403  266952 random_forest.cc:881] Train tree 193/240  [index:192 total:4m47.93s tree:57.19s]
I0000 00:00:1789323082.455143  266871 random_forest.cc:899] random_forest.cc Training block took: 297.463 s
W0000 00:00:1789323082.455179  266871 random_forest.cc:1216] EXITING EARLY TO SPEED UP EXPERIMENTS!
RESULT dataset=trunk_1500000_x_4096 threshold=10100 median=297.463s stddev=N/As n=1
./bazel-bin/examples/train_oblique_forest --input_mode trunk --rows 150000 --cols 40000 --num_trees=240 --dynamic_split_threshold=10100 --feature_split_type Oblique --numerical_split_type "Dynamic Random Histogram" --histogram_num_bins 256
----- Run 1/1 -----
WARNING: All log messages before absl::InitializeLog() is called are written to STDERR
I0000 00:00:1789323083.502877  268130 train_oblique_forest.cc:1133] Generating trunk synthetic dataset: rows=150000, cols=40000, layout=column
I0000 00:00:1789323084.857099  268130 train_oblique_forest.cc:1229] -1 (automatic) threads requested. 48 threads set.
I0000 00:00:1789323084.857134  268130 train_oblique_forest.cc:1304] Configuring oblique splits
I0000 00:00:1789323084.857136  268130 train_oblique_forest.cc:1313] dynamic_split_threshold = 10100 (from flag)
I0000 00:00:1789323084.857139  268130 train_oblique_forest.cc:1398] Using Dynamic Random Histogram with 256 samples
I0000 00:00:1789323084.857148  268130 train_oblique_forest.cc:1428] train_oblique_forest wall-time - Loading/Init (pre-train): 1.3543s
I0000 00:00:1789323084.859567  268130 abstract_learner.cc:171] No input feature explicitly specified. Using all the available input features.
I0000 00:00:1789323084.859599  268130 abstract_learner.cc:185] The label "y" was removed from the input feature set.
I0000 00:00:1789323084.865799  268130 random_forest.cc:534] Training random forest on 150000 example(s) and 40000 feature(s).
I0000 00:00:1789323084.866870  268130 gpu.cc:93] Cannot initialize GPU: Not compiled with GPU support
I0000 00:00:1789323084.869591  268130 random_forest.cc:663] num_threads being used: 48
I0000 00:00:1789323101.139157  268196 random_forest.cc:881] Train tree 1/240  [index:15 total:16.27s tree:16.27s]
I0000 00:00:1789323134.574076  268206 random_forest.cc:881] Train tree 97/240  [index:110 total:49.70s tree:15.85s]
I0000 00:00:1789323154.585079  268221 random_forest.cc:881] Train tree 192/240  [index:191 total:1m9.72s tree:17.25s]
I0000 00:00:1789323171.131524  268130 random_forest.cc:899] random_forest.cc Training block took: 86.2744 s
W0000 00:00:1789323171.131564  268130 random_forest.cc:1216] EXITING EARLY TO SPEED UP EXPERIMENTS!
RESULT dataset=trunk_150000_x_40000 threshold=10100 median=86.2744s stddev=N/As n=1
./bazel-bin/examples/train_oblique_forest --input_mode trunk --rows 15000 --cols 400000 --num_trees=240 --dynamic_split_threshold=10100 --feature_split_type Oblique --numerical_split_type "Dynamic Random Histogram" --histogram_num_bins 256
----- Run 1/1 -----
WARNING: All log messages before absl::InitializeLog() is called are written to STDERR
I0000 00:00:1789323171.768177  268576 train_oblique_forest.cc:1133] Generating trunk synthetic dataset: rows=15000, cols=400000, layout=column
I0000 00:00:1789323173.246385  268576 train_oblique_forest.cc:1229] -1 (automatic) threads requested. 48 threads set.
I0000 00:00:1789323173.246420  268576 train_oblique_forest.cc:1304] Configuring oblique splits
I0000 00:00:1789323173.246422  268576 train_oblique_forest.cc:1313] dynamic_split_threshold = 10100 (from flag)
I0000 00:00:1789323173.246425  268576 train_oblique_forest.cc:1398] Using Dynamic Random Histogram with 256 samples
I0000 00:00:1789323173.246434  268576 train_oblique_forest.cc:1428] train_oblique_forest wall-time - Loading/Init (pre-train): 1.47828s
I0000 00:00:1789323173.269783  268576 abstract_learner.cc:171] No input feature explicitly specified. Using all the available input features.
I0000 00:00:1789323173.270055  268576 abstract_learner.cc:185] The label "y" was removed from the input feature set.
I0000 00:00:1789323173.334604  268576 random_forest.cc:534] Training random forest on 15000 example(s) and 400000 feature(s).
I0000 00:00:1789323173.345033  268576 gpu.cc:93] Cannot initialize GPU: Not compiled with GPU support
I0000 00:00:1789323173.367078  268576 random_forest.cc:663] num_threads being used: 48
I0000 00:00:1789323178.064019  268663 random_forest.cc:881] Train tree 1/240  [index:42 total:4.70s tree:4.69s]
I0000 00:00:1789323198.069895  268671 random_forest.cc:881] Train tree 198/240  [index:194 total:24.70s tree:5.17s]
I0000 00:00:1789323199.478047  268576 random_forest.cc:899] random_forest.cc Training block took: 26.2316 s
W0000 00:00:1789323199.478084  268576 random_forest.cc:1216] EXITING EARLY TO SPEED UP EXPERIMENTS!
RESULT dataset=trunk_15000_x_400000 threshold=10100 median=26.2316s stddev=N/As n=1
