==== PROVENANCE ====
date_utc: 2026-09-13T18:17:28Z
git_sha: 443c21eb
git_branch: rebased-main
machine: Intel(R) Xeon(R) Platinum 8488C (nproc=48)
machine_serial: ec2d65b4-2555-44a5-d802-ecaea08b3ad7
compiler: Intel(R) oneAPI DPC++/C++ Compiler 2025.2.1 (2025.2.0.20250806)
EXTRA_BAZEL_CONFIGS: <none>
EXTRA_TRAIN_ARGS: --feature_split_type Oblique --numerical_split_type "Dynamic Random Histogram" --histogram_num_bins 256
NUM_TREES_DIVISOR: 1
NUM_TREES: 240  NUM_RUNS: 1
DYNAMIC_SPLIT_THRESHOLDS: 400 600 800 1000 1200 1400 1600
====================


======== DYNAMIC THRESHOLD SWEEP  configs: <none>  args: --feature_split_type Oblique --numerical_split_type "Dynamic Random Histogram" --histogram_num_bins 256 ========



======== Threshold 400 ========

./bazel-bin/examples/train_oblique_forest --input_mode csv --train_csv "benchmarks/data/HIGGS_with_header.csv" --label_col "class" --num_trees=240 --dynamic_split_threshold=400 --feature_split_type Oblique --numerical_split_type "Dynamic Random Histogram" --histogram_num_bins 256
----- Run 1/1 -----
WARNING: All log messages before absl::InitializeLog() is called are written to STDERR
I0000 00:00:1789323448.567159  274224 train_oblique_forest.cc:1101] Loading CSV in a single pass: benchmarks/data/HIGGS_with_header.csv
I0000 00:00:1789323449.456557  274224 train_oblique_forest.cc:1108] Single-pass CSV load complete: 11000000 rows, 29 columns.
I0000 00:00:1789323449.456621  274224 train_oblique_forest.cc:1229] -1 (automatic) threads requested. 48 threads set.
I0000 00:00:1789323449.456632  274224 train_oblique_forest.cc:1304] Configuring oblique splits
I0000 00:00:1789323449.456634  274224 train_oblique_forest.cc:1313] dynamic_split_threshold = 400 (from flag)
I0000 00:00:1789323449.456636  274224 train_oblique_forest.cc:1398] Using Dynamic Random Histogram with 256 samples
I0000 00:00:1789323449.456645  274224 train_oblique_forest.cc:1428] train_oblique_forest wall-time - Loading/Init (pre-train): 0.889513s
I0000 00:00:1789323449.456700  274224 abstract_learner.cc:171] No input feature explicitly specified. Using all the available input features.
I0000 00:00:1789323449.456702  274224 abstract_learner.cc:185] The label "class" was removed from the input feature set.
I0000 00:00:1789323449.456714  274224 random_forest.cc:534] Training random forest on 11000000 example(s) and 28 feature(s).
I0000 00:00:1789323449.456725  274224 gpu.cc:93] Cannot initialize GPU: Not compiled with GPU support
I0000 00:00:1789323449.457298  274224 random_forest.cc:663] num_threads being used: 48
I0000 00:00:1789323510.552604  274384 random_forest.cc:881] Train tree 1/240  [index:32 total:1m1.10s tree:1m1.09s]
I0000 00:00:1789323572.483900  274384 random_forest.cc:881] Train tree 49/240  [index:48 total:2m3.03s tree:1m1.93s]
I0000 00:00:1789323635.081302  274363 random_forest.cc:881] Train tree 97/240  [index:105 total:3m5.62s tree:1m1.65s]
I0000 00:00:1789323697.687377  274391 random_forest.cc:881] Train tree 145/240  [index:147 total:4m8.23s tree:1m2.22s]
I0000 00:00:1789323760.526201  274391 random_forest.cc:881] Train tree 193/240  [index:192 total:5m11.07s tree:1m2.84s]
I0000 00:00:1789323765.985342  274224 random_forest.cc:899] random_forest.cc Training block took: 316.529 s
W0000 00:00:1789323765.985388  274224 random_forest.cc:1216] EXITING EARLY TO SPEED UP EXPERIMENTS!
RESULT dataset=HIGGS_with_header threshold=400 median=316.529s stddev=N/As n=1
./bazel-bin/examples/train_oblique_forest --input_mode csv --train_csv "benchmarks/data/SUSY_with_header.csv" --label_col "class" --num_trees=240 --dynamic_split_threshold=400 --feature_split_type Oblique --numerical_split_type "Dynamic Random Histogram" --histogram_num_bins 256
----- Run 1/1 -----
WARNING: All log messages before absl::InitializeLog() is called are written to STDERR
I0000 00:00:1789323772.396497  275674 train_oblique_forest.cc:1101] Loading CSV in a single pass: benchmarks/data/SUSY_with_header.csv
I0000 00:00:1789323772.725959  275674 train_oblique_forest.cc:1108] Single-pass CSV load complete: 5000000 rows, 19 columns.
I0000 00:00:1789323772.726032  275674 train_oblique_forest.cc:1229] -1 (automatic) threads requested. 48 threads set.
I0000 00:00:1789323772.726042  275674 train_oblique_forest.cc:1304] Configuring oblique splits
I0000 00:00:1789323772.726044  275674 train_oblique_forest.cc:1313] dynamic_split_threshold = 400 (from flag)
I0000 00:00:1789323772.726046  275674 train_oblique_forest.cc:1398] Using Dynamic Random Histogram with 256 samples
I0000 00:00:1789323772.726055  275674 train_oblique_forest.cc:1428] train_oblique_forest wall-time - Loading/Init (pre-train): 0.329587s
I0000 00:00:1789323772.726114  275674 abstract_learner.cc:171] No input feature explicitly specified. Using all the available input features.
I0000 00:00:1789323772.726115  275674 abstract_learner.cc:185] The label "class" was removed from the input feature set.
I0000 00:00:1789323772.726126  275674 random_forest.cc:534] Training random forest on 5000000 example(s) and 18 feature(s).
I0000 00:00:1789323772.726139  275674 gpu.cc:93] Cannot initialize GPU: Not compiled with GPU support
I0000 00:00:1789323772.726719  275674 random_forest.cc:663] num_threads being used: 48
I0000 00:00:1789323793.494029  275803 random_forest.cc:881] Train tree 1/240  [index:26 total:20.77s tree:20.77s]
I0000 00:00:1789323814.333396  275815 random_forest.cc:881] Train tree 49/240  [index:49 total:41.61s tree:20.84s]
I0000 00:00:1789323835.501833  275824 random_forest.cc:881] Train tree 97/240  [index:97 total:1m2.78s tree:21.11s]
I0000 00:00:1789323856.238568  275806 random_forest.cc:881] Train tree 145/240  [index:145 total:1m23.51s tree:20.71s]
I0000 00:00:1789323877.533724  275806 random_forest.cc:881] Train tree 193/240  [index:192 total:1m44.81s tree:21.30s]
I0000 00:00:1789323879.648398  275674 random_forest.cc:899] random_forest.cc Training block took: 106.922 s
W0000 00:00:1789323879.648435  275674 random_forest.cc:1216] EXITING EARLY TO SPEED UP EXPERIMENTS!
RESULT dataset=SUSY_with_header threshold=400 median=106.922s stddev=N/As n=1
./bazel-bin/examples/train_oblique_forest --input_mode csv --train_csv "benchmarks/data/epsilon_normalized_train.csv" --label_col "label" --num_trees=240 --dynamic_split_threshold=400 --feature_split_type Oblique --numerical_split_type "Dynamic Random Histogram" --histogram_num_bins 256
----- Run 1/1 -----
WARNING: All log messages before absl::InitializeLog() is called are written to STDERR
I0000 00:00:1789323882.319802  276274 train_oblique_forest.cc:1101] Loading CSV in a single pass: benchmarks/data/epsilon_normalized_train.csv
I0000 00:00:1789323884.086593  276274 train_oblique_forest.cc:1108] Single-pass CSV load complete: 400000 rows, 2001 columns.
I0000 00:00:1789323884.086663  276274 train_oblique_forest.cc:1229] -1 (automatic) threads requested. 48 threads set.
I0000 00:00:1789323884.086672  276274 train_oblique_forest.cc:1304] Configuring oblique splits
I0000 00:00:1789323884.086674  276274 train_oblique_forest.cc:1313] dynamic_split_threshold = 400 (from flag)
I0000 00:00:1789323884.086676  276274 train_oblique_forest.cc:1398] Using Dynamic Random Histogram with 256 samples
I0000 00:00:1789323884.086685  276274 train_oblique_forest.cc:1428] train_oblique_forest wall-time - Loading/Init (pre-train): 1.76691s
I0000 00:00:1789323884.086850  276274 abstract_learner.cc:171] No input feature explicitly specified. Using all the available input features.
I0000 00:00:1789323884.086857  276274 abstract_learner.cc:185] The label "label" was removed from the input feature set.
I0000 00:00:1789323884.087193  276274 random_forest.cc:534] Training random forest on 400000 example(s) and 2000 feature(s).
I0000 00:00:1789323884.087257  276274 gpu.cc:93] Cannot initialize GPU: Not compiled with GPU support
I0000 00:00:1789323884.087954  276274 random_forest.cc:663] num_threads being used: 48
I0000 00:00:1789323894.316562  276448 random_forest.cc:881] Train tree 1/240  [index:33 total:10.23s tree:10.22s]
I0000 00:00:1789323914.824189  276448 random_forest.cc:881] Train tree 97/240  [index:96 total:30.74s tree:10.22s]
I0000 00:00:1789323935.445391  276448 random_forest.cc:881] Train tree 193/240  [index:192 total:51.36s tree:10.34s]
I0000 00:00:1789323936.836040  276274 random_forest.cc:899] random_forest.cc Training block took: 52.7493 s
W0000 00:00:1789323936.836090  276274 random_forest.cc:1216] EXITING EARLY TO SPEED UP EXPERIMENTS!
RESULT dataset=epsilon_normalized_train threshold=400 median=52.7493s stddev=N/As n=1
./bazel-bin/examples/train_oblique_forest --input_mode trunk --rows 1500000 --cols 4096 --num_trees=240 --dynamic_split_threshold=400 --feature_split_type Oblique --numerical_split_type "Dynamic Random Histogram" --histogram_num_bins 256
----- Run 1/1 -----
WARNING: All log messages before absl::InitializeLog() is called are written to STDERR
I0000 00:00:1789323937.115036  276701 train_oblique_forest.cc:1133] Generating trunk synthetic dataset: rows=1500000, cols=4096, layout=column
I0000 00:00:1789323938.493850  276701 train_oblique_forest.cc:1229] -1 (automatic) threads requested. 48 threads set.
I0000 00:00:1789323938.493887  276701 train_oblique_forest.cc:1304] Configuring oblique splits
I0000 00:00:1789323938.493891  276701 train_oblique_forest.cc:1313] dynamic_split_threshold = 400 (from flag)
I0000 00:00:1789323938.493895  276701 train_oblique_forest.cc:1398] Using Dynamic Random Histogram with 256 samples
I0000 00:00:1789323938.493905  276701 train_oblique_forest.cc:1428] train_oblique_forest wall-time - Loading/Init (pre-train): 1.3789s
I0000 00:00:1789323938.494261  276701 abstract_learner.cc:171] No input feature explicitly specified. Using all the available input features.
I0000 00:00:1789323938.494267  276701 abstract_learner.cc:185] The label "y" was removed from the input feature set.
I0000 00:00:1789323938.494971  276701 random_forest.cc:534] Training random forest on 1500000 example(s) and 4096 feature(s).
I0000 00:00:1789323938.495113  276701 gpu.cc:93] Cannot initialize GPU: Not compiled with GPU support
I0000 00:00:1789323938.496068  276701 random_forest.cc:663] num_threads being used: 48
I0000 00:00:1789323993.596727  276800 random_forest.cc:881] Train tree 1/240  [index:43 total:55.10s tree:55.10s]
I0000 00:00:1789324046.882860  276766 random_forest.cc:881] Train tree 49/240  [index:76 total:1m48.39s tree:50.71s]
I0000 00:00:1789324104.818475  276782 random_forest.cc:881] Train tree 97/240  [index:119 total:2m46.32s tree:52.36s]
I0000 00:00:1789324161.609570  276782 random_forest.cc:881] Train tree 145/240  [index:144 total:3m43.11s tree:56.79s]
I0000 00:00:1789324215.546768  276782 random_forest.cc:881] Train tree 193/240  [index:192 total:4m37.05s tree:53.94s]
I0000 00:00:1789324228.561864  276701 random_forest.cc:899] random_forest.cc Training block took: 290.068 s
W0000 00:00:1789324228.561904  276701 random_forest.cc:1216] EXITING EARLY TO SPEED UP EXPERIMENTS!
RESULT dataset=trunk_1500000_x_4096 threshold=400 median=290.068s stddev=N/As n=1
./bazel-bin/examples/train_oblique_forest --input_mode trunk --rows 150000 --cols 40000 --num_trees=240 --dynamic_split_threshold=400 --feature_split_type Oblique --numerical_split_type "Dynamic Random Histogram" --histogram_num_bins 256
----- Run 1/1 -----
WARNING: All log messages before absl::InitializeLog() is called are written to STDERR
I0000 00:00:1789324229.620178  277936 train_oblique_forest.cc:1133] Generating trunk synthetic dataset: rows=150000, cols=40000, layout=column
I0000 00:00:1789324230.972065  277936 train_oblique_forest.cc:1229] -1 (automatic) threads requested. 48 threads set.
I0000 00:00:1789324230.972100  277936 train_oblique_forest.cc:1304] Configuring oblique splits
I0000 00:00:1789324230.972102  277936 train_oblique_forest.cc:1313] dynamic_split_threshold = 400 (from flag)
I0000 00:00:1789324230.972106  277936 train_oblique_forest.cc:1398] Using Dynamic Random Histogram with 256 samples
I0000 00:00:1789324230.972115  277936 train_oblique_forest.cc:1428] train_oblique_forest wall-time - Loading/Init (pre-train): 1.35196s
I0000 00:00:1789324230.974511  277936 abstract_learner.cc:171] No input feature explicitly specified. Using all the available input features.
I0000 00:00:1789324230.974542  277936 abstract_learner.cc:185] The label "y" was removed from the input feature set.
I0000 00:00:1789324230.980790  277936 random_forest.cc:534] Training random forest on 150000 example(s) and 40000 feature(s).
I0000 00:00:1789324230.981863  277936 gpu.cc:93] Cannot initialize GPU: Not compiled with GPU support
I0000 00:00:1789324230.984538  277936 random_forest.cc:663] num_threads being used: 48
I0000 00:00:1789324246.284474  278005 random_forest.cc:881] Train tree 1/240  [index:23 total:15.30s tree:15.30s]
I0000 00:00:1789324278.882806  278030 random_forest.cc:881] Train tree 97/240  [index:110 total:47.90s tree:15.05s]
I0000 00:00:1789324311.557925  278030 random_forest.cc:881] Train tree 193/240  [index:192 total:1m20.57s tree:16.45s]
I0000 00:00:1789324314.507798  277936 random_forest.cc:899] random_forest.cc Training block took: 83.5357 s
W0000 00:00:1789324314.507837  277936 random_forest.cc:1216] EXITING EARLY TO SPEED UP EXPERIMENTS!
RESULT dataset=trunk_150000_x_40000 threshold=400 median=83.5357s stddev=N/As n=1
./bazel-bin/examples/train_oblique_forest --input_mode trunk --rows 15000 --cols 400000 --num_trees=240 --dynamic_split_threshold=400 --feature_split_type Oblique --numerical_split_type "Dynamic Random Histogram" --histogram_num_bins 256
----- Run 1/1 -----
WARNING: All log messages before absl::InitializeLog() is called are written to STDERR
I0000 00:00:1789324315.151128  278379 train_oblique_forest.cc:1133] Generating trunk synthetic dataset: rows=15000, cols=400000, layout=column
I0000 00:00:1789324316.646354  278379 train_oblique_forest.cc:1229] -1 (automatic) threads requested. 48 threads set.
I0000 00:00:1789324316.646395  278379 train_oblique_forest.cc:1304] Configuring oblique splits
I0000 00:00:1789324316.646398  278379 train_oblique_forest.cc:1313] dynamic_split_threshold = 400 (from flag)
I0000 00:00:1789324316.646401  278379 train_oblique_forest.cc:1398] Using Dynamic Random Histogram with 256 samples
I0000 00:00:1789324316.646411  278379 train_oblique_forest.cc:1428] train_oblique_forest wall-time - Loading/Init (pre-train): 1.49531s
I0000 00:00:1789324316.670047  278379 abstract_learner.cc:171] No input feature explicitly specified. Using all the available input features.
I0000 00:00:1789324316.670318  278379 abstract_learner.cc:185] The label "y" was removed from the input feature set.
I0000 00:00:1789324316.734493  278379 random_forest.cc:534] Training random forest on 15000 example(s) and 400000 feature(s).
I0000 00:00:1789324316.744557  278379 gpu.cc:93] Cannot initialize GPU: Not compiled with GPU support
I0000 00:00:1789324316.765929  278379 random_forest.cc:663] num_threads being used: 48
I0000 00:00:1789324321.241600  278440 random_forest.cc:881] Train tree 1/240  [index:4 total:4.48s tree:4.47s]
I0000 00:00:1789324341.305416  278482 random_forest.cc:881] Train tree 239/240  [index:238 total:24.54s tree:4.78s]
I0000 00:00:1789324341.342820  278379 random_forest.cc:899] random_forest.cc Training block took: 24.6964 s
W0000 00:00:1789324341.342850  278379 random_forest.cc:1216] EXITING EARLY TO SPEED UP EXPERIMENTS!
RESULT dataset=trunk_15000_x_400000 threshold=400 median=24.6964s stddev=N/As n=1


======== Threshold 600 ========

./bazel-bin/examples/train_oblique_forest --input_mode csv --train_csv "benchmarks/data/HIGGS_with_header.csv" --label_col "class" --num_trees=240 --dynamic_split_threshold=600 --feature_split_type Oblique --numerical_split_type "Dynamic Random Histogram" --histogram_num_bins 256
----- Run 1/1 -----
WARNING: All log messages before absl::InitializeLog() is called are written to STDERR
I0000 00:00:1789324341.967432  278603 train_oblique_forest.cc:1101] Loading CSV in a single pass: benchmarks/data/HIGGS_with_header.csv
I0000 00:00:1789324342.851561  278603 train_oblique_forest.cc:1108] Single-pass CSV load complete: 11000000 rows, 29 columns.
I0000 00:00:1789324342.851640  278603 train_oblique_forest.cc:1229] -1 (automatic) threads requested. 48 threads set.
I0000 00:00:1789324342.851649  278603 train_oblique_forest.cc:1304] Configuring oblique splits
I0000 00:00:1789324342.851651  278603 train_oblique_forest.cc:1313] dynamic_split_threshold = 600 (from flag)
I0000 00:00:1789324342.851654  278603 train_oblique_forest.cc:1398] Using Dynamic Random Histogram with 256 samples
I0000 00:00:1789324342.851663  278603 train_oblique_forest.cc:1428] train_oblique_forest wall-time - Loading/Init (pre-train): 0.884259s
I0000 00:00:1789324342.851725  278603 abstract_learner.cc:171] No input feature explicitly specified. Using all the available input features.
I0000 00:00:1789324342.851727  278603 abstract_learner.cc:185] The label "class" was removed from the input feature set.
I0000 00:00:1789324342.851739  278603 random_forest.cc:534] Training random forest on 11000000 example(s) and 28 feature(s).
I0000 00:00:1789324342.851752  278603 gpu.cc:93] Cannot initialize GPU: Not compiled with GPU support
I0000 00:00:1789324342.852328  278603 random_forest.cc:663] num_threads being used: 48
I0000 00:00:1789324404.058225  278753 random_forest.cc:881] Train tree 1/240  [index:6 total:1m1.21s tree:1m1.20s]
I0000 00:00:1789324466.093748  278753 random_forest.cc:881] Train tree 49/240  [index:48 total:2m3.24s tree:1m2.03s]
I0000 00:00:1789324528.132804  278753 random_forest.cc:881] Train tree 97/240  [index:96 total:3m5.28s tree:1m2.04s]
I0000 00:00:1789324590.522770  278759 random_forest.cc:881] Train tree 145/240  [index:157 total:4m7.67s tree:1m1.10s]
I0000 00:00:1789324653.081132  278759 random_forest.cc:881] Train tree 193/240  [index:192 total:5m10.23s tree:1m2.56s]
I0000 00:00:1789324658.900758  278603 random_forest.cc:899] random_forest.cc Training block took: 316.049 s
W0000 00:00:1789324658.900793  278603 random_forest.cc:1216] EXITING EARLY TO SPEED UP EXPERIMENTS!
RESULT dataset=HIGGS_with_header threshold=600 median=316.049s stddev=N/As n=1
./bazel-bin/examples/train_oblique_forest --input_mode csv --train_csv "benchmarks/data/SUSY_with_header.csv" --label_col "class" --num_trees=240 --dynamic_split_threshold=600 --feature_split_type Oblique --numerical_split_type "Dynamic Random Histogram" --histogram_num_bins 256
----- Run 1/1 -----
WARNING: All log messages before absl::InitializeLog() is called are written to STDERR
I0000 00:00:1789324665.268223  280032 train_oblique_forest.cc:1101] Loading CSV in a single pass: benchmarks/data/SUSY_with_header.csv
I0000 00:00:1789324665.599596  280032 train_oblique_forest.cc:1108] Single-pass CSV load complete: 5000000 rows, 19 columns.
I0000 00:00:1789324665.599666  280032 train_oblique_forest.cc:1229] -1 (automatic) threads requested. 48 threads set.
I0000 00:00:1789324665.599676  280032 train_oblique_forest.cc:1304] Configuring oblique splits
I0000 00:00:1789324665.599677  280032 train_oblique_forest.cc:1313] dynamic_split_threshold = 600 (from flag)
I0000 00:00:1789324665.599679  280032 train_oblique_forest.cc:1398] Using Dynamic Random Histogram with 256 samples
I0000 00:00:1789324665.599688  280032 train_oblique_forest.cc:1428] train_oblique_forest wall-time - Loading/Init (pre-train): 0.331491s
I0000 00:00:1789324665.599747  280032 abstract_learner.cc:171] No input feature explicitly specified. Using all the available input features.
I0000 00:00:1789324665.599749  280032 abstract_learner.cc:185] The label "class" was removed from the input feature set.
I0000 00:00:1789324665.599760  280032 random_forest.cc:534] Training random forest on 5000000 example(s) and 18 feature(s).
I0000 00:00:1789324665.599773  280032 gpu.cc:93] Cannot initialize GPU: Not compiled with GPU support
I0000 00:00:1789324665.600351  280032 random_forest.cc:663] num_threads being used: 48
I0000 00:00:1789324686.140515  280188 random_forest.cc:881] Train tree 1/240  [index:33 total:20.54s tree:20.54s]
I0000 00:00:1789324706.971784  280188 random_forest.cc:881] Train tree 49/240  [index:48 total:41.37s tree:20.83s]
I0000 00:00:1789324727.620737  280150 random_forest.cc:881] Train tree 97/240  [index:100 total:1m2.02s tree:20.45s]
I0000 00:00:1789324749.006757  280161 random_forest.cc:881] Train tree 145/240  [index:145 total:1m23.41s tree:21.06s]
I0000 00:00:1789324769.936560  280158 random_forest.cc:881] Train tree 193/240  [index:194 total:1m44.34s tree:20.86s]
I0000 00:00:1789324771.857808  280032 random_forest.cc:899] random_forest.cc Training block took: 106.258 s
W0000 00:00:1789324771.857843  280032 random_forest.cc:1216] EXITING EARLY TO SPEED UP EXPERIMENTS!
RESULT dataset=SUSY_with_header threshold=600 median=106.258s stddev=N/As n=1
./bazel-bin/examples/train_oblique_forest --input_mode csv --train_csv "benchmarks/data/epsilon_normalized_train.csv" --label_col "label" --num_trees=240 --dynamic_split_threshold=600 --feature_split_type Oblique --numerical_split_type "Dynamic Random Histogram" --histogram_num_bins 256
----- Run 1/1 -----
WARNING: All log messages before absl::InitializeLog() is called are written to STDERR
I0000 00:00:1789324774.521215  280632 train_oblique_forest.cc:1101] Loading CSV in a single pass: benchmarks/data/epsilon_normalized_train.csv
I0000 00:00:1789324776.267569  280632 train_oblique_forest.cc:1108] Single-pass CSV load complete: 400000 rows, 2001 columns.
I0000 00:00:1789324776.267636  280632 train_oblique_forest.cc:1229] -1 (automatic) threads requested. 48 threads set.
I0000 00:00:1789324776.267646  280632 train_oblique_forest.cc:1304] Configuring oblique splits
I0000 00:00:1789324776.267647  280632 train_oblique_forest.cc:1313] dynamic_split_threshold = 600 (from flag)
I0000 00:00:1789324776.267649  280632 train_oblique_forest.cc:1398] Using Dynamic Random Histogram with 256 samples
I0000 00:00:1789324776.267658  280632 train_oblique_forest.cc:1428] train_oblique_forest wall-time - Loading/Init (pre-train): 1.74647s
I0000 00:00:1789324776.267825  280632 abstract_learner.cc:171] No input feature explicitly specified. Using all the available input features.
I0000 00:00:1789324776.267835  280632 abstract_learner.cc:185] The label "label" was removed from the input feature set.
I0000 00:00:1789324776.268172  280632 random_forest.cc:534] Training random forest on 400000 example(s) and 2000 feature(s).
I0000 00:00:1789324776.268237  280632 gpu.cc:93] Cannot initialize GPU: Not compiled with GPU support
I0000 00:00:1789324776.268940  280632 random_forest.cc:663] num_threads being used: 48
I0000 00:00:1789324786.434489  280810 random_forest.cc:881] Train tree 1/240  [index:26 total:10.17s tree:10.16s]
I0000 00:00:1789324806.902431  280825 random_forest.cc:881] Train tree 97/240  [index:96 total:30.63s tree:10.26s]
I0000 00:00:1789324827.304273  280800 random_forest.cc:881] Train tree 193/240  [index:193 total:51.04s tree:10.15s]
I0000 00:00:1789324828.495559  280632 random_forest.cc:899] random_forest.cc Training block took: 52.2279 s
W0000 00:00:1789324828.495602  280632 random_forest.cc:1216] EXITING EARLY TO SPEED UP EXPERIMENTS!
RESULT dataset=epsilon_normalized_train threshold=600 median=52.2279s stddev=N/As n=1
./bazel-bin/examples/train_oblique_forest --input_mode trunk --rows 1500000 --cols 4096 --num_trees=240 --dynamic_split_threshold=600 --feature_split_type Oblique --numerical_split_type "Dynamic Random Histogram" --histogram_num_bins 256
----- Run 1/1 -----
WARNING: All log messages before absl::InitializeLog() is called are written to STDERR
I0000 00:00:1789324828.776396  281057 train_oblique_forest.cc:1133] Generating trunk synthetic dataset: rows=1500000, cols=4096, layout=column
I0000 00:00:1789324830.160209  281057 train_oblique_forest.cc:1229] -1 (automatic) threads requested. 48 threads set.
I0000 00:00:1789324830.160246  281057 train_oblique_forest.cc:1304] Configuring oblique splits
I0000 00:00:1789324830.160248  281057 train_oblique_forest.cc:1313] dynamic_split_threshold = 600 (from flag)
I0000 00:00:1789324830.160252  281057 train_oblique_forest.cc:1398] Using Dynamic Random Histogram with 256 samples
I0000 00:00:1789324830.160262  281057 train_oblique_forest.cc:1428] train_oblique_forest wall-time - Loading/Init (pre-train): 1.3839s
I0000 00:00:1789324830.160619  281057 abstract_learner.cc:171] No input feature explicitly specified. Using all the available input features.
I0000 00:00:1789324830.160626  281057 abstract_learner.cc:185] The label "y" was removed from the input feature set.
I0000 00:00:1789324830.161325  281057 random_forest.cc:534] Training random forest on 1500000 example(s) and 4096 feature(s).
I0000 00:00:1789324830.161473  281057 gpu.cc:93] Cannot initialize GPU: Not compiled with GPU support
I0000 00:00:1789324830.162410  281057 random_forest.cc:663] num_threads being used: 48
I0000 00:00:1789324884.948826  281147 random_forest.cc:881] Train tree 1/240  [index:40 total:54.79s tree:54.78s]
I0000 00:00:1789324938.203952  281139 random_forest.cc:881] Train tree 49/240  [index:89 total:1m48.04s tree:50.31s]
I0000 00:00:1789324995.052136  281111 random_forest.cc:881] Train tree 97/240  [index:119 total:2m44.89s tree:51.40s]
I0000 00:00:1789325051.465517  281114 random_forest.cc:881] Train tree 145/240  [index:147 total:3m41.30s tree:55.81s]
I0000 00:00:1789325106.900100  281114 random_forest.cc:881] Train tree 193/240  [index:192 total:4m36.74s tree:55.43s]
I0000 00:00:1789325117.129666  281057 random_forest.cc:899] random_forest.cc Training block took: 286.969 s
W0000 00:00:1789325117.129706  281057 random_forest.cc:1216] EXITING EARLY TO SPEED UP EXPERIMENTS!
RESULT dataset=trunk_1500000_x_4096 threshold=600 median=286.969s stddev=N/As n=1
./bazel-bin/examples/train_oblique_forest --input_mode trunk --rows 150000 --cols 40000 --num_trees=240 --dynamic_split_threshold=600 --feature_split_type Oblique --numerical_split_type "Dynamic Random Histogram" --histogram_num_bins 256
----- Run 1/1 -----
WARNING: All log messages before absl::InitializeLog() is called are written to STDERR
I0000 00:00:1789325118.200152  282271 train_oblique_forest.cc:1133] Generating trunk synthetic dataset: rows=150000, cols=40000, layout=column
I0000 00:00:1789325119.558024  282271 train_oblique_forest.cc:1229] -1 (automatic) threads requested. 48 threads set.
I0000 00:00:1789325119.558059  282271 train_oblique_forest.cc:1304] Configuring oblique splits
I0000 00:00:1789325119.558061  282271 train_oblique_forest.cc:1313] dynamic_split_threshold = 600 (from flag)
I0000 00:00:1789325119.558064  282271 train_oblique_forest.cc:1398] Using Dynamic Random Histogram with 256 samples
I0000 00:00:1789325119.558074  282271 train_oblique_forest.cc:1428] train_oblique_forest wall-time - Loading/Init (pre-train): 1.35795s
I0000 00:00:1789325119.560413  282271 abstract_learner.cc:171] No input feature explicitly specified. Using all the available input features.
I0000 00:00:1789325119.560445  282271 abstract_learner.cc:185] The label "y" was removed from the input feature set.
I0000 00:00:1789325119.566524  282271 random_forest.cc:534] Training random forest on 150000 example(s) and 40000 feature(s).
I0000 00:00:1789325119.567523  282271 gpu.cc:93] Cannot initialize GPU: Not compiled with GPU support
I0000 00:00:1789325119.570165  282271 random_forest.cc:663] num_threads being used: 48
I0000 00:00:1789325135.172769  282350 random_forest.cc:881] Train tree 1/240  [index:26 total:15.60s tree:15.60s]
I0000 00:00:1789325167.090719  282328 random_forest.cc:881] Train tree 97/240  [index:108 total:47.52s tree:15.19s]
I0000 00:00:1789325199.528937  282328 random_forest.cc:881] Train tree 193/240  [index:194 total:1m19.96s tree:15.92s]
I0000 00:00:1789325202.810804  282271 random_forest.cc:899] random_forest.cc Training block took: 83.2527 s
W0000 00:00:1789325202.810846  282271 random_forest.cc:1216] EXITING EARLY TO SPEED UP EXPERIMENTS!
RESULT dataset=trunk_150000_x_40000 threshold=600 median=83.2527s stddev=N/As n=1
./bazel-bin/examples/train_oblique_forest --input_mode trunk --rows 15000 --cols 400000 --num_trees=240 --dynamic_split_threshold=600 --feature_split_type Oblique --numerical_split_type "Dynamic Random Histogram" --histogram_num_bins 256
----- Run 1/1 -----
WARNING: All log messages before absl::InitializeLog() is called are written to STDERR
I0000 00:00:1789325203.455268  282712 train_oblique_forest.cc:1133] Generating trunk synthetic dataset: rows=15000, cols=400000, layout=column
I0000 00:00:1789325204.934771  282712 train_oblique_forest.cc:1229] -1 (automatic) threads requested. 48 threads set.
I0000 00:00:1789325204.934804  282712 train_oblique_forest.cc:1304] Configuring oblique splits
I0000 00:00:1789325204.934807  282712 train_oblique_forest.cc:1313] dynamic_split_threshold = 600 (from flag)
I0000 00:00:1789325204.934810  282712 train_oblique_forest.cc:1398] Using Dynamic Random Histogram with 256 samples
I0000 00:00:1789325204.934819  282712 train_oblique_forest.cc:1428] train_oblique_forest wall-time - Loading/Init (pre-train): 1.47958s
I0000 00:00:1789325204.957904  282712 abstract_learner.cc:171] No input feature explicitly specified. Using all the available input features.
I0000 00:00:1789325204.958175  282712 abstract_learner.cc:185] The label "y" was removed from the input feature set.
I0000 00:00:1789325205.022360  282712 random_forest.cc:534] Training random forest on 15000 example(s) and 400000 feature(s).
I0000 00:00:1789325205.032646  282712 gpu.cc:93] Cannot initialize GPU: Not compiled with GPU support
I0000 00:00:1789325205.054073  282712 random_forest.cc:663] num_threads being used: 48
I0000 00:00:1789325209.536388  282793 random_forest.cc:881] Train tree 1/240  [index:4 total:4.48s tree:4.48s]
I0000 00:00:1789325229.409942  282712 random_forest.cc:899] random_forest.cc Training block took: 24.4751 s
W0000 00:00:1789325229.409981  282712 random_forest.cc:1216] EXITING EARLY TO SPEED UP EXPERIMENTS!
RESULT dataset=trunk_15000_x_400000 threshold=600 median=24.4751s stddev=N/As n=1


======== Threshold 800 ========

./bazel-bin/examples/train_oblique_forest --input_mode csv --train_csv "benchmarks/data/HIGGS_with_header.csv" --label_col "class" --num_trees=240 --dynamic_split_threshold=800 --feature_split_type Oblique --numerical_split_type "Dynamic Random Histogram" --histogram_num_bins 256
----- Run 1/1 -----
WARNING: All log messages before absl::InitializeLog() is called are written to STDERR
I0000 00:00:1789325230.039571  282940 train_oblique_forest.cc:1101] Loading CSV in a single pass: benchmarks/data/HIGGS_with_header.csv
I0000 00:00:1789325230.924614  282940 train_oblique_forest.cc:1108] Single-pass CSV load complete: 11000000 rows, 29 columns.
I0000 00:00:1789325230.924691  282940 train_oblique_forest.cc:1229] -1 (automatic) threads requested. 48 threads set.
I0000 00:00:1789325230.924702  282940 train_oblique_forest.cc:1304] Configuring oblique splits
I0000 00:00:1789325230.924703  282940 train_oblique_forest.cc:1313] dynamic_split_threshold = 800 (from flag)
I0000 00:00:1789325230.924705  282940 train_oblique_forest.cc:1398] Using Dynamic Random Histogram with 256 samples
I0000 00:00:1789325230.924715  282940 train_oblique_forest.cc:1428] train_oblique_forest wall-time - Loading/Init (pre-train): 0.885168s
I0000 00:00:1789325230.924777  282940 abstract_learner.cc:171] No input feature explicitly specified. Using all the available input features.
I0000 00:00:1789325230.924779  282940 abstract_learner.cc:185] The label "class" was removed from the input feature set.
I0000 00:00:1789325230.924791  282940 random_forest.cc:534] Training random forest on 11000000 example(s) and 28 feature(s).
I0000 00:00:1789325230.924803  282940 gpu.cc:93] Cannot initialize GPU: Not compiled with GPU support
I0000 00:00:1789325230.925375  282940 random_forest.cc:663] num_threads being used: 48
I0000 00:00:1789325292.442546  283108 random_forest.cc:881] Train tree 1/240  [index:6 total:1m1.52s tree:1m1.51s]
I0000 00:00:1789325354.539480  283108 random_forest.cc:881] Train tree 49/240  [index:48 total:2m3.61s tree:1m2.10s]
I0000 00:00:1789325416.547294  283071 random_forest.cc:881] Train tree 97/240  [index:108 total:3m5.62s tree:1m1.23s]
I0000 00:00:1789325478.640920  283093 random_forest.cc:881] Train tree 145/240  [index:149 total:4m7.72s tree:1m1.52s]
I0000 00:00:1789325541.183462  283093 random_forest.cc:881] Train tree 193/240  [index:192 total:5m10.26s tree:1m2.54s]
I0000 00:00:1789325546.983999  282940 random_forest.cc:899] random_forest.cc Training block took: 316.059 s
W0000 00:00:1789325546.984034  282940 random_forest.cc:1216] EXITING EARLY TO SPEED UP EXPERIMENTS!
RESULT dataset=HIGGS_with_header threshold=800 median=316.059s stddev=N/As n=1
./bazel-bin/examples/train_oblique_forest --input_mode csv --train_csv "benchmarks/data/SUSY_with_header.csv" --label_col "class" --num_trees=240 --dynamic_split_threshold=800 --feature_split_type Oblique --numerical_split_type "Dynamic Random Histogram" --histogram_num_bins 256
----- Run 1/1 -----
WARNING: All log messages before absl::InitializeLog() is called are written to STDERR
I0000 00:00:1789325553.330492  284363 train_oblique_forest.cc:1101] Loading CSV in a single pass: benchmarks/data/SUSY_with_header.csv
I0000 00:00:1789325553.660802  284363 train_oblique_forest.cc:1108] Single-pass CSV load complete: 5000000 rows, 19 columns.
I0000 00:00:1789325553.660877  284363 train_oblique_forest.cc:1229] -1 (automatic) threads requested. 48 threads set.
I0000 00:00:1789325553.660886  284363 train_oblique_forest.cc:1304] Configuring oblique splits
I0000 00:00:1789325553.660888  284363 train_oblique_forest.cc:1313] dynamic_split_threshold = 800 (from flag)
I0000 00:00:1789325553.660890  284363 train_oblique_forest.cc:1398] Using Dynamic Random Histogram with 256 samples
I0000 00:00:1789325553.660899  284363 train_oblique_forest.cc:1428] train_oblique_forest wall-time - Loading/Init (pre-train): 0.330432s
I0000 00:00:1789325553.660958  284363 abstract_learner.cc:171] No input feature explicitly specified. Using all the available input features.
I0000 00:00:1789325553.660960  284363 abstract_learner.cc:185] The label "class" was removed from the input feature set.
I0000 00:00:1789325553.660970  284363 random_forest.cc:534] Training random forest on 5000000 example(s) and 18 feature(s).
I0000 00:00:1789325553.660982  284363 gpu.cc:93] Cannot initialize GPU: Not compiled with GPU support
I0000 00:00:1789325553.661555  284363 random_forest.cc:663] num_threads being used: 48
I0000 00:00:1789325573.997510  284494 random_forest.cc:881] Train tree 1/240  [index:33 total:20.34s tree:20.33s]
I0000 00:00:1789325595.033347  284501 random_forest.cc:881] Train tree 49/240  [index:61 total:41.37s tree:20.43s]
I0000 00:00:1789325615.776992  284482 random_forest.cc:881] Train tree 97/240  [index:98 total:1m2.12s tree:20.69s]
I0000 00:00:1789325636.835820  284482 random_forest.cc:881] Train tree 145/240  [index:144 total:1m23.17s tree:21.06s]
I0000 00:00:1789325658.057992  284505 random_forest.cc:881] Train tree 193/240  [index:195 total:1m44.40s tree:20.73s]
I0000 00:00:1789325659.609253  284363 random_forest.cc:899] random_forest.cc Training block took: 105.948 s
W0000 00:00:1789325659.609289  284363 random_forest.cc:1216] EXITING EARLY TO SPEED UP EXPERIMENTS!
RESULT dataset=SUSY_with_header threshold=800 median=105.948s stddev=N/As n=1
./bazel-bin/examples/train_oblique_forest --input_mode csv --train_csv "benchmarks/data/epsilon_normalized_train.csv" --label_col "label" --num_trees=240 --dynamic_split_threshold=800 --feature_split_type Oblique --numerical_split_type "Dynamic Random Histogram" --histogram_num_bins 256
----- Run 1/1 -----
WARNING: All log messages before absl::InitializeLog() is called are written to STDERR
I0000 00:00:1789325662.272806  284962 train_oblique_forest.cc:1101] Loading CSV in a single pass: benchmarks/data/epsilon_normalized_train.csv
I0000 00:00:1789325664.059783  284962 train_oblique_forest.cc:1108] Single-pass CSV load complete: 400000 rows, 2001 columns.
I0000 00:00:1789325664.059853  284962 train_oblique_forest.cc:1229] -1 (automatic) threads requested. 48 threads set.
I0000 00:00:1789325664.059863  284962 train_oblique_forest.cc:1304] Configuring oblique splits
I0000 00:00:1789325664.059865  284962 train_oblique_forest.cc:1313] dynamic_split_threshold = 800 (from flag)
I0000 00:00:1789325664.059866  284962 train_oblique_forest.cc:1398] Using Dynamic Random Histogram with 256 samples
I0000 00:00:1789325664.059875  284962 train_oblique_forest.cc:1428] train_oblique_forest wall-time - Loading/Init (pre-train): 1.7871s
I0000 00:00:1789325664.060038  284962 abstract_learner.cc:171] No input feature explicitly specified. Using all the available input features.
I0000 00:00:1789325664.060046  284962 abstract_learner.cc:185] The label "label" was removed from the input feature set.
I0000 00:00:1789325664.060389  284962 random_forest.cc:534] Training random forest on 400000 example(s) and 2000 feature(s).
I0000 00:00:1789325664.060454  284962 gpu.cc:93] Cannot initialize GPU: Not compiled with GPU support
I0000 00:00:1789325664.061155  284962 random_forest.cc:663] num_threads being used: 48
I0000 00:00:1789325674.187878  285127 random_forest.cc:881] Train tree 1/240  [index:30 total:10.13s tree:10.12s]
I0000 00:00:1789325694.574833  285157 random_forest.cc:881] Train tree 97/240  [index:98 total:30.51s tree:10.15s]
I0000 00:00:1789325714.959095  285157 random_forest.cc:881] Train tree 193/240  [index:192 total:50.90s tree:10.20s]
I0000 00:00:1789325716.102759  284962 random_forest.cc:899] random_forest.cc Training block took: 52.0429 s
W0000 00:00:1789325716.102800  284962 random_forest.cc:1216] EXITING EARLY TO SPEED UP EXPERIMENTS!
RESULT dataset=epsilon_normalized_train threshold=800 median=52.0429s stddev=N/As n=1
./bazel-bin/examples/train_oblique_forest --input_mode trunk --rows 1500000 --cols 4096 --num_trees=240 --dynamic_split_threshold=800 --feature_split_type Oblique --numerical_split_type "Dynamic Random Histogram" --histogram_num_bins 256
----- Run 1/1 -----
WARNING: All log messages before absl::InitializeLog() is called are written to STDERR
I0000 00:00:1789325716.382571  285388 train_oblique_forest.cc:1133] Generating trunk synthetic dataset: rows=1500000, cols=4096, layout=column
I0000 00:00:1789325717.787740  285388 train_oblique_forest.cc:1229] -1 (automatic) threads requested. 48 threads set.
I0000 00:00:1789325717.787777  285388 train_oblique_forest.cc:1304] Configuring oblique splits
I0000 00:00:1789325717.787781  285388 train_oblique_forest.cc:1313] dynamic_split_threshold = 800 (from flag)
I0000 00:00:1789325717.787784  285388 train_oblique_forest.cc:1398] Using Dynamic Random Histogram with 256 samples
I0000 00:00:1789325717.787794  285388 train_oblique_forest.cc:1428] train_oblique_forest wall-time - Loading/Init (pre-train): 1.40525s
I0000 00:00:1789325717.788165  285388 abstract_learner.cc:171] No input feature explicitly specified. Using all the available input features.
I0000 00:00:1789325717.788171  285388 abstract_learner.cc:185] The label "y" was removed from the input feature set.
I0000 00:00:1789325717.788838  285388 random_forest.cc:534] Training random forest on 1500000 example(s) and 4096 feature(s).
I0000 00:00:1789325717.788994  285388 gpu.cc:93] Cannot initialize GPU: Not compiled with GPU support
I0000 00:00:1789325717.789933  285388 random_forest.cc:663] num_threads being used: 48
I0000 00:00:1789325772.020847  285456 random_forest.cc:881] Train tree 1/240  [index:27 total:54.23s tree:54.23s]
I0000 00:00:1789325826.160962  285468 random_forest.cc:881] Train tree 49/240  [index:61 total:1m48.37s tree:51.93s]
I0000 00:00:1789325882.196541  285446 random_forest.cc:881] Train tree 97/240  [index:119 total:2m44.41s tree:50.93s]
I0000 00:00:1789325938.444496  285462 random_forest.cc:881] Train tree 145/240  [index:145 total:3m40.65s tree:55.89s]
I0000 00:00:1789325993.112948  285462 random_forest.cc:881] Train tree 193/240  [index:192 total:4m35.32s tree:54.67s]
I0000 00:00:1789326004.978061  285388 random_forest.cc:899] random_forest.cc Training block took: 287.19 s
W0000 00:00:1789326004.978105  285388 random_forest.cc:1216] EXITING EARLY TO SPEED UP EXPERIMENTS!
RESULT dataset=trunk_1500000_x_4096 threshold=800 median=287.19s stddev=N/As n=1
./bazel-bin/examples/train_oblique_forest --input_mode trunk --rows 150000 --cols 40000 --num_trees=240 --dynamic_split_threshold=800 --feature_split_type Oblique --numerical_split_type "Dynamic Random Histogram" --histogram_num_bins 256
----- Run 1/1 -----
WARNING: All log messages before absl::InitializeLog() is called are written to STDERR
I0000 00:00:1789326006.040221  286607 train_oblique_forest.cc:1133] Generating trunk synthetic dataset: rows=150000, cols=40000, layout=column
I0000 00:00:1789326007.395450  286607 train_oblique_forest.cc:1229] -1 (automatic) threads requested. 48 threads set.
I0000 00:00:1789326007.395485  286607 train_oblique_forest.cc:1304] Configuring oblique splits
I0000 00:00:1789326007.395490  286607 train_oblique_forest.cc:1313] dynamic_split_threshold = 800 (from flag)
I0000 00:00:1789326007.395493  286607 train_oblique_forest.cc:1398] Using Dynamic Random Histogram with 256 samples
I0000 00:00:1789326007.395503  286607 train_oblique_forest.cc:1428] train_oblique_forest wall-time - Loading/Init (pre-train): 1.35531s
I0000 00:00:1789326007.398299  286607 abstract_learner.cc:171] No input feature explicitly specified. Using all the available input features.
I0000 00:00:1789326007.398331  286607 abstract_learner.cc:185] The label "y" was removed from the input feature set.
I0000 00:00:1789326007.404605  286607 random_forest.cc:534] Training random forest on 150000 example(s) and 40000 feature(s).
I0000 00:00:1789326007.405705  286607 gpu.cc:93] Cannot initialize GPU: Not compiled with GPU support
I0000 00:00:1789326007.408430  286607 random_forest.cc:663] num_threads being used: 48
I0000 00:00:1789326022.656815  286673 random_forest.cc:881] Train tree 1/240  [index:15 total:15.25s tree:15.24s]
I0000 00:00:1789326054.411928  286695 random_forest.cc:881] Train tree 97/240  [index:110 total:47.00s tree:14.58s]
I0000 00:00:1789326087.549106  286706 random_forest.cc:881] Train tree 193/240  [index:193 total:1m20.14s tree:16.41s]
I0000 00:00:1789326090.193857  286607 random_forest.cc:899] random_forest.cc Training block took: 82.7983 s
W0000 00:00:1789326090.193891  286607 random_forest.cc:1216] EXITING EARLY TO SPEED UP EXPERIMENTS!
RESULT dataset=trunk_150000_x_40000 threshold=800 median=82.7983s stddev=N/As n=1
./bazel-bin/examples/train_oblique_forest --input_mode trunk --rows 15000 --cols 400000 --num_trees=240 --dynamic_split_threshold=800 --feature_split_type Oblique --numerical_split_type "Dynamic Random Histogram" --histogram_num_bins 256
----- Run 1/1 -----
WARNING: All log messages before absl::InitializeLog() is called are written to STDERR
I0000 00:00:1789326090.837792  287054 train_oblique_forest.cc:1133] Generating trunk synthetic dataset: rows=15000, cols=400000, layout=column
I0000 00:00:1789326092.323156  287054 train_oblique_forest.cc:1229] -1 (automatic) threads requested. 48 threads set.
I0000 00:00:1789326092.323190  287054 train_oblique_forest.cc:1304] Configuring oblique splits
I0000 00:00:1789326092.323194  287054 train_oblique_forest.cc:1313] dynamic_split_threshold = 800 (from flag)
I0000 00:00:1789326092.323197  287054 train_oblique_forest.cc:1398] Using Dynamic Random Histogram with 256 samples
I0000 00:00:1789326092.323206  287054 train_oblique_forest.cc:1428] train_oblique_forest wall-time - Loading/Init (pre-train): 1.48544s
I0000 00:00:1789326092.346405  287054 abstract_learner.cc:171] No input feature explicitly specified. Using all the available input features.
I0000 00:00:1789326092.346677  287054 abstract_learner.cc:185] The label "y" was removed from the input feature set.
I0000 00:00:1789326092.410335  287054 random_forest.cc:534] Training random forest on 15000 example(s) and 400000 feature(s).
I0000 00:00:1789326092.420897  287054 gpu.cc:93] Cannot initialize GPU: Not compiled with GPU support
I0000 00:00:1789326092.442540  287054 random_forest.cc:663] num_threads being used: 48
I0000 00:00:1789326096.852921  287113 random_forest.cc:881] Train tree 1/240  [index:4 total:4.41s tree:4.41s]
I0000 00:00:1789326116.485955  287054 random_forest.cc:899] random_forest.cc Training block took: 24.1627 s
W0000 00:00:1789326116.485991  287054 random_forest.cc:1216] EXITING EARLY TO SPEED UP EXPERIMENTS!
RESULT dataset=trunk_15000_x_400000 threshold=800 median=24.1627s stddev=N/As n=1


======== Threshold 1000 ========

./bazel-bin/examples/train_oblique_forest --input_mode csv --train_csv "benchmarks/data/HIGGS_with_header.csv" --label_col "class" --num_trees=240 --dynamic_split_threshold=1000 --feature_split_type Oblique --numerical_split_type "Dynamic Random Histogram" --histogram_num_bins 256
----- Run 1/1 -----
WARNING: All log messages before absl::InitializeLog() is called are written to STDERR
I0000 00:00:1789326117.112833  287273 train_oblique_forest.cc:1101] Loading CSV in a single pass: benchmarks/data/HIGGS_with_header.csv
I0000 00:00:1789326118.006286  287273 train_oblique_forest.cc:1108] Single-pass CSV load complete: 11000000 rows, 29 columns.
I0000 00:00:1789326118.006355  287273 train_oblique_forest.cc:1229] -1 (automatic) threads requested. 48 threads set.
I0000 00:00:1789326118.006364  287273 train_oblique_forest.cc:1304] Configuring oblique splits
I0000 00:00:1789326118.006366  287273 train_oblique_forest.cc:1313] dynamic_split_threshold = 1000 (from flag)
I0000 00:00:1789326118.006368  287273 train_oblique_forest.cc:1398] Using Dynamic Random Histogram with 256 samples
I0000 00:00:1789326118.006377  287273 train_oblique_forest.cc:1428] train_oblique_forest wall-time - Loading/Init (pre-train): 0.893571s
I0000 00:00:1789326118.006441  287273 abstract_learner.cc:171] No input feature explicitly specified. Using all the available input features.
I0000 00:00:1789326118.006443  287273 abstract_learner.cc:185] The label "class" was removed from the input feature set.
I0000 00:00:1789326118.006455  287273 random_forest.cc:534] Training random forest on 11000000 example(s) and 28 feature(s).
I0000 00:00:1789326118.006467  287273 gpu.cc:93] Cannot initialize GPU: Not compiled with GPU support
I0000 00:00:1789326118.007043  287273 random_forest.cc:663] num_threads being used: 48
I0000 00:00:1789326179.371597  287409 random_forest.cc:881] Train tree 1/240  [index:16 total:1m1.36s tree:1m1.36s]
I0000 00:00:1789326241.854531  287435 random_forest.cc:881] Train tree 49/240  [index:51 total:2m3.85s tree:1m1.96s]
I0000 00:00:1789326303.885320  287449 random_forest.cc:881] Train tree 97/240  [index:103 total:3m5.88s tree:1m1.77s]
I0000 00:00:1789326365.896932  287450 random_forest.cc:881] Train tree 145/240  [index:149 total:4m7.89s tree:1m1.62s]
I0000 00:00:1789326428.621355  287452 random_forest.cc:881] Train tree 193/240  [index:198 total:5m10.61s tree:1m1.87s]
I0000 00:00:1789326434.442407  287273 random_forest.cc:899] random_forest.cc Training block took: 316.436 s
W0000 00:00:1789326434.442443  287273 random_forest.cc:1216] EXITING EARLY TO SPEED UP EXPERIMENTS!
RESULT dataset=HIGGS_with_header threshold=1000 median=316.436s stddev=N/As n=1
./bazel-bin/examples/train_oblique_forest --input_mode csv --train_csv "benchmarks/data/SUSY_with_header.csv" --label_col "class" --num_trees=240 --dynamic_split_threshold=1000 --feature_split_type Oblique --numerical_split_type "Dynamic Random Histogram" --histogram_num_bins 256
----- Run 1/1 -----
WARNING: All log messages before absl::InitializeLog() is called are written to STDERR
I0000 00:00:1789326440.765438  288708 train_oblique_forest.cc:1101] Loading CSV in a single pass: benchmarks/data/SUSY_with_header.csv
I0000 00:00:1789326441.098577  288708 train_oblique_forest.cc:1108] Single-pass CSV load complete: 5000000 rows, 19 columns.
I0000 00:00:1789326441.098647  288708 train_oblique_forest.cc:1229] -1 (automatic) threads requested. 48 threads set.
I0000 00:00:1789326441.098657  288708 train_oblique_forest.cc:1304] Configuring oblique splits
I0000 00:00:1789326441.098658  288708 train_oblique_forest.cc:1313] dynamic_split_threshold = 1000 (from flag)
I0000 00:00:1789326441.098660  288708 train_oblique_forest.cc:1398] Using Dynamic Random Histogram with 256 samples
I0000 00:00:1789326441.098669  288708 train_oblique_forest.cc:1428] train_oblique_forest wall-time - Loading/Init (pre-train): 0.333259s
I0000 00:00:1789326441.098728  288708 abstract_learner.cc:171] No input feature explicitly specified. Using all the available input features.
I0000 00:00:1789326441.098730  288708 abstract_learner.cc:185] The label "class" was removed from the input feature set.
I0000 00:00:1789326441.098741  288708 random_forest.cc:534] Training random forest on 5000000 example(s) and 18 feature(s).
I0000 00:00:1789326441.098752  288708 gpu.cc:93] Cannot initialize GPU: Not compiled with GPU support
I0000 00:00:1789326441.099322  288708 random_forest.cc:663] num_threads being used: 48
I0000 00:00:1789326461.749755  288845 random_forest.cc:881] Train tree 1/240  [index:34 total:20.65s tree:20.64s]
I0000 00:00:1789326482.472320  288842 random_forest.cc:881] Train tree 49/240  [index:53 total:41.37s tree:20.61s]
I0000 00:00:1789326503.736360  288842 random_forest.cc:881] Train tree 97/240  [index:96 total:1m2.64s tree:21.26s]
I0000 00:00:1789326524.526497  288867 random_forest.cc:881] Train tree 145/240  [index:163 total:1m23.43s tree:20.36s]
I0000 00:00:1789326545.462782  288844 random_forest.cc:881] Train tree 193/240  [index:195 total:1m44.36s tree:20.80s]
I0000 00:00:1789326547.342708  288708 random_forest.cc:899] random_forest.cc Training block took: 106.244 s
W0000 00:00:1789326547.342744  288708 random_forest.cc:1216] EXITING EARLY TO SPEED UP EXPERIMENTS!
RESULT dataset=SUSY_with_header threshold=1000 median=106.244s stddev=N/As n=1
./bazel-bin/examples/train_oblique_forest --input_mode csv --train_csv "benchmarks/data/epsilon_normalized_train.csv" --label_col "label" --num_trees=240 --dynamic_split_threshold=1000 --feature_split_type Oblique --numerical_split_type "Dynamic Random Histogram" --histogram_num_bins 256
----- Run 1/1 -----
WARNING: All log messages before absl::InitializeLog() is called are written to STDERR
I0000 00:00:1789326549.975337  289307 train_oblique_forest.cc:1101] Loading CSV in a single pass: benchmarks/data/epsilon_normalized_train.csv
I0000 00:00:1789326551.756131  289307 train_oblique_forest.cc:1108] Single-pass CSV load complete: 400000 rows, 2001 columns.
I0000 00:00:1789326551.756207  289307 train_oblique_forest.cc:1229] -1 (automatic) threads requested. 48 threads set.
I0000 00:00:1789326551.756216  289307 train_oblique_forest.cc:1304] Configuring oblique splits
I0000 00:00:1789326551.756218  289307 train_oblique_forest.cc:1313] dynamic_split_threshold = 1000 (from flag)
I0000 00:00:1789326551.756220  289307 train_oblique_forest.cc:1398] Using Dynamic Random Histogram with 256 samples
I0000 00:00:1789326551.756229  289307 train_oblique_forest.cc:1428] train_oblique_forest wall-time - Loading/Init (pre-train): 1.78092s
I0000 00:00:1789326551.756398  289307 abstract_learner.cc:171] No input feature explicitly specified. Using all the available input features.
I0000 00:00:1789326551.756407  289307 abstract_learner.cc:185] The label "label" was removed from the input feature set.
I0000 00:00:1789326551.756747  289307 random_forest.cc:534] Training random forest on 400000 example(s) and 2000 feature(s).
I0000 00:00:1789326551.756812  289307 gpu.cc:93] Cannot initialize GPU: Not compiled with GPU support
I0000 00:00:1789326551.757522  289307 random_forest.cc:663] num_threads being used: 48
I0000 00:00:1789326561.913303  289461 random_forest.cc:881] Train tree 1/240  [index:3 total:10.16s tree:10.15s]
I0000 00:00:1789326582.361433  289506 random_forest.cc:881] Train tree 97/240  [index:99 total:30.60s tree:10.20s]
I0000 00:00:1789326602.822909  289481 random_forest.cc:881] Train tree 193/240  [index:196 total:51.07s tree:10.11s]
I0000 00:00:1789326603.739175  289307 random_forest.cc:899] random_forest.cc Training block took: 51.9829 s
W0000 00:00:1789326603.739220  289307 random_forest.cc:1216] EXITING EARLY TO SPEED UP EXPERIMENTS!
RESULT dataset=epsilon_normalized_train threshold=1000 median=51.9829s stddev=N/As n=1
./bazel-bin/examples/train_oblique_forest --input_mode trunk --rows 1500000 --cols 4096 --num_trees=240 --dynamic_split_threshold=1000 --feature_split_type Oblique --numerical_split_type "Dynamic Random Histogram" --histogram_num_bins 256
----- Run 1/1 -----
WARNING: All log messages before absl::InitializeLog() is called are written to STDERR
I0000 00:00:1789326604.019026  289722 train_oblique_forest.cc:1133] Generating trunk synthetic dataset: rows=1500000, cols=4096, layout=column
I0000 00:00:1789326605.415933  289722 train_oblique_forest.cc:1229] -1 (automatic) threads requested. 48 threads set.
I0000 00:00:1789326605.415972  289722 train_oblique_forest.cc:1304] Configuring oblique splits
I0000 00:00:1789326605.415975  289722 train_oblique_forest.cc:1313] dynamic_split_threshold = 1000 (from flag)
I0000 00:00:1789326605.415978  289722 train_oblique_forest.cc:1398] Using Dynamic Random Histogram with 256 samples
I0000 00:00:1789326605.415989  289722 train_oblique_forest.cc:1428] train_oblique_forest wall-time - Loading/Init (pre-train): 1.39699s
I0000 00:00:1789326605.416307  289722 abstract_learner.cc:171] No input feature explicitly specified. Using all the available input features.
I0000 00:00:1789326605.416314  289722 abstract_learner.cc:185] The label "y" was removed from the input feature set.
I0000 00:00:1789326605.416943  289722 random_forest.cc:534] Training random forest on 1500000 example(s) and 4096 feature(s).
I0000 00:00:1789326605.417069  289722 gpu.cc:93] Cannot initialize GPU: Not compiled with GPU support
I0000 00:00:1789326605.417896  289722 random_forest.cc:663] num_threads being used: 48
I0000 00:00:1789326660.158001  289820 random_forest.cc:881] Train tree 1/240  [index:43 total:54.74s tree:54.73s]
I0000 00:00:1789326714.338901  289800 random_forest.cc:881] Train tree 49/240  [index:61 total:1m48.92s tree:52.27s]
I0000 00:00:1789326771.336254  289802 random_forest.cc:881] Train tree 97/240  [index:119 total:2m45.92s tree:52.38s]
I0000 00:00:1789326826.842903  289802 random_forest.cc:881] Train tree 145/240  [index:144 total:3m41.42s tree:55.51s]
I0000 00:00:1789326880.984099  289802 random_forest.cc:881] Train tree 193/240  [index:192 total:4m35.57s tree:54.14s]
I0000 00:00:1789326893.426392  289722 random_forest.cc:899] random_forest.cc Training block took: 288.01 s
W0000 00:00:1789326893.426435  289722 random_forest.cc:1216] EXITING EARLY TO SPEED UP EXPERIMENTS!
RESULT dataset=trunk_1500000_x_4096 threshold=1000 median=288.01s stddev=N/As n=1
./bazel-bin/examples/train_oblique_forest --input_mode trunk --rows 150000 --cols 40000 --num_trees=240 --dynamic_split_threshold=1000 --feature_split_type Oblique --numerical_split_type "Dynamic Random Histogram" --histogram_num_bins 256
----- Run 1/1 -----
WARNING: All log messages before absl::InitializeLog() is called are written to STDERR
I0000 00:00:1789326894.487561  290951 train_oblique_forest.cc:1133] Generating trunk synthetic dataset: rows=150000, cols=40000, layout=column
I0000 00:00:1789326895.842953  290951 train_oblique_forest.cc:1229] -1 (automatic) threads requested. 48 threads set.
I0000 00:00:1789326895.842989  290951 train_oblique_forest.cc:1304] Configuring oblique splits
I0000 00:00:1789326895.842992  290951 train_oblique_forest.cc:1313] dynamic_split_threshold = 1000 (from flag)
I0000 00:00:1789326895.842995  290951 train_oblique_forest.cc:1398] Using Dynamic Random Histogram with 256 samples
I0000 00:00:1789326895.843004  290951 train_oblique_forest.cc:1428] train_oblique_forest wall-time - Loading/Init (pre-train): 1.35547s
I0000 00:00:1789326895.845349  290951 abstract_learner.cc:171] No input feature explicitly specified. Using all the available input features.
I0000 00:00:1789326895.845383  290951 abstract_learner.cc:185] The label "y" was removed from the input feature set.
I0000 00:00:1789326895.851495  290951 random_forest.cc:534] Training random forest on 150000 example(s) and 40000 feature(s).
I0000 00:00:1789326895.852564  290951 gpu.cc:93] Cannot initialize GPU: Not compiled with GPU support
I0000 00:00:1789326895.855277  290951 random_forest.cc:663] num_threads being used: 48
I0000 00:00:1789326911.158404  291022 random_forest.cc:881] Train tree 1/240  [index:15 total:15.30s tree:15.30s]
I0000 00:00:1789326942.543098  291023 random_forest.cc:881] Train tree 97/240  [index:110 total:46.69s tree:14.23s]
I0000 00:00:1789326975.413465  291023 random_forest.cc:881] Train tree 193/240  [index:192 total:1m19.56s tree:16.54s]
I0000 00:00:1789326978.299833  290951 random_forest.cc:899] random_forest.cc Training block took: 82.4568 s
W0000 00:00:1789326978.299872  290951 random_forest.cc:1216] EXITING EARLY TO SPEED UP EXPERIMENTS!
RESULT dataset=trunk_150000_x_40000 threshold=1000 median=82.4568s stddev=N/As n=1
./bazel-bin/examples/train_oblique_forest --input_mode trunk --rows 15000 --cols 400000 --num_trees=240 --dynamic_split_threshold=1000 --feature_split_type Oblique --numerical_split_type "Dynamic Random Histogram" --histogram_num_bins 256
----- Run 1/1 -----
WARNING: All log messages before absl::InitializeLog() is called are written to STDERR
I0000 00:00:1789326978.976652  291394 train_oblique_forest.cc:1133] Generating trunk synthetic dataset: rows=15000, cols=400000, layout=column
I0000 00:00:1789326980.467161  291394 train_oblique_forest.cc:1229] -1 (automatic) threads requested. 48 threads set.
I0000 00:00:1789326980.467195  291394 train_oblique_forest.cc:1304] Configuring oblique splits
I0000 00:00:1789326980.467197  291394 train_oblique_forest.cc:1313] dynamic_split_threshold = 1000 (from flag)
I0000 00:00:1789326980.467200  291394 train_oblique_forest.cc:1398] Using Dynamic Random Histogram with 256 samples
I0000 00:00:1789326980.467209  291394 train_oblique_forest.cc:1428] train_oblique_forest wall-time - Loading/Init (pre-train): 1.49058s
I0000 00:00:1789326980.490486  291394 abstract_learner.cc:171] No input feature explicitly specified. Using all the available input features.
I0000 00:00:1789326980.490763  291394 abstract_learner.cc:185] The label "y" was removed from the input feature set.
I0000 00:00:1789326980.554428  291394 random_forest.cc:534] Training random forest on 15000 example(s) and 400000 feature(s).
I0000 00:00:1789326980.564733  291394 gpu.cc:93] Cannot initialize GPU: Not compiled with GPU support
I0000 00:00:1789326980.586553  291394 random_forest.cc:663] num_threads being used: 48
I0000 00:00:1789326984.945954  291490 random_forest.cc:881] Train tree 1/240  [index:4 total:4.36s tree:4.36s]
I0000 00:00:1789327004.862122  291394 random_forest.cc:899] random_forest.cc Training block took: 24.3949 s
W0000 00:00:1789327004.862161  291394 random_forest.cc:1216] EXITING EARLY TO SPEED UP EXPERIMENTS!
RESULT dataset=trunk_15000_x_400000 threshold=1000 median=24.3949s stddev=N/As n=1


======== Threshold 1200 ========

./bazel-bin/examples/train_oblique_forest --input_mode csv --train_csv "benchmarks/data/HIGGS_with_header.csv" --label_col "class" --num_trees=240 --dynamic_split_threshold=1200 --feature_split_type Oblique --numerical_split_type "Dynamic Random Histogram" --histogram_num_bins 256
----- Run 1/1 -----
WARNING: All log messages before absl::InitializeLog() is called are written to STDERR
I0000 00:00:1789327005.488526  291610 train_oblique_forest.cc:1101] Loading CSV in a single pass: benchmarks/data/HIGGS_with_header.csv
I0000 00:00:1789327006.391002  291610 train_oblique_forest.cc:1108] Single-pass CSV load complete: 11000000 rows, 29 columns.
I0000 00:00:1789327006.391072  291610 train_oblique_forest.cc:1229] -1 (automatic) threads requested. 48 threads set.
I0000 00:00:1789327006.391082  291610 train_oblique_forest.cc:1304] Configuring oblique splits
I0000 00:00:1789327006.391083  291610 train_oblique_forest.cc:1313] dynamic_split_threshold = 1200 (from flag)
I0000 00:00:1789327006.391086  291610 train_oblique_forest.cc:1398] Using Dynamic Random Histogram with 256 samples
I0000 00:00:1789327006.391095  291610 train_oblique_forest.cc:1428] train_oblique_forest wall-time - Loading/Init (pre-train): 0.902595s
I0000 00:00:1789327006.391156  291610 abstract_learner.cc:171] No input feature explicitly specified. Using all the available input features.
I0000 00:00:1789327006.391158  291610 abstract_learner.cc:185] The label "class" was removed from the input feature set.
I0000 00:00:1789327006.391170  291610 random_forest.cc:534] Training random forest on 11000000 example(s) and 28 feature(s).
I0000 00:00:1789327006.391182  291610 gpu.cc:93] Cannot initialize GPU: Not compiled with GPU support
I0000 00:00:1789327006.391764  291610 random_forest.cc:663] num_threads being used: 48
I0000 00:00:1789327068.005296  291775 random_forest.cc:881] Train tree 1/240  [index:21 total:1m1.61s tree:1m1.61s]
I0000 00:00:1789327130.022121  291775 random_forest.cc:881] Train tree 49/240  [index:48 total:2m3.63s tree:1m2.02s]
I0000 00:00:1789327192.220879  291760 random_forest.cc:881] Train tree 97/240  [index:105 total:3m5.83s tree:1m1.30s]
I0000 00:00:1789327254.081764  291775 random_forest.cc:881] Train tree 145/240  [index:145 total:4m7.69s tree:1m1.84s]
I0000 00:00:1789327316.650097  291775 random_forest.cc:881] Train tree 193/240  [index:192 total:5m10.26s tree:1m2.57s]
I0000 00:00:1789327323.355225  291610 random_forest.cc:899] random_forest.cc Training block took: 316.964 s
W0000 00:00:1789327323.355263  291610 random_forest.cc:1216] EXITING EARLY TO SPEED UP EXPERIMENTS!
RESULT dataset=HIGGS_with_header threshold=1200 median=316.964s stddev=N/As n=1
./bazel-bin/examples/train_oblique_forest --input_mode csv --train_csv "benchmarks/data/SUSY_with_header.csv" --label_col "class" --num_trees=240 --dynamic_split_threshold=1200 --feature_split_type Oblique --numerical_split_type "Dynamic Random Histogram" --histogram_num_bins 256
----- Run 1/1 -----
WARNING: All log messages before absl::InitializeLog() is called are written to STDERR
I0000 00:00:1789327329.663451  293042 train_oblique_forest.cc:1101] Loading CSV in a single pass: benchmarks/data/SUSY_with_header.csv
I0000 00:00:1789327329.996571  293042 train_oblique_forest.cc:1108] Single-pass CSV load complete: 5000000 rows, 19 columns.
I0000 00:00:1789327329.996633  293042 train_oblique_forest.cc:1229] -1 (automatic) threads requested. 48 threads set.
I0000 00:00:1789327329.996643  293042 train_oblique_forest.cc:1304] Configuring oblique splits
I0000 00:00:1789327329.996644  293042 train_oblique_forest.cc:1313] dynamic_split_threshold = 1200 (from flag)
I0000 00:00:1789327329.996646  293042 train_oblique_forest.cc:1398] Using Dynamic Random Histogram with 256 samples
I0000 00:00:1789327329.996655  293042 train_oblique_forest.cc:1428] train_oblique_forest wall-time - Loading/Init (pre-train): 0.333229s
I0000 00:00:1789327329.996712  293042 abstract_learner.cc:171] No input feature explicitly specified. Using all the available input features.
I0000 00:00:1789327329.996715  293042 abstract_learner.cc:185] The label "class" was removed from the input feature set.
I0000 00:00:1789327329.996725  293042 random_forest.cc:534] Training random forest on 5000000 example(s) and 18 feature(s).
I0000 00:00:1789327329.996736  293042 gpu.cc:93] Cannot initialize GPU: Not compiled with GPU support
I0000 00:00:1789327329.997305  293042 random_forest.cc:663] num_threads being used: 48
I0000 00:00:1789327350.478442  293211 random_forest.cc:881] Train tree 1/240  [index:36 total:20.48s tree:20.48s]
I0000 00:00:1789327371.364908  293186 random_forest.cc:881] Train tree 49/240  [index:67 total:41.37s tree:20.31s]
I0000 00:00:1789327392.253338  293171 random_forest.cc:881] Train tree 97/240  [index:98 total:1m2.26s tree:20.67s]
I0000 00:00:1789327413.115209  293171 random_forest.cc:881] Train tree 145/240  [index:144 total:1m23.12s tree:20.86s]
I0000 00:00:1789327434.480484  293211 random_forest.cc:881] Train tree 193/240  [index:193 total:1m44.48s tree:20.92s]
I0000 00:00:1789327436.717228  293042 random_forest.cc:899] random_forest.cc Training block took: 106.721 s
W0000 00:00:1789327436.717260  293042 random_forest.cc:1216] EXITING EARLY TO SPEED UP EXPERIMENTS!
RESULT dataset=SUSY_with_header threshold=1200 median=106.721s stddev=N/As n=1
./bazel-bin/examples/train_oblique_forest --input_mode csv --train_csv "benchmarks/data/epsilon_normalized_train.csv" --label_col "label" --num_trees=240 --dynamic_split_threshold=1200 --feature_split_type Oblique --numerical_split_type "Dynamic Random Histogram" --histogram_num_bins 256
----- Run 1/1 -----
WARNING: All log messages before absl::InitializeLog() is called are written to STDERR
I0000 00:00:1789327439.360375  293649 train_oblique_forest.cc:1101] Loading CSV in a single pass: benchmarks/data/epsilon_normalized_train.csv
I0000 00:00:1789327441.120401  293649 train_oblique_forest.cc:1108] Single-pass CSV load complete: 400000 rows, 2001 columns.
I0000 00:00:1789327441.120465  293649 train_oblique_forest.cc:1229] -1 (automatic) threads requested. 48 threads set.
I0000 00:00:1789327441.120475  293649 train_oblique_forest.cc:1304] Configuring oblique splits
I0000 00:00:1789327441.120476  293649 train_oblique_forest.cc:1313] dynamic_split_threshold = 1200 (from flag)
I0000 00:00:1789327441.120478  293649 train_oblique_forest.cc:1398] Using Dynamic Random Histogram with 256 samples
I0000 00:00:1789327441.120488  293649 train_oblique_forest.cc:1428] train_oblique_forest wall-time - Loading/Init (pre-train): 1.76014s
I0000 00:00:1789327441.120644  293649 abstract_learner.cc:171] No input feature explicitly specified. Using all the available input features.
I0000 00:00:1789327441.120651  293649 abstract_learner.cc:185] The label "label" was removed from the input feature set.
I0000 00:00:1789327441.120997  293649 random_forest.cc:534] Training random forest on 400000 example(s) and 2000 feature(s).
I0000 00:00:1789327441.121061  293649 gpu.cc:93] Cannot initialize GPU: Not compiled with GPU support
I0000 00:00:1789327441.121767  293649 random_forest.cc:663] num_threads being used: 48
I0000 00:00:1789327451.277236  293840 random_forest.cc:881] Train tree 1/240  [index:3 total:10.16s tree:10.15s]
I0000 00:00:1789327471.650760  293821 random_forest.cc:881] Train tree 97/240  [index:97 total:30.53s tree:10.17s]
I0000 00:00:1789327492.050333  293821 random_forest.cc:881] Train tree 193/240  [index:192 total:50.93s tree:10.27s]
I0000 00:00:1789327493.266526  293649 random_forest.cc:899] random_forest.cc Training block took: 52.146 s
W0000 00:00:1789327493.266574  293649 random_forest.cc:1216] EXITING EARLY TO SPEED UP EXPERIMENTS!
RESULT dataset=epsilon_normalized_train threshold=1200 median=52.146s stddev=N/As n=1
./bazel-bin/examples/train_oblique_forest --input_mode trunk --rows 1500000 --cols 4096 --num_trees=240 --dynamic_split_threshold=1200 --feature_split_type Oblique --numerical_split_type "Dynamic Random Histogram" --histogram_num_bins 256
----- Run 1/1 -----
WARNING: All log messages before absl::InitializeLog() is called are written to STDERR
I0000 00:00:1789327493.546122  294064 train_oblique_forest.cc:1133] Generating trunk synthetic dataset: rows=1500000, cols=4096, layout=column
I0000 00:00:1789327494.943486  294064 train_oblique_forest.cc:1229] -1 (automatic) threads requested. 48 threads set.
I0000 00:00:1789327494.943520  294064 train_oblique_forest.cc:1304] Configuring oblique splits
I0000 00:00:1789327494.943522  294064 train_oblique_forest.cc:1313] dynamic_split_threshold = 1200 (from flag)
I0000 00:00:1789327494.943525  294064 train_oblique_forest.cc:1398] Using Dynamic Random Histogram with 256 samples
I0000 00:00:1789327494.943534  294064 train_oblique_forest.cc:1428] train_oblique_forest wall-time - Loading/Init (pre-train): 1.39744s
I0000 00:00:1789327494.943838  294064 abstract_learner.cc:171] No input feature explicitly specified. Using all the available input features.
I0000 00:00:1789327494.943843  294064 abstract_learner.cc:185] The label "y" was removed from the input feature set.
I0000 00:00:1789327494.944450  294064 random_forest.cc:534] Training random forest on 1500000 example(s) and 4096 feature(s).
I0000 00:00:1789327494.944573  294064 gpu.cc:93] Cannot initialize GPU: Not compiled with GPU support
I0000 00:00:1789327494.945378  294064 random_forest.cc:663] num_threads being used: 48
I0000 00:00:1789327548.978123  294151 random_forest.cc:881] Train tree 1/240  [index:43 total:54.03s tree:54.03s]
I0000 00:00:1789327604.040619  294134 random_forest.cc:881] Train tree 49/240  [index:76 total:1m49.10s tree:51.82s]
I0000 00:00:1789327660.126372  294161 random_forest.cc:881] Train tree 97/240  [index:119 total:2m45.18s tree:51.41s]
I0000 00:00:1789327716.617850  294161 random_forest.cc:881] Train tree 145/240  [index:144 total:3m41.67s tree:56.49s]
I0000 00:00:1789327771.431151  294161 random_forest.cc:881] Train tree 193/240  [index:192 total:4m36.49s tree:54.81s]
I0000 00:00:1789327781.236774  294064 random_forest.cc:899] random_forest.cc Training block took: 286.293 s
W0000 00:00:1789327781.236813  294064 random_forest.cc:1216] EXITING EARLY TO SPEED UP EXPERIMENTS!
RESULT dataset=trunk_1500000_x_4096 threshold=1200 median=286.293s stddev=N/As n=1
./bazel-bin/examples/train_oblique_forest --input_mode trunk --rows 150000 --cols 40000 --num_trees=240 --dynamic_split_threshold=1200 --feature_split_type Oblique --numerical_split_type "Dynamic Random Histogram" --histogram_num_bins 256
----- Run 1/1 -----
WARNING: All log messages before absl::InitializeLog() is called are written to STDERR
I0000 00:00:1789327782.308552  295280 train_oblique_forest.cc:1133] Generating trunk synthetic dataset: rows=150000, cols=40000, layout=column
I0000 00:00:1789327783.662816  295280 train_oblique_forest.cc:1229] -1 (automatic) threads requested. 48 threads set.
I0000 00:00:1789327783.662849  295280 train_oblique_forest.cc:1304] Configuring oblique splits
I0000 00:00:1789327783.662851  295280 train_oblique_forest.cc:1313] dynamic_split_threshold = 1200 (from flag)
I0000 00:00:1789327783.662854  295280 train_oblique_forest.cc:1398] Using Dynamic Random Histogram with 256 samples
I0000 00:00:1789327783.662863  295280 train_oblique_forest.cc:1428] train_oblique_forest wall-time - Loading/Init (pre-train): 1.35434s
I0000 00:00:1789327783.665428  295280 abstract_learner.cc:171] No input feature explicitly specified. Using all the available input features.
I0000 00:00:1789327783.665460  295280 abstract_learner.cc:185] The label "y" was removed from the input feature set.
I0000 00:00:1789327783.671682  295280 random_forest.cc:534] Training random forest on 150000 example(s) and 40000 feature(s).
I0000 00:00:1789327783.672768  295280 gpu.cc:93] Cannot initialize GPU: Not compiled with GPU support
I0000 00:00:1789327783.675608  295280 random_forest.cc:663] num_threads being used: 48
I0000 00:00:1789327799.169863  295374 random_forest.cc:881] Train tree 1/240  [index:15 total:15.49s tree:15.49s]
I0000 00:00:1789327830.728869  295356 random_forest.cc:881] Train tree 97/240  [index:110 total:47.05s tree:14.73s]
I0000 00:00:1789327850.737154  295341 random_forest.cc:881] Train tree 192/240  [index:191 total:1m7.06s tree:16.73s]
I0000 00:00:1789327866.822226  295280 random_forest.cc:899] random_forest.cc Training block took: 83.1593 s
W0000 00:00:1789327866.822267  295280 random_forest.cc:1216] EXITING EARLY TO SPEED UP EXPERIMENTS!
RESULT dataset=trunk_150000_x_40000 threshold=1200 median=83.1593s stddev=N/As n=1
./bazel-bin/examples/train_oblique_forest --input_mode trunk --rows 15000 --cols 400000 --num_trees=240 --dynamic_split_threshold=1200 --feature_split_type Oblique --numerical_split_type "Dynamic Random Histogram" --histogram_num_bins 256
----- Run 1/1 -----
WARNING: All log messages before absl::InitializeLog() is called are written to STDERR
I0000 00:00:1789327867.465858  295727 train_oblique_forest.cc:1133] Generating trunk synthetic dataset: rows=15000, cols=400000, layout=column
I0000 00:00:1789327868.944312  295727 train_oblique_forest.cc:1229] -1 (automatic) threads requested. 48 threads set.
I0000 00:00:1789327868.944346  295727 train_oblique_forest.cc:1304] Configuring oblique splits
I0000 00:00:1789327868.944348  295727 train_oblique_forest.cc:1313] dynamic_split_threshold = 1200 (from flag)
I0000 00:00:1789327868.944351  295727 train_oblique_forest.cc:1398] Using Dynamic Random Histogram with 256 samples
I0000 00:00:1789327868.944360  295727 train_oblique_forest.cc:1428] train_oblique_forest wall-time - Loading/Init (pre-train): 1.47853s
I0000 00:00:1789327868.967579  295727 abstract_learner.cc:171] No input feature explicitly specified. Using all the available input features.
I0000 00:00:1789327868.967850  295727 abstract_learner.cc:185] The label "y" was removed from the input feature set.
I0000 00:00:1789327869.031579  295727 random_forest.cc:534] Training random forest on 15000 example(s) and 400000 feature(s).
I0000 00:00:1789327869.041752  295727 gpu.cc:93] Cannot initialize GPU: Not compiled with GPU support
I0000 00:00:1789327869.063259  295727 random_forest.cc:663] num_threads being used: 48
I0000 00:00:1789327873.551930  295811 random_forest.cc:881] Train tree 1/240  [index:38 total:4.49s tree:4.48s]
I0000 00:00:1789327893.334214  295727 random_forest.cc:899] random_forest.cc Training block took: 24.3898 s
W0000 00:00:1789327893.334253  295727 random_forest.cc:1216] EXITING EARLY TO SPEED UP EXPERIMENTS!
RESULT dataset=trunk_15000_x_400000 threshold=1200 median=24.3898s stddev=N/As n=1


======== Threshold 1400 ========

./bazel-bin/examples/train_oblique_forest --input_mode csv --train_csv "benchmarks/data/HIGGS_with_header.csv" --label_col "class" --num_trees=240 --dynamic_split_threshold=1400 --feature_split_type Oblique --numerical_split_type "Dynamic Random Histogram" --histogram_num_bins 256
----- Run 1/1 -----
WARNING: All log messages before absl::InitializeLog() is called are written to STDERR
I0000 00:00:1789327893.961302  295953 train_oblique_forest.cc:1101] Loading CSV in a single pass: benchmarks/data/HIGGS_with_header.csv
I0000 00:00:1789327894.849089  295953 train_oblique_forest.cc:1108] Single-pass CSV load complete: 11000000 rows, 29 columns.
I0000 00:00:1789327894.849162  295953 train_oblique_forest.cc:1229] -1 (automatic) threads requested. 48 threads set.
I0000 00:00:1789327894.849172  295953 train_oblique_forest.cc:1304] Configuring oblique splits
I0000 00:00:1789327894.849173  295953 train_oblique_forest.cc:1313] dynamic_split_threshold = 1400 (from flag)
I0000 00:00:1789327894.849176  295953 train_oblique_forest.cc:1398] Using Dynamic Random Histogram with 256 samples
I0000 00:00:1789327894.849185  295953 train_oblique_forest.cc:1428] train_oblique_forest wall-time - Loading/Init (pre-train): 0.887908s
I0000 00:00:1789327894.849244  295953 abstract_learner.cc:171] No input feature explicitly specified. Using all the available input features.
I0000 00:00:1789327894.849246  295953 abstract_learner.cc:185] The label "class" was removed from the input feature set.
I0000 00:00:1789327894.849259  295953 random_forest.cc:534] Training random forest on 11000000 example(s) and 28 feature(s).
I0000 00:00:1789327894.849271  295953 gpu.cc:93] Cannot initialize GPU: Not compiled with GPU support
I0000 00:00:1789327894.849853  295953 random_forest.cc:663] num_threads being used: 48
I0000 00:00:1789327956.686110  296098 random_forest.cc:881] Train tree 1/240  [index:28 total:1m1.84s tree:1m1.83s]
I0000 00:00:1789328018.197853  296079 random_forest.cc:881] Train tree 49/240  [index:59 total:2m3.35s tree:1m1.22s]
I0000 00:00:1789328080.413483  296079 random_forest.cc:881] Train tree 97/240  [index:96 total:3m5.56s tree:1m2.21s]
I0000 00:00:1789328143.238718  296079 random_forest.cc:881] Train tree 145/240  [index:144 total:4m8.39s tree:1m2.82s]
I0000 00:00:1789328205.572970  296117 random_forest.cc:881] Train tree 193/240  [index:198 total:5m10.72s tree:1m1.56s]
I0000 00:00:1789328213.073188  295953 random_forest.cc:899] random_forest.cc Training block took: 318.224 s
W0000 00:00:1789328213.073222  295953 random_forest.cc:1216] EXITING EARLY TO SPEED UP EXPERIMENTS!
RESULT dataset=HIGGS_with_header threshold=1400 median=318.224s stddev=N/As n=1
./bazel-bin/examples/train_oblique_forest --input_mode csv --train_csv "benchmarks/data/SUSY_with_header.csv" --label_col "class" --num_trees=240 --dynamic_split_threshold=1400 --feature_split_type Oblique --numerical_split_type "Dynamic Random Histogram" --histogram_num_bins 256
----- Run 1/1 -----
WARNING: All log messages before absl::InitializeLog() is called are written to STDERR
I0000 00:00:1789328219.393227  297513 train_oblique_forest.cc:1101] Loading CSV in a single pass: benchmarks/data/SUSY_with_header.csv
I0000 00:00:1789328219.722505  297513 train_oblique_forest.cc:1108] Single-pass CSV load complete: 5000000 rows, 19 columns.
I0000 00:00:1789328219.722573  297513 train_oblique_forest.cc:1229] -1 (automatic) threads requested. 48 threads set.
I0000 00:00:1789328219.722583  297513 train_oblique_forest.cc:1304] Configuring oblique splits
I0000 00:00:1789328219.722585  297513 train_oblique_forest.cc:1313] dynamic_split_threshold = 1400 (from flag)
I0000 00:00:1789328219.722587  297513 train_oblique_forest.cc:1398] Using Dynamic Random Histogram with 256 samples
I0000 00:00:1789328219.722596  297513 train_oblique_forest.cc:1428] train_oblique_forest wall-time - Loading/Init (pre-train): 0.329399s
I0000 00:00:1789328219.722655  297513 abstract_learner.cc:171] No input feature explicitly specified. Using all the available input features.
I0000 00:00:1789328219.722658  297513 abstract_learner.cc:185] The label "class" was removed from the input feature set.
I0000 00:00:1789328219.722668  297513 random_forest.cc:534] Training random forest on 5000000 example(s) and 18 feature(s).
I0000 00:00:1789328219.722678  297513 gpu.cc:93] Cannot initialize GPU: Not compiled with GPU support
I0000 00:00:1789328219.723245  297513 random_forest.cc:663] num_threads being used: 48
I0000 00:00:1789328240.282545  297657 random_forest.cc:881] Train tree 1/240  [index:33 total:20.56s tree:20.56s]
I0000 00:00:1789328261.194544  297666 random_forest.cc:881] Train tree 49/240  [index:54 total:41.47s tree:20.57s]
I0000 00:00:1789328282.348569  297666 random_forest.cc:881] Train tree 97/240  [index:96 total:1m2.63s tree:21.15s]
I0000 00:00:1789328303.289892  297657 random_forest.cc:881] Train tree 145/240  [index:145 total:1m23.57s tree:20.93s]
I0000 00:00:1789328324.384654  297646 random_forest.cc:881] Train tree 193/240  [index:193 total:1m44.66s tree:21.01s]
I0000 00:00:1789328326.424038  297513 random_forest.cc:899] random_forest.cc Training block took: 106.701 s
W0000 00:00:1789328326.424072  297513 random_forest.cc:1216] EXITING EARLY TO SPEED UP EXPERIMENTS!
RESULT dataset=SUSY_with_header threshold=1400 median=106.701s stddev=N/As n=1
./bazel-bin/examples/train_oblique_forest --input_mode csv --train_csv "benchmarks/data/epsilon_normalized_train.csv" --label_col "label" --num_trees=240 --dynamic_split_threshold=1400 --feature_split_type Oblique --numerical_split_type "Dynamic Random Histogram" --histogram_num_bins 256
----- Run 1/1 -----
WARNING: All log messages before absl::InitializeLog() is called are written to STDERR
I0000 00:00:1789328329.053915  298118 train_oblique_forest.cc:1101] Loading CSV in a single pass: benchmarks/data/epsilon_normalized_train.csv
I0000 00:00:1789328330.814541  298118 train_oblique_forest.cc:1108] Single-pass CSV load complete: 400000 rows, 2001 columns.
I0000 00:00:1789328330.814610  298118 train_oblique_forest.cc:1229] -1 (automatic) threads requested. 48 threads set.
I0000 00:00:1789328330.814620  298118 train_oblique_forest.cc:1304] Configuring oblique splits
I0000 00:00:1789328330.814622  298118 train_oblique_forest.cc:1313] dynamic_split_threshold = 1400 (from flag)
I0000 00:00:1789328330.814624  298118 train_oblique_forest.cc:1398] Using Dynamic Random Histogram with 256 samples
I0000 00:00:1789328330.814633  298118 train_oblique_forest.cc:1428] train_oblique_forest wall-time - Loading/Init (pre-train): 1.76074s
I0000 00:00:1789328330.814798  298118 abstract_learner.cc:171] No input feature explicitly specified. Using all the available input features.
I0000 00:00:1789328330.814804  298118 abstract_learner.cc:185] The label "label" was removed from the input feature set.
I0000 00:00:1789328330.815139  298118 random_forest.cc:534] Training random forest on 400000 example(s) and 2000 feature(s).
I0000 00:00:1789328330.815206  298118 gpu.cc:93] Cannot initialize GPU: Not compiled with GPU support
I0000 00:00:1789328330.815955  298118 random_forest.cc:663] num_threads being used: 48
I0000 00:00:1789328340.895561  298298 random_forest.cc:881] Train tree 1/240  [index:45 total:10.08s tree:10.07s]
I0000 00:00:1789328361.398868  298298 random_forest.cc:881] Train tree 97/240  [index:98 total:30.58s tree:10.21s]
I0000 00:00:1789328381.835307  298298 random_forest.cc:881] Train tree 193/240  [index:192 total:51.02s tree:10.24s]
I0000 00:00:1789328382.954202  298118 random_forest.cc:899] random_forest.cc Training block took: 52.1396 s
W0000 00:00:1789328382.954252  298118 random_forest.cc:1216] EXITING EARLY TO SPEED UP EXPERIMENTS!
RESULT dataset=epsilon_normalized_train threshold=1400 median=52.1396s stddev=N/As n=1
./bazel-bin/examples/train_oblique_forest --input_mode trunk --rows 1500000 --cols 4096 --num_trees=240 --dynamic_split_threshold=1400 --feature_split_type Oblique --numerical_split_type "Dynamic Random Histogram" --histogram_num_bins 256
----- Run 1/1 -----
WARNING: All log messages before absl::InitializeLog() is called are written to STDERR
I0000 00:00:1789328383.236794  298534 train_oblique_forest.cc:1133] Generating trunk synthetic dataset: rows=1500000, cols=4096, layout=column
I0000 00:00:1789328384.599832  298534 train_oblique_forest.cc:1229] -1 (automatic) threads requested. 48 threads set.
I0000 00:00:1789328384.599867  298534 train_oblique_forest.cc:1304] Configuring oblique splits
I0000 00:00:1789328384.599869  298534 train_oblique_forest.cc:1313] dynamic_split_threshold = 1400 (from flag)
I0000 00:00:1789328384.599873  298534 train_oblique_forest.cc:1398] Using Dynamic Random Histogram with 256 samples
I0000 00:00:1789328384.599884  298534 train_oblique_forest.cc:1428] train_oblique_forest wall-time - Loading/Init (pre-train): 1.36312s
I0000 00:00:1789328384.600236  298534 abstract_learner.cc:171] No input feature explicitly specified. Using all the available input features.
I0000 00:00:1789328384.600242  298534 abstract_learner.cc:185] The label "y" was removed from the input feature set.
I0000 00:00:1789328384.600945  298534 random_forest.cc:534] Training random forest on 1500000 example(s) and 4096 feature(s).
I0000 00:00:1789328384.601086  298534 gpu.cc:93] Cannot initialize GPU: Not compiled with GPU support
I0000 00:00:1789328384.602031  298534 random_forest.cc:663] num_threads being used: 48
I0000 00:00:1789328439.581060  298629 random_forest.cc:881] Train tree 1/240  [index:40 total:54.98s tree:54.98s]
I0000 00:00:1789328493.492032  298624 random_forest.cc:881] Train tree 49/240  [index:76 total:1m48.89s tree:51.88s]
I0000 00:00:1789328550.075077  298636 random_forest.cc:881] Train tree 97/240  [index:97 total:2m45.47s tree:55.92s]
I0000 00:00:1789328606.590988  298636 random_forest.cc:881] Train tree 145/240  [index:144 total:3m41.99s tree:56.52s]
I0000 00:00:1789328661.768192  298636 random_forest.cc:881] Train tree 193/240  [index:192 total:4m37.17s tree:55.18s]
I0000 00:00:1789328673.550904  298534 random_forest.cc:899] random_forest.cc Training block took: 288.951 s
W0000 00:00:1789328673.550947  298534 random_forest.cc:1216] EXITING EARLY TO SPEED UP EXPERIMENTS!
RESULT dataset=trunk_1500000_x_4096 threshold=1400 median=288.951s stddev=N/As n=1
./bazel-bin/examples/train_oblique_forest --input_mode trunk --rows 150000 --cols 40000 --num_trees=240 --dynamic_split_threshold=1400 --feature_split_type Oblique --numerical_split_type "Dynamic Random Histogram" --histogram_num_bins 256
----- Run 1/1 -----
WARNING: All log messages before absl::InitializeLog() is called are written to STDERR
I0000 00:00:1789328674.611549  299762 train_oblique_forest.cc:1133] Generating trunk synthetic dataset: rows=150000, cols=40000, layout=column
I0000 00:00:1789328675.933968  299762 train_oblique_forest.cc:1229] -1 (automatic) threads requested. 48 threads set.
I0000 00:00:1789328675.934005  299762 train_oblique_forest.cc:1304] Configuring oblique splits
I0000 00:00:1789328675.934008  299762 train_oblique_forest.cc:1313] dynamic_split_threshold = 1400 (from flag)
I0000 00:00:1789328675.934011  299762 train_oblique_forest.cc:1398] Using Dynamic Random Histogram with 256 samples
I0000 00:00:1789328675.934022  299762 train_oblique_forest.cc:1428] train_oblique_forest wall-time - Loading/Init (pre-train): 1.3225s
I0000 00:00:1789328675.936833  299762 abstract_learner.cc:171] No input feature explicitly specified. Using all the available input features.
I0000 00:00:1789328675.936866  299762 abstract_learner.cc:185] The label "y" was removed from the input feature set.
I0000 00:00:1789328675.943392  299762 random_forest.cc:534] Training random forest on 150000 example(s) and 40000 feature(s).
I0000 00:00:1789328675.944472  299762 gpu.cc:93] Cannot initialize GPU: Not compiled with GPU support
I0000 00:00:1789328675.947160  299762 random_forest.cc:663] num_threads being used: 48
I0000 00:00:1789328691.376922  299830 random_forest.cc:881] Train tree 1/240  [index:15 total:15.43s tree:15.43s]
I0000 00:00:1789328723.268838  299817 random_forest.cc:881] Train tree 97/240  [index:110 total:47.32s tree:14.74s]
I0000 00:00:1789328755.889279  299817 random_forest.cc:881] Train tree 193/240  [index:192 total:1m19.94s tree:16.55s]
I0000 00:00:1789328758.636438  299762 random_forest.cc:899] random_forest.cc Training block took: 82.7024 s
W0000 00:00:1789328758.636476  299762 random_forest.cc:1216] EXITING EARLY TO SPEED UP EXPERIMENTS!
RESULT dataset=trunk_150000_x_40000 threshold=1400 median=82.7024s stddev=N/As n=1
./bazel-bin/examples/train_oblique_forest --input_mode trunk --rows 15000 --cols 400000 --num_trees=240 --dynamic_split_threshold=1400 --feature_split_type Oblique --numerical_split_type "Dynamic Random Histogram" --histogram_num_bins 256
----- Run 1/1 -----
WARNING: All log messages before absl::InitializeLog() is called are written to STDERR
I0000 00:00:1789328759.290252  300203 train_oblique_forest.cc:1133] Generating trunk synthetic dataset: rows=15000, cols=400000, layout=column
I0000 00:00:1789328760.788615  300203 train_oblique_forest.cc:1229] -1 (automatic) threads requested. 48 threads set.
I0000 00:00:1789328760.788650  300203 train_oblique_forest.cc:1304] Configuring oblique splits
I0000 00:00:1789328760.788652  300203 train_oblique_forest.cc:1313] dynamic_split_threshold = 1400 (from flag)
I0000 00:00:1789328760.788655  300203 train_oblique_forest.cc:1398] Using Dynamic Random Histogram with 256 samples
I0000 00:00:1789328760.788664  300203 train_oblique_forest.cc:1428] train_oblique_forest wall-time - Loading/Init (pre-train): 1.49844s
I0000 00:00:1789328760.812049  300203 abstract_learner.cc:171] No input feature explicitly specified. Using all the available input features.
I0000 00:00:1789328760.812323  300203 abstract_learner.cc:185] The label "y" was removed from the input feature set.
I0000 00:00:1789328760.877104  300203 random_forest.cc:534] Training random forest on 15000 example(s) and 400000 feature(s).
I0000 00:00:1789328760.887739  300203 gpu.cc:93] Cannot initialize GPU: Not compiled with GPU support
I0000 00:00:1789328760.909137  300203 random_forest.cc:663] num_threads being used: 48
I0000 00:00:1789328765.298356  300305 random_forest.cc:881] Train tree 1/240  [index:9 total:4.39s tree:4.39s]
I0000 00:00:1789328785.218442  300203 random_forest.cc:899] random_forest.cc Training block took: 24.4298 s
W0000 00:00:1789328785.218479  300203 random_forest.cc:1216] EXITING EARLY TO SPEED UP EXPERIMENTS!
RESULT dataset=trunk_15000_x_400000 threshold=1400 median=24.4298s stddev=N/As n=1


======== Threshold 1600 ========

./bazel-bin/examples/train_oblique_forest --input_mode csv --train_csv "benchmarks/data/HIGGS_with_header.csv" --label_col "class" --num_trees=240 --dynamic_split_threshold=1600 --feature_split_type Oblique --numerical_split_type "Dynamic Random Histogram" --histogram_num_bins 256
----- Run 1/1 -----
WARNING: All log messages before absl::InitializeLog() is called are written to STDERR
I0000 00:00:1789328785.846458  300428 train_oblique_forest.cc:1101] Loading CSV in a single pass: benchmarks/data/HIGGS_with_header.csv
I0000 00:00:1789328786.730315  300428 train_oblique_forest.cc:1108] Single-pass CSV load complete: 11000000 rows, 29 columns.
I0000 00:00:1789328786.730398  300428 train_oblique_forest.cc:1229] -1 (automatic) threads requested. 48 threads set.
I0000 00:00:1789328786.730409  300428 train_oblique_forest.cc:1304] Configuring oblique splits
I0000 00:00:1789328786.730411  300428 train_oblique_forest.cc:1313] dynamic_split_threshold = 1600 (from flag)
I0000 00:00:1789328786.730413  300428 train_oblique_forest.cc:1398] Using Dynamic Random Histogram with 256 samples
I0000 00:00:1789328786.730422  300428 train_oblique_forest.cc:1428] train_oblique_forest wall-time - Loading/Init (pre-train): 0.883993s
I0000 00:00:1789328786.730483  300428 abstract_learner.cc:171] No input feature explicitly specified. Using all the available input features.
I0000 00:00:1789328786.730485  300428 abstract_learner.cc:185] The label "class" was removed from the input feature set.
I0000 00:00:1789328786.730497  300428 random_forest.cc:534] Training random forest on 11000000 example(s) and 28 feature(s).
I0000 00:00:1789328786.730511  300428 gpu.cc:93] Cannot initialize GPU: Not compiled with GPU support
I0000 00:00:1789328786.731087  300428 random_forest.cc:663] num_threads being used: 48
I0000 00:00:1789328848.676263  300559 random_forest.cc:881] Train tree 1/240  [index:7 total:1m1.95s tree:1m1.94s]
I0000 00:00:1789328910.714131  300559 random_forest.cc:881] Train tree 49/240  [index:48 total:2m3.98s tree:1m2.04s]
I0000 00:00:1789328972.717903  300577 random_forest.cc:881] Train tree 97/240  [index:106 total:3m5.99s tree:1m1.29s]
I0000 00:00:1789329035.031384  300568 random_forest.cc:881] Train tree 145/240  [index:149 total:4m8.30s tree:1m1.73s]
I0000 00:00:1789329097.487976  300557 random_forest.cc:881] Train tree 193/240  [index:194 total:5m10.76s tree:1m2.01s]
I0000 00:00:1789329103.174888  300428 random_forest.cc:899] random_forest.cc Training block took: 316.444 s
W0000 00:00:1789329103.174928  300428 random_forest.cc:1216] EXITING EARLY TO SPEED UP EXPERIMENTS!
RESULT dataset=HIGGS_with_header threshold=1600 median=316.444s stddev=N/As n=1
./bazel-bin/examples/train_oblique_forest --input_mode csv --train_csv "benchmarks/data/SUSY_with_header.csv" --label_col "class" --num_trees=240 --dynamic_split_threshold=1600 --feature_split_type Oblique --numerical_split_type "Dynamic Random Histogram" --histogram_num_bins 256
----- Run 1/1 -----
WARNING: All log messages before absl::InitializeLog() is called are written to STDERR
I0000 00:00:1789329109.473832  301848 train_oblique_forest.cc:1101] Loading CSV in a single pass: benchmarks/data/SUSY_with_header.csv
I0000 00:00:1789329109.808247  301848 train_oblique_forest.cc:1108] Single-pass CSV load complete: 5000000 rows, 19 columns.
I0000 00:00:1789329109.808314  301848 train_oblique_forest.cc:1229] -1 (automatic) threads requested. 48 threads set.
I0000 00:00:1789329109.808323  301848 train_oblique_forest.cc:1304] Configuring oblique splits
I0000 00:00:1789329109.808325  301848 train_oblique_forest.cc:1313] dynamic_split_threshold = 1600 (from flag)
I0000 00:00:1789329109.808327  301848 train_oblique_forest.cc:1398] Using Dynamic Random Histogram with 256 samples
I0000 00:00:1789329109.808337  301848 train_oblique_forest.cc:1428] train_oblique_forest wall-time - Loading/Init (pre-train): 0.334531s
I0000 00:00:1789329109.808400  301848 abstract_learner.cc:171] No input feature explicitly specified. Using all the available input features.
I0000 00:00:1789329109.808402  301848 abstract_learner.cc:185] The label "class" was removed from the input feature set.
I0000 00:00:1789329109.808412  301848 random_forest.cc:534] Training random forest on 5000000 example(s) and 18 feature(s).
I0000 00:00:1789329109.808424  301848 gpu.cc:93] Cannot initialize GPU: Not compiled with GPU support
I0000 00:00:1789329109.808999  301848 random_forest.cc:663] num_threads being used: 48
I0000 00:00:1789329130.446359  302010 random_forest.cc:881] Train tree 1/240  [index:27 total:20.64s tree:20.63s]
I0000 00:00:1789329151.442091  301998 random_forest.cc:881] Train tree 49/240  [index:54 total:41.63s tree:20.64s]
I0000 00:00:1789329172.439485  301993 random_forest.cc:881] Train tree 97/240  [index:99 total:1m2.63s tree:20.91s]
I0000 00:00:1789329193.534923  301993 random_forest.cc:881] Train tree 145/240  [index:144 total:1m23.73s tree:21.10s]
I0000 00:00:1789329214.519952  302010 random_forest.cc:881] Train tree 193/240  [index:193 total:1m44.71s tree:20.84s]
I0000 00:00:1789329216.313841  301848 random_forest.cc:899] random_forest.cc Training block took: 106.505 s
W0000 00:00:1789329216.313876  301848 random_forest.cc:1216] EXITING EARLY TO SPEED UP EXPERIMENTS!
RESULT dataset=SUSY_with_header threshold=1600 median=106.505s stddev=N/As n=1
./bazel-bin/examples/train_oblique_forest --input_mode csv --train_csv "benchmarks/data/epsilon_normalized_train.csv" --label_col "label" --num_trees=240 --dynamic_split_threshold=1600 --feature_split_type Oblique --numerical_split_type "Dynamic Random Histogram" --histogram_num_bins 256
----- Run 1/1 -----
WARNING: All log messages before absl::InitializeLog() is called are written to STDERR
I0000 00:00:1789329218.953286  302455 train_oblique_forest.cc:1101] Loading CSV in a single pass: benchmarks/data/epsilon_normalized_train.csv
I0000 00:00:1789329220.759475  302455 train_oblique_forest.cc:1108] Single-pass CSV load complete: 400000 rows, 2001 columns.
I0000 00:00:1789329220.759545  302455 train_oblique_forest.cc:1229] -1 (automatic) threads requested. 48 threads set.
I0000 00:00:1789329220.759554  302455 train_oblique_forest.cc:1304] Configuring oblique splits
I0000 00:00:1789329220.759556  302455 train_oblique_forest.cc:1313] dynamic_split_threshold = 1600 (from flag)
I0000 00:00:1789329220.759558  302455 train_oblique_forest.cc:1398] Using Dynamic Random Histogram with 256 samples
I0000 00:00:1789329220.759567  302455 train_oblique_forest.cc:1428] train_oblique_forest wall-time - Loading/Init (pre-train): 1.80631s
I0000 00:00:1789329220.759743  302455 abstract_learner.cc:171] No input feature explicitly specified. Using all the available input features.
I0000 00:00:1789329220.759750  302455 abstract_learner.cc:185] The label "label" was removed from the input feature set.
I0000 00:00:1789329220.760090  302455 random_forest.cc:534] Training random forest on 400000 example(s) and 2000 feature(s).
I0000 00:00:1789329220.760154  302455 gpu.cc:93] Cannot initialize GPU: Not compiled with GPU support
I0000 00:00:1789329220.760852  302455 random_forest.cc:663] num_threads being used: 48
I0000 00:00:1789329230.885151  302625 random_forest.cc:881] Train tree 1/240  [index:30 total:10.12s tree:10.12s]
I0000 00:00:1789329251.425460  302601 random_forest.cc:881] Train tree 97/240  [index:102 total:30.66s tree:10.16s]
I0000 00:00:1789329271.917651  302601 random_forest.cc:881] Train tree 193/240  [index:192 total:51.16s tree:10.25s]
I0000 00:00:1789329273.180954  302455 random_forest.cc:899] random_forest.cc Training block took: 52.4214 s
W0000 00:00:1789329273.181001  302455 random_forest.cc:1216] EXITING EARLY TO SPEED UP EXPERIMENTS!
RESULT dataset=epsilon_normalized_train threshold=1600 median=52.4214s stddev=N/As n=1
./bazel-bin/examples/train_oblique_forest --input_mode trunk --rows 1500000 --cols 4096 --num_trees=240 --dynamic_split_threshold=1600 --feature_split_type Oblique --numerical_split_type "Dynamic Random Histogram" --histogram_num_bins 256
----- Run 1/1 -----
WARNING: All log messages before absl::InitializeLog() is called are written to STDERR
I0000 00:00:1789329273.464737  302869 train_oblique_forest.cc:1133] Generating trunk synthetic dataset: rows=1500000, cols=4096, layout=column
I0000 00:00:1789329274.839713  302869 train_oblique_forest.cc:1229] -1 (automatic) threads requested. 48 threads set.
I0000 00:00:1789329274.839749  302869 train_oblique_forest.cc:1304] Configuring oblique splits
I0000 00:00:1789329274.839751  302869 train_oblique_forest.cc:1313] dynamic_split_threshold = 1600 (from flag)
I0000 00:00:1789329274.839755  302869 train_oblique_forest.cc:1398] Using Dynamic Random Histogram with 256 samples
I0000 00:00:1789329274.839766  302869 train_oblique_forest.cc:1428] train_oblique_forest wall-time - Loading/Init (pre-train): 1.37506s
I0000 00:00:1789329274.840134  302869 abstract_learner.cc:171] No input feature explicitly specified. Using all the available input features.
I0000 00:00:1789329274.840140  302869 abstract_learner.cc:185] The label "y" was removed from the input feature set.
I0000 00:00:1789329274.840830  302869 random_forest.cc:534] Training random forest on 1500000 example(s) and 4096 feature(s).
I0000 00:00:1789329274.840975  302869 gpu.cc:93] Cannot initialize GPU: Not compiled with GPU support
I0000 00:00:1789329274.841938  302869 random_forest.cc:663] num_threads being used: 48
I0000 00:00:1789329329.554772  302968 random_forest.cc:881] Train tree 1/240  [index:43 total:54.71s tree:54.71s]
I0000 00:00:1789329383.684127  302940 random_forest.cc:881] Train tree 49/240  [index:76 total:1m48.84s tree:51.65s]
I0000 00:00:1789329440.718016  302955 random_forest.cc:881] Train tree 97/240  [index:97 total:2m45.88s tree:56.60s]
I0000 00:00:1789329497.754696  302940 random_forest.cc:881] Train tree 145/240  [index:146 total:3m42.91s tree:56.34s]
I0000 00:00:1789329552.576201  302940 random_forest.cc:881] Train tree 193/240  [index:192 total:4m37.73s tree:54.82s]
I0000 00:00:1789329562.244435  302869 random_forest.cc:899] random_forest.cc Training block took: 287.405 s
W0000 00:00:1789329562.244477  302869 random_forest.cc:1216] EXITING EARLY TO SPEED UP EXPERIMENTS!
RESULT dataset=trunk_1500000_x_4096 threshold=1600 median=287.405s stddev=N/As n=1
./bazel-bin/examples/train_oblique_forest --input_mode trunk --rows 150000 --cols 40000 --num_trees=240 --dynamic_split_threshold=1600 --feature_split_type Oblique --numerical_split_type "Dynamic Random Histogram" --histogram_num_bins 256
----- Run 1/1 -----
WARNING: All log messages before absl::InitializeLog() is called are written to STDERR
I0000 00:00:1789329563.308965  304092 train_oblique_forest.cc:1133] Generating trunk synthetic dataset: rows=150000, cols=40000, layout=column
I0000 00:00:1789329564.667109  304092 train_oblique_forest.cc:1229] -1 (automatic) threads requested. 48 threads set.
I0000 00:00:1789329564.667142  304092 train_oblique_forest.cc:1304] Configuring oblique splits
I0000 00:00:1789329564.667144  304092 train_oblique_forest.cc:1313] dynamic_split_threshold = 1600 (from flag)
I0000 00:00:1789329564.667147  304092 train_oblique_forest.cc:1398] Using Dynamic Random Histogram with 256 samples
I0000 00:00:1789329564.667156  304092 train_oblique_forest.cc:1428] train_oblique_forest wall-time - Loading/Init (pre-train): 1.35822s
I0000 00:00:1789329564.669569  304092 abstract_learner.cc:171] No input feature explicitly specified. Using all the available input features.
I0000 00:00:1789329564.669601  304092 abstract_learner.cc:185] The label "y" was removed from the input feature set.
I0000 00:00:1789329564.675772  304092 random_forest.cc:534] Training random forest on 150000 example(s) and 40000 feature(s).
I0000 00:00:1789329564.676846  304092 gpu.cc:93] Cannot initialize GPU: Not compiled with GPU support
I0000 00:00:1789329564.679578  304092 random_forest.cc:663] num_threads being used: 48
I0000 00:00:1789329579.971115  304157 random_forest.cc:881] Train tree 1/240  [index:15 total:15.29s tree:15.29s]
I0000 00:00:1789329612.496531  304185 random_forest.cc:881] Train tree 97/240  [index:110 total:47.82s tree:15.19s]
I0000 00:00:1789329645.109486  304168 random_forest.cc:881] Train tree 193/240  [index:192 total:1m20.43s tree:16.30s]
I0000 00:00:1789329647.801158  304092 random_forest.cc:899] random_forest.cc Training block took: 83.134 s
W0000 00:00:1789329647.801199  304092 random_forest.cc:1216] EXITING EARLY TO SPEED UP EXPERIMENTS!
RESULT dataset=trunk_150000_x_40000 threshold=1600 median=83.134s stddev=N/As n=1
./bazel-bin/examples/train_oblique_forest --input_mode trunk --rows 15000 --cols 400000 --num_trees=240 --dynamic_split_threshold=1600 --feature_split_type Oblique --numerical_split_type "Dynamic Random Histogram" --histogram_num_bins 256
----- Run 1/1 -----
WARNING: All log messages before absl::InitializeLog() is called are written to STDERR
I0000 00:00:1789329648.449758  304538 train_oblique_forest.cc:1133] Generating trunk synthetic dataset: rows=15000, cols=400000, layout=column
I0000 00:00:1789329649.902064  304538 train_oblique_forest.cc:1229] -1 (automatic) threads requested. 48 threads set.
I0000 00:00:1789329649.902100  304538 train_oblique_forest.cc:1304] Configuring oblique splits
I0000 00:00:1789329649.902102  304538 train_oblique_forest.cc:1313] dynamic_split_threshold = 1600 (from flag)
I0000 00:00:1789329649.902106  304538 train_oblique_forest.cc:1398] Using Dynamic Random Histogram with 256 samples
I0000 00:00:1789329649.902115  304538 train_oblique_forest.cc:1428] train_oblique_forest wall-time - Loading/Init (pre-train): 1.45238s
I0000 00:00:1789329649.927285  304538 abstract_learner.cc:171] No input feature explicitly specified. Using all the available input features.
I0000 00:00:1789329649.927561  304538 abstract_learner.cc:185] The label "y" was removed from the input feature set.
I0000 00:00:1789329649.991556  304538 random_forest.cc:534] Training random forest on 15000 example(s) and 400000 feature(s).
I0000 00:00:1789329650.001838  304538 gpu.cc:93] Cannot initialize GPU: Not compiled with GPU support
I0000 00:00:1789329650.023408  304538 random_forest.cc:663] num_threads being used: 48
I0000 00:00:1789329654.515171  304609 random_forest.cc:881] Train tree 1/240  [index:4 total:4.49s tree:4.49s]
I0000 00:00:1789329674.521988  304618 random_forest.cc:881] Train tree 240/240  [index:239 total:24.50s tree:4.49s]
I0000 00:00:1789329674.522483  304538 random_forest.cc:899] random_forest.cc Training block took: 24.6203 s
W0000 00:00:1789329674.522523  304538 random_forest.cc:1216] EXITING EARLY TO SPEED UP EXPERIMENTS!
RESULT dataset=trunk_15000_x_400000 threshold=1600 median=24.6203s stddev=N/As n=1
