==== PROVENANCE ====
date_utc: 2026-09-13T20:22:31Z
git_sha: 990f0ab7
git_branch: rebased-main
machine: Intel(R) Xeon(R) Platinum 8488C (nproc=48)
machine_serial: ec2d65b4-2555-44a5-d802-ecaea08b3ad7
compiler: Intel(R) oneAPI DPC++/C++ Compiler 2025.2.1 (2025.2.0.20250806)
EXTRA_BAZEL_CONFIGS: <none>
EXTRA_TRAIN_ARGS: --feature_split_type Oblique --numerical_split_type "Dynamic Random Histogram" --histogram_num_bins 256
NUM_TREES_DIVISOR: 1
NUM_TREES: 240  NUM_RUNS: 1
DYNAMIC_SPLIT_THRESHOLDS: 1800 2000 2200 2400 2600 2800 3000
====================


======== DYNAMIC THRESHOLD SWEEP  configs: <none>  args: --feature_split_type Oblique --numerical_split_type "Dynamic Random Histogram" --histogram_num_bins 256 ========



======== Threshold 1800 ========

./bazel-bin/examples/train_oblique_forest --input_mode csv --train_csv "benchmarks/data/HIGGS_with_header.csv" --label_col "class" --num_trees=240 --dynamic_split_threshold=1800 --feature_split_type Oblique --numerical_split_type "Dynamic Random Histogram" --histogram_num_bins 256
----- Run 1/1 -----
WARNING: All log messages before absl::InitializeLog() is called are written to STDERR
I0000 00:00:1789330951.588100  311613 train_oblique_forest.cc:1101] Loading CSV in a single pass: benchmarks/data/HIGGS_with_header.csv
I0000 00:00:1789330952.489971  311613 train_oblique_forest.cc:1108] Single-pass CSV load complete: 11000000 rows, 29 columns.
I0000 00:00:1789330952.490039  311613 train_oblique_forest.cc:1229] -1 (automatic) threads requested. 48 threads set.
I0000 00:00:1789330952.490049  311613 train_oblique_forest.cc:1304] Configuring oblique splits
I0000 00:00:1789330952.490051  311613 train_oblique_forest.cc:1313] dynamic_split_threshold = 1800 (from flag)
I0000 00:00:1789330952.490053  311613 train_oblique_forest.cc:1398] Using Dynamic Random Histogram with 256 samples
I0000 00:00:1789330952.490061  311613 train_oblique_forest.cc:1428] train_oblique_forest wall-time - Loading/Init (pre-train): 0.901988s
I0000 00:00:1789330952.490123  311613 abstract_learner.cc:171] No input feature explicitly specified. Using all the available input features.
I0000 00:00:1789330952.490125  311613 abstract_learner.cc:185] The label "class" was removed from the input feature set.
I0000 00:00:1789330952.490137  311613 random_forest.cc:534] Training random forest on 11000000 example(s) and 28 feature(s).
I0000 00:00:1789330952.490149  311613 gpu.cc:93] Cannot initialize GPU: Not compiled with GPU support
I0000 00:00:1789330952.490727  311613 random_forest.cc:663] num_threads being used: 48
I0000 00:00:1789331013.486341  311753 random_forest.cc:881] Train tree 1/240  [index:6 total:1m1.00s tree:1m0.99s]
I0000 00:00:1789331075.096132  311789 random_forest.cc:881] Train tree 49/240  [index:59 total:2m2.61s tree:1m0.99s]
I0000 00:00:1789331137.394558  311789 random_forest.cc:881] Train tree 97/240  [index:96 total:3m4.90s tree:1m2.30s]
I0000 00:00:1789331199.259026  311791 random_forest.cc:881] Train tree 145/240  [index:151 total:4m6.77s tree:1m1.44s]
I0000 00:00:1789331261.043176  311791 random_forest.cc:881] Train tree 193/240  [index:192 total:5m8.55s tree:1m1.78s]
I0000 00:00:1789331266.917851  311613 random_forest.cc:899] random_forest.cc Training block took: 314.428 s
W0000 00:00:1789331266.917888  311613 random_forest.cc:1216] EXITING EARLY TO SPEED UP EXPERIMENTS!
RESULT dataset=HIGGS_with_header threshold=1800 median=314.428s stddev=N/As n=1
./bazel-bin/examples/train_oblique_forest --input_mode csv --train_csv "benchmarks/data/SUSY_with_header.csv" --label_col "class" --num_trees=240 --dynamic_split_threshold=1800 --feature_split_type Oblique --numerical_split_type "Dynamic Random Histogram" --histogram_num_bins 256
----- Run 1/1 -----
WARNING: All log messages before absl::InitializeLog() is called are written to STDERR
I0000 00:00:1789331273.296797  313051 train_oblique_forest.cc:1101] Loading CSV in a single pass: benchmarks/data/SUSY_with_header.csv
I0000 00:00:1789331273.628919  313051 train_oblique_forest.cc:1108] Single-pass CSV load complete: 5000000 rows, 19 columns.
I0000 00:00:1789331273.628991  313051 train_oblique_forest.cc:1229] -1 (automatic) threads requested. 48 threads set.
I0000 00:00:1789331273.629001  313051 train_oblique_forest.cc:1304] Configuring oblique splits
I0000 00:00:1789331273.629003  313051 train_oblique_forest.cc:1313] dynamic_split_threshold = 1800 (from flag)
I0000 00:00:1789331273.629005  313051 train_oblique_forest.cc:1398] Using Dynamic Random Histogram with 256 samples
I0000 00:00:1789331273.629014  313051 train_oblique_forest.cc:1428] train_oblique_forest wall-time - Loading/Init (pre-train): 0.332244s
I0000 00:00:1789331273.629074  313051 abstract_learner.cc:171] No input feature explicitly specified. Using all the available input features.
I0000 00:00:1789331273.629076  313051 abstract_learner.cc:185] The label "class" was removed from the input feature set.
I0000 00:00:1789331273.629086  313051 random_forest.cc:534] Training random forest on 5000000 example(s) and 18 feature(s).
I0000 00:00:1789331273.629100  313051 gpu.cc:93] Cannot initialize GPU: Not compiled with GPU support
I0000 00:00:1789331273.629675  313051 random_forest.cc:663] num_threads being used: 48
I0000 00:00:1789331294.363744  313182 random_forest.cc:881] Train tree 1/240  [index:34 total:20.73s tree:20.73s]
I0000 00:00:1789331315.047768  313207 random_forest.cc:881] Train tree 49/240  [index:62 total:41.42s tree:20.35s]
I0000 00:00:1789331336.203519  313207 random_forest.cc:881] Train tree 97/240  [index:96 total:1m2.57s tree:21.16s]
I0000 00:00:1789331357.381666  313191 random_forest.cc:881] Train tree 145/240  [index:145 total:1m23.75s tree:20.97s]
I0000 00:00:1789331378.749102  313179 random_forest.cc:881] Train tree 193/240  [index:204 total:1m45.12s tree:20.78s]
I0000 00:00:1789331380.094104  313051 random_forest.cc:899] random_forest.cc Training block took: 106.465 s
W0000 00:00:1789331380.094138  313051 random_forest.cc:1216] EXITING EARLY TO SPEED UP EXPERIMENTS!
RESULT dataset=SUSY_with_header threshold=1800 median=106.465s stddev=N/As n=1
./bazel-bin/examples/train_oblique_forest --input_mode csv --train_csv "benchmarks/data/epsilon_normalized_train.csv" --label_col "label" --num_trees=240 --dynamic_split_threshold=1800 --feature_split_type Oblique --numerical_split_type "Dynamic Random Histogram" --histogram_num_bins 256
----- Run 1/1 -----
WARNING: All log messages before absl::InitializeLog() is called are written to STDERR
I0000 00:00:1789331382.721820  313652 train_oblique_forest.cc:1101] Loading CSV in a single pass: benchmarks/data/epsilon_normalized_train.csv
I0000 00:00:1789331384.493137  313652 train_oblique_forest.cc:1108] Single-pass CSV load complete: 400000 rows, 2001 columns.
I0000 00:00:1789331384.493203  313652 train_oblique_forest.cc:1229] -1 (automatic) threads requested. 48 threads set.
I0000 00:00:1789331384.493213  313652 train_oblique_forest.cc:1304] Configuring oblique splits
I0000 00:00:1789331384.493214  313652 train_oblique_forest.cc:1313] dynamic_split_threshold = 1800 (from flag)
I0000 00:00:1789331384.493216  313652 train_oblique_forest.cc:1398] Using Dynamic Random Histogram with 256 samples
I0000 00:00:1789331384.493225  313652 train_oblique_forest.cc:1428] train_oblique_forest wall-time - Loading/Init (pre-train): 1.77143s
I0000 00:00:1789331384.493391  313652 abstract_learner.cc:171] No input feature explicitly specified. Using all the available input features.
I0000 00:00:1789331384.493398  313652 abstract_learner.cc:185] The label "label" was removed from the input feature set.
I0000 00:00:1789331384.493739  313652 random_forest.cc:534] Training random forest on 400000 example(s) and 2000 feature(s).
I0000 00:00:1789331384.493804  313652 gpu.cc:93] Cannot initialize GPU: Not compiled with GPU support
I0000 00:00:1789331384.494516  313652 random_forest.cc:663] num_threads being used: 48
I0000 00:00:1789331394.702928  313832 random_forest.cc:881] Train tree 1/240  [index:38 total:10.21s tree:10.21s]
I0000 00:00:1789331415.293751  313806 random_forest.cc:881] Train tree 97/240  [index:102 total:30.80s tree:10.26s]
I0000 00:00:1789331435.770517  313826 random_forest.cc:881] Train tree 193/240  [index:193 total:51.28s tree:10.20s]
I0000 00:00:1789331436.777385  313652 random_forest.cc:899] random_forest.cc Training block took: 52.2842 s
W0000 00:00:1789331436.777433  313652 random_forest.cc:1216] EXITING EARLY TO SPEED UP EXPERIMENTS!
RESULT dataset=epsilon_normalized_train threshold=1800 median=52.2842s stddev=N/As n=1
./bazel-bin/examples/train_oblique_forest --input_mode trunk --rows 1500000 --cols 4096 --num_trees=240 --dynamic_split_threshold=1800 --feature_split_type Oblique --numerical_split_type "Dynamic Random Histogram" --histogram_num_bins 256
----- Run 1/1 -----
WARNING: All log messages before absl::InitializeLog() is called are written to STDERR
I0000 00:00:1789331437.059404  314079 train_oblique_forest.cc:1133] Generating trunk synthetic dataset: rows=1500000, cols=4096, layout=column
I0000 00:00:1789331438.482517  314079 train_oblique_forest.cc:1229] -1 (automatic) threads requested. 48 threads set.
I0000 00:00:1789331438.482552  314079 train_oblique_forest.cc:1304] Configuring oblique splits
I0000 00:00:1789331438.482554  314079 train_oblique_forest.cc:1313] dynamic_split_threshold = 1800 (from flag)
I0000 00:00:1789331438.482557  314079 train_oblique_forest.cc:1398] Using Dynamic Random Histogram with 256 samples
I0000 00:00:1789331438.482567  314079 train_oblique_forest.cc:1428] train_oblique_forest wall-time - Loading/Init (pre-train): 1.42319s
I0000 00:00:1789331438.482875  314079 abstract_learner.cc:171] No input feature explicitly specified. Using all the available input features.
I0000 00:00:1789331438.482880  314079 abstract_learner.cc:185] The label "y" was removed from the input feature set.
I0000 00:00:1789331438.483490  314079 random_forest.cc:534] Training random forest on 1500000 example(s) and 4096 feature(s).
I0000 00:00:1789331438.483617  314079 gpu.cc:93] Cannot initialize GPU: Not compiled with GPU support
I0000 00:00:1789331438.484488  314079 random_forest.cc:663] num_threads being used: 48
I0000 00:00:1789331493.605106  314145 random_forest.cc:881] Train tree 1/240  [index:40 total:55.12s tree:55.12s]
I0000 00:00:1789331547.502717  314136 random_forest.cc:881] Train tree 49/240  [index:76 total:1m49.02s tree:51.65s]
I0000 00:00:1789331604.531200  314136 random_forest.cc:881] Train tree 97/240  [index:96 total:2m46.05s tree:57.03s]
I0000 00:00:1789331661.705521  314136 random_forest.cc:881] Train tree 145/240  [index:144 total:3m43.22s tree:57.17s]
I0000 00:00:1789331716.357402  314136 random_forest.cc:881] Train tree 193/240  [index:192 total:4m37.87s tree:54.65s]
I0000 00:00:1789331726.324790  314079 random_forest.cc:899] random_forest.cc Training block took: 287.842 s
W0000 00:00:1789331726.324828  314079 random_forest.cc:1216] EXITING EARLY TO SPEED UP EXPERIMENTS!
RESULT dataset=trunk_1500000_x_4096 threshold=1800 median=287.842s stddev=N/As n=1
./bazel-bin/examples/train_oblique_forest --input_mode trunk --rows 150000 --cols 40000 --num_trees=240 --dynamic_split_threshold=1800 --feature_split_type Oblique --numerical_split_type "Dynamic Random Histogram" --histogram_num_bins 256
----- Run 1/1 -----
WARNING: All log messages before absl::InitializeLog() is called are written to STDERR
I0000 00:00:1789331727.392422  315304 train_oblique_forest.cc:1133] Generating trunk synthetic dataset: rows=150000, cols=40000, layout=column
I0000 00:00:1789331728.748422  315304 train_oblique_forest.cc:1229] -1 (automatic) threads requested. 48 threads set.
I0000 00:00:1789331728.748457  315304 train_oblique_forest.cc:1304] Configuring oblique splits
I0000 00:00:1789331728.748459  315304 train_oblique_forest.cc:1313] dynamic_split_threshold = 1800 (from flag)
I0000 00:00:1789331728.748463  315304 train_oblique_forest.cc:1398] Using Dynamic Random Histogram with 256 samples
I0000 00:00:1789331728.748472  315304 train_oblique_forest.cc:1428] train_oblique_forest wall-time - Loading/Init (pre-train): 1.35608s
I0000 00:00:1789331728.750912  315304 abstract_learner.cc:171] No input feature explicitly specified. Using all the available input features.
I0000 00:00:1789331728.750944  315304 abstract_learner.cc:185] The label "y" was removed from the input feature set.
I0000 00:00:1789331728.757177  315304 random_forest.cc:534] Training random forest on 150000 example(s) and 40000 feature(s).
I0000 00:00:1789331728.758298  315304 gpu.cc:93] Cannot initialize GPU: Not compiled with GPU support
I0000 00:00:1789331728.761050  315304 random_forest.cc:663] num_threads being used: 48
I0000 00:00:1789331744.316351  315405 random_forest.cc:881] Train tree 1/240  [index:15 total:15.56s tree:15.55s]
I0000 00:00:1789331775.983057  315374 random_forest.cc:881] Train tree 97/240  [index:110 total:47.22s tree:14.71s]
I0000 00:00:1789331796.326013  315371 random_forest.cc:881] Train tree 192/240  [index:191 total:1m7.56s tree:16.95s]
I0000 00:00:1789331812.492653  315304 random_forest.cc:899] random_forest.cc Training block took: 83.7442 s
W0000 00:00:1789331812.492692  315304 random_forest.cc:1216] EXITING EARLY TO SPEED UP EXPERIMENTS!
RESULT dataset=trunk_150000_x_40000 threshold=1800 median=83.7442s stddev=N/As n=1
./bazel-bin/examples/train_oblique_forest --input_mode trunk --rows 15000 --cols 400000 --num_trees=240 --dynamic_split_threshold=1800 --feature_split_type Oblique --numerical_split_type "Dynamic Random Histogram" --histogram_num_bins 256
----- Run 1/1 -----
WARNING: All log messages before absl::InitializeLog() is called are written to STDERR
I0000 00:00:1789331813.138533  315744 train_oblique_forest.cc:1133] Generating trunk synthetic dataset: rows=15000, cols=400000, layout=column
I0000 00:00:1789331814.617108  315744 train_oblique_forest.cc:1229] -1 (automatic) threads requested. 48 threads set.
I0000 00:00:1789331814.617142  315744 train_oblique_forest.cc:1304] Configuring oblique splits
I0000 00:00:1789331814.617144  315744 train_oblique_forest.cc:1313] dynamic_split_threshold = 1800 (from flag)
I0000 00:00:1789331814.617147  315744 train_oblique_forest.cc:1398] Using Dynamic Random Histogram with 256 samples
I0000 00:00:1789331814.617155  315744 train_oblique_forest.cc:1428] train_oblique_forest wall-time - Loading/Init (pre-train): 1.47865s
I0000 00:00:1789331814.640253  315744 abstract_learner.cc:171] No input feature explicitly specified. Using all the available input features.
I0000 00:00:1789331814.640527  315744 abstract_learner.cc:185] The label "y" was removed from the input feature set.
I0000 00:00:1789331814.704651  315744 random_forest.cc:534] Training random forest on 15000 example(s) and 400000 feature(s).
I0000 00:00:1789331814.714946  315744 gpu.cc:93] Cannot initialize GPU: Not compiled with GPU support
I0000 00:00:1789331814.736746  315744 random_forest.cc:663] num_threads being used: 48
I0000 00:00:1789331819.199283  315834 random_forest.cc:881] Train tree 1/240  [index:31 total:4.46s tree:4.46s]
I0000 00:00:1789331839.177800  315744 random_forest.cc:899] random_forest.cc Training block took: 24.5606 s
W0000 00:00:1789331839.177838  315744 random_forest.cc:1216] EXITING EARLY TO SPEED UP EXPERIMENTS!
RESULT dataset=trunk_15000_x_400000 threshold=1800 median=24.5606s stddev=N/As n=1


======== Threshold 2000 ========

./bazel-bin/examples/train_oblique_forest --input_mode csv --train_csv "benchmarks/data/HIGGS_with_header.csv" --label_col "class" --num_trees=240 --dynamic_split_threshold=2000 --feature_split_type Oblique --numerical_split_type "Dynamic Random Histogram" --histogram_num_bins 256
----- Run 1/1 -----
WARNING: All log messages before absl::InitializeLog() is called are written to STDERR
I0000 00:00:1789331839.805489  315971 train_oblique_forest.cc:1101] Loading CSV in a single pass: benchmarks/data/HIGGS_with_header.csv
I0000 00:00:1789331840.696041  315971 train_oblique_forest.cc:1108] Single-pass CSV load complete: 11000000 rows, 29 columns.
I0000 00:00:1789331840.696122  315971 train_oblique_forest.cc:1229] -1 (automatic) threads requested. 48 threads set.
I0000 00:00:1789331840.696132  315971 train_oblique_forest.cc:1304] Configuring oblique splits
I0000 00:00:1789331840.696134  315971 train_oblique_forest.cc:1313] dynamic_split_threshold = 2000 (from flag)
I0000 00:00:1789331840.696136  315971 train_oblique_forest.cc:1398] Using Dynamic Random Histogram with 256 samples
I0000 00:00:1789331840.696146  315971 train_oblique_forest.cc:1428] train_oblique_forest wall-time - Loading/Init (pre-train): 0.890683s
I0000 00:00:1789331840.696207  315971 abstract_learner.cc:171] No input feature explicitly specified. Using all the available input features.
I0000 00:00:1789331840.696210  315971 abstract_learner.cc:185] The label "class" was removed from the input feature set.
I0000 00:00:1789331840.696223  315971 random_forest.cc:534] Training random forest on 11000000 example(s) and 28 feature(s).
I0000 00:00:1789331840.696235  315971 gpu.cc:93] Cannot initialize GPU: Not compiled with GPU support
I0000 00:00:1789331840.696811  315971 random_forest.cc:663] num_threads being used: 48
I0000 00:00:1789331902.263870  316126 random_forest.cc:881] Train tree 1/240  [index:25 total:1m1.57s tree:1m1.56s]
I0000 00:00:1789331964.252037  316126 random_forest.cc:881] Train tree 49/240  [index:48 total:2m3.56s tree:1m1.99s]
I0000 00:00:1789332026.102729  316126 random_forest.cc:881] Train tree 97/240  [index:96 total:3m5.41s tree:1m1.85s]
I0000 00:00:1789332089.341341  316126 random_forest.cc:881] Train tree 145/240  [index:144 total:4m8.64s tree:1m3.24s]
I0000 00:00:1789332151.571603  316126 random_forest.cc:881] Train tree 193/240  [index:192 total:5m10.87s tree:1m2.23s]
I0000 00:00:1789332157.270929  315971 random_forest.cc:899] random_forest.cc Training block took: 316.575 s
W0000 00:00:1789332157.270965  315971 random_forest.cc:1216] EXITING EARLY TO SPEED UP EXPERIMENTS!
RESULT dataset=HIGGS_with_header threshold=2000 median=316.575s stddev=N/As n=1
./bazel-bin/examples/train_oblique_forest --input_mode csv --train_csv "benchmarks/data/SUSY_with_header.csv" --label_col "class" --num_trees=240 --dynamic_split_threshold=2000 --feature_split_type Oblique --numerical_split_type "Dynamic Random Histogram" --histogram_num_bins 256
----- Run 1/1 -----
WARNING: All log messages before absl::InitializeLog() is called are written to STDERR
I0000 00:00:1789332163.613063  317392 train_oblique_forest.cc:1101] Loading CSV in a single pass: benchmarks/data/SUSY_with_header.csv
I0000 00:00:1789332163.955493  317392 train_oblique_forest.cc:1108] Single-pass CSV load complete: 5000000 rows, 19 columns.
I0000 00:00:1789332163.955558  317392 train_oblique_forest.cc:1229] -1 (automatic) threads requested. 48 threads set.
I0000 00:00:1789332163.955567  317392 train_oblique_forest.cc:1304] Configuring oblique splits
I0000 00:00:1789332163.955569  317392 train_oblique_forest.cc:1313] dynamic_split_threshold = 2000 (from flag)
I0000 00:00:1789332163.955571  317392 train_oblique_forest.cc:1398] Using Dynamic Random Histogram with 256 samples
I0000 00:00:1789332163.955580  317392 train_oblique_forest.cc:1428] train_oblique_forest wall-time - Loading/Init (pre-train): 0.342543s
I0000 00:00:1789332163.955635  317392 abstract_learner.cc:171] No input feature explicitly specified. Using all the available input features.
I0000 00:00:1789332163.955637  317392 abstract_learner.cc:185] The label "class" was removed from the input feature set.
I0000 00:00:1789332163.955647  317392 random_forest.cc:534] Training random forest on 5000000 example(s) and 18 feature(s).
I0000 00:00:1789332163.955658  317392 gpu.cc:93] Cannot initialize GPU: Not compiled with GPU support
I0000 00:00:1789332163.956228  317392 random_forest.cc:663] num_threads being used: 48
I0000 00:00:1789332184.515321  317538 random_forest.cc:881] Train tree 1/240  [index:30 total:20.56s tree:20.55s]
I0000 00:00:1789332205.380321  317545 random_forest.cc:881] Train tree 49/240  [index:62 total:41.42s tree:20.35s]
I0000 00:00:1789332226.577758  317549 random_forest.cc:881] Train tree 97/240  [index:98 total:1m2.62s tree:20.99s]
I0000 00:00:1789332247.664928  317549 random_forest.cc:881] Train tree 145/240  [index:144 total:1m23.71s tree:21.09s]
I0000 00:00:1789332269.016464  317545 random_forest.cc:881] Train tree 193/240  [index:193 total:1m45.06s tree:21.03s]
I0000 00:00:1789332270.625750  317392 random_forest.cc:899] random_forest.cc Training block took: 106.67 s
W0000 00:00:1789332270.625779  317392 random_forest.cc:1216] EXITING EARLY TO SPEED UP EXPERIMENTS!
RESULT dataset=SUSY_with_header threshold=2000 median=106.67s stddev=N/As n=1
./bazel-bin/examples/train_oblique_forest --input_mode csv --train_csv "benchmarks/data/epsilon_normalized_train.csv" --label_col "label" --num_trees=240 --dynamic_split_threshold=2000 --feature_split_type Oblique --numerical_split_type "Dynamic Random Histogram" --histogram_num_bins 256
----- Run 1/1 -----
WARNING: All log messages before absl::InitializeLog() is called are written to STDERR
I0000 00:00:1789332273.276065  317999 train_oblique_forest.cc:1101] Loading CSV in a single pass: benchmarks/data/epsilon_normalized_train.csv
I0000 00:00:1789332275.037267  317999 train_oblique_forest.cc:1108] Single-pass CSV load complete: 400000 rows, 2001 columns.
I0000 00:00:1789332275.037329  317999 train_oblique_forest.cc:1229] -1 (automatic) threads requested. 48 threads set.
I0000 00:00:1789332275.037339  317999 train_oblique_forest.cc:1304] Configuring oblique splits
I0000 00:00:1789332275.037341  317999 train_oblique_forest.cc:1313] dynamic_split_threshold = 2000 (from flag)
I0000 00:00:1789332275.037343  317999 train_oblique_forest.cc:1398] Using Dynamic Random Histogram with 256 samples
I0000 00:00:1789332275.037352  317999 train_oblique_forest.cc:1428] train_oblique_forest wall-time - Loading/Init (pre-train): 1.76132s
I0000 00:00:1789332275.037514  317999 abstract_learner.cc:171] No input feature explicitly specified. Using all the available input features.
I0000 00:00:1789332275.037521  317999 abstract_learner.cc:185] The label "label" was removed from the input feature set.
I0000 00:00:1789332275.037863  317999 random_forest.cc:534] Training random forest on 400000 example(s) and 2000 feature(s).
I0000 00:00:1789332275.037927  317999 gpu.cc:93] Cannot initialize GPU: Not compiled with GPU support
I0000 00:00:1789332275.038628  317999 random_forest.cc:663] num_threads being used: 48
I0000 00:00:1789332285.181763  318164 random_forest.cc:881] Train tree 1/240  [index:13 total:10.14s tree:10.14s]
I0000 00:00:1789332305.735358  318169 random_forest.cc:881] Train tree 97/240  [index:96 total:30.70s tree:10.28s]
I0000 00:00:1789332326.311754  318188 random_forest.cc:881] Train tree 193/240  [index:194 total:51.27s tree:10.20s]
I0000 00:00:1789332327.471360  317999 random_forest.cc:899] random_forest.cc Training block took: 52.4341 s
W0000 00:00:1789332327.471463  317999 random_forest.cc:1216] EXITING EARLY TO SPEED UP EXPERIMENTS!
RESULT dataset=epsilon_normalized_train threshold=2000 median=52.4341s stddev=N/As n=1
./bazel-bin/examples/train_oblique_forest --input_mode trunk --rows 1500000 --cols 4096 --num_trees=240 --dynamic_split_threshold=2000 --feature_split_type Oblique --numerical_split_type "Dynamic Random Histogram" --histogram_num_bins 256
----- Run 1/1 -----
WARNING: All log messages before absl::InitializeLog() is called are written to STDERR
I0000 00:00:1789332327.750340  318418 train_oblique_forest.cc:1133] Generating trunk synthetic dataset: rows=1500000, cols=4096, layout=column
I0000 00:00:1789332329.169470  318418 train_oblique_forest.cc:1229] -1 (automatic) threads requested. 48 threads set.
I0000 00:00:1789332329.169505  318418 train_oblique_forest.cc:1304] Configuring oblique splits
I0000 00:00:1789332329.169508  318418 train_oblique_forest.cc:1313] dynamic_split_threshold = 2000 (from flag)
I0000 00:00:1789332329.169512  318418 train_oblique_forest.cc:1398] Using Dynamic Random Histogram with 256 samples
I0000 00:00:1789332329.169521  318418 train_oblique_forest.cc:1428] train_oblique_forest wall-time - Loading/Init (pre-train): 1.41921s
I0000 00:00:1789332329.169847  318418 abstract_learner.cc:171] No input feature explicitly specified. Using all the available input features.
I0000 00:00:1789332329.169852  318418 abstract_learner.cc:185] The label "y" was removed from the input feature set.
I0000 00:00:1789332329.170462  318418 random_forest.cc:534] Training random forest on 1500000 example(s) and 4096 feature(s).
I0000 00:00:1789332329.170597  318418 gpu.cc:93] Cannot initialize GPU: Not compiled with GPU support
I0000 00:00:1789332329.171404  318418 random_forest.cc:663] num_threads being used: 48
I0000 00:00:1789332383.121662  318490 random_forest.cc:881] Train tree 1/240  [index:40 total:53.95s tree:53.95s]
I0000 00:00:1789332438.247413  318506 random_forest.cc:881] Train tree 49/240  [index:61 total:1m49.08s tree:52.00s]
I0000 00:00:1789332495.297384  318487 random_forest.cc:881] Train tree 97/240  [index:97 total:2m46.13s tree:56.19s]
I0000 00:00:1789332553.011847  318503 random_forest.cc:881] Train tree 145/240  [index:152 total:3m43.84s tree:54.94s]
I0000 00:00:1789332608.064067  318503 random_forest.cc:881] Train tree 193/240  [index:192 total:4m38.89s tree:55.05s]
I0000 00:00:1789332618.133607  318418 random_forest.cc:899] random_forest.cc Training block took: 288.964 s
W0000 00:00:1789332618.133649  318418 random_forest.cc:1216] EXITING EARLY TO SPEED UP EXPERIMENTS!
RESULT dataset=trunk_1500000_x_4096 threshold=2000 median=288.964s stddev=N/As n=1
./bazel-bin/examples/train_oblique_forest --input_mode trunk --rows 150000 --cols 40000 --num_trees=240 --dynamic_split_threshold=2000 --feature_split_type Oblique --numerical_split_type "Dynamic Random Histogram" --histogram_num_bins 256
----- Run 1/1 -----
WARNING: All log messages before absl::InitializeLog() is called are written to STDERR
I0000 00:00:1789332619.211602  319645 train_oblique_forest.cc:1133] Generating trunk synthetic dataset: rows=150000, cols=40000, layout=column
I0000 00:00:1789332620.541820  319645 train_oblique_forest.cc:1229] -1 (automatic) threads requested. 48 threads set.
I0000 00:00:1789332620.541854  319645 train_oblique_forest.cc:1304] Configuring oblique splits
I0000 00:00:1789332620.541856  319645 train_oblique_forest.cc:1313] dynamic_split_threshold = 2000 (from flag)
I0000 00:00:1789332620.541860  319645 train_oblique_forest.cc:1398] Using Dynamic Random Histogram with 256 samples
I0000 00:00:1789332620.541870  319645 train_oblique_forest.cc:1428] train_oblique_forest wall-time - Loading/Init (pre-train): 1.3303s
I0000 00:00:1789332620.544236  319645 abstract_learner.cc:171] No input feature explicitly specified. Using all the available input features.
I0000 00:00:1789332620.544268  319645 abstract_learner.cc:185] The label "y" was removed from the input feature set.
I0000 00:00:1789332620.550465  319645 random_forest.cc:534] Training random forest on 150000 example(s) and 40000 feature(s).
I0000 00:00:1789332620.551548  319645 gpu.cc:93] Cannot initialize GPU: Not compiled with GPU support
I0000 00:00:1789332620.554275  319645 random_forest.cc:663] num_threads being used: 48
I0000 00:00:1789332636.135255  319721 random_forest.cc:881] Train tree 1/240  [index:26 total:15.58s tree:15.58s]
I0000 00:00:1789332667.703943  319718 random_forest.cc:881] Train tree 97/240  [index:110 total:47.15s tree:14.68s]
I0000 00:00:1789332687.965607  319735 random_forest.cc:881] Train tree 192/240  [index:191 total:1m7.41s tree:16.93s]
I0000 00:00:1789332704.049445  319645 random_forest.cc:899] random_forest.cc Training block took: 83.5076 s
W0000 00:00:1789332704.049484  319645 random_forest.cc:1216] EXITING EARLY TO SPEED UP EXPERIMENTS!
RESULT dataset=trunk_150000_x_40000 threshold=2000 median=83.5076s stddev=N/As n=1
./bazel-bin/examples/train_oblique_forest --input_mode trunk --rows 15000 --cols 400000 --num_trees=240 --dynamic_split_threshold=2000 --feature_split_type Oblique --numerical_split_type "Dynamic Random Histogram" --histogram_num_bins 256
----- Run 1/1 -----
WARNING: All log messages before absl::InitializeLog() is called are written to STDERR
I0000 00:00:1789332704.695650  320087 train_oblique_forest.cc:1133] Generating trunk synthetic dataset: rows=15000, cols=400000, layout=column
I0000 00:00:1789332706.203483  320087 train_oblique_forest.cc:1229] -1 (automatic) threads requested. 48 threads set.
I0000 00:00:1789332706.203518  320087 train_oblique_forest.cc:1304] Configuring oblique splits
I0000 00:00:1789332706.203520  320087 train_oblique_forest.cc:1313] dynamic_split_threshold = 2000 (from flag)
I0000 00:00:1789332706.203523  320087 train_oblique_forest.cc:1398] Using Dynamic Random Histogram with 256 samples
I0000 00:00:1789332706.203532  320087 train_oblique_forest.cc:1428] train_oblique_forest wall-time - Loading/Init (pre-train): 1.50791s
I0000 00:00:1789332706.226867  320087 abstract_learner.cc:171] No input feature explicitly specified. Using all the available input features.
I0000 00:00:1789332706.227140  320087 abstract_learner.cc:185] The label "y" was removed from the input feature set.
I0000 00:00:1789332706.292040  320087 random_forest.cc:534] Training random forest on 15000 example(s) and 400000 feature(s).
I0000 00:00:1789332706.302338  320087 gpu.cc:93] Cannot initialize GPU: Not compiled with GPU support
I0000 00:00:1789332706.324067  320087 random_forest.cc:663] num_threads being used: 48
I0000 00:00:1789332710.704876  320176 random_forest.cc:881] Train tree 1/240  [index:41 total:4.38s tree:4.37s]
I0000 00:00:1789332730.722330  320158 random_forest.cc:881] Train tree 239/240  [index:228 total:24.40s tree:5.00s]
I0000 00:00:1789332730.834578  320087 random_forest.cc:899] random_forest.cc Training block took: 24.631 s
W0000 00:00:1789332730.834608  320087 random_forest.cc:1216] EXITING EARLY TO SPEED UP EXPERIMENTS!
RESULT dataset=trunk_15000_x_400000 threshold=2000 median=24.631s stddev=N/As n=1


======== Threshold 2200 ========

./bazel-bin/examples/train_oblique_forest --input_mode csv --train_csv "benchmarks/data/HIGGS_with_header.csv" --label_col "class" --num_trees=240 --dynamic_split_threshold=2200 --feature_split_type Oblique --numerical_split_type "Dynamic Random Histogram" --histogram_num_bins 256
----- Run 1/1 -----
WARNING: All log messages before absl::InitializeLog() is called are written to STDERR
I0000 00:00:1789332731.460439  320312 train_oblique_forest.cc:1101] Loading CSV in a single pass: benchmarks/data/HIGGS_with_header.csv
I0000 00:00:1789332732.349897  320312 train_oblique_forest.cc:1108] Single-pass CSV load complete: 11000000 rows, 29 columns.
I0000 00:00:1789332732.349970  320312 train_oblique_forest.cc:1229] -1 (automatic) threads requested. 48 threads set.
I0000 00:00:1789332732.349980  320312 train_oblique_forest.cc:1304] Configuring oblique splits
I0000 00:00:1789332732.349982  320312 train_oblique_forest.cc:1313] dynamic_split_threshold = 2200 (from flag)
I0000 00:00:1789332732.349985  320312 train_oblique_forest.cc:1398] Using Dynamic Random Histogram with 256 samples
I0000 00:00:1789332732.349994  320312 train_oblique_forest.cc:1428] train_oblique_forest wall-time - Loading/Init (pre-train): 0.889581s
I0000 00:00:1789332732.350053  320312 abstract_learner.cc:171] No input feature explicitly specified. Using all the available input features.
I0000 00:00:1789332732.350055  320312 abstract_learner.cc:185] The label "class" was removed from the input feature set.
I0000 00:00:1789332732.350067  320312 random_forest.cc:534] Training random forest on 11000000 example(s) and 28 feature(s).
I0000 00:00:1789332732.350081  320312 gpu.cc:93] Cannot initialize GPU: Not compiled with GPU support
I0000 00:00:1789332732.350664  320312 random_forest.cc:663] num_threads being used: 48
I0000 00:00:1789332794.247103  320442 random_forest.cc:881] Train tree 1/240  [index:6 total:1m1.90s tree:1m1.89s]
I0000 00:00:1789332856.236711  320475 random_forest.cc:881] Train tree 49/240  [index:51 total:2m3.89s tree:1m1.66s]
I0000 00:00:1789332918.672565  320452 random_forest.cc:881] Train tree 97/240  [index:97 total:3m6.32s tree:1m2.17s]
I0000 00:00:1789332981.107577  320475 random_forest.cc:881] Train tree 145/240  [index:145 total:4m8.76s tree:1m2.03s]
I0000 00:00:1789333042.956544  320452 random_forest.cc:881] Train tree 193/240  [index:193 total:5m10.61s tree:1m1.58s]
I0000 00:00:1789333048.598783  320312 random_forest.cc:899] random_forest.cc Training block took: 316.249 s
W0000 00:00:1789333048.598819  320312 random_forest.cc:1216] EXITING EARLY TO SPEED UP EXPERIMENTS!
RESULT dataset=HIGGS_with_header threshold=2200 median=316.249s stddev=N/As n=1
./bazel-bin/examples/train_oblique_forest --input_mode csv --train_csv "benchmarks/data/SUSY_with_header.csv" --label_col "class" --num_trees=240 --dynamic_split_threshold=2200 --feature_split_type Oblique --numerical_split_type "Dynamic Random Histogram" --histogram_num_bins 256
----- Run 1/1 -----
WARNING: All log messages before absl::InitializeLog() is called are written to STDERR
I0000 00:00:1789333055.013439  321738 train_oblique_forest.cc:1101] Loading CSV in a single pass: benchmarks/data/SUSY_with_header.csv
I0000 00:00:1789333055.343765  321738 train_oblique_forest.cc:1108] Single-pass CSV load complete: 5000000 rows, 19 columns.
I0000 00:00:1789333055.343829  321738 train_oblique_forest.cc:1229] -1 (automatic) threads requested. 48 threads set.
I0000 00:00:1789333055.343839  321738 train_oblique_forest.cc:1304] Configuring oblique splits
I0000 00:00:1789333055.343841  321738 train_oblique_forest.cc:1313] dynamic_split_threshold = 2200 (from flag)
I0000 00:00:1789333055.343844  321738 train_oblique_forest.cc:1398] Using Dynamic Random Histogram with 256 samples
I0000 00:00:1789333055.343853  321738 train_oblique_forest.cc:1428] train_oblique_forest wall-time - Loading/Init (pre-train): 0.33044s
I0000 00:00:1789333055.343913  321738 abstract_learner.cc:171] No input feature explicitly specified. Using all the available input features.
I0000 00:00:1789333055.343915  321738 abstract_learner.cc:185] The label "class" was removed from the input feature set.
I0000 00:00:1789333055.343926  321738 random_forest.cc:534] Training random forest on 5000000 example(s) and 18 feature(s).
I0000 00:00:1789333055.343937  321738 gpu.cc:93] Cannot initialize GPU: Not compiled with GPU support
I0000 00:00:1789333055.344513  321738 random_forest.cc:663] num_threads being used: 48
I0000 00:00:1789333076.150493  321865 random_forest.cc:881] Train tree 1/240  [index:16 total:20.81s tree:20.80s]
I0000 00:00:1789333097.104775  321881 random_forest.cc:881] Train tree 49/240  [index:62 total:41.76s tree:20.61s]
I0000 00:00:1789333118.353932  321870 random_forest.cc:881] Train tree 97/240  [index:102 total:1m3.01s tree:20.96s]
I0000 00:00:1789333139.287496  321870 random_forest.cc:881] Train tree 145/240  [index:144 total:1m23.94s tree:20.93s]
I0000 00:00:1789333160.553457  321874 random_forest.cc:881] Train tree 193/240  [index:194 total:1m45.21s tree:21.04s]
I0000 00:00:1789333162.433896  321738 random_forest.cc:899] random_forest.cc Training block took: 107.09 s
W0000 00:00:1789333162.433934  321738 random_forest.cc:1216] EXITING EARLY TO SPEED UP EXPERIMENTS!
RESULT dataset=SUSY_with_header threshold=2200 median=107.09s stddev=N/As n=1
./bazel-bin/examples/train_oblique_forest --input_mode csv --train_csv "benchmarks/data/epsilon_normalized_train.csv" --label_col "label" --num_trees=240 --dynamic_split_threshold=2200 --feature_split_type Oblique --numerical_split_type "Dynamic Random Histogram" --histogram_num_bins 256
----- Run 1/1 -----
WARNING: All log messages before absl::InitializeLog() is called are written to STDERR
I0000 00:00:1789333165.064135  322346 train_oblique_forest.cc:1101] Loading CSV in a single pass: benchmarks/data/epsilon_normalized_train.csv
I0000 00:00:1789333166.829243  322346 train_oblique_forest.cc:1108] Single-pass CSV load complete: 400000 rows, 2001 columns.
I0000 00:00:1789333166.829308  322346 train_oblique_forest.cc:1229] -1 (automatic) threads requested. 48 threads set.
I0000 00:00:1789333166.829317  322346 train_oblique_forest.cc:1304] Configuring oblique splits
I0000 00:00:1789333166.829319  322346 train_oblique_forest.cc:1313] dynamic_split_threshold = 2200 (from flag)
I0000 00:00:1789333166.829321  322346 train_oblique_forest.cc:1398] Using Dynamic Random Histogram with 256 samples
I0000 00:00:1789333166.829330  322346 train_oblique_forest.cc:1428] train_oblique_forest wall-time - Loading/Init (pre-train): 1.76522s
I0000 00:00:1789333166.829500  322346 abstract_learner.cc:171] No input feature explicitly specified. Using all the available input features.
I0000 00:00:1789333166.829507  322346 abstract_learner.cc:185] The label "label" was removed from the input feature set.
I0000 00:00:1789333166.829850  322346 random_forest.cc:534] Training random forest on 400000 example(s) and 2000 feature(s).
I0000 00:00:1789333166.829914  322346 gpu.cc:93] Cannot initialize GPU: Not compiled with GPU support
I0000 00:00:1789333166.830617  322346 random_forest.cc:663] num_threads being used: 48
I0000 00:00:1789333177.034268  322528 random_forest.cc:881] Train tree 1/240  [index:18 total:10.20s tree:10.20s]
I0000 00:00:1789333197.622363  322514 random_forest.cc:881] Train tree 97/240  [index:99 total:30.79s tree:10.25s]
I0000 00:00:1789333218.267561  322539 random_forest.cc:881] Train tree 193/240  [index:193 total:51.44s tree:10.31s]
I0000 00:00:1789333219.328478  322346 random_forest.cc:899] random_forest.cc Training block took: 52.4991 s
W0000 00:00:1789333219.328515  322346 random_forest.cc:1216] EXITING EARLY TO SPEED UP EXPERIMENTS!
RESULT dataset=epsilon_normalized_train threshold=2200 median=52.4991s stddev=N/As n=1
./bazel-bin/examples/train_oblique_forest --input_mode trunk --rows 1500000 --cols 4096 --num_trees=240 --dynamic_split_threshold=2200 --feature_split_type Oblique --numerical_split_type "Dynamic Random Histogram" --histogram_num_bins 256
----- Run 1/1 -----
WARNING: All log messages before absl::InitializeLog() is called are written to STDERR
I0000 00:00:1789333219.609804  322762 train_oblique_forest.cc:1133] Generating trunk synthetic dataset: rows=1500000, cols=4096, layout=column
I0000 00:00:1789333221.023839  322762 train_oblique_forest.cc:1229] -1 (automatic) threads requested. 48 threads set.
I0000 00:00:1789333221.023873  322762 train_oblique_forest.cc:1304] Configuring oblique splits
I0000 00:00:1789333221.023877  322762 train_oblique_forest.cc:1313] dynamic_split_threshold = 2200 (from flag)
I0000 00:00:1789333221.023880  322762 train_oblique_forest.cc:1398] Using Dynamic Random Histogram with 256 samples
I0000 00:00:1789333221.023889  322762 train_oblique_forest.cc:1428] train_oblique_forest wall-time - Loading/Init (pre-train): 1.41411s
I0000 00:00:1789333221.024198  322762 abstract_learner.cc:171] No input feature explicitly specified. Using all the available input features.
I0000 00:00:1789333221.024204  322762 abstract_learner.cc:185] The label "y" was removed from the input feature set.
I0000 00:00:1789333221.024849  322762 random_forest.cc:534] Training random forest on 1500000 example(s) and 4096 feature(s).
I0000 00:00:1789333221.024980  322762 gpu.cc:93] Cannot initialize GPU: Not compiled with GPU support
I0000 00:00:1789333221.025820  322762 random_forest.cc:663] num_threads being used: 48
I0000 00:00:1789333275.339324  322861 random_forest.cc:881] Train tree 1/240  [index:43 total:54.31s tree:54.31s]
I0000 00:00:1789333330.489729  322859 random_forest.cc:881] Train tree 49/240  [index:76 total:1m49.46s tree:52.00s]
I0000 00:00:1789333387.920046  322834 random_forest.cc:881] Train tree 97/240  [index:98 total:2m46.89s tree:57.19s]
I0000 00:00:1789333444.922369  322841 random_forest.cc:881] Train tree 145/240  [index:147 total:3m43.90s tree:56.38s]
I0000 00:00:1789333499.407017  322841 random_forest.cc:881] Train tree 193/240  [index:192 total:4m38.38s tree:54.48s]
I0000 00:00:1789333510.340015  322762 random_forest.cc:899] random_forest.cc Training block took: 289.316 s
W0000 00:00:1789333510.340054  322762 random_forest.cc:1216] EXITING EARLY TO SPEED UP EXPERIMENTS!
RESULT dataset=trunk_1500000_x_4096 threshold=2200 median=289.316s stddev=N/As n=1
./bazel-bin/examples/train_oblique_forest --input_mode trunk --rows 150000 --cols 40000 --num_trees=240 --dynamic_split_threshold=2200 --feature_split_type Oblique --numerical_split_type "Dynamic Random Histogram" --histogram_num_bins 256
----- Run 1/1 -----
WARNING: All log messages before absl::InitializeLog() is called are written to STDERR
I0000 00:00:1789333511.411999  324001 train_oblique_forest.cc:1133] Generating trunk synthetic dataset: rows=150000, cols=40000, layout=column
I0000 00:00:1789333512.752935  324001 train_oblique_forest.cc:1229] -1 (automatic) threads requested. 48 threads set.
I0000 00:00:1789333512.752969  324001 train_oblique_forest.cc:1304] Configuring oblique splits
I0000 00:00:1789333512.752974  324001 train_oblique_forest.cc:1313] dynamic_split_threshold = 2200 (from flag)
I0000 00:00:1789333512.752977  324001 train_oblique_forest.cc:1398] Using Dynamic Random Histogram with 256 samples
I0000 00:00:1789333512.752987  324001 train_oblique_forest.cc:1428] train_oblique_forest wall-time - Loading/Init (pre-train): 1.34101s
I0000 00:00:1789333512.755512  324001 abstract_learner.cc:171] No input feature explicitly specified. Using all the available input features.
I0000 00:00:1789333512.755545  324001 abstract_learner.cc:185] The label "y" was removed from the input feature set.
I0000 00:00:1789333512.761840  324001 random_forest.cc:534] Training random forest on 150000 example(s) and 40000 feature(s).
I0000 00:00:1789333512.762962  324001 gpu.cc:93] Cannot initialize GPU: Not compiled with GPU support
I0000 00:00:1789333512.765700  324001 random_forest.cc:663] num_threads being used: 48
I0000 00:00:1789333528.375039  324076 random_forest.cc:881] Train tree 1/240  [index:15 total:15.61s tree:15.60s]
I0000 00:00:1789333559.952941  324063 random_forest.cc:881] Train tree 97/240  [index:110 total:47.19s tree:14.56s]
I0000 00:00:1789333580.495158  324104 random_forest.cc:881] Train tree 192/240  [index:191 total:1m7.73s tree:17.20s]
I0000 00:00:1789333596.308244  324001 random_forest.cc:899] random_forest.cc Training block took: 83.5552 s
W0000 00:00:1789333596.308283  324001 random_forest.cc:1216] EXITING EARLY TO SPEED UP EXPERIMENTS!
RESULT dataset=trunk_150000_x_40000 threshold=2200 median=83.5552s stddev=N/As n=1
./bazel-bin/examples/train_oblique_forest --input_mode trunk --rows 15000 --cols 400000 --num_trees=240 --dynamic_split_threshold=2200 --feature_split_type Oblique --numerical_split_type "Dynamic Random Histogram" --histogram_num_bins 256
----- Run 1/1 -----
WARNING: All log messages before absl::InitializeLog() is called are written to STDERR
I0000 00:00:1789333596.964206  324444 train_oblique_forest.cc:1133] Generating trunk synthetic dataset: rows=15000, cols=400000, layout=column
I0000 00:00:1789333598.492283  324444 train_oblique_forest.cc:1229] -1 (automatic) threads requested. 48 threads set.
I0000 00:00:1789333598.492317  324444 train_oblique_forest.cc:1304] Configuring oblique splits
I0000 00:00:1789333598.492319  324444 train_oblique_forest.cc:1313] dynamic_split_threshold = 2200 (from flag)
I0000 00:00:1789333598.492323  324444 train_oblique_forest.cc:1398] Using Dynamic Random Histogram with 256 samples
I0000 00:00:1789333598.492332  324444 train_oblique_forest.cc:1428] train_oblique_forest wall-time - Loading/Init (pre-train): 1.52815s
I0000 00:00:1789333598.515544  324444 abstract_learner.cc:171] No input feature explicitly specified. Using all the available input features.
I0000 00:00:1789333598.515814  324444 abstract_learner.cc:185] The label "y" was removed from the input feature set.
I0000 00:00:1789333598.579661  324444 random_forest.cc:534] Training random forest on 15000 example(s) and 400000 feature(s).
I0000 00:00:1789333598.589608  324444 gpu.cc:93] Cannot initialize GPU: Not compiled with GPU support
I0000 00:00:1789333598.611210  324444 random_forest.cc:663] num_threads being used: 48
I0000 00:00:1789333602.992160  324532 random_forest.cc:881] Train tree 1/240  [index:41 total:4.38s tree:4.38s]
I0000 00:00:1789333623.038044  324523 random_forest.cc:881] Train tree 239/240  [index:239 total:24.43s tree:4.54s]
I0000 00:00:1789333623.085435  324444 random_forest.cc:899] random_forest.cc Training block took: 24.5931 s
W0000 00:00:1789333623.085465  324444 random_forest.cc:1216] EXITING EARLY TO SPEED UP EXPERIMENTS!
RESULT dataset=trunk_15000_x_400000 threshold=2200 median=24.5931s stddev=N/As n=1


======== Threshold 2400 ========

./bazel-bin/examples/train_oblique_forest --input_mode csv --train_csv "benchmarks/data/HIGGS_with_header.csv" --label_col "class" --num_trees=240 --dynamic_split_threshold=2400 --feature_split_type Oblique --numerical_split_type "Dynamic Random Histogram" --histogram_num_bins 256
----- Run 1/1 -----
WARNING: All log messages before absl::InitializeLog() is called are written to STDERR
I0000 00:00:1789333623.713881  324669 train_oblique_forest.cc:1101] Loading CSV in a single pass: benchmarks/data/HIGGS_with_header.csv
I0000 00:00:1789333624.600355  324669 train_oblique_forest.cc:1108] Single-pass CSV load complete: 11000000 rows, 29 columns.
I0000 00:00:1789333624.600433  324669 train_oblique_forest.cc:1229] -1 (automatic) threads requested. 48 threads set.
I0000 00:00:1789333624.600444  324669 train_oblique_forest.cc:1304] Configuring oblique splits
I0000 00:00:1789333624.600446  324669 train_oblique_forest.cc:1313] dynamic_split_threshold = 2400 (from flag)
I0000 00:00:1789333624.600448  324669 train_oblique_forest.cc:1398] Using Dynamic Random Histogram with 256 samples
I0000 00:00:1789333624.600457  324669 train_oblique_forest.cc:1428] train_oblique_forest wall-time - Loading/Init (pre-train): 0.886604s
I0000 00:00:1789333624.600517  324669 abstract_learner.cc:171] No input feature explicitly specified. Using all the available input features.
I0000 00:00:1789333624.600520  324669 abstract_learner.cc:185] The label "class" was removed from the input feature set.
I0000 00:00:1789333624.600531  324669 random_forest.cc:534] Training random forest on 11000000 example(s) and 28 feature(s).
I0000 00:00:1789333624.600544  324669 gpu.cc:93] Cannot initialize GPU: Not compiled with GPU support
I0000 00:00:1789333624.601119  324669 random_forest.cc:663] num_threads being used: 48
I0000 00:00:1789333686.145488  324800 random_forest.cc:881] Train tree 1/240  [index:6 total:1m1.54s tree:1m1.54s]
I0000 00:00:1789333748.138676  324815 random_forest.cc:881] Train tree 49/240  [index:50 total:2m3.54s tree:1m1.72s]
I0000 00:00:1789333810.519371  324815 random_forest.cc:881] Train tree 97/240  [index:96 total:3m5.92s tree:1m2.38s]
I0000 00:00:1789333873.645625  324815 random_forest.cc:881] Train tree 145/240  [index:144 total:4m9.04s tree:1m3.12s]
I0000 00:00:1789333935.762508  324802 random_forest.cc:881] Train tree 193/240  [index:193 total:5m11.16s tree:1m2.00s]
I0000 00:00:1789333940.955248  324669 random_forest.cc:899] random_forest.cc Training block took: 316.355 s
W0000 00:00:1789333940.955286  324669 random_forest.cc:1216] EXITING EARLY TO SPEED UP EXPERIMENTS!
RESULT dataset=HIGGS_with_header threshold=2400 median=316.355s stddev=N/As n=1
./bazel-bin/examples/train_oblique_forest --input_mode csv --train_csv "benchmarks/data/SUSY_with_header.csv" --label_col "class" --num_trees=240 --dynamic_split_threshold=2400 --feature_split_type Oblique --numerical_split_type "Dynamic Random Histogram" --histogram_num_bins 256
----- Run 1/1 -----
WARNING: All log messages before absl::InitializeLog() is called are written to STDERR
I0000 00:00:1789333947.403807  326089 train_oblique_forest.cc:1101] Loading CSV in a single pass: benchmarks/data/SUSY_with_header.csv
I0000 00:00:1789333947.738887  326089 train_oblique_forest.cc:1108] Single-pass CSV load complete: 5000000 rows, 19 columns.
I0000 00:00:1789333947.738951  326089 train_oblique_forest.cc:1229] -1 (automatic) threads requested. 48 threads set.
I0000 00:00:1789333947.738960  326089 train_oblique_forest.cc:1304] Configuring oblique splits
I0000 00:00:1789333947.738962  326089 train_oblique_forest.cc:1313] dynamic_split_threshold = 2400 (from flag)
I0000 00:00:1789333947.738964  326089 train_oblique_forest.cc:1398] Using Dynamic Random Histogram with 256 samples
I0000 00:00:1789333947.738973  326089 train_oblique_forest.cc:1428] train_oblique_forest wall-time - Loading/Init (pre-train): 0.335195s
I0000 00:00:1789333947.739029  326089 abstract_learner.cc:171] No input feature explicitly specified. Using all the available input features.
I0000 00:00:1789333947.739031  326089 abstract_learner.cc:185] The label "class" was removed from the input feature set.
I0000 00:00:1789333947.739041  326089 random_forest.cc:534] Training random forest on 5000000 example(s) and 18 feature(s).
I0000 00:00:1789333947.739051  326089 gpu.cc:93] Cannot initialize GPU: Not compiled with GPU support
I0000 00:00:1789333947.739631  326089 random_forest.cc:663] num_threads being used: 48
I0000 00:00:1789333968.487178  326226 random_forest.cc:881] Train tree 1/240  [index:19 total:20.75s tree:20.75s]
I0000 00:00:1789333989.631341  326245 random_forest.cc:881] Train tree 49/240  [index:49 total:41.89s tree:21.06s]
I0000 00:00:1789334010.669630  326226 random_forest.cc:881] Train tree 97/240  [index:102 total:1m2.93s tree:20.93s]
I0000 00:00:1789334031.723278  326218 random_forest.cc:881] Train tree 145/240  [index:145 total:1m23.98s tree:20.97s]
I0000 00:00:1789334052.912192  326226 random_forest.cc:881] Train tree 193/240  [index:193 total:1m45.17s tree:20.85s]
I0000 00:00:1789334054.810582  326089 random_forest.cc:899] random_forest.cc Training block took: 107.072 s
W0000 00:00:1789334054.810620  326089 random_forest.cc:1216] EXITING EARLY TO SPEED UP EXPERIMENTS!
RESULT dataset=SUSY_with_header threshold=2400 median=107.072s stddev=N/As n=1
./bazel-bin/examples/train_oblique_forest --input_mode csv --train_csv "benchmarks/data/epsilon_normalized_train.csv" --label_col "label" --num_trees=240 --dynamic_split_threshold=2400 --feature_split_type Oblique --numerical_split_type "Dynamic Random Histogram" --histogram_num_bins 256
----- Run 1/1 -----
WARNING: All log messages before absl::InitializeLog() is called are written to STDERR
I0000 00:00:1789334057.435253  326697 train_oblique_forest.cc:1101] Loading CSV in a single pass: benchmarks/data/epsilon_normalized_train.csv
I0000 00:00:1789334059.218613  326697 train_oblique_forest.cc:1108] Single-pass CSV load complete: 400000 rows, 2001 columns.
I0000 00:00:1789334059.218677  326697 train_oblique_forest.cc:1229] -1 (automatic) threads requested. 48 threads set.
I0000 00:00:1789334059.218686  326697 train_oblique_forest.cc:1304] Configuring oblique splits
I0000 00:00:1789334059.218688  326697 train_oblique_forest.cc:1313] dynamic_split_threshold = 2400 (from flag)
I0000 00:00:1789334059.218690  326697 train_oblique_forest.cc:1398] Using Dynamic Random Histogram with 256 samples
I0000 00:00:1789334059.218699  326697 train_oblique_forest.cc:1428] train_oblique_forest wall-time - Loading/Init (pre-train): 1.78347s
I0000 00:00:1789334059.218863  326697 abstract_learner.cc:171] No input feature explicitly specified. Using all the available input features.
I0000 00:00:1789334059.218870  326697 abstract_learner.cc:185] The label "label" was removed from the input feature set.
I0000 00:00:1789334059.219211  326697 random_forest.cc:534] Training random forest on 400000 example(s) and 2000 feature(s).
I0000 00:00:1789334059.219275  326697 gpu.cc:93] Cannot initialize GPU: Not compiled with GPU support
I0000 00:00:1789334059.219982  326697 random_forest.cc:663] num_threads being used: 48
I0000 00:00:1789334069.477969  326886 random_forest.cc:881] Train tree 1/240  [index:13 total:10.26s tree:10.26s]
I0000 00:00:1789334090.123647  326892 random_forest.cc:881] Train tree 97/240  [index:97 total:30.90s tree:10.32s]
I0000 00:00:1789334110.788494  326883 random_forest.cc:881] Train tree 193/240  [index:193 total:51.57s tree:10.28s]
I0000 00:00:1789334112.084603  326697 random_forest.cc:899] random_forest.cc Training block took: 52.8659 s
W0000 00:00:1789334112.084648  326697 random_forest.cc:1216] EXITING EARLY TO SPEED UP EXPERIMENTS!
RESULT dataset=epsilon_normalized_train threshold=2400 median=52.8659s stddev=N/As n=1
./bazel-bin/examples/train_oblique_forest --input_mode trunk --rows 1500000 --cols 4096 --num_trees=240 --dynamic_split_threshold=2400 --feature_split_type Oblique --numerical_split_type "Dynamic Random Histogram" --histogram_num_bins 256
----- Run 1/1 -----
WARNING: All log messages before absl::InitializeLog() is called are written to STDERR
I0000 00:00:1789334112.365157  327121 train_oblique_forest.cc:1133] Generating trunk synthetic dataset: rows=1500000, cols=4096, layout=column
I0000 00:00:1789334113.746409  327121 train_oblique_forest.cc:1229] -1 (automatic) threads requested. 48 threads set.
I0000 00:00:1789334113.746447  327121 train_oblique_forest.cc:1304] Configuring oblique splits
I0000 00:00:1789334113.746450  327121 train_oblique_forest.cc:1313] dynamic_split_threshold = 2400 (from flag)
I0000 00:00:1789334113.746453  327121 train_oblique_forest.cc:1398] Using Dynamic Random Histogram with 256 samples
I0000 00:00:1789334113.746464  327121 train_oblique_forest.cc:1428] train_oblique_forest wall-time - Loading/Init (pre-train): 1.38133s
I0000 00:00:1789334113.746817  327121 abstract_learner.cc:171] No input feature explicitly specified. Using all the available input features.
I0000 00:00:1789334113.746823  327121 abstract_learner.cc:185] The label "y" was removed from the input feature set.
I0000 00:00:1789334113.747527  327121 random_forest.cc:534] Training random forest on 1500000 example(s) and 4096 feature(s).
I0000 00:00:1789334113.747666  327121 gpu.cc:93] Cannot initialize GPU: Not compiled with GPU support
I0000 00:00:1789334113.748627  327121 random_forest.cc:663] num_threads being used: 48
I0000 00:00:1789334169.048265  327209 random_forest.cc:881] Train tree 1/240  [index:40 total:55.30s tree:55.30s]
I0000 00:00:1789334222.254329  327182 random_forest.cc:881] Train tree 49/240  [index:61 total:1m48.51s tree:51.83s]
I0000 00:00:1789334278.576245  327192 random_forest.cc:881] Train tree 97/240  [index:97 total:2m44.83s tree:55.14s]
I0000 00:00:1789334336.800014  327192 random_forest.cc:881] Train tree 145/240  [index:144 total:3m43.05s tree:58.22s]
I0000 00:00:1789334391.520201  327192 random_forest.cc:881] Train tree 193/240  [index:192 total:4m37.77s tree:54.72s]
I0000 00:00:1789334403.183048  327121 random_forest.cc:899] random_forest.cc Training block took: 289.437 s
W0000 00:00:1789334403.183090  327121 random_forest.cc:1216] EXITING EARLY TO SPEED UP EXPERIMENTS!
RESULT dataset=trunk_1500000_x_4096 threshold=2400 median=289.437s stddev=N/As n=1
./bazel-bin/examples/train_oblique_forest --input_mode trunk --rows 150000 --cols 40000 --num_trees=240 --dynamic_split_threshold=2400 --feature_split_type Oblique --numerical_split_type "Dynamic Random Histogram" --histogram_num_bins 256
----- Run 1/1 -----
WARNING: All log messages before absl::InitializeLog() is called are written to STDERR
I0000 00:00:1789334404.246643  328340 train_oblique_forest.cc:1133] Generating trunk synthetic dataset: rows=150000, cols=40000, layout=column
I0000 00:00:1789334405.581118  328340 train_oblique_forest.cc:1229] -1 (automatic) threads requested. 48 threads set.
I0000 00:00:1789334405.581152  328340 train_oblique_forest.cc:1304] Configuring oblique splits
I0000 00:00:1789334405.581156  328340 train_oblique_forest.cc:1313] dynamic_split_threshold = 2400 (from flag)
I0000 00:00:1789334405.581159  328340 train_oblique_forest.cc:1398] Using Dynamic Random Histogram with 256 samples
I0000 00:00:1789334405.581169  328340 train_oblique_forest.cc:1428] train_oblique_forest wall-time - Loading/Init (pre-train): 1.33455s
I0000 00:00:1789334405.583742  328340 abstract_learner.cc:171] No input feature explicitly specified. Using all the available input features.
I0000 00:00:1789334405.583775  328340 abstract_learner.cc:185] The label "y" was removed from the input feature set.
I0000 00:00:1789334405.590080  328340 random_forest.cc:534] Training random forest on 150000 example(s) and 40000 feature(s).
I0000 00:00:1789334405.591165  328340 gpu.cc:93] Cannot initialize GPU: Not compiled with GPU support
I0000 00:00:1789334405.593959  328340 random_forest.cc:663] num_threads being used: 48
I0000 00:00:1789334421.168007  328405 random_forest.cc:881] Train tree 1/240  [index:15 total:15.57s tree:15.57s]
I0000 00:00:1789334453.063904  328415 random_forest.cc:881] Train tree 97/240  [index:110 total:47.47s tree:14.72s]
I0000 00:00:1789334473.241967  328398 random_forest.cc:881] Train tree 191/240  [index:189 total:1m7.65s tree:16.99s]
I0000 00:00:1789334489.660514  328340 random_forest.cc:899] random_forest.cc Training block took: 84.0793 s
W0000 00:00:1789334489.660550  328340 random_forest.cc:1216] EXITING EARLY TO SPEED UP EXPERIMENTS!
RESULT dataset=trunk_150000_x_40000 threshold=2400 median=84.0793s stddev=N/As n=1
./bazel-bin/examples/train_oblique_forest --input_mode trunk --rows 15000 --cols 400000 --num_trees=240 --dynamic_split_threshold=2400 --feature_split_type Oblique --numerical_split_type "Dynamic Random Histogram" --histogram_num_bins 256
----- Run 1/1 -----
WARNING: All log messages before absl::InitializeLog() is called are written to STDERR
I0000 00:00:1789334490.308024  328792 train_oblique_forest.cc:1133] Generating trunk synthetic dataset: rows=15000, cols=400000, layout=column
I0000 00:00:1789334491.761777  328792 train_oblique_forest.cc:1229] -1 (automatic) threads requested. 48 threads set.
I0000 00:00:1789334491.761811  328792 train_oblique_forest.cc:1304] Configuring oblique splits
I0000 00:00:1789334491.761813  328792 train_oblique_forest.cc:1313] dynamic_split_threshold = 2400 (from flag)
I0000 00:00:1789334491.761817  328792 train_oblique_forest.cc:1398] Using Dynamic Random Histogram with 256 samples
I0000 00:00:1789334491.761826  328792 train_oblique_forest.cc:1428] train_oblique_forest wall-time - Loading/Init (pre-train): 1.45383s
I0000 00:00:1789334491.787987  328792 abstract_learner.cc:171] No input feature explicitly specified. Using all the available input features.
I0000 00:00:1789334491.788256  328792 abstract_learner.cc:185] The label "y" was removed from the input feature set.
I0000 00:00:1789334491.853308  328792 random_forest.cc:534] Training random forest on 15000 example(s) and 400000 feature(s).
I0000 00:00:1789334491.863676  328792 gpu.cc:93] Cannot initialize GPU: Not compiled with GPU support
I0000 00:00:1789334491.885638  328792 random_forest.cc:663] num_threads being used: 48
I0000 00:00:1789334496.390650  328850 random_forest.cc:881] Train tree 1/240  [index:4 total:4.51s tree:4.50s]
I0000 00:00:1789334516.350425  328792 random_forest.cc:899] random_forest.cc Training block took: 24.5886 s
W0000 00:00:1789334516.350462  328792 random_forest.cc:1216] EXITING EARLY TO SPEED UP EXPERIMENTS!
RESULT dataset=trunk_15000_x_400000 threshold=2400 median=24.5886s stddev=N/As n=1


======== Threshold 2600 ========

./bazel-bin/examples/train_oblique_forest --input_mode csv --train_csv "benchmarks/data/HIGGS_with_header.csv" --label_col "class" --num_trees=240 --dynamic_split_threshold=2600 --feature_split_type Oblique --numerical_split_type "Dynamic Random Histogram" --histogram_num_bins 256
----- Run 1/1 -----
WARNING: All log messages before absl::InitializeLog() is called are written to STDERR
I0000 00:00:1789334516.978978  329009 train_oblique_forest.cc:1101] Loading CSV in a single pass: benchmarks/data/HIGGS_with_header.csv
I0000 00:00:1789334517.890127  329009 train_oblique_forest.cc:1108] Single-pass CSV load complete: 11000000 rows, 29 columns.
I0000 00:00:1789334517.890201  329009 train_oblique_forest.cc:1229] -1 (automatic) threads requested. 48 threads set.
I0000 00:00:1789334517.890212  329009 train_oblique_forest.cc:1304] Configuring oblique splits
I0000 00:00:1789334517.890213  329009 train_oblique_forest.cc:1313] dynamic_split_threshold = 2600 (from flag)
I0000 00:00:1789334517.890215  329009 train_oblique_forest.cc:1398] Using Dynamic Random Histogram with 256 samples
I0000 00:00:1789334517.890225  329009 train_oblique_forest.cc:1428] train_oblique_forest wall-time - Loading/Init (pre-train): 0.911272s
I0000 00:00:1789334517.890285  329009 abstract_learner.cc:171] No input feature explicitly specified. Using all the available input features.
I0000 00:00:1789334517.890287  329009 abstract_learner.cc:185] The label "class" was removed from the input feature set.
I0000 00:00:1789334517.890299  329009 random_forest.cc:534] Training random forest on 11000000 example(s) and 28 feature(s).
I0000 00:00:1789334517.890311  329009 gpu.cc:93] Cannot initialize GPU: Not compiled with GPU support
I0000 00:00:1789334517.890891  329009 random_forest.cc:663] num_threads being used: 48
I0000 00:00:1789334579.581808  329158 random_forest.cc:881] Train tree 1/240  [index:7 total:1m1.69s tree:1m1.69s]
I0000 00:00:1789334642.207456  329145 random_forest.cc:881] Train tree 49/240  [index:50 total:2m4.32s tree:1m2.45s]
I0000 00:00:1789334704.321005  329182 random_forest.cc:881] Train tree 97/240  [index:98 total:3m6.43s tree:1m2.02s]
I0000 00:00:1789334766.542775  329157 random_forest.cc:881] Train tree 145/240  [index:149 total:4m8.65s tree:1m1.65s]
I0000 00:00:1789334828.984107  329157 random_forest.cc:881] Train tree 193/240  [index:192 total:5m11.09s tree:1m2.44s]
I0000 00:00:1789334835.208478  329009 random_forest.cc:899] random_forest.cc Training block took: 317.318 s
W0000 00:00:1789334835.208514  329009 random_forest.cc:1216] EXITING EARLY TO SPEED UP EXPERIMENTS!
RESULT dataset=HIGGS_with_header threshold=2600 median=317.318s stddev=N/As n=1
./bazel-bin/examples/train_oblique_forest --input_mode csv --train_csv "benchmarks/data/SUSY_with_header.csv" --label_col "class" --num_trees=240 --dynamic_split_threshold=2600 --feature_split_type Oblique --numerical_split_type "Dynamic Random Histogram" --histogram_num_bins 256
----- Run 1/1 -----
WARNING: All log messages before absl::InitializeLog() is called are written to STDERR
I0000 00:00:1789334841.731699  330448 train_oblique_forest.cc:1101] Loading CSV in a single pass: benchmarks/data/SUSY_with_header.csv
I0000 00:00:1789334842.066519  330448 train_oblique_forest.cc:1108] Single-pass CSV load complete: 5000000 rows, 19 columns.
I0000 00:00:1789334842.066591  330448 train_oblique_forest.cc:1229] -1 (automatic) threads requested. 48 threads set.
I0000 00:00:1789334842.066601  330448 train_oblique_forest.cc:1304] Configuring oblique splits
I0000 00:00:1789334842.066603  330448 train_oblique_forest.cc:1313] dynamic_split_threshold = 2600 (from flag)
I0000 00:00:1789334842.066605  330448 train_oblique_forest.cc:1398] Using Dynamic Random Histogram with 256 samples
I0000 00:00:1789334842.066614  330448 train_oblique_forest.cc:1428] train_oblique_forest wall-time - Loading/Init (pre-train): 0.334943s
I0000 00:00:1789334842.066675  330448 abstract_learner.cc:171] No input feature explicitly specified. Using all the available input features.
I0000 00:00:1789334842.066677  330448 abstract_learner.cc:185] The label "class" was removed from the input feature set.
I0000 00:00:1789334842.066687  330448 random_forest.cc:534] Training random forest on 5000000 example(s) and 18 feature(s).
I0000 00:00:1789334842.066700  330448 gpu.cc:93] Cannot initialize GPU: Not compiled with GPU support
I0000 00:00:1789334842.067271  330448 random_forest.cc:663] num_threads being used: 48
I0000 00:00:1789334862.727528  330598 random_forest.cc:881] Train tree 1/240  [index:42 total:20.66s tree:20.65s]
I0000 00:00:1789334883.827313  330580 random_forest.cc:881] Train tree 49/240  [index:62 total:41.76s tree:20.55s]
I0000 00:00:1789334905.110774  330569 random_forest.cc:881] Train tree 97/240  [index:104 total:1m3.04s tree:20.87s]
I0000 00:00:1789334926.294772  330569 random_forest.cc:881] Train tree 145/240  [index:144 total:1m24.23s tree:21.18s]
I0000 00:00:1789334947.451804  330576 random_forest.cc:881] Train tree 193/240  [index:193 total:1m45.38s tree:20.98s]
I0000 00:00:1789334949.347320  330448 random_forest.cc:899] random_forest.cc Training block took: 107.281 s
W0000 00:00:1789334949.347357  330448 random_forest.cc:1216] EXITING EARLY TO SPEED UP EXPERIMENTS!
RESULT dataset=SUSY_with_header threshold=2600 median=107.281s stddev=N/As n=1
./bazel-bin/examples/train_oblique_forest --input_mode csv --train_csv "benchmarks/data/epsilon_normalized_train.csv" --label_col "label" --num_trees=240 --dynamic_split_threshold=2600 --feature_split_type Oblique --numerical_split_type "Dynamic Random Histogram" --histogram_num_bins 256
----- Run 1/1 -----
WARNING: All log messages before absl::InitializeLog() is called are written to STDERR
I0000 00:00:1789334951.984267  331047 train_oblique_forest.cc:1101] Loading CSV in a single pass: benchmarks/data/epsilon_normalized_train.csv
I0000 00:00:1789334953.774336  331047 train_oblique_forest.cc:1108] Single-pass CSV load complete: 400000 rows, 2001 columns.
I0000 00:00:1789334953.774410  331047 train_oblique_forest.cc:1229] -1 (automatic) threads requested. 48 threads set.
I0000 00:00:1789334953.774420  331047 train_oblique_forest.cc:1304] Configuring oblique splits
I0000 00:00:1789334953.774422  331047 train_oblique_forest.cc:1313] dynamic_split_threshold = 2600 (from flag)
I0000 00:00:1789334953.774425  331047 train_oblique_forest.cc:1398] Using Dynamic Random Histogram with 256 samples
I0000 00:00:1789334953.774434  331047 train_oblique_forest.cc:1428] train_oblique_forest wall-time - Loading/Init (pre-train): 1.79019s
I0000 00:00:1789334953.774601  331047 abstract_learner.cc:171] No input feature explicitly specified. Using all the available input features.
I0000 00:00:1789334953.774609  331047 abstract_learner.cc:185] The label "label" was removed from the input feature set.
I0000 00:00:1789334953.774949  331047 random_forest.cc:534] Training random forest on 400000 example(s) and 2000 feature(s).
I0000 00:00:1789334953.775015  331047 gpu.cc:93] Cannot initialize GPU: Not compiled with GPU support
I0000 00:00:1789334953.775721  331047 random_forest.cc:663] num_threads being used: 48
I0000 00:00:1789334963.978006  331226 random_forest.cc:881] Train tree 1/240  [index:36 total:10.20s tree:10.20s]
I0000 00:00:1789334984.674555  331225 random_forest.cc:881] Train tree 97/240  [index:99 total:30.90s tree:10.29s]
I0000 00:00:1789335005.412775  331206 random_forest.cc:881] Train tree 193/240  [index:192 total:51.64s tree:10.39s]
I0000 00:00:1789335006.455336  331047 random_forest.cc:899] random_forest.cc Training block took: 52.6809 s
W0000 00:00:1789335006.455390  331047 random_forest.cc:1216] EXITING EARLY TO SPEED UP EXPERIMENTS!
RESULT dataset=epsilon_normalized_train threshold=2600 median=52.6809s stddev=N/As n=1
./bazel-bin/examples/train_oblique_forest --input_mode trunk --rows 1500000 --cols 4096 --num_trees=240 --dynamic_split_threshold=2600 --feature_split_type Oblique --numerical_split_type "Dynamic Random Histogram" --histogram_num_bins 256
----- Run 1/1 -----
WARNING: All log messages before absl::InitializeLog() is called are written to STDERR
I0000 00:00:1789335006.736344  331472 train_oblique_forest.cc:1133] Generating trunk synthetic dataset: rows=1500000, cols=4096, layout=column
I0000 00:00:1789335008.159816  331472 train_oblique_forest.cc:1229] -1 (automatic) threads requested. 48 threads set.
I0000 00:00:1789335008.159848  331472 train_oblique_forest.cc:1304] Configuring oblique splits
I0000 00:00:1789335008.159851  331472 train_oblique_forest.cc:1313] dynamic_split_threshold = 2600 (from flag)
I0000 00:00:1789335008.159853  331472 train_oblique_forest.cc:1398] Using Dynamic Random Histogram with 256 samples
I0000 00:00:1789335008.159863  331472 train_oblique_forest.cc:1428] train_oblique_forest wall-time - Loading/Init (pre-train): 1.42354s
I0000 00:00:1789335008.160155  331472 abstract_learner.cc:171] No input feature explicitly specified. Using all the available input features.
I0000 00:00:1789335008.160159  331472 abstract_learner.cc:185] The label "y" was removed from the input feature set.
I0000 00:00:1789335008.160756  331472 random_forest.cc:534] Training random forest on 1500000 example(s) and 4096 feature(s).
I0000 00:00:1789335008.160883  331472 gpu.cc:93] Cannot initialize GPU: Not compiled with GPU support
I0000 00:00:1789335008.161738  331472 random_forest.cc:663] num_threads being used: 48
I0000 00:00:1789335063.954394  331559 random_forest.cc:881] Train tree 1/240  [index:43 total:55.79s tree:55.79s]
I0000 00:00:1789335118.101233  331539 random_forest.cc:881] Train tree 49/240  [index:76 total:1m49.94s tree:52.32s]
I0000 00:00:1789335174.444935  331539 random_forest.cc:881] Train tree 97/240  [index:96 total:2m46.28s tree:56.34s]
I0000 00:00:1789335232.384844  331539 random_forest.cc:881] Train tree 145/240  [index:144 total:3m44.22s tree:57.94s]
I0000 00:00:1789335287.491860  331539 random_forest.cc:881] Train tree 193/240  [index:192 total:4m39.33s tree:55.11s]
I0000 00:00:1789335297.464223  331472 random_forest.cc:899] random_forest.cc Training block took: 289.304 s
W0000 00:00:1789335297.464267  331472 random_forest.cc:1216] EXITING EARLY TO SPEED UP EXPERIMENTS!
RESULT dataset=trunk_1500000_x_4096 threshold=2600 median=289.304s stddev=N/As n=1
./bazel-bin/examples/train_oblique_forest --input_mode trunk --rows 150000 --cols 40000 --num_trees=240 --dynamic_split_threshold=2600 --feature_split_type Oblique --numerical_split_type "Dynamic Random Histogram" --histogram_num_bins 256
----- Run 1/1 -----
WARNING: All log messages before absl::InitializeLog() is called are written to STDERR
I0000 00:00:1789335298.527662  332705 train_oblique_forest.cc:1133] Generating trunk synthetic dataset: rows=150000, cols=40000, layout=column
I0000 00:00:1789335299.914800  332705 train_oblique_forest.cc:1229] -1 (automatic) threads requested. 48 threads set.
I0000 00:00:1789335299.914834  332705 train_oblique_forest.cc:1304] Configuring oblique splits
I0000 00:00:1789335299.914836  332705 train_oblique_forest.cc:1313] dynamic_split_threshold = 2600 (from flag)
I0000 00:00:1789335299.914839  332705 train_oblique_forest.cc:1398] Using Dynamic Random Histogram with 256 samples
I0000 00:00:1789335299.914847  332705 train_oblique_forest.cc:1428] train_oblique_forest wall-time - Loading/Init (pre-train): 1.38721s
I0000 00:00:1789335299.917320  332705 abstract_learner.cc:171] No input feature explicitly specified. Using all the available input features.
I0000 00:00:1789335299.917352  332705 abstract_learner.cc:185] The label "y" was removed from the input feature set.
I0000 00:00:1789335299.923607  332705 random_forest.cc:534] Training random forest on 150000 example(s) and 40000 feature(s).
I0000 00:00:1789335299.924770  332705 gpu.cc:93] Cannot initialize GPU: Not compiled with GPU support
I0000 00:00:1789335299.927535  332705 random_forest.cc:663] num_threads being used: 48
I0000 00:00:1789335315.300445  332761 random_forest.cc:881] Train tree 1/240  [index:15 total:15.37s tree:15.37s]
I0000 00:00:1789335347.254636  332756 random_forest.cc:881] Train tree 97/240  [index:110 total:47.33s tree:14.63s]
I0000 00:00:1789335367.383121  332771 random_forest.cc:881] Train tree 192/240  [index:191 total:1m7.46s tree:16.85s]
I0000 00:00:1789335383.835923  332705 random_forest.cc:899] random_forest.cc Training block took: 83.9211 s
W0000 00:00:1789335383.835957  332705 random_forest.cc:1216] EXITING EARLY TO SPEED UP EXPERIMENTS!
RESULT dataset=trunk_150000_x_40000 threshold=2600 median=83.9211s stddev=N/As n=1
./bazel-bin/examples/train_oblique_forest --input_mode trunk --rows 15000 --cols 400000 --num_trees=240 --dynamic_split_threshold=2600 --feature_split_type Oblique --numerical_split_type "Dynamic Random Histogram" --histogram_num_bins 256
----- Run 1/1 -----
WARNING: All log messages before absl::InitializeLog() is called are written to STDERR
I0000 00:00:1789335384.490614  333151 train_oblique_forest.cc:1133] Generating trunk synthetic dataset: rows=15000, cols=400000, layout=column
I0000 00:00:1789335385.976816  333151 train_oblique_forest.cc:1229] -1 (automatic) threads requested. 48 threads set.
I0000 00:00:1789335385.976850  333151 train_oblique_forest.cc:1304] Configuring oblique splits
I0000 00:00:1789335385.976852  333151 train_oblique_forest.cc:1313] dynamic_split_threshold = 2600 (from flag)
I0000 00:00:1789335385.976855  333151 train_oblique_forest.cc:1398] Using Dynamic Random Histogram with 256 samples
I0000 00:00:1789335385.976864  333151 train_oblique_forest.cc:1428] train_oblique_forest wall-time - Loading/Init (pre-train): 1.48628s
I0000 00:00:1789335385.999908  333151 abstract_learner.cc:171] No input feature explicitly specified. Using all the available input features.
I0000 00:00:1789335386.000178  333151 abstract_learner.cc:185] The label "y" was removed from the input feature set.
I0000 00:00:1789335386.064456  333151 random_forest.cc:534] Training random forest on 15000 example(s) and 400000 feature(s).
I0000 00:00:1789335386.074713  333151 gpu.cc:93] Cannot initialize GPU: Not compiled with GPU support
I0000 00:00:1789335386.096328  333151 random_forest.cc:663] num_threads being used: 48
I0000 00:00:1789335390.561642  333245 random_forest.cc:881] Train tree 1/240  [index:4 total:4.47s tree:4.46s]
I0000 00:00:1789335410.643086  333232 random_forest.cc:881] Train tree 238/240  [index:234 total:24.55s tree:4.83s]
I0000 00:00:1789335410.740887  333151 random_forest.cc:899] random_forest.cc Training block took: 24.764 s
W0000 00:00:1789335410.740920  333151 random_forest.cc:1216] EXITING EARLY TO SPEED UP EXPERIMENTS!
RESULT dataset=trunk_15000_x_400000 threshold=2600 median=24.764s stddev=N/As n=1


======== Threshold 2800 ========

./bazel-bin/examples/train_oblique_forest --input_mode csv --train_csv "benchmarks/data/HIGGS_with_header.csv" --label_col "class" --num_trees=240 --dynamic_split_threshold=2800 --feature_split_type Oblique --numerical_split_type "Dynamic Random Histogram" --histogram_num_bins 256
----- Run 1/1 -----
WARNING: All log messages before absl::InitializeLog() is called are written to STDERR
I0000 00:00:1789335411.369718  333367 train_oblique_forest.cc:1101] Loading CSV in a single pass: benchmarks/data/HIGGS_with_header.csv
I0000 00:00:1789335412.269334  333367 train_oblique_forest.cc:1108] Single-pass CSV load complete: 11000000 rows, 29 columns.
I0000 00:00:1789335412.269414  333367 train_oblique_forest.cc:1229] -1 (automatic) threads requested. 48 threads set.
I0000 00:00:1789335412.269424  333367 train_oblique_forest.cc:1304] Configuring oblique splits
I0000 00:00:1789335412.269426  333367 train_oblique_forest.cc:1313] dynamic_split_threshold = 2800 (from flag)
I0000 00:00:1789335412.269428  333367 train_oblique_forest.cc:1398] Using Dynamic Random Histogram with 256 samples
I0000 00:00:1789335412.269437  333367 train_oblique_forest.cc:1428] train_oblique_forest wall-time - Loading/Init (pre-train): 0.899746s
I0000 00:00:1789335412.269497  333367 abstract_learner.cc:171] No input feature explicitly specified. Using all the available input features.
I0000 00:00:1789335412.269499  333367 abstract_learner.cc:185] The label "class" was removed from the input feature set.
I0000 00:00:1789335412.269512  333367 random_forest.cc:534] Training random forest on 11000000 example(s) and 28 feature(s).
I0000 00:00:1789335412.269527  333367 gpu.cc:93] Cannot initialize GPU: Not compiled with GPU support
I0000 00:00:1789335412.270099  333367 random_forest.cc:663] num_threads being used: 48
I0000 00:00:1789335474.108218  333535 random_forest.cc:881] Train tree 1/240  [index:6 total:1m1.84s tree:1m1.84s]
I0000 00:00:1789335536.266565  333535 random_forest.cc:881] Train tree 49/240  [index:48 total:2m4.00s tree:1m2.16s]
I0000 00:00:1789335598.272348  333535 random_forest.cc:881] Train tree 97/240  [index:96 total:3m6.00s tree:1m2.00s]
I0000 00:00:1789335661.030239  333513 random_forest.cc:881] Train tree 145/240  [index:149 total:4m8.76s tree:1m1.69s]
I0000 00:00:1789335723.311292  333528 random_forest.cc:881] Train tree 193/240  [index:193 total:5m11.04s tree:1m2.23s]
I0000 00:00:1789335731.961412  333367 random_forest.cc:899] random_forest.cc Training block took: 319.692 s
W0000 00:00:1789335731.961449  333367 random_forest.cc:1216] EXITING EARLY TO SPEED UP EXPERIMENTS!
RESULT dataset=HIGGS_with_header threshold=2800 median=319.692s stddev=N/As n=1
./bazel-bin/examples/train_oblique_forest --input_mode csv --train_csv "benchmarks/data/SUSY_with_header.csv" --label_col "class" --num_trees=240 --dynamic_split_threshold=2800 --feature_split_type Oblique --numerical_split_type "Dynamic Random Histogram" --histogram_num_bins 256
----- Run 1/1 -----
WARNING: All log messages before absl::InitializeLog() is called are written to STDERR
I0000 00:00:1789335738.355515  334824 train_oblique_forest.cc:1101] Loading CSV in a single pass: benchmarks/data/SUSY_with_header.csv
I0000 00:00:1789335738.687162  334824 train_oblique_forest.cc:1108] Single-pass CSV load complete: 5000000 rows, 19 columns.
I0000 00:00:1789335738.687234  334824 train_oblique_forest.cc:1229] -1 (automatic) threads requested. 48 threads set.
I0000 00:00:1789335738.687244  334824 train_oblique_forest.cc:1304] Configuring oblique splits
I0000 00:00:1789335738.687246  334824 train_oblique_forest.cc:1313] dynamic_split_threshold = 2800 (from flag)
I0000 00:00:1789335738.687248  334824 train_oblique_forest.cc:1398] Using Dynamic Random Histogram with 256 samples
I0000 00:00:1789335738.687257  334824 train_oblique_forest.cc:1428] train_oblique_forest wall-time - Loading/Init (pre-train): 0.331767s
I0000 00:00:1789335738.687317  334824 abstract_learner.cc:171] No input feature explicitly specified. Using all the available input features.
I0000 00:00:1789335738.687319  334824 abstract_learner.cc:185] The label "class" was removed from the input feature set.
I0000 00:00:1789335738.687329  334824 random_forest.cc:534] Training random forest on 5000000 example(s) and 18 feature(s).
I0000 00:00:1789335738.687341  334824 gpu.cc:93] Cannot initialize GPU: Not compiled with GPU support
I0000 00:00:1789335738.687974  334824 random_forest.cc:663] num_threads being used: 48
I0000 00:00:1789335759.532968  334977 random_forest.cc:881] Train tree 1/240  [index:38 total:20.84s tree:20.84s]
I0000 00:00:1789335780.513823  334973 random_forest.cc:881] Train tree 49/240  [index:62 total:41.83s tree:20.55s]
I0000 00:00:1789335801.862191  334960 random_forest.cc:881] Train tree 97/240  [index:97 total:1m3.17s tree:21.27s]
I0000 00:00:1789335822.980346  334973 random_forest.cc:881] Train tree 145/240  [index:145 total:1m24.29s tree:21.08s]
I0000 00:00:1789335844.093808  334960 random_forest.cc:881] Train tree 193/240  [index:193 total:1m45.41s tree:20.94s]
I0000 00:00:1789335846.039039  334824 random_forest.cc:899] random_forest.cc Training block took: 107.352 s
W0000 00:00:1789335846.039073  334824 random_forest.cc:1216] EXITING EARLY TO SPEED UP EXPERIMENTS!
RESULT dataset=SUSY_with_header threshold=2800 median=107.352s stddev=N/As n=1
./bazel-bin/examples/train_oblique_forest --input_mode csv --train_csv "benchmarks/data/epsilon_normalized_train.csv" --label_col "label" --num_trees=240 --dynamic_split_threshold=2800 --feature_split_type Oblique --numerical_split_type "Dynamic Random Histogram" --histogram_num_bins 256
----- Run 1/1 -----
WARNING: All log messages before absl::InitializeLog() is called are written to STDERR
I0000 00:00:1789335848.702379  335422 train_oblique_forest.cc:1101] Loading CSV in a single pass: benchmarks/data/epsilon_normalized_train.csv
I0000 00:00:1789335850.475288  335422 train_oblique_forest.cc:1108] Single-pass CSV load complete: 400000 rows, 2001 columns.
I0000 00:00:1789335850.475360  335422 train_oblique_forest.cc:1229] -1 (automatic) threads requested. 48 threads set.
I0000 00:00:1789335850.475369  335422 train_oblique_forest.cc:1304] Configuring oblique splits
I0000 00:00:1789335850.475371  335422 train_oblique_forest.cc:1313] dynamic_split_threshold = 2800 (from flag)
I0000 00:00:1789335850.475373  335422 train_oblique_forest.cc:1398] Using Dynamic Random Histogram with 256 samples
I0000 00:00:1789335850.475385  335422 train_oblique_forest.cc:1428] train_oblique_forest wall-time - Loading/Init (pre-train): 1.77303s
I0000 00:00:1789335850.475551  335422 abstract_learner.cc:171] No input feature explicitly specified. Using all the available input features.
I0000 00:00:1789335850.475558  335422 abstract_learner.cc:185] The label "label" was removed from the input feature set.
I0000 00:00:1789335850.475897  335422 random_forest.cc:534] Training random forest on 400000 example(s) and 2000 feature(s).
I0000 00:00:1789335850.475960  335422 gpu.cc:93] Cannot initialize GPU: Not compiled with GPU support
I0000 00:00:1789335850.476660  335422 random_forest.cc:663] num_threads being used: 48
I0000 00:00:1789335860.692960  335599 random_forest.cc:881] Train tree 1/240  [index:35 total:10.22s tree:10.21s]
I0000 00:00:1789335881.351457  335620 random_forest.cc:881] Train tree 97/240  [index:97 total:30.87s tree:10.35s]
I0000 00:00:1789335901.928631  335599 random_forest.cc:881] Train tree 193/240  [index:192 total:51.45s tree:10.29s]
I0000 00:00:1789335903.195925  335422 random_forest.cc:899] random_forest.cc Training block took: 52.7205 s
W0000 00:00:1789335903.195973  335422 random_forest.cc:1216] EXITING EARLY TO SPEED UP EXPERIMENTS!
RESULT dataset=epsilon_normalized_train threshold=2800 median=52.7205s stddev=N/As n=1
./bazel-bin/examples/train_oblique_forest --input_mode trunk --rows 1500000 --cols 4096 --num_trees=240 --dynamic_split_threshold=2800 --feature_split_type Oblique --numerical_split_type "Dynamic Random Histogram" --histogram_num_bins 256
----- Run 1/1 -----
WARNING: All log messages before absl::InitializeLog() is called are written to STDERR
I0000 00:00:1789335903.477366  335848 train_oblique_forest.cc:1133] Generating trunk synthetic dataset: rows=1500000, cols=4096, layout=column
I0000 00:00:1789335904.854059  335848 train_oblique_forest.cc:1229] -1 (automatic) threads requested. 48 threads set.
I0000 00:00:1789335904.854097  335848 train_oblique_forest.cc:1304] Configuring oblique splits
I0000 00:00:1789335904.854100  335848 train_oblique_forest.cc:1313] dynamic_split_threshold = 2800 (from flag)
I0000 00:00:1789335904.854104  335848 train_oblique_forest.cc:1398] Using Dynamic Random Histogram with 256 samples
I0000 00:00:1789335904.854114  335848 train_oblique_forest.cc:1428] train_oblique_forest wall-time - Loading/Init (pre-train): 1.37678s
I0000 00:00:1789335904.854462  335848 abstract_learner.cc:171] No input feature explicitly specified. Using all the available input features.
I0000 00:00:1789335904.854468  335848 abstract_learner.cc:185] The label "y" was removed from the input feature set.
I0000 00:00:1789335904.855150  335848 random_forest.cc:534] Training random forest on 1500000 example(s) and 4096 feature(s).
I0000 00:00:1789335904.855290  335848 gpu.cc:93] Cannot initialize GPU: Not compiled with GPU support
I0000 00:00:1789335904.856240  335848 random_forest.cc:663] num_threads being used: 48
I0000 00:00:1789335960.132859  335947 random_forest.cc:881] Train tree 1/240  [index:43 total:55.28s tree:55.27s]
I0000 00:00:1789336014.464207  335913 random_forest.cc:881] Train tree 49/240  [index:61 total:1m49.61s tree:52.47s]
I0000 00:00:1789336072.448212  335913 random_forest.cc:881] Train tree 97/240  [index:96 total:2m47.59s tree:57.98s]
I0000 00:00:1789336129.807156  335913 random_forest.cc:881] Train tree 145/240  [index:144 total:3m44.95s tree:57.36s]
I0000 00:00:1789336184.569601  335913 random_forest.cc:881] Train tree 193/240  [index:192 total:4m39.71s tree:54.76s]
I0000 00:00:1789336195.931631  335848 random_forest.cc:899] random_forest.cc Training block took: 291.077 s
W0000 00:00:1789336195.931674  335848 random_forest.cc:1216] EXITING EARLY TO SPEED UP EXPERIMENTS!
RESULT dataset=trunk_1500000_x_4096 threshold=2800 median=291.077s stddev=N/As n=1
./bazel-bin/examples/train_oblique_forest --input_mode trunk --rows 150000 --cols 40000 --num_trees=240 --dynamic_split_threshold=2800 --feature_split_type Oblique --numerical_split_type "Dynamic Random Histogram" --histogram_num_bins 256
----- Run 1/1 -----
WARNING: All log messages before absl::InitializeLog() is called are written to STDERR
I0000 00:00:1789336197.000309  337084 train_oblique_forest.cc:1133] Generating trunk synthetic dataset: rows=150000, cols=40000, layout=column
I0000 00:00:1789336198.291238  337084 train_oblique_forest.cc:1229] -1 (automatic) threads requested. 48 threads set.
I0000 00:00:1789336198.291273  337084 train_oblique_forest.cc:1304] Configuring oblique splits
I0000 00:00:1789336198.291275  337084 train_oblique_forest.cc:1313] dynamic_split_threshold = 2800 (from flag)
I0000 00:00:1789336198.291279  337084 train_oblique_forest.cc:1398] Using Dynamic Random Histogram with 256 samples
I0000 00:00:1789336198.291289  337084 train_oblique_forest.cc:1428] train_oblique_forest wall-time - Loading/Init (pre-train): 1.29101s
I0000 00:00:1789336198.294094  337084 abstract_learner.cc:171] No input feature explicitly specified. Using all the available input features.
I0000 00:00:1789336198.294130  337084 abstract_learner.cc:185] The label "y" was removed from the input feature set.
I0000 00:00:1789336198.301175  337084 random_forest.cc:534] Training random forest on 150000 example(s) and 40000 feature(s).
I0000 00:00:1789336198.302376  337084 gpu.cc:93] Cannot initialize GPU: Not compiled with GPU support
I0000 00:00:1789336198.305431  337084 random_forest.cc:663] num_threads being used: 48
I0000 00:00:1789336213.670885  337147 random_forest.cc:881] Train tree 1/240  [index:15 total:15.37s tree:15.36s]
I0000 00:00:1789336245.445848  337169 random_forest.cc:881] Train tree 97/240  [index:110 total:47.14s tree:14.34s]
I0000 00:00:1789336265.492247  337159 random_forest.cc:881] Train tree 189/240  [index:183 total:1m7.19s tree:16.97s]
I0000 00:00:1789336281.947262  337084 random_forest.cc:899] random_forest.cc Training block took: 83.6559 s
W0000 00:00:1789336281.947302  337084 random_forest.cc:1216] EXITING EARLY TO SPEED UP EXPERIMENTS!
RESULT dataset=trunk_150000_x_40000 threshold=2800 median=83.6559s stddev=N/As n=1
./bazel-bin/examples/train_oblique_forest --input_mode trunk --rows 15000 --cols 400000 --num_trees=240 --dynamic_split_threshold=2800 --feature_split_type Oblique --numerical_split_type "Dynamic Random Histogram" --histogram_num_bins 256
----- Run 1/1 -----
WARNING: All log messages before absl::InitializeLog() is called are written to STDERR
I0000 00:00:1789336282.599659  337528 train_oblique_forest.cc:1133] Generating trunk synthetic dataset: rows=15000, cols=400000, layout=column
I0000 00:00:1789336284.068455  337528 train_oblique_forest.cc:1229] -1 (automatic) threads requested. 48 threads set.
I0000 00:00:1789336284.068489  337528 train_oblique_forest.cc:1304] Configuring oblique splits
I0000 00:00:1789336284.068491  337528 train_oblique_forest.cc:1313] dynamic_split_threshold = 2800 (from flag)
I0000 00:00:1789336284.068495  337528 train_oblique_forest.cc:1398] Using Dynamic Random Histogram with 256 samples
I0000 00:00:1789336284.068504  337528 train_oblique_forest.cc:1428] train_oblique_forest wall-time - Loading/Init (pre-train): 1.46887s
I0000 00:00:1789336284.091639  337528 abstract_learner.cc:171] No input feature explicitly specified. Using all the available input features.
I0000 00:00:1789336284.091906  337528 abstract_learner.cc:185] The label "y" was removed from the input feature set.
I0000 00:00:1789336284.155847  337528 random_forest.cc:534] Training random forest on 15000 example(s) and 400000 feature(s).
I0000 00:00:1789336284.166234  337528 gpu.cc:93] Cannot initialize GPU: Not compiled with GPU support
I0000 00:00:1789336284.188218  337528 random_forest.cc:663] num_threads being used: 48
I0000 00:00:1789336288.720931  337608 random_forest.cc:881] Train tree 1/240  [index:41 total:4.53s tree:4.53s]
I0000 00:00:1789336308.772962  337594 random_forest.cc:881] Train tree 239/240  [index:234 total:24.58s tree:4.84s]
I0000 00:00:1789336309.022166  337528 random_forest.cc:899] random_forest.cc Training block took: 24.9536 s
W0000 00:00:1789336309.022201  337528 random_forest.cc:1216] EXITING EARLY TO SPEED UP EXPERIMENTS!
RESULT dataset=trunk_15000_x_400000 threshold=2800 median=24.9536s stddev=N/As n=1


======== Threshold 3000 ========

./bazel-bin/examples/train_oblique_forest --input_mode csv --train_csv "benchmarks/data/HIGGS_with_header.csv" --label_col "class" --num_trees=240 --dynamic_split_threshold=3000 --feature_split_type Oblique --numerical_split_type "Dynamic Random Histogram" --histogram_num_bins 256
----- Run 1/1 -----
WARNING: All log messages before absl::InitializeLog() is called are written to STDERR
I0000 00:00:1789336309.655377  337744 train_oblique_forest.cc:1101] Loading CSV in a single pass: benchmarks/data/HIGGS_with_header.csv
I0000 00:00:1789336310.550103  337744 train_oblique_forest.cc:1108] Single-pass CSV load complete: 11000000 rows, 29 columns.
I0000 00:00:1789336310.550187  337744 train_oblique_forest.cc:1229] -1 (automatic) threads requested. 48 threads set.
I0000 00:00:1789336310.550196  337744 train_oblique_forest.cc:1304] Configuring oblique splits
I0000 00:00:1789336310.550198  337744 train_oblique_forest.cc:1313] dynamic_split_threshold = 3000 (from flag)
I0000 00:00:1789336310.550200  337744 train_oblique_forest.cc:1398] Using Dynamic Random Histogram with 256 samples
I0000 00:00:1789336310.550209  337744 train_oblique_forest.cc:1428] train_oblique_forest wall-time - Loading/Init (pre-train): 0.894858s
I0000 00:00:1789336310.550270  337744 abstract_learner.cc:171] No input feature explicitly specified. Using all the available input features.
I0000 00:00:1789336310.550272  337744 abstract_learner.cc:185] The label "class" was removed from the input feature set.
I0000 00:00:1789336310.550284  337744 random_forest.cc:534] Training random forest on 11000000 example(s) and 28 feature(s).
I0000 00:00:1789336310.550296  337744 gpu.cc:93] Cannot initialize GPU: Not compiled with GPU support
I0000 00:00:1789336310.550875  337744 random_forest.cc:663] num_threads being used: 48
I0000 00:00:1789336372.154940  337880 random_forest.cc:881] Train tree 1/240  [index:2 total:1m1.60s tree:1m1.60s]
I0000 00:00:1789336434.358768  337880 random_forest.cc:881] Train tree 49/240  [index:48 total:2m3.81s tree:1m2.20s]
I0000 00:00:1789336496.802763  337880 random_forest.cc:881] Train tree 97/240  [index:96 total:3m6.25s tree:1m2.44s]
I0000 00:00:1789336560.014060  337923 random_forest.cc:881] Train tree 145/240  [index:145 total:4m9.46s tree:1m2.36s]
I0000 00:00:1789336622.352399  337881 random_forest.cc:881] Train tree 193/240  [index:198 total:5m11.80s tree:1m1.24s]
I0000 00:00:1789336628.364471  337744 random_forest.cc:899] random_forest.cc Training block took: 317.814 s
W0000 00:00:1789336628.364507  337744 random_forest.cc:1216] EXITING EARLY TO SPEED UP EXPERIMENTS!
RESULT dataset=HIGGS_with_header threshold=3000 median=317.814s stddev=N/As n=1
./bazel-bin/examples/train_oblique_forest --input_mode csv --train_csv "benchmarks/data/SUSY_with_header.csv" --label_col "class" --num_trees=240 --dynamic_split_threshold=3000 --feature_split_type Oblique --numerical_split_type "Dynamic Random Histogram" --histogram_num_bins 256
----- Run 1/1 -----
WARNING: All log messages before absl::InitializeLog() is called are written to STDERR
I0000 00:00:1789336634.713070  339191 train_oblique_forest.cc:1101] Loading CSV in a single pass: benchmarks/data/SUSY_with_header.csv
I0000 00:00:1789336635.046433  339191 train_oblique_forest.cc:1108] Single-pass CSV load complete: 5000000 rows, 19 columns.
I0000 00:00:1789336635.046506  339191 train_oblique_forest.cc:1229] -1 (automatic) threads requested. 48 threads set.
I0000 00:00:1789336635.046515  339191 train_oblique_forest.cc:1304] Configuring oblique splits
I0000 00:00:1789336635.046517  339191 train_oblique_forest.cc:1313] dynamic_split_threshold = 3000 (from flag)
I0000 00:00:1789336635.046519  339191 train_oblique_forest.cc:1398] Using Dynamic Random Histogram with 256 samples
I0000 00:00:1789336635.046529  339191 train_oblique_forest.cc:1428] train_oblique_forest wall-time - Loading/Init (pre-train): 0.333486s
I0000 00:00:1789336635.046588  339191 abstract_learner.cc:171] No input feature explicitly specified. Using all the available input features.
I0000 00:00:1789336635.046591  339191 abstract_learner.cc:185] The label "class" was removed from the input feature set.
I0000 00:00:1789336635.046601  339191 random_forest.cc:534] Training random forest on 5000000 example(s) and 18 feature(s).
I0000 00:00:1789336635.046613  339191 gpu.cc:93] Cannot initialize GPU: Not compiled with GPU support
I0000 00:00:1789336635.047187  339191 random_forest.cc:663] num_threads being used: 48
I0000 00:00:1789336656.122813  339333 random_forest.cc:881] Train tree 1/240  [index:30 total:21.08s tree:21.07s]
I0000 00:00:1789336677.011761  339320 random_forest.cc:881] Train tree 49/240  [index:62 total:41.96s tree:20.69s]
I0000 00:00:1789336698.376155  339310 random_forest.cc:881] Train tree 97/240  [index:98 total:1m3.33s tree:21.02s]
I0000 00:00:1789336719.648676  339320 random_forest.cc:881] Train tree 145/240  [index:145 total:1m24.60s tree:21.17s]
I0000 00:00:1789336740.640425  339325 random_forest.cc:881] Train tree 193/240  [index:193 total:1m45.59s tree:20.87s]
I0000 00:00:1789336742.749542  339191 random_forest.cc:899] random_forest.cc Training block took: 107.703 s
W0000 00:00:1789336742.749578  339191 random_forest.cc:1216] EXITING EARLY TO SPEED UP EXPERIMENTS!
RESULT dataset=SUSY_with_header threshold=3000 median=107.703s stddev=N/As n=1
./bazel-bin/examples/train_oblique_forest --input_mode csv --train_csv "benchmarks/data/epsilon_normalized_train.csv" --label_col "label" --num_trees=240 --dynamic_split_threshold=3000 --feature_split_type Oblique --numerical_split_type "Dynamic Random Histogram" --histogram_num_bins 256
----- Run 1/1 -----
WARNING: All log messages before absl::InitializeLog() is called are written to STDERR
I0000 00:00:1789336745.373323  339799 train_oblique_forest.cc:1101] Loading CSV in a single pass: benchmarks/data/epsilon_normalized_train.csv
I0000 00:00:1789336747.191264  339799 train_oblique_forest.cc:1108] Single-pass CSV load complete: 400000 rows, 2001 columns.
I0000 00:00:1789336747.191327  339799 train_oblique_forest.cc:1229] -1 (automatic) threads requested. 48 threads set.
I0000 00:00:1789336747.191336  339799 train_oblique_forest.cc:1304] Configuring oblique splits
I0000 00:00:1789336747.191338  339799 train_oblique_forest.cc:1313] dynamic_split_threshold = 3000 (from flag)
I0000 00:00:1789336747.191340  339799 train_oblique_forest.cc:1398] Using Dynamic Random Histogram with 256 samples
I0000 00:00:1789336747.191349  339799 train_oblique_forest.cc:1428] train_oblique_forest wall-time - Loading/Init (pre-train): 1.81805s
I0000 00:00:1789336747.191514  339799 abstract_learner.cc:171] No input feature explicitly specified. Using all the available input features.
I0000 00:00:1789336747.191522  339799 abstract_learner.cc:185] The label "label" was removed from the input feature set.
I0000 00:00:1789336747.191867  339799 random_forest.cc:534] Training random forest on 400000 example(s) and 2000 feature(s).
I0000 00:00:1789336747.191930  339799 gpu.cc:93] Cannot initialize GPU: Not compiled with GPU support
I0000 00:00:1789336747.192624  339799 random_forest.cc:663] num_threads being used: 48
I0000 00:00:1789336757.423565  339999 random_forest.cc:881] Train tree 1/240  [index:30 total:10.23s tree:10.23s]
I0000 00:00:1789336778.118101  339967 random_forest.cc:881] Train tree 97/240  [index:96 total:30.93s tree:10.39s]
I0000 00:00:1789336798.725535  339971 random_forest.cc:881] Train tree 193/240  [index:192 total:51.53s tree:10.37s]
I0000 00:00:1789336800.507068  339799 random_forest.cc:899] random_forest.cc Training block took: 53.3157 s
W0000 00:00:1789336800.507115  339799 random_forest.cc:1216] EXITING EARLY TO SPEED UP EXPERIMENTS!
RESULT dataset=epsilon_normalized_train threshold=3000 median=53.3157s stddev=N/As n=1
./bazel-bin/examples/train_oblique_forest --input_mode trunk --rows 1500000 --cols 4096 --num_trees=240 --dynamic_split_threshold=3000 --feature_split_type Oblique --numerical_split_type "Dynamic Random Histogram" --histogram_num_bins 256
----- Run 1/1 -----
WARNING: All log messages before absl::InitializeLog() is called are written to STDERR
I0000 00:00:1789336800.795171  340224 train_oblique_forest.cc:1133] Generating trunk synthetic dataset: rows=1500000, cols=4096, layout=column
I0000 00:00:1789336802.172414  340224 train_oblique_forest.cc:1229] -1 (automatic) threads requested. 48 threads set.
I0000 00:00:1789336802.172450  340224 train_oblique_forest.cc:1304] Configuring oblique splits
I0000 00:00:1789336802.172453  340224 train_oblique_forest.cc:1313] dynamic_split_threshold = 3000 (from flag)
I0000 00:00:1789336802.172456  340224 train_oblique_forest.cc:1398] Using Dynamic Random Histogram with 256 samples
I0000 00:00:1789336802.172465  340224 train_oblique_forest.cc:1428] train_oblique_forest wall-time - Loading/Init (pre-train): 1.37732s
I0000 00:00:1789336802.172817  340224 abstract_learner.cc:171] No input feature explicitly specified. Using all the available input features.
I0000 00:00:1789336802.172824  340224 abstract_learner.cc:185] The label "y" was removed from the input feature set.
I0000 00:00:1789336802.173533  340224 random_forest.cc:534] Training random forest on 1500000 example(s) and 4096 feature(s).
I0000 00:00:1789336802.173667  340224 gpu.cc:93] Cannot initialize GPU: Not compiled with GPU support
I0000 00:00:1789336802.174625  340224 random_forest.cc:663] num_threads being used: 48
I0000 00:00:1789336856.799066  340314 random_forest.cc:881] Train tree 1/240  [index:43 total:54.62s tree:54.62s]
I0000 00:00:1789336911.902903  340289 random_forest.cc:881] Train tree 49/240  [index:76 total:1m49.73s tree:51.77s]
I0000 00:00:1789336969.495565  340278 random_forest.cc:881] Train tree 97/240  [index:119 total:2m47.32s tree:52.40s]
I0000 00:00:1789337027.591848  340278 random_forest.cc:881] Train tree 145/240  [index:144 total:3m45.42s tree:58.10s]
I0000 00:00:1789337081.889425  340278 random_forest.cc:881] Train tree 193/240  [index:192 total:4m39.71s tree:54.30s]
I0000 00:00:1789337094.434158  340224 random_forest.cc:899] random_forest.cc Training block took: 292.262 s
W0000 00:00:1789337094.434199  340224 random_forest.cc:1216] EXITING EARLY TO SPEED UP EXPERIMENTS!
RESULT dataset=trunk_1500000_x_4096 threshold=3000 median=292.262s stddev=N/As n=1
./bazel-bin/examples/train_oblique_forest --input_mode trunk --rows 150000 --cols 40000 --num_trees=240 --dynamic_split_threshold=3000 --feature_split_type Oblique --numerical_split_type "Dynamic Random Histogram" --histogram_num_bins 256
----- Run 1/1 -----
WARNING: All log messages before absl::InitializeLog() is called are written to STDERR
I0000 00:00:1789337095.496363  341466 train_oblique_forest.cc:1133] Generating trunk synthetic dataset: rows=150000, cols=40000, layout=column
I0000 00:00:1789337096.789267  341466 train_oblique_forest.cc:1229] -1 (automatic) threads requested. 48 threads set.
I0000 00:00:1789337096.789302  341466 train_oblique_forest.cc:1304] Configuring oblique splits
I0000 00:00:1789337096.789305  341466 train_oblique_forest.cc:1313] dynamic_split_threshold = 3000 (from flag)
I0000 00:00:1789337096.789309  341466 train_oblique_forest.cc:1398] Using Dynamic Random Histogram with 256 samples
I0000 00:00:1789337096.789319  341466 train_oblique_forest.cc:1428] train_oblique_forest wall-time - Loading/Init (pre-train): 1.29298s
I0000 00:00:1789337096.792141  341466 abstract_learner.cc:171] No input feature explicitly specified. Using all the available input features.
I0000 00:00:1789337096.792177  341466 abstract_learner.cc:185] The label "y" was removed from the input feature set.
I0000 00:00:1789337096.799191  341466 random_forest.cc:534] Training random forest on 150000 example(s) and 40000 feature(s).
I0000 00:00:1789337096.800485  341466 gpu.cc:93] Cannot initialize GPU: Not compiled with GPU support
I0000 00:00:1789337096.803669  341466 random_forest.cc:663] num_threads being used: 48
I0000 00:00:1789337112.275987  341529 random_forest.cc:881] Train tree 1/240  [index:15 total:15.47s tree:15.47s]
I0000 00:00:1789337144.425893  341527 random_forest.cc:881] Train tree 97/240  [index:110 total:47.62s tree:14.79s]
I0000 00:00:1789337164.745017  341546 random_forest.cc:881] Train tree 192/240  [index:191 total:1m7.94s tree:16.90s]
I0000 00:00:1789337180.897667  341466 random_forest.cc:899] random_forest.cc Training block took: 84.1083 s
W0000 00:00:1789337180.897708  341466 random_forest.cc:1216] EXITING EARLY TO SPEED UP EXPERIMENTS!
RESULT dataset=trunk_150000_x_40000 threshold=3000 median=84.1083s stddev=N/As n=1
./bazel-bin/examples/train_oblique_forest --input_mode trunk --rows 15000 --cols 400000 --num_trees=240 --dynamic_split_threshold=3000 --feature_split_type Oblique --numerical_split_type "Dynamic Random Histogram" --histogram_num_bins 256
----- Run 1/1 -----
WARNING: All log messages before absl::InitializeLog() is called are written to STDERR
I0000 00:00:1789337181.540566  341912 train_oblique_forest.cc:1133] Generating trunk synthetic dataset: rows=15000, cols=400000, layout=column
I0000 00:00:1789337183.057526  341912 train_oblique_forest.cc:1229] -1 (automatic) threads requested. 48 threads set.
I0000 00:00:1789337183.057560  341912 train_oblique_forest.cc:1304] Configuring oblique splits
I0000 00:00:1789337183.057562  341912 train_oblique_forest.cc:1313] dynamic_split_threshold = 3000 (from flag)
I0000 00:00:1789337183.057565  341912 train_oblique_forest.cc:1398] Using Dynamic Random Histogram with 256 samples
I0000 00:00:1789337183.057575  341912 train_oblique_forest.cc:1428] train_oblique_forest wall-time - Loading/Init (pre-train): 1.51704s
I0000 00:00:1789337183.080751  341912 abstract_learner.cc:171] No input feature explicitly specified. Using all the available input features.
I0000 00:00:1789337183.081021  341912 abstract_learner.cc:185] The label "y" was removed from the input feature set.
I0000 00:00:1789337183.144798  341912 random_forest.cc:534] Training random forest on 15000 example(s) and 400000 feature(s).
I0000 00:00:1789337183.154988  341912 gpu.cc:93] Cannot initialize GPU: Not compiled with GPU support
I0000 00:00:1789337183.176793  341912 random_forest.cc:663] num_threads being used: 48
I0000 00:00:1789337187.644714  341977 random_forest.cc:881] Train tree 1/240  [index:17 total:4.47s tree:4.46s]
I0000 00:00:1789337207.644997  341987 random_forest.cc:881] Train tree 233/240  [index:234 total:24.47s tree:4.74s]
I0000 00:00:1789337207.857928  341912 random_forest.cc:899] random_forest.cc Training block took: 24.8003 s
W0000 00:00:1789337207.857966  341912 random_forest.cc:1216] EXITING EARLY TO SPEED UP EXPERIMENTS!
RESULT dataset=trunk_15000_x_400000 threshold=3000 median=24.8003s stddev=N/As n=1
