==== PROVENANCE ====
date_utc: 2026-09-10T15:47:51Z
git_sha: f43ac459-dirty
git_branch: rebased-main
machine: Intel(R) Xeon(R) Platinum 8488C (nproc=48)
machine_serial: ec2d65b4-2555-44a5-d802-ecaea08b3ad7
compiler: Intel(R) oneAPI DPC++/C++ Compiler 2025.2.1 (2025.2.0.20250806)
EXTRA_BAZEL_CONFIGS: --config=disable_std_upper_bound_vectorization
EXTRA_TRAIN_ARGS: --feature_split_type Oblique --numerical_split_type "Dynamic Random Histogram" --histogram_num_bins 64
NUM_TREES_DIVISOR: 1
NUM_TREES: 240  NUM_RUNS: 1
DYNAMIC_SPLIT_THRESHOLDS: 1100 1600 2100 2600 3100 3600 4100 4600 5100 5600 6100 6600 7100 7600 8100 8600 9100 9600 10000
====================


======== DYNAMIC THRESHOLD SWEEP  configs: --config=disable_std_upper_bound_vectorization  args: --feature_split_type Oblique --numerical_split_type "Dynamic Random Histogram" --histogram_num_bins 64 ========



======== Threshold 1100 ========

./bazel-bin/examples/train_oblique_forest --input_mode csv --train_csv "benchmarks/data/HIGGS_with_header.csv" --label_col "class" --num_trees=240 --dynamic_split_threshold=1100 --feature_split_type Oblique --numerical_split_type "Dynamic Random Histogram" --histogram_num_bins 64
----- Run 1/1 -----
WARNING: All log messages before absl::InitializeLog() is called are written to STDERR
I0000 00:00:1789055271.412940   12792 train_oblique_forest.cc:1101] Loading CSV in a single pass: benchmarks/data/HIGGS_with_header.csv
I0000 00:00:1789055332.983933   12792 train_oblique_forest.cc:1108] Single-pass CSV load complete: 11000000 rows, 29 columns.
I0000 00:00:1789055332.984011   12792 train_oblique_forest.cc:1229] -1 (automatic) threads requested. 48 threads set.
I0000 00:00:1789055332.984021   12792 train_oblique_forest.cc:1304] Configuring oblique splits
I0000 00:00:1789055332.984022   12792 train_oblique_forest.cc:1313] dynamic_split_threshold = 1100 (from flag)
I0000 00:00:1789055332.984025   12792 train_oblique_forest.cc:1398] Using Dynamic Random Histogram with 64 samples
I0000 00:00:1789055332.984034   12792 train_oblique_forest.cc:1428] train_oblique_forest wall-time - Loading/Init (pre-train): 61.5711s
I0000 00:00:1789055332.984097   12792 abstract_learner.cc:171] No input feature explicitly specified. Using all the available input features.
I0000 00:00:1789055332.984099   12792 abstract_learner.cc:185] The label "class" was removed from the input feature set.
I0000 00:00:1789055332.984113   12792 random_forest.cc:534] Training random forest on 11000000 example(s) and 28 feature(s).
I0000 00:00:1789055332.984125   12792 gpu.cc:93] Cannot initialize GPU: Not compiled with GPU support
I0000 00:00:1789055332.984705   12792 random_forest.cc:663] num_threads being used: 48
I0000 00:00:1789055406.156320   13086 random_forest.cc:881] Train tree 1/240  [index:29 total:1m13.17s tree:1m13.17s]
I0000 00:00:1789055480.941081   13086 random_forest.cc:881] Train tree 49/240  [index:48 total:2m27.96s tree:1m14.78s]
I0000 00:00:1789055555.792691   13093 random_forest.cc:881] Train tree 97/240  [index:98 total:3m42.81s tree:1m14.07s]
I0000 00:00:1789055631.925984   13119 random_forest.cc:881] Train tree 145/240  [index:151 total:4m58.94s tree:1m14.34s]
I0000 00:00:1789055707.149688   13095 random_forest.cc:881] Train tree 193/240  [index:200 total:6m14.16s tree:1m14.20s]
I0000 00:00:1789055717.596801   12792 random_forest.cc:899] random_forest.cc Training block took: 384.613 s
W0000 00:00:1789055717.596834   12792 random_forest.cc:1216] EXITING EARLY TO SPEED UP EXPERIMENTS!
RESULT dataset=HIGGS_with_header threshold=1100 median=384.613s stddev=N/As n=1
./bazel-bin/examples/train_oblique_forest --input_mode csv --train_csv "benchmarks/data/SUSY_with_header.csv" --label_col "class" --num_trees=240 --dynamic_split_threshold=1100 --feature_split_type Oblique --numerical_split_type "Dynamic Random Histogram" --histogram_num_bins 64
----- Run 1/1 -----
WARNING: All log messages before absl::InitializeLog() is called are written to STDERR
I0000 00:00:1789055723.923513   14721 train_oblique_forest.cc:1101] Loading CSV in a single pass: benchmarks/data/SUSY_with_header.csv
I0000 00:00:1789055741.662981   14721 train_oblique_forest.cc:1108] Single-pass CSV load complete: 5000000 rows, 19 columns.
I0000 00:00:1789055741.663048   14721 train_oblique_forest.cc:1229] -1 (automatic) threads requested. 48 threads set.
I0000 00:00:1789055741.663057   14721 train_oblique_forest.cc:1304] Configuring oblique splits
I0000 00:00:1789055741.663059   14721 train_oblique_forest.cc:1313] dynamic_split_threshold = 1100 (from flag)
I0000 00:00:1789055741.663061   14721 train_oblique_forest.cc:1398] Using Dynamic Random Histogram with 64 samples
I0000 00:00:1789055741.663070   14721 train_oblique_forest.cc:1428] train_oblique_forest wall-time - Loading/Init (pre-train): 17.7396s
I0000 00:00:1789055741.663129   14721 abstract_learner.cc:171] No input feature explicitly specified. Using all the available input features.
I0000 00:00:1789055741.663132   14721 abstract_learner.cc:185] The label "class" was removed from the input feature set.
I0000 00:00:1789055741.663142   14721 random_forest.cc:534] Training random forest on 5000000 example(s) and 18 feature(s).
I0000 00:00:1789055741.663153   14721 gpu.cc:93] Cannot initialize GPU: Not compiled with GPU support
I0000 00:00:1789055741.663723   14721 random_forest.cc:663] num_threads being used: 48
I0000 00:00:1789055767.462621   14929 random_forest.cc:881] Train tree 1/240  [index:36 total:25.80s tree:25.79s]
I0000 00:00:1789055793.467427   14929 random_forest.cc:881] Train tree 49/240  [index:48 total:51.80s tree:26.00s]
I0000 00:00:1789055820.180022   14947 random_forest.cc:881] Train tree 97/240  [index:97 total:1m18.52s tree:26.54s]
I0000 00:00:1789055846.643363   14955 random_forest.cc:881] Train tree 145/240  [index:145 total:1m44.98s tree:26.29s]
I0000 00:00:1789055873.404456   14955 random_forest.cc:881] Train tree 193/240  [index:192 total:2m11.74s tree:26.76s]
I0000 00:00:1789055877.811681   14721 random_forest.cc:899] random_forest.cc Training block took: 136.149 s
W0000 00:00:1789055877.811717   14721 random_forest.cc:1216] EXITING EARLY TO SPEED UP EXPERIMENTS!
RESULT dataset=SUSY_with_header threshold=1100 median=136.149s stddev=N/As n=1
./bazel-bin/examples/train_oblique_forest --input_mode csv --train_csv "benchmarks/data/epsilon_normalized_train.csv" --label_col "label" --num_trees=240 --dynamic_split_threshold=1100 --feature_split_type Oblique --numerical_split_type "Dynamic Random Histogram" --histogram_num_bins 64
----- Run 1/1 -----
WARNING: All log messages before absl::InitializeLog() is called are written to STDERR
I0000 00:00:1789055880.409250   15515 train_oblique_forest.cc:1101] Loading CSV in a single pass: benchmarks/data/epsilon_normalized_train.csv
I0000 00:00:1789056000.907743   15515 train_oblique_forest.cc:1108] Single-pass CSV load complete: 400000 rows, 2001 columns.
I0000 00:00:1789056000.907816   15515 train_oblique_forest.cc:1229] -1 (automatic) threads requested. 48 threads set.
I0000 00:00:1789056000.907826   15515 train_oblique_forest.cc:1304] Configuring oblique splits
I0000 00:00:1789056000.907827   15515 train_oblique_forest.cc:1313] dynamic_split_threshold = 1100 (from flag)
I0000 00:00:1789056000.907830   15515 train_oblique_forest.cc:1398] Using Dynamic Random Histogram with 64 samples
I0000 00:00:1789056000.907839   15515 train_oblique_forest.cc:1428] train_oblique_forest wall-time - Loading/Init (pre-train): 120.499s
I0000 00:00:1789056000.908009   15515 abstract_learner.cc:171] No input feature explicitly specified. Using all the available input features.
I0000 00:00:1789056000.908015   15515 abstract_learner.cc:185] The label "label" was removed from the input feature set.
I0000 00:00:1789056000.908358   15515 random_forest.cc:534] Training random forest on 400000 example(s) and 2000 feature(s).
I0000 00:00:1789056000.908423   15515 gpu.cc:93] Cannot initialize GPU: Not compiled with GPU support
I0000 00:00:1789056000.909151   15515 random_forest.cc:663] num_threads being used: 48
I0000 00:00:1789056013.166642   16164 random_forest.cc:881] Train tree 1/240  [index:10 total:12.26s tree:12.26s]
I0000 00:00:1789056037.981025   16145 random_forest.cc:881] Train tree 97/240  [index:102 total:37.07s tree:12.32s]
I0000 00:00:1789056062.804054   16145 random_forest.cc:881] Train tree 193/240  [index:192 total:1m1.89s tree:12.39s]
I0000 00:00:1789056064.686379   15515 random_forest.cc:899] random_forest.cc Training block took: 63.7785 s
W0000 00:00:1789056064.686415   15515 random_forest.cc:1216] EXITING EARLY TO SPEED UP EXPERIMENTS!
RESULT dataset=epsilon_normalized_train threshold=1100 median=63.7785s stddev=N/As n=1
./bazel-bin/examples/train_oblique_forest --input_mode trunk --rows 1500000 --cols 4096 --num_trees=240 --dynamic_split_threshold=1100 --feature_split_type Oblique --numerical_split_type "Dynamic Random Histogram" --histogram_num_bins 64
----- Run 1/1 -----
WARNING: All log messages before absl::InitializeLog() is called are written to STDERR
I0000 00:00:1789056064.964000   16433 train_oblique_forest.cc:1133] Generating trunk synthetic dataset: rows=1500000, cols=4096, layout=column
I0000 00:00:1789056066.404123   16433 train_oblique_forest.cc:1229] -1 (automatic) threads requested. 48 threads set.
I0000 00:00:1789056066.404156   16433 train_oblique_forest.cc:1304] Configuring oblique splits
I0000 00:00:1789056066.404158   16433 train_oblique_forest.cc:1313] dynamic_split_threshold = 1100 (from flag)
I0000 00:00:1789056066.404162   16433 train_oblique_forest.cc:1398] Using Dynamic Random Histogram with 64 samples
I0000 00:00:1789056066.404171   16433 train_oblique_forest.cc:1428] train_oblique_forest wall-time - Loading/Init (pre-train): 1.4402s
I0000 00:00:1789056066.404472   16433 abstract_learner.cc:171] No input feature explicitly specified. Using all the available input features.
I0000 00:00:1789056066.404477   16433 abstract_learner.cc:185] The label "y" was removed from the input feature set.
I0000 00:00:1789056066.405083   16433 random_forest.cc:534] Training random forest on 1500000 example(s) and 4096 feature(s).
I0000 00:00:1789056066.405201   16433 gpu.cc:93] Cannot initialize GPU: Not compiled with GPU support
I0000 00:00:1789056066.406037   16433 random_forest.cc:663] num_threads being used: 48
I0000 00:00:1789056134.784707   16521 random_forest.cc:881] Train tree 1/240  [index:43 total:1m8.38s tree:1m8.37s]
I0000 00:00:1789056204.444550   16506 random_forest.cc:881] Train tree 49/240  [index:70 total:2m18.04s tree:1m7.79s]
I0000 00:00:1789056275.049726   16506 random_forest.cc:881] Train tree 97/240  [index:96 total:3m28.64s tree:1m10.61s]
I0000 00:00:1789056345.048933   16506 random_forest.cc:881] Train tree 145/240  [index:144 total:4m38.64s tree:1m10.00s]
I0000 00:00:1789056415.322049   16517 random_forest.cc:881] Train tree 193/240  [index:194 total:5m48.92s tree:1m9.54s]
I0000 00:00:1789056420.508549   16433 random_forest.cc:899] random_forest.cc Training block took: 354.104 s
W0000 00:00:1789056420.508589   16433 random_forest.cc:1216] EXITING EARLY TO SPEED UP EXPERIMENTS!
RESULT dataset=trunk_1500000_x_4096 threshold=1100 median=354.104s stddev=N/As n=1
./bazel-bin/examples/train_oblique_forest --input_mode trunk --rows 150000 --cols 40000 --num_trees=240 --dynamic_split_threshold=1100 --feature_split_type Oblique --numerical_split_type "Dynamic Random Histogram" --histogram_num_bins 64
----- Run 1/1 -----
WARNING: All log messages before absl::InitializeLog() is called are written to STDERR
I0000 00:00:1789056421.561462   17914 train_oblique_forest.cc:1133] Generating trunk synthetic dataset: rows=150000, cols=40000, layout=column
I0000 00:00:1789056422.935322   17914 train_oblique_forest.cc:1229] -1 (automatic) threads requested. 48 threads set.
I0000 00:00:1789056422.935356   17914 train_oblique_forest.cc:1304] Configuring oblique splits
I0000 00:00:1789056422.935358   17914 train_oblique_forest.cc:1313] dynamic_split_threshold = 1100 (from flag)
I0000 00:00:1789056422.935361   17914 train_oblique_forest.cc:1398] Using Dynamic Random Histogram with 64 samples
I0000 00:00:1789056422.935371   17914 train_oblique_forest.cc:1428] train_oblique_forest wall-time - Loading/Init (pre-train): 1.37393s
I0000 00:00:1789056422.937731   17914 abstract_learner.cc:171] No input feature explicitly specified. Using all the available input features.
I0000 00:00:1789056422.937762   17914 abstract_learner.cc:185] The label "y" was removed from the input feature set.
I0000 00:00:1789056422.943841   17914 random_forest.cc:534] Training random forest on 150000 example(s) and 40000 feature(s).
I0000 00:00:1789056422.944910   17914 gpu.cc:93] Cannot initialize GPU: Not compiled with GPU support
I0000 00:00:1789056422.947964   17914 random_forest.cc:663] num_threads being used: 48
I0000 00:00:1789056442.162273   17987 random_forest.cc:881] Train tree 1/240  [index:21 total:19.21s tree:19.21s]
I0000 00:00:1789056462.218858   18008 random_forest.cc:881] Train tree 54/240  [index:74 total:39.27s tree:19.30s]
I0000 00:00:1789056482.335730   17996 random_forest.cc:881] Train tree 107/240  [index:112 total:59.39s tree:19.69s]
I0000 00:00:1789056502.341943   18012 random_forest.cc:881] Train tree 152/240  [index:150 total:1m19.39s tree:20.26s]
I0000 00:00:1789056522.354390   17979 random_forest.cc:881] Train tree 204/240  [index:209 total:1m39.41s tree:19.57s]
I0000 00:00:1789056524.506352   17914 random_forest.cc:899] random_forest.cc Training block took: 101.571 s
W0000 00:00:1789056524.506391   17914 random_forest.cc:1216] EXITING EARLY TO SPEED UP EXPERIMENTS!
RESULT dataset=trunk_150000_x_40000 threshold=1100 median=101.571s stddev=N/As n=1
./bazel-bin/examples/train_oblique_forest --input_mode trunk --rows 15000 --cols 400000 --num_trees=240 --dynamic_split_threshold=1100 --feature_split_type Oblique --numerical_split_type "Dynamic Random Histogram" --histogram_num_bins 64
----- Run 1/1 -----
WARNING: All log messages before absl::InitializeLog() is called are written to STDERR
I0000 00:00:1789056525.132763   18430 train_oblique_forest.cc:1133] Generating trunk synthetic dataset: rows=15000, cols=400000, layout=column
I0000 00:00:1789056526.624203   18430 train_oblique_forest.cc:1229] -1 (automatic) threads requested. 48 threads set.
I0000 00:00:1789056526.624236   18430 train_oblique_forest.cc:1304] Configuring oblique splits
I0000 00:00:1789056526.624238   18430 train_oblique_forest.cc:1313] dynamic_split_threshold = 1100 (from flag)
I0000 00:00:1789056526.624242   18430 train_oblique_forest.cc:1398] Using Dynamic Random Histogram with 64 samples
I0000 00:00:1789056526.624251   18430 train_oblique_forest.cc:1428] train_oblique_forest wall-time - Loading/Init (pre-train): 1.49151s
I0000 00:00:1789056526.647241   18430 abstract_learner.cc:171] No input feature explicitly specified. Using all the available input features.
I0000 00:00:1789056526.647503   18430 abstract_learner.cc:185] The label "y" was removed from the input feature set.
I0000 00:00:1789056526.711106   18430 random_forest.cc:534] Training random forest on 15000 example(s) and 400000 feature(s).
I0000 00:00:1789056526.721377   18430 gpu.cc:93] Cannot initialize GPU: Not compiled with GPU support
I0000 00:00:1789056526.746127   18430 random_forest.cc:663] num_threads being used: 48
I0000 00:00:1789056531.749923   18491 random_forest.cc:881] Train tree 1/240  [index:15 total:5.00s tree:5.00s]
I0000 00:00:1789056553.464391   18535 random_forest.cc:881] Train tree 193/240  [index:195 total:26.72s tree:5.14s]
I0000 00:00:1789056556.044293   18430 random_forest.cc:899] random_forest.cc Training block took: 29.42 s
W0000 00:00:1789056556.044329   18430 random_forest.cc:1216] EXITING EARLY TO SPEED UP EXPERIMENTS!
RESULT dataset=trunk_15000_x_400000 threshold=1100 median=29.42s stddev=N/As n=1


======== Threshold 1600 ========

./bazel-bin/examples/train_oblique_forest --input_mode csv --train_csv "benchmarks/data/HIGGS_with_header.csv" --label_col "class" --num_trees=240 --dynamic_split_threshold=1600 --feature_split_type Oblique --numerical_split_type "Dynamic Random Histogram" --histogram_num_bins 64
----- Run 1/1 -----
WARNING: All log messages before absl::InitializeLog() is called are written to STDERR
I0000 00:00:1789056556.654862   18695 train_oblique_forest.cc:1101] Loading CSV in a single pass: benchmarks/data/HIGGS_with_header.csv
I0000 00:00:1789056557.602446   18695 train_oblique_forest.cc:1108] Single-pass CSV load complete: 11000000 rows, 29 columns.
I0000 00:00:1789056557.602519   18695 train_oblique_forest.cc:1229] -1 (automatic) threads requested. 48 threads set.
I0000 00:00:1789056557.602529   18695 train_oblique_forest.cc:1304] Configuring oblique splits
I0000 00:00:1789056557.602531   18695 train_oblique_forest.cc:1313] dynamic_split_threshold = 1600 (from flag)
I0000 00:00:1789056557.602533   18695 train_oblique_forest.cc:1398] Using Dynamic Random Histogram with 64 samples
I0000 00:00:1789056557.602542   18695 train_oblique_forest.cc:1428] train_oblique_forest wall-time - Loading/Init (pre-train): 0.947707s
I0000 00:00:1789056557.602600   18695 abstract_learner.cc:171] No input feature explicitly specified. Using all the available input features.
I0000 00:00:1789056557.602602   18695 abstract_learner.cc:185] The label "class" was removed from the input feature set.
I0000 00:00:1789056557.602614   18695 random_forest.cc:534] Training random forest on 11000000 example(s) and 28 feature(s).
I0000 00:00:1789056557.602626   18695 gpu.cc:93] Cannot initialize GPU: Not compiled with GPU support
I0000 00:00:1789056557.603211   18695 random_forest.cc:663] num_threads being used: 48
I0000 00:00:1789056630.334208   18833 random_forest.cc:881] Train tree 1/240  [index:12 total:1m12.73s tree:1m12.73s]
I0000 00:00:1789056704.896297   18833 random_forest.cc:881] Train tree 49/240  [index:48 total:2m27.29s tree:1m14.56s]
I0000 00:00:1789056778.350080   18823 random_forest.cc:881] Train tree 97/240  [index:99 total:3m40.75s tree:1m12.40s]
I0000 00:00:1789056852.552154   18823 random_forest.cc:881] Train tree 145/240  [index:144 total:4m54.95s tree:1m14.20s]
I0000 00:00:1789056927.246344   18863 random_forest.cc:881] Train tree 193/240  [index:196 total:6m9.64s tree:1m12.97s]
I0000 00:00:1789056939.886317   18695 random_forest.cc:899] random_forest.cc Training block took: 382.284 s
W0000 00:00:1789056939.886351   18695 random_forest.cc:1216] EXITING EARLY TO SPEED UP EXPERIMENTS!
RESULT dataset=HIGGS_with_header threshold=1600 median=382.284s stddev=N/As n=1
./bazel-bin/examples/train_oblique_forest --input_mode csv --train_csv "benchmarks/data/SUSY_with_header.csv" --label_col "class" --num_trees=240 --dynamic_split_threshold=1600 --feature_split_type Oblique --numerical_split_type "Dynamic Random Histogram" --histogram_num_bins 64
----- Run 1/1 -----
WARNING: All log messages before absl::InitializeLog() is called are written to STDERR
I0000 00:00:1789056946.293850   20392 train_oblique_forest.cc:1101] Loading CSV in a single pass: benchmarks/data/SUSY_with_header.csv
I0000 00:00:1789056946.624109   20392 train_oblique_forest.cc:1108] Single-pass CSV load complete: 5000000 rows, 19 columns.
I0000 00:00:1789056946.624181   20392 train_oblique_forest.cc:1229] -1 (automatic) threads requested. 48 threads set.
I0000 00:00:1789056946.624191   20392 train_oblique_forest.cc:1304] Configuring oblique splits
I0000 00:00:1789056946.624193   20392 train_oblique_forest.cc:1313] dynamic_split_threshold = 1600 (from flag)
I0000 00:00:1789056946.624195   20392 train_oblique_forest.cc:1398] Using Dynamic Random Histogram with 64 samples
I0000 00:00:1789056946.624203   20392 train_oblique_forest.cc:1428] train_oblique_forest wall-time - Loading/Init (pre-train): 0.330381s
I0000 00:00:1789056946.624262   20392 abstract_learner.cc:171] No input feature explicitly specified. Using all the available input features.
I0000 00:00:1789056946.624264   20392 abstract_learner.cc:185] The label "class" was removed from the input feature set.
I0000 00:00:1789056946.624274   20392 random_forest.cc:534] Training random forest on 5000000 example(s) and 18 feature(s).
I0000 00:00:1789056946.624287   20392 gpu.cc:93] Cannot initialize GPU: Not compiled with GPU support
I0000 00:00:1789056946.624858   20392 random_forest.cc:663] num_threads being used: 48
I0000 00:00:1789056972.226732   20541 random_forest.cc:881] Train tree 1/240  [index:19 total:25.60s tree:25.60s]
I0000 00:00:1789056998.108243   20545 random_forest.cc:881] Train tree 49/240  [index:57 total:51.48s tree:25.54s]
I0000 00:00:1789057024.594823   20516 random_forest.cc:881] Train tree 97/240  [index:100 total:1m17.97s tree:26.27s]
I0000 00:00:1789057050.438861   20516 random_forest.cc:881] Train tree 145/240  [index:144 total:1m43.81s tree:25.84s]
I0000 00:00:1789057076.981371   20516 random_forest.cc:881] Train tree 193/240  [index:192 total:2m10.36s tree:26.54s]
I0000 00:00:1789057080.981176   20392 random_forest.cc:899] random_forest.cc Training block took: 134.357 s
W0000 00:00:1789057080.981211   20392 random_forest.cc:1216] EXITING EARLY TO SPEED UP EXPERIMENTS!
RESULT dataset=SUSY_with_header threshold=1600 median=134.357s stddev=N/As n=1
./bazel-bin/examples/train_oblique_forest --input_mode csv --train_csv "benchmarks/data/epsilon_normalized_train.csv" --label_col "label" --num_trees=240 --dynamic_split_threshold=1600 --feature_split_type Oblique --numerical_split_type "Dynamic Random Histogram" --histogram_num_bins 64
----- Run 1/1 -----
WARNING: All log messages before absl::InitializeLog() is called are written to STDERR
I0000 00:00:1789057083.590692   21102 train_oblique_forest.cc:1101] Loading CSV in a single pass: benchmarks/data/epsilon_normalized_train.csv
I0000 00:00:1789057085.352237   21102 train_oblique_forest.cc:1108] Single-pass CSV load complete: 400000 rows, 2001 columns.
I0000 00:00:1789057085.352305   21102 train_oblique_forest.cc:1229] -1 (automatic) threads requested. 48 threads set.
I0000 00:00:1789057085.352314   21102 train_oblique_forest.cc:1304] Configuring oblique splits
I0000 00:00:1789057085.352316   21102 train_oblique_forest.cc:1313] dynamic_split_threshold = 1600 (from flag)
I0000 00:00:1789057085.352318   21102 train_oblique_forest.cc:1398] Using Dynamic Random Histogram with 64 samples
I0000 00:00:1789057085.352327   21102 train_oblique_forest.cc:1428] train_oblique_forest wall-time - Loading/Init (pre-train): 1.76166s
I0000 00:00:1789057085.352493   21102 abstract_learner.cc:171] No input feature explicitly specified. Using all the available input features.
I0000 00:00:1789057085.352499   21102 abstract_learner.cc:185] The label "label" was removed from the input feature set.
I0000 00:00:1789057085.352836   21102 random_forest.cc:534] Training random forest on 400000 example(s) and 2000 feature(s).
I0000 00:00:1789057085.352897   21102 gpu.cc:93] Cannot initialize GPU: Not compiled with GPU support
I0000 00:00:1789057085.353626   21102 random_forest.cc:663] num_threads being used: 48
I0000 00:00:1789057097.483786   21267 random_forest.cc:881] Train tree 1/240  [index:12 total:12.13s tree:12.13s]
I0000 00:00:1789057121.847586   21267 random_forest.cc:881] Train tree 97/240  [index:96 total:36.49s tree:12.18s]
I0000 00:00:1789057146.262345   21269 random_forest.cc:881] Train tree 193/240  [index:192 total:1m0.91s tree:12.20s]
I0000 00:00:1789057147.430783   21102 random_forest.cc:899] random_forest.cc Training block took: 62.0784 s
W0000 00:00:1789057147.430825   21102 random_forest.cc:1216] EXITING EARLY TO SPEED UP EXPERIMENTS!
RESULT dataset=epsilon_normalized_train threshold=1600 median=62.0784s stddev=N/As n=1
./bazel-bin/examples/train_oblique_forest --input_mode trunk --rows 1500000 --cols 4096 --num_trees=240 --dynamic_split_threshold=1600 --feature_split_type Oblique --numerical_split_type "Dynamic Random Histogram" --histogram_num_bins 64
----- Run 1/1 -----
WARNING: All log messages before absl::InitializeLog() is called are written to STDERR
I0000 00:00:1789057147.700687   21564 train_oblique_forest.cc:1133] Generating trunk synthetic dataset: rows=1500000, cols=4096, layout=column
I0000 00:00:1789057149.129218   21564 train_oblique_forest.cc:1229] -1 (automatic) threads requested. 48 threads set.
I0000 00:00:1789057149.129252   21564 train_oblique_forest.cc:1304] Configuring oblique splits
I0000 00:00:1789057149.129254   21564 train_oblique_forest.cc:1313] dynamic_split_threshold = 1600 (from flag)
I0000 00:00:1789057149.129257   21564 train_oblique_forest.cc:1398] Using Dynamic Random Histogram with 64 samples
I0000 00:00:1789057149.129266   21564 train_oblique_forest.cc:1428] train_oblique_forest wall-time - Loading/Init (pre-train): 1.4286s
I0000 00:00:1789057149.129570   21564 abstract_learner.cc:171] No input feature explicitly specified. Using all the available input features.
I0000 00:00:1789057149.129574   21564 abstract_learner.cc:185] The label "y" was removed from the input feature set.
I0000 00:00:1789057149.130184   21564 random_forest.cc:534] Training random forest on 1500000 example(s) and 4096 feature(s).
I0000 00:00:1789057149.130311   21564 gpu.cc:93] Cannot initialize GPU: Not compiled with GPU support
I0000 00:00:1789057149.131166   21564 random_forest.cc:663] num_threads being used: 48
I0000 00:00:1789057216.847362   21633 random_forest.cc:881] Train tree 1/240  [index:30 total:1m7.72s tree:1m7.71s]
I0000 00:00:1789057285.673135   21645 random_forest.cc:881] Train tree 49/240  [index:70 total:2m16.54s tree:1m7.29s]
I0000 00:00:1789057354.772235   21625 random_forest.cc:881] Train tree 97/240  [index:97 total:3m25.64s tree:1m8.95s]
I0000 00:00:1789057423.958544   21625 random_forest.cc:881] Train tree 145/240  [index:144 total:4m34.83s tree:1m9.19s]
I0000 00:00:1789057492.815145   21625 random_forest.cc:881] Train tree 193/240  [index:192 total:5m43.68s tree:1m8.86s]
I0000 00:00:1789057498.874679   21564 random_forest.cc:899] random_forest.cc Training block took: 349.745 s
W0000 00:00:1789057498.874720   21564 random_forest.cc:1216] EXITING EARLY TO SPEED UP EXPERIMENTS!
RESULT dataset=trunk_1500000_x_4096 threshold=1600 median=349.745s stddev=N/As n=1
./bazel-bin/examples/train_oblique_forest --input_mode trunk --rows 150000 --cols 40000 --num_trees=240 --dynamic_split_threshold=1600 --feature_split_type Oblique --numerical_split_type "Dynamic Random Histogram" --histogram_num_bins 64
----- Run 1/1 -----
WARNING: All log messages before absl::InitializeLog() is called are written to STDERR
I0000 00:00:1789057499.928556   23024 train_oblique_forest.cc:1133] Generating trunk synthetic dataset: rows=150000, cols=40000, layout=column
I0000 00:00:1789057501.321094   23024 train_oblique_forest.cc:1229] -1 (automatic) threads requested. 48 threads set.
I0000 00:00:1789057501.321128   23024 train_oblique_forest.cc:1304] Configuring oblique splits
I0000 00:00:1789057501.321130   23024 train_oblique_forest.cc:1313] dynamic_split_threshold = 1600 (from flag)
I0000 00:00:1789057501.321134   23024 train_oblique_forest.cc:1398] Using Dynamic Random Histogram with 64 samples
I0000 00:00:1789057501.321143   23024 train_oblique_forest.cc:1428] train_oblique_forest wall-time - Loading/Init (pre-train): 1.39261s
I0000 00:00:1789057501.323532   23024 abstract_learner.cc:171] No input feature explicitly specified. Using all the available input features.
I0000 00:00:1789057501.323562   23024 abstract_learner.cc:185] The label "y" was removed from the input feature set.
I0000 00:00:1789057501.329737   23024 random_forest.cc:534] Training random forest on 150000 example(s) and 40000 feature(s).
I0000 00:00:1789057501.330771   23024 gpu.cc:93] Cannot initialize GPU: Not compiled with GPU support
I0000 00:00:1789057501.333768   23024 random_forest.cc:663] num_threads being used: 48
I0000 00:00:1789057520.155028   23087 random_forest.cc:881] Train tree 1/240  [index:20 total:18.82s tree:18.82s]
I0000 00:00:1789057540.173008   23112 random_forest.cc:881] Train tree 63/240  [index:55 total:38.84s tree:19.71s]
I0000 00:00:1789057560.177413   23081 random_forest.cc:881] Train tree 118/240  [index:118 total:58.84s tree:19.75s]
I0000 00:00:1789057580.232940   23118 random_forest.cc:881] Train tree 168/240  [index:163 total:1m18.90s tree:20.26s]
I0000 00:00:1789057600.264722   23098 random_forest.cc:881] Train tree 226/240  [index:226 total:1m38.93s tree:19.46s]
I0000 00:00:1789057601.613951   23024 random_forest.cc:899] random_forest.cc Training block took: 100.293 s
W0000 00:00:1789057601.613993   23024 random_forest.cc:1216] EXITING EARLY TO SPEED UP EXPERIMENTS!
RESULT dataset=trunk_150000_x_40000 threshold=1600 median=100.293s stddev=N/As n=1
./bazel-bin/examples/train_oblique_forest --input_mode trunk --rows 15000 --cols 400000 --num_trees=240 --dynamic_split_threshold=1600 --feature_split_type Oblique --numerical_split_type "Dynamic Random Histogram" --histogram_num_bins 64
----- Run 1/1 -----
WARNING: All log messages before absl::InitializeLog() is called are written to STDERR
I0000 00:00:1789057602.244344   23536 train_oblique_forest.cc:1133] Generating trunk synthetic dataset: rows=15000, cols=400000, layout=column
I0000 00:00:1789057603.741133   23536 train_oblique_forest.cc:1229] -1 (automatic) threads requested. 48 threads set.
I0000 00:00:1789057603.741166   23536 train_oblique_forest.cc:1304] Configuring oblique splits
I0000 00:00:1789057603.741169   23536 train_oblique_forest.cc:1313] dynamic_split_threshold = 1600 (from flag)
I0000 00:00:1789057603.741173   23536 train_oblique_forest.cc:1398] Using Dynamic Random Histogram with 64 samples
I0000 00:00:1789057603.741182   23536 train_oblique_forest.cc:1428] train_oblique_forest wall-time - Loading/Init (pre-train): 1.49686s
I0000 00:00:1789057603.763830   23536 abstract_learner.cc:171] No input feature explicitly specified. Using all the available input features.
I0000 00:00:1789057603.764099   23536 abstract_learner.cc:185] The label "y" was removed from the input feature set.
I0000 00:00:1789057603.830192   23536 random_forest.cc:534] Training random forest on 15000 example(s) and 400000 feature(s).
I0000 00:00:1789057603.840403   23536 gpu.cc:93] Cannot initialize GPU: Not compiled with GPU support
I0000 00:00:1789057603.864960   23536 random_forest.cc:663] num_threads being used: 48
I0000 00:00:1789057608.778407   23630 random_forest.cc:881] Train tree 1/240  [index:36 total:4.91s tree:4.91s]
I0000 00:00:1789057629.895024   23610 random_forest.cc:881] Train tree 193/240  [index:194 total:26.03s tree:5.08s]
I0000 00:00:1789057632.624591   23536 random_forest.cc:899] random_forest.cc Training block took: 28.8834 s
W0000 00:00:1789057632.624629   23536 random_forest.cc:1216] EXITING EARLY TO SPEED UP EXPERIMENTS!
RESULT dataset=trunk_15000_x_400000 threshold=1600 median=28.8834s stddev=N/As n=1


======== Threshold 2100 ========

./bazel-bin/examples/train_oblique_forest --input_mode csv --train_csv "benchmarks/data/HIGGS_with_header.csv" --label_col "class" --num_trees=240 --dynamic_split_threshold=2100 --feature_split_type Oblique --numerical_split_type "Dynamic Random Histogram" --histogram_num_bins 64
----- Run 1/1 -----
WARNING: All log messages before absl::InitializeLog() is called are written to STDERR
I0000 00:00:1789057633.238480   23769 train_oblique_forest.cc:1101] Loading CSV in a single pass: benchmarks/data/HIGGS_with_header.csv
I0000 00:00:1789057634.186391   23769 train_oblique_forest.cc:1108] Single-pass CSV load complete: 11000000 rows, 29 columns.
I0000 00:00:1789057634.186462   23769 train_oblique_forest.cc:1229] -1 (automatic) threads requested. 48 threads set.
I0000 00:00:1789057634.186471   23769 train_oblique_forest.cc:1304] Configuring oblique splits
I0000 00:00:1789057634.186473   23769 train_oblique_forest.cc:1313] dynamic_split_threshold = 2100 (from flag)
I0000 00:00:1789057634.186475   23769 train_oblique_forest.cc:1398] Using Dynamic Random Histogram with 64 samples
I0000 00:00:1789057634.186484   23769 train_oblique_forest.cc:1428] train_oblique_forest wall-time - Loading/Init (pre-train): 0.948031s
I0000 00:00:1789057634.186543   23769 abstract_learner.cc:171] No input feature explicitly specified. Using all the available input features.
I0000 00:00:1789057634.186545   23769 abstract_learner.cc:185] The label "class" was removed from the input feature set.
I0000 00:00:1789057634.186557   23769 random_forest.cc:534] Training random forest on 11000000 example(s) and 28 feature(s).
I0000 00:00:1789057634.186568   23769 gpu.cc:93] Cannot initialize GPU: Not compiled with GPU support
I0000 00:00:1789057634.187155   23769 random_forest.cc:663] num_threads being used: 48
I0000 00:00:1789057706.045863   23911 random_forest.cc:881] Train tree 1/240  [index:27 total:1m11.86s tree:1m11.85s]
I0000 00:00:1789057780.078294   23911 random_forest.cc:881] Train tree 49/240  [index:48 total:2m25.89s tree:1m14.03s]
I0000 00:00:1789057853.580081   23911 random_forest.cc:881] Train tree 97/240  [index:96 total:3m39.39s tree:1m13.50s]
I0000 00:00:1789057928.313152   23911 random_forest.cc:881] Train tree 145/240  [index:144 total:4m54.13s tree:1m14.73s]
I0000 00:00:1789058003.510330   23932 random_forest.cc:881] Train tree 193/240  [index:196 total:6m9.32s tree:1m13.35s]
I0000 00:00:1789058014.961187   23769 random_forest.cc:899] random_forest.cc Training block took: 380.775 s
W0000 00:00:1789058014.961214   23769 random_forest.cc:1216] EXITING EARLY TO SPEED UP EXPERIMENTS!
RESULT dataset=HIGGS_with_header threshold=2100 median=380.775s stddev=N/As n=1
./bazel-bin/examples/train_oblique_forest --input_mode csv --train_csv "benchmarks/data/SUSY_with_header.csv" --label_col "class" --num_trees=240 --dynamic_split_threshold=2100 --feature_split_type Oblique --numerical_split_type "Dynamic Random Histogram" --histogram_num_bins 64
----- Run 1/1 -----
WARNING: All log messages before absl::InitializeLog() is called are written to STDERR
I0000 00:00:1789058021.269307   25476 train_oblique_forest.cc:1101] Loading CSV in a single pass: benchmarks/data/SUSY_with_header.csv
I0000 00:00:1789058021.600139   25476 train_oblique_forest.cc:1108] Single-pass CSV load complete: 5000000 rows, 19 columns.
I0000 00:00:1789058021.600212   25476 train_oblique_forest.cc:1229] -1 (automatic) threads requested. 48 threads set.
I0000 00:00:1789058021.600222   25476 train_oblique_forest.cc:1304] Configuring oblique splits
I0000 00:00:1789058021.600223   25476 train_oblique_forest.cc:1313] dynamic_split_threshold = 2100 (from flag)
I0000 00:00:1789058021.600226   25476 train_oblique_forest.cc:1398] Using Dynamic Random Histogram with 64 samples
I0000 00:00:1789058021.600234   25476 train_oblique_forest.cc:1428] train_oblique_forest wall-time - Loading/Init (pre-train): 0.330954s
I0000 00:00:1789058021.600293   25476 abstract_learner.cc:171] No input feature explicitly specified. Using all the available input features.
I0000 00:00:1789058021.600295   25476 abstract_learner.cc:185] The label "class" was removed from the input feature set.
I0000 00:00:1789058021.600306   25476 random_forest.cc:534] Training random forest on 5000000 example(s) and 18 feature(s).
I0000 00:00:1789058021.600317   25476 gpu.cc:93] Cannot initialize GPU: Not compiled with GPU support
I0000 00:00:1789058021.600902   25476 random_forest.cc:663] num_threads being used: 48
I0000 00:00:1789058046.719808   25599 random_forest.cc:881] Train tree 1/240  [index:15 total:25.12s tree:25.12s]
I0000 00:00:1789058072.178377   25599 random_forest.cc:881] Train tree 49/240  [index:48 total:50.58s tree:25.46s]
I0000 00:00:1789058098.822741   25603 random_forest.cc:881] Train tree 97/240  [index:108 total:1m17.22s tree:25.42s]
I0000 00:00:1789058124.651333   25628 random_forest.cc:881] Train tree 145/240  [index:148 total:1m43.05s tree:25.57s]
I0000 00:00:1789058150.752452   25599 random_forest.cc:881] Train tree 193/240  [index:194 total:2m9.15s tree:25.67s]
I0000 00:00:1789058154.245432   25476 random_forest.cc:899] random_forest.cc Training block took: 132.645 s
W0000 00:00:1789058154.245464   25476 random_forest.cc:1216] EXITING EARLY TO SPEED UP EXPERIMENTS!
RESULT dataset=SUSY_with_header threshold=2100 median=132.645s stddev=N/As n=1
./bazel-bin/examples/train_oblique_forest --input_mode csv --train_csv "benchmarks/data/epsilon_normalized_train.csv" --label_col "label" --num_trees=240 --dynamic_split_threshold=2100 --feature_split_type Oblique --numerical_split_type "Dynamic Random Histogram" --histogram_num_bins 64
----- Run 1/1 -----
WARNING: All log messages before absl::InitializeLog() is called are written to STDERR
I0000 00:00:1789058156.864989   26180 train_oblique_forest.cc:1101] Loading CSV in a single pass: benchmarks/data/epsilon_normalized_train.csv
I0000 00:00:1789058158.631223   26180 train_oblique_forest.cc:1108] Single-pass CSV load complete: 400000 rows, 2001 columns.
I0000 00:00:1789058158.631287   26180 train_oblique_forest.cc:1229] -1 (automatic) threads requested. 48 threads set.
I0000 00:00:1789058158.631296   26180 train_oblique_forest.cc:1304] Configuring oblique splits
I0000 00:00:1789058158.631297   26180 train_oblique_forest.cc:1313] dynamic_split_threshold = 2100 (from flag)
I0000 00:00:1789058158.631300   26180 train_oblique_forest.cc:1398] Using Dynamic Random Histogram with 64 samples
I0000 00:00:1789058158.631308   26180 train_oblique_forest.cc:1428] train_oblique_forest wall-time - Loading/Init (pre-train): 1.76635s
I0000 00:00:1789058158.631479   26180 abstract_learner.cc:171] No input feature explicitly specified. Using all the available input features.
I0000 00:00:1789058158.631484   26180 abstract_learner.cc:185] The label "label" was removed from the input feature set.
I0000 00:00:1789058158.631836   26180 random_forest.cc:534] Training random forest on 400000 example(s) and 2000 feature(s).
I0000 00:00:1789058158.631900   26180 gpu.cc:93] Cannot initialize GPU: Not compiled with GPU support
I0000 00:00:1789058158.632627   26180 random_forest.cc:663] num_threads being used: 48
I0000 00:00:1789058170.674238   26353 random_forest.cc:881] Train tree 1/240  [index:27 total:12.04s tree:12.04s]
I0000 00:00:1789058194.831157   26347 random_forest.cc:881] Train tree 97/240  [index:97 total:36.20s tree:12.00s]
I0000 00:00:1789058218.917904   26347 random_forest.cc:881] Train tree 193/240  [index:192 total:1m0.29s tree:12.01s]
I0000 00:00:1789058220.495486   26180 random_forest.cc:899] random_forest.cc Training block took: 61.8642 s
W0000 00:00:1789058220.495530   26180 random_forest.cc:1216] EXITING EARLY TO SPEED UP EXPERIMENTS!
RESULT dataset=epsilon_normalized_train threshold=2100 median=61.8642s stddev=N/As n=1
./bazel-bin/examples/train_oblique_forest --input_mode trunk --rows 1500000 --cols 4096 --num_trees=240 --dynamic_split_threshold=2100 --feature_split_type Oblique --numerical_split_type "Dynamic Random Histogram" --histogram_num_bins 64
----- Run 1/1 -----
WARNING: All log messages before absl::InitializeLog() is called are written to STDERR
I0000 00:00:1789058220.764006   26642 train_oblique_forest.cc:1133] Generating trunk synthetic dataset: rows=1500000, cols=4096, layout=column
I0000 00:00:1789058222.142796   26642 train_oblique_forest.cc:1229] -1 (automatic) threads requested. 48 threads set.
I0000 00:00:1789058222.142830   26642 train_oblique_forest.cc:1304] Configuring oblique splits
I0000 00:00:1789058222.142833   26642 train_oblique_forest.cc:1313] dynamic_split_threshold = 2100 (from flag)
I0000 00:00:1789058222.142837   26642 train_oblique_forest.cc:1398] Using Dynamic Random Histogram with 64 samples
I0000 00:00:1789058222.142846   26642 train_oblique_forest.cc:1428] train_oblique_forest wall-time - Loading/Init (pre-train): 1.37887s
I0000 00:00:1789058222.143146   26642 abstract_learner.cc:171] No input feature explicitly specified. Using all the available input features.
I0000 00:00:1789058222.143151   26642 abstract_learner.cc:185] The label "y" was removed from the input feature set.
I0000 00:00:1789058222.143754   26642 random_forest.cc:534] Training random forest on 1500000 example(s) and 4096 feature(s).
I0000 00:00:1789058222.143875   26642 gpu.cc:93] Cannot initialize GPU: Not compiled with GPU support
I0000 00:00:1789058222.144733   26642 random_forest.cc:663] num_threads being used: 48
I0000 00:00:1789058289.215419   26723 random_forest.cc:881] Train tree 1/240  [index:11 total:1m7.07s tree:1m7.07s]
I0000 00:00:1789058357.133574   26707 random_forest.cc:881] Train tree 49/240  [index:70 total:2m14.99s tree:1m6.20s]
I0000 00:00:1789058425.903320   26702 random_forest.cc:881] Train tree 97/240  [index:98 total:3m23.76s tree:1m7.78s]
I0000 00:00:1789058494.279356   26702 random_forest.cc:881] Train tree 145/240  [index:144 total:4m32.13s tree:1m8.38s]
I0000 00:00:1789058563.243998   26702 random_forest.cc:881] Train tree 193/240  [index:192 total:5m41.10s tree:1m8.96s]
I0000 00:00:1789058568.579296   26642 random_forest.cc:899] random_forest.cc Training block took: 346.436 s
W0000 00:00:1789058568.579340   26642 random_forest.cc:1216] EXITING EARLY TO SPEED UP EXPERIMENTS!
RESULT dataset=trunk_1500000_x_4096 threshold=2100 median=346.436s stddev=N/As n=1
./bazel-bin/examples/train_oblique_forest --input_mode trunk --rows 150000 --cols 40000 --num_trees=240 --dynamic_split_threshold=2100 --feature_split_type Oblique --numerical_split_type "Dynamic Random Histogram" --histogram_num_bins 64
----- Run 1/1 -----
WARNING: All log messages before absl::InitializeLog() is called are written to STDERR
I0000 00:00:1789058569.639940   28085 train_oblique_forest.cc:1133] Generating trunk synthetic dataset: rows=150000, cols=40000, layout=column
I0000 00:00:1789058571.027003   28085 train_oblique_forest.cc:1229] -1 (automatic) threads requested. 48 threads set.
I0000 00:00:1789058571.027036   28085 train_oblique_forest.cc:1304] Configuring oblique splits
I0000 00:00:1789058571.027038   28085 train_oblique_forest.cc:1313] dynamic_split_threshold = 2100 (from flag)
I0000 00:00:1789058571.027041   28085 train_oblique_forest.cc:1398] Using Dynamic Random Histogram with 64 samples
I0000 00:00:1789058571.027051   28085 train_oblique_forest.cc:1428] train_oblique_forest wall-time - Loading/Init (pre-train): 1.38714s
I0000 00:00:1789058571.029412   28085 abstract_learner.cc:171] No input feature explicitly specified. Using all the available input features.
I0000 00:00:1789058571.029444   28085 abstract_learner.cc:185] The label "y" was removed from the input feature set.
I0000 00:00:1789058571.035542   28085 random_forest.cc:534] Training random forest on 150000 example(s) and 40000 feature(s).
I0000 00:00:1789058571.036603   28085 gpu.cc:93] Cannot initialize GPU: Not compiled with GPU support
I0000 00:00:1789058571.039657   28085 random_forest.cc:663] num_threads being used: 48
I0000 00:00:1789058589.357317   28166 random_forest.cc:881] Train tree 1/240  [index:26 total:18.32s tree:18.31s]
I0000 00:00:1789058609.359742   28161 random_forest.cc:881] Train tree 58/240  [index:82 total:38.32s tree:18.72s]
I0000 00:00:1789058629.423583   28188 random_forest.cc:881] Train tree 127/240  [index:111 total:58.38s tree:19.85s]
I0000 00:00:1789058649.487777   28182 random_forest.cc:881] Train tree 180/240  [index:182 total:1m18.45s tree:19.64s]
I0000 00:00:1789058669.516589   28151 random_forest.cc:881] Train tree 238/240  [index:237 total:1m38.48s tree:19.39s]
I0000 00:00:1789058669.892001   28085 random_forest.cc:899] random_forest.cc Training block took: 98.8649 s
W0000 00:00:1789058669.892039   28085 random_forest.cc:1216] EXITING EARLY TO SPEED UP EXPERIMENTS!
RESULT dataset=trunk_150000_x_40000 threshold=2100 median=98.8649s stddev=N/As n=1
./bazel-bin/examples/train_oblique_forest --input_mode trunk --rows 15000 --cols 400000 --num_trees=240 --dynamic_split_threshold=2100 --feature_split_type Oblique --numerical_split_type "Dynamic Random Histogram" --histogram_num_bins 64
----- Run 1/1 -----
WARNING: All log messages before absl::InitializeLog() is called are written to STDERR
I0000 00:00:1789058670.525163   28584 train_oblique_forest.cc:1133] Generating trunk synthetic dataset: rows=15000, cols=400000, layout=column
I0000 00:00:1789058672.055068   28584 train_oblique_forest.cc:1229] -1 (automatic) threads requested. 48 threads set.
I0000 00:00:1789058672.055100   28584 train_oblique_forest.cc:1304] Configuring oblique splits
I0000 00:00:1789058672.055102   28584 train_oblique_forest.cc:1313] dynamic_split_threshold = 2100 (from flag)
I0000 00:00:1789058672.055105   28584 train_oblique_forest.cc:1398] Using Dynamic Random Histogram with 64 samples
I0000 00:00:1789058672.055114   28584 train_oblique_forest.cc:1428] train_oblique_forest wall-time - Loading/Init (pre-train): 1.52998s
I0000 00:00:1789058672.078142   28584 abstract_learner.cc:171] No input feature explicitly specified. Using all the available input features.
I0000 00:00:1789058672.078410   28584 abstract_learner.cc:185] The label "y" was removed from the input feature set.
I0000 00:00:1789058672.142009   28584 random_forest.cc:534] Training random forest on 15000 example(s) and 400000 feature(s).
I0000 00:00:1789058672.152330   28584 gpu.cc:93] Cannot initialize GPU: Not compiled with GPU support
I0000 00:00:1789058672.177195   28584 random_forest.cc:663] num_threads being used: 48
I0000 00:00:1789058677.107921   28656 random_forest.cc:881] Train tree 1/240  [index:25 total:4.93s tree:4.93s]
I0000 00:00:1789058698.129185   28644 random_forest.cc:881] Train tree 193/240  [index:192 total:25.95s tree:5.56s]
I0000 00:00:1789058700.885085   28584 random_forest.cc:899] random_forest.cc Training block took: 28.8299 s
W0000 00:00:1789058700.885121   28584 random_forest.cc:1216] EXITING EARLY TO SPEED UP EXPERIMENTS!
RESULT dataset=trunk_15000_x_400000 threshold=2100 median=28.8299s stddev=N/As n=1


======== Threshold 2600 ========

./bazel-bin/examples/train_oblique_forest --input_mode csv --train_csv "benchmarks/data/HIGGS_with_header.csv" --label_col "class" --num_trees=240 --dynamic_split_threshold=2600 --feature_split_type Oblique --numerical_split_type "Dynamic Random Histogram" --histogram_num_bins 64
----- Run 1/1 -----
WARNING: All log messages before absl::InitializeLog() is called are written to STDERR
I0000 00:00:1789058701.498427   28827 train_oblique_forest.cc:1101] Loading CSV in a single pass: benchmarks/data/HIGGS_with_header.csv
I0000 00:00:1789058702.446191   28827 train_oblique_forest.cc:1108] Single-pass CSV load complete: 11000000 rows, 29 columns.
I0000 00:00:1789058702.446261   28827 train_oblique_forest.cc:1229] -1 (automatic) threads requested. 48 threads set.
I0000 00:00:1789058702.446271   28827 train_oblique_forest.cc:1304] Configuring oblique splits
I0000 00:00:1789058702.446273   28827 train_oblique_forest.cc:1313] dynamic_split_threshold = 2600 (from flag)
I0000 00:00:1789058702.446275   28827 train_oblique_forest.cc:1398] Using Dynamic Random Histogram with 64 samples
I0000 00:00:1789058702.446284   28827 train_oblique_forest.cc:1428] train_oblique_forest wall-time - Loading/Init (pre-train): 0.947885s
I0000 00:00:1789058702.446344   28827 abstract_learner.cc:171] No input feature explicitly specified. Using all the available input features.
I0000 00:00:1789058702.446346   28827 abstract_learner.cc:185] The label "class" was removed from the input feature set.
I0000 00:00:1789058702.446359   28827 random_forest.cc:534] Training random forest on 11000000 example(s) and 28 feature(s).
I0000 00:00:1789058702.446370   28827 gpu.cc:93] Cannot initialize GPU: Not compiled with GPU support
I0000 00:00:1789058702.446950   28827 random_forest.cc:663] num_threads being used: 48
I0000 00:00:1789058774.427284   28987 random_forest.cc:881] Train tree 1/240  [index:44 total:1m11.98s tree:1m11.98s]
I0000 00:00:1789058848.189948   28987 random_forest.cc:881] Train tree 49/240  [index:48 total:2m25.74s tree:1m13.76s]
I0000 00:00:1789058921.857062   28987 random_forest.cc:881] Train tree 97/240  [index:96 total:3m39.41s tree:1m13.67s]
I0000 00:00:1789058994.875892   28987 random_forest.cc:881] Train tree 145/240  [index:144 total:4m52.43s tree:1m13.02s]
I0000 00:00:1789059069.134591   28987 random_forest.cc:881] Train tree 193/240  [index:192 total:6m6.69s tree:1m14.26s]
I0000 00:00:1789059080.472375   28827 random_forest.cc:899] random_forest.cc Training block took: 378.026 s
W0000 00:00:1789059080.472411   28827 random_forest.cc:1216] EXITING EARLY TO SPEED UP EXPERIMENTS!
RESULT dataset=HIGGS_with_header threshold=2600 median=378.026s stddev=N/As n=1
./bazel-bin/examples/train_oblique_forest --input_mode csv --train_csv "benchmarks/data/SUSY_with_header.csv" --label_col "class" --num_trees=240 --dynamic_split_threshold=2600 --feature_split_type Oblique --numerical_split_type "Dynamic Random Histogram" --histogram_num_bins 64
----- Run 1/1 -----
WARNING: All log messages before absl::InitializeLog() is called are written to STDERR
I0000 00:00:1789059086.902595   30532 train_oblique_forest.cc:1101] Loading CSV in a single pass: benchmarks/data/SUSY_with_header.csv
I0000 00:00:1789059087.232975   30532 train_oblique_forest.cc:1108] Single-pass CSV load complete: 5000000 rows, 19 columns.
I0000 00:00:1789059087.233047   30532 train_oblique_forest.cc:1229] -1 (automatic) threads requested. 48 threads set.
I0000 00:00:1789059087.233057   30532 train_oblique_forest.cc:1304] Configuring oblique splits
I0000 00:00:1789059087.233058   30532 train_oblique_forest.cc:1313] dynamic_split_threshold = 2600 (from flag)
I0000 00:00:1789059087.233061   30532 train_oblique_forest.cc:1398] Using Dynamic Random Histogram with 64 samples
I0000 00:00:1789059087.233070   30532 train_oblique_forest.cc:1428] train_oblique_forest wall-time - Loading/Init (pre-train): 0.330503s
I0000 00:00:1789059087.233130   30532 abstract_learner.cc:171] No input feature explicitly specified. Using all the available input features.
I0000 00:00:1789059087.233132   30532 abstract_learner.cc:185] The label "class" was removed from the input feature set.
I0000 00:00:1789059087.233142   30532 random_forest.cc:534] Training random forest on 5000000 example(s) and 18 feature(s).
I0000 00:00:1789059087.233153   30532 gpu.cc:93] Cannot initialize GPU: Not compiled with GPU support
I0000 00:00:1789059087.233730   30532 random_forest.cc:663] num_threads being used: 48
I0000 00:00:1789059112.434383   30659 random_forest.cc:881] Train tree 1/240  [index:15 total:25.20s tree:25.20s]
I0000 00:00:1789059138.198607   30659 random_forest.cc:881] Train tree 49/240  [index:48 total:50.96s tree:25.76s]
I0000 00:00:1789059163.981796   30653 random_forest.cc:881] Train tree 97/240  [index:98 total:1m16.75s tree:25.42s]
I0000 00:00:1789059189.450519   30653 random_forest.cc:881] Train tree 145/240  [index:144 total:1m42.22s tree:25.47s]
I0000 00:00:1789059215.556710   30653 random_forest.cc:881] Train tree 193/240  [index:192 total:2m8.32s tree:26.11s]
I0000 00:00:1789059219.417983   30532 random_forest.cc:899] random_forest.cc Training block took: 132.185 s
W0000 00:00:1789059219.418018   30532 random_forest.cc:1216] EXITING EARLY TO SPEED UP EXPERIMENTS!
RESULT dataset=SUSY_with_header threshold=2600 median=132.185s stddev=N/As n=1
./bazel-bin/examples/train_oblique_forest --input_mode csv --train_csv "benchmarks/data/epsilon_normalized_train.csv" --label_col "label" --num_trees=240 --dynamic_split_threshold=2600 --feature_split_type Oblique --numerical_split_type "Dynamic Random Histogram" --histogram_num_bins 64
----- Run 1/1 -----
WARNING: All log messages before absl::InitializeLog() is called are written to STDERR
I0000 00:00:1789059222.024315   31247 train_oblique_forest.cc:1101] Loading CSV in a single pass: benchmarks/data/epsilon_normalized_train.csv
I0000 00:00:1789059223.785657   31247 train_oblique_forest.cc:1108] Single-pass CSV load complete: 400000 rows, 2001 columns.
I0000 00:00:1789059223.785724   31247 train_oblique_forest.cc:1229] -1 (automatic) threads requested. 48 threads set.
I0000 00:00:1789059223.785734   31247 train_oblique_forest.cc:1304] Configuring oblique splits
I0000 00:00:1789059223.785736   31247 train_oblique_forest.cc:1313] dynamic_split_threshold = 2600 (from flag)
I0000 00:00:1789059223.785738   31247 train_oblique_forest.cc:1398] Using Dynamic Random Histogram with 64 samples
I0000 00:00:1789059223.785747   31247 train_oblique_forest.cc:1428] train_oblique_forest wall-time - Loading/Init (pre-train): 1.76146s
I0000 00:00:1789059223.785912   31247 abstract_learner.cc:171] No input feature explicitly specified. Using all the available input features.
I0000 00:00:1789059223.785920   31247 abstract_learner.cc:185] The label "label" was removed from the input feature set.
I0000 00:00:1789059223.786266   31247 random_forest.cc:534] Training random forest on 400000 example(s) and 2000 feature(s).
I0000 00:00:1789059223.786331   31247 gpu.cc:93] Cannot initialize GPU: Not compiled with GPU support
I0000 00:00:1789059223.787072   31247 random_forest.cc:663] num_threads being used: 48
I0000 00:00:1789059235.664951   31409 random_forest.cc:881] Train tree 1/240  [index:24 total:11.88s tree:11.87s]
I0000 00:00:1789059259.753268   31396 random_forest.cc:881] Train tree 97/240  [index:97 total:35.97s tree:12.02s]
I0000 00:00:1789059283.827442   31427 random_forest.cc:881] Train tree 193/240  [index:192 total:1m0.04s tree:12.07s]
I0000 00:00:1789059284.981990   31247 random_forest.cc:899] random_forest.cc Training block took: 61.1962 s
W0000 00:00:1789059284.982031   31247 random_forest.cc:1216] EXITING EARLY TO SPEED UP EXPERIMENTS!
RESULT dataset=epsilon_normalized_train threshold=2600 median=61.1962s stddev=N/As n=1
./bazel-bin/examples/train_oblique_forest --input_mode trunk --rows 1500000 --cols 4096 --num_trees=240 --dynamic_split_threshold=2600 --feature_split_type Oblique --numerical_split_type "Dynamic Random Histogram" --histogram_num_bins 64
----- Run 1/1 -----
WARNING: All log messages before absl::InitializeLog() is called are written to STDERR
I0000 00:00:1789059285.254920   31699 train_oblique_forest.cc:1133] Generating trunk synthetic dataset: rows=1500000, cols=4096, layout=column
I0000 00:00:1789059286.664604   31699 train_oblique_forest.cc:1229] -1 (automatic) threads requested. 48 threads set.
I0000 00:00:1789059286.664639   31699 train_oblique_forest.cc:1304] Configuring oblique splits
I0000 00:00:1789059286.664641   31699 train_oblique_forest.cc:1313] dynamic_split_threshold = 2600 (from flag)
I0000 00:00:1789059286.664644   31699 train_oblique_forest.cc:1398] Using Dynamic Random Histogram with 64 samples
I0000 00:00:1789059286.664654   31699 train_oblique_forest.cc:1428] train_oblique_forest wall-time - Loading/Init (pre-train): 1.40976s
I0000 00:00:1789059286.664950   31699 abstract_learner.cc:171] No input feature explicitly specified. Using all the available input features.
I0000 00:00:1789059286.664955   31699 abstract_learner.cc:185] The label "y" was removed from the input feature set.
I0000 00:00:1789059286.665551   31699 random_forest.cc:534] Training random forest on 1500000 example(s) and 4096 feature(s).
I0000 00:00:1789059286.665669   31699 gpu.cc:93] Cannot initialize GPU: Not compiled with GPU support
I0000 00:00:1789059286.666551   31699 random_forest.cc:663] num_threads being used: 48
I0000 00:00:1789059353.060641   31788 random_forest.cc:881] Train tree 1/240  [index:30 total:1m6.39s tree:1m6.39s]
I0000 00:00:1789059420.324805   31770 random_forest.cc:881] Train tree 49/240  [index:70 total:2m13.66s tree:1m5.30s]
I0000 00:00:1789059487.921367   31770 random_forest.cc:881] Train tree 97/240  [index:96 total:3m21.25s tree:1m7.60s]
I0000 00:00:1789059556.021607   31770 random_forest.cc:881] Train tree 145/240  [index:144 total:4m29.36s tree:1m8.10s]
I0000 00:00:1789059625.274975   31770 random_forest.cc:881] Train tree 193/240  [index:192 total:5m38.61s tree:1m9.25s]
I0000 00:00:1789059631.879060   31699 random_forest.cc:899] random_forest.cc Training block took: 345.214 s
W0000 00:00:1789059631.879098   31699 random_forest.cc:1216] EXITING EARLY TO SPEED UP EXPERIMENTS!
RESULT dataset=trunk_1500000_x_4096 threshold=2600 median=345.214s stddev=N/As n=1
./bazel-bin/examples/train_oblique_forest --input_mode trunk --rows 150000 --cols 40000 --num_trees=240 --dynamic_split_threshold=2600 --feature_split_type Oblique --numerical_split_type "Dynamic Random Histogram" --histogram_num_bins 64
----- Run 1/1 -----
WARNING: All log messages before absl::InitializeLog() is called are written to STDERR
I0000 00:00:1789059632.945456   33168 train_oblique_forest.cc:1133] Generating trunk synthetic dataset: rows=150000, cols=40000, layout=column
I0000 00:00:1789059634.326755   33168 train_oblique_forest.cc:1229] -1 (automatic) threads requested. 48 threads set.
I0000 00:00:1789059634.326789   33168 train_oblique_forest.cc:1304] Configuring oblique splits
I0000 00:00:1789059634.326791   33168 train_oblique_forest.cc:1313] dynamic_split_threshold = 2600 (from flag)
I0000 00:00:1789059634.326794   33168 train_oblique_forest.cc:1398] Using Dynamic Random Histogram with 64 samples
I0000 00:00:1789059634.326803   33168 train_oblique_forest.cc:1428] train_oblique_forest wall-time - Loading/Init (pre-train): 1.38137s
I0000 00:00:1789059634.329186   33168 abstract_learner.cc:171] No input feature explicitly specified. Using all the available input features.
I0000 00:00:1789059634.329218   33168 abstract_learner.cc:185] The label "y" was removed from the input feature set.
I0000 00:00:1789059634.335340   33168 random_forest.cc:534] Training random forest on 150000 example(s) and 40000 feature(s).
I0000 00:00:1789059634.336409   33168 gpu.cc:93] Cannot initialize GPU: Not compiled with GPU support
I0000 00:00:1789059634.339291   33168 random_forest.cc:663] num_threads being used: 48
I0000 00:00:1789059652.690916   33230 random_forest.cc:881] Train tree 1/240  [index:11 total:18.35s tree:18.35s]
I0000 00:00:1789059672.723889   33258 random_forest.cc:881] Train tree 72/240  [index:73 total:38.38s tree:19.16s]
I0000 00:00:1789059692.737070   33235 random_forest.cc:881] Train tree 132/240  [index:129 total:58.40s tree:19.53s]
I0000 00:00:1789059712.977315   33260 random_forest.cc:881] Train tree 187/240  [index:185 total:1m18.64s tree:19.94s]
I0000 00:00:1789059733.356790   33267 random_forest.cc:881] Train tree 240/240  [index:239 total:1m39.02s tree:18.31s]
I0000 00:00:1789059733.357075   33168 random_forest.cc:899] random_forest.cc Training block took: 99.0302 s
W0000 00:00:1789059733.357105   33168 random_forest.cc:1216] EXITING EARLY TO SPEED UP EXPERIMENTS!
RESULT dataset=trunk_150000_x_40000 threshold=2600 median=99.0302s stddev=N/As n=1
./bazel-bin/examples/train_oblique_forest --input_mode trunk --rows 15000 --cols 400000 --num_trees=240 --dynamic_split_threshold=2600 --feature_split_type Oblique --numerical_split_type "Dynamic Random Histogram" --histogram_num_bins 64
----- Run 1/1 -----
WARNING: All log messages before absl::InitializeLog() is called are written to STDERR
I0000 00:00:1789059733.989974   33682 train_oblique_forest.cc:1133] Generating trunk synthetic dataset: rows=15000, cols=400000, layout=column
I0000 00:00:1789059735.442094   33682 train_oblique_forest.cc:1229] -1 (automatic) threads requested. 48 threads set.
I0000 00:00:1789059735.442125   33682 train_oblique_forest.cc:1304] Configuring oblique splits
I0000 00:00:1789059735.442127   33682 train_oblique_forest.cc:1313] dynamic_split_threshold = 2600 (from flag)
I0000 00:00:1789059735.442130   33682 train_oblique_forest.cc:1398] Using Dynamic Random Histogram with 64 samples
I0000 00:00:1789059735.442140   33682 train_oblique_forest.cc:1428] train_oblique_forest wall-time - Loading/Init (pre-train): 1.4522s
I0000 00:00:1789059735.465091   33682 abstract_learner.cc:171] No input feature explicitly specified. Using all the available input features.
I0000 00:00:1789059735.465363   33682 abstract_learner.cc:185] The label "y" was removed from the input feature set.
I0000 00:00:1789059735.529172   33682 random_forest.cc:534] Training random forest on 15000 example(s) and 400000 feature(s).
I0000 00:00:1789059735.539621   33682 gpu.cc:93] Cannot initialize GPU: Not compiled with GPU support
I0000 00:00:1789059735.564231   33682 random_forest.cc:663] num_threads being used: 48
I0000 00:00:1789059740.157595   33766 random_forest.cc:881] Train tree 1/240  [index:36 total:4.59s tree:4.59s]
I0000 00:00:1789059760.775002   33739 random_forest.cc:881] Train tree 193/240  [index:192 total:25.21s tree:5.11s]
I0000 00:00:1789059764.048626   33682 random_forest.cc:899] random_forest.cc Training block took: 28.6065 s
W0000 00:00:1789059764.048665   33682 random_forest.cc:1216] EXITING EARLY TO SPEED UP EXPERIMENTS!
RESULT dataset=trunk_15000_x_400000 threshold=2600 median=28.6065s stddev=N/As n=1


======== Threshold 3100 ========

./bazel-bin/examples/train_oblique_forest --input_mode csv --train_csv "benchmarks/data/HIGGS_with_header.csv" --label_col "class" --num_trees=240 --dynamic_split_threshold=3100 --feature_split_type Oblique --numerical_split_type "Dynamic Random Histogram" --histogram_num_bins 64
----- Run 1/1 -----
WARNING: All log messages before absl::InitializeLog() is called are written to STDERR
I0000 00:00:1789059764.666947   33924 train_oblique_forest.cc:1101] Loading CSV in a single pass: benchmarks/data/HIGGS_with_header.csv
I0000 00:00:1789059765.618417   33924 train_oblique_forest.cc:1108] Single-pass CSV load complete: 11000000 rows, 29 columns.
I0000 00:00:1789059765.618483   33924 train_oblique_forest.cc:1229] -1 (automatic) threads requested. 48 threads set.
I0000 00:00:1789059765.618495   33924 train_oblique_forest.cc:1304] Configuring oblique splits
I0000 00:00:1789059765.618497   33924 train_oblique_forest.cc:1313] dynamic_split_threshold = 3100 (from flag)
I0000 00:00:1789059765.618499   33924 train_oblique_forest.cc:1398] Using Dynamic Random Histogram with 64 samples
I0000 00:00:1789059765.618508   33924 train_oblique_forest.cc:1428] train_oblique_forest wall-time - Loading/Init (pre-train): 0.951586s
I0000 00:00:1789059765.618566   33924 abstract_learner.cc:171] No input feature explicitly specified. Using all the available input features.
I0000 00:00:1789059765.618569   33924 abstract_learner.cc:185] The label "class" was removed from the input feature set.
I0000 00:00:1789059765.618582   33924 random_forest.cc:534] Training random forest on 11000000 example(s) and 28 feature(s).
I0000 00:00:1789059765.618593   33924 gpu.cc:93] Cannot initialize GPU: Not compiled with GPU support
I0000 00:00:1789059765.619179   33924 random_forest.cc:663] num_threads being used: 48
I0000 00:00:1789059837.694558   34087 random_forest.cc:881] Train tree 1/240  [index:29 total:1m12.08s tree:1m12.07s]
I0000 00:00:1789059911.702809   34062 random_forest.cc:881] Train tree 49/240  [index:60 total:2m26.08s tree:1m12.59s]
I0000 00:00:1789059984.461762   34069 random_forest.cc:881] Train tree 97/240  [index:97 total:3m38.84s tree:1m12.66s]
I0000 00:00:1789060057.275442   34069 random_forest.cc:881] Train tree 145/240  [index:144 total:4m51.66s tree:1m12.81s]
I0000 00:00:1789060130.788913   34069 random_forest.cc:881] Train tree 193/240  [index:192 total:6m5.17s tree:1m13.51s]
I0000 00:00:1789060144.899467   33924 random_forest.cc:899] random_forest.cc Training block took: 379.281 s
W0000 00:00:1789060144.899499   33924 random_forest.cc:1216] EXITING EARLY TO SPEED UP EXPERIMENTS!
RESULT dataset=HIGGS_with_header threshold=3100 median=379.281s stddev=N/As n=1
./bazel-bin/examples/train_oblique_forest --input_mode csv --train_csv "benchmarks/data/SUSY_with_header.csv" --label_col "class" --num_trees=240 --dynamic_split_threshold=3100 --feature_split_type Oblique --numerical_split_type "Dynamic Random Histogram" --histogram_num_bins 64
----- Run 1/1 -----
WARNING: All log messages before absl::InitializeLog() is called are written to STDERR
I0000 00:00:1789060151.196902   35626 train_oblique_forest.cc:1101] Loading CSV in a single pass: benchmarks/data/SUSY_with_header.csv
I0000 00:00:1789060151.524546   35626 train_oblique_forest.cc:1108] Single-pass CSV load complete: 5000000 rows, 19 columns.
I0000 00:00:1789060151.524618   35626 train_oblique_forest.cc:1229] -1 (automatic) threads requested. 48 threads set.
I0000 00:00:1789060151.524627   35626 train_oblique_forest.cc:1304] Configuring oblique splits
I0000 00:00:1789060151.524629   35626 train_oblique_forest.cc:1313] dynamic_split_threshold = 3100 (from flag)
I0000 00:00:1789060151.524631   35626 train_oblique_forest.cc:1398] Using Dynamic Random Histogram with 64 samples
I0000 00:00:1789060151.524641   35626 train_oblique_forest.cc:1428] train_oblique_forest wall-time - Loading/Init (pre-train): 0.327766s
I0000 00:00:1789060151.524698   35626 abstract_learner.cc:171] No input feature explicitly specified. Using all the available input features.
I0000 00:00:1789060151.524700   35626 abstract_learner.cc:185] The label "class" was removed from the input feature set.
I0000 00:00:1789060151.524710   35626 random_forest.cc:534] Training random forest on 5000000 example(s) and 18 feature(s).
I0000 00:00:1789060151.524721   35626 gpu.cc:93] Cannot initialize GPU: Not compiled with GPU support
I0000 00:00:1789060151.525301   35626 random_forest.cc:663] num_threads being used: 48
I0000 00:00:1789060176.658890   35785 random_forest.cc:881] Train tree 1/240  [index:5 total:25.13s tree:25.13s]
I0000 00:00:1789060202.277566   35783 random_forest.cc:881] Train tree 49/240  [index:52 total:50.75s tree:25.26s]
I0000 00:00:1789060228.218722   35766 random_forest.cc:881] Train tree 97/240  [index:99 total:1m16.69s tree:25.58s]
I0000 00:00:1789060253.596726   35766 random_forest.cc:881] Train tree 145/240  [index:144 total:1m42.07s tree:25.38s]
I0000 00:00:1789060279.651987   35789 random_forest.cc:881] Train tree 193/240  [index:193 total:2m8.13s tree:25.88s]
I0000 00:00:1789060283.749053   35626 random_forest.cc:899] random_forest.cc Training block took: 132.224 s
W0000 00:00:1789060283.749088   35626 random_forest.cc:1216] EXITING EARLY TO SPEED UP EXPERIMENTS!
RESULT dataset=SUSY_with_header threshold=3100 median=132.224s stddev=N/As n=1
./bazel-bin/examples/train_oblique_forest --input_mode csv --train_csv "benchmarks/data/epsilon_normalized_train.csv" --label_col "label" --num_trees=240 --dynamic_split_threshold=3100 --feature_split_type Oblique --numerical_split_type "Dynamic Random Histogram" --histogram_num_bins 64
----- Run 1/1 -----
WARNING: All log messages before absl::InitializeLog() is called are written to STDERR
I0000 00:00:1789060286.361753   36334 train_oblique_forest.cc:1101] Loading CSV in a single pass: benchmarks/data/epsilon_normalized_train.csv
I0000 00:00:1789060288.122719   36334 train_oblique_forest.cc:1108] Single-pass CSV load complete: 400000 rows, 2001 columns.
I0000 00:00:1789060288.122784   36334 train_oblique_forest.cc:1229] -1 (automatic) threads requested. 48 threads set.
I0000 00:00:1789060288.122794   36334 train_oblique_forest.cc:1304] Configuring oblique splits
I0000 00:00:1789060288.122795   36334 train_oblique_forest.cc:1313] dynamic_split_threshold = 3100 (from flag)
I0000 00:00:1789060288.122798   36334 train_oblique_forest.cc:1398] Using Dynamic Random Histogram with 64 samples
I0000 00:00:1789060288.122807   36334 train_oblique_forest.cc:1428] train_oblique_forest wall-time - Loading/Init (pre-train): 1.76108s
I0000 00:00:1789060288.122973   36334 abstract_learner.cc:171] No input feature explicitly specified. Using all the available input features.
I0000 00:00:1789060288.122979   36334 abstract_learner.cc:185] The label "label" was removed from the input feature set.
I0000 00:00:1789060288.123318   36334 random_forest.cc:534] Training random forest on 400000 example(s) and 2000 feature(s).
I0000 00:00:1789060288.123382   36334 gpu.cc:93] Cannot initialize GPU: Not compiled with GPU support
I0000 00:00:1789060288.124112   36334 random_forest.cc:663] num_threads being used: 48
I0000 00:00:1789060299.988874   36521 random_forest.cc:881] Train tree 1/240  [index:31 total:11.86s tree:11.86s]
I0000 00:00:1789060323.824932   36528 random_forest.cc:881] Train tree 97/240  [index:96 total:35.70s tree:11.94s]
I0000 00:00:1789060347.673636   36528 random_forest.cc:881] Train tree 193/240  [index:192 total:59.55s tree:11.93s]
I0000 00:00:1789060349.654517   36334 random_forest.cc:899] random_forest.cc Training block took: 61.5317 s
W0000 00:00:1789060349.654559   36334 random_forest.cc:1216] EXITING EARLY TO SPEED UP EXPERIMENTS!
RESULT dataset=epsilon_normalized_train threshold=3100 median=61.5317s stddev=N/As n=1
./bazel-bin/examples/train_oblique_forest --input_mode trunk --rows 1500000 --cols 4096 --num_trees=240 --dynamic_split_threshold=3100 --feature_split_type Oblique --numerical_split_type "Dynamic Random Histogram" --histogram_num_bins 64
----- Run 1/1 -----
WARNING: All log messages before absl::InitializeLog() is called are written to STDERR
I0000 00:00:1789060349.924848   36796 train_oblique_forest.cc:1133] Generating trunk synthetic dataset: rows=1500000, cols=4096, layout=column
I0000 00:00:1789060351.312047   36796 train_oblique_forest.cc:1229] -1 (automatic) threads requested. 48 threads set.
I0000 00:00:1789060351.312082   36796 train_oblique_forest.cc:1304] Configuring oblique splits
I0000 00:00:1789060351.312084   36796 train_oblique_forest.cc:1313] dynamic_split_threshold = 3100 (from flag)
I0000 00:00:1789060351.312088   36796 train_oblique_forest.cc:1398] Using Dynamic Random Histogram with 64 samples
I0000 00:00:1789060351.312097   36796 train_oblique_forest.cc:1428] train_oblique_forest wall-time - Loading/Init (pre-train): 1.38727s
I0000 00:00:1789060351.312403   36796 abstract_learner.cc:171] No input feature explicitly specified. Using all the available input features.
I0000 00:00:1789060351.312408   36796 abstract_learner.cc:185] The label "y" was removed from the input feature set.
I0000 00:00:1789060351.313016   36796 random_forest.cc:534] Training random forest on 1500000 example(s) and 4096 feature(s).
I0000 00:00:1789060351.313136   36796 gpu.cc:93] Cannot initialize GPU: Not compiled with GPU support
I0000 00:00:1789060351.313976   36796 random_forest.cc:663] num_threads being used: 48
I0000 00:00:1789060416.854358   36901 random_forest.cc:881] Train tree 1/240  [index:43 total:1m5.54s tree:1m5.53s]
I0000 00:00:1789060484.189493   36875 random_forest.cc:881] Train tree 49/240  [index:70 total:2m12.88s tree:1m4.72s]
I0000 00:00:1789060552.197151   36875 random_forest.cc:881] Train tree 97/240  [index:96 total:3m20.88s tree:1m8.01s]
I0000 00:00:1789060620.019054   36875 random_forest.cc:881] Train tree 145/240  [index:144 total:4m28.71s tree:1m7.82s]
I0000 00:00:1789060688.680710   36875 random_forest.cc:881] Train tree 193/240  [index:192 total:5m37.37s tree:1m8.66s]
I0000 00:00:1789060694.969698   36796 random_forest.cc:899] random_forest.cc Training block took: 343.658 s
W0000 00:00:1789060694.969739   36796 random_forest.cc:1216] EXITING EARLY TO SPEED UP EXPERIMENTS!
RESULT dataset=trunk_1500000_x_4096 threshold=3100 median=343.658s stddev=N/As n=1
./bazel-bin/examples/train_oblique_forest --input_mode trunk --rows 150000 --cols 40000 --num_trees=240 --dynamic_split_threshold=3100 --feature_split_type Oblique --numerical_split_type "Dynamic Random Histogram" --histogram_num_bins 64
----- Run 1/1 -----
WARNING: All log messages before absl::InitializeLog() is called are written to STDERR
I0000 00:00:1789060696.046868   38295 train_oblique_forest.cc:1133] Generating trunk synthetic dataset: rows=150000, cols=40000, layout=column
I0000 00:00:1789060697.423202   38295 train_oblique_forest.cc:1229] -1 (automatic) threads requested. 48 threads set.
I0000 00:00:1789060697.423235   38295 train_oblique_forest.cc:1304] Configuring oblique splits
I0000 00:00:1789060697.423238   38295 train_oblique_forest.cc:1313] dynamic_split_threshold = 3100 (from flag)
I0000 00:00:1789060697.423241   38295 train_oblique_forest.cc:1398] Using Dynamic Random Histogram with 64 samples
I0000 00:00:1789060697.423251   38295 train_oblique_forest.cc:1428] train_oblique_forest wall-time - Loading/Init (pre-train): 1.37641s
I0000 00:00:1789060697.425551   38295 abstract_learner.cc:171] No input feature explicitly specified. Using all the available input features.
I0000 00:00:1789060697.425582   38295 abstract_learner.cc:185] The label "y" was removed from the input feature set.
I0000 00:00:1789060697.431865   38295 random_forest.cc:534] Training random forest on 150000 example(s) and 40000 feature(s).
I0000 00:00:1789060697.432934   38295 gpu.cc:93] Cannot initialize GPU: Not compiled with GPU support
I0000 00:00:1789060697.435823   38295 random_forest.cc:663] num_threads being used: 48
I0000 00:00:1789060715.863687   38399 random_forest.cc:881] Train tree 1/240  [index:42 total:18.43s tree:18.42s]
I0000 00:00:1789060735.898724   38383 random_forest.cc:881] Train tree 83/240  [index:63 total:38.46s tree:19.58s]
I0000 00:00:1789060756.017442   38398 random_forest.cc:881] Train tree 142/240  [index:138 total:58.58s tree:19.58s]
I0000 00:00:1789060776.220805   38379 random_forest.cc:881] Train tree 191/240  [index:188 total:1m18.78s tree:20.37s]
I0000 00:00:1789060794.900566   38295 random_forest.cc:899] random_forest.cc Training block took: 97.4773 s
W0000 00:00:1789060794.900608   38295 random_forest.cc:1216] EXITING EARLY TO SPEED UP EXPERIMENTS!
RESULT dataset=trunk_150000_x_40000 threshold=3100 median=97.4773s stddev=N/As n=1
./bazel-bin/examples/train_oblique_forest --input_mode trunk --rows 15000 --cols 400000 --num_trees=240 --dynamic_split_threshold=3100 --feature_split_type Oblique --numerical_split_type "Dynamic Random Histogram" --histogram_num_bins 64
----- Run 1/1 -----
WARNING: All log messages before absl::InitializeLog() is called are written to STDERR
I0000 00:00:1789060795.535491   38801 train_oblique_forest.cc:1133] Generating trunk synthetic dataset: rows=15000, cols=400000, layout=column
I0000 00:00:1789060797.028604   38801 train_oblique_forest.cc:1229] -1 (automatic) threads requested. 48 threads set.
I0000 00:00:1789060797.028637   38801 train_oblique_forest.cc:1304] Configuring oblique splits
I0000 00:00:1789060797.028641   38801 train_oblique_forest.cc:1313] dynamic_split_threshold = 3100 (from flag)
I0000 00:00:1789060797.028644   38801 train_oblique_forest.cc:1398] Using Dynamic Random Histogram with 64 samples
I0000 00:00:1789060797.028653   38801 train_oblique_forest.cc:1428] train_oblique_forest wall-time - Loading/Init (pre-train): 1.49319s
I0000 00:00:1789060797.051633   38801 abstract_learner.cc:171] No input feature explicitly specified. Using all the available input features.
I0000 00:00:1789060797.051898   38801 abstract_learner.cc:185] The label "y" was removed from the input feature set.
I0000 00:00:1789060797.115829   38801 random_forest.cc:534] Training random forest on 15000 example(s) and 400000 feature(s).
I0000 00:00:1789060797.126207   38801 gpu.cc:93] Cannot initialize GPU: Not compiled with GPU support
I0000 00:00:1789060797.150845   38801 random_forest.cc:663] num_threads being used: 48
I0000 00:00:1789060801.743504   38886 random_forest.cc:881] Train tree 1/240  [index:36 total:4.59s tree:4.59s]
I0000 00:00:1789060822.023096   38876 random_forest.cc:881] Train tree 193/240  [index:192 total:24.87s tree:4.98s]
I0000 00:00:1789060825.365908   38801 random_forest.cc:899] random_forest.cc Training block took: 28.3372 s
W0000 00:00:1789060825.365946   38801 random_forest.cc:1216] EXITING EARLY TO SPEED UP EXPERIMENTS!
RESULT dataset=trunk_15000_x_400000 threshold=3100 median=28.3372s stddev=N/As n=1


======== Threshold 3600 ========

./bazel-bin/examples/train_oblique_forest --input_mode csv --train_csv "benchmarks/data/HIGGS_with_header.csv" --label_col "class" --num_trees=240 --dynamic_split_threshold=3600 --feature_split_type Oblique --numerical_split_type "Dynamic Random Histogram" --histogram_num_bins 64
----- Run 1/1 -----
WARNING: All log messages before absl::InitializeLog() is called are written to STDERR
I0000 00:00:1789060825.983459   39039 train_oblique_forest.cc:1101] Loading CSV in a single pass: benchmarks/data/HIGGS_with_header.csv
I0000 00:00:1789060826.933226   39039 train_oblique_forest.cc:1108] Single-pass CSV load complete: 11000000 rows, 29 columns.
I0000 00:00:1789060826.933301   39039 train_oblique_forest.cc:1229] -1 (automatic) threads requested. 48 threads set.
I0000 00:00:1789060826.933311   39039 train_oblique_forest.cc:1304] Configuring oblique splits
I0000 00:00:1789060826.933312   39039 train_oblique_forest.cc:1313] dynamic_split_threshold = 3600 (from flag)
I0000 00:00:1789060826.933314   39039 train_oblique_forest.cc:1398] Using Dynamic Random Histogram with 64 samples
I0000 00:00:1789060826.933324   39039 train_oblique_forest.cc:1428] train_oblique_forest wall-time - Loading/Init (pre-train): 0.949893s
I0000 00:00:1789060826.933383   39039 abstract_learner.cc:171] No input feature explicitly specified. Using all the available input features.
I0000 00:00:1789060826.933385   39039 abstract_learner.cc:185] The label "class" was removed from the input feature set.
I0000 00:00:1789060826.933399   39039 random_forest.cc:534] Training random forest on 11000000 example(s) and 28 feature(s).
I0000 00:00:1789060826.933411   39039 gpu.cc:93] Cannot initialize GPU: Not compiled with GPU support
I0000 00:00:1789060826.933997   39039 random_forest.cc:663] num_threads being used: 48
I0000 00:00:1789060899.155272   39194 random_forest.cc:881] Train tree 1/240  [index:27 total:1m12.22s tree:1m12.22s]
I0000 00:00:1789060971.900120   39173 random_forest.cc:881] Train tree 49/240  [index:61 total:2m24.97s tree:1m11.53s]
I0000 00:00:1789061044.897779   39174 random_forest.cc:881] Train tree 97/240  [index:99 total:3m37.96s tree:1m12.50s]
I0000 00:00:1789061116.701063   39187 random_forest.cc:881] Train tree 145/240  [index:145 total:4m49.77s tree:1m11.48s]
I0000 00:00:1789061190.998622   39187 random_forest.cc:881] Train tree 193/240  [index:192 total:6m4.06s tree:1m14.30s]
I0000 00:00:1789061202.203045   39039 random_forest.cc:899] random_forest.cc Training block took: 375.27 s
W0000 00:00:1789061202.203080   39039 random_forest.cc:1216] EXITING EARLY TO SPEED UP EXPERIMENTS!
RESULT dataset=HIGGS_with_header threshold=3600 median=375.27s stddev=N/As n=1
./bazel-bin/examples/train_oblique_forest --input_mode csv --train_csv "benchmarks/data/SUSY_with_header.csv" --label_col "class" --num_trees=240 --dynamic_split_threshold=3600 --feature_split_type Oblique --numerical_split_type "Dynamic Random Histogram" --histogram_num_bins 64
----- Run 1/1 -----
WARNING: All log messages before absl::InitializeLog() is called are written to STDERR
I0000 00:00:1789061208.482148   40719 train_oblique_forest.cc:1101] Loading CSV in a single pass: benchmarks/data/SUSY_with_header.csv
I0000 00:00:1789061208.816768   40719 train_oblique_forest.cc:1108] Single-pass CSV load complete: 5000000 rows, 19 columns.
I0000 00:00:1789061208.816838   40719 train_oblique_forest.cc:1229] -1 (automatic) threads requested. 48 threads set.
I0000 00:00:1789061208.816848   40719 train_oblique_forest.cc:1304] Configuring oblique splits
I0000 00:00:1789061208.816850   40719 train_oblique_forest.cc:1313] dynamic_split_threshold = 3600 (from flag)
I0000 00:00:1789061208.816852   40719 train_oblique_forest.cc:1398] Using Dynamic Random Histogram with 64 samples
I0000 00:00:1789061208.816861   40719 train_oblique_forest.cc:1428] train_oblique_forest wall-time - Loading/Init (pre-train): 0.33474s
I0000 00:00:1789061208.816917   40719 abstract_learner.cc:171] No input feature explicitly specified. Using all the available input features.
I0000 00:00:1789061208.816919   40719 abstract_learner.cc:185] The label "class" was removed from the input feature set.
I0000 00:00:1789061208.816929   40719 random_forest.cc:534] Training random forest on 5000000 example(s) and 18 feature(s).
I0000 00:00:1789061208.816940   40719 gpu.cc:93] Cannot initialize GPU: Not compiled with GPU support
I0000 00:00:1789061208.817522   40719 random_forest.cc:663] num_threads being used: 48
I0000 00:00:1789061233.870309   40880 random_forest.cc:881] Train tree 1/240  [index:41 total:25.05s tree:25.05s]
I0000 00:00:1789061259.329637   40847 random_forest.cc:881] Train tree 49/240  [index:49 total:50.51s tree:25.40s]
I0000 00:00:1789061285.027931   40849 random_forest.cc:881] Train tree 97/240  [index:101 total:1m16.21s tree:25.38s]
I0000 00:00:1789061310.623878   40880 random_forest.cc:881] Train tree 145/240  [index:146 total:1m41.81s tree:25.24s]
I0000 00:00:1789061335.933395   40849 random_forest.cc:881] Train tree 193/240  [index:193 total:2m7.12s tree:25.31s]
I0000 00:00:1789061340.710458   40719 random_forest.cc:899] random_forest.cc Training block took: 131.894 s
W0000 00:00:1789061340.710490   40719 random_forest.cc:1216] EXITING EARLY TO SPEED UP EXPERIMENTS!
RESULT dataset=SUSY_with_header threshold=3600 median=131.894s stddev=N/As n=1
./bazel-bin/examples/train_oblique_forest --input_mode csv --train_csv "benchmarks/data/epsilon_normalized_train.csv" --label_col "label" --num_trees=240 --dynamic_split_threshold=3600 --feature_split_type Oblique --numerical_split_type "Dynamic Random Histogram" --histogram_num_bins 64
----- Run 1/1 -----
WARNING: All log messages before absl::InitializeLog() is called are written to STDERR
I0000 00:00:1789061343.315496   41428 train_oblique_forest.cc:1101] Loading CSV in a single pass: benchmarks/data/epsilon_normalized_train.csv
I0000 00:00:1789061345.084121   41428 train_oblique_forest.cc:1108] Single-pass CSV load complete: 400000 rows, 2001 columns.
I0000 00:00:1789061345.084188   41428 train_oblique_forest.cc:1229] -1 (automatic) threads requested. 48 threads set.
I0000 00:00:1789061345.084197   41428 train_oblique_forest.cc:1304] Configuring oblique splits
I0000 00:00:1789061345.084199   41428 train_oblique_forest.cc:1313] dynamic_split_threshold = 3600 (from flag)
I0000 00:00:1789061345.084201   41428 train_oblique_forest.cc:1398] Using Dynamic Random Histogram with 64 samples
I0000 00:00:1789061345.084210   41428 train_oblique_forest.cc:1428] train_oblique_forest wall-time - Loading/Init (pre-train): 1.76874s
I0000 00:00:1789061345.084373   41428 abstract_learner.cc:171] No input feature explicitly specified. Using all the available input features.
I0000 00:00:1789061345.084379   41428 abstract_learner.cc:185] The label "label" was removed from the input feature set.
I0000 00:00:1789061345.084711   41428 random_forest.cc:534] Training random forest on 400000 example(s) and 2000 feature(s).
I0000 00:00:1789061345.084775   41428 gpu.cc:93] Cannot initialize GPU: Not compiled with GPU support
I0000 00:00:1789061345.085498   41428 random_forest.cc:663] num_threads being used: 48
I0000 00:00:1789061356.874334   41625 random_forest.cc:881] Train tree 1/240  [index:12 total:11.79s tree:11.79s]
I0000 00:00:1789061380.740758   41625 random_forest.cc:881] Train tree 97/240  [index:101 total:35.66s tree:11.85s]
I0000 00:00:1789061404.532017   41625 random_forest.cc:881] Train tree 193/240  [index:192 total:59.45s tree:11.83s]
I0000 00:00:1789061406.038510   41428 random_forest.cc:899] random_forest.cc Training block took: 60.9543 s
W0000 00:00:1789061406.038553   41428 random_forest.cc:1216] EXITING EARLY TO SPEED UP EXPERIMENTS!
RESULT dataset=epsilon_normalized_train threshold=3600 median=60.9543s stddev=N/As n=1
./bazel-bin/examples/train_oblique_forest --input_mode trunk --rows 1500000 --cols 4096 --num_trees=240 --dynamic_split_threshold=3600 --feature_split_type Oblique --numerical_split_type "Dynamic Random Histogram" --histogram_num_bins 64
----- Run 1/1 -----
WARNING: All log messages before absl::InitializeLog() is called are written to STDERR
I0000 00:00:1789061406.311059   41891 train_oblique_forest.cc:1133] Generating trunk synthetic dataset: rows=1500000, cols=4096, layout=column
I0000 00:00:1789061407.704303   41891 train_oblique_forest.cc:1229] -1 (automatic) threads requested. 48 threads set.
I0000 00:00:1789061407.704337   41891 train_oblique_forest.cc:1304] Configuring oblique splits
I0000 00:00:1789061407.704339   41891 train_oblique_forest.cc:1313] dynamic_split_threshold = 3600 (from flag)
I0000 00:00:1789061407.704342   41891 train_oblique_forest.cc:1398] Using Dynamic Random Histogram with 64 samples
I0000 00:00:1789061407.704351   41891 train_oblique_forest.cc:1428] train_oblique_forest wall-time - Loading/Init (pre-train): 1.39332s
I0000 00:00:1789061407.704654   41891 abstract_learner.cc:171] No input feature explicitly specified. Using all the available input features.
I0000 00:00:1789061407.704659   41891 abstract_learner.cc:185] The label "y" was removed from the input feature set.
I0000 00:00:1789061407.705258   41891 random_forest.cc:534] Training random forest on 1500000 example(s) and 4096 feature(s).
I0000 00:00:1789061407.705378   41891 gpu.cc:93] Cannot initialize GPU: Not compiled with GPU support
I0000 00:00:1789061407.706221   41891 random_forest.cc:663] num_threads being used: 48
I0000 00:00:1789061473.779930   41971 random_forest.cc:881] Train tree 1/240  [index:30 total:1m6.07s tree:1m6.07s]
I0000 00:00:1789061540.201369   41973 random_forest.cc:881] Train tree 49/240  [index:70 total:2m12.50s tree:1m4.66s]
I0000 00:00:1789061607.443266   41973 random_forest.cc:881] Train tree 97/240  [index:96 total:3m19.74s tree:1m7.24s]
I0000 00:00:1789061675.382281   41973 random_forest.cc:881] Train tree 145/240  [index:144 total:4m27.68s tree:1m7.94s]
I0000 00:00:1789061743.171320   41973 random_forest.cc:881] Train tree 193/240  [index:192 total:5m35.47s tree:1m7.79s]
I0000 00:00:1789061751.348064   41891 random_forest.cc:899] random_forest.cc Training block took: 343.644 s
W0000 00:00:1789061751.348108   41891 random_forest.cc:1216] EXITING EARLY TO SPEED UP EXPERIMENTS!
RESULT dataset=trunk_1500000_x_4096 threshold=3600 median=343.644s stddev=N/As n=1
./bazel-bin/examples/train_oblique_forest --input_mode trunk --rows 150000 --cols 40000 --num_trees=240 --dynamic_split_threshold=3600 --feature_split_type Oblique --numerical_split_type "Dynamic Random Histogram" --histogram_num_bins 64
----- Run 1/1 -----
WARNING: All log messages before absl::InitializeLog() is called are written to STDERR
I0000 00:00:1789061752.414665   43346 train_oblique_forest.cc:1133] Generating trunk synthetic dataset: rows=150000, cols=40000, layout=column
I0000 00:00:1789061753.780173   43346 train_oblique_forest.cc:1229] -1 (automatic) threads requested. 48 threads set.
I0000 00:00:1789061753.780209   43346 train_oblique_forest.cc:1304] Configuring oblique splits
I0000 00:00:1789061753.780211   43346 train_oblique_forest.cc:1313] dynamic_split_threshold = 3600 (from flag)
I0000 00:00:1789061753.780214   43346 train_oblique_forest.cc:1398] Using Dynamic Random Histogram with 64 samples
I0000 00:00:1789061753.780223   43346 train_oblique_forest.cc:1428] train_oblique_forest wall-time - Loading/Init (pre-train): 1.36558s
I0000 00:00:1789061753.782589   43346 abstract_learner.cc:171] No input feature explicitly specified. Using all the available input features.
I0000 00:00:1789061753.782620   43346 abstract_learner.cc:185] The label "y" was removed from the input feature set.
I0000 00:00:1789061753.788721   43346 random_forest.cc:534] Training random forest on 150000 example(s) and 40000 feature(s).
I0000 00:00:1789061753.789735   43346 gpu.cc:93] Cannot initialize GPU: Not compiled with GPU support
I0000 00:00:1789061753.792760   43346 random_forest.cc:663] num_threads being used: 48
I0000 00:00:1789061771.964204   43422 random_forest.cc:881] Train tree 1/240  [index:26 total:18.17s tree:18.17s]
I0000 00:00:1789061791.992059   43419 random_forest.cc:881] Train tree 79/240  [index:55 total:38.20s tree:19.44s]
I0000 00:00:1789061812.300841   43438 random_forest.cc:881] Train tree 142/240  [index:139 total:58.51s tree:19.67s]
I0000 00:00:1789061832.357250   43418 random_forest.cc:881] Train tree 192/240  [index:191 total:1m18.56s tree:18.99s]
I0000 00:00:1789061850.977425   43346 random_forest.cc:899] random_forest.cc Training block took: 97.1972 s
W0000 00:00:1789061850.977463   43346 random_forest.cc:1216] EXITING EARLY TO SPEED UP EXPERIMENTS!
RESULT dataset=trunk_150000_x_40000 threshold=3600 median=97.1972s stddev=N/As n=1
./bazel-bin/examples/train_oblique_forest --input_mode trunk --rows 15000 --cols 400000 --num_trees=240 --dynamic_split_threshold=3600 --feature_split_type Oblique --numerical_split_type "Dynamic Random Histogram" --histogram_num_bins 64
----- Run 1/1 -----
WARNING: All log messages before absl::InitializeLog() is called are written to STDERR
I0000 00:00:1789061851.613325   43856 train_oblique_forest.cc:1133] Generating trunk synthetic dataset: rows=15000, cols=400000, layout=column
I0000 00:00:1789061853.183771   43856 train_oblique_forest.cc:1229] -1 (automatic) threads requested. 48 threads set.
I0000 00:00:1789061853.183803   43856 train_oblique_forest.cc:1304] Configuring oblique splits
I0000 00:00:1789061853.183805   43856 train_oblique_forest.cc:1313] dynamic_split_threshold = 3600 (from flag)
I0000 00:00:1789061853.183808   43856 train_oblique_forest.cc:1398] Using Dynamic Random Histogram with 64 samples
I0000 00:00:1789061853.183817   43856 train_oblique_forest.cc:1428] train_oblique_forest wall-time - Loading/Init (pre-train): 1.57052s
I0000 00:00:1789061853.206605   43856 abstract_learner.cc:171] No input feature explicitly specified. Using all the available input features.
I0000 00:00:1789061853.206877   43856 abstract_learner.cc:185] The label "y" was removed from the input feature set.
I0000 00:00:1789061853.273171   43856 random_forest.cc:534] Training random forest on 15000 example(s) and 400000 feature(s).
I0000 00:00:1789061853.283624   43856 gpu.cc:93] Cannot initialize GPU: Not compiled with GPU support
I0000 00:00:1789061853.308677   43856 random_forest.cc:663] num_threads being used: 48
I0000 00:00:1789061857.835020   43930 random_forest.cc:881] Train tree 1/240  [index:25 total:4.53s tree:4.52s]
I0000 00:00:1789061878.207672   43950 random_forest.cc:881] Train tree 193/240  [index:192 total:24.90s tree:5.02s]
I0000 00:00:1789061881.534720   43856 random_forest.cc:899] random_forest.cc Training block took: 28.3509 s
W0000 00:00:1789061881.534757   43856 random_forest.cc:1216] EXITING EARLY TO SPEED UP EXPERIMENTS!
RESULT dataset=trunk_15000_x_400000 threshold=3600 median=28.3509s stddev=N/As n=1


======== Threshold 4100 ========

./bazel-bin/examples/train_oblique_forest --input_mode csv --train_csv "benchmarks/data/HIGGS_with_header.csv" --label_col "class" --num_trees=240 --dynamic_split_threshold=4100 --feature_split_type Oblique --numerical_split_type "Dynamic Random Histogram" --histogram_num_bins 64
----- Run 1/1 -----
WARNING: All log messages before absl::InitializeLog() is called are written to STDERR
I0000 00:00:1789061882.151424   44091 train_oblique_forest.cc:1101] Loading CSV in a single pass: benchmarks/data/HIGGS_with_header.csv
I0000 00:00:1789061883.098562   44091 train_oblique_forest.cc:1108] Single-pass CSV load complete: 11000000 rows, 29 columns.
I0000 00:00:1789061883.098631   44091 train_oblique_forest.cc:1229] -1 (automatic) threads requested. 48 threads set.
I0000 00:00:1789061883.098641   44091 train_oblique_forest.cc:1304] Configuring oblique splits
I0000 00:00:1789061883.098643   44091 train_oblique_forest.cc:1313] dynamic_split_threshold = 4100 (from flag)
I0000 00:00:1789061883.098645   44091 train_oblique_forest.cc:1398] Using Dynamic Random Histogram with 64 samples
I0000 00:00:1789061883.098654   44091 train_oblique_forest.cc:1428] train_oblique_forest wall-time - Loading/Init (pre-train): 0.947257s
I0000 00:00:1789061883.098712   44091 abstract_learner.cc:171] No input feature explicitly specified. Using all the available input features.
I0000 00:00:1789061883.098714   44091 abstract_learner.cc:185] The label "class" was removed from the input feature set.
I0000 00:00:1789061883.098726   44091 random_forest.cc:534] Training random forest on 11000000 example(s) and 28 feature(s).
I0000 00:00:1789061883.098738   44091 gpu.cc:93] Cannot initialize GPU: Not compiled with GPU support
I0000 00:00:1789061883.099318   44091 random_forest.cc:663] num_threads being used: 48
I0000 00:00:1789061954.619792   44237 random_forest.cc:881] Train tree 1/240  [index:27 total:1m11.52s tree:1m11.52s]
I0000 00:00:1789062027.955265   44269 random_forest.cc:881] Train tree 49/240  [index:77 total:2m24.86s tree:1m10.71s]
I0000 00:00:1789062100.327210   44269 random_forest.cc:881] Train tree 97/240  [index:96 total:3m37.23s tree:1m12.37s]
I0000 00:00:1789062173.639106   44269 random_forest.cc:881] Train tree 145/240  [index:144 total:4m50.54s tree:1m13.31s]
I0000 00:00:1789062247.095586   44269 random_forest.cc:881] Train tree 193/240  [index:192 total:6m4.00s tree:1m13.45s]
I0000 00:00:1789062259.440181   44091 random_forest.cc:899] random_forest.cc Training block took: 376.342 s
W0000 00:00:1789062259.440218   44091 random_forest.cc:1216] EXITING EARLY TO SPEED UP EXPERIMENTS!
RESULT dataset=HIGGS_with_header threshold=4100 median=376.342s stddev=N/As n=1
./bazel-bin/examples/train_oblique_forest --input_mode csv --train_csv "benchmarks/data/SUSY_with_header.csv" --label_col "class" --num_trees=240 --dynamic_split_threshold=4100 --feature_split_type Oblique --numerical_split_type "Dynamic Random Histogram" --histogram_num_bins 64
----- Run 1/1 -----
WARNING: All log messages before absl::InitializeLog() is called are written to STDERR
I0000 00:00:1789062265.773512   45776 train_oblique_forest.cc:1101] Loading CSV in a single pass: benchmarks/data/SUSY_with_header.csv
I0000 00:00:1789062266.104992   45776 train_oblique_forest.cc:1108] Single-pass CSV load complete: 5000000 rows, 19 columns.
I0000 00:00:1789062266.105059   45776 train_oblique_forest.cc:1229] -1 (automatic) threads requested. 48 threads set.
I0000 00:00:1789062266.105069   45776 train_oblique_forest.cc:1304] Configuring oblique splits
I0000 00:00:1789062266.105071   45776 train_oblique_forest.cc:1313] dynamic_split_threshold = 4100 (from flag)
I0000 00:00:1789062266.105073   45776 train_oblique_forest.cc:1398] Using Dynamic Random Histogram with 64 samples
I0000 00:00:1789062266.105082   45776 train_oblique_forest.cc:1428] train_oblique_forest wall-time - Loading/Init (pre-train): 0.331599s
I0000 00:00:1789062266.105141   45776 abstract_learner.cc:171] No input feature explicitly specified. Using all the available input features.
I0000 00:00:1789062266.105143   45776 abstract_learner.cc:185] The label "class" was removed from the input feature set.
I0000 00:00:1789062266.105153   45776 random_forest.cc:534] Training random forest on 5000000 example(s) and 18 feature(s).
I0000 00:00:1789062266.105165   45776 gpu.cc:93] Cannot initialize GPU: Not compiled with GPU support
I0000 00:00:1789062266.105739   45776 random_forest.cc:663] num_threads being used: 48
I0000 00:00:1789062290.974589   45935 random_forest.cc:881] Train tree 1/240  [index:43 total:24.87s tree:24.86s]
I0000 00:00:1789062316.345172   45935 random_forest.cc:881] Train tree 49/240  [index:48 total:50.24s tree:25.37s]
I0000 00:00:1789062342.412533   45917 random_forest.cc:881] Train tree 97/240  [index:108 total:1m16.31s tree:25.05s]
I0000 00:00:1789062367.464394   45917 random_forest.cc:881] Train tree 145/240  [index:144 total:1m41.36s tree:25.05s]
I0000 00:00:1789062393.810046   45935 random_forest.cc:881] Train tree 193/240  [index:193 total:2m7.70s tree:26.12s]
I0000 00:00:1789062397.549603   45776 random_forest.cc:899] random_forest.cc Training block took: 131.444 s
W0000 00:00:1789062397.549640   45776 random_forest.cc:1216] EXITING EARLY TO SPEED UP EXPERIMENTS!
RESULT dataset=SUSY_with_header threshold=4100 median=131.444s stddev=N/As n=1
./bazel-bin/examples/train_oblique_forest --input_mode csv --train_csv "benchmarks/data/epsilon_normalized_train.csv" --label_col "label" --num_trees=240 --dynamic_split_threshold=4100 --feature_split_type Oblique --numerical_split_type "Dynamic Random Histogram" --histogram_num_bins 64
----- Run 1/1 -----
WARNING: All log messages before absl::InitializeLog() is called are written to STDERR
I0000 00:00:1789062400.177883   46497 train_oblique_forest.cc:1101] Loading CSV in a single pass: benchmarks/data/epsilon_normalized_train.csv
I0000 00:00:1789062401.945361   46497 train_oblique_forest.cc:1108] Single-pass CSV load complete: 400000 rows, 2001 columns.
I0000 00:00:1789062401.945423   46497 train_oblique_forest.cc:1229] -1 (automatic) threads requested. 48 threads set.
I0000 00:00:1789062401.945433   46497 train_oblique_forest.cc:1304] Configuring oblique splits
I0000 00:00:1789062401.945435   46497 train_oblique_forest.cc:1313] dynamic_split_threshold = 4100 (from flag)
I0000 00:00:1789062401.945437   46497 train_oblique_forest.cc:1398] Using Dynamic Random Histogram with 64 samples
I0000 00:00:1789062401.945446   46497 train_oblique_forest.cc:1428] train_oblique_forest wall-time - Loading/Init (pre-train): 1.76759s
I0000 00:00:1789062401.945609   46497 abstract_learner.cc:171] No input feature explicitly specified. Using all the available input features.
I0000 00:00:1789062401.945615   46497 abstract_learner.cc:185] The label "label" was removed from the input feature set.
I0000 00:00:1789062401.945954   46497 random_forest.cc:534] Training random forest on 400000 example(s) and 2000 feature(s).
I0000 00:00:1789062401.946024   46497 gpu.cc:93] Cannot initialize GPU: Not compiled with GPU support
I0000 00:00:1789062401.946752   46497 random_forest.cc:663] num_threads being used: 48
I0000 00:00:1789062413.689242   46680 random_forest.cc:881] Train tree 1/240  [index:33 total:11.74s tree:11.74s]
I0000 00:00:1789062437.396227   46668 random_forest.cc:881] Train tree 97/240  [index:96 total:35.45s tree:11.91s]
I0000 00:00:1789062461.123403   46668 random_forest.cc:881] Train tree 193/240  [index:194 total:59.18s tree:11.80s]
I0000 00:00:1789062462.382205   46497 random_forest.cc:899] random_forest.cc Training block took: 60.4368 s
W0000 00:00:1789062462.382254   46497 random_forest.cc:1216] EXITING EARLY TO SPEED UP EXPERIMENTS!
RESULT dataset=epsilon_normalized_train threshold=4100 median=60.4368s stddev=N/As n=1
./bazel-bin/examples/train_oblique_forest --input_mode trunk --rows 1500000 --cols 4096 --num_trees=240 --dynamic_split_threshold=4100 --feature_split_type Oblique --numerical_split_type "Dynamic Random Histogram" --histogram_num_bins 64
----- Run 1/1 -----
WARNING: All log messages before absl::InitializeLog() is called are written to STDERR
I0000 00:00:1789062462.655792   46948 train_oblique_forest.cc:1133] Generating trunk synthetic dataset: rows=1500000, cols=4096, layout=column
I0000 00:00:1789062464.044685   46948 train_oblique_forest.cc:1229] -1 (automatic) threads requested. 48 threads set.
I0000 00:00:1789062464.044718   46948 train_oblique_forest.cc:1304] Configuring oblique splits
I0000 00:00:1789062464.044720   46948 train_oblique_forest.cc:1313] dynamic_split_threshold = 4100 (from flag)
I0000 00:00:1789062464.044723   46948 train_oblique_forest.cc:1398] Using Dynamic Random Histogram with 64 samples
I0000 00:00:1789062464.044733   46948 train_oblique_forest.cc:1428] train_oblique_forest wall-time - Loading/Init (pre-train): 1.38897s
I0000 00:00:1789062464.045040   46948 abstract_learner.cc:171] No input feature explicitly specified. Using all the available input features.
I0000 00:00:1789062464.045045   46948 abstract_learner.cc:185] The label "y" was removed from the input feature set.
I0000 00:00:1789062464.045646   46948 random_forest.cc:534] Training random forest on 1500000 example(s) and 4096 feature(s).
I0000 00:00:1789062464.045766   46948 gpu.cc:93] Cannot initialize GPU: Not compiled with GPU support
I0000 00:00:1789062464.046611   46948 random_forest.cc:663] num_threads being used: 48
I0000 00:00:1789062529.649755   47039 random_forest.cc:881] Train tree 1/240  [index:43 total:1m5.60s tree:1m5.60s]
I0000 00:00:1789062596.211401   47034 random_forest.cc:881] Train tree 49/240  [index:70 total:2m12.16s tree:1m4.75s]
I0000 00:00:1789062663.933618   47034 random_forest.cc:881] Train tree 97/240  [index:96 total:3m19.89s tree:1m7.72s]
I0000 00:00:1789062731.454499   47034 random_forest.cc:881] Train tree 145/240  [index:144 total:4m27.41s tree:1m7.52s]
I0000 00:00:1789062799.262439   47044 random_forest.cc:881] Train tree 193/240  [index:200 total:5m35.22s tree:1m6.67s]
I0000 00:00:1789062803.821296   46948 random_forest.cc:899] random_forest.cc Training block took: 339.777 s
W0000 00:00:1789062803.821336   46948 random_forest.cc:1216] EXITING EARLY TO SPEED UP EXPERIMENTS!
RESULT dataset=trunk_1500000_x_4096 threshold=4100 median=339.777s stddev=N/As n=1
./bazel-bin/examples/train_oblique_forest --input_mode trunk --rows 150000 --cols 40000 --num_trees=240 --dynamic_split_threshold=4100 --feature_split_type Oblique --numerical_split_type "Dynamic Random Histogram" --histogram_num_bins 64
----- Run 1/1 -----
WARNING: All log messages before absl::InitializeLog() is called are written to STDERR
I0000 00:00:1789062804.889964   48390 train_oblique_forest.cc:1133] Generating trunk synthetic dataset: rows=150000, cols=40000, layout=column
I0000 00:00:1789062806.260680   48390 train_oblique_forest.cc:1229] -1 (automatic) threads requested. 48 threads set.
I0000 00:00:1789062806.260713   48390 train_oblique_forest.cc:1304] Configuring oblique splits
I0000 00:00:1789062806.260715   48390 train_oblique_forest.cc:1313] dynamic_split_threshold = 4100 (from flag)
I0000 00:00:1789062806.260719   48390 train_oblique_forest.cc:1398] Using Dynamic Random Histogram with 64 samples
I0000 00:00:1789062806.260728   48390 train_oblique_forest.cc:1428] train_oblique_forest wall-time - Loading/Init (pre-train): 1.37079s
I0000 00:00:1789062806.263060   48390 abstract_learner.cc:171] No input feature explicitly specified. Using all the available input features.
I0000 00:00:1789062806.263092   48390 abstract_learner.cc:185] The label "y" was removed from the input feature set.
I0000 00:00:1789062806.269288   48390 random_forest.cc:534] Training random forest on 150000 example(s) and 40000 feature(s).
I0000 00:00:1789062806.270359   48390 gpu.cc:93] Cannot initialize GPU: Not compiled with GPU support
I0000 00:00:1789062806.273311   48390 random_forest.cc:663] num_threads being used: 48
I0000 00:00:1789062824.257443   48464 random_forest.cc:881] Train tree 1/240  [index:26 total:17.98s tree:17.98s]
I0000 00:00:1789062844.282692   48457 random_forest.cc:881] Train tree 75/240  [index:73 total:38.01s tree:19.08s]
I0000 00:00:1789062864.304644   48471 random_forest.cc:881] Train tree 142/240  [index:137 total:58.03s tree:19.49s]
I0000 00:00:1789062884.368838   48471 random_forest.cc:881] Train tree 191/240  [index:189 total:1m18.10s tree:20.06s]
I0000 00:00:1789062902.811047   48390 random_forest.cc:899] random_forest.cc Training block took: 96.5503 s
W0000 00:00:1789062902.811085   48390 random_forest.cc:1216] EXITING EARLY TO SPEED UP EXPERIMENTS!
RESULT dataset=trunk_150000_x_40000 threshold=4100 median=96.5503s stddev=N/As n=1
./bazel-bin/examples/train_oblique_forest --input_mode trunk --rows 15000 --cols 400000 --num_trees=240 --dynamic_split_threshold=4100 --feature_split_type Oblique --numerical_split_type "Dynamic Random Histogram" --histogram_num_bins 64
----- Run 1/1 -----
WARNING: All log messages before absl::InitializeLog() is called are written to STDERR
I0000 00:00:1789062903.449265   48903 train_oblique_forest.cc:1133] Generating trunk synthetic dataset: rows=15000, cols=400000, layout=column
I0000 00:00:1789062904.968420   48903 train_oblique_forest.cc:1229] -1 (automatic) threads requested. 48 threads set.
I0000 00:00:1789062904.968454   48903 train_oblique_forest.cc:1304] Configuring oblique splits
I0000 00:00:1789062904.968456   48903 train_oblique_forest.cc:1313] dynamic_split_threshold = 4100 (from flag)
I0000 00:00:1789062904.968460   48903 train_oblique_forest.cc:1398] Using Dynamic Random Histogram with 64 samples
I0000 00:00:1789062904.968469   48903 train_oblique_forest.cc:1428] train_oblique_forest wall-time - Loading/Init (pre-train): 1.51923s
I0000 00:00:1789062904.991337   48903 abstract_learner.cc:171] No input feature explicitly specified. Using all the available input features.
I0000 00:00:1789062904.991609   48903 abstract_learner.cc:185] The label "y" was removed from the input feature set.
I0000 00:00:1789062905.055453   48903 random_forest.cc:534] Training random forest on 15000 example(s) and 400000 feature(s).
I0000 00:00:1789062905.065680   48903 gpu.cc:93] Cannot initialize GPU: Not compiled with GPU support
I0000 00:00:1789062905.088986   48903 random_forest.cc:663] num_threads being used: 48
I0000 00:00:1789062909.791271   48978 random_forest.cc:881] Train tree 1/240  [index:25 total:4.70s tree:4.70s]
I0000 00:00:1789062929.806705   48978 random_forest.cc:881] Train tree 194/240  [index:193 total:24.72s tree:5.02s]
I0000 00:00:1789062932.954118   48903 random_forest.cc:899] random_forest.cc Training block took: 27.9856 s
W0000 00:00:1789062932.954151   48903 random_forest.cc:1216] EXITING EARLY TO SPEED UP EXPERIMENTS!
RESULT dataset=trunk_15000_x_400000 threshold=4100 median=27.9856s stddev=N/As n=1


======== Threshold 4600 ========

./bazel-bin/examples/train_oblique_forest --input_mode csv --train_csv "benchmarks/data/HIGGS_with_header.csv" --label_col "class" --num_trees=240 --dynamic_split_threshold=4600 --feature_split_type Oblique --numerical_split_type "Dynamic Random Histogram" --histogram_num_bins 64
----- Run 1/1 -----
WARNING: All log messages before absl::InitializeLog() is called are written to STDERR
I0000 00:00:1789062933.575037   49138 train_oblique_forest.cc:1101] Loading CSV in a single pass: benchmarks/data/HIGGS_with_header.csv
I0000 00:00:1789062934.521776   49138 train_oblique_forest.cc:1108] Single-pass CSV load complete: 11000000 rows, 29 columns.
I0000 00:00:1789062934.521846   49138 train_oblique_forest.cc:1229] -1 (automatic) threads requested. 48 threads set.
I0000 00:00:1789062934.521858   49138 train_oblique_forest.cc:1304] Configuring oblique splits
I0000 00:00:1789062934.521860   49138 train_oblique_forest.cc:1313] dynamic_split_threshold = 4600 (from flag)
I0000 00:00:1789062934.521862   49138 train_oblique_forest.cc:1398] Using Dynamic Random Histogram with 64 samples
I0000 00:00:1789062934.521870   49138 train_oblique_forest.cc:1428] train_oblique_forest wall-time - Loading/Init (pre-train): 0.946859s
I0000 00:00:1789062934.521930   49138 abstract_learner.cc:171] No input feature explicitly specified. Using all the available input features.
I0000 00:00:1789062934.521932   49138 abstract_learner.cc:185] The label "class" was removed from the input feature set.
I0000 00:00:1789062934.521945   49138 random_forest.cc:534] Training random forest on 11000000 example(s) and 28 feature(s).
I0000 00:00:1789062934.521957   49138 gpu.cc:93] Cannot initialize GPU: Not compiled with GPU support
I0000 00:00:1789062934.522535   49138 random_forest.cc:663] num_threads being used: 48
I0000 00:00:1789063005.875650   49297 random_forest.cc:881] Train tree 1/240  [index:47 total:1m11.35s tree:1m11.35s]
I0000 00:00:1789063078.003699   49270 random_forest.cc:881] Train tree 49/240  [index:54 total:2m23.48s tree:1m10.95s]
I0000 00:00:1789063150.630370   49270 random_forest.cc:881] Train tree 97/240  [index:96 total:3m36.11s tree:1m12.63s]
I0000 00:00:1789063222.924459   49295 random_forest.cc:881] Train tree 145/240  [index:148 total:4m48.40s tree:1m11.09s]
I0000 00:00:1789063295.982537   49295 random_forest.cc:881] Train tree 193/240  [index:192 total:6m1.46s tree:1m13.06s]
I0000 00:00:1789063310.944293   49138 random_forest.cc:899] random_forest.cc Training block took: 376.422 s
W0000 00:00:1789063310.944326   49138 random_forest.cc:1216] EXITING EARLY TO SPEED UP EXPERIMENTS!
RESULT dataset=HIGGS_with_header threshold=4600 median=376.422s stddev=N/As n=1
./bazel-bin/examples/train_oblique_forest --input_mode csv --train_csv "benchmarks/data/SUSY_with_header.csv" --label_col "class" --num_trees=240 --dynamic_split_threshold=4600 --feature_split_type Oblique --numerical_split_type "Dynamic Random Histogram" --histogram_num_bins 64
----- Run 1/1 -----
WARNING: All log messages before absl::InitializeLog() is called are written to STDERR
I0000 00:00:1789063317.255457   50818 train_oblique_forest.cc:1101] Loading CSV in a single pass: benchmarks/data/SUSY_with_header.csv
I0000 00:00:1789063317.583442   50818 train_oblique_forest.cc:1108] Single-pass CSV load complete: 5000000 rows, 19 columns.
I0000 00:00:1789063317.583508   50818 train_oblique_forest.cc:1229] -1 (automatic) threads requested. 48 threads set.
I0000 00:00:1789063317.583518   50818 train_oblique_forest.cc:1304] Configuring oblique splits
I0000 00:00:1789063317.583520   50818 train_oblique_forest.cc:1313] dynamic_split_threshold = 4600 (from flag)
I0000 00:00:1789063317.583522   50818 train_oblique_forest.cc:1398] Using Dynamic Random Histogram with 64 samples
I0000 00:00:1789063317.583531   50818 train_oblique_forest.cc:1428] train_oblique_forest wall-time - Loading/Init (pre-train): 0.3281s
I0000 00:00:1789063317.583588   50818 abstract_learner.cc:171] No input feature explicitly specified. Using all the available input features.
I0000 00:00:1789063317.583590   50818 abstract_learner.cc:185] The label "class" was removed from the input feature set.
I0000 00:00:1789063317.583601   50818 random_forest.cc:534] Training random forest on 5000000 example(s) and 18 feature(s).
I0000 00:00:1789063317.583612   50818 gpu.cc:93] Cannot initialize GPU: Not compiled with GPU support
I0000 00:00:1789063317.584197   50818 random_forest.cc:663] num_threads being used: 48
I0000 00:00:1789063342.511810   50946 random_forest.cc:881] Train tree 1/240  [index:2 total:24.93s tree:24.92s]
I0000 00:00:1789063367.335775   50946 random_forest.cc:881] Train tree 49/240  [index:48 total:49.75s tree:24.82s]
I0000 00:00:1789063392.861185   50948 random_forest.cc:881] Train tree 97/240  [index:100 total:1m15.28s tree:24.59s]
I0000 00:00:1789063418.561708   50948 random_forest.cc:881] Train tree 145/240  [index:144 total:1m40.98s tree:25.70s]
I0000 00:00:1789063444.508828   50948 random_forest.cc:881] Train tree 193/240  [index:192 total:2m6.92s tree:25.95s]
I0000 00:00:1789063448.515444   50818 random_forest.cc:899] random_forest.cc Training block took: 130.932 s
W0000 00:00:1789063448.515479   50818 random_forest.cc:1216] EXITING EARLY TO SPEED UP EXPERIMENTS!
RESULT dataset=SUSY_with_header threshold=4600 median=130.932s stddev=N/As n=1
./bazel-bin/examples/train_oblique_forest --input_mode csv --train_csv "benchmarks/data/epsilon_normalized_train.csv" --label_col "label" --num_trees=240 --dynamic_split_threshold=4600 --feature_split_type Oblique --numerical_split_type "Dynamic Random Histogram" --histogram_num_bins 64
----- Run 1/1 -----
WARNING: All log messages before absl::InitializeLog() is called are written to STDERR
I0000 00:00:1789063451.141510   51528 train_oblique_forest.cc:1101] Loading CSV in a single pass: benchmarks/data/epsilon_normalized_train.csv
I0000 00:00:1789063452.897469   51528 train_oblique_forest.cc:1108] Single-pass CSV load complete: 400000 rows, 2001 columns.
I0000 00:00:1789063452.897534   51528 train_oblique_forest.cc:1229] -1 (automatic) threads requested. 48 threads set.
I0000 00:00:1789063452.897544   51528 train_oblique_forest.cc:1304] Configuring oblique splits
I0000 00:00:1789063452.897546   51528 train_oblique_forest.cc:1313] dynamic_split_threshold = 4600 (from flag)
I0000 00:00:1789063452.897548   51528 train_oblique_forest.cc:1398] Using Dynamic Random Histogram with 64 samples
I0000 00:00:1789063452.897557   51528 train_oblique_forest.cc:1428] train_oblique_forest wall-time - Loading/Init (pre-train): 1.75607s
I0000 00:00:1789063452.897719   51528 abstract_learner.cc:171] No input feature explicitly specified. Using all the available input features.
I0000 00:00:1789063452.897726   51528 abstract_learner.cc:185] The label "label" was removed from the input feature set.
I0000 00:00:1789063452.898069   51528 random_forest.cc:534] Training random forest on 400000 example(s) and 2000 feature(s).
I0000 00:00:1789063452.898136   51528 gpu.cc:93] Cannot initialize GPU: Not compiled with GPU support
I0000 00:00:1789063452.898865   51528 random_forest.cc:663] num_threads being used: 48
I0000 00:00:1789063464.618675   51694 random_forest.cc:881] Train tree 1/240  [index:20 total:11.72s tree:11.72s]
I0000 00:00:1789063488.184193   51688 random_forest.cc:881] Train tree 97/240  [index:96 total:35.29s tree:11.87s]
I0000 00:00:1789063511.877976   51688 random_forest.cc:881] Train tree 193/240  [index:192 total:58.98s tree:11.85s]
I0000 00:00:1789063513.523811   51528 random_forest.cc:899] random_forest.cc Training block took: 60.6262 s
W0000 00:00:1789063513.523856   51528 random_forest.cc:1216] EXITING EARLY TO SPEED UP EXPERIMENTS!
RESULT dataset=epsilon_normalized_train threshold=4600 median=60.6262s stddev=N/As n=1
./bazel-bin/examples/train_oblique_forest --input_mode trunk --rows 1500000 --cols 4096 --num_trees=240 --dynamic_split_threshold=4600 --feature_split_type Oblique --numerical_split_type "Dynamic Random Histogram" --histogram_num_bins 64
----- Run 1/1 -----
WARNING: All log messages before absl::InitializeLog() is called are written to STDERR
I0000 00:00:1789063513.797661   51993 train_oblique_forest.cc:1133] Generating trunk synthetic dataset: rows=1500000, cols=4096, layout=column
I0000 00:00:1789063515.185684   51993 train_oblique_forest.cc:1229] -1 (automatic) threads requested. 48 threads set.
I0000 00:00:1789063515.185718   51993 train_oblique_forest.cc:1304] Configuring oblique splits
I0000 00:00:1789063515.185720   51993 train_oblique_forest.cc:1313] dynamic_split_threshold = 4600 (from flag)
I0000 00:00:1789063515.185724   51993 train_oblique_forest.cc:1398] Using Dynamic Random Histogram with 64 samples
I0000 00:00:1789063515.185734   51993 train_oblique_forest.cc:1428] train_oblique_forest wall-time - Loading/Init (pre-train): 1.3881s
I0000 00:00:1789063515.186055   51993 abstract_learner.cc:171] No input feature explicitly specified. Using all the available input features.
I0000 00:00:1789063515.186060   51993 abstract_learner.cc:185] The label "y" was removed from the input feature set.
I0000 00:00:1789063515.186675   51993 random_forest.cc:534] Training random forest on 1500000 example(s) and 4096 feature(s).
I0000 00:00:1789063515.186798   51993 gpu.cc:93] Cannot initialize GPU: Not compiled with GPU support
I0000 00:00:1789063515.187690   51993 random_forest.cc:663] num_threads being used: 48
I0000 00:00:1789063580.159815   52085 random_forest.cc:881] Train tree 1/240  [index:43 total:1m4.97s tree:1m4.97s]
I0000 00:00:1789063646.390637   52078 random_forest.cc:881] Train tree 49/240  [index:70 total:2m11.20s tree:1m3.95s]
I0000 00:00:1789063713.127921   52078 random_forest.cc:881] Train tree 97/240  [index:96 total:3m17.94s tree:1m6.74s]
I0000 00:00:1789063780.109381   52078 random_forest.cc:881] Train tree 145/240  [index:144 total:4m24.92s tree:1m6.98s]
I0000 00:00:1789063848.302405   52078 random_forest.cc:881] Train tree 193/240  [index:192 total:5m33.11s tree:1m8.19s]
I0000 00:00:1789063856.146446   51993 random_forest.cc:899] random_forest.cc Training block took: 340.961 s
W0000 00:00:1789063856.146488   51993 random_forest.cc:1216] EXITING EARLY TO SPEED UP EXPERIMENTS!
RESULT dataset=trunk_1500000_x_4096 threshold=4600 median=340.961s stddev=N/As n=1
./bazel-bin/examples/train_oblique_forest --input_mode trunk --rows 150000 --cols 40000 --num_trees=240 --dynamic_split_threshold=4600 --feature_split_type Oblique --numerical_split_type "Dynamic Random Histogram" --histogram_num_bins 64
----- Run 1/1 -----
WARNING: All log messages before absl::InitializeLog() is called are written to STDERR
I0000 00:00:1789063857.208106   53435 train_oblique_forest.cc:1133] Generating trunk synthetic dataset: rows=150000, cols=40000, layout=column
I0000 00:00:1789063858.639487   53435 train_oblique_forest.cc:1229] -1 (automatic) threads requested. 48 threads set.
I0000 00:00:1789063858.639522   53435 train_oblique_forest.cc:1304] Configuring oblique splits
I0000 00:00:1789063858.639524   53435 train_oblique_forest.cc:1313] dynamic_split_threshold = 4600 (from flag)
I0000 00:00:1789063858.639528   53435 train_oblique_forest.cc:1398] Using Dynamic Random Histogram with 64 samples
I0000 00:00:1789063858.639537   53435 train_oblique_forest.cc:1428] train_oblique_forest wall-time - Loading/Init (pre-train): 1.43146s
I0000 00:00:1789063858.641865   53435 abstract_learner.cc:171] No input feature explicitly specified. Using all the available input features.
I0000 00:00:1789063858.641897   53435 abstract_learner.cc:185] The label "y" was removed from the input feature set.
I0000 00:00:1789063858.648046   53435 random_forest.cc:534] Training random forest on 150000 example(s) and 40000 feature(s).
I0000 00:00:1789063858.649124   53435 gpu.cc:93] Cannot initialize GPU: Not compiled with GPU support
I0000 00:00:1789063858.652115   53435 random_forest.cc:663] num_threads being used: 48
I0000 00:00:1789063876.570112   53524 random_forest.cc:881] Train tree 1/240  [index:47 total:17.92s tree:17.91s]
I0000 00:00:1789063896.601420   53536 random_forest.cc:881] Train tree 80/240  [index:75 total:37.95s tree:19.10s]
I0000 00:00:1789063916.754730   53502 random_forest.cc:881] Train tree 142/240  [index:141 total:58.10s tree:19.28s]
I0000 00:00:1789063936.856991   53518 random_forest.cc:881] Train tree 192/240  [index:191 total:1m18.20s tree:19.16s]
I0000 00:00:1789063955.162919   53435 random_forest.cc:899] random_forest.cc Training block took: 96.5234 s
W0000 00:00:1789063955.162960   53435 random_forest.cc:1216] EXITING EARLY TO SPEED UP EXPERIMENTS!
RESULT dataset=trunk_150000_x_40000 threshold=4600 median=96.5234s stddev=N/As n=1
./bazel-bin/examples/train_oblique_forest --input_mode trunk --rows 15000 --cols 400000 --num_trees=240 --dynamic_split_threshold=4600 --feature_split_type Oblique --numerical_split_type "Dynamic Random Histogram" --histogram_num_bins 64
----- Run 1/1 -----
WARNING: All log messages before absl::InitializeLog() is called are written to STDERR
I0000 00:00:1789063955.799285   53944 train_oblique_forest.cc:1133] Generating trunk synthetic dataset: rows=15000, cols=400000, layout=column
I0000 00:00:1789063957.281207   53944 train_oblique_forest.cc:1229] -1 (automatic) threads requested. 48 threads set.
I0000 00:00:1789063957.281241   53944 train_oblique_forest.cc:1304] Configuring oblique splits
I0000 00:00:1789063957.281243   53944 train_oblique_forest.cc:1313] dynamic_split_threshold = 4600 (from flag)
I0000 00:00:1789063957.281247   53944 train_oblique_forest.cc:1398] Using Dynamic Random Histogram with 64 samples
I0000 00:00:1789063957.281256   53944 train_oblique_forest.cc:1428] train_oblique_forest wall-time - Loading/Init (pre-train): 1.482s
I0000 00:00:1789063957.304237   53944 abstract_learner.cc:171] No input feature explicitly specified. Using all the available input features.
I0000 00:00:1789063957.304507   53944 abstract_learner.cc:185] The label "y" was removed from the input feature set.
I0000 00:00:1789063957.368500   53944 random_forest.cc:534] Training random forest on 15000 example(s) and 400000 feature(s).
I0000 00:00:1789063957.378851   53944 gpu.cc:93] Cannot initialize GPU: Not compiled with GPU support
I0000 00:00:1789063957.403197   53944 random_forest.cc:663] num_threads being used: 48
I0000 00:00:1789063962.127545   54007 random_forest.cc:881] Train tree 1/240  [index:25 total:4.72s tree:4.72s]
I0000 00:00:1789063982.197640   54007 random_forest.cc:881] Train tree 195/240  [index:195 total:24.79s tree:4.93s]
I0000 00:00:1789063985.341495   53944 random_forest.cc:899] random_forest.cc Training block took: 28.0602 s
W0000 00:00:1789063985.341531   53944 random_forest.cc:1216] EXITING EARLY TO SPEED UP EXPERIMENTS!
RESULT dataset=trunk_15000_x_400000 threshold=4600 median=28.0602s stddev=N/As n=1


======== Threshold 5100 ========

./bazel-bin/examples/train_oblique_forest --input_mode csv --train_csv "benchmarks/data/HIGGS_with_header.csv" --label_col "class" --num_trees=240 --dynamic_split_threshold=5100 --feature_split_type Oblique --numerical_split_type "Dynamic Random Histogram" --histogram_num_bins 64
----- Run 1/1 -----
WARNING: All log messages before absl::InitializeLog() is called are written to STDERR
I0000 00:00:1789063985.972896   54179 train_oblique_forest.cc:1101] Loading CSV in a single pass: benchmarks/data/HIGGS_with_header.csv
I0000 00:00:1789063986.919759   54179 train_oblique_forest.cc:1108] Single-pass CSV load complete: 11000000 rows, 29 columns.
I0000 00:00:1789063986.919833   54179 train_oblique_forest.cc:1229] -1 (automatic) threads requested. 48 threads set.
I0000 00:00:1789063986.919843   54179 train_oblique_forest.cc:1304] Configuring oblique splits
I0000 00:00:1789063986.919845   54179 train_oblique_forest.cc:1313] dynamic_split_threshold = 5100 (from flag)
I0000 00:00:1789063986.919847   54179 train_oblique_forest.cc:1398] Using Dynamic Random Histogram with 64 samples
I0000 00:00:1789063986.919856   54179 train_oblique_forest.cc:1428] train_oblique_forest wall-time - Loading/Init (pre-train): 0.946986s
I0000 00:00:1789063986.919915   54179 abstract_learner.cc:171] No input feature explicitly specified. Using all the available input features.
I0000 00:00:1789063986.919917   54179 abstract_learner.cc:185] The label "class" was removed from the input feature set.
I0000 00:00:1789063986.919928   54179 random_forest.cc:534] Training random forest on 11000000 example(s) and 28 feature(s).
I0000 00:00:1789063986.919940   54179 gpu.cc:93] Cannot initialize GPU: Not compiled with GPU support
I0000 00:00:1789063986.920521   54179 random_forest.cc:663] num_threads being used: 48
I0000 00:00:1789064058.397176   54315 random_forest.cc:881] Train tree 1/240  [index:27 total:1m11.48s tree:1m11.47s]
I0000 00:00:1789064131.307074   54315 random_forest.cc:881] Train tree 49/240  [index:48 total:2m24.39s tree:1m12.91s]
I0000 00:00:1789064203.338086   54340 random_forest.cc:881] Train tree 97/240  [index:99 total:3m36.42s tree:1m11.30s]
I0000 00:00:1789064275.889450   54340 random_forest.cc:881] Train tree 145/240  [index:144 total:4m48.97s tree:1m12.55s]
I0000 00:00:1789064349.529557   54340 random_forest.cc:881] Train tree 193/240  [index:192 total:6m2.61s tree:1m13.64s]
I0000 00:00:1789064359.210140   54179 random_forest.cc:899] random_forest.cc Training block took: 372.29 s
W0000 00:00:1789064359.210176   54179 random_forest.cc:1216] EXITING EARLY TO SPEED UP EXPERIMENTS!
RESULT dataset=HIGGS_with_header threshold=5100 median=372.29s stddev=N/As n=1
./bazel-bin/examples/train_oblique_forest --input_mode csv --train_csv "benchmarks/data/SUSY_with_header.csv" --label_col "class" --num_trees=240 --dynamic_split_threshold=5100 --feature_split_type Oblique --numerical_split_type "Dynamic Random Histogram" --histogram_num_bins 64
----- Run 1/1 -----
WARNING: All log messages before absl::InitializeLog() is called are written to STDERR
I0000 00:00:1789064365.547190   55850 train_oblique_forest.cc:1101] Loading CSV in a single pass: benchmarks/data/SUSY_with_header.csv
I0000 00:00:1789064365.878721   55850 train_oblique_forest.cc:1108] Single-pass CSV load complete: 5000000 rows, 19 columns.
I0000 00:00:1789064365.878796   55850 train_oblique_forest.cc:1229] -1 (automatic) threads requested. 48 threads set.
I0000 00:00:1789064365.878805   55850 train_oblique_forest.cc:1304] Configuring oblique splits
I0000 00:00:1789064365.878807   55850 train_oblique_forest.cc:1313] dynamic_split_threshold = 5100 (from flag)
I0000 00:00:1789064365.878809   55850 train_oblique_forest.cc:1398] Using Dynamic Random Histogram with 64 samples
I0000 00:00:1789064365.878818   55850 train_oblique_forest.cc:1428] train_oblique_forest wall-time - Loading/Init (pre-train): 0.331655s
I0000 00:00:1789064365.878877   55850 abstract_learner.cc:171] No input feature explicitly specified. Using all the available input features.
I0000 00:00:1789064365.878879   55850 abstract_learner.cc:185] The label "class" was removed from the input feature set.
I0000 00:00:1789064365.878888   55850 random_forest.cc:534] Training random forest on 5000000 example(s) and 18 feature(s).
I0000 00:00:1789064365.878900   55850 gpu.cc:93] Cannot initialize GPU: Not compiled with GPU support
I0000 00:00:1789064365.879479   55850 random_forest.cc:663] num_threads being used: 48
I0000 00:00:1789064390.731897   56003 random_forest.cc:881] Train tree 1/240  [index:23 total:24.85s tree:24.85s]
I0000 00:00:1789064415.738263   55992 random_forest.cc:881] Train tree 49/240  [index:49 total:49.86s tree:24.95s]
I0000 00:00:1789064441.651622   56003 random_forest.cc:881] Train tree 97/240  [index:97 total:1m15.77s tree:25.77s]
I0000 00:00:1789064467.095785   56011 random_forest.cc:881] Train tree 145/240  [index:146 total:1m41.22s tree:25.41s]
I0000 00:00:1789064492.738179   55980 random_forest.cc:881] Train tree 193/240  [index:214 total:2m6.86s tree:24.25s]
I0000 00:00:1789064496.269839   55850 random_forest.cc:899] random_forest.cc Training block took: 130.391 s
W0000 00:00:1789064496.269874   55850 random_forest.cc:1216] EXITING EARLY TO SPEED UP EXPERIMENTS!
RESULT dataset=SUSY_with_header threshold=5100 median=130.391s stddev=N/As n=1
./bazel-bin/examples/train_oblique_forest --input_mode csv --train_csv "benchmarks/data/epsilon_normalized_train.csv" --label_col "label" --num_trees=240 --dynamic_split_threshold=5100 --feature_split_type Oblique --numerical_split_type "Dynamic Random Histogram" --histogram_num_bins 64
----- Run 1/1 -----
WARNING: All log messages before absl::InitializeLog() is called are written to STDERR
I0000 00:00:1789064498.873171   56560 train_oblique_forest.cc:1101] Loading CSV in a single pass: benchmarks/data/epsilon_normalized_train.csv
I0000 00:00:1789064500.627595   56560 train_oblique_forest.cc:1108] Single-pass CSV load complete: 400000 rows, 2001 columns.
I0000 00:00:1789064500.627659   56560 train_oblique_forest.cc:1229] -1 (automatic) threads requested. 48 threads set.
I0000 00:00:1789064500.627669   56560 train_oblique_forest.cc:1304] Configuring oblique splits
I0000 00:00:1789064500.627671   56560 train_oblique_forest.cc:1313] dynamic_split_threshold = 5100 (from flag)
I0000 00:00:1789064500.627674   56560 train_oblique_forest.cc:1398] Using Dynamic Random Histogram with 64 samples
I0000 00:00:1789064500.627682   56560 train_oblique_forest.cc:1428] train_oblique_forest wall-time - Loading/Init (pre-train): 1.75454s
I0000 00:00:1789064500.627847   56560 abstract_learner.cc:171] No input feature explicitly specified. Using all the available input features.
I0000 00:00:1789064500.627853   56560 abstract_learner.cc:185] The label "label" was removed from the input feature set.
I0000 00:00:1789064500.628190   56560 random_forest.cc:534] Training random forest on 400000 example(s) and 2000 feature(s).
I0000 00:00:1789064500.628254   56560 gpu.cc:93] Cannot initialize GPU: Not compiled with GPU support
I0000 00:00:1789064500.628982   56560 random_forest.cc:663] num_threads being used: 48
I0000 00:00:1789064512.313205   56741 random_forest.cc:881] Train tree 1/240  [index:13 total:11.68s tree:11.68s]
I0000 00:00:1789064535.778670   56757 random_forest.cc:881] Train tree 97/240  [index:96 total:35.15s tree:11.70s]
I0000 00:00:1789064559.525584   56739 random_forest.cc:881] Train tree 193/240  [index:192 total:58.90s tree:11.82s]
I0000 00:00:1789064560.956039   56560 random_forest.cc:899] random_forest.cc Training block took: 60.3283 s
W0000 00:00:1789064560.956079   56560 random_forest.cc:1216] EXITING EARLY TO SPEED UP EXPERIMENTS!
RESULT dataset=epsilon_normalized_train threshold=5100 median=60.3283s stddev=N/As n=1
./bazel-bin/examples/train_oblique_forest --input_mode trunk --rows 1500000 --cols 4096 --num_trees=240 --dynamic_split_threshold=5100 --feature_split_type Oblique --numerical_split_type "Dynamic Random Histogram" --histogram_num_bins 64
----- Run 1/1 -----
WARNING: All log messages before absl::InitializeLog() is called are written to STDERR
I0000 00:00:1789064561.229168   57015 train_oblique_forest.cc:1133] Generating trunk synthetic dataset: rows=1500000, cols=4096, layout=column
I0000 00:00:1789064562.611143   57015 train_oblique_forest.cc:1229] -1 (automatic) threads requested. 48 threads set.
I0000 00:00:1789064562.611177   57015 train_oblique_forest.cc:1304] Configuring oblique splits
I0000 00:00:1789064562.611181   57015 train_oblique_forest.cc:1313] dynamic_split_threshold = 5100 (from flag)
I0000 00:00:1789064562.611185   57015 train_oblique_forest.cc:1398] Using Dynamic Random Histogram with 64 samples
I0000 00:00:1789064562.611194   57015 train_oblique_forest.cc:1428] train_oblique_forest wall-time - Loading/Init (pre-train): 1.38205s
I0000 00:00:1789064562.611488   57015 abstract_learner.cc:171] No input feature explicitly specified. Using all the available input features.
I0000 00:00:1789064562.611494   57015 abstract_learner.cc:185] The label "y" was removed from the input feature set.
I0000 00:00:1789064562.612093   57015 random_forest.cc:534] Training random forest on 1500000 example(s) and 4096 feature(s).
I0000 00:00:1789064562.612222   57015 gpu.cc:93] Cannot initialize GPU: Not compiled with GPU support
I0000 00:00:1789064562.613068   57015 random_forest.cc:663] num_threads being used: 48
I0000 00:00:1789064628.313852   57116 random_forest.cc:881] Train tree 1/240  [index:43 total:1m5.70s tree:1m5.70s]
I0000 00:00:1789064694.079196   57110 random_forest.cc:881] Train tree 49/240  [index:70 total:2m11.47s tree:1m4.38s]
I0000 00:00:1789064760.951308   57116 random_forest.cc:881] Train tree 97/240  [index:98 total:3m18.34s tree:1m6.23s]
I0000 00:00:1789064827.687544   57087 random_forest.cc:881] Train tree 145/240  [index:145 total:4m25.07s tree:1m6.64s]
I0000 00:00:1789064895.235308   57087 random_forest.cc:881] Train tree 193/240  [index:192 total:5m32.62s tree:1m7.55s]
I0000 00:00:1789064902.641510   57015 random_forest.cc:899] random_forest.cc Training block took: 340.03 s
W0000 00:00:1789064902.641553   57015 random_forest.cc:1216] EXITING EARLY TO SPEED UP EXPERIMENTS!
RESULT dataset=trunk_1500000_x_4096 threshold=5100 median=340.03s stddev=N/As n=1
./bazel-bin/examples/train_oblique_forest --input_mode trunk --rows 150000 --cols 40000 --num_trees=240 --dynamic_split_threshold=5100 --feature_split_type Oblique --numerical_split_type "Dynamic Random Histogram" --histogram_num_bins 64
----- Run 1/1 -----
WARNING: All log messages before absl::InitializeLog() is called are written to STDERR
I0000 00:00:1789064903.701353   58462 train_oblique_forest.cc:1133] Generating trunk synthetic dataset: rows=150000, cols=40000, layout=column
I0000 00:00:1789064905.082330   58462 train_oblique_forest.cc:1229] -1 (automatic) threads requested. 48 threads set.
I0000 00:00:1789064905.082365   58462 train_oblique_forest.cc:1304] Configuring oblique splits
I0000 00:00:1789064905.082368   58462 train_oblique_forest.cc:1313] dynamic_split_threshold = 5100 (from flag)
I0000 00:00:1789064905.082372   58462 train_oblique_forest.cc:1398] Using Dynamic Random Histogram with 64 samples
I0000 00:00:1789064905.082381   58462 train_oblique_forest.cc:1428] train_oblique_forest wall-time - Loading/Init (pre-train): 1.38105s
I0000 00:00:1789064905.084786   58462 abstract_learner.cc:171] No input feature explicitly specified. Using all the available input features.
I0000 00:00:1789064905.084817   58462 abstract_learner.cc:185] The label "y" was removed from the input feature set.
I0000 00:00:1789064905.091020   58462 random_forest.cc:534] Training random forest on 150000 example(s) and 40000 feature(s).
I0000 00:00:1789064905.092077   58462 gpu.cc:93] Cannot initialize GPU: Not compiled with GPU support
I0000 00:00:1789064905.095003   58462 random_forest.cc:663] num_threads being used: 48
I0000 00:00:1789064923.192049   58530 random_forest.cc:881] Train tree 1/240  [index:26 total:18.10s tree:18.10s]
I0000 00:00:1789064943.194173   58513 random_forest.cc:881] Train tree 89/240  [index:79 total:38.10s tree:19.14s]
I0000 00:00:1789064963.398725   58532 random_forest.cc:881] Train tree 143/240  [index:141 total:58.30s tree:19.80s]
I0000 00:00:1789064997.579046   58550 random_forest.cc:881] Train tree 193/240  [index:193 total:1m32.48s tree:18.56s]
I0000 00:00:1789065001.467279   58462 random_forest.cc:899] random_forest.cc Training block took: 96.3849 s
W0000 00:00:1789065001.467313   58462 random_forest.cc:1216] EXITING EARLY TO SPEED UP EXPERIMENTS!
RESULT dataset=trunk_150000_x_40000 threshold=5100 median=96.3849s stddev=N/As n=1
./bazel-bin/examples/train_oblique_forest --input_mode trunk --rows 15000 --cols 400000 --num_trees=240 --dynamic_split_threshold=5100 --feature_split_type Oblique --numerical_split_type "Dynamic Random Histogram" --histogram_num_bins 64
----- Run 1/1 -----
WARNING: All log messages before absl::InitializeLog() is called are written to STDERR
I0000 00:00:1789065002.107462   58965 train_oblique_forest.cc:1133] Generating trunk synthetic dataset: rows=15000, cols=400000, layout=column
I0000 00:00:1789065003.596148   58965 train_oblique_forest.cc:1229] -1 (automatic) threads requested. 48 threads set.
I0000 00:00:1789065003.596181   58965 train_oblique_forest.cc:1304] Configuring oblique splits
I0000 00:00:1789065003.596183   58965 train_oblique_forest.cc:1313] dynamic_split_threshold = 5100 (from flag)
I0000 00:00:1789065003.596187   58965 train_oblique_forest.cc:1398] Using Dynamic Random Histogram with 64 samples
I0000 00:00:1789065003.596196   58965 train_oblique_forest.cc:1428] train_oblique_forest wall-time - Loading/Init (pre-train): 1.48876s
I0000 00:00:1789065003.619166   58965 abstract_learner.cc:171] No input feature explicitly specified. Using all the available input features.
I0000 00:00:1789065003.619433   58965 abstract_learner.cc:185] The label "y" was removed from the input feature set.
I0000 00:00:1789065003.683161   58965 random_forest.cc:534] Training random forest on 15000 example(s) and 400000 feature(s).
I0000 00:00:1789065003.693384   58965 gpu.cc:93] Cannot initialize GPU: Not compiled with GPU support
I0000 00:00:1789065003.717973   58965 random_forest.cc:663] num_threads being used: 48
I0000 00:00:1789065008.419253   59056 random_forest.cc:881] Train tree 1/240  [index:38 total:4.70s tree:4.70s]
I0000 00:00:1789065028.441198   59023 random_forest.cc:881] Train tree 195/240  [index:195 total:24.72s tree:4.93s]
I0000 00:00:1789065031.210839   58965 random_forest.cc:899] random_forest.cc Training block took: 27.6146 s
W0000 00:00:1789065031.210876   58965 random_forest.cc:1216] EXITING EARLY TO SPEED UP EXPERIMENTS!
RESULT dataset=trunk_15000_x_400000 threshold=5100 median=27.6146s stddev=N/As n=1


======== Threshold 5600 ========

./bazel-bin/examples/train_oblique_forest --input_mode csv --train_csv "benchmarks/data/HIGGS_with_header.csv" --label_col "class" --num_trees=240 --dynamic_split_threshold=5600 --feature_split_type Oblique --numerical_split_type "Dynamic Random Histogram" --histogram_num_bins 64
----- Run 1/1 -----
WARNING: All log messages before absl::InitializeLog() is called are written to STDERR
I0000 00:00:1789065031.830802   59199 train_oblique_forest.cc:1101] Loading CSV in a single pass: benchmarks/data/HIGGS_with_header.csv
I0000 00:00:1789065032.780910   59199 train_oblique_forest.cc:1108] Single-pass CSV load complete: 11000000 rows, 29 columns.
I0000 00:00:1789065032.780985   59199 train_oblique_forest.cc:1229] -1 (automatic) threads requested. 48 threads set.
I0000 00:00:1789065032.780995   59199 train_oblique_forest.cc:1304] Configuring oblique splits
I0000 00:00:1789065032.780997   59199 train_oblique_forest.cc:1313] dynamic_split_threshold = 5600 (from flag)
I0000 00:00:1789065032.780999   59199 train_oblique_forest.cc:1398] Using Dynamic Random Histogram with 64 samples
I0000 00:00:1789065032.781008   59199 train_oblique_forest.cc:1428] train_oblique_forest wall-time - Loading/Init (pre-train): 0.950232s
I0000 00:00:1789065032.781069   59199 abstract_learner.cc:171] No input feature explicitly specified. Using all the available input features.
I0000 00:00:1789065032.781072   59199 abstract_learner.cc:185] The label "class" was removed from the input feature set.
I0000 00:00:1789065032.781083   59199 random_forest.cc:534] Training random forest on 11000000 example(s) and 28 feature(s).
I0000 00:00:1789065032.781095   59199 gpu.cc:93] Cannot initialize GPU: Not compiled with GPU support
I0000 00:00:1789065032.781677   59199 random_forest.cc:663] num_threads being used: 48
I0000 00:00:1789065103.701707   59362 random_forest.cc:881] Train tree 1/240  [index:47 total:1m10.92s tree:1m10.91s]
I0000 00:00:1789065176.460603   59362 random_forest.cc:881] Train tree 49/240  [index:48 total:2m23.68s tree:1m12.76s]
I0000 00:00:1789065248.824064   59362 random_forest.cc:881] Train tree 97/240  [index:96 total:3m36.04s tree:1m12.36s]
I0000 00:00:1789065321.030165   59362 random_forest.cc:881] Train tree 145/240  [index:144 total:4m48.25s tree:1m12.20s]
I0000 00:00:1789065395.159692   59353 random_forest.cc:881] Train tree 193/240  [index:196 total:6m2.38s tree:1m11.45s]
I0000 00:00:1789065404.659095   59199 random_forest.cc:899] random_forest.cc Training block took: 371.878 s
W0000 00:00:1789065404.659130   59199 random_forest.cc:1216] EXITING EARLY TO SPEED UP EXPERIMENTS!
RESULT dataset=HIGGS_with_header threshold=5600 median=371.878s stddev=N/As n=1
./bazel-bin/examples/train_oblique_forest --input_mode csv --train_csv "benchmarks/data/SUSY_with_header.csv" --label_col "class" --num_trees=240 --dynamic_split_threshold=5600 --feature_split_type Oblique --numerical_split_type "Dynamic Random Histogram" --histogram_num_bins 64
----- Run 1/1 -----
WARNING: All log messages before absl::InitializeLog() is called are written to STDERR
I0000 00:00:1789065411.016307   60872 train_oblique_forest.cc:1101] Loading CSV in a single pass: benchmarks/data/SUSY_with_header.csv
I0000 00:00:1789065411.345413   60872 train_oblique_forest.cc:1108] Single-pass CSV load complete: 5000000 rows, 19 columns.
I0000 00:00:1789065411.345484   60872 train_oblique_forest.cc:1229] -1 (automatic) threads requested. 48 threads set.
I0000 00:00:1789065411.345494   60872 train_oblique_forest.cc:1304] Configuring oblique splits
I0000 00:00:1789065411.345495   60872 train_oblique_forest.cc:1313] dynamic_split_threshold = 5600 (from flag)
I0000 00:00:1789065411.345497   60872 train_oblique_forest.cc:1398] Using Dynamic Random Histogram with 64 samples
I0000 00:00:1789065411.345506   60872 train_oblique_forest.cc:1428] train_oblique_forest wall-time - Loading/Init (pre-train): 0.329226s
I0000 00:00:1789065411.345564   60872 abstract_learner.cc:171] No input feature explicitly specified. Using all the available input features.
I0000 00:00:1789065411.345566   60872 abstract_learner.cc:185] The label "class" was removed from the input feature set.
I0000 00:00:1789065411.345577   60872 random_forest.cc:534] Training random forest on 5000000 example(s) and 18 feature(s).
I0000 00:00:1789065411.345588   60872 gpu.cc:93] Cannot initialize GPU: Not compiled with GPU support
I0000 00:00:1789065411.346170   60872 random_forest.cc:663] num_threads being used: 48
I0000 00:00:1789065436.049166   61010 random_forest.cc:881] Train tree 1/240  [index:29 total:24.70s tree:24.70s]
I0000 00:00:1789065461.258745   61010 random_forest.cc:881] Train tree 49/240  [index:48 total:49.91s tree:25.21s]
I0000 00:00:1789065486.936127   61028 random_forest.cc:881] Train tree 97/240  [index:108 total:1m15.59s tree:24.88s]
I0000 00:00:1789065511.738673   61028 random_forest.cc:881] Train tree 145/240  [index:144 total:1m40.39s tree:24.80s]
I0000 00:00:1789065537.738444   61029 random_forest.cc:881] Train tree 193/240  [index:195 total:2m6.39s tree:25.18s]
I0000 00:00:1789065541.665898   60872 random_forest.cc:899] random_forest.cc Training block took: 130.32 s
W0000 00:00:1789065541.665933   60872 random_forest.cc:1216] EXITING EARLY TO SPEED UP EXPERIMENTS!
RESULT dataset=SUSY_with_header threshold=5600 median=130.32s stddev=N/As n=1
./bazel-bin/examples/train_oblique_forest --input_mode csv --train_csv "benchmarks/data/epsilon_normalized_train.csv" --label_col "label" --num_trees=240 --dynamic_split_threshold=5600 --feature_split_type Oblique --numerical_split_type "Dynamic Random Histogram" --histogram_num_bins 64
----- Run 1/1 -----
WARNING: All log messages before absl::InitializeLog() is called are written to STDERR
I0000 00:00:1789065544.290997   61577 train_oblique_forest.cc:1101] Loading CSV in a single pass: benchmarks/data/epsilon_normalized_train.csv
I0000 00:00:1789065546.048197   61577 train_oblique_forest.cc:1108] Single-pass CSV load complete: 400000 rows, 2001 columns.
I0000 00:00:1789065546.048259   61577 train_oblique_forest.cc:1229] -1 (automatic) threads requested. 48 threads set.
I0000 00:00:1789065546.048269   61577 train_oblique_forest.cc:1304] Configuring oblique splits
I0000 00:00:1789065546.048271   61577 train_oblique_forest.cc:1313] dynamic_split_threshold = 5600 (from flag)
I0000 00:00:1789065546.048273   61577 train_oblique_forest.cc:1398] Using Dynamic Random Histogram with 64 samples
I0000 00:00:1789065546.048282   61577 train_oblique_forest.cc:1428] train_oblique_forest wall-time - Loading/Init (pre-train): 1.75732s
I0000 00:00:1789065546.048447   61577 abstract_learner.cc:171] No input feature explicitly specified. Using all the available input features.
I0000 00:00:1789065546.048453   61577 abstract_learner.cc:185] The label "label" was removed from the input feature set.
I0000 00:00:1789065546.048791   61577 random_forest.cc:534] Training random forest on 400000 example(s) and 2000 feature(s).
I0000 00:00:1789065546.048853   61577 gpu.cc:93] Cannot initialize GPU: Not compiled with GPU support
I0000 00:00:1789065546.049577   61577 random_forest.cc:663] num_threads being used: 48
I0000 00:00:1789065557.785106   61762 random_forest.cc:881] Train tree 1/240  [index:27 total:11.74s tree:11.73s]
I0000 00:00:1789065581.362350   61762 random_forest.cc:881] Train tree 97/240  [index:97 total:35.31s tree:11.77s]
I0000 00:00:1789065604.867529   61764 random_forest.cc:881] Train tree 193/240  [index:193 total:58.82s tree:11.67s]
I0000 00:00:1789065606.048449   61577 random_forest.cc:899] random_forest.cc Training block took: 60.0002 s
W0000 00:00:1789065606.048496   61577 random_forest.cc:1216] EXITING EARLY TO SPEED UP EXPERIMENTS!
RESULT dataset=epsilon_normalized_train threshold=5600 median=60.0002s stddev=N/As n=1
./bazel-bin/examples/train_oblique_forest --input_mode trunk --rows 1500000 --cols 4096 --num_trees=240 --dynamic_split_threshold=5600 --feature_split_type Oblique --numerical_split_type "Dynamic Random Histogram" --histogram_num_bins 64
----- Run 1/1 -----
WARNING: All log messages before absl::InitializeLog() is called are written to STDERR
I0000 00:00:1789065606.321215   62032 train_oblique_forest.cc:1133] Generating trunk synthetic dataset: rows=1500000, cols=4096, layout=column
I0000 00:00:1789065607.798784   62032 train_oblique_forest.cc:1229] -1 (automatic) threads requested. 48 threads set.
I0000 00:00:1789065607.798817   62032 train_oblique_forest.cc:1304] Configuring oblique splits
I0000 00:00:1789065607.798819   62032 train_oblique_forest.cc:1313] dynamic_split_threshold = 5600 (from flag)
I0000 00:00:1789065607.798822   62032 train_oblique_forest.cc:1398] Using Dynamic Random Histogram with 64 samples
I0000 00:00:1789065607.798831   62032 train_oblique_forest.cc:1428] train_oblique_forest wall-time - Loading/Init (pre-train): 1.47764s
I0000 00:00:1789065607.799130   62032 abstract_learner.cc:171] No input feature explicitly specified. Using all the available input features.
I0000 00:00:1789065607.799135   62032 abstract_learner.cc:185] The label "y" was removed from the input feature set.
I0000 00:00:1789065607.799741   62032 random_forest.cc:534] Training random forest on 1500000 example(s) and 4096 feature(s).
I0000 00:00:1789065607.799863   62032 gpu.cc:93] Cannot initialize GPU: Not compiled with GPU support
I0000 00:00:1789065607.800703   62032 random_forest.cc:663] num_threads being used: 48
I0000 00:00:1789065672.726704   62103 random_forest.cc:881] Train tree 1/240  [index:30 total:1m4.93s tree:1m4.92s]
I0000 00:00:1789065738.546561   62113 random_forest.cc:881] Train tree 49/240  [index:70 total:2m10.75s tree:1m3.63s]
I0000 00:00:1789065805.825264   62114 random_forest.cc:881] Train tree 97/240  [index:98 total:3m18.02s tree:1m6.42s]
I0000 00:00:1789065872.471349   62114 random_forest.cc:881] Train tree 145/240  [index:144 total:4m24.67s tree:1m6.65s]
I0000 00:00:1789065939.540832   62114 random_forest.cc:881] Train tree 193/240  [index:192 total:5m31.74s tree:1m7.07s]
I0000 00:00:1789065945.846999   62032 random_forest.cc:899] random_forest.cc Training block took: 338.048 s
W0000 00:00:1789065945.847038   62032 random_forest.cc:1216] EXITING EARLY TO SPEED UP EXPERIMENTS!
RESULT dataset=trunk_1500000_x_4096 threshold=5600 median=338.048s stddev=N/As n=1
./bazel-bin/examples/train_oblique_forest --input_mode trunk --rows 150000 --cols 40000 --num_trees=240 --dynamic_split_threshold=5600 --feature_split_type Oblique --numerical_split_type "Dynamic Random Histogram" --histogram_num_bins 64
----- Run 1/1 -----
WARNING: All log messages before absl::InitializeLog() is called are written to STDERR
I0000 00:00:1789065946.913027   63479 train_oblique_forest.cc:1133] Generating trunk synthetic dataset: rows=150000, cols=40000, layout=column
I0000 00:00:1789065948.284567   63479 train_oblique_forest.cc:1229] -1 (automatic) threads requested. 48 threads set.
I0000 00:00:1789065948.284601   63479 train_oblique_forest.cc:1304] Configuring oblique splits
I0000 00:00:1789065948.284603   63479 train_oblique_forest.cc:1313] dynamic_split_threshold = 5600 (from flag)
I0000 00:00:1789065948.284606   63479 train_oblique_forest.cc:1398] Using Dynamic Random Histogram with 64 samples
I0000 00:00:1789065948.284616   63479 train_oblique_forest.cc:1428] train_oblique_forest wall-time - Loading/Init (pre-train): 1.37161s
I0000 00:00:1789065948.286927   63479 abstract_learner.cc:171] No input feature explicitly specified. Using all the available input features.
I0000 00:00:1789065948.286959   63479 abstract_learner.cc:185] The label "y" was removed from the input feature set.
I0000 00:00:1789065948.293063   63479 random_forest.cc:534] Training random forest on 150000 example(s) and 40000 feature(s).
I0000 00:00:1789065948.294150   63479 gpu.cc:93] Cannot initialize GPU: Not compiled with GPU support
I0000 00:00:1789065948.297024   63479 random_forest.cc:663] num_threads being used: 48
I0000 00:00:1789065966.041283   63554 random_forest.cc:881] Train tree 1/240  [index:26 total:17.74s tree:17.74s]
I0000 00:00:1789065986.067865   63584 random_forest.cc:881] Train tree 82/240  [index:91 total:37.77s tree:18.54s]
I0000 00:00:1789066007.484319   63571 random_forest.cc:881] Train tree 144/240  [index:143 total:59.19s tree:19.53s]
I0000 00:00:1789066040.012383   63555 random_forest.cc:881] Train tree 193/240  [index:194 total:1m31.72s tree:18.28s]
I0000 00:00:1789066044.649442   63479 random_forest.cc:899] random_forest.cc Training block took: 96.3648 s
W0000 00:00:1789066044.649485   63479 random_forest.cc:1216] EXITING EARLY TO SPEED UP EXPERIMENTS!
RESULT dataset=trunk_150000_x_40000 threshold=5600 median=96.3648s stddev=N/As n=1
./bazel-bin/examples/train_oblique_forest --input_mode trunk --rows 15000 --cols 400000 --num_trees=240 --dynamic_split_threshold=5600 --feature_split_type Oblique --numerical_split_type "Dynamic Random Histogram" --histogram_num_bins 64
----- Run 1/1 -----
WARNING: All log messages before absl::InitializeLog() is called are written to STDERR
I0000 00:00:1789066045.282902   63982 train_oblique_forest.cc:1133] Generating trunk synthetic dataset: rows=15000, cols=400000, layout=column
I0000 00:00:1789066046.777479   63982 train_oblique_forest.cc:1229] -1 (automatic) threads requested. 48 threads set.
I0000 00:00:1789066046.777513   63982 train_oblique_forest.cc:1304] Configuring oblique splits
I0000 00:00:1789066046.777515   63982 train_oblique_forest.cc:1313] dynamic_split_threshold = 5600 (from flag)
I0000 00:00:1789066046.777518   63982 train_oblique_forest.cc:1398] Using Dynamic Random Histogram with 64 samples
I0000 00:00:1789066046.777528   63982 train_oblique_forest.cc:1428] train_oblique_forest wall-time - Loading/Init (pre-train): 1.49465s
I0000 00:00:1789066046.800478   63982 abstract_learner.cc:171] No input feature explicitly specified. Using all the available input features.
I0000 00:00:1789066046.800752   63982 abstract_learner.cc:185] The label "y" was removed from the input feature set.
I0000 00:00:1789066046.864482   63982 random_forest.cc:534] Training random forest on 15000 example(s) and 400000 feature(s).
I0000 00:00:1789066046.874867   63982 gpu.cc:93] Cannot initialize GPU: Not compiled with GPU support
I0000 00:00:1789066046.899224   63982 random_forest.cc:663] num_threads being used: 48
I0000 00:00:1789066051.550212   64061 random_forest.cc:881] Train tree 1/240  [index:36 total:4.65s tree:4.65s]
I0000 00:00:1789066071.807432   64032 random_forest.cc:881] Train tree 197/240  [index:199 total:24.91s tree:4.89s]
I0000 00:00:1789066074.097693   63982 random_forest.cc:899] random_forest.cc Training block took: 27.3201 s
W0000 00:00:1789066074.097732   63982 random_forest.cc:1216] EXITING EARLY TO SPEED UP EXPERIMENTS!
RESULT dataset=trunk_15000_x_400000 threshold=5600 median=27.3201s stddev=N/As n=1


======== Threshold 6100 ========

./bazel-bin/examples/train_oblique_forest --input_mode csv --train_csv "benchmarks/data/HIGGS_with_header.csv" --label_col "class" --num_trees=240 --dynamic_split_threshold=6100 --feature_split_type Oblique --numerical_split_type "Dynamic Random Histogram" --histogram_num_bins 64
----- Run 1/1 -----
WARNING: All log messages before absl::InitializeLog() is called are written to STDERR
I0000 00:00:1789066074.729026   64212 train_oblique_forest.cc:1101] Loading CSV in a single pass: benchmarks/data/HIGGS_with_header.csv
I0000 00:00:1789066075.681711   64212 train_oblique_forest.cc:1108] Single-pass CSV load complete: 11000000 rows, 29 columns.
I0000 00:00:1789066075.681784   64212 train_oblique_forest.cc:1229] -1 (automatic) threads requested. 48 threads set.
I0000 00:00:1789066075.681794   64212 train_oblique_forest.cc:1304] Configuring oblique splits
I0000 00:00:1789066075.681796   64212 train_oblique_forest.cc:1313] dynamic_split_threshold = 6100 (from flag)
I0000 00:00:1789066075.681798   64212 train_oblique_forest.cc:1398] Using Dynamic Random Histogram with 64 samples
I0000 00:00:1789066075.681807   64212 train_oblique_forest.cc:1428] train_oblique_forest wall-time - Loading/Init (pre-train): 0.952808s
I0000 00:00:1789066075.681868   64212 abstract_learner.cc:171] No input feature explicitly specified. Using all the available input features.
I0000 00:00:1789066075.681870   64212 abstract_learner.cc:185] The label "class" was removed from the input feature set.
I0000 00:00:1789066075.681882   64212 random_forest.cc:534] Training random forest on 11000000 example(s) and 28 feature(s).
I0000 00:00:1789066075.681894   64212 gpu.cc:93] Cannot initialize GPU: Not compiled with GPU support
I0000 00:00:1789066075.682473   64212 random_forest.cc:663] num_threads being used: 48
I0000 00:00:1789066146.833919   64366 random_forest.cc:881] Train tree 1/240  [index:27 total:1m11.15s tree:1m11.15s]
I0000 00:00:1789066220.097875   64366 random_forest.cc:881] Train tree 49/240  [index:48 total:2m24.42s tree:1m13.26s]
I0000 00:00:1789066291.234243   64382 random_forest.cc:881] Train tree 97/240  [index:97 total:3m35.55s tree:1m11.10s]
I0000 00:00:1789066363.563241   64382 random_forest.cc:881] Train tree 145/240  [index:144 total:4m47.88s tree:1m12.33s]
I0000 00:00:1789066436.065012   64354 random_forest.cc:881] Train tree 193/240  [index:195 total:6m0.38s tree:1m11.22s]
I0000 00:00:1789066450.085433   64212 random_forest.cc:899] random_forest.cc Training block took: 374.404 s
W0000 00:00:1789066450.085465   64212 random_forest.cc:1216] EXITING EARLY TO SPEED UP EXPERIMENTS!
RESULT dataset=HIGGS_with_header threshold=6100 median=374.404s stddev=N/As n=1
./bazel-bin/examples/train_oblique_forest --input_mode csv --train_csv "benchmarks/data/SUSY_with_header.csv" --label_col "class" --num_trees=240 --dynamic_split_threshold=6100 --feature_split_type Oblique --numerical_split_type "Dynamic Random Histogram" --histogram_num_bins 64
----- Run 1/1 -----
WARNING: All log messages before absl::InitializeLog() is called are written to STDERR
I0000 00:00:1789066456.524713   65901 train_oblique_forest.cc:1101] Loading CSV in a single pass: benchmarks/data/SUSY_with_header.csv
I0000 00:00:1789066456.852307   65901 train_oblique_forest.cc:1108] Single-pass CSV load complete: 5000000 rows, 19 columns.
I0000 00:00:1789066456.852378   65901 train_oblique_forest.cc:1229] -1 (automatic) threads requested. 48 threads set.
I0000 00:00:1789066456.852388   65901 train_oblique_forest.cc:1304] Configuring oblique splits
I0000 00:00:1789066456.852389   65901 train_oblique_forest.cc:1313] dynamic_split_threshold = 6100 (from flag)
I0000 00:00:1789066456.852391   65901 train_oblique_forest.cc:1398] Using Dynamic Random Histogram with 64 samples
I0000 00:00:1789066456.852400   65901 train_oblique_forest.cc:1428] train_oblique_forest wall-time - Loading/Init (pre-train): 0.327714s
I0000 00:00:1789066456.852458   65901 abstract_learner.cc:171] No input feature explicitly specified. Using all the available input features.
I0000 00:00:1789066456.852460   65901 abstract_learner.cc:185] The label "class" was removed from the input feature set.
I0000 00:00:1789066456.852471   65901 random_forest.cc:534] Training random forest on 5000000 example(s) and 18 feature(s).
I0000 00:00:1789066456.852482   65901 gpu.cc:93] Cannot initialize GPU: Not compiled with GPU support
I0000 00:00:1789066456.853065   65901 random_forest.cc:663] num_threads being used: 48
I0000 00:00:1789066481.842350   66050 random_forest.cc:881] Train tree 1/240  [index:29 total:24.99s tree:24.99s]
I0000 00:00:1789066506.473006   66058 random_forest.cc:881] Train tree 49/240  [index:52 total:49.62s tree:24.51s]
I0000 00:00:1789066532.383494   66021 random_forest.cc:881] Train tree 97/240  [index:108 total:1m15.53s tree:24.73s]
I0000 00:00:1789066558.018549   66030 random_forest.cc:881] Train tree 145/240  [index:154 total:1m41.17s tree:25.02s]
I0000 00:00:1789066583.183016   66021 random_forest.cc:881] Train tree 193/240  [index:193 total:2m6.33s tree:25.03s]
I0000 00:00:1789066587.142331   65901 random_forest.cc:899] random_forest.cc Training block took: 130.29 s
W0000 00:00:1789066587.142365   65901 random_forest.cc:1216] EXITING EARLY TO SPEED UP EXPERIMENTS!
RESULT dataset=SUSY_with_header threshold=6100 median=130.29s stddev=N/As n=1
./bazel-bin/examples/train_oblique_forest --input_mode csv --train_csv "benchmarks/data/epsilon_normalized_train.csv" --label_col "label" --num_trees=240 --dynamic_split_threshold=6100 --feature_split_type Oblique --numerical_split_type "Dynamic Random Histogram" --histogram_num_bins 64
----- Run 1/1 -----
WARNING: All log messages before absl::InitializeLog() is called are written to STDERR
I0000 00:00:1789066589.788941   66602 train_oblique_forest.cc:1101] Loading CSV in a single pass: benchmarks/data/epsilon_normalized_train.csv
I0000 00:00:1789066591.559745   66602 train_oblique_forest.cc:1108] Single-pass CSV load complete: 400000 rows, 2001 columns.
I0000 00:00:1789066591.559814   66602 train_oblique_forest.cc:1229] -1 (automatic) threads requested. 48 threads set.
I0000 00:00:1789066591.559824   66602 train_oblique_forest.cc:1304] Configuring oblique splits
I0000 00:00:1789066591.559825   66602 train_oblique_forest.cc:1313] dynamic_split_threshold = 6100 (from flag)
I0000 00:00:1789066591.559827   66602 train_oblique_forest.cc:1398] Using Dynamic Random Histogram with 64 samples
I0000 00:00:1789066591.559836   66602 train_oblique_forest.cc:1428] train_oblique_forest wall-time - Loading/Init (pre-train): 1.77092s
I0000 00:00:1789066591.560008   66602 abstract_learner.cc:171] No input feature explicitly specified. Using all the available input features.
I0000 00:00:1789066591.560014   66602 abstract_learner.cc:185] The label "label" was removed from the input feature set.
I0000 00:00:1789066591.560351   66602 random_forest.cc:534] Training random forest on 400000 example(s) and 2000 feature(s).
I0000 00:00:1789066591.560419   66602 gpu.cc:93] Cannot initialize GPU: Not compiled with GPU support
I0000 00:00:1789066591.561149   66602 random_forest.cc:663] num_threads being used: 48
I0000 00:00:1789066603.255839   66805 random_forest.cc:881] Train tree 1/240  [index:46 total:11.69s tree:11.69s]
I0000 00:00:1789066626.726654   66766 random_forest.cc:881] Train tree 97/240  [index:96 total:35.17s tree:11.76s]
I0000 00:00:1789066650.273936   66766 random_forest.cc:881] Train tree 193/240  [index:192 total:58.71s tree:11.78s]
I0000 00:00:1789066651.412576   66602 random_forest.cc:899] random_forest.cc Training block took: 59.8527 s
W0000 00:00:1789066651.412622   66602 random_forest.cc:1216] EXITING EARLY TO SPEED UP EXPERIMENTS!
RESULT dataset=epsilon_normalized_train threshold=6100 median=59.8527s stddev=N/As n=1
./bazel-bin/examples/train_oblique_forest --input_mode trunk --rows 1500000 --cols 4096 --num_trees=240 --dynamic_split_threshold=6100 --feature_split_type Oblique --numerical_split_type "Dynamic Random Histogram" --histogram_num_bins 64
----- Run 1/1 -----
WARNING: All log messages before absl::InitializeLog() is called are written to STDERR
I0000 00:00:1789066651.694506   67062 train_oblique_forest.cc:1133] Generating trunk synthetic dataset: rows=1500000, cols=4096, layout=column
I0000 00:00:1789066653.074023   67062 train_oblique_forest.cc:1229] -1 (automatic) threads requested. 48 threads set.
I0000 00:00:1789066653.074058   67062 train_oblique_forest.cc:1304] Configuring oblique splits
I0000 00:00:1789066653.074060   67062 train_oblique_forest.cc:1313] dynamic_split_threshold = 6100 (from flag)
I0000 00:00:1789066653.074063   67062 train_oblique_forest.cc:1398] Using Dynamic Random Histogram with 64 samples
I0000 00:00:1789066653.074072   67062 train_oblique_forest.cc:1428] train_oblique_forest wall-time - Loading/Init (pre-train): 1.37959s
I0000 00:00:1789066653.074369   67062 abstract_learner.cc:171] No input feature explicitly specified. Using all the available input features.
I0000 00:00:1789066653.074374   67062 abstract_learner.cc:185] The label "y" was removed from the input feature set.
I0000 00:00:1789066653.074964   67062 random_forest.cc:534] Training random forest on 1500000 example(s) and 4096 feature(s).
I0000 00:00:1789066653.075083   67062 gpu.cc:93] Cannot initialize GPU: Not compiled with GPU support
I0000 00:00:1789066653.075911   67062 random_forest.cc:663] num_threads being used: 48
I0000 00:00:1789066718.616072   67144 random_forest.cc:881] Train tree 1/240  [index:30 total:1m5.54s tree:1m5.53s]
I0000 00:00:1789066783.559560   67117 random_forest.cc:881] Train tree 49/240  [index:70 total:2m10.48s tree:1m3.61s]
I0000 00:00:1789066851.006558   67121 random_forest.cc:881] Train tree 97/240  [index:111 total:3m17.93s tree:1m4.74s]
I0000 00:00:1789066918.123667   67137 random_forest.cc:881] Train tree 145/240  [index:155 total:4m25.05s tree:1m5.69s]
I0000 00:00:1789066985.266651   67132 random_forest.cc:881] Train tree 193/240  [index:194 total:5m32.19s tree:1m7.04s]
I0000 00:00:1789066990.918989   67062 random_forest.cc:899] random_forest.cc Training block took: 337.845 s
W0000 00:00:1789066990.919028   67062 random_forest.cc:1216] EXITING EARLY TO SPEED UP EXPERIMENTS!
RESULT dataset=trunk_1500000_x_4096 threshold=6100 median=337.845s stddev=N/As n=1
./bazel-bin/examples/train_oblique_forest --input_mode trunk --rows 150000 --cols 40000 --num_trees=240 --dynamic_split_threshold=6100 --feature_split_type Oblique --numerical_split_type "Dynamic Random Histogram" --histogram_num_bins 64
----- Run 1/1 -----
WARNING: All log messages before absl::InitializeLog() is called are written to STDERR
I0000 00:00:1789066991.983032   68499 train_oblique_forest.cc:1133] Generating trunk synthetic dataset: rows=150000, cols=40000, layout=column
I0000 00:00:1789066993.374050   68499 train_oblique_forest.cc:1229] -1 (automatic) threads requested. 48 threads set.
I0000 00:00:1789066993.374083   68499 train_oblique_forest.cc:1304] Configuring oblique splits
I0000 00:00:1789066993.374087   68499 train_oblique_forest.cc:1313] dynamic_split_threshold = 6100 (from flag)
I0000 00:00:1789066993.374091   68499 train_oblique_forest.cc:1398] Using Dynamic Random Histogram with 64 samples
I0000 00:00:1789066993.374101   68499 train_oblique_forest.cc:1428] train_oblique_forest wall-time - Loading/Init (pre-train): 1.3911s
I0000 00:00:1789066993.376491   68499 abstract_learner.cc:171] No input feature explicitly specified. Using all the available input features.
I0000 00:00:1789066993.376523   68499 abstract_learner.cc:185] The label "y" was removed from the input feature set.
I0000 00:00:1789066993.382602   68499 random_forest.cc:534] Training random forest on 150000 example(s) and 40000 feature(s).
I0000 00:00:1789066993.383665   68499 gpu.cc:93] Cannot initialize GPU: Not compiled with GPU support
I0000 00:00:1789066993.386580   68499 random_forest.cc:663] num_threads being used: 48
I0000 00:00:1789067011.283956   68577 random_forest.cc:881] Train tree 1/240  [index:26 total:17.90s tree:17.89s]
I0000 00:00:1789067031.284952   68604 random_forest.cc:881] Train tree 86/240  [index:94 total:37.90s tree:18.37s]
I0000 00:00:1789067051.751010   68581 random_forest.cc:881] Train tree 144/240  [index:143 total:58.36s tree:19.30s]
I0000 00:00:1789067084.370295   68605 random_forest.cc:881] Train tree 193/240  [index:192 total:1m30.98s tree:18.37s]
I0000 00:00:1789067089.395784   68499 random_forest.cc:899] random_forest.cc Training block took: 96.0217 s
W0000 00:00:1789067089.395822   68499 random_forest.cc:1216] EXITING EARLY TO SPEED UP EXPERIMENTS!
RESULT dataset=trunk_150000_x_40000 threshold=6100 median=96.0217s stddev=N/As n=1
./bazel-bin/examples/train_oblique_forest --input_mode trunk --rows 15000 --cols 400000 --num_trees=240 --dynamic_split_threshold=6100 --feature_split_type Oblique --numerical_split_type "Dynamic Random Histogram" --histogram_num_bins 64
----- Run 1/1 -----
WARNING: All log messages before absl::InitializeLog() is called are written to STDERR
I0000 00:00:1789067090.043206   69140 train_oblique_forest.cc:1133] Generating trunk synthetic dataset: rows=15000, cols=400000, layout=column
I0000 00:00:1789067091.574604   69140 train_oblique_forest.cc:1229] -1 (automatic) threads requested. 48 threads set.
I0000 00:00:1789067091.574636   69140 train_oblique_forest.cc:1304] Configuring oblique splits
I0000 00:00:1789067091.574638   69140 train_oblique_forest.cc:1313] dynamic_split_threshold = 6100 (from flag)
I0000 00:00:1789067091.574641   69140 train_oblique_forest.cc:1398] Using Dynamic Random Histogram with 64 samples
I0000 00:00:1789067091.574651   69140 train_oblique_forest.cc:1428] train_oblique_forest wall-time - Loading/Init (pre-train): 1.53147s
I0000 00:00:1789067091.597659   69140 abstract_learner.cc:171] No input feature explicitly specified. Using all the available input features.
I0000 00:00:1789067091.597929   69140 abstract_learner.cc:185] The label "y" was removed from the input feature set.
I0000 00:00:1789067091.661770   69140 random_forest.cc:534] Training random forest on 15000 example(s) and 400000 feature(s).
I0000 00:00:1789067091.672123   69140 gpu.cc:93] Cannot initialize GPU: Not compiled with GPU support
I0000 00:00:1789067091.696956   69140 random_forest.cc:663] num_threads being used: 48
I0000 00:00:1789067096.390633   69230 random_forest.cc:881] Train tree 1/240  [index:36 total:4.69s tree:4.69s]
I0000 00:00:1789067116.591976   69230 random_forest.cc:881] Train tree 197/240  [index:199 total:24.90s tree:4.88s]
I0000 00:00:1789067118.974926   69140 random_forest.cc:899] random_forest.cc Training block took: 27.4003 s
W0000 00:00:1789067118.974964   69140 random_forest.cc:1216] EXITING EARLY TO SPEED UP EXPERIMENTS!
RESULT dataset=trunk_15000_x_400000 threshold=6100 median=27.4003s stddev=N/As n=1


======== Threshold 6600 ========

./bazel-bin/examples/train_oblique_forest --input_mode csv --train_csv "benchmarks/data/HIGGS_with_header.csv" --label_col "class" --num_trees=240 --dynamic_split_threshold=6600 --feature_split_type Oblique --numerical_split_type "Dynamic Random Histogram" --histogram_num_bins 64
----- Run 1/1 -----
WARNING: All log messages before absl::InitializeLog() is called are written to STDERR
I0000 00:00:1789067119.605627   69382 train_oblique_forest.cc:1101] Loading CSV in a single pass: benchmarks/data/HIGGS_with_header.csv
I0000 00:00:1789067120.531122   69382 train_oblique_forest.cc:1108] Single-pass CSV load complete: 11000000 rows, 29 columns.
I0000 00:00:1789067120.531199   69382 train_oblique_forest.cc:1229] -1 (automatic) threads requested. 48 threads set.
I0000 00:00:1789067120.531209   69382 train_oblique_forest.cc:1304] Configuring oblique splits
I0000 00:00:1789067120.531211   69382 train_oblique_forest.cc:1313] dynamic_split_threshold = 6600 (from flag)
I0000 00:00:1789067120.531213   69382 train_oblique_forest.cc:1398] Using Dynamic Random Histogram with 64 samples
I0000 00:00:1789067120.531222   69382 train_oblique_forest.cc:1428] train_oblique_forest wall-time - Loading/Init (pre-train): 0.925621s
I0000 00:00:1789067120.531282   69382 abstract_learner.cc:171] No input feature explicitly specified. Using all the available input features.
I0000 00:00:1789067120.531284   69382 abstract_learner.cc:185] The label "class" was removed from the input feature set.
I0000 00:00:1789067120.531297   69382 random_forest.cc:534] Training random forest on 11000000 example(s) and 28 feature(s).
I0000 00:00:1789067120.531309   69382 gpu.cc:93] Cannot initialize GPU: Not compiled with GPU support
I0000 00:00:1789067120.531892   69382 random_forest.cc:663] num_threads being used: 48
I0000 00:00:1789067191.652349   69536 random_forest.cc:881] Train tree 1/240  [index:35 total:1m11.12s tree:1m11.12s]
I0000 00:00:1789067264.316370   69536 random_forest.cc:881] Train tree 49/240  [index:48 total:2m23.78s tree:1m12.66s]
I0000 00:00:1789067336.260768   69525 random_forest.cc:881] Train tree 97/240  [index:100 total:3m35.73s tree:1m11.44s]
I0000 00:00:1789067408.375891   69537 random_forest.cc:881] Train tree 145/240  [index:148 total:4m47.84s tree:1m11.43s]
I0000 00:00:1789067481.840200   69525 random_forest.cc:881] Train tree 193/240  [index:196 total:6m1.31s tree:1m11.98s]
I0000 00:00:1789067491.323647   69382 random_forest.cc:899] random_forest.cc Training block took: 370.792 s
W0000 00:00:1789067491.323681   69382 random_forest.cc:1216] EXITING EARLY TO SPEED UP EXPERIMENTS!
RESULT dataset=HIGGS_with_header threshold=6600 median=370.792s stddev=N/As n=1
./bazel-bin/examples/train_oblique_forest --input_mode csv --train_csv "benchmarks/data/SUSY_with_header.csv" --label_col "class" --num_trees=240 --dynamic_split_threshold=6600 --feature_split_type Oblique --numerical_split_type "Dynamic Random Histogram" --histogram_num_bins 64
----- Run 1/1 -----
WARNING: All log messages before absl::InitializeLog() is called are written to STDERR
I0000 00:00:1789067497.650258   71049 train_oblique_forest.cc:1101] Loading CSV in a single pass: benchmarks/data/SUSY_with_header.csv
I0000 00:00:1789067497.976447   71049 train_oblique_forest.cc:1108] Single-pass CSV load complete: 5000000 rows, 19 columns.
I0000 00:00:1789067497.976520   71049 train_oblique_forest.cc:1229] -1 (automatic) threads requested. 48 threads set.
I0000 00:00:1789067497.976530   71049 train_oblique_forest.cc:1304] Configuring oblique splits
I0000 00:00:1789067497.976531   71049 train_oblique_forest.cc:1313] dynamic_split_threshold = 6600 (from flag)
I0000 00:00:1789067497.976534   71049 train_oblique_forest.cc:1398] Using Dynamic Random Histogram with 64 samples
I0000 00:00:1789067497.976543   71049 train_oblique_forest.cc:1428] train_oblique_forest wall-time - Loading/Init (pre-train): 0.32631s
I0000 00:00:1789067497.976603   71049 abstract_learner.cc:171] No input feature explicitly specified. Using all the available input features.
I0000 00:00:1789067497.976605   71049 abstract_learner.cc:185] The label "class" was removed from the input feature set.
I0000 00:00:1789067497.976615   71049 random_forest.cc:534] Training random forest on 5000000 example(s) and 18 feature(s).
I0000 00:00:1789067497.976627   71049 gpu.cc:93] Cannot initialize GPU: Not compiled with GPU support
I0000 00:00:1789067497.977212   71049 random_forest.cc:663] num_threads being used: 48
I0000 00:00:1789067522.695585   71204 random_forest.cc:881] Train tree 1/240  [index:15 total:24.72s tree:24.71s]
I0000 00:00:1789067547.613443   71173 random_forest.cc:881] Train tree 49/240  [index:49 total:49.64s tree:24.81s]
I0000 00:00:1789067573.351747   71208 random_forest.cc:881] Train tree 97/240  [index:122 total:1m15.37s tree:24.51s]
I0000 00:00:1789067598.686833   71191 random_forest.cc:881] Train tree 145/240  [index:157 total:1m40.71s tree:24.55s]
I0000 00:00:1789067624.000973   71208 random_forest.cc:881] Train tree 193/240  [index:193 total:2m6.02s tree:25.28s]
I0000 00:00:1789067627.635529   71049 random_forest.cc:899] random_forest.cc Training block took: 129.659 s
W0000 00:00:1789067627.635560   71049 random_forest.cc:1216] EXITING EARLY TO SPEED UP EXPERIMENTS!
RESULT dataset=SUSY_with_header threshold=6600 median=129.659s stddev=N/As n=1
./bazel-bin/examples/train_oblique_forest --input_mode csv --train_csv "benchmarks/data/epsilon_normalized_train.csv" --label_col "label" --num_trees=240 --dynamic_split_threshold=6600 --feature_split_type Oblique --numerical_split_type "Dynamic Random Histogram" --histogram_num_bins 64
----- Run 1/1 -----
WARNING: All log messages before absl::InitializeLog() is called are written to STDERR
I0000 00:00:1789067630.269571   71755 train_oblique_forest.cc:1101] Loading CSV in a single pass: benchmarks/data/epsilon_normalized_train.csv
I0000 00:00:1789067631.992474   71755 train_oblique_forest.cc:1108] Single-pass CSV load complete: 400000 rows, 2001 columns.
I0000 00:00:1789067631.992538   71755 train_oblique_forest.cc:1229] -1 (automatic) threads requested. 48 threads set.
I0000 00:00:1789067631.992547   71755 train_oblique_forest.cc:1304] Configuring oblique splits
I0000 00:00:1789067631.992549   71755 train_oblique_forest.cc:1313] dynamic_split_threshold = 6600 (from flag)
I0000 00:00:1789067631.992551   71755 train_oblique_forest.cc:1398] Using Dynamic Random Histogram with 64 samples
I0000 00:00:1789067631.992560   71755 train_oblique_forest.cc:1428] train_oblique_forest wall-time - Loading/Init (pre-train): 1.72302s
I0000 00:00:1789067631.992721   71755 abstract_learner.cc:171] No input feature explicitly specified. Using all the available input features.
I0000 00:00:1789067631.992727   71755 abstract_learner.cc:185] The label "label" was removed from the input feature set.
I0000 00:00:1789067631.993067   71755 random_forest.cc:534] Training random forest on 400000 example(s) and 2000 feature(s).
I0000 00:00:1789067631.993133   71755 gpu.cc:93] Cannot initialize GPU: Not compiled with GPU support
I0000 00:00:1789067631.993852   71755 random_forest.cc:663] num_threads being used: 48
I0000 00:00:1789067643.639174   71941 random_forest.cc:881] Train tree 1/240  [index:32 total:11.65s tree:11.64s]
I0000 00:00:1789067667.144287   71917 random_forest.cc:881] Train tree 97/240  [index:106 total:35.15s tree:11.62s]
I0000 00:00:1789067690.682880   71944 random_forest.cc:881] Train tree 193/240  [index:194 total:58.69s tree:11.70s]
I0000 00:00:1789067691.938799   71755 random_forest.cc:899] random_forest.cc Training block took: 59.9462 s
W0000 00:00:1789067691.938845   71755 random_forest.cc:1216] EXITING EARLY TO SPEED UP EXPERIMENTS!
RESULT dataset=epsilon_normalized_train threshold=6600 median=59.9462s stddev=N/As n=1
./bazel-bin/examples/train_oblique_forest --input_mode trunk --rows 1500000 --cols 4096 --num_trees=240 --dynamic_split_threshold=6600 --feature_split_type Oblique --numerical_split_type "Dynamic Random Histogram" --histogram_num_bins 64
----- Run 1/1 -----
WARNING: All log messages before absl::InitializeLog() is called are written to STDERR
I0000 00:00:1789067692.222557   72204 train_oblique_forest.cc:1133] Generating trunk synthetic dataset: rows=1500000, cols=4096, layout=column
I0000 00:00:1789067693.558954   72204 train_oblique_forest.cc:1229] -1 (automatic) threads requested. 48 threads set.
I0000 00:00:1789067693.559019   72204 train_oblique_forest.cc:1304] Configuring oblique splits
I0000 00:00:1789067693.559026   72204 train_oblique_forest.cc:1313] dynamic_split_threshold = 6600 (from flag)
I0000 00:00:1789067693.559033   72204 train_oblique_forest.cc:1398] Using Dynamic Random Histogram with 64 samples
I0000 00:00:1789067693.559044   72204 train_oblique_forest.cc:1428] train_oblique_forest wall-time - Loading/Init (pre-train): 1.33651s
I0000 00:00:1789067693.559388   72204 abstract_learner.cc:171] No input feature explicitly specified. Using all the available input features.
I0000 00:00:1789067693.559395   72204 abstract_learner.cc:185] The label "y" was removed from the input feature set.
I0000 00:00:1789067693.560101   72204 random_forest.cc:534] Training random forest on 1500000 example(s) and 4096 feature(s).
I0000 00:00:1789067693.560247   72204 gpu.cc:93] Cannot initialize GPU: Not compiled with GPU support
I0000 00:00:1789067693.561213   72204 random_forest.cc:663] num_threads being used: 48
I0000 00:00:1789067758.023846   72290 random_forest.cc:881] Train tree 1/240  [index:30 total:1m4.46s tree:1m4.46s]
I0000 00:00:1789067823.900934   72298 random_forest.cc:881] Train tree 49/240  [index:70 total:2m10.34s tree:1m3.58s]
I0000 00:00:1789067891.135898   72298 random_forest.cc:881] Train tree 97/240  [index:96 total:3m17.57s tree:1m7.23s]
I0000 00:00:1789067957.892655   72298 random_forest.cc:881] Train tree 145/240  [index:144 total:4m24.33s tree:1m6.76s]
I0000 00:00:1789068025.304336   72298 random_forest.cc:881] Train tree 193/240  [index:192 total:5m31.74s tree:1m7.41s]
I0000 00:00:1789068030.553640   72204 random_forest.cc:899] random_forest.cc Training block took: 336.995 s
W0000 00:00:1789068030.553683   72204 random_forest.cc:1216] EXITING EARLY TO SPEED UP EXPERIMENTS!
RESULT dataset=trunk_1500000_x_4096 threshold=6600 median=336.995s stddev=N/As n=1
./bazel-bin/examples/train_oblique_forest --input_mode trunk --rows 150000 --cols 40000 --num_trees=240 --dynamic_split_threshold=6600 --feature_split_type Oblique --numerical_split_type "Dynamic Random Histogram" --histogram_num_bins 64
----- Run 1/1 -----
WARNING: All log messages before absl::InitializeLog() is called are written to STDERR
I0000 00:00:1789068031.623847   73638 train_oblique_forest.cc:1133] Generating trunk synthetic dataset: rows=150000, cols=40000, layout=column
I0000 00:00:1789068032.926748   73638 train_oblique_forest.cc:1229] -1 (automatic) threads requested. 48 threads set.
I0000 00:00:1789068032.926782   73638 train_oblique_forest.cc:1304] Configuring oblique splits
I0000 00:00:1789068032.926785   73638 train_oblique_forest.cc:1313] dynamic_split_threshold = 6600 (from flag)
I0000 00:00:1789068032.926788   73638 train_oblique_forest.cc:1398] Using Dynamic Random Histogram with 64 samples
I0000 00:00:1789068032.926798   73638 train_oblique_forest.cc:1428] train_oblique_forest wall-time - Loading/Init (pre-train): 1.30298s
I0000 00:00:1789068032.929599   73638 abstract_learner.cc:171] No input feature explicitly specified. Using all the available input features.
I0000 00:00:1789068032.929634   73638 abstract_learner.cc:185] The label "y" was removed from the input feature set.
I0000 00:00:1789068032.936476   73638 random_forest.cc:534] Training random forest on 150000 example(s) and 40000 feature(s).
I0000 00:00:1789068032.937667   73638 gpu.cc:93] Cannot initialize GPU: Not compiled with GPU support
I0000 00:00:1789068032.941191   73638 random_forest.cc:663] num_threads being used: 48
I0000 00:00:1789068050.429635   73720 random_forest.cc:881] Train tree 1/240  [index:26 total:17.49s tree:17.48s]
I0000 00:00:1789068070.459777   73729 random_forest.cc:881] Train tree 80/240  [index:73 total:37.52s tree:18.95s]
I0000 00:00:1789068091.593732   73722 random_forest.cc:881] Train tree 144/240  [index:143 total:58.65s tree:19.72s]
I0000 00:00:1789068124.325372   73718 random_forest.cc:881] Train tree 193/240  [index:192 total:1m31.38s tree:18.30s]
I0000 00:00:1789068128.241333   73638 random_forest.cc:899] random_forest.cc Training block took: 95.3145 s
W0000 00:00:1789068128.241370   73638 random_forest.cc:1216] EXITING EARLY TO SPEED UP EXPERIMENTS!
RESULT dataset=trunk_150000_x_40000 threshold=6600 median=95.3145s stddev=N/As n=1
./bazel-bin/examples/train_oblique_forest --input_mode trunk --rows 15000 --cols 400000 --num_trees=240 --dynamic_split_threshold=6600 --feature_split_type Oblique --numerical_split_type "Dynamic Random Histogram" --histogram_num_bins 64
----- Run 1/1 -----
WARNING: All log messages before absl::InitializeLog() is called are written to STDERR
I0000 00:00:1789068128.892300   74128 train_oblique_forest.cc:1133] Generating trunk synthetic dataset: rows=15000, cols=400000, layout=column
I0000 00:00:1789068130.318605   74128 train_oblique_forest.cc:1229] -1 (automatic) threads requested. 48 threads set.
I0000 00:00:1789068130.318638   74128 train_oblique_forest.cc:1304] Configuring oblique splits
I0000 00:00:1789068130.318641   74128 train_oblique_forest.cc:1313] dynamic_split_threshold = 6600 (from flag)
I0000 00:00:1789068130.318644   74128 train_oblique_forest.cc:1398] Using Dynamic Random Histogram with 64 samples
I0000 00:00:1789068130.318655   74128 train_oblique_forest.cc:1428] train_oblique_forest wall-time - Loading/Init (pre-train): 1.42638s
I0000 00:00:1789068130.344760   74128 abstract_learner.cc:171] No input feature explicitly specified. Using all the available input features.
I0000 00:00:1789068130.345034   74128 abstract_learner.cc:185] The label "y" was removed from the input feature set.
I0000 00:00:1789068130.409262   74128 random_forest.cc:534] Training random forest on 15000 example(s) and 400000 feature(s).
I0000 00:00:1789068130.419226   74128 gpu.cc:93] Cannot initialize GPU: Not compiled with GPU support
I0000 00:00:1789068130.443771   74128 random_forest.cc:663] num_threads being used: 48
I0000 00:00:1789068135.276559   74211 random_forest.cc:881] Train tree 1/240  [index:45 total:4.83s tree:4.83s]
I0000 00:00:1789068155.348168   74222 random_forest.cc:881] Train tree 197/240  [index:199 total:24.90s tree:4.89s]
I0000 00:00:1789068157.700823   74128 random_forest.cc:899] random_forest.cc Training block took: 27.3821 s
W0000 00:00:1789068157.700860   74128 random_forest.cc:1216] EXITING EARLY TO SPEED UP EXPERIMENTS!
RESULT dataset=trunk_15000_x_400000 threshold=6600 median=27.3821s stddev=N/As n=1


======== Threshold 7100 ========

./bazel-bin/examples/train_oblique_forest --input_mode csv --train_csv "benchmarks/data/HIGGS_with_header.csv" --label_col "class" --num_trees=240 --dynamic_split_threshold=7100 --feature_split_type Oblique --numerical_split_type "Dynamic Random Histogram" --histogram_num_bins 64
----- Run 1/1 -----
WARNING: All log messages before absl::InitializeLog() is called are written to STDERR
I0000 00:00:1789068158.337174   74363 train_oblique_forest.cc:1101] Loading CSV in a single pass: benchmarks/data/HIGGS_with_header.csv
I0000 00:00:1789068159.264995   74363 train_oblique_forest.cc:1108] Single-pass CSV load complete: 11000000 rows, 29 columns.
I0000 00:00:1789068159.265069   74363 train_oblique_forest.cc:1229] -1 (automatic) threads requested. 48 threads set.
I0000 00:00:1789068159.265080   74363 train_oblique_forest.cc:1304] Configuring oblique splits
I0000 00:00:1789068159.265082   74363 train_oblique_forest.cc:1313] dynamic_split_threshold = 7100 (from flag)
I0000 00:00:1789068159.265084   74363 train_oblique_forest.cc:1398] Using Dynamic Random Histogram with 64 samples
I0000 00:00:1789068159.265094   74363 train_oblique_forest.cc:1428] train_oblique_forest wall-time - Loading/Init (pre-train): 0.927946s
I0000 00:00:1789068159.265155   74363 abstract_learner.cc:171] No input feature explicitly specified. Using all the available input features.
I0000 00:00:1789068159.265157   74363 abstract_learner.cc:185] The label "class" was removed from the input feature set.
I0000 00:00:1789068159.265170   74363 random_forest.cc:534] Training random forest on 11000000 example(s) and 28 feature(s).
I0000 00:00:1789068159.265182   74363 gpu.cc:93] Cannot initialize GPU: Not compiled with GPU support
I0000 00:00:1789068159.265767   74363 random_forest.cc:663] num_threads being used: 48
I0000 00:00:1789068230.659669   74496 random_forest.cc:881] Train tree 1/240  [index:21 total:1m11.39s tree:1m11.39s]
I0000 00:00:1789068303.000569   74517 random_forest.cc:881] Train tree 49/240  [index:58 total:2m23.73s tree:1m11.06s]
I0000 00:00:1789068373.590001   74517 random_forest.cc:881] Train tree 97/240  [index:96 total:3m34.32s tree:1m10.59s]
I0000 00:00:1789068445.285847   74517 random_forest.cc:881] Train tree 145/240  [index:144 total:4m46.02s tree:1m11.69s]
I0000 00:00:1789068520.082274   74517 random_forest.cc:881] Train tree 193/240  [index:192 total:6m0.82s tree:1m14.79s]
I0000 00:00:1789068532.662803   74363 random_forest.cc:899] random_forest.cc Training block took: 373.398 s
W0000 00:00:1789068532.662837   74363 random_forest.cc:1216] EXITING EARLY TO SPEED UP EXPERIMENTS!
RESULT dataset=HIGGS_with_header threshold=7100 median=373.398s stddev=N/As n=1
./bazel-bin/examples/train_oblique_forest --input_mode csv --train_csv "benchmarks/data/SUSY_with_header.csv" --label_col "class" --num_trees=240 --dynamic_split_threshold=7100 --feature_split_type Oblique --numerical_split_type "Dynamic Random Histogram" --histogram_num_bins 64
----- Run 1/1 -----
WARNING: All log messages before absl::InitializeLog() is called are written to STDERR
I0000 00:00:1789068538.943581   76029 train_oblique_forest.cc:1101] Loading CSV in a single pass: benchmarks/data/SUSY_with_header.csv
I0000 00:00:1789068539.271089   76029 train_oblique_forest.cc:1108] Single-pass CSV load complete: 5000000 rows, 19 columns.
I0000 00:00:1789068539.271158   76029 train_oblique_forest.cc:1229] -1 (automatic) threads requested. 48 threads set.
I0000 00:00:1789068539.271168   76029 train_oblique_forest.cc:1304] Configuring oblique splits
I0000 00:00:1789068539.271169   76029 train_oblique_forest.cc:1313] dynamic_split_threshold = 7100 (from flag)
I0000 00:00:1789068539.271172   76029 train_oblique_forest.cc:1398] Using Dynamic Random Histogram with 64 samples
I0000 00:00:1789068539.271181   76029 train_oblique_forest.cc:1428] train_oblique_forest wall-time - Loading/Init (pre-train): 0.327626s
I0000 00:00:1789068539.271240   76029 abstract_learner.cc:171] No input feature explicitly specified. Using all the available input features.
I0000 00:00:1789068539.271242   76029 abstract_learner.cc:185] The label "class" was removed from the input feature set.
I0000 00:00:1789068539.271253   76029 random_forest.cc:534] Training random forest on 5000000 example(s) and 18 feature(s).
I0000 00:00:1789068539.271265   76029 gpu.cc:93] Cannot initialize GPU: Not compiled with GPU support
I0000 00:00:1789068539.271838   76029 random_forest.cc:663] num_threads being used: 48
I0000 00:00:1789068564.001081   76161 random_forest.cc:881] Train tree 1/240  [index:27 total:24.73s tree:24.73s]
I0000 00:00:1789068588.766964   76160 random_forest.cc:881] Train tree 49/240  [index:50 total:49.50s tree:24.67s]
I0000 00:00:1789068614.861604   76178 random_forest.cc:881] Train tree 97/240  [index:106 total:1m15.59s tree:25.07s]
I0000 00:00:1789068639.944899   76149 random_forest.cc:881] Train tree 145/240  [index:146 total:1m40.67s tree:25.00s]
I0000 00:00:1789068665.478669   76178 random_forest.cc:881] Train tree 193/240  [index:193 total:2m6.21s tree:25.44s]
I0000 00:00:1789068669.868933   76029 random_forest.cc:899] random_forest.cc Training block took: 130.598 s
W0000 00:00:1789068669.868977   76029 random_forest.cc:1216] EXITING EARLY TO SPEED UP EXPERIMENTS!
RESULT dataset=SUSY_with_header threshold=7100 median=130.598s stddev=N/As n=1
./bazel-bin/examples/train_oblique_forest --input_mode csv --train_csv "benchmarks/data/epsilon_normalized_train.csv" --label_col "label" --num_trees=240 --dynamic_split_threshold=7100 --feature_split_type Oblique --numerical_split_type "Dynamic Random Histogram" --histogram_num_bins 64
----- Run 1/1 -----
WARNING: All log messages before absl::InitializeLog() is called are written to STDERR
I0000 00:00:1789068672.516898   76730 train_oblique_forest.cc:1101] Loading CSV in a single pass: benchmarks/data/epsilon_normalized_train.csv
I0000 00:00:1789068674.264566   76730 train_oblique_forest.cc:1108] Single-pass CSV load complete: 400000 rows, 2001 columns.
I0000 00:00:1789068674.264636   76730 train_oblique_forest.cc:1229] -1 (automatic) threads requested. 48 threads set.
I0000 00:00:1789068674.264645   76730 train_oblique_forest.cc:1304] Configuring oblique splits
I0000 00:00:1789068674.264647   76730 train_oblique_forest.cc:1313] dynamic_split_threshold = 7100 (from flag)
I0000 00:00:1789068674.264649   76730 train_oblique_forest.cc:1398] Using Dynamic Random Histogram with 64 samples
I0000 00:00:1789068674.264658   76730 train_oblique_forest.cc:1428] train_oblique_forest wall-time - Loading/Init (pre-train): 1.74779s
I0000 00:00:1789068674.264824   76730 abstract_learner.cc:171] No input feature explicitly specified. Using all the available input features.
I0000 00:00:1789068674.264830   76730 abstract_learner.cc:185] The label "label" was removed from the input feature set.
I0000 00:00:1789068674.265179   76730 random_forest.cc:534] Training random forest on 400000 example(s) and 2000 feature(s).
I0000 00:00:1789068674.265246   76730 gpu.cc:93] Cannot initialize GPU: Not compiled with GPU support
I0000 00:00:1789068674.265977   76730 random_forest.cc:663] num_threads being used: 48
I0000 00:00:1789068685.940977   76908 random_forest.cc:881] Train tree 1/240  [index:31 total:11.67s tree:11.67s]
I0000 00:00:1789068709.317381   76928 random_forest.cc:881] Train tree 97/240  [index:96 total:35.05s tree:11.72s]
I0000 00:00:1789068732.798587   76926 random_forest.cc:881] Train tree 193/240  [index:193 total:58.53s tree:11.77s]
I0000 00:00:1789068733.948353   76730 random_forest.cc:899] random_forest.cc Training block took: 59.6837 s
W0000 00:00:1789068733.948393   76730 random_forest.cc:1216] EXITING EARLY TO SPEED UP EXPERIMENTS!
RESULT dataset=epsilon_normalized_train threshold=7100 median=59.6837s stddev=N/As n=1
./bazel-bin/examples/train_oblique_forest --input_mode trunk --rows 1500000 --cols 4096 --num_trees=240 --dynamic_split_threshold=7100 --feature_split_type Oblique --numerical_split_type "Dynamic Random Histogram" --histogram_num_bins 64
----- Run 1/1 -----
WARNING: All log messages before absl::InitializeLog() is called are written to STDERR
I0000 00:00:1789068734.230679   77180 train_oblique_forest.cc:1133] Generating trunk synthetic dataset: rows=1500000, cols=4096, layout=column
I0000 00:00:1789068735.613326   77180 train_oblique_forest.cc:1229] -1 (automatic) threads requested. 48 threads set.
I0000 00:00:1789068735.613359   77180 train_oblique_forest.cc:1304] Configuring oblique splits
I0000 00:00:1789068735.613363   77180 train_oblique_forest.cc:1313] dynamic_split_threshold = 7100 (from flag)
I0000 00:00:1789068735.613367   77180 train_oblique_forest.cc:1398] Using Dynamic Random Histogram with 64 samples
I0000 00:00:1789068735.613376   77180 train_oblique_forest.cc:1428] train_oblique_forest wall-time - Loading/Init (pre-train): 1.38272s
I0000 00:00:1789068735.613675   77180 abstract_learner.cc:171] No input feature explicitly specified. Using all the available input features.
I0000 00:00:1789068735.613680   77180 abstract_learner.cc:185] The label "y" was removed from the input feature set.
I0000 00:00:1789068735.614272   77180 random_forest.cc:534] Training random forest on 1500000 example(s) and 4096 feature(s).
I0000 00:00:1789068735.614392   77180 gpu.cc:93] Cannot initialize GPU: Not compiled with GPU support
I0000 00:00:1789068735.615241   77180 random_forest.cc:663] num_threads being used: 48
I0000 00:00:1789068800.316432   77257 random_forest.cc:881] Train tree 1/240  [index:30 total:1m4.70s tree:1m4.70s]
I0000 00:00:1789068865.504411   77270 random_forest.cc:881] Train tree 49/240  [index:70 total:2m9.89s tree:1m3.28s]
I0000 00:00:1789068932.756735   77249 random_forest.cc:881] Train tree 97/240  [index:99 total:3m17.14s tree:1m5.41s]
I0000 00:00:1789068998.531682   77249 random_forest.cc:881] Train tree 145/240  [index:144 total:4m22.92s tree:1m5.77s]
I0000 00:00:1789069065.526082   77249 random_forest.cc:881] Train tree 193/240  [index:192 total:5m29.91s tree:1m6.99s]
I0000 00:00:1789069071.163871   77180 random_forest.cc:899] random_forest.cc Training block took: 335.55 s
W0000 00:00:1789069071.163911   77180 random_forest.cc:1216] EXITING EARLY TO SPEED UP EXPERIMENTS!
RESULT dataset=trunk_1500000_x_4096 threshold=7100 median=335.55s stddev=N/As n=1
./bazel-bin/examples/train_oblique_forest --input_mode trunk --rows 150000 --cols 40000 --num_trees=240 --dynamic_split_threshold=7100 --feature_split_type Oblique --numerical_split_type "Dynamic Random Histogram" --histogram_num_bins 64
----- Run 1/1 -----
WARNING: All log messages before absl::InitializeLog() is called are written to STDERR
I0000 00:00:1789069072.234889   78605 train_oblique_forest.cc:1133] Generating trunk synthetic dataset: rows=150000, cols=40000, layout=column
I0000 00:00:1789069073.568794   78605 train_oblique_forest.cc:1229] -1 (automatic) threads requested. 48 threads set.
I0000 00:00:1789069073.568829   78605 train_oblique_forest.cc:1304] Configuring oblique splits
I0000 00:00:1789069073.568831   78605 train_oblique_forest.cc:1313] dynamic_split_threshold = 7100 (from flag)
I0000 00:00:1789069073.568834   78605 train_oblique_forest.cc:1398] Using Dynamic Random Histogram with 64 samples
I0000 00:00:1789069073.568844   78605 train_oblique_forest.cc:1428] train_oblique_forest wall-time - Loading/Init (pre-train): 1.33398s
I0000 00:00:1789069073.571202   78605 abstract_learner.cc:171] No input feature explicitly specified. Using all the available input features.
I0000 00:00:1789069073.571234   78605 abstract_learner.cc:185] The label "y" was removed from the input feature set.
I0000 00:00:1789069073.577442   78605 random_forest.cc:534] Training random forest on 150000 example(s) and 40000 feature(s).
I0000 00:00:1789069073.578518   78605 gpu.cc:93] Cannot initialize GPU: Not compiled with GPU support
I0000 00:00:1789069073.581552   78605 random_forest.cc:663] num_threads being used: 48
I0000 00:00:1789069091.244967   78677 random_forest.cc:881] Train tree 1/240  [index:25 total:17.66s tree:17.66s]
I0000 00:00:1789069111.262391   78679 random_forest.cc:881] Train tree 82/240  [index:93 total:37.68s tree:18.22s]
I0000 00:00:1789069132.124742   78695 random_forest.cc:881] Train tree 144/240  [index:143 total:58.54s tree:19.69s]
I0000 00:00:1789069164.962714   78680 random_forest.cc:881] Train tree 193/240  [index:195 total:1m31.38s tree:17.99s]
I0000 00:00:1789069169.215349   78605 random_forest.cc:899] random_forest.cc Training block took: 95.6465 s
W0000 00:00:1789069169.215390   78605 random_forest.cc:1216] EXITING EARLY TO SPEED UP EXPERIMENTS!
RESULT dataset=trunk_150000_x_40000 threshold=7100 median=95.6465s stddev=N/As n=1
./bazel-bin/examples/train_oblique_forest --input_mode trunk --rows 15000 --cols 400000 --num_trees=240 --dynamic_split_threshold=7100 --feature_split_type Oblique --numerical_split_type "Dynamic Random Histogram" --histogram_num_bins 64
----- Run 1/1 -----
WARNING: All log messages before absl::InitializeLog() is called are written to STDERR
I0000 00:00:1789069169.863867   79095 train_oblique_forest.cc:1133] Generating trunk synthetic dataset: rows=15000, cols=400000, layout=column
I0000 00:00:1789069171.319738   79095 train_oblique_forest.cc:1229] -1 (automatic) threads requested. 48 threads set.
I0000 00:00:1789069171.319771   79095 train_oblique_forest.cc:1304] Configuring oblique splits
I0000 00:00:1789069171.319773   79095 train_oblique_forest.cc:1313] dynamic_split_threshold = 7100 (from flag)
I0000 00:00:1789069171.319777   79095 train_oblique_forest.cc:1398] Using Dynamic Random Histogram with 64 samples
I0000 00:00:1789069171.319786   79095 train_oblique_forest.cc:1428] train_oblique_forest wall-time - Loading/Init (pre-train): 1.45595s
I0000 00:00:1789069171.342666   79095 abstract_learner.cc:171] No input feature explicitly specified. Using all the available input features.
I0000 00:00:1789069171.342932   79095 abstract_learner.cc:185] The label "y" was removed from the input feature set.
I0000 00:00:1789069171.407320   79095 random_forest.cc:534] Training random forest on 15000 example(s) and 400000 feature(s).
I0000 00:00:1789069171.417538   79095 gpu.cc:93] Cannot initialize GPU: Not compiled with GPU support
I0000 00:00:1789069171.442349   79095 random_forest.cc:663] num_threads being used: 48
I0000 00:00:1789069176.205748   79199 random_forest.cc:881] Train tree 1/240  [index:28 total:4.76s tree:4.76s]
I0000 00:00:1789069196.215110   79173 random_forest.cc:881] Train tree 197/240  [index:196 total:24.77s tree:5.17s]
I0000 00:00:1789069198.629489   79095 random_forest.cc:899] random_forest.cc Training block took: 27.3097 s
W0000 00:00:1789069198.629528   79095 random_forest.cc:1216] EXITING EARLY TO SPEED UP EXPERIMENTS!
RESULT dataset=trunk_15000_x_400000 threshold=7100 median=27.3097s stddev=N/As n=1


======== Threshold 7600 ========

./bazel-bin/examples/train_oblique_forest --input_mode csv --train_csv "benchmarks/data/HIGGS_with_header.csv" --label_col "class" --num_trees=240 --dynamic_split_threshold=7600 --feature_split_type Oblique --numerical_split_type "Dynamic Random Histogram" --histogram_num_bins 64
----- Run 1/1 -----
WARNING: All log messages before absl::InitializeLog() is called are written to STDERR
I0000 00:00:1789069199.261008   79328 train_oblique_forest.cc:1101] Loading CSV in a single pass: benchmarks/data/HIGGS_with_header.csv
I0000 00:00:1789069200.184572   79328 train_oblique_forest.cc:1108] Single-pass CSV load complete: 11000000 rows, 29 columns.
I0000 00:00:1789069200.184637   79328 train_oblique_forest.cc:1229] -1 (automatic) threads requested. 48 threads set.
I0000 00:00:1789069200.184647   79328 train_oblique_forest.cc:1304] Configuring oblique splits
I0000 00:00:1789069200.184649   79328 train_oblique_forest.cc:1313] dynamic_split_threshold = 7600 (from flag)
I0000 00:00:1789069200.184651   79328 train_oblique_forest.cc:1398] Using Dynamic Random Histogram with 64 samples
I0000 00:00:1789069200.184660   79328 train_oblique_forest.cc:1428] train_oblique_forest wall-time - Loading/Init (pre-train): 0.923678s
I0000 00:00:1789069200.184717   79328 abstract_learner.cc:171] No input feature explicitly specified. Using all the available input features.
I0000 00:00:1789069200.184719   79328 abstract_learner.cc:185] The label "class" was removed from the input feature set.
I0000 00:00:1789069200.184732   79328 random_forest.cc:534] Training random forest on 11000000 example(s) and 28 feature(s).
I0000 00:00:1789069200.184743   79328 gpu.cc:93] Cannot initialize GPU: Not compiled with GPU support
I0000 00:00:1789069200.185321   79328 random_forest.cc:663] num_threads being used: 48
I0000 00:00:1789069271.611125   79469 random_forest.cc:881] Train tree 1/240  [index:12 total:1m11.43s tree:1m11.42s]
I0000 00:00:1789069343.251858   79497 random_forest.cc:881] Train tree 49/240  [index:54 total:2m23.07s tree:1m11.09s]
I0000 00:00:1789069414.874482   79469 random_forest.cc:881] Train tree 97/240  [index:98 total:3m34.69s tree:1m11.27s]
I0000 00:00:1789069486.702561   79497 random_forest.cc:881] Train tree 145/240  [index:145 total:4m46.52s tree:1m11.72s]
I0000 00:00:1789069560.050431   79497 random_forest.cc:881] Train tree 193/240  [index:192 total:5m59.87s tree:1m13.35s]
I0000 00:00:1789069572.074712   79328 random_forest.cc:899] random_forest.cc Training block took: 371.89 s
W0000 00:00:1789069572.074750   79328 random_forest.cc:1216] EXITING EARLY TO SPEED UP EXPERIMENTS!
RESULT dataset=HIGGS_with_header threshold=7600 median=371.89s stddev=N/As n=1
./bazel-bin/examples/train_oblique_forest --input_mode csv --train_csv "benchmarks/data/SUSY_with_header.csv" --label_col "class" --num_trees=240 --dynamic_split_threshold=7600 --feature_split_type Oblique --numerical_split_type "Dynamic Random Histogram" --histogram_num_bins 64
----- Run 1/1 -----
WARNING: All log messages before absl::InitializeLog() is called are written to STDERR
I0000 00:00:1789069578.409291   80995 train_oblique_forest.cc:1101] Loading CSV in a single pass: benchmarks/data/SUSY_with_header.csv
I0000 00:00:1789069578.735783   80995 train_oblique_forest.cc:1108] Single-pass CSV load complete: 5000000 rows, 19 columns.
I0000 00:00:1789069578.735857   80995 train_oblique_forest.cc:1229] -1 (automatic) threads requested. 48 threads set.
I0000 00:00:1789069578.735866   80995 train_oblique_forest.cc:1304] Configuring oblique splits
I0000 00:00:1789069578.735868   80995 train_oblique_forest.cc:1313] dynamic_split_threshold = 7600 (from flag)
I0000 00:00:1789069578.735870   80995 train_oblique_forest.cc:1398] Using Dynamic Random Histogram with 64 samples
I0000 00:00:1789069578.735880   80995 train_oblique_forest.cc:1428] train_oblique_forest wall-time - Loading/Init (pre-train): 0.326615s
I0000 00:00:1789069578.735942   80995 abstract_learner.cc:171] No input feature explicitly specified. Using all the available input features.
I0000 00:00:1789069578.735944   80995 abstract_learner.cc:185] The label "class" was removed from the input feature set.
I0000 00:00:1789069578.735954   80995 random_forest.cc:534] Training random forest on 5000000 example(s) and 18 feature(s).
I0000 00:00:1789069578.735966   80995 gpu.cc:93] Cannot initialize GPU: Not compiled with GPU support
I0000 00:00:1789069578.736543   80995 random_forest.cc:663] num_threads being used: 48
I0000 00:00:1789069603.243343   81111 random_forest.cc:881] Train tree 1/240  [index:2 total:24.51s tree:24.50s]
I0000 00:00:1789069628.282715   81111 random_forest.cc:881] Train tree 49/240  [index:48 total:49.55s tree:25.04s]
I0000 00:00:1789069653.385267   81132 random_forest.cc:881] Train tree 97/240  [index:98 total:1m14.65s tree:24.59s]
I0000 00:00:1789069678.703492   81154 random_forest.cc:881] Train tree 145/240  [index:145 total:1m39.97s tree:25.30s]
I0000 00:00:1789069704.267277   81154 random_forest.cc:881] Train tree 193/240  [index:192 total:2m5.53s tree:25.56s]
I0000 00:00:1789069707.806846   80995 random_forest.cc:899] random_forest.cc Training block took: 129.071 s
W0000 00:00:1789069707.806881   80995 random_forest.cc:1216] EXITING EARLY TO SPEED UP EXPERIMENTS!
RESULT dataset=SUSY_with_header threshold=7600 median=129.071s stddev=N/As n=1
./bazel-bin/examples/train_oblique_forest --input_mode csv --train_csv "benchmarks/data/epsilon_normalized_train.csv" --label_col "label" --num_trees=240 --dynamic_split_threshold=7600 --feature_split_type Oblique --numerical_split_type "Dynamic Random Histogram" --histogram_num_bins 64
----- Run 1/1 -----
WARNING: All log messages before absl::InitializeLog() is called are written to STDERR
I0000 00:00:1789069710.441965   81683 train_oblique_forest.cc:1101] Loading CSV in a single pass: benchmarks/data/epsilon_normalized_train.csv
I0000 00:00:1789069712.193765   81683 train_oblique_forest.cc:1108] Single-pass CSV load complete: 400000 rows, 2001 columns.
I0000 00:00:1789069712.193838   81683 train_oblique_forest.cc:1229] -1 (automatic) threads requested. 48 threads set.
I0000 00:00:1789069712.193847   81683 train_oblique_forest.cc:1304] Configuring oblique splits
I0000 00:00:1789069712.193849   81683 train_oblique_forest.cc:1313] dynamic_split_threshold = 7600 (from flag)
I0000 00:00:1789069712.193851   81683 train_oblique_forest.cc:1398] Using Dynamic Random Histogram with 64 samples
I0000 00:00:1789069712.193860   81683 train_oblique_forest.cc:1428] train_oblique_forest wall-time - Loading/Init (pre-train): 1.75192s
I0000 00:00:1789069712.194030   81683 abstract_learner.cc:171] No input feature explicitly specified. Using all the available input features.
I0000 00:00:1789069712.194036   81683 abstract_learner.cc:185] The label "label" was removed from the input feature set.
I0000 00:00:1789069712.194374   81683 random_forest.cc:534] Training random forest on 400000 example(s) and 2000 feature(s).
I0000 00:00:1789069712.194438   81683 gpu.cc:93] Cannot initialize GPU: Not compiled with GPU support
I0000 00:00:1789069712.195171   81683 random_forest.cc:663] num_threads being used: 48
I0000 00:00:1789069723.803413   81883 random_forest.cc:881] Train tree 1/240  [index:7 total:11.61s tree:11.60s]
I0000 00:00:1789069747.194325   81860 random_forest.cc:881] Train tree 97/240  [index:97 total:35.00s tree:11.68s]
I0000 00:00:1789069770.592365   81839 random_forest.cc:881] Train tree 193/240  [index:192 total:58.40s tree:11.66s]
I0000 00:00:1789069772.246816   81683 random_forest.cc:899] random_forest.cc Training block took: 60.0529 s
W0000 00:00:1789069772.246865   81683 random_forest.cc:1216] EXITING EARLY TO SPEED UP EXPERIMENTS!
RESULT dataset=epsilon_normalized_train threshold=7600 median=60.0529s stddev=N/As n=1
./bazel-bin/examples/train_oblique_forest --input_mode trunk --rows 1500000 --cols 4096 --num_trees=240 --dynamic_split_threshold=7600 --feature_split_type Oblique --numerical_split_type "Dynamic Random Histogram" --histogram_num_bins 64
----- Run 1/1 -----
WARNING: All log messages before absl::InitializeLog() is called are written to STDERR
I0000 00:00:1789069772.530765   82133 train_oblique_forest.cc:1133] Generating trunk synthetic dataset: rows=1500000, cols=4096, layout=column
I0000 00:00:1789069773.926919   82133 train_oblique_forest.cc:1229] -1 (automatic) threads requested. 48 threads set.
I0000 00:00:1789069773.926953   82133 train_oblique_forest.cc:1304] Configuring oblique splits
I0000 00:00:1789069773.926955   82133 train_oblique_forest.cc:1313] dynamic_split_threshold = 7600 (from flag)
I0000 00:00:1789069773.926958   82133 train_oblique_forest.cc:1398] Using Dynamic Random Histogram with 64 samples
I0000 00:00:1789069773.926968   82133 train_oblique_forest.cc:1428] train_oblique_forest wall-time - Loading/Init (pre-train): 1.39623s
I0000 00:00:1789069773.927274   82133 abstract_learner.cc:171] No input feature explicitly specified. Using all the available input features.
I0000 00:00:1789069773.927279   82133 abstract_learner.cc:185] The label "y" was removed from the input feature set.
I0000 00:00:1789069773.927884   82133 random_forest.cc:534] Training random forest on 1500000 example(s) and 4096 feature(s).
I0000 00:00:1789069773.928008   82133 gpu.cc:93] Cannot initialize GPU: Not compiled with GPU support
I0000 00:00:1789069773.928876   82133 random_forest.cc:663] num_threads being used: 48
I0000 00:00:1789069838.075977   82207 random_forest.cc:881] Train tree 1/240  [index:30 total:1m4.15s tree:1m4.14s]
I0000 00:00:1789069903.783398   82230 random_forest.cc:881] Train tree 49/240  [index:49 total:2m9.85s tree:1m5.03s]
I0000 00:00:1789069970.245607   82211 random_forest.cc:881] Train tree 97/240  [index:98 total:3m16.32s tree:1m5.74s]
I0000 00:00:1789070037.559360   82205 random_forest.cc:881] Train tree 145/240  [index:182 total:4m23.63s tree:1m2.97s]
I0000 00:00:1789070103.798590   82226 random_forest.cc:881] Train tree 193/240  [index:199 total:5m29.87s tree:1m5.61s]
I0000 00:00:1789070111.678792   82133 random_forest.cc:899] random_forest.cc Training block took: 337.752 s
W0000 00:00:1789070111.678837   82133 random_forest.cc:1216] EXITING EARLY TO SPEED UP EXPERIMENTS!
RESULT dataset=trunk_1500000_x_4096 threshold=7600 median=337.752s stddev=N/As n=1
./bazel-bin/examples/train_oblique_forest --input_mode trunk --rows 150000 --cols 40000 --num_trees=240 --dynamic_split_threshold=7600 --feature_split_type Oblique --numerical_split_type "Dynamic Random Histogram" --histogram_num_bins 64
----- Run 1/1 -----
WARNING: All log messages before absl::InitializeLog() is called are written to STDERR
I0000 00:00:1789070112.747430   83570 train_oblique_forest.cc:1133] Generating trunk synthetic dataset: rows=150000, cols=40000, layout=column
I0000 00:00:1789070114.027815   83570 train_oblique_forest.cc:1229] -1 (automatic) threads requested. 48 threads set.
I0000 00:00:1789070114.027849   83570 train_oblique_forest.cc:1304] Configuring oblique splits
I0000 00:00:1789070114.027852   83570 train_oblique_forest.cc:1313] dynamic_split_threshold = 7600 (from flag)
I0000 00:00:1789070114.027856   83570 train_oblique_forest.cc:1398] Using Dynamic Random Histogram with 64 samples
I0000 00:00:1789070114.027867   83570 train_oblique_forest.cc:1428] train_oblique_forest wall-time - Loading/Init (pre-train): 1.28046s
I0000 00:00:1789070114.030619   83570 abstract_learner.cc:171] No input feature explicitly specified. Using all the available input features.
I0000 00:00:1789070114.030653   83570 abstract_learner.cc:185] The label "y" was removed from the input feature set.
I0000 00:00:1789070114.037664   83570 random_forest.cc:534] Training random forest on 150000 example(s) and 40000 feature(s).
I0000 00:00:1789070114.038917   83570 gpu.cc:93] Cannot initialize GPU: Not compiled with GPU support
I0000 00:00:1789070114.042323   83570 random_forest.cc:663] num_threads being used: 48
I0000 00:00:1789070131.802894   83664 random_forest.cc:881] Train tree 1/240  [index:46 total:17.76s tree:17.76s]
I0000 00:00:1789070151.810678   83661 random_forest.cc:881] Train tree 89/240  [index:93 total:37.77s tree:18.40s]
I0000 00:00:1789070172.195243   83656 random_forest.cc:881] Train tree 144/240  [index:143 total:58.15s tree:19.39s]
I0000 00:00:1789070205.422887   83625 random_forest.cc:881] Train tree 193/240  [index:192 total:1m31.38s tree:18.40s]
I0000 00:00:1789070208.514394   83570 random_forest.cc:899] random_forest.cc Training block took: 94.4865 s
W0000 00:00:1789070208.514433   83570 random_forest.cc:1216] EXITING EARLY TO SPEED UP EXPERIMENTS!
RESULT dataset=trunk_150000_x_40000 threshold=7600 median=94.4865s stddev=N/As n=1
./bazel-bin/examples/train_oblique_forest --input_mode trunk --rows 15000 --cols 400000 --num_trees=240 --dynamic_split_threshold=7600 --feature_split_type Oblique --numerical_split_type "Dynamic Random Histogram" --histogram_num_bins 64
----- Run 1/1 -----
WARNING: All log messages before absl::InitializeLog() is called are written to STDERR
I0000 00:00:1789070209.171362   84051 train_oblique_forest.cc:1133] Generating trunk synthetic dataset: rows=15000, cols=400000, layout=column
I0000 00:00:1789070210.624963   84051 train_oblique_forest.cc:1229] -1 (automatic) threads requested. 48 threads set.
I0000 00:00:1789070210.624999   84051 train_oblique_forest.cc:1304] Configuring oblique splits
I0000 00:00:1789070210.625001   84051 train_oblique_forest.cc:1313] dynamic_split_threshold = 7600 (from flag)
I0000 00:00:1789070210.625005   84051 train_oblique_forest.cc:1398] Using Dynamic Random Histogram with 64 samples
I0000 00:00:1789070210.625014   84051 train_oblique_forest.cc:1428] train_oblique_forest wall-time - Loading/Init (pre-train): 1.45368s
I0000 00:00:1789070210.648027   84051 abstract_learner.cc:171] No input feature explicitly specified. Using all the available input features.
I0000 00:00:1789070210.648294   84051 abstract_learner.cc:185] The label "y" was removed from the input feature set.
I0000 00:00:1789070210.711767   84051 random_forest.cc:534] Training random forest on 15000 example(s) and 400000 feature(s).
I0000 00:00:1789070210.722148   84051 gpu.cc:93] Cannot initialize GPU: Not compiled with GPU support
I0000 00:00:1789070210.746549   84051 random_forest.cc:663] num_threads being used: 48
I0000 00:00:1789070215.502056   84124 random_forest.cc:881] Train tree 1/240  [index:28 total:4.76s tree:4.75s]
I0000 00:00:1789070235.508891   84129 random_forest.cc:881] Train tree 199/240  [index:204 total:24.76s tree:4.84s]
I0000 00:00:1789070237.839666   84051 random_forest.cc:899] random_forest.cc Training block took: 27.2146 s
W0000 00:00:1789070237.839700   84051 random_forest.cc:1216] EXITING EARLY TO SPEED UP EXPERIMENTS!
RESULT dataset=trunk_15000_x_400000 threshold=7600 median=27.2146s stddev=N/As n=1


======== Threshold 8100 ========

./bazel-bin/examples/train_oblique_forest --input_mode csv --train_csv "benchmarks/data/HIGGS_with_header.csv" --label_col "class" --num_trees=240 --dynamic_split_threshold=8100 --feature_split_type Oblique --numerical_split_type "Dynamic Random Histogram" --histogram_num_bins 64
----- Run 1/1 -----
WARNING: All log messages before absl::InitializeLog() is called are written to STDERR
I0000 00:00:1789070238.472283   84284 train_oblique_forest.cc:1101] Loading CSV in a single pass: benchmarks/data/HIGGS_with_header.csv
I0000 00:00:1789070239.403262   84284 train_oblique_forest.cc:1108] Single-pass CSV load complete: 11000000 rows, 29 columns.
I0000 00:00:1789070239.403343   84284 train_oblique_forest.cc:1229] -1 (automatic) threads requested. 48 threads set.
I0000 00:00:1789070239.403353   84284 train_oblique_forest.cc:1304] Configuring oblique splits
I0000 00:00:1789070239.403355   84284 train_oblique_forest.cc:1313] dynamic_split_threshold = 8100 (from flag)
I0000 00:00:1789070239.403357   84284 train_oblique_forest.cc:1398] Using Dynamic Random Histogram with 64 samples
I0000 00:00:1789070239.403366   84284 train_oblique_forest.cc:1428] train_oblique_forest wall-time - Loading/Init (pre-train): 0.93111s
I0000 00:00:1789070239.403427   84284 abstract_learner.cc:171] No input feature explicitly specified. Using all the available input features.
I0000 00:00:1789070239.403430   84284 abstract_learner.cc:185] The label "class" was removed from the input feature set.
I0000 00:00:1789070239.403443   84284 random_forest.cc:534] Training random forest on 11000000 example(s) and 28 feature(s).
I0000 00:00:1789070239.403457   84284 gpu.cc:93] Cannot initialize GPU: Not compiled with GPU support
I0000 00:00:1789070239.404048   84284 random_forest.cc:663] num_threads being used: 48
I0000 00:00:1789070310.550911   84438 random_forest.cc:881] Train tree 1/240  [index:45 total:1m11.15s tree:1m11.14s]
I0000 00:00:1789070382.333707   84438 random_forest.cc:881] Train tree 49/240  [index:48 total:2m22.93s tree:1m11.78s]
I0000 00:00:1789070453.714680   84438 random_forest.cc:881] Train tree 97/240  [index:96 total:3m34.31s tree:1m11.38s]
I0000 00:00:1789070525.853880   84438 random_forest.cc:881] Train tree 145/240  [index:144 total:4m46.45s tree:1m12.14s]
I0000 00:00:1789070598.865884   84438 random_forest.cc:881] Train tree 193/240  [index:192 total:5m59.46s tree:1m13.01s]
I0000 00:00:1789070609.873079   84284 random_forest.cc:899] random_forest.cc Training block took: 370.47 s
W0000 00:00:1789070609.873116   84284 random_forest.cc:1216] EXITING EARLY TO SPEED UP EXPERIMENTS!
RESULT dataset=HIGGS_with_header threshold=8100 median=370.47s stddev=N/As n=1
./bazel-bin/examples/train_oblique_forest --input_mode csv --train_csv "benchmarks/data/SUSY_with_header.csv" --label_col "class" --num_trees=240 --dynamic_split_threshold=8100 --feature_split_type Oblique --numerical_split_type "Dynamic Random Histogram" --histogram_num_bins 64
----- Run 1/1 -----
WARNING: All log messages before absl::InitializeLog() is called are written to STDERR
I0000 00:00:1789070616.227127   85934 train_oblique_forest.cc:1101] Loading CSV in a single pass: benchmarks/data/SUSY_with_header.csv
I0000 00:00:1789070616.552671   85934 train_oblique_forest.cc:1108] Single-pass CSV load complete: 5000000 rows, 19 columns.
I0000 00:00:1789070616.552744   85934 train_oblique_forest.cc:1229] -1 (automatic) threads requested. 48 threads set.
I0000 00:00:1789070616.552753   85934 train_oblique_forest.cc:1304] Configuring oblique splits
I0000 00:00:1789070616.552754   85934 train_oblique_forest.cc:1313] dynamic_split_threshold = 8100 (from flag)
I0000 00:00:1789070616.552756   85934 train_oblique_forest.cc:1398] Using Dynamic Random Histogram with 64 samples
I0000 00:00:1789070616.552765   85934 train_oblique_forest.cc:1428] train_oblique_forest wall-time - Loading/Init (pre-train): 0.325663s
I0000 00:00:1789070616.552825   85934 abstract_learner.cc:171] No input feature explicitly specified. Using all the available input features.
I0000 00:00:1789070616.552827   85934 abstract_learner.cc:185] The label "class" was removed from the input feature set.
I0000 00:00:1789070616.552837   85934 random_forest.cc:534] Training random forest on 5000000 example(s) and 18 feature(s).
I0000 00:00:1789070616.552848   85934 gpu.cc:93] Cannot initialize GPU: Not compiled with GPU support
I0000 00:00:1789070616.553427   85934 random_forest.cc:663] num_threads being used: 48
I0000 00:00:1789070641.415750   86057 random_forest.cc:881] Train tree 1/240  [index:11 total:24.86s tree:24.86s]
I0000 00:00:1789070666.322703   86052 random_forest.cc:881] Train tree 49/240  [index:52 total:49.77s tree:24.77s]
I0000 00:00:1789070691.628196   86051 random_forest.cc:881] Train tree 97/240  [index:97 total:1m15.07s tree:25.10s]
I0000 00:00:1789070716.586815   86077 random_forest.cc:881] Train tree 145/240  [index:146 total:1m40.03s tree:24.64s]
I0000 00:00:1789070742.418578   86067 random_forest.cc:881] Train tree 193/240  [index:200 total:2m5.87s tree:24.53s]
I0000 00:00:1789070746.076849   85934 random_forest.cc:899] random_forest.cc Training block took: 129.524 s
W0000 00:00:1789070746.076884   85934 random_forest.cc:1216] EXITING EARLY TO SPEED UP EXPERIMENTS!
RESULT dataset=SUSY_with_header threshold=8100 median=129.524s stddev=N/As n=1
./bazel-bin/examples/train_oblique_forest --input_mode csv --train_csv "benchmarks/data/epsilon_normalized_train.csv" --label_col "label" --num_trees=240 --dynamic_split_threshold=8100 --feature_split_type Oblique --numerical_split_type "Dynamic Random Histogram" --histogram_num_bins 64
----- Run 1/1 -----
WARNING: All log messages before absl::InitializeLog() is called are written to STDERR
I0000 00:00:1789070748.753430   86635 train_oblique_forest.cc:1101] Loading CSV in a single pass: benchmarks/data/epsilon_normalized_train.csv
I0000 00:00:1789070750.464718   86635 train_oblique_forest.cc:1108] Single-pass CSV load complete: 400000 rows, 2001 columns.
I0000 00:00:1789070750.464784   86635 train_oblique_forest.cc:1229] -1 (automatic) threads requested. 48 threads set.
I0000 00:00:1789070750.464793   86635 train_oblique_forest.cc:1304] Configuring oblique splits
I0000 00:00:1789070750.464795   86635 train_oblique_forest.cc:1313] dynamic_split_threshold = 8100 (from flag)
I0000 00:00:1789070750.464797   86635 train_oblique_forest.cc:1398] Using Dynamic Random Histogram with 64 samples
I0000 00:00:1789070750.464806   86635 train_oblique_forest.cc:1428] train_oblique_forest wall-time - Loading/Init (pre-train): 1.7114s
I0000 00:00:1789070750.464971   86635 abstract_learner.cc:171] No input feature explicitly specified. Using all the available input features.
I0000 00:00:1789070750.464978   86635 abstract_learner.cc:185] The label "label" was removed from the input feature set.
I0000 00:00:1789070750.465318   86635 random_forest.cc:534] Training random forest on 400000 example(s) and 2000 feature(s).
I0000 00:00:1789070750.465382   86635 gpu.cc:93] Cannot initialize GPU: Not compiled with GPU support
I0000 00:00:1789070750.466111   86635 random_forest.cc:663] num_threads being used: 48
I0000 00:00:1789070762.016225   86789 random_forest.cc:881] Train tree 1/240  [index:12 total:11.55s tree:11.55s]
I0000 00:00:1789070785.450482   86785 random_forest.cc:881] Train tree 97/240  [index:97 total:34.98s tree:11.68s]
I0000 00:00:1789070808.813237   86785 random_forest.cc:881] Train tree 193/240  [index:194 total:58.35s tree:11.59s]
I0000 00:00:1789070810.428911   86635 random_forest.cc:899] random_forest.cc Training block took: 59.9641 s
W0000 00:00:1789070810.428962   86635 random_forest.cc:1216] EXITING EARLY TO SPEED UP EXPERIMENTS!
RESULT dataset=epsilon_normalized_train threshold=8100 median=59.9641s stddev=N/As n=1
./bazel-bin/examples/train_oblique_forest --input_mode trunk --rows 1500000 --cols 4096 --num_trees=240 --dynamic_split_threshold=8100 --feature_split_type Oblique --numerical_split_type "Dynamic Random Histogram" --histogram_num_bins 64
----- Run 1/1 -----
WARNING: All log messages before absl::InitializeLog() is called are written to STDERR
I0000 00:00:1789070810.712771   87083 train_oblique_forest.cc:1133] Generating trunk synthetic dataset: rows=1500000, cols=4096, layout=column
I0000 00:00:1789070812.055545   87083 train_oblique_forest.cc:1229] -1 (automatic) threads requested. 48 threads set.
I0000 00:00:1789070812.055583   87083 train_oblique_forest.cc:1304] Configuring oblique splits
I0000 00:00:1789070812.055585   87083 train_oblique_forest.cc:1313] dynamic_split_threshold = 8100 (from flag)
I0000 00:00:1789070812.055589   87083 train_oblique_forest.cc:1398] Using Dynamic Random Histogram with 64 samples
I0000 00:00:1789070812.055599   87083 train_oblique_forest.cc:1428] train_oblique_forest wall-time - Loading/Init (pre-train): 1.34285s
I0000 00:00:1789070812.055949   87083 abstract_learner.cc:171] No input feature explicitly specified. Using all the available input features.
I0000 00:00:1789070812.055956   87083 abstract_learner.cc:185] The label "y" was removed from the input feature set.
I0000 00:00:1789070812.056657   87083 random_forest.cc:534] Training random forest on 1500000 example(s) and 4096 feature(s).
I0000 00:00:1789070812.056797   87083 gpu.cc:93] Cannot initialize GPU: Not compiled with GPU support
I0000 00:00:1789070812.057757   87083 random_forest.cc:663] num_threads being used: 48
I0000 00:00:1789070876.559114   87146 random_forest.cc:881] Train tree 1/240  [index:30 total:1m4.50s tree:1m4.50s]
I0000 00:00:1789070941.551215   87149 random_forest.cc:881] Train tree 49/240  [index:70 total:2m9.49s tree:1m2.93s]
I0000 00:00:1789071008.843122   87173 random_forest.cc:881] Train tree 97/240  [index:98 total:3m16.79s tree:1m6.15s]
I0000 00:00:1789071075.455168   87149 random_forest.cc:881] Train tree 145/240  [index:145 total:4m23.40s tree:1m6.40s]
I0000 00:00:1789071141.529009   87147 random_forest.cc:881] Train tree 193/240  [index:193 total:5m29.47s tree:1m5.74s]
I0000 00:00:1789071146.476400   87083 random_forest.cc:899] random_forest.cc Training block took: 334.421 s
W0000 00:00:1789071146.476441   87083 random_forest.cc:1216] EXITING EARLY TO SPEED UP EXPERIMENTS!
RESULT dataset=trunk_1500000_x_4096 threshold=8100 median=334.421s stddev=N/As n=1
./bazel-bin/examples/train_oblique_forest --input_mode trunk --rows 150000 --cols 40000 --num_trees=240 --dynamic_split_threshold=8100 --feature_split_type Oblique --numerical_split_type "Dynamic Random Histogram" --histogram_num_bins 64
----- Run 1/1 -----
WARNING: All log messages before absl::InitializeLog() is called are written to STDERR
I0000 00:00:1789071147.550499   88491 train_oblique_forest.cc:1133] Generating trunk synthetic dataset: rows=150000, cols=40000, layout=column
I0000 00:00:1789071148.903020   88491 train_oblique_forest.cc:1229] -1 (automatic) threads requested. 48 threads set.
I0000 00:00:1789071148.903053   88491 train_oblique_forest.cc:1304] Configuring oblique splits
I0000 00:00:1789071148.903055   88491 train_oblique_forest.cc:1313] dynamic_split_threshold = 8100 (from flag)
I0000 00:00:1789071148.903058   88491 train_oblique_forest.cc:1398] Using Dynamic Random Histogram with 64 samples
I0000 00:00:1789071148.903068   88491 train_oblique_forest.cc:1428] train_oblique_forest wall-time - Loading/Init (pre-train): 1.3526s
I0000 00:00:1789071148.905408   88491 abstract_learner.cc:171] No input feature explicitly specified. Using all the available input features.
I0000 00:00:1789071148.905440   88491 abstract_learner.cc:185] The label "y" was removed from the input feature set.
I0000 00:00:1789071148.911616   88491 random_forest.cc:534] Training random forest on 150000 example(s) and 40000 feature(s).
I0000 00:00:1789071148.912687   88491 gpu.cc:93] Cannot initialize GPU: Not compiled with GPU support
I0000 00:00:1789071148.915542   88491 random_forest.cc:663] num_threads being used: 48
I0000 00:00:1789071166.374526   88570 random_forest.cc:881] Train tree 1/240  [index:26 total:17.46s tree:17.46s]
I0000 00:00:1789071186.376154   88589 random_forest.cc:881] Train tree 90/240  [index:88 total:37.46s tree:18.72s]
I0000 00:00:1789071207.229605   88566 random_forest.cc:881] Train tree 144/240  [index:143 total:58.31s tree:19.44s]
I0000 00:00:1789071240.099384   88558 random_forest.cc:881] Train tree 193/240  [index:192 total:1m31.18s tree:18.32s]
I0000 00:00:1789071243.437414   88491 random_forest.cc:899] random_forest.cc Training block took: 94.5343 s
W0000 00:00:1789071243.437451   88491 random_forest.cc:1216] EXITING EARLY TO SPEED UP EXPERIMENTS!
RESULT dataset=trunk_150000_x_40000 threshold=8100 median=94.5343s stddev=N/As n=1
./bazel-bin/examples/train_oblique_forest --input_mode trunk --rows 15000 --cols 400000 --num_trees=240 --dynamic_split_threshold=8100 --feature_split_type Oblique --numerical_split_type "Dynamic Random Histogram" --histogram_num_bins 64
----- Run 1/1 -----
WARNING: All log messages before absl::InitializeLog() is called are written to STDERR
I0000 00:00:1789071244.086531   88987 train_oblique_forest.cc:1133] Generating trunk synthetic dataset: rows=15000, cols=400000, layout=column
I0000 00:00:1789071245.529448   88987 train_oblique_forest.cc:1229] -1 (automatic) threads requested. 48 threads set.
I0000 00:00:1789071245.529480   88987 train_oblique_forest.cc:1304] Configuring oblique splits
I0000 00:00:1789071245.529482   88987 train_oblique_forest.cc:1313] dynamic_split_threshold = 8100 (from flag)
I0000 00:00:1789071245.529486   88987 train_oblique_forest.cc:1398] Using Dynamic Random Histogram with 64 samples
I0000 00:00:1789071245.529496   88987 train_oblique_forest.cc:1428] train_oblique_forest wall-time - Loading/Init (pre-train): 1.44299s
I0000 00:00:1789071245.553202   88987 abstract_learner.cc:171] No input feature explicitly specified. Using all the available input features.
I0000 00:00:1789071245.553468   88987 abstract_learner.cc:185] The label "y" was removed from the input feature set.
I0000 00:00:1789071245.616949   88987 random_forest.cc:534] Training random forest on 15000 example(s) and 400000 feature(s).
I0000 00:00:1789071245.627338   88987 gpu.cc:93] Cannot initialize GPU: Not compiled with GPU support
I0000 00:00:1789071245.652307   88987 random_forest.cc:663] num_threads being used: 48
I0000 00:00:1789071250.264427   89082 random_forest.cc:881] Train tree 1/240  [index:3 total:4.61s tree:4.61s]
I0000 00:00:1789071270.314314   89051 random_forest.cc:881] Train tree 197/240  [index:199 total:24.66s tree:4.88s]
I0000 00:00:1789071272.736564   88987 random_forest.cc:899] random_forest.cc Training block took: 27.207 s
W0000 00:00:1789071272.736602   88987 random_forest.cc:1216] EXITING EARLY TO SPEED UP EXPERIMENTS!
RESULT dataset=trunk_15000_x_400000 threshold=8100 median=27.207s stddev=N/As n=1


======== Threshold 8600 ========

./bazel-bin/examples/train_oblique_forest --input_mode csv --train_csv "benchmarks/data/HIGGS_with_header.csv" --label_col "class" --num_trees=240 --dynamic_split_threshold=8600 --feature_split_type Oblique --numerical_split_type "Dynamic Random Histogram" --histogram_num_bins 64
----- Run 1/1 -----
WARNING: All log messages before absl::InitializeLog() is called are written to STDERR
I0000 00:00:1789071273.372345   89221 train_oblique_forest.cc:1101] Loading CSV in a single pass: benchmarks/data/HIGGS_with_header.csv
I0000 00:00:1789071274.297260   89221 train_oblique_forest.cc:1108] Single-pass CSV load complete: 11000000 rows, 29 columns.
I0000 00:00:1789071274.297333   89221 train_oblique_forest.cc:1229] -1 (automatic) threads requested. 48 threads set.
I0000 00:00:1789071274.297344   89221 train_oblique_forest.cc:1304] Configuring oblique splits
I0000 00:00:1789071274.297346   89221 train_oblique_forest.cc:1313] dynamic_split_threshold = 8600 (from flag)
I0000 00:00:1789071274.297348   89221 train_oblique_forest.cc:1398] Using Dynamic Random Histogram with 64 samples
I0000 00:00:1789071274.297357   89221 train_oblique_forest.cc:1428] train_oblique_forest wall-time - Loading/Init (pre-train): 0.92504s
I0000 00:00:1789071274.297417   89221 abstract_learner.cc:171] No input feature explicitly specified. Using all the available input features.
I0000 00:00:1789071274.297419   89221 abstract_learner.cc:185] The label "class" was removed from the input feature set.
I0000 00:00:1789071274.297432   89221 random_forest.cc:534] Training random forest on 11000000 example(s) and 28 feature(s).
I0000 00:00:1789071274.297443   89221 gpu.cc:93] Cannot initialize GPU: Not compiled with GPU support
I0000 00:00:1789071274.298028   89221 random_forest.cc:663] num_threads being used: 48
I0000 00:00:1789071345.536923   89370 random_forest.cc:881] Train tree 1/240  [index:29 total:1m11.24s tree:1m11.24s]
I0000 00:00:1789071417.824627   89384 random_forest.cc:881] Train tree 49/240  [index:57 total:2m23.53s tree:1m11.28s]
I0000 00:00:1789071488.720305   89393 random_forest.cc:881] Train tree 97/240  [index:99 total:3m34.42s tree:1m10.66s]
I0000 00:00:1789071560.090075   89393 random_forest.cc:881] Train tree 145/240  [index:144 total:4m45.79s tree:1m11.37s]
I0000 00:00:1789071633.363497   89352 random_forest.cc:881] Train tree 193/240  [index:195 total:5m59.07s tree:1m11.19s]
I0000 00:00:1789071643.016236   89221 random_forest.cc:899] random_forest.cc Training block took: 368.719 s
W0000 00:00:1789071643.016270   89221 random_forest.cc:1216] EXITING EARLY TO SPEED UP EXPERIMENTS!
RESULT dataset=HIGGS_with_header threshold=8600 median=368.719s stddev=N/As n=1
./bazel-bin/examples/train_oblique_forest --input_mode csv --train_csv "benchmarks/data/SUSY_with_header.csv" --label_col "class" --num_trees=240 --dynamic_split_threshold=8600 --feature_split_type Oblique --numerical_split_type "Dynamic Random Histogram" --histogram_num_bins 64
----- Run 1/1 -----
WARNING: All log messages before absl::InitializeLog() is called are written to STDERR
I0000 00:00:1789071649.356083   90868 train_oblique_forest.cc:1101] Loading CSV in a single pass: benchmarks/data/SUSY_with_header.csv
I0000 00:00:1789071649.684712   90868 train_oblique_forest.cc:1108] Single-pass CSV load complete: 5000000 rows, 19 columns.
I0000 00:00:1789071649.684785   90868 train_oblique_forest.cc:1229] -1 (automatic) threads requested. 48 threads set.
I0000 00:00:1789071649.684794   90868 train_oblique_forest.cc:1304] Configuring oblique splits
I0000 00:00:1789071649.684795   90868 train_oblique_forest.cc:1313] dynamic_split_threshold = 8600 (from flag)
I0000 00:00:1789071649.684798   90868 train_oblique_forest.cc:1398] Using Dynamic Random Histogram with 64 samples
I0000 00:00:1789071649.684806   90868 train_oblique_forest.cc:1428] train_oblique_forest wall-time - Loading/Init (pre-train): 0.32875s
I0000 00:00:1789071649.684866   90868 abstract_learner.cc:171] No input feature explicitly specified. Using all the available input features.
I0000 00:00:1789071649.684868   90868 abstract_learner.cc:185] The label "class" was removed from the input feature set.
I0000 00:00:1789071649.684879   90868 random_forest.cc:534] Training random forest on 5000000 example(s) and 18 feature(s).
I0000 00:00:1789071649.684890   90868 gpu.cc:93] Cannot initialize GPU: Not compiled with GPU support
I0000 00:00:1789071649.685472   90868 random_forest.cc:663] num_threads being used: 48
I0000 00:00:1789071674.240746   90990 random_forest.cc:881] Train tree 1/240  [index:14 total:24.56s tree:24.55s]
I0000 00:00:1789071698.945372   91026 random_forest.cc:881] Train tree 49/240  [index:52 total:49.26s tree:24.28s]
I0000 00:00:1789071724.843058   91025 random_forest.cc:881] Train tree 97/240  [index:100 total:1m15.16s tree:25.18s]
I0000 00:00:1789071749.258290   91001 random_forest.cc:881] Train tree 145/240  [index:146 total:1m39.57s tree:24.39s]
I0000 00:00:1789071775.457367   91001 random_forest.cc:881] Train tree 193/240  [index:192 total:2m5.77s tree:26.20s]
I0000 00:00:1789071778.861178   90868 random_forest.cc:899] random_forest.cc Training block took: 129.176 s
W0000 00:00:1789071778.861212   90868 random_forest.cc:1216] EXITING EARLY TO SPEED UP EXPERIMENTS!
RESULT dataset=SUSY_with_header threshold=8600 median=129.176s stddev=N/As n=1
./bazel-bin/examples/train_oblique_forest --input_mode csv --train_csv "benchmarks/data/epsilon_normalized_train.csv" --label_col "label" --num_trees=240 --dynamic_split_threshold=8600 --feature_split_type Oblique --numerical_split_type "Dynamic Random Histogram" --histogram_num_bins 64
----- Run 1/1 -----
WARNING: All log messages before absl::InitializeLog() is called are written to STDERR
I0000 00:00:1789071781.556702   91563 train_oblique_forest.cc:1101] Loading CSV in a single pass: benchmarks/data/epsilon_normalized_train.csv
I0000 00:00:1789071783.252432   91563 train_oblique_forest.cc:1108] Single-pass CSV load complete: 400000 rows, 2001 columns.
I0000 00:00:1789071783.252503   91563 train_oblique_forest.cc:1229] -1 (automatic) threads requested. 48 threads set.
I0000 00:00:1789071783.252512   91563 train_oblique_forest.cc:1304] Configuring oblique splits
I0000 00:00:1789071783.252514   91563 train_oblique_forest.cc:1313] dynamic_split_threshold = 8600 (from flag)
I0000 00:00:1789071783.252516   91563 train_oblique_forest.cc:1398] Using Dynamic Random Histogram with 64 samples
I0000 00:00:1789071783.252524   91563 train_oblique_forest.cc:1428] train_oblique_forest wall-time - Loading/Init (pre-train): 1.69585s
I0000 00:00:1789071783.252690   91563 abstract_learner.cc:171] No input feature explicitly specified. Using all the available input features.
I0000 00:00:1789071783.252696   91563 abstract_learner.cc:185] The label "label" was removed from the input feature set.
I0000 00:00:1789071783.253038   91563 random_forest.cc:534] Training random forest on 400000 example(s) and 2000 feature(s).
I0000 00:00:1789071783.253102   91563 gpu.cc:93] Cannot initialize GPU: Not compiled with GPU support
I0000 00:00:1789071783.253819   91563 random_forest.cc:663] num_threads being used: 48
I0000 00:00:1789071794.742454   91724 random_forest.cc:881] Train tree 1/240  [index:12 total:11.49s tree:11.48s]
I0000 00:00:1789071818.162233   91724 random_forest.cc:881] Train tree 97/240  [index:96 total:34.91s tree:11.79s]
I0000 00:00:1789071841.644800   91718 random_forest.cc:881] Train tree 193/240  [index:192 total:58.39s tree:11.72s]
I0000 00:00:1789071842.745994   91563 random_forest.cc:899] random_forest.cc Training block took: 59.4935 s
W0000 00:00:1789071842.746042   91563 random_forest.cc:1216] EXITING EARLY TO SPEED UP EXPERIMENTS!
RESULT dataset=epsilon_normalized_train threshold=8600 median=59.4935s stddev=N/As n=1
./bazel-bin/examples/train_oblique_forest --input_mode trunk --rows 1500000 --cols 4096 --num_trees=240 --dynamic_split_threshold=8600 --feature_split_type Oblique --numerical_split_type "Dynamic Random Histogram" --histogram_num_bins 64
----- Run 1/1 -----
WARNING: All log messages before absl::InitializeLog() is called are written to STDERR
I0000 00:00:1789071843.030283   92010 train_oblique_forest.cc:1133] Generating trunk synthetic dataset: rows=1500000, cols=4096, layout=column
I0000 00:00:1789071844.419826   92010 train_oblique_forest.cc:1229] -1 (automatic) threads requested. 48 threads set.
I0000 00:00:1789071844.419860   92010 train_oblique_forest.cc:1304] Configuring oblique splits
I0000 00:00:1789071844.419863   92010 train_oblique_forest.cc:1313] dynamic_split_threshold = 8600 (from flag)
I0000 00:00:1789071844.419866   92010 train_oblique_forest.cc:1398] Using Dynamic Random Histogram with 64 samples
I0000 00:00:1789071844.419876   92010 train_oblique_forest.cc:1428] train_oblique_forest wall-time - Loading/Init (pre-train): 1.38962s
I0000 00:00:1789071844.420187   92010 abstract_learner.cc:171] No input feature explicitly specified. Using all the available input features.
I0000 00:00:1789071844.420194   92010 abstract_learner.cc:185] The label "y" was removed from the input feature set.
I0000 00:00:1789071844.420811   92010 random_forest.cc:534] Training random forest on 1500000 example(s) and 4096 feature(s).
I0000 00:00:1789071844.420936   92010 gpu.cc:93] Cannot initialize GPU: Not compiled with GPU support
I0000 00:00:1789071844.421781   92010 random_forest.cc:663] num_threads being used: 48
I0000 00:00:1789071909.186494   92099 random_forest.cc:881] Train tree 1/240  [index:30 total:1m4.76s tree:1m4.76s]
I0000 00:00:1789071973.674597   92089 random_forest.cc:881] Train tree 49/240  [index:70 total:2m9.25s tree:1m2.84s]
I0000 00:00:1789072040.215965   92089 random_forest.cc:881] Train tree 97/240  [index:96 total:3m15.79s tree:1m6.54s]
I0000 00:00:1789072106.862683   92089 random_forest.cc:881] Train tree 145/240  [index:144 total:4m22.44s tree:1m6.65s]
I0000 00:00:1789072173.839067   92089 random_forest.cc:881] Train tree 193/240  [index:192 total:5m29.42s tree:1m6.98s]
I0000 00:00:1789072179.605582   92010 random_forest.cc:899] random_forest.cc Training block took: 335.186 s
W0000 00:00:1789072179.605624   92010 random_forest.cc:1216] EXITING EARLY TO SPEED UP EXPERIMENTS!
RESULT dataset=trunk_1500000_x_4096 threshold=8600 median=335.186s stddev=N/As n=1
./bazel-bin/examples/train_oblique_forest --input_mode trunk --rows 150000 --cols 40000 --num_trees=240 --dynamic_split_threshold=8600 --feature_split_type Oblique --numerical_split_type "Dynamic Random Histogram" --histogram_num_bins 64
----- Run 1/1 -----
WARNING: All log messages before absl::InitializeLog() is called are written to STDERR
I0000 00:00:1789072180.675263   93422 train_oblique_forest.cc:1133] Generating trunk synthetic dataset: rows=150000, cols=40000, layout=column
I0000 00:00:1789072182.005222   93422 train_oblique_forest.cc:1229] -1 (automatic) threads requested. 48 threads set.
I0000 00:00:1789072182.005255   93422 train_oblique_forest.cc:1304] Configuring oblique splits
I0000 00:00:1789072182.005257   93422 train_oblique_forest.cc:1313] dynamic_split_threshold = 8600 (from flag)
I0000 00:00:1789072182.005260   93422 train_oblique_forest.cc:1398] Using Dynamic Random Histogram with 64 samples
I0000 00:00:1789072182.005270   93422 train_oblique_forest.cc:1428] train_oblique_forest wall-time - Loading/Init (pre-train): 1.33003s
I0000 00:00:1789072182.007729   93422 abstract_learner.cc:171] No input feature explicitly specified. Using all the available input features.
I0000 00:00:1789072182.007761   93422 abstract_learner.cc:185] The label "y" was removed from the input feature set.
I0000 00:00:1789072182.013994   93422 random_forest.cc:534] Training random forest on 150000 example(s) and 40000 feature(s).
I0000 00:00:1789072182.015110   93422 gpu.cc:93] Cannot initialize GPU: Not compiled with GPU support
I0000 00:00:1789072182.018100   93422 random_forest.cc:663] num_threads being used: 48
I0000 00:00:1789072199.526421   93502 random_forest.cc:881] Train tree 1/240  [index:26 total:17.51s tree:17.51s]
I0000 00:00:1789072219.533319   93505 random_forest.cc:881] Train tree 88/240  [index:80 total:37.52s tree:18.89s]
I0000 00:00:1789072240.265247   93525 random_forest.cc:881] Train tree 144/240  [index:143 total:58.25s tree:19.51s]
I0000 00:00:1789072273.491052   93518 random_forest.cc:881] Train tree 193/240  [index:194 total:1m31.47s tree:18.34s]
I0000 00:00:1789072276.981922   93422 random_forest.cc:899] random_forest.cc Training block took: 94.9766 s
W0000 00:00:1789072276.981960   93422 random_forest.cc:1216] EXITING EARLY TO SPEED UP EXPERIMENTS!
RESULT dataset=trunk_150000_x_40000 threshold=8600 median=94.9766s stddev=N/As n=1
./bazel-bin/examples/train_oblique_forest --input_mode trunk --rows 15000 --cols 400000 --num_trees=240 --dynamic_split_threshold=8600 --feature_split_type Oblique --numerical_split_type "Dynamic Random Histogram" --histogram_num_bins 64
----- Run 1/1 -----
WARNING: All log messages before absl::InitializeLog() is called are written to STDERR
I0000 00:00:1789072277.630471   93916 train_oblique_forest.cc:1133] Generating trunk synthetic dataset: rows=15000, cols=400000, layout=column
I0000 00:00:1789072279.071469   93916 train_oblique_forest.cc:1229] -1 (automatic) threads requested. 48 threads set.
I0000 00:00:1789072279.071502   93916 train_oblique_forest.cc:1304] Configuring oblique splits
I0000 00:00:1789072279.071504   93916 train_oblique_forest.cc:1313] dynamic_split_threshold = 8600 (from flag)
I0000 00:00:1789072279.071507   93916 train_oblique_forest.cc:1398] Using Dynamic Random Histogram with 64 samples
I0000 00:00:1789072279.071517   93916 train_oblique_forest.cc:1428] train_oblique_forest wall-time - Loading/Init (pre-train): 1.44107s
I0000 00:00:1789072279.094821   93916 abstract_learner.cc:171] No input feature explicitly specified. Using all the available input features.
I0000 00:00:1789072279.095082   93916 abstract_learner.cc:185] The label "y" was removed from the input feature set.
I0000 00:00:1789072279.159212   93916 random_forest.cc:534] Training random forest on 15000 example(s) and 400000 feature(s).
I0000 00:00:1789072279.169476   93916 gpu.cc:93] Cannot initialize GPU: Not compiled with GPU support
I0000 00:00:1789072279.194161   93916 random_forest.cc:663] num_threads being used: 48
I0000 00:00:1789072283.791447   93976 random_forest.cc:881] Train tree 1/240  [index:3 total:4.60s tree:4.60s]
I0000 00:00:1789072303.842055   93990 random_forest.cc:881] Train tree 197/240  [index:204 total:24.65s tree:4.73s]
I0000 00:00:1789072306.245605   93916 random_forest.cc:899] random_forest.cc Training block took: 27.1741 s
W0000 00:00:1789072306.245645   93916 random_forest.cc:1216] EXITING EARLY TO SPEED UP EXPERIMENTS!
RESULT dataset=trunk_15000_x_400000 threshold=8600 median=27.1741s stddev=N/As n=1


======== Threshold 9100 ========

./bazel-bin/examples/train_oblique_forest --input_mode csv --train_csv "benchmarks/data/HIGGS_with_header.csv" --label_col "class" --num_trees=240 --dynamic_split_threshold=9100 --feature_split_type Oblique --numerical_split_type "Dynamic Random Histogram" --histogram_num_bins 64
----- Run 1/1 -----
WARNING: All log messages before absl::InitializeLog() is called are written to STDERR
I0000 00:00:1789072306.882187   94149 train_oblique_forest.cc:1101] Loading CSV in a single pass: benchmarks/data/HIGGS_with_header.csv
I0000 00:00:1789072307.799558   94149 train_oblique_forest.cc:1108] Single-pass CSV load complete: 11000000 rows, 29 columns.
I0000 00:00:1789072307.799635   94149 train_oblique_forest.cc:1229] -1 (automatic) threads requested. 48 threads set.
I0000 00:00:1789072307.799646   94149 train_oblique_forest.cc:1304] Configuring oblique splits
I0000 00:00:1789072307.799648   94149 train_oblique_forest.cc:1313] dynamic_split_threshold = 9100 (from flag)
I0000 00:00:1789072307.799650   94149 train_oblique_forest.cc:1398] Using Dynamic Random Histogram with 64 samples
I0000 00:00:1789072307.799660   94149 train_oblique_forest.cc:1428] train_oblique_forest wall-time - Loading/Init (pre-train): 0.9175s
I0000 00:00:1789072307.799719   94149 abstract_learner.cc:171] No input feature explicitly specified. Using all the available input features.
I0000 00:00:1789072307.799722   94149 abstract_learner.cc:185] The label "class" was removed from the input feature set.
I0000 00:00:1789072307.799734   94149 random_forest.cc:534] Training random forest on 11000000 example(s) and 28 feature(s).
I0000 00:00:1789072307.799747   94149 gpu.cc:93] Cannot initialize GPU: Not compiled with GPU support
I0000 00:00:1789072307.800331   94149 random_forest.cc:663] num_threads being used: 48
I0000 00:00:1789072378.660260   94314 random_forest.cc:881] Train tree 1/240  [index:4 total:1m10.86s tree:1m10.86s]
I0000 00:00:1789072450.434070   94296 random_forest.cc:881] Train tree 49/240  [index:50 total:2m22.63s tree:1m11.31s]
I0000 00:00:1789072522.758744   94311 random_forest.cc:881] Train tree 97/240  [index:101 total:3m34.96s tree:1m11.32s]
I0000 00:00:1789072594.925842   94296 random_forest.cc:881] Train tree 145/240  [index:146 total:4m47.13s tree:1m11.56s]
I0000 00:00:1789072667.486320   94296 random_forest.cc:881] Train tree 193/240  [index:192 total:5m59.69s tree:1m12.56s]
I0000 00:00:1789072679.221097   94149 random_forest.cc:899] random_forest.cc Training block took: 371.421 s
W0000 00:00:1789072679.221132   94149 random_forest.cc:1216] EXITING EARLY TO SPEED UP EXPERIMENTS!
RESULT dataset=HIGGS_with_header threshold=9100 median=371.421s stddev=N/As n=1
./bazel-bin/examples/train_oblique_forest --input_mode csv --train_csv "benchmarks/data/SUSY_with_header.csv" --label_col "class" --num_trees=240 --dynamic_split_threshold=9100 --feature_split_type Oblique --numerical_split_type "Dynamic Random Histogram" --histogram_num_bins 64
----- Run 1/1 -----
WARNING: All log messages before absl::InitializeLog() is called are written to STDERR
I0000 00:00:1789072685.561590   95801 train_oblique_forest.cc:1101] Loading CSV in a single pass: benchmarks/data/SUSY_with_header.csv
I0000 00:00:1789072685.892752   95801 train_oblique_forest.cc:1108] Single-pass CSV load complete: 5000000 rows, 19 columns.
I0000 00:00:1789072685.892825   95801 train_oblique_forest.cc:1229] -1 (automatic) threads requested. 48 threads set.
I0000 00:00:1789072685.892834   95801 train_oblique_forest.cc:1304] Configuring oblique splits
I0000 00:00:1789072685.892836   95801 train_oblique_forest.cc:1313] dynamic_split_threshold = 9100 (from flag)
I0000 00:00:1789072685.892839   95801 train_oblique_forest.cc:1398] Using Dynamic Random Histogram with 64 samples
I0000 00:00:1789072685.892848   95801 train_oblique_forest.cc:1428] train_oblique_forest wall-time - Loading/Init (pre-train): 0.331283s
I0000 00:00:1789072685.892907   95801 abstract_learner.cc:171] No input feature explicitly specified. Using all the available input features.
I0000 00:00:1789072685.892909   95801 abstract_learner.cc:185] The label "class" was removed from the input feature set.
I0000 00:00:1789072685.892920   95801 random_forest.cc:534] Training random forest on 5000000 example(s) and 18 feature(s).
I0000 00:00:1789072685.892931   95801 gpu.cc:93] Cannot initialize GPU: Not compiled with GPU support
I0000 00:00:1789072685.893514   95801 random_forest.cc:663] num_threads being used: 48
I0000 00:00:1789072710.320094   95950 random_forest.cc:881] Train tree 1/240  [index:36 total:24.43s tree:24.42s]
I0000 00:00:1789072735.467568   95950 random_forest.cc:881] Train tree 49/240  [index:48 total:49.57s tree:25.15s]
I0000 00:00:1789072760.801561   95954 random_forest.cc:881] Train tree 97/240  [index:97 total:1m14.91s tree:25.16s]
I0000 00:00:1789072785.604011   95935 random_forest.cc:881] Train tree 145/240  [index:145 total:1m39.71s tree:24.69s]
I0000 00:00:1789072811.043747   95954 random_forest.cc:881] Train tree 193/240  [index:193 total:2m5.15s tree:24.91s]
I0000 00:00:1789072814.901520   95801 random_forest.cc:899] random_forest.cc Training block took: 129.009 s
W0000 00:00:1789072814.901554   95801 random_forest.cc:1216] EXITING EARLY TO SPEED UP EXPERIMENTS!
RESULT dataset=SUSY_with_header threshold=9100 median=129.009s stddev=N/As n=1
./bazel-bin/examples/train_oblique_forest --input_mode csv --train_csv "benchmarks/data/epsilon_normalized_train.csv" --label_col "label" --num_trees=240 --dynamic_split_threshold=9100 --feature_split_type Oblique --numerical_split_type "Dynamic Random Histogram" --histogram_num_bins 64
----- Run 1/1 -----
WARNING: All log messages before absl::InitializeLog() is called are written to STDERR
I0000 00:00:1789072817.575681   96510 train_oblique_forest.cc:1101] Loading CSV in a single pass: benchmarks/data/epsilon_normalized_train.csv
I0000 00:00:1789072819.343406   96510 train_oblique_forest.cc:1108] Single-pass CSV load complete: 400000 rows, 2001 columns.
I0000 00:00:1789072819.343477   96510 train_oblique_forest.cc:1229] -1 (automatic) threads requested. 48 threads set.
I0000 00:00:1789072819.343487   96510 train_oblique_forest.cc:1304] Configuring oblique splits
I0000 00:00:1789072819.343488   96510 train_oblique_forest.cc:1313] dynamic_split_threshold = 9100 (from flag)
I0000 00:00:1789072819.343490   96510 train_oblique_forest.cc:1398] Using Dynamic Random Histogram with 64 samples
I0000 00:00:1789072819.343499   96510 train_oblique_forest.cc:1428] train_oblique_forest wall-time - Loading/Init (pre-train): 1.76784s
I0000 00:00:1789072819.343663   96510 abstract_learner.cc:171] No input feature explicitly specified. Using all the available input features.
I0000 00:00:1789072819.343669   96510 abstract_learner.cc:185] The label "label" was removed from the input feature set.
I0000 00:00:1789072819.344011   96510 random_forest.cc:534] Training random forest on 400000 example(s) and 2000 feature(s).
I0000 00:00:1789072819.344075   96510 gpu.cc:93] Cannot initialize GPU: Not compiled with GPU support
I0000 00:00:1789072819.344799   96510 random_forest.cc:663] num_threads being used: 48
I0000 00:00:1789072830.844634   96677 random_forest.cc:881] Train tree 1/240  [index:21 total:11.50s tree:11.49s]
I0000 00:00:1789072854.229954   96688 random_forest.cc:881] Train tree 97/240  [index:97 total:34.89s tree:11.61s]
I0000 00:00:1789072877.649708   96688 random_forest.cc:881] Train tree 193/240  [index:192 total:58.30s tree:11.70s]
I0000 00:00:1789072878.859519   96510 random_forest.cc:899] random_forest.cc Training block took: 59.516 s
W0000 00:00:1789072878.859567   96510 random_forest.cc:1216] EXITING EARLY TO SPEED UP EXPERIMENTS!
RESULT dataset=epsilon_normalized_train threshold=9100 median=59.516s stddev=N/As n=1
./bazel-bin/examples/train_oblique_forest --input_mode trunk --rows 1500000 --cols 4096 --num_trees=240 --dynamic_split_threshold=9100 --feature_split_type Oblique --numerical_split_type "Dynamic Random Histogram" --histogram_num_bins 64
----- Run 1/1 -----
WARNING: All log messages before absl::InitializeLog() is called are written to STDERR
I0000 00:00:1789072879.144018   96957 train_oblique_forest.cc:1133] Generating trunk synthetic dataset: rows=1500000, cols=4096, layout=column
I0000 00:00:1789072880.493929   96957 train_oblique_forest.cc:1229] -1 (automatic) threads requested. 48 threads set.
I0000 00:00:1789072880.493965   96957 train_oblique_forest.cc:1304] Configuring oblique splits
I0000 00:00:1789072880.493967   96957 train_oblique_forest.cc:1313] dynamic_split_threshold = 9100 (from flag)
I0000 00:00:1789072880.493977   96957 train_oblique_forest.cc:1398] Using Dynamic Random Histogram with 64 samples
I0000 00:00:1789072880.493987   96957 train_oblique_forest.cc:1428] train_oblique_forest wall-time - Loading/Init (pre-train): 1.35s
I0000 00:00:1789072880.494329   96957 abstract_learner.cc:171] No input feature explicitly specified. Using all the available input features.
I0000 00:00:1789072880.494335   96957 abstract_learner.cc:185] The label "y" was removed from the input feature set.
I0000 00:00:1789072880.495037   96957 random_forest.cc:534] Training random forest on 1500000 example(s) and 4096 feature(s).
I0000 00:00:1789072880.495175   96957 gpu.cc:93] Cannot initialize GPU: Not compiled with GPU support
I0000 00:00:1789072880.496161   96957 random_forest.cc:663] num_threads being used: 48
I0000 00:00:1789072944.418533   97035 random_forest.cc:881] Train tree 1/240  [index:30 total:1m3.92s tree:1m3.92s]
I0000 00:00:1789073009.526963   97040 random_forest.cc:881] Train tree 49/240  [index:70 total:2m9.03s tree:1m2.69s]
I0000 00:00:1789073076.311723   97040 random_forest.cc:881] Train tree 97/240  [index:96 total:3m15.82s tree:1m6.78s]
I0000 00:00:1789073142.765463   97040 random_forest.cc:881] Train tree 145/240  [index:144 total:4m22.27s tree:1m6.45s]
I0000 00:00:1789073208.972127   97040 random_forest.cc:881] Train tree 193/240  [index:192 total:5m28.48s tree:1m6.21s]
I0000 00:00:1789073214.755940   96957 random_forest.cc:899] random_forest.cc Training block took: 334.262 s
W0000 00:00:1789073214.755991   96957 random_forest.cc:1216] EXITING EARLY TO SPEED UP EXPERIMENTS!
RESULT dataset=trunk_1500000_x_4096 threshold=9100 median=334.262s stddev=N/As n=1
./bazel-bin/examples/train_oblique_forest --input_mode trunk --rows 150000 --cols 40000 --num_trees=240 --dynamic_split_threshold=9100 --feature_split_type Oblique --numerical_split_type "Dynamic Random Histogram" --histogram_num_bins 64
----- Run 1/1 -----
WARNING: All log messages before absl::InitializeLog() is called are written to STDERR
I0000 00:00:1789073215.828925   98373 train_oblique_forest.cc:1133] Generating trunk synthetic dataset: rows=150000, cols=40000, layout=column
I0000 00:00:1789073217.157241   98373 train_oblique_forest.cc:1229] -1 (automatic) threads requested. 48 threads set.
I0000 00:00:1789073217.157275   98373 train_oblique_forest.cc:1304] Configuring oblique splits
I0000 00:00:1789073217.157277   98373 train_oblique_forest.cc:1313] dynamic_split_threshold = 9100 (from flag)
I0000 00:00:1789073217.157280   98373 train_oblique_forest.cc:1398] Using Dynamic Random Histogram with 64 samples
I0000 00:00:1789073217.157290   98373 train_oblique_forest.cc:1428] train_oblique_forest wall-time - Loading/Init (pre-train): 1.32839s
I0000 00:00:1789073217.159664   98373 abstract_learner.cc:171] No input feature explicitly specified. Using all the available input features.
I0000 00:00:1789073217.159696   98373 abstract_learner.cc:185] The label "y" was removed from the input feature set.
I0000 00:00:1789073217.165816   98373 random_forest.cc:534] Training random forest on 150000 example(s) and 40000 feature(s).
I0000 00:00:1789073217.166883   98373 gpu.cc:93] Cannot initialize GPU: Not compiled with GPU support
I0000 00:00:1789073217.169888   98373 random_forest.cc:663] num_threads being used: 48
I0000 00:00:1789073234.685579   98442 random_forest.cc:881] Train tree 1/240  [index:26 total:17.52s tree:17.51s]
I0000 00:00:1789073254.873021   98456 random_forest.cc:881] Train tree 91/240  [index:80 total:37.70s tree:19.16s]
I0000 00:00:1789073275.211533   98459 random_forest.cc:881] Train tree 144/240  [index:143 total:58.04s tree:19.22s]
I0000 00:00:1789073308.153431   98432 random_forest.cc:881] Train tree 193/240  [index:194 total:1m30.98s tree:17.92s]
I0000 00:00:1789073312.513144   98373 random_forest.cc:899] random_forest.cc Training block took: 95.3558 s
W0000 00:00:1789073312.513176   98373 random_forest.cc:1216] EXITING EARLY TO SPEED UP EXPERIMENTS!
RESULT dataset=trunk_150000_x_40000 threshold=9100 median=95.3558s stddev=N/As n=1
./bazel-bin/examples/train_oblique_forest --input_mode trunk --rows 15000 --cols 400000 --num_trees=240 --dynamic_split_threshold=9100 --feature_split_type Oblique --numerical_split_type "Dynamic Random Histogram" --histogram_num_bins 64
----- Run 1/1 -----
WARNING: All log messages before absl::InitializeLog() is called are written to STDERR
I0000 00:00:1789073313.165475   98865 train_oblique_forest.cc:1133] Generating trunk synthetic dataset: rows=15000, cols=400000, layout=column
I0000 00:00:1789073314.641186   98865 train_oblique_forest.cc:1229] -1 (automatic) threads requested. 48 threads set.
I0000 00:00:1789073314.641217   98865 train_oblique_forest.cc:1304] Configuring oblique splits
I0000 00:00:1789073314.641219   98865 train_oblique_forest.cc:1313] dynamic_split_threshold = 9100 (from flag)
I0000 00:00:1789073314.641222   98865 train_oblique_forest.cc:1398] Using Dynamic Random Histogram with 64 samples
I0000 00:00:1789073314.641231   98865 train_oblique_forest.cc:1428] train_oblique_forest wall-time - Loading/Init (pre-train): 1.47578s
I0000 00:00:1789073314.664103   98865 abstract_learner.cc:171] No input feature explicitly specified. Using all the available input features.
I0000 00:00:1789073314.664369   98865 abstract_learner.cc:185] The label "y" was removed from the input feature set.
I0000 00:00:1789073314.728547   98865 random_forest.cc:534] Training random forest on 15000 example(s) and 400000 feature(s).
I0000 00:00:1789073314.738917   98865 gpu.cc:93] Cannot initialize GPU: Not compiled with GPU support
I0000 00:00:1789073314.763481   98865 random_forest.cc:663] num_threads being used: 48
I0000 00:00:1789073319.354967   98923 random_forest.cc:881] Train tree 1/240  [index:3 total:4.59s tree:4.59s]
I0000 00:00:1789073339.458277   98934 random_forest.cc:881] Train tree 197/240  [index:204 total:24.69s tree:4.75s]
I0000 00:00:1789073341.575897   98865 random_forest.cc:899] random_forest.cc Training block took: 26.9346 s
W0000 00:00:1789073341.575935   98865 random_forest.cc:1216] EXITING EARLY TO SPEED UP EXPERIMENTS!
RESULT dataset=trunk_15000_x_400000 threshold=9100 median=26.9346s stddev=N/As n=1


======== Threshold 9600 ========

./bazel-bin/examples/train_oblique_forest --input_mode csv --train_csv "benchmarks/data/HIGGS_with_header.csv" --label_col "class" --num_trees=240 --dynamic_split_threshold=9600 --feature_split_type Oblique --numerical_split_type "Dynamic Random Histogram" --histogram_num_bins 64
----- Run 1/1 -----
WARNING: All log messages before absl::InitializeLog() is called are written to STDERR
I0000 00:00:1789073342.213041   99099 train_oblique_forest.cc:1101] Loading CSV in a single pass: benchmarks/data/HIGGS_with_header.csv
I0000 00:00:1789073343.144550   99099 train_oblique_forest.cc:1108] Single-pass CSV load complete: 11000000 rows, 29 columns.
I0000 00:00:1789073343.144630   99099 train_oblique_forest.cc:1229] -1 (automatic) threads requested. 48 threads set.
I0000 00:00:1789073343.144640   99099 train_oblique_forest.cc:1304] Configuring oblique splits
I0000 00:00:1789073343.144642   99099 train_oblique_forest.cc:1313] dynamic_split_threshold = 9600 (from flag)
I0000 00:00:1789073343.144644   99099 train_oblique_forest.cc:1398] Using Dynamic Random Histogram with 64 samples
I0000 00:00:1789073343.144653   99099 train_oblique_forest.cc:1428] train_oblique_forest wall-time - Loading/Init (pre-train): 0.931638s
I0000 00:00:1789073343.144712   99099 abstract_learner.cc:171] No input feature explicitly specified. Using all the available input features.
I0000 00:00:1789073343.144714   99099 abstract_learner.cc:185] The label "class" was removed from the input feature set.
I0000 00:00:1789073343.144726   99099 random_forest.cc:534] Training random forest on 11000000 example(s) and 28 feature(s).
I0000 00:00:1789073343.144737   99099 gpu.cc:93] Cannot initialize GPU: Not compiled with GPU support
I0000 00:00:1789073343.145319   99099 random_forest.cc:663] num_threads being used: 48
I0000 00:00:1789073413.245501   99251 random_forest.cc:881] Train tree 1/240  [index:29 total:1m10.10s tree:1m10.09s]
I0000 00:00:1789073485.059882   99251 random_forest.cc:881] Train tree 49/240  [index:48 total:2m21.91s tree:1m11.81s]
I0000 00:00:1789073557.057935   99251 random_forest.cc:881] Train tree 97/240  [index:96 total:3m33.91s tree:1m12.00s]
I0000 00:00:1789073628.586595   99251 random_forest.cc:881] Train tree 145/240  [index:144 total:4m45.44s tree:1m11.53s]
I0000 00:00:1789073703.065641   99249 random_forest.cc:881] Train tree 193/240  [index:195 total:5m59.92s tree:1m12.23s]
I0000 00:00:1789073712.290721   99099 random_forest.cc:899] random_forest.cc Training block took: 369.146 s
W0000 00:00:1789073712.290757   99099 random_forest.cc:1216] EXITING EARLY TO SPEED UP EXPERIMENTS!
RESULT dataset=HIGGS_with_header threshold=9600 median=369.146s stddev=N/As n=1
./bazel-bin/examples/train_oblique_forest --input_mode csv --train_csv "benchmarks/data/SUSY_with_header.csv" --label_col "class" --num_trees=240 --dynamic_split_threshold=9600 --feature_split_type Oblique --numerical_split_type "Dynamic Random Histogram" --histogram_num_bins 64
----- Run 1/1 -----
WARNING: All log messages before absl::InitializeLog() is called are written to STDERR
I0000 00:00:1789073718.722304  100743 train_oblique_forest.cc:1101] Loading CSV in a single pass: benchmarks/data/SUSY_with_header.csv
I0000 00:00:1789073719.051964  100743 train_oblique_forest.cc:1108] Single-pass CSV load complete: 5000000 rows, 19 columns.
I0000 00:00:1789073719.052040  100743 train_oblique_forest.cc:1229] -1 (automatic) threads requested. 48 threads set.
I0000 00:00:1789073719.052051  100743 train_oblique_forest.cc:1304] Configuring oblique splits
I0000 00:00:1789073719.052053  100743 train_oblique_forest.cc:1313] dynamic_split_threshold = 9600 (from flag)
I0000 00:00:1789073719.052055  100743 train_oblique_forest.cc:1398] Using Dynamic Random Histogram with 64 samples
I0000 00:00:1789073719.052063  100743 train_oblique_forest.cc:1428] train_oblique_forest wall-time - Loading/Init (pre-train): 0.329787s
I0000 00:00:1789073719.052123  100743 abstract_learner.cc:171] No input feature explicitly specified. Using all the available input features.
I0000 00:00:1789073719.052125  100743 abstract_learner.cc:185] The label "class" was removed from the input feature set.
I0000 00:00:1789073719.052136  100743 random_forest.cc:534] Training random forest on 5000000 example(s) and 18 feature(s).
I0000 00:00:1789073719.052147  100743 gpu.cc:93] Cannot initialize GPU: Not compiled with GPU support
I0000 00:00:1789073719.052722  100743 random_forest.cc:663] num_threads being used: 48
I0000 00:00:1789073743.786817  100863 random_forest.cc:881] Train tree 1/240  [index:5 total:24.73s tree:24.73s]
I0000 00:00:1789073768.464803  100863 random_forest.cc:881] Train tree 49/240  [index:48 total:49.41s tree:24.68s]
I0000 00:00:1789073793.961773  100905 random_forest.cc:881] Train tree 97/240  [index:113 total:1m14.91s tree:24.47s]
I0000 00:00:1789073818.939566  100899 random_forest.cc:881] Train tree 145/240  [index:145 total:1m39.89s tree:24.92s]
I0000 00:00:1789073844.385978  100880 random_forest.cc:881] Train tree 193/240  [index:193 total:2m5.33s tree:25.42s]
I0000 00:00:1789073847.941940  100743 random_forest.cc:899] random_forest.cc Training block took: 128.89 s
W0000 00:00:1789073847.941980  100743 random_forest.cc:1216] EXITING EARLY TO SPEED UP EXPERIMENTS!
RESULT dataset=SUSY_with_header threshold=9600 median=128.89s stddev=N/As n=1
./bazel-bin/examples/train_oblique_forest --input_mode csv --train_csv "benchmarks/data/epsilon_normalized_train.csv" --label_col "label" --num_trees=240 --dynamic_split_threshold=9600 --feature_split_type Oblique --numerical_split_type "Dynamic Random Histogram" --histogram_num_bins 64
----- Run 1/1 -----
WARNING: All log messages before absl::InitializeLog() is called are written to STDERR
I0000 00:00:1789073850.564603  101433 train_oblique_forest.cc:1101] Loading CSV in a single pass: benchmarks/data/epsilon_normalized_train.csv
I0000 00:00:1789073852.266280  101433 train_oblique_forest.cc:1108] Single-pass CSV load complete: 400000 rows, 2001 columns.
I0000 00:00:1789073852.266352  101433 train_oblique_forest.cc:1229] -1 (automatic) threads requested. 48 threads set.
I0000 00:00:1789073852.266361  101433 train_oblique_forest.cc:1304] Configuring oblique splits
I0000 00:00:1789073852.266363  101433 train_oblique_forest.cc:1313] dynamic_split_threshold = 9600 (from flag)
I0000 00:00:1789073852.266365  101433 train_oblique_forest.cc:1398] Using Dynamic Random Histogram with 64 samples
I0000 00:00:1789073852.266374  101433 train_oblique_forest.cc:1428] train_oblique_forest wall-time - Loading/Init (pre-train): 1.7018s
I0000 00:00:1789073852.266538  101433 abstract_learner.cc:171] No input feature explicitly specified. Using all the available input features.
I0000 00:00:1789073852.266545  101433 abstract_learner.cc:185] The label "label" was removed from the input feature set.
I0000 00:00:1789073852.266881  101433 random_forest.cc:534] Training random forest on 400000 example(s) and 2000 feature(s).
I0000 00:00:1789073852.266944  101433 gpu.cc:93] Cannot initialize GPU: Not compiled with GPU support
I0000 00:00:1789073852.267672  101433 random_forest.cc:663] num_threads being used: 48
I0000 00:00:1789073863.802162  101615 random_forest.cc:881] Train tree 1/240  [index:15 total:11.53s tree:11.53s]
I0000 00:00:1789073887.048758  101589 random_forest.cc:881] Train tree 97/240  [index:97 total:34.78s tree:11.58s]
I0000 00:00:1789073910.371359  101631 random_forest.cc:881] Train tree 193/240  [index:198 total:58.10s tree:11.46s]
I0000 00:00:1789073911.579364  101433 random_forest.cc:899] random_forest.cc Training block took: 59.313 s
W0000 00:00:1789073911.579409  101433 random_forest.cc:1216] EXITING EARLY TO SPEED UP EXPERIMENTS!
RESULT dataset=epsilon_normalized_train threshold=9600 median=59.313s stddev=N/As n=1
./bazel-bin/examples/train_oblique_forest --input_mode trunk --rows 1500000 --cols 4096 --num_trees=240 --dynamic_split_threshold=9600 --feature_split_type Oblique --numerical_split_type "Dynamic Random Histogram" --histogram_num_bins 64
----- Run 1/1 -----
WARNING: All log messages before absl::InitializeLog() is called are written to STDERR
I0000 00:00:1789073911.864291  101883 train_oblique_forest.cc:1133] Generating trunk synthetic dataset: rows=1500000, cols=4096, layout=column
I0000 00:00:1789073913.264104  101883 train_oblique_forest.cc:1229] -1 (automatic) threads requested. 48 threads set.
I0000 00:00:1789073913.264139  101883 train_oblique_forest.cc:1304] Configuring oblique splits
I0000 00:00:1789073913.264143  101883 train_oblique_forest.cc:1313] dynamic_split_threshold = 9600 (from flag)
I0000 00:00:1789073913.264146  101883 train_oblique_forest.cc:1398] Using Dynamic Random Histogram with 64 samples
I0000 00:00:1789073913.264156  101883 train_oblique_forest.cc:1428] train_oblique_forest wall-time - Loading/Init (pre-train): 1.39989s
I0000 00:00:1789073913.264450  101883 abstract_learner.cc:171] No input feature explicitly specified. Using all the available input features.
I0000 00:00:1789073913.264455  101883 abstract_learner.cc:185] The label "y" was removed from the input feature set.
I0000 00:00:1789073913.265068  101883 random_forest.cc:534] Training random forest on 1500000 example(s) and 4096 feature(s).
I0000 00:00:1789073913.265187  101883 gpu.cc:93] Cannot initialize GPU: Not compiled with GPU support
I0000 00:00:1789073913.266028  101883 random_forest.cc:663] num_threads being used: 48
I0000 00:00:1789073977.930179  101964 random_forest.cc:881] Train tree 1/240  [index:30 total:1m4.66s tree:1m4.66s]
I0000 00:00:1789074042.851947  101963 random_forest.cc:881] Train tree 49/240  [index:70 total:2m9.59s tree:1m3.33s]
I0000 00:00:1789074109.584389  101956 random_forest.cc:881] Train tree 97/240  [index:105 total:3m16.32s tree:1m4.54s]
I0000 00:00:1789074175.584169  101969 random_forest.cc:881] Train tree 145/240  [index:150 total:4m22.32s tree:1m5.25s]
I0000 00:00:1789074242.188443  101956 random_forest.cc:881] Train tree 193/240  [index:194 total:5m28.92s tree:1m6.34s]
I0000 00:00:1789074246.921688  101883 random_forest.cc:899] random_forest.cc Training block took: 333.658 s
W0000 00:00:1789074246.921731  101883 random_forest.cc:1216] EXITING EARLY TO SPEED UP EXPERIMENTS!
RESULT dataset=trunk_1500000_x_4096 threshold=9600 median=333.658s stddev=N/As n=1
./bazel-bin/examples/train_oblique_forest --input_mode trunk --rows 150000 --cols 40000 --num_trees=240 --dynamic_split_threshold=9600 --feature_split_type Oblique --numerical_split_type "Dynamic Random Histogram" --histogram_num_bins 64
----- Run 1/1 -----
WARNING: All log messages before absl::InitializeLog() is called are written to STDERR
I0000 00:00:1789074248.003523  103298 train_oblique_forest.cc:1133] Generating trunk synthetic dataset: rows=150000, cols=40000, layout=column
I0000 00:00:1789074249.289349  103298 train_oblique_forest.cc:1229] -1 (automatic) threads requested. 48 threads set.
I0000 00:00:1789074249.289383  103298 train_oblique_forest.cc:1304] Configuring oblique splits
I0000 00:00:1789074249.289385  103298 train_oblique_forest.cc:1313] dynamic_split_threshold = 9600 (from flag)
I0000 00:00:1789074249.289388  103298 train_oblique_forest.cc:1398] Using Dynamic Random Histogram with 64 samples
I0000 00:00:1789074249.289398  103298 train_oblique_forest.cc:1428] train_oblique_forest wall-time - Loading/Init (pre-train): 1.2859s
I0000 00:00:1789074249.292159  103298 abstract_learner.cc:171] No input feature explicitly specified. Using all the available input features.
I0000 00:00:1789074249.292194  103298 abstract_learner.cc:185] The label "y" was removed from the input feature set.
I0000 00:00:1789074249.299167  103298 random_forest.cc:534] Training random forest on 150000 example(s) and 40000 feature(s).
I0000 00:00:1789074249.300400  103298 gpu.cc:93] Cannot initialize GPU: Not compiled with GPU support
I0000 00:00:1789074249.303879  103298 random_forest.cc:663] num_threads being used: 48
I0000 00:00:1789074266.822389  103373 random_forest.cc:881] Train tree 1/240  [index:26 total:17.52s tree:17.51s]
I0000 00:00:1789074286.848016  103361 random_forest.cc:881] Train tree 90/240  [index:89 total:37.54s tree:18.71s]
I0000 00:00:1789074307.189391  103394 random_forest.cc:881] Train tree 144/240  [index:143 total:57.89s tree:19.40s]
I0000 00:00:1789074340.128584  103383 random_forest.cc:881] Train tree 193/240  [index:194 total:1m30.82s tree:17.96s]
I0000 00:00:1789074345.003628  103298 random_forest.cc:899] random_forest.cc Training block took: 95.7142 s
W0000 00:00:1789074345.003672  103298 random_forest.cc:1216] EXITING EARLY TO SPEED UP EXPERIMENTS!
RESULT dataset=trunk_150000_x_40000 threshold=9600 median=95.7142s stddev=N/As n=1
./bazel-bin/examples/train_oblique_forest --input_mode trunk --rows 15000 --cols 400000 --num_trees=240 --dynamic_split_threshold=9600 --feature_split_type Oblique --numerical_split_type "Dynamic Random Histogram" --histogram_num_bins 64
----- Run 1/1 -----
WARNING: All log messages before absl::InitializeLog() is called are written to STDERR
I0000 00:00:1789074345.648152  103790 train_oblique_forest.cc:1133] Generating trunk synthetic dataset: rows=15000, cols=400000, layout=column
I0000 00:00:1789074347.055047  103790 train_oblique_forest.cc:1229] -1 (automatic) threads requested. 48 threads set.
I0000 00:00:1789074347.055081  103790 train_oblique_forest.cc:1304] Configuring oblique splits
I0000 00:00:1789074347.055083  103790 train_oblique_forest.cc:1313] dynamic_split_threshold = 9600 (from flag)
I0000 00:00:1789074347.055087  103790 train_oblique_forest.cc:1398] Using Dynamic Random Histogram with 64 samples
I0000 00:00:1789074347.055097  103790 train_oblique_forest.cc:1428] train_oblique_forest wall-time - Loading/Init (pre-train): 1.40697s
I0000 00:00:1789074347.082193  103790 abstract_learner.cc:171] No input feature explicitly specified. Using all the available input features.
I0000 00:00:1789074347.082484  103790 abstract_learner.cc:185] The label "y" was removed from the input feature set.
I0000 00:00:1789074347.147185  103790 random_forest.cc:534] Training random forest on 15000 example(s) and 400000 feature(s).
I0000 00:00:1789074347.157623  103790 gpu.cc:93] Cannot initialize GPU: Not compiled with GPU support
I0000 00:00:1789074347.181259  103790 random_forest.cc:663] num_threads being used: 48
I0000 00:00:1789074351.781325  103866 random_forest.cc:881] Train tree 1/240  [index:3 total:4.60s tree:4.60s]
I0000 00:00:1789074371.867080  103862 random_forest.cc:881] Train tree 197/240  [index:196 total:24.69s tree:5.17s]
I0000 00:00:1789074374.003255  103790 random_forest.cc:899] random_forest.cc Training block took: 26.9481 s
W0000 00:00:1789074374.003291  103790 random_forest.cc:1216] EXITING EARLY TO SPEED UP EXPERIMENTS!
RESULT dataset=trunk_15000_x_400000 threshold=9600 median=26.9481s stddev=N/As n=1


======== Threshold 10000 ========

./bazel-bin/examples/train_oblique_forest --input_mode csv --train_csv "benchmarks/data/HIGGS_with_header.csv" --label_col "class" --num_trees=240 --dynamic_split_threshold=10000 --feature_split_type Oblique --numerical_split_type "Dynamic Random Histogram" --histogram_num_bins 64
----- Run 1/1 -----
WARNING: All log messages before absl::InitializeLog() is called are written to STDERR
I0000 00:00:1789074374.638282  104016 train_oblique_forest.cc:1101] Loading CSV in a single pass: benchmarks/data/HIGGS_with_header.csv
I0000 00:00:1789074375.562949  104016 train_oblique_forest.cc:1108] Single-pass CSV load complete: 11000000 rows, 29 columns.
I0000 00:00:1789074375.563018  104016 train_oblique_forest.cc:1229] -1 (automatic) threads requested. 48 threads set.
I0000 00:00:1789074375.563029  104016 train_oblique_forest.cc:1304] Configuring oblique splits
I0000 00:00:1789074375.563031  104016 train_oblique_forest.cc:1313] dynamic_split_threshold = 10000 (from flag)
I0000 00:00:1789074375.563033  104016 train_oblique_forest.cc:1398] Using Dynamic Random Histogram with 64 samples
I0000 00:00:1789074375.563042  104016 train_oblique_forest.cc:1428] train_oblique_forest wall-time - Loading/Init (pre-train): 0.924785s
I0000 00:00:1789074375.563097  104016 abstract_learner.cc:171] No input feature explicitly specified. Using all the available input features.
I0000 00:00:1789074375.563099  104016 abstract_learner.cc:185] The label "class" was removed from the input feature set.
I0000 00:00:1789074375.563111  104016 random_forest.cc:534] Training random forest on 11000000 example(s) and 28 feature(s).
I0000 00:00:1789074375.563122  104016 gpu.cc:93] Cannot initialize GPU: Not compiled with GPU support
I0000 00:00:1789074375.563699  104016 random_forest.cc:663] num_threads being used: 48
I0000 00:00:1789074446.716836  104174 random_forest.cc:881] Train tree 1/240  [index:35 total:1m11.15s tree:1m11.15s]
I0000 00:00:1789074518.437262  104173 random_forest.cc:881] Train tree 49/240  [index:52 total:2m22.87s tree:1m11.19s]
I0000 00:00:1789074589.848609  104164 random_forest.cc:881] Train tree 97/240  [index:99 total:3m34.28s tree:1m11.13s]
I0000 00:00:1789074662.420596  104179 random_forest.cc:881] Train tree 145/240  [index:148 total:4m46.86s tree:1m11.58s]
I0000 00:00:1789074735.287766  104164 random_forest.cc:881] Train tree 193/240  [index:193 total:5m59.72s tree:1m12.85s]
I0000 00:00:1789074745.339608  104016 random_forest.cc:899] random_forest.cc Training block took: 369.777 s
W0000 00:00:1789074745.339645  104016 random_forest.cc:1216] EXITING EARLY TO SPEED UP EXPERIMENTS!
RESULT dataset=HIGGS_with_header threshold=10000 median=369.777s stddev=N/As n=1
./bazel-bin/examples/train_oblique_forest --input_mode csv --train_csv "benchmarks/data/SUSY_with_header.csv" --label_col "class" --num_trees=240 --dynamic_split_threshold=10000 --feature_split_type Oblique --numerical_split_type "Dynamic Random Histogram" --histogram_num_bins 64
----- Run 1/1 -----
WARNING: All log messages before absl::InitializeLog() is called are written to STDERR
I0000 00:00:1789074751.685616  105666 train_oblique_forest.cc:1101] Loading CSV in a single pass: benchmarks/data/SUSY_with_header.csv
I0000 00:00:1789074752.015230  105666 train_oblique_forest.cc:1108] Single-pass CSV load complete: 5000000 rows, 19 columns.
I0000 00:00:1789074752.015302  105666 train_oblique_forest.cc:1229] -1 (automatic) threads requested. 48 threads set.
I0000 00:00:1789074752.015312  105666 train_oblique_forest.cc:1304] Configuring oblique splits
I0000 00:00:1789074752.015314  105666 train_oblique_forest.cc:1313] dynamic_split_threshold = 10000 (from flag)
I0000 00:00:1789074752.015316  105666 train_oblique_forest.cc:1398] Using Dynamic Random Histogram with 64 samples
I0000 00:00:1789074752.015324  105666 train_oblique_forest.cc:1428] train_oblique_forest wall-time - Loading/Init (pre-train): 0.329734s
I0000 00:00:1789074752.015384  105666 abstract_learner.cc:171] No input feature explicitly specified. Using all the available input features.
I0000 00:00:1789074752.015386  105666 abstract_learner.cc:185] The label "class" was removed from the input feature set.
I0000 00:00:1789074752.015397  105666 random_forest.cc:534] Training random forest on 5000000 example(s) and 18 feature(s).
I0000 00:00:1789074752.015408  105666 gpu.cc:93] Cannot initialize GPU: Not compiled with GPU support
I0000 00:00:1789074752.015989  105666 random_forest.cc:663] num_threads being used: 48
I0000 00:00:1789074776.436489  105797 random_forest.cc:881] Train tree 1/240  [index:27 total:24.42s tree:24.42s]
I0000 00:00:1789074801.284804  105784 random_forest.cc:881] Train tree 49/240  [index:52 total:49.27s tree:24.59s]
I0000 00:00:1789074826.786016  105797 random_forest.cc:881] Train tree 97/240  [index:98 total:1m14.77s tree:25.27s]
I0000 00:00:1789074851.121099  105797 random_forest.cc:881] Train tree 145/240  [index:144 total:1m39.11s tree:24.34s]
I0000 00:00:1789074877.168506  105797 random_forest.cc:881] Train tree 193/240  [index:192 total:2m5.15s tree:26.05s]
I0000 00:00:1789074880.102017  105666 random_forest.cc:899] random_forest.cc Training block took: 128.087 s
W0000 00:00:1789074880.102045  105666 random_forest.cc:1216] EXITING EARLY TO SPEED UP EXPERIMENTS!
RESULT dataset=SUSY_with_header threshold=10000 median=128.087s stddev=N/As n=1
./bazel-bin/examples/train_oblique_forest --input_mode csv --train_csv "benchmarks/data/epsilon_normalized_train.csv" --label_col "label" --num_trees=240 --dynamic_split_threshold=10000 --feature_split_type Oblique --numerical_split_type "Dynamic Random Histogram" --histogram_num_bins 64
----- Run 1/1 -----
WARNING: All log messages before absl::InitializeLog() is called are written to STDERR
I0000 00:00:1789074882.746880  106357 train_oblique_forest.cc:1101] Loading CSV in a single pass: benchmarks/data/epsilon_normalized_train.csv
I0000 00:00:1789074884.472386  106357 train_oblique_forest.cc:1108] Single-pass CSV load complete: 400000 rows, 2001 columns.
I0000 00:00:1789074884.472448  106357 train_oblique_forest.cc:1229] -1 (automatic) threads requested. 48 threads set.
I0000 00:00:1789074884.472457  106357 train_oblique_forest.cc:1304] Configuring oblique splits
I0000 00:00:1789074884.472459  106357 train_oblique_forest.cc:1313] dynamic_split_threshold = 10000 (from flag)
I0000 00:00:1789074884.472461  106357 train_oblique_forest.cc:1398] Using Dynamic Random Histogram with 64 samples
I0000 00:00:1789074884.472470  106357 train_oblique_forest.cc:1428] train_oblique_forest wall-time - Loading/Init (pre-train): 1.72562s
I0000 00:00:1789074884.472631  106357 abstract_learner.cc:171] No input feature explicitly specified. Using all the available input features.
I0000 00:00:1789074884.472637  106357 abstract_learner.cc:185] The label "label" was removed from the input feature set.
I0000 00:00:1789074884.472979  106357 random_forest.cc:534] Training random forest on 400000 example(s) and 2000 feature(s).
I0000 00:00:1789074884.473039  106357 gpu.cc:93] Cannot initialize GPU: Not compiled with GPU support
I0000 00:00:1789074884.473764  106357 random_forest.cc:663] num_threads being used: 48
I0000 00:00:1789074895.954619  106528 random_forest.cc:881] Train tree 1/240  [index:21 total:11.48s tree:11.48s]
I0000 00:00:1789074919.248658  106515 random_forest.cc:881] Train tree 97/240  [index:97 total:34.77s tree:11.58s]
I0000 00:00:1789074942.668074  106539 random_forest.cc:881] Train tree 193/240  [index:193 total:58.19s tree:11.64s]
I0000 00:00:1789074944.231215  106357 random_forest.cc:899] random_forest.cc Training block took: 59.7587 s
W0000 00:00:1789074944.231256  106357 random_forest.cc:1216] EXITING EARLY TO SPEED UP EXPERIMENTS!
RESULT dataset=epsilon_normalized_train threshold=10000 median=59.7587s stddev=N/As n=1
./bazel-bin/examples/train_oblique_forest --input_mode trunk --rows 1500000 --cols 4096 --num_trees=240 --dynamic_split_threshold=10000 --feature_split_type Oblique --numerical_split_type "Dynamic Random Histogram" --histogram_num_bins 64
----- Run 1/1 -----
WARNING: All log messages before absl::InitializeLog() is called are written to STDERR
I0000 00:00:1789074944.516268  106808 train_oblique_forest.cc:1133] Generating trunk synthetic dataset: rows=1500000, cols=4096, layout=column
I0000 00:00:1789074945.849603  106808 train_oblique_forest.cc:1229] -1 (automatic) threads requested. 48 threads set.
I0000 00:00:1789074945.849637  106808 train_oblique_forest.cc:1304] Configuring oblique splits
I0000 00:00:1789074945.849640  106808 train_oblique_forest.cc:1313] dynamic_split_threshold = 10000 (from flag)
I0000 00:00:1789074945.849644  106808 train_oblique_forest.cc:1398] Using Dynamic Random Histogram with 64 samples
I0000 00:00:1789074945.849655  106808 train_oblique_forest.cc:1428] train_oblique_forest wall-time - Loading/Init (pre-train): 1.33341s
I0000 00:00:1789074945.849997  106808 abstract_learner.cc:171] No input feature explicitly specified. Using all the available input features.
I0000 00:00:1789074945.850004  106808 abstract_learner.cc:185] The label "y" was removed from the input feature set.
I0000 00:00:1789074945.850686  106808 random_forest.cc:534] Training random forest on 1500000 example(s) and 4096 feature(s).
I0000 00:00:1789074945.850827  106808 gpu.cc:93] Cannot initialize GPU: Not compiled with GPU support
I0000 00:00:1789074945.851792  106808 random_forest.cc:663] num_threads being used: 48
I0000 00:00:1789075010.726431  106889 random_forest.cc:881] Train tree 1/240  [index:25 total:1m4.87s tree:1m4.87s]
I0000 00:00:1789075075.526878  106871 random_forest.cc:881] Train tree 49/240  [index:70 total:2m9.68s tree:1m3.50s]
I0000 00:00:1789075141.876475  106871 random_forest.cc:881] Train tree 97/240  [index:96 total:3m16.02s tree:1m6.35s]
I0000 00:00:1789075207.492999  106884 random_forest.cc:881] Train tree 145/240  [index:146 total:4m21.64s tree:1m5.22s]
I0000 00:00:1789075274.239760  106884 random_forest.cc:881] Train tree 193/240  [index:192 total:5m28.39s tree:1m6.75s]
I0000 00:00:1789075278.731378  106808 random_forest.cc:899] random_forest.cc Training block took: 332.882 s
W0000 00:00:1789075278.731419  106808 random_forest.cc:1216] EXITING EARLY TO SPEED UP EXPERIMENTS!
RESULT dataset=trunk_1500000_x_4096 threshold=10000 median=332.882s stddev=N/As n=1
./bazel-bin/examples/train_oblique_forest --input_mode trunk --rows 150000 --cols 40000 --num_trees=240 --dynamic_split_threshold=10000 --feature_split_type Oblique --numerical_split_type "Dynamic Random Histogram" --histogram_num_bins 64
----- Run 1/1 -----
WARNING: All log messages before absl::InitializeLog() is called are written to STDERR
I0000 00:00:1789075279.808812  108366 train_oblique_forest.cc:1133] Generating trunk synthetic dataset: rows=150000, cols=40000, layout=column
I0000 00:00:1789075281.095701  108366 train_oblique_forest.cc:1229] -1 (automatic) threads requested. 48 threads set.
I0000 00:00:1789075281.095737  108366 train_oblique_forest.cc:1304] Configuring oblique splits
I0000 00:00:1789075281.095739  108366 train_oblique_forest.cc:1313] dynamic_split_threshold = 10000 (from flag)
I0000 00:00:1789075281.095743  108366 train_oblique_forest.cc:1398] Using Dynamic Random Histogram with 64 samples
I0000 00:00:1789075281.095753  108366 train_oblique_forest.cc:1428] train_oblique_forest wall-time - Loading/Init (pre-train): 1.28697s
I0000 00:00:1789075281.098599  108366 abstract_learner.cc:171] No input feature explicitly specified. Using all the available input features.
I0000 00:00:1789075281.098635  108366 abstract_learner.cc:185] The label "y" was removed from the input feature set.
I0000 00:00:1789075281.105571  108366 random_forest.cc:534] Training random forest on 150000 example(s) and 40000 feature(s).
I0000 00:00:1789075281.106828  108366 gpu.cc:93] Cannot initialize GPU: Not compiled with GPU support
I0000 00:00:1789075281.110368  108366 random_forest.cc:663] num_threads being used: 48
I0000 00:00:1789075298.233139  108440 random_forest.cc:881] Train tree 1/240  [index:26 total:17.12s tree:17.12s]
I0000 00:00:1789075318.281239  108444 random_forest.cc:881] Train tree 82/240  [index:55 total:37.17s tree:19.10s]
I0000 00:00:1789075353.501987  108421 random_forest.cc:881] Train tree 145/240  [index:144 total:1m12.39s tree:18.52s]
I0000 00:00:1789075373.517387  108419 random_forest.cc:881] Train tree 215/240  [index:219 total:1m32.41s tree:18.12s]
I0000 00:00:1789075375.724144  108366 random_forest.cc:899] random_forest.cc Training block took: 94.6284 s
W0000 00:00:1789075375.724185  108366 random_forest.cc:1216] EXITING EARLY TO SPEED UP EXPERIMENTS!
RESULT dataset=trunk_150000_x_40000 threshold=10000 median=94.6284s stddev=N/As n=1
./bazel-bin/examples/train_oblique_forest --input_mode trunk --rows 15000 --cols 400000 --num_trees=240 --dynamic_split_threshold=10000 --feature_split_type Oblique --numerical_split_type "Dynamic Random Histogram" --histogram_num_bins 64
----- Run 1/1 -----
WARNING: All log messages before absl::InitializeLog() is called are written to STDERR
I0000 00:00:1789075376.379921  108863 train_oblique_forest.cc:1133] Generating trunk synthetic dataset: rows=15000, cols=400000, layout=column
I0000 00:00:1789075377.866947  108863 train_oblique_forest.cc:1229] -1 (automatic) threads requested. 48 threads set.
I0000 00:00:1789075377.866986  108863 train_oblique_forest.cc:1304] Configuring oblique splits
I0000 00:00:1789075377.866988  108863 train_oblique_forest.cc:1313] dynamic_split_threshold = 10000 (from flag)
I0000 00:00:1789075377.866992  108863 train_oblique_forest.cc:1398] Using Dynamic Random Histogram with 64 samples
I0000 00:00:1789075377.867001  108863 train_oblique_forest.cc:1428] train_oblique_forest wall-time - Loading/Init (pre-train): 1.48711s
I0000 00:00:1789075377.889952  108863 abstract_learner.cc:171] No input feature explicitly specified. Using all the available input features.
I0000 00:00:1789075377.890220  108863 abstract_learner.cc:185] The label "y" was removed from the input feature set.
I0000 00:00:1789075377.953737  108863 random_forest.cc:534] Training random forest on 15000 example(s) and 400000 feature(s).
I0000 00:00:1789075377.964106  108863 gpu.cc:93] Cannot initialize GPU: Not compiled with GPU support
I0000 00:00:1789075377.988841  108863 random_forest.cc:663] num_threads being used: 48
I0000 00:00:1789075382.615291  108921 random_forest.cc:881] Train tree 1/240  [index:3 total:4.63s tree:4.62s]
I0000 00:00:1789075402.711545  108944 random_forest.cc:881] Train tree 199/240  [index:196 total:24.72s tree:5.22s]
I0000 00:00:1789075404.566399  108863 random_forest.cc:899] random_forest.cc Training block took: 26.6994 s
W0000 00:00:1789075404.566435  108863 random_forest.cc:1216] EXITING EARLY TO SPEED UP EXPERIMENTS!
RESULT dataset=trunk_15000_x_400000 threshold=10000 median=26.6994s stddev=N/As n=1
