==== PROVENANCE ====
date_utc: 2026-08-10T10:23:39Z
git_sha: abc80d98-dirty
git_branch: rebased-main
machine: Intel(R) Xeon(R) Platinum 8488C (nproc=48)
machine_serial: ec2d65b4-2555-44a5-d802-ecaea08b3ad7
EXTRA_BAZEL_CONFIGS: --config=disable_std_upper_bound_vectorization
EXTRA_TRAIN_ARGS: <none>
NUM_TREES: 240  NUM_RUNS: 3
DYNAMIC_SPLIT_THRESHOLDS: 100 600 1100 1600 2100 2600 3100 3600 4100 4600 5100
====================


======== DYNAMIC THRESHOLD SWEEP  configs: --config=disable_std_upper_bound_vectorization  args: <none> ========



======== Threshold 100 ========

./bazel-bin/examples/train_oblique_forest --input_mode csv --train_csv "benchmarks/data/HIGGS_with_header.csv" --label_col "class" --num_trees=240 --dynamic_split_threshold=100 
----- Run 1/3 -----
WARNING: All log messages before absl::InitializeLog() is called are written to STDERR
I0000 00:00:1786357419.182032   18729 train_oblique_forest.cc:582] Loading CSV in a single pass: benchmarks/data/HIGGS_with_header.csv
I0000 00:00:1786357419.186224   18729 vertical_dataset_io.cc:82] 100 examples scanned.
I0000 00:00:1786357449.183251   18729 vertical_dataset_io.cc:82] 7175700 examples scanned.
I0000 00:00:1786357465.881138   18729 vertical_dataset_io.cc:91] 11000000 examples read. Memory: usage:1276MB allocated:1276MB. 0 (0%) examples have been skipped.
I0000 00:00:1786357466.148808   18729 train_oblique_forest.cc:589] Single-pass CSV load complete: 11000000 rows, 29 columns.
I0000 00:00:1786357466.148863   18729 train_oblique_forest.cc:706] -1 (automatic) threads requested. 48 threads set.
I0000 00:00:1786357466.148873   18729 train_oblique_forest.cc:776] Configuring oblique splits
I0000 00:00:1786357466.148875   18729 train_oblique_forest.cc:861] Using Dynamic Random Histogram with 64 samples
I0000 00:00:1786357466.148885   18729 train_oblique_forest.cc:891] train_oblique_forest wall-time - Loading/Init (pre-train): 46.9669s
I0000 00:00:1786357466.148946   18729 abstract_learner.cc:171] No input feature explicitly specified. Using all the available input features.
I0000 00:00:1786357466.148949   18729 abstract_learner.cc:185] The label "class" was removed from the input feature set.
I0000 00:00:1786357466.148962   18729 random_forest.cc:498] Training random forest on 11000000 example(s) and 28 feature(s).
I0000 00:00:1786357466.148973   18729 gpu.cc:93] Cannot initialize GPU: Not compiled with GPU support
I0000 00:00:1786357466.149167   18729 random_forest.cc:667] num_threads being used: 48
I0000 00:00:1786357546.259696   18952 random_forest.cc:980] Train tree 1/240 [index:45 total:1m20.11s tree:1m20.11s]
I0000 00:00:1786357626.479735   18959 random_forest.cc:980] Train tree 49/240 [index:58 total:2m40.33s tree:1m18.98s]
I0000 00:00:1786357707.403021   18959 random_forest.cc:980] Train tree 97/240 [index:96 total:4m1.25s tree:1m20.92s]
I0000 00:00:1786357790.646477   18934 random_forest.cc:980] Train tree 145/240 [index:146 total:5m24.50s tree:1m20.94s]
I0000 00:00:1786357873.490799   18952 random_forest.cc:980] Train tree 193/240 [index:193 total:6m47.34s tree:1m22.75s]
I0000 00:00:1786357885.403444   18729 random_forest.cc:987] random_forest.cc Training block took: 419.255 s
W0000 00:00:1786357885.403481   18729 random_forest.cc:1304] EXITING EARLY TO SPEED UP EXPERIMENTS!
----- Run 2/3 -----
WARNING: All log messages before absl::InitializeLog() is called are written to STDERR
I0000 00:00:1786357891.938699   20597 train_oblique_forest.cc:582] Loading CSV in a single pass: benchmarks/data/HIGGS_with_header.csv
I0000 00:00:1786357891.942904   20597 vertical_dataset_io.cc:82] 100 examples scanned.
I0000 00:00:1786357921.940163   20597 vertical_dataset_io.cc:82] 7220900 examples scanned.
I0000 00:00:1786357938.380460   20597 vertical_dataset_io.cc:91] 11000000 examples read. Memory: usage:1276MB allocated:1276MB. 0 (0%) examples have been skipped.
I0000 00:00:1786357938.650563   20597 train_oblique_forest.cc:589] Single-pass CSV load complete: 11000000 rows, 29 columns.
I0000 00:00:1786357938.650616   20597 train_oblique_forest.cc:706] -1 (automatic) threads requested. 48 threads set.
I0000 00:00:1786357938.650626   20597 train_oblique_forest.cc:776] Configuring oblique splits
I0000 00:00:1786357938.650629   20597 train_oblique_forest.cc:861] Using Dynamic Random Histogram with 64 samples
I0000 00:00:1786357938.650639   20597 train_oblique_forest.cc:891] train_oblique_forest wall-time - Loading/Init (pre-train): 46.712s
I0000 00:00:1786357938.650700   20597 abstract_learner.cc:171] No input feature explicitly specified. Using all the available input features.
I0000 00:00:1786357938.650703   20597 abstract_learner.cc:185] The label "class" was removed from the input feature set.
I0000 00:00:1786357938.650715   20597 random_forest.cc:498] Training random forest on 11000000 example(s) and 28 feature(s).
I0000 00:00:1786357938.650727   20597 gpu.cc:93] Cannot initialize GPU: Not compiled with GPU support
I0000 00:00:1786357938.650927   20597 random_forest.cc:667] num_threads being used: 48
I0000 00:00:1786358018.942244   20816 random_forest.cc:980] Train tree 1/240 [index:45 total:1m20.29s tree:1m20.29s]
I0000 00:00:1786358099.863987   20810 random_forest.cc:980] Train tree 49/240 [index:58 total:2m41.21s tree:1m19.52s]
I0000 00:00:1786358180.571819   20810 random_forest.cc:980] Train tree 97/240 [index:96 total:4m1.92s tree:1m20.71s]
I0000 00:00:1786358264.015815   20786 random_forest.cc:980] Train tree 145/240 [index:145 total:5m25.36s tree:1m21.61s]
I0000 00:00:1786358346.597253   20785 random_forest.cc:980] Train tree 193/240 [index:193 total:6m47.95s tree:1m22.30s]
I0000 00:00:1786358357.590321   20597 random_forest.cc:987] random_forest.cc Training block took: 418.94 s
W0000 00:00:1786358357.590356   20597 random_forest.cc:1304] EXITING EARLY TO SPEED UP EXPERIMENTS!
----- Run 3/3 -----
WARNING: All log messages before absl::InitializeLog() is called are written to STDERR
I0000 00:00:1786358364.125191   22445 train_oblique_forest.cc:582] Loading CSV in a single pass: benchmarks/data/HIGGS_with_header.csv
I0000 00:00:1786358364.129378   22445 vertical_dataset_io.cc:82] 100 examples scanned.
I0000 00:00:1786358394.126663   22445 vertical_dataset_io.cc:82] 7208400 examples scanned.
I0000 00:00:1786358410.631640   22445 vertical_dataset_io.cc:91] 11000000 examples read. Memory: usage:1276MB allocated:1276MB. 0 (0%) examples have been skipped.
I0000 00:00:1786358410.899866   22445 train_oblique_forest.cc:589] Single-pass CSV load complete: 11000000 rows, 29 columns.
I0000 00:00:1786358410.899918   22445 train_oblique_forest.cc:706] -1 (automatic) threads requested. 48 threads set.
I0000 00:00:1786358410.899927   22445 train_oblique_forest.cc:776] Configuring oblique splits
I0000 00:00:1786358410.899930   22445 train_oblique_forest.cc:861] Using Dynamic Random Histogram with 64 samples
I0000 00:00:1786358410.899939   22445 train_oblique_forest.cc:891] train_oblique_forest wall-time - Loading/Init (pre-train): 46.7748s
I0000 00:00:1786358410.900000   22445 abstract_learner.cc:171] No input feature explicitly specified. Using all the available input features.
I0000 00:00:1786358410.900003   22445 abstract_learner.cc:185] The label "class" was removed from the input feature set.
I0000 00:00:1786358410.900015   22445 random_forest.cc:498] Training random forest on 11000000 example(s) and 28 feature(s).
I0000 00:00:1786358410.900027   22445 gpu.cc:93] Cannot initialize GPU: Not compiled with GPU support
I0000 00:00:1786358410.900221   22445 random_forest.cc:667] num_threads being used: 48
I0000 00:00:1786358491.293869   22656 random_forest.cc:980] Train tree 1/240 [index:35 total:1m20.39s tree:1m20.39s]
I0000 00:00:1786358571.609311   22641 random_forest.cc:980] Train tree 49/240 [index:58 total:2m40.71s tree:1m19.21s]
I0000 00:00:1786358652.505590   22641 random_forest.cc:980] Train tree 97/240 [index:96 total:4m1.61s tree:1m20.89s]
I0000 00:00:1786358735.323224   22640 random_forest.cc:980] Train tree 145/240 [index:145 total:5m24.42s tree:1m21.41s]
I0000 00:00:1786358817.977791   22637 random_forest.cc:980] Train tree 193/240 [index:193 total:6m47.08s tree:1m22.52s]
I0000 00:00:1786358829.870173   22445 random_forest.cc:987] random_forest.cc Training block took: 418.97 s
W0000 00:00:1786358829.870212   22445 random_forest.cc:1304] EXITING EARLY TO SPEED UP EXPERIMENTS!
RESULT dataset=HIGGS_with_header threshold=100 median=418.97s stddev=0.173853s n=3
./bazel-bin/examples/train_oblique_forest --input_mode trunk --rows 1500000 --cols 4096 --num_trees=240 --dynamic_split_threshold=100 
----- Run 1/3 -----
WARNING: All log messages before absl::InitializeLog() is called are written to STDERR
I0000 00:00:1786358836.404580   24309 train_oblique_forest.cc:614] Generating trunk synthetic dataset: rows=1500000, cols=4096, layout=column
I0000 00:00:1786358887.619122   24309 train_oblique_forest.cc:706] -1 (automatic) threads requested. 48 threads set.
I0000 00:00:1786358887.619148   24309 train_oblique_forest.cc:776] Configuring oblique splits
I0000 00:00:1786358887.619151   24309 train_oblique_forest.cc:861] Using Dynamic Random Histogram with 64 samples
I0000 00:00:1786358887.619162   24309 train_oblique_forest.cc:891] train_oblique_forest wall-time - Loading/Init (pre-train): 51.2146s
I0000 00:00:1786358887.619481   24309 abstract_learner.cc:171] No input feature explicitly specified. Using all the available input features.
I0000 00:00:1786358887.619487   24309 abstract_learner.cc:185] The label "y" was removed from the input feature set.
I0000 00:00:1786358887.620035   24309 random_forest.cc:498] Training random forest on 1500000 example(s) and 4096 feature(s).
I0000 00:00:1786358887.620161   24309 gpu.cc:93] Cannot initialize GPU: Not compiled with GPU support
I0000 00:00:1786358887.620973   24309 random_forest.cc:667] num_threads being used: 48
I0000 00:00:1786358965.737189   24541 random_forest.cc:980] Train tree 1/240 [index:43 total:1m18.12s tree:1m18.11s]
I0000 00:00:1786359043.728037   24538 random_forest.cc:980] Train tree 49/240 [index:70 total:2m36.11s tree:1m15.98s]
I0000 00:00:1786359125.034854   24538 random_forest.cc:980] Train tree 97/240 [index:96 total:3m57.41s tree:1m21.31s]
I0000 00:00:1786359205.268559   24527 random_forest.cc:980] Train tree 145/240 [index:182 total:5m17.65s tree:1m16.26s]
I0000 00:00:1786359285.239537   24508 random_forest.cc:980] Train tree 193/240 [index:202 total:6m37.62s tree:1m17.87s]
I0000 00:00:1786359291.349993   24309 random_forest.cc:987] random_forest.cc Training block took: 403.731 s
W0000 00:00:1786359291.350035   24309 random_forest.cc:1304] EXITING EARLY TO SPEED UP EXPERIMENTS!
----- Run 2/3 -----
WARNING: All log messages before absl::InitializeLog() is called are written to STDERR
I0000 00:00:1786359292.471241   26096 train_oblique_forest.cc:614] Generating trunk synthetic dataset: rows=1500000, cols=4096, layout=column
I0000 00:00:1786359343.951496   26096 train_oblique_forest.cc:706] -1 (automatic) threads requested. 48 threads set.
I0000 00:00:1786359343.951521   26096 train_oblique_forest.cc:776] Configuring oblique splits
I0000 00:00:1786359343.951524   26096 train_oblique_forest.cc:861] Using Dynamic Random Histogram with 64 samples
I0000 00:00:1786359343.951536   26096 train_oblique_forest.cc:891] train_oblique_forest wall-time - Loading/Init (pre-train): 51.4803s
I0000 00:00:1786359343.951829   26096 abstract_learner.cc:171] No input feature explicitly specified. Using all the available input features.
I0000 00:00:1786359343.951835   26096 abstract_learner.cc:185] The label "y" was removed from the input feature set.
I0000 00:00:1786359343.952387   26096 random_forest.cc:498] Training random forest on 1500000 example(s) and 4096 feature(s).
I0000 00:00:1786359343.952514   26096 gpu.cc:93] Cannot initialize GPU: Not compiled with GPU support
I0000 00:00:1786359343.953332   26096 random_forest.cc:667] num_threads being used: 48
I0000 00:00:1786359422.123820   26338 random_forest.cc:980] Train tree 1/240 [index:43 total:1m18.17s tree:1m18.16s]
I0000 00:00:1786359500.211969   26335 random_forest.cc:980] Train tree 49/240 [index:70 total:2m36.26s tree:1m16.01s]
I0000 00:00:1786359581.146526   26311 random_forest.cc:980] Train tree 97/240 [index:116 total:3m57.19s tree:1m16.99s]
I0000 00:00:1786359661.937126   26335 random_forest.cc:980] Train tree 145/240 [index:145 total:5m17.98s tree:1m20.74s]
I0000 00:00:1786359741.829972   26330 random_forest.cc:980] Train tree 193/240 [index:202 total:6m37.88s tree:1m17.95s]
I0000 00:00:1786359749.422757   26096 random_forest.cc:987] random_forest.cc Training block took: 405.471 s
W0000 00:00:1786359749.422799   26096 random_forest.cc:1304] EXITING EARLY TO SPEED UP EXPERIMENTS!
----- Run 3/3 -----
WARNING: All log messages before absl::InitializeLog() is called are written to STDERR
I0000 00:00:1786359750.506568   27898 train_oblique_forest.cc:614] Generating trunk synthetic dataset: rows=1500000, cols=4096, layout=column
I0000 00:00:1786359801.771221   27898 train_oblique_forest.cc:706] -1 (automatic) threads requested. 48 threads set.
I0000 00:00:1786359801.771247   27898 train_oblique_forest.cc:776] Configuring oblique splits
I0000 00:00:1786359801.771250   27898 train_oblique_forest.cc:861] Using Dynamic Random Histogram with 64 samples
I0000 00:00:1786359801.771262   27898 train_oblique_forest.cc:891] train_oblique_forest wall-time - Loading/Init (pre-train): 51.2647s
I0000 00:00:1786359801.771556   27898 abstract_learner.cc:171] No input feature explicitly specified. Using all the available input features.
I0000 00:00:1786359801.771561   27898 abstract_learner.cc:185] The label "y" was removed from the input feature set.
I0000 00:00:1786359801.772113   27898 random_forest.cc:498] Training random forest on 1500000 example(s) and 4096 feature(s).
I0000 00:00:1786359801.772246   27898 gpu.cc:93] Cannot initialize GPU: Not compiled with GPU support
I0000 00:00:1786359801.773079   27898 random_forest.cc:667] num_threads being used: 48
I0000 00:00:1786359880.076458   28134 random_forest.cc:980] Train tree 1/240 [index:43 total:1m18.30s tree:1m18.30s]
I0000 00:00:1786359957.869522   28124 random_forest.cc:980] Train tree 49/240 [index:70 total:2m36.10s tree:1m15.88s]
I0000 00:00:1786360038.890285   28124 random_forest.cc:980] Train tree 97/240 [index:96 total:3m57.12s tree:1m21.02s]
I0000 00:00:1786360119.454779   28138 random_forest.cc:980] Train tree 145/240 [index:182 total:5m17.68s tree:1m15.65s]
I0000 00:00:1786360199.963935   28113 random_forest.cc:980] Train tree 193/240 [index:202 total:6m38.19s tree:1m18.18s]
I0000 00:00:1786360206.517257   27898 random_forest.cc:987] random_forest.cc Training block took: 404.746 s
W0000 00:00:1786360206.517299   27898 random_forest.cc:1304] EXITING EARLY TO SPEED UP EXPERIMENTS!
RESULT dataset=trunk_1500000_x_4096 threshold=100 median=404.746s stddev=0.874018s n=3


======== Threshold 600 ========

./bazel-bin/examples/train_oblique_forest --input_mode csv --train_csv "benchmarks/data/HIGGS_with_header.csv" --label_col "class" --num_trees=240 --dynamic_split_threshold=600 
----- Run 1/3 -----
WARNING: All log messages before absl::InitializeLog() is called are written to STDERR
I0000 00:00:1786360207.612755   29698 train_oblique_forest.cc:582] Loading CSV in a single pass: benchmarks/data/HIGGS_with_header.csv
I0000 00:00:1786360207.616905   29698 vertical_dataset_io.cc:82] 100 examples scanned.
I0000 00:00:1786360237.614340   29698 vertical_dataset_io.cc:82] 7228200 examples scanned.
I0000 00:00:1786360253.987394   29698 vertical_dataset_io.cc:91] 11000000 examples read. Memory: usage:1276MB allocated:1276MB. 0 (0%) examples have been skipped.
I0000 00:00:1786360254.254891   29698 train_oblique_forest.cc:589] Single-pass CSV load complete: 11000000 rows, 29 columns.
I0000 00:00:1786360254.254936   29698 train_oblique_forest.cc:706] -1 (automatic) threads requested. 48 threads set.
I0000 00:00:1786360254.254945   29698 train_oblique_forest.cc:776] Configuring oblique splits
I0000 00:00:1786360254.254947   29698 train_oblique_forest.cc:861] Using Dynamic Random Histogram with 64 samples
I0000 00:00:1786360254.254957   29698 train_oblique_forest.cc:891] train_oblique_forest wall-time - Loading/Init (pre-train): 46.6422s
I0000 00:00:1786360254.255013   29698 abstract_learner.cc:171] No input feature explicitly specified. Using all the available input features.
I0000 00:00:1786360254.255016   29698 abstract_learner.cc:185] The label "class" was removed from the input feature set.
I0000 00:00:1786360254.255028   29698 random_forest.cc:498] Training random forest on 11000000 example(s) and 28 feature(s).
I0000 00:00:1786360254.255039   29698 gpu.cc:93] Cannot initialize GPU: Not compiled with GPU support
I0000 00:00:1786360254.255231   29698 random_forest.cc:667] num_threads being used: 48
I0000 00:00:1786360328.886493   29931 random_forest.cc:980] Train tree 1/240 [index:12 total:1m14.63s tree:1m14.63s]
I0000 00:00:1786360405.295858   29900 random_forest.cc:980] Train tree 49/240 [index:51 total:2m31.04s tree:1m15.62s]
I0000 00:00:1786360481.655040   29908 random_forest.cc:980] Train tree 97/240 [index:101 total:3m47.40s tree:1m14.81s]
I0000 00:00:1786360558.478851   29908 random_forest.cc:980] Train tree 145/240 [index:144 total:5m4.22s tree:1m16.82s]
I0000 00:00:1786360635.063763   29908 random_forest.cc:980] Train tree 193/240 [index:192 total:6m20.81s tree:1m16.58s]
I0000 00:00:1786360645.422772   29698 random_forest.cc:987] random_forest.cc Training block took: 391.168 s
W0000 00:00:1786360645.422814   29698 random_forest.cc:1304] EXITING EARLY TO SPEED UP EXPERIMENTS!
----- Run 2/3 -----
WARNING: All log messages before absl::InitializeLog() is called are written to STDERR
I0000 00:00:1786360651.817887   31449 train_oblique_forest.cc:582] Loading CSV in a single pass: benchmarks/data/HIGGS_with_header.csv
I0000 00:00:1786360651.822102   31449 vertical_dataset_io.cc:82] 100 examples scanned.
I0000 00:00:1786360681.819280   31449 vertical_dataset_io.cc:82] 7208700 examples scanned.
I0000 00:00:1786360698.316809   31449 vertical_dataset_io.cc:91] 11000000 examples read. Memory: usage:1276MB allocated:1276MB. 0 (0%) examples have been skipped.
I0000 00:00:1786360698.585453   31449 train_oblique_forest.cc:589] Single-pass CSV load complete: 11000000 rows, 29 columns.
I0000 00:00:1786360698.585495   31449 train_oblique_forest.cc:706] -1 (automatic) threads requested. 48 threads set.
I0000 00:00:1786360698.585505   31449 train_oblique_forest.cc:776] Configuring oblique splits
I0000 00:00:1786360698.585508   31449 train_oblique_forest.cc:861] Using Dynamic Random Histogram with 64 samples
I0000 00:00:1786360698.585518   31449 train_oblique_forest.cc:891] train_oblique_forest wall-time - Loading/Init (pre-train): 46.7677s
I0000 00:00:1786360698.585572   31449 abstract_learner.cc:171] No input feature explicitly specified. Using all the available input features.
I0000 00:00:1786360698.585574   31449 abstract_learner.cc:185] The label "class" was removed from the input feature set.
I0000 00:00:1786360698.585590   31449 random_forest.cc:498] Training random forest on 11000000 example(s) and 28 feature(s).
I0000 00:00:1786360698.585600   31449 gpu.cc:93] Cannot initialize GPU: Not compiled with GPU support
I0000 00:00:1786360698.585789   31449 random_forest.cc:667] num_threads being used: 48
I0000 00:00:1786360773.239403   31676 random_forest.cc:980] Train tree 1/240 [index:12 total:1m14.65s tree:1m14.65s]
I0000 00:00:1786360849.518849   31668 random_forest.cc:980] Train tree 49/240 [index:51 total:2m30.93s tree:1m15.46s]
I0000 00:00:1786360926.216813   31666 random_forest.cc:980] Train tree 97/240 [index:101 total:3m47.63s tree:1m14.81s]
I0000 00:00:1786361002.966651   31666 random_forest.cc:980] Train tree 145/240 [index:144 total:5m4.38s tree:1m16.75s]
I0000 00:00:1786361079.934826   31666 random_forest.cc:980] Train tree 193/240 [index:192 total:6m21.35s tree:1m16.97s]
I0000 00:00:1786361090.356958   31449 random_forest.cc:987] random_forest.cc Training block took: 391.771 s
W0000 00:00:1786361090.356996   31449 random_forest.cc:1304] EXITING EARLY TO SPEED UP EXPERIMENTS!
----- Run 3/3 -----
WARNING: All log messages before absl::InitializeLog() is called are written to STDERR
I0000 00:00:1786361096.793847   33194 train_oblique_forest.cc:582] Loading CSV in a single pass: benchmarks/data/HIGGS_with_header.csv
I0000 00:00:1786361096.798111   33194 vertical_dataset_io.cc:82] 100 examples scanned.
I0000 00:00:1786361126.795449   33194 vertical_dataset_io.cc:82] 7210800 examples scanned.
I0000 00:00:1786361143.274934   33194 vertical_dataset_io.cc:91] 11000000 examples read. Memory: usage:1276MB allocated:1276MB. 0 (0%) examples have been skipped.
I0000 00:00:1786361143.542748   33194 train_oblique_forest.cc:589] Single-pass CSV load complete: 11000000 rows, 29 columns.
I0000 00:00:1786361143.542797   33194 train_oblique_forest.cc:706] -1 (automatic) threads requested. 48 threads set.
I0000 00:00:1786361143.542807   33194 train_oblique_forest.cc:776] Configuring oblique splits
I0000 00:00:1786361143.542809   33194 train_oblique_forest.cc:861] Using Dynamic Random Histogram with 64 samples
I0000 00:00:1786361143.542819   33194 train_oblique_forest.cc:891] train_oblique_forest wall-time - Loading/Init (pre-train): 46.749s
I0000 00:00:1786361143.542882   33194 abstract_learner.cc:171] No input feature explicitly specified. Using all the available input features.
I0000 00:00:1786361143.542884   33194 abstract_learner.cc:185] The label "class" was removed from the input feature set.
I0000 00:00:1786361143.542896   33194 random_forest.cc:498] Training random forest on 11000000 example(s) and 28 feature(s).
I0000 00:00:1786361143.542908   33194 gpu.cc:93] Cannot initialize GPU: Not compiled with GPU support
I0000 00:00:1786361143.543101   33194 random_forest.cc:667] num_threads being used: 48
I0000 00:00:1786361218.071430   33427 random_forest.cc:980] Train tree 1/240 [index:12 total:1m14.53s tree:1m14.53s]
I0000 00:00:1786361294.883581   33419 random_forest.cc:980] Train tree 49/240 [index:51 total:2m31.34s tree:1m15.91s]
I0000 00:00:1786361370.794834   33408 random_forest.cc:980] Train tree 97/240 [index:101 total:3m47.25s tree:1m14.87s]
I0000 00:00:1786361447.867046   33408 random_forest.cc:980] Train tree 145/240 [index:144 total:5m4.32s tree:1m17.07s]
I0000 00:00:1786361525.364119   33408 random_forest.cc:980] Train tree 193/240 [index:192 total:6m21.82s tree:1m17.50s]
I0000 00:00:1786361535.850800   33194 random_forest.cc:987] random_forest.cc Training block took: 392.308 s
W0000 00:00:1786361535.850839   33194 random_forest.cc:1304] EXITING EARLY TO SPEED UP EXPERIMENTS!
RESULT dataset=HIGGS_with_header threshold=600 median=391.771s stddev=0.570318s n=3
./bazel-bin/examples/train_oblique_forest --input_mode trunk --rows 1500000 --cols 4096 --num_trees=240 --dynamic_split_threshold=600 
----- Run 1/3 -----
WARNING: All log messages before absl::InitializeLog() is called are written to STDERR
I0000 00:00:1786361542.212891   34962 train_oblique_forest.cc:614] Generating trunk synthetic dataset: rows=1500000, cols=4096, layout=column
I0000 00:00:1786361593.460652   34962 train_oblique_forest.cc:706] -1 (automatic) threads requested. 48 threads set.
I0000 00:00:1786361593.460675   34962 train_oblique_forest.cc:776] Configuring oblique splits
I0000 00:00:1786361593.460679   34962 train_oblique_forest.cc:861] Using Dynamic Random Histogram with 64 samples
I0000 00:00:1786361593.460690   34962 train_oblique_forest.cc:891] train_oblique_forest wall-time - Loading/Init (pre-train): 51.2478s
I0000 00:00:1786361593.461019   34962 abstract_learner.cc:171] No input feature explicitly specified. Using all the available input features.
I0000 00:00:1786361593.461025   34962 abstract_learner.cc:185] The label "y" was removed from the input feature set.
I0000 00:00:1786361593.461569   34962 random_forest.cc:498] Training random forest on 1500000 example(s) and 4096 feature(s).
I0000 00:00:1786361593.461695   34962 gpu.cc:93] Cannot initialize GPU: Not compiled with GPU support
I0000 00:00:1786361593.462516   34962 random_forest.cc:667] num_threads being used: 48
I0000 00:00:1786361664.940235   35171 random_forest.cc:980] Train tree 1/240 [index:30 total:1m11.48s tree:1m11.47s]
I0000 00:00:1786361737.555694   35171 random_forest.cc:980] Train tree 49/240 [index:48 total:2m24.09s tree:1m12.62s]
I0000 00:00:1786361810.342247   35172 random_forest.cc:980] Train tree 97/240 [index:100 total:3m36.88s tree:1m12.20s]
I0000 00:00:1786361882.885253   35172 random_forest.cc:980] Train tree 145/240 [index:144 total:4m49.42s tree:1m12.54s]
I0000 00:00:1786361956.213278   35172 random_forest.cc:980] Train tree 193/240 [index:192 total:6m2.75s tree:1m13.33s]
I0000 00:00:1786361962.301936   34962 random_forest.cc:987] random_forest.cc Training block took: 368.841 s
W0000 00:00:1786361962.301976   34962 random_forest.cc:1304] EXITING EARLY TO SPEED UP EXPERIMENTS!
----- Run 2/3 -----
WARNING: All log messages before absl::InitializeLog() is called are written to STDERR
I0000 00:00:1786361963.410076   36619 train_oblique_forest.cc:614] Generating trunk synthetic dataset: rows=1500000, cols=4096, layout=column
I0000 00:00:1786362014.736593   36619 train_oblique_forest.cc:706] -1 (automatic) threads requested. 48 threads set.
I0000 00:00:1786362014.736617   36619 train_oblique_forest.cc:776] Configuring oblique splits
I0000 00:00:1786362014.736620   36619 train_oblique_forest.cc:861] Using Dynamic Random Histogram with 64 samples
I0000 00:00:1786362014.736632   36619 train_oblique_forest.cc:891] train_oblique_forest wall-time - Loading/Init (pre-train): 51.3266s
I0000 00:00:1786362014.736947   36619 abstract_learner.cc:171] No input feature explicitly specified. Using all the available input features.
I0000 00:00:1786362014.736953   36619 abstract_learner.cc:185] The label "y" was removed from the input feature set.
I0000 00:00:1786362014.737505   36619 random_forest.cc:498] Training random forest on 1500000 example(s) and 4096 feature(s).
I0000 00:00:1786362014.737628   36619 gpu.cc:93] Cannot initialize GPU: Not compiled with GPU support
I0000 00:00:1786362014.738465   36619 random_forest.cc:667] num_threads being used: 48
I0000 00:00:1786362086.372484   36855 random_forest.cc:980] Train tree 1/240 [index:30 total:1m11.63s tree:1m11.63s]
I0000 00:00:1786362158.631493   36827 random_forest.cc:980] Train tree 49/240 [index:70 total:2m23.89s tree:1m11.19s]
I0000 00:00:1786362231.703103   36827 random_forest.cc:980] Train tree 97/240 [index:96 total:3m36.96s tree:1m13.07s]
I0000 00:00:1786362304.267163   36827 random_forest.cc:980] Train tree 145/240 [index:144 total:4m49.53s tree:1m12.56s]
I0000 00:00:1786362378.352002   36827 random_forest.cc:980] Train tree 193/240 [index:192 total:6m3.61s tree:1m14.08s]
I0000 00:00:1786362382.667953   36619 random_forest.cc:987] random_forest.cc Training block took: 367.931 s
W0000 00:00:1786362382.667987   36619 random_forest.cc:1304] EXITING EARLY TO SPEED UP EXPERIMENTS!
----- Run 3/3 -----
WARNING: All log messages before absl::InitializeLog() is called are written to STDERR
I0000 00:00:1786362383.747711   38280 train_oblique_forest.cc:614] Generating trunk synthetic dataset: rows=1500000, cols=4096, layout=column
I0000 00:00:1786362434.969893   38280 train_oblique_forest.cc:706] -1 (automatic) threads requested. 48 threads set.
I0000 00:00:1786362434.969919   38280 train_oblique_forest.cc:776] Configuring oblique splits
I0000 00:00:1786362434.969922   38280 train_oblique_forest.cc:861] Using Dynamic Random Histogram with 64 samples
I0000 00:00:1786362434.969934   38280 train_oblique_forest.cc:891] train_oblique_forest wall-time - Loading/Init (pre-train): 51.2222s
I0000 00:00:1786362434.970223   38280 abstract_learner.cc:171] No input feature explicitly specified. Using all the available input features.
I0000 00:00:1786362434.970228   38280 abstract_learner.cc:185] The label "y" was removed from the input feature set.
I0000 00:00:1786362434.970744   38280 random_forest.cc:498] Training random forest on 1500000 example(s) and 4096 feature(s).
I0000 00:00:1786362434.970869   38280 gpu.cc:93] Cannot initialize GPU: Not compiled with GPU support
I0000 00:00:1786362434.971656   38280 random_forest.cc:667] num_threads being used: 48
I0000 00:00:1786362506.867870   38509 random_forest.cc:980] Train tree 1/240 [index:30 total:1m11.90s tree:1m11.89s]
I0000 00:00:1786362579.210035   38500 random_forest.cc:980] Train tree 49/240 [index:70 total:2m24.24s tree:1m11.50s]
I0000 00:00:1786362652.510762   38524 random_forest.cc:980] Train tree 97/240 [index:97 total:3m37.54s tree:1m12.94s]
I0000 00:00:1786362725.573747   38524 random_forest.cc:980] Train tree 145/240 [index:144 total:4m50.60s tree:1m13.06s]
I0000 00:00:1786362798.838120   38484 random_forest.cc:980] Train tree 193/240 [index:208 total:6m3.87s tree:1m12.28s]
I0000 00:00:1786362803.363644   38280 random_forest.cc:987] random_forest.cc Training block took: 368.394 s
W0000 00:00:1786362803.363688   38280 random_forest.cc:1304] EXITING EARLY TO SPEED UP EXPERIMENTS!
RESULT dataset=trunk_1500000_x_4096 threshold=600 median=368.394s stddev=0.455023s n=3


======== Threshold 1100 ========

./bazel-bin/examples/train_oblique_forest --input_mode csv --train_csv "benchmarks/data/HIGGS_with_header.csv" --label_col "class" --num_trees=240 --dynamic_split_threshold=1100 
----- Run 1/3 -----
WARNING: All log messages before absl::InitializeLog() is called are written to STDERR
I0000 00:00:1786362804.450892   39950 train_oblique_forest.cc:582] Loading CSV in a single pass: benchmarks/data/HIGGS_with_header.csv
I0000 00:00:1786362804.455105   39950 vertical_dataset_io.cc:82] 100 examples scanned.
I0000 00:00:1786362834.452291   39950 vertical_dataset_io.cc:82] 7239000 examples scanned.
I0000 00:00:1786362850.767065   39950 vertical_dataset_io.cc:91] 11000000 examples read. Memory: usage:1276MB allocated:1276MB. 0 (0%) examples have been skipped.
I0000 00:00:1786362851.034617   39950 train_oblique_forest.cc:589] Single-pass CSV load complete: 11000000 rows, 29 columns.
I0000 00:00:1786362851.034672   39950 train_oblique_forest.cc:706] -1 (automatic) threads requested. 48 threads set.
I0000 00:00:1786362851.034681   39950 train_oblique_forest.cc:776] Configuring oblique splits
I0000 00:00:1786362851.034684   39950 train_oblique_forest.cc:861] Using Dynamic Random Histogram with 64 samples
I0000 00:00:1786362851.034695   39950 train_oblique_forest.cc:891] train_oblique_forest wall-time - Loading/Init (pre-train): 46.5838s
I0000 00:00:1786362851.034756   39950 abstract_learner.cc:171] No input feature explicitly specified. Using all the available input features.
I0000 00:00:1786362851.034759   39950 abstract_learner.cc:185] The label "class" was removed from the input feature set.
I0000 00:00:1786362851.034771   39950 random_forest.cc:498] Training random forest on 11000000 example(s) and 28 feature(s).
I0000 00:00:1786362851.034783   39950 gpu.cc:93] Cannot initialize GPU: Not compiled with GPU support
I0000 00:00:1786362851.034980   39950 random_forest.cc:667] num_threads being used: 48
I0000 00:00:1786362924.386731   40151 random_forest.cc:980] Train tree 1/240 [index:29 total:1m13.35s tree:1m13.35s]
I0000 00:00:1786362999.453708   40151 random_forest.cc:980] Train tree 49/240 [index:48 total:2m28.42s tree:1m15.07s]
I0000 00:00:1786363074.354511   40161 random_forest.cc:980] Train tree 97/240 [index:104 total:3m43.32s tree:1m13.03s]
I0000 00:00:1786363150.565015   40141 random_forest.cc:980] Train tree 145/240 [index:151 total:4m59.53s tree:1m14.48s]
I0000 00:00:1786363225.847290   40161 random_forest.cc:980] Train tree 193/240 [index:198 total:6m14.81s tree:1m14.67s]
I0000 00:00:1786363236.026009   39950 random_forest.cc:987] random_forest.cc Training block took: 384.991 s
W0000 00:00:1786363236.026041   39950 random_forest.cc:1304] EXITING EARLY TO SPEED UP EXPERIMENTS!
----- Run 2/3 -----
WARNING: All log messages before absl::InitializeLog() is called are written to STDERR
I0000 00:00:1786363242.400741   41674 train_oblique_forest.cc:582] Loading CSV in a single pass: benchmarks/data/HIGGS_with_header.csv
I0000 00:00:1786363242.405074   41674 vertical_dataset_io.cc:82] 100 examples scanned.
I0000 00:00:1786363272.402027   41674 vertical_dataset_io.cc:82] 7219200 examples scanned.
I0000 00:00:1786363288.818236   41674 vertical_dataset_io.cc:91] 11000000 examples read. Memory: usage:1276MB allocated:1276MB. 0 (0%) examples have been skipped.
I0000 00:00:1786363289.084936   41674 train_oblique_forest.cc:589] Single-pass CSV load complete: 11000000 rows, 29 columns.
I0000 00:00:1786363289.084987   41674 train_oblique_forest.cc:706] -1 (automatic) threads requested. 48 threads set.
I0000 00:00:1786363289.084997   41674 train_oblique_forest.cc:776] Configuring oblique splits
I0000 00:00:1786363289.084999   41674 train_oblique_forest.cc:861] Using Dynamic Random Histogram with 64 samples
I0000 00:00:1786363289.085009   41674 train_oblique_forest.cc:891] train_oblique_forest wall-time - Loading/Init (pre-train): 46.6843s
I0000 00:00:1786363289.085070   41674 abstract_learner.cc:171] No input feature explicitly specified. Using all the available input features.
I0000 00:00:1786363289.085072   41674 abstract_learner.cc:185] The label "class" was removed from the input feature set.
I0000 00:00:1786363289.085084   41674 random_forest.cc:498] Training random forest on 11000000 example(s) and 28 feature(s).
I0000 00:00:1786363289.085096   41674 gpu.cc:93] Cannot initialize GPU: Not compiled with GPU support
I0000 00:00:1786363289.085288   41674 random_forest.cc:667] num_threads being used: 48
I0000 00:00:1786363362.027090   41871 random_forest.cc:980] Train tree 1/240 [index:29 total:1m12.94s tree:1m12.94s]
I0000 00:00:1786363437.014334   41871 random_forest.cc:980] Train tree 49/240 [index:48 total:2m27.93s tree:1m14.99s]
I0000 00:00:1786363511.833649   41887 random_forest.cc:980] Train tree 97/240 [index:98 total:3m42.75s tree:1m14.29s]
I0000 00:00:1786363587.641781   41853 random_forest.cc:980] Train tree 145/240 [index:149 total:4m58.56s tree:1m14.72s]
I0000 00:00:1786363662.945255   41853 random_forest.cc:980] Train tree 193/240 [index:192 total:6m13.86s tree:1m15.30s]
I0000 00:00:1786363672.841652   41674 random_forest.cc:987] random_forest.cc Training block took: 383.757 s
W0000 00:00:1786363672.841692   41674 random_forest.cc:1304] EXITING EARLY TO SPEED UP EXPERIMENTS!
----- Run 3/3 -----
WARNING: All log messages before absl::InitializeLog() is called are written to STDERR
I0000 00:00:1786363679.197066   43387 train_oblique_forest.cc:582] Loading CSV in a single pass: benchmarks/data/HIGGS_with_header.csv
I0000 00:00:1786363679.201267   43387 vertical_dataset_io.cc:82] 100 examples scanned.
I0000 00:00:1786363709.198313   43387 vertical_dataset_io.cc:82] 7217900 examples scanned.
I0000 00:00:1786363725.633990   43387 vertical_dataset_io.cc:91] 11000000 examples read. Memory: usage:1276MB allocated:1276MB. 0 (0%) examples have been skipped.
I0000 00:00:1786363725.900892   43387 train_oblique_forest.cc:589] Single-pass CSV load complete: 11000000 rows, 29 columns.
I0000 00:00:1786363725.900943   43387 train_oblique_forest.cc:706] -1 (automatic) threads requested. 48 threads set.
I0000 00:00:1786363725.900952   43387 train_oblique_forest.cc:776] Configuring oblique splits
I0000 00:00:1786363725.900955   43387 train_oblique_forest.cc:861] Using Dynamic Random Histogram with 64 samples
I0000 00:00:1786363725.900966   43387 train_oblique_forest.cc:891] train_oblique_forest wall-time - Loading/Init (pre-train): 46.7039s
I0000 00:00:1786363725.901028   43387 abstract_learner.cc:171] No input feature explicitly specified. Using all the available input features.
I0000 00:00:1786363725.901030   43387 abstract_learner.cc:185] The label "class" was removed from the input feature set.
I0000 00:00:1786363725.901042   43387 random_forest.cc:498] Training random forest on 11000000 example(s) and 28 feature(s).
I0000 00:00:1786363725.901053   43387 gpu.cc:93] Cannot initialize GPU: Not compiled with GPU support
I0000 00:00:1786363725.901249   43387 random_forest.cc:667] num_threads being used: 48
I0000 00:00:1786363799.125538   43590 random_forest.cc:980] Train tree 1/240 [index:29 total:1m13.22s tree:1m13.22s]
I0000 00:00:1786363873.879931   43590 random_forest.cc:980] Train tree 49/240 [index:48 total:2m27.98s tree:1m14.75s]
I0000 00:00:1786363948.968571   43602 random_forest.cc:980] Train tree 97/240 [index:98 total:3m43.07s tree:1m14.19s]
I0000 00:00:1786364024.806579   43588 random_forest.cc:980] Train tree 145/240 [index:151 total:4m58.91s tree:1m14.50s]
I0000 00:00:1786364099.761058   43602 random_forest.cc:980] Train tree 193/240 [index:200 total:6m13.86s tree:1m13.88s]
I0000 00:00:1786364110.844539   43387 random_forest.cc:987] random_forest.cc Training block took: 384.944 s
W0000 00:00:1786364110.844580   43387 random_forest.cc:1304] EXITING EARLY TO SPEED UP EXPERIMENTS!
RESULT dataset=HIGGS_with_header threshold=1100 median=384.944s stddev=0.699277s n=3
./bazel-bin/examples/train_oblique_forest --input_mode trunk --rows 1500000 --cols 4096 --num_trees=240 --dynamic_split_threshold=1100 
----- Run 1/3 -----
WARNING: All log messages before absl::InitializeLog() is called are written to STDERR
I0000 00:00:1786364117.272230   45123 train_oblique_forest.cc:614] Generating trunk synthetic dataset: rows=1500000, cols=4096, layout=column
I0000 00:00:1786364168.691112   45123 train_oblique_forest.cc:706] -1 (automatic) threads requested. 48 threads set.
I0000 00:00:1786364168.691134   45123 train_oblique_forest.cc:776] Configuring oblique splits
I0000 00:00:1786364168.691137   45123 train_oblique_forest.cc:861] Using Dynamic Random Histogram with 64 samples
I0000 00:00:1786364168.691149   45123 train_oblique_forest.cc:891] train_oblique_forest wall-time - Loading/Init (pre-train): 51.4189s
I0000 00:00:1786364168.691445   45123 abstract_learner.cc:171] No input feature explicitly specified. Using all the available input features.
I0000 00:00:1786364168.691451   45123 abstract_learner.cc:185] The label "y" was removed from the input feature set.
I0000 00:00:1786364168.692006   45123 random_forest.cc:498] Training random forest on 1500000 example(s) and 4096 feature(s).
I0000 00:00:1786364168.692129   45123 gpu.cc:93] Cannot initialize GPU: Not compiled with GPU support
I0000 00:00:1786364168.692944   45123 random_forest.cc:667] num_threads being used: 48
I0000 00:00:1786364237.645429   45356 random_forest.cc:980] Train tree 1/240 [index:30 total:1m8.95s tree:1m8.95s]
I0000 00:00:1786364308.052432   45334 random_forest.cc:980] Train tree 49/240 [index:70 total:2m19.36s tree:1m8.63s]
I0000 00:00:1786364379.057581   45334 random_forest.cc:980] Train tree 97/240 [index:96 total:3m30.36s tree:1m11.01s]
I0000 00:00:1786364449.777314   45334 random_forest.cc:980] Train tree 145/240 [index:144 total:4m41.08s tree:1m10.72s]
I0000 00:00:1786364521.015492   45356 random_forest.cc:980] Train tree 193/240 [index:194 total:5m52.32s tree:1m10.41s]
I0000 00:00:1786364526.245535   45123 random_forest.cc:987] random_forest.cc Training block took: 357.554 s
W0000 00:00:1786364526.245579   45123 random_forest.cc:1304] EXITING EARLY TO SPEED UP EXPERIMENTS!
----- Run 2/3 -----
WARNING: All log messages before absl::InitializeLog() is called are written to STDERR
I0000 00:00:1786364527.340860   46733 train_oblique_forest.cc:614] Generating trunk synthetic dataset: rows=1500000, cols=4096, layout=column
I0000 00:00:1786364578.784807   46733 train_oblique_forest.cc:706] -1 (automatic) threads requested. 48 threads set.
I0000 00:00:1786364578.784831   46733 train_oblique_forest.cc:776] Configuring oblique splits
I0000 00:00:1786364578.784834   46733 train_oblique_forest.cc:861] Using Dynamic Random Histogram with 64 samples
I0000 00:00:1786364578.784849   46733 train_oblique_forest.cc:891] train_oblique_forest wall-time - Loading/Init (pre-train): 51.444s
I0000 00:00:1786364578.785138   46733 abstract_learner.cc:171] No input feature explicitly specified. Using all the available input features.
I0000 00:00:1786364578.785144   46733 abstract_learner.cc:185] The label "y" was removed from the input feature set.
I0000 00:00:1786364578.785687   46733 random_forest.cc:498] Training random forest on 1500000 example(s) and 4096 feature(s).
I0000 00:00:1786364578.785815   46733 gpu.cc:93] Cannot initialize GPU: Not compiled with GPU support
I0000 00:00:1786364578.786630   46733 random_forest.cc:667] num_threads being used: 48
I0000 00:00:1786364648.190017   46971 random_forest.cc:980] Train tree 1/240 [index:43 total:1m9.40s tree:1m9.40s]
I0000 00:00:1786364718.320211   46940 random_forest.cc:980] Train tree 49/240 [index:70 total:2m19.53s tree:1m8.76s]
I0000 00:00:1786364789.467531   46940 random_forest.cc:980] Train tree 97/240 [index:96 total:3m30.68s tree:1m11.15s]
I0000 00:00:1786364860.227795   46940 random_forest.cc:980] Train tree 145/240 [index:144 total:4m41.44s tree:1m10.76s]
I0000 00:00:1786364931.704538   46981 random_forest.cc:980] Train tree 193/240 [index:194 total:5m52.92s tree:1m10.46s]
I0000 00:00:1786364936.004358   46733 random_forest.cc:987] random_forest.cc Training block took: 357.219 s
W0000 00:00:1786364936.004399   46733 random_forest.cc:1304] EXITING EARLY TO SPEED UP EXPERIMENTS!
----- Run 3/3 -----
WARNING: All log messages before absl::InitializeLog() is called are written to STDERR
I0000 00:00:1786364937.082971   48349 train_oblique_forest.cc:614] Generating trunk synthetic dataset: rows=1500000, cols=4096, layout=column
I0000 00:00:1786364988.304684   48349 train_oblique_forest.cc:706] -1 (automatic) threads requested. 48 threads set.
I0000 00:00:1786364988.304708   48349 train_oblique_forest.cc:776] Configuring oblique splits
I0000 00:00:1786364988.304711   48349 train_oblique_forest.cc:861] Using Dynamic Random Histogram with 64 samples
I0000 00:00:1786364988.304722   48349 train_oblique_forest.cc:891] train_oblique_forest wall-time - Loading/Init (pre-train): 51.2218s
I0000 00:00:1786364988.305042   48349 abstract_learner.cc:171] No input feature explicitly specified. Using all the available input features.
I0000 00:00:1786364988.305047   48349 abstract_learner.cc:185] The label "y" was removed from the input feature set.
I0000 00:00:1786364988.305585   48349 random_forest.cc:498] Training random forest on 1500000 example(s) and 4096 feature(s).
I0000 00:00:1786364988.305706   48349 gpu.cc:93] Cannot initialize GPU: Not compiled with GPU support
I0000 00:00:1786364988.306509   48349 random_forest.cc:667] num_threads being used: 48
I0000 00:00:1786365057.188537   48564 random_forest.cc:980] Train tree 1/240 [index:30 total:1m8.88s tree:1m8.88s]
I0000 00:00:1786365127.245253   48549 random_forest.cc:980] Train tree 49/240 [index:70 total:2m18.94s tree:1m8.28s]
I0000 00:00:1786365198.477023   48549 random_forest.cc:980] Train tree 97/240 [index:96 total:3m30.17s tree:1m11.23s]
I0000 00:00:1786365269.214056   48549 random_forest.cc:980] Train tree 145/240 [index:144 total:4m40.91s tree:1m10.74s]
I0000 00:00:1786365340.688290   48580 random_forest.cc:980] Train tree 193/240 [index:194 total:5m52.38s tree:1m10.50s]
I0000 00:00:1786365346.107348   48349 random_forest.cc:987] random_forest.cc Training block took: 357.803 s
W0000 00:00:1786365346.107391   48349 random_forest.cc:1304] EXITING EARLY TO SPEED UP EXPERIMENTS!
RESULT dataset=trunk_1500000_x_4096 threshold=1100 median=357.554s stddev=0.293053s n=3


======== Threshold 1600 ========

./bazel-bin/examples/train_oblique_forest --input_mode csv --train_csv "benchmarks/data/HIGGS_with_header.csv" --label_col "class" --num_trees=240 --dynamic_split_threshold=1600 
----- Run 1/3 -----
WARNING: All log messages before absl::InitializeLog() is called are written to STDERR
I0000 00:00:1786365347.192059   49985 train_oblique_forest.cc:582] Loading CSV in a single pass: benchmarks/data/HIGGS_with_header.csv
I0000 00:00:1786365347.196297   49985 vertical_dataset_io.cc:82] 100 examples scanned.
I0000 00:00:1786365377.193573   49985 vertical_dataset_io.cc:82] 7228800 examples scanned.
I0000 00:00:1786365393.551701   49985 vertical_dataset_io.cc:91] 11000000 examples read. Memory: usage:1276MB allocated:1276MB. 0 (0%) examples have been skipped.
I0000 00:00:1786365393.819355   49985 train_oblique_forest.cc:589] Single-pass CSV load complete: 11000000 rows, 29 columns.
I0000 00:00:1786365393.819406   49985 train_oblique_forest.cc:706] -1 (automatic) threads requested. 48 threads set.
I0000 00:00:1786365393.819416   49985 train_oblique_forest.cc:776] Configuring oblique splits
I0000 00:00:1786365393.819419   49985 train_oblique_forest.cc:861] Using Dynamic Random Histogram with 64 samples
I0000 00:00:1786365393.819429   49985 train_oblique_forest.cc:891] train_oblique_forest wall-time - Loading/Init (pre-train): 46.6274s
I0000 00:00:1786365393.819493   49985 abstract_learner.cc:171] No input feature explicitly specified. Using all the available input features.
I0000 00:00:1786365393.819496   49985 abstract_learner.cc:185] The label "class" was removed from the input feature set.
I0000 00:00:1786365393.819509   49985 random_forest.cc:498] Training random forest on 11000000 example(s) and 28 feature(s).
I0000 00:00:1786365393.819520   49985 gpu.cc:93] Cannot initialize GPU: Not compiled with GPU support
I0000 00:00:1786365393.819712   49985 random_forest.cc:667] num_threads being used: 48
I0000 00:00:1786365466.249896   50211 random_forest.cc:980] Train tree 1/240 [index:12 total:1m12.43s tree:1m12.43s]
I0000 00:00:1786365540.595075   50211 random_forest.cc:980] Train tree 49/240 [index:48 total:2m26.78s tree:1m14.34s]
I0000 00:00:1786365614.196326   50181 random_forest.cc:980] Train tree 97/240 [index:99 total:3m40.38s tree:1m12.46s]
I0000 00:00:1786365688.397252   50181 random_forest.cc:980] Train tree 145/240 [index:144 total:4m54.58s tree:1m14.20s]
I0000 00:00:1786365763.575253   50199 random_forest.cc:980] Train tree 193/240 [index:196 total:6m9.76s tree:1m13.49s]
I0000 00:00:1786365776.087567   49985 random_forest.cc:987] random_forest.cc Training block took: 382.268 s
W0000 00:00:1786365776.087607   49985 random_forest.cc:1304] EXITING EARLY TO SPEED UP EXPERIMENTS!
----- Run 2/3 -----
WARNING: All log messages before absl::InitializeLog() is called are written to STDERR
I0000 00:00:1786365782.465748   51696 train_oblique_forest.cc:582] Loading CSV in a single pass: benchmarks/data/HIGGS_with_header.csv
I0000 00:00:1786365782.469906   51696 vertical_dataset_io.cc:82] 100 examples scanned.
I0000 00:00:1786365812.467010   51696 vertical_dataset_io.cc:82] 7218000 examples scanned.
I0000 00:00:1786365828.922672   51696 vertical_dataset_io.cc:91] 11000000 examples read. Memory: usage:1276MB allocated:1276MB. 0 (0%) examples have been skipped.
I0000 00:00:1786365829.191908   51696 train_oblique_forest.cc:589] Single-pass CSV load complete: 11000000 rows, 29 columns.
I0000 00:00:1786365829.191959   51696 train_oblique_forest.cc:706] -1 (automatic) threads requested. 48 threads set.
I0000 00:00:1786365829.191970   51696 train_oblique_forest.cc:776] Configuring oblique splits
I0000 00:00:1786365829.191972   51696 train_oblique_forest.cc:861] Using Dynamic Random Histogram with 64 samples
I0000 00:00:1786365829.191982   51696 train_oblique_forest.cc:891] train_oblique_forest wall-time - Loading/Init (pre-train): 46.7263s
I0000 00:00:1786365829.192042   51696 abstract_learner.cc:171] No input feature explicitly specified. Using all the available input features.
I0000 00:00:1786365829.192045   51696 abstract_learner.cc:185] The label "class" was removed from the input feature set.
I0000 00:00:1786365829.192057   51696 random_forest.cc:498] Training random forest on 11000000 example(s) and 28 feature(s).
I0000 00:00:1786365829.192069   51696 gpu.cc:93] Cannot initialize GPU: Not compiled with GPU support
I0000 00:00:1786365829.192261   51696 random_forest.cc:667] num_threads being used: 48
I0000 00:00:1786365901.577776   51919 random_forest.cc:980] Train tree 1/240 [index:12 total:1m12.39s tree:1m12.38s]
I0000 00:00:1786365976.351793   51919 random_forest.cc:980] Train tree 49/240 [index:48 total:2m27.16s tree:1m14.77s]
I0000 00:00:1786366049.527512   51877 random_forest.cc:980] Train tree 97/240 [index:99 total:3m40.34s tree:1m12.48s]
I0000 00:00:1786366123.696370   51877 random_forest.cc:980] Train tree 145/240 [index:144 total:4m54.50s tree:1m14.17s]
I0000 00:00:1786366198.881912   51875 random_forest.cc:980] Train tree 193/240 [index:195 total:6m9.69s tree:1m14.16s]
I0000 00:00:1786366211.627264   51696 random_forest.cc:987] random_forest.cc Training block took: 382.435 s
W0000 00:00:1786366211.627305   51696 random_forest.cc:1304] EXITING EARLY TO SPEED UP EXPERIMENTS!
----- Run 3/3 -----
WARNING: All log messages before absl::InitializeLog() is called are written to STDERR
I0000 00:00:1786366218.039365   53412 train_oblique_forest.cc:582] Loading CSV in a single pass: benchmarks/data/HIGGS_with_header.csv
I0000 00:00:1786366218.043562   53412 vertical_dataset_io.cc:82] 100 examples scanned.
I0000 00:00:1786366248.040723   53412 vertical_dataset_io.cc:82] 7216700 examples scanned.
I0000 00:00:1786366264.471374   53412 vertical_dataset_io.cc:91] 11000000 examples read. Memory: usage:1276MB allocated:1276MB. 0 (0%) examples have been skipped.
I0000 00:00:1786366264.741460   53412 train_oblique_forest.cc:589] Single-pass CSV load complete: 11000000 rows, 29 columns.
I0000 00:00:1786366264.741511   53412 train_oblique_forest.cc:706] -1 (automatic) threads requested. 48 threads set.
I0000 00:00:1786366264.741520   53412 train_oblique_forest.cc:776] Configuring oblique splits
I0000 00:00:1786366264.741523   53412 train_oblique_forest.cc:861] Using Dynamic Random Histogram with 64 samples
I0000 00:00:1786366264.741534   53412 train_oblique_forest.cc:891] train_oblique_forest wall-time - Loading/Init (pre-train): 46.7022s
I0000 00:00:1786366264.741594   53412 abstract_learner.cc:171] No input feature explicitly specified. Using all the available input features.
I0000 00:00:1786366264.741597   53412 abstract_learner.cc:185] The label "class" was removed from the input feature set.
I0000 00:00:1786366264.741610   53412 random_forest.cc:498] Training random forest on 11000000 example(s) and 28 feature(s).
I0000 00:00:1786366264.741622   53412 gpu.cc:93] Cannot initialize GPU: Not compiled with GPU support
I0000 00:00:1786366264.741818   53412 random_forest.cc:667] num_threads being used: 48
I0000 00:00:1786366337.044266   53634 random_forest.cc:980] Train tree 1/240 [index:12 total:1m12.30s tree:1m12.30s]
I0000 00:00:1786366411.471482   53634 random_forest.cc:980] Train tree 49/240 [index:48 total:2m26.73s tree:1m14.43s]
I0000 00:00:1786366485.549264   53602 random_forest.cc:980] Train tree 97/240 [index:99 total:3m40.81s tree:1m12.83s]
I0000 00:00:1786366559.716443   53593 random_forest.cc:980] Train tree 145/240 [index:147 total:4m54.97s tree:1m13.34s]
I0000 00:00:1786366634.708417   53623 random_forest.cc:980] Train tree 193/240 [index:196 total:6m9.97s tree:1m13.32s]
I0000 00:00:1786366647.080668   53412 random_forest.cc:987] random_forest.cc Training block took: 382.339 s
W0000 00:00:1786366647.080703   53412 random_forest.cc:1304] EXITING EARLY TO SPEED UP EXPERIMENTS!
RESULT dataset=HIGGS_with_header threshold=1600 median=382.339s stddev=0.083811s n=3
./bazel-bin/examples/train_oblique_forest --input_mode trunk --rows 1500000 --cols 4096 --num_trees=240 --dynamic_split_threshold=1600 
----- Run 1/3 -----
WARNING: All log messages before absl::InitializeLog() is called are written to STDERR
I0000 00:00:1786366653.452141   55137 train_oblique_forest.cc:614] Generating trunk synthetic dataset: rows=1500000, cols=4096, layout=column
I0000 00:00:1786366704.756935   55137 train_oblique_forest.cc:706] -1 (automatic) threads requested. 48 threads set.
I0000 00:00:1786366704.756959   55137 train_oblique_forest.cc:776] Configuring oblique splits
I0000 00:00:1786366704.756962   55137 train_oblique_forest.cc:861] Using Dynamic Random Histogram with 64 samples
I0000 00:00:1786366704.756973   55137 train_oblique_forest.cc:891] train_oblique_forest wall-time - Loading/Init (pre-train): 51.3049s
I0000 00:00:1786366704.757298   55137 abstract_learner.cc:171] No input feature explicitly specified. Using all the available input features.
I0000 00:00:1786366704.757304   55137 abstract_learner.cc:185] The label "y" was removed from the input feature set.
I0000 00:00:1786366704.757853   55137 random_forest.cc:498] Training random forest on 1500000 example(s) and 4096 feature(s).
I0000 00:00:1786366704.757980   55137 gpu.cc:93] Cannot initialize GPU: Not compiled with GPU support
I0000 00:00:1786366704.758786   55137 random_forest.cc:667] num_threads being used: 48
I0000 00:00:1786366772.919432   55354 random_forest.cc:980] Train tree 1/240 [index:30 total:1m8.16s tree:1m8.16s]
I0000 00:00:1786366842.386728   55341 random_forest.cc:980] Train tree 49/240 [index:70 total:2m17.63s tree:1m7.71s]
I0000 00:00:1786366912.373580   55341 random_forest.cc:980] Train tree 97/240 [index:96 total:3m27.61s tree:1m9.99s]
I0000 00:00:1786366982.917104   55341 random_forest.cc:980] Train tree 145/240 [index:144 total:4m38.16s tree:1m10.54s]
I0000 00:00:1786367052.838944   55341 random_forest.cc:980] Train tree 193/240 [index:192 total:5m48.08s tree:1m9.92s]
I0000 00:00:1786367058.123889   55137 random_forest.cc:987] random_forest.cc Training block took: 353.367 s
W0000 00:00:1786367058.123928   55137 random_forest.cc:1304] EXITING EARLY TO SPEED UP EXPERIMENTS!
----- Run 2/3 -----
WARNING: All log messages before absl::InitializeLog() is called are written to STDERR
I0000 00:00:1786367059.213114   56728 train_oblique_forest.cc:614] Generating trunk synthetic dataset: rows=1500000, cols=4096, layout=column
I0000 00:00:1786367110.549970   56728 train_oblique_forest.cc:706] -1 (automatic) threads requested. 48 threads set.
I0000 00:00:1786367110.549994   56728 train_oblique_forest.cc:776] Configuring oblique splits
I0000 00:00:1786367110.549997   56728 train_oblique_forest.cc:861] Using Dynamic Random Histogram with 64 samples
I0000 00:00:1786367110.550008   56728 train_oblique_forest.cc:891] train_oblique_forest wall-time - Loading/Init (pre-train): 51.3369s
I0000 00:00:1786367110.550296   56728 abstract_learner.cc:171] No input feature explicitly specified. Using all the available input features.
I0000 00:00:1786367110.550305   56728 abstract_learner.cc:185] The label "y" was removed from the input feature set.
I0000 00:00:1786367110.550851   56728 random_forest.cc:498] Training random forest on 1500000 example(s) and 4096 feature(s).
I0000 00:00:1786367110.550975   56728 gpu.cc:93] Cannot initialize GPU: Not compiled with GPU support
I0000 00:00:1786367110.551783   56728 random_forest.cc:667] num_threads being used: 48
I0000 00:00:1786367179.353772   56954 random_forest.cc:980] Train tree 1/240 [index:30 total:1m8.80s tree:1m8.80s]
I0000 00:00:1786367248.140847   56944 random_forest.cc:980] Train tree 49/240 [index:53 total:2m17.59s tree:1m8.37s]
I0000 00:00:1786367317.960267   56944 random_forest.cc:980] Train tree 97/240 [index:96 total:3m27.41s tree:1m9.82s]
I0000 00:00:1786367388.378310   56951 random_forest.cc:980] Train tree 145/240 [index:151 total:4m37.83s tree:1m9.19s]
I0000 00:00:1786367457.819721   56951 random_forest.cc:980] Train tree 193/240 [index:192 total:5m47.27s tree:1m9.44s]
I0000 00:00:1786367463.594858   56728 random_forest.cc:987] random_forest.cc Training block took: 353.045 s
W0000 00:00:1786367463.594900   56728 random_forest.cc:1304] EXITING EARLY TO SPEED UP EXPERIMENTS!
----- Run 3/3 -----
WARNING: All log messages before absl::InitializeLog() is called are written to STDERR
I0000 00:00:1786367464.671083   58331 train_oblique_forest.cc:614] Generating trunk synthetic dataset: rows=1500000, cols=4096, layout=column
I0000 00:00:1786367516.025631   58331 train_oblique_forest.cc:706] -1 (automatic) threads requested. 48 threads set.
I0000 00:00:1786367516.025656   58331 train_oblique_forest.cc:776] Configuring oblique splits
I0000 00:00:1786367516.025659   58331 train_oblique_forest.cc:861] Using Dynamic Random Histogram with 64 samples
I0000 00:00:1786367516.025670   58331 train_oblique_forest.cc:891] train_oblique_forest wall-time - Loading/Init (pre-train): 51.3546s
I0000 00:00:1786367516.026048   58331 abstract_learner.cc:171] No input feature explicitly specified. Using all the available input features.
I0000 00:00:1786367516.026053   58331 abstract_learner.cc:185] The label "y" was removed from the input feature set.
I0000 00:00:1786367516.026598   58331 random_forest.cc:498] Training random forest on 1500000 example(s) and 4096 feature(s).
I0000 00:00:1786367516.026732   58331 gpu.cc:93] Cannot initialize GPU: Not compiled with GPU support
I0000 00:00:1786367516.027545   58331 random_forest.cc:667] num_threads being used: 48
I0000 00:00:1786367584.413141   58545 random_forest.cc:980] Train tree 1/240 [index:30 total:1m8.39s tree:1m8.38s]
I0000 00:00:1786367653.320052   58538 random_forest.cc:980] Train tree 49/240 [index:70 total:2m17.29s tree:1m7.52s]
I0000 00:00:1786367723.043750   58538 random_forest.cc:980] Train tree 97/240 [index:96 total:3m27.02s tree:1m9.72s]
I0000 00:00:1786367793.184568   58538 random_forest.cc:980] Train tree 145/240 [index:144 total:4m37.16s tree:1m10.14s]
I0000 00:00:1786367862.703359   58538 random_forest.cc:980] Train tree 193/240 [index:192 total:5m46.68s tree:1m9.52s]
I0000 00:00:1786367869.450789   58331 random_forest.cc:987] random_forest.cc Training block took: 353.425 s
W0000 00:00:1786367869.450833   58331 random_forest.cc:1304] EXITING EARLY TO SPEED UP EXPERIMENTS!
RESULT dataset=trunk_1500000_x_4096 threshold=1600 median=353.367s stddev=0.204714s n=3


======== Threshold 2100 ========

./bazel-bin/examples/train_oblique_forest --input_mode csv --train_csv "benchmarks/data/HIGGS_with_header.csv" --label_col "class" --num_trees=240 --dynamic_split_threshold=2100 
----- Run 1/3 -----
WARNING: All log messages before absl::InitializeLog() is called are written to STDERR
I0000 00:00:1786367870.531800   59943 train_oblique_forest.cc:582] Loading CSV in a single pass: benchmarks/data/HIGGS_with_header.csv
I0000 00:00:1786367870.536030   59943 vertical_dataset_io.cc:82] 100 examples scanned.
I0000 00:00:1786367900.533126   59943 vertical_dataset_io.cc:82] 7222800 examples scanned.
I0000 00:00:1786367916.931827   59943 vertical_dataset_io.cc:91] 11000000 examples read. Memory: usage:1276MB allocated:1276MB. 0 (0%) examples have been skipped.
I0000 00:00:1786367917.200290   59943 train_oblique_forest.cc:589] Single-pass CSV load complete: 11000000 rows, 29 columns.
I0000 00:00:1786367917.200345   59943 train_oblique_forest.cc:706] -1 (automatic) threads requested. 48 threads set.
I0000 00:00:1786367917.200355   59943 train_oblique_forest.cc:776] Configuring oblique splits
I0000 00:00:1786367917.200358   59943 train_oblique_forest.cc:861] Using Dynamic Random Histogram with 64 samples
I0000 00:00:1786367917.200367   59943 train_oblique_forest.cc:891] train_oblique_forest wall-time - Loading/Init (pre-train): 46.6686s
I0000 00:00:1786367917.200428   59943 abstract_learner.cc:171] No input feature explicitly specified. Using all the available input features.
I0000 00:00:1786367917.200430   59943 abstract_learner.cc:185] The label "class" was removed from the input feature set.
I0000 00:00:1786367917.200443   59943 random_forest.cc:498] Training random forest on 11000000 example(s) and 28 feature(s).
I0000 00:00:1786367917.200455   59943 gpu.cc:93] Cannot initialize GPU: Not compiled with GPU support
I0000 00:00:1786367917.200650   59943 random_forest.cc:667] num_threads being used: 48
I0000 00:00:1786367988.819982   60136 random_forest.cc:980] Train tree 1/240 [index:27 total:1m11.62s tree:1m11.62s]
I0000 00:00:1786368062.907377   60136 random_forest.cc:980] Train tree 49/240 [index:48 total:2m25.71s tree:1m14.09s]
I0000 00:00:1786368136.239756   60136 random_forest.cc:980] Train tree 97/240 [index:96 total:3m39.04s tree:1m13.33s]
I0000 00:00:1786368210.561922   60136 random_forest.cc:980] Train tree 145/240 [index:144 total:4m53.36s tree:1m14.32s]
I0000 00:00:1786368285.705755   60136 random_forest.cc:980] Train tree 193/240 [index:192 total:6m8.51s tree:1m15.14s]
I0000 00:00:1786368297.250549   59943 random_forest.cc:987] random_forest.cc Training block took: 380.05 s
W0000 00:00:1786368297.250595   59943 random_forest.cc:1304] EXITING EARLY TO SPEED UP EXPERIMENTS!
----- Run 2/3 -----
WARNING: All log messages before absl::InitializeLog() is called are written to STDERR
I0000 00:00:1786368303.612813   61659 train_oblique_forest.cc:582] Loading CSV in a single pass: benchmarks/data/HIGGS_with_header.csv
I0000 00:00:1786368303.617006   61659 vertical_dataset_io.cc:82] 100 examples scanned.
I0000 00:00:1786368333.614199   61659 vertical_dataset_io.cc:82] 7198300 examples scanned.
I0000 00:00:1786368350.121721   61659 vertical_dataset_io.cc:91] 11000000 examples read. Memory: usage:1276MB allocated:1276MB. 0 (0%) examples have been skipped.
I0000 00:00:1786368350.389722   61659 train_oblique_forest.cc:589] Single-pass CSV load complete: 11000000 rows, 29 columns.
I0000 00:00:1786368350.389772   61659 train_oblique_forest.cc:706] -1 (automatic) threads requested. 48 threads set.
I0000 00:00:1786368350.389782   61659 train_oblique_forest.cc:776] Configuring oblique splits
I0000 00:00:1786368350.389784   61659 train_oblique_forest.cc:861] Using Dynamic Random Histogram with 64 samples
I0000 00:00:1786368350.389795   61659 train_oblique_forest.cc:891] train_oblique_forest wall-time - Loading/Init (pre-train): 46.777s
I0000 00:00:1786368350.389858   61659 abstract_learner.cc:171] No input feature explicitly specified. Using all the available input features.
I0000 00:00:1786368350.389861   61659 abstract_learner.cc:185] The label "class" was removed from the input feature set.
I0000 00:00:1786368350.389874   61659 random_forest.cc:498] Training random forest on 11000000 example(s) and 28 feature(s).
I0000 00:00:1786368350.389886   61659 gpu.cc:93] Cannot initialize GPU: Not compiled with GPU support
I0000 00:00:1786368350.390083   61659 random_forest.cc:667] num_threads being used: 48
I0000 00:00:1786368421.938411   61852 random_forest.cc:980] Train tree 1/240 [index:27 total:1m11.55s tree:1m11.55s]
I0000 00:00:1786368495.860124   61852 random_forest.cc:980] Train tree 49/240 [index:48 total:2m25.47s tree:1m13.92s]
I0000 00:00:1786368569.195872   61852 random_forest.cc:980] Train tree 97/240 [index:96 total:3m38.81s tree:1m13.33s]
I0000 00:00:1786368643.974834   61852 random_forest.cc:980] Train tree 145/240 [index:144 total:4m53.58s tree:1m14.78s]
I0000 00:00:1786368718.951322   61857 random_forest.cc:980] Train tree 193/240 [index:196 total:6m8.56s tree:1m13.21s]
I0000 00:00:1786368730.151742   61659 random_forest.cc:987] random_forest.cc Training block took: 379.762 s
W0000 00:00:1786368730.151783   61659 random_forest.cc:1304] EXITING EARLY TO SPEED UP EXPERIMENTS!
----- Run 3/3 -----
WARNING: All log messages before absl::InitializeLog() is called are written to STDERR
I0000 00:00:1786368736.565080   63354 train_oblique_forest.cc:582] Loading CSV in a single pass: benchmarks/data/HIGGS_with_header.csv
I0000 00:00:1786368736.569265   63354 vertical_dataset_io.cc:82] 100 examples scanned.
I0000 00:00:1786368766.566439   63354 vertical_dataset_io.cc:82] 7238000 examples scanned.
I0000 00:00:1786368782.876525   63354 vertical_dataset_io.cc:91] 11000000 examples read. Memory: usage:1276MB allocated:1276MB. 0 (0%) examples have been skipped.
I0000 00:00:1786368783.145586   63354 train_oblique_forest.cc:589] Single-pass CSV load complete: 11000000 rows, 29 columns.
I0000 00:00:1786368783.145626   63354 train_oblique_forest.cc:706] -1 (automatic) threads requested. 48 threads set.
I0000 00:00:1786368783.145636   63354 train_oblique_forest.cc:776] Configuring oblique splits
I0000 00:00:1786368783.145640   63354 train_oblique_forest.cc:861] Using Dynamic Random Histogram with 64 samples
I0000 00:00:1786368783.145650   63354 train_oblique_forest.cc:891] train_oblique_forest wall-time - Loading/Init (pre-train): 46.5806s
I0000 00:00:1786368783.145705   63354 abstract_learner.cc:171] No input feature explicitly specified. Using all the available input features.
I0000 00:00:1786368783.145708   63354 abstract_learner.cc:185] The label "class" was removed from the input feature set.
I0000 00:00:1786368783.145720   63354 random_forest.cc:498] Training random forest on 11000000 example(s) and 28 feature(s).
I0000 00:00:1786368783.145731   63354 gpu.cc:93] Cannot initialize GPU: Not compiled with GPU support
I0000 00:00:1786368783.145932   63354 random_forest.cc:667] num_threads being used: 48
I0000 00:00:1786368854.428194   63556 random_forest.cc:980] Train tree 1/240 [index:27 total:1m11.28s tree:1m11.28s]
I0000 00:00:1786368928.184124   63556 random_forest.cc:980] Train tree 49/240 [index:48 total:2m25.04s tree:1m13.75s]
I0000 00:00:1786369001.325980   63556 random_forest.cc:980] Train tree 97/240 [index:96 total:3m38.18s tree:1m13.14s]
I0000 00:00:1786369076.056695   63556 random_forest.cc:980] Train tree 145/240 [index:144 total:4m52.91s tree:1m14.73s]
I0000 00:00:1786369151.007136   63563 random_forest.cc:980] Train tree 193/240 [index:196 total:6m7.86s tree:1m13.14s]
I0000 00:00:1786369162.251264   63354 random_forest.cc:987] random_forest.cc Training block took: 379.106 s
W0000 00:00:1786369162.251303   63354 random_forest.cc:1304] EXITING EARLY TO SPEED UP EXPERIMENTS!
RESULT dataset=HIGGS_with_header threshold=2100 median=379.762s stddev=0.483807s n=3
./bazel-bin/examples/train_oblique_forest --input_mode trunk --rows 1500000 --cols 4096 --num_trees=240 --dynamic_split_threshold=2100 
----- Run 1/3 -----
WARNING: All log messages before absl::InitializeLog() is called are written to STDERR
I0000 00:00:1786369168.591232   65061 train_oblique_forest.cc:614] Generating trunk synthetic dataset: rows=1500000, cols=4096, layout=column
I0000 00:00:1786369220.064303   65061 train_oblique_forest.cc:706] -1 (automatic) threads requested. 48 threads set.
I0000 00:00:1786369220.064327   65061 train_oblique_forest.cc:776] Configuring oblique splits
I0000 00:00:1786369220.064330   65061 train_oblique_forest.cc:861] Using Dynamic Random Histogram with 64 samples
I0000 00:00:1786369220.064341   65061 train_oblique_forest.cc:891] train_oblique_forest wall-time - Loading/Init (pre-train): 51.4731s
I0000 00:00:1786369220.064665   65061 abstract_learner.cc:171] No input feature explicitly specified. Using all the available input features.
I0000 00:00:1786369220.064671   65061 abstract_learner.cc:185] The label "y" was removed from the input feature set.
I0000 00:00:1786369220.065243   65061 random_forest.cc:498] Training random forest on 1500000 example(s) and 4096 feature(s).
I0000 00:00:1786369220.065366   65061 gpu.cc:93] Cannot initialize GPU: Not compiled with GPU support
I0000 00:00:1786369220.066191   65061 random_forest.cc:667] num_threads being used: 48
I0000 00:00:1786369287.916392   65298 random_forest.cc:980] Train tree 1/240 [index:40 total:1m7.85s tree:1m7.84s]
I0000 00:00:1786369356.008591   65307 random_forest.cc:980] Train tree 49/240 [index:70 total:2m15.94s tree:1m6.82s]
I0000 00:00:1786369425.482862   65307 random_forest.cc:980] Train tree 97/240 [index:96 total:3m25.42s tree:1m9.47s]
I0000 00:00:1786369495.003931   65307 random_forest.cc:980] Train tree 145/240 [index:144 total:4m34.94s tree:1m9.52s]
I0000 00:00:1786369564.452182   65312 random_forest.cc:980] Train tree 193/240 [index:195 total:5m44.39s tree:1m8.86s]
I0000 00:00:1786369569.228476   65061 random_forest.cc:987] random_forest.cc Training block took: 349.164 s
W0000 00:00:1786369569.228515   65061 random_forest.cc:1304] EXITING EARLY TO SPEED UP EXPERIMENTS!
----- Run 2/3 -----
WARNING: All log messages before absl::InitializeLog() is called are written to STDERR
I0000 00:00:1786369570.377897   66653 train_oblique_forest.cc:614] Generating trunk synthetic dataset: rows=1500000, cols=4096, layout=column
I0000 00:00:1786369621.660170   66653 train_oblique_forest.cc:706] -1 (automatic) threads requested. 48 threads set.
I0000 00:00:1786369621.660193   66653 train_oblique_forest.cc:776] Configuring oblique splits
I0000 00:00:1786369621.660196   66653 train_oblique_forest.cc:861] Using Dynamic Random Histogram with 64 samples
I0000 00:00:1786369621.660208   66653 train_oblique_forest.cc:891] train_oblique_forest wall-time - Loading/Init (pre-train): 51.2823s
I0000 00:00:1786369621.660493   66653 abstract_learner.cc:171] No input feature explicitly specified. Using all the available input features.
I0000 00:00:1786369621.660499   66653 abstract_learner.cc:185] The label "y" was removed from the input feature set.
I0000 00:00:1786369621.661047   66653 random_forest.cc:498] Training random forest on 1500000 example(s) and 4096 feature(s).
I0000 00:00:1786369621.661172   66653 gpu.cc:93] Cannot initialize GPU: Not compiled with GPU support
I0000 00:00:1786369621.661996   66653 random_forest.cc:667] num_threads being used: 48
I0000 00:00:1786369689.613401   66886 random_forest.cc:980] Train tree 1/240 [index:40 total:1m7.95s tree:1m7.95s]
I0000 00:00:1786369757.773053   66868 random_forest.cc:980] Train tree 49/240 [index:70 total:2m16.11s tree:1m6.90s]
I0000 00:00:1786369827.456126   66868 random_forest.cc:980] Train tree 97/240 [index:96 total:3m25.79s tree:1m9.68s]
I0000 00:00:1786369896.699337   66868 random_forest.cc:980] Train tree 145/240 [index:144 total:4m35.04s tree:1m9.24s]
I0000 00:00:1786369966.498501   66868 random_forest.cc:980] Train tree 193/240 [index:192 total:5m44.84s tree:1m9.80s]
I0000 00:00:1786369971.286374   66653 random_forest.cc:987] random_forest.cc Training block took: 349.626 s
W0000 00:00:1786369971.286417   66653 random_forest.cc:1304] EXITING EARLY TO SPEED UP EXPERIMENTS!
----- Run 3/3 -----
WARNING: All log messages before absl::InitializeLog() is called are written to STDERR
I0000 00:00:1786369972.350915   68237 train_oblique_forest.cc:614] Generating trunk synthetic dataset: rows=1500000, cols=4096, layout=column
I0000 00:00:1786370023.657463   68237 train_oblique_forest.cc:706] -1 (automatic) threads requested. 48 threads set.
I0000 00:00:1786370023.657486   68237 train_oblique_forest.cc:776] Configuring oblique splits
I0000 00:00:1786370023.657490   68237 train_oblique_forest.cc:861] Using Dynamic Random Histogram with 64 samples
I0000 00:00:1786370023.657501   68237 train_oblique_forest.cc:891] train_oblique_forest wall-time - Loading/Init (pre-train): 51.3066s
I0000 00:00:1786370023.657784   68237 abstract_learner.cc:171] No input feature explicitly specified. Using all the available input features.
I0000 00:00:1786370023.657790   68237 abstract_learner.cc:185] The label "y" was removed from the input feature set.
I0000 00:00:1786370023.658337   68237 random_forest.cc:498] Training random forest on 1500000 example(s) and 4096 feature(s).
I0000 00:00:1786370023.658462   68237 gpu.cc:93] Cannot initialize GPU: Not compiled with GPU support
I0000 00:00:1786370023.659281   68237 random_forest.cc:667] num_threads being used: 48
I0000 00:00:1786370091.317463   68438 random_forest.cc:980] Train tree 1/240 [index:11 total:1m7.66s tree:1m7.65s]
I0000 00:00:1786370160.088474   68433 random_forest.cc:980] Train tree 49/240 [index:70 total:2m16.43s tree:1m7.14s]
I0000 00:00:1786370229.520807   68433 random_forest.cc:980] Train tree 97/240 [index:96 total:3m25.86s tree:1m9.43s]
I0000 00:00:1786370298.869199   68433 random_forest.cc:980] Train tree 145/240 [index:144 total:4m35.21s tree:1m9.35s]
I0000 00:00:1786370368.871382   68453 random_forest.cc:980] Train tree 193/240 [index:193 total:5m45.21s tree:1m9.65s]
I0000 00:00:1786370373.160665   68237 random_forest.cc:987] random_forest.cc Training block took: 349.503 s
W0000 00:00:1786370373.160711   68237 random_forest.cc:1304] EXITING EARLY TO SPEED UP EXPERIMENTS!
RESULT dataset=trunk_1500000_x_4096 threshold=2100 median=349.503s stddev=0.239268s n=3


======== Threshold 2600 ========

./bazel-bin/examples/train_oblique_forest --input_mode csv --train_csv "benchmarks/data/HIGGS_with_header.csv" --label_col "class" --num_trees=240 --dynamic_split_threshold=2600 
----- Run 1/3 -----
WARNING: All log messages before absl::InitializeLog() is called are written to STDERR
I0000 00:00:1786370374.240090   69846 train_oblique_forest.cc:582] Loading CSV in a single pass: benchmarks/data/HIGGS_with_header.csv
I0000 00:00:1786370374.244306   69846 vertical_dataset_io.cc:82] 100 examples scanned.
I0000 00:00:1786370404.241655   69846 vertical_dataset_io.cc:82] 7240300 examples scanned.
I0000 00:00:1786370420.549142   69846 vertical_dataset_io.cc:91] 11000000 examples read. Memory: usage:1276MB allocated:1276MB. 0 (0%) examples have been skipped.
I0000 00:00:1786370420.817775   69846 train_oblique_forest.cc:589] Single-pass CSV load complete: 11000000 rows, 29 columns.
I0000 00:00:1786370420.817828   69846 train_oblique_forest.cc:706] -1 (automatic) threads requested. 48 threads set.
I0000 00:00:1786370420.817838   69846 train_oblique_forest.cc:776] Configuring oblique splits
I0000 00:00:1786370420.817842   69846 train_oblique_forest.cc:861] Using Dynamic Random Histogram with 64 samples
I0000 00:00:1786370420.817855   69846 train_oblique_forest.cc:891] train_oblique_forest wall-time - Loading/Init (pre-train): 46.5778s
I0000 00:00:1786370420.817915   69846 abstract_learner.cc:171] No input feature explicitly specified. Using all the available input features.
I0000 00:00:1786370420.817917   69846 abstract_learner.cc:185] The label "class" was removed from the input feature set.
I0000 00:00:1786370420.817929   69846 random_forest.cc:498] Training random forest on 11000000 example(s) and 28 feature(s).
I0000 00:00:1786370420.817941   69846 gpu.cc:93] Cannot initialize GPU: Not compiled with GPU support
I0000 00:00:1786370420.818132   69846 random_forest.cc:667] num_threads being used: 48
I0000 00:00:1786370492.588245   70064 random_forest.cc:980] Train tree 1/240 [index:44 total:1m11.77s tree:1m11.77s]
I0000 00:00:1786370565.902553   70066 random_forest.cc:980] Train tree 49/240 [index:51 total:2m25.08s tree:1m12.36s]
I0000 00:00:1786370638.827256   70061 random_forest.cc:980] Train tree 97/240 [index:98 total:3m38.01s tree:1m12.24s]
I0000 00:00:1786370711.622676   70061 random_forest.cc:980] Train tree 145/240 [index:144 total:4m50.80s tree:1m12.79s]
I0000 00:00:1786370785.574203   70061 random_forest.cc:980] Train tree 193/240 [index:192 total:6m4.76s tree:1m13.95s]
I0000 00:00:1786370797.641606   69846 random_forest.cc:987] random_forest.cc Training block took: 376.824 s
W0000 00:00:1786370797.641640   69846 random_forest.cc:1304] EXITING EARLY TO SPEED UP EXPERIMENTS!
----- Run 2/3 -----
WARNING: All log messages before absl::InitializeLog() is called are written to STDERR
I0000 00:00:1786370804.219721   71538 train_oblique_forest.cc:582] Loading CSV in a single pass: benchmarks/data/HIGGS_with_header.csv
I0000 00:00:1786370804.223908   71538 vertical_dataset_io.cc:82] 100 examples scanned.
I0000 00:00:1786370834.221075   71538 vertical_dataset_io.cc:82] 7217300 examples scanned.
I0000 00:00:1786370850.661601   71538 vertical_dataset_io.cc:91] 11000000 examples read. Memory: usage:1276MB allocated:1276MB. 0 (0%) examples have been skipped.
I0000 00:00:1786370850.929591   71538 train_oblique_forest.cc:589] Single-pass CSV load complete: 11000000 rows, 29 columns.
I0000 00:00:1786370850.929646   71538 train_oblique_forest.cc:706] -1 (automatic) threads requested. 48 threads set.
I0000 00:00:1786370850.929655   71538 train_oblique_forest.cc:776] Configuring oblique splits
I0000 00:00:1786370850.929657   71538 train_oblique_forest.cc:861] Using Dynamic Random Histogram with 64 samples
I0000 00:00:1786370850.929668   71538 train_oblique_forest.cc:891] train_oblique_forest wall-time - Loading/Init (pre-train): 46.71s
I0000 00:00:1786370850.929727   71538 abstract_learner.cc:171] No input feature explicitly specified. Using all the available input features.
I0000 00:00:1786370850.929730   71538 abstract_learner.cc:185] The label "class" was removed from the input feature set.
I0000 00:00:1786370850.929742   71538 random_forest.cc:498] Training random forest on 11000000 example(s) and 28 feature(s).
I0000 00:00:1786370850.929754   71538 gpu.cc:93] Cannot initialize GPU: Not compiled with GPU support
I0000 00:00:1786370850.929952   71538 random_forest.cc:667] num_threads being used: 48
I0000 00:00:1786370922.795089   71740 random_forest.cc:980] Train tree 1/240 [index:44 total:1m11.87s tree:1m11.86s]
I0000 00:00:1786370996.179820   71762 random_forest.cc:980] Train tree 49/240 [index:51 total:2m25.25s tree:1m12.46s]
I0000 00:00:1786371069.437072   71762 random_forest.cc:980] Train tree 97/240 [index:96 total:3m38.51s tree:1m13.25s]
I0000 00:00:1786371142.058318   71762 random_forest.cc:980] Train tree 145/240 [index:144 total:4m51.13s tree:1m12.62s]
I0000 00:00:1786371216.313056   71762 random_forest.cc:980] Train tree 193/240 [index:192 total:6m5.38s tree:1m14.25s]
I0000 00:00:1786371227.472147   71538 random_forest.cc:987] random_forest.cc Training block took: 376.542 s
W0000 00:00:1786371227.472183   71538 random_forest.cc:1304] EXITING EARLY TO SPEED UP EXPERIMENTS!
----- Run 3/3 -----
WARNING: All log messages before absl::InitializeLog() is called are written to STDERR
I0000 00:00:1786371233.796522   73227 train_oblique_forest.cc:582] Loading CSV in a single pass: benchmarks/data/HIGGS_with_header.csv
I0000 00:00:1786371233.800708   73227 vertical_dataset_io.cc:82] 100 examples scanned.
I0000 00:00:1786371263.798035   73227 vertical_dataset_io.cc:82] 7228800 examples scanned.
I0000 00:00:1786371280.149349   73227 vertical_dataset_io.cc:91] 11000000 examples read. Memory: usage:1276MB allocated:1276MB. 0 (0%) examples have been skipped.
I0000 00:00:1786371280.416347   73227 train_oblique_forest.cc:589] Single-pass CSV load complete: 11000000 rows, 29 columns.
I0000 00:00:1786371280.416399   73227 train_oblique_forest.cc:706] -1 (automatic) threads requested. 48 threads set.
I0000 00:00:1786371280.416409   73227 train_oblique_forest.cc:776] Configuring oblique splits
I0000 00:00:1786371280.416411   73227 train_oblique_forest.cc:861] Using Dynamic Random Histogram with 64 samples
I0000 00:00:1786371280.416421   73227 train_oblique_forest.cc:891] train_oblique_forest wall-time - Loading/Init (pre-train): 46.6199s
I0000 00:00:1786371280.416479   73227 abstract_learner.cc:171] No input feature explicitly specified. Using all the available input features.
I0000 00:00:1786371280.416482   73227 abstract_learner.cc:185] The label "class" was removed from the input feature set.
I0000 00:00:1786371280.416494   73227 random_forest.cc:498] Training random forest on 11000000 example(s) and 28 feature(s).
I0000 00:00:1786371280.416506   73227 gpu.cc:93] Cannot initialize GPU: Not compiled with GPU support
I0000 00:00:1786371280.416699   73227 random_forest.cc:667] num_threads being used: 48
I0000 00:00:1786371352.227387   73446 random_forest.cc:980] Train tree 1/240 [index:44 total:1m11.81s tree:1m11.81s]
I0000 00:00:1786371425.869489   73419 random_forest.cc:980] Train tree 49/240 [index:51 total:2m25.45s tree:1m12.76s]
I0000 00:00:1786371498.743714   73419 random_forest.cc:980] Train tree 97/240 [index:96 total:3m38.33s tree:1m12.87s]
I0000 00:00:1786371571.489432   73419 random_forest.cc:980] Train tree 145/240 [index:144 total:4m51.07s tree:1m12.74s]
I0000 00:00:1786371645.793721   73419 random_forest.cc:980] Train tree 193/240 [index:192 total:6m5.38s tree:1m14.30s]
I0000 00:00:1786371657.620196   73227 random_forest.cc:987] random_forest.cc Training block took: 377.204 s
W0000 00:00:1786371657.620234   73227 random_forest.cc:1304] EXITING EARLY TO SPEED UP EXPERIMENTS!
RESULT dataset=HIGGS_with_header threshold=2600 median=376.824s stddev=0.332207s n=3
./bazel-bin/examples/train_oblique_forest --input_mode trunk --rows 1500000 --cols 4096 --num_trees=240 --dynamic_split_threshold=2600 
----- Run 1/3 -----
WARNING: All log messages before absl::InitializeLog() is called are written to STDERR
I0000 00:00:1786371663.933951   74932 train_oblique_forest.cc:614] Generating trunk synthetic dataset: rows=1500000, cols=4096, layout=column
I0000 00:00:1786371715.322686   74932 train_oblique_forest.cc:706] -1 (automatic) threads requested. 48 threads set.
I0000 00:00:1786371715.322710   74932 train_oblique_forest.cc:776] Configuring oblique splits
I0000 00:00:1786371715.322713   74932 train_oblique_forest.cc:861] Using Dynamic Random Histogram with 64 samples
I0000 00:00:1786371715.322725   74932 train_oblique_forest.cc:891] train_oblique_forest wall-time - Loading/Init (pre-train): 51.3888s
I0000 00:00:1786371715.323012   74932 abstract_learner.cc:171] No input feature explicitly specified. Using all the available input features.
I0000 00:00:1786371715.323018   74932 abstract_learner.cc:185] The label "y" was removed from the input feature set.
I0000 00:00:1786371715.323575   74932 random_forest.cc:498] Training random forest on 1500000 example(s) and 4096 feature(s).
I0000 00:00:1786371715.323704   74932 gpu.cc:93] Cannot initialize GPU: Not compiled with GPU support
I0000 00:00:1786371715.324529   74932 random_forest.cc:667] num_threads being used: 48
I0000 00:00:1786371782.141985   75151 random_forest.cc:980] Train tree 1/240 [index:30 total:1m6.82s tree:1m6.81s]
I0000 00:00:1786371850.211016   75128 random_forest.cc:980] Train tree 49/240 [index:70 total:2m14.89s tree:1m6.19s]
I0000 00:00:1786371918.981642   75128 random_forest.cc:980] Train tree 97/240 [index:96 total:3m23.66s tree:1m8.77s]
I0000 00:00:1786371988.097738   75128 random_forest.cc:980] Train tree 145/240 [index:144 total:4m32.77s tree:1m9.12s]
I0000 00:00:1786372058.029479   75128 random_forest.cc:980] Train tree 193/240 [index:192 total:5m42.70s tree:1m9.93s]
I0000 00:00:1786372063.281417   74932 random_forest.cc:987] random_forest.cc Training block took: 347.959 s
W0000 00:00:1786372063.281460   74932 random_forest.cc:1304] EXITING EARLY TO SPEED UP EXPERIMENTS!
----- Run 2/3 -----
WARNING: All log messages before absl::InitializeLog() is called are written to STDERR
I0000 00:00:1786372064.365059   76519 train_oblique_forest.cc:614] Generating trunk synthetic dataset: rows=1500000, cols=4096, layout=column
I0000 00:00:1786372115.695481   76519 train_oblique_forest.cc:706] -1 (automatic) threads requested. 48 threads set.
I0000 00:00:1786372115.695504   76519 train_oblique_forest.cc:776] Configuring oblique splits
I0000 00:00:1786372115.695508   76519 train_oblique_forest.cc:861] Using Dynamic Random Histogram with 64 samples
I0000 00:00:1786372115.695518   76519 train_oblique_forest.cc:891] train_oblique_forest wall-time - Loading/Init (pre-train): 51.3305s
I0000 00:00:1786372115.695804   76519 abstract_learner.cc:171] No input feature explicitly specified. Using all the available input features.
I0000 00:00:1786372115.695810   76519 abstract_learner.cc:185] The label "y" was removed from the input feature set.
I0000 00:00:1786372115.696361   76519 random_forest.cc:498] Training random forest on 1500000 example(s) and 4096 feature(s).
I0000 00:00:1786372115.696491   76519 gpu.cc:93] Cannot initialize GPU: Not compiled with GPU support
I0000 00:00:1786372115.697299   76519 random_forest.cc:667] num_threads being used: 48
I0000 00:00:1786372182.855923   76726 random_forest.cc:980] Train tree 1/240 [index:30 total:1m7.16s tree:1m7.15s]
I0000 00:00:1786372250.820774   76759 random_forest.cc:980] Train tree 49/240 [index:92 total:2m15.12s tree:1m5.50s]
I0000 00:00:1786372319.141081   76759 random_forest.cc:980] Train tree 97/240 [index:96 total:3m23.44s tree:1m8.32s]
I0000 00:00:1786372387.981398   76759 random_forest.cc:980] Train tree 145/240 [index:144 total:4m32.28s tree:1m8.84s]
I0000 00:00:1786372457.842960   76759 random_forest.cc:980] Train tree 193/240 [index:192 total:5m42.15s tree:1m9.86s]
I0000 00:00:1786372463.565909   76519 random_forest.cc:987] random_forest.cc Training block took: 347.87 s
W0000 00:00:1786372463.565951   76519 random_forest.cc:1304] EXITING EARLY TO SPEED UP EXPERIMENTS!
----- Run 3/3 -----
WARNING: All log messages before absl::InitializeLog() is called are written to STDERR
I0000 00:00:1786372464.652367   78096 train_oblique_forest.cc:614] Generating trunk synthetic dataset: rows=1500000, cols=4096, layout=column
I0000 00:00:1786372515.994450   78096 train_oblique_forest.cc:706] -1 (automatic) threads requested. 48 threads set.
I0000 00:00:1786372515.994474   78096 train_oblique_forest.cc:776] Configuring oblique splits
I0000 00:00:1786372515.994478   78096 train_oblique_forest.cc:861] Using Dynamic Random Histogram with 64 samples
I0000 00:00:1786372515.994489   78096 train_oblique_forest.cc:891] train_oblique_forest wall-time - Loading/Init (pre-train): 51.3421s
I0000 00:00:1786372515.994790   78096 abstract_learner.cc:171] No input feature explicitly specified. Using all the available input features.
I0000 00:00:1786372515.994796   78096 abstract_learner.cc:185] The label "y" was removed from the input feature set.
I0000 00:00:1786372515.995354   78096 random_forest.cc:498] Training random forest on 1500000 example(s) and 4096 feature(s).
I0000 00:00:1786372515.995484   78096 gpu.cc:93] Cannot initialize GPU: Not compiled with GPU support
I0000 00:00:1786372515.996309   78096 random_forest.cc:667] num_threads being used: 48
I0000 00:00:1786372583.049399   78335 random_forest.cc:980] Train tree 1/240 [index:43 total:1m7.05s tree:1m7.05s]
I0000 00:00:1786372650.874157   78312 random_forest.cc:980] Train tree 49/240 [index:70 total:2m14.88s tree:1m6.18s]
I0000 00:00:1786372719.534547   78312 random_forest.cc:980] Train tree 97/240 [index:96 total:3m23.54s tree:1m8.66s]
I0000 00:00:1786372788.649912   78312 random_forest.cc:980] Train tree 145/240 [index:144 total:4m32.65s tree:1m9.12s]
I0000 00:00:1786372858.502909   78312 random_forest.cc:980] Train tree 193/240 [index:192 total:5m42.51s tree:1m9.85s]
I0000 00:00:1786372863.416067   78096 random_forest.cc:987] random_forest.cc Training block took: 347.422 s
W0000 00:00:1786372863.416111   78096 random_forest.cc:1304] EXITING EARLY TO SPEED UP EXPERIMENTS!
RESULT dataset=trunk_1500000_x_4096 threshold=2600 median=347.87s stddev=0.287806s n=3


======== Threshold 3100 ========

./bazel-bin/examples/train_oblique_forest --input_mode csv --train_csv "benchmarks/data/HIGGS_with_header.csv" --label_col "class" --num_trees=240 --dynamic_split_threshold=3100 
----- Run 1/3 -----
WARNING: All log messages before absl::InitializeLog() is called are written to STDERR
I0000 00:00:1786372864.491424   79730 train_oblique_forest.cc:582] Loading CSV in a single pass: benchmarks/data/HIGGS_with_header.csv
I0000 00:00:1786372864.495637   79730 vertical_dataset_io.cc:82] 100 examples scanned.
I0000 00:00:1786372894.493069   79730 vertical_dataset_io.cc:82] 7246900 examples scanned.
I0000 00:00:1786372910.745298   79730 vertical_dataset_io.cc:91] 11000000 examples read. Memory: usage:1276MB allocated:1276MB. 0 (0%) examples have been skipped.
I0000 00:00:1786372911.011861   79730 train_oblique_forest.cc:589] Single-pass CSV load complete: 11000000 rows, 29 columns.
I0000 00:00:1786372911.011915   79730 train_oblique_forest.cc:706] -1 (automatic) threads requested. 48 threads set.
I0000 00:00:1786372911.011925   79730 train_oblique_forest.cc:776] Configuring oblique splits
I0000 00:00:1786372911.011927   79730 train_oblique_forest.cc:861] Using Dynamic Random Histogram with 64 samples
I0000 00:00:1786372911.011938   79730 train_oblique_forest.cc:891] train_oblique_forest wall-time - Loading/Init (pre-train): 46.5205s
I0000 00:00:1786372911.011998   79730 abstract_learner.cc:171] No input feature explicitly specified. Using all the available input features.
I0000 00:00:1786372911.012000   79730 abstract_learner.cc:185] The label "class" was removed from the input feature set.
I0000 00:00:1786372911.012013   79730 random_forest.cc:498] Training random forest on 11000000 example(s) and 28 feature(s).
I0000 00:00:1786372911.012024   79730 gpu.cc:93] Cannot initialize GPU: Not compiled with GPU support
I0000 00:00:1786372911.012217   79730 random_forest.cc:667] num_threads being used: 48
I0000 00:00:1786372982.884795   79929 random_forest.cc:980] Train tree 1/240 [index:29 total:1m11.87s tree:1m11.87s]
I0000 00:00:1786373056.735932   79939 random_forest.cc:980] Train tree 49/240 [index:60 total:2m25.72s tree:1m12.48s]
I0000 00:00:1786373129.674784   79918 random_forest.cc:980] Train tree 97/240 [index:102 total:3m38.66s tree:1m12.18s]
I0000 00:00:1786373202.142707   79918 random_forest.cc:980] Train tree 145/240 [index:144 total:4m51.13s tree:1m12.47s]
I0000 00:00:1786373275.851857   79918 random_forest.cc:980] Train tree 193/240 [index:192 total:6m4.84s tree:1m13.71s]
I0000 00:00:1786373289.677281   79730 random_forest.cc:987] random_forest.cc Training block took: 378.665 s
W0000 00:00:1786373289.677320   79730 random_forest.cc:1304] EXITING EARLY TO SPEED UP EXPERIMENTS!
----- Run 2/3 -----
WARNING: All log messages before absl::InitializeLog() is called are written to STDERR
I0000 00:00:1786373295.993153   81419 train_oblique_forest.cc:582] Loading CSV in a single pass: benchmarks/data/HIGGS_with_header.csv
I0000 00:00:1786373295.997355   81419 vertical_dataset_io.cc:82] 100 examples scanned.
I0000 00:00:1786373325.994672   81419 vertical_dataset_io.cc:82] 7228600 examples scanned.
I0000 00:00:1786373342.372822   81419 vertical_dataset_io.cc:91] 11000000 examples read. Memory: usage:1276MB allocated:1276MB. 0 (0%) examples have been skipped.
I0000 00:00:1786373342.677812   81419 train_oblique_forest.cc:589] Single-pass CSV load complete: 11000000 rows, 29 columns.
I0000 00:00:1786373342.677867   81419 train_oblique_forest.cc:706] -1 (automatic) threads requested. 48 threads set.
I0000 00:00:1786373342.677877   81419 train_oblique_forest.cc:776] Configuring oblique splits
I0000 00:00:1786373342.677879   81419 train_oblique_forest.cc:861] Using Dynamic Random Histogram with 64 samples
I0000 00:00:1786373342.677889   81419 train_oblique_forest.cc:891] train_oblique_forest wall-time - Loading/Init (pre-train): 46.6848s
I0000 00:00:1786373342.677951   81419 abstract_learner.cc:171] No input feature explicitly specified. Using all the available input features.
I0000 00:00:1786373342.677953   81419 abstract_learner.cc:185] The label "class" was removed from the input feature set.
I0000 00:00:1786373342.677965   81419 random_forest.cc:498] Training random forest on 11000000 example(s) and 28 feature(s).
I0000 00:00:1786373342.677977   81419 gpu.cc:93] Cannot initialize GPU: Not compiled with GPU support
I0000 00:00:1786373342.678174   81419 random_forest.cc:667] num_threads being used: 48
I0000 00:00:1786373414.499959   81622 random_forest.cc:980] Train tree 1/240 [index:29 total:1m11.82s tree:1m11.82s]
I0000 00:00:1786373488.268322   81615 random_forest.cc:980] Train tree 49/240 [index:60 total:2m25.59s tree:1m12.33s]
I0000 00:00:1786373561.206882   81636 random_forest.cc:980] Train tree 97/240 [index:97 total:3m38.53s tree:1m12.81s]
I0000 00:00:1786373633.588009   81636 random_forest.cc:980] Train tree 145/240 [index:144 total:4m50.91s tree:1m12.38s]
I0000 00:00:1786373707.074788   81636 random_forest.cc:980] Train tree 193/240 [index:192 total:6m4.40s tree:1m13.49s]
I0000 00:00:1786373720.798383   81419 random_forest.cc:987] random_forest.cc Training block took: 378.12 s
W0000 00:00:1786373720.798427   81419 random_forest.cc:1304] EXITING EARLY TO SPEED UP EXPERIMENTS!
----- Run 3/3 -----
WARNING: All log messages before absl::InitializeLog() is called are written to STDERR
I0000 00:00:1786373727.291815   83121 train_oblique_forest.cc:582] Loading CSV in a single pass: benchmarks/data/HIGGS_with_header.csv
I0000 00:00:1786373727.296018   83121 vertical_dataset_io.cc:82] 100 examples scanned.
I0000 00:00:1786373757.293457   83121 vertical_dataset_io.cc:82] 7220100 examples scanned.
I0000 00:00:1786373773.731799   83121 vertical_dataset_io.cc:91] 11000000 examples read. Memory: usage:1276MB allocated:1276MB. 0 (0%) examples have been skipped.
I0000 00:00:1786373774.001945   83121 train_oblique_forest.cc:589] Single-pass CSV load complete: 11000000 rows, 29 columns.
I0000 00:00:1786373774.001987   83121 train_oblique_forest.cc:706] -1 (automatic) threads requested. 48 threads set.
I0000 00:00:1786373774.001996   83121 train_oblique_forest.cc:776] Configuring oblique splits
I0000 00:00:1786373774.001999   83121 train_oblique_forest.cc:861] Using Dynamic Random Histogram with 64 samples
I0000 00:00:1786373774.002009   83121 train_oblique_forest.cc:891] train_oblique_forest wall-time - Loading/Init (pre-train): 46.7102s
I0000 00:00:1786373774.002064   83121 abstract_learner.cc:171] No input feature explicitly specified. Using all the available input features.
I0000 00:00:1786373774.002066   83121 abstract_learner.cc:185] The label "class" was removed from the input feature set.
I0000 00:00:1786373774.002078   83121 random_forest.cc:498] Training random forest on 11000000 example(s) and 28 feature(s).
I0000 00:00:1786373774.002089   83121 gpu.cc:93] Cannot initialize GPU: Not compiled with GPU support
I0000 00:00:1786373774.002281   83121 random_forest.cc:667] num_threads being used: 48
I0000 00:00:1786373845.820847   83323 random_forest.cc:980] Train tree 1/240 [index:29 total:1m11.82s tree:1m11.82s]
I0000 00:00:1786373919.471817   83319 random_forest.cc:980] Train tree 49/240 [index:53 total:2m25.47s tree:1m12.59s]
I0000 00:00:1786373992.678455   83312 random_forest.cc:980] Train tree 97/240 [index:97 total:3m38.68s tree:1m12.86s]
I0000 00:00:1786374064.966031   83312 random_forest.cc:980] Train tree 145/240 [index:144 total:4m50.96s tree:1m12.29s]
I0000 00:00:1786374138.612710   83312 random_forest.cc:980] Train tree 193/240 [index:192 total:6m4.61s tree:1m13.64s]
I0000 00:00:1786374152.952231   83121 random_forest.cc:987] random_forest.cc Training block took: 378.95 s
W0000 00:00:1786374152.952267   83121 random_forest.cc:1304] EXITING EARLY TO SPEED UP EXPERIMENTS!
RESULT dataset=HIGGS_with_header threshold=3100 median=378.665s stddev=0.421733s n=3
./bazel-bin/examples/train_oblique_forest --input_mode trunk --rows 1500000 --cols 4096 --num_trees=240 --dynamic_split_threshold=3100 
----- Run 1/3 -----
WARNING: All log messages before absl::InitializeLog() is called are written to STDERR
I0000 00:00:1786374159.355691   84828 train_oblique_forest.cc:614] Generating trunk synthetic dataset: rows=1500000, cols=4096, layout=column
I0000 00:00:1786374210.594903   84828 train_oblique_forest.cc:706] -1 (automatic) threads requested. 48 threads set.
I0000 00:00:1786374210.594925   84828 train_oblique_forest.cc:776] Configuring oblique splits
I0000 00:00:1786374210.594929   84828 train_oblique_forest.cc:861] Using Dynamic Random Histogram with 64 samples
I0000 00:00:1786374210.594940   84828 train_oblique_forest.cc:891] train_oblique_forest wall-time - Loading/Init (pre-train): 51.2393s
I0000 00:00:1786374210.595266   84828 abstract_learner.cc:171] No input feature explicitly specified. Using all the available input features.
I0000 00:00:1786374210.595272   84828 abstract_learner.cc:185] The label "y" was removed from the input feature set.
I0000 00:00:1786374210.595815   84828 random_forest.cc:498] Training random forest on 1500000 example(s) and 4096 feature(s).
I0000 00:00:1786374210.595947   84828 gpu.cc:93] Cannot initialize GPU: Not compiled with GPU support
I0000 00:00:1786374210.596759   84828 random_forest.cc:667] num_threads being used: 48
I0000 00:00:1786374277.268079   85063 random_forest.cc:980] Train tree 1/240 [index:43 total:1m6.67s tree:1m6.67s]
I0000 00:00:1786374344.861623   85029 random_forest.cc:980] Train tree 49/240 [index:70 total:2m14.26s tree:1m5.70s]
I0000 00:00:1786374413.463876   85029 random_forest.cc:980] Train tree 97/240 [index:96 total:3m22.87s tree:1m8.60s]
I0000 00:00:1786374482.201451   85029 random_forest.cc:980] Train tree 145/240 [index:144 total:4m31.60s tree:1m8.74s]
I0000 00:00:1786374551.890924   85029 random_forest.cc:980] Train tree 193/240 [index:192 total:5m41.29s tree:1m9.69s]
I0000 00:00:1786374556.150622   84828 random_forest.cc:987] random_forest.cc Training block took: 345.556 s
W0000 00:00:1786374556.150664   84828 random_forest.cc:1304] EXITING EARLY TO SPEED UP EXPERIMENTS!
----- Run 2/3 -----
WARNING: All log messages before absl::InitializeLog() is called are written to STDERR
I0000 00:00:1786374557.238643   86398 train_oblique_forest.cc:614] Generating trunk synthetic dataset: rows=1500000, cols=4096, layout=column
I0000 00:00:1786374608.506865   86398 train_oblique_forest.cc:706] -1 (automatic) threads requested. 48 threads set.
I0000 00:00:1786374608.506889   86398 train_oblique_forest.cc:776] Configuring oblique splits
I0000 00:00:1786374608.506892   86398 train_oblique_forest.cc:861] Using Dynamic Random Histogram with 64 samples
I0000 00:00:1786374608.506903   86398 train_oblique_forest.cc:891] train_oblique_forest wall-time - Loading/Init (pre-train): 51.2683s
I0000 00:00:1786374608.507208   86398 abstract_learner.cc:171] No input feature explicitly specified. Using all the available input features.
I0000 00:00:1786374608.507214   86398 abstract_learner.cc:185] The label "y" was removed from the input feature set.
I0000 00:00:1786374608.507762   86398 random_forest.cc:498] Training random forest on 1500000 example(s) and 4096 feature(s).
I0000 00:00:1786374608.507894   86398 gpu.cc:93] Cannot initialize GPU: Not compiled with GPU support
I0000 00:00:1786374608.508698   86398 random_forest.cc:667] num_threads being used: 48
I0000 00:00:1786374674.840664   86645 random_forest.cc:980] Train tree 1/240 [index:43 total:1m6.33s tree:1m6.33s]
I0000 00:00:1786374742.519941   86606 random_forest.cc:980] Train tree 49/240 [index:70 total:2m14.01s tree:1m5.55s]
I0000 00:00:1786374811.008391   86606 random_forest.cc:980] Train tree 97/240 [index:96 total:3m22.50s tree:1m8.49s]
I0000 00:00:1786374879.791334   86606 random_forest.cc:980] Train tree 145/240 [index:144 total:4m31.28s tree:1m8.78s]
I0000 00:00:1786374949.000107   86606 random_forest.cc:980] Train tree 193/240 [index:192 total:5m40.49s tree:1m9.21s]
I0000 00:00:1786374954.030783   86398 random_forest.cc:987] random_forest.cc Training block took: 345.524 s
W0000 00:00:1786374954.030826   86398 random_forest.cc:1304] EXITING EARLY TO SPEED UP EXPERIMENTS!
----- Run 3/3 -----
WARNING: All log messages before absl::InitializeLog() is called are written to STDERR
I0000 00:00:1786374955.099280   87978 train_oblique_forest.cc:614] Generating trunk synthetic dataset: rows=1500000, cols=4096, layout=column
I0000 00:00:1786375006.335789   87978 train_oblique_forest.cc:706] -1 (automatic) threads requested. 48 threads set.
I0000 00:00:1786375006.335812   87978 train_oblique_forest.cc:776] Configuring oblique splits
I0000 00:00:1786375006.335815   87978 train_oblique_forest.cc:861] Using Dynamic Random Histogram with 64 samples
I0000 00:00:1786375006.335827   87978 train_oblique_forest.cc:891] train_oblique_forest wall-time - Loading/Init (pre-train): 51.2366s
I0000 00:00:1786375006.336161   87978 abstract_learner.cc:171] No input feature explicitly specified. Using all the available input features.
I0000 00:00:1786375006.336167   87978 abstract_learner.cc:185] The label "y" was removed from the input feature set.
I0000 00:00:1786375006.336711   87978 random_forest.cc:498] Training random forest on 1500000 example(s) and 4096 feature(s).
I0000 00:00:1786375006.336837   87978 gpu.cc:93] Cannot initialize GPU: Not compiled with GPU support
I0000 00:00:1786375006.337648   87978 random_forest.cc:667] num_threads being used: 48
I0000 00:00:1786375072.538402   88186 random_forest.cc:980] Train tree 1/240 [index:43 total:1m6.20s tree:1m6.20s]
I0000 00:00:1786375140.486977   88200 random_forest.cc:980] Train tree 49/240 [index:70 total:2m14.15s tree:1m5.66s]
I0000 00:00:1786375209.057981   88200 random_forest.cc:980] Train tree 97/240 [index:96 total:3m22.72s tree:1m8.57s]
I0000 00:00:1786375277.825906   88200 random_forest.cc:980] Train tree 145/240 [index:144 total:4m31.49s tree:1m8.77s]
I0000 00:00:1786375347.034900   88204 random_forest.cc:980] Train tree 193/240 [index:193 total:5m40.70s tree:1m8.72s]
I0000 00:00:1786375353.577750   87978 random_forest.cc:987] random_forest.cc Training block took: 347.242 s
W0000 00:00:1786375353.577796   87978 random_forest.cc:1304] EXITING EARLY TO SPEED UP EXPERIMENTS!
RESULT dataset=trunk_1500000_x_4096 threshold=3100 median=345.556s stddev=0.982780s n=3


======== Threshold 3600 ========

./bazel-bin/examples/train_oblique_forest --input_mode csv --train_csv "benchmarks/data/HIGGS_with_header.csv" --label_col "class" --num_trees=240 --dynamic_split_threshold=3600 
----- Run 1/3 -----
WARNING: All log messages before absl::InitializeLog() is called are written to STDERR
I0000 00:00:1786375354.649659   89572 train_oblique_forest.cc:582] Loading CSV in a single pass: benchmarks/data/HIGGS_with_header.csv
I0000 00:00:1786375354.653846   89572 vertical_dataset_io.cc:82] 100 examples scanned.
I0000 00:00:1786375384.651001   89572 vertical_dataset_io.cc:82] 7245800 examples scanned.
I0000 00:00:1786375400.918151   89572 vertical_dataset_io.cc:91] 11000000 examples read. Memory: usage:1276MB allocated:1276MB. 0 (0%) examples have been skipped.
I0000 00:00:1786375401.185857   89572 train_oblique_forest.cc:589] Single-pass CSV load complete: 11000000 rows, 29 columns.
I0000 00:00:1786375401.185913   89572 train_oblique_forest.cc:706] -1 (automatic) threads requested. 48 threads set.
I0000 00:00:1786375401.185921   89572 train_oblique_forest.cc:776] Configuring oblique splits
I0000 00:00:1786375401.185924   89572 train_oblique_forest.cc:861] Using Dynamic Random Histogram with 64 samples
I0000 00:00:1786375401.185935   89572 train_oblique_forest.cc:891] train_oblique_forest wall-time - Loading/Init (pre-train): 46.5363s
I0000 00:00:1786375401.185994   89572 abstract_learner.cc:171] No input feature explicitly specified. Using all the available input features.
I0000 00:00:1786375401.185996   89572 abstract_learner.cc:185] The label "class" was removed from the input feature set.
I0000 00:00:1786375401.186009   89572 random_forest.cc:498] Training random forest on 11000000 example(s) and 28 feature(s).
I0000 00:00:1786375401.186020   89572 gpu.cc:93] Cannot initialize GPU: Not compiled with GPU support
I0000 00:00:1786375401.186213   89572 random_forest.cc:667] num_threads being used: 48
I0000 00:00:1786375473.129806   89765 random_forest.cc:980] Train tree 1/240 [index:27 total:1m11.94s tree:1m11.94s]
I0000 00:00:1786375545.929233   89765 random_forest.cc:980] Train tree 49/240 [index:48 total:2m24.74s tree:1m12.80s]
I0000 00:00:1786375618.984179   89789 random_forest.cc:980] Train tree 97/240 [index:99 total:3m37.80s tree:1m12.51s]
I0000 00:00:1786375690.684412   89772 random_forest.cc:980] Train tree 145/240 [index:145 total:4m49.50s tree:1m11.32s]
I0000 00:00:1786375765.400916   89772 random_forest.cc:980] Train tree 193/240 [index:192 total:6m4.21s tree:1m14.71s]
I0000 00:00:1786375776.584659   89572 random_forest.cc:987] random_forest.cc Training block took: 375.399 s
W0000 00:00:1786375776.584696   89572 random_forest.cc:1304] EXITING EARLY TO SPEED UP EXPERIMENTS!
----- Run 2/3 -----
WARNING: All log messages before absl::InitializeLog() is called are written to STDERR
I0000 00:00:1786375782.933238   91253 train_oblique_forest.cc:582] Loading CSV in a single pass: benchmarks/data/HIGGS_with_header.csv
I0000 00:00:1786375782.937502   91253 vertical_dataset_io.cc:82] 100 examples scanned.
I0000 00:00:1786375812.934941   91253 vertical_dataset_io.cc:82] 7220300 examples scanned.
I0000 00:00:1786375829.369227   91253 vertical_dataset_io.cc:91] 11000000 examples read. Memory: usage:1276MB allocated:1276MB. 0 (0%) examples have been skipped.
I0000 00:00:1786375829.638224   91253 train_oblique_forest.cc:589] Single-pass CSV load complete: 11000000 rows, 29 columns.
I0000 00:00:1786375829.638276   91253 train_oblique_forest.cc:706] -1 (automatic) threads requested. 48 threads set.
I0000 00:00:1786375829.638286   91253 train_oblique_forest.cc:776] Configuring oblique splits
I0000 00:00:1786375829.638289   91253 train_oblique_forest.cc:861] Using Dynamic Random Histogram with 64 samples
I0000 00:00:1786375829.638300   91253 train_oblique_forest.cc:891] train_oblique_forest wall-time - Loading/Init (pre-train): 46.7051s
I0000 00:00:1786375829.638361   91253 abstract_learner.cc:171] No input feature explicitly specified. Using all the available input features.
I0000 00:00:1786375829.638364   91253 abstract_learner.cc:185] The label "class" was removed from the input feature set.
I0000 00:00:1786375829.638376   91253 random_forest.cc:498] Training random forest on 11000000 example(s) and 28 feature(s).
I0000 00:00:1786375829.638388   91253 gpu.cc:93] Cannot initialize GPU: Not compiled with GPU support
I0000 00:00:1786375829.638581   91253 random_forest.cc:667] num_threads being used: 48
I0000 00:00:1786375901.607785   91450 random_forest.cc:980] Train tree 1/240 [index:27 total:1m11.97s tree:1m11.97s]
I0000 00:00:1786375974.528012   91441 random_forest.cc:980] Train tree 49/240 [index:61 total:2m24.89s tree:1m11.87s]
I0000 00:00:1786376047.356508   91447 random_forest.cc:980] Train tree 97/240 [index:99 total:3m37.72s tree:1m12.44s]
I0000 00:00:1786376119.132381   91451 random_forest.cc:980] Train tree 145/240 [index:145 total:4m49.49s tree:1m11.46s]
I0000 00:00:1786376193.612309   91451 random_forest.cc:980] Train tree 193/240 [index:192 total:6m3.97s tree:1m14.48s]
I0000 00:00:1786376204.887511   91253 random_forest.cc:987] random_forest.cc Training block took: 375.249 s
W0000 00:00:1786376204.887550   91253 random_forest.cc:1304] EXITING EARLY TO SPEED UP EXPERIMENTS!
----- Run 3/3 -----
WARNING: All log messages before absl::InitializeLog() is called are written to STDERR
I0000 00:00:1786376211.244840   92938 train_oblique_forest.cc:582] Loading CSV in a single pass: benchmarks/data/HIGGS_with_header.csv
I0000 00:00:1786376211.249051   92938 vertical_dataset_io.cc:82] 100 examples scanned.
I0000 00:00:1786376241.246369   92938 vertical_dataset_io.cc:82] 7217300 examples scanned.
I0000 00:00:1786376257.692477   92938 vertical_dataset_io.cc:91] 11000000 examples read. Memory: usage:1276MB allocated:1276MB. 0 (0%) examples have been skipped.
I0000 00:00:1786376257.961221   92938 train_oblique_forest.cc:589] Single-pass CSV load complete: 11000000 rows, 29 columns.
I0000 00:00:1786376257.961264   92938 train_oblique_forest.cc:706] -1 (automatic) threads requested. 48 threads set.
I0000 00:00:1786376257.961274   92938 train_oblique_forest.cc:776] Configuring oblique splits
I0000 00:00:1786376257.961276   92938 train_oblique_forest.cc:861] Using Dynamic Random Histogram with 64 samples
I0000 00:00:1786376257.961286   92938 train_oblique_forest.cc:891] train_oblique_forest wall-time - Loading/Init (pre-train): 46.7165s
I0000 00:00:1786376257.961343   92938 abstract_learner.cc:171] No input feature explicitly specified. Using all the available input features.
I0000 00:00:1786376257.961345   92938 abstract_learner.cc:185] The label "class" was removed from the input feature set.
I0000 00:00:1786376257.961357   92938 random_forest.cc:498] Training random forest on 11000000 example(s) and 28 feature(s).
I0000 00:00:1786376257.961368   92938 gpu.cc:93] Cannot initialize GPU: Not compiled with GPU support
I0000 00:00:1786376257.961562   92938 random_forest.cc:667] num_threads being used: 48
I0000 00:00:1786376329.899242   93134 random_forest.cc:980] Train tree 1/240 [index:27 total:1m11.94s tree:1m11.93s]
I0000 00:00:1786376402.837457   93134 random_forest.cc:980] Train tree 49/240 [index:48 total:2m24.88s tree:1m12.94s]
I0000 00:00:1786376475.783081   93161 random_forest.cc:980] Train tree 97/240 [index:99 total:3m37.82s tree:1m12.60s]
I0000 00:00:1786376547.519895   93151 random_forest.cc:980] Train tree 145/240 [index:145 total:4m49.56s tree:1m11.42s]
I0000 00:00:1786376622.165036   93151 random_forest.cc:980] Train tree 193/240 [index:192 total:6m4.20s tree:1m14.64s]
I0000 00:00:1786376632.788033   92938 random_forest.cc:987] random_forest.cc Training block took: 374.827 s
W0000 00:00:1786376632.788070   92938 random_forest.cc:1304] EXITING EARLY TO SPEED UP EXPERIMENTS!
RESULT dataset=HIGGS_with_header threshold=3600 median=375.249s stddev=0.296583s n=3
./bazel-bin/examples/train_oblique_forest --input_mode trunk --rows 1500000 --cols 4096 --num_trees=240 --dynamic_split_threshold=3600 
----- Run 1/3 -----
WARNING: All log messages before absl::InitializeLog() is called are written to STDERR
I0000 00:00:1786376639.157740   94628 train_oblique_forest.cc:614] Generating trunk synthetic dataset: rows=1500000, cols=4096, layout=column
I0000 00:00:1786376690.474701   94628 train_oblique_forest.cc:706] -1 (automatic) threads requested. 48 threads set.
I0000 00:00:1786376690.474724   94628 train_oblique_forest.cc:776] Configuring oblique splits
I0000 00:00:1786376690.474727   94628 train_oblique_forest.cc:861] Using Dynamic Random Histogram with 64 samples
I0000 00:00:1786376690.474739   94628 train_oblique_forest.cc:891] train_oblique_forest wall-time - Loading/Init (pre-train): 51.317s
I0000 00:00:1786376690.475062   94628 abstract_learner.cc:171] No input feature explicitly specified. Using all the available input features.
I0000 00:00:1786376690.475068   94628 abstract_learner.cc:185] The label "y" was removed from the input feature set.
I0000 00:00:1786376690.475622   94628 random_forest.cc:498] Training random forest on 1500000 example(s) and 4096 feature(s).
I0000 00:00:1786376690.475748   94628 gpu.cc:93] Cannot initialize GPU: Not compiled with GPU support
I0000 00:00:1786376690.476557   94628 random_forest.cc:667] num_threads being used: 48
I0000 00:00:1786376756.704392   94854 random_forest.cc:980] Train tree 1/240 [index:30 total:1m6.23s tree:1m6.22s]
I0000 00:00:1786376824.242171   94853 random_forest.cc:980] Train tree 49/240 [index:70 total:2m13.77s tree:1m5.49s]
I0000 00:00:1786376892.436259   94853 random_forest.cc:980] Train tree 97/240 [index:96 total:3m21.96s tree:1m8.19s]
I0000 00:00:1786376961.571764   94849 random_forest.cc:980] Train tree 145/240 [index:182 total:4m31.10s tree:1m4.93s]
I0000 00:00:1786377029.884726   94849 random_forest.cc:980] Train tree 193/240 [index:192 total:5m39.41s tree:1m8.31s]
I0000 00:00:1786377034.995871   94628 random_forest.cc:987] random_forest.cc Training block took: 344.521 s
W0000 00:00:1786377034.995910   94628 random_forest.cc:1304] EXITING EARLY TO SPEED UP EXPERIMENTS!
----- Run 2/3 -----
WARNING: All log messages before absl::InitializeLog() is called are written to STDERR
I0000 00:00:1786377036.079757   96202 train_oblique_forest.cc:614] Generating trunk synthetic dataset: rows=1500000, cols=4096, layout=column
I0000 00:00:1786377087.539717   96202 train_oblique_forest.cc:706] -1 (automatic) threads requested. 48 threads set.
I0000 00:00:1786377087.539742   96202 train_oblique_forest.cc:776] Configuring oblique splits
I0000 00:00:1786377087.539745   96202 train_oblique_forest.cc:861] Using Dynamic Random Histogram with 64 samples
I0000 00:00:1786377087.539756   96202 train_oblique_forest.cc:891] train_oblique_forest wall-time - Loading/Init (pre-train): 51.46s
I0000 00:00:1786377087.540046   96202 abstract_learner.cc:171] No input feature explicitly specified. Using all the available input features.
I0000 00:00:1786377087.540051   96202 abstract_learner.cc:185] The label "y" was removed from the input feature set.
I0000 00:00:1786377087.540599   96202 random_forest.cc:498] Training random forest on 1500000 example(s) and 4096 feature(s).
I0000 00:00:1786377087.540727   96202 gpu.cc:93] Cannot initialize GPU: Not compiled with GPU support
I0000 00:00:1786377087.541538   96202 random_forest.cc:667] num_threads being used: 48
I0000 00:00:1786377153.819328   96418 random_forest.cc:980] Train tree 1/240 [index:30 total:1m6.28s tree:1m6.27s]
I0000 00:00:1786377221.195861   96427 random_forest.cc:980] Train tree 49/240 [index:70 total:2m13.65s tree:1m5.31s]
I0000 00:00:1786377289.398099   96427 random_forest.cc:980] Train tree 97/240 [index:96 total:3m21.86s tree:1m8.20s]
I0000 00:00:1786377358.200191   96427 random_forest.cc:980] Train tree 145/240 [index:144 total:4m30.66s tree:1m8.80s]
I0000 00:00:1786377426.649395   96427 random_forest.cc:980] Train tree 193/240 [index:192 total:5m39.11s tree:1m8.45s]
I0000 00:00:1786377433.049178   96202 random_forest.cc:987] random_forest.cc Training block took: 345.509 s
W0000 00:00:1786377433.049221   96202 random_forest.cc:1304] EXITING EARLY TO SPEED UP EXPERIMENTS!
----- Run 3/3 -----
WARNING: All log messages before absl::InitializeLog() is called are written to STDERR
I0000 00:00:1786377434.110105   97770 train_oblique_forest.cc:614] Generating trunk synthetic dataset: rows=1500000, cols=4096, layout=column
I0000 00:00:1786377485.340421   97770 train_oblique_forest.cc:706] -1 (automatic) threads requested. 48 threads set.
I0000 00:00:1786377485.340447   97770 train_oblique_forest.cc:776] Configuring oblique splits
I0000 00:00:1786377485.340451   97770 train_oblique_forest.cc:861] Using Dynamic Random Histogram with 64 samples
I0000 00:00:1786377485.340463   97770 train_oblique_forest.cc:891] train_oblique_forest wall-time - Loading/Init (pre-train): 51.2304s
I0000 00:00:1786377485.340781   97770 abstract_learner.cc:171] No input feature explicitly specified. Using all the available input features.
I0000 00:00:1786377485.340787   97770 abstract_learner.cc:185] The label "y" was removed from the input feature set.
I0000 00:00:1786377485.341336   97770 random_forest.cc:498] Training random forest on 1500000 example(s) and 4096 feature(s).
I0000 00:00:1786377485.341462   97770 gpu.cc:93] Cannot initialize GPU: Not compiled with GPU support
I0000 00:00:1786377485.342274   97770 random_forest.cc:667] num_threads being used: 48
I0000 00:00:1786377551.858976   97986 random_forest.cc:980] Train tree 1/240 [index:30 total:1m6.52s tree:1m6.51s]
I0000 00:00:1786377618.630864   97977 random_forest.cc:980] Train tree 49/240 [index:70 total:2m13.29s tree:1m5.08s]
I0000 00:00:1786377686.930440   97977 random_forest.cc:980] Train tree 97/240 [index:96 total:3m21.59s tree:1m8.30s]
I0000 00:00:1786377755.836018   97977 random_forest.cc:980] Train tree 145/240 [index:144 total:4m30.49s tree:1m8.91s]
I0000 00:00:1786377824.422355   97977 random_forest.cc:980] Train tree 193/240 [index:192 total:5m39.08s tree:1m8.59s]
I0000 00:00:1786377830.734155   97770 random_forest.cc:987] random_forest.cc Training block took: 345.394 s
W0000 00:00:1786377830.734198   97770 random_forest.cc:1304] EXITING EARLY TO SPEED UP EXPERIMENTS!
RESULT dataset=trunk_1500000_x_4096 threshold=3600 median=345.394s stddev=0.540293s n=3


======== Threshold 4100 ========

./bazel-bin/examples/train_oblique_forest --input_mode csv --train_csv "benchmarks/data/HIGGS_with_header.csv" --label_col "class" --num_trees=240 --dynamic_split_threshold=4100 
----- Run 1/3 -----
WARNING: All log messages before absl::InitializeLog() is called are written to STDERR
I0000 00:00:1786377831.810940   99346 train_oblique_forest.cc:582] Loading CSV in a single pass: benchmarks/data/HIGGS_with_header.csv
I0000 00:00:1786377831.815130   99346 vertical_dataset_io.cc:82] 100 examples scanned.
I0000 00:00:1786377861.812291   99346 vertical_dataset_io.cc:82] 7229000 examples scanned.
I0000 00:00:1786377878.176102   99346 vertical_dataset_io.cc:91] 11000000 examples read. Memory: usage:1276MB allocated:1276MB. 0 (0%) examples have been skipped.
I0000 00:00:1786377878.444834   99346 train_oblique_forest.cc:589] Single-pass CSV load complete: 11000000 rows, 29 columns.
I0000 00:00:1786377878.444962   99346 train_oblique_forest.cc:706] -1 (automatic) threads requested. 48 threads set.
I0000 00:00:1786377878.444972   99346 train_oblique_forest.cc:776] Configuring oblique splits
I0000 00:00:1786377878.444975   99346 train_oblique_forest.cc:861] Using Dynamic Random Histogram with 64 samples
I0000 00:00:1786377878.444985   99346 train_oblique_forest.cc:891] train_oblique_forest wall-time - Loading/Init (pre-train): 46.6341s
I0000 00:00:1786377878.445040   99346 abstract_learner.cc:171] No input feature explicitly specified. Using all the available input features.
I0000 00:00:1786377878.445042   99346 abstract_learner.cc:185] The label "class" was removed from the input feature set.
I0000 00:00:1786377878.445054   99346 random_forest.cc:498] Training random forest on 11000000 example(s) and 28 feature(s).
I0000 00:00:1786377878.445065   99346 gpu.cc:93] Cannot initialize GPU: Not compiled with GPU support
I0000 00:00:1786377878.445255   99346 random_forest.cc:667] num_threads being used: 48
I0000 00:00:1786377949.878404   99547 random_forest.cc:980] Train tree 1/240 [index:27 total:1m11.43s tree:1m11.43s]
I0000 00:00:1786378023.346733   99553 random_forest.cc:980] Train tree 49/240 [index:58 total:2m24.90s tree:1m11.90s]
I0000 00:00:1786378095.642758   99553 random_forest.cc:980] Train tree 97/240 [index:96 total:3m37.20s tree:1m12.29s]
I0000 00:00:1786378168.260355   99553 random_forest.cc:980] Train tree 145/240 [index:144 total:4m49.82s tree:1m12.62s]
I0000 00:00:1786378241.665966   99553 random_forest.cc:980] Train tree 193/240 [index:192 total:6m3.22s tree:1m13.40s]
I0000 00:00:1786378254.332299   99346 random_forest.cc:987] random_forest.cc Training block took: 375.887 s
W0000 00:00:1786378254.332336   99346 random_forest.cc:1304] EXITING EARLY TO SPEED UP EXPERIMENTS!
----- Run 2/3 -----
WARNING: All log messages before absl::InitializeLog() is called are written to STDERR
I0000 00:00:1786378260.707426  101036 train_oblique_forest.cc:582] Loading CSV in a single pass: benchmarks/data/HIGGS_with_header.csv
I0000 00:00:1786378260.711625  101036 vertical_dataset_io.cc:82] 100 examples scanned.
I0000 00:00:1786378290.708795  101036 vertical_dataset_io.cc:82] 7235700 examples scanned.
I0000 00:00:1786378307.033590  101036 vertical_dataset_io.cc:91] 11000000 examples read. Memory: usage:1276MB allocated:1276MB. 0 (0%) examples have been skipped.
I0000 00:00:1786378307.302656  101036 train_oblique_forest.cc:589] Single-pass CSV load complete: 11000000 rows, 29 columns.
I0000 00:00:1786378307.302702  101036 train_oblique_forest.cc:706] -1 (automatic) threads requested. 48 threads set.
I0000 00:00:1786378307.302712  101036 train_oblique_forest.cc:776] Configuring oblique splits
I0000 00:00:1786378307.302714  101036 train_oblique_forest.cc:861] Using Dynamic Random Histogram with 64 samples
I0000 00:00:1786378307.302724  101036 train_oblique_forest.cc:891] train_oblique_forest wall-time - Loading/Init (pre-train): 46.5953s
I0000 00:00:1786378307.302783  101036 abstract_learner.cc:171] No input feature explicitly specified. Using all the available input features.
I0000 00:00:1786378307.302787  101036 abstract_learner.cc:185] The label "class" was removed from the input feature set.
I0000 00:00:1786378307.302799  101036 random_forest.cc:498] Training random forest on 11000000 example(s) and 28 feature(s).
I0000 00:00:1786378307.302811  101036 gpu.cc:93] Cannot initialize GPU: Not compiled with GPU support
I0000 00:00:1786378307.303009  101036 random_forest.cc:667] num_threads being used: 48
I0000 00:00:1786378378.718594  101231 random_forest.cc:980] Train tree 1/240 [index:27 total:1m11.42s tree:1m11.41s]
I0000 00:00:1786378452.071089  101231 random_forest.cc:980] Train tree 49/240 [index:48 total:2m24.77s tree:1m13.35s]
I0000 00:00:1786378524.270544  101231 random_forest.cc:980] Train tree 97/240 [index:96 total:3m36.97s tree:1m12.20s]
I0000 00:00:1786378597.115433  101231 random_forest.cc:980] Train tree 145/240 [index:144 total:4m49.81s tree:1m12.84s]
I0000 00:00:1786378670.517940  101231 random_forest.cc:980] Train tree 193/240 [index:192 total:6m3.21s tree:1m13.40s]
I0000 00:00:1786378683.135191  101036 random_forest.cc:987] random_forest.cc Training block took: 375.832 s
W0000 00:00:1786378683.135230  101036 random_forest.cc:1304] EXITING EARLY TO SPEED UP EXPERIMENTS!
----- Run 3/3 -----
WARNING: All log messages before absl::InitializeLog() is called are written to STDERR
I0000 00:00:1786378689.496850  102722 train_oblique_forest.cc:582] Loading CSV in a single pass: benchmarks/data/HIGGS_with_header.csv
I0000 00:00:1786378689.501044  102722 vertical_dataset_io.cc:82] 100 examples scanned.
I0000 00:00:1786378719.498232  102722 vertical_dataset_io.cc:82] 7223900 examples scanned.
I0000 00:00:1786378735.893802  102722 vertical_dataset_io.cc:91] 11000000 examples read. Memory: usage:1276MB allocated:1276MB. 0 (0%) examples have been skipped.
I0000 00:00:1786378736.161225  102722 train_oblique_forest.cc:589] Single-pass CSV load complete: 11000000 rows, 29 columns.
I0000 00:00:1786378736.161277  102722 train_oblique_forest.cc:706] -1 (automatic) threads requested. 48 threads set.
I0000 00:00:1786378736.161287  102722 train_oblique_forest.cc:776] Configuring oblique splits
I0000 00:00:1786378736.161289  102722 train_oblique_forest.cc:861] Using Dynamic Random Histogram with 64 samples
I0000 00:00:1786378736.161298  102722 train_oblique_forest.cc:891] train_oblique_forest wall-time - Loading/Init (pre-train): 46.6645s
I0000 00:00:1786378736.161359  102722 abstract_learner.cc:171] No input feature explicitly specified. Using all the available input features.
I0000 00:00:1786378736.161361  102722 abstract_learner.cc:185] The label "class" was removed from the input feature set.
I0000 00:00:1786378736.161374  102722 random_forest.cc:498] Training random forest on 11000000 example(s) and 28 feature(s).
I0000 00:00:1786378736.161386  102722 gpu.cc:93] Cannot initialize GPU: Not compiled with GPU support
I0000 00:00:1786378736.161577  102722 random_forest.cc:667] num_threads being used: 48
I0000 00:00:1786378807.648926  102927 random_forest.cc:980] Train tree 1/240 [index:27 total:1m11.49s tree:1m11.48s]
I0000 00:00:1786378880.932959  102935 random_forest.cc:980] Train tree 49/240 [index:77 total:2m24.77s tree:1m10.50s]
I0000 00:00:1786378953.231596  102935 random_forest.cc:980] Train tree 97/240 [index:96 total:3m37.07s tree:1m12.30s]
I0000 00:00:1786379026.335635  102935 random_forest.cc:980] Train tree 145/240 [index:144 total:4m50.17s tree:1m13.10s]
I0000 00:00:1786379099.792144  102935 random_forest.cc:980] Train tree 193/240 [index:192 total:6m3.63s tree:1m13.45s]
I0000 00:00:1786379112.153439  102722 random_forest.cc:987] random_forest.cc Training block took: 375.992 s
W0000 00:00:1786379112.153475  102722 random_forest.cc:1304] EXITING EARLY TO SPEED UP EXPERIMENTS!
RESULT dataset=HIGGS_with_header threshold=4100 median=375.887s stddev=0.081292s n=3
./bazel-bin/examples/train_oblique_forest --input_mode trunk --rows 1500000 --cols 4096 --num_trees=240 --dynamic_split_threshold=4100 
----- Run 1/3 -----
WARNING: All log messages before absl::InitializeLog() is called are written to STDERR
I0000 00:00:1786379118.568750  104430 train_oblique_forest.cc:614] Generating trunk synthetic dataset: rows=1500000, cols=4096, layout=column
I0000 00:00:1786379169.834084  104430 train_oblique_forest.cc:706] -1 (automatic) threads requested. 48 threads set.
I0000 00:00:1786379169.834108  104430 train_oblique_forest.cc:776] Configuring oblique splits
I0000 00:00:1786379169.834112  104430 train_oblique_forest.cc:861] Using Dynamic Random Histogram with 64 samples
I0000 00:00:1786379169.834123  104430 train_oblique_forest.cc:891] train_oblique_forest wall-time - Loading/Init (pre-train): 51.2654s
I0000 00:00:1786379169.834416  104430 abstract_learner.cc:171] No input feature explicitly specified. Using all the available input features.
I0000 00:00:1786379169.834422  104430 abstract_learner.cc:185] The label "y" was removed from the input feature set.
I0000 00:00:1786379169.834966  104430 random_forest.cc:498] Training random forest on 1500000 example(s) and 4096 feature(s).
I0000 00:00:1786379169.835085  104430 gpu.cc:93] Cannot initialize GPU: Not compiled with GPU support
I0000 00:00:1786379169.835888  104430 random_forest.cc:667] num_threads being used: 48
I0000 00:00:1786379236.175439  104667 random_forest.cc:980] Train tree 1/240 [index:43 total:1m6.34s tree:1m6.34s]
I0000 00:00:1786379303.869945  104656 random_forest.cc:980] Train tree 49/240 [index:50 total:2m14.03s tree:1m7.59s]
I0000 00:00:1786379371.753078  104666 random_forest.cc:980] Train tree 97/240 [index:100 total:3m21.92s tree:1m7.01s]
I0000 00:00:1786379440.211054  104647 random_forest.cc:980] Train tree 145/240 [index:182 total:4m30.38s tree:1m4.66s]
I0000 00:00:1786379508.583235  104647 random_forest.cc:980] Train tree 193/240 [index:192 total:5m38.75s tree:1m8.37s]
I0000 00:00:1786379513.531225  104430 random_forest.cc:987] random_forest.cc Training block took: 343.697 s
W0000 00:00:1786379513.531264  104430 random_forest.cc:1304] EXITING EARLY TO SPEED UP EXPERIMENTS!
----- Run 2/3 -----
WARNING: All log messages before absl::InitializeLog() is called are written to STDERR
I0000 00:00:1786379514.610091  105988 train_oblique_forest.cc:614] Generating trunk synthetic dataset: rows=1500000, cols=4096, layout=column
I0000 00:00:1786379566.055059  105988 train_oblique_forest.cc:706] -1 (automatic) threads requested. 48 threads set.
I0000 00:00:1786379566.055083  105988 train_oblique_forest.cc:776] Configuring oblique splits
I0000 00:00:1786379566.055087  105988 train_oblique_forest.cc:861] Using Dynamic Random Histogram with 64 samples
I0000 00:00:1786379566.055098  105988 train_oblique_forest.cc:891] train_oblique_forest wall-time - Loading/Init (pre-train): 51.445s
I0000 00:00:1786379566.055426  105988 abstract_learner.cc:171] No input feature explicitly specified. Using all the available input features.
I0000 00:00:1786379566.055432  105988 abstract_learner.cc:185] The label "y" was removed from the input feature set.
I0000 00:00:1786379566.055983  105988 random_forest.cc:498] Training random forest on 1500000 example(s) and 4096 feature(s).
I0000 00:00:1786379566.056106  105988 gpu.cc:93] Cannot initialize GPU: Not compiled with GPU support
I0000 00:00:1786379566.056923  105988 random_forest.cc:667] num_threads being used: 48
I0000 00:00:1786379632.197453  106225 random_forest.cc:980] Train tree 1/240 [index:43 total:1m6.14s tree:1m6.14s]
I0000 00:00:1786379699.772876  106222 random_forest.cc:980] Train tree 49/240 [index:70 total:2m13.72s tree:1m5.62s]
I0000 00:00:1786379767.760821  106222 random_forest.cc:980] Train tree 97/240 [index:96 total:3m21.70s tree:1m7.99s]
I0000 00:00:1786379835.706592  106222 random_forest.cc:980] Train tree 145/240 [index:144 total:4m29.65s tree:1m7.95s]
I0000 00:00:1786379904.429251  106222 random_forest.cc:980] Train tree 193/240 [index:192 total:5m38.37s tree:1m8.72s]
I0000 00:00:1786379909.505141  105988 random_forest.cc:987] random_forest.cc Training block took: 343.45 s
W0000 00:00:1786379909.505178  105988 random_forest.cc:1304] EXITING EARLY TO SPEED UP EXPERIMENTS!
----- Run 3/3 -----
WARNING: All log messages before absl::InitializeLog() is called are written to STDERR
I0000 00:00:1786379910.572855  107560 train_oblique_forest.cc:614] Generating trunk synthetic dataset: rows=1500000, cols=4096, layout=column
I0000 00:00:1786379961.854967  107560 train_oblique_forest.cc:706] -1 (automatic) threads requested. 48 threads set.
I0000 00:00:1786379961.854990  107560 train_oblique_forest.cc:776] Configuring oblique splits
I0000 00:00:1786379961.854994  107560 train_oblique_forest.cc:861] Using Dynamic Random Histogram with 64 samples
I0000 00:00:1786379961.855006  107560 train_oblique_forest.cc:891] train_oblique_forest wall-time - Loading/Init (pre-train): 51.2822s
I0000 00:00:1786379961.855292  107560 abstract_learner.cc:171] No input feature explicitly specified. Using all the available input features.
I0000 00:00:1786379961.855297  107560 abstract_learner.cc:185] The label "y" was removed from the input feature set.
I0000 00:00:1786379961.855838  107560 random_forest.cc:498] Training random forest on 1500000 example(s) and 4096 feature(s).
I0000 00:00:1786379961.855968  107560 gpu.cc:93] Cannot initialize GPU: Not compiled with GPU support
I0000 00:00:1786379961.856767  107560 random_forest.cc:667] num_threads being used: 48
I0000 00:00:1786380027.722989  107800 random_forest.cc:980] Train tree 1/240 [index:43 total:1m5.87s tree:1m5.86s]
I0000 00:00:1786380095.347617  107801 random_forest.cc:980] Train tree 49/240 [index:70 total:2m13.49s tree:1m5.52s]
I0000 00:00:1786380163.651178  107801 random_forest.cc:980] Train tree 97/240 [index:96 total:3m21.79s tree:1m8.30s]
I0000 00:00:1786380231.909691  107801 random_forest.cc:980] Train tree 145/240 [index:144 total:4m30.05s tree:1m8.26s]
I0000 00:00:1786380300.727157  107801 random_forest.cc:980] Train tree 193/240 [index:192 total:5m38.87s tree:1m8.82s]
I0000 00:00:1786380306.196006  107560 random_forest.cc:987] random_forest.cc Training block took: 344.341 s
W0000 00:00:1786380306.196046  107560 random_forest.cc:1304] EXITING EARLY TO SPEED UP EXPERIMENTS!
RESULT dataset=trunk_1500000_x_4096 threshold=4100 median=343.697s stddev=0.460005s n=3


======== Threshold 4600 ========

./bazel-bin/examples/train_oblique_forest --input_mode csv --train_csv "benchmarks/data/HIGGS_with_header.csv" --label_col "class" --num_trees=240 --dynamic_split_threshold=4600 
----- Run 1/3 -----
WARNING: All log messages before absl::InitializeLog() is called are written to STDERR
I0000 00:00:1786380307.270073  109140 train_oblique_forest.cc:582] Loading CSV in a single pass: benchmarks/data/HIGGS_with_header.csv
I0000 00:00:1786380307.274268  109140 vertical_dataset_io.cc:82] 100 examples scanned.
I0000 00:00:1786380337.271562  109140 vertical_dataset_io.cc:82] 7196200 examples scanned.
I0000 00:00:1786380353.857341  109140 vertical_dataset_io.cc:91] 11000000 examples read. Memory: usage:1276MB allocated:1276MB. 0 (0%) examples have been skipped.
I0000 00:00:1786380354.125852  109140 train_oblique_forest.cc:589] Single-pass CSV load complete: 11000000 rows, 29 columns.
I0000 00:00:1786380354.125898  109140 train_oblique_forest.cc:706] -1 (automatic) threads requested. 48 threads set.
I0000 00:00:1786380354.125908  109140 train_oblique_forest.cc:776] Configuring oblique splits
I0000 00:00:1786380354.125911  109140 train_oblique_forest.cc:861] Using Dynamic Random Histogram with 64 samples
I0000 00:00:1786380354.125921  109140 train_oblique_forest.cc:891] train_oblique_forest wall-time - Loading/Init (pre-train): 46.8559s
I0000 00:00:1786380354.125979  109140 abstract_learner.cc:171] No input feature explicitly specified. Using all the available input features.
I0000 00:00:1786380354.125982  109140 abstract_learner.cc:185] The label "class" was removed from the input feature set.
I0000 00:00:1786380354.125995  109140 random_forest.cc:498] Training random forest on 11000000 example(s) and 28 feature(s).
I0000 00:00:1786380354.126007  109140 gpu.cc:93] Cannot initialize GPU: Not compiled with GPU support
I0000 00:00:1786380354.126201  109140 random_forest.cc:667] num_threads being used: 48
I0000 00:00:1786380425.451464  109364 random_forest.cc:980] Train tree 1/240 [index:47 total:1m11.33s tree:1m11.32s]
I0000 00:00:1786380497.367502  109337 random_forest.cc:980] Train tree 49/240 [index:54 total:2m23.24s tree:1m10.83s]
I0000 00:00:1786380570.060659  109337 random_forest.cc:980] Train tree 97/240 [index:96 total:3m35.93s tree:1m12.69s]
I0000 00:00:1786380642.703858  109357 random_forest.cc:980] Train tree 145/240 [index:148 total:4m48.58s tree:1m11.17s]
I0000 00:00:1786380715.973176  109357 random_forest.cc:980] Train tree 193/240 [index:192 total:6m1.85s tree:1m13.27s]
I0000 00:00:1786380730.267801  109140 random_forest.cc:987] random_forest.cc Training block took: 376.142 s
W0000 00:00:1786380730.267840  109140 random_forest.cc:1304] EXITING EARLY TO SPEED UP EXPERIMENTS!
----- Run 2/3 -----
WARNING: All log messages before absl::InitializeLog() is called are written to STDERR
I0000 00:00:1786380736.594599  110830 train_oblique_forest.cc:582] Loading CSV in a single pass: benchmarks/data/HIGGS_with_header.csv
I0000 00:00:1786380736.598785  110830 vertical_dataset_io.cc:82] 100 examples scanned.
I0000 00:00:1786380766.595923  110830 vertical_dataset_io.cc:82] 7230200 examples scanned.
I0000 00:00:1786380782.961220  110830 vertical_dataset_io.cc:91] 11000000 examples read. Memory: usage:1276MB allocated:1276MB. 0 (0%) examples have been skipped.
I0000 00:00:1786380783.229380  110830 train_oblique_forest.cc:589] Single-pass CSV load complete: 11000000 rows, 29 columns.
I0000 00:00:1786380783.229432  110830 train_oblique_forest.cc:706] -1 (automatic) threads requested. 48 threads set.
I0000 00:00:1786380783.229442  110830 train_oblique_forest.cc:776] Configuring oblique splits
I0000 00:00:1786380783.229444  110830 train_oblique_forest.cc:861] Using Dynamic Random Histogram with 64 samples
I0000 00:00:1786380783.229454  110830 train_oblique_forest.cc:891] train_oblique_forest wall-time - Loading/Init (pre-train): 46.6349s
I0000 00:00:1786380783.229515  110830 abstract_learner.cc:171] No input feature explicitly specified. Using all the available input features.
I0000 00:00:1786380783.229517  110830 abstract_learner.cc:185] The label "class" was removed from the input feature set.
I0000 00:00:1786380783.229529  110830 random_forest.cc:498] Training random forest on 11000000 example(s) and 28 feature(s).
I0000 00:00:1786380783.229541  110830 gpu.cc:93] Cannot initialize GPU: Not compiled with GPU support
I0000 00:00:1786380783.229733  110830 random_forest.cc:667] num_threads being used: 48
I0000 00:00:1786380854.488068  111045 random_forest.cc:980] Train tree 1/240 [index:47 total:1m11.26s tree:1m11.25s]
I0000 00:00:1786380926.507575  111036 random_forest.cc:980] Train tree 49/240 [index:54 total:2m23.28s tree:1m10.89s]
I0000 00:00:1786380999.543708  111036 random_forest.cc:980] Train tree 97/240 [index:96 total:3m36.31s tree:1m13.03s]
I0000 00:00:1786381072.179812  111024 random_forest.cc:980] Train tree 145/240 [index:148 total:4m48.95s tree:1m11.25s]
I0000 00:00:1786381145.520745  111024 random_forest.cc:980] Train tree 193/240 [index:192 total:6m2.29s tree:1m13.34s]
I0000 00:00:1786381160.311960  110830 random_forest.cc:987] random_forest.cc Training block took: 377.082 s
W0000 00:00:1786381160.311997  110830 random_forest.cc:1304] EXITING EARLY TO SPEED UP EXPERIMENTS!
----- Run 3/3 -----
WARNING: All log messages before absl::InitializeLog() is called are written to STDERR
I0000 00:00:1786381166.659665  112521 train_oblique_forest.cc:582] Loading CSV in a single pass: benchmarks/data/HIGGS_with_header.csv
I0000 00:00:1786381166.663846  112521 vertical_dataset_io.cc:82] 100 examples scanned.
I0000 00:00:1786381196.661347  112521 vertical_dataset_io.cc:82] 7207000 examples scanned.
I0000 00:00:1786381213.160534  112521 vertical_dataset_io.cc:91] 11000000 examples read. Memory: usage:1276MB allocated:1276MB. 0 (0%) examples have been skipped.
I0000 00:00:1786381213.430541  112521 train_oblique_forest.cc:589] Single-pass CSV load complete: 11000000 rows, 29 columns.
I0000 00:00:1786381213.430582  112521 train_oblique_forest.cc:706] -1 (automatic) threads requested. 48 threads set.
I0000 00:00:1786381213.430592  112521 train_oblique_forest.cc:776] Configuring oblique splits
I0000 00:00:1786381213.430595  112521 train_oblique_forest.cc:861] Using Dynamic Random Histogram with 64 samples
I0000 00:00:1786381213.430605  112521 train_oblique_forest.cc:891] train_oblique_forest wall-time - Loading/Init (pre-train): 46.771s
I0000 00:00:1786381213.430661  112521 abstract_learner.cc:171] No input feature explicitly specified. Using all the available input features.
I0000 00:00:1786381213.430663  112521 abstract_learner.cc:185] The label "class" was removed from the input feature set.
I0000 00:00:1786381213.430675  112521 random_forest.cc:498] Training random forest on 11000000 example(s) and 28 feature(s).
I0000 00:00:1786381213.430686  112521 gpu.cc:93] Cannot initialize GPU: Not compiled with GPU support
I0000 00:00:1786381213.430881  112521 random_forest.cc:667] num_threads being used: 48
I0000 00:00:1786381284.708927  112745 random_forest.cc:980] Train tree 1/240 [index:47 total:1m11.28s tree:1m11.27s]
I0000 00:00:1786381357.057741  112716 random_forest.cc:980] Train tree 49/240 [index:54 total:2m23.63s tree:1m11.26s]
I0000 00:00:1786381429.800653  112716 random_forest.cc:980] Train tree 97/240 [index:96 total:3m36.37s tree:1m12.74s]
I0000 00:00:1786381502.359221  112745 random_forest.cc:980] Train tree 145/240 [index:148 total:4m48.93s tree:1m11.24s]
I0000 00:00:1786381575.338550  112745 random_forest.cc:980] Train tree 193/240 [index:192 total:6m1.91s tree:1m12.98s]
I0000 00:00:1786381590.100457  112521 random_forest.cc:987] random_forest.cc Training block took: 376.67 s
W0000 00:00:1786381590.100497  112521 random_forest.cc:1304] EXITING EARLY TO SPEED UP EXPERIMENTS!
RESULT dataset=HIGGS_with_header threshold=4600 median=376.67s stddev=0.471191s n=3
./bazel-bin/examples/train_oblique_forest --input_mode trunk --rows 1500000 --cols 4096 --num_trees=240 --dynamic_split_threshold=4600 
----- Run 1/3 -----
WARNING: All log messages before absl::InitializeLog() is called are written to STDERR
I0000 00:00:1786381596.463733  114226 train_oblique_forest.cc:614] Generating trunk synthetic dataset: rows=1500000, cols=4096, layout=column
I0000 00:00:1786381647.751975  114226 train_oblique_forest.cc:706] -1 (automatic) threads requested. 48 threads set.
I0000 00:00:1786381647.751998  114226 train_oblique_forest.cc:776] Configuring oblique splits
I0000 00:00:1786381647.752001  114226 train_oblique_forest.cc:861] Using Dynamic Random Histogram with 64 samples
I0000 00:00:1786381647.752013  114226 train_oblique_forest.cc:891] train_oblique_forest wall-time - Loading/Init (pre-train): 51.2883s
I0000 00:00:1786381647.752299  114226 abstract_learner.cc:171] No input feature explicitly specified. Using all the available input features.
I0000 00:00:1786381647.752305  114226 abstract_learner.cc:185] The label "y" was removed from the input feature set.
I0000 00:00:1786381647.752852  114226 random_forest.cc:498] Training random forest on 1500000 example(s) and 4096 feature(s).
I0000 00:00:1786381647.752979  114226 gpu.cc:93] Cannot initialize GPU: Not compiled with GPU support
I0000 00:00:1786381647.753818  114226 random_forest.cc:667] num_threads being used: 48
I0000 00:00:1786381713.520006  114461 random_forest.cc:980] Train tree 1/240 [index:43 total:1m5.77s tree:1m5.76s]
I0000 00:00:1786381780.516139  114427 random_forest.cc:980] Train tree 49/240 [index:70 total:2m12.76s tree:1m4.80s]
I0000 00:00:1786381847.988823  114427 random_forest.cc:980] Train tree 97/240 [index:96 total:3m20.24s tree:1m7.47s]
I0000 00:00:1786381915.756585  114427 random_forest.cc:980] Train tree 145/240 [index:144 total:4m28.00s tree:1m7.77s]
I0000 00:00:1786381984.619673  114427 random_forest.cc:980] Train tree 193/240 [index:192 total:5m36.87s tree:1m8.86s]
I0000 00:00:1786381989.930876  114226 random_forest.cc:987] random_forest.cc Training block took: 342.179 s
W0000 00:00:1786381989.930920  114226 random_forest.cc:1304] EXITING EARLY TO SPEED UP EXPERIMENTS!
----- Run 2/3 -----
WARNING: All log messages before absl::InitializeLog() is called are written to STDERR
I0000 00:00:1786381991.016559  115785 train_oblique_forest.cc:614] Generating trunk synthetic dataset: rows=1500000, cols=4096, layout=column
I0000 00:00:1786382042.315931  115785 train_oblique_forest.cc:706] -1 (automatic) threads requested. 48 threads set.
I0000 00:00:1786382042.315955  115785 train_oblique_forest.cc:776] Configuring oblique splits
I0000 00:00:1786382042.315958  115785 train_oblique_forest.cc:861] Using Dynamic Random Histogram with 64 samples
I0000 00:00:1786382042.315969  115785 train_oblique_forest.cc:891] train_oblique_forest wall-time - Loading/Init (pre-train): 51.2994s
I0000 00:00:1786382042.316300  115785 abstract_learner.cc:171] No input feature explicitly specified. Using all the available input features.
I0000 00:00:1786382042.316305  115785 abstract_learner.cc:185] The label "y" was removed from the input feature set.
I0000 00:00:1786382042.316856  115785 random_forest.cc:498] Training random forest on 1500000 example(s) and 4096 feature(s).
I0000 00:00:1786382042.316976  115785 gpu.cc:93] Cannot initialize GPU: Not compiled with GPU support
I0000 00:00:1786382042.317782  115785 random_forest.cc:667] num_threads being used: 48
I0000 00:00:1786382108.445800  116022 random_forest.cc:980] Train tree 1/240 [index:43 total:1m6.13s tree:1m6.12s]
I0000 00:00:1786382174.823913  116023 random_forest.cc:980] Train tree 49/240 [index:70 total:2m12.51s tree:1m4.59s]
I0000 00:00:1786382242.364952  116023 random_forest.cc:980] Train tree 97/240 [index:96 total:3m20.05s tree:1m7.54s]
I0000 00:00:1786382310.057728  116023 random_forest.cc:980] Train tree 145/240 [index:144 total:4m27.74s tree:1m7.69s]
I0000 00:00:1786382379.220252  116023 random_forest.cc:980] Train tree 193/240 [index:192 total:5m36.90s tree:1m9.16s]
I0000 00:00:1786382385.532451  115785 random_forest.cc:987] random_forest.cc Training block took: 343.216 s
W0000 00:00:1786382385.532498  115785 random_forest.cc:1304] EXITING EARLY TO SPEED UP EXPERIMENTS!
----- Run 3/3 -----
WARNING: All log messages before absl::InitializeLog() is called are written to STDERR
I0000 00:00:1786382386.600953  117350 train_oblique_forest.cc:614] Generating trunk synthetic dataset: rows=1500000, cols=4096, layout=column
I0000 00:00:1786382438.074915  117350 train_oblique_forest.cc:706] -1 (automatic) threads requested. 48 threads set.
I0000 00:00:1786382438.074939  117350 train_oblique_forest.cc:776] Configuring oblique splits
I0000 00:00:1786382438.074942  117350 train_oblique_forest.cc:861] Using Dynamic Random Histogram with 64 samples
I0000 00:00:1786382438.074953  117350 train_oblique_forest.cc:891] train_oblique_forest wall-time - Loading/Init (pre-train): 51.474s
I0000 00:00:1786382438.075246  117350 abstract_learner.cc:171] No input feature explicitly specified. Using all the available input features.
I0000 00:00:1786382438.075252  117350 abstract_learner.cc:185] The label "y" was removed from the input feature set.
I0000 00:00:1786382438.075805  117350 random_forest.cc:498] Training random forest on 1500000 example(s) and 4096 feature(s).
I0000 00:00:1786382438.075936  117350 gpu.cc:93] Cannot initialize GPU: Not compiled with GPU support
I0000 00:00:1786382438.076742  117350 random_forest.cc:667] num_threads being used: 48
I0000 00:00:1786382503.382536  117587 random_forest.cc:980] Train tree 1/240 [index:43 total:1m5.31s tree:1m5.30s]
I0000 00:00:1786382570.915653  117595 random_forest.cc:980] Train tree 49/240 [index:70 total:2m12.84s tree:1m4.85s]
I0000 00:00:1786382638.446432  117595 random_forest.cc:980] Train tree 97/240 [index:96 total:3m20.37s tree:1m7.53s]
I0000 00:00:1786382707.289846  117595 random_forest.cc:980] Train tree 145/240 [index:144 total:4m29.21s tree:1m8.84s]
I0000 00:00:1786382776.226347  117595 random_forest.cc:980] Train tree 193/240 [index:192 total:5m38.15s tree:1m8.94s]
I0000 00:00:1786382780.295313  117350 random_forest.cc:987] random_forest.cc Training block took: 342.22 s
W0000 00:00:1786382780.295353  117350 random_forest.cc:1304] EXITING EARLY TO SPEED UP EXPERIMENTS!
RESULT dataset=trunk_1500000_x_4096 threshold=4600 median=342.22s stddev=0.587234s n=3


======== Threshold 5100 ========

./bazel-bin/examples/train_oblique_forest --input_mode csv --train_csv "benchmarks/data/HIGGS_with_header.csv" --label_col "class" --num_trees=240 --dynamic_split_threshold=5100 
----- Run 1/3 -----
WARNING: All log messages before absl::InitializeLog() is called are written to STDERR
I0000 00:00:1786382781.393232  118929 train_oblique_forest.cc:582] Loading CSV in a single pass: benchmarks/data/HIGGS_with_header.csv
I0000 00:00:1786382781.397458  118929 vertical_dataset_io.cc:82] 100 examples scanned.
I0000 00:00:1786382811.394882  118929 vertical_dataset_io.cc:82] 7212900 examples scanned.
I0000 00:00:1786382827.847026  118929 vertical_dataset_io.cc:91] 11000000 examples read. Memory: usage:1276MB allocated:1276MB. 0 (0%) examples have been skipped.
I0000 00:00:1786382828.114748  118929 train_oblique_forest.cc:589] Single-pass CSV load complete: 11000000 rows, 29 columns.
I0000 00:00:1786382828.114801  118929 train_oblique_forest.cc:706] -1 (automatic) threads requested. 48 threads set.
I0000 00:00:1786382828.114811  118929 train_oblique_forest.cc:776] Configuring oblique splits
I0000 00:00:1786382828.114814  118929 train_oblique_forest.cc:861] Using Dynamic Random Histogram with 64 samples
I0000 00:00:1786382828.114824  118929 train_oblique_forest.cc:891] train_oblique_forest wall-time - Loading/Init (pre-train): 46.7216s
I0000 00:00:1786382828.114886  118929 abstract_learner.cc:171] No input feature explicitly specified. Using all the available input features.
I0000 00:00:1786382828.114888  118929 abstract_learner.cc:185] The label "class" was removed from the input feature set.
I0000 00:00:1786382828.114900  118929 random_forest.cc:498] Training random forest on 11000000 example(s) and 28 feature(s).
I0000 00:00:1786382828.114913  118929 gpu.cc:93] Cannot initialize GPU: Not compiled with GPU support
I0000 00:00:1786382828.115108  118929 random_forest.cc:667] num_threads being used: 48
I0000 00:00:1786382898.968624  119128 random_forest.cc:980] Train tree 1/240 [index:27 total:1m10.85s tree:1m10.85s]
I0000 00:00:1786382971.483348  119128 random_forest.cc:980] Train tree 49/240 [index:48 total:2m23.37s tree:1m12.51s]
I0000 00:00:1786383043.864538  119128 random_forest.cc:980] Train tree 97/240 [index:96 total:3m35.75s tree:1m12.38s]
I0000 00:00:1786383116.298987  119128 random_forest.cc:980] Train tree 145/240 [index:144 total:4m48.18s tree:1m12.43s]
I0000 00:00:1786383190.194386  119128 random_forest.cc:980] Train tree 193/240 [index:192 total:6m2.08s tree:1m13.89s]
I0000 00:00:1786383201.165237  118929 random_forest.cc:987] random_forest.cc Training block took: 373.05 s
W0000 00:00:1786383201.165277  118929 random_forest.cc:1304] EXITING EARLY TO SPEED UP EXPERIMENTS!
----- Run 2/3 -----
WARNING: All log messages before absl::InitializeLog() is called are written to STDERR
I0000 00:00:1786383207.505632  120746 train_oblique_forest.cc:582] Loading CSV in a single pass: benchmarks/data/HIGGS_with_header.csv
I0000 00:00:1786383207.509819  120746 vertical_dataset_io.cc:82] 100 examples scanned.
I0000 00:00:1786383237.507184  120746 vertical_dataset_io.cc:82] 7212100 examples scanned.
I0000 00:00:1786383253.986350  120746 vertical_dataset_io.cc:91] 11000000 examples read. Memory: usage:1276MB allocated:1276MB. 0 (0%) examples have been skipped.
I0000 00:00:1786383254.255740  120746 train_oblique_forest.cc:589] Single-pass CSV load complete: 11000000 rows, 29 columns.
I0000 00:00:1786383254.255792  120746 train_oblique_forest.cc:706] -1 (automatic) threads requested. 48 threads set.
I0000 00:00:1786383254.255803  120746 train_oblique_forest.cc:776] Configuring oblique splits
I0000 00:00:1786383254.255806  120746 train_oblique_forest.cc:861] Using Dynamic Random Histogram with 64 samples
I0000 00:00:1786383254.255816  120746 train_oblique_forest.cc:891] train_oblique_forest wall-time - Loading/Init (pre-train): 46.7502s
I0000 00:00:1786383254.255880  120746 abstract_learner.cc:171] No input feature explicitly specified. Using all the available input features.
I0000 00:00:1786383254.255882  120746 abstract_learner.cc:185] The label "class" was removed from the input feature set.
I0000 00:00:1786383254.255895  120746 random_forest.cc:498] Training random forest on 11000000 example(s) and 28 feature(s).
I0000 00:00:1786383254.255908  120746 gpu.cc:93] Cannot initialize GPU: Not compiled with GPU support
I0000 00:00:1786383254.256101  120746 random_forest.cc:667] num_threads being used: 48
I0000 00:00:1786383325.273875  120942 random_forest.cc:980] Train tree 1/240 [index:27 total:1m11.02s tree:1m11.02s]
I0000 00:00:1786383398.163230  120942 random_forest.cc:980] Train tree 49/240 [index:48 total:2m23.91s tree:1m12.89s]
I0000 00:00:1786383470.632827  120966 random_forest.cc:980] Train tree 97/240 [index:99 total:3m36.38s tree:1m11.30s]
I0000 00:00:1786383543.499240  120966 random_forest.cc:980] Train tree 145/240 [index:144 total:4m49.24s tree:1m12.86s]
I0000 00:00:1786383617.685811  120966 random_forest.cc:980] Train tree 193/240 [index:192 total:6m3.43s tree:1m14.18s]
I0000 00:00:1786383627.820022  120746 random_forest.cc:987] random_forest.cc Training block took: 373.564 s
W0000 00:00:1786383627.820061  120746 random_forest.cc:1304] EXITING EARLY TO SPEED UP EXPERIMENTS!
----- Run 3/3 -----
WARNING: All log messages before absl::InitializeLog() is called are written to STDERR
I0000 00:00:1786383634.169310  122422 train_oblique_forest.cc:582] Loading CSV in a single pass: benchmarks/data/HIGGS_with_header.csv
I0000 00:00:1786383634.173568  122422 vertical_dataset_io.cc:82] 100 examples scanned.
I0000 00:00:1786383664.170922  122422 vertical_dataset_io.cc:82] 7209800 examples scanned.
I0000 00:00:1786383680.666903  122422 vertical_dataset_io.cc:91] 11000000 examples read. Memory: usage:1276MB allocated:1276MB. 0 (0%) examples have been skipped.
I0000 00:00:1786383680.934621  122422 train_oblique_forest.cc:589] Single-pass CSV load complete: 11000000 rows, 29 columns.
I0000 00:00:1786383680.934675  122422 train_oblique_forest.cc:706] -1 (automatic) threads requested. 48 threads set.
I0000 00:00:1786383680.934684  122422 train_oblique_forest.cc:776] Configuring oblique splits
I0000 00:00:1786383680.934687  122422 train_oblique_forest.cc:861] Using Dynamic Random Histogram with 64 samples
I0000 00:00:1786383680.934697  122422 train_oblique_forest.cc:891] train_oblique_forest wall-time - Loading/Init (pre-train): 46.7654s
I0000 00:00:1786383680.934758  122422 abstract_learner.cc:171] No input feature explicitly specified. Using all the available input features.
I0000 00:00:1786383680.934760  122422 abstract_learner.cc:185] The label "class" was removed from the input feature set.
I0000 00:00:1786383680.934773  122422 random_forest.cc:498] Training random forest on 11000000 example(s) and 28 feature(s).
I0000 00:00:1786383680.934785  122422 gpu.cc:93] Cannot initialize GPU: Not compiled with GPU support
I0000 00:00:1786383680.934985  122422 random_forest.cc:667] num_threads being used: 48
I0000 00:00:1786383752.059727  122618 random_forest.cc:980] Train tree 1/240 [index:21 total:1m11.12s tree:1m11.12s]
I0000 00:00:1786383824.827335  122618 random_forest.cc:980] Train tree 49/240 [index:48 total:2m23.89s tree:1m12.77s]
I0000 00:00:1786383897.094028  122634 random_forest.cc:980] Train tree 97/240 [index:99 total:3m36.16s tree:1m11.21s]
I0000 00:00:1786383969.607150  122634 random_forest.cc:980] Train tree 145/240 [index:144 total:4m48.67s tree:1m12.51s]
I0000 00:00:1786384043.438338  122634 random_forest.cc:980] Train tree 193/240 [index:192 total:6m2.50s tree:1m13.83s]
I0000 00:00:1786384053.568526  122422 random_forest.cc:987] random_forest.cc Training block took: 372.634 s
W0000 00:00:1786384053.568558  122422 random_forest.cc:1304] EXITING EARLY TO SPEED UP EXPERIMENTS!
RESULT dataset=HIGGS_with_header threshold=5100 median=373.05s stddev=0.465860s n=3
./bazel-bin/examples/train_oblique_forest --input_mode trunk --rows 1500000 --cols 4096 --num_trees=240 --dynamic_split_threshold=5100 
----- Run 1/3 -----
WARNING: All log messages before absl::InitializeLog() is called are written to STDERR
I0000 00:00:1786384059.895852  124113 train_oblique_forest.cc:614] Generating trunk synthetic dataset: rows=1500000, cols=4096, layout=column
I0000 00:00:1786384111.240404  124113 train_oblique_forest.cc:706] -1 (automatic) threads requested. 48 threads set.
I0000 00:00:1786384111.240428  124113 train_oblique_forest.cc:776] Configuring oblique splits
I0000 00:00:1786384111.240431  124113 train_oblique_forest.cc:861] Using Dynamic Random Histogram with 64 samples
I0000 00:00:1786384111.240442  124113 train_oblique_forest.cc:891] train_oblique_forest wall-time - Loading/Init (pre-train): 51.3446s
I0000 00:00:1786384111.240754  124113 abstract_learner.cc:171] No input feature explicitly specified. Using all the available input features.
I0000 00:00:1786384111.240760  124113 abstract_learner.cc:185] The label "y" was removed from the input feature set.
I0000 00:00:1786384111.241306  124113 random_forest.cc:498] Training random forest on 1500000 example(s) and 4096 feature(s).
I0000 00:00:1786384111.241433  124113 gpu.cc:93] Cannot initialize GPU: Not compiled with GPU support
I0000 00:00:1786384111.242240  124113 random_forest.cc:667] num_threads being used: 48
I0000 00:00:1786384177.345798  124323 random_forest.cc:980] Train tree 1/240 [index:31 total:1m6.10s tree:1m6.10s]
I0000 00:00:1786384243.719914  124319 random_forest.cc:980] Train tree 49/240 [index:70 total:2m12.48s tree:1m4.82s]
I0000 00:00:1786384311.606671  124319 random_forest.cc:980] Train tree 97/240 [index:96 total:3m20.36s tree:1m7.89s]
I0000 00:00:1786384379.543979  124319 random_forest.cc:980] Train tree 145/240 [index:144 total:4m28.30s tree:1m7.94s]
I0000 00:00:1786384447.768649  124319 random_forest.cc:980] Train tree 193/240 [index:192 total:5m36.53s tree:1m8.22s]
I0000 00:00:1786384454.608324  124113 random_forest.cc:987] random_forest.cc Training block took: 343.368 s
W0000 00:00:1786384454.608367  124113 random_forest.cc:1304] EXITING EARLY TO SPEED UP EXPERIMENTS!
----- Run 2/3 -----
WARNING: All log messages before absl::InitializeLog() is called are written to STDERR
I0000 00:00:1786384455.687878  125664 train_oblique_forest.cc:614] Generating trunk synthetic dataset: rows=1500000, cols=4096, layout=column
I0000 00:00:1786384507.089958  125664 train_oblique_forest.cc:706] -1 (automatic) threads requested. 48 threads set.
I0000 00:00:1786384507.089983  125664 train_oblique_forest.cc:776] Configuring oblique splits
I0000 00:00:1786384507.089986  125664 train_oblique_forest.cc:861] Using Dynamic Random Histogram with 64 samples
I0000 00:00:1786384507.089998  125664 train_oblique_forest.cc:891] train_oblique_forest wall-time - Loading/Init (pre-train): 51.4021s
I0000 00:00:1786384507.090319  125664 abstract_learner.cc:171] No input feature explicitly specified. Using all the available input features.
I0000 00:00:1786384507.090327  125664 abstract_learner.cc:185] The label "y" was removed from the input feature set.
I0000 00:00:1786384507.090876  125664 random_forest.cc:498] Training random forest on 1500000 example(s) and 4096 feature(s).
I0000 00:00:1786384507.090996  125664 gpu.cc:93] Cannot initialize GPU: Not compiled with GPU support
I0000 00:00:1786384507.091807  125664 random_forest.cc:667] num_threads being used: 48
I0000 00:00:1786384573.149243  125888 random_forest.cc:980] Train tree 1/240 [index:30 total:1m6.06s tree:1m6.05s]
I0000 00:00:1786384639.754463  125874 random_forest.cc:980] Train tree 49/240 [index:92 total:2m12.66s tree:1m3.89s]
I0000 00:00:1786384707.656370  125883 random_forest.cc:980] Train tree 97/240 [index:105 total:3m20.56s tree:1m6.08s]
I0000 00:00:1786384775.113007  125882 random_forest.cc:980] Train tree 145/240 [index:145 total:4m28.02s tree:1m7.42s]
I0000 00:00:1786384844.096227  125906 random_forest.cc:980] Train tree 193/240 [index:195 total:5m37.00s tree:1m7.48s]
I0000 00:00:1786384851.396899  125664 random_forest.cc:987] random_forest.cc Training block took: 344.307 s
W0000 00:00:1786384851.396943  125664 random_forest.cc:1304] EXITING EARLY TO SPEED UP EXPERIMENTS!
----- Run 3/3 -----
WARNING: All log messages before absl::InitializeLog() is called are written to STDERR
I0000 00:00:1786384852.459228  127235 train_oblique_forest.cc:614] Generating trunk synthetic dataset: rows=1500000, cols=4096, layout=column
I0000 00:00:1786384903.700503  127235 train_oblique_forest.cc:706] -1 (automatic) threads requested. 48 threads set.
I0000 00:00:1786384903.700527  127235 train_oblique_forest.cc:776] Configuring oblique splits
I0000 00:00:1786384903.700530  127235 train_oblique_forest.cc:861] Using Dynamic Random Histogram with 64 samples
I0000 00:00:1786384903.700541  127235 train_oblique_forest.cc:891] train_oblique_forest wall-time - Loading/Init (pre-train): 51.2413s
I0000 00:00:1786384903.700856  127235 abstract_learner.cc:171] No input feature explicitly specified. Using all the available input features.
I0000 00:00:1786384903.700862  127235 abstract_learner.cc:185] The label "y" was removed from the input feature set.
I0000 00:00:1786384903.701404  127235 random_forest.cc:498] Training random forest on 1500000 example(s) and 4096 feature(s).
I0000 00:00:1786384903.701526  127235 gpu.cc:93] Cannot initialize GPU: Not compiled with GPU support
I0000 00:00:1786384903.702343  127235 random_forest.cc:667] num_threads being used: 48
I0000 00:00:1786384969.725955  127451 random_forest.cc:980] Train tree 1/240 [index:31 total:1m6.02s tree:1m6.02s]
I0000 00:00:1786385036.448408  127474 random_forest.cc:980] Train tree 49/240 [index:70 total:2m12.75s tree:1m4.99s]
I0000 00:00:1786385104.327639  127474 random_forest.cc:980] Train tree 97/240 [index:96 total:3m20.63s tree:1m7.88s]
I0000 00:00:1786385172.131401  127439 random_forest.cc:980] Train tree 145/240 [index:145 total:4m28.43s tree:1m7.79s]
I0000 00:00:1786385240.639995  127439 random_forest.cc:980] Train tree 193/240 [index:192 total:5m36.94s tree:1m8.51s]
I0000 00:00:1786385247.105393  127235 random_forest.cc:987] random_forest.cc Training block took: 343.405 s
W0000 00:00:1786385247.105436  127235 random_forest.cc:1304] EXITING EARLY TO SPEED UP EXPERIMENTS!
RESULT dataset=trunk_1500000_x_4096 threshold=5100 median=343.405s stddev=0.531773s n=3
