==== PROVENANCE ====
date_utc: 2026-09-13T22:42:46Z
git_sha: 8fd1c446
git_branch: rebased-main
machine: Intel(R) Xeon(R) Platinum 8488C (nproc=48)
machine_serial: ec2345d6-e74b-012e-4435-8c757e5c589e
compiler: Intel(R) oneAPI DPC++/C++ Compiler 2025.2.1 (2025.2.0.20250806)
EXTRA_BAZEL_CONFIGS: --config=disable_std_upper_bound_vectorization
EXTRA_TRAIN_ARGS: --feature_split_type Oblique --numerical_split_type "Dynamic Random Histogram" --histogram_num_bins 64
NUM_TREES_DIVISOR: 1
NUM_TREES: 240  NUM_RUNS: 1
DYNAMIC_SPLIT_THRESHOLDS: 121000 122000 123000 124000 125000 126000 127000 128000 129000 131000 132000 133000 134000 135000 136000 137000 138000 139000
====================


======== DYNAMIC THRESHOLD SWEEP  configs: --config=disable_std_upper_bound_vectorization  args: --feature_split_type Oblique --numerical_split_type "Dynamic Random Histogram" --histogram_num_bins 64 ========



======== Threshold 121000 ========

./bazel-bin/examples/train_oblique_forest --input_mode csv --train_csv "benchmarks/data/HIGGS_with_header.csv" --label_col "class" --num_trees=240 --dynamic_split_threshold=121000 --feature_split_type Oblique --numerical_split_type "Dynamic Random Histogram" --histogram_num_bins 64
----- Run 1/1 -----
WARNING: All log messages before absl::InitializeLog() is called are written to STDERR
I0000 00:00:1789339366.521598   19842 train_oblique_forest.cc:1101] Loading CSV in a single pass: benchmarks/data/HIGGS_with_header.csv
I0000 00:00:1789339367.356287   19842 train_oblique_forest.cc:1108] Single-pass CSV load complete: 11000000 rows, 29 columns.
I0000 00:00:1789339367.356351   19842 train_oblique_forest.cc:1229] -1 (automatic) threads requested. 48 threads set.
I0000 00:00:1789339367.356361   19842 train_oblique_forest.cc:1304] Configuring oblique splits
I0000 00:00:1789339367.356362   19842 train_oblique_forest.cc:1313] dynamic_split_threshold = 121000 (from flag)
I0000 00:00:1789339367.356364   19842 train_oblique_forest.cc:1398] Using Dynamic Random Histogram with 64 samples
I0000 00:00:1789339367.356373   19842 train_oblique_forest.cc:1428] train_oblique_forest wall-time - Loading/Init (pre-train): 0.834797s
I0000 00:00:1789339367.356428   19842 abstract_learner.cc:171] No input feature explicitly specified. Using all the available input features.
I0000 00:00:1789339367.356430   19842 abstract_learner.cc:185] The label "class" was removed from the input feature set.
I0000 00:00:1789339367.356440   19842 random_forest.cc:534] Training random forest on 11000000 example(s) and 28 feature(s).
I0000 00:00:1789339367.356448   19842 gpu.cc:93] Cannot initialize GPU: Not compiled with GPU support
I0000 00:00:1789339367.357005   19842 random_forest.cc:663] num_threads being used: 48
I0000 00:00:1789339436.347052   19987 random_forest.cc:881] Train tree 1/240  [index:29 total:1m8.99s tree:1m8.99s]
I0000 00:00:1789339505.536445   19990 random_forest.cc:881] Train tree 49/240  [index:50 total:2m18.18s tree:1m8.87s]
I0000 00:00:1789339574.165245   19990 random_forest.cc:881] Train tree 97/240  [index:96 total:3m26.81s tree:1m8.63s]
I0000 00:00:1789339645.372779   19990 random_forest.cc:881] Train tree 145/240  [index:144 total:4m38.02s tree:1m11.21s]
I0000 00:00:1789339715.375446   19990 random_forest.cc:881] Train tree 193/240  [index:192 total:5m48.02s tree:1m10.00s]
I0000 00:00:1789339726.879867   19842 random_forest.cc:899] random_forest.cc Training block took: 359.523 s
W0000 00:00:1789339726.879900   19842 random_forest.cc:1216] EXITING EARLY TO SPEED UP EXPERIMENTS!
RESULT dataset=HIGGS_with_header threshold=121000 median=359.523s stddev=N/As n=1
./bazel-bin/examples/train_oblique_forest --input_mode csv --train_csv "benchmarks/data/SUSY_with_header.csv" --label_col "class" --num_trees=240 --dynamic_split_threshold=121000 --feature_split_type Oblique --numerical_split_type "Dynamic Random Histogram" --histogram_num_bins 64
----- Run 1/1 -----
WARNING: All log messages before absl::InitializeLog() is called are written to STDERR
I0000 00:00:1789339733.355675   20094 train_oblique_forest.cc:1101] Loading CSV in a single pass: benchmarks/data/SUSY_with_header.csv
I0000 00:00:1789339733.683135   20094 train_oblique_forest.cc:1108] Single-pass CSV load complete: 5000000 rows, 19 columns.
I0000 00:00:1789339733.683202   20094 train_oblique_forest.cc:1229] -1 (automatic) threads requested. 48 threads set.
I0000 00:00:1789339733.683212   20094 train_oblique_forest.cc:1304] Configuring oblique splits
I0000 00:00:1789339733.683213   20094 train_oblique_forest.cc:1313] dynamic_split_threshold = 121000 (from flag)
I0000 00:00:1789339733.683215   20094 train_oblique_forest.cc:1398] Using Dynamic Random Histogram with 64 samples
I0000 00:00:1789339733.683224   20094 train_oblique_forest.cc:1428] train_oblique_forest wall-time - Loading/Init (pre-train): 0.327573s
I0000 00:00:1789339733.683280   20094 abstract_learner.cc:171] No input feature explicitly specified. Using all the available input features.
I0000 00:00:1789339733.683282   20094 abstract_learner.cc:185] The label "class" was removed from the input feature set.
I0000 00:00:1789339733.683292   20094 random_forest.cc:534] Training random forest on 5000000 example(s) and 18 feature(s).
I0000 00:00:1789339733.683300   20094 gpu.cc:93] Cannot initialize GPU: Not compiled with GPU support
I0000 00:00:1789339733.683854   20094 random_forest.cc:663] num_threads being used: 48
I0000 00:00:1789339757.345506   20236 random_forest.cc:881] Train tree 1/240  [index:15 total:23.66s tree:23.66s]
I0000 00:00:1789339781.290786   20236 random_forest.cc:881] Train tree 49/240  [index:48 total:47.61s tree:23.95s]
I0000 00:00:1789339806.274858   20229 random_forest.cc:881] Train tree 97/240  [index:130 total:1m12.59s tree:23.11s]
I0000 00:00:1789339830.542450   20214 random_forest.cc:881] Train tree 145/240  [index:146 total:1m36.86s tree:24.07s]
I0000 00:00:1789339854.980961   20214 random_forest.cc:881] Train tree 193/240  [index:192 total:2m1.30s tree:24.44s]
I0000 00:00:1789339859.395863   20094 random_forest.cc:899] random_forest.cc Training block took: 125.713 s
W0000 00:00:1789339859.395899   20094 random_forest.cc:1216] EXITING EARLY TO SPEED UP EXPERIMENTS!
RESULT dataset=SUSY_with_header threshold=121000 median=125.713s stddev=N/As n=1
./bazel-bin/examples/train_oblique_forest --input_mode csv --train_csv "benchmarks/data/epsilon_normalized_train.csv" --label_col "label" --num_trees=240 --dynamic_split_threshold=121000 --feature_split_type Oblique --numerical_split_type "Dynamic Random Histogram" --histogram_num_bins 64
----- Run 1/1 -----
WARNING: All log messages before absl::InitializeLog() is called are written to STDERR
I0000 00:00:1789339862.085924   20308 train_oblique_forest.cc:1101] Loading CSV in a single pass: benchmarks/data/epsilon_normalized_train.csv
I0000 00:00:1789339863.776899   20308 train_oblique_forest.cc:1108] Single-pass CSV load complete: 400000 rows, 2001 columns.
I0000 00:00:1789339863.776964   20308 train_oblique_forest.cc:1229] -1 (automatic) threads requested. 48 threads set.
I0000 00:00:1789339863.776974   20308 train_oblique_forest.cc:1304] Configuring oblique splits
I0000 00:00:1789339863.776976   20308 train_oblique_forest.cc:1313] dynamic_split_threshold = 121000 (from flag)
I0000 00:00:1789339863.776978   20308 train_oblique_forest.cc:1398] Using Dynamic Random Histogram with 64 samples
I0000 00:00:1789339863.776987   20308 train_oblique_forest.cc:1428] train_oblique_forest wall-time - Loading/Init (pre-train): 1.69109s
I0000 00:00:1789339863.777136   20308 abstract_learner.cc:171] No input feature explicitly specified. Using all the available input features.
I0000 00:00:1789339863.777142   20308 abstract_learner.cc:185] The label "label" was removed from the input feature set.
I0000 00:00:1789339863.777472   20308 random_forest.cc:534] Training random forest on 400000 example(s) and 2000 feature(s).
I0000 00:00:1789339863.777535   20308 gpu.cc:93] Cannot initialize GPU: Not compiled with GPU support
I0000 00:00:1789339863.778233   20308 random_forest.cc:663] num_threads being used: 48
I0000 00:00:1789339874.978503   20484 random_forest.cc:881] Train tree 1/240  [index:40 total:11.20s tree:11.19s]
I0000 00:00:1789339897.541286   20455 random_forest.cc:881] Train tree 97/240  [index:105 total:33.76s tree:11.17s]
I0000 00:00:1789339920.022722   20455 random_forest.cc:881] Train tree 193/240  [index:192 total:56.24s tree:11.21s]
I0000 00:00:1789339921.211231   20308 random_forest.cc:899] random_forest.cc Training block took: 57.4342 s
W0000 00:00:1789339921.211266   20308 random_forest.cc:1216] EXITING EARLY TO SPEED UP EXPERIMENTS!
RESULT dataset=epsilon_normalized_train threshold=121000 median=57.4342s stddev=N/As n=1
./bazel-bin/examples/train_oblique_forest --input_mode trunk --rows 1500000 --cols 4096 --num_trees=240 --dynamic_split_threshold=121000 --feature_split_type Oblique --numerical_split_type "Dynamic Random Histogram" --histogram_num_bins 64
----- Run 1/1 -----
WARNING: All log messages before absl::InitializeLog() is called are written to STDERR
I0000 00:00:1789339921.500175   20536 train_oblique_forest.cc:1133] Generating trunk synthetic dataset: rows=1500000, cols=4096, layout=column
I0000 00:00:1789339922.846327   20536 train_oblique_forest.cc:1229] -1 (automatic) threads requested. 48 threads set.
I0000 00:00:1789339922.846366   20536 train_oblique_forest.cc:1304] Configuring oblique splits
I0000 00:00:1789339922.846368   20536 train_oblique_forest.cc:1313] dynamic_split_threshold = 121000 (from flag)
I0000 00:00:1789339922.846372   20536 train_oblique_forest.cc:1398] Using Dynamic Random Histogram with 64 samples
I0000 00:00:1789339922.846383   20536 train_oblique_forest.cc:1428] train_oblique_forest wall-time - Loading/Init (pre-train): 1.34623s
I0000 00:00:1789339922.846682   20536 abstract_learner.cc:171] No input feature explicitly specified. Using all the available input features.
I0000 00:00:1789339922.846689   20536 abstract_learner.cc:185] The label "y" was removed from the input feature set.
I0000 00:00:1789339922.847363   20536 random_forest.cc:534] Training random forest on 1500000 example(s) and 4096 feature(s).
I0000 00:00:1789339922.847508   20536 gpu.cc:93] Cannot initialize GPU: Not compiled with GPU support
I0000 00:00:1789339922.848444   20536 random_forest.cc:663] num_threads being used: 48
I0000 00:00:1789339985.436903   20614 random_forest.cc:881] Train tree 1/240  [index:30 total:1m2.59s tree:1m2.58s]
I0000 00:00:1789340047.729312   20592 random_forest.cc:881] Train tree 49/240  [index:70 total:2m4.88s tree:1m0.11s]
I0000 00:00:1789340112.810096   20592 random_forest.cc:881] Train tree 97/240  [index:96 total:3m9.96s tree:1m5.08s]
I0000 00:00:1789340177.236157   20592 random_forest.cc:881] Train tree 145/240  [index:144 total:4m14.39s tree:1m4.43s]
I0000 00:00:1789340242.859212   20592 random_forest.cc:881] Train tree 193/240  [index:192 total:5m20.01s tree:1m5.62s]
I0000 00:00:1789340250.712188   20536 random_forest.cc:899] random_forest.cc Training block took: 327.866 s
W0000 00:00:1789340250.712227   20536 random_forest.cc:1216] EXITING EARLY TO SPEED UP EXPERIMENTS!
RESULT dataset=trunk_1500000_x_4096 threshold=121000 median=327.866s stddev=N/As n=1
./bazel-bin/examples/train_oblique_forest --input_mode trunk --rows 150000 --cols 40000 --num_trees=240 --dynamic_split_threshold=121000 --feature_split_type Oblique --numerical_split_type "Dynamic Random Histogram" --histogram_num_bins 64
----- Run 1/1 -----
WARNING: All log messages before absl::InitializeLog() is called are written to STDERR
I0000 00:00:1789340251.804528   20694 train_oblique_forest.cc:1133] Generating trunk synthetic dataset: rows=150000, cols=40000, layout=column
I0000 00:00:1789340253.090863   20694 train_oblique_forest.cc:1229] -1 (automatic) threads requested. 48 threads set.
I0000 00:00:1789340253.090900   20694 train_oblique_forest.cc:1304] Configuring oblique splits
I0000 00:00:1789340253.090902   20694 train_oblique_forest.cc:1313] dynamic_split_threshold = 121000 (from flag)
I0000 00:00:1789340253.090907   20694 train_oblique_forest.cc:1398] Using Dynamic Random Histogram with 64 samples
I0000 00:00:1789340253.090917   20694 train_oblique_forest.cc:1428] train_oblique_forest wall-time - Loading/Init (pre-train): 1.28641s
I0000 00:00:1789340253.093221   20694 abstract_learner.cc:171] No input feature explicitly specified. Using all the available input features.
I0000 00:00:1789340253.093257   20694 abstract_learner.cc:185] The label "y" was removed from the input feature set.
I0000 00:00:1789340253.100113   20694 random_forest.cc:534] Training random forest on 150000 example(s) and 40000 feature(s).
I0000 00:00:1789340253.101389   20694 gpu.cc:93] Cannot initialize GPU: Not compiled with GPU support
I0000 00:00:1789340253.104760   20694 random_forest.cc:663] num_threads being used: 48
I0000 00:00:1789340270.298363   20768 random_forest.cc:881] Train tree 1/240  [index:26 total:17.19s tree:17.19s]
I0000 00:00:1789340290.525525   20785 random_forest.cc:881] Train tree 96/240  [index:95 total:37.42s tree:18.10s]
I0000 00:00:1789340323.133658   20772 random_forest.cc:881] Train tree 145/240  [index:144 total:1m10.03s tree:17.94s]
I0000 00:00:1789340343.158562   20783 random_forest.cc:881] Train tree 233/240  [index:234 total:1m30.05s tree:17.51s]
I0000 00:00:1789340344.336737   20694 random_forest.cc:899] random_forest.cc Training block took: 91.2458 s
W0000 00:00:1789340344.336773   20694 random_forest.cc:1216] EXITING EARLY TO SPEED UP EXPERIMENTS!
RESULT dataset=trunk_150000_x_40000 threshold=121000 median=91.2458s stddev=N/As n=1
./bazel-bin/examples/train_oblique_forest --input_mode trunk --rows 15000 --cols 400000 --num_trees=240 --dynamic_split_threshold=121000 --feature_split_type Oblique --numerical_split_type "Dynamic Random Histogram" --histogram_num_bins 64
----- Run 1/1 -----
WARNING: All log messages before absl::InitializeLog() is called are written to STDERR
I0000 00:00:1789340345.006931   20832 train_oblique_forest.cc:1133] Generating trunk synthetic dataset: rows=15000, cols=400000, layout=column
I0000 00:00:1789340346.487417   20832 train_oblique_forest.cc:1229] -1 (automatic) threads requested. 48 threads set.
I0000 00:00:1789340346.487450   20832 train_oblique_forest.cc:1304] Configuring oblique splits
I0000 00:00:1789340346.487452   20832 train_oblique_forest.cc:1313] dynamic_split_threshold = 121000 (from flag)
I0000 00:00:1789340346.487455   20832 train_oblique_forest.cc:1398] Using Dynamic Random Histogram with 64 samples
I0000 00:00:1789340346.487465   20832 train_oblique_forest.cc:1428] train_oblique_forest wall-time - Loading/Init (pre-train): 1.48056s
I0000 00:00:1789340346.506044   20832 abstract_learner.cc:171] No input feature explicitly specified. Using all the available input features.
I0000 00:00:1789340346.506325   20832 abstract_learner.cc:185] The label "y" was removed from the input feature set.
I0000 00:00:1789340346.569427   20832 random_forest.cc:534] Training random forest on 15000 example(s) and 400000 feature(s).
I0000 00:00:1789340346.580144   20832 gpu.cc:93] Cannot initialize GPU: Not compiled with GPU support
I0000 00:00:1789340346.602867   20832 random_forest.cc:663] num_threads being used: 48
I0000 00:00:1789340351.201887   20913 random_forest.cc:881] Train tree 1/240  [index:1 total:4.60s tree:4.60s]
I0000 00:00:1789340371.209244   20921 random_forest.cc:881] Train tree 208/240  [index:218 total:24.61s tree:4.68s]
I0000 00:00:1789340372.566070   20832 random_forest.cc:899] random_forest.cc Training block took: 26.0786 s
W0000 00:00:1789340372.566109   20832 random_forest.cc:1216] EXITING EARLY TO SPEED UP EXPERIMENTS!
RESULT dataset=trunk_15000_x_400000 threshold=121000 median=26.0786s stddev=N/As n=1


======== Threshold 122000 ========

./bazel-bin/examples/train_oblique_forest --input_mode csv --train_csv "benchmarks/data/HIGGS_with_header.csv" --label_col "class" --num_trees=240 --dynamic_split_threshold=122000 --feature_split_type Oblique --numerical_split_type "Dynamic Random Histogram" --histogram_num_bins 64
----- Run 1/1 -----
WARNING: All log messages before absl::InitializeLog() is called are written to STDERR
I0000 00:00:1789340373.230649   20953 train_oblique_forest.cc:1101] Loading CSV in a single pass: benchmarks/data/HIGGS_with_header.csv
I0000 00:00:1789340374.057372   20953 train_oblique_forest.cc:1108] Single-pass CSV load complete: 11000000 rows, 29 columns.
I0000 00:00:1789340374.057440   20953 train_oblique_forest.cc:1229] -1 (automatic) threads requested. 48 threads set.
I0000 00:00:1789340374.057449   20953 train_oblique_forest.cc:1304] Configuring oblique splits
I0000 00:00:1789340374.057450   20953 train_oblique_forest.cc:1313] dynamic_split_threshold = 122000 (from flag)
I0000 00:00:1789340374.057452   20953 train_oblique_forest.cc:1398] Using Dynamic Random Histogram with 64 samples
I0000 00:00:1789340374.057462   20953 train_oblique_forest.cc:1428] train_oblique_forest wall-time - Loading/Init (pre-train): 0.826837s
I0000 00:00:1789340374.057518   20953 abstract_learner.cc:171] No input feature explicitly specified. Using all the available input features.
I0000 00:00:1789340374.057520   20953 abstract_learner.cc:185] The label "class" was removed from the input feature set.
I0000 00:00:1789340374.057531   20953 random_forest.cc:534] Training random forest on 11000000 example(s) and 28 feature(s).
I0000 00:00:1789340374.057539   20953 gpu.cc:93] Cannot initialize GPU: Not compiled with GPU support
I0000 00:00:1789340374.058098   20953 random_forest.cc:663] num_threads being used: 48
I0000 00:00:1789340442.837457   21092 random_forest.cc:881] Train tree 1/240  [index:19 total:1m8.78s tree:1m8.78s]
I0000 00:00:1789340512.158569   21105 random_forest.cc:881] Train tree 49/240  [index:50 total:2m18.10s tree:1m8.89s]
I0000 00:00:1789340580.887262   21105 random_forest.cc:881] Train tree 97/240  [index:96 total:3m26.83s tree:1m8.73s]
I0000 00:00:1789340651.435289   21090 random_forest.cc:881] Train tree 145/240  [index:148 total:4m37.38s tree:1m8.09s]
I0000 00:00:1789340721.731945   21105 random_forest.cc:881] Train tree 193/240  [index:193 total:5m47.67s tree:1m9.80s]
I0000 00:00:1789340734.116247   20953 random_forest.cc:899] random_forest.cc Training block took: 360.059 s
W0000 00:00:1789340734.116281   20953 random_forest.cc:1216] EXITING EARLY TO SPEED UP EXPERIMENTS!
RESULT dataset=HIGGS_with_header threshold=122000 median=360.059s stddev=N/As n=1
./bazel-bin/examples/train_oblique_forest --input_mode csv --train_csv "benchmarks/data/SUSY_with_header.csv" --label_col "class" --num_trees=240 --dynamic_split_threshold=122000 --feature_split_type Oblique --numerical_split_type "Dynamic Random Histogram" --histogram_num_bins 64
----- Run 1/1 -----
WARNING: All log messages before absl::InitializeLog() is called are written to STDERR
I0000 00:00:1789340740.613596   21213 train_oblique_forest.cc:1101] Loading CSV in a single pass: benchmarks/data/SUSY_with_header.csv
I0000 00:00:1789340740.938302   21213 train_oblique_forest.cc:1108] Single-pass CSV load complete: 5000000 rows, 19 columns.
I0000 00:00:1789340740.938374   21213 train_oblique_forest.cc:1229] -1 (automatic) threads requested. 48 threads set.
I0000 00:00:1789340740.938384   21213 train_oblique_forest.cc:1304] Configuring oblique splits
I0000 00:00:1789340740.938386   21213 train_oblique_forest.cc:1313] dynamic_split_threshold = 122000 (from flag)
I0000 00:00:1789340740.938388   21213 train_oblique_forest.cc:1398] Using Dynamic Random Histogram with 64 samples
I0000 00:00:1789340740.938397   21213 train_oblique_forest.cc:1428] train_oblique_forest wall-time - Loading/Init (pre-train): 0.324825s
I0000 00:00:1789340740.938452   21213 abstract_learner.cc:171] No input feature explicitly specified. Using all the available input features.
I0000 00:00:1789340740.938454   21213 abstract_learner.cc:185] The label "class" was removed from the input feature set.
I0000 00:00:1789340740.938464   21213 random_forest.cc:534] Training random forest on 5000000 example(s) and 18 feature(s).
I0000 00:00:1789340740.938471   21213 gpu.cc:93] Cannot initialize GPU: Not compiled with GPU support
I0000 00:00:1789340740.939030   21213 random_forest.cc:663] num_threads being used: 48
I0000 00:00:1789340764.650108   21337 random_forest.cc:881] Train tree 1/240  [index:15 total:23.71s tree:23.71s]
I0000 00:00:1789340788.512018   21375 random_forest.cc:881] Train tree 49/240  [index:49 total:47.57s tree:23.66s]
I0000 00:00:1789340812.837815   21337 random_forest.cc:881] Train tree 97/240  [index:97 total:1m11.90s tree:24.15s]
I0000 00:00:1789340837.501057   21337 random_forest.cc:881] Train tree 145/240  [index:144 total:1m36.56s tree:24.66s]
I0000 00:00:1789340861.857375   21337 random_forest.cc:881] Train tree 193/240  [index:192 total:2m0.92s tree:24.36s]
I0000 00:00:1789340866.681761   21213 random_forest.cc:899] random_forest.cc Training block took: 125.743 s
W0000 00:00:1789340866.681797   21213 random_forest.cc:1216] EXITING EARLY TO SPEED UP EXPERIMENTS!
RESULT dataset=SUSY_with_header threshold=122000 median=125.743s stddev=N/As n=1
./bazel-bin/examples/train_oblique_forest --input_mode csv --train_csv "benchmarks/data/epsilon_normalized_train.csv" --label_col "label" --num_trees=240 --dynamic_split_threshold=122000 --feature_split_type Oblique --numerical_split_type "Dynamic Random Histogram" --histogram_num_bins 64
----- Run 1/1 -----
WARNING: All log messages before absl::InitializeLog() is called are written to STDERR
I0000 00:00:1789340869.367830   21426 train_oblique_forest.cc:1101] Loading CSV in a single pass: benchmarks/data/epsilon_normalized_train.csv
I0000 00:00:1789340871.060798   21426 train_oblique_forest.cc:1108] Single-pass CSV load complete: 400000 rows, 2001 columns.
I0000 00:00:1789340871.060861   21426 train_oblique_forest.cc:1229] -1 (automatic) threads requested. 48 threads set.
I0000 00:00:1789340871.060871   21426 train_oblique_forest.cc:1304] Configuring oblique splits
I0000 00:00:1789340871.060873   21426 train_oblique_forest.cc:1313] dynamic_split_threshold = 122000 (from flag)
I0000 00:00:1789340871.060875   21426 train_oblique_forest.cc:1398] Using Dynamic Random Histogram with 64 samples
I0000 00:00:1789340871.060884   21426 train_oblique_forest.cc:1428] train_oblique_forest wall-time - Loading/Init (pre-train): 1.69308s
I0000 00:00:1789340871.061024   21426 abstract_learner.cc:171] No input feature explicitly specified. Using all the available input features.
I0000 00:00:1789340871.061030   21426 abstract_learner.cc:185] The label "label" was removed from the input feature set.
I0000 00:00:1789340871.061363   21426 random_forest.cc:534] Training random forest on 400000 example(s) and 2000 feature(s).
I0000 00:00:1789340871.061424   21426 gpu.cc:93] Cannot initialize GPU: Not compiled with GPU support
I0000 00:00:1789340871.062112   21426 random_forest.cc:663] num_threads being used: 48
I0000 00:00:1789340882.250723   21600 random_forest.cc:881] Train tree 1/240  [index:40 total:11.19s tree:11.18s]
I0000 00:00:1789340904.799857   21605 random_forest.cc:881] Train tree 97/240  [index:105 total:33.74s tree:11.18s]
I0000 00:00:1789340927.224144   21601 random_forest.cc:881] Train tree 193/240  [index:192 total:56.16s tree:11.16s]
I0000 00:00:1789340928.345664   21426 random_forest.cc:899] random_forest.cc Training block took: 57.2848 s
W0000 00:00:1789340928.345700   21426 random_forest.cc:1216] EXITING EARLY TO SPEED UP EXPERIMENTS!
RESULT dataset=epsilon_normalized_train threshold=122000 median=57.2848s stddev=N/As n=1
./bazel-bin/examples/train_oblique_forest --input_mode trunk --rows 1500000 --cols 4096 --num_trees=240 --dynamic_split_threshold=122000 --feature_split_type Oblique --numerical_split_type "Dynamic Random Histogram" --histogram_num_bins 64
----- Run 1/1 -----
WARNING: All log messages before absl::InitializeLog() is called are written to STDERR
I0000 00:00:1789340928.634568   21658 train_oblique_forest.cc:1133] Generating trunk synthetic dataset: rows=1500000, cols=4096, layout=column
I0000 00:00:1789340929.985635   21658 train_oblique_forest.cc:1229] -1 (automatic) threads requested. 48 threads set.
I0000 00:00:1789340929.985671   21658 train_oblique_forest.cc:1304] Configuring oblique splits
I0000 00:00:1789340929.985675   21658 train_oblique_forest.cc:1313] dynamic_split_threshold = 122000 (from flag)
I0000 00:00:1789340929.985678   21658 train_oblique_forest.cc:1398] Using Dynamic Random Histogram with 64 samples
I0000 00:00:1789340929.985688   21658 train_oblique_forest.cc:1428] train_oblique_forest wall-time - Loading/Init (pre-train): 1.35114s
I0000 00:00:1789340929.985983   21658 abstract_learner.cc:171] No input feature explicitly specified. Using all the available input features.
I0000 00:00:1789340929.985989   21658 abstract_learner.cc:185] The label "y" was removed from the input feature set.
I0000 00:00:1789340929.986662   21658 random_forest.cc:534] Training random forest on 1500000 example(s) and 4096 feature(s).
I0000 00:00:1789340929.986811   21658 gpu.cc:93] Cannot initialize GPU: Not compiled with GPU support
I0000 00:00:1789340929.987740   21658 random_forest.cc:663] num_threads being used: 48
I0000 00:00:1789340992.600323   21736 random_forest.cc:881] Train tree 1/240  [index:30 total:1m2.61s tree:1m2.61s]
I0000 00:00:1789341055.600843   21740 random_forest.cc:881] Train tree 49/240  [index:70 total:2m5.61s tree:1m0.81s]
I0000 00:00:1789341121.023694   21736 random_forest.cc:881] Train tree 97/240  [index:99 total:3m11.04s tree:1m3.16s]
I0000 00:00:1789341185.328680   21736 random_forest.cc:881] Train tree 145/240  [index:144 total:4m15.34s tree:1m4.30s]
I0000 00:00:1789341250.855980   21736 random_forest.cc:881] Train tree 193/240  [index:192 total:5m20.87s tree:1m5.53s]
I0000 00:00:1789341257.132549   21658 random_forest.cc:899] random_forest.cc Training block took: 327.147 s
W0000 00:00:1789341257.132588   21658 random_forest.cc:1216] EXITING EARLY TO SPEED UP EXPERIMENTS!
RESULT dataset=trunk_1500000_x_4096 threshold=122000 median=327.147s stddev=N/As n=1
./bazel-bin/examples/train_oblique_forest --input_mode trunk --rows 150000 --cols 40000 --num_trees=240 --dynamic_split_threshold=122000 --feature_split_type Oblique --numerical_split_type "Dynamic Random Histogram" --histogram_num_bins 64
----- Run 1/1 -----
WARNING: All log messages before absl::InitializeLog() is called are written to STDERR
I0000 00:00:1789341258.223625   21828 train_oblique_forest.cc:1133] Generating trunk synthetic dataset: rows=150000, cols=40000, layout=column
I0000 00:00:1789341259.508412   21828 train_oblique_forest.cc:1229] -1 (automatic) threads requested. 48 threads set.
I0000 00:00:1789341259.508447   21828 train_oblique_forest.cc:1304] Configuring oblique splits
I0000 00:00:1789341259.508450   21828 train_oblique_forest.cc:1313] dynamic_split_threshold = 122000 (from flag)
I0000 00:00:1789341259.508453   21828 train_oblique_forest.cc:1398] Using Dynamic Random Histogram with 64 samples
I0000 00:00:1789341259.508463   21828 train_oblique_forest.cc:1428] train_oblique_forest wall-time - Loading/Init (pre-train): 1.28486s
I0000 00:00:1789341259.510712   21828 abstract_learner.cc:171] No input feature explicitly specified. Using all the available input features.
I0000 00:00:1789341259.510747   21828 abstract_learner.cc:185] The label "y" was removed from the input feature set.
I0000 00:00:1789341259.517714   21828 random_forest.cc:534] Training random forest on 150000 example(s) and 40000 feature(s).
I0000 00:00:1789341259.519013   21828 gpu.cc:93] Cannot initialize GPU: Not compiled with GPU support
I0000 00:00:1789341259.522319   21828 random_forest.cc:663] num_threads being used: 48
I0000 00:00:1789341276.719238   21902 random_forest.cc:881] Train tree 1/240  [index:26 total:17.20s tree:17.19s]
I0000 00:00:1789341311.610683   21882 random_forest.cc:881] Train tree 97/240  [index:96 total:52.09s tree:17.45s]
I0000 00:00:1789341331.659615   21886 random_forest.cc:881] Train tree 182/240  [index:175 total:1m12.14s tree:18.47s]
I0000 00:00:1789341351.086736   21828 random_forest.cc:899] random_forest.cc Training block took: 91.5782 s
W0000 00:00:1789341351.086773   21828 random_forest.cc:1216] EXITING EARLY TO SPEED UP EXPERIMENTS!
RESULT dataset=trunk_150000_x_40000 threshold=122000 median=91.5782s stddev=N/As n=1
./bazel-bin/examples/train_oblique_forest --input_mode trunk --rows 15000 --cols 400000 --num_trees=240 --dynamic_split_threshold=122000 --feature_split_type Oblique --numerical_split_type "Dynamic Random Histogram" --histogram_num_bins 64
----- Run 1/1 -----
WARNING: All log messages before absl::InitializeLog() is called are written to STDERR
I0000 00:00:1789341351.779944   21963 train_oblique_forest.cc:1133] Generating trunk synthetic dataset: rows=15000, cols=400000, layout=column
I0000 00:00:1789341353.213002   21963 train_oblique_forest.cc:1229] -1 (automatic) threads requested. 48 threads set.
I0000 00:00:1789341353.213036   21963 train_oblique_forest.cc:1304] Configuring oblique splits
I0000 00:00:1789341353.213039   21963 train_oblique_forest.cc:1313] dynamic_split_threshold = 122000 (from flag)
I0000 00:00:1789341353.213042   21963 train_oblique_forest.cc:1398] Using Dynamic Random Histogram with 64 samples
I0000 00:00:1789341353.213056   21963 train_oblique_forest.cc:1428] train_oblique_forest wall-time - Loading/Init (pre-train): 1.43313s
I0000 00:00:1789341353.234843   21963 abstract_learner.cc:171] No input feature explicitly specified. Using all the available input features.
I0000 00:00:1789341353.235148   21963 abstract_learner.cc:185] The label "y" was removed from the input feature set.
I0000 00:00:1789341353.298203   21963 random_forest.cc:534] Training random forest on 15000 example(s) and 400000 feature(s).
I0000 00:00:1789341353.308971   21963 gpu.cc:93] Cannot initialize GPU: Not compiled with GPU support
I0000 00:00:1789341353.331933   21963 random_forest.cc:663] num_threads being used: 48
I0000 00:00:1789341357.954956   22012 random_forest.cc:881] Train tree 1/240  [index:1 total:4.62s tree:4.62s]
I0000 00:00:1789341378.016812   22056 random_forest.cc:881] Train tree 209/240  [index:210 total:24.68s tree:4.96s]
I0000 00:00:1789341379.280396   21963 random_forest.cc:899] random_forest.cc Training block took: 26.0673 s
W0000 00:00:1789341379.280436   21963 random_forest.cc:1216] EXITING EARLY TO SPEED UP EXPERIMENTS!
RESULT dataset=trunk_15000_x_400000 threshold=122000 median=26.0673s stddev=N/As n=1


======== Threshold 123000 ========

./bazel-bin/examples/train_oblique_forest --input_mode csv --train_csv "benchmarks/data/HIGGS_with_header.csv" --label_col "class" --num_trees=240 --dynamic_split_threshold=123000 --feature_split_type Oblique --numerical_split_type "Dynamic Random Histogram" --histogram_num_bins 64
----- Run 1/1 -----
WARNING: All log messages before absl::InitializeLog() is called are written to STDERR
I0000 00:00:1789341379.940837   22085 train_oblique_forest.cc:1101] Loading CSV in a single pass: benchmarks/data/HIGGS_with_header.csv
I0000 00:00:1789341380.767940   22085 train_oblique_forest.cc:1108] Single-pass CSV load complete: 11000000 rows, 29 columns.
I0000 00:00:1789341380.768008   22085 train_oblique_forest.cc:1229] -1 (automatic) threads requested. 48 threads set.
I0000 00:00:1789341380.768018   22085 train_oblique_forest.cc:1304] Configuring oblique splits
I0000 00:00:1789341380.768019   22085 train_oblique_forest.cc:1313] dynamic_split_threshold = 123000 (from flag)
I0000 00:00:1789341380.768021   22085 train_oblique_forest.cc:1398] Using Dynamic Random Histogram with 64 samples
I0000 00:00:1789341380.768031   22085 train_oblique_forest.cc:1428] train_oblique_forest wall-time - Loading/Init (pre-train): 0.827215s
I0000 00:00:1789341380.768090   22085 abstract_learner.cc:171] No input feature explicitly specified. Using all the available input features.
I0000 00:00:1789341380.768092   22085 abstract_learner.cc:185] The label "class" was removed from the input feature set.
I0000 00:00:1789341380.768103   22085 random_forest.cc:534] Training random forest on 11000000 example(s) and 28 feature(s).
I0000 00:00:1789341380.768112   22085 gpu.cc:93] Cannot initialize GPU: Not compiled with GPU support
I0000 00:00:1789341380.768675   22085 random_forest.cc:663] num_threads being used: 48
I0000 00:00:1789341449.994457   22234 random_forest.cc:881] Train tree 1/240  [index:29 total:1m9.23s tree:1m9.22s]
I0000 00:00:1789341519.346284   22234 random_forest.cc:881] Train tree 49/240  [index:48 total:2m18.58s tree:1m9.35s]
I0000 00:00:1789341587.580814   22239 random_forest.cc:881] Train tree 97/240  [index:99 total:3m26.81s tree:1m7.74s]
I0000 00:00:1789341658.946026   22247 random_forest.cc:881] Train tree 145/240  [index:148 total:4m38.18s tree:1m9.67s]
I0000 00:00:1789341729.827185   22247 random_forest.cc:881] Train tree 193/240  [index:192 total:5m49.06s tree:1m10.88s]
I0000 00:00:1789341742.136298   22085 random_forest.cc:899] random_forest.cc Training block took: 361.368 s
W0000 00:00:1789341742.136329   22085 random_forest.cc:1216] EXITING EARLY TO SPEED UP EXPERIMENTS!
RESULT dataset=HIGGS_with_header threshold=123000 median=361.368s stddev=N/As n=1
./bazel-bin/examples/train_oblique_forest --input_mode csv --train_csv "benchmarks/data/SUSY_with_header.csv" --label_col "class" --num_trees=240 --dynamic_split_threshold=123000 --feature_split_type Oblique --numerical_split_type "Dynamic Random Histogram" --histogram_num_bins 64
----- Run 1/1 -----
WARNING: All log messages before absl::InitializeLog() is called are written to STDERR
I0000 00:00:1789341748.586532   22351 train_oblique_forest.cc:1101] Loading CSV in a single pass: benchmarks/data/SUSY_with_header.csv
I0000 00:00:1789341748.913739   22351 train_oblique_forest.cc:1108] Single-pass CSV load complete: 5000000 rows, 19 columns.
I0000 00:00:1789341748.913803   22351 train_oblique_forest.cc:1229] -1 (automatic) threads requested. 48 threads set.
I0000 00:00:1789341748.913812   22351 train_oblique_forest.cc:1304] Configuring oblique splits
I0000 00:00:1789341748.913814   22351 train_oblique_forest.cc:1313] dynamic_split_threshold = 123000 (from flag)
I0000 00:00:1789341748.913816   22351 train_oblique_forest.cc:1398] Using Dynamic Random Histogram with 64 samples
I0000 00:00:1789341748.913825   22351 train_oblique_forest.cc:1428] train_oblique_forest wall-time - Loading/Init (pre-train): 0.327316s
I0000 00:00:1789341748.913882   22351 abstract_learner.cc:171] No input feature explicitly specified. Using all the available input features.
I0000 00:00:1789341748.913884   22351 abstract_learner.cc:185] The label "class" was removed from the input feature set.
I0000 00:00:1789341748.913894   22351 random_forest.cc:534] Training random forest on 5000000 example(s) and 18 feature(s).
I0000 00:00:1789341748.913901   22351 gpu.cc:93] Cannot initialize GPU: Not compiled with GPU support
I0000 00:00:1789341748.914465   22351 random_forest.cc:663] num_threads being used: 48
I0000 00:00:1789341772.652512   22512 random_forest.cc:881] Train tree 1/240  [index:15 total:23.74s tree:23.74s]
I0000 00:00:1789341796.333390   22480 random_forest.cc:881] Train tree 49/240  [index:49 total:47.42s tree:23.53s]
I0000 00:00:1789341820.759702   22512 random_forest.cc:881] Train tree 97/240  [index:97 total:1m11.85s tree:24.16s]
I0000 00:00:1789341845.526430   22512 random_forest.cc:881] Train tree 145/240  [index:144 total:1m36.61s tree:24.77s]
I0000 00:00:1789341870.100061   22512 random_forest.cc:881] Train tree 193/240  [index:192 total:2m1.19s tree:24.57s]
I0000 00:00:1789341874.517909   22351 random_forest.cc:899] random_forest.cc Training block took: 125.604 s
W0000 00:00:1789341874.517945   22351 random_forest.cc:1216] EXITING EARLY TO SPEED UP EXPERIMENTS!
RESULT dataset=SUSY_with_header threshold=123000 median=125.604s stddev=N/As n=1
./bazel-bin/examples/train_oblique_forest --input_mode csv --train_csv "benchmarks/data/epsilon_normalized_train.csv" --label_col "label" --num_trees=240 --dynamic_split_threshold=123000 --feature_split_type Oblique --numerical_split_type "Dynamic Random Histogram" --histogram_num_bins 64
----- Run 1/1 -----
WARNING: All log messages before absl::InitializeLog() is called are written to STDERR
I0000 00:00:1789341877.204619   22562 train_oblique_forest.cc:1101] Loading CSV in a single pass: benchmarks/data/epsilon_normalized_train.csv
I0000 00:00:1789341878.901616   22562 train_oblique_forest.cc:1108] Single-pass CSV load complete: 400000 rows, 2001 columns.
I0000 00:00:1789341878.901679   22562 train_oblique_forest.cc:1229] -1 (automatic) threads requested. 48 threads set.
I0000 00:00:1789341878.901688   22562 train_oblique_forest.cc:1304] Configuring oblique splits
I0000 00:00:1789341878.901691   22562 train_oblique_forest.cc:1313] dynamic_split_threshold = 123000 (from flag)
I0000 00:00:1789341878.901692   22562 train_oblique_forest.cc:1398] Using Dynamic Random Histogram with 64 samples
I0000 00:00:1789341878.901702   22562 train_oblique_forest.cc:1428] train_oblique_forest wall-time - Loading/Init (pre-train): 1.69711s
I0000 00:00:1789341878.901845   22562 abstract_learner.cc:171] No input feature explicitly specified. Using all the available input features.
I0000 00:00:1789341878.901851   22562 abstract_learner.cc:185] The label "label" was removed from the input feature set.
I0000 00:00:1789341878.902181   22562 random_forest.cc:534] Training random forest on 400000 example(s) and 2000 feature(s).
I0000 00:00:1789341878.902241   22562 gpu.cc:93] Cannot initialize GPU: Not compiled with GPU support
I0000 00:00:1789341878.902915   22562 random_forest.cc:663] num_threads being used: 48
I0000 00:00:1789341890.115643   22728 random_forest.cc:881] Train tree 1/240  [index:33 total:11.21s tree:11.21s]
I0000 00:00:1789341912.663404   22726 random_forest.cc:881] Train tree 97/240  [index:105 total:33.76s tree:11.18s]
I0000 00:00:1789341935.165479   22719 random_forest.cc:881] Train tree 193/240  [index:192 total:56.26s tree:11.22s]
I0000 00:00:1789341936.253691   22562 random_forest.cc:899] random_forest.cc Training block took: 57.352 s
W0000 00:00:1789341936.253728   22562 random_forest.cc:1216] EXITING EARLY TO SPEED UP EXPERIMENTS!
RESULT dataset=epsilon_normalized_train threshold=123000 median=57.352s stddev=N/As n=1
./bazel-bin/examples/train_oblique_forest --input_mode trunk --rows 1500000 --cols 4096 --num_trees=240 --dynamic_split_threshold=123000 --feature_split_type Oblique --numerical_split_type "Dynamic Random Histogram" --histogram_num_bins 64
----- Run 1/1 -----
WARNING: All log messages before absl::InitializeLog() is called are written to STDERR
I0000 00:00:1789341936.544080   22787 train_oblique_forest.cc:1133] Generating trunk synthetic dataset: rows=1500000, cols=4096, layout=column
I0000 00:00:1789341937.899059   22787 train_oblique_forest.cc:1229] -1 (automatic) threads requested. 48 threads set.
I0000 00:00:1789341937.899093   22787 train_oblique_forest.cc:1304] Configuring oblique splits
I0000 00:00:1789341937.899097   22787 train_oblique_forest.cc:1313] dynamic_split_threshold = 123000 (from flag)
I0000 00:00:1789341937.899101   22787 train_oblique_forest.cc:1398] Using Dynamic Random Histogram with 64 samples
I0000 00:00:1789341937.899112   22787 train_oblique_forest.cc:1428] train_oblique_forest wall-time - Loading/Init (pre-train): 1.35506s
I0000 00:00:1789341937.899409   22787 abstract_learner.cc:171] No input feature explicitly specified. Using all the available input features.
I0000 00:00:1789341937.899415   22787 abstract_learner.cc:185] The label "y" was removed from the input feature set.
I0000 00:00:1789341937.900095   22787 random_forest.cc:534] Training random forest on 1500000 example(s) and 4096 feature(s).
I0000 00:00:1789341937.900236   22787 gpu.cc:93] Cannot initialize GPU: Not compiled with GPU support
I0000 00:00:1789341937.901168   22787 random_forest.cc:663] num_threads being used: 48
I0000 00:00:1789342000.859494   22865 random_forest.cc:881] Train tree 1/240  [index:30 total:1m2.96s tree:1m2.95s]
I0000 00:00:1789342063.257975   22855 random_forest.cc:881] Train tree 49/240  [index:70 total:2m5.36s tree:1m0.37s]
I0000 00:00:1789342128.528193   22855 random_forest.cc:881] Train tree 97/240  [index:96 total:3m10.63s tree:1m5.27s]
I0000 00:00:1789342193.040112   22855 random_forest.cc:881] Train tree 145/240  [index:144 total:4m15.14s tree:1m4.51s]
I0000 00:00:1789342258.265855   22875 random_forest.cc:881] Train tree 193/240  [index:193 total:5m20.36s tree:1m5.15s]
I0000 00:00:1789342265.259581   22787 random_forest.cc:899] random_forest.cc Training block took: 327.36 s
W0000 00:00:1789342265.259620   22787 random_forest.cc:1216] EXITING EARLY TO SPEED UP EXPERIMENTS!
RESULT dataset=trunk_1500000_x_4096 threshold=123000 median=327.36s stddev=N/As n=1
./bazel-bin/examples/train_oblique_forest --input_mode trunk --rows 150000 --cols 40000 --num_trees=240 --dynamic_split_threshold=123000 --feature_split_type Oblique --numerical_split_type "Dynamic Random Histogram" --histogram_num_bins 64
----- Run 1/1 -----
WARNING: All log messages before absl::InitializeLog() is called are written to STDERR
I0000 00:00:1789342266.354978   22956 train_oblique_forest.cc:1133] Generating trunk synthetic dataset: rows=150000, cols=40000, layout=column
I0000 00:00:1789342267.642859   22956 train_oblique_forest.cc:1229] -1 (automatic) threads requested. 48 threads set.
I0000 00:00:1789342267.642892   22956 train_oblique_forest.cc:1304] Configuring oblique splits
I0000 00:00:1789342267.642895   22956 train_oblique_forest.cc:1313] dynamic_split_threshold = 123000 (from flag)
I0000 00:00:1789342267.642899   22956 train_oblique_forest.cc:1398] Using Dynamic Random Histogram with 64 samples
I0000 00:00:1789342267.642909   22956 train_oblique_forest.cc:1428] train_oblique_forest wall-time - Loading/Init (pre-train): 1.28795s
I0000 00:00:1789342267.645173   22956 abstract_learner.cc:171] No input feature explicitly specified. Using all the available input features.
I0000 00:00:1789342267.645209   22956 abstract_learner.cc:185] The label "y" was removed from the input feature set.
I0000 00:00:1789342267.652044   22956 random_forest.cc:534] Training random forest on 150000 example(s) and 40000 feature(s).
I0000 00:00:1789342267.653352   22956 gpu.cc:93] Cannot initialize GPU: Not compiled with GPU support
I0000 00:00:1789342267.656653   22956 random_forest.cc:663] num_threads being used: 48
I0000 00:00:1789342284.852002   23030 random_forest.cc:881] Train tree 1/240  [index:26 total:17.20s tree:17.19s]
I0000 00:00:1789342319.965949   23025 random_forest.cc:881] Train tree 97/240  [index:96 total:52.31s tree:17.59s]
I0000 00:00:1789342339.997569   23005 random_forest.cc:881] Train tree 185/240  [index:179 total:1m12.34s tree:18.57s]
I0000 00:00:1789342358.847104   22956 random_forest.cc:899] random_forest.cc Training block took: 91.2042 s
W0000 00:00:1789342358.847140   22956 random_forest.cc:1216] EXITING EARLY TO SPEED UP EXPERIMENTS!
RESULT dataset=trunk_150000_x_40000 threshold=123000 median=91.2042s stddev=N/As n=1
./bazel-bin/examples/train_oblique_forest --input_mode trunk --rows 15000 --cols 400000 --num_trees=240 --dynamic_split_threshold=123000 --feature_split_type Oblique --numerical_split_type "Dynamic Random Histogram" --histogram_num_bins 64
----- Run 1/1 -----
WARNING: All log messages before absl::InitializeLog() is called are written to STDERR
I0000 00:00:1789342359.516880   23087 train_oblique_forest.cc:1133] Generating trunk synthetic dataset: rows=15000, cols=400000, layout=column
I0000 00:00:1789342360.947358   23087 train_oblique_forest.cc:1229] -1 (automatic) threads requested. 48 threads set.
I0000 00:00:1789342360.947394   23087 train_oblique_forest.cc:1304] Configuring oblique splits
I0000 00:00:1789342360.947396   23087 train_oblique_forest.cc:1313] dynamic_split_threshold = 123000 (from flag)
I0000 00:00:1789342360.947400   23087 train_oblique_forest.cc:1398] Using Dynamic Random Histogram with 64 samples
I0000 00:00:1789342360.947410   23087 train_oblique_forest.cc:1428] train_oblique_forest wall-time - Loading/Init (pre-train): 1.43055s
I0000 00:00:1789342360.969035   23087 abstract_learner.cc:171] No input feature explicitly specified. Using all the available input features.
I0000 00:00:1789342360.969330   23087 abstract_learner.cc:185] The label "y" was removed from the input feature set.
I0000 00:00:1789342361.033350   23087 random_forest.cc:534] Training random forest on 15000 example(s) and 400000 feature(s).
I0000 00:00:1789342361.044003   23087 gpu.cc:93] Cannot initialize GPU: Not compiled with GPU support
I0000 00:00:1789342361.067251   23087 random_forest.cc:663] num_threads being used: 48
I0000 00:00:1789342365.701715   23137 random_forest.cc:881] Train tree 1/240  [index:1 total:4.63s tree:4.63s]
I0000 00:00:1789342385.753338   23136 random_forest.cc:881] Train tree 209/240  [index:210 total:24.69s tree:4.98s]
I0000 00:00:1789342387.012763   23087 random_forest.cc:899] random_forest.cc Training block took: 26.0653 s
W0000 00:00:1789342387.012804   23087 random_forest.cc:1216] EXITING EARLY TO SPEED UP EXPERIMENTS!
RESULT dataset=trunk_15000_x_400000 threshold=123000 median=26.0653s stddev=N/As n=1


======== Threshold 124000 ========

./bazel-bin/examples/train_oblique_forest --input_mode csv --train_csv "benchmarks/data/HIGGS_with_header.csv" --label_col "class" --num_trees=240 --dynamic_split_threshold=124000 --feature_split_type Oblique --numerical_split_type "Dynamic Random Histogram" --histogram_num_bins 64
----- Run 1/1 -----
WARNING: All log messages before absl::InitializeLog() is called are written to STDERR
I0000 00:00:1789342387.675500   23219 train_oblique_forest.cc:1101] Loading CSV in a single pass: benchmarks/data/HIGGS_with_header.csv
I0000 00:00:1789342388.504312   23219 train_oblique_forest.cc:1108] Single-pass CSV load complete: 11000000 rows, 29 columns.
I0000 00:00:1789342388.504384   23219 train_oblique_forest.cc:1229] -1 (automatic) threads requested. 48 threads set.
I0000 00:00:1789342388.504393   23219 train_oblique_forest.cc:1304] Configuring oblique splits
I0000 00:00:1789342388.504395   23219 train_oblique_forest.cc:1313] dynamic_split_threshold = 124000 (from flag)
I0000 00:00:1789342388.504397   23219 train_oblique_forest.cc:1398] Using Dynamic Random Histogram with 64 samples
I0000 00:00:1789342388.504406   23219 train_oblique_forest.cc:1428] train_oblique_forest wall-time - Loading/Init (pre-train): 0.828927s
I0000 00:00:1789342388.504464   23219 abstract_learner.cc:171] No input feature explicitly specified. Using all the available input features.
I0000 00:00:1789342388.504465   23219 abstract_learner.cc:185] The label "class" was removed from the input feature set.
I0000 00:00:1789342388.504476   23219 random_forest.cc:534] Training random forest on 11000000 example(s) and 28 feature(s).
I0000 00:00:1789342388.504485   23219 gpu.cc:93] Cannot initialize GPU: Not compiled with GPU support
I0000 00:00:1789342388.505046   23219 random_forest.cc:663] num_threads being used: 48
I0000 00:00:1789342457.664310   23392 random_forest.cc:881] Train tree 1/240  [index:27 total:1m9.16s tree:1m9.15s]
I0000 00:00:1789342527.519187   23357 random_forest.cc:881] Train tree 49/240  [index:52 total:2m19.01s tree:1m9.47s]
I0000 00:00:1789342595.698782   23373 random_forest.cc:881] Train tree 97/240  [index:99 total:3m27.19s tree:1m7.89s]
I0000 00:00:1789342667.167921   23373 random_forest.cc:881] Train tree 145/240  [index:144 total:4m38.66s tree:1m11.47s]
I0000 00:00:1789342737.817981   23373 random_forest.cc:881] Train tree 193/240  [index:192 total:5m49.31s tree:1m10.65s]
I0000 00:00:1789342749.989625   23219 random_forest.cc:899] random_forest.cc Training block took: 361.485 s
W0000 00:00:1789342749.989660   23219 random_forest.cc:1216] EXITING EARLY TO SPEED UP EXPERIMENTS!
RESULT dataset=HIGGS_with_header threshold=124000 median=361.485s stddev=N/As n=1
./bazel-bin/examples/train_oblique_forest --input_mode csv --train_csv "benchmarks/data/SUSY_with_header.csv" --label_col "class" --num_trees=240 --dynamic_split_threshold=124000 --feature_split_type Oblique --numerical_split_type "Dynamic Random Histogram" --histogram_num_bins 64
----- Run 1/1 -----
WARNING: All log messages before absl::InitializeLog() is called are written to STDERR
I0000 00:00:1789342756.464363   23476 train_oblique_forest.cc:1101] Loading CSV in a single pass: benchmarks/data/SUSY_with_header.csv
I0000 00:00:1789342756.792404   23476 train_oblique_forest.cc:1108] Single-pass CSV load complete: 5000000 rows, 19 columns.
I0000 00:00:1789342756.792465   23476 train_oblique_forest.cc:1229] -1 (automatic) threads requested. 48 threads set.
I0000 00:00:1789342756.792474   23476 train_oblique_forest.cc:1304] Configuring oblique splits
I0000 00:00:1789342756.792476   23476 train_oblique_forest.cc:1313] dynamic_split_threshold = 124000 (from flag)
I0000 00:00:1789342756.792478   23476 train_oblique_forest.cc:1398] Using Dynamic Random Histogram with 64 samples
I0000 00:00:1789342756.792487   23476 train_oblique_forest.cc:1428] train_oblique_forest wall-time - Loading/Init (pre-train): 0.328148s
I0000 00:00:1789342756.792540   23476 abstract_learner.cc:171] No input feature explicitly specified. Using all the available input features.
I0000 00:00:1789342756.792544   23476 abstract_learner.cc:185] The label "class" was removed from the input feature set.
I0000 00:00:1789342756.792554   23476 random_forest.cc:534] Training random forest on 5000000 example(s) and 18 feature(s).
I0000 00:00:1789342756.792562   23476 gpu.cc:93] Cannot initialize GPU: Not compiled with GPU support
I0000 00:00:1789342756.793119   23476 random_forest.cc:663] num_threads being used: 48
I0000 00:00:1789342780.390331   23607 random_forest.cc:881] Train tree 1/240  [index:43 total:23.60s tree:23.59s]
I0000 00:00:1789342804.244504   23599 random_forest.cc:881] Train tree 49/240  [index:49 total:47.45s tree:23.77s]
I0000 00:00:1789342828.394880   23607 random_forest.cc:881] Train tree 97/240  [index:97 total:1m11.60s tree:24.11s]
I0000 00:00:1789342853.213721   23607 random_forest.cc:881] Train tree 145/240  [index:144 total:1m36.42s tree:24.82s]
I0000 00:00:1789342877.791586   23607 random_forest.cc:881] Train tree 193/240  [index:192 total:2m1.00s tree:24.58s]
I0000 00:00:1789342882.779623   23476 random_forest.cc:899] random_forest.cc Training block took: 125.987 s
W0000 00:00:1789342882.779661   23476 random_forest.cc:1216] EXITING EARLY TO SPEED UP EXPERIMENTS!
RESULT dataset=SUSY_with_header threshold=124000 median=125.987s stddev=N/As n=1
./bazel-bin/examples/train_oblique_forest --input_mode csv --train_csv "benchmarks/data/epsilon_normalized_train.csv" --label_col "label" --num_trees=240 --dynamic_split_threshold=124000 --feature_split_type Oblique --numerical_split_type "Dynamic Random Histogram" --histogram_num_bins 64
----- Run 1/1 -----
WARNING: All log messages before absl::InitializeLog() is called are written to STDERR
I0000 00:00:1789342885.502152   23692 train_oblique_forest.cc:1101] Loading CSV in a single pass: benchmarks/data/epsilon_normalized_train.csv
I0000 00:00:1789342887.199294   23692 train_oblique_forest.cc:1108] Single-pass CSV load complete: 400000 rows, 2001 columns.
I0000 00:00:1789342887.199356   23692 train_oblique_forest.cc:1229] -1 (automatic) threads requested. 48 threads set.
I0000 00:00:1789342887.199366   23692 train_oblique_forest.cc:1304] Configuring oblique splits
I0000 00:00:1789342887.199368   23692 train_oblique_forest.cc:1313] dynamic_split_threshold = 124000 (from flag)
I0000 00:00:1789342887.199370   23692 train_oblique_forest.cc:1398] Using Dynamic Random Histogram with 64 samples
I0000 00:00:1789342887.199379   23692 train_oblique_forest.cc:1428] train_oblique_forest wall-time - Loading/Init (pre-train): 1.69725s
I0000 00:00:1789342887.199524   23692 abstract_learner.cc:171] No input feature explicitly specified. Using all the available input features.
I0000 00:00:1789342887.199529   23692 abstract_learner.cc:185] The label "label" was removed from the input feature set.
I0000 00:00:1789342887.199856   23692 random_forest.cc:534] Training random forest on 400000 example(s) and 2000 feature(s).
I0000 00:00:1789342887.199922   23692 gpu.cc:93] Cannot initialize GPU: Not compiled with GPU support
I0000 00:00:1789342887.200612   23692 random_forest.cc:663] num_threads being used: 48
I0000 00:00:1789342898.386383   23863 random_forest.cc:881] Train tree 1/240  [index:33 total:11.19s tree:11.18s]
I0000 00:00:1789342920.966315   23860 random_forest.cc:881] Train tree 97/240  [index:100 total:33.77s tree:11.26s]
I0000 00:00:1789342943.466425   23860 random_forest.cc:881] Train tree 193/240  [index:192 total:56.27s tree:11.19s]
I0000 00:00:1789342944.496454   23692 random_forest.cc:899] random_forest.cc Training block took: 57.2971 s
W0000 00:00:1789342944.496490   23692 random_forest.cc:1216] EXITING EARLY TO SPEED UP EXPERIMENTS!
RESULT dataset=epsilon_normalized_train threshold=124000 median=57.2971s stddev=N/As n=1
./bazel-bin/examples/train_oblique_forest --input_mode trunk --rows 1500000 --cols 4096 --num_trees=240 --dynamic_split_threshold=124000 --feature_split_type Oblique --numerical_split_type "Dynamic Random Histogram" --histogram_num_bins 64
----- Run 1/1 -----
WARNING: All log messages before absl::InitializeLog() is called are written to STDERR
I0000 00:00:1789342944.787595   23920 train_oblique_forest.cc:1133] Generating trunk synthetic dataset: rows=1500000, cols=4096, layout=column
I0000 00:00:1789342946.136575   23920 train_oblique_forest.cc:1229] -1 (automatic) threads requested. 48 threads set.
I0000 00:00:1789342946.136611   23920 train_oblique_forest.cc:1304] Configuring oblique splits
I0000 00:00:1789342946.136614   23920 train_oblique_forest.cc:1313] dynamic_split_threshold = 124000 (from flag)
I0000 00:00:1789342946.136617   23920 train_oblique_forest.cc:1398] Using Dynamic Random Histogram with 64 samples
I0000 00:00:1789342946.136628   23920 train_oblique_forest.cc:1428] train_oblique_forest wall-time - Loading/Init (pre-train): 1.34906s
I0000 00:00:1789342946.136930   23920 abstract_learner.cc:171] No input feature explicitly specified. Using all the available input features.
I0000 00:00:1789342946.136936   23920 abstract_learner.cc:185] The label "y" was removed from the input feature set.
I0000 00:00:1789342946.137602   23920 random_forest.cc:534] Training random forest on 1500000 example(s) and 4096 feature(s).
I0000 00:00:1789342946.137739   23920 gpu.cc:93] Cannot initialize GPU: Not compiled with GPU support
I0000 00:00:1789342946.138662   23920 random_forest.cc:663] num_threads being used: 48
I0000 00:00:1789343008.761946   23997 random_forest.cc:881] Train tree 1/240  [index:30 total:1m2.62s tree:1m2.62s]
I0000 00:00:1789343071.072859   24003 random_forest.cc:881] Train tree 49/240  [index:70 total:2m4.93s tree:1m0.19s]
I0000 00:00:1789343135.363237   24003 random_forest.cc:881] Train tree 97/240  [index:96 total:3m9.22s tree:1m4.29s]
I0000 00:00:1789343199.777453   24003 random_forest.cc:881] Train tree 145/240  [index:144 total:4m13.64s tree:1m4.41s]
I0000 00:00:1789343265.359595   24003 random_forest.cc:881] Train tree 193/240  [index:192 total:5m19.22s tree:1m5.58s]
I0000 00:00:1789343272.530679   23920 random_forest.cc:899] random_forest.cc Training block took: 326.394 s
W0000 00:00:1789343272.530717   23920 random_forest.cc:1216] EXITING EARLY TO SPEED UP EXPERIMENTS!
RESULT dataset=trunk_1500000_x_4096 threshold=124000 median=326.394s stddev=N/As n=1
./bazel-bin/examples/train_oblique_forest --input_mode trunk --rows 150000 --cols 40000 --num_trees=240 --dynamic_split_threshold=124000 --feature_split_type Oblique --numerical_split_type "Dynamic Random Histogram" --histogram_num_bins 64
----- Run 1/1 -----
WARNING: All log messages before absl::InitializeLog() is called are written to STDERR
I0000 00:00:1789343273.625318   24084 train_oblique_forest.cc:1133] Generating trunk synthetic dataset: rows=150000, cols=40000, layout=column
I0000 00:00:1789343274.909819   24084 train_oblique_forest.cc:1229] -1 (automatic) threads requested. 48 threads set.
I0000 00:00:1789343274.909853   24084 train_oblique_forest.cc:1304] Configuring oblique splits
I0000 00:00:1789343274.909856   24084 train_oblique_forest.cc:1313] dynamic_split_threshold = 124000 (from flag)
I0000 00:00:1789343274.909859   24084 train_oblique_forest.cc:1398] Using Dynamic Random Histogram with 64 samples
I0000 00:00:1789343274.909869   24084 train_oblique_forest.cc:1428] train_oblique_forest wall-time - Loading/Init (pre-train): 1.28457s
I0000 00:00:1789343274.912102   24084 abstract_learner.cc:171] No input feature explicitly specified. Using all the available input features.
I0000 00:00:1789343274.912137   24084 abstract_learner.cc:185] The label "y" was removed from the input feature set.
I0000 00:00:1789343274.919037   24084 random_forest.cc:534] Training random forest on 150000 example(s) and 40000 feature(s).
I0000 00:00:1789343274.920326   24084 gpu.cc:93] Cannot initialize GPU: Not compiled with GPU support
I0000 00:00:1789343274.923659   24084 random_forest.cc:663] num_threads being used: 48
I0000 00:00:1789343292.169956   24161 random_forest.cc:881] Train tree 1/240  [index:26 total:17.25s tree:17.24s]
I0000 00:00:1789343327.114174   24137 random_forest.cc:881] Train tree 97/240  [index:96 total:52.19s tree:17.50s]
I0000 00:00:1789343347.118402   24180 random_forest.cc:881] Train tree 182/240  [index:175 total:1m12.19s tree:18.61s]
I0000 00:00:1789343366.212662   24084 random_forest.cc:899] random_forest.cc Training block took: 91.3028 s
W0000 00:00:1789343366.212699   24084 random_forest.cc:1216] EXITING EARLY TO SPEED UP EXPERIMENTS!
RESULT dataset=trunk_150000_x_40000 threshold=124000 median=91.3028s stddev=N/As n=1
./bazel-bin/examples/train_oblique_forest --input_mode trunk --rows 15000 --cols 400000 --num_trees=240 --dynamic_split_threshold=124000 --feature_split_type Oblique --numerical_split_type "Dynamic Random Histogram" --histogram_num_bins 64
----- Run 1/1 -----
WARNING: All log messages before absl::InitializeLog() is called are written to STDERR
I0000 00:00:1789343366.882920   24214 train_oblique_forest.cc:1133] Generating trunk synthetic dataset: rows=15000, cols=400000, layout=column
I0000 00:00:1789343368.309381   24214 train_oblique_forest.cc:1229] -1 (automatic) threads requested. 48 threads set.
I0000 00:00:1789343368.309415   24214 train_oblique_forest.cc:1304] Configuring oblique splits
I0000 00:00:1789343368.309418   24214 train_oblique_forest.cc:1313] dynamic_split_threshold = 124000 (from flag)
I0000 00:00:1789343368.309422   24214 train_oblique_forest.cc:1398] Using Dynamic Random Histogram with 64 samples
I0000 00:00:1789343368.309432   24214 train_oblique_forest.cc:1428] train_oblique_forest wall-time - Loading/Init (pre-train): 1.42653s
I0000 00:00:1789343368.330340   24214 abstract_learner.cc:171] No input feature explicitly specified. Using all the available input features.
I0000 00:00:1789343368.330629   24214 abstract_learner.cc:185] The label "y" was removed from the input feature set.
I0000 00:00:1789343368.395437   24214 random_forest.cc:534] Training random forest on 15000 example(s) and 400000 feature(s).
I0000 00:00:1789343368.406207   24214 gpu.cc:93] Cannot initialize GPU: Not compiled with GPU support
I0000 00:00:1789343368.427849   24214 random_forest.cc:663] num_threads being used: 48
I0000 00:00:1789343373.041079   24299 random_forest.cc:881] Train tree 1/240  [index:1 total:4.61s tree:4.61s]
I0000 00:00:1789343393.070582   24264 random_forest.cc:881] Train tree 208/240  [index:202 total:24.64s tree:5.06s]
I0000 00:00:1789343394.425233   24214 random_forest.cc:899] random_forest.cc Training block took: 26.1158 s
W0000 00:00:1789343394.425273   24214 random_forest.cc:1216] EXITING EARLY TO SPEED UP EXPERIMENTS!
RESULT dataset=trunk_15000_x_400000 threshold=124000 median=26.1158s stddev=N/As n=1


======== Threshold 125000 ========

./bazel-bin/examples/train_oblique_forest --input_mode csv --train_csv "benchmarks/data/HIGGS_with_header.csv" --label_col "class" --num_trees=240 --dynamic_split_threshold=125000 --feature_split_type Oblique --numerical_split_type "Dynamic Random Histogram" --histogram_num_bins 64
----- Run 1/1 -----
WARNING: All log messages before absl::InitializeLog() is called are written to STDERR
I0000 00:00:1789343395.088220   24348 train_oblique_forest.cc:1101] Loading CSV in a single pass: benchmarks/data/HIGGS_with_header.csv
I0000 00:00:1789343395.914242   24348 train_oblique_forest.cc:1108] Single-pass CSV load complete: 11000000 rows, 29 columns.
I0000 00:00:1789343395.914313   24348 train_oblique_forest.cc:1229] -1 (automatic) threads requested. 48 threads set.
I0000 00:00:1789343395.914322   24348 train_oblique_forest.cc:1304] Configuring oblique splits
I0000 00:00:1789343395.914324   24348 train_oblique_forest.cc:1313] dynamic_split_threshold = 125000 (from flag)
I0000 00:00:1789343395.914326   24348 train_oblique_forest.cc:1398] Using Dynamic Random Histogram with 64 samples
I0000 00:00:1789343395.914335   24348 train_oblique_forest.cc:1428] train_oblique_forest wall-time - Loading/Init (pre-train): 0.826137s
I0000 00:00:1789343395.914394   24348 abstract_learner.cc:171] No input feature explicitly specified. Using all the available input features.
I0000 00:00:1789343395.914395   24348 abstract_learner.cc:185] The label "class" was removed from the input feature set.
I0000 00:00:1789343395.914406   24348 random_forest.cc:534] Training random forest on 11000000 example(s) and 28 feature(s).
I0000 00:00:1789343395.914414   24348 gpu.cc:93] Cannot initialize GPU: Not compiled with GPU support
I0000 00:00:1789343395.914969   24348 random_forest.cc:663] num_threads being used: 48
I0000 00:00:1789343464.924846   24493 random_forest.cc:881] Train tree 1/240  [index:27 total:1m9.01s tree:1m9.01s]
I0000 00:00:1789343534.644566   24486 random_forest.cc:881] Train tree 49/240  [index:52 total:2m18.73s tree:1m9.08s]
I0000 00:00:1789343603.024249   24506 random_forest.cc:881] Train tree 97/240  [index:99 total:3m27.11s tree:1m7.71s]
I0000 00:00:1789343674.475352   24499 random_forest.cc:881] Train tree 145/240  [index:148 total:4m38.56s tree:1m9.51s]
I0000 00:00:1789343744.535951   24486 random_forest.cc:881] Train tree 193/240  [index:195 total:5m48.62s tree:1m9.63s]
I0000 00:00:1789343756.987815   24348 random_forest.cc:899] random_forest.cc Training block took: 361.073 s
W0000 00:00:1789343756.987849   24348 random_forest.cc:1216] EXITING EARLY TO SPEED UP EXPERIMENTS!
RESULT dataset=HIGGS_with_header threshold=125000 median=361.073s stddev=N/As n=1
./bazel-bin/examples/train_oblique_forest --input_mode csv --train_csv "benchmarks/data/SUSY_with_header.csv" --label_col "class" --num_trees=240 --dynamic_split_threshold=125000 --feature_split_type Oblique --numerical_split_type "Dynamic Random Histogram" --histogram_num_bins 64
----- Run 1/1 -----
WARNING: All log messages before absl::InitializeLog() is called are written to STDERR
I0000 00:00:1789343763.482676   24606 train_oblique_forest.cc:1101] Loading CSV in a single pass: benchmarks/data/SUSY_with_header.csv
I0000 00:00:1789343763.806791   24606 train_oblique_forest.cc:1108] Single-pass CSV load complete: 5000000 rows, 19 columns.
I0000 00:00:1789343763.806859   24606 train_oblique_forest.cc:1229] -1 (automatic) threads requested. 48 threads set.
I0000 00:00:1789343763.806868   24606 train_oblique_forest.cc:1304] Configuring oblique splits
I0000 00:00:1789343763.806870   24606 train_oblique_forest.cc:1313] dynamic_split_threshold = 125000 (from flag)
I0000 00:00:1789343763.806872   24606 train_oblique_forest.cc:1398] Using Dynamic Random Histogram with 64 samples
I0000 00:00:1789343763.806880   24606 train_oblique_forest.cc:1428] train_oblique_forest wall-time - Loading/Init (pre-train): 0.324226s
I0000 00:00:1789343763.806935   24606 abstract_learner.cc:171] No input feature explicitly specified. Using all the available input features.
I0000 00:00:1789343763.806937   24606 abstract_learner.cc:185] The label "class" was removed from the input feature set.
I0000 00:00:1789343763.806947   24606 random_forest.cc:534] Training random forest on 5000000 example(s) and 18 feature(s).
I0000 00:00:1789343763.806956   24606 gpu.cc:93] Cannot initialize GPU: Not compiled with GPU support
I0000 00:00:1789343763.807513   24606 random_forest.cc:663] num_threads being used: 48
I0000 00:00:1789343787.403892   24754 random_forest.cc:881] Train tree 1/240  [index:43 total:23.60s tree:23.59s]
I0000 00:00:1789343811.572907   24754 random_forest.cc:881] Train tree 49/240  [index:48 total:47.77s tree:24.17s]
I0000 00:00:1789343835.912220   24742 random_forest.cc:881] Train tree 97/240  [index:97 total:1m12.10s tree:24.25s]
I0000 00:00:1789343860.623587   24742 random_forest.cc:881] Train tree 145/240  [index:144 total:1m36.82s tree:24.71s]
I0000 00:00:1789343885.235993   24746 random_forest.cc:881] Train tree 193/240  [index:193 total:2m1.43s tree:24.43s]
I0000 00:00:1789343888.750652   24606 random_forest.cc:899] random_forest.cc Training block took: 124.944 s
W0000 00:00:1789343888.750688   24606 random_forest.cc:1216] EXITING EARLY TO SPEED UP EXPERIMENTS!
RESULT dataset=SUSY_with_header threshold=125000 median=124.944s stddev=N/As n=1
./bazel-bin/examples/train_oblique_forest --input_mode csv --train_csv "benchmarks/data/epsilon_normalized_train.csv" --label_col "label" --num_trees=240 --dynamic_split_threshold=125000 --feature_split_type Oblique --numerical_split_type "Dynamic Random Histogram" --histogram_num_bins 64
----- Run 1/1 -----
WARNING: All log messages before absl::InitializeLog() is called are written to STDERR
I0000 00:00:1789343891.436291   24817 train_oblique_forest.cc:1101] Loading CSV in a single pass: benchmarks/data/epsilon_normalized_train.csv
I0000 00:00:1789343893.136371   24817 train_oblique_forest.cc:1108] Single-pass CSV load complete: 400000 rows, 2001 columns.
I0000 00:00:1789343893.136442   24817 train_oblique_forest.cc:1229] -1 (automatic) threads requested. 48 threads set.
I0000 00:00:1789343893.136452   24817 train_oblique_forest.cc:1304] Configuring oblique splits
I0000 00:00:1789343893.136454   24817 train_oblique_forest.cc:1313] dynamic_split_threshold = 125000 (from flag)
I0000 00:00:1789343893.136456   24817 train_oblique_forest.cc:1398] Using Dynamic Random Histogram with 64 samples
I0000 00:00:1789343893.136464   24817 train_oblique_forest.cc:1428] train_oblique_forest wall-time - Loading/Init (pre-train): 1.7002s
I0000 00:00:1789343893.136606   24817 abstract_learner.cc:171] No input feature explicitly specified. Using all the available input features.
I0000 00:00:1789343893.136612   24817 abstract_learner.cc:185] The label "label" was removed from the input feature set.
I0000 00:00:1789343893.136940   24817 random_forest.cc:534] Training random forest on 400000 example(s) and 2000 feature(s).
I0000 00:00:1789343893.137005   24817 gpu.cc:93] Cannot initialize GPU: Not compiled with GPU support
I0000 00:00:1789343893.137690   24817 random_forest.cc:663] num_threads being used: 48
I0000 00:00:1789343904.319370   24966 random_forest.cc:881] Train tree 1/240  [index:16 total:11.18s tree:11.18s]
I0000 00:00:1789343926.903954   24985 random_forest.cc:881] Train tree 97/240  [index:105 total:33.77s tree:11.19s]
I0000 00:00:1789343949.431063   24985 random_forest.cc:881] Train tree 193/240  [index:192 total:56.29s tree:11.22s]
I0000 00:00:1789343950.584762   24817 random_forest.cc:899] random_forest.cc Training block took: 57.4483 s
W0000 00:00:1789343950.584798   24817 random_forest.cc:1216] EXITING EARLY TO SPEED UP EXPERIMENTS!
RESULT dataset=epsilon_normalized_train threshold=125000 median=57.4483s stddev=N/As n=1
./bazel-bin/examples/train_oblique_forest --input_mode trunk --rows 1500000 --cols 4096 --num_trees=240 --dynamic_split_threshold=125000 --feature_split_type Oblique --numerical_split_type "Dynamic Random Histogram" --histogram_num_bins 64
----- Run 1/1 -----
WARNING: All log messages before absl::InitializeLog() is called are written to STDERR
I0000 00:00:1789343950.875018   25042 train_oblique_forest.cc:1133] Generating trunk synthetic dataset: rows=1500000, cols=4096, layout=column
I0000 00:00:1789343952.234931   25042 train_oblique_forest.cc:1229] -1 (automatic) threads requested. 48 threads set.
I0000 00:00:1789343952.234967   25042 train_oblique_forest.cc:1304] Configuring oblique splits
I0000 00:00:1789343952.234969   25042 train_oblique_forest.cc:1313] dynamic_split_threshold = 125000 (from flag)
I0000 00:00:1789343952.234975   25042 train_oblique_forest.cc:1398] Using Dynamic Random Histogram with 64 samples
I0000 00:00:1789343952.234985   25042 train_oblique_forest.cc:1428] train_oblique_forest wall-time - Loading/Init (pre-train): 1.35999s
I0000 00:00:1789343952.235289   25042 abstract_learner.cc:171] No input feature explicitly specified. Using all the available input features.
I0000 00:00:1789343952.235295   25042 abstract_learner.cc:185] The label "y" was removed from the input feature set.
I0000 00:00:1789343952.235969   25042 random_forest.cc:534] Training random forest on 1500000 example(s) and 4096 feature(s).
I0000 00:00:1789343952.236120   25042 gpu.cc:93] Cannot initialize GPU: Not compiled with GPU support
I0000 00:00:1789343952.237042   25042 random_forest.cc:663] num_threads being used: 48
I0000 00:00:1789344014.821758   25120 random_forest.cc:881] Train tree 1/240  [index:30 total:1m2.58s tree:1m2.58s]
I0000 00:00:1789344077.393783   25118 random_forest.cc:881] Train tree 49/240  [index:70 total:2m5.16s tree:1m0.35s]
I0000 00:00:1789344142.007430   25118 random_forest.cc:881] Train tree 97/240  [index:96 total:3m9.77s tree:1m4.61s]
I0000 00:00:1789344206.778737   25118 random_forest.cc:881] Train tree 145/240  [index:144 total:4m14.54s tree:1m4.77s]
I0000 00:00:1789344272.696409   25118 random_forest.cc:881] Train tree 193/240  [index:192 total:5m20.46s tree:1m5.92s]
I0000 00:00:1789344280.053847   25042 random_forest.cc:899] random_forest.cc Training block took: 327.819 s
W0000 00:00:1789344280.053886   25042 random_forest.cc:1216] EXITING EARLY TO SPEED UP EXPERIMENTS!
RESULT dataset=trunk_1500000_x_4096 threshold=125000 median=327.819s stddev=N/As n=1
./bazel-bin/examples/train_oblique_forest --input_mode trunk --rows 150000 --cols 40000 --num_trees=240 --dynamic_split_threshold=125000 --feature_split_type Oblique --numerical_split_type "Dynamic Random Histogram" --histogram_num_bins 64
----- Run 1/1 -----
WARNING: All log messages before absl::InitializeLog() is called are written to STDERR
I0000 00:00:1789344281.153043   25288 train_oblique_forest.cc:1133] Generating trunk synthetic dataset: rows=150000, cols=40000, layout=column
I0000 00:00:1789344282.458111   25288 train_oblique_forest.cc:1229] -1 (automatic) threads requested. 48 threads set.
I0000 00:00:1789344282.458147   25288 train_oblique_forest.cc:1304] Configuring oblique splits
I0000 00:00:1789344282.458150   25288 train_oblique_forest.cc:1313] dynamic_split_threshold = 125000 (from flag)
I0000 00:00:1789344282.458153   25288 train_oblique_forest.cc:1398] Using Dynamic Random Histogram with 64 samples
I0000 00:00:1789344282.458163   25288 train_oblique_forest.cc:1428] train_oblique_forest wall-time - Loading/Init (pre-train): 1.30514s
I0000 00:00:1789344282.460428   25288 abstract_learner.cc:171] No input feature explicitly specified. Using all the available input features.
I0000 00:00:1789344282.460462   25288 abstract_learner.cc:185] The label "y" was removed from the input feature set.
I0000 00:00:1789344282.467294   25288 random_forest.cc:534] Training random forest on 150000 example(s) and 40000 feature(s).
I0000 00:00:1789344282.468528   25288 gpu.cc:93] Cannot initialize GPU: Not compiled with GPU support
I0000 00:00:1789344282.471611   25288 random_forest.cc:663] num_threads being used: 48
I0000 00:00:1789344299.763550   25351 random_forest.cc:881] Train tree 1/240  [index:21 total:17.29s tree:17.29s]
I0000 00:00:1789344334.752795   25382 random_forest.cc:881] Train tree 97/240  [index:96 total:52.28s tree:17.53s]
I0000 00:00:1789344354.819444   25374 random_forest.cc:881] Train tree 185/240  [index:184 total:1m12.35s tree:18.20s]
I0000 00:00:1789344373.610535   25288 random_forest.cc:899] random_forest.cc Training block took: 91.1523 s
W0000 00:00:1789344373.610571   25288 random_forest.cc:1216] EXITING EARLY TO SPEED UP EXPERIMENTS!
RESULT dataset=trunk_150000_x_40000 threshold=125000 median=91.1523s stddev=N/As n=1
./bazel-bin/examples/train_oblique_forest --input_mode trunk --rows 15000 --cols 400000 --num_trees=240 --dynamic_split_threshold=125000 --feature_split_type Oblique --numerical_split_type "Dynamic Random Histogram" --histogram_num_bins 64
----- Run 1/1 -----
WARNING: All log messages before absl::InitializeLog() is called are written to STDERR
I0000 00:00:1789344374.284846   25424 train_oblique_forest.cc:1133] Generating trunk synthetic dataset: rows=15000, cols=400000, layout=column
I0000 00:00:1789344375.723814   25424 train_oblique_forest.cc:1229] -1 (automatic) threads requested. 48 threads set.
I0000 00:00:1789344375.723848   25424 train_oblique_forest.cc:1304] Configuring oblique splits
I0000 00:00:1789344375.723851   25424 train_oblique_forest.cc:1313] dynamic_split_threshold = 125000 (from flag)
I0000 00:00:1789344375.723855   25424 train_oblique_forest.cc:1398] Using Dynamic Random Histogram with 64 samples
I0000 00:00:1789344375.723866   25424 train_oblique_forest.cc:1428] train_oblique_forest wall-time - Loading/Init (pre-train): 1.43904s
I0000 00:00:1789344375.745522   25424 abstract_learner.cc:171] No input feature explicitly specified. Using all the available input features.
I0000 00:00:1789344375.745814   25424 abstract_learner.cc:185] The label "y" was removed from the input feature set.
I0000 00:00:1789344375.808759   25424 random_forest.cc:534] Training random forest on 15000 example(s) and 400000 feature(s).
I0000 00:00:1789344375.819521   25424 gpu.cc:93] Cannot initialize GPU: Not compiled with GPU support
I0000 00:00:1789344375.841734   25424 random_forest.cc:663] num_threads being used: 48
I0000 00:00:1789344380.495921   25520 random_forest.cc:881] Train tree 1/240  [index:1 total:4.65s tree:4.65s]
I0000 00:00:1789344400.526091   25493 random_forest.cc:881] Train tree 209/240  [index:210 total:24.68s tree:4.95s]
I0000 00:00:1789344401.821585   25424 random_forest.cc:899] random_forest.cc Training block took: 26.0977 s
W0000 00:00:1789344401.821627   25424 random_forest.cc:1216] EXITING EARLY TO SPEED UP EXPERIMENTS!
RESULT dataset=trunk_15000_x_400000 threshold=125000 median=26.0977s stddev=N/As n=1


======== Threshold 126000 ========

./bazel-bin/examples/train_oblique_forest --input_mode csv --train_csv "benchmarks/data/HIGGS_with_header.csv" --label_col "class" --num_trees=240 --dynamic_split_threshold=126000 --feature_split_type Oblique --numerical_split_type "Dynamic Random Histogram" --histogram_num_bins 64
----- Run 1/1 -----
WARNING: All log messages before absl::InitializeLog() is called are written to STDERR
I0000 00:00:1789344402.482591   25546 train_oblique_forest.cc:1101] Loading CSV in a single pass: benchmarks/data/HIGGS_with_header.csv
I0000 00:00:1789344403.310299   25546 train_oblique_forest.cc:1108] Single-pass CSV load complete: 11000000 rows, 29 columns.
I0000 00:00:1789344403.310368   25546 train_oblique_forest.cc:1229] -1 (automatic) threads requested. 48 threads set.
I0000 00:00:1789344403.310378   25546 train_oblique_forest.cc:1304] Configuring oblique splits
I0000 00:00:1789344403.310380   25546 train_oblique_forest.cc:1313] dynamic_split_threshold = 126000 (from flag)
I0000 00:00:1789344403.310382   25546 train_oblique_forest.cc:1398] Using Dynamic Random Histogram with 64 samples
I0000 00:00:1789344403.310391   25546 train_oblique_forest.cc:1428] train_oblique_forest wall-time - Loading/Init (pre-train): 0.827823s
I0000 00:00:1789344403.310446   25546 abstract_learner.cc:171] No input feature explicitly specified. Using all the available input features.
I0000 00:00:1789344403.310448   25546 abstract_learner.cc:185] The label "class" was removed from the input feature set.
I0000 00:00:1789344403.310460   25546 random_forest.cc:534] Training random forest on 11000000 example(s) and 28 feature(s).
I0000 00:00:1789344403.310468   25546 gpu.cc:93] Cannot initialize GPU: Not compiled with GPU support
I0000 00:00:1789344403.311021   25546 random_forest.cc:663] num_threads being used: 48
I0000 00:00:1789344472.376485   25687 random_forest.cc:881] Train tree 1/240  [index:27 total:1m9.07s tree:1m9.06s]
I0000 00:00:1789344543.021407   25693 random_forest.cc:881] Train tree 49/240  [index:77 total:2m19.71s tree:1m8.23s]
I0000 00:00:1789344611.216377   25707 random_forest.cc:881] Train tree 97/240  [index:99 total:3m27.91s tree:1m8.07s]
I0000 00:00:1789344682.830637   25707 random_forest.cc:881] Train tree 145/240  [index:144 total:4m39.52s tree:1m11.61s]
I0000 00:00:1789344753.341129   25695 random_forest.cc:881] Train tree 193/240  [index:196 total:5m50.03s tree:1m9.48s]
I0000 00:00:1789344764.903318   25546 random_forest.cc:899] random_forest.cc Training block took: 361.593 s
W0000 00:00:1789344764.903351   25546 random_forest.cc:1216] EXITING EARLY TO SPEED UP EXPERIMENTS!
RESULT dataset=HIGGS_with_header threshold=126000 median=361.593s stddev=N/As n=1
./bazel-bin/examples/train_oblique_forest --input_mode csv --train_csv "benchmarks/data/SUSY_with_header.csv" --label_col "class" --num_trees=240 --dynamic_split_threshold=126000 --feature_split_type Oblique --numerical_split_type "Dynamic Random Histogram" --histogram_num_bins 64
----- Run 1/1 -----
WARNING: All log messages before absl::InitializeLog() is called are written to STDERR
I0000 00:00:1789344771.400478   25821 train_oblique_forest.cc:1101] Loading CSV in a single pass: benchmarks/data/SUSY_with_header.csv
I0000 00:00:1789344771.725972   25821 train_oblique_forest.cc:1108] Single-pass CSV load complete: 5000000 rows, 19 columns.
I0000 00:00:1789344771.726039   25821 train_oblique_forest.cc:1229] -1 (automatic) threads requested. 48 threads set.
I0000 00:00:1789344771.726049   25821 train_oblique_forest.cc:1304] Configuring oblique splits
I0000 00:00:1789344771.726051   25821 train_oblique_forest.cc:1313] dynamic_split_threshold = 126000 (from flag)
I0000 00:00:1789344771.726056   25821 train_oblique_forest.cc:1398] Using Dynamic Random Histogram with 64 samples
I0000 00:00:1789344771.726065   25821 train_oblique_forest.cc:1428] train_oblique_forest wall-time - Loading/Init (pre-train): 0.325612s
I0000 00:00:1789344771.726120   25821 abstract_learner.cc:171] No input feature explicitly specified. Using all the available input features.
I0000 00:00:1789344771.726123   25821 abstract_learner.cc:185] The label "class" was removed from the input feature set.
I0000 00:00:1789344771.726133   25821 random_forest.cc:534] Training random forest on 5000000 example(s) and 18 feature(s).
I0000 00:00:1789344771.726140   25821 gpu.cc:93] Cannot initialize GPU: Not compiled with GPU support
I0000 00:00:1789344771.726698   25821 random_forest.cc:663] num_threads being used: 48
I0000 00:00:1789344795.257919   25960 random_forest.cc:881] Train tree 1/240  [index:43 total:23.53s tree:23.53s]
I0000 00:00:1789344819.206008   25974 random_forest.cc:881] Train tree 49/240  [index:49 total:47.48s tree:23.76s]
I0000 00:00:1789344843.886937   25974 random_forest.cc:881] Train tree 97/240  [index:96 total:1m12.16s tree:24.68s]
I0000 00:00:1789344868.337900   25968 random_forest.cc:881] Train tree 145/240  [index:146 total:1m36.61s tree:24.05s]
I0000 00:00:1789344893.189041   25974 random_forest.cc:881] Train tree 193/240  [index:193 total:2m1.46s tree:24.46s]
I0000 00:00:1789344896.788766   25821 random_forest.cc:899] random_forest.cc Training block took: 125.063 s
W0000 00:00:1789344896.788803   25821 random_forest.cc:1216] EXITING EARLY TO SPEED UP EXPERIMENTS!
RESULT dataset=SUSY_with_header threshold=126000 median=125.063s stddev=N/As n=1
./bazel-bin/examples/train_oblique_forest --input_mode csv --train_csv "benchmarks/data/epsilon_normalized_train.csv" --label_col "label" --num_trees=240 --dynamic_split_threshold=126000 --feature_split_type Oblique --numerical_split_type "Dynamic Random Histogram" --histogram_num_bins 64
----- Run 1/1 -----
WARNING: All log messages before absl::InitializeLog() is called are written to STDERR
I0000 00:00:1789344899.478169   26038 train_oblique_forest.cc:1101] Loading CSV in a single pass: benchmarks/data/epsilon_normalized_train.csv
I0000 00:00:1789344901.210002   26038 train_oblique_forest.cc:1108] Single-pass CSV load complete: 400000 rows, 2001 columns.
I0000 00:00:1789344901.210072   26038 train_oblique_forest.cc:1229] -1 (automatic) threads requested. 48 threads set.
I0000 00:00:1789344901.210081   26038 train_oblique_forest.cc:1304] Configuring oblique splits
I0000 00:00:1789344901.210084   26038 train_oblique_forest.cc:1313] dynamic_split_threshold = 126000 (from flag)
I0000 00:00:1789344901.210086   26038 train_oblique_forest.cc:1398] Using Dynamic Random Histogram with 64 samples
I0000 00:00:1789344901.210095   26038 train_oblique_forest.cc:1428] train_oblique_forest wall-time - Loading/Init (pre-train): 1.73195s
I0000 00:00:1789344901.210237   26038 abstract_learner.cc:171] No input feature explicitly specified. Using all the available input features.
I0000 00:00:1789344901.210243   26038 abstract_learner.cc:185] The label "label" was removed from the input feature set.
I0000 00:00:1789344901.210572   26038 random_forest.cc:534] Training random forest on 400000 example(s) and 2000 feature(s).
I0000 00:00:1789344901.210639   26038 gpu.cc:93] Cannot initialize GPU: Not compiled with GPU support
I0000 00:00:1789344901.211321   26038 random_forest.cc:663] num_threads being used: 48
I0000 00:00:1789344912.390447   26184 random_forest.cc:881] Train tree 1/240  [index:16 total:11.18s tree:11.18s]
I0000 00:00:1789344934.928750   26226 random_forest.cc:881] Train tree 97/240  [index:105 total:33.72s tree:11.18s]
I0000 00:00:1789344957.389650   26226 random_forest.cc:881] Train tree 193/240  [index:192 total:56.18s tree:11.17s]
I0000 00:00:1789344958.568875   26038 random_forest.cc:899] random_forest.cc Training block took: 57.3588 s
W0000 00:00:1789344958.568913   26038 random_forest.cc:1216] EXITING EARLY TO SPEED UP EXPERIMENTS!
RESULT dataset=epsilon_normalized_train threshold=126000 median=57.3588s stddev=N/As n=1
./bazel-bin/examples/train_oblique_forest --input_mode trunk --rows 1500000 --cols 4096 --num_trees=240 --dynamic_split_threshold=126000 --feature_split_type Oblique --numerical_split_type "Dynamic Random Histogram" --histogram_num_bins 64
----- Run 1/1 -----
WARNING: All log messages before absl::InitializeLog() is called are written to STDERR
I0000 00:00:1789344958.859413   26264 train_oblique_forest.cc:1133] Generating trunk synthetic dataset: rows=1500000, cols=4096, layout=column
I0000 00:00:1789344960.196334   26264 train_oblique_forest.cc:1229] -1 (automatic) threads requested. 48 threads set.
I0000 00:00:1789344960.196370   26264 train_oblique_forest.cc:1304] Configuring oblique splits
I0000 00:00:1789344960.196373   26264 train_oblique_forest.cc:1313] dynamic_split_threshold = 126000 (from flag)
I0000 00:00:1789344960.196376   26264 train_oblique_forest.cc:1398] Using Dynamic Random Histogram with 64 samples
I0000 00:00:1789344960.196387   26264 train_oblique_forest.cc:1428] train_oblique_forest wall-time - Loading/Init (pre-train): 1.337s
I0000 00:00:1789344960.196691   26264 abstract_learner.cc:171] No input feature explicitly specified. Using all the available input features.
I0000 00:00:1789344960.196697   26264 abstract_learner.cc:185] The label "y" was removed from the input feature set.
I0000 00:00:1789344960.197370   26264 random_forest.cc:534] Training random forest on 1500000 example(s) and 4096 feature(s).
I0000 00:00:1789344960.197515   26264 gpu.cc:93] Cannot initialize GPU: Not compiled with GPU support
I0000 00:00:1789344960.198427   26264 random_forest.cc:663] num_threads being used: 48
I0000 00:00:1789345023.444411   26342 random_forest.cc:881] Train tree 1/240  [index:30 total:1m3.25s tree:1m3.24s]
I0000 00:00:1789345085.317077   26319 random_forest.cc:881] Train tree 49/240  [index:70 total:2m5.12s tree:1m0.31s]
I0000 00:00:1789345149.953255   26319 random_forest.cc:881] Train tree 97/240  [index:96 total:3m9.75s tree:1m4.64s]
I0000 00:00:1789345214.430870   26319 random_forest.cc:881] Train tree 145/240  [index:144 total:4m14.23s tree:1m4.48s]
I0000 00:00:1789345280.182005   26319 random_forest.cc:881] Train tree 193/240  [index:192 total:5m19.98s tree:1m5.75s]
I0000 00:00:1789345286.878885   26264 random_forest.cc:899] random_forest.cc Training block took: 326.682 s
W0000 00:00:1789345286.878923   26264 random_forest.cc:1216] EXITING EARLY TO SPEED UP EXPERIMENTS!
RESULT dataset=trunk_1500000_x_4096 threshold=126000 median=326.682s stddev=N/As n=1
./bazel-bin/examples/train_oblique_forest --input_mode trunk --rows 150000 --cols 40000 --num_trees=240 --dynamic_split_threshold=126000 --feature_split_type Oblique --numerical_split_type "Dynamic Random Histogram" --histogram_num_bins 64
----- Run 1/1 -----
WARNING: All log messages before absl::InitializeLog() is called are written to STDERR
I0000 00:00:1789345287.973712   26432 train_oblique_forest.cc:1133] Generating trunk synthetic dataset: rows=150000, cols=40000, layout=column
I0000 00:00:1789345289.260921   26432 train_oblique_forest.cc:1229] -1 (automatic) threads requested. 48 threads set.
I0000 00:00:1789345289.260957   26432 train_oblique_forest.cc:1304] Configuring oblique splits
I0000 00:00:1789345289.260960   26432 train_oblique_forest.cc:1313] dynamic_split_threshold = 126000 (from flag)
I0000 00:00:1789345289.260963   26432 train_oblique_forest.cc:1398] Using Dynamic Random Histogram with 64 samples
I0000 00:00:1789345289.260973   26432 train_oblique_forest.cc:1428] train_oblique_forest wall-time - Loading/Init (pre-train): 1.28729s
I0000 00:00:1789345289.263255   26432 abstract_learner.cc:171] No input feature explicitly specified. Using all the available input features.
I0000 00:00:1789345289.263290   26432 abstract_learner.cc:185] The label "y" was removed from the input feature set.
I0000 00:00:1789345289.270143   26432 random_forest.cc:534] Training random forest on 150000 example(s) and 40000 feature(s).
I0000 00:00:1789345289.271417   26432 gpu.cc:93] Cannot initialize GPU: Not compiled with GPU support
I0000 00:00:1789345289.274645   26432 random_forest.cc:663] num_threads being used: 48
I0000 00:00:1789345306.460804   26506 random_forest.cc:881] Train tree 1/240  [index:26 total:17.19s tree:17.18s]
I0000 00:00:1789345341.655355   26485 random_forest.cc:881] Train tree 97/240  [index:96 total:52.38s tree:17.56s]
I0000 00:00:1789345361.660795   26525 random_forest.cc:881] Train tree 186/240  [index:179 total:1m12.39s tree:18.59s]
I0000 00:00:1789345380.448897   26432 random_forest.cc:899] random_forest.cc Training block took: 91.1879 s
W0000 00:00:1789345380.448934   26432 random_forest.cc:1216] EXITING EARLY TO SPEED UP EXPERIMENTS!
RESULT dataset=trunk_150000_x_40000 threshold=126000 median=91.1879s stddev=N/As n=1
./bazel-bin/examples/train_oblique_forest --input_mode trunk --rows 15000 --cols 400000 --num_trees=240 --dynamic_split_threshold=126000 --feature_split_type Oblique --numerical_split_type "Dynamic Random Histogram" --histogram_num_bins 64
----- Run 1/1 -----
WARNING: All log messages before absl::InitializeLog() is called are written to STDERR
I0000 00:00:1789345381.121815   26568 train_oblique_forest.cc:1133] Generating trunk synthetic dataset: rows=15000, cols=400000, layout=column
I0000 00:00:1789345382.540020   26568 train_oblique_forest.cc:1229] -1 (automatic) threads requested. 48 threads set.
I0000 00:00:1789345382.540057   26568 train_oblique_forest.cc:1304] Configuring oblique splits
I0000 00:00:1789345382.540060   26568 train_oblique_forest.cc:1313] dynamic_split_threshold = 126000 (from flag)
I0000 00:00:1789345382.540063   26568 train_oblique_forest.cc:1398] Using Dynamic Random Histogram with 64 samples
I0000 00:00:1789345382.540075   26568 train_oblique_forest.cc:1428] train_oblique_forest wall-time - Loading/Init (pre-train): 1.41828s
I0000 00:00:1789345382.561954   26568 abstract_learner.cc:171] No input feature explicitly specified. Using all the available input features.
I0000 00:00:1789345382.562283   26568 abstract_learner.cc:185] The label "y" was removed from the input feature set.
I0000 00:00:1789345382.626542   26568 random_forest.cc:534] Training random forest on 15000 example(s) and 400000 feature(s).
I0000 00:00:1789345382.637287   26568 gpu.cc:93] Cannot initialize GPU: Not compiled with GPU support
I0000 00:00:1789345382.660226   26568 random_forest.cc:663] num_threads being used: 48
I0000 00:00:1789345387.289464   26664 random_forest.cc:881] Train tree 1/240  [index:1 total:4.63s tree:4.63s]
I0000 00:00:1789345407.359906   26640 random_forest.cc:881] Train tree 209/240  [index:210 total:24.70s tree:4.96s]
I0000 00:00:1789345408.553957   26568 random_forest.cc:899] random_forest.cc Training block took: 26.0139 s
W0000 00:00:1789345408.553999   26568 random_forest.cc:1216] EXITING EARLY TO SPEED UP EXPERIMENTS!
RESULT dataset=trunk_15000_x_400000 threshold=126000 median=26.0139s stddev=N/As n=1


======== Threshold 127000 ========

./bazel-bin/examples/train_oblique_forest --input_mode csv --train_csv "benchmarks/data/HIGGS_with_header.csv" --label_col "class" --num_trees=240 --dynamic_split_threshold=127000 --feature_split_type Oblique --numerical_split_type "Dynamic Random Histogram" --histogram_num_bins 64
----- Run 1/1 -----
WARNING: All log messages before absl::InitializeLog() is called are written to STDERR
I0000 00:00:1789345409.215995   26690 train_oblique_forest.cc:1101] Loading CSV in a single pass: benchmarks/data/HIGGS_with_header.csv
I0000 00:00:1789345410.043153   26690 train_oblique_forest.cc:1108] Single-pass CSV load complete: 11000000 rows, 29 columns.
I0000 00:00:1789345410.043223   26690 train_oblique_forest.cc:1229] -1 (automatic) threads requested. 48 threads set.
I0000 00:00:1789345410.043233   26690 train_oblique_forest.cc:1304] Configuring oblique splits
I0000 00:00:1789345410.043235   26690 train_oblique_forest.cc:1313] dynamic_split_threshold = 127000 (from flag)
I0000 00:00:1789345410.043237   26690 train_oblique_forest.cc:1398] Using Dynamic Random Histogram with 64 samples
I0000 00:00:1789345410.043246   26690 train_oblique_forest.cc:1428] train_oblique_forest wall-time - Loading/Init (pre-train): 0.827274s
I0000 00:00:1789345410.043304   26690 abstract_learner.cc:171] No input feature explicitly specified. Using all the available input features.
I0000 00:00:1789345410.043306   26690 abstract_learner.cc:185] The label "class" was removed from the input feature set.
I0000 00:00:1789345410.043316   26690 random_forest.cc:534] Training random forest on 11000000 example(s) and 28 feature(s).
I0000 00:00:1789345410.043325   26690 gpu.cc:93] Cannot initialize GPU: Not compiled with GPU support
I0000 00:00:1789345410.043885   26690 random_forest.cc:663] num_threads being used: 48
I0000 00:00:1789345478.580444   26822 random_forest.cc:881] Train tree 1/240  [index:19 total:1m8.54s tree:1m8.54s]
I0000 00:00:1789345548.948702   26861 random_forest.cc:881] Train tree 49/240  [index:61 total:2m18.90s tree:1m8.45s]
I0000 00:00:1789345618.112073   26820 random_forest.cc:881] Train tree 97/240  [index:99 total:3m28.07s tree:1m8.26s]
I0000 00:00:1789345687.931475   26833 random_forest.cc:881] Train tree 145/240  [index:146 total:4m37.89s tree:1m9.05s]
I0000 00:00:1789345759.150417   26833 random_forest.cc:881] Train tree 193/240  [index:192 total:5m49.11s tree:1m11.22s]
I0000 00:00:1789345771.253980   26690 random_forest.cc:899] random_forest.cc Training block took: 361.211 s
W0000 00:00:1789345771.254015   26690 random_forest.cc:1216] EXITING EARLY TO SPEED UP EXPERIMENTS!
RESULT dataset=HIGGS_with_header threshold=127000 median=361.211s stddev=N/As n=1
./bazel-bin/examples/train_oblique_forest --input_mode csv --train_csv "benchmarks/data/SUSY_with_header.csv" --label_col "class" --num_trees=240 --dynamic_split_threshold=127000 --feature_split_type Oblique --numerical_split_type "Dynamic Random Histogram" --histogram_num_bins 64
----- Run 1/1 -----
WARNING: All log messages before absl::InitializeLog() is called are written to STDERR
I0000 00:00:1789345777.798137   26952 train_oblique_forest.cc:1101] Loading CSV in a single pass: benchmarks/data/SUSY_with_header.csv
I0000 00:00:1789345778.131279   26952 train_oblique_forest.cc:1108] Single-pass CSV load complete: 5000000 rows, 19 columns.
I0000 00:00:1789345778.131345   26952 train_oblique_forest.cc:1229] -1 (automatic) threads requested. 48 threads set.
I0000 00:00:1789345778.131354   26952 train_oblique_forest.cc:1304] Configuring oblique splits
I0000 00:00:1789345778.131356   26952 train_oblique_forest.cc:1313] dynamic_split_threshold = 127000 (from flag)
I0000 00:00:1789345778.131358   26952 train_oblique_forest.cc:1398] Using Dynamic Random Histogram with 64 samples
I0000 00:00:1789345778.131367   26952 train_oblique_forest.cc:1428] train_oblique_forest wall-time - Loading/Init (pre-train): 0.333251s
I0000 00:00:1789345778.131423   26952 abstract_learner.cc:171] No input feature explicitly specified. Using all the available input features.
I0000 00:00:1789345778.131425   26952 abstract_learner.cc:185] The label "class" was removed from the input feature set.
I0000 00:00:1789345778.131435   26952 random_forest.cc:534] Training random forest on 5000000 example(s) and 18 feature(s).
I0000 00:00:1789345778.131442   26952 gpu.cc:93] Cannot initialize GPU: Not compiled with GPU support
I0000 00:00:1789345778.132001   26952 random_forest.cc:663] num_threads being used: 48
I0000 00:00:1789345801.716573   27104 random_forest.cc:881] Train tree 1/240  [index:43 total:23.58s tree:23.58s]
I0000 00:00:1789345825.521427   27101 random_forest.cc:881] Train tree 49/240  [index:49 total:47.39s tree:23.69s]
I0000 00:00:1789345850.104183   27101 random_forest.cc:881] Train tree 97/240  [index:96 total:1m11.97s tree:24.58s]
I0000 00:00:1789345874.837267   27101 random_forest.cc:881] Train tree 145/240  [index:144 total:1m36.71s tree:24.73s]
I0000 00:00:1789345899.597672   27092 random_forest.cc:881] Train tree 193/240  [index:193 total:2m1.47s tree:24.70s]
I0000 00:00:1789345902.923860   26952 random_forest.cc:899] random_forest.cc Training block took: 124.792 s
W0000 00:00:1789345902.923896   26952 random_forest.cc:1216] EXITING EARLY TO SPEED UP EXPERIMENTS!
RESULT dataset=SUSY_with_header threshold=127000 median=124.792s stddev=N/As n=1
./bazel-bin/examples/train_oblique_forest --input_mode csv --train_csv "benchmarks/data/epsilon_normalized_train.csv" --label_col "label" --num_trees=240 --dynamic_split_threshold=127000 --feature_split_type Oblique --numerical_split_type "Dynamic Random Histogram" --histogram_num_bins 64
----- Run 1/1 -----
WARNING: All log messages before absl::InitializeLog() is called are written to STDERR
I0000 00:00:1789345905.603217   27173 train_oblique_forest.cc:1101] Loading CSV in a single pass: benchmarks/data/epsilon_normalized_train.csv
I0000 00:00:1789345907.291806   27173 train_oblique_forest.cc:1108] Single-pass CSV load complete: 400000 rows, 2001 columns.
I0000 00:00:1789345907.291875   27173 train_oblique_forest.cc:1229] -1 (automatic) threads requested. 48 threads set.
I0000 00:00:1789345907.291884   27173 train_oblique_forest.cc:1304] Configuring oblique splits
I0000 00:00:1789345907.291887   27173 train_oblique_forest.cc:1313] dynamic_split_threshold = 127000 (from flag)
I0000 00:00:1789345907.291889   27173 train_oblique_forest.cc:1398] Using Dynamic Random Histogram with 64 samples
I0000 00:00:1789345907.291898   27173 train_oblique_forest.cc:1428] train_oblique_forest wall-time - Loading/Init (pre-train): 1.68871s
I0000 00:00:1789345907.292043   27173 abstract_learner.cc:171] No input feature explicitly specified. Using all the available input features.
I0000 00:00:1789345907.292049   27173 abstract_learner.cc:185] The label "label" was removed from the input feature set.
I0000 00:00:1789345907.292382   27173 random_forest.cc:534] Training random forest on 400000 example(s) and 2000 feature(s).
I0000 00:00:1789345907.292445   27173 gpu.cc:93] Cannot initialize GPU: Not compiled with GPU support
I0000 00:00:1789345907.293128   27173 random_forest.cc:663] num_threads being used: 48
I0000 00:00:1789345918.439774   27337 random_forest.cc:881] Train tree 1/240  [index:16 total:11.15s tree:11.14s]
I0000 00:00:1789345941.014352   27360 random_forest.cc:881] Train tree 97/240  [index:96 total:33.72s tree:11.29s]
I0000 00:00:1789345963.508252   27360 random_forest.cc:881] Train tree 193/240  [index:192 total:56.22s tree:11.20s]
I0000 00:00:1789345964.587824   27173 random_forest.cc:899] random_forest.cc Training block took: 57.2959 s
W0000 00:00:1789345964.587862   27173 random_forest.cc:1216] EXITING EARLY TO SPEED UP EXPERIMENTS!
RESULT dataset=epsilon_normalized_train threshold=127000 median=57.2959s stddev=N/As n=1
./bazel-bin/examples/train_oblique_forest --input_mode trunk --rows 1500000 --cols 4096 --num_trees=240 --dynamic_split_threshold=127000 --feature_split_type Oblique --numerical_split_type "Dynamic Random Histogram" --histogram_num_bins 64
----- Run 1/1 -----
WARNING: All log messages before absl::InitializeLog() is called are written to STDERR
I0000 00:00:1789345964.879179   27398 train_oblique_forest.cc:1133] Generating trunk synthetic dataset: rows=1500000, cols=4096, layout=column
I0000 00:00:1789345966.224321   27398 train_oblique_forest.cc:1229] -1 (automatic) threads requested. 48 threads set.
I0000 00:00:1789345966.224355   27398 train_oblique_forest.cc:1304] Configuring oblique splits
I0000 00:00:1789345966.224357   27398 train_oblique_forest.cc:1313] dynamic_split_threshold = 127000 (from flag)
I0000 00:00:1789345966.224361   27398 train_oblique_forest.cc:1398] Using Dynamic Random Histogram with 64 samples
I0000 00:00:1789345966.224371   27398 train_oblique_forest.cc:1428] train_oblique_forest wall-time - Loading/Init (pre-train): 1.34522s
I0000 00:00:1789345966.224670   27398 abstract_learner.cc:171] No input feature explicitly specified. Using all the available input features.
I0000 00:00:1789345966.224676   27398 abstract_learner.cc:185] The label "y" was removed from the input feature set.
I0000 00:00:1789345966.225354   27398 random_forest.cc:534] Training random forest on 1500000 example(s) and 4096 feature(s).
I0000 00:00:1789345966.225501   27398 gpu.cc:93] Cannot initialize GPU: Not compiled with GPU support
I0000 00:00:1789345966.226421   27398 random_forest.cc:663] num_threads being used: 48
I0000 00:00:1789346029.219902   27478 random_forest.cc:881] Train tree 1/240  [index:31 total:1m2.99s tree:1m2.99s]
I0000 00:00:1789346091.684635   27483 random_forest.cc:881] Train tree 49/240  [index:70 total:2m5.46s tree:1m0.64s]
I0000 00:00:1789346156.745274   27483 random_forest.cc:881] Train tree 97/240  [index:96 total:3m10.52s tree:1m5.06s]
I0000 00:00:1789346221.671548   27483 random_forest.cc:881] Train tree 145/240  [index:144 total:4m15.45s tree:1m4.93s]
I0000 00:00:1789346286.771888   27494 random_forest.cc:881] Train tree 193/240  [index:202 total:5m20.55s tree:1m3.36s]
I0000 00:00:1789346293.413899   27398 random_forest.cc:899] random_forest.cc Training block took: 327.189 s
W0000 00:00:1789346293.413938   27398 random_forest.cc:1216] EXITING EARLY TO SPEED UP EXPERIMENTS!
RESULT dataset=trunk_1500000_x_4096 threshold=127000 median=327.189s stddev=N/As n=1
./bazel-bin/examples/train_oblique_forest --input_mode trunk --rows 150000 --cols 40000 --num_trees=240 --dynamic_split_threshold=127000 --feature_split_type Oblique --numerical_split_type "Dynamic Random Histogram" --histogram_num_bins 64
----- Run 1/1 -----
WARNING: All log messages before absl::InitializeLog() is called are written to STDERR
I0000 00:00:1789346294.508438   27568 train_oblique_forest.cc:1133] Generating trunk synthetic dataset: rows=150000, cols=40000, layout=column
I0000 00:00:1789346295.794135   27568 train_oblique_forest.cc:1229] -1 (automatic) threads requested. 48 threads set.
I0000 00:00:1789346295.794171   27568 train_oblique_forest.cc:1304] Configuring oblique splits
I0000 00:00:1789346295.794175   27568 train_oblique_forest.cc:1313] dynamic_split_threshold = 127000 (from flag)
I0000 00:00:1789346295.794178   27568 train_oblique_forest.cc:1398] Using Dynamic Random Histogram with 64 samples
I0000 00:00:1789346295.794188   27568 train_oblique_forest.cc:1428] train_oblique_forest wall-time - Loading/Init (pre-train): 1.28577s
I0000 00:00:1789346295.796411   27568 abstract_learner.cc:171] No input feature explicitly specified. Using all the available input features.
I0000 00:00:1789346295.796446   27568 abstract_learner.cc:185] The label "y" was removed from the input feature set.
I0000 00:00:1789346295.803361   27568 random_forest.cc:534] Training random forest on 150000 example(s) and 40000 feature(s).
I0000 00:00:1789346295.804649   27568 gpu.cc:93] Cannot initialize GPU: Not compiled with GPU support
I0000 00:00:1789346295.807818   27568 random_forest.cc:663] num_threads being used: 48
I0000 00:00:1789346313.042993   27642 random_forest.cc:881] Train tree 1/240  [index:26 total:17.24s tree:17.23s]
I0000 00:00:1789346348.056118   27621 random_forest.cc:881] Train tree 97/240  [index:96 total:52.25s tree:17.58s]
I0000 00:00:1789346368.167685   27654 random_forest.cc:881] Train tree 186/240  [index:167 total:1m12.36s tree:18.96s]
I0000 00:00:1789346387.045627   27568 random_forest.cc:899] random_forest.cc Training block took: 91.2514 s
W0000 00:00:1789346387.045665   27568 random_forest.cc:1216] EXITING EARLY TO SPEED UP EXPERIMENTS!
RESULT dataset=trunk_150000_x_40000 threshold=127000 median=91.2514s stddev=N/As n=1
./bazel-bin/examples/train_oblique_forest --input_mode trunk --rows 15000 --cols 400000 --num_trees=240 --dynamic_split_threshold=127000 --feature_split_type Oblique --numerical_split_type "Dynamic Random Histogram" --histogram_num_bins 64
----- Run 1/1 -----
WARNING: All log messages before absl::InitializeLog() is called are written to STDERR
I0000 00:00:1789346387.732190   27697 train_oblique_forest.cc:1133] Generating trunk synthetic dataset: rows=15000, cols=400000, layout=column
I0000 00:00:1789346389.152147   27697 train_oblique_forest.cc:1229] -1 (automatic) threads requested. 48 threads set.
I0000 00:00:1789346389.152182   27697 train_oblique_forest.cc:1304] Configuring oblique splits
I0000 00:00:1789346389.152185   27697 train_oblique_forest.cc:1313] dynamic_split_threshold = 127000 (from flag)
I0000 00:00:1789346389.152189   27697 train_oblique_forest.cc:1398] Using Dynamic Random Histogram with 64 samples
I0000 00:00:1789346389.152200   27697 train_oblique_forest.cc:1428] train_oblique_forest wall-time - Loading/Init (pre-train): 1.42003s
I0000 00:00:1789346389.173936   27697 abstract_learner.cc:171] No input feature explicitly specified. Using all the available input features.
I0000 00:00:1789346389.174244   27697 abstract_learner.cc:185] The label "y" was removed from the input feature set.
I0000 00:00:1789346389.237800   27697 random_forest.cc:534] Training random forest on 15000 example(s) and 400000 feature(s).
I0000 00:00:1789346389.248612   27697 gpu.cc:93] Cannot initialize GPU: Not compiled with GPU support
I0000 00:00:1789346389.271430   27697 random_forest.cc:663] num_threads being used: 48
I0000 00:00:1789346393.881354   27793 random_forest.cc:881] Train tree 1/240  [index:1 total:4.61s tree:4.61s]
I0000 00:00:1789346413.881883   27769 random_forest.cc:881] Train tree 206/240  [index:202 total:24.61s tree:5.04s]
I0000 00:00:1789346415.242280   27697 random_forest.cc:899] random_forest.cc Training block took: 26.0901 s
W0000 00:00:1789346415.242319   27697 random_forest.cc:1216] EXITING EARLY TO SPEED UP EXPERIMENTS!
RESULT dataset=trunk_15000_x_400000 threshold=127000 median=26.0901s stddev=N/As n=1


======== Threshold 128000 ========

./bazel-bin/examples/train_oblique_forest --input_mode csv --train_csv "benchmarks/data/HIGGS_with_header.csv" --label_col "class" --num_trees=240 --dynamic_split_threshold=128000 --feature_split_type Oblique --numerical_split_type "Dynamic Random Histogram" --histogram_num_bins 64
----- Run 1/1 -----
WARNING: All log messages before absl::InitializeLog() is called are written to STDERR
I0000 00:00:1789346415.907035   27830 train_oblique_forest.cc:1101] Loading CSV in a single pass: benchmarks/data/HIGGS_with_header.csv
I0000 00:00:1789346416.736195   27830 train_oblique_forest.cc:1108] Single-pass CSV load complete: 11000000 rows, 29 columns.
I0000 00:00:1789346416.736260   27830 train_oblique_forest.cc:1229] -1 (automatic) threads requested. 48 threads set.
I0000 00:00:1789346416.736270   27830 train_oblique_forest.cc:1304] Configuring oblique splits
I0000 00:00:1789346416.736272   27830 train_oblique_forest.cc:1313] dynamic_split_threshold = 128000 (from flag)
I0000 00:00:1789346416.736274   27830 train_oblique_forest.cc:1398] Using Dynamic Random Histogram with 64 samples
I0000 00:00:1789346416.736283   27830 train_oblique_forest.cc:1428] train_oblique_forest wall-time - Loading/Init (pre-train): 0.829271s
I0000 00:00:1789346416.736337   27830 abstract_learner.cc:171] No input feature explicitly specified. Using all the available input features.
I0000 00:00:1789346416.736339   27830 abstract_learner.cc:185] The label "class" was removed from the input feature set.
I0000 00:00:1789346416.736349   27830 random_forest.cc:534] Training random forest on 11000000 example(s) and 28 feature(s).
I0000 00:00:1789346416.736357   27830 gpu.cc:93] Cannot initialize GPU: Not compiled with GPU support
I0000 00:00:1789346416.736913   27830 random_forest.cc:663] num_threads being used: 48
I0000 00:00:1789346485.532467   27991 random_forest.cc:881] Train tree 1/240  [index:41 total:1m8.80s tree:1m8.79s]
I0000 00:00:1789346555.742247   27999 random_forest.cc:881] Train tree 49/240  [index:61 total:2m19.01s tree:1m8.71s]
I0000 00:00:1789346624.882414   27981 random_forest.cc:881] Train tree 97/240  [index:97 total:3m28.15s tree:1m8.84s]
I0000 00:00:1789346695.329609   27998 random_forest.cc:881] Train tree 145/240  [index:146 total:4m38.59s tree:1m10.11s]
I0000 00:00:1789346766.204331   27989 random_forest.cc:881] Train tree 193/240  [index:196 total:5m49.47s tree:1m9.56s]
I0000 00:00:1789346777.980790   27830 random_forest.cc:899] random_forest.cc Training block took: 361.244 s
W0000 00:00:1789346777.980823   27830 random_forest.cc:1216] EXITING EARLY TO SPEED UP EXPERIMENTS!
RESULT dataset=HIGGS_with_header threshold=128000 median=361.244s stddev=N/As n=1
./bazel-bin/examples/train_oblique_forest --input_mode csv --train_csv "benchmarks/data/SUSY_with_header.csv" --label_col "class" --num_trees=240 --dynamic_split_threshold=128000 --feature_split_type Oblique --numerical_split_type "Dynamic Random Histogram" --histogram_num_bins 64
----- Run 1/1 -----
WARNING: All log messages before absl::InitializeLog() is called are written to STDERR
I0000 00:00:1789346784.452646   28091 train_oblique_forest.cc:1101] Loading CSV in a single pass: benchmarks/data/SUSY_with_header.csv
I0000 00:00:1789346784.776880   28091 train_oblique_forest.cc:1108] Single-pass CSV load complete: 5000000 rows, 19 columns.
I0000 00:00:1789346784.776947   28091 train_oblique_forest.cc:1229] -1 (automatic) threads requested. 48 threads set.
I0000 00:00:1789346784.776956   28091 train_oblique_forest.cc:1304] Configuring oblique splits
I0000 00:00:1789346784.776957   28091 train_oblique_forest.cc:1313] dynamic_split_threshold = 128000 (from flag)
I0000 00:00:1789346784.776960   28091 train_oblique_forest.cc:1398] Using Dynamic Random Histogram with 64 samples
I0000 00:00:1789346784.776968   28091 train_oblique_forest.cc:1428] train_oblique_forest wall-time - Loading/Init (pre-train): 0.324344s
I0000 00:00:1789346784.777022   28091 abstract_learner.cc:171] No input feature explicitly specified. Using all the available input features.
I0000 00:00:1789346784.777025   28091 abstract_learner.cc:185] The label "class" was removed from the input feature set.
I0000 00:00:1789346784.777034   28091 random_forest.cc:534] Training random forest on 5000000 example(s) and 18 feature(s).
I0000 00:00:1789346784.777041   28091 gpu.cc:93] Cannot initialize GPU: Not compiled with GPU support
I0000 00:00:1789346784.777596   28091 random_forest.cc:663] num_threads being used: 48
I0000 00:00:1789346808.488729   28245 random_forest.cc:881] Train tree 1/240  [index:36 total:23.71s tree:23.71s]
I0000 00:00:1789346832.404008   28207 random_forest.cc:881] Train tree 49/240  [index:50 total:47.63s tree:23.76s]
I0000 00:00:1789346857.043492   28207 random_forest.cc:881] Train tree 97/240  [index:96 total:1m12.27s tree:24.64s]
I0000 00:00:1789346881.681896   28209 random_forest.cc:881] Train tree 145/240  [index:145 total:1m36.90s tree:24.60s]
I0000 00:00:1789346905.627534   28207 random_forest.cc:881] Train tree 193/240  [index:193 total:2m0.85s tree:23.91s]
I0000 00:00:1789346909.667192   28091 random_forest.cc:899] random_forest.cc Training block took: 124.89 s
W0000 00:00:1789346909.667228   28091 random_forest.cc:1216] EXITING EARLY TO SPEED UP EXPERIMENTS!
RESULT dataset=SUSY_with_header threshold=128000 median=124.89s stddev=N/As n=1
./bazel-bin/examples/train_oblique_forest --input_mode csv --train_csv "benchmarks/data/epsilon_normalized_train.csv" --label_col "label" --num_trees=240 --dynamic_split_threshold=128000 --feature_split_type Oblique --numerical_split_type "Dynamic Random Histogram" --histogram_num_bins 64
----- Run 1/1 -----
WARNING: All log messages before absl::InitializeLog() is called are written to STDERR
I0000 00:00:1789346912.348248   28303 train_oblique_forest.cc:1101] Loading CSV in a single pass: benchmarks/data/epsilon_normalized_train.csv
I0000 00:00:1789346914.043381   28303 train_oblique_forest.cc:1108] Single-pass CSV load complete: 400000 rows, 2001 columns.
I0000 00:00:1789346914.043445   28303 train_oblique_forest.cc:1229] -1 (automatic) threads requested. 48 threads set.
I0000 00:00:1789346914.043454   28303 train_oblique_forest.cc:1304] Configuring oblique splits
I0000 00:00:1789346914.043457   28303 train_oblique_forest.cc:1313] dynamic_split_threshold = 128000 (from flag)
I0000 00:00:1789346914.043459   28303 train_oblique_forest.cc:1398] Using Dynamic Random Histogram with 64 samples
I0000 00:00:1789346914.043467   28303 train_oblique_forest.cc:1428] train_oblique_forest wall-time - Loading/Init (pre-train): 1.69524s
I0000 00:00:1789346914.043610   28303 abstract_learner.cc:171] No input feature explicitly specified. Using all the available input features.
I0000 00:00:1789346914.043617   28303 abstract_learner.cc:185] The label "label" was removed from the input feature set.
I0000 00:00:1789346914.043943   28303 random_forest.cc:534] Training random forest on 400000 example(s) and 2000 feature(s).
I0000 00:00:1789346914.044007   28303 gpu.cc:93] Cannot initialize GPU: Not compiled with GPU support
I0000 00:00:1789346914.044688   28303 random_forest.cc:663] num_threads being used: 48
I0000 00:00:1789346925.249803   28455 random_forest.cc:881] Train tree 1/240  [index:16 total:11.21s tree:11.20s]
I0000 00:00:1789346947.783576   28474 random_forest.cc:881] Train tree 97/240  [index:105 total:33.74s tree:11.18s]
I0000 00:00:1789346970.254462   28449 random_forest.cc:881] Train tree 193/240  [index:192 total:56.21s tree:11.22s]
I0000 00:00:1789346971.342255   28303 random_forest.cc:899] random_forest.cc Training block took: 57.2988 s
W0000 00:00:1789346971.342288   28303 random_forest.cc:1216] EXITING EARLY TO SPEED UP EXPERIMENTS!
RESULT dataset=epsilon_normalized_train threshold=128000 median=57.2988s stddev=N/As n=1
./bazel-bin/examples/train_oblique_forest --input_mode trunk --rows 1500000 --cols 4096 --num_trees=240 --dynamic_split_threshold=128000 --feature_split_type Oblique --numerical_split_type "Dynamic Random Histogram" --histogram_num_bins 64
----- Run 1/1 -----
WARNING: All log messages before absl::InitializeLog() is called are written to STDERR
I0000 00:00:1789346971.633131   28532 train_oblique_forest.cc:1133] Generating trunk synthetic dataset: rows=1500000, cols=4096, layout=column
I0000 00:00:1789346972.971963   28532 train_oblique_forest.cc:1229] -1 (automatic) threads requested. 48 threads set.
I0000 00:00:1789346972.972000   28532 train_oblique_forest.cc:1304] Configuring oblique splits
I0000 00:00:1789346972.972003   28532 train_oblique_forest.cc:1313] dynamic_split_threshold = 128000 (from flag)
I0000 00:00:1789346972.972007   28532 train_oblique_forest.cc:1398] Using Dynamic Random Histogram with 64 samples
I0000 00:00:1789346972.972018   28532 train_oblique_forest.cc:1428] train_oblique_forest wall-time - Loading/Init (pre-train): 1.33891s
I0000 00:00:1789346972.972344   28532 abstract_learner.cc:171] No input feature explicitly specified. Using all the available input features.
I0000 00:00:1789346972.972349   28532 abstract_learner.cc:185] The label "y" was removed from the input feature set.
I0000 00:00:1789346972.973024   28532 random_forest.cc:534] Training random forest on 1500000 example(s) and 4096 feature(s).
I0000 00:00:1789346972.973197   28532 gpu.cc:93] Cannot initialize GPU: Not compiled with GPU support
I0000 00:00:1789346972.974142   28532 random_forest.cc:663] num_threads being used: 48
I0000 00:00:1789347036.009399   28610 random_forest.cc:881] Train tree 1/240  [index:31 total:1m3.04s tree:1m3.03s]
I0000 00:00:1789347098.042979   28588 random_forest.cc:881] Train tree 49/240  [index:70 total:2m5.07s tree:1m0.29s]
I0000 00:00:1789347162.643435   28588 random_forest.cc:881] Train tree 97/240  [index:96 total:3m9.67s tree:1m4.60s]
I0000 00:00:1789347227.230894   28588 random_forest.cc:881] Train tree 145/240  [index:144 total:4m14.26s tree:1m4.59s]
I0000 00:00:1789347292.905957   28588 random_forest.cc:881] Train tree 193/240  [index:192 total:5m19.93s tree:1m5.68s]
I0000 00:00:1789347299.829403   28532 random_forest.cc:899] random_forest.cc Training block took: 326.857 s
W0000 00:00:1789347299.829441   28532 random_forest.cc:1216] EXITING EARLY TO SPEED UP EXPERIMENTS!
RESULT dataset=trunk_1500000_x_4096 threshold=128000 median=326.857s stddev=N/As n=1
./bazel-bin/examples/train_oblique_forest --input_mode trunk --rows 150000 --cols 40000 --num_trees=240 --dynamic_split_threshold=128000 --feature_split_type Oblique --numerical_split_type "Dynamic Random Histogram" --histogram_num_bins 64
----- Run 1/1 -----
WARNING: All log messages before absl::InitializeLog() is called are written to STDERR
I0000 00:00:1789347300.928028   28703 train_oblique_forest.cc:1133] Generating trunk synthetic dataset: rows=150000, cols=40000, layout=column
I0000 00:00:1789347302.213842   28703 train_oblique_forest.cc:1229] -1 (automatic) threads requested. 48 threads set.
I0000 00:00:1789347302.213877   28703 train_oblique_forest.cc:1304] Configuring oblique splits
I0000 00:00:1789347302.213880   28703 train_oblique_forest.cc:1313] dynamic_split_threshold = 128000 (from flag)
I0000 00:00:1789347302.213884   28703 train_oblique_forest.cc:1398] Using Dynamic Random Histogram with 64 samples
I0000 00:00:1789347302.213895   28703 train_oblique_forest.cc:1428] train_oblique_forest wall-time - Loading/Init (pre-train): 1.28589s
I0000 00:00:1789347302.216163   28703 abstract_learner.cc:171] No input feature explicitly specified. Using all the available input features.
I0000 00:00:1789347302.216197   28703 abstract_learner.cc:185] The label "y" was removed from the input feature set.
I0000 00:00:1789347302.223018   28703 random_forest.cc:534] Training random forest on 150000 example(s) and 40000 feature(s).
I0000 00:00:1789347302.224334   28703 gpu.cc:93] Cannot initialize GPU: Not compiled with GPU support
I0000 00:00:1789347302.227603   28703 random_forest.cc:663] num_threads being used: 48
I0000 00:00:1789347319.474383   28777 random_forest.cc:881] Train tree 1/240  [index:26 total:17.25s tree:17.24s]
I0000 00:00:1789347354.383024   28752 random_forest.cc:881] Train tree 97/240  [index:96 total:52.16s tree:17.50s]
I0000 00:00:1789347374.401410   28762 random_forest.cc:881] Train tree 178/240  [index:170 total:1m12.17s tree:18.53s]
I0000 00:00:1789347393.956033   28703 random_forest.cc:899] random_forest.cc Training block took: 91.7421 s
W0000 00:00:1789347393.956079   28703 random_forest.cc:1216] EXITING EARLY TO SPEED UP EXPERIMENTS!
RESULT dataset=trunk_150000_x_40000 threshold=128000 median=91.7421s stddev=N/As n=1
./bazel-bin/examples/train_oblique_forest --input_mode trunk --rows 15000 --cols 400000 --num_trees=240 --dynamic_split_threshold=128000 --feature_split_type Oblique --numerical_split_type "Dynamic Random Histogram" --histogram_num_bins 64
----- Run 1/1 -----
WARNING: All log messages before absl::InitializeLog() is called are written to STDERR
I0000 00:00:1789347394.630512   28834 train_oblique_forest.cc:1133] Generating trunk synthetic dataset: rows=15000, cols=400000, layout=column
I0000 00:00:1789347396.077494   28834 train_oblique_forest.cc:1229] -1 (automatic) threads requested. 48 threads set.
I0000 00:00:1789347396.077527   28834 train_oblique_forest.cc:1304] Configuring oblique splits
I0000 00:00:1789347396.077530   28834 train_oblique_forest.cc:1313] dynamic_split_threshold = 128000 (from flag)
I0000 00:00:1789347396.077533   28834 train_oblique_forest.cc:1398] Using Dynamic Random Histogram with 64 samples
I0000 00:00:1789347396.077544   28834 train_oblique_forest.cc:1428] train_oblique_forest wall-time - Loading/Init (pre-train): 1.44705s
I0000 00:00:1789347396.097316   28834 abstract_learner.cc:171] No input feature explicitly specified. Using all the available input features.
I0000 00:00:1789347396.097596   28834 abstract_learner.cc:185] The label "y" was removed from the input feature set.
I0000 00:00:1789347396.161487   28834 random_forest.cc:534] Training random forest on 15000 example(s) and 400000 feature(s).
I0000 00:00:1789347396.172253   28834 gpu.cc:93] Cannot initialize GPU: Not compiled with GPU support
I0000 00:00:1789347396.194708   28834 random_forest.cc:663] num_threads being used: 48
I0000 00:00:1789347400.889026   28908 random_forest.cc:881] Train tree 1/240  [index:38 total:4.69s tree:4.69s]
I0000 00:00:1789347420.922650   28917 random_forest.cc:881] Train tree 209/240  [index:215 total:24.73s tree:4.86s]
I0000 00:00:1789347422.085711   28834 random_forest.cc:899] random_forest.cc Training block took: 26.0081 s
W0000 00:00:1789347422.085751   28834 random_forest.cc:1216] EXITING EARLY TO SPEED UP EXPERIMENTS!
RESULT dataset=trunk_15000_x_400000 threshold=128000 median=26.0081s stddev=N/As n=1


======== Threshold 129000 ========

./bazel-bin/examples/train_oblique_forest --input_mode csv --train_csv "benchmarks/data/HIGGS_with_header.csv" --label_col "class" --num_trees=240 --dynamic_split_threshold=129000 --feature_split_type Oblique --numerical_split_type "Dynamic Random Histogram" --histogram_num_bins 64
----- Run 1/1 -----
WARNING: All log messages before absl::InitializeLog() is called are written to STDERR
I0000 00:00:1789347422.751782   28967 train_oblique_forest.cc:1101] Loading CSV in a single pass: benchmarks/data/HIGGS_with_header.csv
I0000 00:00:1789347423.581928   28967 train_oblique_forest.cc:1108] Single-pass CSV load complete: 11000000 rows, 29 columns.
I0000 00:00:1789347423.582001   28967 train_oblique_forest.cc:1229] -1 (automatic) threads requested. 48 threads set.
I0000 00:00:1789347423.582011   28967 train_oblique_forest.cc:1304] Configuring oblique splits
I0000 00:00:1789347423.582012   28967 train_oblique_forest.cc:1313] dynamic_split_threshold = 129000 (from flag)
I0000 00:00:1789347423.582014   28967 train_oblique_forest.cc:1398] Using Dynamic Random Histogram with 64 samples
I0000 00:00:1789347423.582023   28967 train_oblique_forest.cc:1428] train_oblique_forest wall-time - Loading/Init (pre-train): 0.830263s
I0000 00:00:1789347423.582084   28967 abstract_learner.cc:171] No input feature explicitly specified. Using all the available input features.
I0000 00:00:1789347423.582086   28967 abstract_learner.cc:185] The label "class" was removed from the input feature set.
I0000 00:00:1789347423.582098   28967 random_forest.cc:534] Training random forest on 11000000 example(s) and 28 feature(s).
I0000 00:00:1789347423.582107   28967 gpu.cc:93] Cannot initialize GPU: Not compiled with GPU support
I0000 00:00:1789347423.582661   28967 random_forest.cc:663] num_threads being used: 48
I0000 00:00:1789347492.436969   29124 random_forest.cc:881] Train tree 1/240  [index:31 total:1m8.85s tree:1m8.85s]
I0000 00:00:1789347562.720784   29103 random_forest.cc:881] Train tree 49/240  [index:61 total:2m19.14s tree:1m8.71s]
I0000 00:00:1789347631.399771   29124 random_forest.cc:881] Train tree 97/240  [index:99 total:3m27.82s tree:1m7.91s]
I0000 00:00:1789347701.388947   29111 random_forest.cc:881] Train tree 145/240  [index:146 total:4m37.81s tree:1m9.17s]
I0000 00:00:1789347772.712612   29111 random_forest.cc:881] Train tree 193/240  [index:192 total:5m49.13s tree:1m11.32s]
I0000 00:00:1789347782.843145   28967 random_forest.cc:899] random_forest.cc Training block took: 359.261 s
W0000 00:00:1789347782.843178   28967 random_forest.cc:1216] EXITING EARLY TO SPEED UP EXPERIMENTS!
RESULT dataset=HIGGS_with_header threshold=129000 median=359.261s stddev=N/As n=1
./bazel-bin/examples/train_oblique_forest --input_mode csv --train_csv "benchmarks/data/SUSY_with_header.csv" --label_col "class" --num_trees=240 --dynamic_split_threshold=129000 --feature_split_type Oblique --numerical_split_type "Dynamic Random Histogram" --histogram_num_bins 64
----- Run 1/1 -----
WARNING: All log messages before absl::InitializeLog() is called are written to STDERR
I0000 00:00:1789347789.537179   29223 train_oblique_forest.cc:1101] Loading CSV in a single pass: benchmarks/data/SUSY_with_header.csv
I0000 00:00:1789347789.861406   29223 train_oblique_forest.cc:1108] Single-pass CSV load complete: 5000000 rows, 19 columns.
I0000 00:00:1789347789.861472   29223 train_oblique_forest.cc:1229] -1 (automatic) threads requested. 48 threads set.
I0000 00:00:1789347789.861481   29223 train_oblique_forest.cc:1304] Configuring oblique splits
I0000 00:00:1789347789.861483   29223 train_oblique_forest.cc:1313] dynamic_split_threshold = 129000 (from flag)
I0000 00:00:1789347789.861485   29223 train_oblique_forest.cc:1398] Using Dynamic Random Histogram with 64 samples
I0000 00:00:1789347789.861494   29223 train_oblique_forest.cc:1428] train_oblique_forest wall-time - Loading/Init (pre-train): 0.324337s
I0000 00:00:1789347789.861547   29223 abstract_learner.cc:171] No input feature explicitly specified. Using all the available input features.
I0000 00:00:1789347789.861550   29223 abstract_learner.cc:185] The label "class" was removed from the input feature set.
I0000 00:00:1789347789.861559   29223 random_forest.cc:534] Training random forest on 5000000 example(s) and 18 feature(s).
I0000 00:00:1789347789.861567   29223 gpu.cc:93] Cannot initialize GPU: Not compiled with GPU support
I0000 00:00:1789347789.862125   29223 random_forest.cc:663] num_threads being used: 48
I0000 00:00:1789347813.514226   29343 random_forest.cc:881] Train tree 1/240  [index:36 total:23.65s tree:23.65s]
I0000 00:00:1789347837.630466   29373 random_forest.cc:881] Train tree 49/240  [index:50 total:47.77s tree:23.80s]
I0000 00:00:1789347862.271232   29373 random_forest.cc:881] Train tree 97/240  [index:96 total:1m12.41s tree:24.64s]
I0000 00:00:1789347886.724282   29343 random_forest.cc:881] Train tree 145/240  [index:146 total:1m36.86s tree:24.06s]
I0000 00:00:1789347910.690198   29339 random_forest.cc:881] Train tree 193/240  [index:193 total:2m0.83s tree:23.91s]
I0000 00:00:1789347914.601322   29223 random_forest.cc:899] random_forest.cc Training block took: 124.74 s
W0000 00:00:1789347914.601358   29223 random_forest.cc:1216] EXITING EARLY TO SPEED UP EXPERIMENTS!
RESULT dataset=SUSY_with_header threshold=129000 median=124.74s stddev=N/As n=1
./bazel-bin/examples/train_oblique_forest --input_mode csv --train_csv "benchmarks/data/epsilon_normalized_train.csv" --label_col "label" --num_trees=240 --dynamic_split_threshold=129000 --feature_split_type Oblique --numerical_split_type "Dynamic Random Histogram" --histogram_num_bins 64
----- Run 1/1 -----
WARNING: All log messages before absl::InitializeLog() is called are written to STDERR
I0000 00:00:1789347917.300629   29453 train_oblique_forest.cc:1101] Loading CSV in a single pass: benchmarks/data/epsilon_normalized_train.csv
I0000 00:00:1789347918.993362   29453 train_oblique_forest.cc:1108] Single-pass CSV load complete: 400000 rows, 2001 columns.
I0000 00:00:1789347918.993426   29453 train_oblique_forest.cc:1229] -1 (automatic) threads requested. 48 threads set.
I0000 00:00:1789347918.993436   29453 train_oblique_forest.cc:1304] Configuring oblique splits
I0000 00:00:1789347918.993439   29453 train_oblique_forest.cc:1313] dynamic_split_threshold = 129000 (from flag)
I0000 00:00:1789347918.993441   29453 train_oblique_forest.cc:1398] Using Dynamic Random Histogram with 64 samples
I0000 00:00:1789347918.993450   29453 train_oblique_forest.cc:1428] train_oblique_forest wall-time - Loading/Init (pre-train): 1.69284s
I0000 00:00:1789347918.993592   29453 abstract_learner.cc:171] No input feature explicitly specified. Using all the available input features.
I0000 00:00:1789347918.993598   29453 abstract_learner.cc:185] The label "label" was removed from the input feature set.
I0000 00:00:1789347918.993935   29453 random_forest.cc:534] Training random forest on 400000 example(s) and 2000 feature(s).
I0000 00:00:1789347918.994001   29453 gpu.cc:93] Cannot initialize GPU: Not compiled with GPU support
I0000 00:00:1789347918.994689   29453 random_forest.cc:663] num_threads being used: 48
I0000 00:00:1789347930.176379   29656 random_forest.cc:881] Train tree 1/240  [index:40 total:11.18s tree:11.18s]
I0000 00:00:1789347952.723546   29637 random_forest.cc:881] Train tree 97/240  [index:105 total:33.73s tree:11.19s]
I0000 00:00:1789347975.166272   29644 random_forest.cc:881] Train tree 193/240  [index:192 total:56.17s tree:11.20s]
I0000 00:00:1789347976.427445   29453 random_forest.cc:899] random_forest.cc Training block took: 57.434 s
W0000 00:00:1789347976.427481   29453 random_forest.cc:1216] EXITING EARLY TO SPEED UP EXPERIMENTS!
RESULT dataset=epsilon_normalized_train threshold=129000 median=57.434s stddev=N/As n=1
./bazel-bin/examples/train_oblique_forest --input_mode trunk --rows 1500000 --cols 4096 --num_trees=240 --dynamic_split_threshold=129000 --feature_split_type Oblique --numerical_split_type "Dynamic Random Histogram" --histogram_num_bins 64
----- Run 1/1 -----
WARNING: All log messages before absl::InitializeLog() is called are written to STDERR
I0000 00:00:1789347976.719476   29703 train_oblique_forest.cc:1133] Generating trunk synthetic dataset: rows=1500000, cols=4096, layout=column
I0000 00:00:1789347978.064357   29703 train_oblique_forest.cc:1229] -1 (automatic) threads requested. 48 threads set.
I0000 00:00:1789347978.064393   29703 train_oblique_forest.cc:1304] Configuring oblique splits
I0000 00:00:1789347978.064397   29703 train_oblique_forest.cc:1313] dynamic_split_threshold = 129000 (from flag)
I0000 00:00:1789347978.064401   29703 train_oblique_forest.cc:1398] Using Dynamic Random Histogram with 64 samples
I0000 00:00:1789347978.064411   29703 train_oblique_forest.cc:1428] train_oblique_forest wall-time - Loading/Init (pre-train): 1.34496s
I0000 00:00:1789347978.064708   29703 abstract_learner.cc:171] No input feature explicitly specified. Using all the available input features.
I0000 00:00:1789347978.064714   29703 abstract_learner.cc:185] The label "y" was removed from the input feature set.
I0000 00:00:1789347978.065391   29703 random_forest.cc:534] Training random forest on 1500000 example(s) and 4096 feature(s).
I0000 00:00:1789347978.065537   29703 gpu.cc:93] Cannot initialize GPU: Not compiled with GPU support
I0000 00:00:1789347978.066452   29703 random_forest.cc:663] num_threads being used: 48
I0000 00:00:1789348040.603064   29781 random_forest.cc:881] Train tree 1/240  [index:30 total:1m2.54s tree:1m2.53s]
I0000 00:00:1789348103.191043   29767 random_forest.cc:881] Train tree 49/240  [index:70 total:2m5.12s tree:1m0.48s]
I0000 00:00:1789348167.906132   29767 random_forest.cc:881] Train tree 97/240  [index:96 total:3m9.84s tree:1m4.72s]
I0000 00:00:1789348232.486077   29767 random_forest.cc:881] Train tree 145/240  [index:144 total:4m14.42s tree:1m4.58s]
I0000 00:00:1789348298.385235   29767 random_forest.cc:881] Train tree 193/240  [index:192 total:5m20.32s tree:1m5.90s]
I0000 00:00:1789348304.745003   29703 random_forest.cc:899] random_forest.cc Training block took: 326.681 s
W0000 00:00:1789348304.745041   29703 random_forest.cc:1216] EXITING EARLY TO SPEED UP EXPERIMENTS!
RESULT dataset=trunk_1500000_x_4096 threshold=129000 median=326.681s stddev=N/As n=1
./bazel-bin/examples/train_oblique_forest --input_mode trunk --rows 150000 --cols 40000 --num_trees=240 --dynamic_split_threshold=129000 --feature_split_type Oblique --numerical_split_type "Dynamic Random Histogram" --histogram_num_bins 64
----- Run 1/1 -----
WARNING: All log messages before absl::InitializeLog() is called are written to STDERR
I0000 00:00:1789348305.857575   29868 train_oblique_forest.cc:1133] Generating trunk synthetic dataset: rows=150000, cols=40000, layout=column
I0000 00:00:1789348307.143358   29868 train_oblique_forest.cc:1229] -1 (automatic) threads requested. 48 threads set.
I0000 00:00:1789348307.143393   29868 train_oblique_forest.cc:1304] Configuring oblique splits
I0000 00:00:1789348307.143397   29868 train_oblique_forest.cc:1313] dynamic_split_threshold = 129000 (from flag)
I0000 00:00:1789348307.143401   29868 train_oblique_forest.cc:1398] Using Dynamic Random Histogram with 64 samples
I0000 00:00:1789348307.143411   29868 train_oblique_forest.cc:1428] train_oblique_forest wall-time - Loading/Init (pre-train): 1.28586s
I0000 00:00:1789348307.145657   29868 abstract_learner.cc:171] No input feature explicitly specified. Using all the available input features.
I0000 00:00:1789348307.145693   29868 abstract_learner.cc:185] The label "y" was removed from the input feature set.
I0000 00:00:1789348307.152533   29868 random_forest.cc:534] Training random forest on 150000 example(s) and 40000 feature(s).
I0000 00:00:1789348307.153867   29868 gpu.cc:93] Cannot initialize GPU: Not compiled with GPU support
I0000 00:00:1789348307.157205   29868 random_forest.cc:663] num_threads being used: 48
I0000 00:00:1789348324.429410   29946 random_forest.cc:881] Train tree 1/240  [index:30 total:17.27s tree:17.27s]
I0000 00:00:1789348359.208511   29928 random_forest.cc:881] Train tree 97/240  [index:96 total:52.05s tree:17.44s]
I0000 00:00:1789348379.234699   29937 random_forest.cc:881] Train tree 179/240  [index:182 total:1m12.08s tree:18.11s]
I0000 00:00:1789348398.278703   29868 random_forest.cc:899] random_forest.cc Training block took: 91.1353 s
W0000 00:00:1789348398.278739   29868 random_forest.cc:1216] EXITING EARLY TO SPEED UP EXPERIMENTS!
RESULT dataset=trunk_150000_x_40000 threshold=129000 median=91.1353s stddev=N/As n=1
./bazel-bin/examples/train_oblique_forest --input_mode trunk --rows 15000 --cols 400000 --num_trees=240 --dynamic_split_threshold=129000 --feature_split_type Oblique --numerical_split_type "Dynamic Random Histogram" --histogram_num_bins 64
----- Run 1/1 -----
WARNING: All log messages before absl::InitializeLog() is called are written to STDERR
I0000 00:00:1789348398.954230   30004 train_oblique_forest.cc:1133] Generating trunk synthetic dataset: rows=15000, cols=400000, layout=column
I0000 00:00:1789348400.377262   30004 train_oblique_forest.cc:1229] -1 (automatic) threads requested. 48 threads set.
I0000 00:00:1789348400.377296   30004 train_oblique_forest.cc:1304] Configuring oblique splits
I0000 00:00:1789348400.377299   30004 train_oblique_forest.cc:1313] dynamic_split_threshold = 129000 (from flag)
I0000 00:00:1789348400.377302   30004 train_oblique_forest.cc:1398] Using Dynamic Random Histogram with 64 samples
I0000 00:00:1789348400.377313   30004 train_oblique_forest.cc:1428] train_oblique_forest wall-time - Loading/Init (pre-train): 1.42311s
I0000 00:00:1789348400.399173   30004 abstract_learner.cc:171] No input feature explicitly specified. Using all the available input features.
I0000 00:00:1789348400.399483   30004 abstract_learner.cc:185] The label "y" was removed from the input feature set.
I0000 00:00:1789348400.462975   30004 random_forest.cc:534] Training random forest on 15000 example(s) and 400000 feature(s).
I0000 00:00:1789348400.473750   30004 gpu.cc:93] Cannot initialize GPU: Not compiled with GPU support
I0000 00:00:1789348400.496448   30004 random_forest.cc:663] num_threads being used: 48
I0000 00:00:1789348405.120279   30054 random_forest.cc:881] Train tree 1/240  [index:1 total:4.62s tree:4.62s]
I0000 00:00:1789348425.127237   30061 random_forest.cc:881] Train tree 208/240  [index:221 total:24.63s tree:4.56s]
I0000 00:00:1789348426.501403   30004 random_forest.cc:899] random_forest.cc Training block took: 26.1241 s
W0000 00:00:1789348426.501445   30004 random_forest.cc:1216] EXITING EARLY TO SPEED UP EXPERIMENTS!
RESULT dataset=trunk_15000_x_400000 threshold=129000 median=26.1241s stddev=N/As n=1


======== Threshold 131000 ========

./bazel-bin/examples/train_oblique_forest --input_mode csv --train_csv "benchmarks/data/HIGGS_with_header.csv" --label_col "class" --num_trees=240 --dynamic_split_threshold=131000 --feature_split_type Oblique --numerical_split_type "Dynamic Random Histogram" --histogram_num_bins 64
----- Run 1/1 -----
WARNING: All log messages before absl::InitializeLog() is called are written to STDERR
I0000 00:00:1789348427.164760   30126 train_oblique_forest.cc:1101] Loading CSV in a single pass: benchmarks/data/HIGGS_with_header.csv
I0000 00:00:1789348427.995860   30126 train_oblique_forest.cc:1108] Single-pass CSV load complete: 11000000 rows, 29 columns.
I0000 00:00:1789348427.995929   30126 train_oblique_forest.cc:1229] -1 (automatic) threads requested. 48 threads set.
I0000 00:00:1789348427.995938   30126 train_oblique_forest.cc:1304] Configuring oblique splits
I0000 00:00:1789348427.995940   30126 train_oblique_forest.cc:1313] dynamic_split_threshold = 131000 (from flag)
I0000 00:00:1789348427.995942   30126 train_oblique_forest.cc:1398] Using Dynamic Random Histogram with 64 samples
I0000 00:00:1789348427.995951   30126 train_oblique_forest.cc:1428] train_oblique_forest wall-time - Loading/Init (pre-train): 0.831212s
I0000 00:00:1789348427.996011   30126 abstract_learner.cc:171] No input feature explicitly specified. Using all the available input features.
I0000 00:00:1789348427.996014   30126 abstract_learner.cc:185] The label "class" was removed from the input feature set.
I0000 00:00:1789348427.996024   30126 random_forest.cc:534] Training random forest on 11000000 example(s) and 28 feature(s).
I0000 00:00:1789348427.996032   30126 gpu.cc:93] Cannot initialize GPU: Not compiled with GPU support
I0000 00:00:1789348427.996593   30126 random_forest.cc:663] num_threads being used: 48
I0000 00:00:1789348496.527683   30279 random_forest.cc:881] Train tree 1/240  [index:31 total:1m8.53s tree:1m8.53s]
I0000 00:00:1789348566.562821   30259 random_forest.cc:881] Train tree 49/240  [index:51 total:2m18.57s tree:1m9.31s]
I0000 00:00:1789348636.096106   30259 random_forest.cc:881] Train tree 97/240  [index:96 total:3m28.10s tree:1m9.53s]
I0000 00:00:1789348705.102514   30259 random_forest.cc:881] Train tree 145/240  [index:144 total:4m37.11s tree:1m9.00s]
I0000 00:00:1789348776.356692   30259 random_forest.cc:881] Train tree 193/240  [index:192 total:5m48.36s tree:1m11.25s]
I0000 00:00:1789348786.764486   30126 random_forest.cc:899] random_forest.cc Training block took: 358.769 s
W0000 00:00:1789348786.764520   30126 random_forest.cc:1216] EXITING EARLY TO SPEED UP EXPERIMENTS!
RESULT dataset=HIGGS_with_header threshold=131000 median=358.769s stddev=N/As n=1
./bazel-bin/examples/train_oblique_forest --input_mode csv --train_csv "benchmarks/data/SUSY_with_header.csv" --label_col "class" --num_trees=240 --dynamic_split_threshold=131000 --feature_split_type Oblique --numerical_split_type "Dynamic Random Histogram" --histogram_num_bins 64
----- Run 1/1 -----
WARNING: All log messages before absl::InitializeLog() is called are written to STDERR
I0000 00:00:1789348793.258168   30382 train_oblique_forest.cc:1101] Loading CSV in a single pass: benchmarks/data/SUSY_with_header.csv
I0000 00:00:1789348793.585106   30382 train_oblique_forest.cc:1108] Single-pass CSV load complete: 5000000 rows, 19 columns.
I0000 00:00:1789348793.585174   30382 train_oblique_forest.cc:1229] -1 (automatic) threads requested. 48 threads set.
I0000 00:00:1789348793.585183   30382 train_oblique_forest.cc:1304] Configuring oblique splits
I0000 00:00:1789348793.585184   30382 train_oblique_forest.cc:1313] dynamic_split_threshold = 131000 (from flag)
I0000 00:00:1789348793.585186   30382 train_oblique_forest.cc:1398] Using Dynamic Random Histogram with 64 samples
I0000 00:00:1789348793.585195   30382 train_oblique_forest.cc:1428] train_oblique_forest wall-time - Loading/Init (pre-train): 0.32705s
I0000 00:00:1789348793.585250   30382 abstract_learner.cc:171] No input feature explicitly specified. Using all the available input features.
I0000 00:00:1789348793.585252   30382 abstract_learner.cc:185] The label "class" was removed from the input feature set.
I0000 00:00:1789348793.585261   30382 random_forest.cc:534] Training random forest on 5000000 example(s) and 18 feature(s).
I0000 00:00:1789348793.585268   30382 gpu.cc:93] Cannot initialize GPU: Not compiled with GPU support
I0000 00:00:1789348793.585824   30382 random_forest.cc:663] num_threads being used: 48
I0000 00:00:1789348817.349120   30530 random_forest.cc:881] Train tree 1/240  [index:15 total:23.76s tree:23.76s]
I0000 00:00:1789348841.420753   30541 random_forest.cc:881] Train tree 49/240  [index:50 total:47.83s tree:23.89s]
I0000 00:00:1789348866.246119   30541 random_forest.cc:881] Train tree 97/240  [index:96 total:1m12.66s tree:24.83s]
I0000 00:00:1789348890.587570   30503 random_forest.cc:881] Train tree 145/240  [index:146 total:1m37.00s tree:24.02s]
I0000 00:00:1789348914.462089   30517 random_forest.cc:881] Train tree 193/240  [index:193 total:2m0.88s tree:23.74s]
I0000 00:00:1789348919.042220   30382 random_forest.cc:899] random_forest.cc Training block took: 125.457 s
W0000 00:00:1789348919.042254   30382 random_forest.cc:1216] EXITING EARLY TO SPEED UP EXPERIMENTS!
RESULT dataset=SUSY_with_header threshold=131000 median=125.457s stddev=N/As n=1
./bazel-bin/examples/train_oblique_forest --input_mode csv --train_csv "benchmarks/data/epsilon_normalized_train.csv" --label_col "label" --num_trees=240 --dynamic_split_threshold=131000 --feature_split_type Oblique --numerical_split_type "Dynamic Random Histogram" --histogram_num_bins 64
----- Run 1/1 -----
WARNING: All log messages before absl::InitializeLog() is called are written to STDERR
I0000 00:00:1789348921.729309   30603 train_oblique_forest.cc:1101] Loading CSV in a single pass: benchmarks/data/epsilon_normalized_train.csv
I0000 00:00:1789348923.420401   30603 train_oblique_forest.cc:1108] Single-pass CSV load complete: 400000 rows, 2001 columns.
I0000 00:00:1789348923.420472   30603 train_oblique_forest.cc:1229] -1 (automatic) threads requested. 48 threads set.
I0000 00:00:1789348923.420481   30603 train_oblique_forest.cc:1304] Configuring oblique splits
I0000 00:00:1789348923.420484   30603 train_oblique_forest.cc:1313] dynamic_split_threshold = 131000 (from flag)
I0000 00:00:1789348923.420486   30603 train_oblique_forest.cc:1398] Using Dynamic Random Histogram with 64 samples
I0000 00:00:1789348923.420495   30603 train_oblique_forest.cc:1428] train_oblique_forest wall-time - Loading/Init (pre-train): 1.69121s
I0000 00:00:1789348923.420642   30603 abstract_learner.cc:171] No input feature explicitly specified. Using all the available input features.
I0000 00:00:1789348923.420648   30603 abstract_learner.cc:185] The label "label" was removed from the input feature set.
I0000 00:00:1789348923.420971   30603 random_forest.cc:534] Training random forest on 400000 example(s) and 2000 feature(s).
I0000 00:00:1789348923.421033   30603 gpu.cc:93] Cannot initialize GPU: Not compiled with GPU support
I0000 00:00:1789348923.421710   30603 random_forest.cc:663] num_threads being used: 48
I0000 00:00:1789348934.584425   30777 random_forest.cc:881] Train tree 1/240  [index:31 total:11.16s tree:11.16s]
I0000 00:00:1789348957.161445   30751 random_forest.cc:881] Train tree 97/240  [index:105 total:33.74s tree:11.18s]
I0000 00:00:1789348979.634073   30771 random_forest.cc:881] Train tree 193/240  [index:192 total:56.21s tree:11.21s]
I0000 00:00:1789348980.688599   30603 random_forest.cc:899] random_forest.cc Training block took: 57.2681 s
W0000 00:00:1789348980.688635   30603 random_forest.cc:1216] EXITING EARLY TO SPEED UP EXPERIMENTS!
RESULT dataset=epsilon_normalized_train threshold=131000 median=57.2681s stddev=N/As n=1
./bazel-bin/examples/train_oblique_forest --input_mode trunk --rows 1500000 --cols 4096 --num_trees=240 --dynamic_split_threshold=131000 --feature_split_type Oblique --numerical_split_type "Dynamic Random Histogram" --histogram_num_bins 64
----- Run 1/1 -----
WARNING: All log messages before absl::InitializeLog() is called are written to STDERR
I0000 00:00:1789348980.981277   30829 train_oblique_forest.cc:1133] Generating trunk synthetic dataset: rows=1500000, cols=4096, layout=column
I0000 00:00:1789348982.381965   30829 train_oblique_forest.cc:1229] -1 (automatic) threads requested. 48 threads set.
I0000 00:00:1789348982.381999   30829 train_oblique_forest.cc:1304] Configuring oblique splits
I0000 00:00:1789348982.382001   30829 train_oblique_forest.cc:1313] dynamic_split_threshold = 131000 (from flag)
I0000 00:00:1789348982.382004   30829 train_oblique_forest.cc:1398] Using Dynamic Random Histogram with 64 samples
I0000 00:00:1789348982.382014   30829 train_oblique_forest.cc:1428] train_oblique_forest wall-time - Loading/Init (pre-train): 1.40076s
I0000 00:00:1789348982.382275   30829 abstract_learner.cc:171] No input feature explicitly specified. Using all the available input features.
I0000 00:00:1789348982.382280   30829 abstract_learner.cc:185] The label "y" was removed from the input feature set.
I0000 00:00:1789348982.382872   30829 random_forest.cc:534] Training random forest on 1500000 example(s) and 4096 feature(s).
I0000 00:00:1789348982.382998   30829 gpu.cc:93] Cannot initialize GPU: Not compiled with GPU support
I0000 00:00:1789348982.383781   30829 random_forest.cc:663] num_threads being used: 48
I0000 00:00:1789349045.110836   30918 random_forest.cc:881] Train tree 1/240  [index:30 total:1m2.73s tree:1m2.72s]
I0000 00:00:1789349107.525867   30923 random_forest.cc:881] Train tree 49/240  [index:70 total:2m5.14s tree:1m0.28s]
I0000 00:00:1789349172.006014   30923 random_forest.cc:881] Train tree 97/240  [index:96 total:3m9.62s tree:1m4.48s]
I0000 00:00:1789349236.544219   30923 random_forest.cc:881] Train tree 145/240  [index:144 total:4m14.16s tree:1m4.54s]
I0000 00:00:1789349302.226901   30923 random_forest.cc:881] Train tree 193/240  [index:192 total:5m19.84s tree:1m5.68s]
I0000 00:00:1789349311.636120   30829 random_forest.cc:899] random_forest.cc Training block took: 329.254 s
W0000 00:00:1789349311.636161   30829 random_forest.cc:1216] EXITING EARLY TO SPEED UP EXPERIMENTS!
RESULT dataset=trunk_1500000_x_4096 threshold=131000 median=329.254s stddev=N/As n=1
./bazel-bin/examples/train_oblique_forest --input_mode trunk --rows 150000 --cols 40000 --num_trees=240 --dynamic_split_threshold=131000 --feature_split_type Oblique --numerical_split_type "Dynamic Random Histogram" --histogram_num_bins 64
----- Run 1/1 -----
WARNING: All log messages before absl::InitializeLog() is called are written to STDERR
I0000 00:00:1789349312.731280   30989 train_oblique_forest.cc:1133] Generating trunk synthetic dataset: rows=150000, cols=40000, layout=column
I0000 00:00:1789349314.013943   30989 train_oblique_forest.cc:1229] -1 (automatic) threads requested. 48 threads set.
I0000 00:00:1789349314.013980   30989 train_oblique_forest.cc:1304] Configuring oblique splits
I0000 00:00:1789349314.013982   30989 train_oblique_forest.cc:1313] dynamic_split_threshold = 131000 (from flag)
I0000 00:00:1789349314.013986   30989 train_oblique_forest.cc:1398] Using Dynamic Random Histogram with 64 samples
I0000 00:00:1789349314.013997   30989 train_oblique_forest.cc:1428] train_oblique_forest wall-time - Loading/Init (pre-train): 1.28274s
I0000 00:00:1789349314.016264   30989 abstract_learner.cc:171] No input feature explicitly specified. Using all the available input features.
I0000 00:00:1789349314.016298   30989 abstract_learner.cc:185] The label "y" was removed from the input feature set.
I0000 00:00:1789349314.023196   30989 random_forest.cc:534] Training random forest on 150000 example(s) and 40000 feature(s).
I0000 00:00:1789349314.024487   30989 gpu.cc:93] Cannot initialize GPU: Not compiled with GPU support
I0000 00:00:1789349314.027696   30989 random_forest.cc:663] num_threads being used: 48
I0000 00:00:1789349331.200257   31062 random_forest.cc:881] Train tree 1/240  [index:26 total:17.17s tree:17.17s]
I0000 00:00:1789349366.179467   31085 random_forest.cc:881] Train tree 97/240  [index:96 total:52.15s tree:17.47s]
I0000 00:00:1789349386.211996   31066 random_forest.cc:881] Train tree 185/240  [index:182 total:1m12.18s tree:18.24s]
I0000 00:00:1789349404.884516   30989 random_forest.cc:899] random_forest.cc Training block took: 90.8705 s
W0000 00:00:1789349404.884553   30989 random_forest.cc:1216] EXITING EARLY TO SPEED UP EXPERIMENTS!
RESULT dataset=trunk_150000_x_40000 threshold=131000 median=90.8705s stddev=N/As n=1
./bazel-bin/examples/train_oblique_forest --input_mode trunk --rows 15000 --cols 400000 --num_trees=240 --dynamic_split_threshold=131000 --feature_split_type Oblique --numerical_split_type "Dynamic Random Histogram" --histogram_num_bins 64
----- Run 1/1 -----
WARNING: All log messages before absl::InitializeLog() is called are written to STDERR
I0000 00:00:1789349405.562097   31124 train_oblique_forest.cc:1133] Generating trunk synthetic dataset: rows=15000, cols=400000, layout=column
I0000 00:00:1789349406.979269   31124 train_oblique_forest.cc:1229] -1 (automatic) threads requested. 48 threads set.
I0000 00:00:1789349406.979303   31124 train_oblique_forest.cc:1304] Configuring oblique splits
I0000 00:00:1789349406.979307   31124 train_oblique_forest.cc:1313] dynamic_split_threshold = 131000 (from flag)
I0000 00:00:1789349406.979311   31124 train_oblique_forest.cc:1398] Using Dynamic Random Histogram with 64 samples
I0000 00:00:1789349406.979321   31124 train_oblique_forest.cc:1428] train_oblique_forest wall-time - Loading/Init (pre-train): 1.41725s
I0000 00:00:1789349407.001505   31124 abstract_learner.cc:171] No input feature explicitly specified. Using all the available input features.
I0000 00:00:1789349407.001810   31124 abstract_learner.cc:185] The label "y" was removed from the input feature set.
I0000 00:00:1789349407.066744   31124 random_forest.cc:534] Training random forest on 15000 example(s) and 400000 feature(s).
I0000 00:00:1789349407.077498   31124 gpu.cc:93] Cannot initialize GPU: Not compiled with GPU support
I0000 00:00:1789349407.099133   31124 random_forest.cc:663] num_threads being used: 48
I0000 00:00:1789349411.750207   31173 random_forest.cc:881] Train tree 1/240  [index:1 total:4.65s tree:4.65s]
I0000 00:00:1789349431.754462   31189 random_forest.cc:881] Train tree 209/240  [index:212 total:24.66s tree:4.89s]
I0000 00:00:1789349433.127108   31124 random_forest.cc:899] random_forest.cc Training block took: 26.1478 s
W0000 00:00:1789349433.127149   31124 random_forest.cc:1216] EXITING EARLY TO SPEED UP EXPERIMENTS!
RESULT dataset=trunk_15000_x_400000 threshold=131000 median=26.1478s stddev=N/As n=1


======== Threshold 132000 ========

./bazel-bin/examples/train_oblique_forest --input_mode csv --train_csv "benchmarks/data/HIGGS_with_header.csv" --label_col "class" --num_trees=240 --dynamic_split_threshold=132000 --feature_split_type Oblique --numerical_split_type "Dynamic Random Histogram" --histogram_num_bins 64
----- Run 1/1 -----
WARNING: All log messages before absl::InitializeLog() is called are written to STDERR
I0000 00:00:1789349433.791948   31251 train_oblique_forest.cc:1101] Loading CSV in a single pass: benchmarks/data/HIGGS_with_header.csv
I0000 00:00:1789349434.619865   31251 train_oblique_forest.cc:1108] Single-pass CSV load complete: 11000000 rows, 29 columns.
I0000 00:00:1789349434.619938   31251 train_oblique_forest.cc:1229] -1 (automatic) threads requested. 48 threads set.
I0000 00:00:1789349434.619948   31251 train_oblique_forest.cc:1304] Configuring oblique splits
I0000 00:00:1789349434.619950   31251 train_oblique_forest.cc:1313] dynamic_split_threshold = 132000 (from flag)
I0000 00:00:1789349434.619952   31251 train_oblique_forest.cc:1398] Using Dynamic Random Histogram with 64 samples
I0000 00:00:1789349434.619961   31251 train_oblique_forest.cc:1428] train_oblique_forest wall-time - Loading/Init (pre-train): 0.828037s
I0000 00:00:1789349434.620018   31251 abstract_learner.cc:171] No input feature explicitly specified. Using all the available input features.
I0000 00:00:1789349434.620020   31251 abstract_learner.cc:185] The label "class" was removed from the input feature set.
I0000 00:00:1789349434.620031   31251 random_forest.cc:534] Training random forest on 11000000 example(s) and 28 feature(s).
I0000 00:00:1789349434.620039   31251 gpu.cc:93] Cannot initialize GPU: Not compiled with GPU support
I0000 00:00:1789349434.620608   31251 random_forest.cc:663] num_threads being used: 48
I0000 00:00:1789349503.274471   31406 random_forest.cc:881] Train tree 1/240  [index:41 total:1m8.65s tree:1m8.65s]
I0000 00:00:1789349573.267706   31408 random_forest.cc:881] Train tree 49/240  [index:57 total:2m18.65s tree:1m8.56s]
I0000 00:00:1789349642.847582   31408 random_forest.cc:881] Train tree 97/240  [index:96 total:3m28.23s tree:1m9.58s]
I0000 00:00:1789349712.417859   31408 random_forest.cc:881] Train tree 145/240  [index:144 total:4m37.80s tree:1m9.57s]
I0000 00:00:1789349783.772219   31408 random_forest.cc:881] Train tree 193/240  [index:192 total:5m49.15s tree:1m11.35s]
I0000 00:00:1789349792.815691   31251 random_forest.cc:899] random_forest.cc Training block took: 358.196 s
W0000 00:00:1789349792.815725   31251 random_forest.cc:1216] EXITING EARLY TO SPEED UP EXPERIMENTS!
RESULT dataset=HIGGS_with_header threshold=132000 median=358.196s stddev=N/As n=1
./bazel-bin/examples/train_oblique_forest --input_mode csv --train_csv "benchmarks/data/SUSY_with_header.csv" --label_col "class" --num_trees=240 --dynamic_split_threshold=132000 --feature_split_type Oblique --numerical_split_type "Dynamic Random Histogram" --histogram_num_bins 64
----- Run 1/1 -----
WARNING: All log messages before absl::InitializeLog() is called are written to STDERR
I0000 00:00:1789349799.302331   31507 train_oblique_forest.cc:1101] Loading CSV in a single pass: benchmarks/data/SUSY_with_header.csv
I0000 00:00:1789349799.630728   31507 train_oblique_forest.cc:1108] Single-pass CSV load complete: 5000000 rows, 19 columns.
I0000 00:00:1789349799.630797   31507 train_oblique_forest.cc:1229] -1 (automatic) threads requested. 48 threads set.
I0000 00:00:1789349799.630807   31507 train_oblique_forest.cc:1304] Configuring oblique splits
I0000 00:00:1789349799.630809   31507 train_oblique_forest.cc:1313] dynamic_split_threshold = 132000 (from flag)
I0000 00:00:1789349799.630811   31507 train_oblique_forest.cc:1398] Using Dynamic Random Histogram with 64 samples
I0000 00:00:1789349799.630821   31507 train_oblique_forest.cc:1428] train_oblique_forest wall-time - Loading/Init (pre-train): 0.328513s
I0000 00:00:1789349799.630875   31507 abstract_learner.cc:171] No input feature explicitly specified. Using all the available input features.
I0000 00:00:1789349799.630877   31507 abstract_learner.cc:185] The label "class" was removed from the input feature set.
I0000 00:00:1789349799.630887   31507 random_forest.cc:534] Training random forest on 5000000 example(s) and 18 feature(s).
I0000 00:00:1789349799.630895   31507 gpu.cc:93] Cannot initialize GPU: Not compiled with GPU support
I0000 00:00:1789349799.631454   31507 random_forest.cc:663] num_threads being used: 48
I0000 00:00:1789349823.356943   31626 random_forest.cc:881] Train tree 1/240  [index:5 total:23.73s tree:23.72s]
I0000 00:00:1789349847.456870   31623 random_forest.cc:881] Train tree 49/240  [index:50 total:47.83s tree:23.83s]
I0000 00:00:1789349872.141303   31623 random_forest.cc:881] Train tree 97/240  [index:96 total:1m12.51s tree:24.68s]
I0000 00:00:1789349896.618394   31623 random_forest.cc:881] Train tree 145/240  [index:144 total:1m36.99s tree:24.48s]
I0000 00:00:1789349920.443305   31634 random_forest.cc:881] Train tree 193/240  [index:193 total:2m0.81s tree:23.79s]
I0000 00:00:1789349924.869924   31507 random_forest.cc:899] random_forest.cc Training block took: 125.239 s
W0000 00:00:1789349924.869961   31507 random_forest.cc:1216] EXITING EARLY TO SPEED UP EXPERIMENTS!
RESULT dataset=SUSY_with_header threshold=132000 median=125.239s stddev=N/As n=1
./bazel-bin/examples/train_oblique_forest --input_mode csv --train_csv "benchmarks/data/epsilon_normalized_train.csv" --label_col "label" --num_trees=240 --dynamic_split_threshold=132000 --feature_split_type Oblique --numerical_split_type "Dynamic Random Histogram" --histogram_num_bins 64
----- Run 1/1 -----
WARNING: All log messages before absl::InitializeLog() is called are written to STDERR
I0000 00:00:1789349927.558634   31718 train_oblique_forest.cc:1101] Loading CSV in a single pass: benchmarks/data/epsilon_normalized_train.csv
I0000 00:00:1789349929.280878   31718 train_oblique_forest.cc:1108] Single-pass CSV load complete: 400000 rows, 2001 columns.
I0000 00:00:1789349929.280941   31718 train_oblique_forest.cc:1229] -1 (automatic) threads requested. 48 threads set.
I0000 00:00:1789349929.280950   31718 train_oblique_forest.cc:1304] Configuring oblique splits
I0000 00:00:1789349929.280953   31718 train_oblique_forest.cc:1313] dynamic_split_threshold = 132000 (from flag)
I0000 00:00:1789349929.280955   31718 train_oblique_forest.cc:1398] Using Dynamic Random Histogram with 64 samples
I0000 00:00:1789349929.280965   31718 train_oblique_forest.cc:1428] train_oblique_forest wall-time - Loading/Init (pre-train): 1.72235s
I0000 00:00:1789349929.281113   31718 abstract_learner.cc:171] No input feature explicitly specified. Using all the available input features.
I0000 00:00:1789349929.281119   31718 abstract_learner.cc:185] The label "label" was removed from the input feature set.
I0000 00:00:1789349929.281445   31718 random_forest.cc:534] Training random forest on 400000 example(s) and 2000 feature(s).
I0000 00:00:1789349929.281510   31718 gpu.cc:93] Cannot initialize GPU: Not compiled with GPU support
I0000 00:00:1789349929.282192   31718 random_forest.cc:663] num_threads being used: 48
I0000 00:00:1789349940.452191   31903 random_forest.cc:881] Train tree 1/240  [index:4 total:11.17s tree:11.17s]
I0000 00:00:1789349962.937882   31882 random_forest.cc:881] Train tree 97/240  [index:107 total:33.66s tree:11.12s]
I0000 00:00:1789349985.439263   31908 random_forest.cc:881] Train tree 193/240  [index:192 total:56.16s tree:11.18s]
I0000 00:00:1789349986.550304   31718 random_forest.cc:899] random_forest.cc Training block took: 57.2693 s
W0000 00:00:1789349986.550341   31718 random_forest.cc:1216] EXITING EARLY TO SPEED UP EXPERIMENTS!
RESULT dataset=epsilon_normalized_train threshold=132000 median=57.2693s stddev=N/As n=1
./bazel-bin/examples/train_oblique_forest --input_mode trunk --rows 1500000 --cols 4096 --num_trees=240 --dynamic_split_threshold=132000 --feature_split_type Oblique --numerical_split_type "Dynamic Random Histogram" --histogram_num_bins 64
----- Run 1/1 -----
WARNING: All log messages before absl::InitializeLog() is called are written to STDERR
I0000 00:00:1789349986.842741   31943 train_oblique_forest.cc:1133] Generating trunk synthetic dataset: rows=1500000, cols=4096, layout=column
I0000 00:00:1789349988.192512   31943 train_oblique_forest.cc:1229] -1 (automatic) threads requested. 48 threads set.
I0000 00:00:1789349988.192549   31943 train_oblique_forest.cc:1304] Configuring oblique splits
I0000 00:00:1789349988.192554   31943 train_oblique_forest.cc:1313] dynamic_split_threshold = 132000 (from flag)
I0000 00:00:1789349988.192557   31943 train_oblique_forest.cc:1398] Using Dynamic Random Histogram with 64 samples
I0000 00:00:1789349988.192568   31943 train_oblique_forest.cc:1428] train_oblique_forest wall-time - Loading/Init (pre-train): 1.34985s
I0000 00:00:1789349988.192863   31943 abstract_learner.cc:171] No input feature explicitly specified. Using all the available input features.
I0000 00:00:1789349988.192870   31943 abstract_learner.cc:185] The label "y" was removed from the input feature set.
I0000 00:00:1789349988.193542   31943 random_forest.cc:534] Training random forest on 1500000 example(s) and 4096 feature(s).
I0000 00:00:1789349988.193692   31943 gpu.cc:93] Cannot initialize GPU: Not compiled with GPU support
I0000 00:00:1789349988.194602   31943 random_forest.cc:663] num_threads being used: 48
I0000 00:00:1789350050.875658   32034 random_forest.cc:881] Train tree 1/240  [index:43 total:1m2.68s tree:1m2.68s]
I0000 00:00:1789350113.289551   32020 random_forest.cc:881] Train tree 49/240  [index:70 total:2m5.09s tree:1m0.27s]
I0000 00:00:1789350178.323803   32020 random_forest.cc:881] Train tree 97/240  [index:96 total:3m10.13s tree:1m5.03s]
I0000 00:00:1789350242.723881   32020 random_forest.cc:881] Train tree 145/240  [index:144 total:4m14.53s tree:1m4.40s]
I0000 00:00:1789350308.119972   32034 random_forest.cc:881] Train tree 193/240  [index:196 total:5m19.93s tree:1m3.79s]
I0000 00:00:1789350315.906326   31943 random_forest.cc:899] random_forest.cc Training block took: 327.714 s
W0000 00:00:1789350315.906365   31943 random_forest.cc:1216] EXITING EARLY TO SPEED UP EXPERIMENTS!
RESULT dataset=trunk_1500000_x_4096 threshold=132000 median=327.714s stddev=N/As n=1
./bazel-bin/examples/train_oblique_forest --input_mode trunk --rows 150000 --cols 40000 --num_trees=240 --dynamic_split_threshold=132000 --feature_split_type Oblique --numerical_split_type "Dynamic Random Histogram" --histogram_num_bins 64
----- Run 1/1 -----
WARNING: All log messages before absl::InitializeLog() is called are written to STDERR
I0000 00:00:1789350317.015524   32115 train_oblique_forest.cc:1133] Generating trunk synthetic dataset: rows=150000, cols=40000, layout=column
I0000 00:00:1789350318.301044   32115 train_oblique_forest.cc:1229] -1 (automatic) threads requested. 48 threads set.
I0000 00:00:1789350318.301085   32115 train_oblique_forest.cc:1304] Configuring oblique splits
I0000 00:00:1789350318.301088   32115 train_oblique_forest.cc:1313] dynamic_split_threshold = 132000 (from flag)
I0000 00:00:1789350318.301091   32115 train_oblique_forest.cc:1398] Using Dynamic Random Histogram with 64 samples
I0000 00:00:1789350318.301101   32115 train_oblique_forest.cc:1428] train_oblique_forest wall-time - Loading/Init (pre-train): 1.2856s
I0000 00:00:1789350318.303365   32115 abstract_learner.cc:171] No input feature explicitly specified. Using all the available input features.
I0000 00:00:1789350318.303400   32115 abstract_learner.cc:185] The label "y" was removed from the input feature set.
I0000 00:00:1789350318.310221   32115 random_forest.cc:534] Training random forest on 150000 example(s) and 40000 feature(s).
I0000 00:00:1789350318.311550   32115 gpu.cc:93] Cannot initialize GPU: Not compiled with GPU support
I0000 00:00:1789350318.314775   32115 random_forest.cc:663] num_threads being used: 48
I0000 00:00:1789350335.510572   32190 random_forest.cc:881] Train tree 1/240  [index:26 total:17.20s tree:17.19s]
I0000 00:00:1789350370.520640   32173 random_forest.cc:881] Train tree 97/240  [index:96 total:52.21s tree:17.47s]
I0000 00:00:1789350390.562400   32183 random_forest.cc:881] Train tree 186/240  [index:171 total:1m12.25s tree:18.79s]
I0000 00:00:1789350408.963333   32115 random_forest.cc:899] random_forest.cc Training block took: 90.6622 s
W0000 00:00:1789350408.963370   32115 random_forest.cc:1216] EXITING EARLY TO SPEED UP EXPERIMENTS!
RESULT dataset=trunk_150000_x_40000 threshold=132000 median=90.6622s stddev=N/As n=1
./bazel-bin/examples/train_oblique_forest --input_mode trunk --rows 15000 --cols 400000 --num_trees=240 --dynamic_split_threshold=132000 --feature_split_type Oblique --numerical_split_type "Dynamic Random Histogram" --histogram_num_bins 64
----- Run 1/1 -----
WARNING: All log messages before absl::InitializeLog() is called are written to STDERR
I0000 00:00:1789350409.638362   32245 train_oblique_forest.cc:1133] Generating trunk synthetic dataset: rows=15000, cols=400000, layout=column
I0000 00:00:1789350411.068934   32245 train_oblique_forest.cc:1229] -1 (automatic) threads requested. 48 threads set.
I0000 00:00:1789350411.068968   32245 train_oblique_forest.cc:1304] Configuring oblique splits
I0000 00:00:1789350411.068971   32245 train_oblique_forest.cc:1313] dynamic_split_threshold = 132000 (from flag)
I0000 00:00:1789350411.068974   32245 train_oblique_forest.cc:1398] Using Dynamic Random Histogram with 64 samples
I0000 00:00:1789350411.068984   32245 train_oblique_forest.cc:1428] train_oblique_forest wall-time - Loading/Init (pre-train): 1.43065s
I0000 00:00:1789350411.091117   32245 abstract_learner.cc:171] No input feature explicitly specified. Using all the available input features.
I0000 00:00:1789350411.091421   32245 abstract_learner.cc:185] The label "y" was removed from the input feature set.
I0000 00:00:1789350411.155354   32245 random_forest.cc:534] Training random forest on 15000 example(s) and 400000 feature(s).
I0000 00:00:1789350411.166158   32245 gpu.cc:93] Cannot initialize GPU: Not compiled with GPU support
I0000 00:00:1789350411.188909   32245 random_forest.cc:663] num_threads being used: 48
I0000 00:00:1789350415.830348   32294 random_forest.cc:881] Train tree 1/240  [index:1 total:4.64s tree:4.64s]
I0000 00:00:1789350435.832851   32314 random_forest.cc:881] Train tree 207/240  [index:202 total:24.64s tree:5.06s]
I0000 00:00:1789350437.153969   32245 random_forest.cc:899] random_forest.cc Training block took: 26.085 s
W0000 00:00:1789350437.154006   32245 random_forest.cc:1216] EXITING EARLY TO SPEED UP EXPERIMENTS!
RESULT dataset=trunk_15000_x_400000 threshold=132000 median=26.085s stddev=N/As n=1


======== Threshold 133000 ========

./bazel-bin/examples/train_oblique_forest --input_mode csv --train_csv "benchmarks/data/HIGGS_with_header.csv" --label_col "class" --num_trees=240 --dynamic_split_threshold=133000 --feature_split_type Oblique --numerical_split_type "Dynamic Random Histogram" --histogram_num_bins 64
----- Run 1/1 -----
WARNING: All log messages before absl::InitializeLog() is called are written to STDERR
I0000 00:00:1789350437.828007   32583 train_oblique_forest.cc:1101] Loading CSV in a single pass: benchmarks/data/HIGGS_with_header.csv
I0000 00:00:1789350438.694206   32583 train_oblique_forest.cc:1108] Single-pass CSV load complete: 11000000 rows, 29 columns.
I0000 00:00:1789350438.694276   32583 train_oblique_forest.cc:1229] -1 (automatic) threads requested. 48 threads set.
I0000 00:00:1789350438.694286   32583 train_oblique_forest.cc:1304] Configuring oblique splits
I0000 00:00:1789350438.694287   32583 train_oblique_forest.cc:1313] dynamic_split_threshold = 133000 (from flag)
I0000 00:00:1789350438.694289   32583 train_oblique_forest.cc:1398] Using Dynamic Random Histogram with 64 samples
I0000 00:00:1789350438.694299   32583 train_oblique_forest.cc:1428] train_oblique_forest wall-time - Loading/Init (pre-train): 0.866315s
I0000 00:00:1789350438.694358   32583 abstract_learner.cc:171] No input feature explicitly specified. Using all the available input features.
I0000 00:00:1789350438.694361   32583 abstract_learner.cc:185] The label "class" was removed from the input feature set.
I0000 00:00:1789350438.694372   32583 random_forest.cc:534] Training random forest on 11000000 example(s) and 28 feature(s).
I0000 00:00:1789350438.694380   32583 gpu.cc:93] Cannot initialize GPU: Not compiled with GPU support
I0000 00:00:1789350438.694949   32583 random_forest.cc:663] num_threads being used: 48
I0000 00:00:1789350507.313711   32777 random_forest.cc:881] Train tree 1/240  [index:27 total:1m8.62s tree:1m8.61s]
I0000 00:00:1789350577.482765   32789 random_forest.cc:881] Train tree 49/240  [index:57 total:2m18.79s tree:1m8.87s]
I0000 00:00:1789350647.467602   32789 random_forest.cc:881] Train tree 97/240  [index:96 total:3m28.77s tree:1m9.98s]
I0000 00:00:1789350717.866116   32789 random_forest.cc:881] Train tree 145/240  [index:144 total:4m39.17s tree:1m10.40s]
I0000 00:00:1789350788.197519   32782 random_forest.cc:881] Train tree 193/240  [index:195 total:5m49.50s tree:1m10.16s]
I0000 00:00:1789350799.771081   32583 random_forest.cc:899] random_forest.cc Training block took: 361.077 s
W0000 00:00:1789350799.771121   32583 random_forest.cc:1216] EXITING EARLY TO SPEED UP EXPERIMENTS!
RESULT dataset=HIGGS_with_header threshold=133000 median=361.077s stddev=N/As n=1
./bazel-bin/examples/train_oblique_forest --input_mode csv --train_csv "benchmarks/data/SUSY_with_header.csv" --label_col "class" --num_trees=240 --dynamic_split_threshold=133000 --feature_split_type Oblique --numerical_split_type "Dynamic Random Histogram" --histogram_num_bins 64
----- Run 1/1 -----
WARNING: All log messages before absl::InitializeLog() is called are written to STDERR
I0000 00:00:1789350806.260917   32903 train_oblique_forest.cc:1101] Loading CSV in a single pass: benchmarks/data/SUSY_with_header.csv
I0000 00:00:1789350806.585126   32903 train_oblique_forest.cc:1108] Single-pass CSV load complete: 5000000 rows, 19 columns.
I0000 00:00:1789350806.585194   32903 train_oblique_forest.cc:1229] -1 (automatic) threads requested. 48 threads set.
I0000 00:00:1789350806.585202   32903 train_oblique_forest.cc:1304] Configuring oblique splits
I0000 00:00:1789350806.585204   32903 train_oblique_forest.cc:1313] dynamic_split_threshold = 133000 (from flag)
I0000 00:00:1789350806.585206   32903 train_oblique_forest.cc:1398] Using Dynamic Random Histogram with 64 samples
I0000 00:00:1789350806.585215   32903 train_oblique_forest.cc:1428] train_oblique_forest wall-time - Loading/Init (pre-train): 0.32432s
I0000 00:00:1789350806.585269   32903 abstract_learner.cc:171] No input feature explicitly specified. Using all the available input features.
I0000 00:00:1789350806.585271   32903 abstract_learner.cc:185] The label "class" was removed from the input feature set.
I0000 00:00:1789350806.585281   32903 random_forest.cc:534] Training random forest on 5000000 example(s) and 18 feature(s).
I0000 00:00:1789350806.585290   32903 gpu.cc:93] Cannot initialize GPU: Not compiled with GPU support
I0000 00:00:1789350806.585840   32903 random_forest.cc:663] num_threads being used: 48
I0000 00:00:1789350830.589679   33055 random_forest.cc:881] Train tree 1/240  [index:5 total:24.00s tree:24.00s]
I0000 00:00:1789350854.373558   33027 random_forest.cc:881] Train tree 49/240  [index:56 total:47.79s tree:23.59s]
I0000 00:00:1789350878.993524   33027 random_forest.cc:881] Train tree 97/240  [index:96 total:1m12.41s tree:24.62s]
I0000 00:00:1789350903.232122   33061 random_forest.cc:881] Train tree 145/240  [index:146 total:1m36.65s tree:23.82s]
I0000 00:00:1789350927.127333   33027 random_forest.cc:881] Train tree 193/240  [index:193 total:2m0.54s tree:23.79s]
I0000 00:00:1789350931.429687   32903 random_forest.cc:899] random_forest.cc Training block took: 124.844 s
W0000 00:00:1789350931.429722   32903 random_forest.cc:1216] EXITING EARLY TO SPEED UP EXPERIMENTS!
RESULT dataset=SUSY_with_header threshold=133000 median=124.844s stddev=N/As n=1
./bazel-bin/examples/train_oblique_forest --input_mode csv --train_csv "benchmarks/data/epsilon_normalized_train.csv" --label_col "label" --num_trees=240 --dynamic_split_threshold=133000 --feature_split_type Oblique --numerical_split_type "Dynamic Random Histogram" --histogram_num_bins 64
----- Run 1/1 -----
WARNING: All log messages before absl::InitializeLog() is called are written to STDERR
I0000 00:00:1789350934.123895   33114 train_oblique_forest.cc:1101] Loading CSV in a single pass: benchmarks/data/epsilon_normalized_train.csv
I0000 00:00:1789350935.818322   33114 train_oblique_forest.cc:1108] Single-pass CSV load complete: 400000 rows, 2001 columns.
I0000 00:00:1789350935.818387   33114 train_oblique_forest.cc:1229] -1 (automatic) threads requested. 48 threads set.
I0000 00:00:1789350935.818396   33114 train_oblique_forest.cc:1304] Configuring oblique splits
I0000 00:00:1789350935.818399   33114 train_oblique_forest.cc:1313] dynamic_split_threshold = 133000 (from flag)
I0000 00:00:1789350935.818401   33114 train_oblique_forest.cc:1398] Using Dynamic Random Histogram with 64 samples
I0000 00:00:1789350935.818410   33114 train_oblique_forest.cc:1428] train_oblique_forest wall-time - Loading/Init (pre-train): 1.69454s
I0000 00:00:1789350935.818556   33114 abstract_learner.cc:171] No input feature explicitly specified. Using all the available input features.
I0000 00:00:1789350935.818562   33114 abstract_learner.cc:185] The label "label" was removed from the input feature set.
I0000 00:00:1789350935.818888   33114 random_forest.cc:534] Training random forest on 400000 example(s) and 2000 feature(s).
I0000 00:00:1789350935.818953   33114 gpu.cc:93] Cannot initialize GPU: Not compiled with GPU support
I0000 00:00:1789350935.819633   33114 random_forest.cc:663] num_threads being used: 48
I0000 00:00:1789350946.985636   33304 random_forest.cc:881] Train tree 1/240  [index:4 total:11.17s tree:11.16s]
I0000 00:00:1789350969.548903   33304 random_forest.cc:881] Train tree 97/240  [index:107 total:33.73s tree:11.18s]
I0000 00:00:1789350991.999381   33296 random_forest.cc:881] Train tree 193/240  [index:192 total:56.18s tree:11.21s]
I0000 00:00:1789350993.197086   33114 random_forest.cc:899] random_forest.cc Training block took: 57.3787 s
W0000 00:00:1789350993.197124   33114 random_forest.cc:1216] EXITING EARLY TO SPEED UP EXPERIMENTS!
RESULT dataset=epsilon_normalized_train threshold=133000 median=57.3787s stddev=N/As n=1
./bazel-bin/examples/train_oblique_forest --input_mode trunk --rows 1500000 --cols 4096 --num_trees=240 --dynamic_split_threshold=133000 --feature_split_type Oblique --numerical_split_type "Dynamic Random Histogram" --histogram_num_bins 64
----- Run 1/1 -----
WARNING: All log messages before absl::InitializeLog() is called are written to STDERR
I0000 00:00:1789350993.490020   33339 train_oblique_forest.cc:1133] Generating trunk synthetic dataset: rows=1500000, cols=4096, layout=column
I0000 00:00:1789350994.828533   33339 train_oblique_forest.cc:1229] -1 (automatic) threads requested. 48 threads set.
I0000 00:00:1789350994.828569   33339 train_oblique_forest.cc:1304] Configuring oblique splits
I0000 00:00:1789350994.828571   33339 train_oblique_forest.cc:1313] dynamic_split_threshold = 133000 (from flag)
I0000 00:00:1789350994.828575   33339 train_oblique_forest.cc:1398] Using Dynamic Random Histogram with 64 samples
I0000 00:00:1789350994.828585   33339 train_oblique_forest.cc:1428] train_oblique_forest wall-time - Loading/Init (pre-train): 1.33859s
I0000 00:00:1789350994.828882   33339 abstract_learner.cc:171] No input feature explicitly specified. Using all the available input features.
I0000 00:00:1789350994.828888   33339 abstract_learner.cc:185] The label "y" was removed from the input feature set.
I0000 00:00:1789350994.829585   33339 random_forest.cc:534] Training random forest on 1500000 example(s) and 4096 feature(s).
I0000 00:00:1789350994.829735   33339 gpu.cc:93] Cannot initialize GPU: Not compiled with GPU support
I0000 00:00:1789350994.830658   33339 random_forest.cc:663] num_threads being used: 48
I0000 00:00:1789351057.759496   33417 random_forest.cc:881] Train tree 1/240  [index:30 total:1m2.93s tree:1m2.92s]
I0000 00:00:1789351119.908163   33429 random_forest.cc:881] Train tree 49/240  [index:70 total:2m5.08s tree:1m0.47s]
I0000 00:00:1789351185.228041   33429 random_forest.cc:881] Train tree 97/240  [index:96 total:3m10.40s tree:1m5.32s]
I0000 00:00:1789351250.154659   33429 random_forest.cc:881] Train tree 145/240  [index:144 total:4m15.32s tree:1m4.93s]
I0000 00:00:1789351314.334110   33435 random_forest.cc:881] Train tree 193/240  [index:196 total:5m19.50s tree:1m3.56s]
I0000 00:00:1789351321.770243   33339 random_forest.cc:899] random_forest.cc Training block took: 326.942 s
W0000 00:00:1789351321.770280   33339 random_forest.cc:1216] EXITING EARLY TO SPEED UP EXPERIMENTS!
RESULT dataset=trunk_1500000_x_4096 threshold=133000 median=326.942s stddev=N/As n=1
./bazel-bin/examples/train_oblique_forest --input_mode trunk --rows 150000 --cols 40000 --num_trees=240 --dynamic_split_threshold=133000 --feature_split_type Oblique --numerical_split_type "Dynamic Random Histogram" --histogram_num_bins 64
----- Run 1/1 -----
WARNING: All log messages before absl::InitializeLog() is called are written to STDERR
I0000 00:00:1789351322.869101   33513 train_oblique_forest.cc:1133] Generating trunk synthetic dataset: rows=150000, cols=40000, layout=column
I0000 00:00:1789351324.153158   33513 train_oblique_forest.cc:1229] -1 (automatic) threads requested. 48 threads set.
I0000 00:00:1789351324.153194   33513 train_oblique_forest.cc:1304] Configuring oblique splits
I0000 00:00:1789351324.153197   33513 train_oblique_forest.cc:1313] dynamic_split_threshold = 133000 (from flag)
I0000 00:00:1789351324.153201   33513 train_oblique_forest.cc:1398] Using Dynamic Random Histogram with 64 samples
I0000 00:00:1789351324.153212   33513 train_oblique_forest.cc:1428] train_oblique_forest wall-time - Loading/Init (pre-train): 1.28413s
I0000 00:00:1789351324.155425   33513 abstract_learner.cc:171] No input feature explicitly specified. Using all the available input features.
I0000 00:00:1789351324.155461   33513 abstract_learner.cc:185] The label "y" was removed from the input feature set.
I0000 00:00:1789351324.162289   33513 random_forest.cc:534] Training random forest on 150000 example(s) and 40000 feature(s).
I0000 00:00:1789351324.163577   33513 gpu.cc:93] Cannot initialize GPU: Not compiled with GPU support
I0000 00:00:1789351324.166743   33513 random_forest.cc:663] num_threads being used: 48
I0000 00:00:1789351341.443944   33590 random_forest.cc:881] Train tree 1/240  [index:30 total:17.28s tree:17.27s]
I0000 00:00:1789351376.343930   33568 random_forest.cc:881] Train tree 97/240  [index:96 total:52.18s tree:17.42s]
I0000 00:00:1789351396.381514   33592 random_forest.cc:881] Train tree 185/240  [index:167 total:1m12.21s tree:18.86s]
I0000 00:00:1789351415.158214   33513 random_forest.cc:899] random_forest.cc Training block took: 91.005 s
W0000 00:00:1789351415.158251   33513 random_forest.cc:1216] EXITING EARLY TO SPEED UP EXPERIMENTS!
RESULT dataset=trunk_150000_x_40000 threshold=133000 median=91.005s stddev=N/As n=1
./bazel-bin/examples/train_oblique_forest --input_mode trunk --rows 15000 --cols 400000 --num_trees=240 --dynamic_split_threshold=133000 --feature_split_type Oblique --numerical_split_type "Dynamic Random Histogram" --histogram_num_bins 64
----- Run 1/1 -----
WARNING: All log messages before absl::InitializeLog() is called are written to STDERR
I0000 00:00:1789351415.837673   33645 train_oblique_forest.cc:1133] Generating trunk synthetic dataset: rows=15000, cols=400000, layout=column
I0000 00:00:1789351417.262655   33645 train_oblique_forest.cc:1229] -1 (automatic) threads requested. 48 threads set.
I0000 00:00:1789351417.262690   33645 train_oblique_forest.cc:1304] Configuring oblique splits
I0000 00:00:1789351417.262692   33645 train_oblique_forest.cc:1313] dynamic_split_threshold = 133000 (from flag)
I0000 00:00:1789351417.262695   33645 train_oblique_forest.cc:1398] Using Dynamic Random Histogram with 64 samples
I0000 00:00:1789351417.262707   33645 train_oblique_forest.cc:1428] train_oblique_forest wall-time - Loading/Init (pre-train): 1.42506s
I0000 00:00:1789351417.284583   33645 abstract_learner.cc:171] No input feature explicitly specified. Using all the available input features.
I0000 00:00:1789351417.284889   33645 abstract_learner.cc:185] The label "y" was removed from the input feature set.
I0000 00:00:1789351417.349113   33645 random_forest.cc:534] Training random forest on 15000 example(s) and 400000 feature(s).
I0000 00:00:1789351417.359888   33645 gpu.cc:93] Cannot initialize GPU: Not compiled with GPU support
I0000 00:00:1789351417.382090   33645 random_forest.cc:663] num_threads being used: 48
I0000 00:00:1789351421.985439   33730 random_forest.cc:881] Train tree 1/240  [index:1 total:4.60s tree:4.60s]
I0000 00:00:1789351442.061063   33700 random_forest.cc:881] Train tree 209/240  [index:206 total:24.68s tree:5.07s]
I0000 00:00:1789351443.327496   33645 random_forest.cc:899] random_forest.cc Training block took: 26.0648 s
W0000 00:00:1789351443.327535   33645 random_forest.cc:1216] EXITING EARLY TO SPEED UP EXPERIMENTS!
RESULT dataset=trunk_15000_x_400000 threshold=133000 median=26.0648s stddev=N/As n=1


======== Threshold 134000 ========

./bazel-bin/examples/train_oblique_forest --input_mode csv --train_csv "benchmarks/data/HIGGS_with_header.csv" --label_col "class" --num_trees=240 --dynamic_split_threshold=134000 --feature_split_type Oblique --numerical_split_type "Dynamic Random Histogram" --histogram_num_bins 64
----- Run 1/1 -----
WARNING: All log messages before absl::InitializeLog() is called are written to STDERR
I0000 00:00:1789351443.997350   33778 train_oblique_forest.cc:1101] Loading CSV in a single pass: benchmarks/data/HIGGS_with_header.csv
I0000 00:00:1789351444.825605   33778 train_oblique_forest.cc:1108] Single-pass CSV load complete: 11000000 rows, 29 columns.
I0000 00:00:1789351444.825674   33778 train_oblique_forest.cc:1229] -1 (automatic) threads requested. 48 threads set.
I0000 00:00:1789351444.825683   33778 train_oblique_forest.cc:1304] Configuring oblique splits
I0000 00:00:1789351444.825685   33778 train_oblique_forest.cc:1313] dynamic_split_threshold = 134000 (from flag)
I0000 00:00:1789351444.825687   33778 train_oblique_forest.cc:1398] Using Dynamic Random Histogram with 64 samples
I0000 00:00:1789351444.825696   33778 train_oblique_forest.cc:1428] train_oblique_forest wall-time - Loading/Init (pre-train): 0.828367s
I0000 00:00:1789351444.825751   33778 abstract_learner.cc:171] No input feature explicitly specified. Using all the available input features.
I0000 00:00:1789351444.825753   33778 abstract_learner.cc:185] The label "class" was removed from the input feature set.
I0000 00:00:1789351444.825765   33778 random_forest.cc:534] Training random forest on 11000000 example(s) and 28 feature(s).
I0000 00:00:1789351444.825773   33778 gpu.cc:93] Cannot initialize GPU: Not compiled with GPU support
I0000 00:00:1789351444.826343   33778 random_forest.cc:663] num_threads being used: 48
I0000 00:00:1789351513.744263   33914 random_forest.cc:881] Train tree 1/240  [index:19 total:1m8.92s tree:1m8.92s]
I0000 00:00:1789351583.663173   33911 random_forest.cc:881] Train tree 49/240  [index:58 total:2m18.84s tree:1m8.98s]
I0000 00:00:1789351653.673812   33922 random_forest.cc:881] Train tree 97/240  [index:100 total:3m28.85s tree:1m9.36s]
I0000 00:00:1789351723.588882   33914 random_forest.cc:881] Train tree 145/240  [index:145 total:4m38.76s tree:1m9.73s]
I0000 00:00:1789351794.105403   33906 random_forest.cc:881] Train tree 193/240  [index:196 total:5m49.28s tree:1m9.25s]
I0000 00:00:1789351805.476749   33778 random_forest.cc:899] random_forest.cc Training block took: 360.651 s
W0000 00:00:1789351805.476784   33778 random_forest.cc:1216] EXITING EARLY TO SPEED UP EXPERIMENTS!
RESULT dataset=HIGGS_with_header threshold=134000 median=360.651s stddev=N/As n=1
./bazel-bin/examples/train_oblique_forest --input_mode csv --train_csv "benchmarks/data/SUSY_with_header.csv" --label_col "class" --num_trees=240 --dynamic_split_threshold=134000 --feature_split_type Oblique --numerical_split_type "Dynamic Random Histogram" --histogram_num_bins 64
----- Run 1/1 -----
WARNING: All log messages before absl::InitializeLog() is called are written to STDERR
I0000 00:00:1789351811.963159   34030 train_oblique_forest.cc:1101] Loading CSV in a single pass: benchmarks/data/SUSY_with_header.csv
I0000 00:00:1789351812.289090   34030 train_oblique_forest.cc:1108] Single-pass CSV load complete: 5000000 rows, 19 columns.
I0000 00:00:1789351812.289161   34030 train_oblique_forest.cc:1229] -1 (automatic) threads requested. 48 threads set.
I0000 00:00:1789351812.289170   34030 train_oblique_forest.cc:1304] Configuring oblique splits
I0000 00:00:1789351812.289172   34030 train_oblique_forest.cc:1313] dynamic_split_threshold = 134000 (from flag)
I0000 00:00:1789351812.289174   34030 train_oblique_forest.cc:1398] Using Dynamic Random Histogram with 64 samples
I0000 00:00:1789351812.289183   34030 train_oblique_forest.cc:1428] train_oblique_forest wall-time - Loading/Init (pre-train): 0.326046s
I0000 00:00:1789351812.289236   34030 abstract_learner.cc:171] No input feature explicitly specified. Using all the available input features.
I0000 00:00:1789351812.289239   34030 abstract_learner.cc:185] The label "class" was removed from the input feature set.
I0000 00:00:1789351812.289249   34030 random_forest.cc:534] Training random forest on 5000000 example(s) and 18 feature(s).
I0000 00:00:1789351812.289257   34030 gpu.cc:93] Cannot initialize GPU: Not compiled with GPU support
I0000 00:00:1789351812.289810   34030 random_forest.cc:663] num_threads being used: 48
I0000 00:00:1789351836.224013   34179 random_forest.cc:881] Train tree 1/240  [index:43 total:23.93s tree:23.93s]
I0000 00:00:1789351860.241686   34169 random_forest.cc:881] Train tree 49/240  [index:56 total:47.95s tree:23.71s]
I0000 00:00:1789351884.926037   34183 random_forest.cc:881] Train tree 97/240  [index:108 total:1m12.64s tree:23.65s]
I0000 00:00:1789351909.360927   34167 random_forest.cc:881] Train tree 145/240  [index:146 total:1m37.07s tree:23.98s]
I0000 00:00:1789351933.376912   34183 random_forest.cc:881] Train tree 193/240  [index:193 total:2m1.09s tree:23.87s]
I0000 00:00:1789351937.041901   34030 random_forest.cc:899] random_forest.cc Training block took: 124.753 s
W0000 00:00:1789351937.041937   34030 random_forest.cc:1216] EXITING EARLY TO SPEED UP EXPERIMENTS!
RESULT dataset=SUSY_with_header threshold=134000 median=124.753s stddev=N/As n=1
./bazel-bin/examples/train_oblique_forest --input_mode csv --train_csv "benchmarks/data/epsilon_normalized_train.csv" --label_col "label" --num_trees=240 --dynamic_split_threshold=134000 --feature_split_type Oblique --numerical_split_type "Dynamic Random Histogram" --histogram_num_bins 64
----- Run 1/1 -----
WARNING: All log messages before absl::InitializeLog() is called are written to STDERR
I0000 00:00:1789351939.733146   34245 train_oblique_forest.cc:1101] Loading CSV in a single pass: benchmarks/data/epsilon_normalized_train.csv
I0000 00:00:1789351941.422860   34245 train_oblique_forest.cc:1108] Single-pass CSV load complete: 400000 rows, 2001 columns.
I0000 00:00:1789351941.422929   34245 train_oblique_forest.cc:1229] -1 (automatic) threads requested. 48 threads set.
I0000 00:00:1789351941.422939   34245 train_oblique_forest.cc:1304] Configuring oblique splits
I0000 00:00:1789351941.422941   34245 train_oblique_forest.cc:1313] dynamic_split_threshold = 134000 (from flag)
I0000 00:00:1789351941.422943   34245 train_oblique_forest.cc:1398] Using Dynamic Random Histogram with 64 samples
I0000 00:00:1789351941.422952   34245 train_oblique_forest.cc:1428] train_oblique_forest wall-time - Loading/Init (pre-train): 1.68983s
I0000 00:00:1789351941.423098   34245 abstract_learner.cc:171] No input feature explicitly specified. Using all the available input features.
I0000 00:00:1789351941.423104   34245 abstract_learner.cc:185] The label "label" was removed from the input feature set.
I0000 00:00:1789351941.423434   34245 random_forest.cc:534] Training random forest on 400000 example(s) and 2000 feature(s).
I0000 00:00:1789351941.423498   34245 gpu.cc:93] Cannot initialize GPU: Not compiled with GPU support
I0000 00:00:1789351941.424181   34245 random_forest.cc:663] num_threads being used: 48
I0000 00:00:1789351952.485608   34406 random_forest.cc:881] Train tree 1/240  [index:12 total:11.06s tree:11.06s]
I0000 00:00:1789351975.111363   34419 random_forest.cc:881] Train tree 97/240  [index:107 total:33.69s tree:11.14s]
I0000 00:00:1789351997.625795   34406 random_forest.cc:881] Train tree 193/240  [index:192 total:56.20s tree:11.20s]
I0000 00:00:1789351998.747804   34245 random_forest.cc:899] random_forest.cc Training block took: 57.3248 s
W0000 00:00:1789351998.747841   34245 random_forest.cc:1216] EXITING EARLY TO SPEED UP EXPERIMENTS!
RESULT dataset=epsilon_normalized_train threshold=134000 median=57.3248s stddev=N/As n=1
./bazel-bin/examples/train_oblique_forest --input_mode trunk --rows 1500000 --cols 4096 --num_trees=240 --dynamic_split_threshold=134000 --feature_split_type Oblique --numerical_split_type "Dynamic Random Histogram" --histogram_num_bins 64
----- Run 1/1 -----
WARNING: All log messages before absl::InitializeLog() is called are written to STDERR
I0000 00:00:1789351999.043041   34471 train_oblique_forest.cc:1133] Generating trunk synthetic dataset: rows=1500000, cols=4096, layout=column
I0000 00:00:1789352000.423700   34471 train_oblique_forest.cc:1229] -1 (automatic) threads requested. 48 threads set.
I0000 00:00:1789352000.423735   34471 train_oblique_forest.cc:1304] Configuring oblique splits
I0000 00:00:1789352000.423739   34471 train_oblique_forest.cc:1313] dynamic_split_threshold = 134000 (from flag)
I0000 00:00:1789352000.423742   34471 train_oblique_forest.cc:1398] Using Dynamic Random Histogram with 64 samples
I0000 00:00:1789352000.423752   34471 train_oblique_forest.cc:1428] train_oblique_forest wall-time - Loading/Init (pre-train): 1.38073s
I0000 00:00:1789352000.424014   34471 abstract_learner.cc:171] No input feature explicitly specified. Using all the available input features.
I0000 00:00:1789352000.424020   34471 abstract_learner.cc:185] The label "y" was removed from the input feature set.
I0000 00:00:1789352000.424631   34471 random_forest.cc:534] Training random forest on 1500000 example(s) and 4096 feature(s).
I0000 00:00:1789352000.424762   34471 gpu.cc:93] Cannot initialize GPU: Not compiled with GPU support
I0000 00:00:1789352000.425613   34471 random_forest.cc:663] num_threads being used: 48
I0000 00:00:1789352063.215872   34543 random_forest.cc:881] Train tree 1/240  [index:30 total:1m2.79s tree:1m2.79s]
I0000 00:00:1789352125.758428   34528 random_forest.cc:881] Train tree 49/240  [index:70 total:2m5.33s tree:1m0.54s]
I0000 00:00:1789352191.509717   34528 random_forest.cc:881] Train tree 97/240  [index:96 total:3m11.08s tree:1m5.75s]
I0000 00:00:1789352255.993991   34553 random_forest.cc:881] Train tree 145/240  [index:152 total:4m15.57s tree:1m3.38s]
I0000 00:00:1789352320.472655   34546 random_forest.cc:881] Train tree 193/240  [index:196 total:5m20.05s tree:1m3.51s]
I0000 00:00:1789352326.789397   34471 random_forest.cc:899] random_forest.cc Training block took: 326.366 s
W0000 00:00:1789352326.789436   34471 random_forest.cc:1216] EXITING EARLY TO SPEED UP EXPERIMENTS!
RESULT dataset=trunk_1500000_x_4096 threshold=134000 median=326.366s stddev=N/As n=1
./bazel-bin/examples/train_oblique_forest --input_mode trunk --rows 150000 --cols 40000 --num_trees=240 --dynamic_split_threshold=134000 --feature_split_type Oblique --numerical_split_type "Dynamic Random Histogram" --histogram_num_bins 64
----- Run 1/1 -----
WARNING: All log messages before absl::InitializeLog() is called are written to STDERR
I0000 00:00:1789352327.889238   34633 train_oblique_forest.cc:1133] Generating trunk synthetic dataset: rows=150000, cols=40000, layout=column
I0000 00:00:1789352329.173911   34633 train_oblique_forest.cc:1229] -1 (automatic) threads requested. 48 threads set.
I0000 00:00:1789352329.173948   34633 train_oblique_forest.cc:1304] Configuring oblique splits
I0000 00:00:1789352329.173950   34633 train_oblique_forest.cc:1313] dynamic_split_threshold = 134000 (from flag)
I0000 00:00:1789352329.173954   34633 train_oblique_forest.cc:1398] Using Dynamic Random Histogram with 64 samples
I0000 00:00:1789352329.173965   34633 train_oblique_forest.cc:1428] train_oblique_forest wall-time - Loading/Init (pre-train): 1.28475s
I0000 00:00:1789352329.176208   34633 abstract_learner.cc:171] No input feature explicitly specified. Using all the available input features.
I0000 00:00:1789352329.176243   34633 abstract_learner.cc:185] The label "y" was removed from the input feature set.
I0000 00:00:1789352329.183048   34633 random_forest.cc:534] Training random forest on 150000 example(s) and 40000 feature(s).
I0000 00:00:1789352329.184372   34633 gpu.cc:93] Cannot initialize GPU: Not compiled with GPU support
I0000 00:00:1789352329.187645   34633 random_forest.cc:663] num_threads being used: 48
I0000 00:00:1789352346.457451   34711 random_forest.cc:881] Train tree 1/240  [index:30 total:17.27s tree:17.27s]
I0000 00:00:1789352381.477091   34707 random_forest.cc:881] Train tree 97/240  [index:96 total:52.29s tree:17.60s]
I0000 00:00:1789352401.480126   34695 random_forest.cc:881] Train tree 186/240  [index:184 total:1m12.29s tree:18.12s]
I0000 00:00:1789352420.236680   34633 random_forest.cc:899] random_forest.cc Training block took: 91.0627 s
W0000 00:00:1789352420.236716   34633 random_forest.cc:1216] EXITING EARLY TO SPEED UP EXPERIMENTS!
RESULT dataset=trunk_150000_x_40000 threshold=134000 median=91.0627s stddev=N/As n=1
./bazel-bin/examples/train_oblique_forest --input_mode trunk --rows 15000 --cols 400000 --num_trees=240 --dynamic_split_threshold=134000 --feature_split_type Oblique --numerical_split_type "Dynamic Random Histogram" --histogram_num_bins 64
----- Run 1/1 -----
WARNING: All log messages before absl::InitializeLog() is called are written to STDERR
I0000 00:00:1789352420.919624   34774 train_oblique_forest.cc:1133] Generating trunk synthetic dataset: rows=15000, cols=400000, layout=column
I0000 00:00:1789352422.348557   34774 train_oblique_forest.cc:1229] -1 (automatic) threads requested. 48 threads set.
I0000 00:00:1789352422.348592   34774 train_oblique_forest.cc:1304] Configuring oblique splits
I0000 00:00:1789352422.348594   34774 train_oblique_forest.cc:1313] dynamic_split_threshold = 134000 (from flag)
I0000 00:00:1789352422.348598   34774 train_oblique_forest.cc:1398] Using Dynamic Random Histogram with 64 samples
I0000 00:00:1789352422.348608   34774 train_oblique_forest.cc:1428] train_oblique_forest wall-time - Loading/Init (pre-train): 1.42901s
I0000 00:00:1789352422.370323   34774 abstract_learner.cc:171] No input feature explicitly specified. Using all the available input features.
I0000 00:00:1789352422.370619   34774 abstract_learner.cc:185] The label "y" was removed from the input feature set.
I0000 00:00:1789352422.434025   34774 random_forest.cc:534] Training random forest on 15000 example(s) and 400000 feature(s).
I0000 00:00:1789352422.444844   34774 gpu.cc:93] Cannot initialize GPU: Not compiled with GPU support
I0000 00:00:1789352422.467648   34774 random_forest.cc:663] num_threads being used: 48
I0000 00:00:1789352427.073474   34824 random_forest.cc:881] Train tree 1/240  [index:1 total:4.61s tree:4.60s]
I0000 00:00:1789352447.093957   34844 random_forest.cc:881] Train tree 208/240  [index:218 total:24.63s tree:4.68s]
I0000 00:00:1789352448.344699   34774 random_forest.cc:899] random_forest.cc Training block took: 25.9961 s
W0000 00:00:1789352448.344740   34774 random_forest.cc:1216] EXITING EARLY TO SPEED UP EXPERIMENTS!
RESULT dataset=trunk_15000_x_400000 threshold=134000 median=25.9961s stddev=N/As n=1


======== Threshold 135000 ========

./bazel-bin/examples/train_oblique_forest --input_mode csv --train_csv "benchmarks/data/HIGGS_with_header.csv" --label_col "class" --num_trees=240 --dynamic_split_threshold=135000 --feature_split_type Oblique --numerical_split_type "Dynamic Random Histogram" --histogram_num_bins 64
----- Run 1/1 -----
WARNING: All log messages before absl::InitializeLog() is called are written to STDERR
I0000 00:00:1789352449.013732   34898 train_oblique_forest.cc:1101] Loading CSV in a single pass: benchmarks/data/HIGGS_with_header.csv
I0000 00:00:1789352449.843049   34898 train_oblique_forest.cc:1108] Single-pass CSV load complete: 11000000 rows, 29 columns.
I0000 00:00:1789352449.843124   34898 train_oblique_forest.cc:1229] -1 (automatic) threads requested. 48 threads set.
I0000 00:00:1789352449.843134   34898 train_oblique_forest.cc:1304] Configuring oblique splits
I0000 00:00:1789352449.843135   34898 train_oblique_forest.cc:1313] dynamic_split_threshold = 135000 (from flag)
I0000 00:00:1789352449.843137   34898 train_oblique_forest.cc:1398] Using Dynamic Random Histogram with 64 samples
I0000 00:00:1789352449.843146   34898 train_oblique_forest.cc:1428] train_oblique_forest wall-time - Loading/Init (pre-train): 0.829437s
I0000 00:00:1789352449.843202   34898 abstract_learner.cc:171] No input feature explicitly specified. Using all the available input features.
I0000 00:00:1789352449.843204   34898 abstract_learner.cc:185] The label "class" was removed from the input feature set.
I0000 00:00:1789352449.843215   34898 random_forest.cc:534] Training random forest on 11000000 example(s) and 28 feature(s).
I0000 00:00:1789352449.843224   34898 gpu.cc:93] Cannot initialize GPU: Not compiled with GPU support
I0000 00:00:1789352449.843783   34898 random_forest.cc:663] num_threads being used: 48
I0000 00:00:1789352518.624191   35054 random_forest.cc:881] Train tree 1/240  [index:31 total:1m8.78s tree:1m8.78s]
I0000 00:00:1789352588.321456   35054 random_forest.cc:881] Train tree 49/240  [index:48 total:2m18.48s tree:1m9.70s]
I0000 00:00:1789352658.129450   35068 random_forest.cc:881] Train tree 97/240  [index:107 total:3m28.29s tree:1m8.24s]
I0000 00:00:1789352728.260011   35040 random_forest.cc:881] Train tree 145/240  [index:156 total:4m38.42s tree:1m8.09s]
I0000 00:00:1789352797.896821   35043 random_forest.cc:881] Train tree 193/240  [index:195 total:5m48.05s tree:1m8.97s]
I0000 00:00:1789352808.451359   34898 random_forest.cc:899] random_forest.cc Training block took: 358.608 s
W0000 00:00:1789352808.451397   34898 random_forest.cc:1216] EXITING EARLY TO SPEED UP EXPERIMENTS!
RESULT dataset=HIGGS_with_header threshold=135000 median=358.608s stddev=N/As n=1
./bazel-bin/examples/train_oblique_forest --input_mode csv --train_csv "benchmarks/data/SUSY_with_header.csv" --label_col "class" --num_trees=240 --dynamic_split_threshold=135000 --feature_split_type Oblique --numerical_split_type "Dynamic Random Histogram" --histogram_num_bins 64
----- Run 1/1 -----
WARNING: All log messages before absl::InitializeLog() is called are written to STDERR
I0000 00:00:1789352814.949614   35149 train_oblique_forest.cc:1101] Loading CSV in a single pass: benchmarks/data/SUSY_with_header.csv
I0000 00:00:1789352815.275116   35149 train_oblique_forest.cc:1108] Single-pass CSV load complete: 5000000 rows, 19 columns.
I0000 00:00:1789352815.275185   35149 train_oblique_forest.cc:1229] -1 (automatic) threads requested. 48 threads set.
I0000 00:00:1789352815.275195   35149 train_oblique_forest.cc:1304] Configuring oblique splits
I0000 00:00:1789352815.275197   35149 train_oblique_forest.cc:1313] dynamic_split_threshold = 135000 (from flag)
I0000 00:00:1789352815.275199   35149 train_oblique_forest.cc:1398] Using Dynamic Random Histogram with 64 samples
I0000 00:00:1789352815.275208   35149 train_oblique_forest.cc:1428] train_oblique_forest wall-time - Loading/Init (pre-train): 0.325619s
I0000 00:00:1789352815.275264   35149 abstract_learner.cc:171] No input feature explicitly specified. Using all the available input features.
I0000 00:00:1789352815.275267   35149 abstract_learner.cc:185] The label "class" was removed from the input feature set.
I0000 00:00:1789352815.275277   35149 random_forest.cc:534] Training random forest on 5000000 example(s) and 18 feature(s).
I0000 00:00:1789352815.275285   35149 gpu.cc:93] Cannot initialize GPU: Not compiled with GPU support
I0000 00:00:1789352815.275837   35149 random_forest.cc:663] num_threads being used: 48
I0000 00:00:1789352839.325737   35310 random_forest.cc:881] Train tree 1/240  [index:5 total:24.05s tree:24.05s]
I0000 00:00:1789352863.434210   35310 random_forest.cc:881] Train tree 49/240  [index:48 total:48.16s tree:24.11s]
I0000 00:00:1789352887.888723   35287 random_forest.cc:881] Train tree 97/240  [index:108 total:1m12.61s tree:23.64s]
I0000 00:00:1789352912.119193   35266 random_forest.cc:881] Train tree 145/240  [index:146 total:1m36.84s tree:23.84s]
I0000 00:00:1789352936.328564   35287 random_forest.cc:881] Train tree 193/240  [index:193 total:2m1.05s tree:23.84s]
I0000 00:00:1789352940.180977   35149 random_forest.cc:899] random_forest.cc Training block took: 124.906 s
W0000 00:00:1789352940.181012   35149 random_forest.cc:1216] EXITING EARLY TO SPEED UP EXPERIMENTS!
RESULT dataset=SUSY_with_header threshold=135000 median=124.906s stddev=N/As n=1
./bazel-bin/examples/train_oblique_forest --input_mode csv --train_csv "benchmarks/data/epsilon_normalized_train.csv" --label_col "label" --num_trees=240 --dynamic_split_threshold=135000 --feature_split_type Oblique --numerical_split_type "Dynamic Random Histogram" --histogram_num_bins 64
----- Run 1/1 -----
WARNING: All log messages before absl::InitializeLog() is called are written to STDERR
I0000 00:00:1789352942.882944   35367 train_oblique_forest.cc:1101] Loading CSV in a single pass: benchmarks/data/epsilon_normalized_train.csv
I0000 00:00:1789352944.572510   35367 train_oblique_forest.cc:1108] Single-pass CSV load complete: 400000 rows, 2001 columns.
I0000 00:00:1789352944.572576   35367 train_oblique_forest.cc:1229] -1 (automatic) threads requested. 48 threads set.
I0000 00:00:1789352944.572587   35367 train_oblique_forest.cc:1304] Configuring oblique splits
I0000 00:00:1789352944.572590   35367 train_oblique_forest.cc:1313] dynamic_split_threshold = 135000 (from flag)
I0000 00:00:1789352944.572591   35367 train_oblique_forest.cc:1398] Using Dynamic Random Histogram with 64 samples
I0000 00:00:1789352944.572600   35367 train_oblique_forest.cc:1428] train_oblique_forest wall-time - Loading/Init (pre-train): 1.68968s
I0000 00:00:1789352944.572741   35367 abstract_learner.cc:171] No input feature explicitly specified. Using all the available input features.
I0000 00:00:1789352944.572748   35367 abstract_learner.cc:185] The label "label" was removed from the input feature set.
I0000 00:00:1789352944.573086   35367 random_forest.cc:534] Training random forest on 400000 example(s) and 2000 feature(s).
I0000 00:00:1789352944.573151   35367 gpu.cc:93] Cannot initialize GPU: Not compiled with GPU support
I0000 00:00:1789352944.573830   35367 random_forest.cc:663] num_threads being used: 48
I0000 00:00:1789352955.655874   35558 random_forest.cc:881] Train tree 1/240  [index:12 total:11.08s tree:11.08s]
I0000 00:00:1789352978.281403   35552 random_forest.cc:881] Train tree 97/240  [index:96 total:33.71s tree:11.31s]
I0000 00:00:1789353000.747062   35552 random_forest.cc:881] Train tree 193/240  [index:192 total:56.17s tree:11.20s]
I0000 00:00:1789353001.825594   35367 random_forest.cc:899] random_forest.cc Training block took: 57.253 s
W0000 00:00:1789353001.825632   35367 random_forest.cc:1216] EXITING EARLY TO SPEED UP EXPERIMENTS!
RESULT dataset=epsilon_normalized_train threshold=135000 median=57.253s stddev=N/As n=1
./bazel-bin/examples/train_oblique_forest --input_mode trunk --rows 1500000 --cols 4096 --num_trees=240 --dynamic_split_threshold=135000 --feature_split_type Oblique --numerical_split_type "Dynamic Random Histogram" --histogram_num_bins 64
----- Run 1/1 -----
WARNING: All log messages before absl::InitializeLog() is called are written to STDERR
I0000 00:00:1789353002.119513   35591 train_oblique_forest.cc:1133] Generating trunk synthetic dataset: rows=1500000, cols=4096, layout=column
I0000 00:00:1789353003.456525   35591 train_oblique_forest.cc:1229] -1 (automatic) threads requested. 48 threads set.
I0000 00:00:1789353003.456562   35591 train_oblique_forest.cc:1304] Configuring oblique splits
I0000 00:00:1789353003.456564   35591 train_oblique_forest.cc:1313] dynamic_split_threshold = 135000 (from flag)
I0000 00:00:1789353003.456569   35591 train_oblique_forest.cc:1398] Using Dynamic Random Histogram with 64 samples
I0000 00:00:1789353003.456581   35591 train_oblique_forest.cc:1428] train_oblique_forest wall-time - Loading/Init (pre-train): 1.33709s
I0000 00:00:1789353003.456875   35591 abstract_learner.cc:171] No input feature explicitly specified. Using all the available input features.
I0000 00:00:1789353003.456881   35591 abstract_learner.cc:185] The label "y" was removed from the input feature set.
I0000 00:00:1789353003.457562   35591 random_forest.cc:534] Training random forest on 1500000 example(s) and 4096 feature(s).
I0000 00:00:1789353003.457705   35591 gpu.cc:93] Cannot initialize GPU: Not compiled with GPU support
I0000 00:00:1789353003.458621   35591 random_forest.cc:663] num_threads being used: 48
I0000 00:00:1789353066.611668   35679 random_forest.cc:881] Train tree 1/240  [index:43 total:1m3.15s tree:1m3.15s]
I0000 00:00:1789353128.528922   35656 random_forest.cc:881] Train tree 49/240  [index:70 total:2m5.07s tree:1m0.30s]
I0000 00:00:1789353194.204824   35656 random_forest.cc:881] Train tree 97/240  [index:96 total:3m10.75s tree:1m5.68s]
I0000 00:00:1789353258.649377   35656 random_forest.cc:881] Train tree 145/240  [index:144 total:4m15.19s tree:1m4.44s]
I0000 00:00:1789353323.802513   35648 random_forest.cc:881] Train tree 193/240  [index:196 total:5m20.34s tree:1m4.13s]
I0000 00:00:1789353331.329402   35591 random_forest.cc:899] random_forest.cc Training block took: 327.873 s
W0000 00:00:1789353331.329442   35591 random_forest.cc:1216] EXITING EARLY TO SPEED UP EXPERIMENTS!
RESULT dataset=trunk_1500000_x_4096 threshold=135000 median=327.873s stddev=N/As n=1
./bazel-bin/examples/train_oblique_forest --input_mode trunk --rows 150000 --cols 40000 --num_trees=240 --dynamic_split_threshold=135000 --feature_split_type Oblique --numerical_split_type "Dynamic Random Histogram" --histogram_num_bins 64
----- Run 1/1 -----
WARNING: All log messages before absl::InitializeLog() is called are written to STDERR
I0000 00:00:1789353332.441580   35763 train_oblique_forest.cc:1133] Generating trunk synthetic dataset: rows=150000, cols=40000, layout=column
I0000 00:00:1789353333.726184   35763 train_oblique_forest.cc:1229] -1 (automatic) threads requested. 48 threads set.
I0000 00:00:1789353333.726219   35763 train_oblique_forest.cc:1304] Configuring oblique splits
I0000 00:00:1789353333.726221   35763 train_oblique_forest.cc:1313] dynamic_split_threshold = 135000 (from flag)
I0000 00:00:1789353333.726225   35763 train_oblique_forest.cc:1398] Using Dynamic Random Histogram with 64 samples
I0000 00:00:1789353333.726235   35763 train_oblique_forest.cc:1428] train_oblique_forest wall-time - Loading/Init (pre-train): 1.28468s
I0000 00:00:1789353333.728545   35763 abstract_learner.cc:171] No input feature explicitly specified. Using all the available input features.
I0000 00:00:1789353333.728580   35763 abstract_learner.cc:185] The label "y" was removed from the input feature set.
I0000 00:00:1789353333.735368   35763 random_forest.cc:534] Training random forest on 150000 example(s) and 40000 feature(s).
I0000 00:00:1789353333.736712   35763 gpu.cc:93] Cannot initialize GPU: Not compiled with GPU support
I0000 00:00:1789353333.739844   35763 random_forest.cc:663] num_threads being used: 48
I0000 00:00:1789353350.969062   35831 random_forest.cc:881] Train tree 1/240  [index:21 total:17.23s tree:17.22s]
I0000 00:00:1789353386.008317   35821 random_forest.cc:881] Train tree 97/240  [index:96 total:52.27s tree:17.52s]
I0000 00:00:1789353406.028327   35847 random_forest.cc:881] Train tree 188/240  [index:179 total:1m12.29s tree:18.54s]
I0000 00:00:1789353424.486889   35763 random_forest.cc:899] random_forest.cc Training block took: 90.7606 s
W0000 00:00:1789353424.486927   35763 random_forest.cc:1216] EXITING EARLY TO SPEED UP EXPERIMENTS!
RESULT dataset=trunk_150000_x_40000 threshold=135000 median=90.7606s stddev=N/As n=1
./bazel-bin/examples/train_oblique_forest --input_mode trunk --rows 15000 --cols 400000 --num_trees=240 --dynamic_split_threshold=135000 --feature_split_type Oblique --numerical_split_type "Dynamic Random Histogram" --histogram_num_bins 64
----- Run 1/1 -----
WARNING: All log messages before absl::InitializeLog() is called are written to STDERR
I0000 00:00:1789353425.165274   35900 train_oblique_forest.cc:1133] Generating trunk synthetic dataset: rows=15000, cols=400000, layout=column
I0000 00:00:1789353426.588968   35900 train_oblique_forest.cc:1229] -1 (automatic) threads requested. 48 threads set.
I0000 00:00:1789353426.589004   35900 train_oblique_forest.cc:1304] Configuring oblique splits
I0000 00:00:1789353426.589007   35900 train_oblique_forest.cc:1313] dynamic_split_threshold = 135000 (from flag)
I0000 00:00:1789353426.589010   35900 train_oblique_forest.cc:1398] Using Dynamic Random Histogram with 64 samples
I0000 00:00:1789353426.589020   35900 train_oblique_forest.cc:1428] train_oblique_forest wall-time - Loading/Init (pre-train): 1.42377s
I0000 00:00:1789353426.610979   35900 abstract_learner.cc:171] No input feature explicitly specified. Using all the available input features.
I0000 00:00:1789353426.611287   35900 abstract_learner.cc:185] The label "y" was removed from the input feature set.
I0000 00:00:1789353426.675398   35900 random_forest.cc:534] Training random forest on 15000 example(s) and 400000 feature(s).
I0000 00:00:1789353426.686131   35900 gpu.cc:93] Cannot initialize GPU: Not compiled with GPU support
I0000 00:00:1789353426.709576   35900 random_forest.cc:663] num_threads being used: 48
I0000 00:00:1789353431.345945   35957 random_forest.cc:881] Train tree 1/240  [index:1 total:4.64s tree:4.63s]
I0000 00:00:1789353451.347073   35985 random_forest.cc:881] Train tree 210/240  [index:212 total:24.64s tree:4.87s]
I0000 00:00:1789353452.654095   35900 random_forest.cc:899] random_forest.cc Training block took: 26.065 s
W0000 00:00:1789353452.654136   35900 random_forest.cc:1216] EXITING EARLY TO SPEED UP EXPERIMENTS!
RESULT dataset=trunk_15000_x_400000 threshold=135000 median=26.065s stddev=N/As n=1


======== Threshold 136000 ========

./bazel-bin/examples/train_oblique_forest --input_mode csv --train_csv "benchmarks/data/HIGGS_with_header.csv" --label_col "class" --num_trees=240 --dynamic_split_threshold=136000 --feature_split_type Oblique --numerical_split_type "Dynamic Random Histogram" --histogram_num_bins 64
----- Run 1/1 -----
WARNING: All log messages before absl::InitializeLog() is called are written to STDERR
I0000 00:00:1789353453.320830   36022 train_oblique_forest.cc:1101] Loading CSV in a single pass: benchmarks/data/HIGGS_with_header.csv
I0000 00:00:1789353454.147823   36022 train_oblique_forest.cc:1108] Single-pass CSV load complete: 11000000 rows, 29 columns.
I0000 00:00:1789353454.147890   36022 train_oblique_forest.cc:1229] -1 (automatic) threads requested. 48 threads set.
I0000 00:00:1789353454.147899   36022 train_oblique_forest.cc:1304] Configuring oblique splits
I0000 00:00:1789353454.147901   36022 train_oblique_forest.cc:1313] dynamic_split_threshold = 136000 (from flag)
I0000 00:00:1789353454.147903   36022 train_oblique_forest.cc:1398] Using Dynamic Random Histogram with 64 samples
I0000 00:00:1789353454.147912   36022 train_oblique_forest.cc:1428] train_oblique_forest wall-time - Loading/Init (pre-train): 0.827105s
I0000 00:00:1789353454.147968   36022 abstract_learner.cc:171] No input feature explicitly specified. Using all the available input features.
I0000 00:00:1789353454.147970   36022 abstract_learner.cc:185] The label "class" was removed from the input feature set.
I0000 00:00:1789353454.147981   36022 random_forest.cc:534] Training random forest on 11000000 example(s) and 28 feature(s).
I0000 00:00:1789353454.147990   36022 gpu.cc:93] Cannot initialize GPU: Not compiled with GPU support
I0000 00:00:1789353454.148556   36022 random_forest.cc:663] num_threads being used: 48
I0000 00:00:1789353522.770281   36187 random_forest.cc:881] Train tree 1/240  [index:34 total:1m8.62s tree:1m8.62s]
I0000 00:00:1789353592.176011   36187 random_forest.cc:881] Train tree 49/240  [index:48 total:2m18.03s tree:1m9.41s]
I0000 00:00:1789353661.983325   36190 random_forest.cc:881] Train tree 97/240  [index:99 total:3m27.83s tree:1m8.99s]
I0000 00:00:1789353732.058171   36151 random_forest.cc:881] Train tree 145/240  [index:167 total:4m37.91s tree:1m6.98s]
I0000 00:00:1789353801.157077   36166 random_forest.cc:881] Train tree 193/240  [index:195 total:5m47.01s tree:1m8.76s]
I0000 00:00:1789353812.423274   36022 random_forest.cc:899] random_forest.cc Training block took: 358.275 s
W0000 00:00:1789353812.423312   36022 random_forest.cc:1216] EXITING EARLY TO SPEED UP EXPERIMENTS!
RESULT dataset=HIGGS_with_header threshold=136000 median=358.275s stddev=N/As n=1
./bazel-bin/examples/train_oblique_forest --input_mode csv --train_csv "benchmarks/data/SUSY_with_header.csv" --label_col "class" --num_trees=240 --dynamic_split_threshold=136000 --feature_split_type Oblique --numerical_split_type "Dynamic Random Histogram" --histogram_num_bins 64
----- Run 1/1 -----
WARNING: All log messages before absl::InitializeLog() is called are written to STDERR
I0000 00:00:1789353818.935060   36291 train_oblique_forest.cc:1101] Loading CSV in a single pass: benchmarks/data/SUSY_with_header.csv
I0000 00:00:1789353819.260971   36291 train_oblique_forest.cc:1108] Single-pass CSV load complete: 5000000 rows, 19 columns.
I0000 00:00:1789353819.261040   36291 train_oblique_forest.cc:1229] -1 (automatic) threads requested. 48 threads set.
I0000 00:00:1789353819.261048   36291 train_oblique_forest.cc:1304] Configuring oblique splits
I0000 00:00:1789353819.261050   36291 train_oblique_forest.cc:1313] dynamic_split_threshold = 136000 (from flag)
I0000 00:00:1789353819.261052   36291 train_oblique_forest.cc:1398] Using Dynamic Random Histogram with 64 samples
I0000 00:00:1789353819.261065   36291 train_oblique_forest.cc:1428] train_oblique_forest wall-time - Loading/Init (pre-train): 0.326035s
I0000 00:00:1789353819.261120   36291 abstract_learner.cc:171] No input feature explicitly specified. Using all the available input features.
I0000 00:00:1789353819.261122   36291 abstract_learner.cc:185] The label "class" was removed from the input feature set.
I0000 00:00:1789353819.261132   36291 random_forest.cc:534] Training random forest on 5000000 example(s) and 18 feature(s).
I0000 00:00:1789353819.261140   36291 gpu.cc:93] Cannot initialize GPU: Not compiled with GPU support
I0000 00:00:1789353819.261688   36291 random_forest.cc:663] num_threads being used: 48
I0000 00:00:1789353843.229363   36442 random_forest.cc:881] Train tree 1/240  [index:9 total:23.97s tree:23.97s]
I0000 00:00:1789353867.037419   36445 random_forest.cc:881] Train tree 49/240  [index:56 total:47.78s tree:23.62s]
I0000 00:00:1789353891.632853   36449 random_forest.cc:881] Train tree 97/240  [index:108 total:1m12.37s tree:23.59s]
I0000 00:00:1789353915.874742   36435 random_forest.cc:881] Train tree 145/240  [index:146 total:1m36.61s tree:23.88s]
I0000 00:00:1789353940.177700   36435 random_forest.cc:881] Train tree 193/240  [index:192 total:2m0.92s tree:24.30s]
I0000 00:00:1789353943.910258   36291 random_forest.cc:899] random_forest.cc Training block took: 124.649 s
W0000 00:00:1789353943.910295   36291 random_forest.cc:1216] EXITING EARLY TO SPEED UP EXPERIMENTS!
RESULT dataset=SUSY_with_header threshold=136000 median=124.649s stddev=N/As n=1
./bazel-bin/examples/train_oblique_forest --input_mode csv --train_csv "benchmarks/data/epsilon_normalized_train.csv" --label_col "label" --num_trees=240 --dynamic_split_threshold=136000 --feature_split_type Oblique --numerical_split_type "Dynamic Random Histogram" --histogram_num_bins 64
----- Run 1/1 -----
WARNING: All log messages before absl::InitializeLog() is called are written to STDERR
I0000 00:00:1789353946.836784   36503 train_oblique_forest.cc:1101] Loading CSV in a single pass: benchmarks/data/epsilon_normalized_train.csv
I0000 00:00:1789353948.528917   36503 train_oblique_forest.cc:1108] Single-pass CSV load complete: 400000 rows, 2001 columns.
I0000 00:00:1789353948.528988   36503 train_oblique_forest.cc:1229] -1 (automatic) threads requested. 48 threads set.
I0000 00:00:1789353948.528998   36503 train_oblique_forest.cc:1304] Configuring oblique splits
I0000 00:00:1789353948.529000   36503 train_oblique_forest.cc:1313] dynamic_split_threshold = 136000 (from flag)
I0000 00:00:1789353948.529002   36503 train_oblique_forest.cc:1398] Using Dynamic Random Histogram with 64 samples
I0000 00:00:1789353948.529011   36503 train_oblique_forest.cc:1428] train_oblique_forest wall-time - Loading/Init (pre-train): 1.69225s
I0000 00:00:1789353948.529157   36503 abstract_learner.cc:171] No input feature explicitly specified. Using all the available input features.
I0000 00:00:1789353948.529163   36503 abstract_learner.cc:185] The label "label" was removed from the input feature set.
I0000 00:00:1789353948.529494   36503 random_forest.cc:534] Training random forest on 400000 example(s) and 2000 feature(s).
I0000 00:00:1789353948.529558   36503 gpu.cc:93] Cannot initialize GPU: Not compiled with GPU support
I0000 00:00:1789353948.530243   36503 random_forest.cc:663] num_threads being used: 48
I0000 00:00:1789353959.613466   36649 random_forest.cc:881] Train tree 1/240  [index:4 total:11.08s tree:11.08s]
I0000 00:00:1789353982.177157   36690 random_forest.cc:881] Train tree 97/240  [index:107 total:33.65s tree:11.13s]
I0000 00:00:1789354004.610258   36677 random_forest.cc:881] Train tree 193/240  [index:192 total:56.08s tree:11.18s]
I0000 00:00:1789354005.822455   36503 random_forest.cc:899] random_forest.cc Training block took: 57.2934 s
W0000 00:00:1789354005.822490   36503 random_forest.cc:1216] EXITING EARLY TO SPEED UP EXPERIMENTS!
RESULT dataset=epsilon_normalized_train threshold=136000 median=57.2934s stddev=N/As n=1
./bazel-bin/examples/train_oblique_forest --input_mode trunk --rows 1500000 --cols 4096 --num_trees=240 --dynamic_split_threshold=136000 --feature_split_type Oblique --numerical_split_type "Dynamic Random Histogram" --histogram_num_bins 64
----- Run 1/1 -----
WARNING: All log messages before absl::InitializeLog() is called are written to STDERR
I0000 00:00:1789354006.115595   36729 train_oblique_forest.cc:1133] Generating trunk synthetic dataset: rows=1500000, cols=4096, layout=column
I0000 00:00:1789354007.451363   36729 train_oblique_forest.cc:1229] -1 (automatic) threads requested. 48 threads set.
I0000 00:00:1789354007.451399   36729 train_oblique_forest.cc:1304] Configuring oblique splits
I0000 00:00:1789354007.451403   36729 train_oblique_forest.cc:1313] dynamic_split_threshold = 136000 (from flag)
I0000 00:00:1789354007.451407   36729 train_oblique_forest.cc:1398] Using Dynamic Random Histogram with 64 samples
I0000 00:00:1789354007.451417   36729 train_oblique_forest.cc:1428] train_oblique_forest wall-time - Loading/Init (pre-train): 1.33584s
I0000 00:00:1789354007.451715   36729 abstract_learner.cc:171] No input feature explicitly specified. Using all the available input features.
I0000 00:00:1789354007.451721   36729 abstract_learner.cc:185] The label "y" was removed from the input feature set.
I0000 00:00:1789354007.452412   36729 random_forest.cc:534] Training random forest on 1500000 example(s) and 4096 feature(s).
I0000 00:00:1789354007.452557   36729 gpu.cc:93] Cannot initialize GPU: Not compiled with GPU support
I0000 00:00:1789354007.453485   36729 random_forest.cc:663] num_threads being used: 48
I0000 00:00:1789354069.650617   36784 random_forest.cc:881] Train tree 1/240  [index:8 total:1m2.20s tree:1m2.19s]
I0000 00:00:1789354132.316939   36781 random_forest.cc:881] Train tree 49/240  [index:70 total:2m4.86s tree:1m0.13s]
I0000 00:00:1789354197.664751   36781 random_forest.cc:881] Train tree 97/240  [index:96 total:3m10.21s tree:1m5.35s]
I0000 00:00:1789354261.876196   36781 random_forest.cc:881] Train tree 145/240  [index:144 total:4m14.42s tree:1m4.21s]
I0000 00:00:1789354327.034359   36807 random_forest.cc:881] Train tree 193/240  [index:196 total:5m19.58s tree:1m3.75s]
I0000 00:00:1789354334.295746   36729 random_forest.cc:899] random_forest.cc Training block took: 326.844 s
W0000 00:00:1789354334.295784   36729 random_forest.cc:1216] EXITING EARLY TO SPEED UP EXPERIMENTS!
RESULT dataset=trunk_1500000_x_4096 threshold=136000 median=326.844s stddev=N/As n=1
./bazel-bin/examples/train_oblique_forest --input_mode trunk --rows 150000 --cols 40000 --num_trees=240 --dynamic_split_threshold=136000 --feature_split_type Oblique --numerical_split_type "Dynamic Random Histogram" --histogram_num_bins 64
----- Run 1/1 -----
WARNING: All log messages before absl::InitializeLog() is called are written to STDERR
I0000 00:00:1789354335.397111   36901 train_oblique_forest.cc:1133] Generating trunk synthetic dataset: rows=150000, cols=40000, layout=column
I0000 00:00:1789354336.684909   36901 train_oblique_forest.cc:1229] -1 (automatic) threads requested. 48 threads set.
I0000 00:00:1789354336.684945   36901 train_oblique_forest.cc:1304] Configuring oblique splits
I0000 00:00:1789354336.684947   36901 train_oblique_forest.cc:1313] dynamic_split_threshold = 136000 (from flag)
I0000 00:00:1789354336.684951   36901 train_oblique_forest.cc:1398] Using Dynamic Random Histogram with 64 samples
I0000 00:00:1789354336.684961   36901 train_oblique_forest.cc:1428] train_oblique_forest wall-time - Loading/Init (pre-train): 1.28787s
I0000 00:00:1789354336.687179   36901 abstract_learner.cc:171] No input feature explicitly specified. Using all the available input features.
I0000 00:00:1789354336.687213   36901 abstract_learner.cc:185] The label "y" was removed from the input feature set.
I0000 00:00:1789354336.693991   36901 random_forest.cc:534] Training random forest on 150000 example(s) and 40000 feature(s).
I0000 00:00:1789354336.695279   36901 gpu.cc:93] Cannot initialize GPU: Not compiled with GPU support
I0000 00:00:1789354336.698519   36901 random_forest.cc:663] num_threads being used: 48
I0000 00:00:1789354353.934337   36971 random_forest.cc:881] Train tree 1/240  [index:21 total:17.24s tree:17.23s]
I0000 00:00:1789354388.720642   36954 random_forest.cc:881] Train tree 97/240  [index:96 total:52.02s tree:17.46s]
I0000 00:00:1789354408.721897   36979 random_forest.cc:881] Train tree 181/240  [index:184 total:1m12.02s tree:18.01s]
I0000 00:00:1789354427.309581   36901 random_forest.cc:899] random_forest.cc Training block took: 90.6246 s
W0000 00:00:1789354427.309616   36901 random_forest.cc:1216] EXITING EARLY TO SPEED UP EXPERIMENTS!
RESULT dataset=trunk_150000_x_40000 threshold=136000 median=90.6246s stddev=N/As n=1
./bazel-bin/examples/train_oblique_forest --input_mode trunk --rows 15000 --cols 400000 --num_trees=240 --dynamic_split_threshold=136000 --feature_split_type Oblique --numerical_split_type "Dynamic Random Histogram" --histogram_num_bins 64
----- Run 1/1 -----
WARNING: All log messages before absl::InitializeLog() is called are written to STDERR
I0000 00:00:1789354427.986859   37031 train_oblique_forest.cc:1133] Generating trunk synthetic dataset: rows=15000, cols=400000, layout=column
I0000 00:00:1789354429.401429   37031 train_oblique_forest.cc:1229] -1 (automatic) threads requested. 48 threads set.
I0000 00:00:1789354429.401462   37031 train_oblique_forest.cc:1304] Configuring oblique splits
I0000 00:00:1789354429.401464   37031 train_oblique_forest.cc:1313] dynamic_split_threshold = 136000 (from flag)
I0000 00:00:1789354429.401468   37031 train_oblique_forest.cc:1398] Using Dynamic Random Histogram with 64 samples
I0000 00:00:1789354429.401479   37031 train_oblique_forest.cc:1428] train_oblique_forest wall-time - Loading/Init (pre-train): 1.41464s
I0000 00:00:1789354429.423396   37031 abstract_learner.cc:171] No input feature explicitly specified. Using all the available input features.
I0000 00:00:1789354429.423704   37031 abstract_learner.cc:185] The label "y" was removed from the input feature set.
I0000 00:00:1789354429.488337   37031 random_forest.cc:534] Training random forest on 15000 example(s) and 400000 feature(s).
I0000 00:00:1789354429.499048   37031 gpu.cc:93] Cannot initialize GPU: Not compiled with GPU support
I0000 00:00:1789354429.522517   37031 random_forest.cc:663] num_threads being used: 48
I0000 00:00:1789354434.135562   37127 random_forest.cc:881] Train tree 1/240  [index:1 total:4.61s tree:4.61s]
I0000 00:00:1789354454.205882   37089 random_forest.cc:881] Train tree 209/240  [index:215 total:24.68s tree:4.84s]
I0000 00:00:1789354455.466343   37031 random_forest.cc:899] random_forest.cc Training block took: 26.0648 s
W0000 00:00:1789354455.466381   37031 random_forest.cc:1216] EXITING EARLY TO SPEED UP EXPERIMENTS!
RESULT dataset=trunk_15000_x_400000 threshold=136000 median=26.0648s stddev=N/As n=1


======== Threshold 137000 ========

./bazel-bin/examples/train_oblique_forest --input_mode csv --train_csv "benchmarks/data/HIGGS_with_header.csv" --label_col "class" --num_trees=240 --dynamic_split_threshold=137000 --feature_split_type Oblique --numerical_split_type "Dynamic Random Histogram" --histogram_num_bins 64
----- Run 1/1 -----
WARNING: All log messages before absl::InitializeLog() is called are written to STDERR
I0000 00:00:1789354456.133783   37164 train_oblique_forest.cc:1101] Loading CSV in a single pass: benchmarks/data/HIGGS_with_header.csv
I0000 00:00:1789354456.965260   37164 train_oblique_forest.cc:1108] Single-pass CSV load complete: 11000000 rows, 29 columns.
I0000 00:00:1789354456.965326   37164 train_oblique_forest.cc:1229] -1 (automatic) threads requested. 48 threads set.
I0000 00:00:1789354456.965336   37164 train_oblique_forest.cc:1304] Configuring oblique splits
I0000 00:00:1789354456.965337   37164 train_oblique_forest.cc:1313] dynamic_split_threshold = 137000 (from flag)
I0000 00:00:1789354456.965339   37164 train_oblique_forest.cc:1398] Using Dynamic Random Histogram with 64 samples
I0000 00:00:1789354456.965349   37164 train_oblique_forest.cc:1428] train_oblique_forest wall-time - Loading/Init (pre-train): 0.831587s
I0000 00:00:1789354456.965406   37164 abstract_learner.cc:171] No input feature explicitly specified. Using all the available input features.
I0000 00:00:1789354456.965408   37164 abstract_learner.cc:185] The label "class" was removed from the input feature set.
I0000 00:00:1789354456.965419   37164 random_forest.cc:534] Training random forest on 11000000 example(s) and 28 feature(s).
I0000 00:00:1789354456.965427   37164 gpu.cc:93] Cannot initialize GPU: Not compiled with GPU support
I0000 00:00:1789354456.965987   37164 random_forest.cc:663] num_threads being used: 48
I0000 00:00:1789354525.255834   37334 random_forest.cc:881] Train tree 1/240  [index:34 total:1m8.29s tree:1m8.28s]
I0000 00:00:1789354594.659288   37334 random_forest.cc:881] Train tree 49/240  [index:48 total:2m17.69s tree:1m9.40s]
I0000 00:00:1789354663.820713   37303 random_forest.cc:881] Train tree 97/240  [index:97 total:3m26.85s tree:1m8.18s]
I0000 00:00:1789354734.308292   37303 random_forest.cc:881] Train tree 145/240  [index:144 total:4m37.34s tree:1m10.49s]
I0000 00:00:1789354804.543283   37333 random_forest.cc:881] Train tree 193/240  [index:202 total:5m47.58s tree:1m8.17s]
I0000 00:00:1789354815.050756   37164 random_forest.cc:899] random_forest.cc Training block took: 358.085 s
W0000 00:00:1789354815.050791   37164 random_forest.cc:1216] EXITING EARLY TO SPEED UP EXPERIMENTS!
RESULT dataset=HIGGS_with_header threshold=137000 median=358.085s stddev=N/As n=1
./bazel-bin/examples/train_oblique_forest --input_mode csv --train_csv "benchmarks/data/SUSY_with_header.csv" --label_col "class" --num_trees=240 --dynamic_split_threshold=137000 --feature_split_type Oblique --numerical_split_type "Dynamic Random Histogram" --histogram_num_bins 64
----- Run 1/1 -----
WARNING: All log messages before absl::InitializeLog() is called are written to STDERR
I0000 00:00:1789354821.550846   37425 train_oblique_forest.cc:1101] Loading CSV in a single pass: benchmarks/data/SUSY_with_header.csv
I0000 00:00:1789354821.877661   37425 train_oblique_forest.cc:1108] Single-pass CSV load complete: 5000000 rows, 19 columns.
I0000 00:00:1789354821.877729   37425 train_oblique_forest.cc:1229] -1 (automatic) threads requested. 48 threads set.
I0000 00:00:1789354821.877738   37425 train_oblique_forest.cc:1304] Configuring oblique splits
I0000 00:00:1789354821.877740   37425 train_oblique_forest.cc:1313] dynamic_split_threshold = 137000 (from flag)
I0000 00:00:1789354821.877742   37425 train_oblique_forest.cc:1398] Using Dynamic Random Histogram with 64 samples
I0000 00:00:1789354821.877751   37425 train_oblique_forest.cc:1428] train_oblique_forest wall-time - Loading/Init (pre-train): 0.32693s
I0000 00:00:1789354821.877805   37425 abstract_learner.cc:171] No input feature explicitly specified. Using all the available input features.
I0000 00:00:1789354821.877807   37425 abstract_learner.cc:185] The label "class" was removed from the input feature set.
I0000 00:00:1789354821.877817   37425 random_forest.cc:534] Training random forest on 5000000 example(s) and 18 feature(s).
I0000 00:00:1789354821.877825   37425 gpu.cc:93] Cannot initialize GPU: Not compiled with GPU support
I0000 00:00:1789354821.878384   37425 random_forest.cc:663] num_threads being used: 48
I0000 00:00:1789354845.258428   37554 random_forest.cc:881] Train tree 1/240  [index:15 total:23.38s tree:23.38s]
I0000 00:00:1789354869.333537   37554 random_forest.cc:881] Train tree 49/240  [index:48 total:47.46s tree:24.08s]
I0000 00:00:1789354894.379580   37554 random_forest.cc:881] Train tree 97/240  [index:96 total:1m12.50s tree:25.05s]
I0000 00:00:1789354918.537781   37549 random_forest.cc:881] Train tree 145/240  [index:146 total:1m36.66s tree:23.82s]
I0000 00:00:1789354942.861227   37549 random_forest.cc:881] Train tree 193/240  [index:192 total:2m0.98s tree:24.32s]
I0000 00:00:1789354946.880226   37425 random_forest.cc:899] random_forest.cc Training block took: 125.002 s
W0000 00:00:1789354946.880261   37425 random_forest.cc:1216] EXITING EARLY TO SPEED UP EXPERIMENTS!
RESULT dataset=SUSY_with_header threshold=137000 median=125.002s stddev=N/As n=1
./bazel-bin/examples/train_oblique_forest --input_mode csv --train_csv "benchmarks/data/epsilon_normalized_train.csv" --label_col "label" --num_trees=240 --dynamic_split_threshold=137000 --feature_split_type Oblique --numerical_split_type "Dynamic Random Histogram" --histogram_num_bins 64
----- Run 1/1 -----
WARNING: All log messages before absl::InitializeLog() is called are written to STDERR
I0000 00:00:1789354949.565515   37636 train_oblique_forest.cc:1101] Loading CSV in a single pass: benchmarks/data/epsilon_normalized_train.csv
I0000 00:00:1789354951.267407   37636 train_oblique_forest.cc:1108] Single-pass CSV load complete: 400000 rows, 2001 columns.
I0000 00:00:1789354951.267473   37636 train_oblique_forest.cc:1229] -1 (automatic) threads requested. 48 threads set.
I0000 00:00:1789354951.267482   37636 train_oblique_forest.cc:1304] Configuring oblique splits
I0000 00:00:1789354951.267485   37636 train_oblique_forest.cc:1313] dynamic_split_threshold = 137000 (from flag)
I0000 00:00:1789354951.267486   37636 train_oblique_forest.cc:1398] Using Dynamic Random Histogram with 64 samples
I0000 00:00:1789354951.267495   37636 train_oblique_forest.cc:1428] train_oblique_forest wall-time - Loading/Init (pre-train): 1.702s
I0000 00:00:1789354951.267640   37636 abstract_learner.cc:171] No input feature explicitly specified. Using all the available input features.
I0000 00:00:1789354951.267646   37636 abstract_learner.cc:185] The label "label" was removed from the input feature set.
I0000 00:00:1789354951.267979   37636 random_forest.cc:534] Training random forest on 400000 example(s) and 2000 feature(s).
I0000 00:00:1789354951.268044   37636 gpu.cc:93] Cannot initialize GPU: Not compiled with GPU support
I0000 00:00:1789354951.268726   37636 random_forest.cc:663] num_threads being used: 48
I0000 00:00:1789354962.331222   37798 random_forest.cc:881] Train tree 1/240  [index:12 total:11.06s tree:11.06s]
I0000 00:00:1789354984.934974   37798 random_forest.cc:881] Train tree 97/240  [index:96 total:33.67s tree:11.28s]
I0000 00:00:1789355007.452609   37800 random_forest.cc:881] Train tree 193/240  [index:192 total:56.18s tree:11.22s]
I0000 00:00:1789355008.585935   37636 random_forest.cc:899] random_forest.cc Training block took: 57.3184 s
W0000 00:00:1789355008.585973   37636 random_forest.cc:1216] EXITING EARLY TO SPEED UP EXPERIMENTS!
RESULT dataset=epsilon_normalized_train threshold=137000 median=57.3184s stddev=N/As n=1
./bazel-bin/examples/train_oblique_forest --input_mode trunk --rows 1500000 --cols 4096 --num_trees=240 --dynamic_split_threshold=137000 --feature_split_type Oblique --numerical_split_type "Dynamic Random Histogram" --histogram_num_bins 64
----- Run 1/1 -----
WARNING: All log messages before absl::InitializeLog() is called are written to STDERR
I0000 00:00:1789355008.880073   37863 train_oblique_forest.cc:1133] Generating trunk synthetic dataset: rows=1500000, cols=4096, layout=column
I0000 00:00:1789355010.225145   37863 train_oblique_forest.cc:1229] -1 (automatic) threads requested. 48 threads set.
I0000 00:00:1789355010.225181   37863 train_oblique_forest.cc:1304] Configuring oblique splits
I0000 00:00:1789355010.225186   37863 train_oblique_forest.cc:1313] dynamic_split_threshold = 137000 (from flag)
I0000 00:00:1789355010.225190   37863 train_oblique_forest.cc:1398] Using Dynamic Random Histogram with 64 samples
I0000 00:00:1789355010.225200   37863 train_oblique_forest.cc:1428] train_oblique_forest wall-time - Loading/Init (pre-train): 1.34515s
I0000 00:00:1789355010.225498   37863 abstract_learner.cc:171] No input feature explicitly specified. Using all the available input features.
I0000 00:00:1789355010.225505   37863 abstract_learner.cc:185] The label "y" was removed from the input feature set.
I0000 00:00:1789355010.226191   37863 random_forest.cc:534] Training random forest on 1500000 example(s) and 4096 feature(s).
I0000 00:00:1789355010.226330   37863 gpu.cc:93] Cannot initialize GPU: Not compiled with GPU support
I0000 00:00:1789355010.227266   37863 random_forest.cc:663] num_threads being used: 48
I0000 00:00:1789355072.527611   37915 random_forest.cc:881] Train tree 1/240  [index:3 total:1m2.30s tree:1m2.30s]
I0000 00:00:1789355135.544180   37935 random_forest.cc:881] Train tree 49/240  [index:70 total:2m5.32s tree:1m0.71s]
I0000 00:00:1789355201.097469   37935 random_forest.cc:881] Train tree 97/240  [index:96 total:3m10.87s tree:1m5.55s]
I0000 00:00:1789355265.791600   37935 random_forest.cc:881] Train tree 145/240  [index:144 total:4m15.56s tree:1m4.69s]
I0000 00:00:1789355330.243792   37915 random_forest.cc:881] Train tree 193/240  [index:196 total:5m20.02s tree:1m3.80s]
I0000 00:00:1789355337.419797   37863 random_forest.cc:899] random_forest.cc Training block took: 327.195 s
W0000 00:00:1789355337.419837   37863 random_forest.cc:1216] EXITING EARLY TO SPEED UP EXPERIMENTS!
RESULT dataset=trunk_1500000_x_4096 threshold=137000 median=327.195s stddev=N/As n=1
./bazel-bin/examples/train_oblique_forest --input_mode trunk --rows 150000 --cols 40000 --num_trees=240 --dynamic_split_threshold=137000 --feature_split_type Oblique --numerical_split_type "Dynamic Random Histogram" --histogram_num_bins 64
----- Run 1/1 -----
WARNING: All log messages before absl::InitializeLog() is called are written to STDERR
I0000 00:00:1789355338.549215   38030 train_oblique_forest.cc:1133] Generating trunk synthetic dataset: rows=150000, cols=40000, layout=column
I0000 00:00:1789355339.838145   38030 train_oblique_forest.cc:1229] -1 (automatic) threads requested. 48 threads set.
I0000 00:00:1789355339.838180   38030 train_oblique_forest.cc:1304] Configuring oblique splits
I0000 00:00:1789355339.838183   38030 train_oblique_forest.cc:1313] dynamic_split_threshold = 137000 (from flag)
I0000 00:00:1789355339.838187   38030 train_oblique_forest.cc:1398] Using Dynamic Random Histogram with 64 samples
I0000 00:00:1789355339.838198   38030 train_oblique_forest.cc:1428] train_oblique_forest wall-time - Loading/Init (pre-train): 1.28901s
I0000 00:00:1789355339.840505   38030 abstract_learner.cc:171] No input feature explicitly specified. Using all the available input features.
I0000 00:00:1789355339.840542   38030 abstract_learner.cc:185] The label "y" was removed from the input feature set.
I0000 00:00:1789355339.847455   38030 random_forest.cc:534] Training random forest on 150000 example(s) and 40000 feature(s).
I0000 00:00:1789355339.848773   38030 gpu.cc:93] Cannot initialize GPU: Not compiled with GPU support
I0000 00:00:1789355339.852138   38030 random_forest.cc:663] num_threads being used: 48
I0000 00:00:1789355357.068646   38084 random_forest.cc:881] Train tree 1/240  [index:6 total:17.22s tree:17.21s]
I0000 00:00:1789355392.021237   38099 random_forest.cc:881] Train tree 97/240  [index:96 total:52.17s tree:17.53s]
I0000 00:00:1789355412.029346   38122 random_forest.cc:881] Train tree 185/240  [index:184 total:1m12.18s tree:18.12s]
I0000 00:00:1789355430.930027   38030 random_forest.cc:899] random_forest.cc Training block took: 91.0918 s
W0000 00:00:1789355430.930076   38030 random_forest.cc:1216] EXITING EARLY TO SPEED UP EXPERIMENTS!
RESULT dataset=trunk_150000_x_40000 threshold=137000 median=91.0918s stddev=N/As n=1
./bazel-bin/examples/train_oblique_forest --input_mode trunk --rows 15000 --cols 400000 --num_trees=240 --dynamic_split_threshold=137000 --feature_split_type Oblique --numerical_split_type "Dynamic Random Histogram" --histogram_num_bins 64
----- Run 1/1 -----
WARNING: All log messages before absl::InitializeLog() is called are written to STDERR
I0000 00:00:1789355431.608313   38168 train_oblique_forest.cc:1133] Generating trunk synthetic dataset: rows=15000, cols=400000, layout=column
I0000 00:00:1789355433.069542   38168 train_oblique_forest.cc:1229] -1 (automatic) threads requested. 48 threads set.
I0000 00:00:1789355433.069578   38168 train_oblique_forest.cc:1304] Configuring oblique splits
I0000 00:00:1789355433.069580   38168 train_oblique_forest.cc:1313] dynamic_split_threshold = 137000 (from flag)
I0000 00:00:1789355433.069583   38168 train_oblique_forest.cc:1398] Using Dynamic Random Histogram with 64 samples
I0000 00:00:1789355433.069591   38168 train_oblique_forest.cc:1428] train_oblique_forest wall-time - Loading/Init (pre-train): 1.4613s
I0000 00:00:1789355433.088041   38168 abstract_learner.cc:171] No input feature explicitly specified. Using all the available input features.
I0000 00:00:1789355433.088322   38168 abstract_learner.cc:185] The label "y" was removed from the input feature set.
I0000 00:00:1789355433.152306   38168 random_forest.cc:534] Training random forest on 15000 example(s) and 400000 feature(s).
I0000 00:00:1789355433.163084   38168 gpu.cc:93] Cannot initialize GPU: Not compiled with GPU support
I0000 00:00:1789355433.185701   38168 random_forest.cc:663] num_threads being used: 48
I0000 00:00:1789355437.797985   38264 random_forest.cc:881] Train tree 1/240  [index:1 total:4.61s tree:4.61s]
I0000 00:00:1789355457.800730   38251 random_forest.cc:881] Train tree 207/240  [index:202 total:24.62s tree:5.04s]
I0000 00:00:1789355459.068565   38168 random_forest.cc:899] random_forest.cc Training block took: 25.999 s
W0000 00:00:1789355459.068607   38168 random_forest.cc:1216] EXITING EARLY TO SPEED UP EXPERIMENTS!
RESULT dataset=trunk_15000_x_400000 threshold=137000 median=25.999s stddev=N/As n=1


======== Threshold 138000 ========

./bazel-bin/examples/train_oblique_forest --input_mode csv --train_csv "benchmarks/data/HIGGS_with_header.csv" --label_col "class" --num_trees=240 --dynamic_split_threshold=138000 --feature_split_type Oblique --numerical_split_type "Dynamic Random Histogram" --histogram_num_bins 64
----- Run 1/1 -----
WARNING: All log messages before absl::InitializeLog() is called are written to STDERR
I0000 00:00:1789355459.735439   38301 train_oblique_forest.cc:1101] Loading CSV in a single pass: benchmarks/data/HIGGS_with_header.csv
I0000 00:00:1789355460.563202   38301 train_oblique_forest.cc:1108] Single-pass CSV load complete: 11000000 rows, 29 columns.
I0000 00:00:1789355460.563276   38301 train_oblique_forest.cc:1229] -1 (automatic) threads requested. 48 threads set.
I0000 00:00:1789355460.563286   38301 train_oblique_forest.cc:1304] Configuring oblique splits
I0000 00:00:1789355460.563288   38301 train_oblique_forest.cc:1313] dynamic_split_threshold = 138000 (from flag)
I0000 00:00:1789355460.563290   38301 train_oblique_forest.cc:1398] Using Dynamic Random Histogram with 64 samples
I0000 00:00:1789355460.563299   38301 train_oblique_forest.cc:1428] train_oblique_forest wall-time - Loading/Init (pre-train): 0.827883s
I0000 00:00:1789355460.563355   38301 abstract_learner.cc:171] No input feature explicitly specified. Using all the available input features.
I0000 00:00:1789355460.563357   38301 abstract_learner.cc:185] The label "class" was removed from the input feature set.
I0000 00:00:1789355460.563368   38301 random_forest.cc:534] Training random forest on 11000000 example(s) and 28 feature(s).
I0000 00:00:1789355460.563376   38301 gpu.cc:93] Cannot initialize GPU: Not compiled with GPU support
I0000 00:00:1789355460.563937   38301 random_forest.cc:663] num_threads being used: 48
I0000 00:00:1789355529.367017   38474 random_forest.cc:881] Train tree 1/240  [index:47 total:1m8.80s tree:1m8.80s]
I0000 00:00:1789355599.097144   38470 random_forest.cc:881] Train tree 49/240  [index:58 total:2m18.53s tree:1m8.57s]
I0000 00:00:1789355667.864971   38447 random_forest.cc:881] Train tree 97/240  [index:97 total:3m27.30s tree:1m8.59s]
I0000 00:00:1789355738.074834   38432 random_forest.cc:881] Train tree 145/240  [index:148 total:4m37.51s tree:1m8.62s]
I0000 00:00:1789355808.934855   38430 random_forest.cc:881] Train tree 193/240  [index:194 total:5m48.37s tree:1m9.87s]
I0000 00:00:1789355819.436813   38301 random_forest.cc:899] random_forest.cc Training block took: 358.873 s
W0000 00:00:1789355819.436851   38301 random_forest.cc:1216] EXITING EARLY TO SPEED UP EXPERIMENTS!
RESULT dataset=HIGGS_with_header threshold=138000 median=358.873s stddev=N/As n=1
./bazel-bin/examples/train_oblique_forest --input_mode csv --train_csv "benchmarks/data/SUSY_with_header.csv" --label_col "class" --num_trees=240 --dynamic_split_threshold=138000 --feature_split_type Oblique --numerical_split_type "Dynamic Random Histogram" --histogram_num_bins 64
----- Run 1/1 -----
WARNING: All log messages before absl::InitializeLog() is called are written to STDERR
I0000 00:00:1789355825.916985   38560 train_oblique_forest.cc:1101] Loading CSV in a single pass: benchmarks/data/SUSY_with_header.csv
I0000 00:00:1789355826.245611   38560 train_oblique_forest.cc:1108] Single-pass CSV load complete: 5000000 rows, 19 columns.
I0000 00:00:1789355826.245680   38560 train_oblique_forest.cc:1229] -1 (automatic) threads requested. 48 threads set.
I0000 00:00:1789355826.245689   38560 train_oblique_forest.cc:1304] Configuring oblique splits
I0000 00:00:1789355826.245691   38560 train_oblique_forest.cc:1313] dynamic_split_threshold = 138000 (from flag)
I0000 00:00:1789355826.245693   38560 train_oblique_forest.cc:1398] Using Dynamic Random Histogram with 64 samples
I0000 00:00:1789355826.245701   38560 train_oblique_forest.cc:1428] train_oblique_forest wall-time - Loading/Init (pre-train): 0.328742s
I0000 00:00:1789355826.245756   38560 abstract_learner.cc:171] No input feature explicitly specified. Using all the available input features.
I0000 00:00:1789355826.245758   38560 abstract_learner.cc:185] The label "class" was removed from the input feature set.
I0000 00:00:1789355826.245768   38560 random_forest.cc:534] Training random forest on 5000000 example(s) and 18 feature(s).
I0000 00:00:1789355826.245775   38560 gpu.cc:93] Cannot initialize GPU: Not compiled with GPU support
I0000 00:00:1789355826.246336   38560 random_forest.cc:663] num_threads being used: 48
I0000 00:00:1789355849.652890   38722 random_forest.cc:881] Train tree 1/240  [index:15 total:23.41s tree:23.41s]
I0000 00:00:1789355874.040650   38722 random_forest.cc:881] Train tree 49/240  [index:48 total:47.79s tree:24.39s]
I0000 00:00:1789355899.033046   38722 random_forest.cc:881] Train tree 97/240  [index:96 total:1m12.79s tree:24.99s]
I0000 00:00:1789355923.080739   38706 random_forest.cc:881] Train tree 145/240  [index:146 total:1m36.83s tree:23.78s]
I0000 00:00:1789355947.412836   38706 random_forest.cc:881] Train tree 193/240  [index:192 total:2m1.17s tree:24.33s]
I0000 00:00:1789355951.441950   38560 random_forest.cc:899] random_forest.cc Training block took: 125.196 s
W0000 00:00:1789355951.441987   38560 random_forest.cc:1216] EXITING EARLY TO SPEED UP EXPERIMENTS!
RESULT dataset=SUSY_with_header threshold=138000 median=125.196s stddev=N/As n=1
./bazel-bin/examples/train_oblique_forest --input_mode csv --train_csv "benchmarks/data/epsilon_normalized_train.csv" --label_col "label" --num_trees=240 --dynamic_split_threshold=138000 --feature_split_type Oblique --numerical_split_type "Dynamic Random Histogram" --histogram_num_bins 64
----- Run 1/1 -----
WARNING: All log messages before absl::InitializeLog() is called are written to STDERR
I0000 00:00:1789355954.142902   38768 train_oblique_forest.cc:1101] Loading CSV in a single pass: benchmarks/data/epsilon_normalized_train.csv
I0000 00:00:1789355955.832607   38768 train_oblique_forest.cc:1108] Single-pass CSV load complete: 400000 rows, 2001 columns.
I0000 00:00:1789355955.832674   38768 train_oblique_forest.cc:1229] -1 (automatic) threads requested. 48 threads set.
I0000 00:00:1789355955.832684   38768 train_oblique_forest.cc:1304] Configuring oblique splits
I0000 00:00:1789355955.832686   38768 train_oblique_forest.cc:1313] dynamic_split_threshold = 138000 (from flag)
I0000 00:00:1789355955.832688   38768 train_oblique_forest.cc:1398] Using Dynamic Random Histogram with 64 samples
I0000 00:00:1789355955.832697   38768 train_oblique_forest.cc:1428] train_oblique_forest wall-time - Loading/Init (pre-train): 1.68982s
I0000 00:00:1789355955.832842   38768 abstract_learner.cc:171] No input feature explicitly specified. Using all the available input features.
I0000 00:00:1789355955.832848   38768 abstract_learner.cc:185] The label "label" was removed from the input feature set.
I0000 00:00:1789355955.833186   38768 random_forest.cc:534] Training random forest on 400000 example(s) and 2000 feature(s).
I0000 00:00:1789355955.833248   38768 gpu.cc:93] Cannot initialize GPU: Not compiled with GPU support
I0000 00:00:1789355955.833927   38768 random_forest.cc:663] num_threads being used: 48
I0000 00:00:1789355967.033121   38952 random_forest.cc:881] Train tree 1/240  [index:12 total:11.20s tree:11.20s]
I0000 00:00:1789355989.586189   38930 random_forest.cc:881] Train tree 97/240  [index:107 total:33.75s tree:11.16s]
I0000 00:00:1789356012.079314   38916 random_forest.cc:881] Train tree 193/240  [index:194 total:56.25s tree:11.16s]
I0000 00:00:1789356013.110687   38768 random_forest.cc:899] random_forest.cc Training block took: 57.278 s
W0000 00:00:1789356013.110725   38768 random_forest.cc:1216] EXITING EARLY TO SPEED UP EXPERIMENTS!
RESULT dataset=epsilon_normalized_train threshold=138000 median=57.278s stddev=N/As n=1
./bazel-bin/examples/train_oblique_forest --input_mode trunk --rows 1500000 --cols 4096 --num_trees=240 --dynamic_split_threshold=138000 --feature_split_type Oblique --numerical_split_type "Dynamic Random Histogram" --histogram_num_bins 64
----- Run 1/1 -----
WARNING: All log messages before absl::InitializeLog() is called are written to STDERR
I0000 00:00:1789356013.405296   38997 train_oblique_forest.cc:1133] Generating trunk synthetic dataset: rows=1500000, cols=4096, layout=column
I0000 00:00:1789356014.742248   38997 train_oblique_forest.cc:1229] -1 (automatic) threads requested. 48 threads set.
I0000 00:00:1789356014.742286   38997 train_oblique_forest.cc:1304] Configuring oblique splits
I0000 00:00:1789356014.742290   38997 train_oblique_forest.cc:1313] dynamic_split_threshold = 138000 (from flag)
I0000 00:00:1789356014.742294   38997 train_oblique_forest.cc:1398] Using Dynamic Random Histogram with 64 samples
I0000 00:00:1789356014.742305   38997 train_oblique_forest.cc:1428] train_oblique_forest wall-time - Loading/Init (pre-train): 1.33703s
I0000 00:00:1789356014.742607   38997 abstract_learner.cc:171] No input feature explicitly specified. Using all the available input features.
I0000 00:00:1789356014.742613   38997 abstract_learner.cc:185] The label "y" was removed from the input feature set.
I0000 00:00:1789356014.743290   38997 random_forest.cc:534] Training random forest on 1500000 example(s) and 4096 feature(s).
I0000 00:00:1789356014.743438   38997 gpu.cc:93] Cannot initialize GPU: Not compiled with GPU support
I0000 00:00:1789356014.744388   38997 random_forest.cc:663] num_threads being used: 48
I0000 00:00:1789356077.129489   39053 random_forest.cc:881] Train tree 1/240  [index:8 total:1m2.39s tree:1m2.38s]
I0000 00:00:1789356139.710034   39085 random_forest.cc:881] Train tree 49/240  [index:70 total:2m4.97s tree:1m0.24s]
I0000 00:00:1789356204.926013   39085 random_forest.cc:881] Train tree 97/240  [index:96 total:3m10.18s tree:1m5.22s]
I0000 00:00:1789356269.229400   39085 random_forest.cc:881] Train tree 145/240  [index:144 total:4m14.49s tree:1m4.30s]
I0000 00:00:1789356334.214966   39085 random_forest.cc:881] Train tree 193/240  [index:192 total:5m19.47s tree:1m4.99s]
I0000 00:00:1789356342.229745   38997 random_forest.cc:899] random_forest.cc Training block took: 327.487 s
W0000 00:00:1789356342.229784   38997 random_forest.cc:1216] EXITING EARLY TO SPEED UP EXPERIMENTS!
RESULT dataset=trunk_1500000_x_4096 threshold=138000 median=327.487s stddev=N/As n=1
./bazel-bin/examples/train_oblique_forest --input_mode trunk --rows 150000 --cols 40000 --num_trees=240 --dynamic_split_threshold=138000 --feature_split_type Oblique --numerical_split_type "Dynamic Random Histogram" --histogram_num_bins 64
----- Run 1/1 -----
WARNING: All log messages before absl::InitializeLog() is called are written to STDERR
I0000 00:00:1789356343.330495   39159 train_oblique_forest.cc:1133] Generating trunk synthetic dataset: rows=150000, cols=40000, layout=column
I0000 00:00:1789356344.615371   39159 train_oblique_forest.cc:1229] -1 (automatic) threads requested. 48 threads set.
I0000 00:00:1789356344.615405   39159 train_oblique_forest.cc:1304] Configuring oblique splits
I0000 00:00:1789356344.615408   39159 train_oblique_forest.cc:1313] dynamic_split_threshold = 138000 (from flag)
I0000 00:00:1789356344.615412   39159 train_oblique_forest.cc:1398] Using Dynamic Random Histogram with 64 samples
I0000 00:00:1789356344.615423   39159 train_oblique_forest.cc:1428] train_oblique_forest wall-time - Loading/Init (pre-train): 1.28495s
I0000 00:00:1789356344.617680   39159 abstract_learner.cc:171] No input feature explicitly specified. Using all the available input features.
I0000 00:00:1789356344.617716   39159 abstract_learner.cc:185] The label "y" was removed from the input feature set.
I0000 00:00:1789356344.624665   39159 random_forest.cc:534] Training random forest on 150000 example(s) and 40000 feature(s).
I0000 00:00:1789356344.625961   39159 gpu.cc:93] Cannot initialize GPU: Not compiled with GPU support
I0000 00:00:1789356344.629280   39159 random_forest.cc:663] num_threads being used: 48
I0000 00:00:1789356361.878437   39228 random_forest.cc:881] Train tree 1/240  [index:21 total:17.25s tree:17.24s]
I0000 00:00:1789356396.891098   39213 random_forest.cc:881] Train tree 97/240  [index:96 total:52.26s tree:17.54s]
I0000 00:00:1789356416.931092   39238 random_forest.cc:881] Train tree 186/240  [index:171 total:1m12.30s tree:18.82s]
I0000 00:00:1789356435.588182   39159 random_forest.cc:899] random_forest.cc Training block took: 90.9727 s
W0000 00:00:1789356435.588217   39159 random_forest.cc:1216] EXITING EARLY TO SPEED UP EXPERIMENTS!
RESULT dataset=trunk_150000_x_40000 threshold=138000 median=90.9727s stddev=N/As n=1
./bazel-bin/examples/train_oblique_forest --input_mode trunk --rows 15000 --cols 400000 --num_trees=240 --dynamic_split_threshold=138000 --feature_split_type Oblique --numerical_split_type "Dynamic Random Histogram" --histogram_num_bins 64
----- Run 1/1 -----
WARNING: All log messages before absl::InitializeLog() is called are written to STDERR
I0000 00:00:1789356436.266540   39295 train_oblique_forest.cc:1133] Generating trunk synthetic dataset: rows=15000, cols=400000, layout=column
I0000 00:00:1789356437.688671   39295 train_oblique_forest.cc:1229] -1 (automatic) threads requested. 48 threads set.
I0000 00:00:1789356437.688706   39295 train_oblique_forest.cc:1304] Configuring oblique splits
I0000 00:00:1789356437.688708   39295 train_oblique_forest.cc:1313] dynamic_split_threshold = 138000 (from flag)
I0000 00:00:1789356437.688712   39295 train_oblique_forest.cc:1398] Using Dynamic Random Histogram with 64 samples
I0000 00:00:1789356437.688722   39295 train_oblique_forest.cc:1428] train_oblique_forest wall-time - Loading/Init (pre-train): 1.42221s
I0000 00:00:1789356437.710528   39295 abstract_learner.cc:171] No input feature explicitly specified. Using all the available input features.
I0000 00:00:1789356437.710820   39295 abstract_learner.cc:185] The label "y" was removed from the input feature set.
I0000 00:00:1789356437.774938   39295 random_forest.cc:534] Training random forest on 15000 example(s) and 400000 feature(s).
I0000 00:00:1789356437.785663   39295 gpu.cc:93] Cannot initialize GPU: Not compiled with GPU support
I0000 00:00:1789356437.808804   39295 random_forest.cc:663] num_threads being used: 48
I0000 00:00:1789356442.436207   39391 random_forest.cc:881] Train tree 1/240  [index:1 total:4.63s tree:4.63s]
I0000 00:00:1789356462.497518   39347 random_forest.cc:881] Train tree 209/240  [index:210 total:24.69s tree:4.96s]
I0000 00:00:1789356463.763272   39295 random_forest.cc:899] random_forest.cc Training block took: 26.0745 s
W0000 00:00:1789356463.763313   39295 random_forest.cc:1216] EXITING EARLY TO SPEED UP EXPERIMENTS!
RESULT dataset=trunk_15000_x_400000 threshold=138000 median=26.0745s stddev=N/As n=1


======== Threshold 139000 ========

./bazel-bin/examples/train_oblique_forest --input_mode csv --train_csv "benchmarks/data/HIGGS_with_header.csv" --label_col "class" --num_trees=240 --dynamic_split_threshold=139000 --feature_split_type Oblique --numerical_split_type "Dynamic Random Histogram" --histogram_num_bins 64
----- Run 1/1 -----
WARNING: All log messages before absl::InitializeLog() is called are written to STDERR
I0000 00:00:1789356464.429867   39417 train_oblique_forest.cc:1101] Loading CSV in a single pass: benchmarks/data/HIGGS_with_header.csv
I0000 00:00:1789356465.260807   39417 train_oblique_forest.cc:1108] Single-pass CSV load complete: 11000000 rows, 29 columns.
I0000 00:00:1789356465.260878   39417 train_oblique_forest.cc:1229] -1 (automatic) threads requested. 48 threads set.
I0000 00:00:1789356465.260887   39417 train_oblique_forest.cc:1304] Configuring oblique splits
I0000 00:00:1789356465.260889   39417 train_oblique_forest.cc:1313] dynamic_split_threshold = 139000 (from flag)
I0000 00:00:1789356465.260891   39417 train_oblique_forest.cc:1398] Using Dynamic Random Histogram with 64 samples
I0000 00:00:1789356465.260900   39417 train_oblique_forest.cc:1428] train_oblique_forest wall-time - Loading/Init (pre-train): 0.831056s
I0000 00:00:1789356465.260956   39417 abstract_learner.cc:171] No input feature explicitly specified. Using all the available input features.
I0000 00:00:1789356465.260958   39417 abstract_learner.cc:185] The label "class" was removed from the input feature set.
I0000 00:00:1789356465.260970   39417 random_forest.cc:534] Training random forest on 11000000 example(s) and 28 feature(s).
I0000 00:00:1789356465.260979   39417 gpu.cc:93] Cannot initialize GPU: Not compiled with GPU support
I0000 00:00:1789356465.261545   39417 random_forest.cc:663] num_threads being used: 48
I0000 00:00:1789356533.484091   39579 random_forest.cc:881] Train tree 1/240  [index:34 total:1m8.22s tree:1m8.22s]
I0000 00:00:1789356603.742433   39568 random_forest.cc:881] Train tree 49/240  [index:50 total:2m18.48s tree:1m9.36s]
I0000 00:00:1789356672.851169   39568 random_forest.cc:881] Train tree 97/240  [index:96 total:3m27.59s tree:1m9.11s]
I0000 00:00:1789356742.408988   39553 random_forest.cc:881] Train tree 145/240  [index:148 total:4m37.15s tree:1m8.52s]
I0000 00:00:1789356814.184089   39553 random_forest.cc:881] Train tree 193/240  [index:192 total:5m48.92s tree:1m11.77s]
I0000 00:00:1789356823.750556   39417 random_forest.cc:899] random_forest.cc Training block took: 358.49 s
W0000 00:00:1789356823.750592   39417 random_forest.cc:1216] EXITING EARLY TO SPEED UP EXPERIMENTS!
RESULT dataset=HIGGS_with_header threshold=139000 median=358.49s stddev=N/As n=1
./bazel-bin/examples/train_oblique_forest --input_mode csv --train_csv "benchmarks/data/SUSY_with_header.csv" --label_col "class" --num_trees=240 --dynamic_split_threshold=139000 --feature_split_type Oblique --numerical_split_type "Dynamic Random Histogram" --histogram_num_bins 64
----- Run 1/1 -----
WARNING: All log messages before absl::InitializeLog() is called are written to STDERR
I0000 00:00:1789356830.245231   39679 train_oblique_forest.cc:1101] Loading CSV in a single pass: benchmarks/data/SUSY_with_header.csv
I0000 00:00:1789356830.569861   39679 train_oblique_forest.cc:1108] Single-pass CSV load complete: 5000000 rows, 19 columns.
I0000 00:00:1789356830.569930   39679 train_oblique_forest.cc:1229] -1 (automatic) threads requested. 48 threads set.
I0000 00:00:1789356830.569939   39679 train_oblique_forest.cc:1304] Configuring oblique splits
I0000 00:00:1789356830.569941   39679 train_oblique_forest.cc:1313] dynamic_split_threshold = 139000 (from flag)
I0000 00:00:1789356830.569943   39679 train_oblique_forest.cc:1398] Using Dynamic Random Histogram with 64 samples
I0000 00:00:1789356830.569952   39679 train_oblique_forest.cc:1428] train_oblique_forest wall-time - Loading/Init (pre-train): 0.324743s
I0000 00:00:1789356830.570007   39679 abstract_learner.cc:171] No input feature explicitly specified. Using all the available input features.
I0000 00:00:1789356830.570009   39679 abstract_learner.cc:185] The label "class" was removed from the input feature set.
I0000 00:00:1789356830.570019   39679 random_forest.cc:534] Training random forest on 5000000 example(s) and 18 feature(s).
I0000 00:00:1789356830.570027   39679 gpu.cc:93] Cannot initialize GPU: Not compiled with GPU support
I0000 00:00:1789356830.570592   39679 random_forest.cc:663] num_threads being used: 48
I0000 00:00:1789356853.936483   39799 random_forest.cc:881] Train tree 1/240  [index:15 total:23.37s tree:23.36s]
I0000 00:00:1789356877.975041   39799 random_forest.cc:881] Train tree 49/240  [index:48 total:47.40s tree:24.04s]
I0000 00:00:1789356902.956226   39799 random_forest.cc:881] Train tree 97/240  [index:96 total:1m12.39s tree:24.98s]
I0000 00:00:1789356927.456574   39827 random_forest.cc:881] Train tree 145/240  [index:146 total:1m36.89s tree:23.95s]
I0000 00:00:1789356951.788118   39827 random_forest.cc:881] Train tree 193/240  [index:192 total:2m1.22s tree:24.33s]
I0000 00:00:1789356955.836038   39679 random_forest.cc:899] random_forest.cc Training block took: 125.266 s
W0000 00:00:1789356955.836100   39679 random_forest.cc:1216] EXITING EARLY TO SPEED UP EXPERIMENTS!
RESULT dataset=SUSY_with_header threshold=139000 median=125.266s stddev=N/As n=1
./bazel-bin/examples/train_oblique_forest --input_mode csv --train_csv "benchmarks/data/epsilon_normalized_train.csv" --label_col "label" --num_trees=240 --dynamic_split_threshold=139000 --feature_split_type Oblique --numerical_split_type "Dynamic Random Histogram" --histogram_num_bins 64
----- Run 1/1 -----
WARNING: All log messages before absl::InitializeLog() is called are written to STDERR
I0000 00:00:1789356958.644538   39891 train_oblique_forest.cc:1101] Loading CSV in a single pass: benchmarks/data/epsilon_normalized_train.csv
I0000 00:00:1789356960.336602   39891 train_oblique_forest.cc:1108] Single-pass CSV load complete: 400000 rows, 2001 columns.
I0000 00:00:1789356960.336668   39891 train_oblique_forest.cc:1229] -1 (automatic) threads requested. 48 threads set.
I0000 00:00:1789356960.336678   39891 train_oblique_forest.cc:1304] Configuring oblique splits
I0000 00:00:1789356960.336681   39891 train_oblique_forest.cc:1313] dynamic_split_threshold = 139000 (from flag)
I0000 00:00:1789356960.336683   39891 train_oblique_forest.cc:1398] Using Dynamic Random Histogram with 64 samples
I0000 00:00:1789356960.336691   39891 train_oblique_forest.cc:1428] train_oblique_forest wall-time - Loading/Init (pre-train): 1.69218s
I0000 00:00:1789356960.336835   39891 abstract_learner.cc:171] No input feature explicitly specified. Using all the available input features.
I0000 00:00:1789356960.336842   39891 abstract_learner.cc:185] The label "label" was removed from the input feature set.
I0000 00:00:1789356960.337176   39891 random_forest.cc:534] Training random forest on 400000 example(s) and 2000 feature(s).
I0000 00:00:1789356960.337242   39891 gpu.cc:93] Cannot initialize GPU: Not compiled with GPU support
I0000 00:00:1789356960.337923   39891 random_forest.cc:663] num_threads being used: 48
I0000 00:00:1789356971.413253   40090 random_forest.cc:881] Train tree 1/240  [index:12 total:11.08s tree:11.07s]
I0000 00:00:1789356993.940205   40053 random_forest.cc:881] Train tree 97/240  [index:107 total:33.60s tree:11.10s]
I0000 00:00:1789357016.415044   40050 random_forest.cc:881] Train tree 193/240  [index:194 total:56.08s tree:11.13s]
I0000 00:00:1789357017.524484   39891 random_forest.cc:899] random_forest.cc Training block took: 57.1878 s
W0000 00:00:1789357017.524521   39891 random_forest.cc:1216] EXITING EARLY TO SPEED UP EXPERIMENTS!
RESULT dataset=epsilon_normalized_train threshold=139000 median=57.1878s stddev=N/As n=1
./bazel-bin/examples/train_oblique_forest --input_mode trunk --rows 1500000 --cols 4096 --num_trees=240 --dynamic_split_threshold=139000 --feature_split_type Oblique --numerical_split_type "Dynamic Random Histogram" --histogram_num_bins 64
----- Run 1/1 -----
WARNING: All log messages before absl::InitializeLog() is called are written to STDERR
I0000 00:00:1789357017.819549   40118 train_oblique_forest.cc:1133] Generating trunk synthetic dataset: rows=1500000, cols=4096, layout=column
I0000 00:00:1789357019.170023   40118 train_oblique_forest.cc:1229] -1 (automatic) threads requested. 48 threads set.
I0000 00:00:1789357019.170066   40118 train_oblique_forest.cc:1304] Configuring oblique splits
I0000 00:00:1789357019.170070   40118 train_oblique_forest.cc:1313] dynamic_split_threshold = 139000 (from flag)
I0000 00:00:1789357019.170074   40118 train_oblique_forest.cc:1398] Using Dynamic Random Histogram with 64 samples
I0000 00:00:1789357019.170084   40118 train_oblique_forest.cc:1428] train_oblique_forest wall-time - Loading/Init (pre-train): 1.35056s
I0000 00:00:1789357019.170379   40118 abstract_learner.cc:171] No input feature explicitly specified. Using all the available input features.
I0000 00:00:1789357019.170385   40118 abstract_learner.cc:185] The label "y" was removed from the input feature set.
I0000 00:00:1789357019.171059   40118 random_forest.cc:534] Training random forest on 1500000 example(s) and 4096 feature(s).
I0000 00:00:1789357019.171207   40118 gpu.cc:93] Cannot initialize GPU: Not compiled with GPU support
I0000 00:00:1789357019.172141   40118 random_forest.cc:663] num_threads being used: 48
I0000 00:00:1789357081.558700   40181 random_forest.cc:881] Train tree 1/240  [index:3 total:1m2.39s tree:1m2.38s]
I0000 00:00:1789357144.037021   40225 random_forest.cc:881] Train tree 49/240  [index:70 total:2m4.86s tree:1m0.34s]
I0000 00:00:1789357209.340641   40225 random_forest.cc:881] Train tree 97/240  [index:96 total:3m10.17s tree:1m5.30s]
I0000 00:00:1789357273.806385   40225 random_forest.cc:881] Train tree 145/240  [index:144 total:4m14.63s tree:1m4.47s]
I0000 00:00:1789357338.193425   40180 random_forest.cc:881] Train tree 193/240  [index:196 total:5m19.02s tree:1m3.34s]
I0000 00:00:1789357346.314398   40118 random_forest.cc:899] random_forest.cc Training block took: 327.144 s
W0000 00:00:1789357346.314437   40118 random_forest.cc:1216] EXITING EARLY TO SPEED UP EXPERIMENTS!
RESULT dataset=trunk_1500000_x_4096 threshold=139000 median=327.144s stddev=N/As n=1
./bazel-bin/examples/train_oblique_forest --input_mode trunk --rows 150000 --cols 40000 --num_trees=240 --dynamic_split_threshold=139000 --feature_split_type Oblique --numerical_split_type "Dynamic Random Histogram" --histogram_num_bins 64
----- Run 1/1 -----
WARNING: All log messages before absl::InitializeLog() is called are written to STDERR
I0000 00:00:1789357347.409944   40299 train_oblique_forest.cc:1133] Generating trunk synthetic dataset: rows=150000, cols=40000, layout=column
I0000 00:00:1789357348.697481   40299 train_oblique_forest.cc:1229] -1 (automatic) threads requested. 48 threads set.
I0000 00:00:1789357348.697516   40299 train_oblique_forest.cc:1304] Configuring oblique splits
I0000 00:00:1789357348.697519   40299 train_oblique_forest.cc:1313] dynamic_split_threshold = 139000 (from flag)
I0000 00:00:1789357348.697524   40299 train_oblique_forest.cc:1398] Using Dynamic Random Histogram with 64 samples
I0000 00:00:1789357348.697534   40299 train_oblique_forest.cc:1428] train_oblique_forest wall-time - Loading/Init (pre-train): 1.28761s
I0000 00:00:1789357348.699808   40299 abstract_learner.cc:171] No input feature explicitly specified. Using all the available input features.
I0000 00:00:1789357348.699843   40299 abstract_learner.cc:185] The label "y" was removed from the input feature set.
I0000 00:00:1789357348.706945   40299 random_forest.cc:534] Training random forest on 150000 example(s) and 40000 feature(s).
I0000 00:00:1789357348.708193   40299 gpu.cc:93] Cannot initialize GPU: Not compiled with GPU support
I0000 00:00:1789357348.711271   40299 random_forest.cc:663] num_threads being used: 48
I0000 00:00:1789357365.930732   40377 random_forest.cc:881] Train tree 1/240  [index:30 total:17.22s tree:17.22s]
I0000 00:00:1789357400.595535   40352 random_forest.cc:881] Train tree 97/240  [index:96 total:51.88s tree:17.41s]
I0000 00:00:1789357420.660961   40349 random_forest.cc:881] Train tree 181/240  [index:172 total:1m11.95s tree:18.56s]
I0000 00:00:1789357439.388720   40299 random_forest.cc:899] random_forest.cc Training block took: 90.6912 s
W0000 00:00:1789357439.388757   40299 random_forest.cc:1216] EXITING EARLY TO SPEED UP EXPERIMENTS!
RESULT dataset=trunk_150000_x_40000 threshold=139000 median=90.6912s stddev=N/As n=1
./bazel-bin/examples/train_oblique_forest --input_mode trunk --rows 15000 --cols 400000 --num_trees=240 --dynamic_split_threshold=139000 --feature_split_type Oblique --numerical_split_type "Dynamic Random Histogram" --histogram_num_bins 64
----- Run 1/1 -----
WARNING: All log messages before absl::InitializeLog() is called are written to STDERR
I0000 00:00:1789357440.066180   40435 train_oblique_forest.cc:1133] Generating trunk synthetic dataset: rows=15000, cols=400000, layout=column
I0000 00:00:1789357441.489848   40435 train_oblique_forest.cc:1229] -1 (automatic) threads requested. 48 threads set.
I0000 00:00:1789357441.489884   40435 train_oblique_forest.cc:1304] Configuring oblique splits
I0000 00:00:1789357441.489888   40435 train_oblique_forest.cc:1313] dynamic_split_threshold = 139000 (from flag)
I0000 00:00:1789357441.489891   40435 train_oblique_forest.cc:1398] Using Dynamic Random Histogram with 64 samples
I0000 00:00:1789357441.489901   40435 train_oblique_forest.cc:1428] train_oblique_forest wall-time - Loading/Init (pre-train): 1.42374s
I0000 00:00:1789357441.511451   40435 abstract_learner.cc:171] No input feature explicitly specified. Using all the available input features.
I0000 00:00:1789357441.511743   40435 abstract_learner.cc:185] The label "y" was removed from the input feature set.
I0000 00:00:1789357441.576523   40435 random_forest.cc:534] Training random forest on 15000 example(s) and 400000 feature(s).
I0000 00:00:1789357441.587399   40435 gpu.cc:93] Cannot initialize GPU: Not compiled with GPU support
I0000 00:00:1789357441.610017   40435 random_forest.cc:663] num_threads being used: 48
I0000 00:00:1789357446.257212   40522 random_forest.cc:881] Train tree 1/240  [index:1 total:4.65s tree:4.65s]
I0000 00:00:1789357466.284762   40489 random_forest.cc:881] Train tree 213/240  [index:215 total:24.67s tree:4.84s]
I0000 00:00:1789357467.482391   40435 random_forest.cc:899] random_forest.cc Training block took: 25.9925 s
W0000 00:00:1789357467.482434   40435 random_forest.cc:1216] EXITING EARLY TO SPEED UP EXPERIMENTS!
RESULT dataset=trunk_15000_x_400000 threshold=139000 median=25.9925s stddev=N/As n=1
