sep=,

"Intel(R) Advisor Command Line Tool
Copyright (C) 2009-2025 Intel Corporation. All rights reserved."
"Survey Data version=1.1.0","delimiter=,"

"Function Call Sites and Loops","Total Time Percent","Total Time","Self Time Percent","Self Time","Total Elapsed Time","Self Elapsed Time","Type","Loop Height","Max Depth","Loop Function ID","Why No Vectorization","Vector ISA","Vector Length","Compiler Estimated Gain","Self GFLOPS","Total GFLOPS","Self AI","Total Arithmetic Intensity","Self GINTOPS","Total GINTOPS","Self INT AI","Total INT AI","Self Giga OPS","Total Giga OPS","Self Overall AI","Total Overall AI","Self GFLOP","Total GFLOP","Self GINTOP","Total GINTOP","Self Giga OP","Total Giga OP","Self Memory GB","Total Memory GB","Self GB/s","Total GB/s","Self Loaded GB","Self Stored GB","Total Loaded GB","Total Stored GB","Self L2 GB","Total L2 GB","Self L2 Loaded GB","Self L2 Stored GB","Total L2 Loaded GB","Total L2 Stored GB","Self L3 GB","Total L3 GB","Self L3 Loaded GB","Self L3 Stored GB","Total L3 Loaded GB","Total L3 Stored GB","Self DRAM GB","Total DRAM GB","Self DRAM Loaded GB","Self DRAM Stored GB","Total DRAM Loaded GB","Total DRAM Stored GB","Traits","Data Types","Vector Widths","Instruction Sets","Transformations","Unroll Factor","Multi-Pumping Factor","Vectorization Details","Optimization Details","Source Location","Module","Dynamic func_inst","Dynamic compute","Dynamic int_compute","Dynamic sp_compute","Dynamic dp_compute","Dynamic memory","Dynamic all_instructions","Dynamic vector_compute","Dynamic vector_memory","Dynamic sse_vector_compute","Dynamic avx_vector_compute","Dynamic avx2_vector_compute","Dynamic avx512_vector_compute","Dynamic avx512phi_vector_compute","Dynamic fma_vector_compute","Dynamic amx_vector_compute","Dynamic x86_scalar_compute","Dynamic x87_scalar_compute","Dynamic sse_scalar_compute","Dynamic avx_scalar_compute","Dynamic avx2_scalar_compute","Dynamic avx512_scalar_compute","Dynamic fma_scalar_compute","Dynamic sse_vector_memory","Dynamic avx_vector_memory","Dynamic avx2_vector_memory","Dynamic avx512_vector_memory","Dynamic avx512phi_vector_memory","Dynamic x86_scalar_memory","Dynamic x87_scalar_memory","Dynamic sse_scalar_memory","Dynamic avx_scalar_memory","Dynamic avx2_scalar_memory","Dynamic avx512_scalar_memory","Dynamic loads","Dynamic stores","Dynamic loaded_bytes","Dynamic stored_bytes","Dynamic compute_with_memory","Dynamic int_compute_with_memory","Dynamic sp_compute_with_memory","Dynamic dp_compute_with_memory","Dynamic vector_compute_with_memory","Dynamic sse_vector_compute_with_memory","Dynamic avx_vector_compute_with_memory","Dynamic avx2_vector_compute_with_memory","Dynamic avx512_vector_compute_with_memory","Dynamic avx512phi_vector_compute_with_memory","Dynamic fma_vector_compute_with_memory","Dynamic x86_scalar_compute_with_memory","Dynamic x87_scalar_compute_with_memory","Dynamic sse_scalar_compute_with_memory","Dynamic avx_scalar_compute_with_memory","Dynamic avx2_scalar_compute_with_memory","Dynamic avx512_scalar_compute_with_memory","Dynamic fma_scalar_compute_with_memory","Dynamic add","Dynamic mul","Dynamic sub","Dynamic div","Dynamic sad","Dynamic min","Dynamic avg","Dynamic max","Dynamic abs","Dynamic sign","Dynamic sqrt","Dynamic fma","Dynamic reccp","Dynamic scale","Dynamic vpconflict","Dynamic vplzcnt","Dynamic call"
"Total","100","148.040s","0","0s","3.140s","0s","","","1","","","","","","","51.471","","0.058","","125.441","","0.141","","176.912","","0.199","","161.619","","393.884","","555.502","","2791.000","","888.856","","","1906.358","884.642","","769.243","","","623.701","145.543","","295.522","","","284.841","10.681","","260.128","","","251.574","8.553","","","","","","","","","","","","","","","","","","","","","","","","","","","","","","","","","","","","","","","","","","","","","","","","","","","","","","","","","","","","","","","","","","","","","","","","","","","","","","","","","","","",""
"func@0x13f650","61.8483","91.560s","0","0s","3.080s","0s","Function","","2","14","","","","","","52.474","","0.058","","127.884","","0.141","","180.358","","0.199","","161.619","","393.883","","555.502","","2790.998","","906.168","","","1906.357","884.641","","769.240","","","623.699","145.541","","295.520","","","284.840","10.680","","260.125","","","251.573","8.552","","","","","","","","","","","libc.so.6","","","","","","","","","","","","","","","","","","","","","","","","","","","","","","","","","","","","","","","","","","","","","","","","","","","","","","","","","","","","","","","","","","","","","","","","",""
"func@0xabdf0","61.8483","91.560s","0","0s","3.080s","0s","Function","","3","16","","","","","","52.474","","0.058","","127.884","","0.141","","180.358","","0.199","","161.619","","393.883","","555.502","","2790.998","","906.168","","","1906.357","884.641","","769.240","","","623.699","145.541","","295.520","","","284.840","10.680","","260.125","","","251.573","8.552","","UInt16; ","128","AVX","","","","","","","libc.so.6","","","","","","","","","","","","","","","","","","","","","","","","","","","","","","","","","","","","","","","","","","","","","","","","","","","","","","","","","","","","","","","","","","","","","","","","",""
"[loop in func@0xabdf0]","61.8483","91.560s","0","0s","3.080s","0s","Scalar","9","4","15","","","","","","52.474","","0.058","","127.884","","0.141","","180.358","","0.199","","161.619","","393.883","","555.502","","2790.998","","906.168","","","1906.357","884.641","","769.240","","","623.699","145.541","","295.520","","","284.840","10.680","","260.125","","","251.573","8.552","","","","","","","","","","","libc.so.6","","","","","","","","","","","","","","","","","","","","","","","","","","","","","","","","","","","","","","","","","","","","","","","","","","","","","","","","","","","","","","","","","","","","","","","","",""
"func@0xf7420","61.8483","91.560s","0","0s","3.080s","0s","Function","","5","8","","","","","","52.474","","0.058","","127.884","","0.141","","180.358","","0.199","","161.619","","393.883","","555.502","","2790.998","","906.168","","","1906.357","884.641","","769.240","","","623.699","145.541","","295.520","","","284.840","10.680","","260.125","","","251.573","8.552","","","","","","","","","","","libstdc++.so.6","","","","","","","","","","","","","","","","","","","","","","","","","","","","","","","","","","","","","","","","","","","","","","","","","","","","","","","","","","","","","","","","","","","","","","","","",""
"yggdrasil_decision_forests::utils::concurrency::ThreadPool::ThreadLoop","60.065","88.920s","0","0s","3.080s","0s","Function","","6","121","","","","","","51.742","","0.057","","127.086","","0.141","","178.828","","0.198","","159.366","","391.426","","550.792","","2775.432","","901.115","","","1890.792","884.641","","769.188","","","623.673","145.515","","295.519","","","284.839","10.680","","260.125","","","251.572","8.552","","Int32","128","AVX","","","","","","concurrency_default.cc:57","tof_fork_g","","","","","","","","","","","","","","","","","","","","","","","","","","","","","","","","","","","","","","","","","","","","","","","","","","","","","","","","","","","","","","","","","","","","","","","","",""
"[loop in yggdrasil_decision_forests::utils::concurrency::ThreadPool::ThreadLoop at concurrency_default.cc:60]","60.065","88.920s","0","0s","3.080s","0s","Scalar","8","7","120","","","","","","51.742","","0.057","","127.086","","0.141","","178.828","","0.198","","159.366","","391.426","","550.792","","2775.432","","901.115","","","1890.792","884.641","","769.188","","","623.673","145.515","","295.519","","","284.839","10.680","","260.125","","","251.572","8.552","","Int32; UInt16","128","AVX","","","","","","concurrency_default.cc:60","tof_fork_g","","","","","","","","","","","","","","","","","","","","","","","","","","","","","","","","","","","","","","","","","","","","","","","","","","","","","","","","","","","","","","","","","","","","","","","","",""
"std::function<void (void)>::operator()","60.065","88.920s","0","0s","3.080s","0s","Inlined Function","","8","119","","","","","","51.742","","0.057","","127.086","","0.141","","178.828","","0.198","","159.366","","391.426","","550.792","","2775.432","","901.115","","","1890.792","884.641","","769.188","","","623.673","145.515","","295.519","","","284.839","10.680","","260.125","","","251.572","8.552","","","","","","","","","","std_function.h:589","tof_fork_g","175","626776","626776","0","0","3760656","9401640","0","0","0","0","0","0","0","0","0","626776","0","0","0","0","0","0","0","0","0","0","0","3133880","0","0","0","0","0","1253552","0","10028416","0","0","0","0","0","0","0","0","0","0","0","0","0","0","0","0","0","0","0","626776","0","0","0","0","0","0","0","0","0","0","0","0","0","0","0","0"
"std::_Function_handler<void (void), yggdrasil_decision_forests::model::random_forest::RandomForestLearner::TrainWithStatusImpl(yggdrasil_decision_forests::dataset::VerticalDataset const&, std::optional<std::reference_wrapper<yggdrasil_decision_forests::dataset::VerticalDataset const>>) const::$_0>::_M_invoke","60.065","88.920s","0","0s","3.080s","0s","Function","","9","123","","","","","","51.742","0","0.057","","127.086","0","0.141","","178.828","0","0.198","0","159.366","0","391.426","0","550.792","< 0.001","2775.432","","901.115","< 0.001","< 0.001","1890.792","884.641","< 0.001","769.188","< 0.001","< 0.001","623.673","145.515","< 0.001","295.519","< 0.001","< 0.001","284.839","10.680","< 0.001","260.125","< 0.001","< 0.001","251.572","8.552","","Int64; ","128/256","AVX; AVX2; AVX512F_128","","","","","","std_function.h:290","tof_fork_g","","","","","","","","","","","","","","","","","","","","","","","","","","","","","","","","","","","","","","","","","","","","","","","","","","","","","","","","","","","","","","","","","","","","","","","","",""
"_ZSt10__invoke_rIvRZNK26yggdrasil_decision_forests5model13random_forest19RandomForestLearner19TrainWithStatusImplERKNS0_7dataset15VerticalDatasetESt8optionalISt17reference_wrapperIS6_EEE3$_0JEENSt9enable_ifIX16is_invocable_r_vIT_T0_DpT1_EESF_E4typeEOSG_DpOSH_","60.065","88.920s","0","0s","3.080s","0s","Inlined Function","","10","125","","","","","","51.742","","0.057","","127.086","","0.141","","178.828","","0.198","","159.366","","391.426","","550.792","","2775.432","","901.115","","","1890.792","884.641","","769.188","","","623.673","145.515","","295.519","","","284.839","10.680","","260.125","","","251.572","8.552","","Int64; ","128/256","AVX; AVX2; AVX512F_128","","","","","","invoke.h:106","tof_fork_g","","","","","","","","","","","","","","","","","","","","","","","","","","","","","","","","","","","","","","","","","","","","","","","","","","","","","","","","","","","","","","","","","","","","","","","","",""
"std::__invoke_impl<void, yggdrasil_decision_forests::model::random_forest::RandomForestLearner::TrainWithStatusImpl(yggdrasil_decision_forests::dataset::VerticalDataset const&, std::optional<std::reference_wrapper<yggdrasil_decision_forests::dataset::VerticalDataset const>>) const::$_0&>","60.065","88.920s","0","0s","3.080s","0s","Inlined Function","","11","124","","","","","","51.742","","0.057","","127.086","","0.141","","178.828","","0.198","","159.366","","391.426","","550.792","","2775.432","","901.115","","","1890.792","884.641","","769.188","","","623.673","145.515","","295.519","","","284.839","10.680","","260.125","","","251.572","8.552","","Int64; ","128/256","AVX; AVX2; AVX512F_128","","","","","","invoke.h:62","tof_fork_g","","","","","","","","","","","","","","","","","","","","","","","","","","","","","","","","","","","","","","","","","","","","","","","","","","","","","","","","","","","","","","","","","","","","","","","","",""
"yggdrasil_decision_forests::model::random_forest::RandomForestLearner::TrainWithStatusImpl(yggdrasil_decision_forests::dataset::VerticalDataset const&, std::optional<std::reference_wrapper<yggdrasil_decision_forests::dataset::VerticalDataset const>>) const::$_0::operator()","60.065","88.920s","0","0s","3.080s","0s","Inlined Function","","12","122","","","","","","51.742","0","0.057","","127.086","0.061","0.141","","178.828","0.061","0.198","0","159.366","< 0.001","391.426","< 0.001","550.792","< 0.001","2775.432","","901.115","< 0.001","0","1890.792","884.641","< 0.001","769.188","< 0.001","< 0.001","623.673","145.515","< 0.001","295.519","< 0.001","< 0.001","284.839","10.680","< 0.001","260.125","< 0.001","< 0.001","251.572","8.552","","Int64; ","128/256","AVX; AVX2; AVX512F_128","","","","","","random_forest.cc:698","tof_fork_g","176","5230745362","5230745362","0","0","12896053910266","524465314","0","0","0","0","0","0","0","0","0","5230745362","0","0","0","0","0","0","0","0","0","0","0","9229994304380","0","0","2437435036176","0","0","92762848","83361208","611106600","641818624","0","0","0","0","0","0","0","0","0","0","0","0","0","0","0","0","0","0","10655192","0","0","0","0","0","0","0","0","0","0","0","0","0","0","0","13162296"
"yggdrasil_decision_forests::model::decision_tree::DecisionTreeTrain","60.065","88.920s","0","0s","3.080s","0s","Function","","13","126","","","","","","51.742","0","0.057","","127.086","0.125","0.141","","178.828","0.125","0.198","0","159.366","< 0.001","391.426","< 0.001","550.792","0.003","2775.432","","901.115","0.003","< 0.001","1890.792","884.641","0.017","769.188","0.015","0.002","623.673","145.515","0.024","295.519","0.012","0.012","284.839","10.680","0.018","260.125","0.010","0.008","251.572","8.552","","Int32","128","AVX","","","","","","training.cc","tof_fork_g","","","","","","","","","","","","","","","","","","","","","","","","","","","","","","","","","","","","","","","","","","","","","","","","","","","","","","","","","","","","","","","","","","","","","","","","",""
"yggdrasil_decision_forests::model::decision_tree::DecisionTreeCoreTrain","60.065","88.920s","0","0s","3.080s","0s","Function","","14","127","","","","","","51.742","0","0.057","","127.086","0","0.141","","178.828","0","0.198","0","159.366","0","391.425","0","550.791","< 0.001","2775.429","","901.114","< 0.001","< 0.001","1890.789","884.641","< 0.001","769.171","< 0.001","< 0.001","623.658","145.513","< 0.001","295.496","< 0.001","< 0.001","284.827","10.668","< 0.001","260.107","< 0.001","< 0.001","251.563","8.544","","Int32","256","AVX","","","","","","training.cc","tof_fork_g","178","3133640","3133640","0","0","11594468","15041472","0","0","0","0","0","0","0","0","0","3133640","0","0","0","0","0","0","0","0","0","0","0","11594468","0","0","0","0","0","3447004","5013824","27576032","40110592","0","0","0","0","0","0","0","0","0","0","0","0","0","0","0","0","0","0","626728","0","940092","0","0","0","0","0","0","0","0","0","0","0","0","0","626728"
"yggdrasil_decision_forests::model::decision_tree::GrowTreeLocal","60.065","88.920s","0","0s","3.080s","0s","Function","","15","129","","","","","","51.742","0","0.057","","127.086","0.017","0.141","","178.828","0.017","0.198","0","159.366","< 0.001","391.425","< 0.001","550.791","< 0.001","2775.429","","901.114","< 0.001","< 0.001","1890.789","884.641","< 0.001","769.171","< 0.001","< 0.001","623.658","145.513","< 0.001","295.496","< 0.001","< 0.001","284.827","10.668","< 0.001","260.107","< 0.001","< 0.001","251.563","8.544","","Int32; UInt16; ","128/256","AVX; AVX512F_128","","","","","","training.cc","tof_fork_g","","","","","","","","","","","","","","","","","","","","","","","","","","","","","","","","","","","","","","","","","","","","","","","","","","","","","","","","","","","","","","","","","","","","","","","","",""
"[loop in yggdrasil_decision_forests::model::decision_tree::GrowTreeLocal at training.cc:5560]","60.065","88.920s","0.0135078","0.020s","3.080s","0.020s","Scalar","7","16","128","","","","","","51.742","","0.057","","127.086","","0.141","","178.828","","0.198","","159.366","","391.425","","550.791","","2775.429","","901.114","","","1890.789","884.641","","769.171","","","623.658","145.513","","295.496","","","284.827","10.668","","260.107","","","251.563","8.544","","Int32; UInt16","128/256","AVX","","","","","","training.cc:5560","tof_fork_g","179","0","0","0","0","130768965","183076551","0","0","0","0","0","0","0","0","0","0","0","0","0","0","0","0","0","0","0","0","0","130768965","0","0","0","0","0","0","104615172","0","496922067","0","0","0","0","0","0","0","0","0","0","0","0","0","0","0","0","0","0","0","0","0","0","0","0","0","0","0","0","0","0","0","0","0","0","0"
"yggdrasil_decision_forests::model::decision_tree::FindBestCondition","59.4301","87.980s","0","0s","3.060s","0s","Function","","17","130","","","","","","51.970","0","0.058","","127.498","0.028","0.142","","179.468","0.028","0.199","0","159.029","0.003","390.144","0.003","549.174","0.091","2756.614","","900.852","0.036","0.055","1876.338","880.276","< 0.001","760.525","< 0.001","< 0.001","616.207","144.318","< 0.001","292.232","< 0.001","< 0.001","281.671","10.561","< 0.001","258.514","< 0.001","< 0.001","250.030","8.485","","Int32; Int64","128","AVX","","","","","","training.cc","tof_fork_g","","","","","","","","","","","","","","","","","","","","","","","","","","","","","","","","","","","","","","","","","","","","","","","","","","","","","","","","","","","","","","","","","","","","","","","","",""
"yggdrasil_decision_forests::model::decision_tree::FindBestConditionSingleThreadManager","59.4301","87.980s","0.121591","0.180s","3.060s","0.020s","Function","","18","131","","","","","0","51.970","0","0.058","0.345","127.497","0.034","0.142","0.345","179.467","0.034","0.199","0","159.029","0.007","390.142","0.007","549.171","0.204","2756.523","10.182","900.823","0.093","0.111","1876.302","880.220","0.007","760.525","0.006","< 0.001","616.207","144.318","< 0.001","292.232","< 0.001","< 0.001","281.671","10.561","< 0.001","258.514","< 0.001","< 0.001","250.030","8.485","","","","","","","","","","training.cc","tof_fork_g","","","","","","","","","","","","","","","","","","","","","","","","","","","","","","","","","","","","","","","","","","","","","","","","","","","","","","","","","","","","","","","","","","","","","","","","",""
"yggdrasil_decision_forests::model::decision_tree::FindBestConditionOblique","58.7546","86.980s","0","0s","3.040s","0s","Function","","19","132","","","","","","52.312","0","0.058","","127.941","0.008","0.142","","180.253","0.008","0.200","0","159.029","0.001","388.941","0.001","547.970","0.158","2740.549","","901.494","0.078","0.080","1868.261","872.288","0.097","752.017","0.091","0.006","608.208","143.808","0.003","289.774","0.003","< 0.001","279.231","10.543","< 0.001","258.495","< 0.001","< 0.001","250.011","8.484","","","","","","","","","","training.cc","tof_fork_g","","","","","","","","","","","","","","","","","","","","","","","","","","","","","","","","","","","","","","","","","","","","","","","","","","","","","","","","","","","","","","","","","","","","","","","","",""
"yggdrasil_decision_forests::model::decision_tree::FindBestConditionOblique","58.7546","86.980s","0","0s","3.040s","0s","Function","","20","133","","","","","","52.312","0","0.058","","127.940","0.008","0.142","","180.253","0.008","0.200","0","159.029","0.001","388.940","0.001","547.969","0.164","2740.391","","901.442","0.083","0.081","1868.183","872.207","0.098","751.920","0.092","0.006","608.118","143.802","0.003","289.770","0.003","< 0.001","279.228","10.543","< 0.001","258.494","< 0.001","< 0.001","250.010","8.484","","","","","","","","","","oblique.cc","tof_fork_g","","","","","","","","","","","","","","","","","","","","","","","","","","","","","","","","","","","","","","","","","","","","","","","","","","","","","","","","","","","","","","","","","","","","","","","","",""
"yggdrasil_decision_forests::model::decision_tree::FindBestConditionSparseObliqueTemplate<yggdrasil_decision_forests::model::decision_tree::ClassificationLabelStats>","58.7411","86.960s","0","0s","3.040s","0s","Function","","21","117","","","","","","52.312","0.020","0.058","","127.940","0.112","0.142","","180.252","0.132","0.200","0.037","159.029","0.209","388.939","0.246","547.968","1.867","2740.227","","901.388","1.081","0.786","1868.100","872.127","5.012","751.822","4.324","0.689","608.026","143.796","0.870","289.767","0.863","0.007","279.224","10.543","0.218","258.493","0.215","0.003","250.009","8.484","","Int32; UInt16; ","128","AVX; AVX512F_128","","","","","","oblique.cc","tof_fork_g","","","","","","","","","","","","","","","","","","","","","","","","","","","","","","","","","","","","","","","","","","","","","","","","","","","","","","","","","","","","","","","","","","","","","","","","",""
"[loop in yggdrasil_decision_forests::model::decision_tree::FindBestConditionSparseObliqueTemplate<yggdrasil_decision_forests::model::decision_tree::ClassificationLabelStats> at status.h]","58.2412","86.220s","0.121593","0.180s","3.020s","0.040s","Scalar","6","22","116","","","","","0","52.646","0","0.059","10.095","125.307","0.033","0.139","10.095","177.953","0.033","0.198","0","158.992","0.404","378.429","0.404","537.421","12.293","2717.233","307.326","899.742","7.795","4.498","1846.133","871.100","0.720","724.293","0.665","0.055","584.652","139.641","0.002","288.196","0.002","< 0.001","277.669","10.527","0.002","257.976","0.001","< 0.001","249.505","8.471","","Int32","128","AVX","","","","","","status.h","tof_fork_g","202","0","0","0","0","0","80227328","0","0","0","0","0","0","0","0","0","0","0","0","0","0","0","0","0","0","0","0","0","0","0","0","0","0","0","0","0","0","0","0","0","0","0","0","0","0","0","0","0","0","0","0","0","0","0","0","0","0","0","0","0","0","0","0","0","0","0","0","0","0","0","0","0","0"
"yggdrasil_decision_forests::model::decision_tree::EvaluateProjection<yggdrasil_decision_forests::model::decision_tree::ClassificationLabelStats, std::vector<int, std::allocator<int>>>","32.288","47.799s","0.0945619","0.140s","1.880s","0.040s","Function","","23","113","","","","","0","73.184","0","0.060","9.027","184.112","0.013","0.150","9.027","257.296","0.013","0.209","0","137.585","0.361","346.129","0.361","483.714","28.280","2311.316","707.128","1229.431","13.679","14.601","1511.410","799.906","2.134","369.341","1.870","0.264","262.963","106.378","0.012","20.411","0.011","0.002","15.107","5.304","0.010","12.481","0.009","< 0.001","9.862","2.619","","Int32","128/256","AVX","","","","","","oblique.cc","tof_fork_g","185","185794538","185794538","0","0","95408006","331417284","185794538","70300636","0","0","0","185794538","0","0","0","0","0","0","0","0","0","0","0","15064422","10042948","45193266","0","5021474","0","0","20085896","0","0","70300636","30128844","863693528","522233296","0","0","0","0","0","0","0","0","0","0","0","0","0","0","0","0","0","0","0","0","0","0","0","90386532","0","95408006","0","0","0","0","0","0","0","0","0"
"yggdrasil_decision_forests::model::decision_tree::FindSplitLabelClassificationFeatureNumericalCart","32.1259","47.559s","0.32426","0.480s","1.880s","0.060s","Function","","24","92","","","","","4.804","73.184","0.005","0.060","43.512","183.918","0.046","0.151","48.316","257.102","0.051","0.212","0.288","137.585","2.611","345.764","2.899","483.349","56.686","2282.682","944.789","1214.200","19.865","36.821","1497.731","784.951","18.624","366.891","16.607","2.016","260.806","106.085","0.284","20.235","0.277","0.006","14.935","5.300","0.238","12.319","0.234","0.004","9.703","2.616","2-Source Permutes; Blends; Divisions; Extracts; FMA; Gathers; Inserts; Shifts; Shuffles; Type Conversions; Unpacks","Int32; Int64; UInt16; UInt256; ; ","128/256","AVX; AVX2; AVX512DQ_128; AVX512DQ_256; AVX512F_128; AVX512F_256","","","","","","training.cc","tof_fork_g","","","","","","","","","","","","","","","","","","","","","","","","","","","","","","","","","","","","","","","","","","","","","","","","","","","","","","","","","","","","","","","","","","","","","","","","",""
"[loop in yggdrasil_decision_forests::model::decision_tree::FindSplitLabelClassificationFeatureNumericalCart at splitter_scanner.h]","16.4274","24.319s","16.4273","24.319s","1.020s","1.020s","Vectorized (Body)","0","25","91","","AVX512","2; 8","","38.416","38.416","0.060","0.060","77.209","77.209","0.121","0.121","115.625","115.625","0.182","0.182","39.183","39.183","78.751","78.751","117.934","117.934","648.246","648.246","635.553","635.553","495.150","153.096","495.150","153.096","68.313","68.313","60.880","7.434","60.880","7.434","2.615","2.615","2.232","0.384","2.232","0.384","0.482","0.482","0.352","0.129","0.352","0.129","2-Source Permutes; Blends; Divisions; FMA; Inserts; Shifts; Shuffles; Type Conversions","Int32; Int64; UInt16; ; ","128","AVX; AVX512F_128","","","","","","splitter_scanner.h","tof_fork_g","191","313364","313364","0","0","36036860","26009212","0","8460828","0","0","0","0","0","0","0","313364","0","0","0","0","0","0","0","8460828","0","0","0","27576032","0","0","0","0","0","1880184","10967740","15041472","160442368","0","0","0","0","0","0","0","0","0","0","0","0","0","0","0","0","0","0","313364","0","0","0","0","0","0","0","0","0","0","0","0","0","0","0","2193548"
"hwy::N_AVX3_SPR::(anonymous namespace)::SortKV64Asc","9.47044","14.020s","0","0s","0.640s","0s","Function","","25","134","","","","","","0","0","0","","340.229","0.073","0.241","","340.229","0.073","0.241","0","0","0.200","217.761","0.200","217.761","2.762","903.927","","1412.290","1.407","1.356","403.867","500.061","0.440","122.271","0.370","0.071","74.209","48.063","0.003","0.620","0.002","< 0.001","0.530","0.090","0.001","0.073","0.001","< 0.001","0.061","0.012","","","","","","","","","","vqsort_kv64a.cc","tof_fork_g","188","0","0","0","0","1253456","2193548","0","313364","0","0","0","0","0","0","0","0","0","0","0","0","0","0","0","313364","0","0","0","626728","0","0","313364","0","0","313364","626728","2506912","6267280","0","0","0","0","0","0","0","0","0","0","0","0","0","0","0","0","0","0","0","0","0","0","0","0","0","0","0","0","0","0","0","0","0","0","0"
"hwy::N_AVX3_SPR::detail::Recurse<(hwy::N_AVX3_SPR::detail::RecurseMode)0, hwy::N_AVX3_SPR::Simd<unsigned long, (unsigned long)8, (int)0>, hwy::N_AVX3_SPR::detail::SharedTraits<hwy::N_AVX3_SPR::detail::TraitsLane<hwy::N_AVX3_SPR::detail::OrderAscendingKV64>>, unsigned long>","8.07892","11.960s","0","0s","0.500s","0s","Function","","26","95","","","","","","0","0","0","","385.944","0.028","0.223","","385.944","0.028","0.223","0","0","0.183","192.972","0.183","192.972","6.592","867.080","","1734.162","3.646","2.945","383.794","483.286","1.223","121.411","0.958","0.265","73.461","47.950","0.010","0.602","0.009","0.001","0.513","0.089","0.004","0.071","0.003","< 0.001","0.060","0.012","Permutes; Shifts","UInt16; UInt256; ","128/512","AVX; AVX512F_512","","","","","","vqsort-inl.h","tof_fork_g","","","","","","","","","","","","","","","","","","","","","","","","","","","","","","","","","","","","","","","","","","","","","","","","","","","","","","","","","","","","","","","","","","","","","","","","",""
"[loop in hwy::N_AVX3_SPR::detail::Recurse<(hwy::N_AVX3_SPR::detail::RecurseMode)0, hwy::N_AVX3_SPR::Simd<unsigned long, (unsigned long)8, (int)0>, hwy::N_AVX3_SPR::detail::SharedTraits<hwy::N_AVX3_SPR::detail::TraitsLane<hwy::N_AVX3_SPR::detail::OrderAscendingKV64>>, unsigned long> at vqsort-inl.h]","8.07892","11.960s","0.16212","0.240s","0.500s","0.040s","Scalar","5","27","96","","","","","0","0","0","0","221.626","385.578","0.079","0.224","221.626","385.578","0.079","0.224","0","0","8.865","192.789","8.865","192.789","111.973","860.488","2799.247","1720.978","57.532","54.441","380.147","480.341","10.797","120.189","8.066","2.731","72.504","47.685","0.093","0.592","0.085","0.008","0.504","0.088","0.015","0.067","0.012","0.002","0.057","0.011","Mask Manipulations; Permutes; Shifts","UInt16; UInt256; ","128/512","AVX; AVX512F_512","","","","","","vqsort-inl.h","tof_fork_g","189","0","0","0","0","0","0","0","0","0","0","0","0","0","0","0","0","0","0","0","0","0","0","0","0","0","0","0","0","0","0","0","0","0","0","0","0","0","0","0","0","0","0","0","0","0","0","0","0","0","0","0","0","0","0","0","0","0","0","0","0","0","0","0","0","0","0","0","0","0","0","0","0"
"hwy::N_AVX3_SPR::detail::Recurse<(hwy::N_AVX3_SPR::detail::RecurseMode)0, hwy::N_AVX3_SPR::Simd<unsigned long, (unsigned long)8, (int)0>, hwy::N_AVX3_SPR::detail::SharedTraits<hwy::N_AVX3_SPR::detail::TraitsLane<hwy::N_AVX3_SPR::detail::OrderAscendingKV64>>, unsigned long>","5.48502","8.120s","0","0s","0.380s","0s","Function","","28","95","","","","","","0","","0","","465.126","","0.242","","465.126","","0.242","","0","","176.747","","176.747","","731.767","","1925.713","","","312.162","419.605","","109.392","","","64.438","44.954","","0.499","","","0.419","0.080","","0.053","","","0.044","0.008","Permutes; Shifts","UInt16; UInt256; ","128/512","AVX; AVX512F_512","","","","","","vqsort-inl.h","tof_fork_g","","","","","","","","","","","","","","","","","","","","","","","","","","","","","","","","","","","","","","","","","","","","","","","","","","","","","","","","","","","","","","","","","","","","","","","","",""
"[loop in hwy::N_AVX3_SPR::detail::Recurse<(hwy::N_AVX3_SPR::detail::RecurseMode)0, hwy::N_AVX3_SPR::Simd<unsigned long, (unsigned long)8, (int)0>, hwy::N_AVX3_SPR::detail::SharedTraits<hwy::N_AVX3_SPR::detail::TraitsLane<hwy::N_AVX3_SPR::detail::OrderAscendingKV64>>, unsigned long> at vqsort-inl.h]","5.48502","8.120s","0.0945781","0.140s","0.380s","0.040s","Scalar","4","29","96","","","","","","0","","0","","465.126","","0.242","","465.126","","0.242","","0","","176.747","","176.747","","731.767","","1925.713","","","312.162","419.605","","109.392","","","64.438","44.954","","0.499","","","0.419","0.080","","0.053","","","0.044","0.008","Mask Manipulations; Permutes; Shifts","UInt16; UInt256; ","128/512","AVX; AVX512F_512","","","","","","vqsort-inl.h","tof_fork_g","193","0","0","0","0","123927868","368218024","0","0","0","0","0","0","0","0","0","0","0","0","0","0","0","0","0","0","0","0","0","123927868","0","0","0","0","0","120362288","0","120362288","0","0","0","0","0","0","0","0","0","0","0","0","0","0","0","0","0","0","0","0","0","0","0","0","0","0","0","0","0","0","0","0","0","0","0","0"
"hwy::N_AVX3_SPR::detail::Sort16Rows<(unsigned long)8, hwy::N_AVX3_SPR::detail::SharedTraits<hwy::N_AVX3_SPR::detail::TraitsLane<hwy::N_AVX3_SPR::detail::OrderAscending<unsigned long>>>, unsigned long>","2.36423","3.500s","2.36433","3.500s","0.200s","0.200s","Function","","30","97","","","","","0","0","0","0","730.450","730.450","0.609","0.609","730.450","730.450","0.609","0.609","0","0","146.080","146.080","146.080","146.080","239.840","239.840","1199.282","1199.282","128.409","111.431","128.409","111.431","10.039","10.039","8.153","1.886","8.153","1.886","0.081","0.081","0.074","0.007","0.074","0.007","0.030","0.030","0.027","0.003","0.027","0.003","2-Source Permutes; Blends; Permutes; Shuffles","UInt256; ","128/512","AVX; AVX512F_128; AVX512F_512","","","","","","vqsort-inl.h:432","tof_fork_g","","","","","","","","","","","","","","","","","","","","","","","","","","","","","","","","","","","","","","","","","","","","","","","","","","","","","","","","","","","","","","","","","","","","","","","","",""
"hwy::N_AVX3_SPR::detail::Recurse<(hwy::N_AVX3_SPR::detail::RecurseMode)0, hwy::N_AVX3_SPR::Simd<unsigned long, (unsigned long)8, (int)0>, hwy::N_AVX3_SPR::detail::SharedTraits<hwy::N_AVX3_SPR::detail::TraitsLane<hwy::N_AVX3_SPR::detail::OrderAscendingKV64>>, unsigned long>","1.98596","2.940s","0.0135081","0.020s","0.240s","0.020s","Function","","30","95","","","","","","0","","0","","5.315","","0.027","","5.315","","0.027","","0","","1.276","","1.276","","46.669","","194.451","","","21.534","25.135","","6.383","","","4.715","1.668","","0.115","","","0.104","0.010","","0.008","","","0.007","0.001","Permutes; Shifts","UInt16; UInt256; ","128/512","AVX; AVX512F_512","","","","","","vqsort-inl.h","tof_fork_g","","","","","","","","","","","","","","","","","","","","","","","","","","","","","","","","","","","","","","","","","","","","","","","","","","","","","","","","","","","","","","","","","","","","","","","","",""
"[loop in hwy::N_AVX3_SPR::detail::Recurse<(hwy::N_AVX3_SPR::detail::RecurseMode)0, hwy::N_AVX3_SPR::Simd<unsigned long, (unsigned long)8, (int)0>, hwy::N_AVX3_SPR::detail::SharedTraits<hwy::N_AVX3_SPR::detail::TraitsLane<hwy::N_AVX3_SPR::detail::OrderAscendingKV64>>, unsigned long> at vqsort-inl.h]","1.97245","2.920s","0.310755","0.460s","0.240s","0.080s","Scalar","3","31","96","","","","","","0","","0","","5.315","","0.027","","5.315","","0.027","","0","","1.276","","1.276","","46.669","","194.451","","","21.534","25.135","","6.383","","","4.715","1.668","","0.115","","","0.104","0.010","","0.008","","","0.007","0.001","Mask Manipulations; Permutes; Shifts","UInt16; UInt256; ","128/512","AVX; AVX512F_512","","","","","","vqsort-inl.h","tof_fork_g","","","","","","","","","","","","","","","","","","","","","","","","","","","","","","","","","","","","","","","","","","","","","","","","","","","","","","","","","","","","","","","","","","","","","","","","",""
"[loop in hwy::N_AVX3_SPR::detail::Recurse<(hwy::N_AVX3_SPR::detail::RecurseMode)0, hwy::N_AVX3_SPR::Simd<unsigned long, (unsigned long)8, (int)0>, hwy::N_AVX3_SPR::detail::SharedTraits<hwy::N_AVX3_SPR::detail::TraitsLane<hwy::N_AVX3_SPR::detail::OrderAscendingKV64>>, unsigned long> at vqsort-inl.h:881]","0.594436","0.880s","0.594497","0.880s","0.080s","0.080s","Vectorized (Body)","0","32","94","","AVX512","2","","","","","","","","","","","","","","","","","","","","","","","","","","0","0","","0","","","0","0","","0","","","0","0","","0","","","0","0","Mask Manipulations; Permutes; Shifts","UInt256; ","512","AVX512F_512","","","","","","vqsort-inl.h:881","tof_fork_g","","","","","","","","","","","","","","","","","","","","","","","","","","","","","","","","","","","","","","","","","","","","","","","","","","","","","","","","","","","","","","","","","","","","","","","","",""
"hwy::N_AVX3_SPR::detail::Sort8Rows<(unsigned long)2, hwy::N_AVX3_SPR::detail::SharedTraits<hwy::N_AVX3_SPR::detail::TraitsLane<hwy::N_AVX3_SPR::detail::OrderAscending<unsigned long>>>, unsigned long>","0.351257","0.520s","0.351279","0.520s","0.080s","0.080s","Function","","32","90","","","","","0","0","0","0","0.003","0.003","0.385","0.385","0.003","0.003","0.385","0.385","0","0","< 0.001","< 0.001","< 0.001","< 0.001","< 0.001","< 0.001","0.008","0.008","< 0.001","< 0.001","< 0.001","< 0.001","< 0.001","< 0.001","< 0.001","0","< 0.001","0","0","0","0","0","0","0","0","0","0","0","0","0","Blends; Shuffles","UInt16; ; ","128","AVX; AVX2; AVX512F_128","","","","","","vqsort-inl.h:337","tof_fork_g","","","","","","","","","","","","","","","","","","","","","","","","","","","","","","","","","","","","","","","","","","","","","","","","","","","","","","","","","","","","","","","","","","","","","","","","",""
"__intel_avx_rep_memcpy","0.229668","0.340s","0.229658","0.340s","0.040s","0.040s","Function","","32","93","","","","","0","0","0","0","11.233","11.233","0.018","0.018","11.233","11.233","0.018","0.018","0","0","0.449","0.449","0.449","0.449","24.526","24.526","613.131","613.131","12.609","11.917","12.609","11.917","3.524","3.524","2.486","1.038","2.486","1.038","0.086","0.086","0.079","0.007","0.079","0.007","0.005","0.005","0.004","< 0.001","0.004","< 0.001","NT-stores","Int32; UInt16","128/256","AVX","","","","","","","tof_fork_g","","","","","","","","","","","","","","","","","","","","","","","","","","","","","","","","","","","","","","","","","","","","","","","","","","","","","","","","","","","","","","","","","","","","","","","","",""
"hwy::N_AVX3_SPR::detail::Recurse<(hwy::N_AVX3_SPR::detail::RecurseMode)0, hwy::N_AVX3_SPR::Simd<unsigned long, (unsigned long)8, (int)0>, hwy::N_AVX3_SPR::detail::SharedTraits<hwy::N_AVX3_SPR::detail::TraitsLane<hwy::N_AVX3_SPR::detail::OrderAscendingKV64>>, unsigned long>","0.202649","0.300s","0.0135108","0.020s","0.080s","0.020s","Function","","32","95","","","","","","","","","","","","","","","","","","","","","","","","","","","","","0","0","","0","","","0","0","","0","","","0","0","","0","","","0","0","Permutes; Shifts","UInt16; UInt256; ","128/512","AVX; AVX512F_512","","","","","","vqsort-inl.h","tof_fork_g","","","","","","","","","","","","","","","","","","","","","","","","","","","","","","","","","","","","","","","","","","","","","","","","","","","","","","","","","","","","","","","","","","","","","","","","",""
"[loop in hwy::N_AVX3_SPR::detail::Recurse<(hwy::N_AVX3_SPR::detail::RecurseMode)0, hwy::N_AVX3_SPR::Simd<unsigned long, (unsigned long)8, (int)0>, hwy::N_AVX3_SPR::detail::SharedTraits<hwy::N_AVX3_SPR::detail::TraitsLane<hwy::N_AVX3_SPR::detail::OrderAscendingKV64>>, unsigned long> at vqsort-inl.h]","0.189139","0.280s","0.0270197","0.040s","0.080s","0.020s","Scalar","2","33","96","","","","","","","","","","","","","","","","","","","","","","","","","","","","","0","0","","0","","","0","0","","0","","","0","0","","0","","","0","0","Mask Manipulations; Permutes; Shifts","UInt16; UInt256; ","128/512","AVX; AVX512F_512","","","","","","vqsort-inl.h","tof_fork_g","","","","","","","","","","","","","","","","","","","","","","","","","","","","","","","","","","","","","","","","","","","","","","","","","","","","","","","","","","","","","","","","","","","","","","","","",""
"hwy::N_AVX3_SPR::detail::Sort16Rows<(unsigned long)8, hwy::N_AVX3_SPR::detail::SharedTraits<hwy::N_AVX3_SPR::detail::TraitsLane<hwy::N_AVX3_SPR::detail::OrderAscending<unsigned long>>>, unsigned long>","0.0675495","0.100s","0.0675468","0.100s","0.020s","0.020s","Function","","34","97","","","","","","","","","","","","","","","","","","","","","","","","","","","","","0","0","","0","","","0","0","","0","","","0","0","","0","","","0","0","2-Source Permutes; Blends; Permutes; Shuffles","UInt256; ","128/512","AVX; AVX512F_128; AVX512F_512","","","","","","vqsort-inl.h:432","tof_fork_g","","","","","","","","","","","","","","","","","","","","","","","","","","","","","","","","","","","","","","","","","","","","","","","","","","","","","","","","","","","","","","","","","","","","","","","","",""
"hwy::N_AVX3_SPR::detail::Recurse<(hwy::N_AVX3_SPR::detail::RecurseMode)0, hwy::N_AVX3_SPR::Simd<unsigned long, (unsigned long)8, (int)0>, hwy::N_AVX3_SPR::detail::SharedTraits<hwy::N_AVX3_SPR::detail::TraitsLane<hwy::N_AVX3_SPR::detail::OrderAscendingKV64>>, unsigned long>","0.0405297","0.060s","0","0s","0.040s","0s","Function","","34","95","","","","","","","","","","","","","","","","","","","","","","","","","","","","","0","0","","0","","","0","0","","0","","","0","0","","0","","","0","0","Permutes; Shifts","UInt16; UInt256; ","128/512","AVX; AVX512F_512","","","","","","vqsort-inl.h","tof_fork_g","","","","","","","","","","","","","","","","","","","","","","","","","","","","","","","","","","","","","","","","","","","","","","","","","","","","","","","","","","","","","","","","","","","","","","","","",""
"[loop in hwy::N_AVX3_SPR::detail::Recurse<(hwy::N_AVX3_SPR::detail::RecurseMode)0, hwy::N_AVX3_SPR::Simd<unsigned long, (unsigned long)8, (int)0>, hwy::N_AVX3_SPR::detail::SharedTraits<hwy::N_AVX3_SPR::detail::TraitsLane<hwy::N_AVX3_SPR::detail::OrderAscendingKV64>>, unsigned long> at vqsort-inl.h]","0.0405297","0.060s","0.0135131","0.020s","0.040s","0.020s","Vectorized (Body)","1","35","96","","AVX512","2; 32","","","","","","","","","","","","","","","","","","","","","","","","","","0","0","","0","","","0","0","","0","","","0","0","","0","","","0","0","Mask Manipulations; Permutes; Shifts","UInt16; UInt256; ","128/512","AVX; AVX512F_512","","","","","","vqsort-inl.h","tof_fork_g","","","","","","","","","","","","","","","","","","","","","","","","","","","","","","","","","","","","","","","","","","","","","","","","","","","","","","","","","","","","","","","","","","","","","","","","",""
"[loop in hwy::N_AVX3_SPR::detail::Recurse<(hwy::N_AVX3_SPR::detail::RecurseMode)0, hwy::N_AVX3_SPR::Simd<unsigned long, (unsigned long)8, (int)0>, hwy::N_AVX3_SPR::detail::SharedTraits<hwy::N_AVX3_SPR::detail::TraitsLane<hwy::N_AVX3_SPR::detail::OrderAscendingKV64>>, unsigned long> at vqsort-inl.h:666]","0.0135099","0.020s","0.0135115","0.020s","0.020s","0.020s","Inside vectorized","0","36","135","","","","","","","","","","","","","","","","","","","","","","","","","","","","","0","0","","0","","","0","0","","0","","","0","0","","0","","","0","0","Mask Manipulations; Permutes; Shifts","UInt256; ","512","AVX512F_512","","","","","","vqsort-inl.h:666","tof_fork_g","","","","","","","","","","","","","","","","","","","","","","","","","","","","","","","","","","","","","","","","","","","","","","","","","","","","","","","","","","","","","","","","","","","","","","","","",""
"hwy::N_AVX3_SPR::detail::Sort8Rows<(unsigned long)2, hwy::N_AVX3_SPR::detail::SharedTraits<hwy::N_AVX3_SPR::detail::TraitsLane<hwy::N_AVX3_SPR::detail::OrderAscending<unsigned long>>>, unsigned long>","0.0135099","0.020s","0.013509","0.020s","0.020s","0.020s","Function","","36","90","","","","","","","","","","","","","","","","","","","","","","","","","","","","","0","0","","0","","","0","0","","0","","","0","0","","0","","","0","0","Blends; Shuffles","UInt16; ; ","128","AVX; AVX2; AVX512F_128","","","","","","vqsort-inl.h:337","tof_fork_g","","","","","","","","","","","","","","","","","","","","","","","","","","","","","","","","","","","","","","","","","","","","","","","","","","","","","","","","","","","","","","","","","","","","","","","","",""
"[loop in hwy::N_AVX3_SPR::detail::Recurse<(hwy::N_AVX3_SPR::detail::RecurseMode)0, hwy::N_AVX3_SPR::Simd<unsigned long, (unsigned long)8, (int)0>, hwy::N_AVX3_SPR::detail::SharedTraits<hwy::N_AVX3_SPR::detail::TraitsLane<hwy::N_AVX3_SPR::detail::OrderAscendingKV64>>, unsigned long> at vqsort-inl.h:881]","0.0405297","0.060s","0.0405221","0.060s","0.020s","0.020s","Vectorized (Body)","0","34","94","","AVX512","2","","","","","","","","","","","","","","","","","","","","","","","","","","0","0","","0","","","0","0","","0","","","0","0","","0","","","0","0","Mask Manipulations; Permutes; Shifts","UInt256; ","512","AVX512F_512","","","","","","vqsort-inl.h:881","tof_fork_g","","","","","","","","","","","","","","","","","","","","","","","","","","","","","","","","","","","","","","","","","","","","","","","","","","","","","","","","","","","","","","","","","","","","","","","","",""
"hwy::N_AVX3_SPR::detail::Sort16Rows<(unsigned long)4, hwy::N_AVX3_SPR::detail::SharedTraits<hwy::N_AVX3_SPR::detail::TraitsLane<hwy::N_AVX3_SPR::detail::OrderAscending<unsigned long>>>, unsigned long>","0.0135099","0.020s","0.0135099","0.020s","0.020s","0.020s","Function","","34","111","","","","","","","","","","","","","","","","","","","","","","","","","","","","","0","0","","0","","","0","0","","0","","","0","0","","0","","","0","0","2-Source Permutes; Blends; Permutes; Shuffles","UInt16; UInt256; ; ","128/256","AVX; AVX2; AVX512F_128; AVX512F_256","","","","","","vqsort-inl.h:432","tof_fork_g","","","","","","","","","","","","","","","","","","","","","","","","","","","","","","","","","","","","","","","","","","","","","","","","","","","","","","","","","","","","","","","","","","","","","","","","",""
"hwy::N_AVX3_SPR::detail::Sort16Rows<(unsigned long)8, hwy::N_AVX3_SPR::detail::SharedTraits<hwy::N_AVX3_SPR::detail::TraitsLane<hwy::N_AVX3_SPR::detail::OrderAscending<unsigned long>>>, unsigned long>","0.162119","0.240s","0.162115","0.240s","0.020s","0.020s","Function","","32","97","","","","","","","","","","","","","","","","","","","","","","","","","","","","","0","0","","0","","","0","0","","0","","","0","0","","0","","","0","0","2-Source Permutes; Blends; Permutes; Shuffles","UInt256; ","128/512","AVX; AVX512F_128; AVX512F_512","","","","","","vqsort-inl.h:432","tof_fork_g","214","0","0","0","0","0","0","0","0","0","0","0","0","0","0","0","0","0","0","0","0","0","0","0","0","0","0","0","0","0","0","0","0","0","0","0","0","0","0","0","0","0","0","0","0","0","0","0","0","0","0","0","0","0","0","0","0","0","0","0","0","0","0","0","0","0","0","0","0","0","0","0","0"
"[loop in hwy::N_AVX3_SPR::detail::Recurse<(hwy::N_AVX3_SPR::detail::RecurseMode)0, hwy::N_AVX3_SPR::Simd<unsigned long, (unsigned long)8, (int)0>, hwy::N_AVX3_SPR::detail::SharedTraits<hwy::N_AVX3_SPR::detail::TraitsLane<hwy::N_AVX3_SPR::detail::OrderAscendingKV64>>, unsigned long> at vqsort-inl.h:666]","0.0675495","0.100s","0.0675583","0.100s","0.040s","0.040s","Vectorized (Body)","0","32","135","","AVX512","2","","0","0","0","0","20.647","20.647","0.038","0.038","20.647","20.647","0.038","0.038","0","0","0.826","0.826","0.826","0.826","21.478","21.478","536.826","536.826","8.261","13.217","8.261","13.217","2.859","2.859","2.229","0.630","2.229","0.630","0.028","0.028","0.025","0.003","0.025","0.003","0.003","0.003","0.002","< 0.001","0.002","< 0.001","Mask Manipulations; Permutes; Shifts","UInt256; ","512","AVX512F_512","","","","","","vqsort-inl.h:666","tof_fork_g","197","400308629","400308629","0","0","1191280791","255780769","0","0","0","0","0","0","0","0","0","4822548","0","0","395486081","0","0","0","0","0","0","0","0","790972162","0","0","400308629","0","0","149610423","0","945962308","0","19290192","19290192","0","0","0","0","0","0","0","0","0","0","0","0","0","0","0","19290192","4822548","0","0","0","0","0","0","0","0","0","0","19290192","0","0","0","0","0"
"[loop in hwy::N_AVX3_SPR::detail::Recurse<(hwy::N_AVX3_SPR::detail::RecurseMode)0, hwy::N_AVX3_SPR::Simd<unsigned long, (unsigned long)8, (int)0>, hwy::N_AVX3_SPR::detail::SharedTraits<hwy::N_AVX3_SPR::detail::TraitsLane<hwy::N_AVX3_SPR::detail::OrderAscendingKV64>>, unsigned long> at vqsort-inl.h]","0.0270198","0.040s","0.0270195","0.040s","0.020s","0.020s","Scalar","0","32","156","","","","","","","","","","","","","","","","","","","","","","","","","","","","","0","0","","0","","","0","0","","0","","","0","0","","0","","","0","0","","","","","","","","","","vqsort-inl.h","tof_fork_g","","","","","","","","","","","","","","","","","","","","","","","","","","","","","","","","","","","","","","","","","","","","","","","","","","","","","","","","","","","","","","","","","","","","","","","","",""
"_intel_fast_memcpy","0.0135099","0.020s","0.0135088","0.020s","0.020s","0.020s","Function","","32","115","","","","","0","0","0","0","0","0","0","0","0","0","0","0","0","0","0","0","0","0","0.663","0.663","33.176","33.176","0.663","0","0.663","0","0","0","0","0","0","0","0","0","0","0","0","0","0","0","0","0","0","0","","","","","","","","","","","tof_fork_g","","","","","","","","","","","","","","","","","","","","","","","","","","","","","","","","","","","","","","","","","","","","","","","","","","","","","","","","","","","","","","","","","","","","","","","","",""
"hwy::N_AVX3_SPR::detail::Sort16Rows<(unsigned long)4, hwy::N_AVX3_SPR::detail::SharedTraits<hwy::N_AVX3_SPR::detail::TraitsLane<hwy::N_AVX3_SPR::detail::OrderAscending<unsigned long>>>, unsigned long>","0.0135099","0.020s","0.0135082","0.020s","0.020s","0.020s","Function","","32","111","","","","","","","","","","","","","","","","","","","","","","","","","","","","","0","0","","0","","","0","0","","0","","","0","0","","0","","","0","0","2-Source Permutes; Blends; Permutes; Shuffles","UInt16; UInt256; ; ","128/256","AVX; AVX2; AVX512F_128; AVX512F_256","","","","","","vqsort-inl.h:432","tof_fork_g","","","","","","","","","","","","","","","","","","","","","","","","","","","","","","","","","","","","","","","","","","","","","","","","","","","","","","","","","","","","","","","","","","","","","","","","",""
"[loop in hwy::N_AVX3_SPR::detail::Recurse<(hwy::N_AVX3_SPR::detail::RecurseMode)0, hwy::N_AVX3_SPR::Simd<unsigned long, (unsigned long)8, (int)0>, hwy::N_AVX3_SPR::detail::SharedTraits<hwy::N_AVX3_SPR::detail::TraitsLane<hwy::N_AVX3_SPR::detail::OrderAscendingKV64>>, unsigned long> at vqsort-inl.h:881]","0.486357","0.720s","0.486385","0.720s","0.080s","0.080s","Vectorized (Body)","0","30","94","","AVX512","2","","0","0","0","0","238.859","238.859","0.044","0.044","238.859","238.859","0.044","0.044","0","0","19.109","19.109","19.109","19.109","436.776","436.776","5459.641","5459.641","157.239","279.537","157.239","279.537","92.860","92.860","51.487","41.373","51.487","41.373","0.276","0.276","0.215","0.061","0.215","0.061","0.014","0.014","0.010","0.004","0.010","0.004","Mask Manipulations; Permutes; Shifts","UInt256; ","512","AVX512F_512","","","","","","vqsort-inl.h:881","tof_fork_g","","","","","","","","","","","","","","","","","","","","","","","","","","","","","","","","","","","","","","","","","","","","","","","","","","","","","","","","","","","","","","","","","","","","","","","","",""
"hwy::N_AVX3_SPR::detail::Sort16Rows<(unsigned long)4, hwy::N_AVX3_SPR::detail::SharedTraits<hwy::N_AVX3_SPR::detail::TraitsLane<hwy::N_AVX3_SPR::detail::OrderAscending<unsigned long>>>, unsigned long>","0.337748","0.500s","0.33771","0.500s","0.060s","0.060s","Function","","30","111","","","","","0","0","0","0","170.700","170.700","1.215","1.215","170.700","170.700","1.215","1.215","0","0","10.242","10.242","10.242","10.242","8.431","8.431","140.523","140.523","4.951","3.481","4.951","3.481","0.026","0.026","0.022","0.004","0.022","0.004","< 0.001","< 0.001","< 0.001","< 0.001","< 0.001","< 0.001","< 0.001","< 0.001","< 0.001","< 0.001","< 0.001","< 0.001","2-Source Permutes; Blends; Permutes; Shuffles","UInt16; UInt256; ; ","128/256","AVX; AVX2; AVX512F_128; AVX512F_256","","","","","","vqsort-inl.h:432","tof_fork_g","","","","","","","","","","","","","","","","","","","","","","","","","","","","","","","","","","","","","","","","","","","","","","","","","","","","","","","","","","","","","","","","","","","","","","","","",""
"__intel_avx_rep_memcpy","0.0675495","0.100s","0.0675509","0.100s","0.020s","0.020s","Function","","30","93","","","","","","","","","","","","","","","","","","","","","","","","","","","","","0","0","","0","","","0","0","","0","","","0","0","","0","","","0","0","NT-stores","Int32; UInt16","128/256","AVX","","","","","","","tof_fork_g","","","","","","","","","","","","","","","","","","","","","","","","","","","","","","","","","","","","","","","","","","","","","","","","","","","","","","","","","","","","","","","","","","","","","","","","",""
"hwy::N_AVX3_SPR::detail::Sort8Rows<(unsigned long)2, hwy::N_AVX3_SPR::detail::SharedTraits<hwy::N_AVX3_SPR::detail::TraitsLane<hwy::N_AVX3_SPR::detail::OrderAscending<unsigned long>>>, unsigned long>","0.0675495","0.100s","0.0675389","0.100s","0.020s","0.020s","Function","","30","90","","","","","","","","","","","","","","","","","","","","","","","","","","","","","0","0","","0","","","0","0","","0","","","0","0","","0","","","0","0","Blends; Shuffles","UInt16; ; ","128","AVX; AVX2; AVX512F_128","","","","","","vqsort-inl.h:337","tof_fork_g","","","","","","","","","","","","","","","","","","","","","","","","","","","","","","","","","","","","","","","","","","","","","","","","","","","","","","","","","","","","","","","","","","","","","","","","",""
"[loop in hwy::N_AVX3_SPR::detail::Recurse<(hwy::N_AVX3_SPR::detail::RecurseMode)0, hwy::N_AVX3_SPR::Simd<unsigned long, (unsigned long)8, (int)0>, hwy::N_AVX3_SPR::detail::SharedTraits<hwy::N_AVX3_SPR::detail::TraitsLane<hwy::N_AVX3_SPR::detail::OrderAscendingKV64>>, unsigned long> at vqsort-inl.h:666]","0.0405297","0.060s","0.0405273","0.060s","0.020s","0.020s","Vectorized (Body)","0","30","135","","AVX512","2","","","","","","","","","","","","","","","","","","","","","","","","","","0","0","","0","","","0","0","","0","","","0","0","","0","","","0","0","Mask Manipulations; Permutes; Shifts","UInt256; ","512","AVX512F_512","","","","","","vqsort-inl.h:666","tof_fork_g","","","","","","","","","","","","","","","","","","","","","","","","","","","","","","","","","","","","","","","","","","","","","","","","","","","","","","","","","","","","","","","","","","","","","","","","",""
"hwy::N_AVX3_SPR::detail::BaseCase<hwy::N_AVX3_SPR::Simd<unsigned long, (unsigned long)8, (int)0>, hwy::N_AVX3_SPR::detail::SharedTraits<hwy::N_AVX3_SPR::detail::TraitsLane<hwy::N_AVX3_SPR::detail::OrderAscendingKV64>>, unsigned long>","0.0135099","0.020s","0.0135136","0.020s","0.020s","0.020s","Function","","30","201","","","","","","","","","","","","","","","","","","","","","","","","","","","","","0","0","","0","","","0","0","","0","","","0","0","","0","","","0","0","","","","","","","","","","vqsort-inl.h:574","tof_fork_g","","","","","","","","","","","","","","","","","","","","","","","","","","","","","","","","","","","","","","","","","","","","","","","","","","","","","","","","","","","","","","","","","","","","","","","","",""
"hwy::N_AVX3_SPR::detail::Sort8Rows<(unsigned long)4, hwy::N_AVX3_SPR::detail::SharedTraits<hwy::N_AVX3_SPR::detail::TraitsLane<hwy::N_AVX3_SPR::detail::OrderAscending<unsigned long>>>, unsigned long>","0.0135099","0.020s","0.0135111","0.020s","0.020s","0.020s","Function","","30","137","","","","","0","0","0","0","2.024","2.024","0.796","0.796","2.024","2.024","0.796","0.796","0","0","0.040","0.040","0.040","0.040","0.051","0.051","2.542","2.542","0.030","0.021","0.030","0.021","0.084","0.084","0.060","0.024","0.060","0.024","0.027","0.027","0.026","0.001","0.026","0.001","< 0.001","< 0.001","< 0.001","< 0.001","< 0.001","< 0.001","2-Source Permutes; Blends; Permutes; Shuffles","UInt16; UInt256; ; ","256","AVX; AVX2; AVX512F_256","","","","","","vqsort-inl.h:337","tof_fork_g","","","","","","","","","","","","","","","","","","","","","","","","","","","","","","","","","","","","","","","","","","","","","","","","","","","","","","","","","","","","","","","","","","","","","","","","",""
"[loop in hwy::N_AVX3_SPR::detail::Recurse<(hwy::N_AVX3_SPR::detail::RecurseMode)0, hwy::N_AVX3_SPR::Simd<unsigned long, (unsigned long)8, (int)0>, hwy::N_AVX3_SPR::detail::SharedTraits<hwy::N_AVX3_SPR::detail::TraitsLane<hwy::N_AVX3_SPR::detail::OrderAscendingKV64>>, unsigned long> at vqsort-inl.h]","0.0135099","0.020s","0.0135094","0.020s","0.020s","0.020s","Scalar","0","30","156","","","","","","","","","","","","","","","","","","","","","","","","","","","","","0","0","","0","","","0","0","","0","","","0","0","","0","","","0","0","","","","","","","","","","vqsort-inl.h","tof_fork_g","","","","","","","","","","","","","","","","","","","","","","","","","","","","","","","","","","","","","","","","","","","","","","","","","","","","","","","","","","","","","","","","","","","","","","","","",""
"hwy::N_AVX3_SPR::detail::Sort16Rows<(unsigned long)8, hwy::N_AVX3_SPR::detail::SharedTraits<hwy::N_AVX3_SPR::detail::TraitsLane<hwy::N_AVX3_SPR::detail::OrderAscending<unsigned long>>>, unsigned long>","0.972713","1.440s","0.9727","1.440s","0.100s","0.100s","Function","","28","97","","","","","","","","","","","","","","","","","","","","","","","","","","","","","0","0","","0","","","0","0","","0","","","0","0","","0","","","0","0","2-Source Permutes; Blends; Permutes; Shuffles","UInt256; ","128/512","AVX; AVX512F_128; AVX512F_512","","","","","","vqsort-inl.h:432","tof_fork_g","","","","","","","","","","","","","","","","","","","","","","","","","","","","","","","","","","","","","","","","","","","","","","","","","","","","","","","","","","","","","","","","","","","","","","","","",""
"[loop in hwy::N_AVX3_SPR::detail::Recurse<(hwy::N_AVX3_SPR::detail::RecurseMode)0, hwy::N_AVX3_SPR::Simd<unsigned long, (unsigned long)8, (int)0>, hwy::N_AVX3_SPR::detail::SharedTraits<hwy::N_AVX3_SPR::detail::TraitsLane<hwy::N_AVX3_SPR::detail::OrderAscendingKV64>>, unsigned long> at vqsort-inl.h:881]","0.958528","1.419s","0.958791","1.419s","0.099s","0.099s","Vectorized (Body)","0","28","94","","AVX512","2","","","","","","","","","","","","","","","","","","","","","","","","","","0","0","","0","","","0","0","","0","","","0","0","","0","","","0","0","Mask Manipulations; Permutes; Shifts","UInt256; ","512","AVX512F_512","","","","","","vqsort-inl.h:881","tof_fork_g","","","","","","","","","","","","","","","","","","","","","","","","","","","","","","","","","","","","","","","","","","","","","","","","","","","","","","","","","","","","","","","","","","","","","","","","",""
"hwy::N_AVX3_SPR::detail::Sort8Rows<(unsigned long)2, hwy::N_AVX3_SPR::detail::SharedTraits<hwy::N_AVX3_SPR::detail::TraitsLane<hwy::N_AVX3_SPR::detail::OrderAscending<unsigned long>>>, unsigned long>","0.162119","0.240s","0.162124","0.240s","0.020s","0.020s","Function","","28","90","","","","","0","0","0","0","335.218","335.218","0.453","0.453","335.218","335.218","0.453","0.453","0","0","6.708","6.708","6.708","6.708","14.816","14.816","740.359","740.359","8.889","5.926","8.889","5.926","0","0","0","0","0","0","0","0","0","0","0","0","0","0","0","0","0","0","Blends; Shuffles","UInt16; ; ","128","AVX; AVX2; AVX512F_128","","","","","","vqsort-inl.h:337","tof_fork_g","","","","","","","","","","","","","","","","","","","","","","","","","","","","","","","","","","","","","","","","","","","","","","","","","","","","","","","","","","","","","","","","","","","","","","","","",""
"hwy::N_AVX3_SPR::detail::Sort16Rows<(unsigned long)4, hwy::N_AVX3_SPR::detail::SharedTraits<hwy::N_AVX3_SPR::detail::TraitsLane<hwy::N_AVX3_SPR::detail::OrderAscending<unsigned long>>>, unsigned long>","0.135099","0.200s","0.1351","0.200s","0.040s","0.040s","Function","","28","111","","","","","","","","","","","","","","","","","","","","","","","","","","","","","0","0","","0","","","0","0","","0","","","0","0","","0","","","0","0","2-Source Permutes; Blends; Permutes; Shuffles","UInt16; UInt256; ; ","128/256","AVX; AVX2; AVX512F_128; AVX512F_256","","","","","","vqsort-inl.h:432","tof_fork_g","","","","","","","","","","","","","","","","","","","","","","","","","","","","","","","","","","","","","","","","","","","","","","","","","","","","","","","","","","","","","","","","","","","","","","","","",""
"[loop in hwy::N_AVX3_SPR::detail::Recurse<(hwy::N_AVX3_SPR::detail::RecurseMode)0, hwy::N_AVX3_SPR::Simd<unsigned long, (unsigned long)8, (int)0>, hwy::N_AVX3_SPR::detail::SharedTraits<hwy::N_AVX3_SPR::detail::TraitsLane<hwy::N_AVX3_SPR::detail::OrderAscendingKV64>>, unsigned long> at vqsort-inl.h:666]","0.0810594","0.120s","0.0810641","0.120s","0.020s","0.020s","Vectorized (Body)","0","28","135","","AVX512","2","","","","","","","","","","","","","","","","","","","","","","","","","","0","0","","0","","","0","0","","0","","","0","0","","0","","","0","0","Mask Manipulations; Permutes; Shifts","UInt256; ","512","AVX512F_512","","","","","","vqsort-inl.h:666","tof_fork_g","","","","","","","","","","","","","","","","","","","","","","","","","","","","","","","","","","","","","","","","","","","","","","","","","","","","","","","","","","","","","","","","","","","","","","","","",""
"__intel_avx_rep_memcpy","0.0675495","0.100s","0.0675494","0.100s","0.020s","0.020s","Function","","28","93","","","","","","","","","","","","","","","","","","","","","","","","","","","","","0","0","","0","","","0","0","","0","","","0","0","","0","","","0","0","NT-stores","Int32; UInt16","128/256","AVX","","","","","","","tof_fork_g","","","","","","","","","","","","","","","","","","","","","","","","","","","","","","","","","","","","","","","","","","","","","","","","","","","","","","","","","","","","","","","","","","","","","","","","",""
"hwy::N_AVX3_SPR::detail::BaseCase<hwy::N_AVX3_SPR::Simd<unsigned long, (unsigned long)8, (int)0>, hwy::N_AVX3_SPR::detail::SharedTraits<hwy::N_AVX3_SPR::detail::TraitsLane<hwy::N_AVX3_SPR::detail::OrderAscendingKV64>>, unsigned long>","0.0270198","0.040s","0.0270195","0.040s","0.020s","0.020s","Function","","28","201","","","","","0","0","0","0","6.933","6.933","0.125","0.125","6.933","6.933","0.125","0.125","0","0","0.139","0.139","0.139","0.139","1.109","1.109","55.463","55.463","0.739","0.370","0.739","0.370","0","0","0","0","0","0","0","0","0","0","0","0","0","0","0","0","0","0","","","","","","","","","","vqsort-inl.h:574","tof_fork_g","","","","","","","","","","","","","","","","","","","","","","","","","","","","","","","","","","","","","","","","","","","","","","","","","","","","","","","","","","","","","","","","","","","","","","","","",""
"[loop in hwy::N_AVX3_SPR::detail::Recurse<(hwy::N_AVX3_SPR::detail::RecurseMode)0, hwy::N_AVX3_SPR::Simd<unsigned long, (unsigned long)8, (int)0>, hwy::N_AVX3_SPR::detail::SharedTraits<hwy::N_AVX3_SPR::detail::TraitsLane<hwy::N_AVX3_SPR::detail::OrderAscendingKV64>>, unsigned long> at vqsort-inl.h]","0.0135099","0.020s","0.0135111","0.020s","0.020s","0.020s","Scalar","0","28","156","","","","","0","0","0","0","16.479","16.479","0.400","0.400","16.479","16.479","0.400","0.400","0","0","0.330","0.330","0.330","0.330","0.824","0.824","41.187","41.187","0.824","0","0.824","0","0","0","0","0","0","0","0","0","0","0","0","0","0","0","0","0","0","0","","","","","","","","","","vqsort-inl.h","tof_fork_g","","","","","","","","","","","","","","","","","","","","","","","","","","","","","","","","","","","","","","","","","","","","","","","","","","","","","","","","","","","","","","","","","","","","","","","","",""
"_intel_fast_memcpy","0.0135099","0.020s","0.0135095","0.020s","0.020s","0.020s","Function","","28","115","","","","","","","","","","","","","","","","","","","","","","","","","","","","","0","0","","0","","","0","0","","0","","","0","0","","0","","","0","0","","","","","","","","","","","tof_fork_g","","","","","","","","","","","","","","","","","","","","","","","","","","","","","","","","","","","","","","","","","","","","","","","","","","","","","","","","","","","","","","","","","","","","","","","","",""
"hwy::N_AVX3_SPR::detail::Sort16Rows<(unsigned long)8, hwy::N_AVX3_SPR::detail::SharedTraits<hwy::N_AVX3_SPR::detail::TraitsLane<hwy::N_AVX3_SPR::detail::OrderAscending<unsigned long>>>, unsigned long>","0.810594","1.200s","0.810587","1.200s","0.160s","0.160s","Function","","26","97","","","","","0","0","0","0","91.479","91.479","0.612","0.612","91.479","91.479","0.612","0.612","0","0","14.637","14.637","14.637","14.637","23.923","23.923","149.517","149.517","12.794","11.129","12.794","11.129","0.326","0.326","0.295","0.031","0.295","0.031","0.004","0.004","0.004","< 0.001","0.004","< 0.001","< 0.001","< 0.001","< 0.001","< 0.001","< 0.001","< 0.001","2-Source Permutes; Blends; Permutes; Shuffles","UInt256; ","128/512","AVX; AVX512F_128; AVX512F_512","","","","","","vqsort-inl.h:432","tof_fork_g","","","","","","","","","","","","","","","","","","","","","","","","","","","","","","","","","","","","","","","","","","","","","","","","","","","","","","","","","","","","","","","","","","","","","","","","",""
"hwy::N_AVX3_SPR::detail::Sort16Rows<(unsigned long)4, hwy::N_AVX3_SPR::detail::SharedTraits<hwy::N_AVX3_SPR::detail::TraitsLane<hwy::N_AVX3_SPR::detail::OrderAscending<unsigned long>>>, unsigned long>","0.270198","0.400s","0.270197","0.400s","0.060s","0.060s","Function","","26","111","","","","","0","0","0","0","111.852","111.852","1.483","1.483","111.852","111.852","1.483","1.483","0","0","6.713","6.713","6.713","6.713","4.526","4.526","75.409","75.409","2.565","1.960","2.565","1.960","0.014","0.014","0.013","0.001","0.013","0.001","< 0.001","< 0.001","< 0.001","0","< 0.001","0","0","0","0","0","0","0","2-Source Permutes; Blends; Permutes; Shuffles","UInt16; UInt256; ; ","128/256","AVX; AVX2; AVX512F_128; AVX512F_256","","","","","","vqsort-inl.h:432","tof_fork_g","","","","","","","","","","","","","","","","","","","","","","","","","","","","","","","","","","","","","","","","","","","","","","","","","","","","","","","","","","","","","","","","","","","","","","","","",""
"hwy::N_AVX3_SPR::detail::Sort8Rows<(unsigned long)4, hwy::N_AVX3_SPR::detail::SharedTraits<hwy::N_AVX3_SPR::detail::TraitsLane<hwy::N_AVX3_SPR::detail::OrderAscending<unsigned long>>>, unsigned long>","0.135099","0.200s","0.135096","0.200s","0.040s","0.040s","Function","","26","137","","","","","0","0","0","0","59.246","59.246","0.894","0.894","59.246","59.246","0.894","0.894","0","0","2.370","2.370","2.370","2.370","2.652","2.652","66.293","66.293","1.512","1.139","1.512","1.139","0.074","0.074","0.065","0.010","0.065","0.010","0.011","0.011","0.011","< 0.001","0.011","< 0.001","< 0.001","< 0.001","< 0.001","< 0.001","< 0.001","< 0.001","2-Source Permutes; Blends; Permutes; Shuffles","UInt16; UInt256; ; ","256","AVX; AVX2; AVX512F_256","","","","","","vqsort-inl.h:337","tof_fork_g","","","","","","","","","","","","","","","","","","","","","","","","","","","","","","","","","","","","","","","","","","","","","","","","","","","","","","","","","","","","","","","","","","","","","","","","",""
"hwy::N_AVX3_SPR::detail::Sort8Rows<(unsigned long)2, hwy::N_AVX3_SPR::detail::SharedTraits<hwy::N_AVX3_SPR::detail::TraitsLane<hwy::N_AVX3_SPR::detail::OrderAscending<unsigned long>>>, unsigned long>","0.0810594","0.120s","0.0810554","0.120s","0.040s","0.040s","Function","","26","90","","","","","0","0","0","0","12.554","12.554","0.368","0.368","12.554","12.554","0.368","0.368","0","0","0.502","0.502","0.502","0.502","1.365","1.365","34.131","34.131","0.775","0.590","0.775","0.590","0.006","0.006","0.005","< 0.001","0.005","< 0.001","0","0","0","0","0","0","0","0","0","0","0","0","Blends; Shuffles","UInt16; ; ","128","AVX; AVX2; AVX512F_128","","","","","","vqsort-inl.h:337","tof_fork_g","","","","","","","","","","","","","","","","","","","","","","","","","","","","","","","","","","","","","","","","","","","","","","","","","","","","","","","","","","","","","","","","","","","","","","","","",""
"hwy::N_AVX3_SPR::detail::Sort8Rows<(unsigned long)1, hwy::N_AVX3_SPR::detail::SharedTraits<hwy::N_AVX3_SPR::detail::TraitsLane<hwy::N_AVX3_SPR::detail::OrderAscending<unsigned long>>>, unsigned long>","0.0540396","0.080s","0.0540402","0.080s","0.020s","0.020s","Function","","26","185","","","","","0","0","0","0","13.595","13.595","0.317","0.317","13.595","13.595","0.317","0.317","0","0","0.272","0.272","0.272","0.272","0.859","0.859","42.929","42.929","0.512","0.347","0.512","0.347","0","0","0","0","0","0","0","0","0","0","0","0","0","0","0","0","0","0","2-Source Permutes; Blends; Inserts; Unpacks","UInt16; UInt256; ; ","128/256","AVX; AVX2; AVX512F_128; AVX512F_256","","","","","","vqsort-inl.h:337","tof_fork_g","","","","","","","","","","","","","","","","","","","","","","","","","","","","","","","","","","","","","","","","","","","","","","","","","","","","","","","","","","","","","","","","","","","","","","","","",""
"__intel_avx_rep_memcpy","0.0270198","0.040s","0.027022","0.040s","0.020s","0.020s","Function","","26","93","","","","","","","","","","","","","","","","","","","","","","","","","","","","","0","0","","0","","","0","0","","0","","","0","0","","0","","","0","0","NT-stores","Int32; UInt16","128/256","AVX","","","","","","","tof_fork_g","","","","","","","","","","","","","","","","","","","","","","","","","","","","","","","","","","","","","","","","","","","","","","","","","","","","","","","","","","","","","","","","","","","","","","","","",""
"hwy::N_AVX3_SPR::detail::BaseCase<hwy::N_AVX3_SPR::Simd<unsigned long, (unsigned long)8, (int)0>, hwy::N_AVX3_SPR::detail::SharedTraits<hwy::N_AVX3_SPR::detail::TraitsLane<hwy::N_AVX3_SPR::detail::OrderAscendingKV64>>, unsigned long>","0.0135099","0.020s","0.0135094","0.020s","0.020s","0.020s","Function","","26","201","","","","","0","0","0","0","4.751","4.751","0.125","0.125","4.751","4.751","0.125","0.125","0","0","0.095","0.095","0.095","0.095","0.760","0.760","38.006","38.006","0.507","0.253","0.507","0.253","0","0","0","0","0","0","0","0","0","0","0","0","0","0","0","0","0","0","","","","","","","","","","vqsort-inl.h:574","tof_fork_g","","","","","","","","","","","","","","","","","","","","","","","","","","","","","","","","","","","","","","","","","","","","","","","","","","","","","","","","","","","","","","","","","","","","","","","","",""
"[loop in yggdrasil_decision_forests::model::decision_tree::FindSplitLabelClassificationFeatureNumericalCart at splitter_accumulator.h:66]","3.44503","5.100s","0.756555","1.120s","0.280s","0.120s","Vectorized (Body)","0","25","99","","AVX512","4","","39.379","337.527","0.125","0.175","59.069","63.286","0.188","0.033","98.448","400.813","0.313","0.208","4.726","94.511","7.088","17.721","11.814","112.232","37.804","538.714","315.034","1923.905","0","37.804","500.909","37.804","25.494","42.162","12.879","12.615","26.593","15.568","0","0.081","0","0","0.063","0.018","0","0.018","0","0","0.016","0.002","Type Conversions","Int64; UInt256; ","256","AVX; AVX2; AVX512DQ_256; AVX512F_256","","","","","","splitter_accumulator.h:66","tof_fork_g","208","626776","626776","0","0","37606560","29458472","0","0","0","0","0","0","0","0","0","626776","0","0","0","0","0","0","0","0","0","0","0","37606560","0","0","0","0","0","1253552","7521312","10028416","60170496","0","0","0","0","0","0","0","0","0","0","0","0","0","0","0","0","0","0","626776","0","0","0","0","0","0","0","0","0","0","0","0","0","0","0","3133880"
"__svml_log4_l9","2.68847","3.980s","2.68856","3.980s","0.220s","0.220s","Vector Function","","26","105","","AVX2","4","","408.080","408.080","0.179","0.179","48.325","48.325","0.021","0.021","456.405","456.405","0.200","0.200","89.786","89.786","10.633","10.633","100.418","100.418","500.909","500.909","2276.655","2276.655","500.909","0","500.909","0","16.668","16.668","13.714","2.954","13.714","2.954","0.081","0.081","0.063","0.018","0.063","0.018","0.018","0.018","0.016","0.002","0.016","0.002","Appr. Reciprocals(AVX); Extracts; FMA; Gathers; Shifts; Shuffles; Type Conversions","Int32; Int64; UInt16; UInt256; UInt; ; ","128/256","AVX; AVX2; AVX2GATHER; FMA","","","","","","","tof_fork_g","","","","","","","","","","","","","","","","","","","","","","","","","","","","","","","","","","","","","","","","","","","","","","","","","","","","","","","","","","","","","","","","","","","","","","","","",""
"[loop in yggdrasil_decision_forests::model::decision_tree::FindSplitLabelClassificationFeatureNumericalCart at splitter_scanner.h:1787]","1.85086","2.740s","0","0s","0.160s","0s","Scalar Versions","0","25","236","","","","","","0","","0","","173.560","","0.288","","173.560","","0.288","","0","","27.773","","27.773","","96.353","","602.143","","","57.812","38.541","","87.465","","","64.514","22.951","","13.291","","","9.325","3.966","","8.896","","","6.992","1.904","","Int32; UInt16","","","","","","","","splitter_scanner.h:1787","tof_fork_g","","","","","","","","","","","","","","","","","","","","","","","","","","","","","","","","","","","","","","","","","","","","","","","","","","","","","","","","","","","","","","","","","","","","","","","","",""
"[loop in yggdrasil_decision_forests::model::decision_tree::FindSplitLabelClassificationFeatureNumericalCart at splitter_scanner.h:1787]","1.83735","2.720s","1.83745","2.720s","0.160s","0.160s","Scalar","0","25","104","","","","","0","0","0","0","171.075","171.075","0.288","0.288","171.075","171.075","0.288","0.288","0","0","27.375","27.375","27.375","27.375","95.217","95.217","595.042","595.042","57.130","38.087","57.130","38.087","87.407","87.407","64.463","22.943","64.463","22.943","13.291","13.291","9.325","3.966","9.325","3.966","8.896","8.896","6.992","1.904","6.992","1.904","","Int32; UInt16","","","","","","","","splitter_scanner.h:1787","tof_fork_g","","","","","","","","","","","","","","","","","","","","","","","","","","","","","","","","","","","","","","","","","","","","","","","","","","","","","","","","","","","","","","","","","","","","","","","","",""
"[loop in yggdrasil_decision_forests::model::decision_tree::FindSplitLabelClassificationFeatureNumericalCart at splitter_scanner.h:1787]","0.0135099","0.020s","0.0135115","0.020s","0.020s","0.020s","Scalar","0","25","198","","","","","0","0","0","0","19.882","19.882","0.350","0.350","19.882","19.882","0.350","0.350","0","0","0.398","0.398","0.398","0.398","1.136","1.136","56.806","56.806","0.682","0.455","0.682","0.455","0.058","0.058","0.051","0.007","0.051","0.007","< 0.001","< 0.001","< 0.001","< 0.001","< 0.001","< 0.001","< 0.001","< 0.001","< 0.001","0","< 0.001","0","","Int32; UInt16","","","","","","","","splitter_scanner.h:1787","tof_fork_g","","","","","","","","","","","","","","","","","","","","","","","","","","","","","","","","","","","","","","","","","","","","","","","","","","","","","","","","","","","","","","","","","","","","","","","","",""
"operator new","0.135099","0.200s","0.1351","0.200s","0.040s","0.040s","Function","","25","10","","","","","","","","","","","","","","","","","","","","","","","","","","","","","0","0","","0","","","0","0","","0","","","0","0","","0","","","0","0","","","","","","","","","","","libstdc++.so.6","","","","","","","","","","","","","","","","","","","","","","","","","","","","","","","","","","","","","","","","","","","","","","","","","","","","","","","","","","","","","","","","","","","","","","","","",""
"__libc_free","0.121589","0.180s","0.121581","0.180s","0.040s","0.040s","Function","","25","20","","","","","","","","","","","","","","","","","","","","","","","","","","","","","0","0","","0","","","0","0","","0","","","0","0","","0","","","0","0","","","","","","","","","","","libc.so.6","","","","","","","","","","","","","","","","","","","","","","","","","","","","","","","","","","","","","","","","","","","","","","","","","","","","","","","","","","","","","","","","","","","","","","","","",""
"__svml_log4_mask_e9","0.0945693","0.140s","0.013509","0.020s","0.020s","0.020s","Vector Function","","25","171","","AVX","4","","0","107.799","0","0.156","0","12.766","0","0.018","0","120.565","0","0.174","0","2.156","0","0.255","0","2.412","1.135","13.845","56.745","692.183","0.908","0.227","13.391","0.454","0","0.155","0","0","0.145","0.010","0","< 0.001","0","0","< 0.001","< 0.001","0","< 0.001","0","0","< 0.001","0","Extracts; Shuffles","Int32; Int64; UInt16; ","128/256","AVX","","","","","","","tof_fork_g","","","","","","","","","","","","","","","","","","","","","","","","","","","","","","","","","","","","","","","","","","","","","","","","","","","","","","","","","","","","","","","","","","","","","","","","",""
"__svml_log4","0.0810594","0.120s","0","0s","0.020s","0s","Vector Function","","26","172","","","4","","","107.799","0","0.170","","12.766","0","0.020","","120.565","0","0.190","0","2.156","0","0.255","0","2.412","0.681","12.710","","635.447","0.454","0.227","12.483","0.227","0","0.155","0","0","0.145","0.010","0","< 0.001","0","0","< 0.001","< 0.001","0","< 0.001","0","0","< 0.001","0","","","","","","","","","","","tof_fork_g","","","","","","","","","","","","","","","","","","","","","","","","","","","","","","","","","","","","","","","","","","","","","","","","","","","","","","","","","","","","","","","","","","","","","","","","",""
"__svml_log4_l9","0.0810594","0.120s","0.0810608","0.120s","0.020s","0.020s","Vector Function","","27","105","","AVX2","4","","107.799","107.799","0.179","0.179","12.766","12.766","0.021","0.021","120.565","120.565","0.200","0.200","2.156","2.156","0.255","0.255","2.412","2.412","12.029","12.029","601.405","601.405","12.029","0","12.029","0","0.155","0.155","0.145","0.010","0.145","0.010","< 0.001","< 0.001","< 0.001","< 0.001","< 0.001","< 0.001","< 0.001","< 0.001","< 0.001","0","< 0.001","0","Appr. Reciprocals(AVX); Extracts; FMA; Gathers; Shifts; Shuffles; Type Conversions","Int32; Int64; UInt16; UInt256; UInt; ; ","128/256","AVX; AVX2; AVX2GATHER; FMA","","","","","","","tof_fork_g","","","","","","","","","","","","","","","","","","","","","","","","","","","","","","","","","","","","","","","","","","","","","","","","","","","","","","","","","","","","","","","","","","","","","","","","",""
"func@0xbaa10","0.0810594","0.120s","0.0810614","0.120s","0.020s","0.020s","Function","","25","21","","","","","","","","","","","","","","","","","","","","","","","","","","","","","0","0","","0","","","0","0","","0","","","0","0","","0","","","0","0","","","","","","","","","","","libc.so.6","","","","","","","","","","","","","","","","","","","","","","","","","","","","","","","","","","","","","","","","","","","","","","","","","","","","","","","","","","","","","","","","","","","","","","","","",""
"__intel_avx_rep_memset","0.0810594","0.120s","0.0810547","0.120s","0.020s","0.020s","Function","","25","53","","","","","0","0","0","0","25.331","25.331","0.029","0.029","25.331","25.331","0.029","0.029","0","0","0.507","0.507","0.507","0.507","17.590","17.590","879.379","879.379","0.683","16.907","0.683","16.907","25.400","25.400","15.763","9.638","15.763","9.638","3.323","3.323","2.490","0.834","2.490","0.834","2.602","2.602","2.038","0.564","2.038","0.564","Unpacks","Int32; UInt16; UInt256; ","128/256","AVX; AVX2; SSE2","","","","","","","tof_fork_g","","","","","","","","","","","","","","","","","","","","","","","","","","","","","","","","","","","","","","","","","","","","","","","","","","","","","","","","","","","","","","","","","","","","","","","","",""
"hwy::VQSort","0.0405297","0.060s","0.0270176","0.040s","0.040s","0.020s","Function","","25","159","","","","","0","0","0","0","1.837","0.918","0.016","0.012","1.837","0.918","0.016","0.012","0","0","0.037","0.037","0.037","0.037","2.351","2.939","117.555","73.471","1.469","0.882","1.763","1.176","0","0","0","0","0","0","0","0","0","0","0","0","0","0","0","0","0","0","","","","","","","","","","vqsort_kv64a.cc:61","tof_fork_g","","","","","","","","","","","","","","","","","","","","","","","","","","","","","","","","","","","","","","","","","","","","","","","","","","","","","","","","","","","","","","","","","","","","","","","","",""
"hwy::GetChosenTarget","0.0135099","0.020s","0.0135098","0.020s","0.020s","0.020s","Function","","26","222","","","","","0","0","0","0","0","0","0","0","0","0","0","0","0","0","0","0","0","0","0.588","0.588","29.388","29.388","0.294","0.294","0.294","0.294","0","0","0","0","0","0","0","0","0","0","0","0","0","0","0","0","0","0","","","","","","","","","","targets.cc:812","tof_fork_g","","","","","","","","","","","","","","","","","","","","","","","","","","","","","","","","","","","","","","","","","","","","","","","","","","","","","","","","","","","","","","","","","","","","","","","","",""
"operator delete","0.0270198","0.040s","0.0270212","0.040s","0.020s","0.020s","Function","","25","11","","","","","","","","","","","","","","","","","","","","","","","","","","","","","0","0","","0","","","0","0","","0","","","0","0","","0","","","0","0","","","","","","","","","","","libstdc++.so.6","","","","","","","","","","","","","","","","","","","","","","","","","","","","","","","","","","","","","","","","","","","","","","","","","","","","","","","","","","","","","","","","","","","","","","","","",""
"__svml_logf4_l9","0.0135099","0.020s","0.0135092","0.020s","0.020s","0.020s","Vector Function","","25","144","","AVX2","4","","72.203","72.203","0.346","0.346","17.048","17.048","0.082","0.082","89.251","89.251","0.428","0.428","1.444","1.444","0.341","0.341","1.785","1.785","4.172","4.172","208.586","208.586","4.172","0","4.172","0","2.417","2.417","2.015","0.402","2.015","0.402","0.009","0.009","0.007","0.003","0.007","0.003","0.003","0.003","0.002","< 0.001","0.002","< 0.001","FMA; Shifts; Type Conversions","Int32; UInt16","128","AVX; FMA","","","","","","","tof_fork_g","","","","","","","","","","","","","","","","","","","","","","","","","","","","","","","","","","","","","","","","","","","","","","","","","","","","","","","","","","","","","","","","","","","","","","","","",""
"yggdrasil_decision_forests::model::decision_tree::FeatureNumericalBucket::Filler::SetConditionFinalFromThresholds","0.0135099","0.020s","0","0s","0.020s","0s","Function","","25","187","","","","","","0.133","0.016","0.013","","0.365","0.034","0.035","","0.498","0.051","0.047","0.003","0.003","0.006","0.007","0.008","0.010","0.164","0.210","","10.509","0.091","0.073","0.120","0.090","0.064","0.084","0.061","0.003","0.080","0.004","0.007","0.011","0.007","< 0.001","0.011","< 0.001","0.005","0.008","0.005","< 0.001","0.008","< 0.001","","Int32","128","AVX","","","","","","splitter_accumulator.h:248","tof_fork_g","","","","","","","","","","","","","","","","","","","","","","","","","","","","","","","","","","","","","","","","","","","","","","","","","","","","","","","","","","","","","","","","","","","","","","","","",""
"yggdrasil_decision_forests::model::decision_tree::proto::NodeCondition::mutable_condition","0.0135099","0.020s","0","0s","0.020s","0s","Inlined Function","","26","189","","","","","","0","0","0","","0.082","0.500","0.036","","0.082","0.500","0.036","0","0","0.001","0.002","0.001","0.002","0.003","0.046","","2.297","0.001","0.001","0.028","0.018","0","0.019","0","0","0.018","0.001","0","0.004","0","0","0.004","< 0.001","0","0.003","0","0","0.003","< 0.001","","Int32","128","AVX","","","","","","decision_tree.pb.h:6470","tof_fork_g","","","","","","","","","","","","","","","","","","","","","","","","","","","","","","","","","","","","","","","","","","","","","","","","","","","","","","","","","","","","","","","","","","","","","","","","",""
"yggdrasil_decision_forests::model::decision_tree::proto::NodeCondition::_internal_mutable_condition","0.0135099","0.020s","0","0s","0.020s","0s","Inlined Function","","27","188","","","","","","0","0","0","","0.016","0.011","0.007","","0.016","0.011","0.007","0","0","< 0.001","< 0.001","< 0.001","< 0.001","0.028","0.043","","2.163","0.019","0.009","0.027","0.016","0.006","0.019","0.005","< 0.001","0.018","0.001","< 0.001","0.004","< 0.001","< 0.001","0.004","< 0.001","< 0.001","0.003","< 0.001","< 0.001","0.003","< 0.001","","Int32","128","AVX","","","","","","decision_tree.pb.h:6462","tof_fork_g","","","","","","","","","","","","","","","","","","","","","","","","","","","","","","","","","","","","","","","","","","","","","","","","","","","","","","","","","","","","","","","","","","","","","","","","",""
"google::protobuf::MessageLite::DefaultConstruct<yggdrasil_decision_forests::model::decision_tree::proto::Condition>","0.0135099","0.020s","0","0s","0.020s","0s","Inlined Function","","28","186","","","","","","0","","0","","0","","0","","0","","0","0","0","0","0","0","0","0","0.015","","0.752","0","0","0.008","0.008","0.014","0.014","0.013","< 0.001","0.013","< 0.001","0.004","0.004","0.004","< 0.001","0.004","< 0.001","0.003","0.003","0.003","< 0.001","0.003","< 0.001","","","","","","","","","","message_lite.h:880","tof_fork_g","","","","","","","","","","","","","","","","","","","","","","","","","","","","","","","","","","","","","","","","","","","","","","","","","","","","","","","","","","","","","","","","","","","","","","","","",""
"google::protobuf::Arena::DefaultConstruct<yggdrasil_decision_forests::model::decision_tree::proto::Condition>","0.0135099","0.020s","0","0s","0.020s","0s","Function","","29","190","","","","","","0","0","0","","0","0","0","","0","0","0","0","0","0","0","0","0","0.015","0.015","","0.752","0.008","0.008","0.008","0.008","0","0","0","0","0","0","0","0","0","0","0","0","0","0","0","0","0","0","","","","","","","","","","arena.h:646","tof_fork_g","","","","","","","","","","","","","","","","","","","","","","","","","","","","","","","","","","","","","","","","","","","","","","","","","","","","","","","","","","","","","","","","","","","","","","","","",""
"operator new","0.0135099","0.020s","0.0135077","0.020s","0.020s","0.020s","Function","","30","10","","","","","","","","","","","","","","","","","","","","","","","","","","","","","0","0","","0","","","0","0","","0","","","0","0","","0","","","0","0","","","","","","","","","","","libstdc++.so.6","","","","","","","","","","","","","","","","","","","","","","","","","","","","","","","","","","","","","","","","","","","","","","","","","","","","","","","","","","","","","","","","","","","","","","","","",""
"__intel_avx_rep_memset","0.0675495","0.100s","0.0135081","0.020s","0.020s","0.020s","Function","","24","53","","","","","","0","","0","","0.207","","0.012","","0.207","","0.012","","0","","0.004","","0.004","","0.354","","17.707","","","0","0.354","","0.316","","","0.287","0.029","","0.164","","","0.161","0.003","","0.152","","","0.150","0.002","Unpacks","Int32; UInt16; UInt256; ","128/256","AVX; AVX2; SSE2","","","","","","","tof_fork_g","","","","","","","","","","","","","","","","","","","","","","","","","","","","","","","","","","","","","","","","","","","","","","","","","","","","","","","","","","","","","","","","","","","","","","","","",""
"[loop in __intel_avx_rep_memset]","0.0540396","0.080s","0.0540393","0.080s","0.020s","0.020s","Vectorized (Body)","0","25","162","","AVX","8","","0","0","0","0","0.207","0.207","0.012","0.012","0.207","0.207","0.012","0.012","0","0","0.004","0.004","0.004","0.004","0.354","0.354","17.707","17.707","0","0.354","0","0.354","0.316","0.316","0.287","0.029","0.287","0.029","0.164","0.164","0.161","0.003","0.161","0.003","0.152","0.152","0.150","0.002","0.150","0.002","","UInt16","256","AVX","","","","","","","tof_fork_g","","","","","","","","","","","","","","","","","","","","","","","","","","","","","","","","","","","","","","","","","","","","","","","","","","","","","","","","","","","","","","","","","","","","","","","","",""
"yggdrasil_decision_forests::model::decision_tree::internal::ProjectionEvaluator::Evaluate","22.8189","33.781s","0.0270196","0.040s","1.300s","0.020s","Function","","23","88","","","","","0","12.764","0","0.064","2.006","14.742","0.007","0.074","2.006","27.506","0.007","0.137","0","16.594","0.040","19.165","0.040","35.759","5.776","260.145","288.802","200.110","3.209","2.567","235.248","24.898","0.405","319.504","0.381","0.024","287.962","31.542","< 0.001","260.826","< 0.001","< 0.001","255.657","5.169","< 0.001","245.316","< 0.001","< 0.001","239.469","5.846","FMA; Gathers; Inserts; Shuffles; Unpacks","Int32; UInt16; UInt256; ; ","128/256","AVX; AVX2; AVX512F_256; FMA","","","","","","oblique.cc:1307","tof_fork_g","","","","","","","","","","","","","","","","","","","","","","","","","","","","","","","","","","","","","","","","","","","","","","","","","","","","","","","","","","","","","","","","","","","","","","","","",""
"[loop in yggdrasil_decision_forests::model::decision_tree::internal::ProjectionEvaluator::Evaluate at oblique.cc:1321]","22.7243","33.641s","19.1582","28.362s","1.300s","1.140s","Scalar","1","24","89","","","","","12.343","12.764","0.110","0.067","8.458","14.521","0.075","0.076","20.801","27.286","0.185","0.142","14.071","16.594","9.642","18.878","23.713","35.472","128.028","249.071","112.304","191.592","108.743","19.284","229.145","19.926","318.610","318.803","287.177","31.433","287.355","31.448","260.610","260.703","255.457","5.152","255.549","5.154","245.109","245.196","239.282","5.827","239.367","5.829","FMA","Int32; UInt16","","","","","","","","oblique.cc:1321","tof_fork_g","228","0","0","0","0","0","343890744","0","0","0","0","0","0","0","0","0","0","0","0","0","0","0","0","0","0","0","0","0","0","0","0","0","0","0","286575620","0","2292604960","0","0","0","0","0","0","0","0","0","0","0","0","0","0","0","0","0","0","0","0","0","0","0","0","0","0","0","0","0","0","0","0","0","0","0","0"
"[loop in yggdrasil_decision_forests::model::decision_tree::internal::ProjectionEvaluator::Evaluate at oblique.cc:1326]","2.85059","4.220s","2.35049","3.480s","0.240s","0.220s","Scalar","0","25","87","","","","","11.468","10.512","0.167","0.167","0","2.795","0","0.044","11.468","13.307","0.167","0.211","2.523","2.523","0","0.671","2.523","3.194","15.138","15.138","68.807","63.071","15.138","0","15.138","0","0.100","0.100","0.094","0.006","0.094","0.006","0.092","0.092","0.090","0.002","0.090","0.002","0.086","0.086","0.085","0.002","0.085","0.002","FMA","Int32","","","","","","","","oblique.cc:1326","tof_fork_g","","","","","","","","","","","","","","","","","","","","","","","","","","","","","","","","","","","","","","","","","","","","","","","","","","","","","","","","","","","","","","","","","","","","","","","","",""
"__gnu_cxx::operator!=<yggdrasil_decision_forests::model::decision_tree::internal::AttributeAndWeight const*, std::vector<yggdrasil_decision_forests::model::decision_tree::internal::AttributeAndWeight, std::allocator<yggdrasil_decision_forests::model::decision_tree::internal::AttributeAndWeight>>>","0.486357","0.720s","0.486378","0.720s","0.080s","0.080s","Inlined Function","","26","86","","","","","0","0","","","8.385","8.385","","","8.385","8.385","","","0","0","0.671","0.671","0.671","0.671","0","0","0","0","0","0","0","0","0","0","0","0","0","0","0","0","0","0","0","0","0","0","0","0","0","0","","","","","","","","","","stl_iterator.h:1244","tof_fork_g","","","","","","","","","","","","","","","","","","","","","","","","","","","","","","","","","","","","","","","","","","","","","","","","","","","","","","","","","","","","","","","","","","","","","","","","",""
"yggdrasil_decision_forests::model::decision_tree::internal::ProjectionEvaluator::AttributeValue","0.0135099","0.020s","0.0135113","0.020s","0.020s","0.020s","Inlined Function","","26","103","","","","","","","","","","","","","","","","","","","","","","","","","","","","","0","0","","0","","","0","0","","0","","","0","0","","0","","","0","0","Gathers","Int32; ","128/256","AVX512F_256","","","","","","oblique.h:222","tof_fork_g","","","","","","","","","","","","","","","","","","","","","","","","","","","","","","","","","","","","","","","","","","","","","","","","","","","","","","","","","","","","","","","","","","","","","","","","",""
"yggdrasil_decision_forests::model::decision_tree::internal::ProjectionEvaluator::AttributeValue","0.716025","1.060s","0.634977","0.940s","0.100s","0.100s","Inlined Function","","25","103","","","","","0","0","0","0","85.651","85.651","0.127","0.081","85.651","85.651","0.127","0.081","0","0","8.565","8.565","8.565","8.565","67.338","105.906","673.376","1059.059","66.696","0.642","105.264","0.642","0.092","0.092","0.084","0.009","0.084","0.009","0.002","0.002","0.001","< 0.001","0.001","< 0.001","0.001","0.001","0.001","< 0.001","0.001","< 0.001","Gathers","Int32; ","128/256","AVX512F_256","","","","","","oblique.h:222","tof_fork_g","203","0","0","0","0","0","421192755","0","0","0","0","0","0","0","0","0","0","0","0","0","0","0","0","0","0","0","0","0","0","0","0","0","0","0","140397585","0","1123180680","0","0","0","0","0","0","0","0","0","0","0","0","0","0","0","0","0","0","0","0","0","0","0","0","0","0","0","0","0","0","0","0","0","0","0","0"
"std::vector<float const*, std::allocator<float const*>>::operator[]","0.0810594","0.120s","0.0810567","0.120s","0.040s","0.040s","Inlined Function","","26","136","","","","","0","0","0","0","0","0","0","0","0","0","0","0","0","0","0","0","0","0","38.568","38.568","964.281","964.281","38.568","0","38.568","0","0","0","0","0","0","0","0","0","0","0","0","0","0","0","0","0","0","0","","","","","","","","","","stl_vector.h:1280","tof_fork_g","","","","","","","","","","","","","","","","","","","","","","","","","","","","","","","","","","","","","","","","","","","","","","","","","","","","","","","","","","","","","","","","","","","","","","","","",""
"std::vector<float, std::allocator<float>>::resize","0.0405297","0.060s","0.0270158","0.040s","0.020s","0.020s","Function","","24","58","","","","","0","0","0","0","2.306","6.318","0.019","0.027","2.306","6.318","0.019","0.027","0","0","0.046","0.126","0.046","0.126","2.409","4.656","120.480","232.808","1.931","0.479","2.572","2.083","0.296","0.296","0.227","0.070","0.227","0.070","0.122","0.122","0.108","0.014","0.108","0.014","0.119","0.119","0.101","0.017","0.101","0.017","","","","","","","","","","stl_vector.h:1143","tof_fork_g","","","","","","","","","","","","","","","","","","","","","","","","","","","","","","","","","","","","","","","","","","","","","","","","","","","","","","","","","","","","","","","","","","","","","","","","",""
"std::vector<float, std::allocator<float>>::size","0.0135099","0.020s","0.0135067","0.020s","0.020s","0.020s","Inlined Function","","25","155","","","","","0","0","0","0","4.012","4.012","0.036","0.036","4.012","4.012","0.036","0.036","0","0","0.080","0.080","0.080","0.080","2.246","2.246","112.345","112.345","0.642","1.605","0.642","1.605","0","0","0","0","0","0","0","0","0","0","0","0","0","0","0","0","0","0","","","","","","","","","","stl_vector.h:1117","tof_fork_g","","","","","","","","","","","","","","","","","","","","","","","","","","","","","","","","","","","","","","","","","","","","","","","","","","","","","","","","","","","","","","","","","","","","","","","","",""
"absl::lts_20250814::Status::Status","0.0135099","0.020s","0","0s","0.020s","0s","Inlined Function","","24","174","","","","","","0","0","0","","4.011","0","0.125","","4.011","0","0.125","0","0","0","0.080","0","0.080","0.642","0.642","","32.091","0.321","0.321","0.321","0.321","0","0","0","0","0","0","0","0","0","0","0","0","0","0","0","0","0","0","","","","","","","","","","status.h:776","tof_fork_g","","","","","","","","","","","","","","","","","","","","","","","","","","","","","","","","","","","","","","","","","","","","","","","","","","","","","","","","","","","","","","","","","","","","","","","","",""
"absl::lts_20250814::Status::Ref","0.0135099","0.020s","0.0135101","0.020s","0.020s","0.020s","Inlined Function","","25","173","","","","","0","0","","","4.011","4.011","","","4.011","4.011","","","0","0","0.080","0.080","0.080","0.080","0","0","0","0","0","0","0","0","0","0","0","0","0","0","0","0","0","0","0","0","0","0","0","0","0","0","","","","","","","","","","status.h:916","tof_fork_g","","","","","","","","","","","","","","","","","","","","","","","","","","","","","","","","","","","","","","","","","","","","","","","","","","","","","","","","","","","","","","","","","","","","","","","","",""
"absl::lts_20250814::Status::ok","0.0135099","0.020s","0.0135094","0.020s","0.020s","0.020s","Inlined Function","","24","202","","","","","0","0","","","2.006","2.006","","","2.006","2.006","","","0","0","0.040","0.040","0.040","0.040","0","0","0","0","0","0","0","0","0","0","0","0","0","0","0","0","0","0","0","0","0","0","0","0","0","0","","","","","","","","","","status.h:816","tof_fork_g","","","","","","","","","","","","","","","","","","","","","","","","","","","","","","","","","","","","","","","","","","","","","","","","","","","","","","","","","","","","","","","","","","","","","","","","",""
"yggdrasil_decision_forests::model::decision_tree::internal::SampleProjection","2.9992","4.440s","0.189141","0.280s","0.300s","0.040s","Function","","23","102","","","","","2.006","16.045","0.004","0.036","23.232","42.437","0.042","0.095","25.238","58.482","0.045","0.131","0.080","4.814","0.929","12.731","1.010","17.545","22.206","133.478","555.155","444.916","12.136","10.070","91.680","41.798","2.782","34.728","2.659","0.123","33.061","1.666","0.036","6.958","0.036","< 0.001","6.904","0.054","0.003","0.178","0.002","< 0.001","0.173","0.006","Divisions; Shuffles; Square Roots; Unpacks","Int32; Int64; ; ","128","AVX; AVX2; AVX512DQ_128; AVX512F_128","","","","","","oblique.cc","tof_fork_g","","","","","","","","","","","","","","","","","","","","","","","","","","","","","","","","","","","","","","","","","","","","","","","","","","","","","","","","","","","","","","","","","","","","","","","","",""
"std::binomial_distribution<unsigned long>::operator()<std::mersenne_twister_engine<unsigned long, (unsigned long)32, (unsigned long)624, (unsigned long)397, (unsigned long)31, (unsigned long)2567483615, (unsigned long)11, (unsigned long)4294967295, (unsigned long)7, (unsigned long)2636928640, (unsigned long)15, (unsigned long)4022730752, (unsigned long)18, (unsigned long)1812433253>>","1.01324","1.500s","0.148606","0.220s","0.120s","0.040s","Function","","24","150","","","","","1.003","29.581","0.005","0.069","2.006","44.802","0.010","0.104","3.008","74.383","0.016","0.173","0.040","3.550","0.080","5.377","0.120","8.927","7.742","51.477","193.544","428.930","4.533","3.209","38.480","12.997","0.145","7.227","0.133","0.012","6.846","0.381","< 0.001","0.107","< 0.001","< 0.001","0.106","< 0.001","< 0.001","0.018","< 0.001","< 0.001","0.017","< 0.001","Shifts","Int64; UInt16; ","128/256","AVX; AVX2; AVX512DQ_128; AVX512F_256","","","","","","random.tcc:1567","tof_fork_g","","","","","","","","","","","","","","","","","","","","","","","","","","","","","","","","","","","","","","","","","","","","","","","","","","","","","","","","","","","","","","","","","","","","","","","","",""
"std::binomial_distribution<unsigned long>::_M_waiting<std::mersenne_twister_engine<unsigned long, (unsigned long)32, (unsigned long)624, (unsigned long)397, (unsigned long)31, (unsigned long)2567483615, (unsigned long)11, (unsigned long)4294967295, (unsigned long)7, (unsigned long)2636928640, (unsigned long)15, (unsigned long)4022730752, (unsigned long)18, (unsigned long)1812433253>>","0.851124","1.260s","0.0810527","0.120s","0.120s","0.020s","Function","","25","108","","","","","0","29.246","0","0.081","5.014","43.800","0.018","0.121","5.014","73.046","0.018","0.202","0","3.510","0.100","5.256","0.100","8.766","5.616","43.414","280.776","361.746","3.049","2.567","33.626","9.788","0.395","7.082","0.345","0.051","6.713","0.369","< 0.001","0.107","< 0.001","< 0.001","0.106","< 0.001","< 0.001","0.018","< 0.001","< 0.001","0.017","< 0.001","Shifts","UInt16; ","256","AVX; AVX2; AVX512F_256","","","","","","random.tcc:1532","tof_fork_g","","","","","","","","","","","","","","","","","","","","","","","","","","","","","","","","","","","","","","","","","","","","","","","","","","","","","","","","","","","","","","","","","","","","","","","","",""
"[loop in std::binomial_distribution<unsigned long>::_M_waiting<std::mersenne_twister_engine<unsigned long, (unsigned long)32, (unsigned long)624, (unsigned long)397, (unsigned long)31, (unsigned long)2567483615, (unsigned long)11, (unsigned long)4294967295, (unsigned long)7, (unsigned long)2636928640, (unsigned long)15, (unsigned long)4022730752, (unsigned long)18, (unsigned long)1812433253>> at random.tcc:1532]","0.770064","1.140s","0.25669","0.380s","0.120s","0.060s","Scalar","2","26","110","","","","","6.685","29.246","0.045","0.093","5.014","42.964","0.034","0.136","11.698","72.210","0.080","0.229","0.401","3.510","0.301","5.156","0.702","8.666","8.825","37.798","147.064","314.952","7.220","1.605","30.577","7.221","0.207","6.687","0.196","0.011","6.368","0.318","< 0.001","0.106","< 0.001","< 0.001","0.105","< 0.001","< 0.001","0.017","< 0.001","< 0.001","0.017","< 0.001","Divisions; Type Conversions","Int64; ","256","AVX2","","","","","","random.tcc:1532","tof_fork_g","","","","","","","","","","","","","","","","","","","","","","","","","","","","","","","","","","","","","","","","","","","","","","","","","","","","","","","","","","","","","","","","","","","","","","","","",""
"__libm_log_z0","0.324238","0.480s","0.324233","0.480s","0.060s","0.060s","Function","","27","154","","","","","41.783","41.783","0.216","0.216","25.070","25.070","0.129","0.129","66.853","66.853","0.345","0.345","2.507","2.507","1.504","1.504","4.011","4.011","11.633","11.633","193.873","193.873","11.633","0","11.633","0","3.732","3.732","3.546","0.187","3.546","0.187","0.053","0.053","0.053","< 0.001","0.053","< 0.001","< 0.001","< 0.001","< 0.001","< 0.001","< 0.001","< 0.001","Shifts","UInt256; ; ","128","AVX; AVX2; AVX512F_128","","","","","","","tof_fork_g","","","","","","","","","","","","","","","","","","","","","","","","","","","","","","","","","","","","","","","","","","","","","","","","","","","","","","","","","","","","","","","","","","","","","","","","",""
"std::__detail::_Adaptor<std::mersenne_twister_engine<unsigned long, (unsigned long)32, (unsigned long)624, (unsigned long)397, (unsigned long)31, (unsigned long)2567483615, (unsigned long)11, (unsigned long)4294967295, (unsigned long)7, (unsigned long)2636928640, (unsigned long)15, (unsigned long)4022730752, (unsigned long)18, (unsigned long)1812433253>, double>::operator()","0.189139","0.280s","0","0s","0.040s","0s","Inlined Function","","27","109","","","","","","15.039","","0.035","","83.759","","0.193","","98.798","","0.228","","0.602","","3.351","","3.953","","17.340","","433.409","","","11.724","5.616","","2.747","","","2.627","0.120","","0.052","","","0.052","< 0.001","","0.016","","","0.016","< 0.001","Shifts","UInt16; ","256","AVX; AVX2; AVX512F_256","","","","","","random.h:291","tof_fork_g","","","","","","","","","","","","","","","","","","","","","","","","","","","","","","","","","","","","","","","","","","","","","","","","","","","","","","","","","","","","","","","","","","","","","","","","",""
"std::generate_canonical<double, (unsigned long)53, std::mersenne_twister_engine<unsigned long, (unsigned long)32, (unsigned long)624, (unsigned long)397, (unsigned long)31, (unsigned long)2567483615, (unsigned long)11, (unsigned long)4294967295, (unsigned long)7, (unsigned long)2636928640, (unsigned long)15, (unsigned long)4022730752, (unsigned long)18, (unsigned long)1812433253>>","0.175629","0.260s","0","0s","0.040s","0s","Inlined Function","","28","107","","","","","","15.039","0","0.035","","83.614","0.083","0.197","","98.654","0.083","0.233","0","0.602","0.080","3.345","0.080","3.947","0.963","16.965","","424.038","0.963","0","11.359","5.606","0","2.704","0","0","2.584","0.120","0","0.051","0","0","0.051","< 0.001","0","0.016","0","0","0.016","< 0.001","Shifts","UInt16; ","256","AVX; AVX2; AVX512F_256","","","","","","random.tcc:3349","tof_fork_g","","","","","","","","","","","","","","","","","","","","","","","","","","","","","","","","","","","","","","","","","","","","","","","","","","","","","","","","","","","","","","","","","","","","","","","","",""
"[loop in std::generate_canonical<double, (unsigned long)53, std::mersenne_twister_engine<unsigned long, (unsigned long)32, (unsigned long)624, (unsigned long)397, (unsigned long)31, (unsigned long)2567483615, (unsigned long)11, (unsigned long)4294967295, (unsigned long)7, (unsigned long)2636928640, (unsigned long)15, (unsigned long)4022730752, (unsigned long)18, (unsigned long)1812433253>> at random.tcc:3365]","0.175629","0.260s","0.0675556","0.100s","0.040s","0.020s","Scalar","1","29","106","","","","","30.075","15.039","0.083","0.038","90.208","81.609","0.250","0.204","120.282","96.648","0.333","0.242","0.602","0.602","1.805","3.265","2.406","3.867","7.220","16.003","360.895","399.975","4.011","3.209","10.397","5.606","0","2.704","0","0","2.584","0.120","0","0.051","0","0","0.051","< 0.001","0","0.016","0","0","0.016","< 0.001","FMA; Mask Manipulations; Shifts; Type Conversions","Int64; ","256","AVX2; AVX512F_256","","","","","","random.tcc:3365","tof_fork_g","","","","","","","","","","","","","","","","","","","","","","","","","","","","","","","","","","","","","","","","","","","","","","","","","","","","","","","","","","","","","","","","","","","","","","","","",""
"std::mersenne_twister_engine<unsigned long, (unsigned long)32, (unsigned long)624, (unsigned long)397, (unsigned long)31, (unsigned long)2567483615, (unsigned long)11, (unsigned long)4294967295, (unsigned long)7, (unsigned long)2636928640, (unsigned long)15, (unsigned long)4022730752, (unsigned long)18, (unsigned long)1812433253>::operator()","0.108079","0.160s","0.0810608","0.120s","0.040s","0.020s","Inlined Function","","30","157","","","","","0","0","0","0","50.138","36.509","0.417","0.166","50.138","36.509","0.417","0.166","0","0","1.003","1.460","1.003","1.460","2.404","8.782","120.202","219.559","1.602","0.802","6.385","2.397","1.551","2.704","1.467","0.084","2.584","0.120","0.028","0.051","0.028","< 0.001","0.051","< 0.001","0.008","0.016","0.008","< 0.001","0.016","< 0.001","Shifts","UInt16; ","256","AVX; AVX2; AVX512F_256","","","","","","random.tcc:455","tof_fork_g","","","","","","","","","","","","","","","","","","","","","","","","","","","","","","","","","","","","","","","","","","","","","","","","","","","","","","","","","","","","","","","","","","","","","","","","",""
"std::mersenne_twister_engine<unsigned long, (unsigned long)32, (unsigned long)624, (unsigned long)397, (unsigned long)31, (unsigned long)2567483615, (unsigned long)11, (unsigned long)4294967295, (unsigned long)7, (unsigned long)2636928640, (unsigned long)15, (unsigned long)4022730752, (unsigned long)18, (unsigned long)1812433253>::_M_gen_rand","0.0270198","0.040s","0","0s","0.020s","0s","Inlined Function","","31","184","","","","","","0","","0","","22.872","","0.072","","22.872","","0.072","","0","","0.457","","0.457","","6.378","","318.877","","","4.783","1.594","","1.153","","","1.117","0.036","","0.023","","","0.023","< 0.001","","0.008","","","0.008","< 0.001","Shifts","UInt16; ","256","AVX; AVX2; AVX512F_256","","","","","","random.tcc:399","tof_fork_g","","","","","","","","","","","","","","","","","","","","","","","","","","","","","","","","","","","","","","","","","","","","","","","","","","","","","","","","","","","","","","","","","","","","","","","","",""
"[loop in std::mersenne_twister_engine<unsigned long, (unsigned long)32, (unsigned long)624, (unsigned long)397, (unsigned long)31, (unsigned long)2567483615, (unsigned long)11, (unsigned long)4294967295, (unsigned long)7, (unsigned long)2636928640, (unsigned long)15, (unsigned long)4022730752, (unsigned long)18, (unsigned long)1812433253>::_M_gen_rand at random.tcc:404]","0.0135099","0.020s","0.0135105","0.020s","0.020s","0.020s","Vectorized (Body)","0","32","234","","AVX512","16","","0","0","0","0","8.551","8.551","0.074","0.074","8.551","8.551","0.074","0.074","0","0","0.171","0.171","0.171","0.171","2.304","2.304","115.207","115.207","1.728","0.576","1.728","0.576","0.833","0.833","0.806","0.027","0.806","0.027","0.018","0.018","0.018","< 0.001","0.018","< 0.001","0.006","0.006","0.006","< 0.001","0.006","< 0.001","Shifts","UInt16; ","256","AVX; AVX2; AVX512F_256","","","","","","random.tcc:404","tof_fork_g","","","","","","","","","","","","","","","","","","","","","","","","","","","","","","","","","","","","","","","","","","","","","","","","","","","","","","","","","","","","","","","","","","","","","","","","",""
"[loop in std::mersenne_twister_engine<unsigned long, (unsigned long)32, (unsigned long)624, (unsigned long)397, (unsigned long)31, (unsigned long)2567483615, (unsigned long)11, (unsigned long)4294967295, (unsigned long)7, (unsigned long)2636928640, (unsigned long)15, (unsigned long)4022730752, (unsigned long)18, (unsigned long)1812433253>::_M_gen_rand at random.tcc:412]","0.0135099","0.020s","0.0135093","0.020s","0.020s","0.020s","Vectorized (Body)","0","32","205","","AVX512","16","","0","0","0","0","14.322","14.322","0.070","0.070","14.322","14.322","0.070","0.070","0","0","0.286","0.286","0.286","0.286","4.074","4.074","203.688","203.688","3.055","1.018","3.055","1.018","0.320","0.320","0.311","0.009","0.311","0.009","0.005","0.005","0.005","< 0.001","0.005","< 0.001","0.002","0.002","0.002","< 0.001","0.002","< 0.001","Shifts","UInt16; ","256","AVX; AVX2; AVX512F_256","","","","","","random.tcc:412","tof_fork_g","","","","","","","","","","","","","","","","","","","","","","","","","","","","","","","","","","","","","","","","","","","","","","","","","","","","","","","","","","","","","","","","","","","","","","","","",""
"std::mersenne_twister_engine<unsigned long, (unsigned long)32, (unsigned long)624, (unsigned long)397, (unsigned long)31, (unsigned long)2567483615, (unsigned long)11, (unsigned long)4294967295, (unsigned long)7, (unsigned long)2636928640, (unsigned long)15, (unsigned long)4022730752, (unsigned long)18, (unsigned long)1812433253>::operator()","0.0135099","0.020s","0","0s","0.020s","0s","Inlined Function","","28","157","","","","","","0","","0","","0.289","","0.015","","0.289","","0.015","","0","","0.006","","0.006","","0.375","","18.745","","","0.365","0.010","","0.044","","","0.043","< 0.001","","< 0.001","","","< 0.001","< 0.001","","< 0.001","","","< 0.001","< 0.001","Shifts","UInt16; ","256","AVX; AVX2; AVX512F_256","","","","","","random.tcc:455","tof_fork_g","","","","","","","","","","","","","","","","","","","","","","","","","","","","","","","","","","","","","","","","","","","","","","","","","","","","","","","","","","","","","","","","","","","","","","","","",""
"std::mersenne_twister_engine<unsigned long, (unsigned long)32, (unsigned long)624, (unsigned long)397, (unsigned long)31, (unsigned long)2567483615, (unsigned long)11, (unsigned long)4294967295, (unsigned long)7, (unsigned long)2636928640, (unsigned long)15, (unsigned long)4022730752, (unsigned long)18, (unsigned long)1812433253>::_M_gen_rand","0.0135099","0.020s","0.0135105","0.020s","0.020s","0.020s","Inlined Function","","29","184","","","","","0","0","0","0","0.289","0.289","0.015","0.015","0.289","0.289","0.015","0.015","0","0","0.006","0.006","0.006","0.006","0.375","0.375","18.745","18.745","0.365","0.010","0.365","0.010","0.044","0.044","0.043","< 0.001","0.043","< 0.001","< 0.001","< 0.001","< 0.001","< 0.001","< 0.001","< 0.001","< 0.001","< 0.001","< 0.001","< 0.001","< 0.001","< 0.001","Shifts","UInt16; ","256","AVX; AVX2; AVX512F_256","","","","","","random.tcc:399","tof_fork_g","","","","","","","","","","","","","","","","","","","","","","","","","","","","","","","","","","","","","","","","","","","","","","","","","","","","","","","","","","","","","","","","","","","","","","","","",""
"log","0.0135099","0.020s","0.013509","0.020s","0.020s","0.020s","Function","","25","203","","","","","0","0","0","0","2.006","2.006","0.125","0.125","2.006","2.006","0.125","0.125","0","0","0.040","0.040","0.040","0.040","0.321","0.321","16.047","16.047","0.321","0","0.321","0","0","0","0","0","0","0","0","0","0","0","0","0","0","0","0","0","0","0","","","","","","","","","","","tof_fork_g","","","","","","","","","","","","","","","","","","","","","","","","","","","","","","","","","","","","","","","","","","","","","","","","","","","","","","","","","","","","","","","","","","","","","","","","",""
"[loop in yggdrasil_decision_forests::model::decision_tree::internal::SampleProjection at oblique.cc:1037]","0.905164","1.340s","0.905157","1.340s","0.120s","0.120s","Vectorized (Body)","0","24","101","","AVX512","2; 4","","1.504","1.504","0.010","0.010","7.922","7.922","0.053","0.053","9.426","9.426","0.063","0.063","0.181","0.181","0.951","0.951","1.131","1.131","17.898","17.898","149.154","149.154","14.488","3.410","14.488","3.410","19.226","19.226","18.344","0.882","18.344","0.882","6.688","6.688","6.637","0.052","6.637","0.052","0.086","0.086","0.083","0.003","0.083","0.003","Divisions; FMA; Mask Manipulations; Type Conversions","Int32; Int64; ","128","AVX; AVX512DQ_128","","","","","","oblique.cc:1037","tof_fork_g","","","","","","","","","","","","","","","","","","","","","","","","","","","","","","","","","","","","","","","","","","","","","","","","","","","","","","","","","","","","","","","","","","","","","","","","",""
"[loop in yggdrasil_decision_forests::model::decision_tree::internal::SampleProjection at oblique.cc]","0.607946","0.900s","0.0405241","0.060s","0.120s","0.020s","Scalar","2","24","139","","","","","0","0","0","0","25.520","40.089","0.173","0.134","25.520","40.089","0.173","0.134","0","0","0.510","4.811","0.510","4.811","2.948","35.966","147.425","299.712","1.986","0.963","21.892","14.074","0","3.058","0","0","2.924","0.134","0","0.119","0","0","0.118","< 0.001","0","0.071","0","0","0.069","0.001","Divisions","","","","","","","","","oblique.cc","tof_fork_g","","","","","","","","","","","","","","","","","","","","","","","","","","","","","","","","","","","","","","","","","","","","","","","","","","","","","","","","","","","","","","","","","","","","","","","","",""
"absl::lts_20250814::container_internal::btree_set_container<absl::lts_20250814::container_internal::btree<absl::lts_20250814::container_internal::set_params<unsigned long, std::less<unsigned long>, std::allocator<unsigned long>, (int)256, (bool)0>>>::insert","0.459337","0.680s","0.0540391","0.080s","0.080s","0.020s","Function","","25","142","","","","","0","0","0","0","0","19.870","0","0.071","0","19.870","0","0.071","0","0","0","1.590","0","1.590","6.236","22.371","311.770","279.624","3.347","2.889","12.294","10.077","0","0.653","0","0","0.624","0.029","0","0.071","0","0","0.071","< 0.001","0","0.056","0","0","0.055","< 0.001","","Int32; UInt16; ","256","AVX; AVX512F_256","","","","","","btree_container.h:331","tof_fork_g","","","","","","","","","","","","","","","","","","","","","","","","","","","","","","","","","","","","","","","","","","","","","","","","","","","","","","","","","","","","","","","","","","","","","","","","",""
"absl::lts_20250814::container_internal::btree<absl::lts_20250814::container_internal::set_params<unsigned long, std::less<unsigned long>, std::allocator<unsigned long>, (int)256, (bool)0>>::insert_unique<unsigned long, unsigned long const&>","0.405297","0.600s","0.0270178","0.040s","0.080s","0.020s","Inlined Function","","26","143","","","","","0","0","0","0","8.030","19.870","0.046","0.099","8.030","19.870","0.046","0.099","0","0","0.161","1.590","0.161","1.590","3.474","16.136","173.695","201.682","0.615","2.858","8.947","7.188","0.220","0.653","0.209","0.011","0.624","0.029","0.003","0.071","0.003","< 0.001","0.071","< 0.001","0.001","0.056","0.001","< 0.001","0.055","< 0.001","","Int32; UInt16; ","256","AVX; AVX512F_256","","","","","","btree.h:2373","tof_fork_g","","","","","","","","","","","","","","","","","","","","","","","","","","","","","","","","","","","","","","","","","","","","","","","","","","","","","","","","","","","","","","","","","","","","","","","","",""
"absl::lts_20250814::container_internal::btree<absl::lts_20250814::container_internal::set_params<unsigned long, std::less<unsigned long>, std::allocator<unsigned long>, (int)256, (bool)0>>::internal_emplace<unsigned long const&>","0.297218","0.440s","0.0135086","0.020s","0.040s","0.020s","Inlined Function","","27","165","","","","","0","0","0","0","19.521","16.099","0.093","0.059","19.521","16.099","0.093","0.059","0","0","0.390","0.644","0.390","0.644","4.179","10.873","208.970","271.797","2.766","1.413","6.543","4.330","0.051","0.329","0.049","0.002","0.315","0.013","0.003","0.046","0.003","< 0.001","0.046","< 0.001","0.002","0.036","0.002","< 0.001","0.036","< 0.001","","Int32; UInt16","256","AVX","","","","","","btree.h:2914","tof_fork_g","","","","","","","","","","","","","","","","","","","","","","","","","","","","","","","","","","","","","","","","","","","","","","","","","","","","","","","","","","","","","","","","","","","","","","","","",""
"absl::lts_20250814::container_internal::btree<absl::lts_20250814::container_internal::set_params<unsigned long, std::less<unsigned long>, std::allocator<unsigned long>, (int)256, (bool)0>>::internal_emplace<unsigned long const&>(absl::lts_20250814::container_internal::btree_iterator<absl::lts_20250814::container_internal::btree_node<absl::lts_20250814::container_internal::set_params<unsigned long, std::less<unsigned long>, std::allocator<unsigned long>, (int)256, (bool)0>>, unsigned long const&, unsigned long const*>, unsigned long const&&&)::{lambda(unsigned char)#1}::operator()","0.256688","0.380s","0","0s","0.040s","0s","Inlined Function","","28","164","","","","","","0","0","0","","4.418","0.020","0.032","","4.418","0.020","0.032","0","0","0.026","0.177","0.026","0.177","1.334","5.537","","138.418","0.418","0.915","3.235","2.302","0","0.278","0","0","0.266","0.012","0","0.043","0","0","0.043","< 0.001","0","0.035","0","0","0.034","< 0.001","","Int32; UInt16","256","AVX","","","","","","btree.h:2934","tof_fork_g","","","","","","","","","","","","","","","","","","","","","","","","","","","","","","","","","","","","","","","","","","","","","","","","","","","","","","","","","","","","","","","","","","","","","","","","",""
"absl::lts_20250814::container_internal::btree<absl::lts_20250814::container_internal::set_params<unsigned long, std::less<unsigned long>, std::allocator<unsigned long>, (int)256, (bool)0>>::new_leaf_root_node","0.189139","0.280s","0","0s","0.040s","0s","Inlined Function","","29","183","","","","","","0","","","","0.654","","","","0.654","","","","0","","0.026","","0.026","","0","","0","","","0","0","","0.269","","","0.258","0.011","","0.039","","","0.039","< 0.001","","0.031","","","0.030","< 0.001","","","","","","","","","","btree.h:1720","tof_fork_g","","","","","","","","","","","","","","","","","","","","","","","","","","","","","","","","","","","","","","","","","","","","","","","","","","","","","","","","","","","","","","","","","","","","","","","","",""
"absl::lts_20250814::container_internal::btree<absl::lts_20250814::container_internal::set_params<unsigned long, std::less<unsigned long>, std::allocator<unsigned long>, (int)256, (bool)0>>::allocate","0.189139","0.280s","0","0s","0.040s","0s","Inlined Function","","30","182","","","","","","0","","","","0.654","","","","0.654","","","","0","","0.026","","0.026","","0","","0","","","0","0","","0.269","","","0.258","0.011","","0.039","","","0.039","< 0.001","","0.031","","","0.030","< 0.001","","","","","","","","","","btree.h:1703","tof_fork_g","","","","","","","","","","","","","","","","","","","","","","","","","","","","","","","","","","","","","","","","","","","","","","","","","","","","","","","","","","","","","","","","","","","","","","","","",""
"absl::lts_20250814::container_internal::Allocate<(unsigned long)8, std::allocator<unsigned long>>","0.189139","0.280s","0","0s","0.040s","0s","Inlined Function","","31","181","","","","","","0","","","","0.654","","","","0.654","","","","0","","0.026","","0.026","","0","","0","","","0","0","","0.269","","","0.258","0.011","","0.039","","","0.039","< 0.001","","0.031","","","0.030","< 0.001","","","","","","","","","","container_memory.h:57","tof_fork_g","","","","","","","","","","","","","","","","","","","","","","","","","","","","","","","","","","","","","","","","","","","","","","","","","","","","","","","","","","","","","","","","","","","","","","","","",""
"std::allocator_traits<std::allocator<absl::lts_20250814::container_internal::AlignedType<(unsigned long)8>>>::allocate","0.189139","0.280s","0","0s","0.040s","0s","Inlined Function","","32","180","","","","","","0","","","","0.654","","","","0.654","","","","0","","0.026","","0.026","","0","","0","","","0","0","","0.269","","","0.258","0.011","","0.039","","","0.039","< 0.001","","0.031","","","0.030","< 0.001","","","","","","","","","","alloc_traits.h:613","tof_fork_g","","","","","","","","","","","","","","","","","","","","","","","","","","","","","","","","","","","","","","","","","","","","","","","","","","","","","","","","","","","","","","","","","","","","","","","","",""
"std::__new_allocator<absl::lts_20250814::container_internal::AlignedType<(unsigned long)8>>::allocate","0.189139","0.280s","0","0s","0.040s","0s","Inlined Function","","33","179","","","","","","0","","","","0.654","","","","0.654","","","0","0","0.026","0.026","0.026","0.026","0","0","","0","0","0","0","0","0.269","0.269","0.258","0.011","0.258","0.011","0.039","0.039","0.039","< 0.001","0.039","< 0.001","0.031","0.031","0.030","< 0.001","0.030","< 0.001","","","","","","","","","","new_allocator.h:126","tof_fork_g","","","","","","","","","","","","","","","","","","","","","","","","","","","","","","","","","","","","","","","","","","","","","","","","","","","","","","","","","","","","","","","","","","","","","","","","",""
"operator new","0.189139","0.280s","0.189149","0.280s","0.040s","0.040s","Function","","34","10","","","","","","","","","","","","","","","","","","","","","","","","","","","","","0","0","","0","","","0","0","","0","","","0","0","","0","","","0","0","","","","","","","","","","","libstdc++.so.6","","","","","","","","","","","","","","","","","","","","","","","","","","","","","","","","","","","","","","","","","","","","","","","","","","","","","","","","","","","","","","","","","","","","","","","","",""
"absl::lts_20250814::container_internal::btree<absl::lts_20250814::container_internal::set_params<unsigned long, std::less<unsigned long>, std::allocator<unsigned long>, (int)256, (bool)0>>::internal_emplace<unsigned long const&>(absl::lts_20250814::container_internal::btree_iterator<absl::lts_20250814::container_internal::btree_node<absl::lts_20250814::container_internal::set_params<unsigned long, std::less<unsigned long>, std::allocator<unsigned long>, (int)256, (bool)0>>, unsigned long const&, unsigned long const*>, unsigned long const&&&)::{lambda(absl::lts_20250814::container_internal::btree_node<absl::lts_20250814::container_internal::set_params<unsigned long, std::less<unsigned long>, std::allocator<unsigned long>, (int)256, (bool)0>>*absl::lts_20250814::container_internal::btree_node<absl::lts_20250814::container_internal::set_params<unsigned long, std::less<unsigned long>, std::allocator<unsigned long>, (int)256, (bool)0>>*)#1}::operator()","0.0675495","0.100s","0","0s","0.040s","0s","Inlined Function","","29","163","","","","","","0","0","0","","3.111","< 0.001","0.030","","3.111","< 0.001","0.030","0","0","< 0.001","0.124","< 0.001","0.124","0.052","4.203","","105.091","< 0.001","0.052","2.817","1.387","0","0.009","0","0","0.009","< 0.001","0","0.005","0","0","0.005","< 0.001","0","0.004","0","0","0.004","< 0.001","","Int32; UInt16","256","AVX","","","","","","btree.h:2925","tof_fork_g","","","","","","","","","","","","","","","","","","","","","","","","","","","","","","","","","","","","","","","","","","","","","","","","","","","","","","","","","","","","","","","","","","","","","","","","",""
"__libc_free","0.0405297","0.060s","0.0405283","0.060s","0.040s","0.040s","Function","","30","20","","","","","","","","","","","","","","","","","","","","","","","","","","","","","0","0","","0","","","0","0","","0","","","0","0","","0","","","0","0","","","","","","","","","","","libc.so.6","","","","","","","","","","","","","","","","","","","","","","","","","","","","","","","","","","","","","","","","","","","","","","","","","","","","","","","","","","","","","","","","","","","","","","","","",""
"absl::lts_20250814::container_internal::btree_node<absl::lts_20250814::container_internal::set_params<unsigned long, std::less<unsigned long>, std::allocator<unsigned long>, (int)256, (bool)0>>::clear_and_delete","0.0135099","0.020s","0","0s","0.020s","0s","Function","","30","192","","","","","","0","0","0","","2.615","0.041","0.015","","2.615","0.041","0.015","0","0","0.052","0.052","0.052","0.052","1.282","3.574","","178.694","0.235","1.046","2.528","1.046","0","0","0","0","0","0","0","0","0","0","0","0","0","0","0","0","0","0","","","","","","","","","","btree.h:2026","tof_fork_g","","","","","","","","","","","","","","","","","","","","","","","","","","","","","","","","","","","","","","","","","","","","","","","","","","","","","","","","","","","","","","","","","","","","","","","","",""
"absl::lts_20250814::container_internal::btree_node<absl::lts_20250814::container_internal::set_params<unsigned long, std::less<unsigned long>, std::allocator<unsigned long>, (int)256, (bool)0>>::deallocate","0.0135099","0.020s","0","0s","0.020s","0s","Inlined Function","","31","231","","","","","","0","","0","","0","","0","","0","","0","","0","","0","","0","","2.293","","114.622","","","2.293","0","","0","","","0","0","","0","","","0","0","","0","","","0","0","","","","","","","","","","btree.h:969","tof_fork_g","","","","","","","","","","","","","","","","","","","","","","","","","","","","","","","","","","","","","","","","","","","","","","","","","","","","","","","","","","","","","","","","","","","","","","","","",""
"absl::lts_20250814::container_internal::Deallocate<(unsigned long)8, std::allocator<unsigned long>>","0.0135099","0.020s","0","0s","0.020s","0s","Inlined Function","","32","230","","","","","","0","","0","","0","","0","","0","","0","","0","","0","","0","","2.293","","114.622","","","2.293","0","","0","","","0","0","","0","","","0","0","","0","","","0","0","","","","","","","","","","container_memory.h:88","tof_fork_g","","","","","","","","","","","","","","","","","","","","","","","","","","","","","","","","","","","","","","","","","","","","","","","","","","","","","","","","","","","","","","","","","","","","","","","","",""
"std::allocator_traits<std::allocator<absl::lts_20250814::container_internal::AlignedType<(unsigned long)8>>>::deallocate","0.0135099","0.020s","0","0s","0.020s","0s","Inlined Function","","33","229","","","","","","0","","0","","0","","0","","0","","0","","0","","0","","0","","2.293","","114.622","","","2.293","0","","0","","","0","0","","0","","","0","0","","0","","","0","0","","","","","","","","","","alloc_traits.h:648","tof_fork_g","","","","","","","","","","","","","","","","","","","","","","","","","","","","","","","","","","","","","","","","","","","","","","","","","","","","","","","","","","","","","","","","","","","","","","","","",""
"std::__new_allocator<absl::lts_20250814::container_internal::AlignedType<(unsigned long)8>>::deallocate","0.0135099","0.020s","0.0135108","0.020s","0.020s","0.020s","Inlined Function","","34","228","","","","","0","0","0","0","0","0","0","0","0","0","0","0","0","0","0","0","0","0","2.293","2.293","114.622","114.622","2.293","0","2.293","0","0","0","0","0","0","0","0","0","0","0","0","0","0","0","0","0","0","0","","","","","","","","","","new_allocator.h:156","tof_fork_g","","","","","","","","","","","","","","","","","","","","","","","","","","","","","","","","","","","","","","","","","","","","","","","","","","","","","","","","","","","","","","","","","","","","","","","","",""
"absl::lts_20250814::container_internal::btree_node<absl::lts_20250814::container_internal::set_params<unsigned long, std::less<unsigned long>, std::allocator<unsigned long>, (int)256, (bool)0>>::transfer_n","0.0135099","0.020s","0","0s","0.020s","0s","Inlined Function","","30","207","","","","","","0","","0","","3.606","","0.125","","3.606","","0.125","","0","","0.072","","0.072","","0.577","","28.850","","","0.288","0.288","","0.009","","","0.009","< 0.001","","0.005","","","0.005","< 0.001","","0.004","","","0.004","< 0.001","","Int32; UInt16","256","AVX","","","","","","btree.h:1014","tof_fork_g","","","","","","","","","","","","","","","","","","","","","","","","","","","","","","","","","","","","","","","","","","","","","","","","","","","","","","","","","","","","","","","","","","","","","","","","",""
"[loop in absl::lts_20250814::container_internal::btree_node<absl::lts_20250814::container_internal::set_params<unsigned long, std::less<unsigned long>, std::allocator<unsigned long>, (int)256, (bool)0>>::transfer_n at btree.h:1018]","0.0135099","0.020s","0.0135078","0.020s","0.020s","0.020s","Scalar","0","31","206","","","","","0","0","0","0","3.606","3.606","0.125","0.125","3.606","3.606","0.125","0.125","0","0","0.072","0.072","0.072","0.072","0.577","0.577","28.850","28.850","0.288","0.288","0.288","0.288","0.009","0.009","0.009","< 0.001","0.009","< 0.001","0.005","0.005","0.005","< 0.001","0.005","< 0.001","0.004","0.004","0.004","< 0.001","0.004","< 0.001","","","","","","","","","","btree.h:1018","tof_fork_g","","","","","","","","","","","","","","","","","","","","","","","","","","","","","","","","","","","","","","","","","","","","","","","","","","","","","","","","","","","","","","","","","","","","","","","","",""
"absl::lts_20250814::container_internal::btree_node<absl::lts_20250814::container_internal::set_params<unsigned long, std::less<unsigned long>, std::allocator<unsigned long>, (int)256, (bool)0>>::emplace_value<unsigned long const&>","0.0270198","0.040s","0.0135096","0.020s","0.020s","0.020s","Inlined Function","","28","204","","","","","0","0","0","0","3.845","3.845","0.396","0.066","3.845","3.845","0.396","0.066","0","0","0.077","0.077","0.077","0.077","0.194","1.157","9.701","57.838","0.060","0.134","0.542","0.615","0","0","0","0","0","0","0","0","0","0","0","0","0","0","0","0","0","0","","","","","","","","","","btree.h:1823","tof_fork_g","","","","","","","","","","","","","","","","","","","","","","","","","","","","","","","","","","","","","","","","","","","","","","","","","","","","","","","","","","","","","","","","","","","","","","","","",""
"absl::lts_20250814::container_internal::btree_node<absl::lts_20250814::container_internal::set_params<unsigned long, std::less<unsigned long>, std::allocator<unsigned long>, (int)256, (bool)0>>::value_init<unsigned long const&>","0.0135099","0.020s","0","0s","0.020s","0s","Inlined Function","","29","221","","","","","","0","","0","","0","","0","","0","","0","","0","","0","","0","","0.963","","48.143","","","0.481","0.481","","0","","","0","0","","0","","","0","0","","0","","","0","0","","","","","","","","","","btree.h:980","tof_fork_g","","","","","","","","","","","","","","","","","","","","","","","","","","","","","","","","","","","","","","","","","","","","","","","","","","","","","","","","","","","","","","","","","","","","","","","","",""
"absl::lts_20250814::container_internal::common_policy_traits<absl::lts_20250814::container_internal::set_slot_policy<unsigned long>, void>::construct<std::allocator<unsigned long>, unsigned long const&>","0.0135099","0.020s","0","0s","0.020s","0s","Inlined Function","","30","220","","","","","","0","","0","","0","","0","","0","","0","","0","","0","","0","","0.963","","48.143","","","0.481","0.481","","0","","","0","0","","0","","","0","0","","0","","","0","0","","","","","","","","","","common_policy_traits.h:51","tof_fork_g","","","","","","","","","","","","","","","","","","","","","","","","","","","","","","","","","","","","","","","","","","","","","","","","","","","","","","","","","","","","","","","","","","","","","","","","",""
"absl::lts_20250814::container_internal::set_slot_policy<unsigned long>::construct<std::allocator<unsigned long>, unsigned long const&>","0.0135099","0.020s","0","0s","0.020s","0s","Inlined Function","","31","219","","","","","","0","","0","","0","","0","","0","","0","","0","","0","","0","","0.963","","48.143","","","0.481","0.481","","0","","","0","0","","0","","","0","0","","0","","","0","0","","","","","","","","","","btree_set.h:783","tof_fork_g","","","","","","","","","","","","","","","","","","","","","","","","","","","","","","","","","","","","","","","","","","","","","","","","","","","","","","","","","","","","","","","","","","","","","","","","",""
"std::allocator_traits<std::allocator<unsigned long>>::construct<unsigned long, unsigned long const&>","0.0135099","0.020s","0","0s","0.020s","0s","Inlined Function","","32","218","","","","","","0","","0","","0","","0","","0","","0","","0","","0","","0","","0.963","","48.143","","","0.481","0.481","","0","","","0","0","","0","","","0","0","","0","","","0","0","","","","","","","","","","alloc_traits.h:665","tof_fork_g","","","","","","","","","","","","","","","","","","","","","","","","","","","","","","","","","","","","","","","","","","","","","","","","","","","","","","","","","","","","","","","","","","","","","","","","",""
"std::__new_allocator<unsigned long>::construct<unsigned long, unsigned long const&>","0.0135099","0.020s","0.0135079","0.020s","0.020s","0.020s","Inlined Function","","33","217","","","","","0","0","0","0","0","0","0","0","0","0","0","0","0","0","0","0","0","0","0.963","0.963","48.143","48.143","0.481","0.481","0.481","0.481","0","0","0","0","0","0","0","0","0","0","0","0","0","0","0","0","0","0","","","","","","","","","","new_allocator.h:189","tof_fork_g","","","","","","","","","","","","","","","","","","","","","","","","","","","","","","","","","","","","","","","","","","","","","","","","","","","","","","","","","","","","","","","","","","","","","","","","",""
"absl::lts_20250814::container_internal::btree<absl::lts_20250814::container_internal::set_params<unsigned long, std::less<unsigned long>, std::allocator<unsigned long>, (int)256, (bool)0>>::internal_last<absl::lts_20250814::container_internal::btree_iterator<absl::lts_20250814::container_internal::btree_node<absl::lts_20250814::container_internal::set_params<unsigned long, std::less<unsigned long>, std::allocator<unsigned long>, (int)256, (bool)0>>, unsigned long const&, unsigned long const*>>","0.0405297","0.060s","0","0s","0.020s","0s","Inlined Function","","27","141","","","","","","0","","0","","20.917","","1.070","","20.917","","1.070","0","0","0.375","0.418","0.375","0.418","0","0.391","","19.544","0","0","0.391","0","0.104","0.104","0.100","0.004","0.100","0.004","0.022","0.022","0.022","< 0.001","0.022","< 0.001","0.018","0.018","0.018","< 0.001","0.018","< 0.001","","","","","","","","","","btree.h:2898","tof_fork_g","","","","","","","","","","","","","","","","","","","","","","","","","","","","","","","","","","","","","","","","","","","","","","","","","","","","","","","","","","","","","","","","","","","","","","","","",""
"[loop in absl::lts_20250814::container_internal::btree<absl::lts_20250814::container_internal::set_params<unsigned long, std::less<unsigned long>, std::allocator<unsigned long>, (int)256, (bool)0>>::internal_last<absl::lts_20250814::container_internal::btree_iterator<absl::lts_20250814::container_internal::btree_node<absl::lts_20250814::container_internal::set_params<unsigned long, std::less<unsigned long>, std::allocator<unsigned long>, (int)256, (bool)0>>, unsigned long const&, unsigned long const*>> at btree.h:2900]","0.0405297","0.060s","0.0270245","0.040s","0.020s","0.020s","Scalar","0","28","140","","","","","0","0","0","0","0","2.172","0","0.111","0","2.172","0","0.111","0","0","0","0.043","0","0.043","0.348","0.391","17.372","19.544","0.348","0","0.391","0","0","0","0","0","0","0","0","0","0","0","0","0","0","0","0","0","0","0","","","","","","","","","","btree.h:2900","tof_fork_g","","","","","","","","","","","","","","","","","","","","","","","","","","","","","","","","","","","","","","","","","","","","","","","","","","","","","","","","","","","","","","","","","","","","","","","","",""
"absl::lts_20250814::container_internal::btree_node<absl::lts_20250814::container_internal::set_params<unsigned long, std::less<unsigned long>, std::allocator<unsigned long>, (int)256, (bool)0>>::is_leaf","0.0135099","0.020s","0.0135119","0.020s","0.020s","0.020s","Inlined Function","","29","233","","","","","0","0","0","0","2.172","2.172","1.000","1.000","2.172","2.172","1.000","1.000","0","0","0.043","0.043","0.043","0.043","0.043","0.043","2.172","2.172","0.043","0","0.043","0","0","0","0","0","0","0","0","0","0","0","0","0","0","0","0","0","0","0","","","","","","","","","","btree.h:679","tof_fork_g","","","","","","","","","","","","","","","","","","","","","","","","","","","","","","","","","","","","","","","","","","","","","","","","","","","","","","","","","","","","","","","","","","","","","","","","",""
"[loop in absl::lts_20250814::container_internal::btree<absl::lts_20250814::container_internal::set_params<unsigned long, std::less<unsigned long>, std::allocator<unsigned long>, (int)256, (bool)0>>::insert_unique<unsigned long, unsigned long const&> at btree.h:2379]","0.0405297","0.060s","0","0s","0.020s","0s","Scalar","1","27","196","","","","","","0","","0","","18.332","","0.262","","18.332","","0.262","0","0","0.239","0.367","0.239","0.367","0","1.398","","69.891","0","0","1.398","0","0","0","0","0","0","0","0","0","0","0","0","0","0","0","0","0","0","0","Mask Manipulations; Unpacks","","","","","","","","","btree.h:2379","tof_fork_g","","","","","","","","","","","","","","","","","","","","","","","","","","","","","","","","","","","","","","","","","","","","","","","","","","","","","","","","","","","","","","","","","","","","","","","","",""
"absl::lts_20250814::container_internal::btree<absl::lts_20250814::container_internal::set_params<unsigned long, std::less<unsigned long>, std::allocator<unsigned long>, (int)256, (bool)0>>::internal_locate<unsigned long>","0.0405297","0.060s","0","0s","0.020s","0s","Inlined Function","","28","195","","","","","","0","0","0","","6.402","0.069","0.092","","6.402","0.069","0.092","0","0","0.089","0.128","0.089","0.128","1.278","1.398","","69.891","1.278","0","1.398","0","0","0","0","0","0","0","0","0","0","0","0","0","0","0","0","0","0","0","","","256","AVX512F_256","","","","","","btree.h:2993","tof_fork_g","","","","","","","","","","","","","","","","","","","","","","","","","","","","","","","","","","","","","","","","","","","","","","","","","","","","","","","","","","","","","","","","","","","","","","","","",""
"absl::lts_20250814::container_internal::btree_node<absl::lts_20250814::container_internal::set_params<unsigned long, std::less<unsigned long>, std::allocator<unsigned long>, (int)256, (bool)0>>::linear_search<unsigned long, absl::lts_20250814::container_internal::key_compare_adapter<std::less<unsigned long>, unsigned long>::checked_compare>","0.0135099","0.020s","0","0s","0.020s","0s","Inlined Function","","29","212","","","","","","","","","","","","","","","","","","","","","","","","","","","","","0","0","","0","","","0","0","","0","","","0","0","","0","","","0","0","","","256","AVX512F_256","","","","","","btree.h:791","tof_fork_g","","","","","","","","","","","","","","","","","","","","","","","","","","","","","","","","","","","","","","","","","","","","","","","","","","","","","","","","","","","","","","","","","","","","","","","","",""
"absl::lts_20250814::container_internal::btree_node<absl::lts_20250814::container_internal::set_params<unsigned long, std::less<unsigned long>, std::allocator<unsigned long>, (int)256, (bool)0>>::finish","0.0135099","0.020s","0.0135103","0.020s","0.020s","0.020s","Inlined Function","","30","235","","","","","","","","","","","","","","","","","","","","","","","","","","","","","0","0","","0","","","0","0","","0","","","0","0","","0","","","0","0","","","","","","","","","","btree.h:695","tof_fork_g","","","","","","","","","","","","","","","","","","","","","","","","","","","","","","","","","","","","","","","","","","","","","","","","","","","","","","","","","","","","","","","","","","","","","","","","",""
"absl::lts_20250814::container_internal::btree_node<absl::lts_20250814::container_internal::set_params<unsigned long, std::less<unsigned long>, std::allocator<unsigned long>, (int)256, (bool)0>>::lower_bound<unsigned long>","0.0135099","0.020s","0","0s","0.020s","0s","Inlined Function","","29","213","","","","","","0","","0","","0.234","","0.078","","0.234","","0.078","","0","","0.005","","0.005","","0.060","","3.009","","","0.060","0","","0","","","0","0","","0","","","0","0","","0","","","0","0","","","256","AVX512F_256","","","","","","btree.h:776","tof_fork_g","","","","","","","","","","","","","","","","","","","","","","","","","","","","","","","","","","","","","","","","","","","","","","","","","","","","","","","","","","","","","","","","","","","","","","","","",""
"absl::lts_20250814::container_internal::btree_node<absl::lts_20250814::container_internal::set_params<unsigned long, std::less<unsigned long>, std::allocator<unsigned long>, (int)256, (bool)0>>::linear_search<unsigned long, absl::lts_20250814::container_internal::key_compare_adapter<std::less<unsigned long>, unsigned long>::checked_compare>","0.0135099","0.020s","0","0s","0.020s","0s","Inlined Function","","30","212","","","","","","0","0","0","","0.234","0","0.078","","0.234","0","0.078","0","0","0","0.005","0","0.005","0.060","0.060","","3.009","0.060","0","0.060","0","0","0","0","0","0","0","0","0","0","0","0","0","0","0","0","0","0","0","","","256","AVX512F_256","","","","","","btree.h:791","tof_fork_g","","","","","","","","","","","","","","","","","","","","","","","","","","","","","","","","","","","","","","","","","","","","","","","","","","","","","","","","","","","","","","","","","","","","","","","","",""
"absl::lts_20250814::container_internal::btree_node<absl::lts_20250814::container_internal::set_params<unsigned long, std::less<unsigned long>, std::allocator<unsigned long>, (int)256, (bool)0>>::linear_search_impl<unsigned long, absl::lts_20250814::container_internal::key_compare_adapter<std::less<unsigned long>, unsigned long>::checked_compare>","0.0135099","0.020s","0","0s","0.020s","0s","Inlined Function","","31","211","","","","","","0","","","","0.234","","","","0.234","","","","0","","0.005","","0.005","","0","","0","","","0","0","","0","","","0","0","","0","","","0","0","","0","","","0","0","","","256","AVX512F_256","","","","","","btree.h:806","tof_fork_g","","","","","","","","","","","","","","","","","","","","","","","","","","","","","","","","","","","","","","","","","","","","","","","","","","","","","","","","","","","","","","","","","","","","","","","","",""
"[loop in absl::lts_20250814::container_internal::btree_node<absl::lts_20250814::container_internal::set_params<unsigned long, std::less<unsigned long>, std::allocator<unsigned long>, (int)256, (bool)0>>::linear_search_impl<unsigned long, absl::lts_20250814::container_internal::key_compare_adapter<std::less<unsigned long>, unsigned long>::checked_compare> at btree.h:809]","0.0135099","0.020s","0.0135098","0.020s","0.020s","0.020s","Scalar","0","32","210","","","","","0","0","","","0.234","0.234","","","0.234","0.234","","","0","0","0.005","0.005","0.005","0.005","0","0","0","0","0","0","0","0","0","0","0","0","0","0","0","0","0","0","0","0","0","0","0","0","0","0","","","","","","","","","","btree.h:809","tof_fork_g","","","","","","","","","","","","","","","","","","","","","","","","","","","","","","","","","","","","","","","","","","","","","","","","","","","","","","","","","","","","","","","","","","","","","","","","",""
"[loop in absl::lts_20250814::container_internal::btree<absl::lts_20250814::container_internal::set_params<unsigned long, std::less<unsigned long>, std::allocator<unsigned long>, (int)256, (bool)0>>::internal_locate<unsigned long> at btree.h:2993]","0.0135099","0.020s","0","0s","0.020s","0s","Scalar","0","29","194","","","","","","0","","0","","1.737","","0.577","","1.737","","0.577","0","0","0.031","0.035","0.031","0.035","0","0.060","","3.009","0","0","0.060","0","0","0","0","0","0","0","0","0","0","0","0","0","0","0","0","0","0","0","","","","","","","","","","btree.h:2993","tof_fork_g","","","","","","","","","","","","","","","","","","","","","","","","","","","","","","","","","","","","","","","","","","","","","","","","","","","","","","","","","","","","","","","","","","","","","","","","",""
"absl::lts_20250814::container_internal::btree_node<absl::lts_20250814::container_internal::set_params<unsigned long, std::less<unsigned long>, std::allocator<unsigned long>, (int)256, (bool)0>>::is_leaf","0.0135099","0.020s","0.0135079","0.020s","0.020s","0.020s","Inlined Function","","30","193","","","","","0","0","0","0","0.178","0.178","0.059","0.059","0.178","0.178","0.059","0.059","0","0","0.004","0.004","0.004","0.004","0.060","0.060","3.009","3.009","0.060","0","0.060","0","0","0","0","0","0","0","0","0","0","0","0","0","0","0","0","0","0","0","","","","","","","","","","btree.h:679","tof_fork_g","","","","","","","","","","","","","","","","","","","","","","","","","","","","","","","","","","","","","","","","","","","","","","","","","","","","","","","","","","","","","","","","","","","","","","","","",""
"std::mersenne_twister_engine<unsigned long, (unsigned long)32, (unsigned long)624, (unsigned long)397, (unsigned long)31, (unsigned long)2567483615, (unsigned long)11, (unsigned long)4294967295, (unsigned long)7, (unsigned long)2636928640, (unsigned long)15, (unsigned long)4022730752, (unsigned long)18, (unsigned long)1812433253>::operator()","0.108079","0.160s","0.108074","0.160s","0.040s","0.040s","Function","","25","149","","","","","0","0","0","0","67.772","67.772","0.255","0.255","67.772","67.772","0.255","0.255","0","0","2.711","2.711","2.711","2.711","10.646","10.646","266.179","266.179","7.612","3.034","7.612","3.034","2.406","2.406","2.300","0.105","2.300","0.105","0.048","0.048","0.047","< 0.001","0.047","< 0.001","0.015","0.015","0.015","< 0.001","0.015","< 0.001","Shifts","UInt16; ","256","AVX; AVX2; AVX512F_256","","","","","","random.tcc:455","tof_fork_g","","","","","","","","","","","","","","","","","","","","","","","","","","","","","","","","","","","","","","","","","","","","","","","","","","","","","","","","","","","","","","","","","","","","","","","","",""
"__libm_log_z0","0.189139","0.280s","0.189135","0.280s","0.060s","0.060s","Function","","24","154","","","","","16.713","16.713","0.216","0.216","10.028","10.028","0.129","0.129","26.741","26.741","0.345","0.345","1.003","1.003","0.602","0.602","1.605","1.605","4.653","4.653","77.549","77.549","4.653","0","4.653","0","2.433","2.433","2.287","0.146","2.287","0.146","0.007","0.007","0.007","< 0.001","0.007","< 0.001","< 0.001","< 0.001","< 0.001","< 0.001","< 0.001","< 0.001","Shifts","UInt256; ; ","128","AVX; AVX2; AVX512F_128","","","","","","","tof_fork_g","","","","","","","","","","","","","","","","","","","","","","","","","","","","","","","","","","","","","","","","","","","","","","","","","","","","","","","","","","","","","","","","","","","","","","","","",""
"__libc_free","0.0675495","0.100s","0.0675542","0.100s","0.020s","0.020s","Function","","24","20","","","","","","","","","","","","","","","","","","","","","","","","","","","","","0","0","","0","","","0","0","","0","","","0","0","","0","","","0","0","","","","","","","","","","","libc.so.6","","","","","","","","","","","","","","","","","","","","","","","","","","","","","","","","","","","","","","","","","","","","","","","","","","","","","","","","","","","","","","","","","","","","","","","","",""
"operator delete","0.0135099","0.020s","0.0135114","0.020s","0.020s","0.020s","Function","","24","11","","","","","","","","","","","","","","","","","","","","","","","","","","","","","0","0","","0","","","0","0","","0","","","0","0","","0","","","0","0","","","","","","","","","","","libstdc++.so.6","","","","","","","","","","","","","","","","","","","","","","","","","","","","","","","","","","","","","","","","","","","","","","","","","","","","","","","","","","","","","","","","","","","","","","","","",""
"absl::lts_20250814::container_internal::btree_node<absl::lts_20250814::container_internal::set_params<unsigned long, std::less<unsigned long>, std::allocator<unsigned long>, (int)256, (bool)0>>::clear_and_delete","0.0135099","0.020s","0.013509","0.020s","0.020s","0.020s","Function","","24","192","","","","","0","0","0","0","3.116","3.116","0.049","0.049","3.116","3.116","0.049","0.049","0","0","0.062","0.062","0.062","0.062","1.278","1.278","63.885","63.885","0.031","1.246","0.031","1.246","0","0","0","0","0","0","0","0","0","0","0","0","0","0","0","0","0","0","","","","","","","","","","btree.h:2026","tof_fork_g","","","","","","","","","","","","","","","","","","","","","","","","","","","","","","","","","","","","","","","","","","","","","","","","","","","","","","","","","","","","","","","","","","","","","","","","",""
"log","0.0135099","0.020s","0.0135086","0.020s","0.020s","0.020s","Function","","23","203","","","","","","","","","","","","","","","","","","","","","","","","","","","","","0","0","","0","","","0","0","","0","","","0","0","","0","","","0","0","","","","","","","","","","","tof_fork_g","","","","","","","","","","","","","","","","","","","","","","","","","","","","","","","","","","","","","","","","","","","","","","","","","","","","","","","","","","","","","","","","","","","","","","","","",""
"yggdrasil_decision_forests::model::decision_tree::(anonymous namespace)::GetProjectionEvaluator","0.418807","0.620s","0","0s","0.060s","0s","Function","","22","153","","","","","","0","0","0","","171.255","0.067","0.498","","171.255","0.067","0.498","0","0","0.008","10.276","0.008","10.276","0.114","20.651","","344.157","0.074","0.040","20.611","0.040","0.096","22.177","0.083","0.014","18.740","3.436","0.010","0.679","0.007","0.004","0.670","0.008","0.014","0.290","0.009","0.005","0.280","0.009","","Int32","128/256","AVX","","","","","","oblique.cc","tof_fork_g","","","","","","","","","","","","","","","","","","","","","","","","","","","","","","","","","","","","","","","","","","","","","","","","","","","","","","","","","","","","","","","","","","","","","","","","",""
"[loop in yggdrasil_decision_forests::model::decision_tree::(anonymous namespace)::GetProjectionEvaluator at stl_algobase.h:1190]","0.418807","0.620s","0.418793","0.620s","0.060s","0.060s","Scalar","0","23","152","","","","","0","0","0","0","171.129","171.129","0.500","0.500","171.129","171.129","0.500","0.500","0","0","10.268","10.268","10.268","10.268","20.537","20.537","342.258","342.258","20.537","0","20.537","0","22.080","22.080","18.658","3.423","18.658","3.423","0.668","0.668","0.664","0.005","0.664","0.005","0.276","0.276","0.271","0.004","0.271","0.004","","","","","","","","","","stl_algobase.h:1190","tof_fork_g","","","","","","","","","","","","","","","","","","","","","","","","","","","","","","","","","","","","","","","","","","","","","","","","","","","","","","","","","","","","","","","","","","","","","","","","",""
"operator new","0.0405297","0.060s","0.0405319","0.060s","0.020s","0.020s","Function","","22","10","","","","","","","","","","","","","","","","","","","","","","","","","","","","","0","0","","0","","","0","0","","0","","","0","0","","0","","","0","0","","","","","","","","","","","libstdc++.so.6","","","","","","","","","","","","","","","","","","","","","","","","","","","","","","","","","","","","","","","","","","","","","","","","","","","","","","","","","","","","","","","","","","","","","","","","",""
"__intel_avx_rep_memset","0.0135099","0.020s","0.0135121","0.020s","0.020s","0.020s","Function","","22","53","","","","","","","","","","","","","","","","","","","","","","","","","","","","","0","0","","0","","","0","0","","0","","","0","0","","0","","","0","0","Unpacks","Int32; UInt16; UInt256; ","128/256","AVX; AVX2; SSE2","","","","","","","tof_fork_g","","","","","","","","","","","","","","","","","","","","","","","","","","","","","","","","","","","","","","","","","","","","","","","","","","","","","","","","","","","","","","","","","","","","","","","","",""
"yggdrasil_decision_forests::model::decision_tree::internal::SetCondition","0.0135099","0.020s","0","0s","0.020s","0s","Function","","22","224","","","","","","0","0","0","","0.947","0.049","0.075","","0.947","0.049","0.075","0","0","0.006","0.019","0.006","0.019","0.121","0.251","","12.545","0.063","0.058","0.156","0.095","0.116","0.206","0.113","0.003","0.200","0.006","0.012","0.021","0.012","< 0.001","0.021","< 0.001","0.008","0.009","0.008","< 0.001","0.009","< 0.001","","","","","","","","","","oblique.cc","tof_fork_g","","","","","","","","","","","","","","","","","","","","","","","","","","","","","","","","","","","","","","","","","","","","","","","","","","","","","","","","","","","","","","","","","","","","","","","","",""
"[loop in yggdrasil_decision_forests::model::decision_tree::internal::SetCondition at repeated_field.h:169]","0.0135099","0.020s","0","0s","0.020s","0s","Scalar","0","23","223","","","","","","0","0","0","","0.650","0.102","0.100","","0.650","0.102","0.100","0","0","0.011","0.013","0.011","0.013","0.108","0.130","","6.500","0.082","0.026","0.093","0.037","0.087","0.089","0.084","0.003","0.086","0.003","0.009","0.009","0.009","< 0.001","0.009","< 0.001","< 0.001","< 0.001","< 0.001","< 0.001","< 0.001","< 0.001","Type Conversions","Int32; Int64","","","","","","","","repeated_field.h:169","tof_fork_g","","","","","","","","","","","","","","","","","","","","","","","","","","","","","","","","","","","","","","","","","","","","","","","","","","","","","","","","","","","","","","","","","","","","","","","","",""
"google::protobuf::RepeatedField<float>::GrowNoAnnotate","0.0135099","0.020s","0","0s","0.020s","0s","Function","","24","225","","","","","","0","0","0","","0.100","0.090","0.090","","0.100","0.090","0.090","0","0","0.002","0.002","0.002","0.002","0.022","0.022","","1.113","0.011","0.011","0.011","0.011","0.002","0.002","0.002","< 0.001","0.002","< 0.001","< 0.001","< 0.001","< 0.001","< 0.001","< 0.001","< 0.001","< 0.001","< 0.001","< 0.001","< 0.001","< 0.001","< 0.001","","","","","","","","","","repeated_field.h:1193","tof_fork_g","","","","","","","","","","","","","","","","","","","","","","","","","","","","","","","","","","","","","","","","","","","","","","","","","","","","","","","","","","","","","","","","","","","","","","","","",""
"operator new","0.0135099","0.020s","0.0135075","0.020s","0.020s","0.020s","Function","","25","10","","","","","","","","","","","","","","","","","","","","","","","","","","","","","0","0","","0","","","0","0","","0","","","0","0","","0","","","0","0","","","","","","","","","","","libstdc++.so.6","","","","","","","","","","","","","","","","","","","","","","","","","","","","","","","","","","","","","","","","","","","","","","","","","","","","","","","","","","","","","","","","","","","","","","","","",""
"yggdrasil_decision_forests::model::decision_tree::proto::DecisionTreeTrainingConfig::DecisionTreeTrainingConfig","0.0135099","0.020s","0.0135069","0.020s","0.020s","0.020s","Function","","22","158","","","","","0","0","0","0","0.282","0.282","0.025","0.025","0.282","0.282","0.025","0.025","0","0","0.006","0.006","0.006","0.006","0.226","0.226","11.284","11.284","0.120","0.105","0.120","0.105","0.135","0.135","0.111","0.023","0.111","0.023","< 0.001","< 0.001","< 0.001","< 0.001","< 0.001","< 0.001","< 0.001","< 0.001","< 0.001","< 0.001","< 0.001","< 0.001","","Int32","128","AVX","","","","","","decision_tree.pb.cc:4230","tof_fork_g","","","","","","","","","","","","","","","","","","","","","","","","","","","","","","","","","","","","","","","","","","","","","","","","","","","","","","","","","","","","","","","","","","","","","","","","",""
"yggdrasil_decision_forests::model::decision_tree::internal::SampleProjection","0.0135099","0.020s","0.0135115","0.020s","0.020s","0.020s","Function","","21","102","","","","","","","","","","","","","","","","","","","","","","","","","","","","","0","0","","0","","","0","0","","0","","","0","0","","0","","","0","0","Divisions; Shuffles; Square Roots; Unpacks","Int32; Int64; ; ","128","AVX; AVX2; AVX512DQ_128; AVX512F_128","","","","","","oblique.cc","tof_fork_g","","","","","","","","","","","","","","","","","","","","","","","","","","","","","","","","","","","","","","","","","","","","","","","","","","","","","","","","","","","","","","","","","","","","","","","","",""
"yggdrasil_decision_forests::model::decision_tree::FindBestConditionClassification","0.472847","0.700s","0.297205","0.440s","0.060s","0.040s","Function","","19","114","","","","","0","0","0","0","6.110","6.789","0.036","0.039","6.110","6.789","0.036","0.039","0","0","0.244","0.407","0.244","0.407","6.763","10.552","169.050","175.844","3.178","3.585","5.663","4.889","2.932","7.978","2.755","0.177","7.500","0.478","0.441","2.448","0.438","0.003","2.430","0.018","0.003","0.016","0.003","< 0.001","0.016","< 0.001","","","","","","","","","","training.cc","tof_fork_g","","","","","","","","","","","","","","","","","","","","","","","","","","","","","","","","","","","","","","","","","","","","","","","","","","","","","","","","","","","","","","","","","","","","","","","","",""
"yggdrasil_decision_forests::model::decision_tree::(anonymous namespace)::FailIfMonotonic","0.175629","0.260s","0.175629","0.260s","0.040s","0.040s","Function","","20","138","","","","","0","0","0","0","4.074","4.074","0.043","0.043","4.074","4.074","0.043","0.043","0","0","0.163","0.163","0.163","0.163","3.789","3.789","94.716","94.716","2.485","1.304","2.485","1.304","5.046","5.046","4.745","0.302","4.745","0.302","2.007","2.007","1.992","0.015","1.992","0.015","0.013","0.013","0.013","< 0.001","0.013","< 0.001","","","","","","","","","","training.cc","tof_fork_g","","","","","","","","","","","","","","","","","","","","","","","","","","","","","","","","","","","","","","","","","","","","","","","","","","","","","","","","","","","","","","","","","","","","","","","","",""
"std::uniform_int_distribution<unsigned long>::operator()<std::mersenne_twister_engine<unsigned long, (unsigned long)32, (unsigned long)624, (unsigned long)397, (unsigned long)31, (unsigned long)2567483615, (unsigned long)11, (unsigned long)4294967295, (unsigned long)7, (unsigned long)2636928640, (unsigned long)15, (unsigned long)4022730752, (unsigned long)18, (unsigned long)1812433253>>","0.0810594","0.120s","0.0270207","0.040s","0.040s","0.020s","Function","","19","161","","","","","0","0","0","0","6.110","19.659","0.042","0.151","6.110","19.659","0.042","0.151","0","0","0.122","0.786","0.122","0.786","2.933","5.219","146.650","130.477","0.652","2.281","2.286","2.933","0","0.523","0","0","0.492","0.031","0","0.010","0","0","0.010","< 0.001","0","0.003","0","0","0.003","< 0.001","","","","","","","","","","uniform_int_dist.h:288","tof_fork_g","","","","","","","","","","","","","","","","","","","","","","","","","","","","","","","","","","","","","","","","","","","","","","","","","","","","","","","","","","","","","","","","","","","","","","","","",""
"std::uniform_int_distribution<unsigned long>::_S_nd<unsigned long, std::mersenne_twister_engine<unsigned long, (unsigned long)32, (unsigned long)624, (unsigned long)397, (unsigned long)31, (unsigned long)2567483615, (unsigned long)11, (unsigned long)4294967295, (unsigned long)7, (unsigned long)2636928640, (unsigned long)15, (unsigned long)4022730752, (unsigned long)18, (unsigned long)1812433253>, unsigned int>","0.0540396","0.080s","0.0270195","0.040s","0.040s","0.020s","Inlined Function","","20","160","","","","","0","0","","0","4.074","16.603","","0.291","4.074","16.603","","0.291","0","0","0.081","0.664","0.081","0.664","0","2.285","0","57.139","0","0","1.634","0.652","0","0.523","0","0","0.492","0.031","0","0.010","0","0","0.010","< 0.001","0","0.003","0","0","0.003","< 0.001","","","","","","","","","","uniform_int_dist.h:257","tof_fork_g","","","","","","","","","","","","","","","","","","","","","","","","","","","","","","","","","","","","","","","","","","","","","","","","","","","","","","","","","","","","","","","","","","","","","","","","",""
"std::mersenne_twister_engine<unsigned long, (unsigned long)32, (unsigned long)624, (unsigned long)397, (unsigned long)31, (unsigned long)2567483615, (unsigned long)11, (unsigned long)4294967295, (unsigned long)7, (unsigned long)2636928640, (unsigned long)15, (unsigned long)4022730752, (unsigned long)18, (unsigned long)1812433253>::operator()","0.0270198","0.040s","0.0270199","0.040s","0.020s","0.020s","Function","","21","149","","","","","0","0","0","0","29.128","29.128","0.255","0.255","29.128","29.128","0.255","0.255","0","0","0.583","0.583","0.583","0.583","2.285","2.285","114.262","114.262","1.634","0.652","1.634","0.652","0.523","0.523","0.492","0.031","0.492","0.031","0.010","0.010","0.010","< 0.001","0.010","< 0.001","0.003","0.003","0.003","< 0.001","0.003","< 0.001","Shifts","UInt16; ","256","AVX; AVX2; AVX512F_256","","","","","","random.tcc:455","tof_fork_g","","","","","","","","","","","","","","","","","","","","","","","","","","","","","","","","","","","","","","","","","","","","","","","","","","","","","","","","","","","","","","","","","","","","","","","","",""
"yggdrasil_decision_forests::model::decision_tree::internal::SplitExamplesInPlace","0.418807","0.620s","0","0s","0.060s","0s","Function","","17","145","","","","","","4.097","0","0.015","","19.773","0.015","0.072","","23.870","0.015","0.087","0","0.246","< 0.001","1.186","< 0.001","1.432","0.063","16.517","","275.290","0.015","0.048","12.969","3.548","0","5.487","0","0","4.640","0.847","0","1.912","0","0","1.847","0.065","0","1.371","0","0","1.320","0.052","","Int32","256","AVX","","","","","","training.cc","tof_fork_g","","","","","","","","","","","","","","","","","","","","","","","","","","","","","","","","","","","","","","","","","","","","","","","","","","","","","","","","","","","","","","","","","","","","","","","","",""
"yggdrasil_decision_forests::model::decision_tree::EvalConditionOnDataset","0.418807","0.620s","0","0s","0.060s","0s","Function","","18","147","","","","","","4.097","0","0.015","","19.758","0.064","0.072","","23.854","0.064","0.087","0","0.246","0.043","1.185","0.043","1.431","0.669","16.455","","274.246","0.342","0.327","12.954","3.501","0.385","5.487","0.333","0.051","4.640","0.847","0.008","1.912","0.008","< 0.001","1.847","0.065","0.002","1.371","0.002","< 0.001","1.320","0.052","","Int32","128/256","AVX","","","","","","decision_tree.cc","tof_fork_g","","","","","","","","","","","","","","","","","","","","","","","","","","","","","","","","","","","","","","","","","","","","","","","","","","","","","","","","","","","","","","","","","","","","","","","","",""
"[loop in yggdrasil_decision_forests::model::decision_tree::EvalConditionOnDataset at decision_tree.cc]","0.405297","0.600s","0.0405306","0.060s","0.060s","0.020s","Scalar","1","19","146","","","","","0","4.097","0","0.016","28.210","19.049","0.195","0.072","28.210","23.145","0.195","0.088","0","0.246","0.564","1.143","0.564","1.389","2.892","15.786","144.579","263.099","2.610","0.282","12.612","3.174","0.677","5.102","0.562","0.116","4.307","0.795","0.282","1.905","0.255","0.026","1.840","0.065","0.260","1.370","0.242","0.018","1.318","0.052","","","","","","","","","","decision_tree.cc","tof_fork_g","","","","","","","","","","","","","","","","","","","","","","","","","","","","","","","","","","","","","","","","","","","","","","","","","","","","","","","","","","","","","","","","","","","","","","","","",""
"yggdrasil_decision_forests::model::decision_tree::EvalConditionOblique::operator()","0.364767","0.540s","0.189134","0.280s","0.060s","0.040s","Function","","20","98","","","","","5.181","4.097","0.017","0.019","14.226","9.645","0.046","0.045","19.407","13.742","0.062","0.064","0.207","0.246","0.569","0.579","0.776","0.825","12.431","12.894","310.787","214.905","9.540","2.892","10.003","2.892","3.930","4.425","3.309","0.620","3.745","0.680","1.433","1.623","1.402","0.031","1.584","0.039","0.977","1.110","0.949","0.028","1.076","0.033","","","","","","","","","","decision_tree.cc:882","tof_fork_g","","","","","","","","","","","","","","","","","","","","","","","","","","","","","","","","","","","","","","","","","","","","","","","","","","","","","","","","","","","","","","","","","","","","","","","","",""
"std::isnan","0.148609","0.220s","0.148609","0.220s","0.040s","0.040s","Inlined Function","","21","148","","","","","","","","","","","","","","","","","","","","","","","","","","","","","0","0","","0","","","0","0","","0","","","0","0","","0","","","0","0","","","","","","","","","","cmath:1182","tof_fork_g","","","","","","","","","","","","","","","","","","","","","","","","","","","","","","","","","","","","","","","","","","","","","","","","","","","","","","","","","","","","","","","","","","","","","","","","",""
"[loop in yggdrasil_decision_forests::model::decision_tree::EvalConditionOblique::operator() at decision_tree.cc:886]","0.0270198","0.040s","0","0s","0.020s","0s","Scalar","0","21","197","","","","","","1.929","0.083","0.083","","0.482","0.021","0.021","","2.411","0.104","0.104","0.039","0.039","0.010","0.010","0.048","0.048","0.463","0.463","","23.148","0.463","0","0.463","0","0.495","0.495","0.436","0.059","0.436","0.059","0.190","0.190","0.182","0.008","0.182","0.008","0.133","0.133","0.128","0.005","0.128","0.005","FMA","Int32","","","","","","","","decision_tree.cc:886","tof_fork_g","","","","","","","","","","","","","","","","","","","","","","","","","","","","","","","","","","","","","","","","","","","","","","","","","","","","","","","","","","","","","","","","","","","","","","","","",""
"std::isnan","0.0270198","0.040s","0.0270178","0.040s","0.020s","0.020s","Inlined Function","","22","148","","","","","","","","","","","","","","","","","","","","","","","","","","","","","0","0","","0","","","0","0","","0","","","0","0","","0","","","0","0","","","","","","","","","","cmath:1182","tof_fork_g","","","","","","","","","","","","","","","","","","","","","","","","","","","","","","","","","","","","","","","","","","","","","","","","","","","","","","","","","","","","","","","","","","","","","","","","",""
"__libc_free","0.0135099","0.020s","0.0135112","0.020s","0.020s","0.020s","Function","","19","20","","","","","","","","","","","","","","","","","","","","","","","","","","","","","0","0","","0","","","0","0","","0","","","0","0","","0","","","0","0","","","","","","","","","","","libc.so.6","","","","","","","","","","","","","","","","","","","","","","","","","","","","","","","","","","","","","","","","","","","","","","","","","","","","","","","","","","","","","","","","","","","","","","","","",""
"std::_Function_handler<absl::lts_20250814::Status (yggdrasil_decision_forests::dataset::VerticalDataset const&, absl::lts_20250814::Span<unsigned int const>, std::vector<float, std::allocator<float>> const&, yggdrasil_decision_forests::model::proto::TrainingConfig const&, yggdrasil_decision_forests::model::proto::TrainingConfigLinking const&, yggdrasil_decision_forests::model::decision_tree::NodeWithChildren*), absl::lts_20250814::Status (yggdrasil_decision_forests::dataset::VerticalDataset const&, absl::lts_20250814::Span<unsigned int const>, std::vector<float, std::allocator<float>> const&, yggdrasil_decision_forests::model::proto::TrainingConfig const&, yggdrasil_decision_forests::model::proto::TrainingConfigLinking const&, yggdrasil_decision_forests::model::decision_tree::NodeWithChildren*)*>::_M_invoke","0.108079","0.160s","0","0s","0.040s","0s","Function","","17","167","","","","","","1.132","0","0.039","","1.233","0","0.043","","2.365","0","0.083","0","0.045","0","0.049","0","0.095","0.015","1.147","","28.660","0.008","0.008","0.740","0.407","0","1.758","0","0","1.539","0.219","0","0.786","0","0","0.751","0.035","0","0.143","0","0","0.137","0.006","","","","","","","","","","std_function.h:290","tof_fork_g","","","","","","","","","","","","","","","","","","","","","","","","","","","","","","","","","","","","","","","","","","","","","","","","","","","","","","","","","","","","","","","","","","","","","","","","",""
"_ZSt10__invoke_rIN4absl12lts_202508146StatusERPFS2_RKN26yggdrasil_decision_forests7dataset15VerticalDatasetENS1_4SpanIKjEERKSt6vectorIfSaIfEERKNS3_5model5proto14TrainingConfigERKNSH_21TrainingConfigLinkingEPNSG_13decision_tree16NodeWithChildrenEEJS7_SA_SF_SK_SN_SQ_EENSt9enable_ifIX16is_invocable_r_vIT_T0_DpT1_EESV_E4typeEOSW_DpOSX_","0.108079","0.160s","0","0s","0.040s","0s","Inlined Function","","18","168","","","","","","1.132","","0.040","","1.233","","0.044","","2.365","","0.084","","0.045","","0.049","","0.095","","1.131","","28.284","","","0.732","0.399","","1.758","","","1.539","0.219","","0.786","","","0.751","0.035","","0.143","","","0.137","0.006","","","","","","","","","","invoke.h:106","tof_fork_g","","","","","","","","","","","","","","","","","","","","","","","","","","","","","","","","","","","","","","","","","","","","","","","","","","","","","","","","","","","","","","","","","","","","","","","","",""
"std::__invoke_impl<absl::lts_20250814::Status, absl::lts_20250814::Status (*&)(yggdrasil_decision_forests::dataset::VerticalDataset const&, absl::lts_20250814::Span<unsigned int const>, std::vector<float, std::allocator<float>> const&, yggdrasil_decision_forests::model::proto::TrainingConfig const&, yggdrasil_decision_forests::model::proto::TrainingConfigLinking const&, yggdrasil_decision_forests::model::decision_tree::NodeWithChildren*), yggdrasil_decision_forests::dataset::VerticalDataset const&, absl::lts_20250814::Span<unsigned int const>, std::vector<float, std::allocator<float>> const&, yggdrasil_decision_forests::model::proto::TrainingConfig const&, yggdrasil_decision_forests::model::proto::TrainingConfigLinking const&, yggdrasil_decision_forests::model::decision_tree::NodeWithChildren*>","0.108079","0.160s","0","0s","0.040s","0s","Inlined Function","","19","166","","","","","","1.132","0","0.040","","1.233","0","0.044","","2.365","0","0.084","0","0.045","0","0.049","0","0.095","0.018","1.131","","28.284","0.013","0.005","0.732","0.399","< 0.001","1.758","< 0.001","0","1.539","0.219","0","0.786","0","0","0.751","0.035","0","0.143","0","0","0.137","0.006","","","","","","","","","","invoke.h:62","tof_fork_g","","","","","","","","","","","","","","","","","","","","","","","","","","","","","","","","","","","","","","","","","","","","","","","","","","","","","","","","","","","","","","","","","","","","","","","","",""
"yggdrasil_decision_forests::model::decision_tree::SetLabelDistribution","0.108079","0.160s","0","0s","0.040s","0s","Function","","20","170","","","","","","1.132","0.006","0.041","","1.233","0.107","0.044","","2.365","0.113","0.085","< 0.001","0.045","0.017","0.049","0.018","0.095","0.155","1.114","","27.845","0.102","0.053","0.720","0.394","0.363","1.758","0.315","0.048","1.539","0.219","0.023","0.786","0.023","< 0.001","0.751","0.035","0.003","0.143","0.003","< 0.001","0.137","0.006","Extracts; Gathers; Inserts; Shuffles; Type Conversions","Int32; Int64; UInt16; UInt256; UInt; ; ","128/256","AVX; AVX2; AVX512F_128; AVX512F_256","","","","","","label.cc","tof_fork_g","","","","","","","","","","","","","","","","","","","","","","","","","","","","","","","","","","","","","","","","","","","","","","","","","","","","","","","","","","","","","","","","","","","","","","","","",""
"[loop in yggdrasil_decision_forests::model::decision_tree::SetLabelDistribution at label.cc:56]","0.0945693","0.140s","0","0s","0.040s","0s","Scalar Versions","0","21","237","","","","","","1.108","","0.053","","0.457","","0.022","","1.566","","0.074","","0.044","","0.018","","0.063","","0.844","","21.107","","","0.563","0.281","","1.346","","","1.182","0.164","","0.753","","","0.718","0.035","","0.134","","","0.128","0.006","","Int64","","","","","","","","label.cc:56","tof_fork_g","","","","","","","","","","","","","","","","","","","","","","","","","","","","","","","","","","","","","","","","","","","","","","","","","","","","","","","","","","","","","","","","","","","","","","","","",""
"[loop in yggdrasil_decision_forests::model::decision_tree::SetLabelDistribution at label.cc:56]","0.0945693","0.140s","0.0945747","0.140s","0.040s","0.040s","Scalar","0","21","169","","","","","1.085","1.085","0.052","0.052","0.434","0.434","0.021","0.021","1.518","1.518","0.073","0.073","0.043","0.043","0.017","0.017","0.061","0.061","0.833","0.833","20.825","20.825","0.555","0.278","0.555","0.278","1.334","1.334","1.172","0.162","1.172","0.162","0.752","0.752","0.717","0.035","0.717","0.035","0.134","0.134","0.128","0.006","0.128","0.006","","Int64","","","","","","","","label.cc:56","tof_fork_g","","","","","","","","","","","","","","","","","","","","","","","","","","","","","","","","","","","","","","","","","","","","","","","","","","","","","","","","","","","","","","","","","","","","","","","","",""
"[loop in yggdrasil_decision_forests::model::decision_tree::SetLabelDistribution at label.cc:56]","0","0s","0","0s","0s","0s","Scalar","0","21","226","","","","","","","0.083","0.083","","","0.083","0.083","","","0.167","0.167","< 0.001","< 0.001","< 0.001","< 0.001","0.002","0.002","0.011","0.011","","","0.008","0.004","0.008","0.004","0.011","0.011","0.010","0.001","0.010","0.001","< 0.001","< 0.001","< 0.001","< 0.001","< 0.001","< 0.001","< 0.001","< 0.001","< 0.001","< 0.001","< 0.001","< 0.001","","Int64","","","","","","","","label.cc:56","tof_fork_g","","","","","","","","","","","","","","","","","","","","","","","","","","","","","","","","","","","","","","","","","","","","","","","","","","","","","","","","","","","","","","","","","","","","","","","","",""
"yggdrasil_decision_forests::utils::IntegerDistribution<double>::Save<yggdrasil_decision_forests::utils::proto::IntegerDistributionDouble>","0.0135099","0.020s","0","0s","0.020s","0s","Function","","21","176","","","","","","0","0","0","","0.719","0.126","0.126","","0.719","0.126","0.126","0","0","0.014","0.014","0.014","0.014","0.112","0.114","","5.703","0.052","0.060","0.055","0.060","0.049","0.049","0.042","0.007","0.042","0.007","0.009","0.009","0.009","< 0.001","0.009","< 0.001","0.006","0.006","0.006","< 0.001","0.006","< 0.001","","Int32","256","AVX","","","","","","distribution.h:751","tof_fork_g","","","","","","","","","","","","","","","","","","","","","","","","","","","","","","","","","","","","","","","","","","","","","","","","","","","","","","","","","","","","","","","","","","","","","","","","",""
"absl::lts_20250814::InlinedVector<double, (unsigned long)3, std::allocator<double>>::size","0.0135099","0.020s","0","0s","0.020s","0s","Inlined Function","","22","177","","","","","","0","","0","","0.016","","0.125","","0.016","","0.125","","0","","< 0.001","","< 0.001","","0.003","","0.125","","","0.003","0","","0","","","0","0","","0","","","0","0","","0","","","0","0","","","","","","","","","","inlined_vector.h:313","tof_fork_g","","","","","","","","","","","","","","","","","","","","","","","","","","","","","","","","","","","","","","","","","","","","","","","","","","","","","","","","","","","","","","","","","","","","","","","","",""
"absl::lts_20250814::inlined_vector_internal::Storage<double, (unsigned long)3, std::allocator<double>>::GetSize","0.0135099","0.020s","0.01351","0.020s","0.020s","0.020s","Inlined Function","","23","175","","","","","0","0","0","0","0.016","0.016","0.125","0.125","0.016","0.016","0.125","0.125","0","0","< 0.001","< 0.001","< 0.001","< 0.001","0.003","0.003","0.125","0.125","0.003","0","0.003","0","0","0","0","0","0","0","0","0","0","0","0","0","0","0","0","0","0","0","","","","","","","","","","inlined_vector.h:371","tof_fork_g","","","","","","","","","","","","","","","","","","","","","","","","","","","","","","","","","","","","","","","","","","","","","","","","","","","","","","","","","","","","","","","","","","","","","","","","",""
"std::function<absl::lts_20250814::Status (yggdrasil_decision_forests::dataset::VerticalDataset const&, absl::lts_20250814::Span<unsigned int const>, std::vector<float, std::allocator<float>> const&, yggdrasil_decision_forests::model::proto::TrainingConfig const&, yggdrasil_decision_forests::model::proto::TrainingConfigLinking const&, yggdrasil_decision_forests::model::decision_tree::NodeWithChildren*)>::operator()","0.0540396","0.080s","0","0s","0.020s","0s","Function","","17","178","","","","","","2.274","0","0.041","","2.266","0.031","0.041","","4.540","0.031","0.081","0","0.045","< 0.001","0.045","< 0.001","0.091","0.030","1.117","","55.823","0.015","0.015","0.734","0.382","< 0.001","1.401","< 0.001","< 0.001","1.271","0.130","0","0.566","0","0","0.558","0.008","0","0.078","0","0","0.076","0.002","","","","","","","","","","std_function.h:589","tof_fork_g","","","","","","","","","","","","","","","","","","","","","","","","","","","","","","","","","","","","","","","","","","","","","","","","","","","","","","","","","","","","","","","","","","","","","","","","",""
"std::_Function_handler<absl::lts_20250814::Status (yggdrasil_decision_forests::dataset::VerticalDataset const&, absl::lts_20250814::Span<unsigned int const>, std::vector<float, std::allocator<float>> const&, yggdrasil_decision_forests::model::proto::TrainingConfig const&, yggdrasil_decision_forests::model::proto::TrainingConfigLinking const&, yggdrasil_decision_forests::model::decision_tree::NodeWithChildren*), absl::lts_20250814::Status (yggdrasil_decision_forests::dataset::VerticalDataset const&, absl::lts_20250814::Span<unsigned int const>, std::vector<float, std::allocator<float>> const&, yggdrasil_decision_forests::model::proto::TrainingConfig const&, yggdrasil_decision_forests::model::proto::TrainingConfigLinking const&, yggdrasil_decision_forests::model::decision_tree::NodeWithChildren*)*>::_M_invoke","0.0540396","0.080s","0","0s","0.020s","0s","Function","","18","167","","","","","","2.274","0","0.042","","2.219","0","0.041","","4.493","0","0.083","0","0.045","0","0.044","0","0.090","0.015","1.087","","54.319","0.008","0.008","0.719","0.367","0","1.400","0","0","1.271","0.130","0","0.566","0","0","0.558","0.008","0","0.078","0","0","0.076","0.002","","","","","","","","","","std_function.h:290","tof_fork_g","","","","","","","","","","","","","","","","","","","","","","","","","","","","","","","","","","","","","","","","","","","","","","","","","","","","","","","","","","","","","","","","","","","","","","","","",""
"_ZSt10__invoke_rIN4absl12lts_202508146StatusERPFS2_RKN26yggdrasil_decision_forests7dataset15VerticalDatasetENS1_4SpanIKjEERKSt6vectorIfSaIfEERKNS3_5model5proto14TrainingConfigERKNSH_21TrainingConfigLinkingEPNSG_13decision_tree16NodeWithChildrenEEJS7_SA_SF_SK_SN_SQ_EENSt9enable_ifIX16is_invocable_r_vIT_T0_DpT1_EESV_E4typeEOSW_DpOSX_","0.0540396","0.080s","0","0s","0.020s","0s","Inlined Function","","19","168","","","","","","2.274","","0.042","","2.219","","0.041","","4.493","","0.084","","0.045","","0.044","","0.090","","1.071","","53.567","","","0.712","0.360","","1.400","","","1.271","0.130","","0.566","","","0.558","0.008","","0.078","","","0.076","0.002","","","","","","","","","","invoke.h:106","tof_fork_g","","","","","","","","","","","","","","","","","","","","","","","","","","","","","","","","","","","","","","","","","","","","","","","","","","","","","","","","","","","","","","","","","","","","","","","","",""
"std::__invoke_impl<absl::lts_20250814::Status, absl::lts_20250814::Status (*&)(yggdrasil_decision_forests::dataset::VerticalDataset const&, absl::lts_20250814::Span<unsigned int const>, std::vector<float, std::allocator<float>> const&, yggdrasil_decision_forests::model::proto::TrainingConfig const&, yggdrasil_decision_forests::model::proto::TrainingConfigLinking const&, yggdrasil_decision_forests::model::decision_tree::NodeWithChildren*), yggdrasil_decision_forests::dataset::VerticalDataset const&, absl::lts_20250814::Span<unsigned int const>, std::vector<float, std::allocator<float>> const&, yggdrasil_decision_forests::model::proto::TrainingConfig const&, yggdrasil_decision_forests::model::proto::TrainingConfigLinking const&, yggdrasil_decision_forests::model::decision_tree::NodeWithChildren*>","0.0540396","0.080s","0","0s","0.020s","0s","Inlined Function","","20","166","","","","","","2.274","0","0.042","","2.219","0","0.041","","4.493","0","0.084","0","0.045","0","0.044","0","0.090","0.018","1.071","","53.567","0.013","0.005","0.712","0.360","< 0.001","1.400","< 0.001","< 0.001","1.271","0.130","0","0.566","0","0","0.558","0.008","0","0.078","0","0","0.076","0.002","","","","","","","","","","invoke.h:62","tof_fork_g","","","","","","","","","","","","","","","","","","","","","","","","","","","","","","","","","","","","","","","","","","","","","","","","","","","","","","","","","","","","","","","","","","","","","","","","",""
"yggdrasil_decision_forests::model::decision_tree::SetLabelDistribution","0.0540396","0.080s","0.0133877","0.020s","0.020s","0.020s","Function","","21","170","","","","","0.047","2.274","0.005","0.043","1.312","2.219","0.127","0.042","1.360","4.493","0.131","0.085","< 0.001","0.045","0.026","0.044","0.027","0.090","0.206","1.054","10.374","52.690","0.134","0.072","0.699","0.355","0.124","1.400","0.108","0.016","1.270","0.130","0.009","0.566","0.009","< 0.001","0.558","0.008","0.003","0.078","0.003","< 0.001","0.076","0.002","Extracts; Gathers; Inserts; Shuffles; Type Conversions","Int32; Int64; UInt16; UInt256; UInt; ; ","128/256","AVX; AVX2; AVX512F_128; AVX512F_256","","","","","","label.cc","tof_fork_g","","","","","","","","","","","","","","","","","","","","","","","","","","","","","","","","","","","","","","","","","","","","","","","","","","","","","","","","","","","","","","","","","","","","","","","","",""
"[loop in yggdrasil_decision_forests::model::decision_tree::SetLabelDistribution at label.cc:56]","0.0405297","0.060s","0","0s","0.020s","0s","Scalar Versions","0","22","237","","","","","","2.227","","0.052","","0.919","","0.022","","3.145","","0.074","","0.045","","0.018","","0.063","","0.848","","42.410","","","0.566","0.283","","1.276","","","1.163","0.113","","0.557","","","0.549","0.007","","0.075","","","0.074","0.001","","Int64","","","","","","","","label.cc:56","tof_fork_g","","","","","","","","","","","","","","","","","","","","","","","","","","","","","","","","","","","","","","","","","","","","","","","","","","","","","","","","","","","","","","","","","","","","","","","","",""
"[loop in yggdrasil_decision_forests::model::decision_tree::SetLabelDistribution at label.cc:56]","0.0405297","0.060s","0.0405326","0.060s","0.020s","0.020s","Scalar","0","22","169","","","","","2.179","2.179","0.052","0.052","0.872","0.872","0.021","0.021","3.051","3.051","0.073","0.073","0.044","0.044","0.017","0.017","0.061","0.061","0.837","0.837","41.846","41.846","0.558","0.279","0.558","0.279","1.265","1.265","1.153","0.112","1.153","0.112","0.556","0.556","0.549","0.007","0.549","0.007","0.075","0.075","0.074","0.001","0.074","0.001","","Int64","","","","","","","","label.cc:56","tof_fork_g","","","","","","","","","","","","","","","","","","","","","","","","","","","","","","","","","","","","","","","","","","","","","","","","","","","","","","","","","","","","","","","","","","","","","","","","",""
"[loop in yggdrasil_decision_forests::model::decision_tree::SetLabelDistribution at label.cc:56]","0","0s","0","0s","0s","0s","Scalar","0","22","226","","","","","","","0.083","0.083","","","0.083","0.083","","","0.167","0.167","< 0.001","< 0.001","< 0.001","< 0.001","0.002","0.002","0.011","0.011","","","0.008","0.004","0.008","0.004","0.012","0.012","0.010","0.001","0.010","0.001","< 0.001","< 0.001","< 0.001","< 0.001","< 0.001","< 0.001","< 0.001","< 0.001","< 0.001","0","< 0.001","0","","Int64","","","","","","","","label.cc:56","tof_fork_g","","","","","","","","","","","","","","","","","","","","","","","","","","","","","","","","","","","","","","","","","","","","","","","","","","","","","","","","","","","","","","","","","","","","","","","","",""
"yggdrasil_decision_forests::model::decision_tree::NodeWithChildren::CreateChildren","0.0270198","0.040s","0.0135104","0.020s","0.040s","0.020s","Function","","17","191","","","","","0","0","0","0","0","0","0","0","0","0","0","0","0","0","0","0","0","0","0.015","0.015","0.752","0.376","0.003","0.013","0.003","0.013","0","0","0","0","0","0","0","0","0","0","0","0","0","0","0","0","0","0","","Int32","128/256","AVX","","","","","","decision_tree.cc:649","tof_fork_g","","","","","","","","","","","","","","","","","","","","","","","","","","","","","","","","","","","","","","","","","","","","","","","","","","","","","","","","","","","","","","","","","","","","","","","","",""
"std::make_unique<yggdrasil_decision_forests::model::decision_tree::NodeWithChildren>","0.0135099","0.020s","0","0s","0.020s","0s","Inlined Function","","18","199","","","","","","","","","","","","","","","","","","","","","","","","","","","","","0","0","","0","","","0","0","","0","","","0","0","","0","","","0","0","","Int32","128/256","AVX","","","","","","unique_ptr.h:1083","tof_fork_g","","","","","","","","","","","","","","","","","","","","","","","","","","","","","","","","","","","","","","","","","","","","","","","","","","","","","","","","","","","","","","","","","","","","","","","","",""
"operator new","0.0135099","0.020s","0.0135075","0.020s","0.020s","0.020s","Function","","19","10","","","","","","","","","","","","","","","","","","","","","","","","","","","","","0","0","","0","","","0","0","","0","","","0","0","","0","","","0","0","","","","","","","","","","","libstdc++.so.6","","","","","","","","","","","","","","","","","","","","","","","","","","","","","","","","","","","","","","","","","","","","","","","","","","","","","","","","","","","","","","","","","","","","","","","","",""
"google::protobuf::Arena::DefaultConstruct<yggdrasil_decision_forests::model::decision_tree::proto::NodeCondition>","0.0135099","0.020s","0","0s","0.020s","0s","Function","","17","208","","","","","","0","0","0","","0","0","0","","0","0","0","0","0","0","0","0","0","0.020","0.020","","1.004","0.005","0.015","0.005","0.015","0","0","0","0","0","0","0","0","0","0","0","0","0","0","0","0","0","0","","","","","","","","","","arena.h:646","tof_fork_g","","","","","","","","","","","","","","","","","","","","","","","","","","","","","","","","","","","","","","","","","","","","","","","","","","","","","","","","","","","","","","","","","","","","","","","","",""
"operator new","0.0135099","0.020s","0.0135008","0.020s","0.020s","0.020s","Function","","18","10","","","","","","","","","","","","","","","","","","","","","","","","","","","","","0","0","","0","","","0","0","","0","","","0","0","","0","","","0","0","","","","","","","","","","","libstdc++.so.6","","","","","","","","","","","","","","","","","","","","","","","","","","","","","","","","","","","","","","","","","","","","","","","","","","","","","","","","","","","","","","","","","","","","","","","","",""
"std::thread::_State_impl<std::thread::_Invoker<std::tuple<MakeTrunkDataset(yggdrasil_decision_forests::dataset::proto::DataSpecification const&, long, int, unsigned int)::$_0, int, int>>>::_M_run","1.75629","2.600s","0","0s","0.080s","0s","Function","","6","44","","","","","","28.160","","0.145","","30.721","","0.158","","58.881","","0.303","","2.253","","2.458","","4.710","","15.565","","194.565","","","15.565","< 0.001","","0.052","","","0.026","0.026","","< 0.001","","","< 0.001","< 0.001","","< 0.001","","","< 0.001","< 0.001","","","","","","","","","","std_thread.h:255","tof_fork_g","","","","","","","","","","","","","","","","","","","","","","","","","","","","","","","","","","","","","","","","","","","","","","","","","","","","","","","","","","","","","","","","","","","","","","","","",""
"std::thread::_Invoker<std::tuple<MakeTrunkDataset(yggdrasil_decision_forests::dataset::proto::DataSpecification const&, long, int, unsigned int)::$_0, int, int>>::operator()","1.75629","2.600s","0","0s","0.080s","0s","Inlined Function","","7","49","","","","","","28.160","","0.145","","30.721","","0.158","","58.881","","0.303","","2.253","","2.458","","4.710","","15.565","","194.565","","","15.565","< 0.001","","0.052","","","0.026","0.026","","< 0.001","","","< 0.001","< 0.001","","< 0.001","","","< 0.001","< 0.001","","","","","","","","","","std_thread.h:306","tof_fork_g","","","","","","","","","","","","","","","","","","","","","","","","","","","","","","","","","","","","","","","","","","","","","","","","","","","","","","","","","","","","","","","","","","","","","","","","",""
"_ZNSt6thread8_InvokerISt5tupleIJZ16MakeTrunkDatasetRKN26yggdrasil_decision_forests7dataset5proto17DataSpecificationElijE3$_0iiEEE9_M_invokeIJLm0ELm1ELm2EEEEvSt12_Index_tupleIJXspT_EEE","1.75629","2.600s","0","0s","0.080s","0s","Inlined Function","","8","48","","","","","","28.160","","0.145","","30.721","","0.158","","58.881","","0.303","","2.253","","2.458","","4.710","","15.565","","194.565","","","15.565","< 0.001","","0.052","","","0.026","0.026","","< 0.001","","","< 0.001","< 0.001","","< 0.001","","","< 0.001","< 0.001","","","","","","","","","","std_thread.h:302","tof_fork_g","","","","","","","","","","","","","","","","","","","","","","","","","","","","","","","","","","","","","","","","","","","","","","","","","","","","","","","","","","","","","","","","","","","","","","","","",""
"std::__invoke<MakeTrunkDataset(yggdrasil_decision_forests::dataset::proto::DataSpecification const&, long, int, unsigned int)::$_0, int, int>","1.75629","2.600s","0","0s","0.080s","0s","Inlined Function","","9","47","","","","","","28.160","","0.145","","30.721","","0.158","","58.881","","0.303","","2.253","","2.458","","4.710","","15.565","","194.565","","","15.565","< 0.001","","0.052","","","0.026","0.026","","< 0.001","","","< 0.001","< 0.001","","< 0.001","","","< 0.001","< 0.001","","","","","","","","","","invoke.h:92","tof_fork_g","","","","","","","","","","","","","","","","","","","","","","","","","","","","","","","","","","","","","","","","","","","","","","","","","","","","","","","","","","","","","","","","","","","","","","","","",""
"std::__invoke_impl<void, MakeTrunkDataset(yggdrasil_decision_forests::dataset::proto::DataSpecification const&, long, int, unsigned int)::$_0, int, int>","1.75629","2.600s","0","0s","0.080s","0s","Inlined Function","","10","46","","","","","","28.160","","0.145","","30.721","","0.158","","58.881","","0.303","","2.253","","2.458","","4.710","","15.565","","194.565","","","15.565","< 0.001","","0.052","","","0.026","0.026","","< 0.001","","","< 0.001","< 0.001","","< 0.001","","","< 0.001","< 0.001","","","","","","","","","","invoke.h:62","tof_fork_g","","","","","","","","","","","","","","","","","","","","","","","","","","","","","","","","","","","","","","","","","","","","","","","","","","","","","","","","","","","","","","","","","","","","","","","","",""
"MakeTrunkDataset(yggdrasil_decision_forests::dataset::proto::DataSpecification const&, long, int, unsigned int)::$_0::operator()","1.75629","2.600s","0","0s","0.080s","0s","Inlined Function","","11","43","","","","","","28.160","","0.145","","30.721","","0.158","","58.881","","0.303","","2.253","","2.458","","4.710","","15.565","","194.565","","","15.565","< 0.001","","0.052","","","0.026","0.026","","< 0.001","","","< 0.001","< 0.001","","< 0.001","","","< 0.001","< 0.001","","","","","","","","","","train_oblique_forest.cc:361","tof_fork_g","","","","","","","","","","","","","","","","","","","","","","","","","","","","","","","","","","","","","","","","","","","","","","","","","","","","","","","","","","","","","","","","","","","","","","","","",""
"[loop in MakeTrunkDataset(yggdrasil_decision_forests::dataset::proto::DataSpecification const&, long, int, unsigned int)::$_0::operator() at train_oblique_forest.cc:362]","1.75629","2.600s","0","0s","0.080s","0s","Scalar","2","12","45","","","","","","28.160","","0.145","","30.721","","0.158","","58.881","","0.303","","2.253","","2.458","","4.710","","15.565","","194.565","","","15.565","< 0.001","","0.052","","","0.026","0.026","","< 0.001","","","< 0.001","< 0.001","","< 0.001","","","< 0.001","< 0.001","","Int32; UInt16","","","","","","","","train_oblique_forest.cc:362","tof_fork_g","","","","","","","","","","","","","","","","","","","","","","","","","","","","","","","","","","","","","","","","","","","","","","","","","","","","","","","","","","","","","","","","","","","","","","","","",""
"[loop in MakeTrunkDataset(yggdrasil_decision_forests::dataset::proto::DataSpecification const&, long, int, unsigned int)::$_0::operator() at train_oblique_forest.cc:375]","1.41854","2.100s","0.243109","0.360s","0.080s","0.040s","Scalar","1","13","42","","","","","","28.160","","0.145","","30.720","","0.158","","58.880","","0.303","","2.253","","2.458","","4.710","","15.565","","194.560","","","15.565","0","","0.050","","","0.025","0.025","","< 0.001","","","< 0.001","0","","< 0.001","","","< 0.001","0","Divisions; Square Roots","Int32; UInt16","","","","","","","","train_oblique_forest.cc:375","tof_fork_g","","","","","","","","","","","","","","","","","","","","","","","","","","","","","","","","","","","","","","","","","","","","","","","","","","","","","","","","","","","","","","","","","","","","","","","","",""
"std::normal_distribution<float>::operator()<std::linear_congruential_engine<unsigned long, (unsigned long)48271, (unsigned long)0, (unsigned long)2147483647>>","1.17536","1.740s","0","0s","0.080s","0s","Inlined Function","","14","51","","","","","","28.160","","0.145","","30.720","","0.158","","58.880","","0.303","","2.253","","2.458","","4.710","","15.565","","194.560","","","15.565","0","","0.050","","","0.025","0.025","","< 0.001","","","< 0.001","0","","< 0.001","","","< 0.001","0","","","","","","","","","","random.h:2238","tof_fork_g","","","","","","","","","","","","","","","","","","","","","","","","","","","","","","","","","","","","","","","","","","","","","","","","","","","","","","","","","","","","","","","","","","","","","","","","",""
"std::normal_distribution<float>::operator()<std::linear_congruential_engine<unsigned long, (unsigned long)48271, (unsigned long)0, (unsigned long)2147483647>>","1.17536","1.740s","0.391812","0.580s","0.080s","0.040s","Inlined Function","","15","50","","","","","","28.160","","0.145","","30.720","","0.158","","58.880","","0.303","","2.253","","2.458","","4.710","","15.565","","194.560","","","15.565","0","","0.050","","","0.025","0.025","","< 0.001","","","< 0.001","0","","< 0.001","","","< 0.001","0","","","","","","","","","","random.tcc:1813","tof_fork_g","","","","","","","","","","","","","","","","","","","","","","","","","","","","","","","","","","","","","","","","","","","","","","","","","","","","","","","","","","","","","","","","","","","","","","","","",""
"[loop in std::normal_distribution<float>::operator()<std::linear_congruential_engine<unsigned long, (unsigned long)48271, (unsigned long)0, (unsigned long)2147483647>> at random.tcc:1830]","0.472847","0.700s","0.0540442","0.080s","0.060s","0.020s","Scalar","0","16","55","","","","","","","","","","","","","","","","","","","","","","","","","","","","","0","0","","0","","","0","0","","0","","","0","0","","0","","","0","0","FMA; Type Conversions","Int32; UInt16","","","","","","","","random.tcc:1830","tof_fork_g","","","","","","","","","","","","","","","","","","","","","","","","","","","","","","","","","","","","","","","","","","","","","","","","","","","","","","","","","","","","","","","","","","","","","","","","",""
"std::__detail::_Adaptor<std::linear_congruential_engine<unsigned long, (unsigned long)48271, (unsigned long)0, (unsigned long)2147483647>, float>::operator()","0.216158","0.320s","0","0s","0.040s","0s","Inlined Function","","17","56","","","","","","","","","","","","","","","","","","","","","","","","","","","","","0","0","","0","","","0","0","","0","","","0","0","","0","","","0","0","","","","","","","","","","random.h:291","tof_fork_g","","","","","","","","","","","","","","","","","","","","","","","","","","","","","","","","","","","","","","","","","","","","","","","","","","","","","","","","","","","","","","","","","","","","","","","","",""
"std::generate_canonical<float, (unsigned long)24, std::linear_congruential_engine<unsigned long, (unsigned long)48271, (unsigned long)0, (unsigned long)2147483647>>","0.216158","0.320s","0.216134","0.320s","0.040s","0.040s","Inlined Function","","18","54","","","","","","","","","","","","","","","","","","","","","","","","","","","","","0","0","","0","","","0","0","","0","","","0","0","","0","","","0","0","","","","","","","","","","random.tcc:3349","tof_fork_g","","","","","","","","","","","","","","","","","","","","","","","","","","","","","","","","","","","","","","","","","","","","","","","","","","","","","","","","","","","","","","","","","","","","","","","","",""
"std::__detail::_Adaptor<std::linear_congruential_engine<unsigned long, (unsigned long)48271, (unsigned long)0, (unsigned long)2147483647>, float>::operator()","0.202649","0.300s","0","0s","0.040s","0s","Inlined Function","","17","67","","","","","","","","","","","","","","","","","","","","","","","","","","","","","0","0","","0","","","0","0","","0","","","0","0","","0","","","0","0","","","","","","","","","","random.h:291","tof_fork_g","","","","","","","","","","","","","","","","","","","","","","","","","","","","","","","","","","","","","","","","","","","","","","","","","","","","","","","","","","","","","","","","","","","","","","","","",""
"std::generate_canonical<float, (unsigned long)24, std::linear_congruential_engine<unsigned long, (unsigned long)48271, (unsigned long)0, (unsigned long)2147483647>>","0.202649","0.300s","0.202661","0.300s","0.040s","0.040s","Inlined Function","","18","66","","","","","","","","","","","","","","","","","","","","","","","","","","","","","0","0","","0","","","0","0","","0","","","0","0","","0","","","0","0","","","","","","","","","","random.tcc:3349","tof_fork_g","","","","","","","","","","","","","","","","","","","","","","","","","","","","","","","","","","","","","","","","","","","","","","","","","","","","","","","","","","","","","","","","","","","","","","","","",""
"std::log","0.270198","0.400s","0","0s","0.060s","0s","Inlined Function","","16","80","","","","","","37.551","","0.145","","40.965","","0.158","","78.516","","0.303","","2.253","","2.458","","4.710","","15.565","","259.446","","","15.565","0","","0.050","","","0.025","0.025","","< 0.001","","","< 0.001","0","","< 0.001","","","< 0.001","0","","","","","","","","","","cmath:333","tof_fork_g","","","","","","","","","","","","","","","","","","","","","","","","","","","","","","","","","","","","","","","","","","","","","","","","","","","","","","","","","","","","","","","","","","","","","","","","",""
"__libm_logf_l9","0.270198","0.400s","0.270149","0.400s","0.060s","0.060s","Function","","17","52","","","","","37.551","37.551","0.145","0.145","40.965","40.965","0.158","0.158","78.516","78.516","0.303","0.303","2.253","2.253","2.458","2.458","4.710","4.710","15.565","15.565","259.446","259.446","15.565","0","15.565","0","0.050","0.050","0.025","0.025","0.025","0.025","< 0.001","< 0.001","< 0.001","0","< 0.001","0","< 0.001","< 0.001","< 0.001","0","< 0.001","0","Shifts","Int32; UInt16; ; ","128","AVX; AVX2","","","","","","","tof_fork_g","","","","","","","","","","","","","","","","","","","","","","","","","","","","","","","","","","","","","","","","","","","","","","","","","","","","","","","","","","","","","","","","","","","","","","","","",""
"std::sqrt","0.0405297","0.060s","0.0405305","0.060s","0.020s","0.020s","Inlined Function","","16","82","","","","","","","","","","","","","","","","","","","","","","","","","","","","","0","0","","0","","","0","0","","0","","","0","0","","0","","","0","0","","","","","","","","","","cmath:449","tof_fork_g","60","0","0","0","0","0","0","0","0","0","0","0","0","0","0","0","0","0","0","0","0","0","0","0","0","0","0","0","0","0","0","0","0","0","0","0","0","0","0","0","0","0","0","0","0","0","0","0","0","0","0","0","0","0","0","0","0","0","0","0","0","0","0","0","0","0","0","0","0","0","0","0","0"
"std::vector<float, std::allocator<float>>::resize","0.337748","0.500s","0","0s","0.040s","0s","Function","","13","58","","","","","","0","0","0","","0.001","0.042","0.125","","0.001","0.042","0.125","0","0","< 0.001","< 0.001","< 0.001","< 0.001","< 0.001","< 0.001","","0.010","< 0.001","< 0.001","< 0.001","< 0.001","< 0.001","0.002","< 0.001","< 0.001","< 0.001","< 0.001","< 0.001","< 0.001","< 0.001","< 0.001","< 0.001","< 0.001","< 0.001","< 0.001","< 0.001","< 0.001","< 0.001","< 0.001","","","","","","","","","","stl_vector.h:1143","tof_fork_g","","","","","","","","","","","","","","","","","","","","","","","","","","","","","","","","","","","","","","","","","","","","","","","","","","","","","","","","","","","","","","","","","","","","","","","","",""
"std::vector<float, std::allocator<float>>::_M_default_append","0.337748","0.500s","0","0s","0.040s","0s","Inlined Function","","14","65","","","","","","0","0","0","","< 0.001","0.333","0.375","","< 0.001","0.333","0.375","0","0","< 0.001","< 0.001","< 0.001","< 0.001","< 0.001","< 0.001","","0.002","< 0.001","< 0.001","< 0.001","< 0.001","0.001","0.001","< 0.001","< 0.001","< 0.001","< 0.001","< 0.001","< 0.001","< 0.001","0","< 0.001","0","< 0.001","< 0.001","< 0.001","0","< 0.001","0","","","","","","","","","","vector.tcc:814","tof_fork_g","","","","","","","","","","","","","","","","","","","","","","","","","","","","","","","","","","","","","","","","","","","","","","","","","","","","","","","","","","","","","","","","","","","","","","","","",""
"std::__uninitialized_default_n_a<float*, unsigned long, float>","0.324238","0.480s","0","0s","0.040s","0s","Inlined Function","","15","64","","","","","","","","","","","","","","","","","","","","","","","","","","","","","0","0","","0","","","0","0","","0","","","0","0","","0","","","0","0","","","","","","","","","","stl_uninitialized.h:1000","tof_fork_g","","","","","","","","","","","","","","","","","","","","","","","","","","","","","","","","","","","","","","","","","","","","","","","","","","","","","","","","","","","","","","","","","","","","","","","","",""
"std::__uninitialized_default_n<float*, unsigned long>","0.324238","0.480s","0","0s","0.040s","0s","Inlined Function","","16","63","","","","","","","","","","","","","","","","","","","","","","","","","","","","","0","0","","0","","","0","0","","0","","","0","0","","0","","","0","0","","","","","","","","","","stl_uninitialized.h:931","tof_fork_g","","","","","","","","","","","","","","","","","","","","","","","","","","","","","","","","","","","","","","","","","","","","","","","","","","","","","","","","","","","","","","","","","","","","","","","","",""
"std::__uninitialized_default_n_1<(bool)1>::__uninit_default_n<float*, unsigned long>","0.324238","0.480s","0","0s","0.040s","0s","Inlined Function","","17","62","","","","","","","","","","","","","","","","","","","","","","","","","","","","","0","0","","0","","","0","0","","0","","","0","0","","0","","","0","0","","","","","","","","","","stl_uninitialized.h:888","tof_fork_g","","","","","","","","","","","","","","","","","","","","","","","","","","","","","","","","","","","","","","","","","","","","","","","","","","","","","","","","","","","","","","","","","","","","","","","","",""
"std::fill_n<float*, unsigned long, float>","0.324238","0.480s","0","0s","0.040s","0s","Inlined Function","","18","61","","","","","","","","","","","","","","","","","","","","","","","","","","","","","0","0","","0","","","0","0","","0","","","0","0","","0","","","0","0","","","","","","","","","","stl_algobase.h:1173","tof_fork_g","","","","","","","","","","","","","","","","","","","","","","","","","","","","","","","","","","","","","","","","","","","","","","","","","","","","","","","","","","","","","","","","","","","","","","","","",""
"std::__fill_n_a<float*, unsigned long, float>","0.324238","0.480s","0","0s","0.040s","0s","Inlined Function","","19","60","","","","","","","","","","","","","","","","","","","","","","","","","","","","","0","0","","0","","","0","0","","0","","","0","0","","0","","","0","0","","","","","","","","","","stl_algobase.h:1137","tof_fork_g","","","","","","","","","","","","","","","","","","","","","","","","","","","","","","","","","","","","","","","","","","","","","","","","","","","","","","","","","","","","","","","","","","","","","","","","",""
"std::__fill_a<float*, float>","0.324238","0.480s","0","0s","0.040s","0s","Inlined Function","","20","59","","","","","","","","","","","","","","","","","","","","","","","","","","","","","0","0","","0","","","0","0","","0","","","0","0","","0","","","0","0","","","","","","","","","","stl_algobase.h:978","tof_fork_g","","","","","","","","","","","","","","","","","","","","","","","","","","","","","","","","","","","","","","","","","","","","","","","","","","","","","","","","","","","","","","","","","","","","","","","","",""
"std::__fill_a1<float*, float>","0.324238","0.480s","0","0s","0.040s","0s","Inlined Function","","21","57","","","","","","","","","","","","","","","","","","","","","","","","","","","","","0","0","","0","","","0","0","","0","","","0","0","","0","","","0","0","","","","","","","","","","stl_algobase.h:897","tof_fork_g","","","","","","","","","","","","","","","","","","","","","","","","","","","","","","","","","","","","","","","","","","","","","","","","","","","","","","","","","","","","","","","","","","","","","","","","",""
"__intel_avx_rep_memset","0.324238","0.480s","0.324231","0.480s","0.040s","0.040s","Function","","22","53","","","","","","","","","","","","","","","","","","","","","","","","","","","","","0","0","","0","","","0","0","","0","","","0","0","","0","","","0","0","Unpacks","Int32; UInt16; UInt256; ","128/256","AVX; AVX2; SSE2","","","","","","","tof_fork_g","","","","","","","","","","","","","","","","","","","","","","","","","","","","","","","","","","","","","","","","","","","","","","","","","","","","","","","","","","","","","","","","","","","","","","","","",""
"std::_Vector_base<float, std::allocator<float>>::_M_allocate","0.0135099","0.020s","0","0s","0.020s","0s","Inlined Function","","15","85","","","","","","0","","","","< 0.001","","","","< 0.001","","","","0","","< 0.001","","< 0.001","","0","","0","","","0","0","","0","","","0","0","","0","","","0","0","","0","","","0","0","","","","","","","","","","stl_vector.h:384","tof_fork_g","","","","","","","","","","","","","","","","","","","","","","","","","","","","","","","","","","","","","","","","","","","","","","","","","","","","","","","","","","","","","","","","","","","","","","","","",""
"std::allocator_traits<std::allocator<float>>::allocate","0.0135099","0.020s","0","0s","0.020s","0s","Inlined Function","","16","84","","","","","","0","","","","< 0.001","","","","< 0.001","","","","0","","< 0.001","","< 0.001","","0","","0","","","0","0","","0","","","0","0","","0","","","0","0","","0","","","0","0","","","","","","","","","","alloc_traits.h:613","tof_fork_g","","","","","","","","","","","","","","","","","","","","","","","","","","","","","","","","","","","","","","","","","","","","","","","","","","","","","","","","","","","","","","","","","","","","","","","","",""
"std::__new_allocator<float>::allocate","0.0135099","0.020s","0","0s","0.020s","0s","Inlined Function","","17","83","","","","","","0","","","","< 0.001","","","","< 0.001","","","0","0","< 0.001","< 0.001","< 0.001","< 0.001","0","0","","0","0","0","0","0","0","0","0","0","0","0","0","0","0","0","0","0","0","0","0","0","0","0","","","","","","","","","","new_allocator.h:126","tof_fork_g","89","0","0","0","0","1285863859636","135825300867","0","0","0","0","0","0","0","0","0","0","0","0","0","0","0","0","0","0","0","0","0","446070810373","0","0","425527987721","0","0","103200123654","676851750","537172767128","2707407000","414265061542","414265061542","0","0","0","0","0","0","0","0","0","0","0","0","0","0","0","414265061542","0","0","0","0","0","0","0","0","0","0","0","20821656802","0","0","0","0","0"
"operator new","0.0135099","0.020s","0.0135103","0.020s","0.020s","0.020s","Function","","18","10","","","","","","","","","","","","","","","","","","","","","","","","","","","","","0","0","","0","","","0","0","","0","","","0","0","","0","","","0","0","","","","","","","","","","","libstdc++.so.6","","","","","","","","","","","","","","","","","","","","","","","","","","","","","","","","","","","","","","","","","","","","","","","","","","","","","","","","","","","","","","","","","","","","","","","","",""
"logf","0.0270198","0.040s","0.0270137","0.040s","0.020s","0.020s","Function","","6","81","","","","","","","","","","","","","","","","","","","","","","","","","","","","","0","0","","0","","","0","0","","0","","","0","0","","0","","","0","0","","","","","","","","","","","tof_fork_g","","","","","","","","","","","","","","","","","","","","","","","","","","","","","","","","","","","","","","","","","","","","","","","","","","","","","","","","","","","","","","","","","","","","","","","","",""
"yggdrasil_decision_forests::model::decision_tree::internal::ProjectionEvaluator::Evaluate","14.3604","21.259s","0.0135069","0.020s","1.440s","0.020s","Function","","2","88","","","","","","","","","","","","","","","","","","","","","","","","","","","","","0","0","","0","","","0","0","","0","","","0","0","","0","","","0","0","FMA; Gathers; Inserts; Shuffles; Unpacks","Int32; UInt16; UInt256; ; ","128/256","AVX; AVX2; AVX512F_256; FMA","","","","","","oblique.cc:1307","tof_fork_g","","","","","","","","","","","","","","","","","","","","","","","","","","","","","","","","","","","","","","","","","","","","","","","","","","","","","","","","","","","","","","","","","","","","","","","","",""
"[loop in yggdrasil_decision_forests::model::decision_tree::internal::ProjectionEvaluator::Evaluate at oblique.cc:1321]","14.3333","21.219s","11.9958","17.759s","1.440s","1.160s","Scalar","1","3","89","","","","","","","","","","","","","","","","","","","","","","","","","","","","","0","0","","0","","","0","0","","0","","","0","0","","0","","","0","0","FMA","Int32; UInt16","","","","","","","","oblique.cc:1321","tof_fork_g","","","","","","","","","","","","","","","","","","","","","","","","","","","","","","","","","","","","","","","","","","","","","","","","","","","","","","","","","","","","","","","","","","","","","","","","",""
"[loop in yggdrasil_decision_forests::model::decision_tree::internal::ProjectionEvaluator::Evaluate at oblique.cc:1326]","2.04","3.020s","1.74278","2.580s","0.300s","0.300s","Scalar","0","4","87","","","","","","","","","","","","","","","","","","","","","","","","","","","","","0","0","","0","","","0","0","","0","","","0","0","","0","","","0","0","FMA","Int32","","","","","","","","oblique.cc:1326","tof_fork_g","163","26155983","26155983","0","0","209239104","156938088","0","104623932","0","0","0","0","0","0","0","26155983","0","0","0","0","0","0","0","104623932","0","0","0","104615172","0","0","0","0","0","4380","52311966","140160","52447746","0","0","0","0","0","0","0","0","0","0","0","0","0","0","0","0","0","0","2190","0","0","0","0","0","0","0","0","0","0","0","0","0","0","0","26153793"
"__gnu_cxx::operator!=<yggdrasil_decision_forests::model::decision_tree::internal::AttributeAndWeight const*, std::vector<yggdrasil_decision_forests::model::decision_tree::internal::AttributeAndWeight, std::allocator<yggdrasil_decision_forests::model::decision_tree::internal::AttributeAndWeight>>>","0.297218","0.440s","0.297229","0.440s","0.080s","0.080s","Inlined Function","","5","86","","","","","","","","","","","","","","","","","","","","","","","","","","","","","0","0","","0","","","0","0","","0","","","0","0","","0","","","0","0","","","","","","","","","","stl_iterator.h:1244","tof_fork_g","93","2862203049476","2862203049476","0","0","24078893887101","13517250634","0","76787256752","0","0","0","0","0","0","0","2862203049476","0","0","0","0","0","0","0","76787256752","0","0","0","24002106630349","0","0","0","0","0","1218323878","1201479960","9713662954","9619282854","4641351815407","4641351815407","0","0","0","0","0","0","0","0","0","4641351815407","0","0","0","0","0","0","76202328","0","1143476005","0","0","0","0","0","0","0","0","0","0","0","0","0","0"
"yggdrasil_decision_forests::model::decision_tree::internal::ProjectionEvaluator::AttributeValue","0.297218","0.440s","0.189139","0.280s","0.080s","0.080s","Inlined Function","","4","103","","","","","","","","","","","","","","","","","","","","","","","","","","","","","0","0","","0","","","0","0","","0","","","0","0","","0","","","0","0","Gathers","Int32; ","128/256","AVX512F_256","","","","","","oblique.h:222","tof_fork_g","","","","","","","","","","","","","","","","","","","","","","","","","","","","","","","","","","","","","","","","","","","","","","","","","","","","","","","","","","","","","","","","","","","","","","","","",""
"std::vector<float const*, std::allocator<float const*>>::operator[]","0.108079","0.160s","0.108089","0.160s","0.060s","0.060s","Inlined Function","","5","136","","","","","","","","","","","","","","","","","","","","","","","","","","","","","0","0","","0","","","0","0","","0","","","0","0","","0","","","0","0","","","","","","","","","","stl_vector.h:1280","tof_fork_g","","","","","","","","","","","","","","","","","","","","","","","","","","","","","","","","","","","","","","","","","","","","","","","","","","","","","","","","","","","","","","","","","","","","","","","","",""
"absl::lts_20250814::Status::ok","0.0135099","0.020s","0.0135065","0.020s","0.020s","0.020s","Inlined Function","","3","202","","","","","","","","","","","","","","","","","","","","","","","","","","","","","0","0","","0","","","0","0","","0","","","0","0","","0","","","0","0","","","","","","","","","","status.h:816","tof_fork_g","","","","","","","","","","","","","","","","","","","","","","","","","","","","","","","","","","","","","","","","","","","","","","","","","","","","","","","","","","","","","","","","","","","","","","","","",""
"yggdrasil_decision_forests::model::decision_tree::FindSplitLabelClassificationFeatureNumericalCart","11.8549","17.550s","0.162129","0.240s","1.145s","0.040s","Function","","2","92","","","","","","","","","","","","","","","","","","","","","","","","","","","","","0","0","","0","","","0","0","","0","","","0","0","","0","","","0","0","2-Source Permutes; Blends; Divisions; Extracts; FMA; Gathers; Inserts; Shifts; Shuffles; Type Conversions; Unpacks","Int32; Int64; UInt16; UInt256; ; ","128/256","AVX; AVX2; AVX512DQ_128; AVX512DQ_256; AVX512F_128; AVX512F_256","","","","","","training.cc","tof_fork_g","","","","","","","","","","","","","","","","","","","","","","","","","","","","","","","","","","","","","","","","","","","","","","","","","","","","","","","","","","","","","","","","","","","","","","","","",""
"[loop in yggdrasil_decision_forests::model::decision_tree::FindSplitLabelClassificationFeatureNumericalCart at splitter_scanner.h]","10.0791","14.921s","10.0789","14.921s","1.065s","1.065s","Vectorized (Body)","0","3","91","","AVX512","2; 8","","","","","","","","","","","","","","","","","","","","","","","","","","0","0","","0","","","0","0","","0","","","0","0","","0","","","0","0","2-Source Permutes; Blends; Divisions; FMA; Inserts; Shifts; Shuffles; Type Conversions","Int32; Int64; UInt16; ; ","128","AVX; AVX512F_128","","","","","","splitter_scanner.h","tof_fork_g","141","0","0","0","0","778040686","1239657806","0","0","0","0","0","0","0","0","0","0","0","0","0","0","0","0","0","0","0","0","0","778040686","0","0","0","0","0","381987475","0","1494490100","0","0","0","0","0","0","0","0","0","0","0","0","0","0","0","0","0","0","0","0","0","0","0","0","0","0","0","0","0","0","0","0","0","0","0","0"
"[loop in yggdrasil_decision_forests::model::decision_tree::FindSplitLabelClassificationFeatureNumericalCart at splitter_scanner.h:1787]","1.15172","1.705s","0","0s","0.144s","0s","Scalar Versions","0","3","236","","","","","","","","","","","","","","","","","","","","","","","","","","","","","0","0","","0","","","0","0","","0","","","0","0","","0","","","0","0","","Int32; UInt16","","","","","","","","splitter_scanner.h:1787","tof_fork_g","","","","","","","","","","","","","","","","","","","","","","","","","","","","","","","","","","","","","","","","","","","","","","","","","","","","","","","","","","","","","","","","","","","","","","","","",""
"[loop in yggdrasil_decision_forests::model::decision_tree::FindSplitLabelClassificationFeatureNumericalCart at splitter_scanner.h:1787]","1.1247","1.665s","1.12445","1.665s","0.144s","0.144s","Scalar","0","3","104","","","","","","","","","","","","","","","","","","","","","","","","","","","","","0","0","","0","","","0","0","","0","","","0","0","","0","","","0","0","","Int32; UInt16","","","","","","","","splitter_scanner.h:1787","tof_fork_g","","","","","","","","","","","","","","","","","","","","","","","","","","","","","","","","","","","","","","","","","","","","","","","","","","","","","","","","","","","","","","","","","","","","","","","","",""
"[loop in yggdrasil_decision_forests::model::decision_tree::FindSplitLabelClassificationFeatureNumericalCart at splitter_scanner.h:1787]","0.0270198","0.040s","0.0270159","0.040s","0.020s","0.020s","Scalar","0","3","198","","","","","","","","","","","","","","","","","","","","","","","","","","","","","0","0","","0","","","0","0","","0","","","0","0","","0","","","0","0","","Int32; UInt16","","","","","","","","splitter_scanner.h:1787","tof_fork_g","","","","","","","","","","","","","","","","","","","","","","","","","","","","","","","","","","","","","","","","","","","","","","","","","","","","","","","","","","","","","","","","","","","","","","","","",""
"[loop in yggdrasil_decision_forests::model::decision_tree::FindSplitLabelClassificationFeatureNumericalCart at splitter_accumulator.h:66]","0.462714","0.685s","0.46238","0.685s","0.080s","0.080s","Vectorized (Body)","0","3","99","","AVX512","4","","","","","","","","","","","","","","","","","","","","","","","","","","0","0","","0","","","0","0","","0","","","0","0","","0","","","0","0","Type Conversions","Int64; UInt256; ","256","AVX; AVX2; AVX512DQ_256; AVX512F_256","","","","","","splitter_accumulator.h:66","tof_fork_g","","","","","","","","","","","","","","","","","","","","","","","","","","","","","","","","","","","","","","","","","","","","","","","","","","","","","","","","","","","","","","","","","","","","","","","","",""
"hwy::N_AVX3_SPR::detail::Sort16Rows<(unsigned long)8, hwy::N_AVX3_SPR::detail::SharedTraits<hwy::N_AVX3_SPR::detail::TraitsLane<hwy::N_AVX3_SPR::detail::OrderAscending<unsigned long>>>, unsigned long>","2.70941","4.011s","2.70934","4.011s","0.340s","0.340s","Function","","2","97","","","","","","","","","","","","","","","","","","","","","","","","","","","","","0","0","","0","","","0","0","","0","","","0","0","","0","","","0","0","2-Source Permutes; Blends; Permutes; Shuffles","UInt256; ","128/512","AVX; AVX512F_128; AVX512F_512","","","","","","vqsort-inl.h:432","tof_fork_g","","","","","","","","","","","","","","","","","","","","","","","","","","","","","","","","","","","","","","","","","","","","","","","","","","","","","","","","","","","","","","","","","","","","","","","","",""
"hwy::N_AVX3_SPR::detail::Recurse<(hwy::N_AVX3_SPR::detail::RecurseMode)0, hwy::N_AVX3_SPR::Simd<unsigned long, (unsigned long)8, (int)0>, hwy::N_AVX3_SPR::detail::SharedTraits<hwy::N_AVX3_SPR::detail::TraitsLane<hwy::N_AVX3_SPR::detail::OrderAscendingKV64>>, unsigned long>","1.85086","2.740s","0.0405238","0.060s","0.280s","0.040s","Function","","2","95","","","","","","","","","","","","","","","","","","","","","","","","","","","","","0","0","","0","","","0","0","","0","","","0","0","","0","","","0","0","Permutes; Shifts","UInt16; UInt256; ","128/512","AVX; AVX512F_512","","","","","","vqsort-inl.h","tof_fork_g","","","","","","","","","","","","","","","","","","","","","","","","","","","","","","","","","","","","","","","","","","","","","","","","","","","","","","","","","","","","","","","","","","","","","","","","",""
"[loop in hwy::N_AVX3_SPR::detail::Recurse<(hwy::N_AVX3_SPR::detail::RecurseMode)0, hwy::N_AVX3_SPR::Simd<unsigned long, (unsigned long)8, (int)0>, hwy::N_AVX3_SPR::detail::SharedTraits<hwy::N_AVX3_SPR::detail::TraitsLane<hwy::N_AVX3_SPR::detail::OrderAscendingKV64>>, unsigned long> at vqsort-inl.h]","1.81033","2.680s","0.297195","0.440s","0.280s","0.040s","Vectorized (Body)","1","3","96","","AVX512","2; 32","","","","","","","","","","","","","","","","","","","","","","","","","","0","0","","0","","","0","0","","0","","","0","0","","0","","","0","0","Mask Manipulations; Permutes; Shifts","UInt16; UInt256; ","128/512","AVX; AVX512F_512","","","","","","vqsort-inl.h","tof_fork_g","","","","","","","","","","","","","","","","","","","","","","","","","","","","","","","","","","","","","","","","","","","","","","","","","","","","","","","","","","","","","","","","","","","","","","","","",""
"[loop in hwy::N_AVX3_SPR::detail::Recurse<(hwy::N_AVX3_SPR::detail::RecurseMode)0, hwy::N_AVX3_SPR::Simd<unsigned long, (unsigned long)8, (int)0>, hwy::N_AVX3_SPR::detail::SharedTraits<hwy::N_AVX3_SPR::detail::TraitsLane<hwy::N_AVX3_SPR::detail::OrderAscendingKV64>>, unsigned long> at vqsort-inl.h:881]","1.39152","2.060s","1.39148","2.060s","0.240s","0.240s","Inside vectorized","0","4","94","","","","","","","","","","","","","","","","","","","","","","","","","","","","","0","0","","0","","","0","0","","0","","","0","0","","0","","","0","0","Mask Manipulations; Permutes; Shifts","UInt256; ","512","AVX512F_512","","","","","","vqsort-inl.h:881","tof_fork_g","","","","","","","","","","","","","","","","","","","","","","","","","","","","","","","","","","","","","","","","","","","","","","","","","","","","","","","","","","","","","","","","","","","","","","","","",""
"[loop in hwy::N_AVX3_SPR::detail::Recurse<(hwy::N_AVX3_SPR::detail::RecurseMode)0, hwy::N_AVX3_SPR::Simd<unsigned long, (unsigned long)8, (int)0>, hwy::N_AVX3_SPR::detail::SharedTraits<hwy::N_AVX3_SPR::detail::TraitsLane<hwy::N_AVX3_SPR::detail::OrderAscendingKV64>>, unsigned long> at vqsort-inl.h:666]","0.108079","0.160s","0.108081","0.160s","0.040s","0.040s","Inside vectorized","0","4","135","","","","","","","","","","","","","","","","","","","","","","","","","","","","","0","0","","0","","","0","0","","0","","","0","0","","0","","","0","0","Mask Manipulations; Permutes; Shifts","UInt256; ","512","AVX512F_512","","","","","","vqsort-inl.h:666","tof_fork_g","","","","","","","","","","","","","","","","","","","","","","","","","","","","","","","","","","","","","","","","","","","","","","","","","","","","","","","","","","","","","","","","","","","","","","","","",""
"[loop in hwy::N_AVX3_SPR::detail::Recurse<(hwy::N_AVX3_SPR::detail::RecurseMode)0, hwy::N_AVX3_SPR::Simd<unsigned long, (unsigned long)8, (int)0>, hwy::N_AVX3_SPR::detail::SharedTraits<hwy::N_AVX3_SPR::detail::TraitsLane<hwy::N_AVX3_SPR::detail::OrderAscendingKV64>>, unsigned long> at vqsort-inl.h]","0.0135099","0.020s","0.0134846","0.020s","0.020s","0.020s","Inside vectorized","0","4","156","","","","","","","","","","","","","","","","","","","","","","","","","","","","","0","0","","0","","","0","0","","0","","","0","0","","0","","","0","0","","","","","","","","","","vqsort-inl.h","tof_fork_g","","","","","","","","","","","","","","","","","","","","","","","","","","","","","","","","","","","","","","","","","","","","","","","","","","","","","","","","","","","","","","","","","","","","","","","","",""
"__svml_log4_l9","1.57053","2.325s","1.57036","2.325s","0.260s","0.260s","Vector Function","","2","105","","AVX2","4","","","","","","","","","","","","","","","","","","","","","","","","","","0","0","","0","","","0","0","","0","","","0","0","","0","","","0","0","Appr. Reciprocals(AVX); Extracts; FMA; Gathers; Shifts; Shuffles; Type Conversions","Int32; Int64; UInt16; UInt256; UInt; ; ","128/256","AVX; AVX2; AVX2GATHER; FMA","","","","","","","tof_fork_g","138","8148088000","8148088000","0","0","27010911720","4766631480","0","0","0","0","0","0","0","0","0","8148088000","0","0","0","0","0","0","0","0","0","0","0","22529463320","0","0","0","0","0","1344434520","855549240","8351790200","6844393920","0","0","0","0","0","0","0","0","0","0","0","0","0","0","0","0","0","0","244442640","0","244442640","0","0","0","0","0","0","0","0","0","0","0","0","0","0"
"yggdrasil_decision_forests::model::decision_tree::internal::SampleProjection","0.756555","1.120s","0.148603","0.220s","0.140s","0.060s","Function","","2","102","","","","","","","","","","","","","","","","","","","","","","","","","","","","","0","0","","0","","","0","0","","0","","","0","0","","0","","","0","0","Divisions; Shuffles; Square Roots; Unpacks","Int32; Int64; ; ","128","AVX; AVX2; AVX512DQ_128; AVX512F_128","","","","","","oblique.cc","tof_fork_g","","","","","","","","","","","","","","","","","","","","","","","","","","","","","","","","","","","","","","","","","","","","","","","","","","","","","","","","","","","","","","","","","","","","","","","","",""
"[loop in yggdrasil_decision_forests::model::decision_tree::internal::SampleProjection at oblique.cc:1037]","0.580926","0.860s","0.580929","0.860s","0.100s","0.100s","Vectorized (Body)","0","3","101","","AVX512","2; 4","","","","","","","","","","","","","","","","","","","","","","","","","","0","0","","0","","","0","0","","0","","","0","0","","0","","","0","0","Divisions; FMA; Mask Manipulations; Type Conversions","Int32; Int64; ","128","AVX; AVX512DQ_128","","","","","","oblique.cc:1037","tof_fork_g","116","1588800244","1588800244","0","0","902151688348","22641361196","0","3177600488","0","0","0","0","0","0","0","1588800244","0","0","0","0","0","0","0","3177600488","0","0","0","870545477160","0","0","28417937516","0","0","8481327028","4293496196","62815061856","34342632976","0","0","0","0","0","0","0","0","0","0","0","0","0","0","0","0","0","0","0","0","280795648","0","0","0","0","0","0","0","0","0","0","0","0","0","1048291856"
"[loop in yggdrasil_decision_forests::model::decision_tree::internal::SampleProjection at oblique.cc]","0.0270198","0.040s","0.0270237","0.040s","0.020s","0.020s","Scalar","0","3","139","","","","","","","","","","","","","","","","","","","","","","","","","","","","","0","0","","0","","","0","0","","0","","","0","0","","0","","","0","0","Divisions","","","","","","","","","oblique.cc","tof_fork_g","","","","","","","","","","","","","","","","","","","","","","","","","","","","","","","","","","","","","","","","","","","","","","","","","","","","","","","","","","","","","","","","","","","","","","","","",""
"std::thread::_State_impl<std::thread::_Invoker<std::tuple<MakeTrunkDataset(yggdrasil_decision_forests::dataset::proto::DataSpecification const&, long, int, unsigned int)::$_0, int, int>>>::_M_run","0.553906","0.820s","0","0s","0.080s","0s","Function","","2","44","","","","","","","","","","","","","","","","","","","","","","","","","","","","","0","0","","0","","","0","0","","0","","","0","0","","0","","","0","0","","","","","","","","","","std_thread.h:255","tof_fork_g","","","","","","","","","","","","","","","","","","","","","","","","","","","","","","","","","","","","","","","","","","","","","","","","","","","","","","","","","","","","","","","","","","","","","","","","",""
"std::thread::_Invoker<std::tuple<MakeTrunkDataset(yggdrasil_decision_forests::dataset::proto::DataSpecification const&, long, int, unsigned int)::$_0, int, int>>::operator()","0.553906","0.820s","0","0s","0.080s","0s","Inlined Function","","3","49","","","","","","","","","","","","","","","","","","","","","","","","","","","","","0","0","","0","","","0","0","","0","","","0","0","","0","","","0","0","","","","","","","","","","std_thread.h:306","tof_fork_g","","","","","","","","","","","","","","","","","","","","","","","","","","","","","","","","","","","","","","","","","","","","","","","","","","","","","","","","","","","","","","","","","","","","","","","","",""
"_ZNSt6thread8_InvokerISt5tupleIJZ16MakeTrunkDatasetRKN26yggdrasil_decision_forests7dataset5proto17DataSpecificationElijE3$_0iiEEE9_M_invokeIJLm0ELm1ELm2EEEEvSt12_Index_tupleIJXspT_EEE","0.553906","0.820s","0","0s","0.080s","0s","Inlined Function","","4","48","","","","","","","","","","","","","","","","","","","","","","","","","","","","","0","0","","0","","","0","0","","0","","","0","0","","0","","","0","0","","","","","","","","","","std_thread.h:302","tof_fork_g","","","","","","","","","","","","","","","","","","","","","","","","","","","","","","","","","","","","","","","","","","","","","","","","","","","","","","","","","","","","","","","","","","","","","","","","",""
"std::__invoke<MakeTrunkDataset(yggdrasil_decision_forests::dataset::proto::DataSpecification const&, long, int, unsigned int)::$_0, int, int>","0.553906","0.820s","0","0s","0.080s","0s","Inlined Function","","5","47","","","","","","","","","","","","","","","","","","","","","","","","","","","","","0","0","","0","","","0","0","","0","","","0","0","","0","","","0","0","","","","","","","","","","invoke.h:92","tof_fork_g","","","","","","","","","","","","","","","","","","","","","","","","","","","","","","","","","","","","","","","","","","","","","","","","","","","","","","","","","","","","","","","","","","","","","","","","",""
"std::__invoke_impl<void, MakeTrunkDataset(yggdrasil_decision_forests::dataset::proto::DataSpecification const&, long, int, unsigned int)::$_0, int, int>","0.553906","0.820s","0","0s","0.080s","0s","Inlined Function","","6","46","","","","","","","","","","","","","","","","","","","","","","","","","","","","","0","0","","0","","","0","0","","0","","","0","0","","0","","","0","0","","","","","","","","","","invoke.h:62","tof_fork_g","","","","","","","","","","","","","","","","","","","","","","","","","","","","","","","","","","","","","","","","","","","","","","","","","","","","","","","","","","","","","","","","","","","","","","","","",""
"MakeTrunkDataset(yggdrasil_decision_forests::dataset::proto::DataSpecification const&, long, int, unsigned int)::$_0::operator()","0.553906","0.820s","0","0s","0.080s","0s","Inlined Function","","7","43","","","","","","","","","","","","","","","","","","","","","","","","","","","","","0","0","","0","","","0","0","","0","","","0","0","","0","","","0","0","","","","","","","","","","train_oblique_forest.cc:361","tof_fork_g","","","","","","","","","","","","","","","","","","","","","","","","","","","","","","","","","","","","","","","","","","","","","","","","","","","","","","","","","","","","","","","","","","","","","","","","",""
"[loop in MakeTrunkDataset(yggdrasil_decision_forests::dataset::proto::DataSpecification const&, long, int, unsigned int)::$_0::operator() at train_oblique_forest.cc:362]","0.553906","0.820s","0","0s","0.080s","0s","Scalar","2","8","45","","","","","","","","","","","","","","","","","","","","","","","","","","","","","0","0","","0","","","0","0","","0","","","0","0","","0","","","0","0","","Int32; UInt16","","","","","","","","train_oblique_forest.cc:362","tof_fork_g","","","","","","","","","","","","","","","","","","","","","","","","","","","","","","","","","","","","","","","","","","","","","","","","","","","","","","","","","","","","","","","","","","","","","","","","",""
"[loop in MakeTrunkDataset(yggdrasil_decision_forests::dataset::proto::DataSpecification const&, long, int, unsigned int)::$_0::operator() at train_oblique_forest.cc:375]","0.553906","0.820s","0.0540419","0.080s","0.080s","0.020s","Scalar","1","9","42","","","","","","","","","","","","","","","","","","","","","","","","","","","","","0","0","","0","","","0","0","","0","","","0","0","","0","","","0","0","Divisions; Square Roots","Int32; UInt16","","","","","","","","train_oblique_forest.cc:375","tof_fork_g","","","","","","","","","","","","","","","","","","","","","","","","","","","","","","","","","","","","","","","","","","","","","","","","","","","","","","","","","","","","","","","","","","","","","","","","",""
"std::normal_distribution<float>::operator()<std::linear_congruential_engine<unsigned long, (unsigned long)48271, (unsigned long)0, (unsigned long)2147483647>>","0.499866","0.740s","0","0s","0.080s","0s","Inlined Function","","10","51","","","","","","","","","","","","","","","","","","","","","","","","","","","","","0","0","","0","","","0","0","","0","","","0","0","","0","","","0","0","","","","","","","","","","random.h:2238","tof_fork_g","","","","","","","","","","","","","","","","","","","","","","","","","","","","","","","","","","","","","","","","","","","","","","","","","","","","","","","","","","","","","","","","","","","","","","","","",""
"std::normal_distribution<float>::operator()<std::linear_congruential_engine<unsigned long, (unsigned long)48271, (unsigned long)0, (unsigned long)2147483647>>","0.499866","0.740s","0.189127","0.280s","0.080s","0.060s","Inlined Function","","11","50","","","","","","","","","","","","","","","","","","","","","","","","","","","","","0","0","","0","","","0","0","","0","","","0","0","","0","","","0","0","","","","","","","","","","random.tcc:1813","tof_fork_g","","","","","","","","","","","","","","","","","","","","","","","","","","","","","","","","","","","","","","","","","","","","","","","","","","","","","","","","","","","","","","","","","","","","","","","","",""
"[loop in std::normal_distribution<float>::operator()<std::linear_congruential_engine<unsigned long, (unsigned long)48271, (unsigned long)0, (unsigned long)2147483647>> at random.tcc:1830]","0.297218","0.440s","0.0540347","0.080s","0.080s","0.020s","Scalar","0","12","55","","","","","","","","","","","","","","","","","","","","","","","","","","","","","0","0","","0","","","0","0","","0","","","0","0","","0","","","0","0","FMA; Type Conversions","Int32; UInt16","","","","","","","","random.tcc:1830","tof_fork_g","34","-3576407008750250931","-3576407008750250931","0","0","2944837026720365669","43680","0","0","0","0","0","0","0","0","0","-3576407008750250931","0","0","0","0","0","0","0","0","0","0","0","-9212663470926399732","0","0","13706227369563","0","0","5660","4234","34876","25643","10610209857723","10610209857723","0","0","0","0","0","0","0","0","0","0","0","0","10610209857723","0","0","0","0","32","333","0","0","0","0","0","0","0","0","0","0","0","0","0","7165"
"std::__detail::_Adaptor<std::linear_congruential_engine<unsigned long, (unsigned long)48271, (unsigned long)0, (unsigned long)2147483647>, float>::operator()","0.135099","0.200s","0","0s","0.040s","0s","Inlined Function","","13","56","","","","","","","","","","","","","","","","","","","","","","","","","","","","","0","0","","0","","","0","0","","0","","","0","0","","0","","","0","0","","","","","","","","","","random.h:291","tof_fork_g","","","","","","","","","","","","","","","","","","","","","","","","","","","","","","","","","","","","","","","","","","","","","","","","","","","","","","","","","","","","","","","","","","","","","","","","",""
"std::generate_canonical<float, (unsigned long)24, std::linear_congruential_engine<unsigned long, (unsigned long)48271, (unsigned long)0, (unsigned long)2147483647>>","0.135099","0.200s","0.135044","0.200s","0.040s","0.040s","Inlined Function","","14","54","","","","","","","","","","","","","","","","","","","","","","","","","","","","","0","0","","0","","","0","0","","0","","","0","0","","0","","","0","0","","","","","","","","","","random.tcc:3349","tof_fork_g","","","","","","","","","","","","","","","","","","","","","","","","","","","","","","","","","","","","","","","","","","","","","","","","","","","","","","","","","","","","","","","","","","","","","","","","",""
"std::__detail::_Adaptor<std::linear_congruential_engine<unsigned long, (unsigned long)48271, (unsigned long)0, (unsigned long)2147483647>, float>::operator()","0.0945693","0.140s","0","0s","0.040s","0s","Inlined Function","","13","67","","","","","","","","","","","","","","","","","","","","","","","","","","","","","0","0","","0","","","0","0","","0","","","0","0","","0","","","0","0","","","","","","","","","","random.h:291","tof_fork_g","","","","","","","","","","","","","","","","","","","","","","","","","","","","","","","","","","","","","","","","","","","","","","","","","","","","","","","","","","","","","","","","","","","","","","","","",""
"std::generate_canonical<float, (unsigned long)24, std::linear_congruential_engine<unsigned long, (unsigned long)48271, (unsigned long)0, (unsigned long)2147483647>>","0.0945693","0.140s","0.0945734","0.140s","0.040s","0.040s","Inlined Function","","14","66","","","","","","","","","","","","","","","","","","","","","","","","","","","","","0","0","","0","","","0","0","","0","","","0","0","","0","","","0","0","","","","","","","","","","random.tcc:3349","tof_fork_g","77","0","0","0","0","1681","1435","0","0","0","0","0","0","0","0","0","0","0","0","0","0","0","0","0","0","0","0","0","1681","0","0","0","0","0","123","533","984","4264","0","0","0","0","0","0","0","0","0","0","0","0","0","0","0","0","0","0","0","0","0","0","0","0","0","0","0","0","0","0","0","0","0","0","205"
"std::generate_canonical<float, (unsigned long)24, std::linear_congruential_engine<unsigned long, (unsigned long)48271, (unsigned long)0, (unsigned long)2147483647>>","0.0135099","0.020s","0.013505","0.020s","0.020s","0.020s","Inlined Function","","13","66","","","","","","","","","","","","","","","","","","","","","","","","","","","","","0","0","","0","","","0","0","","0","","","0","0","","0","","","0","0","","","","","","","","","","random.tcc:3349","tof_fork_g","","","","","","","","","","","","","","","","","","","","","","","","","","","","","","","","","","","","","","","","","","","","","","","","","","","","","","","","","","","","","","","","","","","","","","","","",""
"std::sqrt","0.0135099","0.020s","0.0135099","0.020s","0.020s","0.020s","Inlined Function","","12","82","","","","","","","","","","","","","","","","","","","","","","","","","","","","","0","0","","0","","","0","0","","0","","","0","0","","0","","","0","0","","","","","","","","","","cmath:449","tof_fork_g","69","-2428740400139747456","-2428740400139747456","0","0","50032391769501319","3324395","0","6988957850865396704","0","0","0","0","0","0","0","-2428740400139747456","0","0","0","0","0","0","0","6988957850865396704","0","0","0","653968537720183309","0","0","17711","0","0","301445","391870","2385769","3156969","0","0","0","0","0","0","0","0","0","0","0","0","0","0","0","0","0","0","49567","75496","256","0","0","0","0","0","0","0","0","0","0","0","0","0","293087"
"hwy::N_AVX3_SPR::detail::Sort8Rows<(unsigned long)2, hwy::N_AVX3_SPR::detail::SharedTraits<hwy::N_AVX3_SPR::detail::TraitsLane<hwy::N_AVX3_SPR::detail::OrderAscending<unsigned long>>>, unsigned long>","0.429615","0.636s","0.429529","0.636s","0.096s","0.096s","Function","","2","90","","","","","","","","","","","","","","","","","","","","","","","","","","","","","0","0","","0","","","0","0","","0","","","0","0","","0","","","0","0","Blends; Shuffles","UInt16; ; ","128","AVX; AVX2; AVX512F_128","","","","","","vqsort-inl.h:337","tof_fork_g","","","","","","","","","","","","","","","","","","","","","","","","","","","","","","","","","","","","","","","","","","","","","","","","","","","","","","","","","","","","","","","","","","","","","","","","",""
"__intel_avx_rep_memset","0.405297","0.600s","0.324329","0.480s","0.060s","0.060s","Function","","2","53","","","","","","","","","","","","","","","","","","","","","","","","","","","","","0","0","","0","","","0","0","","0","","","0","0","","0","","","0","0","Unpacks","Int32; UInt16; UInt256; ","128/256","AVX; AVX2; SSE2","","","","","","","tof_fork_g","","","","","","","","","","","","","","","","","","","","","","","","","","","","","","","","","","","","","","","","","","","","","","","","","","","","","","","","","","","","","","","","","","","","","","","","",""
"[loop in __intel_avx_rep_memset]","0.0810594","0.120s","0.0810614","0.120s","0.040s","0.040s","Vectorized (Body)","0","3","162","","AVX","8","","","","","","","","","","","","","","","","","","","","","","","","","","0","0","","0","","","0","0","","0","","","0","0","","0","","","0","0","","UInt16","256","AVX","","","","","","","tof_fork_g","","","","","","","","","","","","","","","","","","","","","","","","","","","","","","","","","","","","","","","","","","","","","","","","","","","","","","","","","","","","","","","","","","","","","","","","",""
"hwy::N_AVX3_SPR::detail::Sort16Rows<(unsigned long)4, hwy::N_AVX3_SPR::detail::SharedTraits<hwy::N_AVX3_SPR::detail::TraitsLane<hwy::N_AVX3_SPR::detail::OrderAscending<unsigned long>>>, unsigned long>","0.378277","0.560s","0.378268","0.560s","0.060s","0.060s","Function","","2","111","","","","","","","","","","","","","","","","","","","","","","","","","","","","","0","0","","0","","","0","0","","0","","","0","0","","0","","","0","0","2-Source Permutes; Blends; Permutes; Shuffles","UInt16; UInt256; ; ","128/256","AVX; AVX2; AVX512F_128; AVX512F_256","","","","","","vqsort-inl.h:432","tof_fork_g","","","","","","","","","","","","","","","","","","","","","","","","","","","","","","","","","","","","","","","","","","","","","","","","","","","","","","","","","","","","","","","","","","","","","","","","",""
"__libm_log_z0","0.351257","0.520s","0.351269","0.520s","0.080s","0.080s","Function","","2","154","","","","","","","","","","","","","","","","","","","","","","","","","","","","","0","0","","0","","","0","0","","0","","","0","0","","0","","","0","0","Shifts","UInt256; ; ","128","AVX; AVX2; AVX512F_128","","","","","","","tof_fork_g","","","","","","","","","","","","","","","","","","","","","","","","","","","","","","","","","","","","","","","","","","","","","","","","","","","","","","","","","","","","","","","","","","","","","","","","",""
"std::binomial_distribution<unsigned long>::_M_waiting<std::mersenne_twister_engine<unsigned long, (unsigned long)32, (unsigned long)624, (unsigned long)397, (unsigned long)31, (unsigned long)2567483615, (unsigned long)11, (unsigned long)4294967295, (unsigned long)7, (unsigned long)2636928640, (unsigned long)15, (unsigned long)4022730752, (unsigned long)18, (unsigned long)1812433253>>","0.351257","0.520s","0.0675424","0.100s","0.060s","0.040s","Function","","2","108","","","","","","","","","","","","","","","","","","","","","","","","","","","","","0","0","","0","","","0","0","","0","","","0","0","","0","","","0","0","Shifts","UInt16; ","256","AVX; AVX2; AVX512F_256","","","","","","random.tcc:1532","tof_fork_g","","","","","","","","","","","","","","","","","","","","","","","","","","","","","","","","","","","","","","","","","","","","","","","","","","","","","","","","","","","","","","","","","","","","","","","","",""
"[loop in std::binomial_distribution<unsigned long>::_M_waiting<std::mersenne_twister_engine<unsigned long, (unsigned long)32, (unsigned long)624, (unsigned long)397, (unsigned long)31, (unsigned long)2567483615, (unsigned long)11, (unsigned long)4294967295, (unsigned long)7, (unsigned long)2636928640, (unsigned long)15, (unsigned long)4022730752, (unsigned long)18, (unsigned long)1812433253>> at random.tcc:1532]","0.283708","0.420s","0.121584","0.180s","0.040s","0.040s","Scalar","2","3","110","","","","","","","","","","","","","","","","","","","","","","","","","","","","","0","0","","0","","","0","0","","0","","","0","0","","0","","","0","0","Divisions; Type Conversions","Int64; ","256","AVX2","","","","","","random.tcc:1532","tof_fork_g","","","","","","","","","","","","","","","","","","","","","","","","","","","","","","","","","","","","","","","","","","","","","","","","","","","","","","","","","","","","","","","","","","","","","","","","",""
"std::__detail::_Adaptor<std::mersenne_twister_engine<unsigned long, (unsigned long)32, (unsigned long)624, (unsigned long)397, (unsigned long)31, (unsigned long)2567483615, (unsigned long)11, (unsigned long)4294967295, (unsigned long)7, (unsigned long)2636928640, (unsigned long)15, (unsigned long)4022730752, (unsigned long)18, (unsigned long)1812433253>, double>::operator()","0.162119","0.240s","0","0s","0.040s","0s","Inlined Function","","4","109","","","","","","","","","","","","","","","","","","","","","","","","","","","","","0","0","","0","","","0","0","","0","","","0","0","","0","","","0","0","Shifts","UInt16; ","256","AVX; AVX2; AVX512F_256","","","","","","random.h:291","tof_fork_g","","","","","","","","","","","","","","","","","","","","","","","","","","","","","","","","","","","","","","","","","","","","","","","","","","","","","","","","","","","","","","","","","","","","","","","","",""
"std::generate_canonical<double, (unsigned long)53, std::mersenne_twister_engine<unsigned long, (unsigned long)32, (unsigned long)624, (unsigned long)397, (unsigned long)31, (unsigned long)2567483615, (unsigned long)11, (unsigned long)4294967295, (unsigned long)7, (unsigned long)2636928640, (unsigned long)15, (unsigned long)4022730752, (unsigned long)18, (unsigned long)1812433253>>","0.148609","0.220s","0.0135137","0.020s","0.040s","0.020s","Inlined Function","","5","107","","","","","","","","","","","","","","","","","","","","","","","","","","","","","0","0","","0","","","0","0","","0","","","0","0","","0","","","0","0","Shifts","UInt16; ","256","AVX; AVX2; AVX512F_256","","","","","","random.tcc:3349","tof_fork_g","","","","","","","","","","","","","","","","","","","","","","","","","","","","","","","","","","","","","","","","","","","","","","","","","","","","","","","","","","","","","","","","","","","","","","","","",""
"[loop in std::generate_canonical<double, (unsigned long)53, std::mersenne_twister_engine<unsigned long, (unsigned long)32, (unsigned long)624, (unsigned long)397, (unsigned long)31, (unsigned long)2567483615, (unsigned long)11, (unsigned long)4294967295, (unsigned long)7, (unsigned long)2636928640, (unsigned long)15, (unsigned long)4022730752, (unsigned long)18, (unsigned long)1812433253>> at random.tcc:3365]","0.135099","0.200s","0.0270219","0.040s","0.040s","0.020s","Scalar","1","6","106","","","","","","","","","","","","","","","","","","","","","","","","","","","","","0","0","","0","","","0","0","","0","","","0","0","","0","","","0","0","FMA; Mask Manipulations; Shifts; Type Conversions","Int64; ","256","AVX2; AVX512F_256","","","","","","random.tcc:3365","tof_fork_g","","","","","","","","","","","","","","","","","","","","","","","","","","","","","","","","","","","","","","","","","","","","","","","","","","","","","","","","","","","","","","","","","","","","","","","","",""
"std::mersenne_twister_engine<unsigned long, (unsigned long)32, (unsigned long)624, (unsigned long)397, (unsigned long)31, (unsigned long)2567483615, (unsigned long)11, (unsigned long)4294967295, (unsigned long)7, (unsigned long)2636928640, (unsigned long)15, (unsigned long)4022730752, (unsigned long)18, (unsigned long)1812433253>::operator()","0.108079","0.160s","0.0675465","0.100s","0.040s","0.020s","Inlined Function","","7","157","","","","","","","","","","","","","","","","","","","","","","","","","","","","","0","0","","0","","","0","0","","0","","","0","0","","0","","","0","0","Shifts","UInt16; ","256","AVX; AVX2; AVX512F_256","","","","","","random.tcc:455","tof_fork_g","","","","","","","","","","","","","","","","","","","","","","","","","","","","","","","","","","","","","","","","","","","","","","","","","","","","","","","","","","","","","","","","","","","","","","","","",""
"std::mersenne_twister_engine<unsigned long, (unsigned long)32, (unsigned long)624, (unsigned long)397, (unsigned long)31, (unsigned long)2567483615, (unsigned long)11, (unsigned long)4294967295, (unsigned long)7, (unsigned long)2636928640, (unsigned long)15, (unsigned long)4022730752, (unsigned long)18, (unsigned long)1812433253>::_M_gen_rand","0.0405297","0.060s","0","0s","0.040s","0s","Inlined Function","","8","184","","","","","","","","","","","","","","","","","","","","","","","","","","","","","0","0","","0","","","0","0","","0","","","0","0","","0","","","0","0","Shifts","UInt16; ","256","AVX; AVX2; AVX512F_256","","","","","","random.tcc:399","tof_fork_g","","","","","","","","","","","","","","","","","","","","","","","","","","","","","","","","","","","","","","","","","","","","","","","","","","","","","","","","","","","","","","","","","","","","","","","","",""
"[loop in std::mersenne_twister_engine<unsigned long, (unsigned long)32, (unsigned long)624, (unsigned long)397, (unsigned long)31, (unsigned long)2567483615, (unsigned long)11, (unsigned long)4294967295, (unsigned long)7, (unsigned long)2636928640, (unsigned long)15, (unsigned long)4022730752, (unsigned long)18, (unsigned long)1812433253>::_M_gen_rand at random.tcc:412]","0.0405297","0.060s","0.0405388","0.060s","0.040s","0.040s","Vectorized (Body)","0","9","205","","AVX512","16","","","","","","","","","","","","","","","","","","","","","","","","","","0","0","","0","","","0","0","","0","","","0","0","","0","","","0","0","Shifts","UInt16; ","256","AVX; AVX2; AVX512F_256","","","","","","random.tcc:412","tof_fork_g","","","","","","","","","","","","","","","","","","","","","","","","","","","","","","","","","","","","","","","","","","","","","","","","","","","","","","","","","","","","","","","","","","","","","","","","",""
"std::mersenne_twister_engine<unsigned long, (unsigned long)32, (unsigned long)624, (unsigned long)397, (unsigned long)31, (unsigned long)2567483615, (unsigned long)11, (unsigned long)4294967295, (unsigned long)7, (unsigned long)2636928640, (unsigned long)15, (unsigned long)4022730752, (unsigned long)18, (unsigned long)1812433253>::operator()","0.0135099","0.020s","0","0s","0.020s","0s","Inlined Function","","5","157","","","","","","","","","","","","","","","","","","","","","","","","","","","","","0","0","","0","","","0","0","","0","","","0","0","","0","","","0","0","Shifts","UInt16; ","256","AVX; AVX2; AVX512F_256","","","","","","random.tcc:455","tof_fork_g","","","","","","","","","","","","","","","","","","","","","","","","","","","","","","","","","","","","","","","","","","","","","","","","","","","","","","","","","","","","","","","","","","","","","","","","",""
"std::mersenne_twister_engine<unsigned long, (unsigned long)32, (unsigned long)624, (unsigned long)397, (unsigned long)31, (unsigned long)2567483615, (unsigned long)11, (unsigned long)4294967295, (unsigned long)7, (unsigned long)2636928640, (unsigned long)15, (unsigned long)4022730752, (unsigned long)18, (unsigned long)1812433253>::operator()","0.0135099","0.020s","0.0135087","0.020s","0.020s","0.020s","Inlined Function","","6","157","","","","","","","","","","","","","","","","","","","","","","","","","","","","","0","0","","0","","","0","0","","0","","","0","0","","0","","","0","0","Shifts","UInt16; ","256","AVX; AVX2; AVX512F_256","","","","","","random.tcc:455","tof_fork_g","","","","","","","","","","","","","","","","","","","","","","","","","","","","","","","","","","","","","","","","","","","","","","","","","","","","","","","","","","","","","","","","","","","","","","","","",""
"__intel_avx_rep_memcpy","0.324238","0.480s","0.324229","0.480s","0.080s","0.080s","Function","","2","93","","","","","","","","","","","","","","","","","","","","","","","","","","","","","0","0","","0","","","0","0","","0","","","0","0","","0","","","0","0","NT-stores","Int32; UInt16","128/256","AVX","","","","","","","tof_fork_g","","","","","","","","","","","","","","","","","","","","","","","","","","","","","","","","","","","","","","","","","","","","","","","","","","","","","","","","","","","","","","","","","","","","","","","","",""
"yggdrasil_decision_forests::model::decision_tree::EvalConditionOblique::operator()","0.270198","0.400s","0.121582","0.180s","0.080s","0.040s","Function","","2","98","","","","","","","","","","","","","","","","","","","","","","","","","","","","","0","0","","0","","","0","0","","0","","","0","0","","0","","","0","0","","","","","","","","","","decision_tree.cc:882","tof_fork_g","","","","","","","","","","","","","","","","","","","","","","","","","","","","","","","","","","","","","","","","","","","","","","","","","","","","","","","","","","","","","","","","","","","","","","","","",""
"std::isnan","0.108079","0.160s","0.108074","0.160s","0.040s","0.040s","Inlined Function","","3","148","","","","","","","","","","","","","","","","","","","","","","","","","","","","","0","0","","0","","","0","0","","0","","","0","0","","0","","","0","0","","","","","","","","","","cmath:1182","tof_fork_g","","","","","","","","","","","","","","","","","","","","","","","","","","","","","","","","","","","","","","","","","","","","","","","","","","","","","","","","","","","","","","","","","","","","","","","","",""
"[loop in yggdrasil_decision_forests::model::decision_tree::EvalConditionOblique::operator() at decision_tree.cc:886]","0.0270198","0.040s","0","0s","0.020s","0s","Scalar","0","3","197","","","","","","","","","","","","","","","","","","","","","","","","","","","","","0","0","","0","","","0","0","","0","","","0","0","","0","","","0","0","FMA","Int32","","","","","","","","decision_tree.cc:886","tof_fork_g","","","","","","","","","","","","","","","","","","","","","","","","","","","","","","","","","","","","","","","","","","","","","","","","","","","","","","","","","","","","","","","","","","","","","","","","",""
"std::isnan","0.0270198","0.040s","0.0270194","0.040s","0.020s","0.020s","Inlined Function","","4","148","","","","","","","","","","","","","","","","","","","","","","","","","","","","","0","0","","0","","","0","0","","0","","","0","0","","0","","","0","0","","","","","","","","","","cmath:1182","tof_fork_g","","","","","","","","","","","","","","","","","","","","","","","","","","","","","","","","","","","","","","","","","","","","","","","","","","","","","","","","","","","","","","","","","","","","","","","","",""
"std::vector<float, std::allocator<float>>::empty","0.0135099","0.020s","0","0s","0.020s","0s","Inlined Function","","3","216","","","","","","","","","","","","","","","","","","","","","","","","","","","","","0","0","","0","","","0","0","","0","","","0","0","","0","","","0","0","","","","","","","","","","stl_vector.h:1223","tof_fork_g","","","","","","","","","","","","","","","","","","","","","","","","","","","","","","","","","","","","","","","","","","","","","","","","","","","","","","","","","","","","","","","","","","","","","","","","",""
"std::vector<float, std::allocator<float>>::begin","0.0135099","0.020s","0","0s","0.020s","0s","Inlined Function","","4","215","","","","","","","","","","","","","","","","","","","","","","","","","","","","","0","0","","0","","","0","0","","0","","","0","0","","0","","","0","0","","","","","","","","","","stl_vector.h:1008","tof_fork_g","","","","","","","","","","","","","","","","","","","","","","","","","","","","","","","","","","","","","","","","","","","","","","","","","","","","","","","","","","","","","","","","","","","","","","","","",""
"__gnu_cxx::__normal_iterator<float const*, std::vector<float, std::allocator<float>>>::__normal_iterator","0.0135099","0.020s","0.01351","0.020s","0.020s","0.020s","Inlined Function","","5","214","","","","","","","","","","","","","","","","","","","","","","","","","","","","","0","0","","0","","","0","0","","0","","","0","0","","0","","","0","0","","","","","","","","","","stl_iterator.h:1058","tof_fork_g","","","","","","","","","","","","","","","","","","","","","","","","","","","","","","","","","","","","","","","","","","","","","","","","","","","","","","","","","","","","","","","","","","","","","","","","",""
"yggdrasil_decision_forests::model::decision_tree::FindBestConditionClassification","0.229668","0.340s","0.229663","0.340s","0.060s","0.060s","Function","","2","114","","","","","","","","","","","","","","","","","","","","","","","","","","","","","0","0","","0","","","0","0","","0","","","0","0","","0","","","0","0","","","","","","","","","","training.cc","tof_fork_g","165","6551534760","6551534760","0","0","816062159523","6718164479","0","0","0","0","0","0","0","0","0","6551534760","0","0","0","0","0","0","0","0","0","0","0","696871297498","0","0","0","0","0","1024059963","588811980","6758084259","3868112242","0","0","0","0","0","0","0","0","0","0","0","0","0","0","0","0","0","0","960","0","0","0","0","0","0","0","0","0","0","0","0","0","0","0","235384137"
"yggdrasil_decision_forests::model::decision_tree::FindBestConditionSparseObliqueTemplate<yggdrasil_decision_forests::model::decision_tree::ClassificationLabelStats>","0.189139","0.280s","0","0s","0.060s","0s","Function","","2","117","","","","","","","","","","","","","","","","","","","","","","","","","","","","","0","0","","0","","","0","0","","0","","","0","0","","0","","","0","0","","Int32; UInt16; ","128","AVX; AVX512F_128","","","","","","oblique.cc","tof_fork_g","","","","","","","","","","","","","","","","","","","","","","","","","","","","","","","","","","","","","","","","","","","","","","","","","","","","","","","","","","","","","","","","","","","","","","","","",""
"[loop in yggdrasil_decision_forests::model::decision_tree::FindBestConditionSparseObliqueTemplate<yggdrasil_decision_forests::model::decision_tree::ClassificationLabelStats> at status.h]","0.189139","0.280s","0.189124","0.280s","0.060s","0.060s","Vectorized (Body)","0","3","116","","AVX","2","","","","","","","","","","","","","","","","","","","","","","","","","","0","0","","0","","","0","0","","0","","","0","0","","0","","","0","0","","Int32","128","AVX","","","","","","status.h","tof_fork_g","172","0","0","0","0","0","226965504","0","0","0","0","0","0","0","0","0","0","0","0","0","0","0","0","0","0","0","0","0","0","0","0","0","0","0","85112064","56741376","680896512","453931008","0","0","0","0","0","0","0","0","0","0","0","0","0","0","0","0","0","0","0","0","0","0","0","0","0","0","0","0","0","0","0","0","0","0","56741376"
"yggdrasil_decision_forests::model::decision_tree::(anonymous namespace)::GetProjectionEvaluator","0.121589","0.180s","0","0s","0.040s","0s","Function","","2","153","","","","","","","","","","","","","","","","","","","","","","","","","","","","","0","0","","0","","","0","0","","0","","","0","0","","0","","","0","0","","Int32","128/256","AVX","","","","","","oblique.cc","tof_fork_g","","","","","","","","","","","","","","","","","","","","","","","","","","","","","","","","","","","","","","","","","","","","","","","","","","","","","","","","","","","","","","","","","","","","","","","","",""
"[loop in yggdrasil_decision_forests::model::decision_tree::(anonymous namespace)::GetProjectionEvaluator at stl_algobase.h:1190]","0.121589","0.180s","0.121606","0.180s","0.040s","0.040s","Scalar","0","3","152","","","","","","","","","","","","","","","","","","","","","","","","","","","","","0","0","","0","","","0","0","","0","","","0","0","","0","","","0","0","","","","","","","","","","stl_algobase.h:1190","tof_fork_g","","","","","","","","","","","","","","","","","","","","","","","","","","","","","","","","","","","","","","","","","","","","","","","","","","","","","","","","","","","","","","","","","","","","","","","","",""
"yggdrasil_decision_forests::model::decision_tree::(anonymous namespace)::FailIfMonotonic","0.121589","0.180s","0.121594","0.180s","0.040s","0.040s","Function","","2","138","","","","","","","","","","","","","","","","","","","","","","","","","","","","","0","0","","0","","","0","0","","0","","","0","0","","0","","","0","0","","","","","","","","","","training.cc","tof_fork_g","","","","","","","","","","","","","","","","","","","","","","","","","","","","","","","","","","","","","","","","","","","","","","","","","","","","","","","","","","","","","","","","","","","","","","","","",""
"func@0xbc410","0.121589","0.180s","0.108076","0.160s","0.040s","0.040s","Function","","2","18","","","","","","","","","","","","","","","","","","","","","","","","","","","","","0","0","","0","","","0","0","","0","","","0","0","","0","","","0","0","","","","","","","","","","","libc.so.6","","","","","","","","","","","","","","","","","","","","","","","","","","","","","","","","","","","","","","","","","","","","","","","","","","","","","","","","","","","","","","","","","","","","","","","","",""
"[loop in func@0xbc410]","0.0135099","0.020s","0.0135127","0.020s","0.020s","0.020s","Scalar","0","3","28","","","","","","","","","","","","","","","","","","","","","","","","","","","","","0","0","","0","","","0","0","","0","","","0","0","","0","","","0","0","","","","","","","","","","","libc.so.6","","","","","","","","","","","","","","","","","","","","","","","","","","","","","","","","","","","","","","","","","","","","","","","","","","","","","","","","","","","","","","","","","","","","","","","","",""
"malloc","0.108079","0.160s","0.108084","0.160s","0.040s","0.040s","Function","","2","22","","","","","","","","","","","","","","","","","","","","","","","","","","","","","0","0","","0","","","0","0","","0","","","0","0","","0","","","0","0","","","","","","","","","","","libc.so.6","","","","","","","","","","","","","","","","","","","","","","","","","","","","","","","","","","","","","","","","","","","","","","","","","","","","","","","","","","","","","","","","","","","","","","","","",""
"hwy::N_AVX3_SPR::detail::Sort8Rows<(unsigned long)4, hwy::N_AVX3_SPR::detail::SharedTraits<hwy::N_AVX3_SPR::detail::TraitsLane<hwy::N_AVX3_SPR::detail::OrderAscending<unsigned long>>>, unsigned long>","0.108079","0.160s","0.108078","0.160s","0.040s","0.040s","Function","","2","137","","","","","","","","","","","","","","","","","","","","","","","","","","","","","0","0","","0","","","0","0","","0","","","0","0","","0","","","0","0","2-Source Permutes; Blends; Permutes; Shuffles","UInt16; UInt256; ; ","256","AVX; AVX2; AVX512F_256","","","","","","vqsort-inl.h:337","tof_fork_g","","","","","","","","","","","","","","","","","","","","","","","","","","","","","","","","","","","","","","","","","","","","","","","","","","","","","","","","","","","","","","","","","","","","","","","","",""
"absl::lts_20250814::container_internal::btree_set_container<absl::lts_20250814::container_internal::btree<absl::lts_20250814::container_internal::set_params<unsigned long, std::less<unsigned long>, std::allocator<unsigned long>, (int)256, (bool)0>>>::insert","0.0810594","0.120s","0.0135108","0.020s","0.040s","0.020s","Function","","2","142","","","","","","","","","","","","","","","","","","","","","","","","","","","","","0","0","","0","","","0","0","","0","","","0","0","","0","","","0","0","","Int32; UInt16; ","256","AVX; AVX512F_256","","","","","","btree_container.h:331","tof_fork_g","","","","","","","","","","","","","","","","","","","","","","","","","","","","","","","","","","","","","","","","","","","","","","","","","","","","","","","","","","","","","","","","","","","","","","","","",""
"absl::lts_20250814::container_internal::btree<absl::lts_20250814::container_internal::set_params<unsigned long, std::less<unsigned long>, std::allocator<unsigned long>, (int)256, (bool)0>>::insert_unique<unsigned long, unsigned long const&>","0.0675495","0.100s","0","0s","0.020s","0s","Inlined Function","","3","143","","","","","","","","","","","","","","","","","","","","","","","","","","","","","0","0","","0","","","0","0","","0","","","0","0","","0","","","0","0","","Int32; UInt16; ","256","AVX; AVX512F_256","","","","","","btree.h:2373","tof_fork_g","","","","","","","","","","","","","","","","","","","","","","","","","","","","","","","","","","","","","","","","","","","","","","","","","","","","","","","","","","","","","","","","","","","","","","","","",""
"absl::lts_20250814::container_internal::btree<absl::lts_20250814::container_internal::set_params<unsigned long, std::less<unsigned long>, std::allocator<unsigned long>, (int)256, (bool)0>>::internal_last<absl::lts_20250814::container_internal::btree_iterator<absl::lts_20250814::container_internal::btree_node<absl::lts_20250814::container_internal::set_params<unsigned long, std::less<unsigned long>, std::allocator<unsigned long>, (int)256, (bool)0>>, unsigned long const&, unsigned long const*>>","0.0270198","0.040s","0.0135081","0.020s","0.020s","0.020s","Inlined Function","","4","141","","","","","","","","","","","","","","","","","","","","","","","","","","","","","0","0","","0","","","0","0","","0","","","0","0","","0","","","0","0","","","","","","","","","","btree.h:2898","tof_fork_g","","","","","","","","","","","","","","","","","","","","","","","","","","","","","","","","","","","","","","","","","","","","","","","","","","","","","","","","","","","","","","","","","","","","","","","","",""
"[loop in absl::lts_20250814::container_internal::btree<absl::lts_20250814::container_internal::set_params<unsigned long, std::less<unsigned long>, std::allocator<unsigned long>, (int)256, (bool)0>>::internal_last<absl::lts_20250814::container_internal::btree_iterator<absl::lts_20250814::container_internal::btree_node<absl::lts_20250814::container_internal::set_params<unsigned long, std::less<unsigned long>, std::allocator<unsigned long>, (int)256, (bool)0>>, unsigned long const&, unsigned long const*>> at btree.h:2900]","0.0135099","0.020s","0.0135106","0.020s","0.020s","0.020s","Scalar","0","5","140","","","","","","","","","","","","","","","","","","","","","","","","","","","","","0","0","","0","","","0","0","","0","","","0","0","","0","","","0","0","","","","","","","","","","btree.h:2900","tof_fork_g","","","","","","","","","","","","","","","","","","","","","","","","","","","","","","","","","","","","","","","","","","","","","","","","","","","","","","","","","","","","","","","","","","","","","","","","",""
"[loop in absl::lts_20250814::container_internal::btree<absl::lts_20250814::container_internal::set_params<unsigned long, std::less<unsigned long>, std::allocator<unsigned long>, (int)256, (bool)0>>::insert_unique<unsigned long, unsigned long const&> at btree.h:2379]","0.0135099","0.020s","0.0135103","0.020s","0.020s","0.020s","Scalar","0","4","196","","","","","","","","","","","","","","","","","","","","","","","","","","","","","0","0","","0","","","0","0","","0","","","0","0","","0","","","0","0","Mask Manipulations; Unpacks","","","","","","","","","btree.h:2379","tof_fork_g","","","","","","","","","","","","","","","","","","","","","","","","","","","","","","","","","","","","","","","","","","","","","","","","","","","","","","","","","","","","","","","","","","","","","","","","",""
"absl::lts_20250814::container_internal::btree<absl::lts_20250814::container_internal::set_params<unsigned long, std::less<unsigned long>, std::allocator<unsigned long>, (int)256, (bool)0>>::internal_locate<unsigned long>","0.0135099","0.020s","0.0135093","0.020s","0.020s","0.020s","Inlined Function","","4","195","","","","","","","","","","","","","","","","","","","","","","","","","","","","","0","0","","0","","","0","0","","0","","","0","0","","0","","","0","0","","","256","AVX512F_256","","","","","","btree.h:2993","tof_fork_g","","","","","","","","","","","","","","","","","","","","","","","","","","","","","","","","","","","","","","","","","","","","","","","","","","","","","","","","","","","","","","","","","","","","","","","","",""
"absl::lts_20250814::container_internal::btree<absl::lts_20250814::container_internal::set_params<unsigned long, std::less<unsigned long>, std::allocator<unsigned long>, (int)256, (bool)0>>::internal_emplace<unsigned long const&>","0.0135099","0.020s","0.0135093","0.020s","0.020s","0.020s","Inlined Function","","4","165","","","","","","","","","","","","","","","","","","","","","","","","","","","","","0","0","","0","","","0","0","","0","","","0","0","","0","","","0","0","","Int32; UInt16","256","AVX","","","","","","btree.h:2914","tof_fork_g","","","","","","","","","","","","","","","","","","","","","","","","","","","","","","","","","","","","","","","","","","","","","","","","","","","","","","","","","","","","","","","","","","","","","","","","",""
"__libc_free","0.0810594","0.120s","0.0810554","0.120s","0.040s","0.040s","Function","","2","20","","","","","","","","","","","","","","","","","","","","","","","","","","","","","0","0","","0","","","0","0","","0","","","0","0","","0","","","0","0","","","","","","","","","","","libc.so.6","","","","","","","","","","","","","","","","","","","","","","","","","","","","","","","","","","","","","","","","","","","","","","","","","","","","","","","","","","","","","","","","","","","","","","","","",""
"yggdrasil_decision_forests::model::decision_tree::FindBestConditionSingleThreadManager","0.0810594","0.120s","0.0810527","0.120s","0.040s","0.040s","Function","","2","131","","","","","","","","","","","","","","","","","","","","","","","","","","","","","0","0","","0","","","0","0","","0","","","0","0","","0","","","0","0","","","","","","","","","","training.cc","tof_fork_g","","","","","","","","","","","","","","","","","","","","","","","","","","","","","","","","","","","","","","","","","","","","","","","","","","","","","","","","","","","","","","","","","","","","","","","","",""
"yggdrasil_decision_forests::model::decision_tree::SetLabelDistribution","0.0675495","0.100s","0","0s","0.020s","0s","Function","","2","170","","","","","","","","","","","","","","","","","","","","","","","","","","","","","0","0","","0","","","0","0","","0","","","0","0","","0","","","0","0","Extracts; Gathers; Inserts; Shuffles; Type Conversions","Int32; Int64; UInt16; UInt256; UInt; ; ","128/256","AVX; AVX2; AVX512F_128; AVX512F_256","","","","","","label.cc","tof_fork_g","","","","","","","","","","","","","","","","","","","","","","","","","","","","","","","","","","","","","","","","","","","","","","","","","","","","","","","","","","","","","","","","","","","","","","","","",""
"[loop in yggdrasil_decision_forests::model::decision_tree::SetLabelDistribution at label.cc:56]","0.0675495","0.100s","0","0s","0.020s","0s","Scalar Versions","0","3","237","","","","","","","","","","","","","","","","","","","","","","","","","","","","","0","0","","0","","","0","0","","0","","","0","0","","0","","","0","0","","Int64","","","","","","","","label.cc:56","tof_fork_g","","","","","","","","","","","","","","","","","","","","","","","","","","","","","","","","","","","","","","","","","","","","","","","","","","","","","","","","","","","","","","","","","","","","","","","","",""
"[loop in yggdrasil_decision_forests::model::decision_tree::SetLabelDistribution at label.cc:56]","0.0540396","0.080s","0.0540393","0.080s","0.020s","0.020s","Scalar","0","3","169","","","","","","","","","","","","","","","","","","","","","","","","","","","","","0","0","","0","","","0","0","","0","","","0","0","","0","","","0","0","","Int64","","","","","","","","label.cc:56","tof_fork_g","","","","","","","","","","","","","","","","","","","","","","","","","","","","","","","","","","","","","","","","","","","","","","","","","","","","","","","","","","","","","","","","","","","","","","","","",""
"[loop in yggdrasil_decision_forests::model::decision_tree::SetLabelDistribution at label.cc:56]","0.0135099","0.020s","0.0135098","0.020s","0.020s","0.020s","Scalar","0","3","226","","","","","","","","","","","","","","","","","","","","","","","","","","","","","0","0","","0","","","0","0","","0","","","0","0","","0","","","0","0","","Int64","","","","","","","","label.cc:56","tof_fork_g","","","","","","","","","","","","","","","","","","","","","","","","","","","","","","","","","","","","","","","","","","","","","","","","","","","","","","","","","","","","","","","","","","","","","","","","",""
"__libm_logf_l9","0.0675495","0.100s","0.0675397","0.100s","0.020s","0.020s","Function","","2","52","","","","","","","","","","","","","","","","","","","","","","","","","","","","","0","0","","0","","","0","0","","0","","","0","0","","0","","","0","0","Shifts","Int32; UInt16; ; ","128","AVX; AVX2","","","","","","","tof_fork_g","33","0","0","0","0","2","12","0","0","0","0","0","0","0","0","0","0","0","0","0","0","0","0","0","0","0","0","0","2","0","0","0","0","0","2","2","16","16","0","0","0","0","0","0","0","0","0","0","0","0","0","0","0","0","0","0","0","0","0","0","0","0","0","0","0","0","0","0","0","0","0","0","1"
"yggdrasil_decision_forests::model::decision_tree::EvaluateProjection<yggdrasil_decision_forests::model::decision_tree::ClassificationLabelStats, std::vector<int, std::allocator<int>>>","0.0540396","0.080s","0.0540412","0.080s","0.020s","0.020s","Function","","2","113","","","","","","","","","","","","","","","","","","","","","","","","","","","","","0","0","","0","","","0","0","","0","","","0","0","","0","","","0","0","","Int32","128/256","AVX","","","","","","oblique.cc","tof_fork_g","","","","","","","","","","","","","","","","","","","","","","","","","","","","","","","","","","","","","","","","","","","","","","","","","","","","","","","","","","","","","","","","","","","","","","","","",""
"std::mersenne_twister_engine<unsigned long, (unsigned long)32, (unsigned long)624, (unsigned long)397, (unsigned long)31, (unsigned long)2567483615, (unsigned long)11, (unsigned long)4294967295, (unsigned long)7, (unsigned long)2636928640, (unsigned long)15, (unsigned long)4022730752, (unsigned long)18, (unsigned long)1812433253>::operator()","0.0405297","0.060s","0.0405308","0.060s","0.020s","0.020s","Function","","2","149","","","","","","","","","","","","","","","","","","","","","","","","","","","","","0","0","","0","","","0","0","","0","","","0","0","","0","","","0","0","Shifts","UInt16; ","256","AVX; AVX2; AVX512F_256","","","","","","random.tcc:455","tof_fork_g","","","","","","","","","","","","","","","","","","","","","","","","","","","","","","","","","","","","","","","","","","","","","","","","","","","","","","","","","","","","","","","","","","","","","","","","",""
"_intel_fast_memcpy","0.0270198","0.040s","0.0270285","0.040s","0.020s","0.020s","Function","","2","115","","","","","","","","","","","","","","","","","","","","","","","","","","","","","0","0","","0","","","0","0","","0","","","0","0","","0","","","0","0","","","","","","","","","","","tof_fork_g","171","85112064","85112064","0","0","1191568896","1163198208","0","1191568896","0","0","0","0","0","0","0","85112064","0","0","0","0","0","0","0","1191568896","0","0","0","0","0","0","0","0","0","113482752","85112064","3631448064","680896512","0","0","0","0","0","0","0","0","0","0","0","0","0","0","0","0","0","0","56741376","0","0","0","0","0","0","0","0","0","0","0","0","0","0","0","85112064"
"func@0x7b21b0","0.0270198","0.040s","0.0270239","0.040s","0.020s","0.020s","Function","","2","209","","","","","","","","","","","","","","","","","","","","","","","","","","","","","0","0","","0","","","0","0","","0","","","0","0","","0","","","0","0","","","","","","","","","","","tof_fork_g","","","","","","","","","","","","","","","","","","","","","","","","","","","","","","","","","","","","","","","","","","","","","","","","","","","","","","","","","","","","","","","","","","","","","","","","",""
"__libm_pow_l9","0.0270198","0.040s","0.0270239","0.040s","0.020s","0.020s","Function","","2","227","","","","","","","","","","","","","","","","","","","","","","","","","","","","","0","0","","0","","","0","0","","0","","","0","0","","0","","","0","0","Shifts","UInt16; ; ","128","AVX","","","","","","","tof_fork_g","","","","","","","","","","","","","","","","","","","","","","","","","","","","","","","","","","","","","","","","","","","","","","","","","","","","","","","","","","","","","","","","","","","","","","","","",""
"std::binomial_distribution<unsigned long>::operator()<std::mersenne_twister_engine<unsigned long, (unsigned long)32, (unsigned long)624, (unsigned long)397, (unsigned long)31, (unsigned long)2567483615, (unsigned long)11, (unsigned long)4294967295, (unsigned long)7, (unsigned long)2636928640, (unsigned long)15, (unsigned long)4022730752, (unsigned long)18, (unsigned long)1812433253>>","0.0270198","0.040s","0.027023","0.040s","0.020s","0.020s","Function","","2","150","","","","","","","","","","","","","","","","","","","","","","","","","","","","","0","0","","0","","","0","0","","0","","","0","0","","0","","","0","0","Shifts","Int64; UInt16; ","128/256","AVX; AVX2; AVX512DQ_128; AVX512F_256","","","","","","random.tcc:1567","tof_fork_g","","","","","","","","","","","","","","","","","","","","","","","","","","","","","","","","","","","","","","","","","","","","","","","","","","","","","","","","","","","","","","","","","","","","","","","","",""
"hwy::N_AVX3_SPR::detail::BaseCase<hwy::N_AVX3_SPR::Simd<unsigned long, (unsigned long)8, (int)0>, hwy::N_AVX3_SPR::detail::SharedTraits<hwy::N_AVX3_SPR::detail::TraitsLane<hwy::N_AVX3_SPR::detail::OrderAscendingKV64>>, unsigned long>","0.0270198","0.040s","0.0270208","0.040s","0.020s","0.020s","Function","","2","201","","","","","","","","","","","","","","","","","","","","","","","","","","","","","0","0","","0","","","0","0","","0","","","0","0","","0","","","0","0","","","","","","","","","","vqsort-inl.h:574","tof_fork_g","","","","","","","","","","","","","","","","","","","","","","","","","","","","","","","","","","","","","","","","","","","","","","","","","","","","","","","","","","","","","","","","","","","","","","","","",""
"hwy::N_AVX3_SPR::(anonymous namespace)::SortKV64Asc","0.0270198","0.040s","0.0270207","0.040s","0.020s","0.020s","Function","","2","134","","","","","","","","","","","","","","","","","","","","","","","","","","","","","0","0","","0","","","0","0","","0","","","0","0","","0","","","0","0","","","","","","","","","","vqsort_kv64a.cc","tof_fork_g","","","","","","","","","","","","","","","","","","","","","","","","","","","","","","","","","","","","","","","","","","","","","","","","","","","","","","","","","","","","","","","","","","","","","","","","",""
"func@0xbab10","0.0270198","0.040s","0.0135107","0.020s","0.020s","0.020s","Function","","2","19","","","","","","","","","","","","","","","","","","","","","","","","","","","","","0","0","","0","","","0","0","","0","","","0","0","","0","","","0","0","Shuffles; Unpacks","UInt16; Variable; ","128/256","AVX; AVX2","","","","","","","libc.so.6","","","","","","","","","","","","","","","","","","","","","","","","","","","","","","","","","","","","","","","","","","","","","","","","","","","","","","","","","","","","","","","","","","","","","","","","",""
"[loop in func@0xbab10]","0.0135099","0.020s","0","0s","0.020s","0s","Scalar","3","3","31","","","","","","","","","","","","","","","","","","","","","","","","","","","","","0","0","","0","","","0","0","","0","","","0","0","","0","","","0","0","","","","","","","","","","","libc.so.6","","","","","","","","","","","","","","","","","","","","","","","","","","","","","","","","","","","","","","","","","","","","","","","","","","","","","","","","","","","","","","","","","","","","","","","","",""
"[loop in func@0xbab10]","0.0135099","0.020s","0","0s","0.020s","0s","Scalar","2","4","30","","","","","","","","","","","","","","","","","","","","","","","","","","","","","0","0","","0","","","0","0","","0","","","0","0","","0","","","0","0","","","","","","","","","","","libc.so.6","","","","","","","","","","","","","","","","","","","","","","","","","","","","","","","","","","","","","","","","","","","","","","","","","","","","","","","","","","","","","","","","","","","","","","","","",""
"[loop in func@0xbab10]","0.0135099","0.020s","0","0s","0.020s","0s","Scalar","1","5","29","","","","","","","","","","","","","","","","","","","","","","","","","","","","","0","0","","0","","","0","0","","0","","","0","0","","0","","","0","0","","","","","","","","","","","libc.so.6","","","","","","","","","","","","","","","","","","","","","","","","","","","","","","","","","","","","","","","","","","","","","","","","","","","","","","","","","","","","","","","","","","","","","","","","",""
"[loop in func@0xbab10]","0.0135099","0.020s","0.0135095","0.020s","0.020s","0.020s","Scalar","0","6","32","","","","","","","","","","","","","","","","","","","","","","","","","","","","","0","0","","0","","","0","0","","0","","","0","0","","0","","","0","0","","","","","","","","","","","libc.so.6","","","","","","","","","","","","","","","","","","","","","","","","","","","","","","","","","","","","","","","","","","","","","","","","","","","","","","","","","","","","","","","","","","","","","","","","",""
"log","0.0270198","0.040s","0.0270177","0.040s","0.020s","0.020s","Function","","2","203","","","","","","","","","","","","","","","","","","","","","","","","","","","","","0","0","","0","","","0","0","","0","","","0","0","","0","","","0","0","","","","","","","","","","","tof_fork_g","","","","","","","","","","","","","","","","","","","","","","","","","","","","","","","","","","","","","","","","","","","","","","","","","","","","","","","","","","","","","","","","","","","","","","","","",""
"hwy::N_AVX3_SPR::detail::Sort8Rows<(unsigned long)1, hwy::N_AVX3_SPR::detail::SharedTraits<hwy::N_AVX3_SPR::detail::TraitsLane<hwy::N_AVX3_SPR::detail::OrderAscending<unsigned long>>>, unsigned long>","0.0270198","0.040s","0.027017","0.040s","0.020s","0.020s","Function","","2","185","","","","","","","","","","","","","","","","","","","","","","","","","","","","","0","0","","0","","","0","0","","0","","","0","0","","0","","","0","0","2-Source Permutes; Blends; Inserts; Unpacks","UInt16; UInt256; ; ","128/256","AVX; AVX2; AVX512F_128; AVX512F_256","","","","","","vqsort-inl.h:337","tof_fork_g","","","","","","","","","","","","","","","","","","","","","","","","","","","","","","","","","","","","","","","","","","","","","","","","","","","","","","","","","","","","","","","","","","","","","","","","",""
"hwy::GetChosenTarget","0.0270198","0.040s","0.0270168","0.040s","0.020s","0.020s","Function","","2","222","","","","","","","","","","","","","","","","","","","","","","","","","","","","","0","0","","0","","","0","0","","0","","","0","0","","0","","","0","0","","","","","","","","","","targets.cc:812","tof_fork_g","","","","","","","","","","","","","","","","","","","","","","","","","","","","","","","","","","","","","","","","","","","","","","","","","","","","","","","","","","","","","","","","","","","","","","","","",""
"func@0x7b21e0","0.0270198","0.040s","0.0270166","0.040s","0.020s","0.020s","Function","","2","151","","","","","","","","","","","","","","","","","","","","","","","","","","","","","0","0","","0","","","0","0","","0","","","0","0","","0","","","0","0","","","","","","","","","","","tof_fork_g","","","","","","","","","","","","","","","","","","","","","","","","","","","","","","","","","","","","","","","","","","","","","","","","","","","","","","","","","","","","","","","","","","","","","","","","",""
"std::vector<hwy::K32V32, std::allocator<hwy::K32V32>>::resize","0.0270198","0.040s","0.0270156","0.040s","0.020s","0.020s","Function","","2","118","","","","","","","","","","","","","","","","","","","","","","","","","","","","","0","0","","0","","","0","0","","0","","","0","0","","0","","","0","0","","","","","","","","","","stl_vector.h:1143","tof_fork_g","173","40113664","40113664","0","0","160454656","481363968","0","0","0","0","0","0","0","0","0","40113664","0","0","0","0","0","0","0","0","0","0","0","160454656","0","0","0","0","0","40113664","80227328","320909312","641818624","0","0","0","0","0","0","0","0","0","0","0","0","0","0","0","0","0","0","40113664","0","0","0","0","0","0","0","0","0","0","0","0","0","0","0","0"
"std::uniform_int_distribution<int>::operator()<std::mersenne_twister_engine<unsigned long, (unsigned long)32, (unsigned long)624, (unsigned long)397, (unsigned long)31, (unsigned long)2567483615, (unsigned long)11, (unsigned long)4294967295, (unsigned long)7, (unsigned long)2636928640, (unsigned long)15, (unsigned long)4022730752, (unsigned long)18, (unsigned long)1812433253>>","0.0135099","0.020s","0.0135142","0.020s","0.020s","0.020s","Function","","2","200","","","","","","","","","","","","","","","","","","","","","","","","","","","","","0","0","","0","","","0","0","","0","","","0","0","","0","","","0","0","","","","","","","","","","uniform_int_dist.h:288","tof_fork_g","","","","","","","","","","","","","","","","","","","","","","","","","","","","","","","","","","","","","","","","","","","","","","","","","","","","","","","","","","","","","","","","","","","","","","","","",""
"hwy::VQSort","0.0135099","0.020s","0.0135129","0.020s","0.020s","0.020s","Function","","2","159","","","","","","","","","","","","","","","","","","","","","","","","","","","","","0","0","","0","","","0","0","","0","","","0","0","","0","","","0","0","","","","","","","","","","vqsort_kv64a.cc:61","tof_fork_g","","","","","","","","","","","","","","","","","","","","","","","","","","","","","","","","","","","","","","","","","","","","","","","","","","","","","","","","","","","","","","","","","","","","","","","","",""
"hwy::N_AVX3_SPR::detail::Sort3To4<hwy::N_AVX3_SPR::detail::SharedTraits<hwy::N_AVX3_SPR::detail::TraitsLane<hwy::N_AVX3_SPR::detail::OrderAscending<unsigned long>>>, unsigned long>","0.0135099","0.020s","0.0135123","0.020s","0.020s","0.020s","Function","","2","100","","","","","","","","","","","","","","","","","","","","","","","","","","","","","0","0","","0","","","0","0","","0","","","0","0","","0","","","0","0","Unpacks","UInt16; ","128","AVX; AVX512F_128","","","","","","vqsort-inl.h:267","tof_fork_g","107","0","0","0","0","0","0","0","0","0","0","0","0","0","0","0","0","0","0","0","0","0","0","0","0","0","0","0","0","0","0","0","0","0","0","0","0","0","0","0","0","0","0","0","0","0","0","0","0","0","0","0","0","0","0","0","0","0","0","0","0","0","0","0","0","0","0","0","0","0","0","0","0"
"yggdrasil_decision_forests::model::decision_tree::FindBestConditionOblique","0.0135099","0.020s","0.0135116","0.020s","0.020s","0.020s","Function","","2","133","","","","","","","","","","","","","","","","","","","","","","","","","","","","","0","0","","0","","","0","0","","0","","","0","0","","0","","","0","0","","","","","","","","","","oblique.cc","tof_fork_g","","","","","","","","","","","","","","","","","","","","","","","","","","","","","","","","","","","","","","","","","","","","","","","","","","","","","","","","","","","","","","","","","","","","","","","","",""
"yggdrasil_decision_forests::model::decision_tree::MonotonicConstraintSign","0.0135099","0.020s","0.0135104","0.020s","0.020s","0.020s","Function","","2","112","","","","","","","","","","","","","","","","","","","","","","","","","","","","","0","0","","0","","","0","0","","0","","","0","0","","0","","","0","0","","","","","","","","","","repeated_ptr_field.h","tof_fork_g","157","200567842","200567842","0","0","2508383877","3308083541","0","0","0","0","0","0","0","0","0","0","0","0","200567842","0","0","0","0","0","0","0","0","2408099956","0","0","100283921","0","0","801628442","200567842","6410455832","1604542736","0","0","0","0","0","0","0","0","0","0","0","0","0","0","0","0","0","0","0","0","0","100283921","0","0","0","0","0","0","0","0","0","0","0","0","0"
"_start","0.0135099","0.020s","0","0s","0.020s","0s","Function","","2","33","","","","","","< 0.001","","< 0.001","","0.012","","0.111","","0.012","","0.112","","< 0.001","","< 0.001","","< 0.001","","0.002","","0.107","","","< 0.001","0.001","","0.003","","","0.002","0.001","","0.001","","","< 0.001","< 0.001","","0.002","","","0.001","< 0.001","","","","","","","","","","","tof_fork_g","","","","","","","","","","","","","","","","","","","","","","","","","","","","","","","","","","","","","","","","","","","","","","","","","","","","","","","","","","","","","","","","","","","","","","","","",""
"__libc_start_main","0.0135099","0.020s","0","0s","0.020s","0s","Function","","3","2","","","","","","< 0.001","","< 0.001","","0.012","","0.111","","0.012","","0.112","","< 0.001","","< 0.001","","< 0.001","","0.002","","0.107","","","< 0.001","0.001","","0.003","","","0.002","0.001","","0.001","","","< 0.001","< 0.001","","0.002","","","0.001","< 0.001","","","","","","","","","","","libc.so.6","","","","","","","","","","","","","","","","","","","","","","","","","","","","","","","","","","","","","","","","","","","","","","","","","","","","","","","","","","","","","","","","","","","","","","","","",""
"main","0.0135099","0.020s","0","0s","0.020s","0s","Function","","4","34","","","","","","< 0.001","","< 0.001","","0.012","","0.111","","0.012","","0.112","","< 0.001","","< 0.001","","< 0.001","","0.002","","0.107","","","< 0.001","0.001","","0.003","","","0.002","0.001","","0.001","","","< 0.001","< 0.001","","0.002","","","0.001","< 0.001","Shuffles","UInt16; UInt256; ; ","128","AVX; AVX2","","","","","","train_oblique_forest.cc:1054","tof_fork_g","37","528","528","0","0","1968","2160","0","0","0","0","0","0","0","0","0","528","0","0","0","0","0","0","0","0","0","0","0","1824","0","0","0","0","0","720","288","5184","2304","0","0","0","0","0","0","0","0","0","0","0","0","0","0","0","0","0","0","144","96","0","0","0","0","0","0","0","0","0","0","0","0","0","0","0"
"yggdrasil_decision_forests::model::AbstractLearner::TrainWithStatus","0.0135099","0.020s","0","0s","0.020s","0s","Function","","5","68","","","","","","0","0","0","","< 0.001","0.044","0.043","","< 0.001","0.044","0.043","0","0","< 0.001","< 0.001","< 0.001","< 0.001","< 0.001","< 0.001","","< 0.001","0","< 0.001","< 0.001","< 0.001","0","0","0","0","0","0","0","0","0","0","0","0","0","0","0","0","0","0","","","","","","","","","","abstract_learner.cc:352","tof_fork_g","38","-8684430236356378344","-8684430236356378344","0","0","6386013178347396442","1904355","564606542484076","1067456428915022986","0","282303268985160","94101094175476","0","0","188202179323440","0","-8684994842898862420","0","0","0","0","0","0","0","1067115967951246481","246359867926841","94101095849664","0","5080573021632299315","0","0","0","0","0","1181","190716","8060","6078460","0","0","0","0","0","0","0","0","0","0","0","0","0","0","0","0","0","0","472536","3264","58","27","0","0","0","0","0","0","0","2176","0","0","0","0","1618"
"yggdrasil_decision_forests::model::random_forest::RandomForestLearner::TrainWithStatusImpl","0.0135099","0.020s","0","0s","0.020s","0s","Function","","6","69","","","","","","0","0","0","","< 0.001","0","0.043","","< 0.001","0","0.043","0","0","0","< 0.001","0","< 0.001","< 0.001","< 0.001","","< 0.001","< 0.001","< 0.001","< 0.001","< 0.001","0","0","0","0","0","0","0","0","0","0","0","0","0","0","0","0","0","0","","Int32; Int64; UInt16; ; ","128/256","AVX; AVX2; AVX512F_128; AVX512F_256","","","","","","random_forest.cc:452","tof_fork_g","","","","","","","","","","","","","","","","","","","","","","","","","","","","","","","","","","","","","","","","","","","","","","","","","","","","","","","","","","","","","","","","","","","","","","","","",""
"yggdrasil_decision_forests::utils::concurrency::ThreadPool::ThreadPool","0.0135099","0.020s","0","0s","0.020s","0s","Function","","7","72","","","","","","0","0","0","","< 0.001","0.066","0.066","","< 0.001","0.066","0.066","0","0","< 0.001","< 0.001","< 0.001","< 0.001","< 0.001","< 0.001","","< 0.001","< 0.001","< 0.001","< 0.001","< 0.001","0","0","0","0","0","0","0","0","0","0","0","0","0","0","0","0","0","0","","Int32","128/256","AVX","","","","","","concurrency_default.cc:29","tof_fork_g","","","","","","","","","","","","","","","","","","","","","","","","","","","","","","","","","","","","","","","","","","","","","","","","","","","","","","","","","","","","","","","","","","","","","","","","",""
"[loop in yggdrasil_decision_forests::utils::concurrency::ThreadPool::ThreadPool at concurrency_default.cc:29]","0.0135099","0.020s","0","0s","0.020s","0s","Scalar","0","8","71","","","","","","","","","","","","","","","","","","","","","","","","","","","","","0","0","","0","","","0","0","","0","","","0","0","","0","","","0","0","","UInt16","","","","","","","","concurrency_default.cc:29","tof_fork_g","","","","","","","","","","","","","","","","","","","","","","","","","","","","","","","","","","","","","","","","","","","","","","","","","","","","","","","","","","","","","","","","","","","","","","","","",""
"std::vector<std::thread, std::allocator<std::thread>>::emplace_back<void (void) yggdrasil_decision_forests::utils::concurrency::ThreadPool::*, yggdrasil_decision_forests::utils::concurrency::ThreadPool*>","0.0135099","0.020s","0","0s","0.020s","0s","Inlined Function","","9","76","","","","","","","","","","","","","","","","","","","","","","","","","","","","","0","0","","0","","","0","0","","0","","","0","0","","0","","","0","0","","Int32","256","AVX","","","","","","vector.tcc:112","tof_fork_g","","","","","","","","","","","","","","","","","","","","","","","","","","","","","","","","","","","","","","","","","","","","","","","","","","","","","","","","","","","","","","","","","","","","","","","","",""
"std::allocator_traits<std::allocator<std::thread>>::construct<std::allocator<std::thread>, void (void) yggdrasil_decision_forests::utils::concurrency::ThreadPool::*, void (void)*>","0.0135099","0.020s","0","0s","0.020s","0s","Inlined Function","","10","79","","","","","","","","","","","","","","","","","","","","","","","","","","","","","0","0","","0","","","0","0","","0","","","0","0","","0","","","0","0","","","","","","","","","","alloc_traits.h:665","tof_fork_g","","","","","","","","","","","","","","","","","","","","","","","","","","","","","","","","","","","","","","","","","","","","","","","","","","","","","","","","","","","","","","","","","","","","","","","","",""
"std::__new_allocator<std::thread>::construct<std::thread, void (void) yggdrasil_decision_forests::utils::concurrency::ThreadPool::*, yggdrasil_decision_forests::utils::concurrency::ThreadPool*>","0.0135099","0.020s","0","0s","0.020s","0s","Inlined Function","","11","78","","","","","","","","","","","","","","","","","","","","","","","","","","","","","0","0","","0","","","0","0","","0","","","0","0","","0","","","0","0","","","","","","","","","","new_allocator.h:189","tof_fork_g","","","","","","","","","","","","","","","","","","","","","","","","","","","","","","","","","","","","","","","","","","","","","","","","","","","","","","","","","","","","","","","","","","","","","","","","",""
"std::thread::thread<void (void) yggdrasil_decision_forests::utils::concurrency::ThreadPool::*, yggdrasil_decision_forests::utils::concurrency::ThreadPool*, void>","0.0135099","0.020s","0","0s","0.020s","0s","Inlined Function","","12","77","","","","","","","","","","","","","","","","","","","","","","","","","","","","","0","0","","0","","","0","0","","0","","","0","0","","0","","","0","0","","","","","","","","","","std_thread.h:165","tof_fork_g","42","3686400000","3686400000","0","0","39116800000","20889600000","0","0","0","0","0","0","0","0","0","1024000000","0","0","2662400000","0","0","0","0","0","0","0","0","9420800000","0","0","28672000000","0","0","2252800000","4710400000","12697600000","22118400000","0","0","0","0","0","0","0","0","0","0","0","0","0","0","0","0","0","0","2048000000","0","0","0","0","0","0","0","0","0","0","0","0","0","0","0","819200000"
"std::thread::_M_start_thread","0.0135099","0.020s","0.0135099","0.020s","0.020s","0.020s","Function","","13","4","","","","","","","","","","","","","","","","","","","","","","","","","","","","","0","0","","0","","","0","0","","0","","","0","0","","0","","","0","0","","","","","","","","","","","libstdc++.so.6","43","0","0","0","0","144","192","0","0","0","0","0","0","0","0","0","0","0","0","0","0","0","0","0","0","0","0","0","144","0","0","0","0","0","0","48","0","384","0","0","0","0","0","0","0","0","0","0","0","0","0","0","0","0","0","0","0","0","0","0","0","0","0","0","0","0","0","0","0","0","0","0","0"
"BuildSyntheticDataset","0","0s","0","0s","0s","0s","Function","","5","35","","","","","","","0","< 0.001","","","0.058","0.111","","","0.058","0.112","0","< 0.001","< 0.001","< 0.001","< 0.001","< 0.001","< 0.001","0.002","","","< 0.001","< 0.001","< 0.001","0.001","0","0.003","0","0","0.002","0.001","0","0.001","0","0","< 0.001","< 0.001","0","0.002","0","0","0.001","< 0.001","","","","","","","","","","train_oblique_forest.cc:417","tof_fork_g","","","","","","","","","","","","","","","","","","","","","","","","","","","","","","","","","","","","","","","","","","","","","","","","","","","","","","","","","","","","","","","","","","","","","","","","",""
"MakeTrunkDataset","0","0s","0","0s","0s","0s","Function","","6","38","","","","","","","< 0.001","< 0.001","","","0.111","0.111","","","0.112","0.112","< 0.001","< 0.001","< 0.001","< 0.001","< 0.001","< 0.001","0.002","0.002","","","< 0.001","0.001","< 0.001","0.001","0.003","0.003","0.002","0.001","0.002","0.001","0.001","0.001","< 0.001","< 0.001","< 0.001","< 0.001","0.002","0.002","0.001","< 0.001","0.001","< 0.001","Blends; FMA; Square Roots; Type Conversions","Int32; UInt16; UInt256; ; ","128/256","AVX; AVX2; AVX512F_256; FMA","","","","","","train_oblique_forest.cc:335","tof_fork_g","","","","","","","","","","","","","","","","","","","","","","","","","","","","","","","","","","","","","","","","","","","","","","","","","","","","","","","","","","","","","","","","","","","","","","","","",""
"[loop in MakeTrunkDataset at train_oblique_forest.cc:392]","0","0s","0","0s","0s","0s","Scalar","0","7","37","","","","","","","0","0","","","0.117","0.105","","","0.117","0.105","0","0","< 0.001","< 0.001","< 0.001","< 0.001","< 0.001","< 0.001","","","< 0.001","< 0.001","< 0.001","< 0.001","0","0","0","0","0","0","0","0","0","0","0","0","0","0","0","0","0","0","","UInt16","","","","","","","","train_oblique_forest.cc:392","tof_fork_g","","","","","","","","","","","","","","","","","","","","","","","","","","","","","","","","","","","","","","","","","","","","","","","","","","","","","","","","","","","","","","","","","","","","","","","","",""
"std::vector<std::thread, std::allocator<std::thread>>::emplace_back<MakeTrunkDataset(yggdrasil_decision_forests::dataset::proto::DataSpecification const&, long, int, unsigned int)::$_0&, int const&, int const&>","0","0s","0","0s","0s","0s","Inlined Function","","8","41","","","","","","","0","0","","","0.063","0.063","","","0.063","0.063","0","0","< 0.001","< 0.001","< 0.001","< 0.001","< 0.001","< 0.001","","","< 0.001","< 0.001","< 0.001","< 0.001","0","0","0","0","0","0","0","0","0","0","0","0","0","0","0","0","0","0","","Int32; UInt16","256","AVX","","","","","","vector.tcc:112","tof_fork_g","","","","","","","","","","","","","","","","","","","","","","","","","","","","","","","","","","","","","","","","","","","","","","","","","","","","","","","","","","","","","","","","","","","","","","","","",""
"operator new","0.0135099","0.020s","0.0135098","0.020s","0.020s","0.020s","Function","","2","10","","","","","","","","","","","","","","","","","","","","","","","","","","","","","0","0","","0","","","0","0","","0","","","0","0","","0","","","0","0","","","","","","","","","","","libstdc++.so.6","","","","","","","","","","","","","","","","","","","","","","","","","","","","","","","","","","","","","","","","","","","","","","","","","","","","","","","","","","","","","","","","","","","","","","","","",""
"__dynamic_cast","0.0135099","0.020s","0.0135096","0.020s","0.020s","0.020s","Function","","2","13","","","","","","","","","","","","","","","","","","","","","","","","","","","","","0","0","","0","","","0","0","","0","","","0","0","","0","","","0","0","","","","","","","","","","","libstdc++.so.6","","","","","","","","","","","","","","","","","","","","","","","","","","","","","","","","","","","","","","","","","","","","","","","","","","","","","","","","","","","","","","","","","","","","","","","","",""
"yggdrasil_decision_forests::model::decision_tree::FindBestCondition","0.0135099","0.020s","0.0135093","0.020s","0.020s","0.020s","Function","","2","130","","","","","","","","","","","","","","","","","","","","","","","","","","","","","0","0","","0","","","0","0","","0","","","0","0","","0","","","0","0","","Int32; Int64","128","AVX","","","","","","training.cc","tof_fork_g","","","","","","","","","","","","","","","","","","","","","","","","","","","","","","","","","","","","","","","","","","","","","","","","","","","","","","","","","","","","","","","","","","","","","","","","",""
"std::vector<float, std::allocator<float>>::resize","0.0135099","0.020s","0.0135089","0.020s","0.020s","0.020s","Function","","2","58","","","","","","","","","","","","","","","","","","","","","","","","","","","","","0","0","","0","","","0","0","","0","","","0","0","","0","","","0","0","","","","","","","","","","stl_vector.h:1143","tof_fork_g","","","","","","","","","","","","","","","","","","","","","","","","","","","","","","","","","","","","","","","","","","","","","","","","","","","","","","","","","","","","","","","","","","","","","","","","",""
"yggdrasil_decision_forests::model::decision_tree::EvalConditionOnDataset","0.0135099","0.020s","0.0135083","0.020s","0.020s","0.020s","Function","","2","147","","","","","","","","","","","","","","","","","","","","","","","","","","","","","0","0","","0","","","0","0","","0","","","0","0","","0","","","0","0","","Int32","128/256","AVX","","","","","","decision_tree.cc","tof_fork_g","","","","","","","","","","","","","","","","","","","","","","","","","","","","","","","","","","","","","","","","","","","","","","","","","","","","","","","","","","","","","","","","","","","","","","","","",""
"yggdrasil_decision_forests::model::decision_tree::proto::Condition_Higher::~Condition_Higher","0.0135099","0.020s","0.0135081","0.020s","0.020s","0.020s","Function","","2","232","","","","","","","","","","","","","","","","","","","","","","","","","","","","","0","0","","0","","","0","0","","0","","","0","0","","0","","","0","0","","","","","","","","","","decision_tree.pb.cc:2322","tof_fork_g","","","","","","","","","","","","","","","","","","","","","","","","","","","","","","","","","","","","","","","","","","","","","","","","","","","","","","","","","","","","","","","","","","","","","","","","",""
"yggdrasil_decision_forests::model::decision_tree::GrowTreeLocal","0.0135099","0.020s","0","0s","0.020s","0s","Function","","2","129","","","","","","","","","","","","","","","","","","","","","","","","","","","","","0","0","","0","","","0","0","","0","","","0","0","","0","","","0","0","","Int32; UInt16; ","128/256","AVX; AVX512F_128","","","","","","training.cc","tof_fork_g","","","","","","","","","","","","","","","","","","","","","","","","","","","","","","","","","","","","","","","","","","","","","","","","","","","","","","","","","","","","","","","","","","","","","","","","",""
"[loop in yggdrasil_decision_forests::model::decision_tree::GrowTreeLocal at training.cc:5560]","0.0135099","0.020s","0.0135069","0.020s","0.020s","0.020s","Vectorized (Body)","0","3","128","","AVX","4; 8","","","","","","","","","","","","","","","","","","","","","","","","","","0","0","","0","","","0","0","","0","","","0","0","","0","","","0","0","","Int32; UInt16","128/256","AVX","","","","","","training.cc:5560","tof_fork_g","","","","","","","","","","","","","","","","","","","","","","","","","","","","","","","","","","","","","","","","","","","","","","","","","","","","","","","","","","","","","","","","","","","","","","","","",""
"func@0xbaa10","0.0135099","0.020s","0.0135066","0.020s","0.020s","0.020s","Function","","2","21","","","","","","","","","","","","","","","","","","","","","","","","","","","","","0","0","","0","","","0","0","","0","","","0","0","","0","","","0","0","","","","","","","","","","","libc.so.6","","","","","","","","","","","","","","","","","","","","","","","","","","","","","","","","","","","","","","","","","","","","","","","","","","","","","","","","","","","","","","","","","","","","","","","","",""

