

======== NORMAL EXPERIMENTS (no explicit vector ISA) histogram_num_bins=256 ========



======== OBLIQUE EXPERIMENTS histogram_num_bins=256 ========



======== Running Exact [Oblique] ========

./bazel-bin/examples/train_oblique_forest --input_mode csv --train_csv "benchmarks/data/HIGGS_with_header.csv" --label_col "class" --feature_split_type "Oblique" --numerical_split_type "Exact" --num_trees=240 --num_threads=-1 --compute_oob_performances=true 


Inferring DataSpec from CSV: benchmarks/data/HIGGS_with_header.csv


WARNING: All log messages before absl::InitializeLog() is called are written to STDERR
I0000 00:00:1770227936.518246   57851 csv_example_reader.cc:212] 0 row(s) processed
I0000 00:00:1770227936.527327   57851 csv_example_reader.cc:216] Stop scanning the csv file to infer the type. Some records were not considered.
I0000 00:00:1770227936.527344   57851 data_spec_inference.cc:457] 29 column(s) found
I0000 00:00:1770227936.527356   57851 csv_example_reader.cc:303] 0 row(s) processed
I0000 00:00:1770227966.527459   57851 csv_example_reader.cc:303] 8345966 row(s) processed
I0000 00:00:1770227976.032212   57851 data_spec_inference.cc:494] Finalizing [11000000 row(s) found]
I0000 00:00:1770227976.032305   57851 abstract_learner.cc:155] No input feature explicitly specified. Using all the available input features.
I0000 00:00:1770227976.032308   57851 abstract_learner.cc:172] The label "class" was removed from the input feature set.
I0000 00:00:1770227976.032850   57851 vertical_dataset_io.cc:82] 100 examples scanned.
I0000 00:00:1770228006.033213   57851 vertical_dataset_io.cc:82] 7724600 examples scanned.
I0000 00:00:1770228019.553410   57851 vertical_dataset_io.cc:88] 11000000 examples read. Memory: usage:1276MB allocated:1276MB. 0 (0%) examples have been skipped.
I0000 00:00:1770228019.553488   57851 abstract_learner.cc:155] No input feature explicitly specified. Using all the available input features.
I0000 00:00:1770228019.553494   57851 abstract_learner.cc:172] The label "class" was removed from the input feature set.
I0000 00:00:1770228019.553515   57851 random_forest.cc:465] Training random forest on 11000000 example(s) and 28 feature(s).
I0000 00:00:1770228019.553524   57851 gpu.cc:93] Cannot initialize GPU: Not compiled with GPU support
I0000 00:00:1770228019.916739   57851 random_forest.cc:659] num_threads being used: 48
I0000 00:00:1770228167.152882   58197 random_forest.cc:956] Train tree 1/240 accuracy:0.64147 logloss:12.8964 [index:21 total:2m27.24s tree:2m27.23s]
I0000 00:00:1770228191.349117   58222 random_forest.cc:956] Train tree 2/240 accuracy:0.645092 logloss:11.3378 [index:12 total:2m51.43s tree:2m51.43s]
I0000 00:00:1770228217.299836   58202 random_forest.cc:956] Train tree 3/240 accuracy:0.649985 logloss:9.89656 [index:31 total:3m17.38s tree:3m17.38s]
I0000 00:00:1770228245.476170   58196 random_forest.cc:956] Train tree 4/240 accuracy:0.654597 logloss:8.60224 [index:29 total:3m45.56s tree:3m45.56s]
I0000 00:00:1770228274.013431   58224 random_forest.cc:956] Train tree 5/240 accuracy:0.658994 logloss:7.45654 [index:13 total:4m14.10s tree:4m14.10s]
I0000 00:00:1770228303.202147   58200 random_forest.cc:956] Train tree 6/240 accuracy:0.664788 logloss:6.42033 [index:32 total:4m43.29s tree:4m43.28s]
I0000 00:00:1770228331.752803   58184 random_forest.cc:956] Train tree 7/240 accuracy:0.669955 logloss:5.52766 [index:1 total:5m11.84s tree:5m11.84s]
I0000 00:00:1770228359.395990   58198 random_forest.cc:956] Train tree 8/240 accuracy:0.67465 logloss:4.74661 [index:28 total:5m39.48s tree:5m39.48s]
I0000 00:00:1770228388.065234   58194 random_forest.cc:956] Train tree 9/240 accuracy:0.679135 logloss:4.09491 [index:27 total:6m8.15s tree:6m8.15s]
I0000 00:00:1770228416.254622   58214 random_forest.cc:956] Train tree 10/240 accuracy:0.683544 logloss:3.54131 [index:44 total:6m36.34s tree:6m36.33s]
I0000 00:00:1770228444.990034   58217 random_forest.cc:956] Train tree 11/240 accuracy:0.687613 logloss:3.07726 [index:11 total:7m5.07s tree:7m5.07s]
I0000 00:00:1770228473.636498   58221 random_forest.cc:956] Train tree 12/240 accuracy:0.691467 logloss:2.68998 [index:3 total:7m33.72s tree:7m33.72s]
I0000 00:00:1770228502.853551   58220 random_forest.cc:956] Train tree 13/240 accuracy:0.695014 logloss:2.36253 [index:5 total:8m2.94s tree:8m2.94s]
I0000 00:00:1770228531.861385   58207 random_forest.cc:956] Train tree 14/240 accuracy:0.698156 logloss:2.09241 [index:38 total:8m31.94s tree:8m31.94s]
I0000 00:00:1770228560.787296   58182 random_forest.cc:956] Train tree 15/240 accuracy:0.701345 logloss:1.86676 [index:9 total:9m0.87s tree:9m0.87s]
I0000 00:00:1770228589.479412   58211 random_forest.cc:956] Train tree 16/240 accuracy:0.704047 logloss:1.67833 [index:40 total:9m29.56s tree:9m29.56s]
I0000 00:00:1770228618.055471   58179 random_forest.cc:956] Train tree 17/240 accuracy:0.706619 logloss:1.52133 [index:4 total:9m58.14s tree:9m58.14s]
I0000 00:00:1770228646.715716   58212 random_forest.cc:956] Train tree 18/240 accuracy:0.708882 logloss:1.3876 [index:43 total:10m26.80s tree:10m26.79s]
I0000 00:00:1770228675.248474   58210 random_forest.cc:956] Train tree 19/240 accuracy:0.710939 logloss:1.27467 [index:42 total:10m55.33s tree:10m55.33s]
I0000 00:00:1770228704.023245   58203 random_forest.cc:956] Train tree 20/240 accuracy:0.712999 logloss:1.18072 [index:37 total:11m24.11s tree:11m24.10s]
I0000 00:00:1770228732.820622   58192 random_forest.cc:956] Train tree 21/240 accuracy:0.714708 logloss:1.09999 [index:24 total:11m52.90s tree:11m52.90s]
I0000 00:00:1770228761.676121   58199 random_forest.cc:956] Train tree 22/240 accuracy:0.716303 logloss:1.02982 [index:30 total:12m21.76s tree:12m21.76s]
I0000 00:00:1770228789.924631   58180 random_forest.cc:956] Train tree 23/240 accuracy:0.717788 logloss:0.970672 [index:2 total:12m50.01s tree:12m50.01s]
I0000 00:00:1770228818.214639   58193 random_forest.cc:956] Train tree 24/240 accuracy:0.71921 logloss:0.920126 [index:26 total:13m18.30s tree:13m18.30s]
I0000 00:00:1770228846.731423   58188 random_forest.cc:956] Train tree 25/240 accuracy:0.720497 logloss:0.876201 [index:20 total:13m46.81s tree:13m46.81s]
I0000 00:00:1770228876.068315   58208 random_forest.cc:956] Train tree 26/240 accuracy:0.721658 logloss:0.838022 [index:34 total:14m16.15s tree:14m16.15s]
I0000 00:00:1770228904.624005   58185 random_forest.cc:956] Train tree 27/240 accuracy:0.722769 logloss:0.805483 [index:17 total:14m44.71s tree:14m44.71s]
I0000 00:00:1770228932.868313   58187 random_forest.cc:956] Train tree 28/240 accuracy:0.724048 logloss:0.777424 [index:19 total:15m12.95s tree:15m12.95s]
I0000 00:00:1770228961.687474   58201 random_forest.cc:956] Train tree 29/240 accuracy:0.725108 logloss:0.752303 [index:33 total:15m41.77s tree:15m41.77s]
I0000 00:00:1770228990.082270   58215 random_forest.cc:956] Train tree 30/240 accuracy:0.726167 logloss:0.730716 [index:46 total:16m10.17s tree:16m10.16s]
I0000 00:00:1770229018.360204   58225 random_forest.cc:956] Train tree 31/240 accuracy:0.727172 logloss:0.711001 [index:14 total:16m38.44s tree:16m38.44s]
I0000 00:00:1770229046.952654   58206 random_forest.cc:956] Train tree 32/240 accuracy:0.728014 logloss:0.693196 [index:39 total:17m7.04s tree:17m7.03s]
I0000 00:00:1770229074.901794   58218 random_forest.cc:956] Train tree 33/240 accuracy:0.728873 logloss:0.677531 [index:7 total:17m34.99s tree:17m34.98s]
I0000 00:00:1770229103.541159   58205 random_forest.cc:956] Train tree 34/240 accuracy:0.729721 logloss:0.663654 [index:35 total:18m3.62s tree:18m3.62s]
I0000 00:00:1770229132.908062   58190 random_forest.cc:956] Train tree 35/240 accuracy:0.730587 logloss:0.651429 [index:22 total:18m32.99s tree:18m32.99s]
I0000 00:00:1770229161.992917   58195 random_forest.cc:956] Train tree 36/240 accuracy:0.731406 logloss:0.640713 [index:25 total:19m2.08s tree:19m2.07s]
I0000 00:00:1770229190.509609   58213 random_forest.cc:956] Train tree 37/240 accuracy:0.732176 logloss:0.630529 [index:45 total:19m30.59s tree:19m30.59s]
I0000 00:00:1770229219.680876   58219 random_forest.cc:956] Train tree 38/240 accuracy:0.732833 logloss:0.621489 [index:6 total:19m59.76s tree:19m59.76s]
I0000 00:00:1770229248.240976   58181 random_forest.cc:956] Train tree 39/240 accuracy:0.733494 logloss:0.613079 [index:10 total:20m28.32s tree:20m28.32s]
I0000 00:00:1770229276.953959   58191 random_forest.cc:956] Train tree 40/240 accuracy:0.734119 logloss:0.605816 [index:23 total:20m57.04s tree:20m57.04s]
I0000 00:00:1770229305.517341   58204 random_forest.cc:956] Train tree 41/240 accuracy:0.734611 logloss:0.599182 [index:36 total:21m25.60s tree:21m25.60s]
I0000 00:00:1770229333.822812   58183 random_forest.cc:956] Train tree 42/240 accuracy:0.735112 logloss:0.592944 [index:8 total:21m53.91s tree:21m53.91s]
I0000 00:00:1770229362.702635   58223 random_forest.cc:956] Train tree 43/240 accuracy:0.735707 logloss:0.587234 [index:15 total:22m22.79s tree:22m22.78s]
I0000 00:00:1770229391.407480   58209 random_forest.cc:956] Train tree 44/240 accuracy:0.736292 logloss:0.581967 [index:41 total:22m51.49s tree:22m51.49s]
I0000 00:00:1770229420.382848   58189 random_forest.cc:956] Train tree 45/240 accuracy:0.736793 logloss:0.577209 [index:18 total:23m20.47s tree:23m20.46s]
I0000 00:00:1770229448.820702   58186 random_forest.cc:956] Train tree 46/240 accuracy:0.737223 logloss:0.572415 [index:16 total:23m48.90s tree:23m48.90s]
I0000 00:00:1770229477.694186   58216 random_forest.cc:956] Train tree 47/240 accuracy:0.737674 logloss:0.568267 [index:47 total:24m17.78s tree:24m17.77s]
I0000 00:00:1770229506.645421   58178 random_forest.cc:956] Train tree 48/240 accuracy:0.738147 logloss:0.564691 [index:0 total:24m46.73s tree:24m46.73s]
I0000 00:00:1770229535.561457   58197 random_forest.cc:956] Train tree 49/240 accuracy:0.738619 logloss:0.561422 [index:48 total:25m15.64s tree:22m48.41s]
I0000 00:00:1770229563.920353   58222 random_forest.cc:956] Train tree 50/240 accuracy:0.738975 logloss:0.558383 [index:49 total:25m44.00s tree:22m52.57s]
I0000 00:00:1770229592.232187   58202 random_forest.cc:956] Train tree 51/240 accuracy:0.739382 logloss:0.555431 [index:50 total:26m12.32s tree:22m54.93s]
I0000 00:00:1770229621.190946   58196 random_forest.cc:956] Train tree 52/240 accuracy:0.739796 logloss:0.552738 [index:51 total:26m41.27s tree:22m55.71s]
I0000 00:00:1770229649.557020   58224 random_forest.cc:956] Train tree 53/240 accuracy:0.74017 logloss:0.550164 [index:52 total:27m9.64s tree:22m55.54s]
I0000 00:00:1770229678.221083   58200 random_forest.cc:956] Train tree 54/240 accuracy:0.740555 logloss:0.547641 [index:53 total:27m38.30s tree:22m55.02s]
I0000 00:00:1770229706.743431   58184 random_forest.cc:956] Train tree 55/240 accuracy:0.740924 logloss:0.545462 [index:54 total:28m6.83s tree:22m54.99s]
I0000 00:00:1770229735.063675   58198 random_forest.cc:956] Train tree 56/240 accuracy:0.741308 logloss:0.543558 [index:55 total:28m35.15s tree:22m55.67s]
I0000 00:00:1770229763.966436   58194 random_forest.cc:956] Train tree 57/240 accuracy:0.741618 logloss:0.541651 [index:56 total:29m4.05s tree:22m55.90s]
I0000 00:00:1770229792.252303   58214 random_forest.cc:956] Train tree 58/240 accuracy:0.741934 logloss:0.539833 [index:57 total:29m32.34s tree:22m56.00s]
I0000 00:00:1770229819.762691   58217 random_forest.cc:956] Train tree 59/240 accuracy:0.742229 logloss:0.538316 [index:58 total:29m59.85s tree:22m54.77s]
I0000 00:00:1770229848.187000   58221 random_forest.cc:956] Train tree 60/240 accuracy:0.742542 logloss:0.536751 [index:59 total:30m28.27s tree:22m54.55s]
I0000 00:00:1770229877.430690   58220 random_forest.cc:956] Train tree 61/240 accuracy:0.742792 logloss:0.535278 [index:60 total:30m57.51s tree:22m54.57s]
I0000 00:00:1770229905.961754   58207 random_forest.cc:956] Train tree 62/240 accuracy:0.743061 logloss:0.533946 [index:61 total:31m26.05s tree:22m54.10s]
I0000 00:00:1770229934.707495   58182 random_forest.cc:956] Train tree 63/240 accuracy:0.743329 logloss:0.532744 [index:62 total:31m54.79s tree:22m53.92s]
I0000 00:00:1770229963.311424   58211 random_forest.cc:956] Train tree 64/240 accuracy:0.743591 logloss:0.531517 [index:63 total:32m23.39s tree:22m53.83s]
I0000 00:00:1770229991.750233   58179 random_forest.cc:956] Train tree 65/240 accuracy:0.743876 logloss:0.530353 [index:64 total:32m51.83s tree:22m53.69s]
I0000 00:00:1770230020.458952   58212 random_forest.cc:956] Train tree 66/240 accuracy:0.74417 logloss:0.529213 [index:65 total:33m20.54s tree:22m53.74s]
I0000 00:00:1770230048.692542   58210 random_forest.cc:956] Train tree 67/240 accuracy:0.744339 logloss:0.528148 [index:66 total:33m48.78s tree:22m53.44s]
I0000 00:00:1770230077.428542   58203 random_forest.cc:956] Train tree 68/240 accuracy:0.7446 logloss:0.527162 [index:67 total:34m17.51s tree:22m53.40s]
I0000 00:00:1770230106.342461   58192 random_forest.cc:956] Train tree 69/240 accuracy:0.744884 logloss:0.526199 [index:68 total:34m46.43s tree:22m53.52s]
I0000 00:00:1770230135.072714   58199 random_forest.cc:956] Train tree 70/240 accuracy:0.745085 logloss:0.525289 [index:69 total:35m15.16s tree:22m53.39s]
I0000 00:00:1770230163.287363   58180 random_forest.cc:956] Train tree 71/240 accuracy:0.745334 logloss:0.524409 [index:70 total:35m43.37s tree:22m53.36s]
I0000 00:00:1770230191.615053   58193 random_forest.cc:956] Train tree 72/240 accuracy:0.745555 logloss:0.523611 [index:71 total:36m11.70s tree:22m53.40s]
I0000 00:00:1770230220.104315   58188 random_forest.cc:956] Train tree 73/240 accuracy:0.745751 logloss:0.522839 [index:72 total:36m40.19s tree:22m53.37s]
I0000 00:00:1770230249.675573   58208 random_forest.cc:956] Train tree 74/240 accuracy:0.745936 logloss:0.522114 [index:73 total:37m9.76s tree:22m53.60s]
I0000 00:00:1770230278.478490   58185 random_forest.cc:956] Train tree 75/240 accuracy:0.746146 logloss:0.52137 [index:74 total:37m38.56s tree:22m53.85s]
I0000 00:00:1770230307.046607   58187 random_forest.cc:956] Train tree 76/240 accuracy:0.746299 logloss:0.520786 [index:75 total:38m7.13s tree:22m54.18s]
I0000 00:00:1770230335.722244   58201 random_forest.cc:956] Train tree 77/240 accuracy:0.746472 logloss:0.520187 [index:76 total:38m35.81s tree:22m54.03s]
I0000 00:00:1770230364.083793   58215 random_forest.cc:956] Train tree 78/240 accuracy:0.746684 logloss:0.519513 [index:77 total:39m4.17s tree:22m54.00s]
I0000 00:00:1770230392.433742   58225 random_forest.cc:956] Train tree 79/240 accuracy:0.746869 logloss:0.518892 [index:78 total:39m32.52s tree:22m54.07s]
I0000 00:00:1770230420.822221   58206 random_forest.cc:956] Train tree 80/240 accuracy:0.747037 logloss:0.518357 [index:79 total:40m0.91s tree:22m53.87s]
I0000 00:00:1770230449.394186   58218 random_forest.cc:956] Train tree 81/240 accuracy:0.747228 logloss:0.517827 [index:80 total:40m29.48s tree:22m54.49s]
I0000 00:00:1770230477.767930   58205 random_forest.cc:956] Train tree 82/240 accuracy:0.747332 logloss:0.517312 [index:81 total:40m57.85s tree:22m54.22s]
I0000 00:00:1770230506.838227   58190 random_forest.cc:956] Train tree 83/240 accuracy:0.747556 logloss:0.516812 [index:82 total:41m26.92s tree:22m53.93s]
I0000 00:00:1770230535.223127   58195 random_forest.cc:956] Train tree 84/240 accuracy:0.747695 logloss:0.516282 [index:83 total:41m55.31s tree:22m53.23s]
I0000 00:00:1770230563.687673   58213 random_forest.cc:956] Train tree 85/240 accuracy:0.747842 logloss:0.515836 [index:84 total:42m23.77s tree:22m53.18s]
I0000 00:00:1770230593.021916   58219 random_forest.cc:956] Train tree 86/240 accuracy:0.748027 logloss:0.515436 [index:85 total:42m53.11s tree:22m53.34s]
I0000 00:00:1770230621.451906   58181 random_forest.cc:956] Train tree 87/240 accuracy:0.748184 logloss:0.515069 [index:86 total:43m21.54s tree:22m53.21s]
I0000 00:00:1770230650.052426   58191 random_forest.cc:956] Train tree 88/240 accuracy:0.748347 logloss:0.514723 [index:87 total:43m50.14s tree:22m53.10s]
I0000 00:00:1770230678.756981   58204 random_forest.cc:956] Train tree 89/240 accuracy:0.748476 logloss:0.514357 [index:88 total:44m18.84s tree:22m53.24s]
I0000 00:00:1770230707.145028   58183 random_forest.cc:956] Train tree 90/240 accuracy:0.74861 logloss:0.513984 [index:89 total:44m47.23s tree:22m53.32s]
I0000 00:00:1770230735.969211   58223 random_forest.cc:956] Train tree 91/240 accuracy:0.748805 logloss:0.513593 [index:90 total:45m16.05s tree:22m53.26s]
I0000 00:00:1770230764.916372   58209 random_forest.cc:956] Train tree 92/240 accuracy:0.748923 logloss:0.513212 [index:91 total:45m45.00s tree:22m53.51s]
I0000 00:00:1770230793.527426   58189 random_forest.cc:956] Train tree 93/240 accuracy:0.749085 logloss:0.512887 [index:92 total:46m13.61s tree:22m53.14s]
I0000 00:00:1770230822.187368   58186 random_forest.cc:956] Train tree 94/240 accuracy:0.749243 logloss:0.512611 [index:93 total:46m42.27s tree:22m53.36s]
I0000 00:00:1770230850.985260   58216 random_forest.cc:956] Train tree 95/240 accuracy:0.749385 logloss:0.512293 [index:94 total:47m11.07s tree:22m53.29s]
I0000 00:00:1770230878.553288   58178 random_forest.cc:956] Train tree 96/240 accuracy:0.749509 logloss:0.51202 [index:95 total:47m38.64s tree:22m51.91s]
I0000 00:00:1770230907.560547   58197 random_forest.cc:956] Train tree 97/240 accuracy:0.749648 logloss:0.511785 [index:96 total:48m7.64s tree:22m52.00s]
I0000 00:00:1770230935.670517   58222 random_forest.cc:956] Train tree 98/240 accuracy:0.749798 logloss:0.511553 [index:97 total:48m35.75s tree:22m51.75s]
I0000 00:00:1770230963.977774   58202 random_forest.cc:956] Train tree 99/240 accuracy:0.749912 logloss:0.51127 [index:98 total:49m4.06s tree:22m51.74s]
I0000 00:00:1770230993.304949   58196 random_forest.cc:956] Train tree 100/240 accuracy:0.750029 logloss:0.511011 [index:99 total:49m33.39s tree:22m52.11s]
I0000 00:00:1770231021.648414   58224 random_forest.cc:956] Train tree 101/240 accuracy:0.750149 logloss:0.510738 [index:100 total:50m1.73s tree:22m52.09s]
I0000 00:00:1770231050.648590   58200 random_forest.cc:956] Train tree 102/240 accuracy:0.750174 logloss:0.510521 [index:101 total:50m30.73s tree:22m52.42s]
I0000 00:00:1770231079.000444   58184 random_forest.cc:956] Train tree 103/240 accuracy:0.750336 logloss:0.510333 [index:102 total:50m59.08s tree:22m52.25s]
I0000 00:00:1770231107.280829   58198 random_forest.cc:956] Train tree 104/240 accuracy:0.750456 logloss:0.510034 [index:103 total:51m27.36s tree:22m52.21s]
I0000 00:00:1770231136.227517   58194 random_forest.cc:956] Train tree 105/240 accuracy:0.750559 logloss:0.509785 [index:104 total:51m56.31s tree:22m52.26s]
I0000 00:00:1770231164.525894   58214 random_forest.cc:956] Train tree 106/240 accuracy:0.75069 logloss:0.509585 [index:105 total:52m24.61s tree:22m52.27s]
I0000 00:00:1770231193.235379   58217 random_forest.cc:956] Train tree 107/240 accuracy:0.750782 logloss:0.509388 [index:106 total:52m53.32s tree:22m53.47s]
I0000 00:00:1770231221.570791   58221 random_forest.cc:956] Train tree 108/240 accuracy:0.750886 logloss:0.509118 [index:107 total:53m21.65s tree:22m53.38s]
I0000 00:00:1770231250.677583   58220 random_forest.cc:956] Train tree 109/240 accuracy:0.75101 logloss:0.508909 [index:108 total:53m50.76s tree:22m53.24s]
I0000 00:00:1770231279.486605   58207 random_forest.cc:956] Train tree 110/240 accuracy:0.751103 logloss:0.508675 [index:109 total:54m19.57s tree:22m53.52s]
I0000 00:00:1770231308.621159   58182 random_forest.cc:956] Train tree 111/240 accuracy:0.751213 logloss:0.508493 [index:110 total:54m48.70s tree:22m53.91s]
I0000 00:00:1770231337.223925   58211 random_forest.cc:956] Train tree 112/240 accuracy:0.7513 logloss:0.508363 [index:111 total:55m17.31s tree:22m53.91s]
I0000 00:00:1770231365.804611   58179 random_forest.cc:956] Train tree 113/240 accuracy:0.75139 logloss:0.50822 [index:112 total:55m45.89s tree:22m54.05s]
I0000 00:00:1770231394.492209   58212 random_forest.cc:956] Train tree 114/240 accuracy:0.751437 logloss:0.508059 [index:113 total:56m14.58s tree:22m54.03s]
I0000 00:00:1770231422.707569   58210 random_forest.cc:956] Train tree 115/240 accuracy:0.751509 logloss:0.507914 [index:114 total:56m42.79s tree:22m54.01s]
I0000 00:00:1770231451.290075   58203 random_forest.cc:956] Train tree 116/240 accuracy:0.751578 logloss:0.507713 [index:115 total:57m11.37s tree:22m53.86s]
I0000 00:00:1770231479.918007   58192 random_forest.cc:956] Train tree 117/240 accuracy:0.751659 logloss:0.507539 [index:116 total:57m40.00s tree:22m53.57s]
I0000 00:00:1770231509.051216   58199 random_forest.cc:956] Train tree 118/240 accuracy:0.751757 logloss:0.50742 [index:117 total:58m9.13s tree:22m53.98s]
I0000 00:00:1770231537.522748   58180 random_forest.cc:956] Train tree 119/240 accuracy:0.751822 logloss:0.507252 [index:118 total:58m37.61s tree:22m54.23s]
I0000 00:00:1770231566.382953   58193 random_forest.cc:956] Train tree 120/240 accuracy:0.751954 logloss:0.507115 [index:119 total:59m6.47s tree:22m54.77s]
I0000 00:00:1770231595.061098   58188 random_forest.cc:956] Train tree 121/240 accuracy:0.752039 logloss:0.506956 [index:120 total:59m35.14s tree:22m54.95s]
I0000 00:00:1770231624.404933   58208 random_forest.cc:956] Train tree 122/240 accuracy:0.752063 logloss:0.506827 [index:121 total:1h0m4.49s tree:22m54.73s]
I0000 00:00:1770231653.066811   58185 random_forest.cc:956] Train tree 123/240 accuracy:0.752214 logloss:0.506667 [index:122 total:1h0m33.15s tree:22m54.59s]
I0000 00:00:1770231681.621375   58187 random_forest.cc:956] Train tree 124/240 accuracy:0.752302 logloss:0.506537 [index:123 total:1h1m1.70s tree:22m54.57s]
I0000 00:00:1770231710.577501   58201 random_forest.cc:956] Train tree 125/240 accuracy:0.752321 logloss:0.50642 [index:124 total:1h1m30.66s tree:22m54.85s]
I0000 00:00:1770231739.041489   58215 random_forest.cc:956] Train tree 126/240 accuracy:0.752415 logloss:0.506291 [index:125 total:1h1m59.12s tree:22m54.96s]
I0000 00:00:1770231767.525654   58225 random_forest.cc:956] Train tree 127/240 accuracy:0.752475 logloss:0.5062 [index:126 total:1h2m27.61s tree:22m55.09s]
I0000 00:00:1770231795.958613   58206 random_forest.cc:956] Train tree 128/240 accuracy:0.752513 logloss:0.506102 [index:127 total:1h2m56.04s tree:22m55.13s]
I0000 00:00:1770231824.561511   58218 random_forest.cc:956] Train tree 129/240 accuracy:0.752569 logloss:0.50599 [index:128 total:1h3m24.64s tree:22m55.16s]
I0000 00:00:1770231852.751423   58205 random_forest.cc:956] Train tree 130/240 accuracy:0.752637 logloss:0.505855 [index:129 total:1h3m52.83s tree:22m54.98s]
I0000 00:00:1770231881.771187   58190 random_forest.cc:956] Train tree 131/240 accuracy:0.752719 logloss:0.505746 [index:130 total:1h4m21.85s tree:22m54.93s]
I0000 00:00:1770231910.335080   58195 random_forest.cc:956] Train tree 132/240 accuracy:0.752799 logloss:0.505652 [index:131 total:1h4m50.42s tree:22m55.11s]
I0000 00:00:1770231938.728409   58213 random_forest.cc:956] Train tree 133/240 accuracy:0.752847 logloss:0.505543 [index:132 total:1h5m18.81s tree:22m55.04s]
I0000 00:00:1770231967.649441   58219 random_forest.cc:956] Train tree 134/240 accuracy:0.752948 logloss:0.505439 [index:133 total:1h5m47.73s tree:22m54.63s]
I0000 00:00:1770231995.717899   58181 random_forest.cc:956] Train tree 135/240 accuracy:0.75302 logloss:0.505374 [index:134 total:1h6m15.80s tree:22m54.26s]
I0000 00:00:1770232024.449635   58191 random_forest.cc:956] Train tree 136/240 accuracy:0.753079 logloss:0.505273 [index:135 total:1h6m44.53s tree:22m54.39s]
I0000 00:00:1770232052.753311   58204 random_forest.cc:956] Train tree 137/240 accuracy:0.753148 logloss:0.505172 [index:136 total:1h7m12.84s tree:22m53.99s]
I0000 00:00:1770232080.979709   58183 random_forest.cc:956] Train tree 138/240 accuracy:0.753178 logloss:0.505098 [index:137 total:1h7m41.06s tree:22m53.83s]
I0000 00:00:1770232109.874389   58223 random_forest.cc:956] Train tree 139/240 accuracy:0.753237 logloss:0.505027 [index:138 total:1h8m9.96s tree:22m53.90s]
I0000 00:00:1770232138.455071   58209 random_forest.cc:956] Train tree 140/240 accuracy:0.753314 logloss:0.504912 [index:139 total:1h8m38.54s tree:22m53.54s]
I0000 00:00:1770232166.710267   58189 random_forest.cc:956] Train tree 141/240 accuracy:0.753366 logloss:0.504841 [index:140 total:1h9m6.79s tree:22m53.18s]
I0000 00:00:1770232195.287886   58186 random_forest.cc:956] Train tree 142/240 accuracy:0.753425 logloss:0.504752 [index:141 total:1h9m35.37s tree:22m53.10s]
I0000 00:00:1770232223.884798   58216 random_forest.cc:956] Train tree 143/240 accuracy:0.753493 logloss:0.504677 [index:142 total:1h10m3.97s tree:22m52.90s]
I0000 00:00:1770232252.174207   58178 random_forest.cc:956] Train tree 144/240 accuracy:0.753528 logloss:0.504588 [index:143 total:1h10m32.26s tree:22m53.62s]
I0000 00:00:1770232281.245325   58197 random_forest.cc:956] Train tree 145/240 accuracy:0.75361 logloss:0.504505 [index:144 total:1h11m1.33s tree:22m53.68s]
I0000 00:00:1770232309.334111   58222 random_forest.cc:956] Train tree 146/240 accuracy:0.753699 logloss:0.504398 [index:145 total:1h11m29.42s tree:22m53.66s]
I0000 00:00:1770232337.842277   58202 random_forest.cc:956] Train tree 147/240 accuracy:0.753783 logloss:0.504313 [index:146 total:1h11m57.93s tree:22m53.86s]
I0000 00:00:1770232367.047378   58196 random_forest.cc:956] Train tree 148/240 accuracy:0.753811 logloss:0.50426 [index:147 total:1h12m27.13s tree:22m53.74s]
I0000 00:00:1770232395.598206   58224 random_forest.cc:956] Train tree 149/240 accuracy:0.753879 logloss:0.504155 [index:148 total:1h12m55.68s tree:22m53.95s]
I0000 00:00:1770232424.443791   58200 random_forest.cc:956] Train tree 150/240 accuracy:0.753954 logloss:0.50408 [index:149 total:1h13m24.53s tree:22m53.79s]
I0000 00:00:1770232452.814839   58184 random_forest.cc:956] Train tree 151/240 accuracy:0.754006 logloss:0.50399 [index:150 total:1h13m52.90s tree:22m53.81s]
I0000 00:00:1770232481.230944   58198 random_forest.cc:956] Train tree 152/240 accuracy:0.754047 logloss:0.503926 [index:151 total:1h14m21.31s tree:22m53.95s]
I0000 00:00:1770232509.939979   58194 random_forest.cc:956] Train tree 153/240 accuracy:0.754096 logloss:0.503839 [index:152 total:1h14m50.02s tree:22m53.71s]
I0000 00:00:1770232538.101283   58214 random_forest.cc:956] Train tree 154/240 accuracy:0.754138 logloss:0.503781 [index:153 total:1h15m18.18s tree:22m53.57s]
I0000 00:00:1770232567.103680   58217 random_forest.cc:956] Train tree 155/240 accuracy:0.754216 logloss:0.503707 [index:154 total:1h15m47.19s tree:22m53.87s]
I0000 00:00:1770232595.092862   58221 random_forest.cc:956] Train tree 156/240 accuracy:0.754273 logloss:0.503659 [index:155 total:1h16m15.18s tree:22m53.52s]
I0000 00:00:1770232624.181833   58220 random_forest.cc:956] Train tree 157/240 accuracy:0.754336 logloss:0.503586 [index:156 total:1h16m44.27s tree:22m53.50s]
I0000 00:00:1770232653.038502   58207 random_forest.cc:956] Train tree 158/240 accuracy:0.754366 logloss:0.503513 [index:157 total:1h17m13.12s tree:22m53.55s]
I0000 00:00:1770232681.079122   58182 random_forest.cc:956] Train tree 159/240 accuracy:0.754424 logloss:0.503443 [index:158 total:1h17m41.16s tree:22m52.46s]
I0000 00:00:1770232709.879223   58211 random_forest.cc:956] Train tree 160/240 accuracy:0.754478 logloss:0.503396 [index:159 total:1h18m9.96s tree:22m52.65s]
I0000 00:00:1770232738.473470   58179 random_forest.cc:956] Train tree 161/240 accuracy:0.754512 logloss:0.503353 [index:160 total:1h18m38.56s tree:22m52.67s]
I0000 00:00:1770232767.423568   58212 random_forest.cc:956] Train tree 162/240 accuracy:0.754573 logloss:0.503306 [index:161 total:1h19m7.51s tree:22m52.93s]
I0000 00:00:1770232795.694572   58210 random_forest.cc:956] Train tree 163/240 accuracy:0.754634 logloss:0.503236 [index:162 total:1h19m35.78s tree:22m52.99s]
I0000 00:00:1770232824.441028   58203 random_forest.cc:956] Train tree 164/240 accuracy:0.754659 logloss:0.503173 [index:163 total:1h20m4.52s tree:22m53.15s]
I0000 00:00:1770232853.140261   58192 random_forest.cc:956] Train tree 165/240 accuracy:0.754689 logloss:0.503113 [index:164 total:1h20m33.22s tree:22m53.22s]
I0000 00:00:1770232881.947002   58199 random_forest.cc:956] Train tree 166/240 accuracy:0.754732 logloss:0.503062 [index:165 total:1h21m2.03s tree:22m52.89s]
I0000 00:00:1770232910.344300   58180 random_forest.cc:956] Train tree 167/240 accuracy:0.754756 logloss:0.50302 [index:166 total:1h21m30.43s tree:22m52.82s]
I0000 00:00:1770232939.066214   58193 random_forest.cc:956] Train tree 168/240 accuracy:0.754816 logloss:0.50297 [index:167 total:1h21m59.15s tree:22m52.68s]
I0000 00:00:1770232967.504538   58188 random_forest.cc:956] Train tree 169/240 accuracy:0.754894 logloss:0.502892 [index:168 total:1h22m27.59s tree:22m52.44s]
I0000 00:00:1770232994.524545   58208 random_forest.cc:956] Train tree 170/240 accuracy:0.75493 logloss:0.502874 [index:169 total:1h22m54.61s tree:22m50.12s]
I0000 00:00:1770233023.362027   58185 random_forest.cc:956] Train tree 171/240 accuracy:0.754946 logloss:0.50282 [index:170 total:1h23m23.45s tree:22m50.29s]
I0000 00:00:1770233051.945699   58187 random_forest.cc:956] Train tree 172/240 accuracy:0.754969 logloss:0.502783 [index:171 total:1h23m52.03s tree:22m50.32s]
I0000 00:00:1770233080.929611   58201 random_forest.cc:956] Train tree 173/240 accuracy:0.755036 logloss:0.502736 [index:172 total:1h24m21.01s tree:22m50.35s]
I0000 00:00:1770233109.133734   58215 random_forest.cc:956] Train tree 174/240 accuracy:0.755086 logloss:0.502675 [index:173 total:1h24m49.22s tree:22m50.09s]
I0000 00:00:1770233136.054708   58225 random_forest.cc:956] Train tree 175/240 accuracy:0.755129 logloss:0.50263 [index:174 total:1h25m16.14s tree:22m48.53s]
I0000 00:00:1770233164.310877   58206 random_forest.cc:956] Train tree 176/240 accuracy:0.755191 logloss:0.502564 [index:175 total:1h25m44.39s tree:22m48.35s]
I0000 00:00:1770233192.981450   58218 random_forest.cc:956] Train tree 177/240 accuracy:0.755233 logloss:0.502523 [index:176 total:1h26m13.06s tree:22m48.42s]
I0000 00:00:1770233221.412017   58205 random_forest.cc:956] Train tree 178/240 accuracy:0.755252 logloss:0.502497 [index:177 total:1h26m41.50s tree:22m48.66s]
I0000 00:00:1770233250.722485   58190 random_forest.cc:956] Train tree 179/240 accuracy:0.755329 logloss:0.502449 [index:178 total:1h27m10.81s tree:22m48.95s]
I0000 00:00:1770233279.295102   58195 random_forest.cc:956] Train tree 180/240 accuracy:0.755344 logloss:0.502419 [index:179 total:1h27m39.38s tree:22m48.96s]
I0000 00:00:1770233308.074508   58213 random_forest.cc:956] Train tree 181/240 accuracy:0.75534 logloss:0.502386 [index:180 total:1h28m8.16s tree:22m49.34s]
I0000 00:00:1770233336.831757   58219 random_forest.cc:956] Train tree 182/240 accuracy:0.755355 logloss:0.502355 [index:181 total:1h28m36.92s tree:22m49.18s]
I0000 00:00:1770233365.151444   58181 random_forest.cc:956] Train tree 183/240 accuracy:0.755404 logloss:0.502299 [index:182 total:1h29m5.23s tree:22m49.43s]
I0000 00:00:1770233393.579177   58191 random_forest.cc:956] Train tree 184/240 accuracy:0.755419 logloss:0.502251 [index:183 total:1h29m33.66s tree:22m49.13s]
I0000 00:00:1770233420.947668   58204 random_forest.cc:956] Train tree 185/240 accuracy:0.755456 logloss:0.502205 [index:184 total:1h30m1.03s tree:22m48.19s]
I0000 00:00:1770233449.267982   58183 random_forest.cc:956] Train tree 186/240 accuracy:0.755512 logloss:0.502166 [index:185 total:1h30m29.35s tree:22m48.29s]
I0000 00:00:1770233478.216278   58223 random_forest.cc:956] Train tree 187/240 accuracy:0.755517 logloss:0.502117 [index:186 total:1h30m58.30s tree:22m48.34s]
I0000 00:00:1770233507.115327   58209 random_forest.cc:956] Train tree 188/240 accuracy:0.755539 logloss:0.502053 [index:187 total:1h31m27.20s tree:22m48.66s]
I0000 00:00:1770233535.741775   58189 random_forest.cc:956] Train tree 189/240 accuracy:0.755587 logloss:0.502002 [index:188 total:1h31m55.83s tree:22m49.03s]
I0000 00:00:1770233563.940455   58186 random_forest.cc:956] Train tree 190/240 accuracy:0.755645 logloss:0.50197 [index:189 total:1h32m24.02s tree:22m48.65s]
I0000 00:00:1770233593.071959   58216 random_forest.cc:956] Train tree 191/240 accuracy:0.755665 logloss:0.501928 [index:190 total:1h32m53.16s tree:22m49.19s]
I0000 00:00:1770233621.648037   58178 random_forest.cc:956] Train tree 192/240 accuracy:0.755699 logloss:0.501878 [index:191 total:1h33m21.73s tree:22m49.47s]
I0000 00:00:1770233651.009035   58197 random_forest.cc:956] Train tree 193/240 accuracy:0.755753 logloss:0.501838 [index:192 total:1h33m51.09s tree:22m49.76s]
I0000 00:00:1770233678.486933   58222 random_forest.cc:956] Train tree 194/240 accuracy:0.755789 logloss:0.501791 [index:193 total:1h34m18.57s tree:22m49.15s]
I0000 00:00:1770233704.177588   58202 random_forest.cc:956] Train tree 195/240 accuracy:0.755824 logloss:0.501753 [index:194 total:1h34m44.26s tree:22m46.33s]
I0000 00:00:1770233728.900794   58196 random_forest.cc:956] Train tree 196/240 accuracy:0.755879 logloss:0.501722 [index:195 total:1h35m8.98s tree:22m41.85s]
I0000 00:00:1770233750.009584   58224 random_forest.cc:956] Train tree 197/240 accuracy:0.755901 logloss:0.5017 [index:196 total:1h35m30.09s tree:22m34.41s]
I0000 00:00:1770233771.856657   58200 random_forest.cc:956] Train tree 198/240 accuracy:0.755968 logloss:0.501663 [index:197 total:1h35m51.94s tree:22m27.41s]
I0000 00:00:1770233793.496232   58184 random_forest.cc:956] Train tree 199/240 accuracy:0.756002 logloss:0.501631 [index:198 total:1h36m13.58s tree:22m20.68s]
I0000 00:00:1770233814.612346   58198 random_forest.cc:956] Train tree 200/240 accuracy:0.756018 logloss:0.501602 [index:199 total:1h36m34.70s tree:22m13.38s]
I0000 00:00:1770233836.164068   58194 random_forest.cc:956] Train tree 201/240 accuracy:0.756038 logloss:0.501562 [index:200 total:1h36m56.25s tree:22m6.22s]
I0000 00:00:1770233857.225371   58214 random_forest.cc:956] Train tree 202/240 accuracy:0.756081 logloss:0.501503 [index:201 total:1h37m17.31s tree:21m59.12s]
I0000 00:00:1770233878.841739   58217 random_forest.cc:956] Train tree 203/240 accuracy:0.756106 logloss:0.501482 [index:202 total:1h37m38.92s tree:21m51.74s]
I0000 00:00:1770233900.055587   58221 random_forest.cc:956] Train tree 204/240 accuracy:0.756144 logloss:0.50147 [index:203 total:1h38m0.14s tree:21m44.96s]
I0000 00:00:1770233922.356511   58220 random_forest.cc:956] Train tree 205/240 accuracy:0.756173 logloss:0.501431 [index:204 total:1h38m22.44s tree:21m38.17s]
I0000 00:00:1770233943.959011   58207 random_forest.cc:956] Train tree 206/240 accuracy:0.756194 logloss:0.501397 [index:205 total:1h38m44.04s tree:21m30.92s]
I0000 00:00:1770233965.670643   58182 random_forest.cc:956] Train tree 207/240 accuracy:0.756214 logloss:0.501376 [index:206 total:1h39m5.75s tree:21m24.59s]
I0000 00:00:1770233987.259778   58211 random_forest.cc:956] Train tree 208/240 accuracy:0.756232 logloss:0.501356 [index:207 total:1h39m27.34s tree:21m17.38s]
I0000 00:00:1770234008.798794   58179 random_forest.cc:956] Train tree 209/240 accuracy:0.756276 logloss:0.501328 [index:208 total:1h39m48.88s tree:21m10.32s]
I0000 00:00:1770234030.385385   58212 random_forest.cc:956] Train tree 210/240 accuracy:0.756274 logloss:0.5013 [index:209 total:1h40m10.47s tree:21m2.96s]
I0000 00:00:1770234051.469107   58210 random_forest.cc:956] Train tree 211/240 accuracy:0.756301 logloss:0.501264 [index:210 total:1h40m31.55s tree:20m55.77s]
I0000 00:00:1770234073.064368   58203 random_forest.cc:956] Train tree 212/240 accuracy:0.756341 logloss:0.501224 [index:211 total:1h40m53.15s tree:20m48.62s]
I0000 00:00:1770234094.873605   58192 random_forest.cc:956] Train tree 213/240 accuracy:0.756382 logloss:0.501207 [index:212 total:1h41m14.96s tree:20m41.73s]
I0000 00:00:1770234116.735399   58199 random_forest.cc:956] Train tree 214/240 accuracy:0.756438 logloss:0.501172 [index:213 total:1h41m36.82s tree:20m34.79s]
I0000 00:00:1770234138.138039   58180 random_forest.cc:956] Train tree 215/240 accuracy:0.756448 logloss:0.50113 [index:214 total:1h41m58.22s tree:20m27.79s]
I0000 00:00:1770234159.417124   58193 random_forest.cc:956] Train tree 216/240 accuracy:0.756456 logloss:0.501105 [index:215 total:1h42m19.50s tree:20m20.35s]
I0000 00:00:1770234180.681121   58188 random_forest.cc:956] Train tree 217/240 accuracy:0.756507 logloss:0.501065 [index:216 total:1h42m40.76s tree:20m13.17s]
I0000 00:00:1770234202.812002   58208 random_forest.cc:956] Train tree 218/240 accuracy:0.756538 logloss:0.501032 [index:217 total:1h43m2.90s tree:20m8.29s]
I0000 00:00:1770234224.487696   58185 random_forest.cc:956] Train tree 219/240 accuracy:0.756566 logloss:0.500989 [index:218 total:1h43m24.57s tree:20m1.12s]
I0000 00:00:1770234245.718484   58187 random_forest.cc:956] Train tree 220/240 accuracy:0.756596 logloss:0.50096 [index:219 total:1h43m45.80s tree:19m53.77s]
I0000 00:00:1770234267.432168   58201 random_forest.cc:956] Train tree 221/240 accuracy:0.756602 logloss:0.500945 [index:220 total:1h44m7.52s tree:19m46.50s]
I0000 00:00:1770234288.876275   58215 random_forest.cc:956] Train tree 222/240 accuracy:0.756657 logloss:0.500917 [index:221 total:1h44m28.96s tree:19m39.74s]
I0000 00:00:1770234310.105258   58225 random_forest.cc:956] Train tree 223/240 accuracy:0.756662 logloss:0.500894 [index:222 total:1h44m50.19s tree:19m34.05s]
I0000 00:00:1770234330.731950   58206 random_forest.cc:956] Train tree 224/240 accuracy:0.756692 logloss:0.500857 [index:223 total:1h45m10.82s tree:19m26.42s]
I0000 00:00:1770234352.258247   58218 random_forest.cc:956] Train tree 225/240 accuracy:0.756723 logloss:0.500843 [index:224 total:1h45m32.34s tree:19m19.28s]
I0000 00:00:1770234373.283531   58205 random_forest.cc:956] Train tree 226/240 accuracy:0.75676 logloss:0.500843 [index:225 total:1h45m53.37s tree:19m11.87s]
I0000 00:00:1770234395.322879   58190 random_forest.cc:956] Train tree 227/240 accuracy:0.756758 logloss:0.500829 [index:226 total:1h46m15.41s tree:19m4.60s]
I0000 00:00:1770234416.766392   58195 random_forest.cc:956] Train tree 228/240 accuracy:0.756802 logloss:0.500795 [index:227 total:1h46m36.85s tree:18m57.47s]
I0000 00:00:1770234438.119911   58213 random_forest.cc:956] Train tree 229/240 accuracy:0.756813 logloss:0.500758 [index:228 total:1h46m58.20s tree:18m50.04s]
I0000 00:00:1770234459.894004   58219 random_forest.cc:956] Train tree 230/240 accuracy:0.756803 logloss:0.500726 [index:229 total:1h47m19.98s tree:18m43.06s]
I0000 00:00:1770234481.120476   58181 random_forest.cc:956] Train tree 231/240 accuracy:0.756844 logloss:0.500703 [index:230 total:1h47m41.20s tree:18m35.97s]
I0000 00:00:1770234502.814872   58191 random_forest.cc:956] Train tree 232/240 accuracy:0.756892 logloss:0.500663 [index:231 total:1h48m2.90s tree:18m29.23s]
I0000 00:00:1770234524.110986   58204 random_forest.cc:956] Train tree 233/240 accuracy:0.756904 logloss:0.500639 [index:232 total:1h48m24.19s tree:18m23.16s]
I0000 00:00:1770234545.327765   58183 random_forest.cc:956] Train tree 234/240 accuracy:0.756936 logloss:0.500603 [index:233 total:1h48m45.41s tree:18m16.06s]
I0000 00:00:1770234567.190143   58223 random_forest.cc:956] Train tree 235/240 accuracy:0.75695 logloss:0.500572 [index:234 total:1h49m7.27s tree:18m8.97s]
I0000 00:00:1770234588.916190   58209 random_forest.cc:956] Train tree 236/240 accuracy:0.756994 logloss:0.500552 [index:235 total:1h49m29.00s tree:18m1.80s]
I0000 00:00:1770234610.496946   58189 random_forest.cc:956] Train tree 237/240 accuracy:0.757011 logloss:0.50053 [index:236 total:1h49m50.58s tree:17m54.75s]
I0000 00:00:1770234632.182368   58186 random_forest.cc:956] Train tree 238/240 accuracy:0.75705 logloss:0.500515 [index:237 total:1h50m12.27s tree:17m48.24s]
I0000 00:00:1770234653.953125   58216 random_forest.cc:956] Train tree 239/240 accuracy:0.757051 logloss:0.500499 [index:238 total:1h50m34.04s tree:17m40.88s]
I0000 00:00:1770234675.192544   58178 random_forest.cc:956] Train tree 240/240 accuracy:0.757094 logloss:0.500482 [index:239 total:1h50m55.28s tree:17m33.54s]
I0000 00:00:1770234675.194675   57851 random_forest.cc:990] random_forest.cc Training block took: 6655.64 s
I0000 00:00:1770234675.194728   57851 random_forest.cc:1062] After Random Forest Training block. RETURNING EARLY TO SPEED UP XPS!!
-1 (automatic) threads requested. 48 threads set.
Configuring oblique splits
Using exact splitting
./bazel-bin/examples/train_oblique_forest --input_mode csv --train_csv "benchmarks/data/SUSY_with_header.csv" --label_col "class" --feature_split_type "Oblique" --numerical_split_type "Exact" --num_trees=240 --num_threads=-1 --compute_oob_performances=true 


Inferring DataSpec from CSV: benchmarks/data/SUSY_with_header.csv


WARNING: All log messages before absl::InitializeLog() is called are written to STDERR
I0000 00:00:1770234682.659013   84382 csv_example_reader.cc:212] 0 row(s) processed
I0000 00:00:1770234682.664275   84382 csv_example_reader.cc:216] Stop scanning the csv file to infer the type. Some records were not considered.
I0000 00:00:1770234682.664290   84382 data_spec_inference.cc:457] 19 column(s) found
I0000 00:00:1770234682.664301   84382 csv_example_reader.cc:303] 0 row(s) processed
I0000 00:00:1770234694.484644   84382 data_spec_inference.cc:494] Finalizing [5000000 row(s) found]
I0000 00:00:1770234694.484743   84382 abstract_learner.cc:155] No input feature explicitly specified. Using all the available input features.
I0000 00:00:1770234694.484745   84382 abstract_learner.cc:172] The label "class" was removed from the input feature set.
I0000 00:00:1770234694.485142   84382 vertical_dataset_io.cc:82] 100 examples scanned.
I0000 00:00:1770234707.318759   84382 vertical_dataset_io.cc:88] 5000000 examples read. Memory: usage:380MB allocated:380MB. 0 (0%) examples have been skipped.
I0000 00:00:1770234707.318837   84382 abstract_learner.cc:155] No input feature explicitly specified. Using all the available input features.
I0000 00:00:1770234707.318842   84382 abstract_learner.cc:172] The label "class" was removed from the input feature set.
I0000 00:00:1770234707.318860   84382 random_forest.cc:465] Training random forest on 5000000 example(s) and 18 feature(s).
I0000 00:00:1770234707.318870   84382 gpu.cc:93] Cannot initialize GPU: Not compiled with GPU support
I0000 00:00:1770234707.484388   84382 random_forest.cc:659] num_threads being used: 48
I0000 00:00:1770234759.229437   84490 random_forest.cc:956] Train tree 1/240 accuracy:0.73149 logloss:8.72075 [index:18 total:51.75s tree:51.74s]
I0000 00:00:1770234773.608915   84507 random_forest.cc:956] Train tree 3/240 accuracy:0.728537 logloss:6.97807 [index:36 total:1m6.12s tree:1m6.12s]
I0000 00:00:1770234791.704322   84517 random_forest.cc:956] Train tree 5/240 accuracy:0.738465 logloss:5.5656 [index:44 total:1m24.22s tree:1m24.22s]
I0000 00:00:1770234810.832078   84515 random_forest.cc:956] Train tree 7/240 accuracy:0.747686 logloss:4.34984 [index:45 total:1m43.35s tree:1m43.34s]
I0000 00:00:1770234829.469954   84492 random_forest.cc:956] Train tree 9/240 accuracy:0.755565 logloss:3.41235 [index:23 total:2m1.99s tree:2m1.98s]
I0000 00:00:1770234848.002225   84483 random_forest.cc:956] Train tree 11/240 accuracy:0.762241 logloss:2.73407 [index:8 total:2m20.52s tree:2m20.52s]
I0000 00:00:1770234867.021835   84501 random_forest.cc:956] Train tree 13/240 accuracy:0.767385 logloss:2.24083 [index:31 total:2m39.54s tree:2m39.53s]
I0000 00:00:1770234885.106472   84503 random_forest.cc:956] Train tree 15/240 accuracy:0.771831 logloss:1.86523 [index:29 total:2m57.62s tree:2m57.62s]
I0000 00:00:1770234903.674042   84518 random_forest.cc:956] Train tree 17/240 accuracy:0.775195 logloss:1.60316 [index:43 total:3m16.19s tree:3m16.19s]
I0000 00:00:1770234922.559196   84508 random_forest.cc:956] Train tree 19/240 accuracy:0.778018 logloss:1.40772 [index:35 total:3m35.07s tree:3m35.07s]
I0000 00:00:1770234941.410081   84489 random_forest.cc:956] Train tree 21/240 accuracy:0.780279 logloss:1.25687 [index:19 total:3m53.93s tree:3m53.92s]
I0000 00:00:1770234960.254986   84519 random_forest.cc:956] Train tree 23/240 accuracy:0.78227 logloss:1.13881 [index:17 total:4m12.77s tree:4m12.77s]
I0000 00:00:1770234979.039924   84504 random_forest.cc:956] Train tree 25/240 accuracy:0.783912 logloss:1.04277 [index:32 total:4m31.56s tree:4m31.55s]
I0000 00:00:1770234997.857928   84491 random_forest.cc:956] Train tree 27/240 accuracy:0.785311 logloss:0.966656 [index:22 total:4m50.37s tree:4m50.37s]
I0000 00:00:1770235016.579703   84481 random_forest.cc:956] Train tree 29/240 accuracy:0.786511 logloss:0.900304 [index:6 total:5m9.10s tree:5m9.09s]
I0000 00:00:1770235035.393691   84527 random_forest.cc:956] Train tree 31/240 accuracy:0.787445 logloss:0.847213 [index:0 total:5m27.91s tree:5m27.91s]
I0000 00:00:1770235053.640471   84520 random_forest.cc:956] Train tree 33/240 accuracy:0.788396 logloss:0.801567 [index:16 total:5m46.16s tree:5m46.15s]
I0000 00:00:1770235072.567040   84516 random_forest.cc:956] Train tree 35/240 accuracy:0.789283 logloss:0.763322 [index:46 total:6m5.08s tree:6m5.08s]
I0000 00:00:1770235091.011123   84522 random_forest.cc:956] Train tree 37/240 accuracy:0.789916 logloss:0.730867 [index:1 total:6m23.53s tree:6m23.53s]
I0000 00:00:1770235109.749164   84509 random_forest.cc:956] Train tree 39/240 accuracy:0.790584 logloss:0.701196 [index:38 total:6m42.26s tree:6m42.26s]
I0000 00:00:1770235128.804847   84506 random_forest.cc:956] Train tree 41/240 accuracy:0.791223 logloss:0.677433 [index:33 total:7m1.32s tree:7m1.32s]
I0000 00:00:1770235147.877967   84488 random_forest.cc:956] Train tree 43/240 accuracy:0.791743 logloss:0.656225 [index:13 total:7m20.39s tree:7m20.39s]
I0000 00:00:1770235166.237872   84513 random_forest.cc:956] Train tree 45/240 accuracy:0.792252 logloss:0.636812 [index:42 total:7m38.75s tree:7m38.75s]
I0000 00:00:1770235185.271954   84485 random_forest.cc:956] Train tree 47/240 accuracy:0.792593 logloss:0.619907 [index:10 total:7m57.79s tree:7m57.79s]
I0000 00:00:1770235204.128051   84490 random_forest.cc:956] Train tree 49/240 accuracy:0.793127 logloss:0.605959 [index:48 total:8m16.64s tree:7m24.90s]
I0000 00:00:1770235222.737194   84507 random_forest.cc:956] Train tree 51/240 accuracy:0.793492 logloss:0.593356 [index:50 total:8m35.25s tree:7m29.13s]
I0000 00:00:1770235241.512259   84517 random_forest.cc:956] Train tree 53/240 accuracy:0.793829 logloss:0.581463 [index:52 total:8m54.03s tree:7m29.81s]
I0000 00:00:1770235260.562600   84515 random_forest.cc:956] Train tree 55/240 accuracy:0.794182 logloss:0.571548 [index:54 total:9m13.08s tree:7m29.73s]
I0000 00:00:1770235279.163598   84492 random_forest.cc:956] Train tree 57/240 accuracy:0.794498 logloss:0.562231 [index:56 total:9m31.68s tree:7m29.69s]
I0000 00:00:1770235297.914635   84483 random_forest.cc:956] Train tree 59/240 accuracy:0.794797 logloss:0.553508 [index:58 total:9m50.43s tree:7m29.91s]
I0000 00:00:1770235316.652486   84501 random_forest.cc:956] Train tree 61/240 accuracy:0.795086 logloss:0.545104 [index:60 total:10m9.17s tree:7m29.63s]
I0000 00:00:1770235335.192169   84503 random_forest.cc:956] Train tree 63/240 accuracy:0.795346 logloss:0.537971 [index:62 total:10m27.71s tree:7m30.08s]
I0000 00:00:1770235353.724535   84518 random_forest.cc:956] Train tree 65/240 accuracy:0.795632 logloss:0.530206 [index:64 total:10m46.24s tree:7m30.05s]
I0000 00:00:1770235372.440554   84508 random_forest.cc:956] Train tree 67/240 accuracy:0.795814 logloss:0.524397 [index:66 total:11m4.96s tree:7m29.88s]
I0000 00:00:1770235391.565778   84489 random_forest.cc:956] Train tree 69/240 accuracy:0.79596 logloss:0.519109 [index:68 total:11m24.08s tree:7m30.15s]
I0000 00:00:1770235409.851009   84519 random_forest.cc:956] Train tree 71/240 accuracy:0.796188 logloss:0.51439 [index:70 total:11m42.37s tree:7m29.59s]
I0000 00:00:1770235428.123166   84504 random_forest.cc:956] Train tree 73/240 accuracy:0.796363 logloss:0.509723 [index:72 total:12m0.64s tree:7m29.08s]
I0000 00:00:1770235446.665767   84491 random_forest.cc:956] Train tree 75/240 accuracy:0.796549 logloss:0.504816 [index:74 total:12m19.18s tree:7m28.81s]
I0000 00:00:1770235463.265849   84481 random_forest.cc:956] Train tree 77/240 accuracy:0.796704 logloss:0.495035 [index:76 total:12m35.78s tree:7m26.68s]
I0000 00:00:1770235481.531276   84527 random_forest.cc:956] Train tree 79/240 accuracy:0.796889 logloss:0.492161 [index:78 total:12m54.05s tree:7m26.14s]
I0000 00:00:1770235499.547966   84520 random_forest.cc:956] Train tree 81/240 accuracy:0.797062 logloss:0.489186 [index:80 total:13m12.06s tree:7m25.91s]
I0000 00:00:1770235518.141839   84516 random_forest.cc:956] Train tree 83/240 accuracy:0.797146 logloss:0.486184 [index:82 total:13m30.66s tree:7m25.57s]
I0000 00:00:1770235536.570691   84522 random_forest.cc:956] Train tree 85/240 accuracy:0.797332 logloss:0.483402 [index:84 total:13m49.09s tree:7m25.56s]
I0000 00:00:1770235555.419289   84509 random_forest.cc:956] Train tree 87/240 accuracy:0.797491 logloss:0.480916 [index:86 total:14m7.93s tree:7m25.67s]
I0000 00:00:1770235574.377918   84506 random_forest.cc:956] Train tree 89/240 accuracy:0.797661 logloss:0.478652 [index:88 total:14m26.89s tree:7m25.57s]
I0000 00:00:1770235593.211337   84488 random_forest.cc:956] Train tree 91/240 accuracy:0.797749 logloss:0.476658 [index:90 total:14m45.73s tree:7m25.33s]
I0000 00:00:1770235611.743250   84513 random_forest.cc:956] Train tree 93/240 accuracy:0.797788 logloss:0.474815 [index:92 total:15m4.26s tree:7m25.50s]
I0000 00:00:1770235630.338265   84485 random_forest.cc:956] Train tree 95/240 accuracy:0.797912 logloss:0.473119 [index:94 total:15m22.85s tree:7m25.07s]
I0000 00:00:1770235648.532339   84490 random_forest.cc:956] Train tree 97/240 accuracy:0.797977 logloss:0.471109 [index:96 total:15m41.05s tree:7m24.40s]
I0000 00:00:1770235667.038675   84507 random_forest.cc:956] Train tree 99/240 accuracy:0.798078 logloss:0.469679 [index:98 total:15m59.55s tree:7m24.30s]
I0000 00:00:1770235685.890726   84517 random_forest.cc:956] Train tree 101/240 accuracy:0.798162 logloss:0.468118 [index:100 total:16m18.41s tree:7m24.38s]
I0000 00:00:1770235704.870142   84515 random_forest.cc:956] Train tree 103/240 accuracy:0.798273 logloss:0.466816 [index:102 total:16m37.39s tree:7m24.31s]
I0000 00:00:1770235723.727772   84492 random_forest.cc:956] Train tree 105/240 accuracy:0.798329 logloss:0.465544 [index:104 total:16m56.24s tree:7m24.56s]
I0000 00:00:1770235742.487088   84483 random_forest.cc:956] Train tree 107/240 accuracy:0.79843 logloss:0.464188 [index:106 total:17m15.00s tree:7m24.57s]
I0000 00:00:1770235761.205968   84501 random_forest.cc:956] Train tree 109/240 accuracy:0.798503 logloss:0.463067 [index:108 total:17m33.72s tree:7m24.55s]
I0000 00:00:1770235779.629694   84503 random_forest.cc:956] Train tree 111/240 accuracy:0.798593 logloss:0.462045 [index:110 total:17m52.15s tree:7m24.44s]
I0000 00:00:1770235798.261172   84518 random_forest.cc:956] Train tree 113/240 accuracy:0.798685 logloss:0.460908 [index:112 total:18m10.78s tree:7m24.54s]
I0000 00:00:1770235817.129632   84508 random_forest.cc:956] Train tree 115/240 accuracy:0.798778 logloss:0.459978 [index:114 total:18m29.65s tree:7m24.69s]
I0000 00:00:1770235835.725833   84489 random_forest.cc:956] Train tree 117/240 accuracy:0.798866 logloss:0.458974 [index:116 total:18m48.24s tree:7m24.16s]
I0000 00:00:1770235854.207648   84519 random_forest.cc:956] Train tree 119/240 accuracy:0.798883 logloss:0.458152 [index:118 total:19m6.72s tree:7m24.36s]
I0000 00:00:1770235873.128858   84504 random_forest.cc:956] Train tree 122/240 accuracy:0.798941 logloss:0.450468 [index:120 total:19m25.64s tree:7m25.01s]
I0000 00:00:1770235892.774134   84491 random_forest.cc:956] Train tree 124/240 accuracy:0.799025 logloss:0.449929 [index:122 total:19m45.29s tree:7m26.11s]
I0000 00:00:1770235912.050135   84499 random_forest.cc:956] Train tree 126/240 accuracy:0.79911 logloss:0.449483 [index:125 total:20m4.57s tree:7m19.65s]
I0000 00:00:1770235930.180843   84510 random_forest.cc:956] Train tree 128/240 accuracy:0.799157 logloss:0.448972 [index:127 total:20m22.70s tree:7m19.73s]
I0000 00:00:1770235948.849467   84505 random_forest.cc:956] Train tree 130/240 accuracy:0.799231 logloss:0.448533 [index:129 total:20m41.37s tree:7m20.36s]
I0000 00:00:1770235967.602225   84482 random_forest.cc:956] Train tree 132/240 accuracy:0.799279 logloss:0.448023 [index:131 total:21m0.12s tree:7m20.30s]
I0000 00:00:1770235985.886993   84493 random_forest.cc:956] Train tree 134/240 accuracy:0.799325 logloss:0.447597 [index:133 total:21m18.40s tree:7m20.07s]
I0000 00:00:1770236004.733570   84521 random_forest.cc:956] Train tree 136/240 accuracy:0.799348 logloss:0.447182 [index:135 total:21m37.25s tree:7m20.05s]
I0000 00:00:1770236023.786891   84495 random_forest.cc:956] Train tree 138/240 accuracy:0.799413 logloss:0.446753 [index:137 total:21m56.30s tree:7m20.04s]
I0000 00:00:1770236042.417294   84526 random_forest.cc:956] Train tree 140/240 accuracy:0.79943 logloss:0.446438 [index:139 total:22m14.93s tree:7m20.03s]
I0000 00:00:1770236060.410612   84514 random_forest.cc:956] Train tree 142/240 accuracy:0.799514 logloss:0.446051 [index:141 total:22m32.93s tree:7m19.37s]
I0000 00:00:1770236079.286425   84497 random_forest.cc:956] Train tree 144/240 accuracy:0.799534 logloss:0.445674 [index:143 total:22m51.80s tree:7m19.97s]
I0000 00:00:1770236097.928534   84525 random_forest.cc:956] Train tree 146/240 accuracy:0.799588 logloss:0.445276 [index:145 total:23m10.44s tree:7m20.28s]
I0000 00:00:1770236116.469433   84523 random_forest.cc:956] Train tree 148/240 accuracy:0.799607 logloss:0.444953 [index:147 total:23m28.99s tree:7m20.08s]
I0000 00:00:1770236135.355373   84494 random_forest.cc:956] Train tree 150/240 accuracy:0.799671 logloss:0.444553 [index:149 total:23m47.87s tree:7m20.04s]
I0000 00:00:1770236154.242841   84524 random_forest.cc:956] Train tree 152/240 accuracy:0.799721 logloss:0.444241 [index:151 total:24m6.76s tree:7m19.99s]
I0000 00:00:1770236171.816391   84486 random_forest.cc:956] Train tree 154/240 accuracy:0.799747 logloss:0.443872 [index:153 total:24m24.33s tree:7m18.81s]
I0000 00:00:1770236190.361207   84498 random_forest.cc:956] Train tree 156/240 accuracy:0.799795 logloss:0.443572 [index:155 total:24m42.88s tree:7m18.49s]
I0000 00:00:1770236209.096403   84496 random_forest.cc:956] Train tree 158/240 accuracy:0.799871 logloss:0.443243 [index:157 total:25m1.61s tree:7m18.72s]
I0000 00:00:1770236227.831191   84512 random_forest.cc:956] Train tree 160/240 accuracy:0.799857 logloss:0.443005 [index:159 total:25m20.35s tree:7m19.02s]
I0000 00:00:1770236246.112188   84487 random_forest.cc:956] Train tree 162/240 accuracy:0.799883 logloss:0.44269 [index:161 total:25m38.63s tree:7m18.51s]
I0000 00:00:1770236264.602516   84500 random_forest.cc:956] Train tree 164/240 accuracy:0.799939 logloss:0.442446 [index:163 total:25m57.12s tree:7m18.23s]
I0000 00:00:1770236283.521130   84480 random_forest.cc:956] Train tree 166/240 accuracy:0.800036 logloss:0.442235 [index:165 total:26m16.04s tree:7m18.70s]
I0000 00:00:1770236301.973595   84502 random_forest.cc:956] Train tree 168/240 accuracy:0.800063 logloss:0.441969 [index:167 total:26m34.49s tree:7m18.61s]
I0000 00:00:1770236320.585448   84504 random_forest.cc:956] Train tree 170/240 accuracy:0.800072 logloss:0.441681 [index:169 total:26m53.10s tree:7m27.46s]
I0000 00:00:1770236339.412211   84491 random_forest.cc:956] Train tree 172/240 accuracy:0.800126 logloss:0.441456 [index:171 total:27m11.93s tree:7m26.64s]
I0000 00:00:1770236358.216302   84499 random_forest.cc:956] Train tree 174/240 accuracy:0.800188 logloss:0.44118 [index:173 total:27m30.73s tree:7m26.17s]
I0000 00:00:1770236376.578268   84510 random_forest.cc:956] Train tree 176/240 accuracy:0.8002 logloss:0.440973 [index:175 total:27m49.09s tree:7m26.40s]
I0000 00:00:1770236394.926198   84505 random_forest.cc:956] Train tree 178/240 accuracy:0.800211 logloss:0.440731 [index:177 total:28m7.44s tree:7m26.08s]
I0000 00:00:1770236413.592927   84482 random_forest.cc:956] Train tree 180/240 accuracy:0.800239 logloss:0.440577 [index:179 total:28m26.11s tree:7m25.99s]
I0000 00:00:1770236431.909356   84493 random_forest.cc:956] Train tree 182/240 accuracy:0.800272 logloss:0.440404 [index:181 total:28m44.42s tree:7m26.02s]
I0000 00:00:1770236450.782562   84521 random_forest.cc:956] Train tree 184/240 accuracy:0.80029 logloss:0.440234 [index:183 total:29m3.30s tree:7m26.05s]
I0000 00:00:1770236470.085112   84495 random_forest.cc:956] Train tree 186/240 accuracy:0.800342 logloss:0.440095 [index:185 total:29m22.60s tree:7m26.30s]
I0000 00:00:1770236488.737176   84526 random_forest.cc:956] Train tree 188/240 accuracy:0.800405 logloss:0.439894 [index:187 total:29m41.25s tree:7m26.32s]
I0000 00:00:1770236507.345125   84514 random_forest.cc:956] Train tree 190/240 accuracy:0.800414 logloss:0.43972 [index:189 total:29m59.86s tree:7m26.93s]
I0000 00:00:1770236526.078261   84497 random_forest.cc:956] Train tree 192/240 accuracy:0.800408 logloss:0.43954 [index:191 total:30m18.59s tree:7m26.79s]
I0000 00:00:1770236544.273247   84525 random_forest.cc:956] Train tree 194/240 accuracy:0.800465 logloss:0.439399 [index:193 total:30m36.79s tree:7m26.34s]
I0000 00:00:1770236560.650479   84523 random_forest.cc:956] Train tree 196/240 accuracy:0.800476 logloss:0.439201 [index:195 total:30m53.17s tree:7m24.18s]
I0000 00:00:1770236575.239013   84494 random_forest.cc:956] Train tree 198/240 accuracy:0.800529 logloss:0.439059 [index:197 total:31m7.75s tree:7m19.88s]
I0000 00:00:1770236589.428153   84524 random_forest.cc:956] Train tree 200/240 accuracy:0.800568 logloss:0.43894 [index:199 total:31m21.94s tree:7m15.19s]
I0000 00:00:1770236603.274509   84486 random_forest.cc:956] Train tree 202/240 accuracy:0.800557 logloss:0.438831 [index:201 total:31m35.79s tree:7m11.46s]
I0000 00:00:1770236617.195200   84498 random_forest.cc:956] Train tree 204/240 accuracy:0.800621 logloss:0.438614 [index:203 total:31m49.71s tree:7m6.83s]
I0000 00:00:1770236630.940390   84496 random_forest.cc:956] Train tree 206/240 accuracy:0.800638 logloss:0.438432 [index:205 total:32m3.46s tree:7m1.84s]
I0000 00:00:1770236644.861653   84512 random_forest.cc:956] Train tree 208/240 accuracy:0.800662 logloss:0.4383 [index:207 total:32m17.38s tree:6m57.03s]
I0000 00:00:1770236658.603392   84487 random_forest.cc:956] Train tree 210/240 accuracy:0.800661 logloss:0.438156 [index:209 total:32m31.12s tree:6m52.49s]
I0000 00:00:1770236672.694297   84500 random_forest.cc:956] Train tree 212/240 accuracy:0.800684 logloss:0.438053 [index:211 total:32m45.21s tree:6m48.09s]
I0000 00:00:1770236686.602130   84480 random_forest.cc:956] Train tree 214/240 accuracy:0.800722 logloss:0.437933 [index:213 total:32m59.12s tree:6m43.08s]
I0000 00:00:1770236700.411249   84502 random_forest.cc:956] Train tree 216/240 accuracy:0.800742 logloss:0.43785 [index:215 total:33m12.93s tree:6m38.44s]
I0000 00:00:1770236714.414478   84504 random_forest.cc:956] Train tree 218/240 accuracy:0.800727 logloss:0.437715 [index:217 total:33m26.93s tree:6m33.83s]
I0000 00:00:1770236728.431105   84491 random_forest.cc:956] Train tree 220/240 accuracy:0.800757 logloss:0.437624 [index:219 total:33m40.95s tree:6m29.02s]
I0000 00:00:1770236742.637289   84499 random_forest.cc:956] Train tree 222/240 accuracy:0.80079 logloss:0.437471 [index:221 total:33m55.15s tree:6m24.42s]
I0000 00:00:1770236756.242374   84510 random_forest.cc:956] Train tree 224/240 accuracy:0.800838 logloss:0.437342 [index:223 total:34m8.76s tree:6m19.66s]
I0000 00:00:1770236770.106383   84505 random_forest.cc:956] Train tree 226/240 accuracy:0.800859 logloss:0.437239 [index:225 total:34m22.62s tree:6m15.18s]
I0000 00:00:1770236784.154451   84482 random_forest.cc:956] Train tree 228/240 accuracy:0.800866 logloss:0.437146 [index:227 total:34m36.67s tree:6m10.56s]
I0000 00:00:1770236797.892339   84493 random_forest.cc:956] Train tree 230/240 accuracy:0.800868 logloss:0.437078 [index:229 total:34m50.41s tree:6m5.98s]
I0000 00:00:1770236811.664430   84521 random_forest.cc:956] Train tree 232/240 accuracy:0.800931 logloss:0.436969 [index:231 total:35m4.18s tree:6m0.88s]
I0000 00:00:1770236826.171789   84495 random_forest.cc:956] Train tree 234/240 accuracy:0.80093 logloss:0.436852 [index:233 total:35m18.69s tree:5m56.09s]
I0000 00:00:1770236839.859581   84526 random_forest.cc:956] Train tree 236/240 accuracy:0.800926 logloss:0.4367 [index:235 total:35m32.38s tree:5m51.12s]
I0000 00:00:1770236853.779210   84514 random_forest.cc:956] Train tree 238/240 accuracy:0.800957 logloss:0.436605 [index:237 total:35m46.29s tree:5m46.43s]
I0000 00:00:1770236867.891356   84497 random_forest.cc:956] Train tree 240/240 accuracy:0.80098 logloss:0.436537 [index:239 total:36m0.41s tree:5m41.81s]
I0000 00:00:1770236867.891843   84382 random_forest.cc:990] random_forest.cc Training block took: 2160.57 s
I0000 00:00:1770236867.891896   84382 random_forest.cc:1062] After Random Forest Training block. RETURNING EARLY TO SPEED UP XPS!!
-1 (automatic) threads requested. 48 threads set.
Configuring oblique splits
Using exact splitting
./bazel-bin/examples/train_oblique_forest --input_mode csv --train_csv "benchmarks/data/epsilon_normalized_train.csv" --label_col "label" --feature_split_type "Oblique" --numerical_split_type "Exact" --num_trees=240 --num_threads=-1 --compute_oob_performances=true 


Inferring DataSpec from CSV: benchmarks/data/epsilon_normalized_train.csv


WARNING: All log messages before absl::InitializeLog() is called are written to STDERR
I0000 00:00:1770236870.891239   92964 csv_example_reader.cc:212] 0 row(s) processed
I0000 00:00:1770236871.412446   92964 csv_example_reader.cc:216] Stop scanning the csv file to infer the type. Some records were not considered.
I0000 00:00:1770236871.412643   92964 data_spec_inference.cc:457] 2001 column(s) found
I0000 00:00:1770236871.415314   92964 csv_example_reader.cc:303] 0 row(s) processed
I0000 00:00:1770236901.415603   92964 csv_example_reader.cc:303] 129087 row(s) processed
I0000 00:00:1770236931.415742   92964 csv_example_reader.cc:303] 258315 row(s) processed
I0000 00:00:1770236961.415967   92964 csv_example_reader.cc:303] 387594 row(s) processed
I0000 00:00:1770236964.295306   92964 data_spec_inference.cc:494] Finalizing [400000 row(s) found]
I0000 00:00:1770236964.295526   92964 abstract_learner.cc:155] No input feature explicitly specified. Using all the available input features.
I0000 00:00:1770236964.295530   92964 abstract_learner.cc:172] The label "label" was removed from the input feature set.
I0000 00:00:1770236964.324910   92964 vertical_dataset_io.cc:82] 100 examples scanned.
I0000 00:00:1770236994.333994   92964 vertical_dataset_io.cc:82] 104800 examples scanned.
I0000 00:00:1770237024.356913   92964 vertical_dataset_io.cc:82] 216900 examples scanned.
I0000 00:00:1770237054.358454   92964 vertical_dataset_io.cc:82] 327900 examples scanned.
I0000 00:00:1770237074.570870   92964 vertical_dataset_io.cc:88] 400000 examples read. Memory: usage:3201MB allocated:3201MB. 0 (0%) examples have been skipped.
I0000 00:00:1770237074.571230   92964 abstract_learner.cc:155] No input feature explicitly specified. Using all the available input features.
I0000 00:00:1770237074.571271   92964 abstract_learner.cc:172] The label "label" was removed from the input feature set.
I0000 00:00:1770237074.571464   92964 random_forest.cc:465] Training random forest on 400000 example(s) and 2000 feature(s).
I0000 00:00:1770237074.571525   92964 gpu.cc:93] Cannot initialize GPU: Not compiled with GPU support
I0000 00:00:1770237074.583991   92964 random_forest.cc:659] num_threads being used: 48
I0000 00:00:1770237096.007662   93761 random_forest.cc:956] Train tree 1/240 accuracy:0.563689 logloss:15.7262 [index:9 total:21.42s tree:21.42s]
I0000 00:00:1770237102.133942   93778 random_forest.cc:956] Train tree 11/240 accuracy:0.592753 logloss:3.36385 [index:27 total:27.55s tree:27.55s]
I0000 00:00:1770237108.785636   93795 random_forest.cc:956] Train tree 21/240 accuracy:0.621282 logloss:0.996901 [index:44 total:34.20s tree:34.20s]
I0000 00:00:1770237115.822944   93783 random_forest.cc:956] Train tree 31/240 accuracy:0.641478 logloss:0.679375 [index:26 total:41.24s tree:41.24s]
I0000 00:00:1770237122.930165   93788 random_forest.cc:956] Train tree 41/240 accuracy:0.657905 logloss:0.62804 [index:38 total:48.35s tree:48.34s]
I0000 00:00:1770237129.968275   93775 random_forest.cc:956] Train tree 51/240 accuracy:0.671215 logloss:0.61476 [index:50 total:55.38s tree:32.78s]
I0000 00:00:1770237137.052583   93779 random_forest.cc:956] Train tree 61/240 accuracy:0.681225 logloss:0.609205 [index:60 total:1m2.47s tree:33.63s]
I0000 00:00:1770237144.117410   93764 random_forest.cc:956] Train tree 71/240 accuracy:0.689045 logloss:0.606071 [index:70 total:1m9.53s tree:33.96s]
I0000 00:00:1770237151.142987   93774 random_forest.cc:956] Train tree 81/240 accuracy:0.697135 logloss:0.603619 [index:80 total:1m16.56s tree:33.90s]
I0000 00:00:1770237158.185493   93776 random_forest.cc:956] Train tree 91/240 accuracy:0.703005 logloss:0.601736 [index:90 total:1m23.60s tree:33.85s]
I0000 00:00:1770237165.331599   93793 random_forest.cc:956] Train tree 101/240 accuracy:0.708285 logloss:0.600277 [index:100 total:1m30.75s tree:33.93s]
I0000 00:00:1770237172.387738   93792 random_forest.cc:956] Train tree 111/240 accuracy:0.712822 logloss:0.599313 [index:110 total:1m37.80s tree:33.91s]
I0000 00:00:1770237179.499535   93798 random_forest.cc:956] Train tree 121/240 accuracy:0.71691 logloss:0.598581 [index:120 total:1m44.92s tree:33.99s]
I0000 00:00:1770237186.521890   93784 random_forest.cc:956] Train tree 131/240 accuracy:0.720937 logloss:0.597549 [index:130 total:1m51.94s tree:33.97s]
I0000 00:00:1770237193.598008   93781 random_forest.cc:956] Train tree 141/240 accuracy:0.724797 logloss:0.596838 [index:140 total:1m59.01s tree:33.98s]
I0000 00:00:1770237200.683661   93780 random_forest.cc:956] Train tree 151/240 accuracy:0.72737 logloss:0.596296 [index:150 total:2m6.10s tree:33.97s]
I0000 00:00:1770237207.798724   93803 random_forest.cc:956] Train tree 161/240 accuracy:0.730393 logloss:0.595873 [index:160 total:2m13.21s tree:33.99s]
I0000 00:00:1770237214.856597   93790 random_forest.cc:956] Train tree 171/240 accuracy:0.73304 logloss:0.595187 [index:170 total:2m20.27s tree:33.93s]
I0000 00:00:1770237221.900753   93773 random_forest.cc:956] Train tree 181/240 accuracy:0.735902 logloss:0.594578 [index:180 total:2m27.32s tree:33.95s]
I0000 00:00:1770237228.944576   93767 random_forest.cc:956] Train tree 191/240 accuracy:0.737487 logloss:0.594115 [index:190 total:2m34.36s tree:33.93s]
I0000 00:00:1770237235.856216   93789 random_forest.cc:956] Train tree 201/240 accuracy:0.739745 logloss:0.593842 [index:200 total:2m41.27s tree:33.76s]
I0000 00:00:1770237242.429499   93763 random_forest.cc:956] Train tree 211/240 accuracy:0.741678 logloss:0.593612 [index:210 total:2m47.85s tree:33.22s]
I0000 00:00:1770237248.526796   93782 random_forest.cc:956] Train tree 221/240 accuracy:0.743002 logloss:0.593374 [index:220 total:2m53.94s tree:32.27s]
I0000 00:00:1770237254.398115   93766 random_forest.cc:956] Train tree 231/240 accuracy:0.744655 logloss:0.593166 [index:230 total:2m59.81s tree:31.07s]
I0000 00:00:1770237259.648316   93801 random_forest.cc:956] Train tree 240/240 accuracy:0.746137 logloss:0.592981 [index:239 total:3m5.06s tree:29.99s]
I0000 00:00:1770237259.648564   92964 random_forest.cc:990] random_forest.cc Training block took: 185.078 s
I0000 00:00:1770237259.648615   92964 random_forest.cc:1062] After Random Forest Training block. RETURNING EARLY TO SPEED UP XPS!!
-1 (automatic) threads requested. 48 threads set.
Configuring oblique splits
Using exact splitting
./bazel-bin/examples/train_oblique_forest --input_mode csv --train_csv "benchmarks/data/cc18_binary_csv/task_14965_bank-marketing/repeat0_fold0_sample0_train.csv" --label_col "Class" --feature_split_type "Oblique" --numerical_split_type "Exact" --num_trees=240 --num_threads=-1 --compute_oob_performances=true 


Inferring DataSpec from CSV: benchmarks/data/cc18_binary_csv/task_14965_bank-marketing/repeat0_fold0_sample0_train.csv


WARNING: All log messages before absl::InitializeLog() is called are written to STDERR
I0000 00:00:1770237260.052636   94510 csv_example_reader.cc:212] 0 row(s) processed
I0000 00:00:1770237260.055022   94510 csv_example_reader.cc:216] Stop scanning the csv file to infer the type. Some records were not considered.
I0000 00:00:1770237260.055036   94510 data_spec_inference.cc:457] 17 column(s) found
I0000 00:00:1770237260.055046   94510 csv_example_reader.cc:303] 0 row(s) processed
I0000 00:00:1770237260.095854   94510 data_spec_inference.cc:494] Finalizing [40689 row(s) found]
I0000 00:00:1770237260.095932   94510 abstract_learner.cc:155] No input feature explicitly specified. Using all the available input features.
I0000 00:00:1770237260.095935   94510 abstract_learner.cc:172] The label "Class" was removed from the input feature set.
I0000 00:00:1770237260.096234   94510 vertical_dataset_io.cc:82] 100 examples scanned.
I0000 00:00:1770237260.135299   94510 vertical_dataset_io.cc:88] 40689 examples read. Memory: usage:2MB allocated:2MB. 0 (0%) examples have been skipped.
I0000 00:00:1770237260.135336   94510 abstract_learner.cc:155] No input feature explicitly specified. Using all the available input features.
I0000 00:00:1770237260.135339   94510 abstract_learner.cc:172] The label "Class" was removed from the input feature set.
I0000 00:00:1770237260.135357   94510 random_forest.cc:465] Training random forest on 40689 example(s) and 16 feature(s).
I0000 00:00:1770237260.135364   94510 gpu.cc:93] Cannot initialize GPU: Not compiled with GPU support
I0000 00:00:1770237260.136734   94510 random_forest.cc:659] num_threads being used: 48
I0000 00:00:1770237260.218033   94555 random_forest.cc:956] Train tree 1/240 accuracy:0.872441 logloss:4.593 [index:13 total:0.08s tree:0.08s]
I0000 00:00:1770237260.283712   94520 random_forest.cc:956] Train tree 11/240 accuracy:0.894767 logloss:1.36055 [index:18 total:0.15s tree:0.15s]
I0000 00:00:1770237260.347149   94545 random_forest.cc:956] Train tree 21/240 accuracy:0.900676 logloss:0.666853 [index:42 total:0.21s tree:0.21s]
I0000 00:00:1770237260.412848   94534 random_forest.cc:956] Train tree 31/240 accuracy:0.902406 logloss:0.451342 [index:28 total:0.28s tree:0.27s]
I0000 00:00:1770237260.478701   94558 random_forest.cc:956] Train tree 41/240 accuracy:0.90393 logloss:0.37999 [index:47 total:0.34s tree:0.34s]
I0000 00:00:1770237260.545626   94513 random_forest.cc:956] Train tree 51/240 accuracy:0.903856 logloss:0.335523 [index:50 total:0.41s tree:0.31s]
I0000 00:00:1770237260.610478   94551 random_forest.cc:956] Train tree 61/240 accuracy:0.904225 logloss:0.309478 [index:60 total:0.47s tree:0.31s]
I0000 00:00:1770237260.673688   94554 random_forest.cc:956] Train tree 71/240 accuracy:0.904864 logloss:0.28701 [index:70 total:0.54s tree:0.31s]
I0000 00:00:1770237260.737851   94525 random_forest.cc:956] Train tree 81/240 accuracy:0.904692 logloss:0.277988 [index:81 total:0.60s tree:0.31s]
I0000 00:00:1770237260.802224   94556 random_forest.cc:956] Train tree 91/240 accuracy:0.904987 logloss:0.268194 [index:90 total:0.67s tree:0.31s]
I0000 00:00:1770237260.866747   94550 random_forest.cc:956] Train tree 101/240 accuracy:0.905404 logloss:0.260857 [index:101 total:0.73s tree:0.30s]
I0000 00:00:1770237260.906260   94539 random_forest.cc:956] Train tree 144/240 accuracy:0.90479 logloss:0.25676 [index:143 total:0.77s tree:0.07s]
I0000 00:00:1770237260.970745   94520 random_forest.cc:956] Train tree 154/240 accuracy:0.905306 logloss:0.252508 [index:153 total:0.83s tree:0.07s]
I0000 00:00:1770237261.263727   94559 random_forest.cc:956] Train tree 200/240 accuracy:0.905945 logloss:0.238211 [index:199 total:1.13s tree:0.07s]
I0000 00:00:1770237261.565160   94517 random_forest.cc:956] Train tree 210/240 accuracy:0.906633 logloss:0.228403 [index:209 total:1.43s tree:0.31s]
I0000 00:00:1770237261.629639   94532 random_forest.cc:956] Train tree 220/240 accuracy:0.906363 logloss:0.224551 [index:219 total:1.49s tree:0.31s]
I0000 00:00:1770237261.693514   94547 random_forest.cc:956] Train tree 230/240 accuracy:0.906535 logloss:0.221918 [index:229 total:1.56s tree:0.31s]
I0000 00:00:1770237261.758390   94533 random_forest.cc:956] Train tree 240/240 accuracy:0.90624 logloss:0.220973 [index:238 total:1.62s tree:0.32s]
I0000 00:00:1770237261.758786   94510 random_forest.cc:990] random_forest.cc Training block took: 1.62348 s
I0000 00:00:1770237261.758824   94510 random_forest.cc:1062] After Random Forest Training block. RETURNING EARLY TO SPEED UP XPS!!
-1 (automatic) threads requested. 48 threads set.
Configuring oblique splits
Using exact splitting
./bazel-bin/examples/train_oblique_forest --input_mode csv --train_csv "benchmarks/data/cc18_binary_csv/task_14952_PhishingWebsites/repeat0_fold0_sample0_train.csv" --label_col "Result" --feature_split_type "Oblique" --numerical_split_type "Exact" --num_trees=240 --num_threads=-1 --compute_oob_performances=true 


Inferring DataSpec from CSV: benchmarks/data/cc18_binary_csv/task_14952_PhishingWebsites/repeat0_fold0_sample0_train.csv


WARNING: All log messages before absl::InitializeLog() is called are written to STDERR
I0000 00:00:1770237261.793441   94562 csv_example_reader.cc:212] 0 row(s) processed
I0000 00:00:1770237261.797267   94562 csv_example_reader.cc:216] Stop scanning the csv file to infer the type. Some records were not considered.
I0000 00:00:1770237261.797281   94562 data_spec_inference.cc:457] 31 column(s) found
I0000 00:00:1770237261.797292   94562 csv_example_reader.cc:303] 0 row(s) processed
I0000 00:00:1770237261.810171   94562 data_spec_inference.cc:494] Finalizing [9949 row(s) found]
I0000 00:00:1770237261.810233   94562 abstract_learner.cc:155] No input feature explicitly specified. Using all the available input features.
I0000 00:00:1770237261.810237   94562 abstract_learner.cc:172] The label "Result" was removed from the input feature set.
I0000 00:00:1770237261.810553   94562 vertical_dataset_io.cc:82] 100 examples scanned.
I0000 00:00:1770237261.825256   94562 vertical_dataset_io.cc:88] 9949 examples read. Memory: usage:1MB allocated:1MB. 0 (0%) examples have been skipped.
I0000 00:00:1770237261.825290   94562 abstract_learner.cc:155] No input feature explicitly specified. Using all the available input features.
I0000 00:00:1770237261.825293   94562 abstract_learner.cc:172] The label "Result" was removed from the input feature set.
I0000 00:00:1770237261.825306   94562 random_forest.cc:465] Training random forest on 9949 example(s) and 30 feature(s).
I0000 00:00:1770237261.825313   94562 gpu.cc:93] Cannot initialize GPU: Not compiled with GPU support
I0000 00:00:1770237261.825732   94562 random_forest.cc:659] num_threads being used: 48
I0000 00:00:1770237261.838233   94611 random_forest.cc:956] Train tree 1/240 accuracy:0.944004 logloss:1.16592 [index:0 total:0.01s tree:0.01s]
I0000 00:00:1770237261.842186   94592 random_forest.cc:956] Train tree 45/240 accuracy:0.949601 logloss:0.71088 [index:33 total:0.02s tree:0.01s]
I0000 00:00:1770237261.858663   94572 random_forest.cc:956] Train tree 55/240 accuracy:0.968228 logloss:0.132962 [index:54 total:0.03s tree:0.01s]
I0000 00:00:1770237261.870549   94572 random_forest.cc:956] Train tree 67/240 accuracy:0.969143 logloss:0.111013 [index:65 total:0.04s tree:0.01s]
I0000 00:00:1770237261.887225   94603 random_forest.cc:956] Train tree 81/240 accuracy:0.972359 logloss:0.0934101 [index:80 total:0.06s tree:0.01s]
I0000 00:00:1770237261.924531   94604 random_forest.cc:956] Train tree 111/240 accuracy:0.97256 logloss:0.0863841 [index:110 total:0.10s tree:0.01s]
I0000 00:00:1770237261.941243   94574 random_forest.cc:956] Train tree 125/240 accuracy:0.972862 logloss:0.0860768 [index:125 total:0.12s tree:0.01s]
I0000 00:00:1770237261.971915   94609 random_forest.cc:956] Train tree 151/240 accuracy:0.972761 logloss:0.0859722 [index:150 total:0.15s tree:0.01s]
I0000 00:00:1770237261.997009   94605 random_forest.cc:956] Train tree 172/240 accuracy:0.973264 logloss:0.0857878 [index:172 total:0.17s tree:0.01s]
I0000 00:00:1770237262.042221   94569 random_forest.cc:956] Train tree 210/240 accuracy:0.973766 logloss:0.0817942 [index:209 total:0.22s tree:0.01s]
I0000 00:00:1770237262.055102   94596 random_forest.cc:956] Train tree 221/240 accuracy:0.974369 logloss:0.0818514 [index:219 total:0.23s tree:0.01s]
I0000 00:00:1770237262.077497   94590 random_forest.cc:956] Train tree 239/240 accuracy:0.974369 logloss:0.0819497 [index:238 total:0.25s tree:0.01s]
I0000 00:00:1770237262.125449   94594 random_forest.cc:956] Train tree 240/240 accuracy:0.974269 logloss:0.081909 [index:239 total:0.30s tree:0.06s]
I0000 00:00:1770237262.125612   94562 random_forest.cc:990] random_forest.cc Training block took: 0.300351 s
I0000 00:00:1770237262.125643   94562 random_forest.cc:1062] After Random Forest Training block. RETURNING EARLY TO SPEED UP XPS!!
-1 (automatic) threads requested. 48 threads set.
Configuring oblique splits
Using exact splitting
./bazel-bin/examples/train_oblique_forest --input_mode csv --train_csv "benchmarks/data/cc18_binary_csv/task_29_credit-approval/repeat0_fold0_sample0_train.csv" --label_col "class" --feature_split_type "Oblique" --numerical_split_type "Exact" --num_trees=240 --num_threads=-1 --compute_oob_performances=true 


Inferring DataSpec from CSV: benchmarks/data/cc18_binary_csv/task_29_credit-approval/repeat0_fold0_sample0_train.csv


WARNING: All log messages before absl::InitializeLog() is called are written to STDERR
I0000 00:00:1770237262.139924   94622 csv_example_reader.cc:212] 0 row(s) processed
I0000 00:00:1770237262.141188   94622 data_spec_inference.cc:457] 16 column(s) found
I0000 00:00:1770237262.141197   94622 csv_example_reader.cc:303] 0 row(s) processed
I0000 00:00:1770237262.141776   94622 data_spec_inference.cc:354] 1 item(s) have been pruned (i.e. they are considered out of dictionary) for the column A4 (2 item(s) left) because min_value_count=5 and max_number_of_unique_values=2000
I0000 00:00:1770237262.141781   94622 data_spec_inference.cc:354] 1 item(s) have been pruned (i.e. they are considered out of dictionary) for the column A5 (2 item(s) left) because min_value_count=5 and max_number_of_unique_values=2000
I0000 00:00:1770237262.141784   94622 data_spec_inference.cc:354] 1 item(s) have been pruned (i.e. they are considered out of dictionary) for the column A6 (13 item(s) left) because min_value_count=5 and max_number_of_unique_values=2000
I0000 00:00:1770237262.141789   94622 data_spec_inference.cc:354] 2 item(s) have been pruned (i.e. they are considered out of dictionary) for the column A7 (7 item(s) left) because min_value_count=5 and max_number_of_unique_values=2000
I0000 00:00:1770237262.141798   94622 data_spec_inference.cc:494] Finalizing [621 row(s) found]
I0000 00:00:1770237262.141852   94622 abstract_learner.cc:155] No input feature explicitly specified. Using all the available input features.
I0000 00:00:1770237262.141855   94622 abstract_learner.cc:172] The label "class" was removed from the input feature set.
I0000 00:00:1770237262.142109   94622 vertical_dataset_io.cc:82] 100 examples scanned.
I0000 00:00:1770237262.142565   94622 vertical_dataset_io.cc:88] 621 examples read. Memory: usage:0MB allocated:0MB. 0 (0%) examples have been skipped.
I0000 00:00:1770237262.142588   94622 abstract_learner.cc:155] No input feature explicitly specified. Using all the available input features.
I0000 00:00:1770237262.142592   94622 abstract_learner.cc:172] The label "class" was removed from the input feature set.
I0000 00:00:1770237262.142603   94622 random_forest.cc:465] Training random forest on 621 example(s) and 15 feature(s).
I0000 00:00:1770237262.142609   94622 gpu.cc:93] Cannot initialize GPU: Not compiled with GPU support
I0000 00:00:1770237262.142807   94622 random_forest.cc:659] num_threads being used: 48
I0000 00:00:1770237262.144672   94628 random_forest.cc:956] Train tree 1/240 accuracy:0.808511 logloss:6.75545 [index:2 total:0.00s tree:0.00s]
I0000 00:00:1770237262.145155   94639 random_forest.cc:956] Train tree 11/240 accuracy:0.847039 logloss:2.47187 [index:10 total:0.00s tree:0.00s]
I0000 00:00:1770237262.145489   94638 random_forest.cc:956] Train tree 21/240 accuracy:0.846774 logloss:1.7925 [index:18 total:0.00s tree:0.00s]
I0000 00:00:1770237262.145937   94644 random_forest.cc:956] Train tree 33/240 accuracy:0.856683 logloss:1.18 [index:25 total:0.00s tree:0.00s]
I0000 00:00:1770237262.146102   94630 random_forest.cc:956] Train tree 44/240 accuracy:0.863124 logloss:1.06949 [index:47 total:0.00s tree:0.00s]
I0000 00:00:1770237262.146577   94666 random_forest.cc:956] Train tree 64/240 accuracy:0.861514 logloss:0.85126 [index:56 total:0.00s tree:0.00s]
I0000 00:00:1770237262.147444   94645 random_forest.cc:956] Train tree 78/240 accuracy:0.863124 logloss:0.739269 [index:76 total:0.00s tree:0.00s]
I0000 00:00:1770237262.148056   94657 random_forest.cc:956] Train tree 90/240 accuracy:0.864734 logloss:0.686995 [index:88 total:0.01s tree:0.00s]
I0000 00:00:1770237262.148710   94664 random_forest.cc:956] Train tree 100/240 accuracy:0.861514 logloss:0.691689 [index:102 total:0.01s tree:0.00s]
I0000 00:00:1770237262.149165   94667 random_forest.cc:956] Train tree 110/240 accuracy:0.859903 logloss:0.689254 [index:109 total:0.01s tree:0.00s]
I0000 00:00:1770237262.150411   94666 random_forest.cc:956] Train tree 133/240 accuracy:0.863124 logloss:0.477586 [index:133 total:0.01s tree:0.00s]
I0000 00:00:1770237262.151023   94654 random_forest.cc:956] Train tree 146/240 accuracy:0.861514 logloss:0.427982 [index:145 total:0.01s tree:0.00s]
I0000 00:00:1770237262.151503   94657 random_forest.cc:956] Train tree 156/240 accuracy:0.864734 logloss:0.428363 [index:155 total:0.01s tree:0.00s]
I0000 00:00:1770237262.152181   94664 random_forest.cc:956] Train tree 168/240 accuracy:0.859903 logloss:0.429828 [index:168 total:0.01s tree:0.00s]
I0000 00:00:1770237262.152779   94667 random_forest.cc:956] Train tree 179/240 accuracy:0.863124 logloss:0.427422 [index:178 total:0.01s tree:0.00s]
I0000 00:00:1770237262.153407   94649 random_forest.cc:956] Train tree 191/240 accuracy:0.867955 logloss:0.427583 [index:191 total:0.01s tree:0.00s]
I0000 00:00:1770237262.154128   94640 random_forest.cc:956] Train tree 205/240 accuracy:0.871176 logloss:0.324086 [index:203 total:0.01s tree:0.00s]
I0000 00:00:1770237262.155606   94655 random_forest.cc:956] Train tree 232/240 accuracy:0.867955 logloss:0.326017 [index:231 total:0.01s tree:0.00s]
I0000 00:00:1770237262.157670   94648 random_forest.cc:956] Train tree 240/240 accuracy:0.864734 logloss:0.326542 [index:239 total:0.01s tree:0.00s]
I0000 00:00:1770237262.157942   94622 random_forest.cc:990] random_forest.cc Training block took: 0.0153699 s
I0000 00:00:1770237262.157961   94622 random_forest.cc:1062] After Random Forest Training block. RETURNING EARLY TO SPEED UP XPS!!
-1 (automatic) threads requested. 48 threads set.
Configuring oblique splits
Using exact splitting
./bazel-bin/examples/train_oblique_forest --input_mode csv --train_csv "benchmarks/data/cc18_binary_csv/task_167125_Internet-Advertisements/repeat0_fold0_sample0_train.csv" --label_col "class" --feature_split_type "Oblique" --numerical_split_type "Exact" --num_trees=240 --num_threads=-1 --compute_oob_performances=true 


Inferring DataSpec from CSV: benchmarks/data/cc18_binary_csv/task_167125_Internet-Advertisements/repeat0_fold0_sample0_train.csv


WARNING: All log messages before absl::InitializeLog() is called are written to STDERR
I0000 00:00:1770237262.168252   94674 csv_example_reader.cc:212] 0 row(s) processed
I0000 00:00:1770237262.307976   94674 csv_example_reader.cc:216] Stop scanning the csv file to infer the type. Some records were not considered.
I0000 00:00:1770237262.308149   94674 data_spec_inference.cc:457] 1559 column(s) found
I0000 00:00:1770237262.308988   94674 csv_example_reader.cc:303] 0 row(s) processed
I0000 00:00:1770237262.434519   94674 data_spec_inference.cc:494] Finalizing [2951 row(s) found]
I0000 00:00:1770237262.434682   94674 abstract_learner.cc:155] No input feature explicitly specified. Using all the available input features.
I0000 00:00:1770237262.434686   94674 abstract_learner.cc:172] The label "class" was removed from the input feature set.
I0000 00:00:1770237262.441927   94674 vertical_dataset_io.cc:82] 100 examples scanned.
I0000 00:00:1770237262.605076   94674 vertical_dataset_io.cc:88] 2951 examples read. Memory: usage:4MB allocated:4MB. 0 (0%) examples have been skipped.
I0000 00:00:1770237262.605344   94674 abstract_learner.cc:155] No input feature explicitly specified. Using all the available input features.
I0000 00:00:1770237262.605385   94674 abstract_learner.cc:172] The label "class" was removed from the input feature set.
I0000 00:00:1770237262.605506   94674 random_forest.cc:465] Training random forest on 2951 example(s) and 1558 feature(s).
I0000 00:00:1770237262.605552   94674 gpu.cc:93] Cannot initialize GPU: Not compiled with GPU support
I0000 00:00:1770237262.605842   94674 random_forest.cc:659] num_threads being used: 48
I0000 00:00:1770237262.630150   94718 random_forest.cc:956] Train tree 1/240 accuracy:0.965899 logloss:1.19693 [index:1 total:0.02s tree:0.02s]
I0000 00:00:1770237262.636130   94681 random_forest.cc:956] Train tree 11/240 accuracy:0.971351 logloss:0.465349 [index:21 total:0.03s tree:0.03s]
I0000 00:00:1770237262.649741   94721 random_forest.cc:956] Train tree 27/240 accuracy:0.97661 logloss:0.346748 [index:6 total:0.04s tree:0.04s]
I0000 00:00:1770237262.655135   94707 random_forest.cc:956] Train tree 46/240 accuracy:0.978312 logloss:0.309644 [index:47 total:0.05s tree:0.05s]
I0000 00:00:1770237262.676039   94691 random_forest.cc:956] Train tree 56/240 accuracy:0.976618 logloss:0.277654 [index:54 total:0.07s tree:0.04s]
I0000 00:00:1770237262.682937   94708 random_forest.cc:956] Train tree 66/240 accuracy:0.97594 logloss:0.267745 [index:57 total:0.08s tree:0.05s]
I0000 00:00:1770237262.692089   94721 random_forest.cc:956] Train tree 76/240 accuracy:0.976279 logloss:0.26686 [index:67 total:0.09s tree:0.04s]
I0000 00:00:1770237262.699916   94701 random_forest.cc:956] Train tree 86/240 accuracy:0.976957 logloss:0.255529 [index:86 total:0.09s tree:0.04s]
I0000 00:00:1770237262.706483   94714 random_forest.cc:956] Train tree 96/240 accuracy:0.977296 logloss:0.25572 [index:89 total:0.10s tree:0.04s]
I0000 00:00:1770237262.712779   94699 random_forest.cc:956] Train tree 106/240 accuracy:0.976618 logloss:0.2554 [index:114 total:0.11s tree:0.03s]
I0000 00:00:1770237262.721131   94691 random_forest.cc:956] Train tree 116/240 accuracy:0.976957 logloss:0.244211 [index:103 total:0.12s tree:0.05s]
I0000 00:00:1770237262.729498   94718 random_forest.cc:956] Train tree 126/240 accuracy:0.976618 logloss:0.233266 [index:140 total:0.12s tree:0.03s]
I0000 00:00:1770237262.740026   94681 random_forest.cc:956] Train tree 136/240 accuracy:0.976618 logloss:0.233624 [index:129 total:0.13s tree:0.04s]
I0000 00:00:1770237262.745976   94703 random_forest.cc:956] Train tree 146/240 accuracy:0.976618 logloss:0.233881 [index:139 total:0.14s tree:0.04s]
I0000 00:00:1770237262.754938   94714 random_forest.cc:956] Train tree 156/240 accuracy:0.976618 logloss:0.233414 [index:143 total:0.15s tree:0.05s]
I0000 00:00:1770237262.760851   94705 random_forest.cc:956] Train tree 166/240 accuracy:0.976279 logloss:0.233141 [index:158 total:0.16s tree:0.04s]
I0000 00:00:1770237262.767559   94717 random_forest.cc:956] Train tree 176/240 accuracy:0.976279 logloss:0.222322 [index:182 total:0.16s tree:0.03s]
I0000 00:00:1770237262.776055   94689 random_forest.cc:956] Train tree 186/240 accuracy:0.976618 logloss:0.211584 [index:199 total:0.17s tree:0.02s]
I0000 00:00:1770237262.786603   94701 random_forest.cc:956] Train tree 196/240 accuracy:0.976618 logloss:0.211817 [index:191 total:0.18s tree:0.04s]
I0000 00:00:1770237262.793132   94703 random_forest.cc:956] Train tree 206/240 accuracy:0.976618 logloss:0.211934 [index:193 total:0.19s tree:0.05s]
I0000 00:00:1770237262.799564   94706 random_forest.cc:956] Train tree 216/240 accuracy:0.976618 logloss:0.212036 [index:201 total:0.19s tree:0.05s]
I0000 00:00:1770237262.807820   94699 random_forest.cc:956] Train tree 226/240 accuracy:0.976618 logloss:0.212138 [index:238 total:0.20s tree:0.02s]
I0000 00:00:1770237262.823194   94697 random_forest.cc:956] Train tree 236/240 accuracy:0.976618 logloss:0.212227 [index:230 total:0.22s tree:0.05s]
I0000 00:00:1770237262.827883   94704 random_forest.cc:956] Train tree 240/240 accuracy:0.976618 logloss:0.212344 [index:237 total:0.22s tree:0.05s]
I0000 00:00:1770237262.828046   94674 random_forest.cc:990] random_forest.cc Training block took: 0.222849 s
I0000 00:00:1770237262.828072   94674 random_forest.cc:1062] After Random Forest Training block. RETURNING EARLY TO SPEED UP XPS!!
-1 (automatic) threads requested. 48 threads set.
Configuring oblique splits
Using exact splitting
./bazel-bin/examples/train_oblique_forest --input_mode trunk --rows 10000 --feature_split_type "Oblique" --numerical_split_type "Exact" --num_trees=240 --num_threads=-1 --compute_oob_performances=true 
WARNING: All log messages before absl::InitializeLog() is called are written to STDERR
I0000 00:00:1770237263.180203   94726 abstract_learner.cc:155] No input feature explicitly specified. Using all the available input features.
I0000 00:00:1770237263.180227   94726 abstract_learner.cc:172] The label "y" was removed from the input feature set.
I0000 00:00:1770237263.180782   94726 random_forest.cc:465] Training random forest on 10000 example(s) and 4096 feature(s).
I0000 00:00:1770237263.180932   94726 gpu.cc:93] Cannot initialize GPU: Not compiled with GPU support
I0000 00:00:1770237263.182090   94726 random_forest.cc:659] num_threads being used: 48
I0000 00:00:1770237263.588408   94745 random_forest.cc:956] Train tree 1/240 accuracy:0.621291 logloss:13.6501 [index:20 total:0.41s tree:0.40s]
I0000 00:00:1770237263.616771   94766 random_forest.cc:956] Train tree 12/240 accuracy:0.626979 logloss:6.36184 [index:13 total:0.43s tree:0.43s]
I0000 00:00:1770237263.694098   94742 random_forest.cc:956] Train tree 22/240 accuracy:0.7113 logloss:0.745535 [index:26 total:0.51s tree:0.51s]
I0000 00:00:1770237263.743484   94752 random_forest.cc:956] Train tree 32/240 accuracy:0.7481 logloss:0.550606 [index:37 total:0.56s tree:0.56s]
I0000 00:00:1770237263.795290   94761 random_forest.cc:956] Train tree 42/240 accuracy:0.7671 logloss:0.540046 [index:46 total:0.61s tree:0.61s]
I0000 00:00:1770237264.009986   94745 random_forest.cc:956] Train tree 52/240 accuracy:0.79 logloss:0.53689 [index:48 total:0.83s tree:0.42s]
I0000 00:00:1770237264.081250   94774 random_forest.cc:956] Train tree 62/240 accuracy:0.814 logloss:0.528349 [index:63 total:0.90s tree:0.42s]
I0000 00:00:1770237264.137236   94734 random_forest.cc:956] Train tree 72/240 accuracy:0.8339 logloss:0.524706 [index:75 total:0.96s tree:0.41s]
I0000 00:00:1770237264.192614   94731 random_forest.cc:956] Train tree 82/240 accuracy:0.8421 logloss:0.521869 [index:78 total:1.01s tree:0.45s]
I0000 00:00:1770237264.251417   94757 random_forest.cc:956] Train tree 92/240 accuracy:0.8564 logloss:0.518956 [index:90 total:1.07s tree:0.45s]
I0000 00:00:1770237264.456855   94729 random_forest.cc:956] Train tree 102/240 accuracy:0.8658 logloss:0.518228 [index:102 total:1.27s tree:0.43s]
I0000 00:00:1770237264.522586   94762 random_forest.cc:956] Train tree 112/240 accuracy:0.876 logloss:0.515215 [index:111 total:1.34s tree:0.43s]
I0000 00:00:1770237264.582681   94765 random_forest.cc:956] Train tree 122/240 accuracy:0.8832 logloss:0.514908 [index:124 total:1.40s tree:0.42s]
I0000 00:00:1770237264.636145   94738 random_forest.cc:956] Train tree 132/240 accuracy:0.8899 logloss:0.514276 [index:131 total:1.45s tree:0.43s]
I0000 00:00:1770237264.732175   94748 random_forest.cc:956] Train tree 142/240 accuracy:0.8973 logloss:0.512613 [index:142 total:1.55s tree:0.46s]
I0000 00:00:1770237264.915237   94766 random_forest.cc:956] Train tree 152/240 accuracy:0.9027 logloss:0.513009 [index:152 total:1.73s tree:0.44s]
I0000 00:00:1770237264.966206   94742 random_forest.cc:956] Train tree 162/240 accuracy:0.9059 logloss:0.512436 [index:162 total:1.78s tree:0.43s]
I0000 00:00:1770237265.019589   94756 random_forest.cc:956] Train tree 172/240 accuracy:0.9139 logloss:0.5114 [index:171 total:1.84s tree:0.43s]
I0000 00:00:1770237265.081222   94775 random_forest.cc:956] Train tree 182/240 accuracy:0.9184 logloss:0.510354 [index:180 total:1.90s tree:0.44s]
I0000 00:00:1770237265.206463   94747 random_forest.cc:956] Train tree 192/240 accuracy:0.9213 logloss:0.510061 [index:191 total:2.02s tree:0.43s]
I0000 00:00:1770237265.367450   94770 random_forest.cc:956] Train tree 202/240 accuracy:0.9245 logloss:0.509299 [index:203 total:2.19s tree:0.43s]
I0000 00:00:1770237265.415489   94735 random_forest.cc:956] Train tree 212/240 accuracy:0.9277 logloss:0.507446 [index:205 total:2.23s tree:0.47s]
I0000 00:00:1770237265.459226   94741 random_forest.cc:956] Train tree 223/240 accuracy:0.9282 logloss:0.507498 [index:221 total:2.28s tree:0.43s]
I0000 00:00:1770237265.516459   94740 random_forest.cc:956] Train tree 233/240 accuracy:0.9313 logloss:0.505378 [index:235 total:2.33s tree:0.38s]
I0000 00:00:1770237265.642860   94747 random_forest.cc:956] Train tree 240/240 accuracy:0.9336 logloss:0.506019 [index:239 total:2.46s tree:0.44s]
I0000 00:00:1770237265.643372   94726 random_forest.cc:990] random_forest.cc Training block took: 2.46349 s
I0000 00:00:1770237265.643424   94726 random_forest.cc:1062] After Random Forest Training block. RETURNING EARLY TO SPEED UP XPS!!

Generating trunk synthetic dataset: rows=10000, cols=4096
-1 (automatic) threads requested. 48 threads set.
Configuring oblique splits
Using exact splitting
./bazel-bin/examples/train_oblique_forest --input_mode trunk --rows 100000 --feature_split_type "Oblique" --numerical_split_type "Exact" --num_trees=240 --num_threads=-1 --compute_oob_performances=true 
WARNING: All log messages before absl::InitializeLog() is called are written to STDERR
I0000 00:00:1770237269.111024   94786 abstract_learner.cc:155] No input feature explicitly specified. Using all the available input features.
I0000 00:00:1770237269.111055   94786 abstract_learner.cc:172] The label "y" was removed from the input feature set.
I0000 00:00:1770237269.111638   94786 random_forest.cc:465] Training random forest on 100000 example(s) and 4096 feature(s).
I0000 00:00:1770237269.111856   94786 gpu.cc:93] Cannot initialize GPU: Not compiled with GPU support
I0000 00:00:1770237269.115945   94786 random_forest.cc:659] num_threads being used: 48
I0000 00:00:1770237275.094094   94835 random_forest.cc:956] Train tree 1/240 accuracy:0.712661 logloss:10.3567 [index:34 total:5.98s tree:5.98s]
I0000 00:00:1770237276.092920   94846 random_forest.cc:956] Train tree 11/240 accuracy:0.755528 logloss:1.79753 [index:12 total:6.98s tree:6.98s]
I0000 00:00:1770237277.142846   94832 random_forest.cc:956] Train tree 21/240 accuracy:0.799856 logloss:0.586687 [index:37 total:8.03s tree:8.02s]
I0000 00:00:1770237278.236117   94817 random_forest.cc:956] Train tree 31/240 accuracy:0.82804 logloss:0.475365 [index:18 total:9.12s tree:9.12s]
I0000 00:00:1770237279.372897   94804 random_forest.cc:956] Train tree 41/240 accuracy:0.85074 logloss:0.461479 [index:1 total:10.26s tree:10.26s]
I0000 00:00:1770237281.099708   94829 random_forest.cc:956] Train tree 51/240 accuracy:0.86723 logloss:0.460622 [index:50 total:11.98s tree:5.79s]
I0000 00:00:1770237282.259522   94814 random_forest.cc:956] Train tree 61/240 accuracy:0.88178 logloss:0.458819 [index:60 total:13.14s tree:5.96s]
I0000 00:00:1770237283.462672   94844 random_forest.cc:956] Train tree 71/240 accuracy:0.89243 logloss:0.459238 [index:70 total:14.35s tree:6.10s]
I0000 00:00:1770237284.661702   94842 random_forest.cc:956] Train tree 81/240 accuracy:0.90343 logloss:0.456911 [index:80 total:15.55s tree:6.21s]
I0000 00:00:1770237285.936401   94851 random_forest.cc:956] Train tree 91/240 accuracy:0.91146 logloss:0.455903 [index:90 total:16.82s tree:6.33s]
I0000 00:00:1770237287.587481   94847 random_forest.cc:956] Train tree 101/240 accuracy:0.91728 logloss:0.455332 [index:101 total:18.47s tree:6.15s]
I0000 00:00:1770237288.738639   94824 random_forest.cc:956] Train tree 111/240 accuracy:0.92268 logloss:0.454868 [index:110 total:19.62s tree:6.24s]
I0000 00:00:1770237290.001400   94812 random_forest.cc:956] Train tree 121/240 accuracy:0.92787 logloss:0.45474 [index:120 total:20.89s tree:6.31s]
I0000 00:00:1770237291.208348   94848 random_forest.cc:956] Train tree 131/240 accuracy:0.93132 logloss:0.455007 [index:131 total:22.09s tree:6.10s]
I0000 00:00:1770237292.509368   94805 random_forest.cc:956] Train tree 141/240 accuracy:0.93501 logloss:0.454983 [index:139 total:23.39s tree:6.46s]
I0000 00:00:1770237294.164715   94847 random_forest.cc:956] Train tree 151/240 accuracy:0.93859 logloss:0.454728 [index:148 total:25.05s tree:6.58s]
I0000 00:00:1770237295.332378   94823 random_forest.cc:956] Train tree 161/240 accuracy:0.9415 logloss:0.455474 [index:161 total:26.22s tree:6.26s]
I0000 00:00:1770237296.537441   94833 random_forest.cc:956] Train tree 171/240 accuracy:0.94325 logloss:0.456613 [index:170 total:27.42s tree:6.30s]
I0000 00:00:1770237297.793722   94843 random_forest.cc:956] Train tree 181/240 accuracy:0.94603 logloss:0.456441 [index:179 total:28.68s tree:6.47s]
I0000 00:00:1770237299.037810   94828 random_forest.cc:956] Train tree 191/240 accuracy:0.94774 logloss:0.455839 [index:190 total:29.92s tree:6.29s]
I0000 00:00:1770237300.662442   94816 random_forest.cc:956] Train tree 201/240 accuracy:0.94981 logloss:0.455395 [index:201 total:31.55s tree:6.15s]
I0000 00:00:1770237301.771807   94826 random_forest.cc:956] Train tree 211/240 accuracy:0.95095 logloss:0.455372 [index:210 total:32.66s tree:6.21s]
I0000 00:00:1770237302.846042   94817 random_forest.cc:956] Train tree 221/240 accuracy:0.95253 logloss:0.454959 [index:221 total:33.73s tree:5.97s]
I0000 00:00:1770237303.928339   94804 random_forest.cc:956] Train tree 231/240 accuracy:0.9533 logloss:0.4553 [index:231 total:34.81s tree:5.77s]
I0000 00:00:1770237304.939910   94808 random_forest.cc:956] Train tree 240/240 accuracy:0.95458 logloss:0.455307 [index:239 total:35.82s tree:5.79s]
I0000 00:00:1770237304.940541   94786 random_forest.cc:990] random_forest.cc Training block took: 35.8299 s
I0000 00:00:1770237304.940597   94786 random_forest.cc:1062] After Random Forest Training block. RETURNING EARLY TO SPEED UP XPS!!

Generating trunk synthetic dataset: rows=100000, cols=4096
-1 (automatic) threads requested. 48 threads set.
Configuring oblique splits
Using exact splitting
./bazel-bin/examples/train_oblique_forest --input_mode trunk --rows 1000000 --feature_split_type "Oblique" --numerical_split_type "Exact" --num_trees=240 --num_threads=-1 --compute_oob_performances=true 
WARNING: All log messages before absl::InitializeLog() is called are written to STDERR
I0000 00:00:1770237339.331130   94993 abstract_learner.cc:155] No input feature explicitly specified. Using all the available input features.
I0000 00:00:1770237339.331164   94993 abstract_learner.cc:172] The label "y" was removed from the input feature set.
I0000 00:00:1770237339.331746   94993 random_forest.cc:465] Training random forest on 1000000 example(s) and 4096 feature(s).
I0000 00:00:1770237339.331944   94993 gpu.cc:93] Cannot initialize GPU: Not compiled with GPU support
I0000 00:00:1770237339.365339   94993 random_forest.cc:659] num_threads being used: 48
I0000 00:00:1770237418.757572   95151 random_forest.cc:956] Train tree 1/240 accuracy:0.715796 logloss:10.2437 [index:36 total:1m19.39s tree:1m19.39s]
I0000 00:00:1770237430.511039   95162 random_forest.cc:956] Train tree 8/240 accuracy:0.755088 logloss:2.96461 [index:2 total:1m31.15s tree:1m31.14s]
I0000 00:00:1770237441.686179   95137 random_forest.cc:956] Train tree 14/240 accuracy:0.792937 logloss:1.05892 [index:25 total:1m42.32s tree:1m42.32s]
I0000 00:00:1770237453.465036   95142 random_forest.cc:956] Train tree 20/240 accuracy:0.824358 logloss:0.570837 [index:32 total:1m54.10s tree:1m54.10s]
I0000 00:00:1770237463.525068   95159 random_forest.cc:956] Train tree 25/240 accuracy:0.843308 logloss:0.468615 [index:4 total:2m4.16s tree:2m4.16s]
I0000 00:00:1770237474.000491   95141 random_forest.cc:956] Train tree 30/240 accuracy:0.857609 logloss:0.437133 [index:27 total:2m14.64s tree:2m14.63s]
I0000 00:00:1770237484.851180   95150 random_forest.cc:956] Train tree 35/240 accuracy:0.86801 logloss:0.428728 [index:37 total:2m25.49s tree:2m25.48s]
I0000 00:00:1770237495.764217   95125 random_forest.cc:956] Train tree 40/240 accuracy:0.877781 logloss:0.425306 [index:9 total:2m36.40s tree:2m36.40s]
I0000 00:00:1770237506.813739   95166 random_forest.cc:956] Train tree 45/240 accuracy:0.885423 logloss:0.424723 [index:13 total:2m47.45s tree:2m47.45s]
I0000 00:00:1770237517.684912   95139 random_forest.cc:956] Train tree 50/240 accuracy:0.892454 logloss:0.425196 [index:49 total:2m58.32s tree:1m37.32s]
I0000 00:00:1770237528.248204   95170 random_forest.cc:956] Train tree 55/240 accuracy:0.900529 logloss:0.422356 [index:54 total:3m8.88s tree:1m39.52s]
I0000 00:00:1770237539.201948   95143 random_forest.cc:956] Train tree 60/240 accuracy:0.904988 logloss:0.423654 [index:59 total:3m19.84s tree:1m41.28s]
I0000 00:00:1770237549.822128   95164 random_forest.cc:956] Train tree 65/240 accuracy:0.911143 logloss:0.422186 [index:64 total:3m30.46s tree:1m42.31s]
I0000 00:00:1770237560.243546   95147 random_forest.cc:956] Train tree 70/240 accuracy:0.917168 logloss:0.419076 [index:70 total:3m40.88s tree:1m40.81s]
I0000 00:00:1770237570.695583   95169 random_forest.cc:956] Train tree 75/240 accuracy:0.921959 logloss:0.416901 [index:74 total:3m51.33s tree:1m42.96s]
I0000 00:00:1770237581.413211   95135 random_forest.cc:956] Train tree 80/240 accuracy:0.925792 logloss:0.416361 [index:79 total:4m2.05s tree:1m43.18s]
I0000 00:00:1770237592.206445   95129 random_forest.cc:956] Train tree 85/240 accuracy:0.928861 logloss:0.416299 [index:84 total:4m12.84s tree:1m43.05s]
I0000 00:00:1770237603.254864   95171 random_forest.cc:956] Train tree 90/240 accuracy:0.93139 logloss:0.417614 [index:89 total:4m23.89s tree:1m43.19s]
I0000 00:00:1770237614.164852   95148 random_forest.cc:956] Train tree 95/240 accuracy:0.933848 logloss:0.417815 [index:94 total:4m34.80s tree:1m42.92s]
I0000 00:00:1770237624.777639   95136 random_forest.cc:956] Train tree 100/240 accuracy:0.936248 logloss:0.417039 [index:99 total:4m45.41s tree:1m42.79s]
I0000 00:00:1770237635.728519   95154 random_forest.cc:956] Train tree 105/240 accuracy:0.938122 logloss:0.41787 [index:104 total:4m56.36s tree:1m43.17s]
I0000 00:00:1770237646.505388   95137 random_forest.cc:956] Train tree 110/240 accuracy:0.940104 logloss:0.418272 [index:109 total:5m7.14s tree:1m43.03s]
I0000 00:00:1770237657.392866   95145 random_forest.cc:956] Train tree 115/240 accuracy:0.941966 logloss:0.418408 [index:114 total:5m18.03s tree:1m43.32s]
I0000 00:00:1770237668.081558   95132 random_forest.cc:956] Train tree 120/240 accuracy:0.943729 logloss:0.417961 [index:119 total:5m28.72s tree:1m43.49s]
I0000 00:00:1770237678.891048   95165 random_forest.cc:956] Train tree 125/240 accuracy:0.945187 logloss:0.418146 [index:124 total:5m39.53s tree:1m43.88s]
I0000 00:00:1770237689.624097   95160 random_forest.cc:956] Train tree 130/240 accuracy:0.946674 logloss:0.417935 [index:129 total:5m50.26s tree:1m43.87s]
I0000 00:00:1770237700.304304   95157 random_forest.cc:956] Train tree 135/240 accuracy:0.948187 logloss:0.417538 [index:134 total:6m0.94s tree:1m43.65s]
I0000 00:00:1770237710.695980   95166 random_forest.cc:956] Train tree 140/240 accuracy:0.949577 logloss:0.416281 [index:140 total:6m11.33s tree:1m40.93s]
I0000 00:00:1770237721.606819   95151 random_forest.cc:956] Train tree 145/240 accuracy:0.95065 logloss:0.416406 [index:144 total:6m22.24s tree:1m43.27s]
I0000 00:00:1770237732.347743   95131 random_forest.cc:956] Train tree 150/240 accuracy:0.951747 logloss:0.41599 [index:149 total:6m32.98s tree:1m43.21s]
I0000 00:00:1770237743.105517   95149 random_forest.cc:956] Train tree 155/240 accuracy:0.952864 logloss:0.416214 [index:154 total:6m43.74s tree:1m43.04s]
I0000 00:00:1770237753.854380   95152 random_forest.cc:956] Train tree 160/240 accuracy:0.953813 logloss:0.416248 [index:159 total:6m54.49s tree:1m43.01s]
I0000 00:00:1770237764.533462   95168 random_forest.cc:956] Train tree 165/240 accuracy:0.954725 logloss:0.415484 [index:164 total:7m5.17s tree:1m42.75s]
I0000 00:00:1770237775.326193   95159 random_forest.cc:956] Train tree 170/240 accuracy:0.955494 logloss:0.415922 [index:169 total:7m15.96s tree:1m42.93s]
I0000 00:00:1770237786.212971   95127 random_forest.cc:956] Train tree 175/240 accuracy:0.95642 logloss:0.416128 [index:174 total:7m26.85s tree:1m42.99s]
I0000 00:00:1770237797.231795   95128 random_forest.cc:956] Train tree 180/240 accuracy:0.957209 logloss:0.416557 [index:179 total:7m37.87s tree:1m43.20s]
I0000 00:00:1770237808.025932   95134 random_forest.cc:956] Train tree 185/240 accuracy:0.957907 logloss:0.416806 [index:184 total:7m48.66s tree:1m43.70s]
I0000 00:00:1770237818.805734   95156 random_forest.cc:956] Train tree 190/240 accuracy:0.958466 logloss:0.416816 [index:189 total:7m59.44s tree:1m43.63s]
I0000 00:00:1770237829.510710   95138 random_forest.cc:956] Train tree 195/240 accuracy:0.959326 logloss:0.416814 [index:194 total:8m10.15s tree:1m43.60s]
I0000 00:00:1770237839.835032   95162 random_forest.cc:956] Train tree 200/240 accuracy:0.959788 logloss:0.416964 [index:199 total:8m20.47s tree:1m43.17s]
I0000 00:00:1770237849.890344   95153 random_forest.cc:956] Train tree 205/240 accuracy:0.960452 logloss:0.417019 [index:204 total:8m30.53s tree:1m42.41s]
I0000 00:00:1770237861.622475   95145 random_forest.cc:956] Train tree 211/240 accuracy:0.961236 logloss:0.417074 [index:210 total:8m42.26s tree:1m41.32s]
I0000 00:00:1770237872.921985   95130 random_forest.cc:956] Train tree 217/240 accuracy:0.961886 logloss:0.417079 [index:216 total:8m53.56s tree:1m39.84s]
I0000 00:00:1770237883.821758   95127 random_forest.cc:956] Train tree 223/240 accuracy:0.962447 logloss:0.417423 [index:222 total:9m4.46s tree:1m37.61s]
I0000 00:00:1770237894.031801   95129 random_forest.cc:956] Train tree 229/240 accuracy:0.96291 logloss:0.417396 [index:228 total:9m14.67s tree:1m34.58s]
I0000 00:00:1770237904.070597   95144 random_forest.cc:956] Train tree 235/240 accuracy:0.963426 logloss:0.417795 [index:234 total:9m24.71s tree:1m31.77s]
I0000 00:00:1770237912.387499   95133 random_forest.cc:956] Train tree 240/240 accuracy:0.96386 logloss:0.417623 [index:239 total:9m33.02s tree:1m29.38s]
I0000 00:00:1770237912.388261   94993 random_forest.cc:990] random_forest.cc Training block took: 573.058 s
I0000 00:00:1770237912.388301   94993 random_forest.cc:1062] After Random Forest Training block. RETURNING EARLY TO SPEED UP XPS!!

Generating trunk synthetic dataset: rows=1000000, cols=4096
-1 (automatic) threads requested. 48 threads set.
Configuring oblique splits
Using exact splitting


======== Running Random [Oblique] with 256 bins ========

./bazel-bin/examples/train_oblique_forest --input_mode csv --train_csv "benchmarks/data/HIGGS_with_header.csv" --label_col "class" --feature_split_type "Oblique" --numerical_split_type "Random" --num_trees=240 --num_threads=-1 --compute_oob_performances=true --histogram_num_bins 256


Inferring DataSpec from CSV: benchmarks/data/HIGGS_with_header.csv


WARNING: All log messages before absl::InitializeLog() is called are written to STDERR
I0000 00:00:1770237913.261416   97371 csv_example_reader.cc:212] 0 row(s) processed
I0000 00:00:1770237913.269545   97371 csv_example_reader.cc:216] Stop scanning the csv file to infer the type. Some records were not considered.
I0000 00:00:1770237913.269560   97371 data_spec_inference.cc:457] 29 column(s) found
I0000 00:00:1770237913.269573   97371 csv_example_reader.cc:303] 0 row(s) processed
I0000 00:00:1770237943.269679   97371 csv_example_reader.cc:303] 8310974 row(s) processed
I0000 00:00:1770237952.936121   97371 data_spec_inference.cc:494] Finalizing [11000000 row(s) found]
I0000 00:00:1770237952.936221   97371 abstract_learner.cc:155] No input feature explicitly specified. Using all the available input features.
I0000 00:00:1770237952.936224   97371 abstract_learner.cc:172] The label "class" was removed from the input feature set.
I0000 00:00:1770237952.936764   97371 vertical_dataset_io.cc:82] 100 examples scanned.
I0000 00:00:1770237982.937016   97371 vertical_dataset_io.cc:82] 7771900 examples scanned.
I0000 00:00:1770237996.195901   97371 vertical_dataset_io.cc:88] 11000000 examples read. Memory: usage:1276MB allocated:1276MB. 0 (0%) examples have been skipped.
I0000 00:00:1770237996.195973   97371 abstract_learner.cc:155] No input feature explicitly specified. Using all the available input features.
I0000 00:00:1770237996.195977   97371 abstract_learner.cc:172] The label "class" was removed from the input feature set.
I0000 00:00:1770237996.195997   97371 random_forest.cc:465] Training random forest on 11000000 example(s) and 28 feature(s).
I0000 00:00:1770237996.196006   97371 gpu.cc:93] Cannot initialize GPU: Not compiled with GPU support
I0000 00:00:1770237996.555017   97371 random_forest.cc:659] num_threads being used: 48
I0000 00:00:1770238355.690451   97700 random_forest.cc:956] Train tree 1/240 accuracy:0.646028 logloss:12.0482 [index:16 total:5m59.14s tree:5m59.13s]
I0000 00:00:1770238378.723119   97708 random_forest.cc:956] Train tree 2/240 accuracy:0.64912 logloss:10.872 [index:20 total:6m22.17s tree:6m22.17s]
I0000 00:00:1770238402.167173   97705 random_forest.cc:956] Train tree 3/240 accuracy:0.652029 logloss:9.6117 [index:18 total:6m45.61s tree:6m45.61s]
I0000 00:00:1770238425.946485   97721 random_forest.cc:956] Train tree 4/240 accuracy:0.656894 logloss:8.38954 [index:37 total:7m9.39s tree:7m9.39s]
I0000 00:00:1770238450.640456   97740 random_forest.cc:956] Train tree 5/240 accuracy:0.661807 logloss:7.27678 [index:15 total:7m34.09s tree:7m34.08s]
I0000 00:00:1770238475.608177   97720 random_forest.cc:956] Train tree 6/240 accuracy:0.666366 logloss:6.29625 [index:33 total:7m59.05s tree:7m59.05s]
I0000 00:00:1770238501.136907   97714 random_forest.cc:956] Train tree 7/240 accuracy:0.671335 logloss:5.42702 [index:32 total:8m24.58s tree:8m24.58s]
I0000 00:00:1770238526.952692   97710 random_forest.cc:956] Train tree 8/240 accuracy:0.676249 logloss:4.68145 [index:25 total:8m50.40s tree:8m50.40s]
I0000 00:00:1770238553.691848   97729 random_forest.cc:956] Train tree 9/240 accuracy:0.681193 logloss:4.04096 [index:44 total:9m17.14s tree:9m17.13s]
I0000 00:00:1770238580.671756   97727 random_forest.cc:956] Train tree 10/240 accuracy:0.685311 logloss:3.50138 [index:41 total:9m44.12s tree:9m44.11s]
I0000 00:00:1770238608.058114   97696 random_forest.cc:956] Train tree 11/240 accuracy:0.68931 logloss:3.04895 [index:24 total:10m11.50s tree:10m11.50s]
I0000 00:00:1770238635.166236   97702 random_forest.cc:956] Train tree 12/240 accuracy:0.692866 logloss:2.66805 [index:9 total:10m38.61s tree:10m38.61s]
I0000 00:00:1770238662.492654   97728 random_forest.cc:956] Train tree 13/240 accuracy:0.6964 logloss:2.34994 [index:45 total:11m5.94s tree:11m5.93s]
I0000 00:00:1770238689.950090   97722 random_forest.cc:956] Train tree 14/240 accuracy:0.699371 logloss:2.08263 [index:38 total:11m33.40s tree:11m33.39s]
I0000 00:00:1770238717.543223   97715 random_forest.cc:956] Train tree 15/240 accuracy:0.702354 logloss:1.86125 [index:29 total:12m0.99s tree:12m0.99s]
I0000 00:00:1770238744.694517   97735 random_forest.cc:956] Train tree 16/240 accuracy:0.704964 logloss:1.67432 [index:13 total:12m28.14s tree:12m28.14s]
I0000 00:00:1770238772.237940   97712 random_forest.cc:956] Train tree 17/240 accuracy:0.707238 logloss:1.51673 [index:28 total:12m55.68s tree:12m55.68s]
I0000 00:00:1770238799.615507   97734 random_forest.cc:956] Train tree 18/240 accuracy:0.709387 logloss:1.38526 [index:1 total:13m23.06s tree:13m23.06s]
I0000 00:00:1770238827.237472   97733 random_forest.cc:956] Train tree 19/240 accuracy:0.711322 logloss:1.27409 [index:11 total:13m50.68s tree:13m50.68s]
I0000 00:00:1770238854.577645   97706 random_forest.cc:956] Train tree 20/240 accuracy:0.713224 logloss:1.17836 [index:22 total:14m18.02s tree:14m18.02s]
I0000 00:00:1770238881.646350   97704 random_forest.cc:956] Train tree 21/240 accuracy:0.71502 logloss:1.09899 [index:19 total:14m45.09s tree:14m45.09s]
I0000 00:00:1770238908.768967   97701 random_forest.cc:956] Train tree 22/240 accuracy:0.716665 logloss:1.03096 [index:14 total:15m12.21s tree:15m12.21s]
I0000 00:00:1770238936.191188   97732 random_forest.cc:956] Train tree 23/240 accuracy:0.718163 logloss:0.97205 [index:47 total:15m39.64s tree:15m39.63s]
I0000 00:00:1770238963.679690   97699 random_forest.cc:956] Train tree 24/240 accuracy:0.719524 logloss:0.921118 [index:7 total:16m7.12s tree:16m7.12s]
I0000 00:00:1770238990.876867   97711 random_forest.cc:956] Train tree 25/240 accuracy:0.720941 logloss:0.877912 [index:27 total:16m34.32s tree:16m34.32s]
I0000 00:00:1770239018.531234   97726 random_forest.cc:956] Train tree 26/240 accuracy:0.722082 logloss:0.839662 [index:39 total:17m1.98s tree:17m1.97s]
I0000 00:00:1770239045.723305   97698 random_forest.cc:956] Train tree 27/240 accuracy:0.723272 logloss:0.806675 [index:6 total:17m29.17s tree:17m29.17s]
I0000 00:00:1770239072.896215   97695 random_forest.cc:956] Train tree 28/240 accuracy:0.724389 logloss:0.778254 [index:5 total:17m56.34s tree:17m56.34s]
I0000 00:00:1770239099.537968   97694 random_forest.cc:956] Train tree 29/240 accuracy:0.725411 logloss:0.752505 [index:4 total:18m22.98s tree:18m22.98s]
I0000 00:00:1770239126.876690   97723 random_forest.cc:956] Train tree 30/240 accuracy:0.726284 logloss:0.729582 [index:36 total:18m50.32s tree:18m50.32s]
I0000 00:00:1770239154.002850   97703 random_forest.cc:956] Train tree 31/240 accuracy:0.727227 logloss:0.710114 [index:17 total:19m17.45s tree:19m17.45s]
I0000 00:00:1770239181.507556   97693 random_forest.cc:956] Train tree 32/240 accuracy:0.728183 logloss:0.692613 [index:3 total:19m44.95s tree:19m44.95s]
I0000 00:00:1770239208.821461   97739 random_forest.cc:956] Train tree 33/240 accuracy:0.728948 logloss:0.676976 [index:0 total:20m12.27s tree:20m12.27s]
I0000 00:00:1770239236.177120   97719 random_forest.cc:956] Train tree 34/240 accuracy:0.729816 logloss:0.662862 [index:34 total:20m39.62s tree:20m39.62s]
I0000 00:00:1770239263.358900   97730 random_forest.cc:956] Train tree 35/240 accuracy:0.730571 logloss:0.650304 [index:43 total:21m6.80s tree:21m6.80s]
I0000 00:00:1770239290.391135   97716 random_forest.cc:956] Train tree 36/240 accuracy:0.731328 logloss:0.639136 [index:30 total:21m33.84s tree:21m33.83s]
I0000 00:00:1770239318.074241   97717 random_forest.cc:956] Train tree 37/240 accuracy:0.731972 logloss:0.629665 [index:23 total:22m1.52s tree:22m1.52s]
I0000 00:00:1770239345.093235   97737 random_forest.cc:956] Train tree 38/240 accuracy:0.732686 logloss:0.620762 [index:12 total:22m28.54s tree:22m28.54s]
I0000 00:00:1770239373.138727   97738 random_forest.cc:956] Train tree 39/240 accuracy:0.73333 logloss:0.61259 [index:46 total:22m56.58s tree:22m56.58s]
I0000 00:00:1770239400.314687   97718 random_forest.cc:956] Train tree 40/240 accuracy:0.733883 logloss:0.60533 [index:35 total:23m23.76s tree:23m23.76s]
I0000 00:00:1770239428.157472   97725 random_forest.cc:956] Train tree 41/240 accuracy:0.734475 logloss:0.598397 [index:42 total:23m51.60s tree:23m51.60s]
I0000 00:00:1770239455.182111   97697 random_forest.cc:956] Train tree 42/240 accuracy:0.734956 logloss:0.592155 [index:8 total:24m18.63s tree:24m18.63s]
I0000 00:00:1770239482.317382   97707 random_forest.cc:956] Train tree 43/240 accuracy:0.735487 logloss:0.586746 [index:21 total:24m45.76s tree:24m45.76s]
I0000 00:00:1770239509.094828   97731 random_forest.cc:956] Train tree 44/240 accuracy:0.735947 logloss:0.581776 [index:10 total:25m12.54s tree:25m12.54s]
I0000 00:00:1770239536.582415   97724 random_forest.cc:956] Train tree 45/240 accuracy:0.73647 logloss:0.577238 [index:40 total:25m40.03s tree:25m40.02s]
I0000 00:00:1770239564.588347   97713 random_forest.cc:956] Train tree 46/240 accuracy:0.737017 logloss:0.572784 [index:31 total:26m8.03s tree:26m8.03s]
I0000 00:00:1770239591.566690   97736 random_forest.cc:956] Train tree 47/240 accuracy:0.73741 logloss:0.568828 [index:2 total:26m35.01s tree:26m35.01s]
I0000 00:00:1770239619.237579   97709 random_forest.cc:956] Train tree 48/240 accuracy:0.737756 logloss:0.565187 [index:26 total:27m2.68s tree:27m2.68s]
I0000 00:00:1770239646.260091   97700 random_forest.cc:956] Train tree 49/240 accuracy:0.738307 logloss:0.561721 [index:48 total:27m29.71s tree:21m30.57s]
I0000 00:00:1770239674.111336   97708 random_forest.cc:956] Train tree 50/240 accuracy:0.738732 logloss:0.558523 [index:49 total:27m57.56s tree:21m35.39s]
I0000 00:00:1770239701.990297   97705 random_forest.cc:956] Train tree 51/240 accuracy:0.73905 logloss:0.555539 [index:50 total:28m25.44s tree:21m39.82s]
I0000 00:00:1770239729.573977   97721 random_forest.cc:956] Train tree 52/240 accuracy:0.739458 logloss:0.552722 [index:51 total:28m53.02s tree:21m43.63s]
I0000 00:00:1770239756.872392   97740 random_forest.cc:956] Train tree 53/240 accuracy:0.739868 logloss:0.550221 [index:52 total:29m20.32s tree:21m46.23s]
I0000 00:00:1770239783.976583   97720 random_forest.cc:956] Train tree 54/240 accuracy:0.740237 logloss:0.547942 [index:53 total:29m47.42s tree:21m48.37s]
I0000 00:00:1770239811.423155   97714 random_forest.cc:956] Train tree 55/240 accuracy:0.740599 logloss:0.545829 [index:54 total:30m14.87s tree:21m50.28s]
I0000 00:00:1770239838.254531   97710 random_forest.cc:956] Train tree 56/240 accuracy:0.740973 logloss:0.54376 [index:55 total:30m41.70s tree:21m51.30s]
I0000 00:00:1770239865.517528   97729 random_forest.cc:956] Train tree 57/240 accuracy:0.741346 logloss:0.541921 [index:56 total:31m8.96s tree:21m51.82s]
I0000 00:00:1770239893.076316   97727 random_forest.cc:956] Train tree 58/240 accuracy:0.741638 logloss:0.540077 [index:57 total:31m36.52s tree:21m52.40s]
I0000 00:00:1770239920.645313   97696 random_forest.cc:956] Train tree 59/240 accuracy:0.741866 logloss:0.538376 [index:58 total:32m4.09s tree:21m52.59s]
I0000 00:00:1770239947.930434   97702 random_forest.cc:956] Train tree 60/240 accuracy:0.742176 logloss:0.536885 [index:59 total:32m31.38s tree:21m52.76s]
I0000 00:00:1770239974.997431   97728 random_forest.cc:956] Train tree 61/240 accuracy:0.7425 logloss:0.535515 [index:60 total:32m58.44s tree:21m52.50s]
I0000 00:00:1770240002.202266   97722 random_forest.cc:956] Train tree 62/240 accuracy:0.742769 logloss:0.534071 [index:61 total:33m25.65s tree:21m52.25s]
I0000 00:00:1770240029.457747   97715 random_forest.cc:956] Train tree 63/240 accuracy:0.743051 logloss:0.532765 [index:62 total:33m52.90s tree:21m51.91s]
I0000 00:00:1770240056.525495   97735 random_forest.cc:956] Train tree 64/240 accuracy:0.743294 logloss:0.531662 [index:63 total:34m19.97s tree:21m51.83s]
I0000 00:00:1770240084.225201   97712 random_forest.cc:956] Train tree 65/240 accuracy:0.743574 logloss:0.530566 [index:64 total:34m47.67s tree:21m51.99s]
I0000 00:00:1770240111.603461   97734 random_forest.cc:956] Train tree 66/240 accuracy:0.743838 logloss:0.529563 [index:65 total:35m15.05s tree:21m51.99s]
I0000 00:00:1770240139.217348   97733 random_forest.cc:956] Train tree 67/240 accuracy:0.744087 logloss:0.528526 [index:66 total:35m42.66s tree:21m51.98s]
I0000 00:00:1770240166.473355   97706 random_forest.cc:956] Train tree 68/240 accuracy:0.744376 logloss:0.527589 [index:67 total:36m9.92s tree:21m51.89s]
I0000 00:00:1770240193.598163   97704 random_forest.cc:956] Train tree 69/240 accuracy:0.744648 logloss:0.526656 [index:68 total:36m37.04s tree:21m51.95s]
I0000 00:00:1770240220.427023   97701 random_forest.cc:956] Train tree 70/240 accuracy:0.744842 logloss:0.525836 [index:69 total:37m3.87s tree:21m51.66s]
I0000 00:00:1770240248.116110   97732 random_forest.cc:956] Train tree 71/240 accuracy:0.745098 logloss:0.525042 [index:70 total:37m31.56s tree:21m51.92s]
I0000 00:00:1770240275.434438   97699 random_forest.cc:956] Train tree 72/240 accuracy:0.745267 logloss:0.524184 [index:71 total:37m58.88s tree:21m51.75s]
I0000 00:00:1770240302.537276   97711 random_forest.cc:956] Train tree 73/240 accuracy:0.745434 logloss:0.523445 [index:72 total:38m25.98s tree:21m51.66s]
I0000 00:00:1770240330.171681   97726 random_forest.cc:956] Train tree 74/240 accuracy:0.745662 logloss:0.52271 [index:73 total:38m53.62s tree:21m51.64s]
I0000 00:00:1770240357.386644   97698 random_forest.cc:956] Train tree 75/240 accuracy:0.745872 logloss:0.522036 [index:74 total:39m20.83s tree:21m51.66s]
I0000 00:00:1770240384.492957   97695 random_forest.cc:956] Train tree 76/240 accuracy:0.746036 logloss:0.521437 [index:75 total:39m47.94s tree:21m51.60s]
I0000 00:00:1770240411.570147   97694 random_forest.cc:956] Train tree 77/240 accuracy:0.74624 logloss:0.520807 [index:76 total:40m15.02s tree:21m52.03s]
I0000 00:00:1770240438.578295   97723 random_forest.cc:956] Train tree 78/240 accuracy:0.74642 logloss:0.520253 [index:77 total:40m42.02s tree:21m51.70s]
I0000 00:00:1770240465.776892   97703 random_forest.cc:956] Train tree 79/240 accuracy:0.746593 logloss:0.519692 [index:78 total:41m9.22s tree:21m51.77s]
I0000 00:00:1770240493.316972   97693 random_forest.cc:956] Train tree 80/240 accuracy:0.746742 logloss:0.519151 [index:79 total:41m36.76s tree:21m51.81s]
I0000 00:00:1770240520.583137   97739 random_forest.cc:956] Train tree 81/240 accuracy:0.746883 logloss:0.518605 [index:80 total:42m4.03s tree:21m51.76s]
I0000 00:00:1770240548.091951   97719 random_forest.cc:956] Train tree 82/240 accuracy:0.747042 logloss:0.518114 [index:81 total:42m31.54s tree:21m51.91s]
I0000 00:00:1770240575.040974   97730 random_forest.cc:956] Train tree 83/240 accuracy:0.747173 logloss:0.517617 [index:82 total:42m58.49s tree:21m51.68s]
I0000 00:00:1770240602.048665   97716 random_forest.cc:956] Train tree 84/240 accuracy:0.74733 logloss:0.517126 [index:83 total:43m25.49s tree:21m51.66s]
I0000 00:00:1770240629.779694   97717 random_forest.cc:956] Train tree 85/240 accuracy:0.747506 logloss:0.516681 [index:84 total:43m53.22s tree:21m51.70s]
I0000 00:00:1770240656.684345   97737 random_forest.cc:956] Train tree 86/240 accuracy:0.747658 logloss:0.516253 [index:85 total:44m20.13s tree:21m51.59s]
I0000 00:00:1770240684.923327   97738 random_forest.cc:956] Train tree 87/240 accuracy:0.747843 logloss:0.515866 [index:86 total:44m48.37s tree:21m51.78s]
I0000 00:00:1770240712.146911   97718 random_forest.cc:956] Train tree 88/240 accuracy:0.748027 logloss:0.515451 [index:87 total:45m15.59s tree:21m51.83s]
I0000 00:00:1770240739.699565   97725 random_forest.cc:956] Train tree 89/240 accuracy:0.748186 logloss:0.515095 [index:88 total:45m43.14s tree:21m51.54s]
I0000 00:00:1770240766.244724   97697 random_forest.cc:956] Train tree 90/240 accuracy:0.74827 logloss:0.514718 [index:89 total:46m9.69s tree:21m51.06s]
I0000 00:00:1770240793.568307   97707 random_forest.cc:956] Train tree 91/240 accuracy:0.74842 logloss:0.514345 [index:90 total:46m37.01s tree:21m51.25s]
I0000 00:00:1770240820.695649   97731 random_forest.cc:956] Train tree 92/240 accuracy:0.748587 logloss:0.514013 [index:91 total:47m4.14s tree:21m51.60s]
I0000 00:00:1770240848.236071   97724 random_forest.cc:956] Train tree 93/240 accuracy:0.74873 logloss:0.513689 [index:92 total:47m31.68s tree:21m51.65s]
I0000 00:00:1770240876.225914   97713 random_forest.cc:956] Train tree 94/240 accuracy:0.748845 logloss:0.513396 [index:93 total:47m59.67s tree:21m51.64s]
I0000 00:00:1770240903.205883   97736 random_forest.cc:956] Train tree 95/240 accuracy:0.749016 logloss:0.513091 [index:94 total:48m26.65s tree:21m51.64s]
I0000 00:00:1770240930.628855   97709 random_forest.cc:956] Train tree 96/240 accuracy:0.749138 logloss:0.512813 [index:95 total:48m54.07s tree:21m51.39s]
I0000 00:00:1770240958.041892   97700 random_forest.cc:956] Train tree 97/240 accuracy:0.749236 logloss:0.51255 [index:96 total:49m21.49s tree:21m51.78s]
I0000 00:00:1770240986.230697   97708 random_forest.cc:956] Train tree 98/240 accuracy:0.749338 logloss:0.512256 [index:97 total:49m49.68s tree:21m52.12s]
I0000 00:00:1770241014.009650   97705 random_forest.cc:956] Train tree 99/240 accuracy:0.749469 logloss:0.512001 [index:98 total:50m17.45s tree:21m52.02s]
I0000 00:00:1770241041.315610   97721 random_forest.cc:956] Train tree 100/240 accuracy:0.749586 logloss:0.511748 [index:99 total:50m44.76s tree:21m51.74s]
I0000 00:00:1770241068.767740   97740 random_forest.cc:956] Train tree 101/240 accuracy:0.749691 logloss:0.511502 [index:100 total:51m12.21s tree:21m51.89s]
I0000 00:00:1770241096.267700   97720 random_forest.cc:956] Train tree 102/240 accuracy:0.749779 logloss:0.511298 [index:101 total:51m39.71s tree:21m52.29s]
I0000 00:00:1770241123.444456   97714 random_forest.cc:956] Train tree 103/240 accuracy:0.7499 logloss:0.511085 [index:102 total:52m6.89s tree:21m52.02s]
I0000 00:00:1770241150.364219   97710 random_forest.cc:956] Train tree 104/240 accuracy:0.750007 logloss:0.510868 [index:103 total:52m33.81s tree:21m52.11s]
I0000 00:00:1770241177.942578   97729 random_forest.cc:956] Train tree 105/240 accuracy:0.750084 logloss:0.51064 [index:104 total:53m1.39s tree:21m52.42s]
I0000 00:00:1770241205.500483   97727 random_forest.cc:956] Train tree 106/240 accuracy:0.750226 logloss:0.510412 [index:105 total:53m28.95s tree:21m52.42s]
I0000 00:00:1770241232.989043   97696 random_forest.cc:956] Train tree 107/240 accuracy:0.750309 logloss:0.510203 [index:106 total:53m56.43s tree:21m52.34s]
I0000 00:00:1770241260.103136   97702 random_forest.cc:956] Train tree 108/240 accuracy:0.750397 logloss:0.510002 [index:107 total:54m23.55s tree:21m52.17s]
I0000 00:00:1770241287.395567   97728 random_forest.cc:956] Train tree 109/240 accuracy:0.750578 logloss:0.509764 [index:108 total:54m50.84s tree:21m52.40s]
I0000 00:00:1770241315.025813   97722 random_forest.cc:956] Train tree 110/240 accuracy:0.750624 logloss:0.509561 [index:109 total:55m18.47s tree:21m52.82s]
I0000 00:00:1770241342.235259   97715 random_forest.cc:956] Train tree 111/240 accuracy:0.750752 logloss:0.50938 [index:110 total:55m45.68s tree:21m52.78s]
I0000 00:00:1770241369.427293   97735 random_forest.cc:956] Train tree 112/240 accuracy:0.750846 logloss:0.509221 [index:111 total:56m12.87s tree:21m52.90s]
I0000 00:00:1770241396.893145   97712 random_forest.cc:956] Train tree 113/240 accuracy:0.75094 logloss:0.509055 [index:112 total:56m40.34s tree:21m52.67s]
I0000 00:00:1770241424.113385   97734 random_forest.cc:956] Train tree 114/240 accuracy:0.751019 logloss:0.508895 [index:113 total:57m7.56s tree:21m52.51s]
I0000 00:00:1770241451.674169   97733 random_forest.cc:956] Train tree 115/240 accuracy:0.751122 logloss:0.508751 [index:114 total:57m35.12s tree:21m52.46s]
I0000 00:00:1770241478.870624   97706 random_forest.cc:956] Train tree 116/240 accuracy:0.751176 logloss:0.508594 [index:115 total:58m2.32s tree:21m52.40s]
I0000 00:00:1770241505.742103   97704 random_forest.cc:956] Train tree 117/240 accuracy:0.751295 logloss:0.508403 [index:116 total:58m29.19s tree:21m52.14s]
I0000 00:00:1770241532.994942   97701 random_forest.cc:956] Train tree 118/240 accuracy:0.751423 logloss:0.50823 [index:117 total:58m56.44s tree:21m52.57s]
I0000 00:00:1770241560.628154   97732 random_forest.cc:956] Train tree 119/240 accuracy:0.751513 logloss:0.508079 [index:118 total:59m24.07s tree:21m52.51s]
I0000 00:00:1770241588.225233   97699 random_forest.cc:956] Train tree 120/240 accuracy:0.751619 logloss:0.507883 [index:119 total:59m51.67s tree:21m52.79s]
I0000 00:00:1770241615.698524   97711 random_forest.cc:956] Train tree 121/240 accuracy:0.751676 logloss:0.50772 [index:120 total:1h0m19.14s tree:21m53.16s]
I0000 00:00:1770241643.228217   97726 random_forest.cc:956] Train tree 122/240 accuracy:0.751723 logloss:0.507625 [index:121 total:1h0m46.67s tree:21m53.06s]
I0000 00:00:1770241669.339243   97698 random_forest.cc:956] Train tree 123/240 accuracy:0.751813 logloss:0.507481 [index:122 total:1h1m12.78s tree:21m51.95s]
I0000 00:00:1770241696.589758   97695 random_forest.cc:956] Train tree 124/240 accuracy:0.751893 logloss:0.507321 [index:123 total:1h1m40.03s tree:21m52.09s]
I0000 00:00:1770241723.581252   97694 random_forest.cc:956] Train tree 125/240 accuracy:0.751966 logloss:0.507199 [index:124 total:1h2m7.03s tree:21m52.01s]
I0000 00:00:1770241750.836473   97723 random_forest.cc:956] Train tree 126/240 accuracy:0.752026 logloss:0.50709 [index:125 total:1h2m34.28s tree:21m52.26s]
I0000 00:00:1770241777.932552   97703 random_forest.cc:956] Train tree 127/240 accuracy:0.752107 logloss:0.506983 [index:126 total:1h3m1.38s tree:21m52.15s]
I0000 00:00:1770241805.718858   97693 random_forest.cc:956] Train tree 128/240 accuracy:0.752172 logloss:0.506885 [index:127 total:1h3m29.16s tree:21m52.40s]
I0000 00:00:1770241832.824296   97739 random_forest.cc:956] Train tree 129/240 accuracy:0.75228 logloss:0.50676 [index:128 total:1h3m56.27s tree:21m52.24s]
I0000 00:00:1770241860.401403   97719 random_forest.cc:956] Train tree 130/240 accuracy:0.752337 logloss:0.506648 [index:129 total:1h4m23.85s tree:21m52.31s]
I0000 00:00:1770241887.458394   97730 random_forest.cc:956] Train tree 131/240 accuracy:0.75239 logloss:0.506521 [index:130 total:1h4m50.90s tree:21m52.42s]
I0000 00:00:1770241915.001433   97716 random_forest.cc:956] Train tree 132/240 accuracy:0.752485 logloss:0.506403 [index:131 total:1h5m18.45s tree:21m52.95s]
I0000 00:00:1770241942.135096   97717 random_forest.cc:956] Train tree 133/240 accuracy:0.752556 logloss:0.506291 [index:132 total:1h5m45.58s tree:21m52.35s]
I0000 00:00:1770241969.110622   97737 random_forest.cc:956] Train tree 134/240 accuracy:0.752612 logloss:0.506177 [index:133 total:1h6m12.56s tree:21m52.42s]
I0000 00:00:1770241996.823169   97738 random_forest.cc:956] Train tree 135/240 accuracy:0.752659 logloss:0.506057 [index:134 total:1h6m40.27s tree:21m51.90s]
I0000 00:00:1770242024.126636   97718 random_forest.cc:956] Train tree 136/240 accuracy:0.752735 logloss:0.50597 [index:135 total:1h7m7.57s tree:21m51.98s]
I0000 00:00:1770242051.742616   97725 random_forest.cc:956] Train tree 137/240 accuracy:0.752776 logloss:0.505881 [index:136 total:1h7m35.19s tree:21m52.04s]
I0000 00:00:1770242078.488156   97697 random_forest.cc:956] Train tree 138/240 accuracy:0.752862 logloss:0.505785 [index:137 total:1h8m1.93s tree:21m52.24s]
I0000 00:00:1770242105.554147   97707 random_forest.cc:956] Train tree 139/240 accuracy:0.75293 logloss:0.505689 [index:138 total:1h8m29.00s tree:21m51.98s]
I0000 00:00:1770242132.771830   97731 random_forest.cc:956] Train tree 140/240 accuracy:0.753019 logloss:0.505616 [index:139 total:1h8m56.22s tree:21m52.07s]
I0000 00:00:1770242157.763472   97724 random_forest.cc:956] Train tree 141/240 accuracy:0.753049 logloss:0.505487 [index:140 total:1h9m21.21s tree:21m49.53s]
I0000 00:00:1770242185.935896   97713 random_forest.cc:956] Train tree 142/240 accuracy:0.75312 logloss:0.505395 [index:141 total:1h9m49.38s tree:21m49.71s]
I0000 00:00:1770242212.914438   97736 random_forest.cc:956] Train tree 143/240 accuracy:0.753167 logloss:0.505305 [index:142 total:1h10m16.36s tree:21m49.71s]
I0000 00:00:1770242240.459812   97709 random_forest.cc:956] Train tree 144/240 accuracy:0.753195 logloss:0.505219 [index:143 total:1h10m43.90s tree:21m49.83s]
I0000 00:00:1770242267.845351   97700 random_forest.cc:956] Train tree 145/240 accuracy:0.753273 logloss:0.505137 [index:144 total:1h11m11.29s tree:21m49.80s]
I0000 00:00:1770242295.973259   97708 random_forest.cc:956] Train tree 146/240 accuracy:0.753305 logloss:0.505058 [index:145 total:1h11m39.42s tree:21m49.74s]
I0000 00:00:1770242323.794676   97705 random_forest.cc:956] Train tree 147/240 accuracy:0.753382 logloss:0.504971 [index:146 total:1h12m7.24s tree:21m49.78s]
I0000 00:00:1770242351.430383   97721 random_forest.cc:956] Train tree 148/240 accuracy:0.753452 logloss:0.504891 [index:147 total:1h12m34.88s tree:21m50.11s]
I0000 00:00:1770242378.826632   97740 random_forest.cc:956] Train tree 149/240 accuracy:0.753506 logloss:0.504785 [index:148 total:1h13m2.27s tree:21m50.06s]
I0000 00:00:1770242406.091321   97720 random_forest.cc:956] Train tree 150/240 accuracy:0.753555 logloss:0.504704 [index:149 total:1h13m29.54s tree:21m49.82s]
I0000 00:00:1770242433.558918   97714 random_forest.cc:956] Train tree 151/240 accuracy:0.753607 logloss:0.504625 [index:150 total:1h13m57.00s tree:21m50.11s]
I0000 00:00:1770242460.371398   97710 random_forest.cc:956] Train tree 152/240 accuracy:0.753629 logloss:0.504575 [index:151 total:1h14m23.82s tree:21m50.01s]
I0000 00:00:1770242487.993153   97729 random_forest.cc:956] Train tree 153/240 accuracy:0.753689 logloss:0.504516 [index:152 total:1h14m51.44s tree:21m50.05s]
I0000 00:00:1770242515.707100   97727 random_forest.cc:956] Train tree 154/240 accuracy:0.753771 logloss:0.504432 [index:153 total:1h15m19.15s tree:21m50.21s]
I0000 00:00:1770242543.457213   97696 random_forest.cc:956] Train tree 155/240 accuracy:0.753811 logloss:0.504377 [index:154 total:1h15m46.90s tree:21m50.47s]
I0000 00:00:1770242570.056367   97702 random_forest.cc:956] Train tree 156/240 accuracy:0.753863 logloss:0.504332 [index:155 total:1h16m13.50s tree:21m49.95s]
I0000 00:00:1770242597.355273   97728 random_forest.cc:956] Train tree 157/240 accuracy:0.753915 logloss:0.50427 [index:156 total:1h16m40.80s tree:21m49.96s]
I0000 00:00:1770242624.696667   97722 random_forest.cc:956] Train tree 158/240 accuracy:0.753973 logloss:0.504188 [index:157 total:1h17m8.14s tree:21m49.67s]
I0000 00:00:1770242651.945194   97715 random_forest.cc:956] Train tree 159/240 accuracy:0.754026 logloss:0.504155 [index:158 total:1h17m35.39s tree:21m49.71s]
I0000 00:00:1770242679.398403   97735 random_forest.cc:956] Train tree 160/240 accuracy:0.7541 logloss:0.504087 [index:159 total:1h18m2.84s tree:21m49.97s]
I0000 00:00:1770242707.167647   97712 random_forest.cc:956] Train tree 161/240 accuracy:0.75416 logloss:0.504009 [index:160 total:1h18m30.61s tree:21m50.27s]
I0000 00:00:1770242734.553012   97734 random_forest.cc:956] Train tree 162/240 accuracy:0.754204 logloss:0.503945 [index:161 total:1h18m58.00s tree:21m50.44s]
I0000 00:00:1770242762.082264   97733 random_forest.cc:956] Train tree 163/240 accuracy:0.754247 logloss:0.503905 [index:162 total:1h19m25.53s tree:21m50.41s]
I0000 00:00:1770242789.811101   97706 random_forest.cc:956] Train tree 164/240 accuracy:0.754323 logloss:0.503835 [index:163 total:1h19m53.26s tree:21m50.94s]
I0000 00:00:1770242816.765490   97704 random_forest.cc:956] Train tree 165/240 accuracy:0.754338 logloss:0.503782 [index:164 total:1h20m20.21s tree:21m51.02s]
I0000 00:00:1770242843.776326   97701 random_forest.cc:956] Train tree 166/240 accuracy:0.75436 logloss:0.5037 [index:165 total:1h20m47.22s tree:21m50.78s]
I0000 00:00:1770242871.226304   97732 random_forest.cc:956] Train tree 167/240 accuracy:0.754437 logloss:0.50364 [index:166 total:1h21m14.67s tree:21m50.60s]
I0000 00:00:1770242898.833502   97699 random_forest.cc:956] Train tree 168/240 accuracy:0.754487 logloss:0.503601 [index:167 total:1h21m42.28s tree:21m50.61s]
I0000 00:00:1770242925.945001   97711 random_forest.cc:956] Train tree 169/240 accuracy:0.754538 logloss:0.503552 [index:168 total:1h22m9.39s tree:21m50.24s]
I0000 00:00:1770242953.664824   97726 random_forest.cc:956] Train tree 170/240 accuracy:0.754556 logloss:0.50349 [index:169 total:1h22m37.11s tree:21m50.44s]
I0000 00:00:1770242980.611217   97698 random_forest.cc:956] Train tree 171/240 accuracy:0.75462 logloss:0.503441 [index:170 total:1h23m4.06s tree:21m51.27s]
I0000 00:00:1770243007.705004   97695 random_forest.cc:956] Train tree 172/240 accuracy:0.754659 logloss:0.503398 [index:171 total:1h23m31.15s tree:21m51.11s]
I0000 00:00:1770243034.398143   97694 random_forest.cc:956] Train tree 173/240 accuracy:0.754731 logloss:0.503366 [index:172 total:1h23m57.84s tree:21m50.82s]
I0000 00:00:1770243061.686627   97723 random_forest.cc:956] Train tree 174/240 accuracy:0.754777 logloss:0.503334 [index:173 total:1h24m25.13s tree:21m50.85s]
I0000 00:00:1770243088.840592   97703 random_forest.cc:956] Train tree 175/240 accuracy:0.754813 logloss:0.503285 [index:174 total:1h24m52.29s tree:21m50.91s]
I0000 00:00:1770243116.682879   97693 random_forest.cc:956] Train tree 176/240 accuracy:0.75484 logloss:0.50325 [index:175 total:1h25m20.13s tree:21m50.96s]
I0000 00:00:1770243144.127097   97739 random_forest.cc:956] Train tree 177/240 accuracy:0.754905 logloss:0.503182 [index:176 total:1h25m47.57s tree:21m51.30s]
I0000 00:00:1770243171.494458   97719 random_forest.cc:956] Train tree 178/240 accuracy:0.754964 logloss:0.503152 [index:177 total:1h26m14.94s tree:21m51.09s]
I0000 00:00:1770243198.850422   97730 random_forest.cc:956] Train tree 179/240 accuracy:0.755025 logloss:0.503103 [index:178 total:1h26m42.30s tree:21m51.39s]
I0000 00:00:1770243226.340148   97716 random_forest.cc:956] Train tree 180/240 accuracy:0.755087 logloss:0.503042 [index:179 total:1h27m9.79s tree:21m51.34s]
I0000 00:00:1770243253.568398   97717 random_forest.cc:956] Train tree 181/240 accuracy:0.755123 logloss:0.502993 [index:180 total:1h27m37.01s tree:21m51.43s]
I0000 00:00:1770243280.803583   97737 random_forest.cc:956] Train tree 182/240 accuracy:0.755147 logloss:0.502938 [index:181 total:1h28m4.25s tree:21m51.69s]
I0000 00:00:1770243308.295399   97738 random_forest.cc:956] Train tree 183/240 accuracy:0.755199 logloss:0.502905 [index:182 total:1h28m31.74s tree:21m51.47s]
I0000 00:00:1770243335.593490   97718 random_forest.cc:956] Train tree 184/240 accuracy:0.755241 logloss:0.502852 [index:183 total:1h28m59.04s tree:21m51.47s]
I0000 00:00:1770243363.001534   97725 random_forest.cc:956] Train tree 185/240 accuracy:0.755207 logloss:0.50282 [index:184 total:1h29m26.45s tree:21m51.26s]
I0000 00:00:1770243389.945080   97697 random_forest.cc:956] Train tree 186/240 accuracy:0.755264 logloss:0.502768 [index:185 total:1h29m53.39s tree:21m51.46s]
I0000 00:00:1770243416.797099   97707 random_forest.cc:956] Train tree 187/240 accuracy:0.755306 logloss:0.502718 [index:186 total:1h30m20.24s tree:21m51.24s]
I0000 00:00:1770243443.551083   97731 random_forest.cc:956] Train tree 188/240 accuracy:0.755349 logloss:0.502673 [index:187 total:1h30m47.00s tree:21m50.78s]
I0000 00:00:1770243470.728518   97724 random_forest.cc:956] Train tree 189/240 accuracy:0.755365 logloss:0.502645 [index:188 total:1h31m14.17s tree:21m52.96s]
I0000 00:00:1770243498.750106   97713 random_forest.cc:956] Train tree 190/240 accuracy:0.75539 logloss:0.502616 [index:189 total:1h31m42.20s tree:21m52.81s]
I0000 00:00:1770243525.641619   97736 random_forest.cc:956] Train tree 191/240 accuracy:0.755416 logloss:0.502602 [index:190 total:1h32m9.09s tree:21m52.73s]
I0000 00:00:1770243552.961397   97709 random_forest.cc:956] Train tree 192/240 accuracy:0.755444 logloss:0.502549 [index:191 total:1h32m36.41s tree:21m52.50s]
I0000 00:00:1770243580.203598   97700 random_forest.cc:956] Train tree 193/240 accuracy:0.755488 logloss:0.50252 [index:192 total:1h33m3.65s tree:21m52.36s]
I0000 00:00:1770243607.532181   97708 random_forest.cc:956] Train tree 194/240 accuracy:0.755551 logloss:0.502488 [index:193 total:1h33m30.98s tree:21m51.56s]
I0000 00:00:1770243634.794044   97705 random_forest.cc:956] Train tree 195/240 accuracy:0.755575 logloss:0.502449 [index:194 total:1h33m58.24s tree:21m51.00s]
I0000 00:00:1770243661.128246   97721 random_forest.cc:956] Train tree 196/240 accuracy:0.755616 logloss:0.502388 [index:195 total:1h34m24.57s tree:21m49.70s]
I0000 00:00:1770243686.782070   97740 random_forest.cc:956] Train tree 197/240 accuracy:0.755659 logloss:0.502352 [index:196 total:1h34m50.23s tree:21m47.95s]
I0000 00:00:1770243712.233476   97720 random_forest.cc:956] Train tree 198/240 accuracy:0.755675 logloss:0.502312 [index:197 total:1h35m15.68s tree:21m46.14s]
I0000 00:00:1770243737.024266   97714 random_forest.cc:956] Train tree 199/240 accuracy:0.755693 logloss:0.502267 [index:198 total:1h35m40.47s tree:21m43.46s]
I0000 00:00:1770243760.947396   97710 random_forest.cc:956] Train tree 200/240 accuracy:0.755721 logloss:0.50224 [index:199 total:1h36m4.39s tree:21m40.57s]
I0000 00:00:1770243785.022221   97729 random_forest.cc:956] Train tree 201/240 accuracy:0.755799 logloss:0.502187 [index:200 total:1h36m28.47s tree:21m37.03s]
I0000 00:00:1770243808.467896   97727 random_forest.cc:956] Train tree 202/240 accuracy:0.755836 logloss:0.502148 [index:201 total:1h36m51.91s tree:21m32.76s]
I0000 00:00:1770243831.092167   97696 random_forest.cc:956] Train tree 203/240 accuracy:0.755876 logloss:0.502108 [index:202 total:1h37m14.54s tree:21m27.63s]
I0000 00:00:1770243852.731447   97702 random_forest.cc:956] Train tree 204/240 accuracy:0.755936 logloss:0.502065 [index:203 total:1h37m36.18s tree:21m22.67s]
I0000 00:00:1770243873.370486   97728 random_forest.cc:956] Train tree 205/240 accuracy:0.755958 logloss:0.502028 [index:204 total:1h37m56.82s tree:21m16.01s]
I0000 00:00:1770243894.163188   97722 random_forest.cc:956] Train tree 206/240 accuracy:0.755969 logloss:0.501999 [index:205 total:1h38m17.61s tree:21m9.47s]
I0000 00:00:1770243915.217463   97715 random_forest.cc:956] Train tree 207/240 accuracy:0.756013 logloss:0.501955 [index:206 total:1h38m38.66s tree:21m3.27s]
I0000 00:00:1770243936.246202   97735 random_forest.cc:956] Train tree 208/240 accuracy:0.756034 logloss:0.501911 [index:207 total:1h38m59.69s tree:20m56.85s]
I0000 00:00:1770243957.524392   97712 random_forest.cc:956] Train tree 209/240 accuracy:0.756079 logloss:0.501881 [index:208 total:1h39m20.97s tree:20m50.35s]
I0000 00:00:1770243978.353471   97734 random_forest.cc:956] Train tree 210/240 accuracy:0.7561 logloss:0.501832 [index:209 total:1h39m41.80s tree:20m43.80s]
I0000 00:00:1770243999.345629   97733 random_forest.cc:956] Train tree 211/240 accuracy:0.756099 logloss:0.501792 [index:210 total:1h40m2.79s tree:20m37.26s]
I0000 00:00:1770244020.386929   97706 random_forest.cc:956] Train tree 212/240 accuracy:0.756132 logloss:0.501749 [index:211 total:1h40m23.83s tree:20m30.57s]
I0000 00:00:1770244040.881144   97704 random_forest.cc:956] Train tree 213/240 accuracy:0.75618 logloss:0.501729 [index:212 total:1h40m44.33s tree:20m24.11s]
I0000 00:00:1770244061.321868   97701 random_forest.cc:956] Train tree 214/240 accuracy:0.756202 logloss:0.501703 [index:213 total:1h41m4.77s tree:20m17.54s]
I0000 00:00:1770244082.397132   97732 random_forest.cc:956] Train tree 215/240 accuracy:0.756253 logloss:0.50166 [index:214 total:1h41m25.84s tree:20m11.17s]
I0000 00:00:1770244103.390244   97699 random_forest.cc:956] Train tree 216/240 accuracy:0.756248 logloss:0.501636 [index:215 total:1h41m46.84s tree:20m4.56s]
I0000 00:00:1770244124.144885   97711 random_forest.cc:956] Train tree 217/240 accuracy:0.756268 logloss:0.501615 [index:216 total:1h42m7.59s tree:19m58.20s]
I0000 00:00:1770244145.269216   97726 random_forest.cc:956] Train tree 218/240 accuracy:0.756341 logloss:0.501572 [index:217 total:1h42m28.71s tree:19m51.60s]
I0000 00:00:1770244166.191586   97698 random_forest.cc:956] Train tree 219/240 accuracy:0.756362 logloss:0.501548 [index:218 total:1h42m49.64s tree:19m45.58s]
I0000 00:00:1770244186.873012   97695 random_forest.cc:956] Train tree 220/240 accuracy:0.75638 logloss:0.501527 [index:219 total:1h43m10.32s tree:19m39.17s]
I0000 00:00:1770244206.837550   97694 random_forest.cc:956] Train tree 221/240 accuracy:0.756429 logloss:0.501512 [index:220 total:1h43m30.28s tree:19m32.44s]
I0000 00:00:1770244227.635496   97723 random_forest.cc:956] Train tree 222/240 accuracy:0.756433 logloss:0.50149 [index:221 total:1h43m51.08s tree:19m25.95s]
I0000 00:00:1770244248.276140   97703 random_forest.cc:956] Train tree 223/240 accuracy:0.756464 logloss:0.501471 [index:222 total:1h44m11.72s tree:19m19.43s]
I0000 00:00:1770244269.270562   97693 random_forest.cc:956] Train tree 224/240 accuracy:0.756463 logloss:0.501421 [index:223 total:1h44m32.72s tree:19m12.59s]
I0000 00:00:1770244290.143032   97739 random_forest.cc:956] Train tree 225/240 accuracy:0.756488 logloss:0.501397 [index:224 total:1h44m53.59s tree:19m6.01s]
I0000 00:00:1770244310.935760   97719 random_forest.cc:956] Train tree 226/240 accuracy:0.756509 logloss:0.501371 [index:225 total:1h45m14.38s tree:18m59.44s]
I0000 00:00:1770244331.634251   97730 random_forest.cc:956] Train tree 227/240 accuracy:0.756559 logloss:0.501365 [index:226 total:1h45m35.08s tree:18m52.78s]
I0000 00:00:1770244352.421935   97716 random_forest.cc:956] Train tree 228/240 accuracy:0.756567 logloss:0.501354 [index:227 total:1h45m55.87s tree:18m46.08s]
I0000 00:00:1770244372.817606   97717 random_forest.cc:956] Train tree 229/240 accuracy:0.756566 logloss:0.501338 [index:228 total:1h46m16.26s tree:18m39.25s]
I0000 00:00:1770244393.517409   97737 random_forest.cc:956] Train tree 230/240 accuracy:0.756591 logloss:0.501312 [index:229 total:1h46m36.96s tree:18m32.71s]
I0000 00:00:1770244414.542336   97738 random_forest.cc:956] Train tree 231/240 accuracy:0.756616 logloss:0.50129 [index:230 total:1h46m57.99s tree:18m26.25s]
I0000 00:00:1770244435.127603   97718 random_forest.cc:956] Train tree 232/240 accuracy:0.756637 logloss:0.501267 [index:231 total:1h47m18.57s tree:18m19.53s]
I0000 00:00:1770244456.258274   97725 random_forest.cc:956] Train tree 233/240 accuracy:0.756653 logloss:0.501254 [index:232 total:1h47m39.70s tree:18m13.26s]
I0000 00:00:1770244476.794374   97697 random_forest.cc:956] Train tree 234/240 accuracy:0.756677 logloss:0.501226 [index:233 total:1h48m0.24s tree:18m6.85s]
I0000 00:00:1770244497.444097   97707 random_forest.cc:956] Train tree 235/240 accuracy:0.756709 logloss:0.501213 [index:234 total:1h48m20.89s tree:18m0.65s]
I0000 00:00:1770244518.124052   97731 random_forest.cc:956] Train tree 236/240 accuracy:0.756736 logloss:0.501195 [index:235 total:1h48m41.57s tree:17m54.57s]
I0000 00:00:1770244539.306373   97724 random_forest.cc:956] Train tree 237/240 accuracy:0.756732 logloss:0.501182 [index:236 total:1h49m2.75s tree:17m48.58s]
I0000 00:00:1770244560.794589   97713 random_forest.cc:956] Train tree 238/240 accuracy:0.75675 logloss:0.501146 [index:237 total:1h49m24.24s tree:17m42.04s]
I0000 00:00:1770244581.330548   97736 random_forest.cc:956] Train tree 239/240 accuracy:0.756802 logloss:0.50113 [index:238 total:1h49m44.78s tree:17m35.69s]
I0000 00:00:1770244602.333713   97709 random_forest.cc:956] Train tree 240/240 accuracy:0.756828 logloss:0.501103 [index:239 total:1h50m5.78s tree:17m29.37s]
I0000 00:00:1770244602.335527   97371 random_forest.cc:990] random_forest.cc Training block took: 6606.14 s
I0000 00:00:1770244602.335570   97371 random_forest.cc:1062] After Random Forest Training block. RETURNING EARLY TO SPEED UP XPS!!
-1 (automatic) threads requested. 48 threads set.
Configuring oblique splits
Using histogram splitting: Random with 256 bins
./bazel-bin/examples/train_oblique_forest --input_mode csv --train_csv "benchmarks/data/SUSY_with_header.csv" --label_col "class" --feature_split_type "Oblique" --numerical_split_type "Random" --num_trees=240 --num_threads=-1 --compute_oob_performances=true --histogram_num_bins 256


Inferring DataSpec from CSV: benchmarks/data/SUSY_with_header.csv


WARNING: All log messages before absl::InitializeLog() is called are written to STDERR
I0000 00:00:1770244610.246725  123156 csv_example_reader.cc:212] 0 row(s) processed
I0000 00:00:1770244610.251956  123156 csv_example_reader.cc:216] Stop scanning the csv file to infer the type. Some records were not considered.
I0000 00:00:1770244610.251970  123156 data_spec_inference.cc:457] 19 column(s) found
I0000 00:00:1770244610.251982  123156 csv_example_reader.cc:303] 0 row(s) processed
I0000 00:00:1770244622.052274  123156 data_spec_inference.cc:494] Finalizing [5000000 row(s) found]
I0000 00:00:1770244622.052370  123156 abstract_learner.cc:155] No input feature explicitly specified. Using all the available input features.
I0000 00:00:1770244622.052373  123156 abstract_learner.cc:172] The label "class" was removed from the input feature set.
I0000 00:00:1770244622.052776  123156 vertical_dataset_io.cc:82] 100 examples scanned.
I0000 00:00:1770244634.874304  123156 vertical_dataset_io.cc:88] 5000000 examples read. Memory: usage:380MB allocated:380MB. 0 (0%) examples have been skipped.
I0000 00:00:1770244634.874378  123156 abstract_learner.cc:155] No input feature explicitly specified. Using all the available input features.
I0000 00:00:1770244634.874382  123156 abstract_learner.cc:172] The label "class" was removed from the input feature set.
I0000 00:00:1770244634.874400  123156 random_forest.cc:465] Training random forest on 5000000 example(s) and 18 feature(s).
I0000 00:00:1770244634.874410  123156 gpu.cc:93] Cannot initialize GPU: Not compiled with GPU support
I0000 00:00:1770244635.041112  123156 random_forest.cc:659] num_threads being used: 48
I0000 00:00:1770244750.366834  123300 random_forest.cc:956] Train tree 1/240 accuracy:0.713253 logloss:8.78675 [index:11 total:1m55.33s tree:1m55.32s]
I0000 00:00:1770244766.287299  123282 random_forest.cc:956] Train tree 3/240 accuracy:0.727082 logloss:7.31414 [index:32 total:2m11.25s tree:2m11.24s]
I0000 00:00:1770244781.659129  123277 random_forest.cc:956] Train tree 5/240 accuracy:0.738452 logloss:5.77187 [index:30 total:2m26.62s tree:2m26.62s]
I0000 00:00:1770244797.436290  123290 random_forest.cc:956] Train tree 7/240 accuracy:0.747999 logloss:4.50249 [index:44 total:2m42.40s tree:2m42.39s]
I0000 00:00:1770244814.439070  123298 random_forest.cc:956] Train tree 9/240 accuracy:0.755782 logloss:3.53646 [index:46 total:2m59.40s tree:2m59.39s]
I0000 00:00:1770244831.821189  123255 random_forest.cc:956] Train tree 11/240 accuracy:0.76215 logloss:2.82879 [index:2 total:3m16.78s tree:3m16.78s]
I0000 00:00:1770244849.965085  123268 random_forest.cc:956] Train tree 13/240 accuracy:0.767271 logloss:2.31972 [index:20 total:3m34.92s tree:3m34.92s]
I0000 00:00:1770244868.162501  123271 random_forest.cc:956] Train tree 15/240 accuracy:0.771607 logloss:1.9472 [index:21 total:3m53.12s tree:3m53.12s]
I0000 00:00:1770244886.046516  123297 random_forest.cc:956] Train tree 17/240 accuracy:0.774899 logloss:1.67201 [index:8 total:4m11.01s tree:4m11.00s]
I0000 00:00:1770244903.860690  123294 random_forest.cc:956] Train tree 19/240 accuracy:0.777721 logloss:1.46525 [index:38 total:4m28.82s tree:4m28.82s]
I0000 00:00:1770244921.683204  123274 random_forest.cc:956] Train tree 21/240 accuracy:0.779979 logloss:1.30612 [index:27 total:4m46.64s tree:4m46.64s]
I0000 00:00:1770244939.518391  123262 random_forest.cc:956] Train tree 23/240 accuracy:0.781965 logloss:1.18146 [index:12 total:5m4.48s tree:5m4.48s]
I0000 00:00:1770244957.186097  123285 random_forest.cc:956] Train tree 25/240 accuracy:0.783576 logloss:1.08128 [index:35 total:5m22.14s tree:5m22.14s]
I0000 00:00:1770244975.105845  123269 random_forest.cc:956] Train tree 27/240 accuracy:0.785106 logloss:1.00123 [index:23 total:5m40.06s tree:5m40.06s]
I0000 00:00:1770244992.877623  123275 random_forest.cc:956] Train tree 29/240 accuracy:0.786342 logloss:0.933622 [index:24 total:5m57.84s tree:5m57.83s]
I0000 00:00:1770245010.744766  123254 random_forest.cc:956] Train tree 31/240 accuracy:0.787439 logloss:0.877774 [index:1 total:6m15.70s tree:6m15.70s]
I0000 00:00:1770245028.741882  123281 random_forest.cc:956] Train tree 33/240 accuracy:0.788302 logloss:0.830513 [index:34 total:6m33.70s tree:6m33.70s]
I0000 00:00:1770245047.088918  123292 random_forest.cc:956] Train tree 35/240 accuracy:0.789155 logloss:0.789357 [index:43 total:6m52.05s tree:6m52.04s]
I0000 00:00:1770245064.791607  123260 random_forest.cc:956] Train tree 37/240 accuracy:0.789934 logloss:0.753454 [index:14 total:7m9.75s tree:7m9.75s]
I0000 00:00:1770245083.101382  123295 random_forest.cc:956] Train tree 39/240 accuracy:0.790566 logloss:0.723455 [index:9 total:7m28.06s tree:7m28.06s]
I0000 00:00:1770245101.166231  123283 random_forest.cc:956] Train tree 41/240 accuracy:0.791207 logloss:0.696481 [index:37 total:7m46.13s tree:7m46.12s]
I0000 00:00:1770245119.269724  123261 random_forest.cc:956] Train tree 43/240 accuracy:0.791813 logloss:0.673387 [index:13 total:8m4.23s tree:8m4.23s]
I0000 00:00:1770245136.926324  123264 random_forest.cc:956] Train tree 45/240 accuracy:0.792238 logloss:0.653415 [index:16 total:8m21.89s tree:8m21.88s]
I0000 00:00:1770245155.012975  123272 random_forest.cc:956] Train tree 47/240 accuracy:0.79273 logloss:0.635711 [index:26 total:8m39.97s tree:8m39.97s]
I0000 00:00:1770245172.895685  123300 random_forest.cc:956] Train tree 49/240 accuracy:0.793177 logloss:0.619743 [index:48 total:8m57.85s tree:7m2.53s]
I0000 00:00:1770245190.581458  123282 random_forest.cc:956] Train tree 51/240 accuracy:0.793592 logloss:0.604625 [index:50 total:9m15.54s tree:7m4.29s]
I0000 00:00:1770245208.506049  123277 random_forest.cc:956] Train tree 53/240 accuracy:0.793896 logloss:0.591494 [index:52 total:9m33.46s tree:7m6.85s]
I0000 00:00:1770245226.124272  123290 random_forest.cc:956] Train tree 55/240 accuracy:0.794233 logloss:0.580213 [index:54 total:9m51.08s tree:7m8.69s]
I0000 00:00:1770245244.223424  123298 random_forest.cc:956] Train tree 57/240 accuracy:0.7946 logloss:0.570006 [index:56 total:10m9.18s tree:7m9.78s]
I0000 00:00:1770245262.037185  123255 random_forest.cc:956] Train tree 59/240 accuracy:0.794811 logloss:0.560711 [index:58 total:10m27.00s tree:7m10.21s]
I0000 00:00:1770245280.058707  123268 random_forest.cc:956] Train tree 61/240 accuracy:0.795113 logloss:0.551821 [index:60 total:10m45.02s tree:7m10.09s]
I0000 00:00:1770245298.140007  123271 random_forest.cc:956] Train tree 63/240 accuracy:0.795368 logloss:0.544567 [index:62 total:11m3.10s tree:7m9.98s]
I0000 00:00:1770245315.637963  123297 random_forest.cc:956] Train tree 65/240 accuracy:0.795612 logloss:0.537445 [index:64 total:11m20.60s tree:7m9.59s]
I0000 00:00:1770245333.795321  123294 random_forest.cc:956] Train tree 67/240 accuracy:0.795773 logloss:0.530182 [index:66 total:11m38.75s tree:7m9.93s]
I0000 00:00:1770245351.943602  123274 random_forest.cc:956] Train tree 69/240 accuracy:0.795984 logloss:0.524286 [index:68 total:11m56.90s tree:7m10.26s]
I0000 00:00:1770245369.591747  123262 random_forest.cc:956] Train tree 71/240 accuracy:0.796178 logloss:0.518782 [index:70 total:12m14.55s tree:7m10.07s]
I0000 00:00:1770245387.257456  123285 random_forest.cc:956] Train tree 73/240 accuracy:0.79639 logloss:0.513496 [index:72 total:12m32.22s tree:7m10.07s]
I0000 00:00:1770245405.016624  123269 random_forest.cc:956] Train tree 75/240 accuracy:0.796574 logloss:0.509155 [index:74 total:12m49.98s tree:7m9.91s]
I0000 00:00:1770245422.511140  123275 random_forest.cc:956] Train tree 77/240 accuracy:0.796689 logloss:0.505059 [index:76 total:13m7.47s tree:7m9.63s]
I0000 00:00:1770245439.796746  123254 random_forest.cc:956] Train tree 79/240 accuracy:0.796927 logloss:0.501419 [index:78 total:13m24.76s tree:7m9.05s]
I0000 00:00:1770245457.749934  123281 random_forest.cc:956] Train tree 81/240 accuracy:0.797033 logloss:0.497559 [index:80 total:13m42.71s tree:7m9.01s]
I0000 00:00:1770245475.968547  123292 random_forest.cc:956] Train tree 83/240 accuracy:0.797189 logloss:0.49443 [index:82 total:14m0.93s tree:7m8.88s]
I0000 00:00:1770245493.078460  123260 random_forest.cc:956] Train tree 85/240 accuracy:0.797379 logloss:0.491159 [index:84 total:14m18.04s tree:7m8.29s]
I0000 00:00:1770245511.119768  123295 random_forest.cc:956] Train tree 87/240 accuracy:0.797429 logloss:0.488256 [index:86 total:14m36.08s tree:7m8.02s]
I0000 00:00:1770245528.870257  123283 random_forest.cc:956] Train tree 89/240 accuracy:0.797512 logloss:0.485435 [index:88 total:14m53.83s tree:7m7.70s]
I0000 00:00:1770245546.758141  123261 random_forest.cc:956] Train tree 91/240 accuracy:0.797647 logloss:0.483119 [index:90 total:15m11.72s tree:7m7.49s]
I0000 00:00:1770245564.717509  123264 random_forest.cc:956] Train tree 93/240 accuracy:0.797782 logloss:0.480697 [index:92 total:15m29.68s tree:7m7.79s]
I0000 00:00:1770245582.991437  123272 random_forest.cc:956] Train tree 95/240 accuracy:0.797904 logloss:0.478514 [index:94 total:15m47.95s tree:7m7.98s]
I0000 00:00:1770245601.210362  123300 random_forest.cc:956] Train tree 97/240 accuracy:0.797983 logloss:0.476569 [index:96 total:16m6.17s tree:7m8.31s]
I0000 00:00:1770245618.857018  123282 random_forest.cc:956] Train tree 99/240 accuracy:0.798113 logloss:0.474656 [index:98 total:16m23.82s tree:7m8.28s]
I0000 00:00:1770245636.534400  123277 random_forest.cc:956] Train tree 101/240 accuracy:0.798246 logloss:0.472784 [index:100 total:16m41.49s tree:7m8.03s]
I0000 00:00:1770245654.040748  123290 random_forest.cc:956] Train tree 103/240 accuracy:0.798293 logloss:0.471034 [index:102 total:16m59.00s tree:7m7.92s]
I0000 00:00:1770245672.240525  123298 random_forest.cc:956] Train tree 105/240 accuracy:0.798413 logloss:0.469423 [index:104 total:17m17.20s tree:7m8.02s]
I0000 00:00:1770245689.896955  123255 random_forest.cc:956] Train tree 107/240 accuracy:0.798473 logloss:0.468022 [index:106 total:17m34.86s tree:7m7.86s]
I0000 00:00:1770245707.862785  123268 random_forest.cc:956] Train tree 109/240 accuracy:0.798557 logloss:0.466739 [index:108 total:17m52.82s tree:7m7.80s]
I0000 00:00:1770245725.824715  123271 random_forest.cc:956] Train tree 111/240 accuracy:0.798611 logloss:0.465303 [index:110 total:18m10.78s tree:7m7.68s]
I0000 00:00:1770245743.566813  123297 random_forest.cc:956] Train tree 113/240 accuracy:0.798678 logloss:0.464097 [index:112 total:18m28.53s tree:7m7.93s]
I0000 00:00:1770245761.886405  123294 random_forest.cc:956] Train tree 116/240 accuracy:0.798763 logloss:0.454093 [index:114 total:18m46.85s tree:7m8.09s]
I0000 00:00:1770245779.565837  123274 random_forest.cc:956] Train tree 118/240 accuracy:0.79881 logloss:0.453286 [index:116 total:19m4.52s tree:7m7.62s]
I0000 00:00:1770245797.752514  123262 random_forest.cc:956] Train tree 120/240 accuracy:0.798921 logloss:0.452578 [index:118 total:19m22.71s tree:7m8.16s]
I0000 00:00:1770245815.302575  123285 random_forest.cc:956] Train tree 122/240 accuracy:0.79894 logloss:0.451781 [index:120 total:19m40.26s tree:7m8.05s]
I0000 00:00:1770245833.271191  123269 random_forest.cc:956] Train tree 124/240 accuracy:0.798992 logloss:0.451101 [index:122 total:19m58.23s tree:7m8.25s]
I0000 00:00:1770245851.094188  123263 random_forest.cc:956] Train tree 126/240 accuracy:0.799033 logloss:0.450425 [index:125 total:20m16.05s tree:6m59.96s]
I0000 00:00:1770245868.909725  123291 random_forest.cc:956] Train tree 128/240 accuracy:0.79915 logloss:0.449765 [index:127 total:20m33.87s tree:7m0.20s]
I0000 00:00:1770245887.244779  123293 random_forest.cc:956] Train tree 130/240 accuracy:0.799189 logloss:0.449237 [index:129 total:20m52.20s tree:7m0.38s]
I0000 00:00:1770245905.176595  123301 random_forest.cc:956] Train tree 132/240 accuracy:0.7993 logloss:0.448716 [index:131 total:21m10.14s tree:7m0.69s]
I0000 00:00:1770245923.265497  123284 random_forest.cc:956] Train tree 134/240 accuracy:0.79937 logloss:0.448205 [index:133 total:21m28.22s tree:7m1.30s]
I0000 00:00:1770245940.914943  123280 random_forest.cc:956] Train tree 136/240 accuracy:0.799389 logloss:0.447693 [index:135 total:21m45.87s tree:7m1.14s]
I0000 00:00:1770245959.063256  123278 random_forest.cc:956] Train tree 138/240 accuracy:0.799445 logloss:0.4472 [index:137 total:22m4.02s tree:7m1.26s]
I0000 00:00:1770245976.820336  123265 random_forest.cc:956] Train tree 140/240 accuracy:0.799508 logloss:0.446661 [index:139 total:22m21.78s tree:7m1.13s]
I0000 00:00:1770245995.265750  123286 random_forest.cc:956] Train tree 142/240 accuracy:0.799542 logloss:0.446302 [index:141 total:22m40.22s tree:7m1.53s]
I0000 00:00:1770246012.978902  123299 random_forest.cc:956] Train tree 144/240 accuracy:0.799609 logloss:0.445831 [index:143 total:22m57.94s tree:7m0.80s]
I0000 00:00:1770246030.173016  123257 random_forest.cc:956] Train tree 146/240 accuracy:0.79966 logloss:0.445266 [index:145 total:23m15.13s tree:7m0.24s]
I0000 00:00:1770246048.332950  123289 random_forest.cc:956] Train tree 148/240 accuracy:0.799697 logloss:0.444964 [index:147 total:23m33.29s tree:7m0.64s]
I0000 00:00:1770246065.888255  123273 random_forest.cc:956] Train tree 150/240 accuracy:0.799758 logloss:0.444516 [index:149 total:23m50.85s tree:7m0.64s]
I0000 00:00:1770246083.774241  123267 random_forest.cc:956] Train tree 152/240 accuracy:0.799788 logloss:0.444148 [index:151 total:24m8.73s tree:7m0.58s]
I0000 00:00:1770246101.633382  123259 random_forest.cc:956] Train tree 154/240 accuracy:0.799847 logloss:0.443815 [index:153 total:24m26.59s tree:7m0.55s]
I0000 00:00:1770246119.268380  123279 random_forest.cc:956] Train tree 156/240 accuracy:0.799868 logloss:0.443507 [index:155 total:24m44.23s tree:7m0.49s]
I0000 00:00:1770246137.221173  123276 random_forest.cc:956] Train tree 158/240 accuracy:0.799933 logloss:0.443262 [index:157 total:25m2.18s tree:7m0.60s]
I0000 00:00:1770246155.341176  123258 random_forest.cc:956] Train tree 160/240 accuracy:0.79994 logloss:0.442982 [index:159 total:25m20.30s tree:7m0.49s]
I0000 00:00:1770246172.852854  123297 random_forest.cc:956] Train tree 162/240 accuracy:0.799993 logloss:0.442753 [index:160 total:25m37.81s tree:7m9.29s]
I0000 00:00:1770246191.009123  123294 random_forest.cc:956] Train tree 164/240 accuracy:0.800013 logloss:0.442478 [index:163 total:25m55.97s tree:7m9.12s]
I0000 00:00:1770246208.924733  123274 random_forest.cc:956] Train tree 166/240 accuracy:0.800045 logloss:0.442166 [index:165 total:26m13.88s tree:7m9.36s]
I0000 00:00:1770246226.596810  123262 random_forest.cc:956] Train tree 168/240 accuracy:0.800053 logloss:0.441966 [index:167 total:26m31.56s tree:7m8.84s]
I0000 00:00:1770246244.449365  123285 random_forest.cc:956] Train tree 170/240 accuracy:0.800098 logloss:0.441733 [index:169 total:26m49.41s tree:7m9.15s]
I0000 00:00:1770246262.081893  123269 random_forest.cc:956] Train tree 172/240 accuracy:0.80012 logloss:0.441519 [index:171 total:27m7.04s tree:7m8.81s]
I0000 00:00:1770246279.789186  123263 random_forest.cc:956] Train tree 174/240 accuracy:0.800167 logloss:0.441119 [index:173 total:27m24.75s tree:7m8.69s]
I0000 00:00:1770246297.790579  123291 random_forest.cc:956] Train tree 176/240 accuracy:0.800179 logloss:0.440859 [index:175 total:27m42.75s tree:7m8.88s]
I0000 00:00:1770246315.855740  123293 random_forest.cc:956] Train tree 178/240 accuracy:0.800233 logloss:0.44065 [index:177 total:28m0.81s tree:7m8.61s]
I0000 00:00:1770246333.694119  123301 random_forest.cc:956] Train tree 180/240 accuracy:0.800315 logloss:0.440445 [index:179 total:28m18.65s tree:7m8.52s]
I0000 00:00:1770246351.567313  123284 random_forest.cc:956] Train tree 182/240 accuracy:0.800302 logloss:0.440245 [index:181 total:28m36.53s tree:7m8.30s]
I0000 00:00:1770246369.192987  123280 random_forest.cc:956] Train tree 184/240 accuracy:0.800347 logloss:0.440056 [index:183 total:28m54.15s tree:7m8.28s]
I0000 00:00:1770246387.417439  123278 random_forest.cc:956] Train tree 186/240 accuracy:0.800359 logloss:0.439869 [index:185 total:29m12.38s tree:7m8.35s]
I0000 00:00:1770246405.215318  123265 random_forest.cc:956] Train tree 188/240 accuracy:0.800403 logloss:0.439718 [index:187 total:29m30.17s tree:7m8.39s]
I0000 00:00:1770246423.453780  123286 random_forest.cc:956] Train tree 190/240 accuracy:0.800417 logloss:0.43957 [index:189 total:29m48.41s tree:7m8.19s]
I0000 00:00:1770246440.908257  123299 random_forest.cc:956] Train tree 192/240 accuracy:0.800438 logloss:0.439338 [index:191 total:30m5.87s tree:7m7.93s]
I0000 00:00:1770246458.449329  123257 random_forest.cc:956] Train tree 194/240 accuracy:0.800488 logloss:0.439171 [index:193 total:30m23.41s tree:7m8.28s]
I0000 00:00:1770246475.500727  123289 random_forest.cc:956] Train tree 196/240 accuracy:0.800512 logloss:0.439027 [index:195 total:30m40.46s tree:7m7.17s]
I0000 00:00:1770246490.471368  123277 random_forest.cc:956] Train tree 198/240 accuracy:0.800586 logloss:0.43887 [index:196 total:30m55.43s tree:7m13.43s]
I0000 00:00:1770246506.218392  123267 random_forest.cc:956] Train tree 200/240 accuracy:0.800568 logloss:0.438723 [index:199 total:31m11.18s tree:7m2.44s]
I0000 00:00:1770246521.144563  123259 random_forest.cc:956] Train tree 202/240 accuracy:0.800607 logloss:0.43855 [index:201 total:31m26.10s tree:6m59.51s]
I0000 00:00:1770246535.673216  123279 random_forest.cc:956] Train tree 204/240 accuracy:0.800606 logloss:0.438412 [index:203 total:31m40.63s tree:6m56.40s]
I0000 00:00:1770246549.506426  123276 random_forest.cc:956] Train tree 206/240 accuracy:0.800589 logloss:0.438316 [index:205 total:31m54.47s tree:6m52.29s]
I0000 00:00:1770246563.063895  123258 random_forest.cc:956] Train tree 208/240 accuracy:0.800615 logloss:0.438186 [index:207 total:32m8.02s tree:6m47.72s]
I0000 00:00:1770246576.356440  123297 random_forest.cc:956] Train tree 210/240 accuracy:0.80064 logloss:0.43804 [index:209 total:32m21.32s tree:6m43.50s]
I0000 00:00:1770246590.058553  123294 random_forest.cc:956] Train tree 212/240 accuracy:0.800637 logloss:0.437905 [index:211 total:32m35.02s tree:6m39.05s]
I0000 00:00:1770246603.640512  123274 random_forest.cc:956] Train tree 214/240 accuracy:0.800674 logloss:0.43776 [index:213 total:32m48.60s tree:6m34.72s]
I0000 00:00:1770246617.054937  123262 random_forest.cc:956] Train tree 216/240 accuracy:0.800698 logloss:0.437609 [index:215 total:33m2.01s tree:6m30.46s]
I0000 00:00:1770246630.338150  123285 random_forest.cc:956] Train tree 218/240 accuracy:0.80071 logloss:0.437515 [index:217 total:33m15.30s tree:6m25.89s]
I0000 00:00:1770246643.778557  123269 random_forest.cc:956] Train tree 220/240 accuracy:0.800728 logloss:0.437354 [index:219 total:33m28.74s tree:6m21.70s]
I0000 00:00:1770246656.944921  123263 random_forest.cc:956] Train tree 222/240 accuracy:0.800745 logloss:0.437214 [index:221 total:33m41.90s tree:6m17.16s]
I0000 00:00:1770246669.950466  123291 random_forest.cc:956] Train tree 224/240 accuracy:0.800776 logloss:0.437082 [index:223 total:33m54.91s tree:6m12.16s]
I0000 00:00:1770246683.842471  123293 random_forest.cc:956] Train tree 226/240 accuracy:0.800765 logloss:0.436974 [index:225 total:34m8.80s tree:6m7.99s]
I0000 00:00:1770246697.216411  123301 random_forest.cc:956] Train tree 228/240 accuracy:0.800801 logloss:0.43686 [index:227 total:34m22.18s tree:6m3.52s]
I0000 00:00:1770246710.714189  123284 random_forest.cc:956] Train tree 230/240 accuracy:0.800788 logloss:0.436774 [index:229 total:34m35.67s tree:5m59.15s]
I0000 00:00:1770246724.183743  123280 random_forest.cc:956] Train tree 232/240 accuracy:0.800848 logloss:0.436623 [index:231 total:34m49.14s tree:5m54.99s]
I0000 00:00:1770246737.834748  123278 random_forest.cc:956] Train tree 234/240 accuracy:0.800823 logloss:0.436539 [index:233 total:35m2.79s tree:5m50.42s]
I0000 00:00:1770246751.211302  123265 random_forest.cc:956] Train tree 236/240 accuracy:0.800844 logloss:0.436408 [index:235 total:35m16.17s tree:5m46.00s]
I0000 00:00:1770246764.868331  123286 random_forest.cc:956] Train tree 238/240 accuracy:0.800868 logloss:0.436338 [index:237 total:35m29.83s tree:5m41.41s]
I0000 00:00:1770246778.492135  123299 random_forest.cc:956] Train tree 240/240 accuracy:0.800913 logloss:0.43625 [index:239 total:35m43.45s tree:5m37.58s]
I0000 00:00:1770246778.492421  123156 random_forest.cc:990] random_forest.cc Training block took: 2143.62 s
I0000 00:00:1770246778.492477  123156 random_forest.cc:1062] After Random Forest Training block. RETURNING EARLY TO SPEED UP XPS!!
-1 (automatic) threads requested. 48 threads set.
Configuring oblique splits
Using histogram splitting: Random with 256 bins
./bazel-bin/examples/train_oblique_forest --input_mode csv --train_csv "benchmarks/data/epsilon_normalized_train.csv" --label_col "label" --feature_split_type "Oblique" --numerical_split_type "Random" --num_trees=240 --num_threads=-1 --compute_oob_performances=true --histogram_num_bins 256


Inferring DataSpec from CSV: benchmarks/data/epsilon_normalized_train.csv


WARNING: All log messages before absl::InitializeLog() is called are written to STDERR
I0000 00:00:1770246781.661382  131526 csv_example_reader.cc:212] 0 row(s) processed
I0000 00:00:1770246782.200004  131526 csv_example_reader.cc:216] Stop scanning the csv file to infer the type. Some records were not considered.
I0000 00:00:1770246782.200188  131526 data_spec_inference.cc:457] 2001 column(s) found
I0000 00:00:1770246782.202862  131526 csv_example_reader.cc:303] 0 row(s) processed
I0000 00:00:1770246812.203150  131526 csv_example_reader.cc:303] 129198 row(s) processed
I0000 00:00:1770246842.203262  131526 csv_example_reader.cc:303] 258406 row(s) processed
I0000 00:00:1770246872.203494  131526 csv_example_reader.cc:303] 387372 row(s) processed
I0000 00:00:1770246875.145605  131526 data_spec_inference.cc:494] Finalizing [400000 row(s) found]
I0000 00:00:1770246875.145831  131526 abstract_learner.cc:155] No input feature explicitly specified. Using all the available input features.
I0000 00:00:1770246875.145836  131526 abstract_learner.cc:172] The label "label" was removed from the input feature set.
I0000 00:00:1770246875.175056  131526 vertical_dataset_io.cc:82] 100 examples scanned.
I0000 00:00:1770246905.186698  131526 vertical_dataset_io.cc:82] 104600 examples scanned.
I0000 00:00:1770246935.205706  131526 vertical_dataset_io.cc:82] 200200 examples scanned.
I0000 00:00:1770246965.232736  131526 vertical_dataset_io.cc:82] 293600 examples scanned.
I0000 00:00:1770246995.243666  131526 vertical_dataset_io.cc:82] 388800 examples scanned.
I0000 00:00:1770247000.030890  131526 vertical_dataset_io.cc:88] 400000 examples read. Memory: usage:3201MB allocated:3201MB. 0 (0%) examples have been skipped.
I0000 00:00:1770247000.031384  131526 abstract_learner.cc:155] No input feature explicitly specified. Using all the available input features.
I0000 00:00:1770247000.031428  131526 abstract_learner.cc:172] The label "label" was removed from the input feature set.
I0000 00:00:1770247000.031631  131526 random_forest.cc:465] Training random forest on 400000 example(s) and 2000 feature(s).
I0000 00:00:1770247000.031712  131526 gpu.cc:93] Cannot initialize GPU: Not compiled with GPU support
I0000 00:00:1770247000.045191  131526 random_forest.cc:659] num_threads being used: 48
I0000 00:00:1770247071.241106  132385 random_forest.cc:956] Train tree 1/240 accuracy:0.570612 logloss:15.4767 [index:17 total:1m11.20s tree:1m11.19s]
I0000 00:00:1770247077.315578  132383 random_forest.cc:956] Train tree 11/240 accuracy:0.596555 logloss:3.30014 [index:13 total:1m17.27s tree:1m17.27s]
I0000 00:00:1770247083.428892  132420 random_forest.cc:956] Train tree 21/240 accuracy:0.626362 logloss:0.99342 [index:47 total:1m23.38s tree:1m23.38s]
I0000 00:00:1770247089.742956  132392 random_forest.cc:956] Train tree 31/240 accuracy:0.645877 logloss:0.677059 [index:22 total:1m29.70s tree:1m29.70s]
I0000 00:00:1770247096.278511  132412 random_forest.cc:956] Train tree 41/240 accuracy:0.660113 logloss:0.625704 [index:45 total:1m36.23s tree:1m36.23s]
I0000 00:00:1770247140.584397  132385 random_forest.cc:956] Train tree 49/240 accuracy:0.668905 logloss:0.616327 [index:48 total:2m20.54s tree:1m9.34s]
I0000 00:00:1770247147.916772  132383 random_forest.cc:956] Train tree 59/240 accuracy:0.679033 logloss:0.610053 [index:58 total:2m27.87s tree:1m10.60s]
I0000 00:00:1770247154.967136  132420 random_forest.cc:956] Train tree 69/240 accuracy:0.68855 logloss:0.606418 [index:68 total:2m34.92s tree:1m11.54s]
I0000 00:00:1770247162.364873  132421 random_forest.cc:956] Train tree 79/240 accuracy:0.696238 logloss:0.603841 [index:77 total:2m42.32s tree:1m13.26s]
I0000 00:00:1770247169.270856  132412 random_forest.cc:956] Train tree 89/240 accuracy:0.702128 logloss:0.60253 [index:88 total:2m49.23s tree:1m12.99s]
I0000 00:00:1770247213.573642  132385 random_forest.cc:956] Train tree 97/240 accuracy:0.706622 logloss:0.601202 [index:96 total:3m33.53s tree:1m12.99s]
I0000 00:00:1770247220.983587  132383 random_forest.cc:956] Train tree 107/240 accuracy:0.711993 logloss:0.600031 [index:106 total:3m40.94s tree:1m13.07s]
I0000 00:00:1770247228.400314  132391 random_forest.cc:956] Train tree 117/240 accuracy:0.716135 logloss:0.599342 [index:115 total:3m48.36s tree:1m14.17s]
I0000 00:00:1770247235.946353  132421 random_forest.cc:956] Train tree 127/240 accuracy:0.719545 logloss:0.598678 [index:126 total:3m55.90s tree:1m13.58s]
I0000 00:00:1770247242.656355  132390 random_forest.cc:956] Train tree 137/240 accuracy:0.723015 logloss:0.597882 [index:137 total:4m2.61s tree:1m12.73s]
I0000 00:00:1770247285.502036  132385 random_forest.cc:956] Train tree 145/240 accuracy:0.725322 logloss:0.597328 [index:144 total:4m45.46s tree:1m11.93s]
I0000 00:00:1770247293.901965  132384 random_forest.cc:956] Train tree 155/240 accuracy:0.728302 logloss:0.596654 [index:155 total:4m53.86s tree:1m12.18s]
I0000 00:00:1770247301.281763  132391 random_forest.cc:956] Train tree 165/240 accuracy:0.731345 logloss:0.596335 [index:164 total:5m1.24s tree:1m12.88s]
I0000 00:00:1770247308.484110  132421 random_forest.cc:956] Train tree 175/240 accuracy:0.733477 logloss:0.595992 [index:174 total:5m8.44s tree:1m12.54s]
I0000 00:00:1770247316.136518  132390 random_forest.cc:956] Train tree 185/240 accuracy:0.73502 logloss:0.595757 [index:184 total:5m16.09s tree:1m13.48s]
I0000 00:00:1770247358.704692  132385 random_forest.cc:956] Train tree 193/240 accuracy:0.737105 logloss:0.595472 [index:192 total:5m58.66s tree:1m13.20s]
I0000 00:00:1770247366.883334  132384 random_forest.cc:956] Train tree 203/240 accuracy:0.738795 logloss:0.595359 [index:202 total:6m6.84s tree:1m12.98s]
I0000 00:00:1770247373.182207  132391 random_forest.cc:956] Train tree 213/240 accuracy:0.74105 logloss:0.594995 [index:212 total:6m13.14s tree:1m11.90s]
I0000 00:00:1770247379.867157  132399 random_forest.cc:956] Train tree 223/240 accuracy:0.74289 logloss:0.594679 [index:224 total:6m19.82s tree:1m9.81s]
I0000 00:00:1770247386.006861  132390 random_forest.cc:956] Train tree 233/240 accuracy:0.744452 logloss:0.594409 [index:232 total:6m25.96s tree:1m9.87s]
I0000 00:00:1770247390.434024  132378 random_forest.cc:956] Train tree 240/240 accuracy:0.745438 logloss:0.594262 [index:239 total:6m30.39s tree:1m9.65s]
I0000 00:00:1770247390.434760  131526 random_forest.cc:990] random_forest.cc Training block took: 390.404 s
I0000 00:00:1770247390.434810  131526 random_forest.cc:1062] After Random Forest Training block. RETURNING EARLY TO SPEED UP XPS!!
-1 (automatic) threads requested. 48 threads set.
Configuring oblique splits
Using histogram splitting: Random with 256 bins
./bazel-bin/examples/train_oblique_forest --input_mode csv --train_csv "benchmarks/data/cc18_binary_csv/task_14965_bank-marketing/repeat0_fold0_sample0_train.csv" --label_col "Class" --feature_split_type "Oblique" --numerical_split_type "Random" --num_trees=240 --num_threads=-1 --compute_oob_performances=true --histogram_num_bins 256


Inferring DataSpec from CSV: benchmarks/data/cc18_binary_csv/task_14965_bank-marketing/repeat0_fold0_sample0_train.csv


WARNING: All log messages before absl::InitializeLog() is called are written to STDERR
I0000 00:00:1770247390.849437  133907 csv_example_reader.cc:212] 0 row(s) processed
I0000 00:00:1770247390.851805  133907 csv_example_reader.cc:216] Stop scanning the csv file to infer the type. Some records were not considered.
I0000 00:00:1770247390.851818  133907 data_spec_inference.cc:457] 17 column(s) found
I0000 00:00:1770247390.851826  133907 csv_example_reader.cc:303] 0 row(s) processed
I0000 00:00:1770247390.892325  133907 data_spec_inference.cc:494] Finalizing [40689 row(s) found]
I0000 00:00:1770247390.892403  133907 abstract_learner.cc:155] No input feature explicitly specified. Using all the available input features.
I0000 00:00:1770247390.892405  133907 abstract_learner.cc:172] The label "Class" was removed from the input feature set.
I0000 00:00:1770247390.892704  133907 vertical_dataset_io.cc:82] 100 examples scanned.
I0000 00:00:1770247390.932141  133907 vertical_dataset_io.cc:88] 40689 examples read. Memory: usage:2MB allocated:2MB. 0 (0%) examples have been skipped.
I0000 00:00:1770247390.932176  133907 abstract_learner.cc:155] No input feature explicitly specified. Using all the available input features.
I0000 00:00:1770247390.932179  133907 abstract_learner.cc:172] The label "Class" was removed from the input feature set.
I0000 00:00:1770247390.932195  133907 random_forest.cc:465] Training random forest on 40689 example(s) and 16 feature(s).
I0000 00:00:1770247390.932202  133907 gpu.cc:93] Cannot initialize GPU: Not compiled with GPU support
I0000 00:00:1770247390.933663  133907 random_forest.cc:659] num_threads being used: 48
I0000 00:00:1770247391.222850  133914 random_forest.cc:956] Train tree 1/240 accuracy:0.873318 logloss:4.56372 [index:0 total:0.29s tree:0.29s]
I0000 00:00:1770247391.284797  133929 random_forest.cc:956] Train tree 11/240 accuracy:0.894937 logloss:1.31548 [index:25 total:0.35s tree:0.35s]
I0000 00:00:1770247391.347656  133920 random_forest.cc:956] Train tree 21/240 accuracy:0.89866 logloss:0.683331 [index:15 total:0.41s tree:0.41s]
I0000 00:00:1770247391.413659  133940 random_forest.cc:956] Train tree 31/240 accuracy:0.90162 logloss:0.475319 [index:35 total:0.48s tree:0.48s]
I0000 00:00:1770247391.486780  133918 random_forest.cc:956] Train tree 41/240 accuracy:0.90275 logloss:0.383581 [index:12 total:0.55s tree:0.55s]
I0000 00:00:1770247391.564165  133953 random_forest.cc:956] Train tree 51/240 accuracy:0.903414 logloss:0.336976 [index:50 total:0.63s tree:0.33s]
I0000 00:00:1770247391.638132  133922 random_forest.cc:956] Train tree 61/240 accuracy:0.90452 logloss:0.316258 [index:60 total:0.70s tree:0.34s]
I0000 00:00:1770247391.709418  133943 random_forest.cc:956] Train tree 71/240 accuracy:0.905232 logloss:0.299444 [index:70 total:0.78s tree:0.35s]
I0000 00:00:1770247391.781710  133942 random_forest.cc:956] Train tree 81/240 accuracy:0.905085 logloss:0.275369 [index:80 total:0.85s tree:0.35s]
I0000 00:00:1770247391.857912  133924 random_forest.cc:956] Train tree 91/240 accuracy:0.905331 logloss:0.265438 [index:90 total:0.92s tree:0.36s]
I0000 00:00:1770247391.900906  133937 random_forest.cc:956] Train tree 105/240 accuracy:0.905748 logloss:0.260861 [index:105 total:0.97s tree:0.29s]
I0000 00:00:1770247392.028982  133932 random_forest.cc:956] Train tree 123/240 accuracy:0.906093 logloss:0.248243 [index:121 total:1.10s tree:0.30s]
I0000 00:00:1770247392.156777  133941 random_forest.cc:956] Train tree 133/240 accuracy:0.906093 logloss:0.240458 [index:132 total:1.22s tree:0.34s]
I0000 00:00:1770247392.226618  133951 random_forest.cc:956] Train tree 143/240 accuracy:0.906215 logloss:0.237011 [index:141 total:1.29s tree:0.35s]
I0000 00:00:1770247392.276768  133928 random_forest.cc:956] Train tree 157/240 accuracy:0.906387 logloss:0.2337 [index:157 total:1.34s tree:0.28s]
I0000 00:00:1770247392.376425  133931 random_forest.cc:956] Train tree 170/240 accuracy:0.905994 logloss:0.231712 [index:170 total:1.44s tree:0.29s]
I0000 00:00:1770247392.461635  133918 random_forest.cc:956] Train tree 183/240 accuracy:0.905675 logloss:0.22928 [index:183 total:1.53s tree:0.28s]
I0000 00:00:1770247392.560223  133928 random_forest.cc:956] Train tree 197/240 accuracy:0.90597 logloss:0.226819 [index:197 total:1.63s tree:0.28s]
I0000 00:00:1770247392.677613  133922 random_forest.cc:956] Train tree 207/240 accuracy:0.906093 logloss:0.224115 [index:206 total:1.74s tree:0.34s]
I0000 00:00:1770247392.742510  133927 random_forest.cc:956] Train tree 217/240 accuracy:0.906093 logloss:0.223278 [index:216 total:1.81s tree:0.33s]
I0000 00:00:1770247392.805957  133944 random_forest.cc:956] Train tree 227/240 accuracy:0.906289 logloss:0.223164 [index:226 total:1.87s tree:0.32s]
I0000 00:00:1770247392.831884  133917 random_forest.cc:956] Train tree 239/240 accuracy:0.906486 logloss:0.223074 [index:239 total:1.90s tree:0.26s]
I0000 00:00:1770247392.888008  133912 random_forest.cc:956] Train tree 240/240 accuracy:0.906289 logloss:0.222973 [index:238 total:1.95s tree:0.32s]
I0000 00:00:1770247392.888697  133907 random_forest.cc:990] random_forest.cc Training block took: 1.95655 s
I0000 00:00:1770247392.888742  133907 random_forest.cc:1062] After Random Forest Training block. RETURNING EARLY TO SPEED UP XPS!!
-1 (automatic) threads requested. 48 threads set.
Configuring oblique splits
Using histogram splitting: Random with 256 bins
./bazel-bin/examples/train_oblique_forest --input_mode csv --train_csv "benchmarks/data/cc18_binary_csv/task_14952_PhishingWebsites/repeat0_fold0_sample0_train.csv" --label_col "Result" --feature_split_type "Oblique" --numerical_split_type "Random" --num_trees=240 --num_threads=-1 --compute_oob_performances=true --histogram_num_bins 256


Inferring DataSpec from CSV: benchmarks/data/cc18_binary_csv/task_14952_PhishingWebsites/repeat0_fold0_sample0_train.csv


WARNING: All log messages before absl::InitializeLog() is called are written to STDERR
I0000 00:00:1770247392.925002  133967 csv_example_reader.cc:212] 0 row(s) processed
I0000 00:00:1770247392.928833  133967 csv_example_reader.cc:216] Stop scanning the csv file to infer the type. Some records were not considered.
I0000 00:00:1770247392.928846  133967 data_spec_inference.cc:457] 31 column(s) found
I0000 00:00:1770247392.928859  133967 csv_example_reader.cc:303] 0 row(s) processed
I0000 00:00:1770247392.941802  133967 data_spec_inference.cc:494] Finalizing [9949 row(s) found]
I0000 00:00:1770247392.941864  133967 abstract_learner.cc:155] No input feature explicitly specified. Using all the available input features.
I0000 00:00:1770247392.941866  133967 abstract_learner.cc:172] The label "Result" was removed from the input feature set.
I0000 00:00:1770247392.942183  133967 vertical_dataset_io.cc:82] 100 examples scanned.
I0000 00:00:1770247392.956922  133967 vertical_dataset_io.cc:88] 9949 examples read. Memory: usage:1MB allocated:1MB. 0 (0%) examples have been skipped.
I0000 00:00:1770247392.956957  133967 abstract_learner.cc:155] No input feature explicitly specified. Using all the available input features.
I0000 00:00:1770247392.956960  133967 abstract_learner.cc:172] The label "Result" was removed from the input feature set.
I0000 00:00:1770247392.956973  133967 random_forest.cc:465] Training random forest on 9949 example(s) and 30 feature(s).
I0000 00:00:1770247392.956980  133967 gpu.cc:93] Cannot initialize GPU: Not compiled with GPU support
I0000 00:00:1770247392.957391  133967 random_forest.cc:659] num_threads being used: 48
I0000 00:00:1770247393.006350  133993 random_forest.cc:956] Train tree 1/240 accuracy:0.934968 logloss:0.92752 [index:30 total:0.05s tree:0.05s]
I0000 00:00:1770247393.022620  134008 random_forest.cc:956] Train tree 11/240 accuracy:0.963989 logloss:0.198341 [index:36 total:0.07s tree:0.06s]
I0000 00:00:1770247393.025156  133991 random_forest.cc:956] Train tree 24/240 accuracy:0.96384 logloss:0.169393 [index:28 total:0.07s tree:0.07s]
I0000 00:00:1770247393.031403  133999 random_forest.cc:956] Train tree 40/240 accuracy:0.966928 logloss:0.104137 [index:38 total:0.07s tree:0.07s]
I0000 00:00:1770247393.076598  133988 random_forest.cc:956] Train tree 50/240 accuracy:0.972158 logloss:0.0835779 [index:53 total:0.12s tree:0.06s]
I0000 00:00:1770247393.089666  134004 random_forest.cc:956] Train tree 60/240 accuracy:0.971856 logloss:0.0827631 [index:62 total:0.13s tree:0.06s]
I0000 00:00:1770247393.103143  134016 random_forest.cc:956] Train tree 70/240 accuracy:0.972962 logloss:0.08194 [index:64 total:0.15s tree:0.07s]
I0000 00:00:1770247393.117283  133974 random_forest.cc:956] Train tree 80/240 accuracy:0.972359 logloss:0.0820566 [index:82 total:0.16s tree:0.07s]
I0000 00:00:1770247393.132148  133995 random_forest.cc:956] Train tree 90/240 accuracy:0.97256 logloss:0.0819971 [index:89 total:0.17s tree:0.07s]
I0000 00:00:1770247393.147760  133972 random_forest.cc:956] Train tree 100/240 accuracy:0.97256 logloss:0.0820731 [index:102 total:0.19s tree:0.06s]
I0000 00:00:1770247393.160820  133987 random_forest.cc:956] Train tree 110/240 accuracy:0.97256 logloss:0.0817171 [index:112 total:0.20s tree:0.06s]
I0000 00:00:1770247393.175037  134009 random_forest.cc:956] Train tree 120/240 accuracy:0.97246 logloss:0.0813325 [index:118 total:0.22s tree:0.07s]
I0000 00:00:1770247393.188888  134013 random_forest.cc:956] Train tree 130/240 accuracy:0.972359 logloss:0.0814749 [index:125 total:0.23s tree:0.08s]
I0000 00:00:1770247393.204248  134002 random_forest.cc:956] Train tree 142/240 accuracy:0.972761 logloss:0.0813439 [index:149 total:0.25s tree:0.05s]
I0000 00:00:1770247393.223416  134003 random_forest.cc:956] Train tree 152/240 accuracy:0.972862 logloss:0.0816597 [index:144 total:0.27s tree:0.08s]
I0000 00:00:1770247393.234188  133971 random_forest.cc:956] Train tree 162/240 accuracy:0.972862 logloss:0.0817092 [index:169 total:0.28s tree:0.06s]
I0000 00:00:1770247393.252901  134011 random_forest.cc:956] Train tree 172/240 accuracy:0.973565 logloss:0.0818521 [index:168 total:0.30s tree:0.08s]
I0000 00:00:1770247393.265948  134013 random_forest.cc:956] Train tree 182/240 accuracy:0.973565 logloss:0.0817269 [index:177 total:0.31s tree:0.08s]
I0000 00:00:1770247393.280260  133997 random_forest.cc:956] Train tree 192/240 accuracy:0.974369 logloss:0.0816395 [index:191 total:0.32s tree:0.07s]
I0000 00:00:1770247393.295960  133971 random_forest.cc:956] Train tree 202/240 accuracy:0.974068 logloss:0.0816006 [index:205 total:0.34s tree:0.06s]
I0000 00:00:1770247393.308933  134014 random_forest.cc:956] Train tree 213/240 accuracy:0.973163 logloss:0.0815014 [index:216 total:0.35s tree:0.06s]
I0000 00:00:1770247393.326345  134005 random_forest.cc:956] Train tree 223/240 accuracy:0.973364 logloss:0.0814857 [index:227 total:0.37s tree:0.06s]
I0000 00:00:1770247393.339737  133979 random_forest.cc:956] Train tree 233/240 accuracy:0.973867 logloss:0.0814352 [index:232 total:0.38s tree:0.07s]
I0000 00:00:1770247393.348878  133997 random_forest.cc:956] Train tree 240/240 accuracy:0.973565 logloss:0.0815211 [index:239 total:0.39s tree:0.07s]
I0000 00:00:1770247393.349062  133967 random_forest.cc:990] random_forest.cc Training block took: 0.392132 s
I0000 00:00:1770247393.349091  133967 random_forest.cc:1062] After Random Forest Training block. RETURNING EARLY TO SPEED UP XPS!!
-1 (automatic) threads requested. 48 threads set.
Configuring oblique splits
Using histogram splitting: Random with 256 bins
./bazel-bin/examples/train_oblique_forest --input_mode csv --train_csv "benchmarks/data/cc18_binary_csv/task_29_credit-approval/repeat0_fold0_sample0_train.csv" --label_col "class" --feature_split_type "Oblique" --numerical_split_type "Random" --num_trees=240 --num_threads=-1 --compute_oob_performances=true --histogram_num_bins 256


Inferring DataSpec from CSV: benchmarks/data/cc18_binary_csv/task_29_credit-approval/repeat0_fold0_sample0_train.csv


WARNING: All log messages before absl::InitializeLog() is called are written to STDERR
I0000 00:00:1770247393.363726  134027 csv_example_reader.cc:212] 0 row(s) processed
I0000 00:00:1770247393.364992  134027 data_spec_inference.cc:457] 16 column(s) found
I0000 00:00:1770247393.365002  134027 csv_example_reader.cc:303] 0 row(s) processed
I0000 00:00:1770247393.365579  134027 data_spec_inference.cc:354] 1 item(s) have been pruned (i.e. they are considered out of dictionary) for the column A4 (2 item(s) left) because min_value_count=5 and max_number_of_unique_values=2000
I0000 00:00:1770247393.365584  134027 data_spec_inference.cc:354] 1 item(s) have been pruned (i.e. they are considered out of dictionary) for the column A5 (2 item(s) left) because min_value_count=5 and max_number_of_unique_values=2000
I0000 00:00:1770247393.365588  134027 data_spec_inference.cc:354] 1 item(s) have been pruned (i.e. they are considered out of dictionary) for the column A6 (13 item(s) left) because min_value_count=5 and max_number_of_unique_values=2000
I0000 00:00:1770247393.365592  134027 data_spec_inference.cc:354] 2 item(s) have been pruned (i.e. they are considered out of dictionary) for the column A7 (7 item(s) left) because min_value_count=5 and max_number_of_unique_values=2000
I0000 00:00:1770247393.365601  134027 data_spec_inference.cc:494] Finalizing [621 row(s) found]
I0000 00:00:1770247393.365655  134027 abstract_learner.cc:155] No input feature explicitly specified. Using all the available input features.
I0000 00:00:1770247393.365658  134027 abstract_learner.cc:172] The label "class" was removed from the input feature set.
I0000 00:00:1770247393.365915  134027 vertical_dataset_io.cc:82] 100 examples scanned.
I0000 00:00:1770247393.366366  134027 vertical_dataset_io.cc:88] 621 examples read. Memory: usage:0MB allocated:0MB. 0 (0%) examples have been skipped.
I0000 00:00:1770247393.366388  134027 abstract_learner.cc:155] No input feature explicitly specified. Using all the available input features.
I0000 00:00:1770247393.366392  134027 abstract_learner.cc:172] The label "class" was removed from the input feature set.
I0000 00:00:1770247393.366403  134027 random_forest.cc:465] Training random forest on 621 example(s) and 15 feature(s).
I0000 00:00:1770247393.366409  134027 gpu.cc:93] Cannot initialize GPU: Not compiled with GPU support
I0000 00:00:1770247393.366604  134027 random_forest.cc:659] num_threads being used: 48
I0000 00:00:1770247393.374042  134044 random_forest.cc:956] Train tree 1/240 accuracy:0.822727 logloss:6.07958 [index:18 total:0.01s tree:0.01s]
I0000 00:00:1770247393.374815  134030 random_forest.cc:956] Train tree 11/240 accuracy:0.837925 logloss:2.29636 [index:3 total:0.01s tree:0.01s]
I0000 00:00:1770247393.375346  134057 random_forest.cc:956] Train tree 22/240 accuracy:0.848387 logloss:1.12002 [index:26 total:0.01s tree:0.01s]
I0000 00:00:1770247393.375901  134052 random_forest.cc:956] Train tree 32/240 accuracy:0.858293 logloss:0.901915 [index:16 total:0.01s tree:0.01s]
I0000 00:00:1770247393.376577  134037 random_forest.cc:956] Train tree 42/240 accuracy:0.850242 logloss:0.791401 [index:11 total:0.01s tree:0.01s]
I0000 00:00:1770247393.381180  134044 random_forest.cc:956] Train tree 52/240 accuracy:0.850242 logloss:0.796134 [index:48 total:0.01s tree:0.01s]
I0000 00:00:1770247393.381850  134059 random_forest.cc:956] Train tree 62/240 accuracy:0.856683 logloss:0.793314 [index:66 total:0.02s tree:0.01s]
I0000 00:00:1770247393.382449  134029 random_forest.cc:956] Train tree 72/240 accuracy:0.863124 logloss:0.793688 [index:49 total:0.02s tree:0.01s]
I0000 00:00:1770247393.383066  134072 random_forest.cc:956] Train tree 82/240 accuracy:0.864734 logloss:0.73947 [index:85 total:0.02s tree:0.01s]
I0000 00:00:1770247393.383957  134069 random_forest.cc:956] Train tree 92/240 accuracy:0.864734 logloss:0.686605 [index:92 total:0.02s tree:0.01s]
I0000 00:00:1770247393.387847  134040 random_forest.cc:956] Train tree 102/240 accuracy:0.859903 logloss:0.689835 [index:95 total:0.02s tree:0.01s]
I0000 00:00:1770247393.388978  134045 random_forest.cc:956] Train tree 116/240 accuracy:0.861514 logloss:0.690423 [index:126 total:0.02s tree:0.01s]
I0000 00:00:1770247393.389878  134050 random_forest.cc:956] Train tree 127/240 accuracy:0.858293 logloss:0.64044 [index:134 total:0.02s tree:0.01s]
I0000 00:00:1770247393.390475  134068 random_forest.cc:956] Train tree 137/240 accuracy:0.864734 logloss:0.588016 [index:131 total:0.02s tree:0.01s]
I0000 00:00:1770247393.394037  134040 random_forest.cc:956] Train tree 147/240 accuracy:0.867955 logloss:0.587685 [index:149 total:0.03s tree:0.01s]
I0000 00:00:1770247393.395292  134046 random_forest.cc:956] Train tree 157/240 accuracy:0.863124 logloss:0.536771 [index:166 total:0.03s tree:0.01s]
I0000 00:00:1770247393.396261  134071 random_forest.cc:956] Train tree 171/240 accuracy:0.864734 logloss:0.537153 [index:170 total:0.03s tree:0.01s]
I0000 00:00:1770247393.397032  134039 random_forest.cc:956] Train tree 181/240 accuracy:0.863124 logloss:0.537199 [index:169 total:0.03s tree:0.01s]
I0000 00:00:1770247393.399360  134074 random_forest.cc:956] Train tree 191/240 accuracy:0.863124 logloss:0.538015 [index:190 total:0.03s tree:0.01s]
I0000 00:00:1770247393.401421  134033 random_forest.cc:956] Train tree 201/240 accuracy:0.863124 logloss:0.539443 [index:205 total:0.03s tree:0.01s]
I0000 00:00:1770247393.402919  134038 random_forest.cc:956] Train tree 211/240 accuracy:0.866345 logloss:0.537152 [index:209 total:0.04s tree:0.01s]
I0000 00:00:1770247393.403609  134062 random_forest.cc:956] Train tree 221/240 accuracy:0.863124 logloss:0.436152 [index:224 total:0.04s tree:0.01s]
I0000 00:00:1770247393.404739  134041 random_forest.cc:956] Train tree 231/240 accuracy:0.863124 logloss:0.435138 [index:225 total:0.04s tree:0.01s]
I0000 00:00:1770247393.406516  134063 random_forest.cc:956] Train tree 240/240 accuracy:0.863124 logloss:0.382983 [index:235 total:0.04s tree:0.01s]
I0000 00:00:1770247393.406658  134027 random_forest.cc:990] random_forest.cc Training block took: 0.0402869 s
I0000 00:00:1770247393.406680  134027 random_forest.cc:1062] After Random Forest Training block. RETURNING EARLY TO SPEED UP XPS!!
-1 (automatic) threads requested. 48 threads set.
Configuring oblique splits
Using histogram splitting: Random with 256 bins
./bazel-bin/examples/train_oblique_forest --input_mode csv --train_csv "benchmarks/data/cc18_binary_csv/task_167125_Internet-Advertisements/repeat0_fold0_sample0_train.csv" --label_col "class" --feature_split_type "Oblique" --numerical_split_type "Random" --num_trees=240 --num_threads=-1 --compute_oob_performances=true --histogram_num_bins 256


Inferring DataSpec from CSV: benchmarks/data/cc18_binary_csv/task_167125_Internet-Advertisements/repeat0_fold0_sample0_train.csv


WARNING: All log messages before absl::InitializeLog() is called are written to STDERR
I0000 00:00:1770247393.416790  134079 csv_example_reader.cc:212] 0 row(s) processed
I0000 00:00:1770247393.556881  134079 csv_example_reader.cc:216] Stop scanning the csv file to infer the type. Some records were not considered.
I0000 00:00:1770247393.557065  134079 data_spec_inference.cc:457] 1559 column(s) found
I0000 00:00:1770247393.557907  134079 csv_example_reader.cc:303] 0 row(s) processed
I0000 00:00:1770247393.684590  134079 data_spec_inference.cc:494] Finalizing [2951 row(s) found]
I0000 00:00:1770247393.684757  134079 abstract_learner.cc:155] No input feature explicitly specified. Using all the available input features.
I0000 00:00:1770247393.684762  134079 abstract_learner.cc:172] The label "class" was removed from the input feature set.
I0000 00:00:1770247393.692123  134079 vertical_dataset_io.cc:82] 100 examples scanned.
I0000 00:00:1770247393.855342  134079 vertical_dataset_io.cc:88] 2951 examples read. Memory: usage:4MB allocated:4MB. 0 (0%) examples have been skipped.
I0000 00:00:1770247393.855633  134079 abstract_learner.cc:155] No input feature explicitly specified. Using all the available input features.
I0000 00:00:1770247393.855674  134079 abstract_learner.cc:172] The label "class" was removed from the input feature set.
I0000 00:00:1770247393.855805  134079 random_forest.cc:465] Training random forest on 2951 example(s) and 1558 feature(s).
I0000 00:00:1770247393.855851  134079 gpu.cc:93] Cannot initialize GPU: Not compiled with GPU support
I0000 00:00:1770247393.856143  134079 random_forest.cc:659] num_threads being used: 48
I0000 00:00:1770247393.886952  134097 random_forest.cc:956] Train tree 1/240 accuracy:0.956762 logloss:1.55847 [index:24 total:0.03s tree:0.03s]
I0000 00:00:1770247393.894708  134099 random_forest.cc:956] Train tree 11/240 accuracy:0.974123 logloss:0.542729 [index:29 total:0.04s tree:0.04s]
I0000 00:00:1770247393.906399  134096 random_forest.cc:956] Train tree 21/240 accuracy:0.975593 logloss:0.35883 [index:22 total:0.05s tree:0.05s]
I0000 00:00:1770247393.912743  134100 random_forest.cc:956] Train tree 31/240 accuracy:0.977974 logloss:0.312733 [index:28 total:0.06s tree:0.05s]
I0000 00:00:1770247393.919932  134115 random_forest.cc:956] Train tree 41/240 accuracy:0.976279 logloss:0.256006 [index:46 total:0.06s tree:0.06s]
I0000 00:00:1770247393.926543  134091 random_forest.cc:956] Train tree 51/240 accuracy:0.975263 logloss:0.232621 [index:49 total:0.07s tree:0.04s]
I0000 00:00:1770247393.942172  134127 random_forest.cc:956] Train tree 61/240 accuracy:0.976957 logloss:0.221938 [index:73 total:0.09s tree:0.03s]
I0000 00:00:1770247393.950647  134088 random_forest.cc:956] Train tree 71/240 accuracy:0.976618 logloss:0.210793 [index:60 total:0.09s tree:0.05s]
I0000 00:00:1770247393.958078  134082 random_forest.cc:956] Train tree 81/240 accuracy:0.977296 logloss:0.210985 [index:76 total:0.10s tree:0.05s]
I0000 00:00:1770247393.965114  134096 random_forest.cc:956] Train tree 91/240 accuracy:0.977635 logloss:0.199273 [index:101 total:0.11s tree:0.03s]
I0000 00:00:1770247393.975470  134092 random_forest.cc:956] Train tree 101/240 accuracy:0.976618 logloss:0.198648 [index:92 total:0.12s tree:0.05s]
I0000 00:00:1770247393.981017  134085 random_forest.cc:956] Train tree 111/240 accuracy:0.976618 logloss:0.198282 [index:117 total:0.12s tree:0.03s]
I0000 00:00:1770247393.994164  134102 random_forest.cc:956] Train tree 122/240 accuracy:0.976957 logloss:0.197639 [index:113 total:0.14s tree:0.05s]
I0000 00:00:1770247394.002305  134084 random_forest.cc:956] Train tree 132/240 accuracy:0.977296 logloss:0.197949 [index:126 total:0.15s tree:0.05s]
I0000 00:00:1770247394.011451  134093 random_forest.cc:956] Train tree 142/240 accuracy:0.977296 logloss:0.19814 [index:159 total:0.16s tree:0.03s]
I0000 00:00:1770247394.023810  134113 random_forest.cc:956] Train tree 153/240 accuracy:0.976618 logloss:0.198435 [index:146 total:0.17s tree:0.05s]
I0000 00:00:1770247394.030958  134111 random_forest.cc:956] Train tree 165/240 accuracy:0.976957 logloss:0.198328 [index:154 total:0.17s tree:0.05s]
I0000 00:00:1770247394.039436  134108 random_forest.cc:956] Train tree 175/240 accuracy:0.976618 logloss:0.187653 [index:166 total:0.18s tree:0.05s]
I0000 00:00:1770247394.052306  134104 random_forest.cc:956] Train tree 185/240 accuracy:0.976957 logloss:0.187536 [index:194 total:0.20s tree:0.03s]
I0000 00:00:1770247394.060487  134100 random_forest.cc:956] Train tree 196/240 accuracy:0.976957 logloss:0.187829 [index:191 total:0.20s tree:0.05s]
I0000 00:00:1770247394.069968  134108 random_forest.cc:956] Train tree 206/240 accuracy:0.976957 logloss:0.187905 [index:222 total:0.21s tree:0.03s]
I0000 00:00:1770247394.079203  134117 random_forest.cc:956] Train tree 216/240 accuracy:0.976957 logloss:0.187618 [index:197 total:0.22s tree:0.06s]
I0000 00:00:1770247394.087469  134124 random_forest.cc:956] Train tree 226/240 accuracy:0.976957 logloss:0.176981 [index:214 total:0.23s tree:0.05s]
I0000 00:00:1770247394.102803  134126 random_forest.cc:956] Train tree 236/240 accuracy:0.976618 logloss:0.1771 [index:230 total:0.25s tree:0.05s]
I0000 00:00:1770247394.114235  134128 random_forest.cc:956] Train tree 240/240 accuracy:0.977296 logloss:0.17712 [index:235 total:0.26s tree:0.06s]
I0000 00:00:1770247394.114290  134079 random_forest.cc:990] random_forest.cc Training block took: 0.258821 s
I0000 00:00:1770247394.114311  134079 random_forest.cc:1062] After Random Forest Training block. RETURNING EARLY TO SPEED UP XPS!!
-1 (automatic) threads requested. 48 threads set.
Configuring oblique splits
Using histogram splitting: Random with 256 bins
./bazel-bin/examples/train_oblique_forest --input_mode trunk --rows 10000 --feature_split_type "Oblique" --numerical_split_type "Random" --num_trees=240 --num_threads=-1 --compute_oob_performances=true --histogram_num_bins 256
WARNING: All log messages before absl::InitializeLog() is called are written to STDERR
I0000 00:00:1770247394.467529  134131 abstract_learner.cc:155] No input feature explicitly specified. Using all the available input features.
I0000 00:00:1770247394.467551  134131 abstract_learner.cc:172] The label "y" was removed from the input feature set.
I0000 00:00:1770247394.468114  134131 random_forest.cc:465] Training random forest on 10000 example(s) and 4096 feature(s).
I0000 00:00:1770247394.468270  134131 gpu.cc:93] Cannot initialize GPU: Not compiled with GPU support
I0000 00:00:1770247394.469683  134131 random_forest.cc:659] num_threads being used: 48
I0000 00:00:1770247396.007875  134135 random_forest.cc:956] Train tree 1/240 accuracy:0.748428 logloss:9.06758 [index:9 total:1.54s tree:1.53s]
I0000 00:00:1770247396.498395  134167 random_forest.cc:956] Train tree 11/240 accuracy:0.729659 logloss:2.08538 [index:39 total:2.03s tree:2.02s]
I0000 00:00:1770247396.600118  134163 random_forest.cc:956] Train tree 21/240 accuracy:0.769 logloss:0.644616 [index:35 total:2.13s tree:2.13s]
I0000 00:00:1770247396.653290  134174 random_forest.cc:956] Train tree 31/240 accuracy:0.7861 logloss:0.508651 [index:37 total:2.18s tree:2.18s]
I0000 00:00:1770247396.703984  134150 random_forest.cc:956] Train tree 41/240 accuracy:0.7994 logloss:0.512808 [index:21 total:2.23s tree:2.23s]
I0000 00:00:1770247398.416932  134144 random_forest.cc:956] Train tree 51/240 accuracy:0.8103 logloss:0.516005 [index:56 total:3.95s tree:1.95s]
I0000 00:00:1770247398.566520  134145 random_forest.cc:956] Train tree 61/240 accuracy:0.8322 logloss:0.508796 [index:63 total:4.10s tree:1.99s]
I0000 00:00:1770247398.648484  134156 random_forest.cc:956] Train tree 71/240 accuracy:0.8488 logloss:0.503688 [index:92 total:4.18s tree:1.92s]
I0000 00:00:1770247398.752956  134149 random_forest.cc:956] Train tree 81/240 accuracy:0.8621 logloss:0.502174 [index:81 total:4.28s tree:2.08s]
I0000 00:00:1770247398.875905  134177 random_forest.cc:956] Train tree 91/240 accuracy:0.871 logloss:0.502699 [index:91 total:4.41s tree:2.16s]
I0000 00:00:1770247400.460352  134144 random_forest.cc:956] Train tree 101/240 accuracy:0.8817 logloss:0.502372 [index:98 total:5.99s tree:2.04s]
I0000 00:00:1770247400.726270  134172 random_forest.cc:956] Train tree 111/240 accuracy:0.8905 logloss:0.501741 [index:120 total:6.26s tree:2.07s]
I0000 00:00:1770247400.808591  134180 random_forest.cc:956] Train tree 121/240 accuracy:0.8917 logloss:0.502569 [index:116 total:6.34s tree:2.17s]
I0000 00:00:1770247400.905065  134168 random_forest.cc:956] Train tree 131/240 accuracy:0.8975 logloss:0.503262 [index:136 total:6.44s tree:2.05s]
I0000 00:00:1770247401.059342  134179 random_forest.cc:956] Train tree 141/240 accuracy:0.9013 logloss:0.504625 [index:141 total:6.59s tree:2.17s]
I0000 00:00:1770247402.648170  134137 random_forest.cc:956] Train tree 151/240 accuracy:0.9058 logloss:0.504222 [index:156 total:8.18s tree:1.97s]
I0000 00:00:1770247402.816377  134133 random_forest.cc:956] Train tree 161/240 accuracy:0.912 logloss:0.503737 [index:159 total:8.35s tree:2.09s]
I0000 00:00:1770247402.933681  134180 random_forest.cc:956] Train tree 171/240 accuracy:0.9141 logloss:0.503663 [index:168 total:8.46s tree:2.13s]
I0000 00:00:1770247403.016902  134154 random_forest.cc:956] Train tree 181/240 accuracy:0.9169 logloss:0.503972 [index:181 total:8.55s tree:2.10s]
I0000 00:00:1770247403.281118  134178 random_forest.cc:956] Train tree 191/240 accuracy:0.9228 logloss:0.504251 [index:191 total:8.81s tree:2.13s]
I0000 00:00:1770247404.772404  134155 random_forest.cc:956] Train tree 201/240 accuracy:0.9257 logloss:0.503689 [index:203 total:10.30s tree:1.99s]
I0000 00:00:1770247404.963132  134172 random_forest.cc:956] Train tree 211/240 accuracy:0.9284 logloss:0.503146 [index:202 total:10.49s tree:2.19s]
I0000 00:00:1770247405.023359  134148 random_forest.cc:956] Train tree 221/240 accuracy:0.9288 logloss:0.503615 [index:221 total:10.55s tree:2.07s]
I0000 00:00:1770247405.158470  134159 random_forest.cc:956] Train tree 231/240 accuracy:0.9314 logloss:0.504222 [index:225 total:10.69s tree:2.16s]
I0000 00:00:1770247405.443155  134176 random_forest.cc:956] Train tree 240/240 accuracy:0.9306 logloss:0.504793 [index:239 total:10.97s tree:2.08s]
I0000 00:00:1770247405.443463  134131 random_forest.cc:990] random_forest.cc Training block took: 10.9763 s
I0000 00:00:1770247405.443518  134131 random_forest.cc:1062] After Random Forest Training block. RETURNING EARLY TO SPEED UP XPS!!

Generating trunk synthetic dataset: rows=10000, cols=4096
-1 (automatic) threads requested. 48 threads set.
Configuring oblique splits
Using histogram splitting: Random with 256 bins
./bazel-bin/examples/train_oblique_forest --input_mode trunk --rows 100000 --feature_split_type "Oblique" --numerical_split_type "Random" --num_trees=240 --num_threads=-1 --compute_oob_performances=true --histogram_num_bins 256
WARNING: All log messages before absl::InitializeLog() is called are written to STDERR
I0000 00:00:1770247408.914596  134226 abstract_learner.cc:155] No input feature explicitly specified. Using all the available input features.
I0000 00:00:1770247408.914629  134226 abstract_learner.cc:172] The label "y" was removed from the input feature set.
I0000 00:00:1770247408.915220  134226 random_forest.cc:465] Training random forest on 100000 example(s) and 4096 feature(s).
I0000 00:00:1770247408.915416  134226 gpu.cc:93] Cannot initialize GPU: Not compiled with GPU support
I0000 00:00:1770247408.919460  134226 random_forest.cc:659] num_threads being used: 48
I0000 00:00:1770247427.541518  134274 random_forest.cc:956] Train tree 1/240 accuracy:0.685795 logloss:11.3251 [index:37 total:18.62s tree:18.62s]
I0000 00:00:1770247429.439422  134253 random_forest.cc:956] Train tree 11/240 accuracy:0.741469 logloss:1.95538 [index:9 total:20.52s tree:20.52s]
I0000 00:00:1770247430.516020  134252 random_forest.cc:956] Train tree 21/240 accuracy:0.793376 logloss:0.604309 [index:10 total:21.60s tree:21.59s]
I0000 00:00:1770247431.580164  134279 random_forest.cc:956] Train tree 31/240 accuracy:0.82612 logloss:0.480604 [index:42 total:22.66s tree:22.66s]
I0000 00:00:1770247432.700744  134272 random_forest.cc:956] Train tree 41/240 accuracy:0.84605 logloss:0.467848 [index:36 total:23.78s tree:23.78s]
I0000 00:00:1770247445.727913  134262 random_forest.cc:956] Train tree 49/240 accuracy:0.86037 logloss:0.466504 [index:50 total:36.81s tree:17.56s]
I0000 00:00:1770247449.791058  134281 random_forest.cc:956] Train tree 59/240 accuracy:0.88117 logloss:0.455627 [index:51 total:40.87s tree:21.52s]
I0000 00:00:1770247450.994134  134276 random_forest.cc:956] Train tree 69/240 accuracy:0.89354 logloss:0.453915 [index:57 total:42.07s tree:21.71s]
I0000 00:00:1770247452.308881  134280 random_forest.cc:956] Train tree 79/240 accuracy:0.90258 logloss:0.452995 [index:75 total:43.39s tree:21.05s]
I0000 00:00:1770247453.558722  134284 random_forest.cc:956] Train tree 89/240 accuracy:0.91063 logloss:0.45195 [index:95 total:44.64s tree:19.99s]
I0000 00:00:1770247466.372459  134262 random_forest.cc:956] Train tree 97/240 accuracy:0.91612 logloss:0.453446 [index:96 total:57.45s tree:20.64s]
I0000 00:00:1770247470.950813  134281 random_forest.cc:956] Train tree 107/240 accuracy:0.92144 logloss:0.453092 [index:106 total:1m2.03s tree:21.16s]
I0000 00:00:1770247472.074260  134249 random_forest.cc:956] Train tree 117/240 accuracy:0.92628 logloss:0.452797 [index:107 total:1m3.15s tree:22.17s]
I0000 00:00:1770247473.191005  134280 random_forest.cc:956] Train tree 127/240 accuracy:0.93006 logloss:0.452705 [index:126 total:1m4.27s tree:20.88s]
I0000 00:00:1770247474.353715  134260 random_forest.cc:956] Train tree 137/240 accuracy:0.93443 logloss:0.451429 [index:142 total:1m5.43s tree:19.63s]
I0000 00:00:1770247486.020358  134262 random_forest.cc:956] Train tree 145/240 accuracy:0.93696 logloss:0.451797 [index:144 total:1m17.10s tree:19.65s]
I0000 00:00:1770247492.072356  134261 random_forest.cc:956] Train tree 155/240 accuracy:0.93995 logloss:0.451782 [index:151 total:1m23.15s tree:21.70s]
I0000 00:00:1770247493.184044  134276 random_forest.cc:956] Train tree 165/240 accuracy:0.94262 logloss:0.451794 [index:167 total:1m24.26s tree:20.77s]
I0000 00:00:1770247494.589394  134286 random_forest.cc:956] Train tree 175/240 accuracy:0.94432 logloss:0.452665 [index:173 total:1m25.67s tree:21.51s]
I0000 00:00:1770247495.779425  134290 random_forest.cc:956] Train tree 185/240 accuracy:0.94654 logloss:0.452982 [index:183 total:1m26.86s tree:21.54s]
I0000 00:00:1770247507.565585  134262 random_forest.cc:956] Train tree 193/240 accuracy:0.94798 logloss:0.453735 [index:192 total:1m38.65s tree:21.55s]
I0000 00:00:1770247513.016127  134249 random_forest.cc:956] Train tree 203/240 accuracy:0.94986 logloss:0.453467 [index:198 total:1m44.10s tree:21.68s]
I0000 00:00:1770247514.204899  134247 random_forest.cc:956] Train tree 213/240 accuracy:0.95169 logloss:0.453884 [index:210 total:1m45.29s tree:21.25s]
I0000 00:00:1770247515.551142  134284 random_forest.cc:956] Train tree 223/240 accuracy:0.95294 logloss:0.454363 [index:220 total:1m46.63s tree:21.30s]
I0000 00:00:1770247516.624650  134267 random_forest.cc:956] Train tree 233/240 accuracy:0.95435 logloss:0.454941 [index:229 total:1m47.71s tree:21.18s]
I0000 00:00:1770247517.512242  134264 random_forest.cc:956] Train tree 240/240 accuracy:0.955 logloss:0.455543 [index:239 total:1m48.59s tree:20.16s]
I0000 00:00:1770247517.512752  134226 random_forest.cc:990] random_forest.cc Training block took: 108.599 s
I0000 00:00:1770247517.512809  134226 random_forest.cc:1062] After Random Forest Training block. RETURNING EARLY TO SPEED UP XPS!!

Generating trunk synthetic dataset: rows=100000, cols=4096
-1 (automatic) threads requested. 48 threads set.
Configuring oblique splits
Using histogram splitting: Random with 256 bins
./bazel-bin/examples/train_oblique_forest --input_mode trunk --rows 1000000 --feature_split_type "Oblique" --numerical_split_type "Random" --num_trees=240 --num_threads=-1 --compute_oob_performances=true --histogram_num_bins 256
WARNING: All log messages before absl::InitializeLog() is called are written to STDERR
I0000 00:00:1770247551.919652  134707 abstract_learner.cc:155] No input feature explicitly specified. Using all the available input features.
I0000 00:00:1770247551.919686  134707 abstract_learner.cc:172] The label "y" was removed from the input feature set.
I0000 00:00:1770247551.920272  134707 random_forest.cc:465] Training random forest on 1000000 example(s) and 4096 feature(s).
I0000 00:00:1770247551.920475  134707 gpu.cc:93] Cannot initialize GPU: Not compiled with GPU support
I0000 00:00:1770247551.953054  134707 random_forest.cc:659] num_threads being used: 48
I0000 00:00:1770247734.405609  134865 random_forest.cc:956] Train tree 1/240 accuracy:0.725358 logloss:9.89909 [index:20 total:3m2.45s tree:3m2.45s]
I0000 00:00:1770247748.813300  134893 random_forest.cc:956] Train tree 4/240 accuracy:0.725734 logloss:6.20209 [index:32 total:3m16.86s tree:3m16.86s]
I0000 00:00:1770247760.207792  134853 random_forest.cc:956] Train tree 10/240 accuracy:0.768303 logloss:2.04954 [index:8 total:3m28.25s tree:3m28.25s]
I0000 00:00:1770247770.938476  134864 random_forest.cc:956] Train tree 16/240 accuracy:0.804777 logloss:0.806768 [index:21 total:3m38.99s tree:3m38.98s]
I0000 00:00:1770247781.805902  134873 random_forest.cc:956] Train tree 22/240 accuracy:0.830119 logloss:0.517267 [index:37 total:3m49.85s tree:3m49.85s]
I0000 00:00:1770247793.016442  134857 random_forest.cc:956] Train tree 28/240 accuracy:0.849 logloss:0.449173 [index:13 total:4m1.06s tree:4m1.06s]
I0000 00:00:1770247804.422838  134860 random_forest.cc:956] Train tree 34/240 accuracy:0.86341 logloss:0.432801 [index:23 total:4m12.47s tree:4m12.47s]
I0000 00:00:1770247816.204645  134879 random_forest.cc:956] Train tree 40/240 accuracy:0.874613 logloss:0.429804 [index:41 total:4m24.25s tree:4m24.25s]
I0000 00:00:1770247828.218974  134867 random_forest.cc:956] Train tree 46/240 accuracy:0.884021 logloss:0.429986 [index:22 total:4m36.27s tree:4m36.26s]
I0000 00:00:1770247928.966452  134865 random_forest.cc:956] Train tree 49/240 accuracy:0.888556 logloss:0.429831 [index:48 total:6m17.01s tree:3m14.56s]
I0000 00:00:1770247939.212087  134874 random_forest.cc:956] Train tree 51/240 accuracy:0.892503 logloss:0.428084 [index:50 total:6m27.26s tree:3m20.55s]
I0000 00:00:1770247951.381369  134892 random_forest.cc:956] Train tree 53/240 accuracy:0.89548 logloss:0.426932 [index:61 total:6m39.43s tree:3m4.04s]
I0000 00:00:1770247963.118279  134852 random_forest.cc:956] Train tree 58/240 accuracy:0.90213 logloss:0.425387 [index:56 total:6m51.17s tree:3m24.76s]
I0000 00:00:1770247975.063652  134890 random_forest.cc:956] Train tree 64/240 accuracy:0.908416 logloss:0.4252 [index:59 total:7m3.11s tree:3m31.22s]
I0000 00:00:1770247986.981236  134862 random_forest.cc:956] Train tree 70/240 accuracy:0.914399 logloss:0.423975 [index:67 total:7m15.03s tree:3m28.86s]
I0000 00:00:1770247998.743424  134880 random_forest.cc:956] Train tree 76/240 accuracy:0.919563 logloss:0.422747 [index:74 total:7m26.79s tree:3m27.67s]
I0000 00:00:1770248008.836113  134858 random_forest.cc:956] Train tree 81/240 accuracy:0.923309 logloss:0.422271 [index:79 total:7m36.88s tree:3m28.25s]
I0000 00:00:1770248019.736481  134863 random_forest.cc:956] Train tree 84/240 accuracy:0.925419 logloss:0.422151 [index:86 total:7m47.78s tree:3m25.55s]
I0000 00:00:1770248031.212911  134879 random_forest.cc:956] Train tree 89/240 accuracy:0.928514 logloss:0.422567 [index:87 total:7m59.26s tree:3m35.01s]
I0000 00:00:1770248043.220247  134867 random_forest.cc:956] Train tree 95/240 accuracy:0.931768 logloss:0.422224 [index:93 total:8m11.27s tree:3m35.00s]
I0000 00:00:1770248140.370052  134865 random_forest.cc:956] Train tree 97/240 accuracy:0.932794 logloss:0.422342 [index:96 total:9m48.42s tree:3m31.40s]
I0000 00:00:1770248152.012571  134871 random_forest.cc:956] Train tree 100/240 accuracy:0.93482 logloss:0.421172 [index:101 total:10m0.06s tree:3m17.75s]
I0000 00:00:1770248165.574898  134869 random_forest.cc:956] Train tree 104/240 accuracy:0.936672 logloss:0.421317 [index:103 total:10m13.62s tree:3m26.41s]
I0000 00:00:1770248175.733830  134872 random_forest.cc:956] Train tree 107/240 accuracy:0.938012 logloss:0.42112 [index:106 total:10m23.78s tree:3m30.63s]
I0000 00:00:1770248187.574303  134888 random_forest.cc:956] Train tree 113/240 accuracy:0.940723 logloss:0.420009 [index:112 total:10m35.62s tree:3m30.51s]
I0000 00:00:1770248198.033220  134862 random_forest.cc:956] Train tree 118/240 accuracy:0.942477 logloss:0.42046 [index:117 total:10m46.08s tree:3m31.05s]
I0000 00:00:1770248208.038036  134880 random_forest.cc:956] Train tree 123/240 accuracy:0.944042 logloss:0.420551 [index:123 total:10m56.08s tree:3m29.29s]
I0000 00:00:1770248219.888231  134850 random_forest.cc:956] Train tree 129/240 accuracy:0.945874 logloss:0.420178 [index:132 total:11m7.94s tree:3m18.13s]
I0000 00:00:1770248232.354654  134860 random_forest.cc:956] Train tree 132/240 accuracy:0.946676 logloss:0.420356 [index:130 total:11m20.40s tree:3m34.59s]
I0000 00:00:1770248242.975999  134883 random_forest.cc:956] Train tree 137/240 accuracy:0.948052 logloss:0.420381 [index:138 total:11m31.02s tree:3m27.87s]
I0000 00:00:1770248253.776773  134876 random_forest.cc:956] Train tree 142/240 accuracy:0.949357 logloss:0.420358 [index:143 total:11m41.82s tree:3m28.53s]
I0000 00:00:1770248342.448330  134865 random_forest.cc:956] Train tree 145/240 accuracy:0.950057 logloss:0.420551 [index:144 total:13m10.50s tree:3m22.08s]
I0000 00:00:1770248352.963990  134866 random_forest.cc:956] Train tree 148/240 accuracy:0.95099 logloss:0.419634 [index:149 total:13m21.01s tree:3m13.26s]
I0000 00:00:1770248371.415196  134892 random_forest.cc:956] Train tree 150/240 accuracy:0.951482 logloss:0.419484 [index:150 total:13m39.46s tree:3m29.72s]
I0000 00:00:1770248385.178415  134872 random_forest.cc:956] Train tree 156/240 accuracy:0.952832 logloss:0.41878 [index:154 total:13m53.23s tree:3m29.44s]
I0000 00:00:1770248399.391011  134881 random_forest.cc:956] Train tree 161/240 accuracy:0.953852 logloss:0.41827 [index:171 total:14m7.44s tree:3m9.42s]
I0000 00:00:1770248409.625927  134887 random_forest.cc:956] Train tree 166/240 accuracy:0.954669 logloss:0.418547 [index:163 total:14m17.67s tree:3m36.02s]
I0000 00:00:1770248419.669779  134873 random_forest.cc:956] Train tree 171/240 accuracy:0.955404 logloss:0.419034 [index:167 total:14m27.72s tree:3m37.60s]
I0000 00:00:1770248431.749138  134850 random_forest.cc:956] Train tree 176/240 accuracy:0.956205 logloss:0.41901 [index:176 total:14m39.80s tree:3m31.86s]
I0000 00:00:1770248443.392727  134868 random_forest.cc:956] Train tree 181/240 accuracy:0.957041 logloss:0.418885 [index:178 total:14m51.44s tree:3m37.68s]
I0000 00:00:1770248455.324643  134847 random_forest.cc:956] Train tree 185/240 accuracy:0.957617 logloss:0.419096 [index:181 total:15m3.37s tree:3m39.00s]
I0000 00:00:1770248465.326458  134889 random_forest.cc:956] Train tree 190/240 accuracy:0.958296 logloss:0.419027 [index:186 total:15m13.37s tree:3m37.60s]
I0000 00:00:1770248544.582582  134871 random_forest.cc:956] Train tree 193/240 accuracy:0.958656 logloss:0.418914 [index:193 total:16m32.63s tree:3m20.25s]
I0000 00:00:1770248555.441471  134881 random_forest.cc:956] Train tree 195/240 accuracy:0.958979 logloss:0.418047 [index:208 total:16m43.49s tree:2m36.05s]
I0000 00:00:1770248572.940086  134874 random_forest.cc:956] Train tree 198/240 accuracy:0.959296 logloss:0.418182 [index:196 total:17m0.99s tree:3m34.66s]
I0000 00:00:1770248585.089727  134849 random_forest.cc:956] Train tree 200/240 accuracy:0.959462 logloss:0.418239 [index:199 total:17m13.14s tree:3m29.68s]
I0000 00:00:1770248596.197229  134869 random_forest.cc:956] Train tree 206/240 accuracy:0.960125 logloss:0.41833 [index:202 total:17m24.24s tree:3m34.89s]
I0000 00:00:1770248608.751977  134887 random_forest.cc:956] Train tree 210/240 accuracy:0.960631 logloss:0.418373 [index:213 total:17m36.80s tree:3m19.13s]
I0000 00:00:1770248619.484657  134857 random_forest.cc:956] Train tree 215/240 accuracy:0.961154 logloss:0.418138 [index:212 total:17m47.53s tree:3m31.97s]
I0000 00:00:1770248630.309570  134875 random_forest.cc:956] Train tree 221/240 accuracy:0.961636 logloss:0.418605 [index:219 total:17m58.36s tree:3m28.73s]
I0000 00:00:1770248641.106791  134855 random_forest.cc:956] Train tree 226/240 accuracy:0.96218 logloss:0.418992 [index:224 total:18m9.15s tree:3m27.30s]
I0000 00:00:1770248651.291489  134863 random_forest.cc:956] Train tree 231/240 accuracy:0.962698 logloss:0.419067 [index:229 total:18m19.34s tree:3m22.30s]
I0000 00:00:1770248662.811727  134886 random_forest.cc:956] Train tree 236/240 accuracy:0.963219 logloss:0.419082 [index:235 total:18m30.86s tree:3m21.50s]
I0000 00:00:1770248672.433515  134867 random_forest.cc:956] Train tree 240/240 accuracy:0.963656 logloss:0.419211 [index:239 total:18m40.48s tree:3m23.22s]
I0000 00:00:1770248672.434062  134707 random_forest.cc:990] random_forest.cc Training block took: 1120.51 s
I0000 00:00:1770248672.434128  134707 random_forest.cc:1062] After Random Forest Training block. RETURNING EARLY TO SPEED UP XPS!!

Generating trunk synthetic dataset: rows=1000000, cols=4096
-1 (automatic) threads requested. 48 threads set.
Configuring oblique splits
Using histogram splitting: Random with 256 bins


======== Running Dynamic Random Histogram [Oblique] with 256 bins ========

./bazel-bin/examples/train_oblique_forest --input_mode csv --train_csv "benchmarks/data/HIGGS_with_header.csv" --label_col "class" --feature_split_type "Oblique" --numerical_split_type "Dynamic Random Histogram" --num_trees=240 --num_threads=-1 --compute_oob_performances=true --histogram_num_bins 256


Inferring DataSpec from CSV: benchmarks/data/HIGGS_with_header.csv


WARNING: All log messages before absl::InitializeLog() is called are written to STDERR
I0000 00:00:1770248673.349160  139232 csv_example_reader.cc:212] 0 row(s) processed
I0000 00:00:1770248673.357402  139232 csv_example_reader.cc:216] Stop scanning the csv file to infer the type. Some records were not considered.
I0000 00:00:1770248673.357418  139232 data_spec_inference.cc:457] 29 column(s) found
I0000 00:00:1770248673.357432  139232 csv_example_reader.cc:303] 0 row(s) processed
I0000 00:00:1770248703.357534  139232 csv_example_reader.cc:303] 8326897 row(s) processed
I0000 00:00:1770248712.961825  139232 data_spec_inference.cc:494] Finalizing [11000000 row(s) found]
I0000 00:00:1770248712.961925  139232 abstract_learner.cc:155] No input feature explicitly specified. Using all the available input features.
I0000 00:00:1770248712.961928  139232 abstract_learner.cc:172] The label "class" was removed from the input feature set.
I0000 00:00:1770248712.962464  139232 vertical_dataset_io.cc:82] 100 examples scanned.
I0000 00:00:1770248742.962685  139232 vertical_dataset_io.cc:82] 7746700 examples scanned.
I0000 00:00:1770248756.370865  139232 vertical_dataset_io.cc:88] 11000000 examples read. Memory: usage:1276MB allocated:1276MB. 0 (0%) examples have been skipped.
I0000 00:00:1770248756.370940  139232 abstract_learner.cc:155] No input feature explicitly specified. Using all the available input features.
I0000 00:00:1770248756.370944  139232 abstract_learner.cc:172] The label "class" was removed from the input feature set.
I0000 00:00:1770248756.370964  139232 random_forest.cc:465] Training random forest on 11000000 example(s) and 28 feature(s).
I0000 00:00:1770248756.370974  139232 gpu.cc:93] Cannot initialize GPU: Not compiled with GPU support
I0000 00:00:1770248756.730873  139232 random_forest.cc:659] num_threads being used: 48
I0000 00:00:1770248869.424366  139552 random_forest.cc:956] Train tree 1/240 accuracy:0.643805 logloss:12.8038 [index:1 total:1m52.69s tree:1m52.69s]
I0000 00:00:1770248893.849236  139573 random_forest.cc:956] Train tree 2/240 accuracy:0.644601 logloss:11.3531 [index:29 total:2m17.12s tree:2m17.12s]
I0000 00:00:1770248920.151500  139553 random_forest.cc:956] Train tree 3/240 accuracy:0.647234 logloss:9.94874 [index:10 total:2m43.42s tree:2m43.42s]
I0000 00:00:1770248948.478919  139574 random_forest.cc:956] Train tree 4/240 accuracy:0.651592 logloss:8.66209 [index:28 total:3m11.75s tree:3m11.75s]
I0000 00:00:1770248975.949016  139554 random_forest.cc:956] Train tree 5/240 accuracy:0.656282 logloss:7.48747 [index:4 total:3m39.22s tree:3m39.22s]
I0000 00:00:1770249003.900901  139579 random_forest.cc:956] Train tree 6/240 accuracy:0.662552 logloss:6.43653 [index:27 total:4m7.17s tree:4m7.17s]
I0000 00:00:1770249031.373927  139559 random_forest.cc:956] Train tree 7/240 accuracy:0.667502 logloss:5.5267 [index:15 total:4m34.64s tree:4m34.64s]
I0000 00:00:1770249059.508613  139590 random_forest.cc:956] Train tree 8/240 accuracy:0.672915 logloss:4.75087 [index:45 total:5m2.78s tree:5m2.78s]
I0000 00:00:1770249087.256933  139598 random_forest.cc:956] Train tree 9/240 accuracy:0.677983 logloss:4.09593 [index:47 total:5m30.53s tree:5m30.52s]
I0000 00:00:1770249115.260562  139585 random_forest.cc:956] Train tree 10/240 accuracy:0.682434 logloss:3.54035 [index:41 total:5m58.53s tree:5m58.53s]
I0000 00:00:1770249143.677040  139569 random_forest.cc:956] Train tree 11/240 accuracy:0.686675 logloss:3.07407 [index:24 total:6m26.95s tree:6m26.94s]
I0000 00:00:1770249171.261662  139582 random_forest.cc:956] Train tree 12/240 accuracy:0.690486 logloss:2.68572 [index:37 total:6m54.53s tree:6m54.53s]
I0000 00:00:1770249199.782192  139576 random_forest.cc:956] Train tree 13/240 accuracy:0.69392 logloss:2.36026 [index:33 total:7m23.05s tree:7m23.05s]
I0000 00:00:1770249228.389978  139556 random_forest.cc:956] Train tree 14/240 accuracy:0.697234 logloss:2.09139 [index:13 total:7m51.66s tree:7m51.66s]
I0000 00:00:1770249256.498165  139560 random_forest.cc:956] Train tree 15/240 accuracy:0.700278 logloss:1.86532 [index:14 total:8m19.77s tree:8m19.77s]
I0000 00:00:1770249284.547440  139563 random_forest.cc:956] Train tree 16/240 accuracy:0.703087 logloss:1.67847 [index:20 total:8m47.82s tree:8m47.81s]
I0000 00:00:1770249312.400160  139558 random_forest.cc:956] Train tree 17/240 accuracy:0.705423 logloss:1.52004 [index:12 total:9m15.67s tree:9m15.67s]
I0000 00:00:1770249340.602780  139587 random_forest.cc:956] Train tree 18/240 accuracy:0.707711 logloss:1.38627 [index:43 total:9m43.87s tree:9m43.87s]
I0000 00:00:1770249368.113444  139589 random_forest.cc:956] Train tree 19/240 accuracy:0.709915 logloss:1.27347 [index:46 total:10m11.38s tree:10m11.38s]
I0000 00:00:1770249395.727245  139577 random_forest.cc:956] Train tree 20/240 accuracy:0.711694 logloss:1.17813 [index:31 total:10m39.00s tree:10m38.99s]
I0000 00:00:1770249423.983754  139581 random_forest.cc:956] Train tree 21/240 accuracy:0.71352 logloss:1.09687 [index:38 total:11m7.25s tree:11m7.25s]
I0000 00:00:1770249451.785598  139580 random_forest.cc:956] Train tree 22/240 accuracy:0.715178 logloss:1.02841 [index:36 total:11m35.05s tree:11m35.05s]
I0000 00:00:1770249479.227792  139572 random_forest.cc:956] Train tree 23/240 accuracy:0.716779 logloss:0.969246 [index:30 total:12m2.50s tree:12m2.49s]
I0000 00:00:1770249507.016327  139586 random_forest.cc:956] Train tree 24/240 accuracy:0.718259 logloss:0.918614 [index:42 total:12m30.29s tree:12m30.28s]
I0000 00:00:1770249535.062830  139599 random_forest.cc:956] Train tree 25/240 accuracy:0.719542 logloss:0.874221 [index:0 total:12m58.33s tree:12m58.33s]
I0000 00:00:1770249563.272144  139564 random_forest.cc:956] Train tree 26/240 accuracy:0.720857 logloss:0.8368 [index:19 total:13m26.54s tree:13m26.54s]
I0000 00:00:1770249591.090078  139595 random_forest.cc:956] Train tree 27/240 accuracy:0.722073 logloss:0.804226 [index:8 total:13m54.36s tree:13m54.36s]
I0000 00:00:1770249619.277027  139584 random_forest.cc:956] Train tree 28/240 accuracy:0.723276 logloss:0.775335 [index:39 total:14m22.55s tree:14m22.54s]
I0000 00:00:1770249647.056594  139562 random_forest.cc:956] Train tree 29/240 accuracy:0.724451 logloss:0.750404 [index:21 total:14m50.33s tree:14m50.32s]
I0000 00:00:1770249675.199823  139565 random_forest.cc:956] Train tree 30/240 accuracy:0.725495 logloss:0.728567 [index:22 total:15m18.47s tree:15m18.47s]
I0000 00:00:1770249703.168006  139571 random_forest.cc:956] Train tree 31/240 accuracy:0.726477 logloss:0.708933 [index:34 total:15m46.44s tree:15m46.43s]
I0000 00:00:1770249730.709790  139592 random_forest.cc:956] Train tree 32/240 accuracy:0.727484 logloss:0.691969 [index:2 total:16m13.98s tree:16m13.98s]
I0000 00:00:1770249758.440930  139583 random_forest.cc:956] Train tree 33/240 accuracy:0.728394 logloss:0.676229 [index:40 total:16m41.71s tree:16m41.71s]
I0000 00:00:1770249785.374644  139566 random_forest.cc:956] Train tree 34/240 accuracy:0.729271 logloss:0.662816 [index:16 total:17m8.64s tree:17m8.64s]
I0000 00:00:1770249813.716219  139557 random_forest.cc:956] Train tree 35/240 accuracy:0.730099 logloss:0.650394 [index:18 total:17m36.99s tree:17m36.98s]
I0000 00:00:1770249841.778720  139568 random_forest.cc:956] Train tree 36/240 accuracy:0.730814 logloss:0.639103 [index:26 total:18m5.05s tree:18m5.05s]
I0000 00:00:1770249869.826204  139561 random_forest.cc:956] Train tree 37/240 accuracy:0.731522 logloss:0.629253 [index:17 total:18m33.10s tree:18m33.09s]
I0000 00:00:1770249898.188605  139591 random_forest.cc:956] Train tree 38/240 accuracy:0.732155 logloss:0.620296 [index:3 total:19m1.46s tree:19m1.46s]
I0000 00:00:1770249925.944146  139555 random_forest.cc:956] Train tree 39/240 accuracy:0.732844 logloss:0.612246 [index:11 total:19m29.21s tree:19m29.21s]
I0000 00:00:1770249953.814107  139578 random_forest.cc:956] Train tree 40/240 accuracy:0.733476 logloss:0.604909 [index:35 total:19m57.08s tree:19m57.08s]
I0000 00:00:1770249981.837556  139570 random_forest.cc:956] Train tree 41/240 accuracy:0.734042 logloss:0.598485 [index:25 total:20m25.11s tree:20m25.10s]
I0000 00:00:1770250009.615006  139596 random_forest.cc:956] Train tree 42/240 accuracy:0.734609 logloss:0.592427 [index:9 total:20m52.88s tree:20m52.88s]
I0000 00:00:1770250037.629917  139594 random_forest.cc:956] Train tree 43/240 accuracy:0.735116 logloss:0.586913 [index:7 total:21m20.90s tree:21m20.90s]
I0000 00:00:1770250065.970308  139567 random_forest.cc:956] Train tree 44/240 accuracy:0.735665 logloss:0.58149 [index:23 total:21m49.24s tree:21m49.24s]
I0000 00:00:1770250094.074907  139593 random_forest.cc:956] Train tree 45/240 accuracy:0.736119 logloss:0.576558 [index:5 total:22m17.34s tree:22m17.34s]
I0000 00:00:1770250121.971497  139597 random_forest.cc:956] Train tree 46/240 accuracy:0.736607 logloss:0.572067 [index:6 total:22m45.24s tree:22m45.24s]
I0000 00:00:1770250149.870809  139575 random_forest.cc:956] Train tree 47/240 accuracy:0.737128 logloss:0.568161 [index:32 total:23m13.14s tree:23m13.14s]
I0000 00:00:1770250177.525949  139588 random_forest.cc:956] Train tree 48/240 accuracy:0.737619 logloss:0.564654 [index:44 total:23m40.80s tree:23m40.79s]
I0000 00:00:1770250205.711455  139552 random_forest.cc:956] Train tree 49/240 accuracy:0.738054 logloss:0.561272 [index:48 total:24m8.98s tree:22m16.29s]
I0000 00:00:1770250233.266627  139573 random_forest.cc:956] Train tree 50/240 accuracy:0.738471 logloss:0.558209 [index:49 total:24m36.54s tree:22m19.42s]
I0000 00:00:1770250261.124422  139553 random_forest.cc:956] Train tree 51/240 accuracy:0.738937 logloss:0.555557 [index:50 total:25m4.39s tree:22m20.97s]
I0000 00:00:1770250288.806032  139574 random_forest.cc:956] Train tree 52/240 accuracy:0.739272 logloss:0.552794 [index:51 total:25m32.08s tree:22m20.33s]
I0000 00:00:1770250316.327663  139554 random_forest.cc:956] Train tree 53/240 accuracy:0.739657 logloss:0.550298 [index:52 total:25m59.60s tree:22m20.38s]
I0000 00:00:1770250344.070467  139579 random_forest.cc:956] Train tree 54/240 accuracy:0.740051 logloss:0.547909 [index:53 total:26m27.34s tree:22m20.17s]
I0000 00:00:1770250371.647078  139559 random_forest.cc:956] Train tree 55/240 accuracy:0.740396 logloss:0.545832 [index:54 total:26m54.92s tree:22m20.27s]
I0000 00:00:1770250399.810256  139590 random_forest.cc:956] Train tree 56/240 accuracy:0.740792 logloss:0.543806 [index:55 total:27m23.08s tree:22m20.30s]
I0000 00:00:1770250427.565597  139598 random_forest.cc:956] Train tree 57/240 accuracy:0.741179 logloss:0.54191 [index:56 total:27m50.83s tree:22m20.31s]
I0000 00:00:1770250455.554208  139585 random_forest.cc:956] Train tree 58/240 accuracy:0.741551 logloss:0.540237 [index:57 total:28m18.82s tree:22m20.29s]
I0000 00:00:1770250484.147991  139569 random_forest.cc:956] Train tree 59/240 accuracy:0.741829 logloss:0.538577 [index:58 total:28m47.42s tree:22m20.47s]
I0000 00:00:1770250511.577898  139582 random_forest.cc:956] Train tree 60/240 accuracy:0.742056 logloss:0.537157 [index:59 total:29m14.85s tree:22m20.31s]
I0000 00:00:1770250540.090264  139576 random_forest.cc:956] Train tree 61/240 accuracy:0.742374 logloss:0.535703 [index:60 total:29m43.36s tree:22m20.31s]
I0000 00:00:1770250568.707825  139556 random_forest.cc:956] Train tree 62/240 accuracy:0.742658 logloss:0.534363 [index:61 total:30m11.98s tree:22m20.32s]
I0000 00:00:1770250596.392225  139560 random_forest.cc:956] Train tree 63/240 accuracy:0.742944 logloss:0.533028 [index:62 total:30m39.66s tree:22m19.89s]
I0000 00:00:1770250624.314298  139563 random_forest.cc:956] Train tree 64/240 accuracy:0.743186 logloss:0.531829 [index:63 total:31m7.58s tree:22m19.77s]
I0000 00:00:1770250652.354268  139558 random_forest.cc:956] Train tree 65/240 accuracy:0.743423 logloss:0.530612 [index:64 total:31m35.62s tree:22m19.95s]
I0000 00:00:1770250679.885198  139587 random_forest.cc:956] Train tree 66/240 accuracy:0.743687 logloss:0.529478 [index:65 total:32m3.15s tree:22m19.28s]
I0000 00:00:1770250707.511361  139589 random_forest.cc:956] Train tree 67/240 accuracy:0.743921 logloss:0.528483 [index:66 total:32m30.78s tree:22m19.40s]
I0000 00:00:1770250734.934985  139577 random_forest.cc:956] Train tree 68/240 accuracy:0.744187 logloss:0.527482 [index:67 total:32m58.20s tree:22m19.21s]
I0000 00:00:1770250763.384322  139581 random_forest.cc:956] Train tree 69/240 accuracy:0.744423 logloss:0.526579 [index:68 total:33m26.65s tree:22m19.40s]
I0000 00:00:1770250791.318413  139580 random_forest.cc:956] Train tree 70/240 accuracy:0.744681 logloss:0.525684 [index:69 total:33m54.59s tree:22m19.53s]
I0000 00:00:1770250818.898981  139572 random_forest.cc:956] Train tree 71/240 accuracy:0.7449 logloss:0.52483 [index:70 total:34m22.17s tree:22m19.67s]
I0000 00:00:1770250846.453649  139586 random_forest.cc:956] Train tree 72/240 accuracy:0.745064 logloss:0.524058 [index:71 total:34m49.72s tree:22m19.44s]
I0000 00:00:1770250874.695549  139599 random_forest.cc:956] Train tree 73/240 accuracy:0.745272 logloss:0.523291 [index:72 total:35m17.96s tree:22m19.63s]
I0000 00:00:1770250902.961999  139564 random_forest.cc:956] Train tree 74/240 accuracy:0.745489 logloss:0.522566 [index:73 total:35m46.23s tree:22m19.69s]
I0000 00:00:1770250930.922284  139595 random_forest.cc:956] Train tree 75/240 accuracy:0.745719 logloss:0.521899 [index:74 total:36m14.19s tree:22m19.83s]
I0000 00:00:1770250959.180185  139584 random_forest.cc:956] Train tree 76/240 accuracy:0.74588 logloss:0.521258 [index:75 total:36m42.45s tree:22m19.90s]
I0000 00:00:1770250986.697498  139562 random_forest.cc:956] Train tree 77/240 accuracy:0.74608 logloss:0.52061 [index:76 total:37m9.97s tree:22m19.64s]
I0000 00:00:1770251014.785293  139565 random_forest.cc:956] Train tree 78/240 accuracy:0.746379 logloss:0.519958 [index:77 total:37m38.05s tree:22m19.58s]
I0000 00:00:1770251042.804272  139571 random_forest.cc:956] Train tree 79/240 accuracy:0.746561 logloss:0.51942 [index:78 total:38m6.07s tree:22m19.63s]
I0000 00:00:1770251070.555409  139592 random_forest.cc:956] Train tree 80/240 accuracy:0.746752 logloss:0.518887 [index:79 total:38m33.82s tree:22m19.84s]
I0000 00:00:1770251098.371938  139583 random_forest.cc:956] Train tree 81/240 accuracy:0.746904 logloss:0.51842 [index:80 total:39m1.64s tree:22m19.93s]
I0000 00:00:1770251126.330246  139566 random_forest.cc:956] Train tree 82/240 accuracy:0.747093 logloss:0.517907 [index:81 total:39m29.60s tree:22m20.95s]
I0000 00:00:1770251154.471593  139557 random_forest.cc:956] Train tree 83/240 accuracy:0.747286 logloss:0.517457 [index:82 total:39m57.74s tree:22m20.75s]
I0000 00:00:1770251182.629070  139568 random_forest.cc:956] Train tree 84/240 accuracy:0.747459 logloss:0.51695 [index:83 total:40m25.90s tree:22m20.85s]
I0000 00:00:1770251210.777266  139561 random_forest.cc:956] Train tree 85/240 accuracy:0.74763 logloss:0.516467 [index:84 total:40m54.05s tree:22m20.95s]
I0000 00:00:1770251239.216251  139591 random_forest.cc:956] Train tree 86/240 accuracy:0.74779 logloss:0.516023 [index:85 total:41m22.49s tree:22m21.03s]
I0000 00:00:1770251266.928122  139555 random_forest.cc:956] Train tree 87/240 accuracy:0.748016 logloss:0.515618 [index:86 total:41m50.20s tree:22m20.98s]
I0000 00:00:1770251294.547414  139578 random_forest.cc:956] Train tree 88/240 accuracy:0.748136 logloss:0.5152 [index:87 total:42m17.82s tree:22m20.73s]
I0000 00:00:1770251322.329007  139570 random_forest.cc:956] Train tree 89/240 accuracy:0.74828 logloss:0.514802 [index:88 total:42m45.60s tree:22m20.49s]
I0000 00:00:1770251349.852853  139596 random_forest.cc:956] Train tree 90/240 accuracy:0.748435 logloss:0.514441 [index:89 total:43m13.12s tree:22m20.24s]
I0000 00:00:1770251377.833473  139594 random_forest.cc:956] Train tree 91/240 accuracy:0.748573 logloss:0.514087 [index:90 total:43m41.10s tree:22m20.20s]
I0000 00:00:1770251405.870203  139567 random_forest.cc:956] Train tree 92/240 accuracy:0.748693 logloss:0.513777 [index:91 total:44m9.14s tree:22m19.90s]
I0000 00:00:1770251433.885318  139593 random_forest.cc:956] Train tree 93/240 accuracy:0.748815 logloss:0.513411 [index:92 total:44m37.15s tree:22m19.81s]
I0000 00:00:1770251461.562594  139597 random_forest.cc:956] Train tree 94/240 accuracy:0.748934 logloss:0.513108 [index:93 total:45m4.83s tree:22m19.59s]
I0000 00:00:1770251489.247793  139575 random_forest.cc:956] Train tree 95/240 accuracy:0.749053 logloss:0.512804 [index:94 total:45m32.52s tree:22m19.38s]
I0000 00:00:1770251516.952523  139588 random_forest.cc:956] Train tree 96/240 accuracy:0.749236 logloss:0.51249 [index:95 total:46m0.22s tree:22m19.43s]
I0000 00:00:1770251545.364901  139552 random_forest.cc:956] Train tree 97/240 accuracy:0.749365 logloss:0.512198 [index:96 total:46m28.63s tree:22m19.65s]
I0000 00:00:1770251572.625529  139573 random_forest.cc:956] Train tree 98/240 accuracy:0.749457 logloss:0.511952 [index:97 total:46m55.89s tree:22m19.36s]
I0000 00:00:1770251600.210644  139553 random_forest.cc:956] Train tree 99/240 accuracy:0.749548 logloss:0.511689 [index:98 total:47m23.48s tree:22m19.08s]
I0000 00:00:1770251628.030964  139574 random_forest.cc:956] Train tree 100/240 accuracy:0.749716 logloss:0.511416 [index:99 total:47m51.30s tree:22m19.22s]
I0000 00:00:1770251655.794081  139554 random_forest.cc:956] Train tree 101/240 accuracy:0.749808 logloss:0.511138 [index:100 total:48m19.06s tree:22m19.46s]
I0000 00:00:1770251683.803116  139579 random_forest.cc:956] Train tree 102/240 accuracy:0.749915 logloss:0.510914 [index:101 total:48m47.07s tree:22m19.73s]
I0000 00:00:1770251711.361276  139559 random_forest.cc:956] Train tree 103/240 accuracy:0.749997 logloss:0.510701 [index:102 total:49m14.63s tree:22m19.71s]
I0000 00:00:1770251739.577838  139590 random_forest.cc:956] Train tree 104/240 accuracy:0.750082 logloss:0.510458 [index:103 total:49m42.85s tree:22m19.77s]
I0000 00:00:1770251767.216394  139598 random_forest.cc:956] Train tree 105/240 accuracy:0.750186 logloss:0.51026 [index:104 total:50m10.49s tree:22m19.65s]
I0000 00:00:1770251795.382910  139585 random_forest.cc:956] Train tree 106/240 accuracy:0.750279 logloss:0.510061 [index:105 total:50m38.65s tree:22m19.83s]
I0000 00:00:1770251823.940486  139569 random_forest.cc:956] Train tree 107/240 accuracy:0.750351 logloss:0.509866 [index:106 total:51m7.21s tree:22m19.79s]
I0000 00:00:1770251851.555863  139582 random_forest.cc:956] Train tree 108/240 accuracy:0.750444 logloss:0.509659 [index:107 total:51m34.82s tree:22m19.98s]
I0000 00:00:1770251880.082322  139576 random_forest.cc:956] Train tree 109/240 accuracy:0.750563 logloss:0.509455 [index:108 total:52m3.35s tree:22m19.99s]
I0000 00:00:1770251908.149040  139556 random_forest.cc:956] Train tree 110/240 accuracy:0.750675 logloss:0.509263 [index:109 total:52m31.42s tree:22m19.44s]
I0000 00:00:1770251936.163153  139560 random_forest.cc:956] Train tree 111/240 accuracy:0.750845 logloss:0.509069 [index:110 total:52m59.43s tree:22m19.77s]
I0000 00:00:1770251964.145522  139563 random_forest.cc:956] Train tree 112/240 accuracy:0.750917 logloss:0.50888 [index:111 total:53m27.41s tree:22m19.83s]
I0000 00:00:1770251991.967158  139558 random_forest.cc:956] Train tree 113/240 accuracy:0.750982 logloss:0.50868 [index:112 total:53m55.24s tree:22m19.61s]
I0000 00:00:1770252020.407623  139587 random_forest.cc:956] Train tree 114/240 accuracy:0.751097 logloss:0.508516 [index:113 total:54m23.68s tree:22m20.52s]
I0000 00:00:1770252047.999884  139589 random_forest.cc:956] Train tree 115/240 accuracy:0.751193 logloss:0.508347 [index:114 total:54m51.27s tree:22m20.49s]
I0000 00:00:1770252075.907362  139577 random_forest.cc:956] Train tree 116/240 accuracy:0.751247 logloss:0.508223 [index:115 total:55m19.18s tree:22m20.97s]
I0000 00:00:1770252104.039703  139581 random_forest.cc:956] Train tree 117/240 accuracy:0.751372 logloss:0.508067 [index:116 total:55m47.31s tree:22m20.65s]
I0000 00:00:1770252131.767703  139580 random_forest.cc:956] Train tree 118/240 accuracy:0.751466 logloss:0.507901 [index:117 total:56m15.04s tree:22m20.45s]
I0000 00:00:1770252159.370933  139572 random_forest.cc:956] Train tree 119/240 accuracy:0.75155 logloss:0.507739 [index:118 total:56m42.64s tree:22m20.47s]
I0000 00:00:1770252187.573866  139586 random_forest.cc:956] Train tree 120/240 accuracy:0.751691 logloss:0.507556 [index:119 total:57m10.84s tree:22m21.12s]
I0000 00:00:1770252215.809837  139599 random_forest.cc:956] Train tree 121/240 accuracy:0.751808 logloss:0.507429 [index:120 total:57m39.08s tree:22m21.11s]
I0000 00:00:1770252243.544363  139564 random_forest.cc:956] Train tree 122/240 accuracy:0.751826 logloss:0.507305 [index:121 total:58m6.81s tree:22m20.58s]
I0000 00:00:1770252271.685475  139595 random_forest.cc:956] Train tree 123/240 accuracy:0.751942 logloss:0.507156 [index:122 total:58m34.95s tree:22m20.76s]
I0000 00:00:1770252299.862939  139584 random_forest.cc:956] Train tree 124/240 accuracy:0.752062 logloss:0.506979 [index:123 total:59m3.13s tree:22m20.68s]
I0000 00:00:1770252327.421165  139562 random_forest.cc:956] Train tree 125/240 accuracy:0.752147 logloss:0.506849 [index:124 total:59m30.69s tree:22m20.72s]
I0000 00:00:1770252355.387186  139565 random_forest.cc:956] Train tree 126/240 accuracy:0.752215 logloss:0.506743 [index:125 total:59m58.66s tree:22m20.60s]
I0000 00:00:1770252383.322684  139571 random_forest.cc:956] Train tree 127/240 accuracy:0.752301 logloss:0.506642 [index:126 total:1h0m26.59s tree:22m20.52s]
I0000 00:00:1770252411.095028  139592 random_forest.cc:956] Train tree 128/240 accuracy:0.752351 logloss:0.50652 [index:127 total:1h0m54.36s tree:22m20.54s]
I0000 00:00:1770252439.043012  139583 random_forest.cc:956] Train tree 129/240 accuracy:0.752433 logloss:0.50638 [index:128 total:1h1m22.31s tree:22m20.67s]
I0000 00:00:1770252466.709843  139566 random_forest.cc:956] Train tree 130/240 accuracy:0.752493 logloss:0.506271 [index:129 total:1h1m49.98s tree:22m20.38s]
I0000 00:00:1770252494.791721  139557 random_forest.cc:956] Train tree 131/240 accuracy:0.752555 logloss:0.506169 [index:130 total:1h2m18.06s tree:22m20.32s]
I0000 00:00:1770252522.720590  139568 random_forest.cc:956] Train tree 132/240 accuracy:0.752693 logloss:0.506064 [index:131 total:1h2m45.99s tree:22m20.09s]
I0000 00:00:1770252550.937737  139561 random_forest.cc:956] Train tree 133/240 accuracy:0.752739 logloss:0.505947 [index:132 total:1h3m14.21s tree:22m20.16s]
I0000 00:00:1770252579.511869  139591 random_forest.cc:956] Train tree 134/240 accuracy:0.752795 logloss:0.505825 [index:133 total:1h3m42.78s tree:22m20.29s]
I0000 00:00:1770252607.204558  139555 random_forest.cc:956] Train tree 135/240 accuracy:0.752828 logloss:0.505728 [index:134 total:1h4m10.47s tree:22m20.27s]
I0000 00:00:1770252634.901784  139578 random_forest.cc:956] Train tree 136/240 accuracy:0.752877 logloss:0.505622 [index:135 total:1h4m38.17s tree:22m20.35s]
I0000 00:00:1770252663.021085  139570 random_forest.cc:956] Train tree 137/240 accuracy:0.75294 logloss:0.505523 [index:136 total:1h5m6.29s tree:22m20.69s]
I0000 00:00:1770252690.737648  139596 random_forest.cc:956] Train tree 138/240 accuracy:0.752989 logloss:0.50545 [index:137 total:1h5m34.01s tree:22m20.88s]
I0000 00:00:1770252718.500540  139594 random_forest.cc:956] Train tree 139/240 accuracy:0.753049 logloss:0.505355 [index:138 total:1h6m1.77s tree:22m20.67s]
I0000 00:00:1770252746.711911  139567 random_forest.cc:956] Train tree 140/240 accuracy:0.753106 logloss:0.505267 [index:139 total:1h6m29.98s tree:22m20.84s]
I0000 00:00:1770252774.563951  139593 random_forest.cc:956] Train tree 141/240 accuracy:0.753158 logloss:0.505176 [index:140 total:1h6m57.83s tree:22m20.68s]
I0000 00:00:1770252802.278864  139597 random_forest.cc:956] Train tree 142/240 accuracy:0.753264 logloss:0.505095 [index:141 total:1h7m25.55s tree:22m20.71s]
I0000 00:00:1770252830.106268  139575 random_forest.cc:956] Train tree 143/240 accuracy:0.753334 logloss:0.505014 [index:142 total:1h7m53.38s tree:22m20.86s]
I0000 00:00:1770252857.741557  139588 random_forest.cc:956] Train tree 144/240 accuracy:0.753374 logloss:0.504916 [index:143 total:1h8m21.01s tree:22m20.79s]
I0000 00:00:1770252885.999095  139552 random_forest.cc:956] Train tree 145/240 accuracy:0.753402 logloss:0.504871 [index:144 total:1h8m49.27s tree:22m20.63s]
I0000 00:00:1770252913.934470  139573 random_forest.cc:956] Train tree 146/240 accuracy:0.753427 logloss:0.504792 [index:145 total:1h9m17.20s tree:22m21.31s]
I0000 00:00:1770252941.759770  139553 random_forest.cc:956] Train tree 147/240 accuracy:0.75349 logloss:0.504714 [index:146 total:1h9m45.03s tree:22m21.55s]
I0000 00:00:1770252969.518087  139574 random_forest.cc:956] Train tree 148/240 accuracy:0.753536 logloss:0.504645 [index:147 total:1h10m12.79s tree:22m21.49s]
I0000 00:00:1770252997.231105  139554 random_forest.cc:956] Train tree 149/240 accuracy:0.753628 logloss:0.50456 [index:148 total:1h10m40.50s tree:22m21.44s]
I0000 00:00:1770253025.144051  139579 random_forest.cc:956] Train tree 150/240 accuracy:0.753689 logloss:0.504515 [index:149 total:1h11m8.41s tree:22m21.34s]
I0000 00:00:1770253052.614235  139559 random_forest.cc:956] Train tree 151/240 accuracy:0.753751 logloss:0.504447 [index:150 total:1h11m35.88s tree:22m21.25s]
I0000 00:00:1770253080.848417  139590 random_forest.cc:956] Train tree 152/240 accuracy:0.753819 logloss:0.504364 [index:151 total:1h12m4.12s tree:22m21.27s]
I0000 00:00:1770253108.396067  139598 random_forest.cc:956] Train tree 153/240 accuracy:0.753854 logloss:0.504303 [index:152 total:1h12m31.67s tree:22m21.18s]
I0000 00:00:1770253136.692880  139585 random_forest.cc:956] Train tree 154/240 accuracy:0.753912 logloss:0.504215 [index:153 total:1h12m59.96s tree:22m21.31s]
I0000 00:00:1770253165.238729  139569 random_forest.cc:956] Train tree 155/240 accuracy:0.753953 logloss:0.504112 [index:154 total:1h13m28.51s tree:22m21.30s]
I0000 00:00:1770253192.931553  139582 random_forest.cc:956] Train tree 156/240 accuracy:0.753993 logloss:0.504083 [index:155 total:1h13m56.20s tree:22m21.37s]
I0000 00:00:1770253221.321382  139576 random_forest.cc:956] Train tree 157/240 accuracy:0.754096 logloss:0.504 [index:156 total:1h14m24.59s tree:22m21.24s]
I0000 00:00:1770253249.607870  139556 random_forest.cc:956] Train tree 158/240 accuracy:0.754167 logloss:0.503934 [index:157 total:1h14m52.88s tree:22m21.46s]
I0000 00:00:1770253277.730369  139560 random_forest.cc:956] Train tree 159/240 accuracy:0.754182 logloss:0.503882 [index:158 total:1h15m21.00s tree:22m21.57s]
I0000 00:00:1770253305.595881  139563 random_forest.cc:956] Train tree 160/240 accuracy:0.75425 logloss:0.503823 [index:159 total:1h15m48.87s tree:22m21.45s]
I0000 00:00:1770253333.252855  139558 random_forest.cc:956] Train tree 161/240 accuracy:0.754294 logloss:0.503766 [index:160 total:1h16m16.52s tree:22m21.28s]
I0000 00:00:1770253361.358122  139587 random_forest.cc:956] Train tree 162/240 accuracy:0.754343 logloss:0.503702 [index:161 total:1h16m44.63s tree:22m20.95s]
I0000 00:00:1770253388.978622  139589 random_forest.cc:956] Train tree 163/240 accuracy:0.754373 logloss:0.503648 [index:162 total:1h17m12.25s tree:22m20.98s]
I0000 00:00:1770253416.576122  139577 random_forest.cc:956] Train tree 164/240 accuracy:0.754444 logloss:0.503588 [index:163 total:1h17m39.85s tree:22m20.67s]
I0000 00:00:1770253444.751436  139581 random_forest.cc:956] Train tree 165/240 accuracy:0.754474 logloss:0.503535 [index:164 total:1h18m8.02s tree:22m20.71s]
I0000 00:00:1770253472.730307  139580 random_forest.cc:956] Train tree 166/240 accuracy:0.754518 logloss:0.503465 [index:165 total:1h18m36.00s tree:22m20.96s]
I0000 00:00:1770253500.219506  139572 random_forest.cc:956] Train tree 167/240 accuracy:0.754572 logloss:0.503415 [index:166 total:1h19m3.49s tree:22m20.85s]
I0000 00:00:1770253528.185672  139586 random_forest.cc:956] Train tree 168/240 accuracy:0.754625 logloss:0.503365 [index:167 total:1h19m31.45s tree:22m20.61s]
I0000 00:00:1770253556.495241  139599 random_forest.cc:956] Train tree 169/240 accuracy:0.754677 logloss:0.503315 [index:168 total:1h19m59.76s tree:22m20.68s]
I0000 00:00:1770253584.239234  139564 random_forest.cc:956] Train tree 170/240 accuracy:0.754738 logloss:0.50326 [index:169 total:1h20m27.51s tree:22m20.69s]
I0000 00:00:1770253612.539742  139595 random_forest.cc:956] Train tree 171/240 accuracy:0.754782 logloss:0.503208 [index:170 total:1h20m55.81s tree:22m20.85s]
I0000 00:00:1770253640.769651  139584 random_forest.cc:956] Train tree 172/240 accuracy:0.754856 logloss:0.503173 [index:171 total:1h21m24.04s tree:22m20.91s]
I0000 00:00:1770253668.456218  139562 random_forest.cc:956] Train tree 173/240 accuracy:0.754875 logloss:0.503116 [index:172 total:1h21m51.73s tree:22m21.03s]
I0000 00:00:1770253696.693889  139565 random_forest.cc:956] Train tree 174/240 accuracy:0.754901 logloss:0.503081 [index:173 total:1h22m19.96s tree:22m21.31s]
I0000 00:00:1770253724.809713  139571 random_forest.cc:956] Train tree 175/240 accuracy:0.754937 logloss:0.503031 [index:174 total:1h22m48.08s tree:22m21.49s]
I0000 00:00:1770253752.545754  139592 random_forest.cc:956] Train tree 176/240 accuracy:0.754987 logloss:0.502986 [index:175 total:1h23m15.81s tree:22m21.45s]
I0000 00:00:1770253780.345572  139583 random_forest.cc:956] Train tree 177/240 accuracy:0.755037 logloss:0.502935 [index:176 total:1h23m43.61s tree:22m21.30s]
I0000 00:00:1770253808.239346  139566 random_forest.cc:956] Train tree 178/240 accuracy:0.75508 logloss:0.50289 [index:177 total:1h24m11.51s tree:22m21.53s]
I0000 00:00:1770253836.342345  139557 random_forest.cc:956] Train tree 179/240 accuracy:0.755114 logloss:0.502851 [index:178 total:1h24m39.61s tree:22m21.55s]
I0000 00:00:1770253864.477959  139568 random_forest.cc:956] Train tree 180/240 accuracy:0.755148 logloss:0.502808 [index:179 total:1h25m7.75s tree:22m21.76s]
I0000 00:00:1770253892.484005  139561 random_forest.cc:956] Train tree 181/240 accuracy:0.755178 logloss:0.502779 [index:180 total:1h25m35.75s tree:22m21.54s]
I0000 00:00:1770253921.154851  139591 random_forest.cc:956] Train tree 182/240 accuracy:0.755203 logloss:0.502738 [index:181 total:1h26m4.42s tree:22m21.64s]
I0000 00:00:1770253948.731032  139555 random_forest.cc:956] Train tree 183/240 accuracy:0.755257 logloss:0.502703 [index:182 total:1h26m32.00s tree:22m21.53s]
I0000 00:00:1770253976.250833  139578 random_forest.cc:956] Train tree 184/240 accuracy:0.755286 logloss:0.502665 [index:183 total:1h26m59.52s tree:22m21.35s]
I0000 00:00:1770254004.493348  139570 random_forest.cc:956] Train tree 185/240 accuracy:0.755343 logloss:0.502623 [index:184 total:1h27m27.76s tree:22m21.47s]
I0000 00:00:1770254032.103241  139596 random_forest.cc:956] Train tree 186/240 accuracy:0.755366 logloss:0.502563 [index:185 total:1h27m55.37s tree:22m21.36s]
I0000 00:00:1770254059.936334  139594 random_forest.cc:956] Train tree 187/240 accuracy:0.755431 logloss:0.502516 [index:186 total:1h28m23.21s tree:22m21.43s]
I0000 00:00:1770254088.236310  139567 random_forest.cc:956] Train tree 188/240 accuracy:0.755436 logloss:0.502487 [index:187 total:1h28m51.51s tree:22m21.52s]
I0000 00:00:1770254116.095211  139593 random_forest.cc:956] Train tree 189/240 accuracy:0.755504 logloss:0.502453 [index:188 total:1h29m19.36s tree:22m21.53s]
I0000 00:00:1770254143.763581  139597 random_forest.cc:956] Train tree 190/240 accuracy:0.755522 logloss:0.502418 [index:189 total:1h29m47.03s tree:22m21.48s]
I0000 00:00:1770254171.618778  139575 random_forest.cc:956] Train tree 191/240 accuracy:0.755548 logloss:0.502356 [index:190 total:1h30m14.89s tree:22m21.51s]
I0000 00:00:1770254199.139208  139588 random_forest.cc:956] Train tree 192/240 accuracy:0.755599 logloss:0.502309 [index:191 total:1h30m42.41s tree:22m21.40s]
I0000 00:00:1770254227.043299  139552 random_forest.cc:956] Train tree 193/240 accuracy:0.755642 logloss:0.502267 [index:192 total:1h31m10.31s tree:22m21.04s]
I0000 00:00:1770254253.286860  139573 random_forest.cc:956] Train tree 194/240 accuracy:0.755661 logloss:0.502238 [index:193 total:1h31m36.56s tree:22m19.35s]
I0000 00:00:1770254276.679197  139553 random_forest.cc:956] Train tree 195/240 accuracy:0.755668 logloss:0.502203 [index:194 total:1h31m59.95s tree:22m14.92s]
I0000 00:00:1770254298.151414  139574 random_forest.cc:956] Train tree 196/240 accuracy:0.755687 logloss:0.502181 [index:195 total:1h32m21.42s tree:22m8.63s]
I0000 00:00:1770254319.436177  139554 random_forest.cc:956] Train tree 197/240 accuracy:0.755712 logloss:0.502146 [index:196 total:1h32m42.71s tree:22m2.20s]
I0000 00:00:1770254341.128092  139579 random_forest.cc:956] Train tree 198/240 accuracy:0.755735 logloss:0.502106 [index:197 total:1h33m4.40s tree:21m55.98s]
I0000 00:00:1770254362.266311  139559 random_forest.cc:956] Train tree 199/240 accuracy:0.755777 logloss:0.502074 [index:198 total:1h33m25.54s tree:21m49.65s]
I0000 00:00:1770254383.937607  139590 random_forest.cc:956] Train tree 200/240 accuracy:0.755807 logloss:0.502042 [index:199 total:1h33m47.21s tree:21m43.09s]
I0000 00:00:1770254405.349333  139598 random_forest.cc:956] Train tree 201/240 accuracy:0.755838 logloss:0.502015 [index:200 total:1h34m8.62s tree:21m36.95s]
I0000 00:00:1770254427.180225  139585 random_forest.cc:956] Train tree 202/240 accuracy:0.755893 logloss:0.50198 [index:201 total:1h34m30.45s tree:21m30.49s]
I0000 00:00:1770254449.099595  139569 random_forest.cc:956] Train tree 203/240 accuracy:0.75591 logloss:0.50193 [index:202 total:1h34m52.37s tree:21m23.86s]
I0000 00:00:1770254470.177525  139582 random_forest.cc:956] Train tree 204/240 accuracy:0.755935 logloss:0.50189 [index:203 total:1h35m13.45s tree:21m17.24s]
I0000 00:00:1770254491.869213  139576 random_forest.cc:956] Train tree 205/240 accuracy:0.755964 logloss:0.501846 [index:204 total:1h35m35.14s tree:21m10.55s]
I0000 00:00:1770254513.878781  139556 random_forest.cc:956] Train tree 206/240 accuracy:0.755983 logloss:0.501812 [index:205 total:1h35m57.15s tree:21m4.27s]
I0000 00:00:1770254535.556047  139560 random_forest.cc:956] Train tree 207/240 accuracy:0.756028 logloss:0.501769 [index:206 total:1h36m18.83s tree:20m57.82s]
I0000 00:00:1770254557.048523  139563 random_forest.cc:956] Train tree 208/240 accuracy:0.756082 logloss:0.501736 [index:207 total:1h36m40.32s tree:20m51.45s]
I0000 00:00:1770254578.528077  139558 random_forest.cc:956] Train tree 209/240 accuracy:0.756119 logloss:0.501709 [index:208 total:1h37m1.80s tree:20m45.27s]
I0000 00:00:1770254600.140159  139587 random_forest.cc:956] Train tree 210/240 accuracy:0.756178 logloss:0.501668 [index:209 total:1h37m23.41s tree:20m38.78s]
I0000 00:00:1770254621.166413  139589 random_forest.cc:956] Train tree 211/240 accuracy:0.756201 logloss:0.501637 [index:210 total:1h37m44.44s tree:20m32.19s]
I0000 00:00:1770254642.257270  139577 random_forest.cc:956] Train tree 212/240 accuracy:0.756211 logloss:0.501603 [index:211 total:1h38m5.53s tree:20m25.68s]
I0000 00:00:1770254664.054621  139581 random_forest.cc:956] Train tree 213/240 accuracy:0.756246 logloss:0.501581 [index:212 total:1h38m27.32s tree:20m19.30s]
I0000 00:00:1770254685.485098  139580 random_forest.cc:956] Train tree 214/240 accuracy:0.756282 logloss:0.501557 [index:213 total:1h38m48.75s tree:20m12.75s]
I0000 00:00:1770254706.542324  139572 random_forest.cc:956] Train tree 215/240 accuracy:0.756317 logloss:0.501511 [index:214 total:1h39m9.81s tree:20m6.32s]
I0000 00:00:1770254727.970322  139586 random_forest.cc:956] Train tree 216/240 accuracy:0.756347 logloss:0.501469 [index:215 total:1h39m31.24s tree:19m59.78s]
I0000 00:00:1770254749.894230  139599 random_forest.cc:956] Train tree 217/240 accuracy:0.756395 logloss:0.501438 [index:216 total:1h39m53.16s tree:19m53.40s]
I0000 00:00:1770254771.066428  139564 random_forest.cc:956] Train tree 218/240 accuracy:0.756422 logloss:0.501406 [index:217 total:1h40m14.34s tree:19m46.83s]
I0000 00:00:1770254792.879531  139595 random_forest.cc:956] Train tree 219/240 accuracy:0.756433 logloss:0.501372 [index:218 total:1h40m36.15s tree:19m40.34s]
I0000 00:00:1770254814.578359  139584 random_forest.cc:956] Train tree 220/240 accuracy:0.756428 logloss:0.501355 [index:219 total:1h40m57.85s tree:19m33.81s]
I0000 00:00:1770254835.678002  139562 random_forest.cc:956] Train tree 221/240 accuracy:0.756446 logloss:0.501348 [index:220 total:1h41m18.95s tree:19m27.22s]
I0000 00:00:1770254857.318725  139565 random_forest.cc:956] Train tree 222/240 accuracy:0.756473 logloss:0.501314 [index:221 total:1h41m40.59s tree:19m20.62s]
I0000 00:00:1770254878.732785  139571 random_forest.cc:956] Train tree 223/240 accuracy:0.756498 logloss:0.501287 [index:222 total:1h42m2.00s tree:19m13.92s]
I0000 00:00:1770254899.768044  139592 random_forest.cc:956] Train tree 224/240 accuracy:0.75653 logloss:0.501259 [index:223 total:1h42m23.04s tree:19m7.22s]
I0000 00:00:1770254921.134820  139583 random_forest.cc:956] Train tree 225/240 accuracy:0.756566 logloss:0.501239 [index:224 total:1h42m44.40s tree:19m0.79s]
I0000 00:00:1770254942.369552  139566 random_forest.cc:956] Train tree 226/240 accuracy:0.756585 logloss:0.501217 [index:225 total:1h43m5.64s tree:18m54.13s]
I0000 00:00:1770254963.991203  139557 random_forest.cc:956] Train tree 227/240 accuracy:0.756624 logloss:0.501207 [index:226 total:1h43m27.26s tree:18m47.65s]
I0000 00:00:1770254985.711766  139568 random_forest.cc:956] Train tree 228/240 accuracy:0.756661 logloss:0.501171 [index:227 total:1h43m48.98s tree:18m41.23s]
I0000 00:00:1770255007.134331  139561 random_forest.cc:956] Train tree 229/240 accuracy:0.756674 logloss:0.50116 [index:228 total:1h44m10.40s tree:18m34.65s]
I0000 00:00:1770255029.183874  139591 random_forest.cc:956] Train tree 230/240 accuracy:0.756691 logloss:0.501129 [index:229 total:1h44m32.45s tree:18m28.03s]
I0000 00:00:1770255050.563647  139555 random_forest.cc:956] Train tree 231/240 accuracy:0.756702 logloss:0.50112 [index:230 total:1h44m53.83s tree:18m21.83s]
I0000 00:00:1770255071.704608  139578 random_forest.cc:956] Train tree 232/240 accuracy:0.756731 logloss:0.501087 [index:231 total:1h45m14.97s tree:18m15.45s]
I0000 00:00:1770255093.416054  139570 random_forest.cc:956] Train tree 233/240 accuracy:0.756763 logloss:0.501057 [index:232 total:1h45m36.69s tree:18m8.92s]
I0000 00:00:1770255114.518359  139596 random_forest.cc:956] Train tree 234/240 accuracy:0.756761 logloss:0.501031 [index:233 total:1h45m57.79s tree:18m2.41s]
I0000 00:00:1770255136.173114  139594 random_forest.cc:956] Train tree 235/240 accuracy:0.756786 logloss:0.501012 [index:234 total:1h46m19.44s tree:17m56.24s]
I0000 00:00:1770255157.861313  139567 random_forest.cc:956] Train tree 236/240 accuracy:0.756796 logloss:0.500986 [index:235 total:1h46m41.13s tree:17m49.62s]
I0000 00:00:1770255179.181694  139593 random_forest.cc:956] Train tree 237/240 accuracy:0.756831 logloss:0.500964 [index:236 total:1h47m2.45s tree:17m43.09s]
I0000 00:00:1770255200.507927  139597 random_forest.cc:956] Train tree 238/240 accuracy:0.756853 logloss:0.500936 [index:237 total:1h47m23.78s tree:17m36.74s]
I0000 00:00:1770255221.501793  139575 random_forest.cc:956] Train tree 239/240 accuracy:0.756856 logloss:0.500918 [index:238 total:1h47m44.77s tree:17m29.88s]
I0000 00:00:1770255242.577827  139588 random_forest.cc:956] Train tree 240/240 accuracy:0.756888 logloss:0.500886 [index:239 total:1h48m5.85s tree:17m23.44s]
I0000 00:00:1770255242.579448  139232 random_forest.cc:990] random_forest.cc Training block took: 6486.21 s
I0000 00:00:1770255242.579497  139232 random_forest.cc:1062] After Random Forest Training block. RETURNING EARLY TO SPEED UP XPS!!
-1 (automatic) threads requested. 48 threads set.
Configuring oblique splits
Using Dynamic Random Histogram with 256 samples
./bazel-bin/examples/train_oblique_forest --input_mode csv --train_csv "benchmarks/data/SUSY_with_header.csv" --label_col "class" --feature_split_type "Oblique" --numerical_split_type "Dynamic Random Histogram" --num_trees=240 --num_threads=-1 --compute_oob_performances=true --histogram_num_bins 256


Inferring DataSpec from CSV: benchmarks/data/SUSY_with_header.csv


WARNING: All log messages before absl::InitializeLog() is called are written to STDERR
I0000 00:00:1770255250.094801  164661 csv_example_reader.cc:212] 0 row(s) processed
I0000 00:00:1770255250.100061  164661 csv_example_reader.cc:216] Stop scanning the csv file to infer the type. Some records were not considered.
I0000 00:00:1770255250.100081  164661 data_spec_inference.cc:457] 19 column(s) found
I0000 00:00:1770255250.100096  164661 csv_example_reader.cc:303] 0 row(s) processed
I0000 00:00:1770255261.898544  164661 data_spec_inference.cc:494] Finalizing [5000000 row(s) found]
I0000 00:00:1770255261.898639  164661 abstract_learner.cc:155] No input feature explicitly specified. Using all the available input features.
I0000 00:00:1770255261.898642  164661 abstract_learner.cc:172] The label "class" was removed from the input feature set.
I0000 00:00:1770255261.899033  164661 vertical_dataset_io.cc:82] 100 examples scanned.
I0000 00:00:1770255274.677684  164661 vertical_dataset_io.cc:88] 5000000 examples read. Memory: usage:380MB allocated:380MB. 0 (0%) examples have been skipped.
I0000 00:00:1770255274.677759  164661 abstract_learner.cc:155] No input feature explicitly specified. Using all the available input features.
I0000 00:00:1770255274.677764  164661 abstract_learner.cc:172] The label "class" was removed from the input feature set.
I0000 00:00:1770255274.677782  164661 random_forest.cc:465] Training random forest on 5000000 example(s) and 18 feature(s).
I0000 00:00:1770255274.677793  164661 gpu.cc:93] Cannot initialize GPU: Not compiled with GPU support
I0000 00:00:1770255274.844413  164661 random_forest.cc:659] num_threads being used: 48
I0000 00:00:1770255310.819302  164761 random_forest.cc:956] Train tree 1/240 accuracy:0.733826 logloss:8.51238 [index:6 total:35.97s tree:35.97s]
I0000 00:00:1770255326.477476  164802 random_forest.cc:956] Train tree 3/240 accuracy:0.727683 logloss:6.97501 [index:44 total:51.63s tree:51.63s]
I0000 00:00:1770255344.535950  164789 random_forest.cc:956] Train tree 5/240 accuracy:0.738082 logloss:5.57405 [index:38 total:1m9.69s tree:1m9.69s]
I0000 00:00:1770255362.983100  164786 random_forest.cc:956] Train tree 7/240 accuracy:0.747613 logloss:4.36834 [index:34 total:1m28.14s tree:1m28.14s]
I0000 00:00:1770255380.872592  164804 random_forest.cc:956] Train tree 9/240 accuracy:0.755631 logloss:3.41628 [index:46 total:1m46.03s tree:1m46.02s]
I0000 00:00:1770255399.040677  164785 random_forest.cc:956] Train tree 11/240 accuracy:0.762006 logloss:2.72965 [index:35 total:2m4.20s tree:2m4.19s]
I0000 00:00:1770255416.969213  164778 random_forest.cc:956] Train tree 13/240 accuracy:0.76749 logloss:2.23236 [index:20 total:2m22.12s tree:2m22.12s]
I0000 00:00:1770255435.179103  164793 random_forest.cc:956] Train tree 15/240 accuracy:0.771678 logloss:1.87404 [index:42 total:2m40.33s tree:2m40.33s]
I0000 00:00:1770255453.207211  164800 random_forest.cc:956] Train tree 17/240 accuracy:0.775059 logloss:1.60737 [index:5 total:2m58.36s tree:2m58.36s]
I0000 00:00:1770255471.261476  164801 random_forest.cc:956] Train tree 19/240 accuracy:0.777857 logloss:1.40512 [index:43 total:3m16.42s tree:3m16.41s]
I0000 00:00:1770255489.435544  164767 random_forest.cc:956] Train tree 21/240 accuracy:0.780081 logloss:1.25351 [index:16 total:3m34.59s tree:3m34.59s]
I0000 00:00:1770255507.413137  164784 random_forest.cc:956] Train tree 23/240 accuracy:0.781966 logloss:1.13018 [index:32 total:3m52.57s tree:3m52.57s]
I0000 00:00:1770255525.551235  164772 random_forest.cc:956] Train tree 25/240 accuracy:0.783682 logloss:1.03134 [index:22 total:4m10.71s tree:4m10.70s]
I0000 00:00:1770255543.815955  164774 random_forest.cc:956] Train tree 27/240 accuracy:0.78511 logloss:0.956312 [index:24 total:4m28.97s tree:4m28.97s]
I0000 00:00:1770255562.081616  164777 random_forest.cc:956] Train tree 29/240 accuracy:0.78626 logloss:0.891225 [index:23 total:4m47.24s tree:4m47.24s]
I0000 00:00:1770255580.454396  164780 random_forest.cc:956] Train tree 31/240 accuracy:0.78736 logloss:0.838534 [index:28 total:5m5.61s tree:5m5.61s]
I0000 00:00:1770255598.691541  164781 random_forest.cc:956] Train tree 33/240 accuracy:0.788301 logloss:0.795677 [index:31 total:5m23.85s tree:5m23.84s]
I0000 00:00:1770255617.143936  164766 random_forest.cc:956] Train tree 35/240 accuracy:0.789197 logloss:0.759286 [index:17 total:5m42.30s tree:5m42.30s]
I0000 00:00:1770255635.206636  164764 random_forest.cc:956] Train tree 37/240 accuracy:0.789976 logloss:0.726543 [index:15 total:6m0.36s tree:6m0.36s]
I0000 00:00:1770255653.452421  164792 random_forest.cc:956] Train tree 39/240 accuracy:0.790577 logloss:0.698258 [index:41 total:6m18.61s tree:6m18.60s]
I0000 00:00:1770255671.985517  164805 random_forest.cc:956] Train tree 41/240 accuracy:0.7912 logloss:0.674356 [index:47 total:6m37.14s tree:6m37.14s]
I0000 00:00:1770255690.238038  164806 random_forest.cc:956] Train tree 43/240 accuracy:0.791706 logloss:0.653496 [index:0 total:6m55.39s tree:6m55.39s]
I0000 00:00:1770255708.802809  164797 random_forest.cc:956] Train tree 45/240 accuracy:0.792135 logloss:0.634152 [index:8 total:7m13.96s tree:7m13.96s]
I0000 00:00:1770255726.861597  164776 random_forest.cc:956] Train tree 47/240 accuracy:0.79272 logloss:0.618013 [index:25 total:7m32.02s tree:7m32.01s]
I0000 00:00:1770255744.908971  164761 random_forest.cc:956] Train tree 49/240 accuracy:0.793111 logloss:0.602496 [index:48 total:7m50.06s tree:7m14.09s]
I0000 00:00:1770255763.588230  164802 random_forest.cc:956] Train tree 51/240 accuracy:0.793523 logloss:0.589862 [index:50 total:8m8.74s tree:7m17.11s]
I0000 00:00:1770255781.728162  164789 random_forest.cc:956] Train tree 53/240 accuracy:0.793862 logloss:0.578179 [index:52 total:8m26.88s tree:7m17.19s]
I0000 00:00:1770255800.001937  164786 random_forest.cc:956] Train tree 55/240 accuracy:0.794182 logloss:0.567813 [index:54 total:8m45.16s tree:7m17.02s]
I0000 00:00:1770255818.013044  164804 random_forest.cc:956] Train tree 57/240 accuracy:0.794481 logloss:0.559025 [index:56 total:9m3.17s tree:7m17.14s]
I0000 00:00:1770255836.202743  164785 random_forest.cc:956] Train tree 59/240 accuracy:0.7948 logloss:0.550409 [index:58 total:9m21.36s tree:7m17.16s]
I0000 00:00:1770255854.268565  164778 random_forest.cc:956] Train tree 61/240 accuracy:0.795009 logloss:0.542798 [index:60 total:9m39.42s tree:7m17.30s]
I0000 00:00:1770255872.473213  164793 random_forest.cc:956] Train tree 63/240 accuracy:0.795234 logloss:0.536086 [index:62 total:9m57.63s tree:7m17.29s]
I0000 00:00:1770255890.690411  164800 random_forest.cc:956] Train tree 65/240 accuracy:0.795533 logloss:0.529887 [index:64 total:10m15.85s tree:7m17.48s]
I0000 00:00:1770255908.635143  164801 random_forest.cc:956] Train tree 67/240 accuracy:0.795749 logloss:0.523807 [index:66 total:10m33.79s tree:7m17.37s]
I0000 00:00:1770255926.689796  164767 random_forest.cc:956] Train tree 69/240 accuracy:0.795904 logloss:0.518451 [index:68 total:10m51.85s tree:7m17.25s]
I0000 00:00:1770255944.619801  164784 random_forest.cc:956] Train tree 71/240 accuracy:0.796103 logloss:0.51347 [index:70 total:11m9.78s tree:7m17.21s]
I0000 00:00:1770255962.863248  164772 random_forest.cc:956] Train tree 73/240 accuracy:0.796309 logloss:0.509033 [index:72 total:11m28.02s tree:7m17.31s]
I0000 00:00:1770255981.286688  164774 random_forest.cc:956] Train tree 75/240 accuracy:0.796541 logloss:0.505108 [index:74 total:11m46.44s tree:7m17.47s]
I0000 00:00:1770255999.462428  164777 random_forest.cc:956] Train tree 77/240 accuracy:0.79666 logloss:0.501182 [index:76 total:12m4.62s tree:7m17.38s]
I0000 00:00:1770256016.816006  164780 random_forest.cc:956] Train tree 79/240 accuracy:0.796827 logloss:0.49778 [index:78 total:12m21.97s tree:7m16.36s]
I0000 00:00:1770256034.523642  164781 random_forest.cc:956] Train tree 81/240 accuracy:0.797003 logloss:0.494748 [index:80 total:12m39.68s tree:7m15.83s]
I0000 00:00:1770256052.926827  164766 random_forest.cc:956] Train tree 83/240 accuracy:0.797101 logloss:0.49156 [index:82 total:12m58.08s tree:7m15.78s]
I0000 00:00:1770256071.219638  164764 random_forest.cc:956] Train tree 85/240 accuracy:0.797207 logloss:0.488822 [index:84 total:13m16.38s tree:7m16.01s]
I0000 00:00:1770256089.612248  164792 random_forest.cc:956] Train tree 87/240 accuracy:0.797325 logloss:0.486185 [index:86 total:13m34.77s tree:7m16.16s]
I0000 00:00:1770256107.737879  164805 random_forest.cc:956] Train tree 89/240 accuracy:0.79749 logloss:0.483348 [index:88 total:13m52.89s tree:7m15.75s]
I0000 00:00:1770256125.699085  164806 random_forest.cc:956] Train tree 91/240 accuracy:0.797515 logloss:0.481073 [index:90 total:14m10.85s tree:7m15.46s]
I0000 00:00:1770256144.206365  164797 random_forest.cc:956] Train tree 93/240 accuracy:0.797608 logloss:0.478998 [index:92 total:14m29.36s tree:7m15.40s]
I0000 00:00:1770256162.272502  164776 random_forest.cc:956] Train tree 95/240 accuracy:0.797723 logloss:0.477168 [index:94 total:14m47.43s tree:7m15.41s]
I0000 00:00:1770256180.443104  164761 random_forest.cc:956] Train tree 97/240 accuracy:0.797856 logloss:0.475071 [index:96 total:15m5.60s tree:7m15.53s]
I0000 00:00:1770256199.094605  164802 random_forest.cc:956] Train tree 99/240 accuracy:0.798004 logloss:0.473323 [index:98 total:15m24.25s tree:7m15.51s]
I0000 00:00:1770256217.151248  164789 random_forest.cc:956] Train tree 101/240 accuracy:0.798146 logloss:0.471632 [index:100 total:15m42.31s tree:7m15.42s]
I0000 00:00:1770256235.551020  164786 random_forest.cc:956] Train tree 103/240 accuracy:0.798282 logloss:0.470065 [index:102 total:16m0.71s tree:7m15.55s]
I0000 00:00:1770256253.449164  164804 random_forest.cc:956] Train tree 105/240 accuracy:0.798354 logloss:0.468432 [index:104 total:16m18.60s tree:7m15.44s]
I0000 00:00:1770256271.738461  164785 random_forest.cc:956] Train tree 107/240 accuracy:0.798416 logloss:0.466855 [index:106 total:16m36.89s tree:7m15.54s]
I0000 00:00:1770256289.908693  164778 random_forest.cc:956] Train tree 109/240 accuracy:0.798466 logloss:0.465658 [index:108 total:16m55.06s tree:7m15.64s]
I0000 00:00:1770256308.004835  164793 random_forest.cc:956] Train tree 111/240 accuracy:0.798564 logloss:0.464516 [index:110 total:17m13.16s tree:7m15.53s]
I0000 00:00:1770256326.027936  164800 random_forest.cc:956] Train tree 113/240 accuracy:0.798633 logloss:0.463437 [index:112 total:17m31.18s tree:7m15.34s]
I0000 00:00:1770256344.258096  164801 random_forest.cc:956] Train tree 115/240 accuracy:0.798686 logloss:0.462415 [index:114 total:17m49.41s tree:7m15.62s]
I0000 00:00:1770256362.224472  164767 random_forest.cc:956] Train tree 117/240 accuracy:0.798805 logloss:0.461325 [index:116 total:18m7.38s tree:7m15.53s]
I0000 00:00:1770256380.343452  164784 random_forest.cc:956] Train tree 119/240 accuracy:0.798843 logloss:0.460438 [index:118 total:18m25.50s tree:7m15.72s]
I0000 00:00:1770256398.632279  164772 random_forest.cc:956] Train tree 121/240 accuracy:0.798944 logloss:0.45948 [index:120 total:18m43.79s tree:7m15.77s]
I0000 00:00:1770256417.804769  164774 random_forest.cc:956] Train tree 124/240 accuracy:0.798977 logloss:0.451448 [index:122 total:19m2.96s tree:7m16.52s]
I0000 00:00:1770256436.286844  164796 random_forest.cc:956] Train tree 126/240 accuracy:0.79907 logloss:0.450771 [index:125 total:19m21.44s tree:7m8.26s]
I0000 00:00:1770256454.623751  164798 random_forest.cc:956] Train tree 128/240 accuracy:0.799127 logloss:0.450202 [index:127 total:19m39.78s tree:7m9.16s]
I0000 00:00:1770256472.637559  164795 random_forest.cc:956] Train tree 130/240 accuracy:0.799137 logloss:0.449642 [index:129 total:19m57.79s tree:7m8.84s]
I0000 00:00:1770256490.869295  164768 random_forest.cc:956] Train tree 132/240 accuracy:0.799175 logloss:0.449147 [index:131 total:20m16.02s tree:7m9.10s]
I0000 00:00:1770256509.255104  164794 random_forest.cc:956] Train tree 134/240 accuracy:0.79924 logloss:0.448569 [index:133 total:20m34.41s tree:7m8.62s]
I0000 00:00:1770256527.336741  164799 random_forest.cc:956] Train tree 136/240 accuracy:0.799274 logloss:0.448165 [index:135 total:20m52.49s tree:7m8.80s]
I0000 00:00:1770256545.551356  164775 random_forest.cc:956] Train tree 138/240 accuracy:0.799336 logloss:0.447704 [index:137 total:21m10.71s tree:7m8.99s]
I0000 00:00:1770256564.093369  164762 random_forest.cc:956] Train tree 140/240 accuracy:0.799421 logloss:0.447198 [index:139 total:21m29.25s tree:7m9.27s]
I0000 00:00:1770256582.219154  164765 random_forest.cc:956] Train tree 142/240 accuracy:0.799461 logloss:0.446804 [index:141 total:21m47.37s tree:7m9.08s]
I0000 00:00:1770256600.348425  164791 random_forest.cc:956] Train tree 144/240 accuracy:0.799502 logloss:0.446396 [index:143 total:22m5.50s tree:7m8.97s]
I0000 00:00:1770256618.636224  164759 random_forest.cc:956] Train tree 146/240 accuracy:0.799495 logloss:0.445911 [index:145 total:22m23.79s tree:7m8.95s]
I0000 00:00:1770256637.047767  164773 random_forest.cc:956] Train tree 148/240 accuracy:0.799564 logloss:0.445493 [index:147 total:22m42.20s tree:7m8.95s]
I0000 00:00:1770256654.062321  164803 random_forest.cc:956] Train tree 150/240 accuracy:0.799549 logloss:0.445044 [index:149 total:22m59.22s tree:7m7.93s]
I0000 00:00:1770256672.541406  164790 random_forest.cc:956] Train tree 152/240 accuracy:0.799621 logloss:0.44462 [index:151 total:23m17.70s tree:7m8.15s]
I0000 00:00:1770256690.738152  164783 random_forest.cc:956] Train tree 154/240 accuracy:0.799689 logloss:0.444314 [index:153 total:23m35.89s tree:7m8.11s]
I0000 00:00:1770256709.129128  164770 random_forest.cc:956] Train tree 156/240 accuracy:0.799732 logloss:0.443995 [index:155 total:23m54.28s tree:7m8.30s]
I0000 00:00:1770256727.144504  164787 random_forest.cc:956] Train tree 158/240 accuracy:0.79978 logloss:0.443681 [index:157 total:24m12.30s tree:7m8.40s]
I0000 00:00:1770256745.566431  164769 random_forest.cc:956] Train tree 160/240 accuracy:0.799823 logloss:0.443379 [index:159 total:24m30.72s tree:7m8.47s]
I0000 00:00:1770256763.577448  164782 random_forest.cc:956] Train tree 162/240 accuracy:0.79988 logloss:0.443076 [index:161 total:24m48.73s tree:7m8.42s]
I0000 00:00:1770256781.622376  164779 random_forest.cc:956] Train tree 164/240 accuracy:0.799899 logloss:0.442769 [index:163 total:25m6.78s tree:7m8.40s]
I0000 00:00:1770256798.889049  164771 random_forest.cc:956] Train tree 166/240 accuracy:0.799933 logloss:0.442466 [index:165 total:25m24.04s tree:7m7.80s]
I0000 00:00:1770256816.901046  164763 random_forest.cc:956] Train tree 168/240 accuracy:0.799978 logloss:0.442129 [index:167 total:25m42.06s tree:7m7.55s]
I0000 00:00:1770256835.613297  164772 random_forest.cc:956] Train tree 170/240 accuracy:0.800028 logloss:0.441857 [index:168 total:26m0.77s tree:7m16.98s]
I0000 00:00:1770256853.813995  164774 random_forest.cc:956] Train tree 172/240 accuracy:0.80007 logloss:0.441631 [index:171 total:26m18.97s tree:7m16.01s]
I0000 00:00:1770256871.876303  164796 random_forest.cc:956] Train tree 174/240 accuracy:0.800083 logloss:0.441381 [index:173 total:26m37.03s tree:7m15.59s]
I0000 00:00:1770256890.314040  164798 random_forest.cc:956] Train tree 176/240 accuracy:0.800095 logloss:0.441167 [index:175 total:26m55.47s tree:7m15.69s]
I0000 00:00:1770256908.537031  164795 random_forest.cc:956] Train tree 178/240 accuracy:0.800151 logloss:0.440976 [index:177 total:27m13.69s tree:7m15.90s]
I0000 00:00:1770256926.583951  164768 random_forest.cc:956] Train tree 180/240 accuracy:0.800129 logloss:0.440744 [index:179 total:27m31.74s tree:7m15.71s]
I0000 00:00:1770256944.799409  164794 random_forest.cc:956] Train tree 182/240 accuracy:0.800176 logloss:0.440564 [index:181 total:27m49.95s tree:7m15.54s]
I0000 00:00:1770256962.741164  164799 random_forest.cc:956] Train tree 184/240 accuracy:0.800174 logloss:0.440334 [index:183 total:28m7.90s tree:7m15.40s]
I0000 00:00:1770256981.279873  164775 random_forest.cc:956] Train tree 186/240 accuracy:0.800238 logloss:0.440153 [index:185 total:28m26.44s tree:7m15.73s]
I0000 00:00:1770256999.982923  164762 random_forest.cc:956] Train tree 188/240 accuracy:0.80029 logloss:0.439954 [index:187 total:28m45.14s tree:7m15.89s]
I0000 00:00:1770257018.055319  164765 random_forest.cc:956] Train tree 190/240 accuracy:0.800287 logloss:0.439772 [index:189 total:29m3.21s tree:7m15.84s]
I0000 00:00:1770257036.228498  164791 random_forest.cc:956] Train tree 192/240 accuracy:0.800333 logloss:0.439588 [index:191 total:29m21.38s tree:7m15.88s]
I0000 00:00:1770257054.087395  164759 random_forest.cc:956] Train tree 194/240 accuracy:0.800352 logloss:0.439404 [index:193 total:29m39.24s tree:7m15.45s]
I0000 00:00:1770257069.184037  164773 random_forest.cc:956] Train tree 196/240 accuracy:0.800368 logloss:0.439257 [index:195 total:29m54.34s tree:7m12.14s]
I0000 00:00:1770257083.070946  164803 random_forest.cc:956] Train tree 198/240 accuracy:0.800403 logloss:0.439039 [index:197 total:30m8.23s tree:7m9.01s]
I0000 00:00:1770257097.120460  164790 random_forest.cc:956] Train tree 200/240 accuracy:0.800401 logloss:0.438896 [index:199 total:30m22.28s tree:7m4.58s]
I0000 00:00:1770257110.831681  164783 random_forest.cc:956] Train tree 202/240 accuracy:0.800431 logloss:0.438783 [index:201 total:30m35.99s tree:7m0.09s]
I0000 00:00:1770257124.677408  164770 random_forest.cc:956] Train tree 204/240 accuracy:0.800447 logloss:0.438658 [index:203 total:30m49.83s tree:6m55.55s]
I0000 00:00:1770257138.345555  164787 random_forest.cc:956] Train tree 206/240 accuracy:0.800516 logloss:0.43851 [index:205 total:31m3.50s tree:6m51.20s]
I0000 00:00:1770257152.298209  164769 random_forest.cc:956] Train tree 208/240 accuracy:0.800513 logloss:0.43836 [index:207 total:31m17.45s tree:6m46.73s]
I0000 00:00:1770257165.754508  164782 random_forest.cc:956] Train tree 210/240 accuracy:0.80058 logloss:0.438229 [index:209 total:31m30.91s tree:6m42.18s]
I0000 00:00:1770257177.199997  164779 random_forest.cc:956] Train tree 212/240 accuracy:0.800583 logloss:0.437958 [index:211 total:31m42.36s tree:6m35.58s]
I0000 00:00:1770257190.872488  164771 random_forest.cc:956] Train tree 214/240 accuracy:0.800624 logloss:0.437844 [index:213 total:31m56.03s tree:6m31.98s]
I0000 00:00:1770257204.682698  164763 random_forest.cc:956] Train tree 216/240 accuracy:0.800613 logloss:0.437696 [index:215 total:32m9.84s tree:6m27.78s]
I0000 00:00:1770257218.816478  164772 random_forest.cc:956] Train tree 218/240 accuracy:0.800619 logloss:0.437559 [index:217 total:32m23.97s tree:6m23.20s]
I0000 00:00:1770257232.698785  164774 random_forest.cc:956] Train tree 220/240 accuracy:0.800644 logloss:0.437466 [index:219 total:32m37.85s tree:6m18.88s]
I0000 00:00:1770257246.445938  164796 random_forest.cc:956] Train tree 222/240 accuracy:0.80068 logloss:0.437355 [index:221 total:32m51.60s tree:6m14.57s]
I0000 00:00:1770257260.483700  164798 random_forest.cc:956] Train tree 224/240 accuracy:0.800698 logloss:0.437265 [index:223 total:33m5.64s tree:6m10.17s]
I0000 00:00:1770257274.324270  164795 random_forest.cc:956] Train tree 226/240 accuracy:0.800697 logloss:0.437184 [index:225 total:33m19.48s tree:6m5.79s]
I0000 00:00:1770257288.177440  164768 random_forest.cc:956] Train tree 228/240 accuracy:0.800735 logloss:0.437084 [index:227 total:33m33.33s tree:6m1.59s]
I0000 00:00:1770257302.142516  164794 random_forest.cc:956] Train tree 230/240 accuracy:0.800719 logloss:0.43701 [index:229 total:33m47.30s tree:5m57.34s]
I0000 00:00:1770257315.864999  164799 random_forest.cc:956] Train tree 232/240 accuracy:0.800732 logloss:0.436865 [index:231 total:34m1.02s tree:5m53.12s]
I0000 00:00:1770257329.585519  164775 random_forest.cc:956] Train tree 234/240 accuracy:0.80074 logloss:0.436656 [index:233 total:34m14.74s tree:5m48.31s]
I0000 00:00:1770257343.591737  164762 random_forest.cc:956] Train tree 236/240 accuracy:0.800799 logloss:0.436554 [index:235 total:34m28.75s tree:5m43.61s]
I0000 00:00:1770257357.433415  164765 random_forest.cc:956] Train tree 238/240 accuracy:0.800822 logloss:0.436462 [index:237 total:34m42.59s tree:5m39.38s]
I0000 00:00:1770257371.305264  164791 random_forest.cc:956] Train tree 240/240 accuracy:0.800828 logloss:0.436376 [index:239 total:34m56.46s tree:5m35.08s]
I0000 00:00:1770257371.305687  164661 random_forest.cc:990] random_forest.cc Training block took: 2096.63 s
I0000 00:00:1770257371.305765  164661 random_forest.cc:1062] After Random Forest Training block. RETURNING EARLY TO SPEED UP XPS!!
-1 (automatic) threads requested. 48 threads set.
Configuring oblique splits
Using Dynamic Random Histogram with 256 samples
./bazel-bin/examples/train_oblique_forest --input_mode csv --train_csv "benchmarks/data/epsilon_normalized_train.csv" --label_col "label" --feature_split_type "Oblique" --numerical_split_type "Dynamic Random Histogram" --num_trees=240 --num_threads=-1 --compute_oob_performances=true --histogram_num_bins 256


Inferring DataSpec from CSV: benchmarks/data/epsilon_normalized_train.csv


WARNING: All log messages before absl::InitializeLog() is called are written to STDERR
I0000 00:00:1770257374.710070  172958 csv_example_reader.cc:212] 0 row(s) processed
I0000 00:00:1770257375.230654  172958 csv_example_reader.cc:216] Stop scanning the csv file to infer the type. Some records were not considered.
I0000 00:00:1770257375.230846  172958 data_spec_inference.cc:457] 2001 column(s) found
I0000 00:00:1770257375.233510  172958 csv_example_reader.cc:303] 0 row(s) processed
I0000 00:00:1770257405.233739  172958 csv_example_reader.cc:303] 129234 row(s) processed
I0000 00:00:1770257435.233966  172958 csv_example_reader.cc:303] 258298 row(s) processed
I0000 00:00:1770257465.234238  172958 csv_example_reader.cc:303] 387098 row(s) processed
I0000 00:00:1770257468.239275  172958 data_spec_inference.cc:494] Finalizing [400000 row(s) found]
I0000 00:00:1770257468.239498  172958 abstract_learner.cc:155] No input feature explicitly specified. Using all the available input features.
I0000 00:00:1770257468.239503  172958 abstract_learner.cc:172] The label "label" was removed from the input feature set.
I0000 00:00:1770257468.268981  172958 vertical_dataset_io.cc:82] 100 examples scanned.
I0000 00:00:1770257498.297865  172958 vertical_dataset_io.cc:82] 103800 examples scanned.
I0000 00:00:1770257528.312851  172958 vertical_dataset_io.cc:82] 198400 examples scanned.
I0000 00:00:1770257558.340068  172958 vertical_dataset_io.cc:82] 290600 examples scanned.
I0000 00:00:1770257588.365958  172958 vertical_dataset_io.cc:82] 384600 examples scanned.
I0000 00:00:1770257594.543684  172958 vertical_dataset_io.cc:88] 400000 examples read. Memory: usage:3201MB allocated:3201MB. 0 (0%) examples have been skipped.
I0000 00:00:1770257594.544179  172958 abstract_learner.cc:155] No input feature explicitly specified. Using all the available input features.
I0000 00:00:1770257594.544225  172958 abstract_learner.cc:172] The label "label" was removed from the input feature set.
I0000 00:00:1770257594.544428  172958 random_forest.cc:465] Training random forest on 400000 example(s) and 2000 feature(s).
I0000 00:00:1770257594.544514  172958 gpu.cc:93] Cannot initialize GPU: Not compiled with GPU support
I0000 00:00:1770257594.557874  172958 random_forest.cc:659] num_threads being used: 48
I0000 00:00:1770257612.553309  173828 random_forest.cc:956] Train tree 1/240 accuracy:0.559449 logloss:15.8791 [index:18 total:18.00s tree:17.99s]
I0000 00:00:1770257618.700440  173838 random_forest.cc:956] Train tree 11/240 accuracy:0.59043 logloss:3.36662 [index:32 total:24.14s tree:24.14s]
I0000 00:00:1770257625.476756  173857 random_forest.cc:956] Train tree 21/240 accuracy:0.620609 logloss:0.999756 [index:8 total:30.92s tree:30.92s]
I0000 00:00:1770257632.552015  173825 random_forest.cc:956] Train tree 31/240 accuracy:0.64366 logloss:0.677577 [index:17 total:37.99s tree:37.99s]
I0000 00:00:1770257639.670255  173856 random_forest.cc:956] Train tree 41/240 accuracy:0.659532 logloss:0.627187 [index:9 total:45.11s tree:45.11s]
I0000 00:00:1770257646.758767  173816 random_forest.cc:956] Train tree 51/240 accuracy:0.670885 logloss:0.614859 [index:50 total:52.20s tree:33.04s]
I0000 00:00:1770257653.742074  173835 random_forest.cc:956] Train tree 61/240 accuracy:0.681575 logloss:0.608977 [index:60 total:59.18s tree:33.72s]
I0000 00:00:1770257660.790274  173845 random_forest.cc:956] Train tree 71/240 accuracy:0.689923 logloss:0.605446 [index:70 total:1m6.23s tree:33.92s]
I0000 00:00:1770257667.863700  173823 random_forest.cc:956] Train tree 81/240 accuracy:0.697155 logloss:0.603489 [index:80 total:1m13.31s tree:33.89s]
I0000 00:00:1770257674.963681  173831 random_forest.cc:956] Train tree 91/240 accuracy:0.702587 logloss:0.602113 [index:90 total:1m20.41s tree:33.87s]
I0000 00:00:1770257681.969370  173844 random_forest.cc:956] Train tree 101/240 accuracy:0.708027 logloss:0.600767 [index:100 total:1m27.41s tree:33.85s]
I0000 00:00:1770257688.980350  173824 random_forest.cc:956] Train tree 111/240 accuracy:0.713183 logloss:0.599678 [index:110 total:1m34.42s tree:33.84s]
I0000 00:00:1770257696.066827  173836 random_forest.cc:956] Train tree 121/240 accuracy:0.716197 logloss:0.598816 [index:120 total:1m41.51s tree:33.88s]
I0000 00:00:1770257703.131928  173827 random_forest.cc:956] Train tree 131/240 accuracy:0.720137 logloss:0.598171 [index:130 total:1m48.57s tree:33.86s]
I0000 00:00:1770257710.255684  173855 random_forest.cc:956] Train tree 141/240 accuracy:0.723075 logloss:0.597632 [index:140 total:1m55.70s tree:33.88s]
I0000 00:00:1770257717.232629  173818 random_forest.cc:956] Train tree 151/240 accuracy:0.72623 logloss:0.597083 [index:150 total:2m2.67s tree:33.89s]
I0000 00:00:1770257724.267231  173842 random_forest.cc:956] Train tree 161/240 accuracy:0.729835 logloss:0.596616 [index:160 total:2m9.71s tree:33.88s]
I0000 00:00:1770257731.286586  173814 random_forest.cc:956] Train tree 171/240 accuracy:0.732302 logloss:0.596167 [index:170 total:2m16.73s tree:33.81s]
I0000 00:00:1770257738.383403  173850 random_forest.cc:956] Train tree 181/240 accuracy:0.73457 logloss:0.59592 [index:180 total:2m23.83s tree:33.84s]
I0000 00:00:1770257745.436952  173833 random_forest.cc:956] Train tree 191/240 accuracy:0.736467 logloss:0.595506 [index:190 total:2m30.88s tree:33.79s]
I0000 00:00:1770257752.274511  173832 random_forest.cc:956] Train tree 201/240 accuracy:0.738248 logloss:0.595298 [index:200 total:2m37.72s tree:33.64s]
I0000 00:00:1770257758.696723  173817 random_forest.cc:956] Train tree 211/240 accuracy:0.740122 logloss:0.595023 [index:210 total:2m44.14s tree:33.03s]
I0000 00:00:1770257764.642979  173846 random_forest.cc:956] Train tree 221/240 accuracy:0.741535 logloss:0.594774 [index:220 total:2m50.09s tree:31.95s]
I0000 00:00:1770257770.540871  173852 random_forest.cc:956] Train tree 231/240 accuracy:0.742908 logloss:0.594417 [index:230 total:2m55.98s tree:30.74s]
I0000 00:00:1770257775.924531  173826 random_forest.cc:956] Train tree 240/240 accuracy:0.744485 logloss:0.594294 [index:239 total:3m1.37s tree:29.78s]
I0000 00:00:1770257775.925137  172958 random_forest.cc:990] random_forest.cc Training block took: 181.381 s
I0000 00:00:1770257775.925171  172958 random_forest.cc:1062] After Random Forest Training block. RETURNING EARLY TO SPEED UP XPS!!
-1 (automatic) threads requested. 48 threads set.
Configuring oblique splits
Using Dynamic Random Histogram with 256 samples
./bazel-bin/examples/train_oblique_forest --input_mode csv --train_csv "benchmarks/data/cc18_binary_csv/task_14965_bank-marketing/repeat0_fold0_sample0_train.csv" --label_col "Class" --feature_split_type "Oblique" --numerical_split_type "Dynamic Random Histogram" --num_trees=240 --num_threads=-1 --compute_oob_performances=true --histogram_num_bins 256


Inferring DataSpec from CSV: benchmarks/data/cc18_binary_csv/task_14965_bank-marketing/repeat0_fold0_sample0_train.csv


WARNING: All log messages before absl::InitializeLog() is called are written to STDERR
I0000 00:00:1770257776.329096  174577 csv_example_reader.cc:212] 0 row(s) processed
I0000 00:00:1770257776.332226  174577 csv_example_reader.cc:216] Stop scanning the csv file to infer the type. Some records were not considered.
I0000 00:00:1770257776.332242  174577 data_spec_inference.cc:457] 17 column(s) found
I0000 00:00:1770257776.332253  174577 csv_example_reader.cc:303] 0 row(s) processed
I0000 00:00:1770257776.372975  174577 data_spec_inference.cc:494] Finalizing [40689 row(s) found]
I0000 00:00:1770257776.373051  174577 abstract_learner.cc:155] No input feature explicitly specified. Using all the available input features.
I0000 00:00:1770257776.373053  174577 abstract_learner.cc:172] The label "Class" was removed from the input feature set.
I0000 00:00:1770257776.373344  174577 vertical_dataset_io.cc:82] 100 examples scanned.
I0000 00:00:1770257776.412378  174577 vertical_dataset_io.cc:88] 40689 examples read. Memory: usage:2MB allocated:2MB. 0 (0%) examples have been skipped.
I0000 00:00:1770257776.412413  174577 abstract_learner.cc:155] No input feature explicitly specified. Using all the available input features.
I0000 00:00:1770257776.412417  174577 abstract_learner.cc:172] The label "Class" was removed from the input feature set.
I0000 00:00:1770257776.412433  174577 random_forest.cc:465] Training random forest on 40689 example(s) and 16 feature(s).
I0000 00:00:1770257776.412440  174577 gpu.cc:93] Cannot initialize GPU: Not compiled with GPU support
I0000 00:00:1770257776.413879  174577 random_forest.cc:659] num_threads being used: 48
I0000 00:00:1770257776.495649  174595 random_forest.cc:956] Train tree 1/240 accuracy:0.870018 logloss:4.68046 [index:25 total:0.08s tree:0.08s]
I0000 00:00:1770257776.557777  174594 random_forest.cc:956] Train tree 11/240 accuracy:0.894023 logloss:1.36311 [index:22 total:0.14s tree:0.14s]
I0000 00:00:1770257776.621489  174599 random_forest.cc:956] Train tree 21/240 accuracy:0.899722 logloss:0.662802 [index:26 total:0.21s tree:0.21s]
I0000 00:00:1770257776.686360  174604 random_forest.cc:956] Train tree 31/240 accuracy:0.900514 logloss:0.464682 [index:31 total:0.27s tree:0.27s]
I0000 00:00:1770257776.752062  174607 random_forest.cc:956] Train tree 41/240 accuracy:0.901865 logloss:0.381617 [index:35 total:0.34s tree:0.34s]
I0000 00:00:1770257776.818453  174592 random_forest.cc:956] Train tree 51/240 accuracy:0.901669 logloss:0.339685 [index:50 total:0.40s tree:0.31s]
I0000 00:00:1770257776.882662  174580 random_forest.cc:956] Train tree 61/240 accuracy:0.902406 logloss:0.310353 [index:60 total:0.47s tree:0.31s]
I0000 00:00:1770257776.948241  174597 random_forest.cc:956] Train tree 71/240 accuracy:0.90334 logloss:0.287748 [index:70 total:0.53s tree:0.31s]
I0000 00:00:1770257777.013086  174619 random_forest.cc:956] Train tree 81/240 accuracy:0.903954 logloss:0.277443 [index:80 total:0.60s tree:0.31s]
I0000 00:00:1770257777.077986  174622 random_forest.cc:956] Train tree 91/240 accuracy:0.903979 logloss:0.264561 [index:90 total:0.66s tree:0.31s]
I0000 00:00:1770257777.143528  174626 random_forest.cc:956] Train tree 101/240 accuracy:0.904716 logloss:0.258647 [index:100 total:0.73s tree:0.31s]
I0000 00:00:1770257777.208396  174598 random_forest.cc:956] Train tree 111/240 accuracy:0.904888 logloss:0.25297 [index:110 total:0.79s tree:0.31s]
I0000 00:00:1770257777.273666  174588 random_forest.cc:956] Train tree 121/240 accuracy:0.905748 logloss:0.247859 [index:120 total:0.86s tree:0.31s]
I0000 00:00:1770257777.338795  174590 random_forest.cc:956] Train tree 131/240 accuracy:0.905921 logloss:0.242238 [index:130 total:0.92s tree:0.31s]
I0000 00:00:1770257777.365154  174625 random_forest.cc:956] Train tree 172/240 accuracy:0.905847 logloss:0.241459 [index:171 total:0.95s tree:0.07s]
I0000 00:00:1770257777.467227  174622 random_forest.cc:956] Train tree 188/240 accuracy:0.906584 logloss:0.238796 [index:187 total:1.05s tree:0.07s]
I0000 00:00:1770257777.697887  174611 random_forest.cc:956] Train tree 224/240 accuracy:0.90597 logloss:0.229036 [index:223 total:1.28s tree:0.07s]
I0000 00:00:1770257777.997045  174602 random_forest.cc:956] Train tree 234/240 accuracy:0.905798 logloss:0.222174 [index:233 total:1.58s tree:0.31s]
I0000 00:00:1770257778.035781  174612 random_forest.cc:956] Train tree 240/240 accuracy:0.905921 logloss:0.222074 [index:239 total:1.62s tree:0.31s]
I0000 00:00:1770257778.035923  174577 random_forest.cc:990] random_forest.cc Training block took: 1.62354 s
I0000 00:00:1770257778.035959  174577 random_forest.cc:1062] After Random Forest Training block. RETURNING EARLY TO SPEED UP XPS!!
-1 (automatic) threads requested. 48 threads set.
Configuring oblique splits
Using Dynamic Random Histogram with 256 samples
./bazel-bin/examples/train_oblique_forest --input_mode csv --train_csv "benchmarks/data/cc18_binary_csv/task_14952_PhishingWebsites/repeat0_fold0_sample0_train.csv" --label_col "Result" --feature_split_type "Oblique" --numerical_split_type "Dynamic Random Histogram" --num_trees=240 --num_threads=-1 --compute_oob_performances=true --histogram_num_bins 256


Inferring DataSpec from CSV: benchmarks/data/cc18_binary_csv/task_14952_PhishingWebsites/repeat0_fold0_sample0_train.csv


WARNING: All log messages before absl::InitializeLog() is called are written to STDERR
I0000 00:00:1770257778.073114  174639 csv_example_reader.cc:212] 0 row(s) processed
I0000 00:00:1770257778.076997  174639 csv_example_reader.cc:216] Stop scanning the csv file to infer the type. Some records were not considered.
I0000 00:00:1770257778.077011  174639 data_spec_inference.cc:457] 31 column(s) found
I0000 00:00:1770257778.077022  174639 csv_example_reader.cc:303] 0 row(s) processed
I0000 00:00:1770257778.089844  174639 data_spec_inference.cc:494] Finalizing [9949 row(s) found]
I0000 00:00:1770257778.089906  174639 abstract_learner.cc:155] No input feature explicitly specified. Using all the available input features.
I0000 00:00:1770257778.089909  174639 abstract_learner.cc:172] The label "Result" was removed from the input feature set.
I0000 00:00:1770257778.090230  174639 vertical_dataset_io.cc:82] 100 examples scanned.
I0000 00:00:1770257778.105104  174639 vertical_dataset_io.cc:88] 9949 examples read. Memory: usage:1MB allocated:1MB. 0 (0%) examples have been skipped.
I0000 00:00:1770257778.105137  174639 abstract_learner.cc:155] No input feature explicitly specified. Using all the available input features.
I0000 00:00:1770257778.105140  174639 abstract_learner.cc:172] The label "Result" was removed from the input feature set.
I0000 00:00:1770257778.105152  174639 random_forest.cc:465] Training random forest on 9949 example(s) and 30 feature(s).
I0000 00:00:1770257778.105158  174639 gpu.cc:93] Cannot initialize GPU: Not compiled with GPU support
I0000 00:00:1770257778.105560  174639 random_forest.cc:659] num_threads being used: 48
I0000 00:00:1770257778.122272  174641 random_forest.cc:956] Train tree 1/240 accuracy:0.946823 logloss:1.16044 [index:1 total:0.02s tree:0.02s]
I0000 00:00:1770257778.134002  174663 random_forest.cc:956] Train tree 11/240 accuracy:0.964994 logloss:0.240242 [index:29 total:0.03s tree:0.03s]
I0000 00:00:1770257778.146032  174658 random_forest.cc:956] Train tree 21/240 accuracy:0.970547 logloss:0.11905 [index:23 total:0.04s tree:0.04s]
I0000 00:00:1770257778.158116  174660 random_forest.cc:956] Train tree 31/240 accuracy:0.971756 logloss:0.0998334 [index:26 total:0.05s tree:0.05s]
I0000 00:00:1770257778.170253  174680 random_forest.cc:956] Train tree 41/240 accuracy:0.972058 logloss:0.0954439 [index:39 total:0.06s tree:0.06s]
I0000 00:00:1770257778.182706  174668 random_forest.cc:956] Train tree 86/240 accuracy:0.972058 logloss:0.0922303 [index:86 total:0.08s tree:0.02s]
I0000 00:00:1770257778.200274  174648 random_forest.cc:956] Train tree 100/240 accuracy:0.972661 logloss:0.0884973 [index:99 total:0.09s tree:0.02s]
I0000 00:00:1770257778.228160  174665 random_forest.cc:956] Train tree 124/240 accuracy:0.972962 logloss:0.0847936 [index:121 total:0.12s tree:0.02s]
I0000 00:00:1770257778.246705  174654 random_forest.cc:956] Train tree 140/240 accuracy:0.97246 logloss:0.0846562 [index:140 total:0.14s tree:0.01s]
I0000 00:00:1770257778.258200  174652 random_forest.cc:956] Train tree 150/240 accuracy:0.972862 logloss:0.0845802 [index:147 total:0.15s tree:0.02s]
I0000 00:00:1770257778.270249  174644 random_forest.cc:956] Train tree 160/240 accuracy:0.972862 logloss:0.0844944 [index:159 total:0.16s tree:0.02s]
I0000 00:00:1770257778.299350  174669 random_forest.cc:956] Train tree 185/240 accuracy:0.971957 logloss:0.0816697 [index:185 total:0.19s tree:0.01s]
I0000 00:00:1770257778.314635  174656 random_forest.cc:956] Train tree 198/240 accuracy:0.972359 logloss:0.08155 [index:196 total:0.21s tree:0.02s]
I0000 00:00:1770257778.338204  174648 random_forest.cc:956] Train tree 217/240 accuracy:0.972058 logloss:0.0815272 [index:216 total:0.23s tree:0.02s]
I0000 00:00:1770257778.389380  174657 random_forest.cc:956] Train tree 227/240 accuracy:0.972359 logloss:0.0814333 [index:226 total:0.28s tree:0.06s]
I0000 00:00:1770257778.401819  174684 random_forest.cc:956] Train tree 237/240 accuracy:0.971856 logloss:0.0815086 [index:236 total:0.30s tree:0.06s]
I0000 00:00:1770257778.405931  174673 random_forest.cc:956] Train tree 240/240 accuracy:0.971856 logloss:0.0815258 [index:239 total:0.30s tree:0.06s]
I0000 00:00:1770257778.406076  174639 random_forest.cc:990] random_forest.cc Training block took: 0.300965 s
I0000 00:00:1770257778.406105  174639 random_forest.cc:1062] After Random Forest Training block. RETURNING EARLY TO SPEED UP XPS!!
-1 (automatic) threads requested. 48 threads set.
Configuring oblique splits
Using Dynamic Random Histogram with 256 samples
./bazel-bin/examples/train_oblique_forest --input_mode csv --train_csv "benchmarks/data/cc18_binary_csv/task_29_credit-approval/repeat0_fold0_sample0_train.csv" --label_col "class" --feature_split_type "Oblique" --numerical_split_type "Dynamic Random Histogram" --num_trees=240 --num_threads=-1 --compute_oob_performances=true --histogram_num_bins 256


Inferring DataSpec from CSV: benchmarks/data/cc18_binary_csv/task_29_credit-approval/repeat0_fold0_sample0_train.csv


WARNING: All log messages before absl::InitializeLog() is called are written to STDERR
I0000 00:00:1770257778.421095  174691 csv_example_reader.cc:212] 0 row(s) processed
I0000 00:00:1770257778.422356  174691 data_spec_inference.cc:457] 16 column(s) found
I0000 00:00:1770257778.422366  174691 csv_example_reader.cc:303] 0 row(s) processed
I0000 00:00:1770257778.422944  174691 data_spec_inference.cc:354] 1 item(s) have been pruned (i.e. they are considered out of dictionary) for the column A4 (2 item(s) left) because min_value_count=5 and max_number_of_unique_values=2000
I0000 00:00:1770257778.422950  174691 data_spec_inference.cc:354] 1 item(s) have been pruned (i.e. they are considered out of dictionary) for the column A5 (2 item(s) left) because min_value_count=5 and max_number_of_unique_values=2000
I0000 00:00:1770257778.422953  174691 data_spec_inference.cc:354] 1 item(s) have been pruned (i.e. they are considered out of dictionary) for the column A6 (13 item(s) left) because min_value_count=5 and max_number_of_unique_values=2000
I0000 00:00:1770257778.422958  174691 data_spec_inference.cc:354] 2 item(s) have been pruned (i.e. they are considered out of dictionary) for the column A7 (7 item(s) left) because min_value_count=5 and max_number_of_unique_values=2000
I0000 00:00:1770257778.422967  174691 data_spec_inference.cc:494] Finalizing [621 row(s) found]
I0000 00:00:1770257778.423023  174691 abstract_learner.cc:155] No input feature explicitly specified. Using all the available input features.
I0000 00:00:1770257778.423026  174691 abstract_learner.cc:172] The label "class" was removed from the input feature set.
I0000 00:00:1770257778.423281  174691 vertical_dataset_io.cc:82] 100 examples scanned.
I0000 00:00:1770257778.423736  174691 vertical_dataset_io.cc:88] 621 examples read. Memory: usage:0MB allocated:0MB. 0 (0%) examples have been skipped.
I0000 00:00:1770257778.423758  174691 abstract_learner.cc:155] No input feature explicitly specified. Using all the available input features.
I0000 00:00:1770257778.423762  174691 abstract_learner.cc:172] The label "class" was removed from the input feature set.
I0000 00:00:1770257778.423773  174691 random_forest.cc:465] Training random forest on 621 example(s) and 15 feature(s).
I0000 00:00:1770257778.423779  174691 gpu.cc:93] Cannot initialize GPU: Not compiled with GPU support
I0000 00:00:1770257778.423981  174691 random_forest.cc:659] num_threads being used: 48
I0000 00:00:1770257778.425920  174695 random_forest.cc:956] Train tree 1/240 accuracy:0.753247 logloss:8.89389 [index:0 total:0.00s tree:0.00s]
I0000 00:00:1770257778.426444  174705 random_forest.cc:956] Train tree 11/240 accuracy:0.835505 logloss:2.14547 [index:14 total:0.00s tree:0.00s]
I0000 00:00:1770257778.426980  174719 random_forest.cc:956] Train tree 21/240 accuracy:0.84219 logloss:1.30272 [index:20 total:0.00s tree:0.00s]
I0000 00:00:1770257778.427523  174699 random_forest.cc:956] Train tree 32/240 accuracy:0.855072 logloss:0.965685 [index:33 total:0.00s tree:0.00s]
I0000 00:00:1770257778.427887  174718 random_forest.cc:956] Train tree 54/240 accuracy:0.856683 logloss:0.79845 [index:40 total:0.00s tree:0.00s]
I0000 00:00:1770257778.428237  174693 random_forest.cc:956] Train tree 66/240 accuracy:0.858293 logloss:0.790745 [index:69 total:0.00s tree:0.00s]
I0000 00:00:1770257778.428735  174721 random_forest.cc:956] Train tree 80/240 accuracy:0.867955 logloss:0.683485 [index:72 total:0.00s tree:0.00s]
I0000 00:00:1770257778.429239  174702 random_forest.cc:956] Train tree 91/240 accuracy:0.867955 logloss:0.626017 [index:91 total:0.01s tree:0.00s]
I0000 00:00:1770257778.429849  174717 random_forest.cc:956] Train tree 102/240 accuracy:0.861514 logloss:0.573864 [index:101 total:0.01s tree:0.00s]
I0000 00:00:1770257778.430611  174722 random_forest.cc:956] Train tree 114/240 accuracy:0.866345 logloss:0.577034 [index:112 total:0.01s tree:0.00s]
I0000 00:00:1770257778.431139  174736 random_forest.cc:956] Train tree 124/240 accuracy:0.869565 logloss:0.575739 [index:124 total:0.01s tree:0.00s]
I0000 00:00:1770257778.431709  174738 random_forest.cc:956] Train tree 134/240 accuracy:0.866345 logloss:0.523032 [index:135 total:0.01s tree:0.00s]
I0000 00:00:1770257778.432252  174737 random_forest.cc:956] Train tree 146/240 accuracy:0.866345 logloss:0.521107 [index:144 total:0.01s tree:0.00s]
I0000 00:00:1770257778.432973  174721 random_forest.cc:956] Train tree 157/240 accuracy:0.869565 logloss:0.519215 [index:159 total:0.01s tree:0.00s]
I0000 00:00:1770257778.433948  174721 random_forest.cc:956] Train tree 177/240 accuracy:0.866345 logloss:0.419573 [index:176 total:0.01s tree:0.00s]
I0000 00:00:1770257778.434617  174725 random_forest.cc:956] Train tree 190/240 accuracy:0.866345 logloss:0.420454 [index:190 total:0.01s tree:0.00s]
I0000 00:00:1770257778.435225  174728 random_forest.cc:956] Train tree 201/240 accuracy:0.866345 logloss:0.419715 [index:205 total:0.01s tree:0.00s]
I0000 00:00:1770257778.435709  174704 random_forest.cc:956] Train tree 211/240 accuracy:0.863124 logloss:0.420477 [index:212 total:0.01s tree:0.00s]
I0000 00:00:1770257778.436799  174717 random_forest.cc:956] Train tree 230/240 accuracy:0.861514 logloss:0.421419 [index:229 total:0.01s tree:0.00s]
I0000 00:00:1770257778.438945  174697 random_forest.cc:956] Train tree 240/240 accuracy:0.863124 logloss:0.321404 [index:238 total:0.01s tree:0.00s]
I0000 00:00:1770257778.439342  174691 random_forest.cc:990] random_forest.cc Training block took: 0.0156008 s
I0000 00:00:1770257778.439366  174691 random_forest.cc:1062] After Random Forest Training block. RETURNING EARLY TO SPEED UP XPS!!
-1 (automatic) threads requested. 48 threads set.
Configuring oblique splits
Using Dynamic Random Histogram with 256 samples
./bazel-bin/examples/train_oblique_forest --input_mode csv --train_csv "benchmarks/data/cc18_binary_csv/task_167125_Internet-Advertisements/repeat0_fold0_sample0_train.csv" --label_col "class" --feature_split_type "Oblique" --numerical_split_type "Dynamic Random Histogram" --num_trees=240 --num_threads=-1 --compute_oob_performances=true --histogram_num_bins 256


Inferring DataSpec from CSV: benchmarks/data/cc18_binary_csv/task_167125_Internet-Advertisements/repeat0_fold0_sample0_train.csv


WARNING: All log messages before absl::InitializeLog() is called are written to STDERR
I0000 00:00:1770257778.449938  174743 csv_example_reader.cc:212] 0 row(s) processed
I0000 00:00:1770257778.589168  174743 csv_example_reader.cc:216] Stop scanning the csv file to infer the type. Some records were not considered.
I0000 00:00:1770257778.589364  174743 data_spec_inference.cc:457] 1559 column(s) found
I0000 00:00:1770257778.590205  174743 csv_example_reader.cc:303] 0 row(s) processed
I0000 00:00:1770257778.716642  174743 data_spec_inference.cc:494] Finalizing [2951 row(s) found]
I0000 00:00:1770257778.716813  174743 abstract_learner.cc:155] No input feature explicitly specified. Using all the available input features.
I0000 00:00:1770257778.716817  174743 abstract_learner.cc:172] The label "class" was removed from the input feature set.
I0000 00:00:1770257778.724101  174743 vertical_dataset_io.cc:82] 100 examples scanned.
I0000 00:00:1770257778.888147  174743 vertical_dataset_io.cc:88] 2951 examples read. Memory: usage:4MB allocated:4MB. 0 (0%) examples have been skipped.
I0000 00:00:1770257778.888452  174743 abstract_learner.cc:155] No input feature explicitly specified. Using all the available input features.
I0000 00:00:1770257778.888493  174743 abstract_learner.cc:172] The label "class" was removed from the input feature set.
I0000 00:00:1770257778.888620  174743 random_forest.cc:465] Training random forest on 2951 example(s) and 1558 feature(s).
I0000 00:00:1770257778.888668  174743 gpu.cc:93] Cannot initialize GPU: Not compiled with GPU support
I0000 00:00:1770257778.888969  174743 random_forest.cc:659] num_threads being used: 48
I0000 00:00:1770257778.917285  174760 random_forest.cc:956] Train tree 1/240 accuracy:0.960114 logloss:1.43764 [index:23 total:0.03s tree:0.03s]
I0000 00:00:1770257778.922514  174761 random_forest.cc:956] Train tree 12/240 accuracy:0.973738 logloss:0.58648 [index:21 total:0.03s tree:0.03s]
I0000 00:00:1770257778.934923  174781 random_forest.cc:956] Train tree 22/240 accuracy:0.974576 logloss:0.374305 [index:43 total:0.05s tree:0.04s]
I0000 00:00:1770257778.937877  174787 random_forest.cc:956] Train tree 41/240 accuracy:0.97594 logloss:0.338165 [index:2 total:0.05s tree:0.05s]
I0000 00:00:1770257778.954214  174747 random_forest.cc:956] Train tree 51/240 accuracy:0.976279 logloss:0.255965 [index:49 total:0.07s tree:0.04s]
I0000 00:00:1770257778.967553  174756 random_forest.cc:956] Train tree 61/240 accuracy:0.976957 logloss:0.244938 [index:60 total:0.08s tree:0.04s]
I0000 00:00:1770257778.973563  174762 random_forest.cc:956] Train tree 71/240 accuracy:0.97594 logloss:0.244083 [index:83 total:0.08s tree:0.03s]
I0000 00:00:1770257778.982327  174747 random_forest.cc:956] Train tree 81/240 accuracy:0.976618 logloss:0.232741 [index:98 total:0.09s tree:0.03s]
I0000 00:00:1770257778.988415  174770 random_forest.cc:956] Train tree 91/240 accuracy:0.975601 logloss:0.2332 [index:80 total:0.10s tree:0.05s]
I0000 00:00:1770257778.996640  174771 random_forest.cc:956] Train tree 101/240 accuracy:0.974924 logloss:0.211356 [index:89 total:0.11s tree:0.05s]
I0000 00:00:1770257779.002811  174784 random_forest.cc:956] Train tree 111/240 accuracy:0.975601 logloss:0.200377 [index:114 total:0.11s tree:0.03s]
I0000 00:00:1770257779.015564  174770 random_forest.cc:956] Train tree 121/240 accuracy:0.975601 logloss:0.200126 [index:138 total:0.13s tree:0.03s]
I0000 00:00:1770257779.021890  174746 random_forest.cc:956] Train tree 131/240 accuracy:0.975601 logloss:0.200173 [index:116 total:0.13s tree:0.05s]
I0000 00:00:1770257779.030744  174759 random_forest.cc:956] Train tree 141/240 accuracy:0.97594 logloss:0.200348 [index:134 total:0.14s tree:0.05s]
I0000 00:00:1770257779.040500  174787 random_forest.cc:956] Train tree 151/240 accuracy:0.975601 logloss:0.189308 [index:164 total:0.15s tree:0.03s]
I0000 00:00:1770257779.046241  174790 random_forest.cc:956] Train tree 161/240 accuracy:0.975263 logloss:0.157131 [index:151 total:0.16s tree:0.05s]
I0000 00:00:1770257779.052168  174768 random_forest.cc:956] Train tree 171/240 accuracy:0.975601 logloss:0.15678 [index:173 total:0.16s tree:0.03s]
I0000 00:00:1770257779.063599  174770 random_forest.cc:956] Train tree 181/240 accuracy:0.975263 logloss:0.157075 [index:168 total:0.17s tree:0.05s]
I0000 00:00:1770257779.072615  174790 random_forest.cc:956] Train tree 193/240 accuracy:0.975263 logloss:0.157295 [index:208 total:0.18s tree:0.03s]
I0000 00:00:1770257779.081812  174752 random_forest.cc:956] Train tree 203/240 accuracy:0.975263 logloss:0.15771 [index:222 total:0.19s tree:0.03s]
I0000 00:00:1770257779.087955  174781 random_forest.cc:956] Train tree 213/240 accuracy:0.97594 logloss:0.158093 [index:224 total:0.20s tree:0.03s]
I0000 00:00:1770257779.097142  174761 random_forest.cc:956] Train tree 223/240 accuracy:0.97594 logloss:0.158043 [index:231 total:0.21s tree:0.03s]
I0000 00:00:1770257779.110748  174770 random_forest.cc:956] Train tree 234/240 accuracy:0.976279 logloss:0.158055 [index:228 total:0.22s tree:0.05s]
I0000 00:00:1770257779.120516  174750 random_forest.cc:956] Train tree 240/240 accuracy:0.976279 logloss:0.158021 [index:237 total:0.23s tree:0.05s]
I0000 00:00:1770257779.120818  174743 random_forest.cc:990] random_forest.cc Training block took: 0.232549 s
I0000 00:00:1770257779.120843  174743 random_forest.cc:1062] After Random Forest Training block. RETURNING EARLY TO SPEED UP XPS!!
-1 (automatic) threads requested. 48 threads set.
Configuring oblique splits
Using Dynamic Random Histogram with 256 samples
./bazel-bin/examples/train_oblique_forest --input_mode trunk --rows 10000 --feature_split_type "Oblique" --numerical_split_type "Dynamic Random Histogram" --num_trees=240 --num_threads=-1 --compute_oob_performances=true --histogram_num_bins 256
WARNING: All log messages before absl::InitializeLog() is called are written to STDERR
I0000 00:00:1770257779.474310  174795 abstract_learner.cc:155] No input feature explicitly specified. Using all the available input features.
I0000 00:00:1770257779.474334  174795 abstract_learner.cc:172] The label "y" was removed from the input feature set.
I0000 00:00:1770257779.475164  174795 random_forest.cc:465] Training random forest on 10000 example(s) and 4096 feature(s).
I0000 00:00:1770257779.475333  174795 gpu.cc:93] Cannot initialize GPU: Not compiled with GPU support
I0000 00:00:1770257779.476499  174795 random_forest.cc:659] num_threads being used: 48
I0000 00:00:1770257779.864727  174843 random_forest.cc:956] Train tree 1/240 accuracy:0.692903 logloss:11.0689 [index:38 total:0.39s tree:0.38s]
I0000 00:00:1770257779.932729  174832 random_forest.cc:956] Train tree 11/240 accuracy:0.700593 logloss:2.32826 [index:35 total:0.46s tree:0.45s]
I0000 00:00:1770257779.981035  174823 random_forest.cc:956] Train tree 21/240 accuracy:0.735694 logloss:0.706783 [index:15 total:0.50s tree:0.50s]
I0000 00:00:1770257780.029890  174850 random_forest.cc:956] Train tree 31/240 accuracy:0.7674 logloss:0.542097 [index:43 total:0.55s tree:0.55s]
I0000 00:00:1770257780.081675  174844 random_forest.cc:956] Train tree 41/240 accuracy:0.7876 logloss:0.527062 [index:45 total:0.61s tree:0.60s]
I0000 00:00:1770257780.312795  174827 random_forest.cc:956] Train tree 51/240 accuracy:0.8027 logloss:0.525031 [index:52 total:0.84s tree:0.41s]
I0000 00:00:1770257780.365503  174830 random_forest.cc:956] Train tree 61/240 accuracy:0.8226 logloss:0.518468 [index:64 total:0.89s tree:0.40s]
I0000 00:00:1770257780.421195  174821 random_forest.cc:956] Train tree 71/240 accuracy:0.8355 logloss:0.51656 [index:71 total:0.94s tree:0.43s]
I0000 00:00:1770257780.480190  174836 random_forest.cc:956] Train tree 81/240 accuracy:0.8487 logloss:0.51398 [index:83 total:1.00s tree:0.43s]
I0000 00:00:1770257780.536677  174852 random_forest.cc:956] Train tree 91/240 accuracy:0.8635 logloss:0.511997 [index:84 total:1.06s tree:0.48s]
I0000 00:00:1770257780.765395  174827 random_forest.cc:956] Train tree 101/240 accuracy:0.8732 logloss:0.511917 [index:98 total:1.29s tree:0.45s]
I0000 00:00:1770257780.815594  174823 random_forest.cc:956] Train tree 111/240 accuracy:0.8818 logloss:0.509493 [index:114 total:1.34s tree:0.42s]
I0000 00:00:1770257780.874937  174849 random_forest.cc:956] Train tree 121/240 accuracy:0.8913 logloss:0.508408 [index:122 total:1.40s tree:0.43s]
I0000 00:00:1770257780.940339  174848 random_forest.cc:956] Train tree 131/240 accuracy:0.8974 logloss:0.507717 [index:129 total:1.46s tree:0.45s]
I0000 00:00:1770257780.990891  174844 random_forest.cc:956] Train tree 141/240 accuracy:0.8999 logloss:0.507029 [index:141 total:1.51s tree:0.44s]
I0000 00:00:1770257781.213810  174813 random_forest.cc:956] Train tree 151/240 accuracy:0.9047 logloss:0.505955 [index:149 total:1.74s tree:0.44s]
I0000 00:00:1770257781.268488  174841 random_forest.cc:956] Train tree 161/240 accuracy:0.9117 logloss:0.505507 [index:162 total:1.79s tree:0.42s]
I0000 00:00:1770257781.327965  174849 random_forest.cc:956] Train tree 171/240 accuracy:0.9154 logloss:0.505869 [index:168 total:1.85s tree:0.45s]
I0000 00:00:1770257781.387665  174852 random_forest.cc:956] Train tree 181/240 accuracy:0.918 logloss:0.505028 [index:182 total:1.91s tree:0.43s]
I0000 00:00:1770257781.461594  174807 random_forest.cc:956] Train tree 191/240 accuracy:0.9236 logloss:0.504702 [index:190 total:1.99s tree:0.46s]
I0000 00:00:1770257781.659234  174813 random_forest.cc:956] Train tree 201/240 accuracy:0.9267 logloss:0.504446 [index:198 total:2.18s tree:0.45s]
I0000 00:00:1770257781.727004  174842 random_forest.cc:956] Train tree 211/240 accuracy:0.9285 logloss:0.504319 [index:210 total:2.25s tree:0.44s]
I0000 00:00:1770257781.777506  174846 random_forest.cc:956] Train tree 221/240 accuracy:0.9327 logloss:0.504027 [index:221 total:2.30s tree:0.43s]
I0000 00:00:1770257781.828576  174837 random_forest.cc:956] Train tree 231/240 accuracy:0.9323 logloss:0.504811 [index:230 total:2.35s tree:0.43s]
I0000 00:00:1770257781.951163  174845 random_forest.cc:956] Train tree 240/240 accuracy:0.9342 logloss:0.505219 [index:239 total:2.47s tree:0.48s]
I0000 00:00:1770257781.951421  174795 random_forest.cc:990] random_forest.cc Training block took: 2.47745 s
I0000 00:00:1770257781.951474  174795 random_forest.cc:1062] After Random Forest Training block. RETURNING EARLY TO SPEED UP XPS!!

Generating trunk synthetic dataset: rows=10000, cols=4096
-1 (automatic) threads requested. 48 threads set.
Configuring oblique splits
Using Dynamic Random Histogram with 256 samples
./bazel-bin/examples/train_oblique_forest --input_mode trunk --rows 100000 --feature_split_type "Oblique" --numerical_split_type "Dynamic Random Histogram" --num_trees=240 --num_threads=-1 --compute_oob_performances=true --histogram_num_bins 256
WARNING: All log messages before absl::InitializeLog() is called are written to STDERR
I0000 00:00:1770257785.423173  174867 abstract_learner.cc:155] No input feature explicitly specified. Using all the available input features.
I0000 00:00:1770257785.423206  174867 abstract_learner.cc:172] The label "y" was removed from the input feature set.
I0000 00:00:1770257785.423798  174867 random_forest.cc:465] Training random forest on 100000 example(s) and 4096 feature(s).
I0000 00:00:1770257785.423991  174867 gpu.cc:93] Cannot initialize GPU: Not compiled with GPU support
I0000 00:00:1770257785.427955  174867 random_forest.cc:659] num_threads being used: 48
I0000 00:00:1770257790.723101  174915 random_forest.cc:956] Train tree 1/240 accuracy:0.687802 logloss:11.2527 [index:36 total:5.30s tree:5.29s]
I0000 00:00:1770257791.763735  174913 random_forest.cc:956] Train tree 11/240 accuracy:0.725158 logloss:2.10916 [index:38 total:6.34s tree:6.33s]
I0000 00:00:1770257792.830239  174887 random_forest.cc:956] Train tree 21/240 accuracy:0.781075 logloss:0.608416 [index:11 total:7.40s tree:7.40s]
I0000 00:00:1770257793.912481  174920 random_forest.cc:956] Train tree 31/240 accuracy:0.82194 logloss:0.482157 [index:44 total:8.48s tree:8.48s]
I0000 00:00:1770257795.060075  174922 random_forest.cc:956] Train tree 41/240 accuracy:0.84486 logloss:0.468542 [index:47 total:9.63s tree:9.63s]
I0000 00:00:1770257796.228973  174910 random_forest.cc:956] Train tree 51/240 accuracy:0.86569 logloss:0.463656 [index:49 total:10.80s tree:5.40s]
I0000 00:00:1770257797.392162  174908 random_forest.cc:956] Train tree 61/240 accuracy:0.88225 logloss:0.459876 [index:60 total:11.96s tree:5.42s]
I0000 00:00:1770257798.550751  174911 random_forest.cc:956] Train tree 71/240 accuracy:0.89657 logloss:0.454868 [index:70 total:13.12s tree:5.50s]
I0000 00:00:1770257799.727748  174904 random_forest.cc:956] Train tree 81/240 accuracy:0.90426 logloss:0.45591 [index:80 total:14.30s tree:5.59s]
I0000 00:00:1770257800.907181  174885 random_forest.cc:956] Train tree 91/240 accuracy:0.91203 logloss:0.454347 [index:90 total:15.48s tree:5.61s]
I0000 00:00:1770257802.089942  174923 random_forest.cc:956] Train tree 101/240 accuracy:0.91721 logloss:0.455706 [index:100 total:16.66s tree:5.64s]
I0000 00:00:1770257803.426484  174928 random_forest.cc:956] Train tree 111/240 accuracy:0.92278 logloss:0.456535 [index:110 total:18.00s tree:5.80s]
I0000 00:00:1770257804.604778  174889 random_forest.cc:956] Train tree 121/240 accuracy:0.92749 logloss:0.455969 [index:120 total:19.18s tree:5.83s]
I0000 00:00:1770257805.755320  174905 random_forest.cc:956] Train tree 131/240 accuracy:0.93197 logloss:0.454536 [index:130 total:20.33s tree:5.79s]
I0000 00:00:1770257806.915298  174897 random_forest.cc:956] Train tree 141/240 accuracy:0.93595 logloss:0.453259 [index:140 total:21.49s tree:5.77s]
I0000 00:00:1770257808.098303  174891 random_forest.cc:956] Train tree 151/240 accuracy:0.9383 logloss:0.453611 [index:151 total:22.67s tree:5.65s]
I0000 00:00:1770257809.307348  174882 random_forest.cc:956] Train tree 161/240 accuracy:0.94128 logloss:0.454278 [index:160 total:23.88s tree:5.64s]
I0000 00:00:1770257810.479391  174886 random_forest.cc:956] Train tree 171/240 accuracy:0.9436 logloss:0.454827 [index:170 total:25.05s tree:5.65s]
I0000 00:00:1770257811.666505  174916 random_forest.cc:956] Train tree 181/240 accuracy:0.94608 logloss:0.455024 [index:180 total:26.24s tree:5.68s]
I0000 00:00:1770257812.833102  174898 random_forest.cc:956] Train tree 191/240 accuracy:0.94818 logloss:0.454323 [index:190 total:27.41s tree:5.69s]
I0000 00:00:1770257814.011580  174919 random_forest.cc:956] Train tree 201/240 accuracy:0.94975 logloss:0.454909 [index:200 total:28.58s tree:5.68s]
I0000 00:00:1770257815.116786  174903 random_forest.cc:956] Train tree 211/240 accuracy:0.95179 logloss:0.453863 [index:209 total:29.69s tree:5.69s]
I0000 00:00:1770257816.219492  174927 random_forest.cc:956] Train tree 221/240 accuracy:0.9526 logloss:0.454706 [index:220 total:30.79s tree:5.51s]
I0000 00:00:1770257817.278317  174916 random_forest.cc:956] Train tree 231/240 accuracy:0.95417 logloss:0.454228 [index:228 total:31.85s tree:5.61s]
I0000 00:00:1770257818.222057  174896 random_forest.cc:956] Train tree 240/240 accuracy:0.95492 logloss:0.454122 [index:239 total:32.79s tree:5.27s]
I0000 00:00:1770257818.222603  174867 random_forest.cc:990] random_forest.cc Training block took: 32.7998 s
I0000 00:00:1770257818.222663  174867 random_forest.cc:1062] After Random Forest Training block. RETURNING EARLY TO SPEED UP XPS!!

Generating trunk synthetic dataset: rows=100000, cols=4096
-1 (automatic) threads requested. 48 threads set.
Configuring oblique splits
Using Dynamic Random Histogram with 256 samples
./bazel-bin/examples/train_oblique_forest --input_mode trunk --rows 1000000 --feature_split_type "Oblique" --numerical_split_type "Dynamic Random Histogram" --num_trees=240 --num_threads=-1 --compute_oob_performances=true --histogram_num_bins 256
WARNING: All log messages before absl::InitializeLog() is called are written to STDERR
I0000 00:00:1770257852.639869  175061 abstract_learner.cc:155] No input feature explicitly specified. Using all the available input features.
I0000 00:00:1770257852.639903  175061 abstract_learner.cc:172] The label "y" was removed from the input feature set.
I0000 00:00:1770257852.640483  175061 random_forest.cc:465] Training random forest on 1000000 example(s) and 4096 feature(s).
I0000 00:00:1770257852.640692  175061 gpu.cc:93] Cannot initialize GPU: Not compiled with GPU support
I0000 00:00:1770257852.672868  175061 random_forest.cc:659] num_threads being used: 48
I0000 00:00:1770257914.534529  175210 random_forest.cc:956] Train tree 1/240 accuracy:0.727246 logloss:9.83104 [index:20 total:1m1.86s tree:1m1.86s]
I0000 00:00:1770257924.976917  175224 random_forest.cc:956] Train tree 7/240 accuracy:0.730409 logloss:3.84302 [index:40 total:1m12.30s tree:1m12.30s]
I0000 00:00:1770257936.154873  175228 random_forest.cc:956] Train tree 13/240 accuracy:0.77432 logloss:1.29665 [index:42 total:1m23.48s tree:1m23.48s]
I0000 00:00:1770257947.975853  175212 random_forest.cc:956] Train tree 19/240 accuracy:0.808835 logloss:0.635413 [index:23 total:1m35.30s tree:1m35.30s]
I0000 00:00:1770257958.176313  175206 random_forest.cc:956] Train tree 24/240 accuracy:0.828992 logloss:0.494015 [index:16 total:1m45.50s tree:1m45.50s]
I0000 00:00:1770257968.697196  175219 random_forest.cc:956] Train tree 29/240 accuracy:0.844544 logloss:0.45256 [index:25 total:1m56.02s tree:1m56.02s]
I0000 00:00:1770257979.386853  175233 random_forest.cc:956] Train tree 34/240 accuracy:0.857465 logloss:0.440632 [index:31 total:2m6.71s tree:2m6.71s]
I0000 00:00:1770257989.978697  175229 random_forest.cc:956] Train tree 39/240 accuracy:0.869012 logloss:0.435013 [index:47 total:2m17.31s tree:2m17.30s]
I0000 00:00:1770258000.708936  175240 random_forest.cc:956] Train tree 44/240 accuracy:0.878099 logloss:0.433435 [index:33 total:2m28.04s tree:2m28.03s]
I0000 00:00:1770258011.321607  175210 random_forest.cc:956] Train tree 49/240 accuracy:0.886159 logloss:0.432767 [index:48 total:2m38.65s tree:1m36.79s]
I0000 00:00:1770258021.765202  175227 random_forest.cc:956] Train tree 54/240 accuracy:0.8933 logloss:0.432058 [index:53 total:2m49.09s tree:1m38.60s]
I0000 00:00:1770258032.033792  175241 random_forest.cc:956] Train tree 59/240 accuracy:0.900717 logloss:0.42958 [index:58 total:2m59.36s tree:1m39.76s]
I0000 00:00:1770258042.437628  175197 random_forest.cc:956] Train tree 64/240 accuracy:0.907097 logloss:0.427739 [index:63 total:3m9.76s tree:1m40.51s]
I0000 00:00:1770258052.849034  175213 random_forest.cc:956] Train tree 69/240 accuracy:0.912583 logloss:0.426641 [index:68 total:3m20.18s tree:1m40.88s]
I0000 00:00:1770258063.194723  175230 random_forest.cc:956] Train tree 74/240 accuracy:0.917244 logloss:0.425515 [index:73 total:3m30.52s tree:1m40.85s]
I0000 00:00:1770258073.544625  175216 random_forest.cc:956] Train tree 79/240 accuracy:0.921802 logloss:0.424042 [index:78 total:3m40.87s tree:1m40.59s]
I0000 00:00:1770258083.891096  175195 random_forest.cc:956] Train tree 84/240 accuracy:0.925695 logloss:0.422793 [index:83 total:3m51.22s tree:1m40.32s]
I0000 00:00:1770258094.514999  175208 random_forest.cc:956] Train tree 89/240 accuracy:0.928428 logloss:0.423498 [index:88 total:4m1.84s tree:1m40.26s]
I0000 00:00:1770258105.161729  175235 random_forest.cc:956] Train tree 94/240 accuracy:0.931141 logloss:0.424125 [index:93 total:4m12.49s tree:1m40.25s]
I0000 00:00:1770258115.613417  175194 random_forest.cc:956] Train tree 99/240 accuracy:0.933654 logloss:0.423424 [index:98 total:4m22.94s tree:1m40.08s]
I0000 00:00:1770258126.049424  175220 random_forest.cc:956] Train tree 104/240 accuracy:0.935914 logloss:0.423239 [index:103 total:4m33.38s tree:1m40.12s]
I0000 00:00:1770258136.458592  175228 random_forest.cc:956] Train tree 109/240 accuracy:0.938109 logloss:0.422851 [index:108 total:4m43.79s tree:1m40.22s]
I0000 00:00:1770258146.902250  175222 random_forest.cc:956] Train tree 114/240 accuracy:0.939997 logloss:0.422625 [index:113 total:4m54.23s tree:1m40.40s]
I0000 00:00:1770258157.081405  175204 random_forest.cc:956] Train tree 119/240 accuracy:0.942345 logloss:0.421405 [index:118 total:5m4.41s tree:1m40.15s]
I0000 00:00:1770258167.457893  175221 random_forest.cc:956] Train tree 124/240 accuracy:0.944202 logloss:0.420374 [index:123 total:5m14.79s tree:1m40.24s]
I0000 00:00:1770258177.785292  175215 random_forest.cc:956] Train tree 129/240 accuracy:0.945779 logloss:0.41984 [index:128 total:5m25.11s tree:1m40.10s]
I0000 00:00:1770258188.085640  175231 random_forest.cc:956] Train tree 134/240 accuracy:0.947375 logloss:0.419147 [index:133 total:5m35.41s tree:1m39.96s]
I0000 00:00:1770258198.790503  175236 random_forest.cc:956] Train tree 139/240 accuracy:0.948658 logloss:0.419605 [index:138 total:5m46.12s tree:1m39.97s]
I0000 00:00:1770258209.396855  175211 random_forest.cc:956] Train tree 144/240 accuracy:0.949875 logloss:0.420029 [index:143 total:5m56.72s tree:1m40.04s]
I0000 00:00:1770258219.930907  175209 random_forest.cc:956] Train tree 149/240 accuracy:0.951013 logloss:0.42008 [index:148 total:6m7.26s tree:1m40.10s]
I0000 00:00:1770258230.201703  175201 random_forest.cc:956] Train tree 154/240 accuracy:0.95215 logloss:0.41961 [index:153 total:6m17.53s tree:1m39.93s]
I0000 00:00:1770258240.758390  175202 random_forest.cc:956] Train tree 159/240 accuracy:0.953192 logloss:0.419895 [index:158 total:6m28.09s tree:1m40.06s]
I0000 00:00:1770258251.228881  175199 random_forest.cc:956] Train tree 164/240 accuracy:0.954067 logloss:0.420079 [index:163 total:6m38.56s tree:1m40.13s]
I0000 00:00:1770258261.508745  175200 random_forest.cc:956] Train tree 169/240 accuracy:0.954958 logloss:0.419757 [index:168 total:6m48.84s tree:1m40.20s]
I0000 00:00:1770258271.953553  175239 random_forest.cc:956] Train tree 174/240 accuracy:0.955901 logloss:0.419288 [index:173 total:6m59.28s tree:1m40.39s]
I0000 00:00:1770258282.295262  175226 random_forest.cc:956] Train tree 179/240 accuracy:0.95653 logloss:0.418977 [index:178 total:7m9.62s tree:1m40.39s]
I0000 00:00:1770258292.846826  175237 random_forest.cc:956] Train tree 184/240 accuracy:0.957488 logloss:0.419138 [index:183 total:7m20.17s tree:1m40.50s]
I0000 00:00:1770258303.437919  175223 random_forest.cc:956] Train tree 189/240 accuracy:0.958156 logloss:0.419461 [index:188 total:7m30.77s tree:1m40.46s]
I0000 00:00:1770258313.839967  175234 random_forest.cc:956] Train tree 194/240 accuracy:0.958875 logloss:0.419252 [index:193 total:7m41.17s tree:1m40.21s]
I0000 00:00:1770258324.023758  175224 random_forest.cc:956] Train tree 199/240 accuracy:0.959445 logloss:0.419435 [index:198 total:7m51.35s tree:1m40.03s]
I0000 00:00:1770258335.690217  175228 random_forest.cc:956] Train tree 205/240 accuracy:0.960062 logloss:0.419344 [index:204 total:8m3.02s tree:1m39.24s]
I0000 00:00:1770258346.767725  175212 random_forest.cc:956] Train tree 211/240 accuracy:0.960823 logloss:0.418653 [index:210 total:8m14.09s tree:1m37.73s]
I0000 00:00:1770258357.593218  175200 random_forest.cc:956] Train tree 217/240 accuracy:0.961374 logloss:0.419001 [index:216 total:8m24.92s tree:1m36.08s]
I0000 00:00:1770258367.726174  175216 random_forest.cc:956] Train tree 223/240 accuracy:0.962008 logloss:0.418897 [index:222 total:8m35.05s tree:1m33.74s]
I0000 00:00:1770258377.793339  175214 random_forest.cc:956] Train tree 229/240 accuracy:0.962575 logloss:0.419083 [index:228 total:8m45.12s tree:1m31.34s]
I0000 00:00:1770258387.911226  175236 random_forest.cc:956] Train tree 235/240 accuracy:0.963163 logloss:0.419158 [index:234 total:8m55.24s tree:1m28.68s]
I0000 00:00:1770258396.205203  175211 random_forest.cc:956] Train tree 240/240 accuracy:0.963574 logloss:0.418924 [index:239 total:9m3.53s tree:1m26.53s]
I0000 00:00:1770258396.205688  175061 random_forest.cc:990] random_forest.cc Training block took: 543.566 s
I0000 00:00:1770258396.205767  175061 random_forest.cc:1062] After Random Forest Training block. RETURNING EARLY TO SPEED UP XPS!!

Generating trunk synthetic dataset: rows=1000000, cols=4096
-1 (automatic) threads requested. 48 threads set.
Configuring oblique splits
Using Dynamic Random Histogram with 256 samples


======== VECTORIZED EXPERIMENTS [AVX512] (Oblique only) histogram_num_bins=256 ========

USING INSTRUCTION SET: AVX512


======== Running Random [VECTORIZE: AVX512] with 256 bins ========

./bazel-bin/examples/train_oblique_forest --input_mode csv --train_csv "benchmarks/data/HIGGS_with_header.csv" --label_col "class" --numerical_split_type "Random" --num_trees=240 --num_threads=-1 --compute_oob_performances=true --histogram_num_bins 256


Inferring DataSpec from CSV: benchmarks/data/HIGGS_with_header.csv


WARNING: All log messages before absl::InitializeLog() is called are written to STDERR
I0000 00:00:1770258435.874645  179079 csv_example_reader.cc:212] 0 row(s) processed
I0000 00:00:1770258435.883229  179079 csv_example_reader.cc:216] Stop scanning the csv file to infer the type. Some records were not considered.
I0000 00:00:1770258435.883244  179079 data_spec_inference.cc:457] 29 column(s) found
I0000 00:00:1770258435.883257  179079 csv_example_reader.cc:303] 0 row(s) processed
I0000 00:00:1770258465.883368  179079 csv_example_reader.cc:303] 8277014 row(s) processed
I0000 00:00:1770258475.734174  179079 data_spec_inference.cc:494] Finalizing [11000000 row(s) found]
I0000 00:00:1770258475.734275  179079 abstract_learner.cc:155] No input feature explicitly specified. Using all the available input features.
I0000 00:00:1770258475.734278  179079 abstract_learner.cc:172] The label "class" was removed from the input feature set.
I0000 00:00:1770258475.734826  179079 vertical_dataset_io.cc:82] 100 examples scanned.
I0000 00:00:1770258505.735302  179079 vertical_dataset_io.cc:82] 7667600 examples scanned.
I0000 00:00:1770258519.570119  179079 vertical_dataset_io.cc:88] 11000000 examples read. Memory: usage:1276MB allocated:1276MB. 0 (0%) examples have been skipped.
I0000 00:00:1770258519.570196  179079 abstract_learner.cc:155] No input feature explicitly specified. Using all the available input features.
I0000 00:00:1770258519.570201  179079 abstract_learner.cc:172] The label "class" was removed from the input feature set.
I0000 00:00:1770258519.570222  179079 random_forest.cc:465] Training random forest on 11000000 example(s) and 28 feature(s).
I0000 00:00:1770258519.570233  179079 gpu.cc:93] Cannot initialize GPU: Not compiled with GPU support
I0000 00:00:1770258519.934763  179079 random_forest.cc:659] num_threads being used: 48
I0000 00:00:1770258909.497492  179410 random_forest.cc:956] Train tree 1/240 accuracy:0.646028 logloss:12.0482 [index:16 total:6m29.56s tree:6m29.56s]
I0000 00:00:1770258931.613592  179417 random_forest.cc:956] Train tree 2/240 accuracy:0.64912 logloss:10.872 [index:20 total:6m51.68s tree:6m51.68s]
I0000 00:00:1770258954.414022  179424 random_forest.cc:956] Train tree 3/240 accuracy:0.652058 logloss:9.61154 [index:32 total:7m14.48s tree:7m14.48s]
I0000 00:00:1770258977.845998  179433 random_forest.cc:956] Train tree 4/240 accuracy:0.65686 logloss:8.38572 [index:37 total:7m37.91s tree:7m37.91s]
I0000 00:00:1770259002.263986  179442 random_forest.cc:956] Train tree 5/240 accuracy:0.6622 logloss:7.27141 [index:44 total:8m2.33s tree:8m2.32s]
I0000 00:00:1770259027.154040  179415 random_forest.cc:956] Train tree 6/240 accuracy:0.667109 logloss:6.28504 [index:18 total:8m27.22s tree:8m27.22s]
I0000 00:00:1770259052.627173  179431 random_forest.cc:956] Train tree 7/240 accuracy:0.671603 logloss:5.42557 [index:33 total:8m52.69s tree:8m52.69s]
I0000 00:00:1770259078.148388  179414 random_forest.cc:956] Train tree 8/240 accuracy:0.676742 logloss:4.67792 [index:19 total:9m18.21s tree:9m18.21s]
I0000 00:00:1770259103.765947  179423 random_forest.cc:956] Train tree 9/240 accuracy:0.681369 logloss:4.04198 [index:29 total:9m43.83s tree:9m43.83s]
I0000 00:00:1770259129.913218  179412 random_forest.cc:956] Train tree 10/240 accuracy:0.685872 logloss:3.50043 [index:15 total:10m9.98s tree:10m9.98s]
I0000 00:00:1770259156.670660  179447 random_forest.cc:956] Train tree 11/240 accuracy:0.689672 logloss:3.0455 [index:9 total:10m36.74s tree:10m36.73s]
I0000 00:00:1770259183.754545  179419 random_forest.cc:956] Train tree 12/240 accuracy:0.693312 logloss:2.66686 [index:25 total:11m3.82s tree:11m3.82s]
I0000 00:00:1770259211.120336  179407 random_forest.cc:956] Train tree 13/240 accuracy:0.696643 logloss:2.34996 [index:14 total:11m31.19s tree:11m31.18s]
I0000 00:00:1770259238.666211  179405 random_forest.cc:956] Train tree 14/240 accuracy:0.699613 logloss:2.08473 [index:11 total:11m58.73s tree:11m58.73s]
I0000 00:00:1770259265.697807  179437 random_forest.cc:956] Train tree 15/240 accuracy:0.702414 logloss:1.86232 [index:41 total:12m25.76s tree:12m25.76s]
I0000 00:00:1770259292.804754  179440 random_forest.cc:956] Train tree 16/240 accuracy:0.705104 logloss:1.67643 [index:45 total:12m52.87s tree:12m52.87s]
I0000 00:00:1770259320.492273  179434 random_forest.cc:956] Train tree 17/240 accuracy:0.707416 logloss:1.51984 [index:38 total:13m20.56s tree:13m20.55s]
I0000 00:00:1770259347.346908  179450 random_forest.cc:956] Train tree 18/240 accuracy:0.709607 logloss:1.38829 [index:47 total:13m47.41s tree:13m47.41s]
I0000 00:00:1770259374.649226  179413 random_forest.cc:956] Train tree 19/240 accuracy:0.711553 logloss:1.27683 [index:6 total:14m14.71s tree:14m14.71s]
I0000 00:00:1770259401.862787  179444 random_forest.cc:956] Train tree 20/240 accuracy:0.713537 logloss:1.18222 [index:3 total:14m41.93s tree:14m41.93s]
I0000 00:00:1770259428.777243  179432 random_forest.cc:956] Train tree 21/240 accuracy:0.715108 logloss:1.10066 [index:39 total:15m8.84s tree:15m8.84s]
I0000 00:00:1770259455.743453  179408 random_forest.cc:956] Train tree 22/240 accuracy:0.716712 logloss:1.03216 [index:13 total:15m35.81s tree:15m35.81s]
I0000 00:00:1770259483.441045  179449 random_forest.cc:956] Train tree 23/240 accuracy:0.718173 logloss:0.972968 [index:7 total:16m3.51s tree:16m3.51s]
I0000 00:00:1770259510.625543  179445 random_forest.cc:956] Train tree 24/240 accuracy:0.719534 logloss:0.922244 [index:1 total:16m30.69s tree:16m30.69s]
I0000 00:00:1770259537.533642  179420 random_forest.cc:956] Train tree 25/240 accuracy:0.720979 logloss:0.878106 [index:24 total:16m57.60s tree:16m57.60s]
I0000 00:00:1770259564.177393  179406 random_forest.cc:956] Train tree 26/240 accuracy:0.722176 logloss:0.840442 [index:5 total:17m24.24s tree:17m24.24s]
I0000 00:00:1770259591.217655  179421 random_forest.cc:956] Train tree 27/240 accuracy:0.723375 logloss:0.807901 [index:23 total:17m51.28s tree:17m51.28s]
I0000 00:00:1770259618.447720  179439 random_forest.cc:956] Train tree 28/240 accuracy:0.724402 logloss:0.778631 [index:43 total:18m18.51s tree:18m18.51s]
I0000 00:00:1770259645.978984  179411 random_forest.cc:956] Train tree 29/240 accuracy:0.725519 logloss:0.753086 [index:17 total:18m46.04s tree:18m46.04s]
I0000 00:00:1770259672.782792  179441 random_forest.cc:956] Train tree 30/240 accuracy:0.726475 logloss:0.730499 [index:46 total:19m12.85s tree:19m12.84s]
I0000 00:00:1770259699.986562  179451 random_forest.cc:956] Train tree 31/240 accuracy:0.727352 logloss:0.710621 [index:0 total:19m40.05s tree:19m40.05s]
I0000 00:00:1770259726.613439  179416 random_forest.cc:956] Train tree 32/240 accuracy:0.728237 logloss:0.692697 [index:22 total:20m6.68s tree:20m6.68s]
I0000 00:00:1770259754.386154  179428 random_forest.cc:956] Train tree 33/240 accuracy:0.72906 logloss:0.677236 [index:30 total:20m34.45s tree:20m34.45s]
I0000 00:00:1770259781.753407  179422 random_forest.cc:956] Train tree 34/240 accuracy:0.729927 logloss:0.663724 [index:27 total:21m1.82s tree:21m1.82s]
I0000 00:00:1770259808.972494  179435 random_forest.cc:956] Train tree 35/240 accuracy:0.73068 logloss:0.651175 [index:36 total:21m29.04s tree:21m29.03s]
I0000 00:00:1770259835.932077  179430 random_forest.cc:956] Train tree 36/240 accuracy:0.731332 logloss:0.639853 [index:34 total:21m56.00s tree:21m55.99s]
I0000 00:00:1770259863.711954  179429 random_forest.cc:956] Train tree 37/240 accuracy:0.732014 logloss:0.629985 [index:35 total:22m23.78s tree:22m23.77s]
I0000 00:00:1770259890.811106  179436 random_forest.cc:956] Train tree 38/240 accuracy:0.732658 logloss:0.62085 [index:42 total:22m50.88s tree:22m50.87s]
I0000 00:00:1770259918.558935  179438 random_forest.cc:956] Train tree 39/240 accuracy:0.733301 logloss:0.612846 [index:40 total:23m18.62s tree:23m18.62s]
I0000 00:00:1770259945.705842  179409 random_forest.cc:956] Train tree 40/240 accuracy:0.733971 logloss:0.605498 [index:12 total:23m45.77s tree:23m45.77s]
I0000 00:00:1770259973.122930  179418 random_forest.cc:956] Train tree 41/240 accuracy:0.734552 logloss:0.598867 [index:21 total:24m13.19s tree:24m13.19s]
I0000 00:00:1770260000.328084  179446 random_forest.cc:956] Train tree 42/240 accuracy:0.735062 logloss:0.592596 [index:8 total:24m40.39s tree:24m40.39s]
I0000 00:00:1770260028.007987  179427 random_forest.cc:956] Train tree 43/240 accuracy:0.735587 logloss:0.587031 [index:26 total:25m8.07s tree:25m8.07s]
I0000 00:00:1770260054.799769  179426 random_forest.cc:956] Train tree 44/240 accuracy:0.736072 logloss:0.581788 [index:28 total:25m34.87s tree:25m34.86s]
I0000 00:00:1770260082.130874  179443 random_forest.cc:956] Train tree 45/240 accuracy:0.73655 logloss:0.577105 [index:4 total:26m2.20s tree:26m2.20s]
I0000 00:00:1770260110.123341  179425 random_forest.cc:956] Train tree 46/240 accuracy:0.737044 logloss:0.572727 [index:31 total:26m30.19s tree:26m30.19s]
I0000 00:00:1770260137.306151  179404 random_forest.cc:956] Train tree 47/240 accuracy:0.737444 logloss:0.568783 [index:2 total:26m57.37s tree:26m57.37s]
I0000 00:00:1770260164.157567  179448 random_forest.cc:956] Train tree 48/240 accuracy:0.737756 logloss:0.565187 [index:10 total:27m24.22s tree:27m24.22s]
I0000 00:00:1770260191.637042  179410 random_forest.cc:956] Train tree 49/240 accuracy:0.738307 logloss:0.561721 [index:48 total:27m51.70s tree:21m22.14s]
I0000 00:00:1770260218.432127  179417 random_forest.cc:956] Train tree 50/240 accuracy:0.738732 logloss:0.558523 [index:49 total:28m18.50s tree:21m26.82s]
I0000 00:00:1770260245.665064  179424 random_forest.cc:956] Train tree 51/240 accuracy:0.73905 logloss:0.555539 [index:50 total:28m45.73s tree:21m31.25s]
I0000 00:00:1770260273.067402  179433 random_forest.cc:956] Train tree 52/240 accuracy:0.739458 logloss:0.552722 [index:51 total:29m13.13s tree:21m35.22s]
I0000 00:00:1770260300.123056  179442 random_forest.cc:956] Train tree 53/240 accuracy:0.739868 logloss:0.550221 [index:52 total:29m40.19s tree:21m37.86s]
I0000 00:00:1770260326.889314  179415 random_forest.cc:956] Train tree 54/240 accuracy:0.740237 logloss:0.547942 [index:53 total:30m6.95s tree:21m39.73s]
I0000 00:00:1770260354.446696  179431 random_forest.cc:956] Train tree 55/240 accuracy:0.740599 logloss:0.545829 [index:54 total:30m34.51s tree:21m41.82s]
I0000 00:00:1770260381.317114  179414 random_forest.cc:956] Train tree 56/240 accuracy:0.740973 logloss:0.54376 [index:55 total:31m1.38s tree:21m43.17s]
I0000 00:00:1770260408.257866  179423 random_forest.cc:956] Train tree 57/240 accuracy:0.741346 logloss:0.541921 [index:56 total:31m28.32s tree:21m44.49s]
I0000 00:00:1770260435.090243  179412 random_forest.cc:956] Train tree 58/240 accuracy:0.741638 logloss:0.540077 [index:57 total:31m55.16s tree:21m45.17s]
I0000 00:00:1770260462.268681  179447 random_forest.cc:956] Train tree 59/240 accuracy:0.741866 logloss:0.538376 [index:58 total:32m22.33s tree:21m45.60s]
I0000 00:00:1770260489.483255  179419 random_forest.cc:956] Train tree 60/240 accuracy:0.742176 logloss:0.536885 [index:59 total:32m49.55s tree:21m45.73s]
I0000 00:00:1770260516.738672  179407 random_forest.cc:956] Train tree 61/240 accuracy:0.7425 logloss:0.535515 [index:60 total:33m16.80s tree:21m45.62s]
I0000 00:00:1770260543.753106  179405 random_forest.cc:956] Train tree 62/240 accuracy:0.742769 logloss:0.534071 [index:61 total:33m43.82s tree:21m45.08s]
I0000 00:00:1770260570.114150  179437 random_forest.cc:956] Train tree 63/240 accuracy:0.743051 logloss:0.532765 [index:62 total:34m10.18s tree:21m44.41s]
I0000 00:00:1770260597.453112  179440 random_forest.cc:956] Train tree 64/240 accuracy:0.743294 logloss:0.531662 [index:63 total:34m37.52s tree:21m44.65s]
I0000 00:00:1770260625.265538  179434 random_forest.cc:956] Train tree 65/240 accuracy:0.743574 logloss:0.530566 [index:64 total:35m5.33s tree:21m44.77s]
I0000 00:00:1770260652.469385  179450 random_forest.cc:956] Train tree 66/240 accuracy:0.743838 logloss:0.529563 [index:65 total:35m32.53s tree:21m45.12s]
I0000 00:00:1770260679.693114  179413 random_forest.cc:956] Train tree 67/240 accuracy:0.744087 logloss:0.528526 [index:66 total:35m59.76s tree:21m45.04s]
I0000 00:00:1770260706.806569  179444 random_forest.cc:956] Train tree 68/240 accuracy:0.744376 logloss:0.527589 [index:67 total:36m26.87s tree:21m44.94s]
I0000 00:00:1770260733.946116  179432 random_forest.cc:956] Train tree 69/240 accuracy:0.744648 logloss:0.526656 [index:68 total:36m54.01s tree:21m45.17s]
I0000 00:00:1770260760.813758  179408 random_forest.cc:956] Train tree 70/240 accuracy:0.744842 logloss:0.525836 [index:69 total:37m20.88s tree:21m45.07s]
I0000 00:00:1770260788.447946  179449 random_forest.cc:956] Train tree 71/240 accuracy:0.745098 logloss:0.525042 [index:70 total:37m48.51s tree:21m45.00s]
I0000 00:00:1770260815.321395  179445 random_forest.cc:956] Train tree 72/240 accuracy:0.745267 logloss:0.524184 [index:71 total:38m15.39s tree:21m44.69s]
I0000 00:00:1770260842.128022  179420 random_forest.cc:956] Train tree 73/240 accuracy:0.745434 logloss:0.523445 [index:72 total:38m42.19s tree:21m44.59s]
I0000 00:00:1770260869.179028  179406 random_forest.cc:956] Train tree 74/240 accuracy:0.745662 logloss:0.52271 [index:73 total:39m9.24s tree:21m45.00s]
I0000 00:00:1770260896.054106  179421 random_forest.cc:956] Train tree 75/240 accuracy:0.745872 logloss:0.522036 [index:74 total:39m36.12s tree:21m44.83s]
I0000 00:00:1770260923.272438  179439 random_forest.cc:956] Train tree 76/240 accuracy:0.746036 logloss:0.521437 [index:75 total:40m3.34s tree:21m44.82s]
I0000 00:00:1770260950.824609  179411 random_forest.cc:956] Train tree 77/240 accuracy:0.74624 logloss:0.520807 [index:76 total:40m30.89s tree:21m44.84s]
I0000 00:00:1770260978.036416  179441 random_forest.cc:956] Train tree 78/240 accuracy:0.74642 logloss:0.520253 [index:77 total:40m58.10s tree:21m45.25s]
I0000 00:00:1770261004.894696  179451 random_forest.cc:956] Train tree 79/240 accuracy:0.746593 logloss:0.519692 [index:78 total:41m24.96s tree:21m44.91s]
I0000 00:00:1770261031.733800  179416 random_forest.cc:956] Train tree 80/240 accuracy:0.746742 logloss:0.519151 [index:79 total:41m51.80s tree:21m45.12s]
I0000 00:00:1770261059.647905  179428 random_forest.cc:956] Train tree 81/240 accuracy:0.746883 logloss:0.518605 [index:80 total:42m19.71s tree:21m45.26s]
I0000 00:00:1770261086.847627  179422 random_forest.cc:956] Train tree 82/240 accuracy:0.747042 logloss:0.518114 [index:81 total:42m46.91s tree:21m45.09s]
I0000 00:00:1770261114.297450  179435 random_forest.cc:956] Train tree 83/240 accuracy:0.747173 logloss:0.517617 [index:82 total:43m14.36s tree:21m45.32s]
I0000 00:00:1770261141.183137  179430 random_forest.cc:956] Train tree 84/240 accuracy:0.74733 logloss:0.517126 [index:83 total:43m41.25s tree:21m45.25s]
I0000 00:00:1770261168.897079  179429 random_forest.cc:956] Train tree 85/240 accuracy:0.747506 logloss:0.516681 [index:84 total:44m8.96s tree:21m45.18s]
I0000 00:00:1770261195.786002  179436 random_forest.cc:956] Train tree 86/240 accuracy:0.747658 logloss:0.516253 [index:85 total:44m35.85s tree:21m44.97s]
I0000 00:00:1770261223.925566  179438 random_forest.cc:956] Train tree 87/240 accuracy:0.747843 logloss:0.515866 [index:86 total:45m3.99s tree:21m45.36s]
I0000 00:00:1770261250.950117  179409 random_forest.cc:956] Train tree 88/240 accuracy:0.748027 logloss:0.515451 [index:87 total:45m31.02s tree:21m45.24s]
I0000 00:00:1770261277.926263  179418 random_forest.cc:956] Train tree 89/240 accuracy:0.748186 logloss:0.515095 [index:88 total:45m57.99s tree:21m44.80s]
I0000 00:00:1770261305.212810  179446 random_forest.cc:956] Train tree 90/240 accuracy:0.74827 logloss:0.514718 [index:89 total:46m25.28s tree:21m44.88s]
I0000 00:00:1770261332.803116  179427 random_forest.cc:956] Train tree 91/240 accuracy:0.74842 logloss:0.514345 [index:90 total:46m52.87s tree:21m44.79s]
I0000 00:00:1770261359.977421  179426 random_forest.cc:956] Train tree 92/240 accuracy:0.748587 logloss:0.514013 [index:91 total:47m20.04s tree:21m45.18s]
I0000 00:00:1770261387.421399  179443 random_forest.cc:956] Train tree 93/240 accuracy:0.74873 logloss:0.513689 [index:92 total:47m47.49s tree:21m45.29s]
I0000 00:00:1770261415.143601  179425 random_forest.cc:956] Train tree 94/240 accuracy:0.748845 logloss:0.513396 [index:93 total:48m15.21s tree:21m45.02s]
I0000 00:00:1770261442.608695  179404 random_forest.cc:956] Train tree 95/240 accuracy:0.749016 logloss:0.513091 [index:94 total:48m42.67s tree:21m45.30s]
I0000 00:00:1770261468.784997  179448 random_forest.cc:956] Train tree 96/240 accuracy:0.749138 logloss:0.512813 [index:95 total:49m8.85s tree:21m44.62s]
I0000 00:00:1770261496.442029  179410 random_forest.cc:956] Train tree 97/240 accuracy:0.749236 logloss:0.51255 [index:96 total:49m36.51s tree:21m44.80s]
I0000 00:00:1770261523.889422  179417 random_forest.cc:956] Train tree 98/240 accuracy:0.749338 logloss:0.512256 [index:97 total:50m3.95s tree:21m45.45s]
I0000 00:00:1770261551.514374  179424 random_forest.cc:956] Train tree 99/240 accuracy:0.749469 logloss:0.512001 [index:98 total:50m31.58s tree:21m45.85s]
I0000 00:00:1770261578.729058  179433 random_forest.cc:956] Train tree 100/240 accuracy:0.749586 logloss:0.511748 [index:99 total:50m58.79s tree:21m45.66s]
I0000 00:00:1770261605.815135  179442 random_forest.cc:956] Train tree 101/240 accuracy:0.749691 logloss:0.511502 [index:100 total:51m25.88s tree:21m45.69s]
I0000 00:00:1770261632.910106  179415 random_forest.cc:956] Train tree 102/240 accuracy:0.749779 logloss:0.511298 [index:101 total:51m52.98s tree:21m46.02s]
I0000 00:00:1770261660.196735  179431 random_forest.cc:956] Train tree 103/240 accuracy:0.7499 logloss:0.511085 [index:102 total:52m20.26s tree:21m45.75s]
I0000 00:00:1770261687.259130  179414 random_forest.cc:956] Train tree 104/240 accuracy:0.750007 logloss:0.510868 [index:103 total:52m47.32s tree:21m45.94s]
I0000 00:00:1770261713.692902  179423 random_forest.cc:956] Train tree 105/240 accuracy:0.750084 logloss:0.51064 [index:104 total:53m13.76s tree:21m45.43s]
I0000 00:00:1770261740.860597  179412 random_forest.cc:956] Train tree 106/240 accuracy:0.750226 logloss:0.510412 [index:105 total:53m40.93s tree:21m45.77s]
I0000 00:00:1770261768.038430  179447 random_forest.cc:956] Train tree 107/240 accuracy:0.750309 logloss:0.510203 [index:106 total:54m8.10s tree:21m45.77s]
I0000 00:00:1770261795.110644  179419 random_forest.cc:956] Train tree 108/240 accuracy:0.750397 logloss:0.510002 [index:107 total:54m35.18s tree:21m45.62s]
I0000 00:00:1770261822.854496  179407 random_forest.cc:956] Train tree 109/240 accuracy:0.750578 logloss:0.509764 [index:108 total:55m2.92s tree:21m46.11s]
I0000 00:00:1770261850.204290  179405 random_forest.cc:956] Train tree 110/240 accuracy:0.750624 logloss:0.509561 [index:109 total:55m30.27s tree:21m46.45s]
I0000 00:00:1770261877.116124  179437 random_forest.cc:956] Train tree 111/240 accuracy:0.750752 logloss:0.50938 [index:110 total:55m57.18s tree:21m47.00s]
I0000 00:00:1770261904.305658  179440 random_forest.cc:956] Train tree 112/240 accuracy:0.750846 logloss:0.509221 [index:111 total:56m24.37s tree:21m46.85s]
I0000 00:00:1770261931.802017  179434 random_forest.cc:956] Train tree 113/240 accuracy:0.75094 logloss:0.509055 [index:112 total:56m51.87s tree:21m46.53s]
I0000 00:00:1770261958.805011  179450 random_forest.cc:956] Train tree 114/240 accuracy:0.751019 logloss:0.508895 [index:113 total:57m18.87s tree:21m46.33s]
I0000 00:00:1770261985.976422  179413 random_forest.cc:956] Train tree 115/240 accuracy:0.751122 logloss:0.508751 [index:114 total:57m46.04s tree:21m46.28s]
I0000 00:00:1770262012.842545  179444 random_forest.cc:956] Train tree 116/240 accuracy:0.751176 logloss:0.508594 [index:115 total:58m12.91s tree:21m46.03s]
I0000 00:00:1770262039.446567  179432 random_forest.cc:956] Train tree 117/240 accuracy:0.751295 logloss:0.508403 [index:116 total:58m39.51s tree:21m45.50s]
I0000 00:00:1770262066.598140  179408 random_forest.cc:956] Train tree 118/240 accuracy:0.751423 logloss:0.50823 [index:117 total:59m6.66s tree:21m45.78s]
I0000 00:00:1770262094.425187  179449 random_forest.cc:956] Train tree 119/240 accuracy:0.751513 logloss:0.508079 [index:118 total:59m34.49s tree:21m45.97s]
I0000 00:00:1770262121.547639  179445 random_forest.cc:956] Train tree 120/240 accuracy:0.751619 logloss:0.507883 [index:119 total:1h0m1.61s tree:21m46.22s]
I0000 00:00:1770262148.763249  179420 random_forest.cc:956] Train tree 121/240 accuracy:0.751676 logloss:0.50772 [index:120 total:1h0m28.83s tree:21m46.63s]
I0000 00:00:1770262175.650944  179406 random_forest.cc:956] Train tree 122/240 accuracy:0.751723 logloss:0.507625 [index:121 total:1h0m55.72s tree:21m46.47s]
I0000 00:00:1770262202.047739  179421 random_forest.cc:956] Train tree 123/240 accuracy:0.751813 logloss:0.507481 [index:122 total:1h1m22.11s tree:21m45.99s]
I0000 00:00:1770262229.323528  179439 random_forest.cc:956] Train tree 124/240 accuracy:0.751893 logloss:0.507321 [index:123 total:1h1m49.39s tree:21m46.05s]
I0000 00:00:1770262256.780104  179411 random_forest.cc:956] Train tree 125/240 accuracy:0.751966 logloss:0.507199 [index:124 total:1h2m16.85s tree:21m45.95s]
I0000 00:00:1770262284.039443  179441 random_forest.cc:956] Train tree 126/240 accuracy:0.752026 logloss:0.50709 [index:125 total:1h2m44.10s tree:21m46.00s]
I0000 00:00:1770262310.936474  179451 random_forest.cc:956] Train tree 127/240 accuracy:0.752107 logloss:0.506983 [index:126 total:1h3m11.00s tree:21m46.04s]
I0000 00:00:1770262338.298215  179416 random_forest.cc:956] Train tree 128/240 accuracy:0.752172 logloss:0.506885 [index:127 total:1h3m38.36s tree:21m46.56s]
I0000 00:00:1770262365.442821  179428 random_forest.cc:956] Train tree 129/240 accuracy:0.75228 logloss:0.50676 [index:128 total:1h4m5.51s tree:21m45.79s]
I0000 00:00:1770262392.851047  179422 random_forest.cc:956] Train tree 130/240 accuracy:0.752337 logloss:0.506648 [index:129 total:1h4m32.92s tree:21m46.00s]
I0000 00:00:1770262420.487098  179435 random_forest.cc:956] Train tree 131/240 accuracy:0.75239 logloss:0.506521 [index:130 total:1h5m0.55s tree:21m46.19s]
I0000 00:00:1770262447.674783  179430 random_forest.cc:956] Train tree 132/240 accuracy:0.752485 logloss:0.506403 [index:131 total:1h5m27.74s tree:21m46.49s]
I0000 00:00:1770262474.927070  179429 random_forest.cc:956] Train tree 133/240 accuracy:0.752556 logloss:0.506291 [index:132 total:1h5m54.99s tree:21m46.03s]
I0000 00:00:1770262502.155762  179436 random_forest.cc:956] Train tree 134/240 accuracy:0.752612 logloss:0.506177 [index:133 total:1h6m22.22s tree:21m46.37s]
I0000 00:00:1770262529.969827  179438 random_forest.cc:956] Train tree 135/240 accuracy:0.752659 logloss:0.506057 [index:134 total:1h6m50.04s tree:21m46.04s]
I0000 00:00:1770262557.246674  179409 random_forest.cc:956] Train tree 136/240 accuracy:0.752735 logloss:0.50597 [index:135 total:1h7m17.31s tree:21m46.29s]
I0000 00:00:1770262584.292762  179418 random_forest.cc:956] Train tree 137/240 accuracy:0.752776 logloss:0.505881 [index:136 total:1h7m44.36s tree:21m46.36s]
I0000 00:00:1770262611.639493  179446 random_forest.cc:956] Train tree 138/240 accuracy:0.752862 logloss:0.505785 [index:137 total:1h8m11.70s tree:21m46.42s]
I0000 00:00:1770262638.844405  179427 random_forest.cc:956] Train tree 139/240 accuracy:0.75293 logloss:0.505689 [index:138 total:1h8m38.91s tree:21m46.04s]
I0000 00:00:1770262666.407195  179426 random_forest.cc:956] Train tree 140/240 accuracy:0.753019 logloss:0.505616 [index:139 total:1h9m6.47s tree:21m46.43s]
I0000 00:00:1770262691.436351  179443 random_forest.cc:956] Train tree 141/240 accuracy:0.753049 logloss:0.505487 [index:140 total:1h9m31.50s tree:21m44.01s]
I0000 00:00:1770262719.332705  179425 random_forest.cc:956] Train tree 142/240 accuracy:0.75312 logloss:0.505395 [index:141 total:1h9m59.40s tree:21m44.19s]
I0000 00:00:1770262746.650677  179404 random_forest.cc:956] Train tree 143/240 accuracy:0.753167 logloss:0.505305 [index:142 total:1h10m26.72s tree:21m44.04s]
I0000 00:00:1770262773.828144  179448 random_forest.cc:956] Train tree 144/240 accuracy:0.753195 logloss:0.505219 [index:143 total:1h10m53.89s tree:21m45.04s]
I0000 00:00:1770262801.367314  179410 random_forest.cc:956] Train tree 145/240 accuracy:0.753273 logloss:0.505137 [index:144 total:1h11m21.43s tree:21m44.92s]
I0000 00:00:1770262828.393993  179417 random_forest.cc:956] Train tree 146/240 accuracy:0.753305 logloss:0.505058 [index:145 total:1h11m48.46s tree:21m44.50s]
I0000 00:00:1770262855.744503  179424 random_forest.cc:956] Train tree 147/240 accuracy:0.753382 logloss:0.504971 [index:146 total:1h12m15.81s tree:21m44.23s]
I0000 00:00:1770262882.888970  179433 random_forest.cc:956] Train tree 148/240 accuracy:0.753452 logloss:0.504891 [index:147 total:1h12m42.95s tree:21m44.16s]
I0000 00:00:1770262910.336639  179442 random_forest.cc:956] Train tree 149/240 accuracy:0.753506 logloss:0.504785 [index:148 total:1h13m10.40s tree:21m44.52s]
I0000 00:00:1770262937.458683  179415 random_forest.cc:956] Train tree 150/240 accuracy:0.753555 logloss:0.504704 [index:149 total:1h13m37.52s tree:21m44.55s]
I0000 00:00:1770262965.071010  179431 random_forest.cc:956] Train tree 151/240 accuracy:0.753607 logloss:0.504625 [index:150 total:1h14m5.14s tree:21m44.87s]
I0000 00:00:1770262991.994197  179414 random_forest.cc:956] Train tree 152/240 accuracy:0.753629 logloss:0.504575 [index:151 total:1h14m32.06s tree:21m44.73s]
I0000 00:00:1770263018.692474  179423 random_forest.cc:956] Train tree 153/240 accuracy:0.753689 logloss:0.504516 [index:152 total:1h14m58.76s tree:21m45.00s]
I0000 00:00:1770263046.042034  179412 random_forest.cc:956] Train tree 154/240 accuracy:0.753771 logloss:0.504432 [index:153 total:1h15m26.11s tree:21m45.18s]
I0000 00:00:1770263073.365205  179447 random_forest.cc:956] Train tree 155/240 accuracy:0.753811 logloss:0.504377 [index:154 total:1h15m53.43s tree:21m45.32s]
I0000 00:00:1770263100.531048  179419 random_forest.cc:956] Train tree 156/240 accuracy:0.753863 logloss:0.504332 [index:155 total:1h16m20.60s tree:21m45.42s]
I0000 00:00:1770263127.871360  179407 random_forest.cc:956] Train tree 157/240 accuracy:0.753915 logloss:0.50427 [index:156 total:1h16m47.94s tree:21m45.01s]
I0000 00:00:1770263155.078263  179405 random_forest.cc:956] Train tree 158/240 accuracy:0.753973 logloss:0.504188 [index:157 total:1h17m15.14s tree:21m44.87s]
I0000 00:00:1770263181.473488  179437 random_forest.cc:956] Train tree 159/240 accuracy:0.754026 logloss:0.504155 [index:158 total:1h17m41.54s tree:21m44.35s]
I0000 00:00:1770263208.888423  179440 random_forest.cc:956] Train tree 160/240 accuracy:0.7541 logloss:0.504087 [index:159 total:1h18m8.95s tree:21m44.58s]
I0000 00:00:1770263236.708080  179434 random_forest.cc:956] Train tree 161/240 accuracy:0.75416 logloss:0.504009 [index:160 total:1h18m36.77s tree:21m44.90s]
I0000 00:00:1770263263.656381  179450 random_forest.cc:956] Train tree 162/240 accuracy:0.754204 logloss:0.503945 [index:161 total:1h19m3.72s tree:21m44.85s]
I0000 00:00:1770263291.179703  179413 random_forest.cc:956] Train tree 163/240 accuracy:0.754247 logloss:0.503905 [index:162 total:1h19m31.24s tree:21m45.20s]
I0000 00:00:1770263318.494068  179444 random_forest.cc:956] Train tree 164/240 accuracy:0.754323 logloss:0.503835 [index:163 total:1h19m58.56s tree:21m45.65s]
I0000 00:00:1770263345.558735  179432 random_forest.cc:956] Train tree 165/240 accuracy:0.754338 logloss:0.503782 [index:164 total:1h20m25.62s tree:21m46.11s]
I0000 00:00:1770263372.738899  179408 random_forest.cc:956] Train tree 166/240 accuracy:0.75436 logloss:0.5037 [index:165 total:1h20m52.80s tree:21m46.14s]
I0000 00:00:1770263400.434430  179449 random_forest.cc:956] Train tree 167/240 accuracy:0.754437 logloss:0.50364 [index:166 total:1h21m20.50s tree:21m46.01s]
I0000 00:00:1770263427.414274  179445 random_forest.cc:956] Train tree 168/240 accuracy:0.754487 logloss:0.503601 [index:167 total:1h21m47.48s tree:21m45.86s]
I0000 00:00:1770263454.481105  179420 random_forest.cc:956] Train tree 169/240 accuracy:0.754538 logloss:0.503552 [index:168 total:1h22m14.55s tree:21m45.72s]
I0000 00:00:1770263481.608931  179406 random_forest.cc:956] Train tree 170/240 accuracy:0.754556 logloss:0.50349 [index:169 total:1h22m41.67s tree:21m45.96s]
I0000 00:00:1770263508.199492  179421 random_forest.cc:956] Train tree 171/240 accuracy:0.75462 logloss:0.503441 [index:170 total:1h23m8.26s tree:21m46.15s]
I0000 00:00:1770263535.519751  179439 random_forest.cc:956] Train tree 172/240 accuracy:0.754659 logloss:0.503398 [index:171 total:1h23m35.58s tree:21m46.19s]
I0000 00:00:1770263562.787479  179411 random_forest.cc:956] Train tree 173/240 accuracy:0.754731 logloss:0.503366 [index:172 total:1h24m2.85s tree:21m46.01s]
I0000 00:00:1770263589.970610  179441 random_forest.cc:956] Train tree 174/240 accuracy:0.754777 logloss:0.503334 [index:173 total:1h24m30.04s tree:21m45.93s]
I0000 00:00:1770263616.891624  179451 random_forest.cc:956] Train tree 175/240 accuracy:0.754813 logloss:0.503285 [index:174 total:1h24m56.96s tree:21m45.95s]
I0000 00:00:1770263644.032509  179416 random_forest.cc:956] Train tree 176/240 accuracy:0.75484 logloss:0.50325 [index:175 total:1h25m24.10s tree:21m45.73s]
I0000 00:00:1770263671.896408  179428 random_forest.cc:956] Train tree 177/240 accuracy:0.754905 logloss:0.503182 [index:176 total:1h25m51.96s tree:21m46.45s]
I0000 00:00:1770263699.241884  179422 random_forest.cc:956] Train tree 178/240 accuracy:0.754964 logloss:0.503152 [index:177 total:1h26m19.31s tree:21m46.39s]
I0000 00:00:1770263726.799020  179435 random_forest.cc:956] Train tree 179/240 accuracy:0.755025 logloss:0.503103 [index:178 total:1h26m46.86s tree:21m46.31s]
I0000 00:00:1770263754.048202  179430 random_forest.cc:956] Train tree 180/240 accuracy:0.755087 logloss:0.503042 [index:179 total:1h27m14.11s tree:21m46.37s]
I0000 00:00:1770263781.461656  179429 random_forest.cc:956] Train tree 181/240 accuracy:0.755123 logloss:0.502993 [index:180 total:1h27m41.53s tree:21m46.53s]
I0000 00:00:1770263808.740731  179436 random_forest.cc:956] Train tree 182/240 accuracy:0.755147 logloss:0.502938 [index:181 total:1h28m8.81s tree:21m46.58s]
I0000 00:00:1770263836.702252  179438 random_forest.cc:956] Train tree 183/240 accuracy:0.755199 logloss:0.502905 [index:182 total:1h28m36.77s tree:21m46.73s]
I0000 00:00:1770263863.960461  179409 random_forest.cc:956] Train tree 184/240 accuracy:0.755241 logloss:0.502852 [index:183 total:1h29m4.03s tree:21m46.71s]
I0000 00:00:1770263891.129278  179418 random_forest.cc:956] Train tree 185/240 accuracy:0.755207 logloss:0.50282 [index:184 total:1h29m31.19s tree:21m46.83s]
I0000 00:00:1770263918.307502  179446 random_forest.cc:956] Train tree 186/240 accuracy:0.755264 logloss:0.502768 [index:185 total:1h29m58.37s tree:21m46.67s]
I0000 00:00:1770263945.521816  179427 random_forest.cc:956] Train tree 187/240 accuracy:0.755306 logloss:0.502718 [index:186 total:1h30m25.59s tree:21m46.68s]
I0000 00:00:1770263972.348137  179426 random_forest.cc:956] Train tree 188/240 accuracy:0.755349 logloss:0.502673 [index:187 total:1h30m52.41s tree:21m45.94s]
I0000 00:00:1770264000.167319  179443 random_forest.cc:956] Train tree 189/240 accuracy:0.755365 logloss:0.502645 [index:188 total:1h31m20.23s tree:21m48.73s]
I0000 00:00:1770264027.751768  179425 random_forest.cc:956] Train tree 190/240 accuracy:0.75539 logloss:0.502616 [index:189 total:1h31m47.82s tree:21m48.42s]
I0000 00:00:1770264055.176103  179404 random_forest.cc:956] Train tree 191/240 accuracy:0.755416 logloss:0.502602 [index:190 total:1h32m15.24s tree:21m48.52s]
I0000 00:00:1770264082.107015  179448 random_forest.cc:956] Train tree 192/240 accuracy:0.755444 logloss:0.502549 [index:191 total:1h32m42.17s tree:21m48.28s]
I0000 00:00:1770264109.527436  179410 random_forest.cc:956] Train tree 193/240 accuracy:0.755488 logloss:0.50252 [index:192 total:1h33m9.59s tree:21m48.16s]
I0000 00:00:1770264135.917224  179417 random_forest.cc:956] Train tree 194/240 accuracy:0.755551 logloss:0.502488 [index:193 total:1h33m35.98s tree:21m47.52s]
I0000 00:00:1770264162.457737  179424 random_forest.cc:956] Train tree 195/240 accuracy:0.755575 logloss:0.502449 [index:194 total:1h34m2.52s tree:21m46.71s]
I0000 00:00:1770264188.783688  179433 random_forest.cc:956] Train tree 196/240 accuracy:0.755616 logloss:0.502388 [index:195 total:1h34m28.85s tree:21m45.89s]
I0000 00:00:1770264214.696798  179442 random_forest.cc:956] Train tree 197/240 accuracy:0.755659 logloss:0.502352 [index:196 total:1h34m54.76s tree:21m44.36s]
I0000 00:00:1770264240.366839  179415 random_forest.cc:956] Train tree 198/240 accuracy:0.755675 logloss:0.502312 [index:197 total:1h35m20.43s tree:21m42.91s]
I0000 00:00:1770264265.480271  179431 random_forest.cc:956] Train tree 199/240 accuracy:0.755693 logloss:0.502267 [index:198 total:1h35m45.55s tree:21m40.41s]
I0000 00:00:1770264289.853497  179414 random_forest.cc:956] Train tree 200/240 accuracy:0.755721 logloss:0.50224 [index:199 total:1h36m9.92s tree:21m37.86s]
I0000 00:00:1770264313.593425  179423 random_forest.cc:956] Train tree 201/240 accuracy:0.755799 logloss:0.502187 [index:200 total:1h36m33.66s tree:21m34.90s]
I0000 00:00:1770264337.013563  179412 random_forest.cc:956] Train tree 202/240 accuracy:0.755836 logloss:0.502148 [index:201 total:1h36m57.08s tree:21m30.97s]
I0000 00:00:1770264359.836241  179447 random_forest.cc:956] Train tree 203/240 accuracy:0.755876 logloss:0.502108 [index:202 total:1h37m19.90s tree:21m26.47s]
I0000 00:00:1770264382.156722  179419 random_forest.cc:956] Train tree 204/240 accuracy:0.755936 logloss:0.502065 [index:203 total:1h37m42.22s tree:21m21.62s]
I0000 00:00:1770264404.090131  179407 random_forest.cc:956] Train tree 205/240 accuracy:0.755958 logloss:0.502028 [index:204 total:1h38m4.16s tree:21m16.22s]
I0000 00:00:1770264425.111687  179405 random_forest.cc:956] Train tree 206/240 accuracy:0.755969 logloss:0.501999 [index:205 total:1h38m25.18s tree:21m10.03s]
I0000 00:00:1770264445.749229  179437 random_forest.cc:956] Train tree 207/240 accuracy:0.756013 logloss:0.501955 [index:206 total:1h38m45.81s tree:21m4.27s]
I0000 00:00:1770264466.737540  179440 random_forest.cc:956] Train tree 208/240 accuracy:0.756034 logloss:0.501911 [index:207 total:1h39m6.80s tree:20m57.85s]
I0000 00:00:1770264488.232359  179434 random_forest.cc:956] Train tree 209/240 accuracy:0.756079 logloss:0.501881 [index:208 total:1h39m28.30s tree:20m51.52s]
I0000 00:00:1770264508.921387  179450 random_forest.cc:956] Train tree 210/240 accuracy:0.7561 logloss:0.501832 [index:209 total:1h39m48.99s tree:20m45.26s]
I0000 00:00:1770264529.665915  179413 random_forest.cc:956] Train tree 211/240 accuracy:0.756099 logloss:0.501792 [index:210 total:1h40m9.73s tree:20m38.48s]
I0000 00:00:1770264550.463269  179444 random_forest.cc:956] Train tree 212/240 accuracy:0.756132 logloss:0.501749 [index:211 total:1h40m30.53s tree:20m31.97s]
I0000 00:00:1770264570.961174  179432 random_forest.cc:956] Train tree 213/240 accuracy:0.75618 logloss:0.501729 [index:212 total:1h40m51.03s tree:20m25.40s]
I0000 00:00:1770264591.469578  179408 random_forest.cc:956] Train tree 214/240 accuracy:0.756202 logloss:0.501703 [index:213 total:1h41m11.53s tree:20m18.73s]
I0000 00:00:1770264612.773881  179449 random_forest.cc:956] Train tree 215/240 accuracy:0.756253 logloss:0.50166 [index:214 total:1h41m32.84s tree:20m12.34s]
I0000 00:00:1770264633.311558  179445 random_forest.cc:956] Train tree 216/240 accuracy:0.756248 logloss:0.501636 [index:215 total:1h41m53.38s tree:20m5.90s]
I0000 00:00:1770264654.118087  179420 random_forest.cc:956] Train tree 217/240 accuracy:0.756268 logloss:0.501615 [index:216 total:1h42m14.18s tree:19m59.63s]
I0000 00:00:1770264674.670347  179406 random_forest.cc:956] Train tree 218/240 accuracy:0.756341 logloss:0.501572 [index:217 total:1h42m34.74s tree:19m53.06s]
I0000 00:00:1770264695.509722  179421 random_forest.cc:956] Train tree 219/240 accuracy:0.756362 logloss:0.501548 [index:218 total:1h42m55.57s tree:19m47.31s]
I0000 00:00:1770264716.410655  179439 random_forest.cc:956] Train tree 220/240 accuracy:0.75638 logloss:0.501527 [index:219 total:1h43m16.48s tree:19m40.89s]
I0000 00:00:1770264737.338498  179411 random_forest.cc:956] Train tree 221/240 accuracy:0.756429 logloss:0.501512 [index:220 total:1h43m37.40s tree:19m34.55s]
I0000 00:00:1770264758.309883  179441 random_forest.cc:956] Train tree 222/240 accuracy:0.756433 logloss:0.50149 [index:221 total:1h43m58.38s tree:19m28.34s]
I0000 00:00:1770264778.946834  179451 random_forest.cc:956] Train tree 223/240 accuracy:0.756464 logloss:0.501471 [index:222 total:1h44m19.01s tree:19m22.05s]
I0000 00:00:1770264799.419739  179416 random_forest.cc:956] Train tree 224/240 accuracy:0.756463 logloss:0.501421 [index:223 total:1h44m39.48s tree:19m15.38s]
I0000 00:00:1770264820.858030  179428 random_forest.cc:956] Train tree 225/240 accuracy:0.756488 logloss:0.501397 [index:224 total:1h45m0.92s tree:19m8.96s]
I0000 00:00:1770264841.789481  179422 random_forest.cc:956] Train tree 226/240 accuracy:0.756509 logloss:0.501371 [index:225 total:1h45m21.85s tree:19m2.55s]
I0000 00:00:1770264862.952598  179435 random_forest.cc:956] Train tree 227/240 accuracy:0.756559 logloss:0.501365 [index:226 total:1h45m43.02s tree:18m56.15s]
I0000 00:00:1770264883.513737  179430 random_forest.cc:956] Train tree 228/240 accuracy:0.756567 logloss:0.501354 [index:227 total:1h46m3.58s tree:18m49.46s]
I0000 00:00:1770264904.677149  179429 random_forest.cc:956] Train tree 229/240 accuracy:0.756566 logloss:0.501338 [index:228 total:1h46m24.74s tree:18m43.21s]
I0000 00:00:1770264925.709189  179436 random_forest.cc:956] Train tree 230/240 accuracy:0.756591 logloss:0.501312 [index:229 total:1h46m45.77s tree:18m36.97s]
I0000 00:00:1770264947.266375  179438 random_forest.cc:956] Train tree 231/240 accuracy:0.756616 logloss:0.50129 [index:230 total:1h47m7.33s tree:18m30.56s]
I0000 00:00:1770264968.048869  179409 random_forest.cc:956] Train tree 232/240 accuracy:0.756637 logloss:0.501267 [index:231 total:1h47m28.11s tree:18m24.09s]
I0000 00:00:1770264988.872786  179418 random_forest.cc:956] Train tree 233/240 accuracy:0.756653 logloss:0.501254 [index:232 total:1h47m48.94s tree:18m17.74s]
I0000 00:00:1770265009.741513  179446 random_forest.cc:956] Train tree 234/240 accuracy:0.756677 logloss:0.501226 [index:233 total:1h48m9.81s tree:18m11.43s]
I0000 00:00:1770265030.893376  179427 random_forest.cc:956] Train tree 235/240 accuracy:0.756709 logloss:0.501213 [index:234 total:1h48m30.96s tree:18m5.37s]
I0000 00:00:1770265051.757850  179426 random_forest.cc:956] Train tree 236/240 accuracy:0.756736 logloss:0.501195 [index:235 total:1h48m51.82s tree:17m59.41s]
I0000 00:00:1770265072.626312  179443 random_forest.cc:956] Train tree 237/240 accuracy:0.756732 logloss:0.501182 [index:236 total:1h49m12.69s tree:17m52.46s]
I0000 00:00:1770265094.124934  179425 random_forest.cc:956] Train tree 238/240 accuracy:0.75675 logloss:0.501146 [index:237 total:1h49m34.19s tree:17m46.37s]
I0000 00:00:1770265115.131865  179404 random_forest.cc:956] Train tree 239/240 accuracy:0.756802 logloss:0.50113 [index:238 total:1h49m55.20s tree:17m39.95s]
I0000 00:00:1770265135.797274  179448 random_forest.cc:956] Train tree 240/240 accuracy:0.756828 logloss:0.501103 [index:239 total:1h50m15.86s tree:17m33.69s]
I0000 00:00:1770265135.799028  179079 random_forest.cc:990] random_forest.cc Training block took: 6616.23 s
I0000 00:00:1770265135.799070  179079 random_forest.cc:1062] After Random Forest Training block. RETURNING EARLY TO SPEED UP XPS!!
-1 (automatic) threads requested. 48 threads set.
Configuring oblique splits
Using histogram splitting: Random with 256 bins
./bazel-bin/examples/train_oblique_forest --input_mode csv --train_csv "benchmarks/data/SUSY_with_header.csv" --label_col "class" --numerical_split_type "Random" --num_trees=240 --num_threads=-1 --compute_oob_performances=true --histogram_num_bins 256


Inferring DataSpec from CSV: benchmarks/data/SUSY_with_header.csv


WARNING: All log messages before absl::InitializeLog() is called are written to STDERR
I0000 00:00:1770265143.754522  205793 csv_example_reader.cc:212] 0 row(s) processed
I0000 00:00:1770265143.760269  205793 csv_example_reader.cc:216] Stop scanning the csv file to infer the type. Some records were not considered.
I0000 00:00:1770265143.760284  205793 data_spec_inference.cc:457] 19 column(s) found
I0000 00:00:1770265143.760296  205793 csv_example_reader.cc:303] 0 row(s) processed
I0000 00:00:1770265155.660259  205793 data_spec_inference.cc:494] Finalizing [5000000 row(s) found]
I0000 00:00:1770265155.660366  205793 abstract_learner.cc:155] No input feature explicitly specified. Using all the available input features.
I0000 00:00:1770265155.660369  205793 abstract_learner.cc:172] The label "class" was removed from the input feature set.
I0000 00:00:1770265155.660775  205793 vertical_dataset_io.cc:82] 100 examples scanned.
I0000 00:00:1770265168.555913  205793 vertical_dataset_io.cc:88] 5000000 examples read. Memory: usage:380MB allocated:380MB. 0 (0%) examples have been skipped.
I0000 00:00:1770265168.555990  205793 abstract_learner.cc:155] No input feature explicitly specified. Using all the available input features.
I0000 00:00:1770265168.555995  205793 abstract_learner.cc:172] The label "class" was removed from the input feature set.
I0000 00:00:1770265168.556013  205793 random_forest.cc:465] Training random forest on 5000000 example(s) and 18 feature(s).
I0000 00:00:1770265168.556023  205793 gpu.cc:93] Cannot initialize GPU: Not compiled with GPU support
I0000 00:00:1770265168.722489  205793 random_forest.cc:659] num_threads being used: 48
I0000 00:00:1770265290.608683  205893 random_forest.cc:956] Train tree 1/240 accuracy:0.713253 logloss:8.78675 [index:11 total:2m1.89s tree:2m1.89s]
I0000 00:00:1770265307.148500  205915 random_forest.cc:956] Train tree 3/240 accuracy:0.727082 logloss:7.31414 [index:32 total:2m18.43s tree:2m18.42s]
I0000 00:00:1770265322.184975  205902 random_forest.cc:956] Train tree 5/240 accuracy:0.738503 logloss:5.77345 [index:19 total:2m33.46s tree:2m33.46s]
I0000 00:00:1770265337.846033  205913 random_forest.cc:956] Train tree 7/240 accuracy:0.747872 logloss:4.49277 [index:30 total:2m49.12s tree:2m49.12s]
I0000 00:00:1770265354.636126  205908 random_forest.cc:956] Train tree 9/240 accuracy:0.755929 logloss:3.53242 [index:25 total:3m5.91s tree:3m5.91s]
I0000 00:00:1770265371.689583  205926 random_forest.cc:956] Train tree 11/240 accuracy:0.762496 logloss:2.82806 [index:40 total:3m22.97s tree:3m22.96s]
I0000 00:00:1770265389.444525  205920 random_forest.cc:956] Train tree 13/240 accuracy:0.767452 logloss:2.31543 [index:39 total:3m40.72s tree:3m40.72s]
I0000 00:00:1770265407.529434  205934 random_forest.cc:956] Train tree 15/240 accuracy:0.771512 logloss:1.94594 [index:44 total:3m58.81s tree:3m58.80s]
I0000 00:00:1770265425.183193  205896 random_forest.cc:956] Train tree 17/240 accuracy:0.774945 logloss:1.67237 [index:12 total:4m16.46s tree:4m16.46s]
I0000 00:00:1770265442.829612  205916 random_forest.cc:956] Train tree 19/240 accuracy:0.777755 logloss:1.46615 [index:34 total:4m34.11s tree:4m34.10s]
I0000 00:00:1770265460.422089  205909 random_forest.cc:956] Train tree 21/240 accuracy:0.780137 logloss:1.30768 [index:24 total:4m51.70s tree:4m51.70s]
I0000 00:00:1770265478.216950  205927 random_forest.cc:956] Train tree 23/240 accuracy:0.781914 logloss:1.18299 [index:47 total:5m9.49s tree:5m9.49s]
I0000 00:00:1770265495.869374  205901 random_forest.cc:956] Train tree 25/240 accuracy:0.783653 logloss:1.0815 [index:18 total:5m27.15s tree:5m27.15s]
I0000 00:00:1770265513.814986  205928 random_forest.cc:956] Train tree 27/240 accuracy:0.785066 logloss:1.00012 [index:46 total:5m45.09s tree:5m45.09s]
I0000 00:00:1770265531.428024  205903 random_forest.cc:956] Train tree 29/240 accuracy:0.786287 logloss:0.933347 [index:23 total:6m2.71s tree:6m2.70s]
I0000 00:00:1770265549.358329  205922 random_forest.cc:956] Train tree 31/240 accuracy:0.787268 logloss:0.877898 [index:37 total:6m20.64s tree:6m20.63s]
I0000 00:00:1770265567.073647  205912 random_forest.cc:956] Train tree 33/240 accuracy:0.788247 logloss:0.829985 [index:26 total:6m38.35s tree:6m38.35s]
I0000 00:00:1770265584.978612  205905 random_forest.cc:956] Train tree 35/240 accuracy:0.789201 logloss:0.788628 [index:22 total:6m56.26s tree:6m56.25s]
I0000 00:00:1770265602.516492  205923 random_forest.cc:956] Train tree 37/240 accuracy:0.789989 logloss:0.754588 [index:41 total:7m13.79s tree:7m13.79s]
I0000 00:00:1770265620.085960  205891 random_forest.cc:956] Train tree 39/240 accuracy:0.790616 logloss:0.723365 [index:8 total:7m31.36s tree:7m31.36s]
I0000 00:00:1770265638.240604  205907 random_forest.cc:956] Train tree 41/240 accuracy:0.791226 logloss:0.697201 [index:31 total:7m49.52s tree:7m49.52s]
I0000 00:00:1770265656.013284  205892 random_forest.cc:956] Train tree 43/240 accuracy:0.791758 logloss:0.674694 [index:10 total:8m7.29s tree:8m7.29s]
I0000 00:00:1770265673.797963  205895 random_forest.cc:956] Train tree 45/240 accuracy:0.792312 logloss:0.65381 [index:13 total:8m25.08s tree:8m25.07s]
I0000 00:00:1770265691.545947  205937 random_forest.cc:956] Train tree 47/240 accuracy:0.79273 logloss:0.635629 [index:9 total:8m42.82s tree:8m42.82s]
I0000 00:00:1770265709.137793  205893 random_forest.cc:956] Train tree 49/240 accuracy:0.793177 logloss:0.619743 [index:48 total:9m0.42s tree:6m58.53s]
I0000 00:00:1770265726.920206  205915 random_forest.cc:956] Train tree 51/240 accuracy:0.793592 logloss:0.604625 [index:50 total:9m18.20s tree:6m59.77s]
I0000 00:00:1770265744.563609  205902 random_forest.cc:956] Train tree 53/240 accuracy:0.793896 logloss:0.591494 [index:52 total:9m35.84s tree:7m2.38s]
I0000 00:00:1770265762.176699  205913 random_forest.cc:956] Train tree 55/240 accuracy:0.794233 logloss:0.580213 [index:54 total:9m53.45s tree:7m4.33s]
I0000 00:00:1770265780.203752  205908 random_forest.cc:956] Train tree 57/240 accuracy:0.7946 logloss:0.570006 [index:56 total:10m11.48s tree:7m5.57s]
I0000 00:00:1770265797.802016  205926 random_forest.cc:956] Train tree 59/240 accuracy:0.794811 logloss:0.560711 [index:58 total:10m29.08s tree:7m6.11s]
I0000 00:00:1770265815.701194  205920 random_forest.cc:956] Train tree 61/240 accuracy:0.795113 logloss:0.551821 [index:60 total:10m46.98s tree:7m6.26s]
I0000 00:00:1770265833.724324  205934 random_forest.cc:956] Train tree 63/240 accuracy:0.795368 logloss:0.544567 [index:62 total:11m5.00s tree:7m6.19s]
I0000 00:00:1770265850.883748  205896 random_forest.cc:956] Train tree 65/240 accuracy:0.795612 logloss:0.537445 [index:64 total:11m22.16s tree:7m5.70s]
I0000 00:00:1770265868.560687  205916 random_forest.cc:956] Train tree 67/240 accuracy:0.795773 logloss:0.530182 [index:66 total:11m39.84s tree:7m5.73s]
I0000 00:00:1770265886.565514  205909 random_forest.cc:956] Train tree 69/240 accuracy:0.795984 logloss:0.524286 [index:68 total:11m57.84s tree:7m6.14s]
I0000 00:00:1770265904.247628  205927 random_forest.cc:956] Train tree 71/240 accuracy:0.796178 logloss:0.518782 [index:70 total:12m15.53s tree:7m6.03s]
I0000 00:00:1770265921.902872  205901 random_forest.cc:956] Train tree 73/240 accuracy:0.79639 logloss:0.513496 [index:72 total:12m33.18s tree:7m6.03s]
I0000 00:00:1770265939.592196  205928 random_forest.cc:956] Train tree 75/240 accuracy:0.796574 logloss:0.509155 [index:74 total:12m50.87s tree:7m5.78s]
I0000 00:00:1770265957.108111  205903 random_forest.cc:956] Train tree 77/240 accuracy:0.796689 logloss:0.505059 [index:76 total:13m8.39s tree:7m5.68s]
I0000 00:00:1770265974.353591  205922 random_forest.cc:956] Train tree 79/240 accuracy:0.796927 logloss:0.501419 [index:78 total:13m25.63s tree:7m4.99s]
I0000 00:00:1770265992.334806  205912 random_forest.cc:956] Train tree 81/240 accuracy:0.797033 logloss:0.497559 [index:80 total:13m43.61s tree:7m5.26s]
I0000 00:00:1770266010.178553  205905 random_forest.cc:956] Train tree 83/240 accuracy:0.797189 logloss:0.49443 [index:82 total:14m1.46s tree:7m5.20s]
I0000 00:00:1770266027.156516  205923 random_forest.cc:956] Train tree 85/240 accuracy:0.797379 logloss:0.491159 [index:84 total:14m18.43s tree:7m4.64s]
I0000 00:00:1770266044.408997  205891 random_forest.cc:956] Train tree 87/240 accuracy:0.797429 logloss:0.488256 [index:86 total:14m35.69s tree:7m4.32s]
I0000 00:00:1770266062.317991  205907 random_forest.cc:956] Train tree 89/240 accuracy:0.797512 logloss:0.485435 [index:88 total:14m53.60s tree:7m4.08s]
I0000 00:00:1770266080.002491  205892 random_forest.cc:956] Train tree 91/240 accuracy:0.797647 logloss:0.483119 [index:90 total:15m11.28s tree:7m3.99s]
I0000 00:00:1770266097.869191  205895 random_forest.cc:956] Train tree 93/240 accuracy:0.797782 logloss:0.480697 [index:92 total:15m29.15s tree:7m4.07s]
I0000 00:00:1770266115.909319  205937 random_forest.cc:956] Train tree 95/240 accuracy:0.797904 logloss:0.478514 [index:94 total:15m47.19s tree:7m4.36s]
I0000 00:00:1770266133.788714  205893 random_forest.cc:956] Train tree 97/240 accuracy:0.797983 logloss:0.476569 [index:96 total:16m5.07s tree:7m4.65s]
I0000 00:00:1770266151.385847  205915 random_forest.cc:956] Train tree 99/240 accuracy:0.798113 logloss:0.474656 [index:98 total:16m22.66s tree:7m4.47s]
I0000 00:00:1770266168.868898  205902 random_forest.cc:956] Train tree 101/240 accuracy:0.798246 logloss:0.472784 [index:100 total:16m40.15s tree:7m4.31s]
I0000 00:00:1770266186.446007  205913 random_forest.cc:956] Train tree 103/240 accuracy:0.798293 logloss:0.471034 [index:102 total:16m57.72s tree:7m4.27s]
I0000 00:00:1770266204.483890  205908 random_forest.cc:956] Train tree 105/240 accuracy:0.798413 logloss:0.469423 [index:104 total:17m15.76s tree:7m4.28s]
I0000 00:00:1770266221.982098  205926 random_forest.cc:956] Train tree 107/240 accuracy:0.798473 logloss:0.468022 [index:106 total:17m33.26s tree:7m4.18s]
I0000 00:00:1770266239.684444  205920 random_forest.cc:956] Train tree 109/240 accuracy:0.798557 logloss:0.466739 [index:108 total:17m50.96s tree:7m3.98s]
I0000 00:00:1770266257.570010  205934 random_forest.cc:956] Train tree 111/240 accuracy:0.798611 logloss:0.465303 [index:110 total:18m8.85s tree:7m3.85s]
I0000 00:00:1770266275.314896  205896 random_forest.cc:956] Train tree 114/240 accuracy:0.798676 logloss:0.455012 [index:112 total:18m26.59s tree:7m4.43s]
I0000 00:00:1770266293.131349  205916 random_forest.cc:956] Train tree 116/240 accuracy:0.798763 logloss:0.454093 [index:114 total:18m44.41s tree:7m4.57s]
I0000 00:00:1770266310.627608  205909 random_forest.cc:956] Train tree 118/240 accuracy:0.79881 logloss:0.453286 [index:116 total:19m1.91s tree:7m4.06s]
I0000 00:00:1770266328.677166  205927 random_forest.cc:956] Train tree 120/240 accuracy:0.798921 logloss:0.452578 [index:118 total:19m19.95s tree:7m4.43s]
I0000 00:00:1770266346.190806  205901 random_forest.cc:956] Train tree 122/240 accuracy:0.79894 logloss:0.451781 [index:120 total:19m37.47s tree:7m4.29s]
I0000 00:00:1770266364.000062  205928 random_forest.cc:956] Train tree 124/240 accuracy:0.798992 logloss:0.451101 [index:122 total:19m55.28s tree:7m4.41s]
I0000 00:00:1770266381.814132  205911 random_forest.cc:956] Train tree 126/240 accuracy:0.799033 logloss:0.450425 [index:125 total:20m13.09s tree:6m56.37s]
I0000 00:00:1770266399.482078  205910 random_forest.cc:956] Train tree 128/240 accuracy:0.79915 logloss:0.449765 [index:127 total:20m30.76s tree:6m56.10s]
I0000 00:00:1770266417.225545  205899 random_forest.cc:956] Train tree 130/240 accuracy:0.799189 logloss:0.449237 [index:129 total:20m48.50s tree:6m56.19s]
I0000 00:00:1770266434.742260  205900 random_forest.cc:956] Train tree 132/240 accuracy:0.7993 logloss:0.448716 [index:131 total:21m6.02s tree:6m56.24s]
I0000 00:00:1770266452.473994  205925 random_forest.cc:956] Train tree 134/240 accuracy:0.79937 logloss:0.448205 [index:133 total:21m23.75s tree:6m56.84s]
I0000 00:00:1770266469.894170  205898 random_forest.cc:956] Train tree 136/240 accuracy:0.799389 logloss:0.447693 [index:135 total:21m41.17s tree:6m56.53s]
I0000 00:00:1770266487.892741  205894 random_forest.cc:956] Train tree 138/240 accuracy:0.799445 logloss:0.4472 [index:137 total:21m59.17s tree:6m56.88s]
I0000 00:00:1770266505.566120  205919 random_forest.cc:956] Train tree 140/240 accuracy:0.799508 logloss:0.446661 [index:139 total:22m16.84s tree:6m56.71s]
I0000 00:00:1770266523.759830  205897 random_forest.cc:956] Train tree 142/240 accuracy:0.799542 logloss:0.446302 [index:141 total:22m35.04s tree:6m57.22s]
I0000 00:00:1770266541.013307  205936 random_forest.cc:956] Train tree 144/240 accuracy:0.799609 logloss:0.445831 [index:143 total:22m52.29s tree:6m56.37s]
I0000 00:00:1770266558.346565  205933 random_forest.cc:956] Train tree 146/240 accuracy:0.79966 logloss:0.445266 [index:145 total:23m9.62s tree:6m55.73s]
I0000 00:00:1770266576.297903  205929 random_forest.cc:956] Train tree 148/240 accuracy:0.799697 logloss:0.444964 [index:147 total:23m27.58s tree:6m56.29s]
I0000 00:00:1770266593.935108  205931 random_forest.cc:956] Train tree 150/240 accuracy:0.799758 logloss:0.444516 [index:149 total:23m45.21s tree:6m56.09s]
I0000 00:00:1770266611.278488  205932 random_forest.cc:956] Train tree 152/240 accuracy:0.799788 logloss:0.444148 [index:151 total:24m2.56s tree:6m56.04s]
I0000 00:00:1770266629.134115  205904 random_forest.cc:956] Train tree 154/240 accuracy:0.799847 logloss:0.443815 [index:153 total:24m20.41s tree:6m55.86s]
I0000 00:00:1770266646.950690  205930 random_forest.cc:956] Train tree 156/240 accuracy:0.799868 logloss:0.443507 [index:155 total:24m38.23s tree:6m56.10s]
I0000 00:00:1770266664.644528  205917 random_forest.cc:956] Train tree 158/240 accuracy:0.799933 logloss:0.443262 [index:157 total:24m55.92s tree:6m56.11s]
I0000 00:00:1770266682.627715  205903 random_forest.cc:956] Train tree 160/240 accuracy:0.799991 logloss:0.44302 [index:160 total:25m13.91s tree:6m56.19s]
I0000 00:00:1770266700.032925  205896 random_forest.cc:956] Train tree 162/240 accuracy:0.799993 logloss:0.442753 [index:161 total:25m31.31s tree:7m4.72s]
I0000 00:00:1770266717.523271  205916 random_forest.cc:956] Train tree 164/240 accuracy:0.800013 logloss:0.442478 [index:163 total:25m48.80s tree:7m4.39s]
I0000 00:00:1770266735.210721  205909 random_forest.cc:956] Train tree 166/240 accuracy:0.800045 logloss:0.442166 [index:165 total:26m6.49s tree:7m4.58s]
I0000 00:00:1770266752.910027  205927 random_forest.cc:956] Train tree 168/240 accuracy:0.800053 logloss:0.441966 [index:167 total:26m24.19s tree:7m4.23s]
I0000 00:00:1770266770.638063  205901 random_forest.cc:956] Train tree 170/240 accuracy:0.800098 logloss:0.441733 [index:169 total:26m41.92s tree:7m4.45s]
I0000 00:00:1770266788.113384  205928 random_forest.cc:956] Train tree 172/240 accuracy:0.80012 logloss:0.441519 [index:171 total:26m59.39s tree:7m4.11s]
I0000 00:00:1770266805.907125  205911 random_forest.cc:956] Train tree 174/240 accuracy:0.800167 logloss:0.441119 [index:173 total:27m17.18s tree:7m4.09s]
I0000 00:00:1770266823.803321  205910 random_forest.cc:956] Train tree 176/240 accuracy:0.800179 logloss:0.440859 [index:175 total:27m35.08s tree:7m4.32s]
I0000 00:00:1770266841.407867  205899 random_forest.cc:956] Train tree 178/240 accuracy:0.800233 logloss:0.44065 [index:177 total:27m52.69s tree:7m4.18s]
I0000 00:00:1770266858.714701  205900 random_forest.cc:956] Train tree 180/240 accuracy:0.800315 logloss:0.440445 [index:179 total:28m9.99s tree:7m3.97s]
I0000 00:00:1770266876.398830  205925 random_forest.cc:956] Train tree 182/240 accuracy:0.800302 logloss:0.440245 [index:181 total:28m27.68s tree:7m3.92s]
I0000 00:00:1770266894.006183  205898 random_forest.cc:956] Train tree 184/240 accuracy:0.800347 logloss:0.440056 [index:183 total:28m45.28s tree:7m4.11s]
I0000 00:00:1770266911.967477  205894 random_forest.cc:956] Train tree 186/240 accuracy:0.800359 logloss:0.439869 [index:185 total:29m3.24s tree:7m4.07s]
I0000 00:00:1770266929.996305  205919 random_forest.cc:956] Train tree 188/240 accuracy:0.800403 logloss:0.439718 [index:187 total:29m21.27s tree:7m4.43s]
I0000 00:00:1770266947.862808  205897 random_forest.cc:956] Train tree 190/240 accuracy:0.800417 logloss:0.43957 [index:189 total:29m39.14s tree:7m4.10s]
I0000 00:00:1770266965.137855  205936 random_forest.cc:956] Train tree 192/240 accuracy:0.800438 logloss:0.439338 [index:191 total:29m56.42s tree:7m4.12s]
I0000 00:00:1770266982.642283  205933 random_forest.cc:956] Train tree 194/240 accuracy:0.800488 logloss:0.439171 [index:193 total:30m13.92s tree:7m4.30s]
I0000 00:00:1770266999.261531  205929 random_forest.cc:956] Train tree 196/240 accuracy:0.800512 logloss:0.439027 [index:195 total:30m30.54s tree:7m2.96s]
I0000 00:00:1770267014.619133  205902 random_forest.cc:956] Train tree 198/240 accuracy:0.800586 logloss:0.43887 [index:196 total:30m45.90s tree:7m9.75s]
I0000 00:00:1770267030.038961  205932 random_forest.cc:956] Train tree 200/240 accuracy:0.800568 logloss:0.438723 [index:199 total:31m1.32s tree:6m58.76s]
I0000 00:00:1770267045.334462  205904 random_forest.cc:956] Train tree 202/240 accuracy:0.800607 logloss:0.43855 [index:201 total:31m16.61s tree:6m56.20s]
I0000 00:00:1770267060.268226  205930 random_forest.cc:956] Train tree 204/240 accuracy:0.800606 logloss:0.438412 [index:203 total:31m31.55s tree:6m53.32s]
I0000 00:00:1770267074.530883  205917 random_forest.cc:956] Train tree 206/240 accuracy:0.800589 logloss:0.438316 [index:205 total:31m45.81s tree:6m49.89s]
I0000 00:00:1770267088.198705  205903 random_forest.cc:956] Train tree 208/240 accuracy:0.800615 logloss:0.438186 [index:207 total:31m59.48s tree:6m45.57s]
I0000 00:00:1770267101.327914  205896 random_forest.cc:956] Train tree 210/240 accuracy:0.80064 logloss:0.43804 [index:209 total:32m12.61s tree:6m41.29s]
I0000 00:00:1770267114.833946  205916 random_forest.cc:956] Train tree 212/240 accuracy:0.800637 logloss:0.437905 [index:211 total:32m26.11s tree:6m37.31s]
I0000 00:00:1770267128.410483  205909 random_forest.cc:956] Train tree 214/240 accuracy:0.800674 logloss:0.43776 [index:213 total:32m39.69s tree:6m33.20s]
I0000 00:00:1770267141.994525  205927 random_forest.cc:956] Train tree 216/240 accuracy:0.800698 logloss:0.437609 [index:215 total:32m53.27s tree:6m29.08s]
I0000 00:00:1770267155.445879  205901 random_forest.cc:956] Train tree 218/240 accuracy:0.80071 logloss:0.437515 [index:217 total:33m6.72s tree:6m24.81s]
I0000 00:00:1770267169.045264  205928 random_forest.cc:956] Train tree 220/240 accuracy:0.800728 logloss:0.437354 [index:219 total:33m20.32s tree:6m20.93s]
I0000 00:00:1770267182.379046  205911 random_forest.cc:956] Train tree 222/240 accuracy:0.800745 logloss:0.437214 [index:221 total:33m33.66s tree:6m16.47s]
I0000 00:00:1770267195.534374  205910 random_forest.cc:956] Train tree 224/240 accuracy:0.800776 logloss:0.437082 [index:223 total:33m46.81s tree:6m11.73s]
I0000 00:00:1770267209.066550  205899 random_forest.cc:956] Train tree 226/240 accuracy:0.800765 logloss:0.436974 [index:225 total:34m0.34s tree:6m7.66s]
I0000 00:00:1770267222.146879  205900 random_forest.cc:956] Train tree 228/240 accuracy:0.800801 logloss:0.43686 [index:227 total:34m13.42s tree:6m3.43s]
I0000 00:00:1770267235.511624  205925 random_forest.cc:956] Train tree 230/240 accuracy:0.800788 logloss:0.436774 [index:229 total:34m26.79s tree:5m59.11s]
I0000 00:00:1770267249.061386  205898 random_forest.cc:956] Train tree 232/240 accuracy:0.800848 logloss:0.436623 [index:231 total:34m40.34s tree:5m55.06s]
I0000 00:00:1770267262.719012  205894 random_forest.cc:956] Train tree 234/240 accuracy:0.800823 logloss:0.436539 [index:233 total:34m54.00s tree:5m50.75s]
I0000 00:00:1770267276.204957  205919 random_forest.cc:956] Train tree 236/240 accuracy:0.800844 logloss:0.436408 [index:235 total:35m7.48s tree:5m46.21s]
I0000 00:00:1770267289.718961  205897 random_forest.cc:956] Train tree 238/240 accuracy:0.800868 logloss:0.436338 [index:237 total:35m21.00s tree:5m41.86s]
I0000 00:00:1770267303.148408  205936 random_forest.cc:956] Train tree 240/240 accuracy:0.800913 logloss:0.43625 [index:239 total:35m34.43s tree:5m38.01s]
I0000 00:00:1770267303.148784  205793 random_forest.cc:990] random_forest.cc Training block took: 2134.59 s
I0000 00:00:1770267303.148820  205793 random_forest.cc:1062] After Random Forest Training block. RETURNING EARLY TO SPEED UP XPS!!
-1 (automatic) threads requested. 48 threads set.
Configuring oblique splits
Using histogram splitting: Random with 256 bins
./bazel-bin/examples/train_oblique_forest --input_mode csv --train_csv "benchmarks/data/epsilon_normalized_train.csv" --label_col "label" --numerical_split_type "Random" --num_trees=240 --num_threads=-1 --compute_oob_performances=true --histogram_num_bins 256


Inferring DataSpec from CSV: benchmarks/data/epsilon_normalized_train.csv


WARNING: All log messages before absl::InitializeLog() is called are written to STDERR
I0000 00:00:1770267306.339008  214159 csv_example_reader.cc:212] 0 row(s) processed
I0000 00:00:1770267306.914280  214159 csv_example_reader.cc:216] Stop scanning the csv file to infer the type. Some records were not considered.
I0000 00:00:1770267306.914477  214159 data_spec_inference.cc:457] 2001 column(s) found
I0000 00:00:1770267306.917051  214159 csv_example_reader.cc:303] 0 row(s) processed
I0000 00:00:1770267336.917183  214159 csv_example_reader.cc:303] 127112 row(s) processed
I0000 00:00:1770267366.917484  214159 csv_example_reader.cc:303] 253840 row(s) processed
I0000 00:00:1770267396.917766  214159 csv_example_reader.cc:303] 380512 row(s) processed
I0000 00:00:1770267401.533071  214159 data_spec_inference.cc:494] Finalizing [400000 row(s) found]
I0000 00:00:1770267401.533300  214159 abstract_learner.cc:155] No input feature explicitly specified. Using all the available input features.
I0000 00:00:1770267401.533303  214159 abstract_learner.cc:172] The label "label" was removed from the input feature set.
I0000 00:00:1770267401.562754  214159 vertical_dataset_io.cc:82] 100 examples scanned.
I0000 00:00:1770267431.573209  214159 vertical_dataset_io.cc:82] 103600 examples scanned.
I0000 00:00:1770267461.594506  214159 vertical_dataset_io.cc:82] 198800 examples scanned.
I0000 00:00:1770267491.597342  214159 vertical_dataset_io.cc:82] 291000 examples scanned.
I0000 00:00:1770267521.624377  214159 vertical_dataset_io.cc:82] 384800 examples scanned.
I0000 00:00:1770267527.746002  214159 vertical_dataset_io.cc:88] 400000 examples read. Memory: usage:3201MB allocated:3201MB. 0 (0%) examples have been skipped.
I0000 00:00:1770267527.746489  214159 abstract_learner.cc:155] No input feature explicitly specified. Using all the available input features.
I0000 00:00:1770267527.746533  214159 abstract_learner.cc:172] The label "label" was removed from the input feature set.
I0000 00:00:1770267527.746734  214159 random_forest.cc:465] Training random forest on 400000 example(s) and 2000 feature(s).
I0000 00:00:1770267527.746826  214159 gpu.cc:93] Cannot initialize GPU: Not compiled with GPU support
I0000 00:00:1770267527.760217  214159 random_forest.cc:659] num_threads being used: 48
I0000 00:00:1770267606.859018  215024 random_forest.cc:956] Train tree 1/240 accuracy:0.570612 logloss:15.4767 [index:17 total:1m19.10s tree:1m19.10s]
I0000 00:00:1770267612.958609  215034 random_forest.cc:956] Train tree 11/240 accuracy:0.59853 logloss:3.30696 [index:26 total:1m25.20s tree:1m25.20s]
I0000 00:00:1770267619.091975  215044 random_forest.cc:956] Train tree 21/240 accuracy:0.626563 logloss:0.986749 [index:36 total:1m31.33s tree:1m31.33s]
I0000 00:00:1770267625.334904  215058 random_forest.cc:956] Train tree 31/240 accuracy:0.64728 logloss:0.674787 [index:0 total:1m37.57s tree:1m37.57s]
I0000 00:00:1770267631.835075  215025 random_forest.cc:956] Train tree 41/240 accuracy:0.660417 logloss:0.625358 [index:20 total:1m44.07s tree:1m44.07s]
I0000 00:00:1770267684.232291  215024 random_forest.cc:956] Train tree 49/240 accuracy:0.668905 logloss:0.616327 [index:48 total:2m36.47s tree:1m17.37s]
I0000 00:00:1770267691.769047  215034 random_forest.cc:956] Train tree 59/240 accuracy:0.679033 logloss:0.610053 [index:58 total:2m44.01s tree:1m18.81s]
I0000 00:00:1770267698.860349  215044 random_forest.cc:956] Train tree 69/240 accuracy:0.68855 logloss:0.606418 [index:68 total:2m51.10s tree:1m19.77s]
I0000 00:00:1770267706.572907  215014 random_forest.cc:956] Train tree 79/240 accuracy:0.696238 logloss:0.603841 [index:77 total:2m58.81s tree:1m21.89s]
I0000 00:00:1770267713.472909  215053 random_forest.cc:956] Train tree 89/240 accuracy:0.70241 logloss:0.602446 [index:86 total:3m5.71s tree:1m22.97s]
I0000 00:00:1770267765.745109  215024 random_forest.cc:956] Train tree 97/240 accuracy:0.706622 logloss:0.601202 [index:96 total:3m57.98s tree:1m21.51s]
I0000 00:00:1770267773.503701  215034 random_forest.cc:956] Train tree 107/240 accuracy:0.711993 logloss:0.600031 [index:106 total:4m5.74s tree:1m21.73s]
I0000 00:00:1770267780.777703  215032 random_forest.cc:956] Train tree 117/240 accuracy:0.716135 logloss:0.599342 [index:115 total:4m13.02s tree:1m22.59s]
I0000 00:00:1770267788.752973  215055 random_forest.cc:956] Train tree 127/240 accuracy:0.719405 logloss:0.598591 [index:127 total:4m20.99s tree:1m21.53s]
I0000 00:00:1770267795.404685  215025 random_forest.cc:956] Train tree 137/240 accuracy:0.723015 logloss:0.597882 [index:137 total:4m27.64s tree:1m21.21s]
I0000 00:00:1770267845.806653  215024 random_forest.cc:956] Train tree 145/240 accuracy:0.725322 logloss:0.597328 [index:144 total:5m18.05s tree:1m20.06s]
I0000 00:00:1770267854.593811  215027 random_forest.cc:956] Train tree 155/240 accuracy:0.728302 logloss:0.596654 [index:153 total:5m26.83s tree:1m21.82s]
I0000 00:00:1770267862.014927  215032 random_forest.cc:956] Train tree 165/240 accuracy:0.731345 logloss:0.596335 [index:164 total:5m34.25s tree:1m21.24s]
I0000 00:00:1770267869.698374  215055 random_forest.cc:956] Train tree 175/240 accuracy:0.733477 logloss:0.595992 [index:174 total:5m41.94s tree:1m20.95s]
I0000 00:00:1770267877.534297  215045 random_forest.cc:956] Train tree 185/240 accuracy:0.735363 logloss:0.595692 [index:186 total:5m49.77s tree:1m20.81s]
I0000 00:00:1770267927.311501  215024 random_forest.cc:956] Train tree 193/240 accuracy:0.737105 logloss:0.595472 [index:192 total:6m39.55s tree:1m21.50s]
I0000 00:00:1770267936.120350  215034 random_forest.cc:956] Train tree 203/240 accuracy:0.738657 logloss:0.59531 [index:203 total:6m48.36s tree:1m20.86s]
I0000 00:00:1770267942.397646  215032 random_forest.cc:956] Train tree 213/240 accuracy:0.74105 logloss:0.594995 [index:212 total:6m54.64s tree:1m20.38s]
I0000 00:00:1770267949.644375  215058 random_forest.cc:956] Train tree 223/240 accuracy:0.74289 logloss:0.594679 [index:221 total:7m1.88s tree:1m20.61s]
I0000 00:00:1770267955.632892  215045 random_forest.cc:956] Train tree 233/240 accuracy:0.744452 logloss:0.594409 [index:232 total:7m7.87s tree:1m18.10s]
I0000 00:00:1770267960.291747  215026 random_forest.cc:956] Train tree 240/240 accuracy:0.745438 logloss:0.594262 [index:239 total:7m12.53s tree:1m18.04s]
I0000 00:00:1770267960.292239  214159 random_forest.cc:990] random_forest.cc Training block took: 432.546 s
I0000 00:00:1770267960.292290  214159 random_forest.cc:1062] After Random Forest Training block. RETURNING EARLY TO SPEED UP XPS!!
-1 (automatic) threads requested. 48 threads set.
Configuring oblique splits
Using histogram splitting: Random with 256 bins
./bazel-bin/examples/train_oblique_forest --input_mode csv --train_csv "benchmarks/data/cc18_binary_csv/task_14965_bank-marketing/repeat0_fold0_sample0_train.csv" --label_col "Class" --numerical_split_type "Random" --num_trees=240 --num_threads=-1 --compute_oob_performances=true --histogram_num_bins 256


Inferring DataSpec from CSV: benchmarks/data/cc18_binary_csv/task_14965_bank-marketing/repeat0_fold0_sample0_train.csv


WARNING: All log messages before absl::InitializeLog() is called are written to STDERR
I0000 00:00:1770267960.712382  216708 csv_example_reader.cc:212] 0 row(s) processed
I0000 00:00:1770267960.714766  216708 csv_example_reader.cc:216] Stop scanning the csv file to infer the type. Some records were not considered.
I0000 00:00:1770267960.714780  216708 data_spec_inference.cc:457] 17 column(s) found
I0000 00:00:1770267960.714789  216708 csv_example_reader.cc:303] 0 row(s) processed
I0000 00:00:1770267960.756497  216708 data_spec_inference.cc:494] Finalizing [40689 row(s) found]
I0000 00:00:1770267960.756576  216708 abstract_learner.cc:155] No input feature explicitly specified. Using all the available input features.
I0000 00:00:1770267960.756579  216708 abstract_learner.cc:172] The label "Class" was removed from the input feature set.
I0000 00:00:1770267960.756879  216708 vertical_dataset_io.cc:82] 100 examples scanned.
I0000 00:00:1770267960.795982  216708 vertical_dataset_io.cc:88] 40689 examples read. Memory: usage:2MB allocated:2MB. 0 (0%) examples have been skipped.
I0000 00:00:1770267960.796017  216708 abstract_learner.cc:155] No input feature explicitly specified. Using all the available input features.
I0000 00:00:1770267960.796021  216708 abstract_learner.cc:172] The label "Class" was removed from the input feature set.
I0000 00:00:1770267960.796037  216708 random_forest.cc:465] Training random forest on 40689 example(s) and 16 feature(s).
I0000 00:00:1770267960.796044  216708 gpu.cc:93] Cannot initialize GPU: Not compiled with GPU support
I0000 00:00:1770267960.797437  216708 random_forest.cc:659] num_threads being used: 48
I0000 00:00:1770267961.120080  216757 random_forest.cc:956] Train tree 1/240 accuracy:0.874219 logloss:4.52921 [index:8 total:0.32s tree:0.32s]
I0000 00:00:1770267961.181198  216722 random_forest.cc:956] Train tree 11/240 accuracy:0.895164 logloss:1.3453 [index:17 total:0.38s tree:0.38s]
I0000 00:00:1770267961.243847  216752 random_forest.cc:956] Train tree 21/240 accuracy:0.898879 logloss:0.67036 [index:3 total:0.45s tree:0.45s]
I0000 00:00:1770267961.309496  216737 random_forest.cc:956] Train tree 31/240 accuracy:0.901792 logloss:0.475054 [index:31 total:0.51s tree:0.51s]
I0000 00:00:1770267961.382418  216751 random_forest.cc:956] Train tree 41/240 accuracy:0.903365 logloss:0.381647 [index:5 total:0.58s tree:0.58s]
I0000 00:00:1770267961.457583  216753 random_forest.cc:956] Train tree 51/240 accuracy:0.903414 logloss:0.336976 [index:50 total:0.66s tree:0.33s]
I0000 00:00:1770267961.528589  216736 random_forest.cc:956] Train tree 61/240 accuracy:0.90452 logloss:0.316258 [index:60 total:0.73s tree:0.33s]
I0000 00:00:1770267961.600279  216744 random_forest.cc:956] Train tree 71/240 accuracy:0.905232 logloss:0.299444 [index:70 total:0.80s tree:0.34s]
I0000 00:00:1770267961.670810  216732 random_forest.cc:956] Train tree 81/240 accuracy:0.905085 logloss:0.275369 [index:80 total:0.87s tree:0.35s]
I0000 00:00:1770267961.742972  216725 random_forest.cc:956] Train tree 91/240 accuracy:0.905331 logloss:0.265438 [index:90 total:0.95s tree:0.35s]
I0000 00:00:1770267961.816131  216730 random_forest.cc:956] Train tree 101/240 accuracy:0.905798 logloss:0.256563 [index:100 total:1.02s tree:0.34s]
I0000 00:00:1770267961.887792  216723 random_forest.cc:956] Train tree 111/240 accuracy:0.90597 logloss:0.249904 [index:110 total:1.09s tree:0.35s]
I0000 00:00:1770267961.959920  216744 random_forest.cc:956] Train tree 121/240 accuracy:0.906215 logloss:0.246958 [index:118 total:1.16s tree:0.36s]
I0000 00:00:1770267962.032385  216715 random_forest.cc:956] Train tree 131/240 accuracy:0.905847 logloss:0.24047 [index:130 total:1.23s tree:0.35s]
I0000 00:00:1770267962.102821  216721 random_forest.cc:956] Train tree 141/240 accuracy:0.906191 logloss:0.237045 [index:140 total:1.31s tree:0.35s]
I0000 00:00:1770267962.174030  216712 random_forest.cc:956] Train tree 151/240 accuracy:0.905921 logloss:0.233651 [index:151 total:1.38s tree:0.34s]
I0000 00:00:1770267962.232286  216728 random_forest.cc:956] Train tree 161/240 accuracy:0.905847 logloss:0.23261 [index:160 total:1.43s tree:0.33s]
I0000 00:00:1770267962.317128  216733 random_forest.cc:956] Train tree 171/240 accuracy:0.905798 logloss:0.229373 [index:169 total:1.52s tree:0.35s]
I0000 00:00:1770267962.389005  216714 random_forest.cc:956] Train tree 181/240 accuracy:0.905699 logloss:0.227689 [index:182 total:1.59s tree:0.33s]
I0000 00:00:1770267962.459414  216727 random_forest.cc:956] Train tree 191/240 accuracy:0.905871 logloss:0.22685 [index:191 total:1.66s tree:0.34s]
I0000 00:00:1770267962.530584  216734 random_forest.cc:956] Train tree 201/240 accuracy:0.90597 logloss:0.224274 [index:200 total:1.73s tree:0.34s]
I0000 00:00:1770267962.599473  216717 random_forest.cc:956] Train tree 211/240 accuracy:0.906461 logloss:0.224165 [index:210 total:1.80s tree:0.34s]
I0000 00:00:1770267962.664698  216724 random_forest.cc:956] Train tree 221/240 accuracy:0.90656 logloss:0.22312 [index:220 total:1.87s tree:0.33s]
I0000 00:00:1770267962.727417  216751 random_forest.cc:956] Train tree 231/240 accuracy:0.906289 logloss:0.223046 [index:230 total:1.93s tree:0.32s]
I0000 00:00:1770267962.783022  216721 random_forest.cc:956] Train tree 240/240 accuracy:0.906289 logloss:0.222973 [index:237 total:1.99s tree:0.33s]
I0000 00:00:1770267962.783316  216708 random_forest.cc:990] random_forest.cc Training block took: 1.98732 s
I0000 00:00:1770267962.783347  216708 random_forest.cc:1062] After Random Forest Training block. RETURNING EARLY TO SPEED UP XPS!!
-1 (automatic) threads requested. 48 threads set.
Configuring oblique splits
Using histogram splitting: Random with 256 bins
./bazel-bin/examples/train_oblique_forest --input_mode csv --train_csv "benchmarks/data/cc18_binary_csv/task_14952_PhishingWebsites/repeat0_fold0_sample0_train.csv" --label_col "Result" --numerical_split_type "Random" --num_trees=240 --num_threads=-1 --compute_oob_performances=true --histogram_num_bins 256


Inferring DataSpec from CSV: benchmarks/data/cc18_binary_csv/task_14952_PhishingWebsites/repeat0_fold0_sample0_train.csv


WARNING: All log messages before absl::InitializeLog() is called are written to STDERR
I0000 00:00:1770267962.819468  216768 csv_example_reader.cc:212] 0 row(s) processed
I0000 00:00:1770267962.823366  216768 csv_example_reader.cc:216] Stop scanning the csv file to infer the type. Some records were not considered.
I0000 00:00:1770267962.823380  216768 data_spec_inference.cc:457] 31 column(s) found
I0000 00:00:1770267962.823392  216768 csv_example_reader.cc:303] 0 row(s) processed
I0000 00:00:1770267962.836032  216768 data_spec_inference.cc:494] Finalizing [9949 row(s) found]
I0000 00:00:1770267962.836098  216768 abstract_learner.cc:155] No input feature explicitly specified. Using all the available input features.
I0000 00:00:1770267962.836101  216768 abstract_learner.cc:172] The label "Result" was removed from the input feature set.
I0000 00:00:1770267962.836416  216768 vertical_dataset_io.cc:82] 100 examples scanned.
I0000 00:00:1770267962.850757  216768 vertical_dataset_io.cc:88] 9949 examples read. Memory: usage:1MB allocated:1MB. 0 (0%) examples have been skipped.
I0000 00:00:1770267962.850790  216768 abstract_learner.cc:155] No input feature explicitly specified. Using all the available input features.
I0000 00:00:1770267962.850794  216768 abstract_learner.cc:172] The label "Result" was removed from the input feature set.
I0000 00:00:1770267962.850805  216768 random_forest.cc:465] Training random forest on 9949 example(s) and 30 feature(s).
I0000 00:00:1770267962.850812  216768 gpu.cc:93] Cannot initialize GPU: Not compiled with GPU support
I0000 00:00:1770267962.851219  216768 random_forest.cc:659] num_threads being used: 48
I0000 00:00:1770267962.907916  216796 random_forest.cc:956] Train tree 1/240 accuracy:0.934968 logloss:0.92752 [index:30 total:0.06s tree:0.05s]
I0000 00:00:1770267962.926676  216770 random_forest.cc:956] Train tree 11/240 accuracy:0.962821 logloss:0.197041 [index:4 total:0.08s tree:0.07s]
I0000 00:00:1770267962.931810  216778 random_forest.cc:956] Train tree 25/240 accuracy:0.96781 logloss:0.117243 [index:12 total:0.08s tree:0.08s]
I0000 00:00:1770267962.939024  216814 random_forest.cc:956] Train tree 40/240 accuracy:0.96864 logloss:0.103413 [index:41 total:0.09s tree:0.08s]
I0000 00:00:1770267962.993497  216785 random_forest.cc:956] Train tree 50/240 accuracy:0.972158 logloss:0.0835779 [index:53 total:0.14s tree:0.07s]
I0000 00:00:1770267963.002858  216794 random_forest.cc:956] Train tree 60/240 accuracy:0.971856 logloss:0.082754 [index:55 total:0.15s tree:0.08s]
I0000 00:00:1770267963.020650  216782 random_forest.cc:956] Train tree 70/240 accuracy:0.972962 logloss:0.08194 [index:64 total:0.17s tree:0.09s]
I0000 00:00:1770267963.033974  216772 random_forest.cc:956] Train tree 80/240 accuracy:0.972661 logloss:0.0821321 [index:87 total:0.18s tree:0.07s]
I0000 00:00:1770267963.049139  216799 random_forest.cc:956] Train tree 90/240 accuracy:0.972259 logloss:0.0818416 [index:89 total:0.20s tree:0.08s]
I0000 00:00:1770267963.075282  216813 random_forest.cc:956] Train tree 100/240 accuracy:0.97256 logloss:0.0820731 [index:102 total:0.22s tree:0.08s]
I0000 00:00:1770267963.088124  216777 random_forest.cc:956] Train tree 110/240 accuracy:0.972761 logloss:0.0816408 [index:120 total:0.24s tree:0.06s]
I0000 00:00:1770267963.104403  216815 random_forest.cc:956] Train tree 120/240 accuracy:0.972661 logloss:0.0813756 [index:122 total:0.25s tree:0.08s]
I0000 00:00:1770267963.117259  216792 random_forest.cc:956] Train tree 130/240 accuracy:0.972359 logloss:0.0815566 [index:125 total:0.27s tree:0.09s]
I0000 00:00:1770267963.135807  216775 random_forest.cc:956] Train tree 140/240 accuracy:0.972862 logloss:0.0814174 [index:141 total:0.28s tree:0.08s]
I0000 00:00:1770267963.158273  216796 random_forest.cc:956] Train tree 150/240 accuracy:0.972862 logloss:0.0816529 [index:144 total:0.31s tree:0.10s]
I0000 00:00:1770267963.175343  216779 random_forest.cc:956] Train tree 160/240 accuracy:0.972761 logloss:0.0818073 [index:161 total:0.32s tree:0.08s]
I0000 00:00:1770267963.189420  216802 random_forest.cc:956] Train tree 170/240 accuracy:0.973364 logloss:0.0818656 [index:166 total:0.34s tree:0.09s]
I0000 00:00:1770267963.203863  216795 random_forest.cc:956] Train tree 180/240 accuracy:0.973766 logloss:0.0817449 [index:183 total:0.35s tree:0.07s]
I0000 00:00:1770267963.220831  216803 random_forest.cc:956] Train tree 190/240 accuracy:0.973967 logloss:0.0816669 [index:184 total:0.37s tree:0.09s]
I0000 00:00:1770267963.242354  216791 random_forest.cc:956] Train tree 200/240 accuracy:0.974068 logloss:0.081655 [index:198 total:0.39s tree:0.08s]
I0000 00:00:1770267963.255460  216778 random_forest.cc:956] Train tree 210/240 accuracy:0.973264 logloss:0.0815297 [index:208 total:0.40s tree:0.08s]
I0000 00:00:1770267963.275748  216792 random_forest.cc:956] Train tree 220/240 accuracy:0.973364 logloss:0.0814418 [index:221 total:0.42s tree:0.08s]
I0000 00:00:1770267963.288974  216803 random_forest.cc:956] Train tree 232/240 accuracy:0.973766 logloss:0.0813919 [index:236 total:0.44s tree:0.07s]
I0000 00:00:1770267963.301976  216801 random_forest.cc:956] Train tree 240/240 accuracy:0.973565 logloss:0.0815211 [index:239 total:0.45s tree:0.08s]
I0000 00:00:1770267963.302141  216768 random_forest.cc:990] random_forest.cc Training block took: 0.45138 s
I0000 00:00:1770267963.302172  216768 random_forest.cc:1062] After Random Forest Training block. RETURNING EARLY TO SPEED UP XPS!!
-1 (automatic) threads requested. 48 threads set.
Configuring oblique splits
Using histogram splitting: Random with 256 bins
./bazel-bin/examples/train_oblique_forest --input_mode csv --train_csv "benchmarks/data/cc18_binary_csv/task_29_credit-approval/repeat0_fold0_sample0_train.csv" --label_col "class" --numerical_split_type "Random" --num_trees=240 --num_threads=-1 --compute_oob_performances=true --histogram_num_bins 256


Inferring DataSpec from CSV: benchmarks/data/cc18_binary_csv/task_29_credit-approval/repeat0_fold0_sample0_train.csv


WARNING: All log messages before absl::InitializeLog() is called are written to STDERR
I0000 00:00:1770267963.316844  216828 csv_example_reader.cc:212] 0 row(s) processed
I0000 00:00:1770267963.318159  216828 data_spec_inference.cc:457] 16 column(s) found
I0000 00:00:1770267963.318169  216828 csv_example_reader.cc:303] 0 row(s) processed
I0000 00:00:1770267963.318791  216828 data_spec_inference.cc:354] 1 item(s) have been pruned (i.e. they are considered out of dictionary) for the column A4 (2 item(s) left) because min_value_count=5 and max_number_of_unique_values=2000
I0000 00:00:1770267963.318797  216828 data_spec_inference.cc:354] 1 item(s) have been pruned (i.e. they are considered out of dictionary) for the column A5 (2 item(s) left) because min_value_count=5 and max_number_of_unique_values=2000
I0000 00:00:1770267963.318800  216828 data_spec_inference.cc:354] 1 item(s) have been pruned (i.e. they are considered out of dictionary) for the column A6 (13 item(s) left) because min_value_count=5 and max_number_of_unique_values=2000
I0000 00:00:1770267963.318805  216828 data_spec_inference.cc:354] 2 item(s) have been pruned (i.e. they are considered out of dictionary) for the column A7 (7 item(s) left) because min_value_count=5 and max_number_of_unique_values=2000
I0000 00:00:1770267963.318814  216828 data_spec_inference.cc:494] Finalizing [621 row(s) found]
I0000 00:00:1770267963.318873  216828 abstract_learner.cc:155] No input feature explicitly specified. Using all the available input features.
I0000 00:00:1770267963.318876  216828 abstract_learner.cc:172] The label "class" was removed from the input feature set.
I0000 00:00:1770267963.319135  216828 vertical_dataset_io.cc:82] 100 examples scanned.
I0000 00:00:1770267963.319588  216828 vertical_dataset_io.cc:88] 621 examples read. Memory: usage:0MB allocated:0MB. 0 (0%) examples have been skipped.
I0000 00:00:1770267963.319610  216828 abstract_learner.cc:155] No input feature explicitly specified. Using all the available input features.
I0000 00:00:1770267963.319615  216828 abstract_learner.cc:172] The label "class" was removed from the input feature set.
I0000 00:00:1770267963.319625  216828 random_forest.cc:465] Training random forest on 621 example(s) and 15 feature(s).
I0000 00:00:1770267963.319631  216828 gpu.cc:93] Cannot initialize GPU: Not compiled with GPU support
I0000 00:00:1770267963.319825  216828 random_forest.cc:659] num_threads being used: 48
I0000 00:00:1770267963.328208  216871 random_forest.cc:956] Train tree 1/240 accuracy:0.744395 logloss:9.21295 [index:5 total:0.01s tree:0.01s]
I0000 00:00:1770267963.329262  216849 random_forest.cc:956] Train tree 12/240 accuracy:0.837925 logloss:2.29636 [index:13 total:0.01s tree:0.01s]
I0000 00:00:1770267963.330278  216862 random_forest.cc:956] Train tree 23/240 accuracy:0.853226 logloss:1.01616 [index:30 total:0.01s tree:0.01s]
I0000 00:00:1770267963.330771  216839 random_forest.cc:956] Train tree 36/240 accuracy:0.856683 logloss:0.899861 [index:16 total:0.01s tree:0.01s]
I0000 00:00:1770267963.332736  216869 random_forest.cc:956] Train tree 46/240 accuracy:0.845411 logloss:0.793419 [index:41 total:0.01s tree:0.01s]
I0000 00:00:1770267963.337397  216848 random_forest.cc:956] Train tree 56/240 accuracy:0.853462 logloss:0.796031 [index:57 total:0.02s tree:0.01s]
I0000 00:00:1770267963.337967  216832 random_forest.cc:956] Train tree 66/240 accuracy:0.861514 logloss:0.793888 [index:50 total:0.02s tree:0.01s]
I0000 00:00:1770267963.338847  216838 random_forest.cc:956] Train tree 76/240 accuracy:0.866345 logloss:0.738456 [index:90 total:0.02s tree:0.01s]
I0000 00:00:1770267963.339675  216861 random_forest.cc:956] Train tree 86/240 accuracy:0.863124 logloss:0.737403 [index:86 total:0.02s tree:0.01s]
I0000 00:00:1770267963.342827  216876 random_forest.cc:956] Train tree 96/240 accuracy:0.861514 logloss:0.688902 [index:95 total:0.02s tree:0.01s]
I0000 00:00:1770267963.345637  216848 random_forest.cc:956] Train tree 108/240 accuracy:0.859903 logloss:0.69127 [index:103 total:0.03s tree:0.01s]
I0000 00:00:1770267963.346476  216858 random_forest.cc:956] Train tree 119/240 accuracy:0.859903 logloss:0.639057 [index:122 total:0.03s tree:0.01s]
I0000 00:00:1770267963.347549  216856 random_forest.cc:956] Train tree 129/240 accuracy:0.863124 logloss:0.639034 [index:128 total:0.03s tree:0.01s]
I0000 00:00:1770267963.348653  216863 random_forest.cc:956] Train tree 139/240 accuracy:0.864734 logloss:0.588164 [index:141 total:0.03s tree:0.01s]
I0000 00:00:1770267963.352534  216845 random_forest.cc:956] Train tree 149/240 accuracy:0.866345 logloss:0.587947 [index:145 total:0.03s tree:0.01s]
I0000 00:00:1770267963.354024  216846 random_forest.cc:956] Train tree 159/240 accuracy:0.863124 logloss:0.53576 [index:165 total:0.03s tree:0.01s]
I0000 00:00:1770267963.354610  216873 random_forest.cc:956] Train tree 169/240 accuracy:0.863124 logloss:0.537093 [index:175 total:0.03s tree:0.01s]
I0000 00:00:1770267963.355560  216844 random_forest.cc:956] Train tree 179/240 accuracy:0.861514 logloss:0.537169 [index:169 total:0.04s tree:0.01s]
I0000 00:00:1770267963.357685  216847 random_forest.cc:956] Train tree 189/240 accuracy:0.863124 logloss:0.537673 [index:188 total:0.04s tree:0.01s]
I0000 00:00:1770267963.361015  216862 random_forest.cc:956] Train tree 199/240 accuracy:0.863124 logloss:0.538809 [index:199 total:0.04s tree:0.01s]
I0000 00:00:1770267963.362372  216859 random_forest.cc:956] Train tree 209/240 accuracy:0.864734 logloss:0.537162 [index:202 total:0.04s tree:0.01s]
I0000 00:00:1770267963.363432  216840 random_forest.cc:956] Train tree 221/240 accuracy:0.864734 logloss:0.436252 [index:220 total:0.04s tree:0.01s]
I0000 00:00:1770267963.364824  216856 random_forest.cc:956] Train tree 231/240 accuracy:0.863124 logloss:0.435138 [index:225 total:0.04s tree:0.01s]
I0000 00:00:1770267963.367028  216832 random_forest.cc:956] Train tree 240/240 accuracy:0.863124 logloss:0.382983 [index:232 total:0.05s tree:0.01s]
I0000 00:00:1770267963.367535  216828 random_forest.cc:990] random_forest.cc Training block took: 0.0479426 s
I0000 00:00:1770267963.367559  216828 random_forest.cc:1062] After Random Forest Training block. RETURNING EARLY TO SPEED UP XPS!!
-1 (automatic) threads requested. 48 threads set.
Configuring oblique splits
Using histogram splitting: Random with 256 bins
./bazel-bin/examples/train_oblique_forest --input_mode csv --train_csv "benchmarks/data/cc18_binary_csv/task_167125_Internet-Advertisements/repeat0_fold0_sample0_train.csv" --label_col "class" --numerical_split_type "Random" --num_trees=240 --num_threads=-1 --compute_oob_performances=true --histogram_num_bins 256


Inferring DataSpec from CSV: benchmarks/data/cc18_binary_csv/task_167125_Internet-Advertisements/repeat0_fold0_sample0_train.csv


WARNING: All log messages before absl::InitializeLog() is called are written to STDERR
I0000 00:00:1770267963.377903  216880 csv_example_reader.cc:212] 0 row(s) processed
I0000 00:00:1770267963.519993  216880 csv_example_reader.cc:216] Stop scanning the csv file to infer the type. Some records were not considered.
I0000 00:00:1770267963.520188  216880 data_spec_inference.cc:457] 1559 column(s) found
I0000 00:00:1770267963.520974  216880 csv_example_reader.cc:303] 0 row(s) processed
I0000 00:00:1770267963.644504  216880 data_spec_inference.cc:494] Finalizing [2951 row(s) found]
I0000 00:00:1770267963.644665  216880 abstract_learner.cc:155] No input feature explicitly specified. Using all the available input features.
I0000 00:00:1770267963.644668  216880 abstract_learner.cc:172] The label "class" was removed from the input feature set.
I0000 00:00:1770267963.651863  216880 vertical_dataset_io.cc:82] 100 examples scanned.
I0000 00:00:1770267963.815836  216880 vertical_dataset_io.cc:88] 2951 examples read. Memory: usage:4MB allocated:4MB. 0 (0%) examples have been skipped.
I0000 00:00:1770267963.816093  216880 abstract_learner.cc:155] No input feature explicitly specified. Using all the available input features.
I0000 00:00:1770267963.816135  216880 abstract_learner.cc:172] The label "class" was removed from the input feature set.
I0000 00:00:1770267963.816253  216880 random_forest.cc:465] Training random forest on 2951 example(s) and 1558 feature(s).
I0000 00:00:1770267963.816300  216880 gpu.cc:93] Cannot initialize GPU: Not compiled with GPU support
I0000 00:00:1770267963.816602  216880 random_forest.cc:659] num_threads being used: 48
I0000 00:00:1770267963.846618  216901 random_forest.cc:956] Train tree 1/240 accuracy:0.956762 logloss:1.55847 [index:24 total:0.03s tree:0.03s]
I0000 00:00:1770267963.852085  216903 random_forest.cc:956] Train tree 12/240 accuracy:0.972664 logloss:0.611357 [index:29 total:0.04s tree:0.03s]
I0000 00:00:1770267963.866426  216885 random_forest.cc:956] Train tree 22/240 accuracy:0.975593 logloss:0.346693 [index:6 total:0.05s tree:0.05s]
I0000 00:00:1770267963.869219  216909 random_forest.cc:956] Train tree 38/240 accuracy:0.974576 logloss:0.324181 [index:41 total:0.05s tree:0.05s]
I0000 00:00:1770267963.883696  216882 random_forest.cc:956] Train tree 48/240 accuracy:0.97594 logloss:0.244091 [index:4 total:0.07s tree:0.07s]
I0000 00:00:1770267963.898931  216885 random_forest.cc:956] Train tree 58/240 accuracy:0.976957 logloss:0.23268 [index:69 total:0.08s tree:0.03s]
I0000 00:00:1770267963.907338  216895 random_forest.cc:956] Train tree 69/240 accuracy:0.976279 logloss:0.210948 [index:60 total:0.09s tree:0.05s]
I0000 00:00:1770267963.913944  216906 random_forest.cc:956] Train tree 79/240 accuracy:0.977296 logloss:0.210834 [index:72 total:0.10s tree:0.05s]
I0000 00:00:1770267963.922962  216922 random_forest.cc:956] Train tree 89/240 accuracy:0.977974 logloss:0.199312 [index:79 total:0.11s tree:0.05s]
I0000 00:00:1770267963.930467  216907 random_forest.cc:956] Train tree 99/240 accuracy:0.977296 logloss:0.198668 [index:88 total:0.11s tree:0.05s]
I0000 00:00:1770267963.938447  216916 random_forest.cc:956] Train tree 109/240 accuracy:0.976618 logloss:0.198477 [index:112 total:0.12s tree:0.03s]
I0000 00:00:1770267963.951565  216894 random_forest.cc:956] Train tree 119/240 accuracy:0.976957 logloss:0.197807 [index:132 total:0.13s tree:0.03s]
I0000 00:00:1770267963.957171  216884 random_forest.cc:956] Train tree 129/240 accuracy:0.976957 logloss:0.197596 [index:120 total:0.14s tree:0.05s]
I0000 00:00:1770267963.967064  216888 random_forest.cc:956] Train tree 139/240 accuracy:0.977296 logloss:0.198224 [index:129 total:0.15s tree:0.05s]
I0000 00:00:1770267963.978826  216907 random_forest.cc:956] Train tree 149/240 accuracy:0.976279 logloss:0.198503 [index:146 total:0.16s tree:0.05s]
I0000 00:00:1770267963.986329  216916 random_forest.cc:956] Train tree 159/240 accuracy:0.977296 logloss:0.198393 [index:156 total:0.17s tree:0.05s]
I0000 00:00:1770267963.991910  216887 random_forest.cc:956] Train tree 169/240 accuracy:0.976957 logloss:0.198534 [index:158 total:0.18s tree:0.05s]
I0000 00:00:1770267964.001155  216912 random_forest.cc:956] Train tree 179/240 accuracy:0.976279 logloss:0.187864 [index:169 total:0.18s tree:0.05s]
I0000 00:00:1770267964.014023  216910 random_forest.cc:956] Train tree 189/240 accuracy:0.977296 logloss:0.187749 [index:175 total:0.20s tree:0.06s]
I0000 00:00:1770267964.020931  216892 random_forest.cc:956] Train tree 199/240 accuracy:0.976957 logloss:0.187862 [index:189 total:0.20s tree:0.05s]
I0000 00:00:1770267964.029894  216898 random_forest.cc:956] Train tree 209/240 accuracy:0.976957 logloss:0.187874 [index:203 total:0.21s tree:0.05s]
I0000 00:00:1770267964.038947  216897 random_forest.cc:956] Train tree 219/240 accuracy:0.977296 logloss:0.1874 [index:209 total:0.22s tree:0.05s]
I0000 00:00:1770267964.049839  216914 random_forest.cc:956] Train tree 229/240 accuracy:0.976957 logloss:0.176995 [index:225 total:0.23s tree:0.05s]
I0000 00:00:1770267964.063889  216910 random_forest.cc:956] Train tree 239/240 accuracy:0.977296 logloss:0.177074 [index:236 total:0.25s tree:0.05s]
I0000 00:00:1770267964.067778  216893 random_forest.cc:956] Train tree 240/240 accuracy:0.977296 logloss:0.17712 [index:237 total:0.25s tree:0.05s]
I0000 00:00:1770267964.068016  216880 random_forest.cc:990] random_forest.cc Training block took: 0.252065 s
I0000 00:00:1770267964.068040  216880 random_forest.cc:1062] After Random Forest Training block. RETURNING EARLY TO SPEED UP XPS!!
-1 (automatic) threads requested. 48 threads set.
Configuring oblique splits
Using histogram splitting: Random with 256 bins
./bazel-bin/examples/train_oblique_forest --input_mode trunk --rows 10000 --numerical_split_type "Random" --num_trees=240 --num_threads=-1 --compute_oob_performances=true --histogram_num_bins 256
WARNING: All log messages before absl::InitializeLog() is called are written to STDERR
I0000 00:00:1770267964.422158  216932 abstract_learner.cc:155] No input feature explicitly specified. Using all the available input features.
I0000 00:00:1770267964.422180  216932 abstract_learner.cc:172] The label "y" was removed from the input feature set.
I0000 00:00:1770267964.423019  216932 random_forest.cc:465] Training random forest on 10000 example(s) and 4096 feature(s).
I0000 00:00:1770267964.423183  216932 gpu.cc:93] Cannot initialize GPU: Not compiled with GPU support
I0000 00:00:1770267964.424332  216932 random_forest.cc:659] num_threads being used: 48
I0000 00:00:1770267966.127820  216941 random_forest.cc:956] Train tree 1/240 accuracy:0.748428 logloss:9.06758 [index:9 total:1.70s tree:1.70s]
I0000 00:00:1770267966.710201  216976 random_forest.cc:956] Train tree 11/240 accuracy:0.729659 logloss:2.08538 [index:39 total:2.29s tree:2.28s]
I0000 00:00:1770267966.855983  216947 random_forest.cc:956] Train tree 21/240 accuracy:0.7665 logloss:0.661815 [index:16 total:2.43s tree:2.43s]
I0000 00:00:1770267966.908649  216963 random_forest.cc:956] Train tree 31/240 accuracy:0.7804 logloss:0.52715 [index:25 total:2.48s tree:2.48s]
I0000 00:00:1770267966.960593  216938 random_forest.cc:956] Train tree 41/240 accuracy:0.7994 logloss:0.512808 [index:47 total:2.54s tree:2.53s]
I0000 00:00:1770267968.899594  216977 random_forest.cc:956] Train tree 51/240 accuracy:0.812 logloss:0.515207 [index:53 total:4.48s tree:2.29s]
I0000 00:00:1770267969.083889  216964 random_forest.cc:956] Train tree 61/240 accuracy:0.8322 logloss:0.508796 [index:63 total:4.66s tree:2.25s]
I0000 00:00:1770267969.193563  216970 random_forest.cc:956] Train tree 71/240 accuracy:0.8488 logloss:0.503688 [index:62 total:4.77s tree:2.37s]
I0000 00:00:1770267969.314541  216948 random_forest.cc:956] Train tree 81/240 accuracy:0.8634 logloss:0.501731 [index:82 total:4.89s tree:2.39s]
I0000 00:00:1770267969.444972  216938 random_forest.cc:956] Train tree 91/240 accuracy:0.8706 logloss:0.502706 [index:88 total:5.02s tree:2.48s]
I0000 00:00:1770267971.226361  216977 random_forest.cc:956] Train tree 101/240 accuracy:0.8817 logloss:0.502372 [index:98 total:6.80s tree:2.33s]
I0000 00:00:1770267971.537599  216947 random_forest.cc:956] Train tree 111/240 accuracy:0.8902 logloss:0.501752 [index:122 total:7.11s tree:2.29s]
I0000 00:00:1770267971.671154  216966 random_forest.cc:956] Train tree 121/240 accuracy:0.894 logloss:0.502024 [index:124 total:7.25s tree:2.40s]
I0000 00:00:1770267971.772814  216958 random_forest.cc:956] Train tree 131/240 accuracy:0.8975 logloss:0.502978 [index:139 total:7.35s tree:2.32s]
I0000 00:00:1770267971.957216  216953 random_forest.cc:956] Train tree 141/240 accuracy:0.9013 logloss:0.504625 [index:141 total:7.53s tree:2.48s]
I0000 00:00:1770267973.754051  216957 random_forest.cc:956] Train tree 151/240 accuracy:0.9058 logloss:0.504222 [index:156 total:9.33s tree:2.23s]
I0000 00:00:1770267973.964847  216937 random_forest.cc:956] Train tree 161/240 accuracy:0.912 logloss:0.503737 [index:161 total:9.54s tree:2.38s]
I0000 00:00:1770267974.048260  216936 random_forest.cc:956] Train tree 171/240 accuracy:0.9145 logloss:0.503674 [index:165 total:9.62s tree:2.41s]
I0000 00:00:1770267974.205757  216969 random_forest.cc:956] Train tree 181/240 accuracy:0.9169 logloss:0.503972 [index:167 total:9.78s tree:2.54s]
I0000 00:00:1770267974.518421  216979 random_forest.cc:956] Train tree 191/240 accuracy:0.9228 logloss:0.504251 [index:191 total:10.09s tree:2.44s]
I0000 00:00:1770267976.194872  216951 random_forest.cc:956] Train tree 201/240 accuracy:0.9257 logloss:0.503689 [index:197 total:11.77s tree:2.52s]
I0000 00:00:1770267976.404175  216947 random_forest.cc:956] Train tree 211/240 accuracy:0.9284 logloss:0.503146 [index:202 total:11.98s tree:2.51s]
I0000 00:00:1770267976.465700  216973 random_forest.cc:956] Train tree 221/240 accuracy:0.9305 logloss:0.503379 [index:221 total:12.04s tree:2.36s]
I0000 00:00:1770267976.631271  216955 random_forest.cc:956] Train tree 231/240 accuracy:0.9299 logloss:0.504292 [index:231 total:12.21s tree:2.41s]
I0000 00:00:1770267976.956183  216950 random_forest.cc:956] Train tree 240/240 accuracy:0.9306 logloss:0.504793 [index:239 total:12.53s tree:2.38s]
I0000 00:00:1770267976.956605  216932 random_forest.cc:990] random_forest.cc Training block took: 12.5348 s
I0000 00:00:1770267976.956657  216932 random_forest.cc:1062] After Random Forest Training block. RETURNING EARLY TO SPEED UP XPS!!

Generating trunk synthetic dataset: rows=10000, cols=4096
-1 (automatic) threads requested. 48 threads set.
Configuring oblique splits
Using histogram splitting: Random with 256 bins
./bazel-bin/examples/train_oblique_forest --input_mode trunk --rows 100000 --numerical_split_type "Random" --num_trees=240 --num_threads=-1 --compute_oob_performances=true --histogram_num_bins 256
WARNING: All log messages before absl::InitializeLog() is called are written to STDERR
I0000 00:00:1770267980.430943  217032 abstract_learner.cc:155] No input feature explicitly specified. Using all the available input features.
I0000 00:00:1770267980.430976  217032 abstract_learner.cc:172] The label "y" was removed from the input feature set.
I0000 00:00:1770267980.431560  217032 random_forest.cc:465] Training random forest on 100000 example(s) and 4096 feature(s).
I0000 00:00:1770267980.431767  217032 gpu.cc:93] Cannot initialize GPU: Not compiled with GPU support
I0000 00:00:1770267980.435894  217032 random_forest.cc:659] num_threads being used: 48
I0000 00:00:1770268000.875593  217077 random_forest.cc:956] Train tree 1/240 accuracy:0.685795 logloss:11.3251 [index:37 total:20.44s tree:20.44s]
I0000 00:00:1770268003.043377  217058 random_forest.cc:956] Train tree 11/240 accuracy:0.742078 logloss:1.9334 [index:10 total:22.61s tree:22.60s]
I0000 00:00:1770268004.135182  217054 random_forest.cc:956] Train tree 21/240 accuracy:0.793376 logloss:0.604309 [index:22 total:23.70s tree:23.70s]
I0000 00:00:1770268005.210919  217061 random_forest.cc:956] Train tree 31/240 accuracy:0.82544 logloss:0.481763 [index:12 total:24.78s tree:24.77s]
I0000 00:00:1770268006.325966  217086 random_forest.cc:956] Train tree 41/240 accuracy:0.84627 logloss:0.468638 [index:26 total:25.89s tree:25.89s]
I0000 00:00:1770268020.403344  217068 random_forest.cc:956] Train tree 49/240 accuracy:0.8618 logloss:0.464118 [index:69 total:39.97s tree:16.16s]
I0000 00:00:1770268025.641322  217054 random_forest.cc:956] Train tree 59/240 accuracy:0.88288 logloss:0.453351 [index:68 total:45.21s tree:21.51s]
I0000 00:00:1770268026.910297  217071 random_forest.cc:956] Train tree 69/240 accuracy:0.89433 logloss:0.451953 [index:73 total:46.47s tree:22.24s]
I0000 00:00:1770268028.038610  217081 random_forest.cc:956] Train tree 79/240 accuracy:0.90275 logloss:0.451993 [index:91 total:47.60s tree:21.37s]
I0000 00:00:1770268029.528951  217094 random_forest.cc:956] Train tree 89/240 accuracy:0.91063 logloss:0.45195 [index:80 total:49.09s tree:24.10s]
I0000 00:00:1770268043.077179  217068 random_forest.cc:956] Train tree 97/240 accuracy:0.91612 logloss:0.453446 [index:96 total:1m2.64s tree:22.67s]
I0000 00:00:1770268048.973396  217075 random_forest.cc:956] Train tree 107/240 accuracy:0.92172 logloss:0.45263 [index:105 total:1m8.54s tree:23.44s]
I0000 00:00:1770268050.157749  217069 random_forest.cc:956] Train tree 117/240 accuracy:0.9273 logloss:0.452132 [index:124 total:1m9.72s tree:22.35s]
I0000 00:00:1770268051.347142  217081 random_forest.cc:956] Train tree 127/240 accuracy:0.93104 logloss:0.451508 [index:126 total:1m10.91s tree:23.31s]
I0000 00:00:1770268052.460634  217072 random_forest.cc:956] Train tree 137/240 accuracy:0.93443 logloss:0.451429 [index:142 total:1m12.02s tree:21.66s]
I0000 00:00:1770268064.712396  217068 random_forest.cc:956] Train tree 145/240 accuracy:0.93696 logloss:0.451797 [index:144 total:1m24.28s tree:21.64s]
I0000 00:00:1770268072.403165  217060 random_forest.cc:956] Train tree 155/240 accuracy:0.93977 logloss:0.45165 [index:152 total:1m31.97s tree:23.75s]
I0000 00:00:1770268073.518988  217071 random_forest.cc:956] Train tree 165/240 accuracy:0.94262 logloss:0.451794 [index:167 total:1m33.08s tree:22.94s]
I0000 00:00:1770268075.173133  217066 random_forest.cc:956] Train tree 175/240 accuracy:0.94432 logloss:0.452665 [index:173 total:1m34.74s tree:23.94s]
I0000 00:00:1770268076.292751  217067 random_forest.cc:956] Train tree 185/240 accuracy:0.94654 logloss:0.452982 [index:183 total:1m35.86s tree:23.94s]
I0000 00:00:1770268088.608388  217068 random_forest.cc:956] Train tree 193/240 accuracy:0.94798 logloss:0.453735 [index:192 total:1m48.17s tree:23.90s]
I0000 00:00:1770268095.558632  217082 random_forest.cc:956] Train tree 203/240 accuracy:0.94995 logloss:0.453345 [index:208 total:1m55.12s tree:22.49s]
I0000 00:00:1770268096.862873  217095 random_forest.cc:956] Train tree 213/240 accuracy:0.95169 logloss:0.453884 [index:205 total:1m56.43s tree:24.13s]
I0000 00:00:1770268098.180797  217058 random_forest.cc:956] Train tree 223/240 accuracy:0.95294 logloss:0.454363 [index:213 total:1m57.74s tree:24.55s]
I0000 00:00:1770268099.507014  217061 random_forest.cc:956] Train tree 233/240 accuracy:0.95435 logloss:0.454941 [index:229 total:1m59.07s tree:23.55s]
I0000 00:00:1770268100.648187  217062 random_forest.cc:956] Train tree 240/240 accuracy:0.955 logloss:0.455543 [index:239 total:2m0.21s tree:22.21s]
I0000 00:00:1770268100.648824  217032 random_forest.cc:990] random_forest.cc Training block took: 120.218 s
I0000 00:00:1770268100.648878  217032 random_forest.cc:1062] After Random Forest Training block. RETURNING EARLY TO SPEED UP XPS!!

Generating trunk synthetic dataset: rows=100000, cols=4096
-1 (automatic) threads requested. 48 threads set.
Configuring oblique splits
Using histogram splitting: Random with 256 bins
./bazel-bin/examples/train_oblique_forest --input_mode trunk --rows 1000000 --numerical_split_type "Random" --num_trees=240 --num_threads=-1 --compute_oob_performances=true --histogram_num_bins 256
WARNING: All log messages before absl::InitializeLog() is called are written to STDERR
I0000 00:00:1770268135.076570  217556 abstract_learner.cc:155] No input feature explicitly specified. Using all the available input features.
I0000 00:00:1770268135.076604  217556 abstract_learner.cc:172] The label "y" was removed from the input feature set.
I0000 00:00:1770268135.077190  217556 random_forest.cc:465] Training random forest on 1000000 example(s) and 4096 feature(s).
I0000 00:00:1770268135.077396  217556 gpu.cc:93] Cannot initialize GPU: Not compiled with GPU support
I0000 00:00:1770268135.109340  217556 random_forest.cc:659] num_threads being used: 48
I0000 00:00:1770268328.570980  217703 random_forest.cc:956] Train tree 1/240 accuracy:0.725358 logloss:9.89909 [index:20 total:3m13.46s tree:3m13.46s]
I0000 00:00:1770268345.154253  217711 random_forest.cc:956] Train tree 4/240 accuracy:0.725734 logloss:6.20209 [index:32 total:3m30.04s tree:3m30.04s]
I0000 00:00:1770268355.290034  217691 random_forest.cc:956] Train tree 9/240 accuracy:0.760618 logloss:2.46432 [index:10 total:3m40.18s tree:3m40.18s]
I0000 00:00:1770268366.200370  217713 random_forest.cc:956] Train tree 15/240 accuracy:0.799563 logloss:0.914304 [index:30 total:3m51.09s tree:3m51.09s]
I0000 00:00:1770268376.832754  217721 random_forest.cc:956] Train tree 21/240 accuracy:0.826235 logloss:0.54202 [index:37 total:4m1.72s tree:4m1.72s]
I0000 00:00:1770268387.716224  217706 random_forest.cc:956] Train tree 27/240 accuracy:0.845872 logloss:0.454852 [index:24 total:4m12.61s tree:4m12.60s]
I0000 00:00:1770268398.815390  217724 random_forest.cc:956] Train tree 33/240 accuracy:0.861344 logloss:0.434164 [index:38 total:4m23.71s tree:4m23.70s]
I0000 00:00:1770268410.250916  217728 random_forest.cc:956] Train tree 39/240 accuracy:0.872871 logloss:0.42984 [index:1 total:4m35.14s tree:4m35.14s]
I0000 00:00:1770268421.979095  217732 random_forest.cc:956] Train tree 45/240 accuracy:0.882747 logloss:0.429823 [index:42 total:4m46.87s tree:4m46.86s]
I0000 00:00:1770268538.837630  217703 random_forest.cc:956] Train tree 49/240 accuracy:0.888556 logloss:0.429831 [index:48 total:6m43.73s tree:3m30.27s]
I0000 00:00:1770268553.960450  217725 random_forest.cc:956] Train tree 51/240 accuracy:0.892503 logloss:0.428084 [index:50 total:6m58.85s tree:3m39.57s]
I0000 00:00:1770268568.496046  217698 random_forest.cc:956] Train tree 54/240 accuracy:0.896737 logloss:0.426744 [index:53 total:7m13.39s tree:3m38.83s]
I0000 00:00:1770268578.682207  217688 random_forest.cc:956] Train tree 59/240 accuracy:0.903181 logloss:0.425453 [index:55 total:7m23.57s tree:3m45.27s]
I0000 00:00:1770268589.460059  217697 random_forest.cc:956] Train tree 64/240 accuracy:0.908416 logloss:0.4252 [index:59 total:7m34.35s tree:3m48.60s]
I0000 00:00:1770268600.912527  217710 random_forest.cc:956] Train tree 70/240 accuracy:0.914399 logloss:0.423975 [index:67 total:7m45.80s tree:3m45.90s]
I0000 00:00:1770268612.399148  217706 random_forest.cc:956] Train tree 76/240 accuracy:0.919563 logloss:0.422747 [index:74 total:7m57.29s tree:3m44.68s]
I0000 00:00:1770268627.858859  217728 random_forest.cc:956] Train tree 82/240 accuracy:0.924149 logloss:0.421972 [index:86 total:8m12.75s tree:3m37.61s]
I0000 00:00:1770268638.686881  217720 random_forest.cc:956] Train tree 86/240 accuracy:0.926755 logloss:0.422069 [index:89 total:8m23.58s tree:3m42.60s]
I0000 00:00:1770268650.374215  217732 random_forest.cc:956] Train tree 92/240 accuracy:0.930398 logloss:0.421834 [index:92 total:8m35.26s tree:3m48.39s]
I0000 00:00:1770268766.927519  217711 random_forest.cc:956] Train tree 97/240 accuracy:0.932843 logloss:0.422131 [index:97 total:10m31.82s tree:3m41.32s]
I0000 00:00:1770268779.370552  217698 random_forest.cc:956] Train tree 100/240 accuracy:0.93482 logloss:0.421172 [index:101 total:10m44.26s tree:3m30.87s]
I0000 00:00:1770268790.528066  217725 random_forest.cc:956] Train tree 102/240 accuracy:0.935774 logloss:0.421321 [index:98 total:10m55.42s tree:3m56.57s]
I0000 00:00:1770268802.204527  217689 random_forest.cc:956] Train tree 105/240 accuracy:0.937131 logloss:0.421093 [index:108 total:11m7.10s tree:3m39.72s]
I0000 00:00:1770268813.745792  217702 random_forest.cc:956] Train tree 111/240 accuracy:0.939975 logloss:0.420079 [index:115 total:11m18.64s tree:3m36.64s]
I0000 00:00:1770268827.672287  217713 random_forest.cc:956] Train tree 117/240 accuracy:0.942042 logloss:0.420442 [index:113 total:11m32.56s tree:3m54.34s]
I0000 00:00:1770268839.372905  217706 random_forest.cc:956] Train tree 123/240 accuracy:0.944042 logloss:0.420551 [index:123 total:11m44.26s tree:3m46.97s]
I0000 00:00:1770268851.046913  217694 random_forest.cc:956] Train tree 129/240 accuracy:0.945874 logloss:0.420178 [index:124 total:11m55.94s tree:3m56.74s]
I0000 00:00:1770268861.574699  217726 random_forest.cc:956] Train tree 132/240 accuracy:0.946676 logloss:0.420356 [index:130 total:12m6.47s tree:3m51.79s]
I0000 00:00:1770268871.684281  217693 random_forest.cc:956] Train tree 137/240 accuracy:0.948052 logloss:0.420381 [index:138 total:12m16.57s tree:3m43.27s]
I0000 00:00:1770268882.200915  217718 random_forest.cc:956] Train tree 142/240 accuracy:0.949357 logloss:0.420358 [index:143 total:12m27.09s tree:3m43.87s]
I0000 00:00:1770268983.151921  217698 random_forest.cc:956] Train tree 145/240 accuracy:0.950068 logloss:0.420296 [index:147 total:14m8.04s tree:3m23.78s]
I0000 00:00:1770268994.302674  217703 random_forest.cc:956] Train tree 147/240 accuracy:0.950613 logloss:0.420072 [index:145 total:14m19.19s tree:3m45.41s]
I0000 00:00:1770269006.479779  217701 random_forest.cc:956] Train tree 149/240 accuracy:0.951261 logloss:0.419472 [index:148 total:14m31.37s tree:3m38.01s]
I0000 00:00:1770269018.181729  217722 random_forest.cc:956] Train tree 151/240 accuracy:0.951846 logloss:0.418533 [index:166 total:14m43.07s tree:3m6.65s]
I0000 00:00:1770269028.312572  217707 random_forest.cc:956] Train tree 155/240 accuracy:0.952687 logloss:0.418766 [index:151 total:14m53.20s tree:3m53.89s]
I0000 00:00:1770269040.322916  217697 random_forest.cc:956] Train tree 160/240 accuracy:0.95363 logloss:0.41868 [index:159 total:15m5.21s tree:3m44.60s]
I0000 00:00:1770269051.503203  217705 random_forest.cc:956] Train tree 164/240 accuracy:0.95446 logloss:0.418182 [index:161 total:15m16.39s tree:3m51.85s]
I0000 00:00:1770269062.002175  217690 random_forest.cc:956] Train tree 168/240 accuracy:0.955034 logloss:0.418808 [index:162 total:15m26.89s tree:4m0.37s]
I0000 00:00:1770269073.745999  217735 random_forest.cc:956] Train tree 174/240 accuracy:0.955902 logloss:0.418986 [index:172 total:15m38.64s tree:3m50.44s]
I0000 00:00:1770269083.911608  217692 random_forest.cc:956] Train tree 179/240 accuracy:0.956806 logloss:0.418749 [index:173 total:15m48.80s tree:3m58.73s]
I0000 00:00:1770269095.324333  217704 random_forest.cc:956] Train tree 182/240 accuracy:0.957088 logloss:0.418979 [index:180 total:16m0.21s tree:3m51.77s]
I0000 00:00:1770269107.140428  217693 random_forest.cc:956] Train tree 188/240 accuracy:0.958042 logloss:0.419032 [index:184 total:16m12.03s tree:3m55.46s]
I0000 00:00:1770269199.178970  217711 random_forest.cc:956] Train tree 193/240 accuracy:0.958656 logloss:0.418914 [index:193 total:17m44.07s tree:3m34.03s]
I0000 00:00:1770269210.929052  217698 random_forest.cc:956] Train tree 195/240 accuracy:0.958979 logloss:0.418047 [index:192 total:17m55.82s tree:3m47.78s]
I0000 00:00:1770269225.527558  217725 random_forest.cc:956] Train tree 197/240 accuracy:0.959186 logloss:0.418086 [index:195 total:18m10.42s tree:3m49.35s]
I0000 00:00:1770269238.449436  217701 random_forest.cc:956] Train tree 198/240 accuracy:0.959296 logloss:0.418182 [index:196 total:18m23.34s tree:3m51.97s]
I0000 00:00:1770269249.769170  217716 random_forest.cc:956] Train tree 202/240 accuracy:0.959751 logloss:0.418088 [index:200 total:18m34.66s tree:3m47.64s]
I0000 00:00:1770269260.339853  217697 random_forest.cc:956] Train tree 206/240 accuracy:0.960116 logloss:0.418144 [index:207 total:18m45.23s tree:3m40.02s]
I0000 00:00:1770269271.455445  217718 random_forest.cc:956] Train tree 210/240 accuracy:0.960575 logloss:0.418109 [index:223 total:18m56.35s tree:3m13.99s]
I0000 00:00:1770269283.337480  217690 random_forest.cc:956] Train tree 216/240 accuracy:0.961198 logloss:0.418144 [index:215 total:19m8.23s tree:3m41.34s]
I0000 00:00:1770269293.644178  217717 random_forest.cc:956] Train tree 220/240 accuracy:0.961556 logloss:0.418543 [index:218 total:19m18.53s tree:3m45.80s]
I0000 00:00:1770269304.419243  217694 random_forest.cc:956] Train tree 225/240 accuracy:0.962116 logloss:0.418852 [index:224 total:19m29.31s tree:3m44.48s]
I0000 00:00:1770269314.570686  217728 random_forest.cc:956] Train tree 231/240 accuracy:0.962771 logloss:0.41883 [index:228 total:19m39.46s tree:3m44.22s]
I0000 00:00:1770269325.849263  217715 random_forest.cc:956] Train tree 236/240 accuracy:0.96327 logloss:0.419007 [index:238 total:19m50.74s tree:3m32.85s]
I0000 00:00:1770269336.346687  217712 random_forest.cc:956] Train tree 240/240 accuracy:0.963656 logloss:0.419211 [index:239 total:20m1.24s tree:3m41.17s]
I0000 00:00:1770269336.347204  217556 random_forest.cc:990] random_forest.cc Training block took: 1201.27 s
I0000 00:00:1770269336.347263  217556 random_forest.cc:1062] After Random Forest Training block. RETURNING EARLY TO SPEED UP XPS!!

Generating trunk synthetic dataset: rows=1000000, cols=4096
-1 (automatic) threads requested. 48 threads set.
Configuring oblique splits
Using histogram splitting: Random with 256 bins


======== Running Dynamic Random Histogram [VECTORIZE: AVX512] with 256 bins ========

./bazel-bin/examples/train_oblique_forest --input_mode csv --train_csv "benchmarks/data/HIGGS_with_header.csv" --label_col "class" --numerical_split_type "Dynamic Random Histogram" --num_trees=240 --num_threads=-1 --compute_oob_performances=true --histogram_num_bins 256


Inferring DataSpec from CSV: benchmarks/data/HIGGS_with_header.csv


WARNING: All log messages before absl::InitializeLog() is called are written to STDERR
I0000 00:00:1770269337.274654  222314 csv_example_reader.cc:212] 0 row(s) processed
I0000 00:00:1770269337.282883  222314 csv_example_reader.cc:216] Stop scanning the csv file to infer the type. Some records were not considered.
I0000 00:00:1770269337.282900  222314 data_spec_inference.cc:457] 29 column(s) found
I0000 00:00:1770269337.282913  222314 csv_example_reader.cc:303] 0 row(s) processed
I0000 00:00:1770269367.283035  222314 csv_example_reader.cc:303] 8278165 row(s) processed
I0000 00:00:1770269377.109555  222314 data_spec_inference.cc:494] Finalizing [11000000 row(s) found]
I0000 00:00:1770269377.109670  222314 abstract_learner.cc:155] No input feature explicitly specified. Using all the available input features.
I0000 00:00:1770269377.109673  222314 abstract_learner.cc:172] The label "class" was removed from the input feature set.
I0000 00:00:1770269377.110211  222314 vertical_dataset_io.cc:82] 100 examples scanned.
I0000 00:00:1770269407.110533  222314 vertical_dataset_io.cc:82] 7719900 examples scanned.
I0000 00:00:1770269420.587895  222314 vertical_dataset_io.cc:88] 11000000 examples read. Memory: usage:1276MB allocated:1276MB. 0 (0%) examples have been skipped.
I0000 00:00:1770269420.587971  222314 abstract_learner.cc:155] No input feature explicitly specified. Using all the available input features.
I0000 00:00:1770269420.587976  222314 abstract_learner.cc:172] The label "class" was removed from the input feature set.
I0000 00:00:1770269420.587995  222314 random_forest.cc:465] Training random forest on 11000000 example(s) and 28 feature(s).
I0000 00:00:1770269420.588007  222314 gpu.cc:93] Cannot initialize GPU: Not compiled with GPU support
I0000 00:00:1770269420.932301  222314 random_forest.cc:659] num_threads being used: 48
I0000 00:00:1770269507.609656  222688 random_forest.cc:956] Train tree 1/240 accuracy:0.643805 logloss:12.8038 [index:1 total:1m26.68s tree:1m26.68s]
I0000 00:00:1770269532.943467  222646 random_forest.cc:956] Train tree 2/240 accuracy:0.643557 logloss:11.3557 [index:10 total:1m52.01s tree:1m52.01s]
I0000 00:00:1770269560.444832  222664 random_forest.cc:956] Train tree 3/240 accuracy:0.646796 logloss:9.9652 [index:28 total:2m19.51s tree:2m19.51s]
I0000 00:00:1770269588.092282  222671 random_forest.cc:956] Train tree 4/240 accuracy:0.652326 logloss:8.63933 [index:36 total:2m47.16s tree:2m47.16s]
I0000 00:00:1770269616.004262  222661 random_forest.cc:956] Train tree 5/240 accuracy:0.657252 logloss:7.47636 [index:29 total:3m15.07s tree:3m15.07s]
I0000 00:00:1770269643.351964  222673 random_forest.cc:956] Train tree 6/240 accuracy:0.662895 logloss:6.43493 [index:41 total:3m42.42s tree:3m42.42s]
I0000 00:00:1770269670.950359  222658 random_forest.cc:956] Train tree 7/240 accuracy:0.66881 logloss:5.52984 [index:27 total:4m10.02s tree:4m10.02s]
I0000 00:00:1770269698.742978  222670 random_forest.cc:956] Train tree 8/240 accuracy:0.673803 logloss:4.76164 [index:37 total:4m37.81s tree:4m37.81s]
I0000 00:00:1770269726.854507  222656 random_forest.cc:956] Train tree 9/240 accuracy:0.678655 logloss:4.10492 [index:24 total:5m5.92s tree:5m5.92s]
I0000 00:00:1770269754.388403  222680 random_forest.cc:956] Train tree 10/240 accuracy:0.682687 logloss:3.54865 [index:4 total:5m33.46s tree:5m33.46s]
I0000 00:00:1770269782.415872  222683 random_forest.cc:956] Train tree 11/240 accuracy:0.686894 logloss:3.08315 [index:13 total:6m1.48s tree:6m1.48s]
I0000 00:00:1770269810.313115  222666 random_forest.cc:956] Train tree 12/240 accuracy:0.690574 logloss:2.69453 [index:33 total:6m29.38s tree:6m29.38s]
I0000 00:00:1770269838.320426  222669 random_forest.cc:956] Train tree 13/240 accuracy:0.694079 logloss:2.3689 [index:38 total:6m57.39s tree:6m57.39s]
I0000 00:00:1770269865.699160  222672 random_forest.cc:956] Train tree 14/240 accuracy:0.697185 logloss:2.09575 [index:40 total:7m24.77s tree:7m24.76s]
I0000 00:00:1770269893.716990  222663 random_forest.cc:956] Train tree 15/240 accuracy:0.70015 logloss:1.86744 [index:30 total:7m52.78s tree:7m52.78s]
I0000 00:00:1770269921.177732  222678 random_forest.cc:956] Train tree 16/240 accuracy:0.702918 logloss:1.67926 [index:43 total:8m20.25s tree:8m20.24s]
I0000 00:00:1770269949.012029  222674 random_forest.cc:956] Train tree 17/240 accuracy:0.705376 logloss:1.51942 [index:39 total:8m48.08s tree:8m48.08s]
I0000 00:00:1770269976.482096  222651 random_forest.cc:956] Train tree 18/240 accuracy:0.707565 logloss:1.3863 [index:31 total:9m15.55s tree:9m15.55s]
I0000 00:00:1770270004.326123  222689 random_forest.cc:956] Train tree 19/240 accuracy:0.709532 logloss:1.27269 [index:0 total:9m43.39s tree:9m43.39s]
I0000 00:00:1770270032.274991  222685 random_forest.cc:956] Train tree 20/240 accuracy:0.711589 logloss:1.17756 [index:47 total:10m11.34s tree:10m11.34s]
I0000 00:00:1770270060.255828  222677 random_forest.cc:956] Train tree 21/240 accuracy:0.713529 logloss:1.09634 [index:45 total:10m39.32s tree:10m39.32s]
I0000 00:00:1770270088.557515  222687 random_forest.cc:956] Train tree 22/240 accuracy:0.71513 logloss:1.02601 [index:15 total:11m7.63s tree:11m7.62s]
I0000 00:00:1770270115.969596  222668 random_forest.cc:956] Train tree 23/240 accuracy:0.716799 logloss:0.96729 [index:34 total:11m35.04s tree:11m35.03s]
I0000 00:00:1770270144.150660  222652 random_forest.cc:956] Train tree 24/240 accuracy:0.71829 logloss:0.917769 [index:21 total:12m3.22s tree:12m3.22s]
I0000 00:00:1770270171.747918  222681 random_forest.cc:956] Train tree 25/240 accuracy:0.719646 logloss:0.874457 [index:3 total:12m30.82s tree:12m30.81s]
I0000 00:00:1770270198.968824  222654 random_forest.cc:956] Train tree 26/240 accuracy:0.720943 logloss:0.83706 [index:19 total:12m58.04s tree:12m58.03s]
I0000 00:00:1770270226.726269  222675 random_forest.cc:956] Train tree 27/240 accuracy:0.722202 logloss:0.8039 [index:42 total:13m25.79s tree:13m25.79s]
I0000 00:00:1770270254.338589  222686 random_forest.cc:956] Train tree 28/240 accuracy:0.723418 logloss:0.775126 [index:14 total:13m53.41s tree:13m53.41s]
I0000 00:00:1770270281.934465  222650 random_forest.cc:956] Train tree 29/240 accuracy:0.724466 logloss:0.750489 [index:16 total:14m21.00s tree:14m21.00s]
I0000 00:00:1770270310.315442  222653 random_forest.cc:956] Train tree 30/240 accuracy:0.725529 logloss:0.728915 [index:20 total:14m49.38s tree:14m49.38s]
I0000 00:00:1770270338.453464  222655 random_forest.cc:956] Train tree 31/240 accuracy:0.72655 logloss:0.709242 [index:11 total:15m17.52s tree:15m17.52s]
I0000 00:00:1770270366.312180  222662 random_forest.cc:956] Train tree 32/240 accuracy:0.727522 logloss:0.692017 [index:22 total:15m45.38s tree:15m45.38s]
I0000 00:00:1770270394.415607  222649 random_forest.cc:956] Train tree 33/240 accuracy:0.728405 logloss:0.676323 [index:18 total:16m13.48s tree:16m13.48s]
I0000 00:00:1770270422.683756  222682 random_forest.cc:956] Train tree 34/240 accuracy:0.729257 logloss:0.66277 [index:2 total:16m41.75s tree:16m41.75s]
I0000 00:00:1770270450.090239  222643 random_forest.cc:956] Train tree 35/240 accuracy:0.730021 logloss:0.65046 [index:8 total:17m9.16s tree:17m9.16s]
I0000 00:00:1770270477.624917  222660 random_forest.cc:956] Train tree 36/240 accuracy:0.730771 logloss:0.639236 [index:26 total:17m36.69s tree:17m36.69s]
I0000 00:00:1770270505.590675  222684 random_forest.cc:956] Train tree 37/240 accuracy:0.731478 logloss:0.629308 [index:12 total:18m4.66s tree:18m4.66s]
I0000 00:00:1770270533.289541  222644 random_forest.cc:956] Train tree 38/240 accuracy:0.732149 logloss:0.620543 [index:7 total:18m32.36s tree:18m32.36s]
I0000 00:00:1770270561.190211  222676 random_forest.cc:956] Train tree 39/240 accuracy:0.732778 logloss:0.612222 [index:46 total:19m0.26s tree:19m0.25s]
I0000 00:00:1770270589.261283  222645 random_forest.cc:956] Train tree 40/240 accuracy:0.733405 logloss:0.604878 [index:9 total:19m28.33s tree:19m28.33s]
I0000 00:00:1770270617.051526  222659 random_forest.cc:956] Train tree 41/240 accuracy:0.733991 logloss:0.59836 [index:25 total:19m56.12s tree:19m56.12s]
I0000 00:00:1770270645.235447  222665 random_forest.cc:956] Train tree 42/240 accuracy:0.734565 logloss:0.592318 [index:35 total:20m24.30s tree:20m24.30s]
I0000 00:00:1770270673.056919  222657 random_forest.cc:956] Train tree 43/240 accuracy:0.735119 logloss:0.58651 [index:23 total:20m52.12s tree:20m52.12s]
I0000 00:00:1770270700.404971  222648 random_forest.cc:956] Train tree 44/240 accuracy:0.735665 logloss:0.58149 [index:17 total:21m19.47s tree:21m19.47s]
I0000 00:00:1770270728.190784  222642 random_forest.cc:956] Train tree 45/240 accuracy:0.736148 logloss:0.576563 [index:6 total:21m47.26s tree:21m47.26s]
I0000 00:00:1770270756.436529  222679 random_forest.cc:956] Train tree 46/240 accuracy:0.73674 logloss:0.572372 [index:44 total:22m15.50s tree:22m15.50s]
I0000 00:00:1770270784.020561  222667 random_forest.cc:956] Train tree 47/240 accuracy:0.737246 logloss:0.568446 [index:32 total:22m43.09s tree:22m43.09s]
I0000 00:00:1770270812.151314  222647 random_forest.cc:956] Train tree 48/240 accuracy:0.737619 logloss:0.564654 [index:5 total:23m11.22s tree:23m11.22s]
I0000 00:00:1770270839.482319  222688 random_forest.cc:956] Train tree 49/240 accuracy:0.738054 logloss:0.561272 [index:48 total:23m38.55s tree:22m11.87s]
I0000 00:00:1770270867.686344  222646 random_forest.cc:956] Train tree 50/240 accuracy:0.738471 logloss:0.558209 [index:49 total:24m6.75s tree:22m14.74s]
I0000 00:00:1770270895.133308  222664 random_forest.cc:956] Train tree 51/240 accuracy:0.738937 logloss:0.555557 [index:50 total:24m34.20s tree:22m14.69s]
I0000 00:00:1770270922.492220  222671 random_forest.cc:956] Train tree 52/240 accuracy:0.739272 logloss:0.552794 [index:51 total:25m1.56s tree:22m14.40s]
I0000 00:00:1770270950.206752  222661 random_forest.cc:956] Train tree 53/240 accuracy:0.739657 logloss:0.550298 [index:52 total:25m29.27s tree:22m14.20s]
I0000 00:00:1770270977.435211  222673 random_forest.cc:956] Train tree 54/240 accuracy:0.740051 logloss:0.547909 [index:53 total:25m56.50s tree:22m14.08s]
I0000 00:00:1770271005.430059  222658 random_forest.cc:956] Train tree 55/240 accuracy:0.740396 logloss:0.545832 [index:54 total:26m24.50s tree:22m14.48s]
I0000 00:00:1770271033.219888  222670 random_forest.cc:956] Train tree 56/240 accuracy:0.740792 logloss:0.543806 [index:55 total:26m52.29s tree:22m14.48s]
I0000 00:00:1770271061.282648  222656 random_forest.cc:956] Train tree 57/240 accuracy:0.741179 logloss:0.54191 [index:56 total:27m20.35s tree:22m14.43s]
I0000 00:00:1770271089.027686  222680 random_forest.cc:956] Train tree 58/240 accuracy:0.741551 logloss:0.540237 [index:57 total:27m48.10s tree:22m14.64s]
I0000 00:00:1770271117.137413  222683 random_forest.cc:956] Train tree 59/240 accuracy:0.741829 logloss:0.538577 [index:58 total:28m16.21s tree:22m14.72s]
I0000 00:00:1770271144.764322  222666 random_forest.cc:956] Train tree 60/240 accuracy:0.742056 logloss:0.537157 [index:59 total:28m43.83s tree:22m14.45s]
I0000 00:00:1770271172.640943  222669 random_forest.cc:956] Train tree 61/240 accuracy:0.742374 logloss:0.535703 [index:60 total:29m11.71s tree:22m14.32s]
I0000 00:00:1770271200.327677  222672 random_forest.cc:956] Train tree 62/240 accuracy:0.742658 logloss:0.534363 [index:61 total:29m39.40s tree:22m14.63s]
I0000 00:00:1770271227.918762  222663 random_forest.cc:956] Train tree 63/240 accuracy:0.742944 logloss:0.533028 [index:62 total:30m6.99s tree:22m14.20s]
I0000 00:00:1770271255.497105  222678 random_forest.cc:956] Train tree 64/240 accuracy:0.743186 logloss:0.531829 [index:63 total:30m34.56s tree:22m14.32s]
I0000 00:00:1770271283.216728  222674 random_forest.cc:956] Train tree 65/240 accuracy:0.743423 logloss:0.530612 [index:64 total:31m2.28s tree:22m14.20s]
I0000 00:00:1770271310.711640  222651 random_forest.cc:956] Train tree 66/240 accuracy:0.743687 logloss:0.529478 [index:65 total:31m29.78s tree:22m14.23s]
I0000 00:00:1770271338.680724  222689 random_forest.cc:956] Train tree 67/240 accuracy:0.743921 logloss:0.528483 [index:66 total:31m57.75s tree:22m14.35s]
I0000 00:00:1770271366.054684  222685 random_forest.cc:956] Train tree 68/240 accuracy:0.744187 logloss:0.527482 [index:67 total:32m25.12s tree:22m13.78s]
I0000 00:00:1770271394.525603  222677 random_forest.cc:956] Train tree 69/240 accuracy:0.744423 logloss:0.526579 [index:68 total:32m53.59s tree:22m14.27s]
I0000 00:00:1770271422.723010  222687 random_forest.cc:956] Train tree 70/240 accuracy:0.744681 logloss:0.525684 [index:69 total:33m21.79s tree:22m14.16s]
I0000 00:00:1770271450.133069  222668 random_forest.cc:956] Train tree 71/240 accuracy:0.7449 logloss:0.52483 [index:70 total:33m49.20s tree:22m14.16s]
I0000 00:00:1770271477.826570  222652 random_forest.cc:956] Train tree 72/240 accuracy:0.745064 logloss:0.524058 [index:71 total:34m16.89s tree:22m13.67s]
I0000 00:00:1770271505.472341  222681 random_forest.cc:956] Train tree 73/240 accuracy:0.745272 logloss:0.523291 [index:72 total:34m44.54s tree:22m13.72s]
I0000 00:00:1770271532.959502  222654 random_forest.cc:956] Train tree 74/240 accuracy:0.745489 logloss:0.522566 [index:73 total:35m12.03s tree:22m13.99s]
I0000 00:00:1770271560.741998  222675 random_forest.cc:956] Train tree 75/240 accuracy:0.745719 logloss:0.521899 [index:74 total:35m39.81s tree:22m14.01s]
I0000 00:00:1770271588.236264  222686 random_forest.cc:956] Train tree 76/240 accuracy:0.74588 logloss:0.521258 [index:75 total:36m7.30s tree:22m13.90s]
I0000 00:00:1770271615.972589  222650 random_forest.cc:956] Train tree 77/240 accuracy:0.74608 logloss:0.52061 [index:76 total:36m35.04s tree:22m14.04s]
I0000 00:00:1770271644.111034  222653 random_forest.cc:956] Train tree 78/240 accuracy:0.746379 logloss:0.519958 [index:77 total:37m3.18s tree:22m13.79s]
I0000 00:00:1770271672.037114  222655 random_forest.cc:956] Train tree 79/240 accuracy:0.746561 logloss:0.51942 [index:78 total:37m31.10s tree:22m13.58s]
I0000 00:00:1770271699.989971  222662 random_forest.cc:956] Train tree 80/240 accuracy:0.746752 logloss:0.518887 [index:79 total:37m59.06s tree:22m13.68s]
I0000 00:00:1770271727.959118  222649 random_forest.cc:956] Train tree 81/240 accuracy:0.746904 logloss:0.51842 [index:80 total:38m27.03s tree:22m13.54s]
I0000 00:00:1770271756.144204  222682 random_forest.cc:956] Train tree 82/240 accuracy:0.747093 logloss:0.517907 [index:81 total:38m55.21s tree:22m13.46s]
I0000 00:00:1770271783.712595  222643 random_forest.cc:956] Train tree 83/240 accuracy:0.747286 logloss:0.517457 [index:82 total:39m22.78s tree:22m13.62s]
I0000 00:00:1770271812.172148  222660 random_forest.cc:956] Train tree 84/240 accuracy:0.747459 logloss:0.51695 [index:83 total:39m51.24s tree:22m14.55s]
I0000 00:00:1770271839.987133  222684 random_forest.cc:956] Train tree 85/240 accuracy:0.74763 logloss:0.516467 [index:84 total:40m19.05s tree:22m14.39s]
I0000 00:00:1770271867.693908  222644 random_forest.cc:956] Train tree 86/240 accuracy:0.74779 logloss:0.516023 [index:85 total:40m46.76s tree:22m14.40s]
I0000 00:00:1770271895.486038  222676 random_forest.cc:956] Train tree 87/240 accuracy:0.748016 logloss:0.515618 [index:86 total:41m14.55s tree:22m14.29s]
I0000 00:00:1770271923.376377  222645 random_forest.cc:956] Train tree 88/240 accuracy:0.748136 logloss:0.5152 [index:87 total:41m42.44s tree:22m14.11s]
I0000 00:00:1770271950.953738  222659 random_forest.cc:956] Train tree 89/240 accuracy:0.74828 logloss:0.514802 [index:88 total:42m10.02s tree:22m13.90s]
I0000 00:00:1770271978.926920  222665 random_forest.cc:956] Train tree 90/240 accuracy:0.748435 logloss:0.514441 [index:89 total:42m37.99s tree:22m13.69s]
I0000 00:00:1770272006.750965  222657 random_forest.cc:956] Train tree 91/240 accuracy:0.748573 logloss:0.514087 [index:90 total:43m5.82s tree:22m13.69s]
I0000 00:00:1770272034.281295  222648 random_forest.cc:956] Train tree 92/240 accuracy:0.748693 logloss:0.513777 [index:91 total:43m33.35s tree:22m13.87s]
I0000 00:00:1770272061.695172  222642 random_forest.cc:956] Train tree 93/240 accuracy:0.748815 logloss:0.513411 [index:92 total:44m0.76s tree:22m13.50s]
I0000 00:00:1770272089.754380  222679 random_forest.cc:956] Train tree 94/240 accuracy:0.748934 logloss:0.513108 [index:93 total:44m28.82s tree:22m13.32s]
I0000 00:00:1770272117.237056  222667 random_forest.cc:956] Train tree 95/240 accuracy:0.749053 logloss:0.512804 [index:94 total:44m56.30s tree:22m13.21s]
I0000 00:00:1770272145.342814  222647 random_forest.cc:956] Train tree 96/240 accuracy:0.749236 logloss:0.51249 [index:95 total:45m24.41s tree:22m13.19s]
I0000 00:00:1770272172.784761  222688 random_forest.cc:956] Train tree 97/240 accuracy:0.749365 logloss:0.512198 [index:96 total:45m51.85s tree:22m13.30s]
I0000 00:00:1770272200.847116  222646 random_forest.cc:956] Train tree 98/240 accuracy:0.749457 logloss:0.511952 [index:97 total:46m19.91s tree:22m13.16s]
I0000 00:00:1770272228.271205  222664 random_forest.cc:956] Train tree 99/240 accuracy:0.749548 logloss:0.511689 [index:98 total:46m47.34s tree:22m13.14s]
I0000 00:00:1770272255.767008  222671 random_forest.cc:956] Train tree 100/240 accuracy:0.749716 logloss:0.511416 [index:99 total:47m14.83s tree:22m13.27s]
I0000 00:00:1770272282.823617  222661 random_forest.cc:956] Train tree 101/240 accuracy:0.749808 logloss:0.511138 [index:100 total:47m41.89s tree:22m12.62s]
I0000 00:00:1770272310.543212  222673 random_forest.cc:956] Train tree 102/240 accuracy:0.749915 logloss:0.510914 [index:101 total:48m9.61s tree:22m13.11s]
I0000 00:00:1770272338.177090  222658 random_forest.cc:956] Train tree 103/240 accuracy:0.749997 logloss:0.510701 [index:102 total:48m37.24s tree:22m12.75s]
I0000 00:00:1770272365.974016  222670 random_forest.cc:956] Train tree 104/240 accuracy:0.750082 logloss:0.510458 [index:103 total:49m5.04s tree:22m12.75s]
I0000 00:00:1770272393.979871  222656 random_forest.cc:956] Train tree 105/240 accuracy:0.750186 logloss:0.51026 [index:104 total:49m33.05s tree:22m12.70s]
I0000 00:00:1770272421.786892  222680 random_forest.cc:956] Train tree 106/240 accuracy:0.750279 logloss:0.510061 [index:105 total:50m0.85s tree:22m12.76s]
I0000 00:00:1770272449.913982  222683 random_forest.cc:956] Train tree 107/240 accuracy:0.750351 logloss:0.509866 [index:106 total:50m28.98s tree:22m12.77s]
I0000 00:00:1770272477.621103  222666 random_forest.cc:956] Train tree 108/240 accuracy:0.750444 logloss:0.509659 [index:107 total:50m56.69s tree:22m12.86s]
I0000 00:00:1770272505.587440  222669 random_forest.cc:956] Train tree 109/240 accuracy:0.750563 logloss:0.509455 [index:108 total:51m24.66s tree:22m12.94s]
I0000 00:00:1770272532.766127  222672 random_forest.cc:956] Train tree 110/240 accuracy:0.750675 logloss:0.509263 [index:109 total:51m51.83s tree:22m12.44s]
I0000 00:00:1770272560.833419  222663 random_forest.cc:956] Train tree 111/240 accuracy:0.750845 logloss:0.509069 [index:110 total:52m19.90s tree:22m12.91s]
I0000 00:00:1770272588.380412  222678 random_forest.cc:956] Train tree 112/240 accuracy:0.750917 logloss:0.50888 [index:111 total:52m47.45s tree:22m12.88s]
I0000 00:00:1770272615.892996  222674 random_forest.cc:956] Train tree 113/240 accuracy:0.750982 logloss:0.50868 [index:112 total:53m14.96s tree:22m12.67s]
I0000 00:00:1770272643.560414  222651 random_forest.cc:956] Train tree 114/240 accuracy:0.751097 logloss:0.508516 [index:113 total:53m42.63s tree:22m12.85s]
I0000 00:00:1770272671.598052  222689 random_forest.cc:956] Train tree 115/240 accuracy:0.751193 logloss:0.508347 [index:114 total:54m10.67s tree:22m12.92s]
I0000 00:00:1770272699.684097  222685 random_forest.cc:956] Train tree 116/240 accuracy:0.751247 logloss:0.508223 [index:115 total:54m38.75s tree:22m13.63s]
I0000 00:00:1770272727.681973  222677 random_forest.cc:956] Train tree 117/240 accuracy:0.751372 logloss:0.508067 [index:116 total:55m6.75s tree:22m13.15s]
I0000 00:00:1770272755.999863  222687 random_forest.cc:956] Train tree 118/240 accuracy:0.751466 logloss:0.507901 [index:117 total:55m35.07s tree:22m13.28s]
I0000 00:00:1770272783.494984  222668 random_forest.cc:956] Train tree 119/240 accuracy:0.75155 logloss:0.507739 [index:118 total:56m2.56s tree:22m13.36s]
I0000 00:00:1770272811.741518  222652 random_forest.cc:956] Train tree 120/240 accuracy:0.751691 logloss:0.507556 [index:119 total:56m30.81s tree:22m13.91s]
I0000 00:00:1770272839.476230  222681 random_forest.cc:956] Train tree 121/240 accuracy:0.751808 logloss:0.507429 [index:120 total:56m58.54s tree:22m14.00s]
I0000 00:00:1770272867.020646  222654 random_forest.cc:956] Train tree 122/240 accuracy:0.751826 logloss:0.507305 [index:121 total:57m26.09s tree:22m14.06s]
I0000 00:00:1770272894.889597  222675 random_forest.cc:956] Train tree 123/240 accuracy:0.751942 logloss:0.507156 [index:122 total:57m53.96s tree:22m14.15s]
I0000 00:00:1770272922.341354  222686 random_forest.cc:956] Train tree 124/240 accuracy:0.752062 logloss:0.506979 [index:123 total:58m21.41s tree:22m14.10s]
I0000 00:00:1770272950.095446  222650 random_forest.cc:956] Train tree 125/240 accuracy:0.752147 logloss:0.506849 [index:124 total:58m49.16s tree:22m14.12s]
I0000 00:00:1770272978.156540  222653 random_forest.cc:956] Train tree 126/240 accuracy:0.752215 logloss:0.506743 [index:125 total:59m17.22s tree:22m14.04s]
I0000 00:00:1770273006.075638  222655 random_forest.cc:956] Train tree 127/240 accuracy:0.752301 logloss:0.506642 [index:126 total:59m45.14s tree:22m14.04s]
I0000 00:00:1770273034.139332  222662 random_forest.cc:956] Train tree 128/240 accuracy:0.752351 logloss:0.50652 [index:127 total:1h0m13.21s tree:22m14.15s]
I0000 00:00:1770273062.276433  222649 random_forest.cc:956] Train tree 129/240 accuracy:0.752433 logloss:0.50638 [index:128 total:1h0m41.34s tree:22m14.32s]
I0000 00:00:1770273090.414403  222682 random_forest.cc:956] Train tree 130/240 accuracy:0.752493 logloss:0.506271 [index:129 total:1h1m9.48s tree:22m14.27s]
I0000 00:00:1770273117.696862  222643 random_forest.cc:956] Train tree 131/240 accuracy:0.752555 logloss:0.506169 [index:130 total:1h1m36.76s tree:22m13.98s]
I0000 00:00:1770273146.018069  222660 random_forest.cc:956] Train tree 132/240 accuracy:0.752693 logloss:0.506064 [index:131 total:1h2m5.09s tree:22m13.84s]
I0000 00:00:1770273173.388979  222684 random_forest.cc:956] Train tree 133/240 accuracy:0.752739 logloss:0.505947 [index:132 total:1h2m32.46s tree:22m13.40s]
I0000 00:00:1770273201.038931  222644 random_forest.cc:956] Train tree 134/240 accuracy:0.752795 logloss:0.505825 [index:133 total:1h3m0.11s tree:22m13.34s]
I0000 00:00:1770273228.988716  222676 random_forest.cc:956] Train tree 135/240 accuracy:0.752828 logloss:0.505728 [index:134 total:1h3m28.06s tree:22m13.50s]
I0000 00:00:1770273257.019912  222645 random_forest.cc:956] Train tree 136/240 accuracy:0.752877 logloss:0.505622 [index:135 total:1h3m56.09s tree:22m13.64s]
I0000 00:00:1770273284.681136  222659 random_forest.cc:956] Train tree 137/240 accuracy:0.75294 logloss:0.505523 [index:136 total:1h4m23.75s tree:22m13.73s]
I0000 00:00:1770273312.728051  222665 random_forest.cc:956] Train tree 138/240 accuracy:0.752989 logloss:0.50545 [index:137 total:1h4m51.80s tree:22m13.80s]
I0000 00:00:1770273340.355313  222657 random_forest.cc:956] Train tree 139/240 accuracy:0.753049 logloss:0.505355 [index:138 total:1h5m19.42s tree:22m13.60s]
I0000 00:00:1770273367.766393  222648 random_forest.cc:956] Train tree 140/240 accuracy:0.753106 logloss:0.505267 [index:139 total:1h5m46.83s tree:22m13.48s]
I0000 00:00:1770273395.282734  222642 random_forest.cc:956] Train tree 141/240 accuracy:0.753158 logloss:0.505176 [index:140 total:1h6m14.35s tree:22m13.59s]
I0000 00:00:1770273423.475234  222679 random_forest.cc:956] Train tree 142/240 accuracy:0.753264 logloss:0.505095 [index:141 total:1h6m42.54s tree:22m13.72s]
I0000 00:00:1770273451.087295  222667 random_forest.cc:956] Train tree 143/240 accuracy:0.753334 logloss:0.505014 [index:142 total:1h7m10.15s tree:22m13.85s]
I0000 00:00:1770273479.246224  222647 random_forest.cc:956] Train tree 144/240 accuracy:0.753374 logloss:0.504916 [index:143 total:1h7m38.31s tree:22m13.90s]
I0000 00:00:1770273506.631811  222688 random_forest.cc:956] Train tree 145/240 accuracy:0.753402 logloss:0.504871 [index:144 total:1h8m5.70s tree:22m13.85s]
I0000 00:00:1770273534.835626  222646 random_forest.cc:956] Train tree 146/240 accuracy:0.753427 logloss:0.504792 [index:145 total:1h8m33.90s tree:22m13.99s]
I0000 00:00:1770273562.348156  222664 random_forest.cc:956] Train tree 147/240 accuracy:0.75349 logloss:0.504714 [index:146 total:1h9m1.42s tree:22m14.08s]
I0000 00:00:1770273589.878376  222671 random_forest.cc:956] Train tree 148/240 accuracy:0.753536 logloss:0.504645 [index:147 total:1h9m28.95s tree:22m14.11s]
I0000 00:00:1770273617.703305  222661 random_forest.cc:956] Train tree 149/240 accuracy:0.753628 logloss:0.50456 [index:148 total:1h9m56.77s tree:22m14.88s]
I0000 00:00:1770273644.972921  222673 random_forest.cc:956] Train tree 150/240 accuracy:0.753689 logloss:0.504515 [index:149 total:1h10m24.04s tree:22m14.43s]
I0000 00:00:1770273672.823852  222658 random_forest.cc:956] Train tree 151/240 accuracy:0.753751 logloss:0.504447 [index:150 total:1h10m51.89s tree:22m14.65s]
I0000 00:00:1770273700.641667  222670 random_forest.cc:956] Train tree 152/240 accuracy:0.753819 logloss:0.504364 [index:151 total:1h11m19.71s tree:22m14.67s]
I0000 00:00:1770273728.725638  222656 random_forest.cc:956] Train tree 153/240 accuracy:0.753854 logloss:0.504303 [index:152 total:1h11m47.79s tree:22m14.74s]
I0000 00:00:1770273756.639585  222680 random_forest.cc:956] Train tree 154/240 accuracy:0.753912 logloss:0.504215 [index:153 total:1h12m15.71s tree:22m14.85s]
I0000 00:00:1770273784.804731  222683 random_forest.cc:956] Train tree 155/240 accuracy:0.753953 logloss:0.504112 [index:154 total:1h12m43.87s tree:22m14.89s]
I0000 00:00:1770273812.365259  222666 random_forest.cc:956] Train tree 156/240 accuracy:0.753993 logloss:0.504083 [index:155 total:1h13m11.43s tree:22m14.74s]
I0000 00:00:1770273840.386582  222669 random_forest.cc:956] Train tree 157/240 accuracy:0.754096 logloss:0.504 [index:156 total:1h13m39.45s tree:22m14.80s]
I0000 00:00:1770273867.789862  222672 random_forest.cc:956] Train tree 158/240 accuracy:0.754167 logloss:0.503934 [index:157 total:1h14m6.86s tree:22m15.02s]
I0000 00:00:1770273895.698256  222663 random_forest.cc:956] Train tree 159/240 accuracy:0.754182 logloss:0.503882 [index:158 total:1h14m34.77s tree:22m14.86s]
I0000 00:00:1770273923.097500  222678 random_forest.cc:956] Train tree 160/240 accuracy:0.75425 logloss:0.503823 [index:159 total:1h15m2.17s tree:22m14.72s]
I0000 00:00:1770273950.668107  222674 random_forest.cc:956] Train tree 161/240 accuracy:0.754294 logloss:0.503766 [index:160 total:1h15m29.74s tree:22m14.77s]
I0000 00:00:1770273978.254071  222651 random_forest.cc:956] Train tree 162/240 accuracy:0.754343 logloss:0.503702 [index:161 total:1h15m57.32s tree:22m14.69s]
I0000 00:00:1770274006.066566  222689 random_forest.cc:956] Train tree 163/240 accuracy:0.754373 logloss:0.503648 [index:162 total:1h16m25.13s tree:22m14.47s]
I0000 00:00:1770274033.851773  222685 random_forest.cc:956] Train tree 164/240 accuracy:0.754444 logloss:0.503588 [index:163 total:1h16m52.92s tree:22m14.17s]
I0000 00:00:1770274061.722324  222677 random_forest.cc:956] Train tree 165/240 accuracy:0.754474 logloss:0.503535 [index:164 total:1h17m20.79s tree:22m14.04s]
I0000 00:00:1770274090.152537  222687 random_forest.cc:956] Train tree 166/240 accuracy:0.754518 logloss:0.503465 [index:165 total:1h17m49.22s tree:22m14.15s]
I0000 00:00:1770274117.681129  222668 random_forest.cc:956] Train tree 167/240 accuracy:0.754572 logloss:0.503415 [index:166 total:1h18m16.75s tree:22m14.18s]
I0000 00:00:1770274145.786753  222652 random_forest.cc:956] Train tree 168/240 accuracy:0.754625 logloss:0.503365 [index:167 total:1h18m44.85s tree:22m14.04s]
I0000 00:00:1770274173.524654  222681 random_forest.cc:956] Train tree 169/240 accuracy:0.754677 logloss:0.503315 [index:168 total:1h19m12.59s tree:22m14.05s]
I0000 00:00:1770274201.104016  222654 random_forest.cc:956] Train tree 170/240 accuracy:0.754738 logloss:0.50326 [index:169 total:1h19m40.17s tree:22m14.08s]
I0000 00:00:1770274229.113120  222675 random_forest.cc:956] Train tree 171/240 accuracy:0.754782 logloss:0.503208 [index:170 total:1h20m8.18s tree:22m14.22s]
I0000 00:00:1770274256.690721  222686 random_forest.cc:956] Train tree 172/240 accuracy:0.754856 logloss:0.503173 [index:171 total:1h20m35.76s tree:22m14.35s]
I0000 00:00:1770274284.467417  222650 random_forest.cc:956] Train tree 173/240 accuracy:0.754875 logloss:0.503116 [index:172 total:1h21m3.54s tree:22m14.37s]
I0000 00:00:1770274312.859433  222653 random_forest.cc:956] Train tree 174/240 accuracy:0.754901 logloss:0.503081 [index:173 total:1h21m31.93s tree:22m14.70s]
I0000 00:00:1770274341.026266  222655 random_forest.cc:956] Train tree 175/240 accuracy:0.754937 logloss:0.503031 [index:174 total:1h22m0.09s tree:22m14.95s]
I0000 00:00:1770274369.065905  222662 random_forest.cc:956] Train tree 176/240 accuracy:0.754987 logloss:0.502986 [index:175 total:1h22m28.13s tree:22m14.92s]
I0000 00:00:1770274396.938767  222649 random_forest.cc:956] Train tree 177/240 accuracy:0.755037 logloss:0.502935 [index:176 total:1h22m56.01s tree:22m14.66s]
I0000 00:00:1770274425.159415  222682 random_forest.cc:956] Train tree 178/240 accuracy:0.75508 logloss:0.50289 [index:177 total:1h23m24.23s tree:22m14.74s]
I0000 00:00:1770274452.638105  222643 random_forest.cc:956] Train tree 179/240 accuracy:0.755114 logloss:0.502851 [index:178 total:1h23m51.71s tree:22m14.94s]
I0000 00:00:1770274480.988474  222660 random_forest.cc:956] Train tree 180/240 accuracy:0.755148 logloss:0.502808 [index:179 total:1h24m20.06s tree:22m14.97s]
I0000 00:00:1770274508.698972  222684 random_forest.cc:956] Train tree 181/240 accuracy:0.755178 logloss:0.502779 [index:180 total:1h24m47.77s tree:22m15.31s]
I0000 00:00:1770274536.424217  222644 random_forest.cc:956] Train tree 182/240 accuracy:0.755203 logloss:0.502738 [index:181 total:1h25m15.49s tree:22m15.38s]
I0000 00:00:1770274564.859419  222676 random_forest.cc:956] Train tree 183/240 accuracy:0.755257 logloss:0.502703 [index:182 total:1h25m43.93s tree:22m15.87s]
I0000 00:00:1770274593.528678  222645 random_forest.cc:956] Train tree 184/240 accuracy:0.755286 logloss:0.502665 [index:183 total:1h26m12.60s tree:22m16.51s]
I0000 00:00:1770274621.027554  222659 random_forest.cc:956] Train tree 185/240 accuracy:0.755343 logloss:0.502623 [index:184 total:1h26m40.10s tree:22m16.34s]
I0000 00:00:1770274648.987411  222665 random_forest.cc:956] Train tree 186/240 accuracy:0.755366 logloss:0.502563 [index:185 total:1h27m8.06s tree:22m16.26s]
I0000 00:00:1770274676.661502  222657 random_forest.cc:956] Train tree 187/240 accuracy:0.755431 logloss:0.502516 [index:186 total:1h27m35.73s tree:22m16.30s]
I0000 00:00:1770274704.019711  222648 random_forest.cc:956] Train tree 188/240 accuracy:0.755436 logloss:0.502487 [index:187 total:1h28m3.09s tree:22m16.25s]
I0000 00:00:1770274731.592652  222642 random_forest.cc:956] Train tree 189/240 accuracy:0.755504 logloss:0.502453 [index:188 total:1h28m30.66s tree:22m16.31s]
I0000 00:00:1770274759.820706  222679 random_forest.cc:956] Train tree 190/240 accuracy:0.755522 logloss:0.502418 [index:189 total:1h28m58.89s tree:22m16.34s]
I0000 00:00:1770274787.386347  222667 random_forest.cc:956] Train tree 191/240 accuracy:0.755548 logloss:0.502356 [index:190 total:1h29m26.45s tree:22m16.30s]
I0000 00:00:1770274815.515169  222647 random_forest.cc:956] Train tree 192/240 accuracy:0.755599 logloss:0.502309 [index:191 total:1h29m54.58s tree:22m16.27s]
I0000 00:00:1770274842.368944  222688 random_forest.cc:956] Train tree 193/240 accuracy:0.755642 logloss:0.502267 [index:192 total:1h30m21.44s tree:22m15.74s]
I0000 00:00:1770274868.064129  222646 random_forest.cc:956] Train tree 194/240 accuracy:0.755661 logloss:0.502238 [index:193 total:1h30m47.13s tree:22m13.23s]
I0000 00:00:1770274889.212271  222664 random_forest.cc:956] Train tree 195/240 accuracy:0.755668 logloss:0.502203 [index:194 total:1h31m8.28s tree:22m6.86s]
I0000 00:00:1770274910.388018  222671 random_forest.cc:956] Train tree 196/240 accuracy:0.755687 logloss:0.502181 [index:195 total:1h31m29.46s tree:22m0.51s]
I0000 00:00:1770274932.091340  222661 random_forest.cc:956] Train tree 197/240 accuracy:0.755712 logloss:0.502146 [index:196 total:1h31m51.16s tree:21m54.39s]
I0000 00:00:1770274953.403563  222673 random_forest.cc:956] Train tree 198/240 accuracy:0.755735 logloss:0.502106 [index:197 total:1h32m12.47s tree:21m48.43s]
I0000 00:00:1770274974.579066  222658 random_forest.cc:956] Train tree 199/240 accuracy:0.755777 logloss:0.502074 [index:198 total:1h32m33.65s tree:21m41.75s]
I0000 00:00:1770274996.107869  222670 random_forest.cc:956] Train tree 200/240 accuracy:0.755807 logloss:0.502042 [index:199 total:1h32m55.18s tree:21m35.46s]
I0000 00:00:1770275018.150610  222656 random_forest.cc:956] Train tree 201/240 accuracy:0.755838 logloss:0.502015 [index:200 total:1h33m17.22s tree:21m29.42s]
I0000 00:00:1770275039.768894  222680 random_forest.cc:956] Train tree 202/240 accuracy:0.755893 logloss:0.50198 [index:201 total:1h33m38.84s tree:21m23.13s]
I0000 00:00:1770275061.427168  222683 random_forest.cc:956] Train tree 203/240 accuracy:0.75591 logloss:0.50193 [index:202 total:1h34m0.49s tree:21m16.62s]
I0000 00:00:1770275082.661782  222666 random_forest.cc:956] Train tree 204/240 accuracy:0.755935 logloss:0.50189 [index:203 total:1h34m21.73s tree:21m10.29s]
I0000 00:00:1770275104.100898  222669 random_forest.cc:956] Train tree 205/240 accuracy:0.755964 logloss:0.501846 [index:204 total:1h34m43.17s tree:21m3.71s]
I0000 00:00:1770275125.236894  222672 random_forest.cc:956] Train tree 206/240 accuracy:0.755983 logloss:0.501812 [index:205 total:1h35m4.30s tree:20m57.45s]
I0000 00:00:1770275146.893908  222663 random_forest.cc:956] Train tree 207/240 accuracy:0.756028 logloss:0.501769 [index:206 total:1h35m25.96s tree:20m51.19s]
I0000 00:00:1770275168.153465  222678 random_forest.cc:956] Train tree 208/240 accuracy:0.756082 logloss:0.501736 [index:207 total:1h35m47.22s tree:20m45.05s]
I0000 00:00:1770275189.531765  222674 random_forest.cc:956] Train tree 209/240 accuracy:0.756119 logloss:0.501709 [index:208 total:1h36m8.60s tree:20m38.86s]
I0000 00:00:1770275210.622626  222651 random_forest.cc:956] Train tree 210/240 accuracy:0.756178 logloss:0.501668 [index:209 total:1h36m29.69s tree:20m32.37s]
I0000 00:00:1770275232.247523  222689 random_forest.cc:956] Train tree 211/240 accuracy:0.756201 logloss:0.501637 [index:210 total:1h36m51.32s tree:20m26.18s]
I0000 00:00:1770275253.703980  222685 random_forest.cc:956] Train tree 212/240 accuracy:0.756211 logloss:0.501603 [index:211 total:1h37m12.77s tree:20m19.85s]
I0000 00:00:1770275275.532903  222677 random_forest.cc:956] Train tree 213/240 accuracy:0.756246 logloss:0.501581 [index:212 total:1h37m34.60s tree:20m13.81s]
I0000 00:00:1770275297.558942  222687 random_forest.cc:956] Train tree 214/240 accuracy:0.756282 logloss:0.501557 [index:213 total:1h37m56.63s tree:20m7.40s]
I0000 00:00:1770275318.701441  222668 random_forest.cc:956] Train tree 215/240 accuracy:0.756317 logloss:0.501511 [index:214 total:1h38m17.77s tree:20m1.02s]
I0000 00:00:1770275340.448561  222652 random_forest.cc:956] Train tree 216/240 accuracy:0.756347 logloss:0.501469 [index:215 total:1h38m39.52s tree:19m54.66s]
I0000 00:00:1770275362.114016  222681 random_forest.cc:956] Train tree 217/240 accuracy:0.756395 logloss:0.501438 [index:216 total:1h39m1.18s tree:19m48.59s]
I0000 00:00:1770275383.185154  222654 random_forest.cc:956] Train tree 218/240 accuracy:0.756422 logloss:0.501406 [index:217 total:1h39m22.25s tree:19m42.08s]
I0000 00:00:1770275404.830887  222675 random_forest.cc:956] Train tree 219/240 accuracy:0.756433 logloss:0.501372 [index:218 total:1h39m43.90s tree:19m35.72s]
I0000 00:00:1770275425.944154  222686 random_forest.cc:956] Train tree 220/240 accuracy:0.756428 logloss:0.501355 [index:219 total:1h40m5.01s tree:19m29.25s]
I0000 00:00:1770275447.069437  222650 random_forest.cc:956] Train tree 221/240 accuracy:0.756446 logloss:0.501348 [index:220 total:1h40m26.14s tree:19m22.60s]
I0000 00:00:1770275469.082602  222653 random_forest.cc:956] Train tree 222/240 accuracy:0.756473 logloss:0.501314 [index:221 total:1h40m48.15s tree:19m16.22s]
I0000 00:00:1770275490.782749  222655 random_forest.cc:956] Train tree 223/240 accuracy:0.756498 logloss:0.501287 [index:222 total:1h41m9.85s tree:19m9.75s]
I0000 00:00:1770275512.154884  222662 random_forest.cc:956] Train tree 224/240 accuracy:0.75653 logloss:0.501259 [index:223 total:1h41m31.22s tree:19m3.09s]
I0000 00:00:1770275533.896581  222649 random_forest.cc:956] Train tree 225/240 accuracy:0.756566 logloss:0.501239 [index:224 total:1h41m52.96s tree:18m56.96s]
I0000 00:00:1770275555.377090  222682 random_forest.cc:956] Train tree 226/240 accuracy:0.756585 logloss:0.501217 [index:225 total:1h42m14.44s tree:18m50.22s]
I0000 00:00:1770275576.494283  222643 random_forest.cc:956] Train tree 227/240 accuracy:0.756624 logloss:0.501207 [index:226 total:1h42m35.56s tree:18m43.85s]
I0000 00:00:1770275598.569910  222660 random_forest.cc:956] Train tree 228/240 accuracy:0.756661 logloss:0.501171 [index:227 total:1h42m57.64s tree:18m37.58s]
I0000 00:00:1770275620.175337  222684 random_forest.cc:956] Train tree 229/240 accuracy:0.756674 logloss:0.50116 [index:228 total:1h43m19.24s tree:18m31.47s]
I0000 00:00:1770275641.459018  222644 random_forest.cc:956] Train tree 230/240 accuracy:0.756691 logloss:0.501129 [index:229 total:1h43m40.53s tree:18m25.03s]
I0000 00:00:1770275663.043643  222676 random_forest.cc:956] Train tree 231/240 accuracy:0.756702 logloss:0.50112 [index:230 total:1h44m2.11s tree:18m18.18s]
I0000 00:00:1770275684.684677  222645 random_forest.cc:956] Train tree 232/240 accuracy:0.756731 logloss:0.501087 [index:231 total:1h44m23.75s tree:18m11.15s]
I0000 00:00:1770275706.076766  222659 random_forest.cc:956] Train tree 233/240 accuracy:0.756763 logloss:0.501057 [index:232 total:1h44m45.14s tree:18m5.05s]
I0000 00:00:1770275727.810705  222665 random_forest.cc:956] Train tree 234/240 accuracy:0.756761 logloss:0.501031 [index:233 total:1h45m6.88s tree:17m58.82s]
I0000 00:00:1770275749.472717  222657 random_forest.cc:956] Train tree 235/240 accuracy:0.756786 logloss:0.501012 [index:234 total:1h45m28.54s tree:17m52.81s]
I0000 00:00:1770275770.587624  222648 random_forest.cc:956] Train tree 236/240 accuracy:0.756796 logloss:0.500986 [index:235 total:1h45m49.66s tree:17m46.57s]
I0000 00:00:1770275791.673603  222642 random_forest.cc:956] Train tree 237/240 accuracy:0.756831 logloss:0.500964 [index:236 total:1h46m10.74s tree:17m40.08s]
I0000 00:00:1770275813.631950  222679 random_forest.cc:956] Train tree 238/240 accuracy:0.756853 logloss:0.500936 [index:237 total:1h46m32.70s tree:17m33.81s]
I0000 00:00:1770275834.679283  222667 random_forest.cc:956] Train tree 239/240 accuracy:0.756856 logloss:0.500918 [index:238 total:1h46m53.75s tree:17m27.29s]
I0000 00:00:1770275856.314232  222647 random_forest.cc:956] Train tree 240/240 accuracy:0.756888 logloss:0.500886 [index:239 total:1h47m15.38s tree:17m20.80s]
I0000 00:00:1770275856.316421  222314 random_forest.cc:990] random_forest.cc Training block took: 6435.73 s
I0000 00:00:1770275856.316469  222314 random_forest.cc:1062] After Random Forest Training block. RETURNING EARLY TO SPEED UP XPS!!
-1 (automatic) threads requested. 48 threads set.
Configuring oblique splits
Using Dynamic Random Histogram with 256 samples
./bazel-bin/examples/train_oblique_forest --input_mode csv --train_csv "benchmarks/data/SUSY_with_header.csv" --label_col "class" --numerical_split_type "Dynamic Random Histogram" --num_trees=240 --num_threads=-1 --compute_oob_performances=true --histogram_num_bins 256


Inferring DataSpec from CSV: benchmarks/data/SUSY_with_header.csv


WARNING: All log messages before absl::InitializeLog() is called are written to STDERR
I0000 00:00:1770275863.378869  249707 csv_example_reader.cc:212] 0 row(s) processed
I0000 00:00:1770275863.384233  249707 csv_example_reader.cc:216] Stop scanning the csv file to infer the type. Some records were not considered.
I0000 00:00:1770275863.384248  249707 data_spec_inference.cc:457] 19 column(s) found
I0000 00:00:1770275863.384258  249707 csv_example_reader.cc:303] 0 row(s) processed
I0000 00:00:1770275875.362337  249707 data_spec_inference.cc:494] Finalizing [5000000 row(s) found]
I0000 00:00:1770275875.362436  249707 abstract_learner.cc:155] No input feature explicitly specified. Using all the available input features.
I0000 00:00:1770275875.362440  249707 abstract_learner.cc:172] The label "class" was removed from the input feature set.
I0000 00:00:1770275875.362842  249707 vertical_dataset_io.cc:82] 100 examples scanned.
I0000 00:00:1770275888.373070  249707 vertical_dataset_io.cc:88] 5000000 examples read. Memory: usage:380MB allocated:380MB. 0 (0%) examples have been skipped.
I0000 00:00:1770275888.373145  249707 abstract_learner.cc:155] No input feature explicitly specified. Using all the available input features.
I0000 00:00:1770275888.373150  249707 abstract_learner.cc:172] The label "class" was removed from the input feature set.
I0000 00:00:1770275888.373169  249707 random_forest.cc:465] Training random forest on 5000000 example(s) and 18 feature(s).
I0000 00:00:1770275888.373179  249707 gpu.cc:93] Cannot initialize GPU: Not compiled with GPU support
I0000 00:00:1770275888.540036  249707 random_forest.cc:659] num_threads being used: 48
I0000 00:00:1770275914.743986  249848 random_forest.cc:956] Train tree 1/240 accuracy:0.733826 logloss:8.51238 [index:6 total:26.20s tree:26.20s]
I0000 00:00:1770275930.679252  249839 random_forest.cc:956] Train tree 3/240 accuracy:0.727683 logloss:6.97501 [index:44 total:42.14s tree:42.14s]
I0000 00:00:1770275948.334135  249834 random_forest.cc:956] Train tree 5/240 accuracy:0.738277 logloss:5.539 [index:38 total:59.79s tree:59.79s]
I0000 00:00:1770275966.047182  249842 random_forest.cc:956] Train tree 7/240 accuracy:0.747939 logloss:4.31956 [index:45 total:1m17.51s tree:1m17.50s]
I0000 00:00:1770275983.841669  249817 random_forest.cc:956] Train tree 9/240 accuracy:0.755838 logloss:3.39693 [index:21 total:1m35.30s tree:1m35.30s]
I0000 00:00:1770276001.613163  249838 random_forest.cc:956] Train tree 11/240 accuracy:0.762328 logloss:2.71656 [index:33 total:1m53.07s tree:1m53.07s]
I0000 00:00:1770276019.491700  249827 random_forest.cc:956] Train tree 13/240 accuracy:0.767656 logloss:2.22025 [index:30 total:2m10.95s tree:2m10.95s]
I0000 00:00:1770276037.254087  249819 random_forest.cc:956] Train tree 15/240 accuracy:0.771693 logloss:1.86299 [index:20 total:2m28.71s tree:2m28.71s]
I0000 00:00:1770276055.136485  249829 random_forest.cc:956] Train tree 17/240 accuracy:0.775123 logloss:1.59597 [index:32 total:2m46.60s tree:2m46.59s]
I0000 00:00:1770276073.113400  249818 random_forest.cc:956] Train tree 19/240 accuracy:0.777898 logloss:1.39774 [index:22 total:3m4.57s tree:3m4.57s]
I0000 00:00:1770276091.098696  249832 random_forest.cc:956] Train tree 21/240 accuracy:0.780242 logloss:1.24429 [index:35 total:3m22.56s tree:3m22.56s]
I0000 00:00:1770276108.959288  249825 random_forest.cc:956] Train tree 23/240 accuracy:0.782226 logloss:1.1261 [index:28 total:3m40.42s tree:3m40.42s]
I0000 00:00:1770276126.966258  249824 random_forest.cc:956] Train tree 25/240 accuracy:0.783781 logloss:1.031 [index:27 total:3m58.43s tree:3m58.42s]
I0000 00:00:1770276145.061849  249816 random_forest.cc:956] Train tree 27/240 accuracy:0.785127 logloss:0.951648 [index:18 total:4m16.52s tree:4m16.52s]
I0000 00:00:1770276163.197714  249840 random_forest.cc:956] Train tree 29/240 accuracy:0.786334 logloss:0.889477 [index:43 total:4m34.66s tree:4m34.65s]
I0000 00:00:1770276181.216708  249821 random_forest.cc:956] Train tree 31/240 accuracy:0.787376 logloss:0.838562 [index:16 total:4m52.68s tree:4m52.68s]
I0000 00:00:1770276199.069969  249852 random_forest.cc:956] Train tree 33/240 accuracy:0.788345 logloss:0.795051 [index:0 total:5m10.53s tree:5m10.53s]
I0000 00:00:1770276217.302591  249822 random_forest.cc:956] Train tree 35/240 accuracy:0.789133 logloss:0.756878 [index:23 total:5m28.76s tree:5m28.76s]
I0000 00:00:1770276235.312144  249828 random_forest.cc:956] Train tree 37/240 accuracy:0.789914 logloss:0.725724 [index:31 total:5m46.77s tree:5m46.77s]
I0000 00:00:1770276253.240661  249835 random_forest.cc:956] Train tree 39/240 accuracy:0.790582 logloss:0.698308 [index:41 total:6m4.70s tree:6m4.70s]
I0000 00:00:1770276271.441978  249807 random_forest.cc:956] Train tree 41/240 accuracy:0.791125 logloss:0.67409 [index:10 total:6m22.90s tree:6m22.90s]
I0000 00:00:1770276289.700584  249809 random_forest.cc:956] Train tree 43/240 accuracy:0.791698 logloss:0.652699 [index:7 total:6m41.16s tree:6m41.16s]
I0000 00:00:1770276307.606414  249837 random_forest.cc:956] Train tree 45/240 accuracy:0.792169 logloss:0.63408 [index:39 total:6m59.07s tree:6m59.06s]
I0000 00:00:1770276325.830521  249808 random_forest.cc:956] Train tree 47/240 accuracy:0.792659 logloss:0.618053 [index:13 total:7m17.29s tree:7m17.29s]
I0000 00:00:1770276343.670895  249848 random_forest.cc:956] Train tree 49/240 accuracy:0.793111 logloss:0.602496 [index:48 total:7m35.13s tree:7m8.93s]
I0000 00:00:1770276361.691699  249839 random_forest.cc:956] Train tree 51/240 accuracy:0.793523 logloss:0.589862 [index:50 total:7m53.15s tree:7m11.01s]
I0000 00:00:1770276379.495483  249834 random_forest.cc:956] Train tree 53/240 accuracy:0.793862 logloss:0.578179 [index:52 total:8m10.96s tree:7m11.16s]
I0000 00:00:1770276397.222626  249842 random_forest.cc:956] Train tree 55/240 accuracy:0.794182 logloss:0.567813 [index:54 total:8m28.68s tree:7m11.17s]
I0000 00:00:1770276415.094242  249817 random_forest.cc:956] Train tree 57/240 accuracy:0.794481 logloss:0.559025 [index:56 total:8m46.55s tree:7m11.25s]
I0000 00:00:1770276432.846185  249838 random_forest.cc:956] Train tree 59/240 accuracy:0.7948 logloss:0.550409 [index:58 total:9m4.31s tree:7m11.23s]
I0000 00:00:1770276450.837343  249827 random_forest.cc:956] Train tree 61/240 accuracy:0.795009 logloss:0.542798 [index:60 total:9m22.30s tree:7m11.34s]
I0000 00:00:1770276468.600881  249819 random_forest.cc:956] Train tree 63/240 accuracy:0.795234 logloss:0.536086 [index:62 total:9m40.06s tree:7m11.35s]
I0000 00:00:1770276486.597286  249829 random_forest.cc:956] Train tree 65/240 accuracy:0.795533 logloss:0.529887 [index:64 total:9m58.06s tree:7m11.46s]
I0000 00:00:1770276504.374280  249818 random_forest.cc:956] Train tree 67/240 accuracy:0.795749 logloss:0.523807 [index:66 total:10m15.83s tree:7m11.26s]
I0000 00:00:1770276522.442830  249832 random_forest.cc:956] Train tree 69/240 accuracy:0.795904 logloss:0.518451 [index:68 total:10m33.90s tree:7m11.34s]
I0000 00:00:1770276540.052126  249825 random_forest.cc:956] Train tree 71/240 accuracy:0.796103 logloss:0.51347 [index:70 total:10m51.51s tree:7m11.09s]
I0000 00:00:1770276557.963165  249824 random_forest.cc:956] Train tree 73/240 accuracy:0.796309 logloss:0.509033 [index:72 total:11m9.42s tree:7m11.00s]
I0000 00:00:1770276576.234168  249816 random_forest.cc:956] Train tree 75/240 accuracy:0.796541 logloss:0.505108 [index:74 total:11m27.69s tree:7m11.17s]
I0000 00:00:1770276594.318172  249840 random_forest.cc:956] Train tree 77/240 accuracy:0.79666 logloss:0.501182 [index:76 total:11m45.78s tree:7m11.12s]
I0000 00:00:1770276610.778255  249821 random_forest.cc:956] Train tree 79/240 accuracy:0.796827 logloss:0.49778 [index:78 total:12m2.24s tree:7m9.56s]
I0000 00:00:1770276628.632247  249852 random_forest.cc:956] Train tree 81/240 accuracy:0.797003 logloss:0.494748 [index:80 total:12m20.09s tree:7m9.56s]
I0000 00:00:1770276646.576878  249822 random_forest.cc:956] Train tree 83/240 accuracy:0.797101 logloss:0.49156 [index:82 total:12m38.04s tree:7m9.27s]
I0000 00:00:1770276664.652307  249828 random_forest.cc:956] Train tree 85/240 accuracy:0.797207 logloss:0.488822 [index:84 total:12m56.11s tree:7m9.34s]
I0000 00:00:1770276682.534323  249835 random_forest.cc:956] Train tree 87/240 accuracy:0.797325 logloss:0.486185 [index:86 total:13m13.99s tree:7m9.29s]
I0000 00:00:1770276700.402161  249807 random_forest.cc:956] Train tree 89/240 accuracy:0.79749 logloss:0.483348 [index:88 total:13m31.86s tree:7m8.96s]
I0000 00:00:1770276718.402555  249809 random_forest.cc:956] Train tree 91/240 accuracy:0.797515 logloss:0.481073 [index:90 total:13m49.86s tree:7m8.70s]
I0000 00:00:1770276736.395303  249837 random_forest.cc:956] Train tree 93/240 accuracy:0.797608 logloss:0.478998 [index:92 total:14m7.86s tree:7m8.79s]
I0000 00:00:1770276754.535903  249808 random_forest.cc:956] Train tree 95/240 accuracy:0.797723 logloss:0.477168 [index:94 total:14m26.00s tree:7m8.70s]
I0000 00:00:1770276772.435046  249848 random_forest.cc:956] Train tree 97/240 accuracy:0.797856 logloss:0.475071 [index:96 total:14m43.90s tree:7m8.76s]
I0000 00:00:1770276790.627667  249839 random_forest.cc:956] Train tree 99/240 accuracy:0.798004 logloss:0.473323 [index:98 total:15m2.09s tree:7m8.94s]
I0000 00:00:1770276808.369947  249834 random_forest.cc:956] Train tree 101/240 accuracy:0.798146 logloss:0.471632 [index:100 total:15m19.83s tree:7m8.87s]
I0000 00:00:1770276826.009483  249842 random_forest.cc:956] Train tree 103/240 accuracy:0.798282 logloss:0.470065 [index:102 total:15m37.47s tree:7m8.79s]
I0000 00:00:1770276843.904144  249817 random_forest.cc:956] Train tree 105/240 accuracy:0.798354 logloss:0.468432 [index:104 total:15m55.36s tree:7m8.81s]
I0000 00:00:1770276861.765496  249838 random_forest.cc:956] Train tree 107/240 accuracy:0.798416 logloss:0.466855 [index:106 total:16m13.23s tree:7m8.92s]
I0000 00:00:1770276879.779207  249827 random_forest.cc:956] Train tree 109/240 accuracy:0.798466 logloss:0.465658 [index:108 total:16m31.24s tree:7m8.94s]
I0000 00:00:1770276897.581543  249819 random_forest.cc:956] Train tree 111/240 accuracy:0.798564 logloss:0.464516 [index:110 total:16m49.04s tree:7m8.98s]
I0000 00:00:1770276915.333017  249829 random_forest.cc:956] Train tree 113/240 accuracy:0.798633 logloss:0.463437 [index:112 total:17m6.79s tree:7m8.74s]
I0000 00:00:1770276933.283731  249818 random_forest.cc:956] Train tree 115/240 accuracy:0.798686 logloss:0.462415 [index:114 total:17m24.74s tree:7m8.91s]
I0000 00:00:1770276951.260655  249832 random_forest.cc:956] Train tree 117/240 accuracy:0.798805 logloss:0.461325 [index:116 total:17m42.72s tree:7m8.82s]
I0000 00:00:1770276969.209652  249825 random_forest.cc:956] Train tree 119/240 accuracy:0.798843 logloss:0.460438 [index:118 total:18m0.67s tree:7m9.16s]
I0000 00:00:1770276986.956937  249824 random_forest.cc:956] Train tree 121/240 accuracy:0.798944 logloss:0.45948 [index:120 total:18m18.42s tree:7m8.99s]
I0000 00:00:1770277005.882027  249816 random_forest.cc:956] Train tree 124/240 accuracy:0.798977 logloss:0.451448 [index:122 total:18m37.34s tree:7m9.65s]
I0000 00:00:1770277024.509163  249846 random_forest.cc:956] Train tree 126/240 accuracy:0.79907 logloss:0.450771 [index:125 total:18m55.97s tree:7m2.09s]
I0000 00:00:1770277042.122727  249843 random_forest.cc:956] Train tree 128/240 accuracy:0.799127 logloss:0.450202 [index:127 total:19m13.58s tree:7m2.64s]
I0000 00:00:1770277059.947085  249813 random_forest.cc:956] Train tree 130/240 accuracy:0.799137 logloss:0.449642 [index:129 total:19m31.41s tree:7m2.40s]
I0000 00:00:1770277078.165485  249851 random_forest.cc:956] Train tree 132/240 accuracy:0.799175 logloss:0.449147 [index:131 total:19m49.63s tree:7m2.58s]
I0000 00:00:1770277095.915921  249849 random_forest.cc:956] Train tree 134/240 accuracy:0.79924 logloss:0.448569 [index:133 total:20m7.38s tree:7m2.23s]
I0000 00:00:1770277113.921142  249814 random_forest.cc:956] Train tree 136/240 accuracy:0.799274 logloss:0.448165 [index:135 total:20m25.38s tree:7m2.38s]
I0000 00:00:1770277131.997301  249836 random_forest.cc:956] Train tree 138/240 accuracy:0.799336 logloss:0.447704 [index:137 total:20m43.46s tree:7m2.71s]
I0000 00:00:1770277150.192892  249805 random_forest.cc:956] Train tree 140/240 accuracy:0.799421 logloss:0.447198 [index:139 total:21m1.65s tree:7m2.89s]
I0000 00:00:1770277168.172026  249826 random_forest.cc:956] Train tree 142/240 accuracy:0.799461 logloss:0.446804 [index:141 total:21m19.63s tree:7m2.78s]
I0000 00:00:1770277186.139421  249823 random_forest.cc:956] Train tree 144/240 accuracy:0.799502 logloss:0.446396 [index:143 total:21m37.60s tree:7m2.78s]
I0000 00:00:1770277204.161617  249844 random_forest.cc:956] Train tree 146/240 accuracy:0.799495 logloss:0.445911 [index:145 total:21m55.62s tree:7m2.57s]
I0000 00:00:1770277221.960322  249831 random_forest.cc:956] Train tree 148/240 accuracy:0.799564 logloss:0.445493 [index:147 total:22m13.42s tree:7m2.55s]
I0000 00:00:1770277238.599392  249811 random_forest.cc:956] Train tree 150/240 accuracy:0.799549 logloss:0.445044 [index:149 total:22m30.06s tree:7m1.52s]
I0000 00:00:1770277256.396068  249833 random_forest.cc:956] Train tree 152/240 accuracy:0.799621 logloss:0.44462 [index:151 total:22m47.86s tree:7m1.66s]
I0000 00:00:1770277274.456393  249810 random_forest.cc:956] Train tree 154/240 accuracy:0.799689 logloss:0.444314 [index:153 total:23m5.92s tree:7m1.61s]
I0000 00:00:1770277292.652439  249845 random_forest.cc:956] Train tree 156/240 accuracy:0.799732 logloss:0.443995 [index:155 total:23m24.11s tree:7m1.79s]
I0000 00:00:1770277310.509139  249806 random_forest.cc:956] Train tree 158/240 accuracy:0.79978 logloss:0.443681 [index:157 total:23m41.97s tree:7m1.90s]
I0000 00:00:1770277328.532330  249812 random_forest.cc:956] Train tree 160/240 accuracy:0.799823 logloss:0.443379 [index:159 total:23m59.99s tree:7m1.97s]
I0000 00:00:1770277346.323312  249841 random_forest.cc:956] Train tree 162/240 accuracy:0.79988 logloss:0.443076 [index:161 total:24m17.78s tree:7m1.89s]
I0000 00:00:1770277364.158404  249815 random_forest.cc:956] Train tree 164/240 accuracy:0.799899 logloss:0.442769 [index:163 total:24m35.62s tree:7m2.01s]
I0000 00:00:1770277381.375363  249820 random_forest.cc:956] Train tree 166/240 accuracy:0.799933 logloss:0.442466 [index:165 total:24m52.84s tree:7m1.28s]
I0000 00:00:1770277399.205973  249847 random_forest.cc:956] Train tree 168/240 accuracy:0.799978 logloss:0.442129 [index:167 total:25m10.67s tree:7m1.08s]
I0000 00:00:1770277416.980569  249830 random_forest.cc:956] Train tree 170/240 accuracy:0.800028 logloss:0.441857 [index:169 total:25m28.44s tree:7m1.13s]
I0000 00:00:1770277435.242256  249816 random_forest.cc:956] Train tree 172/240 accuracy:0.80007 logloss:0.441631 [index:171 total:25m46.70s tree:7m9.36s]
I0000 00:00:1770277453.445467  249846 random_forest.cc:956] Train tree 174/240 accuracy:0.800083 logloss:0.441381 [index:173 total:26m4.91s tree:7m8.94s]
I0000 00:00:1770277471.088742  249843 random_forest.cc:956] Train tree 176/240 accuracy:0.800095 logloss:0.441167 [index:175 total:26m22.55s tree:7m8.97s]
I0000 00:00:1770277489.064430  249813 random_forest.cc:956] Train tree 178/240 accuracy:0.800151 logloss:0.440976 [index:177 total:26m40.52s tree:7m9.12s]
I0000 00:00:1770277507.065678  249851 random_forest.cc:956] Train tree 180/240 accuracy:0.800129 logloss:0.440744 [index:179 total:26m58.53s tree:7m8.90s]
I0000 00:00:1770277524.874428  249849 random_forest.cc:956] Train tree 182/240 accuracy:0.800176 logloss:0.440564 [index:181 total:27m16.33s tree:7m8.96s]
I0000 00:00:1770277542.761203  249814 random_forest.cc:956] Train tree 184/240 accuracy:0.800174 logloss:0.440334 [index:183 total:27m34.22s tree:7m8.84s]
I0000 00:00:1770277560.920468  249836 random_forest.cc:956] Train tree 186/240 accuracy:0.800238 logloss:0.440153 [index:185 total:27m52.38s tree:7m8.92s]
I0000 00:00:1770277579.079720  249805 random_forest.cc:956] Train tree 188/240 accuracy:0.80029 logloss:0.439954 [index:187 total:28m10.54s tree:7m8.89s]
I0000 00:00:1770277597.047708  249826 random_forest.cc:956] Train tree 190/240 accuracy:0.800287 logloss:0.439772 [index:189 total:28m28.51s tree:7m8.88s]
I0000 00:00:1770277615.097226  249823 random_forest.cc:956] Train tree 192/240 accuracy:0.800333 logloss:0.439588 [index:191 total:28m46.56s tree:7m8.96s]
I0000 00:00:1770277632.293232  249844 random_forest.cc:956] Train tree 194/240 accuracy:0.800352 logloss:0.439404 [index:193 total:29m3.75s tree:7m8.13s]
I0000 00:00:1770277646.047797  249831 random_forest.cc:956] Train tree 196/240 accuracy:0.800368 logloss:0.439257 [index:195 total:29m17.51s tree:7m4.09s]
I0000 00:00:1770277659.576009  249811 random_forest.cc:956] Train tree 198/240 accuracy:0.800403 logloss:0.439039 [index:197 total:29m31.04s tree:7m0.98s]
I0000 00:00:1770277673.279596  249833 random_forest.cc:956] Train tree 200/240 accuracy:0.800401 logloss:0.438896 [index:199 total:29m44.74s tree:6m56.88s]
I0000 00:00:1770277687.084902  249810 random_forest.cc:956] Train tree 202/240 accuracy:0.800431 logloss:0.438783 [index:201 total:29m58.54s tree:6m52.63s]
I0000 00:00:1770277701.017901  249845 random_forest.cc:956] Train tree 204/240 accuracy:0.800447 logloss:0.438658 [index:203 total:30m12.48s tree:6m48.37s]
I0000 00:00:1770277714.811453  249806 random_forest.cc:956] Train tree 206/240 accuracy:0.800516 logloss:0.43851 [index:205 total:30m26.27s tree:6m44.30s]
I0000 00:00:1770277728.651553  249812 random_forest.cc:956] Train tree 208/240 accuracy:0.800513 logloss:0.43836 [index:207 total:30m40.11s tree:6m40.12s]
I0000 00:00:1770277742.160823  249841 random_forest.cc:956] Train tree 210/240 accuracy:0.80058 logloss:0.438229 [index:209 total:30m53.62s tree:6m35.84s]
I0000 00:00:1770277753.610571  249815 random_forest.cc:956] Train tree 212/240 accuracy:0.800583 logloss:0.437958 [index:211 total:31m5.07s tree:6m29.45s]
I0000 00:00:1770277767.518150  249820 random_forest.cc:956] Train tree 214/240 accuracy:0.800624 logloss:0.437844 [index:213 total:31m18.98s tree:6m26.14s]
I0000 00:00:1770277781.387599  249847 random_forest.cc:956] Train tree 216/240 accuracy:0.800613 logloss:0.437696 [index:215 total:31m32.85s tree:6m22.18s]
I0000 00:00:1770277795.027972  249830 random_forest.cc:956] Train tree 218/240 accuracy:0.800619 logloss:0.437559 [index:217 total:31m46.49s tree:6m18.05s]
I0000 00:00:1770277809.204789  249816 random_forest.cc:956] Train tree 220/240 accuracy:0.800644 logloss:0.437466 [index:219 total:32m0.66s tree:6m13.96s]
I0000 00:00:1770277823.292679  249846 random_forest.cc:956] Train tree 222/240 accuracy:0.80068 logloss:0.437355 [index:221 total:32m14.75s tree:6m9.85s]
I0000 00:00:1770277836.904303  249843 random_forest.cc:956] Train tree 224/240 accuracy:0.800698 logloss:0.437265 [index:223 total:32m28.36s tree:6m5.82s]
I0000 00:00:1770277850.723842  249813 random_forest.cc:956] Train tree 226/240 accuracy:0.800697 logloss:0.437184 [index:225 total:32m42.18s tree:6m1.66s]
I0000 00:00:1770277864.771284  249851 random_forest.cc:956] Train tree 228/240 accuracy:0.800735 logloss:0.437084 [index:227 total:32m56.23s tree:5m57.71s]
I0000 00:00:1770277878.503857  249849 random_forest.cc:956] Train tree 230/240 accuracy:0.800719 logloss:0.43701 [index:229 total:33m9.96s tree:5m53.63s]
I0000 00:00:1770277892.313221  249814 random_forest.cc:956] Train tree 232/240 accuracy:0.800732 logloss:0.436865 [index:231 total:33m23.77s tree:5m49.55s]
I0000 00:00:1770277906.172711  249836 random_forest.cc:956] Train tree 234/240 accuracy:0.80074 logloss:0.436656 [index:233 total:33m37.63s tree:5m45.25s]
I0000 00:00:1770277920.048997  249805 random_forest.cc:956] Train tree 236/240 accuracy:0.800799 logloss:0.436554 [index:235 total:33m51.51s tree:5m40.97s]
I0000 00:00:1770277934.011454  249826 random_forest.cc:956] Train tree 238/240 accuracy:0.800822 logloss:0.436462 [index:237 total:34m5.47s tree:5m36.96s]
I0000 00:00:1770277948.088014  249823 random_forest.cc:956] Train tree 240/240 accuracy:0.800828 logloss:0.436376 [index:239 total:34m19.55s tree:5m32.99s]
I0000 00:00:1770277948.088506  249707 random_forest.cc:990] random_forest.cc Training block took: 2059.72 s
I0000 00:00:1770277948.088556  249707 random_forest.cc:1062] After Random Forest Training block. RETURNING EARLY TO SPEED UP XPS!!
-1 (automatic) threads requested. 48 threads set.
Configuring oblique splits
Using Dynamic Random Histogram with 256 samples
./bazel-bin/examples/train_oblique_forest --input_mode csv --train_csv "benchmarks/data/epsilon_normalized_train.csv" --label_col "label" --numerical_split_type "Dynamic Random Histogram" --num_trees=240 --num_threads=-1 --compute_oob_performances=true --histogram_num_bins 256


Inferring DataSpec from CSV: benchmarks/data/epsilon_normalized_train.csv


WARNING: All log messages before absl::InitializeLog() is called are written to STDERR
I0000 00:00:1770277951.140310  258099 csv_example_reader.cc:212] 0 row(s) processed
I0000 00:00:1770277951.668303  258099 csv_example_reader.cc:216] Stop scanning the csv file to infer the type. Some records were not considered.
I0000 00:00:1770277951.668499  258099 data_spec_inference.cc:457] 2001 column(s) found
I0000 00:00:1770277951.671044  258099 csv_example_reader.cc:303] 0 row(s) processed
I0000 00:00:1770277981.671195  258099 csv_example_reader.cc:303] 127071 row(s) processed
I0000 00:00:1770278011.671417  258099 csv_example_reader.cc:303] 254143 row(s) processed
I0000 00:00:1770278041.671746  258099 csv_example_reader.cc:303] 381233 row(s) processed
I0000 00:00:1770278046.101128  258099 data_spec_inference.cc:494] Finalizing [400000 row(s) found]
I0000 00:00:1770278046.101359  258099 abstract_learner.cc:155] No input feature explicitly specified. Using all the available input features.
I0000 00:00:1770278046.101363  258099 abstract_learner.cc:172] The label "label" was removed from the input feature set.
I0000 00:00:1770278046.130778  258099 vertical_dataset_io.cc:82] 100 examples scanned.
I0000 00:00:1770278076.155401  258099 vertical_dataset_io.cc:82] 103300 examples scanned.
I0000 00:00:1770278106.165807  258099 vertical_dataset_io.cc:82] 197600 examples scanned.
I0000 00:00:1770278136.180902  258099 vertical_dataset_io.cc:82] 289400 examples scanned.
I0000 00:00:1770278166.197833  258099 vertical_dataset_io.cc:82] 383100 examples scanned.
I0000 00:00:1770278172.870022  258099 vertical_dataset_io.cc:88] 400000 examples read. Memory: usage:3201MB allocated:3201MB. 0 (0%) examples have been skipped.
I0000 00:00:1770278172.870503  258099 abstract_learner.cc:155] No input feature explicitly specified. Using all the available input features.
I0000 00:00:1770278172.870547  258099 abstract_learner.cc:172] The label "label" was removed from the input feature set.
I0000 00:00:1770278172.870759  258099 random_forest.cc:465] Training random forest on 400000 example(s) and 2000 feature(s).
I0000 00:00:1770278172.870858  258099 gpu.cc:93] Cannot initialize GPU: Not compiled with GPU support
I0000 00:00:1770278172.884217  258099 random_forest.cc:659] num_threads being used: 48
I0000 00:00:1770278186.985910  258967 random_forest.cc:956] Train tree 1/240 accuracy:0.570871 logloss:15.4674 [index:17 total:14.10s tree:14.10s]
I0000 00:00:1770278193.288210  258966 random_forest.cc:956] Train tree 11/240 accuracy:0.594605 logloss:3.33953 [index:18 total:20.40s tree:20.40s]
I0000 00:00:1770278200.213484  258964 random_forest.cc:956] Train tree 21/240 accuracy:0.623385 logloss:0.995216 [index:14 total:27.33s tree:27.33s]
I0000 00:00:1770278207.293848  258962 random_forest.cc:956] Train tree 31/240 accuracy:0.643605 logloss:0.678782 [index:15 total:34.41s tree:34.41s]
I0000 00:00:1770278214.359167  258977 random_forest.cc:956] Train tree 41/240 accuracy:0.658877 logloss:0.627701 [index:28 total:41.47s tree:41.47s]
I0000 00:00:1770278221.418424  258984 random_forest.cc:956] Train tree 51/240 accuracy:0.670885 logloss:0.614859 [index:50 total:48.53s tree:33.27s]
I0000 00:00:1770278228.431481  258959 random_forest.cc:956] Train tree 61/240 accuracy:0.681575 logloss:0.608977 [index:60 total:55.55s tree:33.80s]
I0000 00:00:1770278235.443495  258975 random_forest.cc:956] Train tree 71/240 accuracy:0.689923 logloss:0.605446 [index:70 total:1m2.56s tree:33.82s]
I0000 00:00:1770278242.505857  258986 random_forest.cc:956] Train tree 81/240 accuracy:0.697155 logloss:0.603489 [index:80 total:1m9.62s tree:33.80s]
I0000 00:00:1770278249.561313  258988 random_forest.cc:956] Train tree 91/240 accuracy:0.702587 logloss:0.602113 [index:90 total:1m16.68s tree:33.79s]
I0000 00:00:1770278256.586505  258994 random_forest.cc:956] Train tree 101/240 accuracy:0.708027 logloss:0.600767 [index:100 total:1m23.70s tree:33.79s]
I0000 00:00:1770278263.624672  259002 random_forest.cc:956] Train tree 111/240 accuracy:0.713183 logloss:0.599678 [index:110 total:1m30.74s tree:33.77s]
I0000 00:00:1770278270.655279  258963 random_forest.cc:956] Train tree 121/240 accuracy:0.716197 logloss:0.598816 [index:120 total:1m37.77s tree:33.82s]
I0000 00:00:1770278277.706454  258955 random_forest.cc:956] Train tree 131/240 accuracy:0.720137 logloss:0.598171 [index:130 total:1m44.82s tree:33.79s]
I0000 00:00:1770278284.784360  258985 random_forest.cc:956] Train tree 141/240 accuracy:0.723075 logloss:0.597632 [index:140 total:1m51.90s tree:33.81s]
I0000 00:00:1770278291.783139  258972 random_forest.cc:956] Train tree 151/240 accuracy:0.72623 logloss:0.597083 [index:150 total:1m58.90s tree:33.81s]
I0000 00:00:1770278298.806656  258960 random_forest.cc:956] Train tree 161/240 accuracy:0.729835 logloss:0.596616 [index:160 total:2m5.92s tree:33.79s]
I0000 00:00:1770278305.813762  258996 random_forest.cc:956] Train tree 171/240 accuracy:0.732302 logloss:0.596167 [index:170 total:2m12.93s tree:33.73s]
I0000 00:00:1770278312.887758  258961 random_forest.cc:956] Train tree 181/240 accuracy:0.73457 logloss:0.59592 [index:180 total:2m20.00s tree:33.76s]
I0000 00:00:1770278319.895833  258974 random_forest.cc:956] Train tree 191/240 accuracy:0.736467 logloss:0.595506 [index:190 total:2m27.01s tree:33.70s]
I0000 00:00:1770278326.702441  258969 random_forest.cc:956] Train tree 201/240 accuracy:0.738248 logloss:0.595298 [index:200 total:2m33.82s tree:33.52s]
I0000 00:00:1770278332.910170  258981 random_forest.cc:956] Train tree 211/240 accuracy:0.740122 logloss:0.595023 [index:210 total:2m40.03s tree:32.72s]
I0000 00:00:1770278338.814136  258965 random_forest.cc:956] Train tree 221/240 accuracy:0.741535 logloss:0.594774 [index:220 total:2m45.93s tree:31.61s]
I0000 00:00:1770278344.690316  258991 random_forest.cc:956] Train tree 231/240 accuracy:0.742908 logloss:0.594417 [index:230 total:2m51.81s tree:30.41s]
I0000 00:00:1770278350.085352  258980 random_forest.cc:956] Train tree 240/240 accuracy:0.744485 logloss:0.594294 [index:239 total:2m57.20s tree:29.48s]
I0000 00:00:1770278350.085760  258099 random_forest.cc:990] random_forest.cc Training block took: 177.216 s
I0000 00:00:1770278350.085810  258099 random_forest.cc:1062] After Random Forest Training block. RETURNING EARLY TO SPEED UP XPS!!
-1 (automatic) threads requested. 48 threads set.
Configuring oblique splits
Using Dynamic Random Histogram with 256 samples
./bazel-bin/examples/train_oblique_forest --input_mode csv --train_csv "benchmarks/data/cc18_binary_csv/task_14965_bank-marketing/repeat0_fold0_sample0_train.csv" --label_col "Class" --numerical_split_type "Dynamic Random Histogram" --num_trees=240 --num_threads=-1 --compute_oob_performances=true --histogram_num_bins 256


Inferring DataSpec from CSV: benchmarks/data/cc18_binary_csv/task_14965_bank-marketing/repeat0_fold0_sample0_train.csv


WARNING: All log messages before absl::InitializeLog() is called are written to STDERR
I0000 00:00:1770278350.496789  259677 csv_example_reader.cc:212] 0 row(s) processed
I0000 00:00:1770278350.499163  259677 csv_example_reader.cc:216] Stop scanning the csv file to infer the type. Some records were not considered.
I0000 00:00:1770278350.499177  259677 data_spec_inference.cc:457] 17 column(s) found
I0000 00:00:1770278350.499186  259677 csv_example_reader.cc:303] 0 row(s) processed
I0000 00:00:1770278350.540253  259677 data_spec_inference.cc:494] Finalizing [40689 row(s) found]
I0000 00:00:1770278350.540331  259677 abstract_learner.cc:155] No input feature explicitly specified. Using all the available input features.
I0000 00:00:1770278350.540334  259677 abstract_learner.cc:172] The label "Class" was removed from the input feature set.
I0000 00:00:1770278350.540636  259677 vertical_dataset_io.cc:82] 100 examples scanned.
I0000 00:00:1770278350.579795  259677 vertical_dataset_io.cc:88] 40689 examples read. Memory: usage:2MB allocated:2MB. 0 (0%) examples have been skipped.
I0000 00:00:1770278350.579829  259677 abstract_learner.cc:155] No input feature explicitly specified. Using all the available input features.
I0000 00:00:1770278350.579833  259677 abstract_learner.cc:172] The label "Class" was removed from the input feature set.
I0000 00:00:1770278350.579851  259677 random_forest.cc:465] Training random forest on 40689 example(s) and 16 feature(s).
I0000 00:00:1770278350.579858  259677 gpu.cc:93] Cannot initialize GPU: Not compiled with GPU support
I0000 00:00:1770278350.581252  259677 random_forest.cc:659] num_threads being used: 48
I0000 00:00:1770278350.646598  259715 random_forest.cc:956] Train tree 1/240 accuracy:0.875316 logloss:4.49175 [index:0 total:0.07s tree:0.06s]
I0000 00:00:1770278350.708108  259694 random_forest.cc:956] Train tree 11/240 accuracy:0.892795 logloss:1.37616 [index:25 total:0.13s tree:0.12s]
I0000 00:00:1770278350.714817  259693 random_forest.cc:956] Train tree 51/240 accuracy:0.894689 logloss:1.2382 [index:50 total:0.13s tree:0.06s]
I0000 00:00:1770278351.028403  259700 random_forest.cc:956] Train tree 61/240 accuracy:0.902406 logloss:0.310353 [index:60 total:0.45s tree:0.31s]
I0000 00:00:1770278351.093044  259702 random_forest.cc:956] Train tree 71/240 accuracy:0.90334 logloss:0.287748 [index:70 total:0.51s tree:0.31s]
I0000 00:00:1770278351.157727  259723 random_forest.cc:956] Train tree 81/240 accuracy:0.903954 logloss:0.277443 [index:80 total:0.58s tree:0.31s]
I0000 00:00:1770278351.222676  259695 random_forest.cc:956] Train tree 91/240 accuracy:0.903979 logloss:0.264561 [index:90 total:0.64s tree:0.31s]
I0000 00:00:1770278351.262056  259692 random_forest.cc:956] Train tree 136/240 accuracy:0.904004 logloss:0.262009 [index:135 total:0.68s tree:0.06s]
I0000 00:00:1770278351.397813  259693 random_forest.cc:956] Train tree 157/240 accuracy:0.905109 logloss:0.250308 [index:156 total:0.82s tree:0.06s]
I0000 00:00:1770278351.711359  259722 random_forest.cc:956] Train tree 167/240 accuracy:0.90565 logloss:0.235299 [index:166 total:1.13s tree:0.31s]
I0000 00:00:1770278351.738016  259714 random_forest.cc:956] Train tree 210/240 accuracy:0.905773 logloss:0.234408 [index:209 total:1.16s tree:0.06s]
I0000 00:00:1770278351.801273  259689 random_forest.cc:956] Train tree 220/240 accuracy:0.905847 logloss:0.232117 [index:219 total:1.22s tree:0.06s]
I0000 00:00:1770278352.112498  259712 random_forest.cc:956] Train tree 230/240 accuracy:0.905748 logloss:0.223005 [index:229 total:1.53s tree:0.31s]
I0000 00:00:1770278352.175421  259721 random_forest.cc:956] Train tree 240/240 accuracy:0.905921 logloss:0.222074 [index:239 total:1.59s tree:0.30s]
I0000 00:00:1770278352.175517  259677 random_forest.cc:990] random_forest.cc Training block took: 1.59571 s
I0000 00:00:1770278352.175550  259677 random_forest.cc:1062] After Random Forest Training block. RETURNING EARLY TO SPEED UP XPS!!
-1 (automatic) threads requested. 48 threads set.
Configuring oblique splits
Using Dynamic Random Histogram with 256 samples
./bazel-bin/examples/train_oblique_forest --input_mode csv --train_csv "benchmarks/data/cc18_binary_csv/task_14952_PhishingWebsites/repeat0_fold0_sample0_train.csv" --label_col "Result" --numerical_split_type "Dynamic Random Histogram" --num_trees=240 --num_threads=-1 --compute_oob_performances=true --histogram_num_bins 256


Inferring DataSpec from CSV: benchmarks/data/cc18_binary_csv/task_14952_PhishingWebsites/repeat0_fold0_sample0_train.csv


WARNING: All log messages before absl::InitializeLog() is called are written to STDERR
I0000 00:00:1770278352.212725  259737 csv_example_reader.cc:212] 0 row(s) processed
I0000 00:00:1770278352.216559  259737 csv_example_reader.cc:216] Stop scanning the csv file to infer the type. Some records were not considered.
I0000 00:00:1770278352.216573  259737 data_spec_inference.cc:457] 31 column(s) found
I0000 00:00:1770278352.216585  259737 csv_example_reader.cc:303] 0 row(s) processed
I0000 00:00:1770278352.229247  259737 data_spec_inference.cc:494] Finalizing [9949 row(s) found]
I0000 00:00:1770278352.229314  259737 abstract_learner.cc:155] No input feature explicitly specified. Using all the available input features.
I0000 00:00:1770278352.229318  259737 abstract_learner.cc:172] The label "Result" was removed from the input feature set.
I0000 00:00:1770278352.229639  259737 vertical_dataset_io.cc:82] 100 examples scanned.
I0000 00:00:1770278352.244021  259737 vertical_dataset_io.cc:88] 9949 examples read. Memory: usage:1MB allocated:1MB. 0 (0%) examples have been skipped.
I0000 00:00:1770278352.244054  259737 abstract_learner.cc:155] No input feature explicitly specified. Using all the available input features.
I0000 00:00:1770278352.244057  259737 abstract_learner.cc:172] The label "Result" was removed from the input feature set.
I0000 00:00:1770278352.244070  259737 random_forest.cc:465] Training random forest on 9949 example(s) and 30 feature(s).
I0000 00:00:1770278352.244077  259737 gpu.cc:93] Cannot initialize GPU: Not compiled with GPU support
I0000 00:00:1770278352.244493  259737 random_forest.cc:659] num_threads being used: 48
I0000 00:00:1770278352.261019  259739 random_forest.cc:956] Train tree 1/240 accuracy:0.946823 logloss:1.16044 [index:1 total:0.02s tree:0.02s]
I0000 00:00:1770278352.272835  259765 random_forest.cc:956] Train tree 11/240 accuracy:0.964091 logloss:0.235048 [index:32 total:0.03s tree:0.03s]
I0000 00:00:1770278352.284827  259743 random_forest.cc:956] Train tree 21/240 accuracy:0.969143 logloss:0.117995 [index:6 total:0.04s tree:0.04s]
I0000 00:00:1770278352.296744  259783 random_forest.cc:956] Train tree 31/240 accuracy:0.971555 logloss:0.0989577 [index:43 total:0.05s tree:0.05s]
I0000 00:00:1770278352.309187  259775 random_forest.cc:956] Train tree 41/240 accuracy:0.972058 logloss:0.0953164 [index:41 total:0.06s tree:0.06s]
I0000 00:00:1770278352.316805  259763 random_forest.cc:956] Train tree 82/240 accuracy:0.97246 logloss:0.0953336 [index:79 total:0.07s tree:0.02s]
I0000 00:00:1770278352.346502  259745 random_forest.cc:956] Train tree 107/240 accuracy:0.97256 logloss:0.0881092 [index:108 total:0.10s tree:0.01s]
I0000 00:00:1770278352.375797  259777 random_forest.cc:956] Train tree 132/240 accuracy:0.972862 logloss:0.0846401 [index:131 total:0.13s tree:0.02s]
I0000 00:00:1770278352.392517  259785 random_forest.cc:956] Train tree 146/240 accuracy:0.972962 logloss:0.0845301 [index:143 total:0.15s tree:0.02s]
I0000 00:00:1770278352.409229  259785 random_forest.cc:956] Train tree 159/240 accuracy:0.97256 logloss:0.0843703 [index:158 total:0.16s tree:0.02s]
I0000 00:00:1770278352.420995  259751 random_forest.cc:956] Train tree 170/240 accuracy:0.971655 logloss:0.0846706 [index:168 total:0.18s tree:0.02s]
I0000 00:00:1770278352.456466  259747 random_forest.cc:956] Train tree 200/240 accuracy:0.971756 logloss:0.0815777 [index:198 total:0.21s tree:0.02s]
I0000 00:00:1770278352.479608  259745 random_forest.cc:956] Train tree 219/240 accuracy:0.971856 logloss:0.0814959 [index:219 total:0.24s tree:0.01s]
I0000 00:00:1770278352.531365  259755 random_forest.cc:956] Train tree 229/240 accuracy:0.971957 logloss:0.0814598 [index:227 total:0.29s tree:0.06s]
I0000 00:00:1770278352.543608  259772 random_forest.cc:956] Train tree 239/240 accuracy:0.971856 logloss:0.0815465 [index:238 total:0.30s tree:0.06s]
I0000 00:00:1770278352.545026  259770 random_forest.cc:956] Train tree 240/240 accuracy:0.971856 logloss:0.0815258 [index:239 total:0.30s tree:0.06s]
I0000 00:00:1770278352.545172  259737 random_forest.cc:990] random_forest.cc Training block took: 0.301147 s
I0000 00:00:1770278352.545208  259737 random_forest.cc:1062] After Random Forest Training block. RETURNING EARLY TO SPEED UP XPS!!
-1 (automatic) threads requested. 48 threads set.
Configuring oblique splits
Using Dynamic Random Histogram with 256 samples
./bazel-bin/examples/train_oblique_forest --input_mode csv --train_csv "benchmarks/data/cc18_binary_csv/task_29_credit-approval/repeat0_fold0_sample0_train.csv" --label_col "class" --numerical_split_type "Dynamic Random Histogram" --num_trees=240 --num_threads=-1 --compute_oob_performances=true --histogram_num_bins 256


Inferring DataSpec from CSV: benchmarks/data/cc18_binary_csv/task_29_credit-approval/repeat0_fold0_sample0_train.csv


WARNING: All log messages before absl::InitializeLog() is called are written to STDERR
I0000 00:00:1770278352.559688  259789 csv_example_reader.cc:212] 0 row(s) processed
I0000 00:00:1770278352.560964  259789 data_spec_inference.cc:457] 16 column(s) found
I0000 00:00:1770278352.560974  259789 csv_example_reader.cc:303] 0 row(s) processed
I0000 00:00:1770278352.561573  259789 data_spec_inference.cc:354] 1 item(s) have been pruned (i.e. they are considered out of dictionary) for the column A4 (2 item(s) left) because min_value_count=5 and max_number_of_unique_values=2000
I0000 00:00:1770278352.561578  259789 data_spec_inference.cc:354] 1 item(s) have been pruned (i.e. they are considered out of dictionary) for the column A5 (2 item(s) left) because min_value_count=5 and max_number_of_unique_values=2000
I0000 00:00:1770278352.561581  259789 data_spec_inference.cc:354] 1 item(s) have been pruned (i.e. they are considered out of dictionary) for the column A6 (13 item(s) left) because min_value_count=5 and max_number_of_unique_values=2000
I0000 00:00:1770278352.561586  259789 data_spec_inference.cc:354] 2 item(s) have been pruned (i.e. they are considered out of dictionary) for the column A7 (7 item(s) left) because min_value_count=5 and max_number_of_unique_values=2000
I0000 00:00:1770278352.561595  259789 data_spec_inference.cc:494] Finalizing [621 row(s) found]
I0000 00:00:1770278352.561651  259789 abstract_learner.cc:155] No input feature explicitly specified. Using all the available input features.
I0000 00:00:1770278352.561654  259789 abstract_learner.cc:172] The label "class" was removed from the input feature set.
I0000 00:00:1770278352.561916  259789 vertical_dataset_io.cc:82] 100 examples scanned.
I0000 00:00:1770278352.562373  259789 vertical_dataset_io.cc:88] 621 examples read. Memory: usage:0MB allocated:0MB. 0 (0%) examples have been skipped.
I0000 00:00:1770278352.562395  259789 abstract_learner.cc:155] No input feature explicitly specified. Using all the available input features.
I0000 00:00:1770278352.562399  259789 abstract_learner.cc:172] The label "class" was removed from the input feature set.
I0000 00:00:1770278352.562410  259789 random_forest.cc:465] Training random forest on 621 example(s) and 15 feature(s).
I0000 00:00:1770278352.562416  259789 gpu.cc:93] Cannot initialize GPU: Not compiled with GPU support
I0000 00:00:1770278352.562613  259789 random_forest.cc:659] num_threads being used: 48
I0000 00:00:1770278352.564475  259838 random_forest.cc:956] Train tree 1/240 accuracy:0.753247 logloss:8.89389 [index:0 total:0.00s tree:0.00s]
I0000 00:00:1770278352.565055  259799 random_forest.cc:956] Train tree 11/240 accuracy:0.826299 logloss:2.26236 [index:11 total:0.00s tree:0.00s]
I0000 00:00:1770278352.565582  259791 random_forest.cc:956] Train tree 21/240 accuracy:0.84219 logloss:1.30272 [index:22 total:0.00s tree:0.00s]
I0000 00:00:1770278352.565918  259810 random_forest.cc:956] Train tree 31/240 accuracy:0.861514 logloss:1.07864 [index:29 total:0.00s tree:0.00s]
I0000 00:00:1770278352.566314  259795 random_forest.cc:956] Train tree 43/240 accuracy:0.861514 logloss:0.906108 [index:40 total:0.00s tree:0.00s]
I0000 00:00:1770278352.566613  259796 random_forest.cc:956] Train tree 54/240 accuracy:0.869565 logloss:0.898842 [index:56 total:0.00s tree:0.00s]
I0000 00:00:1770278352.566883  259833 random_forest.cc:956] Train tree 64/240 accuracy:0.866345 logloss:0.788653 [index:63 total:0.00s tree:0.00s]
I0000 00:00:1770278352.567273  259824 random_forest.cc:956] Train tree 79/240 accuracy:0.866345 logloss:0.735656 [index:78 total:0.00s tree:0.00s]
I0000 00:00:1770278352.568058  259793 random_forest.cc:956] Train tree 94/240 accuracy:0.867955 logloss:0.678961 [index:92 total:0.01s tree:0.00s]
I0000 00:00:1770278352.569175  259828 random_forest.cc:956] Train tree 113/240 accuracy:0.866345 logloss:0.575601 [index:111 total:0.01s tree:0.00s]
I0000 00:00:1770278352.569936  259817 random_forest.cc:956] Train tree 128/240 accuracy:0.864734 logloss:0.519577 [index:129 total:0.01s tree:0.00s]
I0000 00:00:1770278352.571570  259812 random_forest.cc:956] Train tree 160/240 accuracy:0.867955 logloss:0.521845 [index:158 total:0.01s tree:0.00s]
I0000 00:00:1770278352.572221  259804 random_forest.cc:956] Train tree 172/240 accuracy:0.866345 logloss:0.420143 [index:173 total:0.01s tree:0.00s]
I0000 00:00:1770278352.572766  259794 random_forest.cc:956] Train tree 183/240 accuracy:0.864734 logloss:0.419947 [index:181 total:0.01s tree:0.00s]
I0000 00:00:1770278352.573263  259808 random_forest.cc:956] Train tree 193/240 accuracy:0.864734 logloss:0.420752 [index:192 total:0.01s tree:0.00s]
I0000 00:00:1770278352.574061  259795 random_forest.cc:956] Train tree 207/240 accuracy:0.866345 logloss:0.421154 [index:207 total:0.01s tree:0.00s]
I0000 00:00:1770278352.574919  259815 random_forest.cc:956] Train tree 222/240 accuracy:0.864734 logloss:0.421537 [index:225 total:0.01s tree:0.00s]
I0000 00:00:1770278352.576862  259800 random_forest.cc:956] Train tree 232/240 accuracy:0.863124 logloss:0.371044 [index:231 total:0.01s tree:0.00s]
I0000 00:00:1770278352.577352  259825 random_forest.cc:956] Train tree 240/240 accuracy:0.863124 logloss:0.321404 [index:238 total:0.01s tree:0.00s]
I0000 00:00:1770278352.577558  259789 random_forest.cc:990] random_forest.cc Training block took: 0.0151789 s
I0000 00:00:1770278352.577579  259789 random_forest.cc:1062] After Random Forest Training block. RETURNING EARLY TO SPEED UP XPS!!
-1 (automatic) threads requested. 48 threads set.
Configuring oblique splits
Using Dynamic Random Histogram with 256 samples
./bazel-bin/examples/train_oblique_forest --input_mode csv --train_csv "benchmarks/data/cc18_binary_csv/task_167125_Internet-Advertisements/repeat0_fold0_sample0_train.csv" --label_col "class" --numerical_split_type "Dynamic Random Histogram" --num_trees=240 --num_threads=-1 --compute_oob_performances=true --histogram_num_bins 256


Inferring DataSpec from CSV: benchmarks/data/cc18_binary_csv/task_167125_Internet-Advertisements/repeat0_fold0_sample0_train.csv


WARNING: All log messages before absl::InitializeLog() is called are written to STDERR
I0000 00:00:1770278352.587882  259841 csv_example_reader.cc:212] 0 row(s) processed
I0000 00:00:1770278352.731782  259841 csv_example_reader.cc:216] Stop scanning the csv file to infer the type. Some records were not considered.
I0000 00:00:1770278352.731979  259841 data_spec_inference.cc:457] 1559 column(s) found
I0000 00:00:1770278352.732765  259841 csv_example_reader.cc:303] 0 row(s) processed
I0000 00:00:1770278352.855959  259841 data_spec_inference.cc:494] Finalizing [2951 row(s) found]
I0000 00:00:1770278352.856121  259841 abstract_learner.cc:155] No input feature explicitly specified. Using all the available input features.
I0000 00:00:1770278352.856124  259841 abstract_learner.cc:172] The label "class" was removed from the input feature set.
I0000 00:00:1770278352.863342  259841 vertical_dataset_io.cc:82] 100 examples scanned.
I0000 00:00:1770278353.026619  259841 vertical_dataset_io.cc:88] 2951 examples read. Memory: usage:4MB allocated:4MB. 0 (0%) examples have been skipped.
I0000 00:00:1770278353.026922  259841 abstract_learner.cc:155] No input feature explicitly specified. Using all the available input features.
I0000 00:00:1770278353.026963  259841 abstract_learner.cc:172] The label "class" was removed from the input feature set.
I0000 00:00:1770278353.027087  259841 random_forest.cc:465] Training random forest on 2951 example(s) and 1558 feature(s).
I0000 00:00:1770278353.027136  259841 gpu.cc:93] Cannot initialize GPU: Not compiled with GPU support
I0000 00:00:1770278353.027429  259841 random_forest.cc:659] num_threads being used: 48
I0000 00:00:1770278353.053600  259863 random_forest.cc:956] Train tree 1/240 accuracy:0.960114 logloss:1.43764 [index:23 total:0.03s tree:0.02s]
I0000 00:00:1770278353.060272  259889 random_forest.cc:956] Train tree 11/240 accuracy:0.973093 logloss:0.573277 [index:15 total:0.03s tree:0.03s]
I0000 00:00:1770278353.071288  259890 random_forest.cc:956] Train tree 23/240 accuracy:0.972881 logloss:0.386175 [index:14 total:0.04s tree:0.04s]
I0000 00:00:1770278353.075129  259857 random_forest.cc:956] Train tree 40/240 accuracy:0.975263 logloss:0.350305 [index:26 total:0.05s tree:0.05s]
I0000 00:00:1770278353.090864  259888 random_forest.cc:956] Train tree 50/240 accuracy:0.976957 logloss:0.267459 [index:50 total:0.06s tree:0.04s]
I0000 00:00:1770278353.102903  259870 random_forest.cc:956] Train tree 60/240 accuracy:0.976957 logloss:0.255993 [index:54 total:0.08s tree:0.05s]
I0000 00:00:1770278353.109244  259879 random_forest.cc:956] Train tree 70/240 accuracy:0.97594 logloss:0.24457 [index:94 total:0.08s tree:0.02s]
I0000 00:00:1770278353.118662  259888 random_forest.cc:956] Train tree 81/240 accuracy:0.976279 logloss:0.243787 [index:97 total:0.09s tree:0.03s]
I0000 00:00:1770278353.124216  259878 random_forest.cc:956] Train tree 91/240 accuracy:0.975601 logloss:0.233157 [index:80 total:0.10s tree:0.04s]
I0000 00:00:1770278353.134018  259873 random_forest.cc:956] Train tree 103/240 accuracy:0.97594 logloss:0.211326 [index:92 total:0.11s tree:0.05s]
I0000 00:00:1770278353.144243  259874 random_forest.cc:956] Train tree 113/240 accuracy:0.975601 logloss:0.200337 [index:103 total:0.12s tree:0.04s]
I0000 00:00:1770278353.151640  259884 random_forest.cc:956] Train tree 124/240 accuracy:0.97594 logloss:0.200403 [index:110 total:0.12s tree:0.05s]
I0000 00:00:1770278353.160494  259889 random_forest.cc:956] Train tree 134/240 accuracy:0.975601 logloss:0.200211 [index:145 total:0.13s tree:0.03s]
I0000 00:00:1770278353.169550  259855 random_forest.cc:956] Train tree 145/240 accuracy:0.975601 logloss:0.189656 [index:137 total:0.14s tree:0.04s]
I0000 00:00:1770278353.180902  259844 random_forest.cc:956] Train tree 157/240 accuracy:0.975601 logloss:0.178504 [index:170 total:0.15s tree:0.03s]
I0000 00:00:1770278353.185767  259864 random_forest.cc:956] Train tree 169/240 accuracy:0.975601 logloss:0.167519 [index:158 total:0.16s tree:0.04s]
I0000 00:00:1770278353.197670  259881 random_forest.cc:956] Train tree 179/240 accuracy:0.975263 logloss:0.157017 [index:190 total:0.17s tree:0.03s]
I0000 00:00:1770278353.207025  259873 random_forest.cc:956] Train tree 189/240 accuracy:0.975263 logloss:0.157216 [index:200 total:0.18s tree:0.03s]
I0000 00:00:1770278353.215289  259855 random_forest.cc:956] Train tree 199/240 accuracy:0.975263 logloss:0.157636 [index:191 total:0.19s tree:0.05s]
I0000 00:00:1770278353.223472  259881 random_forest.cc:956] Train tree 209/240 accuracy:0.975601 logloss:0.15798 [index:226 total:0.20s tree:0.03s]
I0000 00:00:1770278353.230131  259854 random_forest.cc:956] Train tree 219/240 accuracy:0.97594 logloss:0.158044 [index:231 total:0.20s tree:0.03s]
I0000 00:00:1770278353.242861  259859 random_forest.cc:956] Train tree 229/240 accuracy:0.97594 logloss:0.158254 [index:223 total:0.22s tree:0.05s]
I0000 00:00:1770278353.252874  259865 random_forest.cc:956] Train tree 239/240 accuracy:0.976279 logloss:0.157991 [index:236 total:0.23s tree:0.04s]
I0000 00:00:1770278353.255513  259847 random_forest.cc:956] Train tree 240/240 accuracy:0.976279 logloss:0.158021 [index:237 total:0.23s tree:0.05s]
I0000 00:00:1770278353.255952  259841 random_forest.cc:990] random_forest.cc Training block took: 0.229196 s
I0000 00:00:1770278353.255978  259841 random_forest.cc:1062] After Random Forest Training block. RETURNING EARLY TO SPEED UP XPS!!
-1 (automatic) threads requested. 48 threads set.
Configuring oblique splits
Using Dynamic Random Histogram with 256 samples
./bazel-bin/examples/train_oblique_forest --input_mode trunk --rows 10000 --numerical_split_type "Dynamic Random Histogram" --num_trees=240 --num_threads=-1 --compute_oob_performances=true --histogram_num_bins 256
WARNING: All log messages before absl::InitializeLog() is called are written to STDERR
I0000 00:00:1770278353.610249  259901 abstract_learner.cc:155] No input feature explicitly specified. Using all the available input features.
I0000 00:00:1770278353.610272  259901 abstract_learner.cc:172] The label "y" was removed from the input feature set.
I0000 00:00:1770278353.610837  259901 random_forest.cc:465] Training random forest on 10000 example(s) and 4096 feature(s).
I0000 00:00:1770278353.611004  259901 gpu.cc:93] Cannot initialize GPU: Not compiled with GPU support
I0000 00:00:1770278353.612413  259901 random_forest.cc:659] num_threads being used: 48
I0000 00:00:1770278353.932060  259937 random_forest.cc:956] Train tree 1/240 accuracy:0.692903 logloss:11.0689 [index:38 total:0.32s tree:0.32s]
I0000 00:00:1770278353.998673  259912 random_forest.cc:956] Train tree 11/240 accuracy:0.705362 logloss:2.28522 [index:12 total:0.39s tree:0.39s]
I0000 00:00:1770278354.047190  259908 random_forest.cc:956] Train tree 21/240 accuracy:0.744474 logloss:0.688323 [index:13 total:0.43s tree:0.43s]
I0000 00:00:1770278354.096153  259942 random_forest.cc:956] Train tree 31/240 accuracy:0.767 logloss:0.545515 [index:3 total:0.48s tree:0.48s]
I0000 00:00:1770278354.147694  259936 random_forest.cc:956] Train tree 41/240 accuracy:0.7887 logloss:0.525059 [index:45 total:0.54s tree:0.53s]
I0000 00:00:1770278354.297792  259945 random_forest.cc:956] Train tree 51/240 accuracy:0.7998 logloss:0.52447 [index:50 total:0.69s tree:0.34s]
I0000 00:00:1770278354.359923  259903 random_forest.cc:956] Train tree 61/240 accuracy:0.8226 logloss:0.518468 [index:64 total:0.75s tree:0.33s]
I0000 00:00:1770278354.416967  259918 random_forest.cc:956] Train tree 71/240 accuracy:0.8355 logloss:0.51656 [index:71 total:0.80s tree:0.36s]
I0000 00:00:1770278354.474072  259922 random_forest.cc:956] Train tree 81/240 accuracy:0.8514 logloss:0.51429 [index:79 total:0.86s tree:0.37s]
I0000 00:00:1770278354.528860  259936 random_forest.cc:956] Train tree 91/240 accuracy:0.864 logloss:0.512124 [index:88 total:0.92s tree:0.38s]
I0000 00:00:1770278354.687045  259909 random_forest.cc:956] Train tree 101/240 accuracy:0.8727 logloss:0.511965 [index:100 total:1.07s tree:0.37s]
I0000 00:00:1770278354.747783  259908 random_forest.cc:956] Train tree 111/240 accuracy:0.8818 logloss:0.509493 [index:114 total:1.14s tree:0.35s]
I0000 00:00:1770278354.793167  259904 random_forest.cc:956] Train tree 121/240 accuracy:0.8872 logloss:0.509779 [index:119 total:1.18s tree:0.37s]
I0000 00:00:1770278354.868484  259931 random_forest.cc:956] Train tree 131/240 accuracy:0.897 logloss:0.50832 [index:129 total:1.26s tree:0.39s]
I0000 00:00:1770278354.920454  259905 random_forest.cc:956] Train tree 141/240 accuracy:0.9013 logloss:0.507322 [index:140 total:1.31s tree:0.38s]
I0000 00:00:1770278355.065905  259926 random_forest.cc:956] Train tree 151/240 accuracy:0.9047 logloss:0.505955 [index:149 total:1.45s tree:0.37s]
I0000 00:00:1770278355.127387  259913 random_forest.cc:956] Train tree 161/240 accuracy:0.9117 logloss:0.505507 [index:162 total:1.51s tree:0.36s]
I0000 00:00:1770278355.183691  259917 random_forest.cc:956] Train tree 171/240 accuracy:0.9154 logloss:0.505869 [index:168 total:1.57s tree:0.38s]
I0000 00:00:1770278355.246645  259916 random_forest.cc:956] Train tree 181/240 accuracy:0.9181 logloss:0.505186 [index:177 total:1.63s tree:0.38s]
I0000 00:00:1770278355.325141  259943 random_forest.cc:956] Train tree 191/240 accuracy:0.9236 logloss:0.504702 [index:190 total:1.71s tree:0.38s]
I0000 00:00:1770278355.445856  259926 random_forest.cc:956] Train tree 201/240 accuracy:0.9267 logloss:0.504446 [index:198 total:1.83s tree:0.38s]
I0000 00:00:1770278355.507144  259911 random_forest.cc:956] Train tree 211/240 accuracy:0.9285 logloss:0.504319 [index:210 total:1.89s tree:0.37s]
I0000 00:00:1770278355.561738  259920 random_forest.cc:956] Train tree 221/240 accuracy:0.9327 logloss:0.504027 [index:221 total:1.95s tree:0.36s]
I0000 00:00:1770278355.618329  259931 random_forest.cc:956] Train tree 231/240 accuracy:0.9323 logloss:0.504811 [index:230 total:2.01s tree:0.36s]
I0000 00:00:1770278355.707413  259940 random_forest.cc:956] Train tree 240/240 accuracy:0.9342 logloss:0.505219 [index:239 total:2.09s tree:0.37s]
I0000 00:00:1770278355.707691  259901 random_forest.cc:990] random_forest.cc Training block took: 2.09779 s
I0000 00:00:1770278355.707755  259901 random_forest.cc:1062] After Random Forest Training block. RETURNING EARLY TO SPEED UP XPS!!

Generating trunk synthetic dataset: rows=10000, cols=4096
-1 (automatic) threads requested. 48 threads set.
Configuring oblique splits
Using Dynamic Random Histogram with 256 samples
./bazel-bin/examples/train_oblique_forest --input_mode trunk --rows 100000 --numerical_split_type "Dynamic Random Histogram" --num_trees=240 --num_threads=-1 --compute_oob_performances=true --histogram_num_bins 256
WARNING: All log messages before absl::InitializeLog() is called are written to STDERR
I0000 00:00:1770278359.182929  259961 abstract_learner.cc:155] No input feature explicitly specified. Using all the available input features.
I0000 00:00:1770278359.182961  259961 abstract_learner.cc:172] The label "y" was removed from the input feature set.
I0000 00:00:1770278359.183544  259961 random_forest.cc:465] Training random forest on 100000 example(s) and 4096 feature(s).
I0000 00:00:1770278359.183748  259961 gpu.cc:93] Cannot initialize GPU: Not compiled with GPU support
I0000 00:00:1770278359.187901  259961 random_forest.cc:659] num_threads being used: 48
I0000 00:00:1770278363.351071  260003 random_forest.cc:956] Train tree 1/240 accuracy:0.687802 logloss:11.2527 [index:36 total:4.16s tree:4.16s]
I0000 00:00:1770278364.389274  259978 random_forest.cc:956] Train tree 11/240 accuracy:0.738484 logloss:1.97031 [index:11 total:5.20s tree:5.20s]
I0000 00:00:1770278365.461621  259981 random_forest.cc:956] Train tree 21/240 accuracy:0.790347 logloss:0.613229 [index:17 total:6.27s tree:6.27s]
I0000 00:00:1770278366.570368  260011 random_forest.cc:956] Train tree 31/240 accuracy:0.82397 logloss:0.477644 [index:5 total:7.38s tree:7.38s]
I0000 00:00:1770278367.726182  260016 random_forest.cc:956] Train tree 41/240 accuracy:0.84649 logloss:0.466573 [index:41 total:8.54s tree:8.53s]
I0000 00:00:1770278368.880964  260000 random_forest.cc:956] Train tree 51/240 accuracy:0.86569 logloss:0.463656 [index:49 total:9.69s tree:5.42s]
I0000 00:00:1770278370.008126  260005 random_forest.cc:956] Train tree 61/240 accuracy:0.88225 logloss:0.459876 [index:60 total:10.82s tree:5.41s]
I0000 00:00:1770278371.129771  259977 random_forest.cc:956] Train tree 71/240 accuracy:0.89657 logloss:0.454868 [index:70 total:11.94s tree:5.45s]
I0000 00:00:1770278372.287963  259999 random_forest.cc:956] Train tree 81/240 accuracy:0.90426 logloss:0.45591 [index:80 total:13.10s tree:5.49s]
I0000 00:00:1770278373.424446  259986 random_forest.cc:956] Train tree 91/240 accuracy:0.91203 logloss:0.454347 [index:90 total:14.24s tree:5.46s]
I0000 00:00:1770278374.583283  259991 random_forest.cc:956] Train tree 101/240 accuracy:0.91721 logloss:0.455706 [index:100 total:15.40s tree:5.49s]
I0000 00:00:1770278375.736268  259988 random_forest.cc:956] Train tree 111/240 accuracy:0.92278 logloss:0.456535 [index:110 total:16.55s tree:5.50s]
I0000 00:00:1770278376.892041  259972 random_forest.cc:956] Train tree 121/240 accuracy:0.92749 logloss:0.455969 [index:120 total:17.70s tree:5.54s]
I0000 00:00:1770278378.024731  260001 random_forest.cc:956] Train tree 131/240 accuracy:0.93197 logloss:0.454536 [index:130 total:18.84s tree:5.51s]
I0000 00:00:1770278379.165153  260010 random_forest.cc:956] Train tree 141/240 accuracy:0.93595 logloss:0.453259 [index:140 total:19.98s tree:5.50s]
I0000 00:00:1770278380.324090  259975 random_forest.cc:956] Train tree 151/240 accuracy:0.9383 logloss:0.453611 [index:151 total:21.14s tree:5.39s]
I0000 00:00:1770278381.475969  260013 random_forest.cc:956] Train tree 161/240 accuracy:0.94128 logloss:0.454278 [index:160 total:22.29s tree:5.51s]
I0000 00:00:1770278382.625981  259990 random_forest.cc:956] Train tree 171/240 accuracy:0.9436 logloss:0.454827 [index:170 total:23.44s tree:5.51s]
I0000 00:00:1770278383.773645  259995 random_forest.cc:956] Train tree 181/240 accuracy:0.94608 logloss:0.455024 [index:180 total:24.59s tree:5.52s]
I0000 00:00:1770278384.915440  260006 random_forest.cc:956] Train tree 191/240 accuracy:0.94818 logloss:0.454323 [index:190 total:25.73s tree:5.53s]
I0000 00:00:1770278386.057214  259980 random_forest.cc:956] Train tree 201/240 accuracy:0.94975 logloss:0.454909 [index:200 total:26.87s tree:5.50s]
I0000 00:00:1770278387.134687  259979 random_forest.cc:956] Train tree 211/240 accuracy:0.95179 logloss:0.453863 [index:209 total:27.95s tree:5.54s]
I0000 00:00:1770278388.223805  259976 random_forest.cc:956] Train tree 221/240 accuracy:0.9526 logloss:0.454706 [index:220 total:29.04s tree:5.37s]
I0000 00:00:1770278389.260553  260018 random_forest.cc:956] Train tree 231/240 accuracy:0.95417 logloss:0.454228 [index:229 total:30.07s tree:5.37s]
I0000 00:00:1770278390.187183  259985 random_forest.cc:956] Train tree 240/240 accuracy:0.95492 logloss:0.454122 [index:239 total:31.00s tree:5.16s]
I0000 00:00:1770278390.187734  259961 random_forest.cc:990] random_forest.cc Training block took: 31.0052 s
I0000 00:00:1770278390.187794  259961 random_forest.cc:1062] After Random Forest Training block. RETURNING EARLY TO SPEED UP XPS!!

Generating trunk synthetic dataset: rows=100000, cols=4096
-1 (automatic) threads requested. 48 threads set.
Configuring oblique splits
Using Dynamic Random Histogram with 256 samples
./bazel-bin/examples/train_oblique_forest --input_mode trunk --rows 1000000 --numerical_split_type "Dynamic Random Histogram" --num_trees=240 --num_threads=-1 --compute_oob_performances=true --histogram_num_bins 256
WARNING: All log messages before absl::InitializeLog() is called are written to STDERR
I0000 00:00:1770278424.586529  260141 abstract_learner.cc:155] No input feature explicitly specified. Using all the available input features.
I0000 00:00:1770278424.586562  260141 abstract_learner.cc:172] The label "y" was removed from the input feature set.
I0000 00:00:1770278424.587149  260141 random_forest.cc:465] Training random forest on 1000000 example(s) and 4096 feature(s).
I0000 00:00:1770278424.587345  260141 gpu.cc:93] Cannot initialize GPU: Not compiled with GPU support
I0000 00:00:1770278424.619639  260141 random_forest.cc:659] num_threads being used: 48
I0000 00:00:1770278471.175903  260286 random_forest.cc:956] Train tree 1/240 accuracy:0.727246 logloss:9.83104 [index:20 total:46.56s tree:46.55s]
I0000 00:00:1770278481.876476  260277 random_forest.cc:956] Train tree 7/240 accuracy:0.734025 logloss:3.77689 [index:10 total:57.26s tree:57.26s]
I0000 00:00:1770278493.164638  260305 random_forest.cc:956] Train tree 13/240 accuracy:0.778799 logloss:1.26586 [index:38 total:1m8.54s tree:1m8.54s]
I0000 00:00:1770278505.118632  260280 random_forest.cc:956] Train tree 19/240 accuracy:0.811938 logloss:0.629203 [index:19 total:1m20.50s tree:1m20.50s]
I0000 00:00:1770278515.563653  260294 random_forest.cc:956] Train tree 24/240 accuracy:0.830538 logloss:0.492463 [index:25 total:1m30.94s tree:1m30.94s]
I0000 00:00:1770278526.101655  260310 random_forest.cc:956] Train tree 29/240 accuracy:0.846658 logloss:0.451221 [index:47 total:1m41.48s tree:1m41.48s]
I0000 00:00:1770278536.593410  260289 random_forest.cc:956] Train tree 34/240 accuracy:0.858547 logloss:0.439513 [index:22 total:1m51.97s tree:1m51.97s]
I0000 00:00:1770278547.160808  260292 random_forest.cc:956] Train tree 39/240 accuracy:0.868946 logloss:0.435329 [index:26 total:2m2.54s tree:2m2.54s]
I0000 00:00:1770278557.837240  260285 random_forest.cc:956] Train tree 44/240 accuracy:0.877483 logloss:0.434579 [index:21 total:2m13.22s tree:2m13.22s]
I0000 00:00:1770278568.211047  260286 random_forest.cc:956] Train tree 49/240 accuracy:0.886159 logloss:0.432767 [index:48 total:2m23.59s tree:1m37.03s]
I0000 00:00:1770278578.696109  260307 random_forest.cc:956] Train tree 54/240 accuracy:0.8933 logloss:0.432058 [index:53 total:2m34.08s tree:1m38.63s]
I0000 00:00:1770278588.918459  260309 random_forest.cc:956] Train tree 59/240 accuracy:0.900717 logloss:0.42958 [index:58 total:2m44.30s tree:1m39.62s]
I0000 00:00:1770278599.109615  260317 random_forest.cc:956] Train tree 64/240 accuracy:0.907097 logloss:0.427739 [index:63 total:2m54.49s tree:1m40.07s]
I0000 00:00:1770278609.375031  260290 random_forest.cc:956] Train tree 69/240 accuracy:0.912583 logloss:0.426641 [index:68 total:3m4.76s tree:1m40.10s]
I0000 00:00:1770278619.668569  260288 random_forest.cc:956] Train tree 74/240 accuracy:0.917244 logloss:0.425515 [index:73 total:3m15.05s tree:1m39.91s]
I0000 00:00:1770278629.905959  260311 random_forest.cc:956] Train tree 79/240 accuracy:0.921802 logloss:0.424042 [index:78 total:3m25.29s tree:1m39.60s]
I0000 00:00:1770278640.153842  260283 random_forest.cc:956] Train tree 84/240 accuracy:0.925695 logloss:0.422793 [index:83 total:3m35.53s tree:1m39.37s]
I0000 00:00:1770278650.754054  260287 random_forest.cc:956] Train tree 89/240 accuracy:0.928428 logloss:0.423498 [index:88 total:3m46.13s tree:1m39.34s]
I0000 00:00:1770278661.312767  260320 random_forest.cc:956] Train tree 94/240 accuracy:0.931141 logloss:0.424125 [index:93 total:3m56.69s tree:1m39.37s]
I0000 00:00:1770278671.634004  260295 random_forest.cc:956] Train tree 99/240 accuracy:0.933654 logloss:0.423424 [index:98 total:4m7.01s tree:1m39.18s]
I0000 00:00:1770278681.963501  260284 random_forest.cc:956] Train tree 104/240 accuracy:0.935914 logloss:0.423239 [index:103 total:4m17.34s tree:1m39.31s]
I0000 00:00:1770278692.281713  260305 random_forest.cc:956] Train tree 109/240 accuracy:0.938109 logloss:0.422851 [index:108 total:4m27.66s tree:1m39.22s]
I0000 00:00:1770278702.586148  260316 random_forest.cc:956] Train tree 114/240 accuracy:0.939997 logloss:0.422625 [index:113 total:4m37.97s tree:1m39.45s]
I0000 00:00:1770278712.669647  260306 random_forest.cc:956] Train tree 119/240 accuracy:0.942345 logloss:0.421405 [index:118 total:4m48.05s tree:1m39.21s]
I0000 00:00:1770278722.863643  260318 random_forest.cc:956] Train tree 124/240 accuracy:0.944202 logloss:0.420374 [index:123 total:4m58.24s tree:1m39.25s]
I0000 00:00:1770278733.146903  260299 random_forest.cc:956] Train tree 129/240 accuracy:0.945779 logloss:0.41984 [index:128 total:5m8.53s tree:1m39.07s]
I0000 00:00:1770278743.408029  260308 random_forest.cc:956] Train tree 134/240 accuracy:0.947375 logloss:0.419147 [index:133 total:5m18.79s tree:1m39.02s]
I0000 00:00:1770278753.975138  260312 random_forest.cc:956] Train tree 139/240 accuracy:0.948658 logloss:0.419605 [index:138 total:5m29.36s tree:1m39.03s]
I0000 00:00:1770278764.441831  260278 random_forest.cc:956] Train tree 144/240 accuracy:0.949875 logloss:0.420029 [index:143 total:5m39.82s tree:1m39.03s]
I0000 00:00:1770278774.911556  260281 random_forest.cc:956] Train tree 149/240 accuracy:0.951013 logloss:0.42008 [index:148 total:5m50.29s tree:1m39.10s]
I0000 00:00:1770278785.171371  260302 random_forest.cc:956] Train tree 154/240 accuracy:0.95215 logloss:0.41961 [index:153 total:6m0.55s tree:1m38.93s]
I0000 00:00:1770278795.529269  260297 random_forest.cc:956] Train tree 159/240 accuracy:0.953192 logloss:0.419895 [index:158 total:6m10.91s tree:1m39.14s]
I0000 00:00:1770278805.888563  260304 random_forest.cc:956] Train tree 164/240 accuracy:0.954067 logloss:0.420079 [index:163 total:6m21.27s tree:1m39.21s]
I0000 00:00:1770278816.045251  260276 random_forest.cc:956] Train tree 169/240 accuracy:0.954958 logloss:0.419757 [index:168 total:6m31.43s tree:1m39.24s]
I0000 00:00:1770278826.312659  260310 random_forest.cc:956] Train tree 174/240 accuracy:0.955901 logloss:0.419288 [index:173 total:6m41.69s tree:1m39.36s]
I0000 00:00:1770278836.601369  260321 random_forest.cc:956] Train tree 179/240 accuracy:0.95653 logloss:0.418977 [index:178 total:6m51.98s tree:1m39.35s]
I0000 00:00:1770278847.130488  260300 random_forest.cc:956] Train tree 184/240 accuracy:0.957488 logloss:0.419138 [index:183 total:7m2.51s tree:1m39.51s]
I0000 00:00:1770278857.530121  260320 random_forest.cc:956] Train tree 189/240 accuracy:0.958152 logloss:0.419082 [index:189 total:7m12.91s tree:1m37.31s]
I0000 00:00:1770278867.926047  260296 random_forest.cc:956] Train tree 194/240 accuracy:0.958875 logloss:0.419252 [index:193 total:7m23.31s tree:1m39.29s]
I0000 00:00:1770278878.022329  260277 random_forest.cc:956] Train tree 199/240 accuracy:0.959445 logloss:0.419435 [index:198 total:7m33.40s tree:1m39.07s]
I0000 00:00:1770278889.436381  260305 random_forest.cc:956] Train tree 205/240 accuracy:0.960062 logloss:0.419344 [index:204 total:7m44.82s tree:1m38.07s]
I0000 00:00:1770278899.978230  260280 random_forest.cc:956] Train tree 211/240 accuracy:0.960823 logloss:0.418653 [index:210 total:7m55.36s tree:1m36.26s]
I0000 00:00:1770278910.124322  260276 random_forest.cc:956] Train tree 217/240 accuracy:0.961374 logloss:0.419001 [index:216 total:8m5.50s tree:1m34.08s]
I0000 00:00:1770278920.170223  260311 random_forest.cc:956] Train tree 223/240 accuracy:0.962008 logloss:0.418897 [index:222 total:8m15.55s tree:1m31.82s]
I0000 00:00:1770278930.351896  260315 random_forest.cc:956] Train tree 229/240 accuracy:0.962575 logloss:0.419083 [index:228 total:8m25.73s tree:1m29.53s]
I0000 00:00:1770278940.461626  260312 random_forest.cc:956] Train tree 235/240 accuracy:0.963163 logloss:0.419158 [index:234 total:8m35.84s tree:1m27.00s]
I0000 00:00:1770278948.783971  260278 random_forest.cc:956] Train tree 240/240 accuracy:0.963574 logloss:0.418924 [index:239 total:8m44.16s tree:1m25.01s]
I0000 00:00:1770278948.784622  260141 random_forest.cc:990] random_forest.cc Training block took: 524.198 s
I0000 00:00:1770278948.784681  260141 random_forest.cc:1062] After Random Forest Training block. RETURNING EARLY TO SPEED UP XPS!!

Generating trunk synthetic dataset: rows=1000000, cols=4096
-1 (automatic) threads requested. 48 threads set.
Configuring oblique splits
Using Dynamic Random Histogram with 256 samples
