Plan: 25 datasets × 10 seeds × (12) configs

=== Dataset climate-model-crashes (id=1467) shape=(540, 21) ===
  [1/3000] climate-model-crashes_s0_AxisAligned_d3: acc=0.898148 train=0.1s best=0.201µs (0.1s wall, ETA 0.1h)
  [2/3000] climate-model-crashes_s0_AxisAligned_d4: acc=0.898148 train=0.1s best=0.301µs (0.1s wall, ETA 0.1h)
  [3/3000] climate-model-crashes_s0_AxisAligned_d5: acc=0.898148 train=0.1s best=0.292µs (0.1s wall, ETA 0.1h)
  [4/3000] climate-model-crashes_s0_AxisAligned_d6: acc=0.888889 train=0.1s best=0.171µs (0.1s wall, ETA 0.1h)
  [5/3000] climate-model-crashes_s0_AxisAligned_d7: acc=0.898148 train=0.2s best=0.419µs (0.2s wall, ETA 0.1h)
  [6/3000] climate-model-crashes_s0_AxisAligned_d8: acc=0.907407 train=0.2s best=0.381µs (0.2s wall, ETA 0.1h)
  [7/3000] climate-model-crashes_s0_AxisAligned_d10: acc=0.907407 train=0.2s best=0.503µs (0.3s wall, ETA 0.1h)
  [8/3000] climate-model-crashes_s0_Oblique_d3: acc=0.898148 train=0.1s best=0.643µs (0.1s wall, ETA 0.1h)
  [9/3000] climate-model-crashes_s0_Oblique_d4: acc=0.898148 train=0.1s best=0.683µs (0.1s wall, ETA 0.1h)
  [10/3000] climate-model-crashes_s0_Oblique_d5: acc=0.898148 train=0.2s best=1.161µs (0.2s wall, ETA 0.1h)
  [11/3000] climate-model-crashes_s0_Oblique_d6: acc=0.907407 train=0.2s best=1.059µs (0.2s wall, ETA 0.1h)
  [12/3000] climate-model-crashes_s0_Oblique_d8: acc=0.898148 train=0.4s best=2.115µs (0.4s wall, ETA 0.2h)
  [13/3000] climate-model-crashes_s1_AxisAligned_d3: acc=0.898148 train=0.0s best=0.099µs (0.1s wall, ETA 0.2h)
  [14/3000] climate-model-crashes_s1_AxisAligned_d4: acc=0.87963 train=0.0s best=0.123µs (0.1s wall, ETA 0.1h)
  [15/3000] climate-model-crashes_s1_AxisAligned_d5: acc=0.87963 train=0.1s best=0.103µs (0.1s wall, ETA 0.1h)
  [16/3000] climate-model-crashes_s1_AxisAligned_d6: acc=0.87037 train=0.1s best=0.166µs (0.1s wall, ETA 0.1h)
  [17/3000] climate-model-crashes_s1_AxisAligned_d7: acc=0.87037 train=0.1s best=0.335µs (0.2s wall, ETA 0.1h)
  [18/3000] climate-model-crashes_s1_AxisAligned_d8: acc=0.861111 train=0.2s best=0.467µs (0.2s wall, ETA 0.1h)
  [19/3000] climate-model-crashes_s1_AxisAligned_d10: acc=0.861111 train=0.2s best=0.361µs (0.2s wall, ETA 0.1h)
  [20/3000] climate-model-crashes_s1_Oblique_d3: acc=0.888889 train=0.1s best=0.407µs (0.1s wall, ETA 0.1h)
  [21/3000] climate-model-crashes_s1_Oblique_d4: acc=0.87963 train=0.1s best=0.526µs (0.1s wall, ETA 0.1h)
  [22/3000] climate-model-crashes_s1_Oblique_d5: acc=0.87963 train=0.1s best=0.568µs (0.2s wall, ETA 0.1h)
  [23/3000] climate-model-crashes_s1_Oblique_d6: acc=0.87037 train=0.2s best=0.562µs (0.2s wall, ETA 0.1h)
  [24/3000] climate-model-crashes_s1_Oblique_d8: acc=0.87037 train=0.2s best=0.689µs (0.3s wall, ETA 0.1h)
  [25/3000] climate-model-crashes_s2_AxisAligned_d3: acc=0.898148 train=0.0s best=0.145µs (0.1s wall, ETA 0.1h)
  [26/3000] climate-model-crashes_s2_AxisAligned_d4: acc=0.898148 train=0.0s best=0.047µs (0.1s wall, ETA 0.1h)
  [27/3000] climate-model-crashes_s2_AxisAligned_d5: acc=0.907407 train=0.1s best=0.163µs (0.1s wall, ETA 0.1h)
  [28/3000] climate-model-crashes_s2_AxisAligned_d6: acc=0.898148 train=0.1s best=0.182µs (0.1s wall, ETA 0.1h)
  [29/3000] climate-model-crashes_s2_AxisAligned_d7: acc=0.888889 train=0.1s best=0.106µs (0.1s wall, ETA 0.1h)
  [30/3000] climate-model-crashes_s2_AxisAligned_d8: acc=0.888889 train=0.1s best=0.095µs (0.1s wall, ETA 0.1h)
  [31/3000] climate-model-crashes_s2_AxisAligned_d10: acc=0.898148 train=0.1s best=0.110µs (0.2s wall, ETA 0.1h)
  [32/3000] climate-model-crashes_s2_Oblique_d3: acc=0.87963 train=0.1s best=0.977µs (0.1s wall, ETA 0.1h)
  [33/3000] climate-model-crashes_s2_Oblique_d4: acc=0.87037 train=0.1s best=0.205µs (0.1s wall, ETA 0.1h)
  [34/3000] climate-model-crashes_s2_Oblique_d5: acc=0.87037 train=0.1s best=0.701µs (0.2s wall, ETA 0.1h)
  [35/3000] climate-model-crashes_s2_Oblique_d6: acc=0.87037 train=0.1s best=0.313µs (0.2s wall, ETA 0.1h)
  [36/3000] climate-model-crashes_s2_Oblique_d8: acc=0.87037 train=0.2s best=0.635µs (0.3s wall, ETA 0.1h)
  [37/3000] climate-model-crashes_s3_AxisAligned_d3: acc=0.935185 train=0.0s best=0.033µs (0.1s wall, ETA 0.1h)
  [38/3000] climate-model-crashes_s3_AxisAligned_d4: acc=0.916667 train=0.0s best=0.051µs (0.1s wall, ETA 0.1h)
  [39/3000] climate-model-crashes_s3_AxisAligned_d5: acc=0.916667 train=0.1s best=0.075µs (0.1s wall, ETA 0.1h)
  [40/3000] climate-model-crashes_s3_AxisAligned_d6: acc=0.916667 train=0.1s best=0.070µs (0.1s wall, ETA 0.1h)
  [41/3000] climate-model-crashes_s3_AxisAligned_d7: acc=0.916667 train=0.1s best=0.082µs (0.1s wall, ETA 0.1h)
  [42/3000] climate-model-crashes_s3_AxisAligned_d8: acc=0.916667 train=0.1s best=0.082µs (0.2s wall, ETA 0.1h)
  [43/3000] climate-model-crashes_s3_AxisAligned_d10: acc=0.907407 train=0.2s best=0.124µs (0.2s wall, ETA 0.1h)
  [44/3000] climate-model-crashes_s3_Oblique_d3: acc=0.935185 train=0.0s best=0.145µs (0.1s wall, ETA 0.1h)
  [45/3000] climate-model-crashes_s3_Oblique_d4: acc=0.935185 train=0.1s best=0.853µs (0.2s wall, ETA 0.1h)
  [46/3000] climate-model-crashes_s3_Oblique_d5: acc=0.925926 train=0.1s best=0.570µs (0.2s wall, ETA 0.1h)
  [47/3000] climate-model-crashes_s3_Oblique_d6: acc=0.925926 train=0.1s best=0.377µs (0.2s wall, ETA 0.1h)
  [48/3000] climate-model-crashes_s3_Oblique_d8: acc=0.925926 train=0.2s best=0.429µs (0.2s wall, ETA 0.1h)
  [49/3000] climate-model-crashes_s4_AxisAligned_d3: acc=0.972222 train=0.0s best=0.203µs (0.1s wall, ETA 0.1h)
  [50/3000] climate-model-crashes_s4_AxisAligned_d4: acc=0.935185 train=0.0s best=0.143µs (0.1s wall, ETA 0.1h)
  [51/3000] climate-model-crashes_s4_AxisAligned_d5: acc=0.935185 train=0.1s best=0.070µs (0.1s wall, ETA 0.1h)
  [52/3000] climate-model-crashes_s4_AxisAligned_d6: acc=0.944444 train=0.1s best=0.287µs (0.1s wall, ETA 0.1h)
  [53/3000] climate-model-crashes_s4_AxisAligned_d7: acc=0.935185 train=0.1s best=0.086µs (0.1s wall, ETA 0.1h)
  [54/3000] climate-model-crashes_s4_AxisAligned_d8: acc=0.935185 train=0.1s best=0.098µs (0.2s wall, ETA 0.1h)
  [55/3000] climate-model-crashes_s4_AxisAligned_d10: acc=0.944444 train=0.2s best=0.299µs (0.2s wall, ETA 0.1h)
  [56/3000] climate-model-crashes_s4_Oblique_d3: acc=0.944444 train=0.1s best=0.945µs (0.1s wall, ETA 0.1h)
  [57/3000] climate-model-crashes_s4_Oblique_d4: acc=0.944444 train=0.1s best=0.358µs (0.1s wall, ETA 0.1h)
  [58/3000] climate-model-crashes_s4_Oblique_d5: acc=0.944444 train=0.2s best=1.071µs (0.2s wall, ETA 0.1h)
  [59/3000] climate-model-crashes_s4_Oblique_d6: acc=0.935185 train=0.2s best=0.785µs (0.2s wall, ETA 0.1h)
  [60/3000] climate-model-crashes_s4_Oblique_d8: acc=0.935185 train=0.2s best=0.593µs (0.3s wall, ETA 0.1h)
  [61/3000] climate-model-crashes_s5_AxisAligned_d3: acc=0.898148 train=0.1s best=0.163µs (0.1s wall, ETA 0.1h)
  [62/3000] climate-model-crashes_s5_AxisAligned_d4: acc=0.925926 train=0.1s best=0.148µs (0.1s wall, ETA 0.1h)
  [63/3000] climate-model-crashes_s5_AxisAligned_d5: acc=0.916667 train=0.1s best=0.249µs (0.1s wall, ETA 0.1h)
  [64/3000] climate-model-crashes_s5_AxisAligned_d6: acc=0.925926 train=0.1s best=0.195µs (0.1s wall, ETA 0.1h)
  [65/3000] climate-model-crashes_s5_AxisAligned_d7: acc=0.916667 train=0.2s best=0.547µs (0.2s wall, ETA 0.1h)
  [66/3000] climate-model-crashes_s5_AxisAligned_d8: acc=0.898148 train=0.2s best=0.427µs (0.2s wall, ETA 0.1h)
  [67/3000] climate-model-crashes_s5_AxisAligned_d10: acc=0.916667 train=0.2s best=0.424µs (0.3s wall, ETA 0.1h)
  [68/3000] climate-model-crashes_s5_Oblique_d3: acc=0.925926 train=0.1s best=0.454µs (0.1s wall, ETA 0.1h)
  [69/3000] climate-model-crashes_s5_Oblique_d4: acc=0.907407 train=0.1s best=0.623µs (0.1s wall, ETA 0.1h)
  [70/3000] climate-model-crashes_s5_Oblique_d5: acc=0.944444 train=0.1s best=0.512µs (0.2s wall, ETA 0.1h)
  [71/3000] climate-model-crashes_s5_Oblique_d6: acc=0.916667 train=0.2s best=0.531µs (0.2s wall, ETA 0.1h)
  [72/3000] climate-model-crashes_s5_Oblique_d8: acc=0.916667 train=0.2s best=0.599µs (0.3s wall, ETA 0.1h)
  [73/3000] climate-model-crashes_s6_AxisAligned_d3: acc=0.898148 train=0.0s best=0.046µs (0.1s wall, ETA 0.1h)
  [74/3000] climate-model-crashes_s6_AxisAligned_d4: acc=0.907407 train=0.0s best=0.048µs (0.1s wall, ETA 0.1h)
  [75/3000] climate-model-crashes_s6_AxisAligned_d5: acc=0.898148 train=0.1s best=0.071µs (0.1s wall, ETA 0.1h)
  [76/3000] climate-model-crashes_s6_AxisAligned_d6: acc=0.898148 train=0.1s best=0.069µs (0.1s wall, ETA 0.1h)
  [77/3000] climate-model-crashes_s6_AxisAligned_d7: acc=0.888889 train=0.1s best=0.072µs (0.1s wall, ETA 0.1h)
  [78/3000] climate-model-crashes_s6_AxisAligned_d8: acc=0.87037 train=0.1s best=0.077µs (0.2s wall, ETA 0.1h)
  [79/3000] climate-model-crashes_s6_AxisAligned_d10: acc=0.87037 train=0.2s best=0.086µs (0.2s wall, ETA 0.1h)
  [80/3000] climate-model-crashes_s6_Oblique_d3: acc=0.916667 train=0.0s best=0.139µs (0.1s wall, ETA 0.1h)
  [81/3000] climate-model-crashes_s6_Oblique_d4: acc=0.907407 train=0.1s best=0.276µs (0.1s wall, ETA 0.1h)
  [82/3000] climate-model-crashes_s6_Oblique_d5: acc=0.888889 train=0.1s best=0.289µs (0.1s wall, ETA 0.1h)
  [83/3000] climate-model-crashes_s6_Oblique_d6: acc=0.907407 train=0.1s best=0.309µs (0.2s wall, ETA 0.1h)
  [84/3000] climate-model-crashes_s6_Oblique_d8: acc=0.916667 train=0.2s best=0.405µs (0.2s wall, ETA 0.1h)
  [85/3000] climate-model-crashes_s7_AxisAligned_d3: acc=0.925926 train=0.0s best=0.201µs (0.1s wall, ETA 0.1h)
  [86/3000] climate-model-crashes_s7_AxisAligned_d4: acc=0.916667 train=0.1s best=0.228µs (0.1s wall, ETA 0.1h)
  [87/3000] climate-model-crashes_s7_AxisAligned_d5: acc=0.925926 train=0.1s best=0.273µs (0.1s wall, ETA 0.1h)
  [88/3000] climate-model-crashes_s7_AxisAligned_d6: acc=0.935185 train=0.1s best=0.404µs (0.2s wall, ETA 0.1h)
  [89/3000] climate-model-crashes_s7_AxisAligned_d7: acc=0.944444 train=0.2s best=0.511µs (0.2s wall, ETA 0.1h)
  [90/3000] climate-model-crashes_s7_AxisAligned_d8: acc=0.944444 train=0.2s best=0.208µs (0.2s wall, ETA 0.1h)
  [91/3000] climate-model-crashes_s7_AxisAligned_d10: acc=0.944444 train=0.2s best=0.229µs (0.2s wall, ETA 0.1h)
  [92/3000] climate-model-crashes_s7_Oblique_d3: acc=0.935185 train=0.1s best=1.038µs (0.1s wall, ETA 0.1h)
  [93/3000] climate-model-crashes_s7_Oblique_d4: acc=0.925926 train=0.2s best=1.405µs (0.2s wall, ETA 0.1h)
  [94/3000] climate-model-crashes_s7_Oblique_d5: acc=0.925926 train=0.2s best=1.199µs (0.2s wall, ETA 0.1h)
  [95/3000] climate-model-crashes_s7_Oblique_d6: acc=0.925926 train=0.3s best=2.002µs (0.3s wall, ETA 0.1h)
  [96/3000] climate-model-crashes_s7_Oblique_d8: acc=0.935185 train=0.3s best=1.474µs (0.4s wall, ETA 0.1h)
  [97/3000] climate-model-crashes_s8_AxisAligned_d3: acc=0.925926 train=0.0s best=0.038µs (0.1s wall, ETA 0.1h)
  [98/3000] climate-model-crashes_s8_AxisAligned_d4: acc=0.925926 train=0.0s best=0.049µs (0.1s wall, ETA 0.1h)
  [99/3000] climate-model-crashes_s8_AxisAligned_d5: acc=0.925926 train=0.1s best=0.057µs (0.1s wall, ETA 0.1h)
  [100/3000] climate-model-crashes_s8_AxisAligned_d6: acc=0.925926 train=0.1s best=0.097µs (0.1s wall, ETA 0.1h)
  [101/3000] climate-model-crashes_s8_AxisAligned_d7: acc=0.925926 train=0.1s best=0.099µs (0.1s wall, ETA 0.1h)
  [102/3000] climate-model-crashes_s8_AxisAligned_d8: acc=0.916667 train=0.1s best=0.100µs (0.2s wall, ETA 0.1h)
  [103/3000] climate-model-crashes_s8_AxisAligned_d10: acc=0.925926 train=0.2s best=0.196µs (0.2s wall, ETA 0.1h)
  [104/3000] climate-model-crashes_s8_Oblique_d3: acc=0.907407 train=0.1s best=0.338µs (0.1s wall, ETA 0.1h)
  [105/3000] climate-model-crashes_s8_Oblique_d4: acc=0.916667 train=0.1s best=0.410µs (0.1s wall, ETA 0.1h)
  [106/3000] climate-model-crashes_s8_Oblique_d5: acc=0.925926 train=0.1s best=0.274µs (0.1s wall, ETA 0.1h)
  [107/3000] climate-model-crashes_s8_Oblique_d6: acc=0.916667 train=0.1s best=0.319µs (0.2s wall, ETA 0.1h)
  [108/3000] climate-model-crashes_s8_Oblique_d8: acc=0.907407 train=0.2s best=0.401µs (0.2s wall, ETA 0.1h)
  [109/3000] climate-model-crashes_s9_AxisAligned_d3: acc=0.888889 train=0.1s best=0.222µs (0.1s wall, ETA 0.1h)
  [110/3000] climate-model-crashes_s9_AxisAligned_d4: acc=0.916667 train=0.1s best=0.324µs (0.1s wall, ETA 0.1h)
  [111/3000] climate-model-crashes_s9_AxisAligned_d5: acc=0.898148 train=0.1s best=0.619µs (0.2s wall, ETA 0.1h)
  [112/3000] climate-model-crashes_s9_AxisAligned_d6: acc=0.898148 train=0.2s best=0.773µs (0.2s wall, ETA 0.1h)
  [113/3000] climate-model-crashes_s9_AxisAligned_d7: acc=0.907407 train=0.2s best=0.943µs (0.3s wall, ETA 0.1h)
  [114/3000] climate-model-crashes_s9_AxisAligned_d8: acc=0.907407 train=0.3s best=1.512µs (0.3s wall, ETA 0.1h)
  [115/3000] climate-model-crashes_s9_AxisAligned_d10: acc=0.888889 train=0.4s best=1.751µs (0.5s wall, ETA 0.1h)
  [116/3000] climate-model-crashes_s9_Oblique_d3: acc=0.87963 train=0.1s best=1.335µs (0.1s wall, ETA 0.1h)
  [117/3000] climate-model-crashes_s9_Oblique_d4: acc=0.87963 train=0.2s best=2.079µs (0.2s wall, ETA 0.1h)
  [118/3000] climate-model-crashes_s9_Oblique_d5: acc=0.888889 train=0.2s best=2.919µs (0.3s wall, ETA 0.1h)
  [119/3000] climate-model-crashes_s9_Oblique_d6: acc=0.888889 train=0.3s best=3.935µs (0.4s wall, ETA 0.1h)
  [120/3000] climate-model-crashes_s9_Oblique_d8: acc=0.898148 train=0.5s best=6.367µs (0.6s wall, ETA 0.1h)

=== Dataset wdbc (id=1510) shape=(569, 31) ===
  [121/3000] wdbc_s0_AxisAligned_d3: acc=0.95614 train=0.1s best=0.161µs (0.1s wall, ETA 0.1h)
  [122/3000] wdbc_s0_AxisAligned_d4: acc=0.938596 train=0.1s best=0.182µs (0.1s wall, ETA 0.1h)
  [123/3000] wdbc_s0_AxisAligned_d5: acc=0.938596 train=0.1s best=0.233µs (0.2s wall, ETA 0.1h)
  [124/3000] wdbc_s0_AxisAligned_d6: acc=0.938596 train=0.2s best=0.619µs (0.2s wall, ETA 0.1h)
  [125/3000] wdbc_s0_AxisAligned_d7: acc=0.947368 train=0.3s best=0.626µs (0.3s wall, ETA 0.1h)
  [126/3000] wdbc_s0_AxisAligned_d8: acc=0.95614 train=0.3s best=0.843µs (0.4s wall, ETA 0.1h)
  [127/3000] wdbc_s0_AxisAligned_d10: acc=0.947368 train=0.4s best=1.060µs (0.5s wall, ETA 0.1h)
  [128/3000] wdbc_s0_Oblique_d3: acc=0.95614 train=0.1s best=0.683µs (0.2s wall, ETA 0.1h)
  [129/3000] wdbc_s0_Oblique_d4: acc=0.95614 train=0.3s best=1.356µs (0.3s wall, ETA 0.1h)
  [130/3000] wdbc_s0_Oblique_d5: acc=0.95614 train=0.3s best=1.103µs (0.4s wall, ETA 0.1h)
  [131/3000] wdbc_s0_Oblique_d6: acc=0.964912 train=0.5s best=2.070µs (0.6s wall, ETA 0.1h)
  [132/3000] wdbc_s0_Oblique_d8: acc=0.95614 train=0.8s best=5.093µs (0.8s wall, ETA 0.1h)
  [133/3000] wdbc_s1_AxisAligned_d3: acc=0.964912 train=0.0s best=0.083µs (0.1s wall, ETA 0.1h)
  [134/3000] wdbc_s1_AxisAligned_d4: acc=0.95614 train=0.1s best=0.117µs (0.1s wall, ETA 0.1h)
  [135/3000] wdbc_s1_AxisAligned_d5: acc=0.947368 train=0.1s best=0.134µs (0.1s wall, ETA 0.1h)
  [136/3000] wdbc_s1_AxisAligned_d6: acc=0.947368 train=0.1s best=0.145µs (0.2s wall, ETA 0.1h)
  [137/3000] wdbc_s1_AxisAligned_d7: acc=0.95614 train=0.2s best=0.187µs (0.2s wall, ETA 0.1h)
  [138/3000] wdbc_s1_AxisAligned_d8: acc=0.947368 train=0.2s best=0.174µs (0.2s wall, ETA 0.1h)
  [139/3000] wdbc_s1_AxisAligned_d10: acc=0.964912 train=0.3s best=0.349µs (0.3s wall, ETA 0.1h)
  [140/3000] wdbc_s1_Oblique_d3: acc=0.938596 train=0.1s best=0.349µs (0.1s wall, ETA 0.1h)
  [141/3000] wdbc_s1_Oblique_d4: acc=0.95614 train=0.2s best=0.441µs (0.2s wall, ETA 0.1h)
  [142/3000] wdbc_s1_Oblique_d5: acc=0.938596 train=0.2s best=0.442µs (0.2s wall, ETA 0.1h)
  [143/3000] wdbc_s1_Oblique_d6: acc=0.938596 train=0.3s best=0.667µs (0.3s wall, ETA 0.1h)
  [144/3000] wdbc_s1_Oblique_d8: acc=0.938596 train=0.4s best=1.062µs (0.5s wall, ETA 0.1h)
  [145/3000] wdbc_s2_AxisAligned_d3: acc=0.929825 train=0.1s best=0.221µs (0.1s wall, ETA 0.1h)
  [146/3000] wdbc_s2_AxisAligned_d4: acc=0.947368 train=0.1s best=0.395µs (0.1s wall, ETA 0.1h)
  [147/3000] wdbc_s2_AxisAligned_d5: acc=0.95614 train=0.1s best=0.494µs (0.2s wall, ETA 0.1h)
  [148/3000] wdbc_s2_AxisAligned_d6: acc=0.95614 train=0.2s best=0.622µs (0.3s wall, ETA 0.1h)
  [149/3000] wdbc_s2_AxisAligned_d7: acc=0.95614 train=0.3s best=0.730µs (0.3s wall, ETA 0.1h)
  [150/3000] wdbc_s2_AxisAligned_d8: acc=0.95614 train=0.3s best=0.801µs (0.4s wall, ETA 0.1h)
  [151/3000] wdbc_s2_AxisAligned_d10: acc=0.95614 train=0.4s best=1.028µs (0.5s wall, ETA 0.1h)
  [152/3000] wdbc_s2_Oblique_d3: acc=0.964912 train=0.2s best=1.557µs (0.2s wall, ETA 0.1h)
  [153/3000] wdbc_s2_Oblique_d4: acc=0.964912 train=0.3s best=2.458µs (0.3s wall, ETA 0.2h)
  [154/3000] wdbc_s2_Oblique_d5: acc=0.95614 train=0.4s best=3.444µs (0.5s wall, ETA 0.2h)
  [155/3000] wdbc_s2_Oblique_d6: acc=0.947368 train=0.5s best=4.446µs (0.6s wall, ETA 0.2h)
  [156/3000] wdbc_s2_Oblique_d8: acc=0.973684 train=0.8s best=6.715µs (0.8s wall, ETA 0.2h)
  [157/3000] wdbc_s3_AxisAligned_d3: acc=0.938596 train=0.1s best=0.201µs (0.1s wall, ETA 0.2h)
  [158/3000] wdbc_s3_AxisAligned_d4: acc=0.894737 train=0.1s best=0.336µs (0.1s wall, ETA 0.2h)
  [159/3000] wdbc_s3_AxisAligned_d5: acc=0.903509 train=0.2s best=0.487µs (0.2s wall, ETA 0.2h)
  [160/3000] wdbc_s3_AxisAligned_d6: acc=0.903509 train=0.2s best=0.672µs (0.3s wall, ETA 0.2h)
  [161/3000] wdbc_s3_AxisAligned_d7: acc=0.903509 train=0.3s best=0.848µs (0.3s wall, ETA 0.2h)
  [162/3000] wdbc_s3_AxisAligned_d8: acc=0.885965 train=0.3s best=1.064µs (0.4s wall, ETA 0.2h)
  [163/3000] wdbc_s3_AxisAligned_d10: acc=0.903509 train=0.5s best=1.250µs (0.5s wall, ETA 0.2h)
  [164/3000] wdbc_s3_Oblique_d3: acc=0.929825 train=0.2s best=0.921µs (0.2s wall, ETA 0.2h)
  [165/3000] wdbc_s3_Oblique_d4: acc=0.912281 train=0.2s best=0.772µs (0.2s wall, ETA 0.2h)
  [166/3000] wdbc_s3_Oblique_d5: acc=0.912281 train=0.4s best=2.233µs (0.5s wall, ETA 0.2h)
  [167/3000] wdbc_s3_Oblique_d6: acc=0.912281 train=0.6s best=3.240µs (0.6s wall, ETA 0.2h)
  [168/3000] wdbc_s3_Oblique_d8: acc=0.921053 train=0.8s best=4.011µs (0.9s wall, ETA 0.2h)
  [169/3000] wdbc_s4_AxisAligned_d3: acc=0.95614 train=0.0s best=0.126µs (0.1s wall, ETA 0.2h)
  [170/3000] wdbc_s4_AxisAligned_d4: acc=0.95614 train=0.1s best=0.171µs (0.1s wall, ETA 0.2h)
  [171/3000] wdbc_s4_AxisAligned_d5: acc=0.947368 train=0.1s best=0.289µs (0.2s wall, ETA 0.2h)
  [172/3000] wdbc_s4_AxisAligned_d6: acc=0.95614 train=0.1s best=0.269µs (0.2s wall, ETA 0.2h)
  [173/3000] wdbc_s4_AxisAligned_d7: acc=0.95614 train=0.2s best=0.482µs (0.3s wall, ETA 0.2h)
  [174/3000] wdbc_s4_AxisAligned_d8: acc=0.95614 train=0.2s best=0.405µs (0.3s wall, ETA 0.2h)
  [175/3000] wdbc_s4_AxisAligned_d10: acc=0.964912 train=0.4s best=0.706µs (0.5s wall, ETA 0.2h)
  [176/3000] wdbc_s4_Oblique_d3: acc=0.973684 train=0.2s best=1.534µs (0.2s wall, ETA 0.2h)
  [177/3000] wdbc_s4_Oblique_d4: acc=0.964912 train=0.3s best=2.413µs (0.3s wall, ETA 0.2h)
  [178/3000] wdbc_s4_Oblique_d5: acc=0.964912 train=0.4s best=2.093µs (0.4s wall, ETA 0.2h)
  [179/3000] wdbc_s4_Oblique_d6: acc=0.964912 train=0.5s best=3.385µs (0.6s wall, ETA 0.2h)
  [180/3000] wdbc_s4_Oblique_d8: acc=0.95614 train=0.6s best=2.543µs (0.7s wall, ETA 0.2h)
  [181/3000] wdbc_s5_AxisAligned_d3: acc=0.964912 train=0.1s best=0.215µs (0.1s wall, ETA 0.2h)
  [182/3000] wdbc_s5_AxisAligned_d4: acc=0.973684 train=0.1s best=0.344µs (0.1s wall, ETA 0.2h)
  [183/3000] wdbc_s5_AxisAligned_d5: acc=0.973684 train=0.1s best=0.299µs (0.2s wall, ETA 0.2h)
  [184/3000] wdbc_s5_AxisAligned_d6: acc=0.964912 train=0.2s best=0.720µs (0.3s wall, ETA 0.2h)
  [185/3000] wdbc_s5_AxisAligned_d7: acc=0.964912 train=0.3s best=0.776µs (0.3s wall, ETA 0.2h)
  [186/3000] wdbc_s5_AxisAligned_d8: acc=0.964912 train=0.3s best=1.022µs (0.4s wall, ETA 0.2h)
  [187/3000] wdbc_s5_AxisAligned_d10: acc=0.973684 train=0.4s best=1.153µs (0.5s wall, ETA 0.2h)
  [188/3000] wdbc_s5_Oblique_d3: acc=0.95614 train=0.2s best=1.419µs (0.2s wall, ETA 0.2h)
  [189/3000] wdbc_s5_Oblique_d4: acc=0.964912 train=0.3s best=2.180µs (0.3s wall, ETA 0.2h)
  [190/3000] wdbc_s5_Oblique_d5: acc=0.973684 train=0.3s best=1.028µs (0.3s wall, ETA 0.2h)
  [191/3000] wdbc_s5_Oblique_d6: acc=0.973684 train=0.4s best=1.537µs (0.5s wall, ETA 0.2h)
  [192/3000] wdbc_s5_Oblique_d8: acc=0.964912 train=0.5s best=1.458µs (0.5s wall, ETA 0.2h)
  [193/3000] wdbc_s6_AxisAligned_d3: acc=0.947368 train=0.1s best=0.160µs (0.1s wall, ETA 0.2h)
  [194/3000] wdbc_s6_AxisAligned_d4: acc=0.947368 train=0.1s best=0.178µs (0.1s wall, ETA 0.2h)
  [195/3000] wdbc_s6_AxisAligned_d5: acc=0.947368 train=0.1s best=0.204µs (0.1s wall, ETA 0.2h)
  [196/3000] wdbc_s6_AxisAligned_d6: acc=0.947368 train=0.2s best=0.270µs (0.2s wall, ETA 0.2h)
  [197/3000] wdbc_s6_AxisAligned_d7: acc=0.947368 train=0.2s best=0.348µs (0.3s wall, ETA 0.2h)
  [198/3000] wdbc_s6_AxisAligned_d8: acc=0.947368 train=0.3s best=0.402µs (0.3s wall, ETA 0.2h)
  [199/3000] wdbc_s6_AxisAligned_d10: acc=0.947368 train=0.4s best=0.724µs (0.4s wall, ETA 0.2h)
  [200/3000] wdbc_s6_Oblique_d3: acc=0.947368 train=0.1s best=0.594µs (0.2s wall, ETA 0.2h)
  [201/3000] wdbc_s6_Oblique_d4: acc=0.964912 train=0.2s best=0.778µs (0.2s wall, ETA 0.2h)
  [202/3000] wdbc_s6_Oblique_d5: acc=0.964912 train=0.3s best=1.001µs (0.3s wall, ETA 0.2h)
  [203/3000] wdbc_s6_Oblique_d6: acc=0.947368 train=0.4s best=1.496µs (0.5s wall, ETA 0.2h)
  [204/3000] wdbc_s6_Oblique_d8: acc=0.95614 train=0.5s best=1.339µs (0.6s wall, ETA 0.2h)
  [205/3000] wdbc_s7_AxisAligned_d3: acc=0.964912 train=0.1s best=0.203µs (0.1s wall, ETA 0.2h)
  [206/3000] wdbc_s7_AxisAligned_d4: acc=0.982456 train=0.1s best=0.347µs (0.1s wall, ETA 0.2h)
  [207/3000] wdbc_s7_AxisAligned_d5: acc=0.964912 train=0.1s best=0.337µs (0.2s wall, ETA 0.2h)
  [208/3000] wdbc_s7_AxisAligned_d6: acc=0.973684 train=0.2s best=0.215µs (0.2s wall, ETA 0.2h)
  [209/3000] wdbc_s7_AxisAligned_d7: acc=0.95614 train=0.2s best=0.225µs (0.2s wall, ETA 0.2h)
  [210/3000] wdbc_s7_AxisAligned_d8: acc=0.964912 train=0.2s best=0.254µs (0.3s wall, ETA 0.2h)
  [211/3000] wdbc_s7_AxisAligned_d10: acc=0.964912 train=0.3s best=0.356µs (0.3s wall, ETA 0.2h)
  [212/3000] wdbc_s7_Oblique_d3: acc=0.973684 train=0.2s best=1.460µs (0.2s wall, ETA 0.2h)
  [213/3000] wdbc_s7_Oblique_d4: acc=0.973684 train=0.3s best=2.209µs (0.3s wall, ETA 0.2h)
  [214/3000] wdbc_s7_Oblique_d5: acc=0.964912 train=0.4s best=1.738µs (0.4s wall, ETA 0.2h)
  [215/3000] wdbc_s7_Oblique_d6: acc=0.982456 train=0.6s best=3.936µs (0.6s wall, ETA 0.2h)
  [216/3000] wdbc_s7_Oblique_d8: acc=0.964912 train=0.8s best=5.928µs (0.9s wall, ETA 0.2h)
  [217/3000] wdbc_s8_AxisAligned_d3: acc=0.947368 train=0.1s best=0.205µs (0.1s wall, ETA 0.2h)
  [218/3000] wdbc_s8_AxisAligned_d4: acc=0.973684 train=0.1s best=0.305µs (0.1s wall, ETA 0.2h)
  [219/3000] wdbc_s8_AxisAligned_d5: acc=0.982456 train=0.1s best=0.420µs (0.2s wall, ETA 0.2h)
  [220/3000] wdbc_s8_AxisAligned_d6: acc=0.973684 train=0.2s best=0.620µs (0.2s wall, ETA 0.2h)
  [221/3000] wdbc_s8_AxisAligned_d7: acc=0.973684 train=0.3s best=0.908µs (0.3s wall, ETA 0.2h)
  [222/3000] wdbc_s8_AxisAligned_d8: acc=0.982456 train=0.3s best=0.565µs (0.3s wall, ETA 0.2h)
  [223/3000] wdbc_s8_AxisAligned_d10: acc=0.982456 train=0.4s best=0.857µs (0.5s wall, ETA 0.2h)
  [224/3000] wdbc_s8_Oblique_d3: acc=0.947368 train=0.2s best=1.474µs (0.2s wall, ETA 0.2h)
  [225/3000] wdbc_s8_Oblique_d4: acc=0.929825 train=0.3s best=2.275µs (0.3s wall, ETA 0.2h)
  [226/3000] wdbc_s8_Oblique_d5: acc=0.929825 train=0.4s best=2.709µs (0.5s wall, ETA 0.2h)
  [227/3000] wdbc_s8_Oblique_d6: acc=0.929825 train=0.5s best=4.189µs (0.6s wall, ETA 0.2h)
  [228/3000] wdbc_s8_Oblique_d8: acc=0.929825 train=0.8s best=6.573µs (0.8s wall, ETA 0.2h)
  [229/3000] wdbc_s9_AxisAligned_d3: acc=0.95614 train=0.1s best=0.228µs (0.1s wall, ETA 0.2h)
  [230/3000] wdbc_s9_AxisAligned_d4: acc=0.938596 train=0.1s best=0.347µs (0.1s wall, ETA 0.2h)
  [231/3000] wdbc_s9_AxisAligned_d5: acc=0.938596 train=0.1s best=0.493µs (0.2s wall, ETA 0.2h)
  [232/3000] wdbc_s9_AxisAligned_d6: acc=0.947368 train=0.2s best=0.788µs (0.2s wall, ETA 0.2h)
  [233/3000] wdbc_s9_AxisAligned_d7: acc=0.947368 train=0.2s best=0.602µs (0.3s wall, ETA 0.2h)
  [234/3000] wdbc_s9_AxisAligned_d8: acc=0.947368 train=0.3s best=0.938µs (0.4s wall, ETA 0.2h)
  [235/3000] wdbc_s9_AxisAligned_d10: acc=0.947368 train=0.4s best=1.246µs (0.5s wall, ETA 0.2h)
  [236/3000] wdbc_s9_Oblique_d3: acc=0.964912 train=0.2s best=1.512µs (0.2s wall, ETA 0.2h)
  [237/3000] wdbc_s9_Oblique_d4: acc=0.95614 train=0.3s best=2.200µs (0.3s wall, ETA 0.2h)
  [238/3000] wdbc_s9_Oblique_d5: acc=0.964912 train=0.4s best=3.208µs (0.4s wall, ETA 0.2h)
  [239/3000] wdbc_s9_Oblique_d6: acc=0.964912 train=0.4s best=1.496µs (0.4s wall, ETA 0.2h)
  [240/3000] wdbc_s9_Oblique_d8: acc=0.964912 train=0.8s best=6.561µs (0.8s wall, ETA 0.2h)

=== Dataset ilpd (id=1480) shape=(583, 11) ===
  [241/3000] ilpd_s0_AxisAligned_d3: acc=0.666667 train=0.0s best=0.038µs (0.1s wall, ETA 0.2h)
  [242/3000] ilpd_s0_AxisAligned_d4: acc=0.641026 train=0.0s best=0.052µs (0.1s wall, ETA 0.2h)
  [243/3000] ilpd_s0_AxisAligned_d5: acc=0.675214 train=0.0s best=0.111µs (0.1s wall, ETA 0.2h)
  [244/3000] ilpd_s0_AxisAligned_d6: acc=0.641026 train=0.1s best=0.102µs (0.1s wall, ETA 0.2h)
  [245/3000] ilpd_s0_AxisAligned_d7: acc=0.65812 train=0.1s best=0.124µs (0.1s wall, ETA 0.2h)
  [246/3000] ilpd_s0_AxisAligned_d8: acc=0.649573 train=0.1s best=0.197µs (0.1s wall, ETA 0.2h)
  [247/3000] ilpd_s0_AxisAligned_d10: acc=0.641026 train=0.1s best=0.204µs (0.2s wall, ETA 0.2h)
  [248/3000] ilpd_s0_Oblique_d3: acc=0.683761 train=0.0s best=0.476µs (0.1s wall, ETA 0.2h)
  [249/3000] ilpd_s0_Oblique_d4: acc=0.65812 train=0.0s best=0.261µs (0.1s wall, ETA 0.2h)
  [250/3000] ilpd_s0_Oblique_d5: acc=0.65812 train=0.1s best=0.285µs (0.1s wall, ETA 0.2h)
  [251/3000] ilpd_s0_Oblique_d6: acc=0.726496 train=0.1s best=0.693µs (0.1s wall, ETA 0.2h)
  [252/3000] ilpd_s0_Oblique_d8: acc=0.666667 train=0.2s best=0.654µs (0.2s wall, ETA 0.2h)
  [253/3000] ilpd_s1_AxisAligned_d3: acc=0.692308 train=0.0s best=0.177µs (0.1s wall, ETA 0.2h)
  [254/3000] ilpd_s1_AxisAligned_d4: acc=0.692308 train=0.1s best=0.270µs (0.1s wall, ETA 0.2h)
  [255/3000] ilpd_s1_AxisAligned_d5: acc=0.709402 train=0.1s best=0.185µs (0.1s wall, ETA 0.2h)
  [256/3000] ilpd_s1_AxisAligned_d6: acc=0.700855 train=0.1s best=0.321µs (0.1s wall, ETA 0.2h)
  [257/3000] ilpd_s1_AxisAligned_d7: acc=0.717949 train=0.1s best=0.302µs (0.1s wall, ETA 0.2h)
  [258/3000] ilpd_s1_AxisAligned_d8: acc=0.692308 train=0.1s best=0.475µs (0.2s wall, ETA 0.2h)
  [259/3000] ilpd_s1_AxisAligned_d10: acc=0.735043 train=0.2s best=1.970µs (0.3s wall, ETA 0.2h)
  [260/3000] ilpd_s1_Oblique_d3: acc=0.760684 train=0.1s best=1.321µs (0.1s wall, ETA 0.2h)
  [261/3000] ilpd_s1_Oblique_d4: acc=0.735043 train=0.1s best=2.472µs (0.1s wall, ETA 0.2h)
  [262/3000] ilpd_s1_Oblique_d5: acc=0.735043 train=0.2s best=3.733µs (0.2s wall, ETA 0.2h)
  [263/3000] ilpd_s1_Oblique_d6: acc=0.752137 train=0.2s best=4.140µs (0.3s wall, ETA 0.2h)
  [264/3000] ilpd_s1_Oblique_d8: acc=0.769231 train=0.2s best=2.321µs (0.3s wall, ETA 0.2h)
  [265/3000] ilpd_s2_AxisAligned_d3: acc=0.700855 train=0.0s best=0.109µs (0.1s wall, ETA 0.2h)
  [266/3000] ilpd_s2_AxisAligned_d4: acc=0.683761 train=0.0s best=0.117µs (0.1s wall, ETA 0.2h)
  [267/3000] ilpd_s2_AxisAligned_d5: acc=0.717949 train=0.0s best=0.106µs (0.1s wall, ETA 0.2h)
  [268/3000] ilpd_s2_AxisAligned_d6: acc=0.666667 train=0.1s best=0.188µs (0.1s wall, ETA 0.2h)
  [269/3000] ilpd_s2_AxisAligned_d7: acc=0.683761 train=0.1s best=0.317µs (0.1s wall, ETA 0.2h)
  [270/3000] ilpd_s2_AxisAligned_d8: acc=0.65812 train=0.1s best=0.461µs (0.2s wall, ETA 0.2h)
  [271/3000] ilpd_s2_AxisAligned_d10: acc=0.683761 train=0.2s best=0.412µs (0.2s wall, ETA 0.2h)
  [272/3000] ilpd_s2_Oblique_d3: acc=0.700855 train=0.1s best=1.556µs (0.1s wall, ETA 0.2h)
  [273/3000] ilpd_s2_Oblique_d4: acc=0.65812 train=0.1s best=1.802µs (0.1s wall, ETA 0.2h)
  [274/3000] ilpd_s2_Oblique_d5: acc=0.700855 train=0.1s best=0.888µs (0.1s wall, ETA 0.2h)
  [275/3000] ilpd_s2_Oblique_d6: acc=0.683761 train=0.1s best=1.578µs (0.2s wall, ETA 0.2h)
  [276/3000] ilpd_s2_Oblique_d8: acc=0.717949 train=0.2s best=1.100µs (0.2s wall, ETA 0.2h)
  [277/3000] ilpd_s3_AxisAligned_d3: acc=0.666667 train=0.0s best=0.181µs (0.1s wall, ETA 0.2h)
  [278/3000] ilpd_s3_AxisAligned_d4: acc=0.683761 train=0.0s best=0.166µs (0.1s wall, ETA 0.2h)
  [279/3000] ilpd_s3_AxisAligned_d5: acc=0.666667 train=0.1s best=0.194µs (0.1s wall, ETA 0.2h)
  [280/3000] ilpd_s3_AxisAligned_d6: acc=0.683761 train=0.1s best=0.526µs (0.2s wall, ETA 0.2h)
  [281/3000] ilpd_s3_AxisAligned_d7: acc=0.700855 train=0.1s best=0.170µs (0.1s wall, ETA 0.2h)
  [282/3000] ilpd_s3_AxisAligned_d8: acc=0.65812 train=0.2s best=0.559µs (0.2s wall, ETA 0.2h)
  [283/3000] ilpd_s3_AxisAligned_d10: acc=0.683761 train=0.2s best=1.010µs (0.2s wall, ETA 0.2h)
  [284/3000] ilpd_s3_Oblique_d3: acc=0.735043 train=0.1s best=1.077µs (0.1s wall, ETA 0.2h)
  [285/3000] ilpd_s3_Oblique_d4: acc=0.709402 train=0.1s best=2.591µs (0.1s wall, ETA 0.2h)
  [286/3000] ilpd_s3_Oblique_d5: acc=0.709402 train=0.1s best=1.170µs (0.1s wall, ETA 0.2h)
  [287/3000] ilpd_s3_Oblique_d6: acc=0.735043 train=0.1s best=1.699µs (0.2s wall, ETA 0.2h)
  [288/3000] ilpd_s3_Oblique_d8: acc=0.717949 train=0.3s best=4.214µs (0.3s wall, ETA 0.2h)
  [289/3000] ilpd_s4_AxisAligned_d3: acc=0.794872 train=0.0s best=0.091µs (0.1s wall, ETA 0.2h)
  [290/3000] ilpd_s4_AxisAligned_d4: acc=0.82906 train=0.0s best=0.110µs (0.1s wall, ETA 0.2h)
  [291/3000] ilpd_s4_AxisAligned_d5: acc=0.777778 train=0.0s best=0.137µs (0.1s wall, ETA 0.2h)
  [292/3000] ilpd_s4_AxisAligned_d6: acc=0.777778 train=0.1s best=0.111µs (0.1s wall, ETA 0.2h)
  [293/3000] ilpd_s4_AxisAligned_d7: acc=0.786325 train=0.1s best=0.259µs (0.1s wall, ETA 0.2h)
  [294/3000] ilpd_s4_AxisAligned_d8: acc=0.760684 train=0.1s best=0.291µs (0.1s wall, ETA 0.2h)
  [295/3000] ilpd_s4_AxisAligned_d10: acc=0.74359 train=0.1s best=0.234µs (0.2s wall, ETA 0.2h)
  [296/3000] ilpd_s4_Oblique_d3: acc=0.769231 train=0.0s best=0.491µs (0.1s wall, ETA 0.2h)
  [297/3000] ilpd_s4_Oblique_d4: acc=0.760684 train=0.1s best=0.505µs (0.1s wall, ETA 0.2h)
  [298/3000] ilpd_s4_Oblique_d5: acc=0.777778 train=0.1s best=0.791µs (0.1s wall, ETA 0.2h)
  [299/3000] ilpd_s4_Oblique_d6: acc=0.794872 train=0.1s best=1.119µs (0.2s wall, ETA 0.2h)
  [300/3000] ilpd_s4_Oblique_d8: acc=0.803419 train=0.2s best=0.958µs (0.2s wall, ETA 0.2h)
  [301/3000] ilpd_s5_AxisAligned_d3: acc=0.786325 train=0.0s best=0.042µs (0.1s wall, ETA 0.2h)
  [302/3000] ilpd_s5_AxisAligned_d4: acc=0.811966 train=0.0s best=0.050µs (0.1s wall, ETA 0.2h)
  [303/3000] ilpd_s5_AxisAligned_d5: acc=0.752137 train=0.0s best=0.066µs (0.1s wall, ETA 0.2h)
  [304/3000] ilpd_s5_AxisAligned_d6: acc=0.74359 train=0.1s best=0.082µs (0.1s wall, ETA 0.2h)
  [305/3000] ilpd_s5_AxisAligned_d7: acc=0.74359 train=0.1s best=0.093µs (0.1s wall, ETA 0.2h)
  [306/3000] ilpd_s5_AxisAligned_d8: acc=0.700855 train=0.1s best=0.164µs (0.1s wall, ETA 0.2h)
  [307/3000] ilpd_s5_AxisAligned_d10: acc=0.717949 train=0.1s best=0.178µs (0.2s wall, ETA 0.2h)
  [308/3000] ilpd_s5_Oblique_d3: acc=0.760684 train=0.0s best=0.170µs (0.1s wall, ETA 0.2h)
  [309/3000] ilpd_s5_Oblique_d4: acc=0.726496 train=0.0s best=0.236µs (0.1s wall, ETA 0.2h)
  [310/3000] ilpd_s5_Oblique_d5: acc=0.735043 train=0.1s best=0.427µs (0.1s wall, ETA 0.2h)
  [311/3000] ilpd_s5_Oblique_d6: acc=0.752137 train=0.1s best=0.337µs (0.1s wall, ETA 0.2h)
  [312/3000] ilpd_s5_Oblique_d8: acc=0.74359 train=0.2s best=0.518µs (0.2s wall, ETA 0.2h)
  [313/3000] ilpd_s6_AxisAligned_d3: acc=0.735043 train=0.0s best=0.088µs (0.1s wall, ETA 0.2h)
  [314/3000] ilpd_s6_AxisAligned_d4: acc=0.735043 train=0.0s best=0.084µs (0.1s wall, ETA 0.2h)
  [315/3000] ilpd_s6_AxisAligned_d5: acc=0.717949 train=0.0s best=0.183µs (0.1s wall, ETA 0.2h)
  [316/3000] ilpd_s6_AxisAligned_d6: acc=0.709402 train=0.1s best=0.151µs (0.1s wall, ETA 0.2h)
  [317/3000] ilpd_s6_AxisAligned_d7: acc=0.717949 train=0.1s best=0.171µs (0.1s wall, ETA 0.2h)
  [318/3000] ilpd_s6_AxisAligned_d8: acc=0.735043 train=0.1s best=0.200µs (0.1s wall, ETA 0.2h)
  [319/3000] ilpd_s6_AxisAligned_d10: acc=0.735043 train=0.2s best=0.407µs (0.2s wall, ETA 0.2h)
  [320/3000] ilpd_s6_Oblique_d3: acc=0.74359 train=0.0s best=0.362µs (0.1s wall, ETA 0.2h)
  [321/3000] ilpd_s6_Oblique_d4: acc=0.735043 train=0.1s best=0.588µs (0.1s wall, ETA 0.2h)
  [322/3000] ilpd_s6_Oblique_d5: acc=0.74359 train=0.1s best=0.655µs (0.1s wall, ETA 0.2h)
  [323/3000] ilpd_s6_Oblique_d6: acc=0.726496 train=0.1s best=1.477µs (0.2s wall, ETA 0.2h)
  [324/3000] ilpd_s6_Oblique_d8: acc=0.794872 train=0.2s best=0.820µs (0.2s wall, ETA 0.2h)
  [325/3000] ilpd_s7_AxisAligned_d3: acc=0.74359 train=0.0s best=0.051µs (0.1s wall, ETA 0.2h)
  [326/3000] ilpd_s7_AxisAligned_d4: acc=0.735043 train=0.0s best=0.049µs (0.1s wall, ETA 0.2h)
  [327/3000] ilpd_s7_AxisAligned_d5: acc=0.709402 train=0.0s best=0.077µs (0.1s wall, ETA 0.2h)
  [328/3000] ilpd_s7_AxisAligned_d6: acc=0.752137 train=0.0s best=0.078µs (0.1s wall, ETA 0.2h)
  [329/3000] ilpd_s7_AxisAligned_d7: acc=0.726496 train=0.1s best=0.093µs (0.1s wall, ETA 0.2h)
  [330/3000] ilpd_s7_AxisAligned_d8: acc=0.692308 train=0.1s best=0.124µs (0.1s wall, ETA 0.2h)
  [331/3000] ilpd_s7_AxisAligned_d10: acc=0.726496 train=0.1s best=0.282µs (0.2s wall, ETA 0.2h)
  [332/3000] ilpd_s7_Oblique_d3: acc=0.74359 train=0.0s best=0.141µs (0.1s wall, ETA 0.2h)
  [333/3000] ilpd_s7_Oblique_d4: acc=0.692308 train=0.0s best=0.204µs (0.1s wall, ETA 0.2h)
  [334/3000] ilpd_s7_Oblique_d5: acc=0.666667 train=0.1s best=0.363µs (0.1s wall, ETA 0.2h)
  [335/3000] ilpd_s7_Oblique_d6: acc=0.700855 train=0.1s best=0.329µs (0.1s wall, ETA 0.2h)
  [336/3000] ilpd_s7_Oblique_d8: acc=0.692308 train=0.2s best=0.602µs (0.2s wall, ETA 0.2h)
  [337/3000] ilpd_s8_AxisAligned_d3: acc=0.683761 train=0.0s best=0.041µs (0.1s wall, ETA 0.2h)
  [338/3000] ilpd_s8_AxisAligned_d4: acc=0.683761 train=0.0s best=0.045µs (0.1s wall, ETA 0.2h)
  [339/3000] ilpd_s8_AxisAligned_d5: acc=0.675214 train=0.0s best=0.059µs (0.1s wall, ETA 0.2h)
  [340/3000] ilpd_s8_AxisAligned_d6: acc=0.709402 train=0.1s best=0.092µs (0.1s wall, ETA 0.2h)
  [341/3000] ilpd_s8_AxisAligned_d7: acc=0.692308 train=0.1s best=0.200µs (0.1s wall, ETA 0.2h)
  [342/3000] ilpd_s8_AxisAligned_d8: acc=0.692308 train=0.1s best=0.117µs (0.1s wall, ETA 0.2h)
  [343/3000] ilpd_s8_AxisAligned_d10: acc=0.623932 train=0.2s best=0.354µs (0.2s wall, ETA 0.2h)
  [344/3000] ilpd_s8_Oblique_d3: acc=0.726496 train=0.0s best=0.273µs (0.1s wall, ETA 0.2h)
  [345/3000] ilpd_s8_Oblique_d4: acc=0.709402 train=0.0s best=0.345µs (0.1s wall, ETA 0.2h)
  [346/3000] ilpd_s8_Oblique_d5: acc=0.692308 train=0.1s best=0.272µs (0.1s wall, ETA 0.2h)
  [347/3000] ilpd_s8_Oblique_d6: acc=0.700855 train=0.1s best=0.411µs (0.1s wall, ETA 0.2h)
  [348/3000] ilpd_s8_Oblique_d8: acc=0.666667 train=0.2s best=0.494µs (0.2s wall, ETA 0.2h)
  [349/3000] ilpd_s9_AxisAligned_d3: acc=0.717949 train=0.0s best=0.048µs (0.1s wall, ETA 0.2h)
  [350/3000] ilpd_s9_AxisAligned_d4: acc=0.726496 train=0.0s best=0.057µs (0.1s wall, ETA 0.2h)
  [351/3000] ilpd_s9_AxisAligned_d5: acc=0.683761 train=0.0s best=0.064µs (0.1s wall, ETA 0.2h)
  [352/3000] ilpd_s9_AxisAligned_d6: acc=0.65812 train=0.1s best=0.237µs (0.1s wall, ETA 0.2h)
  [353/3000] ilpd_s9_AxisAligned_d7: acc=0.666667 train=0.1s best=0.274µs (0.1s wall, ETA 0.2h)
  [354/3000] ilpd_s9_AxisAligned_d8: acc=0.65812 train=0.1s best=0.342µs (0.2s wall, ETA 0.2h)
  [355/3000] ilpd_s9_AxisAligned_d10: acc=0.666667 train=0.1s best=0.346µs (0.2s wall, ETA 0.2h)
  [356/3000] ilpd_s9_Oblique_d3: acc=0.700855 train=0.0s best=0.258µs (0.1s wall, ETA 0.1h)
  [357/3000] ilpd_s9_Oblique_d4: acc=0.709402 train=0.1s best=0.518µs (0.1s wall, ETA 0.1h)
  [358/3000] ilpd_s9_Oblique_d5: acc=0.700855 train=0.1s best=0.754µs (0.1s wall, ETA 0.1h)
  [359/3000] ilpd_s9_Oblique_d6: acc=0.666667 train=0.2s best=2.664µs (0.2s wall, ETA 0.1h)
  [360/3000] ilpd_s9_Oblique_d8: acc=0.726496 train=0.2s best=0.982µs (0.2s wall, ETA 0.1h)

=== Dataset monks-problems-2 (id=334) shape=(601, 7) ===
  [361/3000] monks-problems-2_s0_AxisAligned_d3: acc=0.628099 train=0.0s best=0.212µs (0.1s wall, ETA 0.1h)
  [362/3000] monks-problems-2_s0_AxisAligned_d4: acc=0.785124 train=0.1s best=0.285µs (0.1s wall, ETA 0.1h)
  [363/3000] monks-problems-2_s0_AxisAligned_d5: acc=0.958678 train=0.1s best=0.367µs (0.1s wall, ETA 0.1h)
  [364/3000] monks-problems-2_s0_AxisAligned_d6: acc=0.991736 train=0.1s best=0.421µs (0.2s wall, ETA 0.1h)
  [365/3000] monks-problems-2_s0_AxisAligned_d7: acc=1.0 train=0.2s best=0.406µs (0.3s wall, ETA 0.1h)
  [366/3000] monks-problems-2_s0_AxisAligned_d8: acc=1.0 train=0.3s best=0.455µs (0.4s wall, ETA 0.1h)
  [367/3000] monks-problems-2_s0_AxisAligned_d10: acc=1.0 train=0.4s best=2.076µs (0.4s wall, ETA 0.1h)
  [368/3000] monks-problems-2_s0_Oblique_d3: acc=0.809917 train=0.1s best=1.802µs (0.1s wall, ETA 0.1h)
  [369/3000] monks-problems-2_s0_Oblique_d4: acc=0.876033 train=0.1s best=3.425µs (0.1s wall, ETA 0.1h)
  [370/3000] monks-problems-2_s0_Oblique_d5: acc=0.909091 train=0.1s best=5.040µs (0.2s wall, ETA 0.1h)
  [371/3000] monks-problems-2_s0_Oblique_d6: acc=0.92562 train=0.2s best=6.503µs (0.2s wall, ETA 0.1h)
  [372/3000] monks-problems-2_s0_Oblique_d8: acc=0.917355 train=0.3s best=8.633µs (0.3s wall, ETA 0.1h)
  [373/3000] monks-problems-2_s1_AxisAligned_d3: acc=0.702479 train=0.0s best=0.211µs (0.1s wall, ETA 0.1h)
  [374/3000] monks-problems-2_s1_AxisAligned_d4: acc=0.793388 train=0.1s best=0.269µs (0.1s wall, ETA 0.1h)
  [375/3000] monks-problems-2_s1_AxisAligned_d5: acc=0.859504 train=0.1s best=0.408µs (0.1s wall, ETA 0.1h)
  [376/3000] monks-problems-2_s1_AxisAligned_d6: acc=0.933884 train=0.1s best=0.432µs (0.2s wall, ETA 0.1h)
  [377/3000] monks-problems-2_s1_AxisAligned_d7: acc=0.975207 train=0.2s best=0.444µs (0.3s wall, ETA 0.1h)
  [378/3000] monks-problems-2_s1_AxisAligned_d8: acc=0.975207 train=0.3s best=0.461µs (0.3s wall, ETA 0.1h)
  [379/3000] monks-problems-2_s1_AxisAligned_d10: acc=0.958678 train=0.4s best=1.722µs (0.4s wall, ETA 0.1h)
  [380/3000] monks-problems-2_s1_Oblique_d3: acc=0.77686 train=0.1s best=1.643µs (0.1s wall, ETA 0.1h)
  [381/3000] monks-problems-2_s1_Oblique_d4: acc=0.85124 train=0.1s best=2.945µs (0.1s wall, ETA 0.1h)
  [382/3000] monks-problems-2_s1_Oblique_d5: acc=0.900826 train=0.1s best=4.803µs (0.2s wall, ETA 0.1h)
  [383/3000] monks-problems-2_s1_Oblique_d6: acc=0.892562 train=0.1s best=6.759µs (0.2s wall, ETA 0.1h)
  [384/3000] monks-problems-2_s1_Oblique_d8: acc=0.884298 train=0.3s best=9.852µs (0.3s wall, ETA 0.1h)
  [385/3000] monks-problems-2_s2_AxisAligned_d3: acc=0.619835 train=0.0s best=0.042µs (0.1s wall, ETA 0.1h)
  [386/3000] monks-problems-2_s2_AxisAligned_d4: acc=0.619835 train=0.0s best=0.053µs (0.1s wall, ETA 0.1h)
  [387/3000] monks-problems-2_s2_AxisAligned_d5: acc=0.917355 train=0.1s best=0.386µs (0.1s wall, ETA 0.1h)
  [388/3000] monks-problems-2_s2_AxisAligned_d6: acc=1.0 train=0.1s best=0.392µs (0.2s wall, ETA 0.1h)
  [389/3000] monks-problems-2_s2_AxisAligned_d7: acc=1.0 train=0.2s best=0.448µs (0.3s wall, ETA 0.1h)
  [390/3000] monks-problems-2_s2_AxisAligned_d8: acc=1.0 train=0.3s best=0.505µs (0.4s wall, ETA 0.1h)
  [391/3000] monks-problems-2_s2_AxisAligned_d10: acc=1.0 train=0.4s best=2.959µs (0.5s wall, ETA 0.1h)
  [392/3000] monks-problems-2_s2_Oblique_d3: acc=0.867769 train=0.1s best=1.590µs (0.1s wall, ETA 0.1h)
  [393/3000] monks-problems-2_s2_Oblique_d4: acc=0.892562 train=0.1s best=3.095µs (0.1s wall, ETA 0.1h)
  [394/3000] monks-problems-2_s2_Oblique_d5: acc=0.92562 train=0.1s best=4.975µs (0.2s wall, ETA 0.1h)
  [395/3000] monks-problems-2_s2_Oblique_d6: acc=0.966942 train=0.2s best=6.695µs (0.2s wall, ETA 0.1h)
  [396/3000] monks-problems-2_s2_Oblique_d8: acc=0.942149 train=0.3s best=8.101µs (0.3s wall, ETA 0.1h)
  [397/3000] monks-problems-2_s3_AxisAligned_d3: acc=0.702479 train=0.0s best=0.178µs (0.1s wall, ETA 0.1h)
  [398/3000] monks-problems-2_s3_AxisAligned_d4: acc=0.768595 train=0.1s best=0.293µs (0.1s wall, ETA 0.1h)
  [399/3000] monks-problems-2_s3_AxisAligned_d5: acc=0.842975 train=0.1s best=0.402µs (0.1s wall, ETA 0.1h)
  [400/3000] monks-problems-2_s3_AxisAligned_d6: acc=0.983471 train=0.1s best=0.455µs (0.2s wall, ETA 0.1h)
  [401/3000] monks-problems-2_s3_AxisAligned_d7: acc=1.0 train=0.2s best=0.443µs (0.3s wall, ETA 0.1h)
  [402/3000] monks-problems-2_s3_AxisAligned_d8: acc=1.0 train=0.3s best=0.485µs (0.4s wall, ETA 0.1h)
  [403/3000] monks-problems-2_s3_AxisAligned_d10: acc=0.975207 train=0.3s best=0.956µs (0.4s wall, ETA 0.1h)
  [404/3000] monks-problems-2_s3_Oblique_d3: acc=0.834711 train=0.1s best=1.581µs (0.1s wall, ETA 0.1h)
  [405/3000] monks-problems-2_s3_Oblique_d4: acc=0.900826 train=0.1s best=2.892µs (0.1s wall, ETA 0.1h)
  [406/3000] monks-problems-2_s3_Oblique_d5: acc=0.909091 train=0.1s best=4.685µs (0.2s wall, ETA 0.1h)
  [407/3000] monks-problems-2_s3_Oblique_d6: acc=0.909091 train=0.1s best=6.375µs (0.2s wall, ETA 0.1h)
  [408/3000] monks-problems-2_s3_Oblique_d8: acc=0.958678 train=0.3s best=9.462µs (0.3s wall, ETA 0.1h)
  [409/3000] monks-problems-2_s4_AxisAligned_d3: acc=0.636364 train=0.0s best=0.098µs (0.1s wall, ETA 0.1h)
  [410/3000] monks-problems-2_s4_AxisAligned_d4: acc=0.768595 train=0.1s best=0.289µs (0.1s wall, ETA 0.1h)
  [411/3000] monks-problems-2_s4_AxisAligned_d5: acc=0.884298 train=0.1s best=0.369µs (0.1s wall, ETA 0.1h)
  [412/3000] monks-problems-2_s4_AxisAligned_d6: acc=0.958678 train=0.1s best=0.344µs (0.2s wall, ETA 0.1h)
  [413/3000] monks-problems-2_s4_AxisAligned_d7: acc=0.975207 train=0.2s best=0.263µs (0.2s wall, ETA 0.1h)
  [414/3000] monks-problems-2_s4_AxisAligned_d8: acc=0.983471 train=0.3s best=0.409µs (0.4s wall, ETA 0.1h)
  [415/3000] monks-problems-2_s4_AxisAligned_d10: acc=0.975207 train=0.3s best=1.178µs (0.4s wall, ETA 0.1h)
  [416/3000] monks-problems-2_s4_Oblique_d3: acc=0.801653 train=0.1s best=1.728µs (0.1s wall, ETA 0.1h)
  [417/3000] monks-problems-2_s4_Oblique_d4: acc=0.85124 train=0.1s best=3.008µs (0.1s wall, ETA 0.1h)
  [418/3000] monks-problems-2_s4_Oblique_d5: acc=0.884298 train=0.1s best=4.816µs (0.2s wall, ETA 0.1h)
  [419/3000] monks-problems-2_s4_Oblique_d6: acc=0.933884 train=0.2s best=6.473µs (0.2s wall, ETA 0.1h)
  [420/3000] monks-problems-2_s4_Oblique_d8: acc=0.92562 train=0.3s best=9.944µs (0.3s wall, ETA 0.1h)
  [421/3000] monks-problems-2_s5_AxisAligned_d3: acc=0.669421 train=0.0s best=0.183µs (0.1s wall, ETA 0.1h)
  [422/3000] monks-problems-2_s5_AxisAligned_d4: acc=0.719008 train=0.1s best=0.289µs (0.1s wall, ETA 0.1h)
  [423/3000] monks-problems-2_s5_AxisAligned_d5: acc=0.884298 train=0.1s best=0.389µs (0.1s wall, ETA 0.1h)
  [424/3000] monks-problems-2_s5_AxisAligned_d6: acc=1.0 train=0.1s best=0.256µs (0.1s wall, ETA 0.1h)
  [425/3000] monks-problems-2_s5_AxisAligned_d7: acc=0.983471 train=0.1s best=0.135µs (0.2s wall, ETA 0.1h)
  [426/3000] monks-problems-2_s5_AxisAligned_d8: acc=0.983471 train=0.2s best=0.258µs (0.3s wall, ETA 0.1h)
  [427/3000] monks-problems-2_s5_AxisAligned_d10: acc=0.983471 train=0.3s best=1.202µs (0.4s wall, ETA 0.1h)
  [428/3000] monks-problems-2_s5_Oblique_d3: acc=0.768595 train=0.1s best=1.674µs (0.1s wall, ETA 0.1h)
  [429/3000] monks-problems-2_s5_Oblique_d4: acc=0.842975 train=0.1s best=3.138µs (0.1s wall, ETA 0.1h)
  [430/3000] monks-problems-2_s5_Oblique_d5: acc=0.917355 train=0.1s best=4.752µs (0.2s wall, ETA 0.1h)
  [431/3000] monks-problems-2_s5_Oblique_d6: acc=0.917355 train=0.1s best=6.539µs (0.2s wall, ETA 0.1h)
  [432/3000] monks-problems-2_s5_Oblique_d8: acc=0.942149 train=0.2s best=5.620µs (0.3s wall, ETA 0.1h)
  [433/3000] monks-problems-2_s6_AxisAligned_d3: acc=0.694215 train=0.0s best=0.198µs (0.1s wall, ETA 0.1h)
  [434/3000] monks-problems-2_s6_AxisAligned_d4: acc=0.826446 train=0.1s best=0.328µs (0.1s wall, ETA 0.1h)
  [435/3000] monks-problems-2_s6_AxisAligned_d5: acc=0.966942 train=0.1s best=0.378µs (0.1s wall, ETA 0.1h)
  [436/3000] monks-problems-2_s6_AxisAligned_d6: acc=1.0 train=0.1s best=0.406µs (0.2s wall, ETA 0.1h)
  [437/3000] monks-problems-2_s6_AxisAligned_d7: acc=0.983471 train=0.2s best=0.420µs (0.3s wall, ETA 0.1h)
  [438/3000] monks-problems-2_s6_AxisAligned_d8: acc=1.0 train=0.3s best=0.476µs (0.4s wall, ETA 0.1h)
  [439/3000] monks-problems-2_s6_AxisAligned_d10: acc=1.0 train=0.4s best=2.741µs (0.5s wall, ETA 0.1h)
  [440/3000] monks-problems-2_s6_Oblique_d3: acc=0.884298 train=0.1s best=1.780µs (0.1s wall, ETA 0.1h)
  [441/3000] monks-problems-2_s6_Oblique_d4: acc=0.958678 train=0.1s best=3.250µs (0.1s wall, ETA 0.1h)
  [442/3000] monks-problems-2_s6_Oblique_d5: acc=0.942149 train=0.1s best=4.907µs (0.2s wall, ETA 0.1h)
  [443/3000] monks-problems-2_s6_Oblique_d6: acc=0.950413 train=0.2s best=6.924µs (0.2s wall, ETA 0.1h)
  [444/3000] monks-problems-2_s6_Oblique_d8: acc=0.975207 train=0.3s best=9.945µs (0.3s wall, ETA 0.1h)
  [445/3000] monks-problems-2_s7_AxisAligned_d3: acc=0.694215 train=0.0s best=0.180µs (0.1s wall, ETA 0.1h)
  [446/3000] monks-problems-2_s7_AxisAligned_d4: acc=0.834711 train=0.1s best=0.297µs (0.1s wall, ETA 0.1h)
  [447/3000] monks-problems-2_s7_AxisAligned_d5: acc=0.867769 train=0.1s best=0.374µs (0.1s wall, ETA 0.1h)
  [448/3000] monks-problems-2_s7_AxisAligned_d6: acc=0.876033 train=0.1s best=0.114µs (0.1s wall, ETA 0.1h)
  [449/3000] monks-problems-2_s7_AxisAligned_d7: acc=0.975207 train=0.1s best=0.188µs (0.2s wall, ETA 0.1h)
  [450/3000] monks-problems-2_s7_AxisAligned_d8: acc=0.966942 train=0.2s best=0.680µs (0.3s wall, ETA 0.1h)
  [451/3000] monks-problems-2_s7_AxisAligned_d10: acc=0.958678 train=0.2s best=0.488µs (0.3s wall, ETA 0.1h)
  [452/3000] monks-problems-2_s7_Oblique_d3: acc=0.826446 train=0.1s best=1.679µs (0.1s wall, ETA 0.1h)
  [453/3000] monks-problems-2_s7_Oblique_d4: acc=0.842975 train=0.1s best=2.896µs (0.1s wall, ETA 0.1h)
  [454/3000] monks-problems-2_s7_Oblique_d5: acc=0.884298 train=0.1s best=4.853µs (0.2s wall, ETA 0.1h)
  [455/3000] monks-problems-2_s7_Oblique_d6: acc=0.900826 train=0.2s best=5.376µs (0.2s wall, ETA 0.1h)
  [456/3000] monks-problems-2_s7_Oblique_d8: acc=0.892562 train=0.2s best=4.438µs (0.3s wall, ETA 0.1h)
  [457/3000] monks-problems-2_s8_AxisAligned_d3: acc=0.727273 train=0.0s best=0.101µs (0.1s wall, ETA 0.1h)
  [458/3000] monks-problems-2_s8_AxisAligned_d4: acc=0.768595 train=0.1s best=0.349µs (0.1s wall, ETA 0.1h)
  [459/3000] monks-problems-2_s8_AxisAligned_d5: acc=0.92562 train=0.1s best=0.377µs (0.1s wall, ETA 0.1h)
  [460/3000] monks-problems-2_s8_AxisAligned_d6: acc=0.983471 train=0.1s best=0.418µs (0.2s wall, ETA 0.1h)
  [461/3000] monks-problems-2_s8_AxisAligned_d7: acc=0.983471 train=0.2s best=0.464µs (0.3s wall, ETA 0.1h)
  [462/3000] monks-problems-2_s8_AxisAligned_d8: acc=1.0 train=0.3s best=0.469µs (0.4s wall, ETA 0.1h)
  [463/3000] monks-problems-2_s8_AxisAligned_d10: acc=0.983471 train=0.4s best=2.944µs (0.5s wall, ETA 0.1h)
  [464/3000] monks-problems-2_s8_Oblique_d3: acc=0.818182 train=0.1s best=1.685µs (0.1s wall, ETA 0.1h)
  [465/3000] monks-problems-2_s8_Oblique_d4: acc=0.900826 train=0.1s best=3.224µs (0.1s wall, ETA 0.1h)
  [466/3000] monks-problems-2_s8_Oblique_d5: acc=0.900826 train=0.1s best=4.816µs (0.2s wall, ETA 0.1h)
  [467/3000] monks-problems-2_s8_Oblique_d6: acc=0.942149 train=0.2s best=6.506µs (0.2s wall, ETA 0.1h)
  [468/3000] monks-problems-2_s8_Oblique_d8: acc=0.950413 train=0.3s best=9.543µs (0.3s wall, ETA 0.1h)
  [469/3000] monks-problems-2_s9_AxisAligned_d3: acc=0.603306 train=0.0s best=0.180µs (0.1s wall, ETA 0.1h)
  [470/3000] monks-problems-2_s9_AxisAligned_d4: acc=0.785124 train=0.1s best=0.290µs (0.1s wall, ETA 0.1h)
  [471/3000] monks-problems-2_s9_AxisAligned_d5: acc=0.85124 train=0.1s best=0.391µs (0.1s wall, ETA 0.1h)
  [472/3000] monks-problems-2_s9_AxisAligned_d6: acc=0.909091 train=0.1s best=0.417µs (0.2s wall, ETA 0.1h)
  [473/3000] monks-problems-2_s9_AxisAligned_d7: acc=0.991736 train=0.2s best=0.447µs (0.3s wall, ETA 0.1h)
  [474/3000] monks-problems-2_s9_AxisAligned_d8: acc=0.966942 train=0.3s best=0.395µs (0.4s wall, ETA 0.1h)
  [475/3000] monks-problems-2_s9_AxisAligned_d10: acc=0.966942 train=0.4s best=3.288µs (0.5s wall, ETA 0.1h)
  [476/3000] monks-problems-2_s9_Oblique_d3: acc=0.752066 train=0.1s best=1.602µs (0.1s wall, ETA 0.1h)
  [477/3000] monks-problems-2_s9_Oblique_d4: acc=0.809917 train=0.1s best=3.034µs (0.1s wall, ETA 0.1h)
  [478/3000] monks-problems-2_s9_Oblique_d5: acc=0.909091 train=0.1s best=4.710µs (0.2s wall, ETA 0.1h)
  [479/3000] monks-problems-2_s9_Oblique_d6: acc=0.900826 train=0.2s best=6.657µs (0.2s wall, ETA 0.1h)
  [480/3000] monks-problems-2_s9_Oblique_d8: acc=0.917355 train=0.3s best=9.831µs (0.3s wall, ETA 0.1h)

=== Dataset diabetes (id=37) shape=(768, 9) ===
  [481/3000] diabetes_s0_AxisAligned_d3: acc=0.753247 train=0.0s best=0.111µs (0.1s wall, ETA 0.1h)
  [482/3000] diabetes_s0_AxisAligned_d4: acc=0.753247 train=0.0s best=0.062µs (0.1s wall, ETA 0.1h)
  [483/3000] diabetes_s0_AxisAligned_d5: acc=0.753247 train=0.0s best=0.133µs (0.1s wall, ETA 0.1h)
  [484/3000] diabetes_s0_AxisAligned_d6: acc=0.733766 train=0.1s best=0.089µs (0.1s wall, ETA 0.1h)
  [485/3000] diabetes_s0_AxisAligned_d7: acc=0.714286 train=0.1s best=0.124µs (0.1s wall, ETA 0.1h)
  [486/3000] diabetes_s0_AxisAligned_d8: acc=0.688312 train=0.1s best=0.142µs (0.1s wall, ETA 0.1h)
  [487/3000] diabetes_s0_AxisAligned_d10: acc=0.688312 train=0.2s best=0.244µs (0.2s wall, ETA 0.1h)
  [488/3000] diabetes_s0_Oblique_d3: acc=0.75974 train=0.0s best=0.438µs (0.1s wall, ETA 0.1h)
  [489/3000] diabetes_s0_Oblique_d4: acc=0.766234 train=0.0s best=0.211µs (0.1s wall, ETA 0.1h)
  [490/3000] diabetes_s0_Oblique_d5: acc=0.746753 train=0.1s best=0.788µs (0.1s wall, ETA 0.1h)
  [491/3000] diabetes_s0_Oblique_d6: acc=0.733766 train=0.1s best=0.437µs (0.1s wall, ETA 0.1h)
  [492/3000] diabetes_s0_Oblique_d8: acc=0.707792 train=0.2s best=0.893µs (0.2s wall, ETA 0.1h)
  [493/3000] diabetes_s1_AxisAligned_d3: acc=0.720779 train=0.0s best=0.142µs (0.1s wall, ETA 0.1h)
  [494/3000] diabetes_s1_AxisAligned_d4: acc=0.707792 train=0.1s best=0.204µs (0.1s wall, ETA 0.1h)
  [495/3000] diabetes_s1_AxisAligned_d5: acc=0.694805 train=0.0s best=0.168µs (0.1s wall, ETA 0.1h)
  [496/3000] diabetes_s1_AxisAligned_d6: acc=0.720779 train=0.1s best=0.121µs (0.1s wall, ETA 0.1h)
  [497/3000] diabetes_s1_AxisAligned_d7: acc=0.688312 train=0.1s best=0.104µs (0.1s wall, ETA 0.1h)
  [498/3000] diabetes_s1_AxisAligned_d8: acc=0.681818 train=0.1s best=0.135µs (0.1s wall, ETA 0.1h)
  [499/3000] diabetes_s1_AxisAligned_d10: acc=0.655844 train=0.2s best=0.220µs (0.2s wall, ETA 0.1h)
  [500/3000] diabetes_s1_Oblique_d3: acc=0.720779 train=0.1s best=0.722µs (0.1s wall, ETA 0.1h)
  [501/3000] diabetes_s1_Oblique_d4: acc=0.707792 train=0.1s best=0.742µs (0.1s wall, ETA 0.1h)
  [502/3000] diabetes_s1_Oblique_d5: acc=0.720779 train=0.1s best=0.397µs (0.1s wall, ETA 0.1h)
  [503/3000] diabetes_s1_Oblique_d6: acc=0.714286 train=0.1s best=0.373µs (0.1s wall, ETA 0.1h)
  [504/3000] diabetes_s1_Oblique_d8: acc=0.714286 train=0.2s best=0.854µs (0.2s wall, ETA 0.1h)
  [505/3000] diabetes_s2_AxisAligned_d3: acc=0.75974 train=0.0s best=0.122µs (0.1s wall, ETA 0.1h)
  [506/3000] diabetes_s2_AxisAligned_d4: acc=0.766234 train=0.0s best=0.165µs (0.1s wall, ETA 0.1h)
  [507/3000] diabetes_s2_AxisAligned_d5: acc=0.74026 train=0.0s best=0.173µs (0.1s wall, ETA 0.1h)
  [508/3000] diabetes_s2_AxisAligned_d6: acc=0.727273 train=0.1s best=0.204µs (0.1s wall, ETA 0.1h)
  [509/3000] diabetes_s2_AxisAligned_d7: acc=0.74026 train=0.1s best=0.353µs (0.1s wall, ETA 0.1h)
  [510/3000] diabetes_s2_AxisAligned_d8: acc=0.727273 train=0.1s best=0.296µs (0.1s wall, ETA 0.1h)
  [511/3000] diabetes_s2_AxisAligned_d10: acc=0.707792 train=0.2s best=0.361µs (0.2s wall, ETA 0.1h)
  [512/3000] diabetes_s2_Oblique_d3: acc=0.772727 train=0.0s best=0.184µs (0.1s wall, ETA 0.1h)
  [513/3000] diabetes_s2_Oblique_d4: acc=0.772727 train=0.0s best=0.450µs (0.1s wall, ETA 0.1h)
  [514/3000] diabetes_s2_Oblique_d5: acc=0.792208 train=0.1s best=0.420µs (0.1s wall, ETA 0.1h)
  [515/3000] diabetes_s2_Oblique_d6: acc=0.766234 train=0.1s best=0.389µs (0.1s wall, ETA 0.1h)
  [516/3000] diabetes_s2_Oblique_d8: acc=0.785714 train=0.2s best=0.876µs (0.2s wall, ETA 0.1h)
  [517/3000] diabetes_s3_AxisAligned_d3: acc=0.720779 train=0.0s best=0.078µs (0.1s wall, ETA 0.1h)
  [518/3000] diabetes_s3_AxisAligned_d4: acc=0.766234 train=0.0s best=0.089µs (0.1s wall, ETA 0.1h)
  [519/3000] diabetes_s3_AxisAligned_d5: acc=0.720779 train=0.1s best=0.209µs (0.1s wall, ETA 0.1h)
  [520/3000] diabetes_s3_AxisAligned_d6: acc=0.74026 train=0.1s best=0.304µs (0.1s wall, ETA 0.1h)
  [521/3000] diabetes_s3_AxisAligned_d7: acc=0.753247 train=0.1s best=0.208µs (0.1s wall, ETA 0.1h)
  [522/3000] diabetes_s3_AxisAligned_d8: acc=0.766234 train=0.2s best=0.559µs (0.2s wall, ETA 0.1h)
  [523/3000] diabetes_s3_AxisAligned_d10: acc=0.753247 train=0.2s best=0.593µs (0.2s wall, ETA 0.1h)
  [524/3000] diabetes_s3_Oblique_d3: acc=0.785714 train=0.1s best=1.162µs (0.1s wall, ETA 0.1h)
  [525/3000] diabetes_s3_Oblique_d4: acc=0.766234 train=0.1s best=0.485µs (0.1s wall, ETA 0.1h)
  [526/3000] diabetes_s3_Oblique_d5: acc=0.766234 train=0.1s best=0.677µs (0.1s wall, ETA 0.1h)
  [527/3000] diabetes_s3_Oblique_d6: acc=0.766234 train=0.1s best=1.821µs (0.2s wall, ETA 0.1h)
  [528/3000] diabetes_s3_Oblique_d8: acc=0.766234 train=0.2s best=1.397µs (0.2s wall, ETA 0.1h)
  [529/3000] diabetes_s4_AxisAligned_d3: acc=0.772727 train=0.0s best=0.138µs (0.1s wall, ETA 0.1h)
  [530/3000] diabetes_s4_AxisAligned_d4: acc=0.785714 train=0.0s best=0.159µs (0.1s wall, ETA 0.1h)
  [531/3000] diabetes_s4_AxisAligned_d5: acc=0.753247 train=0.0s best=0.107µs (0.1s wall, ETA 0.1h)
  [532/3000] diabetes_s4_AxisAligned_d6: acc=0.753247 train=0.1s best=0.252µs (0.1s wall, ETA 0.1h)
  [533/3000] diabetes_s4_AxisAligned_d7: acc=0.772727 train=0.1s best=0.207µs (0.1s wall, ETA 0.1h)
  [534/3000] diabetes_s4_AxisAligned_d8: acc=0.766234 train=0.1s best=0.147µs (0.1s wall, ETA 0.1h)
  [535/3000] diabetes_s4_AxisAligned_d10: acc=0.74026 train=0.2s best=0.742µs (0.2s wall, ETA 0.1h)
  [536/3000] diabetes_s4_Oblique_d3: acc=0.779221 train=0.0s best=0.345µs (0.1s wall, ETA 0.1h)
  [537/3000] diabetes_s4_Oblique_d4: acc=0.746753 train=0.0s best=0.261µs (0.1s wall, ETA 0.1h)
  [538/3000] diabetes_s4_Oblique_d5: acc=0.74026 train=0.1s best=0.561µs (0.1s wall, ETA 0.1h)
  [539/3000] diabetes_s4_Oblique_d6: acc=0.766234 train=0.1s best=0.728µs (0.1s wall, ETA 0.1h)
  [540/3000] diabetes_s4_Oblique_d8: acc=0.727273 train=0.2s best=0.916µs (0.2s wall, ETA 0.1h)
  [541/3000] diabetes_s5_AxisAligned_d3: acc=0.753247 train=0.0s best=0.119µs (0.1s wall, ETA 0.1h)
  [542/3000] diabetes_s5_AxisAligned_d4: acc=0.75974 train=0.0s best=0.168µs (0.1s wall, ETA 0.1h)
  [543/3000] diabetes_s5_AxisAligned_d5: acc=0.753247 train=0.0s best=0.089µs (0.1s wall, ETA 0.1h)
  [544/3000] diabetes_s5_AxisAligned_d6: acc=0.74026 train=0.1s best=0.140µs (0.1s wall, ETA 0.1h)
  [545/3000] diabetes_s5_AxisAligned_d7: acc=0.733766 train=0.1s best=0.152µs (0.1s wall, ETA 0.1h)
  [546/3000] diabetes_s5_AxisAligned_d8: acc=0.74026 train=0.1s best=0.247µs (0.1s wall, ETA 0.1h)
  [547/3000] diabetes_s5_AxisAligned_d10: acc=0.727273 train=0.2s best=0.265µs (0.2s wall, ETA 0.1h)
  [548/3000] diabetes_s5_Oblique_d3: acc=0.75974 train=0.0s best=0.322µs (0.1s wall, ETA 0.1h)
  [549/3000] diabetes_s5_Oblique_d4: acc=0.746753 train=0.1s best=0.807µs (0.1s wall, ETA 0.1h)
  [550/3000] diabetes_s5_Oblique_d5: acc=0.779221 train=0.1s best=0.443µs (0.1s wall, ETA 0.1h)
  [551/3000] diabetes_s5_Oblique_d6: acc=0.733766 train=0.1s best=0.538µs (0.1s wall, ETA 0.1h)
  [552/3000] diabetes_s5_Oblique_d8: acc=0.75974 train=0.2s best=0.715µs (0.2s wall, ETA 0.1h)
  [553/3000] diabetes_s6_AxisAligned_d3: acc=0.805195 train=0.0s best=0.087µs (0.1s wall, ETA 0.1h)
  [554/3000] diabetes_s6_AxisAligned_d4: acc=0.766234 train=0.0s best=0.136µs (0.1s wall, ETA 0.1h)
  [555/3000] diabetes_s6_AxisAligned_d5: acc=0.779221 train=0.0s best=0.089µs (0.1s wall, ETA 0.1h)
  [556/3000] diabetes_s6_AxisAligned_d6: acc=0.792208 train=0.1s best=0.213µs (0.1s wall, ETA 0.1h)
  [557/3000] diabetes_s6_AxisAligned_d7: acc=0.785714 train=0.1s best=0.122µs (0.1s wall, ETA 0.1h)
  [558/3000] diabetes_s6_AxisAligned_d8: acc=0.792208 train=0.1s best=0.419µs (0.2s wall, ETA 0.1h)
  [559/3000] diabetes_s6_AxisAligned_d10: acc=0.792208 train=0.2s best=0.223µs (0.2s wall, ETA 0.1h)
  [560/3000] diabetes_s6_Oblique_d3: acc=0.818182 train=0.1s best=0.881µs (0.1s wall, ETA 0.1h)
  [561/3000] diabetes_s6_Oblique_d4: acc=0.824675 train=0.1s best=0.548µs (0.1s wall, ETA 0.1h)
  [562/3000] diabetes_s6_Oblique_d5: acc=0.792208 train=0.1s best=1.058µs (0.1s wall, ETA 0.1h)
  [563/3000] diabetes_s6_Oblique_d6: acc=0.811688 train=0.1s best=0.661µs (0.1s wall, ETA 0.1h)
  [564/3000] diabetes_s6_Oblique_d8: acc=0.818182 train=0.2s best=0.700µs (0.2s wall, ETA 0.1h)
  [565/3000] diabetes_s7_AxisAligned_d3: acc=0.779221 train=0.0s best=0.145µs (0.1s wall, ETA 0.1h)
  [566/3000] diabetes_s7_AxisAligned_d4: acc=0.74026 train=0.1s best=0.266µs (0.1s wall, ETA 0.1h)
  [567/3000] diabetes_s7_AxisAligned_d5: acc=0.75974 train=0.0s best=0.141µs (0.1s wall, ETA 0.1h)
  [568/3000] diabetes_s7_AxisAligned_d6: acc=0.746753 train=0.1s best=0.425µs (0.2s wall, ETA 0.1h)
  [569/3000] diabetes_s7_AxisAligned_d7: acc=0.753247 train=0.1s best=0.405µs (0.1s wall, ETA 0.1h)
  [570/3000] diabetes_s7_AxisAligned_d8: acc=0.766234 train=0.2s best=0.579µs (0.2s wall, ETA 0.1h)
  [571/3000] diabetes_s7_AxisAligned_d10: acc=0.746753 train=0.2s best=1.479µs (0.3s wall, ETA 0.1h)
  [572/3000] diabetes_s7_Oblique_d3: acc=0.75974 train=0.1s best=0.912µs (0.1s wall, ETA 0.1h)
  [573/3000] diabetes_s7_Oblique_d4: acc=0.779221 train=0.1s best=0.702µs (0.1s wall, ETA 0.1h)
  [574/3000] diabetes_s7_Oblique_d5: acc=0.772727 train=0.1s best=0.579µs (0.1s wall, ETA 0.1h)
  [575/3000] diabetes_s7_Oblique_d6: acc=0.75974 train=0.1s best=1.502µs (0.2s wall, ETA 0.1h)
  [576/3000] diabetes_s7_Oblique_d8: acc=0.772727 train=0.2s best=0.796µs (0.2s wall, ETA 0.1h)
  [577/3000] diabetes_s8_AxisAligned_d3: acc=0.727273 train=0.0s best=0.045µs (0.1s wall, ETA 0.1h)
  [578/3000] diabetes_s8_AxisAligned_d4: acc=0.714286 train=0.0s best=0.083µs (0.1s wall, ETA 0.1h)
  [579/3000] diabetes_s8_AxisAligned_d5: acc=0.701299 train=0.0s best=0.073µs (0.1s wall, ETA 0.1h)
  [580/3000] diabetes_s8_AxisAligned_d6: acc=0.688312 train=0.1s best=0.153µs (0.1s wall, ETA 0.1h)
  [581/3000] diabetes_s8_AxisAligned_d7: acc=0.668831 train=0.1s best=0.246µs (0.1s wall, ETA 0.1h)
  [582/3000] diabetes_s8_AxisAligned_d8: acc=0.675325 train=0.1s best=0.327µs (0.2s wall, ETA 0.1h)
  [583/3000] diabetes_s8_AxisAligned_d10: acc=0.701299 train=0.2s best=0.233µs (0.2s wall, ETA 0.1h)
  [584/3000] diabetes_s8_Oblique_d3: acc=0.733766 train=0.0s best=0.198µs (0.1s wall, ETA 0.1h)
  [585/3000] diabetes_s8_Oblique_d4: acc=0.720779 train=0.0s best=0.231µs (0.1s wall, ETA 0.1h)
  [586/3000] diabetes_s8_Oblique_d5: acc=0.720779 train=0.1s best=0.647µs (0.1s wall, ETA 0.1h)
  [587/3000] diabetes_s8_Oblique_d6: acc=0.746753 train=0.1s best=0.401µs (0.1s wall, ETA 0.1h)
  [588/3000] diabetes_s8_Oblique_d8: acc=0.701299 train=0.2s best=0.581µs (0.2s wall, ETA 0.1h)
  [589/3000] diabetes_s9_AxisAligned_d3: acc=0.792208 train=0.0s best=0.163µs (0.1s wall, ETA 0.1h)
  [590/3000] diabetes_s9_AxisAligned_d4: acc=0.785714 train=0.1s best=0.170µs (0.1s wall, ETA 0.1h)
  [591/3000] diabetes_s9_AxisAligned_d5: acc=0.798701 train=0.1s best=0.361µs (0.1s wall, ETA 0.1h)
  [592/3000] diabetes_s9_AxisAligned_d6: acc=0.772727 train=0.1s best=0.486µs (0.2s wall, ETA 0.1h)
  [593/3000] diabetes_s9_AxisAligned_d7: acc=0.766234 train=0.1s best=0.498µs (0.2s wall, ETA 0.1h)
  [594/3000] diabetes_s9_AxisAligned_d8: acc=0.779221 train=0.1s best=0.378µs (0.2s wall, ETA 0.1h)
  [595/3000] diabetes_s9_AxisAligned_d10: acc=0.785714 train=0.2s best=0.956µs (0.2s wall, ETA 0.1h)
  [596/3000] diabetes_s9_Oblique_d3: acc=0.798701 train=0.1s best=1.377µs (0.1s wall, ETA 0.1h)
  [597/3000] diabetes_s9_Oblique_d4: acc=0.766234 train=0.1s best=1.046µs (0.1s wall, ETA 0.1h)
  [598/3000] diabetes_s9_Oblique_d5: acc=0.805195 train=0.1s best=1.242µs (0.1s wall, ETA 0.1h)
  [599/3000] diabetes_s9_Oblique_d6: acc=0.792208 train=0.1s best=1.647µs (0.2s wall, ETA 0.1h)
  [600/3000] diabetes_s9_Oblique_d8: acc=0.792208 train=0.3s best=4.088µs (0.3s wall, ETA 0.1h)

=== Dataset blood-transfusion (id=1464) shape=(748, 5) ===
  [601/3000] blood-transfusion_s0_AxisAligned_d3: acc=0.793333 train=0.0s best=0.145µs (0.1s wall, ETA 0.1h)
  [602/3000] blood-transfusion_s0_AxisAligned_d4: acc=0.786667 train=0.0s best=0.155µs (0.1s wall, ETA 0.1h)
  [603/3000] blood-transfusion_s0_AxisAligned_d5: acc=0.766667 train=0.1s best=0.252µs (0.1s wall, ETA 0.1h)
  [604/3000] blood-transfusion_s0_AxisAligned_d6: acc=0.766667 train=0.1s best=0.111µs (0.1s wall, ETA 0.1h)
  [605/3000] blood-transfusion_s0_AxisAligned_d7: acc=0.766667 train=0.1s best=0.247µs (0.1s wall, ETA 0.1h)
  [606/3000] blood-transfusion_s0_AxisAligned_d8: acc=0.733333 train=0.1s best=0.309µs (0.2s wall, ETA 0.1h)
  [607/3000] blood-transfusion_s0_AxisAligned_d10: acc=0.7 train=0.2s best=1.531µs (0.3s wall, ETA 0.1h)
  [608/3000] blood-transfusion_s0_Oblique_d3: acc=0.76 train=0.1s best=1.369µs (0.1s wall, ETA 0.1h)
  [609/3000] blood-transfusion_s0_Oblique_d4: acc=0.753333 train=0.1s best=1.569µs (0.1s wall, ETA 0.1h)
  [610/3000] blood-transfusion_s0_Oblique_d5: acc=0.74 train=0.1s best=2.015µs (0.1s wall, ETA 0.1h)
  [611/3000] blood-transfusion_s0_Oblique_d6: acc=0.72 train=0.1s best=1.679µs (0.1s wall, ETA 0.1h)
  [612/3000] blood-transfusion_s0_Oblique_d8: acc=0.72 train=0.1s best=0.800µs (0.1s wall, ETA 0.1h)
  [613/3000] blood-transfusion_s1_AxisAligned_d3: acc=0.766667 train=0.0s best=0.102µs (0.1s wall, ETA 0.1h)
  [614/3000] blood-transfusion_s1_AxisAligned_d4: acc=0.766667 train=0.1s best=0.178µs (0.1s wall, ETA 0.1h)
  [615/3000] blood-transfusion_s1_AxisAligned_d5: acc=0.773333 train=0.0s best=0.095µs (0.1s wall, ETA 0.1h)
  [616/3000] blood-transfusion_s1_AxisAligned_d6: acc=0.766667 train=0.1s best=0.220µs (0.1s wall, ETA 0.1h)
  [617/3000] blood-transfusion_s1_AxisAligned_d7: acc=0.773333 train=0.1s best=0.114µs (0.1s wall, ETA 0.1h)
  [618/3000] blood-transfusion_s1_AxisAligned_d8: acc=0.766667 train=0.1s best=0.326µs (0.1s wall, ETA 0.1h)
  [619/3000] blood-transfusion_s1_AxisAligned_d10: acc=0.766667 train=0.1s best=0.231µs (0.2s wall, ETA 0.1h)
  [620/3000] blood-transfusion_s1_Oblique_d3: acc=0.78 train=0.0s best=0.537µs (0.1s wall, ETA 0.1h)
  [621/3000] blood-transfusion_s1_Oblique_d4: acc=0.78 train=0.1s best=0.918µs (0.1s wall, ETA 0.1h)
  [622/3000] blood-transfusion_s1_Oblique_d5: acc=0.78 train=0.0s best=0.495µs (0.1s wall, ETA 0.1h)
  [623/3000] blood-transfusion_s1_Oblique_d6: acc=0.786667 train=0.1s best=0.710µs (0.1s wall, ETA 0.1h)
  [624/3000] blood-transfusion_s1_Oblique_d8: acc=0.786667 train=0.1s best=0.832µs (0.1s wall, ETA 0.1h)
  [625/3000] blood-transfusion_s2_AxisAligned_d3: acc=0.806667 train=0.0s best=0.034µs (0.1s wall, ETA 0.1h)
  [626/3000] blood-transfusion_s2_AxisAligned_d4: acc=0.793333 train=0.0s best=0.044µs (0.1s wall, ETA 0.1h)
  [627/3000] blood-transfusion_s2_AxisAligned_d5: acc=0.773333 train=0.0s best=0.068µs (0.1s wall, ETA 0.1h)
  [628/3000] blood-transfusion_s2_AxisAligned_d6: acc=0.793333 train=0.0s best=0.064µs (0.1s wall, ETA 0.1h)
  [629/3000] blood-transfusion_s2_AxisAligned_d7: acc=0.78 train=0.1s best=0.078µs (0.1s wall, ETA 0.1h)
  [630/3000] blood-transfusion_s2_AxisAligned_d8: acc=0.786667 train=0.1s best=0.086µs (0.1s wall, ETA 0.1h)
  [631/3000] blood-transfusion_s2_AxisAligned_d10: acc=0.773333 train=0.1s best=0.110µs (0.1s wall, ETA 0.1h)
  [632/3000] blood-transfusion_s2_Oblique_d3: acc=0.78 train=0.0s best=0.208µs (0.1s wall, ETA 0.1h)
  [633/3000] blood-transfusion_s2_Oblique_d4: acc=0.78 train=0.0s best=0.294µs (0.1s wall, ETA 0.1h)
  [634/3000] blood-transfusion_s2_Oblique_d5: acc=0.766667 train=0.0s best=0.418µs (0.1s wall, ETA 0.1h)
  [635/3000] blood-transfusion_s2_Oblique_d6: acc=0.773333 train=0.1s best=0.356µs (0.1s wall, ETA 0.1h)
  [636/3000] blood-transfusion_s2_Oblique_d8: acc=0.766667 train=0.1s best=0.551µs (0.1s wall, ETA 0.1h)
  [637/3000] blood-transfusion_s3_AxisAligned_d3: acc=0.78 train=0.0s best=0.129µs (0.1s wall, ETA 0.1h)
  [638/3000] blood-transfusion_s3_AxisAligned_d4: acc=0.766667 train=0.0s best=0.077µs (0.1s wall, ETA 0.1h)
  [639/3000] blood-transfusion_s3_AxisAligned_d5: acc=0.773333 train=0.0s best=0.072µs (0.1s wall, ETA 0.1h)
  [640/3000] blood-transfusion_s3_AxisAligned_d6: acc=0.766667 train=0.1s best=0.102µs (0.1s wall, ETA 0.1h)
  [641/3000] blood-transfusion_s3_AxisAligned_d7: acc=0.773333 train=0.1s best=0.094µs (0.1s wall, ETA 0.1h)
  [642/3000] blood-transfusion_s3_AxisAligned_d8: acc=0.76 train=0.1s best=0.105µs (0.1s wall, ETA 0.1h)
  [643/3000] blood-transfusion_s3_AxisAligned_d10: acc=0.766667 train=0.1s best=0.160µs (0.2s wall, ETA 0.1h)
  [644/3000] blood-transfusion_s3_Oblique_d3: acc=0.753333 train=0.0s best=0.672µs (0.1s wall, ETA 0.1h)
  [645/3000] blood-transfusion_s3_Oblique_d4: acc=0.753333 train=0.1s best=1.298µs (0.1s wall, ETA 0.1h)
  [646/3000] blood-transfusion_s3_Oblique_d5: acc=0.766667 train=0.0s best=0.396µs (0.1s wall, ETA 0.1h)
  [647/3000] blood-transfusion_s3_Oblique_d6: acc=0.753333 train=0.1s best=0.824µs (0.1s wall, ETA 0.1h)
  [648/3000] blood-transfusion_s3_Oblique_d8: acc=0.753333 train=0.1s best=0.506µs (0.1s wall, ETA 0.1h)
  [649/3000] blood-transfusion_s4_AxisAligned_d3: acc=0.786667 train=0.0s best=0.074µs (0.1s wall, ETA 0.1h)
  [650/3000] blood-transfusion_s4_AxisAligned_d4: acc=0.793333 train=0.0s best=0.081µs (0.1s wall, ETA 0.1h)
  [651/3000] blood-transfusion_s4_AxisAligned_d5: acc=0.793333 train=0.0s best=0.073µs (0.1s wall, ETA 0.1h)
  [652/3000] blood-transfusion_s4_AxisAligned_d6: acc=0.793333 train=0.1s best=0.096µs (0.1s wall, ETA 0.1h)
  [653/3000] blood-transfusion_s4_AxisAligned_d7: acc=0.8 train=0.1s best=0.156µs (0.1s wall, ETA 0.1h)
  [654/3000] blood-transfusion_s4_AxisAligned_d8: acc=0.78 train=0.1s best=0.220µs (0.1s wall, ETA 0.1h)
  [655/3000] blood-transfusion_s4_AxisAligned_d10: acc=0.8 train=0.1s best=0.144µs (0.2s wall, ETA 0.1h)
  [656/3000] blood-transfusion_s4_Oblique_d3: acc=0.806667 train=0.0s best=0.285µs (0.1s wall, ETA 0.1h)
  [657/3000] blood-transfusion_s4_Oblique_d4: acc=0.78 train=0.0s best=0.415µs (0.1s wall, ETA 0.1h)
  [658/3000] blood-transfusion_s4_Oblique_d5: acc=0.786667 train=0.1s best=0.568µs (0.1s wall, ETA 0.1h)
  [659/3000] blood-transfusion_s4_Oblique_d6: acc=0.786667 train=0.1s best=0.493µs (0.1s wall, ETA 0.1h)
  [660/3000] blood-transfusion_s4_Oblique_d8: acc=0.793333 train=0.1s best=0.625µs (0.1s wall, ETA 0.1h)
  [661/3000] blood-transfusion_s5_AxisAligned_d3: acc=0.846667 train=0.0s best=0.097µs (0.1s wall, ETA 0.1h)
  [662/3000] blood-transfusion_s5_AxisAligned_d4: acc=0.853333 train=0.0s best=0.125µs (0.1s wall, ETA 0.1h)
  [663/3000] blood-transfusion_s5_AxisAligned_d5: acc=0.853333 train=0.0s best=0.181µs (0.1s wall, ETA 0.1h)
  [664/3000] blood-transfusion_s5_AxisAligned_d6: acc=0.846667 train=0.0s best=0.078µs (0.1s wall, ETA 0.1h)
  [665/3000] blood-transfusion_s5_AxisAligned_d7: acc=0.84 train=0.1s best=0.146µs (0.1s wall, ETA 0.1h)
  [666/3000] blood-transfusion_s5_AxisAligned_d8: acc=0.833333 train=0.1s best=0.127µs (0.1s wall, ETA 0.1h)
  [667/3000] blood-transfusion_s5_AxisAligned_d10: acc=0.84 train=0.1s best=0.234µs (0.2s wall, ETA 0.1h)
  [668/3000] blood-transfusion_s5_Oblique_d3: acc=0.846667 train=0.1s best=1.400µs (0.1s wall, ETA 0.1h)
  [669/3000] blood-transfusion_s5_Oblique_d4: acc=0.833333 train=0.1s best=1.454µs (0.1s wall, ETA 0.1h)
  [670/3000] blood-transfusion_s5_Oblique_d5: acc=0.813333 train=0.1s best=2.459µs (0.1s wall, ETA 0.1h)
  [671/3000] blood-transfusion_s5_Oblique_d6: acc=0.813333 train=0.1s best=2.857µs (0.2s wall, ETA 0.1h)
  [672/3000] blood-transfusion_s5_Oblique_d8: acc=0.8 train=0.1s best=1.894µs (0.2s wall, ETA 0.1h)
  [673/3000] blood-transfusion_s6_AxisAligned_d3: acc=0.773333 train=0.0s best=0.033µs (0.1s wall, ETA 0.1h)
  [674/3000] blood-transfusion_s6_AxisAligned_d4: acc=0.78 train=0.0s best=0.043µs (0.1s wall, ETA 0.1h)
  [675/3000] blood-transfusion_s6_AxisAligned_d5: acc=0.793333 train=0.0s best=0.058µs (0.1s wall, ETA 0.1h)
  [676/3000] blood-transfusion_s6_AxisAligned_d6: acc=0.793333 train=0.0s best=0.067µs (0.1s wall, ETA 0.1h)
  [677/3000] blood-transfusion_s6_AxisAligned_d7: acc=0.806667 train=0.1s best=0.077µs (0.1s wall, ETA 0.1h)
  [678/3000] blood-transfusion_s6_AxisAligned_d8: acc=0.793333 train=0.1s best=0.115µs (0.1s wall, ETA 0.1h)
  [679/3000] blood-transfusion_s6_AxisAligned_d10: acc=0.786667 train=0.1s best=0.131µs (0.1s wall, ETA 0.1h)
  [680/3000] blood-transfusion_s6_Oblique_d3: acc=0.766667 train=0.0s best=0.143µs (0.1s wall, ETA 0.1h)
  [681/3000] blood-transfusion_s6_Oblique_d4: acc=0.78 train=0.0s best=0.202µs (0.1s wall, ETA 0.1h)
  [682/3000] blood-transfusion_s6_Oblique_d5: acc=0.78 train=0.0s best=0.328µs (0.1s wall, ETA 0.1h)
  [683/3000] blood-transfusion_s6_Oblique_d6: acc=0.78 train=0.1s best=0.354µs (0.1s wall, ETA 0.1h)
  [684/3000] blood-transfusion_s6_Oblique_d8: acc=0.786667 train=0.1s best=0.614µs (0.1s wall, ETA 0.1h)
  [685/3000] blood-transfusion_s7_AxisAligned_d3: acc=0.76 train=0.0s best=0.063µs (0.1s wall, ETA 0.1h)
  [686/3000] blood-transfusion_s7_AxisAligned_d4: acc=0.766667 train=0.0s best=0.072µs (0.1s wall, ETA 0.1h)
  [687/3000] blood-transfusion_s7_AxisAligned_d5: acc=0.76 train=0.0s best=0.088µs (0.1s wall, ETA 0.1h)
  [688/3000] blood-transfusion_s7_AxisAligned_d6: acc=0.766667 train=0.1s best=0.236µs (0.1s wall, ETA 0.1h)
  [689/3000] blood-transfusion_s7_AxisAligned_d7: acc=0.753333 train=0.1s best=0.110µs (0.1s wall, ETA 0.1h)
  [690/3000] blood-transfusion_s7_AxisAligned_d8: acc=0.753333 train=0.1s best=0.131µs (0.1s wall, ETA 0.1h)
  [691/3000] blood-transfusion_s7_AxisAligned_d10: acc=0.753333 train=0.1s best=0.186µs (0.2s wall, ETA 0.1h)
  [692/3000] blood-transfusion_s7_Oblique_d3: acc=0.753333 train=0.0s best=0.321µs (0.1s wall, ETA 0.1h)
  [693/3000] blood-transfusion_s7_Oblique_d4: acc=0.746667 train=0.0s best=0.271µs (0.1s wall, ETA 0.1h)
  [694/3000] blood-transfusion_s7_Oblique_d5: acc=0.76 train=0.1s best=0.945µs (0.1s wall, ETA 0.1h)
  [695/3000] blood-transfusion_s7_Oblique_d6: acc=0.76 train=0.1s best=0.525µs (0.1s wall, ETA 0.1h)
  [696/3000] blood-transfusion_s7_Oblique_d8: acc=0.74 train=0.1s best=0.512µs (0.1s wall, ETA 0.1h)
  [697/3000] blood-transfusion_s8_AxisAligned_d3: acc=0.74 train=0.0s best=0.069µs (0.1s wall, ETA 0.1h)
  [698/3000] blood-transfusion_s8_AxisAligned_d4: acc=0.746667 train=0.0s best=0.046µs (0.1s wall, ETA 0.1h)
  [699/3000] blood-transfusion_s8_AxisAligned_d5: acc=0.766667 train=0.0s best=0.052µs (0.1s wall, ETA 0.1h)
  [700/3000] blood-transfusion_s8_AxisAligned_d6: acc=0.753333 train=0.0s best=0.073µs (0.1s wall, ETA 0.1h)
  [701/3000] blood-transfusion_s8_AxisAligned_d7: acc=0.753333 train=0.1s best=0.102µs (0.1s wall, ETA 0.1h)
  [702/3000] blood-transfusion_s8_AxisAligned_d8: acc=0.766667 train=0.1s best=0.110µs (0.1s wall, ETA 0.1h)
  [703/3000] blood-transfusion_s8_AxisAligned_d10: acc=0.766667 train=0.1s best=0.140µs (0.2s wall, ETA 0.1h)
  [704/3000] blood-transfusion_s8_Oblique_d3: acc=0.76 train=0.0s best=0.275µs (0.1s wall, ETA 0.1h)
  [705/3000] blood-transfusion_s8_Oblique_d4: acc=0.746667 train=0.0s best=0.220µs (0.1s wall, ETA 0.1h)
  [706/3000] blood-transfusion_s8_Oblique_d5: acc=0.773333 train=0.0s best=0.262µs (0.1s wall, ETA 0.1h)
  [707/3000] blood-transfusion_s8_Oblique_d6: acc=0.76 train=0.1s best=0.349µs (0.1s wall, ETA 0.1h)
  [708/3000] blood-transfusion_s8_Oblique_d8: acc=0.76 train=0.1s best=0.592µs (0.1s wall, ETA 0.1h)
  [709/3000] blood-transfusion_s9_AxisAligned_d3: acc=0.72 train=0.0s best=0.037µs (0.1s wall, ETA 0.1h)
  [710/3000] blood-transfusion_s9_AxisAligned_d4: acc=0.726667 train=0.0s best=0.046µs (0.1s wall, ETA 0.1h)
  [711/3000] blood-transfusion_s9_AxisAligned_d5: acc=0.733333 train=0.0s best=0.054µs (0.1s wall, ETA 0.1h)
  [712/3000] blood-transfusion_s9_AxisAligned_d6: acc=0.753333 train=0.0s best=0.065µs (0.1s wall, ETA 0.1h)
  [713/3000] blood-transfusion_s9_AxisAligned_d7: acc=0.766667 train=0.1s best=0.090µs (0.1s wall, ETA 0.1h)
  [714/3000] blood-transfusion_s9_AxisAligned_d8: acc=0.753333 train=0.1s best=0.097µs (0.1s wall, ETA 0.1h)
  [715/3000] blood-transfusion_s9_AxisAligned_d10: acc=0.766667 train=0.1s best=0.132µs (0.1s wall, ETA 0.1h)
  [716/3000] blood-transfusion_s9_Oblique_d3: acc=0.726667 train=0.0s best=0.142µs (0.1s wall, ETA 0.1h)
  [717/3000] blood-transfusion_s9_Oblique_d4: acc=0.72 train=0.0s best=0.210µs (0.1s wall, ETA 0.1h)
  [718/3000] blood-transfusion_s9_Oblique_d5: acc=0.726667 train=0.0s best=0.259µs (0.1s wall, ETA 0.1h)
  [719/3000] blood-transfusion_s9_Oblique_d6: acc=0.74 train=0.1s best=0.375µs (0.1s wall, ETA 0.1h)
  [720/3000] blood-transfusion_s9_Oblique_d8: acc=0.72 train=0.1s best=0.523µs (0.1s wall, ETA 0.1h)

=== Dataset tic-tac-toe (id=50) shape=(958, 10) ===
  [721/3000] tic-tac-toe_s0_AxisAligned_d3: acc=0.791667 train=0.0s best=0.229µs (0.1s wall, ETA 0.1h)
  [722/3000] tic-tac-toe_s0_AxisAligned_d4: acc=0.901042 train=0.1s best=0.325µs (0.1s wall, ETA 0.1h)
  [723/3000] tic-tac-toe_s0_AxisAligned_d5: acc=0.984375 train=0.1s best=0.569µs (0.2s wall, ETA 0.1h)
  [724/3000] tic-tac-toe_s0_AxisAligned_d6: acc=0.979167 train=0.2s best=0.607µs (0.2s wall, ETA 0.1h)
  [725/3000] tic-tac-toe_s0_AxisAligned_d7: acc=0.984375 train=0.3s best=0.693µs (0.3s wall, ETA 0.1h)
  [726/3000] tic-tac-toe_s0_AxisAligned_d8: acc=0.994792 train=0.4s best=3.436µs (0.5s wall, ETA 0.1h)
  [727/3000] tic-tac-toe_s0_AxisAligned_d10: acc=0.994792 train=0.6s best=3.997µs (0.7s wall, ETA 0.1h)
  [728/3000] tic-tac-toe_s0_Oblique_d3: acc=0.9375 train=0.1s best=2.130µs (0.1s wall, ETA 0.1h)
  [729/3000] tic-tac-toe_s0_Oblique_d4: acc=0.984375 train=0.1s best=3.716µs (0.2s wall, ETA 0.1h)
  [730/3000] tic-tac-toe_s0_Oblique_d5: acc=0.989583 train=0.2s best=5.824µs (0.2s wall, ETA 0.1h)
  [731/3000] tic-tac-toe_s0_Oblique_d6: acc=0.989583 train=0.3s best=7.910µs (0.3s wall, ETA 0.1h)
  [732/3000] tic-tac-toe_s0_Oblique_d8: acc=1.0 train=0.6s best=11.905µs (0.7s wall, ETA 0.1h)
  [733/3000] tic-tac-toe_s1_AxisAligned_d3: acc=0.791667 train=0.0s best=0.208µs (0.1s wall, ETA 0.1h)
  [734/3000] tic-tac-toe_s1_AxisAligned_d4: acc=0.90625 train=0.1s best=0.318µs (0.1s wall, ETA 0.1h)
  [735/3000] tic-tac-toe_s1_AxisAligned_d5: acc=1.0 train=0.1s best=0.449µs (0.2s wall, ETA 0.1h)
  [736/3000] tic-tac-toe_s1_AxisAligned_d6: acc=0.994792 train=0.2s best=0.591µs (0.2s wall, ETA 0.1h)
  [737/3000] tic-tac-toe_s1_AxisAligned_d7: acc=1.0 train=0.3s best=0.742µs (0.3s wall, ETA 0.1h)
  [738/3000] tic-tac-toe_s1_AxisAligned_d8: acc=0.984375 train=0.4s best=3.716µs (0.5s wall, ETA 0.1h)
  [739/3000] tic-tac-toe_s1_AxisAligned_d10: acc=0.994792 train=0.7s best=4.052µs (0.8s wall, ETA 0.1h)
  [740/3000] tic-tac-toe_s1_Oblique_d3: acc=0.973958 train=0.1s best=2.138µs (0.1s wall, ETA 0.1h)
  [741/3000] tic-tac-toe_s1_Oblique_d4: acc=1.0 train=0.1s best=3.796µs (0.2s wall, ETA 0.1h)
  [742/3000] tic-tac-toe_s1_Oblique_d5: acc=1.0 train=0.2s best=5.956µs (0.2s wall, ETA 0.1h)
  [743/3000] tic-tac-toe_s1_Oblique_d6: acc=1.0 train=0.2s best=8.105µs (0.3s wall, ETA 0.1h)
  [744/3000] tic-tac-toe_s1_Oblique_d8: acc=1.0 train=0.5s best=11.970µs (0.6s wall, ETA 0.1h)
  [745/3000] tic-tac-toe_s2_AxisAligned_d3: acc=0.765625 train=0.0s best=0.222µs (0.1s wall, ETA 0.1h)
  [746/3000] tic-tac-toe_s2_AxisAligned_d4: acc=0.942708 train=0.1s best=0.327µs (0.1s wall, ETA 0.1h)
  [747/3000] tic-tac-toe_s2_AxisAligned_d5: acc=0.989583 train=0.1s best=0.463µs (0.2s wall, ETA 0.1h)
  [748/3000] tic-tac-toe_s2_AxisAligned_d6: acc=1.0 train=0.2s best=0.605µs (0.2s wall, ETA 0.1h)
  [749/3000] tic-tac-toe_s2_AxisAligned_d7: acc=1.0 train=0.2s best=0.714µs (0.3s wall, ETA 0.1h)
  [750/3000] tic-tac-toe_s2_AxisAligned_d8: acc=1.0 train=0.4s best=3.255µs (0.5s wall, ETA 0.1h)
  [751/3000] tic-tac-toe_s2_AxisAligned_d10: acc=1.0 train=0.6s best=3.641µs (0.7s wall, ETA 0.1h)
  [752/3000] tic-tac-toe_s2_Oblique_d3: acc=0.942708 train=0.1s best=1.976µs (0.1s wall, ETA 0.1h)
  [753/3000] tic-tac-toe_s2_Oblique_d4: acc=1.0 train=0.1s best=3.649µs (0.2s wall, ETA 0.1h)
  [754/3000] tic-tac-toe_s2_Oblique_d5: acc=1.0 train=0.2s best=5.914µs (0.2s wall, ETA 0.1h)
  [755/3000] tic-tac-toe_s2_Oblique_d6: acc=1.0 train=0.2s best=7.857µs (0.3s wall, ETA 0.1h)
  [756/3000] tic-tac-toe_s2_Oblique_d8: acc=1.0 train=0.5s best=11.858µs (0.6s wall, ETA 0.1h)
  [757/3000] tic-tac-toe_s3_AxisAligned_d3: acc=0.791667 train=0.0s best=0.212µs (0.1s wall, ETA 0.1h)
  [758/3000] tic-tac-toe_s3_AxisAligned_d4: acc=0.963542 train=0.1s best=0.307µs (0.1s wall, ETA 0.1h)
  [759/3000] tic-tac-toe_s3_AxisAligned_d5: acc=1.0 train=0.1s best=0.470µs (0.2s wall, ETA 0.1h)
  [760/3000] tic-tac-toe_s3_AxisAligned_d6: acc=1.0 train=0.2s best=0.621µs (0.2s wall, ETA 0.1h)
  [761/3000] tic-tac-toe_s3_AxisAligned_d7: acc=1.0 train=0.3s best=0.748µs (0.3s wall, ETA 0.1h)
  [762/3000] tic-tac-toe_s3_AxisAligned_d8: acc=0.994792 train=0.4s best=3.881µs (0.5s wall, ETA 0.1h)
  [763/3000] tic-tac-toe_s3_AxisAligned_d10: acc=0.994792 train=0.6s best=4.206µs (0.7s wall, ETA 0.1h)
  [764/3000] tic-tac-toe_s3_Oblique_d3: acc=0.989583 train=0.1s best=1.898µs (0.1s wall, ETA 0.1h)
  [765/3000] tic-tac-toe_s3_Oblique_d4: acc=1.0 train=0.1s best=3.689µs (0.2s wall, ETA 0.1h)
  [766/3000] tic-tac-toe_s3_Oblique_d5: acc=1.0 train=0.2s best=5.770µs (0.2s wall, ETA 0.1h)
  [767/3000] tic-tac-toe_s3_Oblique_d6: acc=1.0 train=0.3s best=8.075µs (0.3s wall, ETA 0.1h)
  [768/3000] tic-tac-toe_s3_Oblique_d8: acc=1.0 train=0.6s best=11.880µs (0.7s wall, ETA 0.1h)
  [769/3000] tic-tac-toe_s4_AxisAligned_d3: acc=0.786458 train=0.0s best=0.241µs (0.1s wall, ETA 0.1h)
  [770/3000] tic-tac-toe_s4_AxisAligned_d4: acc=0.932292 train=0.1s best=0.379µs (0.1s wall, ETA 0.1h)
  [771/3000] tic-tac-toe_s4_AxisAligned_d5: acc=1.0 train=0.1s best=0.450µs (0.2s wall, ETA 0.1h)
  [772/3000] tic-tac-toe_s4_AxisAligned_d6: acc=1.0 train=0.2s best=0.599µs (0.2s wall, ETA 0.1h)
  [773/3000] tic-tac-toe_s4_AxisAligned_d7: acc=1.0 train=0.3s best=0.831µs (0.3s wall, ETA 0.1h)
  [774/3000] tic-tac-toe_s4_AxisAligned_d8: acc=1.0 train=0.4s best=3.596µs (0.5s wall, ETA 0.1h)
  [775/3000] tic-tac-toe_s4_AxisAligned_d10: acc=0.994792 train=0.7s best=3.760µs (0.8s wall, ETA 0.1h)
  [776/3000] tic-tac-toe_s4_Oblique_d3: acc=0.963542 train=0.1s best=1.984µs (0.1s wall, ETA 0.1h)
  [777/3000] tic-tac-toe_s4_Oblique_d4: acc=1.0 train=0.1s best=3.779µs (0.2s wall, ETA 0.1h)
  [778/3000] tic-tac-toe_s4_Oblique_d5: acc=1.0 train=0.2s best=5.751µs (0.2s wall, ETA 0.1h)
  [779/3000] tic-tac-toe_s4_Oblique_d6: acc=1.0 train=0.2s best=7.950µs (0.3s wall, ETA 0.1h)
  [780/3000] tic-tac-toe_s4_Oblique_d8: acc=1.0 train=0.5s best=11.838µs (0.6s wall, ETA 0.1h)
  [781/3000] tic-tac-toe_s5_AxisAligned_d3: acc=0.848958 train=0.0s best=0.368µs (0.1s wall, ETA 0.1h)
  [782/3000] tic-tac-toe_s5_AxisAligned_d4: acc=0.927083 train=0.1s best=0.327µs (0.1s wall, ETA 0.1h)
  [783/3000] tic-tac-toe_s5_AxisAligned_d5: acc=0.994792 train=0.1s best=0.454µs (0.2s wall, ETA 0.1h)
  [784/3000] tic-tac-toe_s5_AxisAligned_d6: acc=0.989583 train=0.2s best=0.640µs (0.2s wall, ETA 0.1h)
  [785/3000] tic-tac-toe_s5_AxisAligned_d7: acc=0.994792 train=0.2s best=0.731µs (0.3s wall, ETA 0.1h)
  [786/3000] tic-tac-toe_s5_AxisAligned_d8: acc=1.0 train=0.4s best=3.277µs (0.5s wall, ETA 0.1h)
  [787/3000] tic-tac-toe_s5_AxisAligned_d10: acc=0.989583 train=0.6s best=3.869µs (0.7s wall, ETA 0.1h)
  [788/3000] tic-tac-toe_s5_Oblique_d3: acc=0.973958 train=0.1s best=1.950µs (0.1s wall, ETA 0.1h)
  [789/3000] tic-tac-toe_s5_Oblique_d4: acc=1.0 train=0.1s best=3.714µs (0.2s wall, ETA 0.1h)
  [790/3000] tic-tac-toe_s5_Oblique_d5: acc=1.0 train=0.2s best=5.851µs (0.2s wall, ETA 0.1h)
  [791/3000] tic-tac-toe_s5_Oblique_d6: acc=0.994792 train=0.3s best=8.227µs (0.3s wall, ETA 0.1h)
  [792/3000] tic-tac-toe_s5_Oblique_d8: acc=1.0 train=0.5s best=11.799µs (0.7s wall, ETA 0.1h)
  [793/3000] tic-tac-toe_s6_AxisAligned_d3: acc=0.817708 train=0.0s best=0.208µs (0.1s wall, ETA 0.1h)
  [794/3000] tic-tac-toe_s6_AxisAligned_d4: acc=0.953125 train=0.1s best=0.321µs (0.1s wall, ETA 0.1h)
  [795/3000] tic-tac-toe_s6_AxisAligned_d5: acc=1.0 train=0.1s best=0.448µs (0.2s wall, ETA 0.1h)
  [796/3000] tic-tac-toe_s6_AxisAligned_d6: acc=1.0 train=0.2s best=0.587µs (0.2s wall, ETA 0.1h)
  [797/3000] tic-tac-toe_s6_AxisAligned_d7: acc=1.0 train=0.3s best=0.694µs (0.3s wall, ETA 0.1h)
  [798/3000] tic-tac-toe_s6_AxisAligned_d8: acc=1.0 train=0.4s best=3.145µs (0.5s wall, ETA 0.1h)
  [799/3000] tic-tac-toe_s6_AxisAligned_d10: acc=1.0 train=0.7s best=3.633µs (0.8s wall, ETA 0.1h)
  [800/3000] tic-tac-toe_s6_Oblique_d3: acc=0.96875 train=0.1s best=2.126µs (0.1s wall, ETA 0.1h)
  [801/3000] tic-tac-toe_s6_Oblique_d4: acc=1.0 train=0.1s best=3.689µs (0.2s wall, ETA 0.1h)
  [802/3000] tic-tac-toe_s6_Oblique_d5: acc=1.0 train=0.2s best=5.978µs (0.2s wall, ETA 0.1h)
  [803/3000] tic-tac-toe_s6_Oblique_d6: acc=1.0 train=0.2s best=8.047µs (0.3s wall, ETA 0.1h)
  [804/3000] tic-tac-toe_s6_Oblique_d8: acc=1.0 train=0.6s best=11.967µs (0.7s wall, ETA 0.1h)
  [805/3000] tic-tac-toe_s7_AxisAligned_d3: acc=0.796875 train=0.0s best=0.208µs (0.1s wall, ETA 0.1h)
  [806/3000] tic-tac-toe_s7_AxisAligned_d4: acc=0.947917 train=0.1s best=0.317µs (0.1s wall, ETA 0.1h)
  [807/3000] tic-tac-toe_s7_AxisAligned_d5: acc=0.989583 train=0.1s best=0.460µs (0.2s wall, ETA 0.1h)
  [808/3000] tic-tac-toe_s7_AxisAligned_d6: acc=0.994792 train=0.2s best=0.593µs (0.2s wall, ETA 0.1h)
  [809/3000] tic-tac-toe_s7_AxisAligned_d7: acc=1.0 train=0.3s best=0.721µs (0.3s wall, ETA 0.1h)
  [810/3000] tic-tac-toe_s7_AxisAligned_d8: acc=1.0 train=0.4s best=3.133µs (0.5s wall, ETA 0.1h)
  [811/3000] tic-tac-toe_s7_AxisAligned_d10: acc=1.0 train=0.6s best=3.418µs (0.8s wall, ETA 0.1h)
  [812/3000] tic-tac-toe_s7_Oblique_d3: acc=0.973958 train=0.1s best=1.924µs (0.1s wall, ETA 0.1h)
  [813/3000] tic-tac-toe_s7_Oblique_d4: acc=1.0 train=0.1s best=3.636µs (0.2s wall, ETA 0.1h)
  [814/3000] tic-tac-toe_s7_Oblique_d5: acc=1.0 train=0.2s best=5.865µs (0.2s wall, ETA 0.1h)
  [815/3000] tic-tac-toe_s7_Oblique_d6: acc=1.0 train=0.3s best=8.143µs (0.3s wall, ETA 0.1h)
  [816/3000] tic-tac-toe_s7_Oblique_d8: acc=1.0 train=0.6s best=11.888µs (0.7s wall, ETA 0.1h)
  [817/3000] tic-tac-toe_s8_AxisAligned_d3: acc=0.807292 train=0.0s best=0.203µs (0.1s wall, ETA 0.1h)
  [818/3000] tic-tac-toe_s8_AxisAligned_d4: acc=0.911458 train=0.1s best=0.311µs (0.1s wall, ETA 0.1h)
  [819/3000] tic-tac-toe_s8_AxisAligned_d5: acc=0.96875 train=0.1s best=0.458µs (0.2s wall, ETA 0.1h)
  [820/3000] tic-tac-toe_s8_AxisAligned_d6: acc=1.0 train=0.2s best=0.570µs (0.2s wall, ETA 0.1h)
  [821/3000] tic-tac-toe_s8_AxisAligned_d7: acc=0.96875 train=0.3s best=0.670µs (0.3s wall, ETA 0.1h)
  [822/3000] tic-tac-toe_s8_AxisAligned_d8: acc=1.0 train=0.4s best=3.054µs (0.5s wall, ETA 0.1h)
  [823/3000] tic-tac-toe_s8_AxisAligned_d10: acc=0.963542 train=0.6s best=3.134µs (0.7s wall, ETA 0.1h)
  [824/3000] tic-tac-toe_s8_Oblique_d3: acc=0.927083 train=0.1s best=1.941µs (0.1s wall, ETA 0.1h)
  [825/3000] tic-tac-toe_s8_Oblique_d4: acc=0.973958 train=0.1s best=3.644µs (0.2s wall, ETA 0.1h)
  [826/3000] tic-tac-toe_s8_Oblique_d5: acc=0.989583 train=0.2s best=5.744µs (0.2s wall, ETA 0.1h)
  [827/3000] tic-tac-toe_s8_Oblique_d6: acc=0.984375 train=0.3s best=8.184µs (0.3s wall, ETA 0.1h)
  [828/3000] tic-tac-toe_s8_Oblique_d8: acc=0.979167 train=0.6s best=12.085µs (0.7s wall, ETA 0.1h)
  [829/3000] tic-tac-toe_s9_AxisAligned_d3: acc=0.796875 train=0.0s best=0.214µs (0.1s wall, ETA 0.1h)
  [830/3000] tic-tac-toe_s9_AxisAligned_d4: acc=0.895833 train=0.1s best=0.309µs (0.1s wall, ETA 0.1h)
  [831/3000] tic-tac-toe_s9_AxisAligned_d5: acc=1.0 train=0.1s best=0.456µs (0.2s wall, ETA 0.1h)
  [832/3000] tic-tac-toe_s9_AxisAligned_d6: acc=0.994792 train=0.2s best=0.590µs (0.2s wall, ETA 0.1h)
  [833/3000] tic-tac-toe_s9_AxisAligned_d7: acc=0.994792 train=0.2s best=0.761µs (0.3s wall, ETA 0.1h)
  [834/3000] tic-tac-toe_s9_AxisAligned_d8: acc=0.994792 train=0.4s best=3.356µs (0.5s wall, ETA 0.1h)
  [835/3000] tic-tac-toe_s9_AxisAligned_d10: acc=0.989583 train=0.6s best=4.095µs (0.7s wall, ETA 0.1h)
  [836/3000] tic-tac-toe_s9_Oblique_d3: acc=0.921875 train=0.1s best=2.030µs (0.1s wall, ETA 0.1h)
  [837/3000] tic-tac-toe_s9_Oblique_d4: acc=0.994792 train=0.1s best=3.749µs (0.2s wall, ETA 0.1h)
  [838/3000] tic-tac-toe_s9_Oblique_d5: acc=1.0 train=0.2s best=5.850µs (0.2s wall, ETA 0.1h)
  [839/3000] tic-tac-toe_s9_Oblique_d6: acc=1.0 train=0.3s best=8.196µs (0.3s wall, ETA 0.1h)
  [840/3000] tic-tac-toe_s9_Oblique_d8: acc=0.994792 train=0.5s best=11.886µs (0.7s wall, ETA 0.1h)

=== Dataset credit-g (id=31) shape=(1000, 21) ===
  [841/3000] credit-g_s0_AxisAligned_d3: acc=0.76 train=0.1s best=0.216µs (0.1s wall, ETA 0.1h)
  [842/3000] credit-g_s0_AxisAligned_d4: acc=0.765 train=0.1s best=0.442µs (0.1s wall, ETA 0.1h)
  [843/3000] credit-g_s0_AxisAligned_d5: acc=0.76 train=0.1s best=0.431µs (0.2s wall, ETA 0.1h)
  [844/3000] credit-g_s0_AxisAligned_d6: acc=0.765 train=0.2s best=0.554µs (0.2s wall, ETA 0.1h)
  [845/3000] credit-g_s0_AxisAligned_d7: acc=0.73 train=0.3s best=0.827µs (0.4s wall, ETA 0.1h)
  [846/3000] credit-g_s0_AxisAligned_d8: acc=0.73 train=0.3s best=0.741µs (0.4s wall, ETA 0.1h)
  [847/3000] credit-g_s0_AxisAligned_d10: acc=0.72 train=0.5s best=1.767µs (0.6s wall, ETA 0.1h)
  [848/3000] credit-g_s0_Oblique_d3: acc=0.74 train=0.1s best=0.609µs (0.1s wall, ETA 0.1h)
  [849/3000] credit-g_s0_Oblique_d4: acc=0.74 train=0.2s best=1.920µs (0.3s wall, ETA 0.1h)
  [850/3000] credit-g_s0_Oblique_d5: acc=0.765 train=0.3s best=2.324µs (0.4s wall, ETA 0.1h)
  [851/3000] credit-g_s0_Oblique_d6: acc=0.765 train=0.3s best=1.092µs (0.3s wall, ETA 0.1h)
  [852/3000] credit-g_s0_Oblique_d8: acc=0.785 train=0.6s best=3.167µs (0.7s wall, ETA 0.1h)
  [853/3000] credit-g_s1_AxisAligned_d3: acc=0.81 train=0.1s best=0.172µs (0.1s wall, ETA 0.1h)
  [854/3000] credit-g_s1_AxisAligned_d4: acc=0.805 train=0.1s best=0.201µs (0.1s wall, ETA 0.1h)
  [855/3000] credit-g_s1_AxisAligned_d5: acc=0.815 train=0.1s best=0.296µs (0.1s wall, ETA 0.1h)
  [856/3000] credit-g_s1_AxisAligned_d6: acc=0.77 train=0.1s best=0.286µs (0.2s wall, ETA 0.1h)
  [857/3000] credit-g_s1_AxisAligned_d7: acc=0.79 train=0.1s best=0.233µs (0.2s wall, ETA 0.1h)
  [858/3000] credit-g_s1_AxisAligned_d8: acc=0.77 train=0.2s best=0.236µs (0.2s wall, ETA 0.1h)
  [859/3000] credit-g_s1_AxisAligned_d10: acc=0.785 train=0.3s best=0.638µs (0.4s wall, ETA 0.1h)
  [860/3000] credit-g_s1_Oblique_d3: acc=0.81 train=0.1s best=0.511µs (0.1s wall, ETA 0.1h)
  [861/3000] credit-g_s1_Oblique_d4: acc=0.815 train=0.1s best=0.738µs (0.2s wall, ETA 0.1h)
  [862/3000] credit-g_s1_Oblique_d5: acc=0.79 train=0.3s best=2.429µs (0.3s wall, ETA 0.1h)
  [863/3000] credit-g_s1_Oblique_d6: acc=0.78 train=0.3s best=1.168µs (0.3s wall, ETA 0.1h)
  [864/3000] credit-g_s1_Oblique_d8: acc=0.765 train=0.4s best=0.806µs (0.4s wall, ETA 0.1h)
  [865/3000] credit-g_s2_AxisAligned_d3: acc=0.76 train=0.1s best=0.236µs (0.1s wall, ETA 0.1h)
  [866/3000] credit-g_s2_AxisAligned_d4: acc=0.76 train=0.1s best=0.359µs (0.1s wall, ETA 0.1h)
  [867/3000] credit-g_s2_AxisAligned_d5: acc=0.77 train=0.1s best=0.198µs (0.1s wall, ETA 0.1h)
  [868/3000] credit-g_s2_AxisAligned_d6: acc=0.77 train=0.1s best=0.165µs (0.1s wall, ETA 0.1h)
  [869/3000] credit-g_s2_AxisAligned_d7: acc=0.76 train=0.2s best=0.419µs (0.2s wall, ETA 0.1h)
  [870/3000] credit-g_s2_AxisAligned_d8: acc=0.755 train=0.2s best=0.340µs (0.3s wall, ETA 0.1h)
  [871/3000] credit-g_s2_AxisAligned_d10: acc=0.765 train=0.4s best=0.576µs (0.4s wall, ETA 0.1h)
  [872/3000] credit-g_s2_Oblique_d3: acc=0.745 train=0.1s best=1.077µs (0.2s wall, ETA 0.1h)
  [873/3000] credit-g_s2_Oblique_d4: acc=0.765 train=0.2s best=1.141µs (0.2s wall, ETA 0.1h)
  [874/3000] credit-g_s2_Oblique_d5: acc=0.745 train=0.2s best=1.099µs (0.3s wall, ETA 0.1h)
  [875/3000] credit-g_s2_Oblique_d6: acc=0.775 train=0.2s best=0.791µs (0.3s wall, ETA 0.1h)
  [876/3000] credit-g_s2_Oblique_d8: acc=0.785 train=0.5s best=1.778µs (0.6s wall, ETA 0.1h)
  [877/3000] credit-g_s3_AxisAligned_d3: acc=0.765 train=0.1s best=0.219µs (0.1s wall, ETA 0.1h)
  [878/3000] credit-g_s3_AxisAligned_d4: acc=0.775 train=0.1s best=0.395µs (0.1s wall, ETA 0.1h)
  [879/3000] credit-g_s3_AxisAligned_d5: acc=0.775 train=0.1s best=0.554µs (0.2s wall, ETA 0.1h)
  [880/3000] credit-g_s3_AxisAligned_d6: acc=0.78 train=0.2s best=0.759µs (0.3s wall, ETA 0.1h)
  [881/3000] credit-g_s3_AxisAligned_d7: acc=0.765 train=0.3s best=0.713µs (0.3s wall, ETA 0.1h)
  [882/3000] credit-g_s3_AxisAligned_d8: acc=0.795 train=0.3s best=0.755µs (0.4s wall, ETA 0.1h)
  [883/3000] credit-g_s3_AxisAligned_d10: acc=0.765 train=0.4s best=1.230µs (0.5s wall, ETA 0.1h)
  [884/3000] credit-g_s3_Oblique_d3: acc=0.76 train=0.1s best=1.642µs (0.2s wall, ETA 0.1h)
  [885/3000] credit-g_s3_Oblique_d4: acc=0.78 train=0.2s best=2.504µs (0.3s wall, ETA 0.1h)
  [886/3000] credit-g_s3_Oblique_d5: acc=0.78 train=0.3s best=1.996µs (0.3s wall, ETA 0.1h)
  [887/3000] credit-g_s3_Oblique_d6: acc=0.745 train=0.3s best=1.237µs (0.3s wall, ETA 0.1h)
  [888/3000] credit-g_s3_Oblique_d8: acc=0.755 train=0.6s best=2.925µs (0.6s wall, ETA 0.1h)
  [889/3000] credit-g_s4_AxisAligned_d3: acc=0.735 train=0.1s best=0.214µs (0.1s wall, ETA 0.1h)
  [890/3000] credit-g_s4_AxisAligned_d4: acc=0.73 train=0.1s best=0.160µs (0.1s wall, ETA 0.1h)
  [891/3000] credit-g_s4_AxisAligned_d5: acc=0.71 train=0.1s best=0.246µs (0.1s wall, ETA 0.1h)
  [892/3000] credit-g_s4_AxisAligned_d6: acc=0.72 train=0.1s best=0.257µs (0.2s wall, ETA 0.1h)
  [893/3000] credit-g_s4_AxisAligned_d7: acc=0.74 train=0.2s best=0.316µs (0.2s wall, ETA 0.1h)
  [894/3000] credit-g_s4_AxisAligned_d8: acc=0.735 train=0.3s best=1.017µs (0.3s wall, ETA 0.1h)
  [895/3000] credit-g_s4_AxisAligned_d10: acc=0.71 train=0.4s best=1.179µs (0.5s wall, ETA 0.1h)
  [896/3000] credit-g_s4_Oblique_d3: acc=0.73 train=0.1s best=1.758µs (0.2s wall, ETA 0.1h)
  [897/3000] credit-g_s4_Oblique_d4: acc=0.76 train=0.1s best=0.955µs (0.2s wall, ETA 0.1h)
  [898/3000] credit-g_s4_Oblique_d5: acc=0.725 train=0.3s best=3.512µs (0.4s wall, ETA 0.1h)
  [899/3000] credit-g_s4_Oblique_d6: acc=0.725 train=0.4s best=2.595µs (0.4s wall, ETA 0.1h)
  [900/3000] credit-g_s4_Oblique_d8: acc=0.755 train=0.6s best=2.942µs (0.6s wall, ETA 0.1h)
  [901/3000] credit-g_s5_AxisAligned_d3: acc=0.745 train=0.1s best=0.236µs (0.1s wall, ETA 0.1h)
  [902/3000] credit-g_s5_AxisAligned_d4: acc=0.76 train=0.1s best=0.318µs (0.1s wall, ETA 0.1h)
  [903/3000] credit-g_s5_AxisAligned_d5: acc=0.755 train=0.1s best=0.570µs (0.2s wall, ETA 0.1h)
  [904/3000] credit-g_s5_AxisAligned_d6: acc=0.745 train=0.2s best=0.854µs (0.3s wall, ETA 0.1h)
  [905/3000] credit-g_s5_AxisAligned_d7: acc=0.715 train=0.3s best=0.845µs (0.4s wall, ETA 0.1h)
  [906/3000] credit-g_s5_AxisAligned_d8: acc=0.725 train=0.3s best=1.910µs (0.4s wall, ETA 0.1h)
  [907/3000] credit-g_s5_AxisAligned_d10: acc=0.745 train=0.5s best=2.171µs (0.6s wall, ETA 0.1h)
  [908/3000] credit-g_s5_Oblique_d3: acc=0.77 train=0.1s best=1.459µs (0.2s wall, ETA 0.1h)
  [909/3000] credit-g_s5_Oblique_d4: acc=0.74 train=0.2s best=1.308µs (0.2s wall, ETA 0.1h)
  [910/3000] credit-g_s5_Oblique_d5: acc=0.745 train=0.2s best=1.690µs (0.3s wall, ETA 0.1h)
  [911/3000] credit-g_s5_Oblique_d6: acc=0.74 train=0.2s best=0.784µs (0.3s wall, ETA 0.1h)
  [912/3000] credit-g_s5_Oblique_d8: acc=0.77 train=0.5s best=2.118µs (0.6s wall, ETA 0.1h)
  [913/3000] credit-g_s6_AxisAligned_d3: acc=0.765 train=0.1s best=0.211µs (0.1s wall, ETA 0.1h)
  [914/3000] credit-g_s6_AxisAligned_d4: acc=0.79 train=0.1s best=0.230µs (0.1s wall, ETA 0.1h)
  [915/3000] credit-g_s6_AxisAligned_d5: acc=0.775 train=0.1s best=0.341µs (0.2s wall, ETA 0.1h)
  [916/3000] credit-g_s6_AxisAligned_d6: acc=0.79 train=0.1s best=0.310µs (0.2s wall, ETA 0.1h)
  [917/3000] credit-g_s6_AxisAligned_d7: acc=0.785 train=0.1s best=0.253µs (0.2s wall, ETA 0.1h)
  [918/3000] credit-g_s6_AxisAligned_d8: acc=0.76 train=0.2s best=0.207µs (0.3s wall, ETA 0.1h)
  [919/3000] credit-g_s6_AxisAligned_d10: acc=0.75 train=0.3s best=0.291µs (0.4s wall, ETA 0.1h)
  [920/3000] credit-g_s6_Oblique_d3: acc=0.76 train=0.2s best=0.937µs (0.2s wall, ETA 0.1h)
  [921/3000] credit-g_s6_Oblique_d4: acc=0.79 train=0.2s best=0.723µs (0.2s wall, ETA 0.1h)
  [922/3000] credit-g_s6_Oblique_d5: acc=0.775 train=0.2s best=0.310µs (0.2s wall, ETA 0.1h)
  [923/3000] credit-g_s6_Oblique_d6: acc=0.785 train=0.3s best=0.696µs (0.3s wall, ETA 0.1h)
  [924/3000] credit-g_s6_Oblique_d8: acc=0.755 train=0.5s best=0.835µs (0.5s wall, ETA 0.1h)
  [925/3000] credit-g_s7_AxisAligned_d3: acc=0.72 train=0.1s best=0.167µs (0.1s wall, ETA 0.1h)
  [926/3000] credit-g_s7_AxisAligned_d4: acc=0.725 train=0.1s best=0.226µs (0.1s wall, ETA 0.1h)
  [927/3000] credit-g_s7_AxisAligned_d5: acc=0.755 train=0.1s best=0.305µs (0.2s wall, ETA 0.1h)
  [928/3000] credit-g_s7_AxisAligned_d6: acc=0.755 train=0.1s best=0.417µs (0.2s wall, ETA 0.1h)
  [929/3000] credit-g_s7_AxisAligned_d7: acc=0.7 train=0.2s best=0.376µs (0.2s wall, ETA 0.1h)
  [930/3000] credit-g_s7_AxisAligned_d8: acc=0.7 train=0.3s best=0.586µs (0.3s wall, ETA 0.1h)
  [931/3000] credit-g_s7_AxisAligned_d10: acc=0.695 train=0.3s best=0.661µs (0.4s wall, ETA 0.1h)
  [932/3000] credit-g_s7_Oblique_d3: acc=0.73 train=0.1s best=1.092µs (0.2s wall, ETA 0.1h)
  [933/3000] credit-g_s7_Oblique_d4: acc=0.745 train=0.2s best=1.366µs (0.2s wall, ETA 0.1h)
  [934/3000] credit-g_s7_Oblique_d5: acc=0.74 train=0.2s best=0.727µs (0.2s wall, ETA 0.1h)
  [935/3000] credit-g_s7_Oblique_d6: acc=0.735 train=0.3s best=1.847µs (0.4s wall, ETA 0.1h)
  [936/3000] credit-g_s7_Oblique_d8: acc=0.72 train=0.4s best=1.069µs (0.5s wall, ETA 0.1h)
  [937/3000] credit-g_s8_AxisAligned_d3: acc=0.725 train=0.1s best=0.226µs (0.1s wall, ETA 0.1h)
  [938/3000] credit-g_s8_AxisAligned_d4: acc=0.74 train=0.1s best=0.304µs (0.1s wall, ETA 0.1h)
  [939/3000] credit-g_s8_AxisAligned_d5: acc=0.73 train=0.1s best=0.429µs (0.2s wall, ETA 0.1h)
  [940/3000] credit-g_s8_AxisAligned_d6: acc=0.74 train=0.1s best=0.336µs (0.2s wall, ETA 0.1h)
  [941/3000] credit-g_s8_AxisAligned_d7: acc=0.72 train=0.2s best=0.562µs (0.3s wall, ETA 0.1h)
  [942/3000] credit-g_s8_AxisAligned_d8: acc=0.735 train=0.2s best=0.195µs (0.2s wall, ETA 0.1h)
  [943/3000] credit-g_s8_AxisAligned_d10: acc=0.725 train=0.3s best=0.258µs (0.4s wall, ETA 0.1h)
  [944/3000] credit-g_s8_Oblique_d3: acc=0.75 train=0.1s best=1.136µs (0.2s wall, ETA 0.1h)
  [945/3000] credit-g_s8_Oblique_d4: acc=0.745 train=0.2s best=1.285µs (0.2s wall, ETA 0.1h)
  [946/3000] credit-g_s8_Oblique_d5: acc=0.765 train=0.2s best=0.761µs (0.2s wall, ETA 0.1h)
  [947/3000] credit-g_s8_Oblique_d6: acc=0.715 train=0.3s best=2.077µs (0.4s wall, ETA 0.1h)
  [948/3000] credit-g_s8_Oblique_d8: acc=0.74 train=0.4s best=0.878µs (0.5s wall, ETA 0.1h)
  [949/3000] credit-g_s9_AxisAligned_d3: acc=0.78 train=0.1s best=0.158µs (0.1s wall, ETA 0.1h)
  [950/3000] credit-g_s9_AxisAligned_d4: acc=0.775 train=0.1s best=0.172µs (0.1s wall, ETA 0.1h)
  [951/3000] credit-g_s9_AxisAligned_d5: acc=0.78 train=0.1s best=0.299µs (0.1s wall, ETA 0.1h)
  [952/3000] credit-g_s9_AxisAligned_d6: acc=0.755 train=0.1s best=0.095µs (0.1s wall, ETA 0.1h)
  [953/3000] credit-g_s9_AxisAligned_d7: acc=0.775 train=0.1s best=0.278µs (0.2s wall, ETA 0.1h)
  [954/3000] credit-g_s9_AxisAligned_d8: acc=0.775 train=0.2s best=0.379µs (0.3s wall, ETA 0.1h)
  [955/3000] credit-g_s9_AxisAligned_d10: acc=0.75 train=0.3s best=0.371µs (0.4s wall, ETA 0.1h)
  [956/3000] credit-g_s9_Oblique_d3: acc=0.785 train=0.1s best=0.674µs (0.2s wall, ETA 0.1h)
  [957/3000] credit-g_s9_Oblique_d4: acc=0.785 train=0.2s best=1.238µs (0.3s wall, ETA 0.1h)
  [958/3000] credit-g_s9_Oblique_d5: acc=0.76 train=0.2s best=0.569µs (0.3s wall, ETA 0.1h)
  [959/3000] credit-g_s9_Oblique_d6: acc=0.785 train=0.4s best=1.340µs (0.4s wall, ETA 0.1h)
  [960/3000] credit-g_s9_Oblique_d8: acc=0.78 train=0.5s best=0.863µs (0.5s wall, ETA 0.1h)

=== Dataset qsar-biodeg (id=1494) shape=(1055, 42) ===
  [961/3000] qsar-biodeg_s0_AxisAligned_d3: acc=0.810427 train=0.1s best=0.252µs (0.1s wall, ETA 0.1h)
  [962/3000] qsar-biodeg_s0_AxisAligned_d4: acc=0.805687 train=0.1s best=0.449µs (0.2s wall, ETA 0.1h)
  [963/3000] qsar-biodeg_s0_AxisAligned_d5: acc=0.819905 train=0.2s best=0.622µs (0.3s wall, ETA 0.1h)
  [964/3000] qsar-biodeg_s0_AxisAligned_d6: acc=0.819905 train=0.3s best=0.799µs (0.4s wall, ETA 0.1h)
  [965/3000] qsar-biodeg_s0_AxisAligned_d7: acc=0.824645 train=0.3s best=0.656µs (0.4s wall, ETA 0.1h)
  [966/3000] qsar-biodeg_s0_AxisAligned_d8: acc=0.805687 train=0.5s best=1.036µs (0.6s wall, ETA 0.1h)
  [967/3000] qsar-biodeg_s0_AxisAligned_d10: acc=0.805687 train=0.7s best=1.885µs (0.8s wall, ETA 0.1h)
  [968/3000] qsar-biodeg_s0_Oblique_d3: acc=0.843602 train=0.3s best=1.733µs (0.4s wall, ETA 0.1h)
  [969/3000] qsar-biodeg_s0_Oblique_d4: acc=0.848341 train=0.5s best=2.112µs (0.6s wall, ETA 0.1h)
  [970/3000] qsar-biodeg_s0_Oblique_d5: acc=0.834123 train=0.5s best=1.302µs (0.5s wall, ETA 0.1h)
  [971/3000] qsar-biodeg_s0_Oblique_d6: acc=0.834123 train=0.6s best=1.374µs (0.7s wall, ETA 0.1h)
  [972/3000] qsar-biodeg_s0_Oblique_d8: acc=0.838863 train=1.1s best=2.406µs (1.1s wall, ETA 0.1h)
  [973/3000] qsar-biodeg_s1_AxisAligned_d3: acc=0.876777 train=0.1s best=0.234µs (0.1s wall, ETA 0.1h)
  [974/3000] qsar-biodeg_s1_AxisAligned_d4: acc=0.881517 train=0.1s best=0.318µs (0.2s wall, ETA 0.1h)
  [975/3000] qsar-biodeg_s1_AxisAligned_d5: acc=0.876777 train=0.1s best=0.383µs (0.2s wall, ETA 0.1h)
  [976/3000] qsar-biodeg_s1_AxisAligned_d6: acc=0.886256 train=0.3s best=0.680µs (0.3s wall, ETA 0.1h)
  [977/3000] qsar-biodeg_s1_AxisAligned_d7: acc=0.895735 train=0.3s best=0.665µs (0.4s wall, ETA 0.1h)
  [978/3000] qsar-biodeg_s1_AxisAligned_d8: acc=0.890995 train=0.5s best=0.892µs (0.5s wall, ETA 0.1h)
  [979/3000] qsar-biodeg_s1_AxisAligned_d10: acc=0.905213 train=0.6s best=1.637µs (0.7s wall, ETA 0.1h)
  [980/3000] qsar-biodeg_s1_Oblique_d3: acc=0.895735 train=0.2s best=0.758µs (0.3s wall, ETA 0.1h)
  [981/3000] qsar-biodeg_s1_Oblique_d4: acc=0.890995 train=0.4s best=1.538µs (0.5s wall, ETA 0.1h)
  [982/3000] qsar-biodeg_s1_Oblique_d5: acc=0.905213 train=0.5s best=1.556µs (0.6s wall, ETA 0.1h)
  [983/3000] qsar-biodeg_s1_Oblique_d6: acc=0.905213 train=0.6s best=1.180µs (0.6s wall, ETA 0.1h)
  [984/3000] qsar-biodeg_s1_Oblique_d8: acc=0.881517 train=1.0s best=1.863µs (1.1s wall, ETA 0.1h)
  [985/3000] qsar-biodeg_s2_AxisAligned_d3: acc=0.85782 train=0.1s best=0.274µs (0.1s wall, ETA 0.1h)
  [986/3000] qsar-biodeg_s2_AxisAligned_d4: acc=0.853081 train=0.1s best=0.657µs (0.2s wall, ETA 0.1h)
  [987/3000] qsar-biodeg_s2_AxisAligned_d5: acc=0.872038 train=0.2s best=0.722µs (0.3s wall, ETA 0.1h)
  [988/3000] qsar-biodeg_s2_AxisAligned_d6: acc=0.862559 train=0.3s best=0.770µs (0.4s wall, ETA 0.1h)
  [989/3000] qsar-biodeg_s2_AxisAligned_d7: acc=0.886256 train=0.4s best=1.000µs (0.5s wall, ETA 0.1h)
  [990/3000] qsar-biodeg_s2_AxisAligned_d8: acc=0.862559 train=0.6s best=1.105µs (0.7s wall, ETA 0.1h)
  [991/3000] qsar-biodeg_s2_AxisAligned_d10: acc=0.862559 train=0.9s best=2.100µs (0.9s wall, ETA 0.1h)
  [992/3000] qsar-biodeg_s2_Oblique_d3: acc=0.881517 train=0.3s best=1.875µs (0.4s wall, ETA 0.1h)
  [993/3000] qsar-biodeg_s2_Oblique_d4: acc=0.881517 train=0.5s best=2.447µs (0.5s wall, ETA 0.1h)
  [994/3000] qsar-biodeg_s2_Oblique_d5: acc=0.867299 train=0.6s best=2.131µs (0.6s wall, ETA 0.1h)
  [995/3000] qsar-biodeg_s2_Oblique_d6: acc=0.867299 train=0.8s best=2.729µs (0.9s wall, ETA 0.1h)
  [996/3000] qsar-biodeg_s2_Oblique_d8: acc=0.890995 train=1.2s best=2.742µs (1.2s wall, ETA 0.1h)
  [997/3000] qsar-biodeg_s3_AxisAligned_d3: acc=0.853081 train=0.1s best=0.285µs (0.1s wall, ETA 0.1h)
  [998/3000] qsar-biodeg_s3_AxisAligned_d4: acc=0.805687 train=0.1s best=0.385µs (0.2s wall, ETA 0.1h)
  [999/3000] qsar-biodeg_s3_AxisAligned_d5: acc=0.848341 train=0.2s best=0.432µs (0.2s wall, ETA 0.1h)
  [1000/3000] qsar-biodeg_s3_AxisAligned_d6: acc=0.867299 train=0.2s best=0.539µs (0.3s wall, ETA 0.1h)
  [1001/3000] qsar-biodeg_s3_AxisAligned_d7: acc=0.872038 train=0.3s best=0.666µs (0.4s wall, ETA 0.1h)
  [1002/3000] qsar-biodeg_s3_AxisAligned_d8: acc=0.862559 train=0.4s best=0.758µs (0.5s wall, ETA 0.1h)
  [1003/3000] qsar-biodeg_s3_AxisAligned_d10: acc=0.85782 train=0.7s best=2.293µs (0.8s wall, ETA 0.1h)
  [1004/3000] qsar-biodeg_s3_Oblique_d3: acc=0.843602 train=0.3s best=1.991µs (0.4s wall, ETA 0.1h)
  [1005/3000] qsar-biodeg_s3_Oblique_d4: acc=0.848341 train=0.4s best=1.854µs (0.5s wall, ETA 0.1h)
  [1006/3000] qsar-biodeg_s3_Oblique_d5: acc=0.853081 train=0.6s best=2.220µs (0.7s wall, ETA 0.1h)
  [1007/3000] qsar-biodeg_s3_Oblique_d6: acc=0.838863 train=0.9s best=3.764µs (1.0s wall, ETA 0.1h)
  [1008/3000] qsar-biodeg_s3_Oblique_d8: acc=0.848341 train=1.3s best=3.622µs (1.3s wall, ETA 0.1h)
  [1009/3000] qsar-biodeg_s4_AxisAligned_d3: acc=0.848341 train=0.1s best=0.277µs (0.1s wall, ETA 0.1h)
  [1010/3000] qsar-biodeg_s4_AxisAligned_d4: acc=0.838863 train=0.1s best=0.488µs (0.2s wall, ETA 0.1h)
  [1011/3000] qsar-biodeg_s4_AxisAligned_d5: acc=0.829384 train=0.2s best=0.804µs (0.3s wall, ETA 0.1h)
  [1012/3000] qsar-biodeg_s4_AxisAligned_d6: acc=0.843602 train=0.3s best=0.851µs (0.4s wall, ETA 0.1h)
  [1013/3000] qsar-biodeg_s4_AxisAligned_d7: acc=0.829384 train=0.5s best=1.115µs (0.6s wall, ETA 0.1h)
  [1014/3000] qsar-biodeg_s4_AxisAligned_d8: acc=0.867299 train=0.7s best=1.808µs (0.8s wall, ETA 0.1h)
  [1015/3000] qsar-biodeg_s4_AxisAligned_d10: acc=0.85782 train=0.9s best=2.859µs (1.0s wall, ETA 0.1h)
  [1016/3000] qsar-biodeg_s4_Oblique_d3: acc=0.886256 train=0.3s best=1.525µs (0.4s wall, ETA 0.1h)
  [1017/3000] qsar-biodeg_s4_Oblique_d4: acc=0.867299 train=0.5s best=3.428µs (0.5s wall, ETA 0.1h)
  [1018/3000] qsar-biodeg_s4_Oblique_d5: acc=0.867299 train=0.7s best=3.804µs (0.8s wall, ETA 0.1h)
  [1019/3000] qsar-biodeg_s4_Oblique_d6: acc=0.872038 train=1.0s best=5.529µs (1.1s wall, ETA 0.1h)
  [1020/3000] qsar-biodeg_s4_Oblique_d8: acc=0.867299 train=1.4s best=4.911µs (1.5s wall, ETA 0.1h)
  [1021/3000] qsar-biodeg_s5_AxisAligned_d3: acc=0.85782 train=0.1s best=0.259µs (0.1s wall, ETA 0.1h)
  [1022/3000] qsar-biodeg_s5_AxisAligned_d4: acc=0.85782 train=0.1s best=0.455µs (0.2s wall, ETA 0.1h)
  [1023/3000] qsar-biodeg_s5_AxisAligned_d5: acc=0.85782 train=0.2s best=0.458µs (0.2s wall, ETA 0.1h)
  [1024/3000] qsar-biodeg_s5_AxisAligned_d6: acc=0.853081 train=0.2s best=0.616µs (0.3s wall, ETA 0.1h)
  [1025/3000] qsar-biodeg_s5_AxisAligned_d7: acc=0.85782 train=0.4s best=0.875µs (0.5s wall, ETA 0.1h)
  [1026/3000] qsar-biodeg_s5_AxisAligned_d8: acc=0.843602 train=0.5s best=0.932µs (0.6s wall, ETA 0.1h)
  [1027/3000] qsar-biodeg_s5_AxisAligned_d10: acc=0.848341 train=0.7s best=1.482µs (0.8s wall, ETA 0.1h)
  [1028/3000] qsar-biodeg_s5_Oblique_d3: acc=0.867299 train=0.3s best=2.014µs (0.4s wall, ETA 0.1h)
  [1029/3000] qsar-biodeg_s5_Oblique_d4: acc=0.85782 train=0.4s best=1.433µs (0.4s wall, ETA 0.1h)
  [1030/3000] qsar-biodeg_s5_Oblique_d5: acc=0.85782 train=0.4s best=1.198µs (0.5s wall, ETA 0.1h)
  [1031/3000] qsar-biodeg_s5_Oblique_d6: acc=0.872038 train=0.6s best=1.258µs (0.7s wall, ETA 0.1h)
  [1032/3000] qsar-biodeg_s5_Oblique_d8: acc=0.848341 train=1.0s best=1.869µs (1.1s wall, ETA 0.1h)
  [1033/3000] qsar-biodeg_s6_AxisAligned_d3: acc=0.805687 train=0.1s best=0.295µs (0.1s wall, ETA 0.1h)
  [1034/3000] qsar-biodeg_s6_AxisAligned_d4: acc=0.829384 train=0.1s best=0.446µs (0.2s wall, ETA 0.1h)
  [1035/3000] qsar-biodeg_s6_AxisAligned_d5: acc=0.819905 train=0.2s best=0.719µs (0.3s wall, ETA 0.1h)
  [1036/3000] qsar-biodeg_s6_AxisAligned_d6: acc=0.843602 train=0.3s best=0.794µs (0.4s wall, ETA 0.1h)
  [1037/3000] qsar-biodeg_s6_AxisAligned_d7: acc=0.824645 train=0.4s best=0.783µs (0.4s wall, ETA 0.1h)
  [1038/3000] qsar-biodeg_s6_AxisAligned_d8: acc=0.829384 train=0.4s best=0.678µs (0.5s wall, ETA 0.1h)
  [1039/3000] qsar-biodeg_s6_AxisAligned_d10: acc=0.815166 train=0.6s best=1.325µs (0.7s wall, ETA 0.1h)
  [1040/3000] qsar-biodeg_s6_Oblique_d3: acc=0.843602 train=0.3s best=1.569µs (0.4s wall, ETA 0.1h)
  [1041/3000] qsar-biodeg_s6_Oblique_d4: acc=0.853081 train=0.5s best=3.260µs (0.5s wall, ETA 0.1h)
  [1042/3000] qsar-biodeg_s6_Oblique_d5: acc=0.834123 train=0.7s best=3.211µs (0.8s wall, ETA 0.1h)
  [1043/3000] qsar-biodeg_s6_Oblique_d6: acc=0.85782 train=0.7s best=2.035µs (0.8s wall, ETA 0.1h)
  [1044/3000] qsar-biodeg_s6_Oblique_d8: acc=0.824645 train=1.2s best=2.989µs (1.2s wall, ETA 0.1h)
  [1045/3000] qsar-biodeg_s7_AxisAligned_d3: acc=0.85782 train=0.1s best=0.297µs (0.1s wall, ETA 0.1h)
  [1046/3000] qsar-biodeg_s7_AxisAligned_d4: acc=0.853081 train=0.1s best=0.364µs (0.2s wall, ETA 0.1h)
  [1047/3000] qsar-biodeg_s7_AxisAligned_d5: acc=0.853081 train=0.2s best=0.457µs (0.2s wall, ETA 0.1h)
  [1048/3000] qsar-biodeg_s7_AxisAligned_d6: acc=0.853081 train=0.3s best=0.760µs (0.3s wall, ETA 0.1h)
  [1049/3000] qsar-biodeg_s7_AxisAligned_d7: acc=0.862559 train=0.4s best=1.014µs (0.5s wall, ETA 0.1h)
  [1050/3000] qsar-biodeg_s7_AxisAligned_d8: acc=0.838863 train=0.5s best=0.876µs (0.5s wall, ETA 0.1h)
  [1051/3000] qsar-biodeg_s7_AxisAligned_d10: acc=0.848341 train=0.7s best=1.337µs (0.7s wall, ETA 0.1h)
  [1052/3000] qsar-biodeg_s7_Oblique_d3: acc=0.881517 train=0.3s best=1.245µs (0.4s wall, ETA 0.1h)
  [1053/3000] qsar-biodeg_s7_Oblique_d4: acc=0.886256 train=0.3s best=0.737µs (0.4s wall, ETA 0.1h)
  [1054/3000] qsar-biodeg_s7_Oblique_d5: acc=0.862559 train=0.4s best=0.620µs (0.4s wall, ETA 0.1h)
  [1055/3000] qsar-biodeg_s7_Oblique_d6: acc=0.853081 train=0.5s best=0.638µs (0.5s wall, ETA 0.1h)
  [1056/3000] qsar-biodeg_s7_Oblique_d8: acc=0.867299 train=0.9s best=1.288µs (1.0s wall, ETA 0.1h)
  [1057/3000] qsar-biodeg_s8_AxisAligned_d3: acc=0.819905 train=0.1s best=0.294µs (0.1s wall, ETA 0.1h)
  [1058/3000] qsar-biodeg_s8_AxisAligned_d4: acc=0.819905 train=0.1s best=0.386µs (0.2s wall, ETA 0.1h)
  [1059/3000] qsar-biodeg_s8_AxisAligned_d5: acc=0.829384 train=0.1s best=0.455µs (0.2s wall, ETA 0.1h)
  [1060/3000] qsar-biodeg_s8_AxisAligned_d6: acc=0.843602 train=0.2s best=0.501µs (0.3s wall, ETA 0.1h)
  [1061/3000] qsar-biodeg_s8_AxisAligned_d7: acc=0.819905 train=0.3s best=0.587µs (0.4s wall, ETA 0.1h)
  [1062/3000] qsar-biodeg_s8_AxisAligned_d8: acc=0.829384 train=0.4s best=0.581µs (0.4s wall, ETA 0.1h)
  [1063/3000] qsar-biodeg_s8_AxisAligned_d10: acc=0.824645 train=0.7s best=1.315µs (0.7s wall, ETA 0.1h)
  [1064/3000] qsar-biodeg_s8_Oblique_d3: acc=0.829384 train=0.3s best=1.931µs (0.4s wall, ETA 0.1h)
  [1065/3000] qsar-biodeg_s8_Oblique_d4: acc=0.829384 train=0.4s best=1.682µs (0.5s wall, ETA 0.1h)
  [1066/3000] qsar-biodeg_s8_Oblique_d5: acc=0.85782 train=0.5s best=1.873µs (0.6s wall, ETA 0.1h)
  [1067/3000] qsar-biodeg_s8_Oblique_d6: acc=0.838863 train=0.6s best=1.095µs (0.6s wall, ETA 0.1h)
  [1068/3000] qsar-biodeg_s8_Oblique_d8: acc=0.834123 train=1.0s best=1.483µs (1.0s wall, ETA 0.1h)
  [1069/3000] qsar-biodeg_s9_AxisAligned_d3: acc=0.862559 train=0.1s best=0.295µs (0.1s wall, ETA 0.1h)
  [1070/3000] qsar-biodeg_s9_AxisAligned_d4: acc=0.872038 train=0.1s best=0.486µs (0.2s wall, ETA 0.1h)
  [1071/3000] qsar-biodeg_s9_AxisAligned_d5: acc=0.85782 train=0.2s best=0.606µs (0.3s wall, ETA 0.1h)
  [1072/3000] qsar-biodeg_s9_AxisAligned_d6: acc=0.848341 train=0.2s best=0.540µs (0.3s wall, ETA 0.1h)
  [1073/3000] qsar-biodeg_s9_AxisAligned_d7: acc=0.838863 train=0.3s best=0.685µs (0.4s wall, ETA 0.1h)
  [1074/3000] qsar-biodeg_s9_AxisAligned_d8: acc=0.853081 train=0.5s best=0.975µs (0.5s wall, ETA 0.1h)
  [1075/3000] qsar-biodeg_s9_AxisAligned_d10: acc=0.853081 train=0.7s best=1.710µs (0.8s wall, ETA 0.1h)
  [1076/3000] qsar-biodeg_s9_Oblique_d3: acc=0.895735 train=0.2s best=0.841µs (0.3s wall, ETA 0.1h)
  [1077/3000] qsar-biodeg_s9_Oblique_d4: acc=0.867299 train=0.5s best=2.433µs (0.5s wall, ETA 0.1h)
  [1078/3000] qsar-biodeg_s9_Oblique_d5: acc=0.872038 train=0.6s best=1.980µs (0.6s wall, ETA 0.1h)
  [1079/3000] qsar-biodeg_s9_Oblique_d6: acc=0.876777 train=0.7s best=2.026µs (0.8s wall, ETA 0.1h)
  [1080/3000] qsar-biodeg_s9_Oblique_d8: acc=0.867299 train=1.1s best=2.634µs (1.2s wall, ETA 0.1h)

=== Dataset steel-plates-fault (id=1504) shape=(1941, 34) ===
  [1081/3000] steel-plates-fault_s0_AxisAligned_d3: acc=1.0 train=0.1s best=0.161µs (0.1s wall, ETA 0.1h)
  [1082/3000] steel-plates-fault_s0_AxisAligned_d4: acc=1.0 train=0.1s best=0.269µs (0.2s wall, ETA 0.1h)
  [1083/3000] steel-plates-fault_s0_AxisAligned_d5: acc=1.0 train=0.1s best=0.340µs (0.2s wall, ETA 0.1h)
  [1084/3000] steel-plates-fault_s0_AxisAligned_d6: acc=1.0 train=0.2s best=0.393µs (0.3s wall, ETA 0.1h)
  [1085/3000] steel-plates-fault_s0_AxisAligned_d7: acc=1.0 train=0.3s best=0.696µs (0.4s wall, ETA 0.1h)
  [1086/3000] steel-plates-fault_s0_AxisAligned_d8: acc=1.0 train=0.3s best=0.752µs (0.4s wall, ETA 0.1h)
  [1087/3000] steel-plates-fault_s0_AxisAligned_d10: acc=1.0 train=0.4s best=2.017µs (0.5s wall, ETA 0.1h)
  [1088/3000] steel-plates-fault_s0_Oblique_d3: acc=1.0 train=0.4s best=0.779µs (0.4s wall, ETA 0.1h)
  [1089/3000] steel-plates-fault_s0_Oblique_d4: acc=1.0 train=0.6s best=1.172µs (0.7s wall, ETA 0.1h)
  [1090/3000] steel-plates-fault_s0_Oblique_d5: acc=1.0 train=0.7s best=1.559µs (0.8s wall, ETA 0.1h)
  [1091/3000] steel-plates-fault_s0_Oblique_d6: acc=1.0 train=0.9s best=1.898µs (1.0s wall, ETA 0.1h)
  [1092/3000] steel-plates-fault_s0_Oblique_d8: acc=1.0 train=1.2s best=2.538µs (1.3s wall, ETA 0.1h)
  [1093/3000] steel-plates-fault_s1_AxisAligned_d3: acc=1.0 train=0.1s best=0.167µs (0.1s wall, ETA 0.1h)
  [1094/3000] steel-plates-fault_s1_AxisAligned_d4: acc=1.0 train=0.1s best=0.249µs (0.2s wall, ETA 0.1h)
  [1095/3000] steel-plates-fault_s1_AxisAligned_d5: acc=1.0 train=0.1s best=0.349µs (0.2s wall, ETA 0.1h)
  [1096/3000] steel-plates-fault_s1_AxisAligned_d6: acc=1.0 train=0.2s best=0.475µs (0.3s wall, ETA 0.1h)
  [1097/3000] steel-plates-fault_s1_AxisAligned_d7: acc=1.0 train=0.3s best=0.763µs (0.4s wall, ETA 0.1h)
  [1098/3000] steel-plates-fault_s1_AxisAligned_d8: acc=1.0 train=0.3s best=0.775µs (0.4s wall, ETA 0.1h)
  [1099/3000] steel-plates-fault_s1_AxisAligned_d10: acc=1.0 train=0.4s best=0.907µs (0.5s wall, ETA 0.1h)
  [1100/3000] steel-plates-fault_s1_Oblique_d3: acc=1.0 train=0.4s best=0.809µs (0.4s wall, ETA 0.1h)
  [1101/3000] steel-plates-fault_s1_Oblique_d4: acc=1.0 train=0.5s best=1.143µs (0.6s wall, ETA 0.1h)
  [1102/3000] steel-plates-fault_s1_Oblique_d5: acc=1.0 train=0.8s best=1.611µs (0.8s wall, ETA 0.1h)
  [1103/3000] steel-plates-fault_s1_Oblique_d6: acc=1.0 train=1.0s best=2.212µs (1.1s wall, ETA 0.1h)
  [1104/3000] steel-plates-fault_s1_Oblique_d8: acc=1.0 train=1.2s best=2.626µs (1.3s wall, ETA 0.1h)
  [1105/3000] steel-plates-fault_s2_AxisAligned_d3: acc=1.0 train=0.1s best=0.182µs (0.1s wall, ETA 0.1h)
  [1106/3000] steel-plates-fault_s2_AxisAligned_d4: acc=1.0 train=0.1s best=0.253µs (0.2s wall, ETA 0.1h)
  [1107/3000] steel-plates-fault_s2_AxisAligned_d5: acc=1.0 train=0.2s best=0.347µs (0.2s wall, ETA 0.1h)
  [1108/3000] steel-plates-fault_s2_AxisAligned_d6: acc=1.0 train=0.2s best=0.402µs (0.3s wall, ETA 0.1h)
  [1109/3000] steel-plates-fault_s2_AxisAligned_d7: acc=1.0 train=0.3s best=0.729µs (0.4s wall, ETA 0.1h)
  [1110/3000] steel-plates-fault_s2_AxisAligned_d8: acc=1.0 train=0.3s best=0.836µs (0.4s wall, ETA 0.1h)
  [1111/3000] steel-plates-fault_s2_AxisAligned_d10: acc=1.0 train=0.4s best=1.993µs (0.5s wall, ETA 0.1h)
  [1112/3000] steel-plates-fault_s2_Oblique_d3: acc=1.0 train=0.3s best=0.799µs (0.4s wall, ETA 0.1h)
  [1113/3000] steel-plates-fault_s2_Oblique_d4: acc=1.0 train=0.5s best=1.139µs (0.6s wall, ETA 0.1h)
  [1114/3000] steel-plates-fault_s2_Oblique_d5: acc=1.0 train=0.8s best=1.624µs (0.8s wall, ETA 0.1h)
  [1115/3000] steel-plates-fault_s2_Oblique_d6: acc=1.0 train=0.9s best=1.970µs (1.0s wall, ETA 0.1h)
  [1116/3000] steel-plates-fault_s2_Oblique_d8: acc=1.0 train=1.2s best=2.432µs (1.3s wall, ETA 0.1h)
  [1117/3000] steel-plates-fault_s3_AxisAligned_d3: acc=1.0 train=0.1s best=0.182µs (0.1s wall, ETA 0.1h)
  [1118/3000] steel-plates-fault_s3_AxisAligned_d4: acc=1.0 train=0.1s best=0.262µs (0.2s wall, ETA 0.1h)
  [1119/3000] steel-plates-fault_s3_AxisAligned_d5: acc=1.0 train=0.1s best=0.359µs (0.2s wall, ETA 0.1h)
  [1120/3000] steel-plates-fault_s3_AxisAligned_d6: acc=1.0 train=0.2s best=0.419µs (0.3s wall, ETA 0.1h)
  [1121/3000] steel-plates-fault_s3_AxisAligned_d7: acc=1.0 train=0.3s best=0.756µs (0.4s wall, ETA 0.1h)
  [1122/3000] steel-plates-fault_s3_AxisAligned_d8: acc=1.0 train=0.4s best=0.895µs (0.5s wall, ETA 0.1h)
  [1123/3000] steel-plates-fault_s3_AxisAligned_d10: acc=1.0 train=0.4s best=2.066µs (0.5s wall, ETA 0.1h)
  [1124/3000] steel-plates-fault_s3_Oblique_d3: acc=1.0 train=0.4s best=0.768µs (0.4s wall, ETA 0.1h)
  [1125/3000] steel-plates-fault_s3_Oblique_d4: acc=1.0 train=0.5s best=1.139µs (0.6s wall, ETA 0.1h)
  [1126/3000] steel-plates-fault_s3_Oblique_d5: acc=1.0 train=0.7s best=1.540µs (0.8s wall, ETA 0.1h)
  [1127/3000] steel-plates-fault_s3_Oblique_d6: acc=1.0 train=0.9s best=1.733µs (1.0s wall, ETA 0.1h)
  [1128/3000] steel-plates-fault_s3_Oblique_d8: acc=1.0 train=1.2s best=2.566µs (1.3s wall, ETA 0.1h)
  [1129/3000] steel-plates-fault_s4_AxisAligned_d3: acc=1.0 train=0.1s best=0.159µs (0.1s wall, ETA 0.1h)
  [1130/3000] steel-plates-fault_s4_AxisAligned_d4: acc=1.0 train=0.1s best=0.243µs (0.2s wall, ETA 0.1h)
  [1131/3000] steel-plates-fault_s4_AxisAligned_d5: acc=1.0 train=0.2s best=0.338µs (0.2s wall, ETA 0.1h)
  [1132/3000] steel-plates-fault_s4_AxisAligned_d6: acc=1.0 train=0.2s best=0.431µs (0.3s wall, ETA 0.1h)
  [1133/3000] steel-plates-fault_s4_AxisAligned_d7: acc=1.0 train=0.3s best=0.730µs (0.4s wall, ETA 0.1h)
  [1134/3000] steel-plates-fault_s4_AxisAligned_d8: acc=1.0 train=0.3s best=0.791µs (0.4s wall, ETA 0.1h)
  [1135/3000] steel-plates-fault_s4_AxisAligned_d10: acc=1.0 train=0.4s best=0.946µs (0.5s wall, ETA 0.1h)
  [1136/3000] steel-plates-fault_s4_Oblique_d3: acc=1.0 train=0.4s best=0.784µs (0.4s wall, ETA 0.1h)
  [1137/3000] steel-plates-fault_s4_Oblique_d4: acc=1.0 train=0.5s best=1.126µs (0.6s wall, ETA 0.1h)
  [1138/3000] steel-plates-fault_s4_Oblique_d5: acc=1.0 train=0.8s best=1.614µs (0.9s wall, ETA 0.1h)
  [1139/3000] steel-plates-fault_s4_Oblique_d6: acc=1.0 train=0.9s best=1.858µs (1.0s wall, ETA 0.1h)
  [1140/3000] steel-plates-fault_s4_Oblique_d8: acc=1.0 train=1.2s best=2.591µs (1.3s wall, ETA 0.1h)
  [1141/3000] steel-plates-fault_s5_AxisAligned_d3: acc=1.0 train=0.1s best=0.157µs (0.1s wall, ETA 0.1h)
  [1142/3000] steel-plates-fault_s5_AxisAligned_d4: acc=1.0 train=0.1s best=0.248µs (0.2s wall, ETA 0.1h)
  [1143/3000] steel-plates-fault_s5_AxisAligned_d5: acc=1.0 train=0.2s best=0.366µs (0.2s wall, ETA 0.1h)
  [1144/3000] steel-plates-fault_s5_AxisAligned_d6: acc=1.0 train=0.2s best=0.397µs (0.3s wall, ETA 0.1h)
  [1145/3000] steel-plates-fault_s5_AxisAligned_d7: acc=1.0 train=0.3s best=0.737µs (0.4s wall, ETA 0.1h)
  [1146/3000] steel-plates-fault_s5_AxisAligned_d8: acc=1.0 train=0.3s best=0.806µs (0.4s wall, ETA 0.1h)
  [1147/3000] steel-plates-fault_s5_AxisAligned_d10: acc=1.0 train=0.4s best=0.897µs (0.5s wall, ETA 0.1h)
  [1148/3000] steel-plates-fault_s5_Oblique_d3: acc=1.0 train=0.3s best=0.792µs (0.4s wall, ETA 0.1h)
  [1149/3000] steel-plates-fault_s5_Oblique_d4: acc=1.0 train=0.5s best=1.192µs (0.6s wall, ETA 0.1h)
  [1150/3000] steel-plates-fault_s5_Oblique_d5: acc=1.0 train=0.7s best=1.626µs (0.8s wall, ETA 0.1h)
  [1151/3000] steel-plates-fault_s5_Oblique_d6: acc=1.0 train=1.0s best=2.034µs (1.1s wall, ETA 0.1h)
  [1152/3000] steel-plates-fault_s5_Oblique_d8: acc=1.0 train=1.2s best=2.416µs (1.3s wall, ETA 0.1h)
  [1153/3000] steel-plates-fault_s6_AxisAligned_d3: acc=1.0 train=0.1s best=0.200µs (0.1s wall, ETA 0.1h)
  [1154/3000] steel-plates-fault_s6_AxisAligned_d4: acc=1.0 train=0.1s best=0.272µs (0.2s wall, ETA 0.1h)
  [1155/3000] steel-plates-fault_s6_AxisAligned_d5: acc=1.0 train=0.1s best=0.356µs (0.2s wall, ETA 0.1h)
  [1156/3000] steel-plates-fault_s6_AxisAligned_d6: acc=1.0 train=0.2s best=0.458µs (0.3s wall, ETA 0.1h)
  [1157/3000] steel-plates-fault_s6_AxisAligned_d7: acc=1.0 train=0.3s best=0.660µs (0.4s wall, ETA 0.1h)
  [1158/3000] steel-plates-fault_s6_AxisAligned_d8: acc=1.0 train=0.3s best=0.790µs (0.4s wall, ETA 0.1h)
  [1159/3000] steel-plates-fault_s6_AxisAligned_d10: acc=1.0 train=0.4s best=2.003µs (0.5s wall, ETA 0.1h)
  [1160/3000] steel-plates-fault_s6_Oblique_d3: acc=1.0 train=0.4s best=0.798µs (0.4s wall, ETA 0.1h)
  [1161/3000] steel-plates-fault_s6_Oblique_d4: acc=1.0 train=0.5s best=1.139µs (0.6s wall, ETA 0.1h)
  [1162/3000] steel-plates-fault_s6_Oblique_d5: acc=1.0 train=0.7s best=1.526µs (0.8s wall, ETA 0.1h)
  [1163/3000] steel-plates-fault_s6_Oblique_d6: acc=1.0 train=0.9s best=1.892µs (1.0s wall, ETA 0.1h)
  [1164/3000] steel-plates-fault_s6_Oblique_d8: acc=1.0 train=1.2s best=2.480µs (1.3s wall, ETA 0.1h)
  [1165/3000] steel-plates-fault_s7_AxisAligned_d3: acc=1.0 train=0.1s best=0.161µs (0.1s wall, ETA 0.1h)
  [1166/3000] steel-plates-fault_s7_AxisAligned_d4: acc=1.0 train=0.1s best=0.234µs (0.2s wall, ETA 0.1h)
  [1167/3000] steel-plates-fault_s7_AxisAligned_d5: acc=1.0 train=0.1s best=0.311µs (0.2s wall, ETA 0.1h)
  [1168/3000] steel-plates-fault_s7_AxisAligned_d6: acc=1.0 train=0.2s best=0.412µs (0.3s wall, ETA 0.1h)
  [1169/3000] steel-plates-fault_s7_AxisAligned_d7: acc=1.0 train=0.3s best=0.705µs (0.4s wall, ETA 0.1h)
  [1170/3000] steel-plates-fault_s7_AxisAligned_d8: acc=1.0 train=0.3s best=0.725µs (0.4s wall, ETA 0.1h)
  [1171/3000] steel-plates-fault_s7_AxisAligned_d10: acc=1.0 train=0.4s best=0.851µs (0.5s wall, ETA 0.1h)
  [1172/3000] steel-plates-fault_s7_Oblique_d3: acc=1.0 train=0.3s best=0.779µs (0.4s wall, ETA 0.1h)
  [1173/3000] steel-plates-fault_s7_Oblique_d4: acc=1.0 train=0.5s best=1.159µs (0.6s wall, ETA 0.1h)
  [1174/3000] steel-plates-fault_s7_Oblique_d5: acc=1.0 train=0.8s best=1.623µs (0.9s wall, ETA 0.1h)
  [1175/3000] steel-plates-fault_s7_Oblique_d6: acc=1.0 train=1.0s best=2.114µs (1.0s wall, ETA 0.1h)
  [1176/3000] steel-plates-fault_s7_Oblique_d8: acc=1.0 train=1.2s best=2.443µs (1.2s wall, ETA 0.1h)
  [1177/3000] steel-plates-fault_s8_AxisAligned_d3: acc=1.0 train=0.1s best=0.166µs (0.1s wall, ETA 0.1h)
  [1178/3000] steel-plates-fault_s8_AxisAligned_d4: acc=1.0 train=0.1s best=0.263µs (0.2s wall, ETA 0.1h)
  [1179/3000] steel-plates-fault_s8_AxisAligned_d5: acc=1.0 train=0.1s best=0.346µs (0.2s wall, ETA 0.1h)
  [1180/3000] steel-plates-fault_s8_AxisAligned_d6: acc=1.0 train=0.2s best=0.427µs (0.3s wall, ETA 0.1h)
  [1181/3000] steel-plates-fault_s8_AxisAligned_d7: acc=1.0 train=0.3s best=0.720µs (0.4s wall, ETA 0.1h)
  [1182/3000] steel-plates-fault_s8_AxisAligned_d8: acc=1.0 train=0.3s best=0.810µs (0.4s wall, ETA 0.1h)
  [1183/3000] steel-plates-fault_s8_AxisAligned_d10: acc=1.0 train=0.4s best=2.034µs (0.5s wall, ETA 0.1h)
  [1184/3000] steel-plates-fault_s8_Oblique_d3: acc=1.0 train=0.3s best=0.778µs (0.4s wall, ETA 0.1h)
  [1185/3000] steel-plates-fault_s8_Oblique_d4: acc=1.0 train=0.5s best=1.120µs (0.6s wall, ETA 0.1h)
  [1186/3000] steel-plates-fault_s8_Oblique_d5: acc=1.0 train=0.8s best=1.618µs (0.9s wall, ETA 0.1h)
  [1187/3000] steel-plates-fault_s8_Oblique_d6: acc=1.0 train=0.9s best=1.913µs (1.0s wall, ETA 0.1h)
  [1188/3000] steel-plates-fault_s8_Oblique_d8: acc=1.0 train=1.2s best=2.555µs (1.3s wall, ETA 0.1h)
  [1189/3000] steel-plates-fault_s9_AxisAligned_d3: acc=1.0 train=0.1s best=0.189µs (0.1s wall, ETA 0.1h)
  [1190/3000] steel-plates-fault_s9_AxisAligned_d4: acc=1.0 train=0.1s best=0.259µs (0.2s wall, ETA 0.1h)
  [1191/3000] steel-plates-fault_s9_AxisAligned_d5: acc=1.0 train=0.2s best=0.361µs (0.2s wall, ETA 0.1h)
  [1192/3000] steel-plates-fault_s9_AxisAligned_d6: acc=1.0 train=0.2s best=0.447µs (0.3s wall, ETA 0.1h)
  [1193/3000] steel-plates-fault_s9_AxisAligned_d7: acc=1.0 train=0.3s best=0.666µs (0.4s wall, ETA 0.1h)
  [1194/3000] steel-plates-fault_s9_AxisAligned_d8: acc=1.0 train=0.3s best=0.829µs (0.4s wall, ETA 0.1h)
  [1195/3000] steel-plates-fault_s9_AxisAligned_d10: acc=1.0 train=0.4s best=1.988µs (0.5s wall, ETA 0.1h)
  [1196/3000] steel-plates-fault_s9_Oblique_d3: acc=1.0 train=0.3s best=0.787µs (0.4s wall, ETA 0.1h)
  [1197/3000] steel-plates-fault_s9_Oblique_d4: acc=1.0 train=0.5s best=1.188µs (0.6s wall, ETA 0.1h)
  [1198/3000] steel-plates-fault_s9_Oblique_d5: acc=1.0 train=0.8s best=1.700µs (0.8s wall, ETA 0.1h)
  [1199/3000] steel-plates-fault_s9_Oblique_d6: acc=1.0 train=1.0s best=2.243µs (1.1s wall, ETA 0.1h)
  [1200/3000] steel-plates-fault_s9_Oblique_d8: acc=1.0 train=1.2s best=2.573µs (1.3s wall, ETA 0.1h)

=== Dataset ozone-level-8hr (id=1487) shape=(2534, 73) ===
  [1201/3000] ozone-level-8hr_s0_AxisAligned_d3: acc=0.930966 train=0.1s best=0.279µs (0.2s wall, ETA 0.1h)
  [1202/3000] ozone-level-8hr_s0_AxisAligned_d4: acc=0.932939 train=0.2s best=0.398µs (0.3s wall, ETA 0.1h)
  [1203/3000] ozone-level-8hr_s0_AxisAligned_d5: acc=0.936884 train=0.4s best=0.971µs (0.5s wall, ETA 0.1h)
  [1204/3000] ozone-level-8hr_s0_AxisAligned_d6: acc=0.932939 train=0.5s best=0.906µs (0.6s wall, ETA 0.1h)
  [1205/3000] ozone-level-8hr_s0_AxisAligned_d7: acc=0.938856 train=0.5s best=0.517µs (0.6s wall, ETA 0.1h)
  [1206/3000] ozone-level-8hr_s0_AxisAligned_d8: acc=0.930966 train=1.0s best=1.167µs (1.1s wall, ETA 0.1h)
  [1207/3000] ozone-level-8hr_s0_AxisAligned_d10: acc=0.934911 train=1.0s best=0.408µs (1.1s wall, ETA 0.1h)
  [1208/3000] ozone-level-8hr_s0_Oblique_d3: acc=0.938856 train=0.7s best=1.402µs (0.8s wall, ETA 0.1h)
  [1209/3000] ozone-level-8hr_s0_Oblique_d4: acc=0.938856 train=0.8s best=0.874µs (0.9s wall, ETA 0.1h)
  [1210/3000] ozone-level-8hr_s0_Oblique_d5: acc=0.938856 train=1.4s best=1.883µs (1.5s wall, ETA 0.1h)
  [1211/3000] ozone-level-8hr_s0_Oblique_d6: acc=0.936884 train=1.1s best=0.797µs (1.2s wall, ETA 0.1h)
  [1212/3000] ozone-level-8hr_s0_Oblique_d8: acc=0.936884 train=1.7s best=1.029µs (1.8s wall, ETA 0.1h)
  [1213/3000] ozone-level-8hr_s1_AxisAligned_d3: acc=0.930966 train=0.1s best=0.274µs (0.2s wall, ETA 0.1h)
  [1214/3000] ozone-level-8hr_s1_AxisAligned_d4: acc=0.940828 train=0.2s best=0.395µs (0.3s wall, ETA 0.1h)
  [1215/3000] ozone-level-8hr_s1_AxisAligned_d5: acc=0.932939 train=0.2s best=0.294µs (0.3s wall, ETA 0.1h)
  [1216/3000] ozone-level-8hr_s1_AxisAligned_d6: acc=0.934911 train=0.3s best=0.342µs (0.4s wall, ETA 0.1h)
  [1217/3000] ozone-level-8hr_s1_AxisAligned_d7: acc=0.934911 train=0.5s best=0.620µs (0.6s wall, ETA 0.1h)
  [1218/3000] ozone-level-8hr_s1_AxisAligned_d8: acc=0.938856 train=0.7s best=0.688µs (0.8s wall, ETA 0.1h)
  [1219/3000] ozone-level-8hr_s1_AxisAligned_d10: acc=0.928994 train=1.0s best=0.378µs (1.1s wall, ETA 0.1h)
  [1220/3000] ozone-level-8hr_s1_Oblique_d3: acc=0.938856 train=0.7s best=1.231µs (0.8s wall, ETA 0.1h)
  [1221/3000] ozone-level-8hr_s1_Oblique_d4: acc=0.934911 train=1.1s best=1.772µs (1.2s wall, ETA 0.1h)
  [1222/3000] ozone-level-8hr_s1_Oblique_d5: acc=0.936884 train=1.2s best=1.399µs (1.3s wall, ETA 0.1h)
  [1223/3000] ozone-level-8hr_s1_Oblique_d6: acc=0.932939 train=1.2s best=0.911µs (1.3s wall, ETA 0.1h)
  [1224/3000] ozone-level-8hr_s1_Oblique_d8: acc=0.930966 train=1.9s best=1.488µs (2.0s wall, ETA 0.1h)
  [1225/3000] ozone-level-8hr_s2_AxisAligned_d3: acc=0.960552 train=0.1s best=0.326µs (0.2s wall, ETA 0.1h)
  [1226/3000] ozone-level-8hr_s2_AxisAligned_d4: acc=0.95858 train=0.2s best=0.651µs (0.3s wall, ETA 0.1h)
  [1227/3000] ozone-level-8hr_s2_AxisAligned_d5: acc=0.95858 train=0.4s best=0.844µs (0.5s wall, ETA 0.1h)
  [1228/3000] ozone-level-8hr_s2_AxisAligned_d6: acc=0.95858 train=0.5s best=0.946µs (0.6s wall, ETA 0.1h)
  [1229/3000] ozone-level-8hr_s2_AxisAligned_d7: acc=0.962525 train=0.4s best=0.300µs (0.5s wall, ETA 0.1h)
  [1230/3000] ozone-level-8hr_s2_AxisAligned_d8: acc=0.956608 train=0.7s best=0.433µs (0.8s wall, ETA 0.1h)
  [1231/3000] ozone-level-8hr_s2_AxisAligned_d10: acc=0.962525 train=1.0s best=0.436µs (1.2s wall, ETA 0.1h)
  [1232/3000] ozone-level-8hr_s2_Oblique_d3: acc=0.962525 train=0.7s best=1.541µs (0.8s wall, ETA 0.1h)
  [1233/3000] ozone-level-8hr_s2_Oblique_d4: acc=0.962525 train=1.1s best=2.506µs (1.2s wall, ETA 0.1h)
  [1234/3000] ozone-level-8hr_s2_Oblique_d5: acc=0.966469 train=1.3s best=1.609µs (1.4s wall, ETA 0.1h)
  [1235/3000] ozone-level-8hr_s2_Oblique_d6: acc=0.968442 train=1.7s best=2.038µs (1.8s wall, ETA 0.1h)
  [1236/3000] ozone-level-8hr_s2_Oblique_d8: acc=0.960552 train=1.7s best=0.999µs (1.8s wall, ETA 0.1h)
  [1237/3000] ozone-level-8hr_s3_AxisAligned_d3: acc=0.936884 train=0.1s best=0.196µs (0.2s wall, ETA 0.1h)
  [1238/3000] ozone-level-8hr_s3_AxisAligned_d4: acc=0.938856 train=0.2s best=0.367µs (0.3s wall, ETA 0.1h)
  [1239/3000] ozone-level-8hr_s3_AxisAligned_d5: acc=0.936884 train=0.3s best=0.798µs (0.5s wall, ETA 0.1h)
  [1240/3000] ozone-level-8hr_s3_AxisAligned_d6: acc=0.938856 train=0.4s best=0.590µs (0.5s wall, ETA 0.1h)
  [1241/3000] ozone-level-8hr_s3_AxisAligned_d7: acc=0.940828 train=0.5s best=0.647µs (0.7s wall, ETA 0.1h)
  [1242/3000] ozone-level-8hr_s3_AxisAligned_d8: acc=0.940828 train=0.7s best=0.679µs (0.9s wall, ETA 0.1h)
  [1243/3000] ozone-level-8hr_s3_AxisAligned_d10: acc=0.934911 train=1.1s best=0.304µs (1.2s wall, ETA 0.1h)
  [1244/3000] ozone-level-8hr_s3_Oblique_d3: acc=0.946746 train=0.7s best=1.325µs (0.8s wall, ETA 0.1h)
  [1245/3000] ozone-level-8hr_s3_Oblique_d4: acc=0.948718 train=0.8s best=0.946µs (0.9s wall, ETA 0.1h)
  [1246/3000] ozone-level-8hr_s3_Oblique_d5: acc=0.948718 train=1.4s best=1.721µs (1.5s wall, ETA 0.1h)
  [1247/3000] ozone-level-8hr_s3_Oblique_d6: acc=0.948718 train=1.3s best=1.149µs (1.4s wall, ETA 0.1h)
  [1248/3000] ozone-level-8hr_s3_Oblique_d8: acc=0.944773 train=1.8s best=1.143µs (1.9s wall, ETA 0.1h)
  [1249/3000] ozone-level-8hr_s4_AxisAligned_d3: acc=0.944773 train=0.1s best=0.268µs (0.2s wall, ETA 0.1h)
  [1250/3000] ozone-level-8hr_s4_AxisAligned_d4: acc=0.938856 train=0.2s best=0.520µs (0.3s wall, ETA 0.1h)
  [1251/3000] ozone-level-8hr_s4_AxisAligned_d5: acc=0.936884 train=0.3s best=0.624µs (0.4s wall, ETA 0.1h)
  [1252/3000] ozone-level-8hr_s4_AxisAligned_d6: acc=0.930966 train=0.4s best=0.567µs (0.5s wall, ETA 0.1h)
  [1253/3000] ozone-level-8hr_s4_AxisAligned_d7: acc=0.936884 train=0.6s best=0.745µs (0.7s wall, ETA 0.1h)
  [1254/3000] ozone-level-8hr_s4_AxisAligned_d8: acc=0.930966 train=0.6s best=0.321µs (0.7s wall, ETA 0.1h)
  [1255/3000] ozone-level-8hr_s4_AxisAligned_d10: acc=0.942801 train=1.0s best=0.441µs (1.1s wall, ETA 0.1h)
  [1256/3000] ozone-level-8hr_s4_Oblique_d3: acc=0.940828 train=0.7s best=1.369µs (0.8s wall, ETA 0.1h)
  [1257/3000] ozone-level-8hr_s4_Oblique_d4: acc=0.942801 train=0.7s best=0.756µs (0.8s wall, ETA 0.1h)
  [1258/3000] ozone-level-8hr_s4_Oblique_d5: acc=0.942801 train=1.3s best=1.772µs (1.5s wall, ETA 0.1h)
  [1259/3000] ozone-level-8hr_s4_Oblique_d6: acc=0.948718 train=1.2s best=0.926µs (1.3s wall, ETA 0.1h)
  [1260/3000] ozone-level-8hr_s4_Oblique_d8: acc=0.942801 train=2.0s best=1.388µs (2.2s wall, ETA 0.1h)
  [1261/3000] ozone-level-8hr_s5_AxisAligned_d3: acc=0.946746 train=0.1s best=0.369µs (0.3s wall, ETA 0.1h)
  [1262/3000] ozone-level-8hr_s5_AxisAligned_d4: acc=0.948718 train=0.2s best=0.397µs (0.3s wall, ETA 0.1h)
  [1263/3000] ozone-level-8hr_s5_AxisAligned_d5: acc=0.948718 train=0.3s best=0.649µs (0.4s wall, ETA 0.1h)
  [1264/3000] ozone-level-8hr_s5_AxisAligned_d6: acc=0.95069 train=0.3s best=0.359µs (0.5s wall, ETA 0.1h)
  [1265/3000] ozone-level-8hr_s5_AxisAligned_d7: acc=0.944773 train=0.4s best=0.227µs (0.5s wall, ETA 0.1h)
  [1266/3000] ozone-level-8hr_s5_AxisAligned_d8: acc=0.938856 train=0.7s best=0.366µs (0.8s wall, ETA 0.1h)
  [1267/3000] ozone-level-8hr_s5_AxisAligned_d10: acc=0.938856 train=1.2s best=0.446µs (1.3s wall, ETA 0.1h)
  [1268/3000] ozone-level-8hr_s5_Oblique_d3: acc=0.952663 train=0.7s best=1.392µs (0.8s wall, ETA 0.1h)
  [1269/3000] ozone-level-8hr_s5_Oblique_d4: acc=0.948718 train=1.1s best=1.714µs (1.2s wall, ETA 0.1h)
  [1270/3000] ozone-level-8hr_s5_Oblique_d5: acc=0.946746 train=0.9s best=0.717µs (1.0s wall, ETA 0.1h)
  [1271/3000] ozone-level-8hr_s5_Oblique_d6: acc=0.942801 train=1.1s best=0.718µs (1.2s wall, ETA 0.1h)
  [1272/3000] ozone-level-8hr_s5_Oblique_d8: acc=0.95069 train=1.8s best=1.129µs (1.9s wall, ETA 0.1h)
  [1273/3000] ozone-level-8hr_s6_AxisAligned_d3: acc=0.932939 train=0.1s best=0.364µs (0.2s wall, ETA 0.1h)
  [1274/3000] ozone-level-8hr_s6_AxisAligned_d4: acc=0.932939 train=0.2s best=0.309µs (0.3s wall, ETA 0.1h)
  [1275/3000] ozone-level-8hr_s6_AxisAligned_d5: acc=0.938856 train=0.3s best=0.560µs (0.4s wall, ETA 0.1h)
  [1276/3000] ozone-level-8hr_s6_AxisAligned_d6: acc=0.934911 train=0.3s best=0.461µs (0.5s wall, ETA 0.1h)
  [1277/3000] ozone-level-8hr_s6_AxisAligned_d7: acc=0.936884 train=0.5s best=0.389µs (0.6s wall, ETA 0.1h)
  [1278/3000] ozone-level-8hr_s6_AxisAligned_d8: acc=0.934911 train=0.7s best=0.494µs (0.8s wall, ETA 0.1h)
  [1279/3000] ozone-level-8hr_s6_AxisAligned_d10: acc=0.934911 train=0.9s best=0.258µs (1.0s wall, ETA 0.1h)
  [1280/3000] ozone-level-8hr_s6_Oblique_d3: acc=0.930966 train=0.7s best=1.504µs (0.8s wall, ETA 0.1h)
  [1281/3000] ozone-level-8hr_s6_Oblique_d4: acc=0.930966 train=1.0s best=1.081µs (1.1s wall, ETA 0.1h)
  [1282/3000] ozone-level-8hr_s6_Oblique_d5: acc=0.936884 train=1.0s best=0.750µs (1.1s wall, ETA 0.1h)
  [1283/3000] ozone-level-8hr_s6_Oblique_d6: acc=0.923077 train=1.1s best=0.649µs (1.2s wall, ETA 0.1h)
  [1284/3000] ozone-level-8hr_s6_Oblique_d8: acc=0.925049 train=1.4s best=0.555µs (1.5s wall, ETA 0.1h)
  [1285/3000] ozone-level-8hr_s7_AxisAligned_d3: acc=0.946746 train=0.1s best=0.366µs (0.2s wall, ETA 0.1h)
  [1286/3000] ozone-level-8hr_s7_AxisAligned_d4: acc=0.944773 train=0.2s best=0.543µs (0.3s wall, ETA 0.1h)
  [1287/3000] ozone-level-8hr_s7_AxisAligned_d5: acc=0.948718 train=0.3s best=0.768µs (0.4s wall, ETA 0.1h)
  [1288/3000] ozone-level-8hr_s7_AxisAligned_d6: acc=0.952663 train=0.4s best=0.794µs (0.5s wall, ETA 0.1h)
  [1289/3000] ozone-level-8hr_s7_AxisAligned_d7: acc=0.948718 train=0.5s best=0.603µs (0.6s wall, ETA 0.1h)
  [1290/3000] ozone-level-8hr_s7_AxisAligned_d8: acc=0.954635 train=0.7s best=0.544µs (0.8s wall, ETA 0.1h)
  [1291/3000] ozone-level-8hr_s7_AxisAligned_d10: acc=0.95069 train=1.1s best=0.730µs (1.2s wall, ETA 0.1h)
  [1292/3000] ozone-level-8hr_s7_Oblique_d3: acc=0.944773 train=0.7s best=1.520µs (0.8s wall, ETA 0.1h)
  [1293/3000] ozone-level-8hr_s7_Oblique_d4: acc=0.938856 train=0.7s best=0.809µs (0.8s wall, ETA 0.1h)
  [1294/3000] ozone-level-8hr_s7_Oblique_d5: acc=0.946746 train=0.8s best=0.608µs (0.9s wall, ETA 0.1h)
  [1295/3000] ozone-level-8hr_s7_Oblique_d6: acc=0.942801 train=1.2s best=0.846µs (1.3s wall, ETA 0.1h)
  [1296/3000] ozone-level-8hr_s7_Oblique_d8: acc=0.942801 train=1.6s best=0.690µs (1.7s wall, ETA 0.1h)
  [1297/3000] ozone-level-8hr_s8_AxisAligned_d3: acc=0.927022 train=0.1s best=0.287µs (0.2s wall, ETA 0.1h)
  [1298/3000] ozone-level-8hr_s8_AxisAligned_d4: acc=0.921105 train=0.1s best=0.293µs (0.2s wall, ETA 0.1h)
  [1299/3000] ozone-level-8hr_s8_AxisAligned_d5: acc=0.923077 train=0.2s best=0.312µs (0.3s wall, ETA 0.1h)
  [1300/3000] ozone-level-8hr_s8_AxisAligned_d6: acc=0.921105 train=0.3s best=0.150µs (0.4s wall, ETA 0.1h)
  [1301/3000] ozone-level-8hr_s8_AxisAligned_d7: acc=0.91716 train=0.4s best=0.222µs (0.5s wall, ETA 0.1h)
  [1302/3000] ozone-level-8hr_s8_AxisAligned_d8: acc=0.915187 train=0.6s best=0.222µs (0.7s wall, ETA 0.1h)
  [1303/3000] ozone-level-8hr_s8_AxisAligned_d10: acc=0.921105 train=1.1s best=0.395µs (1.2s wall, ETA 0.1h)
  [1304/3000] ozone-level-8hr_s8_Oblique_d3: acc=0.928994 train=0.7s best=0.905µs (0.8s wall, ETA 0.1h)
  [1305/3000] ozone-level-8hr_s8_Oblique_d4: acc=0.932939 train=0.6s best=0.390µs (0.7s wall, ETA 0.1h)
  [1306/3000] ozone-level-8hr_s8_Oblique_d5: acc=0.932939 train=0.8s best=0.535µs (0.9s wall, ETA 0.1h)
  [1307/3000] ozone-level-8hr_s8_Oblique_d6: acc=0.925049 train=1.0s best=0.492µs (1.1s wall, ETA 0.1h)
  [1308/3000] ozone-level-8hr_s8_Oblique_d8: acc=0.927022 train=1.7s best=0.874µs (1.8s wall, ETA 0.1h)
  [1309/3000] ozone-level-8hr_s9_AxisAligned_d3: acc=0.942801 train=0.1s best=0.150µs (0.2s wall, ETA 0.1h)
  [1310/3000] ozone-level-8hr_s9_AxisAligned_d4: acc=0.946746 train=0.2s best=0.291µs (0.3s wall, ETA 0.1h)
  [1311/3000] ozone-level-8hr_s9_AxisAligned_d5: acc=0.942801 train=0.2s best=0.317µs (0.3s wall, ETA 0.1h)
  [1312/3000] ozone-level-8hr_s9_AxisAligned_d6: acc=0.946746 train=0.3s best=0.286µs (0.4s wall, ETA 0.1h)
  [1313/3000] ozone-level-8hr_s9_AxisAligned_d7: acc=0.946746 train=0.5s best=0.663µs (0.7s wall, ETA 0.1h)
  [1314/3000] ozone-level-8hr_s9_AxisAligned_d8: acc=0.944773 train=0.6s best=0.242µs (0.7s wall, ETA 0.1h)
  [1315/3000] ozone-level-8hr_s9_AxisAligned_d10: acc=0.938856 train=0.9s best=0.268µs (1.0s wall, ETA 0.1h)
  [1316/3000] ozone-level-8hr_s9_Oblique_d3: acc=0.948718 train=0.6s best=0.776µs (0.7s wall, ETA 0.1h)
  [1317/3000] ozone-level-8hr_s9_Oblique_d4: acc=0.95069 train=0.7s best=0.640µs (0.8s wall, ETA 0.1h)
  [1318/3000] ozone-level-8hr_s9_Oblique_d5: acc=0.956608 train=1.0s best=0.940µs (1.1s wall, ETA 0.1h)
  [1319/3000] ozone-level-8hr_s9_Oblique_d6: acc=0.952663 train=1.4s best=1.115µs (1.5s wall, ETA 0.1h)
  [1320/3000] ozone-level-8hr_s9_Oblique_d8: acc=0.952663 train=2.0s best=1.520µs (2.1s wall, ETA 0.1h)

=== Dataset madelon (id=1485) shape=(2600, 501) ===
  [1321/3000] madelon_s0_AxisAligned_d3: acc=0.684615 train=0.4s best=0.168µs (0.7s wall, ETA 0.1h)
  [1322/3000] madelon_s0_AxisAligned_d4: acc=0.717308 train=0.7s best=0.282µs (1.0s wall, ETA 0.1h)
  [1323/3000] madelon_s0_AxisAligned_d5: acc=0.780769 train=1.0s best=0.180µs (1.3s wall, ETA 0.1h)
  [1324/3000] madelon_s0_AxisAligned_d6: acc=0.813462 train=3.2s best=2.498µs (3.5s wall, ETA 0.1h)
  [1325/3000] madelon_s0_AxisAligned_d7: acc=0.809615 train=5.6s best=3.407µs (6.0s wall, ETA 0.2h)
  [1326/3000] madelon_s0_AxisAligned_d8: acc=0.819231 train=6.9s best=2.150µs (7.2s wall, ETA 0.2h)
  [1327/3000] madelon_s0_AxisAligned_d10: acc=0.825 train=19.5s best=4.529µs (19.9s wall, ETA 0.2h)
  [1328/3000] madelon_s0_Oblique_d3: acc=0.742308 train=1.0s best=1.870µs (1.3s wall, ETA 0.2h)
  [1329/3000] madelon_s0_Oblique_d4: acc=0.778846 train=1.8s best=3.100µs (2.1s wall, ETA 0.2h)
  [1330/3000] madelon_s0_Oblique_d5: acc=0.805769 train=3.0s best=4.761µs (3.3s wall, ETA 0.2h)
  [1331/3000] madelon_s0_Oblique_d6: acc=0.809615 train=4.5s best=6.622µs (4.9s wall, ETA 0.2h)
  [1332/3000] madelon_s0_Oblique_d8: acc=0.834615 train=12.2s best=11.170µs (12.6s wall, ETA 0.2h)
  [1333/3000] madelon_s1_AxisAligned_d3: acc=0.711538 train=0.6s best=0.619µs (0.9s wall, ETA 0.2h)
  [1334/3000] madelon_s1_AxisAligned_d4: acc=0.751923 train=1.2s best=1.147µs (1.5s wall, ETA 0.2h)
  [1335/3000] madelon_s1_AxisAligned_d5: acc=0.815385 train=2.0s best=1.320µs (2.3s wall, ETA 0.2h)
  [1336/3000] madelon_s1_AxisAligned_d6: acc=0.830769 train=3.1s best=1.802µs (3.5s wall, ETA 0.2h)
  [1337/3000] madelon_s1_AxisAligned_d7: acc=0.848077 train=5.2s best=3.536µs (5.6s wall, ETA 0.2h)
  [1338/3000] madelon_s1_AxisAligned_d8: acc=0.834615 train=9.0s best=4.032µs (9.4s wall, ETA 0.2h)
  [1339/3000] madelon_s1_AxisAligned_d10: acc=0.826923 train=17.3s best=3.038µs (17.7s wall, ETA 0.2h)
  [1340/3000] madelon_s1_Oblique_d3: acc=0.740385 train=1.0s best=1.521µs (1.3s wall, ETA 0.2h)
  [1341/3000] madelon_s1_Oblique_d4: acc=0.784615 train=1.8s best=3.380µs (2.1s wall, ETA 0.2h)
  [1342/3000] madelon_s1_Oblique_d5: acc=0.821154 train=2.9s best=4.707µs (3.2s wall, ETA 0.2h)
  [1343/3000] madelon_s1_Oblique_d6: acc=0.844231 train=4.8s best=6.748µs (5.1s wall, ETA 0.2h)
  [1344/3000] madelon_s1_Oblique_d8: acc=0.855769 train=11.2s best=11.344µs (11.6s wall, ETA 0.2h)
  [1345/3000] madelon_s2_AxisAligned_d3: acc=0.713462 train=0.6s best=0.940µs (0.9s wall, ETA 0.2h)
  [1346/3000] madelon_s2_AxisAligned_d4: acc=0.736538 train=1.1s best=1.049µs (1.4s wall, ETA 0.2h)
  [1347/3000] madelon_s2_AxisAligned_d5: acc=0.798077 train=1.9s best=1.867µs (2.3s wall, ETA 0.2h)
  [1348/3000] madelon_s2_AxisAligned_d6: acc=0.828846 train=2.6s best=1.197µs (2.9s wall, ETA 0.2h)
  [1349/3000] madelon_s2_AxisAligned_d7: acc=0.826923 train=5.3s best=3.984µs (5.7s wall, ETA 0.2h)
  [1350/3000] madelon_s2_AxisAligned_d8: acc=0.834615 train=7.9s best=3.876µs (8.3s wall, ETA 0.2h)
  [1351/3000] madelon_s2_AxisAligned_d10: acc=0.846154 train=13.2s best=2.291µs (13.6s wall, ETA 0.2h)
  [1352/3000] madelon_s2_Oblique_d3: acc=0.725 train=1.0s best=1.932µs (1.3s wall, ETA 0.2h)
  [1353/3000] madelon_s2_Oblique_d4: acc=0.755769 train=1.4s best=1.562µs (1.7s wall, ETA 0.2h)
  [1354/3000] madelon_s2_Oblique_d5: acc=0.826923 train=2.9s best=4.597µs (3.2s wall, ETA 0.2h)
  [1355/3000] madelon_s2_Oblique_d6: acc=0.809615 train=4.8s best=6.761µs (5.1s wall, ETA 0.2h)
  [1356/3000] madelon_s2_Oblique_d8: acc=0.848077 train=11.2s best=8.804µs (11.6s wall, ETA 0.2h)
  [1357/3000] madelon_s3_AxisAligned_d3: acc=0.690385 train=0.6s best=0.873µs (0.9s wall, ETA 0.2h)
  [1358/3000] madelon_s3_AxisAligned_d4: acc=0.744231 train=1.1s best=1.665µs (1.4s wall, ETA 0.2h)
  [1359/3000] madelon_s3_AxisAligned_d5: acc=0.782692 train=2.0s best=2.352µs (2.4s wall, ETA 0.2h)
  [1360/3000] madelon_s3_AxisAligned_d6: acc=0.8 train=3.3s best=1.919µs (3.7s wall, ETA 0.2h)
  [1361/3000] madelon_s3_AxisAligned_d7: acc=0.819231 train=5.9s best=2.983µs (6.3s wall, ETA 0.2h)
  [1362/3000] madelon_s3_AxisAligned_d8: acc=0.815385 train=8.5s best=2.771µs (8.8s wall, ETA 0.2h)
  [1363/3000] madelon_s3_AxisAligned_d10: acc=0.842308 train=13.8s best=2.126µs (14.1s wall, ETA 0.2h)
  [1364/3000] madelon_s3_Oblique_d3: acc=0.736538 train=1.0s best=1.861µs (1.3s wall, ETA 0.2h)
  [1365/3000] madelon_s3_Oblique_d4: acc=0.8 train=1.8s best=3.372µs (2.1s wall, ETA 0.2h)
  [1366/3000] madelon_s3_Oblique_d5: acc=0.809615 train=2.9s best=5.075µs (3.2s wall, ETA 0.2h)
  [1367/3000] madelon_s3_Oblique_d6: acc=0.823077 train=4.5s best=5.441µs (4.9s wall, ETA 0.2h)
  [1368/3000] madelon_s3_Oblique_d8: acc=0.851923 train=10.9s best=8.958µs (11.3s wall, ETA 0.2h)
  [1369/3000] madelon_s4_AxisAligned_d3: acc=0.665385 train=0.6s best=0.644µs (0.9s wall, ETA 0.2h)
  [1370/3000] madelon_s4_AxisAligned_d4: acc=0.736538 train=1.1s best=1.322µs (1.4s wall, ETA 0.2h)
  [1371/3000] madelon_s4_AxisAligned_d5: acc=0.759615 train=1.9s best=1.361µs (2.2s wall, ETA 0.2h)
  [1372/3000] madelon_s4_AxisAligned_d6: acc=0.786538 train=2.7s best=1.210µs (3.0s wall, ETA 0.2h)
  [1373/3000] madelon_s4_AxisAligned_d7: acc=0.821154 train=4.0s best=1.407µs (4.3s wall, ETA 0.2h)
  [1374/3000] madelon_s4_AxisAligned_d8: acc=0.809615 train=8.4s best=3.180µs (8.8s wall, ETA 0.2h)
  [1375/3000] madelon_s4_AxisAligned_d10: acc=0.832692 train=13.8s best=2.338µs (14.1s wall, ETA 0.2h)
  [1376/3000] madelon_s4_Oblique_d3: acc=0.713462 train=1.0s best=1.960µs (1.3s wall, ETA 0.2h)
  [1377/3000] madelon_s4_Oblique_d4: acc=0.765385 train=1.7s best=3.211µs (2.0s wall, ETA 0.2h)
  [1378/3000] madelon_s4_Oblique_d5: acc=0.784615 train=3.2s best=4.043µs (3.5s wall, ETA 0.2h)
  [1379/3000] madelon_s4_Oblique_d6: acc=0.796154 train=2.9s best=1.663µs (3.2s wall, ETA 0.2h)
  [1380/3000] madelon_s4_Oblique_d8: acc=0.815385 train=7.8s best=3.603µs (8.1s wall, ETA 0.2h)
  [1381/3000] madelon_s5_AxisAligned_d3: acc=0.673077 train=0.4s best=0.286µs (0.7s wall, ETA 0.2h)
  [1382/3000] madelon_s5_AxisAligned_d4: acc=0.717308 train=1.1s best=1.512µs (1.4s wall, ETA 0.2h)
  [1383/3000] madelon_s5_AxisAligned_d5: acc=0.8 train=2.0s best=2.221µs (2.3s wall, ETA 0.2h)
  [1384/3000] madelon_s5_AxisAligned_d6: acc=0.819231 train=3.1s best=2.147µs (3.4s wall, ETA 0.2h)
  [1385/3000] madelon_s5_AxisAligned_d7: acc=0.834615 train=4.3s best=1.818µs (4.6s wall, ETA 0.2h)
  [1386/3000] madelon_s5_AxisAligned_d8: acc=0.85 train=6.0s best=1.627µs (6.3s wall, ETA 0.2h)
  [1387/3000] madelon_s5_AxisAligned_d10: acc=0.853846 train=17.0s best=4.760µs (17.4s wall, ETA 0.2h)
  [1388/3000] madelon_s5_Oblique_d3: acc=0.7 train=1.0s best=1.851µs (1.3s wall, ETA 0.2h)
  [1389/3000] madelon_s5_Oblique_d4: acc=0.742308 train=1.7s best=2.680µs (2.0s wall, ETA 0.2h)
  [1390/3000] madelon_s5_Oblique_d5: acc=0.819231 train=2.9s best=4.783µs (3.3s wall, ETA 0.2h)
  [1391/3000] madelon_s5_Oblique_d6: acc=0.809615 train=4.4s best=6.679µs (4.8s wall, ETA 0.2h)
  [1392/3000] madelon_s5_Oblique_d8: acc=0.826923 train=10.8s best=7.145µs (11.1s wall, ETA 0.3h)
  [1393/3000] madelon_s6_AxisAligned_d3: acc=0.676923 train=0.6s best=0.914µs (0.9s wall, ETA 0.3h)
  [1394/3000] madelon_s6_AxisAligned_d4: acc=0.719231 train=1.1s best=1.449µs (1.4s wall, ETA 0.3h)
  [1395/3000] madelon_s6_AxisAligned_d5: acc=0.805769 train=2.0s best=1.865µs (2.3s wall, ETA 0.3h)
  [1396/3000] madelon_s6_AxisAligned_d6: acc=0.817308 train=3.1s best=2.579µs (3.5s wall, ETA 0.3h)
  [1397/3000] madelon_s6_AxisAligned_d7: acc=0.836538 train=5.1s best=4.140µs (5.5s wall, ETA 0.3h)
  [1398/3000] madelon_s6_AxisAligned_d8: acc=0.855769 train=7.7s best=2.701µs (8.1s wall, ETA 0.3h)
  [1399/3000] madelon_s6_AxisAligned_d10: acc=0.844231 train=15.3s best=2.723µs (15.6s wall, ETA 0.3h)
  [1400/3000] madelon_s6_Oblique_d3: acc=0.742308 train=1.0s best=1.410µs (1.3s wall, ETA 0.3h)
  [1401/3000] madelon_s6_Oblique_d4: acc=0.775 train=1.7s best=2.978µs (2.0s wall, ETA 0.3h)
  [1402/3000] madelon_s6_Oblique_d5: acc=0.8 train=3.0s best=4.888µs (3.3s wall, ETA 0.3h)
  [1403/3000] madelon_s6_Oblique_d6: acc=0.828846 train=4.7s best=5.998µs (5.0s wall, ETA 0.3h)
  [1404/3000] madelon_s6_Oblique_d8: acc=0.855769 train=10.6s best=11.335µs (11.0s wall, ETA 0.3h)
  [1405/3000] madelon_s7_AxisAligned_d3: acc=0.705769 train=0.6s best=0.650µs (0.9s wall, ETA 0.3h)
  [1406/3000] madelon_s7_AxisAligned_d4: acc=0.744231 train=1.0s best=0.953µs (1.3s wall, ETA 0.3h)
  [1407/3000] madelon_s7_AxisAligned_d5: acc=0.742308 train=1.8s best=1.303µs (2.1s wall, ETA 0.3h)
  [1408/3000] madelon_s7_AxisAligned_d6: acc=0.784615 train=3.3s best=2.048µs (3.6s wall, ETA 0.3h)
  [1409/3000] madelon_s7_AxisAligned_d7: acc=0.815385 train=4.9s best=3.932µs (5.3s wall, ETA 0.3h)
  [1410/3000] madelon_s7_AxisAligned_d8: acc=0.813462 train=8.3s best=4.426µs (8.7s wall, ETA 0.3h)
  [1411/3000] madelon_s7_AxisAligned_d10: acc=0.819231 train=17.0s best=3.903µs (17.4s wall, ETA 0.3h)
  [1412/3000] madelon_s7_Oblique_d3: acc=0.75 train=1.0s best=1.981µs (1.3s wall, ETA 0.3h)
  [1413/3000] madelon_s7_Oblique_d4: acc=0.780769 train=1.8s best=3.050µs (2.1s wall, ETA 0.3h)
  [1414/3000] madelon_s7_Oblique_d5: acc=0.792308 train=2.9s best=4.584µs (3.2s wall, ETA 0.3h)
  [1415/3000] madelon_s7_Oblique_d6: acc=0.798077 train=4.4s best=5.878µs (4.8s wall, ETA 0.3h)
  [1416/3000] madelon_s7_Oblique_d8: acc=0.836538 train=11.0s best=11.380µs (11.4s wall, ETA 0.3h)
  [1417/3000] madelon_s8_AxisAligned_d3: acc=0.673077 train=0.5s best=0.405µs (0.8s wall, ETA 0.3h)
  [1418/3000] madelon_s8_AxisAligned_d4: acc=0.748077 train=0.9s best=0.689µs (1.2s wall, ETA 0.3h)
  [1419/3000] madelon_s8_AxisAligned_d5: acc=0.790385 train=2.0s best=1.864µs (2.4s wall, ETA 0.3h)
  [1420/3000] madelon_s8_AxisAligned_d6: acc=0.825 train=3.4s best=2.993µs (3.7s wall, ETA 0.3h)
  [1421/3000] madelon_s8_AxisAligned_d7: acc=0.828846 train=4.0s best=1.494µs (4.3s wall, ETA 0.3h)
  [1422/3000] madelon_s8_AxisAligned_d8: acc=0.844231 train=6.6s best=1.752µs (6.9s wall, ETA 0.3h)
  [1423/3000] madelon_s8_AxisAligned_d10: acc=0.840385 train=13.9s best=2.184µs (14.3s wall, ETA 0.3h)
  [1424/3000] madelon_s8_Oblique_d3: acc=0.736538 train=1.0s best=1.529µs (1.3s wall, ETA 0.3h)
  [1425/3000] madelon_s8_Oblique_d4: acc=0.757692 train=1.8s best=3.256µs (2.1s wall, ETA 0.3h)
  [1426/3000] madelon_s8_Oblique_d5: acc=0.823077 train=2.9s best=4.728µs (3.2s wall, ETA 0.3h)
  [1427/3000] madelon_s8_Oblique_d6: acc=0.826923 train=4.6s best=6.464µs (4.9s wall, ETA 0.3h)
  [1428/3000] madelon_s8_Oblique_d8: acc=0.811538 train=11.2s best=7.506µs (11.5s wall, ETA 0.3h)
  [1429/3000] madelon_s9_AxisAligned_d3: acc=0.659615 train=0.4s best=0.268µs (0.7s wall, ETA 0.3h)
  [1430/3000] madelon_s9_AxisAligned_d4: acc=0.705769 train=1.1s best=1.228µs (1.4s wall, ETA 0.3h)
  [1431/3000] madelon_s9_AxisAligned_d5: acc=0.757692 train=1.2s best=0.483µs (1.5s wall, ETA 0.3h)
  [1432/3000] madelon_s9_AxisAligned_d6: acc=0.782692 train=1.7s best=0.254µs (2.0s wall, ETA 0.3h)
  [1433/3000] madelon_s9_AxisAligned_d7: acc=0.807692 train=2.9s best=0.535µs (3.2s wall, ETA 0.3h)
  [1434/3000] madelon_s9_AxisAligned_d8: acc=0.807692 train=4.8s best=0.881µs (5.1s wall, ETA 0.3h)
  [1435/3000] madelon_s9_AxisAligned_d10: acc=0.807692 train=12.9s best=1.928µs (13.2s wall, ETA 0.3h)
  [1436/3000] madelon_s9_Oblique_d3: acc=0.707692 train=1.0s best=1.873µs (1.3s wall, ETA 0.3h)
  [1437/3000] madelon_s9_Oblique_d4: acc=0.701923 train=1.8s best=3.220µs (2.1s wall, ETA 0.3h)
  [1438/3000] madelon_s9_Oblique_d5: acc=0.771154 train=2.5s best=2.629µs (2.8s wall, ETA 0.3h)
  [1439/3000] madelon_s9_Oblique_d6: acc=0.801923 train=3.6s best=3.268µs (3.9s wall, ETA 0.3h)
  [1440/3000] madelon_s9_Oblique_d8: acc=0.819231 train=9.4s best=4.874µs (9.7s wall, ETA 0.3h)

=== Dataset internet-advertisements (id=40978) shape=(3279, 1559) ===
  [1441/3000] internet-advertisements_s0_AxisAligned_d3: acc=0.943598 train=0.5s best=0.309µs (0.9s wall, ETA 0.3h)
  [1442/3000] internet-advertisements_s0_AxisAligned_d4: acc=0.948171 train=1.1s best=0.467µs (1.5s wall, ETA 0.3h)
  [1443/3000] internet-advertisements_s0_AxisAligned_d5: acc=0.969512 train=1.9s best=0.676µs (2.4s wall, ETA 0.3h)
  [1444/3000] internet-advertisements_s0_AxisAligned_d6: acc=0.964939 train=3.2s best=0.860µs (3.7s wall, ETA 0.3h)
  [1445/3000] internet-advertisements_s0_AxisAligned_d7: acc=0.97561 train=4.7s best=1.002µs (5.2s wall, ETA 0.3h)
  [1446/3000] internet-advertisements_s0_AxisAligned_d8: acc=0.980183 train=6.0s best=1.150µs (6.6s wall, ETA 0.3h)
  [1447/3000] internet-advertisements_s0_AxisAligned_d10: acc=0.981707 train=9.7s best=1.481µs (10.2s wall, ETA 0.3h)
  [1448/3000] internet-advertisements_s0_Oblique_d3: acc=0.978659 train=1.4s best=0.837µs (1.8s wall, ETA 0.3h)
  [1449/3000] internet-advertisements_s0_Oblique_d4: acc=0.983232 train=2.7s best=1.181µs (3.1s wall, ETA 0.3h)
  [1450/3000] internet-advertisements_s0_Oblique_d5: acc=0.981707 train=4.5s best=1.647µs (5.0s wall, ETA 0.3h)
  [1451/3000] internet-advertisements_s0_Oblique_d6: acc=0.981707 train=6.5s best=1.593µs (6.9s wall, ETA 0.3h)
  [1452/3000] internet-advertisements_s0_Oblique_d8: acc=0.980183 train=12.0s best=3.148µs (12.5s wall, ETA 0.3h)
  [1453/3000] internet-advertisements_s1_AxisAligned_d3: acc=0.940549 train=0.5s best=0.297µs (0.9s wall, ETA 0.3h)
  [1454/3000] internet-advertisements_s1_AxisAligned_d4: acc=0.951219 train=1.0s best=0.453µs (1.5s wall, ETA 0.3h)
  [1455/3000] internet-advertisements_s1_AxisAligned_d5: acc=0.955793 train=1.8s best=0.642µs (2.2s wall, ETA 0.3h)
  [1456/3000] internet-advertisements_s1_AxisAligned_d6: acc=0.964939 train=2.9s best=0.850µs (3.4s wall, ETA 0.3h)
  [1457/3000] internet-advertisements_s1_AxisAligned_d7: acc=0.966463 train=4.0s best=1.028µs (4.6s wall, ETA 0.3h)
  [1458/3000] internet-advertisements_s1_AxisAligned_d8: acc=0.971037 train=6.0s best=1.202µs (6.6s wall, ETA 0.3h)
  [1459/3000] internet-advertisements_s1_AxisAligned_d10: acc=0.97561 train=9.4s best=1.528µs (9.9s wall, ETA 0.3h)
  [1460/3000] internet-advertisements_s1_Oblique_d3: acc=0.966463 train=1.4s best=0.808µs (1.9s wall, ETA 0.3h)
  [1461/3000] internet-advertisements_s1_Oblique_d4: acc=0.974085 train=2.6s best=1.188µs (3.1s wall, ETA 0.3h)
  [1462/3000] internet-advertisements_s1_Oblique_d5: acc=0.97561 train=4.4s best=1.621µs (4.8s wall, ETA 0.3h)
  [1463/3000] internet-advertisements_s1_Oblique_d6: acc=0.974085 train=6.3s best=1.710µs (6.8s wall, ETA 0.3h)
  [1464/3000] internet-advertisements_s1_Oblique_d8: acc=0.972561 train=10.8s best=1.805µs (11.3s wall, ETA 0.3h)
  [1465/3000] internet-advertisements_s2_AxisAligned_d3: acc=0.948171 train=0.5s best=0.288µs (0.9s wall, ETA 0.3h)
  [1466/3000] internet-advertisements_s2_AxisAligned_d4: acc=0.955793 train=1.1s best=0.424µs (1.6s wall, ETA 0.3h)
  [1467/3000] internet-advertisements_s2_AxisAligned_d5: acc=0.957317 train=1.9s best=0.689µs (2.4s wall, ETA 0.3h)
  [1468/3000] internet-advertisements_s2_AxisAligned_d6: acc=0.967988 train=3.1s best=0.864µs (3.6s wall, ETA 0.3h)
  [1469/3000] internet-advertisements_s2_AxisAligned_d7: acc=0.969512 train=5.0s best=1.028µs (5.5s wall, ETA 0.3h)
  [1470/3000] internet-advertisements_s2_AxisAligned_d8: acc=0.97561 train=6.6s best=1.202µs (7.1s wall, ETA 0.3h)
  [1471/3000] internet-advertisements_s2_AxisAligned_d10: acc=0.97561 train=8.9s best=1.428µs (9.4s wall, ETA 0.3h)
  [1472/3000] internet-advertisements_s2_Oblique_d3: acc=0.980183 train=1.4s best=0.774µs (1.8s wall, ETA 0.3h)
  [1473/3000] internet-advertisements_s2_Oblique_d4: acc=0.980183 train=2.7s best=1.230µs (3.1s wall, ETA 0.3h)
  [1474/3000] internet-advertisements_s2_Oblique_d5: acc=0.978659 train=4.1s best=1.703µs (4.6s wall, ETA 0.3h)
  [1475/3000] internet-advertisements_s2_Oblique_d6: acc=0.980183 train=6.1s best=2.029µs (6.5s wall, ETA 0.3h)
  [1476/3000] internet-advertisements_s2_Oblique_d8: acc=0.978659 train=11.8s best=2.950µs (12.3s wall, ETA 0.3h)
  [1477/3000] internet-advertisements_s3_AxisAligned_d3: acc=0.949695 train=0.5s best=0.291µs (0.9s wall, ETA 0.3h)
  [1478/3000] internet-advertisements_s3_AxisAligned_d4: acc=0.960366 train=1.1s best=0.474µs (1.5s wall, ETA 0.3h)
  [1479/3000] internet-advertisements_s3_AxisAligned_d5: acc=0.963415 train=2.1s best=0.684µs (2.6s wall, ETA 0.3h)
  [1480/3000] internet-advertisements_s3_AxisAligned_d6: acc=0.969512 train=2.9s best=0.854µs (3.4s wall, ETA 0.3h)
  [1481/3000] internet-advertisements_s3_AxisAligned_d7: acc=0.966463 train=4.4s best=0.960µs (4.9s wall, ETA 0.3h)
  [1482/3000] internet-advertisements_s3_AxisAligned_d8: acc=0.972561 train=6.6s best=1.212µs (7.1s wall, ETA 0.3h)
  [1483/3000] internet-advertisements_s3_AxisAligned_d10: acc=0.977134 train=9.2s best=1.533µs (9.7s wall, ETA 0.3h)
  [1484/3000] internet-advertisements_s3_Oblique_d3: acc=0.969512 train=1.4s best=0.805µs (1.8s wall, ETA 0.3h)
  [1485/3000] internet-advertisements_s3_Oblique_d4: acc=0.974085 train=2.6s best=1.216µs (3.0s wall, ETA 0.3h)
  [1486/3000] internet-advertisements_s3_Oblique_d5: acc=0.97561 train=4.4s best=1.593µs (4.9s wall, ETA 0.3h)
  [1487/3000] internet-advertisements_s3_Oblique_d6: acc=0.972561 train=6.7s best=2.033µs (7.2s wall, ETA 0.3h)
  [1488/3000] internet-advertisements_s3_Oblique_d8: acc=0.971037 train=12.4s best=2.993µs (12.9s wall, ETA 0.4h)
  [1489/3000] internet-advertisements_s4_AxisAligned_d3: acc=0.939024 train=0.4s best=0.297µs (0.9s wall, ETA 0.4h)
  [1490/3000] internet-advertisements_s4_AxisAligned_d4: acc=0.951219 train=1.0s best=0.423µs (1.5s wall, ETA 0.4h)
  [1491/3000] internet-advertisements_s4_AxisAligned_d5: acc=0.957317 train=1.9s best=0.705µs (2.3s wall, ETA 0.4h)
  [1492/3000] internet-advertisements_s4_AxisAligned_d6: acc=0.963415 train=3.2s best=0.907µs (3.7s wall, ETA 0.4h)
  [1493/3000] internet-advertisements_s4_AxisAligned_d7: acc=0.966463 train=4.3s best=0.991µs (4.8s wall, ETA 0.4h)
  [1494/3000] internet-advertisements_s4_AxisAligned_d8: acc=0.969512 train=6.0s best=1.125µs (6.5s wall, ETA 0.4h)
  [1495/3000] internet-advertisements_s4_AxisAligned_d10: acc=0.967988 train=10.0s best=1.547µs (10.5s wall, ETA 0.4h)
  [1496/3000] internet-advertisements_s4_Oblique_d3: acc=0.967988 train=1.4s best=0.837µs (1.8s wall, ETA 0.4h)
  [1497/3000] internet-advertisements_s4_Oblique_d4: acc=0.966463 train=2.6s best=1.248µs (3.1s wall, ETA 0.4h)
  [1498/3000] internet-advertisements_s4_Oblique_d5: acc=0.971037 train=4.1s best=1.675µs (4.6s wall, ETA 0.4h)
  [1499/3000] internet-advertisements_s4_Oblique_d6: acc=0.971037 train=6.9s best=2.201µs (7.4s wall, ETA 0.4h)
  [1500/3000] internet-advertisements_s4_Oblique_d8: acc=0.972561 train=12.1s best=3.277µs (12.6s wall, ETA 0.4h)
  [1501/3000] internet-advertisements_s5_AxisAligned_d3: acc=0.911585 train=0.5s best=0.300µs (0.9s wall, ETA 0.4h)
  [1502/3000] internet-advertisements_s5_AxisAligned_d4: acc=0.929878 train=1.1s best=0.421µs (1.6s wall, ETA 0.4h)
  [1503/3000] internet-advertisements_s5_AxisAligned_d5: acc=0.943598 train=2.0s best=0.700µs (2.5s wall, ETA 0.4h)
  [1504/3000] internet-advertisements_s5_AxisAligned_d6: acc=0.957317 train=3.1s best=0.805µs (3.6s wall, ETA 0.4h)
  [1505/3000] internet-advertisements_s5_AxisAligned_d7: acc=0.954268 train=4.6s best=1.013µs (5.1s wall, ETA 0.4h)
  [1506/3000] internet-advertisements_s5_AxisAligned_d8: acc=0.952744 train=5.7s best=1.097µs (6.2s wall, ETA 0.4h)
  [1507/3000] internet-advertisements_s5_AxisAligned_d10: acc=0.966463 train=9.0s best=1.363µs (9.5s wall, ETA 0.4h)
  [1508/3000] internet-advertisements_s5_Oblique_d3: acc=0.960366 train=1.4s best=0.829µs (1.9s wall, ETA 0.4h)
  [1509/3000] internet-advertisements_s5_Oblique_d4: acc=0.967988 train=2.6s best=1.228µs (3.0s wall, ETA 0.4h)
  [1510/3000] internet-advertisements_s5_Oblique_d5: acc=0.971037 train=3.9s best=1.429µs (4.4s wall, ETA 0.4h)
  [1511/3000] internet-advertisements_s5_Oblique_d6: acc=0.969512 train=6.4s best=1.875µs (6.9s wall, ETA 0.4h)
  [1512/3000] internet-advertisements_s5_Oblique_d8: acc=0.969512 train=11.0s best=1.864µs (11.4s wall, ETA 0.4h)
  [1513/3000] internet-advertisements_s6_AxisAligned_d3: acc=0.935976 train=0.4s best=0.293µs (0.9s wall, ETA 0.4h)
  [1514/3000] internet-advertisements_s6_AxisAligned_d4: acc=0.945122 train=1.1s best=0.428µs (1.5s wall, ETA 0.4h)
  [1515/3000] internet-advertisements_s6_AxisAligned_d5: acc=0.955793 train=1.9s best=0.681µs (2.3s wall, ETA 0.4h)
  [1516/3000] internet-advertisements_s6_AxisAligned_d6: acc=0.957317 train=3.0s best=0.844µs (3.5s wall, ETA 0.4h)
  [1517/3000] internet-advertisements_s6_AxisAligned_d7: acc=0.955793 train=4.2s best=1.069µs (4.7s wall, ETA 0.4h)
  [1518/3000] internet-advertisements_s6_AxisAligned_d8: acc=0.964939 train=5.8s best=1.153µs (6.3s wall, ETA 0.4h)
  [1519/3000] internet-advertisements_s6_AxisAligned_d10: acc=0.974085 train=8.8s best=1.386µs (9.3s wall, ETA 0.4h)
  [1520/3000] internet-advertisements_s6_Oblique_d3: acc=0.971037 train=1.3s best=0.856µs (1.8s wall, ETA 0.4h)
  [1521/3000] internet-advertisements_s6_Oblique_d4: acc=0.972561 train=2.6s best=1.222µs (3.1s wall, ETA 0.4h)
  [1522/3000] internet-advertisements_s6_Oblique_d5: acc=0.97561 train=4.5s best=1.616µs (5.0s wall, ETA 0.4h)
  [1523/3000] internet-advertisements_s6_Oblique_d6: acc=0.969512 train=6.8s best=2.041µs (7.2s wall, ETA 0.4h)
  [1524/3000] internet-advertisements_s6_Oblique_d8: acc=0.971037 train=11.1s best=2.677µs (11.6s wall, ETA 0.4h)
  [1525/3000] internet-advertisements_s7_AxisAligned_d3: acc=0.934451 train=0.4s best=0.286µs (0.9s wall, ETA 0.4h)
  [1526/3000] internet-advertisements_s7_AxisAligned_d4: acc=0.9375 train=1.0s best=0.481µs (1.5s wall, ETA 0.4h)
  [1527/3000] internet-advertisements_s7_AxisAligned_d5: acc=0.949695 train=2.0s best=0.688µs (2.4s wall, ETA 0.4h)
  [1528/3000] internet-advertisements_s7_AxisAligned_d6: acc=0.964939 train=3.2s best=0.859µs (3.7s wall, ETA 0.4h)
  [1529/3000] internet-advertisements_s7_AxisAligned_d7: acc=0.967988 train=4.8s best=1.006µs (5.3s wall, ETA 0.4h)
  [1530/3000] internet-advertisements_s7_AxisAligned_d8: acc=0.969512 train=5.9s best=1.174µs (6.4s wall, ETA 0.4h)
  [1531/3000] internet-advertisements_s7_AxisAligned_d10: acc=0.972561 train=10.0s best=1.345µs (10.5s wall, ETA 0.4h)
  [1532/3000] internet-advertisements_s7_Oblique_d3: acc=0.97561 train=1.4s best=0.783µs (1.9s wall, ETA 0.4h)
  [1533/3000] internet-advertisements_s7_Oblique_d4: acc=0.978659 train=2.5s best=1.220µs (3.0s wall, ETA 0.4h)
  [1534/3000] internet-advertisements_s7_Oblique_d5: acc=0.978659 train=4.1s best=1.650µs (4.6s wall, ETA 0.4h)
  [1535/3000] internet-advertisements_s7_Oblique_d6: acc=0.977134 train=6.3s best=1.617µs (6.7s wall, ETA 0.4h)
  [1536/3000] internet-advertisements_s7_Oblique_d8: acc=0.97561 train=11.7s best=2.583µs (12.2s wall, ETA 0.4h)
  [1537/3000] internet-advertisements_s8_AxisAligned_d3: acc=0.935976 train=0.4s best=0.289µs (0.9s wall, ETA 0.4h)
  [1538/3000] internet-advertisements_s8_AxisAligned_d4: acc=0.9375 train=1.0s best=0.438µs (1.5s wall, ETA 0.4h)
  [1539/3000] internet-advertisements_s8_AxisAligned_d5: acc=0.952744 train=2.0s best=0.731µs (2.5s wall, ETA 0.4h)
  [1540/3000] internet-advertisements_s8_AxisAligned_d6: acc=0.952744 train=3.4s best=0.901µs (3.9s wall, ETA 0.4h)
  [1541/3000] internet-advertisements_s8_AxisAligned_d7: acc=0.96189 train=4.4s best=1.030µs (4.9s wall, ETA 0.4h)
  [1542/3000] internet-advertisements_s8_AxisAligned_d8: acc=0.96189 train=5.7s best=1.117µs (6.2s wall, ETA 0.4h)
  [1543/3000] internet-advertisements_s8_AxisAligned_d10: acc=0.966463 train=8.8s best=1.486µs (9.4s wall, ETA 0.4h)
  [1544/3000] internet-advertisements_s8_Oblique_d3: acc=0.966463 train=1.4s best=0.799µs (1.8s wall, ETA 0.4h)
  [1545/3000] internet-advertisements_s8_Oblique_d4: acc=0.971037 train=2.5s best=1.213µs (3.0s wall, ETA 0.4h)
  [1546/3000] internet-advertisements_s8_Oblique_d5: acc=0.977134 train=4.4s best=1.633µs (4.8s wall, ETA 0.4h)
  [1547/3000] internet-advertisements_s8_Oblique_d6: acc=0.97561 train=6.5s best=2.066µs (7.0s wall, ETA 0.4h)
  [1548/3000] internet-advertisements_s8_Oblique_d8: acc=0.978659 train=11.8s best=3.121µs (12.3s wall, ETA 0.4h)
  [1549/3000] internet-advertisements_s9_AxisAligned_d3: acc=0.928354 train=0.4s best=0.296µs (0.9s wall, ETA 0.4h)
  [1550/3000] internet-advertisements_s9_AxisAligned_d4: acc=0.9375 train=1.1s best=0.470µs (1.6s wall, ETA 0.4h)
  [1551/3000] internet-advertisements_s9_AxisAligned_d5: acc=0.949695 train=1.8s best=0.701µs (2.2s wall, ETA 0.4h)
  [1552/3000] internet-advertisements_s9_AxisAligned_d6: acc=0.957317 train=2.8s best=0.875µs (3.3s wall, ETA 0.4h)
  [1553/3000] internet-advertisements_s9_AxisAligned_d7: acc=0.964939 train=4.4s best=1.013µs (4.9s wall, ETA 0.4h)
  [1554/3000] internet-advertisements_s9_AxisAligned_d8: acc=0.969512 train=5.9s best=1.192µs (6.5s wall, ETA 0.4h)
  [1555/3000] internet-advertisements_s9_AxisAligned_d10: acc=0.972561 train=9.6s best=1.457µs (10.1s wall, ETA 0.4h)
  [1556/3000] internet-advertisements_s9_Oblique_d3: acc=0.969512 train=1.4s best=0.835µs (1.9s wall, ETA 0.4h)
  [1557/3000] internet-advertisements_s9_Oblique_d4: acc=0.971037 train=2.5s best=1.247µs (3.0s wall, ETA 0.4h)
  [1558/3000] internet-advertisements_s9_Oblique_d5: acc=0.972561 train=4.2s best=1.588µs (4.7s wall, ETA 0.4h)
  [1559/3000] internet-advertisements_s9_Oblique_d6: acc=0.969512 train=6.1s best=2.192µs (6.6s wall, ETA 0.4h)
  [1560/3000] internet-advertisements_s9_Oblique_d8: acc=0.964939 train=10.4s best=1.761µs (10.9s wall, ETA 0.4h)

=== Dataset bioresponse (id=4134) shape=(3751, 1777) ===
  [1561/3000] bioresponse_s0_AxisAligned_d3: acc=0.773635 train=1.4s best=0.668µs (2.1s wall, ETA 0.4h)
  [1562/3000] bioresponse_s0_AxisAligned_d4: acc=0.773635 train=2.8s best=1.669µs (3.6s wall, ETA 0.4h)
  [1563/3000] bioresponse_s0_AxisAligned_d5: acc=0.77763 train=5.0s best=2.743µs (5.8s wall, ETA 0.4h)
  [1564/3000] bioresponse_s0_AxisAligned_d6: acc=0.786951 train=9.0s best=3.596µs (9.9s wall, ETA 0.4h)
  [1565/3000] bioresponse_s0_AxisAligned_d7: acc=0.785619 train=14.2s best=2.578µs (15.1s wall, ETA 0.4h)
  [1566/3000] bioresponse_s0_AxisAligned_d8: acc=0.788282 train=17.9s best=1.866µs (18.7s wall, ETA 0.4h)
  [1567/3000] bioresponse_s0_AxisAligned_d10: acc=0.788282 train=39.5s best=2.912µs (40.3s wall, ETA 0.4h)
  [1568/3000] bioresponse_s0_Oblique_d3: acc=0.776298 train=2.1s best=1.847µs (2.9s wall, ETA 0.4h)
  [1569/3000] bioresponse_s0_Oblique_d4: acc=0.782956 train=3.9s best=3.066µs (4.7s wall, ETA 0.4h)
  [1570/3000] bioresponse_s0_Oblique_d5: acc=0.800266 train=7.0s best=4.527µs (7.9s wall, ETA 0.4h)
  [1571/3000] bioresponse_s0_Oblique_d6: acc=0.790945 train=11.9s best=5.767µs (12.7s wall, ETA 0.4h)
  [1572/3000] bioresponse_s0_Oblique_d8: acc=0.796272 train=29.3s best=5.454µs (30.1s wall, ETA 0.4h)
  [1573/3000] bioresponse_s1_AxisAligned_d3: acc=0.770972 train=1.3s best=0.489µs (1.9s wall, ETA 0.4h)
  [1574/3000] bioresponse_s1_AxisAligned_d4: acc=0.781624 train=2.5s best=1.380µs (3.2s wall, ETA 0.4h)
  [1575/3000] bioresponse_s1_AxisAligned_d5: acc=0.796272 train=4.7s best=2.040µs (5.4s wall, ETA 0.4h)
  [1576/3000] bioresponse_s1_AxisAligned_d6: acc=0.793609 train=6.5s best=1.192µs (7.2s wall, ETA 0.4h)
  [1577/3000] bioresponse_s1_AxisAligned_d7: acc=0.804261 train=12.4s best=1.832µs (13.1s wall, ETA 0.4h)
  [1578/3000] bioresponse_s1_AxisAligned_d8: acc=0.800266 train=18.1s best=1.456µs (18.9s wall, ETA 0.5h)
  [1579/3000] bioresponse_s1_AxisAligned_d10: acc=0.792277 train=29.5s best=1.546µs (30.3s wall, ETA 0.5h)
  [1580/3000] bioresponse_s1_Oblique_d3: acc=0.784288 train=2.2s best=1.815µs (2.9s wall, ETA 0.5h)
  [1581/3000] bioresponse_s1_Oblique_d4: acc=0.800266 train=3.8s best=3.002µs (4.6s wall, ETA 0.5h)
  [1582/3000] bioresponse_s1_Oblique_d5: acc=0.788282 train=6.2s best=2.490µs (7.0s wall, ETA 0.5h)
  [1583/3000] bioresponse_s1_Oblique_d6: acc=0.806924 train=13.1s best=6.702µs (13.9s wall, ETA 0.5h)
  [1584/3000] bioresponse_s1_Oblique_d8: acc=0.804261 train=23.5s best=4.421µs (24.4s wall, ETA 0.5h)
  [1585/3000] bioresponse_s2_AxisAligned_d3: acc=0.790945 train=1.3s best=0.646µs (2.1s wall, ETA 0.5h)
  [1586/3000] bioresponse_s2_AxisAligned_d4: acc=0.809587 train=2.7s best=1.638µs (3.4s wall, ETA 0.5h)
  [1587/3000] bioresponse_s2_AxisAligned_d5: acc=0.81225 train=5.2s best=2.707µs (6.0s wall, ETA 0.5h)
  [1588/3000] bioresponse_s2_AxisAligned_d6: acc=0.814913 train=9.3s best=3.588µs (10.1s wall, ETA 0.5h)
  [1589/3000] bioresponse_s2_AxisAligned_d7: acc=0.818908 train=17.5s best=3.029µs (18.3s wall, ETA 0.5h)
  [1590/3000] bioresponse_s2_AxisAligned_d8: acc=0.798935 train=19.0s best=2.057µs (19.7s wall, ETA 0.5h)
  [1591/3000] bioresponse_s2_AxisAligned_d10: acc=0.789614 train=41.4s best=2.318µs (42.2s wall, ETA 0.5h)
  [1592/3000] bioresponse_s2_Oblique_d3: acc=0.802929 train=2.1s best=1.825µs (2.9s wall, ETA 0.5h)
  [1593/3000] bioresponse_s2_Oblique_d4: acc=0.818908 train=3.9s best=2.994µs (4.7s wall, ETA 0.5h)
  [1594/3000] bioresponse_s2_Oblique_d5: acc=0.804261 train=6.8s best=4.878µs (7.6s wall, ETA 0.5h)
  [1595/3000] bioresponse_s2_Oblique_d6: acc=0.802929 train=11.5s best=4.183µs (12.3s wall, ETA 0.5h)
  [1596/3000] bioresponse_s2_Oblique_d8: acc=0.81225 train=30.4s best=6.771µs (31.3s wall, ETA 0.5h)
  [1597/3000] bioresponse_s3_AxisAligned_d3: acc=0.76032 train=1.4s best=0.670µs (2.1s wall, ETA 0.5h)
  [1598/3000] bioresponse_s3_AxisAligned_d4: acc=0.774967 train=2.6s best=1.566µs (3.4s wall, ETA 0.5h)
  [1599/3000] bioresponse_s3_AxisAligned_d5: acc=0.780293 train=5.4s best=2.701µs (6.2s wall, ETA 0.5h)
  [1600/3000] bioresponse_s3_AxisAligned_d6: acc=0.790945 train=9.6s best=2.622µs (10.4s wall, ETA 0.5h)
  [1601/3000] bioresponse_s3_AxisAligned_d7: acc=0.788282 train=15.1s best=3.119µs (16.0s wall, ETA 0.5h)
  [1602/3000] bioresponse_s3_AxisAligned_d8: acc=0.776298 train=17.9s best=1.991µs (18.7s wall, ETA 0.5h)
  [1603/3000] bioresponse_s3_AxisAligned_d10: acc=0.792277 train=36.6s best=2.251µs (37.4s wall, ETA 0.5h)
  [1604/3000] bioresponse_s3_Oblique_d3: acc=0.776298 train=2.1s best=1.839µs (2.9s wall, ETA 0.5h)
  [1605/3000] bioresponse_s3_Oblique_d4: acc=0.784288 train=4.1s best=3.158µs (4.9s wall, ETA 0.5h)
  [1606/3000] bioresponse_s3_Oblique_d5: acc=0.782956 train=6.8s best=4.883µs (7.6s wall, ETA 0.5h)
  [1607/3000] bioresponse_s3_Oblique_d6: acc=0.781624 train=12.3s best=6.021µs (13.1s wall, ETA 0.5h)
  [1608/3000] bioresponse_s3_Oblique_d8: acc=0.766977 train=21.0s best=2.800µs (21.8s wall, ETA 0.5h)
  [1609/3000] bioresponse_s4_AxisAligned_d3: acc=0.788282 train=1.4s best=0.588µs (2.1s wall, ETA 0.5h)
  [1610/3000] bioresponse_s4_AxisAligned_d4: acc=0.786951 train=2.8s best=1.569µs (3.6s wall, ETA 0.5h)
  [1611/3000] bioresponse_s4_AxisAligned_d5: acc=0.79494 train=5.4s best=2.822µs (6.2s wall, ETA 0.5h)
  [1612/3000] bioresponse_s4_AxisAligned_d6: acc=0.796272 train=7.6s best=1.874µs (8.4s wall, ETA 0.5h)
  [1613/3000] bioresponse_s4_AxisAligned_d7: acc=0.798935 train=14.4s best=2.321µs (15.3s wall, ETA 0.5h)
  [1614/3000] bioresponse_s4_AxisAligned_d8: acc=0.806924 train=24.1s best=2.985µs (24.9s wall, ETA 0.5h)
  [1615/3000] bioresponse_s4_AxisAligned_d10: acc=0.806924 train=35.4s best=2.173µs (36.2s wall, ETA 0.5h)
  [1616/3000] bioresponse_s4_Oblique_d3: acc=0.784288 train=2.0s best=1.783µs (2.8s wall, ETA 0.5h)
  [1617/3000] bioresponse_s4_Oblique_d4: acc=0.785619 train=3.8s best=3.123µs (4.6s wall, ETA 0.5h)
  [1618/3000] bioresponse_s4_Oblique_d5: acc=0.800266 train=7.0s best=4.139µs (7.9s wall, ETA 0.5h)
  [1619/3000] bioresponse_s4_Oblique_d6: acc=0.793609 train=12.2s best=6.885µs (13.0s wall, ETA 0.5h)
  [1620/3000] bioresponse_s4_Oblique_d8: acc=0.806924 train=23.9s best=4.123µs (24.7s wall, ETA 0.6h)
  [1621/3000] bioresponse_s5_AxisAligned_d3: acc=0.770972 train=1.4s best=0.648µs (2.2s wall, ETA 0.6h)
  [1622/3000] bioresponse_s5_AxisAligned_d4: acc=0.774967 train=2.6s best=1.550µs (3.4s wall, ETA 0.6h)
  [1623/3000] bioresponse_s5_AxisAligned_d5: acc=0.782956 train=4.8s best=2.257µs (5.6s wall, ETA 0.6h)
  [1624/3000] bioresponse_s5_AxisAligned_d6: acc=0.785619 train=8.4s best=2.170µs (9.2s wall, ETA 0.6h)
  [1625/3000] bioresponse_s5_AxisAligned_d7: acc=0.77763 train=13.9s best=2.255µs (14.7s wall, ETA 0.6h)
  [1626/3000] bioresponse_s5_AxisAligned_d8: acc=0.790945 train=19.0s best=2.108µs (19.8s wall, ETA 0.6h)
  [1627/3000] bioresponse_s5_AxisAligned_d10: acc=0.792277 train=32.1s best=1.641µs (32.9s wall, ETA 0.6h)
  [1628/3000] bioresponse_s5_Oblique_d3: acc=0.780293 train=2.1s best=1.715µs (2.9s wall, ETA 0.6h)
  [1629/3000] bioresponse_s5_Oblique_d4: acc=0.800266 train=3.9s best=3.028µs (4.7s wall, ETA 0.6h)
  [1630/3000] bioresponse_s5_Oblique_d5: acc=0.796272 train=6.8s best=4.638µs (7.6s wall, ETA 0.6h)
  [1631/3000] bioresponse_s5_Oblique_d6: acc=0.796272 train=11.8s best=4.681µs (12.6s wall, ETA 0.6h)
  [1632/3000] bioresponse_s5_Oblique_d8: acc=0.804261 train=21.7s best=3.268µs (22.5s wall, ETA 0.6h)
  [1633/3000] bioresponse_s6_AxisAligned_d3: acc=0.745672 train=1.4s best=0.621µs (2.1s wall, ETA 0.6h)
  [1634/3000] bioresponse_s6_AxisAligned_d4: acc=0.762983 train=2.7s best=1.617µs (3.5s wall, ETA 0.6h)
  [1635/3000] bioresponse_s6_AxisAligned_d5: acc=0.776298 train=5.2s best=2.782µs (6.0s wall, ETA 0.6h)
  [1636/3000] bioresponse_s6_AxisAligned_d6: acc=0.786951 train=9.9s best=3.131µs (10.7s wall, ETA 0.6h)
  [1637/3000] bioresponse_s6_AxisAligned_d7: acc=0.778961 train=15.8s best=3.277µs (16.6s wall, ETA 0.6h)
  [1638/3000] bioresponse_s6_AxisAligned_d8: acc=0.770972 train=17.3s best=1.933µs (18.1s wall, ETA 0.6h)
  [1639/3000] bioresponse_s6_AxisAligned_d10: acc=0.784288 train=37.5s best=2.701µs (38.3s wall, ETA 0.6h)
  [1640/3000] bioresponse_s6_Oblique_d3: acc=0.758988 train=2.1s best=1.873µs (2.9s wall, ETA 0.6h)
  [1641/3000] bioresponse_s6_Oblique_d4: acc=0.774967 train=4.0s best=3.057µs (4.8s wall, ETA 0.6h)
  [1642/3000] bioresponse_s6_Oblique_d5: acc=0.780293 train=6.9s best=4.866µs (7.7s wall, ETA 0.6h)
  [1643/3000] bioresponse_s6_Oblique_d6: acc=0.798935 train=12.0s best=5.256µs (12.8s wall, ETA 0.6h)
  [1644/3000] bioresponse_s6_Oblique_d8: acc=0.806924 train=31.1s best=7.895µs (31.9s wall, ETA 0.6h)
  [1645/3000] bioresponse_s7_AxisAligned_d3: acc=0.766977 train=1.4s best=0.540µs (2.1s wall, ETA 0.6h)
  [1646/3000] bioresponse_s7_AxisAligned_d4: acc=0.781624 train=2.6s best=1.596µs (3.4s wall, ETA 0.6h)
  [1647/3000] bioresponse_s7_AxisAligned_d5: acc=0.782956 train=5.1s best=2.657µs (5.9s wall, ETA 0.6h)
  [1648/3000] bioresponse_s7_AxisAligned_d6: acc=0.790945 train=9.6s best=3.682µs (10.4s wall, ETA 0.6h)
  [1649/3000] bioresponse_s7_AxisAligned_d7: acc=0.772304 train=13.1s best=2.010µs (13.9s wall, ETA 0.6h)
  [1650/3000] bioresponse_s7_AxisAligned_d8: acc=0.784288 train=20.2s best=2.026µs (21.0s wall, ETA 0.6h)
  [1651/3000] bioresponse_s7_AxisAligned_d10: acc=0.784288 train=33.5s best=1.937µs (34.3s wall, ETA 0.6h)
  [1652/3000] bioresponse_s7_Oblique_d3: acc=0.774967 train=2.1s best=1.829µs (2.8s wall, ETA 0.6h)
  [1653/3000] bioresponse_s7_Oblique_d4: acc=0.782956 train=4.1s best=3.053µs (4.9s wall, ETA 0.6h)
  [1654/3000] bioresponse_s7_Oblique_d5: acc=0.800266 train=7.1s best=4.538µs (7.9s wall, ETA 0.6h)
  [1655/3000] bioresponse_s7_Oblique_d6: acc=0.789614 train=10.6s best=3.602µs (11.4s wall, ETA 0.6h)
  [1656/3000] bioresponse_s7_Oblique_d8: acc=0.790945 train=21.5s best=3.749µs (22.3s wall, ETA 0.6h)
  [1657/3000] bioresponse_s8_AxisAligned_d3: acc=0.774967 train=1.4s best=0.633µs (2.2s wall, ETA 0.6h)
  [1658/3000] bioresponse_s8_AxisAligned_d4: acc=0.782956 train=2.6s best=1.052µs (3.3s wall, ETA 0.6h)
  [1659/3000] bioresponse_s8_AxisAligned_d5: acc=0.778961 train=5.0s best=2.241µs (5.8s wall, ETA 0.6h)
  [1660/3000] bioresponse_s8_AxisAligned_d6: acc=0.772304 train=6.7s best=1.402µs (7.5s wall, ETA 0.6h)
  [1661/3000] bioresponse_s8_AxisAligned_d7: acc=0.778961 train=13.9s best=2.531µs (14.7s wall, ETA 0.6h)
  [1662/3000] bioresponse_s8_AxisAligned_d8: acc=0.786951 train=17.0s best=1.661µs (17.8s wall, ETA 0.6h)
  [1663/3000] bioresponse_s8_AxisAligned_d10: acc=0.790945 train=32.1s best=1.797µs (32.9s wall, ETA 0.6h)
  [1664/3000] bioresponse_s8_Oblique_d3: acc=0.784288 train=2.1s best=1.738µs (2.9s wall, ETA 0.6h)
  [1665/3000] bioresponse_s8_Oblique_d4: acc=0.786951 train=3.8s best=3.047µs (4.6s wall, ETA 0.6h)
  [1666/3000] bioresponse_s8_Oblique_d5: acc=0.786951 train=7.2s best=4.205µs (8.0s wall, ETA 0.6h)
  [1667/3000] bioresponse_s8_Oblique_d6: acc=0.782956 train=11.2s best=3.763µs (12.0s wall, ETA 0.6h)
  [1668/3000] bioresponse_s8_Oblique_d8: acc=0.800266 train=24.8s best=4.992µs (25.7s wall, ETA 0.6h)
  [1669/3000] bioresponse_s9_AxisAligned_d3: acc=0.793609 train=1.4s best=0.667µs (2.1s wall, ETA 0.6h)
  [1670/3000] bioresponse_s9_AxisAligned_d4: acc=0.788282 train=2.7s best=1.673µs (3.4s wall, ETA 0.6h)
  [1671/3000] bioresponse_s9_AxisAligned_d5: acc=0.793609 train=5.2s best=2.888µs (6.0s wall, ETA 0.6h)
  [1672/3000] bioresponse_s9_AxisAligned_d6: acc=0.806924 train=9.3s best=3.665µs (10.2s wall, ETA 0.6h)
  [1673/3000] bioresponse_s9_AxisAligned_d7: acc=0.814913 train=15.6s best=4.559µs (16.5s wall, ETA 0.7h)
  [1674/3000] bioresponse_s9_AxisAligned_d8: acc=0.796272 train=28.4s best=5.428µs (29.2s wall, ETA 0.7h)
  [1675/3000] bioresponse_s9_AxisAligned_d10: acc=0.806924 train=41.1s best=2.900µs (41.9s wall, ETA 0.7h)
  [1676/3000] bioresponse_s9_Oblique_d3: acc=0.793609 train=2.1s best=1.819µs (2.9s wall, ETA 0.7h)
  [1677/3000] bioresponse_s9_Oblique_d4: acc=0.800266 train=3.8s best=3.091µs (4.6s wall, ETA 0.7h)
  [1678/3000] bioresponse_s9_Oblique_d5: acc=0.810919 train=6.8s best=4.731µs (7.7s wall, ETA 0.7h)
  [1679/3000] bioresponse_s9_Oblique_d6: acc=0.797603 train=11.6s best=6.133µs (12.5s wall, ETA 0.7h)
  [1680/3000] bioresponse_s9_Oblique_d8: acc=0.808256 train=31.9s best=11.259µs (32.8s wall, ETA 0.7h)

=== Dataset spambase (id=44) shape=(4601, 58) ===
  [1681/3000] spambase_s0_AxisAligned_d3: acc=0.942454 train=0.1s best=0.212µs (0.3s wall, ETA 0.7h)
  [1682/3000] spambase_s0_AxisAligned_d4: acc=0.947883 train=0.2s best=0.347µs (0.4s wall, ETA 0.7h)
  [1683/3000] spambase_s0_AxisAligned_d5: acc=0.950054 train=0.4s best=0.464µs (0.6s wall, ETA 0.7h)
  [1684/3000] spambase_s0_AxisAligned_d6: acc=0.95114 train=0.5s best=0.627µs (0.8s wall, ETA 0.7h)
  [1685/3000] spambase_s0_AxisAligned_d7: acc=0.954397 train=0.8s best=0.823µs (1.0s wall, ETA 0.7h)
  [1686/3000] spambase_s0_AxisAligned_d8: acc=0.954397 train=1.1s best=1.950µs (1.3s wall, ETA 0.7h)
  [1687/3000] spambase_s0_AxisAligned_d10: acc=0.957655 train=1.7s best=2.607µs (2.0s wall, ETA 0.7h)
  [1688/3000] spambase_s0_Oblique_d3: acc=0.953312 train=0.9s best=1.786µs (1.1s wall, ETA 0.7h)
  [1689/3000] spambase_s0_Oblique_d4: acc=0.954397 train=1.4s best=2.810µs (1.6s wall, ETA 0.7h)
  [1690/3000] spambase_s0_Oblique_d5: acc=0.961998 train=1.9s best=4.003µs (2.2s wall, ETA 0.7h)
  [1691/3000] spambase_s0_Oblique_d6: acc=0.956569 train=2.7s best=6.050µs (3.0s wall, ETA 0.7h)
  [1692/3000] spambase_s0_Oblique_d8: acc=0.963084 train=3.9s best=5.059µs (4.1s wall, ETA 0.7h)
  [1693/3000] spambase_s1_AxisAligned_d3: acc=0.935939 train=0.1s best=0.226µs (0.3s wall, ETA 0.7h)
  [1694/3000] spambase_s1_AxisAligned_d4: acc=0.940282 train=0.2s best=0.331µs (0.4s wall, ETA 0.7h)
  [1695/3000] spambase_s1_AxisAligned_d5: acc=0.934853 train=0.4s best=0.468µs (0.6s wall, ETA 0.7h)
  [1696/3000] spambase_s1_AxisAligned_d6: acc=0.940282 train=0.5s best=0.599µs (0.7s wall, ETA 0.7h)
  [1697/3000] spambase_s1_AxisAligned_d7: acc=0.939197 train=0.8s best=0.784µs (1.0s wall, ETA 0.7h)
  [1698/3000] spambase_s1_AxisAligned_d8: acc=0.939197 train=1.1s best=1.039µs (1.3s wall, ETA 0.7h)
  [1699/3000] spambase_s1_AxisAligned_d10: acc=0.938111 train=1.8s best=2.598µs (2.0s wall, ETA 0.7h)
  [1700/3000] spambase_s1_Oblique_d3: acc=0.944625 train=1.0s best=1.786µs (1.1s wall, ETA 0.7h)
  [1701/3000] spambase_s1_Oblique_d4: acc=0.952226 train=1.5s best=2.821µs (1.7s wall, ETA 0.7h)
  [1702/3000] spambase_s1_Oblique_d5: acc=0.947883 train=2.1s best=3.900µs (2.3s wall, ETA 0.7h)
  [1703/3000] spambase_s1_Oblique_d6: acc=0.947883 train=2.7s best=5.451µs (3.0s wall, ETA 0.7h)
  [1704/3000] spambase_s1_Oblique_d8: acc=0.947883 train=4.3s best=6.384µs (4.6s wall, ETA 0.7h)
  [1705/3000] spambase_s2_AxisAligned_d3: acc=0.939197 train=0.1s best=0.213µs (0.3s wall, ETA 0.7h)
  [1706/3000] spambase_s2_AxisAligned_d4: acc=0.938111 train=0.2s best=0.342µs (0.4s wall, ETA 0.7h)
  [1707/3000] spambase_s2_AxisAligned_d5: acc=0.934853 train=0.4s best=0.506µs (0.6s wall, ETA 0.7h)
  [1708/3000] spambase_s2_AxisAligned_d6: acc=0.940282 train=0.6s best=0.683µs (0.8s wall, ETA 0.7h)
  [1709/3000] spambase_s2_AxisAligned_d7: acc=0.941368 train=0.8s best=0.837µs (1.1s wall, ETA 0.7h)
  [1710/3000] spambase_s2_AxisAligned_d8: acc=0.942454 train=1.1s best=1.101µs (1.4s wall, ETA 0.7h)
  [1711/3000] spambase_s2_AxisAligned_d10: acc=0.941368 train=1.9s best=1.763µs (2.1s wall, ETA 0.7h)
  [1712/3000] spambase_s2_Oblique_d3: acc=0.940282 train=0.9s best=1.758µs (1.1s wall, ETA 0.7h)
  [1713/3000] spambase_s2_Oblique_d4: acc=0.940282 train=1.4s best=2.745µs (1.6s wall, ETA 0.7h)
  [1714/3000] spambase_s2_Oblique_d5: acc=0.942454 train=2.0s best=3.291µs (2.2s wall, ETA 0.7h)
  [1715/3000] spambase_s2_Oblique_d6: acc=0.946797 train=2.7s best=4.989µs (2.9s wall, ETA 0.7h)
  [1716/3000] spambase_s2_Oblique_d8: acc=0.937025 train=3.1s best=2.798µs (3.3s wall, ETA 0.7h)
  [1717/3000] spambase_s3_AxisAligned_d3: acc=0.937025 train=0.1s best=0.227µs (0.3s wall, ETA 0.7h)
  [1718/3000] spambase_s3_AxisAligned_d4: acc=0.941368 train=0.2s best=0.337µs (0.4s wall, ETA 0.7h)
  [1719/3000] spambase_s3_AxisAligned_d5: acc=0.944625 train=0.4s best=0.452µs (0.6s wall, ETA 0.7h)
  [1720/3000] spambase_s3_AxisAligned_d6: acc=0.942454 train=0.5s best=0.600µs (0.7s wall, ETA 0.7h)
  [1721/3000] spambase_s3_AxisAligned_d7: acc=0.944625 train=0.8s best=0.827µs (1.0s wall, ETA 0.7h)
  [1722/3000] spambase_s3_AxisAligned_d8: acc=0.944625 train=1.0s best=0.916µs (1.3s wall, ETA 0.6h)
  [1723/3000] spambase_s3_AxisAligned_d10: acc=0.94354 train=1.7s best=1.635µs (1.9s wall, ETA 0.6h)
  [1724/3000] spambase_s3_Oblique_d3: acc=0.937025 train=0.9s best=1.786µs (1.1s wall, ETA 0.6h)
  [1725/3000] spambase_s3_Oblique_d4: acc=0.945711 train=1.4s best=2.754µs (1.6s wall, ETA 0.6h)
  [1726/3000] spambase_s3_Oblique_d5: acc=0.944625 train=1.9s best=4.204µs (2.2s wall, ETA 0.6h)
  [1727/3000] spambase_s3_Oblique_d6: acc=0.953312 train=2.6s best=5.127µs (2.8s wall, ETA 0.6h)
  [1728/3000] spambase_s3_Oblique_d8: acc=0.947883 train=3.6s best=4.609µs (3.9s wall, ETA 0.6h)
  [1729/3000] spambase_s4_AxisAligned_d3: acc=0.939197 train=0.1s best=0.214µs (0.3s wall, ETA 0.6h)
  [1730/3000] spambase_s4_AxisAligned_d4: acc=0.940282 train=0.2s best=0.327µs (0.4s wall, ETA 0.6h)
  [1731/3000] spambase_s4_AxisAligned_d5: acc=0.948969 train=0.4s best=0.443µs (0.6s wall, ETA 0.6h)
  [1732/3000] spambase_s4_AxisAligned_d6: acc=0.944625 train=0.5s best=0.532µs (0.7s wall, ETA 0.6h)
  [1733/3000] spambase_s4_AxisAligned_d7: acc=0.95114 train=0.7s best=0.775µs (1.0s wall, ETA 0.6h)
  [1734/3000] spambase_s4_AxisAligned_d8: acc=0.947883 train=0.9s best=0.987µs (1.1s wall, ETA 0.6h)
  [1735/3000] spambase_s4_AxisAligned_d10: acc=0.94354 train=1.6s best=1.090µs (1.8s wall, ETA 0.6h)
  [1736/3000] spambase_s4_Oblique_d3: acc=0.944625 train=0.9s best=1.725µs (1.1s wall, ETA 0.6h)
  [1737/3000] spambase_s4_Oblique_d4: acc=0.95114 train=1.4s best=2.781µs (1.6s wall, ETA 0.6h)
  [1738/3000] spambase_s4_Oblique_d5: acc=0.955483 train=1.9s best=3.619µs (2.1s wall, ETA 0.6h)
  [1739/3000] spambase_s4_Oblique_d6: acc=0.95114 train=2.6s best=4.337µs (2.9s wall, ETA 0.6h)
  [1740/3000] spambase_s4_Oblique_d8: acc=0.950054 train=3.2s best=3.271µs (3.4s wall, ETA 0.6h)
  [1741/3000] spambase_s5_AxisAligned_d3: acc=0.942454 train=0.1s best=0.216µs (0.3s wall, ETA 0.6h)
  [1742/3000] spambase_s5_AxisAligned_d4: acc=0.944625 train=0.2s best=0.321µs (0.4s wall, ETA 0.6h)
  [1743/3000] spambase_s5_AxisAligned_d5: acc=0.948969 train=0.3s best=0.452µs (0.5s wall, ETA 0.6h)
  [1744/3000] spambase_s5_AxisAligned_d6: acc=0.950054 train=0.5s best=0.621µs (0.7s wall, ETA 0.6h)
  [1745/3000] spambase_s5_AxisAligned_d7: acc=0.956569 train=0.8s best=0.713µs (1.0s wall, ETA 0.6h)
  [1746/3000] spambase_s5_AxisAligned_d8: acc=0.947883 train=1.0s best=1.753µs (1.3s wall, ETA 0.6h)
  [1747/3000] spambase_s5_AxisAligned_d10: acc=0.959826 train=1.8s best=2.383µs (2.1s wall, ETA 0.6h)
  [1748/3000] spambase_s5_Oblique_d3: acc=0.950054 train=0.9s best=1.769µs (1.1s wall, ETA 0.6h)
  [1749/3000] spambase_s5_Oblique_d4: acc=0.959826 train=1.4s best=2.696µs (1.6s wall, ETA 0.6h)
  [1750/3000] spambase_s5_Oblique_d5: acc=0.954397 train=1.9s best=4.068µs (2.2s wall, ETA 0.6h)
  [1751/3000] spambase_s5_Oblique_d6: acc=0.957655 train=2.6s best=5.147µs (2.9s wall, ETA 0.6h)
  [1752/3000] spambase_s5_Oblique_d8: acc=0.95874 train=4.3s best=8.648µs (4.6s wall, ETA 0.6h)
  [1753/3000] spambase_s6_AxisAligned_d3: acc=0.944625 train=0.1s best=0.214µs (0.3s wall, ETA 0.6h)
  [1754/3000] spambase_s6_AxisAligned_d4: acc=0.946797 train=0.2s best=0.335µs (0.4s wall, ETA 0.6h)
  [1755/3000] spambase_s6_AxisAligned_d5: acc=0.94354 train=0.4s best=0.463µs (0.6s wall, ETA 0.6h)
  [1756/3000] spambase_s6_AxisAligned_d6: acc=0.947883 train=0.5s best=0.610µs (0.8s wall, ETA 0.6h)
  [1757/3000] spambase_s6_AxisAligned_d7: acc=0.950054 train=0.8s best=0.761µs (1.0s wall, ETA 0.6h)
  [1758/3000] spambase_s6_AxisAligned_d8: acc=0.952226 train=1.1s best=1.768µs (1.3s wall, ETA 0.6h)
  [1759/3000] spambase_s6_AxisAligned_d10: acc=0.945711 train=1.7s best=2.575µs (2.0s wall, ETA 0.6h)
  [1760/3000] spambase_s6_Oblique_d3: acc=0.946797 train=0.9s best=1.780µs (1.1s wall, ETA 0.6h)
  [1761/3000] spambase_s6_Oblique_d4: acc=0.953312 train=1.4s best=2.826µs (1.6s wall, ETA 0.6h)
  [1762/3000] spambase_s6_Oblique_d5: acc=0.947883 train=1.9s best=4.253µs (2.2s wall, ETA 0.6h)
  [1763/3000] spambase_s6_Oblique_d6: acc=0.95114 train=2.6s best=5.319µs (2.9s wall, ETA 0.6h)
  [1764/3000] spambase_s6_Oblique_d8: acc=0.954397 train=4.4s best=9.462µs (4.7s wall, ETA 0.6h)
  [1765/3000] spambase_s7_AxisAligned_d3: acc=0.931596 train=0.1s best=0.223µs (0.3s wall, ETA 0.6h)
  [1766/3000] spambase_s7_AxisAligned_d4: acc=0.939197 train=0.2s best=0.351µs (0.4s wall, ETA 0.6h)
  [1767/3000] spambase_s7_AxisAligned_d5: acc=0.944625 train=0.4s best=0.480µs (0.6s wall, ETA 0.6h)
  [1768/3000] spambase_s7_AxisAligned_d6: acc=0.939197 train=0.5s best=0.601µs (0.7s wall, ETA 0.6h)
  [1769/3000] spambase_s7_AxisAligned_d7: acc=0.942454 train=0.7s best=0.801µs (1.0s wall, ETA 0.6h)
  [1770/3000] spambase_s7_AxisAligned_d8: acc=0.944625 train=1.0s best=1.702µs (1.3s wall, ETA 0.6h)
  [1771/3000] spambase_s7_AxisAligned_d10: acc=0.944625 train=1.7s best=1.885µs (2.0s wall, ETA 0.6h)
  [1772/3000] spambase_s7_Oblique_d3: acc=0.945711 train=0.9s best=1.823µs (1.1s wall, ETA 0.6h)
  [1773/3000] spambase_s7_Oblique_d4: acc=0.946797 train=1.4s best=2.647µs (1.6s wall, ETA 0.6h)
  [1774/3000] spambase_s7_Oblique_d5: acc=0.954397 train=2.0s best=4.132µs (2.2s wall, ETA 0.6h)
  [1775/3000] spambase_s7_Oblique_d6: acc=0.948969 train=2.7s best=5.957µs (2.9s wall, ETA 0.6h)
  [1776/3000] spambase_s7_Oblique_d8: acc=0.954397 train=4.1s best=5.788µs (4.4s wall, ETA 0.6h)
  [1777/3000] spambase_s8_AxisAligned_d3: acc=0.942454 train=0.1s best=0.223µs (0.3s wall, ETA 0.6h)
  [1778/3000] spambase_s8_AxisAligned_d4: acc=0.953312 train=0.2s best=0.332µs (0.4s wall, ETA 0.6h)
  [1779/3000] spambase_s8_AxisAligned_d5: acc=0.95114 train=0.3s best=0.457µs (0.5s wall, ETA 0.6h)
  [1780/3000] spambase_s8_AxisAligned_d6: acc=0.952226 train=0.5s best=0.616µs (0.7s wall, ETA 0.6h)
  [1781/3000] spambase_s8_AxisAligned_d7: acc=0.947883 train=0.7s best=0.762µs (1.0s wall, ETA 0.6h)
  [1782/3000] spambase_s8_AxisAligned_d8: acc=0.948969 train=1.0s best=1.653µs (1.2s wall, ETA 0.6h)
  [1783/3000] spambase_s8_AxisAligned_d10: acc=0.948969 train=1.6s best=1.649µs (1.9s wall, ETA 0.6h)
  [1784/3000] spambase_s8_Oblique_d3: acc=0.952226 train=0.9s best=1.798µs (1.1s wall, ETA 0.6h)
  [1785/3000] spambase_s8_Oblique_d4: acc=0.953312 train=1.4s best=2.776µs (1.6s wall, ETA 0.6h)
  [1786/3000] spambase_s8_Oblique_d5: acc=0.95114 train=1.9s best=4.167µs (2.2s wall, ETA 0.6h)
  [1787/3000] spambase_s8_Oblique_d6: acc=0.954397 train=2.7s best=4.227µs (2.9s wall, ETA 0.6h)
  [1788/3000] spambase_s8_Oblique_d8: acc=0.954397 train=4.2s best=6.670µs (4.5s wall, ETA 0.6h)
  [1789/3000] spambase_s9_AxisAligned_d3: acc=0.944625 train=0.1s best=0.208µs (0.3s wall, ETA 0.6h)
  [1790/3000] spambase_s9_AxisAligned_d4: acc=0.95114 train=0.2s best=0.335µs (0.4s wall, ETA 0.6h)
  [1791/3000] spambase_s9_AxisAligned_d5: acc=0.955483 train=0.3s best=0.448µs (0.6s wall, ETA 0.6h)
  [1792/3000] spambase_s9_AxisAligned_d6: acc=0.956569 train=0.5s best=0.756µs (0.8s wall, ETA 0.6h)
  [1793/3000] spambase_s9_AxisAligned_d7: acc=0.955483 train=0.8s best=0.911µs (1.0s wall, ETA 0.6h)
  [1794/3000] spambase_s9_AxisAligned_d8: acc=0.953312 train=1.1s best=1.976µs (1.3s wall, ETA 0.6h)
  [1795/3000] spambase_s9_AxisAligned_d10: acc=0.955483 train=1.7s best=1.724µs (2.0s wall, ETA 0.6h)
  [1796/3000] spambase_s9_Oblique_d3: acc=0.955483 train=0.9s best=1.816µs (1.1s wall, ETA 0.6h)
  [1797/3000] spambase_s9_Oblique_d4: acc=0.957655 train=1.4s best=2.293µs (1.6s wall, ETA 0.6h)
  [1798/3000] spambase_s9_Oblique_d5: acc=0.961998 train=2.0s best=4.352µs (2.2s wall, ETA 0.6h)
  [1799/3000] spambase_s9_Oblique_d6: acc=0.959826 train=2.7s best=5.393µs (2.9s wall, ETA 0.6h)
  [1800/3000] spambase_s9_Oblique_d8: acc=0.960912 train=3.4s best=3.768µs (3.6s wall, ETA 0.6h)

=== Dataset gisette (id=41026) shape=(7000, 5001) ===
  [1801/3000] gisette_s0_AxisAligned_d3: acc=0.965 train=4.8s best=0.739µs (9.1s wall, ETA 0.6h)
  [1802/3000] gisette_s0_AxisAligned_d4: acc=0.972143 train=7.3s best=1.079µs (11.8s wall, ETA 0.6h)
  [1803/3000] gisette_s0_AxisAligned_d5: acc=0.975 train=12.0s best=1.302µs (16.5s wall, ETA 0.6h)
  [1804/3000] gisette_s0_AxisAligned_d6: acc=0.977143 train=21.9s best=1.633µs (26.5s wall, ETA 0.6h)
  [1805/3000] gisette_s0_AxisAligned_d7: acc=0.975 train=34.7s best=1.980µs (39.4s wall, ETA 0.6h)
  [1806/3000] gisette_s0_AxisAligned_d8: acc=0.976429 train=59.5s best=2.218µs (64.1s wall, ETA 0.6h)
  [1807/3000] gisette_s0_AxisAligned_d10: acc=0.972143 train=107.3s best=2.135µs (111.8s wall, ETA 0.7h)
  [1808/3000] gisette_s0_Oblique_d3: acc=0.97 train=7.0s best=2.239µs (11.4s wall, ETA 0.7h)
  [1809/3000] gisette_s0_Oblique_d4: acc=0.97 train=12.0s best=3.544µs (16.4s wall, ETA 0.7h)
  [1810/3000] gisette_s0_Oblique_d5: acc=0.976429 train=21.1s best=5.211µs (25.6s wall, ETA 0.7h)
  [1811/3000] gisette_s0_Oblique_d6: acc=0.973571 train=34.9s best=7.479µs (39.5s wall, ETA 0.7h)
  [1812/3000] gisette_s0_Oblique_d8: acc=0.975 train=94.0s best=12.139µs (98.8s wall, ETA 0.7h)
  [1813/3000] gisette_s1_AxisAligned_d3: acc=0.956429 train=4.8s best=0.754µs (9.3s wall, ETA 0.7h)
  [1814/3000] gisette_s1_AxisAligned_d4: acc=0.967857 train=7.3s best=1.035µs (11.8s wall, ETA 0.7h)
  [1815/3000] gisette_s1_AxisAligned_d5: acc=0.976429 train=11.8s best=1.315µs (16.4s wall, ETA 0.7h)
  [1816/3000] gisette_s1_AxisAligned_d6: acc=0.98 train=19.9s best=1.617µs (24.5s wall, ETA 0.7h)
  [1817/3000] gisette_s1_AxisAligned_d7: acc=0.979286 train=35.8s best=1.987µs (40.5s wall, ETA 0.7h)
  [1818/3000] gisette_s1_AxisAligned_d8: acc=0.978571 train=60.8s best=2.299µs (65.3s wall, ETA 0.7h)
  [1819/3000] gisette_s1_AxisAligned_d10: acc=0.978571 train=110.2s best=1.833µs (114.6s wall, ETA 0.7h)
  [1820/3000] gisette_s1_Oblique_d3: acc=0.963571 train=6.6s best=1.915µs (10.5s wall, ETA 0.7h)
  [1821/3000] gisette_s1_Oblique_d4: acc=0.97 train=12.0s best=3.136µs (15.8s wall, ETA 0.7h)
  [1822/3000] gisette_s1_Oblique_d5: acc=0.975 train=19.4s best=4.532µs (23.2s wall, ETA 0.7h)
  [1823/3000] gisette_s1_Oblique_d6: acc=0.977857 train=35.8s best=6.519µs (39.7s wall, ETA 0.7h)
  [1824/3000] gisette_s1_Oblique_d8: acc=0.977857 train=86.3s best=8.668µs (90.3s wall, ETA 0.8h)
  [1825/3000] gisette_s2_AxisAligned_d3: acc=0.961429 train=4.2s best=0.597µs (7.9s wall, ETA 0.8h)
  [1826/3000] gisette_s2_AxisAligned_d4: acc=0.970714 train=6.5s best=0.882µs (10.3s wall, ETA 0.8h)
  [1827/3000] gisette_s2_AxisAligned_d5: acc=0.975714 train=11.0s best=1.103µs (14.9s wall, ETA 0.8h)
  [1828/3000] gisette_s2_AxisAligned_d6: acc=0.975 train=19.1s best=1.350µs (23.1s wall, ETA 0.8h)
  [1829/3000] gisette_s2_AxisAligned_d7: acc=0.98 train=34.7s best=1.815µs (38.8s wall, ETA 0.8h)
  [1830/3000] gisette_s2_AxisAligned_d8: acc=0.977857 train=55.2s best=2.122µs (59.4s wall, ETA 0.8h)
  [1831/3000] gisette_s2_AxisAligned_d10: acc=0.979286 train=122.9s best=2.595µs (127.0s wall, ETA 0.8h)
  [1832/3000] gisette_s2_Oblique_d3: acc=0.967143 train=6.6s best=1.874µs (10.4s wall, ETA 0.8h)
  [1833/3000] gisette_s2_Oblique_d4: acc=0.967857 train=10.8s best=3.119µs (14.6s wall, ETA 0.8h)
  [1834/3000] gisette_s2_Oblique_d5: acc=0.973571 train=18.4s best=4.506µs (22.4s wall, ETA 0.8h)
  [1835/3000] gisette_s2_Oblique_d6: acc=0.977857 train=36.8s best=6.549µs (40.8s wall, ETA 0.8h)
  [1836/3000] gisette_s2_Oblique_d8: acc=0.977143 train=91.5s best=10.492µs (95.6s wall, ETA 0.8h)
  [1837/3000] gisette_s3_AxisAligned_d3: acc=0.951429 train=4.2s best=0.620µs (8.0s wall, ETA 0.8h)
  [1838/3000] gisette_s3_AxisAligned_d4: acc=0.965714 train=6.4s best=0.871µs (10.2s wall, ETA 0.8h)
  [1839/3000] gisette_s3_AxisAligned_d5: acc=0.967857 train=10.9s best=1.147µs (14.8s wall, ETA 0.8h)
  [1840/3000] gisette_s3_AxisAligned_d6: acc=0.970714 train=19.6s best=1.359µs (23.5s wall, ETA 0.8h)
  [1841/3000] gisette_s3_AxisAligned_d7: acc=0.971429 train=35.2s best=1.739µs (39.2s wall, ETA 0.8h)
  [1842/3000] gisette_s3_AxisAligned_d8: acc=0.971429 train=55.3s best=1.506µs (59.4s wall, ETA 0.9h)
  [1843/3000] gisette_s3_AxisAligned_d10: acc=0.971429 train=113.0s best=2.644µs (117.7s wall, ETA 0.9h)
  [1844/3000] gisette_s3_Oblique_d3: acc=0.962143 train=7.0s best=2.232µs (11.5s wall, ETA 0.9h)
  [1845/3000] gisette_s3_Oblique_d4: acc=0.967857 train=11.9s best=3.567µs (16.4s wall, ETA 0.9h)
  [1846/3000] gisette_s3_Oblique_d5: acc=0.973571 train=21.3s best=5.155µs (25.8s wall, ETA 0.9h)
  [1847/3000] gisette_s3_Oblique_d6: acc=0.974286 train=37.8s best=7.581µs (42.4s wall, ETA 0.9h)
  [1848/3000] gisette_s3_Oblique_d8: acc=0.972143 train=87.4s best=12.852µs (92.2s wall, ETA 0.9h)
  [1849/3000] gisette_s4_AxisAligned_d3: acc=0.965714 train=4.7s best=0.740µs (9.2s wall, ETA 0.9h)
  [1850/3000] gisette_s4_AxisAligned_d4: acc=0.972857 train=7.2s best=1.049µs (11.7s wall, ETA 0.9h)
  [1851/3000] gisette_s4_AxisAligned_d5: acc=0.975714 train=12.1s best=1.306µs (16.6s wall, ETA 0.9h)
  [1852/3000] gisette_s4_AxisAligned_d6: acc=0.975714 train=20.5s best=1.625µs (25.1s wall, ETA 0.9h)
  [1853/3000] gisette_s4_AxisAligned_d7: acc=0.980714 train=36.4s best=1.972µs (41.2s wall, ETA 0.9h)
  [1854/3000] gisette_s4_AxisAligned_d8: acc=0.977857 train=56.5s best=2.376µs (61.2s wall, ETA 0.9h)
  [1855/3000] gisette_s4_AxisAligned_d10: acc=0.975714 train=117.4s best=2.051µs (122.0s wall, ETA 0.9h)
  [1856/3000] gisette_s4_Oblique_d3: acc=0.966429 train=7.2s best=2.207µs (11.6s wall, ETA 0.9h)
  [1857/3000] gisette_s4_Oblique_d4: acc=0.975 train=12.3s best=3.543µs (16.8s wall, ETA 0.9h)
  [1858/3000] gisette_s4_Oblique_d5: acc=0.977143 train=19.5s best=5.208µs (24.0s wall, ETA 0.9h)
  [1859/3000] gisette_s4_Oblique_d6: acc=0.976429 train=33.3s best=7.700µs (38.0s wall, ETA 1.0h)
  [1860/3000] gisette_s4_Oblique_d8: acc=0.976429 train=94.5s best=10.200µs (99.3s wall, ETA 1.0h)
  [1861/3000] gisette_s5_AxisAligned_d3: acc=0.965714 train=4.7s best=0.724µs (9.2s wall, ETA 1.0h)
  [1862/3000] gisette_s5_AxisAligned_d4: acc=0.98 train=7.2s best=1.026µs (11.7s wall, ETA 1.0h)
  [1863/3000] gisette_s5_AxisAligned_d5: acc=0.982143 train=11.9s best=1.142µs (16.2s wall, ETA 1.0h)
  [1864/3000] gisette_s5_AxisAligned_d6: acc=0.982143 train=19.8s best=1.329µs (23.7s wall, ETA 1.0h)
  [1865/3000] gisette_s5_AxisAligned_d7: acc=0.985714 train=31.9s best=1.637µs (36.0s wall, ETA 1.0h)
  [1866/3000] gisette_s5_AxisAligned_d8: acc=0.983571 train=54.0s best=2.304µs (58.1s wall, ETA 1.0h)
  [1867/3000] gisette_s5_AxisAligned_d10: acc=0.982857 train=112.3s best=2.925µs (117.0s wall, ETA 1.0h)
  [1868/3000] gisette_s5_Oblique_d3: acc=0.969286 train=6.8s best=2.201µs (11.2s wall, ETA 1.0h)
  [1869/3000] gisette_s5_Oblique_d4: acc=0.975 train=11.7s best=3.604µs (16.2s wall, ETA 1.0h)
  [1870/3000] gisette_s5_Oblique_d5: acc=0.979286 train=20.4s best=5.343µs (25.0s wall, ETA 1.0h)
  [1871/3000] gisette_s5_Oblique_d6: acc=0.982857 train=33.6s best=6.539µs (38.1s wall, ETA 1.0h)
  [1872/3000] gisette_s5_Oblique_d8: acc=0.982143 train=88.3s best=10.221µs (92.5s wall, ETA 1.0h)
  [1873/3000] gisette_s6_AxisAligned_d3: acc=0.955 train=4.3s best=0.636µs (8.2s wall, ETA 1.0h)
  [1874/3000] gisette_s6_AxisAligned_d4: acc=0.972143 train=6.7s best=0.897µs (10.7s wall, ETA 1.0h)
  [1875/3000] gisette_s6_AxisAligned_d5: acc=0.973571 train=10.9s best=1.090µs (14.9s wall, ETA 1.0h)
  [1876/3000] gisette_s6_AxisAligned_d6: acc=0.972143 train=19.2s best=1.425µs (23.3s wall, ETA 1.0h)
  [1877/3000] gisette_s6_AxisAligned_d7: acc=0.975 train=35.2s best=1.932µs (39.4s wall, ETA 1.0h)
  [1878/3000] gisette_s6_AxisAligned_d8: acc=0.976429 train=53.6s best=2.095µs (57.8s wall, ETA 1.0h)
  [1879/3000] gisette_s6_AxisAligned_d10: acc=0.976429 train=119.4s best=2.197µs (123.7s wall, ETA 1.1h)
  [1880/3000] gisette_s6_Oblique_d3: acc=0.967143 train=6.9s best=1.942µs (10.9s wall, ETA 1.1h)
  [1881/3000] gisette_s6_Oblique_d4: acc=0.971429 train=11.3s best=3.190µs (15.4s wall, ETA 1.1h)
  [1882/3000] gisette_s6_Oblique_d5: acc=0.975 train=19.8s best=4.797µs (24.0s wall, ETA 1.1h)
  [1883/3000] gisette_s6_Oblique_d6: acc=0.975714 train=33.7s best=6.769µs (37.8s wall, ETA 1.1h)
  [1884/3000] gisette_s6_Oblique_d8: acc=0.975 train=86.6s best=10.867µs (90.9s wall, ETA 1.1h)
  [1885/3000] gisette_s7_AxisAligned_d3: acc=0.962857 train=4.4s best=0.645µs (8.3s wall, ETA 1.1h)
  [1886/3000] gisette_s7_AxisAligned_d4: acc=0.971429 train=6.6s best=0.919µs (10.6s wall, ETA 1.1h)
  [1887/3000] gisette_s7_AxisAligned_d5: acc=0.975714 train=11.4s best=1.175µs (15.4s wall, ETA 1.1h)
  [1888/3000] gisette_s7_AxisAligned_d6: acc=0.973571 train=19.4s best=1.467µs (23.6s wall, ETA 1.1h)
  [1889/3000] gisette_s7_AxisAligned_d7: acc=0.974286 train=34.5s best=1.825µs (38.8s wall, ETA 1.1h)
  [1890/3000] gisette_s7_AxisAligned_d8: acc=0.974286 train=52.2s best=1.992µs (56.3s wall, ETA 1.1h)
  [1891/3000] gisette_s7_AxisAligned_d10: acc=0.974286 train=107.1s best=2.015µs (111.2s wall, ETA 1.1h)
  [1892/3000] gisette_s7_Oblique_d3: acc=0.966429 train=6.4s best=1.901µs (10.3s wall, ETA 1.1h)
  [1893/3000] gisette_s7_Oblique_d4: acc=0.975714 train=11.3s best=3.020µs (15.1s wall, ETA 1.1h)
  [1894/3000] gisette_s7_Oblique_d5: acc=0.976429 train=19.3s best=4.488µs (23.3s wall, ETA 1.1h)
  [1895/3000] gisette_s7_Oblique_d6: acc=0.974286 train=34.3s best=6.646µs (38.3s wall, ETA 1.1h)
  [1896/3000] gisette_s7_Oblique_d8: acc=0.972143 train=82.0s best=10.594µs (86.2s wall, ETA 1.1h)
  [1897/3000] gisette_s8_AxisAligned_d3: acc=0.961429 train=4.2s best=0.635µs (8.1s wall, ETA 1.1h)
  [1898/3000] gisette_s8_AxisAligned_d4: acc=0.972857 train=6.6s best=0.871µs (10.5s wall, ETA 1.1h)
  [1899/3000] gisette_s8_AxisAligned_d5: acc=0.977857 train=11.2s best=1.095µs (15.1s wall, ETA 1.1h)
  [1900/3000] gisette_s8_AxisAligned_d6: acc=0.972857 train=19.9s best=1.378µs (23.9s wall, ETA 1.1h)
  [1901/3000] gisette_s8_AxisAligned_d7: acc=0.971429 train=35.0s best=1.411µs (39.0s wall, ETA 1.2h)
  [1902/3000] gisette_s8_AxisAligned_d8: acc=0.972857 train=57.1s best=1.780µs (61.1s wall, ETA 1.2h)
  [1903/3000] gisette_s8_AxisAligned_d10: acc=0.976429 train=107.3s best=1.619µs (111.3s wall, ETA 1.2h)
  [1904/3000] gisette_s8_Oblique_d3: acc=0.963571 train=6.5s best=1.887µs (10.4s wall, ETA 1.2h)
  [1905/3000] gisette_s8_Oblique_d4: acc=0.966429 train=11.9s best=3.038µs (15.8s wall, ETA 1.2h)
  [1906/3000] gisette_s8_Oblique_d5: acc=0.975 train=18.9s best=4.466µs (22.9s wall, ETA 1.2h)
  [1907/3000] gisette_s8_Oblique_d6: acc=0.977143 train=34.8s best=6.659µs (38.8s wall, ETA 1.2h)
  [1908/3000] gisette_s8_Oblique_d8: acc=0.975714 train=82.5s best=6.236µs (86.6s wall, ETA 1.2h)
  [1909/3000] gisette_s9_AxisAligned_d3: acc=0.963571 train=4.3s best=0.659µs (8.1s wall, ETA 1.2h)
  [1910/3000] gisette_s9_AxisAligned_d4: acc=0.973571 train=6.5s best=0.885µs (10.4s wall, ETA 1.2h)
  [1911/3000] gisette_s9_AxisAligned_d5: acc=0.974286 train=11.1s best=1.123µs (15.0s wall, ETA 1.2h)
  [1912/3000] gisette_s9_AxisAligned_d6: acc=0.977143 train=19.3s best=1.444µs (23.3s wall, ETA 1.2h)
  [1913/3000] gisette_s9_AxisAligned_d7: acc=0.981429 train=31.9s best=1.748µs (36.0s wall, ETA 1.2h)
  [1914/3000] gisette_s9_AxisAligned_d8: acc=0.977857 train=52.3s best=2.006µs (56.4s wall, ETA 1.2h)
  [1915/3000] gisette_s9_AxisAligned_d10: acc=0.979286 train=117.0s best=2.595µs (121.1s wall, ETA 1.2h)
  [1916/3000] gisette_s9_Oblique_d3: acc=0.967143 train=6.5s best=1.984µs (10.3s wall, ETA 1.2h)
  [1917/3000] gisette_s9_Oblique_d4: acc=0.970714 train=10.9s best=3.171µs (14.8s wall, ETA 1.2h)
  [1918/3000] gisette_s9_Oblique_d5: acc=0.977143 train=19.1s best=4.611µs (23.1s wall, ETA 1.2h)
  [1919/3000] gisette_s9_Oblique_d6: acc=0.976429 train=33.3s best=6.869µs (37.3s wall, ETA 1.2h)
  [1920/3000] gisette_s9_Oblique_d8: acc=0.977143 train=86.7s best=10.512µs (90.9s wall, ETA 1.2h)

=== Dataset mushroom (id=24) shape=(8124, 23) ===
  [1921/3000] mushroom_s0_AxisAligned_d3: acc=0.995692 train=0.1s best=0.178µs (0.3s wall, ETA 1.2h)
  [1922/3000] mushroom_s0_AxisAligned_d4: acc=1.0 train=0.2s best=0.277µs (0.4s wall, ETA 1.2h)
  [1923/3000] mushroom_s0_AxisAligned_d5: acc=1.0 train=0.2s best=0.483µs (0.5s wall, ETA 1.2h)
  [1924/3000] mushroom_s0_AxisAligned_d6: acc=1.0 train=0.3s best=0.637µs (0.6s wall, ETA 1.2h)
  [1925/3000] mushroom_s0_AxisAligned_d7: acc=1.0 train=0.4s best=0.489µs (0.7s wall, ETA 1.2h)
  [1926/3000] mushroom_s0_AxisAligned_d8: acc=1.0 train=0.5s best=0.653µs (0.7s wall, ETA 1.2h)
  [1927/3000] mushroom_s0_AxisAligned_d10: acc=1.0 train=0.6s best=0.727µs (0.9s wall, ETA 1.2h)
  [1928/3000] mushroom_s0_Oblique_d3: acc=1.0 train=0.5s best=1.095µs (0.7s wall, ETA 1.2h)
  [1929/3000] mushroom_s0_Oblique_d4: acc=1.0 train=0.8s best=1.785µs (1.0s wall, ETA 1.2h)
  [1930/3000] mushroom_s0_Oblique_d5: acc=1.0 train=1.2s best=2.879µs (1.4s wall, ETA 1.2h)
  [1931/3000] mushroom_s0_Oblique_d6: acc=1.0 train=1.5s best=3.824µs (1.8s wall, ETA 1.2h)
  [1932/3000] mushroom_s0_Oblique_d8: acc=1.0 train=2.3s best=5.370µs (2.6s wall, ETA 1.2h)
  [1933/3000] mushroom_s1_AxisAligned_d3: acc=0.997538 train=0.1s best=0.174µs (0.3s wall, ETA 1.2h)
  [1934/3000] mushroom_s1_AxisAligned_d4: acc=1.0 train=0.2s best=0.276µs (0.4s wall, ETA 1.2h)
  [1935/3000] mushroom_s1_AxisAligned_d5: acc=1.0 train=0.2s best=0.479µs (0.5s wall, ETA 1.2h)
  [1936/3000] mushroom_s1_AxisAligned_d6: acc=1.0 train=0.4s best=0.574µs (0.6s wall, ETA 1.2h)
  [1937/3000] mushroom_s1_AxisAligned_d7: acc=1.0 train=0.4s best=0.513µs (0.7s wall, ETA 1.2h)
  [1938/3000] mushroom_s1_AxisAligned_d8: acc=1.0 train=0.5s best=0.681µs (0.7s wall, ETA 1.2h)
  [1939/3000] mushroom_s1_AxisAligned_d10: acc=1.0 train=0.6s best=0.736µs (0.8s wall, ETA 1.2h)
  [1940/3000] mushroom_s1_Oblique_d3: acc=1.0 train=0.5s best=1.107µs (0.7s wall, ETA 1.2h)
  [1941/3000] mushroom_s1_Oblique_d4: acc=1.0 train=0.8s best=1.841µs (1.0s wall, ETA 1.2h)
  [1942/3000] mushroom_s1_Oblique_d5: acc=1.0 train=1.2s best=2.937µs (1.4s wall, ETA 1.2h)
  [1943/3000] mushroom_s1_Oblique_d6: acc=1.0 train=1.5s best=4.086µs (1.8s wall, ETA 1.2h)
  [1944/3000] mushroom_s1_Oblique_d8: acc=1.0 train=2.4s best=5.933µs (2.8s wall, ETA 1.2h)
  [1945/3000] mushroom_s2_AxisAligned_d3: acc=1.0 train=0.1s best=0.178µs (0.3s wall, ETA 1.2h)
  [1946/3000] mushroom_s2_AxisAligned_d4: acc=1.0 train=0.2s best=0.276µs (0.4s wall, ETA 1.2h)
  [1947/3000] mushroom_s2_AxisAligned_d5: acc=1.0 train=0.2s best=0.459µs (0.5s wall, ETA 1.2h)
  [1948/3000] mushroom_s2_AxisAligned_d6: acc=1.0 train=0.4s best=0.534µs (0.6s wall, ETA 1.2h)
  [1949/3000] mushroom_s2_AxisAligned_d7: acc=1.0 train=0.5s best=0.509µs (0.7s wall, ETA 1.2h)
  [1950/3000] mushroom_s2_AxisAligned_d8: acc=1.0 train=0.5s best=0.677µs (0.7s wall, ETA 1.2h)
  [1951/3000] mushroom_s2_AxisAligned_d10: acc=1.0 train=0.6s best=0.731µs (0.8s wall, ETA 1.2h)
  [1952/3000] mushroom_s2_Oblique_d3: acc=1.0 train=0.6s best=1.074µs (0.7s wall, ETA 1.2h)
  [1953/3000] mushroom_s2_Oblique_d4: acc=1.0 train=0.8s best=1.806µs (1.0s wall, ETA 1.2h)
  [1954/3000] mushroom_s2_Oblique_d5: acc=1.0 train=1.1s best=2.742µs (1.4s wall, ETA 1.2h)
  [1955/3000] mushroom_s2_Oblique_d6: acc=1.0 train=1.5s best=3.928µs (1.8s wall, ETA 1.2h)
  [1956/3000] mushroom_s2_Oblique_d8: acc=1.0 train=2.3s best=5.720µs (2.6s wall, ETA 1.2h)
  [1957/3000] mushroom_s3_AxisAligned_d3: acc=0.997538 train=0.1s best=0.186µs (0.3s wall, ETA 1.2h)
  [1958/3000] mushroom_s3_AxisAligned_d4: acc=1.0 train=0.2s best=0.264µs (0.3s wall, ETA 1.2h)
  [1959/3000] mushroom_s3_AxisAligned_d5: acc=1.0 train=0.2s best=0.461µs (0.5s wall, ETA 1.2h)
  [1960/3000] mushroom_s3_AxisAligned_d6: acc=1.0 train=0.3s best=0.547µs (0.6s wall, ETA 1.2h)
  [1961/3000] mushroom_s3_AxisAligned_d7: acc=1.0 train=0.4s best=0.498µs (0.7s wall, ETA 1.2h)
  [1962/3000] mushroom_s3_AxisAligned_d8: acc=1.0 train=0.5s best=0.663µs (0.7s wall, ETA 1.2h)
  [1963/3000] mushroom_s3_AxisAligned_d10: acc=1.0 train=0.6s best=0.723µs (0.8s wall, ETA 1.2h)
  [1964/3000] mushroom_s3_Oblique_d3: acc=1.0 train=0.5s best=1.067µs (0.7s wall, ETA 1.2h)
  [1965/3000] mushroom_s3_Oblique_d4: acc=1.0 train=0.8s best=1.841µs (1.0s wall, ETA 1.2h)
  [1966/3000] mushroom_s3_Oblique_d5: acc=1.0 train=1.2s best=2.819µs (1.4s wall, ETA 1.2h)
  [1967/3000] mushroom_s3_Oblique_d6: acc=1.0 train=1.5s best=3.886µs (1.8s wall, ETA 1.2h)
  [1968/3000] mushroom_s3_Oblique_d8: acc=1.0 train=2.4s best=5.638µs (2.7s wall, ETA 1.2h)
  [1969/3000] mushroom_s4_AxisAligned_d3: acc=1.0 train=0.1s best=0.181µs (0.3s wall, ETA 1.2h)
  [1970/3000] mushroom_s4_AxisAligned_d4: acc=1.0 train=0.2s best=0.282µs (0.3s wall, ETA 1.2h)
  [1971/3000] mushroom_s4_AxisAligned_d5: acc=1.0 train=0.2s best=0.458µs (0.5s wall, ETA 1.2h)
  [1972/3000] mushroom_s4_AxisAligned_d6: acc=1.0 train=0.3s best=0.601µs (0.6s wall, ETA 1.2h)
  [1973/3000] mushroom_s4_AxisAligned_d7: acc=1.0 train=0.4s best=0.516µs (0.7s wall, ETA 1.2h)
  [1974/3000] mushroom_s4_AxisAligned_d8: acc=1.0 train=0.5s best=0.634µs (0.7s wall, ETA 1.2h)
  [1975/3000] mushroom_s4_AxisAligned_d10: acc=1.0 train=0.6s best=0.692µs (0.8s wall, ETA 1.2h)
  [1976/3000] mushroom_s4_Oblique_d3: acc=1.0 train=0.5s best=1.083µs (0.7s wall, ETA 1.2h)
  [1977/3000] mushroom_s4_Oblique_d4: acc=1.0 train=0.8s best=1.842µs (1.0s wall, ETA 1.2h)
  [1978/3000] mushroom_s4_Oblique_d5: acc=1.0 train=1.1s best=2.904µs (1.4s wall, ETA 1.2h)
  [1979/3000] mushroom_s4_Oblique_d6: acc=1.0 train=1.5s best=3.912µs (1.8s wall, ETA 1.2h)
  [1980/3000] mushroom_s4_Oblique_d8: acc=1.0 train=2.2s best=5.617µs (2.6s wall, ETA 1.2h)
  [1981/3000] mushroom_s5_AxisAligned_d3: acc=0.998769 train=0.1s best=0.175µs (0.3s wall, ETA 1.1h)
  [1982/3000] mushroom_s5_AxisAligned_d4: acc=1.0 train=0.2s best=0.294µs (0.4s wall, ETA 1.1h)
  [1983/3000] mushroom_s5_AxisAligned_d5: acc=1.0 train=0.2s best=0.440µs (0.5s wall, ETA 1.1h)
  [1984/3000] mushroom_s5_AxisAligned_d6: acc=1.0 train=0.4s best=0.547µs (0.6s wall, ETA 1.1h)
  [1985/3000] mushroom_s5_AxisAligned_d7: acc=1.0 train=0.5s best=0.619µs (0.7s wall, ETA 1.1h)
  [1986/3000] mushroom_s5_AxisAligned_d8: acc=1.0 train=0.5s best=0.662µs (0.7s wall, ETA 1.1h)
  [1987/3000] mushroom_s5_AxisAligned_d10: acc=1.0 train=0.6s best=0.692µs (0.8s wall, ETA 1.1h)
  [1988/3000] mushroom_s5_Oblique_d3: acc=1.0 train=0.5s best=1.097µs (0.7s wall, ETA 1.1h)
  [1989/3000] mushroom_s5_Oblique_d4: acc=1.0 train=0.8s best=1.877µs (1.0s wall, ETA 1.1h)
  [1990/3000] mushroom_s5_Oblique_d5: acc=1.0 train=1.1s best=2.937µs (1.4s wall, ETA 1.1h)
  [1991/3000] mushroom_s5_Oblique_d6: acc=1.0 train=1.5s best=3.962µs (1.8s wall, ETA 1.1h)
  [1992/3000] mushroom_s5_Oblique_d8: acc=1.0 train=2.1s best=5.109µs (2.4s wall, ETA 1.1h)
  [1993/3000] mushroom_s6_AxisAligned_d3: acc=0.998154 train=0.1s best=0.181µs (0.3s wall, ETA 1.1h)
  [1994/3000] mushroom_s6_AxisAligned_d4: acc=1.0 train=0.2s best=0.289µs (0.3s wall, ETA 1.1h)
  [1995/3000] mushroom_s6_AxisAligned_d5: acc=1.0 train=0.2s best=0.446µs (0.5s wall, ETA 1.1h)
  [1996/3000] mushroom_s6_AxisAligned_d6: acc=1.0 train=0.3s best=0.658µs (0.6s wall, ETA 1.1h)
  [1997/3000] mushroom_s6_AxisAligned_d7: acc=1.0 train=0.5s best=0.822µs (0.8s wall, ETA 1.1h)
  [1998/3000] mushroom_s6_AxisAligned_d8: acc=1.0 train=0.6s best=0.943µs (0.8s wall, ETA 1.1h)
  [1999/3000] mushroom_s6_AxisAligned_d10: acc=1.0 train=0.7s best=1.125µs (1.0s wall, ETA 1.1h)
  [2000/3000] mushroom_s6_Oblique_d3: acc=1.0 train=0.5s best=1.117µs (0.7s wall, ETA 1.1h)
  [2001/3000] mushroom_s6_Oblique_d4: acc=1.0 train=0.8s best=1.855µs (1.0s wall, ETA 1.1h)
  [2002/3000] mushroom_s6_Oblique_d5: acc=1.0 train=1.1s best=2.799µs (1.4s wall, ETA 1.1h)
  [2003/3000] mushroom_s6_Oblique_d6: acc=1.0 train=1.5s best=3.942µs (1.8s wall, ETA 1.1h)
  [2004/3000] mushroom_s6_Oblique_d8: acc=1.0 train=2.5s best=6.043µs (2.9s wall, ETA 1.1h)
  [2005/3000] mushroom_s7_AxisAligned_d3: acc=0.998154 train=0.1s best=0.182µs (0.3s wall, ETA 1.1h)
  [2006/3000] mushroom_s7_AxisAligned_d4: acc=1.0 train=0.2s best=0.309µs (0.3s wall, ETA 1.1h)
  [2007/3000] mushroom_s7_AxisAligned_d5: acc=1.0 train=0.2s best=0.441µs (0.5s wall, ETA 1.1h)
  [2008/3000] mushroom_s7_AxisAligned_d6: acc=1.0 train=0.4s best=0.529µs (0.6s wall, ETA 1.1h)
  [2009/3000] mushroom_s7_AxisAligned_d7: acc=1.0 train=0.4s best=0.534µs (0.7s wall, ETA 1.1h)
  [2010/3000] mushroom_s7_AxisAligned_d8: acc=1.0 train=0.5s best=0.711µs (0.7s wall, ETA 1.1h)
  [2011/3000] mushroom_s7_AxisAligned_d10: acc=1.0 train=0.6s best=0.808µs (0.8s wall, ETA 1.1h)
  [2012/3000] mushroom_s7_Oblique_d3: acc=1.0 train=0.5s best=1.100µs (0.7s wall, ETA 1.1h)
  [2013/3000] mushroom_s7_Oblique_d4: acc=1.0 train=0.8s best=1.819µs (1.0s wall, ETA 1.1h)
  [2014/3000] mushroom_s7_Oblique_d5: acc=1.0 train=1.2s best=2.872µs (1.4s wall, ETA 1.1h)
  [2015/3000] mushroom_s7_Oblique_d6: acc=1.0 train=1.5s best=3.860µs (1.8s wall, ETA 1.1h)
  [2016/3000] mushroom_s7_Oblique_d8: acc=1.0 train=2.3s best=5.768µs (2.7s wall, ETA 1.1h)
  [2017/3000] mushroom_s8_AxisAligned_d3: acc=0.999385 train=0.1s best=0.180µs (0.3s wall, ETA 1.1h)
  [2018/3000] mushroom_s8_AxisAligned_d4: acc=1.0 train=0.2s best=0.295µs (0.3s wall, ETA 1.1h)
  [2019/3000] mushroom_s8_AxisAligned_d5: acc=1.0 train=0.2s best=0.470µs (0.5s wall, ETA 1.1h)
  [2020/3000] mushroom_s8_AxisAligned_d6: acc=1.0 train=0.4s best=0.563µs (0.6s wall, ETA 1.1h)
  [2021/3000] mushroom_s8_AxisAligned_d7: acc=1.0 train=0.4s best=0.533µs (0.7s wall, ETA 1.1h)
  [2022/3000] mushroom_s8_AxisAligned_d8: acc=1.0 train=0.5s best=0.652µs (0.7s wall, ETA 1.1h)
  [2023/3000] mushroom_s8_AxisAligned_d10: acc=1.0 train=0.6s best=0.700µs (0.8s wall, ETA 1.1h)
  [2024/3000] mushroom_s8_Oblique_d3: acc=1.0 train=0.5s best=1.067µs (0.7s wall, ETA 1.1h)
  [2025/3000] mushroom_s8_Oblique_d4: acc=1.0 train=0.8s best=1.845µs (1.0s wall, ETA 1.1h)
  [2026/3000] mushroom_s8_Oblique_d5: acc=1.0 train=1.1s best=2.752µs (1.4s wall, ETA 1.1h)
  [2027/3000] mushroom_s8_Oblique_d6: acc=1.0 train=1.5s best=3.925µs (1.8s wall, ETA 1.1h)
  [2028/3000] mushroom_s8_Oblique_d8: acc=1.0 train=2.3s best=5.551µs (2.7s wall, ETA 1.1h)
  [2029/3000] mushroom_s9_AxisAligned_d3: acc=1.0 train=0.1s best=0.186µs (0.3s wall, ETA 1.1h)
  [2030/3000] mushroom_s9_AxisAligned_d4: acc=1.0 train=0.2s best=0.284µs (0.4s wall, ETA 1.1h)
  [2031/3000] mushroom_s9_AxisAligned_d5: acc=1.0 train=0.2s best=0.458µs (0.5s wall, ETA 1.1h)
  [2032/3000] mushroom_s9_AxisAligned_d6: acc=1.0 train=0.4s best=0.516µs (0.6s wall, ETA 1.1h)
  [2033/3000] mushroom_s9_AxisAligned_d7: acc=1.0 train=0.4s best=0.501µs (0.7s wall, ETA 1.1h)
  [2034/3000] mushroom_s9_AxisAligned_d8: acc=1.0 train=0.5s best=0.702µs (0.7s wall, ETA 1.1h)
  [2035/3000] mushroom_s9_AxisAligned_d10: acc=1.0 train=0.6s best=0.718µs (0.8s wall, ETA 1.1h)
  [2036/3000] mushroom_s9_Oblique_d3: acc=1.0 train=0.5s best=1.067µs (0.7s wall, ETA 1.1h)
  [2037/3000] mushroom_s9_Oblique_d4: acc=1.0 train=0.8s best=1.871µs (1.0s wall, ETA 1.1h)
  [2038/3000] mushroom_s9_Oblique_d5: acc=1.0 train=1.1s best=2.884µs (1.4s wall, ETA 1.1h)
  [2039/3000] mushroom_s9_Oblique_d6: acc=1.0 train=1.5s best=3.942µs (1.8s wall, ETA 1.1h)
  [2040/3000] mushroom_s9_Oblique_d8: acc=1.0 train=2.3s best=5.463µs (2.6s wall, ETA 1.1h)

=== Dataset phishing-websites (id=4534) shape=(11055, 31) ===
  [2041/3000] phishing-websites_s0_AxisAligned_d3: acc=0.929444 train=0.2s best=0.215µs (0.5s wall, ETA 1.1h)
  [2042/3000] phishing-websites_s0_AxisAligned_d4: acc=0.94663 train=0.3s best=0.360µs (0.6s wall, ETA 1.1h)
  [2043/3000] phishing-websites_s0_AxisAligned_d5: acc=0.957485 train=0.4s best=0.561µs (0.8s wall, ETA 1.1h)
  [2044/3000] phishing-websites_s0_AxisAligned_d6: acc=0.962913 train=0.6s best=0.836µs (1.0s wall, ETA 1.1h)
  [2045/3000] phishing-websites_s0_AxisAligned_d7: acc=0.967436 train=0.8s best=1.109µs (1.3s wall, ETA 1.1h)
  [2046/3000] phishing-websites_s0_AxisAligned_d8: acc=0.971958 train=1.3s best=5.272µs (1.8s wall, ETA 1.0h)
  [2047/3000] phishing-websites_s0_AxisAligned_d10: acc=0.971958 train=2.8s best=7.309µs (3.4s wall, ETA 1.0h)
  [2048/3000] phishing-websites_s0_Oblique_d3: acc=0.94663 train=1.1s best=1.617µs (1.4s wall, ETA 1.0h)
  [2049/3000] phishing-websites_s0_Oblique_d4: acc=0.959747 train=1.6s best=2.643µs (2.0s wall, ETA 1.0h)
  [2050/3000] phishing-websites_s0_Oblique_d5: acc=0.966983 train=2.3s best=3.956µs (2.7s wall, ETA 1.0h)
  [2051/3000] phishing-websites_s0_Oblique_d6: acc=0.970149 train=3.0s best=5.582µs (3.5s wall, ETA 1.0h)
  [2052/3000] phishing-websites_s0_Oblique_d8: acc=0.971958 train=5.0s best=8.947µs (5.7s wall, ETA 1.0h)
  [2053/3000] phishing-websites_s1_AxisAligned_d3: acc=0.933062 train=0.2s best=0.205µs (0.5s wall, ETA 1.0h)
  [2054/3000] phishing-websites_s1_AxisAligned_d4: acc=0.947535 train=0.3s best=0.354µs (0.6s wall, ETA 1.0h)
  [2055/3000] phishing-websites_s1_AxisAligned_d5: acc=0.957033 train=0.4s best=0.592µs (0.7s wall, ETA 1.0h)
  [2056/3000] phishing-websites_s1_AxisAligned_d6: acc=0.962913 train=0.5s best=0.857µs (1.0s wall, ETA 1.0h)
  [2057/3000] phishing-websites_s1_AxisAligned_d7: acc=0.966079 train=0.8s best=1.102µs (1.3s wall, ETA 1.0h)
  [2058/3000] phishing-websites_s1_AxisAligned_d8: acc=0.96834 train=1.3s best=5.175µs (1.7s wall, ETA 1.0h)
  [2059/3000] phishing-websites_s1_AxisAligned_d10: acc=0.968792 train=2.7s best=4.645µs (3.2s wall, ETA 1.0h)
  [2060/3000] phishing-websites_s1_Oblique_d3: acc=0.945274 train=1.1s best=1.605µs (1.4s wall, ETA 1.0h)
  [2061/3000] phishing-websites_s1_Oblique_d4: acc=0.957938 train=1.6s best=2.596µs (2.0s wall, ETA 1.0h)
  [2062/3000] phishing-websites_s1_Oblique_d5: acc=0.96427 train=2.3s best=4.002µs (2.7s wall, ETA 1.0h)
  [2063/3000] phishing-websites_s1_Oblique_d6: acc=0.967888 train=3.0s best=5.596µs (3.5s wall, ETA 1.0h)
  [2064/3000] phishing-websites_s1_Oblique_d8: acc=0.969697 train=5.1s best=5.746µs (5.6s wall, ETA 1.0h)
  [2065/3000] phishing-websites_s2_AxisAligned_d3: acc=0.941655 train=0.2s best=0.204µs (0.5s wall, ETA 1.0h)
  [2066/3000] phishing-websites_s2_AxisAligned_d4: acc=0.954319 train=0.3s best=0.469µs (0.6s wall, ETA 1.0h)
  [2067/3000] phishing-websites_s2_AxisAligned_d5: acc=0.961104 train=0.4s best=0.538µs (0.7s wall, ETA 1.0h)
  [2068/3000] phishing-websites_s2_AxisAligned_d6: acc=0.96834 train=0.6s best=0.810µs (1.0s wall, ETA 1.0h)
  [2069/3000] phishing-websites_s2_AxisAligned_d7: acc=0.970602 train=0.8s best=1.093µs (1.3s wall, ETA 1.0h)
  [2070/3000] phishing-websites_s2_AxisAligned_d8: acc=0.975124 train=1.2s best=5.110µs (1.7s wall, ETA 1.0h)
  [2071/3000] phishing-websites_s2_AxisAligned_d10: acc=0.975577 train=2.7s best=5.901µs (3.3s wall, ETA 1.0h)
  [2072/3000] phishing-websites_s2_Oblique_d3: acc=0.953415 train=1.1s best=1.647µs (1.4s wall, ETA 1.0h)
  [2073/3000] phishing-websites_s2_Oblique_d4: acc=0.967436 train=1.6s best=2.552µs (2.0s wall, ETA 1.0h)
  [2074/3000] phishing-websites_s2_Oblique_d5: acc=0.971054 train=2.3s best=3.815µs (2.7s wall, ETA 1.0h)
  [2075/3000] phishing-websites_s2_Oblique_d6: acc=0.973315 train=3.0s best=5.501µs (3.5s wall, ETA 1.0h)
  [2076/3000] phishing-websites_s2_Oblique_d8: acc=0.97422 train=5.0s best=8.394µs (5.6s wall, ETA 1.0h)
  [2077/3000] phishing-websites_s3_AxisAligned_d3: acc=0.934419 train=0.2s best=0.207µs (0.5s wall, ETA 1.0h)
  [2078/3000] phishing-websites_s3_AxisAligned_d4: acc=0.94844 train=0.3s best=0.351µs (0.6s wall, ETA 1.0h)
  [2079/3000] phishing-websites_s3_AxisAligned_d5: acc=0.954319 train=0.4s best=0.542µs (0.7s wall, ETA 1.0h)
  [2080/3000] phishing-websites_s3_AxisAligned_d6: acc=0.964722 train=0.6s best=0.852µs (1.0s wall, ETA 1.0h)
  [2081/3000] phishing-websites_s3_AxisAligned_d7: acc=0.970149 train=0.8s best=1.118µs (1.3s wall, ETA 1.0h)
  [2082/3000] phishing-websites_s3_AxisAligned_d8: acc=0.970149 train=1.2s best=5.108µs (1.7s wall, ETA 1.0h)
  [2083/3000] phishing-websites_s3_AxisAligned_d10: acc=0.970602 train=2.9s best=6.380µs (3.5s wall, ETA 1.0h)
  [2084/3000] phishing-websites_s3_Oblique_d3: acc=0.950249 train=1.1s best=1.619µs (1.4s wall, ETA 1.0h)
  [2085/3000] phishing-websites_s3_Oblique_d4: acc=0.957485 train=1.6s best=2.644µs (2.0s wall, ETA 1.0h)
  [2086/3000] phishing-websites_s3_Oblique_d5: acc=0.966531 train=2.3s best=3.989µs (2.7s wall, ETA 1.0h)
  [2087/3000] phishing-websites_s3_Oblique_d6: acc=0.970149 train=3.0s best=5.546µs (3.5s wall, ETA 1.0h)
  [2088/3000] phishing-websites_s3_Oblique_d8: acc=0.971054 train=5.1s best=8.467µs (5.7s wall, ETA 1.0h)
  [2089/3000] phishing-websites_s4_AxisAligned_d3: acc=0.930348 train=0.2s best=0.211µs (0.5s wall, ETA 1.0h)
  [2090/3000] phishing-websites_s4_AxisAligned_d4: acc=0.944821 train=0.3s best=0.351µs (0.6s wall, ETA 1.0h)
  [2091/3000] phishing-websites_s4_AxisAligned_d5: acc=0.952058 train=0.4s best=0.612µs (0.7s wall, ETA 1.0h)
  [2092/3000] phishing-websites_s4_AxisAligned_d6: acc=0.963365 train=0.6s best=0.817µs (1.0s wall, ETA 1.0h)
  [2093/3000] phishing-websites_s4_AxisAligned_d7: acc=0.968792 train=0.8s best=1.087µs (1.3s wall, ETA 1.0h)
  [2094/3000] phishing-websites_s4_AxisAligned_d8: acc=0.96834 train=1.2s best=5.178µs (1.7s wall, ETA 1.0h)
  [2095/3000] phishing-websites_s4_AxisAligned_d10: acc=0.967888 train=2.7s best=7.177µs (3.4s wall, ETA 1.0h)
  [2096/3000] phishing-websites_s4_Oblique_d3: acc=0.945274 train=1.1s best=1.617µs (1.4s wall, ETA 1.0h)
  [2097/3000] phishing-websites_s4_Oblique_d4: acc=0.953415 train=1.6s best=2.559µs (2.0s wall, ETA 1.0h)
  [2098/3000] phishing-websites_s4_Oblique_d5: acc=0.96427 train=2.3s best=3.805µs (2.7s wall, ETA 1.0h)
  [2099/3000] phishing-websites_s4_Oblique_d6: acc=0.967888 train=3.0s best=5.637µs (3.5s wall, ETA 1.0h)
  [2100/3000] phishing-websites_s4_Oblique_d8: acc=0.967436 train=5.0s best=9.253µs (5.7s wall, ETA 1.0h)
  [2101/3000] phishing-websites_s5_AxisAligned_d3: acc=0.942108 train=0.2s best=0.204µs (0.5s wall, ETA 1.0h)
  [2102/3000] phishing-websites_s5_AxisAligned_d4: acc=0.955224 train=0.3s best=0.350µs (0.6s wall, ETA 1.0h)
  [2103/3000] phishing-websites_s5_AxisAligned_d5: acc=0.960199 train=0.4s best=0.591µs (0.7s wall, ETA 1.0h)
  [2104/3000] phishing-websites_s5_AxisAligned_d6: acc=0.965174 train=0.6s best=0.903µs (1.0s wall, ETA 1.0h)
  [2105/3000] phishing-websites_s5_AxisAligned_d7: acc=0.968792 train=0.8s best=1.211µs (1.3s wall, ETA 1.0h)
  [2106/3000] phishing-websites_s5_AxisAligned_d8: acc=0.972863 train=1.2s best=5.291µs (1.7s wall, ETA 1.0h)
  [2107/3000] phishing-websites_s5_AxisAligned_d10: acc=0.974672 train=2.7s best=6.813µs (3.3s wall, ETA 1.0h)
  [2108/3000] phishing-websites_s5_Oblique_d3: acc=0.952962 train=1.1s best=1.618µs (1.4s wall, ETA 1.0h)
  [2109/3000] phishing-websites_s5_Oblique_d4: acc=0.959294 train=1.6s best=2.573µs (2.0s wall, ETA 1.0h)
  [2110/3000] phishing-websites_s5_Oblique_d5: acc=0.966983 train=2.3s best=3.872µs (2.7s wall, ETA 1.0h)
  [2111/3000] phishing-websites_s5_Oblique_d6: acc=0.972411 train=3.1s best=5.637µs (3.5s wall, ETA 1.0h)
  [2112/3000] phishing-websites_s5_Oblique_d8: acc=0.977386 train=5.0s best=9.017µs (5.7s wall, ETA 1.0h)
  [2113/3000] phishing-websites_s6_AxisAligned_d3: acc=0.934419 train=0.2s best=0.208µs (0.5s wall, ETA 1.0h)
  [2114/3000] phishing-websites_s6_AxisAligned_d4: acc=0.948892 train=0.3s best=0.350µs (0.6s wall, ETA 1.0h)
  [2115/3000] phishing-websites_s6_AxisAligned_d5: acc=0.955676 train=0.4s best=0.557µs (0.7s wall, ETA 1.0h)
  [2116/3000] phishing-websites_s6_AxisAligned_d6: acc=0.961104 train=0.5s best=0.833µs (1.0s wall, ETA 1.0h)
  [2117/3000] phishing-websites_s6_AxisAligned_d7: acc=0.966531 train=0.8s best=1.111µs (1.3s wall, ETA 1.0h)
  [2118/3000] phishing-websites_s6_AxisAligned_d8: acc=0.967888 train=1.3s best=5.183µs (1.7s wall, ETA 1.0h)
  [2119/3000] phishing-websites_s6_AxisAligned_d10: acc=0.968792 train=2.8s best=7.196µs (3.4s wall, ETA 1.0h)
  [2120/3000] phishing-websites_s6_Oblique_d3: acc=0.948892 train=1.0s best=1.590µs (1.4s wall, ETA 1.0h)
  [2121/3000] phishing-websites_s6_Oblique_d4: acc=0.957938 train=1.6s best=2.568µs (2.0s wall, ETA 1.0h)
  [2122/3000] phishing-websites_s6_Oblique_d5: acc=0.964722 train=2.3s best=3.858µs (2.7s wall, ETA 0.9h)
  [2123/3000] phishing-websites_s6_Oblique_d6: acc=0.967888 train=3.0s best=5.461µs (3.5s wall, ETA 0.9h)
  [2124/3000] phishing-websites_s6_Oblique_d8: acc=0.971506 train=5.0s best=9.023µs (5.7s wall, ETA 0.9h)
  [2125/3000] phishing-websites_s7_AxisAligned_d3: acc=0.941655 train=0.2s best=0.208µs (0.5s wall, ETA 0.9h)
  [2126/3000] phishing-websites_s7_AxisAligned_d4: acc=0.953867 train=0.3s best=0.347µs (0.6s wall, ETA 0.9h)
  [2127/3000] phishing-websites_s7_AxisAligned_d5: acc=0.961556 train=0.4s best=0.528µs (0.8s wall, ETA 0.9h)
  [2128/3000] phishing-websites_s7_AxisAligned_d6: acc=0.96834 train=0.6s best=0.843µs (1.0s wall, ETA 0.9h)
  [2129/3000] phishing-websites_s7_AxisAligned_d7: acc=0.973315 train=0.8s best=1.100µs (1.3s wall, ETA 0.9h)
  [2130/3000] phishing-websites_s7_AxisAligned_d8: acc=0.972863 train=1.2s best=5.176µs (1.7s wall, ETA 0.9h)
  [2131/3000] phishing-websites_s7_AxisAligned_d10: acc=0.97422 train=2.8s best=7.296µs (3.5s wall, ETA 0.9h)
  [2132/3000] phishing-websites_s7_Oblique_d3: acc=0.95251 train=1.1s best=1.620µs (1.4s wall, ETA 0.9h)
  [2133/3000] phishing-websites_s7_Oblique_d4: acc=0.962008 train=1.6s best=2.567µs (2.0s wall, ETA 0.9h)
  [2134/3000] phishing-websites_s7_Oblique_d5: acc=0.969697 train=2.3s best=4.018µs (2.7s wall, ETA 0.9h)
  [2135/3000] phishing-websites_s7_Oblique_d6: acc=0.971506 train=3.0s best=5.507µs (3.5s wall, ETA 0.9h)
  [2136/3000] phishing-websites_s7_Oblique_d8: acc=0.97422 train=5.1s best=9.148µs (5.8s wall, ETA 0.9h)
  [2137/3000] phishing-websites_s8_AxisAligned_d3: acc=0.929896 train=0.2s best=0.215µs (0.5s wall, ETA 0.9h)
  [2138/3000] phishing-websites_s8_AxisAligned_d4: acc=0.943917 train=0.3s best=0.362µs (0.6s wall, ETA 0.9h)
  [2139/3000] phishing-websites_s8_AxisAligned_d5: acc=0.951153 train=0.4s best=0.709µs (0.8s wall, ETA 0.9h)
  [2140/3000] phishing-websites_s8_AxisAligned_d6: acc=0.956128 train=0.5s best=0.838µs (1.0s wall, ETA 0.9h)
  [2141/3000] phishing-websites_s8_AxisAligned_d7: acc=0.966983 train=0.8s best=1.121µs (1.3s wall, ETA 0.9h)
  [2142/3000] phishing-websites_s8_AxisAligned_d8: acc=0.967436 train=1.2s best=5.195µs (1.7s wall, ETA 0.9h)
  [2143/3000] phishing-websites_s8_AxisAligned_d10: acc=0.973768 train=2.7s best=6.490µs (3.4s wall, ETA 0.9h)
  [2144/3000] phishing-websites_s8_Oblique_d3: acc=0.938942 train=1.1s best=1.612µs (1.4s wall, ETA 0.9h)
  [2145/3000] phishing-websites_s8_Oblique_d4: acc=0.948892 train=1.6s best=2.592µs (2.0s wall, ETA 0.9h)
  [2146/3000] phishing-websites_s8_Oblique_d5: acc=0.96246 train=2.3s best=3.856µs (2.7s wall, ETA 0.9h)
  [2147/3000] phishing-websites_s8_Oblique_d6: acc=0.968792 train=3.1s best=5.508µs (3.5s wall, ETA 0.9h)
  [2148/3000] phishing-websites_s8_Oblique_d8: acc=0.970149 train=5.0s best=8.717µs (5.6s wall, ETA 0.9h)
  [2149/3000] phishing-websites_s9_AxisAligned_d3: acc=0.932157 train=0.2s best=0.209µs (0.5s wall, ETA 0.9h)
  [2150/3000] phishing-websites_s9_AxisAligned_d4: acc=0.945726 train=0.3s best=0.353µs (0.6s wall, ETA 0.9h)
  [2151/3000] phishing-websites_s9_AxisAligned_d5: acc=0.952058 train=0.4s best=0.674µs (0.7s wall, ETA 0.9h)
  [2152/3000] phishing-websites_s9_AxisAligned_d6: acc=0.958842 train=0.6s best=0.851µs (1.0s wall, ETA 0.9h)
  [2153/3000] phishing-websites_s9_AxisAligned_d7: acc=0.965626 train=0.8s best=1.218µs (1.2s wall, ETA 0.9h)
  [2154/3000] phishing-websites_s9_AxisAligned_d8: acc=0.970149 train=1.2s best=5.095µs (1.7s wall, ETA 0.9h)
  [2155/3000] phishing-websites_s9_AxisAligned_d10: acc=0.966983 train=2.7s best=7.252µs (3.4s wall, ETA 0.9h)
  [2156/3000] phishing-websites_s9_Oblique_d3: acc=0.943012 train=1.1s best=1.553µs (1.4s wall, ETA 0.9h)
  [2157/3000] phishing-websites_s9_Oblique_d4: acc=0.953867 train=1.6s best=2.480µs (2.0s wall, ETA 0.9h)
  [2158/3000] phishing-websites_s9_Oblique_d5: acc=0.961556 train=2.3s best=3.796µs (2.7s wall, ETA 0.9h)
  [2159/3000] phishing-websites_s9_Oblique_d6: acc=0.967436 train=3.0s best=5.452µs (3.5s wall, ETA 0.9h)
  [2160/3000] phishing-websites_s9_Oblique_d8: acc=0.967436 train=5.0s best=8.869µs (5.6s wall, ETA 0.9h)

=== Dataset eeg-eye-state (id=1471) shape=(14980, 15) ===
  [2161/3000] eeg-eye-state_s0_AxisAligned_d3: acc=0.777704 train=0.1s best=0.215µs (0.5s wall, ETA 0.9h)
  [2162/3000] eeg-eye-state_s0_AxisAligned_d4: acc=0.813418 train=0.2s best=0.363µs (0.7s wall, ETA 0.9h)
  [2163/3000] eeg-eye-state_s0_AxisAligned_d5: acc=0.8498 train=0.2s best=0.594µs (0.8s wall, ETA 0.9h)
  [2164/3000] eeg-eye-state_s0_AxisAligned_d6: acc=0.881509 train=0.4s best=0.980µs (1.0s wall, ETA 0.9h)
  [2165/3000] eeg-eye-state_s0_AxisAligned_d7: acc=0.901869 train=0.5s best=1.599µs (1.2s wall, ETA 0.9h)
  [2166/3000] eeg-eye-state_s0_AxisAligned_d8: acc=0.920227 train=0.8s best=3.861µs (1.5s wall, ETA 0.9h)
  [2167/3000] eeg-eye-state_s0_AxisAligned_d10: acc=0.936248 train=1.7s best=5.394µs (2.8s wall, ETA 0.9h)
  [2168/3000] eeg-eye-state_s0_Oblique_d3: acc=0.85781 train=0.6s best=1.748µs (1.0s wall, ETA 0.9h)
  [2169/3000] eeg-eye-state_s0_Oblique_d4: acc=0.898198 train=0.9s best=3.150µs (1.4s wall, ETA 0.9h)
  [2170/3000] eeg-eye-state_s0_Oblique_d5: acc=0.93024 train=1.3s best=4.982µs (1.9s wall, ETA 0.9h)
  [2171/3000] eeg-eye-state_s0_Oblique_d6: acc=0.951936 train=1.7s best=7.125µs (2.4s wall, ETA 0.9h)
  [2172/3000] eeg-eye-state_s0_Oblique_d8: acc=0.964286 train=3.0s best=11.188µs (3.9s wall, ETA 0.9h)
  [2173/3000] eeg-eye-state_s1_AxisAligned_d3: acc=0.765688 train=0.1s best=0.233µs (0.5s wall, ETA 0.9h)
  [2174/3000] eeg-eye-state_s1_AxisAligned_d4: acc=0.811081 train=0.2s best=0.364µs (0.6s wall, ETA 0.9h)
  [2175/3000] eeg-eye-state_s1_AxisAligned_d5: acc=0.848465 train=0.2s best=0.577µs (0.8s wall, ETA 0.9h)
  [2176/3000] eeg-eye-state_s1_AxisAligned_d6: acc=0.883845 train=0.4s best=0.968µs (1.0s wall, ETA 0.9h)
  [2177/3000] eeg-eye-state_s1_AxisAligned_d7: acc=0.908545 train=0.5s best=1.624µs (1.2s wall, ETA 0.9h)
  [2178/3000] eeg-eye-state_s1_AxisAligned_d8: acc=0.925234 train=0.8s best=3.888µs (1.5s wall, ETA 0.9h)
  [2179/3000] eeg-eye-state_s1_AxisAligned_d10: acc=0.928571 train=1.7s best=5.497µs (2.8s wall, ETA 0.9h)
  [2180/3000] eeg-eye-state_s1_Oblique_d3: acc=0.845794 train=0.6s best=1.709µs (1.1s wall, ETA 0.9h)
  [2181/3000] eeg-eye-state_s1_Oblique_d4: acc=0.901869 train=0.9s best=3.136µs (1.4s wall, ETA 0.9h)
  [2182/3000] eeg-eye-state_s1_Oblique_d5: acc=0.931575 train=1.3s best=4.936µs (1.9s wall, ETA 0.9h)
  [2183/3000] eeg-eye-state_s1_Oblique_d6: acc=0.952937 train=1.7s best=7.186µs (2.4s wall, ETA 0.9h)
  [2184/3000] eeg-eye-state_s1_Oblique_d8: acc=0.965287 train=2.9s best=11.405µs (3.9s wall, ETA 0.9h)
  [2185/3000] eeg-eye-state_s2_AxisAligned_d3: acc=0.783712 train=0.1s best=0.210µs (0.5s wall, ETA 0.9h)
  [2186/3000] eeg-eye-state_s2_AxisAligned_d4: acc=0.828104 train=0.2s best=0.359µs (0.6s wall, ETA 0.9h)
  [2187/3000] eeg-eye-state_s2_AxisAligned_d5: acc=0.859146 train=0.2s best=0.578µs (0.8s wall, ETA 0.9h)
  [2188/3000] eeg-eye-state_s2_AxisAligned_d6: acc=0.893191 train=0.4s best=0.978µs (1.0s wall, ETA 0.9h)
  [2189/3000] eeg-eye-state_s2_AxisAligned_d7: acc=0.907877 train=0.5s best=1.641µs (1.2s wall, ETA 0.9h)
  [2190/3000] eeg-eye-state_s2_AxisAligned_d8: acc=0.921896 train=0.8s best=3.791µs (1.5s wall, ETA 0.9h)
  [2191/3000] eeg-eye-state_s2_AxisAligned_d10: acc=0.941255 train=1.6s best=5.370µs (2.7s wall, ETA 0.9h)
  [2192/3000] eeg-eye-state_s2_Oblique_d3: acc=0.865154 train=0.6s best=1.754µs (1.0s wall, ETA 0.9h)
  [2193/3000] eeg-eye-state_s2_Oblique_d4: acc=0.908211 train=0.9s best=3.000µs (1.4s wall, ETA 0.9h)
  [2194/3000] eeg-eye-state_s2_Oblique_d5: acc=0.932243 train=1.3s best=4.883µs (1.9s wall, ETA 0.9h)
  [2195/3000] eeg-eye-state_s2_Oblique_d6: acc=0.952937 train=1.7s best=7.023µs (2.4s wall, ETA 0.9h)
  [2196/3000] eeg-eye-state_s2_Oblique_d8: acc=0.968625 train=2.9s best=11.239µs (3.9s wall, ETA 0.9h)
  [2197/3000] eeg-eye-state_s3_AxisAligned_d3: acc=0.768024 train=0.1s best=0.210µs (0.5s wall, ETA 0.9h)
  [2198/3000] eeg-eye-state_s3_AxisAligned_d4: acc=0.813084 train=0.2s best=0.355µs (0.6s wall, ETA 0.9h)
  [2199/3000] eeg-eye-state_s3_AxisAligned_d5: acc=0.850801 train=0.2s best=0.550µs (0.8s wall, ETA 0.8h)
  [2200/3000] eeg-eye-state_s3_AxisAligned_d6: acc=0.887183 train=0.4s best=0.965µs (1.0s wall, ETA 0.8h)
  [2201/3000] eeg-eye-state_s3_AxisAligned_d7: acc=0.904539 train=0.5s best=1.777µs (1.2s wall, ETA 0.8h)
  [2202/3000] eeg-eye-state_s3_AxisAligned_d8: acc=0.916889 train=0.8s best=3.807µs (1.5s wall, ETA 0.8h)
  [2203/3000] eeg-eye-state_s3_AxisAligned_d10: acc=0.938251 train=1.7s best=5.559µs (2.7s wall, ETA 0.8h)
  [2204/3000] eeg-eye-state_s3_Oblique_d3: acc=0.850801 train=0.6s best=1.718µs (1.1s wall, ETA 0.8h)
  [2205/3000] eeg-eye-state_s3_Oblique_d4: acc=0.901869 train=0.9s best=3.102µs (1.4s wall, ETA 0.8h)
  [2206/3000] eeg-eye-state_s3_Oblique_d5: acc=0.933244 train=1.3s best=4.979µs (1.9s wall, ETA 0.8h)
  [2207/3000] eeg-eye-state_s3_Oblique_d6: acc=0.950935 train=1.7s best=6.842µs (2.4s wall, ETA 0.8h)
  [2208/3000] eeg-eye-state_s3_Oblique_d8: acc=0.968291 train=2.9s best=11.103µs (3.9s wall, ETA 0.8h)
  [2209/3000] eeg-eye-state_s4_AxisAligned_d3: acc=0.765688 train=0.1s best=0.221µs (0.5s wall, ETA 0.8h)
  [2210/3000] eeg-eye-state_s4_AxisAligned_d4: acc=0.808411 train=0.2s best=0.351µs (0.6s wall, ETA 0.8h)
  [2211/3000] eeg-eye-state_s4_AxisAligned_d5: acc=0.850134 train=0.2s best=0.565µs (0.8s wall, ETA 0.8h)
  [2212/3000] eeg-eye-state_s4_AxisAligned_d6: acc=0.884846 train=0.4s best=0.955µs (1.0s wall, ETA 0.8h)
  [2213/3000] eeg-eye-state_s4_AxisAligned_d7: acc=0.900534 train=0.5s best=1.618µs (1.2s wall, ETA 0.8h)
  [2214/3000] eeg-eye-state_s4_AxisAligned_d8: acc=0.919559 train=0.8s best=3.735µs (1.5s wall, ETA 0.8h)
  [2215/3000] eeg-eye-state_s4_AxisAligned_d10: acc=0.931575 train=1.8s best=5.379µs (2.8s wall, ETA 0.8h)
  [2216/3000] eeg-eye-state_s4_Oblique_d3: acc=0.862483 train=0.6s best=1.756µs (1.0s wall, ETA 0.8h)
  [2217/3000] eeg-eye-state_s4_Oblique_d4: acc=0.898198 train=0.9s best=2.978µs (1.4s wall, ETA 0.8h)
  [2218/3000] eeg-eye-state_s4_Oblique_d5: acc=0.929239 train=1.3s best=4.794µs (1.8s wall, ETA 0.8h)
  [2219/3000] eeg-eye-state_s4_Oblique_d6: acc=0.940254 train=1.7s best=6.944µs (2.3s wall, ETA 0.8h)
  [2220/3000] eeg-eye-state_s4_Oblique_d8: acc=0.958611 train=2.9s best=11.059µs (3.8s wall, ETA 0.8h)
  [2221/3000] eeg-eye-state_s5_AxisAligned_d3: acc=0.781041 train=0.1s best=0.202µs (0.5s wall, ETA 0.8h)
  [2222/3000] eeg-eye-state_s5_AxisAligned_d4: acc=0.81976 train=0.2s best=0.355µs (0.6s wall, ETA 0.8h)
  [2223/3000] eeg-eye-state_s5_AxisAligned_d5: acc=0.851469 train=0.2s best=0.570µs (0.8s wall, ETA 0.8h)
  [2224/3000] eeg-eye-state_s5_AxisAligned_d6: acc=0.884179 train=0.4s best=0.966µs (1.0s wall, ETA 0.8h)
  [2225/3000] eeg-eye-state_s5_AxisAligned_d7: acc=0.903204 train=0.5s best=1.633µs (1.2s wall, ETA 0.8h)
  [2226/3000] eeg-eye-state_s5_AxisAligned_d8: acc=0.917557 train=0.8s best=3.804µs (1.5s wall, ETA 0.8h)
  [2227/3000] eeg-eye-state_s5_AxisAligned_d10: acc=0.928238 train=1.6s best=5.378µs (2.7s wall, ETA 0.8h)
  [2228/3000] eeg-eye-state_s5_Oblique_d3: acc=0.84713 train=0.6s best=1.684µs (1.0s wall, ETA 0.8h)
  [2229/3000] eeg-eye-state_s5_Oblique_d4: acc=0.889519 train=0.9s best=2.958µs (1.4s wall, ETA 0.8h)
  [2230/3000] eeg-eye-state_s5_Oblique_d5: acc=0.924232 train=1.3s best=4.857µs (1.8s wall, ETA 0.8h)
  [2231/3000] eeg-eye-state_s5_Oblique_d6: acc=0.944259 train=1.7s best=6.964µs (2.4s wall, ETA 0.8h)
  [2232/3000] eeg-eye-state_s5_Oblique_d8: acc=0.963952 train=2.9s best=11.180µs (3.9s wall, ETA 0.8h)
  [2233/3000] eeg-eye-state_s6_AxisAligned_d3: acc=0.782043 train=0.1s best=0.207µs (0.5s wall, ETA 0.8h)
  [2234/3000] eeg-eye-state_s6_AxisAligned_d4: acc=0.822764 train=0.2s best=0.394µs (0.6s wall, ETA 0.8h)
  [2235/3000] eeg-eye-state_s6_AxisAligned_d5: acc=0.861816 train=0.2s best=0.550µs (0.8s wall, ETA 0.8h)
  [2236/3000] eeg-eye-state_s6_AxisAligned_d6: acc=0.892857 train=0.4s best=0.939µs (1.0s wall, ETA 0.8h)
  [2237/3000] eeg-eye-state_s6_AxisAligned_d7: acc=0.915554 train=0.5s best=1.622µs (1.2s wall, ETA 0.8h)
  [2238/3000] eeg-eye-state_s6_AxisAligned_d8: acc=0.921228 train=0.8s best=3.809µs (1.5s wall, ETA 0.8h)
  [2239/3000] eeg-eye-state_s6_AxisAligned_d10: acc=0.937583 train=1.7s best=5.383µs (2.7s wall, ETA 0.8h)
  [2240/3000] eeg-eye-state_s6_Oblique_d3: acc=0.858478 train=0.6s best=1.728µs (1.0s wall, ETA 0.8h)
  [2241/3000] eeg-eye-state_s6_Oblique_d4: acc=0.912216 train=0.9s best=2.971µs (1.4s wall, ETA 0.8h)
  [2242/3000] eeg-eye-state_s6_Oblique_d5: acc=0.937583 train=1.3s best=4.851µs (1.8s wall, ETA 0.8h)
  [2243/3000] eeg-eye-state_s6_Oblique_d6: acc=0.948598 train=1.7s best=6.861µs (2.4s wall, ETA 0.8h)
  [2244/3000] eeg-eye-state_s6_Oblique_d8: acc=0.96729 train=2.9s best=11.101µs (3.8s wall, ETA 0.8h)
  [2245/3000] eeg-eye-state_s7_AxisAligned_d3: acc=0.761348 train=0.1s best=0.206µs (0.5s wall, ETA 0.8h)
  [2246/3000] eeg-eye-state_s7_AxisAligned_d4: acc=0.808411 train=0.2s best=0.352µs (0.6s wall, ETA 0.8h)
  [2247/3000] eeg-eye-state_s7_AxisAligned_d5: acc=0.850801 train=0.2s best=0.550µs (0.8s wall, ETA 0.8h)
  [2248/3000] eeg-eye-state_s7_AxisAligned_d6: acc=0.87283 train=0.3s best=0.931µs (0.9s wall, ETA 0.8h)
  [2249/3000] eeg-eye-state_s7_AxisAligned_d7: acc=0.904206 train=0.5s best=1.583µs (1.2s wall, ETA 0.8h)
  [2250/3000] eeg-eye-state_s7_AxisAligned_d8: acc=0.919559 train=0.8s best=3.725µs (1.5s wall, ETA 0.8h)
  [2251/3000] eeg-eye-state_s7_AxisAligned_d10: acc=0.933578 train=1.7s best=5.473µs (2.8s wall, ETA 0.8h)
  [2252/3000] eeg-eye-state_s7_Oblique_d3: acc=0.854473 train=0.6s best=1.704µs (1.0s wall, ETA 0.8h)
  [2253/3000] eeg-eye-state_s7_Oblique_d4: acc=0.901202 train=1.1s best=3.590µs (1.6s wall, ETA 0.8h)
  [2254/3000] eeg-eye-state_s7_Oblique_d5: acc=0.933244 train=1.5s best=5.672µs (2.1s wall, ETA 0.8h)
  [2255/3000] eeg-eye-state_s7_Oblique_d6: acc=0.948932 train=2.0s best=7.466µs (2.7s wall, ETA 0.8h)
  [2256/3000] eeg-eye-state_s7_Oblique_d8: acc=0.968625 train=3.7s best=11.941µs (4.7s wall, ETA 0.8h)
  [2257/3000] eeg-eye-state_s8_AxisAligned_d3: acc=0.775367 train=0.1s best=0.214µs (0.5s wall, ETA 0.8h)
  [2258/3000] eeg-eye-state_s8_AxisAligned_d4: acc=0.82243 train=0.2s best=0.362µs (0.6s wall, ETA 0.8h)
  [2259/3000] eeg-eye-state_s8_AxisAligned_d5: acc=0.853805 train=0.2s best=0.619µs (0.8s wall, ETA 0.8h)
  [2260/3000] eeg-eye-state_s8_AxisAligned_d6: acc=0.884513 train=0.4s best=1.054µs (1.0s wall, ETA 0.8h)
  [2261/3000] eeg-eye-state_s8_AxisAligned_d7: acc=0.905874 train=0.5s best=1.697µs (1.3s wall, ETA 0.8h)
  [2262/3000] eeg-eye-state_s8_AxisAligned_d8: acc=0.917223 train=0.8s best=4.109µs (1.6s wall, ETA 0.8h)
  [2263/3000] eeg-eye-state_s8_AxisAligned_d10: acc=0.933244 train=1.7s best=5.612µs (2.8s wall, ETA 0.8h)
  [2264/3000] eeg-eye-state_s8_Oblique_d3: acc=0.853137 train=0.6s best=1.781µs (1.1s wall, ETA 0.8h)
  [2265/3000] eeg-eye-state_s8_Oblique_d4: acc=0.895861 train=0.9s best=3.046µs (1.4s wall, ETA 0.8h)
  [2266/3000] eeg-eye-state_s8_Oblique_d5: acc=0.926569 train=1.7s best=5.010µs (2.3s wall, ETA 0.8h)
  [2267/3000] eeg-eye-state_s8_Oblique_d6: acc=0.949266 train=1.8s best=7.397µs (2.5s wall, ETA 0.8h)
  [2268/3000] eeg-eye-state_s8_Oblique_d8: acc=0.96462 train=3.0s best=11.774µs (4.0s wall, ETA 0.8h)
  [2269/3000] eeg-eye-state_s9_AxisAligned_d3: acc=0.761348 train=0.1s best=0.204µs (0.6s wall, ETA 0.8h)
  [2270/3000] eeg-eye-state_s9_AxisAligned_d4: acc=0.809079 train=0.2s best=0.367µs (0.7s wall, ETA 0.8h)
  [2271/3000] eeg-eye-state_s9_AxisAligned_d5: acc=0.850801 train=0.2s best=0.592µs (0.8s wall, ETA 0.8h)
  [2272/3000] eeg-eye-state_s9_AxisAligned_d6: acc=0.871829 train=0.4s best=1.147µs (1.0s wall, ETA 0.8h)
  [2273/3000] eeg-eye-state_s9_AxisAligned_d7: acc=0.90287 train=0.5s best=1.796µs (1.3s wall, ETA 0.8h)
  [2274/3000] eeg-eye-state_s9_AxisAligned_d8: acc=0.916222 train=0.8s best=3.898µs (1.5s wall, ETA 0.8h)
  [2275/3000] eeg-eye-state_s9_AxisAligned_d10: acc=0.930908 train=1.7s best=5.528µs (2.8s wall, ETA 0.8h)
  [2276/3000] eeg-eye-state_s9_Oblique_d3: acc=0.853471 train=0.6s best=1.790µs (1.1s wall, ETA 0.8h)
  [2277/3000] eeg-eye-state_s9_Oblique_d4: acc=0.891856 train=1.0s best=3.157µs (1.5s wall, ETA 0.8h)
  [2278/3000] eeg-eye-state_s9_Oblique_d5: acc=0.923565 train=1.3s best=5.097µs (2.0s wall, ETA 0.8h)
  [2279/3000] eeg-eye-state_s9_Oblique_d6: acc=0.949266 train=1.8s best=7.399µs (2.5s wall, ETA 0.7h)
  [2280/3000] eeg-eye-state_s9_Oblique_d8: acc=0.962617 train=3.8s best=11.816µs (4.8s wall, ETA 0.7h)

=== Dataset nomao (id=1486) shape=(34465, 119) ===
  [2281/3000] nomao_s0_AxisAligned_d3: acc=0.9514 train=0.5s best=0.297µs (1.5s wall, ETA 0.7h)
  [2282/3000] nomao_s0_AxisAligned_d4: acc=0.956913 train=0.7s best=0.515µs (1.8s wall, ETA 0.7h)
  [2283/3000] nomao_s0_AxisAligned_d5: acc=0.958799 train=1.1s best=0.962µs (2.3s wall, ETA 0.7h)
  [2284/3000] nomao_s0_AxisAligned_d6: acc=0.960975 train=1.7s best=1.384µs (3.1s wall, ETA 0.7h)
  [2285/3000] nomao_s0_AxisAligned_d7: acc=0.962716 train=2.5s best=1.886µs (4.1s wall, ETA 0.7h)
  [2286/3000] nomao_s0_AxisAligned_d8: acc=0.963441 train=3.7s best=2.052µs (5.1s wall, ETA 0.7h)
  [2287/3000] nomao_s0_AxisAligned_d10: acc=0.9617 train=6.9s best=2.531µs (8.5s wall, ETA 0.7h)
  [2288/3000] nomao_s0_Oblique_d3: acc=0.953141 train=2.0s best=1.508µs (3.0s wall, ETA 0.7h)
  [2289/3000] nomao_s0_Oblique_d4: acc=0.960104 train=3.3s best=2.169µs (4.3s wall, ETA 0.7h)
  [2290/3000] nomao_s0_Oblique_d5: acc=0.96141 train=4.9s best=3.207µs (6.1s wall, ETA 0.7h)
  [2291/3000] nomao_s0_Oblique_d6: acc=0.96083 train=5.7s best=4.358µs (7.0s wall, ETA 0.7h)
  [2292/3000] nomao_s0_Oblique_d8: acc=0.96141 train=9.1s best=5.398µs (10.6s wall, ETA 0.7h)
  [2293/3000] nomao_s1_AxisAligned_d3: acc=0.952706 train=0.4s best=0.288µs (1.4s wall, ETA 0.7h)
  [2294/3000] nomao_s1_AxisAligned_d4: acc=0.957348 train=0.7s best=0.508µs (1.8s wall, ETA 0.7h)
  [2295/3000] nomao_s1_AxisAligned_d5: acc=0.962135 train=1.1s best=0.964µs (2.3s wall, ETA 0.7h)
  [2296/3000] nomao_s1_AxisAligned_d6: acc=0.963441 train=1.6s best=1.341µs (3.0s wall, ETA 0.7h)
  [2297/3000] nomao_s1_AxisAligned_d7: acc=0.967358 train=2.4s best=1.601µs (3.8s wall, ETA 0.7h)
  [2298/3000] nomao_s1_AxisAligned_d8: acc=0.967793 train=3.4s best=2.034µs (4.8s wall, ETA 0.7h)
  [2299/3000] nomao_s1_AxisAligned_d10: acc=0.968229 train=6.5s best=3.092µs (8.3s wall, ETA 0.7h)
  [2300/3000] nomao_s1_Oblique_d3: acc=0.957348 train=1.9s best=1.435µs (2.8s wall, ETA 0.7h)
  [2301/3000] nomao_s1_Oblique_d4: acc=0.959379 train=2.9s best=2.225µs (4.0s wall, ETA 0.7h)
  [2302/3000] nomao_s1_Oblique_d5: acc=0.963296 train=4.3s best=3.241µs (5.5s wall, ETA 0.7h)
  [2303/3000] nomao_s1_Oblique_d6: acc=0.964602 train=5.7s best=4.669µs (7.1s wall, ETA 0.7h)
  [2304/3000] nomao_s1_Oblique_d8: acc=0.965907 train=9.1s best=5.905µs (10.7s wall, ETA 0.7h)
  [2305/3000] nomao_s2_AxisAligned_d3: acc=0.95198 train=0.4s best=0.280µs (1.4s wall, ETA 0.7h)
  [2306/3000] nomao_s2_AxisAligned_d4: acc=0.957493 train=0.7s best=0.512µs (1.8s wall, ETA 0.7h)
  [2307/3000] nomao_s2_AxisAligned_d5: acc=0.960975 train=1.1s best=0.944µs (2.3s wall, ETA 0.7h)
  [2308/3000] nomao_s2_AxisAligned_d6: acc=0.963006 train=1.7s best=1.382µs (3.0s wall, ETA 0.7h)
  [2309/3000] nomao_s2_AxisAligned_d7: acc=0.963006 train=2.3s best=1.722µs (3.8s wall, ETA 0.7h)
  [2310/3000] nomao_s2_AxisAligned_d8: acc=0.962716 train=3.4s best=1.780µs (4.7s wall, ETA 0.7h)
  [2311/3000] nomao_s2_AxisAligned_d10: acc=0.963441 train=6.0s best=1.736µs (7.3s wall, ETA 0.7h)
  [2312/3000] nomao_s2_Oblique_d3: acc=0.955752 train=1.8s best=1.437µs (2.8s wall, ETA 0.7h)
  [2313/3000] nomao_s2_Oblique_d4: acc=0.959669 train=2.8s best=2.089µs (3.9s wall, ETA 0.7h)
  [2314/3000] nomao_s2_Oblique_d5: acc=0.961265 train=3.9s best=2.869µs (5.1s wall, ETA 0.7h)
  [2315/3000] nomao_s2_Oblique_d6: acc=0.963006 train=5.3s best=3.125µs (6.5s wall, ETA 0.7h)
  [2316/3000] nomao_s2_Oblique_d8: acc=0.96199 train=9.0s best=4.482µs (10.3s wall, ETA 0.7h)
  [2317/3000] nomao_s3_AxisAligned_d3: acc=0.947048 train=0.4s best=0.271µs (1.4s wall, ETA 0.7h)
  [2318/3000] nomao_s3_AxisAligned_d4: acc=0.952706 train=0.7s best=0.521µs (1.8s wall, ETA 0.7h)
  [2319/3000] nomao_s3_AxisAligned_d5: acc=0.957348 train=1.1s best=0.937µs (2.3s wall, ETA 0.7h)
  [2320/3000] nomao_s3_AxisAligned_d6: acc=0.958364 train=1.7s best=1.304µs (3.0s wall, ETA 0.7h)
  [2321/3000] nomao_s3_AxisAligned_d7: acc=0.96025 train=2.4s best=1.719µs (3.9s wall, ETA 0.7h)
  [2322/3000] nomao_s3_AxisAligned_d8: acc=0.962135 train=3.4s best=1.936µs (4.7s wall, ETA 0.7h)
  [2323/3000] nomao_s3_AxisAligned_d10: acc=0.962716 train=6.3s best=1.926µs (7.7s wall, ETA 0.7h)
  [2324/3000] nomao_s3_Oblique_d3: acc=0.954301 train=4.2s best=1.662µs (5.3s wall, ETA 0.7h)
  [2325/3000] nomao_s3_Oblique_d4: acc=0.956333 train=3.3s best=2.557µs (4.6s wall, ETA 0.7h)
  [2326/3000] nomao_s3_Oblique_d5: acc=0.959234 train=4.6s best=3.656µs (6.0s wall, ETA 0.7h)
  [2327/3000] nomao_s3_Oblique_d6: acc=0.96054 train=10.7s best=5.079µs (12.3s wall, ETA 0.7h)
  [2328/3000] nomao_s3_Oblique_d8: acc=0.961555 train=10.2s best=5.550µs (11.9s wall, ETA 0.7h)
  [2329/3000] nomao_s4_AxisAligned_d3: acc=0.945162 train=0.5s best=0.315µs (1.6s wall, ETA 0.7h)
  [2330/3000] nomao_s4_AxisAligned_d4: acc=0.95227 train=0.8s best=0.591µs (2.1s wall, ETA 0.7h)
  [2331/3000] nomao_s4_AxisAligned_d5: acc=0.957493 train=1.2s best=1.065µs (2.6s wall, ETA 0.7h)
  [2332/3000] nomao_s4_AxisAligned_d6: acc=0.959089 train=1.8s best=1.595µs (3.4s wall, ETA 0.7h)
  [2333/3000] nomao_s4_AxisAligned_d7: acc=0.959959 train=2.6s best=2.156µs (4.4s wall, ETA 0.7h)
  [2334/3000] nomao_s4_AxisAligned_d8: acc=0.96054 train=3.6s best=2.292µs (5.3s wall, ETA 0.7h)
  [2335/3000] nomao_s4_AxisAligned_d10: acc=0.960685 train=6.7s best=2.853µs (8.5s wall, ETA 0.7h)
  [2336/3000] nomao_s4_Oblique_d3: acc=0.950675 train=2.2s best=1.701µs (3.3s wall, ETA 0.7h)
  [2337/3000] nomao_s4_Oblique_d4: acc=0.956478 train=3.3s best=2.576µs (4.6s wall, ETA 0.7h)
  [2338/3000] nomao_s4_Oblique_d5: acc=0.958654 train=4.6s best=3.720µs (6.0s wall, ETA 0.7h)
  [2339/3000] nomao_s4_Oblique_d6: acc=0.961845 train=6.1s best=5.136µs (7.7s wall, ETA 0.7h)
  [2340/3000] nomao_s4_Oblique_d8: acc=0.960395 train=10.2s best=7.224µs (12.1s wall, ETA 0.7h)
  [2341/3000] nomao_s5_AxisAligned_d3: acc=0.948063 train=0.5s best=0.323µs (1.6s wall, ETA 0.7h)
  [2342/3000] nomao_s5_AxisAligned_d4: acc=0.951255 train=0.8s best=0.600µs (2.1s wall, ETA 0.7h)
  [2343/3000] nomao_s5_AxisAligned_d5: acc=0.952996 train=1.2s best=1.089µs (2.6s wall, ETA 0.7h)
  [2344/3000] nomao_s5_AxisAligned_d6: acc=0.956913 train=1.8s best=1.559µs (3.4s wall, ETA 0.7h)
  [2345/3000] nomao_s5_AxisAligned_d7: acc=0.957203 train=2.6s best=2.042µs (4.3s wall, ETA 0.7h)
  [2346/3000] nomao_s5_AxisAligned_d8: acc=0.956768 train=3.6s best=2.491µs (5.3s wall, ETA 0.7h)
  [2347/3000] nomao_s5_AxisAligned_d10: acc=0.957493 train=6.9s best=2.715µs (8.7s wall, ETA 0.7h)
  [2348/3000] nomao_s5_Oblique_d3: acc=0.952706 train=2.2s best=1.643µs (3.3s wall, ETA 0.7h)
  [2349/3000] nomao_s5_Oblique_d4: acc=0.955752 train=3.3s best=2.579µs (4.6s wall, ETA 0.7h)
  [2350/3000] nomao_s5_Oblique_d5: acc=0.957928 train=4.6s best=3.730µs (6.1s wall, ETA 0.7h)
  [2351/3000] nomao_s5_Oblique_d6: acc=0.957493 train=6.1s best=5.232µs (7.7s wall, ETA 0.7h)
  [2352/3000] nomao_s5_Oblique_d8: acc=0.958654 train=9.6s best=4.830µs (11.1s wall, ETA 0.7h)
  [2353/3000] nomao_s6_AxisAligned_d3: acc=0.949804 train=0.5s best=0.327µs (1.6s wall, ETA 0.7h)
  [2354/3000] nomao_s6_AxisAligned_d4: acc=0.953576 train=0.8s best=0.597µs (2.1s wall, ETA 0.7h)
  [2355/3000] nomao_s6_AxisAligned_d5: acc=0.957638 train=1.2s best=1.046µs (2.6s wall, ETA 0.7h)
  [2356/3000] nomao_s6_AxisAligned_d6: acc=0.958944 train=1.8s best=1.518µs (3.3s wall, ETA 0.7h)
  [2357/3000] nomao_s6_AxisAligned_d7: acc=0.959959 train=2.6s best=1.940µs (4.3s wall, ETA 0.7h)
  [2358/3000] nomao_s6_AxisAligned_d8: acc=0.959959 train=3.8s best=2.348µs (5.4s wall, ETA 0.7h)
  [2359/3000] nomao_s6_AxisAligned_d10: acc=0.957203 train=6.1s best=1.631µs (7.5s wall, ETA 0.7h)
  [2360/3000] nomao_s6_Oblique_d3: acc=0.953431 train=2.2s best=1.722µs (3.3s wall, ETA 0.7h)
  [2361/3000] nomao_s6_Oblique_d4: acc=0.955752 train=3.3s best=2.584µs (4.6s wall, ETA 0.7h)
  [2362/3000] nomao_s6_Oblique_d5: acc=0.960104 train=4.6s best=3.786µs (6.0s wall, ETA 0.7h)
  [2363/3000] nomao_s6_Oblique_d6: acc=0.958944 train=6.2s best=5.040µs (7.8s wall, ETA 0.7h)
  [2364/3000] nomao_s6_Oblique_d8: acc=0.959669 train=9.8s best=4.737µs (11.3s wall, ETA 0.7h)
  [2365/3000] nomao_s7_AxisAligned_d3: acc=0.95053 train=0.5s best=0.318µs (1.6s wall, ETA 0.7h)
  [2366/3000] nomao_s7_AxisAligned_d4: acc=0.955607 train=0.8s best=0.599µs (2.0s wall, ETA 0.7h)
  [2367/3000] nomao_s7_AxisAligned_d5: acc=0.959669 train=1.2s best=1.119µs (2.6s wall, ETA 0.7h)
  [2368/3000] nomao_s7_AxisAligned_d6: acc=0.962716 train=1.8s best=1.560µs (3.3s wall, ETA 0.7h)
  [2369/3000] nomao_s7_AxisAligned_d7: acc=0.962716 train=2.5s best=1.891µs (4.2s wall, ETA 0.7h)
  [2370/3000] nomao_s7_AxisAligned_d8: acc=0.960104 train=3.6s best=1.942µs (5.1s wall, ETA 0.7h)
  [2371/3000] nomao_s7_AxisAligned_d10: acc=0.960395 train=6.7s best=2.285µs (8.3s wall, ETA 0.7h)
  [2372/3000] nomao_s7_Oblique_d3: acc=0.955752 train=2.2s best=1.672µs (3.3s wall, ETA 0.7h)
  [2373/3000] nomao_s7_Oblique_d4: acc=0.959234 train=3.3s best=2.436µs (4.6s wall, ETA 0.7h)
  [2374/3000] nomao_s7_Oblique_d5: acc=0.962135 train=4.6s best=3.482µs (6.0s wall, ETA 0.7h)
  [2375/3000] nomao_s7_Oblique_d6: acc=0.962135 train=6.1s best=5.149µs (7.7s wall, ETA 0.7h)
  [2376/3000] nomao_s7_Oblique_d8: acc=0.964602 train=10.2s best=5.150µs (11.8s wall, ETA 0.7h)
  [2377/3000] nomao_s8_AxisAligned_d3: acc=0.953431 train=0.5s best=0.319µs (1.6s wall, ETA 0.7h)
  [2378/3000] nomao_s8_AxisAligned_d4: acc=0.959234 train=0.8s best=0.632µs (2.1s wall, ETA 0.7h)
  [2379/3000] nomao_s8_AxisAligned_d5: acc=0.961555 train=1.2s best=1.071µs (2.6s wall, ETA 0.7h)
  [2380/3000] nomao_s8_AxisAligned_d6: acc=0.964457 train=1.8s best=1.559µs (3.4s wall, ETA 0.7h)
  [2381/3000] nomao_s8_AxisAligned_d7: acc=0.966198 train=2.6s best=2.060µs (4.3s wall, ETA 0.7h)
  [2382/3000] nomao_s8_AxisAligned_d8: acc=0.966198 train=3.8s best=2.505µs (5.5s wall, ETA 0.7h)
  [2383/3000] nomao_s8_AxisAligned_d10: acc=0.967938 train=6.9s best=3.324µs (8.9s wall, ETA 0.7h)
  [2384/3000] nomao_s8_Oblique_d3: acc=0.957348 train=2.2s best=1.681µs (3.3s wall, ETA 0.6h)
  [2385/3000] nomao_s8_Oblique_d4: acc=0.963296 train=3.3s best=2.565µs (4.6s wall, ETA 0.6h)
  [2386/3000] nomao_s8_Oblique_d5: acc=0.966343 train=4.6s best=3.621µs (6.0s wall, ETA 0.6h)
  [2387/3000] nomao_s8_Oblique_d6: acc=0.965762 train=6.2s best=5.338µs (7.8s wall, ETA 0.6h)
  [2388/3000] nomao_s8_Oblique_d8: acc=0.967358 train=10.3s best=6.899µs (12.1s wall, ETA 0.6h)
  [2389/3000] nomao_s9_AxisAligned_d3: acc=0.948789 train=0.5s best=0.319µs (1.6s wall, ETA 0.6h)
  [2390/3000] nomao_s9_AxisAligned_d4: acc=0.954882 train=0.8s best=0.610µs (2.1s wall, ETA 0.6h)
  [2391/3000] nomao_s9_AxisAligned_d5: acc=0.956623 train=1.2s best=1.145µs (2.6s wall, ETA 0.6h)
  [2392/3000] nomao_s9_AxisAligned_d6: acc=0.958799 train=1.8s best=1.530µs (3.4s wall, ETA 0.6h)
  [2393/3000] nomao_s9_AxisAligned_d7: acc=0.960685 train=2.6s best=2.062µs (4.3s wall, ETA 0.6h)
  [2394/3000] nomao_s9_AxisAligned_d8: acc=0.96054 train=3.8s best=2.581µs (5.5s wall, ETA 0.6h)
  [2395/3000] nomao_s9_AxisAligned_d10: acc=0.959234 train=6.8s best=3.211µs (8.7s wall, ETA 0.6h)
  [2396/3000] nomao_s9_Oblique_d3: acc=0.953431 train=2.1s best=1.659µs (3.3s wall, ETA 0.6h)
  [2397/3000] nomao_s9_Oblique_d4: acc=0.955462 train=3.3s best=2.491µs (4.6s wall, ETA 0.6h)
  [2398/3000] nomao_s9_Oblique_d5: acc=0.958364 train=4.6s best=3.511µs (6.0s wall, ETA 0.6h)
  [2399/3000] nomao_s9_Oblique_d6: acc=0.959089 train=6.2s best=5.104µs (7.8s wall, ETA 0.6h)
  [2400/3000] nomao_s9_Oblique_d8: acc=0.961845 train=10.1s best=7.577µs (12.0s wall, ETA 0.6h)

=== Dataset adult (id=1590) shape=(48842, 15) ===
  [2401/3000] adult_s0_AxisAligned_d3: acc=0.855666 train=0.1s best=0.191µs (1.5s wall, ETA 0.6h)
  [2402/3000] adult_s0_AxisAligned_d4: acc=0.860989 train=0.2s best=0.299µs (1.7s wall, ETA 0.6h)
  [2403/3000] adult_s0_AxisAligned_d5: acc=0.864367 train=0.3s best=0.413µs (1.9s wall, ETA 0.6h)
  [2404/3000] adult_s0_AxisAligned_d6: acc=0.864981 train=0.4s best=0.685µs (2.3s wall, ETA 0.6h)
  [2405/3000] adult_s0_AxisAligned_d7: acc=0.866312 train=0.5s best=0.967µs (2.5s wall, ETA 0.6h)
  [2406/3000] adult_s0_AxisAligned_d8: acc=0.864879 train=0.7s best=1.729µs (2.4s wall, ETA 0.6h)
  [2407/3000] adult_s0_AxisAligned_d10: acc=0.862217 train=0.9s best=1.690µs (2.7s wall, ETA 0.6h)
  [2408/3000] adult_s0_Oblique_d3: acc=0.857918 train=0.5s best=1.599µs (1.8s wall, ETA 0.6h)
  [2409/3000] adult_s0_Oblique_d4: acc=0.862115 train=0.8s best=2.524µs (2.3s wall, ETA 0.6h)
  [2410/3000] adult_s0_Oblique_d5: acc=0.864469 train=1.1s best=3.338µs (2.8s wall, ETA 0.6h)
  [2411/3000] adult_s0_Oblique_d6: acc=0.865595 train=1.4s best=3.297µs (3.0s wall, ETA 0.6h)
  [2412/3000] adult_s0_Oblique_d8: acc=0.865186 train=1.8s best=4.022µs (3.6s wall, ETA 0.6h)
  [2413/3000] adult_s1_AxisAligned_d3: acc=0.857201 train=0.1s best=0.198µs (1.5s wall, ETA 0.6h)
  [2414/3000] adult_s1_AxisAligned_d4: acc=0.862831 train=0.2s best=0.297µs (1.7s wall, ETA 0.6h)
  [2415/3000] adult_s1_AxisAligned_d5: acc=0.864264 train=0.3s best=0.429µs (1.9s wall, ETA 0.6h)
  [2416/3000] adult_s1_AxisAligned_d6: acc=0.862217 train=0.4s best=0.681µs (2.2s wall, ETA 0.6h)
  [2417/3000] adult_s1_AxisAligned_d7: acc=0.861603 train=0.4s best=0.642µs (2.1s wall, ETA 0.6h)
  [2418/3000] adult_s1_AxisAligned_d8: acc=0.863241 train=0.6s best=1.343µs (2.2s wall, ETA 0.6h)
  [2419/3000] adult_s1_AxisAligned_d10: acc=0.857713 train=1.0s best=2.212µs (3.0s wall, ETA 0.6h)
  [2420/3000] adult_s1_Oblique_d3: acc=0.859556 train=0.5s best=1.533µs (1.8s wall, ETA 0.6h)
  [2421/3000] adult_s1_Oblique_d4: acc=0.860579 train=0.8s best=2.587µs (2.3s wall, ETA 0.6h)
  [2422/3000] adult_s1_Oblique_d5: acc=0.86365 train=1.1s best=3.273µs (2.8s wall, ETA 0.6h)
  [2423/3000] adult_s1_Oblique_d6: acc=0.861194 train=1.5s best=4.449µs (3.3s wall, ETA 0.6h)
  [2424/3000] adult_s1_Oblique_d8: acc=0.86191 train=1.7s best=3.628µs (3.4s wall, ETA 0.6h)
  [2425/3000] adult_s2_AxisAligned_d3: acc=0.863036 train=0.1s best=0.202µs (1.5s wall, ETA 0.6h)
  [2426/3000] adult_s2_AxisAligned_d4: acc=0.8658 train=0.2s best=0.311µs (1.7s wall, ETA 0.6h)
  [2427/3000] adult_s2_AxisAligned_d5: acc=0.864264 train=0.3s best=0.507µs (2.0s wall, ETA 0.6h)
  [2428/3000] adult_s2_AxisAligned_d6: acc=0.867438 train=0.4s best=0.754µs (2.3s wall, ETA 0.6h)
  [2429/3000] adult_s2_AxisAligned_d7: acc=0.867847 train=0.5s best=0.962µs (2.5s wall, ETA 0.6h)
  [2430/3000] adult_s2_AxisAligned_d8: acc=0.864674 train=0.7s best=2.184µs (2.6s wall, ETA 0.6h)
  [2431/3000] adult_s2_AxisAligned_d10: acc=0.864264 train=0.9s best=1.780µs (2.7s wall, ETA 0.6h)
  [2432/3000] adult_s2_Oblique_d3: acc=0.863241 train=0.5s best=1.607µs (1.8s wall, ETA 0.6h)
  [2433/3000] adult_s2_Oblique_d4: acc=0.863548 train=0.8s best=2.638µs (2.3s wall, ETA 0.6h)
  [2434/3000] adult_s2_Oblique_d5: acc=0.864162 train=1.1s best=3.746µs (2.8s wall, ETA 0.6h)
  [2435/3000] adult_s2_Oblique_d6: acc=0.864674 train=1.3s best=2.986µs (2.8s wall, ETA 0.6h)
  [2436/3000] adult_s2_Oblique_d8: acc=0.862115 train=2.0s best=4.649µs (3.9s wall, ETA 0.6h)
  [2437/3000] adult_s3_AxisAligned_d3: acc=0.854745 train=0.1s best=0.192µs (1.4s wall, ETA 0.6h)
  [2438/3000] adult_s3_AxisAligned_d4: acc=0.85669 train=0.2s best=0.303µs (1.7s wall, ETA 0.6h)
  [2439/3000] adult_s3_AxisAligned_d5: acc=0.862217 train=0.3s best=0.477µs (2.0s wall, ETA 0.6h)
  [2440/3000] adult_s3_AxisAligned_d6: acc=0.868257 train=0.4s best=0.712µs (2.3s wall, ETA 0.6h)
  [2441/3000] adult_s3_AxisAligned_d7: acc=0.866619 train=0.5s best=0.912µs (2.5s wall, ETA 0.6h)
  [2442/3000] adult_s3_AxisAligned_d8: acc=0.865595 train=0.7s best=2.493µs (2.7s wall, ETA 0.6h)
  [2443/3000] adult_s3_AxisAligned_d10: acc=0.861501 train=1.0s best=1.728µs (2.7s wall, ETA 0.6h)
  [2444/3000] adult_s3_Oblique_d3: acc=0.85669 train=0.5s best=1.625µs (1.9s wall, ETA 0.6h)
  [2445/3000] adult_s3_Oblique_d4: acc=0.860682 train=0.8s best=2.615µs (2.3s wall, ETA 0.6h)
  [2446/3000] adult_s3_Oblique_d5: acc=0.861603 train=1.1s best=3.638µs (2.8s wall, ETA 0.6h)
  [2447/3000] adult_s3_Oblique_d6: acc=0.861296 train=1.5s best=5.264µs (3.5s wall, ETA 0.6h)
  [2448/3000] adult_s3_Oblique_d8: acc=0.859863 train=2.3s best=5.790µs (4.3s wall, ETA 0.6h)
  [2449/3000] adult_s4_AxisAligned_d3: acc=0.855973 train=0.1s best=0.194µs (1.4s wall, ETA 0.6h)
  [2450/3000] adult_s4_AxisAligned_d4: acc=0.861091 train=0.2s best=0.303µs (1.7s wall, ETA 0.6h)
  [2451/3000] adult_s4_AxisAligned_d5: acc=0.861501 train=0.3s best=0.427µs (1.9s wall, ETA 0.6h)
  [2452/3000] adult_s4_AxisAligned_d6: acc=0.864776 train=0.4s best=0.683µs (2.2s wall, ETA 0.6h)
  [2453/3000] adult_s4_AxisAligned_d7: acc=0.863343 train=0.5s best=1.187µs (2.6s wall, ETA 0.6h)
  [2454/3000] adult_s4_AxisAligned_d8: acc=0.861705 train=0.7s best=3.159µs (2.9s wall, ETA 0.6h)
  [2455/3000] adult_s4_AxisAligned_d10: acc=0.857918 train=1.3s best=3.281µs (3.6s wall, ETA 0.6h)
  [2456/3000] adult_s4_Oblique_d3: acc=0.858839 train=0.5s best=1.625µs (1.8s wall, ETA 0.6h)
  [2457/3000] adult_s4_Oblique_d4: acc=0.860886 train=0.8s best=2.469µs (2.3s wall, ETA 0.6h)
  [2458/3000] adult_s4_Oblique_d5: acc=0.864469 train=1.1s best=3.853µs (2.8s wall, ETA 0.6h)
  [2459/3000] adult_s4_Oblique_d6: acc=0.863241 train=1.4s best=5.143µs (3.4s wall, ETA 0.6h)
  [2460/3000] adult_s4_Oblique_d8: acc=0.860272 train=2.3s best=6.261µs (4.5s wall, ETA 0.6h)
  [2461/3000] adult_s5_AxisAligned_d3: acc=0.862831 train=0.1s best=0.195µs (1.4s wall, ETA 0.6h)
  [2462/3000] adult_s5_AxisAligned_d4: acc=0.86928 train=0.2s best=0.305µs (1.7s wall, ETA 0.6h)
  [2463/3000] adult_s5_AxisAligned_d5: acc=0.871328 train=0.3s best=0.442µs (1.9s wall, ETA 0.6h)
  [2464/3000] adult_s5_AxisAligned_d6: acc=0.869383 train=0.4s best=0.594µs (2.1s wall, ETA 0.6h)
  [2465/3000] adult_s5_AxisAligned_d7: acc=0.86969 train=0.5s best=0.906µs (2.5s wall, ETA 0.6h)
  [2466/3000] adult_s5_AxisAligned_d8: acc=0.86795 train=0.7s best=2.157µs (2.6s wall, ETA 0.6h)
  [2467/3000] adult_s5_AxisAligned_d10: acc=0.867335 train=0.9s best=1.529µs (2.6s wall, ETA 0.6h)
  [2468/3000] adult_s5_Oblique_d3: acc=0.859658 train=0.5s best=1.619µs (1.8s wall, ETA 0.6h)
  [2469/3000] adult_s5_Oblique_d4: acc=0.866209 train=0.8s best=2.618µs (2.3s wall, ETA 0.6h)
  [2470/3000] adult_s5_Oblique_d5: acc=0.869076 train=1.1s best=4.067µs (2.9s wall, ETA 0.6h)
  [2471/3000] adult_s5_Oblique_d6: acc=0.868154 train=1.5s best=5.442µs (3.5s wall, ETA 0.6h)
  [2472/3000] adult_s5_Oblique_d8: acc=0.865186 train=1.8s best=3.947µs (3.5s wall, ETA 0.6h)
  [2473/3000] adult_s6_AxisAligned_d3: acc=0.858123 train=0.1s best=0.186µs (1.4s wall, ETA 0.6h)
  [2474/3000] adult_s6_AxisAligned_d4: acc=0.86365 train=0.2s best=0.304µs (1.7s wall, ETA 0.6h)
  [2475/3000] adult_s6_AxisAligned_d5: acc=0.867233 train=0.3s best=0.411µs (1.9s wall, ETA 0.5h)
  [2476/3000] adult_s6_AxisAligned_d6: acc=0.869383 train=0.4s best=0.748µs (2.3s wall, ETA 0.5h)
  [2477/3000] adult_s6_AxisAligned_d7: acc=0.869792 train=0.5s best=0.874µs (2.4s wall, ETA 0.5h)
  [2478/3000] adult_s6_AxisAligned_d8: acc=0.868154 train=0.7s best=2.220µs (2.6s wall, ETA 0.5h)
  [2479/3000] adult_s6_AxisAligned_d10: acc=0.865493 train=1.0s best=1.647µs (2.7s wall, ETA 0.5h)
  [2480/3000] adult_s6_Oblique_d3: acc=0.858942 train=0.5s best=1.661µs (1.9s wall, ETA 0.5h)
  [2481/3000] adult_s6_Oblique_d4: acc=0.862627 train=0.8s best=2.256µs (2.1s wall, ETA 0.5h)
  [2482/3000] adult_s6_Oblique_d5: acc=0.866107 train=0.9s best=2.846µs (2.3s wall, ETA 0.5h)
  [2483/3000] adult_s6_Oblique_d6: acc=0.866926 train=1.2s best=4.187µs (2.9s wall, ETA 0.5h)
  [2484/3000] adult_s6_Oblique_d8: acc=0.859044 train=2.1s best=5.872µs (4.0s wall, ETA 0.5h)
  [2485/3000] adult_s7_AxisAligned_d3: acc=0.85976 train=0.1s best=0.160µs (1.2s wall, ETA 0.5h)
  [2486/3000] adult_s7_AxisAligned_d4: acc=0.8658 train=0.2s best=0.259µs (1.5s wall, ETA 0.5h)
  [2487/3000] adult_s7_AxisAligned_d5: acc=0.867438 train=0.2s best=0.384µs (1.7s wall, ETA 0.5h)
  [2488/3000] adult_s7_AxisAligned_d6: acc=0.867233 train=0.3s best=0.603µs (1.9s wall, ETA 0.5h)
  [2489/3000] adult_s7_AxisAligned_d7: acc=0.8658 train=0.5s best=0.829µs (2.2s wall, ETA 0.5h)
  [2490/3000] adult_s7_AxisAligned_d8: acc=0.86754 train=0.6s best=1.982µs (2.3s wall, ETA 0.5h)
  [2491/3000] adult_s7_AxisAligned_d10: acc=0.865595 train=1.2s best=3.138µs (3.3s wall, ETA 0.5h)
  [2492/3000] adult_s7_Oblique_d3: acc=0.860068 train=0.5s best=1.471µs (1.6s wall, ETA 0.5h)
  [2493/3000] adult_s7_Oblique_d4: acc=0.866414 train=0.7s best=2.337µs (2.0s wall, ETA 0.5h)
  [2494/3000] adult_s7_Oblique_d5: acc=0.865391 train=0.9s best=3.382µs (2.4s wall, ETA 0.5h)
  [2495/3000] adult_s7_Oblique_d6: acc=0.865186 train=1.3s best=5.115µs (3.0s wall, ETA 0.5h)
  [2496/3000] adult_s7_Oblique_d8: acc=0.863036 train=2.0s best=5.138µs (3.8s wall, ETA 0.5h)
  [2497/3000] adult_s8_AxisAligned_d3: acc=0.860989 train=0.1s best=0.164µs (1.3s wall, ETA 0.5h)
  [2498/3000] adult_s8_AxisAligned_d4: acc=0.8658 train=0.2s best=0.253µs (1.4s wall, ETA 0.5h)
  [2499/3000] adult_s8_AxisAligned_d5: acc=0.866619 train=0.2s best=0.386µs (1.7s wall, ETA 0.5h)
  [2500/3000] adult_s8_AxisAligned_d6: acc=0.868359 train=0.3s best=0.493µs (1.8s wall, ETA 0.5h)
  [2501/3000] adult_s8_AxisAligned_d7: acc=0.868461 train=0.5s best=0.882µs (2.4s wall, ETA 0.5h)
  [2502/3000] adult_s8_AxisAligned_d8: acc=0.866209 train=0.6s best=1.382µs (2.2s wall, ETA 0.5h)
  [2503/3000] adult_s8_AxisAligned_d10: acc=0.861194 train=0.9s best=1.587µs (2.6s wall, ETA 0.5h)
  [2504/3000] adult_s8_Oblique_d3: acc=0.858634 train=0.5s best=1.551µs (1.8s wall, ETA 0.5h)
  [2505/3000] adult_s8_Oblique_d4: acc=0.864367 train=0.8s best=2.604µs (2.3s wall, ETA 0.5h)
  [2506/3000] adult_s8_Oblique_d5: acc=0.869076 train=1.1s best=3.433µs (2.8s wall, ETA 0.5h)
  [2507/3000] adult_s8_Oblique_d6: acc=0.869895 train=1.4s best=3.857µs (3.2s wall, ETA 0.5h)
  [2508/3000] adult_s8_Oblique_d8: acc=0.865595 train=2.0s best=4.508µs (3.8s wall, ETA 0.5h)
  [2509/3000] adult_s9_AxisAligned_d3: acc=0.862422 train=0.1s best=0.200µs (1.5s wall, ETA 0.5h)
  [2510/3000] adult_s9_AxisAligned_d4: acc=0.868359 train=0.2s best=0.302µs (1.7s wall, ETA 0.5h)
  [2511/3000] adult_s9_AxisAligned_d5: acc=0.870099 train=0.3s best=0.461µs (2.0s wall, ETA 0.5h)
  [2512/3000] adult_s9_AxisAligned_d6: acc=0.870713 train=0.4s best=0.702µs (2.3s wall, ETA 0.5h)
  [2513/3000] adult_s9_AxisAligned_d7: acc=0.868973 train=0.5s best=1.121µs (2.7s wall, ETA 0.5h)
  [2514/3000] adult_s9_AxisAligned_d8: acc=0.868359 train=0.6s best=1.616µs (2.3s wall, ETA 0.5h)
  [2515/3000] adult_s9_AxisAligned_d10: acc=0.866414 train=0.9s best=1.407µs (2.5s wall, ETA 0.5h)
  [2516/3000] adult_s9_Oblique_d3: acc=0.862524 train=0.5s best=1.664µs (1.8s wall, ETA 0.5h)
  [2517/3000] adult_s9_Oblique_d4: acc=0.864674 train=0.8s best=2.684µs (2.3s wall, ETA 0.5h)
  [2518/3000] adult_s9_Oblique_d5: acc=0.864674 train=1.1s best=3.796µs (2.8s wall, ETA 0.5h)
  [2519/3000] adult_s9_Oblique_d6: acc=0.866005 train=1.4s best=3.467µs (3.0s wall, ETA 0.5h)
  [2520/3000] adult_s9_Oblique_d8: acc=0.864879 train=2.8s best=4.331µs (4.6s wall, ETA 0.5h)

=== Dataset bank-marketing (id=1461) shape=(45211, 17) ===
  [2521/3000] bank-marketing_s0_AxisAligned_d3: acc=0.898264 train=0.1s best=0.225µs (1.4s wall, ETA 0.5h)
  [2522/3000] bank-marketing_s0_AxisAligned_d4: acc=0.900586 train=0.2s best=0.320µs (1.6s wall, ETA 0.5h)
  [2523/3000] bank-marketing_s0_AxisAligned_d5: acc=0.90136 train=0.3s best=0.449µs (1.7s wall, ETA 0.5h)
  [2524/3000] bank-marketing_s0_AxisAligned_d6: acc=0.902024 train=0.4s best=0.820µs (1.9s wall, ETA 0.5h)
  [2525/3000] bank-marketing_s0_AxisAligned_d7: acc=0.89948 train=0.5s best=0.747µs (2.0s wall, ETA 0.5h)
  [2526/3000] bank-marketing_s0_AxisAligned_d8: acc=0.898043 train=0.6s best=1.167µs (1.9s wall, ETA 0.5h)
  [2527/3000] bank-marketing_s0_AxisAligned_d10: acc=0.896163 train=0.9s best=1.113µs (2.2s wall, ETA 0.5h)
  [2528/3000] bank-marketing_s0_Oblique_d3: acc=0.900365 train=0.7s best=1.552µs (1.8s wall, ETA 0.5h)
  [2529/3000] bank-marketing_s0_Oblique_d4: acc=0.901028 train=1.0s best=2.197µs (2.3s wall, ETA 0.5h)
  [2530/3000] bank-marketing_s0_Oblique_d5: acc=0.901471 train=1.4s best=3.443µs (2.9s wall, ETA 0.5h)
  [2531/3000] bank-marketing_s0_Oblique_d6: acc=0.89948 train=1.9s best=4.335µs (3.5s wall, ETA 0.5h)
  [2532/3000] bank-marketing_s0_Oblique_d8: acc=0.899259 train=1.9s best=2.407µs (3.2s wall, ETA 0.5h)
  [2533/3000] bank-marketing_s1_AxisAligned_d3: acc=0.90125 train=0.1s best=0.210µs (1.4s wall, ETA 0.5h)
  [2534/3000] bank-marketing_s1_AxisAligned_d4: acc=0.902908 train=0.2s best=0.323µs (1.5s wall, ETA 0.5h)
  [2535/3000] bank-marketing_s1_AxisAligned_d5: acc=0.901692 train=0.3s best=0.443µs (1.7s wall, ETA 0.5h)
  [2536/3000] bank-marketing_s1_AxisAligned_d6: acc=0.902355 train=0.4s best=0.718µs (2.1s wall, ETA 0.5h)
  [2537/3000] bank-marketing_s1_AxisAligned_d7: acc=0.902245 train=0.6s best=0.913µs (2.3s wall, ETA 0.5h)
  [2538/3000] bank-marketing_s1_AxisAligned_d8: acc=0.900254 train=0.7s best=2.266µs (2.5s wall, ETA 0.5h)
  [2539/3000] bank-marketing_s1_AxisAligned_d10: acc=0.898485 train=1.1s best=2.094µs (2.8s wall, ETA 0.5h)
  [2540/3000] bank-marketing_s1_Oblique_d3: acc=0.898817 train=0.7s best=1.504µs (1.8s wall, ETA 0.5h)
  [2541/3000] bank-marketing_s1_Oblique_d4: acc=0.901471 train=1.0s best=2.344µs (2.3s wall, ETA 0.5h)
  [2542/3000] bank-marketing_s1_Oblique_d5: acc=0.901028 train=1.4s best=3.417µs (2.9s wall, ETA 0.5h)
  [2543/3000] bank-marketing_s1_Oblique_d6: acc=0.902687 train=1.9s best=3.541µs (3.4s wall, ETA 0.5h)
  [2544/3000] bank-marketing_s1_Oblique_d8: acc=0.902577 train=2.9s best=6.804µs (5.0s wall, ETA 0.5h)
  [2545/3000] bank-marketing_s2_AxisAligned_d3: acc=0.896826 train=0.1s best=0.197µs (1.3s wall, ETA 0.5h)
  [2546/3000] bank-marketing_s2_AxisAligned_d4: acc=0.898374 train=0.2s best=0.317µs (1.5s wall, ETA 0.5h)
  [2547/3000] bank-marketing_s2_AxisAligned_d5: acc=0.90136 train=0.3s best=0.443µs (1.7s wall, ETA 0.5h)
  [2548/3000] bank-marketing_s2_AxisAligned_d6: acc=0.899812 train=0.3s best=0.498µs (1.7s wall, ETA 0.5h)
  [2549/3000] bank-marketing_s2_AxisAligned_d7: acc=0.900254 train=0.5s best=0.878µs (2.1s wall, ETA 0.5h)
  [2550/3000] bank-marketing_s2_AxisAligned_d8: acc=0.898485 train=0.7s best=1.815µs (2.3s wall, ETA 0.5h)
  [2551/3000] bank-marketing_s2_AxisAligned_d10: acc=0.896605 train=1.0s best=1.516µs (2.4s wall, ETA 0.5h)
  [2552/3000] bank-marketing_s2_Oblique_d3: acc=0.898817 train=0.7s best=1.408µs (1.8s wall, ETA 0.5h)
  [2553/3000] bank-marketing_s2_Oblique_d4: acc=0.901139 train=1.0s best=2.079µs (2.3s wall, ETA 0.5h)
  [2554/3000] bank-marketing_s2_Oblique_d5: acc=0.902466 train=1.4s best=3.179µs (2.9s wall, ETA 0.5h)
  [2555/3000] bank-marketing_s2_Oblique_d6: acc=0.905009 train=1.8s best=4.843µs (3.5s wall, ETA 0.5h)
  [2556/3000] bank-marketing_s2_Oblique_d8: acc=0.899812 train=2.4s best=3.973µs (4.0s wall, ETA 0.5h)
  [2557/3000] bank-marketing_s3_AxisAligned_d3: acc=0.903904 train=0.1s best=0.205µs (1.3s wall, ETA 0.5h)
  [2558/3000] bank-marketing_s3_AxisAligned_d4: acc=0.905783 train=0.2s best=0.325µs (1.5s wall, ETA 0.5h)
  [2559/3000] bank-marketing_s3_AxisAligned_d5: acc=0.905673 train=0.3s best=0.458µs (1.8s wall, ETA 0.5h)
  [2560/3000] bank-marketing_s3_AxisAligned_d6: acc=0.905783 train=0.4s best=0.618µs (1.9s wall, ETA 0.5h)
  [2561/3000] bank-marketing_s3_AxisAligned_d7: acc=0.904788 train=0.5s best=0.756µs (1.9s wall, ETA 0.5h)
  [2562/3000] bank-marketing_s3_AxisAligned_d8: acc=0.903793 train=0.8s best=2.508µs (2.5s wall, ETA 0.5h)
  [2563/3000] bank-marketing_s3_AxisAligned_d10: acc=0.902798 train=1.0s best=1.831µs (2.6s wall, ETA 0.5h)
  [2564/3000] bank-marketing_s3_Oblique_d3: acc=0.904346 train=0.7s best=1.415µs (1.8s wall, ETA 0.4h)
  [2565/3000] bank-marketing_s3_Oblique_d4: acc=0.904678 train=1.0s best=2.381µs (2.3s wall, ETA 0.4h)
  [2566/3000] bank-marketing_s3_Oblique_d5: acc=0.90512 train=1.4s best=3.344µs (2.9s wall, ETA 0.4h)
  [2567/3000] bank-marketing_s3_Oblique_d6: acc=0.90324 train=1.8s best=4.303µs (3.5s wall, ETA 0.4h)
  [2568/3000] bank-marketing_s3_Oblique_d8: acc=0.904678 train=2.3s best=3.466µs (3.8s wall, ETA 0.4h)
  [2569/3000] bank-marketing_s4_AxisAligned_d3: acc=0.89937 train=0.1s best=0.214µs (1.4s wall, ETA 0.4h)
  [2570/3000] bank-marketing_s4_AxisAligned_d4: acc=0.902466 train=0.2s best=0.320µs (1.6s wall, ETA 0.4h)
  [2571/3000] bank-marketing_s4_AxisAligned_d5: acc=0.903461 train=0.3s best=0.446µs (1.7s wall, ETA 0.4h)
  [2572/3000] bank-marketing_s4_AxisAligned_d6: acc=0.904235 train=0.4s best=0.653µs (2.0s wall, ETA 0.4h)
  [2573/3000] bank-marketing_s4_AxisAligned_d7: acc=0.90324 train=0.6s best=1.178µs (2.5s wall, ETA 0.4h)
  [2574/3000] bank-marketing_s4_AxisAligned_d8: acc=0.904567 train=0.7s best=1.949µs (2.4s wall, ETA 0.4h)
  [2575/3000] bank-marketing_s4_AxisAligned_d10: acc=0.897932 train=0.8s best=1.024µs (2.1s wall, ETA 0.4h)
  [2576/3000] bank-marketing_s4_Oblique_d3: acc=0.900144 train=0.7s best=1.455µs (1.8s wall, ETA 0.4h)
  [2577/3000] bank-marketing_s4_Oblique_d4: acc=0.902466 train=0.9s best=1.309µs (2.0s wall, ETA 0.4h)
  [2578/3000] bank-marketing_s4_Oblique_d5: acc=0.900586 train=1.4s best=2.538µs (2.7s wall, ETA 0.4h)
  [2579/3000] bank-marketing_s4_Oblique_d6: acc=0.901581 train=1.9s best=3.479µs (3.4s wall, ETA 0.4h)
  [2580/3000] bank-marketing_s4_Oblique_d8: acc=0.900918 train=2.1s best=3.067µs (3.5s wall, ETA 0.4h)
  [2581/3000] bank-marketing_s5_AxisAligned_d3: acc=0.90313 train=0.1s best=0.220µs (1.3s wall, ETA 0.4h)
  [2582/3000] bank-marketing_s5_AxisAligned_d4: acc=0.904346 train=0.2s best=0.320µs (1.5s wall, ETA 0.4h)
  [2583/3000] bank-marketing_s5_AxisAligned_d5: acc=0.903572 train=0.3s best=0.447µs (1.7s wall, ETA 0.4h)
  [2584/3000] bank-marketing_s5_AxisAligned_d6: acc=0.907885 train=0.4s best=0.679µs (2.0s wall, ETA 0.4h)
  [2585/3000] bank-marketing_s5_AxisAligned_d7: acc=0.906005 train=0.6s best=1.005µs (2.4s wall, ETA 0.4h)
  [2586/3000] bank-marketing_s5_AxisAligned_d8: acc=0.90136 train=0.6s best=1.509µs (2.1s wall, ETA 0.4h)
  [2587/3000] bank-marketing_s5_AxisAligned_d10: acc=0.903682 train=1.0s best=1.892µs (2.7s wall, ETA 0.4h)
  [2588/3000] bank-marketing_s5_Oblique_d3: acc=0.90136 train=0.7s best=1.543µs (1.8s wall, ETA 0.4h)
  [2589/3000] bank-marketing_s5_Oblique_d4: acc=0.90313 train=1.0s best=2.172µs (2.3s wall, ETA 0.4h)
  [2590/3000] bank-marketing_s5_Oblique_d5: acc=0.902466 train=1.4s best=3.317µs (2.9s wall, ETA 0.4h)
  [2591/3000] bank-marketing_s5_Oblique_d6: acc=0.901913 train=1.7s best=3.005µs (3.1s wall, ETA 0.4h)
  [2592/3000] bank-marketing_s5_Oblique_d8: acc=0.90512 train=3.0s best=6.048µs (4.9s wall, ETA 0.4h)
  [2593/3000] bank-marketing_s6_AxisAligned_d3: acc=0.897379 train=0.1s best=0.210µs (1.3s wall, ETA 0.4h)
  [2594/3000] bank-marketing_s6_AxisAligned_d4: acc=0.89948 train=0.2s best=0.360µs (1.6s wall, ETA 0.4h)
  [2595/3000] bank-marketing_s6_AxisAligned_d5: acc=0.898485 train=0.3s best=0.482µs (1.8s wall, ETA 0.4h)
  [2596/3000] bank-marketing_s6_AxisAligned_d6: acc=0.897269 train=0.3s best=0.488µs (1.7s wall, ETA 0.4h)
  [2597/3000] bank-marketing_s6_AxisAligned_d7: acc=0.89937 train=0.6s best=0.905µs (2.2s wall, ETA 0.4h)
  [2598/3000] bank-marketing_s6_AxisAligned_d8: acc=0.897158 train=0.6s best=1.246µs (2.0s wall, ETA 0.4h)
  [2599/3000] bank-marketing_s6_AxisAligned_d10: acc=0.893509 train=1.0s best=1.363µs (2.4s wall, ETA 0.4h)
  [2600/3000] bank-marketing_s6_Oblique_d3: acc=0.897932 train=0.7s best=1.607µs (1.9s wall, ETA 0.4h)
  [2601/3000] bank-marketing_s6_Oblique_d4: acc=0.898927 train=1.1s best=1.865µs (2.3s wall, ETA 0.4h)
  [2602/3000] bank-marketing_s6_Oblique_d5: acc=0.899591 train=1.4s best=3.522µs (2.9s wall, ETA 0.4h)
  [2603/3000] bank-marketing_s6_Oblique_d6: acc=0.898374 train=1.9s best=4.869µs (3.6s wall, ETA 0.4h)
  [2604/3000] bank-marketing_s6_Oblique_d8: acc=0.8976 train=2.7s best=5.041µs (4.5s wall, ETA 0.4h)
  [2605/3000] bank-marketing_s7_AxisAligned_d3: acc=0.901471 train=0.1s best=0.204µs (1.3s wall, ETA 0.4h)
  [2606/3000] bank-marketing_s7_AxisAligned_d4: acc=0.903793 train=0.2s best=0.297µs (1.5s wall, ETA 0.4h)
  [2607/3000] bank-marketing_s7_AxisAligned_d5: acc=0.903793 train=0.3s best=0.457µs (1.7s wall, ETA 0.4h)
  [2608/3000] bank-marketing_s7_AxisAligned_d6: acc=0.904125 train=0.4s best=0.755µs (2.1s wall, ETA 0.4h)
  [2609/3000] bank-marketing_s7_AxisAligned_d7: acc=0.903793 train=0.6s best=1.032µs (2.3s wall, ETA 0.4h)
  [2610/3000] bank-marketing_s7_AxisAligned_d8: acc=0.902798 train=0.7s best=2.276µs (2.5s wall, ETA 0.4h)
  [2611/3000] bank-marketing_s7_AxisAligned_d10: acc=0.89937 train=1.3s best=2.670µs (3.2s wall, ETA 0.4h)
  [2612/3000] bank-marketing_s7_Oblique_d3: acc=0.901028 train=0.7s best=1.474µs (1.8s wall, ETA 0.4h)
  [2613/3000] bank-marketing_s7_Oblique_d4: acc=0.901028 train=1.0s best=2.353µs (2.3s wall, ETA 0.4h)
  [2614/3000] bank-marketing_s7_Oblique_d5: acc=0.903019 train=1.4s best=3.526µs (2.9s wall, ETA 0.4h)
  [2615/3000] bank-marketing_s7_Oblique_d6: acc=0.902798 train=1.9s best=4.982µs (3.6s wall, ETA 0.4h)
  [2616/3000] bank-marketing_s7_Oblique_d8: acc=0.900365 train=3.0s best=6.644µs (5.0s wall, ETA 0.4h)
  [2617/3000] bank-marketing_s8_AxisAligned_d3: acc=0.904899 train=0.1s best=0.211µs (1.3s wall, ETA 0.4h)
  [2618/3000] bank-marketing_s8_AxisAligned_d4: acc=0.904788 train=0.2s best=0.319µs (1.5s wall, ETA 0.4h)
  [2619/3000] bank-marketing_s8_AxisAligned_d5: acc=0.907 train=0.3s best=0.463µs (1.8s wall, ETA 0.4h)
  [2620/3000] bank-marketing_s8_AxisAligned_d6: acc=0.907221 train=0.4s best=0.714µs (2.1s wall, ETA 0.4h)
  [2621/3000] bank-marketing_s8_AxisAligned_d7: acc=0.904788 train=0.6s best=1.023µs (2.4s wall, ETA 0.4h)
  [2622/3000] bank-marketing_s8_AxisAligned_d8: acc=0.904788 train=0.7s best=2.466µs (2.5s wall, ETA 0.4h)
  [2623/3000] bank-marketing_s8_AxisAligned_d10: acc=0.903682 train=1.2s best=2.967µs (3.2s wall, ETA 0.4h)
  [2624/3000] bank-marketing_s8_Oblique_d3: acc=0.90313 train=0.7s best=1.572µs (1.8s wall, ETA 0.4h)
  [2625/3000] bank-marketing_s8_Oblique_d4: acc=0.903682 train=1.0s best=2.386µs (2.3s wall, ETA 0.4h)
  [2626/3000] bank-marketing_s8_Oblique_d5: acc=0.905673 train=1.4s best=3.409µs (2.9s wall, ETA 0.4h)
  [2627/3000] bank-marketing_s8_Oblique_d6: acc=0.903572 train=1.9s best=4.082µs (3.4s wall, ETA 0.4h)
  [2628/3000] bank-marketing_s8_Oblique_d8: acc=0.901471 train=2.9s best=8.759µs (5.2s wall, ETA 0.4h)
  [2629/3000] bank-marketing_s9_AxisAligned_d3: acc=0.900365 train=0.1s best=0.202µs (1.3s wall, ETA 0.4h)
  [2630/3000] bank-marketing_s9_AxisAligned_d4: acc=0.899812 train=0.2s best=0.294µs (1.5s wall, ETA 0.4h)
  [2631/3000] bank-marketing_s9_AxisAligned_d5: acc=0.902024 train=0.3s best=0.409µs (1.6s wall, ETA 0.4h)
  [2632/3000] bank-marketing_s9_AxisAligned_d6: acc=0.902245 train=0.4s best=0.570µs (1.8s wall, ETA 0.4h)
  [2633/3000] bank-marketing_s9_AxisAligned_d7: acc=0.900144 train=0.4s best=0.571µs (1.7s wall, ETA 0.4h)
  [2634/3000] bank-marketing_s9_AxisAligned_d8: acc=0.899701 train=0.7s best=1.874µs (2.3s wall, ETA 0.4h)
  [2635/3000] bank-marketing_s9_AxisAligned_d10: acc=0.895942 train=0.7s best=0.586µs (1.9s wall, ETA 0.4h)
  [2636/3000] bank-marketing_s9_Oblique_d3: acc=0.901802 train=0.7s best=1.539µs (1.8s wall, ETA 0.4h)
  [2637/3000] bank-marketing_s9_Oblique_d4: acc=0.901581 train=1.0s best=2.330µs (2.3s wall, ETA 0.4h)
  [2638/3000] bank-marketing_s9_Oblique_d5: acc=0.901471 train=1.2s best=1.908µs (2.5s wall, ETA 0.4h)
  [2639/3000] bank-marketing_s9_Oblique_d6: acc=0.902798 train=1.6s best=2.493µs (2.9s wall, ETA 0.4h)
  [2640/3000] bank-marketing_s9_Oblique_d8: acc=0.903019 train=1.8s best=2.030µs (3.0s wall, ETA 0.4h)

=== Dataset electricity (id=151) shape=(45312, 9) ===
  [2641/3000] electricity_s0_AxisAligned_d3: acc=0.808673 train=0.1s best=0.343µs (1.5s wall, ETA 0.4h)
  [2642/3000] electricity_s0_AxisAligned_d4: acc=0.824892 train=0.2s best=0.368µs (1.7s wall, ETA 0.4h)
  [2643/3000] electricity_s0_AxisAligned_d5: acc=0.844533 train=0.2s best=0.618µs (2.0s wall, ETA 0.4h)
  [2644/3000] electricity_s0_AxisAligned_d6: acc=0.850381 train=0.3s best=0.977µs (2.3s wall, ETA 0.4h)
  [2645/3000] electricity_s0_AxisAligned_d7: acc=0.866049 train=0.4s best=1.639µs (2.7s wall, ETA 0.4h)
  [2646/3000] electricity_s0_AxisAligned_d8: acc=0.870793 train=0.6s best=3.839µs (2.9s wall, ETA 0.4h)
  [2647/3000] electricity_s0_AxisAligned_d10: acc=0.880834 train=1.0s best=5.218µs (4.0s wall, ETA 0.4h)
  [2648/3000] electricity_s0_Oblique_d3: acc=0.815293 train=0.3s best=1.928µs (1.7s wall, ETA 0.4h)
  [2649/3000] electricity_s0_Oblique_d4: acc=0.829416 train=0.5s best=3.182µs (2.1s wall, ETA 0.4h)
  [2650/3000] electricity_s0_Oblique_d5: acc=0.842216 train=0.7s best=4.523µs (2.5s wall, ETA 0.4h)
  [2651/3000] electricity_s0_Oblique_d6: acc=0.856229 train=0.9s best=6.165µs (3.0s wall, ETA 0.4h)
  [2652/3000] electricity_s0_Oblique_d8: acc=0.871676 train=1.5s best=9.489µs (4.2s wall, ETA 0.4h)
  [2653/3000] electricity_s1_AxisAligned_d3: acc=0.806797 train=0.1s best=0.221µs (1.5s wall, ETA 0.4h)
  [2654/3000] electricity_s1_AxisAligned_d4: acc=0.828865 train=0.2s best=0.367µs (1.8s wall, ETA 0.4h)
  [2655/3000] electricity_s1_AxisAligned_d5: acc=0.845526 train=0.2s best=0.597µs (2.0s wall, ETA 0.4h)
  [2656/3000] electricity_s1_AxisAligned_d6: acc=0.857884 train=0.3s best=0.968µs (2.3s wall, ETA 0.4h)
  [2657/3000] electricity_s1_AxisAligned_d7: acc=0.865828 train=0.4s best=1.688µs (2.7s wall, ETA 0.3h)
  [2658/3000] electricity_s1_AxisAligned_d8: acc=0.875538 train=0.6s best=3.884µs (3.0s wall, ETA 0.3h)
  [2659/3000] electricity_s1_AxisAligned_d10: acc=0.884255 train=1.0s best=5.144µs (3.9s wall, ETA 0.3h)
  [2660/3000] electricity_s1_Oblique_d3: acc=0.8175 train=0.3s best=2.000µs (1.7s wall, ETA 0.3h)
  [2661/3000] electricity_s1_Oblique_d4: acc=0.830409 train=0.5s best=3.072µs (2.1s wall, ETA 0.3h)
  [2662/3000] electricity_s1_Oblique_d5: acc=0.843319 train=0.7s best=4.263µs (2.4s wall, ETA 0.3h)
  [2663/3000] electricity_s1_Oblique_d6: acc=0.854574 train=0.9s best=6.176µs (2.9s wall, ETA 0.3h)
  [2664/3000] electricity_s1_Oblique_d8: acc=0.868587 train=1.5s best=9.678µs (4.1s wall, ETA 0.3h)
  [2665/3000] electricity_s2_AxisAligned_d3: acc=0.810107 train=0.1s best=0.216µs (1.5s wall, ETA 0.3h)
  [2666/3000] electricity_s2_AxisAligned_d4: acc=0.833057 train=0.2s best=0.372µs (1.8s wall, ETA 0.3h)
  [2667/3000] electricity_s2_AxisAligned_d5: acc=0.846629 train=0.2s best=0.606µs (2.0s wall, ETA 0.3h)
  [2668/3000] electricity_s2_AxisAligned_d6: acc=0.855015 train=0.3s best=0.989µs (2.3s wall, ETA 0.3h)
  [2669/3000] electricity_s2_AxisAligned_d7: acc=0.865938 train=0.4s best=1.635µs (2.7s wall, ETA 0.3h)
  [2670/3000] electricity_s2_AxisAligned_d8: acc=0.874876 train=0.6s best=3.857µs (2.9s wall, ETA 0.3h)
  [2671/3000] electricity_s2_AxisAligned_d10: acc=0.883924 train=1.0s best=5.246µs (4.1s wall, ETA 0.3h)
  [2672/3000] electricity_s2_Oblique_d3: acc=0.813086 train=0.4s best=1.929µs (1.8s wall, ETA 0.3h)
  [2673/3000] electricity_s2_Oblique_d4: acc=0.832285 train=0.5s best=3.123µs (2.1s wall, ETA 0.3h)
  [2674/3000] electricity_s2_Oblique_d5: acc=0.842657 train=0.7s best=4.699µs (2.5s wall, ETA 0.3h)
  [2675/3000] electricity_s2_Oblique_d6: acc=0.851705 train=0.9s best=6.061µs (2.9s wall, ETA 0.3h)
  [2676/3000] electricity_s2_Oblique_d8: acc=0.865828 train=1.5s best=9.325µs (4.1s wall, ETA 0.3h)
  [2677/3000] electricity_s3_AxisAligned_d3: acc=0.802052 train=0.1s best=0.221µs (1.5s wall, ETA 0.3h)
  [2678/3000] electricity_s3_AxisAligned_d4: acc=0.823237 train=0.2s best=0.368µs (1.8s wall, ETA 0.3h)
  [2679/3000] electricity_s3_AxisAligned_d5: acc=0.837581 train=0.2s best=0.601µs (2.0s wall, ETA 0.3h)
  [2680/3000] electricity_s3_AxisAligned_d6: acc=0.844753 train=0.3s best=1.016µs (2.3s wall, ETA 0.3h)
  [2681/3000] electricity_s3_AxisAligned_d7: acc=0.856118 train=0.4s best=1.649µs (2.7s wall, ETA 0.3h)
  [2682/3000] electricity_s3_AxisAligned_d8: acc=0.863952 train=0.6s best=3.987µs (3.0s wall, ETA 0.3h)
  [2683/3000] electricity_s3_AxisAligned_d10: acc=0.875648 train=1.0s best=5.433µs (4.1s wall, ETA 0.3h)
  [2684/3000] electricity_s3_Oblique_d3: acc=0.808452 train=0.4s best=1.903µs (1.8s wall, ETA 0.3h)
  [2685/3000] electricity_s3_Oblique_d4: acc=0.825223 train=0.7s best=3.082µs (2.3s wall, ETA 0.3h)
  [2686/3000] electricity_s3_Oblique_d5: acc=0.837802 train=1.0s best=4.691µs (2.8s wall, ETA 0.3h)
  [2687/3000] electricity_s3_Oblique_d6: acc=0.848836 train=1.3s best=6.106µs (3.3s wall, ETA 0.3h)
  [2688/3000] electricity_s3_Oblique_d8: acc=0.861856 train=2.0s best=9.688µs (4.7s wall, ETA 0.3h)
  [2689/3000] electricity_s4_AxisAligned_d3: acc=0.809776 train=0.1s best=0.212µs (1.5s wall, ETA 0.3h)
  [2690/3000] electricity_s4_AxisAligned_d4: acc=0.833168 train=0.2s best=0.359µs (1.7s wall, ETA 0.3h)
  [2691/3000] electricity_s4_AxisAligned_d5: acc=0.847953 train=0.2s best=0.592µs (2.0s wall, ETA 0.3h)
  [2692/3000] electricity_s4_AxisAligned_d6: acc=0.858656 train=0.3s best=1.019µs (2.3s wall, ETA 0.3h)
  [2693/3000] electricity_s4_AxisAligned_d7: acc=0.870131 train=0.4s best=1.592µs (2.7s wall, ETA 0.3h)
  [2694/3000] electricity_s4_AxisAligned_d8: acc=0.879841 train=0.6s best=3.855µs (2.9s wall, ETA 0.3h)
  [2695/3000] electricity_s4_AxisAligned_d10: acc=0.888999 train=1.0s best=5.270µs (4.0s wall, ETA 0.3h)
  [2696/3000] electricity_s4_Oblique_d3: acc=0.820148 train=0.3s best=1.851µs (1.7s wall, ETA 0.3h)
  [2697/3000] electricity_s4_Oblique_d4: acc=0.835706 train=0.5s best=3.067µs (2.1s wall, ETA 0.3h)
  [2698/3000] electricity_s4_Oblique_d5: acc=0.847181 train=0.7s best=4.563µs (2.5s wall, ETA 0.3h)
  [2699/3000] electricity_s4_Oblique_d6: acc=0.858325 train=0.9s best=5.982µs (2.9s wall, ETA 0.3h)
  [2700/3000] electricity_s4_Oblique_d8: acc=0.873221 train=1.5s best=9.388µs (4.1s wall, ETA 0.3h)
  [2701/3000] electricity_s5_AxisAligned_d3: acc=0.810659 train=0.1s best=0.226µs (1.5s wall, ETA 0.3h)
  [2702/3000] electricity_s5_AxisAligned_d4: acc=0.827761 train=0.2s best=0.522µs (1.8s wall, ETA 0.3h)
  [2703/3000] electricity_s5_AxisAligned_d5: acc=0.844202 train=0.2s best=0.609µs (2.0s wall, ETA 0.3h)
  [2704/3000] electricity_s5_AxisAligned_d6: acc=0.854905 train=0.3s best=1.012µs (2.3s wall, ETA 0.3h)
  [2705/3000] electricity_s5_AxisAligned_d7: acc=0.860642 train=0.4s best=1.575µs (2.7s wall, ETA 0.3h)
  [2706/3000] electricity_s5_AxisAligned_d8: acc=0.874986 train=0.6s best=3.921µs (3.0s wall, ETA 0.3h)
  [2707/3000] electricity_s5_AxisAligned_d10: acc=0.883593 train=1.1s best=5.412µs (4.0s wall, ETA 0.3h)
  [2708/3000] electricity_s5_Oblique_d3: acc=0.812093 train=0.5s best=1.994µs (1.8s wall, ETA 0.3h)
  [2709/3000] electricity_s5_Oblique_d4: acc=0.830299 train=0.7s best=3.302µs (2.3s wall, ETA 0.3h)
  [2710/3000] electricity_s5_Oblique_d5: acc=0.838023 train=1.0s best=4.631µs (2.8s wall, ETA 0.3h)
  [2711/3000] electricity_s5_Oblique_d6: acc=0.85336 train=1.3s best=6.220µs (3.3s wall, ETA 0.3h)
  [2712/3000] electricity_s5_Oblique_d8: acc=0.867925 train=2.0s best=9.892µs (4.7s wall, ETA 0.3h)
  [2713/3000] electricity_s6_AxisAligned_d3: acc=0.813197 train=0.1s best=0.220µs (1.5s wall, ETA 0.3h)
  [2714/3000] electricity_s6_AxisAligned_d4: acc=0.832947 train=0.2s best=0.374µs (1.8s wall, ETA 0.3h)
  [2715/3000] electricity_s6_AxisAligned_d5: acc=0.850712 train=0.2s best=0.585µs (2.0s wall, ETA 0.3h)
  [2716/3000] electricity_s6_AxisAligned_d6: acc=0.860753 train=0.3s best=1.014µs (2.3s wall, ETA 0.3h)
  [2717/3000] electricity_s6_AxisAligned_d7: acc=0.868697 train=0.4s best=1.571µs (2.7s wall, ETA 0.3h)
  [2718/3000] electricity_s6_AxisAligned_d8: acc=0.873331 train=0.5s best=3.688µs (2.9s wall, ETA 0.3h)
  [2719/3000] electricity_s6_AxisAligned_d10: acc=0.882379 train=1.0s best=5.162µs (4.0s wall, ETA 0.3h)
  [2720/3000] electricity_s6_Oblique_d3: acc=0.816617 train=0.4s best=1.893µs (1.8s wall, ETA 0.3h)
  [2721/3000] electricity_s6_Oblique_d4: acc=0.832285 train=0.7s best=2.953µs (2.2s wall, ETA 0.3h)
  [2722/3000] electricity_s6_Oblique_d5: acc=0.847291 train=0.9s best=4.415µs (2.7s wall, ETA 0.3h)
  [2723/3000] electricity_s6_Oblique_d6: acc=0.86009 train=1.2s best=6.045µs (3.2s wall, ETA 0.3h)
  [2724/3000] electricity_s6_Oblique_d8: acc=0.873552 train=1.5s best=8.965µs (4.0s wall, ETA 0.3h)
  [2725/3000] electricity_s7_AxisAligned_d3: acc=0.816507 train=0.1s best=0.223µs (1.5s wall, ETA 0.3h)
  [2726/3000] electricity_s7_AxisAligned_d4: acc=0.835926 train=0.2s best=0.368µs (1.8s wall, ETA 0.3h)
  [2727/3000] electricity_s7_AxisAligned_d5: acc=0.851263 train=0.2s best=0.591µs (2.0s wall, ETA 0.3h)
  [2728/3000] electricity_s7_AxisAligned_d6: acc=0.860421 train=0.3s best=0.985µs (2.3s wall, ETA 0.3h)
  [2729/3000] electricity_s7_AxisAligned_d7: acc=0.875428 train=0.4s best=1.693µs (2.7s wall, ETA 0.3h)
  [2730/3000] electricity_s7_AxisAligned_d8: acc=0.882269 train=0.6s best=3.940µs (3.0s wall, ETA 0.3h)
  [2731/3000] electricity_s7_AxisAligned_d10: acc=0.883041 train=1.1s best=5.075µs (3.9s wall, ETA 0.3h)
  [2732/3000] electricity_s7_Oblique_d3: acc=0.824341 train=0.3s best=2.007µs (1.7s wall, ETA 0.3h)
  [2733/3000] electricity_s7_Oblique_d4: acc=0.838795 train=0.5s best=3.197µs (2.1s wall, ETA 0.3h)
  [2734/3000] electricity_s7_Oblique_d5: acc=0.848726 train=0.7s best=4.604µs (2.5s wall, ETA 0.3h)
  [2735/3000] electricity_s7_Oblique_d6: acc=0.857222 train=0.9s best=6.020µs (3.0s wall, ETA 0.3h)
  [2736/3000] electricity_s7_Oblique_d8: acc=0.875759 train=1.5s best=9.672µs (4.1s wall, ETA 0.3h)
  [2737/3000] electricity_s8_AxisAligned_d3: acc=0.816396 train=0.1s best=0.222µs (1.5s wall, ETA 0.3h)
  [2738/3000] electricity_s8_AxisAligned_d4: acc=0.83383 train=0.2s best=0.375µs (1.8s wall, ETA 0.3h)
  [2739/3000] electricity_s8_AxisAligned_d5: acc=0.84685 train=0.2s best=0.610µs (2.0s wall, ETA 0.3h)
  [2740/3000] electricity_s8_AxisAligned_d6: acc=0.855125 train=0.3s best=1.213µs (2.3s wall, ETA 0.3h)
  [2741/3000] electricity_s8_AxisAligned_d7: acc=0.863952 train=0.4s best=1.720µs (2.7s wall, ETA 0.3h)
  [2742/3000] electricity_s8_AxisAligned_d8: acc=0.875979 train=0.5s best=3.824µs (2.9s wall, ETA 0.3h)
  [2743/3000] electricity_s8_AxisAligned_d10: acc=0.880614 train=1.0s best=5.201µs (3.9s wall, ETA 0.3h)
  [2744/3000] electricity_s8_Oblique_d3: acc=0.825885 train=0.3s best=1.926µs (1.7s wall, ETA 0.3h)
  [2745/3000] electricity_s8_Oblique_d4: acc=0.832285 train=0.5s best=3.055µs (2.1s wall, ETA 0.3h)
  [2746/3000] electricity_s8_Oblique_d5: acc=0.846408 train=0.7s best=4.541µs (2.5s wall, ETA 0.3h)
  [2747/3000] electricity_s8_Oblique_d6: acc=0.851815 train=0.9s best=6.035µs (2.9s wall, ETA 0.3h)
  [2748/3000] electricity_s8_Oblique_d8: acc=0.869911 train=1.5s best=9.424µs (4.1s wall, ETA 0.3h)
  [2749/3000] electricity_s9_AxisAligned_d3: acc=0.810769 train=0.1s best=0.231µs (1.5s wall, ETA 0.3h)
  [2750/3000] electricity_s9_AxisAligned_d4: acc=0.82721 train=0.2s best=0.382µs (1.8s wall, ETA 0.3h)
  [2751/3000] electricity_s9_AxisAligned_d5: acc=0.843319 train=0.2s best=0.621µs (2.0s wall, ETA 0.3h)
  [2752/3000] electricity_s9_AxisAligned_d6: acc=0.853029 train=0.3s best=1.136µs (2.3s wall, ETA 0.3h)
  [2753/3000] electricity_s9_AxisAligned_d7: acc=0.860863 train=0.4s best=1.623µs (2.7s wall, ETA 0.2h)
  [2754/3000] electricity_s9_AxisAligned_d8: acc=0.868587 train=0.6s best=3.933µs (2.9s wall, ETA 0.2h)
  [2755/3000] electricity_s9_AxisAligned_d10: acc=0.880614 train=1.0s best=5.319µs (4.0s wall, ETA 0.2h)
  [2756/3000] electricity_s9_Oblique_d3: acc=0.818493 train=0.3s best=1.886µs (1.7s wall, ETA 0.2h)
  [2757/3000] electricity_s9_Oblique_d4: acc=0.833057 train=0.5s best=2.989µs (2.1s wall, ETA 0.2h)
  [2758/3000] electricity_s9_Oblique_d5: acc=0.839236 train=0.7s best=4.416µs (2.5s wall, ETA 0.2h)
  [2759/3000] electricity_s9_Oblique_d6: acc=0.853029 train=0.9s best=5.962µs (2.9s wall, ETA 0.2h)
  [2760/3000] electricity_s9_Oblique_d8: acc=0.864283 train=1.5s best=9.494µs (4.1s wall, ETA 0.2h)

=== Dataset numerai28.6 (id=23517) shape=(96320, 22) ===
  [2761/3000] numerai28.6_s0_AxisAligned_d3: acc=0.518792 train=0.1s best=0.053µs (2.1s wall, ETA 0.2h)
  [2762/3000] numerai28.6_s0_AxisAligned_d4: acc=0.51848 train=0.1s best=0.085µs (2.3s wall, ETA 0.2h)
  [2763/3000] numerai28.6_s0_AxisAligned_d5: acc=0.519103 train=0.2s best=0.116µs (2.5s wall, ETA 0.2h)
  [2764/3000] numerai28.6_s0_AxisAligned_d6: acc=0.516456 train=0.2s best=0.144µs (2.7s wall, ETA 0.2h)
  [2765/3000] numerai28.6_s0_AxisAligned_d7: acc=0.514327 train=0.3s best=0.192µs (3.0s wall, ETA 0.2h)
  [2766/3000] numerai28.6_s0_AxisAligned_d8: acc=0.514431 train=0.4s best=0.355µs (3.4s wall, ETA 0.2h)
  [2767/3000] numerai28.6_s0_AxisAligned_d10: acc=0.509811 train=0.7s best=0.371µs (3.7s wall, ETA 0.2h)
  [2768/3000] numerai28.6_s0_Oblique_d3: acc=0.517182 train=0.6s best=0.167µs (2.7s wall, ETA 0.2h)
  [2769/3000] numerai28.6_s0_Oblique_d4: acc=0.5163 train=0.9s best=0.242µs (3.1s wall, ETA 0.2h)
  [2770/3000] numerai28.6_s0_Oblique_d5: acc=0.516819 train=1.1s best=0.306µs (3.5s wall, ETA 0.2h)
  [2771/3000] numerai28.6_s0_Oblique_d6: acc=0.510694 train=1.6s best=0.480µs (4.3s wall, ETA 0.2h)
  [2772/3000] numerai28.6_s0_Oblique_d8: acc=0.51033 train=2.2s best=0.533µs (4.9s wall, ETA 0.2h)
  [2773/3000] numerai28.6_s1_AxisAligned_d3: acc=0.514535 train=0.1s best=0.108µs (2.4s wall, ETA 0.2h)
  [2774/3000] numerai28.6_s1_AxisAligned_d4: acc=0.512095 train=0.1s best=0.098µs (2.4s wall, ETA 0.2h)
  [2775/3000] numerai28.6_s1_AxisAligned_d5: acc=0.511991 train=0.2s best=0.168µs (2.8s wall, ETA 0.2h)
  [2776/3000] numerai28.6_s1_AxisAligned_d6: acc=0.511057 train=0.2s best=0.177µs (2.9s wall, ETA 0.2h)
  [2777/3000] numerai28.6_s1_AxisAligned_d7: acc=0.508721 train=0.3s best=0.298µs (3.2s wall, ETA 0.2h)
  [2778/3000] numerai28.6_s1_AxisAligned_d8: acc=0.509655 train=0.4s best=0.308µs (3.2s wall, ETA 0.2h)
  [2779/3000] numerai28.6_s1_AxisAligned_d10: acc=0.503374 train=0.6s best=0.406µs (3.6s wall, ETA 0.2h)
  [2780/3000] numerai28.6_s1_Oblique_d3: acc=0.515158 train=0.6s best=0.169µs (2.6s wall, ETA 0.2h)
  [2781/3000] numerai28.6_s1_Oblique_d4: acc=0.512926 train=0.8s best=0.233µs (3.1s wall, ETA 0.2h)
  [2782/3000] numerai28.6_s1_Oblique_d5: acc=0.513185 train=1.2s best=0.344µs (3.7s wall, ETA 0.2h)
  [2783/3000] numerai28.6_s1_Oblique_d6: acc=0.510901 train=1.4s best=0.379µs (4.1s wall, ETA 0.2h)
  [2784/3000] numerai28.6_s1_Oblique_d8: acc=0.512147 train=2.2s best=0.602µs (5.1s wall, ETA 0.2h)
  [2785/3000] numerai28.6_s2_AxisAligned_d3: acc=0.51142 train=0.1s best=0.188µs (2.7s wall, ETA 0.2h)
  [2786/3000] numerai28.6_s2_AxisAligned_d4: acc=0.513497 train=0.1s best=0.150µs (2.5s wall, ETA 0.2h)
  [2787/3000] numerai28.6_s2_AxisAligned_d5: acc=0.509136 train=0.2s best=0.402µs (3.3s wall, ETA 0.2h)
  [2788/3000] numerai28.6_s2_AxisAligned_d6: acc=0.507527 train=0.3s best=0.534µs (3.6s wall, ETA 0.2h)
  [2789/3000] numerai28.6_s2_AxisAligned_d7: acc=0.512355 train=0.3s best=0.365µs (3.3s wall, ETA 0.2h)
  [2790/3000] numerai28.6_s2_AxisAligned_d8: acc=0.509915 train=0.4s best=0.444µs (3.4s wall, ETA 0.2h)
  [2791/3000] numerai28.6_s2_AxisAligned_d10: acc=0.507838 train=0.7s best=0.404µs (3.7s wall, ETA 0.2h)
  [2792/3000] numerai28.6_s2_Oblique_d3: acc=0.512874 train=0.8s best=0.419µs (3.4s wall, ETA 0.2h)
  [2793/3000] numerai28.6_s2_Oblique_d4: acc=0.516144 train=0.8s best=0.252µs (3.2s wall, ETA 0.2h)
  [2794/3000] numerai28.6_s2_Oblique_d5: acc=0.5163 train=1.8s best=0.949µs (4.8s wall, ETA 0.2h)
  [2795/3000] numerai28.6_s2_Oblique_d6: acc=0.509136 train=2.0s best=0.930µs (5.0s wall, ETA 0.2h)
  [2796/3000] numerai28.6_s2_Oblique_d8: acc=0.504464 train=2.3s best=0.650µs (5.2s wall, ETA 0.2h)
  [2797/3000] numerai28.6_s3_AxisAligned_d3: acc=0.512251 train=0.1s best=0.161µs (2.6s wall, ETA 0.2h)
  [2798/3000] numerai28.6_s3_AxisAligned_d4: acc=0.511368 train=0.1s best=0.090µs (2.3s wall, ETA 0.2h)
  [2799/3000] numerai28.6_s3_AxisAligned_d5: acc=0.50898 train=0.2s best=0.149µs (2.7s wall, ETA 0.2h)
  [2800/3000] numerai28.6_s3_AxisAligned_d6: acc=0.508358 train=0.2s best=0.161µs (2.9s wall, ETA 0.2h)
  [2801/3000] numerai28.6_s3_AxisAligned_d7: acc=0.512147 train=0.3s best=0.298µs (3.2s wall, ETA 0.2h)
  [2802/3000] numerai28.6_s3_AxisAligned_d8: acc=0.507631 train=0.4s best=0.360µs (3.3s wall, ETA 0.2h)
  [2803/3000] numerai28.6_s3_AxisAligned_d10: acc=0.507942 train=0.7s best=0.407µs (3.6s wall, ETA 0.2h)
  [2804/3000] numerai28.6_s3_Oblique_d3: acc=0.512874 train=0.6s best=0.214µs (2.8s wall, ETA 0.2h)
  [2805/3000] numerai28.6_s3_Oblique_d4: acc=0.514068 train=0.9s best=0.279µs (3.2s wall, ETA 0.2h)
  [2806/3000] numerai28.6_s3_Oblique_d5: acc=0.511836 train=1.2s best=0.388µs (3.9s wall, ETA 0.2h)
  [2807/3000] numerai28.6_s3_Oblique_d6: acc=0.506281 train=1.6s best=0.507µs (4.4s wall, ETA 0.2h)
  [2808/3000] numerai28.6_s3_Oblique_d8: acc=0.513912 train=2.4s best=0.762µs (5.4s wall, ETA 0.2h)
  [2809/3000] numerai28.6_s4_AxisAligned_d3: acc=0.513756 train=0.1s best=0.050µs (2.1s wall, ETA 0.2h)
  [2810/3000] numerai28.6_s4_AxisAligned_d4: acc=0.511628 train=0.1s best=0.078µs (2.3s wall, ETA 0.2h)
  [2811/3000] numerai28.6_s4_AxisAligned_d5: acc=0.511057 train=0.2s best=0.104µs (2.5s wall, ETA 0.2h)
  [2812/3000] numerai28.6_s4_AxisAligned_d6: acc=0.506956 train=0.2s best=0.130µs (2.7s wall, ETA 0.2h)
  [2813/3000] numerai28.6_s4_AxisAligned_d7: acc=0.506956 train=0.3s best=0.176µs (2.9s wall, ETA 0.2h)
  [2814/3000] numerai28.6_s4_AxisAligned_d8: acc=0.506593 train=0.4s best=0.215µs (3.1s wall, ETA 0.2h)
  [2815/3000] numerai28.6_s4_AxisAligned_d10: acc=0.503063 train=0.7s best=0.352µs (3.6s wall, ETA 0.2h)
  [2816/3000] numerai28.6_s4_Oblique_d3: acc=0.514379 train=0.7s best=0.302µs (3.1s wall, ETA 0.2h)
  [2817/3000] numerai28.6_s4_Oblique_d4: acc=0.509967 train=0.9s best=0.336µs (3.5s wall, ETA 0.2h)
  [2818/3000] numerai28.6_s4_Oblique_d5: acc=0.509759 train=1.3s best=0.483µs (4.0s wall, ETA 0.2h)
  [2819/3000] numerai28.6_s4_Oblique_d6: acc=0.507683 train=1.4s best=0.404µs (4.2s wall, ETA 0.2h)
  [2820/3000] numerai28.6_s4_Oblique_d8: acc=0.507267 train=2.2s best=0.565µs (5.0s wall, ETA 0.2h)
  [2821/3000] numerai28.6_s5_AxisAligned_d3: acc=0.519518 train=0.1s best=0.064µs (2.1s wall, ETA 0.2h)
  [2822/3000] numerai28.6_s5_AxisAligned_d4: acc=0.515262 train=0.1s best=0.080µs (2.2s wall, ETA 0.2h)
  [2823/3000] numerai28.6_s5_AxisAligned_d5: acc=0.518584 train=0.1s best=0.108µs (2.5s wall, ETA 0.2h)
  [2824/3000] numerai28.6_s5_AxisAligned_d6: acc=0.515885 train=0.2s best=0.189µs (2.9s wall, ETA 0.2h)
  [2825/3000] numerai28.6_s5_AxisAligned_d7: acc=0.508513 train=0.3s best=0.202µs (3.0s wall, ETA 0.2h)
  [2826/3000] numerai28.6_s5_AxisAligned_d8: acc=0.513289 train=0.4s best=0.334µs (3.3s wall, ETA 0.2h)
  [2827/3000] numerai28.6_s5_AxisAligned_d10: acc=0.509396 train=0.6s best=0.352µs (3.5s wall, ETA 0.2h)
  [2828/3000] numerai28.6_s5_Oblique_d3: acc=0.518013 train=0.6s best=0.168µs (2.7s wall, ETA 0.2h)
  [2829/3000] numerai28.6_s5_Oblique_d4: acc=0.519207 train=0.8s best=0.265µs (3.4s wall, ETA 0.2h)
  [2830/3000] numerai28.6_s5_Oblique_d5: acc=0.520453 train=1.2s best=0.426µs (3.9s wall, ETA 0.2h)
  [2831/3000] numerai28.6_s5_Oblique_d6: acc=0.518532 train=1.5s best=0.470µs (4.3s wall, ETA 0.2h)
  [2832/3000] numerai28.6_s5_Oblique_d8: acc=0.517234 train=2.3s best=0.706µs (5.3s wall, ETA 0.2h)
  [2833/3000] numerai28.6_s6_AxisAligned_d3: acc=0.519051 train=0.1s best=0.152µs (2.5s wall, ETA 0.2h)
  [2834/3000] numerai28.6_s6_AxisAligned_d4: acc=0.515417 train=0.1s best=0.089µs (2.3s wall, ETA 0.2h)
  [2835/3000] numerai28.6_s6_AxisAligned_d5: acc=0.518324 train=0.1s best=0.115µs (2.4s wall, ETA 0.2h)
  [2836/3000] numerai28.6_s6_AxisAligned_d6: acc=0.516196 train=0.2s best=0.327µs (3.2s wall, ETA 0.2h)
  [2837/3000] numerai28.6_s6_AxisAligned_d7: acc=0.517338 train=0.3s best=0.241µs (3.1s wall, ETA 0.2h)
  [2838/3000] numerai28.6_s6_AxisAligned_d8: acc=0.514275 train=0.4s best=0.388µs (3.4s wall, ETA 0.2h)
  [2839/3000] numerai28.6_s6_AxisAligned_d10: acc=0.509136 train=0.7s best=0.456µs (3.7s wall, ETA 0.2h)
  [2840/3000] numerai28.6_s6_Oblique_d3: acc=0.519622 train=0.7s best=0.304µs (3.0s wall, ETA 0.2h)
  [2841/3000] numerai28.6_s6_Oblique_d4: acc=0.519311 train=1.5s best=0.832µs (4.4s wall, ETA 0.2h)
  [2842/3000] numerai28.6_s6_Oblique_d5: acc=0.518532 train=1.1s best=0.288µs (3.5s wall, ETA 0.2h)
  [2843/3000] numerai28.6_s6_Oblique_d6: acc=0.516092 train=1.5s best=0.499µs (4.3s wall, ETA 0.2h)
  [2844/3000] numerai28.6_s6_Oblique_d8: acc=0.515002 train=2.2s best=0.560µs (5.0s wall, ETA 0.2h)
  [2845/3000] numerai28.6_s7_AxisAligned_d3: acc=0.511784 train=0.1s best=0.211µs (3.0s wall, ETA 0.2h)
  [2846/3000] numerai28.6_s7_AxisAligned_d4: acc=0.514794 train=0.2s best=0.274µs (3.0s wall, ETA 0.2h)
  [2847/3000] numerai28.6_s7_AxisAligned_d5: acc=0.515158 train=0.2s best=0.236µs (3.0s wall, ETA 0.2h)
  [2848/3000] numerai28.6_s7_AxisAligned_d6: acc=0.506956 train=0.2s best=0.152µs (2.8s wall, ETA 0.2h)
  [2849/3000] numerai28.6_s7_AxisAligned_d7: acc=0.515054 train=0.3s best=0.293µs (3.3s wall, ETA 0.2h)
  [2850/3000] numerai28.6_s7_AxisAligned_d8: acc=0.510797 train=0.5s best=0.431µs (3.5s wall, ETA 0.2h)
  [2851/3000] numerai28.6_s7_AxisAligned_d10: acc=0.509396 train=0.7s best=0.372µs (3.7s wall, ETA 0.1h)
  [2852/3000] numerai28.6_s7_Oblique_d3: acc=0.513912 train=0.6s best=0.183µs (2.7s wall, ETA 0.1h)
  [2853/3000] numerai28.6_s7_Oblique_d4: acc=0.512822 train=1.1s best=0.466µs (3.7s wall, ETA 0.1h)
  [2854/3000] numerai28.6_s7_Oblique_d5: acc=0.510849 train=1.1s best=0.312µs (3.6s wall, ETA 0.1h)
  [2855/3000] numerai28.6_s7_Oblique_d6: acc=0.515002 train=1.6s best=0.561µs (4.5s wall, ETA 0.1h)
  [2856/3000] numerai28.6_s7_Oblique_d8: acc=0.509811 train=2.2s best=0.543µs (5.0s wall, ETA 0.1h)
  [2857/3000] numerai28.6_s8_AxisAligned_d3: acc=0.5163 train=0.1s best=0.222µs (3.0s wall, ETA 0.1h)
  [2858/3000] numerai28.6_s8_AxisAligned_d4: acc=0.517182 train=0.1s best=0.168µs (2.5s wall, ETA 0.1h)
  [2859/3000] numerai28.6_s8_AxisAligned_d5: acc=0.513549 train=0.2s best=0.149µs (2.7s wall, ETA 0.1h)
  [2860/3000] numerai28.6_s8_AxisAligned_d6: acc=0.510226 train=0.2s best=0.334µs (3.3s wall, ETA 0.1h)
  [2861/3000] numerai28.6_s8_AxisAligned_d7: acc=0.510123 train=0.3s best=0.236µs (3.2s wall, ETA 0.1h)
  [2862/3000] numerai28.6_s8_AxisAligned_d8: acc=0.510226 train=0.4s best=0.296µs (3.3s wall, ETA 0.1h)
  [2863/3000] numerai28.6_s8_AxisAligned_d10: acc=0.511628 train=0.7s best=0.453µs (3.7s wall, ETA 0.1h)
  [2864/3000] numerai28.6_s8_Oblique_d3: acc=0.516819 train=0.6s best=0.162µs (2.6s wall, ETA 0.1h)
  [2865/3000] numerai28.6_s8_Oblique_d4: acc=0.517805 train=0.9s best=0.333µs (3.4s wall, ETA 0.1h)
  [2866/3000] numerai28.6_s8_Oblique_d5: acc=0.513549 train=1.4s best=0.595µs (4.2s wall, ETA 0.1h)
  [2867/3000] numerai28.6_s8_Oblique_d6: acc=0.510901 train=1.6s best=0.527µs (4.4s wall, ETA 0.1h)
  [2868/3000] numerai28.6_s8_Oblique_d8: acc=0.511887 train=2.1s best=0.493µs (4.8s wall, ETA 0.1h)
  [2869/3000] numerai28.6_s9_AxisAligned_d3: acc=0.511368 train=0.2s best=0.295µs (3.3s wall, ETA 0.1h)
  [2870/3000] numerai28.6_s9_AxisAligned_d4: acc=0.517234 train=0.1s best=0.097µs (2.3s wall, ETA 0.1h)
  [2871/3000] numerai28.6_s9_AxisAligned_d5: acc=0.515054 train=0.2s best=0.120µs (2.5s wall, ETA 0.1h)
  [2872/3000] numerai28.6_s9_AxisAligned_d6: acc=0.512251 train=0.2s best=0.186µs (2.8s wall, ETA 0.1h)
  [2873/3000] numerai28.6_s9_AxisAligned_d7: acc=0.510486 train=0.3s best=0.308µs (3.2s wall, ETA 0.1h)
  [2874/3000] numerai28.6_s9_AxisAligned_d8: acc=0.508877 train=0.4s best=0.296µs (3.2s wall, ETA 0.1h)
  [2875/3000] numerai28.6_s9_AxisAligned_d10: acc=0.507683 train=0.6s best=0.372µs (3.6s wall, ETA 0.1h)
  [2876/3000] numerai28.6_s9_Oblique_d3: acc=0.512614 train=0.7s best=0.360µs (3.2s wall, ETA 0.1h)
  [2877/3000] numerai28.6_s9_Oblique_d4: acc=0.515158 train=0.8s best=0.255µs (3.2s wall, ETA 0.1h)
  [2878/3000] numerai28.6_s9_Oblique_d5: acc=0.515262 train=1.2s best=0.362µs (3.8s wall, ETA 0.1h)
  [2879/3000] numerai28.6_s9_Oblique_d6: acc=0.510486 train=1.5s best=0.399µs (4.2s wall, ETA 0.1h)
  [2880/3000] numerai28.6_s9_Oblique_d8: acc=0.507475 train=2.2s best=0.573µs (5.1s wall, ETA 0.1h)

=== Dataset jasmine (id=41143) shape=(2984, 145) ===
  [2881/3000] jasmine_s0_AxisAligned_d3: acc=0.834171 train=0.1s best=0.367µs (0.3s wall, ETA 0.1h)
  [2882/3000] jasmine_s0_AxisAligned_d4: acc=0.832496 train=0.2s best=0.619µs (0.4s wall, ETA 0.1h)
  [2883/3000] jasmine_s0_AxisAligned_d5: acc=0.844221 train=0.4s best=0.785µs (0.6s wall, ETA 0.1h)
  [2884/3000] jasmine_s0_AxisAligned_d6: acc=0.850921 train=0.5s best=0.727µs (0.6s wall, ETA 0.1h)
  [2885/3000] jasmine_s0_AxisAligned_d7: acc=0.844221 train=1.0s best=1.024µs (1.1s wall, ETA 0.1h)
  [2886/3000] jasmine_s0_AxisAligned_d8: acc=0.835846 train=1.6s best=1.944µs (1.7s wall, ETA 0.1h)
  [2887/3000] jasmine_s0_AxisAligned_d10: acc=0.842546 train=3.1s best=2.692µs (3.2s wall, ETA 0.1h)
  [2888/3000] jasmine_s0_Oblique_d3: acc=0.834171 train=0.2s best=0.815µs (0.3s wall, ETA 0.1h)
  [2889/3000] jasmine_s0_Oblique_d4: acc=0.830821 train=0.4s best=1.524µs (0.5s wall, ETA 0.1h)
  [2890/3000] jasmine_s0_Oblique_d5: acc=0.830821 train=0.5s best=1.147µs (0.6s wall, ETA 0.1h)
  [2891/3000] jasmine_s0_Oblique_d6: acc=0.830821 train=0.8s best=1.745µs (0.9s wall, ETA 0.1h)
  [2892/3000] jasmine_s0_Oblique_d8: acc=0.837521 train=2.0s best=2.791µs (2.2s wall, ETA 0.1h)
  [2893/3000] jasmine_s1_AxisAligned_d3: acc=0.827471 train=0.1s best=0.197µs (0.2s wall, ETA 0.1h)
  [2894/3000] jasmine_s1_AxisAligned_d4: acc=0.832496 train=0.1s best=0.336µs (0.3s wall, ETA 0.1h)
  [2895/3000] jasmine_s1_AxisAligned_d5: acc=0.834171 train=0.3s best=0.576µs (0.4s wall, ETA 0.1h)
  [2896/3000] jasmine_s1_AxisAligned_d6: acc=0.822446 train=0.4s best=0.649µs (0.6s wall, ETA 0.1h)
  [2897/3000] jasmine_s1_AxisAligned_d7: acc=0.830821 train=0.7s best=0.719µs (0.8s wall, ETA 0.1h)
  [2898/3000] jasmine_s1_AxisAligned_d8: acc=0.819095 train=1.3s best=1.465µs (1.4s wall, ETA 0.1h)
  [2899/3000] jasmine_s1_AxisAligned_d10: acc=0.81407 train=2.9s best=2.054µs (3.0s wall, ETA 0.1h)
  [2900/3000] jasmine_s1_Oblique_d3: acc=0.827471 train=0.2s best=0.392µs (0.3s wall, ETA 0.1h)
  [2901/3000] jasmine_s1_Oblique_d4: acc=0.822446 train=0.3s best=0.714µs (0.4s wall, ETA 0.1h)
  [2902/3000] jasmine_s1_Oblique_d5: acc=0.824121 train=0.4s best=0.662µs (0.5s wall, ETA 0.1h)
  [2903/3000] jasmine_s1_Oblique_d6: acc=0.829146 train=0.7s best=1.170µs (0.9s wall, ETA 0.1h)
  [2904/3000] jasmine_s1_Oblique_d8: acc=0.805695 train=1.5s best=1.543µs (1.7s wall, ETA 0.1h)
  [2905/3000] jasmine_s2_AxisAligned_d3: acc=0.785595 train=0.1s best=0.213µs (0.2s wall, ETA 0.1h)
  [2906/3000] jasmine_s2_AxisAligned_d4: acc=0.795645 train=0.2s best=0.605µs (0.4s wall, ETA 0.1h)
  [2907/3000] jasmine_s2_AxisAligned_d5: acc=0.79732 train=0.4s best=0.789µs (0.6s wall, ETA 0.1h)
  [2908/3000] jasmine_s2_AxisAligned_d6: acc=0.80067 train=0.7s best=1.074µs (0.9s wall, ETA 0.1h)
  [2909/3000] jasmine_s2_AxisAligned_d7: acc=0.802345 train=1.0s best=1.055µs (1.2s wall, ETA 0.1h)
  [2910/3000] jasmine_s2_AxisAligned_d8: acc=0.802345 train=1.8s best=2.990µs (2.0s wall, ETA 0.1h)
  [2911/3000] jasmine_s2_AxisAligned_d10: acc=0.809045 train=3.2s best=2.663µs (3.4s wall, ETA 0.1h)
  [2912/3000] jasmine_s2_Oblique_d3: acc=0.795645 train=0.2s best=0.638µs (0.3s wall, ETA 0.1h)
  [2913/3000] jasmine_s2_Oblique_d4: acc=0.80067 train=0.4s best=2.341µs (0.5s wall, ETA 0.1h)
  [2914/3000] jasmine_s2_Oblique_d5: acc=0.78392 train=0.6s best=1.775µs (0.7s wall, ETA 0.1h)
  [2915/3000] jasmine_s2_Oblique_d6: acc=0.79062 train=1.1s best=4.793µs (1.2s wall, ETA 0.1h)
  [2916/3000] jasmine_s2_Oblique_d8: acc=0.798995 train=1.8s best=2.773µs (1.9s wall, ETA 0.1h)
  [2917/3000] jasmine_s3_AxisAligned_d3: acc=0.80402 train=0.1s best=0.396µs (0.3s wall, ETA 0.1h)
  [2918/3000] jasmine_s3_AxisAligned_d4: acc=0.80402 train=0.2s best=0.368µs (0.3s wall, ETA 0.1h)
  [2919/3000] jasmine_s3_AxisAligned_d5: acc=0.805695 train=0.3s best=0.589µs (0.4s wall, ETA 0.1h)
  [2920/3000] jasmine_s3_AxisAligned_d6: acc=0.80402 train=0.5s best=0.749µs (0.6s wall, ETA 0.1h)
  [2921/3000] jasmine_s3_AxisAligned_d7: acc=0.81742 train=1.0s best=0.975µs (1.1s wall, ETA 0.1h)
  [2922/3000] jasmine_s3_AxisAligned_d8: acc=0.815745 train=1.3s best=1.348µs (1.4s wall, ETA 0.1h)
  [2923/3000] jasmine_s3_AxisAligned_d10: acc=0.81407 train=2.7s best=1.814µs (2.9s wall, ETA 0.1h)
  [2924/3000] jasmine_s3_Oblique_d3: acc=0.802345 train=0.2s best=0.479µs (0.3s wall, ETA 0.1h)
  [2925/3000] jasmine_s3_Oblique_d4: acc=0.80402 train=0.4s best=2.615µs (0.6s wall, ETA 0.1h)
  [2926/3000] jasmine_s3_Oblique_d5: acc=0.80402 train=0.4s best=0.920µs (0.6s wall, ETA 0.1h)
  [2927/3000] jasmine_s3_Oblique_d6: acc=0.80067 train=0.7s best=1.216µs (0.8s wall, ETA 0.1h)
  [2928/3000] jasmine_s3_Oblique_d8: acc=0.809045 train=1.6s best=1.657µs (1.7s wall, ETA 0.1h)
  [2929/3000] jasmine_s4_AxisAligned_d3: acc=0.820771 train=0.1s best=0.368µs (0.3s wall, ETA 0.1h)
  [2930/3000] jasmine_s4_AxisAligned_d4: acc=0.829146 train=0.2s best=0.556µs (0.4s wall, ETA 0.1h)
  [2931/3000] jasmine_s4_AxisAligned_d5: acc=0.824121 train=0.4s best=0.752µs (0.6s wall, ETA 0.1h)
  [2932/3000] jasmine_s4_AxisAligned_d6: acc=0.837521 train=0.6s best=0.844µs (0.7s wall, ETA 0.1h)
  [2933/3000] jasmine_s4_AxisAligned_d7: acc=0.820771 train=0.9s best=0.910µs (1.0s wall, ETA 0.1h)
  [2934/3000] jasmine_s4_AxisAligned_d8: acc=0.832496 train=1.6s best=1.946µs (1.8s wall, ETA 0.1h)
  [2935/3000] jasmine_s4_AxisAligned_d10: acc=0.834171 train=2.9s best=2.081µs (3.1s wall, ETA 0.1h)
  [2936/3000] jasmine_s4_Oblique_d3: acc=0.825796 train=0.2s best=1.649µs (0.4s wall, ETA 0.1h)
  [2937/3000] jasmine_s4_Oblique_d4: acc=0.81072 train=0.3s best=1.105µs (0.5s wall, ETA 0.1h)
  [2938/3000] jasmine_s4_Oblique_d5: acc=0.80737 train=0.5s best=1.197µs (0.6s wall, ETA 0.1h)
  [2939/3000] jasmine_s4_Oblique_d6: acc=0.825796 train=0.8s best=2.221µs (1.0s wall, ETA 0.1h)
  [2940/3000] jasmine_s4_Oblique_d8: acc=0.815745 train=1.9s best=3.059µs (2.1s wall, ETA 0.1h)
  [2941/3000] jasmine_s5_AxisAligned_d3: acc=0.79062 train=0.1s best=0.366µs (0.3s wall, ETA 0.1h)
  [2942/3000] jasmine_s5_AxisAligned_d4: acc=0.80737 train=0.2s best=0.658µs (0.4s wall, ETA 0.1h)
  [2943/3000] jasmine_s5_AxisAligned_d5: acc=0.81407 train=0.4s best=0.898µs (0.6s wall, ETA 0.1h)
  [2944/3000] jasmine_s5_AxisAligned_d6: acc=0.80402 train=0.7s best=1.164µs (0.9s wall, ETA 0.1h)
  [2945/3000] jasmine_s5_AxisAligned_d7: acc=0.81407 train=1.2s best=1.452µs (1.4s wall, ETA 0.1h)
  [2946/3000] jasmine_s5_AxisAligned_d8: acc=0.825796 train=2.0s best=3.909µs (2.2s wall, ETA 0.1h)
  [2947/3000] jasmine_s5_AxisAligned_d10: acc=0.815745 train=2.7s best=2.373µs (2.9s wall, ETA 0.1h)
  [2948/3000] jasmine_s5_Oblique_d3: acc=0.80402 train=0.2s best=1.554µs (0.4s wall, ETA 0.1h)
  [2949/3000] jasmine_s5_Oblique_d4: acc=0.805695 train=0.4s best=1.870µs (0.6s wall, ETA 0.1h)
  [2950/3000] jasmine_s5_Oblique_d5: acc=0.815745 train=0.6s best=1.826µs (0.7s wall, ETA 0.0h)
  [2951/3000] jasmine_s5_Oblique_d6: acc=0.792295 train=1.0s best=2.918µs (1.2s wall, ETA 0.0h)
  [2952/3000] jasmine_s5_Oblique_d8: acc=0.80402 train=1.9s best=2.612µs (2.1s wall, ETA 0.0h)
  [2953/3000] jasmine_s6_AxisAligned_d3: acc=0.824121 train=0.1s best=0.373µs (0.3s wall, ETA 0.0h)
  [2954/3000] jasmine_s6_AxisAligned_d4: acc=0.827471 train=0.2s best=0.567µs (0.4s wall, ETA 0.0h)
  [2955/3000] jasmine_s6_AxisAligned_d5: acc=0.830821 train=0.3s best=0.488µs (0.4s wall, ETA 0.0h)
  [2956/3000] jasmine_s6_AxisAligned_d6: acc=0.834171 train=0.5s best=0.723µs (0.7s wall, ETA 0.0h)
  [2957/3000] jasmine_s6_AxisAligned_d7: acc=0.830821 train=0.9s best=1.032µs (1.1s wall, ETA 0.0h)
  [2958/3000] jasmine_s6_AxisAligned_d8: acc=0.827471 train=1.3s best=1.187µs (1.4s wall, ETA 0.0h)
  [2959/3000] jasmine_s6_AxisAligned_d10: acc=0.824121 train=2.6s best=1.557µs (2.7s wall, ETA 0.0h)
  [2960/3000] jasmine_s6_Oblique_d3: acc=0.827471 train=0.2s best=0.882µs (0.3s wall, ETA 0.0h)
  [2961/3000] jasmine_s6_Oblique_d4: acc=0.830821 train=0.3s best=1.097µs (0.5s wall, ETA 0.0h)
  [2962/3000] jasmine_s6_Oblique_d5: acc=0.829146 train=0.5s best=1.099µs (0.6s wall, ETA 0.0h)
  [2963/3000] jasmine_s6_Oblique_d6: acc=0.825796 train=0.7s best=1.262µs (0.8s wall, ETA 0.0h)
  [2964/3000] jasmine_s6_Oblique_d8: acc=0.839196 train=1.7s best=2.709µs (1.9s wall, ETA 0.0h)
  [2965/3000] jasmine_s7_AxisAligned_d3: acc=0.79397 train=0.1s best=0.315µs (0.3s wall, ETA 0.0h)
  [2966/3000] jasmine_s7_AxisAligned_d4: acc=0.79397 train=0.2s best=0.633µs (0.4s wall, ETA 0.0h)
  [2967/3000] jasmine_s7_AxisAligned_d5: acc=0.81072 train=0.4s best=0.777µs (0.6s wall, ETA 0.0h)
  [2968/3000] jasmine_s7_AxisAligned_d6: acc=0.798995 train=0.5s best=0.778µs (0.7s wall, ETA 0.0h)
  [2969/3000] jasmine_s7_AxisAligned_d7: acc=0.805695 train=1.2s best=1.331µs (1.4s wall, ETA 0.0h)
  [2970/3000] jasmine_s7_AxisAligned_d8: acc=0.812395 train=1.3s best=1.830µs (1.5s wall, ETA 0.0h)
  [2971/3000] jasmine_s7_AxisAligned_d10: acc=0.81407 train=2.3s best=1.367µs (2.4s wall, ETA 0.0h)
  [2972/3000] jasmine_s7_Oblique_d3: acc=0.809045 train=0.2s best=0.782µs (0.3s wall, ETA 0.0h)
  [2973/3000] jasmine_s7_Oblique_d4: acc=0.812395 train=0.3s best=1.055µs (0.4s wall, ETA 0.0h)
  [2974/3000] jasmine_s7_Oblique_d5: acc=0.812395 train=0.6s best=2.035µs (0.7s wall, ETA 0.0h)
  [2975/3000] jasmine_s7_Oblique_d6: acc=0.80067 train=0.9s best=2.538µs (1.1s wall, ETA 0.0h)
  [2976/3000] jasmine_s7_Oblique_d8: acc=0.812395 train=2.0s best=3.442µs (2.2s wall, ETA 0.0h)
  [2977/3000] jasmine_s8_AxisAligned_d3: acc=0.795645 train=0.1s best=0.309µs (0.3s wall, ETA 0.0h)
  [2978/3000] jasmine_s8_AxisAligned_d4: acc=0.79062 train=0.2s best=0.605µs (0.4s wall, ETA 0.0h)
  [2979/3000] jasmine_s8_AxisAligned_d5: acc=0.805695 train=0.4s best=0.895µs (0.6s wall, ETA 0.0h)
  [2980/3000] jasmine_s8_AxisAligned_d6: acc=0.798995 train=0.7s best=0.952µs (0.9s wall, ETA 0.0h)
  [2981/3000] jasmine_s8_AxisAligned_d7: acc=0.805695 train=1.3s best=1.351µs (1.5s wall, ETA 0.0h)
  [2982/3000] jasmine_s8_AxisAligned_d8: acc=0.798995 train=1.7s best=2.065µs (1.9s wall, ETA 0.0h)
  [2983/3000] jasmine_s8_AxisAligned_d10: acc=0.792295 train=2.4s best=1.691µs (2.5s wall, ETA 0.0h)
  [2984/3000] jasmine_s8_Oblique_d3: acc=0.79062 train=0.2s best=1.136µs (0.4s wall, ETA 0.0h)
  [2985/3000] jasmine_s8_Oblique_d4: acc=0.809045 train=0.3s best=1.401µs (0.5s wall, ETA 0.0h)
  [2986/3000] jasmine_s8_Oblique_d5: acc=0.792295 train=0.7s best=4.277µs (0.8s wall, ETA 0.0h)
  [2987/3000] jasmine_s8_Oblique_d6: acc=0.79062 train=0.8s best=1.752µs (0.9s wall, ETA 0.0h)
  [2988/3000] jasmine_s8_Oblique_d8: acc=0.798995 train=1.9s best=2.410µs (2.0s wall, ETA 0.0h)
  [2989/3000] jasmine_s9_AxisAligned_d3: acc=0.822446 train=0.1s best=0.302µs (0.3s wall, ETA 0.0h)
  [2990/3000] jasmine_s9_AxisAligned_d4: acc=0.819095 train=0.2s best=0.430µs (0.3s wall, ETA 0.0h)
  [2991/3000] jasmine_s9_AxisAligned_d5: acc=0.832496 train=0.3s best=0.605µs (0.4s wall, ETA 0.0h)
  [2992/3000] jasmine_s9_AxisAligned_d6: acc=0.835846 train=0.6s best=0.805µs (0.7s wall, ETA 0.0h)
  [2993/3000] jasmine_s9_AxisAligned_d7: acc=0.835846 train=0.9s best=1.100µs (1.0s wall, ETA 0.0h)
  [2994/3000] jasmine_s9_AxisAligned_d8: acc=0.825796 train=1.6s best=2.321µs (1.8s wall, ETA 0.0h)
  [2995/3000] jasmine_s9_AxisAligned_d10: acc=0.839196 train=2.8s best=2.392µs (3.0s wall, ETA 0.0h)
  [2996/3000] jasmine_s9_Oblique_d3: acc=0.81742 train=0.2s best=0.788µs (0.3s wall, ETA 0.0h)
  [2997/3000] jasmine_s9_Oblique_d4: acc=0.819095 train=0.3s best=0.860µs (0.4s wall, ETA 0.0h)
  [2998/3000] jasmine_s9_Oblique_d5: acc=0.829146 train=0.6s best=2.394µs (0.8s wall, ETA 0.0h)
  [2999/3000] jasmine_s9_Oblique_d6: acc=0.830821 train=0.9s best=3.002µs (1.1s wall, ETA 0.0h)
  [3000/3000] jasmine_s9_Oblique_d8: acc=0.842546 train=1.8s best=2.771µs (1.9s wall, ETA 0.0h)

=== Done. 3000/3000 configs (0 skipped, 0 failed). Wall: 2.9h ===
