Plan: 27 datasets × 5 seeds × (12) configs. exp=2.0 density=2.0 max_proj=1000
  fetching OpenML id=23512 (higgs) ...

=== Dataset higgs (openml:23512) shape=(98050, 29) regime=correlated ===
  [1/1620] higgs_s0_AxisAligned_d3: acc=0.6934 train=0.2s best=0.265µs (2.0s, ETA 2.5h)
  [2/1620] higgs_s0_AxisAligned_d4: acc=0.7 train=0.3s best=0.475µs (2.5s, ETA 1.8h)
  [3/1620] higgs_s0_AxisAligned_d5: acc=0.6995 train=0.4s best=0.639µs (2.8s, ETA 1.6h)
  [4/1620] higgs_s0_AxisAligned_d6: acc=0.6983 train=0.6s best=0.968µs (3.4s, ETA 1.6h)
  [5/1620] higgs_s0_AxisAligned_d7: acc=0.6992 train=0.8s best=1.337µs (3.7s, ETA 1.6h)
  [6/1620] higgs_s0_AxisAligned_d8: acc=0.6956 train=1.0s best=2.210µs (3.5s, ETA 1.6h)
  [7/1620] higgs_s0_AxisAligned_d10: acc=0.6914 train=1.8s best=1.913µs (4.2s, ETA 1.6h)
  [8/1620] higgs_s0_Oblique_d3: acc=0.705 train=2.0s best=1.946µs (3.8s, ETA 1.7h)
  [9/1620] higgs_s0_Oblique_d4: acc=0.7063 train=3.1s best=2.940µs (5.1s, ETA 1.7h)
  [10/1620] higgs_s0_Oblique_d5: acc=0.7072 train=4.2s best=3.380µs (6.4s, ETA 1.8h)
  [11/1620] higgs_s0_Oblique_d6: acc=0.7045 train=4.6s best=3.106µs (6.7s, ETA 1.9h)
  [12/1620] higgs_s0_Oblique_d8: acc=0.7031 train=5.3s best=3.057µs (7.4s, ETA 2.1h)
  [13/1620] higgs_s1_AxisAligned_d3: acc=0.6961 train=0.2s best=0.243µs (2.1s, ETA 2.0h)
  [14/1620] higgs_s1_AxisAligned_d4: acc=0.7068 train=0.3s best=0.431µs (2.4s, ETA 1.9h)
  [15/1620] higgs_s1_AxisAligned_d5: acc=0.7075 train=0.4s best=0.644µs (2.9s, ETA 1.9h)
  [16/1620] higgs_s1_AxisAligned_d6: acc=0.7071 train=0.5s best=0.711µs (2.7s, ETA 1.8h)
  [17/1620] higgs_s1_AxisAligned_d7: acc=0.7063 train=0.8s best=1.365µs (3.5s, ETA 1.8h)
  [18/1620] higgs_s1_AxisAligned_d8: acc=0.6992 train=0.9s best=1.587µs (3.0s, ETA 1.8h)
  [19/1620] higgs_s1_AxisAligned_d10: acc=0.6892 train=1.4s best=0.857µs (3.1s, ETA 1.8h)
  [20/1620] higgs_s1_Oblique_d3: acc=0.7003 train=2.1s best=1.883µs (3.8s, ETA 1.8h)
  [21/1620] higgs_s1_Oblique_d4: acc=0.7025 train=3.2s best=2.722µs (5.1s, ETA 1.8h)
  [22/1620] higgs_s1_Oblique_d5: acc=0.7117 train=4.2s best=3.171µs (6.3s, ETA 1.8h)
  [23/1620] higgs_s1_Oblique_d6: acc=0.7086 train=5.4s best=4.872µs (7.9s, ETA 1.9h)
  [24/1620] higgs_s1_Oblique_d8: acc=0.7072 train=6.6s best=4.152µs (8.9s, ETA 2.0h)
  [25/1620] higgs_s2_AxisAligned_d3: acc=0.6813 train=0.2s best=0.245µs (2.1s, ETA 2.0h)
  [26/1620] higgs_s2_AxisAligned_d4: acc=0.6966 train=0.3s best=0.454µs (2.5s, ETA 1.9h)
  [27/1620] higgs_s2_AxisAligned_d5: acc=0.6954 train=0.4s best=0.708µs (3.0s, ETA 1.9h)
  [28/1620] higgs_s2_AxisAligned_d6: acc=0.6971 train=0.6s best=0.847µs (3.1s, ETA 1.9h)
  [29/1620] higgs_s2_AxisAligned_d7: acc=0.6919 train=0.8s best=1.193µs (3.4s, ETA 1.9h)
  [30/1620] higgs_s2_AxisAligned_d8: acc=0.6915 train=1.0s best=1.883µs (3.3s, ETA 1.9h)
  [31/1620] higgs_s2_AxisAligned_d10: acc=0.6877 train=1.6s best=1.354µs (3.7s, ETA 1.9h)
  [32/1620] higgs_s2_Oblique_d3: acc=0.6996 train=2.0s best=1.963µs (3.7s, ETA 1.8h)
  [33/1620] higgs_s2_Oblique_d4: acc=0.697 train=2.9s best=2.954µs (4.9s, ETA 1.9h)
  [34/1620] higgs_s2_Oblique_d5: acc=0.7023 train=4.1s best=2.906µs (6.1s, ETA 1.9h)
  [35/1620] higgs_s2_Oblique_d6: acc=0.7009 train=4.7s best=3.373µs (6.8s, ETA 1.9h)
  [36/1620] higgs_s2_Oblique_d8: acc=0.7001 train=5.1s best=3.029µs (7.2s, ETA 1.9h)
  [37/1620] higgs_s3_AxisAligned_d3: acc=0.6933 train=0.2s best=0.245µs (2.1s, ETA 1.9h)
  [38/1620] higgs_s3_AxisAligned_d4: acc=0.6986 train=0.3s best=0.475µs (2.5s, ETA 1.9h)
  [39/1620] higgs_s3_AxisAligned_d5: acc=0.7031 train=0.4s best=0.536µs (2.5s, ETA 1.9h)
  [40/1620] higgs_s3_AxisAligned_d6: acc=0.6997 train=0.6s best=0.999µs (3.3s, ETA 1.9h)
  [41/1620] higgs_s3_AxisAligned_d7: acc=0.6959 train=0.6s best=0.939µs (2.9s, ETA 1.9h)
  [42/1620] higgs_s3_AxisAligned_d8: acc=0.6965 train=1.0s best=2.093µs (3.5s, ETA 1.8h)
  [43/1620] higgs_s3_AxisAligned_d10: acc=0.693 train=1.7s best=1.858µs (4.1s, ETA 1.8h)
  [44/1620] higgs_s3_Oblique_d3: acc=0.7041 train=2.0s best=1.887µs (3.7s, ETA 1.8h)
  [45/1620] higgs_s3_Oblique_d4: acc=0.7031 train=3.0s best=2.421µs (4.8s, ETA 1.8h)
  [46/1620] higgs_s3_Oblique_d5: acc=0.7059 train=4.0s best=3.042µs (6.0s, ETA 1.9h)
  [47/1620] higgs_s3_Oblique_d6: acc=0.7091 train=3.8s best=2.297µs (5.7s, ETA 1.9h)
  [48/1620] higgs_s3_Oblique_d8: acc=0.7084 train=7.5s best=5.656µs (10.3s, ETA 1.9h)
  [49/1620] higgs_s4_AxisAligned_d3: acc=0.6806 train=0.2s best=0.249µs (2.0s, ETA 1.9h)
  [50/1620] higgs_s4_AxisAligned_d4: acc=0.6879 train=0.3s best=0.451µs (2.5s, ETA 1.9h)
  [51/1620] higgs_s4_AxisAligned_d5: acc=0.6943 train=0.4s best=0.624µs (2.8s, ETA 1.9h)
  [52/1620] higgs_s4_AxisAligned_d6: acc=0.694 train=0.6s best=1.040µs (3.5s, ETA 1.9h)
  [53/1620] higgs_s4_AxisAligned_d7: acc=0.6934 train=0.8s best=1.179µs (3.5s, ETA 1.9h)
  [54/1620] higgs_s4_AxisAligned_d8: acc=0.6902 train=0.9s best=1.775µs (3.2s, ETA 1.9h)
  [55/1620] higgs_s4_AxisAligned_d10: acc=0.6932 train=2.1s best=2.757µs (5.0s, ETA 1.9h)
  [56/1620] higgs_s4_Oblique_d3: acc=0.6959 train=2.0s best=1.885µs (3.7s, ETA 1.9h)
  [57/1620] higgs_s4_Oblique_d4: acc=0.7029 train=3.0s best=2.800µs (5.0s, ETA 1.9h)
  [58/1620] higgs_s4_Oblique_d5: acc=0.6994 train=4.1s best=3.869µs (6.4s, ETA 1.9h)
  [59/1620] higgs_s4_Oblique_d6: acc=0.6984 train=5.2s best=5.020µs (7.8s, ETA 1.9h)
  [60/1620] higgs_s4_Oblique_d8: acc=0.6992 train=7.9s best=6.639µs (11.0s, ETA 1.9h)
  fetching OpenML id=42477 (default-of-credit-card-clients) ...

=== Dataset default-of-credit-card-clients (openml:42477) shape=(30000, 24) regime=production ===
  [61/1620] default-of-credit-card-clients_s0_AxisAligned_d3: acc=0.819167 train=0.1s best=0.174µs (0.9s, ETA 1.9h)
  [62/1620] default-of-credit-card-clients_s0_AxisAligned_d4: acc=0.817667 train=0.2s best=0.226µs (1.0s, ETA 1.9h)
  [63/1620] default-of-credit-card-clients_s0_AxisAligned_d5: acc=0.817167 train=0.2s best=0.293µs (1.0s, ETA 1.9h)
  [64/1620] default-of-credit-card-clients_s0_AxisAligned_d6: acc=0.8175 train=0.3s best=0.391µs (1.1s, ETA 1.9h)
  [65/1620] default-of-credit-card-clients_s0_AxisAligned_d7: acc=0.815167 train=0.4s best=0.570µs (1.3s, ETA 1.8h)
  [66/1620] default-of-credit-card-clients_s0_AxisAligned_d8: acc=0.811 train=0.5s best=0.740µs (1.4s, ETA 1.8h)
  [67/1620] default-of-credit-card-clients_s0_AxisAligned_d10: acc=0.810833 train=1.0s best=1.018µs (2.0s, ETA 1.8h)
  [68/1620] default-of-credit-card-clients_s0_Oblique_d3: acc=0.817833 train=1.3s best=1.335µs (2.1s, ETA 1.8h)
  [69/1620] default-of-credit-card-clients_s0_Oblique_d4: acc=0.815333 train=1.9s best=1.552µs (2.8s, ETA 1.8h)
  [70/1620] default-of-credit-card-clients_s0_Oblique_d5: acc=0.815333 train=1.9s best=1.301µs (2.8s, ETA 1.8h)
  [71/1620] default-of-credit-card-clients_s0_Oblique_d6: acc=0.817167 train=2.2s best=1.388µs (3.1s, ETA 1.8h)
  [72/1620] default-of-credit-card-clients_s0_Oblique_d8: acc=0.814167 train=3.6s best=2.622µs (4.7s, ETA 1.8h)
  [73/1620] default-of-credit-card-clients_s1_AxisAligned_d3: acc=0.820667 train=0.1s best=0.210µs (1.0s, ETA 1.7h)
  [74/1620] default-of-credit-card-clients_s1_AxisAligned_d4: acc=0.819167 train=0.2s best=0.238µs (1.0s, ETA 1.7h)
  [75/1620] default-of-credit-card-clients_s1_AxisAligned_d5: acc=0.820167 train=0.2s best=0.256µs (0.9s, ETA 1.7h)
  [76/1620] default-of-credit-card-clients_s1_AxisAligned_d6: acc=0.818333 train=0.3s best=0.394µs (1.1s, ETA 1.7h)
  [77/1620] default-of-credit-card-clients_s1_AxisAligned_d7: acc=0.819333 train=0.3s best=0.395µs (1.2s, ETA 1.7h)
  [78/1620] default-of-credit-card-clients_s1_AxisAligned_d8: acc=0.820833 train=0.4s best=0.274µs (1.1s, ETA 1.7h)
  [79/1620] default-of-credit-card-clients_s1_AxisAligned_d10: acc=0.8185 train=0.8s best=0.444µs (1.6s, ETA 1.6h)
  [80/1620] default-of-credit-card-clients_s1_Oblique_d3: acc=0.8215 train=1.0s best=0.712µs (1.7s, ETA 1.6h)
  [81/1620] default-of-credit-card-clients_s1_Oblique_d4: acc=0.821 train=1.3s best=0.806µs (2.1s, ETA 1.6h)
  [82/1620] default-of-credit-card-clients_s1_Oblique_d5: acc=0.820167 train=1.4s best=0.585µs (2.1s, ETA 1.6h)
  [83/1620] default-of-credit-card-clients_s1_Oblique_d6: acc=0.819167 train=1.7s best=0.627µs (2.4s, ETA 1.6h)
  [84/1620] default-of-credit-card-clients_s1_Oblique_d8: acc=0.8105 train=2.6s best=1.087µs (3.4s, ETA 1.6h)
  [85/1620] default-of-credit-card-clients_s2_AxisAligned_d3: acc=0.824833 train=0.1s best=0.180µs (0.9s, ETA 1.6h)
  [86/1620] default-of-credit-card-clients_s2_AxisAligned_d4: acc=0.824667 train=0.2s best=0.261µs (1.0s, ETA 1.6h)
  [87/1620] default-of-credit-card-clients_s2_AxisAligned_d5: acc=0.8255 train=0.2s best=0.329µs (1.1s, ETA 1.6h)
  [88/1620] default-of-credit-card-clients_s2_AxisAligned_d6: acc=0.8245 train=0.3s best=0.381µs (1.1s, ETA 1.5h)
  [89/1620] default-of-credit-card-clients_s2_AxisAligned_d7: acc=0.823167 train=0.3s best=0.274µs (1.1s, ETA 1.5h)
  [90/1620] default-of-credit-card-clients_s2_AxisAligned_d8: acc=0.821167 train=0.6s best=0.799µs (1.5s, ETA 1.5h)
  [91/1620] default-of-credit-card-clients_s2_AxisAligned_d10: acc=0.814167 train=0.8s best=0.310µs (1.5s, ETA 1.5h)
  [92/1620] default-of-credit-card-clients_s2_Oblique_d3: acc=0.823333 train=1.1s best=0.774µs (1.8s, ETA 1.5h)
  [93/1620] default-of-credit-card-clients_s2_Oblique_d4: acc=0.824833 train=1.8s best=1.330µs (2.6s, ETA 1.5h)
  [94/1620] default-of-credit-card-clients_s2_Oblique_d5: acc=0.825833 train=1.6s best=0.829µs (2.3s, ETA 1.5h)
  [95/1620] default-of-credit-card-clients_s2_Oblique_d6: acc=0.825833 train=2.0s best=1.054µs (2.8s, ETA 1.5h)
  [96/1620] default-of-credit-card-clients_s2_Oblique_d8: acc=0.816833 train=2.8s best=1.228µs (3.6s, ETA 1.5h)
  [97/1620] default-of-credit-card-clients_s3_AxisAligned_d3: acc=0.818167 train=0.1s best=0.216µs (1.0s, ETA 1.5h)
  [98/1620] default-of-credit-card-clients_s3_AxisAligned_d4: acc=0.818333 train=0.2s best=0.251µs (1.0s, ETA 1.5h)
  [99/1620] default-of-credit-card-clients_s3_AxisAligned_d5: acc=0.818833 train=0.3s best=0.462µs (1.3s, ETA 1.4h)
  [100/1620] default-of-credit-card-clients_s3_AxisAligned_d6: acc=0.817833 train=0.3s best=0.488µs (1.3s, ETA 1.4h)
  [101/1620] default-of-credit-card-clients_s3_AxisAligned_d7: acc=0.816333 train=0.4s best=0.636µs (1.4s, ETA 1.4h)
  [102/1620] default-of-credit-card-clients_s3_AxisAligned_d8: acc=0.814 train=0.6s best=1.036µs (1.7s, ETA 1.4h)
  [103/1620] default-of-credit-card-clients_s3_AxisAligned_d10: acc=0.808833 train=1.0s best=0.908µs (2.0s, ETA 1.4h)
  [104/1620] default-of-credit-card-clients_s3_Oblique_d3: acc=0.819333 train=1.2s best=0.741µs (1.9s, ETA 1.4h)
  [105/1620] default-of-credit-card-clients_s3_Oblique_d4: acc=0.818833 train=1.8s best=1.210µs (2.6s, ETA 1.4h)
  [106/1620] default-of-credit-card-clients_s3_Oblique_d5: acc=0.813667 train=2.4s best=1.668µs (3.3s, ETA 1.4h)
  [107/1620] default-of-credit-card-clients_s3_Oblique_d6: acc=0.811833 train=2.8s best=2.027µs (3.8s, ETA 1.4h)
  [108/1620] default-of-credit-card-clients_s3_Oblique_d8: acc=0.8125 train=3.3s best=1.848µs (4.2s, ETA 1.4h)
  [109/1620] default-of-credit-card-clients_s4_AxisAligned_d3: acc=0.8175 train=0.1s best=0.225µs (1.0s, ETA 1.4h)
  [110/1620] default-of-credit-card-clients_s4_AxisAligned_d4: acc=0.8175 train=0.2s best=0.353µs (1.2s, ETA 1.4h)
  [111/1620] default-of-credit-card-clients_s4_AxisAligned_d5: acc=0.818167 train=0.3s best=0.376µs (1.2s, ETA 1.4h)
  [112/1620] default-of-credit-card-clients_s4_AxisAligned_d6: acc=0.816833 train=0.3s best=0.482µs (1.3s, ETA 1.4h)
  [113/1620] default-of-credit-card-clients_s4_AxisAligned_d7: acc=0.8145 train=0.4s best=0.482µs (1.2s, ETA 1.4h)
  [114/1620] default-of-credit-card-clients_s4_AxisAligned_d8: acc=0.812833 train=0.5s best=0.670µs (1.4s, ETA 1.4h)
  [115/1620] default-of-credit-card-clients_s4_AxisAligned_d10: acc=0.808833 train=0.9s best=0.817µs (1.9s, ETA 1.3h)
  [116/1620] default-of-credit-card-clients_s4_Oblique_d3: acc=0.818833 train=1.3s best=1.011µs (2.0s, ETA 1.3h)
  [117/1620] default-of-credit-card-clients_s4_Oblique_d4: acc=0.817167 train=1.9s best=1.921µs (2.9s, ETA 1.3h)
  [118/1620] default-of-credit-card-clients_s4_Oblique_d5: acc=0.811333 train=2.6s best=3.127µs (3.8s, ETA 1.3h)
  [119/1620] default-of-credit-card-clients_s4_Oblique_d6: acc=0.815 train=2.3s best=1.337µs (3.1s, ETA 1.3h)
  [120/1620] default-of-credit-card-clients_s4_Oblique_d8: acc=0.811 train=3.0s best=1.605µs (3.9s, ETA 1.3h)
  fetching OpenML id=4135 (Amazon_employee_access) ...

=== Dataset Amazon_employee_access (openml:4135) shape=(32769, 10) regime=cc18-categorical ===
  [121/1620] Amazon_employee_access_s0_AxisAligned_d3: acc=0.941105 train=0.1s best=0.203µs (1.0s, ETA 1.3h)
  [122/1620] Amazon_employee_access_s0_AxisAligned_d4: acc=0.941257 train=0.1s best=0.313µs (1.2s, ETA 1.3h)
  [123/1620] Amazon_employee_access_s0_AxisAligned_d5: acc=0.942783 train=0.2s best=0.515µs (1.4s, ETA 1.3h)
  [124/1620] Amazon_employee_access_s0_AxisAligned_d6: acc=0.943241 train=0.3s best=0.636µs (1.5s, ETA 1.3h)
  [125/1620] Amazon_employee_access_s0_AxisAligned_d7: acc=0.94202 train=0.4s best=1.036µs (1.9s, ETA 1.3h)
  [126/1620] Amazon_employee_access_s0_AxisAligned_d8: acc=0.942173 train=0.4s best=1.356µs (1.5s, ETA 1.3h)
  [127/1620] Amazon_employee_access_s0_AxisAligned_d10: acc=0.942325 train=0.6s best=1.508µs (1.8s, ETA 1.3h)
  [128/1620] Amazon_employee_access_s0_Oblique_d3: acc=0.941715 train=0.3s best=1.323µs (1.1s, ETA 1.3h)
  [129/1620] Amazon_employee_access_s0_Oblique_d4: acc=0.942173 train=0.5s best=2.131µs (1.4s, ETA 1.3h)
  [130/1620] Amazon_employee_access_s0_Oblique_d5: acc=0.941868 train=0.7s best=2.886µs (1.8s, ETA 1.3h)
  [131/1620] Amazon_employee_access_s0_Oblique_d6: acc=0.94202 train=0.9s best=3.781µs (2.1s, ETA 1.3h)
  [132/1620] Amazon_employee_access_s0_Oblique_d8: acc=0.942478 train=1.0s best=2.451µs (2.1s, ETA 1.3h)
  [133/1620] Amazon_employee_access_s1_AxisAligned_d3: acc=0.941105 train=0.1s best=0.165µs (0.9s, ETA 1.3h)
  [134/1620] Amazon_employee_access_s1_AxisAligned_d4: acc=0.94141 train=0.1s best=0.315µs (1.2s, ETA 1.3h)
  [135/1620] Amazon_employee_access_s1_AxisAligned_d5: acc=0.941715 train=0.2s best=0.491µs (1.5s, ETA 1.3h)
  [136/1620] Amazon_employee_access_s1_AxisAligned_d6: acc=0.941715 train=0.3s best=0.739µs (1.7s, ETA 1.2h)
  [137/1620] Amazon_employee_access_s1_AxisAligned_d7: acc=0.940189 train=0.4s best=1.142µs (2.0s, ETA 1.2h)
  [138/1620] Amazon_employee_access_s1_AxisAligned_d8: acc=0.941257 train=0.5s best=2.777µs (2.2s, ETA 1.2h)
  [139/1620] Amazon_employee_access_s1_AxisAligned_d10: acc=0.942783 train=0.8s best=2.249µs (2.3s, ETA 1.2h)
  [140/1620] Amazon_employee_access_s1_Oblique_d3: acc=0.941257 train=0.3s best=1.198µs (1.1s, ETA 1.2h)
  [141/1620] Amazon_employee_access_s1_Oblique_d4: acc=0.941715 train=0.5s best=2.025µs (1.4s, ETA 1.2h)
  [142/1620] Amazon_employee_access_s1_Oblique_d5: acc=0.940189 train=0.7s best=2.921µs (1.8s, ETA 1.2h)
  [143/1620] Amazon_employee_access_s1_Oblique_d6: acc=0.941562 train=0.9s best=4.185µs (2.2s, ETA 1.2h)
  [144/1620] Amazon_employee_access_s1_Oblique_d8: acc=0.943393 train=1.5s best=7.028µs (3.3s, ETA 1.2h)
  [145/1620] Amazon_employee_access_s2_AxisAligned_d3: acc=0.940189 train=0.1s best=0.186µs (1.0s, ETA 1.2h)
  [146/1620] Amazon_employee_access_s2_AxisAligned_d4: acc=0.9408 train=0.1s best=0.349µs (1.2s, ETA 1.2h)
  [147/1620] Amazon_employee_access_s2_AxisAligned_d5: acc=0.940494 train=0.2s best=0.487µs (1.4s, ETA 1.2h)
  [148/1620] Amazon_employee_access_s2_AxisAligned_d6: acc=0.94202 train=0.3s best=0.727µs (1.7s, ETA 1.2h)
  [149/1620] Amazon_employee_access_s2_AxisAligned_d7: acc=0.942936 train=0.4s best=1.122µs (2.1s, ETA 1.2h)
  [150/1620] Amazon_employee_access_s2_AxisAligned_d8: acc=0.941868 train=0.5s best=2.674µs (2.1s, ETA 1.2h)
  [151/1620] Amazon_employee_access_s2_AxisAligned_d10: acc=0.943241 train=0.7s best=2.027µs (2.1s, ETA 1.2h)
  [152/1620] Amazon_employee_access_s2_Oblique_d3: acc=0.940647 train=0.3s best=1.365µs (1.1s, ETA 1.2h)
  [153/1620] Amazon_employee_access_s2_Oblique_d4: acc=0.941257 train=0.5s best=2.096µs (1.4s, ETA 1.2h)
  [154/1620] Amazon_employee_access_s2_Oblique_d5: acc=0.942173 train=0.7s best=3.025µs (1.8s, ETA 1.2h)
  [155/1620] Amazon_employee_access_s2_Oblique_d6: acc=0.94263 train=0.9s best=4.232µs (2.2s, ETA 1.2h)
  [156/1620] Amazon_employee_access_s2_Oblique_d8: acc=0.942325 train=1.5s best=5.360µs (3.0s, ETA 1.2h)
  [157/1620] Amazon_employee_access_s3_AxisAligned_d3: acc=0.93729 train=0.1s best=0.189µs (0.9s, ETA 1.2h)
  [158/1620] Amazon_employee_access_s3_AxisAligned_d4: acc=0.937595 train=0.1s best=0.305µs (1.2s, ETA 1.2h)
  [159/1620] Amazon_employee_access_s3_AxisAligned_d5: acc=0.937595 train=0.2s best=0.463µs (1.4s, ETA 1.2h)
  [160/1620] Amazon_employee_access_s3_AxisAligned_d6: acc=0.938053 train=0.3s best=0.743µs (1.7s, ETA 1.2h)
  [161/1620] Amazon_employee_access_s3_AxisAligned_d7: acc=0.937901 train=0.4s best=1.075µs (2.0s, ETA 1.2h)
  [162/1620] Amazon_employee_access_s3_AxisAligned_d8: acc=0.938663 train=0.5s best=2.433µs (2.1s, ETA 1.1h)
  [163/1620] Amazon_employee_access_s3_AxisAligned_d10: acc=0.938053 train=0.7s best=1.982µs (2.1s, ETA 1.1h)
  [164/1620] Amazon_employee_access_s3_Oblique_d3: acc=0.937595 train=0.3s best=1.252µs (1.1s, ETA 1.1h)
  [165/1620] Amazon_employee_access_s3_Oblique_d4: acc=0.938206 train=0.5s best=2.004µs (1.4s, ETA 1.1h)
  [166/1620] Amazon_employee_access_s3_Oblique_d5: acc=0.938663 train=0.7s best=2.811µs (1.8s, ETA 1.1h)
  [167/1620] Amazon_employee_access_s3_Oblique_d6: acc=0.939274 train=0.9s best=4.042µs (2.2s, ETA 1.1h)
  [168/1620] Amazon_employee_access_s3_Oblique_d8: acc=0.938663 train=1.4s best=4.094µs (2.7s, ETA 1.1h)
  [169/1620] Amazon_employee_access_s4_AxisAligned_d3: acc=0.946903 train=0.1s best=0.191µs (1.0s, ETA 1.1h)
  [170/1620] Amazon_employee_access_s4_AxisAligned_d4: acc=0.946598 train=0.1s best=0.306µs (1.2s, ETA 1.1h)
  [171/1620] Amazon_employee_access_s4_AxisAligned_d5: acc=0.94736 train=0.2s best=0.464µs (1.4s, ETA 1.1h)
  [172/1620] Amazon_employee_access_s4_AxisAligned_d6: acc=0.948734 train=0.3s best=0.679µs (1.6s, ETA 1.1h)
  [173/1620] Amazon_employee_access_s4_AxisAligned_d7: acc=0.948428 train=0.4s best=0.831µs (1.7s, ETA 1.1h)
  [174/1620] Amazon_employee_access_s4_AxisAligned_d8: acc=0.94736 train=0.4s best=1.203µs (1.4s, ETA 1.1h)
  [175/1620] Amazon_employee_access_s4_AxisAligned_d10: acc=0.950565 train=0.7s best=1.832µs (2.0s, ETA 1.1h)
  [176/1620] Amazon_employee_access_s4_Oblique_d3: acc=0.947513 train=0.3s best=1.331µs (1.1s, ETA 1.1h)
  [177/1620] Amazon_employee_access_s4_Oblique_d4: acc=0.948428 train=0.5s best=2.112µs (1.4s, ETA 1.1h)
  [178/1620] Amazon_employee_access_s4_Oblique_d5: acc=0.949039 train=0.7s best=3.395µs (1.9s, ETA 1.1h)
  [179/1620] Amazon_employee_access_s4_Oblique_d6: acc=0.949039 train=0.9s best=3.935µs (2.2s, ETA 1.1h)
  [180/1620] Amazon_employee_access_s4_Oblique_d8: acc=0.949802 train=1.2s best=3.577µs (2.4s, ETA 1.1h)
  fetching OpenML id=1056 (mc1) ...

=== Dataset mc1 (openml:1056) shape=(9466, 39) regime=production-imbalanced ===
  [181/1620] mc1_s0_AxisAligned_d3: acc=0.99472 train=0.1s best=0.058µs (0.2s, ETA 1.1h)
  [182/1620] mc1_s0_AxisAligned_d4: acc=0.99472 train=0.1s best=0.084µs (0.3s, ETA 1.1h)
  [183/1620] mc1_s0_AxisAligned_d5: acc=0.993664 train=0.2s best=0.115µs (0.3s, ETA 1.1h)
  [184/1620] mc1_s0_AxisAligned_d6: acc=0.993664 train=0.2s best=0.136µs (0.4s, ETA 1.1h)
  [185/1620] mc1_s0_AxisAligned_d7: acc=0.993664 train=0.3s best=0.181µs (0.4s, ETA 1.1h)
  [186/1620] mc1_s0_AxisAligned_d8: acc=0.99472 train=0.3s best=0.171µs (0.5s, ETA 1.1h)
  [187/1620] mc1_s0_AxisAligned_d10: acc=0.99472 train=0.4s best=0.180µs (0.6s, ETA 1.1h)
  [188/1620] mc1_s0_Oblique_d3: acc=0.994192 train=0.8s best=0.286µs (1.0s, ETA 1.0h)
  [189/1620] mc1_s0_Oblique_d4: acc=0.99472 train=1.5s best=0.520µs (1.6s, ETA 1.0h)
  [190/1620] mc1_s0_Oblique_d5: acc=0.996304 train=1.8s best=0.554µs (2.0s, ETA 1.0h)
  [191/1620] mc1_s0_Oblique_d6: acc=0.99736 train=1.7s best=0.362µs (1.9s, ETA 1.0h)
  [192/1620] mc1_s0_Oblique_d8: acc=0.996832 train=2.4s best=0.444µs (2.6s, ETA 1.0h)
  [193/1620] mc1_s1_AxisAligned_d3: acc=0.992608 train=0.1s best=0.124µs (0.3s, ETA 1.0h)
  [194/1620] mc1_s1_AxisAligned_d4: acc=0.993136 train=0.2s best=0.194µs (0.4s, ETA 1.0h)
  [195/1620] mc1_s1_AxisAligned_d5: acc=0.992608 train=0.3s best=0.208µs (0.5s, ETA 1.0h)
  [196/1620] mc1_s1_AxisAligned_d6: acc=0.993136 train=0.2s best=0.171µs (0.4s, ETA 1.0h)
  [197/1620] mc1_s1_AxisAligned_d7: acc=0.994192 train=0.5s best=0.319µs (0.7s, ETA 1.0h)
  [198/1620] mc1_s1_AxisAligned_d8: acc=0.993136 train=0.4s best=0.265µs (0.6s, ETA 1.0h)
  [199/1620] mc1_s1_AxisAligned_d10: acc=0.994192 train=0.7s best=1.257µs (0.9s, ETA 1.0h)
  [200/1620] mc1_s1_Oblique_d3: acc=0.992608 train=1.5s best=0.774µs (1.7s, ETA 1.0h)
  [201/1620] mc1_s1_Oblique_d4: acc=0.994192 train=2.2s best=1.441µs (2.4s, ETA 1.0h)
  [202/1620] mc1_s1_Oblique_d5: acc=0.993136 train=2.5s best=1.026µs (2.7s, ETA 1.0h)
  [203/1620] mc1_s1_Oblique_d6: acc=0.993664 train=3.4s best=1.476µs (3.6s, ETA 1.0h)
  [204/1620] mc1_s1_Oblique_d8: acc=0.993136 train=3.4s best=1.061µs (3.6s, ETA 1.0h)
  [205/1620] mc1_s2_AxisAligned_d3: acc=0.992608 train=0.1s best=0.094µs (0.3s, ETA 1.0h)
  [206/1620] mc1_s2_AxisAligned_d4: acc=0.993136 train=0.1s best=0.082µs (0.3s, ETA 1.0h)
  [207/1620] mc1_s2_AxisAligned_d5: acc=0.993136 train=0.2s best=0.190µs (0.4s, ETA 1.0h)
  [208/1620] mc1_s2_AxisAligned_d6: acc=0.991024 train=0.3s best=0.244µs (0.5s, ETA 1.0h)
  [209/1620] mc1_s2_AxisAligned_d7: acc=0.991024 train=0.3s best=0.161µs (0.4s, ETA 1.0h)
  [210/1620] mc1_s2_AxisAligned_d8: acc=0.99208 train=0.4s best=0.239µs (0.6s, ETA 1.0h)
  [211/1620] mc1_s2_AxisAligned_d10: acc=0.993136 train=0.6s best=0.278µs (0.7s, ETA 1.0h)
  [212/1620] mc1_s2_Oblique_d3: acc=0.992608 train=0.8s best=0.262µs (0.9s, ETA 1.0h)
  [213/1620] mc1_s2_Oblique_d4: acc=0.991024 train=0.9s best=0.159µs (1.0s, ETA 1.0h)
  [214/1620] mc1_s2_Oblique_d5: acc=0.991024 train=2.4s best=0.984µs (2.6s, ETA 1.0h)
  [215/1620] mc1_s2_Oblique_d6: acc=0.99208 train=2.1s best=0.590µs (2.3s, ETA 1.0h)
  [216/1620] mc1_s2_Oblique_d8: acc=0.98944 train=3.0s best=0.735µs (3.2s, ETA 1.0h)
  [217/1620] mc1_s3_AxisAligned_d3: acc=0.995776 train=0.1s best=0.120µs (0.3s, ETA 1.0h)
  [218/1620] mc1_s3_AxisAligned_d4: acc=0.995776 train=0.2s best=0.186µs (0.4s, ETA 1.0h)
  [219/1620] mc1_s3_AxisAligned_d5: acc=0.995776 train=0.3s best=0.262µs (0.5s, ETA 1.0h)
  [220/1620] mc1_s3_AxisAligned_d6: acc=0.995776 train=0.4s best=0.296µs (0.6s, ETA 0.9h)
  [221/1620] mc1_s3_AxisAligned_d7: acc=0.996304 train=0.5s best=0.312µs (0.7s, ETA 0.9h)
  [222/1620] mc1_s3_AxisAligned_d8: acc=0.995776 train=0.7s best=0.492µs (1.0s, ETA 0.9h)
  [223/1620] mc1_s3_AxisAligned_d10: acc=0.996832 train=0.9s best=1.905µs (1.2s, ETA 0.9h)
  [224/1620] mc1_s3_Oblique_d3: acc=0.995248 train=1.4s best=1.041µs (1.6s, ETA 0.9h)
  [225/1620] mc1_s3_Oblique_d4: acc=0.995248 train=2.2s best=1.235µs (2.4s, ETA 0.9h)
  [226/1620] mc1_s3_Oblique_d5: acc=0.996304 train=2.9s best=1.556µs (3.2s, ETA 0.9h)
  [227/1620] mc1_s3_Oblique_d6: acc=0.99472 train=2.6s best=0.970µs (2.8s, ETA 0.9h)
  [228/1620] mc1_s3_Oblique_d8: acc=0.995776 train=4.6s best=1.886µs (4.8s, ETA 0.9h)
  [229/1620] mc1_s4_AxisAligned_d3: acc=0.996832 train=0.1s best=0.127µs (0.3s, ETA 0.9h)
  [230/1620] mc1_s4_AxisAligned_d4: acc=0.996304 train=0.2s best=0.182µs (0.4s, ETA 0.9h)
  [231/1620] mc1_s4_AxisAligned_d5: acc=0.995776 train=0.3s best=0.276µs (0.5s, ETA 0.9h)
  [232/1620] mc1_s4_AxisAligned_d6: acc=0.995776 train=0.4s best=0.271µs (0.6s, ETA 0.9h)
  [233/1620] mc1_s4_AxisAligned_d7: acc=0.996304 train=0.4s best=0.285µs (0.6s, ETA 0.9h)
  [234/1620] mc1_s4_AxisAligned_d8: acc=0.996304 train=0.5s best=0.298µs (0.7s, ETA 0.9h)
  [235/1620] mc1_s4_AxisAligned_d10: acc=0.995248 train=0.5s best=0.193µs (0.7s, ETA 0.9h)
  [236/1620] mc1_s4_Oblique_d3: acc=0.99472 train=1.5s best=1.014µs (1.7s, ETA 0.9h)
  [237/1620] mc1_s4_Oblique_d4: acc=0.995776 train=1.3s best=0.424µs (1.5s, ETA 0.9h)
  [238/1620] mc1_s4_Oblique_d5: acc=0.995776 train=2.9s best=1.675µs (3.2s, ETA 0.9h)
  [239/1620] mc1_s4_Oblique_d6: acc=0.995248 train=2.9s best=1.101µs (3.1s, ETA 0.9h)
  [240/1620] mc1_s4_Oblique_d8: acc=0.996832 train=3.2s best=0.926µs (3.4s, ETA 0.9h)
  fetching OpenML id=312 (scene) ...

=== Dataset scene (openml:312) shape=(2407, 300) regime=high-dim ===
  [241/1620] scene_s0_AxisAligned_d3: acc=0.983402 train=0.4s best=0.337µs (0.6s, ETA 0.9h)
  [242/1620] scene_s0_AxisAligned_d4: acc=0.985477 train=0.7s best=0.679µs (0.9s, ETA 0.9h)
  [243/1620] scene_s0_AxisAligned_d5: acc=0.985477 train=1.2s best=1.516µs (1.4s, ETA 0.9h)
  [244/1620] scene_s0_AxisAligned_d6: acc=0.983402 train=2.0s best=2.305µs (2.2s, ETA 0.9h)
  [245/1620] scene_s0_AxisAligned_d7: acc=0.981328 train=2.9s best=3.123µs (3.2s, ETA 0.9h)
  [246/1620] scene_s0_AxisAligned_d8: acc=0.962656 train=2.7s best=1.048µs (2.9s, ETA 0.9h)
  [247/1620] scene_s0_AxisAligned_d10: acc=0.96473 train=4.2s best=1.402µs (4.4s, ETA 0.9h)
  [248/1620] scene_s0_Oblique_d3: acc=0.96888 train=0.7s best=1.903µs (0.9s, ETA 0.9h)
  [249/1620] scene_s0_Oblique_d4: acc=0.975104 train=1.1s best=3.283µs (1.4s, ETA 0.9h)
  [250/1620] scene_s0_Oblique_d5: acc=0.970954 train=1.8s best=4.574µs (2.1s, ETA 0.9h)
  [251/1620] scene_s0_Oblique_d6: acc=0.973029 train=2.7s best=5.263µs (3.0s, ETA 0.9h)
  [252/1620] scene_s0_Oblique_d8: acc=0.96888 train=3.7s best=2.379µs (3.9s, ETA 0.9h)
  [253/1620] scene_s1_AxisAligned_d3: acc=0.991701 train=0.4s best=0.344µs (0.5s, ETA 0.9h)
  [254/1620] scene_s1_AxisAligned_d4: acc=0.991701 train=0.7s best=0.882µs (0.9s, ETA 0.9h)
  [255/1620] scene_s1_AxisAligned_d5: acc=0.991701 train=1.2s best=1.687µs (1.5s, ETA 0.9h)
  [256/1620] scene_s1_AxisAligned_d6: acc=0.989627 train=1.9s best=2.538µs (2.2s, ETA 0.9h)
  [257/1620] scene_s1_AxisAligned_d7: acc=0.985477 train=2.9s best=3.463µs (3.2s, ETA 0.9h)
  [258/1620] scene_s1_AxisAligned_d8: acc=0.981328 train=4.4s best=4.213µs (4.7s, ETA 0.9h)
  [259/1620] scene_s1_AxisAligned_d10: acc=0.970954 train=4.5s best=1.268µs (4.7s, ETA 0.9h)
  [260/1620] scene_s1_Oblique_d3: acc=0.975104 train=0.7s best=1.933µs (0.9s, ETA 0.9h)
  [261/1620] scene_s1_Oblique_d4: acc=0.977178 train=1.2s best=3.277µs (1.4s, ETA 0.9h)
  [262/1620] scene_s1_Oblique_d5: acc=0.981328 train=1.8s best=4.290µs (2.0s, ETA 0.9h)
  [263/1620] scene_s1_Oblique_d6: acc=0.979253 train=2.8s best=6.008µs (3.1s, ETA 0.9h)
  [264/1620] scene_s1_Oblique_d8: acc=0.975104 train=5.5s best=5.421µs (5.8s, ETA 0.9h)
  [265/1620] scene_s2_AxisAligned_d3: acc=0.995851 train=0.4s best=0.348µs (0.5s, ETA 0.9h)
  [266/1620] scene_s2_AxisAligned_d4: acc=0.995851 train=0.7s best=0.807µs (0.9s, ETA 0.9h)
  [267/1620] scene_s2_AxisAligned_d5: acc=0.993776 train=1.2s best=1.699µs (1.5s, ETA 0.9h)
  [268/1620] scene_s2_AxisAligned_d6: acc=0.993776 train=2.0s best=2.561µs (2.3s, ETA 0.9h)
  [269/1620] scene_s2_AxisAligned_d7: acc=0.981328 train=2.3s best=1.800µs (2.5s, ETA 0.9h)
  [270/1620] scene_s2_AxisAligned_d8: acc=0.977178 train=3.7s best=2.203µs (4.0s, ETA 0.9h)
  [271/1620] scene_s2_AxisAligned_d10: acc=0.977178 train=6.5s best=2.591µs (6.7s, ETA 0.9h)
  [272/1620] scene_s2_Oblique_d3: acc=0.989627 train=0.7s best=1.885µs (0.9s, ETA 0.9h)
  [273/1620] scene_s2_Oblique_d4: acc=0.989627 train=1.2s best=3.132µs (1.4s, ETA 0.9h)
  [274/1620] scene_s2_Oblique_d5: acc=0.989627 train=1.8s best=4.619µs (2.0s, ETA 0.9h)
  [275/1620] scene_s2_Oblique_d6: acc=0.985477 train=2.9s best=5.149µs (3.1s, ETA 0.9h)
  [276/1620] scene_s2_Oblique_d8: acc=0.977178 train=4.3s best=2.723µs (4.5s, ETA 0.9h)
  [277/1620] scene_s3_AxisAligned_d3: acc=0.989627 train=0.4s best=0.350µs (0.5s, ETA 0.9h)
  [278/1620] scene_s3_AxisAligned_d4: acc=0.989627 train=0.7s best=0.853µs (0.9s, ETA 0.9h)
  [279/1620] scene_s3_AxisAligned_d5: acc=0.991701 train=1.2s best=1.316µs (1.4s, ETA 0.9h)
  [280/1620] scene_s3_AxisAligned_d6: acc=0.985477 train=1.8s best=1.924µs (2.0s, ETA 0.9h)
  [281/1620] scene_s3_AxisAligned_d7: acc=0.977178 train=2.6s best=2.521µs (2.8s, ETA 0.9h)
  [282/1620] scene_s3_AxisAligned_d8: acc=0.977178 train=3.4s best=2.281µs (3.6s, ETA 0.9h)
  [283/1620] scene_s3_AxisAligned_d10: acc=0.973029 train=5.3s best=1.723µs (5.5s, ETA 0.9h)
  [284/1620] scene_s3_Oblique_d3: acc=0.973029 train=0.7s best=1.914µs (0.9s, ETA 0.9h)
  [285/1620] scene_s3_Oblique_d4: acc=0.983402 train=1.2s best=3.171µs (1.4s, ETA 0.9h)
  [286/1620] scene_s3_Oblique_d5: acc=0.981328 train=1.8s best=3.291µs (2.0s, ETA 0.9h)
  [287/1620] scene_s3_Oblique_d6: acc=0.977178 train=2.7s best=4.019µs (2.9s, ETA 0.9h)
  [288/1620] scene_s3_Oblique_d8: acc=0.977178 train=4.4s best=3.013µs (4.6s, ETA 0.9h)
  [289/1620] scene_s4_AxisAligned_d3: acc=0.983402 train=0.4s best=0.348µs (0.5s, ETA 0.9h)
  [290/1620] scene_s4_AxisAligned_d4: acc=0.985477 train=0.7s best=0.797µs (0.9s, ETA 0.9h)
  [291/1620] scene_s4_AxisAligned_d5: acc=0.985477 train=1.2s best=1.621µs (1.5s, ETA 0.9h)
  [292/1620] scene_s4_AxisAligned_d6: acc=0.983402 train=2.0s best=2.699µs (2.2s, ETA 0.9h)
  [293/1620] scene_s4_AxisAligned_d7: acc=0.973029 train=2.8s best=3.286µs (3.1s, ETA 0.9h)
  [294/1620] scene_s4_AxisAligned_d8: acc=0.96888 train=4.4s best=4.131µs (4.7s, ETA 0.9h)
  [295/1620] scene_s4_AxisAligned_d10: acc=0.943983 train=5.2s best=1.503µs (5.4s, ETA 0.9h)
  [296/1620] scene_s4_Oblique_d3: acc=0.962656 train=0.7s best=1.910µs (0.9s, ETA 0.9h)
  [297/1620] scene_s4_Oblique_d4: acc=0.979253 train=1.1s best=3.004µs (1.3s, ETA 0.9h)
  [298/1620] scene_s4_Oblique_d5: acc=0.977178 train=1.8s best=4.427µs (2.0s, ETA 0.9h)
  [299/1620] scene_s4_Oblique_d6: acc=0.973029 train=2.7s best=5.799µs (3.0s, ETA 0.9h)
  [300/1620] scene_s4_Oblique_d8: acc=0.96888 train=5.0s best=4.457µs (5.2s, ETA 0.9h)
  fetching OpenML id=4137 (Dorothea) ...
/home/ubuntu/.local/lib/python3.12/site-packages/openml/datasets/dataset.py:472: FutureWarning: factorize with argument that is not not a Series, Index, ExtensionArray, or np.ndarray is deprecated and will raise in a future version.
  pd.factorize(type_)[0]

=== Dataset Dorothea (openml:4137) shape=(1150, 100001) regime=high-dim-sparse ===
  [301/1620] Dorothea_s0_AxisAligned_d3: acc=0.873913 train=24.6s best=0.086µs (77.1s, ETA 1.4h)
  [302/1620] Dorothea_s0_AxisAligned_d4: acc=0.873913 train=55.0s best=0.386µs (106.8s, ETA 1.5h)
  [303/1620] Dorothea_s0_AxisAligned_d5: acc=0.873913 train=89.1s best=0.458µs (141.5s, ETA 1.6h)
  [304/1620] Dorothea_s0_AxisAligned_d6: acc=0.873913 train=131.7s best=0.505µs (184.1s, ETA 1.9h)
  [305/1620] Dorothea_s0_AxisAligned_d7: acc=0.873913 train=171.5s best=0.604µs (223.7s, ETA 2.1h)
  [306/1620] Dorothea_s0_AxisAligned_d8: acc=0.873913 train=217.3s best=0.700µs (269.3s, ETA 2.4h)
Plan: 26 datasets × 5 seeds × (12) configs. exp=2.0 density=2.0 max_proj=1000

=== Dataset higgs (openml:23512) shape=(98050, 29) regime=correlated ===

=== Dataset default-of-credit-card-clients (openml:42477) shape=(30000, 24) regime=production ===

=== Dataset Amazon_employee_access (openml:4135) shape=(32769, 10) regime=cc18-categorical ===

=== Dataset mc1 (openml:1056) shape=(9466, 39) regime=production-imbalanced ===

=== Dataset scene (openml:312) shape=(2407, 300) regime=high-dim ===
  fetching OpenML id=1134 (OVA_Kidney) ...

=== Dataset OVA_Kidney (openml:1134) shape=(1545, 10936) regime=p>>n-microarray ===
  [301/1560] OVA_Kidney_s0_AxisAligned_d3: acc=0.977346 train=2.7s best=0.281µs (6.5s, ETA 12.6h)
  [302/1560] OVA_Kidney_s0_AxisAligned_d4: acc=0.97411 train=5.8s best=0.413µs (9.5s, ETA 8.0h)
  [303/1560] OVA_Kidney_s0_AxisAligned_d5: acc=0.97411 train=11.5s best=0.565µs (15.2s, ETA 7.1h)
  [304/1560] OVA_Kidney_s0_AxisAligned_d6: acc=0.97411 train=19.2s best=0.721µs (23.0s, ETA 7.3h)
  [305/1560] OVA_Kidney_s0_AxisAligned_d7: acc=0.970874 train=27.5s best=0.911µs (31.3s, ETA 8.0h)
  [306/1560] OVA_Kidney_s0_AxisAligned_d8: acc=0.970874 train=35.2s best=1.191µs (39.0s, ETA 8.9h)
  [307/1560] OVA_Kidney_s0_AxisAligned_d10: acc=0.97411 train=51.6s best=1.555µs (55.3s, ETA 10.4h)
  [308/1560] OVA_Kidney_s0_Oblique_d3: acc=0.970874 train=8.6s best=1.240µs (12.3s, ETA 9.6h)
  [309/1560] OVA_Kidney_s0_Oblique_d4: acc=0.970874 train=17.4s best=1.861µs (21.2s, ETA 9.4h)
  [310/1560] OVA_Kidney_s0_Oblique_d5: acc=0.970874 train=32.8s best=2.644µs (36.5s, ETA 9.7h)
  [311/1560] OVA_Kidney_s0_Oblique_d6: acc=0.970874 train=48.4s best=3.132µs (52.1s, ETA 10.5h)
  [312/1560] OVA_Kidney_s0_Oblique_d8: acc=0.970874 train=78.4s best=5.599µs (82.2s, ETA 11.9h)
  [313/1560] OVA_Kidney_s1_AxisAligned_d3: acc=0.970874 train=2.1s best=0.144µs (5.8s, ETA 11.4h)
  [314/1560] OVA_Kidney_s1_AxisAligned_d4: acc=0.967638 train=4.3s best=0.150µs (8.0s, ETA 10.8h)
  [315/1560] OVA_Kidney_s1_AxisAligned_d5: acc=0.970874 train=9.2s best=0.190µs (12.9s, ETA 10.3h)
  [316/1560] OVA_Kidney_s1_AxisAligned_d6: acc=0.970874 train=15.8s best=0.233µs (19.5s, ETA 10.1h)
  [317/1560] OVA_Kidney_s1_AxisAligned_d7: acc=0.970874 train=18.8s best=0.259µs (22.5s, ETA 9.9h)
  [318/1560] OVA_Kidney_s1_AxisAligned_d8: acc=0.967638 train=24.9s best=0.384µs (28.6s, ETA 9.9h)
  [319/1560] OVA_Kidney_s1_AxisAligned_d10: acc=0.967638 train=34.6s best=0.678µs (38.4s, ETA 10.1h)
  [320/1560] OVA_Kidney_s1_Oblique_d3: acc=0.970874 train=7.6s best=0.609µs (11.3s, ETA 9.8h)
  [321/1560] OVA_Kidney_s1_Oblique_d4: acc=0.970874 train=13.4s best=0.677µs (17.1s, ETA 9.6h)
  [322/1560] OVA_Kidney_s1_Oblique_d5: acc=0.967638 train=23.8s best=0.955µs (27.5s, ETA 9.6h)
  [323/1560] OVA_Kidney_s1_Oblique_d6: acc=0.97411 train=33.0s best=1.056µs (36.7s, ETA 9.7h)
  [324/1560] OVA_Kidney_s1_Oblique_d8: acc=0.970874 train=63.1s best=2.195µs (66.9s, ETA 10.2h)
  [325/1560] OVA_Kidney_s2_AxisAligned_d3: acc=0.977346 train=2.4s best=0.150µs (6.1s, ETA 10.0h)
  [326/1560] OVA_Kidney_s2_AxisAligned_d4: acc=0.977346 train=4.6s best=0.159µs (8.3s, ETA 9.7h)
  [327/1560] OVA_Kidney_s2_AxisAligned_d5: acc=0.977346 train=9.9s best=0.218µs (13.7s, ETA 9.5h)
  [328/1560] OVA_Kidney_s2_AxisAligned_d6: acc=0.977346 train=14.7s best=0.225µs (18.4s, ETA 9.4h)
  [329/1560] OVA_Kidney_s2_AxisAligned_d7: acc=0.977346 train=17.6s best=0.235µs (21.3s, ETA 9.3h)
  [330/1560] OVA_Kidney_s2_AxisAligned_d8: acc=0.977346 train=27.1s best=0.463µs (30.9s, ETA 9.4h)
  [331/1560] OVA_Kidney_s2_AxisAligned_d10: acc=0.977346 train=33.5s best=0.612µs (37.3s, ETA 9.5h)
  [332/1560] OVA_Kidney_s2_Oblique_d3: acc=0.97411 train=8.2s best=0.909µs (11.9s, ETA 9.3h)
  [333/1560] OVA_Kidney_s2_Oblique_d4: acc=0.977346 train=15.4s best=0.902µs (19.1s, ETA 9.2h)
  [334/1560] OVA_Kidney_s2_Oblique_d5: acc=0.97411 train=31.6s best=1.556µs (35.3s, ETA 9.3h)
  [335/1560] OVA_Kidney_s2_Oblique_d6: acc=0.977346 train=33.3s best=1.292µs (37.1s, ETA 9.4h)
  [336/1560] OVA_Kidney_s2_Oblique_d8: acc=0.977346 train=51.3s best=1.656µs (55.0s, ETA 9.6h)
  [337/1560] OVA_Kidney_s3_AxisAligned_d3: acc=0.977346 train=3.0s best=0.212µs (6.7s, ETA 9.5h)
  [338/1560] OVA_Kidney_s3_AxisAligned_d4: acc=0.977346 train=4.5s best=0.131µs (8.2s, ETA 9.3h)
  [339/1560] OVA_Kidney_s3_AxisAligned_d5: acc=0.977346 train=8.9s best=0.165µs (12.6s, ETA 9.2h)
  [340/1560] OVA_Kidney_s3_AxisAligned_d6: acc=0.977346 train=13.6s best=0.205µs (17.4s, ETA 9.1h)
  [341/1560] OVA_Kidney_s3_AxisAligned_d7: acc=0.977346 train=18.3s best=0.281µs (22.0s, ETA 9.0h)
  [342/1560] OVA_Kidney_s3_AxisAligned_d8: acc=0.977346 train=22.8s best=0.310µs (26.6s, ETA 9.0h)
  [343/1560] OVA_Kidney_s3_AxisAligned_d10: acc=0.980583 train=29.0s best=0.462µs (32.7s, ETA 9.1h)
  [344/1560] OVA_Kidney_s3_Oblique_d3: acc=0.977346 train=6.8s best=0.547µs (10.5s, ETA 8.9h)
  [345/1560] OVA_Kidney_s3_Oblique_d4: acc=0.977346 train=12.3s best=0.681µs (16.0s, ETA 8.8h)
  [346/1560] OVA_Kidney_s3_Oblique_d5: acc=0.977346 train=22.6s best=0.856µs (26.3s, ETA 8.8h)
  [347/1560] OVA_Kidney_s3_Oblique_d6: acc=0.97411 train=34.1s best=1.039µs (37.7s, ETA 8.9h)
  [348/1560] OVA_Kidney_s3_Oblique_d8: acc=0.977346 train=53.3s best=1.537µs (57.0s, ETA 9.1h)
  [349/1560] OVA_Kidney_s4_AxisAligned_d3: acc=0.987055 train=2.7s best=0.346µs (6.5s, ETA 9.0h)
  [350/1560] OVA_Kidney_s4_AxisAligned_d4: acc=0.983819 train=5.6s best=0.585µs (9.3s, ETA 8.9h)
  [351/1560] OVA_Kidney_s4_AxisAligned_d5: acc=0.993528 train=11.9s best=0.580µs (15.6s, ETA 8.8h)
  [352/1560] OVA_Kidney_s4_AxisAligned_d6: acc=0.987055 train=19.0s best=0.834µs (22.8s, ETA 8.8h)
  [353/1560] OVA_Kidney_s4_AxisAligned_d7: acc=0.987055 train=26.0s best=1.080µs (29.8s, ETA 8.8h)
  [354/1560] OVA_Kidney_s4_AxisAligned_d8: acc=0.987055 train=34.5s best=0.896µs (38.3s, ETA 8.9h)
  [355/1560] OVA_Kidney_s4_AxisAligned_d10: acc=0.983819 train=47.0s best=1.745µs (50.9s, ETA 9.0h)
  [356/1560] OVA_Kidney_s4_Oblique_d3: acc=0.983819 train=8.3s best=1.246µs (12.0s, ETA 8.9h)
  [357/1560] OVA_Kidney_s4_Oblique_d4: acc=0.987055 train=16.7s best=1.736µs (20.4s, ETA 8.9h)
  [358/1560] OVA_Kidney_s4_Oblique_d5: acc=0.987055 train=26.7s best=1.249µs (30.4s, ETA 8.9h)
  [359/1560] OVA_Kidney_s4_Oblique_d6: acc=0.987055 train=47.9s best=2.883µs (51.7s, ETA 9.0h)
  [360/1560] OVA_Kidney_s4_Oblique_d8: acc=0.987055 train=77.8s best=3.417µs (81.6s, ETA 9.3h)
  fetching OpenML id=1138 (OVA_Uterus) ...

=== Dataset OVA_Uterus (openml:1138) shape=(1545, 10936) regime=p>>n-microarray ===
  [361/1560] OVA_Uterus_s0_AxisAligned_d3: acc=0.944984 train=2.7s best=0.395µs (6.4s, ETA 9.3h)
  [362/1560] OVA_Uterus_s0_AxisAligned_d4: acc=0.951456 train=4.3s best=0.308µs (8.0s, ETA 9.2h)
  [363/1560] OVA_Uterus_s0_AxisAligned_d5: acc=0.94822 train=6.4s best=0.199µs (10.1s, ETA 9.1h)
  [364/1560] OVA_Uterus_s0_AxisAligned_d6: acc=0.954693 train=14.5s best=0.435µs (18.2s, ETA 9.0h)
  [365/1560] OVA_Uterus_s0_AxisAligned_d7: acc=0.944984 train=28.9s best=0.698µs (32.7s, ETA 9.1h)
  [366/1560] OVA_Uterus_s0_AxisAligned_d8: acc=0.944984 train=27.3s best=0.368µs (31.1s, ETA 9.1h)
  [367/1560] OVA_Uterus_s0_AxisAligned_d10: acc=0.944984 train=45.2s best=0.569µs (49.0s, ETA 9.2h)
  [368/1560] OVA_Uterus_s0_Oblique_d3: acc=0.944984 train=8.8s best=1.017µs (12.5s, ETA 9.1h)
  [369/1560] OVA_Uterus_s0_Oblique_d4: acc=0.925566 train=15.1s best=1.133µs (18.8s, ETA 9.0h)
Plan: 22 datasets × 5 seeds × (12) configs. exp=2.0 density=2.0 max_proj=1000

=== Dataset higgs (openml:23512) shape=(98050, 29) regime=correlated ===

=== Dataset default-of-credit-card-clients (openml:42477) shape=(30000, 24) regime=production ===

=== Dataset Amazon_employee_access (openml:4135) shape=(32769, 10) regime=cc18-categorical ===

=== Dataset mc1 (openml:1056) shape=(9466, 39) regime=production-imbalanced ===

=== Dataset scene (openml:312) shape=(2407, 300) regime=high-dim ===

=== Dataset OVA_Kidney (openml:1134) shape=(1545, 10936) regime=p>>n-microarray ===

=== Dataset OVA_Uterus (openml:1138) shape=(1545, 10936) regime=p>>n-microarray ===
  [370/1320] OVA_Uterus_s0_Oblique_d5: acc=0.944984 train=19.7s best=0.754µs (23.4s, ETA 20.4h)
  [371/1320] OVA_Uterus_s0_Oblique_d6: acc=0.935275 train=39.4s best=1.508µs (43.2s, ETA 15.9h)
  [372/1320] OVA_Uterus_s0_Oblique_d8: acc=0.928803 train=65.2s best=1.374µs (68.9s, ETA 16.6h)
  [373/1320] OVA_Uterus_s1_AxisAligned_d3: acc=0.938511 train=2.8s best=0.400µs (6.5s, ETA 13.4h)
  [374/1320] OVA_Uterus_s1_AxisAligned_d4: acc=0.932039 train=4.2s best=0.260µs (7.9s, ETA 11.1h)
  [375/1320] OVA_Uterus_s1_AxisAligned_d5: acc=0.928803 train=5.6s best=0.135µs (9.3s, ETA 9.7h)
  [376/1320] OVA_Uterus_s1_AxisAligned_d6: acc=0.909385 train=10.5s best=0.118µs (14.2s, ETA 8.8h)
  [377/1320] OVA_Uterus_s1_AxisAligned_d7: acc=0.912621 train=16.0s best=0.117µs (19.7s, ETA 8.3h)
  [378/1320] OVA_Uterus_s1_AxisAligned_d8: acc=0.919094 train=23.3s best=0.191µs (27.0s, ETA 8.2h)
  [379/1320] OVA_Uterus_s1_AxisAligned_d10: acc=0.909385 train=29.9s best=0.138µs (33.6s, ETA 8.2h)
  [380/1320] OVA_Uterus_s1_Oblique_d3: acc=0.925566 train=6.9s best=0.613µs (10.6s, ETA 7.7h)
  [381/1320] OVA_Uterus_s1_Oblique_d4: acc=0.935275 train=9.1s best=0.362µs (12.7s, ETA 7.4h)
  [382/1320] OVA_Uterus_s1_Oblique_d5: acc=0.915858 train=19.2s best=0.680µs (22.9s, ETA 7.3h)
  [383/1320] OVA_Uterus_s1_Oblique_d6: acc=0.909385 train=28.8s best=0.527µs (32.5s, ETA 7.3h)
  [384/1320] OVA_Uterus_s1_Oblique_d8: acc=0.912621 train=54.8s best=0.700µs (58.5s, ETA 7.8h)
  [385/1320] OVA_Uterus_s2_AxisAligned_d3: acc=0.951456 train=2.1s best=0.081µs (5.8s, ETA 7.6h)
  [386/1320] OVA_Uterus_s2_AxisAligned_d4: acc=0.954693 train=3.0s best=0.094µs (6.7s, ETA 7.2h)
  [387/1320] OVA_Uterus_s2_AxisAligned_d5: acc=0.94822 train=5.4s best=0.092µs (9.2s, ETA 6.9h)
  [388/1320] OVA_Uterus_s2_AxisAligned_d6: acc=0.951456 train=10.5s best=0.123µs (14.2s, ETA 6.8h)
  [389/1320] OVA_Uterus_s2_AxisAligned_d7: acc=0.957929 train=18.9s best=0.251µs (22.6s, ETA 6.7h)
  [390/1320] OVA_Uterus_s2_AxisAligned_d8: acc=0.94822 train=24.8s best=0.132µs (28.5s, ETA 6.7h)
  [391/1320] OVA_Uterus_s2_AxisAligned_d10: acc=0.951456 train=36.1s best=0.180µs (39.8s, ETA 6.9h)
  [392/1320] OVA_Uterus_s2_Oblique_d3: acc=0.944984 train=5.6s best=0.373µs (9.3s, ETA 6.7h)
  [393/1320] OVA_Uterus_s2_Oblique_d4: acc=0.94822 train=9.4s best=0.387µs (13.1s, ETA 6.5h)
  [394/1320] OVA_Uterus_s2_Oblique_d5: acc=0.954693 train=19.3s best=0.688µs (23.0s, ETA 6.5h)
  [395/1320] OVA_Uterus_s2_Oblique_d6: acc=0.944984 train=25.7s best=0.335µs (29.4s, ETA 6.5h)
  [396/1320] OVA_Uterus_s2_Oblique_d8: acc=0.951456 train=47.5s best=0.554µs (51.2s, ETA 6.8h)
  [397/1320] OVA_Uterus_s3_AxisAligned_d3: acc=0.912621 train=2.6s best=0.208µs (6.2s, ETA 6.7h)
  [398/1320] OVA_Uterus_s3_AxisAligned_d4: acc=0.902913 train=3.8s best=0.244µs (7.5s, ETA 6.5h)
  [399/1320] OVA_Uterus_s3_AxisAligned_d5: acc=0.906149 train=6.7s best=0.241µs (10.5s, ETA 6.4h)
  [400/1320] OVA_Uterus_s3_AxisAligned_d6: acc=0.906149 train=17.4s best=0.647µs (21.2s, ETA 6.3h)
  [401/1320] OVA_Uterus_s3_AxisAligned_d7: acc=0.899676 train=26.0s best=0.604µs (29.8s, ETA 6.4h)
  [402/1320] OVA_Uterus_s3_AxisAligned_d8: acc=0.89644 train=25.3s best=0.273µs (29.0s, ETA 6.4h)
  [403/1320] OVA_Uterus_s3_AxisAligned_d10: acc=0.893204 train=46.5s best=0.711µs (50.3s, ETA 6.6h)
  [404/1320] OVA_Uterus_s3_Oblique_d3: acc=0.909385 train=7.1s best=0.640µs (10.8s, ETA 6.4h)
  [405/1320] OVA_Uterus_s3_Oblique_d4: acc=0.902913 train=16.6s best=1.291µs (20.3s, ETA 6.4h)
  [406/1320] OVA_Uterus_s3_Oblique_d5: acc=0.89644 train=23.4s best=1.200µs (27.2s, ETA 6.4h)
  [407/1320] OVA_Uterus_s3_Oblique_d6: acc=0.886731 train=31.8s best=0.719µs (35.5s, ETA 6.5h)
  [408/1320] OVA_Uterus_s3_Oblique_d8: acc=0.889968 train=65.2s best=1.563µs (68.9s, ETA 6.7h)
  [409/1320] OVA_Uterus_s4_AxisAligned_d3: acc=0.938511 train=2.8s best=0.382µs (6.5s, ETA 6.7h)
  [410/1320] OVA_Uterus_s4_AxisAligned_d4: acc=0.938511 train=4.8s best=0.419µs (8.5s, ETA 6.5h)
  [411/1320] OVA_Uterus_s4_AxisAligned_d5: acc=0.932039 train=8.7s best=0.510µs (12.4s, ETA 6.5h)
  [412/1320] OVA_Uterus_s4_AxisAligned_d6: acc=0.928803 train=17.7s best=0.739µs (21.5s, ETA 6.4h)
  [413/1320] OVA_Uterus_s4_AxisAligned_d7: acc=0.932039 train=24.9s best=0.700µs (28.6s, ETA 6.4h)
  [414/1320] OVA_Uterus_s4_AxisAligned_d8: acc=0.928803 train=42.6s best=0.852µs (46.4s, ETA 6.5h)
  [415/1320] OVA_Uterus_s4_AxisAligned_d10: acc=0.932039 train=76.8s best=1.494µs (80.6s, ETA 6.8h)
  [416/1320] OVA_Uterus_s4_Oblique_d3: acc=0.925566 train=8.6s best=1.103µs (12.3s, ETA 6.7h)
  [417/1320] OVA_Uterus_s4_Oblique_d4: acc=0.928803 train=16.7s best=1.867µs (20.5s, ETA 6.7h)
  [418/1320] OVA_Uterus_s4_Oblique_d5: acc=0.932039 train=31.0s best=2.103µs (34.7s, ETA 6.7h)
  [419/1320] OVA_Uterus_s4_Oblique_d6: acc=0.932039 train=42.4s best=1.677µs (46.1s, ETA 6.8h)
  [420/1320] OVA_Uterus_s4_Oblique_d8: acc=0.941748 train=79.2s best=2.088µs (82.9s, ETA 7.1h)
  fetching OpenML id=42178 (telco-customer-churn) ...

=== Dataset telco-customer-churn (openml:42178) shape=(7043, 20) regime=production ===
  [421/1320] telco-customer-churn_s0_AxisAligned_d3: acc=0.806955 train=0.1s best=0.212µs (0.3s, ETA 7.0h)
  [422/1320] telco-customer-churn_s0_AxisAligned_d4: acc=0.806955 train=0.1s best=0.212µs (0.3s, ETA 6.8h)
  [423/1320] telco-customer-churn_s0_AxisAligned_d5: acc=0.800568 train=0.1s best=0.231µs (0.3s, ETA 6.7h)
  [424/1320] telco-customer-churn_s0_AxisAligned_d6: acc=0.796309 train=0.2s best=0.426µs (0.5s, ETA 6.6h)
  [425/1320] telco-customer-churn_s0_AxisAligned_d7: acc=0.802697 train=0.3s best=0.436µs (0.5s, ETA 6.4h)
  [426/1320] telco-customer-churn_s0_AxisAligned_d8: acc=0.789922 train=0.4s best=1.135µs (0.6s, ETA 6.3h)
  [427/1320] telco-customer-churn_s0_AxisAligned_d10: acc=0.789212 train=0.8s best=1.170µs (1.0s, ETA 6.2h)
  [428/1320] telco-customer-churn_s0_Oblique_d3: acc=0.799858 train=0.4s best=0.774µs (0.6s, ETA 6.1h)
  [429/1320] telco-customer-churn_s0_Oblique_d4: acc=0.805536 train=0.6s best=1.049µs (0.8s, ETA 6.0h)
  [430/1320] telco-customer-churn_s0_Oblique_d5: acc=0.801278 train=0.5s best=0.820µs (0.7s, ETA 5.9h)
  [431/1320] telco-customer-churn_s0_Oblique_d6: acc=0.800568 train=0.6s best=0.750µs (0.8s, ETA 5.8h)
  [432/1320] telco-customer-churn_s0_Oblique_d8: acc=0.796309 train=1.1s best=1.408µs (1.4s, ETA 5.7h)
  [433/1320] telco-customer-churn_s1_AxisAligned_d3: acc=0.801278 train=0.1s best=0.185µs (0.3s, ETA 5.6h)
  [434/1320] telco-customer-churn_s1_AxisAligned_d4: acc=0.801278 train=0.2s best=0.296µs (0.4s, ETA 5.5h)
  [435/1320] telco-customer-churn_s1_AxisAligned_d5: acc=0.809794 train=0.1s best=0.228µs (0.3s, ETA 5.4h)
  [436/1320] telco-customer-churn_s1_AxisAligned_d6: acc=0.799148 train=0.2s best=0.281µs (0.4s, ETA 5.3h)
  [437/1320] telco-customer-churn_s1_AxisAligned_d7: acc=0.786373 train=0.3s best=0.409µs (0.5s, ETA 5.3h)
  [438/1320] telco-customer-churn_s1_AxisAligned_d8: acc=0.799858 train=0.4s best=0.824µs (0.6s, ETA 5.2h)
  [439/1320] telco-customer-churn_s1_AxisAligned_d10: acc=0.787793 train=0.7s best=0.972µs (1.0s, ETA 5.1h)
  [440/1320] telco-customer-churn_s1_Oblique_d3: acc=0.807665 train=0.4s best=0.848µs (0.6s, ETA 5.0h)
  [441/1320] telco-customer-churn_s1_Oblique_d4: acc=0.802697 train=0.6s best=1.383µs (0.8s, ETA 5.0h)
  [442/1320] telco-customer-churn_s1_Oblique_d5: acc=0.7956 train=0.9s best=2.364µs (1.1s, ETA 4.9h)
  [443/1320] telco-customer-churn_s1_Oblique_d6: acc=0.796309 train=0.8s best=1.713µs (1.1s, ETA 4.8h)
  [444/1320] telco-customer-churn_s1_Oblique_d8: acc=0.797729 train=1.1s best=1.506µs (1.3s, ETA 4.8h)
  [445/1320] telco-customer-churn_s2_AxisAligned_d3: acc=0.813343 train=0.1s best=0.188µs (0.3s, ETA 4.7h)
  [446/1320] telco-customer-churn_s2_AxisAligned_d4: acc=0.812633 train=0.1s best=0.234µs (0.4s, ETA 4.6h)
  [447/1320] telco-customer-churn_s2_AxisAligned_d5: acc=0.809794 train=0.2s best=0.383µs (0.4s, ETA 4.6h)
  [448/1320] telco-customer-churn_s2_AxisAligned_d6: acc=0.808375 train=0.3s best=0.518µs (0.5s, ETA 4.5h)
  [449/1320] telco-customer-churn_s2_AxisAligned_d7: acc=0.806246 train=0.3s best=0.653µs (0.6s, ETA 4.4h)
  [450/1320] telco-customer-churn_s2_AxisAligned_d8: acc=0.804116 train=0.4s best=1.349µs (0.7s, ETA 4.4h)
  [451/1320] telco-customer-churn_s2_AxisAligned_d10: acc=0.809084 train=0.9s best=2.699µs (1.2s, ETA 4.3h)
  [452/1320] telco-customer-churn_s2_Oblique_d3: acc=0.817601 train=0.4s best=1.266µs (0.6s, ETA 4.3h)
  [453/1320] telco-customer-churn_s2_Oblique_d4: acc=0.816891 train=0.6s best=1.448µs (0.8s, ETA 4.2h)
  [454/1320] telco-customer-churn_s2_Oblique_d5: acc=0.814762 train=0.9s best=2.220µs (1.1s, ETA 4.2h)
  [455/1320] telco-customer-churn_s2_Oblique_d6: acc=0.809794 train=1.1s best=2.925µs (1.4s, ETA 4.1h)
  [456/1320] telco-customer-churn_s2_Oblique_d8: acc=0.813343 train=1.5s best=3.182µs (1.8s, ETA 4.1h)
  [457/1320] telco-customer-churn_s3_AxisAligned_d3: acc=0.804116 train=0.1s best=0.211µs (0.3s, ETA 4.0h)
  [458/1320] telco-customer-churn_s3_AxisAligned_d4: acc=0.802697 train=0.1s best=0.337µs (0.4s, ETA 4.0h)
  [459/1320] telco-customer-churn_s3_AxisAligned_d5: acc=0.806246 train=0.2s best=0.384µs (0.5s, ETA 3.9h)
  [460/1320] telco-customer-churn_s3_AxisAligned_d6: acc=0.803407 train=0.3s best=0.544µs (0.6s, ETA 3.9h)
  [461/1320] telco-customer-churn_s3_AxisAligned_d7: acc=0.809794 train=0.3s best=0.633µs (0.6s, ETA 3.8h)
  [462/1320] telco-customer-churn_s3_AxisAligned_d8: acc=0.79489 train=0.6s best=2.700µs (0.9s, ETA 3.8h)
  [463/1320] telco-customer-churn_s3_AxisAligned_d10: acc=0.791341 train=0.8s best=1.462µs (1.0s, ETA 3.7h)
  [464/1320] telco-customer-churn_s3_Oblique_d3: acc=0.799858 train=0.4s best=1.494µs (0.6s, ETA 3.7h)
  [465/1320] telco-customer-churn_s3_Oblique_d4: acc=0.797729 train=0.6s best=2.451µs (0.9s, ETA 3.7h)
  [466/1320] telco-customer-churn_s3_Oblique_d5: acc=0.806246 train=0.7s best=1.741µs (1.0s, ETA 3.6h)
  [467/1320] telco-customer-churn_s3_Oblique_d6: acc=0.801278 train=1.0s best=2.307µs (1.3s, ETA 3.6h)
  [468/1320] telco-customer-churn_s3_Oblique_d8: acc=0.800568 train=1.5s best=3.237µs (1.8s, ETA 3.6h)
  [469/1320] telco-customer-churn_s4_AxisAligned_d3: acc=0.802697 train=0.1s best=0.180µs (0.3s, ETA 3.5h)
  [470/1320] telco-customer-churn_s4_AxisAligned_d4: acc=0.801987 train=0.1s best=0.203µs (0.3s, ETA 3.5h)
  [471/1320] telco-customer-churn_s4_AxisAligned_d5: acc=0.804116 train=0.2s best=0.274µs (0.4s, ETA 3.4h)
  [472/1320] telco-customer-churn_s4_AxisAligned_d6: acc=0.797729 train=0.2s best=0.398µs (0.4s, ETA 3.4h)
  [473/1320] telco-customer-churn_s4_AxisAligned_d7: acc=0.800568 train=0.3s best=0.519µs (0.5s, ETA 3.4h)
  [474/1320] telco-customer-churn_s4_AxisAligned_d8: acc=0.799858 train=0.4s best=0.990µs (0.6s, ETA 3.3h)
  [475/1320] telco-customer-churn_s4_AxisAligned_d10: acc=0.789922 train=0.8s best=1.327µs (1.0s, ETA 3.3h)
  [476/1320] telco-customer-churn_s4_Oblique_d3: acc=0.799858 train=0.4s best=0.871µs (0.6s, ETA 3.3h)
  [477/1320] telco-customer-churn_s4_Oblique_d4: acc=0.797019 train=0.6s best=1.609µs (0.9s, ETA 3.2h)
  [478/1320] telco-customer-churn_s4_Oblique_d5: acc=0.798439 train=0.6s best=1.052µs (0.8s, ETA 3.2h)
  [479/1320] telco-customer-churn_s4_Oblique_d6: acc=0.801278 train=0.8s best=1.498µs (1.0s, ETA 3.2h)
  [480/1320] telco-customer-churn_s4_Oblique_d8: acc=0.789212 train=1.4s best=2.993µs (1.7s, ETA 3.1h)
  fetching OpenML id=41147 (albert) ...

=== Dataset albert (openml:41147) shape=(425240, 79) regime=autoML ===
  [481/1320] albert_s0_AxisAligned_d3: acc=0.6762 train=0.3s best=0.378µs (2.3s, ETA 3.1h)
  [482/1320] albert_s0_AxisAligned_d4: acc=0.672 train=0.5s best=0.698µs (2.6s, ETA 3.1h)
  [483/1320] albert_s0_AxisAligned_d5: acc=0.6732 train=0.8s best=0.962µs (3.1s, ETA 3.1h)
  [484/1320] albert_s0_AxisAligned_d6: acc=0.6696 train=1.1s best=1.255µs (3.5s, ETA 3.1h)
  [485/1320] albert_s0_AxisAligned_d7: acc=0.663 train=1.0s best=0.716µs (3.0s, ETA 3.1h)
  [486/1320] albert_s0_AxisAligned_d8: acc=0.656 train=1.6s best=1.144µs (3.6s, ETA 3.0h)
  [487/1320] albert_s0_AxisAligned_d10: acc=0.6505 train=4.0s best=1.908µs (6.5s, ETA 3.0h)
  [488/1320] albert_s0_Oblique_d3: acc=0.6687 train=2.3s best=1.536µs (4.1s, ETA 3.0h)
  [489/1320] albert_s0_Oblique_d4: acc=0.6661 train=3.6s best=2.357µs (5.6s, ETA 3.0h)
  [490/1320] albert_s0_Oblique_d5: acc=0.6684 train=3.5s best=1.427µs (5.2s, ETA 3.0h)
  [491/1320] albert_s0_Oblique_d6: acc=0.6676 train=5.1s best=2.356µs (7.1s, ETA 2.9h)
  [492/1320] albert_s0_Oblique_d8: acc=0.6574 train=5.7s best=1.940µs (7.6s, ETA 2.9h)
  [493/1320] albert_s1_AxisAligned_d3: acc=0.6664 train=0.3s best=0.328µs (2.2s, ETA 2.9h)
  [494/1320] albert_s1_AxisAligned_d4: acc=0.666 train=0.5s best=0.653µs (2.7s, ETA 2.9h)
  [495/1320] albert_s1_AxisAligned_d5: acc=0.6626 train=0.8s best=0.942µs (3.0s, ETA 2.9h)
  [496/1320] albert_s1_AxisAligned_d6: acc=0.6608 train=1.2s best=1.365µs (3.9s, ETA 2.8h)
  [497/1320] albert_s1_AxisAligned_d7: acc=0.6564 train=1.5s best=1.697µs (4.2s, ETA 2.8h)
  [498/1320] albert_s1_AxisAligned_d8: acc=0.6501 train=2.2s best=2.063µs (4.7s, ETA 2.8h)
  [499/1320] albert_s1_AxisAligned_d10: acc=0.6479 train=4.3s best=2.456µs (7.1s, ETA 2.8h)
  [500/1320] albert_s1_Oblique_d3: acc=0.654 train=2.4s best=1.526µs (4.1s, ETA 2.8h)
  [501/1320] albert_s1_Oblique_d4: acc=0.6589 train=3.6s best=1.980µs (5.5s, ETA 2.8h)
  [502/1320] albert_s1_Oblique_d5: acc=0.6574 train=4.9s best=3.381µs (7.2s, ETA 2.8h)
  [503/1320] albert_s1_Oblique_d6: acc=0.6558 train=6.5s best=3.752µs (8.9s, ETA 2.7h)
  [504/1320] albert_s1_Oblique_d8: acc=0.6491 train=10.1s best=6.351µs (13.2s, ETA 2.7h)
  [505/1320] albert_s2_AxisAligned_d3: acc=0.6563 train=0.3s best=0.411µs (2.4s, ETA 2.7h)
  [506/1320] albert_s2_AxisAligned_d4: acc=0.6543 train=0.5s best=0.770µs (2.9s, ETA 2.7h)
  [507/1320] albert_s2_AxisAligned_d5: acc=0.6551 train=0.8s best=1.091µs (3.4s, ETA 2.7h)
  [508/1320] albert_s2_AxisAligned_d6: acc=0.6612 train=1.0s best=1.199µs (3.5s, ETA 2.7h)
  [509/1320] albert_s2_AxisAligned_d7: acc=0.6564 train=1.4s best=1.467µs (3.9s, ETA 2.7h)
  [510/1320] albert_s2_AxisAligned_d8: acc=0.6504 train=1.7s best=1.312µs (3.8s, ETA 2.6h)
  [511/1320] albert_s2_AxisAligned_d10: acc=0.65 train=3.5s best=1.455µs (5.7s, ETA 2.6h)
  [512/1320] albert_s2_Oblique_d3: acc=0.6531 train=2.4s best=1.681µs (4.2s, ETA 2.6h)
  [513/1320] albert_s2_Oblique_d4: acc=0.6575 train=3.6s best=2.126µs (5.5s, ETA 2.6h)
  [514/1320] albert_s2_Oblique_d5: acc=0.6584 train=3.9s best=1.748µs (5.7s, ETA 2.6h)
  [515/1320] albert_s2_Oblique_d6: acc=0.6539 train=3.8s best=1.375µs (5.5s, ETA 2.6h)
  [516/1320] albert_s2_Oblique_d8: acc=0.6486 train=8.0s best=4.083µs (10.5s, ETA 2.6h)
  [517/1320] albert_s3_AxisAligned_d3: acc=0.6686 train=0.3s best=0.406µs (2.3s, ETA 2.6h)
  [518/1320] albert_s3_AxisAligned_d4: acc=0.6639 train=0.5s best=0.581µs (2.5s, ETA 2.5h)
  [519/1320] albert_s3_AxisAligned_d5: acc=0.6636 train=0.8s best=0.920µs (3.0s, ETA 2.5h)
  [520/1320] albert_s3_AxisAligned_d6: acc=0.6634 train=1.1s best=1.236µs (3.5s, ETA 2.5h)
  [521/1320] albert_s3_AxisAligned_d7: acc=0.6593 train=1.3s best=1.188µs (3.6s, ETA 2.5h)
  [522/1320] albert_s3_AxisAligned_d8: acc=0.6609 train=2.0s best=1.668µs (4.4s, ETA 2.5h)
  [523/1320] albert_s3_AxisAligned_d10: acc=0.6449 train=3.0s best=0.975µs (5.0s, ETA 2.5h)
  [524/1320] albert_s3_Oblique_d3: acc=0.6654 train=4.0s best=1.281µs (5.7s, ETA 2.5h)
  [525/1320] albert_s3_Oblique_d4: acc=0.6609 train=6.0s best=2.124µs (7.9s, ETA 2.5h)
  [526/1320] albert_s3_Oblique_d5: acc=0.6598 train=8.1s best=2.957µs (10.3s, ETA 2.5h)
  [527/1320] albert_s3_Oblique_d6: acc=0.6598 train=5.9s best=1.268µs (7.6s, ETA 2.4h)
  [528/1320] albert_s3_Oblique_d8: acc=0.6565 train=9.1s best=2.483µs (11.1s, ETA 2.4h)
  [529/1320] albert_s4_AxisAligned_d3: acc=0.6702 train=0.3s best=0.394µs (2.3s, ETA 2.4h)
  [530/1320] albert_s4_AxisAligned_d4: acc=0.669 train=0.5s best=0.772µs (2.8s, ETA 2.4h)
  [531/1320] albert_s4_AxisAligned_d5: acc=0.6665 train=0.8s best=1.174µs (3.5s, ETA 2.4h)
  [532/1320] albert_s4_AxisAligned_d6: acc=0.6629 train=1.1s best=1.388µs (3.8s, ETA 2.4h)
  [533/1320] albert_s4_AxisAligned_d7: acc=0.6588 train=1.7s best=1.896µs (5.0s, ETA 2.4h)
  [534/1320] albert_s4_AxisAligned_d8: acc=0.661 train=2.4s best=2.540µs (5.2s, ETA 2.4h)
  [535/1320] albert_s4_AxisAligned_d10: acc=0.6498 train=3.0s best=1.024µs (5.0s, ETA 2.4h)
  [536/1320] albert_s4_Oblique_d3: acc=0.6665 train=2.3s best=1.556µs (4.1s, ETA 2.3h)
  [537/1320] albert_s4_Oblique_d4: acc=0.6652 train=3.6s best=1.948µs (5.4s, ETA 2.3h)
  [538/1320] albert_s4_Oblique_d5: acc=0.6684 train=3.0s best=1.098µs (4.7s, ETA 2.3h)
  [539/1320] albert_s4_Oblique_d6: acc=0.6601 train=4.3s best=1.730µs (6.1s, ETA 2.3h)
  [540/1320] albert_s4_Oblique_d8: acc=0.6562 train=6.4s best=2.469µs (8.5s, ETA 2.3h)
  fetching OpenML id=42206 (porto-seguro) ...

=== Dataset porto-seguro (openml:42206) shape=(595212, 38) regime=production-imbalanced ===
  [541/1320] porto-seguro_s0_AxisAligned_d3: acc=0.967 train=0.1s best=0.154µs (1.1s, ETA 2.3h)
  [542/1320] porto-seguro_s0_AxisAligned_d4: acc=0.9669 train=0.2s best=0.294µs (1.5s, ETA 2.3h)
  [543/1320] porto-seguro_s0_AxisAligned_d5: acc=0.967 train=0.2s best=0.208µs (1.1s, ETA 2.3h)
  [544/1320] porto-seguro_s0_AxisAligned_d6: acc=0.967 train=0.3s best=0.292µs (1.3s, ETA 2.3h)
  [545/1320] porto-seguro_s0_AxisAligned_d7: acc=0.9669 train=0.4s best=0.423µs (1.5s, ETA 2.2h)
  [546/1320] porto-seguro_s0_AxisAligned_d8: acc=0.9668 train=0.5s best=0.427µs (1.4s, ETA 2.2h)
  [547/1320] porto-seguro_s0_AxisAligned_d10: acc=0.9663 train=1.0s best=0.802µs (2.0s, ETA 2.2h)
  [548/1320] porto-seguro_s0_Oblique_d3: acc=0.9669 train=0.6s best=0.136µs (1.2s, ETA 2.2h)
  [549/1320] porto-seguro_s0_Oblique_d4: acc=0.9664 train=1.1s best=0.365µs (1.8s, ETA 2.2h)
  [550/1320] porto-seguro_s0_Oblique_d5: acc=0.9663 train=1.2s best=0.324µs (2.0s, ETA 2.2h)
  [551/1320] porto-seguro_s0_Oblique_d6: acc=0.9668 train=1.5s best=0.392µs (2.3s, ETA 2.2h)
  [552/1320] porto-seguro_s0_Oblique_d8: acc=0.9666 train=2.1s best=0.500µs (3.0s, ETA 2.2h)
  [553/1320] porto-seguro_s1_AxisAligned_d3: acc=0.9623 train=0.1s best=0.050µs (0.6s, ETA 2.1h)
  [554/1320] porto-seguro_s1_AxisAligned_d4: acc=0.9623 train=0.1s best=0.091µs (0.7s, ETA 2.1h)
  [555/1320] porto-seguro_s1_AxisAligned_d5: acc=0.9621 train=0.2s best=0.167µs (0.8s, ETA 2.1h)
  [556/1320] porto-seguro_s1_AxisAligned_d6: acc=0.962 train=0.2s best=0.223µs (1.0s, ETA 2.1h)
  [557/1320] porto-seguro_s1_AxisAligned_d7: acc=0.962 train=0.4s best=0.332µs (1.3s, ETA 2.1h)
  [558/1320] porto-seguro_s1_AxisAligned_d8: acc=0.9617 train=0.6s best=0.619µs (1.6s, ETA 2.1h)
  [559/1320] porto-seguro_s1_AxisAligned_d10: acc=0.9615 train=0.9s best=0.520µs (1.9s, ETA 2.1h)
  [560/1320] porto-seguro_s1_Oblique_d3: acc=0.9623 train=0.5s best=0.125µs (1.1s, ETA 2.1h)
  [561/1320] porto-seguro_s1_Oblique_d4: acc=0.9622 train=0.8s best=0.186µs (1.4s, ETA 2.0h)
  [562/1320] porto-seguro_s1_Oblique_d5: acc=0.9619 train=1.0s best=0.229µs (1.7s, ETA 2.0h)
  [563/1320] porto-seguro_s1_Oblique_d6: acc=0.9613 train=1.3s best=0.288µs (2.0s, ETA 2.0h)
  [564/1320] porto-seguro_s1_Oblique_d8: acc=0.9607 train=1.9s best=0.422µs (2.7s, ETA 2.0h)
  [565/1320] porto-seguro_s2_AxisAligned_d3: acc=0.9634 train=0.1s best=0.124µs (1.0s, ETA 2.0h)
  [566/1320] porto-seguro_s2_AxisAligned_d4: acc=0.9631 train=0.2s best=0.187µs (1.1s, ETA 2.0h)
  [567/1320] porto-seguro_s2_AxisAligned_d5: acc=0.9634 train=0.2s best=0.164µs (0.9s, ETA 2.0h)
  [568/1320] porto-seguro_s2_AxisAligned_d6: acc=0.9632 train=0.2s best=0.231µs (1.1s, ETA 2.0h)
  [569/1320] porto-seguro_s2_AxisAligned_d7: acc=0.9633 train=0.3s best=0.285µs (1.3s, ETA 2.0h)
  [570/1320] porto-seguro_s2_AxisAligned_d8: acc=0.9629 train=0.5s best=0.389µs (1.4s, ETA 1.9h)
  [571/1320] porto-seguro_s2_AxisAligned_d10: acc=0.9624 train=1.1s best=1.160µs (2.3s, ETA 1.9h)
  [572/1320] porto-seguro_s2_Oblique_d3: acc=0.9633 train=0.6s best=0.257µs (1.2s, ETA 1.9h)
  [573/1320] porto-seguro_s2_Oblique_d4: acc=0.9635 train=1.1s best=0.421µs (1.7s, ETA 1.9h)
  [574/1320] porto-seguro_s2_Oblique_d5: acc=0.963 train=1.1s best=0.302µs (1.7s, ETA 1.9h)
  [575/1320] porto-seguro_s2_Oblique_d6: acc=0.963 train=2.6s best=1.393µs (3.9s, ETA 1.9h)
  [576/1320] porto-seguro_s2_Oblique_d8: acc=0.9632 train=2.2s best=0.592µs (3.0s, ETA 1.9h)
  [577/1320] porto-seguro_s3_AxisAligned_d3: acc=0.9627 train=0.2s best=0.213µs (1.3s, ETA 1.9h)
  [578/1320] porto-seguro_s3_AxisAligned_d4: acc=0.9628 train=0.2s best=0.248µs (1.3s, ETA 1.9h)
  [579/1320] porto-seguro_s3_AxisAligned_d5: acc=0.9626 train=0.2s best=0.219µs (1.2s, ETA 1.9h)
  [580/1320] porto-seguro_s3_AxisAligned_d6: acc=0.9622 train=0.3s best=0.302µs (1.3s, ETA 1.9h)
  [581/1320] porto-seguro_s3_AxisAligned_d7: acc=0.9626 train=0.4s best=0.310µs (1.3s, ETA 1.8h)
  [582/1320] porto-seguro_s3_AxisAligned_d8: acc=0.9624 train=0.5s best=0.427µs (1.5s, ETA 1.8h)
  [583/1320] porto-seguro_s3_AxisAligned_d10: acc=0.9623 train=0.9s best=0.592µs (2.0s, ETA 1.8h)
  [584/1320] porto-seguro_s3_Oblique_d3: acc=0.9627 train=0.7s best=0.243µs (1.3s, ETA 1.8h)
  [585/1320] porto-seguro_s3_Oblique_d4: acc=0.9626 train=0.9s best=0.306µs (1.6s, ETA 1.8h)
  [586/1320] porto-seguro_s3_Oblique_d5: acc=0.9624 train=1.1s best=0.268µs (1.7s, ETA 1.8h)
  [587/1320] porto-seguro_s3_Oblique_d6: acc=0.9626 train=1.6s best=0.539µs (2.5s, ETA 1.8h)
  [588/1320] porto-seguro_s3_Oblique_d8: acc=0.962 train=2.8s best=1.183µs (4.1s, ETA 1.8h)
  [589/1320] porto-seguro_s4_AxisAligned_d3: acc=0.966 train=0.2s best=0.215µs (1.3s, ETA 1.8h)
  [590/1320] porto-seguro_s4_AxisAligned_d4: acc=0.966 train=0.1s best=0.146µs (0.9s, ETA 1.8h)
  [591/1320] porto-seguro_s4_AxisAligned_d5: acc=0.9655 train=0.3s best=0.350µs (1.5s, ETA 1.8h)
  [592/1320] porto-seguro_s4_AxisAligned_d6: acc=0.9655 train=0.3s best=0.341µs (1.4s, ETA 1.7h)
  [593/1320] porto-seguro_s4_AxisAligned_d7: acc=0.9653 train=0.6s best=0.576µs (1.9s, ETA 1.7h)
  [594/1320] porto-seguro_s4_AxisAligned_d8: acc=0.9652 train=0.5s best=0.609µs (1.5s, ETA 1.7h)
  [595/1320] porto-seguro_s4_AxisAligned_d10: acc=0.9656 train=0.9s best=0.586µs (2.0s, ETA 1.7h)
  [596/1320] porto-seguro_s4_Oblique_d3: acc=0.9658 train=1.0s best=0.564µs (1.8s, ETA 1.7h)
  [597/1320] porto-seguro_s4_Oblique_d4: acc=0.966 train=0.9s best=0.267µs (1.5s, ETA 1.7h)
  [598/1320] porto-seguro_s4_Oblique_d5: acc=0.9654 train=1.8s best=0.816µs (2.8s, ETA 1.7h)
  [599/1320] porto-seguro_s4_Oblique_d6: acc=0.9658 train=1.4s best=0.316µs (2.1s, ETA 1.7h)
  [600/1320] porto-seguro_s4_Oblique_d8: acc=0.9658 train=2.0s best=0.394µs (2.8s, ETA 1.7h)

=== Dataset heart-statlog (openml:53) shape=(270, 14) regime=clinical-small ===
  [601/1320] heart-statlog_s0_AxisAligned_d3: acc=0.814815 train=0.0s best=0.073µs (0.1s, ETA 1.7h)
  [602/1320] heart-statlog_s0_AxisAligned_d4: acc=0.833333 train=0.0s best=0.088µs (0.1s, ETA 1.7h)
  [603/1320] heart-statlog_s0_AxisAligned_d5: acc=0.814815 train=0.0s best=0.109µs (0.1s, ETA 1.6h)
  [604/1320] heart-statlog_s0_AxisAligned_d6: acc=0.796296 train=0.1s best=0.146µs (0.1s, ETA 1.6h)
  [605/1320] heart-statlog_s0_AxisAligned_d7: acc=0.777778 train=0.1s best=0.205µs (0.1s, ETA 1.6h)
  [606/1320] heart-statlog_s0_AxisAligned_d8: acc=0.777778 train=0.1s best=0.200µs (0.1s, ETA 1.6h)
  [607/1320] heart-statlog_s0_AxisAligned_d10: acc=0.777778 train=0.1s best=0.310µs (0.2s, ETA 1.6h)
  [608/1320] heart-statlog_s0_Oblique_d3: acc=0.777778 train=0.0s best=0.433µs (0.1s, ETA 1.6h)
  [609/1320] heart-statlog_s0_Oblique_d4: acc=0.796296 train=0.1s best=0.433µs (0.1s, ETA 1.6h)
  [610/1320] heart-statlog_s0_Oblique_d5: acc=0.796296 train=0.1s best=0.489µs (0.1s, ETA 1.6h)
  [611/1320] heart-statlog_s0_Oblique_d6: acc=0.777778 train=0.1s best=0.503µs (0.1s, ETA 1.6h)
  [612/1320] heart-statlog_s0_Oblique_d8: acc=0.759259 train=0.2s best=0.707µs (0.2s, ETA 1.6h)
  [613/1320] heart-statlog_s1_AxisAligned_d3: acc=0.685185 train=0.0s best=0.058µs (0.1s, ETA 1.6h)
  [614/1320] heart-statlog_s1_AxisAligned_d4: acc=0.722222 train=0.0s best=0.080µs (0.1s, ETA 1.6h)
  [615/1320] heart-statlog_s1_AxisAligned_d5: acc=0.740741 train=0.0s best=0.096µs (0.1s, ETA 1.5h)
  [616/1320] heart-statlog_s1_AxisAligned_d6: acc=0.722222 train=0.1s best=0.135µs (0.1s, ETA 1.5h)
  [617/1320] heart-statlog_s1_AxisAligned_d7: acc=0.703704 train=0.1s best=0.177µs (0.1s, ETA 1.5h)
  [618/1320] heart-statlog_s1_AxisAligned_d8: acc=0.703704 train=0.1s best=0.205µs (0.1s, ETA 1.5h)
  [619/1320] heart-statlog_s1_AxisAligned_d10: acc=0.703704 train=0.1s best=0.183µs (0.2s, ETA 1.5h)
  [620/1320] heart-statlog_s1_Oblique_d3: acc=0.722222 train=0.0s best=0.585µs (0.1s, ETA 1.5h)
  [621/1320] heart-statlog_s1_Oblique_d4: acc=0.666667 train=0.0s best=0.297µs (0.1s, ETA 1.5h)
  [622/1320] heart-statlog_s1_Oblique_d5: acc=0.666667 train=0.1s best=0.418µs (0.1s, ETA 1.5h)
  [623/1320] heart-statlog_s1_Oblique_d6: acc=0.666667 train=0.1s best=0.423µs (0.1s, ETA 1.5h)
  [624/1320] heart-statlog_s1_Oblique_d8: acc=0.685185 train=0.1s best=0.488µs (0.2s, ETA 1.5h)
  [625/1320] heart-statlog_s2_AxisAligned_d3: acc=0.814815 train=0.0s best=0.064µs (0.1s, ETA 1.5h)
  [626/1320] heart-statlog_s2_AxisAligned_d4: acc=0.814815 train=0.1s best=0.199µs (0.1s, ETA 1.5h)
  [627/1320] heart-statlog_s2_AxisAligned_d5: acc=0.759259 train=0.1s best=0.124µs (0.1s, ETA 1.4h)
  [628/1320] heart-statlog_s2_AxisAligned_d6: acc=0.777778 train=0.1s best=0.139µs (0.1s, ETA 1.4h)
  [629/1320] heart-statlog_s2_AxisAligned_d7: acc=0.796296 train=0.1s best=0.353µs (0.2s, ETA 1.4h)
  [630/1320] heart-statlog_s2_AxisAligned_d8: acc=0.833333 train=0.1s best=0.238µs (0.2s, ETA 1.4h)
  [631/1320] heart-statlog_s2_AxisAligned_d10: acc=0.796296 train=0.2s best=0.372µs (0.2s, ETA 1.4h)
  [632/1320] heart-statlog_s2_Oblique_d3: acc=0.833333 train=0.1s best=1.229µs (0.1s, ETA 1.4h)
  [633/1320] heart-statlog_s2_Oblique_d4: acc=0.833333 train=0.1s best=3.062µs (0.1s, ETA 1.4h)
  [634/1320] heart-statlog_s2_Oblique_d5: acc=0.833333 train=0.1s best=0.716µs (0.1s, ETA 1.4h)
  [635/1320] heart-statlog_s2_Oblique_d6: acc=0.851852 train=0.1s best=1.398µs (0.2s, ETA 1.4h)
  [636/1320] heart-statlog_s2_Oblique_d8: acc=0.777778 train=0.2s best=1.345µs (0.2s, ETA 1.4h)
  [637/1320] heart-statlog_s3_AxisAligned_d3: acc=0.796296 train=0.0s best=0.071µs (0.1s, ETA 1.4h)
  [638/1320] heart-statlog_s3_AxisAligned_d4: acc=0.777778 train=0.0s best=0.081µs (0.1s, ETA 1.4h)
  [639/1320] heart-statlog_s3_AxisAligned_d5: acc=0.796296 train=0.1s best=0.226µs (0.1s, ETA 1.4h)
  [640/1320] heart-statlog_s3_AxisAligned_d6: acc=0.777778 train=0.1s best=0.114µs (0.1s, ETA 1.4h)
  [641/1320] heart-statlog_s3_AxisAligned_d7: acc=0.796296 train=0.1s best=0.108µs (0.1s, ETA 1.3h)
  [642/1320] heart-statlog_s3_AxisAligned_d8: acc=0.796296 train=0.1s best=0.105µs (0.1s, ETA 1.3h)
  [643/1320] heart-statlog_s3_AxisAligned_d10: acc=0.796296 train=0.1s best=0.120µs (0.1s, ETA 1.3h)
  [644/1320] heart-statlog_s3_Oblique_d3: acc=0.759259 train=0.0s best=0.129µs (0.1s, ETA 1.3h)
  [645/1320] heart-statlog_s3_Oblique_d4: acc=0.796296 train=0.0s best=0.229µs (0.1s, ETA 1.3h)
  [646/1320] heart-statlog_s3_Oblique_d5: acc=0.796296 train=0.1s best=0.294µs (0.1s, ETA 1.3h)
  [647/1320] heart-statlog_s3_Oblique_d6: acc=0.759259 train=0.1s best=0.499µs (0.1s, ETA 1.3h)
  [648/1320] heart-statlog_s3_Oblique_d8: acc=0.740741 train=0.1s best=0.393µs (0.2s, ETA 1.3h)
  [649/1320] heart-statlog_s4_AxisAligned_d3: acc=0.833333 train=0.0s best=0.137µs (0.1s, ETA 1.3h)
  [650/1320] heart-statlog_s4_AxisAligned_d4: acc=0.796296 train=0.0s best=0.125µs (0.1s, ETA 1.3h)
  [651/1320] heart-statlog_s4_AxisAligned_d5: acc=0.759259 train=0.0s best=0.119µs (0.1s, ETA 1.3h)
  [652/1320] heart-statlog_s4_AxisAligned_d6: acc=0.759259 train=0.1s best=0.169µs (0.1s, ETA 1.3h)
  [653/1320] heart-statlog_s4_AxisAligned_d7: acc=0.777778 train=0.1s best=0.119µs (0.1s, ETA 1.3h)
  [654/1320] heart-statlog_s4_AxisAligned_d8: acc=0.759259 train=0.1s best=0.177µs (0.1s, ETA 1.3h)
  [655/1320] heart-statlog_s4_AxisAligned_d10: acc=0.759259 train=0.1s best=0.215µs (0.2s, ETA 1.3h)
  [656/1320] heart-statlog_s4_Oblique_d3: acc=0.925926 train=0.1s best=0.747µs (0.1s, ETA 1.2h)
  [657/1320] heart-statlog_s4_Oblique_d4: acc=0.907407 train=0.0s best=0.451µs (0.1s, ETA 1.2h)
  [658/1320] heart-statlog_s4_Oblique_d5: acc=0.888889 train=0.1s best=0.299µs (0.1s, ETA 1.2h)
  [659/1320] heart-statlog_s4_Oblique_d6: acc=0.851852 train=0.1s best=0.365µs (0.1s, ETA 1.2h)
  [660/1320] heart-statlog_s4_Oblique_d8: acc=0.87037 train=0.1s best=0.590µs (0.2s, ETA 1.2h)
  fetching OpenML id=1113 (KDDCup99-binary) [binarizer=kdd99_normal_vs_attack] ...

=== Dataset KDDCup99-binary (openml:1113) shape=(494020, 42) regime=production-IDS ===
  [661/1320] KDDCup99-binary_s0_AxisAligned_d3: acc=0.9963 train=0.2s best=0.149µs (1.0s, ETA 1.2h)
  [662/1320] KDDCup99-binary_s0_AxisAligned_d4: acc=0.9978 train=0.3s best=0.265µs (1.2s, ETA 1.2h)
  [663/1320] KDDCup99-binary_s0_AxisAligned_d5: acc=0.9989 train=0.4s best=0.393µs (1.5s, ETA 1.2h)
  [664/1320] KDDCup99-binary_s0_AxisAligned_d6: acc=0.9987 train=0.5s best=0.450µs (1.6s, ETA 1.2h)
  [665/1320] KDDCup99-binary_s0_AxisAligned_d7: acc=0.9985 train=0.7s best=0.669µs (1.8s, ETA 1.2h)
  [666/1320] KDDCup99-binary_s0_AxisAligned_d8: acc=0.9983 train=0.8s best=1.089µs (2.2s, ETA 1.2h)
  [667/1320] KDDCup99-binary_s0_AxisAligned_d10: acc=0.9983 train=1.0s best=0.850µs (2.2s, ETA 1.2h)
  [668/1320] KDDCup99-binary_s0_Oblique_d3: acc=0.9991 train=3.0s best=1.079µs (4.0s, ETA 1.2h)
  [669/1320] KDDCup99-binary_s0_Oblique_d4: acc=0.9992 train=4.5s best=1.539µs (5.6s, ETA 1.2h)
  [670/1320] KDDCup99-binary_s0_Oblique_d5: acc=0.9995 train=5.9s best=2.097µs (7.2s, ETA 1.2h)
  [671/1320] KDDCup99-binary_s0_Oblique_d6: acc=0.9994 train=7.4s best=2.450µs (8.8s, ETA 1.2h)
  [672/1320] KDDCup99-binary_s0_Oblique_d8: acc=0.9992 train=10.0s best=3.686µs (11.8s, ETA 1.2h)
  [673/1320] KDDCup99-binary_s1_AxisAligned_d3: acc=0.9974 train=0.2s best=0.152µs (1.0s, ETA 1.2h)
  [674/1320] KDDCup99-binary_s1_AxisAligned_d4: acc=0.9991 train=0.2s best=0.339µs (1.2s, ETA 1.2h)
  [675/1320] KDDCup99-binary_s1_AxisAligned_d5: acc=0.9992 train=0.4s best=0.380µs (1.4s, ETA 1.2h)
  [676/1320] KDDCup99-binary_s1_AxisAligned_d6: acc=0.9994 train=0.5s best=0.548µs (1.7s, ETA 1.2h)
  [677/1320] KDDCup99-binary_s1_AxisAligned_d7: acc=0.9994 train=0.7s best=0.805µs (2.1s, ETA 1.2h)
  [678/1320] KDDCup99-binary_s1_AxisAligned_d8: acc=0.9994 train=0.8s best=1.097µs (2.4s, ETA 1.2h)
  [679/1320] KDDCup99-binary_s1_AxisAligned_d10: acc=0.9994 train=1.3s best=2.701µs (2.8s, ETA 1.2h)
  [680/1320] KDDCup99-binary_s1_Oblique_d3: acc=0.9991 train=1.4s best=1.045µs (2.3s, ETA 1.2h)
  [681/1320] KDDCup99-binary_s1_Oblique_d4: acc=0.9994 train=2.1s best=1.494µs (3.1s, ETA 1.1h)
  [682/1320] KDDCup99-binary_s1_Oblique_d5: acc=0.9994 train=2.9s best=2.081µs (4.2s, ETA 1.1h)
  [683/1320] KDDCup99-binary_s1_Oblique_d6: acc=0.9996 train=3.7s best=2.556µs (5.1s, ETA 1.1h)
  [684/1320] KDDCup99-binary_s1_Oblique_d8: acc=0.9994 train=5.3s best=3.786µs (7.2s, ETA 1.1h)
  [685/1320] KDDCup99-binary_s2_AxisAligned_d3: acc=0.9979 train=0.2s best=0.313µs (1.0s, ETA 1.1h)
  [686/1320] KDDCup99-binary_s2_AxisAligned_d4: acc=0.998 train=0.2s best=0.328µs (1.2s, ETA 1.1h)
  [687/1320] KDDCup99-binary_s2_AxisAligned_d5: acc=0.9984 train=0.3s best=0.357µs (1.4s, ETA 1.1h)
  [688/1320] KDDCup99-binary_s2_AxisAligned_d6: acc=0.9982 train=0.5s best=0.524µs (1.7s, ETA 1.1h)
  [689/1320] KDDCup99-binary_s2_AxisAligned_d7: acc=0.9991 train=0.6s best=0.737µs (1.9s, ETA 1.1h)
  [690/1320] KDDCup99-binary_s2_AxisAligned_d8: acc=0.9991 train=0.7s best=0.921µs (2.1s, ETA 1.1h)
  [691/1320] KDDCup99-binary_s2_AxisAligned_d10: acc=0.999 train=1.1s best=1.366µs (2.6s, ETA 1.1h)
  [692/1320] KDDCup99-binary_s2_Oblique_d3: acc=0.9985 train=1.3s best=1.065µs (2.3s, ETA 1.1h)
  [693/1320] KDDCup99-binary_s2_Oblique_d4: acc=0.9986 train=2.1s best=1.538µs (3.2s, ETA 1.1h)
  [694/1320] KDDCup99-binary_s2_Oblique_d5: acc=0.9988 train=2.8s best=2.023µs (4.1s, ETA 1.1h)
  [695/1320] KDDCup99-binary_s2_Oblique_d6: acc=0.9987 train=3.6s best=2.608µs (5.1s, ETA 1.1h)
  [696/1320] KDDCup99-binary_s2_Oblique_d8: acc=0.999 train=5.3s best=3.143µs (7.0s, ETA 1.1h)
  [697/1320] KDDCup99-binary_s3_AxisAligned_d3: acc=0.9972 train=0.2s best=0.153µs (1.0s, ETA 1.1h)
  [698/1320] KDDCup99-binary_s3_AxisAligned_d4: acc=0.9984 train=0.2s best=0.254µs (1.2s, ETA 1.1h)
  [699/1320] KDDCup99-binary_s3_AxisAligned_d5: acc=0.9988 train=0.4s best=0.414µs (1.5s, ETA 1.1h)
  [700/1320] KDDCup99-binary_s3_AxisAligned_d6: acc=0.9989 train=0.5s best=0.647µs (1.7s, ETA 1.1h)
  [701/1320] KDDCup99-binary_s3_AxisAligned_d7: acc=0.9985 train=0.7s best=0.838µs (2.0s, ETA 1.1h)
  [702/1320] KDDCup99-binary_s3_AxisAligned_d8: acc=0.9987 train=0.8s best=0.850µs (2.0s, ETA 1.1h)
  [703/1320] KDDCup99-binary_s3_AxisAligned_d10: acc=0.9983 train=0.8s best=0.511µs (1.7s, ETA 1.1h)
  [704/1320] KDDCup99-binary_s3_Oblique_d3: acc=0.9992 train=1.4s best=1.033µs (2.3s, ETA 1.1h)
  [705/1320] KDDCup99-binary_s3_Oblique_d4: acc=0.9993 train=2.1s best=1.546µs (3.2s, ETA 1.1h)
  [706/1320] KDDCup99-binary_s3_Oblique_d5: acc=0.9993 train=2.9s best=2.033µs (4.1s, ETA 1.1h)
  [707/1320] KDDCup99-binary_s3_Oblique_d6: acc=0.9995 train=3.8s best=2.572µs (5.2s, ETA 1.1h)
  [708/1320] KDDCup99-binary_s3_Oblique_d8: acc=0.9996 train=5.4s best=3.741µs (7.3s, ETA 1.1h)
  [709/1320] KDDCup99-binary_s4_AxisAligned_d3: acc=0.9979 train=0.2s best=0.161µs (1.0s, ETA 1.1h)
  [710/1320] KDDCup99-binary_s4_AxisAligned_d4: acc=0.9987 train=0.2s best=0.240µs (1.2s, ETA 1.0h)
  [711/1320] KDDCup99-binary_s4_AxisAligned_d5: acc=0.9987 train=0.3s best=0.378µs (1.5s, ETA 1.0h)
  [712/1320] KDDCup99-binary_s4_AxisAligned_d6: acc=0.9988 train=0.5s best=0.422µs (1.5s, ETA 1.0h)
  [713/1320] KDDCup99-binary_s4_AxisAligned_d7: acc=0.9989 train=0.6s best=0.529µs (1.7s, ETA 1.0h)
  [714/1320] KDDCup99-binary_s4_AxisAligned_d8: acc=0.9986 train=0.7s best=0.677µs (1.9s, ETA 1.0h)
  [715/1320] KDDCup99-binary_s4_AxisAligned_d10: acc=0.9987 train=1.3s best=2.194µs (2.7s, ETA 1.0h)
  [716/1320] KDDCup99-binary_s4_Oblique_d3: acc=0.9993 train=1.4s best=1.057µs (2.3s, ETA 1.0h)
  [717/1320] KDDCup99-binary_s4_Oblique_d4: acc=0.9991 train=2.1s best=1.530µs (3.2s, ETA 1.0h)
  [718/1320] KDDCup99-binary_s4_Oblique_d5: acc=0.9991 train=2.9s best=1.514µs (4.0s, ETA 1.0h)
  [719/1320] KDDCup99-binary_s4_Oblique_d6: acc=0.999 train=3.3s best=1.490µs (4.4s, ETA 1.0h)
  [720/1320] KDDCup99-binary_s4_Oblique_d8: acc=0.9989 train=4.4s best=1.791µs (5.7s, ETA 1.0h)
  fetching OpenML id=4541 (Diabetes130US-bin) [binarizer=diabetes130us_lt30] ...

=== Dataset Diabetes130US-bin (openml:4541) shape=(101766, 50) regime=production ===
  [721/1320] Diabetes130US-bin_s0_AxisAligned_d3: acc=0.8829 train=0.2s best=0.235µs (1.6s, ETA 1.0h)
  [722/1320] Diabetes130US-bin_s0_AxisAligned_d4: acc=0.8834 train=0.2s best=0.206µs (1.3s, ETA 1.0h)
  [723/1320] Diabetes130US-bin_s0_AxisAligned_d5: acc=0.8819 train=0.4s best=0.422µs (2.0s, ETA 1.0h)
  [724/1320] Diabetes130US-bin_s0_AxisAligned_d6: acc=0.8813 train=0.5s best=0.469µs (2.1s, ETA 1.0h)
  [725/1320] Diabetes130US-bin_s0_AxisAligned_d7: acc=0.8809 train=0.7s best=0.621µs (2.3s, ETA 1.0h)
  [726/1320] Diabetes130US-bin_s0_AxisAligned_d8: acc=0.8807 train=0.8s best=0.636µs (2.1s, ETA 1.0h)
  [727/1320] Diabetes130US-bin_s0_AxisAligned_d10: acc=0.8825 train=1.1s best=0.324µs (2.3s, ETA 1.0h)
  [728/1320] Diabetes130US-bin_s0_Oblique_d3: acc=0.8826 train=1.6s best=0.778µs (2.7s, ETA 1.0h)
  [729/1320] Diabetes130US-bin_s0_Oblique_d4: acc=0.8833 train=1.3s best=0.315µs (2.1s, ETA 1.0h)
  [730/1320] Diabetes130US-bin_s0_Oblique_d5: acc=0.883 train=2.0s best=0.624µs (3.1s, ETA 1.0h)
  [731/1320] Diabetes130US-bin_s0_Oblique_d6: acc=0.8826 train=2.5s best=0.754µs (3.6s, ETA 1.0h)
  [732/1320] Diabetes130US-bin_s0_Oblique_d8: acc=0.882 train=4.3s best=1.464µs (5.7s, ETA 1.0h)
  [733/1320] Diabetes130US-bin_s1_AxisAligned_d3: acc=0.8899 train=0.2s best=0.206µs (1.5s, ETA 1.0h)
  [734/1320] Diabetes130US-bin_s1_AxisAligned_d4: acc=0.8892 train=0.3s best=0.291µs (1.7s, ETA 1.0h)
  [735/1320] Diabetes130US-bin_s1_AxisAligned_d5: acc=0.8882 train=0.4s best=0.378µs (1.8s, ETA 1.0h)
  [736/1320] Diabetes130US-bin_s1_AxisAligned_d6: acc=0.8881 train=0.5s best=0.483µs (1.9s, ETA 1.0h)
  [737/1320] Diabetes130US-bin_s1_AxisAligned_d7: acc=0.8897 train=0.5s best=0.237µs (1.6s, ETA 1.0h)
  [738/1320] Diabetes130US-bin_s1_AxisAligned_d8: acc=0.8873 train=1.1s best=1.123µs (2.8s, ETA 1.0h)
  [739/1320] Diabetes130US-bin_s1_AxisAligned_d10: acc=0.8893 train=1.3s best=0.422µs (2.6s, ETA 1.0h)
  [740/1320] Diabetes130US-bin_s1_Oblique_d3: acc=0.8884 train=1.6s best=0.788µs (2.7s, ETA 1.0h)
  [741/1320] Diabetes130US-bin_s1_Oblique_d4: acc=0.8891 train=1.8s best=0.756µs (3.0s, ETA 0.9h)
  [742/1320] Diabetes130US-bin_s1_Oblique_d5: acc=0.8883 train=2.6s best=1.142µs (3.9s, ETA 0.9h)
  [743/1320] Diabetes130US-bin_s1_Oblique_d6: acc=0.8887 train=3.1s best=1.283µs (4.4s, ETA 0.9h)
  [744/1320] Diabetes130US-bin_s1_Oblique_d8: acc=0.8885 train=3.2s best=0.652µs (4.3s, ETA 0.9h)
  [745/1320] Diabetes130US-bin_s2_AxisAligned_d3: acc=0.8898 train=0.2s best=0.272µs (1.7s, ETA 0.9h)
  [746/1320] Diabetes130US-bin_s2_AxisAligned_d4: acc=0.8891 train=0.3s best=0.373µs (2.0s, ETA 0.9h)
  [747/1320] Diabetes130US-bin_s2_AxisAligned_d5: acc=0.889 train=0.5s best=0.525µs (2.4s, ETA 0.9h)
  [748/1320] Diabetes130US-bin_s2_AxisAligned_d6: acc=0.8891 train=0.7s best=0.668µs (2.8s, ETA 0.9h)
  [749/1320] Diabetes130US-bin_s2_AxisAligned_d7: acc=0.8875 train=0.8s best=0.658µs (2.5s, ETA 0.9h)
  [750/1320] Diabetes130US-bin_s2_AxisAligned_d8: acc=0.8872 train=0.8s best=0.718µs (2.2s, ETA 0.9h)
  [751/1320] Diabetes130US-bin_s2_AxisAligned_d10: acc=0.888 train=1.3s best=0.426µs (2.6s, ETA 0.9h)
  [752/1320] Diabetes130US-bin_s2_Oblique_d3: acc=0.8893 train=1.7s best=1.221µs (3.0s, ETA 0.9h)
  [753/1320] Diabetes130US-bin_s2_Oblique_d4: acc=0.8889 train=2.5s best=1.735µs (4.0s, ETA 0.9h)
  [754/1320] Diabetes130US-bin_s2_Oblique_d5: acc=0.8879 train=3.4s best=2.594µs (5.2s, ETA 0.9h)
  [755/1320] Diabetes130US-bin_s2_Oblique_d6: acc=0.8869 train=3.8s best=1.934µs (5.4s, ETA 0.9h)
  [756/1320] Diabetes130US-bin_s2_Oblique_d8: acc=0.8888 train=3.0s best=0.517µs (4.1s, ETA 0.9h)
  [757/1320] Diabetes130US-bin_s3_AxisAligned_d3: acc=0.885 train=0.2s best=0.191µs (1.5s, ETA 0.9h)
  [758/1320] Diabetes130US-bin_s3_AxisAligned_d4: acc=0.8851 train=0.3s best=0.268µs (1.7s, ETA 0.9h)
  [759/1320] Diabetes130US-bin_s3_AxisAligned_d5: acc=0.8847 train=0.5s best=0.448µs (2.2s, ETA 0.9h)
  [760/1320] Diabetes130US-bin_s3_AxisAligned_d6: acc=0.8853 train=0.4s best=0.330µs (1.7s, ETA 0.9h)
  [761/1320] Diabetes130US-bin_s3_AxisAligned_d7: acc=0.8846 train=0.7s best=0.548µs (2.1s, ETA 0.9h)
  [762/1320] Diabetes130US-bin_s3_AxisAligned_d8: acc=0.8854 train=0.8s best=0.438µs (2.0s, ETA 0.9h)
  [763/1320] Diabetes130US-bin_s3_AxisAligned_d10: acc=0.8842 train=1.3s best=0.376µs (2.5s, ETA 0.9h)
  [764/1320] Diabetes130US-bin_s3_Oblique_d3: acc=0.8846 train=1.2s best=0.543µs (2.3s, ETA 0.9h)
  [765/1320] Diabetes130US-bin_s3_Oblique_d4: acc=0.8845 train=1.5s best=0.519µs (2.5s, ETA 0.9h)
  [766/1320] Diabetes130US-bin_s3_Oblique_d5: acc=0.8848 train=2.6s best=1.073µs (3.8s, ETA 0.9h)
  [767/1320] Diabetes130US-bin_s3_Oblique_d6: acc=0.8843 train=2.6s best=0.847µs (3.8s, ETA 0.9h)
  [768/1320] Diabetes130US-bin_s3_Oblique_d8: acc=0.8853 train=3.0s best=0.519µs (4.1s, ETA 0.9h)
  [769/1320] Diabetes130US-bin_s4_AxisAligned_d3: acc=0.8868 train=0.1s best=0.065µs (0.8s, ETA 0.9h)
  [770/1320] Diabetes130US-bin_s4_AxisAligned_d4: acc=0.8867 train=0.2s best=0.087µs (0.9s, ETA 0.9h)
  [771/1320] Diabetes130US-bin_s4_AxisAligned_d5: acc=0.8867 train=0.3s best=0.142µs (1.2s, ETA 0.9h)
  [772/1320] Diabetes130US-bin_s4_AxisAligned_d6: acc=0.8861 train=0.3s best=0.161µs (1.4s, ETA 0.9h)
  [773/1320] Diabetes130US-bin_s4_AxisAligned_d7: acc=0.8863 train=0.5s best=0.154µs (1.5s, ETA 0.9h)
  [774/1320] Diabetes130US-bin_s4_AxisAligned_d8: acc=0.8863 train=0.7s best=0.211µs (1.7s, ETA 0.9h)
  [775/1320] Diabetes130US-bin_s4_AxisAligned_d10: acc=0.886 train=1.4s best=0.553µs (2.7s, ETA 0.9h)
  [776/1320] Diabetes130US-bin_s4_Oblique_d3: acc=0.8862 train=1.0s best=0.381µs (1.9s, ETA 0.8h)
  [777/1320] Diabetes130US-bin_s4_Oblique_d4: acc=0.8859 train=1.5s best=0.498µs (2.4s, ETA 0.8h)
  [778/1320] Diabetes130US-bin_s4_Oblique_d5: acc=0.8869 train=1.9s best=0.573µs (3.0s, ETA 0.8h)
  [779/1320] Diabetes130US-bin_s4_Oblique_d6: acc=0.8846 train=2.4s best=0.677µs (3.5s, ETA 0.8h)
  [780/1320] Diabetes130US-bin_s4_Oblique_d8: acc=0.8856 train=3.0s best=0.537µs (4.1s, ETA 0.8h)

=== Dataset profb (pmlb:profb) shape=(672, 10) regime=small-clean ===
  [781/1320] profb_s0_AxisAligned_d3: acc=0.651852 train=0.0s best=0.036µs (0.1s, ETA 0.8h)
  [782/1320] profb_s0_AxisAligned_d4: acc=0.614815 train=0.0s best=0.050µs (0.1s, ETA 0.8h)
  [783/1320] profb_s0_AxisAligned_d5: acc=0.57037 train=0.0s best=0.053µs (0.1s, ETA 0.8h)
  [784/1320] profb_s0_AxisAligned_d6: acc=0.585185 train=0.1s best=0.072µs (0.1s, ETA 0.8h)
  [785/1320] profb_s0_AxisAligned_d7: acc=0.6 train=0.1s best=0.095µs (0.1s, ETA 0.8h)
  [786/1320] profb_s0_AxisAligned_d8: acc=0.6 train=0.1s best=0.136µs (0.1s, ETA 0.8h)
  [787/1320] profb_s0_AxisAligned_d10: acc=0.592593 train=0.2s best=0.341µs (0.2s, ETA 0.8h)
  [788/1320] profb_s0_Oblique_d3: acc=0.637037 train=0.0s best=0.243µs (0.1s, ETA 0.8h)
  [789/1320] profb_s0_Oblique_d4: acc=0.644444 train=0.0s best=0.193µs (0.1s, ETA 0.8h)
  [790/1320] profb_s0_Oblique_d5: acc=0.62963 train=0.1s best=0.244µs (0.1s, ETA 0.8h)
  [791/1320] profb_s0_Oblique_d6: acc=0.6 train=0.1s best=0.526µs (0.1s, ETA 0.8h)
  [792/1320] profb_s0_Oblique_d8: acc=0.592593 train=0.2s best=1.202µs (0.2s, ETA 0.8h)
  [793/1320] profb_s1_AxisAligned_d3: acc=0.681481 train=0.0s best=0.044µs (0.1s, ETA 0.8h)
  [794/1320] profb_s1_AxisAligned_d4: acc=0.703704 train=0.0s best=0.049µs (0.1s, ETA 0.8h)
  [795/1320] profb_s1_AxisAligned_d5: acc=0.681481 train=0.0s best=0.046µs (0.1s, ETA 0.8h)
  [796/1320] profb_s1_AxisAligned_d6: acc=0.681481 train=0.0s best=0.056µs (0.1s, ETA 0.8h)
  [797/1320] profb_s1_AxisAligned_d7: acc=0.703704 train=0.1s best=0.141µs (0.1s, ETA 0.8h)
  [798/1320] profb_s1_AxisAligned_d8: acc=0.659259 train=0.1s best=0.175µs (0.1s, ETA 0.8h)
  [799/1320] profb_s1_AxisAligned_d10: acc=0.62963 train=0.1s best=0.195µs (0.2s, ETA 0.8h)
  [800/1320] profb_s1_Oblique_d3: acc=0.681481 train=0.0s best=0.167µs (0.1s, ETA 0.8h)
  [801/1320] profb_s1_Oblique_d4: acc=0.651852 train=0.0s best=0.176µs (0.1s, ETA 0.8h)
  [802/1320] profb_s1_Oblique_d5: acc=0.659259 train=0.1s best=0.233µs (0.1s, ETA 0.8h)
  [803/1320] profb_s1_Oblique_d6: acc=0.659259 train=0.1s best=0.295µs (0.1s, ETA 0.8h)
  [804/1320] profb_s1_Oblique_d8: acc=0.681481 train=0.2s best=0.481µs (0.2s, ETA 0.8h)
  [805/1320] profb_s2_AxisAligned_d3: acc=0.703704 train=0.0s best=0.032µs (0.1s, ETA 0.8h)
  [806/1320] profb_s2_AxisAligned_d4: acc=0.696296 train=0.0s best=0.050µs (0.1s, ETA 0.8h)
  [807/1320] profb_s2_AxisAligned_d5: acc=0.688889 train=0.0s best=0.047µs (0.1s, ETA 0.7h)
  [808/1320] profb_s2_AxisAligned_d6: acc=0.688889 train=0.1s best=0.063µs (0.1s, ETA 0.7h)
  [809/1320] profb_s2_AxisAligned_d7: acc=0.688889 train=0.1s best=0.083µs (0.1s, ETA 0.7h)
  [810/1320] profb_s2_AxisAligned_d8: acc=0.674074 train=0.1s best=0.155µs (0.1s, ETA 0.7h)
  [811/1320] profb_s2_AxisAligned_d10: acc=0.681481 train=0.2s best=0.807µs (0.2s, ETA 0.7h)
  [812/1320] profb_s2_Oblique_d3: acc=0.651852 train=0.1s best=0.851µs (0.1s, ETA 0.7h)
  [813/1320] profb_s2_Oblique_d4: acc=0.659259 train=0.1s best=1.466µs (0.1s, ETA 0.7h)
  [814/1320] profb_s2_Oblique_d5: acc=0.659259 train=0.1s best=0.401µs (0.1s, ETA 0.7h)
  [815/1320] profb_s2_Oblique_d6: acc=0.659259 train=0.1s best=0.666µs (0.1s, ETA 0.7h)
  [816/1320] profb_s2_Oblique_d8: acc=0.696296 train=0.2s best=1.020µs (0.2s, ETA 0.7h)
  [817/1320] profb_s3_AxisAligned_d3: acc=0.659259 train=0.0s best=0.028µs (0.1s, ETA 0.7h)
  [818/1320] profb_s3_AxisAligned_d4: acc=0.659259 train=0.0s best=0.043µs (0.1s, ETA 0.7h)
  [819/1320] profb_s3_AxisAligned_d5: acc=0.651852 train=0.0s best=0.049µs (0.1s, ETA 0.7h)
  [820/1320] profb_s3_AxisAligned_d6: acc=0.674074 train=0.0s best=0.069µs (0.1s, ETA 0.7h)
  [821/1320] profb_s3_AxisAligned_d7: acc=0.659259 train=0.1s best=0.095µs (0.1s, ETA 0.7h)
  [822/1320] profb_s3_AxisAligned_d8: acc=0.688889 train=0.1s best=0.129µs (0.1s, ETA 0.7h)
  [823/1320] profb_s3_AxisAligned_d10: acc=0.666667 train=0.1s best=0.205µs (0.2s, ETA 0.7h)
  [824/1320] profb_s3_Oblique_d3: acc=0.674074 train=0.0s best=0.117µs (0.1s, ETA 0.7h)
  [825/1320] profb_s3_Oblique_d4: acc=0.688889 train=0.0s best=0.175µs (0.1s, ETA 0.7h)
  [826/1320] profb_s3_Oblique_d5: acc=0.696296 train=0.1s best=0.228µs (0.1s, ETA 0.7h)
  [827/1320] profb_s3_Oblique_d6: acc=0.666667 train=0.1s best=0.290µs (0.1s, ETA 0.7h)
  [828/1320] profb_s3_Oblique_d8: acc=0.688889 train=0.2s best=0.480µs (0.2s, ETA 0.7h)
  [829/1320] profb_s4_AxisAligned_d3: acc=0.696296 train=0.0s best=0.057µs (0.1s, ETA 0.7h)
  [830/1320] profb_s4_AxisAligned_d4: acc=0.674074 train=0.0s best=0.073µs (0.1s, ETA 0.7h)
  [831/1320] profb_s4_AxisAligned_d5: acc=0.637037 train=0.0s best=0.130µs (0.1s, ETA 0.7h)
  [832/1320] profb_s4_AxisAligned_d6: acc=0.614815 train=0.1s best=0.184µs (0.1s, ETA 0.7h)
  [833/1320] profb_s4_AxisAligned_d7: acc=0.637037 train=0.1s best=0.194µs (0.1s, ETA 0.7h)
  [834/1320] profb_s4_AxisAligned_d8: acc=0.659259 train=0.1s best=0.213µs (0.1s, ETA 0.7h)
  [835/1320] profb_s4_AxisAligned_d10: acc=0.622222 train=0.1s best=0.235µs (0.2s, ETA 0.7h)
  [836/1320] profb_s4_Oblique_d3: acc=0.644444 train=0.0s best=0.412µs (0.1s, ETA 0.7h)
  [837/1320] profb_s4_Oblique_d4: acc=0.637037 train=0.1s best=0.610µs (0.1s, ETA 0.7h)
  [838/1320] profb_s4_Oblique_d5: acc=0.637037 train=0.1s best=0.805µs (0.1s, ETA 0.7h)
  [839/1320] profb_s4_Oblique_d6: acc=0.614815 train=0.1s best=0.313µs (0.1s, ETA 0.7h)
  [840/1320] profb_s4_Oblique_d8: acc=0.651852 train=0.2s best=0.737µs (0.2s, ETA 0.7h)
  downloading scikit-feature ALLAML from https://jundongl.github.io/scikit-feature/files/datasets/ALLAML.mat ...

=== Dataset ALLAML (skfeature:ALLAML) shape=(72, 7130) regime=p>>n-microarray ===
  [841/1320] ALLAML_s0_AxisAligned_d3: acc=1.0 train=0.8s best=0.298µs (1.1s, ETA 0.7h)
  [842/1320] ALLAML_s0_AxisAligned_d4: acc=1.0 train=4.1s best=0.486µs (4.5s, ETA 0.6h)
  [843/1320] ALLAML_s0_AxisAligned_d5: acc=1.0 train=7.8s best=0.696µs (8.1s, ETA 0.6h)
  [844/1320] ALLAML_s0_AxisAligned_d6: acc=1.0 train=9.4s best=0.864µs (9.7s, ETA 0.6h)
  [845/1320] ALLAML_s0_AxisAligned_d7: acc=0.933333 train=12.1s best=0.874µs (12.4s, ETA 0.6h)
  [846/1320] ALLAML_s0_AxisAligned_d8: acc=1.0 train=14.6s best=0.911µs (14.9s, ETA 0.7h)
  [847/1320] ALLAML_s0_AxisAligned_d10: acc=0.933333 train=15.7s best=0.832µs (16.0s, ETA 0.7h)
  [848/1320] ALLAML_s0_Oblique_d3: acc=1.0 train=4.4s best=1.421µs (4.7s, ETA 0.7h)
  [849/1320] ALLAML_s0_Oblique_d4: acc=0.933333 train=10.2s best=2.219µs (10.5s, ETA 0.7h)
  [850/1320] ALLAML_s0_Oblique_d5: acc=1.0 train=16.2s best=2.660µs (16.5s, ETA 0.7h)
  [851/1320] ALLAML_s0_Oblique_d6: acc=1.0 train=19.9s best=3.139µs (20.2s, ETA 0.7h)
  [852/1320] ALLAML_s0_Oblique_d8: acc=1.0 train=25.7s best=2.214µs (26.0s, ETA 0.7h)
  [853/1320] ALLAML_s1_AxisAligned_d3: acc=0.933333 train=0.8s best=0.336µs (1.1s, ETA 0.7h)
  [854/1320] ALLAML_s1_AxisAligned_d4: acc=0.866667 train=4.3s best=0.478µs (4.7s, ETA 0.7h)
  [855/1320] ALLAML_s1_AxisAligned_d5: acc=0.866667 train=7.9s best=0.691µs (8.3s, ETA 0.7h)
  [856/1320] ALLAML_s1_AxisAligned_d6: acc=0.933333 train=11.2s best=1.010µs (11.5s, ETA 0.7h)
  [857/1320] ALLAML_s1_AxisAligned_d7: acc=0.933333 train=12.5s best=1.006µs (12.8s, ETA 0.7h)
  [858/1320] ALLAML_s1_AxisAligned_d8: acc=0.933333 train=15.4s best=1.347µs (15.7s, ETA 0.7h)
  [859/1320] ALLAML_s1_AxisAligned_d10: acc=0.933333 train=14.3s best=1.131µs (14.6s, ETA 0.7h)
  [860/1320] ALLAML_s1_Oblique_d3: acc=0.866667 train=4.5s best=1.263µs (4.8s, ETA 0.7h)
  [861/1320] ALLAML_s1_Oblique_d4: acc=0.933333 train=11.0s best=2.179µs (11.3s, ETA 0.7h)
  [862/1320] ALLAML_s1_Oblique_d5: acc=1.0 train=16.6s best=2.619µs (17.0s, ETA 0.7h)
  [863/1320] ALLAML_s1_Oblique_d6: acc=0.933333 train=18.4s best=3.423µs (18.7s, ETA 0.7h)
  [864/1320] ALLAML_s1_Oblique_d8: acc=1.0 train=25.0s best=3.283µs (25.3s, ETA 0.7h)
  [865/1320] ALLAML_s2_AxisAligned_d3: acc=1.0 train=0.8s best=0.269µs (1.1s, ETA 0.7h)
  [866/1320] ALLAML_s2_AxisAligned_d4: acc=1.0 train=4.2s best=0.656µs (4.5s, ETA 0.7h)
  [867/1320] ALLAML_s2_AxisAligned_d5: acc=1.0 train=7.8s best=0.560µs (8.1s, ETA 0.7h)
  [868/1320] ALLAML_s2_AxisAligned_d6: acc=1.0 train=9.3s best=0.477µs (9.6s, ETA 0.7h)
  [869/1320] ALLAML_s2_AxisAligned_d7: acc=1.0 train=11.3s best=0.315µs (11.6s, ETA 0.7h)
  [870/1320] ALLAML_s2_AxisAligned_d8: acc=1.0 train=14.2s best=0.834µs (14.5s, ETA 0.7h)
  [871/1320] ALLAML_s2_AxisAligned_d10: acc=1.0 train=15.4s best=0.613µs (15.7s, ETA 0.7h)
  [872/1320] ALLAML_s2_Oblique_d3: acc=1.0 train=4.5s best=1.480µs (4.8s, ETA 0.7h)
  [873/1320] ALLAML_s2_Oblique_d4: acc=1.0 train=10.2s best=2.061µs (10.5s, ETA 0.7h)
  [874/1320] ALLAML_s2_Oblique_d5: acc=1.0 train=15.8s best=2.600µs (16.1s, ETA 0.7h)
  [875/1320] ALLAML_s2_Oblique_d6: acc=1.0 train=19.2s best=2.749µs (19.5s, ETA 0.7h)
  [876/1320] ALLAML_s2_Oblique_d8: acc=1.0 train=25.2s best=3.151µs (25.6s, ETA 0.7h)
  [877/1320] ALLAML_s3_AxisAligned_d3: acc=1.0 train=0.8s best=0.295µs (1.1s, ETA 0.7h)
  [878/1320] ALLAML_s3_AxisAligned_d4: acc=1.0 train=4.0s best=0.605µs (4.4s, ETA 0.7h)
  [879/1320] ALLAML_s3_AxisAligned_d5: acc=1.0 train=8.6s best=0.970µs (8.9s, ETA 0.7h)
  [880/1320] ALLAML_s3_AxisAligned_d6: acc=1.0 train=10.5s best=0.971µs (10.8s, ETA 0.7h)
  [881/1320] ALLAML_s3_AxisAligned_d7: acc=0.933333 train=12.9s best=0.819µs (13.2s, ETA 0.7h)
  [882/1320] ALLAML_s3_AxisAligned_d8: acc=0.933333 train=14.7s best=1.026µs (15.0s, ETA 0.7h)
  [883/1320] ALLAML_s3_AxisAligned_d10: acc=0.933333 train=14.5s best=0.815µs (14.8s, ETA 0.7h)
  [884/1320] ALLAML_s3_Oblique_d3: acc=0.933333 train=4.9s best=1.381µs (5.2s, ETA 0.7h)
  [885/1320] ALLAML_s3_Oblique_d4: acc=1.0 train=11.1s best=2.178µs (11.5s, ETA 0.7h)
  [886/1320] ALLAML_s3_Oblique_d5: acc=1.0 train=15.0s best=2.667µs (15.3s, ETA 0.7h)
  [887/1320] ALLAML_s3_Oblique_d6: acc=1.0 train=18.9s best=3.393µs (19.2s, ETA 0.7h)
  [888/1320] ALLAML_s3_Oblique_d8: acc=1.0 train=22.5s best=2.963µs (22.8s, ETA 0.7h)
  [889/1320] ALLAML_s4_AxisAligned_d3: acc=0.933333 train=0.8s best=0.268µs (1.1s, ETA 0.7h)
  [890/1320] ALLAML_s4_AxisAligned_d4: acc=0.933333 train=4.3s best=0.528µs (4.6s, ETA 0.7h)
  [891/1320] ALLAML_s4_AxisAligned_d5: acc=0.933333 train=7.7s best=0.646µs (8.0s, ETA 0.7h)
  [892/1320] ALLAML_s4_AxisAligned_d6: acc=0.933333 train=9.7s best=0.951µs (10.0s, ETA 0.7h)
  [893/1320] ALLAML_s4_AxisAligned_d7: acc=1.0 train=12.2s best=0.972µs (12.5s, ETA 0.7h)
  [894/1320] ALLAML_s4_AxisAligned_d8: acc=0.933333 train=13.0s best=0.805µs (13.4s, ETA 0.7h)
  [895/1320] ALLAML_s4_AxisAligned_d10: acc=0.933333 train=14.4s best=0.676µs (14.7s, ETA 0.7h)
  [896/1320] ALLAML_s4_Oblique_d3: acc=0.933333 train=4.8s best=1.482µs (5.1s, ETA 0.7h)
  [897/1320] ALLAML_s4_Oblique_d4: acc=0.933333 train=10.3s best=2.155µs (10.6s, ETA 0.7h)
  [898/1320] ALLAML_s4_Oblique_d5: acc=1.0 train=15.2s best=2.595µs (15.5s, ETA 0.7h)
  [899/1320] ALLAML_s4_Oblique_d6: acc=0.933333 train=18.5s best=3.068µs (18.9s, ETA 0.7h)
  [900/1320] ALLAML_s4_Oblique_d8: acc=0.933333 train=22.1s best=2.883µs (22.5s, ETA 0.7h)

=== Dataset colon (skfeature:colon) shape=(62, 2001) regime=p>>n-microarray ===
  [901/1320] colon_s0_AxisAligned_d3: acc=0.769231 train=0.8s best=0.279µs (0.8s, ETA 0.7h)
  [902/1320] colon_s0_AxisAligned_d4: acc=0.769231 train=1.8s best=0.345µs (1.9s, ETA 0.7h)
  [903/1320] colon_s0_AxisAligned_d5: acc=0.769231 train=3.0s best=0.560µs (3.1s, ETA 0.7h)
  [904/1320] colon_s0_AxisAligned_d6: acc=0.846154 train=4.1s best=0.502µs (4.2s, ETA 0.7h)
  [905/1320] colon_s0_AxisAligned_d7: acc=0.846154 train=4.5s best=0.542µs (4.5s, ETA 0.7h)
  [906/1320] colon_s0_AxisAligned_d8: acc=0.769231 train=4.5s best=0.460µs (4.5s, ETA 0.7h)
  [907/1320] colon_s0_AxisAligned_d10: acc=0.769231 train=4.5s best=0.431µs (4.6s, ETA 0.6h)
  [908/1320] colon_s0_Oblique_d3: acc=0.769231 train=1.3s best=1.182µs (1.4s, ETA 0.6h)
  [909/1320] colon_s0_Oblique_d4: acc=0.769231 train=2.8s best=1.955µs (2.9s, ETA 0.6h)
  [910/1320] colon_s0_Oblique_d5: acc=0.769231 train=4.0s best=2.421µs (4.1s, ETA 0.6h)
  [911/1320] colon_s0_Oblique_d6: acc=0.692308 train=5.1s best=2.990µs (5.2s, ETA 0.6h)
  [912/1320] colon_s0_Oblique_d8: acc=0.692308 train=5.9s best=3.302µs (6.0s, ETA 0.6h)
  [913/1320] colon_s1_AxisAligned_d3: acc=0.846154 train=0.8s best=0.179µs (0.9s, ETA 0.6h)
  [914/1320] colon_s1_AxisAligned_d4: acc=0.846154 train=1.9s best=0.349µs (1.9s, ETA 0.6h)
  [915/1320] colon_s1_AxisAligned_d5: acc=0.769231 train=3.0s best=0.265µs (3.0s, ETA 0.6h)
  [916/1320] colon_s1_AxisAligned_d6: acc=0.769231 train=1.9s best=0.081µs (1.9s, ETA 0.6h)
  [917/1320] colon_s1_AxisAligned_d7: acc=0.769231 train=3.9s best=0.227µs (4.0s, ETA 0.6h)
  [918/1320] colon_s1_AxisAligned_d8: acc=0.769231 train=4.4s best=0.435µs (4.5s, ETA 0.6h)
  [919/1320] colon_s1_AxisAligned_d10: acc=0.769231 train=4.4s best=0.397µs (4.5s, ETA 0.6h)
  [920/1320] colon_s1_Oblique_d3: acc=0.846154 train=1.3s best=0.828µs (1.4s, ETA 0.6h)
  [921/1320] colon_s1_Oblique_d4: acc=0.769231 train=1.2s best=0.164µs (1.3s, ETA 0.6h)
  [922/1320] colon_s1_Oblique_d5: acc=0.846154 train=3.7s best=1.319µs (3.8s, ETA 0.6h)
  [923/1320] colon_s1_Oblique_d6: acc=0.769231 train=4.8s best=1.761µs (4.9s, ETA 0.6h)
  [924/1320] colon_s1_Oblique_d8: acc=0.846154 train=5.8s best=3.198µs (5.8s, ETA 0.6h)
  [925/1320] colon_s2_AxisAligned_d3: acc=0.846154 train=0.8s best=0.221µs (0.8s, ETA 0.6h)
  [926/1320] colon_s2_AxisAligned_d4: acc=0.769231 train=1.9s best=0.394µs (1.9s, ETA 0.6h)
  [927/1320] colon_s2_AxisAligned_d5: acc=0.769231 train=3.1s best=0.361µs (3.2s, ETA 0.6h)
  [928/1320] colon_s2_AxisAligned_d6: acc=0.846154 train=4.3s best=0.366µs (4.4s, ETA 0.6h)
  [929/1320] colon_s2_AxisAligned_d7: acc=0.769231 train=4.9s best=0.494µs (5.0s, ETA 0.6h)
  [930/1320] colon_s2_AxisAligned_d8: acc=0.769231 train=4.9s best=0.440µs (5.0s, ETA 0.6h)
  [931/1320] colon_s2_AxisAligned_d10: acc=0.769231 train=4.8s best=0.462µs (4.8s, ETA 0.6h)
  [932/1320] colon_s2_Oblique_d3: acc=0.923077 train=1.3s best=1.226µs (1.4s, ETA 0.6h)
  [933/1320] colon_s2_Oblique_d4: acc=0.923077 train=2.7s best=2.051µs (2.8s, ETA 0.6h)
  [934/1320] colon_s2_Oblique_d5: acc=0.923077 train=4.1s best=2.191µs (4.2s, ETA 0.6h)
  [935/1320] colon_s2_Oblique_d6: acc=1.0 train=5.0s best=2.274µs (5.1s, ETA 0.6h)
  [936/1320] colon_s2_Oblique_d8: acc=0.923077 train=5.8s best=2.827µs (5.9s, ETA 0.6h)
  [937/1320] colon_s3_AxisAligned_d3: acc=0.769231 train=0.3s best=0.034µs (0.4s, ETA 0.6h)
  [938/1320] colon_s3_AxisAligned_d4: acc=0.692308 train=0.9s best=0.038µs (1.0s, ETA 0.6h)
  [939/1320] colon_s3_AxisAligned_d5: acc=0.769231 train=1.4s best=0.056µs (1.5s, ETA 0.6h)
  [940/1320] colon_s3_AxisAligned_d6: acc=0.769231 train=1.7s best=0.061µs (1.8s, ETA 0.6h)
  [941/1320] colon_s3_AxisAligned_d7: acc=0.692308 train=2.0s best=0.052µs (2.0s, ETA 0.6h)
  [942/1320] colon_s3_AxisAligned_d8: acc=0.615385 train=2.1s best=0.049µs (2.1s, ETA 0.6h)
  [943/1320] colon_s3_AxisAligned_d10: acc=0.615385 train=2.1s best=0.054µs (2.1s, ETA 0.6h)
  [944/1320] colon_s3_Oblique_d3: acc=0.692308 train=0.7s best=0.244µs (0.8s, ETA 0.6h)
  [945/1320] colon_s3_Oblique_d4: acc=0.692308 train=1.1s best=0.160µs (1.2s, ETA 0.6h)
  [946/1320] colon_s3_Oblique_d5: acc=0.846154 train=2.2s best=0.347µs (2.3s, ETA 0.6h)
  [947/1320] colon_s3_Oblique_d6: acc=0.769231 train=2.3s best=0.196µs (2.3s, ETA 0.6h)
  [948/1320] colon_s3_Oblique_d8: acc=0.846154 train=2.9s best=0.413µs (3.0s, ETA 0.6h)
  [949/1320] colon_s4_AxisAligned_d3: acc=0.692308 train=0.4s best=0.067µs (0.5s, ETA 0.6h)
  [950/1320] colon_s4_AxisAligned_d4: acc=0.769231 train=1.9s best=0.190µs (1.9s, ETA 0.6h)
  [951/1320] colon_s4_AxisAligned_d5: acc=0.692308 train=3.0s best=0.221µs (3.0s, ETA 0.6h)
  [952/1320] colon_s4_AxisAligned_d6: acc=0.769231 train=4.1s best=0.361µs (4.1s, ETA 0.6h)
  [953/1320] colon_s4_AxisAligned_d7: acc=0.769231 train=3.4s best=0.175µs (3.5s, ETA 0.6h)
  [954/1320] colon_s4_AxisAligned_d8: acc=0.769231 train=3.3s best=0.149µs (3.3s, ETA 0.6h)
  [955/1320] colon_s4_AxisAligned_d10: acc=0.769231 train=3.1s best=0.142µs (3.1s, ETA 0.6h)
  [956/1320] colon_s4_Oblique_d3: acc=0.615385 train=0.7s best=0.305µs (0.8s, ETA 0.5h)
  [957/1320] colon_s4_Oblique_d4: acc=0.692308 train=2.8s best=1.100µs (2.9s, ETA 0.5h)
  [958/1320] colon_s4_Oblique_d5: acc=0.461538 train=2.4s best=0.381µs (2.5s, ETA 0.5h)
  [959/1320] colon_s4_Oblique_d6: acc=0.692308 train=2.6s best=0.332µs (2.6s, ETA 0.5h)
  [960/1320] colon_s4_Oblique_d8: acc=0.692308 train=5.1s best=1.133µs (5.1s, ETA 0.5h)
  downloading scikit-feature Prostate_GE from https://jundongl.github.io/scikit-feature/files/datasets/Prostate_GE.mat ...

=== Dataset Prostate_GE (skfeature:Prostate_GE) shape=(102, 5967) regime=p>>n-microarray ===
  [961/1320] Prostate_GE_s0_AxisAligned_d3: acc=0.857143 train=0.8s best=0.279µs (1.1s, ETA 0.5h)
  [962/1320] Prostate_GE_s0_AxisAligned_d4: acc=0.857143 train=3.5s best=0.590µs (3.9s, ETA 0.5h)
  [963/1320] Prostate_GE_s0_AxisAligned_d5: acc=0.904762 train=6.4s best=1.089µs (6.8s, ETA 0.5h)
  [964/1320] Prostate_GE_s0_AxisAligned_d6: acc=0.857143 train=9.4s best=1.409µs (9.8s, ETA 0.5h)
  [965/1320] Prostate_GE_s0_AxisAligned_d7: acc=0.857143 train=14.2s best=1.730µs (14.5s, ETA 0.5h)
  [966/1320] Prostate_GE_s0_AxisAligned_d8: acc=0.857143 train=16.1s best=2.157µs (16.5s, ETA 0.5h)
  [967/1320] Prostate_GE_s0_AxisAligned_d10: acc=0.857143 train=17.6s best=2.162µs (17.9s, ETA 0.5h)
  [968/1320] Prostate_GE_s0_Oblique_d3: acc=0.857143 train=3.8s best=1.718µs (4.1s, ETA 0.5h)
  [969/1320] Prostate_GE_s0_Oblique_d4: acc=0.857143 train=8.5s best=2.445µs (8.9s, ETA 0.5h)
  [970/1320] Prostate_GE_s0_Oblique_d5: acc=0.857143 train=14.2s best=3.581µs (14.5s, ETA 0.5h)
  [971/1320] Prostate_GE_s0_Oblique_d6: acc=0.857143 train=19.0s best=4.586µs (19.4s, ETA 0.5h)
  [972/1320] Prostate_GE_s0_Oblique_d8: acc=0.857143 train=29.5s best=5.291µs (29.8s, ETA 0.5h)
  [973/1320] Prostate_GE_s1_AxisAligned_d3: acc=1.0 train=0.8s best=0.297µs (1.2s, ETA 0.5h)
  [974/1320] Prostate_GE_s1_AxisAligned_d4: acc=1.0 train=3.3s best=0.692µs (3.7s, ETA 0.5h)
  [975/1320] Prostate_GE_s1_AxisAligned_d5: acc=1.0 train=7.4s best=0.808µs (7.8s, ETA 0.5h)
  [976/1320] Prostate_GE_s1_AxisAligned_d6: acc=1.0 train=9.9s best=1.302µs (10.2s, ETA 0.5h)
  [977/1320] Prostate_GE_s1_AxisAligned_d7: acc=1.0 train=13.0s best=1.643µs (13.4s, ETA 0.5h)
  [978/1320] Prostate_GE_s1_AxisAligned_d8: acc=1.0 train=16.4s best=1.621µs (16.7s, ETA 0.5h)
  [979/1320] Prostate_GE_s1_AxisAligned_d10: acc=1.0 train=16.6s best=1.888µs (17.0s, ETA 0.5h)
  [980/1320] Prostate_GE_s1_Oblique_d3: acc=1.0 train=3.8s best=1.648µs (4.2s, ETA 0.5h)
  [981/1320] Prostate_GE_s1_Oblique_d4: acc=1.0 train=8.5s best=2.280µs (8.9s, ETA 0.5h)
  [982/1320] Prostate_GE_s1_Oblique_d5: acc=1.0 train=14.2s best=4.011µs (14.6s, ETA 0.5h)
  [983/1320] Prostate_GE_s1_Oblique_d6: acc=1.0 train=20.4s best=4.620µs (20.7s, ETA 0.5h)
  [984/1320] Prostate_GE_s1_Oblique_d8: acc=1.0 train=26.3s best=5.287µs (26.7s, ETA 0.5h)
  [985/1320] Prostate_GE_s2_AxisAligned_d3: acc=0.904762 train=0.8s best=0.282µs (1.2s, ETA 0.5h)
  [986/1320] Prostate_GE_s2_AxisAligned_d4: acc=0.904762 train=3.4s best=0.400µs (3.8s, ETA 0.5h)
  [987/1320] Prostate_GE_s2_AxisAligned_d5: acc=0.904762 train=6.9s best=0.746µs (7.3s, ETA 0.5h)
  [988/1320] Prostate_GE_s2_AxisAligned_d6: acc=0.904762 train=9.6s best=1.268µs (10.0s, ETA 0.5h)
  [989/1320] Prostate_GE_s2_AxisAligned_d7: acc=0.904762 train=13.7s best=1.855µs (14.0s, ETA 0.5h)
  [990/1320] Prostate_GE_s2_AxisAligned_d8: acc=0.904762 train=14.8s best=1.736µs (15.2s, ETA 0.5h)
  [991/1320] Prostate_GE_s2_AxisAligned_d10: acc=0.904762 train=17.6s best=1.814µs (18.0s, ETA 0.5h)
  [992/1320] Prostate_GE_s2_Oblique_d3: acc=0.904762 train=4.2s best=1.525µs (4.5s, ETA 0.5h)
  [993/1320] Prostate_GE_s2_Oblique_d4: acc=0.904762 train=9.2s best=2.623µs (9.6s, ETA 0.5h)
  [994/1320] Prostate_GE_s2_Oblique_d5: acc=0.904762 train=13.9s best=3.430µs (14.3s, ETA 0.5h)
  [995/1320] Prostate_GE_s2_Oblique_d6: acc=0.904762 train=20.6s best=4.490µs (20.9s, ETA 0.5h)
  [996/1320] Prostate_GE_s2_Oblique_d8: acc=0.904762 train=28.9s best=5.490µs (29.2s, ETA 0.5h)
  [997/1320] Prostate_GE_s3_AxisAligned_d3: acc=0.904762 train=0.5s best=0.053µs (0.8s, ETA 0.5h)
  [998/1320] Prostate_GE_s3_AxisAligned_d4: acc=0.904762 train=1.8s best=0.059µs (2.1s, ETA 0.5h)
  [999/1320] Prostate_GE_s3_AxisAligned_d5: acc=0.857143 train=3.9s best=0.119µs (4.2s, ETA 0.5h)
  [1000/1320] Prostate_GE_s3_AxisAligned_d6: acc=0.904762 train=4.4s best=0.065µs (4.8s, ETA 0.5h)
  [1001/1320] Prostate_GE_s3_AxisAligned_d7: acc=0.857143 train=6.9s best=0.112µs (7.2s, ETA 0.5h)
  [1002/1320] Prostate_GE_s3_AxisAligned_d8: acc=0.904762 train=8.7s best=0.175µs (9.1s, ETA 0.5h)
  [1003/1320] Prostate_GE_s3_AxisAligned_d10: acc=0.904762 train=8.8s best=0.118µs (9.2s, ETA 0.5h)
  [1004/1320] Prostate_GE_s3_Oblique_d3: acc=0.857143 train=2.2s best=0.265µs (2.6s, ETA 0.5h)
  [1005/1320] Prostate_GE_s3_Oblique_d4: acc=0.857143 train=3.9s best=0.174µs (4.3s, ETA 0.5h)
  [1006/1320] Prostate_GE_s3_Oblique_d5: acc=0.809524 train=8.1s best=0.432µs (8.5s, ETA 0.5h)
  [1007/1320] Prostate_GE_s3_Oblique_d6: acc=0.952381 train=10.4s best=0.481µs (10.7s, ETA 0.5h)
  [1008/1320] Prostate_GE_s3_Oblique_d8: acc=0.904762 train=15.2s best=0.677µs (15.5s, ETA 0.5h)
  [1009/1320] Prostate_GE_s4_AxisAligned_d3: acc=0.904762 train=0.7s best=0.117µs (1.0s, ETA 0.5h)
  [1010/1320] Prostate_GE_s4_AxisAligned_d4: acc=0.904762 train=3.6s best=0.440µs (3.9s, ETA 0.5h)
  [1011/1320] Prostate_GE_s4_AxisAligned_d5: acc=0.904762 train=6.7s best=0.997µs (7.1s, ETA 0.5h)
  [1012/1320] Prostate_GE_s4_AxisAligned_d6: acc=0.904762 train=8.9s best=0.347µs (9.3s, ETA 0.5h)
  [1013/1320] Prostate_GE_s4_AxisAligned_d7: acc=0.904762 train=12.9s best=1.830µs (13.3s, ETA 0.5h)
  [1014/1320] Prostate_GE_s4_AxisAligned_d8: acc=0.904762 train=13.5s best=0.523µs (13.8s, ETA 0.5h)
  [1015/1320] Prostate_GE_s4_AxisAligned_d10: acc=0.904762 train=18.1s best=1.693µs (18.4s, ETA 0.5h)
  [1016/1320] Prostate_GE_s4_Oblique_d3: acc=0.904762 train=4.1s best=1.129µs (4.4s, ETA 0.5h)
  [1017/1320] Prostate_GE_s4_Oblique_d4: acc=0.904762 train=8.8s best=2.011µs (9.2s, ETA 0.5h)
  [1018/1320] Prostate_GE_s4_Oblique_d5: acc=0.904762 train=15.3s best=2.397µs (15.6s, ETA 0.5h)
  [1019/1320] Prostate_GE_s4_Oblique_d6: acc=0.904762 train=20.4s best=4.556µs (20.7s, ETA 0.5h)
  [1020/1320] Prostate_GE_s4_Oblique_d8: acc=0.904762 train=29.3s best=4.402µs (29.7s, ETA 0.5h)
  downloading scikit-feature GLI_85 from https://jundongl.github.io/scikit-feature/files/datasets/GLI_85.mat ...

=== Dataset GLI_85 (skfeature:GLI_85) shape=(85, 22284) regime=p>>n-microarray ===
  [1021/1320] GLI_85_s0_AxisAligned_d3: acc=0.823529 train=0.9s best=0.069µs (2.5s, ETA 0.5h)
  [1022/1320] GLI_85_s0_AxisAligned_d4: acc=0.882353 train=7.9s best=0.141µs (9.5s, ETA 0.5h)
  [1023/1320] GLI_85_s0_AxisAligned_d5: acc=0.941176 train=20.4s best=0.431µs (21.9s, ETA 0.5h)
  [1024/1320] GLI_85_s0_AxisAligned_d6: acc=0.941176 train=26.5s best=0.419µs (28.0s, ETA 0.5h)
  [1025/1320] GLI_85_s0_AxisAligned_d7: acc=0.941176 train=34.3s best=0.406µs (35.8s, ETA 0.5h)
  [1026/1320] GLI_85_s0_AxisAligned_d8: acc=0.941176 train=45.0s best=1.270µs (46.5s, ETA 0.5h)
  [1027/1320] GLI_85_s0_AxisAligned_d10: acc=0.941176 train=52.5s best=0.946µs (54.0s, ETA 0.5h)
  [1028/1320] GLI_85_s0_Oblique_d3: acc=0.941176 train=14.8s best=0.879µs (16.3s, ETA 0.5h)
  [1029/1320] GLI_85_s0_Oblique_d4: acc=0.941176 train=20.9s best=0.619µs (22.4s, ETA 0.5h)
  [1030/1320] GLI_85_s0_Oblique_d5: acc=0.941176 train=50.2s best=1.644µs (51.7s, ETA 0.5h)
  [1031/1320] GLI_85_s0_Oblique_d6: acc=0.941176 train=69.5s best=3.026µs (71.0s, ETA 0.5h)
  [1032/1320] GLI_85_s0_Oblique_d8: acc=0.941176 train=89.4s best=3.444µs (91.0s, ETA 0.5h)
  [1033/1320] GLI_85_s1_AxisAligned_d3: acc=0.941176 train=1.3s best=0.262µs (2.8s, ETA 0.5h)
  [1034/1320] GLI_85_s1_AxisAligned_d4: acc=0.941176 train=10.0s best=0.273µs (11.5s, ETA 0.5h)
  [1035/1320] GLI_85_s1_AxisAligned_d5: acc=0.941176 train=21.7s best=1.074µs (23.2s, ETA 0.5h)
  [1036/1320] GLI_85_s1_AxisAligned_d6: acc=0.941176 train=31.7s best=1.056µs (33.2s, ETA 0.5h)
  [1037/1320] GLI_85_s1_AxisAligned_d7: acc=0.941176 train=37.5s best=1.207µs (39.0s, ETA 0.5h)
  [1038/1320] GLI_85_s1_AxisAligned_d8: acc=0.941176 train=45.2s best=1.671µs (46.7s, ETA 0.5h)
  [1039/1320] GLI_85_s1_AxisAligned_d10: acc=0.941176 train=45.7s best=0.704µs (47.2s, ETA 0.5h)
  [1040/1320] GLI_85_s1_Oblique_d3: acc=0.941176 train=14.0s best=1.599µs (15.5s, ETA 0.5h)
  [1041/1320] GLI_85_s1_Oblique_d4: acc=0.941176 train=32.0s best=2.299µs (33.5s, ETA 0.5h)
  [1042/1320] GLI_85_s1_Oblique_d5: acc=0.941176 train=54.1s best=2.108µs (55.7s, ETA 0.5h)
  [1043/1320] GLI_85_s1_Oblique_d6: acc=0.941176 train=70.9s best=2.426µs (72.5s, ETA 0.5h)
  [1044/1320] GLI_85_s1_Oblique_d8: acc=0.941176 train=83.0s best=4.127µs (84.5s, ETA 0.5h)
  [1045/1320] GLI_85_s2_AxisAligned_d3: acc=0.705882 train=1.3s best=0.280µs (2.8s, ETA 0.5h)
  [1046/1320] GLI_85_s2_AxisAligned_d4: acc=0.705882 train=12.1s best=0.555µs (13.6s, ETA 0.5h)
  [1047/1320] GLI_85_s2_AxisAligned_d5: acc=0.705882 train=20.7s best=0.901µs (22.2s, ETA 0.5h)
  [1048/1320] GLI_85_s2_AxisAligned_d6: acc=0.705882 train=30.6s best=1.310µs (32.1s, ETA 0.5h)
  [1049/1320] GLI_85_s2_AxisAligned_d7: acc=0.705882 train=34.7s best=1.067µs (36.2s, ETA 0.5h)
  [1050/1320] GLI_85_s2_AxisAligned_d8: acc=0.705882 train=41.7s best=1.428µs (43.2s, ETA 0.5h)
  [1051/1320] GLI_85_s2_AxisAligned_d10: acc=0.764706 train=52.6s best=1.511µs (54.1s, ETA 0.5h)
  [1052/1320] GLI_85_s2_Oblique_d3: acc=0.705882 train=14.1s best=1.677µs (15.6s, ETA 0.5h)
  [1053/1320] GLI_85_s2_Oblique_d4: acc=0.705882 train=32.4s best=2.247µs (33.9s, ETA 0.5h)
  [1054/1320] GLI_85_s2_Oblique_d5: acc=0.764706 train=52.8s best=3.150µs (54.3s, ETA 0.5h)
  [1055/1320] GLI_85_s2_Oblique_d6: acc=0.705882 train=63.5s best=4.226µs (65.0s, ETA 0.6h)
  [1056/1320] GLI_85_s2_Oblique_d8: acc=0.705882 train=89.5s best=4.518µs (91.0s, ETA 0.6h)
  [1057/1320] GLI_85_s3_AxisAligned_d3: acc=0.823529 train=1.3s best=0.275µs (2.8s, ETA 0.6h)
  [1058/1320] GLI_85_s3_AxisAligned_d4: acc=0.882353 train=11.3s best=0.507µs (12.8s, ETA 0.6h)
  [1059/1320] GLI_85_s3_AxisAligned_d5: acc=0.882353 train=17.4s best=0.264µs (18.9s, ETA 0.6h)
  [1060/1320] GLI_85_s3_AxisAligned_d6: acc=0.823529 train=26.5s best=0.925µs (28.0s, ETA 0.6h)
  [1061/1320] GLI_85_s3_AxisAligned_d7: acc=0.823529 train=32.5s best=1.437µs (34.0s, ETA 0.6h)
  [1062/1320] GLI_85_s3_AxisAligned_d8: acc=0.823529 train=37.7s best=1.853µs (39.2s, ETA 0.6h)
  [1063/1320] GLI_85_s3_AxisAligned_d10: acc=0.764706 train=44.7s best=1.690µs (46.2s, ETA 0.6h)
  [1064/1320] GLI_85_s3_Oblique_d3: acc=0.764706 train=15.2s best=1.224µs (16.7s, ETA 0.6h)
  [1065/1320] GLI_85_s3_Oblique_d4: acc=0.764706 train=33.1s best=1.609µs (34.6s, ETA 0.6h)
  [1066/1320] GLI_85_s3_Oblique_d5: acc=0.823529 train=47.5s best=2.793µs (49.0s, ETA 0.6h)
  [1067/1320] GLI_85_s3_Oblique_d6: acc=0.823529 train=59.6s best=3.630µs (61.1s, ETA 0.6h)
  [1068/1320] GLI_85_s3_Oblique_d8: acc=0.823529 train=79.0s best=4.016µs (80.5s, ETA 0.6h)
  [1069/1320] GLI_85_s4_AxisAligned_d3: acc=0.823529 train=1.0s best=0.068µs (2.5s, ETA 0.6h)
  [1070/1320] GLI_85_s4_AxisAligned_d4: acc=0.882353 train=7.4s best=0.146µs (8.9s, ETA 0.6h)
  [1071/1320] GLI_85_s4_AxisAligned_d5: acc=0.823529 train=11.1s best=0.079µs (12.6s, ETA 0.6h)
  [1072/1320] GLI_85_s4_AxisAligned_d6: acc=0.941176 train=17.8s best=0.155µs (19.3s, ETA 0.6h)
  [1073/1320] GLI_85_s4_AxisAligned_d7: acc=0.882353 train=17.5s best=0.093µs (19.0s, ETA 0.6h)
  [1074/1320] GLI_85_s4_AxisAligned_d8: acc=0.882353 train=28.7s best=0.163µs (30.2s, ETA 0.6h)
  [1075/1320] GLI_85_s4_AxisAligned_d10: acc=0.882353 train=23.0s best=0.098µs (24.5s, ETA 0.6h)
  [1076/1320] GLI_85_s4_Oblique_d3: acc=0.941176 train=9.6s best=0.364µs (11.1s, ETA 0.6h)
  [1077/1320] GLI_85_s4_Oblique_d4: acc=0.941176 train=17.3s best=0.291µs (18.8s, ETA 0.6h)
  [1078/1320] GLI_85_s4_Oblique_d5: acc=0.882353 train=29.2s best=0.440µs (30.7s, ETA 0.6h)
  [1079/1320] GLI_85_s4_Oblique_d6: acc=0.941176 train=32.1s best=0.388µs (33.6s, ETA 0.6h)
  [1080/1320] GLI_85_s4_Oblique_d8: acc=0.882353 train=48.2s best=0.478µs (49.7s, ETA 0.6h)
  downloading scikit-feature SMK_CAN_187 from https://jundongl.github.io/scikit-feature/files/datasets/SMK_CAN_187.mat ...

=== Dataset SMK_CAN_187 (skfeature:SMK_CAN_187) shape=(187, 19994) regime=p>>n-microarray ===
  [1081/1320] SMK_CAN_187_s0_AxisAligned_d3: acc=0.631579 train=1.1s best=0.133µs (2.7s, ETA 0.6h)
  [1082/1320] SMK_CAN_187_s0_AxisAligned_d4: acc=0.631579 train=3.2s best=0.124µs (4.8s, ETA 0.6h)
  [1083/1320] SMK_CAN_187_s0_AxisAligned_d5: acc=0.710526 train=10.0s best=0.187µs (11.6s, ETA 0.5h)
  [1084/1320] SMK_CAN_187_s0_AxisAligned_d6: acc=0.631579 train=16.5s best=0.123µs (18.1s, ETA 0.5h)
  [1085/1320] SMK_CAN_187_s0_AxisAligned_d7: acc=0.657895 train=26.1s best=0.186µs (27.7s, ETA 0.5h)
  [1086/1320] SMK_CAN_187_s0_AxisAligned_d8: acc=0.657895 train=35.7s best=0.300µs (37.3s, ETA 0.5h)
  [1087/1320] SMK_CAN_187_s0_AxisAligned_d10: acc=0.631579 train=40.3s best=0.170µs (41.9s, ETA 0.5h)
  [1088/1320] SMK_CAN_187_s0_Oblique_d3: acc=0.578947 train=12.6s best=0.998µs (14.2s, ETA 0.5h)
  [1089/1320] SMK_CAN_187_s0_Oblique_d4: acc=0.605263 train=13.0s best=0.184µs (14.6s, ETA 0.5h)
  [1090/1320] SMK_CAN_187_s0_Oblique_d5: acc=0.684211 train=40.8s best=1.207µs (42.4s, ETA 0.5h)
  [1091/1320] SMK_CAN_187_s0_Oblique_d6: acc=0.710526 train=44.3s best=0.575µs (45.9s, ETA 0.5h)
  [1092/1320] SMK_CAN_187_s0_Oblique_d8: acc=0.578947 train=94.7s best=1.643µs (96.3s, ETA 0.6h)
  [1093/1320] SMK_CAN_187_s1_AxisAligned_d3: acc=0.657895 train=1.3s best=0.142µs (2.9s, ETA 0.5h)
  [1094/1320] SMK_CAN_187_s1_AxisAligned_d4: acc=0.657895 train=3.2s best=0.137µs (4.8s, ETA 0.5h)
  [1095/1320] SMK_CAN_187_s1_AxisAligned_d5: acc=0.684211 train=8.8s best=0.101µs (10.5s, ETA 0.5h)
  [1096/1320] SMK_CAN_187_s1_AxisAligned_d6: acc=0.657895 train=16.4s best=0.111µs (17.9s, ETA 0.5h)
  [1097/1320] SMK_CAN_187_s1_AxisAligned_d7: acc=0.710526 train=24.5s best=0.150µs (26.1s, ETA 0.5h)
  [1098/1320] SMK_CAN_187_s1_AxisAligned_d8: acc=0.684211 train=31.9s best=0.171µs (33.5s, ETA 0.5h)
  [1099/1320] SMK_CAN_187_s1_AxisAligned_d10: acc=0.684211 train=37.8s best=0.159µs (39.4s, ETA 0.5h)
  [1100/1320] SMK_CAN_187_s1_Oblique_d3: acc=0.736842 train=7.8s best=0.278µs (9.4s, ETA 0.5h)
  [1101/1320] SMK_CAN_187_s1_Oblique_d4: acc=0.684211 train=13.3s best=0.170µs (14.9s, ETA 0.5h)
  [1102/1320] SMK_CAN_187_s1_Oblique_d5: acc=0.631579 train=37.9s best=0.972µs (39.5s, ETA 0.5h)
  [1103/1320] SMK_CAN_187_s1_Oblique_d6: acc=0.736842 train=40.5s best=0.369µs (42.1s, ETA 0.5h)
  [1104/1320] SMK_CAN_187_s1_Oblique_d8: acc=0.684211 train=80.6s best=1.085µs (82.2s, ETA 0.5h)
  [1105/1320] SMK_CAN_187_s2_AxisAligned_d3: acc=0.631579 train=1.3s best=0.103µs (2.9s, ETA 0.5h)
  [1106/1320] SMK_CAN_187_s2_AxisAligned_d4: acc=0.710526 train=3.7s best=0.259µs (5.3s, ETA 0.5h)
  [1107/1320] SMK_CAN_187_s2_AxisAligned_d5: acc=0.631579 train=13.6s best=0.873µs (15.2s, ETA 0.5h)
  [1108/1320] SMK_CAN_187_s2_AxisAligned_d6: acc=0.605263 train=19.8s best=0.201µs (21.5s, ETA 0.5h)
  [1109/1320] SMK_CAN_187_s2_AxisAligned_d7: acc=0.552632 train=21.4s best=0.102µs (23.0s, ETA 0.5h)
  [1110/1320] SMK_CAN_187_s2_AxisAligned_d8: acc=0.631579 train=31.8s best=0.149µs (33.4s, ETA 0.5h)
  [1111/1320] SMK_CAN_187_s2_AxisAligned_d10: acc=0.684211 train=43.6s best=0.249µs (45.2s, ETA 0.5h)
  [1112/1320] SMK_CAN_187_s2_Oblique_d3: acc=0.631579 train=10.4s best=0.653µs (11.9s, ETA 0.5h)
  [1113/1320] SMK_CAN_187_s2_Oblique_d4: acc=0.684211 train=21.8s best=1.171µs (23.4s, ETA 0.5h)
  [1114/1320] SMK_CAN_187_s2_Oblique_d5: acc=0.631579 train=37.3s best=1.204µs (38.8s, ETA 0.5h)
  [1115/1320] SMK_CAN_187_s2_Oblique_d6: acc=0.605263 train=47.9s best=0.623µs (49.5s, ETA 0.5h)
  [1116/1320] SMK_CAN_187_s2_Oblique_d8: acc=0.578947 train=85.1s best=1.629µs (86.7s, ETA 0.5h)
  [1117/1320] SMK_CAN_187_s3_AxisAligned_d3: acc=0.631579 train=1.4s best=0.199µs (3.0s, ETA 0.5h)
  [1118/1320] SMK_CAN_187_s3_AxisAligned_d4: acc=0.657895 train=3.2s best=0.125µs (4.8s, ETA 0.5h)
  [1119/1320] SMK_CAN_187_s3_AxisAligned_d5: acc=0.710526 train=11.4s best=0.419µs (13.1s, ETA 0.5h)
  [1120/1320] SMK_CAN_187_s3_AxisAligned_d6: acc=0.631579 train=23.5s best=0.688µs (25.1s, ETA 0.5h)
  [1121/1320] SMK_CAN_187_s3_AxisAligned_d7: acc=0.552632 train=26.2s best=0.220µs (27.8s, ETA 0.5h)
  [1122/1320] SMK_CAN_187_s3_AxisAligned_d8: acc=0.684211 train=33.3s best=0.224µs (34.9s, ETA 0.5h)
  [1123/1320] SMK_CAN_187_s3_AxisAligned_d10: acc=0.710526 train=49.8s best=0.322µs (51.4s, ETA 0.5h)
  [1124/1320] SMK_CAN_187_s3_Oblique_d3: acc=0.578947 train=13.0s best=1.970µs (14.6s, ETA 0.5h)
  [1125/1320] SMK_CAN_187_s3_Oblique_d4: acc=0.605263 train=24.3s best=1.144µs (25.9s, ETA 0.5h)
  [1126/1320] SMK_CAN_187_s3_Oblique_d5: acc=0.710526 train=45.0s best=1.584µs (46.6s, ETA 0.5h)
  [1127/1320] SMK_CAN_187_s3_Oblique_d6: acc=0.578947 train=59.3s best=1.516µs (60.9s, ETA 0.5h)
  [1128/1320] SMK_CAN_187_s3_Oblique_d8: acc=0.605263 train=101.0s best=2.715µs (102.6s, ETA 0.5h)
  [1129/1320] SMK_CAN_187_s4_AxisAligned_d3: acc=0.605263 train=1.0s best=0.049µs (2.6s, ETA 0.5h)
  [1130/1320] SMK_CAN_187_s4_AxisAligned_d4: acc=0.605263 train=2.5s best=0.050µs (4.1s, ETA 0.5h)
  [1131/1320] SMK_CAN_187_s4_AxisAligned_d5: acc=0.710526 train=8.5s best=0.062µs (10.1s, ETA 0.5h)
  [1132/1320] SMK_CAN_187_s4_AxisAligned_d6: acc=0.605263 train=14.5s best=0.054µs (16.1s, ETA 0.5h)
  [1133/1320] SMK_CAN_187_s4_AxisAligned_d7: acc=0.684211 train=19.4s best=0.069µs (21.0s, ETA 0.5h)
  [1134/1320] SMK_CAN_187_s4_AxisAligned_d8: acc=0.657895 train=25.4s best=0.100µs (27.0s, ETA 0.5h)
  [1135/1320] SMK_CAN_187_s4_AxisAligned_d10: acc=0.605263 train=34.3s best=0.077µs (35.9s, ETA 0.5h)
  [1136/1320] SMK_CAN_187_s4_Oblique_d3: acc=0.605263 train=5.9s best=0.113µs (7.5s, ETA 0.5h)
  [1137/1320] SMK_CAN_187_s4_Oblique_d4: acc=0.657895 train=12.4s best=0.179µs (14.0s, ETA 0.5h)
  [1138/1320] SMK_CAN_187_s4_Oblique_d5: acc=0.684211 train=24.6s best=0.218µs (26.2s, ETA 0.5h)
  [1139/1320] SMK_CAN_187_s4_Oblique_d6: acc=0.710526 train=33.3s best=0.314µs (34.9s, ETA 0.5h)
  [1140/1320] SMK_CAN_187_s4_Oblique_d8: acc=0.657895 train=60.1s best=0.373µs (61.7s, ETA 0.5h)
  downloading scikit-feature BASEHOCK from https://jundongl.github.io/scikit-feature/files/datasets/BASEHOCK.mat ...

=== Dataset BASEHOCK (skfeature:BASEHOCK) shape=(1993, 4863) regime=sparse-text ===
  [1141/1320] BASEHOCK_s0_AxisAligned_d3: acc=0.927318 train=2.2s best=0.228µs (3.7s, ETA 0.5h)
  [1142/1320] BASEHOCK_s0_AxisAligned_d4: acc=0.952381 train=5.2s best=0.394µs (6.5s, ETA 0.5h)
  [1143/1320] BASEHOCK_s0_AxisAligned_d5: acc=0.949875 train=10.4s best=0.655µs (11.8s, ETA 0.5h)
  [1144/1320] BASEHOCK_s0_AxisAligned_d6: acc=0.964912 train=16.6s best=0.775µs (18.0s, ETA 0.5h)
  [1145/1320] BASEHOCK_s0_AxisAligned_d7: acc=0.9599 train=27.1s best=0.945µs (28.5s, ETA 0.5h)
  [1146/1320] BASEHOCK_s0_AxisAligned_d8: acc=0.967419 train=38.3s best=1.077µs (39.8s, ETA 0.5h)
  [1147/1320] BASEHOCK_s0_AxisAligned_d10: acc=0.964912 train=56.3s best=1.410µs (57.7s, ETA 0.5h)
  [1148/1320] BASEHOCK_s0_Oblique_d3: acc=0.942356 train=3.7s best=1.448µs (5.0s, ETA 0.5h)
  [1149/1320] BASEHOCK_s0_Oblique_d4: acc=0.949875 train=7.7s best=2.457µs (9.1s, ETA 0.5h)
  [1150/1320] BASEHOCK_s0_Oblique_d5: acc=0.967419 train=14.3s best=3.486µs (15.7s, ETA 0.5h)
  [1151/1320] BASEHOCK_s0_Oblique_d6: acc=0.969925 train=24.8s best=4.996µs (26.3s, ETA 0.5h)
  [1152/1320] BASEHOCK_s0_Oblique_d8: acc=0.972431 train=48.5s best=8.128µs (50.0s, ETA 0.5h)
  [1153/1320] BASEHOCK_s1_AxisAligned_d3: acc=0.944862 train=2.2s best=0.208µs (3.6s, ETA 0.5h)
  [1154/1320] BASEHOCK_s1_AxisAligned_d4: acc=0.949875 train=5.3s best=0.418µs (6.7s, ETA 0.5h)
  [1155/1320] BASEHOCK_s1_AxisAligned_d5: acc=0.947368 train=10.8s best=0.659µs (12.2s, ETA 0.5h)
  [1156/1320] BASEHOCK_s1_AxisAligned_d6: acc=0.952381 train=17.2s best=0.821µs (18.6s, ETA 0.5h)
  [1157/1320] BASEHOCK_s1_AxisAligned_d7: acc=0.947368 train=26.7s best=0.980µs (28.2s, ETA 0.5h)
  [1158/1320] BASEHOCK_s1_AxisAligned_d8: acc=0.947368 train=34.9s best=1.153µs (36.3s, ETA 0.5h)
  [1159/1320] BASEHOCK_s1_AxisAligned_d10: acc=0.949875 train=57.4s best=1.452µs (58.9s, ETA 0.5h)
  [1160/1320] BASEHOCK_s1_Oblique_d3: acc=0.944862 train=3.7s best=1.481µs (5.1s, ETA 0.5h)
  [1161/1320] BASEHOCK_s1_Oblique_d4: acc=0.952381 train=7.5s best=2.450µs (8.9s, ETA 0.5h)
  [1162/1320] BASEHOCK_s1_Oblique_d5: acc=0.962406 train=14.0s best=3.642µs (15.4s, ETA 0.4h)
  [1163/1320] BASEHOCK_s1_Oblique_d6: acc=0.9599 train=24.2s best=4.932µs (25.7s, ETA 0.4h)
  [1164/1320] BASEHOCK_s1_Oblique_d8: acc=0.957393 train=45.3s best=7.644µs (46.8s, ETA 0.4h)
  [1165/1320] BASEHOCK_s2_AxisAligned_d3: acc=0.937343 train=2.1s best=0.210µs (3.5s, ETA 0.4h)
  [1166/1320] BASEHOCK_s2_AxisAligned_d4: acc=0.954887 train=5.1s best=0.379µs (6.5s, ETA 0.4h)
  [1167/1320] BASEHOCK_s2_AxisAligned_d5: acc=0.952381 train=10.3s best=0.685µs (11.8s, ETA 0.4h)
  [1168/1320] BASEHOCK_s2_AxisAligned_d6: acc=0.9599 train=17.9s best=0.838µs (19.3s, ETA 0.4h)
  [1169/1320] BASEHOCK_s2_AxisAligned_d7: acc=0.9599 train=27.1s best=0.978µs (28.5s, ETA 0.4h)
  [1170/1320] BASEHOCK_s2_AxisAligned_d8: acc=0.969925 train=36.5s best=1.105µs (37.9s, ETA 0.4h)
  [1171/1320] BASEHOCK_s2_AxisAligned_d10: acc=0.969925 train=59.9s best=1.348µs (61.3s, ETA 0.4h)
  [1172/1320] BASEHOCK_s2_Oblique_d3: acc=0.942356 train=3.9s best=1.401µs (5.2s, ETA 0.4h)
  [1173/1320] BASEHOCK_s2_Oblique_d4: acc=0.957393 train=7.6s best=2.399µs (9.0s, ETA 0.4h)
  [1174/1320] BASEHOCK_s2_Oblique_d5: acc=0.957393 train=15.6s best=3.603µs (17.0s, ETA 0.4h)
  [1175/1320] BASEHOCK_s2_Oblique_d6: acc=0.9599 train=23.1s best=4.790µs (24.6s, ETA 0.4h)
  [1176/1320] BASEHOCK_s2_Oblique_d8: acc=0.969925 train=52.5s best=8.149µs (54.0s, ETA 0.4h)
  [1177/1320] BASEHOCK_s3_AxisAligned_d3: acc=0.934837 train=2.2s best=0.199µs (3.5s, ETA 0.4h)
  [1178/1320] BASEHOCK_s3_AxisAligned_d4: acc=0.954887 train=5.3s best=0.373µs (6.7s, ETA 0.4h)
  [1179/1320] BASEHOCK_s3_AxisAligned_d5: acc=0.9599 train=10.0s best=0.656µs (11.4s, ETA 0.4h)
  [1180/1320] BASEHOCK_s3_AxisAligned_d6: acc=0.962406 train=16.1s best=0.761µs (17.5s, ETA 0.4h)
  [1181/1320] BASEHOCK_s3_AxisAligned_d7: acc=0.964912 train=27.1s best=0.972µs (28.5s, ETA 0.4h)
  [1182/1320] BASEHOCK_s3_AxisAligned_d8: acc=0.977444 train=35.6s best=1.097µs (37.1s, ETA 0.4h)
  [1183/1320] BASEHOCK_s3_AxisAligned_d10: acc=0.972431 train=57.8s best=1.446µs (59.2s, ETA 0.4h)
  [1184/1320] BASEHOCK_s3_Oblique_d3: acc=0.942356 train=3.9s best=1.487µs (5.3s, ETA 0.4h)
  [1185/1320] BASEHOCK_s3_Oblique_d4: acc=0.962406 train=8.2s best=2.490µs (9.6s, ETA 0.4h)
  [1186/1320] BASEHOCK_s3_Oblique_d5: acc=0.969925 train=15.1s best=3.539µs (16.5s, ETA 0.4h)
  [1187/1320] BASEHOCK_s3_Oblique_d6: acc=0.972431 train=25.0s best=4.855µs (26.5s, ETA 0.4h)
  [1188/1320] BASEHOCK_s3_Oblique_d8: acc=0.974937 train=49.9s best=7.708µs (51.4s, ETA 0.4h)
  [1189/1320] BASEHOCK_s4_AxisAligned_d3: acc=0.972431 train=2.2s best=0.207µs (3.6s, ETA 0.4h)
  [1190/1320] BASEHOCK_s4_AxisAligned_d4: acc=0.974937 train=5.3s best=0.412µs (6.7s, ETA 0.4h)
  [1191/1320] BASEHOCK_s4_AxisAligned_d5: acc=0.97995 train=10.9s best=0.666µs (12.3s, ETA 0.4h)
  [1192/1320] BASEHOCK_s4_AxisAligned_d6: acc=0.969925 train=17.8s best=0.762µs (19.2s, ETA 0.4h)
  [1193/1320] BASEHOCK_s4_AxisAligned_d7: acc=0.969925 train=26.7s best=0.965µs (28.1s, ETA 0.4h)
  [1194/1320] BASEHOCK_s4_AxisAligned_d8: acc=0.964912 train=36.3s best=1.057µs (37.7s, ETA 0.4h)
  [1195/1320] BASEHOCK_s4_AxisAligned_d10: acc=0.967419 train=59.3s best=1.361µs (60.7s, ETA 0.4h)
  [1196/1320] BASEHOCK_s4_Oblique_d3: acc=0.967419 train=3.7s best=1.438µs (5.1s, ETA 0.4h)
  [1197/1320] BASEHOCK_s4_Oblique_d4: acc=0.982456 train=7.8s best=2.392µs (9.1s, ETA 0.4h)
  [1198/1320] BASEHOCK_s4_Oblique_d5: acc=0.982456 train=14.5s best=3.470µs (15.9s, ETA 0.4h)
  [1199/1320] BASEHOCK_s4_Oblique_d6: acc=0.984962 train=24.1s best=4.885µs (25.6s, ETA 0.4h)
  [1200/1320] BASEHOCK_s4_Oblique_d8: acc=0.977444 train=51.9s best=7.772µs (53.3s, ETA 0.4h)
  downloading scikit-feature PCMAC from https://jundongl.github.io/scikit-feature/files/datasets/PCMAC.mat ...

=== Dataset PCMAC (skfeature:PCMAC) shape=(1943, 3290) regime=sparse-text ===
  [1201/1320] PCMAC_s0_AxisAligned_d3: acc=0.899743 train=1.8s best=0.185µs (2.7s, ETA 0.4h)
  [1202/1320] PCMAC_s0_AxisAligned_d4: acc=0.910026 train=3.9s best=0.379µs (4.8s, ETA 0.4h)
  [1203/1320] PCMAC_s0_AxisAligned_d5: acc=0.915167 train=7.3s best=0.532µs (8.2s, ETA 0.4h)
  [1204/1320] PCMAC_s0_AxisAligned_d6: acc=0.912596 train=11.3s best=0.589µs (12.2s, ETA 0.3h)
  [1205/1320] PCMAC_s0_AxisAligned_d7: acc=0.910026 train=15.7s best=0.720µs (16.6s, ETA 0.3h)
  [1206/1320] PCMAC_s0_AxisAligned_d8: acc=0.922879 train=20.9s best=0.821µs (21.9s, ETA 0.3h)
  [1207/1320] PCMAC_s0_AxisAligned_d10: acc=0.917738 train=32.6s best=1.046µs (33.6s, ETA 0.3h)
  [1208/1320] PCMAC_s0_Oblique_d3: acc=0.894602 train=2.7s best=1.316µs (3.6s, ETA 0.3h)
  [1209/1320] PCMAC_s0_Oblique_d4: acc=0.917738 train=5.8s best=2.047µs (6.8s, ETA 0.3h)
  [1210/1320] PCMAC_s0_Oblique_d5: acc=0.92545 train=9.8s best=2.947µs (10.7s, ETA 0.3h)
  [1211/1320] PCMAC_s0_Oblique_d6: acc=0.920308 train=15.5s best=3.929µs (16.4s, ETA 0.3h)
  [1212/1320] PCMAC_s0_Oblique_d8: acc=0.920308 train=30.0s best=6.194µs (31.0s, ETA 0.3h)
  [1213/1320] PCMAC_s1_AxisAligned_d3: acc=0.897172 train=1.7s best=0.178µs (2.7s, ETA 0.3h)
  [1214/1320] PCMAC_s1_AxisAligned_d4: acc=0.902314 train=4.0s best=0.321µs (4.9s, ETA 0.3h)
  [1215/1320] PCMAC_s1_AxisAligned_d5: acc=0.907455 train=7.5s best=0.535µs (8.4s, ETA 0.3h)
  [1216/1320] PCMAC_s1_AxisAligned_d6: acc=0.915167 train=10.5s best=0.620µs (11.5s, ETA 0.3h)
  [1217/1320] PCMAC_s1_AxisAligned_d7: acc=0.915167 train=14.9s best=0.743µs (15.8s, ETA 0.3h)
  [1218/1320] PCMAC_s1_AxisAligned_d8: acc=0.915167 train=20.1s best=0.846µs (21.1s, ETA 0.3h)
  [1219/1320] PCMAC_s1_AxisAligned_d10: acc=0.917738 train=32.1s best=1.097µs (33.1s, ETA 0.3h)
  [1220/1320] PCMAC_s1_Oblique_d3: acc=0.899743 train=2.6s best=1.298µs (3.5s, ETA 0.3h)
  [1221/1320] PCMAC_s1_Oblique_d4: acc=0.917738 train=5.4s best=2.204µs (6.3s, ETA 0.3h)
  [1222/1320] PCMAC_s1_Oblique_d5: acc=0.92545 train=9.9s best=3.030µs (10.9s, ETA 0.3h)
  [1223/1320] PCMAC_s1_Oblique_d6: acc=0.920308 train=15.6s best=3.978µs (16.6s, ETA 0.3h)
  [1224/1320] PCMAC_s1_Oblique_d8: acc=0.920308 train=28.8s best=6.260µs (29.8s, ETA 0.3h)
  [1225/1320] PCMAC_s2_AxisAligned_d3: acc=0.897172 train=1.7s best=0.187µs (2.6s, ETA 0.3h)
  [1226/1320] PCMAC_s2_AxisAligned_d4: acc=0.904884 train=3.8s best=0.324µs (4.8s, ETA 0.3h)
  [1227/1320] PCMAC_s2_AxisAligned_d5: acc=0.910026 train=6.8s best=0.559µs (7.7s, ETA 0.3h)
  [1228/1320] PCMAC_s2_AxisAligned_d6: acc=0.910026 train=10.3s best=0.596µs (11.3s, ETA 0.3h)
  [1229/1320] PCMAC_s2_AxisAligned_d7: acc=0.910026 train=14.5s best=0.712µs (15.4s, ETA 0.3h)
  [1230/1320] PCMAC_s2_AxisAligned_d8: acc=0.917738 train=19.1s best=0.818µs (20.1s, ETA 0.3h)
  [1231/1320] PCMAC_s2_AxisAligned_d10: acc=0.920308 train=32.2s best=1.097µs (33.2s, ETA 0.3h)
  [1232/1320] PCMAC_s2_Oblique_d3: acc=0.899743 train=2.7s best=1.305µs (3.6s, ETA 0.3h)
  [1233/1320] PCMAC_s2_Oblique_d4: acc=0.912596 train=5.6s best=2.060µs (6.5s, ETA 0.3h)
  [1234/1320] PCMAC_s2_Oblique_d5: acc=0.917738 train=10.3s best=2.947µs (11.2s, ETA 0.3h)
  [1235/1320] PCMAC_s2_Oblique_d6: acc=0.915167 train=15.2s best=3.963µs (16.2s, ETA 0.3h)
  [1236/1320] PCMAC_s2_Oblique_d8: acc=0.92545 train=26.7s best=6.024µs (27.7s, ETA 0.3h)
  [1237/1320] PCMAC_s3_AxisAligned_d3: acc=0.88946 train=1.7s best=0.182µs (2.6s, ETA 0.3h)
  [1238/1320] PCMAC_s3_AxisAligned_d4: acc=0.899743 train=3.8s best=0.324µs (4.7s, ETA 0.3h)
  [1239/1320] PCMAC_s3_AxisAligned_d5: acc=0.907455 train=6.7s best=0.519µs (7.6s, ETA 0.2h)
  [1240/1320] PCMAC_s3_AxisAligned_d6: acc=0.907455 train=10.7s best=0.604µs (11.6s, ETA 0.2h)
  [1241/1320] PCMAC_s3_AxisAligned_d7: acc=0.915167 train=15.2s best=0.759µs (16.2s, ETA 0.2h)
  [1242/1320] PCMAC_s3_AxisAligned_d8: acc=0.920308 train=20.3s best=0.851µs (21.3s, ETA 0.2h)
  [1243/1320] PCMAC_s3_AxisAligned_d10: acc=0.915167 train=32.4s best=1.078µs (33.4s, ETA 0.2h)
  [1244/1320] PCMAC_s3_Oblique_d3: acc=0.88946 train=2.5s best=1.358µs (3.4s, ETA 0.2h)
  [1245/1320] PCMAC_s3_Oblique_d4: acc=0.904884 train=5.5s best=2.183µs (6.4s, ETA 0.2h)
  [1246/1320] PCMAC_s3_Oblique_d5: acc=0.910026 train=9.8s best=3.068µs (10.7s, ETA 0.2h)
  [1247/1320] PCMAC_s3_Oblique_d6: acc=0.904884 train=15.3s best=4.139µs (16.3s, ETA 0.2h)
  [1248/1320] PCMAC_s3_Oblique_d8: acc=0.917738 train=27.1s best=6.394µs (28.1s, ETA 0.2h)
  [1249/1320] PCMAC_s4_AxisAligned_d3: acc=0.892031 train=1.7s best=0.168µs (2.6s, ETA 0.2h)
  [1250/1320] PCMAC_s4_AxisAligned_d4: acc=0.894602 train=3.9s best=0.351µs (4.8s, ETA 0.2h)
  [1251/1320] PCMAC_s4_AxisAligned_d5: acc=0.894602 train=7.0s best=0.544µs (7.9s, ETA 0.2h)
  [1252/1320] PCMAC_s4_AxisAligned_d6: acc=0.892031 train=10.9s best=0.618µs (11.8s, ETA 0.2h)
  [1253/1320] PCMAC_s4_AxisAligned_d7: acc=0.902314 train=15.5s best=0.655µs (16.4s, ETA 0.2h)
  [1254/1320] PCMAC_s4_AxisAligned_d8: acc=0.907455 train=21.2s best=0.858µs (22.2s, ETA 0.2h)
  [1255/1320] PCMAC_s4_AxisAligned_d10: acc=0.899743 train=31.9s best=1.046µs (32.8s, ETA 0.2h)
  [1256/1320] PCMAC_s4_Oblique_d3: acc=0.894602 train=2.7s best=1.331µs (3.6s, ETA 0.2h)
  [1257/1320] PCMAC_s4_Oblique_d4: acc=0.88946 train=5.3s best=2.111µs (6.3s, ETA 0.2h)
  [1258/1320] PCMAC_s4_Oblique_d5: acc=0.897172 train=9.6s best=3.014µs (10.5s, ETA 0.2h)
  [1259/1320] PCMAC_s4_Oblique_d6: acc=0.904884 train=16.2s best=4.088µs (17.2s, ETA 0.2h)
  [1260/1320] PCMAC_s4_Oblique_d8: acc=0.907455 train=30.5s best=6.040µs (31.5s, ETA 0.2h)
  downloading scikit-feature RELATHE from https://jundongl.github.io/scikit-feature/files/datasets/RELATHE.mat ...

=== Dataset RELATHE (skfeature:RELATHE) shape=(1427, 4323) regime=sparse-text ===
  [1261/1320] RELATHE_s0_AxisAligned_d3: acc=0.800699 train=1.9s best=0.253µs (2.9s, ETA 0.2h)
  [1262/1320] RELATHE_s0_AxisAligned_d4: acc=0.818182 train=4.7s best=0.416µs (5.8s, ETA 0.2h)
  [1263/1320] RELATHE_s0_AxisAligned_d5: acc=0.832168 train=8.3s best=0.553µs (9.4s, ETA 0.2h)
  [1264/1320] RELATHE_s0_AxisAligned_d6: acc=0.835664 train=12.9s best=0.628µs (14.0s, ETA 0.2h)
  [1265/1320] RELATHE_s0_AxisAligned_d7: acc=0.842657 train=18.5s best=0.781µs (19.6s, ETA 0.2h)
  [1266/1320] RELATHE_s0_AxisAligned_d8: acc=0.84965 train=25.3s best=0.869µs (26.4s, ETA 0.2h)
  [1267/1320] RELATHE_s0_AxisAligned_d10: acc=0.846154 train=39.3s best=1.081µs (40.5s, ETA 0.2h)
  [1268/1320] RELATHE_s0_Oblique_d3: acc=0.835664 train=3.3s best=1.236µs (4.4s, ETA 0.2h)
  [1269/1320] RELATHE_s0_Oblique_d4: acc=0.839161 train=7.2s best=2.135µs (8.3s, ETA 0.2h)
  [1270/1320] RELATHE_s0_Oblique_d5: acc=0.863636 train=12.4s best=3.098µs (13.5s, ETA 0.2h)
  [1271/1320] RELATHE_s0_Oblique_d6: acc=0.867133 train=19.8s best=4.231µs (20.9s, ETA 0.2h)
  [1272/1320] RELATHE_s0_Oblique_d8: acc=0.870629 train=36.3s best=6.677µs (37.5s, ETA 0.1h)
  [1273/1320] RELATHE_s1_AxisAligned_d3: acc=0.846154 train=1.8s best=0.258µs (2.9s, ETA 0.1h)
  [1274/1320] RELATHE_s1_AxisAligned_d4: acc=0.867133 train=4.5s best=0.421µs (5.6s, ETA 0.1h)
  [1275/1320] RELATHE_s1_AxisAligned_d5: acc=0.874126 train=8.3s best=0.539µs (9.4s, ETA 0.1h)
  [1276/1320] RELATHE_s1_AxisAligned_d6: acc=0.870629 train=12.9s best=0.617µs (13.9s, ETA 0.1h)
  [1277/1320] RELATHE_s1_AxisAligned_d7: acc=0.881119 train=18.1s best=0.811µs (19.2s, ETA 0.1h)
  [1278/1320] RELATHE_s1_AxisAligned_d8: acc=0.881119 train=24.8s best=0.900µs (25.9s, ETA 0.1h)
  [1279/1320] RELATHE_s1_AxisAligned_d10: acc=0.874126 train=35.4s best=1.165µs (36.5s, ETA 0.1h)
  [1280/1320] RELATHE_s1_Oblique_d3: acc=0.853147 train=3.2s best=1.312µs (4.3s, ETA 0.1h)
  [1281/1320] RELATHE_s1_Oblique_d4: acc=0.863636 train=7.1s best=2.128µs (8.2s, ETA 0.1h)
  [1282/1320] RELATHE_s1_Oblique_d5: acc=0.877622 train=12.1s best=2.970µs (13.2s, ETA 0.1h)
  [1283/1320] RELATHE_s1_Oblique_d6: acc=0.881119 train=18.8s best=4.066µs (19.9s, ETA 0.1h)
  [1284/1320] RELATHE_s1_Oblique_d8: acc=0.863636 train=35.9s best=6.663µs (37.1s, ETA 0.1h)
  [1285/1320] RELATHE_s2_AxisAligned_d3: acc=0.888112 train=1.8s best=0.274µs (2.9s, ETA 0.1h)
  [1286/1320] RELATHE_s2_AxisAligned_d4: acc=0.895105 train=4.5s best=0.419µs (5.6s, ETA 0.1h)
  [1287/1320] RELATHE_s2_AxisAligned_d5: acc=0.902098 train=8.2s best=0.540µs (9.3s, ETA 0.1h)
  [1288/1320] RELATHE_s2_AxisAligned_d6: acc=0.905594 train=13.5s best=0.642µs (14.6s, ETA 0.1h)
  [1289/1320] RELATHE_s2_AxisAligned_d7: acc=0.905594 train=17.9s best=0.742µs (19.0s, ETA 0.1h)
  [1290/1320] RELATHE_s2_AxisAligned_d8: acc=0.912587 train=23.7s best=0.859µs (24.8s, ETA 0.1h)
  [1291/1320] RELATHE_s2_AxisAligned_d10: acc=0.909091 train=36.5s best=1.154µs (37.6s, ETA 0.1h)
  [1292/1320] RELATHE_s2_Oblique_d3: acc=0.891608 train=3.3s best=1.319µs (4.4s, ETA 0.1h)
  [1293/1320] RELATHE_s2_Oblique_d4: acc=0.905594 train=7.1s best=2.231µs (8.2s, ETA 0.1h)
  [1294/1320] RELATHE_s2_Oblique_d5: acc=0.902098 train=13.2s best=3.162µs (14.3s, ETA 0.1h)
  [1295/1320] RELATHE_s2_Oblique_d6: acc=0.905594 train=19.4s best=4.236µs (20.5s, ETA 0.1h)
  [1296/1320] RELATHE_s2_Oblique_d8: acc=0.912587 train=36.5s best=6.926µs (37.7s, ETA 0.1h)
  [1297/1320] RELATHE_s3_AxisAligned_d3: acc=0.867133 train=1.9s best=0.270µs (3.0s, ETA 0.1h)
  [1298/1320] RELATHE_s3_AxisAligned_d4: acc=0.874126 train=4.7s best=0.418µs (5.8s, ETA 0.1h)
  [1299/1320] RELATHE_s3_AxisAligned_d5: acc=0.895105 train=8.4s best=0.553µs (9.5s, ETA 0.1h)
  [1300/1320] RELATHE_s3_AxisAligned_d6: acc=0.902098 train=13.3s best=0.668µs (14.4s, ETA 0.1h)
  [1301/1320] RELATHE_s3_AxisAligned_d7: acc=0.902098 train=18.9s best=0.804µs (20.0s, ETA 0.1h)
  [1302/1320] RELATHE_s3_AxisAligned_d8: acc=0.91958 train=25.0s best=0.928µs (26.1s, ETA 0.1h)
  [1303/1320] RELATHE_s3_AxisAligned_d10: acc=0.91958 train=38.5s best=1.225µs (39.6s, ETA 0.1h)
  [1304/1320] RELATHE_s3_Oblique_d3: acc=0.870629 train=3.1s best=1.317µs (4.2s, ETA 0.1h)
  [1305/1320] RELATHE_s3_Oblique_d4: acc=0.891608 train=6.6s best=2.108µs (7.7s, ETA 0.0h)
  [1306/1320] RELATHE_s3_Oblique_d5: acc=0.91958 train=13.1s best=3.076µs (14.2s, ETA 0.0h)
  [1307/1320] RELATHE_s3_Oblique_d6: acc=0.93007 train=20.3s best=4.209µs (21.4s, ETA 0.0h)
  [1308/1320] RELATHE_s3_Oblique_d8: acc=0.926573 train=38.4s best=6.738µs (39.5s, ETA 0.0h)
  [1309/1320] RELATHE_s4_AxisAligned_d3: acc=0.888112 train=1.8s best=0.273µs (2.9s, ETA 0.0h)
  [1310/1320] RELATHE_s4_AxisAligned_d4: acc=0.891608 train=4.5s best=0.438µs (5.6s, ETA 0.0h)
  [1311/1320] RELATHE_s4_AxisAligned_d5: acc=0.909091 train=8.2s best=0.553µs (9.3s, ETA 0.0h)
  [1312/1320] RELATHE_s4_AxisAligned_d6: acc=0.905594 train=12.6s best=0.657µs (13.7s, ETA 0.0h)
  [1313/1320] RELATHE_s4_AxisAligned_d7: acc=0.912587 train=17.6s best=0.818µs (18.7s, ETA 0.0h)
  [1314/1320] RELATHE_s4_AxisAligned_d8: acc=0.923077 train=25.3s best=0.941µs (26.4s, ETA 0.0h)
  [1315/1320] RELATHE_s4_AxisAligned_d10: acc=0.93007 train=35.1s best=1.252µs (36.2s, ETA 0.0h)
  [1316/1320] RELATHE_s4_Oblique_d3: acc=0.895105 train=3.2s best=1.312µs (4.3s, ETA 0.0h)
  [1317/1320] RELATHE_s4_Oblique_d4: acc=0.905594 train=7.2s best=2.123µs (8.3s, ETA 0.0h)
  [1318/1320] RELATHE_s4_Oblique_d5: acc=0.91958 train=12.7s best=3.224µs (13.9s, ETA 0.0h)
  [1319/1320] RELATHE_s4_Oblique_d6: acc=0.909091 train=20.0s best=4.354µs (21.1s, ETA 0.0h)
  [1320/1320] RELATHE_s4_Oblique_d8: acc=0.912587 train=37.0s best=7.017µs (38.2s, ETA 0.0h)

=== Done. 1320/1320 configs (369 skipped, 0 failed). Wall: 3.0h ===
