dataset,split_type,max_depth,seed,num_trees_requested,num_trees_final,shrinkage,num_proj_exp,density,max_num_proj,num_split_type,n_train,n_test,n_features,train_seconds,accuracy,log_loss,best_engine,best_us_per_ex,generic_us_per_ex,slow_us_per_ex,all_engines
climate-model-crashes,Axis Aligned,3,0,100,95,0.1,2.0,2.0,1000,Exact,432,108,20,0.052,0.898148,0.305792,GradientBoostedTreesQuickScorerExtended [virtual interface],0.2010,1.5365,2.2102,GradientBoostedTreesQuickScorerExtended [virtual interface]=0.2010;GradientBoostedTreesOptPred [virtual interface]=0.9367;GradientBoostedTreesGeneric [virtual interface]=1.5365;Generic slow engine=2.2102
climate-model-crashes,Axis Aligned,4,0,100,77,0.1,2.0,2.0,1000,Exact,432,108,20,0.074,0.898148,0.371502,GradientBoostedTreesQuickScorerExtended [virtual interface],0.3008,1.6330,3.0427,GradientBoostedTreesQuickScorerExtended [virtual interface]=0.3008;GradientBoostedTreesOptPred [virtual interface]=1.0250;GradientBoostedTreesGeneric [virtual interface]=1.6330;Generic slow engine=3.0427
climate-model-crashes,Axis Aligned,5,0,100,42,0.1,2.0,2.0,1000,Exact,432,108,20,0.082,0.898148,0.356357,GradientBoostedTreesQuickScorerExtended [virtual interface],0.2923,0.9918,2.3730,GradientBoostedTreesQuickScorerExtended [virtual interface]=0.2923;GradientBoostedTreesOptPred [virtual interface]=0.5305;GradientBoostedTreesGeneric [virtual interface]=0.9918;Generic slow engine=2.3730
climate-model-crashes,Axis Aligned,6,0,100,24,0.1,2.0,2.0,1000,Exact,432,108,20,0.092,0.888889,0.330266,GradientBoostedTreesOptPred [virtual interface],0.1705,0.5617,1.6960,GradientBoostedTreesOptPred [virtual interface]=0.1705;GradientBoostedTreesQuickScorerExtended [virtual interface]=0.2717;GradientBoostedTreesGeneric [virtual interface]=0.5617;Generic slow engine=1.6960
climate-model-crashes,Axis Aligned,7,0,100,34,0.1,2.0,2.0,1000,Exact,432,108,20,0.154,0.898148,0.401444,GradientBoostedTreesQuickScorerExtended [virtual interface],0.4188,0.9808,3.5707,GradientBoostedTreesQuickScorerExtended [virtual interface]=0.4188;GradientBoostedTreesOptPred [virtual interface]=0.4805;GradientBoostedTreesGeneric [virtual interface]=0.9808;Generic slow engine=3.5707
climate-model-crashes,Axis Aligned,8,0,100,26,0.1,2.0,2.0,1000,Exact,432,108,20,0.165,0.907407,0.368332,GradientBoostedTreesOptPred [virtual interface],0.3807,0.8357,3.0860,GradientBoostedTreesOptPred [virtual interface]=0.3807;GradientBoostedTreesQuickScorerExtended [virtual interface]=0.4062;GradientBoostedTreesGeneric [virtual interface]=0.8357;Generic slow engine=3.0860
climate-model-crashes,Axis Aligned,10,0,100,30,0.1,2.0,2.0,1000,Exact,432,108,20,0.238,0.907407,0.388092,GradientBoostedTreesQuickScorerExtended [virtual interface],0.5035,1.2497,4.7492,GradientBoostedTreesQuickScorerExtended [virtual interface]=0.5035;GradientBoostedTreesOptPred [virtual interface]=0.6430;GradientBoostedTreesGeneric [virtual interface]=1.2497;Generic slow engine=4.7492
climate-model-crashes,Oblique,3,0,100,51,0.1,2.0,2.0,1000,Exact,432,108,20,0.087,0.898148,0.261259,GradientBoostedTreesGeneric [virtual interface],0.6430,0.6430,2.2178,GradientBoostedTreesGeneric [virtual interface]=0.6430;Generic slow engine=2.2178
climate-model-crashes,Oblique,4,0,100,37,0.1,2.0,2.0,1000,Exact,432,108,20,0.110,0.898148,0.314989,GradientBoostedTreesGeneric [virtual interface],0.6830,0.6830,2.6963,GradientBoostedTreesGeneric [virtual interface]=0.6830;Generic slow engine=2.6963
climate-model-crashes,Oblique,5,0,100,43,0.1,2.0,2.0,1000,Exact,432,108,20,0.176,0.898148,0.299857,GradientBoostedTreesGeneric [virtual interface],1.1613,1.1613,4.8550,GradientBoostedTreesGeneric [virtual interface]=1.1613;Generic slow engine=4.8550
climate-model-crashes,Oblique,6,0,100,34,0.1,2.0,2.0,1000,Exact,432,108,20,0.209,0.907407,0.31155,GradientBoostedTreesGeneric [virtual interface],1.0588,1.0588,5.1143,GradientBoostedTreesGeneric [virtual interface]=1.0588;Generic slow engine=5.1143
climate-model-crashes,Oblique,8,0,100,44,0.1,2.0,2.0,1000,Exact,432,108,20,0.386,0.898148,0.381211,GradientBoostedTreesGeneric [virtual interface],2.1145,2.1145,9.2115,GradientBoostedTreesGeneric [virtual interface]=2.1145;Generic slow engine=9.2115
climate-model-crashes,Axis Aligned,3,1,100,52,0.1,2.0,2.0,1000,Exact,432,108,20,0.043,0.898148,0.347443,GradientBoostedTreesQuickScorerExtended [virtual interface],0.0993,0.6188,1.0988,GradientBoostedTreesQuickScorerExtended [virtual interface]=0.0993;GradientBoostedTreesOptPred [virtual interface]=0.1965;GradientBoostedTreesGeneric [virtual interface]=0.6188;Generic slow engine=1.0988
climate-model-crashes,Axis Aligned,4,1,100,30,0.1,2.0,2.0,1000,Exact,432,108,20,0.043,0.87963,0.366463,GradientBoostedTreesQuickScorerExtended [virtual interface],0.1230,0.4183,1.0180,GradientBoostedTreesQuickScorerExtended [virtual interface]=0.1230;GradientBoostedTreesOptPred [virtual interface]=0.1462;GradientBoostedTreesGeneric [virtual interface]=0.4183;Generic slow engine=1.0180
climate-model-crashes,Axis Aligned,5,1,100,18,0.1,2.0,2.0,1000,Exact,432,108,20,0.052,0.87963,0.350186,GradientBoostedTreesOptPred [virtual interface],0.1032,0.2838,0.7177,GradientBoostedTreesOptPred [virtual interface]=0.1032;GradientBoostedTreesQuickScorerExtended [virtual interface]=0.1045;GradientBoostedTreesGeneric [virtual interface]=0.2838;Generic slow engine=0.7177
climate-model-crashes,Axis Aligned,6,1,100,26,0.1,2.0,2.0,1000,Exact,432,108,20,0.086,0.87037,0.390009,GradientBoostedTreesOptPred [virtual interface],0.1660,0.5875,1.7458,GradientBoostedTreesOptPred [virtual interface]=0.1660;GradientBoostedTreesQuickScorerExtended [virtual interface]=0.2032;GradientBoostedTreesGeneric [virtual interface]=0.5875;Generic slow engine=1.7458
climate-model-crashes,Axis Aligned,7,1,100,33,0.1,2.0,2.0,1000,Exact,432,108,20,0.132,0.87037,0.423303,GradientBoostedTreesQuickScorerExtended [virtual interface],0.3352,0.9280,3.1825,GradientBoostedTreesQuickScorerExtended [virtual interface]=0.3352;GradientBoostedTreesOptPred [virtual interface]=0.4512;GradientBoostedTreesGeneric [virtual interface]=0.9280;Generic slow engine=3.1825
climate-model-crashes,Axis Aligned,8,1,100,36,0.1,2.0,2.0,1000,Exact,432,108,20,0.183,0.861111,0.487689,GradientBoostedTreesQuickScorerExtended [virtual interface],0.4665,1.3063,4.1445,GradientBoostedTreesQuickScorerExtended [virtual interface]=0.4665;GradientBoostedTreesOptPred [virtual interface]=0.7662;GradientBoostedTreesGeneric [virtual interface]=1.3063;Generic slow engine=4.1445
climate-model-crashes,Axis Aligned,10,1,100,24,0.1,2.0,2.0,1000,Exact,432,108,20,0.210,0.861111,0.427244,GradientBoostedTreesOptPred [virtual interface],0.3613,0.8213,3.4463,GradientBoostedTreesOptPred [virtual interface]=0.3613;GradientBoostedTreesQuickScorerExtended [virtual interface]=0.4062;GradientBoostedTreesGeneric [virtual interface]=0.8213;Generic slow engine=3.4463
climate-model-crashes,Oblique,3,1,100,31,0.1,2.0,2.0,1000,Exact,432,108,20,0.067,0.888889,0.325638,GradientBoostedTreesGeneric [virtual interface],0.4070,0.4070,1.1362,GradientBoostedTreesGeneric [virtual interface]=0.4070;Generic slow engine=1.1362
climate-model-crashes,Oblique,4,1,100,30,0.1,2.0,2.0,1000,Exact,432,108,20,0.103,0.87963,0.354207,GradientBoostedTreesGeneric [virtual interface],0.5262,0.5262,2.0408,GradientBoostedTreesGeneric [virtual interface]=0.5262;Generic slow engine=2.0408
climate-model-crashes,Oblique,5,1,100,25,0.1,2.0,2.0,1000,Exact,432,108,20,0.131,0.87963,0.350372,GradientBoostedTreesGeneric [virtual interface],0.5675,0.5675,2.5188,GradientBoostedTreesGeneric [virtual interface]=0.5675;Generic slow engine=2.5188
climate-model-crashes,Oblique,6,1,100,20,0.1,2.0,2.0,1000,Exact,432,108,20,0.167,0.87037,0.378782,GradientBoostedTreesGeneric [virtual interface],0.5620,0.5620,2.6335,GradientBoostedTreesGeneric [virtual interface]=0.5620;Generic slow engine=2.6335
climate-model-crashes,Oblique,8,1,100,18,0.1,2.0,2.0,1000,Exact,432,108,20,0.223,0.87037,0.374727,GradientBoostedTreesGeneric [virtual interface],0.6887,0.6887,3.7228,GradientBoostedTreesGeneric [virtual interface]=0.6887;Generic slow engine=3.7228
climate-model-crashes,Axis Aligned,3,2,100,68,0.1,2.0,2.0,1000,Exact,432,108,20,0.049,0.898148,0.300799,GradientBoostedTreesQuickScorerExtended [virtual interface],0.1452,0.9383,1.6633,GradientBoostedTreesQuickScorerExtended [virtual interface]=0.1452;GradientBoostedTreesOptPred [virtual interface]=0.4300;GradientBoostedTreesGeneric [virtual interface]=0.9383;Generic slow engine=1.6633
climate-model-crashes,Axis Aligned,4,2,100,11,0.1,2.0,2.0,1000,Exact,432,108,20,0.030,0.898148,0.293789,GradientBoostedTreesOptPred [virtual interface],0.0473,0.1480,0.2913,GradientBoostedTreesOptPred [virtual interface]=0.0473;GradientBoostedTreesQuickScorerExtended [virtual interface]=0.0698;GradientBoostedTreesGeneric [virtual interface]=0.1480;Generic slow engine=0.2913
climate-model-crashes,Axis Aligned,5,2,100,25,0.1,2.0,2.0,1000,Exact,432,108,20,0.062,0.907407,0.30898,GradientBoostedTreesQuickScorerExtended [virtual interface],0.1628,0.4627,1.2170,GradientBoostedTreesQuickScorerExtended [virtual interface]=0.1628;GradientBoostedTreesOptPred [virtual interface]=0.1765;GradientBoostedTreesGeneric [virtual interface]=0.4627;Generic slow engine=1.2170
climate-model-crashes,Axis Aligned,6,2,100,26,0.1,2.0,2.0,1000,Exact,432,108,20,0.089,0.898148,0.344894,GradientBoostedTreesOptPred [virtual interface],0.1825,0.6038,1.8217,GradientBoostedTreesOptPred [virtual interface]=0.1825;GradientBoostedTreesQuickScorerExtended [virtual interface]=0.2330;GradientBoostedTreesGeneric [virtual interface]=0.6038;Generic slow engine=1.8217
climate-model-crashes,Axis Aligned,7,2,100,15,0.1,2.0,2.0,1000,Exact,432,108,20,0.095,0.888889,0.347879,GradientBoostedTreesOptPred [virtual interface],0.1060,0.3252,1.1202,GradientBoostedTreesOptPred [virtual interface]=0.1060;GradientBoostedTreesQuickScorerExtended [virtual interface]=0.1933;GradientBoostedTreesGeneric [virtual interface]=0.3252;Generic slow engine=1.1202
climate-model-crashes,Axis Aligned,8,2,100,13,0.1,2.0,2.0,1000,Exact,432,108,20,0.106,0.888889,0.3644,GradientBoostedTreesOptPred [virtual interface],0.0953,0.2938,1.0880,GradientBoostedTreesOptPred [virtual interface]=0.0953;GradientBoostedTreesQuickScorerExtended [virtual interface]=0.1742;GradientBoostedTreesGeneric [virtual interface]=0.2938;Generic slow engine=1.0880
climate-model-crashes,Axis Aligned,10,2,100,12,0.1,2.0,2.0,1000,Exact,432,108,20,0.140,0.898148,0.362857,GradientBoostedTreesOptPred [virtual interface],0.1100,0.2910,1.1542,GradientBoostedTreesOptPred [virtual interface]=0.1100;GradientBoostedTreesQuickScorerExtended [virtual interface]=0.2052;GradientBoostedTreesGeneric [virtual interface]=0.2910;Generic slow engine=1.1542
climate-model-crashes,Oblique,3,2,100,78,0.1,2.0,2.0,1000,Exact,432,108,20,0.111,0.87963,0.289673,GradientBoostedTreesGeneric [virtual interface],0.9765,0.9765,3.4617,GradientBoostedTreesGeneric [virtual interface]=0.9765;Generic slow engine=3.4617
climate-model-crashes,Oblique,4,2,100,11,0.1,2.0,2.0,1000,Exact,432,108,20,0.068,0.87037,0.279606,GradientBoostedTreesGeneric [virtual interface],0.2050,0.2050,0.5600,GradientBoostedTreesGeneric [virtual interface]=0.2050;Generic slow engine=0.5600
climate-model-crashes,Oblique,5,2,100,30,0.1,2.0,2.0,1000,Exact,432,108,20,0.133,0.87037,0.317326,GradientBoostedTreesGeneric [virtual interface],0.7005,0.7005,3.1260,GradientBoostedTreesGeneric [virtual interface]=0.7005;Generic slow engine=3.1260
climate-model-crashes,Oblique,6,2,100,11,0.1,2.0,2.0,1000,Exact,432,108,20,0.130,0.87037,0.317541,GradientBoostedTreesGeneric [virtual interface],0.3130,0.3130,1.1278,GradientBoostedTreesGeneric [virtual interface]=0.3130;Generic slow engine=1.1278
climate-model-crashes,Oblique,8,2,100,17,0.1,2.0,2.0,1000,Exact,432,108,20,0.227,0.87037,0.323292,GradientBoostedTreesGeneric [virtual interface],0.6352,0.6352,3.2380,GradientBoostedTreesGeneric [virtual interface]=0.6352;Generic slow engine=3.2380
climate-model-crashes,Axis Aligned,3,3,100,11,0.1,2.0,2.0,1000,Exact,432,108,20,0.022,0.935185,0.209946,GradientBoostedTreesOptPred [virtual interface],0.0333,0.0970,0.1867,GradientBoostedTreesOptPred [virtual interface]=0.0333;GradientBoostedTreesQuickScorerExtended [virtual interface]=0.0390;GradientBoostedTreesGeneric [virtual interface]=0.0970;Generic slow engine=0.1867
climate-model-crashes,Axis Aligned,4,3,100,13,0.1,2.0,2.0,1000,Exact,432,108,20,0.034,0.916667,0.197794,GradientBoostedTreesOptPred [virtual interface],0.0515,0.1762,0.3357,GradientBoostedTreesOptPred [virtual interface]=0.0515;GradientBoostedTreesQuickScorerExtended [virtual interface]=0.0707;GradientBoostedTreesGeneric [virtual interface]=0.1762;Generic slow engine=0.3357
climate-model-crashes,Axis Aligned,5,3,100,15,0.1,2.0,2.0,1000,Exact,432,108,20,0.057,0.916667,0.218412,GradientBoostedTreesOptPred [virtual interface],0.0755,0.2970,0.6170,GradientBoostedTreesOptPred [virtual interface]=0.0755;GradientBoostedTreesQuickScorerExtended [virtual interface]=0.1293;GradientBoostedTreesGeneric [virtual interface]=0.2970;Generic slow engine=0.6170
climate-model-crashes,Axis Aligned,6,3,100,11,0.1,2.0,2.0,1000,Exact,432,108,20,0.073,0.916667,0.24575,GradientBoostedTreesOptPred [virtual interface],0.0695,0.2293,0.6325,GradientBoostedTreesOptPred [virtual interface]=0.0695;GradientBoostedTreesQuickScorerExtended [virtual interface]=0.1220;GradientBoostedTreesGeneric [virtual interface]=0.2293;Generic slow engine=0.6325
climate-model-crashes,Axis Aligned,7,3,100,11,0.1,2.0,2.0,1000,Exact,432,108,20,0.102,0.916667,0.248051,GradientBoostedTreesOptPred [virtual interface],0.0818,0.2502,0.9383,GradientBoostedTreesOptPred [virtual interface]=0.0818;GradientBoostedTreesQuickScorerExtended [virtual interface]=0.1593;GradientBoostedTreesGeneric [virtual interface]=0.2502;Generic slow engine=0.9383
climate-model-crashes,Axis Aligned,8,3,100,11,0.1,2.0,2.0,1000,Exact,432,108,20,0.125,0.916667,0.227458,GradientBoostedTreesOptPred [virtual interface],0.0823,0.3088,0.9955,GradientBoostedTreesOptPred [virtual interface]=0.0823;GradientBoostedTreesQuickScorerExtended [virtual interface]=0.1875;GradientBoostedTreesGeneric [virtual interface]=0.3088;Generic slow engine=0.9955
climate-model-crashes,Axis Aligned,10,3,100,11,0.1,2.0,2.0,1000,Exact,432,108,20,0.178,0.907407,0.255867,GradientBoostedTreesOptPred [virtual interface],0.1240,0.3438,1.2920,GradientBoostedTreesOptPred [virtual interface]=0.1240;GradientBoostedTreesQuickScorerExtended [virtual interface]=0.2268;GradientBoostedTreesGeneric [virtual interface]=0.3438;Generic slow engine=1.2920
climate-model-crashes,Oblique,3,3,100,12,0.1,2.0,2.0,1000,Exact,432,108,20,0.047,0.935185,0.184666,GradientBoostedTreesGeneric [virtual interface],0.1450,0.1450,0.3412,GradientBoostedTreesGeneric [virtual interface]=0.1450;Generic slow engine=0.3412
climate-model-crashes,Oblique,4,3,100,46,0.1,2.0,2.0,1000,Exact,432,108,20,0.125,0.935185,0.215171,GradientBoostedTreesGeneric [virtual interface],0.8530,0.8530,3.3693,GradientBoostedTreesGeneric [virtual interface]=0.8530;Generic slow engine=3.3693
climate-model-crashes,Oblique,5,3,100,24,0.1,2.0,2.0,1000,Exact,432,108,20,0.129,0.925926,0.209669,GradientBoostedTreesGeneric [virtual interface],0.5695,0.5695,2.3680,GradientBoostedTreesGeneric [virtual interface]=0.5695;Generic slow engine=2.3680
climate-model-crashes,Oblique,6,3,100,14,0.1,2.0,2.0,1000,Exact,432,108,20,0.148,0.925926,0.214013,GradientBoostedTreesGeneric [virtual interface],0.3772,0.3772,1.7278,GradientBoostedTreesGeneric [virtual interface]=0.3772;Generic slow engine=1.7278
climate-model-crashes,Oblique,8,3,100,12,0.1,2.0,2.0,1000,Exact,432,108,20,0.205,0.925926,0.19867,GradientBoostedTreesGeneric [virtual interface],0.4293,0.4293,2.1565,GradientBoostedTreesGeneric [virtual interface]=0.4293;Generic slow engine=2.1565
climate-model-crashes,Axis Aligned,3,4,100,100,0.1,2.0,2.0,1000,Exact,432,108,20,0.050,0.972222,0.126102,GradientBoostedTreesQuickScorerExtended [virtual interface],0.2028,1.6400,2.3563,GradientBoostedTreesQuickScorerExtended [virtual interface]=0.2028;GradientBoostedTreesOptPred [virtual interface]=0.9705;GradientBoostedTreesGeneric [virtual interface]=1.6400;Generic slow engine=2.3563
climate-model-crashes,Axis Aligned,4,4,100,34,0.1,2.0,2.0,1000,Exact,432,108,20,0.049,0.935185,0.132587,GradientBoostedTreesQuickScorerExtended [virtual interface],0.1430,0.5930,1.1118,GradientBoostedTreesQuickScorerExtended [virtual interface]=0.1430;GradientBoostedTreesOptPred [virtual interface]=0.2308;GradientBoostedTreesGeneric [virtual interface]=0.5930;Generic slow engine=1.1118
climate-model-crashes,Axis Aligned,5,4,100,14,0.1,2.0,2.0,1000,Exact,432,108,20,0.052,0.935185,0.155237,GradientBoostedTreesOptPred [virtual interface],0.0698,0.2228,0.5490,GradientBoostedTreesOptPred [virtual interface]=0.0698;GradientBoostedTreesQuickScorerExtended [virtual interface]=0.1022;GradientBoostedTreesGeneric [virtual interface]=0.2228;Generic slow engine=0.5490
climate-model-crashes,Axis Aligned,6,4,100,29,0.1,2.0,2.0,1000,Exact,432,108,20,0.097,0.944444,0.151685,GradientBoostedTreesQuickScorerExtended [virtual interface],0.2873,0.7418,2.4062,GradientBoostedTreesQuickScorerExtended [virtual interface]=0.2873;GradientBoostedTreesOptPred [virtual interface]=0.2883;GradientBoostedTreesGeneric [virtual interface]=0.7418;Generic slow engine=2.4062
climate-model-crashes,Axis Aligned,7,4,100,12,0.1,2.0,2.0,1000,Exact,432,108,20,0.103,0.935185,0.173913,GradientBoostedTreesOptPred [virtual interface],0.0855,0.2620,1.0205,GradientBoostedTreesOptPred [virtual interface]=0.0855;GradientBoostedTreesQuickScorerExtended [virtual interface]=0.1530;GradientBoostedTreesGeneric [virtual interface]=0.2620;Generic slow engine=1.0205
climate-model-crashes,Axis Aligned,8,4,100,12,0.1,2.0,2.0,1000,Exact,432,108,20,0.122,0.935185,0.172964,GradientBoostedTreesOptPred [virtual interface],0.0975,0.2935,1.0235,GradientBoostedTreesOptPred [virtual interface]=0.0975;GradientBoostedTreesQuickScorerExtended [virtual interface]=0.2000;GradientBoostedTreesGeneric [virtual interface]=0.2935;Generic slow engine=1.0235
climate-model-crashes,Axis Aligned,10,4,100,19,0.1,2.0,2.0,1000,Exact,432,108,20,0.202,0.944444,0.158877,GradientBoostedTreesOptPred [virtual interface],0.2995,0.6587,2.6713,GradientBoostedTreesOptPred [virtual interface]=0.2995;GradientBoostedTreesQuickScorerExtended [virtual interface]=0.3518;GradientBoostedTreesGeneric [virtual interface]=0.6587;Generic slow engine=2.6713
climate-model-crashes,Oblique,3,4,100,74,0.1,2.0,2.0,1000,Exact,432,108,20,0.108,0.944444,0.138952,GradientBoostedTreesGeneric [virtual interface],0.9445,0.9445,3.1815,GradientBoostedTreesGeneric [virtual interface]=0.9445;Generic slow engine=3.1815
climate-model-crashes,Oblique,4,4,100,20,0.1,2.0,2.0,1000,Exact,432,108,20,0.082,0.944444,0.1674,GradientBoostedTreesGeneric [virtual interface],0.3585,0.3585,1.0975,GradientBoostedTreesGeneric [virtual interface]=0.3585;Generic slow engine=1.0975
climate-model-crashes,Oblique,5,4,100,41,0.1,2.0,2.0,1000,Exact,432,108,20,0.170,0.944444,0.156779,GradientBoostedTreesGeneric [virtual interface],1.0713,1.0713,4.6413,GradientBoostedTreesGeneric [virtual interface]=1.0713;Generic slow engine=4.6413
climate-model-crashes,Oblique,6,4,100,25,0.1,2.0,2.0,1000,Exact,432,108,20,0.173,0.935185,0.143584,GradientBoostedTreesGeneric [virtual interface],0.7850,0.7850,3.6615,GradientBoostedTreesGeneric [virtual interface]=0.7850;Generic slow engine=3.6615
climate-model-crashes,Oblique,8,4,100,16,0.1,2.0,2.0,1000,Exact,432,108,20,0.235,0.935185,0.169651,GradientBoostedTreesGeneric [virtual interface],0.5933,0.5933,3.3020,GradientBoostedTreesGeneric [virtual interface]=0.5933;Generic slow engine=3.3020
climate-model-crashes,Axis Aligned,3,5,100,92,0.1,2.0,2.0,1000,Exact,432,108,20,0.050,0.898148,0.273827,GradientBoostedTreesQuickScorerExtended [virtual interface],0.1630,1.4405,2.1935,GradientBoostedTreesQuickScorerExtended [virtual interface]=0.1630;GradientBoostedTreesOptPred [virtual interface]=0.6512;GradientBoostedTreesGeneric [virtual interface]=1.4405;Generic slow engine=2.1935
climate-model-crashes,Axis Aligned,4,5,100,38,0.1,2.0,2.0,1000,Exact,432,108,20,0.051,0.925926,0.248263,GradientBoostedTreesQuickScorerExtended [virtual interface],0.1477,0.6370,1.3175,GradientBoostedTreesQuickScorerExtended [virtual interface]=0.1477;GradientBoostedTreesOptPred [virtual interface]=0.2930;GradientBoostedTreesGeneric [virtual interface]=0.6370;Generic slow engine=1.3175
climate-model-crashes,Axis Aligned,5,5,100,38,0.1,2.0,2.0,1000,Exact,432,108,20,0.076,0.916667,0.263017,GradientBoostedTreesQuickScorerExtended [virtual interface],0.2492,0.8435,2.0798,GradientBoostedTreesQuickScorerExtended [virtual interface]=0.2492;GradientBoostedTreesOptPred [virtual interface]=0.4047;GradientBoostedTreesGeneric [virtual interface]=0.8435;Generic slow engine=2.0798
climate-model-crashes,Axis Aligned,6,5,100,26,0.1,2.0,2.0,1000,Exact,432,108,20,0.098,0.925926,0.276438,GradientBoostedTreesOptPred [virtual interface],0.1950,0.6200,1.9125,GradientBoostedTreesOptPred [virtual interface]=0.1950;GradientBoostedTreesQuickScorerExtended [virtual interface]=0.2792;GradientBoostedTreesGeneric [virtual interface]=0.6200;Generic slow engine=1.9125
climate-model-crashes,Axis Aligned,7,5,100,48,0.1,2.0,2.0,1000,Exact,432,108,20,0.177,0.916667,0.350163,GradientBoostedTreesQuickScorerExtended [virtual interface],0.5475,1.7508,4.9535,GradientBoostedTreesQuickScorerExtended [virtual interface]=0.5475;GradientBoostedTreesOptPred [virtual interface]=1.0440;GradientBoostedTreesGeneric [virtual interface]=1.7508;Generic slow engine=4.9535
climate-model-crashes,Axis Aligned,8,5,100,33,0.1,2.0,2.0,1000,Exact,432,108,20,0.178,0.898148,0.318284,GradientBoostedTreesQuickScorerExtended [virtual interface],0.4275,1.1185,4.1087,GradientBoostedTreesQuickScorerExtended [virtual interface]=0.4275;GradientBoostedTreesOptPred [virtual interface]=0.6410;GradientBoostedTreesGeneric [virtual interface]=1.1185;Generic slow engine=4.1087
climate-model-crashes,Axis Aligned,10,5,100,25,0.1,2.0,2.0,1000,Exact,432,108,20,0.214,0.916667,0.31253,GradientBoostedTreesOptPred [virtual interface],0.4245,0.9357,3.9435,GradientBoostedTreesOptPred [virtual interface]=0.4245;GradientBoostedTreesQuickScorerExtended [virtual interface]=0.4325;GradientBoostedTreesGeneric [virtual interface]=0.9357;Generic slow engine=3.9435
climate-model-crashes,Oblique,3,5,100,35,0.1,2.0,2.0,1000,Exact,432,108,20,0.072,0.925926,0.226758,GradientBoostedTreesGeneric [virtual interface],0.4537,0.4537,1.2683,GradientBoostedTreesGeneric [virtual interface]=0.4537;Generic slow engine=1.2683
climate-model-crashes,Oblique,4,5,100,33,0.1,2.0,2.0,1000,Exact,432,108,20,0.104,0.907407,0.233362,GradientBoostedTreesGeneric [virtual interface],0.6230,0.6230,2.4728,GradientBoostedTreesGeneric [virtual interface]=0.6230;Generic slow engine=2.4728
climate-model-crashes,Oblique,5,5,100,21,0.1,2.0,2.0,1000,Exact,432,108,20,0.133,0.944444,0.221579,GradientBoostedTreesGeneric [virtual interface],0.5125,0.5125,2.0325,GradientBoostedTreesGeneric [virtual interface]=0.5125;Generic slow engine=2.0325
climate-model-crashes,Oblique,6,5,100,19,0.1,2.0,2.0,1000,Exact,432,108,20,0.157,0.916667,0.253723,GradientBoostedTreesGeneric [virtual interface],0.5310,0.5310,2.5755,GradientBoostedTreesGeneric [virtual interface]=0.5310;Generic slow engine=2.5755
climate-model-crashes,Oblique,8,5,100,15,0.1,2.0,2.0,1000,Exact,432,108,20,0.233,0.916667,0.258622,GradientBoostedTreesGeneric [virtual interface],0.5985,0.5985,2.9500,GradientBoostedTreesGeneric [virtual interface]=0.5985;Generic slow engine=2.9500
climate-model-crashes,Axis Aligned,3,6,100,15,0.1,2.0,2.0,1000,Exact,432,108,20,0.023,0.898148,0.241031,GradientBoostedTreesOptPred [virtual interface],0.0465,0.1393,0.2435,GradientBoostedTreesOptPred [virtual interface]=0.0465;GradientBoostedTreesQuickScorerExtended [virtual interface]=0.0490;GradientBoostedTreesGeneric [virtual interface]=0.1393;Generic slow engine=0.2435
climate-model-crashes,Axis Aligned,4,6,100,11,0.1,2.0,2.0,1000,Exact,432,108,20,0.031,0.907407,0.252693,GradientBoostedTreesOptPred [virtual interface],0.0478,0.1420,0.2910,GradientBoostedTreesOptPred [virtual interface]=0.0478;GradientBoostedTreesQuickScorerExtended [virtual interface]=0.0625;GradientBoostedTreesGeneric [virtual interface]=0.1420;Generic slow engine=0.2910
climate-model-crashes,Axis Aligned,5,6,100,13,0.1,2.0,2.0,1000,Exact,432,108,20,0.054,0.898148,0.254038,GradientBoostedTreesOptPred [virtual interface],0.0707,0.2238,0.5533,GradientBoostedTreesOptPred [virtual interface]=0.0707;GradientBoostedTreesQuickScorerExtended [virtual interface]=0.1013;GradientBoostedTreesGeneric [virtual interface]=0.2238;Generic slow engine=0.5533
climate-model-crashes,Axis Aligned,6,6,100,11,0.1,2.0,2.0,1000,Exact,432,108,20,0.074,0.898148,0.269201,GradientBoostedTreesOptPred [virtual interface],0.0693,0.2367,0.6235,GradientBoostedTreesOptPred [virtual interface]=0.0693;GradientBoostedTreesQuickScorerExtended [virtual interface]=0.1075;GradientBoostedTreesGeneric [virtual interface]=0.2367;Generic slow engine=0.6235
climate-model-crashes,Axis Aligned,7,6,100,11,0.1,2.0,2.0,1000,Exact,432,108,20,0.100,0.888889,0.264269,GradientBoostedTreesOptPred [virtual interface],0.0725,0.2505,0.7843,GradientBoostedTreesOptPred [virtual interface]=0.0725;GradientBoostedTreesQuickScorerExtended [virtual interface]=0.1432;GradientBoostedTreesGeneric [virtual interface]=0.2505;Generic slow engine=0.7843
climate-model-crashes,Axis Aligned,8,6,100,11,0.1,2.0,2.0,1000,Exact,432,108,20,0.128,0.87037,0.279126,GradientBoostedTreesOptPred [virtual interface],0.0767,0.2843,0.9290,GradientBoostedTreesOptPred [virtual interface]=0.0767;GradientBoostedTreesQuickScorerExtended [virtual interface]=0.2710;GradientBoostedTreesGeneric [virtual interface]=0.2843;Generic slow engine=0.9290
climate-model-crashes,Axis Aligned,10,6,100,11,0.1,2.0,2.0,1000,Exact,432,108,20,0.169,0.87037,0.281778,GradientBoostedTreesOptPred [virtual interface],0.0862,0.3030,1.2063,GradientBoostedTreesOptPred [virtual interface]=0.0862;GradientBoostedTreesQuickScorerExtended [virtual interface]=0.1975;GradientBoostedTreesGeneric [virtual interface]=0.3030;Generic slow engine=1.2063
climate-model-crashes,Oblique,3,6,100,11,0.1,2.0,2.0,1000,Exact,432,108,20,0.045,0.916667,0.24019,GradientBoostedTreesGeneric [virtual interface],0.1390,0.1390,0.3432,GradientBoostedTreesGeneric [virtual interface]=0.1390;Generic slow engine=0.3432
climate-model-crashes,Oblique,4,6,100,16,0.1,2.0,2.0,1000,Exact,432,108,20,0.078,0.907407,0.233763,GradientBoostedTreesGeneric [virtual interface],0.2760,0.2760,0.8608,GradientBoostedTreesGeneric [virtual interface]=0.2760;Generic slow engine=0.8608
climate-model-crashes,Oblique,5,6,100,13,0.1,2.0,2.0,1000,Exact,432,108,20,0.102,0.888889,0.228158,GradientBoostedTreesGeneric [virtual interface],0.2893,0.2893,1.0132,GradientBoostedTreesGeneric [virtual interface]=0.2893;Generic slow engine=1.0132
climate-model-crashes,Oblique,6,6,100,11,0.1,2.0,2.0,1000,Exact,432,108,20,0.138,0.907407,0.253376,GradientBoostedTreesGeneric [virtual interface],0.3093,0.3093,1.1700,GradientBoostedTreesGeneric [virtual interface]=0.3093;Generic slow engine=1.1700
climate-model-crashes,Oblique,8,6,100,11,0.1,2.0,2.0,1000,Exact,432,108,20,0.203,0.916667,0.248227,GradientBoostedTreesGeneric [virtual interface],0.4050,0.4050,1.8420,GradientBoostedTreesGeneric [virtual interface]=0.4050;Generic slow engine=1.8420
climate-model-crashes,Axis Aligned,3,7,100,96,0.1,2.0,2.0,1000,Exact,432,108,20,0.050,0.925926,0.217218,GradientBoostedTreesQuickScorerExtended [virtual interface],0.2010,1.4580,2.3043,GradientBoostedTreesQuickScorerExtended [virtual interface]=0.2010;GradientBoostedTreesOptPred [virtual interface]=0.8103;GradientBoostedTreesGeneric [virtual interface]=1.4580;Generic slow engine=2.3043
climate-model-crashes,Axis Aligned,4,7,100,68,0.1,2.0,2.0,1000,Exact,432,108,20,0.073,0.916667,0.198906,GradientBoostedTreesQuickScorerExtended [virtual interface],0.2278,1.3622,2.6812,GradientBoostedTreesQuickScorerExtended [virtual interface]=0.2278;GradientBoostedTreesOptPred [virtual interface]=0.7360;GradientBoostedTreesGeneric [virtual interface]=1.3622;Generic slow engine=2.6812
climate-model-crashes,Axis Aligned,5,7,100,46,0.1,2.0,2.0,1000,Exact,432,108,20,0.081,0.925926,0.201329,GradientBoostedTreesQuickScorerExtended [virtual interface],0.2725,1.0435,2.5573,GradientBoostedTreesQuickScorerExtended [virtual interface]=0.2725;GradientBoostedTreesOptPred [virtual interface]=0.5035;GradientBoostedTreesGeneric [virtual interface]=1.0435;Generic slow engine=2.5573
climate-model-crashes,Axis Aligned,6,7,100,49,0.1,2.0,2.0,1000,Exact,432,108,20,0.127,0.935185,0.200295,GradientBoostedTreesQuickScorerExtended [virtual interface],0.4042,1.4527,3.9890,GradientBoostedTreesQuickScorerExtended [virtual interface]=0.4042;GradientBoostedTreesOptPred [virtual interface]=0.7435;GradientBoostedTreesGeneric [virtual interface]=1.4527;Generic slow engine=3.9890
climate-model-crashes,Axis Aligned,7,7,100,42,0.1,2.0,2.0,1000,Exact,432,108,20,0.168,0.944444,0.215148,GradientBoostedTreesQuickScorerExtended [virtual interface],0.5115,1.3608,4.3122,GradientBoostedTreesQuickScorerExtended [virtual interface]=0.5115;GradientBoostedTreesOptPred [virtual interface]=0.7145;GradientBoostedTreesGeneric [virtual interface]=1.3608;Generic slow engine=4.3122
climate-model-crashes,Axis Aligned,8,7,100,20,0.1,2.0,2.0,1000,Exact,432,108,20,0.155,0.944444,0.193798,GradientBoostedTreesOptPred [virtual interface],0.2085,0.5373,2.2610,GradientBoostedTreesOptPred [virtual interface]=0.2085;GradientBoostedTreesQuickScorerExtended [virtual interface]=0.3432;GradientBoostedTreesGeneric [virtual interface]=0.5373;Generic slow engine=2.2610
climate-model-crashes,Axis Aligned,10,7,100,19,0.1,2.0,2.0,1000,Exact,432,108,20,0.211,0.944444,0.193768,GradientBoostedTreesOptPred [virtual interface],0.2288,0.6058,2.6168,GradientBoostedTreesOptPred [virtual interface]=0.2288;GradientBoostedTreesQuickScorerExtended [virtual interface]=0.3748;GradientBoostedTreesGeneric [virtual interface]=0.6058;Generic slow engine=2.6168
climate-model-crashes,Oblique,3,7,100,79,0.1,2.0,2.0,1000,Exact,432,108,20,0.108,0.935185,0.200368,GradientBoostedTreesGeneric [virtual interface],1.0377,1.0377,3.3775,GradientBoostedTreesGeneric [virtual interface]=1.0377;Generic slow engine=3.3775
climate-model-crashes,Oblique,4,7,100,70,0.1,2.0,2.0,1000,Exact,432,108,20,0.168,0.925926,0.22882,GradientBoostedTreesGeneric [virtual interface],1.4055,1.4055,5.1955,GradientBoostedTreesGeneric [virtual interface]=1.4055;Generic slow engine=5.1955
climate-model-crashes,Oblique,5,7,100,46,0.1,2.0,2.0,1000,Exact,432,108,20,0.186,0.925926,0.226402,GradientBoostedTreesGeneric [virtual interface],1.1990,1.1990,5.0107,GradientBoostedTreesGeneric [virtual interface]=1.1990;Generic slow engine=5.0107
climate-model-crashes,Oblique,6,7,100,56,0.1,2.0,2.0,1000,Exact,432,108,20,0.282,0.925926,0.265684,GradientBoostedTreesGeneric [virtual interface],2.0025,2.0025,8.3190,GradientBoostedTreesGeneric [virtual interface]=2.0025;Generic slow engine=8.3190
climate-model-crashes,Oblique,8,7,100,33,0.1,2.0,2.0,1000,Exact,432,108,20,0.319,0.935185,0.226023,GradientBoostedTreesGeneric [virtual interface],1.4743,1.4743,7.0350,GradientBoostedTreesGeneric [virtual interface]=1.4743;Generic slow engine=7.0350
climate-model-crashes,Axis Aligned,3,8,100,13,0.1,2.0,2.0,1000,Exact,432,108,20,0.023,0.925926,0.233761,GradientBoostedTreesOptPred [virtual interface],0.0385,0.1177,0.2135,GradientBoostedTreesOptPred [virtual interface]=0.0385;GradientBoostedTreesQuickScorerExtended [virtual interface]=0.0413;GradientBoostedTreesGeneric [virtual interface]=0.1177;Generic slow engine=0.2135
climate-model-crashes,Axis Aligned,4,8,100,12,0.1,2.0,2.0,1000,Exact,432,108,20,0.034,0.925926,0.247678,GradientBoostedTreesOptPred [virtual interface],0.0490,0.1475,0.3160,GradientBoostedTreesOptPred [virtual interface]=0.0490;GradientBoostedTreesQuickScorerExtended [virtual interface]=0.0655;GradientBoostedTreesGeneric [virtual interface]=0.1475;Generic slow engine=0.3160
climate-model-crashes,Axis Aligned,5,8,100,11,0.1,2.0,2.0,1000,Exact,432,108,20,0.051,0.925926,0.253646,GradientBoostedTreesOptPred [virtual interface],0.0565,0.1807,0.4243,GradientBoostedTreesOptPred [virtual interface]=0.0565;GradientBoostedTreesQuickScorerExtended [virtual interface]=0.0850;GradientBoostedTreesGeneric [virtual interface]=0.1807;Generic slow engine=0.4243
climate-model-crashes,Axis Aligned,6,8,100,11,0.1,2.0,2.0,1000,Exact,432,108,20,0.073,0.925926,0.263838,GradientBoostedTreesOptPred [virtual interface],0.0965,0.2238,0.6265,GradientBoostedTreesOptPred [virtual interface]=0.0965;GradientBoostedTreesQuickScorerExtended [virtual interface]=0.1212;GradientBoostedTreesGeneric [virtual interface]=0.2238;Generic slow engine=0.6265
climate-model-crashes,Axis Aligned,7,8,100,14,0.1,2.0,2.0,1000,Exact,432,108,20,0.109,0.925926,0.275676,GradientBoostedTreesOptPred [virtual interface],0.0985,0.3660,1.1095,GradientBoostedTreesOptPred [virtual interface]=0.0985;GradientBoostedTreesQuickScorerExtended [virtual interface]=0.1978;GradientBoostedTreesGeneric [virtual interface]=0.3660;Generic slow engine=1.1095
climate-model-crashes,Axis Aligned,8,8,100,12,0.1,2.0,2.0,1000,Exact,432,108,20,0.129,0.916667,0.276319,GradientBoostedTreesOptPred [virtual interface],0.1003,0.3050,1.0653,GradientBoostedTreesOptPred [virtual interface]=0.1003;GradientBoostedTreesQuickScorerExtended [virtual interface]=0.1950;GradientBoostedTreesGeneric [virtual interface]=0.3050;Generic slow engine=1.0653
climate-model-crashes,Axis Aligned,10,8,100,15,0.1,2.0,2.0,1000,Exact,432,108,20,0.189,0.925926,0.283915,GradientBoostedTreesOptPred [virtual interface],0.1960,0.5120,2.0028,GradientBoostedTreesOptPred [virtual interface]=0.1960;GradientBoostedTreesQuickScorerExtended [virtual interface]=0.2873;GradientBoostedTreesGeneric [virtual interface]=0.5120;Generic slow engine=2.0028
climate-model-crashes,Oblique,3,8,100,27,0.1,2.0,2.0,1000,Exact,432,108,20,0.062,0.907407,0.23182,GradientBoostedTreesGeneric [virtual interface],0.3382,0.3382,0.8375,GradientBoostedTreesGeneric [virtual interface]=0.3382;Generic slow engine=0.8375
climate-model-crashes,Oblique,4,8,100,24,0.1,2.0,2.0,1000,Exact,432,108,20,0.089,0.916667,0.238739,GradientBoostedTreesGeneric [virtual interface],0.4105,0.4105,1.4803,GradientBoostedTreesGeneric [virtual interface]=0.4105;Generic slow engine=1.4803
climate-model-crashes,Oblique,5,8,100,12,0.1,2.0,2.0,1000,Exact,432,108,20,0.103,0.925926,0.221333,GradientBoostedTreesGeneric [virtual interface],0.2742,0.2742,0.9032,GradientBoostedTreesGeneric [virtual interface]=0.2742;Generic slow engine=0.9032
climate-model-crashes,Oblique,6,8,100,12,0.1,2.0,2.0,1000,Exact,432,108,20,0.135,0.916667,0.229277,GradientBoostedTreesGeneric [virtual interface],0.3192,0.3192,1.2423,GradientBoostedTreesGeneric [virtual interface]=0.3192;Generic slow engine=1.2423
climate-model-crashes,Oblique,8,8,100,11,0.1,2.0,2.0,1000,Exact,432,108,20,0.199,0.907407,0.263932,GradientBoostedTreesGeneric [virtual interface],0.4005,0.4005,1.7810,GradientBoostedTreesGeneric [virtual interface]=0.4005;Generic slow engine=1.7810
climate-model-crashes,Axis Aligned,3,9,100,100,0.1,2.0,2.0,1000,Exact,432,108,20,0.050,0.888889,0.249325,GradientBoostedTreesQuickScorerExtended [virtual interface],0.2218,1.6915,2.5210,GradientBoostedTreesQuickScorerExtended [virtual interface]=0.2218;GradientBoostedTreesOptPred [virtual interface]=1.0408;GradientBoostedTreesGeneric [virtual interface]=1.6915;Generic slow engine=2.5210
climate-model-crashes,Axis Aligned,4,9,100,90,0.1,2.0,2.0,1000,Exact,432,108,20,0.075,0.916667,0.257966,GradientBoostedTreesQuickScorerExtended [virtual interface],0.3240,1.9808,3.5900,GradientBoostedTreesQuickScorerExtended [virtual interface]=0.3240;GradientBoostedTreesOptPred [virtual interface]=1.2735;GradientBoostedTreesGeneric [virtual interface]=1.9808;Generic slow engine=3.5900
climate-model-crashes,Axis Aligned,5,9,100,97,0.1,2.0,2.0,1000,Exact,432,108,20,0.112,0.898148,0.307097,GradientBoostedTreesQuickScorerExtended [virtual interface],0.6190,2.9700,5.7417,GradientBoostedTreesQuickScorerExtended [virtual interface]=0.6190;GradientBoostedTreesOptPred [virtual interface]=1.8113;GradientBoostedTreesGeneric [virtual interface]=2.9700;Generic slow engine=5.7417
climate-model-crashes,Axis Aligned,6,9,100,100,0.1,2.0,2.0,1000,Exact,432,108,20,0.164,0.898148,0.413656,GradientBoostedTreesQuickScorerExtended [virtual interface],0.7730,3.8998,8.2692,GradientBoostedTreesQuickScorerExtended [virtual interface]=0.7730;GradientBoostedTreesOptPred [virtual interface]=2.3510;GradientBoostedTreesGeneric [virtual interface]=3.8998;Generic slow engine=8.2692
climate-model-crashes,Axis Aligned,7,9,100,99,0.1,2.0,2.0,1000,Exact,432,108,20,0.225,0.907407,0.404131,GradientBoostedTreesQuickScorerExtended [virtual interface],0.9427,4.3003,10.4500,GradientBoostedTreesQuickScorerExtended [virtual interface]=0.9427;GradientBoostedTreesOptPred [virtual interface]=3.0030;GradientBoostedTreesGeneric [virtual interface]=4.3003;Generic slow engine=10.4500
climate-model-crashes,Axis Aligned,8,9,100,100,0.1,2.0,2.0,1000,Exact,432,108,20,0.286,0.907407,0.44446,GradientBoostedTreesQuickScorerExtended [virtual interface],1.5125,5.0260,13.0670,GradientBoostedTreesQuickScorerExtended [virtual interface]=1.5125;GradientBoostedTreesOptPred [virtual interface]=3.3138;GradientBoostedTreesGeneric [virtual interface]=5.0260;Generic slow engine=13.0670
climate-model-crashes,Axis Aligned,10,9,100,99,0.1,2.0,2.0,1000,Exact,432,108,20,0.416,0.888889,0.423697,GradientBoostedTreesQuickScorerExtended [virtual interface],1.7510,6.2680,17.5190,GradientBoostedTreesQuickScorerExtended [virtual interface]=1.7510;GradientBoostedTreesOptPred [virtual interface]=4.1595;GradientBoostedTreesGeneric [virtual interface]=6.2680;Generic slow engine=17.5190
climate-model-crashes,Oblique,3,9,100,100,0.1,2.0,2.0,1000,Exact,432,108,20,0.106,0.87963,0.276942,GradientBoostedTreesGeneric [virtual interface],1.3345,1.3345,4.2650,GradientBoostedTreesGeneric [virtual interface]=1.3345;Generic slow engine=4.2650
climate-model-crashes,Oblique,4,9,100,100,0.1,2.0,2.0,1000,Exact,432,108,20,0.160,0.87963,0.335956,GradientBoostedTreesGeneric [virtual interface],2.0785,2.0785,7.8070,GradientBoostedTreesGeneric [virtual interface]=2.0785;Generic slow engine=7.8070
climate-model-crashes,Oblique,5,9,100,98,0.1,2.0,2.0,1000,Exact,432,108,20,0.232,0.888889,0.40969,GradientBoostedTreesGeneric [virtual interface],2.9192,2.9192,10.9330,GradientBoostedTreesGeneric [virtual interface]=2.9192;Generic slow engine=10.9330
climate-model-crashes,Oblique,6,9,100,99,0.1,2.0,2.0,1000,Exact,432,108,20,0.315,0.888889,0.51339,GradientBoostedTreesGeneric [virtual interface],3.9352,3.9352,14.9550,GradientBoostedTreesGeneric [virtual interface]=3.9352;Generic slow engine=14.9550
climate-model-crashes,Oblique,8,9,100,100,0.1,2.0,2.0,1000,Exact,432,108,20,0.508,0.898148,0.521228,GradientBoostedTreesGeneric [virtual interface],6.3665,6.3665,22.0760,GradientBoostedTreesGeneric [virtual interface]=6.3665;Generic slow engine=22.0760
wdbc,Axis Aligned,3,0,100,72,0.1,2.0,2.0,1000,Exact,455,114,30,0.057,0.95614,0.143312,GradientBoostedTreesQuickScorerExtended [virtual interface],0.1610,0.7075,1.6190,GradientBoostedTreesQuickScorerExtended [virtual interface]=0.1610;GradientBoostedTreesOptPred [virtual interface]=0.2040;GradientBoostedTreesGeneric [virtual interface]=0.7075;Generic slow engine=1.6190
wdbc,Axis Aligned,4,0,100,50,0.1,2.0,2.0,1000,Exact,455,114,30,0.075,0.938596,0.18017,GradientBoostedTreesQuickScorerExtended [virtual interface],0.1825,0.6242,1.8813,GradientBoostedTreesQuickScorerExtended [virtual interface]=0.1825;GradientBoostedTreesOptPred [virtual interface]=0.2092;GradientBoostedTreesGeneric [virtual interface]=0.6242;Generic slow engine=1.8813
wdbc,Axis Aligned,5,0,100,53,0.1,2.0,2.0,1000,Exact,455,114,30,0.123,0.938596,0.187817,GradientBoostedTreesOptPred [virtual interface],0.2325,0.8588,3.0638,GradientBoostedTreesOptPred [virtual interface]=0.2325;GradientBoostedTreesQuickScorerExtended [virtual interface]=0.2802;GradientBoostedTreesGeneric [virtual interface]=0.8588;Generic slow engine=3.0638
wdbc,Axis Aligned,6,0,100,99,0.1,2.0,2.0,1000,Exact,455,114,30,0.196,0.938596,0.23715,GradientBoostedTreesQuickScorerExtended [virtual interface],0.6190,2.2492,8.2372,GradientBoostedTreesQuickScorerExtended [virtual interface]=0.6190;GradientBoostedTreesOptPred [virtual interface]=0.8740;GradientBoostedTreesGeneric [virtual interface]=2.2492;Generic slow engine=8.2372
wdbc,Axis Aligned,7,0,100,79,0.1,2.0,2.0,1000,Exact,455,114,30,0.259,0.947368,0.242296,GradientBoostedTreesQuickScorerExtended [virtual interface],0.6265,1.9595,8.0228,GradientBoostedTreesQuickScorerExtended [virtual interface]=0.6265;GradientBoostedTreesOptPred [virtual interface]=0.6807;GradientBoostedTreesGeneric [virtual interface]=1.9595;Generic slow engine=8.0228
wdbc,Axis Aligned,8,0,100,100,0.1,2.0,2.0,1000,Exact,455,114,30,0.304,0.95614,0.22366,GradientBoostedTreesQuickScorerExtended [virtual interface],0.8433,3.0278,12.3270,GradientBoostedTreesQuickScorerExtended [virtual interface]=0.8433;GradientBoostedTreesOptPred [virtual interface]=1.3787;GradientBoostedTreesGeneric [virtual interface]=3.0278;Generic slow engine=12.3270
wdbc,Axis Aligned,10,0,100,99,0.1,2.0,2.0,1000,Exact,455,114,30,0.416,0.947368,0.28693,GradientBoostedTreesQuickScorerExtended [virtual interface],1.0597,3.8745,15.7820,GradientBoostedTreesQuickScorerExtended [virtual interface]=1.0597;GradientBoostedTreesOptPred [virtual interface]=1.7725;GradientBoostedTreesGeneric [virtual interface]=3.8745;Generic slow engine=15.7820
wdbc,Oblique,3,0,100,54,0.1,2.0,2.0,1000,Exact,455,114,30,0.149,0.95614,0.134641,GradientBoostedTreesGeneric [virtual interface],0.6827,0.6827,2.2732,GradientBoostedTreesGeneric [virtual interface]=0.6827;Generic slow engine=2.2732
wdbc,Oblique,4,0,100,70,0.1,2.0,2.0,1000,Exact,455,114,30,0.297,0.95614,0.153478,GradientBoostedTreesGeneric [virtual interface],1.3560,1.3560,5.3855,GradientBoostedTreesGeneric [virtual interface]=1.3560;Generic slow engine=5.3855
wdbc,Oblique,5,0,100,46,0.1,2.0,2.0,1000,Exact,455,114,30,0.319,0.95614,0.144034,GradientBoostedTreesGeneric [virtual interface],1.1028,1.1028,4.9535,GradientBoostedTreesGeneric [virtual interface]=1.1028;Generic slow engine=4.9535
wdbc,Oblique,6,0,100,63,0.1,2.0,2.0,1000,Exact,455,114,30,0.512,0.964912,0.165569,GradientBoostedTreesGeneric [virtual interface],2.0697,2.0697,9.3358,GradientBoostedTreesGeneric [virtual interface]=2.0697;Generic slow engine=9.3358
wdbc,Oblique,8,0,100,87,0.1,2.0,2.0,1000,Exact,455,114,30,0.774,0.95614,0.234674,GradientBoostedTreesGeneric [virtual interface],5.0925,5.0925,18.9350,GradientBoostedTreesGeneric [virtual interface]=5.0925;Generic slow engine=18.9350
wdbc,Axis Aligned,3,1,100,34,0.1,2.0,2.0,1000,Exact,455,114,30,0.039,0.964912,0.10764,GradientBoostedTreesQuickScorerExtended [virtual interface],0.0825,0.2850,0.5815,GradientBoostedTreesQuickScorerExtended [virtual interface]=0.0825;GradientBoostedTreesOptPred [virtual interface]=0.1040;GradientBoostedTreesGeneric [virtual interface]=0.2850;Generic slow engine=0.5815
wdbc,Axis Aligned,4,1,100,32,0.1,2.0,2.0,1000,Exact,455,114,30,0.059,0.95614,0.0988474,GradientBoostedTreesOptPred [virtual interface],0.1170,0.3842,1.0297,GradientBoostedTreesOptPred [virtual interface]=0.1170;GradientBoostedTreesQuickScorerExtended [virtual interface]=0.1255;GradientBoostedTreesGeneric [virtual interface]=0.3842;Generic slow engine=1.0297
wdbc,Axis Aligned,5,1,100,30,0.1,2.0,2.0,1000,Exact,455,114,30,0.089,0.947368,0.110765,GradientBoostedTreesOptPred [virtual interface],0.1335,0.4642,1.4992,GradientBoostedTreesOptPred [virtual interface]=0.1335;GradientBoostedTreesQuickScorerExtended [virtual interface]=0.1847;GradientBoostedTreesGeneric [virtual interface]=0.4642;Generic slow engine=1.4992
wdbc,Axis Aligned,6,1,100,27,0.1,2.0,2.0,1000,Exact,455,114,30,0.129,0.947368,0.120817,GradientBoostedTreesOptPred [virtual interface],0.1447,0.5018,1.9323,GradientBoostedTreesOptPred [virtual interface]=0.1447;GradientBoostedTreesQuickScorerExtended [virtual interface]=0.2152;GradientBoostedTreesGeneric [virtual interface]=0.5018;Generic slow engine=1.9323
wdbc,Axis Aligned,7,1,100,30,0.1,2.0,2.0,1000,Exact,455,114,30,0.171,0.95614,0.113226,GradientBoostedTreesOptPred [virtual interface],0.1867,0.6903,2.8925,GradientBoostedTreesOptPred [virtual interface]=0.1867;GradientBoostedTreesQuickScorerExtended [virtual interface]=0.3145;GradientBoostedTreesGeneric [virtual interface]=0.6903;Generic slow engine=2.8925
wdbc,Axis Aligned,8,1,100,24,0.1,2.0,2.0,1000,Exact,455,114,30,0.177,0.947368,0.125919,GradientBoostedTreesOptPred [virtual interface],0.1740,0.5873,2.6503,GradientBoostedTreesOptPred [virtual interface]=0.1740;GradientBoostedTreesQuickScorerExtended [virtual interface]=0.2590;GradientBoostedTreesGeneric [virtual interface]=0.5873;Generic slow engine=2.6503
wdbc,Axis Aligned,10,1,100,35,0.1,2.0,2.0,1000,Exact,455,114,30,0.270,0.964912,0.0991027,GradientBoostedTreesOptPred [virtual interface],0.3490,1.0908,5.2278,GradientBoostedTreesOptPred [virtual interface]=0.3490;GradientBoostedTreesQuickScorerExtended [virtual interface]=0.4552;GradientBoostedTreesGeneric [virtual interface]=1.0908;Generic slow engine=5.2278
wdbc,Oblique,3,1,100,29,0.1,2.0,2.0,1000,Exact,455,114,30,0.107,0.938596,0.120694,GradientBoostedTreesGeneric [virtual interface],0.3493,0.3493,1.2408,GradientBoostedTreesGeneric [virtual interface]=0.3493;Generic slow engine=1.2408
wdbc,Oblique,4,1,100,25,0.1,2.0,2.0,1000,Exact,455,114,30,0.155,0.95614,0.114104,GradientBoostedTreesGeneric [virtual interface],0.4405,0.4405,1.6607,GradientBoostedTreesGeneric [virtual interface]=0.4405;Generic slow engine=1.6607
wdbc,Oblique,5,1,100,20,0.1,2.0,2.0,1000,Exact,455,114,30,0.200,0.938596,0.147476,GradientBoostedTreesGeneric [virtual interface],0.4422,0.4422,1.9080,GradientBoostedTreesGeneric [virtual interface]=0.4422;Generic slow engine=1.9080
wdbc,Oblique,6,1,100,25,0.1,2.0,2.0,1000,Exact,455,114,30,0.295,0.938596,0.135155,GradientBoostedTreesGeneric [virtual interface],0.6675,0.6675,3.5383,GradientBoostedTreesGeneric [virtual interface]=0.6675;Generic slow engine=3.5383
wdbc,Oblique,8,1,100,28,0.1,2.0,2.0,1000,Exact,455,114,30,0.438,0.938596,0.140544,GradientBoostedTreesGeneric [virtual interface],1.0617,1.0617,5.8502,GradientBoostedTreesGeneric [virtual interface]=1.0617;Generic slow engine=5.8502
wdbc,Axis Aligned,3,2,100,100,0.1,2.0,2.0,1000,Exact,455,114,30,0.059,0.929825,0.149365,GradientBoostedTreesQuickScorerExtended [virtual interface],0.2213,1.1827,2.2953,GradientBoostedTreesQuickScorerExtended [virtual interface]=0.2213;GradientBoostedTreesOptPred [virtual interface]=0.4843;GradientBoostedTreesGeneric [virtual interface]=1.1827;Generic slow engine=2.2953
wdbc,Axis Aligned,4,2,100,100,0.1,2.0,2.0,1000,Exact,455,114,30,0.095,0.947368,0.157304,GradientBoostedTreesQuickScorerExtended [virtual interface],0.3950,1.5388,4.0360,GradientBoostedTreesQuickScorerExtended [virtual interface]=0.3950;GradientBoostedTreesOptPred [virtual interface]=0.6815;GradientBoostedTreesGeneric [virtual interface]=1.5388;Generic slow engine=4.0360
wdbc,Axis Aligned,5,2,100,95,0.1,2.0,2.0,1000,Exact,455,114,30,0.150,0.95614,0.156421,GradientBoostedTreesQuickScorerExtended [virtual interface],0.4938,1.9815,5.5107,GradientBoostedTreesQuickScorerExtended [virtual interface]=0.4938;GradientBoostedTreesOptPred [virtual interface]=0.8778;GradientBoostedTreesGeneric [virtual interface]=1.9815;Generic slow engine=5.5107
wdbc,Axis Aligned,6,2,100,98,0.1,2.0,2.0,1000,Exact,455,114,30,0.205,0.95614,0.172664,GradientBoostedTreesQuickScorerExtended [virtual interface],0.6222,2.4570,8.1643,GradientBoostedTreesQuickScorerExtended [virtual interface]=0.6222;GradientBoostedTreesOptPred [virtual interface]=1.2000;GradientBoostedTreesGeneric [virtual interface]=2.4570;Generic slow engine=8.1643
wdbc,Axis Aligned,7,2,100,87,0.1,2.0,2.0,1000,Exact,455,114,30,0.265,0.95614,0.202462,GradientBoostedTreesQuickScorerExtended [virtual interface],0.7298,2.4112,8.7472,GradientBoostedTreesQuickScorerExtended [virtual interface]=0.7298;GradientBoostedTreesOptPred [virtual interface]=1.1270;GradientBoostedTreesGeneric [virtual interface]=2.4112;Generic slow engine=8.7472
wdbc,Axis Aligned,8,2,100,81,0.1,2.0,2.0,1000,Exact,455,114,30,0.316,0.95614,0.198594,GradientBoostedTreesQuickScorerExtended [virtual interface],0.8010,2.6532,9.6777,GradientBoostedTreesQuickScorerExtended [virtual interface]=0.8010;GradientBoostedTreesOptPred [virtual interface]=1.2730;GradientBoostedTreesGeneric [virtual interface]=2.6532;Generic slow engine=9.6777
wdbc,Axis Aligned,10,2,100,89,0.1,2.0,2.0,1000,Exact,455,114,30,0.441,0.95614,0.206638,GradientBoostedTreesQuickScorerExtended [virtual interface],1.0283,3.7280,13.7860,GradientBoostedTreesQuickScorerExtended [virtual interface]=1.0283;GradientBoostedTreesOptPred [virtual interface]=1.9000;GradientBoostedTreesGeneric [virtual interface]=3.7280;Generic slow engine=13.7860
wdbc,Oblique,3,2,100,100,0.1,2.0,2.0,1000,Exact,455,114,30,0.178,0.964912,0.097306,GradientBoostedTreesGeneric [virtual interface],1.5573,1.5573,4.4680,GradientBoostedTreesGeneric [virtual interface]=1.5573;Generic slow engine=4.4680
wdbc,Oblique,4,2,100,100,0.1,2.0,2.0,1000,Exact,455,114,30,0.282,0.964912,0.139246,GradientBoostedTreesGeneric [virtual interface],2.4575,2.4575,8.0152,GradientBoostedTreesGeneric [virtual interface]=2.4575;Generic slow engine=8.0152
wdbc,Oblique,5,2,100,100,0.1,2.0,2.0,1000,Exact,455,114,30,0.416,0.95614,0.14981,GradientBoostedTreesGeneric [virtual interface],3.4438,3.4438,11.5970,GradientBoostedTreesGeneric [virtual interface]=3.4438;Generic slow engine=11.5970
wdbc,Oblique,6,2,100,99,0.1,2.0,2.0,1000,Exact,455,114,30,0.537,0.947368,0.162931,GradientBoostedTreesGeneric [virtual interface],4.4463,4.4463,15.3800,GradientBoostedTreesGeneric [virtual interface]=4.4463;Generic slow engine=15.3800
wdbc,Oblique,8,2,100,98,0.1,2.0,2.0,1000,Exact,455,114,30,0.784,0.973684,0.145165,GradientBoostedTreesGeneric [virtual interface],6.7150,6.7150,22.2620,GradientBoostedTreesGeneric [virtual interface]=6.7150;Generic slow engine=22.2620
wdbc,Axis Aligned,3,3,100,100,0.1,2.0,2.0,1000,Exact,455,114,30,0.059,0.938596,0.195679,GradientBoostedTreesQuickScorerExtended [virtual interface],0.2013,1.1590,2.2835,GradientBoostedTreesQuickScorerExtended [virtual interface]=0.2013;GradientBoostedTreesOptPred [virtual interface]=0.5108;GradientBoostedTreesGeneric [virtual interface]=1.1590;Generic slow engine=2.2835
wdbc,Axis Aligned,4,3,100,100,0.1,2.0,2.0,1000,Exact,455,114,30,0.095,0.894737,0.251562,GradientBoostedTreesQuickScorerExtended [virtual interface],0.3360,1.5403,4.0625,GradientBoostedTreesQuickScorerExtended [virtual interface]=0.3360;GradientBoostedTreesOptPred [virtual interface]=0.7030;GradientBoostedTreesGeneric [virtual interface]=1.5403;Generic slow engine=4.0625
wdbc,Axis Aligned,5,3,100,100,0.1,2.0,2.0,1000,Exact,455,114,30,0.151,0.903509,0.295974,GradientBoostedTreesQuickScorerExtended [virtual interface],0.4868,2.0377,5.9848,GradientBoostedTreesQuickScorerExtended [virtual interface]=0.4868;GradientBoostedTreesOptPred [virtual interface]=0.8825;GradientBoostedTreesGeneric [virtual interface]=2.0377;Generic slow engine=5.9848
wdbc,Axis Aligned,6,3,100,99,0.1,2.0,2.0,1000,Exact,455,114,30,0.208,0.903509,0.323064,GradientBoostedTreesQuickScorerExtended [virtual interface],0.6717,2.5150,8.0875,GradientBoostedTreesQuickScorerExtended [virtual interface]=0.6717;GradientBoostedTreesOptPred [virtual interface]=1.1108;GradientBoostedTreesGeneric [virtual interface]=2.5150;Generic slow engine=8.0875
wdbc,Axis Aligned,7,3,100,100,0.1,2.0,2.0,1000,Exact,455,114,30,0.278,0.903509,0.335268,GradientBoostedTreesQuickScorerExtended [virtual interface],0.8475,2.8510,10.1360,GradientBoostedTreesQuickScorerExtended [virtual interface]=0.8475;GradientBoostedTreesOptPred [virtual interface]=1.3593;GradientBoostedTreesGeneric [virtual interface]=2.8510;Generic slow engine=10.1360
wdbc,Axis Aligned,8,3,100,98,0.1,2.0,2.0,1000,Exact,455,114,30,0.347,0.885965,0.336804,GradientBoostedTreesQuickScorerExtended [virtual interface],1.0642,3.2957,11.7980,GradientBoostedTreesQuickScorerExtended [virtual interface]=1.0642;GradientBoostedTreesOptPred [virtual interface]=1.6885;GradientBoostedTreesGeneric [virtual interface]=3.2957;Generic slow engine=11.7980
wdbc,Axis Aligned,10,3,100,100,0.1,2.0,2.0,1000,Exact,455,114,30,0.460,0.903509,0.337249,GradientBoostedTreesQuickScorerExtended [virtual interface],1.2500,4.3247,15.0950,GradientBoostedTreesQuickScorerExtended [virtual interface]=1.2500;GradientBoostedTreesOptPred [virtual interface]=2.2033;GradientBoostedTreesGeneric [virtual interface]=4.3247;Generic slow engine=15.0950
wdbc,Oblique,3,3,100,69,0.1,2.0,2.0,1000,Exact,455,114,30,0.178,0.929825,0.209536,GradientBoostedTreesGeneric [virtual interface],0.9215,0.9215,2.9728,GradientBoostedTreesGeneric [virtual interface]=0.9215;Generic slow engine=2.9728
wdbc,Oblique,4,3,100,43,0.1,2.0,2.0,1000,Exact,455,114,30,0.208,0.912281,0.21637,GradientBoostedTreesGeneric [virtual interface],0.7718,0.7718,3.3305,GradientBoostedTreesGeneric [virtual interface]=0.7718;Generic slow engine=3.3305
wdbc,Oblique,5,3,100,74,0.1,2.0,2.0,1000,Exact,455,114,30,0.421,0.912281,0.307663,GradientBoostedTreesGeneric [virtual interface],2.2328,2.2328,8.4845,GradientBoostedTreesGeneric [virtual interface]=2.2328;Generic slow engine=8.4845
wdbc,Oblique,6,3,100,81,0.1,2.0,2.0,1000,Exact,455,114,30,0.565,0.912281,0.364525,GradientBoostedTreesGeneric [virtual interface],3.2397,3.2397,12.2820,GradientBoostedTreesGeneric [virtual interface]=3.2397;Generic slow engine=12.2820
wdbc,Oblique,8,3,100,70,0.1,2.0,2.0,1000,Exact,455,114,30,0.806,0.921053,0.296533,GradientBoostedTreesGeneric [virtual interface],4.0113,4.0113,15.3270,GradientBoostedTreesGeneric [virtual interface]=4.0113;Generic slow engine=15.3270
wdbc,Axis Aligned,3,4,100,54,0.1,2.0,2.0,1000,Exact,455,114,30,0.050,0.95614,0.0961984,GradientBoostedTreesQuickScorerExtended [virtual interface],0.1260,0.5575,1.1227,GradientBoostedTreesQuickScorerExtended [virtual interface]=0.1260;GradientBoostedTreesOptPred [virtual interface]=0.1598;GradientBoostedTreesGeneric [virtual interface]=0.5575;Generic slow engine=1.1227
wdbc,Axis Aligned,4,4,100,48,0.1,2.0,2.0,1000,Exact,455,114,30,0.074,0.95614,0.125808,GradientBoostedTreesQuickScorerExtended [virtual interface],0.1710,0.6105,1.8605,GradientBoostedTreesQuickScorerExtended [virtual interface]=0.1710;GradientBoostedTreesOptPred [virtual interface]=0.1945;GradientBoostedTreesGeneric [virtual interface]=0.6105;Generic slow engine=1.8605
wdbc,Axis Aligned,5,4,100,57,0.1,2.0,2.0,1000,Exact,455,114,30,0.124,0.947368,0.151515,GradientBoostedTreesQuickScorerExtended [virtual interface],0.2888,1.0008,3.2637,GradientBoostedTreesQuickScorerExtended [virtual interface]=0.2888;GradientBoostedTreesOptPred [virtual interface]=0.3247;GradientBoostedTreesGeneric [virtual interface]=1.0008;Generic slow engine=3.2637
wdbc,Axis Aligned,6,4,100,42,0.1,2.0,2.0,1000,Exact,455,114,30,0.149,0.95614,0.113902,GradientBoostedTreesOptPred [virtual interface],0.2692,0.9113,3.5175,GradientBoostedTreesOptPred [virtual interface]=0.2692;GradientBoostedTreesQuickScorerExtended [virtual interface]=0.3015;GradientBoostedTreesGeneric [virtual interface]=0.9113;Generic slow engine=3.5175
wdbc,Axis Aligned,7,4,100,59,0.1,2.0,2.0,1000,Exact,455,114,30,0.222,0.95614,0.127989,GradientBoostedTreesQuickScorerExtended [virtual interface],0.4820,1.5460,6.0315,GradientBoostedTreesQuickScorerExtended [virtual interface]=0.4820;GradientBoostedTreesOptPred [virtual interface]=0.6472;GradientBoostedTreesGeneric [virtual interface]=1.5460;Generic slow engine=6.0315
wdbc,Axis Aligned,8,4,100,40,0.1,2.0,2.0,1000,Exact,455,114,30,0.229,0.95614,0.124024,GradientBoostedTreesQuickScorerExtended [virtual interface],0.4050,1.1435,4.8548,GradientBoostedTreesQuickScorerExtended [virtual interface]=0.4050;GradientBoostedTreesOptPred [virtual interface]=0.4278;GradientBoostedTreesGeneric [virtual interface]=1.1435;Generic slow engine=4.8548
wdbc,Axis Aligned,10,4,100,59,0.1,2.0,2.0,1000,Exact,455,114,30,0.422,0.964912,0.124655,GradientBoostedTreesQuickScorerExtended [virtual interface],0.7060,2.2228,8.9410,GradientBoostedTreesQuickScorerExtended [virtual interface]=0.7060;GradientBoostedTreesOptPred [virtual interface]=1.0353;GradientBoostedTreesGeneric [virtual interface]=2.2228;Generic slow engine=8.9410
wdbc,Oblique,3,4,100,100,0.1,2.0,2.0,1000,Exact,455,114,30,0.178,0.973684,0.0672374,GradientBoostedTreesGeneric [virtual interface],1.5340,1.5340,4.3810,GradientBoostedTreesGeneric [virtual interface]=1.5340;Generic slow engine=4.3810
wdbc,Oblique,4,4,100,98,0.1,2.0,2.0,1000,Exact,455,114,30,0.285,0.964912,0.0742161,GradientBoostedTreesGeneric [virtual interface],2.4135,2.4135,7.9467,GradientBoostedTreesGeneric [virtual interface]=2.4135;Generic slow engine=7.9467
wdbc,Oblique,5,4,100,71,0.1,2.0,2.0,1000,Exact,455,114,30,0.403,0.964912,0.0598911,GradientBoostedTreesGeneric [virtual interface],2.0928,2.0928,8.3403,GradientBoostedTreesGeneric [virtual interface]=2.0928;Generic slow engine=8.3403
wdbc,Oblique,6,4,100,82,0.1,2.0,2.0,1000,Exact,455,114,30,0.531,0.964912,0.0705753,GradientBoostedTreesGeneric [virtual interface],3.3847,3.3847,12.5730,GradientBoostedTreesGeneric [virtual interface]=3.3847;Generic slow engine=12.5730
wdbc,Oblique,8,4,100,52,0.1,2.0,2.0,1000,Exact,455,114,30,0.618,0.95614,0.0873604,GradientBoostedTreesGeneric [virtual interface],2.5427,2.5427,11.2150,GradientBoostedTreesGeneric [virtual interface]=2.5427;Generic slow engine=11.2150
wdbc,Axis Aligned,3,5,100,98,0.1,2.0,2.0,1000,Exact,455,114,30,0.058,0.964912,0.137081,GradientBoostedTreesQuickScorerExtended [virtual interface],0.2150,1.0435,2.3475,GradientBoostedTreesQuickScorerExtended [virtual interface]=0.2150;GradientBoostedTreesOptPred [virtual interface]=0.3960;GradientBoostedTreesGeneric [virtual interface]=1.0435;Generic slow engine=2.3475
wdbc,Axis Aligned,4,5,100,99,0.1,2.0,2.0,1000,Exact,455,114,30,0.095,0.973684,0.149505,GradientBoostedTreesQuickScorerExtended [virtual interface],0.3440,1.4178,3.8810,GradientBoostedTreesQuickScorerExtended [virtual interface]=0.3440;GradientBoostedTreesOptPred [virtual interface]=0.5407;GradientBoostedTreesGeneric [virtual interface]=1.4178;Generic slow engine=3.8810
wdbc,Axis Aligned,5,5,100,62,0.1,2.0,2.0,1000,Exact,455,114,30,0.133,0.973684,0.137896,GradientBoostedTreesOptPred [virtual interface],0.2988,1.0230,3.5990,GradientBoostedTreesOptPred [virtual interface]=0.2988;GradientBoostedTreesQuickScorerExtended [virtual interface]=0.3407;GradientBoostedTreesGeneric [virtual interface]=1.0230;Generic slow engine=3.5990
wdbc,Axis Aligned,6,5,100,100,0.1,2.0,2.0,1000,Exact,455,114,30,0.212,0.964912,0.210406,GradientBoostedTreesQuickScorerExtended [virtual interface],0.7200,2.3260,8.3057,GradientBoostedTreesQuickScorerExtended [virtual interface]=0.7200;GradientBoostedTreesOptPred [virtual interface]=0.9350;GradientBoostedTreesGeneric [virtual interface]=2.3260;Generic slow engine=8.3057
wdbc,Axis Aligned,7,5,100,91,0.1,2.0,2.0,1000,Exact,455,114,30,0.265,0.964912,0.205118,GradientBoostedTreesQuickScorerExtended [virtual interface],0.7762,2.3800,9.4213,GradientBoostedTreesQuickScorerExtended [virtual interface]=0.7762;GradientBoostedTreesOptPred [virtual interface]=1.0548;GradientBoostedTreesGeneric [virtual interface]=2.3800;Generic slow engine=9.4213
wdbc,Axis Aligned,8,5,100,100,0.1,2.0,2.0,1000,Exact,455,114,30,0.331,0.964912,0.225092,GradientBoostedTreesQuickScorerExtended [virtual interface],1.0215,3.2105,12.5110,GradientBoostedTreesQuickScorerExtended [virtual interface]=1.0215;GradientBoostedTreesOptPred [virtual interface]=1.5933;GradientBoostedTreesGeneric [virtual interface]=3.2105;Generic slow engine=12.5110
wdbc,Axis Aligned,10,5,100,99,0.1,2.0,2.0,1000,Exact,455,114,30,0.409,0.973684,0.22301,GradientBoostedTreesQuickScorerExtended [virtual interface],1.1533,4.0740,16.2380,GradientBoostedTreesQuickScorerExtended [virtual interface]=1.1533;GradientBoostedTreesOptPred [virtual interface]=2.0645;GradientBoostedTreesGeneric [virtual interface]=4.0740;Generic slow engine=16.2380
wdbc,Oblique,3,5,100,100,0.1,2.0,2.0,1000,Exact,455,114,30,0.186,0.95614,0.181384,GradientBoostedTreesGeneric [virtual interface],1.4195,1.4195,4.2980,GradientBoostedTreesGeneric [virtual interface]=1.4195;Generic slow engine=4.2980
wdbc,Oblique,4,5,100,100,0.1,2.0,2.0,1000,Exact,455,114,30,0.295,0.964912,0.206235,GradientBoostedTreesGeneric [virtual interface],2.1800,2.1800,8.0290,GradientBoostedTreesGeneric [virtual interface]=2.1800;Generic slow engine=8.0290
wdbc,Oblique,5,5,100,44,0.1,2.0,2.0,1000,Exact,455,114,30,0.310,0.973684,0.137521,GradientBoostedTreesGeneric [virtual interface],1.0283,1.0283,4.8813,GradientBoostedTreesGeneric [virtual interface]=1.0283;Generic slow engine=4.8813
wdbc,Oblique,6,5,100,50,0.1,2.0,2.0,1000,Exact,455,114,30,0.430,0.973684,0.144524,GradientBoostedTreesGeneric [virtual interface],1.5368,1.5368,7.3552,GradientBoostedTreesGeneric [virtual interface]=1.5368;Generic slow engine=7.3552
wdbc,Oblique,8,5,100,36,0.1,2.0,2.0,1000,Exact,455,114,30,0.507,0.964912,0.135254,GradientBoostedTreesGeneric [virtual interface],1.4578,1.4578,7.4378,GradientBoostedTreesGeneric [virtual interface]=1.4578;Generic slow engine=7.4378
wdbc,Axis Aligned,3,6,100,67,0.1,2.0,2.0,1000,Exact,455,114,30,0.059,0.947368,0.176074,GradientBoostedTreesQuickScorerExtended [virtual interface],0.1600,0.6690,1.5922,GradientBoostedTreesQuickScorerExtended [virtual interface]=0.1600;GradientBoostedTreesOptPred [virtual interface]=0.2215;GradientBoostedTreesGeneric [virtual interface]=0.6690;Generic slow engine=1.5922
wdbc,Axis Aligned,4,6,100,44,0.1,2.0,2.0,1000,Exact,455,114,30,0.071,0.947368,0.186592,GradientBoostedTreesQuickScorerExtended [virtual interface],0.1785,0.5272,1.6213,GradientBoostedTreesQuickScorerExtended [virtual interface]=0.1785;GradientBoostedTreesOptPred [virtual interface]=0.1805;GradientBoostedTreesGeneric [virtual interface]=0.5272;Generic slow engine=1.6213
wdbc,Axis Aligned,5,6,100,38,0.1,2.0,2.0,1000,Exact,455,114,30,0.101,0.947368,0.185575,GradientBoostedTreesOptPred [virtual interface],0.2045,0.5965,2.0617,GradientBoostedTreesOptPred [virtual interface]=0.2045;GradientBoostedTreesQuickScorerExtended [virtual interface]=0.2782;GradientBoostedTreesGeneric [virtual interface]=0.5965;Generic slow engine=2.0617
wdbc,Axis Aligned,6,6,100,48,0.1,2.0,2.0,1000,Exact,455,114,30,0.171,0.947368,0.225405,GradientBoostedTreesOptPred [virtual interface],0.2702,0.9395,3.8120,GradientBoostedTreesOptPred [virtual interface]=0.2702;GradientBoostedTreesQuickScorerExtended [virtual interface]=0.3870;GradientBoostedTreesGeneric [virtual interface]=0.9395;Generic slow engine=3.8120
wdbc,Axis Aligned,7,6,100,49,0.1,2.0,2.0,1000,Exact,455,114,30,0.218,0.947368,0.220944,GradientBoostedTreesOptPred [virtual interface],0.3478,1.1040,4.9298,GradientBoostedTreesOptPred [virtual interface]=0.3478;GradientBoostedTreesQuickScorerExtended [virtual interface]=0.4427;GradientBoostedTreesGeneric [virtual interface]=1.1040;Generic slow engine=4.9298
wdbc,Axis Aligned,8,6,100,45,0.1,2.0,2.0,1000,Exact,455,114,30,0.251,0.947368,0.22086,GradientBoostedTreesOptPred [virtual interface],0.4020,1.1422,5.1677,GradientBoostedTreesOptPred [virtual interface]=0.4020;GradientBoostedTreesQuickScorerExtended [virtual interface]=0.4695;GradientBoostedTreesGeneric [virtual interface]=1.1422;Generic slow engine=5.1677
wdbc,Axis Aligned,10,6,100,55,0.1,2.0,2.0,1000,Exact,455,114,30,0.370,0.947368,0.240695,GradientBoostedTreesQuickScorerExtended [virtual interface],0.7242,1.8745,8.1418,GradientBoostedTreesQuickScorerExtended [virtual interface]=0.7242;GradientBoostedTreesOptPred [virtual interface]=0.7598;GradientBoostedTreesGeneric [virtual interface]=1.8745;Generic slow engine=8.1418
wdbc,Oblique,3,6,100,47,0.1,2.0,2.0,1000,Exact,455,114,30,0.139,0.947368,0.143866,GradientBoostedTreesGeneric [virtual interface],0.5942,0.5942,1.9768,GradientBoostedTreesGeneric [virtual interface]=0.5942;Generic slow engine=1.9768
wdbc,Oblique,4,6,100,42,0.1,2.0,2.0,1000,Exact,455,114,30,0.208,0.964912,0.142928,GradientBoostedTreesGeneric [virtual interface],0.7778,0.7778,3.1000,GradientBoostedTreesGeneric [virtual interface]=0.7778;Generic slow engine=3.1000
wdbc,Oblique,5,6,100,42,0.1,2.0,2.0,1000,Exact,455,114,30,0.293,0.964912,0.150268,GradientBoostedTreesGeneric [virtual interface],1.0008,1.0008,4.6212,GradientBoostedTreesGeneric [virtual interface]=1.0008;Generic slow engine=4.6212
wdbc,Oblique,6,6,100,48,0.1,2.0,2.0,1000,Exact,455,114,30,0.428,0.947368,0.159112,GradientBoostedTreesGeneric [virtual interface],1.4965,1.4965,7.0453,GradientBoostedTreesGeneric [virtual interface]=1.4965;Generic slow engine=7.0453
wdbc,Oblique,8,6,100,34,0.1,2.0,2.0,1000,Exact,455,114,30,0.514,0.95614,0.14571,GradientBoostedTreesGeneric [virtual interface],1.3393,1.3393,7.0347,GradientBoostedTreesGeneric [virtual interface]=1.3393;Generic slow engine=7.0347
wdbc,Axis Aligned,3,7,100,99,0.1,2.0,2.0,1000,Exact,455,114,30,0.059,0.964912,0.0880463,GradientBoostedTreesQuickScorerExtended [virtual interface],0.2032,1.1838,2.3545,GradientBoostedTreesQuickScorerExtended [virtual interface]=0.2032;GradientBoostedTreesOptPred [virtual interface]=0.4270;GradientBoostedTreesGeneric [virtual interface]=1.1838;Generic slow engine=2.3545
wdbc,Axis Aligned,4,7,100,100,0.1,2.0,2.0,1000,Exact,455,114,30,0.096,0.982456,0.0751421,GradientBoostedTreesQuickScorerExtended [virtual interface],0.3468,1.4863,3.9283,GradientBoostedTreesQuickScorerExtended [virtual interface]=0.3468;GradientBoostedTreesOptPred [virtual interface]=0.6170;GradientBoostedTreesGeneric [virtual interface]=1.4863;Generic slow engine=3.9283
wdbc,Axis Aligned,5,7,100,64,0.1,2.0,2.0,1000,Exact,455,114,30,0.149,0.964912,0.101351,GradientBoostedTreesOptPred [virtual interface],0.3367,1.0950,3.6685,GradientBoostedTreesOptPred [virtual interface]=0.3367;GradientBoostedTreesQuickScorerExtended [virtual interface]=0.3410;GradientBoostedTreesGeneric [virtual interface]=1.0950;Generic slow engine=3.6685
wdbc,Axis Aligned,6,7,100,38,0.1,2.0,2.0,1000,Exact,455,114,30,0.152,0.973684,0.12152,GradientBoostedTreesOptPred [virtual interface],0.2152,0.7585,3.0143,GradientBoostedTreesOptPred [virtual interface]=0.2152;GradientBoostedTreesQuickScorerExtended [virtual interface]=0.2995;GradientBoostedTreesGeneric [virtual interface]=0.7585;Generic slow engine=3.0143
wdbc,Axis Aligned,7,7,100,38,0.1,2.0,2.0,1000,Exact,455,114,30,0.209,0.95614,0.125909,GradientBoostedTreesOptPred [virtual interface],0.2245,0.8538,3.7105,GradientBoostedTreesOptPred [virtual interface]=0.2245;GradientBoostedTreesQuickScorerExtended [virtual interface]=0.3345;GradientBoostedTreesGeneric [virtual interface]=0.8538;Generic slow engine=3.7105
wdbc,Axis Aligned,8,7,100,36,0.1,2.0,2.0,1000,Exact,455,114,30,0.232,0.964912,0.124458,GradientBoostedTreesOptPred [virtual interface],0.2537,0.8980,4.4030,GradientBoostedTreesOptPred [virtual interface]=0.2537;GradientBoostedTreesQuickScorerExtended [virtual interface]=0.3638;GradientBoostedTreesGeneric [virtual interface]=0.8980;Generic slow engine=4.4030
wdbc,Axis Aligned,10,7,100,36,0.1,2.0,2.0,1000,Exact,455,114,30,0.278,0.964912,0.117726,GradientBoostedTreesOptPred [virtual interface],0.3560,1.1445,5.5455,GradientBoostedTreesOptPred [virtual interface]=0.3560;GradientBoostedTreesQuickScorerExtended [virtual interface]=0.5038;GradientBoostedTreesGeneric [virtual interface]=1.1445;Generic slow engine=5.5455
wdbc,Oblique,3,7,100,100,0.1,2.0,2.0,1000,Exact,455,114,30,0.177,0.973684,0.0710039,GradientBoostedTreesGeneric [virtual interface],1.4600,1.4600,4.3060,GradientBoostedTreesGeneric [virtual interface]=1.4600;Generic slow engine=4.3060
wdbc,Oblique,4,7,100,99,0.1,2.0,2.0,1000,Exact,455,114,30,0.289,0.973684,0.0763484,GradientBoostedTreesGeneric [virtual interface],2.2090,2.2090,8.0035,GradientBoostedTreesGeneric [virtual interface]=2.2090;Generic slow engine=8.0035
wdbc,Oblique,5,7,100,65,0.1,2.0,2.0,1000,Exact,455,114,30,0.404,0.964912,0.0806939,GradientBoostedTreesGeneric [virtual interface],1.7375,1.7375,7.5025,GradientBoostedTreesGeneric [virtual interface]=1.7375;Generic slow engine=7.5025
wdbc,Oblique,6,7,100,98,0.1,2.0,2.0,1000,Exact,455,114,30,0.556,0.982456,0.0721869,GradientBoostedTreesGeneric [virtual interface],3.9355,3.9355,14.9600,GradientBoostedTreesGeneric [virtual interface]=3.9355;Generic slow engine=14.9600
wdbc,Oblique,8,7,100,96,0.1,2.0,2.0,1000,Exact,455,114,30,0.807,0.964912,0.108391,GradientBoostedTreesGeneric [virtual interface],5.9285,5.9285,21.7040,GradientBoostedTreesGeneric [virtual interface]=5.9285;Generic slow engine=21.7040
wdbc,Axis Aligned,3,8,100,100,0.1,2.0,2.0,1000,Exact,455,114,30,0.058,0.947368,0.111231,GradientBoostedTreesQuickScorerExtended [virtual interface],0.2052,1.1972,2.3083,GradientBoostedTreesQuickScorerExtended [virtual interface]=0.2052;GradientBoostedTreesOptPred [virtual interface]=0.4748;GradientBoostedTreesGeneric [virtual interface]=1.1972;Generic slow engine=2.3083
wdbc,Axis Aligned,4,8,100,99,0.1,2.0,2.0,1000,Exact,455,114,30,0.095,0.973684,0.0834321,GradientBoostedTreesQuickScorerExtended [virtual interface],0.3050,1.4948,3.9483,GradientBoostedTreesQuickScorerExtended [virtual interface]=0.3050;GradientBoostedTreesOptPred [virtual interface]=0.6420;GradientBoostedTreesGeneric [virtual interface]=1.4948;Generic slow engine=3.9483
wdbc,Axis Aligned,5,8,100,82,0.1,2.0,2.0,1000,Exact,455,114,30,0.146,0.982456,0.0662954,GradientBoostedTreesQuickScorerExtended [virtual interface],0.4203,1.5722,4.8500,GradientBoostedTreesQuickScorerExtended [virtual interface]=0.4203;GradientBoostedTreesOptPred [virtual interface]=0.6630;GradientBoostedTreesGeneric [virtual interface]=1.5722;Generic slow engine=4.8500
wdbc,Axis Aligned,6,8,100,99,0.1,2.0,2.0,1000,Exact,455,114,30,0.199,0.973684,0.0844786,GradientBoostedTreesQuickScorerExtended [virtual interface],0.6200,2.5225,8.1715,GradientBoostedTreesQuickScorerExtended [virtual interface]=0.6200;GradientBoostedTreesOptPred [virtual interface]=1.2795;GradientBoostedTreesGeneric [virtual interface]=2.5225;Generic slow engine=8.1715
wdbc,Axis Aligned,7,8,100,100,0.1,2.0,2.0,1000,Exact,455,114,30,0.264,0.973684,0.091574,GradientBoostedTreesQuickScorerExtended [virtual interface],0.9077,3.0053,10.3990,GradientBoostedTreesQuickScorerExtended [virtual interface]=0.9077;GradientBoostedTreesOptPred [virtual interface]=1.5523;GradientBoostedTreesGeneric [virtual interface]=3.0053;Generic slow engine=10.3990
wdbc,Axis Aligned,8,8,100,57,0.1,2.0,2.0,1000,Exact,455,114,30,0.277,0.982456,0.063022,GradientBoostedTreesQuickScorerExtended [virtual interface],0.5653,1.6578,7.0068,GradientBoostedTreesQuickScorerExtended [virtual interface]=0.5653;GradientBoostedTreesOptPred [virtual interface]=0.7448;GradientBoostedTreesGeneric [virtual interface]=1.6578;Generic slow engine=7.0068
wdbc,Axis Aligned,10,8,100,75,0.1,2.0,2.0,1000,Exact,455,114,30,0.408,0.982456,0.0861395,GradientBoostedTreesQuickScorerExtended [virtual interface],0.8570,2.9430,11.6550,GradientBoostedTreesQuickScorerExtended [virtual interface]=0.8570;GradientBoostedTreesOptPred [virtual interface]=1.5028;GradientBoostedTreesGeneric [virtual interface]=2.9430;Generic slow engine=11.6550
wdbc,Oblique,3,8,100,97,0.1,2.0,2.0,1000,Exact,455,114,30,0.173,0.947368,0.134377,GradientBoostedTreesGeneric [virtual interface],1.4743,1.4743,4.3558,GradientBoostedTreesGeneric [virtual interface]=1.4743;Generic slow engine=4.3558
wdbc,Oblique,4,8,100,95,0.1,2.0,2.0,1000,Exact,455,114,30,0.279,0.929825,0.175808,GradientBoostedTreesGeneric [virtual interface],2.2748,2.2748,7.6623,GradientBoostedTreesGeneric [virtual interface]=2.2748;Generic slow engine=7.6623
wdbc,Oblique,5,8,100,88,0.1,2.0,2.0,1000,Exact,455,114,30,0.405,0.929825,0.196935,GradientBoostedTreesGeneric [virtual interface],2.7095,2.7095,10.1090,GradientBoostedTreesGeneric [virtual interface]=2.7095;Generic slow engine=10.1090
wdbc,Oblique,6,8,100,97,0.1,2.0,2.0,1000,Exact,455,114,30,0.530,0.929825,0.172447,GradientBoostedTreesGeneric [virtual interface],4.1885,4.1885,15.0010,GradientBoostedTreesGeneric [virtual interface]=4.1885;Generic slow engine=15.0010
wdbc,Oblique,8,8,100,99,0.1,2.0,2.0,1000,Exact,455,114,30,0.762,0.929825,0.195927,GradientBoostedTreesGeneric [virtual interface],6.5732,6.5732,22.7560,GradientBoostedTreesGeneric [virtual interface]=6.5732;Generic slow engine=22.7560
wdbc,Axis Aligned,3,9,100,100,0.1,2.0,2.0,1000,Exact,455,114,30,0.058,0.95614,0.144637,GradientBoostedTreesQuickScorerExtended [virtual interface],0.2275,1.2067,2.3830,GradientBoostedTreesQuickScorerExtended [virtual interface]=0.2275;GradientBoostedTreesOptPred [virtual interface]=0.5700;GradientBoostedTreesGeneric [virtual interface]=1.2067;Generic slow engine=2.3830
wdbc,Axis Aligned,4,9,100,95,0.1,2.0,2.0,1000,Exact,455,114,30,0.093,0.938596,0.165863,GradientBoostedTreesQuickScorerExtended [virtual interface],0.3468,1.5040,3.9068,GradientBoostedTreesQuickScorerExtended [virtual interface]=0.3468;GradientBoostedTreesOptPred [virtual interface]=0.6973;GradientBoostedTreesGeneric [virtual interface]=1.5040;Generic slow engine=3.9068
wdbc,Axis Aligned,5,9,100,94,0.1,2.0,2.0,1000,Exact,455,114,30,0.139,0.938596,0.21163,GradientBoostedTreesQuickScorerExtended [virtual interface],0.4930,1.9273,5.5338,GradientBoostedTreesQuickScorerExtended [virtual interface]=0.4930;GradientBoostedTreesOptPred [virtual interface]=0.8902;GradientBoostedTreesGeneric [virtual interface]=1.9273;Generic slow engine=5.5338
wdbc,Axis Aligned,6,9,100,95,0.1,2.0,2.0,1000,Exact,455,114,30,0.197,0.947368,0.207975,GradientBoostedTreesQuickScorerExtended [virtual interface],0.7885,2.5943,7.8795,GradientBoostedTreesQuickScorerExtended [virtual interface]=0.7885;GradientBoostedTreesOptPred [virtual interface]=1.2715;GradientBoostedTreesGeneric [virtual interface]=2.5943;Generic slow engine=7.8795
wdbc,Axis Aligned,7,9,100,62,0.1,2.0,2.0,1000,Exact,455,114,30,0.234,0.947368,0.171067,GradientBoostedTreesQuickScorerExtended [virtual interface],0.6022,1.6805,6.3590,GradientBoostedTreesQuickScorerExtended [virtual interface]=0.6022;GradientBoostedTreesOptPred [virtual interface]=0.7285;GradientBoostedTreesGeneric [virtual interface]=1.6805;Generic slow engine=6.3590
wdbc,Axis Aligned,8,9,100,94,0.1,2.0,2.0,1000,Exact,455,114,30,0.332,0.947368,0.207967,GradientBoostedTreesQuickScorerExtended [virtual interface],0.9380,3.2715,11.7770,GradientBoostedTreesQuickScorerExtended [virtual interface]=0.9380;GradientBoostedTreesOptPred [virtual interface]=1.6507;GradientBoostedTreesGeneric [virtual interface]=3.2715;Generic slow engine=11.7770
wdbc,Axis Aligned,10,9,100,100,0.1,2.0,2.0,1000,Exact,455,114,30,0.436,0.947368,0.230222,GradientBoostedTreesQuickScorerExtended [virtual interface],1.2463,4.5390,16.1320,GradientBoostedTreesQuickScorerExtended [virtual interface]=1.2463;GradientBoostedTreesOptPred [virtual interface]=2.4523;GradientBoostedTreesGeneric [virtual interface]=4.5390;Generic slow engine=16.1320
wdbc,Oblique,3,9,100,97,0.1,2.0,2.0,1000,Exact,455,114,30,0.172,0.964912,0.0763605,GradientBoostedTreesGeneric [virtual interface],1.5120,1.5120,4.2373,GradientBoostedTreesGeneric [virtual interface]=1.5120;Generic slow engine=4.2373
wdbc,Oblique,4,9,100,91,0.1,2.0,2.0,1000,Exact,455,114,30,0.274,0.95614,0.111383,GradientBoostedTreesGeneric [virtual interface],2.2000,2.2000,7.2977,GradientBoostedTreesGeneric [virtual interface]=2.2000;Generic slow engine=7.2977
wdbc,Oblique,5,9,100,97,0.1,2.0,2.0,1000,Exact,455,114,30,0.389,0.964912,0.120725,GradientBoostedTreesGeneric [virtual interface],3.2075,3.2075,11.3990,GradientBoostedTreesGeneric [virtual interface]=3.2075;Generic slow engine=11.3990
wdbc,Oblique,6,9,100,46,0.1,2.0,2.0,1000,Exact,455,114,30,0.396,0.964912,0.107595,GradientBoostedTreesGeneric [virtual interface],1.4963,1.4963,6.7957,GradientBoostedTreesGeneric [virtual interface]=1.4963;Generic slow engine=6.7957
wdbc,Oblique,8,9,100,98,0.1,2.0,2.0,1000,Exact,455,114,30,0.781,0.964912,0.109395,GradientBoostedTreesGeneric [virtual interface],6.5605,6.5605,22.0810,GradientBoostedTreesGeneric [virtual interface]=6.5605;Generic slow engine=22.0810
ilpd,Axis Aligned,3,0,100,11,0.1,2.0,2.0,1000,Exact,466,117,10,0.019,0.666667,0.56326,GradientBoostedTreesOptPred [virtual interface],0.0385,0.1260,0.1842,GradientBoostedTreesOptPred [virtual interface]=0.0385;GradientBoostedTreesQuickScorerExtended [virtual interface]=0.0393;GradientBoostedTreesGeneric [virtual interface]=0.1260;Generic slow engine=0.1842
ilpd,Axis Aligned,4,0,100,12,0.1,2.0,2.0,1000,Exact,466,117,10,0.025,0.641026,0.553956,GradientBoostedTreesOptPred [virtual interface],0.0520,0.1722,0.3088,GradientBoostedTreesOptPred [virtual interface]=0.0520;GradientBoostedTreesQuickScorerExtended [virtual interface]=0.0673;GradientBoostedTreesGeneric [virtual interface]=0.1722;Generic slow engine=0.3088
ilpd,Axis Aligned,5,0,100,17,0.1,2.0,2.0,1000,Exact,466,117,10,0.040,0.675214,0.548741,GradientBoostedTreesOptPred [virtual interface],0.1113,0.3555,0.7812,GradientBoostedTreesOptPred [virtual interface]=0.1113;GradientBoostedTreesQuickScorerExtended [virtual interface]=0.1185;GradientBoostedTreesGeneric [virtual interface]=0.3555;Generic slow engine=0.7812
ilpd,Axis Aligned,6,0,100,12,0.1,2.0,2.0,1000,Exact,466,117,10,0.057,0.641026,0.554234,GradientBoostedTreesOptPred [virtual interface],0.1022,0.3287,0.7147,GradientBoostedTreesOptPred [virtual interface]=0.1022;GradientBoostedTreesQuickScorerExtended [virtual interface]=0.1373;GradientBoostedTreesGeneric [virtual interface]=0.3287;Generic slow engine=0.7147
ilpd,Axis Aligned,7,0,100,12,0.1,2.0,2.0,1000,Exact,466,117,10,0.074,0.65812,0.575621,GradientBoostedTreesOptPred [virtual interface],0.1242,0.3543,1.0028,GradientBoostedTreesOptPred [virtual interface]=0.1242;GradientBoostedTreesQuickScorerExtended [virtual interface]=0.1765;GradientBoostedTreesGeneric [virtual interface]=0.3543;Generic slow engine=1.0028
ilpd,Axis Aligned,8,0,100,11,0.1,2.0,2.0,1000,Exact,466,117,10,0.098,0.649573,0.576082,GradientBoostedTreesQuickScorerExtended [virtual interface],0.1968,0.3680,1.2423,GradientBoostedTreesQuickScorerExtended [virtual interface]=0.1968;GradientBoostedTreesOptPred [virtual interface]=0.2582;GradientBoostedTreesGeneric [virtual interface]=0.3680;Generic slow engine=1.2423
ilpd,Axis Aligned,10,0,100,11,0.1,2.0,2.0,1000,Exact,466,117,10,0.139,0.641026,0.596991,GradientBoostedTreesOptPred [virtual interface],0.2037,0.4720,1.5170,GradientBoostedTreesOptPred [virtual interface]=0.2037;GradientBoostedTreesQuickScorerExtended [virtual interface]=0.2405;GradientBoostedTreesGeneric [virtual interface]=0.4720;Generic slow engine=1.5170
ilpd,Oblique,3,0,100,36,0.1,2.0,2.0,1000,Exact,466,117,10,0.047,0.683761,0.530075,GradientBoostedTreesGeneric [virtual interface],0.4763,0.4763,1.4875,GradientBoostedTreesGeneric [virtual interface]=0.4763;Generic slow engine=1.4875
ilpd,Oblique,4,0,100,14,0.1,2.0,2.0,1000,Exact,466,117,10,0.047,0.65812,0.550776,GradientBoostedTreesGeneric [virtual interface],0.2610,0.2610,0.9670,GradientBoostedTreesGeneric [virtual interface]=0.2610;Generic slow engine=0.9670
ilpd,Oblique,5,0,100,12,0.1,2.0,2.0,1000,Exact,466,117,10,0.066,0.65812,0.562678,GradientBoostedTreesGeneric [virtual interface],0.2853,0.2853,1.1673,GradientBoostedTreesGeneric [virtual interface]=0.2853;Generic slow engine=1.1673
ilpd,Oblique,6,0,100,19,0.1,2.0,2.0,1000,Exact,466,117,10,0.106,0.726496,0.545585,GradientBoostedTreesGeneric [virtual interface],0.6925,0.6925,2.7328,GradientBoostedTreesGeneric [virtual interface]=0.6925;Generic slow engine=2.7328
ilpd,Oblique,8,0,100,13,0.1,2.0,2.0,1000,Exact,466,117,10,0.175,0.666667,0.558689,GradientBoostedTreesGeneric [virtual interface],0.6542,0.6542,2.6615,GradientBoostedTreesGeneric [virtual interface]=0.6542;Generic slow engine=2.6615
ilpd,Axis Aligned,3,1,100,86,0.1,2.0,2.0,1000,Exact,466,117,10,0.044,0.692308,0.537158,GradientBoostedTreesQuickScorerExtended [virtual interface],0.1772,1.2135,1.9870,GradientBoostedTreesQuickScorerExtended [virtual interface]=0.1772;GradientBoostedTreesOptPred [virtual interface]=0.6540;GradientBoostedTreesGeneric [virtual interface]=1.2135;Generic slow engine=1.9870
ilpd,Axis Aligned,4,1,100,81,0.1,2.0,2.0,1000,Exact,466,117,10,0.059,0.692308,0.587471,GradientBoostedTreesQuickScorerExtended [virtual interface],0.2700,1.6767,3.2858,GradientBoostedTreesQuickScorerExtended [virtual interface]=0.2700;GradientBoostedTreesOptPred [virtual interface]=1.0357;GradientBoostedTreesGeneric [virtual interface]=1.6767;Generic slow engine=3.2858
ilpd,Axis Aligned,5,1,100,30,0.1,2.0,2.0,1000,Exact,466,117,10,0.051,0.709402,0.560134,GradientBoostedTreesQuickScorerExtended [virtual interface],0.1850,0.7097,1.4792,GradientBoostedTreesQuickScorerExtended [virtual interface]=0.1850;GradientBoostedTreesOptPred [virtual interface]=0.3310;GradientBoostedTreesGeneric [virtual interface]=0.7097;Generic slow engine=1.4792
ilpd,Axis Aligned,6,1,100,35,0.1,2.0,2.0,1000,Exact,466,117,10,0.079,0.700855,0.620037,GradientBoostedTreesQuickScorerExtended [virtual interface],0.3205,1.1233,2.8585,GradientBoostedTreesQuickScorerExtended [virtual interface]=0.3205;GradientBoostedTreesOptPred [virtual interface]=0.5547;GradientBoostedTreesGeneric [virtual interface]=1.1233;Generic slow engine=2.8585
ilpd,Axis Aligned,7,1,100,26,0.1,2.0,2.0,1000,Exact,466,117,10,0.096,0.717949,0.567006,GradientBoostedTreesQuickScorerExtended [virtual interface],0.3018,0.9650,2.5393,GradientBoostedTreesQuickScorerExtended [virtual interface]=0.3018;GradientBoostedTreesOptPred [virtual interface]=0.5038;GradientBoostedTreesGeneric [virtual interface]=0.9650;Generic slow engine=2.5393
ilpd,Axis Aligned,8,1,100,34,0.1,2.0,2.0,1000,Exact,466,117,10,0.135,0.692308,0.628549,GradientBoostedTreesQuickScorerExtended [virtual interface],0.4755,1.6102,4.4242,GradientBoostedTreesQuickScorerExtended [virtual interface]=0.4755;GradientBoostedTreesOptPred [virtual interface]=1.0217;GradientBoostedTreesGeneric [virtual interface]=1.6102;Generic slow engine=4.4242
ilpd,Axis Aligned,10,1,100,46,0.1,2.0,2.0,1000,Exact,466,117,10,0.228,0.735043,0.717738,GradientBoostedTreesOptPred [virtual interface],1.9698,2.7810,7.9015,GradientBoostedTreesOptPred [virtual interface]=1.9698;GradientBoostedTreesGeneric [virtual interface]=2.7810;Generic slow engine=7.9015
ilpd,Oblique,3,1,100,82,0.1,2.0,2.0,1000,Exact,466,117,10,0.068,0.760684,0.512686,GradientBoostedTreesGeneric [virtual interface],1.3205,1.3205,3.8048,GradientBoostedTreesGeneric [virtual interface]=1.3205;Generic slow engine=3.8048
ilpd,Oblique,4,1,100,83,0.1,2.0,2.0,1000,Exact,466,117,10,0.101,0.735043,0.531394,GradientBoostedTreesGeneric [virtual interface],2.4722,2.4722,6.6950,GradientBoostedTreesGeneric [virtual interface]=2.4722;Generic slow engine=6.6950
ilpd,Oblique,5,1,100,86,0.1,2.0,2.0,1000,Exact,466,117,10,0.151,0.735043,0.540072,GradientBoostedTreesGeneric [virtual interface],3.7332,3.7332,10.2100,GradientBoostedTreesGeneric [virtual interface]=3.7332;Generic slow engine=10.2100
ilpd,Oblique,6,1,100,70,0.1,2.0,2.0,1000,Exact,466,117,10,0.209,0.752137,0.541878,GradientBoostedTreesGeneric [virtual interface],4.1398,4.1398,11.8000,GradientBoostedTreesGeneric [virtual interface]=4.1398;Generic slow engine=11.8000
ilpd,Oblique,8,1,100,33,0.1,2.0,2.0,1000,Exact,466,117,10,0.238,0.769231,0.498096,GradientBoostedTreesGeneric [virtual interface],2.3207,2.3207,7.5717,GradientBoostedTreesGeneric [virtual interface]=2.3207;Generic slow engine=7.5717
ilpd,Axis Aligned,3,2,100,51,0.1,2.0,2.0,1000,Exact,466,117,10,0.034,0.700855,0.547666,GradientBoostedTreesQuickScorerExtended [virtual interface],0.1087,0.5790,1.0423,GradientBoostedTreesQuickScorerExtended [virtual interface]=0.1087;GradientBoostedTreesOptPred [virtual interface]=0.2198;GradientBoostedTreesGeneric [virtual interface]=0.5790;Generic slow engine=1.0423
ilpd,Axis Aligned,4,2,100,35,0.1,2.0,2.0,1000,Exact,466,117,10,0.036,0.683761,0.55594,GradientBoostedTreesQuickScorerExtended [virtual interface],0.1172,0.5195,1.1190,GradientBoostedTreesQuickScorerExtended [virtual interface]=0.1172;GradientBoostedTreesOptPred [virtual interface]=0.1817;GradientBoostedTreesGeneric [virtual interface]=0.5195;Generic slow engine=1.1190
ilpd,Axis Aligned,5,2,100,18,0.1,2.0,2.0,1000,Exact,466,117,10,0.039,0.717949,0.549836,GradientBoostedTreesQuickScorerExtended [virtual interface],0.1065,0.3585,0.7720,GradientBoostedTreesQuickScorerExtended [virtual interface]=0.1065;GradientBoostedTreesOptPred [virtual interface]=0.1098;GradientBoostedTreesGeneric [virtual interface]=0.3585;Generic slow engine=0.7720
ilpd,Axis Aligned,6,2,100,22,0.1,2.0,2.0,1000,Exact,466,117,10,0.058,0.666667,0.568039,GradientBoostedTreesQuickScorerExtended [virtual interface],0.1875,0.6382,1.5380,GradientBoostedTreesQuickScorerExtended [virtual interface]=0.1875;GradientBoostedTreesOptPred [virtual interface]=0.2137;GradientBoostedTreesGeneric [virtual interface]=0.6382;Generic slow engine=1.5380
ilpd,Axis Aligned,7,2,100,29,0.1,2.0,2.0,1000,Exact,466,117,10,0.097,0.683761,0.588371,GradientBoostedTreesQuickScorerExtended [virtual interface],0.3167,0.9905,2.8765,GradientBoostedTreesQuickScorerExtended [virtual interface]=0.3167;GradientBoostedTreesOptPred [virtual interface]=0.5885;GradientBoostedTreesGeneric [virtual interface]=0.9905;Generic slow engine=2.8765
ilpd,Axis Aligned,8,2,100,35,0.1,2.0,2.0,1000,Exact,466,117,10,0.131,0.65812,0.595575,GradientBoostedTreesQuickScorerExtended [virtual interface],0.4607,1.5755,4.5743,GradientBoostedTreesQuickScorerExtended [virtual interface]=0.4607;GradientBoostedTreesOptPred [virtual interface]=1.0795;GradientBoostedTreesGeneric [virtual interface]=1.5755;Generic slow engine=4.5743
ilpd,Axis Aligned,10,2,100,24,0.1,2.0,2.0,1000,Exact,466,117,10,0.158,0.683761,0.599285,GradientBoostedTreesQuickScorerExtended [virtual interface],0.4120,1.1700,3.8493,GradientBoostedTreesQuickScorerExtended [virtual interface]=0.4120;GradientBoostedTreesOptPred [virtual interface]=0.7425;GradientBoostedTreesGeneric [virtual interface]=1.1700;Generic slow engine=3.8493
ilpd,Oblique,3,2,100,95,0.1,2.0,2.0,1000,Exact,466,117,10,0.068,0.700855,0.588992,GradientBoostedTreesGeneric [virtual interface],1.5557,1.5557,4.1020,GradientBoostedTreesGeneric [virtual interface]=1.5557;Generic slow engine=4.1020
ilpd,Oblique,4,2,100,72,0.1,2.0,2.0,1000,Exact,466,117,10,0.101,0.65812,0.572991,GradientBoostedTreesGeneric [virtual interface],1.8015,1.8015,5.8585,GradientBoostedTreesGeneric [virtual interface]=1.8015;Generic slow engine=5.8585
ilpd,Oblique,5,2,100,30,0.1,2.0,2.0,1000,Exact,466,117,10,0.090,0.700855,0.551075,GradientBoostedTreesGeneric [virtual interface],0.8880,0.8880,3.2735,GradientBoostedTreesGeneric [virtual interface]=0.8880;Generic slow engine=3.2735
ilpd,Oblique,6,2,100,37,0.1,2.0,2.0,1000,Exact,466,117,10,0.139,0.683761,0.566262,GradientBoostedTreesGeneric [virtual interface],1.5780,1.5780,5.6160,GradientBoostedTreesGeneric [virtual interface]=1.5780;Generic slow engine=5.6160
ilpd,Oblique,8,2,100,20,0.1,2.0,2.0,1000,Exact,466,117,10,0.191,0.717949,0.572344,GradientBoostedTreesGeneric [virtual interface],1.0998,1.0998,4.5375,GradientBoostedTreesGeneric [virtual interface]=1.0998;Generic slow engine=4.5375
ilpd,Axis Aligned,3,3,100,98,0.1,2.0,2.0,1000,Exact,466,117,10,0.043,0.666667,0.545428,GradientBoostedTreesQuickScorerExtended [virtual interface],0.1812,1.4990,2.3470,GradientBoostedTreesQuickScorerExtended [virtual interface]=0.1812;GradientBoostedTreesOptPred [virtual interface]=0.8295;GradientBoostedTreesGeneric [virtual interface]=1.4990;Generic slow engine=2.3470
ilpd,Axis Aligned,4,3,100,42,0.1,2.0,2.0,1000,Exact,466,117,10,0.043,0.683761,0.534867,GradientBoostedTreesQuickScorerExtended [virtual interface],0.1663,0.7975,1.6222,GradientBoostedTreesQuickScorerExtended [virtual interface]=0.1663;GradientBoostedTreesOptPred [virtual interface]=0.4180;GradientBoostedTreesGeneric [virtual interface]=0.7975;Generic slow engine=1.6222
ilpd,Axis Aligned,5,3,100,32,0.1,2.0,2.0,1000,Exact,466,117,10,0.054,0.666667,0.514984,GradientBoostedTreesQuickScorerExtended [virtual interface],0.1940,0.8095,1.6438,GradientBoostedTreesQuickScorerExtended [virtual interface]=0.1940;GradientBoostedTreesOptPred [virtual interface]=0.3710;GradientBoostedTreesGeneric [virtual interface]=0.8095;Generic slow engine=1.6438
ilpd,Axis Aligned,6,3,100,70,0.1,2.0,2.0,1000,Exact,466,117,10,0.117,0.683761,0.584187,GradientBoostedTreesQuickScorerExtended [virtual interface],0.5265,2.5813,5.7835,GradientBoostedTreesQuickScorerExtended [virtual interface]=0.5265;GradientBoostedTreesOptPred [virtual interface]=1.5897;GradientBoostedTreesGeneric [virtual interface]=2.5813;Generic slow engine=5.7835
ilpd,Axis Aligned,7,3,100,13,0.1,2.0,2.0,1000,Exact,466,117,10,0.075,0.700855,0.514996,GradientBoostedTreesOptPred [virtual interface],0.1695,0.3772,1.1055,GradientBoostedTreesOptPred [virtual interface]=0.1695;GradientBoostedTreesQuickScorerExtended [virtual interface]=0.2285;GradientBoostedTreesGeneric [virtual interface]=0.3772;Generic slow engine=1.1055
ilpd,Axis Aligned,8,3,100,43,0.1,2.0,2.0,1000,Exact,466,117,10,0.159,0.65812,0.567239,GradientBoostedTreesQuickScorerExtended [virtual interface],0.5595,2.0785,5.5240,GradientBoostedTreesQuickScorerExtended [virtual interface]=0.5595;GradientBoostedTreesOptPred [virtual interface]=1.3502;GradientBoostedTreesGeneric [virtual interface]=2.0785;Generic slow engine=5.5240
ilpd,Axis Aligned,10,3,100,27,0.1,2.0,2.0,1000,Exact,466,117,10,0.177,0.683761,0.553201,GradientBoostedTreesOptPred [virtual interface],1.0100,1.5713,4.6440,GradientBoostedTreesOptPred [virtual interface]=1.0100;GradientBoostedTreesGeneric [virtual interface]=1.5713;Generic slow engine=4.6440
ilpd,Oblique,3,3,100,70,0.1,2.0,2.0,1000,Exact,466,117,10,0.068,0.735043,0.499989,GradientBoostedTreesGeneric [virtual interface],1.0765,1.0765,2.9828,GradientBoostedTreesGeneric [virtual interface]=1.0765;Generic slow engine=2.9828
ilpd,Oblique,4,3,100,91,0.1,2.0,2.0,1000,Exact,466,117,10,0.099,0.709402,0.571904,GradientBoostedTreesGeneric [virtual interface],2.5913,2.5913,7.2153,GradientBoostedTreesGeneric [virtual interface]=2.5913;Generic slow engine=7.2153
ilpd,Oblique,5,3,100,36,0.1,2.0,2.0,1000,Exact,466,117,10,0.102,0.709402,0.509793,GradientBoostedTreesGeneric [virtual interface],1.1698,1.1698,4.0838,GradientBoostedTreesGeneric [virtual interface]=1.1698;Generic slow engine=4.0838
ilpd,Oblique,6,3,100,37,0.1,2.0,2.0,1000,Exact,466,117,10,0.144,0.735043,0.504324,GradientBoostedTreesGeneric [virtual interface],1.6990,1.6990,5.8150,GradientBoostedTreesGeneric [virtual interface]=1.6990;Generic slow engine=5.8150
ilpd,Oblique,8,3,100,51,0.1,2.0,2.0,1000,Exact,466,117,10,0.294,0.717949,0.52861,GradientBoostedTreesGeneric [virtual interface],4.2142,4.2142,12.1290,GradientBoostedTreesGeneric [virtual interface]=4.2142;Generic slow engine=12.1290
ilpd,Axis Aligned,3,4,100,42,0.1,2.0,2.0,1000,Exact,466,117,10,0.031,0.794872,0.444596,GradientBoostedTreesQuickScorerExtended [virtual interface],0.0912,0.5028,0.7562,GradientBoostedTreesQuickScorerExtended [virtual interface]=0.0912;GradientBoostedTreesOptPred [virtual interface]=0.1507;GradientBoostedTreesGeneric [virtual interface]=0.5028;Generic slow engine=0.7562
ilpd,Axis Aligned,4,4,100,29,0.1,2.0,2.0,1000,Exact,466,117,10,0.035,0.82906,0.43485,GradientBoostedTreesQuickScorerExtended [virtual interface],0.1095,0.5260,0.8832,GradientBoostedTreesQuickScorerExtended [virtual interface]=0.1095;GradientBoostedTreesOptPred [virtual interface]=0.1470;GradientBoostedTreesGeneric [virtual interface]=0.5260;Generic slow engine=0.8832
ilpd,Axis Aligned,5,4,100,21,0.1,2.0,2.0,1000,Exact,466,117,10,0.044,0.777778,0.451588,GradientBoostedTreesQuickScorerExtended [virtual interface],0.1370,0.4750,0.9545,GradientBoostedTreesQuickScorerExtended [virtual interface]=0.1370;GradientBoostedTreesOptPred [virtual interface]=0.1705;GradientBoostedTreesGeneric [virtual interface]=0.4750;Generic slow engine=0.9545
ilpd,Axis Aligned,6,4,100,15,0.1,2.0,2.0,1000,Exact,466,117,10,0.054,0.777778,0.460898,GradientBoostedTreesOptPred [virtual interface],0.1108,0.3757,0.9898,GradientBoostedTreesOptPred [virtual interface]=0.1108;GradientBoostedTreesQuickScorerExtended [virtual interface]=0.1643;GradientBoostedTreesGeneric [virtual interface]=0.3757;Generic slow engine=0.9898
ilpd,Axis Aligned,7,4,100,19,0.1,2.0,2.0,1000,Exact,466,117,10,0.081,0.786325,0.453837,GradientBoostedTreesQuickScorerExtended [virtual interface],0.2587,0.6320,1.7400,GradientBoostedTreesQuickScorerExtended [virtual interface]=0.2587;GradientBoostedTreesOptPred [virtual interface]=0.3257;GradientBoostedTreesGeneric [virtual interface]=0.6320;Generic slow engine=1.7400
ilpd,Axis Aligned,8,4,100,18,0.1,2.0,2.0,1000,Exact,466,117,10,0.102,0.760684,0.455021,GradientBoostedTreesQuickScorerExtended [virtual interface],0.2908,0.7292,2.0358,GradientBoostedTreesQuickScorerExtended [virtual interface]=0.2908;GradientBoostedTreesOptPred [virtual interface]=0.4223;GradientBoostedTreesGeneric [virtual interface]=0.7292;Generic slow engine=2.0358
ilpd,Axis Aligned,10,4,100,12,0.1,2.0,2.0,1000,Exact,466,117,10,0.135,0.74359,0.464955,GradientBoostedTreesOptPred [virtual interface],0.2343,0.4760,1.6603,GradientBoostedTreesOptPred [virtual interface]=0.2343;GradientBoostedTreesQuickScorerExtended [virtual interface]=0.2747;GradientBoostedTreesGeneric [virtual interface]=0.4760;Generic slow engine=1.6603
ilpd,Oblique,3,4,100,35,0.1,2.0,2.0,1000,Exact,466,117,10,0.045,0.769231,0.461032,GradientBoostedTreesGeneric [virtual interface],0.4908,0.4908,1.3080,GradientBoostedTreesGeneric [virtual interface]=0.4908;Generic slow engine=1.3080
ilpd,Oblique,4,4,100,24,0.1,2.0,2.0,1000,Exact,466,117,10,0.056,0.760684,0.447439,GradientBoostedTreesGeneric [virtual interface],0.5052,0.5052,1.6723,GradientBoostedTreesGeneric [virtual interface]=0.5052;Generic slow engine=1.6723
ilpd,Oblique,5,4,100,26,0.1,2.0,2.0,1000,Exact,466,117,10,0.084,0.777778,0.453601,GradientBoostedTreesGeneric [virtual interface],0.7915,0.7915,3.1975,GradientBoostedTreesGeneric [virtual interface]=0.7915;Generic slow engine=3.1975
ilpd,Oblique,6,4,100,28,0.1,2.0,2.0,1000,Exact,466,117,10,0.126,0.794872,0.440728,GradientBoostedTreesGeneric [virtual interface],1.1188,1.1188,4.3758,GradientBoostedTreesGeneric [virtual interface]=1.1188;Generic slow engine=4.3758
ilpd,Oblique,8,4,100,17,0.1,2.0,2.0,1000,Exact,466,117,10,0.183,0.803419,0.421779,GradientBoostedTreesGeneric [virtual interface],0.9583,0.9583,3.6990,GradientBoostedTreesGeneric [virtual interface]=0.9583;Generic slow engine=3.6990
ilpd,Axis Aligned,3,5,100,12,0.1,2.0,2.0,1000,Exact,466,117,10,0.019,0.786325,0.524293,GradientBoostedTreesQuickScorerExtended [virtual interface],0.0423,0.1085,0.1993,GradientBoostedTreesQuickScorerExtended [virtual interface]=0.0423;GradientBoostedTreesOptPred [virtual interface]=0.0478;GradientBoostedTreesGeneric [virtual interface]=0.1085;Generic slow engine=0.1993
ilpd,Axis Aligned,4,5,100,11,0.1,2.0,2.0,1000,Exact,466,117,10,0.025,0.811966,0.519431,GradientBoostedTreesOptPred [virtual interface],0.0500,0.1452,0.2833,GradientBoostedTreesOptPred [virtual interface]=0.0500;GradientBoostedTreesQuickScorerExtended [virtual interface]=0.0530;GradientBoostedTreesGeneric [virtual interface]=0.1452;Generic slow engine=0.2833
ilpd,Axis Aligned,5,5,100,11,0.1,2.0,2.0,1000,Exact,466,117,10,0.035,0.752137,0.514883,GradientBoostedTreesOptPred [virtual interface],0.0655,0.2050,0.4430,GradientBoostedTreesOptPred [virtual interface]=0.0655;GradientBoostedTreesQuickScorerExtended [virtual interface]=0.0818;GradientBoostedTreesGeneric [virtual interface]=0.2050;Generic slow engine=0.4430
ilpd,Axis Aligned,6,5,100,11,0.1,2.0,2.0,1000,Exact,466,117,10,0.052,0.74359,0.532497,GradientBoostedTreesOptPred [virtual interface],0.0820,0.3180,0.6697,GradientBoostedTreesOptPred [virtual interface]=0.0820;GradientBoostedTreesQuickScorerExtended [virtual interface]=0.1175;GradientBoostedTreesGeneric [virtual interface]=0.3180;Generic slow engine=0.6697
ilpd,Axis Aligned,7,5,100,11,0.1,2.0,2.0,1000,Exact,466,117,10,0.070,0.74359,0.522676,GradientBoostedTreesOptPred [virtual interface],0.0932,0.3347,0.8995,GradientBoostedTreesOptPred [virtual interface]=0.0932;GradientBoostedTreesQuickScorerExtended [virtual interface]=0.1445;GradientBoostedTreesGeneric [virtual interface]=0.3347;Generic slow engine=0.8995
ilpd,Axis Aligned,8,5,100,11,0.1,2.0,2.0,1000,Exact,466,117,10,0.097,0.700855,0.545166,GradientBoostedTreesOptPred [virtual interface],0.1640,0.3613,1.1022,GradientBoostedTreesOptPred [virtual interface]=0.1640;GradientBoostedTreesQuickScorerExtended [virtual interface]=0.1883;GradientBoostedTreesGeneric [virtual interface]=0.3613;Generic slow engine=1.1022
ilpd,Axis Aligned,10,5,100,11,0.1,2.0,2.0,1000,Exact,466,117,10,0.137,0.717949,0.553622,GradientBoostedTreesOptPred [virtual interface],0.1782,0.4245,1.5893,GradientBoostedTreesOptPred [virtual interface]=0.1782;GradientBoostedTreesQuickScorerExtended [virtual interface]=0.2355;GradientBoostedTreesGeneric [virtual interface]=0.4245;Generic slow engine=1.5893
ilpd,Oblique,3,5,100,13,0.1,2.0,2.0,1000,Exact,466,117,10,0.030,0.760684,0.51768,GradientBoostedTreesGeneric [virtual interface],0.1700,0.1700,0.4080,GradientBoostedTreesGeneric [virtual interface]=0.1700;Generic slow engine=0.4080
ilpd,Oblique,4,5,100,11,0.1,2.0,2.0,1000,Exact,466,117,10,0.043,0.726496,0.534094,GradientBoostedTreesGeneric [virtual interface],0.2365,0.2365,0.5737,GradientBoostedTreesGeneric [virtual interface]=0.2365;Generic slow engine=0.5737
ilpd,Oblique,5,5,100,17,0.1,2.0,2.0,1000,Exact,466,117,10,0.072,0.735043,0.496733,GradientBoostedTreesGeneric [virtual interface],0.4270,0.4270,1.6800,GradientBoostedTreesGeneric [virtual interface]=0.4270;Generic slow engine=1.6800
ilpd,Oblique,6,5,100,11,0.1,2.0,2.0,1000,Exact,466,117,10,0.096,0.752137,0.520581,GradientBoostedTreesGeneric [virtual interface],0.3367,0.3367,1.3173,GradientBoostedTreesGeneric [virtual interface]=0.3367;Generic slow engine=1.3173
ilpd,Oblique,8,5,100,11,0.1,2.0,2.0,1000,Exact,466,117,10,0.159,0.74359,0.515663,GradientBoostedTreesGeneric [virtual interface],0.5178,0.5178,2.2248,GradientBoostedTreesGeneric [virtual interface]=0.5178;Generic slow engine=2.2248
ilpd,Axis Aligned,3,6,100,36,0.1,2.0,2.0,1000,Exact,466,117,10,0.029,0.735043,0.484954,GradientBoostedTreesQuickScorerExtended [virtual interface],0.0880,0.4680,0.6012,GradientBoostedTreesQuickScorerExtended [virtual interface]=0.0880;GradientBoostedTreesOptPred [virtual interface]=0.1172;GradientBoostedTreesGeneric [virtual interface]=0.4680;Generic slow engine=0.6012
ilpd,Axis Aligned,4,6,100,19,0.1,2.0,2.0,1000,Exact,466,117,10,0.030,0.735043,0.507992,GradientBoostedTreesOptPred [virtual interface],0.0843,0.2870,0.5132,GradientBoostedTreesOptPred [virtual interface]=0.0843;GradientBoostedTreesQuickScorerExtended [virtual interface]=0.0877;GradientBoostedTreesGeneric [virtual interface]=0.2870;Generic slow engine=0.5132
ilpd,Axis Aligned,5,6,100,28,0.1,2.0,2.0,1000,Exact,466,117,10,0.048,0.717949,0.504248,GradientBoostedTreesQuickScorerExtended [virtual interface],0.1827,0.6148,1.3730,GradientBoostedTreesQuickScorerExtended [virtual interface]=0.1827;GradientBoostedTreesOptPred [virtual interface]=0.2405;GradientBoostedTreesGeneric [virtual interface]=0.6148;Generic slow engine=1.3730
ilpd,Axis Aligned,6,6,100,17,0.1,2.0,2.0,1000,Exact,466,117,10,0.054,0.709402,0.509021,GradientBoostedTreesOptPred [virtual interface],0.1507,0.4273,1.3073,GradientBoostedTreesOptPred [virtual interface]=0.1507;GradientBoostedTreesQuickScorerExtended [virtual interface]=0.1663;GradientBoostedTreesGeneric [virtual interface]=0.4273;Generic slow engine=1.3073
ilpd,Axis Aligned,7,6,100,15,0.1,2.0,2.0,1000,Exact,466,117,10,0.076,0.717949,0.516966,GradientBoostedTreesOptPred [virtual interface],0.1708,0.4210,1.4552,GradientBoostedTreesOptPred [virtual interface]=0.1708;GradientBoostedTreesQuickScorerExtended [virtual interface]=0.1978;GradientBoostedTreesGeneric [virtual interface]=0.4210;Generic slow engine=1.4552
ilpd,Axis Aligned,8,6,100,13,0.1,2.0,2.0,1000,Exact,466,117,10,0.089,0.735043,0.521863,GradientBoostedTreesOptPred [virtual interface],0.1998,0.4290,1.3518,GradientBoostedTreesOptPred [virtual interface]=0.1998;GradientBoostedTreesQuickScorerExtended [virtual interface]=0.2137;GradientBoostedTreesGeneric [virtual interface]=0.4290;Generic slow engine=1.3518
ilpd,Axis Aligned,10,6,100,22,0.1,2.0,2.0,1000,Exact,466,117,10,0.151,0.735043,0.542099,GradientBoostedTreesQuickScorerExtended [virtual interface],0.4075,1.1395,3.7048,GradientBoostedTreesQuickScorerExtended [virtual interface]=0.4075;GradientBoostedTreesOptPred [virtual interface]=0.6562;GradientBoostedTreesGeneric [virtual interface]=1.1395;Generic slow engine=3.7048
ilpd,Oblique,3,6,100,28,0.1,2.0,2.0,1000,Exact,466,117,10,0.040,0.74359,0.493744,GradientBoostedTreesGeneric [virtual interface],0.3623,0.3623,0.9283,GradientBoostedTreesGeneric [virtual interface]=0.3623;Generic slow engine=0.9283
ilpd,Oblique,4,6,100,29,0.1,2.0,2.0,1000,Exact,466,117,10,0.061,0.735043,0.493168,GradientBoostedTreesGeneric [virtual interface],0.5883,0.5883,2.0248,GradientBoostedTreesGeneric [virtual interface]=0.5883;Generic slow engine=2.0248
ilpd,Oblique,5,6,100,24,0.1,2.0,2.0,1000,Exact,466,117,10,0.079,0.74359,0.495417,GradientBoostedTreesGeneric [virtual interface],0.6552,0.6552,2.6008,GradientBoostedTreesGeneric [virtual interface]=0.6552;Generic slow engine=2.6008
ilpd,Oblique,6,6,100,34,0.1,2.0,2.0,1000,Exact,466,117,10,0.136,0.726496,0.510855,GradientBoostedTreesGeneric [virtual interface],1.4772,1.4772,5.3380,GradientBoostedTreesGeneric [virtual interface]=1.4772;Generic slow engine=5.3380
ilpd,Oblique,8,6,100,16,0.1,2.0,2.0,1000,Exact,466,117,10,0.182,0.794872,0.496461,GradientBoostedTreesGeneric [virtual interface],0.8200,0.8200,3.6620,GradientBoostedTreesGeneric [virtual interface]=0.8200;Generic slow engine=3.6620
ilpd,Axis Aligned,3,7,100,17,0.1,2.0,2.0,1000,Exact,466,117,10,0.021,0.74359,0.508213,GradientBoostedTreesQuickScorerExtended [virtual interface],0.0508,0.2080,0.2782,GradientBoostedTreesQuickScorerExtended [virtual interface]=0.0508;GradientBoostedTreesOptPred [virtual interface]=0.0512;GradientBoostedTreesGeneric [virtual interface]=0.2080;Generic slow engine=0.2782
ilpd,Axis Aligned,4,7,100,11,0.1,2.0,2.0,1000,Exact,466,117,10,0.024,0.735043,0.524342,GradientBoostedTreesOptPred [virtual interface],0.0485,0.1545,0.3997,GradientBoostedTreesOptPred [virtual interface]=0.0485;GradientBoostedTreesQuickScorerExtended [virtual interface]=0.0620;GradientBoostedTreesGeneric [virtual interface]=0.1545;Generic slow engine=0.3997
ilpd,Axis Aligned,5,7,100,13,0.1,2.0,2.0,1000,Exact,466,117,10,0.035,0.709402,0.518644,GradientBoostedTreesOptPred [virtual interface],0.0775,0.2715,0.5275,GradientBoostedTreesOptPred [virtual interface]=0.0775;GradientBoostedTreesQuickScorerExtended [virtual interface]=0.1005;GradientBoostedTreesGeneric [virtual interface]=0.2715;Generic slow engine=0.5275
ilpd,Axis Aligned,6,7,100,11,0.1,2.0,2.0,1000,Exact,466,117,10,0.047,0.752137,0.52893,GradientBoostedTreesOptPred [virtual interface],0.0777,0.2685,0.6607,GradientBoostedTreesOptPred [virtual interface]=0.0777;GradientBoostedTreesQuickScorerExtended [virtual interface]=0.1570;GradientBoostedTreesGeneric [virtual interface]=0.2685;Generic slow engine=0.6607
ilpd,Axis Aligned,7,7,100,11,0.1,2.0,2.0,1000,Exact,466,117,10,0.064,0.726496,0.527314,GradientBoostedTreesOptPred [virtual interface],0.0927,0.3230,0.8750,GradientBoostedTreesOptPred [virtual interface]=0.0927;GradientBoostedTreesQuickScorerExtended [virtual interface]=0.1585;GradientBoostedTreesGeneric [virtual interface]=0.3230;Generic slow engine=0.8750
ilpd,Axis Aligned,8,7,100,11,0.1,2.0,2.0,1000,Exact,466,117,10,0.085,0.692308,0.525629,GradientBoostedTreesOptPred [virtual interface],0.1237,0.3305,1.0668,GradientBoostedTreesOptPred [virtual interface]=0.1237;GradientBoostedTreesQuickScorerExtended [virtual interface]=0.2067;GradientBoostedTreesGeneric [virtual interface]=0.3305;Generic slow engine=1.0668
ilpd,Axis Aligned,10,7,100,14,0.1,2.0,2.0,1000,Exact,466,117,10,0.138,0.726496,0.526119,GradientBoostedTreesQuickScorerExtended [virtual interface],0.2823,0.5503,1.9995,GradientBoostedTreesQuickScorerExtended [virtual interface]=0.2823;GradientBoostedTreesOptPred [virtual interface]=0.2988;GradientBoostedTreesGeneric [virtual interface]=0.5503;Generic slow engine=1.9995
ilpd,Oblique,3,7,100,11,0.1,2.0,2.0,1000,Exact,466,117,10,0.029,0.74359,0.53032,GradientBoostedTreesGeneric [virtual interface],0.1410,0.1410,0.3417,GradientBoostedTreesGeneric [virtual interface]=0.1410;Generic slow engine=0.3417
ilpd,Oblique,4,7,100,11,0.1,2.0,2.0,1000,Exact,466,117,10,0.042,0.692308,0.551288,GradientBoostedTreesGeneric [virtual interface],0.2042,0.2042,0.5995,GradientBoostedTreesGeneric [virtual interface]=0.2042;Generic slow engine=0.5995
ilpd,Oblique,5,7,100,15,0.1,2.0,2.0,1000,Exact,466,117,10,0.067,0.666667,0.563349,GradientBoostedTreesGeneric [virtual interface],0.3635,0.3635,1.3885,GradientBoostedTreesGeneric [virtual interface]=0.3635;Generic slow engine=1.3885
ilpd,Oblique,6,7,100,11,0.1,2.0,2.0,1000,Exact,466,117,10,0.086,0.700855,0.554694,GradientBoostedTreesGeneric [virtual interface],0.3285,0.3285,1.3568,GradientBoostedTreesGeneric [virtual interface]=0.3285;Generic slow engine=1.3568
ilpd,Oblique,8,7,100,12,0.1,2.0,2.0,1000,Exact,466,117,10,0.173,0.692308,0.57659,GradientBoostedTreesGeneric [virtual interface],0.6018,0.6018,2.4535,GradientBoostedTreesGeneric [virtual interface]=0.6018;Generic slow engine=2.4535
ilpd,Axis Aligned,3,8,100,12,0.1,2.0,2.0,1000,Exact,466,117,10,0.019,0.683761,0.549824,GradientBoostedTreesOptPred [virtual interface],0.0413,0.1138,0.2032,GradientBoostedTreesOptPred [virtual interface]=0.0413;GradientBoostedTreesQuickScorerExtended [virtual interface]=0.0425;GradientBoostedTreesGeneric [virtual interface]=0.1138;Generic slow engine=0.2032
ilpd,Axis Aligned,4,8,100,11,0.1,2.0,2.0,1000,Exact,466,117,10,0.025,0.683761,0.537102,GradientBoostedTreesOptPred [virtual interface],0.0452,0.1445,0.2843,GradientBoostedTreesOptPred [virtual interface]=0.0452;GradientBoostedTreesQuickScorerExtended [virtual interface]=0.0690;GradientBoostedTreesGeneric [virtual interface]=0.1445;Generic slow engine=0.2843
ilpd,Axis Aligned,5,8,100,11,0.1,2.0,2.0,1000,Exact,466,117,10,0.037,0.675214,0.54486,GradientBoostedTreesOptPred [virtual interface],0.0587,0.2050,0.4345,GradientBoostedTreesOptPred [virtual interface]=0.0587;GradientBoostedTreesQuickScorerExtended [virtual interface]=0.0858;GradientBoostedTreesGeneric [virtual interface]=0.2050;Generic slow engine=0.4345
ilpd,Axis Aligned,6,8,100,11,0.1,2.0,2.0,1000,Exact,466,117,10,0.052,0.709402,0.555215,GradientBoostedTreesOptPred [virtual interface],0.0925,0.2860,0.6530,GradientBoostedTreesOptPred [virtual interface]=0.0925;GradientBoostedTreesQuickScorerExtended [virtual interface]=0.1255;GradientBoostedTreesGeneric [virtual interface]=0.2860;Generic slow engine=0.6530
ilpd,Axis Aligned,7,8,100,16,0.1,2.0,2.0,1000,Exact,466,117,10,0.079,0.692308,0.544655,GradientBoostedTreesOptPred [virtual interface],0.1995,0.4637,1.4990,GradientBoostedTreesOptPred [virtual interface]=0.1995;GradientBoostedTreesQuickScorerExtended [virtual interface]=0.2145;GradientBoostedTreesGeneric [virtual interface]=0.4637;Generic slow engine=1.4990
ilpd,Axis Aligned,8,8,100,11,0.1,2.0,2.0,1000,Exact,466,117,10,0.091,0.692308,0.548549,GradientBoostedTreesOptPred [virtual interface],0.1172,0.3752,1.3993,GradientBoostedTreesOptPred [virtual interface]=0.1172;GradientBoostedTreesQuickScorerExtended [virtual interface]=0.1893;GradientBoostedTreesGeneric [virtual interface]=0.3752;Generic slow engine=1.3993
ilpd,Axis Aligned,10,8,100,16,0.1,2.0,2.0,1000,Exact,466,117,10,0.151,0.623932,0.585558,GradientBoostedTreesQuickScorerExtended [virtual interface],0.3543,0.7125,2.4093,GradientBoostedTreesQuickScorerExtended [virtual interface]=0.3543;GradientBoostedTreesOptPred [virtual interface]=0.3680;GradientBoostedTreesGeneric [virtual interface]=0.7125;Generic slow engine=2.4093
ilpd,Oblique,3,8,100,22,0.1,2.0,2.0,1000,Exact,466,117,10,0.036,0.726496,0.528964,GradientBoostedTreesGeneric [virtual interface],0.2732,0.2732,0.8790,GradientBoostedTreesGeneric [virtual interface]=0.2732;Generic slow engine=0.8790
ilpd,Oblique,4,8,100,18,0.1,2.0,2.0,1000,Exact,466,117,10,0.049,0.709402,0.533681,GradientBoostedTreesGeneric [virtual interface],0.3448,0.3448,1.1767,GradientBoostedTreesGeneric [virtual interface]=0.3448;Generic slow engine=1.1767
ilpd,Oblique,5,8,100,11,0.1,2.0,2.0,1000,Exact,466,117,10,0.063,0.692308,0.561646,GradientBoostedTreesGeneric [virtual interface],0.2720,0.2720,0.9080,GradientBoostedTreesGeneric [virtual interface]=0.2720;Generic slow engine=0.9080
ilpd,Oblique,6,8,100,13,0.1,2.0,2.0,1000,Exact,466,117,10,0.093,0.700855,0.541542,GradientBoostedTreesGeneric [virtual interface],0.4113,0.4113,1.6500,GradientBoostedTreesGeneric [virtual interface]=0.4113;Generic slow engine=1.6500
ilpd,Oblique,8,8,100,11,0.1,2.0,2.0,1000,Exact,466,117,10,0.166,0.666667,0.553749,GradientBoostedTreesGeneric [virtual interface],0.4938,0.4938,2.2305,GradientBoostedTreesGeneric [virtual interface]=0.4938;Generic slow engine=2.2305
ilpd,Axis Aligned,3,9,100,16,0.1,2.0,2.0,1000,Exact,466,117,10,0.020,0.717949,0.53464,GradientBoostedTreesQuickScorerExtended [virtual interface],0.0475,0.1507,0.2620,GradientBoostedTreesQuickScorerExtended [virtual interface]=0.0475;GradientBoostedTreesOptPred [virtual interface]=0.0583;GradientBoostedTreesGeneric [virtual interface]=0.1507;Generic slow engine=0.2620
ilpd,Axis Aligned,4,9,100,14,0.1,2.0,2.0,1000,Exact,466,117,10,0.027,0.726496,0.52764,GradientBoostedTreesOptPred [virtual interface],0.0573,0.1903,0.3700,GradientBoostedTreesOptPred [virtual interface]=0.0573;GradientBoostedTreesQuickScorerExtended [virtual interface]=0.1150;GradientBoostedTreesGeneric [virtual interface]=0.1903;Generic slow engine=0.3700
ilpd,Axis Aligned,5,9,100,12,0.1,2.0,2.0,1000,Exact,466,117,10,0.035,0.683761,0.546249,GradientBoostedTreesOptPred [virtual interface],0.0640,0.2290,0.4790,GradientBoostedTreesOptPred [virtual interface]=0.0640;GradientBoostedTreesQuickScorerExtended [virtual interface]=0.0885;GradientBoostedTreesGeneric [virtual interface]=0.2290;Generic slow engine=0.4790
ilpd,Axis Aligned,6,9,100,28,0.1,2.0,2.0,1000,Exact,466,117,10,0.068,0.65812,0.564345,GradientBoostedTreesQuickScorerExtended [virtual interface],0.2375,0.8795,2.3205,GradientBoostedTreesQuickScorerExtended [virtual interface]=0.2375;GradientBoostedTreesOptPred [virtual interface]=0.4555;GradientBoostedTreesGeneric [virtual interface]=0.8795;Generic slow engine=2.3205
ilpd,Axis Aligned,7,9,100,21,0.1,2.0,2.0,1000,Exact,466,117,10,0.083,0.666667,0.561612,GradientBoostedTreesQuickScorerExtended [virtual interface],0.2737,0.6600,2.0235,GradientBoostedTreesQuickScorerExtended [virtual interface]=0.2737;GradientBoostedTreesOptPred [virtual interface]=0.3093;GradientBoostedTreesGeneric [virtual interface]=0.6600;Generic slow engine=2.0235
ilpd,Axis Aligned,8,9,100,22,0.1,2.0,2.0,1000,Exact,466,117,10,0.114,0.65812,0.560393,GradientBoostedTreesQuickScorerExtended [virtual interface],0.3417,0.9952,2.7588,GradientBoostedTreesQuickScorerExtended [virtual interface]=0.3417;GradientBoostedTreesOptPred [virtual interface]=0.5265;GradientBoostedTreesGeneric [virtual interface]=0.9952;Generic slow engine=2.7588
ilpd,Axis Aligned,10,9,100,17,0.1,2.0,2.0,1000,Exact,466,117,10,0.145,0.666667,0.565604,GradientBoostedTreesQuickScorerExtended [virtual interface],0.3463,0.7817,2.5515,GradientBoostedTreesQuickScorerExtended [virtual interface]=0.3463;GradientBoostedTreesOptPred [virtual interface]=0.3728;GradientBoostedTreesGeneric [virtual interface]=0.7817;Generic slow engine=2.5515
ilpd,Oblique,3,9,100,20,0.1,2.0,2.0,1000,Exact,466,117,10,0.035,0.700855,0.520479,GradientBoostedTreesGeneric [virtual interface],0.2577,0.2577,0.6198,GradientBoostedTreesGeneric [virtual interface]=0.2577;Generic slow engine=0.6198
ilpd,Oblique,4,9,100,27,0.1,2.0,2.0,1000,Exact,466,117,10,0.058,0.709402,0.541317,GradientBoostedTreesGeneric [virtual interface],0.5180,0.5180,1.8673,GradientBoostedTreesGeneric [virtual interface]=0.5180;Generic slow engine=1.8673
ilpd,Oblique,5,9,100,28,0.1,2.0,2.0,1000,Exact,466,117,10,0.083,0.700855,0.54084,GradientBoostedTreesGeneric [virtual interface],0.7540,0.7540,3.0248,GradientBoostedTreesGeneric [virtual interface]=0.7540;Generic slow engine=3.0248
ilpd,Oblique,6,9,100,54,0.1,2.0,2.0,1000,Exact,466,117,10,0.168,0.666667,0.594146,GradientBoostedTreesGeneric [virtual interface],2.6640,2.6640,8.6495,GradientBoostedTreesGeneric [virtual interface]=2.6640;Generic slow engine=8.6495
ilpd,Oblique,8,9,100,18,0.1,2.0,2.0,1000,Exact,466,117,10,0.180,0.726496,0.513348,GradientBoostedTreesGeneric [virtual interface],0.9820,0.9820,4.1585,GradientBoostedTreesGeneric [virtual interface]=0.9820;Generic slow engine=4.1585
monks-problems-2,Axis Aligned,3,0,100,100,0.1,2.0,2.0,1000,Exact,480,121,6,0.041,0.628099,0.533447,GradientBoostedTreesQuickScorerExtended [virtual interface],0.2117,1.5280,2.3233,GradientBoostedTreesQuickScorerExtended [virtual interface]=0.2117;GradientBoostedTreesOptPred [virtual interface]=0.8133;GradientBoostedTreesGeneric [virtual interface]=1.5280;Generic slow engine=2.3233
monks-problems-2,Axis Aligned,4,0,100,100,0.1,2.0,2.0,1000,Exact,480,121,6,0.055,0.785124,0.428182,GradientBoostedTreesQuickScorerExtended [virtual interface],0.2855,2.1132,4.1820,GradientBoostedTreesQuickScorerExtended [virtual interface]=0.2855;GradientBoostedTreesOptPred [virtual interface]=1.3017;GradientBoostedTreesGeneric [virtual interface]=2.1132;Generic slow engine=4.1820
monks-problems-2,Axis Aligned,5,0,100,100,0.1,2.0,2.0,1000,Exact,480,121,6,0.084,0.958678,0.247858,GradientBoostedTreesQuickScorerExtended [virtual interface],0.3668,2.7988,5.7350,GradientBoostedTreesQuickScorerExtended [virtual interface]=0.3668;GradientBoostedTreesOptPred [virtual interface]=1.5938;GradientBoostedTreesGeneric [virtual interface]=2.7988;Generic slow engine=5.7350
monks-problems-2,Axis Aligned,6,0,100,100,0.1,2.0,2.0,1000,Exact,480,121,6,0.131,0.991736,0.115374,GradientBoostedTreesQuickScorerExtended [virtual interface],0.4208,3.6175,8.8368,GradientBoostedTreesQuickScorerExtended [virtual interface]=0.4208;GradientBoostedTreesOptPred [virtual interface]=2.1442;GradientBoostedTreesGeneric [virtual interface]=3.6175;Generic slow engine=8.8368
monks-problems-2,Axis Aligned,7,0,100,99,0.1,2.0,2.0,1000,Exact,480,121,6,0.201,1.0,0.00943097,GradientBoostedTreesQuickScorerExtended [virtual interface],0.4065,3.3675,11.6380,GradientBoostedTreesQuickScorerExtended [virtual interface]=0.4065;GradientBoostedTreesOptPred [virtual interface]=2.1358;GradientBoostedTreesGeneric [virtual interface]=3.3675;Generic slow engine=11.6380
monks-problems-2,Axis Aligned,8,0,100,97,0.1,2.0,2.0,1000,Exact,480,121,6,0.290,1.0,0.00180001,GradientBoostedTreesQuickScorerExtended [virtual interface],0.4550,3.6260,13.4530,GradientBoostedTreesQuickScorerExtended [virtual interface]=0.4550;GradientBoostedTreesOptPred [virtual interface]=2.2110;GradientBoostedTreesGeneric [virtual interface]=3.6260;Generic slow engine=13.4530
monks-problems-2,Axis Aligned,10,0,100,100,0.1,2.0,2.0,1000,Exact,480,121,6,0.381,1.0,0.00436814,GradientBoostedTreesOptPred [virtual interface],2.0760,3.5693,15.6050,GradientBoostedTreesOptPred [virtual interface]=2.0760;GradientBoostedTreesGeneric [virtual interface]=3.5693;Generic slow engine=15.6050
monks-problems-2,Oblique,3,0,100,100,0.1,2.0,2.0,1000,Exact,480,121,6,0.054,0.809917,0.411284,GradientBoostedTreesGeneric [virtual interface],1.8020,1.8020,4.4745,GradientBoostedTreesGeneric [virtual interface]=1.8020;Generic slow engine=4.4745
monks-problems-2,Oblique,4,0,100,100,0.1,2.0,2.0,1000,Exact,480,121,6,0.076,0.876033,0.331858,GradientBoostedTreesGeneric [virtual interface],3.4253,3.4253,8.3722,GradientBoostedTreesGeneric [virtual interface]=3.4253;Generic slow engine=8.3722
monks-problems-2,Oblique,5,0,100,97,0.1,2.0,2.0,1000,Exact,480,121,6,0.109,0.909091,0.241014,GradientBoostedTreesGeneric [virtual interface],5.0397,5.0397,12.1360,GradientBoostedTreesGeneric [virtual interface]=5.0397;Generic slow engine=12.1360
monks-problems-2,Oblique,6,0,100,94,0.1,2.0,2.0,1000,Exact,480,121,6,0.151,0.92562,0.190199,GradientBoostedTreesGeneric [virtual interface],6.5035,6.5035,16.5530,GradientBoostedTreesGeneric [virtual interface]=6.5035;Generic slow engine=16.5530
monks-problems-2,Oblique,8,0,100,87,0.1,2.0,2.0,1000,Exact,480,121,6,0.264,0.917355,0.162129,GradientBoostedTreesGeneric [virtual interface],8.6335,8.6335,22.0060,GradientBoostedTreesGeneric [virtual interface]=8.6335;Generic slow engine=22.0060
monks-problems-2,Axis Aligned,3,1,100,100,0.1,2.0,2.0,1000,Exact,480,121,6,0.040,0.702479,0.562838,GradientBoostedTreesQuickScorerExtended [virtual interface],0.2110,1.3845,2.3233,GradientBoostedTreesQuickScorerExtended [virtual interface]=0.2110;GradientBoostedTreesOptPred [virtual interface]=0.6617;GradientBoostedTreesGeneric [virtual interface]=1.3845;Generic slow engine=2.3233
monks-problems-2,Axis Aligned,4,1,100,89,0.1,2.0,2.0,1000,Exact,480,121,6,0.055,0.793388,0.51689,GradientBoostedTreesQuickScorerExtended [virtual interface],0.2685,1.8853,3.4062,GradientBoostedTreesQuickScorerExtended [virtual interface]=0.2685;GradientBoostedTreesOptPred [virtual interface]=1.1820;GradientBoostedTreesGeneric [virtual interface]=1.8853;Generic slow engine=3.4062
monks-problems-2,Axis Aligned,5,1,100,100,0.1,2.0,2.0,1000,Exact,480,121,6,0.081,0.859504,0.42612,GradientBoostedTreesQuickScorerExtended [virtual interface],0.4078,2.9985,5.8195,GradientBoostedTreesQuickScorerExtended [virtual interface]=0.4078;GradientBoostedTreesOptPred [virtual interface]=1.7937;GradientBoostedTreesGeneric [virtual interface]=2.9985;Generic slow engine=5.8195
monks-problems-2,Axis Aligned,6,1,100,100,0.1,2.0,2.0,1000,Exact,480,121,6,0.132,0.933884,0.245003,GradientBoostedTreesQuickScorerExtended [virtual interface],0.4323,3.4175,8.9805,GradientBoostedTreesQuickScorerExtended [virtual interface]=0.4323;GradientBoostedTreesOptPred [virtual interface]=1.9173;GradientBoostedTreesGeneric [virtual interface]=3.4175;Generic slow engine=8.9805
monks-problems-2,Axis Aligned,7,1,100,96,0.1,2.0,2.0,1000,Exact,480,121,6,0.212,0.975207,0.146589,GradientBoostedTreesQuickScorerExtended [virtual interface],0.4442,3.4715,11.4810,GradientBoostedTreesQuickScorerExtended [virtual interface]=0.4442;GradientBoostedTreesOptPred [virtual interface]=2.1380;GradientBoostedTreesGeneric [virtual interface]=3.4715;Generic slow engine=11.4810
monks-problems-2,Axis Aligned,8,1,100,82,0.1,2.0,2.0,1000,Exact,480,121,6,0.289,0.975207,0.172354,GradientBoostedTreesQuickScorerExtended [virtual interface],0.4610,3.3640,11.2610,GradientBoostedTreesQuickScorerExtended [virtual interface]=0.4610;GradientBoostedTreesOptPred [virtual interface]=2.0173;GradientBoostedTreesGeneric [virtual interface]=3.3640;Generic slow engine=11.2610
monks-problems-2,Axis Aligned,10,1,100,69,0.1,2.0,2.0,1000,Exact,480,121,6,0.381,0.958678,0.175321,GradientBoostedTreesOptPred [virtual interface],1.7225,2.7877,9.2645,GradientBoostedTreesOptPred [virtual interface]=1.7225;GradientBoostedTreesGeneric [virtual interface]=2.7877;Generic slow engine=9.2645
monks-problems-2,Oblique,3,1,100,100,0.1,2.0,2.0,1000,Exact,480,121,6,0.053,0.77686,0.480753,GradientBoostedTreesGeneric [virtual interface],1.6425,1.6425,4.4463,GradientBoostedTreesGeneric [virtual interface]=1.6425;Generic slow engine=4.4463
monks-problems-2,Oblique,4,1,100,97,0.1,2.0,2.0,1000,Exact,480,121,6,0.075,0.85124,0.347937,GradientBoostedTreesGeneric [virtual interface],2.9445,2.9445,8.0873,GradientBoostedTreesGeneric [virtual interface]=2.9445;Generic slow engine=8.0873
monks-problems-2,Oblique,5,1,100,100,0.1,2.0,2.0,1000,Exact,480,121,6,0.107,0.900826,0.322618,GradientBoostedTreesGeneric [virtual interface],4.8035,4.8035,12.2150,GradientBoostedTreesGeneric [virtual interface]=4.8035;Generic slow engine=12.2150
monks-problems-2,Oblique,6,1,100,100,0.1,2.0,2.0,1000,Exact,480,121,6,0.149,0.892562,0.255706,GradientBoostedTreesGeneric [virtual interface],6.7592,6.7592,17.5440,GradientBoostedTreesGeneric [virtual interface]=6.7592;Generic slow engine=17.5440
monks-problems-2,Oblique,8,1,100,100,0.1,2.0,2.0,1000,Exact,480,121,6,0.254,0.884298,0.276791,GradientBoostedTreesGeneric [virtual interface],9.8518,9.8518,26.2900,GradientBoostedTreesGeneric [virtual interface]=9.8518;Generic slow engine=26.2900
monks-problems-2,Axis Aligned,3,2,100,12,0.1,2.0,2.0,1000,Exact,480,121,6,0.018,0.619835,0.65016,GradientBoostedTreesQuickScorerExtended [virtual interface],0.0415,0.1195,0.1995,GradientBoostedTreesQuickScorerExtended [virtual interface]=0.0415;GradientBoostedTreesOptPred [virtual interface]=0.0423;GradientBoostedTreesGeneric [virtual interface]=0.1195;Generic slow engine=0.1995
monks-problems-2,Axis Aligned,4,2,100,11,0.1,2.0,2.0,1000,Exact,480,121,6,0.024,0.619835,0.626259,GradientBoostedTreesOptPred [virtual interface],0.0527,0.1487,0.2878,GradientBoostedTreesOptPred [virtual interface]=0.0527;GradientBoostedTreesQuickScorerExtended [virtual interface]=0.0953;GradientBoostedTreesGeneric [virtual interface]=0.1487;Generic slow engine=0.2878
monks-problems-2,Axis Aligned,5,2,100,100,0.1,2.0,2.0,1000,Exact,480,121,6,0.082,0.917355,0.294071,GradientBoostedTreesQuickScorerExtended [virtual interface],0.3862,2.9770,5.6783,GradientBoostedTreesQuickScorerExtended [virtual interface]=0.3862;GradientBoostedTreesOptPred [virtual interface]=1.7712;GradientBoostedTreesGeneric [virtual interface]=2.9770;Generic slow engine=5.6783
monks-problems-2,Axis Aligned,6,2,100,94,0.1,2.0,2.0,1000,Exact,480,121,6,0.133,1.0,0.100503,GradientBoostedTreesQuickScorerExtended [virtual interface],0.3922,3.3563,8.0385,GradientBoostedTreesQuickScorerExtended [virtual interface]=0.3922;GradientBoostedTreesOptPred [virtual interface]=1.9098;GradientBoostedTreesGeneric [virtual interface]=3.3563;Generic slow engine=8.0385
monks-problems-2,Axis Aligned,7,2,100,100,0.1,2.0,2.0,1000,Exact,480,121,6,0.209,1.0,0.00583227,GradientBoostedTreesQuickScorerExtended [virtual interface],0.4477,3.9468,12.4560,GradientBoostedTreesQuickScorerExtended [virtual interface]=0.4477;GradientBoostedTreesOptPred [virtual interface]=2.5827;GradientBoostedTreesGeneric [virtual interface]=3.9468;Generic slow engine=12.4560
monks-problems-2,Axis Aligned,8,2,100,100,0.1,2.0,2.0,1000,Exact,480,121,6,0.300,1.0,0.00133974,GradientBoostedTreesQuickScorerExtended [virtual interface],0.5052,3.9463,15.8670,GradientBoostedTreesQuickScorerExtended [virtual interface]=0.5052;GradientBoostedTreesOptPred [virtual interface]=2.4308;GradientBoostedTreesGeneric [virtual interface]=3.9463;Generic slow engine=15.8670
monks-problems-2,Axis Aligned,10,2,100,100,0.1,2.0,2.0,1000,Exact,480,121,6,0.394,1.0,0.00163893,GradientBoostedTreesOptPred [virtual interface],2.9592,4.6055,17.1240,GradientBoostedTreesOptPred [virtual interface]=2.9592;GradientBoostedTreesGeneric [virtual interface]=4.6055;Generic slow engine=17.1240
monks-problems-2,Oblique,3,2,100,95,0.1,2.0,2.0,1000,Exact,480,121,6,0.053,0.867769,0.435574,GradientBoostedTreesGeneric [virtual interface],1.5900,1.5900,4.1757,GradientBoostedTreesGeneric [virtual interface]=1.5900;Generic slow engine=4.1757
monks-problems-2,Oblique,4,2,100,97,0.1,2.0,2.0,1000,Exact,480,121,6,0.076,0.892562,0.336774,GradientBoostedTreesGeneric [virtual interface],3.0953,3.0953,8.1445,GradientBoostedTreesGeneric [virtual interface]=3.0953;Generic slow engine=8.1445
monks-problems-2,Oblique,5,2,100,100,0.1,2.0,2.0,1000,Exact,480,121,6,0.109,0.92562,0.240158,GradientBoostedTreesGeneric [virtual interface],4.9750,4.9750,12.4460,GradientBoostedTreesGeneric [virtual interface]=4.9750;Generic slow engine=12.4460
monks-problems-2,Oblique,6,2,100,99,0.1,2.0,2.0,1000,Exact,480,121,6,0.151,0.966942,0.171212,GradientBoostedTreesGeneric [virtual interface],6.6950,6.6950,17.1040,GradientBoostedTreesGeneric [virtual interface]=6.6950;Generic slow engine=17.1040
monks-problems-2,Oblique,8,2,100,84,0.1,2.0,2.0,1000,Exact,480,121,6,0.258,0.942149,0.141187,GradientBoostedTreesGeneric [virtual interface],8.1015,8.1015,21.0460,GradientBoostedTreesGeneric [virtual interface]=8.1015;Generic slow engine=21.0460
monks-problems-2,Axis Aligned,3,3,100,100,0.1,2.0,2.0,1000,Exact,480,121,6,0.040,0.702479,0.58686,GradientBoostedTreesQuickScorerExtended [virtual interface],0.1780,1.6073,2.2833,GradientBoostedTreesQuickScorerExtended [virtual interface]=0.1780;GradientBoostedTreesOptPred [virtual interface]=0.8067;GradientBoostedTreesGeneric [virtual interface]=1.6073;Generic slow engine=2.2833
monks-problems-2,Axis Aligned,4,3,100,89,0.1,2.0,2.0,1000,Exact,480,121,6,0.056,0.768595,0.483199,GradientBoostedTreesQuickScorerExtended [virtual interface],0.2935,1.8615,3.5285,GradientBoostedTreesQuickScorerExtended [virtual interface]=0.2935;GradientBoostedTreesOptPred [virtual interface]=1.1620;GradientBoostedTreesGeneric [virtual interface]=1.8615;Generic slow engine=3.5285
monks-problems-2,Axis Aligned,5,3,100,97,0.1,2.0,2.0,1000,Exact,480,121,6,0.082,0.842975,0.347955,GradientBoostedTreesQuickScorerExtended [virtual interface],0.4017,2.9303,5.6095,GradientBoostedTreesQuickScorerExtended [virtual interface]=0.4017;GradientBoostedTreesOptPred [virtual interface]=1.7732;GradientBoostedTreesGeneric [virtual interface]=2.9303;Generic slow engine=5.6095
monks-problems-2,Axis Aligned,6,3,100,100,0.1,2.0,2.0,1000,Exact,480,121,6,0.131,0.983471,0.104835,GradientBoostedTreesQuickScorerExtended [virtual interface],0.4547,3.5478,8.6390,GradientBoostedTreesQuickScorerExtended [virtual interface]=0.4547;GradientBoostedTreesOptPred [virtual interface]=2.0135;GradientBoostedTreesGeneric [virtual interface]=3.5478;Generic slow engine=8.6390
monks-problems-2,Axis Aligned,7,3,100,100,0.1,2.0,2.0,1000,Exact,480,121,6,0.206,1.0,0.00131329,GradientBoostedTreesQuickScorerExtended [virtual interface],0.4425,3.4005,12.5260,GradientBoostedTreesQuickScorerExtended [virtual interface]=0.4425;GradientBoostedTreesOptPred [virtual interface]=1.9878;GradientBoostedTreesGeneric [virtual interface]=3.4005;Generic slow engine=12.5260
monks-problems-2,Axis Aligned,8,3,100,100,0.1,2.0,2.0,1000,Exact,480,121,6,0.307,1.0,0.00360918,GradientBoostedTreesQuickScorerExtended [virtual interface],0.4848,3.9958,16.0800,GradientBoostedTreesQuickScorerExtended [virtual interface]=0.4848;GradientBoostedTreesOptPred [virtual interface]=2.4703;GradientBoostedTreesGeneric [virtual interface]=3.9958;Generic slow engine=16.0800
monks-problems-2,Axis Aligned,10,3,100,47,0.1,2.0,2.0,1000,Exact,480,121,6,0.315,0.975207,0.0447802,GradientBoostedTreesOptPred [virtual interface],0.9560,1.7500,6.4348,GradientBoostedTreesOptPred [virtual interface]=0.9560;GradientBoostedTreesGeneric [virtual interface]=1.7500;Generic slow engine=6.4348
monks-problems-2,Oblique,3,3,100,94,0.1,2.0,2.0,1000,Exact,480,121,6,0.054,0.834711,0.420333,GradientBoostedTreesGeneric [virtual interface],1.5805,1.5805,4.1322,GradientBoostedTreesGeneric [virtual interface]=1.5805;Generic slow engine=4.1322
monks-problems-2,Oblique,4,3,100,100,0.1,2.0,2.0,1000,Exact,480,121,6,0.075,0.900826,0.344815,GradientBoostedTreesGeneric [virtual interface],2.8915,2.8915,8.2780,GradientBoostedTreesGeneric [virtual interface]=2.8915;Generic slow engine=8.2780
monks-problems-2,Oblique,5,3,100,100,0.1,2.0,2.0,1000,Exact,480,121,6,0.106,0.909091,0.254362,GradientBoostedTreesGeneric [virtual interface],4.6852,4.6852,12.1240,GradientBoostedTreesGeneric [virtual interface]=4.6852;Generic slow engine=12.1240
monks-problems-2,Oblique,6,3,100,100,0.1,2.0,2.0,1000,Exact,480,121,6,0.148,0.909091,0.227169,GradientBoostedTreesGeneric [virtual interface],6.3745,6.3745,16.9390,GradientBoostedTreesGeneric [virtual interface]=6.3745;Generic slow engine=16.9390
monks-problems-2,Oblique,8,3,100,99,0.1,2.0,2.0,1000,Exact,480,121,6,0.251,0.958678,0.138253,GradientBoostedTreesGeneric [virtual interface],9.4620,9.4620,25.4780,GradientBoostedTreesGeneric [virtual interface]=9.4620;Generic slow engine=25.4780
monks-problems-2,Axis Aligned,3,4,100,47,0.1,2.0,2.0,1000,Exact,480,121,6,0.031,0.636364,0.611992,GradientBoostedTreesQuickScorerExtended [virtual interface],0.0983,0.5988,0.9183,GradientBoostedTreesQuickScorerExtended [virtual interface]=0.0983;GradientBoostedTreesOptPred [virtual interface]=0.2220;GradientBoostedTreesGeneric [virtual interface]=0.5988;Generic slow engine=0.9183
monks-problems-2,Axis Aligned,4,4,100,99,0.1,2.0,2.0,1000,Exact,480,121,6,0.055,0.768595,0.481195,GradientBoostedTreesQuickScorerExtended [virtual interface],0.2895,2.0718,3.9127,GradientBoostedTreesQuickScorerExtended [virtual interface]=0.2895;GradientBoostedTreesOptPred [virtual interface]=1.3485;GradientBoostedTreesGeneric [virtual interface]=2.0718;Generic slow engine=3.9127
monks-problems-2,Axis Aligned,5,4,100,96,0.1,2.0,2.0,1000,Exact,480,121,6,0.082,0.884298,0.30336,GradientBoostedTreesQuickScorerExtended [virtual interface],0.3693,2.6700,5.3915,GradientBoostedTreesQuickScorerExtended [virtual interface]=0.3693;GradientBoostedTreesOptPred [virtual interface]=1.5277;GradientBoostedTreesGeneric [virtual interface]=2.6700;Generic slow engine=5.3915
monks-problems-2,Axis Aligned,6,4,100,76,0.1,2.0,2.0,1000,Exact,480,121,6,0.132,0.958678,0.185224,GradientBoostedTreesQuickScorerExtended [virtual interface],0.3443,2.4558,6.5220,GradientBoostedTreesQuickScorerExtended [virtual interface]=0.3443;GradientBoostedTreesOptPred [virtual interface]=1.4067;GradientBoostedTreesGeneric [virtual interface]=2.4558;Generic slow engine=6.5220
monks-problems-2,Axis Aligned,7,4,100,52,0.1,2.0,2.0,1000,Exact,480,121,6,0.172,0.975207,0.0793044,GradientBoostedTreesQuickScorerExtended [virtual interface],0.2627,1.6400,5.5235,GradientBoostedTreesQuickScorerExtended [virtual interface]=0.2627;GradientBoostedTreesOptPred [virtual interface]=0.9725;GradientBoostedTreesGeneric [virtual interface]=1.6400;Generic slow engine=5.5235
monks-problems-2,Axis Aligned,8,4,100,82,0.1,2.0,2.0,1000,Exact,480,121,6,0.300,0.983471,0.0598656,GradientBoostedTreesQuickScorerExtended [virtual interface],0.4093,3.3150,11.3380,GradientBoostedTreesQuickScorerExtended [virtual interface]=0.4093;GradientBoostedTreesOptPred [virtual interface]=2.0570;GradientBoostedTreesGeneric [virtual interface]=3.3150;Generic slow engine=11.3380
monks-problems-2,Axis Aligned,10,4,100,54,0.1,2.0,2.0,1000,Exact,480,121,6,0.340,0.975207,0.077104,GradientBoostedTreesOptPred [virtual interface],1.1780,1.9740,6.9095,GradientBoostedTreesOptPred [virtual interface]=1.1780;GradientBoostedTreesGeneric [virtual interface]=1.9740;Generic slow engine=6.9095
monks-problems-2,Oblique,3,4,100,100,0.1,2.0,2.0,1000,Exact,480,121,6,0.052,0.801653,0.423442,GradientBoostedTreesGeneric [virtual interface],1.7275,1.7275,4.5133,GradientBoostedTreesGeneric [virtual interface]=1.7275;Generic slow engine=4.5133
monks-problems-2,Oblique,4,4,100,100,0.1,2.0,2.0,1000,Exact,480,121,6,0.074,0.85124,0.357334,GradientBoostedTreesGeneric [virtual interface],3.0080,3.0080,10.8410,GradientBoostedTreesGeneric [virtual interface]=3.0080;Generic slow engine=10.8410
monks-problems-2,Oblique,5,4,100,100,0.1,2.0,2.0,1000,Exact,480,121,6,0.109,0.884298,0.277199,GradientBoostedTreesGeneric [virtual interface],4.8163,4.8163,12.5070,GradientBoostedTreesGeneric [virtual interface]=4.8163;Generic slow engine=12.5070
monks-problems-2,Oblique,6,4,100,97,0.1,2.0,2.0,1000,Exact,480,121,6,0.150,0.933884,0.210525,GradientBoostedTreesGeneric [virtual interface],6.4725,6.4725,16.5080,GradientBoostedTreesGeneric [virtual interface]=6.4725;Generic slow engine=16.5080
monks-problems-2,Oblique,8,4,100,98,0.1,2.0,2.0,1000,Exact,480,121,6,0.259,0.92562,0.197369,GradientBoostedTreesGeneric [virtual interface],9.9440,9.9440,26.0550,GradientBoostedTreesGeneric [virtual interface]=9.9440;Generic slow engine=26.0550
monks-problems-2,Axis Aligned,3,5,100,97,0.1,2.0,2.0,1000,Exact,480,121,6,0.040,0.669421,0.576795,GradientBoostedTreesQuickScorerExtended [virtual interface],0.1835,1.5250,2.2150,GradientBoostedTreesQuickScorerExtended [virtual interface]=0.1835;GradientBoostedTreesOptPred [virtual interface]=0.8203;GradientBoostedTreesGeneric [virtual interface]=1.5250;Generic slow engine=2.2150
monks-problems-2,Axis Aligned,4,5,100,100,0.1,2.0,2.0,1000,Exact,480,121,6,0.055,0.719008,0.5058,GradientBoostedTreesQuickScorerExtended [virtual interface],0.2890,2.1738,3.8215,GradientBoostedTreesQuickScorerExtended [virtual interface]=0.2890;GradientBoostedTreesOptPred [virtual interface]=1.4258;GradientBoostedTreesGeneric [virtual interface]=2.1738;Generic slow engine=3.8215
monks-problems-2,Axis Aligned,5,5,100,100,0.1,2.0,2.0,1000,Exact,480,121,6,0.082,0.884298,0.327326,GradientBoostedTreesQuickScorerExtended [virtual interface],0.3892,2.8618,5.6558,GradientBoostedTreesQuickScorerExtended [virtual interface]=0.3892;GradientBoostedTreesOptPred [virtual interface]=1.7135;GradientBoostedTreesGeneric [virtual interface]=2.8618;Generic slow engine=5.6558
monks-problems-2,Axis Aligned,6,5,100,46,0.1,2.0,2.0,1000,Exact,480,121,6,0.101,1.0,0.172114,GradientBoostedTreesQuickScorerExtended [virtual interface],0.2555,1.3518,3.7917,GradientBoostedTreesQuickScorerExtended [virtual interface]=0.2555;GradientBoostedTreesOptPred [virtual interface]=0.6790;GradientBoostedTreesGeneric [virtual interface]=1.3518;Generic slow engine=3.7917
monks-problems-2,Axis Aligned,7,5,100,26,0.1,2.0,2.0,1000,Exact,480,121,6,0.121,0.983471,0.0965852,GradientBoostedTreesQuickScorerExtended [virtual interface],0.1350,0.6128,2.5435,GradientBoostedTreesQuickScorerExtended [virtual interface]=0.1350;GradientBoostedTreesOptPred [virtual interface]=0.2425;GradientBoostedTreesGeneric [virtual interface]=0.6128;Generic slow engine=2.5435
monks-problems-2,Axis Aligned,8,5,100,46,0.1,2.0,2.0,1000,Exact,480,121,6,0.226,0.983471,0.0442614,GradientBoostedTreesQuickScorerExtended [virtual interface],0.2582,1.6228,5.6908,GradientBoostedTreesQuickScorerExtended [virtual interface]=0.2582;GradientBoostedTreesOptPred [virtual interface]=0.9157;GradientBoostedTreesGeneric [virtual interface]=1.6228;Generic slow engine=5.6908
monks-problems-2,Axis Aligned,10,5,100,51,0.1,2.0,2.0,1000,Exact,480,121,6,0.330,0.983471,0.0454731,GradientBoostedTreesOptPred [virtual interface],1.2018,2.0645,6.5780,GradientBoostedTreesOptPred [virtual interface]=1.2018;GradientBoostedTreesGeneric [virtual interface]=2.0645;Generic slow engine=6.5780
monks-problems-2,Oblique,3,5,100,100,0.1,2.0,2.0,1000,Exact,480,121,6,0.053,0.768595,0.440281,GradientBoostedTreesGeneric [virtual interface],1.6740,1.6740,4.4543,GradientBoostedTreesGeneric [virtual interface]=1.6740;Generic slow engine=4.4543
monks-problems-2,Oblique,4,5,100,100,0.1,2.0,2.0,1000,Exact,480,121,6,0.075,0.842975,0.351119,GradientBoostedTreesGeneric [virtual interface],3.1383,3.1383,8.2670,GradientBoostedTreesGeneric [virtual interface]=3.1383;Generic slow engine=8.2670
monks-problems-2,Oblique,5,5,100,96,0.1,2.0,2.0,1000,Exact,480,121,6,0.108,0.917355,0.248656,GradientBoostedTreesGeneric [virtual interface],4.7520,4.7520,11.8320,GradientBoostedTreesGeneric [virtual interface]=4.7520;Generic slow engine=11.8320
monks-problems-2,Oblique,6,5,100,97,0.1,2.0,2.0,1000,Exact,480,121,6,0.149,0.917355,0.201508,GradientBoostedTreesGeneric [virtual interface],6.5390,6.5390,16.8780,GradientBoostedTreesGeneric [virtual interface]=6.5390;Generic slow engine=16.8780
monks-problems-2,Oblique,8,5,100,63,0.1,2.0,2.0,1000,Exact,480,121,6,0.244,0.942149,0.158963,GradientBoostedTreesGeneric [virtual interface],5.6203,5.6203,15.3310,GradientBoostedTreesGeneric [virtual interface]=5.6203;Generic slow engine=15.3310
monks-problems-2,Axis Aligned,3,6,100,100,0.1,2.0,2.0,1000,Exact,480,121,6,0.040,0.694215,0.548216,GradientBoostedTreesQuickScorerExtended [virtual interface],0.1978,1.5833,2.4537,GradientBoostedTreesQuickScorerExtended [virtual interface]=0.1978;GradientBoostedTreesOptPred [virtual interface]=0.8768;GradientBoostedTreesGeneric [virtual interface]=1.5833;Generic slow engine=2.4537
monks-problems-2,Axis Aligned,4,6,100,100,0.1,2.0,2.0,1000,Exact,480,121,6,0.056,0.826446,0.416675,GradientBoostedTreesQuickScorerExtended [virtual interface],0.3280,2.1485,3.8098,GradientBoostedTreesQuickScorerExtended [virtual interface]=0.3280;GradientBoostedTreesOptPred [virtual interface]=1.3860;GradientBoostedTreesGeneric [virtual interface]=2.1485;Generic slow engine=3.8098
monks-problems-2,Axis Aligned,5,6,100,100,0.1,2.0,2.0,1000,Exact,480,121,6,0.082,0.966942,0.241474,GradientBoostedTreesQuickScorerExtended [virtual interface],0.3777,2.8505,5.8368,GradientBoostedTreesQuickScorerExtended [virtual interface]=0.3777;GradientBoostedTreesOptPred [virtual interface]=1.6603;GradientBoostedTreesGeneric [virtual interface]=2.8505;Generic slow engine=5.8368
monks-problems-2,Axis Aligned,6,6,100,100,0.1,2.0,2.0,1000,Exact,480,121,6,0.131,1.0,0.0862479,GradientBoostedTreesQuickScorerExtended [virtual interface],0.4065,3.6095,8.7167,GradientBoostedTreesQuickScorerExtended [virtual interface]=0.4065;GradientBoostedTreesOptPred [virtual interface]=2.0467;GradientBoostedTreesGeneric [virtual interface]=3.6095;Generic slow engine=8.7167
monks-problems-2,Axis Aligned,7,6,100,96,0.1,2.0,2.0,1000,Exact,480,121,6,0.208,0.983471,0.0599915,GradientBoostedTreesQuickScorerExtended [virtual interface],0.4198,3.7157,11.8410,GradientBoostedTreesQuickScorerExtended [virtual interface]=0.4198;GradientBoostedTreesOptPred [virtual interface]=2.3407;GradientBoostedTreesGeneric [virtual interface]=3.7157;Generic slow engine=11.8410
monks-problems-2,Axis Aligned,8,6,100,100,0.1,2.0,2.0,1000,Exact,480,121,6,0.302,1.0,0.00387565,GradientBoostedTreesQuickScorerExtended [virtual interface],0.4758,4.3178,16.3100,GradientBoostedTreesQuickScorerExtended [virtual interface]=0.4758;GradientBoostedTreesOptPred [virtual interface]=2.6383;GradientBoostedTreesGeneric [virtual interface]=4.3178;Generic slow engine=16.3100
monks-problems-2,Axis Aligned,10,6,100,100,0.1,2.0,2.0,1000,Exact,480,121,6,0.409,1.0,0.0035968,GradientBoostedTreesOptPred [virtual interface],2.7408,4.4620,17.6440,GradientBoostedTreesOptPred [virtual interface]=2.7408;GradientBoostedTreesGeneric [virtual interface]=4.4620;Generic slow engine=17.6440
monks-problems-2,Oblique,3,6,100,99,0.1,2.0,2.0,1000,Exact,480,121,6,0.052,0.884298,0.376464,GradientBoostedTreesGeneric [virtual interface],1.7797,1.7797,4.5400,GradientBoostedTreesGeneric [virtual interface]=1.7797;Generic slow engine=4.5400
monks-problems-2,Oblique,4,6,100,100,0.1,2.0,2.0,1000,Exact,480,121,6,0.074,0.958678,0.287809,GradientBoostedTreesGeneric [virtual interface],3.2498,3.2498,8.2812,GradientBoostedTreesGeneric [virtual interface]=3.2498;Generic slow engine=8.2812
monks-problems-2,Oblique,5,6,100,100,0.1,2.0,2.0,1000,Exact,480,121,6,0.107,0.942149,0.230552,GradientBoostedTreesGeneric [virtual interface],4.9065,4.9065,12.3330,GradientBoostedTreesGeneric [virtual interface]=4.9065;Generic slow engine=12.3330
monks-problems-2,Oblique,6,6,100,100,0.1,2.0,2.0,1000,Exact,480,121,6,0.153,0.950413,0.158995,GradientBoostedTreesGeneric [virtual interface],6.9242,6.9242,17.2480,GradientBoostedTreesGeneric [virtual interface]=6.9242;Generic slow engine=17.2480
monks-problems-2,Oblique,8,6,100,100,0.1,2.0,2.0,1000,Exact,480,121,6,0.252,0.975207,0.0823904,GradientBoostedTreesGeneric [virtual interface],9.9450,9.9450,26.4100,GradientBoostedTreesGeneric [virtual interface]=9.9450;Generic slow engine=26.4100
monks-problems-2,Axis Aligned,3,7,100,100,0.1,2.0,2.0,1000,Exact,480,121,6,0.041,0.694215,0.537284,GradientBoostedTreesQuickScorerExtended [virtual interface],0.1797,1.4420,2.7868,GradientBoostedTreesQuickScorerExtended [virtual interface]=0.1797;GradientBoostedTreesOptPred [virtual interface]=0.6920;GradientBoostedTreesGeneric [virtual interface]=1.4420;Generic slow engine=2.7868
monks-problems-2,Axis Aligned,4,7,100,100,0.1,2.0,2.0,1000,Exact,480,121,6,0.055,0.834711,0.474368,GradientBoostedTreesQuickScorerExtended [virtual interface],0.2968,2.1475,3.8373,GradientBoostedTreesQuickScorerExtended [virtual interface]=0.2968;GradientBoostedTreesOptPred [virtual interface]=1.2812;GradientBoostedTreesGeneric [virtual interface]=2.1475;Generic slow engine=3.8373
monks-problems-2,Axis Aligned,5,7,100,100,0.1,2.0,2.0,1000,Exact,480,121,6,0.083,0.867769,0.400337,GradientBoostedTreesQuickScorerExtended [virtual interface],0.3745,2.8075,5.8232,GradientBoostedTreesQuickScorerExtended [virtual interface]=0.3745;GradientBoostedTreesOptPred [virtual interface]=1.6633;GradientBoostedTreesGeneric [virtual interface]=2.8075;Generic slow engine=5.8232
monks-problems-2,Axis Aligned,6,7,100,23,0.1,2.0,2.0,1000,Exact,480,121,6,0.070,0.876033,0.394488,GradientBoostedTreesQuickScorerExtended [virtual interface],0.1138,0.5850,1.6763,GradientBoostedTreesQuickScorerExtended [virtual interface]=0.1138;GradientBoostedTreesOptPred [virtual interface]=0.2380;GradientBoostedTreesGeneric [virtual interface]=0.5850;Generic slow engine=1.6763
monks-problems-2,Axis Aligned,7,7,100,35,0.1,2.0,2.0,1000,Exact,480,121,6,0.135,0.975207,0.142806,GradientBoostedTreesQuickScorerExtended [virtual interface],0.1875,1.0637,3.5830,GradientBoostedTreesQuickScorerExtended [virtual interface]=0.1875;GradientBoostedTreesOptPred [virtual interface]=0.5992;GradientBoostedTreesGeneric [virtual interface]=1.0637;Generic slow engine=3.5830
monks-problems-2,Axis Aligned,8,7,100,40,0.1,2.0,2.0,1000,Exact,480,121,6,0.214,0.966942,0.130573,GradientBoostedTreesOptPred [virtual interface],0.6797,1.3417,4.7023,GradientBoostedTreesOptPred [virtual interface]=0.6797;GradientBoostedTreesGeneric [virtual interface]=1.3417;Generic slow engine=4.7023
monks-problems-2,Axis Aligned,10,7,100,33,0.1,2.0,2.0,1000,Exact,480,121,6,0.246,0.958678,0.144125,GradientBoostedTreesOptPred [virtual interface],0.4878,0.9613,3.7557,GradientBoostedTreesOptPred [virtual interface]=0.4878;GradientBoostedTreesGeneric [virtual interface]=0.9613;Generic slow engine=3.7557
monks-problems-2,Oblique,3,7,100,100,0.1,2.0,2.0,1000,Exact,480,121,6,0.052,0.826446,0.448153,GradientBoostedTreesGeneric [virtual interface],1.6790,1.6790,4.4318,GradientBoostedTreesGeneric [virtual interface]=1.6790;Generic slow engine=4.4318
monks-problems-2,Oblique,4,7,100,95,0.1,2.0,2.0,1000,Exact,480,121,6,0.074,0.842975,0.392115,GradientBoostedTreesGeneric [virtual interface],2.8955,2.8955,7.8185,GradientBoostedTreesGeneric [virtual interface]=2.8955;Generic slow engine=7.8185
monks-problems-2,Oblique,5,7,100,100,0.1,2.0,2.0,1000,Exact,480,121,6,0.107,0.884298,0.323076,GradientBoostedTreesGeneric [virtual interface],4.8533,4.8533,12.4570,GradientBoostedTreesGeneric [virtual interface]=4.8533;Generic slow engine=12.4570
monks-problems-2,Oblique,6,7,100,84,0.1,2.0,2.0,1000,Exact,480,121,6,0.151,0.900826,0.283519,GradientBoostedTreesGeneric [virtual interface],5.3758,5.3758,14.1710,GradientBoostedTreesGeneric [virtual interface]=5.3758;Generic slow engine=14.1710
monks-problems-2,Oblique,8,7,100,53,0.1,2.0,2.0,1000,Exact,480,121,6,0.210,0.892562,0.269003,GradientBoostedTreesGeneric [virtual interface],4.4380,4.4380,12.6200,GradientBoostedTreesGeneric [virtual interface]=4.4380;Generic slow engine=12.6200
monks-problems-2,Axis Aligned,3,8,100,49,0.1,2.0,2.0,1000,Exact,480,121,6,0.032,0.727273,0.564418,GradientBoostedTreesQuickScorerExtended [virtual interface],0.1008,0.6643,1.0925,GradientBoostedTreesQuickScorerExtended [virtual interface]=0.1008;GradientBoostedTreesOptPred [virtual interface]=0.2387;GradientBoostedTreesGeneric [virtual interface]=0.6643;Generic slow engine=1.0925
monks-problems-2,Axis Aligned,4,8,100,97,0.1,2.0,2.0,1000,Exact,480,121,6,0.055,0.768595,0.430576,GradientBoostedTreesQuickScorerExtended [virtual interface],0.3493,2.0125,3.7375,GradientBoostedTreesQuickScorerExtended [virtual interface]=0.3493;GradientBoostedTreesOptPred [virtual interface]=1.2212;GradientBoostedTreesGeneric [virtual interface]=2.0125;Generic slow engine=3.7375
monks-problems-2,Axis Aligned,5,8,100,98,0.1,2.0,2.0,1000,Exact,480,121,6,0.082,0.92562,0.277309,GradientBoostedTreesQuickScorerExtended [virtual interface],0.3767,2.7965,5.6535,GradientBoostedTreesQuickScorerExtended [virtual interface]=0.3767;GradientBoostedTreesOptPred [virtual interface]=1.6125;GradientBoostedTreesGeneric [virtual interface]=2.7965;Generic slow engine=5.6535
monks-problems-2,Axis Aligned,6,8,100,100,0.1,2.0,2.0,1000,Exact,480,121,6,0.129,0.983471,0.0903054,GradientBoostedTreesQuickScorerExtended [virtual interface],0.4185,3.4108,8.8353,GradientBoostedTreesQuickScorerExtended [virtual interface]=0.4185;GradientBoostedTreesOptPred [virtual interface]=1.8855;GradientBoostedTreesGeneric [virtual interface]=3.4108;Generic slow engine=8.8353
monks-problems-2,Axis Aligned,7,8,100,100,0.1,2.0,2.0,1000,Exact,480,121,6,0.209,0.983471,0.0234847,GradientBoostedTreesQuickScorerExtended [virtual interface],0.4637,3.7965,12.0940,GradientBoostedTreesQuickScorerExtended [virtual interface]=0.4637;GradientBoostedTreesOptPred [virtual interface]=2.3338;GradientBoostedTreesGeneric [virtual interface]=3.7965;Generic slow engine=12.0940
monks-problems-2,Axis Aligned,8,8,100,99,0.1,2.0,2.0,1000,Exact,480,121,6,0.294,1.0,0.0144383,GradientBoostedTreesQuickScorerExtended [virtual interface],0.4695,4.2287,18.2460,GradientBoostedTreesQuickScorerExtended [virtual interface]=0.4695;GradientBoostedTreesOptPred [virtual interface]=2.6305;GradientBoostedTreesGeneric [virtual interface]=4.2287;Generic slow engine=18.2460
monks-problems-2,Axis Aligned,10,8,100,99,0.1,2.0,2.0,1000,Exact,480,121,6,0.409,0.983471,0.021669,GradientBoostedTreesOptPred [virtual interface],2.9438,4.6098,17.9230,GradientBoostedTreesOptPred [virtual interface]=2.9438;GradientBoostedTreesGeneric [virtual interface]=4.6098;Generic slow engine=17.9230
monks-problems-2,Oblique,3,8,100,99,0.1,2.0,2.0,1000,Exact,480,121,6,0.053,0.818182,0.388633,GradientBoostedTreesGeneric [virtual interface],1.6845,1.6845,4.3355,GradientBoostedTreesGeneric [virtual interface]=1.6845;Generic slow engine=4.3355
monks-problems-2,Oblique,4,8,100,100,0.1,2.0,2.0,1000,Exact,480,121,6,0.075,0.900826,0.298579,GradientBoostedTreesGeneric [virtual interface],3.2237,3.2237,8.3537,GradientBoostedTreesGeneric [virtual interface]=3.2237;Generic slow engine=8.3537
monks-problems-2,Oblique,5,8,100,100,0.1,2.0,2.0,1000,Exact,480,121,6,0.106,0.900826,0.2397,GradientBoostedTreesGeneric [virtual interface],4.8158,4.8158,12.4140,GradientBoostedTreesGeneric [virtual interface]=4.8158;Generic slow engine=12.4140
monks-problems-2,Oblique,6,8,100,97,0.1,2.0,2.0,1000,Exact,480,121,6,0.150,0.942149,0.183397,GradientBoostedTreesGeneric [virtual interface],6.5057,6.5057,16.6340,GradientBoostedTreesGeneric [virtual interface]=6.5057;Generic slow engine=16.6340
monks-problems-2,Oblique,8,8,100,97,0.1,2.0,2.0,1000,Exact,480,121,6,0.254,0.950413,0.144458,GradientBoostedTreesGeneric [virtual interface],9.5435,9.5435,25.0900,GradientBoostedTreesGeneric [virtual interface]=9.5435;Generic slow engine=25.0900
monks-problems-2,Axis Aligned,3,9,100,100,0.1,2.0,2.0,1000,Exact,480,121,6,0.041,0.603306,0.596203,GradientBoostedTreesQuickScorerExtended [virtual interface],0.1800,1.5377,2.2923,GradientBoostedTreesQuickScorerExtended [virtual interface]=0.1800;GradientBoostedTreesOptPred [virtual interface]=0.7973;GradientBoostedTreesGeneric [virtual interface]=1.5377;Generic slow engine=2.2923
monks-problems-2,Axis Aligned,4,9,100,97,0.1,2.0,2.0,1000,Exact,480,121,6,0.056,0.785124,0.518895,GradientBoostedTreesQuickScorerExtended [virtual interface],0.2898,2.1305,3.8308,GradientBoostedTreesQuickScorerExtended [virtual interface]=0.2898;GradientBoostedTreesOptPred [virtual interface]=1.2455;GradientBoostedTreesGeneric [virtual interface]=2.1305;Generic slow engine=3.8308
monks-problems-2,Axis Aligned,5,9,100,97,0.1,2.0,2.0,1000,Exact,480,121,6,0.083,0.85124,0.413421,GradientBoostedTreesQuickScorerExtended [virtual interface],0.3907,2.8738,5.5430,GradientBoostedTreesQuickScorerExtended [virtual interface]=0.3907;GradientBoostedTreesOptPred [virtual interface]=1.6972;GradientBoostedTreesGeneric [virtual interface]=2.8738;Generic slow engine=5.5430
monks-problems-2,Axis Aligned,6,9,100,93,0.1,2.0,2.0,1000,Exact,480,121,6,0.131,0.909091,0.313924,GradientBoostedTreesQuickScorerExtended [virtual interface],0.4170,3.2277,8.1175,GradientBoostedTreesQuickScorerExtended [virtual interface]=0.4170;GradientBoostedTreesOptPred [virtual interface]=1.9158;GradientBoostedTreesGeneric [virtual interface]=3.2277;Generic slow engine=8.1175
monks-problems-2,Axis Aligned,7,9,100,100,0.1,2.0,2.0,1000,Exact,480,121,6,0.209,0.991736,0.0204977,GradientBoostedTreesQuickScorerExtended [virtual interface],0.4465,3.5230,11.8310,GradientBoostedTreesQuickScorerExtended [virtual interface]=0.4465;GradientBoostedTreesOptPred [virtual interface]=2.2520;GradientBoostedTreesGeneric [virtual interface]=3.5230;Generic slow engine=11.8310
monks-problems-2,Axis Aligned,8,9,100,75,0.1,2.0,2.0,1000,Exact,480,121,6,0.306,0.966942,0.0882971,GradientBoostedTreesQuickScorerExtended [virtual interface],0.3952,3.4800,10.5110,GradientBoostedTreesQuickScorerExtended [virtual interface]=0.3952;GradientBoostedTreesOptPred [virtual interface]=2.1605;GradientBoostedTreesGeneric [virtual interface]=3.4800;Generic slow engine=10.5110
monks-problems-2,Axis Aligned,10,9,100,100,0.1,2.0,2.0,1000,Exact,480,121,6,0.405,0.966942,0.0758609,GradientBoostedTreesOptPred [virtual interface],3.2880,4.8815,22.3020,GradientBoostedTreesOptPred [virtual interface]=3.2880;GradientBoostedTreesGeneric [virtual interface]=4.8815;Generic slow engine=22.3020
monks-problems-2,Oblique,3,9,100,97,0.1,2.0,2.0,1000,Exact,480,121,6,0.052,0.752066,0.496938,GradientBoostedTreesGeneric [virtual interface],1.6022,1.6022,4.2305,GradientBoostedTreesGeneric [virtual interface]=1.6022;Generic slow engine=4.2305
monks-problems-2,Oblique,4,9,100,100,0.1,2.0,2.0,1000,Exact,480,121,6,0.074,0.809917,0.414582,GradientBoostedTreesGeneric [virtual interface],3.0335,3.0335,8.2925,GradientBoostedTreesGeneric [virtual interface]=3.0335;Generic slow engine=8.2925
monks-problems-2,Oblique,5,9,100,100,0.1,2.0,2.0,1000,Exact,480,121,6,0.108,0.909091,0.291581,GradientBoostedTreesGeneric [virtual interface],4.7097,4.7097,12.2920,GradientBoostedTreesGeneric [virtual interface]=4.7097;Generic slow engine=12.2920
monks-problems-2,Oblique,6,9,100,100,0.1,2.0,2.0,1000,Exact,480,121,6,0.150,0.900826,0.262983,GradientBoostedTreesGeneric [virtual interface],6.6570,6.6570,17.8370,GradientBoostedTreesGeneric [virtual interface]=6.6570;Generic slow engine=17.8370
monks-problems-2,Oblique,8,9,100,100,0.1,2.0,2.0,1000,Exact,480,121,6,0.254,0.917355,0.180544,GradientBoostedTreesGeneric [virtual interface],9.8308,9.8308,26.4670,GradientBoostedTreesGeneric [virtual interface]=9.8308;Generic slow engine=26.4670
diabetes,Axis Aligned,3,0,100,59,0.1,2.0,2.0,1000,Exact,614,154,8,0.039,0.753247,0.470171,GradientBoostedTreesQuickScorerExtended [virtual interface],0.1108,0.7857,1.2523,GradientBoostedTreesQuickScorerExtended [virtual interface]=0.1108;GradientBoostedTreesOptPred [virtual interface]=0.3422;GradientBoostedTreesGeneric [virtual interface]=0.7857;Generic slow engine=1.2523
diabetes,Axis Aligned,4,0,100,15,0.1,2.0,2.0,1000,Exact,614,154,8,0.028,0.753247,0.477411,GradientBoostedTreesOptPred [virtual interface],0.0622,0.2018,0.3992,GradientBoostedTreesOptPred [virtual interface]=0.0622;GradientBoostedTreesQuickScorerExtended [virtual interface]=0.0757;GradientBoostedTreesGeneric [virtual interface]=0.2018;Generic slow engine=0.3992
diabetes,Axis Aligned,5,0,100,19,0.1,2.0,2.0,1000,Exact,614,154,8,0.042,0.753247,0.480437,GradientBoostedTreesOptPred [virtual interface],0.1325,0.4477,0.8420,GradientBoostedTreesOptPred [virtual interface]=0.1325;GradientBoostedTreesQuickScorerExtended [virtual interface]=0.1328;GradientBoostedTreesGeneric [virtual interface]=0.4477;Generic slow engine=0.8420
diabetes,Axis Aligned,6,0,100,13,0.1,2.0,2.0,1000,Exact,614,154,8,0.057,0.733766,0.501251,GradientBoostedTreesOptPred [virtual interface],0.0887,0.3372,1.0662,GradientBoostedTreesOptPred [virtual interface]=0.0887;GradientBoostedTreesQuickScorerExtended [virtual interface]=0.1440;GradientBoostedTreesGeneric [virtual interface]=0.3372;Generic slow engine=1.0662
diabetes,Axis Aligned,7,0,100,11,0.1,2.0,2.0,1000,Exact,614,154,8,0.074,0.714286,0.502103,GradientBoostedTreesOptPred [virtual interface],0.1245,0.2935,0.9133,GradientBoostedTreesOptPred [virtual interface]=0.1245;GradientBoostedTreesQuickScorerExtended [virtual interface]=0.1855;GradientBoostedTreesGeneric [virtual interface]=0.2935;Generic slow engine=0.9133
diabetes,Axis Aligned,8,0,100,11,0.1,2.0,2.0,1000,Exact,614,154,8,0.100,0.688312,0.511368,GradientBoostedTreesOptPred [virtual interface],0.1417,0.3653,1.1703,GradientBoostedTreesOptPred [virtual interface]=0.1417;GradientBoostedTreesQuickScorerExtended [virtual interface]=0.2313;GradientBoostedTreesGeneric [virtual interface]=0.3653;Generic slow engine=1.1703
diabetes,Axis Aligned,10,0,100,11,0.1,2.0,2.0,1000,Exact,614,154,8,0.155,0.688312,0.532396,GradientBoostedTreesOptPred [virtual interface],0.2445,0.4708,1.5848,GradientBoostedTreesOptPred [virtual interface]=0.2445;GradientBoostedTreesGeneric [virtual interface]=0.4708;Generic slow engine=1.5848
diabetes,Oblique,3,0,100,32,0.1,2.0,2.0,1000,Exact,614,154,8,0.041,0.75974,0.482859,GradientBoostedTreesGeneric [virtual interface],0.4377,0.4377,1.0650,GradientBoostedTreesGeneric [virtual interface]=0.4377;Generic slow engine=1.0650
diabetes,Oblique,4,0,100,11,0.1,2.0,2.0,1000,Exact,614,154,8,0.041,0.766234,0.496146,GradientBoostedTreesGeneric [virtual interface],0.2115,0.2115,0.5483,GradientBoostedTreesGeneric [virtual interface]=0.2115;Generic slow engine=0.5483
diabetes,Oblique,5,0,100,27,0.1,2.0,2.0,1000,Exact,614,154,8,0.082,0.746753,0.491586,GradientBoostedTreesGeneric [virtual interface],0.7883,0.7883,2.7870,GradientBoostedTreesGeneric [virtual interface]=0.7883;Generic slow engine=2.7870
diabetes,Oblique,6,0,100,12,0.1,2.0,2.0,1000,Exact,614,154,8,0.091,0.733766,0.50052,GradientBoostedTreesGeneric [virtual interface],0.4368,0.4368,1.4740,GradientBoostedTreesGeneric [virtual interface]=0.4368;Generic slow engine=1.4740
diabetes,Oblique,8,0,100,15,0.1,2.0,2.0,1000,Exact,614,154,8,0.174,0.707792,0.517161,GradientBoostedTreesGeneric [virtual interface],0.8935,0.8935,3.3215,GradientBoostedTreesGeneric [virtual interface]=0.8935;Generic slow engine=3.3215
diabetes,Axis Aligned,3,1,100,84,0.1,2.0,2.0,1000,Exact,614,154,8,0.043,0.720779,0.544366,GradientBoostedTreesQuickScorerExtended [virtual interface],0.1417,1.1958,1.8998,GradientBoostedTreesQuickScorerExtended [virtual interface]=0.1417;GradientBoostedTreesOptPred [virtual interface]=0.6242;GradientBoostedTreesGeneric [virtual interface]=1.1958;Generic slow engine=1.8998
diabetes,Axis Aligned,4,1,100,64,0.1,2.0,2.0,1000,Exact,614,154,8,0.055,0.707792,0.570328,GradientBoostedTreesQuickScorerExtended [virtual interface],0.2042,1.3180,2.4838,GradientBoostedTreesQuickScorerExtended [virtual interface]=0.2042;GradientBoostedTreesOptPred [virtual interface]=0.7602;GradientBoostedTreesGeneric [virtual interface]=1.3180;Generic slow engine=2.4838
diabetes,Axis Aligned,5,1,100,27,0.1,2.0,2.0,1000,Exact,614,154,8,0.049,0.694805,0.576599,GradientBoostedTreesQuickScorerExtended [virtual interface],0.1680,0.6218,1.3030,GradientBoostedTreesQuickScorerExtended [virtual interface]=0.1680;GradientBoostedTreesOptPred [virtual interface]=0.2385;GradientBoostedTreesGeneric [virtual interface]=0.6218;Generic slow engine=1.3030
diabetes,Axis Aligned,6,1,100,15,0.1,2.0,2.0,1000,Exact,614,154,8,0.055,0.720779,0.565752,GradientBoostedTreesOptPred [virtual interface],0.1212,0.3668,0.9728,GradientBoostedTreesOptPred [virtual interface]=0.1212;GradientBoostedTreesQuickScorerExtended [virtual interface]=0.1688;GradientBoostedTreesGeneric [virtual interface]=0.3668;Generic slow engine=0.9728
diabetes,Axis Aligned,7,1,100,11,0.1,2.0,2.0,1000,Exact,614,154,8,0.075,0.688312,0.577003,GradientBoostedTreesOptPred [virtual interface],0.1040,0.3280,0.8912,GradientBoostedTreesOptPred [virtual interface]=0.1040;GradientBoostedTreesQuickScorerExtended [virtual interface]=0.1835;GradientBoostedTreesGeneric [virtual interface]=0.3280;Generic slow engine=0.8912
diabetes,Axis Aligned,8,1,100,11,0.1,2.0,2.0,1000,Exact,614,154,8,0.101,0.681818,0.582003,GradientBoostedTreesOptPred [virtual interface],0.1353,0.3653,1.1387,GradientBoostedTreesOptPred [virtual interface]=0.1353;GradientBoostedTreesQuickScorerExtended [virtual interface]=0.2407;GradientBoostedTreesGeneric [virtual interface]=0.3653;Generic slow engine=1.1387
diabetes,Axis Aligned,10,1,100,11,0.1,2.0,2.0,1000,Exact,614,154,8,0.157,0.655844,0.613747,GradientBoostedTreesOptPred [virtual interface],0.2203,0.4843,1.5248,GradientBoostedTreesOptPred [virtual interface]=0.2203;GradientBoostedTreesGeneric [virtual interface]=0.4843;Generic slow engine=1.5248
diabetes,Oblique,3,1,100,46,0.1,2.0,2.0,1000,Exact,614,154,8,0.051,0.720779,0.537046,GradientBoostedTreesGeneric [virtual interface],0.7220,0.7220,1.9567,GradientBoostedTreesGeneric [virtual interface]=0.7220;Generic slow engine=1.9567
diabetes,Oblique,4,1,100,32,0.1,2.0,2.0,1000,Exact,614,154,8,0.059,0.707792,0.545486,GradientBoostedTreesGeneric [virtual interface],0.7422,0.7422,2.3125,GradientBoostedTreesGeneric [virtual interface]=0.7422;Generic slow engine=2.3125
diabetes,Oblique,5,1,100,15,0.1,2.0,2.0,1000,Exact,614,154,8,0.065,0.720779,0.559478,GradientBoostedTreesGeneric [virtual interface],0.3967,0.3967,1.3255,GradientBoostedTreesGeneric [virtual interface]=0.3967;Generic slow engine=1.3255
diabetes,Oblique,6,1,100,11,0.1,2.0,2.0,1000,Exact,614,154,8,0.087,0.714286,0.566361,GradientBoostedTreesGeneric [virtual interface],0.3733,0.3733,1.2868,GradientBoostedTreesGeneric [virtual interface]=0.3733;Generic slow engine=1.2868
diabetes,Oblique,8,1,100,14,0.1,2.0,2.0,1000,Exact,614,154,8,0.175,0.714286,0.566185,GradientBoostedTreesGeneric [virtual interface],0.8540,0.8540,3.2025,GradientBoostedTreesGeneric [virtual interface]=0.8540;Generic slow engine=3.2025
diabetes,Axis Aligned,3,2,100,66,0.1,2.0,2.0,1000,Exact,614,154,8,0.041,0.75974,0.487415,GradientBoostedTreesQuickScorerExtended [virtual interface],0.1222,0.9425,1.4472,GradientBoostedTreesQuickScorerExtended [virtual interface]=0.1222;GradientBoostedTreesOptPred [virtual interface]=0.4835;GradientBoostedTreesGeneric [virtual interface]=0.9425;Generic slow engine=1.4472
diabetes,Axis Aligned,4,2,100,49,0.1,2.0,2.0,1000,Exact,614,154,8,0.046,0.766234,0.478874,GradientBoostedTreesQuickScorerExtended [virtual interface],0.1650,0.9607,1.9038,GradientBoostedTreesQuickScorerExtended [virtual interface]=0.1650;GradientBoostedTreesOptPred [virtual interface]=0.5557;GradientBoostedTreesGeneric [virtual interface]=0.9607;Generic slow engine=1.9038
diabetes,Axis Aligned,5,2,100,27,0.1,2.0,2.0,1000,Exact,614,154,8,0.047,0.74026,0.484401,GradientBoostedTreesQuickScorerExtended [virtual interface],0.1735,0.6165,1.2877,GradientBoostedTreesQuickScorerExtended [virtual interface]=0.1735;GradientBoostedTreesOptPred [virtual interface]=0.2923;GradientBoostedTreesGeneric [virtual interface]=0.6165;Generic slow engine=1.2877
diabetes,Axis Aligned,6,2,100,22,0.1,2.0,2.0,1000,Exact,614,154,8,0.063,0.727273,0.497837,GradientBoostedTreesQuickScorerExtended [virtual interface],0.2042,0.6800,1.6190,GradientBoostedTreesQuickScorerExtended [virtual interface]=0.2042;GradientBoostedTreesOptPred [virtual interface]=0.3555;GradientBoostedTreesGeneric [virtual interface]=0.6800;Generic slow engine=1.6190
diabetes,Axis Aligned,7,2,100,27,0.1,2.0,2.0,1000,Exact,614,154,8,0.096,0.74026,0.506312,GradientBoostedTreesQuickScorerExtended [virtual interface],0.3528,1.0337,2.7440,GradientBoostedTreesQuickScorerExtended [virtual interface]=0.3528;GradientBoostedTreesOptPred [virtual interface]=0.6625;GradientBoostedTreesGeneric [virtual interface]=1.0337;Generic slow engine=2.7440
diabetes,Axis Aligned,8,2,100,16,0.1,2.0,2.0,1000,Exact,614,154,8,0.105,0.727273,0.525412,GradientBoostedTreesQuickScorerExtended [virtual interface],0.2963,0.6570,1.7850,GradientBoostedTreesQuickScorerExtended [virtual interface]=0.2963;GradientBoostedTreesOptPred [virtual interface]=0.3630;GradientBoostedTreesGeneric [virtual interface]=0.6570;Generic slow engine=1.7850
diabetes,Axis Aligned,10,2,100,13,0.1,2.0,2.0,1000,Exact,614,154,8,0.154,0.707792,0.541567,GradientBoostedTreesOptPred [virtual interface],0.3608,0.6540,1.9703,GradientBoostedTreesOptPred [virtual interface]=0.3608;GradientBoostedTreesGeneric [virtual interface]=0.6540;Generic slow engine=1.9703
diabetes,Oblique,3,2,100,14,0.1,2.0,2.0,1000,Exact,614,154,8,0.030,0.772727,0.48633,GradientBoostedTreesGeneric [virtual interface],0.1842,0.1842,0.4073,GradientBoostedTreesGeneric [virtual interface]=0.1842;Generic slow engine=0.4073
diabetes,Oblique,4,2,100,21,0.1,2.0,2.0,1000,Exact,614,154,8,0.050,0.772727,0.464453,GradientBoostedTreesGeneric [virtual interface],0.4502,0.4502,1.2855,GradientBoostedTreesGeneric [virtual interface]=0.4502;Generic slow engine=1.2855
diabetes,Oblique,5,2,100,16,0.1,2.0,2.0,1000,Exact,614,154,8,0.067,0.792208,0.478264,GradientBoostedTreesGeneric [virtual interface],0.4205,0.4205,1.4123,GradientBoostedTreesGeneric [virtual interface]=0.4205;Generic slow engine=1.4123
diabetes,Oblique,6,2,100,11,0.1,2.0,2.0,1000,Exact,614,154,8,0.087,0.766234,0.504485,GradientBoostedTreesGeneric [virtual interface],0.3892,0.3892,1.3425,GradientBoostedTreesGeneric [virtual interface]=0.3892;Generic slow engine=1.3425
diabetes,Oblique,8,2,100,14,0.1,2.0,2.0,1000,Exact,614,154,8,0.176,0.785714,0.473902,GradientBoostedTreesGeneric [virtual interface],0.8765,0.8765,3.0888,GradientBoostedTreesGeneric [virtual interface]=0.8765;Generic slow engine=3.0888
diabetes,Axis Aligned,3,3,100,35,0.1,2.0,2.0,1000,Exact,614,154,8,0.028,0.720779,0.476416,GradientBoostedTreesQuickScorerExtended [virtual interface],0.0777,0.4085,0.5945,GradientBoostedTreesQuickScorerExtended [virtual interface]=0.0777;GradientBoostedTreesOptPred [virtual interface]=0.1160;GradientBoostedTreesGeneric [virtual interface]=0.4085;Generic slow engine=0.5945
diabetes,Axis Aligned,4,3,100,26,0.1,2.0,2.0,1000,Exact,614,154,8,0.034,0.766234,0.466189,GradientBoostedTreesQuickScorerExtended [virtual interface],0.0895,0.4093,0.8492,GradientBoostedTreesQuickScorerExtended [virtual interface]=0.0895;GradientBoostedTreesOptPred [virtual interface]=0.1510;GradientBoostedTreesGeneric [virtual interface]=0.4093;Generic slow engine=0.8492
diabetes,Axis Aligned,5,3,100,39,0.1,2.0,2.0,1000,Exact,614,154,8,0.060,0.720779,0.47485,GradientBoostedTreesQuickScorerExtended [virtual interface],0.2090,0.9930,2.1292,GradientBoostedTreesQuickScorerExtended [virtual interface]=0.2090;GradientBoostedTreesOptPred [virtual interface]=0.5533;GradientBoostedTreesGeneric [virtual interface]=0.9930;Generic slow engine=2.1292
diabetes,Axis Aligned,6,3,100,41,0.1,2.0,2.0,1000,Exact,614,154,8,0.083,0.74026,0.477608,GradientBoostedTreesQuickScorerExtended [virtual interface],0.3043,1.3678,3.2957,GradientBoostedTreesQuickScorerExtended [virtual interface]=0.3043;GradientBoostedTreesOptPred [virtual interface]=0.7945;GradientBoostedTreesGeneric [virtual interface]=1.3678;Generic slow engine=3.2957
diabetes,Axis Aligned,7,3,100,16,0.1,2.0,2.0,1000,Exact,614,154,8,0.078,0.753247,0.479051,GradientBoostedTreesQuickScorerExtended [virtual interface],0.2080,0.5130,1.3865,GradientBoostedTreesQuickScorerExtended [virtual interface]=0.2080;GradientBoostedTreesOptPred [virtual interface]=0.2087;GradientBoostedTreesGeneric [virtual interface]=0.5130;Generic slow engine=1.3865
diabetes,Axis Aligned,8,3,100,43,0.1,2.0,2.0,1000,Exact,614,154,8,0.161,0.766234,0.519127,GradientBoostedTreesQuickScorerExtended [virtual interface],0.5593,2.0528,5.6078,GradientBoostedTreesQuickScorerExtended [virtual interface]=0.5593;GradientBoostedTreesOptPred [virtual interface]=1.3742;GradientBoostedTreesGeneric [virtual interface]=2.0528;Generic slow engine=5.6078
diabetes,Axis Aligned,10,3,100,19,0.1,2.0,2.0,1000,Exact,614,154,8,0.170,0.753247,0.522024,GradientBoostedTreesOptPred [virtual interface],0.5925,0.9157,3.0130,GradientBoostedTreesOptPred [virtual interface]=0.5925;GradientBoostedTreesGeneric [virtual interface]=0.9157;Generic slow engine=3.0130
diabetes,Oblique,3,3,100,68,0.1,2.0,2.0,1000,Exact,614,154,8,0.063,0.785714,0.465022,GradientBoostedTreesGeneric [virtual interface],1.1623,1.1623,2.9758,GradientBoostedTreesGeneric [virtual interface]=1.1623;Generic slow engine=2.9758
diabetes,Oblique,4,3,100,23,0.1,2.0,2.0,1000,Exact,614,154,8,0.051,0.766234,0.460035,GradientBoostedTreesGeneric [virtual interface],0.4850,0.4850,1.4972,GradientBoostedTreesGeneric [virtual interface]=0.4850;Generic slow engine=1.4972
diabetes,Oblique,5,3,100,22,0.1,2.0,2.0,1000,Exact,614,154,8,0.074,0.766234,0.47146,GradientBoostedTreesGeneric [virtual interface],0.6775,0.6775,2.2910,GradientBoostedTreesGeneric [virtual interface]=0.6775;Generic slow engine=2.2910
diabetes,Oblique,6,3,100,36,0.1,2.0,2.0,1000,Exact,614,154,8,0.138,0.766234,0.479829,GradientBoostedTreesGeneric [virtual interface],1.8208,1.8208,5.7012,GradientBoostedTreesGeneric [virtual interface]=1.8208;Generic slow engine=5.7012
diabetes,Oblique,8,3,100,20,0.1,2.0,2.0,1000,Exact,614,154,8,0.195,0.766234,0.469959,GradientBoostedTreesGeneric [virtual interface],1.3973,1.3973,4.4670,GradientBoostedTreesGeneric [virtual interface]=1.3973;Generic slow engine=4.4670
diabetes,Axis Aligned,3,4,100,82,0.1,2.0,2.0,1000,Exact,614,154,8,0.042,0.772727,0.484291,GradientBoostedTreesQuickScorerExtended [virtual interface],0.1375,1.0933,1.8865,GradientBoostedTreesQuickScorerExtended [virtual interface]=0.1375;GradientBoostedTreesOptPred [virtual interface]=0.5730;GradientBoostedTreesGeneric [virtual interface]=1.0933;Generic slow engine=1.8865
diabetes,Axis Aligned,4,4,100,55,0.1,2.0,2.0,1000,Exact,614,154,8,0.049,0.785714,0.472724,GradientBoostedTreesQuickScorerExtended [virtual interface],0.1593,1.0045,2.1150,GradientBoostedTreesQuickScorerExtended [virtual interface]=0.1593;GradientBoostedTreesOptPred [virtual interface]=0.5597;GradientBoostedTreesGeneric [virtual interface]=1.0045;Generic slow engine=2.1150
diabetes,Axis Aligned,5,4,100,18,0.1,2.0,2.0,1000,Exact,614,154,8,0.040,0.753247,0.494547,GradientBoostedTreesOptPred [virtual interface],0.1072,0.3765,0.7782,GradientBoostedTreesOptPred [virtual interface]=0.1072;GradientBoostedTreesQuickScorerExtended [virtual interface]=0.1158;GradientBoostedTreesGeneric [virtual interface]=0.3765;Generic slow engine=0.7782
diabetes,Axis Aligned,6,4,100,33,0.1,2.0,2.0,1000,Exact,614,154,8,0.071,0.753247,0.490576,GradientBoostedTreesQuickScorerExtended [virtual interface],0.2520,1.0310,2.6505,GradientBoostedTreesQuickScorerExtended [virtual interface]=0.2520;GradientBoostedTreesOptPred [virtual interface]=0.5048;GradientBoostedTreesGeneric [virtual interface]=1.0310;Generic slow engine=2.6505
diabetes,Axis Aligned,7,4,100,16,0.1,2.0,2.0,1000,Exact,614,154,8,0.075,0.772727,0.489304,GradientBoostedTreesOptPred [virtual interface],0.2075,0.4800,1.4783,GradientBoostedTreesOptPred [virtual interface]=0.2075;GradientBoostedTreesQuickScorerExtended [virtual interface]=0.2155;GradientBoostedTreesGeneric [virtual interface]=0.4800;Generic slow engine=1.4783
diabetes,Axis Aligned,8,4,100,12,0.1,2.0,2.0,1000,Exact,614,154,8,0.093,0.766234,0.511606,GradientBoostedTreesOptPred [virtual interface],0.1470,0.3643,1.3380,GradientBoostedTreesOptPred [virtual interface]=0.1470;GradientBoostedTreesQuickScorerExtended [virtual interface]=0.2260;GradientBoostedTreesGeneric [virtual interface]=0.3643;Generic slow engine=1.3380
diabetes,Axis Aligned,10,4,100,22,0.1,2.0,2.0,1000,Exact,614,154,8,0.168,0.74026,0.516223,GradientBoostedTreesOptPred [virtual interface],0.7418,1.1860,3.5005,GradientBoostedTreesOptPred [virtual interface]=0.7418;GradientBoostedTreesGeneric [virtual interface]=1.1860;Generic slow engine=3.5005
diabetes,Oblique,3,4,100,26,0.1,2.0,2.0,1000,Exact,614,154,8,0.038,0.779221,0.491137,GradientBoostedTreesGeneric [virtual interface],0.3453,0.3453,0.7887,GradientBoostedTreesGeneric [virtual interface]=0.3453;Generic slow engine=0.7887
diabetes,Oblique,4,4,100,14,0.1,2.0,2.0,1000,Exact,614,154,8,0.043,0.746753,0.495831,GradientBoostedTreesGeneric [virtual interface],0.2612,0.2612,0.7395,GradientBoostedTreesGeneric [virtual interface]=0.2612;Generic slow engine=0.7395
diabetes,Oblique,5,4,100,20,0.1,2.0,2.0,1000,Exact,614,154,8,0.071,0.74026,0.500395,GradientBoostedTreesGeneric [virtual interface],0.5615,0.5615,1.9950,GradientBoostedTreesGeneric [virtual interface]=0.5615;Generic slow engine=1.9950
diabetes,Oblique,6,4,100,18,0.1,2.0,2.0,1000,Exact,614,154,8,0.100,0.766234,0.479418,GradientBoostedTreesGeneric [virtual interface],0.7280,0.7280,2.5248,GradientBoostedTreesGeneric [virtual interface]=0.7280;Generic slow engine=2.5248
diabetes,Oblique,8,4,100,15,0.1,2.0,2.0,1000,Exact,614,154,8,0.178,0.727273,0.50441,GradientBoostedTreesGeneric [virtual interface],0.9165,0.9165,3.2550,GradientBoostedTreesGeneric [virtual interface]=0.9165;Generic slow engine=3.2550
diabetes,Axis Aligned,3,5,100,67,0.1,2.0,2.0,1000,Exact,614,154,8,0.041,0.753247,0.492355,GradientBoostedTreesQuickScorerExtended [virtual interface],0.1192,0.9287,1.5520,GradientBoostedTreesQuickScorerExtended [virtual interface]=0.1192;GradientBoostedTreesOptPred [virtual interface]=0.4510;GradientBoostedTreesGeneric [virtual interface]=0.9287;Generic slow engine=1.5520
diabetes,Axis Aligned,4,5,100,53,0.1,2.0,2.0,1000,Exact,614,154,8,0.048,0.75974,0.498305,GradientBoostedTreesQuickScorerExtended [virtual interface],0.1678,1.0605,2.0170,GradientBoostedTreesQuickScorerExtended [virtual interface]=0.1678;GradientBoostedTreesOptPred [virtual interface]=0.5633;GradientBoostedTreesGeneric [virtual interface]=1.0605;Generic slow engine=2.0170
diabetes,Axis Aligned,5,5,100,14,0.1,2.0,2.0,1000,Exact,614,154,8,0.037,0.753247,0.507131,GradientBoostedTreesOptPred [virtual interface],0.0890,0.3132,0.5965,GradientBoostedTreesOptPred [virtual interface]=0.0890;GradientBoostedTreesQuickScorerExtended [virtual interface]=0.0958;GradientBoostedTreesGeneric [virtual interface]=0.3132;Generic slow engine=0.5965
diabetes,Axis Aligned,6,5,100,14,0.1,2.0,2.0,1000,Exact,614,154,8,0.056,0.74026,0.512454,GradientBoostedTreesOptPred [virtual interface],0.1403,0.4240,0.9160,GradientBoostedTreesOptPred [virtual interface]=0.1403;GradientBoostedTreesQuickScorerExtended [virtual interface]=0.1547;GradientBoostedTreesGeneric [virtual interface]=0.4240;Generic slow engine=0.9160
diabetes,Axis Aligned,7,5,100,12,0.1,2.0,2.0,1000,Exact,614,154,8,0.072,0.733766,0.519537,GradientBoostedTreesOptPred [virtual interface],0.1522,0.3728,1.0137,GradientBoostedTreesOptPred [virtual interface]=0.1522;GradientBoostedTreesQuickScorerExtended [virtual interface]=0.1973;GradientBoostedTreesGeneric [virtual interface]=0.3728;Generic slow engine=1.0137
diabetes,Axis Aligned,8,5,100,12,0.1,2.0,2.0,1000,Exact,614,154,8,0.103,0.74026,0.527868,GradientBoostedTreesQuickScorerExtended [virtual interface],0.2475,0.4642,1.3090,GradientBoostedTreesQuickScorerExtended [virtual interface]=0.2475;GradientBoostedTreesOptPred [virtual interface]=0.2545;GradientBoostedTreesGeneric [virtual interface]=0.4642;Generic slow engine=1.3090
diabetes,Axis Aligned,10,5,100,11,0.1,2.0,2.0,1000,Exact,614,154,8,0.160,0.727273,0.537395,GradientBoostedTreesOptPred [virtual interface],0.2645,0.5218,1.7530,GradientBoostedTreesOptPred [virtual interface]=0.2645;GradientBoostedTreesGeneric [virtual interface]=0.5218;Generic slow engine=1.7530
diabetes,Oblique,3,5,100,24,0.1,2.0,2.0,1000,Exact,614,154,8,0.036,0.75974,0.487207,GradientBoostedTreesGeneric [virtual interface],0.3215,0.3215,0.7420,GradientBoostedTreesGeneric [virtual interface]=0.3215;Generic slow engine=0.7420
diabetes,Oblique,4,5,100,34,0.1,2.0,2.0,1000,Exact,614,154,8,0.062,0.746753,0.48992,GradientBoostedTreesGeneric [virtual interface],0.8075,0.8075,2.3918,GradientBoostedTreesGeneric [virtual interface]=0.8075;Generic slow engine=2.3918
diabetes,Oblique,5,5,100,15,0.1,2.0,2.0,1000,Exact,614,154,8,0.064,0.779221,0.498121,GradientBoostedTreesGeneric [virtual interface],0.4432,0.4432,1.3490,GradientBoostedTreesGeneric [virtual interface]=0.4432;Generic slow engine=1.3490
diabetes,Oblique,6,5,100,14,0.1,2.0,2.0,1000,Exact,614,154,8,0.096,0.733766,0.520252,GradientBoostedTreesGeneric [virtual interface],0.5383,0.5383,1.8822,GradientBoostedTreesGeneric [virtual interface]=0.5383;Generic slow engine=1.8822
diabetes,Oblique,8,5,100,12,0.1,2.0,2.0,1000,Exact,614,154,8,0.183,0.75974,0.50703,GradientBoostedTreesGeneric [virtual interface],0.7145,0.7145,2.4335,GradientBoostedTreesGeneric [virtual interface]=0.7145;Generic slow engine=2.4335
diabetes,Axis Aligned,3,6,100,44,0.1,2.0,2.0,1000,Exact,614,154,8,0.032,0.805195,0.448425,GradientBoostedTreesQuickScorerExtended [virtual interface],0.0872,0.5730,0.8500,GradientBoostedTreesQuickScorerExtended [virtual interface]=0.0872;GradientBoostedTreesOptPred [virtual interface]=0.2490;GradientBoostedTreesGeneric [virtual interface]=0.5730;Generic slow engine=0.8500
diabetes,Axis Aligned,4,6,100,38,0.1,2.0,2.0,1000,Exact,614,154,8,0.040,0.766234,0.452466,GradientBoostedTreesQuickScorerExtended [virtual interface],0.1358,0.6820,1.3017,GradientBoostedTreesQuickScorerExtended [virtual interface]=0.1358;GradientBoostedTreesOptPred [virtual interface]=0.3277;GradientBoostedTreesGeneric [virtual interface]=0.6820;Generic slow engine=1.3017
diabetes,Axis Aligned,5,6,100,14,0.1,2.0,2.0,1000,Exact,614,154,8,0.039,0.779221,0.462613,GradientBoostedTreesOptPred [virtual interface],0.0890,0.3010,0.5865,GradientBoostedTreesOptPred [virtual interface]=0.0890;GradientBoostedTreesQuickScorerExtended [virtual interface]=0.0970;GradientBoostedTreesGeneric [virtual interface]=0.3010;Generic slow engine=0.5865
diabetes,Axis Aligned,6,6,100,19,0.1,2.0,2.0,1000,Exact,614,154,8,0.062,0.792208,0.453476,GradientBoostedTreesOptPred [virtual interface],0.2132,0.5573,1.3010,GradientBoostedTreesOptPred [virtual interface]=0.2132;GradientBoostedTreesQuickScorerExtended [virtual interface]=0.2462;GradientBoostedTreesGeneric [virtual interface]=0.5573;Generic slow engine=1.3010
diabetes,Axis Aligned,7,6,100,11,0.1,2.0,2.0,1000,Exact,614,154,8,0.075,0.785714,0.47058,GradientBoostedTreesOptPred [virtual interface],0.1217,0.3162,0.9253,GradientBoostedTreesOptPred [virtual interface]=0.1217;GradientBoostedTreesQuickScorerExtended [virtual interface]=0.1867;GradientBoostedTreesGeneric [virtual interface]=0.3162;Generic slow engine=0.9253
diabetes,Axis Aligned,8,6,100,25,0.1,2.0,2.0,1000,Exact,614,154,8,0.130,0.792208,0.457974,GradientBoostedTreesQuickScorerExtended [virtual interface],0.4190,1.1535,3.1038,GradientBoostedTreesQuickScorerExtended [virtual interface]=0.4190;GradientBoostedTreesOptPred [virtual interface]=0.7240;GradientBoostedTreesGeneric [virtual interface]=1.1535;Generic slow engine=3.1038
diabetes,Axis Aligned,10,6,100,11,0.1,2.0,2.0,1000,Exact,614,154,8,0.160,0.792208,0.466204,GradientBoostedTreesOptPred [virtual interface],0.2230,0.4780,1.6435,GradientBoostedTreesOptPred [virtual interface]=0.2230;GradientBoostedTreesGeneric [virtual interface]=0.4780;Generic slow engine=1.6435
diabetes,Oblique,3,6,100,55,0.1,2.0,2.0,1000,Exact,614,154,8,0.055,0.818182,0.445671,GradientBoostedTreesGeneric [virtual interface],0.8810,0.8810,2.2830,GradientBoostedTreesGeneric [virtual interface]=0.8810;Generic slow engine=2.2830
diabetes,Oblique,4,6,100,25,0.1,2.0,2.0,1000,Exact,614,154,8,0.053,0.824675,0.451025,GradientBoostedTreesGeneric [virtual interface],0.5483,0.5483,1.5978,GradientBoostedTreesGeneric [virtual interface]=0.5483;Generic slow engine=1.5978
diabetes,Oblique,5,6,100,31,0.1,2.0,2.0,1000,Exact,614,154,8,0.088,0.792208,0.465706,GradientBoostedTreesGeneric [virtual interface],1.0580,1.0580,3.4390,GradientBoostedTreesGeneric [virtual interface]=1.0580;Generic slow engine=3.4390
diabetes,Oblique,6,6,100,16,0.1,2.0,2.0,1000,Exact,614,154,8,0.102,0.811688,0.463568,GradientBoostedTreesGeneric [virtual interface],0.6607,0.6607,2.1860,GradientBoostedTreesGeneric [virtual interface]=0.6607;Generic slow engine=2.1860
diabetes,Oblique,8,6,100,12,0.1,2.0,2.0,1000,Exact,614,154,8,0.174,0.818182,0.466325,GradientBoostedTreesGeneric [virtual interface],0.7000,0.7000,2.5585,GradientBoostedTreesGeneric [virtual interface]=0.7000;Generic slow engine=2.5585
diabetes,Axis Aligned,3,7,100,87,0.1,2.0,2.0,1000,Exact,614,154,8,0.042,0.779221,0.445873,GradientBoostedTreesQuickScorerExtended [virtual interface],0.1455,1.2232,1.9710,GradientBoostedTreesQuickScorerExtended [virtual interface]=0.1455;GradientBoostedTreesOptPred [virtual interface]=0.5800;GradientBoostedTreesGeneric [virtual interface]=1.2232;Generic slow engine=1.9710
diabetes,Axis Aligned,4,7,100,100,0.1,2.0,2.0,1000,Exact,614,154,8,0.058,0.74026,0.452711,GradientBoostedTreesQuickScorerExtended [virtual interface],0.2655,2.0213,4.0098,GradientBoostedTreesQuickScorerExtended [virtual interface]=0.2655;GradientBoostedTreesOptPred [virtual interface]=1.1823;GradientBoostedTreesGeneric [virtual interface]=2.0213;Generic slow engine=4.0098
diabetes,Axis Aligned,5,7,100,21,0.1,2.0,2.0,1000,Exact,614,154,8,0.042,0.75974,0.481784,GradientBoostedTreesQuickScorerExtended [virtual interface],0.1415,0.4355,0.9503,GradientBoostedTreesQuickScorerExtended [virtual interface]=0.1415;GradientBoostedTreesOptPred [virtual interface]=0.1457;GradientBoostedTreesGeneric [virtual interface]=0.4355;Generic slow engine=0.9503
diabetes,Axis Aligned,6,7,100,72,0.1,2.0,2.0,1000,Exact,614,154,8,0.109,0.746753,0.488723,GradientBoostedTreesQuickScorerExtended [virtual interface],0.4253,2.4728,5.9078,GradientBoostedTreesQuickScorerExtended [virtual interface]=0.4253;GradientBoostedTreesOptPred [virtual interface]=1.4485;GradientBoostedTreesGeneric [virtual interface]=2.4728;Generic slow engine=5.9078
diabetes,Axis Aligned,7,7,100,27,0.1,2.0,2.0,1000,Exact,614,154,8,0.092,0.753247,0.490621,GradientBoostedTreesQuickScorerExtended [virtual interface],0.4045,0.9905,2.6688,GradientBoostedTreesQuickScorerExtended [virtual interface]=0.4045;GradientBoostedTreesOptPred [virtual interface]=0.5460;GradientBoostedTreesGeneric [virtual interface]=0.9905;Generic slow engine=2.6688
diabetes,Axis Aligned,8,7,100,48,0.1,2.0,2.0,1000,Exact,614,154,8,0.159,0.766234,0.495679,GradientBoostedTreesQuickScorerExtended [virtual interface],0.5790,2.2970,6.1013,GradientBoostedTreesQuickScorerExtended [virtual interface]=0.5790;GradientBoostedTreesOptPred [virtual interface]=1.5137;GradientBoostedTreesGeneric [virtual interface]=2.2970;Generic slow engine=6.1013
diabetes,Axis Aligned,10,7,100,37,0.1,2.0,2.0,1000,Exact,614,154,8,0.221,0.746753,0.503939,GradientBoostedTreesOptPred [virtual interface],1.4790,2.3273,6.4070,GradientBoostedTreesOptPred [virtual interface]=1.4790;GradientBoostedTreesGeneric [virtual interface]=2.3273;Generic slow engine=6.4070
diabetes,Oblique,3,7,100,58,0.1,2.0,2.0,1000,Exact,614,154,8,0.057,0.75974,0.450641,GradientBoostedTreesGeneric [virtual interface],0.9125,0.9125,2.3785,GradientBoostedTreesGeneric [virtual interface]=0.9125;Generic slow engine=2.3785
diabetes,Oblique,4,7,100,32,0.1,2.0,2.0,1000,Exact,614,154,8,0.060,0.779221,0.468664,GradientBoostedTreesGeneric [virtual interface],0.7023,0.7023,2.3175,GradientBoostedTreesGeneric [virtual interface]=0.7023;Generic slow engine=2.3175
diabetes,Oblique,5,7,100,20,0.1,2.0,2.0,1000,Exact,614,154,8,0.071,0.772727,0.45899,GradientBoostedTreesGeneric [virtual interface],0.5793,0.5793,1.9327,GradientBoostedTreesGeneric [virtual interface]=0.5793;Generic slow engine=1.9327
diabetes,Oblique,6,7,100,34,0.1,2.0,2.0,1000,Exact,614,154,8,0.129,0.75974,0.457272,GradientBoostedTreesGeneric [virtual interface],1.5020,1.5020,5.2257,GradientBoostedTreesGeneric [virtual interface]=1.5020;Generic slow engine=5.2257
diabetes,Oblique,8,7,100,14,0.1,2.0,2.0,1000,Exact,614,154,8,0.171,0.772727,0.462495,GradientBoostedTreesGeneric [virtual interface],0.7965,0.7965,2.8942,GradientBoostedTreesGeneric [virtual interface]=0.7965;Generic slow engine=2.8942
diabetes,Axis Aligned,3,8,100,15,0.1,2.0,2.0,1000,Exact,614,154,8,0.020,0.727273,0.520845,GradientBoostedTreesQuickScorerExtended [virtual interface],0.0447,0.1407,0.2430,GradientBoostedTreesQuickScorerExtended [virtual interface]=0.0447;GradientBoostedTreesOptPred [virtual interface]=0.0452;GradientBoostedTreesGeneric [virtual interface]=0.1407;Generic slow engine=0.2430
diabetes,Axis Aligned,4,8,100,20,0.1,2.0,2.0,1000,Exact,614,154,8,0.031,0.714286,0.533392,GradientBoostedTreesQuickScorerExtended [virtual interface],0.0825,0.3118,0.5503,GradientBoostedTreesQuickScorerExtended [virtual interface]=0.0825;GradientBoostedTreesOptPred [virtual interface]=0.0948;GradientBoostedTreesGeneric [virtual interface]=0.3118;Generic slow engine=0.5503
diabetes,Axis Aligned,5,8,100,12,0.1,2.0,2.0,1000,Exact,614,154,8,0.037,0.701299,0.556638,GradientBoostedTreesOptPred [virtual interface],0.0727,0.2240,0.4790,GradientBoostedTreesOptPred [virtual interface]=0.0727;GradientBoostedTreesQuickScorerExtended [virtual interface]=0.1013;GradientBoostedTreesGeneric [virtual interface]=0.2240;Generic slow engine=0.4790
diabetes,Axis Aligned,6,8,100,16,0.1,2.0,2.0,1000,Exact,614,154,8,0.057,0.688312,0.570142,GradientBoostedTreesOptPred [virtual interface],0.1535,0.4773,1.1298,GradientBoostedTreesOptPred [virtual interface]=0.1535;GradientBoostedTreesQuickScorerExtended [virtual interface]=0.1805;GradientBoostedTreesGeneric [virtual interface]=0.4773;Generic slow engine=1.1298
diabetes,Axis Aligned,7,8,100,16,0.1,2.0,2.0,1000,Exact,614,154,8,0.083,0.668831,0.583491,GradientBoostedTreesQuickScorerExtended [virtual interface],0.2457,0.5505,1.4285,GradientBoostedTreesQuickScorerExtended [virtual interface]=0.2457;GradientBoostedTreesOptPred [virtual interface]=0.3135;GradientBoostedTreesGeneric [virtual interface]=0.5505;Generic slow engine=1.4285
diabetes,Axis Aligned,8,8,100,18,0.1,2.0,2.0,1000,Exact,614,154,8,0.111,0.675325,0.598558,GradientBoostedTreesQuickScorerExtended [virtual interface],0.3267,0.7655,2.0322,GradientBoostedTreesQuickScorerExtended [virtual interface]=0.3267;GradientBoostedTreesOptPred [virtual interface]=0.4625;GradientBoostedTreesGeneric [virtual interface]=0.7655;Generic slow engine=2.0322
diabetes,Axis Aligned,10,8,100,11,0.1,2.0,2.0,1000,Exact,614,154,8,0.153,0.701299,0.579478,GradientBoostedTreesOptPred [virtual interface],0.2330,0.4715,1.5383,GradientBoostedTreesOptPred [virtual interface]=0.2330;GradientBoostedTreesGeneric [virtual interface]=0.4715;Generic slow engine=1.5383
diabetes,Oblique,3,8,100,15,0.1,2.0,2.0,1000,Exact,614,154,8,0.030,0.733766,0.526572,GradientBoostedTreesGeneric [virtual interface],0.1980,0.1980,0.4535,GradientBoostedTreesGeneric [virtual interface]=0.1980;Generic slow engine=0.4535
diabetes,Oblique,4,8,100,12,0.1,2.0,2.0,1000,Exact,614,154,8,0.041,0.720779,0.538213,GradientBoostedTreesGeneric [virtual interface],0.2305,0.2305,0.6248,GradientBoostedTreesGeneric [virtual interface]=0.2305;Generic slow engine=0.6248
diabetes,Oblique,5,8,100,21,0.1,2.0,2.0,1000,Exact,614,154,8,0.074,0.720779,0.557944,GradientBoostedTreesGeneric [virtual interface],0.6468,0.6468,2.0435,GradientBoostedTreesGeneric [virtual interface]=0.6468;Generic slow engine=2.0435
diabetes,Oblique,6,8,100,11,0.1,2.0,2.0,1000,Exact,614,154,8,0.088,0.746753,0.529009,GradientBoostedTreesGeneric [virtual interface],0.4007,0.4007,1.3410,GradientBoostedTreesGeneric [virtual interface]=0.4007;Generic slow engine=1.3410
diabetes,Oblique,8,8,100,11,0.1,2.0,2.0,1000,Exact,614,154,8,0.169,0.701299,0.550964,GradientBoostedTreesGeneric [virtual interface],0.5813,0.5813,2.4160,GradientBoostedTreesGeneric [virtual interface]=0.5813;Generic slow engine=2.4160
diabetes,Axis Aligned,3,9,100,99,0.1,2.0,2.0,1000,Exact,614,154,8,0.043,0.792208,0.444899,GradientBoostedTreesQuickScorerExtended [virtual interface],0.1630,1.4680,2.3123,GradientBoostedTreesQuickScorerExtended [virtual interface]=0.1630;GradientBoostedTreesOptPred [virtual interface]=0.8410;GradientBoostedTreesGeneric [virtual interface]=1.4680;Generic slow engine=2.3123
diabetes,Axis Aligned,4,9,100,58,0.1,2.0,2.0,1000,Exact,614,154,8,0.053,0.785714,0.437798,GradientBoostedTreesQuickScorerExtended [virtual interface],0.1698,1.1627,2.2570,GradientBoostedTreesQuickScorerExtended [virtual interface]=0.1698;GradientBoostedTreesOptPred [virtual interface]=0.6950;GradientBoostedTreesGeneric [virtual interface]=1.1627;Generic slow engine=2.2570
diabetes,Axis Aligned,5,9,100,82,0.1,2.0,2.0,1000,Exact,614,154,8,0.083,0.798701,0.46016,GradientBoostedTreesQuickScorerExtended [virtual interface],0.3608,2.4330,4.7735,GradientBoostedTreesQuickScorerExtended [virtual interface]=0.3608;GradientBoostedTreesOptPred [virtual interface]=1.4563;GradientBoostedTreesGeneric [virtual interface]=2.4330;Generic slow engine=4.7735
diabetes,Axis Aligned,6,9,100,76,0.1,2.0,2.0,1000,Exact,614,154,8,0.118,0.772727,0.498437,GradientBoostedTreesQuickScorerExtended [virtual interface],0.4858,2.8110,6.2685,GradientBoostedTreesQuickScorerExtended [virtual interface]=0.4858;GradientBoostedTreesOptPred [virtual interface]=1.7125;GradientBoostedTreesGeneric [virtual interface]=2.8110;Generic slow engine=6.2685
diabetes,Axis Aligned,7,9,100,47,0.1,2.0,2.0,1000,Exact,614,154,8,0.126,0.766234,0.485064,GradientBoostedTreesQuickScorerExtended [virtual interface],0.4978,1.9785,4.9653,GradientBoostedTreesQuickScorerExtended [virtual interface]=0.4978;GradientBoostedTreesOptPred [virtual interface]=1.3798;GradientBoostedTreesGeneric [virtual interface]=1.9785;Generic slow engine=4.9653
diabetes,Axis Aligned,8,9,100,24,0.1,2.0,2.0,1000,Exact,614,154,8,0.121,0.779221,0.465348,GradientBoostedTreesQuickScorerExtended [virtual interface],0.3777,1.1573,2.9815,GradientBoostedTreesQuickScorerExtended [virtual interface]=0.3777;GradientBoostedTreesOptPred [virtual interface]=0.7412;GradientBoostedTreesGeneric [virtual interface]=1.1573;Generic slow engine=2.9815
diabetes,Axis Aligned,10,9,100,25,0.1,2.0,2.0,1000,Exact,614,154,8,0.195,0.785714,0.455864,GradientBoostedTreesOptPred [virtual interface],0.9563,1.4728,4.2350,GradientBoostedTreesOptPred [virtual interface]=0.9563;GradientBoostedTreesGeneric [virtual interface]=1.4728;Generic slow engine=4.2350
diabetes,Oblique,3,9,100,77,0.1,2.0,2.0,1000,Exact,614,154,8,0.064,0.798701,0.430672,GradientBoostedTreesGeneric [virtual interface],1.3767,1.3767,3.3150,GradientBoostedTreesGeneric [virtual interface]=1.3767;Generic slow engine=3.3150
diabetes,Oblique,4,9,100,41,0.1,2.0,2.0,1000,Exact,614,154,8,0.069,0.766234,0.427704,GradientBoostedTreesGeneric [virtual interface],1.0460,1.0460,3.0595,GradientBoostedTreesGeneric [virtual interface]=1.0460;Generic slow engine=3.0595
diabetes,Oblique,5,9,100,34,0.1,2.0,2.0,1000,Exact,614,154,8,0.093,0.805195,0.432325,GradientBoostedTreesGeneric [virtual interface],1.2418,1.2418,3.8673,GradientBoostedTreesGeneric [virtual interface]=1.2418;Generic slow engine=3.8673
diabetes,Oblique,6,9,100,33,0.1,2.0,2.0,1000,Exact,614,154,8,0.134,0.792208,0.430947,GradientBoostedTreesGeneric [virtual interface],1.6475,1.6475,5.1220,GradientBoostedTreesGeneric [virtual interface]=1.6475;Generic slow engine=5.1220
diabetes,Oblique,8,9,100,45,0.1,2.0,2.0,1000,Exact,614,154,8,0.291,0.792208,0.465851,GradientBoostedTreesGeneric [virtual interface],4.0875,4.0875,11.1860,GradientBoostedTreesGeneric [virtual interface]=4.0875;Generic slow engine=11.1860
blood-transfusion,Axis Aligned,3,0,100,100,0.1,2.0,2.0,1000,Exact,598,150,4,0.040,0.793333,0.51272,GradientBoostedTreesQuickScorerExtended [virtual interface],0.1450,1.2020,2.4975,GradientBoostedTreesQuickScorerExtended [virtual interface]=0.1450;GradientBoostedTreesOptPred [virtual interface]=0.4450;GradientBoostedTreesGeneric [virtual interface]=1.2020;Generic slow engine=2.4975
blood-transfusion,Axis Aligned,4,0,100,61,0.1,2.0,2.0,1000,Exact,598,150,4,0.049,0.786667,0.510692,GradientBoostedTreesQuickScorerExtended [virtual interface],0.1550,1.0125,2.3835,GradientBoostedTreesQuickScorerExtended [virtual interface]=0.1550;GradientBoostedTreesOptPred [virtual interface]=0.4637;GradientBoostedTreesGeneric [virtual interface]=1.0125;Generic slow engine=2.3835
blood-transfusion,Axis Aligned,5,0,100,49,0.1,2.0,2.0,1000,Exact,598,150,4,0.056,0.766667,0.523859,GradientBoostedTreesQuickScorerExtended [virtual interface],0.2517,1.0423,2.8357,GradientBoostedTreesQuickScorerExtended [virtual interface]=0.2517;GradientBoostedTreesOptPred [virtual interface]=0.4890;GradientBoostedTreesGeneric [virtual interface]=1.0423;Generic slow engine=2.8357
blood-transfusion,Axis Aligned,6,0,100,18,0.1,2.0,2.0,1000,Exact,598,150,4,0.050,0.766667,0.499263,GradientBoostedTreesOptPred [virtual interface],0.1108,0.3772,1.1665,GradientBoostedTreesOptPred [virtual interface]=0.1108;GradientBoostedTreesQuickScorerExtended [virtual interface]=0.1447;GradientBoostedTreesGeneric [virtual interface]=0.3772;Generic slow engine=1.1665
blood-transfusion,Axis Aligned,7,0,100,28,0.1,2.0,2.0,1000,Exact,598,150,4,0.080,0.766667,0.520304,GradientBoostedTreesQuickScorerExtended [virtual interface],0.2472,0.8655,2.7233,GradientBoostedTreesQuickScorerExtended [virtual interface]=0.2472;GradientBoostedTreesOptPred [virtual interface]=0.4723;GradientBoostedTreesGeneric [virtual interface]=0.8655;Generic slow engine=2.7233
blood-transfusion,Axis Aligned,8,0,100,33,0.1,2.0,2.0,1000,Exact,598,150,4,0.114,0.733333,0.542207,GradientBoostedTreesQuickScorerExtended [virtual interface],0.3095,1.2445,4.1413,GradientBoostedTreesQuickScorerExtended [virtual interface]=0.3095;GradientBoostedTreesOptPred [virtual interface]=0.7642;GradientBoostedTreesGeneric [virtual interface]=1.2445;Generic slow engine=4.1413
blood-transfusion,Axis Aligned,10,0,100,48,0.1,2.0,2.0,1000,Exact,598,150,4,0.199,0.7,0.598962,GradientBoostedTreesOptPred [virtual interface],1.5310,2.4805,7.7252,GradientBoostedTreesOptPred [virtual interface]=1.5310;GradientBoostedTreesGeneric [virtual interface]=2.4805;Generic slow engine=7.7252
blood-transfusion,Oblique,3,0,100,89,0.1,2.0,2.0,1000,Exact,598,150,4,0.052,0.76,0.524713,GradientBoostedTreesGeneric [virtual interface],1.3685,1.3685,3.6063,GradientBoostedTreesGeneric [virtual interface]=1.3685;Generic slow engine=3.6063
blood-transfusion,Oblique,4,0,100,66,0.1,2.0,2.0,1000,Exact,598,150,4,0.069,0.753333,0.52065,GradientBoostedTreesGeneric [virtual interface],1.5690,1.5690,4.7270,GradientBoostedTreesGeneric [virtual interface]=1.5690;Generic slow engine=4.7270
blood-transfusion,Oblique,5,0,100,61,0.1,2.0,2.0,1000,Exact,598,150,4,0.088,0.74,0.539655,GradientBoostedTreesGeneric [virtual interface],2.0150,2.0150,6.6410,GradientBoostedTreesGeneric [virtual interface]=2.0150;Generic slow engine=6.6410
blood-transfusion,Oblique,6,0,100,40,0.1,2.0,2.0,1000,Exact,598,150,4,0.094,0.72,0.541509,GradientBoostedTreesGeneric [virtual interface],1.6785,1.6785,5.8765,GradientBoostedTreesGeneric [virtual interface]=1.6785;Generic slow engine=5.8765
blood-transfusion,Oblique,8,0,100,15,0.1,2.0,2.0,1000,Exact,598,150,4,0.107,0.72,0.544971,GradientBoostedTreesGeneric [virtual interface],0.8005,0.8005,3.1150,GradientBoostedTreesGeneric [virtual interface]=0.8005;Generic slow engine=3.1150
blood-transfusion,Axis Aligned,3,1,100,63,0.1,2.0,2.0,1000,Exact,598,150,4,0.038,0.766667,0.481455,GradientBoostedTreesQuickScorerExtended [virtual interface],0.1020,0.6780,1.3658,GradientBoostedTreesQuickScorerExtended [virtual interface]=0.1020;GradientBoostedTreesOptPred [virtual interface]=0.2023;GradientBoostedTreesGeneric [virtual interface]=0.6780;Generic slow engine=1.3658
blood-transfusion,Axis Aligned,4,1,100,68,0.1,2.0,2.0,1000,Exact,598,150,4,0.051,0.766667,0.502153,GradientBoostedTreesQuickScorerExtended [virtual interface],0.1777,1.0537,2.7043,GradientBoostedTreesQuickScorerExtended [virtual interface]=0.1777;GradientBoostedTreesOptPred [virtual interface]=0.4835;GradientBoostedTreesGeneric [virtual interface]=1.0537;Generic slow engine=2.7043
blood-transfusion,Axis Aligned,5,1,100,20,0.1,2.0,2.0,1000,Exact,598,150,4,0.037,0.773333,0.479208,GradientBoostedTreesOptPred [virtual interface],0.0950,0.3380,0.9965,GradientBoostedTreesOptPred [virtual interface]=0.0950;GradientBoostedTreesQuickScorerExtended [virtual interface]=0.1075;GradientBoostedTreesGeneric [virtual interface]=0.3380;Generic slow engine=0.9965
blood-transfusion,Axis Aligned,6,1,100,32,0.1,2.0,2.0,1000,Exact,598,150,4,0.061,0.766667,0.496796,GradientBoostedTreesQuickScorerExtended [virtual interface],0.2200,0.8638,2.6193,GradientBoostedTreesQuickScorerExtended [virtual interface]=0.2200;GradientBoostedTreesOptPred [virtual interface]=0.3200;GradientBoostedTreesGeneric [virtual interface]=0.8638;Generic slow engine=2.6193
blood-transfusion,Axis Aligned,7,1,100,14,0.1,2.0,2.0,1000,Exact,598,150,4,0.063,0.773333,0.488813,GradientBoostedTreesOptPred [virtual interface],0.1135,0.3385,1.2268,GradientBoostedTreesOptPred [virtual interface]=0.1135;GradientBoostedTreesQuickScorerExtended [virtual interface]=0.1620;GradientBoostedTreesGeneric [virtual interface]=0.3385;Generic slow engine=1.2268
blood-transfusion,Axis Aligned,8,1,100,29,0.1,2.0,2.0,1000,Exact,598,150,4,0.101,0.766667,0.522851,GradientBoostedTreesQuickScorerExtended [virtual interface],0.3255,1.0520,3.6698,GradientBoostedTreesQuickScorerExtended [virtual interface]=0.3255;GradientBoostedTreesOptPred [virtual interface]=0.5867;GradientBoostedTreesGeneric [virtual interface]=1.0520;Generic slow engine=3.6698
blood-transfusion,Axis Aligned,10,1,100,13,0.1,2.0,2.0,1000,Exact,598,150,4,0.116,0.766667,0.485447,GradientBoostedTreesOptPred [virtual interface],0.2305,0.4788,1.8633,GradientBoostedTreesOptPred [virtual interface]=0.2305;GradientBoostedTreesGeneric [virtual interface]=0.4788;Generic slow engine=1.8633
blood-transfusion,Oblique,3,1,100,41,0.1,2.0,2.0,1000,Exact,598,150,4,0.037,0.78,0.465798,GradientBoostedTreesGeneric [virtual interface],0.5370,0.5370,1.5160,GradientBoostedTreesGeneric [virtual interface]=0.5370;Generic slow engine=1.5160
blood-transfusion,Oblique,4,1,100,42,0.1,2.0,2.0,1000,Exact,598,150,4,0.051,0.78,0.481914,GradientBoostedTreesGeneric [virtual interface],0.9185,0.9185,3.0030,GradientBoostedTreesGeneric [virtual interface]=0.9185;Generic slow engine=3.0030
blood-transfusion,Oblique,5,1,100,19,0.1,2.0,2.0,1000,Exact,598,150,4,0.049,0.78,0.469739,GradientBoostedTreesGeneric [virtual interface],0.4955,0.4955,1.7620,GradientBoostedTreesGeneric [virtual interface]=0.4955;Generic slow engine=1.7620
blood-transfusion,Oblique,6,1,100,20,0.1,2.0,2.0,1000,Exact,598,150,4,0.067,0.786667,0.482124,GradientBoostedTreesGeneric [virtual interface],0.7103,0.7103,2.7107,GradientBoostedTreesGeneric [virtual interface]=0.7103;Generic slow engine=2.7107
blood-transfusion,Oblique,8,1,100,17,0.1,2.0,2.0,1000,Exact,598,150,4,0.105,0.786667,0.479072,GradientBoostedTreesGeneric [virtual interface],0.8315,0.8315,3.5875,GradientBoostedTreesGeneric [virtual interface]=0.8315;Generic slow engine=3.5875
blood-transfusion,Axis Aligned,3,2,100,13,0.1,2.0,2.0,1000,Exact,598,150,4,0.018,0.806667,0.463877,GradientBoostedTreesQuickScorerExtended [virtual interface],0.0340,0.1153,0.2165,GradientBoostedTreesQuickScorerExtended [virtual interface]=0.0340;GradientBoostedTreesOptPred [virtual interface]=0.0395;GradientBoostedTreesGeneric [virtual interface]=0.1153;Generic slow engine=0.2165
blood-transfusion,Axis Aligned,4,2,100,12,0.1,2.0,2.0,1000,Exact,598,150,4,0.023,0.793333,0.455043,GradientBoostedTreesQuickScorerExtended [virtual interface],0.0440,0.1482,0.3053,GradientBoostedTreesQuickScorerExtended [virtual interface]=0.0440;GradientBoostedTreesOptPred [virtual interface]=0.0462;GradientBoostedTreesGeneric [virtual interface]=0.1482;Generic slow engine=0.3053
blood-transfusion,Axis Aligned,5,2,100,15,0.1,2.0,2.0,1000,Exact,598,150,4,0.033,0.773333,0.463769,GradientBoostedTreesOptPred [virtual interface],0.0675,0.2420,0.6015,GradientBoostedTreesOptPred [virtual interface]=0.0675;GradientBoostedTreesQuickScorerExtended [virtual interface]=0.0695;GradientBoostedTreesGeneric [virtual interface]=0.2420;Generic slow engine=0.6015
blood-transfusion,Axis Aligned,6,2,100,11,0.1,2.0,2.0,1000,Exact,598,150,4,0.043,0.793333,0.459536,GradientBoostedTreesOptPred [virtual interface],0.0640,0.2215,0.6212,GradientBoostedTreesOptPred [virtual interface]=0.0640;GradientBoostedTreesQuickScorerExtended [virtual interface]=0.0845;GradientBoostedTreesGeneric [virtual interface]=0.2215;Generic slow engine=0.6212
blood-transfusion,Axis Aligned,7,2,100,11,0.1,2.0,2.0,1000,Exact,598,150,4,0.061,0.78,0.45725,GradientBoostedTreesOptPred [virtual interface],0.0777,0.2435,0.8170,GradientBoostedTreesOptPred [virtual interface]=0.0777;GradientBoostedTreesQuickScorerExtended [virtual interface]=0.1160;GradientBoostedTreesGeneric [virtual interface]=0.2435;Generic slow engine=0.8170
blood-transfusion,Axis Aligned,8,2,100,11,0.1,2.0,2.0,1000,Exact,598,150,4,0.074,0.786667,0.463181,GradientBoostedTreesOptPred [virtual interface],0.0855,0.3103,1.0210,GradientBoostedTreesOptPred [virtual interface]=0.0855;GradientBoostedTreesQuickScorerExtended [virtual interface]=0.1470;GradientBoostedTreesGeneric [virtual interface]=0.3103;Generic slow engine=1.0210
blood-transfusion,Axis Aligned,10,2,100,11,0.1,2.0,2.0,1000,Exact,598,150,4,0.105,0.773333,0.468245,GradientBoostedTreesOptPred [virtual interface],0.1095,0.3767,1.3185,GradientBoostedTreesOptPred [virtual interface]=0.1095;GradientBoostedTreesQuickScorerExtended [virtual interface]=0.1797;GradientBoostedTreesGeneric [virtual interface]=0.3767;Generic slow engine=1.3185
blood-transfusion,Oblique,3,2,100,16,0.1,2.0,2.0,1000,Exact,598,150,4,0.025,0.78,0.469506,GradientBoostedTreesGeneric [virtual interface],0.2080,0.2080,0.4547,GradientBoostedTreesGeneric [virtual interface]=0.2080;Generic slow engine=0.4547
blood-transfusion,Oblique,4,2,100,16,0.1,2.0,2.0,1000,Exact,598,150,4,0.034,0.78,0.462504,GradientBoostedTreesGeneric [virtual interface],0.2943,0.2943,0.8340,GradientBoostedTreesGeneric [virtual interface]=0.2943;Generic slow engine=0.8340
blood-transfusion,Oblique,5,2,100,16,0.1,2.0,2.0,1000,Exact,598,150,4,0.046,0.766667,0.475513,GradientBoostedTreesGeneric [virtual interface],0.4183,0.4183,1.3428,GradientBoostedTreesGeneric [virtual interface]=0.4183;Generic slow engine=1.3428
blood-transfusion,Oblique,6,2,100,11,0.1,2.0,2.0,1000,Exact,598,150,4,0.059,0.773333,0.465121,GradientBoostedTreesGeneric [virtual interface],0.3565,0.3565,1.2677,GradientBoostedTreesGeneric [virtual interface]=0.3565;Generic slow engine=1.2677
blood-transfusion,Oblique,8,2,100,11,0.1,2.0,2.0,1000,Exact,598,150,4,0.101,0.766667,0.474501,GradientBoostedTreesGeneric [virtual interface],0.5510,0.5510,2.0900,GradientBoostedTreesGeneric [virtual interface]=0.5510;Generic slow engine=2.0900
blood-transfusion,Axis Aligned,3,3,100,81,0.1,2.0,2.0,1000,Exact,598,150,4,0.041,0.78,0.548548,GradientBoostedTreesQuickScorerExtended [virtual interface],0.1290,1.0152,1.8317,GradientBoostedTreesQuickScorerExtended [virtual interface]=0.1290;GradientBoostedTreesOptPred [virtual interface]=0.3503;GradientBoostedTreesGeneric [virtual interface]=1.0152;Generic slow engine=1.8317
blood-transfusion,Axis Aligned,4,3,100,26,0.1,2.0,2.0,1000,Exact,598,150,4,0.031,0.766667,0.541804,GradientBoostedTreesQuickScorerExtended [virtual interface],0.0770,0.3402,0.7505,GradientBoostedTreesQuickScorerExtended [virtual interface]=0.0770;GradientBoostedTreesOptPred [virtual interface]=0.0998;GradientBoostedTreesGeneric [virtual interface]=0.3402;Generic slow engine=0.7505
blood-transfusion,Axis Aligned,5,3,100,15,0.1,2.0,2.0,1000,Exact,598,150,4,0.036,0.773333,0.541019,GradientBoostedTreesOptPred [virtual interface],0.0720,0.2460,0.6242,GradientBoostedTreesOptPred [virtual interface]=0.0720;GradientBoostedTreesQuickScorerExtended [virtual interface]=0.0805;GradientBoostedTreesGeneric [virtual interface]=0.2460;Generic slow engine=0.6242
blood-transfusion,Axis Aligned,6,3,100,17,0.1,2.0,2.0,1000,Exact,598,150,4,0.052,0.766667,0.537458,GradientBoostedTreesOptPred [virtual interface],0.1022,0.4075,1.1282,GradientBoostedTreesOptPred [virtual interface]=0.1022;GradientBoostedTreesQuickScorerExtended [virtual interface]=0.1298;GradientBoostedTreesGeneric [virtual interface]=0.4075;Generic slow engine=1.1282
blood-transfusion,Axis Aligned,7,3,100,12,0.1,2.0,2.0,1000,Exact,598,150,4,0.062,0.773333,0.540497,GradientBoostedTreesOptPred [virtual interface],0.0938,0.2900,1.0870,GradientBoostedTreesOptPred [virtual interface]=0.0938;GradientBoostedTreesQuickScorerExtended [virtual interface]=0.1390;GradientBoostedTreesGeneric [virtual interface]=0.2900;Generic slow engine=1.0870
blood-transfusion,Axis Aligned,8,3,100,11,0.1,2.0,2.0,1000,Exact,598,150,4,0.081,0.76,0.553802,GradientBoostedTreesOptPred [virtual interface],0.1055,0.3300,1.1247,GradientBoostedTreesOptPred [virtual interface]=0.1055;GradientBoostedTreesQuickScorerExtended [virtual interface]=0.1678;GradientBoostedTreesGeneric [virtual interface]=0.3300;Generic slow engine=1.1247
blood-transfusion,Axis Aligned,10,3,100,12,0.1,2.0,2.0,1000,Exact,598,150,4,0.117,0.766667,0.562755,GradientBoostedTreesOptPred [virtual interface],0.1603,0.3895,1.5597,GradientBoostedTreesOptPred [virtual interface]=0.1603;GradientBoostedTreesGeneric [virtual interface]=0.3895;Generic slow engine=1.5597
blood-transfusion,Oblique,3,3,100,53,0.1,2.0,2.0,1000,Exact,598,150,4,0.044,0.753333,0.549838,GradientBoostedTreesGeneric [virtual interface],0.6720,0.6720,2.0125,GradientBoostedTreesGeneric [virtual interface]=0.6720;Generic slow engine=2.0125
blood-transfusion,Oblique,4,3,100,59,0.1,2.0,2.0,1000,Exact,598,150,4,0.063,0.753333,0.570135,GradientBoostedTreesGeneric [virtual interface],1.2977,1.2977,4.1653,GradientBoostedTreesGeneric [virtual interface]=1.2977;Generic slow engine=4.1653
blood-transfusion,Oblique,5,3,100,15,0.1,2.0,2.0,1000,Exact,598,150,4,0.046,0.766667,0.539922,GradientBoostedTreesGeneric [virtual interface],0.3957,0.3957,1.2817,GradientBoostedTreesGeneric [virtual interface]=0.3957;Generic slow engine=1.2817
blood-transfusion,Oblique,6,3,100,21,0.1,2.0,2.0,1000,Exact,598,150,4,0.069,0.753333,0.568289,GradientBoostedTreesGeneric [virtual interface],0.8235,0.8235,2.9635,GradientBoostedTreesGeneric [virtual interface]=0.8235;Generic slow engine=2.9635
blood-transfusion,Oblique,8,3,100,11,0.1,2.0,2.0,1000,Exact,598,150,4,0.099,0.753333,0.564979,GradientBoostedTreesGeneric [virtual interface],0.5062,0.5062,2.0848,GradientBoostedTreesGeneric [virtual interface]=0.5062;Generic slow engine=2.0848
blood-transfusion,Axis Aligned,3,4,100,39,0.1,2.0,2.0,1000,Exact,598,150,4,0.029,0.786667,0.472514,GradientBoostedTreesQuickScorerExtended [virtual interface],0.0737,0.3655,0.6643,GradientBoostedTreesQuickScorerExtended [virtual interface]=0.0737;GradientBoostedTreesOptPred [virtual interface]=0.1100;GradientBoostedTreesGeneric [virtual interface]=0.3655;Generic slow engine=0.6643
blood-transfusion,Axis Aligned,4,4,100,26,0.1,2.0,2.0,1000,Exact,598,150,4,0.031,0.793333,0.467945,GradientBoostedTreesQuickScorerExtended [virtual interface],0.0810,0.3352,0.7770,GradientBoostedTreesQuickScorerExtended [virtual interface]=0.0810;GradientBoostedTreesOptPred [virtual interface]=0.1207;GradientBoostedTreesGeneric [virtual interface]=0.3352;Generic slow engine=0.7770
blood-transfusion,Axis Aligned,5,4,100,14,0.1,2.0,2.0,1000,Exact,598,150,4,0.034,0.793333,0.473794,GradientBoostedTreesOptPred [virtual interface],0.0732,0.2372,0.6745,GradientBoostedTreesOptPred [virtual interface]=0.0732;GradientBoostedTreesQuickScorerExtended [virtual interface]=0.0780;GradientBoostedTreesGeneric [virtual interface]=0.2372;Generic slow engine=0.6745
blood-transfusion,Axis Aligned,6,4,100,16,0.1,2.0,2.0,1000,Exact,598,150,4,0.051,0.793333,0.474447,GradientBoostedTreesOptPred [virtual interface],0.0960,0.3610,1.0537,GradientBoostedTreesOptPred [virtual interface]=0.0960;GradientBoostedTreesQuickScorerExtended [virtual interface]=0.1827;GradientBoostedTreesGeneric [virtual interface]=0.3610;Generic slow engine=1.0537
blood-transfusion,Axis Aligned,7,4,100,18,0.1,2.0,2.0,1000,Exact,598,150,4,0.074,0.8,0.487862,GradientBoostedTreesOptPred [virtual interface],0.1562,0.4432,1.5925,GradientBoostedTreesOptPred [virtual interface]=0.1562;GradientBoostedTreesQuickScorerExtended [virtual interface]=0.1842;GradientBoostedTreesGeneric [virtual interface]=0.4432;Generic slow engine=1.5925
blood-transfusion,Axis Aligned,8,4,100,18,0.1,2.0,2.0,1000,Exact,598,150,4,0.091,0.78,0.493372,GradientBoostedTreesQuickScorerExtended [virtual interface],0.2195,0.5537,2.1313,GradientBoostedTreesQuickScorerExtended [virtual interface]=0.2195;GradientBoostedTreesOptPred [virtual interface]=0.2427;GradientBoostedTreesGeneric [virtual interface]=0.5537;Generic slow engine=2.1313
blood-transfusion,Axis Aligned,10,4,100,12,0.1,2.0,2.0,1000,Exact,598,150,4,0.112,0.8,0.490731,GradientBoostedTreesOptPred [virtual interface],0.1442,0.3673,1.5950,GradientBoostedTreesOptPred [virtual interface]=0.1442;GradientBoostedTreesGeneric [virtual interface]=0.3673;Generic slow engine=1.5950
blood-transfusion,Oblique,3,4,100,23,0.1,2.0,2.0,1000,Exact,598,150,4,0.028,0.806667,0.47078,GradientBoostedTreesGeneric [virtual interface],0.2855,0.2855,0.7362,GradientBoostedTreesGeneric [virtual interface]=0.2855;Generic slow engine=0.7362
blood-transfusion,Oblique,4,4,100,22,0.1,2.0,2.0,1000,Exact,598,150,4,0.038,0.78,0.477357,GradientBoostedTreesGeneric [virtual interface],0.4153,0.4153,1.3017,GradientBoostedTreesGeneric [virtual interface]=0.4153;Generic slow engine=1.3017
blood-transfusion,Oblique,5,4,100,22,0.1,2.0,2.0,1000,Exact,598,150,4,0.053,0.786667,0.488685,GradientBoostedTreesGeneric [virtual interface],0.5675,0.5675,2.0503,GradientBoostedTreesGeneric [virtual interface]=0.5675;Generic slow engine=2.0503
blood-transfusion,Oblique,6,4,100,15,0.1,2.0,2.0,1000,Exact,598,150,4,0.063,0.786667,0.485128,GradientBoostedTreesGeneric [virtual interface],0.4928,0.4928,1.9078,GradientBoostedTreesGeneric [virtual interface]=0.4928;Generic slow engine=1.9078
blood-transfusion,Oblique,8,4,100,12,0.1,2.0,2.0,1000,Exact,598,150,4,0.097,0.793333,0.490641,GradientBoostedTreesGeneric [virtual interface],0.6248,0.6248,2.2415,GradientBoostedTreesGeneric [virtual interface]=0.6248;Generic slow engine=2.2415
blood-transfusion,Axis Aligned,3,5,100,55,0.1,2.0,2.0,1000,Exact,598,150,4,0.035,0.846667,0.412394,GradientBoostedTreesQuickScorerExtended [virtual interface],0.0970,0.5555,1.2928,GradientBoostedTreesQuickScorerExtended [virtual interface]=0.0970;GradientBoostedTreesOptPred [virtual interface]=0.1598;GradientBoostedTreesGeneric [virtual interface]=0.5555;Generic slow engine=1.2928
blood-transfusion,Axis Aligned,4,5,100,42,0.1,2.0,2.0,1000,Exact,598,150,4,0.039,0.853333,0.415486,GradientBoostedTreesQuickScorerExtended [virtual interface],0.1247,0.5955,1.4770,GradientBoostedTreesQuickScorerExtended [virtual interface]=0.1247;GradientBoostedTreesOptPred [virtual interface]=0.2008;GradientBoostedTreesGeneric [virtual interface]=0.5955;Generic slow engine=1.4770
blood-transfusion,Axis Aligned,5,5,100,39,0.1,2.0,2.0,1000,Exact,598,150,4,0.049,0.853333,0.420524,GradientBoostedTreesQuickScorerExtended [virtual interface],0.1812,0.7458,2.4250,GradientBoostedTreesQuickScorerExtended [virtual interface]=0.1812;GradientBoostedTreesOptPred [virtual interface]=0.2928;GradientBoostedTreesGeneric [virtual interface]=0.7458;Generic slow engine=2.4250
blood-transfusion,Axis Aligned,6,5,100,13,0.1,2.0,2.0,1000,Exact,598,150,4,0.047,0.846667,0.426585,GradientBoostedTreesOptPred [virtual interface],0.0777,0.2833,0.8185,GradientBoostedTreesOptPred [virtual interface]=0.0777;GradientBoostedTreesQuickScorerExtended [virtual interface]=0.1180;GradientBoostedTreesGeneric [virtual interface]=0.2833;Generic slow engine=0.8185
blood-transfusion,Axis Aligned,7,5,100,16,0.1,2.0,2.0,1000,Exact,598,150,4,0.065,0.84,0.43073,GradientBoostedTreesOptPred [virtual interface],0.1462,0.3880,1.5953,GradientBoostedTreesOptPred [virtual interface]=0.1462;GradientBoostedTreesQuickScorerExtended [virtual interface]=0.1958;GradientBoostedTreesGeneric [virtual interface]=0.3880;Generic slow engine=1.5953
blood-transfusion,Axis Aligned,8,5,100,13,0.1,2.0,2.0,1000,Exact,598,150,4,0.086,0.833333,0.444547,GradientBoostedTreesOptPred [virtual interface],0.1268,0.3548,1.3575,GradientBoostedTreesOptPred [virtual interface]=0.1268;GradientBoostedTreesQuickScorerExtended [virtual interface]=0.2110;GradientBoostedTreesGeneric [virtual interface]=0.3548;Generic slow engine=1.3575
blood-transfusion,Axis Aligned,10,5,100,16,0.1,2.0,2.0,1000,Exact,598,150,4,0.121,0.84,0.444251,GradientBoostedTreesOptPred [virtual interface],0.2338,0.5345,2.2010,GradientBoostedTreesOptPred [virtual interface]=0.2338;GradientBoostedTreesGeneric [virtual interface]=0.5345;Generic slow engine=2.2010
blood-transfusion,Oblique,3,5,100,94,0.1,2.0,2.0,1000,Exact,598,150,4,0.052,0.846667,0.426707,GradientBoostedTreesGeneric [virtual interface],1.3998,1.3998,3.8580,GradientBoostedTreesGeneric [virtual interface]=1.3998;Generic slow engine=3.8580
blood-transfusion,Oblique,4,5,100,61,0.1,2.0,2.0,1000,Exact,598,150,4,0.065,0.833333,0.434864,GradientBoostedTreesGeneric [virtual interface],1.4535,1.4535,4.4623,GradientBoostedTreesGeneric [virtual interface]=1.4535;Generic slow engine=4.4623
blood-transfusion,Oblique,5,5,100,74,0.1,2.0,2.0,1000,Exact,598,150,4,0.097,0.813333,0.465921,GradientBoostedTreesGeneric [virtual interface],2.4592,2.4592,8.0250,GradientBoostedTreesGeneric [virtual interface]=2.4592;Generic slow engine=8.0250
blood-transfusion,Oblique,6,5,100,60,0.1,2.0,2.0,1000,Exact,598,150,4,0.118,0.813333,0.465172,GradientBoostedTreesGeneric [virtual interface],2.8565,2.8565,8.9710,GradientBoostedTreesGeneric [virtual interface]=2.8565;Generic slow engine=8.9710
blood-transfusion,Oblique,8,5,100,30,0.1,2.0,2.0,1000,Exact,598,150,4,0.133,0.8,0.477132,GradientBoostedTreesGeneric [virtual interface],1.8942,1.8942,6.6245,GradientBoostedTreesGeneric [virtual interface]=1.8942;Generic slow engine=6.6245
blood-transfusion,Axis Aligned,3,6,100,11,0.1,2.0,2.0,1000,Exact,598,150,4,0.018,0.773333,0.484251,GradientBoostedTreesQuickScorerExtended [virtual interface],0.0333,0.1003,0.1850,GradientBoostedTreesQuickScorerExtended [virtual interface]=0.0333;GradientBoostedTreesOptPred [virtual interface]=0.0338;GradientBoostedTreesGeneric [virtual interface]=0.1003;Generic slow engine=0.1850
blood-transfusion,Axis Aligned,4,6,100,11,0.1,2.0,2.0,1000,Exact,598,150,4,0.022,0.78,0.467155,GradientBoostedTreesOptPred [virtual interface],0.0435,0.1400,0.2825,GradientBoostedTreesOptPred [virtual interface]=0.0435;GradientBoostedTreesQuickScorerExtended [virtual interface]=0.0445;GradientBoostedTreesGeneric [virtual interface]=0.1400;Generic slow engine=0.2825
blood-transfusion,Axis Aligned,5,6,100,12,0.1,2.0,2.0,1000,Exact,598,150,4,0.032,0.793333,0.471832,GradientBoostedTreesOptPred [virtual interface],0.0578,0.1968,0.4823,GradientBoostedTreesOptPred [virtual interface]=0.0578;GradientBoostedTreesQuickScorerExtended [virtual interface]=0.0912;GradientBoostedTreesGeneric [virtual interface]=0.1968;Generic slow engine=0.4823
blood-transfusion,Axis Aligned,6,6,100,11,0.1,2.0,2.0,1000,Exact,598,150,4,0.045,0.793333,0.468703,GradientBoostedTreesOptPred [virtual interface],0.0670,0.2587,0.6548,GradientBoostedTreesOptPred [virtual interface]=0.0670;GradientBoostedTreesQuickScorerExtended [virtual interface]=0.1052;GradientBoostedTreesGeneric [virtual interface]=0.2587;Generic slow engine=0.6548
blood-transfusion,Axis Aligned,7,6,100,11,0.1,2.0,2.0,1000,Exact,598,150,4,0.062,0.806667,0.475033,GradientBoostedTreesOptPred [virtual interface],0.0767,0.2685,0.8768,GradientBoostedTreesOptPred [virtual interface]=0.0767;GradientBoostedTreesQuickScorerExtended [virtual interface]=0.1467;GradientBoostedTreesGeneric [virtual interface]=0.2685;Generic slow engine=0.8768
blood-transfusion,Axis Aligned,8,6,100,11,0.1,2.0,2.0,1000,Exact,598,150,4,0.080,0.793333,0.472353,GradientBoostedTreesOptPred [virtual interface],0.1153,0.2935,1.0922,GradientBoostedTreesOptPred [virtual interface]=0.1153;GradientBoostedTreesQuickScorerExtended [virtual interface]=0.1552;GradientBoostedTreesGeneric [virtual interface]=0.2935;Generic slow engine=1.0922
blood-transfusion,Axis Aligned,10,6,100,11,0.1,2.0,2.0,1000,Exact,598,150,4,0.110,0.786667,0.474234,GradientBoostedTreesOptPred [virtual interface],0.1308,0.3545,1.3873,GradientBoostedTreesOptPred [virtual interface]=0.1308;GradientBoostedTreesQuickScorerExtended [virtual interface]=0.2057;GradientBoostedTreesGeneric [virtual interface]=0.3545;Generic slow engine=1.3873
blood-transfusion,Oblique,3,6,100,11,0.1,2.0,2.0,1000,Exact,598,150,4,0.022,0.766667,0.477369,GradientBoostedTreesGeneric [virtual interface],0.1427,0.1427,0.3015,GradientBoostedTreesGeneric [virtual interface]=0.1427;Generic slow engine=0.3015
blood-transfusion,Oblique,4,6,100,11,0.1,2.0,2.0,1000,Exact,598,150,4,0.030,0.78,0.467145,GradientBoostedTreesGeneric [virtual interface],0.2015,0.2015,0.5298,GradientBoostedTreesGeneric [virtual interface]=0.2015;Generic slow engine=0.5298
blood-transfusion,Oblique,5,6,100,13,0.1,2.0,2.0,1000,Exact,598,150,4,0.043,0.78,0.476091,GradientBoostedTreesGeneric [virtual interface],0.3277,0.3277,1.0537,GradientBoostedTreesGeneric [virtual interface]=0.3277;Generic slow engine=1.0537
blood-transfusion,Oblique,6,6,100,11,0.1,2.0,2.0,1000,Exact,598,150,4,0.056,0.78,0.467984,GradientBoostedTreesGeneric [virtual interface],0.3540,0.3540,1.2383,GradientBoostedTreesGeneric [virtual interface]=0.3540;Generic slow engine=1.2383
blood-transfusion,Oblique,8,6,100,12,0.1,2.0,2.0,1000,Exact,598,150,4,0.100,0.786667,0.482004,GradientBoostedTreesGeneric [virtual interface],0.6135,0.6135,2.2685,GradientBoostedTreesGeneric [virtual interface]=0.6135;Generic slow engine=2.2685
blood-transfusion,Axis Aligned,3,7,100,31,0.1,2.0,2.0,1000,Exact,598,150,4,0.025,0.76,0.466783,GradientBoostedTreesQuickScorerExtended [virtual interface],0.0628,0.2850,0.4980,GradientBoostedTreesQuickScorerExtended [virtual interface]=0.0628;GradientBoostedTreesOptPred [virtual interface]=0.0835;GradientBoostedTreesGeneric [virtual interface]=0.2850;Generic slow engine=0.4980
blood-transfusion,Axis Aligned,4,7,100,22,0.1,2.0,2.0,1000,Exact,598,150,4,0.027,0.766667,0.466827,GradientBoostedTreesQuickScorerExtended [virtual interface],0.0720,0.3048,0.6052,GradientBoostedTreesQuickScorerExtended [virtual interface]=0.0720;GradientBoostedTreesOptPred [virtual interface]=0.0855;GradientBoostedTreesGeneric [virtual interface]=0.3048;Generic slow engine=0.6052
blood-transfusion,Axis Aligned,5,7,100,17,0.1,2.0,2.0,1000,Exact,598,150,4,0.035,0.76,0.474647,GradientBoostedTreesQuickScorerExtended [virtual interface],0.0885,0.3073,0.7515,GradientBoostedTreesQuickScorerExtended [virtual interface]=0.0885;GradientBoostedTreesOptPred [virtual interface]=0.0940;GradientBoostedTreesGeneric [virtual interface]=0.3073;Generic slow engine=0.7515
blood-transfusion,Axis Aligned,6,7,100,36,0.1,2.0,2.0,1000,Exact,598,150,4,0.066,0.766667,0.52984,GradientBoostedTreesQuickScorerExtended [virtual interface],0.2362,1.0060,2.8958,GradientBoostedTreesQuickScorerExtended [virtual interface]=0.2362;GradientBoostedTreesOptPred [virtual interface]=0.4773;GradientBoostedTreesGeneric [virtual interface]=1.0060;Generic slow engine=2.8958
blood-transfusion,Axis Aligned,7,7,100,12,0.1,2.0,2.0,1000,Exact,598,150,4,0.065,0.753333,0.522329,GradientBoostedTreesOptPred [virtual interface],0.1103,0.2993,1.0085,GradientBoostedTreesOptPred [virtual interface]=0.1103;GradientBoostedTreesQuickScorerExtended [virtual interface]=0.1575;GradientBoostedTreesGeneric [virtual interface]=0.2993;Generic slow engine=1.0085
blood-transfusion,Axis Aligned,8,7,100,12,0.1,2.0,2.0,1000,Exact,598,150,4,0.083,0.753333,0.526604,GradientBoostedTreesOptPred [virtual interface],0.1308,0.3385,1.2650,GradientBoostedTreesOptPred [virtual interface]=0.1308;GradientBoostedTreesQuickScorerExtended [virtual interface]=0.1710;GradientBoostedTreesGeneric [virtual interface]=0.3385;Generic slow engine=1.2650
blood-transfusion,Axis Aligned,10,7,100,11,0.1,2.0,2.0,1000,Exact,598,150,4,0.120,0.753333,0.528563,GradientBoostedTreesOptPred [virtual interface],0.1865,0.3613,1.5343,GradientBoostedTreesOptPred [virtual interface]=0.1865;GradientBoostedTreesGeneric [virtual interface]=0.3613;Generic slow engine=1.5343
blood-transfusion,Oblique,3,7,100,25,0.1,2.0,2.0,1000,Exact,598,150,4,0.029,0.753333,0.478621,GradientBoostedTreesGeneric [virtual interface],0.3212,0.3212,0.6830,GradientBoostedTreesGeneric [virtual interface]=0.3212;Generic slow engine=0.6830
blood-transfusion,Oblique,4,7,100,15,0.1,2.0,2.0,1000,Exact,598,150,4,0.033,0.746667,0.483805,GradientBoostedTreesGeneric [virtual interface],0.2707,0.2707,0.7650,GradientBoostedTreesGeneric [virtual interface]=0.2707;Generic slow engine=0.7650
blood-transfusion,Oblique,5,7,100,33,0.1,2.0,2.0,1000,Exact,598,150,4,0.063,0.76,0.542654,GradientBoostedTreesGeneric [virtual interface],0.9445,0.9445,3.5295,GradientBoostedTreesGeneric [virtual interface]=0.9445;Generic slow engine=3.5295
blood-transfusion,Oblique,6,7,100,15,0.1,2.0,2.0,1000,Exact,598,150,4,0.063,0.76,0.538185,GradientBoostedTreesGeneric [virtual interface],0.5248,0.5248,1.8430,GradientBoostedTreesGeneric [virtual interface]=0.5248;Generic slow engine=1.8430
blood-transfusion,Oblique,8,7,100,11,0.1,2.0,2.0,1000,Exact,598,150,4,0.102,0.74,0.548863,GradientBoostedTreesGeneric [virtual interface],0.5118,0.5118,2.1040,GradientBoostedTreesGeneric [virtual interface]=0.5118;Generic slow engine=2.1040
blood-transfusion,Axis Aligned,3,8,100,26,0.1,2.0,2.0,1000,Exact,598,150,4,0.023,0.74,0.504882,GradientBoostedTreesOptPred [virtual interface],0.0685,0.2250,0.4148,GradientBoostedTreesOptPred [virtual interface]=0.0685;GradientBoostedTreesQuickScorerExtended [virtual interface]=0.0805;GradientBoostedTreesGeneric [virtual interface]=0.2250;Generic slow engine=0.4148
blood-transfusion,Axis Aligned,4,8,100,11,0.1,2.0,2.0,1000,Exact,598,150,4,0.023,0.746667,0.503383,GradientBoostedTreesOptPred [virtual interface],0.0457,0.1550,0.2863,GradientBoostedTreesOptPred [virtual interface]=0.0457;GradientBoostedTreesQuickScorerExtended [virtual interface]=0.0467;GradientBoostedTreesGeneric [virtual interface]=0.1550;Generic slow engine=0.2863
blood-transfusion,Axis Aligned,5,8,100,11,0.1,2.0,2.0,1000,Exact,598,150,4,0.033,0.766667,0.492961,GradientBoostedTreesOptPred [virtual interface],0.0522,0.1772,0.4387,GradientBoostedTreesOptPred [virtual interface]=0.0522;GradientBoostedTreesQuickScorerExtended [virtual interface]=0.0658;GradientBoostedTreesGeneric [virtual interface]=0.1772;Generic slow engine=0.4387
blood-transfusion,Axis Aligned,6,8,100,11,0.1,2.0,2.0,1000,Exact,598,150,4,0.047,0.753333,0.488614,GradientBoostedTreesOptPred [virtual interface],0.0732,0.2487,0.7105,GradientBoostedTreesOptPred [virtual interface]=0.0732;GradientBoostedTreesQuickScorerExtended [virtual interface]=0.0985;GradientBoostedTreesGeneric [virtual interface]=0.2487;Generic slow engine=0.7105
blood-transfusion,Axis Aligned,7,8,100,11,0.1,2.0,2.0,1000,Exact,598,150,4,0.068,0.753333,0.485539,GradientBoostedTreesOptPred [virtual interface],0.1015,0.2682,0.8865,GradientBoostedTreesOptPred [virtual interface]=0.1015;GradientBoostedTreesQuickScorerExtended [virtual interface]=0.1852;GradientBoostedTreesGeneric [virtual interface]=0.2682;Generic slow engine=0.8865
blood-transfusion,Axis Aligned,8,8,100,11,0.1,2.0,2.0,1000,Exact,598,150,4,0.089,0.766667,0.487858,GradientBoostedTreesOptPred [virtual interface],0.1095,0.2933,1.1318,GradientBoostedTreesOptPred [virtual interface]=0.1095;GradientBoostedTreesQuickScorerExtended [virtual interface]=0.1832;GradientBoostedTreesGeneric [virtual interface]=0.2933;Generic slow engine=1.1318
blood-transfusion,Axis Aligned,10,8,100,11,0.1,2.0,2.0,1000,Exact,598,150,4,0.124,0.766667,0.496218,GradientBoostedTreesOptPred [virtual interface],0.1398,0.3698,1.4035,GradientBoostedTreesOptPred [virtual interface]=0.1398;GradientBoostedTreesGeneric [virtual interface]=0.3698;Generic slow engine=1.4035
blood-transfusion,Oblique,3,8,100,21,0.1,2.0,2.0,1000,Exact,598,150,4,0.027,0.76,0.492803,GradientBoostedTreesGeneric [virtual interface],0.2745,0.2745,0.5780,GradientBoostedTreesGeneric [virtual interface]=0.2745;Generic slow engine=0.5780
blood-transfusion,Oblique,4,8,100,11,0.1,2.0,2.0,1000,Exact,598,150,4,0.030,0.746667,0.498334,GradientBoostedTreesGeneric [virtual interface],0.2198,0.2198,0.5310,GradientBoostedTreesGeneric [virtual interface]=0.2198;Generic slow engine=0.5310
blood-transfusion,Oblique,5,8,100,11,0.1,2.0,2.0,1000,Exact,598,150,4,0.042,0.773333,0.497033,GradientBoostedTreesGeneric [virtual interface],0.2620,0.2620,0.8808,GradientBoostedTreesGeneric [virtual interface]=0.2620;Generic slow engine=0.8808
blood-transfusion,Oblique,6,8,100,11,0.1,2.0,2.0,1000,Exact,598,150,4,0.058,0.76,0.496295,GradientBoostedTreesGeneric [virtual interface],0.3488,0.3488,1.3017,GradientBoostedTreesGeneric [virtual interface]=0.3488;Generic slow engine=1.3017
blood-transfusion,Oblique,8,8,100,11,0.1,2.0,2.0,1000,Exact,598,150,4,0.097,0.76,0.497685,GradientBoostedTreesGeneric [virtual interface],0.5915,0.5915,2.2542,GradientBoostedTreesGeneric [virtual interface]=0.5915;Generic slow engine=2.2542
blood-transfusion,Axis Aligned,3,9,100,12,0.1,2.0,2.0,1000,Exact,598,150,4,0.018,0.72,0.539138,GradientBoostedTreesOptPred [virtual interface],0.0367,0.1082,0.2195,GradientBoostedTreesOptPred [virtual interface]=0.0367;GradientBoostedTreesQuickScorerExtended [virtual interface]=0.0418;GradientBoostedTreesGeneric [virtual interface]=0.1082;Generic slow engine=0.2195
blood-transfusion,Axis Aligned,4,9,100,11,0.1,2.0,2.0,1000,Exact,598,150,4,0.022,0.726667,0.530268,GradientBoostedTreesQuickScorerExtended [virtual interface],0.0460,0.1395,0.2915,GradientBoostedTreesQuickScorerExtended [virtual interface]=0.0460;GradientBoostedTreesOptPred [virtual interface]=0.0473;GradientBoostedTreesGeneric [virtual interface]=0.1395;Generic slow engine=0.2915
blood-transfusion,Axis Aligned,5,9,100,11,0.1,2.0,2.0,1000,Exact,598,150,4,0.031,0.733333,0.532831,GradientBoostedTreesOptPred [virtual interface],0.0545,0.1860,0.4420,GradientBoostedTreesOptPred [virtual interface]=0.0545;GradientBoostedTreesQuickScorerExtended [virtual interface]=0.0660;GradientBoostedTreesGeneric [virtual interface]=0.1860;Generic slow engine=0.4420
blood-transfusion,Axis Aligned,6,9,100,11,0.1,2.0,2.0,1000,Exact,598,150,4,0.041,0.753333,0.527672,GradientBoostedTreesOptPred [virtual interface],0.0653,0.2650,0.6630,GradientBoostedTreesOptPred [virtual interface]=0.0653;GradientBoostedTreesQuickScorerExtended [virtual interface]=0.0973;GradientBoostedTreesGeneric [virtual interface]=0.2650;Generic slow engine=0.6630
blood-transfusion,Axis Aligned,7,9,100,11,0.1,2.0,2.0,1000,Exact,598,150,4,0.060,0.766667,0.533017,GradientBoostedTreesOptPred [virtual interface],0.0902,0.2682,0.8980,GradientBoostedTreesOptPred [virtual interface]=0.0902;GradientBoostedTreesQuickScorerExtended [virtual interface]=0.1403;GradientBoostedTreesGeneric [virtual interface]=0.2682;Generic slow engine=0.8980
blood-transfusion,Axis Aligned,8,9,100,11,0.1,2.0,2.0,1000,Exact,598,150,4,0.075,0.753333,0.537502,GradientBoostedTreesOptPred [virtual interface],0.0970,0.2998,1.1327,GradientBoostedTreesOptPred [virtual interface]=0.0970;GradientBoostedTreesQuickScorerExtended [virtual interface]=0.1782;GradientBoostedTreesGeneric [virtual interface]=0.2998;Generic slow engine=1.1327
blood-transfusion,Axis Aligned,10,9,100,11,0.1,2.0,2.0,1000,Exact,598,150,4,0.106,0.766667,0.542004,GradientBoostedTreesOptPred [virtual interface],0.1318,0.3397,1.5003,GradientBoostedTreesOptPred [virtual interface]=0.1318;GradientBoostedTreesGeneric [virtual interface]=0.3397;Generic slow engine=1.5003
blood-transfusion,Oblique,3,9,100,11,0.1,2.0,2.0,1000,Exact,598,150,4,0.022,0.726667,0.542922,GradientBoostedTreesGeneric [virtual interface],0.1417,0.1417,0.3015,GradientBoostedTreesGeneric [virtual interface]=0.1417;Generic slow engine=0.3015
blood-transfusion,Oblique,4,9,100,11,0.1,2.0,2.0,1000,Exact,598,150,4,0.030,0.72,0.527803,GradientBoostedTreesGeneric [virtual interface],0.2100,0.2100,0.5485,GradientBoostedTreesGeneric [virtual interface]=0.2100;Generic slow engine=0.5485
blood-transfusion,Oblique,5,9,100,11,0.1,2.0,2.0,1000,Exact,598,150,4,0.042,0.726667,0.527984,GradientBoostedTreesGeneric [virtual interface],0.2590,0.2590,0.8682,GradientBoostedTreesGeneric [virtual interface]=0.2590;Generic slow engine=0.8682
blood-transfusion,Oblique,6,9,100,12,0.1,2.0,2.0,1000,Exact,598,150,4,0.057,0.74,0.522201,GradientBoostedTreesGeneric [virtual interface],0.3752,0.3752,1.3760,GradientBoostedTreesGeneric [virtual interface]=0.3752;Generic slow engine=1.3760
blood-transfusion,Oblique,8,9,100,11,0.1,2.0,2.0,1000,Exact,598,150,4,0.091,0.72,0.52931,GradientBoostedTreesGeneric [virtual interface],0.5230,0.5230,2.0082,GradientBoostedTreesGeneric [virtual interface]=0.5230;Generic slow engine=2.0082
tic-tac-toe,Axis Aligned,3,0,100,100,0.1,2.0,2.0,1000,Exact,766,192,9,0.045,0.791667,0.482441,GradientBoostedTreesQuickScorerExtended [virtual interface],0.2288,1.7610,2.3308,GradientBoostedTreesQuickScorerExtended [virtual interface]=0.2288;GradientBoostedTreesOptPred [virtual interface]=1.0815;GradientBoostedTreesGeneric [virtual interface]=1.7610;Generic slow engine=2.3308
tic-tac-toe,Axis Aligned,4,0,100,99,0.1,2.0,2.0,1000,Exact,766,192,9,0.063,0.901042,0.216485,GradientBoostedTreesQuickScorerExtended [virtual interface],0.3247,2.4480,3.7760,GradientBoostedTreesQuickScorerExtended [virtual interface]=0.3247;GradientBoostedTreesOptPred [virtual interface]=1.6555;GradientBoostedTreesGeneric [virtual interface]=2.4480;Generic slow engine=3.7760
tic-tac-toe,Axis Aligned,5,0,100,100,0.1,2.0,2.0,1000,Exact,766,192,9,0.098,0.984375,0.0679242,GradientBoostedTreesQuickScorerExtended [virtual interface],0.5693,3.3727,5.6128,GradientBoostedTreesQuickScorerExtended [virtual interface]=0.5693;GradientBoostedTreesOptPred [virtual interface]=2.0337;GradientBoostedTreesGeneric [virtual interface]=3.3727;Generic slow engine=5.6128
tic-tac-toe,Axis Aligned,6,0,100,100,0.1,2.0,2.0,1000,Exact,766,192,9,0.151,0.979167,0.0449839,GradientBoostedTreesQuickScorerExtended [virtual interface],0.6068,4.1707,8.6702,GradientBoostedTreesQuickScorerExtended [virtual interface]=0.6068;GradientBoostedTreesOptPred [virtual interface]=2.4087;GradientBoostedTreesGeneric [virtual interface]=4.1707;Generic slow engine=8.6702
tic-tac-toe,Axis Aligned,7,0,100,100,0.1,2.0,2.0,1000,Exact,766,192,9,0.255,0.984375,0.0384948,GradientBoostedTreesQuickScorerExtended [virtual interface],0.6930,4.8122,13.7640,GradientBoostedTreesQuickScorerExtended [virtual interface]=0.6930;GradientBoostedTreesOptPred [virtual interface]=3.2778;GradientBoostedTreesGeneric [virtual interface]=4.8122;Generic slow engine=13.7640
tic-tac-toe,Axis Aligned,8,0,100,100,0.1,2.0,2.0,1000,Exact,766,192,9,0.398,0.994792,0.0121832,GradientBoostedTreesOptPred [virtual interface],3.4358,5.2255,19.7360,GradientBoostedTreesOptPred [virtual interface]=3.4358;GradientBoostedTreesGeneric [virtual interface]=5.2255;Generic slow engine=19.7360
tic-tac-toe,Axis Aligned,10,0,100,100,0.1,2.0,2.0,1000,Exact,766,192,9,0.637,0.994792,0.0152914,GradientBoostedTreesOptPred [virtual interface],3.9968,5.9748,26.8350,GradientBoostedTreesOptPred [virtual interface]=3.9968;GradientBoostedTreesGeneric [virtual interface]=5.9748;Generic slow engine=26.8350
tic-tac-toe,Oblique,3,0,100,100,0.1,2.0,2.0,1000,Exact,766,192,9,0.069,0.9375,0.223021,GradientBoostedTreesGeneric [virtual interface],2.1300,2.1300,4.4467,GradientBoostedTreesGeneric [virtual interface]=2.1300;Generic slow engine=4.4467
tic-tac-toe,Oblique,4,0,100,100,0.1,2.0,2.0,1000,Exact,766,192,9,0.104,0.984375,0.112228,GradientBoostedTreesGeneric [virtual interface],3.7163,3.7163,8.5765,GradientBoostedTreesGeneric [virtual interface]=3.7163;Generic slow engine=8.5765
tic-tac-toe,Oblique,5,0,100,100,0.1,2.0,2.0,1000,Exact,766,192,9,0.160,0.989583,0.0551287,GradientBoostedTreesGeneric [virtual interface],5.8243,5.8243,12.6360,GradientBoostedTreesGeneric [virtual interface]=5.8243;Generic slow engine=12.6360
tic-tac-toe,Oblique,6,0,100,100,0.1,2.0,2.0,1000,Exact,766,192,9,0.255,0.989583,0.02877,GradientBoostedTreesGeneric [virtual interface],7.9103,7.9103,18.3610,GradientBoostedTreesGeneric [virtual interface]=7.9103;Generic slow engine=18.3610
tic-tac-toe,Oblique,8,0,100,100,0.1,2.0,2.0,1000,Exact,766,192,9,0.571,1.0,0.0174143,GradientBoostedTreesGeneric [virtual interface],11.9050,11.9050,34.7760,GradientBoostedTreesGeneric [virtual interface]=11.9050;Generic slow engine=34.7760
tic-tac-toe,Axis Aligned,3,1,100,100,0.1,2.0,2.0,1000,Exact,766,192,9,0.045,0.791667,0.504522,GradientBoostedTreesQuickScorerExtended [virtual interface],0.2080,1.7270,2.2868,GradientBoostedTreesQuickScorerExtended [virtual interface]=0.2080;GradientBoostedTreesOptPred [virtual interface]=1.0835;GradientBoostedTreesGeneric [virtual interface]=1.7270;Generic slow engine=2.2868
tic-tac-toe,Axis Aligned,4,1,100,100,0.1,2.0,2.0,1000,Exact,766,192,9,0.063,0.90625,0.2649,GradientBoostedTreesQuickScorerExtended [virtual interface],0.3177,2.5112,3.9118,GradientBoostedTreesQuickScorerExtended [virtual interface]=0.3177;GradientBoostedTreesOptPred [virtual interface]=1.6153;GradientBoostedTreesGeneric [virtual interface]=2.5112;Generic slow engine=3.9118
tic-tac-toe,Axis Aligned,5,1,100,100,0.1,2.0,2.0,1000,Exact,766,192,9,0.094,1.0,0.0686035,GradientBoostedTreesQuickScorerExtended [virtual interface],0.4492,3.4240,5.6073,GradientBoostedTreesQuickScorerExtended [virtual interface]=0.4492;GradientBoostedTreesOptPred [virtual interface]=2.0550;GradientBoostedTreesGeneric [virtual interface]=3.4240;Generic slow engine=5.6073
tic-tac-toe,Axis Aligned,6,1,100,100,0.1,2.0,2.0,1000,Exact,766,192,9,0.152,0.994792,0.0287666,GradientBoostedTreesQuickScorerExtended [virtual interface],0.5913,4.2023,8.7465,GradientBoostedTreesQuickScorerExtended [virtual interface]=0.5913;GradientBoostedTreesOptPred [virtual interface]=2.4175;GradientBoostedTreesGeneric [virtual interface]=4.2023;Generic slow engine=8.7465
tic-tac-toe,Axis Aligned,7,1,100,100,0.1,2.0,2.0,1000,Exact,766,192,9,0.252,1.0,0.0120527,GradientBoostedTreesQuickScorerExtended [virtual interface],0.7415,4.8893,13.7370,GradientBoostedTreesQuickScorerExtended [virtual interface]=0.7415;GradientBoostedTreesOptPred [virtual interface]=3.3240;GradientBoostedTreesGeneric [virtual interface]=4.8893;Generic slow engine=13.7370
tic-tac-toe,Axis Aligned,8,1,100,100,0.1,2.0,2.0,1000,Exact,766,192,9,0.419,0.984375,0.0258334,GradientBoostedTreesOptPred [virtual interface],3.7157,5.6158,20.0670,GradientBoostedTreesOptPred [virtual interface]=3.7157;GradientBoostedTreesGeneric [virtual interface]=5.6158;Generic slow engine=20.0670
tic-tac-toe,Axis Aligned,10,1,100,100,0.1,2.0,2.0,1000,Exact,766,192,9,0.652,0.994792,0.0209182,GradientBoostedTreesOptPred [virtual interface],4.0522,6.0980,27.6810,GradientBoostedTreesOptPred [virtual interface]=4.0522;GradientBoostedTreesGeneric [virtual interface]=6.0980;Generic slow engine=27.6810
tic-tac-toe,Oblique,3,1,100,100,0.1,2.0,2.0,1000,Exact,766,192,9,0.068,0.973958,0.214897,GradientBoostedTreesGeneric [virtual interface],2.1383,2.1383,4.5137,GradientBoostedTreesGeneric [virtual interface]=2.1383;Generic slow engine=4.5137
tic-tac-toe,Oblique,4,1,100,100,0.1,2.0,2.0,1000,Exact,766,192,9,0.104,1.0,0.0870841,GradientBoostedTreesGeneric [virtual interface],3.7963,3.7963,8.5638,GradientBoostedTreesGeneric [virtual interface]=3.7963;Generic slow engine=8.5638
tic-tac-toe,Oblique,5,1,100,100,0.1,2.0,2.0,1000,Exact,766,192,9,0.161,1.0,0.0402957,GradientBoostedTreesGeneric [virtual interface],5.9562,5.9562,12.8010,GradientBoostedTreesGeneric [virtual interface]=5.9562;Generic slow engine=12.8010
tic-tac-toe,Oblique,6,1,100,100,0.1,2.0,2.0,1000,Exact,766,192,9,0.250,1.0,0.0166302,GradientBoostedTreesGeneric [virtual interface],8.1052,8.1052,18.1650,GradientBoostedTreesGeneric [virtual interface]=8.1052;Generic slow engine=18.1650
tic-tac-toe,Oblique,8,1,100,100,0.1,2.0,2.0,1000,Exact,766,192,9,0.538,1.0,0.00707061,GradientBoostedTreesGeneric [virtual interface],11.9700,11.9700,34.9650,GradientBoostedTreesGeneric [virtual interface]=11.9700;Generic slow engine=34.9650
tic-tac-toe,Axis Aligned,3,2,100,99,0.1,2.0,2.0,1000,Exact,766,192,9,0.044,0.765625,0.49727,GradientBoostedTreesQuickScorerExtended [virtual interface],0.2218,1.7300,2.3175,GradientBoostedTreesQuickScorerExtended [virtual interface]=0.2218;GradientBoostedTreesOptPred [virtual interface]=1.0545;GradientBoostedTreesGeneric [virtual interface]=1.7300;Generic slow engine=2.3175
tic-tac-toe,Axis Aligned,4,2,100,100,0.1,2.0,2.0,1000,Exact,766,192,9,0.063,0.942708,0.216328,GradientBoostedTreesQuickScorerExtended [virtual interface],0.3270,2.4503,3.8633,GradientBoostedTreesQuickScorerExtended [virtual interface]=0.3270;GradientBoostedTreesOptPred [virtual interface]=1.6487;GradientBoostedTreesGeneric [virtual interface]=2.4503;Generic slow engine=3.8633
tic-tac-toe,Axis Aligned,5,2,100,100,0.1,2.0,2.0,1000,Exact,766,192,9,0.094,0.989583,0.0655624,GradientBoostedTreesQuickScorerExtended [virtual interface],0.4625,3.4225,5.6130,GradientBoostedTreesQuickScorerExtended [virtual interface]=0.4625;GradientBoostedTreesOptPred [virtual interface]=2.0482;GradientBoostedTreesGeneric [virtual interface]=3.4225;Generic slow engine=5.6130
tic-tac-toe,Axis Aligned,6,2,100,100,0.1,2.0,2.0,1000,Exact,766,192,9,0.150,1.0,0.0159282,GradientBoostedTreesQuickScorerExtended [virtual interface],0.6045,4.1523,8.8142,GradientBoostedTreesQuickScorerExtended [virtual interface]=0.6045;GradientBoostedTreesOptPred [virtual interface]=2.4103;GradientBoostedTreesGeneric [virtual interface]=4.1523;Generic slow engine=8.8142
tic-tac-toe,Axis Aligned,7,2,100,100,0.1,2.0,2.0,1000,Exact,766,192,9,0.247,1.0,0.0082683,GradientBoostedTreesQuickScorerExtended [virtual interface],0.7140,4.7975,13.4020,GradientBoostedTreesQuickScorerExtended [virtual interface]=0.7140;GradientBoostedTreesOptPred [virtual interface]=3.3298;GradientBoostedTreesGeneric [virtual interface]=4.7975;Generic slow engine=13.4020
tic-tac-toe,Axis Aligned,8,2,100,100,0.1,2.0,2.0,1000,Exact,766,192,9,0.397,1.0,0.00488655,GradientBoostedTreesOptPred [virtual interface],3.2545,5.0323,19.7930,GradientBoostedTreesOptPred [virtual interface]=3.2545;GradientBoostedTreesGeneric [virtual interface]=5.0323;Generic slow engine=19.7930
tic-tac-toe,Axis Aligned,10,2,100,100,0.1,2.0,2.0,1000,Exact,766,192,9,0.634,1.0,0.00387903,GradientBoostedTreesOptPred [virtual interface],3.6412,5.6660,25.0760,GradientBoostedTreesOptPred [virtual interface]=3.6412;GradientBoostedTreesGeneric [virtual interface]=5.6660;Generic slow engine=25.0760
tic-tac-toe,Oblique,3,2,100,100,0.1,2.0,2.0,1000,Exact,766,192,9,0.069,0.942708,0.212829,GradientBoostedTreesGeneric [virtual interface],1.9763,1.9763,4.3985,GradientBoostedTreesGeneric [virtual interface]=1.9763;Generic slow engine=4.3985
tic-tac-toe,Oblique,4,2,100,100,0.1,2.0,2.0,1000,Exact,766,192,9,0.104,1.0,0.0958978,GradientBoostedTreesGeneric [virtual interface],3.6490,3.6490,8.5198,GradientBoostedTreesGeneric [virtual interface]=3.6490;Generic slow engine=8.5198
tic-tac-toe,Oblique,5,2,100,100,0.1,2.0,2.0,1000,Exact,766,192,9,0.160,1.0,0.0410734,GradientBoostedTreesGeneric [virtual interface],5.9140,5.9140,12.7480,GradientBoostedTreesGeneric [virtual interface]=5.9140;Generic slow engine=12.7480
tic-tac-toe,Oblique,6,2,100,100,0.1,2.0,2.0,1000,Exact,766,192,9,0.248,1.0,0.0218576,GradientBoostedTreesGeneric [virtual interface],7.8573,7.8573,18.1570,GradientBoostedTreesGeneric [virtual interface]=7.8573;Generic slow engine=18.1570
tic-tac-toe,Oblique,8,2,100,100,0.1,2.0,2.0,1000,Exact,766,192,9,0.546,1.0,0.00909884,GradientBoostedTreesGeneric [virtual interface],11.8580,11.8580,34.0670,GradientBoostedTreesGeneric [virtual interface]=11.8580;Generic slow engine=34.0670
tic-tac-toe,Axis Aligned,3,3,100,99,0.1,2.0,2.0,1000,Exact,766,192,9,0.044,0.791667,0.488445,GradientBoostedTreesQuickScorerExtended [virtual interface],0.2122,1.6815,2.2535,GradientBoostedTreesQuickScorerExtended [virtual interface]=0.2122;GradientBoostedTreesOptPred [virtual interface]=1.0622;GradientBoostedTreesGeneric [virtual interface]=1.6815;Generic slow engine=2.2535
tic-tac-toe,Axis Aligned,4,3,100,100,0.1,2.0,2.0,1000,Exact,766,192,9,0.063,0.963542,0.197975,GradientBoostedTreesQuickScorerExtended [virtual interface],0.3070,2.4992,3.8995,GradientBoostedTreesQuickScorerExtended [virtual interface]=0.3070;GradientBoostedTreesOptPred [virtual interface]=1.6798;GradientBoostedTreesGeneric [virtual interface]=2.4992;Generic slow engine=3.8995
tic-tac-toe,Axis Aligned,5,3,100,100,0.1,2.0,2.0,1000,Exact,766,192,9,0.094,1.0,0.0486305,GradientBoostedTreesQuickScorerExtended [virtual interface],0.4700,3.4432,5.5925,GradientBoostedTreesQuickScorerExtended [virtual interface]=0.4700;GradientBoostedTreesOptPred [virtual interface]=2.0318;GradientBoostedTreesGeneric [virtual interface]=3.4432;Generic slow engine=5.5925
tic-tac-toe,Axis Aligned,6,3,100,100,0.1,2.0,2.0,1000,Exact,766,192,9,0.153,1.0,0.0178917,GradientBoostedTreesQuickScorerExtended [virtual interface],0.6212,4.3480,8.7920,GradientBoostedTreesQuickScorerExtended [virtual interface]=0.6212;GradientBoostedTreesOptPred [virtual interface]=2.5540;GradientBoostedTreesGeneric [virtual interface]=4.3480;Generic slow engine=8.7920
tic-tac-toe,Axis Aligned,7,3,100,100,0.1,2.0,2.0,1000,Exact,766,192,9,0.253,1.0,0.0113337,GradientBoostedTreesQuickScorerExtended [virtual interface],0.7478,4.8980,13.5690,GradientBoostedTreesQuickScorerExtended [virtual interface]=0.7478;GradientBoostedTreesOptPred [virtual interface]=3.4348;GradientBoostedTreesGeneric [virtual interface]=4.8980;Generic slow engine=13.5690
tic-tac-toe,Axis Aligned,8,3,100,100,0.1,2.0,2.0,1000,Exact,766,192,9,0.390,0.994792,0.0137114,GradientBoostedTreesOptPred [virtual interface],3.8805,5.7903,19.2660,GradientBoostedTreesOptPred [virtual interface]=3.8805;GradientBoostedTreesGeneric [virtual interface]=5.7903;Generic slow engine=19.2660
tic-tac-toe,Axis Aligned,10,3,100,100,0.1,2.0,2.0,1000,Exact,766,192,9,0.638,0.994792,0.0185928,GradientBoostedTreesOptPred [virtual interface],4.2060,6.3480,25.8840,GradientBoostedTreesOptPred [virtual interface]=4.2060;GradientBoostedTreesGeneric [virtual interface]=6.3480;Generic slow engine=25.8840
tic-tac-toe,Oblique,3,3,100,100,0.1,2.0,2.0,1000,Exact,766,192,9,0.068,0.989583,0.202974,GradientBoostedTreesGeneric [virtual interface],1.8982,1.8982,4.3708,GradientBoostedTreesGeneric [virtual interface]=1.8982;Generic slow engine=4.3708
tic-tac-toe,Oblique,4,3,100,100,0.1,2.0,2.0,1000,Exact,766,192,9,0.105,1.0,0.0957109,GradientBoostedTreesGeneric [virtual interface],3.6890,3.6890,8.4590,GradientBoostedTreesGeneric [virtual interface]=3.6890;Generic slow engine=8.4590
tic-tac-toe,Oblique,5,3,100,100,0.1,2.0,2.0,1000,Exact,766,192,9,0.160,1.0,0.0466781,GradientBoostedTreesGeneric [virtual interface],5.7700,5.7700,12.5740,GradientBoostedTreesGeneric [virtual interface]=5.7700;Generic slow engine=12.5740
tic-tac-toe,Oblique,6,3,100,100,0.1,2.0,2.0,1000,Exact,766,192,9,0.251,1.0,0.0162249,GradientBoostedTreesGeneric [virtual interface],8.0753,8.0753,18.5440,GradientBoostedTreesGeneric [virtual interface]=8.0753;Generic slow engine=18.5440
tic-tac-toe,Oblique,8,3,100,100,0.1,2.0,2.0,1000,Exact,766,192,9,0.566,1.0,0.00676356,GradientBoostedTreesGeneric [virtual interface],11.8800,11.8800,36.2350,GradientBoostedTreesGeneric [virtual interface]=11.8800;Generic slow engine=36.2350
tic-tac-toe,Axis Aligned,3,4,100,99,0.1,2.0,2.0,1000,Exact,766,192,9,0.044,0.786458,0.47854,GradientBoostedTreesQuickScorerExtended [virtual interface],0.2410,1.6833,2.3683,GradientBoostedTreesQuickScorerExtended [virtual interface]=0.2410;GradientBoostedTreesOptPred [virtual interface]=1.0195;GradientBoostedTreesGeneric [virtual interface]=1.6833;Generic slow engine=2.3683
tic-tac-toe,Axis Aligned,4,4,100,100,0.1,2.0,2.0,1000,Exact,766,192,9,0.063,0.932292,0.222931,GradientBoostedTreesQuickScorerExtended [virtual interface],0.3787,2.4213,3.8782,GradientBoostedTreesQuickScorerExtended [virtual interface]=0.3787;GradientBoostedTreesOptPred [virtual interface]=1.6028;GradientBoostedTreesGeneric [virtual interface]=2.4213;Generic slow engine=3.8782
tic-tac-toe,Axis Aligned,5,4,100,100,0.1,2.0,2.0,1000,Exact,766,192,9,0.094,1.0,0.0585665,GradientBoostedTreesQuickScorerExtended [virtual interface],0.4495,3.4047,5.5985,GradientBoostedTreesQuickScorerExtended [virtual interface]=0.4495;GradientBoostedTreesOptPred [virtual interface]=2.0400;GradientBoostedTreesGeneric [virtual interface]=3.4047;Generic slow engine=5.5985
tic-tac-toe,Axis Aligned,6,4,100,100,0.1,2.0,2.0,1000,Exact,766,192,9,0.150,1.0,0.019066,GradientBoostedTreesQuickScorerExtended [virtual interface],0.5992,4.3533,8.7710,GradientBoostedTreesQuickScorerExtended [virtual interface]=0.5992;GradientBoostedTreesOptPred [virtual interface]=2.5303;GradientBoostedTreesGeneric [virtual interface]=4.3533;Generic slow engine=8.7710
tic-tac-toe,Axis Aligned,7,4,100,100,0.1,2.0,2.0,1000,Exact,766,192,9,0.257,1.0,0.00638592,GradientBoostedTreesQuickScorerExtended [virtual interface],0.8313,4.8418,13.5300,GradientBoostedTreesQuickScorerExtended [virtual interface]=0.8313;GradientBoostedTreesOptPred [virtual interface]=3.3468;GradientBoostedTreesGeneric [virtual interface]=4.8418;Generic slow engine=13.5300
tic-tac-toe,Axis Aligned,8,4,100,100,0.1,2.0,2.0,1000,Exact,766,192,9,0.397,1.0,0.00402023,GradientBoostedTreesOptPred [virtual interface],3.5958,5.4223,19.8720,GradientBoostedTreesOptPred [virtual interface]=3.5958;GradientBoostedTreesGeneric [virtual interface]=5.4223;Generic slow engine=19.8720
tic-tac-toe,Axis Aligned,10,4,100,100,0.1,2.0,2.0,1000,Exact,766,192,9,0.666,0.994792,0.0165794,GradientBoostedTreesOptPred [virtual interface],3.7595,5.8768,26.6560,GradientBoostedTreesOptPred [virtual interface]=3.7595;GradientBoostedTreesGeneric [virtual interface]=5.8768;Generic slow engine=26.6560
tic-tac-toe,Oblique,3,4,100,100,0.1,2.0,2.0,1000,Exact,766,192,9,0.068,0.963542,0.212514,GradientBoostedTreesGeneric [virtual interface],1.9838,1.9838,4.7788,GradientBoostedTreesGeneric [virtual interface]=1.9838;Generic slow engine=4.7788
tic-tac-toe,Oblique,4,4,100,100,0.1,2.0,2.0,1000,Exact,766,192,9,0.104,1.0,0.0983711,GradientBoostedTreesGeneric [virtual interface],3.7793,3.7793,8.6275,GradientBoostedTreesGeneric [virtual interface]=3.7793;Generic slow engine=8.6275
tic-tac-toe,Oblique,5,4,100,100,0.1,2.0,2.0,1000,Exact,766,192,9,0.161,1.0,0.0417573,GradientBoostedTreesGeneric [virtual interface],5.7508,5.7508,12.6100,GradientBoostedTreesGeneric [virtual interface]=5.7508;Generic slow engine=12.6100
tic-tac-toe,Oblique,6,4,100,100,0.1,2.0,2.0,1000,Exact,766,192,9,0.247,1.0,0.0193603,GradientBoostedTreesGeneric [virtual interface],7.9503,7.9503,18.2590,GradientBoostedTreesGeneric [virtual interface]=7.9503;Generic slow engine=18.2590
tic-tac-toe,Oblique,8,4,100,100,0.1,2.0,2.0,1000,Exact,766,192,9,0.543,1.0,0.00662874,GradientBoostedTreesGeneric [virtual interface],11.8380,11.8380,34.1560,GradientBoostedTreesGeneric [virtual interface]=11.8380;Generic slow engine=34.1560
tic-tac-toe,Axis Aligned,3,5,100,99,0.1,2.0,2.0,1000,Exact,766,192,9,0.045,0.848958,0.448966,GradientBoostedTreesQuickScorerExtended [virtual interface],0.3683,1.7055,2.3145,GradientBoostedTreesQuickScorerExtended [virtual interface]=0.3683;GradientBoostedTreesOptPred [virtual interface]=1.0630;GradientBoostedTreesGeneric [virtual interface]=1.7055;Generic slow engine=2.3145
tic-tac-toe,Axis Aligned,4,5,100,100,0.1,2.0,2.0,1000,Exact,766,192,9,0.063,0.927083,0.241284,GradientBoostedTreesQuickScorerExtended [virtual interface],0.3270,2.4908,3.8810,GradientBoostedTreesQuickScorerExtended [virtual interface]=0.3270;GradientBoostedTreesOptPred [virtual interface]=1.6925;GradientBoostedTreesGeneric [virtual interface]=2.4908;Generic slow engine=3.8810
tic-tac-toe,Axis Aligned,5,5,100,100,0.1,2.0,2.0,1000,Exact,766,192,9,0.094,0.994792,0.0508889,GradientBoostedTreesQuickScorerExtended [virtual interface],0.4537,3.4860,5.6160,GradientBoostedTreesQuickScorerExtended [virtual interface]=0.4537;GradientBoostedTreesOptPred [virtual interface]=2.0515;GradientBoostedTreesGeneric [virtual interface]=3.4860;Generic slow engine=5.6160
tic-tac-toe,Axis Aligned,6,5,100,100,0.1,2.0,2.0,1000,Exact,766,192,9,0.152,0.989583,0.0286047,GradientBoostedTreesQuickScorerExtended [virtual interface],0.6402,4.1268,8.7588,GradientBoostedTreesQuickScorerExtended [virtual interface]=0.6402;GradientBoostedTreesOptPred [virtual interface]=2.3775;GradientBoostedTreesGeneric [virtual interface]=4.1268;Generic slow engine=8.7588
tic-tac-toe,Axis Aligned,7,5,100,100,0.1,2.0,2.0,1000,Exact,766,192,9,0.247,0.994792,0.010485,GradientBoostedTreesQuickScorerExtended [virtual interface],0.7305,4.9225,13.7140,GradientBoostedTreesQuickScorerExtended [virtual interface]=0.7305;GradientBoostedTreesOptPred [virtual interface]=3.4325;GradientBoostedTreesGeneric [virtual interface]=4.9225;Generic slow engine=13.7140
tic-tac-toe,Axis Aligned,8,5,100,100,0.1,2.0,2.0,1000,Exact,766,192,9,0.383,1.0,0.00594407,GradientBoostedTreesOptPred [virtual interface],3.2768,5.1573,19.8960,GradientBoostedTreesOptPred [virtual interface]=3.2768;GradientBoostedTreesGeneric [virtual interface]=5.1573;Generic slow engine=19.8960
tic-tac-toe,Axis Aligned,10,5,100,100,0.1,2.0,2.0,1000,Exact,766,192,9,0.622,0.989583,0.0196654,GradientBoostedTreesOptPred [virtual interface],3.8685,5.9000,26.3030,GradientBoostedTreesOptPred [virtual interface]=3.8685;GradientBoostedTreesGeneric [virtual interface]=5.9000;Generic slow engine=26.3030
tic-tac-toe,Oblique,3,5,100,100,0.1,2.0,2.0,1000,Exact,766,192,9,0.068,0.973958,0.202714,GradientBoostedTreesGeneric [virtual interface],1.9503,1.9503,4.3068,GradientBoostedTreesGeneric [virtual interface]=1.9503;Generic slow engine=4.3068
tic-tac-toe,Oblique,4,5,100,100,0.1,2.0,2.0,1000,Exact,766,192,9,0.104,1.0,0.095466,GradientBoostedTreesGeneric [virtual interface],3.7143,3.7143,8.5258,GradientBoostedTreesGeneric [virtual interface]=3.7143;Generic slow engine=8.5258
tic-tac-toe,Oblique,5,5,100,100,0.1,2.0,2.0,1000,Exact,766,192,9,0.161,1.0,0.037931,GradientBoostedTreesGeneric [virtual interface],5.8513,5.8513,12.4920,GradientBoostedTreesGeneric [virtual interface]=5.8513;Generic slow engine=12.4920
tic-tac-toe,Oblique,6,5,100,100,0.1,2.0,2.0,1000,Exact,766,192,9,0.254,0.994792,0.0263887,GradientBoostedTreesGeneric [virtual interface],8.2270,8.2270,18.7340,GradientBoostedTreesGeneric [virtual interface]=8.2270;Generic slow engine=18.7340
tic-tac-toe,Oblique,8,5,100,99,0.1,2.0,2.0,1000,Exact,766,192,9,0.549,1.0,0.00555548,GradientBoostedTreesGeneric [virtual interface],11.7990,11.7990,34.1880,GradientBoostedTreesGeneric [virtual interface]=11.7990;Generic slow engine=34.1880
tic-tac-toe,Axis Aligned,3,6,100,99,0.1,2.0,2.0,1000,Exact,766,192,9,0.045,0.817708,0.461536,GradientBoostedTreesQuickScorerExtended [virtual interface],0.2082,1.6447,2.3988,GradientBoostedTreesQuickScorerExtended [virtual interface]=0.2082;GradientBoostedTreesOptPred [virtual interface]=1.0208;GradientBoostedTreesGeneric [virtual interface]=1.6447;Generic slow engine=2.3988
tic-tac-toe,Axis Aligned,4,6,100,100,0.1,2.0,2.0,1000,Exact,766,192,9,0.064,0.953125,0.212361,GradientBoostedTreesQuickScorerExtended [virtual interface],0.3207,2.5355,3.8878,GradientBoostedTreesQuickScorerExtended [virtual interface]=0.3207;GradientBoostedTreesOptPred [virtual interface]=1.6783;GradientBoostedTreesGeneric [virtual interface]=2.5355;Generic slow engine=3.8878
tic-tac-toe,Axis Aligned,5,6,100,100,0.1,2.0,2.0,1000,Exact,766,192,9,0.095,1.0,0.0528087,GradientBoostedTreesQuickScorerExtended [virtual interface],0.4482,3.3815,5.6268,GradientBoostedTreesQuickScorerExtended [virtual interface]=0.4482;GradientBoostedTreesOptPred [virtual interface]=2.0398;GradientBoostedTreesGeneric [virtual interface]=3.3815;Generic slow engine=5.6268
tic-tac-toe,Axis Aligned,6,6,100,100,0.1,2.0,2.0,1000,Exact,766,192,9,0.151,1.0,0.0141876,GradientBoostedTreesQuickScorerExtended [virtual interface],0.5873,4.1340,8.5760,GradientBoostedTreesQuickScorerExtended [virtual interface]=0.5873;GradientBoostedTreesOptPred [virtual interface]=2.4330;GradientBoostedTreesGeneric [virtual interface]=4.1340;Generic slow engine=8.5760
tic-tac-toe,Axis Aligned,7,6,100,100,0.1,2.0,2.0,1000,Exact,766,192,9,0.257,1.0,0.00312424,GradientBoostedTreesQuickScorerExtended [virtual interface],0.6940,4.7295,13.6880,GradientBoostedTreesQuickScorerExtended [virtual interface]=0.6940;GradientBoostedTreesOptPred [virtual interface]=3.2483;GradientBoostedTreesGeneric [virtual interface]=4.7295;Generic slow engine=13.6880
tic-tac-toe,Axis Aligned,8,6,100,100,0.1,2.0,2.0,1000,Exact,766,192,9,0.403,1.0,0.00172371,GradientBoostedTreesOptPred [virtual interface],3.1448,4.8200,20.0680,GradientBoostedTreesOptPred [virtual interface]=3.1448;GradientBoostedTreesGeneric [virtual interface]=4.8200;Generic slow engine=20.0680
tic-tac-toe,Axis Aligned,10,6,100,100,0.1,2.0,2.0,1000,Exact,766,192,9,0.677,1.0,0.00245123,GradientBoostedTreesOptPred [virtual interface],3.6330,5.5575,26.5030,GradientBoostedTreesOptPred [virtual interface]=3.6330;GradientBoostedTreesGeneric [virtual interface]=5.5575;Generic slow engine=26.5030
tic-tac-toe,Oblique,3,6,100,100,0.1,2.0,2.0,1000,Exact,766,192,9,0.069,0.96875,0.2079,GradientBoostedTreesGeneric [virtual interface],2.1258,2.1258,4.5260,GradientBoostedTreesGeneric [virtual interface]=2.1258;Generic slow engine=4.5260
tic-tac-toe,Oblique,4,6,100,100,0.1,2.0,2.0,1000,Exact,766,192,9,0.105,1.0,0.0985874,GradientBoostedTreesGeneric [virtual interface],3.6895,3.6895,8.5370,GradientBoostedTreesGeneric [virtual interface]=3.6895;Generic slow engine=8.5370
tic-tac-toe,Oblique,5,6,100,100,0.1,2.0,2.0,1000,Exact,766,192,9,0.162,1.0,0.0512701,GradientBoostedTreesGeneric [virtual interface],5.9778,5.9778,12.9800,GradientBoostedTreesGeneric [virtual interface]=5.9778;Generic slow engine=12.9800
tic-tac-toe,Oblique,6,6,100,100,0.1,2.0,2.0,1000,Exact,766,192,9,0.247,1.0,0.0177001,GradientBoostedTreesGeneric [virtual interface],8.0467,8.0467,18.3920,GradientBoostedTreesGeneric [virtual interface]=8.0467;Generic slow engine=18.3920
tic-tac-toe,Oblique,8,6,100,100,0.1,2.0,2.0,1000,Exact,766,192,9,0.563,1.0,0.0050209,GradientBoostedTreesGeneric [virtual interface],11.9670,11.9670,34.3630,GradientBoostedTreesGeneric [virtual interface]=11.9670;Generic slow engine=34.3630
tic-tac-toe,Axis Aligned,3,7,100,99,0.1,2.0,2.0,1000,Exact,766,192,9,0.047,0.796875,0.490418,GradientBoostedTreesQuickScorerExtended [virtual interface],0.2082,1.6918,2.3190,GradientBoostedTreesQuickScorerExtended [virtual interface]=0.2082;GradientBoostedTreesOptPred [virtual interface]=1.0328;GradientBoostedTreesGeneric [virtual interface]=1.6918;Generic slow engine=2.3190
tic-tac-toe,Axis Aligned,4,7,100,100,0.1,2.0,2.0,1000,Exact,766,192,9,0.064,0.947917,0.202181,GradientBoostedTreesQuickScorerExtended [virtual interface],0.3170,2.4650,3.8658,GradientBoostedTreesQuickScorerExtended [virtual interface]=0.3170;GradientBoostedTreesOptPred [virtual interface]=1.6927;GradientBoostedTreesGeneric [virtual interface]=2.4650;Generic slow engine=3.8658
tic-tac-toe,Axis Aligned,5,7,100,100,0.1,2.0,2.0,1000,Exact,766,192,9,0.094,0.989583,0.057597,GradientBoostedTreesQuickScorerExtended [virtual interface],0.4600,3.4420,5.5862,GradientBoostedTreesQuickScorerExtended [virtual interface]=0.4600;GradientBoostedTreesOptPred [virtual interface]=2.0795;GradientBoostedTreesGeneric [virtual interface]=3.4420;Generic slow engine=5.5862
tic-tac-toe,Axis Aligned,6,7,100,100,0.1,2.0,2.0,1000,Exact,766,192,9,0.152,0.994792,0.0209407,GradientBoostedTreesQuickScorerExtended [virtual interface],0.5933,4.1928,8.9290,GradientBoostedTreesQuickScorerExtended [virtual interface]=0.5933;GradientBoostedTreesOptPred [virtual interface]=2.4320;GradientBoostedTreesGeneric [virtual interface]=4.1928;Generic slow engine=8.9290
tic-tac-toe,Axis Aligned,7,7,100,100,0.1,2.0,2.0,1000,Exact,766,192,9,0.256,1.0,0.00425221,GradientBoostedTreesQuickScorerExtended [virtual interface],0.7205,4.9248,14.2240,GradientBoostedTreesQuickScorerExtended [virtual interface]=0.7205;GradientBoostedTreesOptPred [virtual interface]=3.4337;GradientBoostedTreesGeneric [virtual interface]=4.9248;Generic slow engine=14.2240
tic-tac-toe,Axis Aligned,8,7,100,100,0.1,2.0,2.0,1000,Exact,766,192,9,0.399,1.0,0.00510416,GradientBoostedTreesOptPred [virtual interface],3.1332,4.8600,19.4720,GradientBoostedTreesOptPred [virtual interface]=3.1332;GradientBoostedTreesGeneric [virtual interface]=4.8600;Generic slow engine=19.4720
tic-tac-toe,Axis Aligned,10,7,100,100,0.1,2.0,2.0,1000,Exact,766,192,9,0.648,1.0,0.00317489,GradientBoostedTreesOptPred [virtual interface],3.4183,5.3948,27.0340,GradientBoostedTreesOptPred [virtual interface]=3.4183;GradientBoostedTreesGeneric [virtual interface]=5.3948;Generic slow engine=27.0340
tic-tac-toe,Oblique,3,7,100,100,0.1,2.0,2.0,1000,Exact,766,192,9,0.068,0.973958,0.218716,GradientBoostedTreesGeneric [virtual interface],1.9243,1.9243,4.3400,GradientBoostedTreesGeneric [virtual interface]=1.9243;Generic slow engine=4.3400
tic-tac-toe,Oblique,4,7,100,100,0.1,2.0,2.0,1000,Exact,766,192,9,0.104,1.0,0.0958284,GradientBoostedTreesGeneric [virtual interface],3.6360,3.6360,8.3438,GradientBoostedTreesGeneric [virtual interface]=3.6360;Generic slow engine=8.3438
tic-tac-toe,Oblique,5,7,100,100,0.1,2.0,2.0,1000,Exact,766,192,9,0.163,1.0,0.035308,GradientBoostedTreesGeneric [virtual interface],5.8647,5.8647,12.7310,GradientBoostedTreesGeneric [virtual interface]=5.8647;Generic slow engine=12.7310
tic-tac-toe,Oblique,6,7,100,100,0.1,2.0,2.0,1000,Exact,766,192,9,0.255,1.0,0.0179884,GradientBoostedTreesGeneric [virtual interface],8.1430,8.1430,18.4420,GradientBoostedTreesGeneric [virtual interface]=8.1430;Generic slow engine=18.4420
tic-tac-toe,Oblique,8,7,100,100,0.1,2.0,2.0,1000,Exact,766,192,9,0.558,1.0,0.00754678,GradientBoostedTreesGeneric [virtual interface],11.8880,11.8880,37.7750,GradientBoostedTreesGeneric [virtual interface]=11.8880;Generic slow engine=37.7750
tic-tac-toe,Axis Aligned,3,8,100,100,0.1,2.0,2.0,1000,Exact,766,192,9,0.044,0.807292,0.522945,GradientBoostedTreesQuickScorerExtended [virtual interface],0.2035,1.6927,2.2803,GradientBoostedTreesQuickScorerExtended [virtual interface]=0.2035;GradientBoostedTreesOptPred [virtual interface]=1.0308;GradientBoostedTreesGeneric [virtual interface]=1.6927;Generic slow engine=2.2803
tic-tac-toe,Axis Aligned,4,8,100,100,0.1,2.0,2.0,1000,Exact,766,192,9,0.064,0.911458,0.219321,GradientBoostedTreesQuickScorerExtended [virtual interface],0.3115,2.4885,3.8695,GradientBoostedTreesQuickScorerExtended [virtual interface]=0.3115;GradientBoostedTreesOptPred [virtual interface]=1.6750;GradientBoostedTreesGeneric [virtual interface]=2.4885;Generic slow engine=3.8695
tic-tac-toe,Axis Aligned,5,8,100,100,0.1,2.0,2.0,1000,Exact,766,192,9,0.094,0.96875,0.071512,GradientBoostedTreesQuickScorerExtended [virtual interface],0.4575,3.2700,5.6045,GradientBoostedTreesQuickScorerExtended [virtual interface]=0.4575;GradientBoostedTreesOptPred [virtual interface]=1.9915;GradientBoostedTreesGeneric [virtual interface]=3.2700;Generic slow engine=5.6045
tic-tac-toe,Axis Aligned,6,8,100,100,0.1,2.0,2.0,1000,Exact,766,192,9,0.152,1.0,0.0304789,GradientBoostedTreesQuickScorerExtended [virtual interface],0.5697,4.1422,8.8210,GradientBoostedTreesQuickScorerExtended [virtual interface]=0.5697;GradientBoostedTreesOptPred [virtual interface]=2.3963;GradientBoostedTreesGeneric [virtual interface]=4.1422;Generic slow engine=8.8210
tic-tac-toe,Axis Aligned,7,8,100,100,0.1,2.0,2.0,1000,Exact,766,192,9,0.254,0.96875,0.0414183,GradientBoostedTreesQuickScorerExtended [virtual interface],0.6700,4.6365,13.8640,GradientBoostedTreesQuickScorerExtended [virtual interface]=0.6700;GradientBoostedTreesOptPred [virtual interface]=3.1692;GradientBoostedTreesGeneric [virtual interface]=4.6365;Generic slow engine=13.8640
tic-tac-toe,Axis Aligned,8,8,100,100,0.1,2.0,2.0,1000,Exact,766,192,9,0.397,1.0,0.00983576,GradientBoostedTreesOptPred [virtual interface],3.0535,4.7388,19.4040,GradientBoostedTreesOptPred [virtual interface]=3.0535;GradientBoostedTreesGeneric [virtual interface]=4.7388;Generic slow engine=19.4040
tic-tac-toe,Axis Aligned,10,8,100,99,0.1,2.0,2.0,1000,Exact,766,192,9,0.644,0.963542,0.115893,GradientBoostedTreesOptPred [virtual interface],3.1340,5.0500,24.9560,GradientBoostedTreesOptPred [virtual interface]=3.1340;GradientBoostedTreesGeneric [virtual interface]=5.0500;Generic slow engine=24.9560
tic-tac-toe,Oblique,3,8,100,100,0.1,2.0,2.0,1000,Exact,766,192,9,0.069,0.927083,0.238489,GradientBoostedTreesGeneric [virtual interface],1.9407,1.9407,4.3155,GradientBoostedTreesGeneric [virtual interface]=1.9407;Generic slow engine=4.3155
tic-tac-toe,Oblique,4,8,100,100,0.1,2.0,2.0,1000,Exact,766,192,9,0.105,0.973958,0.112953,GradientBoostedTreesGeneric [virtual interface],3.6445,3.6445,8.3800,GradientBoostedTreesGeneric [virtual interface]=3.6445;Generic slow engine=8.3800
tic-tac-toe,Oblique,5,8,100,100,0.1,2.0,2.0,1000,Exact,766,192,9,0.162,0.989583,0.0616722,GradientBoostedTreesGeneric [virtual interface],5.7438,5.7438,12.7040,GradientBoostedTreesGeneric [virtual interface]=5.7438;Generic slow engine=12.7040
tic-tac-toe,Oblique,6,8,100,100,0.1,2.0,2.0,1000,Exact,766,192,9,0.255,0.984375,0.0416072,GradientBoostedTreesGeneric [virtual interface],8.1840,8.1840,18.4430,GradientBoostedTreesGeneric [virtual interface]=8.1840;Generic slow engine=18.4430
tic-tac-toe,Oblique,8,8,100,100,0.1,2.0,2.0,1000,Exact,766,192,9,0.561,0.979167,0.0284724,GradientBoostedTreesGeneric [virtual interface],12.0850,12.0850,35.4920,GradientBoostedTreesGeneric [virtual interface]=12.0850;Generic slow engine=35.4920
tic-tac-toe,Axis Aligned,3,9,100,100,0.1,2.0,2.0,1000,Exact,766,192,9,0.045,0.796875,0.523696,GradientBoostedTreesQuickScorerExtended [virtual interface],0.2145,1.6715,2.4297,GradientBoostedTreesQuickScorerExtended [virtual interface]=0.2145;GradientBoostedTreesOptPred [virtual interface]=1.0125;GradientBoostedTreesGeneric [virtual interface]=1.6715;Generic slow engine=2.4297
tic-tac-toe,Axis Aligned,4,9,100,100,0.1,2.0,2.0,1000,Exact,766,192,9,0.063,0.895833,0.242324,GradientBoostedTreesQuickScorerExtended [virtual interface],0.3095,2.3978,3.8443,GradientBoostedTreesQuickScorerExtended [virtual interface]=0.3095;GradientBoostedTreesOptPred [virtual interface]=1.6513;GradientBoostedTreesGeneric [virtual interface]=2.3978;Generic slow engine=3.8443
tic-tac-toe,Axis Aligned,5,9,100,100,0.1,2.0,2.0,1000,Exact,766,192,9,0.094,1.0,0.0599571,GradientBoostedTreesQuickScorerExtended [virtual interface],0.4557,3.4483,5.5808,GradientBoostedTreesQuickScorerExtended [virtual interface]=0.4557;GradientBoostedTreesOptPred [virtual interface]=2.0325;GradientBoostedTreesGeneric [virtual interface]=3.4483;Generic slow engine=5.5808
tic-tac-toe,Axis Aligned,6,9,100,100,0.1,2.0,2.0,1000,Exact,766,192,9,0.153,0.994792,0.0284429,GradientBoostedTreesQuickScorerExtended [virtual interface],0.5903,4.2700,8.5448,GradientBoostedTreesQuickScorerExtended [virtual interface]=0.5903;GradientBoostedTreesOptPred [virtual interface]=2.4855;GradientBoostedTreesGeneric [virtual interface]=4.2700;Generic slow engine=8.5448
tic-tac-toe,Axis Aligned,7,9,100,100,0.1,2.0,2.0,1000,Exact,766,192,9,0.250,0.994792,0.0161865,GradientBoostedTreesQuickScorerExtended [virtual interface],0.7610,4.8567,13.9640,GradientBoostedTreesQuickScorerExtended [virtual interface]=0.7610;GradientBoostedTreesOptPred [virtual interface]=3.4050;GradientBoostedTreesGeneric [virtual interface]=4.8567;Generic slow engine=13.9640
tic-tac-toe,Axis Aligned,8,9,100,100,0.1,2.0,2.0,1000,Exact,766,192,9,0.395,0.994792,0.0105035,GradientBoostedTreesOptPred [virtual interface],3.3560,5.1265,24.0770,GradientBoostedTreesOptPred [virtual interface]=3.3560;GradientBoostedTreesGeneric [virtual interface]=5.1265;Generic slow engine=24.0770
tic-tac-toe,Axis Aligned,10,9,100,100,0.1,2.0,2.0,1000,Exact,766,192,9,0.628,0.989583,0.0179108,GradientBoostedTreesOptPred [virtual interface],4.0948,6.1755,27.2110,GradientBoostedTreesOptPred [virtual interface]=4.0948;GradientBoostedTreesGeneric [virtual interface]=6.1755;Generic slow engine=27.2110
tic-tac-toe,Oblique,3,9,100,100,0.1,2.0,2.0,1000,Exact,766,192,9,0.069,0.921875,0.235158,GradientBoostedTreesGeneric [virtual interface],2.0295,2.0295,4.4038,GradientBoostedTreesGeneric [virtual interface]=2.0295;Generic slow engine=4.4038
tic-tac-toe,Oblique,4,9,100,100,0.1,2.0,2.0,1000,Exact,766,192,9,0.104,0.994792,0.110834,GradientBoostedTreesGeneric [virtual interface],3.7492,3.7492,8.4465,GradientBoostedTreesGeneric [virtual interface]=3.7492;Generic slow engine=8.4465
tic-tac-toe,Oblique,5,9,100,100,0.1,2.0,2.0,1000,Exact,766,192,9,0.162,1.0,0.0489818,GradientBoostedTreesGeneric [virtual interface],5.8500,5.8500,12.7390,GradientBoostedTreesGeneric [virtual interface]=5.8500;Generic slow engine=12.7390
tic-tac-toe,Oblique,6,9,100,100,0.1,2.0,2.0,1000,Exact,766,192,9,0.259,1.0,0.0295265,GradientBoostedTreesGeneric [virtual interface],8.1963,8.1963,18.9410,GradientBoostedTreesGeneric [virtual interface]=8.1963;Generic slow engine=18.9410
tic-tac-toe,Oblique,8,9,100,100,0.1,2.0,2.0,1000,Exact,766,192,9,0.550,0.994792,0.0175158,GradientBoostedTreesGeneric [virtual interface],11.8860,11.8860,35.2380,GradientBoostedTreesGeneric [virtual interface]=11.8860;Generic slow engine=35.2380
credit-g,Axis Aligned,3,0,100,100,0.1,2.0,2.0,1000,Exact,800,200,20,0.055,0.76,0.534013,GradientBoostedTreesQuickScorerExtended [virtual interface],0.2157,1.7438,2.2975,GradientBoostedTreesQuickScorerExtended [virtual interface]=0.2157;GradientBoostedTreesOptPred [virtual interface]=1.0922;GradientBoostedTreesGeneric [virtual interface]=1.7438;Generic slow engine=2.2975
credit-g,Axis Aligned,4,0,100,79,0.1,2.0,2.0,1000,Exact,800,200,20,0.081,0.765,0.525631,GradientBoostedTreesQuickScorerExtended [virtual interface],0.4417,2.0100,3.1480,GradientBoostedTreesQuickScorerExtended [virtual interface]=0.4417;GradientBoostedTreesOptPred [virtual interface]=1.3455;GradientBoostedTreesGeneric [virtual interface]=2.0100;Generic slow engine=3.1480
credit-g,Axis Aligned,5,0,100,69,0.1,2.0,2.0,1000,Exact,800,200,20,0.127,0.76,0.527219,GradientBoostedTreesQuickScorerExtended [virtual interface],0.4310,2.3138,4.0350,GradientBoostedTreesQuickScorerExtended [virtual interface]=0.4310;GradientBoostedTreesOptPred [virtual interface]=1.5130;GradientBoostedTreesGeneric [virtual interface]=2.3138;Generic slow engine=4.0350
credit-g,Axis Aligned,6,0,100,55,0.1,2.0,2.0,1000,Exact,800,200,20,0.179,0.765,0.54346,GradientBoostedTreesQuickScorerExtended [virtual interface],0.5543,2.3325,4.5635,GradientBoostedTreesQuickScorerExtended [virtual interface]=0.5543;GradientBoostedTreesOptPred [virtual interface]=1.5060;GradientBoostedTreesGeneric [virtual interface]=2.3325;Generic slow engine=4.5635
credit-g,Axis Aligned,7,0,100,57,0.1,2.0,2.0,1000,Exact,800,200,20,0.297,0.73,0.575106,GradientBoostedTreesQuickScorerExtended [virtual interface],0.8267,2.8942,6.1295,GradientBoostedTreesQuickScorerExtended [virtual interface]=0.8267;GradientBoostedTreesOptPred [virtual interface]=2.0583;GradientBoostedTreesGeneric [virtual interface]=2.8942;Generic slow engine=6.1295
credit-g,Axis Aligned,8,0,100,46,0.1,2.0,2.0,1000,Exact,800,200,20,0.335,0.73,0.591255,GradientBoostedTreesQuickScorerExtended [virtual interface],0.7412,2.5660,6.1410,GradientBoostedTreesQuickScorerExtended [virtual interface]=0.7412;GradientBoostedTreesOptPred [virtual interface]=1.7805;GradientBoostedTreesGeneric [virtual interface]=2.5660;Generic slow engine=6.1410
credit-g,Axis Aligned,10,0,100,38,0.1,2.0,2.0,1000,Exact,800,200,20,0.502,0.72,0.633679,GradientBoostedTreesOptPred [virtual interface],1.7672,2.6305,6.8655,GradientBoostedTreesOptPred [virtual interface]=1.7672;GradientBoostedTreesGeneric [virtual interface]=2.6305;Generic slow engine=6.8655
credit-g,Oblique,3,0,100,39,0.1,2.0,2.0,1000,Exact,800,200,20,0.097,0.74,0.546585,GradientBoostedTreesGeneric [virtual interface],0.6090,0.6090,1.6340,GradientBoostedTreesGeneric [virtual interface]=0.6090;Generic slow engine=1.6340
credit-g,Oblique,4,0,100,71,0.1,2.0,2.0,1000,Exact,800,200,20,0.219,0.74,0.534775,GradientBoostedTreesGeneric [virtual interface],1.9200,1.9200,5.8335,GradientBoostedTreesGeneric [virtual interface]=1.9200;Generic slow engine=5.8335
credit-g,Oblique,5,0,100,60,0.1,2.0,2.0,1000,Exact,800,200,20,0.292,0.765,0.545214,GradientBoostedTreesGeneric [virtual interface],2.3240,2.3240,7.3973,GradientBoostedTreesGeneric [virtual interface]=2.3240;Generic slow engine=7.3973
credit-g,Oblique,6,0,100,25,0.1,2.0,2.0,1000,Exact,800,200,20,0.269,0.765,0.52827,GradientBoostedTreesGeneric [virtual interface],1.0917,1.0917,4.0187,GradientBoostedTreesGeneric [virtual interface]=1.0917;Generic slow engine=4.0187
credit-g,Oblique,8,0,100,38,0.1,2.0,2.0,1000,Exact,800,200,20,0.592,0.785,0.533354,GradientBoostedTreesGeneric [virtual interface],3.1665,3.1665,9.5230,GradientBoostedTreesGeneric [virtual interface]=3.1665;Generic slow engine=9.5230
credit-g,Axis Aligned,3,1,100,70,0.1,2.0,2.0,1000,Exact,800,200,20,0.054,0.81,0.456788,GradientBoostedTreesQuickScorerExtended [virtual interface],0.1722,1.1447,1.6018,GradientBoostedTreesQuickScorerExtended [virtual interface]=0.1722;GradientBoostedTreesOptPred [virtual interface]=0.7225;GradientBoostedTreesGeneric [virtual interface]=1.1447;Generic slow engine=1.6018
credit-g,Axis Aligned,4,1,100,44,0.1,2.0,2.0,1000,Exact,800,200,20,0.062,0.805,0.461773,GradientBoostedTreesQuickScorerExtended [virtual interface],0.2008,0.9633,1.6615,GradientBoostedTreesQuickScorerExtended [virtual interface]=0.2008;GradientBoostedTreesOptPred [virtual interface]=0.6255;GradientBoostedTreesGeneric [virtual interface]=0.9633;Generic slow engine=1.6615
credit-g,Axis Aligned,5,1,100,40,0.1,2.0,2.0,1000,Exact,800,200,20,0.091,0.815,0.467294,GradientBoostedTreesQuickScorerExtended [virtual interface],0.2963,1.2047,2.2923,GradientBoostedTreesQuickScorerExtended [virtual interface]=0.2963;GradientBoostedTreesOptPred [virtual interface]=0.7608;GradientBoostedTreesGeneric [virtual interface]=1.2047;Generic slow engine=2.2923
credit-g,Axis Aligned,6,1,100,24,0.1,2.0,2.0,1000,Exact,800,200,20,0.116,0.77,0.486466,GradientBoostedTreesQuickScorerExtended [virtual interface],0.2865,0.8275,1.7528,GradientBoostedTreesQuickScorerExtended [virtual interface]=0.2865;GradientBoostedTreesOptPred [virtual interface]=0.4860;GradientBoostedTreesGeneric [virtual interface]=0.8275;Generic slow engine=1.7528
credit-g,Axis Aligned,7,1,100,13,0.1,2.0,2.0,1000,Exact,800,200,20,0.139,0.79,0.483627,GradientBoostedTreesQuickScorerExtended [virtual interface],0.2333,0.4725,1.2330,GradientBoostedTreesQuickScorerExtended [virtual interface]=0.2333;GradientBoostedTreesOptPred [virtual interface]=0.2527;GradientBoostedTreesGeneric [virtual interface]=0.4725;Generic slow engine=1.2330
credit-g,Axis Aligned,8,1,100,11,0.1,2.0,2.0,1000,Exact,800,200,20,0.186,0.77,0.492235,GradientBoostedTreesOptPred [virtual interface],0.2362,0.4358,1.1538,GradientBoostedTreesOptPred [virtual interface]=0.2362;GradientBoostedTreesQuickScorerExtended [virtual interface]=0.2782;GradientBoostedTreesGeneric [virtual interface]=0.4358;Generic slow engine=1.1538
credit-g,Axis Aligned,10,1,100,16,0.1,2.0,2.0,1000,Exact,800,200,20,0.349,0.785,0.478602,GradientBoostedTreesOptPred [virtual interface],0.6380,0.9988,2.7557,GradientBoostedTreesOptPred [virtual interface]=0.6380;GradientBoostedTreesGeneric [virtual interface]=0.9988;Generic slow engine=2.7557
credit-g,Oblique,3,1,100,33,0.1,2.0,2.0,1000,Exact,800,200,20,0.089,0.81,0.460834,GradientBoostedTreesGeneric [virtual interface],0.5110,0.5110,1.2520,GradientBoostedTreesGeneric [virtual interface]=0.5110;Generic slow engine=1.2520
credit-g,Oblique,4,1,100,31,0.1,2.0,2.0,1000,Exact,800,200,20,0.135,0.815,0.451887,GradientBoostedTreesGeneric [virtual interface],0.7378,0.7378,2.3327,GradientBoostedTreesGeneric [virtual interface]=0.7378;Generic slow engine=2.3327
credit-g,Oblique,5,1,100,60,0.1,2.0,2.0,1000,Exact,800,200,20,0.282,0.79,0.461662,GradientBoostedTreesGeneric [virtual interface],2.4290,2.4290,7.4540,GradientBoostedTreesGeneric [virtual interface]=2.4290;Generic slow engine=7.4540
credit-g,Oblique,6,1,100,25,0.1,2.0,2.0,1000,Exact,800,200,20,0.259,0.78,0.465946,GradientBoostedTreesGeneric [virtual interface],1.1683,1.1683,4.0448,GradientBoostedTreesGeneric [virtual interface]=1.1683;Generic slow engine=4.0448
credit-g,Oblique,8,1,100,14,0.1,2.0,2.0,1000,Exact,800,200,20,0.393,0.765,0.47658,GradientBoostedTreesGeneric [virtual interface],0.8060,0.8060,3.2120,GradientBoostedTreesGeneric [virtual interface]=0.8060;Generic slow engine=3.2120
credit-g,Axis Aligned,3,2,100,95,0.1,2.0,2.0,1000,Exact,800,200,20,0.056,0.76,0.512013,GradientBoostedTreesQuickScorerExtended [virtual interface],0.2362,1.6155,2.1843,GradientBoostedTreesQuickScorerExtended [virtual interface]=0.2362;GradientBoostedTreesOptPred [virtual interface]=1.0260;GradientBoostedTreesGeneric [virtual interface]=1.6155;Generic slow engine=2.1843
credit-g,Axis Aligned,4,2,100,50,0.1,2.0,2.0,1000,Exact,800,200,20,0.067,0.76,0.515366,GradientBoostedTreesQuickScorerExtended [virtual interface],0.3590,1.0575,2.0455,GradientBoostedTreesQuickScorerExtended [virtual interface]=0.3590;GradientBoostedTreesOptPred [virtual interface]=0.6800;GradientBoostedTreesGeneric [virtual interface]=1.0575;Generic slow engine=2.0455
credit-g,Axis Aligned,5,2,100,21,0.1,2.0,2.0,1000,Exact,800,200,20,0.067,0.77,0.515575,GradientBoostedTreesQuickScorerExtended [virtual interface],0.1975,0.5185,0.9768,GradientBoostedTreesQuickScorerExtended [virtual interface]=0.1975;GradientBoostedTreesOptPred [virtual interface]=0.2395;GradientBoostedTreesGeneric [virtual interface]=0.5185;Generic slow engine=0.9768
credit-g,Axis Aligned,6,2,100,15,0.1,2.0,2.0,1000,Exact,800,200,20,0.096,0.77,0.520193,GradientBoostedTreesOptPred [virtual interface],0.1648,0.4223,0.9663,GradientBoostedTreesOptPred [virtual interface]=0.1648;GradientBoostedTreesQuickScorerExtended [virtual interface]=0.2170;GradientBoostedTreesGeneric [virtual interface]=0.4223;Generic slow engine=0.9663
credit-g,Axis Aligned,7,2,100,26,0.1,2.0,2.0,1000,Exact,800,200,20,0.177,0.76,0.514067,GradientBoostedTreesQuickScorerExtended [virtual interface],0.4195,1.0568,2.8868,GradientBoostedTreesQuickScorerExtended [virtual interface]=0.4195;GradientBoostedTreesOptPred [virtual interface]=0.7200;GradientBoostedTreesGeneric [virtual interface]=1.0568;Generic slow engine=2.8868
credit-g,Axis Aligned,8,2,100,15,0.1,2.0,2.0,1000,Exact,800,200,20,0.204,0.755,0.520565,GradientBoostedTreesQuickScorerExtended [virtual interface],0.3395,0.6155,1.7125,GradientBoostedTreesQuickScorerExtended [virtual interface]=0.3395;GradientBoostedTreesOptPred [virtual interface]=0.3877;GradientBoostedTreesGeneric [virtual interface]=0.6155;Generic slow engine=1.7125
credit-g,Axis Aligned,10,2,100,16,0.1,2.0,2.0,1000,Exact,800,200,20,0.357,0.765,0.510256,GradientBoostedTreesOptPred [virtual interface],0.5763,0.8955,2.7393,GradientBoostedTreesOptPred [virtual interface]=0.5763;GradientBoostedTreesGeneric [virtual interface]=0.8955;Generic slow engine=2.7393
credit-g,Oblique,3,2,100,68,0.1,2.0,2.0,1000,Exact,800,200,20,0.133,0.745,0.511654,GradientBoostedTreesGeneric [virtual interface],1.0770,1.0770,3.0648,GradientBoostedTreesGeneric [virtual interface]=1.0770;Generic slow engine=3.0648
credit-g,Oblique,4,2,100,48,0.1,2.0,2.0,1000,Exact,800,200,20,0.169,0.765,0.511272,GradientBoostedTreesGeneric [virtual interface],1.1407,1.1407,3.9238,GradientBoostedTreesGeneric [virtual interface]=1.1407;Generic slow engine=3.9238
credit-g,Oblique,5,2,100,33,0.1,2.0,2.0,1000,Exact,800,200,20,0.203,0.745,0.506021,GradientBoostedTreesGeneric [virtual interface],1.0988,1.0988,3.8598,GradientBoostedTreesGeneric [virtual interface]=1.0988;Generic slow engine=3.8598
credit-g,Oblique,6,2,100,20,0.1,2.0,2.0,1000,Exact,800,200,20,0.229,0.775,0.501055,GradientBoostedTreesGeneric [virtual interface],0.7910,0.7910,3.1408,GradientBoostedTreesGeneric [virtual interface]=0.7910;Generic slow engine=3.1408
credit-g,Oblique,8,2,100,25,0.1,2.0,2.0,1000,Exact,800,200,20,0.495,0.785,0.496314,GradientBoostedTreesGeneric [virtual interface],1.7780,1.7780,5.9123,GradientBoostedTreesGeneric [virtual interface]=1.7780;Generic slow engine=5.9123
credit-g,Axis Aligned,3,3,100,95,0.1,2.0,2.0,1000,Exact,800,200,20,0.056,0.765,0.504665,GradientBoostedTreesQuickScorerExtended [virtual interface],0.2193,1.6795,2.2292,GradientBoostedTreesQuickScorerExtended [virtual interface]=0.2193;GradientBoostedTreesOptPred [virtual interface]=1.0680;GradientBoostedTreesGeneric [virtual interface]=1.6795;Generic slow engine=2.2292
credit-g,Axis Aligned,4,3,100,100,0.1,2.0,2.0,1000,Exact,800,200,20,0.085,0.775,0.478798,GradientBoostedTreesQuickScorerExtended [virtual interface],0.3947,2.3807,4.0048,GradientBoostedTreesQuickScorerExtended [virtual interface]=0.3947;GradientBoostedTreesOptPred [virtual interface]=1.6075;GradientBoostedTreesGeneric [virtual interface]=2.3807;Generic slow engine=4.0048
credit-g,Axis Aligned,5,3,100,94,0.1,2.0,2.0,1000,Exact,800,200,20,0.128,0.775,0.474949,GradientBoostedTreesQuickScorerExtended [virtual interface],0.5537,3.1710,5.5660,GradientBoostedTreesQuickScorerExtended [virtual interface]=0.5537;GradientBoostedTreesOptPred [virtual interface]=2.0555;GradientBoostedTreesGeneric [virtual interface]=3.1710;Generic slow engine=5.5660
credit-g,Axis Aligned,6,3,100,90,0.1,2.0,2.0,1000,Exact,800,200,20,0.200,0.78,0.509166,GradientBoostedTreesQuickScorerExtended [virtual interface],0.7592,3.8635,7.5888,GradientBoostedTreesQuickScorerExtended [virtual interface]=0.7592;GradientBoostedTreesOptPred [virtual interface]=2.4120;GradientBoostedTreesGeneric [virtual interface]=3.8635;Generic slow engine=7.5888
credit-g,Axis Aligned,7,3,100,54,0.1,2.0,2.0,1000,Exact,800,200,20,0.259,0.765,0.502833,GradientBoostedTreesQuickScorerExtended [virtual interface],0.7125,2.5838,5.8197,GradientBoostedTreesQuickScorerExtended [virtual interface]=0.7125;GradientBoostedTreesOptPred [virtual interface]=1.9018;GradientBoostedTreesGeneric [virtual interface]=2.5838;Generic slow engine=5.8197
credit-g,Axis Aligned,8,3,100,46,0.1,2.0,2.0,1000,Exact,800,200,20,0.333,0.795,0.470986,GradientBoostedTreesQuickScorerExtended [virtual interface],0.7548,2.5010,6.2503,GradientBoostedTreesQuickScorerExtended [virtual interface]=0.7548;GradientBoostedTreesOptPred [virtual interface]=1.7732;GradientBoostedTreesGeneric [virtual interface]=2.5010;Generic slow engine=6.2503
credit-g,Axis Aligned,10,3,100,27,0.1,2.0,2.0,1000,Exact,800,200,20,0.402,0.765,0.495568,GradientBoostedTreesOptPred [virtual interface],1.2305,1.8150,4.9010,GradientBoostedTreesOptPred [virtual interface]=1.2305;GradientBoostedTreesGeneric [virtual interface]=1.8150;Generic slow engine=4.9010
credit-g,Oblique,3,3,100,100,0.1,2.0,2.0,1000,Exact,800,200,20,0.138,0.76,0.488963,GradientBoostedTreesGeneric [virtual interface],1.6418,1.6418,4.5060,GradientBoostedTreesGeneric [virtual interface]=1.6418;Generic slow engine=4.5060
credit-g,Oblique,4,3,100,91,0.1,2.0,2.0,1000,Exact,800,200,20,0.219,0.78,0.464426,GradientBoostedTreesGeneric [virtual interface],2.5040,2.5040,9.3752,GradientBoostedTreesGeneric [virtual interface]=2.5040;Generic slow engine=9.3752
credit-g,Oblique,5,3,100,56,0.1,2.0,2.0,1000,Exact,800,200,20,0.269,0.78,0.48309,GradientBoostedTreesGeneric [virtual interface],1.9965,1.9965,6.8355,GradientBoostedTreesGeneric [virtual interface]=1.9965;Generic slow engine=6.8355
credit-g,Oblique,6,3,100,28,0.1,2.0,2.0,1000,Exact,800,200,20,0.268,0.745,0.492415,GradientBoostedTreesGeneric [virtual interface],1.2372,1.2372,4.5055,GradientBoostedTreesGeneric [virtual interface]=1.2372;Generic slow engine=4.5055
credit-g,Oblique,8,3,100,36,0.1,2.0,2.0,1000,Exact,800,200,20,0.558,0.755,0.519745,GradientBoostedTreesGeneric [virtual interface],2.9250,2.9250,8.7095,GradientBoostedTreesGeneric [virtual interface]=2.9250;Generic slow engine=8.7095
credit-g,Axis Aligned,3,4,100,92,0.1,2.0,2.0,1000,Exact,800,200,20,0.055,0.735,0.515815,GradientBoostedTreesQuickScorerExtended [virtual interface],0.2137,1.5708,2.1175,GradientBoostedTreesQuickScorerExtended [virtual interface]=0.2137;GradientBoostedTreesOptPred [virtual interface]=0.9840;GradientBoostedTreesGeneric [virtual interface]=1.5708;Generic slow engine=2.1175
credit-g,Axis Aligned,4,4,100,34,0.1,2.0,2.0,1000,Exact,800,200,20,0.056,0.73,0.517595,GradientBoostedTreesQuickScorerExtended [virtual interface],0.1603,0.7153,1.1310,GradientBoostedTreesQuickScorerExtended [virtual interface]=0.1603;GradientBoostedTreesOptPred [virtual interface]=0.4203;GradientBoostedTreesGeneric [virtual interface]=0.7153;Generic slow engine=1.1310
credit-g,Axis Aligned,5,4,100,27,0.1,2.0,2.0,1000,Exact,800,200,20,0.077,0.71,0.53479,GradientBoostedTreesQuickScorerExtended [virtual interface],0.2462,0.7980,1.4293,GradientBoostedTreesQuickScorerExtended [virtual interface]=0.2462;GradientBoostedTreesOptPred [virtual interface]=0.4708;GradientBoostedTreesGeneric [virtual interface]=0.7980;Generic slow engine=1.4293
credit-g,Axis Aligned,6,4,100,18,0.1,2.0,2.0,1000,Exact,800,200,20,0.105,0.72,0.540875,GradientBoostedTreesQuickScorerExtended [virtual interface],0.2570,0.6005,1.3100,GradientBoostedTreesQuickScorerExtended [virtual interface]=0.2570;GradientBoostedTreesOptPred [virtual interface]=0.3078;GradientBoostedTreesGeneric [virtual interface]=0.6005;Generic slow engine=1.3100
credit-g,Axis Aligned,7,4,100,17,0.1,2.0,2.0,1000,Exact,800,200,20,0.158,0.74,0.546251,GradientBoostedTreesQuickScorerExtended [virtual interface],0.3155,0.6415,1.6118,GradientBoostedTreesQuickScorerExtended [virtual interface]=0.3155;GradientBoostedTreesOptPred [virtual interface]=0.4565;GradientBoostedTreesGeneric [virtual interface]=0.6415;Generic slow engine=1.6118
credit-g,Axis Aligned,8,4,100,26,0.1,2.0,2.0,1000,Exact,800,200,20,0.270,0.735,0.56762,GradientBoostedTreesOptPred [virtual interface],1.0170,1.3502,3.4560,GradientBoostedTreesOptPred [virtual interface]=1.0170;GradientBoostedTreesGeneric [virtual interface]=1.3502;Generic slow engine=3.4560
credit-g,Axis Aligned,10,4,100,26,0.1,2.0,2.0,1000,Exact,800,200,20,0.449,0.71,0.598601,GradientBoostedTreesOptPred [virtual interface],1.1793,1.7913,4.5637,GradientBoostedTreesOptPred [virtual interface]=1.1793;GradientBoostedTreesGeneric [virtual interface]=1.7913;Generic slow engine=4.5637
credit-g,Oblique,3,4,100,98,0.1,2.0,2.0,1000,Exact,800,200,20,0.139,0.73,0.5471,GradientBoostedTreesGeneric [virtual interface],1.7580,1.7580,4.5027,GradientBoostedTreesGeneric [virtual interface]=1.7580;Generic slow engine=4.5027
credit-g,Oblique,4,4,100,38,0.1,2.0,2.0,1000,Exact,800,200,20,0.150,0.76,0.51356,GradientBoostedTreesGeneric [virtual interface],0.9553,0.9553,3.0333,GradientBoostedTreesGeneric [virtual interface]=0.9553;Generic slow engine=3.0333
credit-g,Oblique,5,4,100,81,0.1,2.0,2.0,1000,Exact,800,200,20,0.321,0.725,0.55722,GradientBoostedTreesGeneric [virtual interface],3.5122,3.5122,10.1730,GradientBoostedTreesGeneric [virtual interface]=3.5122;Generic slow engine=10.1730
credit-g,Oblique,6,4,100,46,0.1,2.0,2.0,1000,Exact,800,200,20,0.359,0.725,0.554778,GradientBoostedTreesGeneric [virtual interface],2.5953,2.5953,7.6890,GradientBoostedTreesGeneric [virtual interface]=2.5953;Generic slow engine=7.6890
credit-g,Oblique,8,4,100,34,0.1,2.0,2.0,1000,Exact,800,200,20,0.560,0.755,0.518124,GradientBoostedTreesGeneric [virtual interface],2.9420,2.9420,8.5660,GradientBoostedTreesGeneric [virtual interface]=2.9420;Generic slow engine=8.5660
credit-g,Axis Aligned,3,5,100,100,0.1,2.0,2.0,1000,Exact,800,200,20,0.054,0.745,0.540717,GradientBoostedTreesQuickScorerExtended [virtual interface],0.2362,1.7548,2.2778,GradientBoostedTreesQuickScorerExtended [virtual interface]=0.2362;GradientBoostedTreesOptPred [virtual interface]=1.1402;GradientBoostedTreesGeneric [virtual interface]=1.7548;Generic slow engine=2.2778
credit-g,Axis Aligned,4,5,100,77,0.1,2.0,2.0,1000,Exact,800,200,20,0.081,0.76,0.545967,GradientBoostedTreesQuickScorerExtended [virtual interface],0.3175,1.9135,3.0900,GradientBoostedTreesQuickScorerExtended [virtual interface]=0.3175;GradientBoostedTreesOptPred [virtual interface]=1.3135;GradientBoostedTreesGeneric [virtual interface]=1.9135;Generic slow engine=3.0900
credit-g,Axis Aligned,5,5,100,91,0.1,2.0,2.0,1000,Exact,800,200,20,0.126,0.755,0.56335,GradientBoostedTreesQuickScorerExtended [virtual interface],0.5695,3.0185,5.3560,GradientBoostedTreesQuickScorerExtended [virtual interface]=0.5695;GradientBoostedTreesOptPred [virtual interface]=1.9945;GradientBoostedTreesGeneric [virtual interface]=3.0185;Generic slow engine=5.3560
credit-g,Axis Aligned,6,5,100,95,0.1,2.0,2.0,1000,Exact,800,200,20,0.202,0.745,0.603244,GradientBoostedTreesQuickScorerExtended [virtual interface],0.8542,4.1058,7.9168,GradientBoostedTreesQuickScorerExtended [virtual interface]=0.8542;GradientBoostedTreesOptPred [virtual interface]=2.6175;GradientBoostedTreesGeneric [virtual interface]=4.1058;Generic slow engine=7.9168
credit-g,Axis Aligned,7,5,100,67,0.1,2.0,2.0,1000,Exact,800,200,20,0.300,0.715,0.609201,GradientBoostedTreesQuickScorerExtended [virtual interface],0.8450,3.2805,7.2340,GradientBoostedTreesQuickScorerExtended [virtual interface]=0.8450;GradientBoostedTreesOptPred [virtual interface]=2.4228;GradientBoostedTreesGeneric [virtual interface]=3.2805;Generic slow engine=7.2340
credit-g,Axis Aligned,8,5,100,47,0.1,2.0,2.0,1000,Exact,800,200,20,0.347,0.725,0.599378,GradientBoostedTreesOptPred [virtual interface],1.9103,2.6300,6.2765,GradientBoostedTreesOptPred [virtual interface]=1.9103;GradientBoostedTreesGeneric [virtual interface]=2.6300;Generic slow engine=6.2765
credit-g,Axis Aligned,10,5,100,44,0.1,2.0,2.0,1000,Exact,800,200,20,0.544,0.745,0.643882,GradientBoostedTreesOptPred [virtual interface],2.1710,3.2083,8.0485,GradientBoostedTreesOptPred [virtual interface]=2.1710;GradientBoostedTreesGeneric [virtual interface]=3.2083;Generic slow engine=8.0485
credit-g,Oblique,3,5,100,86,0.1,2.0,2.0,1000,Exact,800,200,20,0.137,0.77,0.517455,GradientBoostedTreesGeneric [virtual interface],1.4587,1.4587,3.9832,GradientBoostedTreesGeneric [virtual interface]=1.4587;Generic slow engine=3.9832
credit-g,Oblique,4,5,100,52,0.1,2.0,2.0,1000,Exact,800,200,20,0.175,0.74,0.529712,GradientBoostedTreesGeneric [virtual interface],1.3077,1.3077,4.1645,GradientBoostedTreesGeneric [virtual interface]=1.3077;Generic slow engine=4.1645
credit-g,Oblique,5,5,100,47,0.1,2.0,2.0,1000,Exact,800,200,20,0.243,0.745,0.547258,GradientBoostedTreesGeneric [virtual interface],1.6903,1.6903,5.9043,GradientBoostedTreesGeneric [virtual interface]=1.6903;Generic slow engine=5.9043
credit-g,Oblique,6,5,100,19,0.1,2.0,2.0,1000,Exact,800,200,20,0.236,0.74,0.534832,GradientBoostedTreesGeneric [virtual interface],0.7837,0.7837,2.9115,GradientBoostedTreesGeneric [virtual interface]=0.7837;Generic slow engine=2.9115
credit-g,Oblique,8,5,100,28,0.1,2.0,2.0,1000,Exact,800,200,20,0.542,0.77,0.533501,GradientBoostedTreesGeneric [virtual interface],2.1180,2.1180,6.8755,GradientBoostedTreesGeneric [virtual interface]=2.1180;Generic slow engine=6.8755
credit-g,Axis Aligned,3,6,100,90,0.1,2.0,2.0,1000,Exact,800,200,20,0.055,0.765,0.463831,GradientBoostedTreesQuickScorerExtended [virtual interface],0.2110,1.5183,2.1597,GradientBoostedTreesQuickScorerExtended [virtual interface]=0.2110;GradientBoostedTreesOptPred [virtual interface]=0.9495;GradientBoostedTreesGeneric [virtual interface]=1.5183;Generic slow engine=2.1597
credit-g,Axis Aligned,4,6,100,54,0.1,2.0,2.0,1000,Exact,800,200,20,0.071,0.79,0.467226,GradientBoostedTreesQuickScorerExtended [virtual interface],0.2300,1.2020,2.0595,GradientBoostedTreesQuickScorerExtended [virtual interface]=0.2300;GradientBoostedTreesOptPred [virtual interface]=0.7602;GradientBoostedTreesGeneric [virtual interface]=1.2020;Generic slow engine=2.0595
credit-g,Axis Aligned,5,6,100,48,0.1,2.0,2.0,1000,Exact,800,200,20,0.105,0.775,0.48449,GradientBoostedTreesQuickScorerExtended [virtual interface],0.3405,1.4960,2.7945,GradientBoostedTreesQuickScorerExtended [virtual interface]=0.3405;GradientBoostedTreesOptPred [virtual interface]=0.9503;GradientBoostedTreesGeneric [virtual interface]=1.4960;Generic slow engine=2.7945
credit-g,Axis Aligned,6,6,100,26,0.1,2.0,2.0,1000,Exact,800,200,20,0.117,0.79,0.475499,GradientBoostedTreesQuickScorerExtended [virtual interface],0.3103,0.9077,2.0137,GradientBoostedTreesQuickScorerExtended [virtual interface]=0.3103;GradientBoostedTreesOptPred [virtual interface]=0.5377;GradientBoostedTreesGeneric [virtual interface]=0.9077;Generic slow engine=2.0137
credit-g,Axis Aligned,7,6,100,14,0.1,2.0,2.0,1000,Exact,800,200,20,0.148,0.785,0.494235,GradientBoostedTreesQuickScorerExtended [virtual interface],0.2530,0.4943,1.3473,GradientBoostedTreesQuickScorerExtended [virtual interface]=0.2530;GradientBoostedTreesOptPred [virtual interface]=0.2930;GradientBoostedTreesGeneric [virtual interface]=0.4943;Generic slow engine=1.3473
credit-g,Axis Aligned,8,6,100,11,0.1,2.0,2.0,1000,Exact,800,200,20,0.200,0.76,0.503134,GradientBoostedTreesOptPred [virtual interface],0.2072,0.4022,1.2305,GradientBoostedTreesOptPred [virtual interface]=0.2072;GradientBoostedTreesQuickScorerExtended [virtual interface]=0.2570;GradientBoostedTreesGeneric [virtual interface]=0.4022;Generic slow engine=1.2305
credit-g,Axis Aligned,10,6,100,11,0.1,2.0,2.0,1000,Exact,800,200,20,0.327,0.75,0.513735,GradientBoostedTreesOptPred [virtual interface],0.2913,0.5517,1.6970,GradientBoostedTreesOptPred [virtual interface]=0.2913;GradientBoostedTreesGeneric [virtual interface]=0.5517;Generic slow engine=1.6970
credit-g,Oblique,3,6,100,59,0.1,2.0,2.0,1000,Exact,800,200,20,0.167,0.76,0.452784,GradientBoostedTreesGeneric [virtual interface],0.9373,0.9373,2.7437,GradientBoostedTreesGeneric [virtual interface]=0.9373;Generic slow engine=2.7437
credit-g,Oblique,4,6,100,31,0.1,2.0,2.0,1000,Exact,800,200,20,0.176,0.79,0.465373,GradientBoostedTreesGeneric [virtual interface],0.7228,0.7228,2.3828,GradientBoostedTreesGeneric [virtual interface]=0.7228;Generic slow engine=2.3828
credit-g,Oblique,5,6,100,12,0.1,2.0,2.0,1000,Exact,800,200,20,0.174,0.775,0.476837,GradientBoostedTreesGeneric [virtual interface],0.3103,0.3103,1.2000,GradientBoostedTreesGeneric [virtual interface]=0.3103;Generic slow engine=1.2000
credit-g,Oblique,6,6,100,18,0.1,2.0,2.0,1000,Exact,800,200,20,0.266,0.785,0.470655,GradientBoostedTreesGeneric [virtual interface],0.6960,0.6960,2.7255,GradientBoostedTreesGeneric [virtual interface]=0.6960;Generic slow engine=2.7255
credit-g,Oblique,8,6,100,14,0.1,2.0,2.0,1000,Exact,800,200,20,0.451,0.755,0.494853,GradientBoostedTreesGeneric [virtual interface],0.8347,0.8347,3.2862,GradientBoostedTreesGeneric [virtual interface]=0.8347;Generic slow engine=3.2862
credit-g,Axis Aligned,3,7,100,72,0.1,2.0,2.0,1000,Exact,800,200,20,0.054,0.72,0.555445,GradientBoostedTreesQuickScorerExtended [virtual interface],0.1665,1.1910,1.6358,GradientBoostedTreesQuickScorerExtended [virtual interface]=0.1665;GradientBoostedTreesOptPred [virtual interface]=0.7137;GradientBoostedTreesGeneric [virtual interface]=1.1910;Generic slow engine=1.6358
credit-g,Axis Aligned,4,7,100,54,0.1,2.0,2.0,1000,Exact,800,200,20,0.070,0.725,0.541433,GradientBoostedTreesQuickScorerExtended [virtual interface],0.2263,1.1775,2.0995,GradientBoostedTreesQuickScorerExtended [virtual interface]=0.2263;GradientBoostedTreesOptPred [virtual interface]=0.7650;GradientBoostedTreesGeneric [virtual interface]=1.1775;Generic slow engine=2.0995
credit-g,Axis Aligned,5,7,100,46,0.1,2.0,2.0,1000,Exact,800,200,20,0.100,0.755,0.534031,GradientBoostedTreesQuickScorerExtended [virtual interface],0.3048,1.3533,2.6760,GradientBoostedTreesQuickScorerExtended [virtual interface]=0.3048;GradientBoostedTreesOptPred [virtual interface]=0.8277;GradientBoostedTreesGeneric [virtual interface]=1.3533;Generic slow engine=2.6760
credit-g,Axis Aligned,6,7,100,40,0.1,2.0,2.0,1000,Exact,800,200,20,0.142,0.755,0.558826,GradientBoostedTreesQuickScorerExtended [virtual interface],0.4173,1.5508,3.3270,GradientBoostedTreesQuickScorerExtended [virtual interface]=0.4173;GradientBoostedTreesOptPred [virtual interface]=1.0070;GradientBoostedTreesGeneric [virtual interface]=1.5508;Generic slow engine=3.3270
credit-g,Axis Aligned,7,7,100,23,0.1,2.0,2.0,1000,Exact,800,200,20,0.166,0.7,0.579297,GradientBoostedTreesQuickScorerExtended [virtual interface],0.3757,0.9117,2.3480,GradientBoostedTreesQuickScorerExtended [virtual interface]=0.3757;GradientBoostedTreesOptPred [virtual interface]=0.6318;GradientBoostedTreesGeneric [virtual interface]=0.9117;Generic slow engine=2.3480
credit-g,Axis Aligned,8,7,100,34,0.1,2.0,2.0,1000,Exact,800,200,20,0.274,0.7,0.596238,GradientBoostedTreesQuickScorerExtended [virtual interface],0.5855,1.8248,4.5118,GradientBoostedTreesQuickScorerExtended [virtual interface]=0.5855;GradientBoostedTreesOptPred [virtual interface]=1.2668;GradientBoostedTreesGeneric [virtual interface]=1.8248;Generic slow engine=4.5118
credit-g,Axis Aligned,10,7,100,17,0.1,2.0,2.0,1000,Exact,800,200,20,0.332,0.695,0.603824,GradientBoostedTreesOptPred [virtual interface],0.6613,0.9965,2.8720,GradientBoostedTreesOptPred [virtual interface]=0.6613;GradientBoostedTreesGeneric [virtual interface]=0.9965;Generic slow engine=2.8720
credit-g,Oblique,3,7,100,67,0.1,2.0,2.0,1000,Exact,800,200,20,0.134,0.73,0.547021,GradientBoostedTreesGeneric [virtual interface],1.0917,1.0917,2.9950,GradientBoostedTreesGeneric [virtual interface]=1.0917;Generic slow engine=2.9950
credit-g,Oblique,4,7,100,56,0.1,2.0,2.0,1000,Exact,800,200,20,0.186,0.745,0.541091,GradientBoostedTreesGeneric [virtual interface],1.3660,1.3660,4.6480,GradientBoostedTreesGeneric [virtual interface]=1.3660;Generic slow engine=4.6480
credit-g,Oblique,5,7,100,23,0.1,2.0,2.0,1000,Exact,800,200,20,0.169,0.74,0.559631,GradientBoostedTreesGeneric [virtual interface],0.7268,0.7268,2.5425,GradientBoostedTreesGeneric [virtual interface]=0.7268;Generic slow engine=2.5425
credit-g,Oblique,6,7,100,38,0.1,2.0,2.0,1000,Exact,800,200,20,0.316,0.735,0.564797,GradientBoostedTreesGeneric [virtual interface],1.8465,1.8465,6.3935,GradientBoostedTreesGeneric [virtual interface]=1.8465;Generic slow engine=6.3935
credit-g,Oblique,8,7,100,17,0.1,2.0,2.0,1000,Exact,800,200,20,0.419,0.72,0.590107,GradientBoostedTreesGeneric [virtual interface],1.0688,1.0688,3.9325,GradientBoostedTreesGeneric [virtual interface]=1.0688;Generic slow engine=3.9325
credit-g,Axis Aligned,3,8,100,98,0.1,2.0,2.0,1000,Exact,800,200,20,0.055,0.725,0.496968,GradientBoostedTreesQuickScorerExtended [virtual interface],0.2263,1.6963,2.2660,GradientBoostedTreesQuickScorerExtended [virtual interface]=0.2263;GradientBoostedTreesOptPred [virtual interface]=1.0717;GradientBoostedTreesGeneric [virtual interface]=1.6963;Generic slow engine=2.2660
credit-g,Axis Aligned,4,8,100,69,0.1,2.0,2.0,1000,Exact,800,200,20,0.081,0.74,0.498221,GradientBoostedTreesQuickScorerExtended [virtual interface],0.3038,1.6070,2.8170,GradientBoostedTreesQuickScorerExtended [virtual interface]=0.3038;GradientBoostedTreesOptPred [virtual interface]=1.0463;GradientBoostedTreesGeneric [virtual interface]=1.6070;Generic slow engine=2.8170
credit-g,Axis Aligned,5,8,100,59,0.1,2.0,2.0,1000,Exact,800,200,20,0.113,0.73,0.502474,GradientBoostedTreesQuickScorerExtended [virtual interface],0.4295,1.8390,3.4350,GradientBoostedTreesQuickScorerExtended [virtual interface]=0.4295;GradientBoostedTreesOptPred [virtual interface]=1.1673;GradientBoostedTreesGeneric [virtual interface]=1.8390;Generic slow engine=3.4350
credit-g,Axis Aligned,6,8,100,27,0.1,2.0,2.0,1000,Exact,800,200,20,0.116,0.74,0.510412,GradientBoostedTreesQuickScorerExtended [virtual interface],0.3362,0.9223,2.0470,GradientBoostedTreesQuickScorerExtended [virtual interface]=0.3362;GradientBoostedTreesOptPred [virtual interface]=0.5555;GradientBoostedTreesGeneric [virtual interface]=0.9223;Generic slow engine=2.0470
credit-g,Axis Aligned,7,8,100,40,0.1,2.0,2.0,1000,Exact,800,200,20,0.212,0.72,0.535321,GradientBoostedTreesQuickScorerExtended [virtual interface],0.5625,1.7690,4.2840,GradientBoostedTreesQuickScorerExtended [virtual interface]=0.5625;GradientBoostedTreesOptPred [virtual interface]=1.2770;GradientBoostedTreesGeneric [virtual interface]=1.7690;Generic slow engine=4.2840
credit-g,Axis Aligned,8,8,100,11,0.1,2.0,2.0,1000,Exact,800,200,20,0.186,0.735,0.534461,GradientBoostedTreesOptPred [virtual interface],0.1950,0.3910,1.1422,GradientBoostedTreesOptPred [virtual interface]=0.1950;GradientBoostedTreesQuickScorerExtended [virtual interface]=0.2650;GradientBoostedTreesGeneric [virtual interface]=0.3910;Generic slow engine=1.1422
credit-g,Axis Aligned,10,8,100,11,0.1,2.0,2.0,1000,Exact,800,200,20,0.299,0.725,0.540608,GradientBoostedTreesOptPred [virtual interface],0.2575,0.5340,1.6435,GradientBoostedTreesOptPred [virtual interface]=0.2575;GradientBoostedTreesGeneric [virtual interface]=0.5340;Generic slow engine=1.6435
credit-g,Oblique,3,8,100,68,0.1,2.0,2.0,1000,Exact,800,200,20,0.135,0.75,0.503098,GradientBoostedTreesGeneric [virtual interface],1.1358,1.1358,3.1065,GradientBoostedTreesGeneric [virtual interface]=1.1358;Generic slow engine=3.1065
credit-g,Oblique,4,8,100,50,0.1,2.0,2.0,1000,Exact,800,200,20,0.173,0.745,0.499348,GradientBoostedTreesGeneric [virtual interface],1.2853,1.2853,4.0845,GradientBoostedTreesGeneric [virtual interface]=1.2853;Generic slow engine=4.0845
credit-g,Oblique,5,8,100,24,0.1,2.0,2.0,1000,Exact,800,200,20,0.180,0.765,0.494221,GradientBoostedTreesGeneric [virtual interface],0.7608,0.7608,2.7868,GradientBoostedTreesGeneric [virtual interface]=0.7608;Generic slow engine=2.7868
credit-g,Oblique,6,8,100,42,0.1,2.0,2.0,1000,Exact,800,200,20,0.330,0.715,0.526445,GradientBoostedTreesGeneric [virtual interface],2.0770,2.0770,6.9210,GradientBoostedTreesGeneric [virtual interface]=2.0770;Generic slow engine=6.9210
credit-g,Oblique,8,8,100,15,0.1,2.0,2.0,1000,Exact,800,200,20,0.403,0.74,0.513112,GradientBoostedTreesGeneric [virtual interface],0.8782,0.8782,3.4490,GradientBoostedTreesGeneric [virtual interface]=0.8782;Generic slow engine=3.4490
credit-g,Axis Aligned,3,9,100,69,0.1,2.0,2.0,1000,Exact,800,200,20,0.054,0.78,0.498465,GradientBoostedTreesQuickScorerExtended [virtual interface],0.1575,1.1133,1.5613,GradientBoostedTreesQuickScorerExtended [virtual interface]=0.1575;GradientBoostedTreesOptPred [virtual interface]=0.6510;GradientBoostedTreesGeneric [virtual interface]=1.1133;Generic slow engine=1.5613
credit-g,Axis Aligned,4,9,100,37,0.1,2.0,2.0,1000,Exact,800,200,20,0.057,0.775,0.512734,GradientBoostedTreesQuickScorerExtended [virtual interface],0.1722,0.6935,1.2855,GradientBoostedTreesQuickScorerExtended [virtual interface]=0.1722;GradientBoostedTreesOptPred [virtual interface]=0.3887;GradientBoostedTreesGeneric [virtual interface]=0.6935;Generic slow engine=1.2855
credit-g,Axis Aligned,5,9,100,41,0.1,2.0,2.0,1000,Exact,800,200,20,0.092,0.78,0.500228,GradientBoostedTreesQuickScorerExtended [virtual interface],0.2993,1.1405,2.3280,GradientBoostedTreesQuickScorerExtended [virtual interface]=0.2993;GradientBoostedTreesOptPred [virtual interface]=0.6847;GradientBoostedTreesGeneric [virtual interface]=1.1405;Generic slow engine=2.3280
credit-g,Axis Aligned,6,9,100,12,0.1,2.0,2.0,1000,Exact,800,200,20,0.090,0.755,0.527333,GradientBoostedTreesOptPred [virtual interface],0.0953,0.3187,0.7700,GradientBoostedTreesOptPred [virtual interface]=0.0953;GradientBoostedTreesQuickScorerExtended [virtual interface]=0.1683;GradientBoostedTreesGeneric [virtual interface]=0.3187;Generic slow engine=0.7700
credit-g,Axis Aligned,7,9,100,15,0.1,2.0,2.0,1000,Exact,800,200,20,0.141,0.775,0.516288,GradientBoostedTreesOptPred [virtual interface],0.2782,0.4995,1.3440,GradientBoostedTreesOptPred [virtual interface]=0.2782;GradientBoostedTreesQuickScorerExtended [virtual interface]=0.2888;GradientBoostedTreesGeneric [virtual interface]=0.4995;Generic slow engine=1.3440
credit-g,Axis Aligned,8,9,100,19,0.1,2.0,2.0,1000,Exact,800,200,20,0.216,0.775,0.515745,GradientBoostedTreesQuickScorerExtended [virtual interface],0.3790,0.8868,2.3218,GradientBoostedTreesQuickScorerExtended [virtual interface]=0.3790;GradientBoostedTreesOptPred [virtual interface]=0.5565;GradientBoostedTreesGeneric [virtual interface]=0.8868;Generic slow engine=2.3218
credit-g,Axis Aligned,10,9,100,12,0.1,2.0,2.0,1000,Exact,800,200,20,0.308,0.75,0.524125,GradientBoostedTreesOptPred [virtual interface],0.3715,0.6108,1.7995,GradientBoostedTreesOptPred [virtual interface]=0.3715;GradientBoostedTreesGeneric [virtual interface]=0.6108;Generic slow engine=1.7995
credit-g,Oblique,3,9,100,44,0.1,2.0,2.0,1000,Exact,800,200,20,0.145,0.785,0.493995,GradientBoostedTreesGeneric [virtual interface],0.6740,0.6740,1.8705,GradientBoostedTreesGeneric [virtual interface]=0.6740;Generic slow engine=1.8705
credit-g,Oblique,4,9,100,50,0.1,2.0,2.0,1000,Exact,800,200,20,0.236,0.785,0.486457,GradientBoostedTreesGeneric [virtual interface],1.2385,1.2385,4.1113,GradientBoostedTreesGeneric [virtual interface]=1.2385;Generic slow engine=4.1113
credit-g,Oblique,5,9,100,19,0.1,2.0,2.0,1000,Exact,800,200,20,0.207,0.76,0.501468,GradientBoostedTreesGeneric [virtual interface],0.5690,0.5690,1.9975,GradientBoostedTreesGeneric [virtual interface]=0.5690;Generic slow engine=1.9975
credit-g,Oblique,6,9,100,30,0.1,2.0,2.0,1000,Exact,800,200,20,0.352,0.785,0.482272,GradientBoostedTreesGeneric [virtual interface],1.3397,1.3397,4.9318,GradientBoostedTreesGeneric [virtual interface]=1.3397;Generic slow engine=4.9318
credit-g,Oblique,8,9,100,15,0.1,2.0,2.0,1000,Exact,800,200,20,0.474,0.78,0.501096,GradientBoostedTreesGeneric [virtual interface],0.8632,0.8632,3.4560,GradientBoostedTreesGeneric [virtual interface]=0.8632;Generic slow engine=3.4560
qsar-biodeg,Axis Aligned,3,0,100,100,0.1,2.0,2.0,1000,Exact,844,211,41,0.072,0.810427,0.396917,GradientBoostedTreesQuickScorerExtended [virtual interface],0.2515,1.5715,2.3825,GradientBoostedTreesQuickScorerExtended [virtual interface]=0.2515;GradientBoostedTreesGeneric [virtual interface]=1.5715;Generic slow engine=2.3825
qsar-biodeg,Axis Aligned,4,0,100,93,0.1,2.0,2.0,1000,Exact,844,211,41,0.124,0.805687,0.398911,GradientBoostedTreesQuickScorerExtended [virtual interface],0.4487,2.0940,3.7982,GradientBoostedTreesQuickScorerExtended [virtual interface]=0.4487;GradientBoostedTreesGeneric [virtual interface]=2.0940;Generic slow engine=3.7982
qsar-biodeg,Axis Aligned,5,0,100,77,0.1,2.0,2.0,1000,Exact,844,211,41,0.196,0.819905,0.40197,GradientBoostedTreesQuickScorerExtended [virtual interface],0.6220,2.2820,4.5385,GradientBoostedTreesQuickScorerExtended [virtual interface]=0.6220;GradientBoostedTreesGeneric [virtual interface]=2.2820;Generic slow engine=4.5385
qsar-biodeg,Axis Aligned,6,0,100,62,0.1,2.0,2.0,1000,Exact,844,211,41,0.286,0.819905,0.406618,GradientBoostedTreesQuickScorerExtended [virtual interface],0.7987,2.3980,5.2287,GradientBoostedTreesQuickScorerExtended [virtual interface]=0.7987;GradientBoostedTreesGeneric [virtual interface]=2.3980;Generic slow engine=5.2287
qsar-biodeg,Axis Aligned,7,0,100,33,0.1,2.0,2.0,1000,Exact,844,211,41,0.315,0.824645,0.402261,GradientBoostedTreesQuickScorerExtended [virtual interface],0.6558,1.3053,3.4983,GradientBoostedTreesQuickScorerExtended [virtual interface]=0.6558;GradientBoostedTreesGeneric [virtual interface]=1.3053;Generic slow engine=3.4983
qsar-biodeg,Axis Aligned,8,0,100,45,0.1,2.0,2.0,1000,Exact,844,211,41,0.516,0.805687,0.444066,GradientBoostedTreesQuickScorerExtended [virtual interface],1.0360,2.2130,5.9527,GradientBoostedTreesQuickScorerExtended [virtual interface]=1.0360;GradientBoostedTreesGeneric [virtual interface]=2.2130;Generic slow engine=5.9527
qsar-biodeg,Axis Aligned,10,0,100,32,0.1,2.0,2.0,1000,Exact,844,211,41,0.724,0.805687,0.46007,GradientBoostedTreesGeneric [virtual interface],1.8848,1.8848,5.6963,GradientBoostedTreesGeneric [virtual interface]=1.8848;Generic slow engine=5.6963
qsar-biodeg,Oblique,3,0,100,92,0.1,2.0,2.0,1000,Exact,844,211,41,0.315,0.843602,0.363499,GradientBoostedTreesGeneric [virtual interface],1.7328,1.7328,4.3225,GradientBoostedTreesGeneric [virtual interface]=1.7328;Generic slow engine=4.3225
qsar-biodeg,Oblique,4,0,100,73,0.1,2.0,2.0,1000,Exact,844,211,41,0.492,0.848341,0.374509,GradientBoostedTreesGeneric [virtual interface],2.1122,2.1122,6.2743,GradientBoostedTreesGeneric [virtual interface]=2.1122;Generic slow engine=6.2743
qsar-biodeg,Oblique,5,0,100,36,0.1,2.0,2.0,1000,Exact,844,211,41,0.485,0.834123,0.35778,GradientBoostedTreesGeneric [virtual interface],1.3023,1.3023,4.5725,GradientBoostedTreesGeneric [virtual interface]=1.3023;Generic slow engine=4.5725
qsar-biodeg,Oblique,6,0,100,31,0.1,2.0,2.0,1000,Exact,844,211,41,0.646,0.834123,0.371556,GradientBoostedTreesGeneric [virtual interface],1.3740,1.3740,5.1700,GradientBoostedTreesGeneric [virtual interface]=1.3740;Generic slow engine=5.1700
qsar-biodeg,Oblique,8,0,100,32,0.1,2.0,2.0,1000,Exact,844,211,41,1.076,0.838863,0.377714,GradientBoostedTreesGeneric [virtual interface],2.4057,2.4057,7.7405,GradientBoostedTreesGeneric [virtual interface]=2.4057;Generic slow engine=7.7405
qsar-biodeg,Axis Aligned,3,1,100,85,0.1,2.0,2.0,1000,Exact,844,211,41,0.072,0.876777,0.30257,GradientBoostedTreesQuickScorerExtended [virtual interface],0.2343,1.3122,1.9918,GradientBoostedTreesQuickScorerExtended [virtual interface]=0.2343;GradientBoostedTreesGeneric [virtual interface]=1.3122;Generic slow engine=1.9918
qsar-biodeg,Axis Aligned,4,1,100,53,0.1,2.0,2.0,1000,Exact,844,211,41,0.101,0.881517,0.282418,GradientBoostedTreesQuickScorerExtended [virtual interface],0.3175,1.0463,2.0518,GradientBoostedTreesQuickScorerExtended [virtual interface]=0.3175;GradientBoostedTreesGeneric [virtual interface]=1.0463;Generic slow engine=2.0518
qsar-biodeg,Axis Aligned,5,1,100,35,0.1,2.0,2.0,1000,Exact,844,211,41,0.132,0.876777,0.285741,GradientBoostedTreesQuickScorerExtended [virtual interface],0.3832,0.8785,1.9235,GradientBoostedTreesQuickScorerExtended [virtual interface]=0.3832;GradientBoostedTreesGeneric [virtual interface]=0.8785;Generic slow engine=1.9235
qsar-biodeg,Axis Aligned,6,1,100,50,0.1,2.0,2.0,1000,Exact,844,211,41,0.254,0.886256,0.272694,GradientBoostedTreesQuickScorerExtended [virtual interface],0.6800,1.8113,4.2823,GradientBoostedTreesQuickScorerExtended [virtual interface]=0.6800;GradientBoostedTreesGeneric [virtual interface]=1.8113;Generic slow engine=4.2823
qsar-biodeg,Axis Aligned,7,1,100,34,0.1,2.0,2.0,1000,Exact,844,211,41,0.322,0.895735,0.28856,GradientBoostedTreesQuickScorerExtended [virtual interface],0.6650,1.3240,3.6877,GradientBoostedTreesQuickScorerExtended [virtual interface]=0.6650;GradientBoostedTreesGeneric [virtual interface]=1.3240;Generic slow engine=3.6877
qsar-biodeg,Axis Aligned,8,1,100,32,0.1,2.0,2.0,1000,Exact,844,211,41,0.454,0.890995,0.279358,GradientBoostedTreesQuickScorerExtended [virtual interface],0.8920,1.5077,4.1815,GradientBoostedTreesQuickScorerExtended [virtual interface]=0.8920;GradientBoostedTreesGeneric [virtual interface]=1.5077;Generic slow engine=4.1815
qsar-biodeg,Axis Aligned,10,1,100,28,0.1,2.0,2.0,1000,Exact,844,211,41,0.647,0.905213,0.275626,GradientBoostedTreesGeneric [virtual interface],1.6365,1.6365,5.0180,GradientBoostedTreesGeneric [virtual interface]=1.6365;Generic slow engine=5.0180
qsar-biodeg,Oblique,3,1,100,46,0.1,2.0,2.0,1000,Exact,844,211,41,0.226,0.895735,0.274426,GradientBoostedTreesGeneric [virtual interface],0.7580,0.7580,2.1360,GradientBoostedTreesGeneric [virtual interface]=0.7580;Generic slow engine=2.1360
qsar-biodeg,Oblique,4,1,100,55,0.1,2.0,2.0,1000,Exact,844,211,41,0.398,0.890995,0.269878,GradientBoostedTreesGeneric [virtual interface],1.5375,1.5375,4.7328,GradientBoostedTreesGeneric [virtual interface]=1.5375;Generic slow engine=4.7328
qsar-biodeg,Oblique,5,1,100,42,0.1,2.0,2.0,1000,Exact,844,211,41,0.495,0.905213,0.258133,GradientBoostedTreesGeneric [virtual interface],1.5555,1.5555,5.3640,GradientBoostedTreesGeneric [virtual interface]=1.5555;Generic slow engine=5.3640
qsar-biodeg,Oblique,6,1,100,27,0.1,2.0,2.0,1000,Exact,844,211,41,0.575,0.905213,0.275459,GradientBoostedTreesGeneric [virtual interface],1.1800,1.1800,4.3833,GradientBoostedTreesGeneric [virtual interface]=1.1800;Generic slow engine=4.3833
qsar-biodeg,Oblique,8,1,100,27,0.1,2.0,2.0,1000,Exact,844,211,41,1.013,0.881517,0.303302,GradientBoostedTreesGeneric [virtual interface],1.8628,1.8628,6.4360,GradientBoostedTreesGeneric [virtual interface]=1.8628;Generic slow engine=6.4360
qsar-biodeg,Axis Aligned,3,2,100,100,0.1,2.0,2.0,1000,Exact,844,211,41,0.075,0.85782,0.31883,GradientBoostedTreesQuickScorerExtended [virtual interface],0.2742,1.6075,2.3748,GradientBoostedTreesQuickScorerExtended [virtual interface]=0.2742;GradientBoostedTreesGeneric [virtual interface]=1.6075;Generic slow engine=2.3748
qsar-biodeg,Axis Aligned,4,2,100,98,0.1,2.0,2.0,1000,Exact,844,211,41,0.121,0.853081,0.320854,GradientBoostedTreesQuickScorerExtended [virtual interface],0.6573,2.2845,3.9880,GradientBoostedTreesQuickScorerExtended [virtual interface]=0.6573;GradientBoostedTreesGeneric [virtual interface]=2.2845;Generic slow engine=3.9880
qsar-biodeg,Axis Aligned,5,2,100,92,0.1,2.0,2.0,1000,Exact,844,211,41,0.199,0.872038,0.311615,GradientBoostedTreesQuickScorerExtended [virtual interface],0.7220,2.8508,5.4547,GradientBoostedTreesQuickScorerExtended [virtual interface]=0.7220;GradientBoostedTreesGeneric [virtual interface]=2.8508;Generic slow engine=5.4547
qsar-biodeg,Axis Aligned,6,2,100,60,0.1,2.0,2.0,1000,Exact,844,211,41,0.291,0.862559,0.309391,GradientBoostedTreesQuickScorerExtended [virtual interface],0.7705,2.3130,5.1635,GradientBoostedTreesQuickScorerExtended [virtual interface]=0.7705;GradientBoostedTreesGeneric [virtual interface]=2.3130;Generic slow engine=5.1635
qsar-biodeg,Axis Aligned,7,2,100,57,0.1,2.0,2.0,1000,Exact,844,211,41,0.429,0.886256,0.299327,GradientBoostedTreesQuickScorerExtended [virtual interface],0.9998,2.6892,6.1718,GradientBoostedTreesQuickScorerExtended [virtual interface]=0.9998;GradientBoostedTreesGeneric [virtual interface]=2.6892;Generic slow engine=6.1718
qsar-biodeg,Axis Aligned,8,2,100,45,0.1,2.0,2.0,1000,Exact,844,211,41,0.587,0.862559,0.314294,GradientBoostedTreesQuickScorerExtended [virtual interface],1.1055,2.3333,6.0695,GradientBoostedTreesQuickScorerExtended [virtual interface]=1.1055;GradientBoostedTreesGeneric [virtual interface]=2.3333;Generic slow engine=6.0695
qsar-biodeg,Axis Aligned,10,2,100,33,0.1,2.0,2.0,1000,Exact,844,211,41,0.862,0.862559,0.315748,GradientBoostedTreesGeneric [virtual interface],2.0998,2.0998,6.0250,GradientBoostedTreesGeneric [virtual interface]=2.0998;Generic slow engine=6.0250
qsar-biodeg,Oblique,3,2,100,100,0.1,2.0,2.0,1000,Exact,844,211,41,0.292,0.881517,0.274595,GradientBoostedTreesGeneric [virtual interface],1.8755,1.8755,4.7475,GradientBoostedTreesGeneric [virtual interface]=1.8755;Generic slow engine=4.7475
qsar-biodeg,Oblique,4,2,100,80,0.1,2.0,2.0,1000,Exact,844,211,41,0.478,0.881517,0.271769,GradientBoostedTreesGeneric [virtual interface],2.4468,2.4468,6.8723,GradientBoostedTreesGeneric [virtual interface]=2.4468;Generic slow engine=6.8723
qsar-biodeg,Oblique,5,2,100,52,0.1,2.0,2.0,1000,Exact,844,211,41,0.575,0.867299,0.296717,GradientBoostedTreesGeneric [virtual interface],2.1315,2.1315,6.5353,GradientBoostedTreesGeneric [virtual interface]=2.1315;Generic slow engine=6.5353
qsar-biodeg,Oblique,6,2,100,49,0.1,2.0,2.0,1000,Exact,844,211,41,0.785,0.867299,0.298345,GradientBoostedTreesGeneric [virtual interface],2.7292,2.7292,8.3995,GradientBoostedTreesGeneric [virtual interface]=2.7292;Generic slow engine=8.3995
qsar-biodeg,Oblique,8,2,100,34,0.1,2.0,2.0,1000,Exact,844,211,41,1.167,0.890995,0.279525,GradientBoostedTreesGeneric [virtual interface],2.7422,2.7422,8.3195,GradientBoostedTreesGeneric [virtual interface]=2.7422;Generic slow engine=8.3195
qsar-biodeg,Axis Aligned,3,3,100,98,0.1,2.0,2.0,1000,Exact,844,211,41,0.073,0.853081,0.363548,GradientBoostedTreesQuickScorerExtended [virtual interface],0.2850,1.5577,2.3510,GradientBoostedTreesQuickScorerExtended [virtual interface]=0.2850;GradientBoostedTreesGeneric [virtual interface]=1.5577;Generic slow engine=2.3510
qsar-biodeg,Axis Aligned,4,3,100,80,0.1,2.0,2.0,1000,Exact,844,211,41,0.120,0.805687,0.371,GradientBoostedTreesQuickScorerExtended [virtual interface],0.3852,1.7420,3.3195,GradientBoostedTreesQuickScorerExtended [virtual interface]=0.3852;GradientBoostedTreesGeneric [virtual interface]=1.7420;Generic slow engine=3.3195
qsar-biodeg,Axis Aligned,5,3,100,50,0.1,2.0,2.0,1000,Exact,844,211,41,0.157,0.848341,0.365462,GradientBoostedTreesQuickScorerExtended [virtual interface],0.4320,1.3662,2.9108,GradientBoostedTreesQuickScorerExtended [virtual interface]=0.4320;GradientBoostedTreesGeneric [virtual interface]=1.3662;Generic slow engine=2.9108
qsar-biodeg,Axis Aligned,6,3,100,38,0.1,2.0,2.0,1000,Exact,844,211,41,0.206,0.867299,0.356075,GradientBoostedTreesQuickScorerExtended [virtual interface],0.5395,1.3110,3.1208,GradientBoostedTreesQuickScorerExtended [virtual interface]=0.5395;GradientBoostedTreesGeneric [virtual interface]=1.3110;Generic slow engine=3.1208
qsar-biodeg,Axis Aligned,7,3,100,32,0.1,2.0,2.0,1000,Exact,844,211,41,0.305,0.872038,0.362085,GradientBoostedTreesQuickScorerExtended [virtual interface],0.6657,1.2210,3.4218,GradientBoostedTreesQuickScorerExtended [virtual interface]=0.6657;GradientBoostedTreesGeneric [virtual interface]=1.2210;Generic slow engine=3.4218
qsar-biodeg,Axis Aligned,8,3,100,28,0.1,2.0,2.0,1000,Exact,844,211,41,0.413,0.862559,0.373071,GradientBoostedTreesQuickScorerExtended [virtual interface],0.7578,1.2210,3.7130,GradientBoostedTreesQuickScorerExtended [virtual interface]=0.7578;GradientBoostedTreesGeneric [virtual interface]=1.2210;Generic slow engine=3.7130
qsar-biodeg,Axis Aligned,10,3,100,37,0.1,2.0,2.0,1000,Exact,844,211,41,0.741,0.85782,0.413467,GradientBoostedTreesGeneric [virtual interface],2.2927,2.2927,6.6585,GradientBoostedTreesGeneric [virtual interface]=2.2927;Generic slow engine=6.6585
qsar-biodeg,Oblique,3,3,100,100,0.1,2.0,2.0,1000,Exact,844,211,41,0.299,0.843602,0.320828,GradientBoostedTreesGeneric [virtual interface],1.9910,1.9910,4.7650,GradientBoostedTreesGeneric [virtual interface]=1.9910;Generic slow engine=4.7650
qsar-biodeg,Oblique,4,3,100,64,0.1,2.0,2.0,1000,Exact,844,211,41,0.442,0.848341,0.32587,GradientBoostedTreesGeneric [virtual interface],1.8542,1.8542,5.4603,GradientBoostedTreesGeneric [virtual interface]=1.8542;Generic slow engine=5.4603
qsar-biodeg,Oblique,5,3,100,54,0.1,2.0,2.0,1000,Exact,844,211,41,0.593,0.853081,0.345722,GradientBoostedTreesGeneric [virtual interface],2.2197,2.2197,6.7725,GradientBoostedTreesGeneric [virtual interface]=2.2197;Generic slow engine=6.7725
qsar-biodeg,Oblique,6,3,100,62,0.1,2.0,2.0,1000,Exact,844,211,41,0.919,0.838863,0.369711,GradientBoostedTreesGeneric [virtual interface],3.7640,3.7640,10.7860,GradientBoostedTreesGeneric [virtual interface]=3.7640;Generic slow engine=10.7860
qsar-biodeg,Oblique,8,3,100,43,0.1,2.0,2.0,1000,Exact,844,211,41,1.253,0.848341,0.381949,GradientBoostedTreesGeneric [virtual interface],3.6223,3.6223,10.6830,GradientBoostedTreesGeneric [virtual interface]=3.6223;Generic slow engine=10.6830
qsar-biodeg,Axis Aligned,3,4,100,100,0.1,2.0,2.0,1000,Exact,844,211,41,0.074,0.848341,0.327838,GradientBoostedTreesQuickScorerExtended [virtual interface],0.2772,1.6135,2.3748,GradientBoostedTreesQuickScorerExtended [virtual interface]=0.2772;GradientBoostedTreesGeneric [virtual interface]=1.6135;Generic slow engine=2.3748
qsar-biodeg,Axis Aligned,4,4,100,94,0.1,2.0,2.0,1000,Exact,844,211,41,0.122,0.838863,0.329574,GradientBoostedTreesQuickScorerExtended [virtual interface],0.4880,2.2083,3.7498,GradientBoostedTreesQuickScorerExtended [virtual interface]=0.4880;GradientBoostedTreesGeneric [virtual interface]=2.2083;Generic slow engine=3.7498
qsar-biodeg,Axis Aligned,5,4,100,100,0.1,2.0,2.0,1000,Exact,844,211,41,0.200,0.829384,0.345232,GradientBoostedTreesQuickScorerExtended [virtual interface],0.8037,3.1848,5.9408,GradientBoostedTreesQuickScorerExtended [virtual interface]=0.8037;GradientBoostedTreesGeneric [virtual interface]=3.1848;Generic slow engine=5.9408
qsar-biodeg,Axis Aligned,6,4,100,73,0.1,2.0,2.0,1000,Exact,844,211,41,0.316,0.843602,0.332956,GradientBoostedTreesQuickScorerExtended [virtual interface],0.8510,2.7997,6.1625,GradientBoostedTreesQuickScorerExtended [virtual interface]=0.8510;GradientBoostedTreesGeneric [virtual interface]=2.7997;Generic slow engine=6.1625
qsar-biodeg,Axis Aligned,7,4,100,70,0.1,2.0,2.0,1000,Exact,844,211,41,0.489,0.829384,0.342937,GradientBoostedTreesQuickScorerExtended [virtual interface],1.1153,3.2880,7.6755,GradientBoostedTreesQuickScorerExtended [virtual interface]=1.1153;GradientBoostedTreesGeneric [virtual interface]=3.2880;Generic slow engine=7.6755
qsar-biodeg,Axis Aligned,8,4,100,95,0.1,2.0,2.0,1000,Exact,844,211,41,0.728,0.867299,0.418337,GradientBoostedTreesQuickScorerExtended [virtual interface],1.8077,5.6180,13.4520,GradientBoostedTreesQuickScorerExtended [virtual interface]=1.8077;GradientBoostedTreesGeneric [virtual interface]=5.6180;Generic slow engine=13.4520
qsar-biodeg,Axis Aligned,10,4,100,42,0.1,2.0,2.0,1000,Exact,844,211,41,0.883,0.85782,0.347403,GradientBoostedTreesGeneric [virtual interface],2.8590,2.8590,7.5883,GradientBoostedTreesGeneric [virtual interface]=2.8590;Generic slow engine=7.5883
qsar-biodeg,Oblique,3,4,100,79,0.1,2.0,2.0,1000,Exact,844,211,41,0.300,0.886256,0.272905,GradientBoostedTreesGeneric [virtual interface],1.5252,1.5252,3.8108,GradientBoostedTreesGeneric [virtual interface]=1.5252;Generic slow engine=3.8108
qsar-biodeg,Oblique,4,4,100,99,0.1,2.0,2.0,1000,Exact,844,211,41,0.477,0.867299,0.295827,GradientBoostedTreesGeneric [virtual interface],3.4283,3.4283,8.6440,GradientBoostedTreesGeneric [virtual interface]=3.4283;Generic slow engine=8.6440
qsar-biodeg,Oblique,5,4,100,79,0.1,2.0,2.0,1000,Exact,844,211,41,0.700,0.867299,0.294066,GradientBoostedTreesGeneric [virtual interface],3.8037,3.8037,10.1470,GradientBoostedTreesGeneric [virtual interface]=3.8037;Generic slow engine=10.1470
qsar-biodeg,Oblique,6,4,100,81,0.1,2.0,2.0,1000,Exact,844,211,41,1.000,0.872038,0.313957,GradientBoostedTreesGeneric [virtual interface],5.5288,5.5288,14.4090,GradientBoostedTreesGeneric [virtual interface]=5.5288;Generic slow engine=14.4090
qsar-biodeg,Oblique,8,4,100,52,0.1,2.0,2.0,1000,Exact,844,211,41,1.432,0.867299,0.316091,GradientBoostedTreesGeneric [virtual interface],4.9110,4.9110,13.3720,GradientBoostedTreesGeneric [virtual interface]=4.9110;Generic slow engine=13.3720
qsar-biodeg,Axis Aligned,3,5,100,100,0.1,2.0,2.0,1000,Exact,844,211,41,0.074,0.85782,0.33413,GradientBoostedTreesQuickScorerExtended [virtual interface],0.2587,1.5845,2.3265,GradientBoostedTreesQuickScorerExtended [virtual interface]=0.2587;GradientBoostedTreesGeneric [virtual interface]=1.5845;Generic slow engine=2.3265
qsar-biodeg,Axis Aligned,4,5,100,93,0.1,2.0,2.0,1000,Exact,844,211,41,0.122,0.85782,0.333648,GradientBoostedTreesQuickScorerExtended [virtual interface],0.4550,2.0688,3.8410,GradientBoostedTreesQuickScorerExtended [virtual interface]=0.4550;GradientBoostedTreesGeneric [virtual interface]=2.0688;Generic slow engine=3.8410
qsar-biodeg,Axis Aligned,5,5,100,48,0.1,2.0,2.0,1000,Exact,844,211,41,0.159,0.85782,0.335505,GradientBoostedTreesQuickScorerExtended [virtual interface],0.4577,1.3520,2.8683,GradientBoostedTreesQuickScorerExtended [virtual interface]=0.4577;GradientBoostedTreesGeneric [virtual interface]=1.3520;Generic slow engine=2.8683
qsar-biodeg,Axis Aligned,6,5,100,45,0.1,2.0,2.0,1000,Exact,844,211,41,0.244,0.853081,0.332508,GradientBoostedTreesQuickScorerExtended [virtual interface],0.6160,1.6327,3.7775,GradientBoostedTreesQuickScorerExtended [virtual interface]=0.6160;GradientBoostedTreesGeneric [virtual interface]=1.6327;Generic slow engine=3.7775
qsar-biodeg,Axis Aligned,7,5,100,47,0.1,2.0,2.0,1000,Exact,844,211,41,0.388,0.85782,0.347337,GradientBoostedTreesQuickScorerExtended [virtual interface],0.8745,2.0115,5.0950,GradientBoostedTreesQuickScorerExtended [virtual interface]=0.8745;GradientBoostedTreesGeneric [virtual interface]=2.0115;Generic slow engine=5.0950
qsar-biodeg,Axis Aligned,8,5,100,38,0.1,2.0,2.0,1000,Exact,844,211,41,0.516,0.843602,0.357889,GradientBoostedTreesQuickScorerExtended [virtual interface],0.9317,1.8450,5.1120,GradientBoostedTreesQuickScorerExtended [virtual interface]=0.9317;GradientBoostedTreesGeneric [virtual interface]=1.8450;Generic slow engine=5.1120
qsar-biodeg,Axis Aligned,10,5,100,25,0.1,2.0,2.0,1000,Exact,844,211,41,0.709,0.848341,0.372144,GradientBoostedTreesGeneric [virtual interface],1.4818,1.4818,4.5243,GradientBoostedTreesGeneric [virtual interface]=1.4818;Generic slow engine=4.5243
qsar-biodeg,Oblique,3,5,100,97,0.1,2.0,2.0,1000,Exact,844,211,41,0.297,0.867299,0.297997,GradientBoostedTreesGeneric [virtual interface],2.0143,2.0143,4.6380,GradientBoostedTreesGeneric [virtual interface]=2.0143;Generic slow engine=4.6380
qsar-biodeg,Oblique,4,5,100,51,0.1,2.0,2.0,1000,Exact,844,211,41,0.388,0.85782,0.312184,GradientBoostedTreesGeneric [virtual interface],1.4333,1.4333,4.2855,GradientBoostedTreesGeneric [virtual interface]=1.4333;Generic slow engine=4.2855
qsar-biodeg,Oblique,5,5,100,34,0.1,2.0,2.0,1000,Exact,844,211,41,0.449,0.85782,0.31054,GradientBoostedTreesGeneric [virtual interface],1.1985,1.1985,4.2257,GradientBoostedTreesGeneric [virtual interface]=1.1985;Generic slow engine=4.2257
qsar-biodeg,Oblique,6,5,100,28,0.1,2.0,2.0,1000,Exact,844,211,41,0.592,0.872038,0.297971,GradientBoostedTreesGeneric [virtual interface],1.2580,1.2580,4.5522,GradientBoostedTreesGeneric [virtual interface]=1.2580;Generic slow engine=4.5522
qsar-biodeg,Oblique,8,5,100,27,0.1,2.0,2.0,1000,Exact,844,211,41,1.025,0.848341,0.344962,GradientBoostedTreesGeneric [virtual interface],1.8695,1.8695,6.5300,GradientBoostedTreesGeneric [virtual interface]=1.8695;Generic slow engine=6.5300
qsar-biodeg,Axis Aligned,3,6,100,99,0.1,2.0,2.0,1000,Exact,844,211,41,0.074,0.805687,0.37767,GradientBoostedTreesQuickScorerExtended [virtual interface],0.2950,1.5840,2.4247,GradientBoostedTreesQuickScorerExtended [virtual interface]=0.2950;GradientBoostedTreesGeneric [virtual interface]=1.5840;Generic slow engine=2.4247
qsar-biodeg,Axis Aligned,4,6,100,88,0.1,2.0,2.0,1000,Exact,844,211,41,0.122,0.829384,0.359356,GradientBoostedTreesQuickScorerExtended [virtual interface],0.4460,1.9647,3.5953,GradientBoostedTreesQuickScorerExtended [virtual interface]=0.4460;GradientBoostedTreesGeneric [virtual interface]=1.9647;Generic slow engine=3.5953
qsar-biodeg,Axis Aligned,5,6,100,94,0.1,2.0,2.0,1000,Exact,844,211,41,0.209,0.819905,0.370528,GradientBoostedTreesQuickScorerExtended [virtual interface],0.7185,2.9693,5.5942,GradientBoostedTreesQuickScorerExtended [virtual interface]=0.7185;GradientBoostedTreesGeneric [virtual interface]=2.9693;Generic slow engine=5.5942
qsar-biodeg,Axis Aligned,6,6,100,59,0.1,2.0,2.0,1000,Exact,844,211,41,0.298,0.843602,0.364024,GradientBoostedTreesQuickScorerExtended [virtual interface],0.7937,2.2050,4.9460,GradientBoostedTreesQuickScorerExtended [virtual interface]=0.7937;GradientBoostedTreesGeneric [virtual interface]=2.2050;Generic slow engine=4.9460
qsar-biodeg,Axis Aligned,7,6,100,39,0.1,2.0,2.0,1000,Exact,844,211,41,0.371,0.824645,0.398115,GradientBoostedTreesQuickScorerExtended [virtual interface],0.7827,1.5873,4.1958,GradientBoostedTreesQuickScorerExtended [virtual interface]=0.7827;GradientBoostedTreesGeneric [virtual interface]=1.5873;Generic slow engine=4.1958
qsar-biodeg,Axis Aligned,8,6,100,25,0.1,2.0,2.0,1000,Exact,844,211,41,0.409,0.829384,0.390316,GradientBoostedTreesQuickScorerExtended [virtual interface],0.6777,1.1102,3.3300,GradientBoostedTreesQuickScorerExtended [virtual interface]=0.6777;GradientBoostedTreesGeneric [virtual interface]=1.1102;Generic slow engine=3.3300
qsar-biodeg,Axis Aligned,10,6,100,23,0.1,2.0,2.0,1000,Exact,844,211,41,0.644,0.815166,0.402846,GradientBoostedTreesGeneric [virtual interface],1.3250,1.3250,4.3323,GradientBoostedTreesGeneric [virtual interface]=1.3250;Generic slow engine=4.3323
qsar-biodeg,Oblique,3,6,100,86,0.1,2.0,2.0,1000,Exact,844,211,41,0.294,0.843602,0.328578,GradientBoostedTreesGeneric [virtual interface],1.5695,1.5695,4.0152,GradientBoostedTreesGeneric [virtual interface]=1.5695;Generic slow engine=4.0152
qsar-biodeg,Oblique,4,6,100,100,0.1,2.0,2.0,1000,Exact,844,211,41,0.473,0.853081,0.343404,GradientBoostedTreesGeneric [virtual interface],3.2600,3.2600,8.8413,GradientBoostedTreesGeneric [virtual interface]=3.2600;Generic slow engine=8.8413
qsar-biodeg,Oblique,5,6,100,73,0.1,2.0,2.0,1000,Exact,844,211,41,0.695,0.834123,0.379858,GradientBoostedTreesGeneric [virtual interface],3.2107,3.2107,9.1860,GradientBoostedTreesGeneric [virtual interface]=3.2107;Generic slow engine=9.1860
qsar-biodeg,Oblique,6,6,100,41,0.1,2.0,2.0,1000,Exact,844,211,41,0.715,0.85782,0.361001,GradientBoostedTreesGeneric [virtual interface],2.0347,2.0347,6.8312,GradientBoostedTreesGeneric [virtual interface]=2.0347;Generic slow engine=6.8312
qsar-biodeg,Oblique,8,6,100,37,0.1,2.0,2.0,1000,Exact,844,211,41,1.163,0.824645,0.404721,GradientBoostedTreesGeneric [virtual interface],2.9885,2.9885,9.1692,GradientBoostedTreesGeneric [virtual interface]=2.9885;Generic slow engine=9.1692
qsar-biodeg,Axis Aligned,3,7,100,100,0.1,2.0,2.0,1000,Exact,844,211,41,0.073,0.85782,0.345669,GradientBoostedTreesQuickScorerExtended [virtual interface],0.2975,1.6038,2.3395,GradientBoostedTreesQuickScorerExtended [virtual interface]=0.2975;GradientBoostedTreesGeneric [virtual interface]=1.6038;Generic slow engine=2.3395
qsar-biodeg,Axis Aligned,4,7,100,68,0.1,2.0,2.0,1000,Exact,844,211,41,0.116,0.853081,0.319973,GradientBoostedTreesQuickScorerExtended [virtual interface],0.3638,1.4198,2.8247,GradientBoostedTreesQuickScorerExtended [virtual interface]=0.3638;GradientBoostedTreesGeneric [virtual interface]=1.4198;Generic slow engine=2.8247
qsar-biodeg,Axis Aligned,5,7,100,50,0.1,2.0,2.0,1000,Exact,844,211,41,0.162,0.853081,0.322454,GradientBoostedTreesQuickScorerExtended [virtual interface],0.4570,1.4395,2.9440,GradientBoostedTreesQuickScorerExtended [virtual interface]=0.4570;GradientBoostedTreesGeneric [virtual interface]=1.4395;Generic slow engine=2.9440
qsar-biodeg,Axis Aligned,6,7,100,59,0.1,2.0,2.0,1000,Exact,844,211,41,0.279,0.853081,0.3387,GradientBoostedTreesQuickScorerExtended [virtual interface],0.7605,2.2378,4.9943,GradientBoostedTreesQuickScorerExtended [virtual interface]=0.7605;GradientBoostedTreesGeneric [virtual interface]=2.2378;Generic slow engine=4.9943
qsar-biodeg,Axis Aligned,7,7,100,58,0.1,2.0,2.0,1000,Exact,844,211,41,0.433,0.862559,0.336531,GradientBoostedTreesQuickScorerExtended [virtual interface],1.0140,2.5455,6.2793,GradientBoostedTreesQuickScorerExtended [virtual interface]=1.0140;GradientBoostedTreesGeneric [virtual interface]=2.5455;Generic slow engine=6.2793
qsar-biodeg,Axis Aligned,8,7,100,34,0.1,2.0,2.0,1000,Exact,844,211,41,0.453,0.838863,0.333698,GradientBoostedTreesQuickScorerExtended [virtual interface],0.8760,1.6587,4.5713,GradientBoostedTreesQuickScorerExtended [virtual interface]=0.8760;GradientBoostedTreesGeneric [virtual interface]=1.6587;Generic slow engine=4.5713
qsar-biodeg,Axis Aligned,10,7,100,23,0.1,2.0,2.0,1000,Exact,844,211,41,0.654,0.848341,0.35676,GradientBoostedTreesGeneric [virtual interface],1.3365,1.3365,4.0922,GradientBoostedTreesGeneric [virtual interface]=1.3365;Generic slow engine=4.0922
qsar-biodeg,Oblique,3,7,100,67,0.1,2.0,2.0,1000,Exact,844,211,41,0.293,0.881517,0.295073,GradientBoostedTreesGeneric [virtual interface],1.2450,1.2450,3.1242,GradientBoostedTreesGeneric [virtual interface]=1.2450;Generic slow engine=3.1242
qsar-biodeg,Oblique,4,7,100,31,0.1,2.0,2.0,1000,Exact,844,211,41,0.294,0.886256,0.304554,GradientBoostedTreesGeneric [virtual interface],0.7372,0.7372,2.5648,GradientBoostedTreesGeneric [virtual interface]=0.7372;Generic slow engine=2.5648
qsar-biodeg,Oblique,5,7,100,21,0.1,2.0,2.0,1000,Exact,844,211,41,0.364,0.862559,0.331504,GradientBoostedTreesGeneric [virtual interface],0.6195,0.6195,2.4623,GradientBoostedTreesGeneric [virtual interface]=0.6195;Generic slow engine=2.4623
qsar-biodeg,Oblique,6,7,100,17,0.1,2.0,2.0,1000,Exact,844,211,41,0.487,0.853081,0.34368,GradientBoostedTreesGeneric [virtual interface],0.6378,0.6378,2.6960,GradientBoostedTreesGeneric [virtual interface]=0.6378;Generic slow engine=2.6960
qsar-biodeg,Oblique,8,7,100,21,0.1,2.0,2.0,1000,Exact,844,211,41,0.905,0.867299,0.314678,GradientBoostedTreesGeneric [virtual interface],1.2877,1.2877,4.9162,GradientBoostedTreesGeneric [virtual interface]=1.2877;Generic slow engine=4.9162
qsar-biodeg,Axis Aligned,3,8,100,96,0.1,2.0,2.0,1000,Exact,844,211,41,0.075,0.819905,0.401107,GradientBoostedTreesQuickScorerExtended [virtual interface],0.2943,1.5395,2.3293,GradientBoostedTreesQuickScorerExtended [virtual interface]=0.2943;GradientBoostedTreesGeneric [virtual interface]=1.5395;Generic slow engine=2.3293
qsar-biodeg,Axis Aligned,4,8,100,75,0.1,2.0,2.0,1000,Exact,844,211,41,0.123,0.819905,0.38655,GradientBoostedTreesQuickScorerExtended [virtual interface],0.3862,1.6723,3.1035,GradientBoostedTreesQuickScorerExtended [virtual interface]=0.3862;GradientBoostedTreesGeneric [virtual interface]=1.6723;Generic slow engine=3.1035
qsar-biodeg,Axis Aligned,5,8,100,40,0.1,2.0,2.0,1000,Exact,844,211,41,0.148,0.829384,0.380046,GradientBoostedTreesQuickScorerExtended [virtual interface],0.4545,1.0980,2.2643,GradientBoostedTreesQuickScorerExtended [virtual interface]=0.4545;GradientBoostedTreesGeneric [virtual interface]=1.0980;Generic slow engine=2.2643
qsar-biodeg,Axis Aligned,6,8,100,32,0.1,2.0,2.0,1000,Exact,844,211,41,0.205,0.843602,0.381863,GradientBoostedTreesQuickScorerExtended [virtual interface],0.5015,1.0370,2.6180,GradientBoostedTreesQuickScorerExtended [virtual interface]=0.5015;GradientBoostedTreesGeneric [virtual interface]=1.0370;Generic slow engine=2.6180
qsar-biodeg,Axis Aligned,7,8,100,26,0.1,2.0,2.0,1000,Exact,844,211,41,0.293,0.819905,0.389681,GradientBoostedTreesQuickScorerExtended [virtual interface],0.5870,0.9848,2.6593,GradientBoostedTreesQuickScorerExtended [virtual interface]=0.5870;GradientBoostedTreesGeneric [virtual interface]=0.9848;Generic slow engine=2.6593
qsar-biodeg,Axis Aligned,8,8,100,18,0.1,2.0,2.0,1000,Exact,844,211,41,0.365,0.829384,0.386429,GradientBoostedTreesQuickScorerExtended [virtual interface],0.5805,0.7635,2.1208,GradientBoostedTreesQuickScorerExtended [virtual interface]=0.5805;GradientBoostedTreesGeneric [virtual interface]=0.7635;Generic slow engine=2.1208
qsar-biodeg,Axis Aligned,10,8,100,23,0.1,2.0,2.0,1000,Exact,844,211,41,0.671,0.824645,0.402188,GradientBoostedTreesGeneric [virtual interface],1.3148,1.3148,4.0370,GradientBoostedTreesGeneric [virtual interface]=1.3148;Generic slow engine=4.0370
qsar-biodeg,Oblique,3,8,100,96,0.1,2.0,2.0,1000,Exact,844,211,41,0.305,0.829384,0.36866,GradientBoostedTreesGeneric [virtual interface],1.9307,1.9307,4.5540,GradientBoostedTreesGeneric [virtual interface]=1.9307;Generic slow engine=4.5540
qsar-biodeg,Oblique,4,8,100,56,0.1,2.0,2.0,1000,Exact,844,211,41,0.407,0.829384,0.371354,GradientBoostedTreesGeneric [virtual interface],1.6823,1.6823,4.8113,GradientBoostedTreesGeneric [virtual interface]=1.6823;Generic slow engine=4.8113
qsar-biodeg,Oblique,5,8,100,47,0.1,2.0,2.0,1000,Exact,844,211,41,0.541,0.85782,0.365565,GradientBoostedTreesGeneric [virtual interface],1.8735,1.8735,5.8392,GradientBoostedTreesGeneric [virtual interface]=1.8735;Generic slow engine=5.8392
qsar-biodeg,Oblique,6,8,100,24,0.1,2.0,2.0,1000,Exact,844,211,41,0.560,0.838863,0.362227,GradientBoostedTreesGeneric [virtual interface],1.0950,1.0950,3.8730,GradientBoostedTreesGeneric [virtual interface]=1.0950;Generic slow engine=3.8730
qsar-biodeg,Oblique,8,8,100,22,0.1,2.0,2.0,1000,Exact,844,211,41,0.958,0.834123,0.373264,GradientBoostedTreesGeneric [virtual interface],1.4832,1.4832,5.2225,GradientBoostedTreesGeneric [virtual interface]=1.4832;Generic slow engine=5.2225
qsar-biodeg,Axis Aligned,3,9,100,99,0.1,2.0,2.0,1000,Exact,844,211,41,0.073,0.862559,0.327064,GradientBoostedTreesQuickScorerExtended [virtual interface],0.2955,1.6218,2.3758,GradientBoostedTreesQuickScorerExtended [virtual interface]=0.2955;GradientBoostedTreesGeneric [virtual interface]=1.6218;Generic slow engine=2.3758
qsar-biodeg,Axis Aligned,4,9,100,100,0.1,2.0,2.0,1000,Exact,844,211,41,0.124,0.872038,0.321653,GradientBoostedTreesQuickScorerExtended [virtual interface],0.4863,2.2925,4.0875,GradientBoostedTreesQuickScorerExtended [virtual interface]=0.4863;GradientBoostedTreesGeneric [virtual interface]=2.2925;Generic slow engine=4.0875
qsar-biodeg,Axis Aligned,5,9,100,66,0.1,2.0,2.0,1000,Exact,844,211,41,0.201,0.85782,0.320818,GradientBoostedTreesQuickScorerExtended [virtual interface],0.6062,1.9663,3.9305,GradientBoostedTreesQuickScorerExtended [virtual interface]=0.6062;GradientBoostedTreesGeneric [virtual interface]=1.9663;Generic slow engine=3.9305
qsar-biodeg,Axis Aligned,6,9,100,36,0.1,2.0,2.0,1000,Exact,844,211,41,0.219,0.848341,0.316276,GradientBoostedTreesQuickScorerExtended [virtual interface],0.5397,1.2410,2.9487,GradientBoostedTreesQuickScorerExtended [virtual interface]=0.5397;GradientBoostedTreesGeneric [virtual interface]=1.2410;Generic slow engine=2.9487
qsar-biodeg,Axis Aligned,7,9,100,32,0.1,2.0,2.0,1000,Exact,844,211,41,0.323,0.838863,0.32784,GradientBoostedTreesQuickScorerExtended [virtual interface],0.6853,1.2465,3.4920,GradientBoostedTreesQuickScorerExtended [virtual interface]=0.6853;GradientBoostedTreesGeneric [virtual interface]=1.2465;Generic slow engine=3.4920
qsar-biodeg,Axis Aligned,8,9,100,32,0.1,2.0,2.0,1000,Exact,844,211,41,0.459,0.853081,0.340402,GradientBoostedTreesQuickScorerExtended [virtual interface],0.9745,1.5333,4.2700,GradientBoostedTreesQuickScorerExtended [virtual interface]=0.9745;GradientBoostedTreesGeneric [virtual interface]=1.5333;Generic slow engine=4.2700
qsar-biodeg,Axis Aligned,10,9,100,28,0.1,2.0,2.0,1000,Exact,844,211,41,0.723,0.853081,0.36676,GradientBoostedTreesGeneric [virtual interface],1.7103,1.7103,5.0835,GradientBoostedTreesGeneric [virtual interface]=1.7103;Generic slow engine=5.0835
qsar-biodeg,Oblique,3,9,100,51,0.1,2.0,2.0,1000,Exact,844,211,41,0.239,0.895735,0.297576,GradientBoostedTreesGeneric [virtual interface],0.8410,0.8410,2.2637,GradientBoostedTreesGeneric [virtual interface]=0.8410;Generic slow engine=2.2637
qsar-biodeg,Oblique,4,9,100,75,0.1,2.0,2.0,1000,Exact,844,211,41,0.466,0.867299,0.321554,GradientBoostedTreesGeneric [virtual interface],2.4335,2.4335,6.4940,GradientBoostedTreesGeneric [virtual interface]=2.4335;Generic slow engine=6.4940
qsar-biodeg,Oblique,5,9,100,50,0.1,2.0,2.0,1000,Exact,844,211,41,0.554,0.872038,0.296657,GradientBoostedTreesGeneric [virtual interface],1.9798,1.9798,6.1435,GradientBoostedTreesGeneric [virtual interface]=1.9798;Generic slow engine=6.1435
qsar-biodeg,Oblique,6,9,100,39,0.1,2.0,2.0,1000,Exact,844,211,41,0.698,0.876777,0.317352,GradientBoostedTreesGeneric [virtual interface],2.0265,2.0265,6.7840,GradientBoostedTreesGeneric [virtual interface]=2.0265;Generic slow engine=6.7840
qsar-biodeg,Oblique,8,9,100,33,0.1,2.0,2.0,1000,Exact,844,211,41,1.110,0.867299,0.322695,GradientBoostedTreesGeneric [virtual interface],2.6338,2.6338,8.1725,GradientBoostedTreesGeneric [virtual interface]=2.6338;Generic slow engine=8.1725
steel-plates-fault,Axis Aligned,3,0,100,100,0.1,2.0,2.0,1000,Exact,1552,389,33,0.073,1.0,0.0607933,GradientBoostedTreesQuickScorerExtended [virtual interface],0.1613,0.7935,2.1630,GradientBoostedTreesQuickScorerExtended [virtual interface]=0.1613;GradientBoostedTreesGeneric [virtual interface]=0.7935;Generic slow engine=2.1630
steel-plates-fault,Axis Aligned,4,0,100,100,0.1,2.0,2.0,1000,Exact,1552,389,33,0.115,1.0,0.0148253,GradientBoostedTreesQuickScorerExtended [virtual interface],0.2690,1.0960,3.4770,GradientBoostedTreesQuickScorerExtended [virtual interface]=0.2690;GradientBoostedTreesGeneric [virtual interface]=1.0960;Generic slow engine=3.4770
steel-plates-fault,Axis Aligned,5,0,100,100,0.1,2.0,2.0,1000,Exact,1552,389,33,0.144,1.0,0.00260795,GradientBoostedTreesQuickScorerExtended [virtual interface],0.3397,1.4135,4.9690,GradientBoostedTreesQuickScorerExtended [virtual interface]=0.3397;GradientBoostedTreesGeneric [virtual interface]=1.4135;Generic slow engine=4.9690
steel-plates-fault,Axis Aligned,6,0,100,100,0.1,2.0,2.0,1000,Exact,1552,389,33,0.185,1.0,0.000285676,GradientBoostedTreesQuickScorerExtended [virtual interface],0.3925,1.7810,6.4660,GradientBoostedTreesQuickScorerExtended [virtual interface]=0.3925;GradientBoostedTreesGeneric [virtual interface]=1.7810;Generic slow engine=6.4660
steel-plates-fault,Axis Aligned,7,0,100,100,0.1,2.0,2.0,1000,Exact,1552,389,33,0.286,1.0,2.25305,GradientBoostedTreesQuickScorerExtended [virtual interface],0.6957,1.7628,6.4888,GradientBoostedTreesQuickScorerExtended [virtual interface]=0.6957;GradientBoostedTreesGeneric [virtual interface]=1.7628;Generic slow engine=6.4888
steel-plates-fault,Axis Aligned,8,0,100,100,0.1,2.0,2.0,1000,Exact,1552,389,33,0.341,1.0,2.37378,GradientBoostedTreesQuickScorerExtended [virtual interface],0.7525,1.9173,7.1860,GradientBoostedTreesQuickScorerExtended [virtual interface]=0.7525;GradientBoostedTreesGeneric [virtual interface]=1.9173;Generic slow engine=7.1860
steel-plates-fault,Axis Aligned,10,0,100,100,0.1,2.0,2.0,1000,Exact,1552,389,33,0.387,1.0,2.57373,GradientBoostedTreesGeneric [virtual interface],2.0165,2.0165,7.4478,GradientBoostedTreesGeneric [virtual interface]=2.0165;Generic slow engine=7.4478
steel-plates-fault,Oblique,3,0,100,100,0.1,2.0,2.0,1000,Exact,1552,389,33,0.378,1.0,0.0600484,GradientBoostedTreesGeneric [virtual interface],0.7788,0.7788,2.2695,GradientBoostedTreesGeneric [virtual interface]=0.7788;Generic slow engine=2.2695
steel-plates-fault,Oblique,4,0,100,100,0.1,2.0,2.0,1000,Exact,1552,389,33,0.594,1.0,0.0148175,GradientBoostedTreesGeneric [virtual interface],1.1718,1.1718,3.9205,GradientBoostedTreesGeneric [virtual interface]=1.1718;Generic slow engine=3.9205
steel-plates-fault,Oblique,5,0,100,100,0.1,2.0,2.0,1000,Exact,1552,389,33,0.737,1.0,0.00261647,GradientBoostedTreesGeneric [virtual interface],1.5588,1.5588,5.5323,GradientBoostedTreesGeneric [virtual interface]=1.5588;Generic slow engine=5.5323
steel-plates-fault,Oblique,6,0,100,100,0.1,2.0,2.0,1000,Exact,1552,389,33,0.916,1.0,0.000291415,GradientBoostedTreesGeneric [virtual interface],1.8980,1.8980,7.1410,GradientBoostedTreesGeneric [virtual interface]=1.8980;Generic slow engine=7.1410
steel-plates-fault,Oblique,8,0,100,100,0.1,2.0,2.0,1000,Exact,1552,389,33,1.179,1.0,2.37242,GradientBoostedTreesGeneric [virtual interface],2.5375,2.5375,8.1382,GradientBoostedTreesGeneric [virtual interface]=2.5375;Generic slow engine=8.1382
steel-plates-fault,Axis Aligned,3,1,100,100,0.1,2.0,2.0,1000,Exact,1552,389,33,0.074,1.0,0.060837,GradientBoostedTreesQuickScorerExtended [virtual interface],0.1670,0.8013,2.2252,GradientBoostedTreesQuickScorerExtended [virtual interface]=0.1670;GradientBoostedTreesGeneric [virtual interface]=0.8013;Generic slow engine=2.2252
steel-plates-fault,Axis Aligned,4,1,100,100,0.1,2.0,2.0,1000,Exact,1552,389,33,0.113,1.0,0.0149005,GradientBoostedTreesQuickScorerExtended [virtual interface],0.2495,1.0978,3.6787,GradientBoostedTreesQuickScorerExtended [virtual interface]=0.2495;GradientBoostedTreesGeneric [virtual interface]=1.0978;Generic slow engine=3.6787
steel-plates-fault,Axis Aligned,5,1,100,100,0.1,2.0,2.0,1000,Exact,1552,389,33,0.144,1.0,0.00260089,GradientBoostedTreesQuickScorerExtended [virtual interface],0.3495,1.3920,5.0180,GradientBoostedTreesQuickScorerExtended [virtual interface]=0.3495;GradientBoostedTreesGeneric [virtual interface]=1.3920;Generic slow engine=5.0180
steel-plates-fault,Axis Aligned,6,1,100,100,0.1,2.0,2.0,1000,Exact,1552,389,33,0.183,1.0,0.000290111,GradientBoostedTreesQuickScorerExtended [virtual interface],0.4748,1.7550,6.5115,GradientBoostedTreesQuickScorerExtended [virtual interface]=0.4748;GradientBoostedTreesGeneric [virtual interface]=1.7550;Generic slow engine=6.5115
steel-plates-fault,Axis Aligned,7,1,100,100,0.1,2.0,2.0,1000,Exact,1552,389,33,0.292,1.0,2.2898,GradientBoostedTreesQuickScorerExtended [virtual interface],0.7630,1.7770,6.6292,GradientBoostedTreesQuickScorerExtended [virtual interface]=0.7630;GradientBoostedTreesGeneric [virtual interface]=1.7770;Generic slow engine=6.6292
steel-plates-fault,Axis Aligned,8,1,100,100,0.1,2.0,2.0,1000,Exact,1552,389,33,0.335,1.0,2.28525,GradientBoostedTreesQuickScorerExtended [virtual interface],0.7755,1.8778,7.0725,GradientBoostedTreesQuickScorerExtended [virtual interface]=0.7755;GradientBoostedTreesGeneric [virtual interface]=1.8778;Generic slow engine=7.0725
steel-plates-fault,Axis Aligned,10,1,100,100,0.1,2.0,2.0,1000,Exact,1552,389,33,0.388,1.0,2.552,GradientBoostedTreesQuickScorerExtended [virtual interface],0.9075,1.9855,7.3487,GradientBoostedTreesQuickScorerExtended [virtual interface]=0.9075;GradientBoostedTreesGeneric [virtual interface]=1.9855;Generic slow engine=7.3487
steel-plates-fault,Oblique,3,1,100,100,0.1,2.0,2.0,1000,Exact,1552,389,33,0.350,1.0,0.0608994,GradientBoostedTreesGeneric [virtual interface],0.8093,0.8093,2.3093,GradientBoostedTreesGeneric [virtual interface]=0.8093;Generic slow engine=2.3093
steel-plates-fault,Oblique,4,1,100,100,0.1,2.0,2.0,1000,Exact,1552,389,33,0.534,1.0,0.0149836,GradientBoostedTreesGeneric [virtual interface],1.1435,1.1435,3.8293,GradientBoostedTreesGeneric [virtual interface]=1.1435;Generic slow engine=3.8293
steel-plates-fault,Oblique,5,1,100,100,0.1,2.0,2.0,1000,Exact,1552,389,33,0.754,1.0,0.00262785,GradientBoostedTreesGeneric [virtual interface],1.6105,1.6105,5.7595,GradientBoostedTreesGeneric [virtual interface]=1.6105;Generic slow engine=5.7595
steel-plates-fault,Oblique,6,1,100,100,0.1,2.0,2.0,1000,Exact,1552,389,33,1.001,1.0,0.000304162,GradientBoostedTreesGeneric [virtual interface],2.2117,2.2117,7.8500,GradientBoostedTreesGeneric [virtual interface]=2.2117;Generic slow engine=7.8500
steel-plates-fault,Oblique,8,1,100,100,0.1,2.0,2.0,1000,Exact,1552,389,33,1.231,1.0,2.56961,GradientBoostedTreesGeneric [virtual interface],2.6260,2.6260,8.6130,GradientBoostedTreesGeneric [virtual interface]=2.6260;Generic slow engine=8.6130
steel-plates-fault,Axis Aligned,3,2,100,100,0.1,2.0,2.0,1000,Exact,1552,389,33,0.074,1.0,0.061798,GradientBoostedTreesQuickScorerExtended [virtual interface],0.1820,0.7910,2.2040,GradientBoostedTreesQuickScorerExtended [virtual interface]=0.1820;GradientBoostedTreesGeneric [virtual interface]=0.7910;Generic slow engine=2.2040
steel-plates-fault,Axis Aligned,4,2,100,100,0.1,2.0,2.0,1000,Exact,1552,389,33,0.112,1.0,0.0151574,GradientBoostedTreesQuickScorerExtended [virtual interface],0.2525,1.0750,3.4605,GradientBoostedTreesQuickScorerExtended [virtual interface]=0.2525;GradientBoostedTreesGeneric [virtual interface]=1.0750;Generic slow engine=3.4605
steel-plates-fault,Axis Aligned,5,2,100,100,0.1,2.0,2.0,1000,Exact,1552,389,33,0.158,1.0,0.00266795,GradientBoostedTreesQuickScorerExtended [virtual interface],0.3475,1.4375,5.1532,GradientBoostedTreesQuickScorerExtended [virtual interface]=0.3475;GradientBoostedTreesGeneric [virtual interface]=1.4375;Generic slow engine=5.1532
steel-plates-fault,Axis Aligned,6,2,100,100,0.1,2.0,2.0,1000,Exact,1552,389,33,0.183,1.0,0.000291844,GradientBoostedTreesQuickScorerExtended [virtual interface],0.4015,1.7672,6.5503,GradientBoostedTreesQuickScorerExtended [virtual interface]=0.4015;GradientBoostedTreesGeneric [virtual interface]=1.7672;Generic slow engine=6.5503
steel-plates-fault,Axis Aligned,7,2,100,100,0.1,2.0,2.0,1000,Exact,1552,389,33,0.302,1.0,2.21079,GradientBoostedTreesQuickScorerExtended [virtual interface],0.7288,1.8240,6.8333,GradientBoostedTreesQuickScorerExtended [virtual interface]=0.7288;GradientBoostedTreesGeneric [virtual interface]=1.8240;Generic slow engine=6.8333
steel-plates-fault,Axis Aligned,8,2,100,100,0.1,2.0,2.0,1000,Exact,1552,389,33,0.345,1.0,2.36612,GradientBoostedTreesQuickScorerExtended [virtual interface],0.8357,1.9410,7.2380,GradientBoostedTreesQuickScorerExtended [virtual interface]=0.8357;GradientBoostedTreesGeneric [virtual interface]=1.9410;Generic slow engine=7.2380
steel-plates-fault,Axis Aligned,10,2,100,100,0.1,2.0,2.0,1000,Exact,1552,389,33,0.409,1.0,2.45565,GradientBoostedTreesGeneric [virtual interface],1.9930,1.9930,7.5993,GradientBoostedTreesGeneric [virtual interface]=1.9930;Generic slow engine=7.5993
steel-plates-fault,Oblique,3,2,100,100,0.1,2.0,2.0,1000,Exact,1552,389,33,0.341,1.0,0.0622133,GradientBoostedTreesGeneric [virtual interface],0.7987,0.7987,2.3380,GradientBoostedTreesGeneric [virtual interface]=0.7987;Generic slow engine=2.3380
steel-plates-fault,Oblique,4,2,100,100,0.1,2.0,2.0,1000,Exact,1552,389,33,0.537,1.0,0.0150786,GradientBoostedTreesGeneric [virtual interface],1.1385,1.1385,3.8810,GradientBoostedTreesGeneric [virtual interface]=1.1385;Generic slow engine=3.8810
steel-plates-fault,Oblique,5,2,100,100,0.1,2.0,2.0,1000,Exact,1552,389,33,0.751,1.0,0.00269585,GradientBoostedTreesGeneric [virtual interface],1.6242,1.6242,5.7545,GradientBoostedTreesGeneric [virtual interface]=1.6242;Generic slow engine=5.7545
steel-plates-fault,Oblique,6,2,100,100,0.1,2.0,2.0,1000,Exact,1552,389,33,0.937,1.0,0.000306258,GradientBoostedTreesGeneric [virtual interface],1.9705,1.9705,7.4540,GradientBoostedTreesGeneric [virtual interface]=1.9705;Generic slow engine=7.4540
steel-plates-fault,Oblique,8,2,100,100,0.1,2.0,2.0,1000,Exact,1552,389,33,1.210,1.0,2.38774,GradientBoostedTreesGeneric [virtual interface],2.4315,2.4315,8.2495,GradientBoostedTreesGeneric [virtual interface]=2.4315;Generic slow engine=8.2495
steel-plates-fault,Axis Aligned,3,3,100,100,0.1,2.0,2.0,1000,Exact,1552,389,33,0.074,1.0,0.0616355,GradientBoostedTreesQuickScorerExtended [virtual interface],0.1820,0.7790,2.1877,GradientBoostedTreesQuickScorerExtended [virtual interface]=0.1820;GradientBoostedTreesGeneric [virtual interface]=0.7790;Generic slow engine=2.1877
steel-plates-fault,Axis Aligned,4,3,100,100,0.1,2.0,2.0,1000,Exact,1552,389,33,0.106,1.0,0.0149649,GradientBoostedTreesQuickScorerExtended [virtual interface],0.2617,1.0773,3.4857,GradientBoostedTreesQuickScorerExtended [virtual interface]=0.2617;GradientBoostedTreesGeneric [virtual interface]=1.0773;Generic slow engine=3.4857
steel-plates-fault,Axis Aligned,5,3,100,100,0.1,2.0,2.0,1000,Exact,1552,389,33,0.144,1.0,0.002648,GradientBoostedTreesQuickScorerExtended [virtual interface],0.3593,1.4490,5.1098,GradientBoostedTreesQuickScorerExtended [virtual interface]=0.3593;GradientBoostedTreesGeneric [virtual interface]=1.4490;Generic slow engine=5.1098
steel-plates-fault,Axis Aligned,6,3,100,100,0.1,2.0,2.0,1000,Exact,1552,389,33,0.181,1.0,0.000291031,GradientBoostedTreesQuickScorerExtended [virtual interface],0.4193,1.8220,6.4333,GradientBoostedTreesQuickScorerExtended [virtual interface]=0.4193;GradientBoostedTreesGeneric [virtual interface]=1.8220;Generic slow engine=6.4333
steel-plates-fault,Axis Aligned,7,3,100,100,0.1,2.0,2.0,1000,Exact,1552,389,33,0.297,1.0,2.32676,GradientBoostedTreesQuickScorerExtended [virtual interface],0.7558,1.8535,6.7605,GradientBoostedTreesQuickScorerExtended [virtual interface]=0.7558;GradientBoostedTreesGeneric [virtual interface]=1.8535;Generic slow engine=6.7605
steel-plates-fault,Axis Aligned,8,3,100,100,0.1,2.0,2.0,1000,Exact,1552,389,33,0.371,1.0,2.50354,GradientBoostedTreesQuickScorerExtended [virtual interface],0.8952,1.9885,7.3238,GradientBoostedTreesQuickScorerExtended [virtual interface]=0.8952;GradientBoostedTreesGeneric [virtual interface]=1.9885;Generic slow engine=7.3238
steel-plates-fault,Axis Aligned,10,3,100,100,0.1,2.0,2.0,1000,Exact,1552,389,33,0.421,1.0,2.71967,GradientBoostedTreesGeneric [virtual interface],2.0657,2.0657,7.3995,GradientBoostedTreesGeneric [virtual interface]=2.0657;Generic slow engine=7.3995
steel-plates-fault,Oblique,3,3,100,100,0.1,2.0,2.0,1000,Exact,1552,389,33,0.351,1.0,0.0611371,GradientBoostedTreesGeneric [virtual interface],0.7682,0.7682,2.3085,GradientBoostedTreesGeneric [virtual interface]=0.7682;Generic slow engine=2.3085
steel-plates-fault,Oblique,4,3,100,100,0.1,2.0,2.0,1000,Exact,1552,389,33,0.533,1.0,0.0148095,GradientBoostedTreesGeneric [virtual interface],1.1393,1.1393,3.7343,GradientBoostedTreesGeneric [virtual interface]=1.1393;Generic slow engine=3.7343
steel-plates-fault,Oblique,5,3,100,100,0.1,2.0,2.0,1000,Exact,1552,389,33,0.730,1.0,0.00259613,GradientBoostedTreesGeneric [virtual interface],1.5400,1.5400,5.5248,GradientBoostedTreesGeneric [virtual interface]=1.5400;Generic slow engine=5.5248
steel-plates-fault,Oblique,6,3,100,100,0.1,2.0,2.0,1000,Exact,1552,389,33,0.883,1.0,0.000290973,GradientBoostedTreesGeneric [virtual interface],1.7332,1.7332,6.6703,GradientBoostedTreesGeneric [virtual interface]=1.7332;Generic slow engine=6.6703
steel-plates-fault,Oblique,8,3,100,100,0.1,2.0,2.0,1000,Exact,1552,389,33,1.234,1.0,2.44367,GradientBoostedTreesGeneric [virtual interface],2.5655,2.5655,8.2515,GradientBoostedTreesGeneric [virtual interface]=2.5655;Generic slow engine=8.2515
steel-plates-fault,Axis Aligned,3,4,100,100,0.1,2.0,2.0,1000,Exact,1552,389,33,0.073,1.0,0.0604674,GradientBoostedTreesQuickScorerExtended [virtual interface],0.1588,0.8010,2.2100,GradientBoostedTreesQuickScorerExtended [virtual interface]=0.1588;GradientBoostedTreesGeneric [virtual interface]=0.8010;Generic slow engine=2.2100
steel-plates-fault,Axis Aligned,4,4,100,100,0.1,2.0,2.0,1000,Exact,1552,389,33,0.108,1.0,0.0147166,GradientBoostedTreesQuickScorerExtended [virtual interface],0.2435,1.0860,3.4743,GradientBoostedTreesQuickScorerExtended [virtual interface]=0.2435;GradientBoostedTreesGeneric [virtual interface]=1.0860;Generic slow engine=3.4743
steel-plates-fault,Axis Aligned,5,4,100,100,0.1,2.0,2.0,1000,Exact,1552,389,33,0.159,1.0,0.00263731,GradientBoostedTreesQuickScorerExtended [virtual interface],0.3380,1.4358,5.1855,GradientBoostedTreesQuickScorerExtended [virtual interface]=0.3380;GradientBoostedTreesGeneric [virtual interface]=1.4358;Generic slow engine=5.1855
steel-plates-fault,Axis Aligned,6,4,100,100,0.1,2.0,2.0,1000,Exact,1552,389,33,0.189,1.0,0.000297081,GradientBoostedTreesQuickScorerExtended [virtual interface],0.4308,1.7325,6.6162,GradientBoostedTreesQuickScorerExtended [virtual interface]=0.4308;GradientBoostedTreesGeneric [virtual interface]=1.7325;Generic slow engine=6.6162
steel-plates-fault,Axis Aligned,7,4,100,100,0.1,2.0,2.0,1000,Exact,1552,389,33,0.311,1.0,2.22858,GradientBoostedTreesQuickScorerExtended [virtual interface],0.7300,1.7743,6.6677,GradientBoostedTreesQuickScorerExtended [virtual interface]=0.7300;GradientBoostedTreesGeneric [virtual interface]=1.7743;Generic slow engine=6.6677
steel-plates-fault,Axis Aligned,8,4,100,100,0.1,2.0,2.0,1000,Exact,1552,389,33,0.347,1.0,2.30319,GradientBoostedTreesQuickScorerExtended [virtual interface],0.7910,1.8855,7.1923,GradientBoostedTreesQuickScorerExtended [virtual interface]=0.7910;GradientBoostedTreesGeneric [virtual interface]=1.8855;Generic slow engine=7.1923
steel-plates-fault,Axis Aligned,10,4,100,100,0.1,2.0,2.0,1000,Exact,1552,389,33,0.365,1.0,2.3801,GradientBoostedTreesQuickScorerExtended [virtual interface],0.9457,1.9025,7.1458,GradientBoostedTreesQuickScorerExtended [virtual interface]=0.9457;GradientBoostedTreesGeneric [virtual interface]=1.9025;Generic slow engine=7.1458
steel-plates-fault,Oblique,3,4,100,100,0.1,2.0,2.0,1000,Exact,1552,389,33,0.363,1.0,0.0605826,GradientBoostedTreesGeneric [virtual interface],0.7843,0.7843,2.3105,GradientBoostedTreesGeneric [virtual interface]=0.7843;Generic slow engine=2.3105
steel-plates-fault,Oblique,4,4,100,100,0.1,2.0,2.0,1000,Exact,1552,389,33,0.541,1.0,0.0148294,GradientBoostedTreesGeneric [virtual interface],1.1262,1.1262,3.7782,GradientBoostedTreesGeneric [virtual interface]=1.1262;Generic slow engine=3.7782
steel-plates-fault,Oblique,5,4,100,100,0.1,2.0,2.0,1000,Exact,1552,389,33,0.826,1.0,0.0026052,GradientBoostedTreesGeneric [virtual interface],1.6140,1.6140,5.7390,GradientBoostedTreesGeneric [virtual interface]=1.6140;Generic slow engine=5.7390
steel-plates-fault,Oblique,6,4,100,100,0.1,2.0,2.0,1000,Exact,1552,389,33,0.930,1.0,0.000293138,GradientBoostedTreesGeneric [virtual interface],1.8582,1.8582,7.2628,GradientBoostedTreesGeneric [virtual interface]=1.8582;Generic slow engine=7.2628
steel-plates-fault,Oblique,8,4,100,100,0.1,2.0,2.0,1000,Exact,1552,389,33,1.232,1.0,2.44346,GradientBoostedTreesGeneric [virtual interface],2.5913,2.5913,8.4035,GradientBoostedTreesGeneric [virtual interface]=2.5913;Generic slow engine=8.4035
steel-plates-fault,Axis Aligned,3,5,100,100,0.1,2.0,2.0,1000,Exact,1552,389,33,0.074,1.0,0.0605439,GradientBoostedTreesQuickScorerExtended [virtual interface],0.1573,0.7893,2.1510,GradientBoostedTreesQuickScorerExtended [virtual interface]=0.1573;GradientBoostedTreesGeneric [virtual interface]=0.7893;Generic slow engine=2.1510
steel-plates-fault,Axis Aligned,4,5,100,100,0.1,2.0,2.0,1000,Exact,1552,389,33,0.110,1.0,0.0148944,GradientBoostedTreesQuickScorerExtended [virtual interface],0.2480,1.0660,3.6090,GradientBoostedTreesQuickScorerExtended [virtual interface]=0.2480;GradientBoostedTreesGeneric [virtual interface]=1.0660;Generic slow engine=3.6090
steel-plates-fault,Axis Aligned,5,5,100,100,0.1,2.0,2.0,1000,Exact,1552,389,33,0.162,1.0,0.00262485,GradientBoostedTreesQuickScorerExtended [virtual interface],0.3665,1.4427,5.1813,GradientBoostedTreesQuickScorerExtended [virtual interface]=0.3665;GradientBoostedTreesGeneric [virtual interface]=1.4427;Generic slow engine=5.1813
steel-plates-fault,Axis Aligned,6,5,100,100,0.1,2.0,2.0,1000,Exact,1552,389,33,0.190,1.0,0.000291895,GradientBoostedTreesQuickScorerExtended [virtual interface],0.3970,1.7948,6.7430,GradientBoostedTreesQuickScorerExtended [virtual interface]=0.3970;GradientBoostedTreesGeneric [virtual interface]=1.7948;Generic slow engine=6.7430
steel-plates-fault,Axis Aligned,7,5,100,100,0.1,2.0,2.0,1000,Exact,1552,389,33,0.300,1.0,2.40395,GradientBoostedTreesQuickScorerExtended [virtual interface],0.7368,1.7953,6.8413,GradientBoostedTreesQuickScorerExtended [virtual interface]=0.7368;GradientBoostedTreesGeneric [virtual interface]=1.7953;Generic slow engine=6.8413
steel-plates-fault,Axis Aligned,8,5,100,100,0.1,2.0,2.0,1000,Exact,1552,389,33,0.346,1.0,2.3723,GradientBoostedTreesQuickScorerExtended [virtual interface],0.8060,1.8918,7.2295,GradientBoostedTreesQuickScorerExtended [virtual interface]=0.8060;GradientBoostedTreesGeneric [virtual interface]=1.8918;Generic slow engine=7.2295
steel-plates-fault,Axis Aligned,10,5,100,100,0.1,2.0,2.0,1000,Exact,1552,389,33,0.388,1.0,2.44381,GradientBoostedTreesQuickScorerExtended [virtual interface],0.8970,1.9580,7.4318,GradientBoostedTreesQuickScorerExtended [virtual interface]=0.8970;GradientBoostedTreesGeneric [virtual interface]=1.9580;Generic slow engine=7.4318
steel-plates-fault,Oblique,3,5,100,100,0.1,2.0,2.0,1000,Exact,1552,389,33,0.343,1.0,0.060973,GradientBoostedTreesGeneric [virtual interface],0.7920,0.7920,2.3013,GradientBoostedTreesGeneric [virtual interface]=0.7920;Generic slow engine=2.3013
steel-plates-fault,Oblique,4,5,100,100,0.1,2.0,2.0,1000,Exact,1552,389,33,0.538,1.0,0.0150319,GradientBoostedTreesGeneric [virtual interface],1.1923,1.1923,3.9835,GradientBoostedTreesGeneric [virtual interface]=1.1923;Generic slow engine=3.9835
steel-plates-fault,Oblique,5,5,100,100,0.1,2.0,2.0,1000,Exact,1552,389,33,0.749,1.0,0.00263184,GradientBoostedTreesGeneric [virtual interface],1.6262,1.6262,5.7775,GradientBoostedTreesGeneric [virtual interface]=1.6262;Generic slow engine=5.7775
steel-plates-fault,Oblique,6,5,100,100,0.1,2.0,2.0,1000,Exact,1552,389,33,0.970,1.0,0.000310113,GradientBoostedTreesGeneric [virtual interface],2.0337,2.0337,7.4610,GradientBoostedTreesGeneric [virtual interface]=2.0337;Generic slow engine=7.4610
steel-plates-fault,Oblique,8,5,100,100,0.1,2.0,2.0,1000,Exact,1552,389,33,1.203,1.0,2.35308,GradientBoostedTreesGeneric [virtual interface],2.4160,2.4160,8.2620,GradientBoostedTreesGeneric [virtual interface]=2.4160;Generic slow engine=8.2620
steel-plates-fault,Axis Aligned,3,6,100,100,0.1,2.0,2.0,1000,Exact,1552,389,33,0.074,1.0,0.0586193,GradientBoostedTreesQuickScorerExtended [virtual interface],0.2003,0.7863,2.2055,GradientBoostedTreesQuickScorerExtended [virtual interface]=0.2003;GradientBoostedTreesGeneric [virtual interface]=0.7863;Generic slow engine=2.2055
steel-plates-fault,Axis Aligned,4,6,100,100,0.1,2.0,2.0,1000,Exact,1552,389,33,0.107,1.0,0.014415,GradientBoostedTreesQuickScorerExtended [virtual interface],0.2715,1.1178,3.5080,GradientBoostedTreesQuickScorerExtended [virtual interface]=0.2715;GradientBoostedTreesGeneric [virtual interface]=1.1178;Generic slow engine=3.5080
steel-plates-fault,Axis Aligned,5,6,100,100,0.1,2.0,2.0,1000,Exact,1552,389,33,0.143,1.0,0.00255762,GradientBoostedTreesQuickScorerExtended [virtual interface],0.3560,1.4532,5.0753,GradientBoostedTreesQuickScorerExtended [virtual interface]=0.3560;GradientBoostedTreesGeneric [virtual interface]=1.4532;Generic slow engine=5.0753
steel-plates-fault,Axis Aligned,6,6,100,100,0.1,2.0,2.0,1000,Exact,1552,389,33,0.192,1.0,0.000283312,GradientBoostedTreesQuickScorerExtended [virtual interface],0.4577,1.8237,6.5928,GradientBoostedTreesQuickScorerExtended [virtual interface]=0.4577;GradientBoostedTreesGeneric [virtual interface]=1.8237;Generic slow engine=6.5928
steel-plates-fault,Axis Aligned,7,6,100,100,0.1,2.0,2.0,1000,Exact,1552,389,33,0.270,1.0,2.17966,GradientBoostedTreesQuickScorerExtended [virtual interface],0.6605,1.7997,6.4015,GradientBoostedTreesQuickScorerExtended [virtual interface]=0.6605;GradientBoostedTreesGeneric [virtual interface]=1.7997;Generic slow engine=6.4015
steel-plates-fault,Axis Aligned,8,6,100,100,0.1,2.0,2.0,1000,Exact,1552,389,33,0.334,1.0,2.35181,GradientBoostedTreesQuickScorerExtended [virtual interface],0.7900,1.9300,6.9655,GradientBoostedTreesQuickScorerExtended [virtual interface]=0.7900;GradientBoostedTreesGeneric [virtual interface]=1.9300;Generic slow engine=6.9655
steel-plates-fault,Axis Aligned,10,6,100,100,0.1,2.0,2.0,1000,Exact,1552,389,33,0.395,1.0,2.54163,GradientBoostedTreesGeneric [virtual interface],2.0028,2.0028,7.3578,GradientBoostedTreesGeneric [virtual interface]=2.0028;Generic slow engine=7.3578
steel-plates-fault,Oblique,3,6,100,100,0.1,2.0,2.0,1000,Exact,1552,389,33,0.351,1.0,0.0577053,GradientBoostedTreesGeneric [virtual interface],0.7985,0.7985,2.2978,GradientBoostedTreesGeneric [virtual interface]=0.7985;Generic slow engine=2.2978
steel-plates-fault,Oblique,4,6,100,100,0.1,2.0,2.0,1000,Exact,1552,389,33,0.534,1.0,0.0139882,GradientBoostedTreesGeneric [virtual interface],1.1387,1.1387,3.7277,GradientBoostedTreesGeneric [virtual interface]=1.1387;Generic slow engine=3.7277
steel-plates-fault,Oblique,5,6,100,100,0.1,2.0,2.0,1000,Exact,1552,389,33,0.738,1.0,0.00252173,GradientBoostedTreesGeneric [virtual interface],1.5265,1.5265,5.4088,GradientBoostedTreesGeneric [virtual interface]=1.5265;Generic slow engine=5.4088
steel-plates-fault,Oblique,6,6,100,100,0.1,2.0,2.0,1000,Exact,1552,389,33,0.931,1.0,0.000283933,GradientBoostedTreesGeneric [virtual interface],1.8920,1.8920,7.2027,GradientBoostedTreesGeneric [virtual interface]=1.8920;Generic slow engine=7.2027
steel-plates-fault,Oblique,8,6,100,100,0.1,2.0,2.0,1000,Exact,1552,389,33,1.196,1.0,2.38023,GradientBoostedTreesGeneric [virtual interface],2.4798,2.4798,8.0485,GradientBoostedTreesGeneric [virtual interface]=2.4798;Generic slow engine=8.0485
steel-plates-fault,Axis Aligned,3,7,100,100,0.1,2.0,2.0,1000,Exact,1552,389,33,0.074,1.0,0.0630647,GradientBoostedTreesQuickScorerExtended [virtual interface],0.1613,0.7870,2.2437,GradientBoostedTreesQuickScorerExtended [virtual interface]=0.1613;GradientBoostedTreesGeneric [virtual interface]=0.7870;Generic slow engine=2.2437
steel-plates-fault,Axis Aligned,4,7,100,100,0.1,2.0,2.0,1000,Exact,1552,389,33,0.109,1.0,0.0156021,GradientBoostedTreesQuickScorerExtended [virtual interface],0.2340,1.0988,3.6738,GradientBoostedTreesQuickScorerExtended [virtual interface]=0.2340;GradientBoostedTreesGeneric [virtual interface]=1.0988;Generic slow engine=3.6738
steel-plates-fault,Axis Aligned,5,7,100,100,0.1,2.0,2.0,1000,Exact,1552,389,33,0.147,1.0,0.00274651,GradientBoostedTreesQuickScorerExtended [virtual interface],0.3110,1.4140,5.0750,GradientBoostedTreesQuickScorerExtended [virtual interface]=0.3110;GradientBoostedTreesGeneric [virtual interface]=1.4140;Generic slow engine=5.0750
steel-plates-fault,Axis Aligned,6,7,100,100,0.1,2.0,2.0,1000,Exact,1552,389,33,0.190,1.0,0.000305432,GradientBoostedTreesQuickScorerExtended [virtual interface],0.4123,1.7923,6.5240,GradientBoostedTreesQuickScorerExtended [virtual interface]=0.4123;GradientBoostedTreesGeneric [virtual interface]=1.7923;Generic slow engine=6.5240
steel-plates-fault,Axis Aligned,7,7,100,100,0.1,2.0,2.0,1000,Exact,1552,389,33,0.292,1.0,2.28494,GradientBoostedTreesQuickScorerExtended [virtual interface],0.7045,1.8353,6.7268,GradientBoostedTreesQuickScorerExtended [virtual interface]=0.7045;GradientBoostedTreesGeneric [virtual interface]=1.8353;Generic slow engine=6.7268
steel-plates-fault,Axis Aligned,8,7,100,100,0.1,2.0,2.0,1000,Exact,1552,389,33,0.333,1.0,2.28909,GradientBoostedTreesQuickScorerExtended [virtual interface],0.7248,1.9590,7.1088,GradientBoostedTreesQuickScorerExtended [virtual interface]=0.7248;GradientBoostedTreesGeneric [virtual interface]=1.9590;Generic slow engine=7.1088
steel-plates-fault,Axis Aligned,10,7,100,100,0.1,2.0,2.0,1000,Exact,1552,389,33,0.407,1.0,2.56215,GradientBoostedTreesQuickScorerExtended [virtual interface],0.8505,1.9875,7.3535,GradientBoostedTreesQuickScorerExtended [virtual interface]=0.8505;GradientBoostedTreesGeneric [virtual interface]=1.9875;Generic slow engine=7.3535
steel-plates-fault,Oblique,3,7,100,100,0.1,2.0,2.0,1000,Exact,1552,389,33,0.348,1.0,0.0628263,GradientBoostedTreesGeneric [virtual interface],0.7792,0.7792,2.2957,GradientBoostedTreesGeneric [virtual interface]=0.7792;Generic slow engine=2.2957
steel-plates-fault,Oblique,4,7,100,100,0.1,2.0,2.0,1000,Exact,1552,389,33,0.538,1.0,0.0151968,GradientBoostedTreesGeneric [virtual interface],1.1593,1.1593,3.9025,GradientBoostedTreesGeneric [virtual interface]=1.1593;Generic slow engine=3.9025
steel-plates-fault,Oblique,5,7,100,100,0.1,2.0,2.0,1000,Exact,1552,389,33,0.778,1.0,0.00281136,GradientBoostedTreesGeneric [virtual interface],1.6228,1.6228,5.7038,GradientBoostedTreesGeneric [virtual interface]=1.6228;Generic slow engine=5.7038
steel-plates-fault,Oblique,6,7,100,100,0.1,2.0,2.0,1000,Exact,1552,389,33,0.957,1.0,0.000316726,GradientBoostedTreesGeneric [virtual interface],2.1138,2.1138,7.7088,GradientBoostedTreesGeneric [virtual interface]=2.1138;Generic slow engine=7.7088
steel-plates-fault,Oblique,8,7,100,100,0.1,2.0,2.0,1000,Exact,1552,389,33,1.161,1.0,2.37772,GradientBoostedTreesGeneric [virtual interface],2.4428,2.4428,8.1700,GradientBoostedTreesGeneric [virtual interface]=2.4428;Generic slow engine=8.1700
steel-plates-fault,Axis Aligned,3,8,100,100,0.1,2.0,2.0,1000,Exact,1552,389,33,0.074,1.0,0.0589951,GradientBoostedTreesQuickScorerExtended [virtual interface],0.1658,0.8085,2.1970,GradientBoostedTreesQuickScorerExtended [virtual interface]=0.1658;GradientBoostedTreesGeneric [virtual interface]=0.8085;Generic slow engine=2.1970
steel-plates-fault,Axis Aligned,4,8,100,100,0.1,2.0,2.0,1000,Exact,1552,389,33,0.107,1.0,0.0145196,GradientBoostedTreesQuickScorerExtended [virtual interface],0.2632,1.1038,3.4432,GradientBoostedTreesQuickScorerExtended [virtual interface]=0.2632;GradientBoostedTreesGeneric [virtual interface]=1.1038;Generic slow engine=3.4432
steel-plates-fault,Axis Aligned,5,8,100,100,0.1,2.0,2.0,1000,Exact,1552,389,33,0.144,1.0,0.0025697,GradientBoostedTreesQuickScorerExtended [virtual interface],0.3460,1.4293,4.9573,GradientBoostedTreesQuickScorerExtended [virtual interface]=0.3460;GradientBoostedTreesGeneric [virtual interface]=1.4293;Generic slow engine=4.9573
steel-plates-fault,Axis Aligned,6,8,100,100,0.1,2.0,2.0,1000,Exact,1552,389,33,0.179,1.0,0.000284961,GradientBoostedTreesQuickScorerExtended [virtual interface],0.4270,1.8273,6.6070,GradientBoostedTreesQuickScorerExtended [virtual interface]=0.4270;GradientBoostedTreesGeneric [virtual interface]=1.8273;Generic slow engine=6.6070
steel-plates-fault,Axis Aligned,7,8,100,100,0.1,2.0,2.0,1000,Exact,1552,389,33,0.293,1.0,2.23723,GradientBoostedTreesQuickScorerExtended [virtual interface],0.7195,1.7825,6.7500,GradientBoostedTreesQuickScorerExtended [virtual interface]=0.7195;GradientBoostedTreesGeneric [virtual interface]=1.7825;Generic slow engine=6.7500
steel-plates-fault,Axis Aligned,8,8,100,100,0.1,2.0,2.0,1000,Exact,1552,389,33,0.336,1.0,2.34596,GradientBoostedTreesQuickScorerExtended [virtual interface],0.8103,1.9045,7.1760,GradientBoostedTreesQuickScorerExtended [virtual interface]=0.8103;GradientBoostedTreesGeneric [virtual interface]=1.9045;Generic slow engine=7.1760
steel-plates-fault,Axis Aligned,10,8,100,100,0.1,2.0,2.0,1000,Exact,1552,389,33,0.418,1.0,2.68738,GradientBoostedTreesGeneric [virtual interface],2.0345,2.0345,7.5490,GradientBoostedTreesGeneric [virtual interface]=2.0345;Generic slow engine=7.5490
steel-plates-fault,Oblique,3,8,100,100,0.1,2.0,2.0,1000,Exact,1552,389,33,0.345,1.0,0.0593642,GradientBoostedTreesGeneric [virtual interface],0.7778,0.7778,2.3685,GradientBoostedTreesGeneric [virtual interface]=0.7778;Generic slow engine=2.3685
steel-plates-fault,Oblique,4,8,100,100,0.1,2.0,2.0,1000,Exact,1552,389,33,0.539,1.0,0.0145216,GradientBoostedTreesGeneric [virtual interface],1.1198,1.1198,3.8598,GradientBoostedTreesGeneric [virtual interface]=1.1198;Generic slow engine=3.8598
steel-plates-fault,Oblique,5,8,100,100,0.1,2.0,2.0,1000,Exact,1552,389,33,0.770,1.0,0.00258227,GradientBoostedTreesGeneric [virtual interface],1.6178,1.6178,5.7580,GradientBoostedTreesGeneric [virtual interface]=1.6178;Generic slow engine=5.7580
steel-plates-fault,Oblique,6,8,100,100,0.1,2.0,2.0,1000,Exact,1552,389,33,0.935,1.0,0.000286623,GradientBoostedTreesGeneric [virtual interface],1.9133,1.9133,7.4713,GradientBoostedTreesGeneric [virtual interface]=1.9133;Generic slow engine=7.4713
steel-plates-fault,Oblique,8,8,100,100,0.1,2.0,2.0,1000,Exact,1552,389,33,1.216,1.0,2.52286,GradientBoostedTreesGeneric [virtual interface],2.5553,2.5553,8.3302,GradientBoostedTreesGeneric [virtual interface]=2.5553;Generic slow engine=8.3302
steel-plates-fault,Axis Aligned,3,9,100,100,0.1,2.0,2.0,1000,Exact,1552,389,33,0.074,1.0,0.0589504,GradientBoostedTreesQuickScorerExtended [virtual interface],0.1893,0.7742,2.1562,GradientBoostedTreesQuickScorerExtended [virtual interface]=0.1893;GradientBoostedTreesGeneric [virtual interface]=0.7742;Generic slow engine=2.1562
steel-plates-fault,Axis Aligned,4,9,100,100,0.1,2.0,2.0,1000,Exact,1552,389,33,0.113,1.0,0.0144024,GradientBoostedTreesQuickScorerExtended [virtual interface],0.2587,1.1015,3.6358,GradientBoostedTreesQuickScorerExtended [virtual interface]=0.2587;GradientBoostedTreesGeneric [virtual interface]=1.1015;Generic slow engine=3.6358
steel-plates-fault,Axis Aligned,5,9,100,100,0.1,2.0,2.0,1000,Exact,1552,389,33,0.152,1.0,0.0025337,GradientBoostedTreesQuickScorerExtended [virtual interface],0.3610,1.4458,5.1258,GradientBoostedTreesQuickScorerExtended [virtual interface]=0.3610;GradientBoostedTreesGeneric [virtual interface]=1.4458;Generic slow engine=5.1258
steel-plates-fault,Axis Aligned,6,9,100,100,0.1,2.0,2.0,1000,Exact,1552,389,33,0.191,1.0,0.000280397,GradientBoostedTreesQuickScorerExtended [virtual interface],0.4467,1.8695,6.7675,GradientBoostedTreesQuickScorerExtended [virtual interface]=0.4467;GradientBoostedTreesGeneric [virtual interface]=1.8695;Generic slow engine=6.7675
steel-plates-fault,Axis Aligned,7,9,100,100,0.1,2.0,2.0,1000,Exact,1552,389,33,0.282,1.0,2.19533,GradientBoostedTreesQuickScorerExtended [virtual interface],0.6665,1.7683,6.5040,GradientBoostedTreesQuickScorerExtended [virtual interface]=0.6665;GradientBoostedTreesGeneric [virtual interface]=1.7683;Generic slow engine=6.5040
steel-plates-fault,Axis Aligned,8,9,100,100,0.1,2.0,2.0,1000,Exact,1552,389,33,0.343,1.0,2.47125,GradientBoostedTreesQuickScorerExtended [virtual interface],0.8285,1.8882,7.1005,GradientBoostedTreesQuickScorerExtended [virtual interface]=0.8285;GradientBoostedTreesGeneric [virtual interface]=1.8882;Generic slow engine=7.1005
steel-plates-fault,Axis Aligned,10,9,100,100,0.1,2.0,2.0,1000,Exact,1552,389,33,0.407,1.0,2.58853,GradientBoostedTreesGeneric [virtual interface],1.9883,1.9883,7.5258,GradientBoostedTreesGeneric [virtual interface]=1.9883;Generic slow engine=7.5258
steel-plates-fault,Oblique,3,9,100,100,0.1,2.0,2.0,1000,Exact,1552,389,33,0.341,1.0,0.0587957,GradientBoostedTreesGeneric [virtual interface],0.7873,0.7873,2.2440,GradientBoostedTreesGeneric [virtual interface]=0.7873;Generic slow engine=2.2440
steel-plates-fault,Oblique,4,9,100,100,0.1,2.0,2.0,1000,Exact,1552,389,33,0.531,1.0,0.0145659,GradientBoostedTreesGeneric [virtual interface],1.1885,1.1885,3.9910,GradientBoostedTreesGeneric [virtual interface]=1.1885;Generic slow engine=3.9910
steel-plates-fault,Oblique,5,9,100,100,0.1,2.0,2.0,1000,Exact,1552,389,33,0.754,1.0,0.00253403,GradientBoostedTreesGeneric [virtual interface],1.7000,1.7000,5.8580,GradientBoostedTreesGeneric [virtual interface]=1.7000;Generic slow engine=5.8580
steel-plates-fault,Oblique,6,9,100,100,0.1,2.0,2.0,1000,Exact,1552,389,33,1.017,1.0,0.000287263,GradientBoostedTreesGeneric [virtual interface],2.2433,2.2433,7.8898,GradientBoostedTreesGeneric [virtual interface]=2.2433;Generic slow engine=7.8898
steel-plates-fault,Oblique,8,9,100,100,0.1,2.0,2.0,1000,Exact,1552,389,33,1.204,1.0,2.46541,GradientBoostedTreesGeneric [virtual interface],2.5728,2.5728,8.1935,GradientBoostedTreesGeneric [virtual interface]=2.5728;Generic slow engine=8.1935
ozone-level-8hr,Axis Aligned,3,0,100,65,0.1,2.0,2.0,1000,Exact,2027,507,72,0.124,0.930966,0.168235,GradientBoostedTreesQuickScorerExtended [virtual interface],0.2787,0.8995,1.5445,GradientBoostedTreesQuickScorerExtended [virtual interface]=0.2787;GradientBoostedTreesOptPred [virtual interface]=0.5220;GradientBoostedTreesGeneric [virtual interface]=0.8995;Generic slow engine=1.5445
ozone-level-8hr,Axis Aligned,4,0,100,46,0.1,2.0,2.0,1000,Exact,2027,507,72,0.173,0.932939,0.166373,GradientBoostedTreesQuickScorerExtended [virtual interface],0.3975,0.8605,1.8362,GradientBoostedTreesQuickScorerExtended [virtual interface]=0.3975;GradientBoostedTreesOptPred [virtual interface]=0.5162;GradientBoostedTreesGeneric [virtual interface]=0.8605;Generic slow engine=1.8362
ozone-level-8hr,Axis Aligned,5,0,100,93,0.1,2.0,2.0,1000,Exact,2027,507,72,0.355,0.936884,0.16327,GradientBoostedTreesQuickScorerExtended [virtual interface],0.9712,2.5810,5.6858,GradientBoostedTreesQuickScorerExtended [virtual interface]=0.9712;GradientBoostedTreesOptPred [virtual interface]=1.5448;GradientBoostedTreesGeneric [virtual interface]=2.5810;Generic slow engine=5.6858
ozone-level-8hr,Axis Aligned,6,0,100,51,0.1,2.0,2.0,1000,Exact,2027,507,72,0.477,0.932939,0.181547,GradientBoostedTreesQuickScorerExtended [virtual interface],0.9060,1.7087,4.3630,GradientBoostedTreesQuickScorerExtended [virtual interface]=0.9060;GradientBoostedTreesOptPred [virtual interface]=0.9828;GradientBoostedTreesGeneric [virtual interface]=1.7087;Generic slow engine=4.3630
ozone-level-8hr,Axis Aligned,7,0,100,27,0.1,2.0,2.0,1000,Exact,2027,507,72,0.515,0.938856,0.182804,GradientBoostedTreesOptPred [virtual interface],0.5175,0.8688,2.8890,GradientBoostedTreesOptPred [virtual interface]=0.5175;GradientBoostedTreesQuickScorerExtended [virtual interface]=0.8385;GradientBoostedTreesGeneric [virtual interface]=0.8688;Generic slow engine=2.8890
ozone-level-8hr,Axis Aligned,8,0,100,42,0.1,2.0,2.0,1000,Exact,2027,507,72,0.958,0.930966,0.198833,GradientBoostedTreesOptPred [virtual interface],1.1673,1.7730,5.6982,GradientBoostedTreesOptPred [virtual interface]=1.1673;GradientBoostedTreesQuickScorerExtended [virtual interface]=1.3830;GradientBoostedTreesGeneric [virtual interface]=1.7730;Generic slow engine=5.6982
ozone-level-8hr,Axis Aligned,10,0,100,17,0.1,2.0,2.0,1000,Exact,2027,507,72,0.969,0.934911,0.188208,GradientBoostedTreesOptPred [virtual interface],0.4078,0.7435,3.1412,GradientBoostedTreesOptPred [virtual interface]=0.4078;GradientBoostedTreesGeneric [virtual interface]=0.7435;Generic slow engine=3.1412
ozone-level-8hr,Oblique,3,0,100,95,0.1,2.0,2.0,1000,Exact,2027,507,72,0.703,0.938856,0.150616,GradientBoostedTreesGeneric [virtual interface],1.4020,1.4020,4.3807,GradientBoostedTreesGeneric [virtual interface]=1.4020;Generic slow engine=4.3807
ozone-level-8hr,Oblique,4,0,100,41,0.1,2.0,2.0,1000,Exact,2027,507,72,0.761,0.938856,0.149113,GradientBoostedTreesGeneric [virtual interface],0.8735,0.8735,3.3880,GradientBoostedTreesGeneric [virtual interface]=0.8735;Generic slow engine=3.3880
ozone-level-8hr,Oblique,5,0,100,60,0.1,2.0,2.0,1000,Exact,2027,507,72,1.351,0.938856,0.156663,GradientBoostedTreesGeneric [virtual interface],1.8835,1.8835,7.1905,GradientBoostedTreesGeneric [virtual interface]=1.8835;Generic slow engine=7.1905
ozone-level-8hr,Oblique,6,0,100,23,0.1,2.0,2.0,1000,Exact,2027,507,72,1.083,0.936884,0.15611,GradientBoostedTreesGeneric [virtual interface],0.7967,0.7967,3.6692,GradientBoostedTreesGeneric [virtual interface]=0.7967;Generic slow engine=3.6692
ozone-level-8hr,Oblique,8,0,100,21,0.1,2.0,2.0,1000,Exact,2027,507,72,1.741,0.936884,0.19168,GradientBoostedTreesGeneric [virtual interface],1.0290,1.0290,4.9138,GradientBoostedTreesGeneric [virtual interface]=1.0290;Generic slow engine=4.9138
ozone-level-8hr,Axis Aligned,3,1,100,64,0.1,2.0,2.0,1000,Exact,2027,507,72,0.119,0.930966,0.165821,GradientBoostedTreesQuickScorerExtended [virtual interface],0.2740,0.8998,1.4998,GradientBoostedTreesQuickScorerExtended [virtual interface]=0.2740;GradientBoostedTreesOptPred [virtual interface]=0.5142;GradientBoostedTreesGeneric [virtual interface]=0.8998;Generic slow engine=1.4998
ozone-level-8hr,Axis Aligned,4,1,100,49,0.1,2.0,2.0,1000,Exact,2027,507,72,0.168,0.940828,0.173008,GradientBoostedTreesQuickScorerExtended [virtual interface],0.3947,0.9320,1.9892,GradientBoostedTreesQuickScorerExtended [virtual interface]=0.3947;GradientBoostedTreesOptPred [virtual interface]=0.5905;GradientBoostedTreesGeneric [virtual interface]=0.9320;Generic slow engine=1.9892
ozone-level-8hr,Axis Aligned,5,1,100,27,0.1,2.0,2.0,1000,Exact,2027,507,72,0.212,0.932939,0.185849,GradientBoostedTreesOptPred [virtual interface],0.2943,0.5877,1.3900,GradientBoostedTreesOptPred [virtual interface]=0.2943;GradientBoostedTreesQuickScorerExtended [virtual interface]=0.3975;GradientBoostedTreesGeneric [virtual interface]=0.5877;Generic slow engine=1.3900
ozone-level-8hr,Axis Aligned,6,1,100,25,0.1,2.0,2.0,1000,Exact,2027,507,72,0.297,0.934911,0.189592,GradientBoostedTreesOptPred [virtual interface],0.3422,0.6827,1.9155,GradientBoostedTreesOptPred [virtual interface]=0.3422;GradientBoostedTreesQuickScorerExtended [virtual interface]=0.5275;GradientBoostedTreesGeneric [virtual interface]=0.6827;Generic slow engine=1.9155
ozone-level-8hr,Axis Aligned,7,1,100,31,0.1,2.0,2.0,1000,Exact,2027,507,72,0.482,0.934911,0.195204,GradientBoostedTreesOptPred [virtual interface],0.6198,1.0275,3.2603,GradientBoostedTreesOptPred [virtual interface]=0.6198;GradientBoostedTreesQuickScorerExtended [virtual interface]=0.8438;GradientBoostedTreesGeneric [virtual interface]=1.0275;Generic slow engine=3.2603
ozone-level-8hr,Axis Aligned,8,1,100,30,0.1,2.0,2.0,1000,Exact,2027,507,72,0.687,0.938856,0.190973,GradientBoostedTreesOptPred [virtual interface],0.6877,1.1575,3.9758,GradientBoostedTreesOptPred [virtual interface]=0.6877;GradientBoostedTreesQuickScorerExtended [virtual interface]=1.0255;GradientBoostedTreesGeneric [virtual interface]=1.1575;Generic slow engine=3.9758
ozone-level-8hr,Axis Aligned,10,1,100,18,0.1,2.0,2.0,1000,Exact,2027,507,72,0.980,0.928994,0.199809,GradientBoostedTreesOptPred [virtual interface],0.3782,0.7612,3.2548,GradientBoostedTreesOptPred [virtual interface]=0.3782;GradientBoostedTreesGeneric [virtual interface]=0.7612;Generic slow engine=3.2548
ozone-level-8hr,Oblique,3,1,100,84,0.1,2.0,2.0,1000,Exact,2027,507,72,0.673,0.938856,0.158482,GradientBoostedTreesGeneric [virtual interface],1.2308,1.2308,3.7383,GradientBoostedTreesGeneric [virtual interface]=1.2308;Generic slow engine=3.7383
ozone-level-8hr,Oblique,4,1,100,75,0.1,2.0,2.0,1000,Exact,2027,507,72,1.068,0.934911,0.157281,GradientBoostedTreesGeneric [virtual interface],1.7720,1.7720,6.1363,GradientBoostedTreesGeneric [virtual interface]=1.7720;Generic slow engine=6.1363
ozone-level-8hr,Oblique,5,1,100,48,0.1,2.0,2.0,1000,Exact,2027,507,72,1.189,0.936884,0.162514,GradientBoostedTreesGeneric [virtual interface],1.3993,1.3993,5.8623,GradientBoostedTreesGeneric [virtual interface]=1.3993;Generic slow engine=5.8623
ozone-level-8hr,Oblique,6,1,100,26,0.1,2.0,2.0,1000,Exact,2027,507,72,1.163,0.932939,0.170923,GradientBoostedTreesGeneric [virtual interface],0.9113,0.9113,4.1007,GradientBoostedTreesGeneric [virtual interface]=0.9113;Generic slow engine=4.1007
ozone-level-8hr,Oblique,8,1,100,27,0.1,2.0,2.0,1000,Exact,2027,507,72,1.923,0.930966,0.183617,GradientBoostedTreesGeneric [virtual interface],1.4880,1.4880,6.3813,GradientBoostedTreesGeneric [virtual interface]=1.4880;Generic slow engine=6.3813
ozone-level-8hr,Axis Aligned,3,2,100,86,0.1,2.0,2.0,1000,Exact,2027,507,72,0.125,0.960552,0.123145,GradientBoostedTreesQuickScorerExtended [virtual interface],0.3257,1.2485,2.1052,GradientBoostedTreesQuickScorerExtended [virtual interface]=0.3257;GradientBoostedTreesOptPred [virtual interface]=0.7358;GradientBoostedTreesGeneric [virtual interface]=1.2485;Generic slow engine=2.1052
ozone-level-8hr,Axis Aligned,4,2,100,97,0.1,2.0,2.0,1000,Exact,2027,507,72,0.210,0.95858,0.114319,GradientBoostedTreesQuickScorerExtended [virtual interface],0.6512,2.0145,4.0528,GradientBoostedTreesQuickScorerExtended [virtual interface]=0.6512;GradientBoostedTreesOptPred [virtual interface]=1.2808;GradientBoostedTreesGeneric [virtual interface]=2.0145;Generic slow engine=4.0528
ozone-level-8hr,Axis Aligned,5,2,100,72,0.1,2.0,2.0,1000,Exact,2027,507,72,0.358,0.95858,0.115588,GradientBoostedTreesQuickScorerExtended [virtual interface],0.8435,1.9983,4.4170,GradientBoostedTreesQuickScorerExtended [virtual interface]=0.8435;GradientBoostedTreesOptPred [virtual interface]=1.2228;GradientBoostedTreesGeneric [virtual interface]=1.9983;Generic slow engine=4.4170
ozone-level-8hr,Axis Aligned,6,2,100,52,0.1,2.0,2.0,1000,Exact,2027,507,72,0.465,0.95858,0.117954,GradientBoostedTreesQuickScorerExtended [virtual interface],0.9457,1.6813,4.4030,GradientBoostedTreesQuickScorerExtended [virtual interface]=0.9457;GradientBoostedTreesOptPred [virtual interface]=0.9872;GradientBoostedTreesGeneric [virtual interface]=1.6813;Generic slow engine=4.4030
ozone-level-8hr,Axis Aligned,7,2,100,19,0.1,2.0,2.0,1000,Exact,2027,507,72,0.447,0.962525,0.122339,GradientBoostedTreesOptPred [virtual interface],0.3003,0.5527,1.8410,GradientBoostedTreesOptPred [virtual interface]=0.3003;GradientBoostedTreesGeneric [virtual interface]=0.5527;GradientBoostedTreesQuickScorerExtended [virtual interface]=0.7817;Generic slow engine=1.8410
ozone-level-8hr,Axis Aligned,8,2,100,21,0.1,2.0,2.0,1000,Exact,2027,507,72,0.724,0.956608,0.126753,GradientBoostedTreesOptPred [virtual interface],0.4328,0.7562,2.6575,GradientBoostedTreesOptPred [virtual interface]=0.4328;GradientBoostedTreesGeneric [virtual interface]=0.7562;Generic slow engine=2.6575
ozone-level-8hr,Axis Aligned,10,2,100,18,0.1,2.0,2.0,1000,Exact,2027,507,72,1.048,0.962525,0.125156,GradientBoostedTreesOptPred [virtual interface],0.4363,0.7833,3.2433,GradientBoostedTreesOptPred [virtual interface]=0.4363;GradientBoostedTreesGeneric [virtual interface]=0.7833;Generic slow engine=3.2433
ozone-level-8hr,Oblique,3,2,100,100,0.1,2.0,2.0,1000,Exact,2027,507,72,0.689,0.962525,0.102877,GradientBoostedTreesGeneric [virtual interface],1.5408,1.5408,4.6147,GradientBoostedTreesGeneric [virtual interface]=1.5408;Generic slow engine=4.6147
ozone-level-8hr,Oblique,4,2,100,100,0.1,2.0,2.0,1000,Exact,2027,507,72,1.106,0.962525,0.10162,GradientBoostedTreesGeneric [virtual interface],2.5057,2.5057,8.5173,GradientBoostedTreesGeneric [virtual interface]=2.5057;Generic slow engine=8.5173
ozone-level-8hr,Oblique,5,2,100,52,0.1,2.0,2.0,1000,Exact,2027,507,72,1.251,0.966469,0.0935423,GradientBoostedTreesGeneric [virtual interface],1.6093,1.6093,6.4160,GradientBoostedTreesGeneric [virtual interface]=1.6093;Generic slow engine=6.4160
ozone-level-8hr,Oblique,6,2,100,50,0.1,2.0,2.0,1000,Exact,2027,507,72,1.690,0.968442,0.0933891,GradientBoostedTreesGeneric [virtual interface],2.0383,2.0383,8.1203,GradientBoostedTreesGeneric [virtual interface]=2.0383;Generic slow engine=8.1203
ozone-level-8hr,Oblique,8,2,100,20,0.1,2.0,2.0,1000,Exact,2027,507,72,1.728,0.960552,0.11092,GradientBoostedTreesGeneric [virtual interface],0.9992,0.9992,4.8485,GradientBoostedTreesGeneric [virtual interface]=0.9992;Generic slow engine=4.8485
ozone-level-8hr,Axis Aligned,3,3,100,45,0.1,2.0,2.0,1000,Exact,2027,507,72,0.096,0.936884,0.172148,GradientBoostedTreesQuickScorerExtended [virtual interface],0.1960,0.5720,0.9038,GradientBoostedTreesQuickScorerExtended [virtual interface]=0.1960;GradientBoostedTreesOptPred [virtual interface]=0.2868;GradientBoostedTreesGeneric [virtual interface]=0.5720;Generic slow engine=0.9038
ozone-level-8hr,Axis Aligned,4,3,100,47,0.1,2.0,2.0,1000,Exact,2027,507,72,0.167,0.938856,0.164958,GradientBoostedTreesQuickScorerExtended [virtual interface],0.3670,0.8480,1.8842,GradientBoostedTreesQuickScorerExtended [virtual interface]=0.3670;GradientBoostedTreesOptPred [virtual interface]=0.5005;GradientBoostedTreesGeneric [virtual interface]=0.8480;Generic slow engine=1.8842
ozone-level-8hr,Axis Aligned,5,3,100,78,0.1,2.0,2.0,1000,Exact,2027,507,72,0.340,0.936884,0.18309,GradientBoostedTreesQuickScorerExtended [virtual interface],0.7985,1.9838,4.7360,GradientBoostedTreesQuickScorerExtended [virtual interface]=0.7985;GradientBoostedTreesOptPred [virtual interface]=1.1658;GradientBoostedTreesGeneric [virtual interface]=1.9838;Generic slow engine=4.7360
ozone-level-8hr,Axis Aligned,6,3,100,38,0.1,2.0,2.0,1000,Exact,2027,507,72,0.384,0.938856,0.178108,GradientBoostedTreesOptPred [virtual interface],0.5895,1.0655,3.2540,GradientBoostedTreesOptPred [virtual interface]=0.5895;GradientBoostedTreesQuickScorerExtended [virtual interface]=0.7732;GradientBoostedTreesGeneric [virtual interface]=1.0655;Generic slow engine=3.2540
ozone-level-8hr,Axis Aligned,7,3,100,35,0.1,2.0,2.0,1000,Exact,2027,507,72,0.549,0.940828,0.184452,GradientBoostedTreesOptPred [virtual interface],0.6472,1.0857,3.7700,GradientBoostedTreesOptPred [virtual interface]=0.6472;GradientBoostedTreesQuickScorerExtended [virtual interface]=0.8822;GradientBoostedTreesGeneric [virtual interface]=1.0857;Generic slow engine=3.7700
ozone-level-8hr,Axis Aligned,8,3,100,31,0.1,2.0,2.0,1000,Exact,2027,507,72,0.741,0.940828,0.193795,GradientBoostedTreesOptPred [virtual interface],0.6790,1.1447,4.1505,GradientBoostedTreesOptPred [virtual interface]=0.6790;GradientBoostedTreesGeneric [virtual interface]=1.1447;GradientBoostedTreesQuickScorerExtended [virtual interface]=1.2535;Generic slow engine=4.1505
ozone-level-8hr,Axis Aligned,10,3,100,15,0.1,2.0,2.0,1000,Exact,2027,507,72,1.054,0.934911,0.191963,GradientBoostedTreesOptPred [virtual interface],0.3043,0.6058,2.3967,GradientBoostedTreesOptPred [virtual interface]=0.3043;GradientBoostedTreesGeneric [virtual interface]=0.6058;Generic slow engine=2.3967
ozone-level-8hr,Oblique,3,3,100,92,0.1,2.0,2.0,1000,Exact,2027,507,72,0.694,0.946746,0.142489,GradientBoostedTreesGeneric [virtual interface],1.3245,1.3245,4.3018,GradientBoostedTreesGeneric [virtual interface]=1.3245;Generic slow engine=4.3018
ozone-level-8hr,Oblique,4,3,100,46,0.1,2.0,2.0,1000,Exact,2027,507,72,0.827,0.948718,0.144396,GradientBoostedTreesGeneric [virtual interface],0.9463,0.9463,3.7710,GradientBoostedTreesGeneric [virtual interface]=0.9463;Generic slow engine=3.7710
ozone-level-8hr,Oblique,5,3,100,59,0.1,2.0,2.0,1000,Exact,2027,507,72,1.368,0.948718,0.147779,GradientBoostedTreesGeneric [virtual interface],1.7210,1.7210,7.0465,GradientBoostedTreesGeneric [virtual interface]=1.7210;Generic slow engine=7.0465
ozone-level-8hr,Oblique,6,3,100,33,0.1,2.0,2.0,1000,Exact,2027,507,72,1.314,0.948718,0.158697,GradientBoostedTreesGeneric [virtual interface],1.1495,1.1495,5.2103,GradientBoostedTreesGeneric [virtual interface]=1.1495;Generic slow engine=5.2103
ozone-level-8hr,Oblique,8,3,100,23,0.1,2.0,2.0,1000,Exact,2027,507,72,1.793,0.944773,0.169848,GradientBoostedTreesGeneric [virtual interface],1.1433,1.1433,5.5978,GradientBoostedTreesGeneric [virtual interface]=1.1433;Generic slow engine=5.5978
ozone-level-8hr,Axis Aligned,3,4,100,70,0.1,2.0,2.0,1000,Exact,2027,507,72,0.127,0.944773,0.1725,GradientBoostedTreesQuickScorerExtended [virtual interface],0.2677,0.9808,1.6675,GradientBoostedTreesQuickScorerExtended [virtual interface]=0.2677;GradientBoostedTreesOptPred [virtual interface]=0.5615;GradientBoostedTreesGeneric [virtual interface]=0.9808;Generic slow engine=1.6675
ozone-level-8hr,Axis Aligned,4,4,100,77,0.1,2.0,2.0,1000,Exact,2027,507,72,0.219,0.938856,0.170301,GradientBoostedTreesQuickScorerExtended [virtual interface],0.5198,1.4892,3.2052,GradientBoostedTreesQuickScorerExtended [virtual interface]=0.5198;GradientBoostedTreesOptPred [virtual interface]=0.9702;GradientBoostedTreesGeneric [virtual interface]=1.4892;Generic slow engine=3.2052
ozone-level-8hr,Axis Aligned,5,4,100,50,0.1,2.0,2.0,1000,Exact,2027,507,72,0.287,0.936884,0.17789,GradientBoostedTreesQuickScorerExtended [virtual interface],0.6242,1.2760,3.0075,GradientBoostedTreesQuickScorerExtended [virtual interface]=0.6242;GradientBoostedTreesOptPred [virtual interface]=0.7718;GradientBoostedTreesGeneric [virtual interface]=1.2760;Generic slow engine=3.0075
ozone-level-8hr,Axis Aligned,6,4,100,35,0.1,2.0,2.0,1000,Exact,2027,507,72,0.380,0.930966,0.187461,GradientBoostedTreesOptPred [virtual interface],0.5670,1.0410,2.9728,GradientBoostedTreesOptPred [virtual interface]=0.5670;GradientBoostedTreesQuickScorerExtended [virtual interface]=0.7113;GradientBoostedTreesGeneric [virtual interface]=1.0410;Generic slow engine=2.9728
ozone-level-8hr,Axis Aligned,7,4,100,34,0.1,2.0,2.0,1000,Exact,2027,507,72,0.553,0.936884,0.193502,GradientBoostedTreesOptPred [virtual interface],0.7445,1.1507,3.6578,GradientBoostedTreesOptPred [virtual interface]=0.7445;GradientBoostedTreesQuickScorerExtended [virtual interface]=0.9467;GradientBoostedTreesGeneric [virtual interface]=1.1507;Generic slow engine=3.6578
ozone-level-8hr,Axis Aligned,8,4,100,17,0.1,2.0,2.0,1000,Exact,2027,507,72,0.597,0.930966,0.205773,GradientBoostedTreesOptPred [virtual interface],0.3207,0.5805,1.9958,GradientBoostedTreesOptPred [virtual interface]=0.3207;GradientBoostedTreesGeneric [virtual interface]=0.5805;GradientBoostedTreesQuickScorerExtended [virtual interface]=0.7365;Generic slow engine=1.9958
ozone-level-8hr,Axis Aligned,10,4,100,18,0.1,2.0,2.0,1000,Exact,2027,507,72,0.973,0.942801,0.204542,GradientBoostedTreesOptPred [virtual interface],0.4412,0.7940,3.2205,GradientBoostedTreesOptPred [virtual interface]=0.4412;GradientBoostedTreesGeneric [virtual interface]=0.7940;Generic slow engine=3.2205
ozone-level-8hr,Oblique,3,4,100,92,0.1,2.0,2.0,1000,Exact,2027,507,72,0.695,0.940828,0.162779,GradientBoostedTreesGeneric [virtual interface],1.3690,1.3690,4.2355,GradientBoostedTreesGeneric [virtual interface]=1.3690;Generic slow engine=4.2355
ozone-level-8hr,Oblique,4,4,100,36,0.1,2.0,2.0,1000,Exact,2027,507,72,0.726,0.942801,0.15316,GradientBoostedTreesGeneric [virtual interface],0.7565,0.7565,2.9240,GradientBoostedTreesGeneric [virtual interface]=0.7565;Generic slow engine=2.9240
ozone-level-8hr,Oblique,5,4,100,57,0.1,2.0,2.0,1000,Exact,2027,507,72,1.345,0.942801,0.154756,GradientBoostedTreesGeneric [virtual interface],1.7720,1.7720,6.8970,GradientBoostedTreesGeneric [virtual interface]=1.7720;Generic slow engine=6.8970
ozone-level-8hr,Oblique,6,4,100,26,0.1,2.0,2.0,1000,Exact,2027,507,72,1.222,0.948718,0.159048,GradientBoostedTreesGeneric [virtual interface],0.9260,0.9260,4.1175,GradientBoostedTreesGeneric [virtual interface]=0.9260;Generic slow engine=4.1175
ozone-level-8hr,Oblique,8,4,100,27,0.1,2.0,2.0,1000,Exact,2027,507,72,2.048,0.942801,0.169153,GradientBoostedTreesGeneric [virtual interface],1.3882,1.3882,6.3985,GradientBoostedTreesGeneric [virtual interface]=1.3882;Generic slow engine=6.3985
ozone-level-8hr,Axis Aligned,3,5,100,100,0.1,2.0,2.0,1000,Exact,2027,507,72,0.146,0.946746,0.137952,GradientBoostedTreesQuickScorerExtended [virtual interface],0.3693,1.4603,2.4100,GradientBoostedTreesQuickScorerExtended [virtual interface]=0.3693;GradientBoostedTreesOptPred [virtual interface]=0.8642;GradientBoostedTreesGeneric [virtual interface]=1.4603;Generic slow engine=2.4100
ozone-level-8hr,Axis Aligned,4,5,100,47,0.1,2.0,2.0,1000,Exact,2027,507,72,0.168,0.948718,0.14191,GradientBoostedTreesQuickScorerExtended [virtual interface],0.3965,0.8822,1.8765,GradientBoostedTreesQuickScorerExtended [virtual interface]=0.3965;GradientBoostedTreesOptPred [virtual interface]=0.5507;GradientBoostedTreesGeneric [virtual interface]=0.8822;Generic slow engine=1.8765
ozone-level-8hr,Axis Aligned,5,5,100,54,0.1,2.0,2.0,1000,Exact,2027,507,72,0.309,0.948718,0.143732,GradientBoostedTreesQuickScorerExtended [virtual interface],0.6490,1.3628,3.2975,GradientBoostedTreesQuickScorerExtended [virtual interface]=0.6490;GradientBoostedTreesOptPred [virtual interface]=0.7910;GradientBoostedTreesGeneric [virtual interface]=1.3628;Generic slow engine=3.2975
ozone-level-8hr,Axis Aligned,6,5,100,24,0.1,2.0,2.0,1000,Exact,2027,507,72,0.343,0.95069,0.148414,GradientBoostedTreesOptPred [virtual interface],0.3593,0.6607,1.8453,GradientBoostedTreesOptPred [virtual interface]=0.3593;GradientBoostedTreesQuickScorerExtended [virtual interface]=0.6330;GradientBoostedTreesGeneric [virtual interface]=0.6607;Generic slow engine=1.8453
ozone-level-8hr,Axis Aligned,7,5,100,14,0.1,2.0,2.0,1000,Exact,2027,507,72,0.424,0.944773,0.152113,GradientBoostedTreesOptPred [virtual interface],0.2268,0.4235,1.2677,GradientBoostedTreesOptPred [virtual interface]=0.2268;GradientBoostedTreesGeneric [virtual interface]=0.4235;GradientBoostedTreesQuickScorerExtended [virtual interface]=0.6080;Generic slow engine=1.2677
ozone-level-8hr,Axis Aligned,8,5,100,19,0.1,2.0,2.0,1000,Exact,2027,507,72,0.658,0.938856,0.154962,GradientBoostedTreesOptPred [virtual interface],0.3660,0.6627,2.3630,GradientBoostedTreesOptPred [virtual interface]=0.3660;GradientBoostedTreesGeneric [virtual interface]=0.6627;GradientBoostedTreesQuickScorerExtended [virtual interface]=0.8685;Generic slow engine=2.3630
ozone-level-8hr,Axis Aligned,10,5,100,18,0.1,2.0,2.0,1000,Exact,2027,507,72,1.165,0.938856,0.161975,GradientBoostedTreesOptPred [virtual interface],0.4457,0.7935,3.2622,GradientBoostedTreesOptPred [virtual interface]=0.4457;GradientBoostedTreesGeneric [virtual interface]=0.7935;Generic slow engine=3.2622
ozone-level-8hr,Oblique,3,5,100,95,0.1,2.0,2.0,1000,Exact,2027,507,72,0.708,0.952663,0.130368,GradientBoostedTreesGeneric [virtual interface],1.3922,1.3922,4.2740,GradientBoostedTreesGeneric [virtual interface]=1.3922;Generic slow engine=4.2740
ozone-level-8hr,Oblique,4,5,100,76,0.1,2.0,2.0,1000,Exact,2027,507,72,1.109,0.948718,0.125879,GradientBoostedTreesGeneric [virtual interface],1.7140,1.7140,6.1843,GradientBoostedTreesGeneric [virtual interface]=1.7140;Generic slow engine=6.1843
ozone-level-8hr,Oblique,5,5,100,26,0.1,2.0,2.0,1000,Exact,2027,507,72,0.918,0.946746,0.133396,GradientBoostedTreesGeneric [virtual interface],0.7170,0.7170,2.9962,GradientBoostedTreesGeneric [virtual interface]=0.7170;Generic slow engine=2.9962
ozone-level-8hr,Oblique,6,5,100,21,0.1,2.0,2.0,1000,Exact,2027,507,72,1.085,0.942801,0.132225,GradientBoostedTreesGeneric [virtual interface],0.7177,0.7177,3.3300,GradientBoostedTreesGeneric [virtual interface]=0.7177;Generic slow engine=3.3300
ozone-level-8hr,Oblique,8,5,100,23,0.1,2.0,2.0,1000,Exact,2027,507,72,1.811,0.95069,0.131765,GradientBoostedTreesGeneric [virtual interface],1.1290,1.1290,5.3810,GradientBoostedTreesGeneric [virtual interface]=1.1290;Generic slow engine=5.3810
ozone-level-8hr,Axis Aligned,3,6,100,100,0.1,2.0,2.0,1000,Exact,2027,507,72,0.129,0.932939,0.166144,GradientBoostedTreesQuickScorerExtended [virtual interface],0.3643,1.5330,2.4057,GradientBoostedTreesQuickScorerExtended [virtual interface]=0.3643;GradientBoostedTreesOptPred [virtual interface]=0.9313;GradientBoostedTreesGeneric [virtual interface]=1.5330;Generic slow engine=2.4057
ozone-level-8hr,Axis Aligned,4,6,100,39,0.1,2.0,2.0,1000,Exact,2027,507,72,0.155,0.932939,0.171511,GradientBoostedTreesQuickScorerExtended [virtual interface],0.3090,0.6927,1.4743,GradientBoostedTreesQuickScorerExtended [virtual interface]=0.3090;GradientBoostedTreesOptPred [virtual interface]=0.3995;GradientBoostedTreesGeneric [virtual interface]=0.6927;Generic slow engine=1.4743
ozone-level-8hr,Axis Aligned,5,6,100,46,0.1,2.0,2.0,1000,Exact,2027,507,72,0.265,0.938856,0.171728,GradientBoostedTreesQuickScorerExtended [virtual interface],0.5600,1.1640,2.6993,GradientBoostedTreesQuickScorerExtended [virtual interface]=0.5600;GradientBoostedTreesOptPred [virtual interface]=0.6857;GradientBoostedTreesGeneric [virtual interface]=1.1640;Generic slow engine=2.6993
ozone-level-8hr,Axis Aligned,6,6,100,31,0.1,2.0,2.0,1000,Exact,2027,507,72,0.348,0.934911,0.182039,GradientBoostedTreesOptPred [virtual interface],0.4610,0.8958,2.5208,GradientBoostedTreesOptPred [virtual interface]=0.4610;GradientBoostedTreesQuickScorerExtended [virtual interface]=0.6458;GradientBoostedTreesGeneric [virtual interface]=0.8958;Generic slow engine=2.5208
ozone-level-8hr,Axis Aligned,7,6,100,23,0.1,2.0,2.0,1000,Exact,2027,507,72,0.450,0.936884,0.188008,GradientBoostedTreesOptPred [virtual interface],0.3885,0.7143,2.3317,GradientBoostedTreesOptPred [virtual interface]=0.3885;GradientBoostedTreesGeneric [virtual interface]=0.7143;GradientBoostedTreesQuickScorerExtended [virtual interface]=0.7578;Generic slow engine=2.3317
ozone-level-8hr,Axis Aligned,8,6,100,24,0.1,2.0,2.0,1000,Exact,2027,507,72,0.675,0.934911,0.201032,GradientBoostedTreesOptPred [virtual interface],0.4943,0.8725,3.1585,GradientBoostedTreesOptPred [virtual interface]=0.4943;GradientBoostedTreesGeneric [virtual interface]=0.8725;GradientBoostedTreesQuickScorerExtended [virtual interface]=0.9782;Generic slow engine=3.1585
ozone-level-8hr,Axis Aligned,10,6,100,12,0.1,2.0,2.0,1000,Exact,2027,507,72,0.911,0.934911,0.203578,GradientBoostedTreesOptPred [virtual interface],0.2575,0.5162,1.9338,GradientBoostedTreesOptPred [virtual interface]=0.2575;GradientBoostedTreesGeneric [virtual interface]=0.5162;Generic slow engine=1.9338
ozone-level-8hr,Oblique,3,6,100,100,0.1,2.0,2.0,1000,Exact,2027,507,72,0.735,0.930966,0.149892,GradientBoostedTreesGeneric [virtual interface],1.5038,1.5038,4.5518,GradientBoostedTreesGeneric [virtual interface]=1.5038;Generic slow engine=4.5518
ozone-level-8hr,Oblique,4,6,100,50,0.1,2.0,2.0,1000,Exact,2027,507,72,0.952,0.930966,0.15813,GradientBoostedTreesGeneric [virtual interface],1.0805,1.0805,4.0488,GradientBoostedTreesGeneric [virtual interface]=1.0805;Generic slow engine=4.0488
ozone-level-8hr,Oblique,5,6,100,27,0.1,2.0,2.0,1000,Exact,2027,507,72,0.966,0.936884,0.148958,GradientBoostedTreesGeneric [virtual interface],0.7500,0.7500,3.2035,GradientBoostedTreesGeneric [virtual interface]=0.7500;Generic slow engine=3.2035
ozone-level-8hr,Oblique,6,6,100,19,0.1,2.0,2.0,1000,Exact,2027,507,72,1.117,0.923077,0.166737,GradientBoostedTreesGeneric [virtual interface],0.6495,0.6495,2.8975,GradientBoostedTreesGeneric [virtual interface]=0.6495;Generic slow engine=2.8975
ozone-level-8hr,Oblique,8,6,100,12,0.1,2.0,2.0,1000,Exact,2027,507,72,1.444,0.925049,0.185481,GradientBoostedTreesGeneric [virtual interface],0.5555,0.5555,2.6115,GradientBoostedTreesGeneric [virtual interface]=0.5555;Generic slow engine=2.6115
ozone-level-8hr,Axis Aligned,3,7,100,96,0.1,2.0,2.0,1000,Exact,2027,507,72,0.127,0.946746,0.144679,GradientBoostedTreesQuickScorerExtended [virtual interface],0.3663,1.4290,2.3290,GradientBoostedTreesQuickScorerExtended [virtual interface]=0.3663;GradientBoostedTreesOptPred [virtual interface]=0.8450;GradientBoostedTreesGeneric [virtual interface]=1.4290;Generic slow engine=2.3290
ozone-level-8hr,Axis Aligned,4,7,100,77,0.1,2.0,2.0,1000,Exact,2027,507,72,0.215,0.944773,0.151829,GradientBoostedTreesQuickScorerExtended [virtual interface],0.5433,1.5477,3.2323,GradientBoostedTreesQuickScorerExtended [virtual interface]=0.5433;GradientBoostedTreesOptPred [virtual interface]=0.9865;GradientBoostedTreesGeneric [virtual interface]=1.5477;Generic slow engine=3.2323
ozone-level-8hr,Axis Aligned,5,7,100,62,0.1,2.0,2.0,1000,Exact,2027,507,72,0.324,0.948718,0.141945,GradientBoostedTreesQuickScorerExtended [virtual interface],0.7680,1.6663,3.7690,GradientBoostedTreesQuickScorerExtended [virtual interface]=0.7680;GradientBoostedTreesOptPred [virtual interface]=0.9920;GradientBoostedTreesGeneric [virtual interface]=1.6663;Generic slow engine=3.7690
ozone-level-8hr,Axis Aligned,6,7,100,44,0.1,2.0,2.0,1000,Exact,2027,507,72,0.401,0.952663,0.143675,GradientBoostedTreesOptPred [virtual interface],0.7937,1.3960,3.7540,GradientBoostedTreesOptPred [virtual interface]=0.7937;GradientBoostedTreesQuickScorerExtended [virtual interface]=0.8123;GradientBoostedTreesGeneric [virtual interface]=1.3960;Generic slow engine=3.7540
ozone-level-8hr,Axis Aligned,7,7,100,30,0.1,2.0,2.0,1000,Exact,2027,507,72,0.505,0.948718,0.155023,GradientBoostedTreesOptPred [virtual interface],0.6032,0.9882,3.2153,GradientBoostedTreesOptPred [virtual interface]=0.6032;GradientBoostedTreesQuickScorerExtended [virtual interface]=0.9353;GradientBoostedTreesGeneric [virtual interface]=0.9882;Generic slow engine=3.2153
ozone-level-8hr,Axis Aligned,8,7,100,26,0.1,2.0,2.0,1000,Exact,2027,507,72,0.707,0.954635,0.141972,GradientBoostedTreesOptPred [virtual interface],0.5445,0.9463,3.4013,GradientBoostedTreesOptPred [virtual interface]=0.5445;GradientBoostedTreesGeneric [virtual interface]=0.9463;GradientBoostedTreesQuickScorerExtended [virtual interface]=0.9980;Generic slow engine=3.4013
ozone-level-8hr,Axis Aligned,10,7,100,25,0.1,2.0,2.0,1000,Exact,2027,507,72,1.098,0.95069,0.14602,GradientBoostedTreesOptPred [virtual interface],0.7298,1.2308,4.6993,GradientBoostedTreesOptPred [virtual interface]=0.7298;GradientBoostedTreesGeneric [virtual interface]=1.2308;Generic slow engine=4.6993
ozone-level-8hr,Oblique,3,7,100,96,0.1,2.0,2.0,1000,Exact,2027,507,72,0.724,0.944773,0.132434,GradientBoostedTreesGeneric [virtual interface],1.5203,1.5203,4.3582,GradientBoostedTreesGeneric [virtual interface]=1.5203;Generic slow engine=4.3582
ozone-level-8hr,Oblique,4,7,100,37,0.1,2.0,2.0,1000,Exact,2027,507,72,0.741,0.938856,0.140159,GradientBoostedTreesGeneric [virtual interface],0.8095,0.8095,2.9788,GradientBoostedTreesGeneric [virtual interface]=0.8095;Generic slow engine=2.9788
ozone-level-8hr,Oblique,5,7,100,23,0.1,2.0,2.0,1000,Exact,2027,507,72,0.839,0.946746,0.149483,GradientBoostedTreesGeneric [virtual interface],0.6078,0.6078,2.5663,GradientBoostedTreesGeneric [virtual interface]=0.6078;Generic slow engine=2.5663
ozone-level-8hr,Oblique,6,7,100,25,0.1,2.0,2.0,1000,Exact,2027,507,72,1.181,0.942801,0.14883,GradientBoostedTreesGeneric [virtual interface],0.8460,0.8460,3.9035,GradientBoostedTreesGeneric [virtual interface]=0.8460;Generic slow engine=3.9035
ozone-level-8hr,Oblique,8,7,100,15,0.1,2.0,2.0,1000,Exact,2027,507,72,1.633,0.942801,0.146215,GradientBoostedTreesGeneric [virtual interface],0.6903,0.6903,3.5663,GradientBoostedTreesGeneric [virtual interface]=0.6903;Generic slow engine=3.5663
ozone-level-8hr,Axis Aligned,3,8,100,71,0.1,2.0,2.0,1000,Exact,2027,507,72,0.133,0.927022,0.192494,GradientBoostedTreesQuickScorerExtended [virtual interface],0.2873,1.0373,1.7080,GradientBoostedTreesQuickScorerExtended [virtual interface]=0.2873;GradientBoostedTreesOptPred [virtual interface]=0.6220;GradientBoostedTreesGeneric [virtual interface]=1.0373;Generic slow engine=1.7080
ozone-level-8hr,Axis Aligned,4,8,100,32,0.1,2.0,2.0,1000,Exact,2027,507,72,0.143,0.921105,0.199281,GradientBoostedTreesQuickScorerExtended [virtual interface],0.2933,0.5660,1.0928,GradientBoostedTreesQuickScorerExtended [virtual interface]=0.2933;GradientBoostedTreesOptPred [virtual interface]=0.3217;GradientBoostedTreesGeneric [virtual interface]=0.5660;Generic slow engine=1.0928
ozone-level-8hr,Axis Aligned,5,8,100,25,0.1,2.0,2.0,1000,Exact,2027,507,72,0.214,0.923077,0.197798,GradientBoostedTreesOptPred [virtual interface],0.3120,0.5783,1.2590,GradientBoostedTreesOptPred [virtual interface]=0.3120;GradientBoostedTreesQuickScorerExtended [virtual interface]=0.3907;GradientBoostedTreesGeneric [virtual interface]=0.5783;Generic slow engine=1.2590
ozone-level-8hr,Axis Aligned,6,8,100,11,0.1,2.0,2.0,1000,Exact,2027,507,72,0.284,0.921105,0.203621,GradientBoostedTreesOptPred [virtual interface],0.1497,0.3010,0.6965,GradientBoostedTreesOptPred [virtual interface]=0.1497;GradientBoostedTreesGeneric [virtual interface]=0.3010;GradientBoostedTreesQuickScorerExtended [virtual interface]=0.3765;Generic slow engine=0.6965
ozone-level-8hr,Axis Aligned,7,8,100,13,0.1,2.0,2.0,1000,Exact,2027,507,72,0.397,0.91716,0.215379,GradientBoostedTreesOptPred [virtual interface],0.2220,0.4108,1.0982,GradientBoostedTreesOptPred [virtual interface]=0.2220;GradientBoostedTreesGeneric [virtual interface]=0.4108;GradientBoostedTreesQuickScorerExtended [virtual interface]=0.5797;Generic slow engine=1.0982
ozone-level-8hr,Axis Aligned,8,8,100,11,0.1,2.0,2.0,1000,Exact,2027,507,72,0.605,0.915187,0.227551,GradientBoostedTreesOptPred [virtual interface],0.2223,0.3997,1.2012,GradientBoostedTreesOptPred [virtual interface]=0.2223;GradientBoostedTreesGeneric [virtual interface]=0.3997;Generic slow engine=1.2012
ozone-level-8hr,Axis Aligned,10,8,100,15,0.1,2.0,2.0,1000,Exact,2027,507,72,1.077,0.921105,0.225437,GradientBoostedTreesOptPred [virtual interface],0.3952,0.6920,2.6187,GradientBoostedTreesOptPred [virtual interface]=0.3952;GradientBoostedTreesGeneric [virtual interface]=0.6920;Generic slow engine=2.6187
ozone-level-8hr,Oblique,3,8,100,62,0.1,2.0,2.0,1000,Exact,2027,507,72,0.663,0.928994,0.175318,GradientBoostedTreesGeneric [virtual interface],0.9055,0.9055,2.8205,GradientBoostedTreesGeneric [virtual interface]=0.9055;Generic slow engine=2.8205
ozone-level-8hr,Oblique,4,8,100,19,0.1,2.0,2.0,1000,Exact,2027,507,72,0.566,0.932939,0.180757,GradientBoostedTreesGeneric [virtual interface],0.3897,0.3897,1.2790,GradientBoostedTreesGeneric [virtual interface]=0.3897;Generic slow engine=1.2790
ozone-level-8hr,Oblique,5,8,100,20,0.1,2.0,2.0,1000,Exact,2027,507,72,0.796,0.932939,0.187221,GradientBoostedTreesGeneric [virtual interface],0.5347,0.5347,2.1150,GradientBoostedTreesGeneric [virtual interface]=0.5347;Generic slow engine=2.1150
ozone-level-8hr,Oblique,6,8,100,15,0.1,2.0,2.0,1000,Exact,2027,507,72,0.958,0.925049,0.203647,GradientBoostedTreesGeneric [virtual interface],0.4923,0.4923,2.0743,GradientBoostedTreesGeneric [virtual interface]=0.4923;Generic slow engine=2.0743
ozone-level-8hr,Oblique,8,8,100,18,0.1,2.0,2.0,1000,Exact,2027,507,72,1.678,0.927022,0.201308,GradientBoostedTreesGeneric [virtual interface],0.8740,0.8740,4.1615,GradientBoostedTreesGeneric [virtual interface]=0.8740;Generic slow engine=4.1615
ozone-level-8hr,Axis Aligned,3,9,100,27,0.1,2.0,2.0,1000,Exact,2027,507,72,0.080,0.942801,0.164817,GradientBoostedTreesQuickScorerExtended [virtual interface],0.1497,0.3417,0.4595,GradientBoostedTreesQuickScorerExtended [virtual interface]=0.1497;GradientBoostedTreesOptPred [virtual interface]=0.1595;GradientBoostedTreesGeneric [virtual interface]=0.3417;Generic slow engine=0.4595
ozone-level-8hr,Axis Aligned,4,9,100,29,0.1,2.0,2.0,1000,Exact,2027,507,72,0.153,0.946746,0.154995,GradientBoostedTreesQuickScorerExtended [virtual interface],0.2915,0.5160,0.9395,GradientBoostedTreesQuickScorerExtended [virtual interface]=0.2915;GradientBoostedTreesOptPred [virtual interface]=0.3005;GradientBoostedTreesGeneric [virtual interface]=0.5160;Generic slow engine=0.9395
ozone-level-8hr,Axis Aligned,5,9,100,25,0.1,2.0,2.0,1000,Exact,2027,507,72,0.210,0.942801,0.162895,GradientBoostedTreesOptPred [virtual interface],0.3165,0.5760,1.2945,GradientBoostedTreesOptPred [virtual interface]=0.3165;GradientBoostedTreesQuickScorerExtended [virtual interface]=0.4410;GradientBoostedTreesGeneric [virtual interface]=0.5760;Generic slow engine=1.2945
ozone-level-8hr,Axis Aligned,6,9,100,20,0.1,2.0,2.0,1000,Exact,2027,507,72,0.294,0.946746,0.159371,GradientBoostedTreesOptPred [virtual interface],0.2858,0.5550,1.5175,GradientBoostedTreesOptPred [virtual interface]=0.2858;GradientBoostedTreesQuickScorerExtended [virtual interface]=0.5353;GradientBoostedTreesGeneric [virtual interface]=0.5550;Generic slow engine=1.5175
ozone-level-8hr,Axis Aligned,7,9,100,30,0.1,2.0,2.0,1000,Exact,2027,507,72,0.549,0.946746,0.16563,GradientBoostedTreesOptPred [virtual interface],0.6627,1.0428,3.2018,GradientBoostedTreesOptPred [virtual interface]=0.6627;GradientBoostedTreesQuickScorerExtended [virtual interface]=0.9183;GradientBoostedTreesGeneric [virtual interface]=1.0428;Generic slow engine=3.2018
ozone-level-8hr,Axis Aligned,8,9,100,13,0.1,2.0,2.0,1000,Exact,2027,507,72,0.569,0.944773,0.178139,GradientBoostedTreesOptPred [virtual interface],0.2417,0.4688,1.4772,GradientBoostedTreesOptPred [virtual interface]=0.2417;GradientBoostedTreesGeneric [virtual interface]=0.4688;GradientBoostedTreesQuickScorerExtended [virtual interface]=0.6907;Generic slow engine=1.4772
ozone-level-8hr,Axis Aligned,10,9,100,11,0.1,2.0,2.0,1000,Exact,2027,507,72,0.901,0.938856,0.177015,GradientBoostedTreesOptPred [virtual interface],0.2677,0.4805,1.7372,GradientBoostedTreesOptPred [virtual interface]=0.2677;GradientBoostedTreesGeneric [virtual interface]=0.4805;Generic slow engine=1.7372
ozone-level-8hr,Oblique,3,9,100,53,0.1,2.0,2.0,1000,Exact,2027,507,72,0.578,0.948718,0.135437,GradientBoostedTreesGeneric [virtual interface],0.7758,0.7758,2.4320,GradientBoostedTreesGeneric [virtual interface]=0.7758;Generic slow engine=2.4320
ozone-level-8hr,Oblique,4,9,100,31,0.1,2.0,2.0,1000,Exact,2027,507,72,0.693,0.95069,0.141838,GradientBoostedTreesGeneric [virtual interface],0.6400,0.6400,2.4682,GradientBoostedTreesGeneric [virtual interface]=0.6400;Generic slow engine=2.4682
ozone-level-8hr,Oblique,5,9,100,33,0.1,2.0,2.0,1000,Exact,2027,507,72,0.979,0.956608,0.134646,GradientBoostedTreesGeneric [virtual interface],0.9403,0.9403,3.9143,GradientBoostedTreesGeneric [virtual interface]=0.9403;Generic slow engine=3.9143
ozone-level-8hr,Oblique,6,9,100,31,0.1,2.0,2.0,1000,Exact,2027,507,72,1.356,0.952663,0.129,GradientBoostedTreesGeneric [virtual interface],1.1153,1.1153,4.8758,GradientBoostedTreesGeneric [virtual interface]=1.1153;Generic slow engine=4.8758
ozone-level-8hr,Oblique,8,9,100,28,0.1,2.0,2.0,1000,Exact,2027,507,72,2.010,0.952663,0.143334,GradientBoostedTreesGeneric [virtual interface],1.5203,1.5203,6.6238,GradientBoostedTreesGeneric [virtual interface]=1.5203;Generic slow engine=6.6238
madelon,Axis Aligned,3,0,100,27,0.1,2.0,2.0,1000,Exact,2080,520,500,0.385,0.684615,0.599385,GradientBoostedTreesQuickScorerExtended [virtual interface],0.1678,0.3470,0.4440,GradientBoostedTreesQuickScorerExtended [virtual interface]=0.1678;GradientBoostedTreesOptPred [virtual interface]=0.1683;GradientBoostedTreesGeneric [virtual interface]=0.3470;Generic slow engine=0.4440
madelon,Axis Aligned,4,0,100,27,0.1,2.0,2.0,1000,Exact,2080,520,500,0.731,0.717308,0.561117,GradientBoostedTreesOptPred [virtual interface],0.2825,0.4918,0.8982,GradientBoostedTreesOptPred [virtual interface]=0.2825;GradientBoostedTreesGeneric [virtual interface]=0.4918;GradientBoostedTreesQuickScorerExtended [virtual interface]=0.5445;Generic slow engine=0.8982
madelon,Axis Aligned,5,0,100,14,0.1,2.0,2.0,1000,Exact,2080,520,500,0.994,0.780769,0.509152,GradientBoostedTreesOptPred [virtual interface],0.1805,0.3372,0.6358,GradientBoostedTreesOptPred [virtual interface]=0.1805;GradientBoostedTreesGeneric [virtual interface]=0.3372;GradientBoostedTreesQuickScorerExtended [virtual interface]=0.3538;Generic slow engine=0.6358
madelon,Axis Aligned,6,0,100,89,0.1,2.0,2.0,1000,Exact,2080,520,500,3.161,0.813462,0.456814,GradientBoostedTreesOptPred [virtual interface],2.4980,3.8130,8.7715,GradientBoostedTreesOptPred [virtual interface]=2.4980;GradientBoostedTreesGeneric [virtual interface]=3.8130;GradientBoostedTreesQuickScorerExtended [virtual interface]=5.8135;Generic slow engine=8.7715
madelon,Axis Aligned,7,0,100,86,0.1,2.0,2.0,1000,Exact,2080,520,500,5.608,0.809615,0.430623,GradientBoostedTreesOptPred [virtual interface],3.4070,4.5420,11.6800,GradientBoostedTreesOptPred [virtual interface]=3.4070;GradientBoostedTreesGeneric [virtual interface]=4.5420;GradientBoostedTreesQuickScorerExtended [virtual interface]=7.1615;Generic slow engine=11.6800
madelon,Axis Aligned,8,0,100,50,0.1,2.0,2.0,1000,Exact,2080,520,500,6.899,0.819231,0.420507,GradientBoostedTreesOptPred [virtual interface],2.1500,2.9817,7.9640,GradientBoostedTreesOptPred [virtual interface]=2.1500;GradientBoostedTreesGeneric [virtual interface]=2.9817;Generic slow engine=7.9640
madelon,Axis Aligned,10,0,100,72,0.1,2.0,2.0,1000,Exact,2080,520,500,19.525,0.825,0.447893,GradientBoostedTreesOptPred [virtual interface],4.5288,6.4205,23.9110,GradientBoostedTreesOptPred [virtual interface]=4.5288;GradientBoostedTreesGeneric [virtual interface]=6.4205;Generic slow engine=23.9110
madelon,Oblique,3,0,100,98,0.1,2.0,2.0,1000,Exact,2080,520,500,1.003,0.742308,0.540777,GradientBoostedTreesGeneric [virtual interface],1.8698,1.8698,4.9718,GradientBoostedTreesGeneric [virtual interface]=1.8698;Generic slow engine=4.9718
madelon,Oblique,4,0,100,94,0.1,2.0,2.0,1000,Exact,2080,520,500,1.789,0.778846,0.507023,GradientBoostedTreesGeneric [virtual interface],3.1000,3.1000,8.7585,GradientBoostedTreesGeneric [virtual interface]=3.1000;Generic slow engine=8.7585
madelon,Oblique,5,0,100,99,0.1,2.0,2.0,1000,Exact,2080,520,500,2.971,0.805769,0.452462,GradientBoostedTreesGeneric [virtual interface],4.7607,4.7607,14.1990,GradientBoostedTreesGeneric [virtual interface]=4.7607;Generic slow engine=14.1990
madelon,Oblique,6,0,100,98,0.1,2.0,2.0,1000,Exact,2080,520,500,4.516,0.809615,0.415615,GradientBoostedTreesGeneric [virtual interface],6.6218,6.6218,22.1490,GradientBoostedTreesGeneric [virtual interface]=6.6218;Generic slow engine=22.1490
madelon,Oblique,8,0,100,96,0.1,2.0,2.0,1000,Exact,2080,520,500,12.165,0.834615,0.404118,GradientBoostedTreesGeneric [virtual interface],11.1700,11.1700,40.7580,GradientBoostedTreesGeneric [virtual interface]=11.1700;Generic slow engine=40.7580
madelon,Axis Aligned,3,1,100,68,0.1,2.0,2.0,1000,Exact,2080,520,500,0.599,0.711538,0.572031,GradientBoostedTreesQuickScorerExtended [virtual interface],0.6185,1.0635,1.7552,GradientBoostedTreesQuickScorerExtended [virtual interface]=0.6185;GradientBoostedTreesOptPred [virtual interface]=0.6690;GradientBoostedTreesGeneric [virtual interface]=1.0635;Generic slow engine=1.7552
madelon,Axis Aligned,4,1,100,71,0.1,2.0,2.0,1000,Exact,2080,520,500,1.177,0.751923,0.538468,GradientBoostedTreesOptPred [virtual interface],1.1473,1.6793,3.2055,GradientBoostedTreesOptPred [virtual interface]=1.1473;GradientBoostedTreesGeneric [virtual interface]=1.6793;GradientBoostedTreesQuickScorerExtended [virtual interface]=1.7480;Generic slow engine=3.2055
madelon,Axis Aligned,5,1,100,65,0.1,2.0,2.0,1000,Exact,2080,520,500,1.967,0.815385,0.472148,GradientBoostedTreesOptPred [virtual interface],1.3197,1.9908,4.2737,GradientBoostedTreesOptPred [virtual interface]=1.3197;GradientBoostedTreesGeneric [virtual interface]=1.9908;GradientBoostedTreesQuickScorerExtended [virtual interface]=3.0345;Generic slow engine=4.2737
madelon,Axis Aligned,6,1,100,67,0.1,2.0,2.0,1000,Exact,2080,520,500,3.114,0.830769,0.436363,GradientBoostedTreesOptPred [virtual interface],1.8025,2.7855,6.3522,GradientBoostedTreesOptPred [virtual interface]=1.8025;GradientBoostedTreesGeneric [virtual interface]=2.7855;GradientBoostedTreesQuickScorerExtended [virtual interface]=4.9763;Generic slow engine=6.3522
madelon,Axis Aligned,7,1,100,86,0.1,2.0,2.0,1000,Exact,2080,520,500,5.179,0.848077,0.395141,GradientBoostedTreesOptPred [virtual interface],3.5360,4.6145,10.8820,GradientBoostedTreesOptPred [virtual interface]=3.5360;GradientBoostedTreesGeneric [virtual interface]=4.6145;GradientBoostedTreesQuickScorerExtended [virtual interface]=7.0157;Generic slow engine=10.8820
madelon,Axis Aligned,8,1,100,82,0.1,2.0,2.0,1000,Exact,2080,520,500,8.999,0.834615,0.379027,GradientBoostedTreesOptPred [virtual interface],4.0317,5.4865,13.2800,GradientBoostedTreesOptPred [virtual interface]=4.0317;GradientBoostedTreesGeneric [virtual interface]=5.4865;Generic slow engine=13.2800
madelon,Axis Aligned,10,1,100,52,0.1,2.0,2.0,1000,Exact,2080,520,500,17.290,0.826923,0.38827,GradientBoostedTreesOptPred [virtual interface],3.0380,4.4520,14.2990,GradientBoostedTreesOptPred [virtual interface]=3.0380;GradientBoostedTreesGeneric [virtual interface]=4.4520;Generic slow engine=14.2990
madelon,Oblique,3,1,100,80,0.1,2.0,2.0,1000,Exact,2080,520,500,0.994,0.740385,0.551394,GradientBoostedTreesGeneric [virtual interface],1.5212,1.5212,4.0090,GradientBoostedTreesGeneric [virtual interface]=1.5212;Generic slow engine=4.0090
madelon,Oblique,4,1,100,100,0.1,2.0,2.0,1000,Exact,2080,520,500,1.776,0.784615,0.491629,GradientBoostedTreesGeneric [virtual interface],3.3803,3.3803,9.2748,GradientBoostedTreesGeneric [virtual interface]=3.3803;Generic slow engine=9.2748
madelon,Oblique,5,1,100,97,0.1,2.0,2.0,1000,Exact,2080,520,500,2.889,0.821154,0.451274,GradientBoostedTreesGeneric [virtual interface],4.7070,4.7070,13.5240,GradientBoostedTreesGeneric [virtual interface]=4.7070;Generic slow engine=13.5240
madelon,Oblique,6,1,100,100,0.1,2.0,2.0,1000,Exact,2080,520,500,4.754,0.844231,0.394733,GradientBoostedTreesGeneric [virtual interface],6.7485,6.7485,20.9030,GradientBoostedTreesGeneric [virtual interface]=6.7485;Generic slow engine=20.9030
madelon,Oblique,8,1,100,98,0.1,2.0,2.0,1000,Exact,2080,520,500,11.194,0.855769,0.370524,GradientBoostedTreesGeneric [virtual interface],11.3440,11.3440,39.0530,GradientBoostedTreesGeneric [virtual interface]=11.3440;Generic slow engine=39.0530
madelon,Axis Aligned,3,2,100,100,0.1,2.0,2.0,1000,Exact,2080,520,500,0.582,0.713462,0.567701,GradientBoostedTreesQuickScorerExtended [virtual interface],0.9400,1.6740,2.5922,GradientBoostedTreesQuickScorerExtended [virtual interface]=0.9400;GradientBoostedTreesOptPred [virtual interface]=1.0870;GradientBoostedTreesGeneric [virtual interface]=1.6740;Generic slow engine=2.5922
madelon,Axis Aligned,4,2,100,65,0.1,2.0,2.0,1000,Exact,2080,520,500,1.106,0.736538,0.531368,GradientBoostedTreesOptPred [virtual interface],1.0493,1.4738,2.9540,GradientBoostedTreesOptPred [virtual interface]=1.0493;GradientBoostedTreesGeneric [virtual interface]=1.4738;GradientBoostedTreesQuickScorerExtended [virtual interface]=1.5715;Generic slow engine=2.9540
madelon,Axis Aligned,5,2,100,81,0.1,2.0,2.0,1000,Exact,2080,520,500,1.932,0.798077,0.466237,GradientBoostedTreesOptPred [virtual interface],1.8673,2.7563,5.3890,GradientBoostedTreesOptPred [virtual interface]=1.8673;GradientBoostedTreesGeneric [virtual interface]=2.7563;GradientBoostedTreesQuickScorerExtended [virtual interface]=3.8405;Generic slow engine=5.3890
madelon,Axis Aligned,6,2,100,47,0.1,2.0,2.0,1000,Exact,2080,520,500,2.565,0.828846,0.44746,GradientBoostedTreesOptPred [virtual interface],1.1967,1.8562,4.4158,GradientBoostedTreesOptPred [virtual interface]=1.1967;GradientBoostedTreesGeneric [virtual interface]=1.8562;GradientBoostedTreesQuickScorerExtended [virtual interface]=3.9163;Generic slow engine=4.4158
madelon,Axis Aligned,7,2,100,98,0.1,2.0,2.0,1000,Exact,2080,520,500,5.264,0.826923,0.397418,GradientBoostedTreesOptPred [virtual interface],3.9843,5.2030,12.5370,GradientBoostedTreesOptPred [virtual interface]=3.9843;GradientBoostedTreesGeneric [virtual interface]=5.2030;GradientBoostedTreesQuickScorerExtended [virtual interface]=7.1640;Generic slow engine=12.5370
madelon,Axis Aligned,8,2,100,81,0.1,2.0,2.0,1000,Exact,2080,520,500,7.940,0.834615,0.385761,GradientBoostedTreesOptPred [virtual interface],3.8758,4.9958,13.1000,GradientBoostedTreesOptPred [virtual interface]=3.8758;GradientBoostedTreesGeneric [virtual interface]=4.9958;Generic slow engine=13.1000
madelon,Axis Aligned,10,2,100,41,0.1,2.0,2.0,1000,Exact,2080,520,500,13.216,0.846154,0.378838,GradientBoostedTreesOptPred [virtual interface],2.2905,3.3693,10.3570,GradientBoostedTreesOptPred [virtual interface]=2.2905;GradientBoostedTreesGeneric [virtual interface]=3.3693;Generic slow engine=10.3570
madelon,Oblique,3,2,100,100,0.1,2.0,2.0,1000,Exact,2080,520,500,1.025,0.725,0.551797,GradientBoostedTreesGeneric [virtual interface],1.9318,1.9318,5.0598,GradientBoostedTreesGeneric [virtual interface]=1.9318;Generic slow engine=5.0598
madelon,Oblique,4,2,100,51,0.1,2.0,2.0,1000,Exact,2080,520,500,1.410,0.755769,0.520661,GradientBoostedTreesGeneric [virtual interface],1.5615,1.5615,4.6005,GradientBoostedTreesGeneric [virtual interface]=1.5615;Generic slow engine=4.6005
madelon,Oblique,5,2,100,95,0.1,2.0,2.0,1000,Exact,2080,520,500,2.869,0.826923,0.440236,GradientBoostedTreesGeneric [virtual interface],4.5968,4.5968,13.6990,GradientBoostedTreesGeneric [virtual interface]=4.5968;Generic slow engine=13.6990
madelon,Oblique,6,2,100,100,0.1,2.0,2.0,1000,Exact,2080,520,500,4.800,0.809615,0.433272,GradientBoostedTreesGeneric [virtual interface],6.7613,6.7613,21.0700,GradientBoostedTreesGeneric [virtual interface]=6.7613;Generic slow engine=21.0700
madelon,Oblique,8,2,100,78,0.1,2.0,2.0,1000,Exact,2080,520,500,11.234,0.848077,0.374897,GradientBoostedTreesGeneric [virtual interface],8.8042,8.8042,29.0870,GradientBoostedTreesGeneric [virtual interface]=8.8042;Generic slow engine=29.0870
madelon,Axis Aligned,3,3,100,100,0.1,2.0,2.0,1000,Exact,2080,520,500,0.602,0.690385,0.578065,GradientBoostedTreesQuickScorerExtended [virtual interface],0.8732,1.7052,2.6223,GradientBoostedTreesQuickScorerExtended [virtual interface]=0.8732;GradientBoostedTreesOptPred [virtual interface]=1.1078;GradientBoostedTreesGeneric [virtual interface]=1.7052;Generic slow engine=2.6223
madelon,Axis Aligned,4,3,100,97,0.1,2.0,2.0,1000,Exact,2080,520,500,1.121,0.744231,0.536864,GradientBoostedTreesOptPred [virtual interface],1.6647,2.3855,4.4002,GradientBoostedTreesOptPred [virtual interface]=1.6647;GradientBoostedTreesQuickScorerExtended [virtual interface]=2.3822;GradientBoostedTreesGeneric [virtual interface]=2.3855;Generic slow engine=4.4002
madelon,Axis Aligned,5,3,100,100,0.1,2.0,2.0,1000,Exact,2080,520,500,2.015,0.782692,0.484866,GradientBoostedTreesOptPred [virtual interface],2.3523,3.4808,6.6845,GradientBoostedTreesOptPred [virtual interface]=2.3523;GradientBoostedTreesGeneric [virtual interface]=3.4808;GradientBoostedTreesQuickScorerExtended [virtual interface]=4.5315;Generic slow engine=6.6845
madelon,Axis Aligned,6,3,100,67,0.1,2.0,2.0,1000,Exact,2080,520,500,3.310,0.8,0.441221,GradientBoostedTreesOptPred [virtual interface],1.9195,2.9310,6.3148,GradientBoostedTreesOptPred [virtual interface]=1.9195;GradientBoostedTreesGeneric [virtual interface]=2.9310;GradientBoostedTreesQuickScorerExtended [virtual interface]=5.1982;Generic slow engine=6.3148
madelon,Axis Aligned,7,3,100,75,0.1,2.0,2.0,1000,Exact,2080,520,500,5.921,0.819231,0.404151,GradientBoostedTreesOptPred [virtual interface],2.9828,4.0228,9.3528,GradientBoostedTreesOptPred [virtual interface]=2.9828;GradientBoostedTreesGeneric [virtual interface]=4.0228;GradientBoostedTreesQuickScorerExtended [virtual interface]=6.9050;Generic slow engine=9.3528
madelon,Axis Aligned,8,3,100,60,0.1,2.0,2.0,1000,Exact,2080,520,500,8.467,0.815385,0.392996,GradientBoostedTreesOptPred [virtual interface],2.7713,3.7332,9.2843,GradientBoostedTreesOptPred [virtual interface]=2.7713;GradientBoostedTreesGeneric [virtual interface]=3.7332;Generic slow engine=9.2843
madelon,Axis Aligned,10,3,100,39,0.1,2.0,2.0,1000,Exact,2080,520,500,13.785,0.842308,0.377037,GradientBoostedTreesOptPred [virtual interface],2.1258,3.1135,9.2652,GradientBoostedTreesOptPred [virtual interface]=2.1258;GradientBoostedTreesGeneric [virtual interface]=3.1135;Generic slow engine=9.2652
madelon,Oblique,3,3,100,97,0.1,2.0,2.0,1000,Exact,2080,520,500,0.993,0.736538,0.54,GradientBoostedTreesGeneric [virtual interface],1.8613,1.8613,4.8220,GradientBoostedTreesGeneric [virtual interface]=1.8613;Generic slow engine=4.8220
madelon,Oblique,4,3,100,99,0.1,2.0,2.0,1000,Exact,2080,520,500,1.780,0.8,0.482904,GradientBoostedTreesGeneric [virtual interface],3.3723,3.3723,9.1335,GradientBoostedTreesGeneric [virtual interface]=3.3723;Generic slow engine=9.1335
madelon,Oblique,5,3,100,96,0.1,2.0,2.0,1000,Exact,2080,520,500,2.870,0.809615,0.432452,GradientBoostedTreesGeneric [virtual interface],5.0753,5.0753,13.7450,GradientBoostedTreesGeneric [virtual interface]=5.0753;Generic slow engine=13.7450
madelon,Oblique,6,3,100,79,0.1,2.0,2.0,1000,Exact,2080,520,500,4.540,0.823077,0.416017,GradientBoostedTreesGeneric [virtual interface],5.4415,5.4415,16.4530,GradientBoostedTreesGeneric [virtual interface]=5.4415;Generic slow engine=16.4530
madelon,Oblique,8,3,100,80,0.1,2.0,2.0,1000,Exact,2080,520,500,10.878,0.851923,0.370552,GradientBoostedTreesGeneric [virtual interface],8.9582,8.9582,30.4090,GradientBoostedTreesGeneric [virtual interface]=8.9582;Generic slow engine=30.4090
madelon,Axis Aligned,3,4,100,69,0.1,2.0,2.0,1000,Exact,2080,520,500,0.575,0.665385,0.608995,GradientBoostedTreesOptPred [virtual interface],0.6438,1.0588,1.7592,GradientBoostedTreesOptPred [virtual interface]=0.6438;GradientBoostedTreesQuickScorerExtended [virtual interface]=0.6485;GradientBoostedTreesGeneric [virtual interface]=1.0588;Generic slow engine=1.7592
madelon,Axis Aligned,4,4,100,83,0.1,2.0,2.0,1000,Exact,2080,520,500,1.119,0.736538,0.545487,GradientBoostedTreesOptPred [virtual interface],1.3217,1.9235,3.7070,GradientBoostedTreesOptPred [virtual interface]=1.3217;GradientBoostedTreesGeneric [virtual interface]=1.9235;GradientBoostedTreesQuickScorerExtended [virtual interface]=1.9785;Generic slow engine=3.7070
madelon,Axis Aligned,5,4,100,64,0.1,2.0,2.0,1000,Exact,2080,520,500,1.894,0.759615,0.507005,GradientBoostedTreesOptPred [virtual interface],1.3608,2.0580,4.2378,GradientBoostedTreesOptPred [virtual interface]=1.3608;GradientBoostedTreesGeneric [virtual interface]=2.0580;GradientBoostedTreesQuickScorerExtended [virtual interface]=3.2280;Generic slow engine=4.2378
madelon,Axis Aligned,6,4,100,47,0.1,2.0,2.0,1000,Exact,2080,520,500,2.688,0.786538,0.473611,GradientBoostedTreesOptPred [virtual interface],1.2100,1.8520,4.4547,GradientBoostedTreesOptPred [virtual interface]=1.2100;GradientBoostedTreesGeneric [virtual interface]=1.8520;GradientBoostedTreesQuickScorerExtended [virtual interface]=4.2858;Generic slow engine=4.4547
madelon,Axis Aligned,7,4,100,41,0.1,2.0,2.0,1000,Exact,2080,520,500,3.993,0.821154,0.431951,GradientBoostedTreesOptPred [virtual interface],1.4070,1.8702,4.8655,GradientBoostedTreesOptPred [virtual interface]=1.4070;GradientBoostedTreesGeneric [virtual interface]=1.8702;Generic slow engine=4.8655;GradientBoostedTreesQuickScorerExtended [virtual interface]=5.3470
madelon,Axis Aligned,8,4,100,68,0.1,2.0,2.0,1000,Exact,2080,520,500,8.424,0.809615,0.424034,GradientBoostedTreesOptPred [virtual interface],3.1797,4.2412,10.7530,GradientBoostedTreesOptPred [virtual interface]=3.1797;GradientBoostedTreesGeneric [virtual interface]=4.2412;Generic slow engine=10.7530
madelon,Axis Aligned,10,4,100,44,0.1,2.0,2.0,1000,Exact,2080,520,500,13.784,0.832692,0.426765,GradientBoostedTreesOptPred [virtual interface],2.3380,3.5813,10.4850,GradientBoostedTreesOptPred [virtual interface]=2.3380;GradientBoostedTreesGeneric [virtual interface]=3.5813;Generic slow engine=10.4850
madelon,Oblique,3,4,100,100,0.1,2.0,2.0,1000,Exact,2080,520,500,0.986,0.713462,0.559874,GradientBoostedTreesGeneric [virtual interface],1.9595,1.9595,4.9863,GradientBoostedTreesGeneric [virtual interface]=1.9595;Generic slow engine=4.9863
madelon,Oblique,4,4,100,100,0.1,2.0,2.0,1000,Exact,2080,520,500,1.730,0.765385,0.502253,GradientBoostedTreesGeneric [virtual interface],3.2105,3.2105,9.0318,GradientBoostedTreesGeneric [virtual interface]=3.2105;Generic slow engine=9.0318
madelon,Oblique,5,4,100,88,0.1,2.0,2.0,1000,Exact,2080,520,500,3.183,0.784615,0.469368,GradientBoostedTreesGeneric [virtual interface],4.0430,4.0430,12.2300,GradientBoostedTreesGeneric [virtual interface]=4.0430;Generic slow engine=12.2300
madelon,Oblique,6,4,100,31,0.1,2.0,2.0,1000,Exact,2080,520,500,2.928,0.796154,0.467345,GradientBoostedTreesGeneric [virtual interface],1.6635,1.6635,5.8635,GradientBoostedTreesGeneric [virtual interface]=1.6635;Generic slow engine=5.8635
madelon,Oblique,8,4,100,36,0.1,2.0,2.0,1000,Exact,2080,520,500,7.803,0.815385,0.411306,GradientBoostedTreesGeneric [virtual interface],3.6025,3.6025,11.9170,GradientBoostedTreesGeneric [virtual interface]=3.6025;Generic slow engine=11.9170
madelon,Axis Aligned,3,5,100,40,0.1,2.0,2.0,1000,Exact,2080,520,500,0.433,0.673077,0.597951,GradientBoostedTreesOptPred [virtual interface],0.2858,0.5325,0.8250,GradientBoostedTreesOptPred [virtual interface]=0.2858;GradientBoostedTreesQuickScorerExtended [virtual interface]=0.2963;GradientBoostedTreesGeneric [virtual interface]=0.5325;Generic slow engine=0.8250
madelon,Axis Aligned,4,5,100,97,0.1,2.0,2.0,1000,Exact,2080,520,500,1.106,0.717308,0.55242,GradientBoostedTreesOptPred [virtual interface],1.5117,2.2495,4.4050,GradientBoostedTreesOptPred [virtual interface]=1.5117;GradientBoostedTreesGeneric [virtual interface]=2.2495;GradientBoostedTreesQuickScorerExtended [virtual interface]=2.4670;Generic slow engine=4.4050
madelon,Axis Aligned,5,5,100,99,0.1,2.0,2.0,1000,Exact,2080,520,500,1.954,0.8,0.465149,GradientBoostedTreesOptPred [virtual interface],2.2210,3.2825,6.5593,GradientBoostedTreesOptPred [virtual interface]=2.2210;GradientBoostedTreesGeneric [virtual interface]=3.2825;GradientBoostedTreesQuickScorerExtended [virtual interface]=4.2858;Generic slow engine=6.5593
madelon,Axis Aligned,6,5,100,79,0.1,2.0,2.0,1000,Exact,2080,520,500,3.095,0.819231,0.431881,GradientBoostedTreesOptPred [virtual interface],2.1475,3.2920,7.4510,GradientBoostedTreesOptPred [virtual interface]=2.1475;GradientBoostedTreesGeneric [virtual interface]=3.2920;GradientBoostedTreesQuickScorerExtended [virtual interface]=5.3777;Generic slow engine=7.4510
madelon,Axis Aligned,7,5,100,51,0.1,2.0,2.0,1000,Exact,2080,520,500,4.275,0.834615,0.396384,GradientBoostedTreesOptPred [virtual interface],1.8177,2.4640,6.0572,GradientBoostedTreesOptPred [virtual interface]=1.8177;GradientBoostedTreesGeneric [virtual interface]=2.4640;GradientBoostedTreesQuickScorerExtended [virtual interface]=6.0568;Generic slow engine=6.0572
madelon,Axis Aligned,8,5,100,39,0.1,2.0,2.0,1000,Exact,2080,520,500,6.030,0.85,0.394402,GradientBoostedTreesOptPred [virtual interface],1.6268,2.1772,5.7095,GradientBoostedTreesOptPred [virtual interface]=1.6268;GradientBoostedTreesGeneric [virtual interface]=2.1772;Generic slow engine=5.7095
madelon,Axis Aligned,10,5,100,75,0.1,2.0,2.0,1000,Exact,2080,520,500,17.050,0.853846,0.383848,GradientBoostedTreesOptPred [virtual interface],4.7603,6.6878,19.5930,GradientBoostedTreesOptPred [virtual interface]=4.7603;GradientBoostedTreesGeneric [virtual interface]=6.6878;Generic slow engine=19.5930
madelon,Oblique,3,5,100,99,0.1,2.0,2.0,1000,Exact,2080,520,500,0.982,0.7,0.562264,GradientBoostedTreesGeneric [virtual interface],1.8505,1.8505,4.9670,GradientBoostedTreesGeneric [virtual interface]=1.8505;Generic slow engine=4.9670
madelon,Oblique,4,5,100,89,0.1,2.0,2.0,1000,Exact,2080,520,500,1.699,0.742308,0.522306,GradientBoostedTreesGeneric [virtual interface],2.6800,2.6800,7.9710,GradientBoostedTreesGeneric [virtual interface]=2.6800;Generic slow engine=7.9710
madelon,Oblique,5,5,100,100,0.1,2.0,2.0,1000,Exact,2080,520,500,2.926,0.819231,0.465862,GradientBoostedTreesGeneric [virtual interface],4.7830,4.7830,14.0880,GradientBoostedTreesGeneric [virtual interface]=4.7830;Generic slow engine=14.0880
madelon,Oblique,6,5,100,99,0.1,2.0,2.0,1000,Exact,2080,520,500,4.450,0.809615,0.430616,GradientBoostedTreesGeneric [virtual interface],6.6790,6.6790,21.0950,GradientBoostedTreesGeneric [virtual interface]=6.6790;Generic slow engine=21.0950
madelon,Oblique,8,5,100,66,0.1,2.0,2.0,1000,Exact,2080,520,500,10.750,0.826923,0.411174,GradientBoostedTreesGeneric [virtual interface],7.1452,7.1452,23.1260,GradientBoostedTreesGeneric [virtual interface]=7.1452;Generic slow engine=23.1260
madelon,Axis Aligned,3,6,100,100,0.1,2.0,2.0,1000,Exact,2080,520,500,0.596,0.676923,0.587708,GradientBoostedTreesQuickScorerExtended [virtual interface],0.9145,1.7188,2.5990,GradientBoostedTreesQuickScorerExtended [virtual interface]=0.9145;GradientBoostedTreesOptPred [virtual interface]=1.1462;GradientBoostedTreesGeneric [virtual interface]=1.7188;Generic slow engine=2.5990
madelon,Axis Aligned,4,6,100,88,0.1,2.0,2.0,1000,Exact,2080,520,500,1.124,0.719231,0.552359,GradientBoostedTreesOptPred [virtual interface],1.4492,2.0710,3.9888,GradientBoostedTreesOptPred [virtual interface]=1.4492;GradientBoostedTreesGeneric [virtual interface]=2.0710;GradientBoostedTreesQuickScorerExtended [virtual interface]=2.1763;Generic slow engine=3.9888
madelon,Axis Aligned,5,6,100,83,0.1,2.0,2.0,1000,Exact,2080,520,500,2.008,0.805769,0.475695,GradientBoostedTreesOptPred [virtual interface],1.8655,2.7650,5.4393,GradientBoostedTreesOptPred [virtual interface]=1.8655;GradientBoostedTreesGeneric [virtual interface]=2.7650;GradientBoostedTreesQuickScorerExtended [virtual interface]=3.5947;Generic slow engine=5.4393
madelon,Axis Aligned,6,6,100,90,0.1,2.0,2.0,1000,Exact,2080,520,500,3.088,0.817308,0.430073,GradientBoostedTreesOptPred [virtual interface],2.5790,3.8868,8.6765,GradientBoostedTreesOptPred [virtual interface]=2.5790;GradientBoostedTreesGeneric [virtual interface]=3.8868;GradientBoostedTreesQuickScorerExtended [virtual interface]=5.5110;Generic slow engine=8.6765
madelon,Axis Aligned,7,6,100,100,0.1,2.0,2.0,1000,Exact,2080,520,500,5.074,0.836538,0.404439,GradientBoostedTreesOptPred [virtual interface],4.1400,5.3658,12.6080,GradientBoostedTreesOptPred [virtual interface]=4.1400;GradientBoostedTreesGeneric [virtual interface]=5.3658;GradientBoostedTreesQuickScorerExtended [virtual interface]=7.1045;Generic slow engine=12.6080
madelon,Axis Aligned,8,6,100,59,0.1,2.0,2.0,1000,Exact,2080,520,500,7.721,0.855769,0.370302,GradientBoostedTreesOptPred [virtual interface],2.7015,3.5553,9.0403,GradientBoostedTreesOptPred [virtual interface]=2.7015;GradientBoostedTreesGeneric [virtual interface]=3.5553;Generic slow engine=9.0403
madelon,Axis Aligned,10,6,100,47,0.1,2.0,2.0,1000,Exact,2080,520,500,15.279,0.844231,0.381771,GradientBoostedTreesOptPred [virtual interface],2.7225,3.8775,11.2100,GradientBoostedTreesOptPred [virtual interface]=2.7225;GradientBoostedTreesGeneric [virtual interface]=3.8775;Generic slow engine=11.2100
madelon,Oblique,3,6,100,72,0.1,2.0,2.0,1000,Exact,2080,520,500,0.990,0.742308,0.550271,GradientBoostedTreesGeneric [virtual interface],1.4103,1.4103,3.5922,GradientBoostedTreesGeneric [virtual interface]=1.4103;Generic slow engine=3.5922
madelon,Oblique,4,6,100,95,0.1,2.0,2.0,1000,Exact,2080,520,500,1.710,0.775,0.500413,GradientBoostedTreesGeneric [virtual interface],2.9785,2.9785,8.7595,GradientBoostedTreesGeneric [virtual interface]=2.9785;Generic slow engine=8.7595
madelon,Oblique,5,6,100,99,0.1,2.0,2.0,1000,Exact,2080,520,500,2.996,0.8,0.457879,GradientBoostedTreesGeneric [virtual interface],4.8875,4.8875,14.0880,GradientBoostedTreesGeneric [virtual interface]=4.8875;Generic slow engine=14.0880
madelon,Oblique,6,6,100,90,0.1,2.0,2.0,1000,Exact,2080,520,500,4.692,0.828846,0.413949,GradientBoostedTreesGeneric [virtual interface],5.9977,5.9977,18.9630,GradientBoostedTreesGeneric [virtual interface]=5.9977;Generic slow engine=18.9630
madelon,Oblique,8,6,100,100,0.1,2.0,2.0,1000,Exact,2080,520,500,10.577,0.855769,0.363025,GradientBoostedTreesGeneric [virtual interface],11.3350,11.3350,38.9660,GradientBoostedTreesGeneric [virtual interface]=11.3350;Generic slow engine=38.9660
madelon,Axis Aligned,3,7,100,79,0.1,2.0,2.0,1000,Exact,2080,520,500,0.585,0.705769,0.58057,GradientBoostedTreesQuickScorerExtended [virtual interface],0.6505,1.2928,2.0375,GradientBoostedTreesQuickScorerExtended [virtual interface]=0.6505;GradientBoostedTreesOptPred [virtual interface]=0.8117;GradientBoostedTreesGeneric [virtual interface]=1.2928;Generic slow engine=2.0375
madelon,Axis Aligned,4,7,100,58,0.1,2.0,2.0,1000,Exact,2080,520,500,1.048,0.744231,0.549272,GradientBoostedTreesOptPred [virtual interface],0.9533,1.3435,2.5183,GradientBoostedTreesOptPred [virtual interface]=0.9533;GradientBoostedTreesQuickScorerExtended [virtual interface]=1.2757;GradientBoostedTreesGeneric [virtual interface]=1.3435;Generic slow engine=2.5183
madelon,Axis Aligned,5,7,100,62,0.1,2.0,2.0,1000,Exact,2080,520,500,1.770,0.742308,0.529307,GradientBoostedTreesOptPred [virtual interface],1.3030,1.9655,4.0760,GradientBoostedTreesOptPred [virtual interface]=1.3030;GradientBoostedTreesGeneric [virtual interface]=1.9655;GradientBoostedTreesQuickScorerExtended [virtual interface]=2.9903;Generic slow engine=4.0760
madelon,Axis Aligned,6,7,100,76,0.1,2.0,2.0,1000,Exact,2080,520,500,3.285,0.784615,0.477917,GradientBoostedTreesOptPred [virtual interface],2.0480,3.1913,7.1110,GradientBoostedTreesOptPred [virtual interface]=2.0480;GradientBoostedTreesGeneric [virtual interface]=3.1913;GradientBoostedTreesQuickScorerExtended [virtual interface]=5.3747;Generic slow engine=7.1110
madelon,Axis Aligned,7,7,100,96,0.1,2.0,2.0,1000,Exact,2080,520,500,4.915,0.815385,0.420311,GradientBoostedTreesOptPred [virtual interface],3.9323,5.1785,12.0020,GradientBoostedTreesOptPred [virtual interface]=3.9323;GradientBoostedTreesGeneric [virtual interface]=5.1785;GradientBoostedTreesQuickScorerExtended [virtual interface]=6.9852;Generic slow engine=12.0020
madelon,Axis Aligned,8,7,100,89,0.1,2.0,2.0,1000,Exact,2080,520,500,8.328,0.813462,0.417454,GradientBoostedTreesOptPred [virtual interface],4.4260,5.7125,14.3550,GradientBoostedTreesOptPred [virtual interface]=4.4260;GradientBoostedTreesGeneric [virtual interface]=5.7125;Generic slow engine=14.3550
madelon,Axis Aligned,10,7,100,65,0.1,2.0,2.0,1000,Exact,2080,520,500,17.025,0.819231,0.454009,GradientBoostedTreesOptPred [virtual interface],3.9032,5.7168,17.1800,GradientBoostedTreesOptPred [virtual interface]=3.9032;GradientBoostedTreesGeneric [virtual interface]=5.7168;Generic slow engine=17.1800
madelon,Oblique,3,7,100,99,0.1,2.0,2.0,1000,Exact,2080,520,500,0.987,0.75,0.536738,GradientBoostedTreesGeneric [virtual interface],1.9810,1.9810,4.8902,GradientBoostedTreesGeneric [virtual interface]=1.9810;Generic slow engine=4.8902
madelon,Oblique,4,7,100,93,0.1,2.0,2.0,1000,Exact,2080,520,500,1.781,0.780769,0.504484,GradientBoostedTreesGeneric [virtual interface],3.0500,3.0500,8.6240,GradientBoostedTreesGeneric [virtual interface]=3.0500;Generic slow engine=8.6240
madelon,Oblique,5,7,100,96,0.1,2.0,2.0,1000,Exact,2080,520,500,2.879,0.792308,0.471957,GradientBoostedTreesGeneric [virtual interface],4.5840,4.5840,13.2260,GradientBoostedTreesGeneric [virtual interface]=4.5840;Generic slow engine=13.2260
madelon,Oblique,6,7,100,88,0.1,2.0,2.0,1000,Exact,2080,520,500,4.440,0.798077,0.449603,GradientBoostedTreesGeneric [virtual interface],5.8777,5.8777,17.8930,GradientBoostedTreesGeneric [virtual interface]=5.8777;Generic slow engine=17.8930
madelon,Oblique,8,7,100,98,0.1,2.0,2.0,1000,Exact,2080,520,500,10.995,0.836538,0.410174,GradientBoostedTreesGeneric [virtual interface],11.3800,11.3800,38.1300,GradientBoostedTreesGeneric [virtual interface]=11.3800;Generic slow engine=38.1300
madelon,Axis Aligned,3,8,100,48,0.1,2.0,2.0,1000,Exact,2080,520,500,0.485,0.673077,0.594595,GradientBoostedTreesOptPred [virtual interface],0.4050,0.6897,1.0853,GradientBoostedTreesOptPred [virtual interface]=0.4050;GradientBoostedTreesQuickScorerExtended [virtual interface]=0.4203;GradientBoostedTreesGeneric [virtual interface]=0.6897;Generic slow engine=1.0853
madelon,Axis Aligned,4,8,100,45,0.1,2.0,2.0,1000,Exact,2080,520,500,0.898,0.748077,0.534043,GradientBoostedTreesOptPred [virtual interface],0.6885,1.0248,1.9493,GradientBoostedTreesOptPred [virtual interface]=0.6885;GradientBoostedTreesGeneric [virtual interface]=1.0248;GradientBoostedTreesQuickScorerExtended [virtual interface]=1.0665;Generic slow engine=1.9493
madelon,Axis Aligned,5,8,100,87,0.1,2.0,2.0,1000,Exact,2080,520,500,2.017,0.790385,0.479041,GradientBoostedTreesOptPred [virtual interface],1.8640,2.8393,5.9053,GradientBoostedTreesOptPred [virtual interface]=1.8640;GradientBoostedTreesGeneric [virtual interface]=2.8393;GradientBoostedTreesQuickScorerExtended [virtual interface]=4.1787;Generic slow engine=5.9053
madelon,Axis Aligned,6,8,100,100,0.1,2.0,2.0,1000,Exact,2080,520,500,3.365,0.825,0.435954,GradientBoostedTreesOptPred [virtual interface],2.9928,4.4588,9.8690,GradientBoostedTreesOptPred [virtual interface]=2.9928;GradientBoostedTreesGeneric [virtual interface]=4.4588;GradientBoostedTreesQuickScorerExtended [virtual interface]=6.0728;Generic slow engine=9.8690
madelon,Axis Aligned,7,8,100,44,0.1,2.0,2.0,1000,Exact,2080,520,500,4.000,0.828846,0.405316,GradientBoostedTreesOptPred [virtual interface],1.4940,2.0257,5.2293,GradientBoostedTreesOptPred [virtual interface]=1.4940;GradientBoostedTreesGeneric [virtual interface]=2.0257;Generic slow engine=5.2293;GradientBoostedTreesQuickScorerExtended [virtual interface]=5.3685
madelon,Axis Aligned,8,8,100,43,0.1,2.0,2.0,1000,Exact,2080,520,500,6.601,0.844231,0.394676,GradientBoostedTreesOptPred [virtual interface],1.7515,2.4468,6.6390,GradientBoostedTreesOptPred [virtual interface]=1.7515;GradientBoostedTreesGeneric [virtual interface]=2.4468;Generic slow engine=6.6390
madelon,Axis Aligned,10,8,100,41,0.1,2.0,2.0,1000,Exact,2080,520,500,13.936,0.840385,0.402409,GradientBoostedTreesOptPred [virtual interface],2.1843,3.2665,9.4060,GradientBoostedTreesOptPred [virtual interface]=2.1843;GradientBoostedTreesGeneric [virtual interface]=3.2665;Generic slow engine=9.4060
madelon,Oblique,3,8,100,83,0.1,2.0,2.0,1000,Exact,2080,520,500,1.002,0.736538,0.541889,GradientBoostedTreesGeneric [virtual interface],1.5292,1.5292,4.1805,GradientBoostedTreesGeneric [virtual interface]=1.5292;Generic slow engine=4.1805
madelon,Oblique,4,8,100,99,0.1,2.0,2.0,1000,Exact,2080,520,500,1.751,0.757692,0.501611,GradientBoostedTreesGeneric [virtual interface],3.2555,3.2555,9.3015,GradientBoostedTreesGeneric [virtual interface]=3.2555;Generic slow engine=9.3015
madelon,Oblique,5,8,100,96,0.1,2.0,2.0,1000,Exact,2080,520,500,2.879,0.823077,0.431192,GradientBoostedTreesGeneric [virtual interface],4.7280,4.7280,13.4690,GradientBoostedTreesGeneric [virtual interface]=4.7280;Generic slow engine=13.4690
madelon,Oblique,6,8,100,96,0.1,2.0,2.0,1000,Exact,2080,520,500,4.589,0.826923,0.427765,GradientBoostedTreesGeneric [virtual interface],6.4638,6.4638,20.3160,GradientBoostedTreesGeneric [virtual interface]=6.4638;Generic slow engine=20.3160
madelon,Oblique,8,8,100,69,0.1,2.0,2.0,1000,Exact,2080,520,500,11.178,0.811538,0.425496,GradientBoostedTreesGeneric [virtual interface],7.5065,7.5065,24.8110,GradientBoostedTreesGeneric [virtual interface]=7.5065;Generic slow engine=24.8110
madelon,Axis Aligned,3,9,100,37,0.1,2.0,2.0,1000,Exact,2080,520,500,0.419,0.659615,0.6103,GradientBoostedTreesOptPred [virtual interface],0.2680,0.4710,0.7113,GradientBoostedTreesOptPred [virtual interface]=0.2680;GradientBoostedTreesQuickScorerExtended [virtual interface]=0.3023;GradientBoostedTreesGeneric [virtual interface]=0.4710;Generic slow engine=0.7113
madelon,Axis Aligned,4,9,100,74,0.1,2.0,2.0,1000,Exact,2080,520,500,1.121,0.705769,0.565208,GradientBoostedTreesOptPred [virtual interface],1.2285,1.7843,3.2730,GradientBoostedTreesOptPred [virtual interface]=1.2285;GradientBoostedTreesGeneric [virtual interface]=1.7843;GradientBoostedTreesQuickScorerExtended [virtual interface]=1.8580;Generic slow engine=3.2730
madelon,Axis Aligned,5,9,100,27,0.1,2.0,2.0,1000,Exact,2080,520,500,1.204,0.757692,0.519768,GradientBoostedTreesOptPred [virtual interface],0.4830,0.7590,1.5748,GradientBoostedTreesOptPred [virtual interface]=0.4830;GradientBoostedTreesGeneric [virtual interface]=0.7590;GradientBoostedTreesQuickScorerExtended [virtual interface]=1.2752;Generic slow engine=1.5748
madelon,Axis Aligned,6,9,100,15,0.1,2.0,2.0,1000,Exact,2080,520,500,1.688,0.782692,0.495883,GradientBoostedTreesOptPred [virtual interface],0.2540,0.4730,1.1207,GradientBoostedTreesOptPred [virtual interface]=0.2540;GradientBoostedTreesGeneric [virtual interface]=0.4730;Generic slow engine=1.1207;GradientBoostedTreesQuickScorerExtended [virtual interface]=1.2468
madelon,Axis Aligned,7,9,100,18,0.1,2.0,2.0,1000,Exact,2080,520,500,2.887,0.807692,0.468077,GradientBoostedTreesOptPred [virtual interface],0.5347,0.7312,1.9138,GradientBoostedTreesOptPred [virtual interface]=0.5347;GradientBoostedTreesGeneric [virtual interface]=0.7312;Generic slow engine=1.9138;GradientBoostedTreesQuickScorerExtended [virtual interface]=2.9475
madelon,Axis Aligned,8,9,100,24,0.1,2.0,2.0,1000,Exact,2080,520,500,4.804,0.807692,0.438324,GradientBoostedTreesOptPred [virtual interface],0.8812,1.2735,3.4050,GradientBoostedTreesOptPred [virtual interface]=0.8812;GradientBoostedTreesGeneric [virtual interface]=1.2735;Generic slow engine=3.4050
madelon,Axis Aligned,10,9,100,36,0.1,2.0,2.0,1000,Exact,2080,520,500,12.863,0.807692,0.443332,GradientBoostedTreesOptPred [virtual interface],1.9278,2.8720,8.2190,GradientBoostedTreesOptPred [virtual interface]=1.9278;GradientBoostedTreesGeneric [virtual interface]=2.8720;Generic slow engine=8.2190
madelon,Oblique,3,9,100,98,0.1,2.0,2.0,1000,Exact,2080,520,500,0.985,0.707692,0.568336,GradientBoostedTreesGeneric [virtual interface],1.8735,1.8735,4.8245,GradientBoostedTreesGeneric [virtual interface]=1.8735;Generic slow engine=4.8245
madelon,Oblique,4,9,100,98,0.1,2.0,2.0,1000,Exact,2080,520,500,1.783,0.701923,0.540233,GradientBoostedTreesGeneric [virtual interface],3.2203,3.2203,9.4872,GradientBoostedTreesGeneric [virtual interface]=3.2203;Generic slow engine=9.4872
madelon,Oblique,5,9,100,57,0.1,2.0,2.0,1000,Exact,2080,520,500,2.500,0.771154,0.494567,GradientBoostedTreesGeneric [virtual interface],2.6288,2.6288,7.9330,GradientBoostedTreesGeneric [virtual interface]=2.6288;Generic slow engine=7.9330
madelon,Oblique,6,9,100,49,0.1,2.0,2.0,1000,Exact,2080,520,500,3.565,0.801923,0.458038,GradientBoostedTreesGeneric [virtual interface],3.2675,3.2675,9.8000,GradientBoostedTreesGeneric [virtual interface]=3.2675;Generic slow engine=9.8000
madelon,Oblique,8,9,100,46,0.1,2.0,2.0,1000,Exact,2080,520,500,9.409,0.819231,0.432482,GradientBoostedTreesGeneric [virtual interface],4.8738,4.8738,15.7140,GradientBoostedTreesGeneric [virtual interface]=4.8738;Generic slow engine=15.7140
internet-advertisements,Axis Aligned,3,0,100,100,0.1,2.0,2.0,1000,Exact,2623,656,1558,0.474,0.943598,0.166642,GradientBoostedTreesQuickScorerExtended [virtual interface],0.3095,0.7845,2.8893,GradientBoostedTreesQuickScorerExtended [virtual interface]=0.3095;GradientBoostedTreesGeneric [virtual interface]=0.7845;Generic slow engine=2.8893
internet-advertisements,Axis Aligned,4,0,100,99,0.1,2.0,2.0,1000,Exact,2623,656,1558,1.056,0.948171,0.139468,GradientBoostedTreesQuickScorerExtended [virtual interface],0.4665,1.1065,4.7198,GradientBoostedTreesQuickScorerExtended [virtual interface]=0.4665;GradientBoostedTreesGeneric [virtual interface]=1.1065;Generic slow engine=4.7198
internet-advertisements,Axis Aligned,5,0,100,100,0.1,2.0,2.0,1000,Exact,2623,656,1558,1.927,0.969512,0.108861,GradientBoostedTreesQuickScorerExtended [virtual interface],0.6757,1.4880,7.0090,GradientBoostedTreesQuickScorerExtended [virtual interface]=0.6757;GradientBoostedTreesGeneric [virtual interface]=1.4880;Generic slow engine=7.0090
internet-advertisements,Axis Aligned,6,0,100,100,0.1,2.0,2.0,1000,Exact,2623,656,1558,3.224,0.964939,0.102409,GradientBoostedTreesQuickScorerExtended [virtual interface],0.8600,1.8328,9.7065,GradientBoostedTreesQuickScorerExtended [virtual interface]=0.8600;GradientBoostedTreesGeneric [virtual interface]=1.8328;Generic slow engine=9.7065
internet-advertisements,Axis Aligned,7,0,100,100,0.1,2.0,2.0,1000,Exact,2623,656,1558,4.708,0.97561,0.0957427,GradientBoostedTreesQuickScorerExtended [virtual interface],1.0020,2.1943,11.8090,GradientBoostedTreesQuickScorerExtended [virtual interface]=1.0020;GradientBoostedTreesGeneric [virtual interface]=2.1943;Generic slow engine=11.8090
internet-advertisements,Axis Aligned,8,0,100,100,0.1,2.0,2.0,1000,Exact,2623,656,1558,6.047,0.980183,0.0833916,GradientBoostedTreesQuickScorerExtended [virtual interface],1.1502,2.5518,13.8470,GradientBoostedTreesQuickScorerExtended [virtual interface]=1.1502;GradientBoostedTreesGeneric [virtual interface]=2.5518;Generic slow engine=13.8470
internet-advertisements,Axis Aligned,10,0,100,100,0.1,2.0,2.0,1000,Exact,2623,656,1558,9.652,0.981707,0.0695262,GradientBoostedTreesQuickScorerExtended [virtual interface],1.4812,3.2858,19.2640,GradientBoostedTreesQuickScorerExtended [virtual interface]=1.4812;GradientBoostedTreesGeneric [virtual interface]=3.2858;Generic slow engine=19.2640
internet-advertisements,Oblique,3,0,100,100,0.1,2.0,2.0,1000,Exact,2623,656,1558,1.363,0.978659,0.0867997,GradientBoostedTreesGeneric [virtual interface],0.8367,0.8367,2.6522,GradientBoostedTreesGeneric [virtual interface]=0.8367;Generic slow engine=2.6522
internet-advertisements,Oblique,4,0,100,95,0.1,2.0,2.0,1000,Exact,2623,656,1558,2.668,0.983232,0.0758453,GradientBoostedTreesGeneric [virtual interface],1.1810,1.1810,4.1900,GradientBoostedTreesGeneric [virtual interface]=1.1810;Generic slow engine=4.1900
internet-advertisements,Oblique,5,0,100,100,0.1,2.0,2.0,1000,Exact,2623,656,1558,4.529,0.981707,0.072555,GradientBoostedTreesGeneric [virtual interface],1.6473,1.6473,6.3338,GradientBoostedTreesGeneric [virtual interface]=1.6473;Generic slow engine=6.3338
internet-advertisements,Oblique,6,0,100,74,0.1,2.0,2.0,1000,Exact,2623,656,1558,6.452,0.981707,0.0744855,GradientBoostedTreesGeneric [virtual interface],1.5928,1.5928,6.3143,GradientBoostedTreesGeneric [virtual interface]=1.5928;Generic slow engine=6.3143
internet-advertisements,Oblique,8,0,100,97,0.1,2.0,2.0,1000,Exact,2623,656,1558,11.958,0.980183,0.0647265,GradientBoostedTreesGeneric [virtual interface],3.1482,3.1482,12.0320,GradientBoostedTreesGeneric [virtual interface]=3.1482;Generic slow engine=12.0320
internet-advertisements,Axis Aligned,3,1,100,100,0.1,2.0,2.0,1000,Exact,2623,656,1558,0.451,0.940549,0.171866,GradientBoostedTreesQuickScorerExtended [virtual interface],0.2975,0.7698,2.8453,GradientBoostedTreesQuickScorerExtended [virtual interface]=0.2975;GradientBoostedTreesGeneric [virtual interface]=0.7698;Generic slow engine=2.8453
internet-advertisements,Axis Aligned,4,1,100,100,0.1,2.0,2.0,1000,Exact,2623,656,1558,1.013,0.951219,0.152805,GradientBoostedTreesQuickScorerExtended [virtual interface],0.4527,1.1175,4.7590,GradientBoostedTreesQuickScorerExtended [virtual interface]=0.4527;GradientBoostedTreesGeneric [virtual interface]=1.1175;Generic slow engine=4.7590
internet-advertisements,Axis Aligned,5,1,100,100,0.1,2.0,2.0,1000,Exact,2623,656,1558,1.766,0.955793,0.134075,GradientBoostedTreesQuickScorerExtended [virtual interface],0.6422,1.4620,6.9918,GradientBoostedTreesQuickScorerExtended [virtual interface]=0.6422;GradientBoostedTreesGeneric [virtual interface]=1.4620;Generic slow engine=6.9918
internet-advertisements,Axis Aligned,6,1,100,100,0.1,2.0,2.0,1000,Exact,2623,656,1558,2.929,0.964939,0.115336,GradientBoostedTreesQuickScorerExtended [virtual interface],0.8502,1.8190,9.6702,GradientBoostedTreesQuickScorerExtended [virtual interface]=0.8502;GradientBoostedTreesGeneric [virtual interface]=1.8190;Generic slow engine=9.6702
internet-advertisements,Axis Aligned,7,1,100,100,0.1,2.0,2.0,1000,Exact,2623,656,1558,4.044,0.966463,0.106395,GradientBoostedTreesQuickScorerExtended [virtual interface],1.0285,2.1730,11.7490,GradientBoostedTreesQuickScorerExtended [virtual interface]=1.0285;GradientBoostedTreesGeneric [virtual interface]=2.1730;Generic slow engine=11.7490
internet-advertisements,Axis Aligned,8,1,100,100,0.1,2.0,2.0,1000,Exact,2623,656,1558,6.039,0.971037,0.100777,GradientBoostedTreesQuickScorerExtended [virtual interface],1.2018,2.5653,13.8730,GradientBoostedTreesQuickScorerExtended [virtual interface]=1.2018;GradientBoostedTreesGeneric [virtual interface]=2.5653;Generic slow engine=13.8730
internet-advertisements,Axis Aligned,10,1,100,100,0.1,2.0,2.0,1000,Exact,2623,656,1558,9.363,0.97561,0.0968636,GradientBoostedTreesQuickScorerExtended [virtual interface],1.5277,3.2750,19.2470,GradientBoostedTreesQuickScorerExtended [virtual interface]=1.5277;GradientBoostedTreesGeneric [virtual interface]=3.2750;Generic slow engine=19.2470
internet-advertisements,Oblique,3,1,100,100,0.1,2.0,2.0,1000,Exact,2623,656,1558,1.409,0.966463,0.118073,GradientBoostedTreesGeneric [virtual interface],0.8077,0.8077,2.7338,GradientBoostedTreesGeneric [virtual interface]=0.8077;Generic slow engine=2.7338
internet-advertisements,Oblique,4,1,100,100,0.1,2.0,2.0,1000,Exact,2623,656,1558,2.606,0.974085,0.106187,GradientBoostedTreesGeneric [virtual interface],1.1878,1.1878,4.4785,GradientBoostedTreesGeneric [virtual interface]=1.1878;Generic slow engine=4.4785
internet-advertisements,Oblique,5,1,100,98,0.1,2.0,2.0,1000,Exact,2623,656,1558,4.379,0.97561,0.102064,GradientBoostedTreesGeneric [virtual interface],1.6215,1.6215,6.2180,GradientBoostedTreesGeneric [virtual interface]=1.6215;Generic slow engine=6.2180
internet-advertisements,Oblique,6,1,100,81,0.1,2.0,2.0,1000,Exact,2623,656,1558,6.291,0.974085,0.102154,GradientBoostedTreesGeneric [virtual interface],1.7095,1.7095,6.8630,GradientBoostedTreesGeneric [virtual interface]=1.7095;Generic slow engine=6.8630
internet-advertisements,Oblique,8,1,100,58,0.1,2.0,2.0,1000,Exact,2623,656,1558,10.804,0.972561,0.101905,GradientBoostedTreesGeneric [virtual interface],1.8050,1.8050,6.9250,GradientBoostedTreesGeneric [virtual interface]=1.8050;Generic slow engine=6.9250
internet-advertisements,Axis Aligned,3,2,100,100,0.1,2.0,2.0,1000,Exact,2623,656,1558,0.466,0.948171,0.163427,GradientBoostedTreesQuickScorerExtended [virtual interface],0.2885,0.7795,2.7092,GradientBoostedTreesQuickScorerExtended [virtual interface]=0.2885;GradientBoostedTreesGeneric [virtual interface]=0.7795;Generic slow engine=2.7092
internet-advertisements,Axis Aligned,4,2,100,100,0.1,2.0,2.0,1000,Exact,2623,656,1558,1.113,0.955793,0.132599,GradientBoostedTreesQuickScorerExtended [virtual interface],0.4240,1.1378,4.7592,GradientBoostedTreesQuickScorerExtended [virtual interface]=0.4240;GradientBoostedTreesGeneric [virtual interface]=1.1378;Generic slow engine=4.7592
internet-advertisements,Axis Aligned,5,2,100,100,0.1,2.0,2.0,1000,Exact,2623,656,1558,1.923,0.957317,0.12183,GradientBoostedTreesQuickScorerExtended [virtual interface],0.6890,1.5000,7.0033,GradientBoostedTreesQuickScorerExtended [virtual interface]=0.6890;GradientBoostedTreesGeneric [virtual interface]=1.5000;Generic slow engine=7.0033
internet-advertisements,Axis Aligned,6,2,100,100,0.1,2.0,2.0,1000,Exact,2623,656,1558,3.056,0.967988,0.112426,GradientBoostedTreesQuickScorerExtended [virtual interface],0.8638,1.8670,9.6638,GradientBoostedTreesQuickScorerExtended [virtual interface]=0.8638;GradientBoostedTreesGeneric [virtual interface]=1.8670;Generic slow engine=9.6638
internet-advertisements,Axis Aligned,7,2,100,100,0.1,2.0,2.0,1000,Exact,2623,656,1558,5.039,0.969512,0.0999897,GradientBoostedTreesQuickScorerExtended [virtual interface],1.0275,2.2030,11.7370,GradientBoostedTreesQuickScorerExtended [virtual interface]=1.0275;GradientBoostedTreesGeneric [virtual interface]=2.2030;Generic slow engine=11.7370
internet-advertisements,Axis Aligned,8,2,100,99,0.1,2.0,2.0,1000,Exact,2623,656,1558,6.579,0.97561,0.0878182,GradientBoostedTreesQuickScorerExtended [virtual interface],1.2015,2.5863,13.7060,GradientBoostedTreesQuickScorerExtended [virtual interface]=1.2015;GradientBoostedTreesGeneric [virtual interface]=2.5863;Generic slow engine=13.7060
internet-advertisements,Axis Aligned,10,2,100,100,0.1,2.0,2.0,1000,Exact,2623,656,1558,8.882,0.97561,0.0827226,GradientBoostedTreesQuickScorerExtended [virtual interface],1.4283,3.2615,19.2000,GradientBoostedTreesQuickScorerExtended [virtual interface]=1.4283;GradientBoostedTreesGeneric [virtual interface]=3.2615;Generic slow engine=19.2000
internet-advertisements,Oblique,3,2,100,95,0.1,2.0,2.0,1000,Exact,2623,656,1558,1.367,0.980183,0.0932435,GradientBoostedTreesGeneric [virtual interface],0.7738,0.7738,2.5985,GradientBoostedTreesGeneric [virtual interface]=0.7738;Generic slow engine=2.5985
internet-advertisements,Oblique,4,2,100,100,0.1,2.0,2.0,1000,Exact,2623,656,1558,2.680,0.980183,0.0844468,GradientBoostedTreesGeneric [virtual interface],1.2295,1.2295,4.4365,GradientBoostedTreesGeneric [virtual interface]=1.2295;Generic slow engine=4.4365
internet-advertisements,Oblique,5,2,100,99,0.1,2.0,2.0,1000,Exact,2623,656,1558,4.146,0.978659,0.0802947,GradientBoostedTreesGeneric [virtual interface],1.7032,1.7032,6.2218,GradientBoostedTreesGeneric [virtual interface]=1.7032;Generic slow engine=6.2218
internet-advertisements,Oblique,6,2,100,95,0.1,2.0,2.0,1000,Exact,2623,656,1558,6.055,0.980183,0.0780574,GradientBoostedTreesGeneric [virtual interface],2.0293,2.0293,8.0297,GradientBoostedTreesGeneric [virtual interface]=2.0293;Generic slow engine=8.0297
internet-advertisements,Oblique,8,2,100,95,0.1,2.0,2.0,1000,Exact,2623,656,1558,11.761,0.978659,0.0836043,GradientBoostedTreesGeneric [virtual interface],2.9505,2.9505,11.4680,GradientBoostedTreesGeneric [virtual interface]=2.9505;Generic slow engine=11.4680
internet-advertisements,Axis Aligned,3,3,100,100,0.1,2.0,2.0,1000,Exact,2623,656,1558,0.472,0.949695,0.169025,GradientBoostedTreesQuickScorerExtended [virtual interface],0.2908,0.7672,2.8460,GradientBoostedTreesQuickScorerExtended [virtual interface]=0.2908;GradientBoostedTreesGeneric [virtual interface]=0.7672;Generic slow engine=2.8460
internet-advertisements,Axis Aligned,4,3,100,100,0.1,2.0,2.0,1000,Exact,2623,656,1558,1.059,0.960366,0.134537,GradientBoostedTreesQuickScorerExtended [virtual interface],0.4743,1.1115,4.8243,GradientBoostedTreesQuickScorerExtended [virtual interface]=0.4743;GradientBoostedTreesGeneric [virtual interface]=1.1115;Generic slow engine=4.8243
internet-advertisements,Axis Aligned,5,3,100,100,0.1,2.0,2.0,1000,Exact,2623,656,1558,2.071,0.963415,0.117543,GradientBoostedTreesQuickScorerExtended [virtual interface],0.6840,1.4763,6.9558,GradientBoostedTreesQuickScorerExtended [virtual interface]=0.6840;GradientBoostedTreesGeneric [virtual interface]=1.4763;Generic slow engine=6.9558
internet-advertisements,Axis Aligned,6,3,100,100,0.1,2.0,2.0,1000,Exact,2623,656,1558,2.928,0.969512,0.109053,GradientBoostedTreesQuickScorerExtended [virtual interface],0.8535,1.8168,9.7785,GradientBoostedTreesQuickScorerExtended [virtual interface]=0.8535;GradientBoostedTreesGeneric [virtual interface]=1.8168;Generic slow engine=9.7785
internet-advertisements,Axis Aligned,7,3,100,99,0.1,2.0,2.0,1000,Exact,2623,656,1558,4.432,0.966463,0.106088,GradientBoostedTreesQuickScorerExtended [virtual interface],0.9597,2.1400,11.7580,GradientBoostedTreesQuickScorerExtended [virtual interface]=0.9597;GradientBoostedTreesGeneric [virtual interface]=2.1400;Generic slow engine=11.7580
internet-advertisements,Axis Aligned,8,3,100,100,0.1,2.0,2.0,1000,Exact,2623,656,1558,6.585,0.972561,0.0945273,GradientBoostedTreesQuickScorerExtended [virtual interface],1.2118,2.5148,13.8460,GradientBoostedTreesQuickScorerExtended [virtual interface]=1.2118;GradientBoostedTreesGeneric [virtual interface]=2.5148;Generic slow engine=13.8460
internet-advertisements,Axis Aligned,10,3,100,100,0.1,2.0,2.0,1000,Exact,2623,656,1558,9.163,0.977134,0.0827463,GradientBoostedTreesQuickScorerExtended [virtual interface],1.5330,3.2473,19.2910,GradientBoostedTreesQuickScorerExtended [virtual interface]=1.5330;GradientBoostedTreesGeneric [virtual interface]=3.2473;Generic slow engine=19.2910
internet-advertisements,Oblique,3,3,100,99,0.1,2.0,2.0,1000,Exact,2623,656,1558,1.386,0.969512,0.112068,GradientBoostedTreesGeneric [virtual interface],0.8053,0.8053,2.6820,GradientBoostedTreesGeneric [virtual interface]=0.8053;Generic slow engine=2.6820
internet-advertisements,Oblique,4,3,100,100,0.1,2.0,2.0,1000,Exact,2623,656,1558,2.578,0.974085,0.102369,GradientBoostedTreesGeneric [virtual interface],1.2163,1.2163,4.4423,GradientBoostedTreesGeneric [virtual interface]=1.2163;Generic slow engine=4.4423
internet-advertisements,Oblique,5,3,100,97,0.1,2.0,2.0,1000,Exact,2623,656,1558,4.436,0.97561,0.0998316,GradientBoostedTreesGeneric [virtual interface],1.5935,1.5935,6.1238,GradientBoostedTreesGeneric [virtual interface]=1.5935;Generic slow engine=6.1238
internet-advertisements,Oblique,6,3,100,99,0.1,2.0,2.0,1000,Exact,2623,656,1558,6.735,0.972561,0.102186,GradientBoostedTreesGeneric [virtual interface],2.0325,2.0325,8.4507,GradientBoostedTreesGeneric [virtual interface]=2.0325;Generic slow engine=8.4507
internet-advertisements,Oblique,8,3,100,100,0.1,2.0,2.0,1000,Exact,2623,656,1558,12.382,0.971037,0.0989016,GradientBoostedTreesGeneric [virtual interface],2.9933,2.9933,12.2740,GradientBoostedTreesGeneric [virtual interface]=2.9933;Generic slow engine=12.2740
internet-advertisements,Axis Aligned,3,4,100,100,0.1,2.0,2.0,1000,Exact,2623,656,1558,0.436,0.939024,0.190994,GradientBoostedTreesQuickScorerExtended [virtual interface],0.2973,0.7732,2.8255,GradientBoostedTreesQuickScorerExtended [virtual interface]=0.2973;GradientBoostedTreesGeneric [virtual interface]=0.7732;Generic slow engine=2.8255
internet-advertisements,Axis Aligned,4,4,100,99,0.1,2.0,2.0,1000,Exact,2623,656,1558,0.988,0.951219,0.159901,GradientBoostedTreesQuickScorerExtended [virtual interface],0.4235,1.0970,4.6730,GradientBoostedTreesQuickScorerExtended [virtual interface]=0.4235;GradientBoostedTreesGeneric [virtual interface]=1.0970;Generic slow engine=4.6730
internet-advertisements,Axis Aligned,5,4,100,100,0.1,2.0,2.0,1000,Exact,2623,656,1558,1.866,0.957317,0.140898,GradientBoostedTreesQuickScorerExtended [virtual interface],0.7050,1.4583,6.9307,GradientBoostedTreesQuickScorerExtended [virtual interface]=0.7050;GradientBoostedTreesGeneric [virtual interface]=1.4583;Generic slow engine=6.9307
internet-advertisements,Axis Aligned,6,4,100,100,0.1,2.0,2.0,1000,Exact,2623,656,1558,3.182,0.963415,0.127626,GradientBoostedTreesQuickScorerExtended [virtual interface],0.9073,1.8538,9.7978,GradientBoostedTreesQuickScorerExtended [virtual interface]=0.9073;GradientBoostedTreesGeneric [virtual interface]=1.8538;Generic slow engine=9.7978
internet-advertisements,Axis Aligned,7,4,100,100,0.1,2.0,2.0,1000,Exact,2623,656,1558,4.315,0.966463,0.118698,GradientBoostedTreesQuickScorerExtended [virtual interface],0.9905,2.2005,11.7980,GradientBoostedTreesQuickScorerExtended [virtual interface]=0.9905;GradientBoostedTreesGeneric [virtual interface]=2.2005;Generic slow engine=11.7980
internet-advertisements,Axis Aligned,8,4,100,100,0.1,2.0,2.0,1000,Exact,2623,656,1558,5.993,0.969512,0.110056,GradientBoostedTreesQuickScorerExtended [virtual interface],1.1250,2.5577,13.7250,GradientBoostedTreesQuickScorerExtended [virtual interface]=1.1250;GradientBoostedTreesGeneric [virtual interface]=2.5577;Generic slow engine=13.7250
internet-advertisements,Axis Aligned,10,4,100,100,0.1,2.0,2.0,1000,Exact,2623,656,1558,10.006,0.967988,0.103549,GradientBoostedTreesQuickScorerExtended [virtual interface],1.5468,3.2985,19.0090,GradientBoostedTreesQuickScorerExtended [virtual interface]=1.5468;GradientBoostedTreesGeneric [virtual interface]=3.2985;Generic slow engine=19.0090
internet-advertisements,Oblique,3,4,100,100,0.1,2.0,2.0,1000,Exact,2623,656,1558,1.380,0.967988,0.11822,GradientBoostedTreesGeneric [virtual interface],0.8373,0.8373,2.7420,GradientBoostedTreesGeneric [virtual interface]=0.8373;Generic slow engine=2.7420
internet-advertisements,Oblique,4,4,100,100,0.1,2.0,2.0,1000,Exact,2623,656,1558,2.608,0.966463,0.114223,GradientBoostedTreesGeneric [virtual interface],1.2475,1.2475,4.4653,GradientBoostedTreesGeneric [virtual interface]=1.2475;Generic slow engine=4.4653
internet-advertisements,Oblique,5,4,100,99,0.1,2.0,2.0,1000,Exact,2623,656,1558,4.144,0.971037,0.109525,GradientBoostedTreesGeneric [virtual interface],1.6750,1.6750,6.3158,GradientBoostedTreesGeneric [virtual interface]=1.6750;Generic slow engine=6.3158
internet-advertisements,Oblique,6,4,100,99,0.1,2.0,2.0,1000,Exact,2623,656,1558,6.913,0.971037,0.116033,GradientBoostedTreesGeneric [virtual interface],2.2012,2.2012,8.5047,GradientBoostedTreesGeneric [virtual interface]=2.2012;Generic slow engine=8.5047
internet-advertisements,Oblique,8,4,100,99,0.1,2.0,2.0,1000,Exact,2623,656,1558,12.070,0.972561,0.12089,GradientBoostedTreesGeneric [virtual interface],3.2768,3.2768,12.4540,GradientBoostedTreesGeneric [virtual interface]=3.2768;Generic slow engine=12.4540
internet-advertisements,Axis Aligned,3,5,100,100,0.1,2.0,2.0,1000,Exact,2623,656,1558,0.466,0.911585,0.216614,GradientBoostedTreesQuickScorerExtended [virtual interface],0.2998,0.7642,2.8395,GradientBoostedTreesQuickScorerExtended [virtual interface]=0.2998;GradientBoostedTreesGeneric [virtual interface]=0.7642;Generic slow engine=2.8395
internet-advertisements,Axis Aligned,4,5,100,99,0.1,2.0,2.0,1000,Exact,2623,656,1558,1.112,0.929878,0.188913,GradientBoostedTreesQuickScorerExtended [virtual interface],0.4215,1.1090,4.7360,GradientBoostedTreesQuickScorerExtended [virtual interface]=0.4215;GradientBoostedTreesGeneric [virtual interface]=1.1090;Generic slow engine=4.7360
internet-advertisements,Axis Aligned,5,5,100,100,0.1,2.0,2.0,1000,Exact,2623,656,1558,1.969,0.943598,0.155418,GradientBoostedTreesQuickScorerExtended [virtual interface],0.7003,1.4865,7.0120,GradientBoostedTreesQuickScorerExtended [virtual interface]=0.7003;GradientBoostedTreesGeneric [virtual interface]=1.4865;Generic slow engine=7.0120
internet-advertisements,Axis Aligned,6,5,100,97,0.1,2.0,2.0,1000,Exact,2623,656,1558,3.092,0.957317,0.135774,GradientBoostedTreesQuickScorerExtended [virtual interface],0.8055,1.8077,9.4820,GradientBoostedTreesQuickScorerExtended [virtual interface]=0.8055;GradientBoostedTreesGeneric [virtual interface]=1.8077;Generic slow engine=9.4820
internet-advertisements,Axis Aligned,7,5,100,99,0.1,2.0,2.0,1000,Exact,2623,656,1558,4.573,0.954268,0.130188,GradientBoostedTreesQuickScorerExtended [virtual interface],1.0132,2.1943,11.6540,GradientBoostedTreesQuickScorerExtended [virtual interface]=1.0132;GradientBoostedTreesGeneric [virtual interface]=2.1943;Generic slow engine=11.6540
internet-advertisements,Axis Aligned,8,5,100,96,0.1,2.0,2.0,1000,Exact,2623,656,1558,5.691,0.952744,0.117484,GradientBoostedTreesQuickScorerExtended [virtual interface],1.0973,2.4548,13.3820,GradientBoostedTreesQuickScorerExtended [virtual interface]=1.0973;GradientBoostedTreesGeneric [virtual interface]=2.4548;Generic slow engine=13.3820
internet-advertisements,Axis Aligned,10,5,100,96,0.1,2.0,2.0,1000,Exact,2623,656,1558,9.000,0.966463,0.109524,GradientBoostedTreesQuickScorerExtended [virtual interface],1.3625,3.1295,18.4500,GradientBoostedTreesQuickScorerExtended [virtual interface]=1.3625;GradientBoostedTreesGeneric [virtual interface]=3.1295;Generic slow engine=18.4500
internet-advertisements,Oblique,3,5,100,100,0.1,2.0,2.0,1000,Exact,2623,656,1558,1.401,0.960366,0.116981,GradientBoostedTreesGeneric [virtual interface],0.8285,0.8285,2.7092,GradientBoostedTreesGeneric [virtual interface]=0.8285;Generic slow engine=2.7092
internet-advertisements,Oblique,4,5,100,99,0.1,2.0,2.0,1000,Exact,2623,656,1558,2.581,0.967988,0.104502,GradientBoostedTreesGeneric [virtual interface],1.2275,1.2275,4.3705,GradientBoostedTreesGeneric [virtual interface]=1.2275;Generic slow engine=4.3705
internet-advertisements,Oblique,5,5,100,85,0.1,2.0,2.0,1000,Exact,2623,656,1558,3.936,0.971037,0.0957977,GradientBoostedTreesGeneric [virtual interface],1.4287,1.4287,5.3620,GradientBoostedTreesGeneric [virtual interface]=1.4287;Generic slow engine=5.3620
internet-advertisements,Oblique,6,5,100,89,0.1,2.0,2.0,1000,Exact,2623,656,1558,6.371,0.969512,0.0982567,GradientBoostedTreesGeneric [virtual interface],1.8745,1.8745,7.6335,GradientBoostedTreesGeneric [virtual interface]=1.8745;Generic slow engine=7.6335
internet-advertisements,Oblique,8,5,100,61,0.1,2.0,2.0,1000,Exact,2623,656,1558,10.962,0.969512,0.0930877,GradientBoostedTreesGeneric [virtual interface],1.8642,1.8642,7.4763,GradientBoostedTreesGeneric [virtual interface]=1.8642;Generic slow engine=7.4763
internet-advertisements,Axis Aligned,3,6,100,100,0.1,2.0,2.0,1000,Exact,2623,656,1558,0.437,0.935976,0.180399,GradientBoostedTreesQuickScorerExtended [virtual interface],0.2930,0.7732,2.8360,GradientBoostedTreesQuickScorerExtended [virtual interface]=0.2930;GradientBoostedTreesGeneric [virtual interface]=0.7732;Generic slow engine=2.8360
internet-advertisements,Axis Aligned,4,6,100,97,0.1,2.0,2.0,1000,Exact,2623,656,1558,1.069,0.945122,0.161326,GradientBoostedTreesQuickScorerExtended [virtual interface],0.4278,1.0900,4.6233,GradientBoostedTreesQuickScorerExtended [virtual interface]=0.4278;GradientBoostedTreesGeneric [virtual interface]=1.0900;Generic slow engine=4.6233
internet-advertisements,Axis Aligned,5,6,100,100,0.1,2.0,2.0,1000,Exact,2623,656,1558,1.856,0.955793,0.137228,GradientBoostedTreesQuickScorerExtended [virtual interface],0.6810,1.4735,6.9932,GradientBoostedTreesQuickScorerExtended [virtual interface]=0.6810;GradientBoostedTreesGeneric [virtual interface]=1.4735;Generic slow engine=6.9932
internet-advertisements,Axis Aligned,6,6,100,99,0.1,2.0,2.0,1000,Exact,2623,656,1558,2.966,0.957317,0.130922,GradientBoostedTreesQuickScorerExtended [virtual interface],0.8442,1.8057,9.5050,GradientBoostedTreesQuickScorerExtended [virtual interface]=0.8442;GradientBoostedTreesGeneric [virtual interface]=1.8057;Generic slow engine=9.5050
internet-advertisements,Axis Aligned,7,6,100,100,0.1,2.0,2.0,1000,Exact,2623,656,1558,4.225,0.955793,0.119183,GradientBoostedTreesQuickScorerExtended [virtual interface],1.0688,2.2130,11.8190,GradientBoostedTreesQuickScorerExtended [virtual interface]=1.0688;GradientBoostedTreesGeneric [virtual interface]=2.2130;Generic slow engine=11.8190
internet-advertisements,Axis Aligned,8,6,100,100,0.1,2.0,2.0,1000,Exact,2623,656,1558,5.784,0.964939,0.108082,GradientBoostedTreesQuickScorerExtended [virtual interface],1.1525,2.5300,13.8380,GradientBoostedTreesQuickScorerExtended [virtual interface]=1.1525;GradientBoostedTreesGeneric [virtual interface]=2.5300;Generic slow engine=13.8380
internet-advertisements,Axis Aligned,10,6,100,99,0.1,2.0,2.0,1000,Exact,2623,656,1558,8.804,0.974085,0.0956409,GradientBoostedTreesQuickScorerExtended [virtual interface],1.3858,3.2323,18.9830,GradientBoostedTreesQuickScorerExtended [virtual interface]=1.3858;GradientBoostedTreesGeneric [virtual interface]=3.2323;Generic slow engine=18.9830
internet-advertisements,Oblique,3,6,100,100,0.1,2.0,2.0,1000,Exact,2623,656,1558,1.337,0.971037,0.10807,GradientBoostedTreesGeneric [virtual interface],0.8562,0.8562,2.7382,GradientBoostedTreesGeneric [virtual interface]=0.8562;Generic slow engine=2.7382
internet-advertisements,Oblique,4,6,100,100,0.1,2.0,2.0,1000,Exact,2623,656,1558,2.592,0.972561,0.0979424,GradientBoostedTreesGeneric [virtual interface],1.2218,1.2218,4.5063,GradientBoostedTreesGeneric [virtual interface]=1.2218;Generic slow engine=4.5063
internet-advertisements,Oblique,5,6,100,98,0.1,2.0,2.0,1000,Exact,2623,656,1558,4.508,0.97561,0.095658,GradientBoostedTreesGeneric [virtual interface],1.6158,1.6158,6.1113,GradientBoostedTreesGeneric [virtual interface]=1.6158;Generic slow engine=6.1113
internet-advertisements,Oblique,6,6,100,97,0.1,2.0,2.0,1000,Exact,2623,656,1558,6.765,0.969512,0.097157,GradientBoostedTreesGeneric [virtual interface],2.0413,2.0413,8.2470,GradientBoostedTreesGeneric [virtual interface]=2.0413;Generic slow engine=8.2470
internet-advertisements,Oblique,8,6,100,85,0.1,2.0,2.0,1000,Exact,2623,656,1558,11.122,0.971037,0.100321,GradientBoostedTreesGeneric [virtual interface],2.6770,2.6770,10.3230,GradientBoostedTreesGeneric [virtual interface]=2.6770;Generic slow engine=10.3230
internet-advertisements,Axis Aligned,3,7,100,100,0.1,2.0,2.0,1000,Exact,2623,656,1558,0.418,0.934451,0.193784,GradientBoostedTreesQuickScorerExtended [virtual interface],0.2860,0.7718,2.8258,GradientBoostedTreesQuickScorerExtended [virtual interface]=0.2860;GradientBoostedTreesGeneric [virtual interface]=0.7718;Generic slow engine=2.8258
internet-advertisements,Axis Aligned,4,7,100,100,0.1,2.0,2.0,1000,Exact,2623,656,1558,1.037,0.9375,0.166418,GradientBoostedTreesQuickScorerExtended [virtual interface],0.4810,1.1085,4.8493,GradientBoostedTreesQuickScorerExtended [virtual interface]=0.4810;GradientBoostedTreesGeneric [virtual interface]=1.1085;Generic slow engine=4.8493
internet-advertisements,Axis Aligned,5,7,100,100,0.1,2.0,2.0,1000,Exact,2623,656,1558,1.957,0.949695,0.154489,GradientBoostedTreesQuickScorerExtended [virtual interface],0.6877,1.4565,7.0980,GradientBoostedTreesQuickScorerExtended [virtual interface]=0.6877;GradientBoostedTreesGeneric [virtual interface]=1.4565;Generic slow engine=7.0980
internet-advertisements,Axis Aligned,6,7,100,100,0.1,2.0,2.0,1000,Exact,2623,656,1558,3.180,0.964939,0.134243,GradientBoostedTreesQuickScorerExtended [virtual interface],0.8592,1.8110,9.7315,GradientBoostedTreesQuickScorerExtended [virtual interface]=0.8592;GradientBoostedTreesGeneric [virtual interface]=1.8110;Generic slow engine=9.7315
internet-advertisements,Axis Aligned,7,7,100,98,0.1,2.0,2.0,1000,Exact,2623,656,1558,4.800,0.967988,0.118607,GradientBoostedTreesQuickScorerExtended [virtual interface],1.0057,2.1410,12.1520,GradientBoostedTreesQuickScorerExtended [virtual interface]=1.0057;GradientBoostedTreesGeneric [virtual interface]=2.1410;Generic slow engine=12.1520
internet-advertisements,Axis Aligned,8,7,100,100,0.1,2.0,2.0,1000,Exact,2623,656,1558,5.931,0.969512,0.116553,GradientBoostedTreesQuickScorerExtended [virtual interface],1.1743,2.5183,13.9860,GradientBoostedTreesQuickScorerExtended [virtual interface]=1.1743;GradientBoostedTreesGeneric [virtual interface]=2.5183;Generic slow engine=13.9860
internet-advertisements,Axis Aligned,10,7,100,87,0.1,2.0,2.0,1000,Exact,2623,656,1558,9.974,0.972561,0.113569,GradientBoostedTreesQuickScorerExtended [virtual interface],1.3445,2.8545,16.8480,GradientBoostedTreesQuickScorerExtended [virtual interface]=1.3445;GradientBoostedTreesGeneric [virtual interface]=2.8545;Generic slow engine=16.8480
internet-advertisements,Oblique,3,7,100,98,0.1,2.0,2.0,1000,Exact,2623,656,1558,1.416,0.97561,0.109919,GradientBoostedTreesGeneric [virtual interface],0.7835,0.7835,2.6245,GradientBoostedTreesGeneric [virtual interface]=0.7835;Generic slow engine=2.6245
internet-advertisements,Oblique,4,7,100,100,0.1,2.0,2.0,1000,Exact,2623,656,1558,2.545,0.978659,0.0965434,GradientBoostedTreesGeneric [virtual interface],1.2200,1.2200,4.4215,GradientBoostedTreesGeneric [virtual interface]=1.2200;Generic slow engine=4.4215
internet-advertisements,Oblique,5,7,100,100,0.1,2.0,2.0,1000,Exact,2623,656,1558,4.094,0.978659,0.0911496,GradientBoostedTreesGeneric [virtual interface],1.6500,1.6500,6.3200,GradientBoostedTreesGeneric [virtual interface]=1.6500;Generic slow engine=6.3200
internet-advertisements,Oblique,6,7,100,78,0.1,2.0,2.0,1000,Exact,2623,656,1558,6.275,0.977134,0.0911772,GradientBoostedTreesGeneric [virtual interface],1.6165,1.6165,6.5137,GradientBoostedTreesGeneric [virtual interface]=1.6165;Generic slow engine=6.5137
internet-advertisements,Oblique,8,7,100,85,0.1,2.0,2.0,1000,Exact,2623,656,1558,11.711,0.97561,0.0836984,GradientBoostedTreesGeneric [virtual interface],2.5825,2.5825,10.3080,GradientBoostedTreesGeneric [virtual interface]=2.5825;Generic slow engine=10.3080
internet-advertisements,Axis Aligned,3,8,100,100,0.1,2.0,2.0,1000,Exact,2623,656,1558,0.393,0.935976,0.202955,GradientBoostedTreesQuickScorerExtended [virtual interface],0.2895,0.7630,2.7520,GradientBoostedTreesQuickScorerExtended [virtual interface]=0.2895;GradientBoostedTreesGeneric [virtual interface]=0.7630;Generic slow engine=2.7520
internet-advertisements,Axis Aligned,4,8,100,100,0.1,2.0,2.0,1000,Exact,2623,656,1558,1.041,0.9375,0.169805,GradientBoostedTreesQuickScorerExtended [virtual interface],0.4377,1.1113,4.7722,GradientBoostedTreesQuickScorerExtended [virtual interface]=0.4377;GradientBoostedTreesGeneric [virtual interface]=1.1113;Generic slow engine=4.7722
internet-advertisements,Axis Aligned,5,8,100,100,0.1,2.0,2.0,1000,Exact,2623,656,1558,2.001,0.952744,0.143898,GradientBoostedTreesQuickScorerExtended [virtual interface],0.7310,1.4775,7.0468,GradientBoostedTreesQuickScorerExtended [virtual interface]=0.7310;GradientBoostedTreesGeneric [virtual interface]=1.4775;Generic slow engine=7.0468
internet-advertisements,Axis Aligned,6,8,100,100,0.1,2.0,2.0,1000,Exact,2623,656,1558,3.376,0.952744,0.124362,GradientBoostedTreesQuickScorerExtended [virtual interface],0.9010,1.8257,9.5895,GradientBoostedTreesQuickScorerExtended [virtual interface]=0.9010;GradientBoostedTreesGeneric [virtual interface]=1.8257;Generic slow engine=9.5895
internet-advertisements,Axis Aligned,7,8,100,100,0.1,2.0,2.0,1000,Exact,2623,656,1558,4.390,0.96189,0.114897,GradientBoostedTreesQuickScorerExtended [virtual interface],1.0295,2.1797,11.7830,GradientBoostedTreesQuickScorerExtended [virtual interface]=1.0295;GradientBoostedTreesGeneric [virtual interface]=2.1797;Generic slow engine=11.7830
internet-advertisements,Axis Aligned,8,8,100,99,0.1,2.0,2.0,1000,Exact,2623,656,1558,5.718,0.96189,0.108713,GradientBoostedTreesQuickScorerExtended [virtual interface],1.1173,2.4828,13.7570,GradientBoostedTreesQuickScorerExtended [virtual interface]=1.1173;GradientBoostedTreesGeneric [virtual interface]=2.4828;Generic slow engine=13.7570
internet-advertisements,Axis Aligned,10,8,100,100,0.1,2.0,2.0,1000,Exact,2623,656,1558,8.835,0.966463,0.0930104,GradientBoostedTreesQuickScorerExtended [virtual interface],1.4865,3.2910,19.0670,GradientBoostedTreesQuickScorerExtended [virtual interface]=1.4865;GradientBoostedTreesGeneric [virtual interface]=3.2910;Generic slow engine=19.0670
internet-advertisements,Oblique,3,8,100,100,0.1,2.0,2.0,1000,Exact,2623,656,1558,1.388,0.966463,0.116658,GradientBoostedTreesGeneric [virtual interface],0.7995,0.7995,2.7680,GradientBoostedTreesGeneric [virtual interface]=0.7995;Generic slow engine=2.7680
internet-advertisements,Oblique,4,8,100,100,0.1,2.0,2.0,1000,Exact,2623,656,1558,2.547,0.971037,0.0944939,GradientBoostedTreesGeneric [virtual interface],1.2127,1.2127,4.4352,GradientBoostedTreesGeneric [virtual interface]=1.2127;Generic slow engine=4.4352
internet-advertisements,Oblique,5,8,100,98,0.1,2.0,2.0,1000,Exact,2623,656,1558,4.354,0.977134,0.0874463,GradientBoostedTreesGeneric [virtual interface],1.6333,1.6333,6.2240,GradientBoostedTreesGeneric [virtual interface]=1.6333;Generic slow engine=6.2240
internet-advertisements,Oblique,6,8,100,98,0.1,2.0,2.0,1000,Exact,2623,656,1558,6.506,0.97561,0.0821942,GradientBoostedTreesGeneric [virtual interface],2.0657,2.0657,8.2560,GradientBoostedTreesGeneric [virtual interface]=2.0657;Generic slow engine=8.2560
internet-advertisements,Oblique,8,8,100,100,0.1,2.0,2.0,1000,Exact,2623,656,1558,11.757,0.978659,0.0776134,GradientBoostedTreesGeneric [virtual interface],3.1208,3.1208,12.3710,GradientBoostedTreesGeneric [virtual interface]=3.1208;Generic slow engine=12.3710
internet-advertisements,Axis Aligned,3,9,100,100,0.1,2.0,2.0,1000,Exact,2623,656,1558,0.448,0.928354,0.205999,GradientBoostedTreesQuickScorerExtended [virtual interface],0.2958,0.7730,2.8145,GradientBoostedTreesQuickScorerExtended [virtual interface]=0.2958;GradientBoostedTreesGeneric [virtual interface]=0.7730;Generic slow engine=2.8145
internet-advertisements,Axis Aligned,4,9,100,100,0.1,2.0,2.0,1000,Exact,2623,656,1558,1.128,0.9375,0.170828,GradientBoostedTreesQuickScorerExtended [virtual interface],0.4705,1.1125,4.7270,GradientBoostedTreesQuickScorerExtended [virtual interface]=0.4705;GradientBoostedTreesGeneric [virtual interface]=1.1125;Generic slow engine=4.7270
internet-advertisements,Axis Aligned,5,9,100,99,0.1,2.0,2.0,1000,Exact,2623,656,1558,1.752,0.949695,0.144208,GradientBoostedTreesQuickScorerExtended [virtual interface],0.7005,1.4768,6.9512,GradientBoostedTreesQuickScorerExtended [virtual interface]=0.7005;GradientBoostedTreesGeneric [virtual interface]=1.4768;Generic slow engine=6.9512
internet-advertisements,Axis Aligned,6,9,100,100,0.1,2.0,2.0,1000,Exact,2623,656,1558,2.843,0.957317,0.125027,GradientBoostedTreesQuickScorerExtended [virtual interface],0.8745,1.8395,9.8405,GradientBoostedTreesQuickScorerExtended [virtual interface]=0.8745;GradientBoostedTreesGeneric [virtual interface]=1.8395;Generic slow engine=9.8405
internet-advertisements,Axis Aligned,7,9,100,100,0.1,2.0,2.0,1000,Exact,2623,656,1558,4.438,0.964939,0.115884,GradientBoostedTreesQuickScorerExtended [virtual interface],1.0132,2.1845,11.8840,GradientBoostedTreesQuickScorerExtended [virtual interface]=1.0132;GradientBoostedTreesGeneric [virtual interface]=2.1845;Generic slow engine=11.8840
internet-advertisements,Axis Aligned,8,9,100,100,0.1,2.0,2.0,1000,Exact,2623,656,1558,5.940,0.969512,0.103251,GradientBoostedTreesQuickScorerExtended [virtual interface],1.1915,2.5730,13.9990,GradientBoostedTreesQuickScorerExtended [virtual interface]=1.1915;GradientBoostedTreesGeneric [virtual interface]=2.5730;Generic slow engine=13.9990
internet-advertisements,Axis Aligned,10,9,100,99,0.1,2.0,2.0,1000,Exact,2623,656,1558,9.594,0.972561,0.0956774,GradientBoostedTreesQuickScorerExtended [virtual interface],1.4567,3.2597,19.0180,GradientBoostedTreesQuickScorerExtended [virtual interface]=1.4567;GradientBoostedTreesGeneric [virtual interface]=3.2597;Generic slow engine=19.0180
internet-advertisements,Oblique,3,9,100,100,0.1,2.0,2.0,1000,Exact,2623,656,1558,1.423,0.969512,0.120615,GradientBoostedTreesGeneric [virtual interface],0.8350,0.8350,2.7555,GradientBoostedTreesGeneric [virtual interface]=0.8350;Generic slow engine=2.7555
internet-advertisements,Oblique,4,9,100,100,0.1,2.0,2.0,1000,Exact,2623,656,1558,2.517,0.971037,0.108019,GradientBoostedTreesGeneric [virtual interface],1.2470,1.2470,4.5448,GradientBoostedTreesGeneric [virtual interface]=1.2470;Generic slow engine=4.5448
internet-advertisements,Oblique,5,9,100,94,0.1,2.0,2.0,1000,Exact,2623,656,1558,4.182,0.972561,0.107183,GradientBoostedTreesGeneric [virtual interface],1.5877,1.5877,5.9627,GradientBoostedTreesGeneric [virtual interface]=1.5877;Generic slow engine=5.9627
internet-advertisements,Oblique,6,9,100,98,0.1,2.0,2.0,1000,Exact,2623,656,1558,6.134,0.969512,0.10554,GradientBoostedTreesGeneric [virtual interface],2.1923,2.1923,8.3455,GradientBoostedTreesGeneric [virtual interface]=2.1923;Generic slow engine=8.3455
internet-advertisements,Oblique,8,9,100,54,0.1,2.0,2.0,1000,Exact,2623,656,1558,10.383,0.964939,0.109029,GradientBoostedTreesGeneric [virtual interface],1.7608,1.7608,6.6270,GradientBoostedTreesGeneric [virtual interface]=1.7608;Generic slow engine=6.6270
bioresponse,Axis Aligned,3,0,100,100,0.1,2.0,2.0,1000,Exact,3000,751,1776,1.361,0.773635,0.497794,GradientBoostedTreesQuickScorerExtended [virtual interface],0.6685,1.2717,2.9163,GradientBoostedTreesQuickScorerExtended [virtual interface]=0.6685;GradientBoostedTreesGeneric [virtual interface]=1.2717;Generic slow engine=2.9163
bioresponse,Axis Aligned,4,0,100,100,0.1,2.0,2.0,1000,Exact,3000,751,1776,2.772,0.773635,0.48535,GradientBoostedTreesQuickScorerExtended [virtual interface],1.6693,1.9053,5.1627,GradientBoostedTreesQuickScorerExtended [virtual interface]=1.6693;GradientBoostedTreesGeneric [virtual interface]=1.9053;Generic slow engine=5.1627
bioresponse,Axis Aligned,5,0,100,100,0.1,2.0,2.0,1000,Exact,3000,751,1776,4.987,0.77763,0.474094,GradientBoostedTreesGeneric [virtual interface],2.7428,2.7428,7.6908,GradientBoostedTreesGeneric [virtual interface]=2.7428;GradientBoostedTreesQuickScorerExtended [virtual interface]=2.8182;Generic slow engine=7.6908
bioresponse,Axis Aligned,6,0,100,99,0.1,2.0,2.0,1000,Exact,3000,751,1776,9.030,0.786951,0.465447,GradientBoostedTreesGeneric [virtual interface],3.5965,3.5965,10.5210,GradientBoostedTreesGeneric [virtual interface]=3.5965;GradientBoostedTreesQuickScorerExtended [virtual interface]=4.2055;Generic slow engine=10.5210
bioresponse,Axis Aligned,7,0,100,59,0.1,2.0,2.0,1000,Exact,3000,751,1776,14.222,0.785619,0.466303,GradientBoostedTreesGeneric [virtual interface],2.5783,2.5783,7.9158,GradientBoostedTreesGeneric [virtual interface]=2.5783;GradientBoostedTreesQuickScorerExtended [virtual interface]=4.3890;Generic slow engine=7.9158
bioresponse,Axis Aligned,8,0,100,37,0.1,2.0,2.0,1000,Exact,3000,751,1776,17.874,0.788282,0.470131,GradientBoostedTreesGeneric [virtual interface],1.8658,1.8658,6.1770,GradientBoostedTreesGeneric [virtual interface]=1.8658;Generic slow engine=6.1770
bioresponse,Axis Aligned,10,0,100,41,0.1,2.0,2.0,1000,Exact,3000,751,1776,39.534,0.788282,0.494517,GradientBoostedTreesGeneric [virtual interface],2.9120,2.9120,9.7785,GradientBoostedTreesGeneric [virtual interface]=2.9120;Generic slow engine=9.7785
bioresponse,Oblique,3,0,100,100,0.1,2.0,2.0,1000,Exact,3000,751,1776,2.108,0.776298,0.488474,GradientBoostedTreesGeneric [virtual interface],1.8470,1.8470,5.6007,GradientBoostedTreesGeneric [virtual interface]=1.8470;Generic slow engine=5.6007
bioresponse,Oblique,4,0,100,99,0.1,2.0,2.0,1000,Exact,3000,751,1776,3.940,0.782956,0.472276,GradientBoostedTreesGeneric [virtual interface],3.0655,3.0655,9.9578,GradientBoostedTreesGeneric [virtual interface]=3.0655;Generic slow engine=9.9578
bioresponse,Oblique,5,0,100,96,0.1,2.0,2.0,1000,Exact,3000,751,1776,7.034,0.800266,0.458416,GradientBoostedTreesGeneric [virtual interface],4.5275,4.5275,14.5440,GradientBoostedTreesGeneric [virtual interface]=4.5275;Generic slow engine=14.5440
bioresponse,Oblique,6,0,100,83,0.1,2.0,2.0,1000,Exact,3000,751,1776,11.899,0.790945,0.46517,GradientBoostedTreesGeneric [virtual interface],5.7672,5.7672,18.1900,GradientBoostedTreesGeneric [virtual interface]=5.7672;Generic slow engine=18.1900
bioresponse,Oblique,8,0,100,60,0.1,2.0,2.0,1000,Exact,3000,751,1776,29.304,0.796272,0.466179,GradientBoostedTreesGeneric [virtual interface],5.4535,5.4535,18.2410,GradientBoostedTreesGeneric [virtual interface]=5.4535;Generic slow engine=18.2410
bioresponse,Axis Aligned,3,1,100,100,0.1,2.0,2.0,1000,Exact,3000,751,1776,1.253,0.770972,0.504776,GradientBoostedTreesQuickScorerExtended [virtual interface],0.4895,1.0365,2.4828,GradientBoostedTreesQuickScorerExtended [virtual interface]=0.4895;GradientBoostedTreesGeneric [virtual interface]=1.0365;Generic slow engine=2.4828
bioresponse,Axis Aligned,4,1,100,99,0.1,2.0,2.0,1000,Exact,3000,751,1776,2.492,0.781624,0.491704,GradientBoostedTreesQuickScorerExtended [virtual interface],1.3802,1.5765,4.4337,GradientBoostedTreesQuickScorerExtended [virtual interface]=1.3802;GradientBoostedTreesGeneric [virtual interface]=1.5765;Generic slow engine=4.4337
bioresponse,Axis Aligned,5,1,100,92,0.1,2.0,2.0,1000,Exact,3000,751,1776,4.659,0.796272,0.466369,GradientBoostedTreesGeneric [virtual interface],2.0402,2.0402,5.6718,GradientBoostedTreesGeneric [virtual interface]=2.0402;GradientBoostedTreesQuickScorerExtended [virtual interface]=2.1645;Generic slow engine=5.6718
bioresponse,Axis Aligned,6,1,100,41,0.1,2.0,2.0,1000,Exact,3000,751,1776,6.477,0.793609,0.47856,GradientBoostedTreesGeneric [virtual interface],1.1915,1.1915,3.5648,GradientBoostedTreesGeneric [virtual interface]=1.1915;GradientBoostedTreesQuickScorerExtended [virtual interface]=2.2063;Generic slow engine=3.5648
bioresponse,Axis Aligned,7,1,100,43,0.1,2.0,2.0,1000,Exact,3000,751,1776,12.399,0.804261,0.454921,GradientBoostedTreesGeneric [virtual interface],1.8322,1.8322,5.6145,GradientBoostedTreesGeneric [virtual interface]=1.8322;GradientBoostedTreesQuickScorerExtended [virtual interface]=3.8135;Generic slow engine=5.6145
bioresponse,Axis Aligned,8,1,100,29,0.1,2.0,2.0,1000,Exact,3000,751,1776,18.091,0.800266,0.462581,GradientBoostedTreesGeneric [virtual interface],1.4555,1.4555,4.6035,GradientBoostedTreesGeneric [virtual interface]=1.4555;Generic slow engine=4.6035
bioresponse,Axis Aligned,10,1,100,23,0.1,2.0,2.0,1000,Exact,3000,751,1776,29.479,0.792277,0.46669,GradientBoostedTreesGeneric [virtual interface],1.5457,1.5457,5.2903,GradientBoostedTreesGeneric [virtual interface]=1.5457;Generic slow engine=5.2903
bioresponse,Oblique,3,1,100,100,0.1,2.0,2.0,1000,Exact,3000,751,1776,2.166,0.784288,0.486718,GradientBoostedTreesGeneric [virtual interface],1.8145,1.8145,5.5693,GradientBoostedTreesGeneric [virtual interface]=1.8145;Generic slow engine=5.5693
bioresponse,Oblique,4,1,100,100,0.1,2.0,2.0,1000,Exact,3000,751,1776,3.800,0.800266,0.469687,GradientBoostedTreesGeneric [virtual interface],3.0015,3.0015,9.9155,GradientBoostedTreesGeneric [virtual interface]=3.0015;Generic slow engine=9.9155
bioresponse,Oblique,5,1,100,57,0.1,2.0,2.0,1000,Exact,3000,751,1776,6.187,0.788282,0.46763,GradientBoostedTreesGeneric [virtual interface],2.4903,2.4903,8.4458,GradientBoostedTreesGeneric [virtual interface]=2.4903;Generic slow engine=8.4458
bioresponse,Oblique,6,1,100,98,0.1,2.0,2.0,1000,Exact,3000,751,1776,13.087,0.806924,0.452535,GradientBoostedTreesGeneric [virtual interface],6.7023,6.7023,21.7230,GradientBoostedTreesGeneric [virtual interface]=6.7023;Generic slow engine=21.7230
bioresponse,Oblique,8,1,100,45,0.1,2.0,2.0,1000,Exact,3000,751,1776,23.535,0.804261,0.453388,GradientBoostedTreesGeneric [virtual interface],4.4210,4.4210,15.6830,GradientBoostedTreesGeneric [virtual interface]=4.4210;Generic slow engine=15.6830
bioresponse,Axis Aligned,3,2,100,99,0.1,2.0,2.0,1000,Exact,3000,751,1776,1.345,0.790945,0.475043,GradientBoostedTreesQuickScorerExtended [virtual interface],0.6458,1.2443,2.8087,GradientBoostedTreesQuickScorerExtended [virtual interface]=0.6458;GradientBoostedTreesGeneric [virtual interface]=1.2443;Generic slow engine=2.8087
bioresponse,Axis Aligned,4,2,100,95,0.1,2.0,2.0,1000,Exact,3000,751,1776,2.655,0.809587,0.450986,GradientBoostedTreesQuickScorerExtended [virtual interface],1.6378,1.8035,4.8522,GradientBoostedTreesQuickScorerExtended [virtual interface]=1.6378;GradientBoostedTreesGeneric [virtual interface]=1.8035;Generic slow engine=4.8522
bioresponse,Axis Aligned,5,2,100,98,0.1,2.0,2.0,1000,Exact,3000,751,1776,5.175,0.81225,0.442749,GradientBoostedTreesGeneric [virtual interface],2.7073,2.7073,7.4373,GradientBoostedTreesGeneric [virtual interface]=2.7073;GradientBoostedTreesQuickScorerExtended [virtual interface]=3.0135;Generic slow engine=7.4373
bioresponse,Axis Aligned,6,2,100,100,0.1,2.0,2.0,1000,Exact,3000,751,1776,9.307,0.814913,0.441215,GradientBoostedTreesGeneric [virtual interface],3.5882,3.5882,10.7730,GradientBoostedTreesGeneric [virtual interface]=3.5882;GradientBoostedTreesQuickScorerExtended [virtual interface]=4.1807;Generic slow engine=10.7730
bioresponse,Axis Aligned,7,2,100,70,0.1,2.0,2.0,1000,Exact,3000,751,1776,17.473,0.818908,0.442058,GradientBoostedTreesGeneric [virtual interface],3.0290,3.0290,9.3678,GradientBoostedTreesGeneric [virtual interface]=3.0290;GradientBoostedTreesQuickScorerExtended [virtual interface]=4.7315;Generic slow engine=9.3678
bioresponse,Axis Aligned,8,2,100,40,0.1,2.0,2.0,1000,Exact,3000,751,1776,18.959,0.798935,0.445565,GradientBoostedTreesGeneric [virtual interface],2.0565,2.0565,6.6100,GradientBoostedTreesGeneric [virtual interface]=2.0565;Generic slow engine=6.6100
bioresponse,Axis Aligned,10,2,100,33,0.1,2.0,2.0,1000,Exact,3000,751,1776,41.384,0.789614,0.462135,GradientBoostedTreesGeneric [virtual interface],2.3185,2.3185,7.8570,GradientBoostedTreesGeneric [virtual interface]=2.3185;Generic slow engine=7.8570
bioresponse,Oblique,3,2,100,99,0.1,2.0,2.0,1000,Exact,3000,751,1776,2.103,0.802929,0.466134,GradientBoostedTreesGeneric [virtual interface],1.8253,1.8253,5.3128,GradientBoostedTreesGeneric [virtual interface]=1.8253;Generic slow engine=5.3128
bioresponse,Oblique,4,2,100,96,0.1,2.0,2.0,1000,Exact,3000,751,1776,3.928,0.818908,0.444565,GradientBoostedTreesGeneric [virtual interface],2.9943,2.9943,9.7453,GradientBoostedTreesGeneric [virtual interface]=2.9943;Generic slow engine=9.7453
bioresponse,Oblique,5,2,100,98,0.1,2.0,2.0,1000,Exact,3000,751,1776,6.778,0.804261,0.438653,GradientBoostedTreesGeneric [virtual interface],4.8780,4.8780,15.0660,GradientBoostedTreesGeneric [virtual interface]=4.8780;Generic slow engine=15.0660
bioresponse,Oblique,6,2,100,63,0.1,2.0,2.0,1000,Exact,3000,751,1776,11.524,0.802929,0.447422,GradientBoostedTreesGeneric [virtual interface],4.1828,4.1828,13.4520,GradientBoostedTreesGeneric [virtual interface]=4.1828;Generic slow engine=13.4520
bioresponse,Oblique,8,2,100,62,0.1,2.0,2.0,1000,Exact,3000,751,1776,30.409,0.81225,0.454767,GradientBoostedTreesGeneric [virtual interface],6.7715,6.7715,22.3300,GradientBoostedTreesGeneric [virtual interface]=6.7715;Generic slow engine=22.3300
bioresponse,Axis Aligned,3,3,100,100,0.1,2.0,2.0,1000,Exact,3000,751,1776,1.352,0.76032,0.506038,GradientBoostedTreesQuickScorerExtended [virtual interface],0.6697,1.3195,2.7275,GradientBoostedTreesQuickScorerExtended [virtual interface]=0.6697;GradientBoostedTreesGeneric [virtual interface]=1.3195;Generic slow engine=2.7275
bioresponse,Axis Aligned,4,3,100,88,0.1,2.0,2.0,1000,Exact,3000,751,1776,2.639,0.774967,0.488085,GradientBoostedTreesQuickScorerExtended [virtual interface],1.5657,1.6698,4.4635,GradientBoostedTreesQuickScorerExtended [virtual interface]=1.5657;GradientBoostedTreesGeneric [virtual interface]=1.6698;Generic slow engine=4.4635
bioresponse,Axis Aligned,5,3,100,98,0.1,2.0,2.0,1000,Exact,3000,751,1776,5.386,0.780293,0.473774,GradientBoostedTreesGeneric [virtual interface],2.7012,2.7012,7.5362,GradientBoostedTreesGeneric [virtual interface]=2.7012;GradientBoostedTreesQuickScorerExtended [virtual interface]=2.9600;Generic slow engine=7.5362
bioresponse,Axis Aligned,6,3,100,73,0.1,2.0,2.0,1000,Exact,3000,751,1776,9.624,0.790945,0.469521,GradientBoostedTreesGeneric [virtual interface],2.6215,2.6215,7.7725,GradientBoostedTreesGeneric [virtual interface]=2.6215;GradientBoostedTreesQuickScorerExtended [virtual interface]=3.7340;Generic slow engine=7.7725
bioresponse,Axis Aligned,7,3,100,68,0.1,2.0,2.0,1000,Exact,3000,751,1776,15.145,0.788282,0.475003,GradientBoostedTreesGeneric [virtual interface],3.1195,3.1195,9.1018,GradientBoostedTreesGeneric [virtual interface]=3.1195;GradientBoostedTreesQuickScorerExtended [virtual interface]=4.6940;Generic slow engine=9.1018
bioresponse,Axis Aligned,8,3,100,38,0.1,2.0,2.0,1000,Exact,3000,751,1776,17.939,0.776298,0.488511,GradientBoostedTreesGeneric [virtual interface],1.9908,1.9908,6.2248,GradientBoostedTreesGeneric [virtual interface]=1.9908;Generic slow engine=6.2248
bioresponse,Axis Aligned,10,3,100,32,0.1,2.0,2.0,1000,Exact,3000,751,1776,36.625,0.792277,0.476015,GradientBoostedTreesGeneric [virtual interface],2.2513,2.2513,7.5853,GradientBoostedTreesGeneric [virtual interface]=2.2513;Generic slow engine=7.5853
bioresponse,Oblique,3,3,100,99,0.1,2.0,2.0,1000,Exact,3000,751,1776,2.097,0.776298,0.494245,GradientBoostedTreesGeneric [virtual interface],1.8393,1.8393,5.1665,GradientBoostedTreesGeneric [virtual interface]=1.8393;Generic slow engine=5.1665
bioresponse,Oblique,4,3,100,99,0.1,2.0,2.0,1000,Exact,3000,751,1776,4.078,0.784288,0.480899,GradientBoostedTreesGeneric [virtual interface],3.1583,3.1583,9.9425,GradientBoostedTreesGeneric [virtual interface]=3.1583;Generic slow engine=9.9425
bioresponse,Oblique,5,3,100,100,0.1,2.0,2.0,1000,Exact,3000,751,1776,6.811,0.782956,0.469094,GradientBoostedTreesGeneric [virtual interface],4.8830,4.8830,15.2300,GradientBoostedTreesGeneric [virtual interface]=4.8830;Generic slow engine=15.2300
bioresponse,Oblique,6,3,100,88,0.1,2.0,2.0,1000,Exact,3000,751,1776,12.283,0.781624,0.466639,GradientBoostedTreesGeneric [virtual interface],6.0205,6.0205,19.1070,GradientBoostedTreesGeneric [virtual interface]=6.0205;Generic slow engine=19.1070
bioresponse,Oblique,8,3,100,31,0.1,2.0,2.0,1000,Exact,3000,751,1776,20.956,0.766977,0.48028,GradientBoostedTreesGeneric [virtual interface],2.8000,2.8000,10.1130,GradientBoostedTreesGeneric [virtual interface]=2.8000;Generic slow engine=10.1130
bioresponse,Axis Aligned,3,4,100,90,0.1,2.0,2.0,1000,Exact,3000,751,1776,1.370,0.788282,0.490665,GradientBoostedTreesQuickScorerExtended [virtual interface],0.5883,1.2043,2.5790,GradientBoostedTreesQuickScorerExtended [virtual interface]=0.5883;GradientBoostedTreesGeneric [virtual interface]=1.2043;Generic slow engine=2.5790
bioresponse,Axis Aligned,4,4,100,93,0.1,2.0,2.0,1000,Exact,3000,751,1776,2.836,0.786951,0.470412,GradientBoostedTreesQuickScorerExtended [virtual interface],1.5685,1.9000,4.6925,GradientBoostedTreesQuickScorerExtended [virtual interface]=1.5685;GradientBoostedTreesGeneric [virtual interface]=1.9000;Generic slow engine=4.6925
bioresponse,Axis Aligned,5,4,100,99,0.1,2.0,2.0,1000,Exact,3000,751,1776,5.355,0.79494,0.4466,GradientBoostedTreesGeneric [virtual interface],2.8218,2.8218,7.7693,GradientBoostedTreesGeneric [virtual interface]=2.8218;GradientBoostedTreesQuickScorerExtended [virtual interface]=2.9825;Generic slow engine=7.7693
bioresponse,Axis Aligned,6,4,100,52,0.1,2.0,2.0,1000,Exact,3000,751,1776,7.577,0.796272,0.456767,GradientBoostedTreesGeneric [virtual interface],1.8742,1.8742,5.4413,GradientBoostedTreesGeneric [virtual interface]=1.8742;GradientBoostedTreesQuickScorerExtended [virtual interface]=2.9700;Generic slow engine=5.4413
bioresponse,Axis Aligned,7,4,100,53,0.1,2.0,2.0,1000,Exact,3000,751,1776,14.436,0.798935,0.445692,GradientBoostedTreesGeneric [virtual interface],2.3215,2.3215,7.1433,GradientBoostedTreesGeneric [virtual interface]=2.3215;GradientBoostedTreesQuickScorerExtended [virtual interface]=4.2933;Generic slow engine=7.1433
bioresponse,Axis Aligned,8,4,100,57,0.1,2.0,2.0,1000,Exact,3000,751,1776,24.063,0.806924,0.453514,GradientBoostedTreesGeneric [virtual interface],2.9850,2.9850,9.7022,GradientBoostedTreesGeneric [virtual interface]=2.9850;Generic slow engine=9.7022
bioresponse,Axis Aligned,10,4,100,31,0.1,2.0,2.0,1000,Exact,3000,751,1776,35.368,0.806924,0.446623,GradientBoostedTreesGeneric [virtual interface],2.1730,2.1730,7.5128,GradientBoostedTreesGeneric [virtual interface]=2.1730;Generic slow engine=7.5128
bioresponse,Oblique,3,4,100,96,0.1,2.0,2.0,1000,Exact,3000,751,1776,2.049,0.784288,0.472951,GradientBoostedTreesGeneric [virtual interface],1.7830,1.7830,5.1375,GradientBoostedTreesGeneric [virtual interface]=1.7830;Generic slow engine=5.1375
bioresponse,Oblique,4,4,100,100,0.1,2.0,2.0,1000,Exact,3000,751,1776,3.803,0.785619,0.463512,GradientBoostedTreesGeneric [virtual interface],3.1233,3.1233,10.1270,GradientBoostedTreesGeneric [virtual interface]=3.1233;Generic slow engine=10.1270
bioresponse,Oblique,5,4,100,88,0.1,2.0,2.0,1000,Exact,3000,751,1776,7.043,0.800266,0.440405,GradientBoostedTreesGeneric [virtual interface],4.1392,4.1392,13.3080,GradientBoostedTreesGeneric [virtual interface]=4.1392;Generic slow engine=13.3080
bioresponse,Oblique,6,4,100,98,0.1,2.0,2.0,1000,Exact,3000,751,1776,12.195,0.793609,0.433576,GradientBoostedTreesGeneric [virtual interface],6.8848,6.8848,21.6280,GradientBoostedTreesGeneric [virtual interface]=6.8848;Generic slow engine=21.6280
bioresponse,Oblique,8,4,100,42,0.1,2.0,2.0,1000,Exact,3000,751,1776,23.868,0.806924,0.443957,GradientBoostedTreesGeneric [virtual interface],4.1233,4.1233,14.0630,GradientBoostedTreesGeneric [virtual interface]=4.1233;Generic slow engine=14.0630
bioresponse,Axis Aligned,3,5,100,99,0.1,2.0,2.0,1000,Exact,3000,751,1776,1.400,0.770972,0.497593,GradientBoostedTreesQuickScorerExtended [virtual interface],0.6482,1.2458,2.8578,GradientBoostedTreesQuickScorerExtended [virtual interface]=0.6482;GradientBoostedTreesGeneric [virtual interface]=1.2458;Generic slow engine=2.8578
bioresponse,Axis Aligned,4,5,100,100,0.1,2.0,2.0,1000,Exact,3000,751,1776,2.649,0.774967,0.477807,GradientBoostedTreesQuickScorerExtended [virtual interface],1.5503,1.9155,5.0990,GradientBoostedTreesQuickScorerExtended [virtual interface]=1.5503;GradientBoostedTreesGeneric [virtual interface]=1.9155;Generic slow engine=5.0990
bioresponse,Axis Aligned,5,5,100,86,0.1,2.0,2.0,1000,Exact,3000,751,1776,4.842,0.782956,0.471667,GradientBoostedTreesGeneric [virtual interface],2.2570,2.2570,6.5243,GradientBoostedTreesGeneric [virtual interface]=2.2570;GradientBoostedTreesQuickScorerExtended [virtual interface]=2.7203;Generic slow engine=6.5243
bioresponse,Axis Aligned,6,5,100,63,0.1,2.0,2.0,1000,Exact,3000,751,1776,8.368,0.785619,0.466238,GradientBoostedTreesGeneric [virtual interface],2.1700,2.1700,6.5738,GradientBoostedTreesGeneric [virtual interface]=2.1700;GradientBoostedTreesQuickScorerExtended [virtual interface]=3.3325;Generic slow engine=6.5738
bioresponse,Axis Aligned,7,5,100,54,0.1,2.0,2.0,1000,Exact,3000,751,1776,13.918,0.77763,0.46765,GradientBoostedTreesGeneric [virtual interface],2.2548,2.2548,7.2717,GradientBoostedTreesGeneric [virtual interface]=2.2548;GradientBoostedTreesQuickScorerExtended [virtual interface]=4.1002;Generic slow engine=7.2717
bioresponse,Axis Aligned,8,5,100,41,0.1,2.0,2.0,1000,Exact,3000,751,1776,19.015,0.790945,0.463631,GradientBoostedTreesGeneric [virtual interface],2.1082,2.1082,6.7825,GradientBoostedTreesGeneric [virtual interface]=2.1082;Generic slow engine=6.7825
bioresponse,Axis Aligned,10,5,100,24,0.1,2.0,2.0,1000,Exact,3000,751,1776,32.100,0.792277,0.45995,GradientBoostedTreesGeneric [virtual interface],1.6413,1.6413,5.6785,GradientBoostedTreesGeneric [virtual interface]=1.6413;Generic slow engine=5.6785
bioresponse,Oblique,3,5,100,98,0.1,2.0,2.0,1000,Exact,3000,751,1776,2.077,0.780293,0.475874,GradientBoostedTreesGeneric [virtual interface],1.7150,1.7150,5.3362,GradientBoostedTreesGeneric [virtual interface]=1.7150;Generic slow engine=5.3362
bioresponse,Oblique,4,5,100,99,0.1,2.0,2.0,1000,Exact,3000,751,1776,3.947,0.800266,0.460927,GradientBoostedTreesGeneric [virtual interface],3.0278,3.0278,9.8070,GradientBoostedTreesGeneric [virtual interface]=3.0278;Generic slow engine=9.8070
bioresponse,Oblique,5,5,100,100,0.1,2.0,2.0,1000,Exact,3000,751,1776,6.820,0.796272,0.44192,GradientBoostedTreesGeneric [virtual interface],4.6380,4.6380,15.2980,GradientBoostedTreesGeneric [virtual interface]=4.6380;Generic slow engine=15.2980
bioresponse,Oblique,6,5,100,70,0.1,2.0,2.0,1000,Exact,3000,751,1776,11.763,0.796272,0.44441,GradientBoostedTreesGeneric [virtual interface],4.6813,4.6813,14.7470,GradientBoostedTreesGeneric [virtual interface]=4.6813;Generic slow engine=14.7470
bioresponse,Oblique,8,5,100,36,0.1,2.0,2.0,1000,Exact,3000,751,1776,21.711,0.804261,0.454585,GradientBoostedTreesGeneric [virtual interface],3.2675,3.2675,12.1160,GradientBoostedTreesGeneric [virtual interface]=3.2675;Generic slow engine=12.1160
bioresponse,Axis Aligned,3,6,100,99,0.1,2.0,2.0,1000,Exact,3000,751,1776,1.360,0.745672,0.523175,GradientBoostedTreesQuickScorerExtended [virtual interface],0.6212,1.2923,2.7938,GradientBoostedTreesQuickScorerExtended [virtual interface]=0.6212;GradientBoostedTreesGeneric [virtual interface]=1.2923;Generic slow engine=2.7938
bioresponse,Axis Aligned,4,6,100,98,0.1,2.0,2.0,1000,Exact,3000,751,1776,2.675,0.762983,0.504941,GradientBoostedTreesQuickScorerExtended [virtual interface],1.6170,1.9410,4.9475,GradientBoostedTreesQuickScorerExtended [virtual interface]=1.6170;GradientBoostedTreesGeneric [virtual interface]=1.9410;Generic slow engine=4.9475
bioresponse,Axis Aligned,5,6,100,98,0.1,2.0,2.0,1000,Exact,3000,751,1776,5.191,0.776298,0.487936,GradientBoostedTreesGeneric [virtual interface],2.7820,2.7820,7.4402,GradientBoostedTreesGeneric [virtual interface]=2.7820;GradientBoostedTreesQuickScorerExtended [virtual interface]=2.7945;Generic slow engine=7.4402
bioresponse,Axis Aligned,6,6,100,84,0.1,2.0,2.0,1000,Exact,3000,751,1776,9.874,0.786951,0.48343,GradientBoostedTreesGeneric [virtual interface],3.1313,3.1313,8.9663,GradientBoostedTreesGeneric [virtual interface]=3.1313;GradientBoostedTreesQuickScorerExtended [virtual interface]=3.8800;Generic slow engine=8.9663
bioresponse,Axis Aligned,7,6,100,75,0.1,2.0,2.0,1000,Exact,3000,751,1776,15.771,0.778961,0.488968,GradientBoostedTreesGeneric [virtual interface],3.2775,3.2775,10.2520,GradientBoostedTreesGeneric [virtual interface]=3.2775;GradientBoostedTreesQuickScorerExtended [virtual interface]=4.6800;Generic slow engine=10.2520
bioresponse,Axis Aligned,8,6,100,37,0.1,2.0,2.0,1000,Exact,3000,751,1776,17.326,0.770972,0.494215,GradientBoostedTreesGeneric [virtual interface],1.9335,1.9335,6.1655,GradientBoostedTreesGeneric [virtual interface]=1.9335;Generic slow engine=6.1655
bioresponse,Axis Aligned,10,6,100,38,0.1,2.0,2.0,1000,Exact,3000,751,1776,37.543,0.784288,0.480815,GradientBoostedTreesGeneric [virtual interface],2.7015,2.7015,9.1660,GradientBoostedTreesGeneric [virtual interface]=2.7015;Generic slow engine=9.1660
bioresponse,Oblique,3,6,100,100,0.1,2.0,2.0,1000,Exact,3000,751,1776,2.092,0.758988,0.503994,GradientBoostedTreesGeneric [virtual interface],1.8728,1.8728,5.5305,GradientBoostedTreesGeneric [virtual interface]=1.8728;Generic slow engine=5.5305
bioresponse,Oblique,4,6,100,98,0.1,2.0,2.0,1000,Exact,3000,751,1776,4.047,0.774967,0.493148,GradientBoostedTreesGeneric [virtual interface],3.0570,3.0570,9.7810,GradientBoostedTreesGeneric [virtual interface]=3.0570;Generic slow engine=9.7810
bioresponse,Oblique,5,6,100,100,0.1,2.0,2.0,1000,Exact,3000,751,1776,6.900,0.780293,0.471818,GradientBoostedTreesGeneric [virtual interface],4.8662,4.8662,15.4300,GradientBoostedTreesGeneric [virtual interface]=4.8662;Generic slow engine=15.4300
bioresponse,Oblique,6,6,100,77,0.1,2.0,2.0,1000,Exact,3000,751,1776,11.967,0.798935,0.465101,GradientBoostedTreesGeneric [virtual interface],5.2563,5.2563,16.5230,GradientBoostedTreesGeneric [virtual interface]=5.2563;Generic slow engine=16.5230
bioresponse,Oblique,8,6,100,72,0.1,2.0,2.0,1000,Exact,3000,751,1776,31.059,0.806924,0.469387,GradientBoostedTreesGeneric [virtual interface],7.8952,7.8952,26.3590,GradientBoostedTreesGeneric [virtual interface]=7.8952;Generic slow engine=26.3590
bioresponse,Axis Aligned,3,7,100,83,0.1,2.0,2.0,1000,Exact,3000,751,1776,1.355,0.766977,0.505468,GradientBoostedTreesQuickScorerExtended [virtual interface],0.5403,1.0455,2.4060,GradientBoostedTreesQuickScorerExtended [virtual interface]=0.5403;GradientBoostedTreesGeneric [virtual interface]=1.0455;Generic slow engine=2.4060
bioresponse,Axis Aligned,4,7,100,94,0.1,2.0,2.0,1000,Exact,3000,751,1776,2.644,0.781624,0.484133,GradientBoostedTreesQuickScorerExtended [virtual interface],1.5960,1.7850,4.6955,GradientBoostedTreesQuickScorerExtended [virtual interface]=1.5960;GradientBoostedTreesGeneric [virtual interface]=1.7850;Generic slow engine=4.6955
bioresponse,Axis Aligned,5,7,100,96,0.1,2.0,2.0,1000,Exact,3000,751,1776,5.126,0.782956,0.473848,GradientBoostedTreesGeneric [virtual interface],2.6570,2.6570,7.4577,GradientBoostedTreesGeneric [virtual interface]=2.6570;GradientBoostedTreesQuickScorerExtended [virtual interface]=3.0777;Generic slow engine=7.4577
bioresponse,Axis Aligned,6,7,100,100,0.1,2.0,2.0,1000,Exact,3000,751,1776,9.581,0.790945,0.469803,GradientBoostedTreesGeneric [virtual interface],3.6815,3.6815,10.5850,GradientBoostedTreesGeneric [virtual interface]=3.6815;GradientBoostedTreesQuickScorerExtended [virtual interface]=4.1375;Generic slow engine=10.5850
bioresponse,Axis Aligned,7,7,100,47,0.1,2.0,2.0,1000,Exact,3000,751,1776,13.083,0.772304,0.466973,GradientBoostedTreesGeneric [virtual interface],2.0103,2.0103,6.3407,GradientBoostedTreesGeneric [virtual interface]=2.0103;GradientBoostedTreesQuickScorerExtended [virtual interface]=3.9445;Generic slow engine=6.3407
bioresponse,Axis Aligned,8,7,100,39,0.1,2.0,2.0,1000,Exact,3000,751,1776,20.210,0.784288,0.466048,GradientBoostedTreesGeneric [virtual interface],2.0257,2.0257,6.5018,GradientBoostedTreesGeneric [virtual interface]=2.0257;Generic slow engine=6.5018
bioresponse,Axis Aligned,10,7,100,28,0.1,2.0,2.0,1000,Exact,3000,751,1776,33.516,0.784288,0.472833,GradientBoostedTreesGeneric [virtual interface],1.9373,1.9373,6.6288,GradientBoostedTreesGeneric [virtual interface]=1.9373;Generic slow engine=6.6288
bioresponse,Oblique,3,7,100,100,0.1,2.0,2.0,1000,Exact,3000,751,1776,2.057,0.774967,0.48598,GradientBoostedTreesGeneric [virtual interface],1.8293,1.8293,5.4147,GradientBoostedTreesGeneric [virtual interface]=1.8293;Generic slow engine=5.4147
bioresponse,Oblique,4,7,100,98,0.1,2.0,2.0,1000,Exact,3000,751,1776,4.081,0.782956,0.471066,GradientBoostedTreesGeneric [virtual interface],3.0530,3.0530,9.9645,GradientBoostedTreesGeneric [virtual interface]=3.0530;Generic slow engine=9.9645
bioresponse,Oblique,5,7,100,95,0.1,2.0,2.0,1000,Exact,3000,751,1776,7.099,0.800266,0.455034,GradientBoostedTreesGeneric [virtual interface],4.5382,4.5382,14.5390,GradientBoostedTreesGeneric [virtual interface]=4.5382;Generic slow engine=14.5390
bioresponse,Oblique,6,7,100,56,0.1,2.0,2.0,1000,Exact,3000,751,1776,10.608,0.789614,0.459589,GradientBoostedTreesGeneric [virtual interface],3.6023,3.6023,11.5170,GradientBoostedTreesGeneric [virtual interface]=3.6023;Generic slow engine=11.5170
bioresponse,Oblique,8,7,100,40,0.1,2.0,2.0,1000,Exact,3000,751,1776,21.489,0.790945,0.475629,GradientBoostedTreesGeneric [virtual interface],3.7488,3.7488,13.3350,GradientBoostedTreesGeneric [virtual interface]=3.7488;Generic slow engine=13.3350
bioresponse,Axis Aligned,3,8,100,97,0.1,2.0,2.0,1000,Exact,3000,751,1776,1.382,0.774967,0.486192,GradientBoostedTreesQuickScorerExtended [virtual interface],0.6332,1.2728,2.7793,GradientBoostedTreesQuickScorerExtended [virtual interface]=0.6332;GradientBoostedTreesGeneric [virtual interface]=1.2728;Generic slow engine=2.7793
bioresponse,Axis Aligned,4,8,100,65,0.1,2.0,2.0,1000,Exact,3000,751,1776,2.573,0.782956,0.474544,GradientBoostedTreesQuickScorerExtended [virtual interface],1.0525,1.2365,3.2385,GradientBoostedTreesQuickScorerExtended [virtual interface]=1.0525;GradientBoostedTreesGeneric [virtual interface]=1.2365;Generic slow engine=3.2385
bioresponse,Axis Aligned,5,8,100,82,0.1,2.0,2.0,1000,Exact,3000,751,1776,4.968,0.778961,0.462313,GradientBoostedTreesGeneric [virtual interface],2.2410,2.2410,6.4233,GradientBoostedTreesGeneric [virtual interface]=2.2410;GradientBoostedTreesQuickScorerExtended [virtual interface]=2.4530;Generic slow engine=6.4233
bioresponse,Axis Aligned,6,8,100,40,0.1,2.0,2.0,1000,Exact,3000,751,1776,6.727,0.772304,0.46291,GradientBoostedTreesGeneric [virtual interface],1.4020,1.4020,4.2447,GradientBoostedTreesGeneric [virtual interface]=1.4020;GradientBoostedTreesQuickScorerExtended [virtual interface]=2.5045;Generic slow engine=4.2447
bioresponse,Axis Aligned,7,8,100,59,0.1,2.0,2.0,1000,Exact,3000,751,1776,13.871,0.778961,0.450149,GradientBoostedTreesGeneric [virtual interface],2.5307,2.5307,8.0220,GradientBoostedTreesGeneric [virtual interface]=2.5307;GradientBoostedTreesQuickScorerExtended [virtual interface]=4.4078;Generic slow engine=8.0220
bioresponse,Axis Aligned,8,8,100,33,0.1,2.0,2.0,1000,Exact,3000,751,1776,17.020,0.786951,0.443741,GradientBoostedTreesGeneric [virtual interface],1.6605,1.6605,5.4255,GradientBoostedTreesGeneric [virtual interface]=1.6605;Generic slow engine=5.4255
bioresponse,Axis Aligned,10,8,100,26,0.1,2.0,2.0,1000,Exact,3000,751,1776,32.131,0.790945,0.457038,GradientBoostedTreesGeneric [virtual interface],1.7968,1.7968,5.9943,GradientBoostedTreesGeneric [virtual interface]=1.7968;Generic slow engine=5.9943
bioresponse,Oblique,3,8,100,98,0.1,2.0,2.0,1000,Exact,3000,751,1776,2.135,0.784288,0.477212,GradientBoostedTreesGeneric [virtual interface],1.7378,1.7378,5.1662,GradientBoostedTreesGeneric [virtual interface]=1.7378;Generic slow engine=5.1662
bioresponse,Oblique,4,8,100,100,0.1,2.0,2.0,1000,Exact,3000,751,1776,3.848,0.786951,0.451145,GradientBoostedTreesGeneric [virtual interface],3.0467,3.0467,10.0860,GradientBoostedTreesGeneric [virtual interface]=3.0467;Generic slow engine=10.0860
bioresponse,Oblique,5,8,100,91,0.1,2.0,2.0,1000,Exact,3000,751,1776,7.202,0.786951,0.449712,GradientBoostedTreesGeneric [virtual interface],4.2050,4.2050,13.5970,GradientBoostedTreesGeneric [virtual interface]=4.2050;Generic slow engine=13.5970
bioresponse,Oblique,6,8,100,60,0.1,2.0,2.0,1000,Exact,3000,751,1776,11.192,0.782956,0.455017,GradientBoostedTreesGeneric [virtual interface],3.7625,3.7625,12.4780,GradientBoostedTreesGeneric [virtual interface]=3.7625;Generic slow engine=12.4780
bioresponse,Oblique,8,8,100,50,0.1,2.0,2.0,1000,Exact,3000,751,1776,24.826,0.800266,0.435676,GradientBoostedTreesGeneric [virtual interface],4.9925,4.9925,16.9610,GradientBoostedTreesGeneric [virtual interface]=4.9925;Generic slow engine=16.9610
bioresponse,Axis Aligned,3,9,100,100,0.1,2.0,2.0,1000,Exact,3000,751,1776,1.357,0.793609,0.486855,GradientBoostedTreesQuickScorerExtended [virtual interface],0.6667,1.3290,2.8942,GradientBoostedTreesQuickScorerExtended [virtual interface]=0.6667;GradientBoostedTreesGeneric [virtual interface]=1.3290;Generic slow engine=2.8942
bioresponse,Axis Aligned,4,9,100,99,0.1,2.0,2.0,1000,Exact,3000,751,1776,2.657,0.788282,0.464095,GradientBoostedTreesQuickScorerExtended [virtual interface],1.6725,1.9407,4.9960,GradientBoostedTreesQuickScorerExtended [virtual interface]=1.6725;GradientBoostedTreesGeneric [virtual interface]=1.9407;Generic slow engine=4.9960
bioresponse,Axis Aligned,5,9,100,100,0.1,2.0,2.0,1000,Exact,3000,751,1776,5.232,0.793609,0.454216,GradientBoostedTreesGeneric [virtual interface],2.8880,2.8880,7.5410,GradientBoostedTreesGeneric [virtual interface]=2.8880;GradientBoostedTreesQuickScorerExtended [virtual interface]=2.9047;Generic slow engine=7.5410
bioresponse,Axis Aligned,6,9,100,94,0.1,2.0,2.0,1000,Exact,3000,751,1776,9.342,0.806924,0.446225,GradientBoostedTreesGeneric [virtual interface],3.6650,3.6650,10.0360,GradientBoostedTreesGeneric [virtual interface]=3.6650;GradientBoostedTreesQuickScorerExtended [virtual interface]=4.0845;Generic slow engine=10.0360
bioresponse,Axis Aligned,7,9,100,99,0.1,2.0,2.0,1000,Exact,3000,751,1776,15.621,0.814913,0.444852,GradientBoostedTreesGeneric [virtual interface],4.5593,4.5593,13.6610,GradientBoostedTreesGeneric [virtual interface]=4.5593;GradientBoostedTreesQuickScorerExtended [virtual interface]=5.5080;Generic slow engine=13.6610
bioresponse,Axis Aligned,8,9,100,97,0.1,2.0,2.0,1000,Exact,3000,751,1776,28.382,0.796272,0.465874,GradientBoostedTreesGeneric [virtual interface],5.4283,5.4283,17.0950,GradientBoostedTreesGeneric [virtual interface]=5.4283;Generic slow engine=17.0950
bioresponse,Axis Aligned,10,9,100,39,0.1,2.0,2.0,1000,Exact,3000,751,1776,41.105,0.806924,0.451299,GradientBoostedTreesGeneric [virtual interface],2.8998,2.8998,9.4100,GradientBoostedTreesGeneric [virtual interface]=2.8998;Generic slow engine=9.4100
bioresponse,Oblique,3,9,100,99,0.1,2.0,2.0,1000,Exact,3000,751,1776,2.098,0.793609,0.470565,GradientBoostedTreesGeneric [virtual interface],1.8185,1.8185,5.4138,GradientBoostedTreesGeneric [virtual interface]=1.8185;Generic slow engine=5.4138
bioresponse,Oblique,4,9,100,97,0.1,2.0,2.0,1000,Exact,3000,751,1776,3.799,0.800266,0.452212,GradientBoostedTreesGeneric [virtual interface],3.0907,3.0907,9.7750,GradientBoostedTreesGeneric [virtual interface]=3.0907;Generic slow engine=9.7750
bioresponse,Oblique,5,9,100,97,0.1,2.0,2.0,1000,Exact,3000,751,1776,6.832,0.810919,0.438482,GradientBoostedTreesGeneric [virtual interface],4.7313,4.7313,14.8380,GradientBoostedTreesGeneric [virtual interface]=4.7313;Generic slow engine=14.8380
bioresponse,Oblique,6,9,100,91,0.1,2.0,2.0,1000,Exact,3000,751,1776,11.615,0.797603,0.442684,GradientBoostedTreesGeneric [virtual interface],6.1325,6.1325,19.6520,GradientBoostedTreesGeneric [virtual interface]=6.1325;Generic slow engine=19.6520
bioresponse,Oblique,8,9,100,97,0.1,2.0,2.0,1000,Exact,3000,751,1776,31.869,0.808256,0.457503,GradientBoostedTreesGeneric [virtual interface],11.2590,11.2590,38.2300,GradientBoostedTreesGeneric [virtual interface]=11.2590;Generic slow engine=38.2300
spambase,Axis Aligned,3,0,100,100,0.1,2.0,2.0,1000,Exact,3680,921,57,0.143,0.942454,0.152946,GradientBoostedTreesQuickScorerExtended [virtual interface],0.2117,1.1793,2.3127,GradientBoostedTreesQuickScorerExtended [virtual interface]=0.2117;GradientBoostedTreesOptPred [virtual interface]=0.5938;GradientBoostedTreesGeneric [virtual interface]=1.1793;Generic slow engine=2.3127
spambase,Axis Aligned,4,0,100,98,0.1,2.0,2.0,1000,Exact,3680,921,57,0.224,0.947883,0.135275,GradientBoostedTreesQuickScorerExtended [virtual interface],0.3468,1.5785,3.8908,GradientBoostedTreesQuickScorerExtended [virtual interface]=0.3468;GradientBoostedTreesOptPred [virtual interface]=0.7680;GradientBoostedTreesGeneric [virtual interface]=1.5785;Generic slow engine=3.8908
spambase,Axis Aligned,5,0,100,97,0.1,2.0,2.0,1000,Exact,3680,921,57,0.354,0.950054,0.12838,GradientBoostedTreesQuickScorerExtended [virtual interface],0.4637,2.0125,5.6418,GradientBoostedTreesQuickScorerExtended [virtual interface]=0.4637;GradientBoostedTreesOptPred [virtual interface]=0.9260;GradientBoostedTreesGeneric [virtual interface]=2.0125;Generic slow engine=5.6418
spambase,Axis Aligned,6,0,100,99,0.1,2.0,2.0,1000,Exact,3680,921,57,0.530,0.95114,0.123361,GradientBoostedTreesQuickScorerExtended [virtual interface],0.6272,2.6840,8.0107,GradientBoostedTreesQuickScorerExtended [virtual interface]=0.6272;GradientBoostedTreesOptPred [virtual interface]=1.2675;GradientBoostedTreesGeneric [virtual interface]=2.6840;Generic slow engine=8.0107
spambase,Axis Aligned,7,0,100,100,0.1,2.0,2.0,1000,Exact,3680,921,57,0.768,0.954397,0.116695,GradientBoostedTreesQuickScorerExtended [virtual interface],0.8225,3.1690,10.1470,GradientBoostedTreesQuickScorerExtended [virtual interface]=0.8225;GradientBoostedTreesOptPred [virtual interface]=1.5828;GradientBoostedTreesGeneric [virtual interface]=3.1690;Generic slow engine=10.1470
spambase,Axis Aligned,8,0,100,99,0.1,2.0,2.0,1000,Exact,3680,921,57,1.052,0.954397,0.11573,GradientBoostedTreesOptPred [virtual interface],1.9498,3.7575,12.4040,GradientBoostedTreesOptPred [virtual interface]=1.9498;GradientBoostedTreesGeneric [virtual interface]=3.7575;Generic slow engine=12.4040
spambase,Axis Aligned,10,0,100,97,0.1,2.0,2.0,1000,Exact,3680,921,57,1.745,0.957655,0.115947,GradientBoostedTreesOptPred [virtual interface],2.6067,4.9055,17.1360,GradientBoostedTreesOptPred [virtual interface]=2.6067;GradientBoostedTreesGeneric [virtual interface]=4.9055;Generic slow engine=17.1360
spambase,Oblique,3,0,100,99,0.1,2.0,2.0,1000,Exact,3680,921,57,0.904,0.953312,0.133817,GradientBoostedTreesGeneric [virtual interface],1.7860,1.7860,4.7405,GradientBoostedTreesGeneric [virtual interface]=1.7860;Generic slow engine=4.7405
spambase,Oblique,4,0,100,100,0.1,2.0,2.0,1000,Exact,3680,921,57,1.362,0.954397,0.121137,GradientBoostedTreesGeneric [virtual interface],2.8100,2.8100,8.7235,GradientBoostedTreesGeneric [virtual interface]=2.8100;Generic slow engine=8.7235
spambase,Oblique,5,0,100,96,0.1,2.0,2.0,1000,Exact,3680,921,57,1.934,0.961998,0.111254,GradientBoostedTreesGeneric [virtual interface],4.0025,4.0025,12.2610,GradientBoostedTreesGeneric [virtual interface]=4.0025;Generic slow engine=12.2610
spambase,Oblique,6,0,100,99,0.1,2.0,2.0,1000,Exact,3680,921,57,2.730,0.956569,0.105595,GradientBoostedTreesGeneric [virtual interface],6.0503,6.0503,17.9660,GradientBoostedTreesGeneric [virtual interface]=6.0503;Generic slow engine=17.9660
spambase,Oblique,8,0,100,58,0.1,2.0,2.0,1000,Exact,3680,921,57,3.873,0.963084,0.111655,GradientBoostedTreesGeneric [virtual interface],5.0595,5.0595,15.9780,GradientBoostedTreesGeneric [virtual interface]=5.0595;Generic slow engine=15.9780
spambase,Axis Aligned,3,1,100,100,0.1,2.0,2.0,1000,Exact,3680,921,57,0.137,0.935939,0.169893,GradientBoostedTreesQuickScorerExtended [virtual interface],0.2255,1.1747,2.3095,GradientBoostedTreesQuickScorerExtended [virtual interface]=0.2255;GradientBoostedTreesOptPred [virtual interface]=0.5965;GradientBoostedTreesGeneric [virtual interface]=1.1747;Generic slow engine=2.3095
spambase,Axis Aligned,4,1,100,99,0.1,2.0,2.0,1000,Exact,3680,921,57,0.240,0.940282,0.158542,GradientBoostedTreesQuickScorerExtended [virtual interface],0.3310,1.5508,3.8420,GradientBoostedTreesQuickScorerExtended [virtual interface]=0.3310;GradientBoostedTreesOptPred [virtual interface]=0.7478;GradientBoostedTreesGeneric [virtual interface]=1.5508;Generic slow engine=3.8420
spambase,Axis Aligned,5,1,100,100,0.1,2.0,2.0,1000,Exact,3680,921,57,0.358,0.934853,0.154747,GradientBoostedTreesQuickScorerExtended [virtual interface],0.4680,2.0903,5.8738,GradientBoostedTreesQuickScorerExtended [virtual interface]=0.4680;GradientBoostedTreesOptPred [virtual interface]=0.9690;GradientBoostedTreesGeneric [virtual interface]=2.0903;Generic slow engine=5.8738
spambase,Axis Aligned,6,1,100,100,0.1,2.0,2.0,1000,Exact,3680,921,57,0.514,0.940282,0.150936,GradientBoostedTreesQuickScorerExtended [virtual interface],0.5992,2.5810,8.0910,GradientBoostedTreesQuickScorerExtended [virtual interface]=0.5992;GradientBoostedTreesOptPred [virtual interface]=1.1778;GradientBoostedTreesGeneric [virtual interface]=2.5810;Generic slow engine=8.0910
spambase,Axis Aligned,7,1,100,99,0.1,2.0,2.0,1000,Exact,3680,921,57,0.767,0.939197,0.152934,GradientBoostedTreesQuickScorerExtended [virtual interface],0.7845,3.0575,9.9407,GradientBoostedTreesQuickScorerExtended [virtual interface]=0.7845;GradientBoostedTreesOptPred [virtual interface]=1.4610;GradientBoostedTreesGeneric [virtual interface]=3.0575;Generic slow engine=9.9407
spambase,Axis Aligned,8,1,100,100,0.1,2.0,2.0,1000,Exact,3680,921,57,1.051,0.939197,0.158604,GradientBoostedTreesQuickScorerExtended [virtual interface],1.0390,3.7580,12.4160,GradientBoostedTreesQuickScorerExtended [virtual interface]=1.0390;GradientBoostedTreesOptPred [virtual interface]=1.9612;GradientBoostedTreesGeneric [virtual interface]=3.7580;Generic slow engine=12.4160
spambase,Axis Aligned,10,1,100,100,0.1,2.0,2.0,1000,Exact,3680,921,57,1.754,0.938111,0.158691,GradientBoostedTreesOptPred [virtual interface],2.5980,5.0020,18.0220,GradientBoostedTreesOptPred [virtual interface]=2.5980;GradientBoostedTreesGeneric [virtual interface]=5.0020;Generic slow engine=18.0220
spambase,Oblique,3,1,100,100,0.1,2.0,2.0,1000,Exact,3680,921,57,0.959,0.944625,0.148285,GradientBoostedTreesGeneric [virtual interface],1.7863,1.7863,4.7785,GradientBoostedTreesGeneric [virtual interface]=1.7863;Generic slow engine=4.7785
spambase,Oblique,4,1,100,100,0.1,2.0,2.0,1000,Exact,3680,921,57,1.508,0.952226,0.14018,GradientBoostedTreesGeneric [virtual interface],2.8213,2.8213,8.6338,GradientBoostedTreesGeneric [virtual interface]=2.8213;Generic slow engine=8.6338
spambase,Oblique,5,1,100,97,0.1,2.0,2.0,1000,Exact,3680,921,57,2.123,0.947883,0.131443,GradientBoostedTreesGeneric [virtual interface],3.8995,3.8995,12.2680,GradientBoostedTreesGeneric [virtual interface]=3.8995;Generic slow engine=12.2680
spambase,Oblique,6,1,100,96,0.1,2.0,2.0,1000,Exact,3680,921,57,2.744,0.947883,0.136023,GradientBoostedTreesGeneric [virtual interface],5.4510,5.4510,16.8100,GradientBoostedTreesGeneric [virtual interface]=5.4510;Generic slow engine=16.8100
spambase,Oblique,8,1,100,71,0.1,2.0,2.0,1000,Exact,3680,921,57,4.300,0.947883,0.13899,GradientBoostedTreesGeneric [virtual interface],6.3840,6.3840,19.8310,GradientBoostedTreesGeneric [virtual interface]=6.3840;Generic slow engine=19.8310
spambase,Axis Aligned,3,2,100,100,0.1,2.0,2.0,1000,Exact,3680,921,57,0.137,0.939197,0.17768,GradientBoostedTreesQuickScorerExtended [virtual interface],0.2132,1.1945,2.2822,GradientBoostedTreesQuickScorerExtended [virtual interface]=0.2132;GradientBoostedTreesOptPred [virtual interface]=0.5992;GradientBoostedTreesGeneric [virtual interface]=1.1945;Generic slow engine=2.2822
spambase,Axis Aligned,4,2,100,100,0.1,2.0,2.0,1000,Exact,3680,921,57,0.235,0.938111,0.164069,GradientBoostedTreesQuickScorerExtended [virtual interface],0.3422,1.6218,3.9183,GradientBoostedTreesQuickScorerExtended [virtual interface]=0.3422;GradientBoostedTreesOptPred [virtual interface]=0.7987;GradientBoostedTreesGeneric [virtual interface]=1.6218;Generic slow engine=3.9183
spambase,Axis Aligned,5,2,100,99,0.1,2.0,2.0,1000,Exact,3680,921,57,0.364,0.934853,0.164922,GradientBoostedTreesQuickScorerExtended [virtual interface],0.5060,2.1915,5.7598,GradientBoostedTreesQuickScorerExtended [virtual interface]=0.5060;GradientBoostedTreesOptPred [virtual interface]=1.0628;GradientBoostedTreesGeneric [virtual interface]=2.1915;Generic slow engine=5.7598
spambase,Axis Aligned,6,2,100,96,0.1,2.0,2.0,1000,Exact,3680,921,57,0.569,0.940282,0.158215,GradientBoostedTreesQuickScorerExtended [virtual interface],0.6827,2.6907,7.8855,GradientBoostedTreesQuickScorerExtended [virtual interface]=0.6827;GradientBoostedTreesOptPred [virtual interface]=1.2950;GradientBoostedTreesGeneric [virtual interface]=2.6907;Generic slow engine=7.8855
spambase,Axis Aligned,7,2,100,99,0.1,2.0,2.0,1000,Exact,3680,921,57,0.824,0.941368,0.163394,GradientBoostedTreesQuickScorerExtended [virtual interface],0.8367,3.3043,10.1350,GradientBoostedTreesQuickScorerExtended [virtual interface]=0.8367;GradientBoostedTreesOptPred [virtual interface]=1.7208;GradientBoostedTreesGeneric [virtual interface]=3.3043;Generic slow engine=10.1350
spambase,Axis Aligned,8,2,100,99,0.1,2.0,2.0,1000,Exact,3680,921,57,1.109,0.942454,0.164381,GradientBoostedTreesQuickScorerExtended [virtual interface],1.1013,3.7917,12.6980,GradientBoostedTreesQuickScorerExtended [virtual interface]=1.1013;GradientBoostedTreesOptPred [virtual interface]=1.9963;GradientBoostedTreesGeneric [virtual interface]=3.7917;Generic slow engine=12.6980
spambase,Axis Aligned,10,2,100,66,0.1,2.0,2.0,1000,Exact,3680,921,57,1.859,0.941368,0.167275,GradientBoostedTreesOptPred [virtual interface],1.7632,3.3390,11.4150,GradientBoostedTreesOptPred [virtual interface]=1.7632;GradientBoostedTreesGeneric [virtual interface]=3.3390;Generic slow engine=11.4150
spambase,Oblique,3,2,100,97,0.1,2.0,2.0,1000,Exact,3680,921,57,0.884,0.940282,0.156264,GradientBoostedTreesGeneric [virtual interface],1.7580,1.7580,4.6820,GradientBoostedTreesGeneric [virtual interface]=1.7580;Generic slow engine=4.6820
spambase,Oblique,4,2,100,100,0.1,2.0,2.0,1000,Exact,3680,921,57,1.435,0.940282,0.148663,GradientBoostedTreesGeneric [virtual interface],2.7448,2.7448,8.7197,GradientBoostedTreesGeneric [virtual interface]=2.7448;Generic slow engine=8.7197
spambase,Oblique,5,2,100,82,0.1,2.0,2.0,1000,Exact,3680,921,57,1.969,0.942454,0.147697,GradientBoostedTreesGeneric [virtual interface],3.2905,3.2905,10.5370,GradientBoostedTreesGeneric [virtual interface]=3.2905;Generic slow engine=10.5370
spambase,Oblique,6,2,100,87,0.1,2.0,2.0,1000,Exact,3680,921,57,2.654,0.946797,0.153211,GradientBoostedTreesGeneric [virtual interface],4.9893,4.9893,15.6670,GradientBoostedTreesGeneric [virtual interface]=4.9893;Generic slow engine=15.6670
spambase,Oblique,8,2,100,38,0.1,2.0,2.0,1000,Exact,3680,921,57,3.058,0.937025,0.160012,GradientBoostedTreesGeneric [virtual interface],2.7978,2.7978,9.8555,GradientBoostedTreesGeneric [virtual interface]=2.7978;Generic slow engine=9.8555
spambase,Axis Aligned,3,3,100,99,0.1,2.0,2.0,1000,Exact,3680,921,57,0.139,0.937025,0.180675,GradientBoostedTreesQuickScorerExtended [virtual interface],0.2265,1.2185,2.2930,GradientBoostedTreesQuickScorerExtended [virtual interface]=0.2265;GradientBoostedTreesOptPred [virtual interface]=0.6245;GradientBoostedTreesGeneric [virtual interface]=1.2185;Generic slow engine=2.2930
spambase,Axis Aligned,4,3,100,96,0.1,2.0,2.0,1000,Exact,3680,921,57,0.231,0.941368,0.171165,GradientBoostedTreesQuickScorerExtended [virtual interface],0.3365,1.5805,3.7997,GradientBoostedTreesQuickScorerExtended [virtual interface]=0.3365;GradientBoostedTreesOptPred [virtual interface]=0.7970;GradientBoostedTreesGeneric [virtual interface]=1.5805;Generic slow engine=3.7997
spambase,Axis Aligned,5,3,100,88,0.1,2.0,2.0,1000,Exact,3680,921,57,0.356,0.944625,0.162023,GradientBoostedTreesQuickScorerExtended [virtual interface],0.4517,1.9025,5.1210,GradientBoostedTreesQuickScorerExtended [virtual interface]=0.4517;GradientBoostedTreesOptPred [virtual interface]=0.8968;GradientBoostedTreesGeneric [virtual interface]=1.9025;Generic slow engine=5.1210
spambase,Axis Aligned,6,3,100,94,0.1,2.0,2.0,1000,Exact,3680,921,57,0.525,0.942454,0.1605,GradientBoostedTreesQuickScorerExtended [virtual interface],0.6000,2.5082,7.6837,GradientBoostedTreesQuickScorerExtended [virtual interface]=0.6000;GradientBoostedTreesOptPred [virtual interface]=1.1780;GradientBoostedTreesGeneric [virtual interface]=2.5082;Generic slow engine=7.6837
spambase,Axis Aligned,7,3,100,94,0.1,2.0,2.0,1000,Exact,3680,921,57,0.782,0.944625,0.15507,GradientBoostedTreesQuickScorerExtended [virtual interface],0.8270,2.9760,9.4225,GradientBoostedTreesQuickScorerExtended [virtual interface]=0.8270;GradientBoostedTreesOptPred [virtual interface]=1.4598;GradientBoostedTreesGeneric [virtual interface]=2.9760;Generic slow engine=9.4225
spambase,Axis Aligned,8,3,100,77,0.1,2.0,2.0,1000,Exact,3680,921,57,1.046,0.944625,0.16247,GradientBoostedTreesQuickScorerExtended [virtual interface],0.9165,2.8058,9.4763,GradientBoostedTreesQuickScorerExtended [virtual interface]=0.9165;GradientBoostedTreesOptPred [virtual interface]=1.3953;GradientBoostedTreesGeneric [virtual interface]=2.8058;Generic slow engine=9.4763
spambase,Axis Aligned,10,3,100,63,0.1,2.0,2.0,1000,Exact,3680,921,57,1.658,0.94354,0.163815,GradientBoostedTreesOptPred [virtual interface],1.6355,3.1458,10.8270,GradientBoostedTreesOptPred [virtual interface]=1.6355;GradientBoostedTreesGeneric [virtual interface]=3.1458;Generic slow engine=10.8270
spambase,Oblique,3,3,100,100,0.1,2.0,2.0,1000,Exact,3680,921,57,0.909,0.937025,0.166723,GradientBoostedTreesGeneric [virtual interface],1.7855,1.7855,4.8245,GradientBoostedTreesGeneric [virtual interface]=1.7855;Generic slow engine=4.8245
spambase,Oblique,4,3,100,99,0.1,2.0,2.0,1000,Exact,3680,921,57,1.399,0.945711,0.153331,GradientBoostedTreesGeneric [virtual interface],2.7542,2.7542,8.6928,GradientBoostedTreesGeneric [virtual interface]=2.7542;Generic slow engine=8.6928
spambase,Oblique,5,3,100,100,0.1,2.0,2.0,1000,Exact,3680,921,57,1.945,0.944625,0.152418,GradientBoostedTreesGeneric [virtual interface],4.2040,4.2040,12.8990,GradientBoostedTreesGeneric [virtual interface]=4.2040;Generic slow engine=12.8990
spambase,Oblique,6,3,100,88,0.1,2.0,2.0,1000,Exact,3680,921,57,2.583,0.953312,0.138142,GradientBoostedTreesGeneric [virtual interface],5.1273,5.1273,15.7190,GradientBoostedTreesGeneric [virtual interface]=5.1273;Generic slow engine=15.7190
spambase,Oblique,8,3,100,53,0.1,2.0,2.0,1000,Exact,3680,921,57,3.632,0.947883,0.148589,GradientBoostedTreesGeneric [virtual interface],4.6090,4.6090,14.2130,GradientBoostedTreesGeneric [virtual interface]=4.6090;Generic slow engine=14.2130
spambase,Axis Aligned,3,4,100,100,0.1,2.0,2.0,1000,Exact,3680,921,57,0.142,0.939197,0.177949,GradientBoostedTreesQuickScorerExtended [virtual interface],0.2145,1.2192,2.2957,GradientBoostedTreesQuickScorerExtended [virtual interface]=0.2145;GradientBoostedTreesOptPred [virtual interface]=0.6168;GradientBoostedTreesGeneric [virtual interface]=1.2192;Generic slow engine=2.2957
spambase,Axis Aligned,4,4,100,91,0.1,2.0,2.0,1000,Exact,3680,921,57,0.232,0.940282,0.164814,GradientBoostedTreesQuickScorerExtended [virtual interface],0.3270,1.4963,3.5835,GradientBoostedTreesQuickScorerExtended [virtual interface]=0.3270;GradientBoostedTreesOptPred [virtual interface]=0.7490;GradientBoostedTreesGeneric [virtual interface]=1.4963;Generic slow engine=3.5835
spambase,Axis Aligned,5,4,100,89,0.1,2.0,2.0,1000,Exact,3680,921,57,0.356,0.948969,0.151039,GradientBoostedTreesQuickScorerExtended [virtual interface],0.4425,1.8893,5.2107,GradientBoostedTreesQuickScorerExtended [virtual interface]=0.4425;GradientBoostedTreesOptPred [virtual interface]=0.8745;GradientBoostedTreesGeneric [virtual interface]=1.8893;Generic slow engine=5.2107
spambase,Axis Aligned,6,4,100,71,0.1,2.0,2.0,1000,Exact,3680,921,57,0.520,0.944625,0.152356,GradientBoostedTreesQuickScorerExtended [virtual interface],0.5320,1.8822,5.7730,GradientBoostedTreesQuickScorerExtended [virtual interface]=0.5320;GradientBoostedTreesOptPred [virtual interface]=0.8498;GradientBoostedTreesGeneric [virtual interface]=1.8822;Generic slow engine=5.7730
spambase,Axis Aligned,7,4,100,94,0.1,2.0,2.0,1000,Exact,3680,921,57,0.745,0.95114,0.141944,GradientBoostedTreesQuickScorerExtended [virtual interface],0.7752,2.9580,9.4838,GradientBoostedTreesQuickScorerExtended [virtual interface]=0.7752;GradientBoostedTreesOptPred [virtual interface]=1.4425;GradientBoostedTreesGeneric [virtual interface]=2.9580;Generic slow engine=9.4838
spambase,Axis Aligned,8,4,100,55,0.1,2.0,2.0,1000,Exact,3680,921,57,0.937,0.947883,0.152621,GradientBoostedTreesOptPred [virtual interface],0.9870,2.0080,6.7930,GradientBoostedTreesOptPred [virtual interface]=0.9870;GradientBoostedTreesGeneric [virtual interface]=2.0080;Generic slow engine=6.7930
spambase,Axis Aligned,10,4,100,46,0.1,2.0,2.0,1000,Exact,3680,921,57,1.589,0.94354,0.16108,GradientBoostedTreesOptPred [virtual interface],1.0902,2.1750,7.6333,GradientBoostedTreesOptPred [virtual interface]=1.0902;GradientBoostedTreesGeneric [virtual interface]=2.1750;Generic slow engine=7.6333
spambase,Oblique,3,4,100,97,0.1,2.0,2.0,1000,Exact,3680,921,57,0.899,0.944625,0.158138,GradientBoostedTreesGeneric [virtual interface],1.7252,1.7252,4.6040,GradientBoostedTreesGeneric [virtual interface]=1.7252;Generic slow engine=4.6040
spambase,Oblique,4,4,100,100,0.1,2.0,2.0,1000,Exact,3680,921,57,1.381,0.95114,0.142911,GradientBoostedTreesGeneric [virtual interface],2.7810,2.7810,8.7453,GradientBoostedTreesGeneric [virtual interface]=2.7810;Generic slow engine=8.7453
spambase,Oblique,5,4,100,89,0.1,2.0,2.0,1000,Exact,3680,921,57,1.933,0.955483,0.138235,GradientBoostedTreesGeneric [virtual interface],3.6195,3.6195,11.4650,GradientBoostedTreesGeneric [virtual interface]=3.6195;Generic slow engine=11.4650
spambase,Oblique,6,4,100,78,0.1,2.0,2.0,1000,Exact,3680,921,57,2.645,0.95114,0.134211,GradientBoostedTreesGeneric [virtual interface],4.3368,4.3368,13.7240,GradientBoostedTreesGeneric [virtual interface]=4.3368;Generic slow engine=13.7240
spambase,Oblique,8,4,100,43,0.1,2.0,2.0,1000,Exact,3680,921,57,3.178,0.950054,0.142981,GradientBoostedTreesGeneric [virtual interface],3.2713,3.2713,11.1480,GradientBoostedTreesGeneric [virtual interface]=3.2713;Generic slow engine=11.1480
spambase,Axis Aligned,3,5,100,100,0.1,2.0,2.0,1000,Exact,3680,921,57,0.137,0.942454,0.160594,GradientBoostedTreesQuickScorerExtended [virtual interface],0.2160,1.1770,2.3277,GradientBoostedTreesQuickScorerExtended [virtual interface]=0.2160;GradientBoostedTreesOptPred [virtual interface]=0.5815;GradientBoostedTreesGeneric [virtual interface]=1.1770;Generic slow engine=2.3277
spambase,Axis Aligned,4,5,100,99,0.1,2.0,2.0,1000,Exact,3680,921,57,0.222,0.944625,0.144329,GradientBoostedTreesQuickScorerExtended [virtual interface],0.3205,1.5708,3.9465,GradientBoostedTreesQuickScorerExtended [virtual interface]=0.3205;GradientBoostedTreesOptPred [virtual interface]=0.7615;GradientBoostedTreesGeneric [virtual interface]=1.5708;Generic slow engine=3.9465
spambase,Axis Aligned,5,5,100,100,0.1,2.0,2.0,1000,Exact,3680,921,57,0.340,0.948969,0.134794,GradientBoostedTreesQuickScorerExtended [virtual interface],0.4517,2.0725,5.7888,GradientBoostedTreesQuickScorerExtended [virtual interface]=0.4517;GradientBoostedTreesOptPred [virtual interface]=0.9305;GradientBoostedTreesGeneric [virtual interface]=2.0725;Generic slow engine=5.7888
spambase,Axis Aligned,6,5,100,100,0.1,2.0,2.0,1000,Exact,3680,921,57,0.519,0.950054,0.135536,GradientBoostedTreesQuickScorerExtended [virtual interface],0.6205,2.5602,8.1113,GradientBoostedTreesQuickScorerExtended [virtual interface]=0.6205;GradientBoostedTreesOptPred [virtual interface]=1.1663;GradientBoostedTreesGeneric [virtual interface]=2.5602;Generic slow engine=8.1113
spambase,Axis Aligned,7,5,100,81,0.1,2.0,2.0,1000,Exact,3680,921,57,0.762,0.956569,0.129356,GradientBoostedTreesQuickScorerExtended [virtual interface],0.7130,2.4842,8.2142,GradientBoostedTreesQuickScorerExtended [virtual interface]=0.7130;GradientBoostedTreesOptPred [virtual interface]=1.1895;GradientBoostedTreesGeneric [virtual interface]=2.4842;Generic slow engine=8.2142
spambase,Axis Aligned,8,5,100,100,0.1,2.0,2.0,1000,Exact,3680,921,57,1.014,0.947883,0.125125,GradientBoostedTreesOptPred [virtual interface],1.7528,3.6145,12.2930,GradientBoostedTreesOptPred [virtual interface]=1.7528;GradientBoostedTreesGeneric [virtual interface]=3.6145;Generic slow engine=12.2930
spambase,Axis Aligned,10,5,100,95,0.1,2.0,2.0,1000,Exact,3680,921,57,1.785,0.959826,0.119586,GradientBoostedTreesOptPred [virtual interface],2.3828,4.6385,16.7690,GradientBoostedTreesOptPred [virtual interface]=2.3828;GradientBoostedTreesGeneric [virtual interface]=4.6385;Generic slow engine=16.7690
spambase,Oblique,3,5,100,100,0.1,2.0,2.0,1000,Exact,3680,921,57,0.911,0.950054,0.140623,GradientBoostedTreesGeneric [virtual interface],1.7692,1.7692,4.8018,GradientBoostedTreesGeneric [virtual interface]=1.7692;Generic slow engine=4.8018
spambase,Oblique,4,5,100,98,0.1,2.0,2.0,1000,Exact,3680,921,57,1.403,0.959826,0.123256,GradientBoostedTreesGeneric [virtual interface],2.6955,2.6955,8.5015,GradientBoostedTreesGeneric [virtual interface]=2.6955;Generic slow engine=8.5015
spambase,Oblique,5,5,100,100,0.1,2.0,2.0,1000,Exact,3680,921,57,1.927,0.954397,0.118085,GradientBoostedTreesGeneric [virtual interface],4.0680,4.0680,12.8860,GradientBoostedTreesGeneric [virtual interface]=4.0680;Generic slow engine=12.8860
spambase,Oblique,6,5,100,91,0.1,2.0,2.0,1000,Exact,3680,921,57,2.612,0.957655,0.108682,GradientBoostedTreesGeneric [virtual interface],5.1475,5.1475,16.0920,GradientBoostedTreesGeneric [virtual interface]=5.1475;Generic slow engine=16.0920
spambase,Oblique,8,5,100,90,0.1,2.0,2.0,1000,Exact,3680,921,57,4.323,0.95874,0.113932,GradientBoostedTreesGeneric [virtual interface],8.6480,8.6480,26.0080,GradientBoostedTreesGeneric [virtual interface]=8.6480;Generic slow engine=26.0080
spambase,Axis Aligned,3,6,100,100,0.1,2.0,2.0,1000,Exact,3680,921,57,0.141,0.944625,0.165522,GradientBoostedTreesQuickScorerExtended [virtual interface],0.2142,1.1603,2.3302,GradientBoostedTreesQuickScorerExtended [virtual interface]=0.2142;GradientBoostedTreesOptPred [virtual interface]=0.5813;GradientBoostedTreesGeneric [virtual interface]=1.1603;Generic slow engine=2.3302
spambase,Axis Aligned,4,6,100,100,0.1,2.0,2.0,1000,Exact,3680,921,57,0.229,0.946797,0.150025,GradientBoostedTreesQuickScorerExtended [virtual interface],0.3347,1.5910,3.9728,GradientBoostedTreesQuickScorerExtended [virtual interface]=0.3347;GradientBoostedTreesOptPred [virtual interface]=0.7860;GradientBoostedTreesGeneric [virtual interface]=1.5910;Generic slow engine=3.9728
spambase,Axis Aligned,5,6,100,100,0.1,2.0,2.0,1000,Exact,3680,921,57,0.354,0.94354,0.14267,GradientBoostedTreesQuickScorerExtended [virtual interface],0.4632,2.0570,5.8470,GradientBoostedTreesQuickScorerExtended [virtual interface]=0.4632;GradientBoostedTreesOptPred [virtual interface]=0.9363;GradientBoostedTreesGeneric [virtual interface]=2.0570;Generic slow engine=5.8470
spambase,Axis Aligned,6,6,100,100,0.1,2.0,2.0,1000,Exact,3680,921,57,0.532,0.947883,0.136124,GradientBoostedTreesQuickScorerExtended [virtual interface],0.6100,2.5730,8.1033,GradientBoostedTreesQuickScorerExtended [virtual interface]=0.6100;GradientBoostedTreesOptPred [virtual interface]=1.1695;GradientBoostedTreesGeneric [virtual interface]=2.5730;Generic slow engine=8.1033
spambase,Axis Aligned,7,6,100,95,0.1,2.0,2.0,1000,Exact,3680,921,57,0.759,0.950054,0.133982,GradientBoostedTreesQuickScorerExtended [virtual interface],0.7612,2.9105,9.5450,GradientBoostedTreesQuickScorerExtended [virtual interface]=0.7612;GradientBoostedTreesOptPred [virtual interface]=1.4270;GradientBoostedTreesGeneric [virtual interface]=2.9105;Generic slow engine=9.5450
spambase,Axis Aligned,8,6,100,98,0.1,2.0,2.0,1000,Exact,3680,921,57,1.057,0.952226,0.133118,GradientBoostedTreesOptPred [virtual interface],1.7680,3.5370,12.2470,GradientBoostedTreesOptPred [virtual interface]=1.7680;GradientBoostedTreesGeneric [virtual interface]=3.5370;Generic slow engine=12.2470
spambase,Axis Aligned,10,6,100,100,0.1,2.0,2.0,1000,Exact,3680,921,57,1.742,0.945711,0.136125,GradientBoostedTreesOptPred [virtual interface],2.5753,4.9497,17.7160,GradientBoostedTreesOptPred [virtual interface]=2.5753;GradientBoostedTreesGeneric [virtual interface]=4.9497;Generic slow engine=17.7160
spambase,Oblique,3,6,100,100,0.1,2.0,2.0,1000,Exact,3680,921,57,0.907,0.946797,0.144872,GradientBoostedTreesGeneric [virtual interface],1.7795,1.7795,4.7988,GradientBoostedTreesGeneric [virtual interface]=1.7795;Generic slow engine=4.7988
spambase,Oblique,4,6,100,100,0.1,2.0,2.0,1000,Exact,3680,921,57,1.414,0.953312,0.134555,GradientBoostedTreesGeneric [virtual interface],2.8265,2.8265,8.7445,GradientBoostedTreesGeneric [virtual interface]=2.8265;Generic slow engine=8.7445
spambase,Oblique,5,6,100,100,0.1,2.0,2.0,1000,Exact,3680,921,57,1.950,0.947883,0.129937,GradientBoostedTreesGeneric [virtual interface],4.2530,4.2530,12.9570,GradientBoostedTreesGeneric [virtual interface]=4.2530;Generic slow engine=12.9570
spambase,Oblique,6,6,100,91,0.1,2.0,2.0,1000,Exact,3680,921,57,2.642,0.95114,0.129355,GradientBoostedTreesGeneric [virtual interface],5.3195,5.3195,16.3040,GradientBoostedTreesGeneric [virtual interface]=5.3195;Generic slow engine=16.3040
spambase,Oblique,8,6,100,94,0.1,2.0,2.0,1000,Exact,3680,921,57,4.369,0.954397,0.127765,GradientBoostedTreesGeneric [virtual interface],9.4623,9.4623,28.4290,GradientBoostedTreesGeneric [virtual interface]=9.4623;Generic slow engine=28.4290
spambase,Axis Aligned,3,7,100,100,0.1,2.0,2.0,1000,Exact,3680,921,57,0.138,0.931596,0.178008,GradientBoostedTreesQuickScorerExtended [virtual interface],0.2228,1.1945,2.2938,GradientBoostedTreesQuickScorerExtended [virtual interface]=0.2228;GradientBoostedTreesOptPred [virtual interface]=0.5962;GradientBoostedTreesGeneric [virtual interface]=1.1945;Generic slow engine=2.2938
spambase,Axis Aligned,4,7,100,100,0.1,2.0,2.0,1000,Exact,3680,921,57,0.228,0.939197,0.164524,GradientBoostedTreesQuickScorerExtended [virtual interface],0.3510,1.5980,4.0057,GradientBoostedTreesQuickScorerExtended [virtual interface]=0.3510;GradientBoostedTreesOptPred [virtual interface]=0.7885;GradientBoostedTreesGeneric [virtual interface]=1.5980;Generic slow engine=4.0057
spambase,Axis Aligned,5,7,100,100,0.1,2.0,2.0,1000,Exact,3680,921,57,0.354,0.944625,0.156327,GradientBoostedTreesQuickScorerExtended [virtual interface],0.4803,2.1175,5.8315,GradientBoostedTreesQuickScorerExtended [virtual interface]=0.4803;GradientBoostedTreesOptPred [virtual interface]=0.9728;GradientBoostedTreesGeneric [virtual interface]=2.1175;Generic slow engine=5.8315
spambase,Axis Aligned,6,7,100,81,0.1,2.0,2.0,1000,Exact,3680,921,57,0.510,0.939197,0.154592,GradientBoostedTreesQuickScorerExtended [virtual interface],0.6012,2.1395,6.5805,GradientBoostedTreesQuickScorerExtended [virtual interface]=0.6012;GradientBoostedTreesOptPred [virtual interface]=0.9735;GradientBoostedTreesGeneric [virtual interface]=2.1395;Generic slow engine=6.5805
spambase,Axis Aligned,7,7,100,97,0.1,2.0,2.0,1000,Exact,3680,921,57,0.731,0.942454,0.149687,GradientBoostedTreesQuickScorerExtended [virtual interface],0.8015,3.0242,9.7483,GradientBoostedTreesQuickScorerExtended [virtual interface]=0.8015;GradientBoostedTreesOptPred [virtual interface]=1.4945;GradientBoostedTreesGeneric [virtual interface]=3.0242;Generic slow engine=9.7483
spambase,Axis Aligned,8,7,100,88,0.1,2.0,2.0,1000,Exact,3680,921,57,1.026,0.944625,0.146904,GradientBoostedTreesOptPred [virtual interface],1.7015,3.3003,10.9690,GradientBoostedTreesOptPred [virtual interface]=1.7015;GradientBoostedTreesGeneric [virtual interface]=3.3003;Generic slow engine=10.9690
spambase,Axis Aligned,10,7,100,72,0.1,2.0,2.0,1000,Exact,3680,921,57,1.700,0.944625,0.148784,GradientBoostedTreesOptPred [virtual interface],1.8850,3.5925,12.8820,GradientBoostedTreesOptPred [virtual interface]=1.8850;GradientBoostedTreesGeneric [virtual interface]=3.5925;Generic slow engine=12.8820
spambase,Oblique,3,7,100,100,0.1,2.0,2.0,1000,Exact,3680,921,57,0.886,0.945711,0.158223,GradientBoostedTreesGeneric [virtual interface],1.8225,1.8225,4.7293,GradientBoostedTreesGeneric [virtual interface]=1.8225;Generic slow engine=4.7293
spambase,Oblique,4,7,100,96,0.1,2.0,2.0,1000,Exact,3680,921,57,1.403,0.946797,0.142987,GradientBoostedTreesGeneric [virtual interface],2.6467,2.6467,8.1835,GradientBoostedTreesGeneric [virtual interface]=2.6467;Generic slow engine=8.1835
spambase,Oblique,5,7,100,100,0.1,2.0,2.0,1000,Exact,3680,921,57,1.964,0.954397,0.131296,GradientBoostedTreesGeneric [virtual interface],4.1320,4.1320,12.7650,GradientBoostedTreesGeneric [virtual interface]=4.1320;Generic slow engine=12.7650
spambase,Oblique,6,7,100,99,0.1,2.0,2.0,1000,Exact,3680,921,57,2.691,0.948969,0.131782,GradientBoostedTreesGeneric [virtual interface],5.9575,5.9575,17.8770,GradientBoostedTreesGeneric [virtual interface]=5.9575;Generic slow engine=17.8770
spambase,Oblique,8,7,100,65,0.1,2.0,2.0,1000,Exact,3680,921,57,4.144,0.954397,0.124597,GradientBoostedTreesGeneric [virtual interface],5.7883,5.7883,17.8250,GradientBoostedTreesGeneric [virtual interface]=5.7883;Generic slow engine=17.8250
spambase,Axis Aligned,3,8,100,98,0.1,2.0,2.0,1000,Exact,3680,921,57,0.137,0.942454,0.156957,GradientBoostedTreesQuickScorerExtended [virtual interface],0.2228,1.1573,2.2723,GradientBoostedTreesQuickScorerExtended [virtual interface]=0.2228;GradientBoostedTreesOptPred [virtual interface]=0.5730;GradientBoostedTreesGeneric [virtual interface]=1.1573;Generic slow engine=2.2723
spambase,Axis Aligned,4,8,100,100,0.1,2.0,2.0,1000,Exact,3680,921,57,0.225,0.953312,0.135964,GradientBoostedTreesQuickScorerExtended [virtual interface],0.3322,1.5717,3.9613,GradientBoostedTreesQuickScorerExtended [virtual interface]=0.3322;GradientBoostedTreesOptPred [virtual interface]=0.7692;GradientBoostedTreesGeneric [virtual interface]=1.5717;Generic slow engine=3.9613
spambase,Axis Aligned,5,8,100,94,0.1,2.0,2.0,1000,Exact,3680,921,57,0.347,0.95114,0.132395,GradientBoostedTreesQuickScorerExtended [virtual interface],0.4572,1.9780,5.4763,GradientBoostedTreesQuickScorerExtended [virtual interface]=0.4572;GradientBoostedTreesOptPred [virtual interface]=0.9077;GradientBoostedTreesGeneric [virtual interface]=1.9780;Generic slow engine=5.4763
spambase,Axis Aligned,6,8,100,100,0.1,2.0,2.0,1000,Exact,3680,921,57,0.519,0.952226,0.125221,GradientBoostedTreesQuickScorerExtended [virtual interface],0.6160,2.5808,8.1208,GradientBoostedTreesQuickScorerExtended [virtual interface]=0.6160;GradientBoostedTreesOptPred [virtual interface]=1.1753;GradientBoostedTreesGeneric [virtual interface]=2.5808;Generic slow engine=8.1208
spambase,Axis Aligned,7,8,100,91,0.1,2.0,2.0,1000,Exact,3680,921,57,0.745,0.947883,0.125972,GradientBoostedTreesQuickScorerExtended [virtual interface],0.7618,2.7415,9.1818,GradientBoostedTreesQuickScorerExtended [virtual interface]=0.7618;GradientBoostedTreesOptPred [virtual interface]=1.3095;GradientBoostedTreesGeneric [virtual interface]=2.7415;Generic slow engine=9.1818
spambase,Axis Aligned,8,8,100,93,0.1,2.0,2.0,1000,Exact,3680,921,57,0.991,0.948969,0.125258,GradientBoostedTreesOptPred [virtual interface],1.6535,3.3607,11.4800,GradientBoostedTreesOptPred [virtual interface]=1.6535;GradientBoostedTreesGeneric [virtual interface]=3.3607;Generic slow engine=11.4800
spambase,Axis Aligned,10,8,100,65,0.1,2.0,2.0,1000,Exact,3680,921,57,1.636,0.948969,0.129181,GradientBoostedTreesOptPred [virtual interface],1.6490,3.1947,10.9810,GradientBoostedTreesOptPred [virtual interface]=1.6490;GradientBoostedTreesGeneric [virtual interface]=3.1947;Generic slow engine=10.9810
spambase,Oblique,3,8,100,100,0.1,2.0,2.0,1000,Exact,3680,921,57,0.894,0.952226,0.134997,GradientBoostedTreesGeneric [virtual interface],1.7975,1.7975,4.8208,GradientBoostedTreesGeneric [virtual interface]=1.7975;Generic slow engine=4.8208
spambase,Oblique,4,8,100,99,0.1,2.0,2.0,1000,Exact,3680,921,57,1.367,0.953312,0.123256,GradientBoostedTreesGeneric [virtual interface],2.7763,2.7763,8.6728,GradientBoostedTreesGeneric [virtual interface]=2.7763;Generic slow engine=8.6728
spambase,Oblique,5,8,100,100,0.1,2.0,2.0,1000,Exact,3680,921,57,1.941,0.95114,0.118,GradientBoostedTreesGeneric [virtual interface],4.1670,4.1670,12.8260,GradientBoostedTreesGeneric [virtual interface]=4.1670;Generic slow engine=12.8260
spambase,Oblique,6,8,100,77,0.1,2.0,2.0,1000,Exact,3680,921,57,2.653,0.954397,0.117526,GradientBoostedTreesGeneric [virtual interface],4.2268,4.2268,13.6280,GradientBoostedTreesGeneric [virtual interface]=4.2268;Generic slow engine=13.6280
spambase,Oblique,8,8,100,74,0.1,2.0,2.0,1000,Exact,3680,921,57,4.211,0.954397,0.117249,GradientBoostedTreesGeneric [virtual interface],6.6703,6.6703,21.0600,GradientBoostedTreesGeneric [virtual interface]=6.6703;Generic slow engine=21.0600
spambase,Axis Aligned,3,9,100,100,0.1,2.0,2.0,1000,Exact,3680,921,57,0.139,0.944625,0.147164,GradientBoostedTreesQuickScorerExtended [virtual interface],0.2082,1.1875,2.3113,GradientBoostedTreesQuickScorerExtended [virtual interface]=0.2082;GradientBoostedTreesOptPred [virtual interface]=0.5923;GradientBoostedTreesGeneric [virtual interface]=1.1875;Generic slow engine=2.3113
spambase,Axis Aligned,4,9,100,100,0.1,2.0,2.0,1000,Exact,3680,921,57,0.228,0.95114,0.12949,GradientBoostedTreesQuickScorerExtended [virtual interface],0.3350,1.6110,3.9345,GradientBoostedTreesQuickScorerExtended [virtual interface]=0.3350;GradientBoostedTreesOptPred [virtual interface]=0.7927;GradientBoostedTreesGeneric [virtual interface]=1.6110;Generic slow engine=3.9345
spambase,Axis Aligned,5,9,100,95,0.1,2.0,2.0,1000,Exact,3680,921,57,0.348,0.955483,0.124958,GradientBoostedTreesQuickScorerExtended [virtual interface],0.4482,2.0080,5.5145,GradientBoostedTreesQuickScorerExtended [virtual interface]=0.4482;GradientBoostedTreesOptPred [virtual interface]=0.9373;GradientBoostedTreesGeneric [virtual interface]=2.0080;Generic slow engine=5.5145
spambase,Axis Aligned,6,9,100,99,0.1,2.0,2.0,1000,Exact,3680,921,57,0.533,0.956569,0.119245,GradientBoostedTreesQuickScorerExtended [virtual interface],0.7565,2.6245,8.0150,GradientBoostedTreesQuickScorerExtended [virtual interface]=0.7565;GradientBoostedTreesOptPred [virtual interface]=1.2230;GradientBoostedTreesGeneric [virtual interface]=2.6245;Generic slow engine=8.0150
spambase,Axis Aligned,7,9,100,86,0.1,2.0,2.0,1000,Exact,3680,921,57,0.799,0.955483,0.121164,GradientBoostedTreesQuickScorerExtended [virtual interface],0.9113,2.7683,8.7330,GradientBoostedTreesQuickScorerExtended [virtual interface]=0.9113;GradientBoostedTreesOptPred [virtual interface]=1.4095;GradientBoostedTreesGeneric [virtual interface]=2.7683;Generic slow engine=8.7330
spambase,Axis Aligned,8,9,100,100,0.1,2.0,2.0,1000,Exact,3680,921,57,1.054,0.953312,0.121902,GradientBoostedTreesOptPred [virtual interface],1.9755,3.7728,12.6120,GradientBoostedTreesOptPred [virtual interface]=1.9755;GradientBoostedTreesGeneric [virtual interface]=3.7728;Generic slow engine=12.6120
spambase,Axis Aligned,10,9,100,64,0.1,2.0,2.0,1000,Exact,3680,921,57,1.733,0.955483,0.116598,GradientBoostedTreesOptPred [virtual interface],1.7235,3.2298,11.1900,GradientBoostedTreesOptPred [virtual interface]=1.7235;GradientBoostedTreesGeneric [virtual interface]=3.2298;Generic slow engine=11.1900
spambase,Oblique,3,9,100,98,0.1,2.0,2.0,1000,Exact,3680,921,57,0.899,0.955483,0.124479,GradientBoostedTreesGeneric [virtual interface],1.8160,1.8160,4.7473,GradientBoostedTreesGeneric [virtual interface]=1.8160;Generic slow engine=4.7473
spambase,Oblique,4,9,100,81,0.1,2.0,2.0,1000,Exact,3680,921,57,1.376,0.957655,0.114253,GradientBoostedTreesGeneric [virtual interface],2.2930,2.2930,7.4795,GradientBoostedTreesGeneric [virtual interface]=2.2930;Generic slow engine=7.4795
spambase,Oblique,5,9,100,100,0.1,2.0,2.0,1000,Exact,3680,921,57,1.950,0.961998,0.101733,GradientBoostedTreesGeneric [virtual interface],4.3518,4.3518,13.0980,GradientBoostedTreesGeneric [virtual interface]=4.3518;Generic slow engine=13.0980
spambase,Oblique,6,9,100,90,0.1,2.0,2.0,1000,Exact,3680,921,57,2.686,0.959826,0.0998488,GradientBoostedTreesGeneric [virtual interface],5.3925,5.3925,16.1280,GradientBoostedTreesGeneric [virtual interface]=5.3925;Generic slow engine=16.1280
spambase,Oblique,8,9,100,46,0.1,2.0,2.0,1000,Exact,3680,921,57,3.368,0.960912,0.108801,GradientBoostedTreesGeneric [virtual interface],3.7680,3.7680,12.2060,GradientBoostedTreesGeneric [virtual interface]=3.7680;Generic slow engine=12.2060
gisette,Axis Aligned,3,0,100,100,0.1,2.0,2.0,1000,Exact,5600,1400,5000,4.753,0.965,0.128813,GradientBoostedTreesOptPred [virtual interface],0.7388,1.3110,2.7568,GradientBoostedTreesOptPred [virtual interface]=0.7388;GradientBoostedTreesQuickScorerExtended [virtual interface]=0.7518;GradientBoostedTreesGeneric [virtual interface]=1.3110;Generic slow engine=2.7568
gisette,Axis Aligned,4,0,100,100,0.1,2.0,2.0,1000,Exact,5600,1400,5000,7.271,0.972143,0.0949884,GradientBoostedTreesOptPred [virtual interface],1.0795,1.9290,4.9770,GradientBoostedTreesOptPred [virtual interface]=1.0795;GradientBoostedTreesQuickScorerExtended [virtual interface]=1.8755;GradientBoostedTreesGeneric [virtual interface]=1.9290;Generic slow engine=4.9770
gisette,Axis Aligned,5,0,100,100,0.1,2.0,2.0,1000,Exact,5600,1400,5000,12.012,0.975,0.0779153,GradientBoostedTreesOptPred [virtual interface],1.3020,2.4548,7.7382,GradientBoostedTreesOptPred [virtual interface]=1.3020;GradientBoostedTreesGeneric [virtual interface]=2.4548;GradientBoostedTreesQuickScorerExtended [virtual interface]=3.2538;Generic slow engine=7.7382
gisette,Axis Aligned,6,0,100,100,0.1,2.0,2.0,1000,Exact,5600,1400,5000,21.918,0.977143,0.0683169,GradientBoostedTreesOptPred [virtual interface],1.6335,3.0762,11.4260,GradientBoostedTreesOptPred [virtual interface]=1.6335;GradientBoostedTreesGeneric [virtual interface]=3.0762;GradientBoostedTreesQuickScorerExtended [virtual interface]=5.7808;Generic slow engine=11.4260
gisette,Axis Aligned,7,0,100,100,0.1,2.0,2.0,1000,Exact,5600,1400,5000,34.714,0.975,0.0672639,GradientBoostedTreesOptPred [virtual interface],1.9798,3.6010,14.5430,GradientBoostedTreesOptPred [virtual interface]=1.9798;GradientBoostedTreesGeneric [virtual interface]=3.6010;GradientBoostedTreesQuickScorerExtended [virtual interface]=8.0815;Generic slow engine=14.5430
gisette,Axis Aligned,8,0,100,96,0.1,2.0,2.0,1000,Exact,5600,1400,5000,59.533,0.976429,0.065694,GradientBoostedTreesOptPred [virtual interface],2.2180,3.9930,17.3610,GradientBoostedTreesOptPred [virtual interface]=2.2180;GradientBoostedTreesGeneric [virtual interface]=3.9930;Generic slow engine=17.3610
gisette,Axis Aligned,10,0,100,78,0.1,2.0,2.0,1000,Exact,5600,1400,5000,107.287,0.972143,0.0780115,GradientBoostedTreesOptPred [virtual interface],2.1345,3.9723,20.7540,GradientBoostedTreesOptPred [virtual interface]=2.1345;GradientBoostedTreesGeneric [virtual interface]=3.9723;Generic slow engine=20.7540
gisette,Oblique,3,0,100,100,0.1,2.0,2.0,1000,Exact,5600,1400,5000,6.956,0.97,0.11369,GradientBoostedTreesGeneric [virtual interface],2.2393,2.2393,5.9115,GradientBoostedTreesGeneric [virtual interface]=2.2393;Generic slow engine=5.9115
gisette,Oblique,4,0,100,100,0.1,2.0,2.0,1000,Exact,5600,1400,5000,11.988,0.97,0.0878166,GradientBoostedTreesGeneric [virtual interface],3.5438,3.5438,11.5390,GradientBoostedTreesGeneric [virtual interface]=3.5438;Generic slow engine=11.5390
gisette,Oblique,5,0,100,100,0.1,2.0,2.0,1000,Exact,5600,1400,5000,21.107,0.976429,0.0735572,GradientBoostedTreesGeneric [virtual interface],5.2107,5.2107,17.2860,GradientBoostedTreesGeneric [virtual interface]=5.2107;Generic slow engine=17.2860
gisette,Oblique,6,0,100,100,0.1,2.0,2.0,1000,Exact,5600,1400,5000,34.861,0.973571,0.0698116,GradientBoostedTreesGeneric [virtual interface],7.4785,7.4785,31.0250,GradientBoostedTreesGeneric [virtual interface]=7.4785;Generic slow engine=31.0250
gisette,Oblique,8,0,100,100,0.1,2.0,2.0,1000,Exact,5600,1400,5000,94.021,0.975,0.0733309,GradientBoostedTreesGeneric [virtual interface],12.1390,12.1390,60.5550,GradientBoostedTreesGeneric [virtual interface]=12.1390;Generic slow engine=60.5550
gisette,Axis Aligned,3,1,100,100,0.1,2.0,2.0,1000,Exact,5600,1400,5000,4.792,0.956429,0.138793,GradientBoostedTreesOptPred [virtual interface],0.7538,1.3140,2.7645,GradientBoostedTreesOptPred [virtual interface]=0.7538;GradientBoostedTreesQuickScorerExtended [virtual interface]=0.7742;GradientBoostedTreesGeneric [virtual interface]=1.3140;Generic slow engine=2.7645
gisette,Axis Aligned,4,1,100,100,0.1,2.0,2.0,1000,Exact,5600,1400,5000,7.293,0.967857,0.0942331,GradientBoostedTreesOptPred [virtual interface],1.0348,1.8762,4.9573,GradientBoostedTreesOptPred [virtual interface]=1.0348;GradientBoostedTreesQuickScorerExtended [virtual interface]=1.8585;GradientBoostedTreesGeneric [virtual interface]=1.8762;Generic slow engine=4.9573
gisette,Axis Aligned,5,1,100,100,0.1,2.0,2.0,1000,Exact,5600,1400,5000,11.842,0.976429,0.0749267,GradientBoostedTreesOptPred [virtual interface],1.3145,2.4943,7.7420,GradientBoostedTreesOptPred [virtual interface]=1.3145;GradientBoostedTreesGeneric [virtual interface]=2.4943;GradientBoostedTreesQuickScorerExtended [virtual interface]=3.4185;Generic slow engine=7.7420
gisette,Axis Aligned,6,1,100,98,0.1,2.0,2.0,1000,Exact,5600,1400,5000,19.941,0.98,0.062891,GradientBoostedTreesOptPred [virtual interface],1.6165,3.0385,11.1960,GradientBoostedTreesOptPred [virtual interface]=1.6165;GradientBoostedTreesGeneric [virtual interface]=3.0385;GradientBoostedTreesQuickScorerExtended [virtual interface]=5.4340;Generic slow engine=11.1960
gisette,Axis Aligned,7,1,100,100,0.1,2.0,2.0,1000,Exact,5600,1400,5000,35.756,0.979286,0.0611137,GradientBoostedTreesOptPred [virtual interface],1.9872,3.6258,14.3940,GradientBoostedTreesOptPred [virtual interface]=1.9872;GradientBoostedTreesGeneric [virtual interface]=3.6258;GradientBoostedTreesQuickScorerExtended [virtual interface]=8.5665;Generic slow engine=14.3940
gisette,Axis Aligned,8,1,100,96,0.1,2.0,2.0,1000,Exact,5600,1400,5000,60.751,0.978571,0.0618606,GradientBoostedTreesOptPred [virtual interface],2.2985,4.1627,19.3560,GradientBoostedTreesOptPred [virtual interface]=2.2985;GradientBoostedTreesGeneric [virtual interface]=4.1627;Generic slow engine=19.3560
gisette,Axis Aligned,10,1,100,75,0.1,2.0,2.0,1000,Exact,5600,1400,5000,110.189,0.978571,0.0661911,GradientBoostedTreesOptPred [virtual interface],1.8333,3.4330,17.5630,GradientBoostedTreesOptPred [virtual interface]=1.8333;GradientBoostedTreesGeneric [virtual interface]=3.4330;Generic slow engine=17.5630
gisette,Oblique,3,1,100,100,0.1,2.0,2.0,1000,Exact,5600,1400,5000,6.632,0.963571,0.124198,GradientBoostedTreesGeneric [virtual interface],1.9145,1.9145,4.9783,GradientBoostedTreesGeneric [virtual interface]=1.9145;Generic slow engine=4.9783
gisette,Oblique,4,1,100,100,0.1,2.0,2.0,1000,Exact,5600,1400,5000,11.976,0.97,0.088829,GradientBoostedTreesGeneric [virtual interface],3.1358,3.1358,9.6130,GradientBoostedTreesGeneric [virtual interface]=3.1358;Generic slow engine=9.6130
gisette,Oblique,5,1,100,100,0.1,2.0,2.0,1000,Exact,5600,1400,5000,19.398,0.975,0.0750395,GradientBoostedTreesGeneric [virtual interface],4.5323,4.5323,14.6940,GradientBoostedTreesGeneric [virtual interface]=4.5323;Generic slow engine=14.6940
gisette,Oblique,6,1,100,100,0.1,2.0,2.0,1000,Exact,5600,1400,5000,35.791,0.977857,0.0656139,GradientBoostedTreesGeneric [virtual interface],6.5185,6.5185,25.0310,GradientBoostedTreesGeneric [virtual interface]=6.5185;Generic slow engine=25.0310
gisette,Oblique,8,1,100,84,0.1,2.0,2.0,1000,Exact,5600,1400,5000,86.311,0.977857,0.0657882,GradientBoostedTreesGeneric [virtual interface],8.6675,8.6675,36.6360,GradientBoostedTreesGeneric [virtual interface]=8.6675;Generic slow engine=36.6360
gisette,Axis Aligned,3,2,100,100,0.1,2.0,2.0,1000,Exact,5600,1400,5000,4.183,0.961429,0.136354,GradientBoostedTreesOptPred [virtual interface],0.5972,1.0873,2.3930,GradientBoostedTreesOptPred [virtual interface]=0.5972;GradientBoostedTreesQuickScorerExtended [virtual interface]=0.6853;GradientBoostedTreesGeneric [virtual interface]=1.0873;Generic slow engine=2.3930
gisette,Axis Aligned,4,2,100,100,0.1,2.0,2.0,1000,Exact,5600,1400,5000,6.469,0.970714,0.0958903,GradientBoostedTreesOptPred [virtual interface],0.8818,1.5893,4.3137,GradientBoostedTreesOptPred [virtual interface]=0.8818;GradientBoostedTreesGeneric [virtual interface]=1.5893;GradientBoostedTreesQuickScorerExtended [virtual interface]=1.6218;Generic slow engine=4.3137
gisette,Axis Aligned,5,2,100,100,0.1,2.0,2.0,1000,Exact,5600,1400,5000,10.988,0.975714,0.0818162,GradientBoostedTreesOptPred [virtual interface],1.1035,2.0850,6.6958,GradientBoostedTreesOptPred [virtual interface]=1.1035;GradientBoostedTreesGeneric [virtual interface]=2.0850;GradientBoostedTreesQuickScorerExtended [virtual interface]=2.9645;Generic slow engine=6.6958
gisette,Axis Aligned,6,2,100,100,0.1,2.0,2.0,1000,Exact,5600,1400,5000,19.111,0.975,0.0749973,GradientBoostedTreesOptPred [virtual interface],1.3498,2.5867,9.6952,GradientBoostedTreesOptPred [virtual interface]=1.3498;GradientBoostedTreesGeneric [virtual interface]=2.5867;GradientBoostedTreesQuickScorerExtended [virtual interface]=4.8833;Generic slow engine=9.6952
gisette,Axis Aligned,7,2,100,100,0.1,2.0,2.0,1000,Exact,5600,1400,5000,34.711,0.98,0.0675836,GradientBoostedTreesOptPred [virtual interface],1.8155,3.5428,13.9090,GradientBoostedTreesOptPred [virtual interface]=1.8155;GradientBoostedTreesGeneric [virtual interface]=3.5428;GradientBoostedTreesQuickScorerExtended [virtual interface]=7.5390;Generic slow engine=13.9090
gisette,Axis Aligned,8,2,100,100,0.1,2.0,2.0,1000,Exact,5600,1400,5000,55.247,0.977857,0.073345,GradientBoostedTreesOptPred [virtual interface],2.1220,3.7578,17.7020,GradientBoostedTreesOptPred [virtual interface]=2.1220;GradientBoostedTreesGeneric [virtual interface]=3.7578;Generic slow engine=17.7020
gisette,Axis Aligned,10,2,100,99,0.1,2.0,2.0,1000,Exact,5600,1400,5000,122.861,0.979286,0.0740363,GradientBoostedTreesOptPred [virtual interface],2.5947,4.7008,25.8490,GradientBoostedTreesOptPred [virtual interface]=2.5947;GradientBoostedTreesGeneric [virtual interface]=4.7008;Generic slow engine=25.8490
gisette,Oblique,3,2,100,100,0.1,2.0,2.0,1000,Exact,5600,1400,5000,6.594,0.967143,0.126879,GradientBoostedTreesGeneric [virtual interface],1.8738,1.8738,4.9315,GradientBoostedTreesGeneric [virtual interface]=1.8738;Generic slow engine=4.9315
gisette,Oblique,4,2,100,100,0.1,2.0,2.0,1000,Exact,5600,1400,5000,10.762,0.967857,0.095169,GradientBoostedTreesGeneric [virtual interface],3.1193,3.1193,9.6615,GradientBoostedTreesGeneric [virtual interface]=3.1193;Generic slow engine=9.6615
gisette,Oblique,5,2,100,100,0.1,2.0,2.0,1000,Exact,5600,1400,5000,18.446,0.973571,0.0808492,GradientBoostedTreesGeneric [virtual interface],4.5057,4.5057,14.6320,GradientBoostedTreesGeneric [virtual interface]=4.5057;Generic slow engine=14.6320
gisette,Oblique,6,2,100,100,0.1,2.0,2.0,1000,Exact,5600,1400,5000,36.846,0.977857,0.0696491,GradientBoostedTreesGeneric [virtual interface],6.5492,6.5492,23.7850,GradientBoostedTreesGeneric [virtual interface]=6.5492;Generic slow engine=23.7850
gisette,Oblique,8,2,100,100,0.1,2.0,2.0,1000,Exact,5600,1400,5000,91.500,0.977143,0.0691872,GradientBoostedTreesGeneric [virtual interface],10.4920,10.4920,48.2480,GradientBoostedTreesGeneric [virtual interface]=10.4920;Generic slow engine=48.2480
gisette,Axis Aligned,3,3,100,100,0.1,2.0,2.0,1000,Exact,5600,1400,5000,4.179,0.951429,0.151567,GradientBoostedTreesOptPred [virtual interface],0.6200,1.1113,2.3370,GradientBoostedTreesOptPred [virtual interface]=0.6200;GradientBoostedTreesQuickScorerExtended [virtual interface]=0.6390;GradientBoostedTreesGeneric [virtual interface]=1.1113;Generic slow engine=2.3370
gisette,Axis Aligned,4,3,100,100,0.1,2.0,2.0,1000,Exact,5600,1400,5000,6.354,0.965714,0.111807,GradientBoostedTreesOptPred [virtual interface],0.8708,1.5910,4.2092,GradientBoostedTreesOptPred [virtual interface]=0.8708;GradientBoostedTreesQuickScorerExtended [virtual interface]=1.4898;GradientBoostedTreesGeneric [virtual interface]=1.5910;Generic slow engine=4.2092
gisette,Axis Aligned,5,3,100,100,0.1,2.0,2.0,1000,Exact,5600,1400,5000,10.922,0.967857,0.090123,GradientBoostedTreesOptPred [virtual interface],1.1470,2.1440,6.8710,GradientBoostedTreesOptPred [virtual interface]=1.1470;GradientBoostedTreesGeneric [virtual interface]=2.1440;GradientBoostedTreesQuickScorerExtended [virtual interface]=2.9078;Generic slow engine=6.8710
gisette,Axis Aligned,6,3,100,100,0.1,2.0,2.0,1000,Exact,5600,1400,5000,19.578,0.970714,0.0830453,GradientBoostedTreesOptPred [virtual interface],1.3595,2.6027,9.6433,GradientBoostedTreesOptPred [virtual interface]=1.3595;GradientBoostedTreesGeneric [virtual interface]=2.6027;GradientBoostedTreesQuickScorerExtended [virtual interface]=4.6208;Generic slow engine=9.6433
gisette,Axis Aligned,7,3,100,100,0.1,2.0,2.0,1000,Exact,5600,1400,5000,35.185,0.971429,0.0875782,GradientBoostedTreesOptPred [virtual interface],1.7390,3.1273,12.6080,GradientBoostedTreesOptPred [virtual interface]=1.7390;GradientBoostedTreesGeneric [virtual interface]=3.1273;GradientBoostedTreesQuickScorerExtended [virtual interface]=7.3268;Generic slow engine=12.6080
gisette,Axis Aligned,8,3,100,68,0.1,2.0,2.0,1000,Exact,5600,1400,5000,55.277,0.971429,0.0897378,GradientBoostedTreesOptPred [virtual interface],1.5055,2.7870,12.0930,GradientBoostedTreesOptPred [virtual interface]=1.5055;GradientBoostedTreesGeneric [virtual interface]=2.7870;Generic slow engine=12.0930
gisette,Axis Aligned,10,3,100,90,0.1,2.0,2.0,1000,Exact,5600,1400,5000,113.023,0.971429,0.0965089,GradientBoostedTreesOptPred [virtual interface],2.6438,4.9070,24.6600,GradientBoostedTreesOptPred [virtual interface]=2.6438;GradientBoostedTreesGeneric [virtual interface]=4.9070;Generic slow engine=24.6600
gisette,Oblique,3,3,100,100,0.1,2.0,2.0,1000,Exact,5600,1400,5000,7.000,0.962143,0.133876,GradientBoostedTreesGeneric [virtual interface],2.2323,2.2323,5.6807,GradientBoostedTreesGeneric [virtual interface]=2.2323;Generic slow engine=5.6807
gisette,Oblique,4,3,100,100,0.1,2.0,2.0,1000,Exact,5600,1400,5000,11.913,0.967857,0.102979,GradientBoostedTreesGeneric [virtual interface],3.5667,3.5667,11.2380,GradientBoostedTreesGeneric [virtual interface]=3.5667;Generic slow engine=11.2380
gisette,Oblique,5,3,100,100,0.1,2.0,2.0,1000,Exact,5600,1400,5000,21.290,0.973571,0.0883985,GradientBoostedTreesGeneric [virtual interface],5.1547,5.1547,17.2870,GradientBoostedTreesGeneric [virtual interface]=5.1547;Generic slow engine=17.2870
gisette,Oblique,6,3,100,100,0.1,2.0,2.0,1000,Exact,5600,1400,5000,37.815,0.974286,0.0831939,GradientBoostedTreesGeneric [virtual interface],7.5810,7.5810,28.2270,GradientBoostedTreesGeneric [virtual interface]=7.5810;Generic slow engine=28.2270
gisette,Oblique,8,3,100,100,0.1,2.0,2.0,1000,Exact,5600,1400,5000,87.351,0.972143,0.0876266,GradientBoostedTreesGeneric [virtual interface],12.8520,12.8520,68.4710,GradientBoostedTreesGeneric [virtual interface]=12.8520;Generic slow engine=68.4710
gisette,Axis Aligned,3,4,100,100,0.1,2.0,2.0,1000,Exact,5600,1400,5000,4.745,0.965714,0.126723,GradientBoostedTreesQuickScorerExtended [virtual interface],0.7398,1.3433,2.7665,GradientBoostedTreesQuickScorerExtended [virtual interface]=0.7398;GradientBoostedTreesOptPred [virtual interface]=0.7590;GradientBoostedTreesGeneric [virtual interface]=1.3433;Generic slow engine=2.7665
gisette,Axis Aligned,4,4,100,100,0.1,2.0,2.0,1000,Exact,5600,1400,5000,7.244,0.972857,0.0920865,GradientBoostedTreesOptPred [virtual interface],1.0488,1.9035,4.9320,GradientBoostedTreesOptPred [virtual interface]=1.0488;GradientBoostedTreesQuickScorerExtended [virtual interface]=1.8540;GradientBoostedTreesGeneric [virtual interface]=1.9035;Generic slow engine=4.9320
gisette,Axis Aligned,5,4,100,100,0.1,2.0,2.0,1000,Exact,5600,1400,5000,12.084,0.975714,0.0728661,GradientBoostedTreesOptPred [virtual interface],1.3055,2.4758,7.8195,GradientBoostedTreesOptPred [virtual interface]=1.3055;GradientBoostedTreesGeneric [virtual interface]=2.4758;GradientBoostedTreesQuickScorerExtended [virtual interface]=3.2933;Generic slow engine=7.8195
gisette,Axis Aligned,6,4,100,100,0.1,2.0,2.0,1000,Exact,5600,1400,5000,20.508,0.975714,0.062669,GradientBoostedTreesOptPred [virtual interface],1.6253,3.0918,12.8860,GradientBoostedTreesOptPred [virtual interface]=1.6253;GradientBoostedTreesGeneric [virtual interface]=3.0918;GradientBoostedTreesQuickScorerExtended [virtual interface]=5.6433;Generic slow engine=12.8860
gisette,Axis Aligned,7,4,100,99,0.1,2.0,2.0,1000,Exact,5600,1400,5000,36.446,0.980714,0.0563265,GradientBoostedTreesOptPred [virtual interface],1.9718,3.5808,15.2130,GradientBoostedTreesOptPred [virtual interface]=1.9718;GradientBoostedTreesGeneric [virtual interface]=3.5808;GradientBoostedTreesQuickScorerExtended [virtual interface]=8.3680;Generic slow engine=15.2130
gisette,Axis Aligned,8,4,100,100,0.1,2.0,2.0,1000,Exact,5600,1400,5000,56.546,0.977857,0.0575789,GradientBoostedTreesOptPred [virtual interface],2.3755,4.2497,20.5960,GradientBoostedTreesOptPred [virtual interface]=2.3755;GradientBoostedTreesGeneric [virtual interface]=4.2497;Generic slow engine=20.5960
gisette,Axis Aligned,10,4,100,72,0.1,2.0,2.0,1000,Exact,5600,1400,5000,117.364,0.975714,0.062124,GradientBoostedTreesOptPred [virtual interface],2.0510,3.7415,24.7480,GradientBoostedTreesOptPred [virtual interface]=2.0510;GradientBoostedTreesGeneric [virtual interface]=3.7415;Generic slow engine=24.7480
gisette,Oblique,3,4,100,100,0.1,2.0,2.0,1000,Exact,5600,1400,5000,7.156,0.966429,0.119012,GradientBoostedTreesGeneric [virtual interface],2.2067,2.2067,6.0243,GradientBoostedTreesGeneric [virtual interface]=2.2067;Generic slow engine=6.0243
gisette,Oblique,4,4,100,100,0.1,2.0,2.0,1000,Exact,5600,1400,5000,12.305,0.975,0.0865881,GradientBoostedTreesGeneric [virtual interface],3.5428,3.5428,13.6470,GradientBoostedTreesGeneric [virtual interface]=3.5428;Generic slow engine=13.6470
gisette,Oblique,5,4,100,100,0.1,2.0,2.0,1000,Exact,5600,1400,5000,19.453,0.977143,0.073886,GradientBoostedTreesGeneric [virtual interface],5.2077,5.2077,18.8000,GradientBoostedTreesGeneric [virtual interface]=5.2077;Generic slow engine=18.8000
gisette,Oblique,6,4,100,99,0.1,2.0,2.0,1000,Exact,5600,1400,5000,33.326,0.976429,0.0636372,GradientBoostedTreesGeneric [virtual interface],7.7005,7.7005,34.5900,GradientBoostedTreesGeneric [virtual interface]=7.7005;Generic slow engine=34.5900
gisette,Oblique,8,4,100,85,0.1,2.0,2.0,1000,Exact,5600,1400,5000,94.514,0.976429,0.0600867,GradientBoostedTreesGeneric [virtual interface],10.2000,10.2000,41.9130,GradientBoostedTreesGeneric [virtual interface]=10.2000;Generic slow engine=41.9130
gisette,Axis Aligned,3,5,100,100,0.1,2.0,2.0,1000,Exact,5600,1400,5000,4.747,0.965714,0.129581,GradientBoostedTreesOptPred [virtual interface],0.7240,1.3057,2.7460,GradientBoostedTreesOptPred [virtual interface]=0.7240;GradientBoostedTreesQuickScorerExtended [virtual interface]=0.7835;GradientBoostedTreesGeneric [virtual interface]=1.3057;Generic slow engine=2.7460
gisette,Axis Aligned,4,5,100,100,0.1,2.0,2.0,1000,Exact,5600,1400,5000,7.192,0.98,0.0876247,GradientBoostedTreesOptPred [virtual interface],1.0257,1.8682,4.9985,GradientBoostedTreesOptPred [virtual interface]=1.0257;GradientBoostedTreesGeneric [virtual interface]=1.8682;GradientBoostedTreesQuickScorerExtended [virtual interface]=1.9650;Generic slow engine=4.9985
gisette,Axis Aligned,5,5,100,100,0.1,2.0,2.0,1000,Exact,5600,1400,5000,11.861,0.982143,0.0696349,GradientBoostedTreesOptPred [virtual interface],1.1422,2.1335,6.6135,GradientBoostedTreesOptPred [virtual interface]=1.1422;GradientBoostedTreesGeneric [virtual interface]=2.1335;GradientBoostedTreesQuickScorerExtended [virtual interface]=2.9130;Generic slow engine=6.6135
gisette,Axis Aligned,6,5,100,98,0.1,2.0,2.0,1000,Exact,5600,1400,5000,19.809,0.982143,0.0585181,GradientBoostedTreesOptPred [virtual interface],1.3290,2.5333,9.4358,GradientBoostedTreesOptPred [virtual interface]=1.3290;GradientBoostedTreesGeneric [virtual interface]=2.5333;GradientBoostedTreesQuickScorerExtended [virtual interface]=4.4813;Generic slow engine=9.4358
gisette,Axis Aligned,7,5,100,99,0.1,2.0,2.0,1000,Exact,5600,1400,5000,31.941,0.985714,0.0562429,GradientBoostedTreesOptPred [virtual interface],1.6365,3.0078,12.3550,GradientBoostedTreesOptPred [virtual interface]=1.6365;GradientBoostedTreesGeneric [virtual interface]=3.0078;GradientBoostedTreesQuickScorerExtended [virtual interface]=6.9998;Generic slow engine=12.3550
gisette,Axis Aligned,8,5,100,100,0.1,2.0,2.0,1000,Exact,5600,1400,5000,53.959,0.983571,0.0569191,GradientBoostedTreesOptPred [virtual interface],2.3040,4.1843,18.5260,GradientBoostedTreesOptPred [virtual interface]=2.3040;GradientBoostedTreesGeneric [virtual interface]=4.1843;Generic slow engine=18.5260
gisette,Axis Aligned,10,5,100,100,0.1,2.0,2.0,1000,Exact,5600,1400,5000,112.337,0.982857,0.0602577,GradientBoostedTreesOptPred [virtual interface],2.9245,5.4607,28.3060,GradientBoostedTreesOptPred [virtual interface]=2.9245;GradientBoostedTreesGeneric [virtual interface]=5.4607;Generic slow engine=28.3060
gisette,Oblique,3,5,100,100,0.1,2.0,2.0,1000,Exact,5600,1400,5000,6.825,0.969286,0.120298,GradientBoostedTreesGeneric [virtual interface],2.2010,2.2010,5.6640,GradientBoostedTreesGeneric [virtual interface]=2.2010;Generic slow engine=5.6640
gisette,Oblique,4,5,100,100,0.1,2.0,2.0,1000,Exact,5600,1400,5000,11.720,0.975,0.0869007,GradientBoostedTreesGeneric [virtual interface],3.6042,3.6042,11.2450,GradientBoostedTreesGeneric [virtual interface]=3.6042;Generic slow engine=11.2450
gisette,Oblique,5,5,100,100,0.1,2.0,2.0,1000,Exact,5600,1400,5000,20.396,0.979286,0.0664659,GradientBoostedTreesGeneric [virtual interface],5.3433,5.3433,18.1810,GradientBoostedTreesGeneric [virtual interface]=5.3433;Generic slow engine=18.1810
gisette,Oblique,6,5,100,100,0.1,2.0,2.0,1000,Exact,5600,1400,5000,33.622,0.982857,0.0573859,GradientBoostedTreesGeneric [virtual interface],6.5393,6.5393,24.3810,GradientBoostedTreesGeneric [virtual interface]=6.5393;Generic slow engine=24.3810
gisette,Oblique,8,5,100,98,0.1,2.0,2.0,1000,Exact,5600,1400,5000,88.310,0.982143,0.0537242,GradientBoostedTreesGeneric [virtual interface],10.2210,10.2210,45.7490,GradientBoostedTreesGeneric [virtual interface]=10.2210;Generic slow engine=45.7490
gisette,Axis Aligned,3,6,100,100,0.1,2.0,2.0,1000,Exact,5600,1400,5000,4.270,0.955,0.13664,GradientBoostedTreesOptPred [virtual interface],0.6360,1.1447,2.3687,GradientBoostedTreesOptPred [virtual interface]=0.6360;GradientBoostedTreesQuickScorerExtended [virtual interface]=0.6705;GradientBoostedTreesGeneric [virtual interface]=1.1447;Generic slow engine=2.3687
gisette,Axis Aligned,4,6,100,100,0.1,2.0,2.0,1000,Exact,5600,1400,5000,6.726,0.972143,0.0960535,GradientBoostedTreesOptPred [virtual interface],0.8975,1.6793,4.4538,GradientBoostedTreesOptPred [virtual interface]=0.8975;GradientBoostedTreesQuickScorerExtended [virtual interface]=1.5410;GradientBoostedTreesGeneric [virtual interface]=1.6793;Generic slow engine=4.4538
gisette,Axis Aligned,5,6,100,99,0.1,2.0,2.0,1000,Exact,5600,1400,5000,10.905,0.973571,0.0825616,GradientBoostedTreesOptPred [virtual interface],1.0900,2.0958,6.6463,GradientBoostedTreesOptPred [virtual interface]=1.0900;GradientBoostedTreesGeneric [virtual interface]=2.0958;GradientBoostedTreesQuickScorerExtended [virtual interface]=2.8578;Generic slow engine=6.6463
gisette,Axis Aligned,6,6,100,99,0.1,2.0,2.0,1000,Exact,5600,1400,5000,19.217,0.972143,0.0722425,GradientBoostedTreesOptPred [virtual interface],1.4255,2.6990,10.0610,GradientBoostedTreesOptPred [virtual interface]=1.4255;GradientBoostedTreesGeneric [virtual interface]=2.6990;GradientBoostedTreesQuickScorerExtended [virtual interface]=5.0682;Generic slow engine=10.0610
gisette,Axis Aligned,7,6,100,100,0.1,2.0,2.0,1000,Exact,5600,1400,5000,35.172,0.975,0.0702228,GradientBoostedTreesOptPred [virtual interface],1.9323,3.5020,18.5210,GradientBoostedTreesOptPred [virtual interface]=1.9323;GradientBoostedTreesGeneric [virtual interface]=3.5020;GradientBoostedTreesQuickScorerExtended [virtual interface]=8.1710;Generic slow engine=18.5210
gisette,Axis Aligned,8,6,100,100,0.1,2.0,2.0,1000,Exact,5600,1400,5000,53.611,0.976429,0.0684266,GradientBoostedTreesOptPred [virtual interface],2.0945,3.7365,17.7320,GradientBoostedTreesOptPred [virtual interface]=2.0945;GradientBoostedTreesGeneric [virtual interface]=3.7365;Generic slow engine=17.7320
gisette,Axis Aligned,10,6,100,85,0.1,2.0,2.0,1000,Exact,5600,1400,5000,119.446,0.976429,0.0749403,GradientBoostedTreesOptPred [virtual interface],2.1968,4.0245,22.5850,GradientBoostedTreesOptPred [virtual interface]=2.1968;GradientBoostedTreesGeneric [virtual interface]=4.0245;Generic slow engine=22.5850
gisette,Oblique,3,6,100,100,0.1,2.0,2.0,1000,Exact,5600,1400,5000,6.867,0.967143,0.122601,GradientBoostedTreesGeneric [virtual interface],1.9420,1.9420,5.3288,GradientBoostedTreesGeneric [virtual interface]=1.9420;Generic slow engine=5.3288
gisette,Oblique,4,6,100,100,0.1,2.0,2.0,1000,Exact,5600,1400,5000,11.296,0.971429,0.0951931,GradientBoostedTreesGeneric [virtual interface],3.1898,3.1898,13.9780,GradientBoostedTreesGeneric [virtual interface]=3.1898;Generic slow engine=13.9780
gisette,Oblique,5,6,100,100,0.1,2.0,2.0,1000,Exact,5600,1400,5000,19.841,0.975,0.0745121,GradientBoostedTreesGeneric [virtual interface],4.7973,4.7973,21.1910,GradientBoostedTreesGeneric [virtual interface]=4.7973;Generic slow engine=21.1910
gisette,Oblique,6,6,100,100,0.1,2.0,2.0,1000,Exact,5600,1400,5000,33.704,0.975714,0.0684452,GradientBoostedTreesGeneric [virtual interface],6.7690,6.7690,29.8880,GradientBoostedTreesGeneric [virtual interface]=6.7690;Generic slow engine=29.8880
gisette,Oblique,8,6,100,99,0.1,2.0,2.0,1000,Exact,5600,1400,5000,86.599,0.975,0.0677393,GradientBoostedTreesGeneric [virtual interface],10.8670,10.8670,58.1300,GradientBoostedTreesGeneric [virtual interface]=10.8670;Generic slow engine=58.1300
gisette,Axis Aligned,3,7,100,100,0.1,2.0,2.0,1000,Exact,5600,1400,5000,4.363,0.962857,0.13144,GradientBoostedTreesOptPred [virtual interface],0.6450,1.1787,2.4693,GradientBoostedTreesOptPred [virtual interface]=0.6450;GradientBoostedTreesQuickScorerExtended [virtual interface]=0.7270;GradientBoostedTreesGeneric [virtual interface]=1.1787;Generic slow engine=2.4693
gisette,Axis Aligned,4,7,100,100,0.1,2.0,2.0,1000,Exact,5600,1400,5000,6.650,0.971429,0.0971598,GradientBoostedTreesOptPred [virtual interface],0.9190,1.6703,4.4553,GradientBoostedTreesOptPred [virtual interface]=0.9190;GradientBoostedTreesQuickScorerExtended [virtual interface]=1.6635;GradientBoostedTreesGeneric [virtual interface]=1.6703;Generic slow engine=4.4553
gisette,Axis Aligned,5,7,100,100,0.1,2.0,2.0,1000,Exact,5600,1400,5000,11.359,0.975714,0.0775365,GradientBoostedTreesOptPred [virtual interface],1.1753,2.2090,7.0537,GradientBoostedTreesOptPred [virtual interface]=1.1753;GradientBoostedTreesGeneric [virtual interface]=2.2090;GradientBoostedTreesQuickScorerExtended [virtual interface]=3.0000;Generic slow engine=7.0537
gisette,Axis Aligned,6,7,100,100,0.1,2.0,2.0,1000,Exact,5600,1400,5000,19.424,0.973571,0.0719941,GradientBoostedTreesOptPred [virtual interface],1.4672,2.8043,10.1220,GradientBoostedTreesOptPred [virtual interface]=1.4672;GradientBoostedTreesGeneric [virtual interface]=2.8043;GradientBoostedTreesQuickScorerExtended [virtual interface]=4.9530;Generic slow engine=10.1220
gisette,Axis Aligned,7,7,100,100,0.1,2.0,2.0,1000,Exact,5600,1400,5000,34.547,0.974286,0.0677957,GradientBoostedTreesOptPred [virtual interface],1.8255,3.2280,16.3920,GradientBoostedTreesOptPred [virtual interface]=1.8255;GradientBoostedTreesGeneric [virtual interface]=3.2280;GradientBoostedTreesQuickScorerExtended [virtual interface]=7.9630;Generic slow engine=16.3920
gisette,Axis Aligned,8,7,100,99,0.1,2.0,2.0,1000,Exact,5600,1400,5000,52.215,0.974286,0.0738953,GradientBoostedTreesOptPred [virtual interface],1.9915,3.5960,16.0900,GradientBoostedTreesOptPred [virtual interface]=1.9915;GradientBoostedTreesGeneric [virtual interface]=3.5960;Generic slow engine=16.0900
gisette,Axis Aligned,10,7,100,81,0.1,2.0,2.0,1000,Exact,5600,1400,5000,107.132,0.974286,0.0721296,GradientBoostedTreesOptPred [virtual interface],2.0152,3.7298,19.5730,GradientBoostedTreesOptPred [virtual interface]=2.0152;GradientBoostedTreesGeneric [virtual interface]=3.7298;Generic slow engine=19.5730
gisette,Oblique,3,7,100,100,0.1,2.0,2.0,1000,Exact,5600,1400,5000,6.368,0.966429,0.124644,GradientBoostedTreesGeneric [virtual interface],1.9007,1.9007,4.9260,GradientBoostedTreesGeneric [virtual interface]=1.9007;Generic slow engine=4.9260
gisette,Oblique,4,7,100,100,0.1,2.0,2.0,1000,Exact,5600,1400,5000,11.252,0.975714,0.0912256,GradientBoostedTreesGeneric [virtual interface],3.0198,3.0198,9.4023,GradientBoostedTreesGeneric [virtual interface]=3.0198;Generic slow engine=9.4023
gisette,Oblique,5,7,100,100,0.1,2.0,2.0,1000,Exact,5600,1400,5000,19.343,0.976429,0.0761715,GradientBoostedTreesGeneric [virtual interface],4.4882,4.4882,14.5620,GradientBoostedTreesGeneric [virtual interface]=4.4882;Generic slow engine=14.5620
gisette,Oblique,6,7,100,100,0.1,2.0,2.0,1000,Exact,5600,1400,5000,34.311,0.974286,0.0697366,GradientBoostedTreesGeneric [virtual interface],6.6465,6.6465,24.5650,GradientBoostedTreesGeneric [virtual interface]=6.6465;Generic slow engine=24.5650
gisette,Oblique,8,7,100,100,0.1,2.0,2.0,1000,Exact,5600,1400,5000,81.971,0.972143,0.0733971,GradientBoostedTreesGeneric [virtual interface],10.5940,10.5940,47.7520,GradientBoostedTreesGeneric [virtual interface]=10.5940;Generic slow engine=47.7520
gisette,Axis Aligned,3,8,100,100,0.1,2.0,2.0,1000,Exact,5600,1400,5000,4.179,0.961429,0.133304,GradientBoostedTreesOptPred [virtual interface],0.6348,1.1550,2.3760,GradientBoostedTreesOptPred [virtual interface]=0.6348;GradientBoostedTreesQuickScorerExtended [virtual interface]=0.7275;GradientBoostedTreesGeneric [virtual interface]=1.1550;Generic slow engine=2.3760
gisette,Axis Aligned,4,8,100,100,0.1,2.0,2.0,1000,Exact,5600,1400,5000,6.607,0.972857,0.0936553,GradientBoostedTreesOptPred [virtual interface],0.8712,1.5853,4.3143,GradientBoostedTreesOptPred [virtual interface]=0.8712;GradientBoostedTreesQuickScorerExtended [virtual interface]=1.5117;GradientBoostedTreesGeneric [virtual interface]=1.5853;Generic slow engine=4.3143
gisette,Axis Aligned,5,8,100,100,0.1,2.0,2.0,1000,Exact,5600,1400,5000,11.155,0.977857,0.0726022,GradientBoostedTreesOptPred [virtual interface],1.0945,2.0848,6.8247,GradientBoostedTreesOptPred [virtual interface]=1.0945;GradientBoostedTreesGeneric [virtual interface]=2.0848;GradientBoostedTreesQuickScorerExtended [virtual interface]=2.8153;Generic slow engine=6.8247
gisette,Axis Aligned,6,8,100,98,0.1,2.0,2.0,1000,Exact,5600,1400,5000,19.941,0.972857,0.0646032,GradientBoostedTreesOptPred [virtual interface],1.3782,2.6225,9.5765,GradientBoostedTreesOptPred [virtual interface]=1.3782;GradientBoostedTreesGeneric [virtual interface]=2.6225;GradientBoostedTreesQuickScorerExtended [virtual interface]=4.8400;Generic slow engine=9.5765
gisette,Axis Aligned,7,8,100,83,0.1,2.0,2.0,1000,Exact,5600,1400,5000,34.997,0.971429,0.0680172,GradientBoostedTreesOptPred [virtual interface],1.4115,2.5970,10.3760,GradientBoostedTreesOptPred [virtual interface]=1.4115;GradientBoostedTreesGeneric [virtual interface]=2.5970;GradientBoostedTreesQuickScorerExtended [virtual interface]=6.7665;Generic slow engine=10.3760
gisette,Axis Aligned,8,8,100,89,0.1,2.0,2.0,1000,Exact,5600,1400,5000,57.123,0.972857,0.0630928,GradientBoostedTreesOptPred [virtual interface],1.7803,3.2288,14.1680,GradientBoostedTreesOptPred [virtual interface]=1.7803;GradientBoostedTreesGeneric [virtual interface]=3.2288;Generic slow engine=14.1680
gisette,Axis Aligned,10,8,100,69,0.1,2.0,2.0,1000,Exact,5600,1400,5000,107.311,0.976429,0.0674012,GradientBoostedTreesOptPred [virtual interface],1.6190,3.0343,16.1250,GradientBoostedTreesOptPred [virtual interface]=1.6190;GradientBoostedTreesGeneric [virtual interface]=3.0343;Generic slow engine=16.1250
gisette,Oblique,3,8,100,100,0.1,2.0,2.0,1000,Exact,5600,1400,5000,6.512,0.963571,0.123058,GradientBoostedTreesGeneric [virtual interface],1.8873,1.8873,4.9470,GradientBoostedTreesGeneric [virtual interface]=1.8873;Generic slow engine=4.9470
gisette,Oblique,4,8,100,100,0.1,2.0,2.0,1000,Exact,5600,1400,5000,11.918,0.966429,0.0900801,GradientBoostedTreesGeneric [virtual interface],3.0377,3.0377,9.9260,GradientBoostedTreesGeneric [virtual interface]=3.0377;Generic slow engine=9.9260
gisette,Oblique,5,8,100,98,0.1,2.0,2.0,1000,Exact,5600,1400,5000,18.947,0.975,0.0734311,GradientBoostedTreesGeneric [virtual interface],4.4665,4.4665,14.6220,GradientBoostedTreesGeneric [virtual interface]=4.4665;Generic slow engine=14.6220
gisette,Oblique,6,8,100,100,0.1,2.0,2.0,1000,Exact,5600,1400,5000,34.800,0.977143,0.0642412,GradientBoostedTreesGeneric [virtual interface],6.6590,6.6590,25.0850,GradientBoostedTreesGeneric [virtual interface]=6.6590;Generic slow engine=25.0850
gisette,Oblique,8,8,100,63,0.1,2.0,2.0,1000,Exact,5600,1400,5000,82.529,0.975714,0.0680037,GradientBoostedTreesGeneric [virtual interface],6.2363,6.2363,26.3680,GradientBoostedTreesGeneric [virtual interface]=6.2363;Generic slow engine=26.3680
gisette,Axis Aligned,3,9,100,100,0.1,2.0,2.0,1000,Exact,5600,1400,5000,4.279,0.963571,0.131418,GradientBoostedTreesOptPred [virtual interface],0.6590,1.1442,2.4323,GradientBoostedTreesOptPred [virtual interface]=0.6590;GradientBoostedTreesQuickScorerExtended [virtual interface]=0.7105;GradientBoostedTreesGeneric [virtual interface]=1.1442;Generic slow engine=2.4323
gisette,Axis Aligned,4,9,100,100,0.1,2.0,2.0,1000,Exact,5600,1400,5000,6.509,0.973571,0.0916581,GradientBoostedTreesOptPred [virtual interface],0.8855,1.6065,4.2760,GradientBoostedTreesOptPred [virtual interface]=0.8855;GradientBoostedTreesQuickScorerExtended [virtual interface]=1.5665;GradientBoostedTreesGeneric [virtual interface]=1.6065;Generic slow engine=4.2760
gisette,Axis Aligned,5,9,100,100,0.1,2.0,2.0,1000,Exact,5600,1400,5000,11.052,0.974286,0.0705438,GradientBoostedTreesOptPred [virtual interface],1.1233,2.1147,6.7630,GradientBoostedTreesOptPred [virtual interface]=1.1233;GradientBoostedTreesGeneric [virtual interface]=2.1147;GradientBoostedTreesQuickScorerExtended [virtual interface]=2.8043;Generic slow engine=6.7630
gisette,Axis Aligned,6,9,100,100,0.1,2.0,2.0,1000,Exact,5600,1400,5000,19.299,0.977143,0.0620012,GradientBoostedTreesOptPred [virtual interface],1.4440,2.6890,10.0360,GradientBoostedTreesOptPred [virtual interface]=1.4440;GradientBoostedTreesGeneric [virtual interface]=2.6890;GradientBoostedTreesQuickScorerExtended [virtual interface]=5.1255;Generic slow engine=10.0360
gisette,Axis Aligned,7,9,100,100,0.1,2.0,2.0,1000,Exact,5600,1400,5000,31.903,0.981429,0.0543936,GradientBoostedTreesOptPred [virtual interface],1.7480,3.1663,12.5500,GradientBoostedTreesOptPred [virtual interface]=1.7480;GradientBoostedTreesGeneric [virtual interface]=3.1663;GradientBoostedTreesQuickScorerExtended [virtual interface]=7.3762;Generic slow engine=12.5500
gisette,Axis Aligned,8,9,100,100,0.1,2.0,2.0,1000,Exact,5600,1400,5000,52.348,0.977857,0.0547031,GradientBoostedTreesOptPred [virtual interface],2.0065,3.6528,15.9650,GradientBoostedTreesOptPred [virtual interface]=2.0065;GradientBoostedTreesGeneric [virtual interface]=3.6528;Generic slow engine=15.9650
gisette,Axis Aligned,10,9,100,96,0.1,2.0,2.0,1000,Exact,5600,1400,5000,116.998,0.979286,0.0593861,GradientBoostedTreesOptPred [virtual interface],2.5953,4.6330,25.1630,GradientBoostedTreesOptPred [virtual interface]=2.5953;GradientBoostedTreesGeneric [virtual interface]=4.6330;Generic slow engine=25.1630
gisette,Oblique,3,9,100,100,0.1,2.0,2.0,1000,Exact,5600,1400,5000,6.454,0.967143,0.119828,GradientBoostedTreesGeneric [virtual interface],1.9835,1.9835,5.1552,GradientBoostedTreesGeneric [virtual interface]=1.9835;Generic slow engine=5.1552
gisette,Oblique,4,9,100,100,0.1,2.0,2.0,1000,Exact,5600,1400,5000,10.893,0.970714,0.0879084,GradientBoostedTreesGeneric [virtual interface],3.1707,3.1707,9.8430,GradientBoostedTreesGeneric [virtual interface]=3.1707;Generic slow engine=9.8430
gisette,Oblique,5,9,100,100,0.1,2.0,2.0,1000,Exact,5600,1400,5000,19.107,0.977143,0.0725305,GradientBoostedTreesGeneric [virtual interface],4.6113,4.6113,14.9690,GradientBoostedTreesGeneric [virtual interface]=4.6113;Generic slow engine=14.9690
gisette,Oblique,6,9,100,100,0.1,2.0,2.0,1000,Exact,5600,1400,5000,33.257,0.976429,0.060579,GradientBoostedTreesGeneric [virtual interface],6.8688,6.8688,25.1500,GradientBoostedTreesGeneric [virtual interface]=6.8688;Generic slow engine=25.1500
gisette,Oblique,8,9,100,98,0.1,2.0,2.0,1000,Exact,5600,1400,5000,86.728,0.977143,0.055234,GradientBoostedTreesGeneric [virtual interface],10.5120,10.5120,48.5560,GradientBoostedTreesGeneric [virtual interface]=10.5120;Generic slow engine=48.5560
mushroom,Axis Aligned,3,0,100,100,0.1,2.0,2.0,1000,Exact,6499,1625,22,0.100,0.995692,0.0215787,GradientBoostedTreesQuickScorerExtended [virtual interface],0.1782,0.7123,1.9805,GradientBoostedTreesQuickScorerExtended [virtual interface]=0.1782;GradientBoostedTreesOptPred [virtual interface]=0.2228;GradientBoostedTreesGeneric [virtual interface]=0.7123;Generic slow engine=1.9805
mushroom,Axis Aligned,4,0,100,100,0.1,2.0,2.0,1000,Exact,6499,1625,22,0.163,1.0,0.0029864,GradientBoostedTreesQuickScorerExtended [virtual interface],0.2765,1.0270,3.4640,GradientBoostedTreesQuickScorerExtended [virtual interface]=0.2765;GradientBoostedTreesOptPred [virtual interface]=0.3580;GradientBoostedTreesGeneric [virtual interface]=1.0270;Generic slow engine=3.4640
mushroom,Axis Aligned,5,0,100,100,0.1,2.0,2.0,1000,Exact,6499,1625,22,0.241,1.0,0.000708852,GradientBoostedTreesQuickScorerExtended [virtual interface],0.4830,1.4358,5.0433,GradientBoostedTreesQuickScorerExtended [virtual interface]=0.4830;GradientBoostedTreesOptPred [virtual interface]=0.5403;GradientBoostedTreesGeneric [virtual interface]=1.4358;Generic slow engine=5.0433
mushroom,Axis Aligned,6,0,100,100,0.1,2.0,2.0,1000,Exact,6499,1625,22,0.342,1.0,8.74672,GradientBoostedTreesOptPred [virtual interface],0.6368,1.8080,6.7823,GradientBoostedTreesOptPred [virtual interface]=0.6368;GradientBoostedTreesQuickScorerExtended [virtual interface]=0.6673;GradientBoostedTreesGeneric [virtual interface]=1.8080;Generic slow engine=6.7823
mushroom,Axis Aligned,7,0,100,100,0.1,2.0,2.0,1000,Exact,6499,1625,22,0.441,1.0,2.94595,GradientBoostedTreesOptPred [virtual interface],0.4888,1.6833,7.9082,GradientBoostedTreesOptPred [virtual interface]=0.4888;GradientBoostedTreesQuickScorerExtended [virtual interface]=0.7870;GradientBoostedTreesGeneric [virtual interface]=1.6833;Generic slow engine=7.9082
mushroom,Axis Aligned,8,0,100,100,0.1,2.0,2.0,1000,Exact,6499,1625,22,0.509,1.0,2.24837,GradientBoostedTreesOptPred [virtual interface],0.6532,1.9540,8.9543,GradientBoostedTreesOptPred [virtual interface]=0.6532;GradientBoostedTreesQuickScorerExtended [virtual interface]=0.8505;GradientBoostedTreesGeneric [virtual interface]=1.9540;Generic slow engine=8.9543
mushroom,Axis Aligned,10,0,100,100,0.1,2.0,2.0,1000,Exact,6499,1625,22,0.601,1.0,2.28324,GradientBoostedTreesOptPred [virtual interface],0.7265,1.9995,10.1660,GradientBoostedTreesOptPred [virtual interface]=0.7265;GradientBoostedTreesQuickScorerExtended [virtual interface]=0.9425;GradientBoostedTreesGeneric [virtual interface]=1.9995;Generic slow engine=10.1660
mushroom,Oblique,3,0,100,100,0.1,2.0,2.0,1000,Exact,6499,1625,22,0.536,1.0,0.0119658,GradientBoostedTreesGeneric [virtual interface],1.0953,1.0953,3.6000,GradientBoostedTreesGeneric [virtual interface]=1.0953;Generic slow engine=3.6000
mushroom,Oblique,4,0,100,100,0.1,2.0,2.0,1000,Exact,6499,1625,22,0.822,1.0,0.000904375,GradientBoostedTreesGeneric [virtual interface],1.7853,1.7853,6.5133,GradientBoostedTreesGeneric [virtual interface]=1.7853;Generic slow engine=6.5133
mushroom,Oblique,5,0,100,100,0.1,2.0,2.0,1000,Exact,6499,1625,22,1.151,1.0,4.94971,GradientBoostedTreesGeneric [virtual interface],2.8792,2.8792,9.7543,GradientBoostedTreesGeneric [virtual interface]=2.8792;Generic slow engine=9.7543
mushroom,Oblique,6,0,100,100,0.1,2.0,2.0,1000,Exact,6499,1625,22,1.540,1.0,2.39986,GradientBoostedTreesGeneric [virtual interface],3.8243,3.8243,13.3760,GradientBoostedTreesGeneric [virtual interface]=3.8243;Generic slow engine=13.3760
mushroom,Oblique,8,0,100,100,0.1,2.0,2.0,1000,Exact,6499,1625,22,2.260,1.0,2.39688,GradientBoostedTreesGeneric [virtual interface],5.3695,5.3695,19.2950,GradientBoostedTreesGeneric [virtual interface]=5.3695;Generic slow engine=19.2950
mushroom,Axis Aligned,3,1,100,100,0.1,2.0,2.0,1000,Exact,6499,1625,22,0.101,0.997538,0.0229915,GradientBoostedTreesQuickScorerExtended [virtual interface],0.1742,0.7565,2.0240,GradientBoostedTreesQuickScorerExtended [virtual interface]=0.1742;GradientBoostedTreesOptPred [virtual interface]=0.2273;GradientBoostedTreesGeneric [virtual interface]=0.7565;Generic slow engine=2.0240
mushroom,Axis Aligned,4,1,100,100,0.1,2.0,2.0,1000,Exact,6499,1625,22,0.163,1.0,0.00331343,GradientBoostedTreesQuickScorerExtended [virtual interface],0.2755,1.0377,3.4817,GradientBoostedTreesQuickScorerExtended [virtual interface]=0.2755;GradientBoostedTreesOptPred [virtual interface]=0.3553;GradientBoostedTreesGeneric [virtual interface]=1.0377;Generic slow engine=3.4817
mushroom,Axis Aligned,5,1,100,100,0.1,2.0,2.0,1000,Exact,6499,1625,22,0.250,1.0,0.000592723,GradientBoostedTreesQuickScorerExtended [virtual interface],0.4795,1.4530,4.9915,GradientBoostedTreesQuickScorerExtended [virtual interface]=0.4795;GradientBoostedTreesOptPred [virtual interface]=0.5222;GradientBoostedTreesGeneric [virtual interface]=1.4530;Generic slow engine=4.9915
mushroom,Axis Aligned,6,1,100,100,0.1,2.0,2.0,1000,Exact,6499,1625,22,0.374,1.0,6.56123,GradientBoostedTreesOptPred [virtual interface],0.5743,1.7937,7.3223,GradientBoostedTreesOptPred [virtual interface]=0.5743;GradientBoostedTreesQuickScorerExtended [virtual interface]=0.8870;GradientBoostedTreesGeneric [virtual interface]=1.7937;Generic slow engine=7.3223
mushroom,Axis Aligned,7,1,100,100,0.1,2.0,2.0,1000,Exact,6499,1625,22,0.445,1.0,3.43558,GradientBoostedTreesOptPred [virtual interface],0.5132,1.6985,8.2302,GradientBoostedTreesOptPred [virtual interface]=0.5132;GradientBoostedTreesQuickScorerExtended [virtual interface]=0.8798;GradientBoostedTreesGeneric [virtual interface]=1.6985;Generic slow engine=8.2302
mushroom,Axis Aligned,8,1,100,100,0.1,2.0,2.0,1000,Exact,6499,1625,22,0.496,1.0,2.24275,GradientBoostedTreesOptPred [virtual interface],0.6813,1.8873,8.7613,GradientBoostedTreesOptPred [virtual interface]=0.6813;GradientBoostedTreesQuickScorerExtended [virtual interface]=0.8085;GradientBoostedTreesGeneric [virtual interface]=1.8873;Generic slow engine=8.7613
mushroom,Axis Aligned,10,1,100,100,0.1,2.0,2.0,1000,Exact,6499,1625,22,0.584,1.0,2.27826,GradientBoostedTreesOptPred [virtual interface],0.7360,1.9858,9.6260,GradientBoostedTreesOptPred [virtual interface]=0.7360;GradientBoostedTreesQuickScorerExtended [virtual interface]=1.0268;GradientBoostedTreesGeneric [virtual interface]=1.9858;Generic slow engine=9.6260
mushroom,Oblique,3,1,100,100,0.1,2.0,2.0,1000,Exact,6499,1625,22,0.546,1.0,0.0106878,GradientBoostedTreesGeneric [virtual interface],1.1073,1.1073,3.6178,GradientBoostedTreesGeneric [virtual interface]=1.1073;Generic slow engine=3.6178
mushroom,Oblique,4,1,100,100,0.1,2.0,2.0,1000,Exact,6499,1625,22,0.801,1.0,0.00102097,GradientBoostedTreesGeneric [virtual interface],1.8405,1.8405,6.4270,GradientBoostedTreesGeneric [virtual interface]=1.8405;Generic slow engine=6.4270
mushroom,Oblique,5,1,100,100,0.1,2.0,2.0,1000,Exact,6499,1625,22,1.160,1.0,7.17507,GradientBoostedTreesGeneric [virtual interface],2.9370,2.9370,9.6602,GradientBoostedTreesGeneric [virtual interface]=2.9370;Generic slow engine=9.6602
mushroom,Oblique,6,1,100,100,0.1,2.0,2.0,1000,Exact,6499,1625,22,1.544,1.0,2.9532,GradientBoostedTreesGeneric [virtual interface],4.0862,4.0862,13.7890,GradientBoostedTreesGeneric [virtual interface]=4.0862;Generic slow engine=13.7890
mushroom,Oblique,8,1,100,100,0.1,2.0,2.0,1000,Exact,6499,1625,22,2.415,1.0,2.58317,GradientBoostedTreesGeneric [virtual interface],5.9330,5.9330,21.4420,GradientBoostedTreesGeneric [virtual interface]=5.9330;Generic slow engine=21.4420
mushroom,Axis Aligned,3,2,100,100,0.1,2.0,2.0,1000,Exact,6499,1625,22,0.100,1.0,0.019651,GradientBoostedTreesQuickScorerExtended [virtual interface],0.1782,0.7585,2.0192,GradientBoostedTreesQuickScorerExtended [virtual interface]=0.1782;GradientBoostedTreesOptPred [virtual interface]=0.2315;GradientBoostedTreesGeneric [virtual interface]=0.7585;Generic slow engine=2.0192
mushroom,Axis Aligned,4,2,100,100,0.1,2.0,2.0,1000,Exact,6499,1625,22,0.163,1.0,0.00263026,GradientBoostedTreesQuickScorerExtended [virtual interface],0.2755,1.0280,3.5112,GradientBoostedTreesQuickScorerExtended [virtual interface]=0.2755;GradientBoostedTreesOptPred [virtual interface]=0.3475;GradientBoostedTreesGeneric [virtual interface]=1.0280;Generic slow engine=3.5112
mushroom,Axis Aligned,5,2,100,100,0.1,2.0,2.0,1000,Exact,6499,1625,22,0.245,1.0,0.000520662,GradientBoostedTreesQuickScorerExtended [virtual interface],0.4585,1.4347,5.0213,GradientBoostedTreesQuickScorerExtended [virtual interface]=0.4585;GradientBoostedTreesOptPred [virtual interface]=0.5278;GradientBoostedTreesGeneric [virtual interface]=1.4347;Generic slow engine=5.0213
mushroom,Axis Aligned,6,2,100,100,0.1,2.0,2.0,1000,Exact,6499,1625,22,0.366,1.0,5.61926,GradientBoostedTreesOptPred [virtual interface],0.5343,1.7448,6.9793,GradientBoostedTreesOptPred [virtual interface]=0.5343;GradientBoostedTreesQuickScorerExtended [virtual interface]=0.8173;GradientBoostedTreesGeneric [virtual interface]=1.7448;Generic slow engine=6.9793
mushroom,Axis Aligned,7,2,100,100,0.1,2.0,2.0,1000,Exact,6499,1625,22,0.454,1.0,2.87167,GradientBoostedTreesOptPred [virtual interface],0.5095,1.6900,8.0515,GradientBoostedTreesOptPred [virtual interface]=0.5095;GradientBoostedTreesQuickScorerExtended [virtual interface]=0.9030;GradientBoostedTreesGeneric [virtual interface]=1.6900;Generic slow engine=8.0515
mushroom,Axis Aligned,8,2,100,100,0.1,2.0,2.0,1000,Exact,6499,1625,22,0.495,1.0,2.255,GradientBoostedTreesOptPred [virtual interface],0.6775,1.8688,8.8285,GradientBoostedTreesOptPred [virtual interface]=0.6775;GradientBoostedTreesQuickScorerExtended [virtual interface]=0.8762;GradientBoostedTreesGeneric [virtual interface]=1.8688;Generic slow engine=8.8285
mushroom,Axis Aligned,10,2,100,100,0.1,2.0,2.0,1000,Exact,6499,1625,22,0.573,1.0,2.26722,GradientBoostedTreesOptPred [virtual interface],0.7305,1.9710,9.5768,GradientBoostedTreesOptPred [virtual interface]=0.7305;GradientBoostedTreesQuickScorerExtended [virtual interface]=0.9080;GradientBoostedTreesGeneric [virtual interface]=1.9710;Generic slow engine=9.5768
mushroom,Oblique,3,2,100,100,0.1,2.0,2.0,1000,Exact,6499,1625,22,0.552,1.0,0.0124043,GradientBoostedTreesGeneric [virtual interface],1.0742,1.0742,3.6362,GradientBoostedTreesGeneric [virtual interface]=1.0742;Generic slow engine=3.6362
mushroom,Oblique,4,2,100,100,0.1,2.0,2.0,1000,Exact,6499,1625,22,0.807,1.0,0.000929075,GradientBoostedTreesGeneric [virtual interface],1.8055,1.8055,6.3848,GradientBoostedTreesGeneric [virtual interface]=1.8055;Generic slow engine=6.3848
mushroom,Oblique,5,2,100,100,0.1,2.0,2.0,1000,Exact,6499,1625,22,1.131,1.0,6.17469,GradientBoostedTreesGeneric [virtual interface],2.7418,2.7418,9.6025,GradientBoostedTreesGeneric [virtual interface]=2.7418;Generic slow engine=9.6025
mushroom,Oblique,6,2,100,100,0.1,2.0,2.0,1000,Exact,6499,1625,22,1.538,1.0,2.51079,GradientBoostedTreesGeneric [virtual interface],3.9280,3.9280,13.5540,GradientBoostedTreesGeneric [virtual interface]=3.9280;Generic slow engine=13.5540
mushroom,Oblique,8,2,100,100,0.1,2.0,2.0,1000,Exact,6499,1625,22,2.282,1.0,2.39689,GradientBoostedTreesGeneric [virtual interface],5.7200,5.7200,19.7330,GradientBoostedTreesGeneric [virtual interface]=5.7200;Generic slow engine=19.7330
mushroom,Axis Aligned,3,3,100,100,0.1,2.0,2.0,1000,Exact,6499,1625,22,0.100,0.997538,0.0210386,GradientBoostedTreesQuickScorerExtended [virtual interface],0.1860,0.7315,2.0088,GradientBoostedTreesQuickScorerExtended [virtual interface]=0.1860;GradientBoostedTreesOptPred [virtual interface]=0.2265;GradientBoostedTreesGeneric [virtual interface]=0.7315;Generic slow engine=2.0088
mushroom,Axis Aligned,4,3,100,100,0.1,2.0,2.0,1000,Exact,6499,1625,22,0.161,1.0,0.00317038,GradientBoostedTreesQuickScorerExtended [virtual interface],0.2642,1.0090,3.5130,GradientBoostedTreesQuickScorerExtended [virtual interface]=0.2642;GradientBoostedTreesOptPred [virtual interface]=0.3463;GradientBoostedTreesGeneric [virtual interface]=1.0090;Generic slow engine=3.5130
mushroom,Axis Aligned,5,3,100,100,0.1,2.0,2.0,1000,Exact,6499,1625,22,0.242,1.0,0.000745182,GradientBoostedTreesQuickScorerExtended [virtual interface],0.4607,1.4815,5.0103,GradientBoostedTreesQuickScorerExtended [virtual interface]=0.4607;GradientBoostedTreesOptPred [virtual interface]=0.5590;GradientBoostedTreesGeneric [virtual interface]=1.4815;Generic slow engine=5.0103
mushroom,Axis Aligned,6,3,100,100,0.1,2.0,2.0,1000,Exact,6499,1625,22,0.332,1.0,7.66466,GradientBoostedTreesOptPred [virtual interface],0.5467,1.6558,6.7778,GradientBoostedTreesOptPred [virtual interface]=0.5467;GradientBoostedTreesQuickScorerExtended [virtual interface]=0.6657;GradientBoostedTreesGeneric [virtual interface]=1.6558;Generic slow engine=6.7778
mushroom,Axis Aligned,7,3,100,100,0.1,2.0,2.0,1000,Exact,6499,1625,22,0.435,1.0,3.03525,GradientBoostedTreesOptPred [virtual interface],0.4980,1.6580,7.9945,GradientBoostedTreesOptPred [virtual interface]=0.4980;GradientBoostedTreesQuickScorerExtended [virtual interface]=0.8060;GradientBoostedTreesGeneric [virtual interface]=1.6580;Generic slow engine=7.9945
mushroom,Axis Aligned,8,3,100,100,0.1,2.0,2.0,1000,Exact,6499,1625,22,0.483,1.0,2.2215,GradientBoostedTreesOptPred [virtual interface],0.6627,1.8425,8.7025,GradientBoostedTreesOptPred [virtual interface]=0.6627;GradientBoostedTreesQuickScorerExtended [virtual interface]=0.7860;GradientBoostedTreesGeneric [virtual interface]=1.8425;Generic slow engine=8.7025
mushroom,Axis Aligned,10,3,100,100,0.1,2.0,2.0,1000,Exact,6499,1625,22,0.575,1.0,2.25277,GradientBoostedTreesOptPred [virtual interface],0.7230,1.9935,9.7395,GradientBoostedTreesOptPred [virtual interface]=0.7230;GradientBoostedTreesQuickScorerExtended [virtual interface]=0.8740;GradientBoostedTreesGeneric [virtual interface]=1.9935;Generic slow engine=9.7395
mushroom,Oblique,3,3,100,100,0.1,2.0,2.0,1000,Exact,6499,1625,22,0.543,1.0,0.0120769,GradientBoostedTreesGeneric [virtual interface],1.0675,1.0675,3.6430,GradientBoostedTreesGeneric [virtual interface]=1.0675;Generic slow engine=3.6430
mushroom,Oblique,4,3,100,100,0.1,2.0,2.0,1000,Exact,6499,1625,22,0.816,1.0,0.00109117,GradientBoostedTreesGeneric [virtual interface],1.8408,1.8408,6.3578,GradientBoostedTreesGeneric [virtual interface]=1.8408;Generic slow engine=6.3578
mushroom,Oblique,5,3,100,100,0.1,2.0,2.0,1000,Exact,6499,1625,22,1.167,1.0,5.19793,GradientBoostedTreesGeneric [virtual interface],2.8193,2.8193,9.6598,GradientBoostedTreesGeneric [virtual interface]=2.8193;Generic slow engine=9.6598
mushroom,Oblique,6,3,100,100,0.1,2.0,2.0,1000,Exact,6499,1625,22,1.548,1.0,2.76913,GradientBoostedTreesGeneric [virtual interface],3.8860,3.8860,13.7500,GradientBoostedTreesGeneric [virtual interface]=3.8860;Generic slow engine=13.7500
mushroom,Oblique,8,3,100,100,0.1,2.0,2.0,1000,Exact,6499,1625,22,2.394,1.0,2.49019,GradientBoostedTreesGeneric [virtual interface],5.6380,5.6380,20.2820,GradientBoostedTreesGeneric [virtual interface]=5.6380;Generic slow engine=20.2820
mushroom,Axis Aligned,3,4,100,100,0.1,2.0,2.0,1000,Exact,6499,1625,22,0.099,1.0,0.0190165,GradientBoostedTreesQuickScorerExtended [virtual interface],0.1815,0.7355,2.0350,GradientBoostedTreesQuickScorerExtended [virtual interface]=0.1815;GradientBoostedTreesOptPred [virtual interface]=0.2278;GradientBoostedTreesGeneric [virtual interface]=0.7355;Generic slow engine=2.0350
mushroom,Axis Aligned,4,4,100,100,0.1,2.0,2.0,1000,Exact,6499,1625,22,0.158,1.0,0.00389793,GradientBoostedTreesQuickScorerExtended [virtual interface],0.2825,1.0212,3.5257,GradientBoostedTreesQuickScorerExtended [virtual interface]=0.2825;GradientBoostedTreesOptPred [virtual interface]=0.3533;GradientBoostedTreesGeneric [virtual interface]=1.0212;Generic slow engine=3.5257
mushroom,Axis Aligned,5,4,100,100,0.1,2.0,2.0,1000,Exact,6499,1625,22,0.237,1.0,0.000696915,GradientBoostedTreesQuickScorerExtended [virtual interface],0.4577,1.3900,5.0060,GradientBoostedTreesQuickScorerExtended [virtual interface]=0.4577;GradientBoostedTreesOptPred [virtual interface]=0.5078;GradientBoostedTreesGeneric [virtual interface]=1.3900;Generic slow engine=5.0060
mushroom,Axis Aligned,6,4,100,100,0.1,2.0,2.0,1000,Exact,6499,1625,22,0.344,1.0,8.39926,GradientBoostedTreesOptPred [virtual interface],0.6008,1.7740,6.9043,GradientBoostedTreesOptPred [virtual interface]=0.6008;GradientBoostedTreesQuickScorerExtended [virtual interface]=0.7448;GradientBoostedTreesGeneric [virtual interface]=1.7740;Generic slow engine=6.9043
mushroom,Axis Aligned,7,4,100,100,0.1,2.0,2.0,1000,Exact,6499,1625,22,0.438,1.0,3.12302,GradientBoostedTreesOptPred [virtual interface],0.5162,1.6900,8.0762,GradientBoostedTreesOptPred [virtual interface]=0.5162;GradientBoostedTreesQuickScorerExtended [virtual interface]=0.7995;GradientBoostedTreesGeneric [virtual interface]=1.6900;Generic slow engine=8.0762
mushroom,Axis Aligned,8,4,100,100,0.1,2.0,2.0,1000,Exact,6499,1625,22,0.486,1.0,2.23741,GradientBoostedTreesOptPred [virtual interface],0.6338,1.8598,8.7530,GradientBoostedTreesOptPred [virtual interface]=0.6338;GradientBoostedTreesQuickScorerExtended [virtual interface]=0.9400;GradientBoostedTreesGeneric [virtual interface]=1.8598;Generic slow engine=8.7530
mushroom,Axis Aligned,10,4,100,100,0.1,2.0,2.0,1000,Exact,6499,1625,22,0.569,1.0,2.25698,GradientBoostedTreesOptPred [virtual interface],0.6915,1.9473,9.6185,GradientBoostedTreesOptPred [virtual interface]=0.6915;GradientBoostedTreesQuickScorerExtended [virtual interface]=0.8962;GradientBoostedTreesGeneric [virtual interface]=1.9473;Generic slow engine=9.6185
mushroom,Oblique,3,4,100,100,0.1,2.0,2.0,1000,Exact,6499,1625,22,0.528,1.0,0.0116041,GradientBoostedTreesGeneric [virtual interface],1.0825,1.0825,3.7483,GradientBoostedTreesGeneric [virtual interface]=1.0825;Generic slow engine=3.7483
mushroom,Oblique,4,4,100,100,0.1,2.0,2.0,1000,Exact,6499,1625,22,0.806,1.0,0.00096791,GradientBoostedTreesGeneric [virtual interface],1.8417,1.8417,6.5140,GradientBoostedTreesGeneric [virtual interface]=1.8417;Generic slow engine=6.5140
mushroom,Oblique,5,4,100,100,0.1,2.0,2.0,1000,Exact,6499,1625,22,1.146,1.0,5.44215,GradientBoostedTreesGeneric [virtual interface],2.9038,2.9038,9.7710,GradientBoostedTreesGeneric [virtual interface]=2.9038;Generic slow engine=9.7710
mushroom,Oblique,6,4,100,100,0.1,2.0,2.0,1000,Exact,6499,1625,22,1.530,1.0,2.60323,GradientBoostedTreesGeneric [virtual interface],3.9123,3.9123,13.4650,GradientBoostedTreesGeneric [virtual interface]=3.9123;Generic slow engine=13.4650
mushroom,Oblique,8,4,100,100,0.1,2.0,2.0,1000,Exact,6499,1625,22,2.246,1.0,2.38471,GradientBoostedTreesGeneric [virtual interface],5.6175,5.6175,19.1540,GradientBoostedTreesGeneric [virtual interface]=5.6175;Generic slow engine=19.1540
mushroom,Axis Aligned,3,5,100,100,0.1,2.0,2.0,1000,Exact,6499,1625,22,0.100,0.998769,0.0190637,GradientBoostedTreesQuickScorerExtended [virtual interface],0.1747,0.7605,2.0257,GradientBoostedTreesQuickScorerExtended [virtual interface]=0.1747;GradientBoostedTreesOptPred [virtual interface]=0.2300;GradientBoostedTreesGeneric [virtual interface]=0.7605;Generic slow engine=2.0257
mushroom,Axis Aligned,4,5,100,100,0.1,2.0,2.0,1000,Exact,6499,1625,22,0.161,1.0,0.00381002,GradientBoostedTreesQuickScorerExtended [virtual interface],0.2945,1.0295,3.4983,GradientBoostedTreesQuickScorerExtended [virtual interface]=0.2945;GradientBoostedTreesOptPred [virtual interface]=0.3558;GradientBoostedTreesGeneric [virtual interface]=1.0295;Generic slow engine=3.4983
mushroom,Axis Aligned,5,5,100,100,0.1,2.0,2.0,1000,Exact,6499,1625,22,0.242,1.0,0.000441771,GradientBoostedTreesQuickScorerExtended [virtual interface],0.4402,1.3805,5.0163,GradientBoostedTreesQuickScorerExtended [virtual interface]=0.4402;GradientBoostedTreesOptPred [virtual interface]=0.4995;GradientBoostedTreesGeneric [virtual interface]=1.3805;Generic slow engine=5.0163
mushroom,Axis Aligned,6,5,100,100,0.1,2.0,2.0,1000,Exact,6499,1625,22,0.381,1.0,5.24008,GradientBoostedTreesOptPred [virtual interface],0.5467,1.7790,6.9770,GradientBoostedTreesOptPred [virtual interface]=0.5467;GradientBoostedTreesQuickScorerExtended [virtual interface]=0.7648;GradientBoostedTreesGeneric [virtual interface]=1.7790;Generic slow engine=6.9770
mushroom,Axis Aligned,7,5,100,100,0.1,2.0,2.0,1000,Exact,6499,1625,22,0.459,1.0,3.66172,GradientBoostedTreesOptPred [virtual interface],0.6190,1.7945,8.2573,GradientBoostedTreesOptPred [virtual interface]=0.6190;GradientBoostedTreesQuickScorerExtended [virtual interface]=0.8075;GradientBoostedTreesGeneric [virtual interface]=1.7945;Generic slow engine=8.2573
mushroom,Axis Aligned,8,5,100,100,0.1,2.0,2.0,1000,Exact,6499,1625,22,0.487,1.0,2.2428,GradientBoostedTreesOptPred [virtual interface],0.6617,1.8428,8.6412,GradientBoostedTreesOptPred [virtual interface]=0.6617;GradientBoostedTreesQuickScorerExtended [virtual interface]=0.7950;GradientBoostedTreesGeneric [virtual interface]=1.8428;Generic slow engine=8.6412
mushroom,Axis Aligned,10,5,100,100,0.1,2.0,2.0,1000,Exact,6499,1625,22,0.568,1.0,2.26036,GradientBoostedTreesOptPred [virtual interface],0.6923,1.9603,9.6128,GradientBoostedTreesOptPred [virtual interface]=0.6923;GradientBoostedTreesQuickScorerExtended [virtual interface]=0.8485;GradientBoostedTreesGeneric [virtual interface]=1.9603;Generic slow engine=9.6128
mushroom,Oblique,3,5,100,100,0.1,2.0,2.0,1000,Exact,6499,1625,22,0.523,1.0,0.0134166,GradientBoostedTreesGeneric [virtual interface],1.0975,1.0975,3.6305,GradientBoostedTreesGeneric [virtual interface]=1.0975;Generic slow engine=3.6305
mushroom,Oblique,4,5,100,100,0.1,2.0,2.0,1000,Exact,6499,1625,22,0.805,1.0,0.000982477,GradientBoostedTreesGeneric [virtual interface],1.8770,1.8770,6.4315,GradientBoostedTreesGeneric [virtual interface]=1.8770;Generic slow engine=6.4315
mushroom,Oblique,5,5,100,100,0.1,2.0,2.0,1000,Exact,6499,1625,22,1.148,1.0,4.79293,GradientBoostedTreesGeneric [virtual interface],2.9367,2.9367,9.7510,GradientBoostedTreesGeneric [virtual interface]=2.9367;Generic slow engine=9.7510
mushroom,Oblique,6,5,100,100,0.1,2.0,2.0,1000,Exact,6499,1625,22,1.515,1.0,2.62507,GradientBoostedTreesGeneric [virtual interface],3.9620,3.9620,13.5780,GradientBoostedTreesGeneric [virtual interface]=3.9620;Generic slow engine=13.5780
mushroom,Oblique,8,5,100,100,0.1,2.0,2.0,1000,Exact,6499,1625,22,2.099,1.0,2.41417,GradientBoostedTreesGeneric [virtual interface],5.1093,5.1093,17.2670,GradientBoostedTreesGeneric [virtual interface]=5.1093;Generic slow engine=17.2670
mushroom,Axis Aligned,3,6,100,100,0.1,2.0,2.0,1000,Exact,6499,1625,22,0.100,0.998154,0.022823,GradientBoostedTreesQuickScorerExtended [virtual interface],0.1815,0.7578,2.0198,GradientBoostedTreesQuickScorerExtended [virtual interface]=0.1815;GradientBoostedTreesOptPred [virtual interface]=0.2340;GradientBoostedTreesGeneric [virtual interface]=0.7578;Generic slow engine=2.0198
mushroom,Axis Aligned,4,6,100,100,0.1,2.0,2.0,1000,Exact,6499,1625,22,0.157,1.0,0.00528953,GradientBoostedTreesQuickScorerExtended [virtual interface],0.2890,1.0440,3.4765,GradientBoostedTreesQuickScorerExtended [virtual interface]=0.2890;GradientBoostedTreesOptPred [virtual interface]=0.3655;GradientBoostedTreesGeneric [virtual interface]=1.0440;Generic slow engine=3.4765
mushroom,Axis Aligned,5,6,100,100,0.1,2.0,2.0,1000,Exact,6499,1625,22,0.247,1.0,0.000738544,GradientBoostedTreesQuickScorerExtended [virtual interface],0.4455,1.4832,5.0042,GradientBoostedTreesQuickScorerExtended [virtual interface]=0.4455;GradientBoostedTreesOptPred [virtual interface]=0.5533;GradientBoostedTreesGeneric [virtual interface]=1.4832;Generic slow engine=5.0042
mushroom,Axis Aligned,6,6,100,100,0.1,2.0,2.0,1000,Exact,6499,1625,22,0.347,1.0,0.000190754,GradientBoostedTreesOptPred [virtual interface],0.6583,1.8995,6.9860,GradientBoostedTreesOptPred [virtual interface]=0.6583;GradientBoostedTreesQuickScorerExtended [virtual interface]=0.6905;GradientBoostedTreesGeneric [virtual interface]=1.8995;Generic slow engine=6.9860
mushroom,Axis Aligned,7,6,100,100,0.1,2.0,2.0,1000,Exact,6499,1625,22,0.493,1.0,6.04512,GradientBoostedTreesOptPred [virtual interface],0.8223,1.9798,8.8580,GradientBoostedTreesOptPred [virtual interface]=0.8223;GradientBoostedTreesQuickScorerExtended [virtual interface]=1.0117;GradientBoostedTreesGeneric [virtual interface]=1.9798;Generic slow engine=8.8580
mushroom,Axis Aligned,8,6,100,100,0.1,2.0,2.0,1000,Exact,6499,1625,22,0.576,1.0,4.29305,GradientBoostedTreesOptPred [virtual interface],0.9425,2.1883,10.0960,GradientBoostedTreesOptPred [virtual interface]=0.9425;GradientBoostedTreesQuickScorerExtended [virtual interface]=1.1600;GradientBoostedTreesGeneric [virtual interface]=2.1883;Generic slow engine=10.0960
mushroom,Axis Aligned,10,6,100,100,0.1,2.0,2.0,1000,Exact,6499,1625,22,0.728,1.0,4.14378,GradientBoostedTreesOptPred [virtual interface],1.1255,2.4555,12.2050,GradientBoostedTreesOptPred [virtual interface]=1.1255;GradientBoostedTreesQuickScorerExtended [virtual interface]=1.2893;GradientBoostedTreesGeneric [virtual interface]=2.4555;Generic slow engine=12.2050
mushroom,Oblique,3,6,100,100,0.1,2.0,2.0,1000,Exact,6499,1625,22,0.535,1.0,0.0130697,GradientBoostedTreesGeneric [virtual interface],1.1170,1.1170,3.6638,GradientBoostedTreesGeneric [virtual interface]=1.1170;Generic slow engine=3.6638
mushroom,Oblique,4,6,100,100,0.1,2.0,2.0,1000,Exact,6499,1625,22,0.810,1.0,0.00134306,GradientBoostedTreesGeneric [virtual interface],1.8555,1.8555,6.5202,GradientBoostedTreesGeneric [virtual interface]=1.8555;Generic slow engine=6.5202
mushroom,Oblique,5,6,100,100,0.1,2.0,2.0,1000,Exact,6499,1625,22,1.134,1.0,5.74195,GradientBoostedTreesGeneric [virtual interface],2.7993,2.7993,9.6453,GradientBoostedTreesGeneric [virtual interface]=2.7993;Generic slow engine=9.6453
mushroom,Oblique,6,6,100,100,0.1,2.0,2.0,1000,Exact,6499,1625,22,1.525,1.0,2.8577,GradientBoostedTreesGeneric [virtual interface],3.9417,3.9417,13.8200,GradientBoostedTreesGeneric [virtual interface]=3.9417;Generic slow engine=13.8200
mushroom,Oblique,8,6,100,100,0.1,2.0,2.0,1000,Exact,6499,1625,22,2.527,1.0,2.71547,GradientBoostedTreesGeneric [virtual interface],6.0427,6.0427,22.4570,GradientBoostedTreesGeneric [virtual interface]=6.0427;Generic slow engine=22.4570
mushroom,Axis Aligned,3,7,100,100,0.1,2.0,2.0,1000,Exact,6499,1625,22,0.101,0.998154,0.0209917,GradientBoostedTreesQuickScorerExtended [virtual interface],0.1825,0.7475,1.9748,GradientBoostedTreesQuickScorerExtended [virtual interface]=0.1825;GradientBoostedTreesOptPred [virtual interface]=0.2295;GradientBoostedTreesGeneric [virtual interface]=0.7475;Generic slow engine=1.9748
mushroom,Axis Aligned,4,7,100,100,0.1,2.0,2.0,1000,Exact,6499,1625,22,0.159,1.0,0.00427898,GradientBoostedTreesQuickScorerExtended [virtual interface],0.3090,1.0232,3.4695,GradientBoostedTreesQuickScorerExtended [virtual interface]=0.3090;GradientBoostedTreesOptPred [virtual interface]=0.3660;GradientBoostedTreesGeneric [virtual interface]=1.0232;Generic slow engine=3.4695
mushroom,Axis Aligned,5,7,100,100,0.1,2.0,2.0,1000,Exact,6499,1625,22,0.242,1.0,0.000616769,GradientBoostedTreesQuickScorerExtended [virtual interface],0.4405,1.4060,5.0057,GradientBoostedTreesQuickScorerExtended [virtual interface]=0.4405;GradientBoostedTreesOptPred [virtual interface]=0.4828;GradientBoostedTreesGeneric [virtual interface]=1.4060;Generic slow engine=5.0057
mushroom,Axis Aligned,6,7,100,100,0.1,2.0,2.0,1000,Exact,6499,1625,22,0.374,1.0,5.55846,GradientBoostedTreesOptPred [virtual interface],0.5290,1.7538,6.9458,GradientBoostedTreesOptPred [virtual interface]=0.5290;GradientBoostedTreesQuickScorerExtended [virtual interface]=0.7625;GradientBoostedTreesGeneric [virtual interface]=1.7538;Generic slow engine=6.9458
mushroom,Axis Aligned,7,7,100,100,0.1,2.0,2.0,1000,Exact,6499,1625,22,0.430,1.0,3.12705,GradientBoostedTreesOptPred [virtual interface],0.5345,1.7203,8.1825,GradientBoostedTreesOptPred [virtual interface]=0.5345;GradientBoostedTreesQuickScorerExtended [virtual interface]=0.7937;GradientBoostedTreesGeneric [virtual interface]=1.7203;Generic slow engine=8.1825
mushroom,Axis Aligned,8,7,100,100,0.1,2.0,2.0,1000,Exact,6499,1625,22,0.495,1.0,2.20671,GradientBoostedTreesOptPred [virtual interface],0.7107,1.9358,8.7088,GradientBoostedTreesOptPred [virtual interface]=0.7107;GradientBoostedTreesQuickScorerExtended [virtual interface]=0.8305;GradientBoostedTreesGeneric [virtual interface]=1.9358;Generic slow engine=8.7088
mushroom,Axis Aligned,10,7,100,100,0.1,2.0,2.0,1000,Exact,6499,1625,22,0.583,1.0,2.24004,GradientBoostedTreesOptPred [virtual interface],0.8083,2.0673,10.0810,GradientBoostedTreesOptPred [virtual interface]=0.8083;GradientBoostedTreesQuickScorerExtended [virtual interface]=0.9183;GradientBoostedTreesGeneric [virtual interface]=2.0673;Generic slow engine=10.0810
mushroom,Oblique,3,7,100,100,0.1,2.0,2.0,1000,Exact,6499,1625,22,0.530,1.0,0.0151045,GradientBoostedTreesGeneric [virtual interface],1.1002,1.1002,3.6593,GradientBoostedTreesGeneric [virtual interface]=1.1002;Generic slow engine=3.6593
mushroom,Oblique,4,7,100,100,0.1,2.0,2.0,1000,Exact,6499,1625,22,0.807,1.0,0.00118247,GradientBoostedTreesGeneric [virtual interface],1.8195,1.8195,6.4715,GradientBoostedTreesGeneric [virtual interface]=1.8195;Generic slow engine=6.4715
mushroom,Oblique,5,7,100,100,0.1,2.0,2.0,1000,Exact,6499,1625,22,1.198,1.0,6.35469,GradientBoostedTreesGeneric [virtual interface],2.8723,2.8723,9.7620,GradientBoostedTreesGeneric [virtual interface]=2.8723;Generic slow engine=9.7620
mushroom,Oblique,6,7,100,100,0.1,2.0,2.0,1000,Exact,6499,1625,22,1.528,1.0,3.205,GradientBoostedTreesGeneric [virtual interface],3.8598,3.8598,13.5020,GradientBoostedTreesGeneric [virtual interface]=3.8598;Generic slow engine=13.5020
mushroom,Oblique,8,7,100,100,0.1,2.0,2.0,1000,Exact,6499,1625,22,2.326,1.0,2.57645,GradientBoostedTreesGeneric [virtual interface],5.7683,5.7683,20.2700,GradientBoostedTreesGeneric [virtual interface]=5.7683;Generic slow engine=20.2700
mushroom,Axis Aligned,3,8,100,100,0.1,2.0,2.0,1000,Exact,6499,1625,22,0.100,0.999385,0.0177365,GradientBoostedTreesQuickScorerExtended [virtual interface],0.1805,0.7525,2.0365,GradientBoostedTreesQuickScorerExtended [virtual interface]=0.1805;GradientBoostedTreesOptPred [virtual interface]=0.2293;GradientBoostedTreesGeneric [virtual interface]=0.7525;Generic slow engine=2.0365
mushroom,Axis Aligned,4,8,100,100,0.1,2.0,2.0,1000,Exact,6499,1625,22,0.160,1.0,0.00308016,GradientBoostedTreesQuickScorerExtended [virtual interface],0.2948,1.0043,3.5110,GradientBoostedTreesQuickScorerExtended [virtual interface]=0.2948;GradientBoostedTreesOptPred [virtual interface]=0.3427;GradientBoostedTreesGeneric [virtual interface]=1.0043;Generic slow engine=3.5110
mushroom,Axis Aligned,5,8,100,100,0.1,2.0,2.0,1000,Exact,6499,1625,22,0.239,1.0,0.000446825,GradientBoostedTreesQuickScorerExtended [virtual interface],0.4700,1.4050,4.8930,GradientBoostedTreesQuickScorerExtended [virtual interface]=0.4700;GradientBoostedTreesOptPred [virtual interface]=0.5080;GradientBoostedTreesGeneric [virtual interface]=1.4050;Generic slow engine=4.8930
mushroom,Axis Aligned,6,8,100,100,0.1,2.0,2.0,1000,Exact,6499,1625,22,0.367,1.0,4.53424,GradientBoostedTreesOptPred [virtual interface],0.5630,1.7470,7.0635,GradientBoostedTreesOptPred [virtual interface]=0.5630;GradientBoostedTreesQuickScorerExtended [virtual interface]=0.7240;GradientBoostedTreesGeneric [virtual interface]=1.7470;Generic slow engine=7.0635
mushroom,Axis Aligned,7,8,100,100,0.1,2.0,2.0,1000,Exact,6499,1625,22,0.446,1.0,2.83046,GradientBoostedTreesOptPred [virtual interface],0.5330,1.6918,8.1195,GradientBoostedTreesOptPred [virtual interface]=0.5330;GradientBoostedTreesQuickScorerExtended [virtual interface]=0.8592;GradientBoostedTreesGeneric [virtual interface]=1.6918;Generic slow engine=8.1195
mushroom,Axis Aligned,8,8,100,100,0.1,2.0,2.0,1000,Exact,6499,1625,22,0.491,1.0,2.23426,GradientBoostedTreesOptPred [virtual interface],0.6525,1.8798,8.9580,GradientBoostedTreesOptPred [virtual interface]=0.6525;GradientBoostedTreesQuickScorerExtended [virtual interface]=0.8438;GradientBoostedTreesGeneric [virtual interface]=1.8798;Generic slow engine=8.9580
mushroom,Axis Aligned,10,8,100,100,0.1,2.0,2.0,1000,Exact,6499,1625,22,0.574,1.0,2.25792,GradientBoostedTreesOptPred [virtual interface],0.6997,1.9755,9.8440,GradientBoostedTreesOptPred [virtual interface]=0.6997;GradientBoostedTreesQuickScorerExtended [virtual interface]=0.9070;GradientBoostedTreesGeneric [virtual interface]=1.9755;Generic slow engine=9.8440
mushroom,Oblique,3,8,100,100,0.1,2.0,2.0,1000,Exact,6499,1625,22,0.523,1.0,0.00987815,GradientBoostedTreesGeneric [virtual interface],1.0670,1.0670,3.6787,GradientBoostedTreesGeneric [virtual interface]=1.0670;Generic slow engine=3.6787
mushroom,Oblique,4,8,100,100,0.1,2.0,2.0,1000,Exact,6499,1625,22,0.818,1.0,0.000972496,GradientBoostedTreesGeneric [virtual interface],1.8448,1.8448,6.4765,GradientBoostedTreesGeneric [virtual interface]=1.8448;Generic slow engine=6.4765
mushroom,Oblique,5,8,100,100,0.1,2.0,2.0,1000,Exact,6499,1625,22,1.136,1.0,4.05412,GradientBoostedTreesGeneric [virtual interface],2.7525,2.7525,9.5783,GradientBoostedTreesGeneric [virtual interface]=2.7525;Generic slow engine=9.5783
mushroom,Oblique,6,8,100,100,0.1,2.0,2.0,1000,Exact,6499,1625,22,1.532,1.0,2.5521,GradientBoostedTreesGeneric [virtual interface],3.9255,3.9255,13.5150,GradientBoostedTreesGeneric [virtual interface]=3.9255;Generic slow engine=13.5150
mushroom,Oblique,8,8,100,100,0.1,2.0,2.0,1000,Exact,6499,1625,22,2.323,1.0,2.37679,GradientBoostedTreesGeneric [virtual interface],5.5505,5.5505,19.7970,GradientBoostedTreesGeneric [virtual interface]=5.5505;Generic slow engine=19.7970
mushroom,Axis Aligned,3,9,100,100,0.1,2.0,2.0,1000,Exact,6499,1625,22,0.100,1.0,0.0182259,GradientBoostedTreesQuickScorerExtended [virtual interface],0.1862,0.7555,2.0005,GradientBoostedTreesQuickScorerExtended [virtual interface]=0.1862;GradientBoostedTreesOptPred [virtual interface]=0.2308;GradientBoostedTreesGeneric [virtual interface]=0.7555;Generic slow engine=2.0005
mushroom,Axis Aligned,4,9,100,100,0.1,2.0,2.0,1000,Exact,6499,1625,22,0.162,1.0,0.00283932,GradientBoostedTreesQuickScorerExtended [virtual interface],0.2845,1.0305,3.4465,GradientBoostedTreesQuickScorerExtended [virtual interface]=0.2845;GradientBoostedTreesOptPred [virtual interface]=0.3725;GradientBoostedTreesGeneric [virtual interface]=1.0305;Generic slow engine=3.4465
mushroom,Axis Aligned,5,9,100,100,0.1,2.0,2.0,1000,Exact,6499,1625,22,0.243,1.0,0.000437791,GradientBoostedTreesQuickScorerExtended [virtual interface],0.4580,1.3787,4.9645,GradientBoostedTreesQuickScorerExtended [virtual interface]=0.4580;GradientBoostedTreesOptPred [virtual interface]=0.4755;GradientBoostedTreesGeneric [virtual interface]=1.3787;Generic slow engine=4.9645
mushroom,Axis Aligned,6,9,100,100,0.1,2.0,2.0,1000,Exact,6499,1625,22,0.380,1.0,4.86614,GradientBoostedTreesOptPred [virtual interface],0.5165,1.7515,7.0160,GradientBoostedTreesOptPred [virtual interface]=0.5165;GradientBoostedTreesQuickScorerExtended [virtual interface]=0.7957;GradientBoostedTreesGeneric [virtual interface]=1.7515;Generic slow engine=7.0160
mushroom,Axis Aligned,7,9,100,100,0.1,2.0,2.0,1000,Exact,6499,1625,22,0.440,1.0,3.13473,GradientBoostedTreesOptPred [virtual interface],0.5015,1.6955,7.9002,GradientBoostedTreesOptPred [virtual interface]=0.5015;GradientBoostedTreesQuickScorerExtended [virtual interface]=0.9718;GradientBoostedTreesGeneric [virtual interface]=1.6955;Generic slow engine=7.9002
mushroom,Axis Aligned,8,9,100,100,0.1,2.0,2.0,1000,Exact,6499,1625,22,0.490,1.0,2.24553,GradientBoostedTreesOptPred [virtual interface],0.7017,1.8728,8.9065,GradientBoostedTreesOptPred [virtual interface]=0.7017;GradientBoostedTreesQuickScorerExtended [virtual interface]=0.8197;GradientBoostedTreesGeneric [virtual interface]=1.8728;Generic slow engine=8.9065
mushroom,Axis Aligned,10,9,100,100,0.1,2.0,2.0,1000,Exact,6499,1625,22,0.572,1.0,2.24542,GradientBoostedTreesOptPred [virtual interface],0.7183,1.9485,9.1265,GradientBoostedTreesOptPred [virtual interface]=0.7183;GradientBoostedTreesQuickScorerExtended [virtual interface]=0.8705;GradientBoostedTreesGeneric [virtual interface]=1.9485;Generic slow engine=9.1265
mushroom,Oblique,3,9,100,100,0.1,2.0,2.0,1000,Exact,6499,1625,22,0.524,1.0,0.0145458,GradientBoostedTreesGeneric [virtual interface],1.0675,1.0675,3.6585,GradientBoostedTreesGeneric [virtual interface]=1.0675;Generic slow engine=3.6585
mushroom,Oblique,4,9,100,100,0.1,2.0,2.0,1000,Exact,6499,1625,22,0.794,1.0,0.00109349,GradientBoostedTreesGeneric [virtual interface],1.8715,1.8715,6.7782,GradientBoostedTreesGeneric [virtual interface]=1.8715;Generic slow engine=6.7782
mushroom,Oblique,5,9,100,100,0.1,2.0,2.0,1000,Exact,6499,1625,22,1.138,1.0,5.5792,GradientBoostedTreesGeneric [virtual interface],2.8843,2.8843,9.8897,GradientBoostedTreesGeneric [virtual interface]=2.8843;Generic slow engine=9.8897
mushroom,Oblique,6,9,100,100,0.1,2.0,2.0,1000,Exact,6499,1625,22,1.530,1.0,2.66519,GradientBoostedTreesGeneric [virtual interface],3.9420,3.9420,13.5010,GradientBoostedTreesGeneric [virtual interface]=3.9420;Generic slow engine=13.5010
mushroom,Oblique,8,9,100,100,0.1,2.0,2.0,1000,Exact,6499,1625,22,2.285,1.0,2.42926,GradientBoostedTreesGeneric [virtual interface],5.4635,5.4635,19.3050,GradientBoostedTreesGeneric [virtual interface]=5.4635;Generic slow engine=19.3050
phishing-websites,Axis Aligned,3,0,100,100,0.1,2.0,2.0,1000,Exact,8844,2211,30,0.160,0.929444,0.169054,GradientBoostedTreesQuickScorerExtended [virtual interface],0.2152,1.3237,2.0278,GradientBoostedTreesQuickScorerExtended [virtual interface]=0.2152;GradientBoostedTreesGeneric [virtual interface]=1.3237;Generic slow engine=2.0278
phishing-websites,Axis Aligned,4,0,100,100,0.1,2.0,2.0,1000,Exact,8844,2211,30,0.259,0.94663,0.142148,GradientBoostedTreesQuickScorerExtended [virtual interface],0.3603,1.9712,3.4965,GradientBoostedTreesQuickScorerExtended [virtual interface]=0.3603;GradientBoostedTreesGeneric [virtual interface]=1.9712;Generic slow engine=3.4965
phishing-websites,Axis Aligned,5,0,100,100,0.1,2.0,2.0,1000,Exact,8844,2211,30,0.383,0.957485,0.117703,GradientBoostedTreesQuickScorerExtended [virtual interface],0.5613,2.8022,5.1440,GradientBoostedTreesQuickScorerExtended [virtual interface]=0.5613;GradientBoostedTreesGeneric [virtual interface]=2.8022;Generic slow engine=5.1440
phishing-websites,Axis Aligned,6,0,100,100,0.1,2.0,2.0,1000,Exact,8844,2211,30,0.563,0.962913,0.0970347,GradientBoostedTreesQuickScorerExtended [virtual interface],0.8357,3.5360,7.3370,GradientBoostedTreesQuickScorerExtended [virtual interface]=0.8357;GradientBoostedTreesGeneric [virtual interface]=3.5360;Generic slow engine=7.3370
phishing-websites,Axis Aligned,7,0,100,100,0.1,2.0,2.0,1000,Exact,8844,2211,30,0.817,0.967436,0.0842918,GradientBoostedTreesQuickScorerExtended [virtual interface],1.1088,4.2335,10.2820,GradientBoostedTreesQuickScorerExtended [virtual interface]=1.1088;GradientBoostedTreesGeneric [virtual interface]=4.2335;Generic slow engine=10.2820
phishing-websites,Axis Aligned,8,0,100,100,0.1,2.0,2.0,1000,Exact,8844,2211,30,1.270,0.971958,0.0741127,GradientBoostedTreesGeneric [virtual interface],5.2725,5.2725,16.3710,GradientBoostedTreesGeneric [virtual interface]=5.2725;Generic slow engine=16.3710
phishing-websites,Axis Aligned,10,0,100,100,0.1,2.0,2.0,1000,Exact,8844,2211,30,2.767,0.971958,0.0688593,GradientBoostedTreesGeneric [virtual interface],7.3093,7.3093,35.0430,GradientBoostedTreesGeneric [virtual interface]=7.3093;Generic slow engine=35.0430
phishing-websites,Oblique,3,0,100,99,0.1,2.0,2.0,1000,Exact,8844,2211,30,1.087,0.94663,0.143078,GradientBoostedTreesGeneric [virtual interface],1.6175,1.6175,3.8180,GradientBoostedTreesGeneric [virtual interface]=1.6175;Generic slow engine=3.8180
phishing-websites,Oblique,4,0,100,100,0.1,2.0,2.0,1000,Exact,8844,2211,30,1.639,0.959747,0.1175,GradientBoostedTreesGeneric [virtual interface],2.6427,2.6427,7.2138,GradientBoostedTreesGeneric [virtual interface]=2.6427;Generic slow engine=7.2138
phishing-websites,Oblique,5,0,100,100,0.1,2.0,2.0,1000,Exact,8844,2211,30,2.283,0.966983,0.0952088,GradientBoostedTreesGeneric [virtual interface],3.9558,3.9558,10.9370,GradientBoostedTreesGeneric [virtual interface]=3.9558;Generic slow engine=10.9370
phishing-websites,Oblique,6,0,100,100,0.1,2.0,2.0,1000,Exact,8844,2211,30,3.036,0.970149,0.0805214,GradientBoostedTreesGeneric [virtual interface],5.5818,5.5818,15.6250,GradientBoostedTreesGeneric [virtual interface]=5.5818;Generic slow engine=15.6250
phishing-websites,Oblique,8,0,100,97,0.1,2.0,2.0,1000,Exact,8844,2211,30,5.027,0.971958,0.0704724,GradientBoostedTreesGeneric [virtual interface],8.9467,8.9467,28.0060,GradientBoostedTreesGeneric [virtual interface]=8.9467;Generic slow engine=28.0060
phishing-websites,Axis Aligned,3,1,100,100,0.1,2.0,2.0,1000,Exact,8844,2211,30,0.156,0.933062,0.161937,GradientBoostedTreesQuickScorerExtended [virtual interface],0.2052,1.2935,2.0227,GradientBoostedTreesQuickScorerExtended [virtual interface]=0.2052;GradientBoostedTreesGeneric [virtual interface]=1.2935;Generic slow engine=2.0227
phishing-websites,Axis Aligned,4,1,100,100,0.1,2.0,2.0,1000,Exact,8844,2211,30,0.251,0.947535,0.135119,GradientBoostedTreesQuickScorerExtended [virtual interface],0.3545,1.9550,3.5685,GradientBoostedTreesQuickScorerExtended [virtual interface]=0.3545;GradientBoostedTreesGeneric [virtual interface]=1.9550;Generic slow engine=3.5685
phishing-websites,Axis Aligned,5,1,100,100,0.1,2.0,2.0,1000,Exact,8844,2211,30,0.378,0.957033,0.114183,GradientBoostedTreesQuickScorerExtended [virtual interface],0.5917,2.7348,5.0755,GradientBoostedTreesQuickScorerExtended [virtual interface]=0.5917;GradientBoostedTreesGeneric [virtual interface]=2.7348;Generic slow engine=5.0755
phishing-websites,Axis Aligned,6,1,100,100,0.1,2.0,2.0,1000,Exact,8844,2211,30,0.548,0.962913,0.0991337,GradientBoostedTreesQuickScorerExtended [virtual interface],0.8568,3.5625,7.3995,GradientBoostedTreesQuickScorerExtended [virtual interface]=0.8568;GradientBoostedTreesGeneric [virtual interface]=3.5625;Generic slow engine=7.3995
phishing-websites,Axis Aligned,7,1,100,100,0.1,2.0,2.0,1000,Exact,8844,2211,30,0.817,0.966079,0.08525,GradientBoostedTreesQuickScorerExtended [virtual interface],1.1020,4.3170,10.4220,GradientBoostedTreesQuickScorerExtended [virtual interface]=1.1020;GradientBoostedTreesGeneric [virtual interface]=4.3170;Generic slow engine=10.4220
phishing-websites,Axis Aligned,8,1,100,100,0.1,2.0,2.0,1000,Exact,8844,2211,30,1.261,0.96834,0.0812633,GradientBoostedTreesGeneric [virtual interface],5.1750,5.1750,16.0140,GradientBoostedTreesGeneric [virtual interface]=5.1750;Generic slow engine=16.0140
phishing-websites,Axis Aligned,10,1,100,71,0.1,2.0,2.0,1000,Exact,8844,2211,30,2.681,0.968792,0.0800087,GradientBoostedTreesGeneric [virtual interface],4.6452,4.6452,18.5900,GradientBoostedTreesGeneric [virtual interface]=4.6452;Generic slow engine=18.5900
phishing-websites,Oblique,3,1,100,100,0.1,2.0,2.0,1000,Exact,8844,2211,30,1.069,0.945274,0.137708,GradientBoostedTreesGeneric [virtual interface],1.6055,1.6055,3.8685,GradientBoostedTreesGeneric [virtual interface]=1.6055;Generic slow engine=3.8685
phishing-websites,Oblique,4,1,100,100,0.1,2.0,2.0,1000,Exact,8844,2211,30,1.648,0.957938,0.111647,GradientBoostedTreesGeneric [virtual interface],2.5965,2.5965,7.2170,GradientBoostedTreesGeneric [virtual interface]=2.5965;Generic slow engine=7.2170
phishing-websites,Oblique,5,1,100,100,0.1,2.0,2.0,1000,Exact,8844,2211,30,2.288,0.96427,0.0953024,GradientBoostedTreesGeneric [virtual interface],4.0015,4.0015,10.9310,GradientBoostedTreesGeneric [virtual interface]=4.0015;Generic slow engine=10.9310
phishing-websites,Oblique,6,1,100,100,0.1,2.0,2.0,1000,Exact,8844,2211,30,3.040,0.967888,0.0828682,GradientBoostedTreesGeneric [virtual interface],5.5963,5.5963,15.6880,GradientBoostedTreesGeneric [virtual interface]=5.5963;Generic slow engine=15.6880
phishing-websites,Oblique,8,1,100,70,0.1,2.0,2.0,1000,Exact,8844,2211,30,5.077,0.969697,0.0780764,GradientBoostedTreesGeneric [virtual interface],5.7460,5.7460,17.5310,GradientBoostedTreesGeneric [virtual interface]=5.7460;Generic slow engine=17.5310
phishing-websites,Axis Aligned,3,2,100,100,0.1,2.0,2.0,1000,Exact,8844,2211,30,0.156,0.941655,0.144291,GradientBoostedTreesQuickScorerExtended [virtual interface],0.2045,1.3097,2.0078,GradientBoostedTreesQuickScorerExtended [virtual interface]=0.2045;GradientBoostedTreesGeneric [virtual interface]=1.3097;Generic slow engine=2.0078
phishing-websites,Axis Aligned,4,2,100,100,0.1,2.0,2.0,1000,Exact,8844,2211,30,0.252,0.954319,0.121505,GradientBoostedTreesQuickScorerExtended [virtual interface],0.4695,1.9513,3.4965,GradientBoostedTreesQuickScorerExtended [virtual interface]=0.4695;GradientBoostedTreesGeneric [virtual interface]=1.9513;Generic slow engine=3.4965
phishing-websites,Axis Aligned,5,2,100,100,0.1,2.0,2.0,1000,Exact,8844,2211,30,0.380,0.961104,0.104992,GradientBoostedTreesQuickScorerExtended [virtual interface],0.5377,2.7837,5.1290,GradientBoostedTreesQuickScorerExtended [virtual interface]=0.5377;GradientBoostedTreesGeneric [virtual interface]=2.7837;Generic slow engine=5.1290
phishing-websites,Axis Aligned,6,2,100,100,0.1,2.0,2.0,1000,Exact,8844,2211,30,0.555,0.96834,0.0917233,GradientBoostedTreesQuickScorerExtended [virtual interface],0.8103,3.5895,7.3720,GradientBoostedTreesQuickScorerExtended [virtual interface]=0.8103;GradientBoostedTreesGeneric [virtual interface]=3.5895;Generic slow engine=7.3720
phishing-websites,Axis Aligned,7,2,100,99,0.1,2.0,2.0,1000,Exact,8844,2211,30,0.820,0.970602,0.0802479,GradientBoostedTreesQuickScorerExtended [virtual interface],1.0935,4.3338,10.0910,GradientBoostedTreesQuickScorerExtended [virtual interface]=1.0935;GradientBoostedTreesGeneric [virtual interface]=4.3338;Generic slow engine=10.0910
phishing-websites,Axis Aligned,8,2,100,100,0.1,2.0,2.0,1000,Exact,8844,2211,30,1.217,0.975124,0.069985,GradientBoostedTreesGeneric [virtual interface],5.1098,5.1098,16.1680,GradientBoostedTreesGeneric [virtual interface]=5.1098;Generic slow engine=16.1680
phishing-websites,Axis Aligned,10,2,100,84,0.1,2.0,2.0,1000,Exact,8844,2211,30,2.712,0.975577,0.0657087,GradientBoostedTreesGeneric [virtual interface],5.9005,5.9005,26.4330,GradientBoostedTreesGeneric [virtual interface]=5.9005;Generic slow engine=26.4330
phishing-websites,Oblique,3,2,100,100,0.1,2.0,2.0,1000,Exact,8844,2211,30,1.050,0.953415,0.122564,GradientBoostedTreesGeneric [virtual interface],1.6475,1.6475,3.8705,GradientBoostedTreesGeneric [virtual interface]=1.6475;Generic slow engine=3.8705
phishing-websites,Oblique,4,2,100,100,0.1,2.0,2.0,1000,Exact,8844,2211,30,1.615,0.967436,0.103152,GradientBoostedTreesGeneric [virtual interface],2.5522,2.5522,7.1798,GradientBoostedTreesGeneric [virtual interface]=2.5522;Generic slow engine=7.1798
phishing-websites,Oblique,5,2,100,100,0.1,2.0,2.0,1000,Exact,8844,2211,30,2.274,0.971054,0.0875868,GradientBoostedTreesGeneric [virtual interface],3.8150,3.8150,10.9710,GradientBoostedTreesGeneric [virtual interface]=3.8150;Generic slow engine=10.9710
phishing-websites,Oblique,6,2,100,100,0.1,2.0,2.0,1000,Exact,8844,2211,30,3.028,0.973315,0.0742976,GradientBoostedTreesGeneric [virtual interface],5.5008,5.5008,15.5810,GradientBoostedTreesGeneric [virtual interface]=5.5008;Generic slow engine=15.5810
phishing-websites,Oblique,8,2,100,95,0.1,2.0,2.0,1000,Exact,8844,2211,30,5.033,0.97422,0.064798,GradientBoostedTreesGeneric [virtual interface],8.3938,8.3938,26.4330,GradientBoostedTreesGeneric [virtual interface]=8.3938;Generic slow engine=26.4330
phishing-websites,Axis Aligned,3,3,100,100,0.1,2.0,2.0,1000,Exact,8844,2211,30,0.158,0.934419,0.155912,GradientBoostedTreesQuickScorerExtended [virtual interface],0.2072,1.3365,2.0090,GradientBoostedTreesQuickScorerExtended [virtual interface]=0.2072;GradientBoostedTreesGeneric [virtual interface]=1.3365;Generic slow engine=2.0090
phishing-websites,Axis Aligned,4,3,100,100,0.1,2.0,2.0,1000,Exact,8844,2211,30,0.252,0.94844,0.129613,GradientBoostedTreesQuickScorerExtended [virtual interface],0.3515,1.9812,3.4278,GradientBoostedTreesQuickScorerExtended [virtual interface]=0.3515;GradientBoostedTreesGeneric [virtual interface]=1.9812;Generic slow engine=3.4278
phishing-websites,Axis Aligned,5,3,100,100,0.1,2.0,2.0,1000,Exact,8844,2211,30,0.380,0.954319,0.110786,GradientBoostedTreesQuickScorerExtended [virtual interface],0.5417,2.7760,5.3297,GradientBoostedTreesQuickScorerExtended [virtual interface]=0.5417;GradientBoostedTreesGeneric [virtual interface]=2.7760;Generic slow engine=5.3297
phishing-websites,Axis Aligned,6,3,100,100,0.1,2.0,2.0,1000,Exact,8844,2211,30,0.557,0.964722,0.09306,GradientBoostedTreesQuickScorerExtended [virtual interface],0.8522,3.5570,7.5020,GradientBoostedTreesQuickScorerExtended [virtual interface]=0.8522;GradientBoostedTreesGeneric [virtual interface]=3.5570;Generic slow engine=7.5020
phishing-websites,Axis Aligned,7,3,100,100,0.1,2.0,2.0,1000,Exact,8844,2211,30,0.829,0.970149,0.080689,GradientBoostedTreesQuickScorerExtended [virtual interface],1.1182,4.2030,10.6750,GradientBoostedTreesQuickScorerExtended [virtual interface]=1.1182;GradientBoostedTreesGeneric [virtual interface]=4.2030;Generic slow engine=10.6750
phishing-websites,Axis Aligned,8,3,100,100,0.1,2.0,2.0,1000,Exact,8844,2211,30,1.216,0.970149,0.0722416,GradientBoostedTreesGeneric [virtual interface],5.1080,5.1080,15.3180,GradientBoostedTreesGeneric [virtual interface]=5.1080;Generic slow engine=15.3180
phishing-websites,Axis Aligned,10,3,100,88,0.1,2.0,2.0,1000,Exact,8844,2211,30,2.851,0.970602,0.0659347,GradientBoostedTreesGeneric [virtual interface],6.3798,6.3798,27.6600,GradientBoostedTreesGeneric [virtual interface]=6.3798;Generic slow engine=27.6600
phishing-websites,Oblique,3,3,100,100,0.1,2.0,2.0,1000,Exact,8844,2211,30,1.069,0.950249,0.13064,GradientBoostedTreesGeneric [virtual interface],1.6193,1.6193,3.8127,GradientBoostedTreesGeneric [virtual interface]=1.6193;Generic slow engine=3.8127
phishing-websites,Oblique,4,3,100,100,0.1,2.0,2.0,1000,Exact,8844,2211,30,1.646,0.957485,0.107567,GradientBoostedTreesGeneric [virtual interface],2.6438,2.6438,7.1273,GradientBoostedTreesGeneric [virtual interface]=2.6438;Generic slow engine=7.1273
phishing-websites,Oblique,5,3,100,100,0.1,2.0,2.0,1000,Exact,8844,2211,30,2.281,0.966531,0.0885204,GradientBoostedTreesGeneric [virtual interface],3.9885,3.9885,11.0620,GradientBoostedTreesGeneric [virtual interface]=3.9885;Generic slow engine=11.0620
phishing-websites,Oblique,6,3,100,100,0.1,2.0,2.0,1000,Exact,8844,2211,30,3.033,0.970149,0.0774997,GradientBoostedTreesGeneric [virtual interface],5.5460,5.5460,16.0000,GradientBoostedTreesGeneric [virtual interface]=5.5460;Generic slow engine=16.0000
phishing-websites,Oblique,8,3,100,94,0.1,2.0,2.0,1000,Exact,8844,2211,30,5.053,0.971054,0.0632998,GradientBoostedTreesGeneric [virtual interface],8.4670,8.4670,26.0210,GradientBoostedTreesGeneric [virtual interface]=8.4670;Generic slow engine=26.0210
phishing-websites,Axis Aligned,3,4,100,100,0.1,2.0,2.0,1000,Exact,8844,2211,30,0.157,0.930348,0.164247,GradientBoostedTreesQuickScorerExtended [virtual interface],0.2107,1.3025,1.9940,GradientBoostedTreesQuickScorerExtended [virtual interface]=0.2107;GradientBoostedTreesGeneric [virtual interface]=1.3025;Generic slow engine=1.9940
phishing-websites,Axis Aligned,4,4,100,100,0.1,2.0,2.0,1000,Exact,8844,2211,30,0.255,0.944821,0.139627,GradientBoostedTreesQuickScorerExtended [virtual interface],0.3515,1.9147,3.4090,GradientBoostedTreesQuickScorerExtended [virtual interface]=0.3515;GradientBoostedTreesGeneric [virtual interface]=1.9147;Generic slow engine=3.4090
phishing-websites,Axis Aligned,5,4,100,100,0.1,2.0,2.0,1000,Exact,8844,2211,30,0.382,0.952058,0.118951,GradientBoostedTreesQuickScorerExtended [virtual interface],0.6115,2.7248,5.0347,GradientBoostedTreesQuickScorerExtended [virtual interface]=0.6115;GradientBoostedTreesGeneric [virtual interface]=2.7248;Generic slow engine=5.0347
phishing-websites,Axis Aligned,6,4,100,100,0.1,2.0,2.0,1000,Exact,8844,2211,30,0.557,0.963365,0.0995716,GradientBoostedTreesQuickScorerExtended [virtual interface],0.8167,3.5490,7.3318,GradientBoostedTreesQuickScorerExtended [virtual interface]=0.8167;GradientBoostedTreesGeneric [virtual interface]=3.5490;Generic slow engine=7.3318
phishing-websites,Axis Aligned,7,4,100,100,0.1,2.0,2.0,1000,Exact,8844,2211,30,0.812,0.968792,0.0881806,GradientBoostedTreesQuickScorerExtended [virtual interface],1.0868,4.2812,10.2940,GradientBoostedTreesQuickScorerExtended [virtual interface]=1.0868;GradientBoostedTreesGeneric [virtual interface]=4.2812;Generic slow engine=10.2940
phishing-websites,Axis Aligned,8,4,100,100,0.1,2.0,2.0,1000,Exact,8844,2211,30,1.222,0.96834,0.080354,GradientBoostedTreesGeneric [virtual interface],5.1783,5.1783,15.4580,GradientBoostedTreesGeneric [virtual interface]=5.1783;Generic slow engine=15.4580
phishing-websites,Axis Aligned,10,4,100,100,0.1,2.0,2.0,1000,Exact,8844,2211,30,2.742,0.967888,0.087516,GradientBoostedTreesGeneric [virtual interface],7.1770,7.1770,33.2670,GradientBoostedTreesGeneric [virtual interface]=7.1770;Generic slow engine=33.2670
phishing-websites,Oblique,3,4,100,100,0.1,2.0,2.0,1000,Exact,8844,2211,30,1.071,0.945274,0.139038,GradientBoostedTreesGeneric [virtual interface],1.6170,1.6170,3.9495,GradientBoostedTreesGeneric [virtual interface]=1.6170;Generic slow engine=3.9495
phishing-websites,Oblique,4,4,100,100,0.1,2.0,2.0,1000,Exact,8844,2211,30,1.624,0.953415,0.115339,GradientBoostedTreesGeneric [virtual interface],2.5590,2.5590,7.2012,GradientBoostedTreesGeneric [virtual interface]=2.5590;Generic slow engine=7.2012
phishing-websites,Oblique,5,4,100,100,0.1,2.0,2.0,1000,Exact,8844,2211,30,2.274,0.96427,0.09589,GradientBoostedTreesGeneric [virtual interface],3.8048,3.8048,11.0330,GradientBoostedTreesGeneric [virtual interface]=3.8048;Generic slow engine=11.0330
phishing-websites,Oblique,6,4,100,100,0.1,2.0,2.0,1000,Exact,8844,2211,30,2.997,0.967888,0.0862316,GradientBoostedTreesGeneric [virtual interface],5.6370,5.6370,15.8020,GradientBoostedTreesGeneric [virtual interface]=5.6370;Generic slow engine=15.8020
phishing-websites,Oblique,8,4,100,99,0.1,2.0,2.0,1000,Exact,8844,2211,30,5.031,0.967436,0.0826523,GradientBoostedTreesGeneric [virtual interface],9.2532,9.2532,28.8370,GradientBoostedTreesGeneric [virtual interface]=9.2532;Generic slow engine=28.8370
phishing-websites,Axis Aligned,3,5,100,100,0.1,2.0,2.0,1000,Exact,8844,2211,30,0.160,0.942108,0.14632,GradientBoostedTreesQuickScorerExtended [virtual interface],0.2045,1.3055,1.9880,GradientBoostedTreesQuickScorerExtended [virtual interface]=0.2045;GradientBoostedTreesGeneric [virtual interface]=1.3055;Generic slow engine=1.9880
phishing-websites,Axis Aligned,4,5,100,100,0.1,2.0,2.0,1000,Exact,8844,2211,30,0.255,0.955224,0.122315,GradientBoostedTreesQuickScorerExtended [virtual interface],0.3498,1.9778,3.4868,GradientBoostedTreesQuickScorerExtended [virtual interface]=0.3498;GradientBoostedTreesGeneric [virtual interface]=1.9778;Generic slow engine=3.4868
phishing-websites,Axis Aligned,5,5,100,100,0.1,2.0,2.0,1000,Exact,8844,2211,30,0.382,0.960199,0.104259,GradientBoostedTreesQuickScorerExtended [virtual interface],0.5905,2.7400,5.0983,GradientBoostedTreesQuickScorerExtended [virtual interface]=0.5905;GradientBoostedTreesGeneric [virtual interface]=2.7400;Generic slow engine=5.0983
phishing-websites,Axis Aligned,6,5,100,100,0.1,2.0,2.0,1000,Exact,8844,2211,30,0.552,0.965174,0.090628,GradientBoostedTreesQuickScorerExtended [virtual interface],0.9035,3.5473,7.4133,GradientBoostedTreesQuickScorerExtended [virtual interface]=0.9035;GradientBoostedTreesGeneric [virtual interface]=3.5473;Generic slow engine=7.4133
phishing-websites,Axis Aligned,7,5,100,100,0.1,2.0,2.0,1000,Exact,8844,2211,30,0.816,0.968792,0.0790057,GradientBoostedTreesQuickScorerExtended [virtual interface],1.2112,4.2633,10.4560,GradientBoostedTreesQuickScorerExtended [virtual interface]=1.2112;GradientBoostedTreesGeneric [virtual interface]=4.2633;Generic slow engine=10.4560
phishing-websites,Axis Aligned,8,5,100,100,0.1,2.0,2.0,1000,Exact,8844,2211,30,1.193,0.972863,0.0705651,GradientBoostedTreesGeneric [virtual interface],5.2912,5.2912,16.1450,GradientBoostedTreesGeneric [virtual interface]=5.2912;Generic slow engine=16.1450
phishing-websites,Axis Aligned,10,5,100,95,0.1,2.0,2.0,1000,Exact,8844,2211,30,2.703,0.974672,0.0645915,GradientBoostedTreesGeneric [virtual interface],6.8128,6.8128,31.2320,GradientBoostedTreesGeneric [virtual interface]=6.8128;Generic slow engine=31.2320
phishing-websites,Oblique,3,5,100,100,0.1,2.0,2.0,1000,Exact,8844,2211,30,1.064,0.952962,0.124121,GradientBoostedTreesGeneric [virtual interface],1.6180,1.6180,3.8720,GradientBoostedTreesGeneric [virtual interface]=1.6180;Generic slow engine=3.8720
phishing-websites,Oblique,4,5,100,100,0.1,2.0,2.0,1000,Exact,8844,2211,30,1.610,0.959294,0.103248,GradientBoostedTreesGeneric [virtual interface],2.5733,2.5733,7.4058,GradientBoostedTreesGeneric [virtual interface]=2.5733;Generic slow engine=7.4058
phishing-websites,Oblique,5,5,100,100,0.1,2.0,2.0,1000,Exact,8844,2211,30,2.282,0.966983,0.0864565,GradientBoostedTreesGeneric [virtual interface],3.8720,3.8720,10.7990,GradientBoostedTreesGeneric [virtual interface]=3.8720;Generic slow engine=10.7990
phishing-websites,Oblique,6,5,100,100,0.1,2.0,2.0,1000,Exact,8844,2211,30,3.051,0.972411,0.0728038,GradientBoostedTreesGeneric [virtual interface],5.6372,5.6372,15.6910,GradientBoostedTreesGeneric [virtual interface]=5.6372;Generic slow engine=15.6910
phishing-websites,Oblique,8,5,100,99,0.1,2.0,2.0,1000,Exact,8844,2211,30,5.034,0.977386,0.0614443,GradientBoostedTreesGeneric [virtual interface],9.0170,9.0170,27.8450,GradientBoostedTreesGeneric [virtual interface]=9.0170;Generic slow engine=27.8450
phishing-websites,Axis Aligned,3,6,100,100,0.1,2.0,2.0,1000,Exact,8844,2211,30,0.155,0.934419,0.156068,GradientBoostedTreesQuickScorerExtended [virtual interface],0.2080,1.3255,1.9912,GradientBoostedTreesQuickScorerExtended [virtual interface]=0.2080;GradientBoostedTreesGeneric [virtual interface]=1.3255;Generic slow engine=1.9912
phishing-websites,Axis Aligned,4,6,100,100,0.1,2.0,2.0,1000,Exact,8844,2211,30,0.252,0.948892,0.130924,GradientBoostedTreesQuickScorerExtended [virtual interface],0.3503,1.9343,3.4145,GradientBoostedTreesQuickScorerExtended [virtual interface]=0.3503;GradientBoostedTreesGeneric [virtual interface]=1.9343;Generic slow engine=3.4145
phishing-websites,Axis Aligned,5,6,100,100,0.1,2.0,2.0,1000,Exact,8844,2211,30,0.376,0.955676,0.112629,GradientBoostedTreesQuickScorerExtended [virtual interface],0.5570,2.7270,5.1235,GradientBoostedTreesQuickScorerExtended [virtual interface]=0.5570;GradientBoostedTreesGeneric [virtual interface]=2.7270;Generic slow engine=5.1235
phishing-websites,Axis Aligned,6,6,100,100,0.1,2.0,2.0,1000,Exact,8844,2211,30,0.541,0.961104,0.0964116,GradientBoostedTreesQuickScorerExtended [virtual interface],0.8325,3.5600,7.3260,GradientBoostedTreesQuickScorerExtended [virtual interface]=0.8325;GradientBoostedTreesGeneric [virtual interface]=3.5600;Generic slow engine=7.3260
phishing-websites,Axis Aligned,7,6,100,100,0.1,2.0,2.0,1000,Exact,8844,2211,30,0.798,0.966531,0.0854512,GradientBoostedTreesQuickScorerExtended [virtual interface],1.1115,4.2520,10.2940,GradientBoostedTreesQuickScorerExtended [virtual interface]=1.1115;GradientBoostedTreesGeneric [virtual interface]=4.2520;Generic slow engine=10.2940
phishing-websites,Axis Aligned,8,6,100,100,0.1,2.0,2.0,1000,Exact,8844,2211,30,1.253,0.967888,0.0784484,GradientBoostedTreesGeneric [virtual interface],5.1825,5.1825,16.0670,GradientBoostedTreesGeneric [virtual interface]=5.1825;Generic slow engine=16.0670
phishing-websites,Axis Aligned,10,6,100,100,0.1,2.0,2.0,1000,Exact,8844,2211,30,2.787,0.968792,0.0752429,GradientBoostedTreesGeneric [virtual interface],7.1963,7.1963,32.7200,GradientBoostedTreesGeneric [virtual interface]=7.1963;Generic slow engine=32.7200
phishing-websites,Oblique,3,6,100,100,0.1,2.0,2.0,1000,Exact,8844,2211,30,1.047,0.948892,0.133702,GradientBoostedTreesGeneric [virtual interface],1.5902,1.5902,3.7900,GradientBoostedTreesGeneric [virtual interface]=1.5902;Generic slow engine=3.7900
phishing-websites,Oblique,4,6,100,100,0.1,2.0,2.0,1000,Exact,8844,2211,30,1.631,0.957938,0.110277,GradientBoostedTreesGeneric [virtual interface],2.5680,2.5680,7.1375,GradientBoostedTreesGeneric [virtual interface]=2.5680;Generic slow engine=7.1375
phishing-websites,Oblique,5,6,100,100,0.1,2.0,2.0,1000,Exact,8844,2211,30,2.294,0.964722,0.0923339,GradientBoostedTreesGeneric [virtual interface],3.8578,3.8578,10.8660,GradientBoostedTreesGeneric [virtual interface]=3.8578;Generic slow engine=10.8660
phishing-websites,Oblique,6,6,100,99,0.1,2.0,2.0,1000,Exact,8844,2211,30,3.028,0.967888,0.0800948,GradientBoostedTreesGeneric [virtual interface],5.4610,5.4610,16.1570,GradientBoostedTreesGeneric [virtual interface]=5.4610;Generic slow engine=16.1570
phishing-websites,Oblique,8,6,100,100,0.1,2.0,2.0,1000,Exact,8844,2211,30,5.031,0.971506,0.0726853,GradientBoostedTreesGeneric [virtual interface],9.0230,9.0230,28.2720,GradientBoostedTreesGeneric [virtual interface]=9.0230;Generic slow engine=28.2720
phishing-websites,Axis Aligned,3,7,100,100,0.1,2.0,2.0,1000,Exact,8844,2211,30,0.159,0.941655,0.147396,GradientBoostedTreesQuickScorerExtended [virtual interface],0.2080,1.3225,2.0257,GradientBoostedTreesQuickScorerExtended [virtual interface]=0.2080;GradientBoostedTreesGeneric [virtual interface]=1.3225;Generic slow engine=2.0257
phishing-websites,Axis Aligned,4,7,100,100,0.1,2.0,2.0,1000,Exact,8844,2211,30,0.257,0.953867,0.124871,GradientBoostedTreesQuickScorerExtended [virtual interface],0.3470,1.9828,3.4647,GradientBoostedTreesQuickScorerExtended [virtual interface]=0.3470;GradientBoostedTreesGeneric [virtual interface]=1.9828;Generic slow engine=3.4647
phishing-websites,Axis Aligned,5,7,100,100,0.1,2.0,2.0,1000,Exact,8844,2211,30,0.384,0.961556,0.107026,GradientBoostedTreesQuickScorerExtended [virtual interface],0.5278,2.8115,5.1792,GradientBoostedTreesQuickScorerExtended [virtual interface]=0.5278;GradientBoostedTreesGeneric [virtual interface]=2.8115;Generic slow engine=5.1792
phishing-websites,Axis Aligned,6,7,100,100,0.1,2.0,2.0,1000,Exact,8844,2211,30,0.558,0.96834,0.0892855,GradientBoostedTreesQuickScorerExtended [virtual interface],0.8433,3.5823,7.4300,GradientBoostedTreesQuickScorerExtended [virtual interface]=0.8433;GradientBoostedTreesGeneric [virtual interface]=3.5823;Generic slow engine=7.4300
phishing-websites,Axis Aligned,7,7,100,100,0.1,2.0,2.0,1000,Exact,8844,2211,30,0.812,0.973315,0.0796695,GradientBoostedTreesQuickScorerExtended [virtual interface],1.1002,4.3133,10.1780,GradientBoostedTreesQuickScorerExtended [virtual interface]=1.1002;GradientBoostedTreesGeneric [virtual interface]=4.3133;Generic slow engine=10.1780
phishing-websites,Axis Aligned,8,7,100,100,0.1,2.0,2.0,1000,Exact,8844,2211,30,1.246,0.972863,0.0713936,GradientBoostedTreesGeneric [virtual interface],5.1757,5.1757,16.3010,GradientBoostedTreesGeneric [virtual interface]=5.1757;Generic slow engine=16.3010
phishing-websites,Axis Aligned,10,7,100,100,0.1,2.0,2.0,1000,Exact,8844,2211,30,2.818,0.97422,0.0705627,GradientBoostedTreesGeneric [virtual interface],7.2963,7.2963,32.1090,GradientBoostedTreesGeneric [virtual interface]=7.2963;Generic slow engine=32.1090
phishing-websites,Oblique,3,7,100,100,0.1,2.0,2.0,1000,Exact,8844,2211,30,1.078,0.95251,0.126328,GradientBoostedTreesGeneric [virtual interface],1.6200,1.6200,3.8142,GradientBoostedTreesGeneric [virtual interface]=1.6200;Generic slow engine=3.8142
phishing-websites,Oblique,4,7,100,100,0.1,2.0,2.0,1000,Exact,8844,2211,30,1.632,0.962008,0.10443,GradientBoostedTreesGeneric [virtual interface],2.5667,2.5667,7.2178,GradientBoostedTreesGeneric [virtual interface]=2.5667;Generic slow engine=7.2178
phishing-websites,Oblique,5,7,100,100,0.1,2.0,2.0,1000,Exact,8844,2211,30,2.266,0.969697,0.0884696,GradientBoostedTreesGeneric [virtual interface],4.0175,4.0175,10.8700,GradientBoostedTreesGeneric [virtual interface]=4.0175;Generic slow engine=10.8700
phishing-websites,Oblique,6,7,100,100,0.1,2.0,2.0,1000,Exact,8844,2211,30,3.038,0.971506,0.0750307,GradientBoostedTreesGeneric [virtual interface],5.5070,5.5070,15.4630,GradientBoostedTreesGeneric [virtual interface]=5.5070;Generic slow engine=15.4630
phishing-websites,Oblique,8,7,100,99,0.1,2.0,2.0,1000,Exact,8844,2211,30,5.133,0.97422,0.0740499,GradientBoostedTreesGeneric [virtual interface],9.1478,9.1478,28.9490,GradientBoostedTreesGeneric [virtual interface]=9.1478;Generic slow engine=28.9490
phishing-websites,Axis Aligned,3,8,100,100,0.1,2.0,2.0,1000,Exact,8844,2211,30,0.156,0.929896,0.160871,GradientBoostedTreesQuickScorerExtended [virtual interface],0.2147,1.3182,2.0488,GradientBoostedTreesQuickScorerExtended [virtual interface]=0.2147;GradientBoostedTreesGeneric [virtual interface]=1.3182;Generic slow engine=2.0488
phishing-websites,Axis Aligned,4,8,100,100,0.1,2.0,2.0,1000,Exact,8844,2211,30,0.254,0.943917,0.137172,GradientBoostedTreesQuickScorerExtended [virtual interface],0.3620,1.9623,3.4167,GradientBoostedTreesQuickScorerExtended [virtual interface]=0.3620;GradientBoostedTreesGeneric [virtual interface]=1.9623;Generic slow engine=3.4167
phishing-websites,Axis Aligned,5,8,100,100,0.1,2.0,2.0,1000,Exact,8844,2211,30,0.383,0.951153,0.115443,GradientBoostedTreesQuickScorerExtended [virtual interface],0.7085,2.7877,5.0200,GradientBoostedTreesQuickScorerExtended [virtual interface]=0.7085;GradientBoostedTreesGeneric [virtual interface]=2.7877;Generic slow engine=5.0200
phishing-websites,Axis Aligned,6,8,100,100,0.1,2.0,2.0,1000,Exact,8844,2211,30,0.549,0.956128,0.100646,GradientBoostedTreesQuickScorerExtended [virtual interface],0.8377,3.6095,7.3490,GradientBoostedTreesQuickScorerExtended [virtual interface]=0.8377;GradientBoostedTreesGeneric [virtual interface]=3.6095;Generic slow engine=7.3490
phishing-websites,Axis Aligned,7,8,100,100,0.1,2.0,2.0,1000,Exact,8844,2211,30,0.799,0.966983,0.0863123,GradientBoostedTreesQuickScorerExtended [virtual interface],1.1207,4.2590,10.9050,GradientBoostedTreesQuickScorerExtended [virtual interface]=1.1207;GradientBoostedTreesGeneric [virtual interface]=4.2590;Generic slow engine=10.9050
phishing-websites,Axis Aligned,8,8,100,100,0.1,2.0,2.0,1000,Exact,8844,2211,30,1.219,0.967436,0.0776379,GradientBoostedTreesGeneric [virtual interface],5.1952,5.1952,15.6940,GradientBoostedTreesGeneric [virtual interface]=5.1952;Generic slow engine=15.6940
phishing-websites,Axis Aligned,10,8,100,92,0.1,2.0,2.0,1000,Exact,8844,2211,30,2.740,0.973768,0.0705899,GradientBoostedTreesGeneric [virtual interface],6.4905,6.4905,28.7360,GradientBoostedTreesGeneric [virtual interface]=6.4905;Generic slow engine=28.7360
phishing-websites,Oblique,3,8,100,100,0.1,2.0,2.0,1000,Exact,8844,2211,30,1.054,0.938942,0.138918,GradientBoostedTreesGeneric [virtual interface],1.6122,1.6122,3.9093,GradientBoostedTreesGeneric [virtual interface]=1.6122;Generic slow engine=3.9093
phishing-websites,Oblique,4,8,100,100,0.1,2.0,2.0,1000,Exact,8844,2211,30,1.613,0.948892,0.114094,GradientBoostedTreesGeneric [virtual interface],2.5925,2.5925,7.3498,GradientBoostedTreesGeneric [virtual interface]=2.5925;Generic slow engine=7.3498
phishing-websites,Oblique,5,8,100,100,0.1,2.0,2.0,1000,Exact,8844,2211,30,2.254,0.96246,0.0942156,GradientBoostedTreesGeneric [virtual interface],3.8558,3.8558,10.8740,GradientBoostedTreesGeneric [virtual interface]=3.8558;Generic slow engine=10.8740
phishing-websites,Oblique,6,8,100,100,0.1,2.0,2.0,1000,Exact,8844,2211,30,3.053,0.968792,0.0796314,GradientBoostedTreesGeneric [virtual interface],5.5085,5.5085,15.8210,GradientBoostedTreesGeneric [virtual interface]=5.5085;Generic slow engine=15.8210
phishing-websites,Oblique,8,8,100,96,0.1,2.0,2.0,1000,Exact,8844,2211,30,5.006,0.970149,0.0727737,GradientBoostedTreesGeneric [virtual interface],8.7170,8.7170,26.9660,GradientBoostedTreesGeneric [virtual interface]=8.7170;Generic slow engine=26.9660
phishing-websites,Axis Aligned,3,9,100,100,0.1,2.0,2.0,1000,Exact,8844,2211,30,0.158,0.932157,0.159535,GradientBoostedTreesQuickScorerExtended [virtual interface],0.2092,1.3175,2.0733,GradientBoostedTreesQuickScorerExtended [virtual interface]=0.2092;GradientBoostedTreesGeneric [virtual interface]=1.3175;Generic slow engine=2.0733
phishing-websites,Axis Aligned,4,9,100,100,0.1,2.0,2.0,1000,Exact,8844,2211,30,0.255,0.945726,0.136643,GradientBoostedTreesQuickScorerExtended [virtual interface],0.3528,1.9858,3.3862,GradientBoostedTreesQuickScorerExtended [virtual interface]=0.3528;GradientBoostedTreesGeneric [virtual interface]=1.9858;Generic slow engine=3.3862
phishing-websites,Axis Aligned,5,9,100,100,0.1,2.0,2.0,1000,Exact,8844,2211,30,0.382,0.952058,0.115466,GradientBoostedTreesQuickScorerExtended [virtual interface],0.6743,2.6685,5.0732,GradientBoostedTreesQuickScorerExtended [virtual interface]=0.6743;GradientBoostedTreesGeneric [virtual interface]=2.6685;Generic slow engine=5.0732
phishing-websites,Axis Aligned,6,9,100,100,0.1,2.0,2.0,1000,Exact,8844,2211,30,0.563,0.958842,0.104716,GradientBoostedTreesQuickScorerExtended [virtual interface],0.8512,3.6267,7.3380,GradientBoostedTreesQuickScorerExtended [virtual interface]=0.8512;GradientBoostedTreesGeneric [virtual interface]=3.6267;Generic slow engine=7.3380
phishing-websites,Axis Aligned,7,9,100,100,0.1,2.0,2.0,1000,Exact,8844,2211,30,0.797,0.965626,0.0898957,GradientBoostedTreesQuickScorerExtended [virtual interface],1.2185,4.1792,10.1930,GradientBoostedTreesQuickScorerExtended [virtual interface]=1.2185;GradientBoostedTreesGeneric [virtual interface]=4.1792;Generic slow engine=10.1930
phishing-websites,Axis Aligned,8,9,100,100,0.1,2.0,2.0,1000,Exact,8844,2211,30,1.245,0.970149,0.0839427,GradientBoostedTreesGeneric [virtual interface],5.0948,5.0948,15.6170,GradientBoostedTreesGeneric [virtual interface]=5.0948;Generic slow engine=15.6170
phishing-websites,Axis Aligned,10,9,100,99,0.1,2.0,2.0,1000,Exact,8844,2211,30,2.743,0.966983,0.0866541,GradientBoostedTreesGeneric [virtual interface],7.2518,7.2518,32.3340,GradientBoostedTreesGeneric [virtual interface]=7.2518;Generic slow engine=32.3340
phishing-websites,Oblique,3,9,100,100,0.1,2.0,2.0,1000,Exact,8844,2211,30,1.052,0.943012,0.1346,GradientBoostedTreesGeneric [virtual interface],1.5533,1.5533,3.9420,GradientBoostedTreesGeneric [virtual interface]=1.5533;Generic slow engine=3.9420
phishing-websites,Oblique,4,9,100,100,0.1,2.0,2.0,1000,Exact,8844,2211,30,1.635,0.953867,0.114943,GradientBoostedTreesGeneric [virtual interface],2.4802,2.4802,7.1238,GradientBoostedTreesGeneric [virtual interface]=2.4802;Generic slow engine=7.1238
phishing-websites,Oblique,5,9,100,100,0.1,2.0,2.0,1000,Exact,8844,2211,30,2.294,0.961556,0.0997247,GradientBoostedTreesGeneric [virtual interface],3.7960,3.7960,10.9950,GradientBoostedTreesGeneric [virtual interface]=3.7960;Generic slow engine=10.9950
phishing-websites,Oblique,6,9,100,100,0.1,2.0,2.0,1000,Exact,8844,2211,30,3.026,0.967436,0.0890387,GradientBoostedTreesGeneric [virtual interface],5.4515,5.4515,15.6890,GradientBoostedTreesGeneric [virtual interface]=5.4515;Generic slow engine=15.6890
phishing-websites,Oblique,8,9,100,100,0.1,2.0,2.0,1000,Exact,8844,2211,30,4.999,0.967436,0.0869684,GradientBoostedTreesGeneric [virtual interface],8.8693,8.8693,27.7450,GradientBoostedTreesGeneric [virtual interface]=8.8693;Generic slow engine=27.7450
eeg-eye-state,Axis Aligned,3,0,100,100,0.1,2.0,2.0,1000,Exact,10000,2996,14,0.112,0.777704,0.496753,GradientBoostedTreesQuickScorerExtended [virtual interface],0.2147,1.2665,2.0675,GradientBoostedTreesQuickScorerExtended [virtual interface]=0.2147;GradientBoostedTreesOptPred [virtual interface]=0.7177;GradientBoostedTreesGeneric [virtual interface]=1.2665;Generic slow engine=2.0675
eeg-eye-state,Axis Aligned,4,0,100,100,0.1,2.0,2.0,1000,Exact,10000,2996,14,0.168,0.813418,0.434928,GradientBoostedTreesQuickScorerExtended [virtual interface],0.3635,1.9033,3.3373,GradientBoostedTreesQuickScorerExtended [virtual interface]=0.3635;GradientBoostedTreesOptPred [virtual interface]=1.1695;GradientBoostedTreesGeneric [virtual interface]=1.9033;Generic slow engine=3.3373
eeg-eye-state,Axis Aligned,5,0,100,100,0.1,2.0,2.0,1000,Exact,10000,2996,14,0.246,0.8498,0.370836,GradientBoostedTreesQuickScorerExtended [virtual interface],0.5940,2.6710,5.0053,GradientBoostedTreesQuickScorerExtended [virtual interface]=0.5940;GradientBoostedTreesOptPred [virtual interface]=1.6698;GradientBoostedTreesGeneric [virtual interface]=2.6710;Generic slow engine=5.0053
eeg-eye-state,Axis Aligned,6,0,100,100,0.1,2.0,2.0,1000,Exact,10000,2996,14,0.362,0.881509,0.301572,GradientBoostedTreesQuickScorerExtended [virtual interface],0.9802,3.5488,7.2512,GradientBoostedTreesQuickScorerExtended [virtual interface]=0.9802;GradientBoostedTreesOptPred [virtual interface]=2.1383;GradientBoostedTreesGeneric [virtual interface]=3.5488;Generic slow engine=7.2512
eeg-eye-state,Axis Aligned,7,0,100,100,0.1,2.0,2.0,1000,Exact,10000,2996,14,0.519,0.901869,0.25793,GradientBoostedTreesQuickScorerExtended [virtual interface],1.5990,4.2905,10.0130,GradientBoostedTreesQuickScorerExtended [virtual interface]=1.5990;GradientBoostedTreesOptPred [virtual interface]=3.0842;GradientBoostedTreesGeneric [virtual interface]=4.2905;Generic slow engine=10.0130
eeg-eye-state,Axis Aligned,8,0,100,100,0.1,2.0,2.0,1000,Exact,10000,2996,14,0.764,0.920227,0.213283,GradientBoostedTreesOptPred [virtual interface],3.8605,5.2305,14.6150,GradientBoostedTreesOptPred [virtual interface]=3.8605;GradientBoostedTreesGeneric [virtual interface]=5.2305;Generic slow engine=14.6150
eeg-eye-state,Axis Aligned,10,0,100,98,0.1,2.0,2.0,1000,Exact,10000,2996,14,1.719,0.936248,0.166544,GradientBoostedTreesOptPred [virtual interface],5.3940,7.6703,32.3650,GradientBoostedTreesOptPred [virtual interface]=5.3940;GradientBoostedTreesGeneric [virtual interface]=7.6703;Generic slow engine=32.3650
eeg-eye-state,Oblique,3,0,100,100,0.1,2.0,2.0,1000,Exact,10000,2996,14,0.609,0.85781,0.382901,GradientBoostedTreesGeneric [virtual interface],1.7475,1.7475,3.7965,GradientBoostedTreesGeneric [virtual interface]=1.7475;Generic slow engine=3.7965
eeg-eye-state,Oblique,4,0,100,100,0.1,2.0,2.0,1000,Exact,10000,2996,14,0.940,0.898198,0.288683,GradientBoostedTreesGeneric [virtual interface],3.1503,3.1503,7.1002,GradientBoostedTreesGeneric [virtual interface]=3.1503;Generic slow engine=7.1002
eeg-eye-state,Oblique,5,0,100,100,0.1,2.0,2.0,1000,Exact,10000,2996,14,1.278,0.93024,0.212816,GradientBoostedTreesGeneric [virtual interface],4.9823,4.9823,10.8770,GradientBoostedTreesGeneric [virtual interface]=4.9823;Generic slow engine=10.8770
eeg-eye-state,Oblique,6,0,100,100,0.1,2.0,2.0,1000,Exact,10000,2996,14,1.744,0.951936,0.159156,GradientBoostedTreesGeneric [virtual interface],7.1253,7.1253,16.6690,GradientBoostedTreesGeneric [virtual interface]=7.1253;Generic slow engine=16.6690
eeg-eye-state,Oblique,8,0,100,100,0.1,2.0,2.0,1000,Exact,10000,2996,14,2.977,0.964286,0.103692,GradientBoostedTreesGeneric [virtual interface],11.1880,11.1880,37.0680,GradientBoostedTreesGeneric [virtual interface]=11.1880;Generic slow engine=37.0680
eeg-eye-state,Axis Aligned,3,1,100,100,0.1,2.0,2.0,1000,Exact,10000,2996,14,0.111,0.765688,0.5095,GradientBoostedTreesQuickScorerExtended [virtual interface],0.2325,1.2948,1.9765,GradientBoostedTreesQuickScorerExtended [virtual interface]=0.2325;GradientBoostedTreesOptPred [virtual interface]=0.7482;GradientBoostedTreesGeneric [virtual interface]=1.2948;Generic slow engine=1.9765
eeg-eye-state,Axis Aligned,4,1,100,100,0.1,2.0,2.0,1000,Exact,10000,2996,14,0.164,0.811081,0.434802,GradientBoostedTreesQuickScorerExtended [virtual interface],0.3640,1.8638,3.3045,GradientBoostedTreesQuickScorerExtended [virtual interface]=0.3640;GradientBoostedTreesOptPred [virtual interface]=1.1345;GradientBoostedTreesGeneric [virtual interface]=1.8638;Generic slow engine=3.3045
eeg-eye-state,Axis Aligned,5,1,100,100,0.1,2.0,2.0,1000,Exact,10000,2996,14,0.243,0.848465,0.368674,GradientBoostedTreesQuickScorerExtended [virtual interface],0.5770,2.7060,4.8720,GradientBoostedTreesQuickScorerExtended [virtual interface]=0.5770;GradientBoostedTreesOptPred [virtual interface]=1.6330;GradientBoostedTreesGeneric [virtual interface]=2.7060;Generic slow engine=4.8720
eeg-eye-state,Axis Aligned,6,1,100,100,0.1,2.0,2.0,1000,Exact,10000,2996,14,0.357,0.883845,0.301916,GradientBoostedTreesQuickScorerExtended [virtual interface],0.9677,3.5878,7.3258,GradientBoostedTreesQuickScorerExtended [virtual interface]=0.9677;GradientBoostedTreesOptPred [virtual interface]=2.1720;GradientBoostedTreesGeneric [virtual interface]=3.5878;Generic slow engine=7.3258
eeg-eye-state,Axis Aligned,7,1,100,100,0.1,2.0,2.0,1000,Exact,10000,2996,14,0.527,0.908545,0.24789,GradientBoostedTreesQuickScorerExtended [virtual interface],1.6240,4.3095,9.8737,GradientBoostedTreesQuickScorerExtended [virtual interface]=1.6240;GradientBoostedTreesOptPred [virtual interface]=3.0533;GradientBoostedTreesGeneric [virtual interface]=4.3095;Generic slow engine=9.8737
eeg-eye-state,Axis Aligned,8,1,100,100,0.1,2.0,2.0,1000,Exact,10000,2996,14,0.782,0.925234,0.210819,GradientBoostedTreesOptPred [virtual interface],3.8875,5.3375,14.6560,GradientBoostedTreesOptPred [virtual interface]=3.8875;GradientBoostedTreesGeneric [virtual interface]=5.3375;Generic slow engine=14.6560
eeg-eye-state,Axis Aligned,10,1,100,100,0.1,2.0,2.0,1000,Exact,10000,2996,14,1.710,0.928571,0.167789,GradientBoostedTreesOptPred [virtual interface],5.4965,7.8357,32.2300,GradientBoostedTreesOptPred [virtual interface]=5.4965;GradientBoostedTreesGeneric [virtual interface]=7.8357;Generic slow engine=32.2300
eeg-eye-state,Oblique,3,1,100,100,0.1,2.0,2.0,1000,Exact,10000,2996,14,0.630,0.845794,0.390479,GradientBoostedTreesGeneric [virtual interface],1.7092,1.7092,3.6925,GradientBoostedTreesGeneric [virtual interface]=1.7092;Generic slow engine=3.6925
eeg-eye-state,Oblique,4,1,100,100,0.1,2.0,2.0,1000,Exact,10000,2996,14,0.922,0.901869,0.288477,GradientBoostedTreesGeneric [virtual interface],3.1360,3.1360,7.4015,GradientBoostedTreesGeneric [virtual interface]=3.1360;Generic slow engine=7.4015
eeg-eye-state,Oblique,5,1,100,100,0.1,2.0,2.0,1000,Exact,10000,2996,14,1.297,0.931575,0.21223,GradientBoostedTreesGeneric [virtual interface],4.9363,4.9363,10.9480,GradientBoostedTreesGeneric [virtual interface]=4.9363;Generic slow engine=10.9480
eeg-eye-state,Oblique,6,1,100,100,0.1,2.0,2.0,1000,Exact,10000,2996,14,1.725,0.952937,0.156463,GradientBoostedTreesGeneric [virtual interface],7.1860,7.1860,16.4920,GradientBoostedTreesGeneric [virtual interface]=7.1860;Generic slow engine=16.4920
eeg-eye-state,Oblique,8,1,100,100,0.1,2.0,2.0,1000,Exact,10000,2996,14,2.925,0.965287,0.0979015,GradientBoostedTreesGeneric [virtual interface],11.4050,11.4050,37.3660,GradientBoostedTreesGeneric [virtual interface]=11.4050;Generic slow engine=37.3660
eeg-eye-state,Axis Aligned,3,2,100,100,0.1,2.0,2.0,1000,Exact,10000,2996,14,0.111,0.783712,0.496134,GradientBoostedTreesQuickScorerExtended [virtual interface],0.2102,1.2937,1.9663,GradientBoostedTreesQuickScorerExtended [virtual interface]=0.2102;GradientBoostedTreesOptPred [virtual interface]=0.7360;GradientBoostedTreesGeneric [virtual interface]=1.2937;Generic slow engine=1.9663
eeg-eye-state,Axis Aligned,4,2,100,100,0.1,2.0,2.0,1000,Exact,10000,2996,14,0.165,0.828104,0.42504,GradientBoostedTreesQuickScorerExtended [virtual interface],0.3593,1.8890,3.2942,GradientBoostedTreesQuickScorerExtended [virtual interface]=0.3593;GradientBoostedTreesOptPred [virtual interface]=1.1680;GradientBoostedTreesGeneric [virtual interface]=1.8890;Generic slow engine=3.2942
eeg-eye-state,Axis Aligned,5,2,100,100,0.1,2.0,2.0,1000,Exact,10000,2996,14,0.242,0.859146,0.361109,GradientBoostedTreesQuickScorerExtended [virtual interface],0.5780,2.6840,4.9560,GradientBoostedTreesQuickScorerExtended [virtual interface]=0.5780;GradientBoostedTreesOptPred [virtual interface]=1.6298;GradientBoostedTreesGeneric [virtual interface]=2.6840;Generic slow engine=4.9560
eeg-eye-state,Axis Aligned,6,2,100,100,0.1,2.0,2.0,1000,Exact,10000,2996,14,0.357,0.893191,0.291614,GradientBoostedTreesQuickScorerExtended [virtual interface],0.9778,3.5355,7.3835,GradientBoostedTreesQuickScorerExtended [virtual interface]=0.9778;GradientBoostedTreesOptPred [virtual interface]=2.1473;GradientBoostedTreesGeneric [virtual interface]=3.5355;Generic slow engine=7.3835
eeg-eye-state,Axis Aligned,7,2,100,100,0.1,2.0,2.0,1000,Exact,10000,2996,14,0.525,0.907877,0.24781,GradientBoostedTreesQuickScorerExtended [virtual interface],1.6415,4.3528,9.8405,GradientBoostedTreesQuickScorerExtended [virtual interface]=1.6415;GradientBoostedTreesOptPred [virtual interface]=3.0850;GradientBoostedTreesGeneric [virtual interface]=4.3528;Generic slow engine=9.8405
eeg-eye-state,Axis Aligned,8,2,100,100,0.1,2.0,2.0,1000,Exact,10000,2996,14,0.773,0.921896,0.20722,GradientBoostedTreesOptPred [virtual interface],3.7905,5.3003,14.4200,GradientBoostedTreesOptPred [virtual interface]=3.7905;GradientBoostedTreesGeneric [virtual interface]=5.3003;Generic slow engine=14.4200
eeg-eye-state,Axis Aligned,10,2,100,100,0.1,2.0,2.0,1000,Exact,10000,2996,14,1.636,0.941255,0.164421,GradientBoostedTreesOptPred [virtual interface],5.3697,7.6470,30.7520,GradientBoostedTreesOptPred [virtual interface]=5.3697;GradientBoostedTreesGeneric [virtual interface]=7.6470;Generic slow engine=30.7520
eeg-eye-state,Oblique,3,2,100,100,0.1,2.0,2.0,1000,Exact,10000,2996,14,0.603,0.865154,0.374786,GradientBoostedTreesGeneric [virtual interface],1.7540,1.7540,3.7225,GradientBoostedTreesGeneric [virtual interface]=1.7540;Generic slow engine=3.7225
eeg-eye-state,Oblique,4,2,100,100,0.1,2.0,2.0,1000,Exact,10000,2996,14,0.906,0.908211,0.289277,GradientBoostedTreesGeneric [virtual interface],3.0002,3.0002,7.0877,GradientBoostedTreesGeneric [virtual interface]=3.0002;Generic slow engine=7.0877
eeg-eye-state,Oblique,5,2,100,100,0.1,2.0,2.0,1000,Exact,10000,2996,14,1.279,0.932243,0.211291,GradientBoostedTreesGeneric [virtual interface],4.8827,4.8827,10.9690,GradientBoostedTreesGeneric [virtual interface]=4.8827;Generic slow engine=10.9690
eeg-eye-state,Oblique,6,2,100,100,0.1,2.0,2.0,1000,Exact,10000,2996,14,1.702,0.952937,0.158811,GradientBoostedTreesGeneric [virtual interface],7.0228,7.0228,16.1830,GradientBoostedTreesGeneric [virtual interface]=7.0228;Generic slow engine=16.1830
eeg-eye-state,Oblique,8,2,100,100,0.1,2.0,2.0,1000,Exact,10000,2996,14,2.916,0.968625,0.0945657,GradientBoostedTreesGeneric [virtual interface],11.2390,11.2390,36.7460,GradientBoostedTreesGeneric [virtual interface]=11.2390;Generic slow engine=36.7460
eeg-eye-state,Axis Aligned,3,3,100,100,0.1,2.0,2.0,1000,Exact,10000,2996,14,0.109,0.768024,0.504557,GradientBoostedTreesQuickScorerExtended [virtual interface],0.2100,1.2640,1.9513,GradientBoostedTreesQuickScorerExtended [virtual interface]=0.2100;GradientBoostedTreesOptPred [virtual interface]=0.6887;GradientBoostedTreesGeneric [virtual interface]=1.2640;Generic slow engine=1.9513
eeg-eye-state,Axis Aligned,4,3,100,100,0.1,2.0,2.0,1000,Exact,10000,2996,14,0.163,0.813084,0.434473,GradientBoostedTreesQuickScorerExtended [virtual interface],0.3555,1.8035,3.2553,GradientBoostedTreesQuickScorerExtended [virtual interface]=0.3555;GradientBoostedTreesOptPred [virtual interface]=1.1008;GradientBoostedTreesGeneric [virtual interface]=1.8035;Generic slow engine=3.2553
eeg-eye-state,Axis Aligned,5,3,100,100,0.1,2.0,2.0,1000,Exact,10000,2996,14,0.239,0.850801,0.367847,GradientBoostedTreesQuickScorerExtended [virtual interface],0.5503,2.6082,4.9278,GradientBoostedTreesQuickScorerExtended [virtual interface]=0.5503;GradientBoostedTreesOptPred [virtual interface]=1.5815;GradientBoostedTreesGeneric [virtual interface]=2.6082;Generic slow engine=4.9278
eeg-eye-state,Axis Aligned,6,3,100,100,0.1,2.0,2.0,1000,Exact,10000,2996,14,0.350,0.887183,0.307628,GradientBoostedTreesQuickScorerExtended [virtual interface],0.9647,3.4897,7.0743,GradientBoostedTreesQuickScorerExtended [virtual interface]=0.9647;GradientBoostedTreesOptPred [virtual interface]=2.1273;GradientBoostedTreesGeneric [virtual interface]=3.4897;Generic slow engine=7.0743
eeg-eye-state,Axis Aligned,7,3,100,100,0.1,2.0,2.0,1000,Exact,10000,2996,14,0.516,0.904539,0.257604,GradientBoostedTreesQuickScorerExtended [virtual interface],1.7768,4.2618,9.5358,GradientBoostedTreesQuickScorerExtended [virtual interface]=1.7768;GradientBoostedTreesOptPred [virtual interface]=3.1008;GradientBoostedTreesGeneric [virtual interface]=4.2618;Generic slow engine=9.5358
eeg-eye-state,Axis Aligned,8,3,100,100,0.1,2.0,2.0,1000,Exact,10000,2996,14,0.752,0.916889,0.218143,GradientBoostedTreesOptPred [virtual interface],3.8073,5.2503,14.0410,GradientBoostedTreesOptPred [virtual interface]=3.8073;GradientBoostedTreesGeneric [virtual interface]=5.2503;Generic slow engine=14.0410
eeg-eye-state,Axis Aligned,10,3,100,100,0.1,2.0,2.0,1000,Exact,10000,2996,14,1.677,0.938251,0.166214,GradientBoostedTreesOptPred [virtual interface],5.5585,7.9400,31.4990,GradientBoostedTreesOptPred [virtual interface]=5.5585;GradientBoostedTreesGeneric [virtual interface]=7.9400;Generic slow engine=31.4990
eeg-eye-state,Oblique,3,3,100,100,0.1,2.0,2.0,1000,Exact,10000,2996,14,0.631,0.850801,0.388486,GradientBoostedTreesGeneric [virtual interface],1.7183,1.7183,3.7113,GradientBoostedTreesGeneric [virtual interface]=1.7183;Generic slow engine=3.7113
eeg-eye-state,Oblique,4,3,100,100,0.1,2.0,2.0,1000,Exact,10000,2996,14,0.936,0.901869,0.288378,GradientBoostedTreesGeneric [virtual interface],3.1023,3.1023,7.2380,GradientBoostedTreesGeneric [virtual interface]=3.1023;Generic slow engine=7.2380
eeg-eye-state,Oblique,5,3,100,100,0.1,2.0,2.0,1000,Exact,10000,2996,14,1.302,0.933244,0.210644,GradientBoostedTreesGeneric [virtual interface],4.9787,4.9787,10.9860,GradientBoostedTreesGeneric [virtual interface]=4.9787;Generic slow engine=10.9860
eeg-eye-state,Oblique,6,3,100,100,0.1,2.0,2.0,1000,Exact,10000,2996,14,1.691,0.950935,0.163835,GradientBoostedTreesGeneric [virtual interface],6.8420,6.8420,15.9060,GradientBoostedTreesGeneric [virtual interface]=6.8420;Generic slow engine=15.9060
eeg-eye-state,Oblique,8,3,100,100,0.1,2.0,2.0,1000,Exact,10000,2996,14,2.944,0.968291,0.099984,GradientBoostedTreesGeneric [virtual interface],11.1030,11.1030,36.5470,GradientBoostedTreesGeneric [virtual interface]=11.1030;Generic slow engine=36.5470
eeg-eye-state,Axis Aligned,3,4,100,100,0.1,2.0,2.0,1000,Exact,10000,2996,14,0.109,0.765688,0.509188,GradientBoostedTreesQuickScorerExtended [virtual interface],0.2208,1.2423,1.9520,GradientBoostedTreesQuickScorerExtended [virtual interface]=0.2208;GradientBoostedTreesOptPred [virtual interface]=0.7043;GradientBoostedTreesGeneric [virtual interface]=1.2423;Generic slow engine=1.9520
eeg-eye-state,Axis Aligned,4,4,100,100,0.1,2.0,2.0,1000,Exact,10000,2996,14,0.163,0.808411,0.439172,GradientBoostedTreesQuickScorerExtended [virtual interface],0.3515,1.7937,3.2705,GradientBoostedTreesQuickScorerExtended [virtual interface]=0.3515;GradientBoostedTreesOptPred [virtual interface]=1.1168;GradientBoostedTreesGeneric [virtual interface]=1.7937;Generic slow engine=3.2705
eeg-eye-state,Axis Aligned,5,4,100,100,0.1,2.0,2.0,1000,Exact,10000,2996,14,0.240,0.850134,0.370774,GradientBoostedTreesQuickScorerExtended [virtual interface],0.5653,2.6090,4.8613,GradientBoostedTreesQuickScorerExtended [virtual interface]=0.5653;GradientBoostedTreesOptPred [virtual interface]=1.5933;GradientBoostedTreesGeneric [virtual interface]=2.6090;Generic slow engine=4.8613
eeg-eye-state,Axis Aligned,6,4,100,100,0.1,2.0,2.0,1000,Exact,10000,2996,14,0.356,0.884846,0.307821,GradientBoostedTreesQuickScorerExtended [virtual interface],0.9547,3.5315,7.0528,GradientBoostedTreesQuickScorerExtended [virtual interface]=0.9547;GradientBoostedTreesOptPred [virtual interface]=2.1365;GradientBoostedTreesGeneric [virtual interface]=3.5315;Generic slow engine=7.0528
eeg-eye-state,Axis Aligned,7,4,100,100,0.1,2.0,2.0,1000,Exact,10000,2996,14,0.513,0.900534,0.255169,GradientBoostedTreesQuickScorerExtended [virtual interface],1.6180,4.2328,9.6720,GradientBoostedTreesQuickScorerExtended [virtual interface]=1.6180;GradientBoostedTreesOptPred [virtual interface]=2.9398;GradientBoostedTreesGeneric [virtual interface]=4.2328;Generic slow engine=9.6720
eeg-eye-state,Axis Aligned,8,4,100,100,0.1,2.0,2.0,1000,Exact,10000,2996,14,0.771,0.919559,0.214143,GradientBoostedTreesOptPred [virtual interface],3.7353,5.1065,14.6200,GradientBoostedTreesOptPred [virtual interface]=3.7353;GradientBoostedTreesGeneric [virtual interface]=5.1065;Generic slow engine=14.6200
eeg-eye-state,Axis Aligned,10,4,100,100,0.1,2.0,2.0,1000,Exact,10000,2996,14,1.788,0.931575,0.166444,GradientBoostedTreesOptPred [virtual interface],5.3788,7.8165,33.8250,GradientBoostedTreesOptPred [virtual interface]=5.3788;GradientBoostedTreesGeneric [virtual interface]=7.8165;Generic slow engine=33.8250
eeg-eye-state,Oblique,3,4,100,100,0.1,2.0,2.0,1000,Exact,10000,2996,14,0.592,0.862483,0.3837,GradientBoostedTreesGeneric [virtual interface],1.7558,1.7558,3.7252,GradientBoostedTreesGeneric [virtual interface]=1.7558;Generic slow engine=3.7252
eeg-eye-state,Oblique,4,4,100,100,0.1,2.0,2.0,1000,Exact,10000,2996,14,0.895,0.898198,0.289262,GradientBoostedTreesGeneric [virtual interface],2.9785,2.9785,6.9650,GradientBoostedTreesGeneric [virtual interface]=2.9785;Generic slow engine=6.9650
eeg-eye-state,Oblique,5,4,100,100,0.1,2.0,2.0,1000,Exact,10000,2996,14,1.271,0.929239,0.220028,GradientBoostedTreesGeneric [virtual interface],4.7940,4.7940,10.7380,GradientBoostedTreesGeneric [virtual interface]=4.7940;Generic slow engine=10.7380
eeg-eye-state,Oblique,6,4,100,100,0.1,2.0,2.0,1000,Exact,10000,2996,14,1.676,0.940254,0.168859,GradientBoostedTreesGeneric [virtual interface],6.9440,6.9440,15.9320,GradientBoostedTreesGeneric [virtual interface]=6.9440;Generic slow engine=15.9320
eeg-eye-state,Oblique,8,4,100,100,0.1,2.0,2.0,1000,Exact,10000,2996,14,2.883,0.958611,0.110589,GradientBoostedTreesGeneric [virtual interface],11.0590,11.0590,36.1470,GradientBoostedTreesGeneric [virtual interface]=11.0590;Generic slow engine=36.1470
eeg-eye-state,Axis Aligned,3,5,100,100,0.1,2.0,2.0,1000,Exact,10000,2996,14,0.109,0.781041,0.500063,GradientBoostedTreesQuickScorerExtended [virtual interface],0.2023,1.2548,1.9410,GradientBoostedTreesQuickScorerExtended [virtual interface]=0.2023;GradientBoostedTreesOptPred [virtual interface]=0.6857;GradientBoostedTreesGeneric [virtual interface]=1.2548;Generic slow engine=1.9410
eeg-eye-state,Axis Aligned,4,5,100,100,0.1,2.0,2.0,1000,Exact,10000,2996,14,0.162,0.81976,0.432491,GradientBoostedTreesQuickScorerExtended [virtual interface],0.3548,1.8377,3.2725,GradientBoostedTreesQuickScorerExtended [virtual interface]=0.3548;GradientBoostedTreesOptPred [virtual interface]=1.1253;GradientBoostedTreesGeneric [virtual interface]=1.8377;Generic slow engine=3.2725
eeg-eye-state,Axis Aligned,5,5,100,100,0.1,2.0,2.0,1000,Exact,10000,2996,14,0.240,0.851469,0.366718,GradientBoostedTreesQuickScorerExtended [virtual interface],0.5703,2.6118,4.9270,GradientBoostedTreesQuickScorerExtended [virtual interface]=0.5703;GradientBoostedTreesOptPred [virtual interface]=1.6322;GradientBoostedTreesGeneric [virtual interface]=2.6118;Generic slow engine=4.9270
eeg-eye-state,Axis Aligned,6,5,100,100,0.1,2.0,2.0,1000,Exact,10000,2996,14,0.355,0.884179,0.306332,GradientBoostedTreesQuickScorerExtended [virtual interface],0.9663,3.3958,7.2010,GradientBoostedTreesQuickScorerExtended [virtual interface]=0.9663;GradientBoostedTreesOptPred [virtual interface]=2.0312;GradientBoostedTreesGeneric [virtual interface]=3.3958;Generic slow engine=7.2010
eeg-eye-state,Axis Aligned,7,5,100,100,0.1,2.0,2.0,1000,Exact,10000,2996,14,0.517,0.903204,0.260622,GradientBoostedTreesQuickScorerExtended [virtual interface],1.6333,4.2767,9.6690,GradientBoostedTreesQuickScorerExtended [virtual interface]=1.6333;GradientBoostedTreesOptPred [virtual interface]=3.0355;GradientBoostedTreesGeneric [virtual interface]=4.2767;Generic slow engine=9.6690
eeg-eye-state,Axis Aligned,8,5,100,100,0.1,2.0,2.0,1000,Exact,10000,2996,14,0.756,0.917557,0.223958,GradientBoostedTreesOptPred [virtual interface],3.8037,5.1545,13.9580,GradientBoostedTreesOptPred [virtual interface]=3.8037;GradientBoostedTreesGeneric [virtual interface]=5.1545;Generic slow engine=13.9580
eeg-eye-state,Axis Aligned,10,5,100,100,0.1,2.0,2.0,1000,Exact,10000,2996,14,1.629,0.928238,0.183075,GradientBoostedTreesOptPred [virtual interface],5.3785,7.6895,32.9700,GradientBoostedTreesOptPred [virtual interface]=5.3785;GradientBoostedTreesGeneric [virtual interface]=7.6895;Generic slow engine=32.9700
eeg-eye-state,Oblique,3,5,100,100,0.1,2.0,2.0,1000,Exact,10000,2996,14,0.595,0.84713,0.386282,GradientBoostedTreesGeneric [virtual interface],1.6840,1.6840,3.6435,GradientBoostedTreesGeneric [virtual interface]=1.6840;Generic slow engine=3.6435
eeg-eye-state,Oblique,4,5,100,100,0.1,2.0,2.0,1000,Exact,10000,2996,14,0.902,0.889519,0.296463,GradientBoostedTreesGeneric [virtual interface],2.9580,2.9580,6.9825,GradientBoostedTreesGeneric [virtual interface]=2.9580;Generic slow engine=6.9825
eeg-eye-state,Oblique,5,5,100,100,0.1,2.0,2.0,1000,Exact,10000,2996,14,1.254,0.924232,0.223939,GradientBoostedTreesGeneric [virtual interface],4.8573,4.8573,10.8100,GradientBoostedTreesGeneric [virtual interface]=4.8573;Generic slow engine=10.8100
eeg-eye-state,Oblique,6,5,100,100,0.1,2.0,2.0,1000,Exact,10000,2996,14,1.677,0.944259,0.16916,GradientBoostedTreesGeneric [virtual interface],6.9638,6.9638,16.1310,GradientBoostedTreesGeneric [virtual interface]=6.9638;Generic slow engine=16.1310
eeg-eye-state,Oblique,8,5,100,100,0.1,2.0,2.0,1000,Exact,10000,2996,14,2.919,0.963952,0.110258,GradientBoostedTreesGeneric [virtual interface],11.1800,11.1800,36.4310,GradientBoostedTreesGeneric [virtual interface]=11.1800;Generic slow engine=36.4310
eeg-eye-state,Axis Aligned,3,6,100,100,0.1,2.0,2.0,1000,Exact,10000,2996,14,0.110,0.782043,0.501397,GradientBoostedTreesQuickScorerExtended [virtual interface],0.2070,1.2428,1.9393,GradientBoostedTreesQuickScorerExtended [virtual interface]=0.2070;GradientBoostedTreesOptPred [virtual interface]=0.6837;GradientBoostedTreesGeneric [virtual interface]=1.2428;Generic slow engine=1.9393
eeg-eye-state,Axis Aligned,4,6,100,100,0.1,2.0,2.0,1000,Exact,10000,2996,14,0.166,0.822764,0.431135,GradientBoostedTreesQuickScorerExtended [virtual interface],0.3942,1.8622,3.2805,GradientBoostedTreesQuickScorerExtended [virtual interface]=0.3942;GradientBoostedTreesOptPred [virtual interface]=1.1533;GradientBoostedTreesGeneric [virtual interface]=1.8622;Generic slow engine=3.2805
eeg-eye-state,Axis Aligned,5,6,100,100,0.1,2.0,2.0,1000,Exact,10000,2996,14,0.245,0.861816,0.35715,GradientBoostedTreesQuickScorerExtended [virtual interface],0.5500,2.7345,4.8290,GradientBoostedTreesQuickScorerExtended [virtual interface]=0.5500;GradientBoostedTreesOptPred [virtual interface]=1.6655;GradientBoostedTreesGeneric [virtual interface]=2.7345;Generic slow engine=4.8290
eeg-eye-state,Axis Aligned,6,6,100,100,0.1,2.0,2.0,1000,Exact,10000,2996,14,0.354,0.892857,0.300884,GradientBoostedTreesQuickScorerExtended [virtual interface],0.9390,3.3925,7.1733,GradientBoostedTreesQuickScorerExtended [virtual interface]=0.9390;GradientBoostedTreesOptPred [virtual interface]=2.0248;GradientBoostedTreesGeneric [virtual interface]=3.3925;Generic slow engine=7.1733
eeg-eye-state,Axis Aligned,7,6,100,100,0.1,2.0,2.0,1000,Exact,10000,2996,14,0.529,0.915554,0.2443,GradientBoostedTreesQuickScorerExtended [virtual interface],1.6222,4.2480,9.5820,GradientBoostedTreesQuickScorerExtended [virtual interface]=1.6222;GradientBoostedTreesOptPred [virtual interface]=3.0288;GradientBoostedTreesGeneric [virtual interface]=4.2480;Generic slow engine=9.5820
eeg-eye-state,Axis Aligned,8,6,100,100,0.1,2.0,2.0,1000,Exact,10000,2996,14,0.773,0.921228,0.208461,GradientBoostedTreesOptPred [virtual interface],3.8090,5.2095,14.5310,GradientBoostedTreesOptPred [virtual interface]=3.8090;GradientBoostedTreesGeneric [virtual interface]=5.2095;Generic slow engine=14.5310
eeg-eye-state,Axis Aligned,10,6,100,100,0.1,2.0,2.0,1000,Exact,10000,2996,14,1.720,0.937583,0.160559,GradientBoostedTreesOptPred [virtual interface],5.3835,7.6960,31.5740,GradientBoostedTreesOptPred [virtual interface]=5.3835;GradientBoostedTreesGeneric [virtual interface]=7.6960;Generic slow engine=31.5740
eeg-eye-state,Oblique,3,6,100,100,0.1,2.0,2.0,1000,Exact,10000,2996,14,0.596,0.858478,0.382777,GradientBoostedTreesGeneric [virtual interface],1.7275,1.7275,3.6635,GradientBoostedTreesGeneric [virtual interface]=1.7275;Generic slow engine=3.6635
eeg-eye-state,Oblique,4,6,100,100,0.1,2.0,2.0,1000,Exact,10000,2996,14,0.905,0.912216,0.286838,GradientBoostedTreesGeneric [virtual interface],2.9712,2.9712,7.0630,GradientBoostedTreesGeneric [virtual interface]=2.9712;Generic slow engine=7.0630
eeg-eye-state,Oblique,5,6,100,100,0.1,2.0,2.0,1000,Exact,10000,2996,14,1.273,0.937583,0.210596,GradientBoostedTreesGeneric [virtual interface],4.8510,4.8510,10.6760,GradientBoostedTreesGeneric [virtual interface]=4.8510;Generic slow engine=10.6760
eeg-eye-state,Oblique,6,6,100,100,0.1,2.0,2.0,1000,Exact,10000,2996,14,1.687,0.948598,0.163077,GradientBoostedTreesGeneric [virtual interface],6.8605,6.8605,15.9570,GradientBoostedTreesGeneric [virtual interface]=6.8605;Generic slow engine=15.9570
eeg-eye-state,Oblique,8,6,100,100,0.1,2.0,2.0,1000,Exact,10000,2996,14,2.893,0.96729,0.101864,GradientBoostedTreesGeneric [virtual interface],11.1010,11.1010,36.2010,GradientBoostedTreesGeneric [virtual interface]=11.1010;Generic slow engine=36.2010
eeg-eye-state,Axis Aligned,3,7,100,100,0.1,2.0,2.0,1000,Exact,10000,2996,14,0.110,0.761348,0.512105,GradientBoostedTreesQuickScorerExtended [virtual interface],0.2065,1.2600,1.9647,GradientBoostedTreesQuickScorerExtended [virtual interface]=0.2065;GradientBoostedTreesOptPred [virtual interface]=0.6887;GradientBoostedTreesGeneric [virtual interface]=1.2600;Generic slow engine=1.9647
eeg-eye-state,Axis Aligned,4,7,100,100,0.1,2.0,2.0,1000,Exact,10000,2996,14,0.164,0.808411,0.439226,GradientBoostedTreesQuickScorerExtended [virtual interface],0.3520,1.7860,3.2850,GradientBoostedTreesQuickScorerExtended [virtual interface]=0.3520;GradientBoostedTreesOptPred [virtual interface]=1.0677;GradientBoostedTreesGeneric [virtual interface]=1.7860;Generic slow engine=3.2850
eeg-eye-state,Axis Aligned,5,7,100,100,0.1,2.0,2.0,1000,Exact,10000,2996,14,0.241,0.850801,0.370997,GradientBoostedTreesQuickScorerExtended [virtual interface],0.5500,2.6063,4.9305,GradientBoostedTreesQuickScorerExtended [virtual interface]=0.5500;GradientBoostedTreesOptPred [virtual interface]=1.5760;GradientBoostedTreesGeneric [virtual interface]=2.6063;Generic slow engine=4.9305
eeg-eye-state,Axis Aligned,6,7,100,100,0.1,2.0,2.0,1000,Exact,10000,2996,14,0.348,0.87283,0.312638,GradientBoostedTreesQuickScorerExtended [virtual interface],0.9310,3.4188,7.1052,GradientBoostedTreesQuickScorerExtended [virtual interface]=0.9310;GradientBoostedTreesOptPred [virtual interface]=2.0220;GradientBoostedTreesGeneric [virtual interface]=3.4188;Generic slow engine=7.1052
eeg-eye-state,Axis Aligned,7,7,100,100,0.1,2.0,2.0,1000,Exact,10000,2996,14,0.524,0.904206,0.256524,GradientBoostedTreesQuickScorerExtended [virtual interface],1.5833,4.3013,9.6600,GradientBoostedTreesQuickScorerExtended [virtual interface]=1.5833;GradientBoostedTreesOptPred [virtual interface]=3.0405;GradientBoostedTreesGeneric [virtual interface]=4.3013;Generic slow engine=9.6600
eeg-eye-state,Axis Aligned,8,7,100,100,0.1,2.0,2.0,1000,Exact,10000,2996,14,0.781,0.919559,0.212527,GradientBoostedTreesOptPred [virtual interface],3.7250,5.1218,14.4680,GradientBoostedTreesOptPred [virtual interface]=3.7250;GradientBoostedTreesGeneric [virtual interface]=5.1218;Generic slow engine=14.4680
eeg-eye-state,Axis Aligned,10,7,100,100,0.1,2.0,2.0,1000,Exact,10000,2996,14,1.744,0.933578,0.168074,GradientBoostedTreesOptPred [virtual interface],5.4728,7.8632,32.4290,GradientBoostedTreesOptPred [virtual interface]=5.4728;GradientBoostedTreesGeneric [virtual interface]=7.8632;Generic slow engine=32.4290
eeg-eye-state,Oblique,3,7,100,100,0.1,2.0,2.0,1000,Exact,10000,2996,14,0.601,0.854473,0.385355,GradientBoostedTreesGeneric [virtual interface],1.7045,1.7045,3.6688,GradientBoostedTreesGeneric [virtual interface]=1.7045;Generic slow engine=3.6688
eeg-eye-state,Oblique,4,7,100,100,0.1,2.0,2.0,1000,Exact,10000,2996,14,1.059,0.901202,0.290774,GradientBoostedTreesGeneric [virtual interface],3.5897,3.5897,8.1783,GradientBoostedTreesGeneric [virtual interface]=3.5897;Generic slow engine=8.1783
eeg-eye-state,Oblique,5,7,100,100,0.1,2.0,2.0,1000,Exact,10000,2996,14,1.479,0.933244,0.213802,GradientBoostedTreesGeneric [virtual interface],5.6723,5.6723,12.6440,GradientBoostedTreesGeneric [virtual interface]=5.6723;Generic slow engine=12.6440
eeg-eye-state,Oblique,6,7,100,100,0.1,2.0,2.0,1000,Exact,10000,2996,14,1.967,0.948932,0.164283,GradientBoostedTreesGeneric [virtual interface],7.4660,7.4660,16.3720,GradientBoostedTreesGeneric [virtual interface]=7.4660;Generic slow engine=16.3720
eeg-eye-state,Oblique,8,7,100,100,0.1,2.0,2.0,1000,Exact,10000,2996,14,3.674,0.968625,0.100381,GradientBoostedTreesGeneric [virtual interface],11.9410,11.9410,36.8310,GradientBoostedTreesGeneric [virtual interface]=11.9410;Generic slow engine=36.8310
eeg-eye-state,Axis Aligned,3,8,100,100,0.1,2.0,2.0,1000,Exact,10000,2996,14,0.112,0.775367,0.500981,GradientBoostedTreesQuickScorerExtended [virtual interface],0.2145,1.2683,1.9688,GradientBoostedTreesQuickScorerExtended [virtual interface]=0.2145;GradientBoostedTreesOptPred [virtual interface]=0.7093;GradientBoostedTreesGeneric [virtual interface]=1.2683;Generic slow engine=1.9688
eeg-eye-state,Axis Aligned,4,8,100,100,0.1,2.0,2.0,1000,Exact,10000,2996,14,0.166,0.82243,0.433384,GradientBoostedTreesQuickScorerExtended [virtual interface],0.3625,1.8870,3.3080,GradientBoostedTreesQuickScorerExtended [virtual interface]=0.3625;GradientBoostedTreesOptPred [virtual interface]=1.1665;GradientBoostedTreesGeneric [virtual interface]=1.8870;Generic slow engine=3.3080
eeg-eye-state,Axis Aligned,5,8,100,100,0.1,2.0,2.0,1000,Exact,10000,2996,14,0.243,0.853805,0.366788,GradientBoostedTreesQuickScorerExtended [virtual interface],0.6190,2.6270,5.0315,GradientBoostedTreesQuickScorerExtended [virtual interface]=0.6190;GradientBoostedTreesOptPred [virtual interface]=1.6113;GradientBoostedTreesGeneric [virtual interface]=2.6270;Generic slow engine=5.0315
eeg-eye-state,Axis Aligned,6,8,100,100,0.1,2.0,2.0,1000,Exact,10000,2996,14,0.357,0.884513,0.307988,GradientBoostedTreesQuickScorerExtended [virtual interface],1.0543,3.5958,7.5785,GradientBoostedTreesQuickScorerExtended [virtual interface]=1.0543;GradientBoostedTreesOptPred [virtual interface]=2.1993;GradientBoostedTreesGeneric [virtual interface]=3.5958;Generic slow engine=7.5785
eeg-eye-state,Axis Aligned,7,8,100,100,0.1,2.0,2.0,1000,Exact,10000,2996,14,0.537,0.905874,0.25258,GradientBoostedTreesQuickScorerExtended [virtual interface],1.6967,4.5410,9.9945,GradientBoostedTreesQuickScorerExtended [virtual interface]=1.6967;GradientBoostedTreesOptPred [virtual interface]=3.2020;GradientBoostedTreesGeneric [virtual interface]=4.5410;Generic slow engine=9.9945
eeg-eye-state,Axis Aligned,8,8,100,100,0.1,2.0,2.0,1000,Exact,10000,2996,14,0.783,0.917223,0.218218,GradientBoostedTreesOptPred [virtual interface],4.1093,5.6995,15.1500,GradientBoostedTreesOptPred [virtual interface]=4.1093;GradientBoostedTreesGeneric [virtual interface]=5.6995;Generic slow engine=15.1500
eeg-eye-state,Axis Aligned,10,8,100,100,0.1,2.0,2.0,1000,Exact,10000,2996,14,1.737,0.933244,0.172629,GradientBoostedTreesOptPred [virtual interface],5.6120,8.0273,31.6570,GradientBoostedTreesOptPred [virtual interface]=5.6120;GradientBoostedTreesGeneric [virtual interface]=8.0273;Generic slow engine=31.6570
eeg-eye-state,Oblique,3,8,100,100,0.1,2.0,2.0,1000,Exact,10000,2996,14,0.624,0.853137,0.390853,GradientBoostedTreesGeneric [virtual interface],1.7810,1.7810,3.9032,GradientBoostedTreesGeneric [virtual interface]=1.7810;Generic slow engine=3.9032
eeg-eye-state,Oblique,4,8,100,100,0.1,2.0,2.0,1000,Exact,10000,2996,14,0.940,0.895861,0.297501,GradientBoostedTreesGeneric [virtual interface],3.0455,3.0455,7.2198,GradientBoostedTreesGeneric [virtual interface]=3.0455;Generic slow engine=7.2198
eeg-eye-state,Oblique,5,8,100,100,0.1,2.0,2.0,1000,Exact,10000,2996,14,1.679,0.926569,0.221942,GradientBoostedTreesGeneric [virtual interface],5.0098,5.0098,11.2140,GradientBoostedTreesGeneric [virtual interface]=5.0098;Generic slow engine=11.2140
eeg-eye-state,Oblique,6,8,100,100,0.1,2.0,2.0,1000,Exact,10000,2996,14,1.767,0.949266,0.161828,GradientBoostedTreesGeneric [virtual interface],7.3975,7.3975,17.1160,GradientBoostedTreesGeneric [virtual interface]=7.3975;Generic slow engine=17.1160
eeg-eye-state,Oblique,8,8,100,100,0.1,2.0,2.0,1000,Exact,10000,2996,14,2.992,0.96462,0.105404,GradientBoostedTreesGeneric [virtual interface],11.7740,11.7740,38.1840,GradientBoostedTreesGeneric [virtual interface]=11.7740;Generic slow engine=38.1840
eeg-eye-state,Axis Aligned,3,9,100,100,0.1,2.0,2.0,1000,Exact,10000,2996,14,0.110,0.761348,0.503383,GradientBoostedTreesQuickScorerExtended [virtual interface],0.2045,1.2620,2.0020,GradientBoostedTreesQuickScorerExtended [virtual interface]=0.2045;GradientBoostedTreesOptPred [virtual interface]=0.7167;GradientBoostedTreesGeneric [virtual interface]=1.2620;Generic slow engine=2.0020
eeg-eye-state,Axis Aligned,4,9,100,100,0.1,2.0,2.0,1000,Exact,10000,2996,14,0.168,0.809079,0.435807,GradientBoostedTreesQuickScorerExtended [virtual interface],0.3673,1.8728,3.3373,GradientBoostedTreesQuickScorerExtended [virtual interface]=0.3673;GradientBoostedTreesOptPred [virtual interface]=1.1695;GradientBoostedTreesGeneric [virtual interface]=1.8728;Generic slow engine=3.3373
eeg-eye-state,Axis Aligned,5,9,100,100,0.1,2.0,2.0,1000,Exact,10000,2996,14,0.250,0.850801,0.364653,GradientBoostedTreesQuickScorerExtended [virtual interface],0.5923,2.8020,5.1270,GradientBoostedTreesQuickScorerExtended [virtual interface]=0.5923;GradientBoostedTreesOptPred [virtual interface]=1.7163;GradientBoostedTreesGeneric [virtual interface]=2.8020;Generic slow engine=5.1270
eeg-eye-state,Axis Aligned,6,9,100,99,0.1,2.0,2.0,1000,Exact,10000,2996,14,0.359,0.871829,0.313458,GradientBoostedTreesQuickScorerExtended [virtual interface],1.1467,3.5245,7.4960,GradientBoostedTreesQuickScorerExtended [virtual interface]=1.1467;GradientBoostedTreesOptPred [virtual interface]=2.1303;GradientBoostedTreesGeneric [virtual interface]=3.5245;Generic slow engine=7.4960
eeg-eye-state,Axis Aligned,7,9,100,100,0.1,2.0,2.0,1000,Exact,10000,2996,14,0.547,0.90287,0.25977,GradientBoostedTreesQuickScorerExtended [virtual interface],1.7963,4.4740,9.8228,GradientBoostedTreesQuickScorerExtended [virtual interface]=1.7963;GradientBoostedTreesOptPred [virtual interface]=3.1905;GradientBoostedTreesGeneric [virtual interface]=4.4740;Generic slow engine=9.8228
eeg-eye-state,Axis Aligned,8,9,100,100,0.1,2.0,2.0,1000,Exact,10000,2996,14,0.779,0.916222,0.223453,GradientBoostedTreesOptPred [virtual interface],3.8982,5.2870,14.1380,GradientBoostedTreesOptPred [virtual interface]=3.8982;GradientBoostedTreesGeneric [virtual interface]=5.2870;Generic slow engine=14.1380
eeg-eye-state,Axis Aligned,10,9,100,99,0.1,2.0,2.0,1000,Exact,10000,2996,14,1.723,0.930908,0.171457,GradientBoostedTreesOptPred [virtual interface],5.5280,7.9285,31.6940,GradientBoostedTreesOptPred [virtual interface]=5.5280;GradientBoostedTreesGeneric [virtual interface]=7.9285;Generic slow engine=31.6940
eeg-eye-state,Oblique,3,9,100,100,0.1,2.0,2.0,1000,Exact,10000,2996,14,0.621,0.853471,0.387966,GradientBoostedTreesGeneric [virtual interface],1.7900,1.7900,3.8752,GradientBoostedTreesGeneric [virtual interface]=1.7900;Generic slow engine=3.8752
eeg-eye-state,Oblique,4,9,100,100,0.1,2.0,2.0,1000,Exact,10000,2996,14,0.950,0.891856,0.291426,GradientBoostedTreesGeneric [virtual interface],3.1570,3.1570,7.3037,GradientBoostedTreesGeneric [virtual interface]=3.1570;Generic slow engine=7.3037
eeg-eye-state,Oblique,5,9,100,100,0.1,2.0,2.0,1000,Exact,10000,2996,14,1.347,0.923565,0.218504,GradientBoostedTreesGeneric [virtual interface],5.0970,5.0970,11.4180,GradientBoostedTreesGeneric [virtual interface]=5.0970;Generic slow engine=11.4180
eeg-eye-state,Oblique,6,9,100,100,0.1,2.0,2.0,1000,Exact,10000,2996,14,1.758,0.949266,0.163768,GradientBoostedTreesGeneric [virtual interface],7.3993,7.3993,16.6110,GradientBoostedTreesGeneric [virtual interface]=7.3993;Generic slow engine=16.6110
eeg-eye-state,Oblique,8,9,100,100,0.1,2.0,2.0,1000,Exact,10000,2996,14,3.759,0.962617,0.112473,GradientBoostedTreesGeneric [virtual interface],11.8160,11.8160,37.4300,GradientBoostedTreesGeneric [virtual interface]=11.8160;Generic slow engine=37.4300
nomao,Axis Aligned,3,0,100,100,0.1,2.0,2.0,1000,Exact,10000,6893,118,0.459,0.9514,0.130712,GradientBoostedTreesQuickScorerExtended [virtual interface],0.2968,1.1823,2.1305,GradientBoostedTreesQuickScorerExtended [virtual interface]=0.2968;GradientBoostedTreesOptPred [virtual interface]=0.6492;GradientBoostedTreesGeneric [virtual interface]=1.1823;Generic slow engine=2.1305
nomao,Axis Aligned,4,0,100,100,0.1,2.0,2.0,1000,Exact,10000,6893,118,0.742,0.956913,0.115623,GradientBoostedTreesQuickScorerExtended [virtual interface],0.5152,1.5808,3.6358,GradientBoostedTreesQuickScorerExtended [virtual interface]=0.5152;GradientBoostedTreesOptPred [virtual interface]=0.8978;GradientBoostedTreesGeneric [virtual interface]=1.5808;Generic slow engine=3.6358
nomao,Axis Aligned,5,0,100,99,0.1,2.0,2.0,1000,Exact,10000,6893,118,1.119,0.958799,0.109801,GradientBoostedTreesQuickScorerExtended [virtual interface],0.9617,2.0737,5.3303,GradientBoostedTreesQuickScorerExtended [virtual interface]=0.9617;GradientBoostedTreesOptPred [virtual interface]=1.1140;GradientBoostedTreesGeneric [virtual interface]=2.0737;Generic slow engine=5.3303
nomao,Axis Aligned,6,0,100,100,0.1,2.0,2.0,1000,Exact,10000,6893,118,1.677,0.960975,0.10325,GradientBoostedTreesOptPred [virtual interface],1.3838,2.6465,7.7043,GradientBoostedTreesOptPred [virtual interface]=1.3838;GradientBoostedTreesQuickScorerExtended [virtual interface]=1.4955;GradientBoostedTreesGeneric [virtual interface]=2.6465;Generic slow engine=7.7043
nomao,Axis Aligned,7,0,100,100,0.1,2.0,2.0,1000,Exact,10000,6893,118,2.498,0.962716,0.100571,GradientBoostedTreesOptPred [virtual interface],1.8860,3.2375,10.2060,GradientBoostedTreesOptPred [virtual interface]=1.8860;GradientBoostedTreesQuickScorerExtended [virtual interface]=2.3550;GradientBoostedTreesGeneric [virtual interface]=3.2375;Generic slow engine=10.2060
nomao,Axis Aligned,8,0,100,91,0.1,2.0,2.0,1000,Exact,10000,6893,118,3.651,0.963441,0.0998955,GradientBoostedTreesOptPred [virtual interface],2.0520,3.4530,11.8730,GradientBoostedTreesOptPred [virtual interface]=2.0520;GradientBoostedTreesGeneric [virtual interface]=3.4530;Generic slow engine=11.8730
nomao,Axis Aligned,10,0,100,80,0.1,2.0,2.0,1000,Exact,10000,6893,118,6.931,0.9617,0.108472,GradientBoostedTreesOptPred [virtual interface],2.5307,4.2205,17.3850,GradientBoostedTreesOptPred [virtual interface]=2.5307;GradientBoostedTreesGeneric [virtual interface]=4.2205;Generic slow engine=17.3850
nomao,Oblique,3,0,100,100,0.1,2.0,2.0,1000,Exact,10000,6893,118,2.033,0.953141,0.120085,GradientBoostedTreesGeneric [virtual interface],1.5085,1.5085,4.3273,GradientBoostedTreesGeneric [virtual interface]=1.5085;Generic slow engine=4.3273
nomao,Oblique,4,0,100,100,0.1,2.0,2.0,1000,Exact,10000,6893,118,3.251,0.960104,0.109169,GradientBoostedTreesGeneric [virtual interface],2.1692,2.1692,7.8420,GradientBoostedTreesGeneric [virtual interface]=2.1692;Generic slow engine=7.8420
nomao,Oblique,5,0,100,100,0.1,2.0,2.0,1000,Exact,10000,6893,118,4.907,0.96141,0.104745,GradientBoostedTreesGeneric [virtual interface],3.2067,3.2067,11.4330,GradientBoostedTreesGeneric [virtual interface]=3.2067;Generic slow engine=11.4330
nomao,Oblique,6,0,100,100,0.1,2.0,2.0,1000,Exact,10000,6893,118,5.667,0.96083,0.101507,GradientBoostedTreesGeneric [virtual interface],4.3578,4.3578,15.5300,GradientBoostedTreesGeneric [virtual interface]=4.3578;Generic slow engine=15.5300
nomao,Oblique,8,0,100,83,0.1,2.0,2.0,1000,Exact,10000,6893,118,9.127,0.96141,0.105397,GradientBoostedTreesGeneric [virtual interface],5.3980,5.3980,21.0930,GradientBoostedTreesGeneric [virtual interface]=5.3980;Generic slow engine=21.0930
nomao,Axis Aligned,3,1,100,100,0.1,2.0,2.0,1000,Exact,10000,6893,118,0.438,0.952706,0.129273,GradientBoostedTreesQuickScorerExtended [virtual interface],0.2885,1.1160,2.0623,GradientBoostedTreesQuickScorerExtended [virtual interface]=0.2885;GradientBoostedTreesOptPred [virtual interface]=0.5907;GradientBoostedTreesGeneric [virtual interface]=1.1160;Generic slow engine=2.0623
nomao,Axis Aligned,4,1,100,100,0.1,2.0,2.0,1000,Exact,10000,6893,118,0.721,0.957348,0.113521,GradientBoostedTreesQuickScorerExtended [virtual interface],0.5085,1.5682,3.5373,GradientBoostedTreesQuickScorerExtended [virtual interface]=0.5085;GradientBoostedTreesOptPred [virtual interface]=0.8842;GradientBoostedTreesGeneric [virtual interface]=1.5682;Generic slow engine=3.5373
nomao,Axis Aligned,5,1,100,100,0.1,2.0,2.0,1000,Exact,10000,6893,118,1.091,0.962135,0.103095,GradientBoostedTreesQuickScorerExtended [virtual interface],0.9637,2.0282,5.2145,GradientBoostedTreesQuickScorerExtended [virtual interface]=0.9637;GradientBoostedTreesOptPred [virtual interface]=1.0808;GradientBoostedTreesGeneric [virtual interface]=2.0282;Generic slow engine=5.2145
nomao,Axis Aligned,6,1,100,100,0.1,2.0,2.0,1000,Exact,10000,6893,118,1.618,0.963441,0.0961541,GradientBoostedTreesOptPred [virtual interface],1.3405,2.5955,7.7133,GradientBoostedTreesOptPred [virtual interface]=1.3405;GradientBoostedTreesQuickScorerExtended [virtual interface]=1.6000;GradientBoostedTreesGeneric [virtual interface]=2.5955;Generic slow engine=7.7133
nomao,Axis Aligned,7,1,100,93,0.1,2.0,2.0,1000,Exact,10000,6893,118,2.395,0.967358,0.0942491,GradientBoostedTreesOptPred [virtual interface],1.6008,2.8230,9.3332,GradientBoostedTreesOptPred [virtual interface]=1.6008;GradientBoostedTreesQuickScorerExtended [virtual interface]=2.0617;GradientBoostedTreesGeneric [virtual interface]=2.8230;Generic slow engine=9.3332
nomao,Axis Aligned,8,1,100,95,0.1,2.0,2.0,1000,Exact,10000,6893,118,3.402,0.967793,0.0933033,GradientBoostedTreesOptPred [virtual interface],2.0343,3.4735,12.2320,GradientBoostedTreesOptPred [virtual interface]=2.0343;GradientBoostedTreesGeneric [virtual interface]=3.4735;Generic slow engine=12.2320
nomao,Axis Aligned,10,1,100,100,0.1,2.0,2.0,1000,Exact,10000,6893,118,6.479,0.968229,0.096445,GradientBoostedTreesOptPred [virtual interface],3.0920,5.0808,22.0370,GradientBoostedTreesOptPred [virtual interface]=3.0920;GradientBoostedTreesGeneric [virtual interface]=5.0808;Generic slow engine=22.0370
nomao,Oblique,3,1,100,99,0.1,2.0,2.0,1000,Exact,10000,6893,118,1.858,0.957348,0.114693,GradientBoostedTreesGeneric [virtual interface],1.4355,1.4355,4.1603,GradientBoostedTreesGeneric [virtual interface]=1.4355;Generic slow engine=4.1603
nomao,Oblique,4,1,100,100,0.1,2.0,2.0,1000,Exact,10000,6893,118,2.896,0.959379,0.104859,GradientBoostedTreesGeneric [virtual interface],2.2250,2.2250,7.6402,GradientBoostedTreesGeneric [virtual interface]=2.2250;Generic slow engine=7.6402
nomao,Oblique,5,1,100,100,0.1,2.0,2.0,1000,Exact,10000,6893,118,4.330,0.963296,0.0960657,GradientBoostedTreesGeneric [virtual interface],3.2410,3.2410,11.3080,GradientBoostedTreesGeneric [virtual interface]=3.2410;Generic slow engine=11.3080
nomao,Oblique,6,1,100,100,0.1,2.0,2.0,1000,Exact,10000,6893,118,5.742,0.964602,0.0935066,GradientBoostedTreesGeneric [virtual interface],4.6690,4.6690,16.1600,GradientBoostedTreesGeneric [virtual interface]=4.6690;Generic slow engine=16.1600
nomao,Oblique,8,1,100,87,0.1,2.0,2.0,1000,Exact,10000,6893,118,9.140,0.965907,0.0925207,GradientBoostedTreesGeneric [virtual interface],5.9050,5.9050,21.9090,GradientBoostedTreesGeneric [virtual interface]=5.9050;Generic slow engine=21.9090
nomao,Axis Aligned,3,2,100,100,0.1,2.0,2.0,1000,Exact,10000,6893,118,0.430,0.95198,0.132027,GradientBoostedTreesQuickScorerExtended [virtual interface],0.2802,1.1035,2.0497,GradientBoostedTreesQuickScorerExtended [virtual interface]=0.2802;GradientBoostedTreesOptPred [virtual interface]=0.6010;GradientBoostedTreesGeneric [virtual interface]=1.1035;Generic slow engine=2.0497
nomao,Axis Aligned,4,2,100,100,0.1,2.0,2.0,1000,Exact,10000,6893,118,0.716,0.957493,0.115204,GradientBoostedTreesQuickScorerExtended [virtual interface],0.5122,1.5325,3.4443,GradientBoostedTreesQuickScorerExtended [virtual interface]=0.5122;GradientBoostedTreesOptPred [virtual interface]=0.8598;GradientBoostedTreesGeneric [virtual interface]=1.5325;Generic slow engine=3.4443
nomao,Axis Aligned,5,2,100,100,0.1,2.0,2.0,1000,Exact,10000,6893,118,1.112,0.960975,0.105615,GradientBoostedTreesQuickScorerExtended [virtual interface],0.9443,2.0525,5.3102,GradientBoostedTreesQuickScorerExtended [virtual interface]=0.9443;GradientBoostedTreesOptPred [virtual interface]=1.1035;GradientBoostedTreesGeneric [virtual interface]=2.0525;Generic slow engine=5.3102
nomao,Axis Aligned,6,2,100,100,0.1,2.0,2.0,1000,Exact,10000,6893,118,1.674,0.963006,0.100969,GradientBoostedTreesOptPred [virtual interface],1.3820,2.6315,7.5605,GradientBoostedTreesOptPred [virtual interface]=1.3820;GradientBoostedTreesQuickScorerExtended [virtual interface]=1.5793;GradientBoostedTreesGeneric [virtual interface]=2.6315;Generic slow engine=7.5605
nomao,Axis Aligned,7,2,100,97,0.1,2.0,2.0,1000,Exact,10000,6893,118,2.337,0.963006,0.0992427,GradientBoostedTreesOptPred [virtual interface],1.7220,2.9895,9.5045,GradientBoostedTreesOptPred [virtual interface]=1.7220;GradientBoostedTreesQuickScorerExtended [virtual interface]=2.3563;GradientBoostedTreesGeneric [virtual interface]=2.9895;Generic slow engine=9.5045
nomao,Axis Aligned,8,2,100,88,0.1,2.0,2.0,1000,Exact,10000,6893,118,3.356,0.962716,0.101193,GradientBoostedTreesOptPred [virtual interface],1.7800,3.1042,10.8350,GradientBoostedTreesOptPred [virtual interface]=1.7800;GradientBoostedTreesGeneric [virtual interface]=3.1042;Generic slow engine=10.8350
nomao,Axis Aligned,10,2,100,63,0.1,2.0,2.0,1000,Exact,10000,6893,118,6.019,0.963441,0.103214,GradientBoostedTreesOptPred [virtual interface],1.7355,2.9678,11.8490,GradientBoostedTreesOptPred [virtual interface]=1.7355;GradientBoostedTreesGeneric [virtual interface]=2.9678;Generic slow engine=11.8490
nomao,Oblique,3,2,100,100,0.1,2.0,2.0,1000,Exact,10000,6893,118,1.826,0.955752,0.118913,GradientBoostedTreesGeneric [virtual interface],1.4365,1.4365,4.0895,GradientBoostedTreesGeneric [virtual interface]=1.4365;Generic slow engine=4.0895
nomao,Oblique,4,2,100,100,0.1,2.0,2.0,1000,Exact,10000,6893,118,2.815,0.959669,0.106699,GradientBoostedTreesGeneric [virtual interface],2.0892,2.0892,7.4990,GradientBoostedTreesGeneric [virtual interface]=2.0892;Generic slow engine=7.4990
nomao,Oblique,5,2,100,96,0.1,2.0,2.0,1000,Exact,10000,6893,118,3.929,0.961265,0.10193,GradientBoostedTreesGeneric [virtual interface],2.8693,2.8693,10.7360,GradientBoostedTreesGeneric [virtual interface]=2.8693;Generic slow engine=10.7360
nomao,Oblique,6,2,100,76,0.1,2.0,2.0,1000,Exact,10000,6893,118,5.338,0.963006,0.102038,GradientBoostedTreesGeneric [virtual interface],3.1252,3.1252,11.7000,GradientBoostedTreesGeneric [virtual interface]=3.1252;Generic slow engine=11.7000
nomao,Oblique,8,2,100,72,0.1,2.0,2.0,1000,Exact,10000,6893,118,8.966,0.96199,0.104484,GradientBoostedTreesGeneric [virtual interface],4.4817,4.4817,17.3140,GradientBoostedTreesGeneric [virtual interface]=4.4817;Generic slow engine=17.3140
nomao,Axis Aligned,3,3,100,100,0.1,2.0,2.0,1000,Exact,10000,6893,118,0.437,0.947048,0.132232,GradientBoostedTreesQuickScorerExtended [virtual interface],0.2710,1.0902,2.0322,GradientBoostedTreesQuickScorerExtended [virtual interface]=0.2710;GradientBoostedTreesOptPred [virtual interface]=0.5847;GradientBoostedTreesGeneric [virtual interface]=1.0902;Generic slow engine=2.0322
nomao,Axis Aligned,4,3,100,100,0.1,2.0,2.0,1000,Exact,10000,6893,118,0.723,0.952706,0.119724,GradientBoostedTreesQuickScorerExtended [virtual interface],0.5208,1.5335,3.4340,GradientBoostedTreesQuickScorerExtended [virtual interface]=0.5208;GradientBoostedTreesOptPred [virtual interface]=0.8805;GradientBoostedTreesGeneric [virtual interface]=1.5335;Generic slow engine=3.4340
nomao,Axis Aligned,5,3,100,100,0.1,2.0,2.0,1000,Exact,10000,6893,118,1.119,0.957348,0.111007,GradientBoostedTreesQuickScorerExtended [virtual interface],0.9367,2.0245,5.2248,GradientBoostedTreesQuickScorerExtended [virtual interface]=0.9367;GradientBoostedTreesOptPred [virtual interface]=1.1018;GradientBoostedTreesGeneric [virtual interface]=2.0245;Generic slow engine=5.2248
nomao,Axis Aligned,6,3,100,99,0.1,2.0,2.0,1000,Exact,10000,6893,118,1.661,0.958364,0.105885,GradientBoostedTreesOptPred [virtual interface],1.3043,2.5190,7.3758,GradientBoostedTreesOptPred [virtual interface]=1.3043;GradientBoostedTreesQuickScorerExtended [virtual interface]=1.4763;GradientBoostedTreesGeneric [virtual interface]=2.5190;Generic slow engine=7.3758
nomao,Axis Aligned,7,3,100,100,0.1,2.0,2.0,1000,Exact,10000,6893,118,2.395,0.96025,0.104847,GradientBoostedTreesOptPred [virtual interface],1.7190,3.0150,9.6500,GradientBoostedTreesOptPred [virtual interface]=1.7190;GradientBoostedTreesQuickScorerExtended [virtual interface]=2.2245;GradientBoostedTreesGeneric [virtual interface]=3.0150;Generic slow engine=9.6500
nomao,Axis Aligned,8,3,100,93,0.1,2.0,2.0,1000,Exact,10000,6893,118,3.357,0.962135,0.101225,GradientBoostedTreesOptPred [virtual interface],1.9363,3.3367,11.4670,GradientBoostedTreesOptPred [virtual interface]=1.9363;GradientBoostedTreesGeneric [virtual interface]=3.3367;Generic slow engine=11.4670
nomao,Axis Aligned,10,3,100,67,0.1,2.0,2.0,1000,Exact,10000,6893,118,6.255,0.962716,0.105852,GradientBoostedTreesOptPred [virtual interface],1.9263,3.3250,12.9120,GradientBoostedTreesOptPred [virtual interface]=1.9263;GradientBoostedTreesGeneric [virtual interface]=3.3250;Generic slow engine=12.9120
nomao,Oblique,3,3,100,100,0.1,2.0,2.0,1000,Exact,10000,6893,118,4.192,0.954301,0.121066,GradientBoostedTreesGeneric [virtual interface],1.6623,1.6623,4.7962,GradientBoostedTreesGeneric [virtual interface]=1.6623;Generic slow engine=4.7962
nomao,Oblique,4,3,100,100,0.1,2.0,2.0,1000,Exact,10000,6893,118,3.344,0.956333,0.111177,GradientBoostedTreesGeneric [virtual interface],2.5570,2.5570,8.7873,GradientBoostedTreesGeneric [virtual interface]=2.5570;Generic slow engine=8.7873
nomao,Oblique,5,3,100,100,0.1,2.0,2.0,1000,Exact,10000,6893,118,4.636,0.959234,0.106391,GradientBoostedTreesGeneric [virtual interface],3.6565,3.6565,13.0920,GradientBoostedTreesGeneric [virtual interface]=3.6565;Generic slow engine=13.0920
nomao,Oblique,6,3,100,100,0.1,2.0,2.0,1000,Exact,10000,6893,118,10.706,0.96054,0.102187,GradientBoostedTreesGeneric [virtual interface],5.0788,5.0788,18.4100,GradientBoostedTreesGeneric [virtual interface]=5.0788;Generic slow engine=18.4100
nomao,Oblique,8,3,100,74,0.1,2.0,2.0,1000,Exact,10000,6893,118,10.241,0.961555,0.106355,GradientBoostedTreesGeneric [virtual interface],5.5503,5.5503,21.0650,GradientBoostedTreesGeneric [virtual interface]=5.5503;Generic slow engine=21.0650
nomao,Axis Aligned,3,4,100,99,0.1,2.0,2.0,1000,Exact,10000,6893,118,0.479,0.945162,0.139074,GradientBoostedTreesQuickScorerExtended [virtual interface],0.3145,1.2520,2.3973,GradientBoostedTreesQuickScorerExtended [virtual interface]=0.3145;GradientBoostedTreesOptPred [virtual interface]=0.6777;GradientBoostedTreesGeneric [virtual interface]=1.2520;Generic slow engine=2.3973
nomao,Axis Aligned,4,4,100,100,0.1,2.0,2.0,1000,Exact,10000,6893,118,0.809,0.95227,0.122732,GradientBoostedTreesQuickScorerExtended [virtual interface],0.5910,1.8140,4.1033,GradientBoostedTreesQuickScorerExtended [virtual interface]=0.5910;GradientBoostedTreesOptPred [virtual interface]=1.0545;GradientBoostedTreesGeneric [virtual interface]=1.8140;Generic slow engine=4.1033
nomao,Axis Aligned,5,4,100,100,0.1,2.0,2.0,1000,Exact,10000,6893,118,1.227,0.957493,0.113043,GradientBoostedTreesQuickScorerExtended [virtual interface],1.0648,2.4530,6.1288,GradientBoostedTreesQuickScorerExtended [virtual interface]=1.0648;GradientBoostedTreesOptPred [virtual interface]=1.3510;GradientBoostedTreesGeneric [virtual interface]=2.4530;Generic slow engine=6.1288
nomao,Axis Aligned,6,4,100,98,0.1,2.0,2.0,1000,Exact,10000,6893,118,1.805,0.959089,0.107887,GradientBoostedTreesOptPred [virtual interface],1.5945,3.0383,8.6493,GradientBoostedTreesOptPred [virtual interface]=1.5945;GradientBoostedTreesQuickScorerExtended [virtual interface]=1.7528;GradientBoostedTreesGeneric [virtual interface]=3.0383;Generic slow engine=8.6493
nomao,Axis Aligned,7,4,100,100,0.1,2.0,2.0,1000,Exact,10000,6893,118,2.613,0.959959,0.106694,GradientBoostedTreesOptPred [virtual interface],2.1565,3.7060,11.4350,GradientBoostedTreesOptPred [virtual interface]=2.1565;GradientBoostedTreesQuickScorerExtended [virtual interface]=2.6160;GradientBoostedTreesGeneric [virtual interface]=3.7060;Generic slow engine=11.4350
nomao,Axis Aligned,8,4,100,90,0.1,2.0,2.0,1000,Exact,10000,6893,118,3.650,0.96054,0.106131,GradientBoostedTreesOptPred [virtual interface],2.2920,3.8805,13.2050,GradientBoostedTreesOptPred [virtual interface]=2.2920;GradientBoostedTreesGeneric [virtual interface]=3.8805;Generic slow engine=13.2050
nomao,Axis Aligned,10,4,100,80,0.1,2.0,2.0,1000,Exact,10000,6893,118,6.701,0.960685,0.111011,GradientBoostedTreesOptPred [virtual interface],2.8527,4.7572,18.5500,GradientBoostedTreesOptPred [virtual interface]=2.8527;GradientBoostedTreesGeneric [virtual interface]=4.7572;Generic slow engine=18.5500
nomao,Oblique,3,4,100,100,0.1,2.0,2.0,1000,Exact,10000,6893,118,2.166,0.950675,0.124639,GradientBoostedTreesGeneric [virtual interface],1.7007,1.7007,4.8442,GradientBoostedTreesGeneric [virtual interface]=1.7007;Generic slow engine=4.8442
nomao,Oblique,4,4,100,100,0.1,2.0,2.0,1000,Exact,10000,6893,118,3.333,0.956478,0.114304,GradientBoostedTreesGeneric [virtual interface],2.5765,2.5765,8.8595,GradientBoostedTreesGeneric [virtual interface]=2.5765;Generic slow engine=8.8595
nomao,Oblique,5,4,100,97,0.1,2.0,2.0,1000,Exact,10000,6893,118,4.603,0.958654,0.109111,GradientBoostedTreesGeneric [virtual interface],3.7200,3.7200,12.8350,GradientBoostedTreesGeneric [virtual interface]=3.7200;Generic slow engine=12.8350
nomao,Oblique,6,4,100,99,0.1,2.0,2.0,1000,Exact,10000,6893,118,6.121,0.961845,0.102135,GradientBoostedTreesGeneric [virtual interface],5.1355,5.1355,18.9840,GradientBoostedTreesGeneric [virtual interface]=5.1355;Generic slow engine=18.9840
nomao,Oblique,8,4,100,91,0.1,2.0,2.0,1000,Exact,10000,6893,118,10.236,0.960395,0.109044,GradientBoostedTreesGeneric [virtual interface],7.2243,7.2243,27.1780,GradientBoostedTreesGeneric [virtual interface]=7.2243;Generic slow engine=27.1780
nomao,Axis Aligned,3,5,100,100,0.1,2.0,2.0,1000,Exact,10000,6893,118,0.482,0.948063,0.136349,GradientBoostedTreesQuickScorerExtended [virtual interface],0.3227,1.2993,2.4003,GradientBoostedTreesQuickScorerExtended [virtual interface]=0.3227;GradientBoostedTreesOptPred [virtual interface]=0.7107;GradientBoostedTreesGeneric [virtual interface]=1.2993;Generic slow engine=2.4003
nomao,Axis Aligned,4,5,100,100,0.1,2.0,2.0,1000,Exact,10000,6893,118,0.815,0.951255,0.122571,GradientBoostedTreesQuickScorerExtended [virtual interface],0.6000,1.8588,4.1102,GradientBoostedTreesQuickScorerExtended [virtual interface]=0.6000;GradientBoostedTreesOptPred [virtual interface]=1.0710;GradientBoostedTreesGeneric [virtual interface]=1.8588;Generic slow engine=4.1102
nomao,Axis Aligned,5,5,100,100,0.1,2.0,2.0,1000,Exact,10000,6893,118,1.225,0.952996,0.113907,GradientBoostedTreesQuickScorerExtended [virtual interface],1.0895,2.3952,6.1175,GradientBoostedTreesQuickScorerExtended [virtual interface]=1.0895;GradientBoostedTreesOptPred [virtual interface]=1.2993;GradientBoostedTreesGeneric [virtual interface]=2.3952;Generic slow engine=6.1175
nomao,Axis Aligned,6,5,100,100,0.1,2.0,2.0,1000,Exact,10000,6893,118,1.816,0.956913,0.108118,GradientBoostedTreesOptPred [virtual interface],1.5590,3.0242,8.8225,GradientBoostedTreesOptPred [virtual interface]=1.5590;GradientBoostedTreesQuickScorerExtended [virtual interface]=1.7688;GradientBoostedTreesGeneric [virtual interface]=3.0242;Generic slow engine=8.8225
nomao,Axis Aligned,7,5,100,97,0.1,2.0,2.0,1000,Exact,10000,6893,118,2.580,0.957203,0.105459,GradientBoostedTreesOptPred [virtual interface],2.0415,3.5238,11.0190,GradientBoostedTreesOptPred [virtual interface]=2.0415;GradientBoostedTreesQuickScorerExtended [virtual interface]=2.5130;GradientBoostedTreesGeneric [virtual interface]=3.5238;Generic slow engine=11.0190
nomao,Axis Aligned,8,5,100,100,0.1,2.0,2.0,1000,Exact,10000,6893,118,3.647,0.956768,0.107438,GradientBoostedTreesOptPred [virtual interface],2.4912,4.2575,14.6660,GradientBoostedTreesOptPred [virtual interface]=2.4912;GradientBoostedTreesGeneric [virtual interface]=4.2575;Generic slow engine=14.6660
nomao,Axis Aligned,10,5,100,79,0.1,2.0,2.0,1000,Exact,10000,6893,118,6.876,0.957493,0.11057,GradientBoostedTreesOptPred [virtual interface],2.7150,4.5940,18.2720,GradientBoostedTreesOptPred [virtual interface]=2.7150;GradientBoostedTreesGeneric [virtual interface]=4.5940;Generic slow engine=18.2720
nomao,Oblique,3,5,100,98,0.1,2.0,2.0,1000,Exact,10000,6893,118,2.157,0.952706,0.122469,GradientBoostedTreesGeneric [virtual interface],1.6435,1.6435,4.7483,GradientBoostedTreesGeneric [virtual interface]=1.6435;Generic slow engine=4.7483
nomao,Oblique,4,5,100,100,0.1,2.0,2.0,1000,Exact,10000,6893,118,3.311,0.955752,0.111318,GradientBoostedTreesGeneric [virtual interface],2.5793,2.5793,8.8950,GradientBoostedTreesGeneric [virtual interface]=2.5793;Generic slow engine=8.8950
nomao,Oblique,5,5,100,96,0.1,2.0,2.0,1000,Exact,10000,6893,118,4.647,0.957928,0.106555,GradientBoostedTreesGeneric [virtual interface],3.7303,3.7303,12.6840,GradientBoostedTreesGeneric [virtual interface]=3.7303;Generic slow engine=12.6840
nomao,Oblique,6,5,100,98,0.1,2.0,2.0,1000,Exact,10000,6893,118,6.133,0.957493,0.103531,GradientBoostedTreesGeneric [virtual interface],5.2317,5.2317,18.1510,GradientBoostedTreesGeneric [virtual interface]=5.2317;Generic slow engine=18.1510
nomao,Oblique,8,5,100,64,0.1,2.0,2.0,1000,Exact,10000,6893,118,9.557,0.958654,0.106663,GradientBoostedTreesGeneric [virtual interface],4.8303,4.8303,18.4360,GradientBoostedTreesGeneric [virtual interface]=4.8303;Generic slow engine=18.4360
nomao,Axis Aligned,3,6,100,100,0.1,2.0,2.0,1000,Exact,10000,6893,118,0.487,0.949804,0.135392,GradientBoostedTreesQuickScorerExtended [virtual interface],0.3267,1.2683,2.4235,GradientBoostedTreesQuickScorerExtended [virtual interface]=0.3267;GradientBoostedTreesOptPred [virtual interface]=0.6805;GradientBoostedTreesGeneric [virtual interface]=1.2683;Generic slow engine=2.4235
nomao,Axis Aligned,4,6,100,100,0.1,2.0,2.0,1000,Exact,10000,6893,118,0.806,0.953576,0.12176,GradientBoostedTreesQuickScorerExtended [virtual interface],0.5972,1.7712,4.1277,GradientBoostedTreesQuickScorerExtended [virtual interface]=0.5972;GradientBoostedTreesOptPred [virtual interface]=0.9775;GradientBoostedTreesGeneric [virtual interface]=1.7712;Generic slow engine=4.1277
nomao,Axis Aligned,5,6,100,100,0.1,2.0,2.0,1000,Exact,10000,6893,118,1.204,0.957638,0.112053,GradientBoostedTreesQuickScorerExtended [virtual interface],1.0460,2.3898,6.1008,GradientBoostedTreesQuickScorerExtended [virtual interface]=1.0460;GradientBoostedTreesOptPred [virtual interface]=1.2823;GradientBoostedTreesGeneric [virtual interface]=2.3898;Generic slow engine=6.1008
nomao,Axis Aligned,6,6,100,99,0.1,2.0,2.0,1000,Exact,10000,6893,118,1.774,0.958944,0.109218,GradientBoostedTreesOptPred [virtual interface],1.5183,2.9435,8.6478,GradientBoostedTreesOptPred [virtual interface]=1.5183;GradientBoostedTreesQuickScorerExtended [virtual interface]=1.6390;GradientBoostedTreesGeneric [virtual interface]=2.9435;Generic slow engine=8.6478
nomao,Axis Aligned,7,6,100,95,0.1,2.0,2.0,1000,Exact,10000,6893,118,2.573,0.959959,0.107372,GradientBoostedTreesOptPred [virtual interface],1.9395,3.3763,10.7150,GradientBoostedTreesOptPred [virtual interface]=1.9395;GradientBoostedTreesQuickScorerExtended [virtual interface]=2.4105;GradientBoostedTreesGeneric [virtual interface]=3.3763;Generic slow engine=10.7150
nomao,Axis Aligned,8,6,100,92,0.1,2.0,2.0,1000,Exact,10000,6893,118,3.773,0.959959,0.108617,GradientBoostedTreesOptPred [virtual interface],2.3475,3.9992,13.2590,GradientBoostedTreesOptPred [virtual interface]=2.3475;GradientBoostedTreesGeneric [virtual interface]=3.9992;Generic slow engine=13.2590
nomao,Axis Aligned,10,6,100,51,0.1,2.0,2.0,1000,Exact,10000,6893,118,6.073,0.957203,0.116985,GradientBoostedTreesOptPred [virtual interface],1.6310,2.8540,10.8920,GradientBoostedTreesOptPred [virtual interface]=1.6310;GradientBoostedTreesGeneric [virtual interface]=2.8540;Generic slow engine=10.8920
nomao,Oblique,3,6,100,100,0.1,2.0,2.0,1000,Exact,10000,6893,118,2.163,0.953431,0.120557,GradientBoostedTreesGeneric [virtual interface],1.7225,1.7225,4.8068,GradientBoostedTreesGeneric [virtual interface]=1.7225;Generic slow engine=4.8068
nomao,Oblique,4,6,100,100,0.1,2.0,2.0,1000,Exact,10000,6893,118,3.311,0.955752,0.112343,GradientBoostedTreesGeneric [virtual interface],2.5842,2.5842,8.8663,GradientBoostedTreesGeneric [virtual interface]=2.5842;Generic slow engine=8.8663
nomao,Oblique,5,6,100,100,0.1,2.0,2.0,1000,Exact,10000,6893,118,4.630,0.960104,0.106431,GradientBoostedTreesGeneric [virtual interface],3.7858,3.7858,13.1100,GradientBoostedTreesGeneric [virtual interface]=3.7858;Generic slow engine=13.1100
nomao,Oblique,6,6,100,94,0.1,2.0,2.0,1000,Exact,10000,6893,118,6.210,0.958944,0.10418,GradientBoostedTreesGeneric [virtual interface],5.0397,5.0397,17.4570,GradientBoostedTreesGeneric [virtual interface]=5.0397;Generic slow engine=17.4570
nomao,Oblique,8,6,100,63,0.1,2.0,2.0,1000,Exact,10000,6893,118,9.771,0.959669,0.108053,GradientBoostedTreesGeneric [virtual interface],4.7367,4.7367,18.0900,GradientBoostedTreesGeneric [virtual interface]=4.7367;Generic slow engine=18.0900
nomao,Axis Aligned,3,7,100,100,0.1,2.0,2.0,1000,Exact,10000,6893,118,0.485,0.95053,0.130573,GradientBoostedTreesQuickScorerExtended [virtual interface],0.3177,1.2815,2.3875,GradientBoostedTreesQuickScorerExtended [virtual interface]=0.3177;GradientBoostedTreesOptPred [virtual interface]=0.6897;GradientBoostedTreesGeneric [virtual interface]=1.2815;Generic slow engine=2.3875
nomao,Axis Aligned,4,7,100,100,0.1,2.0,2.0,1000,Exact,10000,6893,118,0.804,0.955607,0.115561,GradientBoostedTreesQuickScorerExtended [virtual interface],0.5985,1.7823,4.0370,GradientBoostedTreesQuickScorerExtended [virtual interface]=0.5985;GradientBoostedTreesOptPred [virtual interface]=1.0060;GradientBoostedTreesGeneric [virtual interface]=1.7823;Generic slow engine=4.0370
nomao,Axis Aligned,5,7,100,100,0.1,2.0,2.0,1000,Exact,10000,6893,118,1.232,0.959669,0.104337,GradientBoostedTreesQuickScorerExtended [virtual interface],1.1195,2.3545,6.1315,GradientBoostedTreesQuickScorerExtended [virtual interface]=1.1195;GradientBoostedTreesOptPred [virtual interface]=1.2655;GradientBoostedTreesGeneric [virtual interface]=2.3545;Generic slow engine=6.1315
nomao,Axis Aligned,6,7,100,100,0.1,2.0,2.0,1000,Exact,10000,6893,118,1.789,0.962716,0.099323,GradientBoostedTreesOptPred [virtual interface],1.5597,3.0312,8.7895,GradientBoostedTreesOptPred [virtual interface]=1.5597;GradientBoostedTreesQuickScorerExtended [virtual interface]=1.7728;GradientBoostedTreesGeneric [virtual interface]=3.0312;Generic slow engine=8.7895
nomao,Axis Aligned,7,7,100,94,0.1,2.0,2.0,1000,Exact,10000,6893,118,2.543,0.962716,0.0986557,GradientBoostedTreesOptPred [virtual interface],1.8915,3.3295,10.6490,GradientBoostedTreesOptPred [virtual interface]=1.8915;GradientBoostedTreesQuickScorerExtended [virtual interface]=2.6677;GradientBoostedTreesGeneric [virtual interface]=3.3295;Generic slow engine=10.6490
nomao,Axis Aligned,8,7,100,82,0.1,2.0,2.0,1000,Exact,10000,6893,118,3.579,0.960104,0.099072,GradientBoostedTreesOptPred [virtual interface],1.9420,3.3885,11.8880,GradientBoostedTreesOptPred [virtual interface]=1.9420;GradientBoostedTreesGeneric [virtual interface]=3.3885;Generic slow engine=11.8880
nomao,Axis Aligned,10,7,100,66,0.1,2.0,2.0,1000,Exact,10000,6893,118,6.698,0.960395,0.103928,GradientBoostedTreesOptPred [virtual interface],2.2847,3.8415,14.5300,GradientBoostedTreesOptPred [virtual interface]=2.2847;GradientBoostedTreesGeneric [virtual interface]=3.8415;Generic slow engine=14.5300
nomao,Oblique,3,7,100,100,0.1,2.0,2.0,1000,Exact,10000,6893,118,2.194,0.955752,0.117201,GradientBoostedTreesGeneric [virtual interface],1.6720,1.6720,4.8347,GradientBoostedTreesGeneric [virtual interface]=1.6720;Generic slow engine=4.8347
nomao,Oblique,4,7,100,98,0.1,2.0,2.0,1000,Exact,10000,6893,118,3.309,0.959234,0.105132,GradientBoostedTreesGeneric [virtual interface],2.4358,2.4358,8.6975,GradientBoostedTreesGeneric [virtual interface]=2.4358;Generic slow engine=8.6975
nomao,Oblique,5,7,100,98,0.1,2.0,2.0,1000,Exact,10000,6893,118,4.635,0.962135,0.0995602,GradientBoostedTreesGeneric [virtual interface],3.4817,3.4817,12.7530,GradientBoostedTreesGeneric [virtual interface]=3.4817;Generic slow engine=12.7530
nomao,Oblique,6,7,100,100,0.1,2.0,2.0,1000,Exact,10000,6893,118,6.130,0.962135,0.0956069,GradientBoostedTreesGeneric [virtual interface],5.1487,5.1487,18.3670,GradientBoostedTreesGeneric [virtual interface]=5.1487;Generic slow engine=18.3670
nomao,Oblique,8,7,100,69,0.1,2.0,2.0,1000,Exact,10000,6893,118,10.172,0.964602,0.0961369,GradientBoostedTreesGeneric [virtual interface],5.1502,5.1502,20.0090,GradientBoostedTreesGeneric [virtual interface]=5.1502;Generic slow engine=20.0090
nomao,Axis Aligned,3,8,100,100,0.1,2.0,2.0,1000,Exact,10000,6893,118,0.485,0.953431,0.126737,GradientBoostedTreesQuickScorerExtended [virtual interface],0.3192,1.2833,2.4070,GradientBoostedTreesQuickScorerExtended [virtual interface]=0.3192;GradientBoostedTreesOptPred [virtual interface]=0.6957;GradientBoostedTreesGeneric [virtual interface]=1.2833;Generic slow engine=2.4070
nomao,Axis Aligned,4,8,100,100,0.1,2.0,2.0,1000,Exact,10000,6893,118,0.803,0.959234,0.108996,GradientBoostedTreesQuickScorerExtended [virtual interface],0.6325,1.8588,4.1052,GradientBoostedTreesQuickScorerExtended [virtual interface]=0.6325;GradientBoostedTreesOptPred [virtual interface]=1.0180;GradientBoostedTreesGeneric [virtual interface]=1.8588;Generic slow engine=4.1052
nomao,Axis Aligned,5,8,100,100,0.1,2.0,2.0,1000,Exact,10000,6893,118,1.204,0.961555,0.100113,GradientBoostedTreesQuickScorerExtended [virtual interface],1.0705,2.3675,6.1325,GradientBoostedTreesQuickScorerExtended [virtual interface]=1.0705;GradientBoostedTreesOptPred [virtual interface]=1.2810;GradientBoostedTreesGeneric [virtual interface]=2.3675;Generic slow engine=6.1325
nomao,Axis Aligned,6,8,100,98,0.1,2.0,2.0,1000,Exact,10000,6893,118,1.812,0.964457,0.0952772,GradientBoostedTreesOptPred [virtual interface],1.5588,2.9765,8.7588,GradientBoostedTreesOptPred [virtual interface]=1.5588;GradientBoostedTreesQuickScorerExtended [virtual interface]=1.8453;GradientBoostedTreesGeneric [virtual interface]=2.9765;Generic slow engine=8.7588
nomao,Axis Aligned,7,8,100,100,0.1,2.0,2.0,1000,Exact,10000,6893,118,2.592,0.966198,0.0909809,GradientBoostedTreesOptPred [virtual interface],2.0598,3.6063,11.8830,GradientBoostedTreesOptPred [virtual interface]=2.0598;GradientBoostedTreesQuickScorerExtended [virtual interface]=2.4660;GradientBoostedTreesGeneric [virtual interface]=3.6063;Generic slow engine=11.8830
nomao,Axis Aligned,8,8,100,100,0.1,2.0,2.0,1000,Exact,10000,6893,118,3.815,0.966198,0.0902846,GradientBoostedTreesOptPred [virtual interface],2.5045,4.2895,15.6710,GradientBoostedTreesOptPred [virtual interface]=2.5045;GradientBoostedTreesGeneric [virtual interface]=4.2895;Generic slow engine=15.6710
nomao,Axis Aligned,10,8,100,93,0.1,2.0,2.0,1000,Exact,10000,6893,118,6.863,0.967938,0.0921395,GradientBoostedTreesOptPred [virtual interface],3.3240,5.4610,24.2910,GradientBoostedTreesOptPred [virtual interface]=3.3240;GradientBoostedTreesGeneric [virtual interface]=5.4610;Generic slow engine=24.2910
nomao,Oblique,3,8,100,100,0.1,2.0,2.0,1000,Exact,10000,6893,118,2.171,0.957348,0.113227,GradientBoostedTreesGeneric [virtual interface],1.6805,1.6805,5.0660,GradientBoostedTreesGeneric [virtual interface]=1.6805;Generic slow engine=5.0660
nomao,Oblique,4,8,100,100,0.1,2.0,2.0,1000,Exact,10000,6893,118,3.337,0.963296,0.0999261,GradientBoostedTreesGeneric [virtual interface],2.5650,2.5650,8.9217,GradientBoostedTreesGeneric [virtual interface]=2.5650;Generic slow engine=8.9217
nomao,Oblique,5,8,100,100,0.1,2.0,2.0,1000,Exact,10000,6893,118,4.627,0.966343,0.0941902,GradientBoostedTreesGeneric [virtual interface],3.6212,3.6212,13.1740,GradientBoostedTreesGeneric [virtual interface]=3.6212;Generic slow engine=13.1740
nomao,Oblique,6,8,100,100,0.1,2.0,2.0,1000,Exact,10000,6893,118,6.185,0.965762,0.0890137,GradientBoostedTreesGeneric [virtual interface],5.3375,5.3375,18.8760,GradientBoostedTreesGeneric [virtual interface]=5.3375;Generic slow engine=18.8760
nomao,Oblique,8,8,100,84,0.1,2.0,2.0,1000,Exact,10000,6893,118,10.294,0.967358,0.0887821,GradientBoostedTreesGeneric [virtual interface],6.8993,6.8993,25.3120,GradientBoostedTreesGeneric [virtual interface]=6.8993;Generic slow engine=25.3120
nomao,Axis Aligned,3,9,100,100,0.1,2.0,2.0,1000,Exact,10000,6893,118,0.496,0.948789,0.132608,GradientBoostedTreesQuickScorerExtended [virtual interface],0.3192,1.2615,2.3933,GradientBoostedTreesQuickScorerExtended [virtual interface]=0.3192;GradientBoostedTreesOptPred [virtual interface]=0.6693;GradientBoostedTreesGeneric [virtual interface]=1.2615;Generic slow engine=2.3933
nomao,Axis Aligned,4,9,100,100,0.1,2.0,2.0,1000,Exact,10000,6893,118,0.813,0.954882,0.116025,GradientBoostedTreesQuickScorerExtended [virtual interface],0.6100,1.8028,4.0767,GradientBoostedTreesQuickScorerExtended [virtual interface]=0.6100;GradientBoostedTreesOptPred [virtual interface]=1.0063;GradientBoostedTreesGeneric [virtual interface]=1.8028;Generic slow engine=4.0767
nomao,Axis Aligned,5,9,100,100,0.1,2.0,2.0,1000,Exact,10000,6893,118,1.243,0.956623,0.109017,GradientBoostedTreesQuickScorerExtended [virtual interface],1.1453,2.3782,6.1008,GradientBoostedTreesQuickScorerExtended [virtual interface]=1.1453;GradientBoostedTreesOptPred [virtual interface]=1.2797;GradientBoostedTreesGeneric [virtual interface]=2.3782;Generic slow engine=6.1008
nomao,Axis Aligned,6,9,100,99,0.1,2.0,2.0,1000,Exact,10000,6893,118,1.833,0.958799,0.104668,GradientBoostedTreesOptPred [virtual interface],1.5305,2.9792,8.8080,GradientBoostedTreesOptPred [virtual interface]=1.5305;GradientBoostedTreesQuickScorerExtended [virtual interface]=1.9280;GradientBoostedTreesGeneric [virtual interface]=2.9792;Generic slow engine=8.8080
nomao,Axis Aligned,7,9,100,100,0.1,2.0,2.0,1000,Exact,10000,6893,118,2.586,0.960685,0.101467,GradientBoostedTreesOptPred [virtual interface],2.0623,3.6073,11.6770,GradientBoostedTreesOptPred [virtual interface]=2.0623;GradientBoostedTreesQuickScorerExtended [virtual interface]=2.4835;GradientBoostedTreesGeneric [virtual interface]=3.6073;Generic slow engine=11.6770
nomao,Axis Aligned,8,9,100,100,0.1,2.0,2.0,1000,Exact,10000,6893,118,3.811,0.96054,0.10469,GradientBoostedTreesOptPred [virtual interface],2.5813,4.3582,15.1860,GradientBoostedTreesOptPred [virtual interface]=2.5813;GradientBoostedTreesGeneric [virtual interface]=4.3582;Generic slow engine=15.1860
nomao,Axis Aligned,10,9,100,88,0.1,2.0,2.0,1000,Exact,10000,6893,118,6.814,0.959234,0.112087,GradientBoostedTreesOptPred [virtual interface],3.2107,5.2693,20.9970,GradientBoostedTreesOptPred [virtual interface]=3.2107;GradientBoostedTreesGeneric [virtual interface]=5.2693;Generic slow engine=20.9970
nomao,Oblique,3,9,100,100,0.1,2.0,2.0,1000,Exact,10000,6893,118,2.145,0.953431,0.121198,GradientBoostedTreesGeneric [virtual interface],1.6593,1.6593,4.8078,GradientBoostedTreesGeneric [virtual interface]=1.6593;Generic slow engine=4.8078
nomao,Oblique,4,9,100,98,0.1,2.0,2.0,1000,Exact,10000,6893,118,3.330,0.955462,0.111669,GradientBoostedTreesGeneric [virtual interface],2.4915,2.4915,8.6585,GradientBoostedTreesGeneric [virtual interface]=2.4915;Generic slow engine=8.6585
nomao,Oblique,5,9,100,98,0.1,2.0,2.0,1000,Exact,10000,6893,118,4.628,0.958364,0.104174,GradientBoostedTreesGeneric [virtual interface],3.5112,3.5112,12.9260,GradientBoostedTreesGeneric [virtual interface]=3.5112;Generic slow engine=12.9260
nomao,Oblique,6,9,100,100,0.1,2.0,2.0,1000,Exact,10000,6893,118,6.220,0.959089,0.102496,GradientBoostedTreesGeneric [virtual interface],5.1037,5.1037,18.8140,GradientBoostedTreesGeneric [virtual interface]=5.1037;Generic slow engine=18.8140
nomao,Oblique,8,9,100,92,0.1,2.0,2.0,1000,Exact,10000,6893,118,10.073,0.961845,0.103821,GradientBoostedTreesGeneric [virtual interface],7.5775,7.5775,27.8650,GradientBoostedTreesGeneric [virtual interface]=7.5775;Generic slow engine=27.8650
adult,Axis Aligned,3,0,100,100,0.1,2.0,2.0,1000,Exact,10000,9769,14,0.127,0.855666,0.31302,GradientBoostedTreesQuickScorerExtended [virtual interface],0.1910,1.4060,2.2870,GradientBoostedTreesQuickScorerExtended [virtual interface]=0.1910;GradientBoostedTreesOptPred [virtual interface]=0.7482;GradientBoostedTreesGeneric [virtual interface]=1.4060;Generic slow engine=2.2870
adult,Axis Aligned,4,0,100,100,0.1,2.0,2.0,1000,Exact,10000,9769,14,0.190,0.860989,0.300417,GradientBoostedTreesQuickScorerExtended [virtual interface],0.2990,2.0063,3.9180,GradientBoostedTreesQuickScorerExtended [virtual interface]=0.2990;GradientBoostedTreesOptPred [virtual interface]=1.1838;GradientBoostedTreesGeneric [virtual interface]=2.0063;Generic slow engine=3.9180
adult,Axis Aligned,5,0,100,89,0.1,2.0,2.0,1000,Exact,10000,9769,14,0.269,0.864367,0.296025,GradientBoostedTreesQuickScorerExtended [virtual interface],0.4130,2.3643,5.1448,GradientBoostedTreesQuickScorerExtended [virtual interface]=0.4130;GradientBoostedTreesOptPred [virtual interface]=1.3068;GradientBoostedTreesGeneric [virtual interface]=2.3643;Generic slow engine=5.1448
adult,Axis Aligned,6,0,100,100,0.1,2.0,2.0,1000,Exact,10000,9769,14,0.366,0.864981,0.293984,GradientBoostedTreesQuickScorerExtended [virtual interface],0.6853,3.3835,8.1490,GradientBoostedTreesQuickScorerExtended [virtual interface]=0.6853;GradientBoostedTreesOptPred [virtual interface]=1.8220;GradientBoostedTreesGeneric [virtual interface]=3.3835;Generic slow engine=8.1490
adult,Axis Aligned,7,0,100,90,0.1,2.0,2.0,1000,Exact,10000,9769,14,0.508,0.866312,0.294568,GradientBoostedTreesQuickScorerExtended [virtual interface],0.9667,3.5515,9.2140,GradientBoostedTreesQuickScorerExtended [virtual interface]=0.9667;GradientBoostedTreesOptPred [virtual interface]=2.1665;GradientBoostedTreesGeneric [virtual interface]=3.5515;Generic slow engine=9.2140
adult,Axis Aligned,8,0,100,64,0.1,2.0,2.0,1000,Exact,10000,9769,14,0.651,0.864879,0.296051,GradientBoostedTreesOptPred [virtual interface],1.7290,2.8935,8.1528,GradientBoostedTreesOptPred [virtual interface]=1.7290;GradientBoostedTreesGeneric [virtual interface]=2.8935;Generic slow engine=8.1528
adult,Axis Aligned,10,0,100,45,0.1,2.0,2.0,1000,Exact,10000,9769,14,0.944,0.862217,0.299424,GradientBoostedTreesOptPred [virtual interface],1.6905,2.7910,8.2952,GradientBoostedTreesOptPred [virtual interface]=1.6905;GradientBoostedTreesGeneric [virtual interface]=2.7910;Generic slow engine=8.2952
adult,Oblique,3,0,100,99,0.1,2.0,2.0,1000,Exact,10000,9769,14,0.535,0.857918,0.313188,GradientBoostedTreesGeneric [virtual interface],1.5995,1.5995,4.1710,GradientBoostedTreesGeneric [virtual interface]=1.5995;Generic slow engine=4.1710
adult,Oblique,4,0,100,98,0.1,2.0,2.0,1000,Exact,10000,9769,14,0.798,0.862115,0.302351,GradientBoostedTreesGeneric [virtual interface],2.5240,2.5240,7.5440,GradientBoostedTreesGeneric [virtual interface]=2.5240;Generic slow engine=7.5440
adult,Oblique,5,0,100,87,0.1,2.0,2.0,1000,Exact,10000,9769,14,1.111,0.864469,0.299419,GradientBoostedTreesGeneric [virtual interface],3.3378,3.3378,10.3020,GradientBoostedTreesGeneric [virtual interface]=3.3378;Generic slow engine=10.3020
adult,Oblique,6,0,100,63,0.1,2.0,2.0,1000,Exact,10000,9769,14,1.368,0.865595,0.299026,GradientBoostedTreesGeneric [virtual interface],3.2970,3.2970,10.2040,GradientBoostedTreesGeneric [virtual interface]=3.2970;Generic slow engine=10.2040
adult,Oblique,8,0,100,47,0.1,2.0,2.0,1000,Exact,10000,9769,14,1.839,0.865186,0.29826,GradientBoostedTreesGeneric [virtual interface],4.0217,4.0217,12.2840,GradientBoostedTreesGeneric [virtual interface]=4.0217;Generic slow engine=12.2840
adult,Axis Aligned,3,1,100,100,0.1,2.0,2.0,1000,Exact,10000,9769,14,0.123,0.857201,0.31448,GradientBoostedTreesQuickScorerExtended [virtual interface],0.1978,1.4143,2.2868,GradientBoostedTreesQuickScorerExtended [virtual interface]=0.1978;GradientBoostedTreesOptPred [virtual interface]=0.7660;GradientBoostedTreesGeneric [virtual interface]=1.4143;Generic slow engine=2.2868
adult,Axis Aligned,4,1,100,100,0.1,2.0,2.0,1000,Exact,10000,9769,14,0.184,0.862831,0.303129,GradientBoostedTreesQuickScorerExtended [virtual interface],0.2973,1.9683,3.9150,GradientBoostedTreesQuickScorerExtended [virtual interface]=0.2973;GradientBoostedTreesOptPred [virtual interface]=1.1778;GradientBoostedTreesGeneric [virtual interface]=1.9683;Generic slow engine=3.9150
adult,Axis Aligned,5,1,100,93,0.1,2.0,2.0,1000,Exact,10000,9769,14,0.262,0.864264,0.297844,GradientBoostedTreesQuickScorerExtended [virtual interface],0.4293,2.5108,5.4313,GradientBoostedTreesQuickScorerExtended [virtual interface]=0.4293;GradientBoostedTreesOptPred [virtual interface]=1.4115;GradientBoostedTreesGeneric [virtual interface]=2.5108;Generic slow engine=5.4313
adult,Axis Aligned,6,1,100,95,0.1,2.0,2.0,1000,Exact,10000,9769,14,0.360,0.862217,0.296296,GradientBoostedTreesQuickScorerExtended [virtual interface],0.6807,3.3175,7.7637,GradientBoostedTreesQuickScorerExtended [virtual interface]=0.6807;GradientBoostedTreesOptPred [virtual interface]=1.8145;GradientBoostedTreesGeneric [virtual interface]=3.3175;Generic slow engine=7.7637
adult,Axis Aligned,7,1,100,57,0.1,2.0,2.0,1000,Exact,10000,9769,14,0.439,0.861603,0.29758,GradientBoostedTreesQuickScorerExtended [virtual interface],0.6425,2.1793,5.8658,GradientBoostedTreesQuickScorerExtended [virtual interface]=0.6425;GradientBoostedTreesOptPred [virtual interface]=1.2810;GradientBoostedTreesGeneric [virtual interface]=2.1793;Generic slow engine=5.8658
adult,Axis Aligned,8,1,100,49,0.1,2.0,2.0,1000,Exact,10000,9769,14,0.557,0.863241,0.298056,GradientBoostedTreesOptPred [virtual interface],1.3425,2.2125,6.1967,GradientBoostedTreesOptPred [virtual interface]=1.3425;GradientBoostedTreesGeneric [virtual interface]=2.2125;Generic slow engine=6.1967
adult,Axis Aligned,10,1,100,54,0.1,2.0,2.0,1000,Exact,10000,9769,14,1.032,0.857713,0.302474,GradientBoostedTreesOptPred [virtual interface],2.2125,3.5820,9.9825,GradientBoostedTreesOptPred [virtual interface]=2.2125;GradientBoostedTreesGeneric [virtual interface]=3.5820;Generic slow engine=9.9825
adult,Oblique,3,1,100,100,0.1,2.0,2.0,1000,Exact,10000,9769,14,0.533,0.859556,0.313099,GradientBoostedTreesGeneric [virtual interface],1.5333,1.5333,4.2443,GradientBoostedTreesGeneric [virtual interface]=1.5333;Generic slow engine=4.2443
adult,Oblique,4,1,100,97,0.1,2.0,2.0,1000,Exact,10000,9769,14,0.799,0.860579,0.305954,GradientBoostedTreesGeneric [virtual interface],2.5867,2.5867,7.5110,GradientBoostedTreesGeneric [virtual interface]=2.5867;Generic slow engine=7.5110
adult,Oblique,5,1,100,85,0.1,2.0,2.0,1000,Exact,10000,9769,14,1.116,0.86365,0.301058,GradientBoostedTreesGeneric [virtual interface],3.2730,3.2730,9.9390,GradientBoostedTreesGeneric [virtual interface]=3.2730;Generic slow engine=9.9390
adult,Oblique,6,1,100,80,0.1,2.0,2.0,1000,Exact,10000,9769,14,1.458,0.861194,0.299574,GradientBoostedTreesGeneric [virtual interface],4.4490,4.4490,13.2190,GradientBoostedTreesGeneric [virtual interface]=4.4490;Generic slow engine=13.2190
adult,Oblique,8,1,100,42,0.1,2.0,2.0,1000,Exact,10000,9769,14,1.744,0.86191,0.304137,GradientBoostedTreesGeneric [virtual interface],3.6278,3.6278,10.9940,GradientBoostedTreesGeneric [virtual interface]=3.6278;Generic slow engine=10.9940
adult,Axis Aligned,3,2,100,100,0.1,2.0,2.0,1000,Exact,10000,9769,14,0.124,0.863036,0.304702,GradientBoostedTreesQuickScorerExtended [virtual interface],0.2020,1.4170,2.2883,GradientBoostedTreesQuickScorerExtended [virtual interface]=0.2020;GradientBoostedTreesOptPred [virtual interface]=0.7738;GradientBoostedTreesGeneric [virtual interface]=1.4170;Generic slow engine=2.2883
adult,Axis Aligned,4,2,100,100,0.1,2.0,2.0,1000,Exact,10000,9769,14,0.184,0.8658,0.295155,GradientBoostedTreesQuickScorerExtended [virtual interface],0.3108,2.0023,3.9140,GradientBoostedTreesQuickScorerExtended [virtual interface]=0.3108;GradientBoostedTreesOptPred [virtual interface]=1.1703;GradientBoostedTreesGeneric [virtual interface]=2.0023;Generic slow engine=3.9140
adult,Axis Aligned,5,2,100,100,0.1,2.0,2.0,1000,Exact,10000,9769,14,0.261,0.864264,0.292153,GradientBoostedTreesQuickScorerExtended [virtual interface],0.5068,2.6795,5.8455,GradientBoostedTreesQuickScorerExtended [virtual interface]=0.5068;GradientBoostedTreesOptPred [virtual interface]=1.4748;GradientBoostedTreesGeneric [virtual interface]=2.6795;Generic slow engine=5.8455
adult,Axis Aligned,6,2,100,100,0.1,2.0,2.0,1000,Exact,10000,9769,14,0.367,0.867438,0.291721,GradientBoostedTreesQuickScorerExtended [virtual interface],0.7540,3.4705,8.1502,GradientBoostedTreesQuickScorerExtended [virtual interface]=0.7540;GradientBoostedTreesOptPred [virtual interface]=1.8740;GradientBoostedTreesGeneric [virtual interface]=3.4705;Generic slow engine=8.1502
adult,Axis Aligned,7,2,100,86,0.1,2.0,2.0,1000,Exact,10000,9769,14,0.498,0.867847,0.291216,GradientBoostedTreesQuickScorerExtended [virtual interface],0.9617,3.4170,8.9232,GradientBoostedTreesQuickScorerExtended [virtual interface]=0.9617;GradientBoostedTreesOptPred [virtual interface]=2.0857;GradientBoostedTreesGeneric [virtual interface]=3.4170;Generic slow engine=8.9232
adult,Axis Aligned,8,2,100,72,0.1,2.0,2.0,1000,Exact,10000,9769,14,0.683,0.864674,0.293652,GradientBoostedTreesOptPred [virtual interface],2.1837,3.4685,9.3715,GradientBoostedTreesOptPred [virtual interface]=2.1837;GradientBoostedTreesGeneric [virtual interface]=3.4685;Generic slow engine=9.3715
adult,Axis Aligned,10,2,100,45,0.1,2.0,2.0,1000,Exact,10000,9769,14,0.941,0.864264,0.297254,GradientBoostedTreesOptPred [virtual interface],1.7795,2.9108,8.2558,GradientBoostedTreesOptPred [virtual interface]=1.7795;GradientBoostedTreesGeneric [virtual interface]=2.9108;Generic slow engine=8.2558
adult,Oblique,3,2,100,100,0.1,2.0,2.0,1000,Exact,10000,9769,14,0.536,0.863241,0.305703,GradientBoostedTreesGeneric [virtual interface],1.6068,1.6068,4.2315,GradientBoostedTreesGeneric [virtual interface]=1.6068;Generic slow engine=4.2315
adult,Oblique,4,2,100,100,0.1,2.0,2.0,1000,Exact,10000,9769,14,0.812,0.863548,0.300393,GradientBoostedTreesGeneric [virtual interface],2.6383,2.6383,7.8005,GradientBoostedTreesGeneric [virtual interface]=2.6383;Generic slow engine=7.8005
adult,Oblique,5,2,100,92,0.1,2.0,2.0,1000,Exact,10000,9769,14,1.128,0.864162,0.29781,GradientBoostedTreesGeneric [virtual interface],3.7462,3.7462,10.8560,GradientBoostedTreesGeneric [virtual interface]=3.7462;Generic slow engine=10.8560
adult,Oblique,6,2,100,57,0.1,2.0,2.0,1000,Exact,10000,9769,14,1.265,0.864674,0.297378,GradientBoostedTreesGeneric [virtual interface],2.9865,2.9865,9.2555,GradientBoostedTreesGeneric [virtual interface]=2.9865;Generic slow engine=9.2555
adult,Oblique,8,2,100,53,0.1,2.0,2.0,1000,Exact,10000,9769,14,2.005,0.862115,0.297555,GradientBoostedTreesGeneric [virtual interface],4.6493,4.6493,14.0630,GradientBoostedTreesGeneric [virtual interface]=4.6493;Generic slow engine=14.0630
adult,Axis Aligned,3,3,100,99,0.1,2.0,2.0,1000,Exact,10000,9769,14,0.123,0.854745,0.311627,GradientBoostedTreesQuickScorerExtended [virtual interface],0.1923,1.3740,2.2953,GradientBoostedTreesQuickScorerExtended [virtual interface]=0.1923;GradientBoostedTreesOptPred [virtual interface]=0.7075;GradientBoostedTreesGeneric [virtual interface]=1.3740;Generic slow engine=2.2953
adult,Axis Aligned,4,3,100,99,0.1,2.0,2.0,1000,Exact,10000,9769,14,0.186,0.85669,0.301063,GradientBoostedTreesQuickScorerExtended [virtual interface],0.3030,1.9058,3.7870,GradientBoostedTreesQuickScorerExtended [virtual interface]=0.3030;GradientBoostedTreesOptPred [virtual interface]=1.0813;GradientBoostedTreesGeneric [virtual interface]=1.9058;Generic slow engine=3.7870
adult,Axis Aligned,5,3,100,98,0.1,2.0,2.0,1000,Exact,10000,9769,14,0.267,0.862217,0.294711,GradientBoostedTreesQuickScorerExtended [virtual interface],0.4768,2.7188,5.5860,GradientBoostedTreesQuickScorerExtended [virtual interface]=0.4768;GradientBoostedTreesOptPred [virtual interface]=1.5323;GradientBoostedTreesGeneric [virtual interface]=2.7188;Generic slow engine=5.5860
adult,Axis Aligned,6,3,100,98,0.1,2.0,2.0,1000,Exact,10000,9769,14,0.373,0.868257,0.293764,GradientBoostedTreesQuickScorerExtended [virtual interface],0.7123,3.4435,7.9823,GradientBoostedTreesQuickScorerExtended [virtual interface]=0.7123;GradientBoostedTreesOptPred [virtual interface]=1.8393;GradientBoostedTreesGeneric [virtual interface]=3.4435;Generic slow engine=7.9823
adult,Axis Aligned,7,3,100,81,0.1,2.0,2.0,1000,Exact,10000,9769,14,0.514,0.866619,0.295394,GradientBoostedTreesQuickScorerExtended [virtual interface],0.9120,3.3073,8.3108,GradientBoostedTreesQuickScorerExtended [virtual interface]=0.9120;GradientBoostedTreesOptPred [virtual interface]=2.0420;GradientBoostedTreesGeneric [virtual interface]=3.3073;Generic slow engine=8.3108
adult,Axis Aligned,8,3,100,82,0.1,2.0,2.0,1000,Exact,10000,9769,14,0.703,0.865595,0.297796,GradientBoostedTreesOptPred [virtual interface],2.4928,3.9580,10.7180,GradientBoostedTreesOptPred [virtual interface]=2.4928;GradientBoostedTreesGeneric [virtual interface]=3.9580;Generic slow engine=10.7180
adult,Axis Aligned,10,3,100,43,0.1,2.0,2.0,1000,Exact,10000,9769,14,0.967,0.861501,0.30399,GradientBoostedTreesOptPred [virtual interface],1.7283,2.8542,7.9508,GradientBoostedTreesOptPred [virtual interface]=1.7283;GradientBoostedTreesGeneric [virtual interface]=2.8542;Generic slow engine=7.9508
adult,Oblique,3,3,100,99,0.1,2.0,2.0,1000,Exact,10000,9769,14,0.538,0.85669,0.311496,GradientBoostedTreesGeneric [virtual interface],1.6253,1.6253,4.1558,GradientBoostedTreesGeneric [virtual interface]=1.6253;Generic slow engine=4.1558
adult,Oblique,4,3,100,99,0.1,2.0,2.0,1000,Exact,10000,9769,14,0.810,0.860682,0.30383,GradientBoostedTreesGeneric [virtual interface],2.6150,2.6150,7.8078,GradientBoostedTreesGeneric [virtual interface]=2.6150;Generic slow engine=7.8078
adult,Oblique,5,3,100,89,0.1,2.0,2.0,1000,Exact,10000,9769,14,1.103,0.861603,0.300587,GradientBoostedTreesGeneric [virtual interface],3.6375,3.6375,10.4630,GradientBoostedTreesGeneric [virtual interface]=3.6375;Generic slow engine=10.4630
adult,Oblique,6,3,100,91,0.1,2.0,2.0,1000,Exact,10000,9769,14,1.491,0.861296,0.299241,GradientBoostedTreesGeneric [virtual interface],5.2640,5.2640,15.4280,GradientBoostedTreesGeneric [virtual interface]=5.2640;Generic slow engine=15.4280
adult,Oblique,8,3,100,64,0.1,2.0,2.0,1000,Exact,10000,9769,14,2.263,0.859863,0.303721,GradientBoostedTreesGeneric [virtual interface],5.7897,5.7897,17.2840,GradientBoostedTreesGeneric [virtual interface]=5.7897;Generic slow engine=17.2840
adult,Axis Aligned,3,4,100,99,0.1,2.0,2.0,1000,Exact,10000,9769,14,0.124,0.855973,0.309527,GradientBoostedTreesQuickScorerExtended [virtual interface],0.1938,1.3382,2.2570,GradientBoostedTreesQuickScorerExtended [virtual interface]=0.1938;GradientBoostedTreesOptPred [virtual interface]=0.6680;GradientBoostedTreesGeneric [virtual interface]=1.3382;Generic slow engine=2.2570
adult,Axis Aligned,4,4,100,100,0.1,2.0,2.0,1000,Exact,10000,9769,14,0.184,0.861091,0.299938,GradientBoostedTreesQuickScorerExtended [virtual interface],0.3028,1.9830,3.8740,GradientBoostedTreesQuickScorerExtended [virtual interface]=0.3028;GradientBoostedTreesOptPred [virtual interface]=1.1440;GradientBoostedTreesGeneric [virtual interface]=1.9830;Generic slow engine=3.8740
adult,Axis Aligned,5,4,100,91,0.1,2.0,2.0,1000,Exact,10000,9769,14,0.261,0.861501,0.295168,GradientBoostedTreesQuickScorerExtended [virtual interface],0.4273,2.4533,5.1660,GradientBoostedTreesQuickScorerExtended [virtual interface]=0.4273;GradientBoostedTreesOptPred [virtual interface]=1.3265;GradientBoostedTreesGeneric [virtual interface]=2.4533;Generic slow engine=5.1660
adult,Axis Aligned,6,4,100,100,0.1,2.0,2.0,1000,Exact,10000,9769,14,0.361,0.864776,0.29165,GradientBoostedTreesQuickScorerExtended [virtual interface],0.6827,3.4130,8.0925,GradientBoostedTreesQuickScorerExtended [virtual interface]=0.6827;GradientBoostedTreesOptPred [virtual interface]=1.8040;GradientBoostedTreesGeneric [virtual interface]=3.4130;Generic slow engine=8.0925
adult,Axis Aligned,7,4,100,98,0.1,2.0,2.0,1000,Exact,10000,9769,14,0.507,0.863343,0.292796,GradientBoostedTreesQuickScorerExtended [virtual interface],1.1872,3.9595,10.0960,GradientBoostedTreesQuickScorerExtended [virtual interface]=1.1872;GradientBoostedTreesOptPred [virtual interface]=2.4598;GradientBoostedTreesGeneric [virtual interface]=3.9595;Generic slow engine=10.0960
adult,Axis Aligned,8,4,100,99,0.1,2.0,2.0,1000,Exact,10000,9769,14,0.699,0.861705,0.295782,GradientBoostedTreesOptPred [virtual interface],3.1593,4.8457,13.3420,GradientBoostedTreesOptPred [virtual interface]=3.1593;GradientBoostedTreesGeneric [virtual interface]=4.8457;Generic slow engine=13.3420
adult,Axis Aligned,10,4,100,76,0.1,2.0,2.0,1000,Exact,10000,9769,14,1.274,0.857918,0.303507,GradientBoostedTreesOptPred [virtual interface],3.2808,5.1275,15.5210,GradientBoostedTreesOptPred [virtual interface]=3.2808;GradientBoostedTreesGeneric [virtual interface]=5.1275;Generic slow engine=15.5210
adult,Oblique,3,4,100,100,0.1,2.0,2.0,1000,Exact,10000,9769,14,0.526,0.858839,0.307424,GradientBoostedTreesGeneric [virtual interface],1.6245,1.6245,4.3297,GradientBoostedTreesGeneric [virtual interface]=1.6245;Generic slow engine=4.3297
adult,Oblique,4,4,100,96,0.1,2.0,2.0,1000,Exact,10000,9769,14,0.786,0.860886,0.299805,GradientBoostedTreesGeneric [virtual interface],2.4688,2.4688,7.4305,GradientBoostedTreesGeneric [virtual interface]=2.4688;Generic slow engine=7.4305
adult,Oblique,5,4,100,99,0.1,2.0,2.0,1000,Exact,10000,9769,14,1.107,0.864469,0.296264,GradientBoostedTreesGeneric [virtual interface],3.8533,3.8533,11.7310,GradientBoostedTreesGeneric [virtual interface]=3.8533;Generic slow engine=11.7310
adult,Oblique,6,4,100,92,0.1,2.0,2.0,1000,Exact,10000,9769,14,1.440,0.863241,0.295153,GradientBoostedTreesGeneric [virtual interface],5.1433,5.1433,15.5060,GradientBoostedTreesGeneric [virtual interface]=5.1433;Generic slow engine=15.5060
adult,Oblique,8,4,100,67,0.1,2.0,2.0,1000,Exact,10000,9769,14,2.341,0.860272,0.300062,GradientBoostedTreesGeneric [virtual interface],6.2615,6.2615,18.7120,GradientBoostedTreesGeneric [virtual interface]=6.2615;Generic slow engine=18.7120
adult,Axis Aligned,3,5,100,100,0.1,2.0,2.0,1000,Exact,10000,9769,14,0.123,0.862831,0.30341,GradientBoostedTreesQuickScorerExtended [virtual interface],0.1953,1.3688,2.2833,GradientBoostedTreesQuickScorerExtended [virtual interface]=0.1953;GradientBoostedTreesOptPred [virtual interface]=0.7137;GradientBoostedTreesGeneric [virtual interface]=1.3688;Generic slow engine=2.2833
adult,Axis Aligned,4,5,100,100,0.1,2.0,2.0,1000,Exact,10000,9769,14,0.180,0.86928,0.291851,GradientBoostedTreesQuickScorerExtended [virtual interface],0.3048,1.9638,3.8323,GradientBoostedTreesQuickScorerExtended [virtual interface]=0.3048;GradientBoostedTreesOptPred [virtual interface]=1.1082;GradientBoostedTreesGeneric [virtual interface]=1.9638;Generic slow engine=3.8323
adult,Axis Aligned,5,5,100,100,0.1,2.0,2.0,1000,Exact,10000,9769,14,0.257,0.871328,0.2854,GradientBoostedTreesQuickScorerExtended [virtual interface],0.4415,2.6285,5.7192,GradientBoostedTreesQuickScorerExtended [virtual interface]=0.4415;GradientBoostedTreesOptPred [virtual interface]=1.4353;GradientBoostedTreesGeneric [virtual interface]=2.6285;Generic slow engine=5.7192
adult,Axis Aligned,6,5,100,82,0.1,2.0,2.0,1000,Exact,10000,9769,14,0.362,0.869383,0.286703,GradientBoostedTreesQuickScorerExtended [virtual interface],0.5940,2.7883,6.6500,GradientBoostedTreesQuickScorerExtended [virtual interface]=0.5940;GradientBoostedTreesOptPred [virtual interface]=1.4730;GradientBoostedTreesGeneric [virtual interface]=2.7883;Generic slow engine=6.6500
adult,Axis Aligned,7,5,100,87,0.1,2.0,2.0,1000,Exact,10000,9769,14,0.500,0.86969,0.286304,GradientBoostedTreesQuickScorerExtended [virtual interface],0.9058,3.3902,8.9770,GradientBoostedTreesQuickScorerExtended [virtual interface]=0.9058;GradientBoostedTreesOptPred [virtual interface]=2.0573;GradientBoostedTreesGeneric [virtual interface]=3.3902;Generic slow engine=8.9770
adult,Axis Aligned,8,5,100,74,0.1,2.0,2.0,1000,Exact,10000,9769,14,0.688,0.86795,0.287734,GradientBoostedTreesOptPred [virtual interface],2.1570,3.4552,9.5175,GradientBoostedTreesOptPred [virtual interface]=2.1570;GradientBoostedTreesGeneric [virtual interface]=3.4552;Generic slow engine=9.5175
adult,Axis Aligned,10,5,100,42,0.1,2.0,2.0,1000,Exact,10000,9769,14,0.906,0.867335,0.292794,GradientBoostedTreesOptPred [virtual interface],1.5290,2.5780,7.4287,GradientBoostedTreesOptPred [virtual interface]=1.5290;GradientBoostedTreesGeneric [virtual interface]=2.5780;Generic slow engine=7.4287
adult,Oblique,3,5,100,100,0.1,2.0,2.0,1000,Exact,10000,9769,14,0.533,0.859658,0.304477,GradientBoostedTreesGeneric [virtual interface],1.6185,1.6185,4.3215,GradientBoostedTreesGeneric [virtual interface]=1.6185;Generic slow engine=4.3215
adult,Oblique,4,5,100,100,0.1,2.0,2.0,1000,Exact,10000,9769,14,0.795,0.866209,0.294209,GradientBoostedTreesGeneric [virtual interface],2.6175,2.6175,7.7725,GradientBoostedTreesGeneric [virtual interface]=2.6175;Generic slow engine=7.7725
adult,Oblique,5,5,100,100,0.1,2.0,2.0,1000,Exact,10000,9769,14,1.099,0.869076,0.290023,GradientBoostedTreesGeneric [virtual interface],4.0670,4.0670,11.9080,GradientBoostedTreesGeneric [virtual interface]=4.0670;Generic slow engine=11.9080
adult,Oblique,6,5,100,94,0.1,2.0,2.0,1000,Exact,10000,9769,14,1.506,0.868154,0.290049,GradientBoostedTreesGeneric [virtual interface],5.4417,5.4417,16.0820,GradientBoostedTreesGeneric [virtual interface]=5.4417;Generic slow engine=16.0820
adult,Oblique,8,5,100,45,0.1,2.0,2.0,1000,Exact,10000,9769,14,1.789,0.865186,0.293073,GradientBoostedTreesGeneric [virtual interface],3.9475,3.9475,11.8610,GradientBoostedTreesGeneric [virtual interface]=3.9475;Generic slow engine=11.8610
adult,Axis Aligned,3,6,100,99,0.1,2.0,2.0,1000,Exact,10000,9769,14,0.123,0.858123,0.309072,GradientBoostedTreesQuickScorerExtended [virtual interface],0.1865,1.3310,2.2675,GradientBoostedTreesQuickScorerExtended [virtual interface]=0.1865;GradientBoostedTreesOptPred [virtual interface]=0.7270;GradientBoostedTreesGeneric [virtual interface]=1.3310;Generic slow engine=2.2675
adult,Axis Aligned,4,6,100,100,0.1,2.0,2.0,1000,Exact,10000,9769,14,0.183,0.86365,0.29633,GradientBoostedTreesQuickScorerExtended [virtual interface],0.3040,2.0145,3.9083,GradientBoostedTreesQuickScorerExtended [virtual interface]=0.3040;GradientBoostedTreesOptPred [virtual interface]=1.2075;GradientBoostedTreesGeneric [virtual interface]=2.0145;Generic slow engine=3.9083
adult,Axis Aligned,5,6,100,87,0.1,2.0,2.0,1000,Exact,10000,9769,14,0.259,0.867233,0.291737,GradientBoostedTreesQuickScorerExtended [virtual interface],0.4110,2.3020,5.0263,GradientBoostedTreesQuickScorerExtended [virtual interface]=0.4110;GradientBoostedTreesOptPred [virtual interface]=1.3033;GradientBoostedTreesGeneric [virtual interface]=2.3020;Generic slow engine=5.0263
adult,Axis Aligned,6,6,100,100,0.1,2.0,2.0,1000,Exact,10000,9769,14,0.358,0.869383,0.288931,GradientBoostedTreesQuickScorerExtended [virtual interface],0.7478,3.4243,8.1245,GradientBoostedTreesQuickScorerExtended [virtual interface]=0.7478;GradientBoostedTreesOptPred [virtual interface]=1.8640;GradientBoostedTreesGeneric [virtual interface]=3.4243;Generic slow engine=8.1245
adult,Axis Aligned,7,6,100,77,0.1,2.0,2.0,1000,Exact,10000,9769,14,0.504,0.869792,0.289446,GradientBoostedTreesQuickScorerExtended [virtual interface],0.8735,3.0402,7.9378,GradientBoostedTreesQuickScorerExtended [virtual interface]=0.8735;GradientBoostedTreesOptPred [virtual interface]=1.9483;GradientBoostedTreesGeneric [virtual interface]=3.0402;Generic slow engine=7.9378
adult,Axis Aligned,8,6,100,73,0.1,2.0,2.0,1000,Exact,10000,9769,14,0.712,0.868154,0.291473,GradientBoostedTreesOptPred [virtual interface],2.2203,3.4880,9.3518,GradientBoostedTreesOptPred [virtual interface]=2.2203;GradientBoostedTreesGeneric [virtual interface]=3.4880;Generic slow engine=9.3518
adult,Axis Aligned,10,6,100,43,0.1,2.0,2.0,1000,Exact,10000,9769,14,0.958,0.865493,0.294446,GradientBoostedTreesOptPred [virtual interface],1.6475,2.7172,7.6275,GradientBoostedTreesOptPred [virtual interface]=1.6475;GradientBoostedTreesGeneric [virtual interface]=2.7172;Generic slow engine=7.6275
adult,Oblique,3,6,100,100,0.1,2.0,2.0,1000,Exact,10000,9769,14,0.539,0.858942,0.307944,GradientBoostedTreesGeneric [virtual interface],1.6607,1.6607,4.2905,GradientBoostedTreesGeneric [virtual interface]=1.6607;Generic slow engine=4.2905
adult,Oblique,4,6,100,100,0.1,2.0,2.0,1000,Exact,10000,9769,14,0.788,0.862627,0.299401,GradientBoostedTreesGeneric [virtual interface],2.2563,2.2563,6.6105,GradientBoostedTreesGeneric [virtual interface]=2.2563;Generic slow engine=6.6105
adult,Oblique,5,6,100,88,0.1,2.0,2.0,1000,Exact,10000,9769,14,0.939,0.866107,0.295773,GradientBoostedTreesGeneric [virtual interface],2.8458,2.8458,8.6448,GradientBoostedTreesGeneric [virtual interface]=2.8458;Generic slow engine=8.6448
adult,Oblique,6,6,100,85,0.1,2.0,2.0,1000,Exact,10000,9769,14,1.249,0.866926,0.293039,GradientBoostedTreesGeneric [virtual interface],4.1867,4.1867,12.3170,GradientBoostedTreesGeneric [virtual interface]=4.1867;Generic slow engine=12.3170
adult,Oblique,8,6,100,73,0.1,2.0,2.0,1000,Exact,10000,9769,14,2.097,0.859044,0.298234,GradientBoostedTreesGeneric [virtual interface],5.8725,5.8725,17.4430,GradientBoostedTreesGeneric [virtual interface]=5.8725;Generic slow engine=17.4430
adult,Axis Aligned,3,7,100,100,0.1,2.0,2.0,1000,Exact,10000,9769,14,0.112,0.85976,0.30432,GradientBoostedTreesQuickScorerExtended [virtual interface],0.1595,1.2000,1.9310,GradientBoostedTreesQuickScorerExtended [virtual interface]=0.1595;GradientBoostedTreesOptPred [virtual interface]=0.6567;GradientBoostedTreesGeneric [virtual interface]=1.2000;Generic slow engine=1.9310
adult,Axis Aligned,4,7,100,100,0.1,2.0,2.0,1000,Exact,10000,9769,14,0.165,0.8658,0.292759,GradientBoostedTreesQuickScorerExtended [virtual interface],0.2592,1.6540,3.2405,GradientBoostedTreesQuickScorerExtended [virtual interface]=0.2592;GradientBoostedTreesOptPred [virtual interface]=0.9457;GradientBoostedTreesGeneric [virtual interface]=1.6540;Generic slow engine=3.2405
adult,Axis Aligned,5,7,100,100,0.1,2.0,2.0,1000,Exact,10000,9769,14,0.237,0.867438,0.287047,GradientBoostedTreesQuickScorerExtended [virtual interface],0.3842,2.2622,4.8768,GradientBoostedTreesQuickScorerExtended [virtual interface]=0.3842;GradientBoostedTreesOptPred [virtual interface]=1.2140;GradientBoostedTreesGeneric [virtual interface]=2.2622;Generic slow engine=4.8768
adult,Axis Aligned,6,7,100,100,0.1,2.0,2.0,1000,Exact,10000,9769,14,0.335,0.867233,0.284986,GradientBoostedTreesQuickScorerExtended [virtual interface],0.6030,2.9283,6.8600,GradientBoostedTreesQuickScorerExtended [virtual interface]=0.6030;GradientBoostedTreesOptPred [virtual interface]=1.5663;GradientBoostedTreesGeneric [virtual interface]=2.9283;Generic slow engine=6.8600
adult,Axis Aligned,7,7,100,90,0.1,2.0,2.0,1000,Exact,10000,9769,14,0.467,0.8658,0.285299,GradientBoostedTreesQuickScorerExtended [virtual interface],0.8285,3.1760,7.8735,GradientBoostedTreesQuickScorerExtended [virtual interface]=0.8285;GradientBoostedTreesOptPred [virtual interface]=1.8395;GradientBoostedTreesGeneric [virtual interface]=3.1760;Generic slow engine=7.8735
adult,Axis Aligned,8,7,100,80,0.1,2.0,2.0,1000,Exact,10000,9769,14,0.626,0.86754,0.287996,GradientBoostedTreesOptPred [virtual interface],1.9815,3.2492,8.9270,GradientBoostedTreesOptPred [virtual interface]=1.9815;GradientBoostedTreesGeneric [virtual interface]=3.2492;Generic slow engine=8.9270
adult,Axis Aligned,10,7,100,86,0.1,2.0,2.0,1000,Exact,10000,9769,14,1.174,0.865595,0.297165,GradientBoostedTreesOptPred [virtual interface],3.1378,4.9390,15.6590,GradientBoostedTreesOptPred [virtual interface]=3.1378;GradientBoostedTreesGeneric [virtual interface]=4.9390;Generic slow engine=15.6590
adult,Oblique,3,7,100,100,0.1,2.0,2.0,1000,Exact,10000,9769,14,0.459,0.860068,0.303606,GradientBoostedTreesGeneric [virtual interface],1.4712,1.4712,3.7265,GradientBoostedTreesGeneric [virtual interface]=1.4712;Generic slow engine=3.7265
adult,Oblique,4,7,100,100,0.1,2.0,2.0,1000,Exact,10000,9769,14,0.696,0.866414,0.295079,GradientBoostedTreesGeneric [virtual interface],2.3367,2.3367,6.7580,GradientBoostedTreesGeneric [virtual interface]=2.3367;Generic slow engine=6.7580
adult,Oblique,5,7,100,98,0.1,2.0,2.0,1000,Exact,10000,9769,14,0.948,0.865391,0.289835,GradientBoostedTreesGeneric [virtual interface],3.3820,3.3820,9.9772,GradientBoostedTreesGeneric [virtual interface]=3.3820;Generic slow engine=9.9772
adult,Oblique,6,7,100,100,0.1,2.0,2.0,1000,Exact,10000,9769,14,1.257,0.865186,0.290627,GradientBoostedTreesGeneric [virtual interface],5.1153,5.1153,14.6230,GradientBoostedTreesGeneric [virtual interface]=5.1153;Generic slow engine=14.6230
adult,Oblique,8,7,100,65,0.1,2.0,2.0,1000,Exact,10000,9769,14,2.039,0.863036,0.292371,GradientBoostedTreesGeneric [virtual interface],5.1380,5.1380,15.2220,GradientBoostedTreesGeneric [virtual interface]=5.1380;Generic slow engine=15.2220
adult,Axis Aligned,3,8,100,100,0.1,2.0,2.0,1000,Exact,10000,9769,14,0.111,0.860989,0.309531,GradientBoostedTreesQuickScorerExtended [virtual interface],0.1635,1.1950,1.9285,GradientBoostedTreesQuickScorerExtended [virtual interface]=0.1635;GradientBoostedTreesOptPred [virtual interface]=0.6378;GradientBoostedTreesGeneric [virtual interface]=1.1950;Generic slow engine=1.9285
adult,Axis Aligned,4,8,100,100,0.1,2.0,2.0,1000,Exact,10000,9769,14,0.165,0.8658,0.299988,GradientBoostedTreesQuickScorerExtended [virtual interface],0.2525,1.6505,3.2720,GradientBoostedTreesQuickScorerExtended [virtual interface]=0.2525;GradientBoostedTreesOptPred [virtual interface]=0.9688;GradientBoostedTreesGeneric [virtual interface]=1.6505;Generic slow engine=3.2720
adult,Axis Aligned,5,8,100,94,0.1,2.0,2.0,1000,Exact,10000,9769,14,0.240,0.866619,0.294332,GradientBoostedTreesQuickScorerExtended [virtual interface],0.3860,2.2435,4.8065,GradientBoostedTreesQuickScorerExtended [virtual interface]=0.3860;GradientBoostedTreesOptPred [virtual interface]=1.1827;GradientBoostedTreesGeneric [virtual interface]=2.2435;Generic slow engine=4.8065
adult,Axis Aligned,6,8,100,75,0.1,2.0,2.0,1000,Exact,10000,9769,14,0.334,0.868359,0.29335,GradientBoostedTreesQuickScorerExtended [virtual interface],0.4935,2.1978,5.2893,GradientBoostedTreesQuickScorerExtended [virtual interface]=0.4935;GradientBoostedTreesOptPred [virtual interface]=1.1580;GradientBoostedTreesGeneric [virtual interface]=2.1978;Generic slow engine=5.2893
adult,Axis Aligned,7,8,100,79,0.1,2.0,2.0,1000,Exact,10000,9769,14,0.475,0.868461,0.292867,GradientBoostedTreesQuickScorerExtended [virtual interface],0.8825,3.1385,8.1448,GradientBoostedTreesQuickScorerExtended [virtual interface]=0.8825;GradientBoostedTreesOptPred [virtual interface]=1.9030;GradientBoostedTreesGeneric [virtual interface]=3.1385;Generic slow engine=8.1448
adult,Axis Aligned,8,8,100,51,0.1,2.0,2.0,1000,Exact,10000,9769,14,0.573,0.866209,0.298805,GradientBoostedTreesOptPred [virtual interface],1.3818,2.2985,6.4962,GradientBoostedTreesOptPred [virtual interface]=1.3818;GradientBoostedTreesGeneric [virtual interface]=2.2985;Generic slow engine=6.4962
adult,Axis Aligned,10,8,100,42,0.1,2.0,2.0,1000,Exact,10000,9769,14,0.906,0.861194,0.303225,GradientBoostedTreesOptPred [virtual interface],1.5868,2.6545,7.4880,GradientBoostedTreesOptPred [virtual interface]=1.5868;GradientBoostedTreesGeneric [virtual interface]=2.6545;Generic slow engine=7.4880
adult,Oblique,3,8,100,100,0.1,2.0,2.0,1000,Exact,10000,9769,14,0.527,0.858634,0.30984,GradientBoostedTreesGeneric [virtual interface],1.5513,1.5513,4.2492,GradientBoostedTreesGeneric [virtual interface]=1.5513;Generic slow engine=4.2492
adult,Oblique,4,8,100,100,0.1,2.0,2.0,1000,Exact,10000,9769,14,0.793,0.864367,0.300901,GradientBoostedTreesGeneric [virtual interface],2.6040,2.6040,7.7557,GradientBoostedTreesGeneric [virtual interface]=2.6040;Generic slow engine=7.7557
adult,Oblique,5,8,100,89,0.1,2.0,2.0,1000,Exact,10000,9769,14,1.105,0.869076,0.295315,GradientBoostedTreesGeneric [virtual interface],3.4325,3.4325,10.2920,GradientBoostedTreesGeneric [virtual interface]=3.4325;Generic slow engine=10.2920
adult,Oblique,6,8,100,74,0.1,2.0,2.0,1000,Exact,10000,9769,14,1.443,0.869895,0.293312,GradientBoostedTreesGeneric [virtual interface],3.8573,3.8573,12.0460,GradientBoostedTreesGeneric [virtual interface]=3.8573;Generic slow engine=12.0460
adult,Oblique,8,8,100,53,0.1,2.0,2.0,1000,Exact,10000,9769,14,1.956,0.865595,0.296415,GradientBoostedTreesGeneric [virtual interface],4.5077,4.5077,13.8300,GradientBoostedTreesGeneric [virtual interface]=4.5077;Generic slow engine=13.8300
adult,Axis Aligned,3,9,100,100,0.1,2.0,2.0,1000,Exact,10000,9769,14,0.123,0.862422,0.301483,GradientBoostedTreesQuickScorerExtended [virtual interface],0.2003,1.4193,2.2925,GradientBoostedTreesQuickScorerExtended [virtual interface]=0.2003;GradientBoostedTreesOptPred [virtual interface]=0.7662;GradientBoostedTreesGeneric [virtual interface]=1.4193;Generic slow engine=2.2925
adult,Axis Aligned,4,9,100,100,0.1,2.0,2.0,1000,Exact,10000,9769,14,0.184,0.868359,0.290014,GradientBoostedTreesQuickScorerExtended [virtual interface],0.3023,1.9875,3.8930,GradientBoostedTreesQuickScorerExtended [virtual interface]=0.3023;GradientBoostedTreesOptPred [virtual interface]=1.1425;GradientBoostedTreesGeneric [virtual interface]=1.9875;Generic slow engine=3.8930
adult,Axis Aligned,5,9,100,100,0.1,2.0,2.0,1000,Exact,10000,9769,14,0.264,0.870099,0.2846,GradientBoostedTreesQuickScorerExtended [virtual interface],0.4612,2.7812,5.7748,GradientBoostedTreesQuickScorerExtended [virtual interface]=0.4612;GradientBoostedTreesOptPred [virtual interface]=1.5605;GradientBoostedTreesGeneric [virtual interface]=2.7812;Generic slow engine=5.7748
adult,Axis Aligned,6,9,100,96,0.1,2.0,2.0,1000,Exact,10000,9769,14,0.375,0.870713,0.281124,GradientBoostedTreesQuickScorerExtended [virtual interface],0.7015,3.4697,7.8662,GradientBoostedTreesQuickScorerExtended [virtual interface]=0.7015;GradientBoostedTreesOptPred [virtual interface]=1.8310;GradientBoostedTreesGeneric [virtual interface]=3.4697;Generic slow engine=7.8662
adult,Axis Aligned,7,9,100,100,0.1,2.0,2.0,1000,Exact,10000,9769,14,0.516,0.868973,0.282683,GradientBoostedTreesQuickScorerExtended [virtual interface],1.1215,4.1288,10.3660,GradientBoostedTreesQuickScorerExtended [virtual interface]=1.1215;GradientBoostedTreesOptPred [virtual interface]=2.5947;GradientBoostedTreesGeneric [virtual interface]=4.1288;Generic slow engine=10.3660
adult,Axis Aligned,8,9,100,57,0.1,2.0,2.0,1000,Exact,10000,9769,14,0.622,0.868359,0.284868,GradientBoostedTreesOptPred [virtual interface],1.6158,2.6362,7.2038,GradientBoostedTreesOptPred [virtual interface]=1.6158;GradientBoostedTreesGeneric [virtual interface]=2.6362;Generic slow engine=7.2038
adult,Axis Aligned,10,9,100,37,0.1,2.0,2.0,1000,Exact,10000,9769,14,0.859,0.866414,0.292538,GradientBoostedTreesOptPred [virtual interface],1.4075,2.3170,6.5200,GradientBoostedTreesOptPred [virtual interface]=1.4075;GradientBoostedTreesGeneric [virtual interface]=2.3170;Generic slow engine=6.5200
adult,Oblique,3,9,100,99,0.1,2.0,2.0,1000,Exact,10000,9769,14,0.534,0.862524,0.302687,GradientBoostedTreesGeneric [virtual interface],1.6643,1.6643,4.2875,GradientBoostedTreesGeneric [virtual interface]=1.6643;Generic slow engine=4.2875
adult,Oblique,4,9,100,98,0.1,2.0,2.0,1000,Exact,10000,9769,14,0.801,0.864674,0.294832,GradientBoostedTreesGeneric [virtual interface],2.6845,2.6845,7.7720,GradientBoostedTreesGeneric [virtual interface]=2.6845;Generic slow engine=7.7720
adult,Oblique,5,9,100,97,0.1,2.0,2.0,1000,Exact,10000,9769,14,1.109,0.864674,0.290476,GradientBoostedTreesGeneric [virtual interface],3.7955,3.7955,11.4360,GradientBoostedTreesGeneric [virtual interface]=3.7955;Generic slow engine=11.4360
adult,Oblique,6,9,100,66,0.1,2.0,2.0,1000,Exact,10000,9769,14,1.387,0.866005,0.289283,GradientBoostedTreesGeneric [virtual interface],3.4672,3.4672,10.6780,GradientBoostedTreesGeneric [virtual interface]=3.4672;Generic slow engine=10.6780
adult,Oblique,8,9,100,48,0.1,2.0,2.0,1000,Exact,10000,9769,14,2.752,0.864879,0.292267,GradientBoostedTreesGeneric [virtual interface],4.3308,4.3308,12.7730,GradientBoostedTreesGeneric [virtual interface]=4.3308;Generic slow engine=12.7730
bank-marketing,Axis Aligned,3,0,100,100,0.1,2.0,2.0,1000,Exact,10000,9043,16,0.134,0.898264,0.230948,GradientBoostedTreesQuickScorerExtended [virtual interface],0.2245,1.5583,2.2997,GradientBoostedTreesQuickScorerExtended [virtual interface]=0.2245;GradientBoostedTreesOptPred [virtual interface]=0.9410;GradientBoostedTreesGeneric [virtual interface]=1.5583;Generic slow engine=2.2997
bank-marketing,Axis Aligned,4,0,100,98,0.1,2.0,2.0,1000,Exact,10000,9043,16,0.201,0.900586,0.220558,GradientBoostedTreesQuickScorerExtended [virtual interface],0.3195,2.0750,3.8912,GradientBoostedTreesQuickScorerExtended [virtual interface]=0.3195;GradientBoostedTreesOptPred [virtual interface]=1.2780;GradientBoostedTreesGeneric [virtual interface]=2.0750;Generic slow engine=3.8912
bank-marketing,Axis Aligned,5,0,100,90,0.1,2.0,2.0,1000,Exact,10000,9043,16,0.287,0.90136,0.217102,GradientBoostedTreesQuickScorerExtended [virtual interface],0.4487,2.5613,5.2240,GradientBoostedTreesQuickScorerExtended [virtual interface]=0.4487;GradientBoostedTreesOptPred [virtual interface]=1.4590;GradientBoostedTreesGeneric [virtual interface]=2.5613;Generic slow engine=5.2240
bank-marketing,Axis Aligned,6,0,100,74,0.1,2.0,2.0,1000,Exact,10000,9043,16,0.399,0.902024,0.218375,GradientBoostedTreesQuickScorerExtended [virtual interface],0.8203,2.6063,6.0630,GradientBoostedTreesQuickScorerExtended [virtual interface]=0.8203;GradientBoostedTreesOptPred [virtual interface]=1.4062;GradientBoostedTreesGeneric [virtual interface]=2.6063;Generic slow engine=6.0630
bank-marketing,Axis Aligned,7,0,100,58,0.1,2.0,2.0,1000,Exact,10000,9043,16,0.496,0.89948,0.218844,GradientBoostedTreesQuickScorerExtended [virtual interface],0.7472,2.3025,5.9588,GradientBoostedTreesQuickScorerExtended [virtual interface]=0.7472;GradientBoostedTreesOptPred [virtual interface]=1.3942;GradientBoostedTreesGeneric [virtual interface]=2.3025;Generic slow engine=5.9588
bank-marketing,Axis Aligned,8,0,100,39,0.1,2.0,2.0,1000,Exact,10000,9043,16,0.552,0.898043,0.223373,GradientBoostedTreesOptPred [virtual interface],1.1675,1.8535,4.9212,GradientBoostedTreesOptPred [virtual interface]=1.1675;GradientBoostedTreesGeneric [virtual interface]=1.8535;Generic slow engine=4.9212
bank-marketing,Axis Aligned,10,0,100,29,0.1,2.0,2.0,1000,Exact,10000,9043,16,0.857,0.896163,0.232011,GradientBoostedTreesOptPred [virtual interface],1.1128,1.8670,5.1780,GradientBoostedTreesOptPred [virtual interface]=1.1128;GradientBoostedTreesGeneric [virtual interface]=1.8670;Generic slow engine=5.1780
bank-marketing,Oblique,3,0,100,99,0.1,2.0,2.0,1000,Exact,10000,9043,16,0.668,0.900365,0.22964,GradientBoostedTreesGeneric [virtual interface],1.5520,1.5520,4.3422,GradientBoostedTreesGeneric [virtual interface]=1.5520;Generic slow engine=4.3422
bank-marketing,Oblique,4,0,100,93,0.1,2.0,2.0,1000,Exact,10000,9043,16,1.012,0.901028,0.222479,GradientBoostedTreesGeneric [virtual interface],2.1970,2.1970,7.3573,GradientBoostedTreesGeneric [virtual interface]=2.1970;Generic slow engine=7.3573
bank-marketing,Oblique,5,0,100,99,0.1,2.0,2.0,1000,Exact,10000,9043,16,1.428,0.901471,0.221837,GradientBoostedTreesGeneric [virtual interface],3.4430,3.4430,11.8090,GradientBoostedTreesGeneric [virtual interface]=3.4430;Generic slow engine=11.8090
bank-marketing,Oblique,6,0,100,88,0.1,2.0,2.0,1000,Exact,10000,9043,16,1.861,0.89948,0.220764,GradientBoostedTreesGeneric [virtual interface],4.3355,4.3355,14.4340,GradientBoostedTreesGeneric [virtual interface]=4.3355;Generic slow engine=14.4340
bank-marketing,Oblique,8,0,100,35,0.1,2.0,2.0,1000,Exact,10000,9043,16,1.932,0.899259,0.225684,GradientBoostedTreesGeneric [virtual interface],2.4072,2.4072,8.7120,GradientBoostedTreesGeneric [virtual interface]=2.4072;Generic slow engine=8.7120
bank-marketing,Axis Aligned,3,1,100,100,0.1,2.0,2.0,1000,Exact,10000,9043,16,0.131,0.90125,0.231632,GradientBoostedTreesQuickScorerExtended [virtual interface],0.2097,1.5260,2.2900,GradientBoostedTreesQuickScorerExtended [virtual interface]=0.2097;GradientBoostedTreesOptPred [virtual interface]=0.8852;GradientBoostedTreesGeneric [virtual interface]=1.5260;Generic slow engine=2.2900
bank-marketing,Axis Aligned,4,1,100,98,0.1,2.0,2.0,1000,Exact,10000,9043,16,0.201,0.902908,0.221539,GradientBoostedTreesQuickScorerExtended [virtual interface],0.3225,2.0568,3.8108,GradientBoostedTreesQuickScorerExtended [virtual interface]=0.3225;GradientBoostedTreesOptPred [virtual interface]=1.2123;GradientBoostedTreesGeneric [virtual interface]=2.0568;Generic slow engine=3.8108
bank-marketing,Axis Aligned,5,1,100,89,0.1,2.0,2.0,1000,Exact,10000,9043,16,0.285,0.901692,0.216485,GradientBoostedTreesQuickScorerExtended [virtual interface],0.4427,2.5343,5.1478,GradientBoostedTreesQuickScorerExtended [virtual interface]=0.4427;GradientBoostedTreesOptPred [virtual interface]=1.3718;GradientBoostedTreesGeneric [virtual interface]=2.5343;Generic slow engine=5.1478
bank-marketing,Axis Aligned,6,1,100,100,0.1,2.0,2.0,1000,Exact,10000,9043,16,0.391,0.902355,0.215523,GradientBoostedTreesQuickScorerExtended [virtual interface],0.7183,3.4960,8.1560,GradientBoostedTreesQuickScorerExtended [virtual interface]=0.7183;GradientBoostedTreesOptPred [virtual interface]=1.8528;GradientBoostedTreesGeneric [virtual interface]=3.4960;Generic slow engine=8.1560
bank-marketing,Axis Aligned,7,1,100,81,0.1,2.0,2.0,1000,Exact,10000,9043,16,0.553,0.902245,0.218194,GradientBoostedTreesQuickScorerExtended [virtual interface],0.9133,3.3320,8.3607,GradientBoostedTreesQuickScorerExtended [virtual interface]=0.9133;GradientBoostedTreesOptPred [virtual interface]=2.0045;GradientBoostedTreesGeneric [virtual interface]=3.3320;Generic slow engine=8.3607
bank-marketing,Axis Aligned,8,1,100,76,0.1,2.0,2.0,1000,Exact,10000,9043,16,0.740,0.900254,0.221401,GradientBoostedTreesOptPred [virtual interface],2.2662,3.6778,9.9207,GradientBoostedTreesOptPred [virtual interface]=2.2662;GradientBoostedTreesGeneric [virtual interface]=3.6778;Generic slow engine=9.9207
bank-marketing,Axis Aligned,10,1,100,52,0.1,2.0,2.0,1000,Exact,10000,9043,16,1.093,0.898485,0.226126,GradientBoostedTreesOptPred [virtual interface],2.0943,3.4795,9.8645,GradientBoostedTreesOptPred [virtual interface]=2.0943;GradientBoostedTreesGeneric [virtual interface]=3.4795;Generic slow engine=9.8645
bank-marketing,Oblique,3,1,100,99,0.1,2.0,2.0,1000,Exact,10000,9043,16,0.689,0.898817,0.230994,GradientBoostedTreesGeneric [virtual interface],1.5035,1.5035,4.3000,GradientBoostedTreesGeneric [virtual interface]=1.5035;Generic slow engine=4.3000
bank-marketing,Oblique,4,1,100,98,0.1,2.0,2.0,1000,Exact,10000,9043,16,1.037,0.901471,0.222855,GradientBoostedTreesGeneric [virtual interface],2.3440,2.3440,7.7953,GradientBoostedTreesGeneric [virtual interface]=2.3440;Generic slow engine=7.7953
bank-marketing,Oblique,5,1,100,98,0.1,2.0,2.0,1000,Exact,10000,9043,16,1.404,0.901028,0.222347,GradientBoostedTreesGeneric [virtual interface],3.4167,3.4167,11.6630,GradientBoostedTreesGeneric [virtual interface]=3.4167;Generic slow engine=11.6630
bank-marketing,Oblique,6,1,100,74,0.1,2.0,2.0,1000,Exact,10000,9043,16,1.853,0.902687,0.219288,GradientBoostedTreesGeneric [virtual interface],3.5408,3.5408,12.1940,GradientBoostedTreesGeneric [virtual interface]=3.5408;Generic slow engine=12.1940
bank-marketing,Oblique,8,1,100,83,0.1,2.0,2.0,1000,Exact,10000,9043,16,2.943,0.902577,0.226686,GradientBoostedTreesGeneric [virtual interface],6.8045,6.8045,22.1040,GradientBoostedTreesGeneric [virtual interface]=6.8045;Generic slow engine=22.1040
bank-marketing,Axis Aligned,3,2,100,91,0.1,2.0,2.0,1000,Exact,10000,9043,16,0.128,0.896826,0.237501,GradientBoostedTreesQuickScorerExtended [virtual interface],0.1973,1.3288,2.0938,GradientBoostedTreesQuickScorerExtended [virtual interface]=0.1973;GradientBoostedTreesOptPred [virtual interface]=0.7642;GradientBoostedTreesGeneric [virtual interface]=1.3288;Generic slow engine=2.0938
bank-marketing,Axis Aligned,4,2,100,99,0.1,2.0,2.0,1000,Exact,10000,9043,16,0.197,0.898374,0.227624,GradientBoostedTreesQuickScorerExtended [virtual interface],0.3172,2.0737,3.8912,GradientBoostedTreesQuickScorerExtended [virtual interface]=0.3172;GradientBoostedTreesOptPred [virtual interface]=1.2292;GradientBoostedTreesGeneric [virtual interface]=2.0737;Generic slow engine=3.8912
bank-marketing,Axis Aligned,5,2,100,94,0.1,2.0,2.0,1000,Exact,10000,9043,16,0.276,0.90136,0.22567,GradientBoostedTreesQuickScorerExtended [virtual interface],0.4432,2.5860,5.4470,GradientBoostedTreesQuickScorerExtended [virtual interface]=0.4432;GradientBoostedTreesOptPred [virtual interface]=1.4055;GradientBoostedTreesGeneric [virtual interface]=2.5860;Generic slow engine=5.4470
bank-marketing,Axis Aligned,6,2,100,55,0.1,2.0,2.0,1000,Exact,10000,9043,16,0.335,0.899812,0.22492,GradientBoostedTreesQuickScorerExtended [virtual interface],0.4983,2.0035,4.4450,GradientBoostedTreesQuickScorerExtended [virtual interface]=0.4983;GradientBoostedTreesOptPred [virtual interface]=1.0720;GradientBoostedTreesGeneric [virtual interface]=2.0035;Generic slow engine=4.4450
bank-marketing,Axis Aligned,7,2,100,70,0.1,2.0,2.0,1000,Exact,10000,9043,16,0.547,0.900254,0.225942,GradientBoostedTreesQuickScorerExtended [virtual interface],0.8780,2.7748,7.1022,GradientBoostedTreesQuickScorerExtended [virtual interface]=0.8780;GradientBoostedTreesOptPred [virtual interface]=1.6373;GradientBoostedTreesGeneric [virtual interface]=2.7748;Generic slow engine=7.1022
bank-marketing,Axis Aligned,8,2,100,65,0.1,2.0,2.0,1000,Exact,10000,9043,16,0.710,0.898485,0.224303,GradientBoostedTreesOptPred [virtual interface],1.8145,3.0685,8.2978,GradientBoostedTreesOptPred [virtual interface]=1.8145;GradientBoostedTreesGeneric [virtual interface]=3.0685;Generic slow engine=8.2978
bank-marketing,Axis Aligned,10,2,100,40,0.1,2.0,2.0,1000,Exact,10000,9043,16,0.963,0.896605,0.228658,GradientBoostedTreesOptPred [virtual interface],1.5160,2.5593,7.2005,GradientBoostedTreesOptPred [virtual interface]=1.5160;GradientBoostedTreesGeneric [virtual interface]=2.5593;Generic slow engine=7.2005
bank-marketing,Oblique,3,2,100,93,0.1,2.0,2.0,1000,Exact,10000,9043,16,0.671,0.898817,0.232714,GradientBoostedTreesGeneric [virtual interface],1.4080,1.4080,4.0838,GradientBoostedTreesGeneric [virtual interface]=1.4080;Generic slow engine=4.0838
bank-marketing,Oblique,4,2,100,86,0.1,2.0,2.0,1000,Exact,10000,9043,16,1.033,0.901139,0.227245,GradientBoostedTreesGeneric [virtual interface],2.0787,2.0787,6.7680,GradientBoostedTreesGeneric [virtual interface]=2.0787;Generic slow engine=6.7680
bank-marketing,Oblique,5,2,100,95,0.1,2.0,2.0,1000,Exact,10000,9043,16,1.419,0.902466,0.220992,GradientBoostedTreesGeneric [virtual interface],3.1787,3.1787,11.1670,GradientBoostedTreesGeneric [virtual interface]=3.1787;Generic slow engine=11.1670
bank-marketing,Oblique,6,2,100,95,0.1,2.0,2.0,1000,Exact,10000,9043,16,1.831,0.905009,0.219007,GradientBoostedTreesGeneric [virtual interface],4.8427,4.8427,15.8340,GradientBoostedTreesGeneric [virtual interface]=4.8427;Generic slow engine=15.8340
bank-marketing,Oblique,8,2,100,52,0.1,2.0,2.0,1000,Exact,10000,9043,16,2.419,0.899812,0.229303,GradientBoostedTreesGeneric [virtual interface],3.9733,3.9733,13.1820,GradientBoostedTreesGeneric [virtual interface]=3.9733;Generic slow engine=13.1820
bank-marketing,Axis Aligned,3,3,100,100,0.1,2.0,2.0,1000,Exact,10000,9043,16,0.129,0.903904,0.226811,GradientBoostedTreesQuickScorerExtended [virtual interface],0.2055,1.5117,2.3047,GradientBoostedTreesQuickScorerExtended [virtual interface]=0.2055;GradientBoostedTreesOptPred [virtual interface]=0.8780;GradientBoostedTreesGeneric [virtual interface]=1.5117;Generic slow engine=2.3047
bank-marketing,Axis Aligned,4,3,100,100,0.1,2.0,2.0,1000,Exact,10000,9043,16,0.196,0.905783,0.217945,GradientBoostedTreesQuickScorerExtended [virtual interface],0.3250,2.0775,3.9183,GradientBoostedTreesQuickScorerExtended [virtual interface]=0.3250;GradientBoostedTreesOptPred [virtual interface]=1.2172;GradientBoostedTreesGeneric [virtual interface]=2.0775;Generic slow engine=3.9183
bank-marketing,Axis Aligned,5,3,100,97,0.1,2.0,2.0,1000,Exact,10000,9043,16,0.285,0.905673,0.214009,GradientBoostedTreesQuickScorerExtended [virtual interface],0.4577,2.7338,5.6325,GradientBoostedTreesQuickScorerExtended [virtual interface]=0.4577;GradientBoostedTreesOptPred [virtual interface]=1.5123;GradientBoostedTreesGeneric [virtual interface]=2.7338;Generic slow engine=5.6325
bank-marketing,Axis Aligned,6,3,100,83,0.1,2.0,2.0,1000,Exact,10000,9043,16,0.391,0.905783,0.212901,GradientBoostedTreesQuickScorerExtended [virtual interface],0.6180,2.8540,6.7418,GradientBoostedTreesQuickScorerExtended [virtual interface]=0.6180;GradientBoostedTreesOptPred [virtual interface]=1.4958;GradientBoostedTreesGeneric [virtual interface]=2.8540;Generic slow engine=6.7418
bank-marketing,Axis Aligned,7,3,100,55,0.1,2.0,2.0,1000,Exact,10000,9043,16,0.469,0.904788,0.216701,GradientBoostedTreesQuickScorerExtended [virtual interface],0.7560,2.1938,5.6418,GradientBoostedTreesQuickScorerExtended [virtual interface]=0.7560;GradientBoostedTreesOptPred [virtual interface]=1.3393;GradientBoostedTreesGeneric [virtual interface]=2.1938;Generic slow engine=5.6418
bank-marketing,Axis Aligned,8,3,100,81,0.1,2.0,2.0,1000,Exact,10000,9043,16,0.754,0.903793,0.216976,GradientBoostedTreesOptPred [virtual interface],2.5080,3.9590,10.5570,GradientBoostedTreesOptPred [virtual interface]=2.5080;GradientBoostedTreesGeneric [virtual interface]=3.9590;Generic slow engine=10.5570
bank-marketing,Axis Aligned,10,3,100,44,0.1,2.0,2.0,1000,Exact,10000,9043,16,1.004,0.902798,0.220178,GradientBoostedTreesOptPred [virtual interface],1.8315,3.0188,8.3210,GradientBoostedTreesOptPred [virtual interface]=1.8315;GradientBoostedTreesGeneric [virtual interface]=3.0188;Generic slow engine=8.3210
bank-marketing,Oblique,3,3,100,94,0.1,2.0,2.0,1000,Exact,10000,9043,16,0.676,0.904346,0.225646,GradientBoostedTreesGeneric [virtual interface],1.4145,1.4145,4.0738,GradientBoostedTreesGeneric [virtual interface]=1.4145;Generic slow engine=4.0738
bank-marketing,Oblique,4,3,100,99,0.1,2.0,2.0,1000,Exact,10000,9043,16,1.047,0.904678,0.217759,GradientBoostedTreesGeneric [virtual interface],2.3815,2.3815,7.9577,GradientBoostedTreesGeneric [virtual interface]=2.3815;Generic slow engine=7.9577
bank-marketing,Oblique,5,3,100,94,0.1,2.0,2.0,1000,Exact,10000,9043,16,1.420,0.90512,0.215741,GradientBoostedTreesGeneric [virtual interface],3.3443,3.3443,11.0840,GradientBoostedTreesGeneric [virtual interface]=3.3443;Generic slow engine=11.0840
bank-marketing,Oblique,6,3,100,85,0.1,2.0,2.0,1000,Exact,10000,9043,16,1.840,0.90324,0.215303,GradientBoostedTreesGeneric [virtual interface],4.3028,4.3028,14.0860,GradientBoostedTreesGeneric [virtual interface]=4.3028;Generic slow engine=14.0860
bank-marketing,Oblique,8,3,100,46,0.1,2.0,2.0,1000,Exact,10000,9043,16,2.300,0.904678,0.219677,GradientBoostedTreesGeneric [virtual interface],3.4655,3.4655,11.5410,GradientBoostedTreesGeneric [virtual interface]=3.4655;Generic slow engine=11.5410
bank-marketing,Axis Aligned,3,4,100,98,0.1,2.0,2.0,1000,Exact,10000,9043,16,0.134,0.89937,0.2282,GradientBoostedTreesQuickScorerExtended [virtual interface],0.2142,1.5152,2.2560,GradientBoostedTreesQuickScorerExtended [virtual interface]=0.2142;GradientBoostedTreesOptPred [virtual interface]=0.9025;GradientBoostedTreesGeneric [virtual interface]=1.5152;Generic slow engine=2.2560
bank-marketing,Axis Aligned,4,4,100,100,0.1,2.0,2.0,1000,Exact,10000,9043,16,0.203,0.902466,0.220204,GradientBoostedTreesQuickScorerExtended [virtual interface],0.3202,2.1378,3.8828,GradientBoostedTreesQuickScorerExtended [virtual interface]=0.3202;GradientBoostedTreesOptPred [virtual interface]=1.2913;GradientBoostedTreesGeneric [virtual interface]=2.1378;Generic slow engine=3.8828
bank-marketing,Axis Aligned,5,4,100,90,0.1,2.0,2.0,1000,Exact,10000,9043,16,0.287,0.903461,0.216261,GradientBoostedTreesQuickScorerExtended [virtual interface],0.4462,2.5485,5.1650,GradientBoostedTreesQuickScorerExtended [virtual interface]=0.4462;GradientBoostedTreesOptPred [virtual interface]=1.4233;GradientBoostedTreesGeneric [virtual interface]=2.5485;Generic slow engine=5.1650
bank-marketing,Axis Aligned,6,4,100,86,0.1,2.0,2.0,1000,Exact,10000,9043,16,0.397,0.904235,0.214681,GradientBoostedTreesQuickScorerExtended [virtual interface],0.6532,3.0667,7.0015,GradientBoostedTreesQuickScorerExtended [virtual interface]=0.6532;GradientBoostedTreesOptPred [virtual interface]=1.6555;GradientBoostedTreesGeneric [virtual interface]=3.0667;Generic slow engine=7.0015
bank-marketing,Axis Aligned,7,4,100,100,0.1,2.0,2.0,1000,Exact,10000,9043,16,0.560,0.90324,0.219669,GradientBoostedTreesQuickScorerExtended [virtual interface],1.1778,4.2020,10.5050,GradientBoostedTreesQuickScorerExtended [virtual interface]=1.1778;GradientBoostedTreesOptPred [virtual interface]=2.5490;GradientBoostedTreesGeneric [virtual interface]=4.2020;Generic slow engine=10.5050
bank-marketing,Axis Aligned,8,4,100,66,0.1,2.0,2.0,1000,Exact,10000,9043,16,0.749,0.904567,0.22187,GradientBoostedTreesOptPred [virtual interface],1.9490,3.1640,8.6948,GradientBoostedTreesOptPred [virtual interface]=1.9490;GradientBoostedTreesGeneric [virtual interface]=3.1640;Generic slow engine=8.6948
bank-marketing,Axis Aligned,10,4,100,28,0.1,2.0,2.0,1000,Exact,10000,9043,16,0.837,0.897932,0.228523,GradientBoostedTreesOptPred [virtual interface],1.0237,1.7425,5.0948,GradientBoostedTreesOptPred [virtual interface]=1.0237;GradientBoostedTreesGeneric [virtual interface]=1.7425;Generic slow engine=5.0948
bank-marketing,Oblique,3,4,100,93,0.1,2.0,2.0,1000,Exact,10000,9043,16,0.693,0.900144,0.228949,GradientBoostedTreesGeneric [virtual interface],1.4550,1.4550,4.0903,GradientBoostedTreesGeneric [virtual interface]=1.4550;Generic slow engine=4.0903
bank-marketing,Oblique,4,4,100,55,0.1,2.0,2.0,1000,Exact,10000,9043,16,0.894,0.902466,0.226357,GradientBoostedTreesGeneric [virtual interface],1.3093,1.3093,4.2895,GradientBoostedTreesGeneric [virtual interface]=1.3093;Generic slow engine=4.2895
bank-marketing,Oblique,5,4,100,75,0.1,2.0,2.0,1000,Exact,10000,9043,16,1.414,0.900586,0.221677,GradientBoostedTreesGeneric [virtual interface],2.5375,2.5375,8.7498,GradientBoostedTreesGeneric [virtual interface]=2.5375;Generic slow engine=8.7498
bank-marketing,Oblique,6,4,100,74,0.1,2.0,2.0,1000,Exact,10000,9043,16,1.860,0.901581,0.220491,GradientBoostedTreesGeneric [virtual interface],3.4795,3.4795,12.0820,GradientBoostedTreesGeneric [virtual interface]=3.4795;Generic slow engine=12.0820
bank-marketing,Oblique,8,4,100,42,0.1,2.0,2.0,1000,Exact,10000,9043,16,2.136,0.900918,0.226393,GradientBoostedTreesGeneric [virtual interface],3.0673,3.0673,10.4910,GradientBoostedTreesGeneric [virtual interface]=3.0673;Generic slow engine=10.4910
bank-marketing,Axis Aligned,3,5,100,100,0.1,2.0,2.0,1000,Exact,10000,9043,16,0.130,0.90313,0.225531,GradientBoostedTreesQuickScorerExtended [virtual interface],0.2198,1.5155,2.2800,GradientBoostedTreesQuickScorerExtended [virtual interface]=0.2198;GradientBoostedTreesOptPred [virtual interface]=0.9070;GradientBoostedTreesGeneric [virtual interface]=1.5155;Generic slow engine=2.2800
bank-marketing,Axis Aligned,4,5,100,92,0.1,2.0,2.0,1000,Exact,10000,9043,16,0.198,0.904346,0.217707,GradientBoostedTreesQuickScorerExtended [virtual interface],0.3197,1.9300,3.5943,GradientBoostedTreesQuickScorerExtended [virtual interface]=0.3197;GradientBoostedTreesOptPred [virtual interface]=1.1860;GradientBoostedTreesGeneric [virtual interface]=1.9300;Generic slow engine=3.5943
bank-marketing,Axis Aligned,5,5,100,88,0.1,2.0,2.0,1000,Exact,10000,9043,16,0.283,0.903572,0.21346,GradientBoostedTreesQuickScorerExtended [virtual interface],0.4470,2.5150,5.1025,GradientBoostedTreesQuickScorerExtended [virtual interface]=0.4470;GradientBoostedTreesOptPred [virtual interface]=1.4078;GradientBoostedTreesGeneric [virtual interface]=2.5150;Generic slow engine=5.1025
bank-marketing,Axis Aligned,6,5,100,89,0.1,2.0,2.0,1000,Exact,10000,9043,16,0.399,0.907885,0.209796,GradientBoostedTreesQuickScorerExtended [virtual interface],0.6787,3.2073,7.2767,GradientBoostedTreesQuickScorerExtended [virtual interface]=0.6787;GradientBoostedTreesOptPred [virtual interface]=1.7623;GradientBoostedTreesGeneric [virtual interface]=3.2073;Generic slow engine=7.2767
bank-marketing,Axis Aligned,7,5,100,88,0.1,2.0,2.0,1000,Exact,10000,9043,16,0.564,0.906005,0.212909,GradientBoostedTreesQuickScorerExtended [virtual interface],1.0052,3.7553,9.1598,GradientBoostedTreesQuickScorerExtended [virtual interface]=1.0052;GradientBoostedTreesOptPred [virtual interface]=2.3570;GradientBoostedTreesGeneric [virtual interface]=3.7553;Generic slow engine=9.1598
bank-marketing,Axis Aligned,8,5,100,52,0.1,2.0,2.0,1000,Exact,10000,9043,16,0.648,0.90136,0.217535,GradientBoostedTreesOptPred [virtual interface],1.5090,2.4310,6.6000,GradientBoostedTreesOptPred [virtual interface]=1.5090;GradientBoostedTreesGeneric [virtual interface]=2.4310;Generic slow engine=6.6000
bank-marketing,Axis Aligned,10,5,100,47,0.1,2.0,2.0,1000,Exact,10000,9043,16,1.049,0.903682,0.222709,GradientBoostedTreesOptPred [virtual interface],1.8922,3.1115,8.9515,GradientBoostedTreesOptPred [virtual interface]=1.8922;GradientBoostedTreesGeneric [virtual interface]=3.1115;Generic slow engine=8.9515
bank-marketing,Oblique,3,5,100,98,0.1,2.0,2.0,1000,Exact,10000,9043,16,0.686,0.90136,0.22494,GradientBoostedTreesGeneric [virtual interface],1.5433,1.5433,4.2600,GradientBoostedTreesGeneric [virtual interface]=1.5433;Generic slow engine=4.2600
bank-marketing,Oblique,4,5,100,90,0.1,2.0,2.0,1000,Exact,10000,9043,16,1.031,0.90313,0.220091,GradientBoostedTreesGeneric [virtual interface],2.1720,2.1720,7.2445,GradientBoostedTreesGeneric [virtual interface]=2.1720;Generic slow engine=7.2445
bank-marketing,Oblique,5,5,100,94,0.1,2.0,2.0,1000,Exact,10000,9043,16,1.436,0.902466,0.217475,GradientBoostedTreesGeneric [virtual interface],3.3165,3.3165,11.1900,GradientBoostedTreesGeneric [virtual interface]=3.3165;Generic slow engine=11.1900
bank-marketing,Oblique,6,5,100,63,0.1,2.0,2.0,1000,Exact,10000,9043,16,1.723,0.901913,0.218015,GradientBoostedTreesGeneric [virtual interface],3.0053,3.0053,10.2880,GradientBoostedTreesGeneric [virtual interface]=3.0053;Generic slow engine=10.2880
bank-marketing,Oblique,8,5,100,74,0.1,2.0,2.0,1000,Exact,10000,9043,16,2.973,0.90512,0.219396,GradientBoostedTreesGeneric [virtual interface],6.0475,6.0475,19.4690,GradientBoostedTreesGeneric [virtual interface]=6.0475;Generic slow engine=19.4690
bank-marketing,Axis Aligned,3,6,100,98,0.1,2.0,2.0,1000,Exact,10000,9043,16,0.132,0.897379,0.232164,GradientBoostedTreesQuickScorerExtended [virtual interface],0.2100,1.5057,2.2485,GradientBoostedTreesQuickScorerExtended [virtual interface]=0.2100;GradientBoostedTreesOptPred [virtual interface]=0.8620;GradientBoostedTreesGeneric [virtual interface]=1.5057;Generic slow engine=2.2485
bank-marketing,Axis Aligned,4,6,100,99,0.1,2.0,2.0,1000,Exact,10000,9043,16,0.203,0.89948,0.219431,GradientBoostedTreesQuickScorerExtended [virtual interface],0.3598,2.1415,3.7858,GradientBoostedTreesQuickScorerExtended [virtual interface]=0.3598;GradientBoostedTreesOptPred [virtual interface]=1.2568;GradientBoostedTreesGeneric [virtual interface]=2.1415;Generic slow engine=3.7858
bank-marketing,Axis Aligned,5,6,100,100,0.1,2.0,2.0,1000,Exact,10000,9043,16,0.290,0.898485,0.219481,GradientBoostedTreesQuickScorerExtended [virtual interface],0.4825,2.8542,5.7817,GradientBoostedTreesQuickScorerExtended [virtual interface]=0.4825;GradientBoostedTreesOptPred [virtual interface]=1.5643;GradientBoostedTreesGeneric [virtual interface]=2.8542;Generic slow engine=5.7817
bank-marketing,Axis Aligned,6,6,100,53,0.1,2.0,2.0,1000,Exact,10000,9043,16,0.335,0.897269,0.22124,GradientBoostedTreesQuickScorerExtended [virtual interface],0.4885,1.8795,4.2780,GradientBoostedTreesQuickScorerExtended [virtual interface]=0.4885;GradientBoostedTreesOptPred [virtual interface]=1.0237;GradientBoostedTreesGeneric [virtual interface]=1.8795;Generic slow engine=4.2780
bank-marketing,Axis Aligned,7,6,100,77,0.1,2.0,2.0,1000,Exact,10000,9043,16,0.555,0.89937,0.219431,GradientBoostedTreesQuickScorerExtended [virtual interface],0.9048,3.1673,7.8943,GradientBoostedTreesQuickScorerExtended [virtual interface]=0.9048;GradientBoostedTreesOptPred [virtual interface]=1.9423;GradientBoostedTreesGeneric [virtual interface]=3.1673;Generic slow engine=7.8943
bank-marketing,Axis Aligned,8,6,100,41,0.1,2.0,2.0,1000,Exact,10000,9043,16,0.596,0.897158,0.223886,GradientBoostedTreesOptPred [virtual interface],1.2465,1.9772,5.2670,GradientBoostedTreesOptPred [virtual interface]=1.2465;GradientBoostedTreesGeneric [virtual interface]=1.9772;Generic slow engine=5.2670
bank-marketing,Axis Aligned,10,6,100,34,0.1,2.0,2.0,1000,Exact,10000,9043,16,0.969,0.893509,0.232372,GradientBoostedTreesOptPred [virtual interface],1.3625,2.2428,6.3640,GradientBoostedTreesOptPred [virtual interface]=1.3625;GradientBoostedTreesGeneric [virtual interface]=2.2428;Generic slow engine=6.3640
bank-marketing,Oblique,3,6,100,100,0.1,2.0,2.0,1000,Exact,10000,9043,16,0.700,0.897932,0.22823,GradientBoostedTreesGeneric [virtual interface],1.6068,1.6068,4.3785,GradientBoostedTreesGeneric [virtual interface]=1.6068;Generic slow engine=4.3785
bank-marketing,Oblique,4,6,100,78,0.1,2.0,2.0,1000,Exact,10000,9043,16,1.057,0.898927,0.22261,GradientBoostedTreesGeneric [virtual interface],1.8648,1.8648,6.2023,GradientBoostedTreesGeneric [virtual interface]=1.8648;Generic slow engine=6.2023
bank-marketing,Oblique,5,6,100,97,0.1,2.0,2.0,1000,Exact,10000,9043,16,1.424,0.899591,0.220641,GradientBoostedTreesGeneric [virtual interface],3.5223,3.5223,11.8060,GradientBoostedTreesGeneric [virtual interface]=3.5223;Generic slow engine=11.8060
bank-marketing,Oblique,6,6,100,98,0.1,2.0,2.0,1000,Exact,10000,9043,16,1.869,0.898374,0.22156,GradientBoostedTreesGeneric [virtual interface],4.8693,4.8693,16.1020,GradientBoostedTreesGeneric [virtual interface]=4.8693;Generic slow engine=16.1020
bank-marketing,Oblique,8,6,100,64,0.1,2.0,2.0,1000,Exact,10000,9043,16,2.728,0.8976,0.226541,GradientBoostedTreesGeneric [virtual interface],5.0408,5.0408,16.5180,GradientBoostedTreesGeneric [virtual interface]=5.0408;Generic slow engine=16.5180
bank-marketing,Axis Aligned,3,7,100,98,0.1,2.0,2.0,1000,Exact,10000,9043,16,0.128,0.901471,0.230852,GradientBoostedTreesQuickScorerExtended [virtual interface],0.2040,1.4005,2.2545,GradientBoostedTreesQuickScorerExtended [virtual interface]=0.2040;GradientBoostedTreesOptPred [virtual interface]=0.7462;GradientBoostedTreesGeneric [virtual interface]=1.4005;Generic slow engine=2.2545
bank-marketing,Axis Aligned,4,7,100,95,0.1,2.0,2.0,1000,Exact,10000,9043,16,0.196,0.903793,0.222149,GradientBoostedTreesQuickScorerExtended [virtual interface],0.2968,1.8470,3.7043,GradientBoostedTreesQuickScorerExtended [virtual interface]=0.2968;GradientBoostedTreesOptPred [virtual interface]=1.0160;GradientBoostedTreesGeneric [virtual interface]=1.8470;Generic slow engine=3.7043
bank-marketing,Axis Aligned,5,7,100,93,0.1,2.0,2.0,1000,Exact,10000,9043,16,0.281,0.903793,0.21754,GradientBoostedTreesQuickScorerExtended [virtual interface],0.4572,2.4777,5.3377,GradientBoostedTreesQuickScorerExtended [virtual interface]=0.4572;GradientBoostedTreesOptPred [virtual interface]=1.2948;GradientBoostedTreesGeneric [virtual interface]=2.4777;Generic slow engine=5.3377
bank-marketing,Axis Aligned,6,7,100,100,0.1,2.0,2.0,1000,Exact,10000,9043,16,0.401,0.904125,0.215276,GradientBoostedTreesQuickScorerExtended [virtual interface],0.7555,3.4375,8.1255,GradientBoostedTreesQuickScorerExtended [virtual interface]=0.7555;GradientBoostedTreesOptPred [virtual interface]=1.8040;GradientBoostedTreesGeneric [virtual interface]=3.4375;Generic slow engine=8.1255
bank-marketing,Axis Aligned,7,7,100,86,0.1,2.0,2.0,1000,Exact,10000,9043,16,0.551,0.903793,0.219202,GradientBoostedTreesQuickScorerExtended [virtual interface],1.0325,3.4423,8.8878,GradientBoostedTreesQuickScorerExtended [virtual interface]=1.0325;GradientBoostedTreesOptPred [virtual interface]=2.0415;GradientBoostedTreesGeneric [virtual interface]=3.4423;Generic slow engine=8.8878
bank-marketing,Axis Aligned,8,7,100,77,0.1,2.0,2.0,1000,Exact,10000,9043,16,0.745,0.902798,0.221477,GradientBoostedTreesOptPred [virtual interface],2.2765,3.7268,9.9158,GradientBoostedTreesOptPred [virtual interface]=2.2765;GradientBoostedTreesGeneric [virtual interface]=3.7268;Generic slow engine=9.9158
bank-marketing,Axis Aligned,10,7,100,69,0.1,2.0,2.0,1000,Exact,10000,9043,16,1.300,0.89937,0.233981,GradientBoostedTreesOptPred [virtual interface],2.6695,4.5172,13.5590,GradientBoostedTreesOptPred [virtual interface]=2.6695;GradientBoostedTreesGeneric [virtual interface]=4.5172;Generic slow engine=13.5590
bank-marketing,Oblique,3,7,100,100,0.1,2.0,2.0,1000,Exact,10000,9043,16,0.683,0.901028,0.226835,GradientBoostedTreesGeneric [virtual interface],1.4743,1.4743,4.3833,GradientBoostedTreesGeneric [virtual interface]=1.4743;Generic slow engine=4.3833
bank-marketing,Oblique,4,7,100,99,0.1,2.0,2.0,1000,Exact,10000,9043,16,1.044,0.901028,0.220143,GradientBoostedTreesGeneric [virtual interface],2.3535,2.3535,7.8520,GradientBoostedTreesGeneric [virtual interface]=2.3535;Generic slow engine=7.8520
bank-marketing,Oblique,5,7,100,97,0.1,2.0,2.0,1000,Exact,10000,9043,16,1.429,0.903019,0.217658,GradientBoostedTreesGeneric [virtual interface],3.5265,3.5265,11.4890,GradientBoostedTreesGeneric [virtual interface]=3.5265;Generic slow engine=11.4890
bank-marketing,Oblique,6,7,100,99,0.1,2.0,2.0,1000,Exact,10000,9043,16,1.891,0.902798,0.214236,GradientBoostedTreesGeneric [virtual interface],4.9817,4.9817,16.5440,GradientBoostedTreesGeneric [virtual interface]=4.9817;Generic slow engine=16.5440
bank-marketing,Oblique,8,7,100,81,0.1,2.0,2.0,1000,Exact,10000,9043,16,2.998,0.900365,0.223611,GradientBoostedTreesGeneric [virtual interface],6.6440,6.6440,21.5560,GradientBoostedTreesGeneric [virtual interface]=6.6440;Generic slow engine=21.5560
bank-marketing,Axis Aligned,3,8,100,100,0.1,2.0,2.0,1000,Exact,10000,9043,16,0.128,0.904899,0.223743,GradientBoostedTreesQuickScorerExtended [virtual interface],0.2107,1.5163,2.3073,GradientBoostedTreesQuickScorerExtended [virtual interface]=0.2107;GradientBoostedTreesOptPred [virtual interface]=0.8842;GradientBoostedTreesGeneric [virtual interface]=1.5163;Generic slow engine=2.3073
bank-marketing,Axis Aligned,4,8,100,100,0.1,2.0,2.0,1000,Exact,10000,9043,16,0.198,0.904788,0.215837,GradientBoostedTreesQuickScorerExtended [virtual interface],0.3190,2.0770,3.9140,GradientBoostedTreesQuickScorerExtended [virtual interface]=0.3190;GradientBoostedTreesOptPred [virtual interface]=1.2223;GradientBoostedTreesGeneric [virtual interface]=2.0770;Generic slow engine=3.9140
bank-marketing,Axis Aligned,5,8,100,99,0.1,2.0,2.0,1000,Exact,10000,9043,16,0.278,0.907,0.211049,GradientBoostedTreesQuickScorerExtended [virtual interface],0.4625,2.7050,5.7285,GradientBoostedTreesQuickScorerExtended [virtual interface]=0.4625;GradientBoostedTreesOptPred [virtual interface]=1.4445;GradientBoostedTreesGeneric [virtual interface]=2.7050;Generic slow engine=5.7285
bank-marketing,Axis Aligned,6,8,100,100,0.1,2.0,2.0,1000,Exact,10000,9043,16,0.386,0.907221,0.208389,GradientBoostedTreesQuickScorerExtended [virtual interface],0.7137,3.4590,8.1453,GradientBoostedTreesQuickScorerExtended [virtual interface]=0.7137;GradientBoostedTreesOptPred [virtual interface]=1.8193;GradientBoostedTreesGeneric [virtual interface]=3.4590;Generic slow engine=8.1453
bank-marketing,Axis Aligned,7,8,100,91,0.1,2.0,2.0,1000,Exact,10000,9043,16,0.551,0.904788,0.210495,GradientBoostedTreesQuickScorerExtended [virtual interface],1.0232,3.7523,9.4035,GradientBoostedTreesQuickScorerExtended [virtual interface]=1.0232;GradientBoostedTreesOptPred [virtual interface]=2.2732;GradientBoostedTreesGeneric [virtual interface]=3.7523;Generic slow engine=9.4035
bank-marketing,Axis Aligned,8,8,100,84,0.1,2.0,2.0,1000,Exact,10000,9043,16,0.729,0.904788,0.213253,GradientBoostedTreesOptPred [virtual interface],2.4655,4.0172,10.9610,GradientBoostedTreesOptPred [virtual interface]=2.4655;GradientBoostedTreesGeneric [virtual interface]=4.0172;Generic slow engine=10.9610
bank-marketing,Axis Aligned,10,8,100,67,0.1,2.0,2.0,1000,Exact,10000,9043,16,1.238,0.903682,0.222521,GradientBoostedTreesOptPred [virtual interface],2.9672,4.6698,13.7390,GradientBoostedTreesOptPred [virtual interface]=2.9672;GradientBoostedTreesGeneric [virtual interface]=4.6698;Generic slow engine=13.7390
bank-marketing,Oblique,3,8,100,100,0.1,2.0,2.0,1000,Exact,10000,9043,16,0.687,0.90313,0.220592,GradientBoostedTreesGeneric [virtual interface],1.5722,1.5722,4.4525,GradientBoostedTreesGeneric [virtual interface]=1.5722;Generic slow engine=4.4525
bank-marketing,Oblique,4,8,100,99,0.1,2.0,2.0,1000,Exact,10000,9043,16,1.049,0.903682,0.213388,GradientBoostedTreesGeneric [virtual interface],2.3858,2.3858,7.8268,GradientBoostedTreesGeneric [virtual interface]=2.3858;Generic slow engine=7.8268
bank-marketing,Oblique,5,8,100,99,0.1,2.0,2.0,1000,Exact,10000,9043,16,1.410,0.905673,0.211838,GradientBoostedTreesGeneric [virtual interface],3.4093,3.4093,11.7420,GradientBoostedTreesGeneric [virtual interface]=3.4093;Generic slow engine=11.7420
bank-marketing,Oblique,6,8,100,86,0.1,2.0,2.0,1000,Exact,10000,9043,16,1.860,0.903572,0.212586,GradientBoostedTreesGeneric [virtual interface],4.0823,4.0823,13.9840,GradientBoostedTreesGeneric [virtual interface]=4.0823;Generic slow engine=13.9840
bank-marketing,Oblique,8,8,100,98,0.1,2.0,2.0,1000,Exact,10000,9043,16,2.918,0.901471,0.214798,GradientBoostedTreesGeneric [virtual interface],8.7595,8.7595,27.2360,GradientBoostedTreesGeneric [virtual interface]=8.7595;Generic slow engine=27.2360
bank-marketing,Axis Aligned,3,9,100,100,0.1,2.0,2.0,1000,Exact,10000,9043,16,0.130,0.900365,0.230668,GradientBoostedTreesQuickScorerExtended [virtual interface],0.2018,1.4792,2.3047,GradientBoostedTreesQuickScorerExtended [virtual interface]=0.2018;GradientBoostedTreesOptPred [virtual interface]=0.8552;GradientBoostedTreesGeneric [virtual interface]=1.4792;Generic slow engine=2.3047
bank-marketing,Axis Aligned,4,9,100,85,0.1,2.0,2.0,1000,Exact,10000,9043,16,0.196,0.899812,0.224306,GradientBoostedTreesQuickScorerExtended [virtual interface],0.2945,1.6920,3.3323,GradientBoostedTreesQuickScorerExtended [virtual interface]=0.2945;GradientBoostedTreesOptPred [virtual interface]=1.0235;GradientBoostedTreesGeneric [virtual interface]=1.6920;Generic slow engine=3.3323
bank-marketing,Axis Aligned,5,9,100,72,0.1,2.0,2.0,1000,Exact,10000,9043,16,0.288,0.902024,0.220183,GradientBoostedTreesQuickScorerExtended [virtual interface],0.4090,1.9750,4.1268,GradientBoostedTreesQuickScorerExtended [virtual interface]=0.4090;GradientBoostedTreesOptPred [virtual interface]=1.0925;GradientBoostedTreesGeneric [virtual interface]=1.9750;Generic slow engine=4.1268
bank-marketing,Axis Aligned,6,9,100,65,0.1,2.0,2.0,1000,Exact,10000,9043,16,0.375,0.902245,0.218448,GradientBoostedTreesQuickScorerExtended [virtual interface],0.5695,2.2810,5.2565,GradientBoostedTreesQuickScorerExtended [virtual interface]=0.5695;GradientBoostedTreesOptPred [virtual interface]=1.2167;GradientBoostedTreesGeneric [virtual interface]=2.2810;Generic slow engine=5.2565
bank-marketing,Axis Aligned,7,9,100,37,0.1,2.0,2.0,1000,Exact,10000,9043,16,0.404,0.900144,0.224061,GradientBoostedTreesQuickScorerExtended [virtual interface],0.5710,1.4005,3.7713,GradientBoostedTreesQuickScorerExtended [virtual interface]=0.5710;GradientBoostedTreesOptPred [virtual interface]=0.8618;GradientBoostedTreesGeneric [virtual interface]=1.4005;Generic slow engine=3.7713
bank-marketing,Axis Aligned,8,9,100,61,0.1,2.0,2.0,1000,Exact,10000,9043,16,0.699,0.899701,0.223501,GradientBoostedTreesOptPred [virtual interface],1.8740,2.9750,7.8520,GradientBoostedTreesOptPred [virtual interface]=1.8740;GradientBoostedTreesGeneric [virtual interface]=2.9750;Generic slow engine=7.8520
bank-marketing,Axis Aligned,10,9,100,18,0.1,2.0,2.0,1000,Exact,10000,9043,16,0.735,0.895942,0.238783,GradientBoostedTreesOptPred [virtual interface],0.5860,1.0617,3.0417,GradientBoostedTreesOptPred [virtual interface]=0.5860;GradientBoostedTreesGeneric [virtual interface]=1.0617;Generic slow engine=3.0417
bank-marketing,Oblique,3,9,100,100,0.1,2.0,2.0,1000,Exact,10000,9043,16,0.677,0.901802,0.226483,GradientBoostedTreesGeneric [virtual interface],1.5388,1.5388,4.3985,GradientBoostedTreesGeneric [virtual interface]=1.5388;Generic slow engine=4.3985
bank-marketing,Oblique,4,9,100,98,0.1,2.0,2.0,1000,Exact,10000,9043,16,1.044,0.901581,0.223251,GradientBoostedTreesGeneric [virtual interface],2.3298,2.3298,7.7832,GradientBoostedTreesGeneric [virtual interface]=2.3298;Generic slow engine=7.7832
bank-marketing,Oblique,5,9,100,58,0.1,2.0,2.0,1000,Exact,10000,9043,16,1.247,0.901471,0.22094,GradientBoostedTreesGeneric [virtual interface],1.9083,1.9083,6.7860,GradientBoostedTreesGeneric [virtual interface]=1.9083;Generic slow engine=6.7860
bank-marketing,Oblique,6,9,100,56,0.1,2.0,2.0,1000,Exact,10000,9043,16,1.594,0.902798,0.220587,GradientBoostedTreesGeneric [virtual interface],2.4925,2.4925,9.0218,GradientBoostedTreesGeneric [virtual interface]=2.4925;Generic slow engine=9.0218
bank-marketing,Oblique,8,9,100,30,0.1,2.0,2.0,1000,Exact,10000,9043,16,1.794,0.903019,0.225415,GradientBoostedTreesGeneric [virtual interface],2.0295,2.0295,7.2652,GradientBoostedTreesGeneric [virtual interface]=2.0295;Generic slow engine=7.2652
electricity,Axis Aligned,3,0,100,100,0.1,2.0,2.0,1000,Exact,10000,9063,8,0.109,0.808673,0.420806,GradientBoostedTreesQuickScorerExtended [virtual interface],0.3427,1.4285,2.3075,GradientBoostedTreesQuickScorerExtended [virtual interface]=0.3427;GradientBoostedTreesOptPred [virtual interface]=0.8452;GradientBoostedTreesGeneric [virtual interface]=1.4285;Generic slow engine=2.3075
electricity,Axis Aligned,4,0,100,100,0.1,2.0,2.0,1000,Exact,10000,9063,8,0.158,0.824892,0.389807,GradientBoostedTreesQuickScorerExtended [virtual interface],0.3685,2.1245,3.8660,GradientBoostedTreesQuickScorerExtended [virtual interface]=0.3685;GradientBoostedTreesOptPred [virtual interface]=1.4227;GradientBoostedTreesGeneric [virtual interface]=2.1245;Generic slow engine=3.8660
electricity,Axis Aligned,5,0,100,100,0.1,2.0,2.0,1000,Exact,10000,9063,8,0.219,0.844533,0.358076,GradientBoostedTreesQuickScorerExtended [virtual interface],0.6175,3.2890,5.8133,GradientBoostedTreesQuickScorerExtended [virtual interface]=0.6175;GradientBoostedTreesOptPred [virtual interface]=1.8902;GradientBoostedTreesGeneric [virtual interface]=3.2890;Generic slow engine=5.8133
electricity,Axis Aligned,6,0,100,99,0.1,2.0,2.0,1000,Exact,10000,9063,8,0.301,0.850381,0.340118,GradientBoostedTreesQuickScorerExtended [virtual interface],0.9772,3.9030,8.3148,GradientBoostedTreesQuickScorerExtended [virtual interface]=0.9772;GradientBoostedTreesOptPred [virtual interface]=2.2650;GradientBoostedTreesGeneric [virtual interface]=3.9030;Generic slow engine=8.3148
electricity,Axis Aligned,7,0,100,98,0.1,2.0,2.0,1000,Exact,10000,9063,8,0.422,0.866049,0.31396,GradientBoostedTreesQuickScorerExtended [virtual interface],1.6385,4.5220,10.7300,GradientBoostedTreesQuickScorerExtended [virtual interface]=1.6385;GradientBoostedTreesOptPred [virtual interface]=3.0690;GradientBoostedTreesGeneric [virtual interface]=4.5220;Generic slow engine=10.7300
electricity,Axis Aligned,8,0,100,100,0.1,2.0,2.0,1000,Exact,10000,9063,8,0.572,0.870793,0.301695,GradientBoostedTreesOptPred [virtual interface],3.8390,5.5782,14.5140,GradientBoostedTreesOptPred [virtual interface]=3.8390;GradientBoostedTreesGeneric [virtual interface]=5.5782;Generic slow engine=14.5140
electricity,Axis Aligned,10,0,100,100,0.1,2.0,2.0,1000,Exact,10000,9063,8,1.047,0.880834,0.284825,GradientBoostedTreesOptPred [virtual interface],5.2175,7.6455,26.3950,GradientBoostedTreesOptPred [virtual interface]=5.2175;GradientBoostedTreesGeneric [virtual interface]=7.6455;Generic slow engine=26.3950
electricity,Oblique,3,0,100,99,0.1,2.0,2.0,1000,Exact,10000,9063,8,0.336,0.815293,0.410527,GradientBoostedTreesGeneric [virtual interface],1.9280,1.9280,3.9780,GradientBoostedTreesGeneric [virtual interface]=1.9280;Generic slow engine=3.9780
electricity,Oblique,4,0,100,100,0.1,2.0,2.0,1000,Exact,10000,9063,8,0.499,0.829416,0.38192,GradientBoostedTreesGeneric [virtual interface],3.1823,3.1823,7.2970,GradientBoostedTreesGeneric [virtual interface]=3.1823;Generic slow engine=7.2970
electricity,Oblique,5,0,100,100,0.1,2.0,2.0,1000,Exact,10000,9063,8,0.683,0.842216,0.356847,GradientBoostedTreesGeneric [virtual interface],4.5232,4.5232,11.3960,GradientBoostedTreesGeneric [virtual interface]=4.5232;Generic slow engine=11.3960
electricity,Oblique,6,0,100,100,0.1,2.0,2.0,1000,Exact,10000,9063,8,0.893,0.856229,0.336025,GradientBoostedTreesGeneric [virtual interface],6.1647,6.1647,16.5730,GradientBoostedTreesGeneric [virtual interface]=6.1647;Generic slow engine=16.5730
electricity,Oblique,8,0,100,100,0.1,2.0,2.0,1000,Exact,10000,9063,8,1.512,0.871676,0.303988,GradientBoostedTreesGeneric [virtual interface],9.4887,9.4887,29.4220,GradientBoostedTreesGeneric [virtual interface]=9.4887;Generic slow engine=29.4220
electricity,Axis Aligned,3,1,100,100,0.1,2.0,2.0,1000,Exact,10000,9063,8,0.111,0.806797,0.420671,GradientBoostedTreesQuickScorerExtended [virtual interface],0.2213,1.4688,2.2993,GradientBoostedTreesQuickScorerExtended [virtual interface]=0.2213;GradientBoostedTreesOptPred [virtual interface]=0.8762;GradientBoostedTreesGeneric [virtual interface]=1.4688;Generic slow engine=2.2993
electricity,Axis Aligned,4,1,100,100,0.1,2.0,2.0,1000,Exact,10000,9063,8,0.158,0.828865,0.385495,GradientBoostedTreesQuickScorerExtended [virtual interface],0.3670,2.2400,3.8588,GradientBoostedTreesQuickScorerExtended [virtual interface]=0.3670;GradientBoostedTreesOptPred [virtual interface]=1.5072;GradientBoostedTreesGeneric [virtual interface]=2.2400;Generic slow engine=3.8588
electricity,Axis Aligned,5,1,100,100,0.1,2.0,2.0,1000,Exact,10000,9063,8,0.215,0.845526,0.358592,GradientBoostedTreesQuickScorerExtended [virtual interface],0.5965,3.1583,5.7298,GradientBoostedTreesQuickScorerExtended [virtual interface]=0.5965;GradientBoostedTreesOptPred [virtual interface]=1.9627;GradientBoostedTreesGeneric [virtual interface]=3.1583;Generic slow engine=5.7298
electricity,Axis Aligned,6,1,100,99,0.1,2.0,2.0,1000,Exact,10000,9063,8,0.296,0.857884,0.33823,GradientBoostedTreesQuickScorerExtended [virtual interface],0.9677,3.8653,8.3285,GradientBoostedTreesQuickScorerExtended [virtual interface]=0.9677;GradientBoostedTreesOptPred [virtual interface]=2.2375;GradientBoostedTreesGeneric [virtual interface]=3.8653;Generic slow engine=8.3285
electricity,Axis Aligned,7,1,100,100,0.1,2.0,2.0,1000,Exact,10000,9063,8,0.410,0.865828,0.317867,GradientBoostedTreesQuickScorerExtended [virtual interface],1.6878,4.6105,10.9380,GradientBoostedTreesQuickScorerExtended [virtual interface]=1.6878;GradientBoostedTreesOptPred [virtual interface]=3.2015;GradientBoostedTreesGeneric [virtual interface]=4.6105;Generic slow engine=10.9380
electricity,Axis Aligned,8,1,100,100,0.1,2.0,2.0,1000,Exact,10000,9063,8,0.575,0.875538,0.297624,GradientBoostedTreesOptPred [virtual interface],3.8835,5.6153,14.9070,GradientBoostedTreesOptPred [virtual interface]=3.8835;GradientBoostedTreesGeneric [virtual interface]=5.6153;Generic slow engine=14.9070
electricity,Axis Aligned,10,1,100,97,0.1,2.0,2.0,1000,Exact,10000,9063,8,1.035,0.884255,0.284267,GradientBoostedTreesOptPred [virtual interface],5.1445,7.5005,25.1120,GradientBoostedTreesOptPred [virtual interface]=5.1445;GradientBoostedTreesGeneric [virtual interface]=7.5005;Generic slow engine=25.1120
electricity,Oblique,3,1,100,99,0.1,2.0,2.0,1000,Exact,10000,9063,8,0.334,0.8175,0.413018,GradientBoostedTreesGeneric [virtual interface],2.0000,2.0000,3.9832,GradientBoostedTreesGeneric [virtual interface]=2.0000;Generic slow engine=3.9832
electricity,Oblique,4,1,100,100,0.1,2.0,2.0,1000,Exact,10000,9063,8,0.494,0.830409,0.38544,GradientBoostedTreesGeneric [virtual interface],3.0718,3.0718,7.3635,GradientBoostedTreesGeneric [virtual interface]=3.0718;Generic slow engine=7.3635
electricity,Oblique,5,1,100,98,0.1,2.0,2.0,1000,Exact,10000,9063,8,0.678,0.843319,0.360671,GradientBoostedTreesGeneric [virtual interface],4.2630,4.2630,10.9510,GradientBoostedTreesGeneric [virtual interface]=4.2630;Generic slow engine=10.9510
electricity,Oblique,6,1,100,100,0.1,2.0,2.0,1000,Exact,10000,9063,8,0.884,0.854574,0.338141,GradientBoostedTreesGeneric [virtual interface],6.1763,6.1763,16.2790,GradientBoostedTreesGeneric [virtual interface]=6.1763;Generic slow engine=16.2790
electricity,Oblique,8,1,100,100,0.1,2.0,2.0,1000,Exact,10000,9063,8,1.462,0.868587,0.312891,GradientBoostedTreesGeneric [virtual interface],9.6783,9.6783,28.5200,GradientBoostedTreesGeneric [virtual interface]=9.6783;Generic slow engine=28.5200
electricity,Axis Aligned,3,2,100,100,0.1,2.0,2.0,1000,Exact,10000,9063,8,0.109,0.810107,0.421131,GradientBoostedTreesQuickScorerExtended [virtual interface],0.2165,1.4630,2.2833,GradientBoostedTreesQuickScorerExtended [virtual interface]=0.2165;GradientBoostedTreesOptPred [virtual interface]=0.8460;GradientBoostedTreesGeneric [virtual interface]=1.4630;Generic slow engine=2.2833
electricity,Axis Aligned,4,2,100,100,0.1,2.0,2.0,1000,Exact,10000,9063,8,0.157,0.833057,0.381825,GradientBoostedTreesQuickScorerExtended [virtual interface],0.3723,2.1943,3.8933,GradientBoostedTreesQuickScorerExtended [virtual interface]=0.3723;GradientBoostedTreesOptPred [virtual interface]=1.4620;GradientBoostedTreesGeneric [virtual interface]=2.1943;Generic slow engine=3.8933
electricity,Axis Aligned,5,2,100,100,0.1,2.0,2.0,1000,Exact,10000,9063,8,0.216,0.846629,0.354168,GradientBoostedTreesQuickScorerExtended [virtual interface],0.6055,3.0605,5.8487,GradientBoostedTreesQuickScorerExtended [virtual interface]=0.6055;GradientBoostedTreesOptPred [virtual interface]=1.8762;GradientBoostedTreesGeneric [virtual interface]=3.0605;Generic slow engine=5.8487
electricity,Axis Aligned,6,2,100,99,0.1,2.0,2.0,1000,Exact,10000,9063,8,0.303,0.855015,0.330363,GradientBoostedTreesQuickScorerExtended [virtual interface],0.9890,4.0005,8.2120,GradientBoostedTreesQuickScorerExtended [virtual interface]=0.9890;GradientBoostedTreesOptPred [virtual interface]=2.3405;GradientBoostedTreesGeneric [virtual interface]=4.0005;Generic slow engine=8.2120
electricity,Axis Aligned,7,2,100,98,0.1,2.0,2.0,1000,Exact,10000,9063,8,0.421,0.865938,0.310882,GradientBoostedTreesQuickScorerExtended [virtual interface],1.6355,4.5210,10.6590,GradientBoostedTreesQuickScorerExtended [virtual interface]=1.6355;GradientBoostedTreesOptPred [virtual interface]=3.0800;GradientBoostedTreesGeneric [virtual interface]=4.5210;Generic slow engine=10.6590
electricity,Axis Aligned,8,2,100,99,0.1,2.0,2.0,1000,Exact,10000,9063,8,0.566,0.874876,0.291696,GradientBoostedTreesOptPred [virtual interface],3.8573,5.5377,15.6690,GradientBoostedTreesOptPred [virtual interface]=3.8573;GradientBoostedTreesGeneric [virtual interface]=5.5377;Generic slow engine=15.6690
electricity,Axis Aligned,10,2,100,99,0.1,2.0,2.0,1000,Exact,10000,9063,8,1.049,0.883924,0.273833,GradientBoostedTreesOptPred [virtual interface],5.2458,7.6098,30.3010,GradientBoostedTreesOptPred [virtual interface]=5.2458;GradientBoostedTreesGeneric [virtual interface]=7.6098;Generic slow engine=30.3010
electricity,Oblique,3,2,100,100,0.1,2.0,2.0,1000,Exact,10000,9063,8,0.388,0.813086,0.412403,GradientBoostedTreesGeneric [virtual interface],1.9290,1.9290,3.9790,GradientBoostedTreesGeneric [virtual interface]=1.9290;Generic slow engine=3.9790
electricity,Oblique,4,2,100,100,0.1,2.0,2.0,1000,Exact,10000,9063,8,0.539,0.832285,0.383257,GradientBoostedTreesGeneric [virtual interface],3.1225,3.1225,7.3748,GradientBoostedTreesGeneric [virtual interface]=3.1225;Generic slow engine=7.3748
electricity,Oblique,5,2,100,100,0.1,2.0,2.0,1000,Exact,10000,9063,8,0.698,0.842657,0.357408,GradientBoostedTreesGeneric [virtual interface],4.6990,4.6990,11.5490,GradientBoostedTreesGeneric [virtual interface]=4.6990;Generic slow engine=11.5490
electricity,Oblique,6,2,100,100,0.1,2.0,2.0,1000,Exact,10000,9063,8,0.895,0.851705,0.333995,GradientBoostedTreesGeneric [virtual interface],6.0608,6.0608,16.2470,GradientBoostedTreesGeneric [virtual interface]=6.0608;Generic slow engine=16.2470
electricity,Oblique,8,2,100,97,0.1,2.0,2.0,1000,Exact,10000,9063,8,1.463,0.865828,0.305548,GradientBoostedTreesGeneric [virtual interface],9.3250,9.3250,27.6330,GradientBoostedTreesGeneric [virtual interface]=9.3250;Generic slow engine=27.6330
electricity,Axis Aligned,3,3,100,100,0.1,2.0,2.0,1000,Exact,10000,9063,8,0.113,0.802052,0.431212,GradientBoostedTreesQuickScorerExtended [virtual interface],0.2208,1.4615,2.2870,GradientBoostedTreesQuickScorerExtended [virtual interface]=0.2208;GradientBoostedTreesOptPred [virtual interface]=0.8730;GradientBoostedTreesGeneric [virtual interface]=1.4615;Generic slow engine=2.2870
electricity,Axis Aligned,4,3,100,100,0.1,2.0,2.0,1000,Exact,10000,9063,8,0.162,0.823237,0.397673,GradientBoostedTreesQuickScorerExtended [virtual interface],0.3683,2.1402,3.8948,GradientBoostedTreesQuickScorerExtended [virtual interface]=0.3683;GradientBoostedTreesOptPred [virtual interface]=1.4250;GradientBoostedTreesGeneric [virtual interface]=2.1402;Generic slow engine=3.8948
electricity,Axis Aligned,5,3,100,100,0.1,2.0,2.0,1000,Exact,10000,9063,8,0.222,0.837581,0.371846,GradientBoostedTreesQuickScorerExtended [virtual interface],0.6012,3.0768,5.8030,GradientBoostedTreesQuickScorerExtended [virtual interface]=0.6012;GradientBoostedTreesOptPred [virtual interface]=1.9127;GradientBoostedTreesGeneric [virtual interface]=3.0768;Generic slow engine=5.8030
electricity,Axis Aligned,6,3,100,97,0.1,2.0,2.0,1000,Exact,10000,9063,8,0.307,0.844753,0.351291,GradientBoostedTreesQuickScorerExtended [virtual interface],1.0157,3.9565,8.1988,GradientBoostedTreesQuickScorerExtended [virtual interface]=1.0157;GradientBoostedTreesOptPred [virtual interface]=2.3405;GradientBoostedTreesGeneric [virtual interface]=3.9565;Generic slow engine=8.1988
electricity,Axis Aligned,7,3,100,100,0.1,2.0,2.0,1000,Exact,10000,9063,8,0.408,0.856118,0.331898,GradientBoostedTreesQuickScorerExtended [virtual interface],1.6490,4.6830,10.8940,GradientBoostedTreesQuickScorerExtended [virtual interface]=1.6490;GradientBoostedTreesOptPred [virtual interface]=3.2218;GradientBoostedTreesGeneric [virtual interface]=4.6830;Generic slow engine=10.8940
electricity,Axis Aligned,8,3,100,100,0.1,2.0,2.0,1000,Exact,10000,9063,8,0.570,0.863952,0.312973,GradientBoostedTreesOptPred [virtual interface],3.9870,5.6818,14.8730,GradientBoostedTreesOptPred [virtual interface]=3.9870;GradientBoostedTreesGeneric [virtual interface]=5.6818;Generic slow engine=14.8730
electricity,Axis Aligned,10,3,100,100,0.1,2.0,2.0,1000,Exact,10000,9063,8,1.041,0.875648,0.291114,GradientBoostedTreesOptPred [virtual interface],5.4330,7.9465,31.9590,GradientBoostedTreesOptPred [virtual interface]=5.4330;GradientBoostedTreesGeneric [virtual interface]=7.9465;Generic slow engine=31.9590
electricity,Oblique,3,3,100,100,0.1,2.0,2.0,1000,Exact,10000,9063,8,0.450,0.808452,0.42282,GradientBoostedTreesGeneric [virtual interface],1.9027,1.9027,4.0518,GradientBoostedTreesGeneric [virtual interface]=1.9027;Generic slow engine=4.0518
electricity,Oblique,4,3,100,100,0.1,2.0,2.0,1000,Exact,10000,9063,8,0.702,0.825223,0.393244,GradientBoostedTreesGeneric [virtual interface],3.0817,3.0817,7.2862,GradientBoostedTreesGeneric [virtual interface]=3.0817;Generic slow engine=7.2862
electricity,Oblique,5,3,100,100,0.1,2.0,2.0,1000,Exact,10000,9063,8,0.976,0.837802,0.373913,GradientBoostedTreesGeneric [virtual interface],4.6908,4.6908,11.2630,GradientBoostedTreesGeneric [virtual interface]=4.6908;Generic slow engine=11.2630
electricity,Oblique,6,3,100,100,0.1,2.0,2.0,1000,Exact,10000,9063,8,1.290,0.848836,0.35033,GradientBoostedTreesGeneric [virtual interface],6.1058,6.1058,16.1110,GradientBoostedTreesGeneric [virtual interface]=6.1058;Generic slow engine=16.1110
electricity,Oblique,8,3,100,99,0.1,2.0,2.0,1000,Exact,10000,9063,8,2.009,0.861856,0.323062,GradientBoostedTreesGeneric [virtual interface],9.6885,9.6885,28.5350,GradientBoostedTreesGeneric [virtual interface]=9.6885;Generic slow engine=28.5350
electricity,Axis Aligned,3,4,100,99,0.1,2.0,2.0,1000,Exact,10000,9063,8,0.109,0.809776,0.417012,GradientBoostedTreesQuickScorerExtended [virtual interface],0.2117,1.4607,2.2595,GradientBoostedTreesQuickScorerExtended [virtual interface]=0.2117;GradientBoostedTreesOptPred [virtual interface]=0.8635;GradientBoostedTreesGeneric [virtual interface]=1.4607;Generic slow engine=2.2595
electricity,Axis Aligned,4,4,100,100,0.1,2.0,2.0,1000,Exact,10000,9063,8,0.156,0.833168,0.378139,GradientBoostedTreesQuickScorerExtended [virtual interface],0.3593,2.2025,3.8700,GradientBoostedTreesQuickScorerExtended [virtual interface]=0.3593;GradientBoostedTreesOptPred [virtual interface]=1.4790;GradientBoostedTreesGeneric [virtual interface]=2.2025;Generic slow engine=3.8700
electricity,Axis Aligned,5,4,100,100,0.1,2.0,2.0,1000,Exact,10000,9063,8,0.216,0.847953,0.350973,GradientBoostedTreesQuickScorerExtended [virtual interface],0.5917,3.1165,5.8055,GradientBoostedTreesQuickScorerExtended [virtual interface]=0.5917;GradientBoostedTreesOptPred [virtual interface]=1.9042;GradientBoostedTreesGeneric [virtual interface]=3.1165;Generic slow engine=5.8055
electricity,Axis Aligned,6,4,100,98,0.1,2.0,2.0,1000,Exact,10000,9063,8,0.297,0.858656,0.32582,GradientBoostedTreesQuickScorerExtended [virtual interface],1.0192,3.8847,8.1510,GradientBoostedTreesQuickScorerExtended [virtual interface]=1.0192;GradientBoostedTreesOptPred [virtual interface]=2.2665;GradientBoostedTreesGeneric [virtual interface]=3.8847;Generic slow engine=8.1510
electricity,Axis Aligned,7,4,100,100,0.1,2.0,2.0,1000,Exact,10000,9063,8,0.403,0.870131,0.30976,GradientBoostedTreesQuickScorerExtended [virtual interface],1.5920,4.5700,10.8430,GradientBoostedTreesQuickScorerExtended [virtual interface]=1.5920;GradientBoostedTreesOptPred [virtual interface]=3.0935;GradientBoostedTreesGeneric [virtual interface]=4.5700;Generic slow engine=10.8430
electricity,Axis Aligned,8,4,100,100,0.1,2.0,2.0,1000,Exact,10000,9063,8,0.557,0.879841,0.290868,GradientBoostedTreesOptPred [virtual interface],3.8550,5.5978,14.6270,GradientBoostedTreesOptPred [virtual interface]=3.8550;GradientBoostedTreesGeneric [virtual interface]=5.5978;Generic slow engine=14.6270
electricity,Axis Aligned,10,4,100,100,0.1,2.0,2.0,1000,Exact,10000,9063,8,1.024,0.888999,0.276446,GradientBoostedTreesOptPred [virtual interface],5.2698,7.6635,24.9650,GradientBoostedTreesOptPred [virtual interface]=5.2698;GradientBoostedTreesGeneric [virtual interface]=7.6635;Generic slow engine=24.9650
electricity,Oblique,3,4,100,100,0.1,2.0,2.0,1000,Exact,10000,9063,8,0.341,0.820148,0.406057,GradientBoostedTreesGeneric [virtual interface],1.8508,1.8508,4.0232,GradientBoostedTreesGeneric [virtual interface]=1.8508;Generic slow engine=4.0232
electricity,Oblique,4,4,100,100,0.1,2.0,2.0,1000,Exact,10000,9063,8,0.506,0.835706,0.377816,GradientBoostedTreesGeneric [virtual interface],3.0675,3.0675,7.2190,GradientBoostedTreesGeneric [virtual interface]=3.0675;Generic slow engine=7.2190
electricity,Oblique,5,4,100,100,0.1,2.0,2.0,1000,Exact,10000,9063,8,0.683,0.847181,0.352225,GradientBoostedTreesGeneric [virtual interface],4.5630,4.5630,11.1520,GradientBoostedTreesGeneric [virtual interface]=4.5630;Generic slow engine=11.1520
electricity,Oblique,6,4,100,100,0.1,2.0,2.0,1000,Exact,10000,9063,8,0.888,0.858325,0.329631,GradientBoostedTreesGeneric [virtual interface],5.9823,5.9823,16.3970,GradientBoostedTreesGeneric [virtual interface]=5.9823;Generic slow engine=16.3970
electricity,Oblique,8,4,100,99,0.1,2.0,2.0,1000,Exact,10000,9063,8,1.473,0.873221,0.294814,GradientBoostedTreesGeneric [virtual interface],9.3882,9.3882,28.3410,GradientBoostedTreesGeneric [virtual interface]=9.3882;Generic slow engine=28.3410
electricity,Axis Aligned,3,5,100,100,0.1,2.0,2.0,1000,Exact,10000,9063,8,0.114,0.810659,0.421505,GradientBoostedTreesQuickScorerExtended [virtual interface],0.2260,1.4518,2.2965,GradientBoostedTreesQuickScorerExtended [virtual interface]=0.2260;GradientBoostedTreesOptPred [virtual interface]=0.8698;GradientBoostedTreesGeneric [virtual interface]=1.4518;Generic slow engine=2.2965
electricity,Axis Aligned,4,5,100,100,0.1,2.0,2.0,1000,Exact,10000,9063,8,0.162,0.827761,0.387929,GradientBoostedTreesQuickScorerExtended [virtual interface],0.5222,2.1850,3.9495,GradientBoostedTreesQuickScorerExtended [virtual interface]=0.5222;GradientBoostedTreesOptPred [virtual interface]=1.4567;GradientBoostedTreesGeneric [virtual interface]=2.1850;Generic slow engine=3.9495
electricity,Axis Aligned,5,5,100,100,0.1,2.0,2.0,1000,Exact,10000,9063,8,0.223,0.844202,0.362776,GradientBoostedTreesQuickScorerExtended [virtual interface],0.6090,3.1175,5.8063,GradientBoostedTreesQuickScorerExtended [virtual interface]=0.6090;GradientBoostedTreesOptPred [virtual interface]=1.9225;GradientBoostedTreesGeneric [virtual interface]=3.1175;Generic slow engine=5.8063
electricity,Axis Aligned,6,5,100,100,0.1,2.0,2.0,1000,Exact,10000,9063,8,0.307,0.854905,0.340813,GradientBoostedTreesQuickScorerExtended [virtual interface],1.0125,3.9450,8.2843,GradientBoostedTreesQuickScorerExtended [virtual interface]=1.0125;GradientBoostedTreesOptPred [virtual interface]=2.3055;GradientBoostedTreesGeneric [virtual interface]=3.9450;Generic slow engine=8.2843
electricity,Axis Aligned,7,5,100,97,0.1,2.0,2.0,1000,Exact,10000,9063,8,0.407,0.860642,0.320901,GradientBoostedTreesQuickScorerExtended [virtual interface],1.5745,4.5183,10.5510,GradientBoostedTreesQuickScorerExtended [virtual interface]=1.5745;GradientBoostedTreesOptPred [virtual interface]=3.1520;GradientBoostedTreesGeneric [virtual interface]=4.5183;Generic slow engine=10.5510
electricity,Axis Aligned,8,5,100,100,0.1,2.0,2.0,1000,Exact,10000,9063,8,0.572,0.874986,0.301638,GradientBoostedTreesOptPred [virtual interface],3.9213,5.6465,14.7770,GradientBoostedTreesOptPred [virtual interface]=3.9213;GradientBoostedTreesGeneric [virtual interface]=5.6465;Generic slow engine=14.7770
electricity,Axis Aligned,10,5,100,99,0.1,2.0,2.0,1000,Exact,10000,9063,8,1.052,0.883593,0.282109,GradientBoostedTreesOptPred [virtual interface],5.4123,7.7235,26.2190,GradientBoostedTreesOptPred [virtual interface]=5.4123;GradientBoostedTreesGeneric [virtual interface]=7.7235;Generic slow engine=26.2190
electricity,Oblique,3,5,100,100,0.1,2.0,2.0,1000,Exact,10000,9063,8,0.451,0.812093,0.414717,GradientBoostedTreesGeneric [virtual interface],1.9938,1.9938,3.9880,GradientBoostedTreesGeneric [virtual interface]=1.9938;Generic slow engine=3.9880
electricity,Oblique,4,5,100,100,0.1,2.0,2.0,1000,Exact,10000,9063,8,0.703,0.830299,0.384968,GradientBoostedTreesGeneric [virtual interface],3.3018,3.3018,7.3937,GradientBoostedTreesGeneric [virtual interface]=3.3018;Generic slow engine=7.3937
electricity,Oblique,5,5,100,99,0.1,2.0,2.0,1000,Exact,10000,9063,8,0.965,0.838023,0.364716,GradientBoostedTreesGeneric [virtual interface],4.6315,4.6315,11.2320,GradientBoostedTreesGeneric [virtual interface]=4.6315;Generic slow engine=11.2320
electricity,Oblique,6,5,100,100,0.1,2.0,2.0,1000,Exact,10000,9063,8,1.258,0.85336,0.343426,GradientBoostedTreesGeneric [virtual interface],6.2198,6.2198,16.4950,GradientBoostedTreesGeneric [virtual interface]=6.2198;Generic slow engine=16.4950
electricity,Oblique,8,5,100,100,0.1,2.0,2.0,1000,Exact,10000,9063,8,2.035,0.867925,0.311429,GradientBoostedTreesGeneric [virtual interface],9.8918,9.8918,30.2100,GradientBoostedTreesGeneric [virtual interface]=9.8918;Generic slow engine=30.2100
electricity,Axis Aligned,3,6,100,100,0.1,2.0,2.0,1000,Exact,10000,9063,8,0.112,0.813197,0.411089,GradientBoostedTreesQuickScorerExtended [virtual interface],0.2203,1.4275,2.3003,GradientBoostedTreesQuickScorerExtended [virtual interface]=0.2203;GradientBoostedTreesOptPred [virtual interface]=0.8442;GradientBoostedTreesGeneric [virtual interface]=1.4275;Generic slow engine=2.3003
electricity,Axis Aligned,4,6,100,100,0.1,2.0,2.0,1000,Exact,10000,9063,8,0.162,0.832947,0.373938,GradientBoostedTreesQuickScorerExtended [virtual interface],0.3738,2.1728,3.8752,GradientBoostedTreesQuickScorerExtended [virtual interface]=0.3738;GradientBoostedTreesOptPred [virtual interface]=1.4307;GradientBoostedTreesGeneric [virtual interface]=2.1728;Generic slow engine=3.8752
electricity,Axis Aligned,5,6,100,98,0.1,2.0,2.0,1000,Exact,10000,9063,8,0.227,0.850712,0.347018,GradientBoostedTreesQuickScorerExtended [virtual interface],0.5853,3.0408,5.6750,GradientBoostedTreesQuickScorerExtended [virtual interface]=0.5853;GradientBoostedTreesOptPred [virtual interface]=1.8900;GradientBoostedTreesGeneric [virtual interface]=3.0408;Generic slow engine=5.6750
electricity,Axis Aligned,6,6,100,100,0.1,2.0,2.0,1000,Exact,10000,9063,8,0.304,0.860753,0.328138,GradientBoostedTreesQuickScorerExtended [virtual interface],1.0143,3.8662,8.3845,GradientBoostedTreesQuickScorerExtended [virtual interface]=1.0143;GradientBoostedTreesOptPred [virtual interface]=2.2208;GradientBoostedTreesGeneric [virtual interface]=3.8662;Generic slow engine=8.3845
electricity,Axis Aligned,7,6,100,100,0.1,2.0,2.0,1000,Exact,10000,9063,8,0.407,0.868697,0.308935,GradientBoostedTreesQuickScorerExtended [virtual interface],1.5708,4.4858,10.8580,GradientBoostedTreesQuickScorerExtended [virtual interface]=1.5708;GradientBoostedTreesOptPred [virtual interface]=3.0547;GradientBoostedTreesGeneric [virtual interface]=4.4858;Generic slow engine=10.8580
electricity,Axis Aligned,8,6,100,100,0.1,2.0,2.0,1000,Exact,10000,9063,8,0.544,0.873331,0.296324,GradientBoostedTreesOptPred [virtual interface],3.6883,5.4132,14.2350,GradientBoostedTreesOptPred [virtual interface]=3.6883;GradientBoostedTreesGeneric [virtual interface]=5.4132;Generic slow engine=14.2350
electricity,Axis Aligned,10,6,100,100,0.1,2.0,2.0,1000,Exact,10000,9063,8,1.034,0.882379,0.274709,GradientBoostedTreesOptPred [virtual interface],5.1618,7.5312,25.4780,GradientBoostedTreesOptPred [virtual interface]=5.1618;GradientBoostedTreesGeneric [virtual interface]=7.5312;Generic slow engine=25.4780
electricity,Oblique,3,6,100,100,0.1,2.0,2.0,1000,Exact,10000,9063,8,0.442,0.816617,0.401784,GradientBoostedTreesGeneric [virtual interface],1.8925,1.8925,3.9323,GradientBoostedTreesGeneric [virtual interface]=1.8925;Generic slow engine=3.9323
electricity,Oblique,4,6,100,100,0.1,2.0,2.0,1000,Exact,10000,9063,8,0.679,0.832285,0.375622,GradientBoostedTreesGeneric [virtual interface],2.9525,2.9525,7.2508,GradientBoostedTreesGeneric [virtual interface]=2.9525;Generic slow engine=7.2508
electricity,Oblique,5,6,100,99,0.1,2.0,2.0,1000,Exact,10000,9063,8,0.935,0.847291,0.349209,GradientBoostedTreesGeneric [virtual interface],4.4145,4.4145,11.1360,GradientBoostedTreesGeneric [virtual interface]=4.4145;Generic slow engine=11.1360
electricity,Oblique,6,6,100,100,0.1,2.0,2.0,1000,Exact,10000,9063,8,1.207,0.86009,0.326285,GradientBoostedTreesGeneric [virtual interface],6.0448,6.0448,16.1390,GradientBoostedTreesGeneric [virtual interface]=6.0448;Generic slow engine=16.1390
electricity,Oblique,8,6,100,98,0.1,2.0,2.0,1000,Exact,10000,9063,8,1.477,0.873552,0.299585,GradientBoostedTreesGeneric [virtual interface],8.9653,8.9653,27.0290,GradientBoostedTreesGeneric [virtual interface]=8.9653;Generic slow engine=27.0290
electricity,Axis Aligned,3,7,100,100,0.1,2.0,2.0,1000,Exact,10000,9063,8,0.113,0.816507,0.417724,GradientBoostedTreesQuickScorerExtended [virtual interface],0.2225,1.4670,2.3130,GradientBoostedTreesQuickScorerExtended [virtual interface]=0.2225;GradientBoostedTreesOptPred [virtual interface]=0.8732;GradientBoostedTreesGeneric [virtual interface]=1.4670;Generic slow engine=2.3130
electricity,Axis Aligned,4,7,100,100,0.1,2.0,2.0,1000,Exact,10000,9063,8,0.165,0.835926,0.382527,GradientBoostedTreesQuickScorerExtended [virtual interface],0.3683,2.1655,3.8835,GradientBoostedTreesQuickScorerExtended [virtual interface]=0.3683;GradientBoostedTreesOptPred [virtual interface]=1.4703;GradientBoostedTreesGeneric [virtual interface]=2.1655;Generic slow engine=3.8835
electricity,Axis Aligned,5,7,100,100,0.1,2.0,2.0,1000,Exact,10000,9063,8,0.224,0.851263,0.357402,GradientBoostedTreesQuickScorerExtended [virtual interface],0.5905,3.0568,5.8442,GradientBoostedTreesQuickScorerExtended [virtual interface]=0.5905;GradientBoostedTreesOptPred [virtual interface]=1.9180;GradientBoostedTreesGeneric [virtual interface]=3.0568;Generic slow engine=5.8442
electricity,Axis Aligned,6,7,100,100,0.1,2.0,2.0,1000,Exact,10000,9063,8,0.307,0.860421,0.32974,GradientBoostedTreesQuickScorerExtended [virtual interface],0.9852,3.9708,8.3755,GradientBoostedTreesQuickScorerExtended [virtual interface]=0.9852;GradientBoostedTreesOptPred [virtual interface]=2.3127;GradientBoostedTreesGeneric [virtual interface]=3.9708;Generic slow engine=8.3755
electricity,Axis Aligned,7,7,100,100,0.1,2.0,2.0,1000,Exact,10000,9063,8,0.412,0.875428,0.306759,GradientBoostedTreesQuickScorerExtended [virtual interface],1.6927,4.6677,10.9120,GradientBoostedTreesQuickScorerExtended [virtual interface]=1.6927;GradientBoostedTreesOptPred [virtual interface]=3.2055;GradientBoostedTreesGeneric [virtual interface]=4.6677;Generic slow engine=10.9120
electricity,Axis Aligned,8,7,100,100,0.1,2.0,2.0,1000,Exact,10000,9063,8,0.577,0.882269,0.289861,GradientBoostedTreesOptPred [virtual interface],3.9403,5.7095,16.1980,GradientBoostedTreesOptPred [virtual interface]=3.9403;GradientBoostedTreesGeneric [virtual interface]=5.7095;Generic slow engine=16.1980
electricity,Axis Aligned,10,7,100,94,0.1,2.0,2.0,1000,Exact,10000,9063,8,1.062,0.883041,0.281559,GradientBoostedTreesOptPred [virtual interface],5.0755,7.2900,24.2330,GradientBoostedTreesOptPred [virtual interface]=5.0755;GradientBoostedTreesGeneric [virtual interface]=7.2900;Generic slow engine=24.2330
electricity,Oblique,3,7,100,100,0.1,2.0,2.0,1000,Exact,10000,9063,8,0.339,0.824341,0.407174,GradientBoostedTreesGeneric [virtual interface],2.0075,2.0075,4.0397,GradientBoostedTreesGeneric [virtual interface]=2.0075;Generic slow engine=4.0397
electricity,Oblique,4,7,100,100,0.1,2.0,2.0,1000,Exact,10000,9063,8,0.499,0.838795,0.379475,GradientBoostedTreesGeneric [virtual interface],3.1968,3.1968,7.2053,GradientBoostedTreesGeneric [virtual interface]=3.1968;Generic slow engine=7.2053
electricity,Oblique,5,7,100,100,0.1,2.0,2.0,1000,Exact,10000,9063,8,0.678,0.848726,0.358268,GradientBoostedTreesGeneric [virtual interface],4.6035,4.6035,11.1900,GradientBoostedTreesGeneric [virtual interface]=4.6035;Generic slow engine=11.1900
electricity,Oblique,6,7,100,99,0.1,2.0,2.0,1000,Exact,10000,9063,8,0.913,0.857222,0.335953,GradientBoostedTreesGeneric [virtual interface],6.0202,6.0202,16.0820,GradientBoostedTreesGeneric [virtual interface]=6.0202;Generic slow engine=16.0820
electricity,Oblique,8,7,100,100,0.1,2.0,2.0,1000,Exact,10000,9063,8,1.485,0.875759,0.301471,GradientBoostedTreesGeneric [virtual interface],9.6723,9.6723,29.5270,GradientBoostedTreesGeneric [virtual interface]=9.6723;Generic slow engine=29.5270
electricity,Axis Aligned,3,8,100,100,0.1,2.0,2.0,1000,Exact,10000,9063,8,0.114,0.816396,0.417898,GradientBoostedTreesQuickScorerExtended [virtual interface],0.2218,1.4643,2.3108,GradientBoostedTreesQuickScorerExtended [virtual interface]=0.2218;GradientBoostedTreesOptPred [virtual interface]=0.8772;GradientBoostedTreesGeneric [virtual interface]=1.4643;Generic slow engine=2.3108
electricity,Axis Aligned,4,8,100,100,0.1,2.0,2.0,1000,Exact,10000,9063,8,0.162,0.83383,0.384786,GradientBoostedTreesQuickScorerExtended [virtual interface],0.3752,2.2067,3.8870,GradientBoostedTreesQuickScorerExtended [virtual interface]=0.3752;GradientBoostedTreesOptPred [virtual interface]=1.5028;GradientBoostedTreesGeneric [virtual interface]=2.2067;Generic slow engine=3.8870
electricity,Axis Aligned,5,8,100,99,0.1,2.0,2.0,1000,Exact,10000,9063,8,0.218,0.84685,0.359145,GradientBoostedTreesQuickScorerExtended [virtual interface],0.6095,3.0885,5.7352,GradientBoostedTreesQuickScorerExtended [virtual interface]=0.6095;GradientBoostedTreesOptPred [virtual interface]=1.9060;GradientBoostedTreesGeneric [virtual interface]=3.0885;Generic slow engine=5.7352
electricity,Axis Aligned,6,8,100,100,0.1,2.0,2.0,1000,Exact,10000,9063,8,0.295,0.855125,0.336086,GradientBoostedTreesQuickScorerExtended [virtual interface],1.2132,3.8973,8.3520,GradientBoostedTreesQuickScorerExtended [virtual interface]=1.2132;GradientBoostedTreesOptPred [virtual interface]=2.2523;GradientBoostedTreesGeneric [virtual interface]=3.8973;Generic slow engine=8.3520
electricity,Axis Aligned,7,8,100,99,0.1,2.0,2.0,1000,Exact,10000,9063,8,0.401,0.863952,0.31936,GradientBoostedTreesQuickScorerExtended [virtual interface],1.7200,4.5563,10.7900,GradientBoostedTreesQuickScorerExtended [virtual interface]=1.7200;GradientBoostedTreesOptPred [virtual interface]=3.1085;GradientBoostedTreesGeneric [virtual interface]=4.5563;Generic slow engine=10.7900
electricity,Axis Aligned,8,8,100,100,0.1,2.0,2.0,1000,Exact,10000,9063,8,0.546,0.875979,0.300705,GradientBoostedTreesOptPred [virtual interface],3.8240,5.4778,14.3580,GradientBoostedTreesOptPred [virtual interface]=3.8240;GradientBoostedTreesGeneric [virtual interface]=5.4778;Generic slow engine=14.3580
electricity,Axis Aligned,10,8,100,98,0.1,2.0,2.0,1000,Exact,10000,9063,8,1.011,0.880614,0.285019,GradientBoostedTreesOptPred [virtual interface],5.2008,7.5690,24.9050,GradientBoostedTreesOptPred [virtual interface]=5.2008;GradientBoostedTreesGeneric [virtual interface]=7.5690;Generic slow engine=24.9050
electricity,Oblique,3,8,100,100,0.1,2.0,2.0,1000,Exact,10000,9063,8,0.333,0.825885,0.40862,GradientBoostedTreesGeneric [virtual interface],1.9258,1.9258,4.0185,GradientBoostedTreesGeneric [virtual interface]=1.9258;Generic slow engine=4.0185
electricity,Oblique,4,8,100,100,0.1,2.0,2.0,1000,Exact,10000,9063,8,0.493,0.832285,0.384188,GradientBoostedTreesGeneric [virtual interface],3.0547,3.0547,7.2600,GradientBoostedTreesGeneric [virtual interface]=3.0547;Generic slow engine=7.2600
electricity,Oblique,5,8,100,100,0.1,2.0,2.0,1000,Exact,10000,9063,8,0.676,0.846408,0.362033,GradientBoostedTreesGeneric [virtual interface],4.5410,4.5410,11.2260,GradientBoostedTreesGeneric [virtual interface]=4.5410;Generic slow engine=11.2260
electricity,Oblique,6,8,100,99,0.1,2.0,2.0,1000,Exact,10000,9063,8,0.889,0.851815,0.344563,GradientBoostedTreesGeneric [virtual interface],6.0347,6.0347,16.0530,GradientBoostedTreesGeneric [virtual interface]=6.0347;Generic slow engine=16.0530
electricity,Oblique,8,8,100,100,0.1,2.0,2.0,1000,Exact,10000,9063,8,1.457,0.869911,0.308417,GradientBoostedTreesGeneric [virtual interface],9.4240,9.4240,28.5230,GradientBoostedTreesGeneric [virtual interface]=9.4240;Generic slow engine=28.5230
electricity,Axis Aligned,3,9,100,100,0.1,2.0,2.0,1000,Exact,10000,9063,8,0.108,0.810769,0.421737,GradientBoostedTreesQuickScorerExtended [virtual interface],0.2308,1.4620,2.3138,GradientBoostedTreesQuickScorerExtended [virtual interface]=0.2308;GradientBoostedTreesOptPred [virtual interface]=0.8615;GradientBoostedTreesGeneric [virtual interface]=1.4620;Generic slow engine=2.3138
electricity,Axis Aligned,4,9,100,100,0.1,2.0,2.0,1000,Exact,10000,9063,8,0.157,0.82721,0.388977,GradientBoostedTreesQuickScorerExtended [virtual interface],0.3817,2.1875,3.8850,GradientBoostedTreesQuickScorerExtended [virtual interface]=0.3817;GradientBoostedTreesOptPred [virtual interface]=1.4678;GradientBoostedTreesGeneric [virtual interface]=2.1875;Generic slow engine=3.8850
electricity,Axis Aligned,5,9,100,100,0.1,2.0,2.0,1000,Exact,10000,9063,8,0.216,0.843319,0.364121,GradientBoostedTreesQuickScorerExtended [virtual interface],0.6205,3.1427,5.7945,GradientBoostedTreesQuickScorerExtended [virtual interface]=0.6205;GradientBoostedTreesOptPred [virtual interface]=1.9667;GradientBoostedTreesGeneric [virtual interface]=3.1427;Generic slow engine=5.7945
electricity,Axis Aligned,6,9,100,100,0.1,2.0,2.0,1000,Exact,10000,9063,8,0.301,0.853029,0.339641,GradientBoostedTreesQuickScorerExtended [virtual interface],1.1362,3.9503,8.4488,GradientBoostedTreesQuickScorerExtended [virtual interface]=1.1362;GradientBoostedTreesOptPred [virtual interface]=2.3083;GradientBoostedTreesGeneric [virtual interface]=3.9503;Generic slow engine=8.4488
electricity,Axis Aligned,7,9,100,97,0.1,2.0,2.0,1000,Exact,10000,9063,8,0.414,0.860863,0.319336,GradientBoostedTreesQuickScorerExtended [virtual interface],1.6233,4.6303,10.6120,GradientBoostedTreesQuickScorerExtended [virtual interface]=1.6233;GradientBoostedTreesOptPred [virtual interface]=3.2190;GradientBoostedTreesGeneric [virtual interface]=4.6303;Generic slow engine=10.6120
electricity,Axis Aligned,8,9,100,98,0.1,2.0,2.0,1000,Exact,10000,9063,8,0.564,0.868587,0.306229,GradientBoostedTreesOptPred [virtual interface],3.9330,5.5728,14.2160,GradientBoostedTreesOptPred [virtual interface]=3.9330;GradientBoostedTreesGeneric [virtual interface]=5.5728;Generic slow engine=14.2160
electricity,Axis Aligned,10,9,100,99,0.1,2.0,2.0,1000,Exact,10000,9063,8,1.030,0.880614,0.28102,GradientBoostedTreesOptPred [virtual interface],5.3190,7.6538,25.1820,GradientBoostedTreesOptPred [virtual interface]=5.3190;GradientBoostedTreesGeneric [virtual interface]=7.6538;Generic slow engine=25.1820
electricity,Oblique,3,9,100,100,0.1,2.0,2.0,1000,Exact,10000,9063,8,0.336,0.818493,0.41309,GradientBoostedTreesGeneric [virtual interface],1.8862,1.8862,3.9870,GradientBoostedTreesGeneric [virtual interface]=1.8862;Generic slow engine=3.9870
electricity,Oblique,4,9,100,100,0.1,2.0,2.0,1000,Exact,10000,9063,8,0.497,0.833057,0.388504,GradientBoostedTreesGeneric [virtual interface],2.9893,2.9893,7.1650,GradientBoostedTreesGeneric [virtual interface]=2.9893;Generic slow engine=7.1650
electricity,Oblique,5,9,100,100,0.1,2.0,2.0,1000,Exact,10000,9063,8,0.677,0.839236,0.365813,GradientBoostedTreesGeneric [virtual interface],4.4162,4.4162,11.0870,GradientBoostedTreesGeneric [virtual interface]=4.4162;Generic slow engine=11.0870
electricity,Oblique,6,9,100,99,0.1,2.0,2.0,1000,Exact,10000,9063,8,0.897,0.853029,0.344779,GradientBoostedTreesGeneric [virtual interface],5.9620,5.9620,15.9350,GradientBoostedTreesGeneric [virtual interface]=5.9620;Generic slow engine=15.9350
electricity,Oblique,8,9,100,100,0.1,2.0,2.0,1000,Exact,10000,9063,8,1.467,0.864283,0.312412,GradientBoostedTreesGeneric [virtual interface],9.4938,9.4938,28.2670,GradientBoostedTreesGeneric [virtual interface]=9.4938;Generic slow engine=28.2670
numerai28.6,Axis Aligned,3,0,100,11,0.1,2.0,2.0,1000,Exact,10000,19264,21,0.085,0.518792,0.692373,GradientBoostedTreesOptPred [virtual interface],0.0535,0.1133,0.1852,GradientBoostedTreesOptPred [virtual interface]=0.0535;GradientBoostedTreesQuickScorerExtended [virtual interface]=0.0668;GradientBoostedTreesGeneric [virtual interface]=0.1133;Generic slow engine=0.1852
numerai28.6,Axis Aligned,4,0,100,12,0.1,2.0,2.0,1000,Exact,10000,19264,21,0.117,0.51848,0.692413,GradientBoostedTreesOptPred [virtual interface],0.0850,0.1745,0.3085,GradientBoostedTreesOptPred [virtual interface]=0.0850;GradientBoostedTreesQuickScorerExtended [virtual interface]=0.1425;GradientBoostedTreesGeneric [virtual interface]=0.1745;Generic slow engine=0.3085
numerai28.6,Axis Aligned,5,0,100,12,0.1,2.0,2.0,1000,Exact,10000,19264,21,0.158,0.519103,0.692777,GradientBoostedTreesOptPred [virtual interface],0.1160,0.2382,0.4502,GradientBoostedTreesOptPred [virtual interface]=0.1160;GradientBoostedTreesGeneric [virtual interface]=0.2382;GradientBoostedTreesQuickScorerExtended [virtual interface]=0.2492;Generic slow engine=0.4502
numerai28.6,Axis Aligned,6,0,100,11,0.1,2.0,2.0,1000,Exact,10000,19264,21,0.216,0.516456,0.693848,GradientBoostedTreesOptPred [virtual interface],0.1440,0.2978,0.6195,GradientBoostedTreesOptPred [virtual interface]=0.1440;GradientBoostedTreesGeneric [virtual interface]=0.2978;GradientBoostedTreesQuickScorerExtended [virtual interface]=0.3217;Generic slow engine=0.6195
numerai28.6,Axis Aligned,7,0,100,11,0.1,2.0,2.0,1000,Exact,10000,19264,21,0.287,0.514327,0.69438,GradientBoostedTreesOptPred [virtual interface],0.1915,0.3440,0.8802,GradientBoostedTreesOptPred [virtual interface]=0.1915;GradientBoostedTreesGeneric [virtual interface]=0.3440;GradientBoostedTreesQuickScorerExtended [virtual interface]=0.4145;Generic slow engine=0.8802
numerai28.6,Axis Aligned,8,0,100,14,0.1,2.0,2.0,1000,Exact,10000,19264,21,0.430,0.514431,0.696773,GradientBoostedTreesOptPred [virtual interface],0.3555,0.5660,1.5015,GradientBoostedTreesOptPred [virtual interface]=0.3555;GradientBoostedTreesGeneric [virtual interface]=0.5660;Generic slow engine=1.5015
numerai28.6,Axis Aligned,10,0,100,11,0.1,2.0,2.0,1000,Exact,10000,19264,21,0.707,0.509811,0.698662,GradientBoostedTreesOptPred [virtual interface],0.3713,0.6018,1.7460,GradientBoostedTreesOptPred [virtual interface]=0.3713;GradientBoostedTreesGeneric [virtual interface]=0.6018;Generic slow engine=1.7460
numerai28.6,Oblique,3,0,100,11,0.1,2.0,2.0,1000,Exact,10000,19264,21,0.557,0.517182,0.692346,GradientBoostedTreesGeneric [virtual interface],0.1670,0.1670,0.3415,GradientBoostedTreesGeneric [virtual interface]=0.1670;Generic slow engine=0.3415
numerai28.6,Oblique,4,0,100,11,0.1,2.0,2.0,1000,Exact,10000,19264,21,0.853,0.5163,0.692839,GradientBoostedTreesGeneric [virtual interface],0.2425,0.2425,0.6058,GradientBoostedTreesGeneric [virtual interface]=0.2425;Generic slow engine=0.6058
numerai28.6,Oblique,5,0,100,11,0.1,2.0,2.0,1000,Exact,10000,19264,21,1.113,0.516819,0.692975,GradientBoostedTreesGeneric [virtual interface],0.3063,0.3063,0.8955,GradientBoostedTreesGeneric [virtual interface]=0.3063;Generic slow engine=0.8955
numerai28.6,Oblique,6,0,100,14,0.1,2.0,2.0,1000,Exact,10000,19264,21,1.574,0.510694,0.694758,GradientBoostedTreesGeneric [virtual interface],0.4805,0.4805,1.7897,GradientBoostedTreesGeneric [virtual interface]=0.4805;Generic slow engine=1.7897
numerai28.6,Oblique,8,0,100,11,0.1,2.0,2.0,1000,Exact,10000,19264,21,2.159,0.51033,0.695612,GradientBoostedTreesGeneric [virtual interface],0.5330,0.5330,2.1940,GradientBoostedTreesGeneric [virtual interface]=0.5330;Generic slow engine=2.1940
numerai28.6,Axis Aligned,3,1,100,18,0.1,2.0,2.0,1000,Exact,10000,19264,21,0.094,0.514535,0.692878,GradientBoostedTreesQuickScorerExtended [virtual interface],0.1085,0.2223,0.2895,GradientBoostedTreesQuickScorerExtended [virtual interface]=0.1085;GradientBoostedTreesOptPred [virtual interface]=0.1215;GradientBoostedTreesGeneric [virtual interface]=0.2223;Generic slow engine=0.2895
numerai28.6,Axis Aligned,4,1,100,11,0.1,2.0,2.0,1000,Exact,10000,19264,21,0.114,0.512095,0.693009,GradientBoostedTreesOptPred [virtual interface],0.0983,0.1855,0.2858,GradientBoostedTreesOptPred [virtual interface]=0.0983;GradientBoostedTreesQuickScorerExtended [virtual interface]=0.1452;GradientBoostedTreesGeneric [virtual interface]=0.1855;Generic slow engine=0.2858
numerai28.6,Axis Aligned,5,1,100,13,0.1,2.0,2.0,1000,Exact,10000,19264,21,0.158,0.511991,0.693808,GradientBoostedTreesOptPred [virtual interface],0.1680,0.3075,0.5158,GradientBoostedTreesOptPred [virtual interface]=0.1680;GradientBoostedTreesQuickScorerExtended [virtual interface]=0.2602;GradientBoostedTreesGeneric [virtual interface]=0.3075;Generic slow engine=0.5158
numerai28.6,Axis Aligned,6,1,100,11,0.1,2.0,2.0,1000,Exact,10000,19264,21,0.204,0.511057,0.695038,GradientBoostedTreesOptPred [virtual interface],0.1767,0.3210,0.6385,GradientBoostedTreesOptPred [virtual interface]=0.1767;GradientBoostedTreesQuickScorerExtended [virtual interface]=0.3192;GradientBoostedTreesGeneric [virtual interface]=0.3210;Generic slow engine=0.6385
numerai28.6,Axis Aligned,7,1,100,14,0.1,2.0,2.0,1000,Exact,10000,19264,21,0.302,0.508721,0.696341,GradientBoostedTreesOptPred [virtual interface],0.2978,0.4805,1.1650,GradientBoostedTreesOptPred [virtual interface]=0.2978;GradientBoostedTreesQuickScorerExtended [virtual interface]=0.4565;GradientBoostedTreesGeneric [virtual interface]=0.4805;Generic slow engine=1.1650
numerai28.6,Axis Aligned,8,1,100,12,0.1,2.0,2.0,1000,Exact,10000,19264,21,0.377,0.509655,0.696092,GradientBoostedTreesOptPred [virtual interface],0.3083,0.4908,1.2483,GradientBoostedTreesOptPred [virtual interface]=0.3083;GradientBoostedTreesGeneric [virtual interface]=0.4908;Generic slow engine=1.2483
numerai28.6,Axis Aligned,10,1,100,11,0.1,2.0,2.0,1000,Exact,10000,19264,21,0.639,0.503374,0.701163,GradientBoostedTreesOptPred [virtual interface],0.4055,0.6262,1.7223,GradientBoostedTreesOptPred [virtual interface]=0.4055;GradientBoostedTreesGeneric [virtual interface]=0.6262;Generic slow engine=1.7223
numerai28.6,Oblique,3,1,100,11,0.1,2.0,2.0,1000,Exact,10000,19264,21,0.567,0.515158,0.692709,GradientBoostedTreesGeneric [virtual interface],0.1685,0.1685,0.3340,GradientBoostedTreesGeneric [virtual interface]=0.1685;Generic slow engine=0.3340
numerai28.6,Oblique,4,1,100,11,0.1,2.0,2.0,1000,Exact,10000,19264,21,0.847,0.512926,0.692522,GradientBoostedTreesGeneric [virtual interface],0.2330,0.2330,0.5455,GradientBoostedTreesGeneric [virtual interface]=0.2330;Generic slow engine=0.5455
numerai28.6,Oblique,5,1,100,12,0.1,2.0,2.0,1000,Exact,10000,19264,21,1.175,0.513185,0.692357,GradientBoostedTreesGeneric [virtual interface],0.3435,0.3435,0.9630,GradientBoostedTreesGeneric [virtual interface]=0.3435;Generic slow engine=0.9630
numerai28.6,Oblique,6,1,100,11,0.1,2.0,2.0,1000,Exact,10000,19264,21,1.447,0.510901,0.694185,GradientBoostedTreesGeneric [virtual interface],0.3785,0.3785,1.2777,GradientBoostedTreesGeneric [virtual interface]=0.3785;Generic slow engine=1.2777
numerai28.6,Oblique,8,1,100,12,0.1,2.0,2.0,1000,Exact,10000,19264,21,2.224,0.512147,0.696206,GradientBoostedTreesGeneric [virtual interface],0.6018,0.6018,2.4323,GradientBoostedTreesGeneric [virtual interface]=0.6018;Generic slow engine=2.4323
numerai28.6,Axis Aligned,3,2,100,41,0.1,2.0,2.0,1000,Exact,10000,19264,21,0.122,0.51142,0.69358,GradientBoostedTreesQuickScorerExtended [virtual interface],0.1875,0.5000,0.7635,GradientBoostedTreesQuickScorerExtended [virtual interface]=0.1875;GradientBoostedTreesOptPred [virtual interface]=0.2500;GradientBoostedTreesGeneric [virtual interface]=0.5000;Generic slow engine=0.7635
numerai28.6,Axis Aligned,4,2,100,16,0.1,2.0,2.0,1000,Exact,10000,19264,21,0.125,0.513497,0.693281,GradientBoostedTreesOptPred [virtual interface],0.1502,0.2725,0.4208,GradientBoostedTreesOptPred [virtual interface]=0.1502;GradientBoostedTreesQuickScorerExtended [virtual interface]=0.1775;GradientBoostedTreesGeneric [virtual interface]=0.2725;Generic slow engine=0.4208
numerai28.6,Axis Aligned,5,2,100,33,0.1,2.0,2.0,1000,Exact,10000,19264,21,0.214,0.509136,0.695866,GradientBoostedTreesQuickScorerExtended [virtual interface],0.4017,0.7725,1.7365,GradientBoostedTreesQuickScorerExtended [virtual interface]=0.4017;GradientBoostedTreesOptPred [virtual interface]=0.4183;GradientBoostedTreesGeneric [virtual interface]=0.7725;Generic slow engine=1.7365
numerai28.6,Axis Aligned,6,2,100,34,0.1,2.0,2.0,1000,Exact,10000,19264,21,0.295,0.507527,0.698572,GradientBoostedTreesQuickScorerExtended [virtual interface],0.5337,1.0315,2.7262,GradientBoostedTreesQuickScorerExtended [virtual interface]=0.5337;GradientBoostedTreesOptPred [virtual interface]=0.5345;GradientBoostedTreesGeneric [virtual interface]=1.0315;Generic slow engine=2.7262
numerai28.6,Axis Aligned,7,2,100,18,0.1,2.0,2.0,1000,Exact,10000,19264,21,0.317,0.512355,0.697071,GradientBoostedTreesOptPred [virtual interface],0.3653,0.6110,1.5882,GradientBoostedTreesOptPred [virtual interface]=0.3653;GradientBoostedTreesQuickScorerExtended [virtual interface]=0.5275;GradientBoostedTreesGeneric [virtual interface]=0.6110;Generic slow engine=1.5882
numerai28.6,Axis Aligned,8,2,100,16,0.1,2.0,2.0,1000,Exact,10000,19264,21,0.431,0.509915,0.697365,GradientBoostedTreesOptPred [virtual interface],0.4437,0.6633,1.8510,GradientBoostedTreesOptPred [virtual interface]=0.4437;GradientBoostedTreesGeneric [virtual interface]=0.6633;Generic slow engine=1.8510
numerai28.6,Axis Aligned,10,2,100,11,0.1,2.0,2.0,1000,Exact,10000,19264,21,0.708,0.507838,0.699331,GradientBoostedTreesOptPred [virtual interface],0.4042,0.6120,1.7305,GradientBoostedTreesOptPred [virtual interface]=0.4042;GradientBoostedTreesGeneric [virtual interface]=0.6120;Generic slow engine=1.7305
numerai28.6,Oblique,3,2,100,29,0.1,2.0,2.0,1000,Exact,10000,19264,21,0.787,0.512874,0.693014,GradientBoostedTreesGeneric [virtual interface],0.4190,0.4190,0.9992,GradientBoostedTreesGeneric [virtual interface]=0.4190;Generic slow engine=0.9992
numerai28.6,Oblique,4,2,100,11,0.1,2.0,2.0,1000,Exact,10000,19264,21,0.849,0.516144,0.692911,GradientBoostedTreesGeneric [virtual interface],0.2517,0.2517,0.5940,GradientBoostedTreesGeneric [virtual interface]=0.2517;Generic slow engine=0.5940
numerai28.6,Oblique,5,2,100,34,0.1,2.0,2.0,1000,Exact,10000,19264,21,1.758,0.5163,0.695872,GradientBoostedTreesGeneric [virtual interface],0.9485,0.9485,3.8758,GradientBoostedTreesGeneric [virtual interface]=0.9485;Generic slow engine=3.8758
numerai28.6,Oblique,6,2,100,27,0.1,2.0,2.0,1000,Exact,10000,19264,21,1.992,0.509136,0.697968,GradientBoostedTreesGeneric [virtual interface],0.9297,0.9297,4.0740,GradientBoostedTreesGeneric [virtual interface]=0.9297;Generic slow engine=4.0740
numerai28.6,Oblique,8,2,100,13,0.1,2.0,2.0,1000,Exact,10000,19264,21,2.275,0.504464,0.698178,GradientBoostedTreesGeneric [virtual interface],0.6502,0.6502,2.8397,GradientBoostedTreesGeneric [virtual interface]=0.6502;Generic slow engine=2.8397
numerai28.6,Axis Aligned,3,3,100,28,0.1,2.0,2.0,1000,Exact,10000,19264,21,0.105,0.512251,0.69283,GradientBoostedTreesOptPred [virtual interface],0.1610,0.3470,0.4505,GradientBoostedTreesOptPred [virtual interface]=0.1610;GradientBoostedTreesQuickScorerExtended [virtual interface]=0.1620;GradientBoostedTreesGeneric [virtual interface]=0.3470;Generic slow engine=0.4505
numerai28.6,Axis Aligned,4,3,100,11,0.1,2.0,2.0,1000,Exact,10000,19264,21,0.115,0.511368,0.693006,GradientBoostedTreesOptPred [virtual interface],0.0897,0.1730,0.2880,GradientBoostedTreesOptPred [virtual interface]=0.0897;GradientBoostedTreesQuickScorerExtended [virtual interface]=0.1482;GradientBoostedTreesGeneric [virtual interface]=0.1730;Generic slow engine=0.2880
numerai28.6,Axis Aligned,5,3,100,13,0.1,2.0,2.0,1000,Exact,10000,19264,21,0.155,0.50898,0.693726,GradientBoostedTreesOptPred [virtual interface],0.1487,0.2890,0.4920,GradientBoostedTreesOptPred [virtual interface]=0.1487;GradientBoostedTreesQuickScorerExtended [virtual interface]=0.2532;GradientBoostedTreesGeneric [virtual interface]=0.2890;Generic slow engine=0.4920
numerai28.6,Axis Aligned,6,3,100,11,0.1,2.0,2.0,1000,Exact,10000,19264,21,0.207,0.508358,0.694606,GradientBoostedTreesOptPred [virtual interface],0.1610,0.3103,0.6275,GradientBoostedTreesOptPred [virtual interface]=0.1610;GradientBoostedTreesGeneric [virtual interface]=0.3103;GradientBoostedTreesQuickScorerExtended [virtual interface]=0.3215;Generic slow engine=0.6275
numerai28.6,Axis Aligned,7,3,100,14,0.1,2.0,2.0,1000,Exact,10000,19264,21,0.287,0.512147,0.695998,GradientBoostedTreesOptPred [virtual interface],0.2980,0.4953,1.1687,GradientBoostedTreesOptPred [virtual interface]=0.2980;GradientBoostedTreesQuickScorerExtended [virtual interface]=0.4415;GradientBoostedTreesGeneric [virtual interface]=0.4953;Generic slow engine=1.1687
numerai28.6,Axis Aligned,8,3,100,14,0.1,2.0,2.0,1000,Exact,10000,19264,21,0.391,0.507631,0.69819,GradientBoostedTreesOptPred [virtual interface],0.3600,0.5723,1.5177,GradientBoostedTreesOptPred [virtual interface]=0.3600;GradientBoostedTreesGeneric [virtual interface]=0.5723;Generic slow engine=1.5177
numerai28.6,Axis Aligned,10,3,100,11,0.1,2.0,2.0,1000,Exact,10000,19264,21,0.665,0.507942,0.700193,GradientBoostedTreesOptPred [virtual interface],0.4068,0.6190,1.7123,GradientBoostedTreesOptPred [virtual interface]=0.4068;GradientBoostedTreesGeneric [virtual interface]=0.6190;Generic slow engine=1.7123
numerai28.6,Oblique,3,3,100,14,0.1,2.0,2.0,1000,Exact,10000,19264,21,0.606,0.512874,0.692795,GradientBoostedTreesGeneric [virtual interface],0.2140,0.2140,0.4412,GradientBoostedTreesGeneric [virtual interface]=0.2140;Generic slow engine=0.4412
numerai28.6,Oblique,4,3,100,12,0.1,2.0,2.0,1000,Exact,10000,19264,21,0.854,0.514068,0.693211,GradientBoostedTreesGeneric [virtual interface],0.2787,0.2787,0.6562,GradientBoostedTreesGeneric [virtual interface]=0.2787;Generic slow engine=0.6562
numerai28.6,Oblique,5,3,100,13,0.1,2.0,2.0,1000,Exact,10000,19264,21,1.185,0.511836,0.693571,GradientBoostedTreesGeneric [virtual interface],0.3882,0.3882,1.1068,GradientBoostedTreesGeneric [virtual interface]=0.3882;Generic slow engine=1.1068
numerai28.6,Oblique,6,3,100,14,0.1,2.0,2.0,1000,Exact,10000,19264,21,1.585,0.506281,0.6962,GradientBoostedTreesGeneric [virtual interface],0.5070,0.5070,1.8433,GradientBoostedTreesGeneric [virtual interface]=0.5070;Generic slow engine=1.8433
numerai28.6,Oblique,8,3,100,15,0.1,2.0,2.0,1000,Exact,10000,19264,21,2.394,0.513912,0.696675,GradientBoostedTreesGeneric [virtual interface],0.7622,0.7622,3.3790,GradientBoostedTreesGeneric [virtual interface]=0.7622;Generic slow engine=3.3790
numerai28.6,Axis Aligned,3,4,100,11,0.1,2.0,2.0,1000,Exact,10000,19264,21,0.084,0.513756,0.692903,GradientBoostedTreesOptPred [virtual interface],0.0498,0.1100,0.1988,GradientBoostedTreesOptPred [virtual interface]=0.0498;GradientBoostedTreesGeneric [virtual interface]=0.1100;GradientBoostedTreesQuickScorerExtended [virtual interface]=0.1197;Generic slow engine=0.1988
numerai28.6,Axis Aligned,4,4,100,11,0.1,2.0,2.0,1000,Exact,10000,19264,21,0.114,0.511628,0.693198,GradientBoostedTreesOptPred [virtual interface],0.0777,0.1655,0.2868,GradientBoostedTreesOptPred [virtual interface]=0.0777;GradientBoostedTreesQuickScorerExtended [virtual interface]=0.1437;GradientBoostedTreesGeneric [virtual interface]=0.1655;Generic slow engine=0.2868
numerai28.6,Axis Aligned,5,4,100,11,0.1,2.0,2.0,1000,Exact,10000,19264,21,0.156,0.511057,0.693912,GradientBoostedTreesOptPred [virtual interface],0.1042,0.2235,0.4088,GradientBoostedTreesOptPred [virtual interface]=0.1042;GradientBoostedTreesGeneric [virtual interface]=0.2235;GradientBoostedTreesQuickScorerExtended [virtual interface]=0.2260;Generic slow engine=0.4088
numerai28.6,Axis Aligned,6,4,100,11,0.1,2.0,2.0,1000,Exact,10000,19264,21,0.214,0.506956,0.694376,GradientBoostedTreesOptPred [virtual interface],0.1300,0.2760,0.6038,GradientBoostedTreesOptPred [virtual interface]=0.1300;GradientBoostedTreesGeneric [virtual interface]=0.2760;GradientBoostedTreesQuickScorerExtended [virtual interface]=0.3157;Generic slow engine=0.6038
numerai28.6,Axis Aligned,7,4,100,11,0.1,2.0,2.0,1000,Exact,10000,19264,21,0.276,0.506956,0.69549,GradientBoostedTreesOptPred [virtual interface],0.1762,0.3350,0.8303,GradientBoostedTreesOptPred [virtual interface]=0.1762;GradientBoostedTreesGeneric [virtual interface]=0.3350;GradientBoostedTreesQuickScorerExtended [virtual interface]=0.4108;Generic slow engine=0.8303
numerai28.6,Axis Aligned,8,4,100,11,0.1,2.0,2.0,1000,Exact,10000,19264,21,0.383,0.506593,0.696314,GradientBoostedTreesOptPred [virtual interface],0.2150,0.3927,1.0950,GradientBoostedTreesOptPred [virtual interface]=0.2150;GradientBoostedTreesGeneric [virtual interface]=0.3927;Generic slow engine=1.0950
numerai28.6,Axis Aligned,10,4,100,11,0.1,2.0,2.0,1000,Exact,10000,19264,21,0.654,0.503063,0.698678,GradientBoostedTreesOptPred [virtual interface],0.3525,0.5657,1.6660,GradientBoostedTreesOptPred [virtual interface]=0.3525;GradientBoostedTreesGeneric [virtual interface]=0.5657;Generic slow engine=1.6660
numerai28.6,Oblique,3,4,100,21,0.1,2.0,2.0,1000,Exact,10000,19264,21,0.695,0.514379,0.69264,GradientBoostedTreesGeneric [virtual interface],0.3018,0.3018,0.6575,GradientBoostedTreesGeneric [virtual interface]=0.3018;Generic slow engine=0.6575
numerai28.6,Oblique,4,4,100,15,0.1,2.0,2.0,1000,Exact,10000,19264,21,0.935,0.509967,0.693109,GradientBoostedTreesGeneric [virtual interface],0.3362,0.3362,0.7995,GradientBoostedTreesGeneric [virtual interface]=0.3362;Generic slow engine=0.7995
numerai28.6,Oblique,5,4,100,18,0.1,2.0,2.0,1000,Exact,10000,19264,21,1.310,0.509759,0.693846,GradientBoostedTreesGeneric [virtual interface],0.4830,0.4830,1.7085,GradientBoostedTreesGeneric [virtual interface]=0.4830;Generic slow engine=1.7085
numerai28.6,Oblique,6,4,100,11,0.1,2.0,2.0,1000,Exact,10000,19264,21,1.450,0.507683,0.694522,GradientBoostedTreesGeneric [virtual interface],0.4040,0.4040,1.3077,GradientBoostedTreesGeneric [virtual interface]=0.4040;Generic slow engine=1.3077
numerai28.6,Oblique,8,4,100,12,0.1,2.0,2.0,1000,Exact,10000,19264,21,2.196,0.507267,0.695728,GradientBoostedTreesGeneric [virtual interface],0.5647,0.5647,2.4672,GradientBoostedTreesGeneric [virtual interface]=0.5647;Generic slow engine=2.4672
numerai28.6,Axis Aligned,3,5,100,11,0.1,2.0,2.0,1000,Exact,10000,19264,21,0.082,0.519518,0.692463,GradientBoostedTreesOptPred [virtual interface],0.0638,0.1288,0.1855,GradientBoostedTreesOptPred [virtual interface]=0.0638;GradientBoostedTreesQuickScorerExtended [virtual interface]=0.0848;GradientBoostedTreesGeneric [virtual interface]=0.1288;Generic slow engine=0.1855
numerai28.6,Axis Aligned,4,5,100,11,0.1,2.0,2.0,1000,Exact,10000,19264,21,0.113,0.515262,0.692663,GradientBoostedTreesOptPred [virtual interface],0.0800,0.1663,0.2833,GradientBoostedTreesOptPred [virtual interface]=0.0800;GradientBoostedTreesQuickScorerExtended [virtual interface]=0.1393;GradientBoostedTreesGeneric [virtual interface]=0.1663;Generic slow engine=0.2833
numerai28.6,Axis Aligned,5,5,100,11,0.1,2.0,2.0,1000,Exact,10000,19264,21,0.149,0.518584,0.692685,GradientBoostedTreesOptPred [virtual interface],0.1077,0.2243,0.4017,GradientBoostedTreesOptPred [virtual interface]=0.1077;GradientBoostedTreesGeneric [virtual interface]=0.2243;GradientBoostedTreesQuickScorerExtended [virtual interface]=0.2382;Generic slow engine=0.4017
numerai28.6,Axis Aligned,6,5,100,14,0.1,2.0,2.0,1000,Exact,10000,19264,21,0.209,0.515885,0.693626,GradientBoostedTreesOptPred [virtual interface],0.1893,0.3825,0.8233,GradientBoostedTreesOptPred [virtual interface]=0.1893;GradientBoostedTreesQuickScorerExtended [virtual interface]=0.3523;GradientBoostedTreesGeneric [virtual interface]=0.3825;Generic slow engine=0.8233
numerai28.6,Axis Aligned,7,5,100,12,0.1,2.0,2.0,1000,Exact,10000,19264,21,0.280,0.508513,0.694317,GradientBoostedTreesOptPred [virtual interface],0.2018,0.3765,0.8598,GradientBoostedTreesOptPred [virtual interface]=0.2018;GradientBoostedTreesGeneric [virtual interface]=0.3765;GradientBoostedTreesQuickScorerExtended [virtual interface]=0.4047;Generic slow engine=0.8598
numerai28.6,Axis Aligned,8,5,100,14,0.1,2.0,2.0,1000,Exact,10000,19264,21,0.394,0.513289,0.695625,GradientBoostedTreesOptPred [virtual interface],0.3335,0.5447,1.4940,GradientBoostedTreesOptPred [virtual interface]=0.3335;GradientBoostedTreesGeneric [virtual interface]=0.5447;Generic slow engine=1.4940
numerai28.6,Axis Aligned,10,5,100,11,0.1,2.0,2.0,1000,Exact,10000,19264,21,0.646,0.509396,0.697339,GradientBoostedTreesOptPred [virtual interface],0.3520,0.5640,1.6362,GradientBoostedTreesOptPred [virtual interface]=0.3520;GradientBoostedTreesGeneric [virtual interface]=0.5640;Generic slow engine=1.6362
numerai28.6,Oblique,3,5,100,11,0.1,2.0,2.0,1000,Exact,10000,19264,21,0.552,0.518013,0.692132,GradientBoostedTreesGeneric [virtual interface],0.1680,0.1680,0.3405,GradientBoostedTreesGeneric [virtual interface]=0.1680;Generic slow engine=0.3405
numerai28.6,Oblique,4,5,100,11,0.1,2.0,2.0,1000,Exact,10000,19264,21,0.834,0.519207,0.692631,GradientBoostedTreesGeneric [virtual interface],0.2645,0.2645,0.6078,GradientBoostedTreesGeneric [virtual interface]=0.2645;Generic slow engine=0.6078
numerai28.6,Oblique,5,5,100,15,0.1,2.0,2.0,1000,Exact,10000,19264,21,1.220,0.520453,0.692692,GradientBoostedTreesGeneric [virtual interface],0.4258,0.4258,1.3130,GradientBoostedTreesGeneric [virtual interface]=0.4258;Generic slow engine=1.3130
numerai28.6,Oblique,6,5,100,13,0.1,2.0,2.0,1000,Exact,10000,19264,21,1.527,0.518532,0.693334,GradientBoostedTreesGeneric [virtual interface],0.4703,0.4703,1.5895,GradientBoostedTreesGeneric [virtual interface]=0.4703;Generic slow engine=1.5895
numerai28.6,Oblique,8,5,100,13,0.1,2.0,2.0,1000,Exact,10000,19264,21,2.308,0.517234,0.694972,GradientBoostedTreesGeneric [virtual interface],0.7057,0.7057,2.8650,GradientBoostedTreesGeneric [virtual interface]=0.7057;Generic slow engine=2.8650
numerai28.6,Axis Aligned,3,6,100,30,0.1,2.0,2.0,1000,Exact,10000,19264,21,0.107,0.519051,0.692576,GradientBoostedTreesQuickScorerExtended [virtual interface],0.1522,0.3290,0.4820,GradientBoostedTreesQuickScorerExtended [virtual interface]=0.1522;GradientBoostedTreesOptPred [virtual interface]=0.1552;GradientBoostedTreesGeneric [virtual interface]=0.3290;Generic slow engine=0.4820
numerai28.6,Axis Aligned,4,6,100,12,0.1,2.0,2.0,1000,Exact,10000,19264,21,0.112,0.515417,0.692718,GradientBoostedTreesOptPred [virtual interface],0.0892,0.1842,0.3078,GradientBoostedTreesOptPred [virtual interface]=0.0892;GradientBoostedTreesQuickScorerExtended [virtual interface]=0.1422;GradientBoostedTreesGeneric [virtual interface]=0.1842;Generic slow engine=0.3078
numerai28.6,Axis Aligned,5,6,100,12,0.1,2.0,2.0,1000,Exact,10000,19264,21,0.148,0.518324,0.692993,GradientBoostedTreesOptPred [virtual interface],0.1150,0.2407,0.4520,GradientBoostedTreesOptPred [virtual interface]=0.1150;GradientBoostedTreesQuickScorerExtended [virtual interface]=0.2308;GradientBoostedTreesGeneric [virtual interface]=0.2407;Generic slow engine=0.4520
numerai28.6,Axis Aligned,6,6,100,24,0.1,2.0,2.0,1000,Exact,10000,19264,21,0.246,0.516196,0.694605,GradientBoostedTreesOptPred [virtual interface],0.3265,0.6552,1.6735,GradientBoostedTreesOptPred [virtual interface]=0.3265;GradientBoostedTreesQuickScorerExtended [virtual interface]=0.4298;GradientBoostedTreesGeneric [virtual interface]=0.6552;Generic slow engine=1.6735
numerai28.6,Axis Aligned,7,6,100,14,0.1,2.0,2.0,1000,Exact,10000,19264,21,0.281,0.517338,0.694108,GradientBoostedTreesOptPred [virtual interface],0.2412,0.4380,1.1018,GradientBoostedTreesOptPred [virtual interface]=0.2412;GradientBoostedTreesQuickScorerExtended [virtual interface]=0.4355;GradientBoostedTreesGeneric [virtual interface]=0.4380;Generic slow engine=1.1018
numerai28.6,Axis Aligned,8,6,100,16,0.1,2.0,2.0,1000,Exact,10000,19264,21,0.411,0.514275,0.697291,GradientBoostedTreesOptPred [virtual interface],0.3877,0.6350,1.8083,GradientBoostedTreesOptPred [virtual interface]=0.3877;GradientBoostedTreesGeneric [virtual interface]=0.6350;Generic slow engine=1.8083
numerai28.6,Axis Aligned,10,6,100,14,0.1,2.0,2.0,1000,Exact,10000,19264,21,0.683,0.509136,0.6997,GradientBoostedTreesOptPred [virtual interface],0.4560,0.7302,2.2865,GradientBoostedTreesOptPred [virtual interface]=0.4560;GradientBoostedTreesGeneric [virtual interface]=0.7302;Generic slow engine=2.2865
numerai28.6,Oblique,3,6,100,22,0.1,2.0,2.0,1000,Exact,10000,19264,21,0.703,0.519622,0.692146,GradientBoostedTreesGeneric [virtual interface],0.3038,0.3038,0.6715,GradientBoostedTreesGeneric [virtual interface]=0.3038;Generic slow engine=0.6715
numerai28.6,Oblique,4,6,100,43,0.1,2.0,2.0,1000,Exact,10000,19264,21,1.478,0.519311,0.693263,GradientBoostedTreesGeneric [virtual interface],0.8317,0.8317,3.2325,GradientBoostedTreesGeneric [virtual interface]=0.8317;Generic slow engine=3.2325
numerai28.6,Oblique,5,6,100,11,0.1,2.0,2.0,1000,Exact,10000,19264,21,1.133,0.518532,0.692302,GradientBoostedTreesGeneric [virtual interface],0.2878,0.2878,0.8925,GradientBoostedTreesGeneric [virtual interface]=0.2878;Generic slow engine=0.8925
numerai28.6,Oblique,6,6,100,14,0.1,2.0,2.0,1000,Exact,10000,19264,21,1.548,0.516092,0.693588,GradientBoostedTreesGeneric [virtual interface],0.4990,0.4990,1.7092,GradientBoostedTreesGeneric [virtual interface]=0.4990;Generic slow engine=1.7092
numerai28.6,Oblique,8,6,100,12,0.1,2.0,2.0,1000,Exact,10000,19264,21,2.222,0.515002,0.69534,GradientBoostedTreesGeneric [virtual interface],0.5605,0.5605,2.4217,GradientBoostedTreesGeneric [virtual interface]=0.5605;Generic slow engine=2.4217
numerai28.6,Axis Aligned,3,7,100,52,0.1,2.0,2.0,1000,Exact,10000,19264,21,0.138,0.511784,0.69372,GradientBoostedTreesQuickScorerExtended [virtual interface],0.2112,0.6130,1.0455,GradientBoostedTreesQuickScorerExtended [virtual interface]=0.2112;GradientBoostedTreesOptPred [virtual interface]=0.3108;GradientBoostedTreesGeneric [virtual interface]=0.6130;Generic slow engine=1.0455
numerai28.6,Axis Aligned,4,7,100,33,0.1,2.0,2.0,1000,Exact,10000,19264,21,0.160,0.514794,0.694309,GradientBoostedTreesOptPred [virtual interface],0.2740,0.5218,1.0513,GradientBoostedTreesOptPred [virtual interface]=0.2740;GradientBoostedTreesQuickScorerExtended [virtual interface]=0.2858;GradientBoostedTreesGeneric [virtual interface]=0.5218;Generic slow engine=1.0513
numerai28.6,Axis Aligned,5,7,100,22,0.1,2.0,2.0,1000,Exact,10000,19264,21,0.191,0.515158,0.694451,GradientBoostedTreesOptPred [virtual interface],0.2365,0.4725,0.9800,GradientBoostedTreesOptPred [virtual interface]=0.2365;GradientBoostedTreesQuickScorerExtended [virtual interface]=0.3297;GradientBoostedTreesGeneric [virtual interface]=0.4725;Generic slow engine=0.9800
numerai28.6,Axis Aligned,6,7,100,12,0.1,2.0,2.0,1000,Exact,10000,19264,21,0.222,0.506956,0.694465,GradientBoostedTreesOptPred [virtual interface],0.1525,0.3060,0.7065,GradientBoostedTreesOptPred [virtual interface]=0.1525;GradientBoostedTreesGeneric [virtual interface]=0.3060;GradientBoostedTreesQuickScorerExtended [virtual interface]=0.3392;Generic slow engine=0.7065
numerai28.6,Axis Aligned,7,7,100,17,0.1,2.0,2.0,1000,Exact,10000,19264,21,0.330,0.515054,0.695674,GradientBoostedTreesOptPred [virtual interface],0.2928,0.5260,1.4572,GradientBoostedTreesOptPred [virtual interface]=0.2928;GradientBoostedTreesQuickScorerExtended [virtual interface]=0.5160;GradientBoostedTreesGeneric [virtual interface]=0.5260;Generic slow engine=1.4572
numerai28.6,Axis Aligned,8,7,100,18,0.1,2.0,2.0,1000,Exact,10000,19264,21,0.460,0.510797,0.697879,GradientBoostedTreesOptPred [virtual interface],0.4313,0.6947,2.0987,GradientBoostedTreesOptPred [virtual interface]=0.4313;GradientBoostedTreesGeneric [virtual interface]=0.6947;Generic slow engine=2.0987
numerai28.6,Axis Aligned,10,7,100,11,0.1,2.0,2.0,1000,Exact,10000,19264,21,0.729,0.509396,0.698536,GradientBoostedTreesOptPred [virtual interface],0.3720,0.5923,1.7292,GradientBoostedTreesOptPred [virtual interface]=0.3720;GradientBoostedTreesGeneric [virtual interface]=0.5923;Generic slow engine=1.7292
numerai28.6,Oblique,3,7,100,11,0.1,2.0,2.0,1000,Exact,10000,19264,21,0.559,0.513912,0.692601,GradientBoostedTreesGeneric [virtual interface],0.1827,0.1827,0.3535,GradientBoostedTreesGeneric [virtual interface]=0.1827;Generic slow engine=0.3535
numerai28.6,Oblique,4,7,100,22,0.1,2.0,2.0,1000,Exact,10000,19264,21,1.059,0.512822,0.693749,GradientBoostedTreesGeneric [virtual interface],0.4655,0.4655,1.4785,GradientBoostedTreesGeneric [virtual interface]=0.4655;Generic slow engine=1.4785
numerai28.6,Oblique,5,7,100,11,0.1,2.0,2.0,1000,Exact,10000,19264,21,1.123,0.510849,0.693244,GradientBoostedTreesGeneric [virtual interface],0.3118,0.3118,0.8982,GradientBoostedTreesGeneric [virtual interface]=0.3118;Generic slow engine=0.8982
numerai28.6,Oblique,6,7,100,16,0.1,2.0,2.0,1000,Exact,10000,19264,21,1.643,0.515002,0.694338,GradientBoostedTreesGeneric [virtual interface],0.5615,0.5615,2.2323,GradientBoostedTreesGeneric [virtual interface]=0.5615;Generic slow engine=2.2323
numerai28.6,Oblique,8,7,100,11,0.1,2.0,2.0,1000,Exact,10000,19264,21,2.235,0.509811,0.6962,GradientBoostedTreesGeneric [virtual interface],0.5427,0.5427,2.1517,GradientBoostedTreesGeneric [virtual interface]=0.5427;Generic slow engine=2.1517
numerai28.6,Axis Aligned,3,8,100,63,0.1,2.0,2.0,1000,Exact,10000,19264,21,0.146,0.5163,0.693889,GradientBoostedTreesQuickScorerExtended [virtual interface],0.2218,0.7137,1.3930,GradientBoostedTreesQuickScorerExtended [virtual interface]=0.2218;GradientBoostedTreesOptPred [virtual interface]=0.3563;GradientBoostedTreesGeneric [virtual interface]=0.7137;Generic slow engine=1.3930
numerai28.6,Axis Aligned,4,8,100,24,0.1,2.0,2.0,1000,Exact,10000,19264,21,0.134,0.517182,0.693308,GradientBoostedTreesOptPred [virtual interface],0.1675,0.3528,0.6422,GradientBoostedTreesOptPred [virtual interface]=0.1675;GradientBoostedTreesQuickScorerExtended [virtual interface]=0.2190;GradientBoostedTreesGeneric [virtual interface]=0.3528;Generic slow engine=0.6422
numerai28.6,Axis Aligned,5,8,100,15,0.1,2.0,2.0,1000,Exact,10000,19264,21,0.159,0.513549,0.693268,GradientBoostedTreesOptPred [virtual interface],0.1490,0.3088,0.5835,GradientBoostedTreesOptPred [virtual interface]=0.1490;GradientBoostedTreesQuickScorerExtended [virtual interface]=0.2717;GradientBoostedTreesGeneric [virtual interface]=0.3088;Generic slow engine=0.5835
numerai28.6,Axis Aligned,6,8,100,24,0.1,2.0,2.0,1000,Exact,10000,19264,21,0.249,0.510226,0.69526,GradientBoostedTreesOptPred [virtual interface],0.3335,0.6875,1.6713,GradientBoostedTreesOptPred [virtual interface]=0.3335;GradientBoostedTreesQuickScorerExtended [virtual interface]=0.4330;GradientBoostedTreesGeneric [virtual interface]=0.6875;Generic slow engine=1.6713
numerai28.6,Axis Aligned,7,8,100,13,0.1,2.0,2.0,1000,Exact,10000,19264,21,0.284,0.510123,0.694733,GradientBoostedTreesOptPred [virtual interface],0.2362,0.4250,1.0360,GradientBoostedTreesOptPred [virtual interface]=0.2362;GradientBoostedTreesGeneric [virtual interface]=0.4250;GradientBoostedTreesQuickScorerExtended [virtual interface]=0.4395;Generic slow engine=1.0360
numerai28.6,Axis Aligned,8,8,100,12,0.1,2.0,2.0,1000,Exact,10000,19264,21,0.395,0.510226,0.695624,GradientBoostedTreesOptPred [virtual interface],0.2958,0.4833,1.2190,GradientBoostedTreesOptPred [virtual interface]=0.2958;GradientBoostedTreesGeneric [virtual interface]=0.4833;Generic slow engine=1.2190
numerai28.6,Axis Aligned,10,8,100,14,0.1,2.0,2.0,1000,Exact,10000,19264,21,0.659,0.511628,0.69834,GradientBoostedTreesOptPred [virtual interface],0.4525,0.7520,2.3588,GradientBoostedTreesOptPred [virtual interface]=0.4525;GradientBoostedTreesGeneric [virtual interface]=0.7520;Generic slow engine=2.3588
numerai28.6,Oblique,3,8,100,12,0.1,2.0,2.0,1000,Exact,10000,19264,21,0.565,0.516819,0.692586,GradientBoostedTreesGeneric [virtual interface],0.1618,0.1618,0.3520,GradientBoostedTreesGeneric [virtual interface]=0.1618;Generic slow engine=0.3520
numerai28.6,Oblique,4,8,100,16,0.1,2.0,2.0,1000,Exact,10000,19264,21,0.922,0.517805,0.693093,GradientBoostedTreesGeneric [virtual interface],0.3325,0.3325,0.8698,GradientBoostedTreesGeneric [virtual interface]=0.3325;Generic slow engine=0.8698
numerai28.6,Oblique,5,8,100,23,0.1,2.0,2.0,1000,Exact,10000,19264,21,1.439,0.513549,0.694687,GradientBoostedTreesGeneric [virtual interface],0.5952,0.5952,2.3355,GradientBoostedTreesGeneric [virtual interface]=0.5952;Generic slow engine=2.3355
numerai28.6,Oblique,6,8,100,16,0.1,2.0,2.0,1000,Exact,10000,19264,21,1.631,0.510901,0.694741,GradientBoostedTreesGeneric [virtual interface],0.5275,0.5275,2.1307,GradientBoostedTreesGeneric [virtual interface]=0.5275;Generic slow engine=2.1307
numerai28.6,Oblique,8,8,100,11,0.1,2.0,2.0,1000,Exact,10000,19264,21,2.145,0.511887,0.695395,GradientBoostedTreesGeneric [virtual interface],0.4928,0.4928,2.1652,GradientBoostedTreesGeneric [virtual interface]=0.4928;Generic slow engine=2.1652
numerai28.6,Axis Aligned,3,9,100,90,0.1,2.0,2.0,1000,Exact,10000,19264,21,0.180,0.511368,0.694815,GradientBoostedTreesQuickScorerExtended [virtual interface],0.2950,1.1100,2.0897,GradientBoostedTreesQuickScorerExtended [virtual interface]=0.2950;GradientBoostedTreesOptPred [virtual interface]=0.5915;GradientBoostedTreesGeneric [virtual interface]=1.1100;Generic slow engine=2.0897
numerai28.6,Axis Aligned,4,9,100,12,0.1,2.0,2.0,1000,Exact,10000,19264,21,0.116,0.517234,0.692678,GradientBoostedTreesOptPred [virtual interface],0.0968,0.1935,0.3075,GradientBoostedTreesOptPred [virtual interface]=0.0968;GradientBoostedTreesQuickScorerExtended [virtual interface]=0.1278;GradientBoostedTreesGeneric [virtual interface]=0.1935;Generic slow engine=0.3075
numerai28.6,Axis Aligned,5,9,100,11,0.1,2.0,2.0,1000,Exact,10000,19264,21,0.163,0.515054,0.692983,GradientBoostedTreesOptPred [virtual interface],0.1197,0.2377,0.4148,GradientBoostedTreesOptPred [virtual interface]=0.1197;GradientBoostedTreesQuickScorerExtended [virtual interface]=0.1980;GradientBoostedTreesGeneric [virtual interface]=0.2377;Generic slow engine=0.4148
numerai28.6,Axis Aligned,6,9,100,14,0.1,2.0,2.0,1000,Exact,10000,19264,21,0.230,0.512251,0.694195,GradientBoostedTreesOptPred [virtual interface],0.1860,0.3802,0.8440,GradientBoostedTreesOptPred [virtual interface]=0.1860;GradientBoostedTreesQuickScorerExtended [virtual interface]=0.3498;GradientBoostedTreesGeneric [virtual interface]=0.3802;Generic slow engine=0.8440
numerai28.6,Axis Aligned,7,9,100,17,0.1,2.0,2.0,1000,Exact,10000,19264,21,0.317,0.510486,0.696325,GradientBoostedTreesOptPred [virtual interface],0.3078,0.5480,1.5010,GradientBoostedTreesOptPred [virtual interface]=0.3078;GradientBoostedTreesQuickScorerExtended [virtual interface]=0.4828;GradientBoostedTreesGeneric [virtual interface]=0.5480;Generic slow engine=1.5010
numerai28.6,Axis Aligned,8,9,100,12,0.1,2.0,2.0,1000,Exact,10000,19264,21,0.372,0.508877,0.696601,GradientBoostedTreesOptPred [virtual interface],0.2958,0.4793,1.2112,GradientBoostedTreesOptPred [virtual interface]=0.2958;GradientBoostedTreesGeneric [virtual interface]=0.4793;Generic slow engine=1.2112
numerai28.6,Axis Aligned,10,9,100,11,0.1,2.0,2.0,1000,Exact,10000,19264,21,0.633,0.507683,0.698167,GradientBoostedTreesOptPred [virtual interface],0.3720,0.5985,1.6760,GradientBoostedTreesOptPred [virtual interface]=0.3720;GradientBoostedTreesGeneric [virtual interface]=0.5985;Generic slow engine=1.6760
numerai28.6,Oblique,3,9,100,24,0.1,2.0,2.0,1000,Exact,10000,19264,21,0.731,0.512614,0.692798,GradientBoostedTreesGeneric [virtual interface],0.3603,0.3603,0.7448,GradientBoostedTreesGeneric [virtual interface]=0.3603;Generic slow engine=0.7448
numerai28.6,Oblique,4,9,100,11,0.1,2.0,2.0,1000,Exact,10000,19264,21,0.837,0.515158,0.692416,GradientBoostedTreesGeneric [virtual interface],0.2547,0.2547,0.5935,GradientBoostedTreesGeneric [virtual interface]=0.2547;Generic slow engine=0.5935
numerai28.6,Oblique,5,9,100,12,0.1,2.0,2.0,1000,Exact,10000,19264,21,1.167,0.515262,0.692522,GradientBoostedTreesGeneric [virtual interface],0.3625,0.3625,1.0265,GradientBoostedTreesGeneric [virtual interface]=0.3625;Generic slow engine=1.0265
numerai28.6,Oblique,6,9,100,11,0.1,2.0,2.0,1000,Exact,10000,19264,21,1.502,0.510486,0.694095,GradientBoostedTreesGeneric [virtual interface],0.3990,0.3990,1.3035,GradientBoostedTreesGeneric [virtual interface]=0.3990;Generic slow engine=1.3035
numerai28.6,Oblique,8,9,100,11,0.1,2.0,2.0,1000,Exact,10000,19264,21,2.201,0.507475,0.695738,GradientBoostedTreesGeneric [virtual interface],0.5727,0.5727,2.3013,GradientBoostedTreesGeneric [virtual interface]=0.5727;Generic slow engine=2.3013
jasmine,Axis Aligned,3,0,100,100,0.1,2.0,2.0,1000,Exact,2387,597,144,0.120,0.834171,0.38231,GradientBoostedTreesQuickScorerExtended [virtual interface],0.3673,1.3590,2.9110,GradientBoostedTreesQuickScorerExtended [virtual interface]=0.3673;GradientBoostedTreesGeneric [virtual interface]=1.3590;Generic slow engine=2.9110
jasmine,Axis Aligned,4,0,100,94,0.1,2.0,2.0,1000,Exact,2387,597,144,0.228,0.832496,0.374935,GradientBoostedTreesQuickScorerExtended [virtual interface],0.6190,1.8060,4.9878,GradientBoostedTreesQuickScorerExtended [virtual interface]=0.6190;GradientBoostedTreesGeneric [virtual interface]=1.8060;Generic slow engine=4.9878
jasmine,Axis Aligned,5,0,100,78,0.1,2.0,2.0,1000,Exact,2387,597,144,0.407,0.844221,0.363317,GradientBoostedTreesQuickScorerExtended [virtual interface],0.7855,2.0602,6.3770,GradientBoostedTreesQuickScorerExtended [virtual interface]=0.7855;GradientBoostedTreesGeneric [virtual interface]=2.0602;Generic slow engine=6.3770
jasmine,Axis Aligned,6,0,100,35,0.1,2.0,2.0,1000,Exact,2387,597,144,0.489,0.850921,0.364714,GradientBoostedTreesQuickScorerExtended [virtual interface],0.7272,1.1583,3.6753,GradientBoostedTreesQuickScorerExtended [virtual interface]=0.7272;GradientBoostedTreesGeneric [virtual interface]=1.1583;Generic slow engine=3.6753
jasmine,Axis Aligned,7,0,100,45,0.1,2.0,2.0,1000,Exact,2387,597,144,0.975,0.844221,0.360907,GradientBoostedTreesQuickScorerExtended [virtual interface],1.0245,1.7677,6.2207,GradientBoostedTreesQuickScorerExtended [virtual interface]=1.0245;GradientBoostedTreesGeneric [virtual interface]=1.7677;Generic slow engine=6.2207
jasmine,Axis Aligned,8,0,100,41,0.1,2.0,2.0,1000,Exact,2387,597,144,1.588,0.835846,0.356087,GradientBoostedTreesGeneric [virtual interface],1.9440,1.9440,6.8145,GradientBoostedTreesGeneric [virtual interface]=1.9440;Generic slow engine=6.8145
jasmine,Axis Aligned,10,0,100,41,0.1,2.0,2.0,1000,Exact,2387,597,144,3.054,0.842546,0.353847,GradientBoostedTreesGeneric [virtual interface],2.6925,2.6925,9.4418,GradientBoostedTreesGeneric [virtual interface]=2.6925;Generic slow engine=9.4418
jasmine,Oblique,3,0,100,58,0.1,2.0,2.0,1000,Exact,2387,597,144,0.199,0.834171,0.385185,GradientBoostedTreesGeneric [virtual interface],0.8150,0.8150,2.1107,GradientBoostedTreesGeneric [virtual interface]=0.8150;Generic slow engine=2.1107
jasmine,Oblique,4,0,100,60,0.1,2.0,2.0,1000,Exact,2387,597,144,0.357,0.830821,0.376788,GradientBoostedTreesGeneric [virtual interface],1.5235,1.5235,3.7953,GradientBoostedTreesGeneric [virtual interface]=1.5235;Generic slow engine=3.7953
jasmine,Oblique,5,0,100,38,0.1,2.0,2.0,1000,Exact,2387,597,144,0.454,0.830821,0.384491,GradientBoostedTreesGeneric [virtual interface],1.1475,1.1475,3.5322,GradientBoostedTreesGeneric [virtual interface]=1.1475;Generic slow engine=3.5322
jasmine,Oblique,6,0,100,38,0.1,2.0,2.0,1000,Exact,2387,597,144,0.765,0.830821,0.379512,GradientBoostedTreesGeneric [virtual interface],1.7450,1.7450,4.9238,GradientBoostedTreesGeneric [virtual interface]=1.7450;Generic slow engine=4.9238
jasmine,Oblique,8,0,100,36,0.1,2.0,2.0,1000,Exact,2387,597,144,1.988,0.837521,0.366923,GradientBoostedTreesGeneric [virtual interface],2.7913,2.7913,7.4772,GradientBoostedTreesGeneric [virtual interface]=2.7913;Generic slow engine=7.4772
jasmine,Axis Aligned,3,1,100,53,0.1,2.0,2.0,1000,Exact,2387,597,144,0.108,0.827471,0.395196,GradientBoostedTreesQuickScorerExtended [virtual interface],0.1970,0.6220,1.2410,GradientBoostedTreesQuickScorerExtended [virtual interface]=0.1970;GradientBoostedTreesGeneric [virtual interface]=0.6220;Generic slow engine=1.2410
jasmine,Axis Aligned,4,1,100,32,0.1,2.0,2.0,1000,Exact,2387,597,144,0.147,0.832496,0.396322,GradientBoostedTreesQuickScorerExtended [virtual interface],0.3360,0.5142,1.2172,GradientBoostedTreesQuickScorerExtended [virtual interface]=0.3360;GradientBoostedTreesGeneric [virtual interface]=0.5142;Generic slow engine=1.2172
jasmine,Axis Aligned,5,1,100,37,0.1,2.0,2.0,1000,Exact,2387,597,144,0.282,0.834171,0.388984,GradientBoostedTreesQuickScorerExtended [virtual interface],0.5757,0.9197,2.6850,GradientBoostedTreesQuickScorerExtended [virtual interface]=0.5757;GradientBoostedTreesGeneric [virtual interface]=0.9197;Generic slow engine=2.6850
jasmine,Axis Aligned,6,1,100,24,0.1,2.0,2.0,1000,Exact,2387,597,144,0.411,0.822446,0.397849,GradientBoostedTreesQuickScorerExtended [virtual interface],0.6488,0.7007,2.1827,GradientBoostedTreesQuickScorerExtended [virtual interface]=0.6488;GradientBoostedTreesGeneric [virtual interface]=0.7007;Generic slow engine=2.1827
jasmine,Axis Aligned,7,1,100,21,0.1,2.0,2.0,1000,Exact,2387,597,144,0.676,0.830821,0.397572,GradientBoostedTreesQuickScorerExtended [virtual interface],0.7192,0.7780,2.4970,GradientBoostedTreesQuickScorerExtended [virtual interface]=0.7192;GradientBoostedTreesGeneric [virtual interface]=0.7780;Generic slow engine=2.4970
jasmine,Axis Aligned,8,1,100,32,0.1,2.0,2.0,1000,Exact,2387,597,144,1.277,0.819095,0.388896,GradientBoostedTreesGeneric [virtual interface],1.4647,1.4647,5.2403,GradientBoostedTreesGeneric [virtual interface]=1.4647;Generic slow engine=5.2403
jasmine,Axis Aligned,10,1,100,32,0.1,2.0,2.0,1000,Exact,2387,597,144,2.851,0.81407,0.394184,GradientBoostedTreesGeneric [virtual interface],2.0543,2.0543,7.2245,GradientBoostedTreesGeneric [virtual interface]=2.0543;Generic slow engine=7.2245
jasmine,Oblique,3,1,100,32,0.1,2.0,2.0,1000,Exact,2387,597,144,0.151,0.827471,0.40427,GradientBoostedTreesGeneric [virtual interface],0.3920,0.3920,0.8868,GradientBoostedTreesGeneric [virtual interface]=0.3920;Generic slow engine=0.8868
jasmine,Oblique,4,1,100,36,0.1,2.0,2.0,1000,Exact,2387,597,144,0.268,0.822446,0.394833,GradientBoostedTreesGeneric [virtual interface],0.7137,0.7137,2.0867,GradientBoostedTreesGeneric [virtual interface]=0.7137;Generic slow engine=2.0867
jasmine,Oblique,5,1,100,26,0.1,2.0,2.0,1000,Exact,2387,597,144,0.392,0.824121,0.394686,GradientBoostedTreesGeneric [virtual interface],0.6617,0.6617,2.2800,GradientBoostedTreesGeneric [virtual interface]=0.6617;Generic slow engine=2.2800
jasmine,Oblique,6,1,100,30,0.1,2.0,2.0,1000,Exact,2387,597,144,0.708,0.829146,0.385298,GradientBoostedTreesGeneric [virtual interface],1.1703,1.1703,3.7860,GradientBoostedTreesGeneric [virtual interface]=1.1703;Generic slow engine=3.7860
jasmine,Oblique,8,1,100,23,0.1,2.0,2.0,1000,Exact,2387,597,144,1.517,0.805695,0.405734,GradientBoostedTreesGeneric [virtual interface],1.5428,1.5428,4.5640,GradientBoostedTreesGeneric [virtual interface]=1.5428;Generic slow engine=4.5640
jasmine,Axis Aligned,3,2,100,55,0.1,2.0,2.0,1000,Exact,2387,597,144,0.108,0.785595,0.43628,GradientBoostedTreesQuickScorerExtended [virtual interface],0.2132,0.6560,1.3615,GradientBoostedTreesQuickScorerExtended [virtual interface]=0.2132;GradientBoostedTreesGeneric [virtual interface]=0.6560;Generic slow engine=1.3615
jasmine,Axis Aligned,4,2,100,91,0.1,2.0,2.0,1000,Exact,2387,597,144,0.224,0.795645,0.424817,GradientBoostedTreesQuickScorerExtended [virtual interface],0.6050,1.8203,4.9713,GradientBoostedTreesQuickScorerExtended [virtual interface]=0.6050;GradientBoostedTreesGeneric [virtual interface]=1.8203;Generic slow engine=4.9713
jasmine,Axis Aligned,5,2,100,76,0.1,2.0,2.0,1000,Exact,2387,597,144,0.426,0.79732,0.422444,GradientBoostedTreesQuickScorerExtended [virtual interface],0.7887,2.0722,6.2345,GradientBoostedTreesQuickScorerExtended [virtual interface]=0.7887;GradientBoostedTreesGeneric [virtual interface]=2.0722;Generic slow engine=6.2345
jasmine,Axis Aligned,6,2,100,85,0.1,2.0,2.0,1000,Exact,2387,597,144,0.704,0.80067,0.421821,GradientBoostedTreesQuickScorerExtended [virtual interface],1.0740,2.9945,9.4418,GradientBoostedTreesQuickScorerExtended [virtual interface]=1.0740;GradientBoostedTreesGeneric [virtual interface]=2.9945;Generic slow engine=9.4418
jasmine,Axis Aligned,7,2,100,50,0.1,2.0,2.0,1000,Exact,2387,597,144,1.025,0.802345,0.414405,GradientBoostedTreesQuickScorerExtended [virtual interface],1.0550,2.0177,6.9423,GradientBoostedTreesQuickScorerExtended [virtual interface]=1.0550;GradientBoostedTreesGeneric [virtual interface]=2.0177;Generic slow engine=6.9423
jasmine,Axis Aligned,8,2,100,61,0.1,2.0,2.0,1000,Exact,2387,597,144,1.794,0.802345,0.427252,GradientBoostedTreesGeneric [virtual interface],2.9900,2.9900,10.5560,GradientBoostedTreesGeneric [virtual interface]=2.9900;Generic slow engine=10.5560
jasmine,Axis Aligned,10,2,100,40,0.1,2.0,2.0,1000,Exact,2387,597,144,3.202,0.809045,0.435106,GradientBoostedTreesGeneric [virtual interface],2.6625,2.6625,9.4703,GradientBoostedTreesGeneric [virtual interface]=2.6625;Generic slow engine=9.4703
jasmine,Oblique,3,2,100,48,0.1,2.0,2.0,1000,Exact,2387,597,144,0.180,0.795645,0.434838,GradientBoostedTreesGeneric [virtual interface],0.6385,0.6385,1.7070,GradientBoostedTreesGeneric [virtual interface]=0.6385;Generic slow engine=1.7070
jasmine,Oblique,4,2,100,89,0.1,2.0,2.0,1000,Exact,2387,597,144,0.386,0.80067,0.42754,GradientBoostedTreesGeneric [virtual interface],2.3415,2.3415,5.9638,GradientBoostedTreesGeneric [virtual interface]=2.3415;Generic slow engine=5.9638
jasmine,Oblique,5,2,100,51,0.1,2.0,2.0,1000,Exact,2387,597,144,0.568,0.78392,0.435825,GradientBoostedTreesGeneric [virtual interface],1.7750,1.7750,5.0155,GradientBoostedTreesGeneric [virtual interface]=1.7750;Generic slow engine=5.0155
jasmine,Oblique,6,2,100,81,0.1,2.0,2.0,1000,Exact,2387,597,144,1.052,0.79062,0.436131,GradientBoostedTreesGeneric [virtual interface],4.7933,4.7933,11.3380,GradientBoostedTreesGeneric [virtual interface]=4.7933;Generic slow engine=11.3380
jasmine,Oblique,8,2,100,36,0.1,2.0,2.0,1000,Exact,2387,597,144,1.764,0.798995,0.422656,GradientBoostedTreesGeneric [virtual interface],2.7735,2.7735,7.6360,GradientBoostedTreesGeneric [virtual interface]=2.7735;Generic slow engine=7.6360
jasmine,Axis Aligned,3,3,100,100,0.1,2.0,2.0,1000,Exact,2387,597,144,0.120,0.80402,0.412561,GradientBoostedTreesQuickScorerExtended [virtual interface],0.3962,1.4120,2.8480,GradientBoostedTreesQuickScorerExtended [virtual interface]=0.3962;GradientBoostedTreesGeneric [virtual interface]=1.4120;Generic slow engine=2.8480
jasmine,Axis Aligned,4,3,100,49,0.1,2.0,2.0,1000,Exact,2387,597,144,0.174,0.80402,0.404367,GradientBoostedTreesQuickScorerExtended [virtual interface],0.3680,0.8842,2.3862,GradientBoostedTreesQuickScorerExtended [virtual interface]=0.3680;GradientBoostedTreesGeneric [virtual interface]=0.8842;Generic slow engine=2.3862
jasmine,Axis Aligned,5,3,100,42,0.1,2.0,2.0,1000,Exact,2387,597,144,0.296,0.805695,0.4018,GradientBoostedTreesQuickScorerExtended [virtual interface],0.5887,1.0637,3.1490,GradientBoostedTreesQuickScorerExtended [virtual interface]=0.5887;GradientBoostedTreesGeneric [virtual interface]=1.0637;Generic slow engine=3.1490
jasmine,Axis Aligned,6,3,100,38,0.1,2.0,2.0,1000,Exact,2387,597,144,0.473,0.80402,0.401993,GradientBoostedTreesQuickScorerExtended [virtual interface],0.7488,1.2592,3.9840,GradientBoostedTreesQuickScorerExtended [virtual interface]=0.7488;GradientBoostedTreesGeneric [virtual interface]=1.2592;Generic slow engine=3.9840
jasmine,Axis Aligned,7,3,100,44,0.1,2.0,2.0,1000,Exact,2387,597,144,0.979,0.81742,0.399114,GradientBoostedTreesQuickScorerExtended [virtual interface],0.9752,1.7592,6.0185,GradientBoostedTreesQuickScorerExtended [virtual interface]=0.9752;GradientBoostedTreesGeneric [virtual interface]=1.7592;Generic slow engine=6.0185
jasmine,Axis Aligned,8,3,100,30,0.1,2.0,2.0,1000,Exact,2387,597,144,1.294,0.815745,0.39373,GradientBoostedTreesGeneric [virtual interface],1.3478,1.3478,4.8280,GradientBoostedTreesGeneric [virtual interface]=1.3478;Generic slow engine=4.8280
jasmine,Axis Aligned,10,3,100,29,0.1,2.0,2.0,1000,Exact,2387,597,144,2.722,0.81407,0.39488,GradientBoostedTreesGeneric [virtual interface],1.8137,1.8137,6.4663,GradientBoostedTreesGeneric [virtual interface]=1.8137;Generic slow engine=6.4663
jasmine,Oblique,3,3,100,38,0.1,2.0,2.0,1000,Exact,2387,597,144,0.160,0.802345,0.41702,GradientBoostedTreesGeneric [virtual interface],0.4790,0.4790,1.1153,GradientBoostedTreesGeneric [virtual interface]=0.4790;Generic slow engine=1.1153
jasmine,Oblique,4,3,100,85,0.1,2.0,2.0,1000,Exact,2387,597,144,0.400,0.80402,0.41346,GradientBoostedTreesGeneric [virtual interface],2.6150,2.6150,5.4973,GradientBoostedTreesGeneric [virtual interface]=2.6150;Generic slow engine=5.4973
jasmine,Oblique,5,3,100,31,0.1,2.0,2.0,1000,Exact,2387,597,144,0.437,0.80402,0.413209,GradientBoostedTreesGeneric [virtual interface],0.9203,0.9203,2.8090,GradientBoostedTreesGeneric [virtual interface]=0.9203;Generic slow engine=2.8090
jasmine,Oblique,6,3,100,29,0.1,2.0,2.0,1000,Exact,2387,597,144,0.651,0.80067,0.410057,GradientBoostedTreesGeneric [virtual interface],1.2160,1.2160,3.7288,GradientBoostedTreesGeneric [virtual interface]=1.2160;Generic slow engine=3.7288
jasmine,Oblique,8,3,100,24,0.1,2.0,2.0,1000,Exact,2387,597,144,1.553,0.809045,0.409541,GradientBoostedTreesGeneric [virtual interface],1.6567,1.6567,4.8015,GradientBoostedTreesGeneric [virtual interface]=1.6567;Generic slow engine=4.8015
jasmine,Axis Aligned,3,4,100,100,0.1,2.0,2.0,1000,Exact,2387,597,144,0.122,0.820771,0.405909,GradientBoostedTreesQuickScorerExtended [virtual interface],0.3678,1.3975,2.8380,GradientBoostedTreesQuickScorerExtended [virtual interface]=0.3678;GradientBoostedTreesGeneric [virtual interface]=1.3975;Generic slow engine=2.8380
jasmine,Axis Aligned,4,4,100,69,0.1,2.0,2.0,1000,Exact,2387,597,144,0.217,0.829146,0.39316,GradientBoostedTreesQuickScorerExtended [virtual interface],0.5565,1.3880,3.6387,GradientBoostedTreesQuickScorerExtended [virtual interface]=0.5565;GradientBoostedTreesGeneric [virtual interface]=1.3880;Generic slow engine=3.6387
jasmine,Axis Aligned,5,4,100,70,0.1,2.0,2.0,1000,Exact,2387,597,144,0.414,0.824121,0.399953,GradientBoostedTreesQuickScorerExtended [virtual interface],0.7522,1.9090,5.5605,GradientBoostedTreesQuickScorerExtended [virtual interface]=0.7522;GradientBoostedTreesGeneric [virtual interface]=1.9090;Generic slow engine=5.5605
jasmine,Axis Aligned,6,4,100,47,0.1,2.0,2.0,1000,Exact,2387,597,144,0.555,0.837521,0.390025,GradientBoostedTreesQuickScorerExtended [virtual interface],0.8442,1.6165,5.0990,GradientBoostedTreesQuickScorerExtended [virtual interface]=0.8442;GradientBoostedTreesGeneric [virtual interface]=1.6165;Generic slow engine=5.0990
jasmine,Axis Aligned,7,4,100,36,0.1,2.0,2.0,1000,Exact,2387,597,144,0.866,0.820771,0.39762,GradientBoostedTreesQuickScorerExtended [virtual interface],0.9105,1.4060,4.8055,GradientBoostedTreesQuickScorerExtended [virtual interface]=0.9105;GradientBoostedTreesGeneric [virtual interface]=1.4060;Generic slow engine=4.8055
jasmine,Axis Aligned,8,4,100,40,0.1,2.0,2.0,1000,Exact,2387,597,144,1.608,0.832496,0.390578,GradientBoostedTreesGeneric [virtual interface],1.9455,1.9455,6.6995,GradientBoostedTreesGeneric [virtual interface]=1.9455;Generic slow engine=6.6995
jasmine,Axis Aligned,10,4,100,32,0.1,2.0,2.0,1000,Exact,2387,597,144,2.937,0.834171,0.386164,GradientBoostedTreesGeneric [virtual interface],2.0812,2.0812,7.2447,GradientBoostedTreesGeneric [virtual interface]=2.0812;Generic slow engine=7.2447
jasmine,Oblique,3,4,100,95,0.1,2.0,2.0,1000,Exact,2387,597,144,0.222,0.825796,0.397424,GradientBoostedTreesGeneric [virtual interface],1.6493,1.6493,3.7130,GradientBoostedTreesGeneric [virtual interface]=1.6493;Generic slow engine=3.7130
jasmine,Oblique,4,4,100,48,0.1,2.0,2.0,1000,Exact,2387,597,144,0.312,0.81072,0.399352,GradientBoostedTreesGeneric [virtual interface],1.1053,1.1053,2.9857,GradientBoostedTreesGeneric [virtual interface]=1.1053;Generic slow engine=2.9857
jasmine,Oblique,5,4,100,37,0.1,2.0,2.0,1000,Exact,2387,597,144,0.457,0.80737,0.401971,GradientBoostedTreesGeneric [virtual interface],1.1970,1.1970,3.3893,GradientBoostedTreesGeneric [virtual interface]=1.1970;Generic slow engine=3.3893
jasmine,Oblique,6,4,100,45,0.1,2.0,2.0,1000,Exact,2387,597,144,0.813,0.825796,0.39255,GradientBoostedTreesGeneric [virtual interface],2.2212,2.2212,5.9953,GradientBoostedTreesGeneric [virtual interface]=2.2212;Generic slow engine=5.9953
jasmine,Oblique,8,4,100,37,0.1,2.0,2.0,1000,Exact,2387,597,144,1.896,0.815745,0.397448,GradientBoostedTreesGeneric [virtual interface],3.0595,3.0595,7.8120,GradientBoostedTreesGeneric [virtual interface]=3.0595;Generic slow engine=7.8120
jasmine,Axis Aligned,3,5,100,97,0.1,2.0,2.0,1000,Exact,2387,597,144,0.120,0.79062,0.424892,GradientBoostedTreesQuickScorerExtended [virtual interface],0.3658,1.3458,2.8065,GradientBoostedTreesQuickScorerExtended [virtual interface]=0.3658;GradientBoostedTreesGeneric [virtual interface]=1.3458;Generic slow engine=2.8065
jasmine,Axis Aligned,4,5,100,99,0.1,2.0,2.0,1000,Exact,2387,597,144,0.216,0.80737,0.424986,GradientBoostedTreesQuickScorerExtended [virtual interface],0.6580,2.0398,5.4055,GradientBoostedTreesQuickScorerExtended [virtual interface]=0.6580;GradientBoostedTreesGeneric [virtual interface]=2.0398;Generic slow engine=5.4055
jasmine,Axis Aligned,5,5,100,100,0.1,2.0,2.0,1000,Exact,2387,597,144,0.401,0.81407,0.432328,GradientBoostedTreesQuickScorerExtended [virtual interface],0.8985,2.8197,8.4340,GradientBoostedTreesQuickScorerExtended [virtual interface]=0.8985;GradientBoostedTreesGeneric [virtual interface]=2.8197;Generic slow engine=8.4340
jasmine,Axis Aligned,6,5,100,95,0.1,2.0,2.0,1000,Exact,2387,597,144,0.731,0.80402,0.431294,GradientBoostedTreesQuickScorerExtended [virtual interface],1.1638,3.5297,10.9140,GradientBoostedTreesQuickScorerExtended [virtual interface]=1.1638;GradientBoostedTreesGeneric [virtual interface]=3.5297;Generic slow engine=10.9140
jasmine,Axis Aligned,7,5,100,99,0.1,2.0,2.0,1000,Exact,2387,597,144,1.163,0.81407,0.434703,GradientBoostedTreesQuickScorerExtended [virtual interface],1.4520,4.2990,14.3770,GradientBoostedTreesQuickScorerExtended [virtual interface]=1.4520;GradientBoostedTreesGeneric [virtual interface]=4.2990;Generic slow engine=14.3770
jasmine,Axis Aligned,8,5,100,77,0.1,2.0,2.0,1000,Exact,2387,597,144,2.012,0.825796,0.427934,GradientBoostedTreesGeneric [virtual interface],3.9085,3.9085,13.6010,GradientBoostedTreesGeneric [virtual interface]=3.9085;Generic slow engine=13.6010
jasmine,Axis Aligned,10,5,100,35,0.1,2.0,2.0,1000,Exact,2387,597,144,2.717,0.815745,0.423348,GradientBoostedTreesGeneric [virtual interface],2.3727,2.3727,8.1933,GradientBoostedTreesGeneric [virtual interface]=2.3727;Generic slow engine=8.1933
jasmine,Oblique,3,5,100,96,0.1,2.0,2.0,1000,Exact,2387,597,144,0.226,0.80402,0.421575,GradientBoostedTreesGeneric [virtual interface],1.5545,1.5545,3.7107,GradientBoostedTreesGeneric [virtual interface]=1.5545;Generic slow engine=3.7107
jasmine,Oblique,4,5,100,74,0.1,2.0,2.0,1000,Exact,2387,597,144,0.398,0.805695,0.428134,GradientBoostedTreesGeneric [virtual interface],1.8700,1.8700,4.7378,GradientBoostedTreesGeneric [virtual interface]=1.8700;Generic slow engine=4.7378
jasmine,Oblique,5,5,100,53,0.1,2.0,2.0,1000,Exact,2387,597,144,0.555,0.815745,0.422143,GradientBoostedTreesGeneric [virtual interface],1.8257,1.8257,5.1378,GradientBoostedTreesGeneric [virtual interface]=1.8257;Generic slow engine=5.1378
jasmine,Oblique,6,5,100,58,0.1,2.0,2.0,1000,Exact,2387,597,144,0.992,0.792295,0.43352,GradientBoostedTreesGeneric [virtual interface],2.9180,2.9180,7.7650,GradientBoostedTreesGeneric [virtual interface]=2.9180;Generic slow engine=7.7650
jasmine,Oblique,8,5,100,36,0.1,2.0,2.0,1000,Exact,2387,597,144,1.891,0.80402,0.432612,GradientBoostedTreesGeneric [virtual interface],2.6125,2.6125,7.4888,GradientBoostedTreesGeneric [virtual interface]=2.6125;Generic slow engine=7.4888
jasmine,Axis Aligned,3,6,100,97,0.1,2.0,2.0,1000,Exact,2387,597,144,0.121,0.824121,0.386037,GradientBoostedTreesQuickScorerExtended [virtual interface],0.3728,1.2968,2.7765,GradientBoostedTreesQuickScorerExtended [virtual interface]=0.3728;GradientBoostedTreesGeneric [virtual interface]=1.2968;Generic slow engine=2.7765
jasmine,Axis Aligned,4,6,100,75,0.1,2.0,2.0,1000,Exact,2387,597,144,0.221,0.827471,0.387644,GradientBoostedTreesQuickScorerExtended [virtual interface],0.5670,1.4765,4.0708,GradientBoostedTreesQuickScorerExtended [virtual interface]=0.5670;GradientBoostedTreesGeneric [virtual interface]=1.4765;Generic slow engine=4.0708
jasmine,Axis Aligned,5,6,100,29,0.1,2.0,2.0,1000,Exact,2387,597,144,0.261,0.830821,0.394748,GradientBoostedTreesQuickScorerExtended [virtual interface],0.4878,0.6657,1.9935,GradientBoostedTreesQuickScorerExtended [virtual interface]=0.4878;GradientBoostedTreesGeneric [virtual interface]=0.6657;Generic slow engine=1.9935
jasmine,Axis Aligned,6,6,100,36,0.1,2.0,2.0,1000,Exact,2387,597,144,0.499,0.834171,0.381581,GradientBoostedTreesQuickScorerExtended [virtual interface],0.7230,1.1550,3.8310,GradientBoostedTreesQuickScorerExtended [virtual interface]=0.7230;GradientBoostedTreesGeneric [virtual interface]=1.1550;Generic slow engine=3.8310
jasmine,Axis Aligned,7,6,100,47,0.1,2.0,2.0,1000,Exact,2387,597,144,0.941,0.830821,0.378555,GradientBoostedTreesQuickScorerExtended [virtual interface],1.0320,1.9127,6.5507,GradientBoostedTreesQuickScorerExtended [virtual interface]=1.0320;GradientBoostedTreesGeneric [virtual interface]=1.9127;Generic slow engine=6.5507
jasmine,Axis Aligned,8,6,100,27,0.1,2.0,2.0,1000,Exact,2387,597,144,1.260,0.827471,0.385483,GradientBoostedTreesGeneric [virtual interface],1.1865,1.1865,4.4132,GradientBoostedTreesGeneric [virtual interface]=1.1865;Generic slow engine=4.4132
jasmine,Axis Aligned,10,6,100,25,0.1,2.0,2.0,1000,Exact,2387,597,144,2.551,0.824121,0.389857,GradientBoostedTreesGeneric [virtual interface],1.5573,1.5573,5.4710,GradientBoostedTreesGeneric [virtual interface]=1.5573;Generic slow engine=5.4710
jasmine,Oblique,3,6,100,61,0.1,2.0,2.0,1000,Exact,2387,597,144,0.205,0.827471,0.389628,GradientBoostedTreesGeneric [virtual interface],0.8818,0.8818,2.6558,GradientBoostedTreesGeneric [virtual interface]=0.8818;Generic slow engine=2.6558
jasmine,Oblique,4,6,100,49,0.1,2.0,2.0,1000,Exact,2387,597,144,0.309,0.830821,0.381866,GradientBoostedTreesGeneric [virtual interface],1.0973,1.0973,3.1402,GradientBoostedTreesGeneric [virtual interface]=1.0973;Generic slow engine=3.1402
jasmine,Oblique,5,6,100,35,0.1,2.0,2.0,1000,Exact,2387,597,144,0.454,0.829146,0.383531,GradientBoostedTreesGeneric [virtual interface],1.0988,1.0988,3.2540,GradientBoostedTreesGeneric [virtual interface]=1.0988;Generic slow engine=3.2540
jasmine,Oblique,6,6,100,31,0.1,2.0,2.0,1000,Exact,2387,597,144,0.689,0.825796,0.395366,GradientBoostedTreesGeneric [virtual interface],1.2620,1.2620,3.8918,GradientBoostedTreesGeneric [virtual interface]=1.2620;Generic slow engine=3.8918
jasmine,Oblique,8,6,100,34,0.1,2.0,2.0,1000,Exact,2387,597,144,1.725,0.839196,0.382657,GradientBoostedTreesGeneric [virtual interface],2.7092,2.7092,6.9623,GradientBoostedTreesGeneric [virtual interface]=2.7092;Generic slow engine=6.9623
jasmine,Axis Aligned,3,7,100,98,0.1,2.0,2.0,1000,Exact,2387,597,144,0.122,0.79397,0.425304,GradientBoostedTreesQuickScorerExtended [virtual interface],0.3150,1.3065,2.8615,GradientBoostedTreesQuickScorerExtended [virtual interface]=0.3150;GradientBoostedTreesGeneric [virtual interface]=1.3065;Generic slow engine=2.8615
jasmine,Axis Aligned,4,7,100,99,0.1,2.0,2.0,1000,Exact,2387,597,144,0.215,0.79397,0.417311,GradientBoostedTreesQuickScorerExtended [virtual interface],0.6328,1.9367,5.4348,GradientBoostedTreesQuickScorerExtended [virtual interface]=0.6328;GradientBoostedTreesGeneric [virtual interface]=1.9367;Generic slow engine=5.4348
jasmine,Axis Aligned,5,7,100,65,0.1,2.0,2.0,1000,Exact,2387,597,144,0.393,0.81072,0.411078,GradientBoostedTreesQuickScorerExtended [virtual interface],0.7770,1.7565,5.2073,GradientBoostedTreesQuickScorerExtended [virtual interface]=0.7770;GradientBoostedTreesGeneric [virtual interface]=1.7565;Generic slow engine=5.2073
jasmine,Axis Aligned,6,7,100,43,0.1,2.0,2.0,1000,Exact,2387,597,144,0.541,0.798995,0.420365,GradientBoostedTreesQuickScorerExtended [virtual interface],0.7778,1.4273,4.4965,GradientBoostedTreesQuickScorerExtended [virtual interface]=0.7778;GradientBoostedTreesGeneric [virtual interface]=1.4273;Generic slow engine=4.4965
jasmine,Axis Aligned,7,7,100,73,0.1,2.0,2.0,1000,Exact,2387,597,144,1.241,0.805695,0.406607,GradientBoostedTreesQuickScorerExtended [virtual interface],1.3313,3.0355,10.2530,GradientBoostedTreesQuickScorerExtended [virtual interface]=1.3313;GradientBoostedTreesGeneric [virtual interface]=3.0355;Generic slow engine=10.2530
jasmine,Axis Aligned,8,7,100,39,0.1,2.0,2.0,1000,Exact,2387,597,144,1.305,0.812395,0.416786,GradientBoostedTreesGeneric [virtual interface],1.8300,1.8300,6.3265,GradientBoostedTreesGeneric [virtual interface]=1.8300;Generic slow engine=6.3265
jasmine,Axis Aligned,10,7,100,22,0.1,2.0,2.0,1000,Exact,2387,597,144,2.285,0.81407,0.425228,GradientBoostedTreesGeneric [virtual interface],1.3670,1.3670,4.7172,GradientBoostedTreesGeneric [virtual interface]=1.3670;Generic slow engine=4.7172
jasmine,Oblique,3,7,100,58,0.1,2.0,2.0,1000,Exact,2387,597,144,0.198,0.809045,0.416095,GradientBoostedTreesGeneric [virtual interface],0.7820,0.7820,2.1507,GradientBoostedTreesGeneric [virtual interface]=0.7820;Generic slow engine=2.1507
jasmine,Oblique,4,7,100,46,0.1,2.0,2.0,1000,Exact,2387,597,144,0.300,0.812395,0.408165,GradientBoostedTreesGeneric [virtual interface],1.0553,1.0553,2.7862,GradientBoostedTreesGeneric [virtual interface]=1.0553;Generic slow engine=2.7862
jasmine,Oblique,5,7,100,56,0.1,2.0,2.0,1000,Exact,2387,597,144,0.583,0.812395,0.407323,GradientBoostedTreesGeneric [virtual interface],2.0355,2.0355,5.5320,GradientBoostedTreesGeneric [virtual interface]=2.0355;Generic slow engine=5.5320
jasmine,Oblique,6,7,100,50,0.1,2.0,2.0,1000,Exact,2387,597,144,0.895,0.80067,0.423228,GradientBoostedTreesGeneric [virtual interface],2.5383,2.5383,6.7723,GradientBoostedTreesGeneric [virtual interface]=2.5383;Generic slow engine=6.7723
jasmine,Oblique,8,7,100,41,0.1,2.0,2.0,1000,Exact,2387,597,144,2.000,0.812395,0.429187,GradientBoostedTreesGeneric [virtual interface],3.4417,3.4417,8.6040,GradientBoostedTreesGeneric [virtual interface]=3.4417;Generic slow engine=8.6040
jasmine,Axis Aligned,3,8,100,88,0.1,2.0,2.0,1000,Exact,2387,597,144,0.121,0.795645,0.440593,GradientBoostedTreesQuickScorerExtended [virtual interface],0.3088,1.1790,2.3938,GradientBoostedTreesQuickScorerExtended [virtual interface]=0.3088;GradientBoostedTreesGeneric [virtual interface]=1.1790;Generic slow engine=2.3938
jasmine,Axis Aligned,4,8,100,97,0.1,2.0,2.0,1000,Exact,2387,597,144,0.215,0.79062,0.43747,GradientBoostedTreesQuickScorerExtended [virtual interface],0.6050,1.9708,5.3638,GradientBoostedTreesQuickScorerExtended [virtual interface]=0.6050;GradientBoostedTreesGeneric [virtual interface]=1.9708;Generic slow engine=5.3638
jasmine,Axis Aligned,5,8,100,98,0.1,2.0,2.0,1000,Exact,2387,597,144,0.399,0.805695,0.430787,GradientBoostedTreesQuickScorerExtended [virtual interface],0.8950,2.8165,8.3505,GradientBoostedTreesQuickScorerExtended [virtual interface]=0.8950;GradientBoostedTreesGeneric [virtual interface]=2.8165;Generic slow engine=8.3505
jasmine,Axis Aligned,6,8,100,70,0.1,2.0,2.0,1000,Exact,2387,597,144,0.719,0.798995,0.434297,GradientBoostedTreesQuickScorerExtended [virtual interface],0.9523,2.3925,7.6813,GradientBoostedTreesQuickScorerExtended [virtual interface]=0.9523;GradientBoostedTreesGeneric [virtual interface]=2.3925;Generic slow engine=7.6813
jasmine,Axis Aligned,7,8,100,82,0.1,2.0,2.0,1000,Exact,2387,597,144,1.291,0.805695,0.439457,GradientBoostedTreesQuickScorerExtended [virtual interface],1.3505,3.4515,11.6730,GradientBoostedTreesQuickScorerExtended [virtual interface]=1.3505;GradientBoostedTreesGeneric [virtual interface]=3.4515;Generic slow engine=11.6730
jasmine,Axis Aligned,8,8,100,46,0.1,2.0,2.0,1000,Exact,2387,597,144,1.695,0.798995,0.431547,GradientBoostedTreesGeneric [virtual interface],2.0653,2.0653,7.6265,GradientBoostedTreesGeneric [virtual interface]=2.0653;Generic slow engine=7.6265
jasmine,Axis Aligned,10,8,100,28,0.1,2.0,2.0,1000,Exact,2387,597,144,2.375,0.792295,0.44374,GradientBoostedTreesGeneric [virtual interface],1.6907,1.6907,6.0448,GradientBoostedTreesGeneric [virtual interface]=1.6907;Generic slow engine=6.0448
jasmine,Oblique,3,8,100,73,0.1,2.0,2.0,1000,Exact,2387,597,144,0.230,0.79062,0.441664,GradientBoostedTreesGeneric [virtual interface],1.1358,1.1358,2.7717,GradientBoostedTreesGeneric [virtual interface]=1.1358;Generic slow engine=2.7717
jasmine,Oblique,4,8,100,58,0.1,2.0,2.0,1000,Exact,2387,597,144,0.347,0.809045,0.432578,GradientBoostedTreesGeneric [virtual interface],1.4010,1.4010,3.7175,GradientBoostedTreesGeneric [virtual interface]=1.4010;Generic slow engine=3.7175
jasmine,Oblique,5,8,100,100,0.1,2.0,2.0,1000,Exact,2387,597,144,0.664,0.792295,0.450563,GradientBoostedTreesGeneric [virtual interface],4.2765,4.2765,10.1340,GradientBoostedTreesGeneric [virtual interface]=4.2765;Generic slow engine=10.1340
jasmine,Oblique,6,8,100,39,0.1,2.0,2.0,1000,Exact,2387,597,144,0.766,0.79062,0.43775,GradientBoostedTreesGeneric [virtual interface],1.7515,1.7515,5.0065,GradientBoostedTreesGeneric [virtual interface]=1.7515;Generic slow engine=5.0065
jasmine,Oblique,8,8,100,32,0.1,2.0,2.0,1000,Exact,2387,597,144,1.858,0.798995,0.453036,GradientBoostedTreesGeneric [virtual interface],2.4103,2.4103,6.5853,GradientBoostedTreesGeneric [virtual interface]=2.4103;Generic slow engine=6.5853
jasmine,Axis Aligned,3,9,100,85,0.1,2.0,2.0,1000,Exact,2387,597,144,0.125,0.822446,0.396709,GradientBoostedTreesQuickScorerExtended [virtual interface],0.3020,1.1658,2.3335,GradientBoostedTreesQuickScorerExtended [virtual interface]=0.3020;GradientBoostedTreesGeneric [virtual interface]=1.1658;Generic slow engine=2.3335
jasmine,Axis Aligned,4,9,100,48,0.1,2.0,2.0,1000,Exact,2387,597,144,0.184,0.819095,0.398723,GradientBoostedTreesQuickScorerExtended [virtual interface],0.4298,0.8373,2.2738,GradientBoostedTreesQuickScorerExtended [virtual interface]=0.4298;GradientBoostedTreesGeneric [virtual interface]=0.8373;Generic slow engine=2.2738
jasmine,Axis Aligned,5,9,100,36,0.1,2.0,2.0,1000,Exact,2387,597,144,0.276,0.832496,0.390447,GradientBoostedTreesQuickScorerExtended [virtual interface],0.6050,0.8710,2.5715,GradientBoostedTreesQuickScorerExtended [virtual interface]=0.6050;GradientBoostedTreesGeneric [virtual interface]=0.8710;Generic slow engine=2.5715
jasmine,Axis Aligned,6,9,100,45,0.1,2.0,2.0,1000,Exact,2387,597,144,0.550,0.835846,0.384164,GradientBoostedTreesQuickScorerExtended [virtual interface],0.8053,1.4983,4.8158,GradientBoostedTreesQuickScorerExtended [virtual interface]=0.8053;GradientBoostedTreesGeneric [virtual interface]=1.4983;Generic slow engine=4.8158
jasmine,Axis Aligned,7,9,100,39,0.1,2.0,2.0,1000,Exact,2387,597,144,0.878,0.835846,0.383395,GradientBoostedTreesQuickScorerExtended [virtual interface],1.1000,1.5223,5.2750,GradientBoostedTreesQuickScorerExtended [virtual interface]=1.1000;GradientBoostedTreesGeneric [virtual interface]=1.5223;Generic slow engine=5.2750
jasmine,Axis Aligned,8,9,100,47,0.1,2.0,2.0,1000,Exact,2387,597,144,1.617,0.825796,0.382591,GradientBoostedTreesGeneric [virtual interface],2.3213,2.3213,7.9543,GradientBoostedTreesGeneric [virtual interface]=2.3213;Generic slow engine=7.9543
jasmine,Axis Aligned,10,9,100,38,0.1,2.0,2.0,1000,Exact,2387,597,144,2.785,0.839196,0.385883,GradientBoostedTreesGeneric [virtual interface],2.3923,2.3923,8.7088,GradientBoostedTreesGeneric [virtual interface]=2.3923;Generic slow engine=8.7088
jasmine,Oblique,3,9,100,54,0.1,2.0,2.0,1000,Exact,2387,597,144,0.188,0.81742,0.400924,GradientBoostedTreesGeneric [virtual interface],0.7883,0.7883,1.9527,GradientBoostedTreesGeneric [virtual interface]=0.7883;Generic slow engine=1.9527
jasmine,Oblique,4,9,100,39,0.1,2.0,2.0,1000,Exact,2387,597,144,0.269,0.819095,0.398884,GradientBoostedTreesGeneric [virtual interface],0.8595,0.8595,2.4247,GradientBoostedTreesGeneric [virtual interface]=0.8595;Generic slow engine=2.4247
jasmine,Oblique,5,9,100,64,0.1,2.0,2.0,1000,Exact,2387,597,144,0.636,0.829146,0.392945,GradientBoostedTreesGeneric [virtual interface],2.3938,2.3938,6.2410,GradientBoostedTreesGeneric [virtual interface]=2.3938;Generic slow engine=6.2410
jasmine,Oblique,6,9,100,59,0.1,2.0,2.0,1000,Exact,2387,597,144,0.935,0.830821,0.387142,GradientBoostedTreesGeneric [virtual interface],3.0025,3.0025,7.6930,GradientBoostedTreesGeneric [virtual interface]=3.0025;Generic slow engine=7.6930
jasmine,Oblique,8,9,100,37,0.1,2.0,2.0,1000,Exact,2387,597,144,1.768,0.842546,0.386423,GradientBoostedTreesGeneric [virtual interface],2.7713,2.7713,7.6945,GradientBoostedTreesGeneric [virtual interface]=2.7713;Generic slow engine=7.6945
