Plan: 49 datasets × 5 seeds × (12) configs. exp=2.0 density=2.0 max_proj=1000
  fetching OpenML id=3 (kr-vs-kp) ...

=== Dataset kr-vs-kp (openml:3) shape=(3196, 37) regime=cc18-categorical ===
  [1/2940] kr-vs-kp_s0_AxisAligned_d3: acc=0.954687 train=0.1s best=0.234µs (0.2s, ETA 1.4h)
  [2/2940] kr-vs-kp_s0_AxisAligned_d4: acc=0.984375 train=0.1s best=0.420µs (0.3s, ETA 0.8h)
  [3/2940] kr-vs-kp_s0_AxisAligned_d5: acc=0.992188 train=0.2s best=0.596µs (0.4s, ETA 0.6h)
  [4/2940] kr-vs-kp_s0_AxisAligned_d6: acc=0.996875 train=0.3s best=0.831µs (0.5s, ETA 0.6h)
  [5/2940] kr-vs-kp_s0_AxisAligned_d7: acc=0.998438 train=0.4s best=1.098µs (0.6s, ETA 0.6h)
  [6/2940] kr-vs-kp_s0_AxisAligned_d8: acc=1.0 train=0.6s best=2.905µs (0.8s, ETA 0.6h)
  [7/2940] kr-vs-kp_s0_AxisAligned_d10: acc=0.995313 train=0.9s best=2.401µs (1.2s, ETA 0.6h)
  [8/2940] kr-vs-kp_s0_Oblique_d3: acc=0.9875 train=0.5s best=1.740µs (0.7s, ETA 0.6h)
  [9/2940] kr-vs-kp_s0_Oblique_d4: acc=0.99375 train=0.8s best=3.052µs (0.9s, ETA 0.6h)
  [10/2940] kr-vs-kp_s0_Oblique_d5: acc=0.998438 train=1.1s best=4.697µs (1.3s, ETA 0.7h)
  [11/2940] kr-vs-kp_s0_Oblique_d6: acc=0.996875 train=1.5s best=6.016µs (1.7s, ETA 0.7h)
  [12/2940] kr-vs-kp_s0_Oblique_d8: acc=0.996875 train=2.6s best=6.621µs (2.8s, ETA 0.9h)
  [13/2940] kr-vs-kp_s1_AxisAligned_d3: acc=0.970312 train=0.1s best=0.239µs (0.2s, ETA 0.8h)
  [14/2940] kr-vs-kp_s1_AxisAligned_d4: acc=0.9875 train=0.1s best=0.415µs (0.3s, ETA 0.8h)
  [15/2940] kr-vs-kp_s1_AxisAligned_d5: acc=0.99375 train=0.2s best=0.632µs (0.4s, ETA 0.7h)
  [16/2940] kr-vs-kp_s1_AxisAligned_d6: acc=0.995313 train=0.3s best=0.817µs (0.5s, ETA 0.7h)
  [17/2940] kr-vs-kp_s1_AxisAligned_d7: acc=0.996875 train=0.4s best=1.179µs (0.7s, ETA 0.7h)
  [18/2940] kr-vs-kp_s1_AxisAligned_d8: acc=0.998438 train=0.6s best=3.122µs (0.8s, ETA 0.7h)
  [19/2940] kr-vs-kp_s1_AxisAligned_d10: acc=1.0 train=1.0s best=4.008µs (1.3s, ETA 0.7h)
  [20/2940] kr-vs-kp_s1_Oblique_d3: acc=0.99375 train=0.5s best=1.821µs (0.7s, ETA 0.7h)
  [21/2940] kr-vs-kp_s1_Oblique_d4: acc=0.995313 train=0.8s best=2.953µs (0.9s, ETA 0.7h)
  [22/2940] kr-vs-kp_s1_Oblique_d5: acc=1.0 train=1.1s best=4.534µs (1.3s, ETA 0.7h)
  [23/2940] kr-vs-kp_s1_Oblique_d6: acc=1.0 train=1.5s best=6.511µs (1.7s, ETA 0.8h)
  [24/2940] kr-vs-kp_s1_Oblique_d8: acc=1.0 train=2.5s best=5.914µs (2.7s, ETA 0.8h)
  [25/2940] kr-vs-kp_s2_AxisAligned_d3: acc=0.957812 train=0.1s best=0.251µs (0.2s, ETA 0.8h)
  [26/2940] kr-vs-kp_s2_AxisAligned_d4: acc=0.979688 train=0.1s best=0.424µs (0.3s, ETA 0.8h)
  [27/2940] kr-vs-kp_s2_AxisAligned_d5: acc=0.989062 train=0.2s best=0.618µs (0.4s, ETA 0.8h)
  [28/2940] kr-vs-kp_s2_AxisAligned_d6: acc=0.992188 train=0.3s best=0.871µs (0.5s, ETA 0.7h)
  [29/2940] kr-vs-kp_s2_AxisAligned_d7: acc=0.996875 train=0.4s best=1.151µs (0.6s, ETA 0.7h)
  [30/2940] kr-vs-kp_s2_AxisAligned_d8: acc=1.0 train=0.6s best=3.072µs (0.8s, ETA 0.7h)
  [31/2940] kr-vs-kp_s2_AxisAligned_d10: acc=1.0 train=1.1s best=3.870µs (1.4s, ETA 0.7h)
  [32/2940] kr-vs-kp_s2_Oblique_d3: acc=0.989062 train=0.5s best=1.777µs (0.6s, ETA 0.7h)
  [33/2940] kr-vs-kp_s2_Oblique_d4: acc=0.995313 train=0.7s best=2.986µs (0.9s, ETA 0.7h)
  [34/2940] kr-vs-kp_s2_Oblique_d5: acc=0.998438 train=1.1s best=4.426µs (1.3s, ETA 0.7h)
  [35/2940] kr-vs-kp_s2_Oblique_d6: acc=0.995313 train=1.5s best=6.268µs (1.7s, ETA 0.8h)
  [36/2940] kr-vs-kp_s2_Oblique_d8: acc=0.998438 train=2.5s best=9.561µs (2.8s, ETA 0.8h)
  [37/2940] kr-vs-kp_s3_AxisAligned_d3: acc=0.960938 train=0.1s best=0.249µs (0.2s, ETA 0.8h)
  [38/2940] kr-vs-kp_s3_AxisAligned_d4: acc=0.9875 train=0.1s best=0.431µs (0.3s, ETA 0.8h)
  [39/2940] kr-vs-kp_s3_AxisAligned_d5: acc=0.996875 train=0.2s best=0.603µs (0.4s, ETA 0.8h)
  [40/2940] kr-vs-kp_s3_AxisAligned_d6: acc=0.996875 train=0.3s best=0.805µs (0.5s, ETA 0.7h)
  [41/2940] kr-vs-kp_s3_AxisAligned_d7: acc=0.998438 train=0.4s best=1.032µs (0.6s, ETA 0.7h)
  [42/2940] kr-vs-kp_s3_AxisAligned_d8: acc=0.995313 train=0.5s best=1.712µs (0.7s, ETA 0.7h)
  [43/2940] kr-vs-kp_s3_AxisAligned_d10: acc=0.996875 train=0.7s best=0.811µs (0.9s, ETA 0.7h)
  [44/2940] kr-vs-kp_s3_Oblique_d3: acc=0.996875 train=0.5s best=1.833µs (0.6s, ETA 0.7h)
  [45/2940] kr-vs-kp_s3_Oblique_d4: acc=0.996875 train=0.8s best=3.012µs (0.9s, ETA 0.7h)
  [46/2940] kr-vs-kp_s3_Oblique_d5: acc=0.996875 train=1.1s best=4.509µs (1.3s, ETA 0.7h)
  [47/2940] kr-vs-kp_s3_Oblique_d6: acc=0.998438 train=1.5s best=4.601µs (1.7s, ETA 0.7h)
  [48/2940] kr-vs-kp_s3_Oblique_d8: acc=0.998438 train=2.0s best=3.841µs (2.2s, ETA 0.8h)
  [49/2940] kr-vs-kp_s4_AxisAligned_d3: acc=0.95625 train=0.1s best=0.247µs (0.2s, ETA 0.8h)
  [50/2940] kr-vs-kp_s4_AxisAligned_d4: acc=0.976562 train=0.1s best=0.428µs (0.3s, ETA 0.7h)
  [51/2940] kr-vs-kp_s4_AxisAligned_d5: acc=0.9875 train=0.2s best=0.630µs (0.4s, ETA 0.7h)
  [52/2940] kr-vs-kp_s4_AxisAligned_d6: acc=0.99375 train=0.3s best=0.809µs (0.5s, ETA 0.7h)
  [53/2940] kr-vs-kp_s4_AxisAligned_d7: acc=0.99375 train=0.4s best=1.118µs (0.6s, ETA 0.7h)
  [54/2940] kr-vs-kp_s4_AxisAligned_d8: acc=0.99375 train=0.5s best=2.916µs (0.8s, ETA 0.7h)
  [55/2940] kr-vs-kp_s4_AxisAligned_d10: acc=0.995313 train=0.9s best=3.414µs (1.2s, ETA 0.7h)
  [56/2940] kr-vs-kp_s4_Oblique_d3: acc=0.982813 train=0.5s best=1.848µs (0.6s, ETA 0.7h)
  [57/2940] kr-vs-kp_s4_Oblique_d4: acc=0.990625 train=0.7s best=2.993µs (0.9s, ETA 0.7h)
  [58/2940] kr-vs-kp_s4_Oblique_d5: acc=0.992188 train=1.1s best=4.604µs (1.2s, ETA 0.7h)
  [59/2940] kr-vs-kp_s4_Oblique_d6: acc=0.99375 train=1.4s best=5.862µs (1.7s, ETA 0.7h)
  [60/2940] kr-vs-kp_s4_Oblique_d8: acc=0.995313 train=2.5s best=10.184µs (2.8s, ETA 0.8h)
  fetching OpenML id=38 (sick) ...

=== Dataset sick (openml:38) shape=(3772, 30) regime=cc18-mixed ===
  [61/2940] sick_s0_AxisAligned_d3: acc=0.988079 train=0.1s best=0.104µs (0.2s, ETA 0.8h)
  [62/2940] sick_s0_AxisAligned_d4: acc=0.990728 train=0.1s best=0.311µs (0.3s, ETA 0.8h)
  [63/2940] sick_s0_AxisAligned_d5: acc=0.992053 train=0.1s best=0.170µs (0.2s, ETA 0.8h)
  [64/2940] sick_s0_AxisAligned_d6: acc=0.990728 train=0.2s best=0.186µs (0.3s, ETA 0.7h)
  [65/2940] sick_s0_AxisAligned_d7: acc=0.989404 train=0.2s best=0.134µs (0.3s, ETA 0.7h)
  [66/2940] sick_s0_AxisAligned_d8: acc=0.992053 train=0.3s best=0.145µs (0.4s, ETA 0.7h)
  [67/2940] sick_s0_AxisAligned_d10: acc=0.992053 train=0.5s best=0.316µs (0.6s, ETA 0.7h)
  [68/2940] sick_s0_Oblique_d3: acc=0.98543 train=0.6s best=1.185µs (0.7s, ETA 0.7h)
  [69/2940] sick_s0_Oblique_d4: acc=0.986755 train=0.9s best=1.476µs (1.0s, ETA 0.7h)
  [70/2940] sick_s0_Oblique_d5: acc=0.992053 train=1.1s best=1.480µs (1.2s, ETA 0.7h)
  [71/2940] sick_s0_Oblique_d6: acc=0.992053 train=1.3s best=1.589µs (1.4s, ETA 0.7h)
  [72/2940] sick_s0_Oblique_d8: acc=0.989404 train=1.7s best=1.874µs (1.9s, ETA 0.7h)
  [73/2940] sick_s1_AxisAligned_d3: acc=0.982781 train=0.1s best=0.113µs (0.2s, ETA 0.7h)
  [74/2940] sick_s1_AxisAligned_d4: acc=0.982781 train=0.1s best=0.311µs (0.3s, ETA 0.7h)
  [75/2940] sick_s1_AxisAligned_d5: acc=0.986755 train=0.2s best=0.446µs (0.3s, ETA 0.7h)
  [76/2940] sick_s1_AxisAligned_d6: acc=0.986755 train=0.3s best=0.882µs (0.5s, ETA 0.7h)
  [77/2940] sick_s1_AxisAligned_d7: acc=0.989404 train=0.4s best=0.755µs (0.6s, ETA 0.7h)
  [78/2940] sick_s1_AxisAligned_d8: acc=0.988079 train=0.6s best=0.965µs (0.7s, ETA 0.7h)
  [79/2940] sick_s1_AxisAligned_d10: acc=0.989404 train=0.8s best=2.178µs (1.0s, ETA 0.7h)
  [80/2940] sick_s1_Oblique_d3: acc=0.98543 train=0.6s best=1.224µs (0.7s, ETA 0.7h)
  [81/2940] sick_s1_Oblique_d4: acc=0.988079 train=0.9s best=1.859µs (1.1s, ETA 0.7h)
  [82/2940] sick_s1_Oblique_d5: acc=0.988079 train=1.3s best=3.107µs (1.4s, ETA 0.7h)
  [83/2940] sick_s1_Oblique_d6: acc=0.989404 train=1.7s best=3.893µs (1.8s, ETA 0.7h)
  [84/2940] sick_s1_Oblique_d8: acc=0.990728 train=2.6s best=6.915µs (2.9s, ETA 0.7h)
  [85/2940] sick_s2_AxisAligned_d3: acc=0.980132 train=0.1s best=0.174µs (0.2s, ETA 0.7h)
  [86/2940] sick_s2_AxisAligned_d4: acc=0.989404 train=0.1s best=0.338µs (0.3s, ETA 0.7h)
  [87/2940] sick_s2_AxisAligned_d5: acc=0.988079 train=0.2s best=0.327µs (0.3s, ETA 0.7h)
  [88/2940] sick_s2_AxisAligned_d6: acc=0.992053 train=0.2s best=0.375µs (0.3s, ETA 0.7h)
  [89/2940] sick_s2_AxisAligned_d7: acc=0.993378 train=0.3s best=0.343µs (0.4s, ETA 0.7h)
  [90/2940] sick_s2_AxisAligned_d8: acc=0.992053 train=0.3s best=0.345µs (0.5s, ETA 0.7h)
  [91/2940] sick_s2_AxisAligned_d10: acc=0.988079 train=0.5s best=0.483µs (0.6s, ETA 0.7h)
  [92/2940] sick_s2_Oblique_d3: acc=0.977483 train=0.6s best=1.407µs (0.7s, ETA 0.7h)
  [93/2940] sick_s2_Oblique_d4: acc=0.984106 train=0.9s best=2.086µs (1.0s, ETA 0.7h)
  [94/2940] sick_s2_Oblique_d5: acc=0.989404 train=1.2s best=2.236µs (1.3s, ETA 0.7h)
  [95/2940] sick_s2_Oblique_d6: acc=0.986755 train=1.6s best=2.335µs (1.7s, ETA 0.7h)
  [96/2940] sick_s2_Oblique_d8: acc=0.988079 train=2.0s best=2.969µs (2.2s, ETA 0.7h)
  [97/2940] sick_s3_AxisAligned_d3: acc=0.990728 train=0.1s best=0.189µs (0.2s, ETA 0.7h)
  [98/2940] sick_s3_AxisAligned_d4: acc=0.986755 train=0.1s best=0.144µs (0.2s, ETA 0.7h)
  [99/2940] sick_s3_AxisAligned_d5: acc=0.993378 train=0.1s best=0.310µs (0.3s, ETA 0.7h)
  [100/2940] sick_s3_AxisAligned_d6: acc=0.994702 train=0.2s best=0.482µs (0.4s, ETA 0.7h)
  [101/2940] sick_s3_AxisAligned_d7: acc=0.994702 train=0.3s best=0.570µs (0.5s, ETA 0.7h)
  [102/2940] sick_s3_AxisAligned_d8: acc=0.993378 train=0.5s best=0.891µs (0.7s, ETA 0.7h)
  [103/2940] sick_s3_AxisAligned_d10: acc=0.990728 train=0.7s best=0.846µs (0.8s, ETA 0.7h)
  [104/2940] sick_s3_Oblique_d3: acc=0.978808 train=0.6s best=1.383µs (0.7s, ETA 0.7h)
  [105/2940] sick_s3_Oblique_d4: acc=0.988079 train=0.8s best=2.195µs (1.0s, ETA 0.7h)
  [106/2940] sick_s3_Oblique_d5: acc=0.993378 train=1.2s best=3.286µs (1.4s, ETA 0.7h)
  [107/2940] sick_s3_Oblique_d6: acc=0.992053 train=1.6s best=3.098µs (1.8s, ETA 0.7h)
  [108/2940] sick_s3_Oblique_d8: acc=0.992053 train=1.8s best=2.338µs (2.0s, ETA 0.7h)
  [109/2940] sick_s4_AxisAligned_d3: acc=0.977483 train=0.1s best=0.192µs (0.2s, ETA 0.7h)
  [110/2940] sick_s4_AxisAligned_d4: acc=0.978808 train=0.1s best=0.325µs (0.3s, ETA 0.7h)
  [111/2940] sick_s4_AxisAligned_d5: acc=0.981457 train=0.2s best=0.378µs (0.3s, ETA 0.7h)
  [112/2940] sick_s4_AxisAligned_d6: acc=0.980132 train=0.2s best=0.416µs (0.3s, ETA 0.7h)
  [113/2940] sick_s4_AxisAligned_d7: acc=0.984106 train=0.3s best=0.622µs (0.5s, ETA 0.7h)
  [114/2940] sick_s4_AxisAligned_d8: acc=0.98543 train=0.4s best=0.559µs (0.6s, ETA 0.7h)
  [115/2940] sick_s4_AxisAligned_d10: acc=0.982781 train=0.8s best=2.026µs (1.1s, ETA 0.7h)
  [116/2940] sick_s4_Oblique_d3: acc=0.97351 train=0.5s best=1.223µs (0.7s, ETA 0.7h)
  [117/2940] sick_s4_Oblique_d4: acc=0.978808 train=0.8s best=2.278µs (1.0s, ETA 0.7h)
  [118/2940] sick_s4_Oblique_d5: acc=0.97351 train=1.1s best=1.873µs (1.2s, ETA 0.7h)
  [119/2940] sick_s4_Oblique_d6: acc=0.976159 train=1.0s best=1.106µs (1.1s, ETA 0.7h)
  [120/2940] sick_s4_Oblique_d8: acc=0.974834 train=1.5s best=1.394µs (1.6s, ETA 0.7h)
  fetching OpenML id=333 (monks-problems-1) ...

=== Dataset monks-problems-1 (openml:333) shape=(556, 7) regime=interaction ===
  [121/2940] monks-problems-1_s0_AxisAligned_d3: acc=1.0 train=0.0s best=0.179µs (0.1s, ETA 0.7h)
  [122/2940] monks-problems-1_s0_AxisAligned_d4: acc=1.0 train=0.0s best=0.250µs (0.1s, ETA 0.7h)
  [123/2940] monks-problems-1_s0_AxisAligned_d5: acc=1.0 train=0.1s best=0.321µs (0.1s, ETA 0.7h)
  [124/2940] monks-problems-1_s0_AxisAligned_d6: acc=1.0 train=0.1s best=0.378µs (0.1s, ETA 0.7h)
  [125/2940] monks-problems-1_s0_AxisAligned_d7: acc=1.0 train=0.1s best=0.455µs (0.1s, ETA 0.7h)
  [126/2940] monks-problems-1_s0_AxisAligned_d8: acc=1.0 train=0.1s best=0.446µs (0.2s, ETA 0.7h)
  [127/2940] monks-problems-1_s0_AxisAligned_d10: acc=1.0 train=0.2s best=0.462µs (0.2s, ETA 0.7h)
  [128/2940] monks-problems-1_s0_Oblique_d3: acc=1.0 train=0.0s best=1.656µs (0.1s, ETA 0.7h)
  [129/2940] monks-problems-1_s0_Oblique_d4: acc=1.0 train=0.1s best=3.221µs (0.1s, ETA 0.7h)
  [130/2940] monks-problems-1_s0_Oblique_d5: acc=1.0 train=0.1s best=5.277µs (0.1s, ETA 0.7h)
  [131/2940] monks-problems-1_s0_Oblique_d6: acc=1.0 train=0.1s best=7.277µs (0.2s, ETA 0.7h)
  [132/2940] monks-problems-1_s0_Oblique_d8: acc=1.0 train=0.2s best=9.289µs (0.3s, ETA 0.6h)
  [133/2940] monks-problems-1_s1_AxisAligned_d3: acc=0.803571 train=0.0s best=0.255µs (0.1s, ETA 0.6h)
  [134/2940] monks-problems-1_s1_AxisAligned_d4: acc=1.0 train=0.0s best=0.262µs (0.1s, ETA 0.6h)
  [135/2940] monks-problems-1_s1_AxisAligned_d5: acc=1.0 train=0.1s best=0.349µs (0.1s, ETA 0.6h)
  [136/2940] monks-problems-1_s1_AxisAligned_d6: acc=1.0 train=0.1s best=0.399µs (0.1s, ETA 0.6h)
  [137/2940] monks-problems-1_s1_AxisAligned_d7: acc=1.0 train=0.1s best=0.401µs (0.1s, ETA 0.6h)
  [138/2940] monks-problems-1_s1_AxisAligned_d8: acc=1.0 train=0.1s best=0.407µs (0.1s, ETA 0.6h)
  [139/2940] monks-problems-1_s1_AxisAligned_d10: acc=1.0 train=0.1s best=0.456µs (0.2s, ETA 0.6h)
  [140/2940] monks-problems-1_s1_Oblique_d3: acc=1.0 train=0.0s best=1.635µs (0.1s, ETA 0.6h)
  [141/2940] monks-problems-1_s1_Oblique_d4: acc=1.0 train=0.1s best=3.210µs (0.1s, ETA 0.6h)
  [142/2940] monks-problems-1_s1_Oblique_d5: acc=1.0 train=0.1s best=4.839µs (0.1s, ETA 0.6h)
  [143/2940] monks-problems-1_s1_Oblique_d6: acc=1.0 train=0.1s best=6.909µs (0.2s, ETA 0.6h)
  [144/2940] monks-problems-1_s1_Oblique_d8: acc=1.0 train=0.2s best=8.263µs (0.3s, ETA 0.6h)
  [145/2940] monks-problems-1_s2_AxisAligned_d3: acc=0.866071 train=0.0s best=0.182µs (0.1s, ETA 0.6h)
  [146/2940] monks-problems-1_s2_AxisAligned_d4: acc=1.0 train=0.0s best=0.260µs (0.1s, ETA 0.6h)
  [147/2940] monks-problems-1_s2_AxisAligned_d5: acc=1.0 train=0.1s best=0.333µs (0.1s, ETA 0.6h)
  [148/2940] monks-problems-1_s2_AxisAligned_d6: acc=1.0 train=0.1s best=0.394µs (0.1s, ETA 0.6h)
  [149/2940] monks-problems-1_s2_AxisAligned_d7: acc=1.0 train=0.1s best=0.403µs (0.1s, ETA 0.6h)
  [150/2940] monks-problems-1_s2_AxisAligned_d8: acc=1.0 train=0.1s best=0.447µs (0.2s, ETA 0.6h)
  [151/2940] monks-problems-1_s2_AxisAligned_d10: acc=1.0 train=0.1s best=0.464µs (0.2s, ETA 0.6h)
  [152/2940] monks-problems-1_s2_Oblique_d3: acc=1.0 train=0.0s best=1.696µs (0.1s, ETA 0.6h)
  [153/2940] monks-problems-1_s2_Oblique_d4: acc=1.0 train=0.1s best=3.210µs (0.1s, ETA 0.6h)
  [154/2940] monks-problems-1_s2_Oblique_d5: acc=1.0 train=0.1s best=4.952µs (0.1s, ETA 0.6h)
  [155/2940] monks-problems-1_s2_Oblique_d6: acc=1.0 train=0.1s best=7.023µs (0.2s, ETA 0.6h)
  [156/2940] monks-problems-1_s2_Oblique_d8: acc=1.0 train=0.2s best=7.708µs (0.3s, ETA 0.6h)
  [157/2940] monks-problems-1_s3_AxisAligned_d3: acc=1.0 train=0.0s best=0.183µs (0.1s, ETA 0.6h)
  [158/2940] monks-problems-1_s3_AxisAligned_d4: acc=1.0 train=0.0s best=0.237µs (0.1s, ETA 0.6h)
  [159/2940] monks-problems-1_s3_AxisAligned_d5: acc=1.0 train=0.1s best=0.312µs (0.1s, ETA 0.5h)
  [160/2940] monks-problems-1_s3_AxisAligned_d6: acc=1.0 train=0.1s best=0.389µs (0.1s, ETA 0.5h)
  [161/2940] monks-problems-1_s3_AxisAligned_d7: acc=1.0 train=0.1s best=0.421µs (0.1s, ETA 0.5h)
  [162/2940] monks-problems-1_s3_AxisAligned_d8: acc=1.0 train=0.1s best=0.389µs (0.2s, ETA 0.5h)
  [163/2940] monks-problems-1_s3_AxisAligned_d10: acc=1.0 train=0.1s best=0.396µs (0.2s, ETA 0.5h)
  [164/2940] monks-problems-1_s3_Oblique_d3: acc=1.0 train=0.0s best=1.788µs (0.1s, ETA 0.5h)
  [165/2940] monks-problems-1_s3_Oblique_d4: acc=1.0 train=0.1s best=3.363µs (0.1s, ETA 0.5h)
  [166/2940] monks-problems-1_s3_Oblique_d5: acc=1.0 train=0.1s best=5.423µs (0.1s, ETA 0.5h)
  [167/2940] monks-problems-1_s3_Oblique_d6: acc=1.0 train=0.1s best=7.515µs (0.2s, ETA 0.5h)
  [168/2940] monks-problems-1_s3_Oblique_d8: acc=1.0 train=0.2s best=9.118µs (0.3s, ETA 0.5h)
  [169/2940] monks-problems-1_s4_AxisAligned_d3: acc=0.883929 train=0.0s best=0.176µs (0.1s, ETA 0.5h)
  [170/2940] monks-problems-1_s4_AxisAligned_d4: acc=1.0 train=0.0s best=0.247µs (0.1s, ETA 0.5h)
  [171/2940] monks-problems-1_s4_AxisAligned_d5: acc=1.0 train=0.1s best=0.342µs (0.1s, ETA 0.5h)
  [172/2940] monks-problems-1_s4_AxisAligned_d6: acc=1.0 train=0.1s best=0.296µs (0.1s, ETA 0.5h)
  [173/2940] monks-problems-1_s4_AxisAligned_d7: acc=1.0 train=0.1s best=0.341µs (0.1s, ETA 0.5h)
  [174/2940] monks-problems-1_s4_AxisAligned_d8: acc=1.0 train=0.1s best=0.325µs (0.1s, ETA 0.5h)
  [175/2940] monks-problems-1_s4_AxisAligned_d10: acc=1.0 train=0.1s best=0.324µs (0.1s, ETA 0.5h)
  [176/2940] monks-problems-1_s4_Oblique_d3: acc=1.0 train=0.0s best=1.762µs (0.1s, ETA 0.5h)
  [177/2940] monks-problems-1_s4_Oblique_d4: acc=1.0 train=0.1s best=3.285µs (0.1s, ETA 0.5h)
  [178/2940] monks-problems-1_s4_Oblique_d5: acc=1.0 train=0.1s best=5.288µs (0.1s, ETA 0.5h)
  [179/2940] monks-problems-1_s4_Oblique_d6: acc=1.0 train=0.1s best=7.231µs (0.2s, ETA 0.5h)
  [180/2940] monks-problems-1_s4_Oblique_d8: acc=1.0 train=0.2s best=9.866µs (0.3s, ETA 0.5h)
  fetching OpenML id=335 (monks-problems-3) ...

=== Dataset monks-problems-3 (openml:335) shape=(554, 7) regime=interaction ===
  [181/2940] monks-problems-3_s0_AxisAligned_d3: acc=0.972973 train=0.0s best=0.154µs (0.1s, ETA 0.5h)
  [182/2940] monks-problems-3_s0_AxisAligned_d4: acc=0.972973 train=0.0s best=0.246µs (0.1s, ETA 0.5h)
  [183/2940] monks-problems-3_s0_AxisAligned_d5: acc=0.972973 train=0.1s best=0.292µs (0.1s, ETA 0.5h)
  [184/2940] monks-problems-3_s0_AxisAligned_d6: acc=0.972973 train=0.1s best=0.289µs (0.1s, ETA 0.5h)
  [185/2940] monks-problems-3_s0_AxisAligned_d7: acc=0.972973 train=0.1s best=0.234µs (0.1s, ETA 0.5h)
  [186/2940] monks-problems-3_s0_AxisAligned_d8: acc=0.972973 train=0.1s best=0.465µs (0.2s, ETA 0.5h)
  [187/2940] monks-problems-3_s0_AxisAligned_d10: acc=0.972973 train=0.2s best=0.519µs (0.2s, ETA 0.5h)
  [188/2940] monks-problems-3_s0_Oblique_d3: acc=0.972973 train=0.0s best=1.698µs (0.1s, ETA 0.5h)
  [189/2940] monks-problems-3_s0_Oblique_d4: acc=0.972973 train=0.1s best=3.261µs (0.1s, ETA 0.5h)
  [190/2940] monks-problems-3_s0_Oblique_d5: acc=0.972973 train=0.1s best=5.148µs (0.1s, ETA 0.5h)
  [191/2940] monks-problems-3_s0_Oblique_d6: acc=0.972973 train=0.1s best=6.789µs (0.2s, ETA 0.5h)
  [192/2940] monks-problems-3_s0_Oblique_d8: acc=0.972973 train=0.2s best=9.933µs (0.3s, ETA 0.5h)
  [193/2940] monks-problems-3_s1_AxisAligned_d3: acc=0.990991 train=0.0s best=0.153µs (0.1s, ETA 0.5h)
  [194/2940] monks-problems-3_s1_AxisAligned_d4: acc=0.990991 train=0.0s best=0.119µs (0.1s, ETA 0.5h)
  [195/2940] monks-problems-3_s1_AxisAligned_d5: acc=0.990991 train=0.0s best=0.137µs (0.1s, ETA 0.5h)
  [196/2940] monks-problems-3_s1_AxisAligned_d6: acc=0.990991 train=0.1s best=0.157µs (0.1s, ETA 0.5h)
  [197/2940] monks-problems-3_s1_AxisAligned_d7: acc=0.990991 train=0.1s best=0.185µs (0.1s, ETA 0.5h)
  [198/2940] monks-problems-3_s1_AxisAligned_d8: acc=0.990991 train=0.1s best=0.189µs (0.1s, ETA 0.5h)
  [199/2940] monks-problems-3_s1_AxisAligned_d10: acc=0.990991 train=0.1s best=0.220µs (0.2s, ETA 0.5h)
  [200/2940] monks-problems-3_s1_Oblique_d3: acc=0.990991 train=0.0s best=0.777µs (0.1s, ETA 0.5h)
  [201/2940] monks-problems-3_s1_Oblique_d4: acc=0.990991 train=0.0s best=0.881µs (0.1s, ETA 0.5h)
  [202/2940] monks-problems-3_s1_Oblique_d5: acc=0.990991 train=0.1s best=0.950µs (0.1s, ETA 0.5h)
  [203/2940] monks-problems-3_s1_Oblique_d6: acc=0.990991 train=0.1s best=1.425µs (0.1s, ETA 0.4h)
  [204/2940] monks-problems-3_s1_Oblique_d8: acc=0.990991 train=0.1s best=2.623µs (0.2s, ETA 0.4h)
  [205/2940] monks-problems-3_s2_AxisAligned_d3: acc=0.963964 train=0.0s best=0.141µs (0.1s, ETA 0.4h)
  [206/2940] monks-problems-3_s2_AxisAligned_d4: acc=0.963964 train=0.0s best=0.241µs (0.1s, ETA 0.4h)
  [207/2940] monks-problems-3_s2_AxisAligned_d5: acc=0.954955 train=0.1s best=0.330µs (0.1s, ETA 0.4h)
  [208/2940] monks-problems-3_s2_AxisAligned_d6: acc=0.954955 train=0.1s best=0.359µs (0.1s, ETA 0.4h)
  [209/2940] monks-problems-3_s2_AxisAligned_d7: acc=0.954955 train=0.1s best=0.419µs (0.2s, ETA 0.4h)
  [210/2940] monks-problems-3_s2_AxisAligned_d8: acc=0.954955 train=0.1s best=0.442µs (0.2s, ETA 0.4h)
  [211/2940] monks-problems-3_s2_AxisAligned_d10: acc=0.954955 train=0.1s best=0.519µs (0.2s, ETA 0.4h)
  [212/2940] monks-problems-3_s2_Oblique_d3: acc=0.954955 train=0.0s best=1.490µs (0.1s, ETA 0.4h)
  [213/2940] monks-problems-3_s2_Oblique_d4: acc=0.954955 train=0.1s best=2.878µs (0.1s, ETA 0.4h)
  [214/2940] monks-problems-3_s2_Oblique_d5: acc=0.954955 train=0.1s best=4.584µs (0.1s, ETA 0.4h)
  [215/2940] monks-problems-3_s2_Oblique_d6: acc=0.954955 train=0.1s best=6.542µs (0.2s, ETA 0.4h)
  [216/2940] monks-problems-3_s2_Oblique_d8: acc=0.954955 train=0.2s best=8.858µs (0.3s, ETA 0.4h)
  [217/2940] monks-problems-3_s3_AxisAligned_d3: acc=0.981982 train=0.0s best=0.157µs (0.1s, ETA 0.4h)
  [218/2940] monks-problems-3_s3_AxisAligned_d4: acc=0.981982 train=0.0s best=0.246µs (0.1s, ETA 0.4h)
  [219/2940] monks-problems-3_s3_AxisAligned_d5: acc=0.972973 train=0.1s best=0.357µs (0.1s, ETA 0.4h)
  [220/2940] monks-problems-3_s3_AxisAligned_d6: acc=0.972973 train=0.1s best=0.272µs (0.1s, ETA 0.4h)
  [221/2940] monks-problems-3_s3_AxisAligned_d7: acc=0.972973 train=0.1s best=0.388µs (0.2s, ETA 0.4h)
  [222/2940] monks-problems-3_s3_AxisAligned_d8: acc=0.972973 train=0.2s best=0.359µs (0.2s, ETA 0.4h)
  [223/2940] monks-problems-3_s3_AxisAligned_d10: acc=0.972973 train=0.2s best=0.334µs (0.2s, ETA 0.4h)
  [224/2940] monks-problems-3_s3_Oblique_d3: acc=0.981982 train=0.0s best=1.088µs (0.1s, ETA 0.4h)
  [225/2940] monks-problems-3_s3_Oblique_d4: acc=0.972973 train=0.1s best=3.346µs (0.1s, ETA 0.4h)
  [226/2940] monks-problems-3_s3_Oblique_d5: acc=0.972973 train=0.1s best=1.593µs (0.1s, ETA 0.4h)
  [227/2940] monks-problems-3_s3_Oblique_d6: acc=0.972973 train=0.1s best=6.507µs (0.2s, ETA 0.4h)
  [228/2940] monks-problems-3_s3_Oblique_d8: acc=0.972973 train=0.2s best=7.626µs (0.3s, ETA 0.4h)
  [229/2940] monks-problems-3_s4_AxisAligned_d3: acc=1.0 train=0.0s best=0.188µs (0.1s, ETA 0.4h)
  [230/2940] monks-problems-3_s4_AxisAligned_d4: acc=1.0 train=0.0s best=0.159µs (0.1s, ETA 0.4h)
  [231/2940] monks-problems-3_s4_AxisAligned_d5: acc=1.0 train=0.0s best=0.146µs (0.1s, ETA 0.4h)
  [232/2940] monks-problems-3_s4_AxisAligned_d6: acc=1.0 train=0.1s best=0.189µs (0.1s, ETA 0.4h)
  [233/2940] monks-problems-3_s4_AxisAligned_d7: acc=1.0 train=0.1s best=0.193µs (0.1s, ETA 0.4h)
  [234/2940] monks-problems-3_s4_AxisAligned_d8: acc=1.0 train=0.1s best=0.246µs (0.2s, ETA 0.4h)
  [235/2940] monks-problems-3_s4_AxisAligned_d10: acc=0.990991 train=0.1s best=0.241µs (0.2s, ETA 0.4h)
  [236/2940] monks-problems-3_s4_Oblique_d3: acc=1.0 train=0.0s best=1.127µs (0.1s, ETA 0.4h)
  [237/2940] monks-problems-3_s4_Oblique_d4: acc=1.0 train=0.0s best=1.112µs (0.1s, ETA 0.4h)
  [238/2940] monks-problems-3_s4_Oblique_d5: acc=1.0 train=0.1s best=1.272µs (0.1s, ETA 0.4h)
  [239/2940] monks-problems-3_s4_Oblique_d6: acc=1.0 train=0.1s best=1.325µs (0.1s, ETA 0.4h)
  [240/2940] monks-problems-3_s4_Oblique_d8: acc=0.990991 train=0.1s best=3.115µs (0.2s, ETA 0.4h)
  fetching OpenML id=1462 (banknote-authentication) ...

=== Dataset banknote-authentication (openml:1462) shape=(1372, 5) regime=near-linear ===
  [241/2940] banknote-authentication_s0_AxisAligned_d3: acc=0.985455 train=0.0s best=0.188µs (0.1s, ETA 0.4h)
  [242/2940] banknote-authentication_s0_AxisAligned_d4: acc=0.989091 train=0.0s best=0.328µs (0.1s, ETA 0.4h)
  [243/2940] banknote-authentication_s0_AxisAligned_d5: acc=0.981818 train=0.1s best=0.547µs (0.1s, ETA 0.4h)
  [244/2940] banknote-authentication_s0_AxisAligned_d6: acc=0.981818 train=0.1s best=0.727µs (0.2s, ETA 0.4h)
  [245/2940] banknote-authentication_s0_AxisAligned_d7: acc=0.985455 train=0.1s best=0.388µs (0.2s, ETA 0.4h)
  [246/2940] banknote-authentication_s0_AxisAligned_d8: acc=0.985455 train=0.1s best=0.927µs (0.2s, ETA 0.4h)
  [247/2940] banknote-authentication_s0_AxisAligned_d10: acc=0.989091 train=0.1s best=0.271µs (0.2s, ETA 0.4h)
  [248/2940] banknote-authentication_s0_Oblique_d3: acc=1.0 train=0.1s best=1.601µs (0.1s, ETA 0.4h)
  [249/2940] banknote-authentication_s0_Oblique_d4: acc=1.0 train=0.1s best=1.669µs (0.1s, ETA 0.4h)
  [250/2940] banknote-authentication_s0_Oblique_d5: acc=1.0 train=0.1s best=1.849µs (0.2s, ETA 0.4h)
  [251/2940] banknote-authentication_s0_Oblique_d6: acc=1.0 train=0.1s best=2.169µs (0.2s, ETA 0.4h)
  [252/2940] banknote-authentication_s0_Oblique_d8: acc=1.0 train=0.2s best=3.354µs (0.3s, ETA 0.4h)
  [253/2940] banknote-authentication_s1_AxisAligned_d3: acc=1.0 train=0.0s best=0.190µs (0.1s, ETA 0.4h)
  [254/2940] banknote-authentication_s1_AxisAligned_d4: acc=0.989091 train=0.0s best=0.292µs (0.1s, ETA 0.4h)
  [255/2940] banknote-authentication_s1_AxisAligned_d5: acc=0.996364 train=0.1s best=0.493µs (0.1s, ETA 0.4h)
  [256/2940] banknote-authentication_s1_AxisAligned_d6: acc=0.978182 train=0.1s best=0.251µs (0.1s, ETA 0.4h)
  [257/2940] banknote-authentication_s1_AxisAligned_d7: acc=0.978182 train=0.1s best=0.284µs (0.2s, ETA 0.4h)
  [258/2940] banknote-authentication_s1_AxisAligned_d8: acc=0.974545 train=0.1s best=0.457µs (0.2s, ETA 0.4h)
  [259/2940] banknote-authentication_s1_AxisAligned_d10: acc=0.974545 train=0.2s best=0.624µs (0.2s, ETA 0.4h)
  [260/2940] banknote-authentication_s1_Oblique_d3: acc=1.0 train=0.1s best=1.510µs (0.1s, ETA 0.4h)
  [261/2940] banknote-authentication_s1_Oblique_d4: acc=1.0 train=0.1s best=2.509µs (0.1s, ETA 0.4h)
  [262/2940] banknote-authentication_s1_Oblique_d5: acc=0.996364 train=0.1s best=3.702µs (0.2s, ETA 0.4h)
  [263/2940] banknote-authentication_s1_Oblique_d6: acc=0.996364 train=0.1s best=5.157µs (0.2s, ETA 0.4h)
  [264/2940] banknote-authentication_s1_Oblique_d8: acc=1.0 train=0.2s best=7.943µs (0.3s, ETA 0.4h)
  [265/2940] banknote-authentication_s2_AxisAligned_d3: acc=0.974545 train=0.0s best=0.185µs (0.1s, ETA 0.4h)
  [266/2940] banknote-authentication_s2_AxisAligned_d4: acc=0.974545 train=0.0s best=0.314µs (0.1s, ETA 0.4h)
  [267/2940] banknote-authentication_s2_AxisAligned_d5: acc=0.978182 train=0.1s best=0.374µs (0.1s, ETA 0.4h)
  [268/2940] banknote-authentication_s2_AxisAligned_d6: acc=0.970909 train=0.1s best=0.181µs (0.1s, ETA 0.4h)
  [269/2940] banknote-authentication_s2_AxisAligned_d7: acc=0.985455 train=0.1s best=0.706µs (0.2s, ETA 0.4h)
  [270/2940] banknote-authentication_s2_AxisAligned_d8: acc=0.992727 train=0.2s best=0.889µs (0.3s, ETA 0.4h)
  [271/2940] banknote-authentication_s2_AxisAligned_d10: acc=0.989091 train=0.3s best=2.433µs (0.4s, ETA 0.4h)
  [272/2940] banknote-authentication_s2_Oblique_d3: acc=1.0 train=0.1s best=1.464µs (0.1s, ETA 0.4h)
  [273/2940] banknote-authentication_s2_Oblique_d4: acc=1.0 train=0.1s best=2.567µs (0.1s, ETA 0.4h)
  [274/2940] banknote-authentication_s2_Oblique_d5: acc=1.0 train=0.1s best=1.792µs (0.2s, ETA 0.4h)
  [275/2940] banknote-authentication_s2_Oblique_d6: acc=1.0 train=0.1s best=3.546µs (0.2s, ETA 0.4h)
  [276/2940] banknote-authentication_s2_Oblique_d8: acc=1.0 train=0.2s best=4.220µs (0.3s, ETA 0.4h)
  [277/2940] banknote-authentication_s3_AxisAligned_d3: acc=0.992727 train=0.0s best=0.185µs (0.1s, ETA 0.4h)
  [278/2940] banknote-authentication_s3_AxisAligned_d4: acc=0.996364 train=0.0s best=0.272µs (0.1s, ETA 0.4h)
  [279/2940] banknote-authentication_s3_AxisAligned_d5: acc=0.981818 train=0.0s best=0.224µs (0.1s, ETA 0.4h)
  [280/2940] banknote-authentication_s3_AxisAligned_d6: acc=0.989091 train=0.1s best=0.232µs (0.1s, ETA 0.4h)
  [281/2940] banknote-authentication_s3_AxisAligned_d7: acc=0.974545 train=0.1s best=0.345µs (0.2s, ETA 0.4h)
  [282/2940] banknote-authentication_s3_AxisAligned_d8: acc=0.974545 train=0.1s best=0.228µs (0.2s, ETA 0.3h)
  [283/2940] banknote-authentication_s3_AxisAligned_d10: acc=0.974545 train=0.2s best=0.519µs (0.2s, ETA 0.3h)
  [284/2940] banknote-authentication_s3_Oblique_d3: acc=1.0 train=0.1s best=1.468µs (0.1s, ETA 0.3h)
  [285/2940] banknote-authentication_s3_Oblique_d4: acc=1.0 train=0.1s best=2.579µs (0.1s, ETA 0.3h)
  [286/2940] banknote-authentication_s3_Oblique_d5: acc=0.996364 train=0.1s best=3.451µs (0.2s, ETA 0.3h)
  [287/2940] banknote-authentication_s3_Oblique_d6: acc=1.0 train=0.1s best=4.715µs (0.2s, ETA 0.3h)
  [288/2940] banknote-authentication_s3_Oblique_d8: acc=1.0 train=0.2s best=8.188µs (0.3s, ETA 0.3h)
  [289/2940] banknote-authentication_s4_AxisAligned_d3: acc=0.985455 train=0.0s best=0.176µs (0.1s, ETA 0.3h)
  [290/2940] banknote-authentication_s4_AxisAligned_d4: acc=0.985455 train=0.0s best=0.237µs (0.1s, ETA 0.3h)
  [291/2940] banknote-authentication_s4_AxisAligned_d5: acc=0.992727 train=0.0s best=0.167µs (0.1s, ETA 0.3h)
  [292/2940] banknote-authentication_s4_AxisAligned_d6: acc=0.989091 train=0.1s best=0.160µs (0.1s, ETA 0.3h)
  [293/2940] banknote-authentication_s4_AxisAligned_d7: acc=0.989091 train=0.1s best=0.238µs (0.2s, ETA 0.3h)
  [294/2940] banknote-authentication_s4_AxisAligned_d8: acc=0.989091 train=0.1s best=0.326µs (0.2s, ETA 0.3h)
  [295/2940] banknote-authentication_s4_AxisAligned_d10: acc=0.989091 train=0.2s best=0.564µs (0.3s, ETA 0.3h)
  [296/2940] banknote-authentication_s4_Oblique_d3: acc=1.0 train=0.1s best=1.483µs (0.1s, ETA 0.3h)
  [297/2940] banknote-authentication_s4_Oblique_d4: acc=1.0 train=0.1s best=2.380µs (0.1s, ETA 0.3h)
  [298/2940] banknote-authentication_s4_Oblique_d5: acc=1.0 train=0.1s best=3.744µs (0.2s, ETA 0.3h)
  [299/2940] banknote-authentication_s4_Oblique_d6: acc=1.0 train=0.1s best=5.165µs (0.2s, ETA 0.3h)
  [300/2940] banknote-authentication_s4_Oblique_d8: acc=1.0 train=0.2s best=7.580µs (0.3s, ETA 0.3h)
  fetching OpenML id=1067 (kc1) ...

=== Dataset kc1 (openml:1067) shape=(2109, 22) regime=correlated ===
  [301/2940] kc1_s0_AxisAligned_d3: acc=0.834123 train=0.0s best=0.068µs (0.1s, ETA 0.3h)
  [302/2940] kc1_s0_AxisAligned_d4: acc=0.838863 train=0.0s best=0.114µs (0.1s, ETA 0.3h)
  [303/2940] kc1_s0_AxisAligned_d5: acc=0.827014 train=0.1s best=0.080µs (0.1s, ETA 0.3h)
  [304/2940] kc1_s0_AxisAligned_d6: acc=0.831754 train=0.1s best=0.279µs (0.2s, ETA 0.3h)
  [305/2940] kc1_s0_AxisAligned_d7: acc=0.845972 train=0.2s best=0.465µs (0.3s, ETA 0.3h)
  [306/2940] kc1_s0_AxisAligned_d8: acc=0.838863 train=0.2s best=0.401µs (0.3s, ETA 0.3h)
  [307/2940] kc1_s0_AxisAligned_d10: acc=0.831754 train=0.3s best=0.527µs (0.4s, ETA 0.3h)
  [308/2940] kc1_s0_Oblique_d3: acc=0.836493 train=0.3s best=1.309µs (0.3s, ETA 0.3h)
  [309/2940] kc1_s0_Oblique_d4: acc=0.834123 train=0.3s best=1.121µs (0.4s, ETA 0.3h)
  [310/2940] kc1_s0_Oblique_d5: acc=0.845972 train=0.5s best=1.510µs (0.5s, ETA 0.3h)
  [311/2940] kc1_s0_Oblique_d6: acc=0.850711 train=0.6s best=1.924µs (0.7s, ETA 0.3h)
  [312/2940] kc1_s0_Oblique_d8: acc=0.848341 train=0.7s best=2.014µs (0.8s, ETA 0.3h)
  [313/2940] kc1_s1_AxisAligned_d3: acc=0.862559 train=0.0s best=0.085µs (0.1s, ETA 0.3h)
  [314/2940] kc1_s1_AxisAligned_d4: acc=0.867299 train=0.1s best=0.205µs (0.2s, ETA 0.3h)
  [315/2940] kc1_s1_AxisAligned_d5: acc=0.869668 train=0.1s best=0.152µs (0.1s, ETA 0.3h)
  [316/2940] kc1_s1_AxisAligned_d6: acc=0.879147 train=0.1s best=0.283µs (0.2s, ETA 0.3h)
  [317/2940] kc1_s1_AxisAligned_d7: acc=0.867299 train=0.1s best=0.313µs (0.2s, ETA 0.3h)
  [318/2940] kc1_s1_AxisAligned_d8: acc=0.869668 train=0.2s best=0.491µs (0.3s, ETA 0.3h)
  [319/2940] kc1_s1_AxisAligned_d10: acc=0.864929 train=0.3s best=0.641µs (0.4s, ETA 0.3h)
  [320/2940] kc1_s1_Oblique_d3: acc=0.85782 train=0.3s best=1.428µs (0.4s, ETA 0.3h)
  [321/2940] kc1_s1_Oblique_d4: acc=0.872038 train=0.3s best=0.883µs (0.4s, ETA 0.3h)
  [322/2940] kc1_s1_Oblique_d5: acc=0.862559 train=0.5s best=1.772µs (0.6s, ETA 0.3h)
  [323/2940] kc1_s1_Oblique_d6: acc=0.874408 train=0.7s best=2.193µs (0.7s, ETA 0.3h)
  [324/2940] kc1_s1_Oblique_d8: acc=0.874408 train=0.7s best=1.633µs (0.8s, ETA 0.3h)
  [325/2940] kc1_s2_AxisAligned_d3: acc=0.86019 train=0.0s best=0.103µs (0.1s, ETA 0.3h)
  [326/2940] kc1_s2_AxisAligned_d4: acc=0.853081 train=0.0s best=0.105µs (0.1s, ETA 0.3h)
  [327/2940] kc1_s2_AxisAligned_d5: acc=0.845972 train=0.1s best=0.159µs (0.1s, ETA 0.3h)
  [328/2940] kc1_s2_AxisAligned_d6: acc=0.841232 train=0.1s best=0.329µs (0.2s, ETA 0.3h)
  [329/2940] kc1_s2_AxisAligned_d7: acc=0.850711 train=0.1s best=0.213µs (0.2s, ETA 0.3h)
  [330/2940] kc1_s2_AxisAligned_d8: acc=0.829384 train=0.2s best=0.325µs (0.2s, ETA 0.3h)
  [331/2940] kc1_s2_AxisAligned_d10: acc=0.843602 train=0.2s best=0.472µs (0.3s, ETA 0.3h)
  [332/2940] kc1_s2_Oblique_d3: acc=0.850711 train=0.3s best=1.335µs (0.3s, ETA 0.3h)
  [333/2940] kc1_s2_Oblique_d4: acc=0.85545 train=0.3s best=1.071µs (0.4s, ETA 0.3h)
  [334/2940] kc1_s2_Oblique_d5: acc=0.853081 train=0.6s best=2.721µs (0.7s, ETA 0.3h)
  [335/2940] kc1_s2_Oblique_d6: acc=0.850711 train=0.4s best=0.630µs (0.4s, ETA 0.3h)
  [336/2940] kc1_s2_Oblique_d8: acc=0.85545 train=0.6s best=1.213µs (0.7s, ETA 0.3h)
  [337/2940] kc1_s3_AxisAligned_d3: acc=0.853081 train=0.1s best=0.115µs (0.1s, ETA 0.3h)
  [338/2940] kc1_s3_AxisAligned_d4: acc=0.848341 train=0.1s best=0.160µs (0.2s, ETA 0.3h)
  [339/2940] kc1_s3_AxisAligned_d5: acc=0.86019 train=0.1s best=0.279µs (0.2s, ETA 0.3h)
  [340/2940] kc1_s3_AxisAligned_d6: acc=0.86019 train=0.1s best=0.272µs (0.2s, ETA 0.3h)
  [341/2940] kc1_s3_AxisAligned_d7: acc=0.86019 train=0.2s best=0.408µs (0.3s, ETA 0.3h)
  [342/2940] kc1_s3_AxisAligned_d8: acc=0.850711 train=0.2s best=0.474µs (0.4s, ETA 0.3h)
  [343/2940] kc1_s3_AxisAligned_d10: acc=0.853081 train=0.3s best=0.783µs (0.4s, ETA 0.3h)
  [344/2940] kc1_s3_Oblique_d3: acc=0.867299 train=0.3s best=1.205µs (0.3s, ETA 0.3h)
  [345/2940] kc1_s3_Oblique_d4: acc=0.86019 train=0.4s best=1.981µs (0.5s, ETA 0.3h)
  [346/2940] kc1_s3_Oblique_d5: acc=0.862559 train=0.5s best=1.509µs (0.5s, ETA 0.3h)
  [347/2940] kc1_s3_Oblique_d6: acc=0.86019 train=0.5s best=1.361µs (0.6s, ETA 0.3h)
  [348/2940] kc1_s3_Oblique_d8: acc=0.869668 train=0.7s best=1.660µs (0.8s, ETA 0.3h)
  [349/2940] kc1_s4_AxisAligned_d3: acc=0.850711 train=0.0s best=0.075µs (0.1s, ETA 0.3h)
  [350/2940] kc1_s4_AxisAligned_d4: acc=0.85545 train=0.1s best=0.214µs (0.2s, ETA 0.3h)
  [351/2940] kc1_s4_AxisAligned_d5: acc=0.848341 train=0.1s best=0.333µs (0.2s, ETA 0.3h)
  [352/2940] kc1_s4_AxisAligned_d6: acc=0.853081 train=0.1s best=0.098µs (0.1s, ETA 0.3h)
  [353/2940] kc1_s4_AxisAligned_d7: acc=0.850711 train=0.1s best=0.095µs (0.2s, ETA 0.3h)
  [354/2940] kc1_s4_AxisAligned_d8: acc=0.845972 train=0.1s best=0.221µs (0.2s, ETA 0.3h)
  [355/2940] kc1_s4_AxisAligned_d10: acc=0.841232 train=0.2s best=0.293µs (0.3s, ETA 0.3h)
  [356/2940] kc1_s4_Oblique_d3: acc=0.848341 train=0.3s best=1.242µs (0.3s, ETA 0.3h)
  [357/2940] kc1_s4_Oblique_d4: acc=0.85782 train=0.3s best=0.828µs (0.4s, ETA 0.3h)
  [358/2940] kc1_s4_Oblique_d5: acc=0.850711 train=0.3s best=0.395µs (0.3s, ETA 0.3h)
  [359/2940] kc1_s4_Oblique_d6: acc=0.85545 train=0.5s best=1.258µs (0.6s, ETA 0.3h)
  [360/2940] kc1_s4_Oblique_d8: acc=0.853081 train=0.7s best=1.458µs (0.8s, ETA 0.3h)
  fetching OpenML id=1068 (pc1) ...

=== Dataset pc1 (openml:1068) shape=(1109, 22) regime=correlated ===
  [361/2940] pc1_s0_AxisAligned_d3: acc=0.923423 train=0.0s best=0.090µs (0.1s, ETA 0.3h)
  [362/2940] pc1_s0_AxisAligned_d4: acc=0.918919 train=0.0s best=0.092µs (0.1s, ETA 0.3h)
  [363/2940] pc1_s0_AxisAligned_d5: acc=0.918919 train=0.1s best=0.140µs (0.1s, ETA 0.3h)
  [364/2940] pc1_s0_AxisAligned_d6: acc=0.918919 train=0.1s best=0.064µs (0.1s, ETA 0.3h)
  [365/2940] pc1_s0_AxisAligned_d7: acc=0.923423 train=0.1s best=0.071µs (0.1s, ETA 0.3h)
  [366/2940] pc1_s0_AxisAligned_d8: acc=0.923423 train=0.1s best=0.093µs (0.2s, ETA 0.3h)
  [367/2940] pc1_s0_AxisAligned_d10: acc=0.927928 train=0.1s best=0.153µs (0.2s, ETA 0.3h)
  [368/2940] pc1_s0_Oblique_d3: acc=0.932432 train=0.1s best=0.190µs (0.1s, ETA 0.3h)
  [369/2940] pc1_s0_Oblique_d4: acc=0.923423 train=0.2s best=0.636µs (0.2s, ETA 0.3h)
  [370/2940] pc1_s0_Oblique_d5: acc=0.918919 train=0.2s best=0.301µs (0.2s, ETA 0.3h)
  [371/2940] pc1_s0_Oblique_d6: acc=0.918919 train=0.2s best=0.338µs (0.2s, ETA 0.3h)
  [372/2940] pc1_s0_Oblique_d8: acc=0.918919 train=0.3s best=0.415µs (0.3s, ETA 0.3h)
  [373/2940] pc1_s1_AxisAligned_d3: acc=0.927928 train=0.0s best=0.069µs (0.1s, ETA 0.3h)
  [374/2940] pc1_s1_AxisAligned_d4: acc=0.923423 train=0.0s best=0.079µs (0.1s, ETA 0.3h)
  [375/2940] pc1_s1_AxisAligned_d5: acc=0.941441 train=0.1s best=0.112µs (0.1s, ETA 0.3h)
  [376/2940] pc1_s1_AxisAligned_d6: acc=0.941441 train=0.1s best=0.063µs (0.1s, ETA 0.3h)
  [377/2940] pc1_s1_AxisAligned_d7: acc=0.927928 train=0.1s best=0.078µs (0.1s, ETA 0.3h)
  [378/2940] pc1_s1_AxisAligned_d8: acc=0.932432 train=0.1s best=0.083µs (0.1s, ETA 0.3h)
  [379/2940] pc1_s1_AxisAligned_d10: acc=0.927928 train=0.1s best=0.090µs (0.2s, ETA 0.3h)
  [380/2940] pc1_s1_Oblique_d3: acc=0.932432 train=0.1s best=0.340µs (0.1s, ETA 0.3h)
  [381/2940] pc1_s1_Oblique_d4: acc=0.936937 train=0.2s best=1.035µs (0.3s, ETA 0.3h)
  [382/2940] pc1_s1_Oblique_d5: acc=0.932432 train=0.2s best=0.457µs (0.2s, ETA 0.3h)
  [383/2940] pc1_s1_Oblique_d6: acc=0.927928 train=0.2s best=0.428µs (0.3s, ETA 0.3h)
  [384/2940] pc1_s1_Oblique_d8: acc=0.932432 train=0.4s best=1.011µs (0.4s, ETA 0.3h)
  [385/2940] pc1_s2_AxisAligned_d3: acc=0.923423 train=0.0s best=0.145µs (0.1s, ETA 0.3h)
  [386/2940] pc1_s2_AxisAligned_d4: acc=0.927928 train=0.1s best=0.125µs (0.1s, ETA 0.3h)
  [387/2940] pc1_s2_AxisAligned_d5: acc=0.923423 train=0.1s best=0.142µs (0.1s, ETA 0.3h)
  [388/2940] pc1_s2_AxisAligned_d6: acc=0.927928 train=0.1s best=0.079µs (0.1s, ETA 0.3h)
  [389/2940] pc1_s2_AxisAligned_d7: acc=0.918919 train=0.1s best=0.091µs (0.1s, ETA 0.3h)
  [390/2940] pc1_s2_AxisAligned_d8: acc=0.918919 train=0.1s best=0.195µs (0.2s, ETA 0.3h)
  [391/2940] pc1_s2_AxisAligned_d10: acc=0.923423 train=0.1s best=0.134µs (0.2s, ETA 0.3h)
  [392/2940] pc1_s2_Oblique_d3: acc=0.927928 train=0.2s best=1.304µs (0.2s, ETA 0.3h)
  [393/2940] pc1_s2_Oblique_d4: acc=0.932432 train=0.2s best=1.177µs (0.3s, ETA 0.3h)
  [394/2940] pc1_s2_Oblique_d5: acc=0.923423 train=0.2s best=0.702µs (0.3s, ETA 0.3h)
  [395/2940] pc1_s2_Oblique_d6: acc=0.923423 train=0.3s best=1.145µs (0.4s, ETA 0.3h)
  [396/2940] pc1_s2_Oblique_d8: acc=0.923423 train=0.4s best=0.930µs (0.4s, ETA 0.3h)
  [397/2940] pc1_s3_AxisAligned_d3: acc=0.90991 train=0.0s best=0.104µs (0.1s, ETA 0.3h)
  [398/2940] pc1_s3_AxisAligned_d4: acc=0.914414 train=0.0s best=0.097µs (0.1s, ETA 0.3h)
  [399/2940] pc1_s3_AxisAligned_d5: acc=0.918919 train=0.0s best=0.070µs (0.1s, ETA 0.3h)
  [400/2940] pc1_s3_AxisAligned_d6: acc=0.918919 train=0.1s best=0.066µs (0.1s, ETA 0.3h)
  [401/2940] pc1_s3_AxisAligned_d7: acc=0.927928 train=0.1s best=0.136µs (0.1s, ETA 0.3h)
  [402/2940] pc1_s3_AxisAligned_d8: acc=0.923423 train=0.1s best=0.170µs (0.2s, ETA 0.3h)
  [403/2940] pc1_s3_AxisAligned_d10: acc=0.932432 train=0.1s best=0.197µs (0.2s, ETA 0.3h)
  [404/2940] pc1_s3_Oblique_d3: acc=0.932432 train=0.2s best=0.942µs (0.3s, ETA 0.3h)
  [405/2940] pc1_s3_Oblique_d4: acc=0.936937 train=0.3s best=1.477µs (0.4s, ETA 0.3h)
  [406/2940] pc1_s3_Oblique_d5: acc=0.918919 train=0.4s best=1.236µs (0.4s, ETA 0.3h)
  [407/2940] pc1_s3_Oblique_d6: acc=0.923423 train=0.2s best=0.369µs (0.3s, ETA 0.3h)
  [408/2940] pc1_s3_Oblique_d8: acc=0.927928 train=0.3s best=0.620µs (0.4s, ETA 0.3h)
  [409/2940] pc1_s4_AxisAligned_d3: acc=0.936937 train=0.0s best=0.146µs (0.1s, ETA 0.3h)
  [410/2940] pc1_s4_AxisAligned_d4: acc=0.95045 train=0.1s best=0.155µs (0.1s, ETA 0.3h)
  [411/2940] pc1_s4_AxisAligned_d5: acc=0.941441 train=0.1s best=0.226µs (0.1s, ETA 0.3h)
  [412/2940] pc1_s4_AxisAligned_d6: acc=0.932432 train=0.1s best=0.437µs (0.2s, ETA 0.3h)
  [413/2940] pc1_s4_AxisAligned_d7: acc=0.932432 train=0.1s best=0.377µs (0.2s, ETA 0.3h)
  [414/2940] pc1_s4_AxisAligned_d8: acc=0.932432 train=0.2s best=0.607µs (0.3s, ETA 0.3h)
  [415/2940] pc1_s4_AxisAligned_d10: acc=0.927928 train=0.3s best=3.000µs (0.4s, ETA 0.3h)
  [416/2940] pc1_s4_Oblique_d3: acc=0.941441 train=0.2s best=1.057µs (0.2s, ETA 0.3h)
  [417/2940] pc1_s4_Oblique_d4: acc=0.941441 train=0.3s best=1.842µs (0.3s, ETA 0.3h)
  [418/2940] pc1_s4_Oblique_d5: acc=0.945946 train=0.4s best=2.265µs (0.4s, ETA 0.3h)
  [419/2940] pc1_s4_Oblique_d6: acc=0.941441 train=0.3s best=0.946µs (0.3s, ETA 0.3h)
  [420/2940] pc1_s4_Oblique_d8: acc=0.945946 train=0.5s best=1.696µs (0.5s, ETA 0.3h)
  fetching OpenML id=1050 (pc3) ...

=== Dataset pc3 (openml:1050) shape=(1563, 38) regime=correlated ===
  [421/2940] pc3_s0_AxisAligned_d3: acc=0.891374 train=0.1s best=0.131µs (0.1s, ETA 0.3h)
  [422/2940] pc3_s0_AxisAligned_d4: acc=0.888179 train=0.0s best=0.072µs (0.1s, ETA 0.3h)
  [423/2940] pc3_s0_AxisAligned_d5: acc=0.888179 train=0.1s best=0.279µs (0.2s, ETA 0.3h)
  [424/2940] pc3_s0_AxisAligned_d6: acc=0.907348 train=0.2s best=0.479µs (0.3s, ETA 0.3h)
  [425/2940] pc3_s0_AxisAligned_d7: acc=0.888179 train=0.2s best=0.395µs (0.3s, ETA 0.3h)
  [426/2940] pc3_s0_AxisAligned_d8: acc=0.884984 train=0.3s best=0.686µs (0.4s, ETA 0.3h)
  [427/2940] pc3_s0_AxisAligned_d10: acc=0.891374 train=0.3s best=0.471µs (0.4s, ETA 0.3h)
  [428/2940] pc3_s0_Oblique_d3: acc=0.891374 train=0.3s best=0.766µs (0.4s, ETA 0.3h)
  [429/2940] pc3_s0_Oblique_d4: acc=0.878594 train=0.4s best=0.628µs (0.4s, ETA 0.3h)
  [430/2940] pc3_s0_Oblique_d5: acc=0.872204 train=0.4s best=0.558µs (0.5s, ETA 0.3h)
  [431/2940] pc3_s0_Oblique_d6: acc=0.872204 train=0.6s best=0.643µs (0.7s, ETA 0.3h)
  [432/2940] pc3_s0_Oblique_d8: acc=0.888179 train=1.0s best=1.429µs (1.1s, ETA 0.3h)
  [433/2940] pc3_s1_AxisAligned_d3: acc=0.910543 train=0.1s best=0.202µs (0.1s, ETA 0.3h)
  [434/2940] pc3_s1_AxisAligned_d4: acc=0.913738 train=0.1s best=0.246µs (0.2s, ETA 0.3h)
  [435/2940] pc3_s1_AxisAligned_d5: acc=0.916933 train=0.1s best=0.137µs (0.1s, ETA 0.3h)
  [436/2940] pc3_s1_AxisAligned_d6: acc=0.907348 train=0.1s best=0.238µs (0.2s, ETA 0.3h)
  [437/2940] pc3_s1_AxisAligned_d7: acc=0.897764 train=0.2s best=0.244µs (0.2s, ETA 0.3h)
  [438/2940] pc3_s1_AxisAligned_d8: acc=0.907348 train=0.3s best=0.454µs (0.3s, ETA 0.3h)
  [439/2940] pc3_s1_AxisAligned_d10: acc=0.907348 train=0.3s best=0.318µs (0.4s, ETA 0.3h)
  [440/2940] pc3_s1_Oblique_d3: acc=0.910543 train=0.4s best=1.380µs (0.5s, ETA 0.3h)
  [441/2940] pc3_s1_Oblique_d4: acc=0.904153 train=0.6s best=2.308µs (0.7s, ETA 0.3h)
  [442/2940] pc3_s1_Oblique_d5: acc=0.916933 train=0.7s best=1.273µs (0.7s, ETA 0.3h)
  [443/2940] pc3_s1_Oblique_d6: acc=0.910543 train=1.2s best=3.604µs (1.3s, ETA 0.3h)
  [444/2940] pc3_s1_Oblique_d8: acc=0.913738 train=1.0s best=1.189µs (1.1s, ETA 0.3h)
  [445/2940] pc3_s2_AxisAligned_d3: acc=0.865815 train=0.1s best=0.186µs (0.1s, ETA 0.3h)
  [446/2940] pc3_s2_AxisAligned_d4: acc=0.853035 train=0.1s best=0.225µs (0.2s, ETA 0.3h)
  [447/2940] pc3_s2_AxisAligned_d5: acc=0.84984 train=0.1s best=0.267µs (0.2s, ETA 0.3h)
  [448/2940] pc3_s2_AxisAligned_d6: acc=0.85623 train=0.1s best=0.320µs (0.2s, ETA 0.3h)
  [449/2940] pc3_s2_AxisAligned_d7: acc=0.859425 train=0.2s best=0.230µs (0.2s, ETA 0.3h)
  [450/2940] pc3_s2_AxisAligned_d8: acc=0.859425 train=0.2s best=0.438µs (0.3s, ETA 0.3h)
  [451/2940] pc3_s2_AxisAligned_d10: acc=0.86262 train=0.3s best=0.287µs (0.4s, ETA 0.3h)
  [452/2940] pc3_s2_Oblique_d3: acc=0.86901 train=0.5s best=0.873µs (0.5s, ETA 0.3h)
  [453/2940] pc3_s2_Oblique_d4: acc=0.875399 train=0.6s best=1.510µs (0.7s, ETA 0.3h)
  [454/2940] pc3_s2_Oblique_d5: acc=0.86262 train=0.5s best=0.714µs (0.6s, ETA 0.3h)
  [455/2940] pc3_s2_Oblique_d6: acc=0.84984 train=0.6s best=0.701µs (0.7s, ETA 0.3h)
  [456/2940] pc3_s2_Oblique_d8: acc=0.865815 train=0.8s best=0.534µs (0.9s, ETA 0.3h)
  [457/2940] pc3_s3_AxisAligned_d3: acc=0.881789 train=0.0s best=0.057µs (0.1s, ETA 0.3h)
  [458/2940] pc3_s3_AxisAligned_d4: acc=0.878594 train=0.1s best=0.103µs (0.1s, ETA 0.3h)
  [459/2940] pc3_s3_AxisAligned_d5: acc=0.884984 train=0.1s best=0.070µs (0.1s, ETA 0.3h)
  [460/2940] pc3_s3_AxisAligned_d6: acc=0.881789 train=0.1s best=0.071µs (0.2s, ETA 0.3h)
  [461/2940] pc3_s3_AxisAligned_d7: acc=0.881789 train=0.2s best=0.209µs (0.2s, ETA 0.3h)
  [462/2940] pc3_s3_AxisAligned_d8: acc=0.884984 train=0.2s best=0.204µs (0.3s, ETA 0.3h)
  [463/2940] pc3_s3_AxisAligned_d10: acc=0.881789 train=0.4s best=0.248µs (0.4s, ETA 0.3h)
  [464/2940] pc3_s3_Oblique_d3: acc=0.881789 train=0.3s best=0.674µs (0.4s, ETA 0.3h)
  [465/2940] pc3_s3_Oblique_d4: acc=0.881789 train=0.4s best=0.496µs (0.4s, ETA 0.3h)
  [466/2940] pc3_s3_Oblique_d5: acc=0.888179 train=0.5s best=0.950µs (0.6s, ETA 0.3h)
  [467/2940] pc3_s3_Oblique_d6: acc=0.884984 train=0.6s best=0.719µs (0.7s, ETA 0.3h)
  [468/2940] pc3_s3_Oblique_d8: acc=0.881789 train=0.8s best=0.779µs (0.9s, ETA 0.3h)
  [469/2940] pc3_s4_AxisAligned_d3: acc=0.916933 train=0.1s best=0.175µs (0.1s, ETA 0.3h)
  [470/2940] pc3_s4_AxisAligned_d4: acc=0.913738 train=0.1s best=0.203µs (0.1s, ETA 0.3h)
  [471/2940] pc3_s4_AxisAligned_d5: acc=0.904153 train=0.1s best=0.247µs (0.2s, ETA 0.3h)
  [472/2940] pc3_s4_AxisAligned_d6: acc=0.904153 train=0.1s best=0.116µs (0.2s, ETA 0.3h)
  [473/2940] pc3_s4_AxisAligned_d7: acc=0.904153 train=0.2s best=0.269µs (0.2s, ETA 0.3h)
  [474/2940] pc3_s4_AxisAligned_d8: acc=0.910543 train=0.3s best=0.570µs (0.4s, ETA 0.3h)
  [475/2940] pc3_s4_AxisAligned_d10: acc=0.907348 train=0.3s best=0.330µs (0.4s, ETA 0.3h)
  [476/2940] pc3_s4_Oblique_d3: acc=0.897764 train=0.2s best=0.324µs (0.3s, ETA 0.3h)
  [477/2940] pc3_s4_Oblique_d4: acc=0.907348 train=0.4s best=0.594µs (0.4s, ETA 0.3h)
  [478/2940] pc3_s4_Oblique_d5: acc=0.910543 train=0.5s best=0.678µs (0.5s, ETA 0.3h)
  [479/2940] pc3_s4_Oblique_d6: acc=0.900958 train=0.7s best=1.260µs (0.8s, ETA 0.3h)
  [480/2940] pc3_s4_Oblique_d8: acc=0.904153 train=0.8s best=0.792µs (0.9s, ETA 0.3h)
  fetching OpenML id=1049 (pc4) ...

=== Dataset pc4 (openml:1049) shape=(1458, 38) regime=correlated ===
  [481/2940] pc4_s0_AxisAligned_d3: acc=0.890411 train=0.1s best=0.195µs (0.1s, ETA 0.3h)
  [482/2940] pc4_s0_AxisAligned_d4: acc=0.910959 train=0.1s best=0.354µs (0.2s, ETA 0.3h)
  [483/2940] pc4_s0_AxisAligned_d5: acc=0.90411 train=0.2s best=0.577µs (0.2s, ETA 0.3h)
  [484/2940] pc4_s0_AxisAligned_d6: acc=0.893836 train=0.3s best=0.674µs (0.4s, ETA 0.3h)
  [485/2940] pc4_s0_AxisAligned_d7: acc=0.89726 train=0.4s best=1.014µs (0.5s, ETA 0.3h)
  [486/2940] pc4_s0_AxisAligned_d8: acc=0.90411 train=0.5s best=1.069µs (0.6s, ETA 0.3h)
  [487/2940] pc4_s0_AxisAligned_d10: acc=0.90411 train=0.5s best=1.087µs (0.6s, ETA 0.3h)
  [488/2940] pc4_s0_Oblique_d3: acc=0.907534 train=0.4s best=1.612µs (0.5s, ETA 0.3h)
  [489/2940] pc4_s0_Oblique_d4: acc=0.917808 train=0.6s best=2.307µs (0.7s, ETA 0.3h)
  [490/2940] pc4_s0_Oblique_d5: acc=0.921233 train=0.8s best=2.133µs (0.9s, ETA 0.3h)
  [491/2940] pc4_s0_Oblique_d6: acc=0.907534 train=0.9s best=2.217µs (1.0s, ETA 0.3h)
  [492/2940] pc4_s0_Oblique_d8: acc=0.921233 train=1.5s best=3.344µs (1.6s, ETA 0.3h)
  [493/2940] pc4_s1_AxisAligned_d3: acc=0.90411 train=0.1s best=0.201µs (0.1s, ETA 0.3h)
  [494/2940] pc4_s1_AxisAligned_d4: acc=0.907534 train=0.1s best=0.238µs (0.1s, ETA 0.3h)
  [495/2940] pc4_s1_AxisAligned_d5: acc=0.900685 train=0.1s best=0.269µs (0.2s, ETA 0.3h)
  [496/2940] pc4_s1_AxisAligned_d6: acc=0.907534 train=0.2s best=0.545µs (0.3s, ETA 0.3h)
  [497/2940] pc4_s1_AxisAligned_d7: acc=0.917808 train=0.2s best=0.508µs (0.3s, ETA 0.3h)
  [498/2940] pc4_s1_AxisAligned_d8: acc=0.914384 train=0.3s best=0.782µs (0.3s, ETA 0.3h)
  [499/2940] pc4_s1_AxisAligned_d10: acc=0.910959 train=0.5s best=1.206µs (0.5s, ETA 0.3h)
  [500/2940] pc4_s1_Oblique_d3: acc=0.893836 train=0.3s best=0.677µs (0.3s, ETA 0.3h)
  [501/2940] pc4_s1_Oblique_d4: acc=0.890411 train=0.3s best=0.442µs (0.4s, ETA 0.3h)
  [502/2940] pc4_s1_Oblique_d5: acc=0.900685 train=0.4s best=0.418µs (0.4s, ETA 0.3h)
  [503/2940] pc4_s1_Oblique_d6: acc=0.917808 train=0.7s best=1.275µs (0.8s, ETA 0.3h)
  [504/2940] pc4_s1_Oblique_d8: acc=0.907534 train=0.9s best=1.021µs (1.0s, ETA 0.3h)
  [505/2940] pc4_s2_AxisAligned_d3: acc=0.886986 train=0.1s best=0.184µs (0.1s, ETA 0.3h)
  [506/2940] pc4_s2_AxisAligned_d4: acc=0.883562 train=0.1s best=0.357µs (0.2s, ETA 0.3h)
  [507/2940] pc4_s2_AxisAligned_d5: acc=0.886986 train=0.2s best=0.443µs (0.2s, ETA 0.3h)
  [508/2940] pc4_s2_AxisAligned_d6: acc=0.880137 train=0.2s best=0.411µs (0.2s, ETA 0.3h)
  [509/2940] pc4_s2_AxisAligned_d7: acc=0.873288 train=0.2s best=0.500µs (0.3s, ETA 0.3h)
  [510/2940] pc4_s2_AxisAligned_d8: acc=0.880137 train=0.4s best=0.640µs (0.4s, ETA 0.3h)
  [511/2940] pc4_s2_AxisAligned_d10: acc=0.856164 train=0.4s best=0.779µs (0.5s, ETA 0.3h)
  [512/2940] pc4_s2_Oblique_d3: acc=0.907534 train=0.4s best=1.465µs (0.4s, ETA 0.3h)
  [513/2940] pc4_s2_Oblique_d4: acc=0.893836 train=0.5s best=1.412µs (0.6s, ETA 0.3h)
  [514/2940] pc4_s2_Oblique_d5: acc=0.910959 train=0.7s best=1.881µs (0.8s, ETA 0.3h)
  [515/2940] pc4_s2_Oblique_d6: acc=0.907534 train=0.8s best=1.978µs (0.9s, ETA 0.3h)
  [516/2940] pc4_s2_Oblique_d8: acc=0.907534 train=1.1s best=1.756µs (1.2s, ETA 0.3h)
  [517/2940] pc4_s3_AxisAligned_d3: acc=0.924658 train=0.1s best=0.206µs (0.1s, ETA 0.3h)
  [518/2940] pc4_s3_AxisAligned_d4: acc=0.917808 train=0.1s best=0.361µs (0.2s, ETA 0.3h)
  [519/2940] pc4_s3_AxisAligned_d5: acc=0.917808 train=0.2s best=0.564µs (0.2s, ETA 0.3h)
  [520/2940] pc4_s3_AxisAligned_d6: acc=0.914384 train=0.2s best=0.479µs (0.3s, ETA 0.3h)
  [521/2940] pc4_s3_AxisAligned_d7: acc=0.921233 train=0.4s best=0.887µs (0.5s, ETA 0.3h)
  [522/2940] pc4_s3_AxisAligned_d8: acc=0.924658 train=0.4s best=0.889µs (0.5s, ETA 0.3h)
  [523/2940] pc4_s3_AxisAligned_d10: acc=0.89726 train=0.6s best=1.383µs (0.6s, ETA 0.3h)
  [524/2940] pc4_s3_Oblique_d3: acc=0.914384 train=0.4s best=1.516µs (0.4s, ETA 0.3h)
  [525/2940] pc4_s3_Oblique_d4: acc=0.917808 train=0.6s best=2.176µs (0.6s, ETA 0.3h)
  [526/2940] pc4_s3_Oblique_d5: acc=0.931507 train=0.8s best=2.855µs (0.9s, ETA 0.3h)
  [527/2940] pc4_s3_Oblique_d6: acc=0.910959 train=0.8s best=1.696µs (0.9s, ETA 0.3h)
  [528/2940] pc4_s3_Oblique_d8: acc=0.921233 train=1.0s best=1.298µs (1.1s, ETA 0.3h)
  [529/2940] pc4_s4_AxisAligned_d3: acc=0.876712 train=0.1s best=0.211µs (0.1s, ETA 0.3h)
  [530/2940] pc4_s4_AxisAligned_d4: acc=0.876712 train=0.1s best=0.223µs (0.1s, ETA 0.3h)
  [531/2940] pc4_s4_AxisAligned_d5: acc=0.876712 train=0.1s best=0.437µs (0.2s, ETA 0.3h)
  [532/2940] pc4_s4_AxisAligned_d6: acc=0.876712 train=0.2s best=0.390µs (0.2s, ETA 0.3h)
  [533/2940] pc4_s4_AxisAligned_d7: acc=0.873288 train=0.2s best=0.331µs (0.2s, ETA 0.3h)
  [534/2940] pc4_s4_AxisAligned_d8: acc=0.876712 train=0.3s best=0.523µs (0.4s, ETA 0.3h)
  [535/2940] pc4_s4_AxisAligned_d10: acc=0.890411 train=0.4s best=0.590µs (0.5s, ETA 0.3h)
  [536/2940] pc4_s4_Oblique_d3: acc=0.907534 train=0.4s best=0.964µs (0.4s, ETA 0.3h)
  [537/2940] pc4_s4_Oblique_d4: acc=0.914384 train=0.4s best=0.872µs (0.5s, ETA 0.3h)
  [538/2940] pc4_s4_Oblique_d5: acc=0.89726 train=0.4s best=0.585µs (0.5s, ETA 0.3h)
  [539/2940] pc4_s4_Oblique_d6: acc=0.910959 train=0.7s best=0.974µs (0.7s, ETA 0.3h)
  [540/2940] pc4_s4_Oblique_d8: acc=0.900685 train=0.9s best=0.867µs (0.9s, ETA 0.3h)
  fetching OpenML id=1053 (jm1) ...

=== Dataset jm1 (openml:1053) shape=(10885, 22) regime=correlated ===
  [541/2940] jm1_s0_AxisAligned_d3: acc=0.794672 train=0.1s best=0.173µs (0.4s, ETA 0.3h)
  [542/2940] jm1_s0_AxisAligned_d4: acc=0.79605 train=0.2s best=0.301µs (0.6s, ETA 0.3h)
  [543/2940] jm1_s0_AxisAligned_d5: acc=0.797428 train=0.2s best=0.413µs (0.6s, ETA 0.3h)
  [544/2940] jm1_s0_AxisAligned_d6: acc=0.798806 train=0.4s best=0.563µs (0.8s, ETA 0.3h)
  [545/2940] jm1_s0_AxisAligned_d7: acc=0.799265 train=0.3s best=0.489µs (0.7s, ETA 0.3h)
  [546/2940] jm1_s0_AxisAligned_d8: acc=0.804318 train=0.6s best=1.836µs (1.2s, ETA 0.3h)
  [547/2940] jm1_s0_AxisAligned_d10: acc=0.80248 train=0.9s best=1.469µs (1.4s, ETA 0.3h)
  [548/2940] jm1_s0_Oblique_d3: acc=0.79605 train=1.1s best=1.451µs (1.4s, ETA 0.3h)
  [549/2940] jm1_s0_Oblique_d4: acc=0.799265 train=1.6s best=1.989µs (2.0s, ETA 0.3h)
  [550/2940] jm1_s0_Oblique_d5: acc=0.803859 train=2.2s best=2.571µs (2.7s, ETA 0.3h)
  [551/2940] jm1_s0_Oblique_d6: acc=0.80294 train=2.9s best=5.154µs (3.5s, ETA 0.3h)
  [552/2940] jm1_s0_Oblique_d8: acc=0.810289 train=4.3s best=5.540µs (4.9s, ETA 0.3h)
  [553/2940] jm1_s1_AxisAligned_d3: acc=0.813505 train=0.1s best=0.192µs (0.4s, ETA 0.3h)
  [554/2940] jm1_s1_AxisAligned_d4: acc=0.812586 train=0.2s best=0.293µs (0.6s, ETA 0.3h)
  [555/2940] jm1_s1_AxisAligned_d5: acc=0.811667 train=0.2s best=0.422µs (0.7s, ETA 0.3h)
  [556/2940] jm1_s1_AxisAligned_d6: acc=0.807533 train=0.3s best=0.593µs (0.8s, ETA 0.3h)
  [557/2940] jm1_s1_AxisAligned_d7: acc=0.805696 train=0.5s best=0.799µs (1.0s, ETA 0.3h)
  [558/2940] jm1_s1_AxisAligned_d8: acc=0.811208 train=0.7s best=1.605µs (1.2s, ETA 0.3h)
  [559/2940] jm1_s1_AxisAligned_d10: acc=0.810289 train=0.8s best=1.371µs (1.3s, ETA 0.3h)
  [560/2940] jm1_s1_Oblique_d3: acc=0.814424 train=1.1s best=1.411µs (1.4s, ETA 0.3h)
  [561/2940] jm1_s1_Oblique_d4: acc=0.812586 train=1.2s best=1.032µs (1.5s, ETA 0.3h)
  [562/2940] jm1_s1_Oblique_d5: acc=0.815342 train=2.5s best=2.849µs (2.9s, ETA 0.3h)
  [563/2940] jm1_s1_Oblique_d6: acc=0.813505 train=2.4s best=2.420µs (2.9s, ETA 0.3h)
  [564/2940] jm1_s1_Oblique_d8: acc=0.809371 train=3.6s best=4.163µs (4.2s, ETA 0.3h)
  [565/2940] jm1_s2_AxisAligned_d3: acc=0.810749 train=0.1s best=0.154µs (0.4s, ETA 0.3h)
  [566/2940] jm1_s2_AxisAligned_d4: acc=0.813964 train=0.2s best=0.280µs (0.5s, ETA 0.3h)
  [567/2940] jm1_s2_AxisAligned_d5: acc=0.810289 train=0.3s best=0.423µs (0.7s, ETA 0.3h)
  [568/2940] jm1_s2_AxisAligned_d6: acc=0.812586 train=0.3s best=0.388µs (0.6s, ETA 0.3h)
  [569/2940] jm1_s2_AxisAligned_d7: acc=0.80983 train=0.4s best=0.628µs (0.9s, ETA 0.3h)
  [570/2940] jm1_s2_AxisAligned_d8: acc=0.814424 train=0.6s best=1.224µs (1.0s, ETA 0.3h)
  [571/2940] jm1_s2_AxisAligned_d10: acc=0.810289 train=1.1s best=1.928µs (1.7s, ETA 0.3h)
  [572/2940] jm1_s2_Oblique_d3: acc=0.812586 train=1.8s best=1.434µs (2.1s, ETA 0.3h)
  [573/2940] jm1_s2_Oblique_d4: acc=0.812127 train=2.7s best=2.326µs (3.1s, ETA 0.3h)
  [574/2940] jm1_s2_Oblique_d5: acc=0.809371 train=3.1s best=3.418µs (3.5s, ETA 0.3h)
  [575/2940] jm1_s2_Oblique_d6: acc=0.810289 train=3.2s best=2.921µs (3.7s, ETA 0.3h)
  [576/2940] jm1_s2_Oblique_d8: acc=0.814424 train=3.4s best=3.151µs (3.8s, ETA 0.3h)
  [577/2940] jm1_s3_AxisAligned_d3: acc=0.806615 train=0.1s best=0.164µs (0.4s, ETA 0.3h)
  [578/2940] jm1_s3_AxisAligned_d4: acc=0.807074 train=0.2s best=0.258µs (0.5s, ETA 0.3h)
  [579/2940] jm1_s3_AxisAligned_d5: acc=0.807074 train=0.2s best=0.373µs (0.7s, ETA 0.3h)
  [580/2940] jm1_s3_AxisAligned_d6: acc=0.80983 train=0.2s best=0.310µs (0.5s, ETA 0.3h)
  [581/2940] jm1_s3_AxisAligned_d7: acc=0.80983 train=0.3s best=0.332µs (0.6s, ETA 0.3h)
  [582/2940] jm1_s3_AxisAligned_d8: acc=0.806615 train=0.3s best=0.310µs (0.6s, ETA 0.3h)
  [583/2940] jm1_s3_AxisAligned_d10: acc=0.808452 train=0.6s best=0.382µs (0.9s, ETA 0.3h)
  [584/2940] jm1_s3_Oblique_d3: acc=0.806155 train=1.1s best=1.450µs (1.4s, ETA 0.3h)
  [585/2940] jm1_s3_Oblique_d4: acc=0.810749 train=1.6s best=2.079µs (2.0s, ETA 0.3h)
  [586/2940] jm1_s3_Oblique_d5: acc=0.812127 train=2.1s best=2.172µs (2.5s, ETA 0.3h)
  [587/2940] jm1_s3_Oblique_d6: acc=0.808911 train=2.9s best=3.720µs (3.4s, ETA 0.3h)
  [588/2940] jm1_s3_Oblique_d8: acc=0.808452 train=2.5s best=1.967µs (2.9s, ETA 0.3h)
  [589/2940] jm1_s4_AxisAligned_d3: acc=0.805237 train=0.1s best=0.177µs (0.4s, ETA 0.3h)
  [590/2940] jm1_s4_AxisAligned_d4: acc=0.804318 train=0.2s best=0.210µs (0.5s, ETA 0.3h)
  [591/2940] jm1_s4_AxisAligned_d5: acc=0.805237 train=0.2s best=0.415µs (0.7s, ETA 0.3h)
  [592/2940] jm1_s4_AxisAligned_d6: acc=0.807993 train=0.3s best=0.393µs (0.6s, ETA 0.3h)
  [593/2940] jm1_s4_AxisAligned_d7: acc=0.807533 train=0.3s best=0.553µs (0.7s, ETA 0.3h)
  [594/2940] jm1_s4_AxisAligned_d8: acc=0.797887 train=0.4s best=0.480µs (0.7s, ETA 0.3h)
  [595/2940] jm1_s4_AxisAligned_d10: acc=0.801102 train=0.8s best=1.052µs (1.2s, ETA 0.3h)
  [596/2940] jm1_s4_Oblique_d3: acc=0.806615 train=1.1s best=1.337µs (1.4s, ETA 0.3h)
  [597/2940] jm1_s4_Oblique_d4: acc=0.808911 train=1.6s best=1.485µs (1.9s, ETA 0.3h)
  [598/2940] jm1_s4_Oblique_d5: acc=0.80983 train=2.2s best=3.107µs (2.6s, ETA 0.3h)
  [599/2940] jm1_s4_Oblique_d6: acc=0.807074 train=1.9s best=1.480µs (2.2s, ETA 0.4h)
  [600/2940] jm1_s4_Oblique_d8: acc=0.811208 train=4.3s best=6.755µs (5.0s, ETA 0.4h)
  fetching OpenML id=40983 (wilt) ...

=== Dataset wilt (openml:40983) shape=(4839, 6) regime=near-linear ===
  [601/2940] wilt_s0_AxisAligned_d3: acc=0.983471 train=0.0s best=0.210µs (0.2s, ETA 0.4h)
  [602/2940] wilt_s0_AxisAligned_d4: acc=0.984504 train=0.1s best=0.322µs (0.2s, ETA 0.4h)
  [603/2940] wilt_s0_AxisAligned_d5: acc=0.984504 train=0.1s best=0.430µs (0.3s, ETA 0.4h)
  [604/2940] wilt_s0_AxisAligned_d6: acc=0.981405 train=0.1s best=0.466µs (0.2s, ETA 0.4h)
  [605/2940] wilt_s0_AxisAligned_d7: acc=0.985537 train=0.1s best=0.370µs (0.2s, ETA 0.4h)
  [606/2940] wilt_s0_AxisAligned_d8: acc=0.983471 train=0.1s best=0.265µs (0.2s, ETA 0.4h)
  [607/2940] wilt_s0_AxisAligned_d10: acc=0.981405 train=0.2s best=0.462µs (0.3s, ETA 0.4h)
  [608/2940] wilt_s0_Oblique_d3: acc=0.985537 train=0.1s best=1.463µs (0.3s, ETA 0.4h)
  [609/2940] wilt_s0_Oblique_d4: acc=0.985537 train=0.2s best=2.460µs (0.3s, ETA 0.4h)
  [610/2940] wilt_s0_Oblique_d5: acc=0.98657 train=0.2s best=3.527µs (0.4s, ETA 0.4h)
  [611/2940] wilt_s0_Oblique_d6: acc=0.987603 train=0.3s best=5.060µs (0.6s, ETA 0.4h)
  [612/2940] wilt_s0_Oblique_d8: acc=0.985537 train=0.5s best=6.887µs (0.8s, ETA 0.4h)
  [613/2940] wilt_s1_AxisAligned_d3: acc=0.983471 train=0.0s best=0.159µs (0.2s, ETA 0.4h)
  [614/2940] wilt_s1_AxisAligned_d4: acc=0.987603 train=0.1s best=0.244µs (0.2s, ETA 0.4h)
  [615/2940] wilt_s1_AxisAligned_d5: acc=0.988636 train=0.1s best=0.288µs (0.2s, ETA 0.4h)
  [616/2940] wilt_s1_AxisAligned_d6: acc=0.98657 train=0.1s best=0.217µs (0.2s, ETA 0.4h)
  [617/2940] wilt_s1_AxisAligned_d7: acc=0.98657 train=0.1s best=0.243µs (0.2s, ETA 0.4h)
  [618/2940] wilt_s1_AxisAligned_d8: acc=0.987603 train=0.1s best=0.431µs (0.3s, ETA 0.4h)
  [619/2940] wilt_s1_AxisAligned_d10: acc=0.988636 train=0.2s best=0.548µs (0.4s, ETA 0.4h)
  [620/2940] wilt_s1_Oblique_d3: acc=0.982438 train=0.2s best=1.248µs (0.3s, ETA 0.4h)
  [621/2940] wilt_s1_Oblique_d4: acc=0.983471 train=0.2s best=1.403µs (0.4s, ETA 0.3h)
  [622/2940] wilt_s1_Oblique_d5: acc=0.98657 train=0.2s best=0.834µs (0.3s, ETA 0.3h)
  [623/2940] wilt_s1_Oblique_d6: acc=0.985537 train=0.3s best=1.099µs (0.4s, ETA 0.3h)
  [624/2940] wilt_s1_Oblique_d8: acc=0.98657 train=0.4s best=1.655µs (0.6s, ETA 0.3h)
  [625/2940] wilt_s2_AxisAligned_d3: acc=0.985537 train=0.0s best=0.217µs (0.2s, ETA 0.3h)
  [626/2940] wilt_s2_AxisAligned_d4: acc=0.98657 train=0.1s best=0.359µs (0.2s, ETA 0.3h)
  [627/2940] wilt_s2_AxisAligned_d5: acc=0.985537 train=0.1s best=0.559µs (0.3s, ETA 0.3h)
  [628/2940] wilt_s2_AxisAligned_d6: acc=0.985537 train=0.1s best=0.583µs (0.3s, ETA 0.3h)
  [629/2940] wilt_s2_AxisAligned_d7: acc=0.988636 train=0.1s best=0.828µs (0.3s, ETA 0.3h)
  [630/2940] wilt_s2_AxisAligned_d8: acc=0.985537 train=0.1s best=0.631µs (0.3s, ETA 0.3h)
  [631/2940] wilt_s2_AxisAligned_d10: acc=0.988636 train=0.3s best=1.462µs (0.5s, ETA 0.3h)
  [632/2940] wilt_s2_Oblique_d3: acc=0.98657 train=0.1s best=1.458µs (0.3s, ETA 0.3h)
  [633/2940] wilt_s2_Oblique_d4: acc=0.985537 train=0.2s best=2.384µs (0.3s, ETA 0.3h)
  [634/2940] wilt_s2_Oblique_d5: acc=0.98657 train=0.2s best=3.397µs (0.4s, ETA 0.3h)
  [635/2940] wilt_s2_Oblique_d6: acc=0.985537 train=0.2s best=2.111µs (0.4s, ETA 0.3h)
  [636/2940] wilt_s2_Oblique_d8: acc=0.987603 train=0.3s best=2.146µs (0.5s, ETA 0.3h)
  [637/2940] wilt_s3_AxisAligned_d3: acc=0.983471 train=0.0s best=0.218µs (0.2s, ETA 0.3h)
  [638/2940] wilt_s3_AxisAligned_d4: acc=0.984504 train=0.1s best=0.380µs (0.2s, ETA 0.3h)
  [639/2940] wilt_s3_AxisAligned_d5: acc=0.985537 train=0.1s best=0.656µs (0.3s, ETA 0.3h)
  [640/2940] wilt_s3_AxisAligned_d6: acc=0.984504 train=0.1s best=0.614µs (0.3s, ETA 0.3h)
  [641/2940] wilt_s3_AxisAligned_d7: acc=0.984504 train=0.1s best=0.847µs (0.3s, ETA 0.3h)
  [642/2940] wilt_s3_AxisAligned_d8: acc=0.985537 train=0.2s best=0.843µs (0.3s, ETA 0.3h)
  [643/2940] wilt_s3_AxisAligned_d10: acc=0.985537 train=0.2s best=0.779µs (0.4s, ETA 0.3h)
  [644/2940] wilt_s3_Oblique_d3: acc=0.987603 train=0.1s best=1.392µs (0.3s, ETA 0.3h)
  [645/2940] wilt_s3_Oblique_d4: acc=0.98657 train=0.2s best=2.133µs (0.3s, ETA 0.3h)
  [646/2940] wilt_s3_Oblique_d5: acc=0.985537 train=0.2s best=3.007µs (0.4s, ETA 0.3h)
  [647/2940] wilt_s3_Oblique_d6: acc=0.985537 train=0.3s best=2.425µs (0.5s, ETA 0.3h)
  [648/2940] wilt_s3_Oblique_d8: acc=0.988636 train=0.5s best=4.253µs (0.7s, ETA 0.3h)
  [649/2940] wilt_s4_AxisAligned_d3: acc=0.979339 train=0.0s best=0.221µs (0.2s, ETA 0.3h)
  [650/2940] wilt_s4_AxisAligned_d4: acc=0.98657 train=0.1s best=0.378µs (0.2s, ETA 0.3h)
  [651/2940] wilt_s4_AxisAligned_d5: acc=0.984504 train=0.1s best=0.570µs (0.3s, ETA 0.3h)
  [652/2940] wilt_s4_AxisAligned_d6: acc=0.98657 train=0.1s best=0.647µs (0.3s, ETA 0.3h)
  [653/2940] wilt_s4_AxisAligned_d7: acc=0.985537 train=0.1s best=0.662µs (0.3s, ETA 0.3h)
  [654/2940] wilt_s4_AxisAligned_d8: acc=0.98657 train=0.1s best=0.678µs (0.3s, ETA 0.3h)
  [655/2940] wilt_s4_AxisAligned_d10: acc=0.98657 train=0.2s best=0.662µs (0.3s, ETA 0.3h)
  [656/2940] wilt_s4_Oblique_d3: acc=0.985537 train=0.1s best=1.338µs (0.3s, ETA 0.3h)
  [657/2940] wilt_s4_Oblique_d4: acc=0.98657 train=0.2s best=2.113µs (0.3s, ETA 0.3h)
  [658/2940] wilt_s4_Oblique_d5: acc=0.989669 train=0.2s best=3.253µs (0.4s, ETA 0.3h)
  [659/2940] wilt_s4_Oblique_d6: acc=0.987603 train=0.2s best=1.687µs (0.4s, ETA 0.3h)
  [660/2940] wilt_s4_Oblique_d8: acc=0.988636 train=0.4s best=4.442µs (0.7s, ETA 0.3h)
  fetching OpenML id=40701 (churn) ...

=== Dataset churn (openml:40701) shape=(5000, 21) regime=production ===
  [661/2940] churn_s0_AxisAligned_d3: acc=0.922 train=0.1s best=0.184µs (0.2s, ETA 0.3h)
  [662/2940] churn_s0_AxisAligned_d4: acc=0.935 train=0.1s best=0.344µs (0.3s, ETA 0.3h)
  [663/2940] churn_s0_AxisAligned_d5: acc=0.947 train=0.2s best=0.497µs (0.4s, ETA 0.3h)
  [664/2940] churn_s0_AxisAligned_d6: acc=0.948 train=0.2s best=0.574µs (0.4s, ETA 0.3h)
  [665/2940] churn_s0_AxisAligned_d7: acc=0.943 train=0.2s best=0.561µs (0.4s, ETA 0.3h)
  [666/2940] churn_s0_AxisAligned_d8: acc=0.942 train=0.3s best=1.365µs (0.5s, ETA 0.3h)
  [667/2940] churn_s0_AxisAligned_d10: acc=0.936 train=0.5s best=1.232µs (0.7s, ETA 0.3h)
  [668/2940] churn_s0_Oblique_d3: acc=0.95 train=0.4s best=1.435µs (0.6s, ETA 0.3h)
  [669/2940] churn_s0_Oblique_d4: acc=0.966 train=0.7s best=1.800µs (0.9s, ETA 0.3h)
  [670/2940] churn_s0_Oblique_d5: acc=0.959 train=0.9s best=2.508µs (1.1s, ETA 0.3h)
  [671/2940] churn_s0_Oblique_d6: acc=0.956 train=0.9s best=1.703µs (1.1s, ETA 0.3h)
  [672/2940] churn_s0_Oblique_d8: acc=0.954 train=1.2s best=1.749µs (1.4s, ETA 0.3h)
  [673/2940] churn_s1_AxisAligned_d3: acc=0.94 train=0.1s best=0.189µs (0.2s, ETA 0.3h)
  [674/2940] churn_s1_AxisAligned_d4: acc=0.955 train=0.1s best=0.362µs (0.3s, ETA 0.3h)
  [675/2940] churn_s1_AxisAligned_d5: acc=0.962 train=0.1s best=0.409µs (0.3s, ETA 0.3h)
  [676/2940] churn_s1_AxisAligned_d6: acc=0.96 train=0.2s best=0.556µs (0.4s, ETA 0.3h)
  [677/2940] churn_s1_AxisAligned_d7: acc=0.964 train=0.2s best=0.671µs (0.4s, ETA 0.3h)
  [678/2940] churn_s1_AxisAligned_d8: acc=0.963 train=0.4s best=1.831µs (0.5s, ETA 0.3h)
  [679/2940] churn_s1_AxisAligned_d10: acc=0.962 train=0.7s best=2.705µs (0.9s, ETA 0.3h)
  [680/2940] churn_s1_Oblique_d3: acc=0.963 train=0.4s best=1.105µs (0.6s, ETA 0.3h)
  [681/2940] churn_s1_Oblique_d4: acc=0.974 train=0.6s best=1.813µs (0.8s, ETA 0.3h)
  [682/2940] churn_s1_Oblique_d5: acc=0.971 train=0.8s best=1.431µs (0.9s, ETA 0.3h)
  [683/2940] churn_s1_Oblique_d6: acc=0.968 train=0.9s best=1.776µs (1.1s, ETA 0.3h)
  [684/2940] churn_s1_Oblique_d8: acc=0.971 train=1.3s best=1.897µs (1.5s, ETA 0.3h)
  [685/2940] churn_s2_AxisAligned_d3: acc=0.938 train=0.1s best=0.203µs (0.2s, ETA 0.3h)
  [686/2940] churn_s2_AxisAligned_d4: acc=0.955 train=0.1s best=0.367µs (0.3s, ETA 0.3h)
  [687/2940] churn_s2_AxisAligned_d5: acc=0.961 train=0.2s best=0.606µs (0.4s, ETA 0.3h)
  [688/2940] churn_s2_AxisAligned_d6: acc=0.961 train=0.2s best=0.789µs (0.5s, ETA 0.3h)
  [689/2940] churn_s2_AxisAligned_d7: acc=0.964 train=0.3s best=1.176µs (0.6s, ETA 0.3h)
  [690/2940] churn_s2_AxisAligned_d8: acc=0.959 train=0.5s best=3.429µs (0.7s, ETA 0.3h)
  [691/2940] churn_s2_AxisAligned_d10: acc=0.959 train=0.7s best=3.173µs (0.9s, ETA 0.3h)
  [692/2940] churn_s2_Oblique_d3: acc=0.965 train=0.5s best=1.304µs (0.7s, ETA 0.3h)
  [693/2940] churn_s2_Oblique_d4: acc=0.974 train=0.7s best=2.208µs (0.9s, ETA 0.3h)
  [694/2940] churn_s2_Oblique_d5: acc=0.976 train=0.9s best=3.220µs (1.2s, ETA 0.3h)
  [695/2940] churn_s2_Oblique_d6: acc=0.975 train=1.2s best=4.472µs (1.5s, ETA 0.3h)
  [696/2940] churn_s2_Oblique_d8: acc=0.98 train=1.9s best=7.000µs (2.2s, ETA 0.3h)
  [697/2940] churn_s3_AxisAligned_d3: acc=0.938 train=0.1s best=0.183µs (0.2s, ETA 0.3h)
  [698/2940] churn_s3_AxisAligned_d4: acc=0.954 train=0.1s best=0.368µs (0.3s, ETA 0.3h)
  [699/2940] churn_s3_AxisAligned_d5: acc=0.957 train=0.2s best=0.572µs (0.4s, ETA 0.3h)
  [700/2940] churn_s3_AxisAligned_d6: acc=0.953 train=0.2s best=0.764µs (0.5s, ETA 0.3h)
  [701/2940] churn_s3_AxisAligned_d7: acc=0.957 train=0.3s best=1.273µs (0.6s, ETA 0.3h)
  [702/2940] churn_s3_AxisAligned_d8: acc=0.955 train=0.5s best=4.741µs (0.7s, ETA 0.3h)
  [703/2940] churn_s3_AxisAligned_d10: acc=0.953 train=0.9s best=4.779µs (1.2s, ETA 0.3h)
  [704/2940] churn_s3_Oblique_d3: acc=0.961 train=0.4s best=1.227µs (0.6s, ETA 0.3h)
  [705/2940] churn_s3_Oblique_d4: acc=0.966 train=0.7s best=2.245µs (0.9s, ETA 0.3h)
  [706/2940] churn_s3_Oblique_d5: acc=0.972 train=0.9s best=3.329µs (1.1s, ETA 0.3h)
  [707/2940] churn_s3_Oblique_d6: acc=0.972 train=1.2s best=4.844µs (1.5s, ETA 0.3h)
  [708/2940] churn_s3_Oblique_d8: acc=0.97 train=1.9s best=7.293µs (2.2s, ETA 0.3h)
  [709/2940] churn_s4_AxisAligned_d3: acc=0.94 train=0.1s best=0.196µs (0.2s, ETA 0.3h)
  [710/2940] churn_s4_AxisAligned_d4: acc=0.957 train=0.1s best=0.331µs (0.3s, ETA 0.3h)
  [711/2940] churn_s4_AxisAligned_d5: acc=0.958 train=0.1s best=0.420µs (0.3s, ETA 0.3h)
  [712/2940] churn_s4_AxisAligned_d6: acc=0.956 train=0.2s best=0.499µs (0.3s, ETA 0.3h)
  [713/2940] churn_s4_AxisAligned_d7: acc=0.956 train=0.3s best=0.805µs (0.5s, ETA 0.3h)
  [714/2940] churn_s4_AxisAligned_d8: acc=0.958 train=0.3s best=1.222µs (0.5s, ETA 0.3h)
  [715/2940] churn_s4_AxisAligned_d10: acc=0.957 train=0.6s best=1.579µs (0.8s, ETA 0.3h)
  [716/2940] churn_s4_Oblique_d3: acc=0.961 train=0.4s best=1.444µs (0.6s, ETA 0.3h)
  [717/2940] churn_s4_Oblique_d4: acc=0.965 train=0.6s best=1.570µs (0.8s, ETA 0.3h)
  [718/2940] churn_s4_Oblique_d5: acc=0.967 train=0.9s best=1.950µs (1.1s, ETA 0.3h)
  [719/2940] churn_s4_Oblique_d6: acc=0.959 train=0.8s best=1.231µs (1.0s, ETA 0.3h)
  [720/2940] churn_s4_Oblique_d8: acc=0.968 train=1.3s best=1.988µs (1.5s, ETA 0.3h)
  fetching OpenML id=1120 (MagicTelescope) ...

=== Dataset MagicTelescope (openml:1120) shape=(19020, 11) regime=correlated ===
  [721/2940] MagicTelescope_s0_AxisAligned_d3: acc=0.853312 train=0.1s best=0.250µs (0.8s, ETA 0.3h)
  [722/2940] MagicTelescope_s0_AxisAligned_d4: acc=0.865142 train=0.2s best=0.430µs (1.0s, ETA 0.3h)
  [723/2940] MagicTelescope_s0_AxisAligned_d5: acc=0.869085 train=0.2s best=0.689µs (1.2s, ETA 0.3h)
  [724/2940] MagicTelescope_s0_AxisAligned_d6: acc=0.867245 train=0.3s best=1.008µs (1.3s, ETA 0.3h)
  [725/2940] MagicTelescope_s0_AxisAligned_d7: acc=0.876183 train=0.4s best=1.688µs (1.7s, ETA 0.3h)
  [726/2940] MagicTelescope_s0_AxisAligned_d8: acc=0.872765 train=0.5s best=3.702µs (1.8s, ETA 0.3h)
  [727/2940] MagicTelescope_s0_AxisAligned_d10: acc=0.866982 train=0.9s best=5.124µs (2.6s, ETA 0.3h)
  [728/2940] MagicTelescope_s0_Oblique_d3: acc=0.857518 train=0.6s best=1.713µs (1.2s, ETA 0.3h)
  [729/2940] MagicTelescope_s0_Oblique_d4: acc=0.869085 train=0.7s best=2.917µs (1.5s, ETA 0.3h)
  [730/2940] MagicTelescope_s0_Oblique_d5: acc=0.873028 train=0.9s best=4.356µs (1.8s, ETA 0.3h)
  [731/2940] MagicTelescope_s0_Oblique_d6: acc=0.873554 train=1.1s best=6.332µs (2.2s, ETA 0.3h)
  [732/2940] MagicTelescope_s0_Oblique_d8: acc=0.8796 train=2.3s best=8.868µs (3.7s, ETA 0.4h)
  [733/2940] MagicTelescope_s1_AxisAligned_d3: acc=0.859359 train=0.1s best=0.246µs (0.8s, ETA 0.4h)
  [734/2940] MagicTelescope_s1_AxisAligned_d4: acc=0.866982 train=0.2s best=0.428µs (1.0s, ETA 0.4h)
  [735/2940] MagicTelescope_s1_AxisAligned_d5: acc=0.868822 train=0.2s best=0.680µs (1.2s, ETA 0.4h)
  [736/2940] MagicTelescope_s1_AxisAligned_d6: acc=0.873817 train=0.3s best=1.061µs (1.4s, ETA 0.4h)
  [737/2940] MagicTelescope_s1_AxisAligned_d7: acc=0.868822 train=0.4s best=1.881µs (1.7s, ETA 0.4h)
  [738/2940] MagicTelescope_s1_AxisAligned_d8: acc=0.87224 train=0.5s best=3.280µs (1.7s, ETA 0.4h)
  [739/2940] MagicTelescope_s1_AxisAligned_d10: acc=0.870662 train=0.9s best=4.210µs (2.4s, ETA 0.4h)
  [740/2940] MagicTelescope_s1_Oblique_d3: acc=0.856467 train=0.4s best=1.704µs (1.0s, ETA 0.4h)
  [741/2940] MagicTelescope_s1_Oblique_d4: acc=0.866456 train=0.6s best=2.865µs (1.4s, ETA 0.4h)
  [742/2940] MagicTelescope_s1_Oblique_d5: acc=0.869085 train=0.8s best=3.916µs (1.7s, ETA 0.4h)
  [743/2940] MagicTelescope_s1_Oblique_d6: acc=0.869611 train=1.0s best=6.173µs (2.1s, ETA 0.4h)
  [744/2940] MagicTelescope_s1_Oblique_d8: acc=0.870925 train=1.7s best=8.002µs (3.0s, ETA 0.4h)
  [745/2940] MagicTelescope_s2_AxisAligned_d3: acc=0.85489 train=0.1s best=0.247µs (0.8s, ETA 0.4h)
  [746/2940] MagicTelescope_s2_AxisAligned_d4: acc=0.863565 train=0.2s best=0.424µs (1.0s, ETA 0.4h)
  [747/2940] MagicTelescope_s2_AxisAligned_d5: acc=0.866982 train=0.2s best=0.803µs (1.2s, ETA 0.4h)
  [748/2940] MagicTelescope_s2_AxisAligned_d6: acc=0.869611 train=0.3s best=1.044µs (1.4s, ETA 0.4h)
  [749/2940] MagicTelescope_s2_AxisAligned_d7: acc=0.8704 train=0.4s best=1.661µs (1.7s, ETA 0.4h)
  [750/2940] MagicTelescope_s2_AxisAligned_d8: acc=0.871188 train=0.5s best=3.358µs (1.8s, ETA 0.4h)
  [751/2940] MagicTelescope_s2_AxisAligned_d10: acc=0.869874 train=0.9s best=4.468µs (2.4s, ETA 0.4h)
  [752/2940] MagicTelescope_s2_Oblique_d3: acc=0.859884 train=0.4s best=1.723µs (1.0s, ETA 0.4h)
  [753/2940] MagicTelescope_s2_Oblique_d4: acc=0.8704 train=0.6s best=2.875µs (1.3s, ETA 0.4h)
  [754/2940] MagicTelescope_s2_Oblique_d5: acc=0.871714 train=0.8s best=4.253µs (1.7s, ETA 0.4h)
  [755/2940] MagicTelescope_s2_Oblique_d6: acc=0.878286 train=1.0s best=6.118µs (2.1s, ETA 0.4h)
  [756/2940] MagicTelescope_s2_Oblique_d8: acc=0.879863 train=1.7s best=10.044µs (3.2s, ETA 0.4h)
  [757/2940] MagicTelescope_s3_AxisAligned_d3: acc=0.864616 train=0.1s best=0.243µs (0.8s, ETA 0.4h)
  [758/2940] MagicTelescope_s3_AxisAligned_d4: acc=0.878812 train=0.2s best=0.417µs (1.0s, ETA 0.4h)
  [759/2940] MagicTelescope_s3_AxisAligned_d5: acc=0.879075 train=0.2s best=0.672µs (1.2s, ETA 0.4h)
  [760/2940] MagicTelescope_s3_AxisAligned_d6: acc=0.882229 train=0.3s best=1.269µs (1.4s, ETA 0.4h)
  [761/2940] MagicTelescope_s3_AxisAligned_d7: acc=0.878812 train=0.4s best=1.600µs (1.6s, ETA 0.4h)
  [762/2940] MagicTelescope_s3_AxisAligned_d8: acc=0.881441 train=0.5s best=3.841µs (1.9s, ETA 0.4h)
  [763/2940] MagicTelescope_s3_AxisAligned_d10: acc=0.881703 train=0.9s best=4.247µs (2.4s, ETA 0.4h)
  [764/2940] MagicTelescope_s3_Oblique_d3: acc=0.87224 train=0.4s best=1.647µs (1.0s, ETA 0.4h)
  [765/2940] MagicTelescope_s3_Oblique_d4: acc=0.880126 train=0.6s best=2.867µs (1.3s, ETA 0.4h)
  [766/2940] MagicTelescope_s3_Oblique_d5: acc=0.880389 train=0.8s best=4.412µs (1.7s, ETA 0.4h)
  [767/2940] MagicTelescope_s3_Oblique_d6: acc=0.882755 train=1.0s best=6.073µs (2.1s, ETA 0.4h)
  [768/2940] MagicTelescope_s3_Oblique_d8: acc=0.887224 train=1.7s best=7.834µs (3.0s, ETA 0.4h)
  [769/2940] MagicTelescope_s4_AxisAligned_d3: acc=0.866456 train=0.1s best=0.247µs (0.8s, ETA 0.4h)
  [770/2940] MagicTelescope_s4_AxisAligned_d4: acc=0.876972 train=0.2s best=0.420µs (1.0s, ETA 0.4h)
  [771/2940] MagicTelescope_s4_AxisAligned_d5: acc=0.880652 train=0.2s best=0.682µs (1.2s, ETA 0.4h)
  [772/2940] MagicTelescope_s4_AxisAligned_d6: acc=0.882492 train=0.3s best=1.078µs (1.4s, ETA 0.4h)
  [773/2940] MagicTelescope_s4_AxisAligned_d7: acc=0.882755 train=0.4s best=1.649µs (1.7s, ETA 0.4h)
  [774/2940] MagicTelescope_s4_AxisAligned_d8: acc=0.880652 train=0.5s best=2.366µs (1.5s, ETA 0.4h)
  [775/2940] MagicTelescope_s4_AxisAligned_d10: acc=0.874869 train=0.7s best=2.190µs (1.7s, ETA 0.4h)
  [776/2940] MagicTelescope_s4_Oblique_d3: acc=0.873817 train=0.4s best=1.716µs (1.0s, ETA 0.4h)
  [777/2940] MagicTelescope_s4_Oblique_d4: acc=0.888276 train=0.6s best=2.895µs (1.3s, ETA 0.4h)
  [778/2940] MagicTelescope_s4_Oblique_d5: acc=0.88959 train=0.8s best=4.338µs (1.7s, ETA 0.4h)
  [779/2940] MagicTelescope_s4_Oblique_d6: acc=0.891956 train=1.0s best=5.689µs (2.1s, ETA 0.4h)
  [780/2940] MagicTelescope_s4_Oblique_d8: acc=0.893796 train=1.7s best=8.621µs (3.1s, ETA 0.4h)
  fetching OpenML id=41150 (MiniBooNE) ...

=== Dataset MiniBooNE (openml:41150) shape=(130064, 51) regime=correlated ===
  [781/2940] MiniBooNE_s0_AxisAligned_d3: acc=0.9168 train=0.3s best=0.363µs (2.2s, ETA 0.4h)
  [782/2940] MiniBooNE_s0_AxisAligned_d4: acc=0.9277 train=0.4s best=0.671µs (2.7s, ETA 0.4h)
  [783/2940] MiniBooNE_s0_AxisAligned_d5: acc=0.929 train=0.6s best=1.067µs (3.3s, ETA 0.4h)
  [784/2940] MiniBooNE_s0_AxisAligned_d6: acc=0.9307 train=0.9s best=1.458µs (3.8s, ETA 0.4h)
  [785/2940] MiniBooNE_s0_AxisAligned_d7: acc=0.9317 train=1.3s best=2.107µs (4.7s, ETA 0.4h)
  [786/2940] MiniBooNE_s0_AxisAligned_d8: acc=0.9292 train=1.8s best=2.884µs (4.7s, ETA 0.4h)
  [787/2940] MiniBooNE_s0_AxisAligned_d10: acc=0.9273 train=3.1s best=2.369µs (5.8s, ETA 0.4h)
  [788/2940] MiniBooNE_s0_Oblique_d3: acc=0.9227 train=2.8s best=1.865µs (4.5s, ETA 0.4h)
  [789/2940] MiniBooNE_s0_Oblique_d4: acc=0.9309 train=4.2s best=2.928µs (6.2s, ETA 0.4h)
  [790/2940] MiniBooNE_s0_Oblique_d5: acc=0.9336 train=5.6s best=4.041µs (7.9s, ETA 0.4h)
  [791/2940] MiniBooNE_s0_Oblique_d6: acc=0.9355 train=7.3s best=4.090µs (9.6s, ETA 0.4h)
  [792/2940] MiniBooNE_s0_Oblique_d8: acc=0.9365 train=10.9s best=6.520µs (14.0s, ETA 0.4h)
  [793/2940] MiniBooNE_s1_AxisAligned_d3: acc=0.9208 train=0.3s best=0.382µs (2.2s, ETA 0.4h)
  [794/2940] MiniBooNE_s1_AxisAligned_d4: acc=0.9279 train=0.4s best=0.715µs (2.8s, ETA 0.4h)
  [795/2940] MiniBooNE_s1_AxisAligned_d5: acc=0.9302 train=0.6s best=1.113µs (3.4s, ETA 0.4h)
  [796/2940] MiniBooNE_s1_AxisAligned_d6: acc=0.9322 train=0.9s best=1.573µs (4.0s, ETA 0.4h)
  [797/2940] MiniBooNE_s1_AxisAligned_d7: acc=0.931 train=1.2s best=1.823µs (4.2s, ETA 0.4h)
  [798/2940] MiniBooNE_s1_AxisAligned_d8: acc=0.9305 train=1.5s best=2.233µs (4.1s, ETA 0.4h)
  [799/2940] MiniBooNE_s1_AxisAligned_d10: acc=0.9273 train=2.4s best=1.778µs (4.7s, ETA 0.4h)
  [800/2940] MiniBooNE_s1_Oblique_d3: acc=0.9265 train=2.7s best=1.972µs (4.4s, ETA 0.5h)
  [801/2940] MiniBooNE_s1_Oblique_d4: acc=0.9313 train=4.1s best=3.031µs (6.1s, ETA 0.5h)
  [802/2940] MiniBooNE_s1_Oblique_d5: acc=0.9337 train=5.5s best=4.569µs (8.0s, ETA 0.5h)
  [803/2940] MiniBooNE_s1_Oblique_d6: acc=0.9323 train=7.2s best=6.316µs (10.1s, ETA 0.5h)
  [804/2940] MiniBooNE_s1_Oblique_d8: acc=0.9325 train=8.9s best=5.699µs (11.7s, ETA 0.5h)
  [805/2940] MiniBooNE_s2_AxisAligned_d3: acc=0.9173 train=0.3s best=0.349µs (2.3s, ETA 0.5h)
  [806/2940] MiniBooNE_s2_AxisAligned_d4: acc=0.9243 train=0.4s best=0.701µs (2.8s, ETA 0.5h)
  [807/2940] MiniBooNE_s2_AxisAligned_d5: acc=0.9286 train=0.6s best=1.133µs (3.4s, ETA 0.5h)
  [808/2940] MiniBooNE_s2_AxisAligned_d6: acc=0.9283 train=0.9s best=1.402µs (3.6s, ETA 0.5h)
  [809/2940] MiniBooNE_s2_AxisAligned_d7: acc=0.9297 train=1.2s best=2.132µs (4.8s, ETA 0.5h)
  [810/2940] MiniBooNE_s2_AxisAligned_d8: acc=0.9264 train=1.6s best=2.094µs (4.1s, ETA 0.5h)
  [811/2940] MiniBooNE_s2_AxisAligned_d10: acc=0.926 train=2.8s best=2.319µs (5.5s, ETA 0.5h)
  [812/2940] MiniBooNE_s2_Oblique_d3: acc=0.9257 train=2.6s best=1.964µs (4.4s, ETA 0.5h)
  [813/2940] MiniBooNE_s2_Oblique_d4: acc=0.9277 train=3.9s best=3.070µs (5.9s, ETA 0.5h)
  [814/2940] MiniBooNE_s2_Oblique_d5: acc=0.9317 train=5.4s best=4.643µs (7.8s, ETA 0.5h)
  [815/2940] MiniBooNE_s2_Oblique_d6: acc=0.9336 train=6.9s best=5.758µs (9.7s, ETA 0.5h)
  [816/2940] MiniBooNE_s2_Oblique_d8: acc=0.9343 train=10.7s best=7.739µs (14.1s, ETA 0.5h)
  [817/2940] MiniBooNE_s3_AxisAligned_d3: acc=0.9145 train=0.3s best=0.366µs (2.2s, ETA 0.5h)
  [818/2940] MiniBooNE_s3_AxisAligned_d4: acc=0.922 train=0.4s best=0.695µs (2.8s, ETA 0.5h)
  [819/2940] MiniBooNE_s3_AxisAligned_d5: acc=0.9247 train=0.6s best=1.085µs (3.3s, ETA 0.5h)
  [820/2940] MiniBooNE_s3_AxisAligned_d6: acc=0.9271 train=0.9s best=1.550µs (4.1s, ETA 0.5h)
  [821/2940] MiniBooNE_s3_AxisAligned_d7: acc=0.9278 train=1.2s best=2.140µs (4.8s, ETA 0.5h)
  [822/2940] MiniBooNE_s3_AxisAligned_d8: acc=0.9247 train=1.6s best=2.299µs (4.3s, ETA 0.5h)
  [823/2940] MiniBooNE_s3_AxisAligned_d10: acc=0.9234 train=2.8s best=2.291µs (5.5s, ETA 0.5h)
  [824/2940] MiniBooNE_s3_Oblique_d3: acc=0.9215 train=2.7s best=1.940µs (4.5s, ETA 0.5h)
  [825/2940] MiniBooNE_s3_Oblique_d4: acc=0.9272 train=4.1s best=3.110µs (6.2s, ETA 0.5h)
  [826/2940] MiniBooNE_s3_Oblique_d5: acc=0.93 train=5.6s best=4.554µs (8.1s, ETA 0.5h)
  [827/2940] MiniBooNE_s3_Oblique_d6: acc=0.9315 train=7.2s best=5.902µs (10.0s, ETA 0.5h)
  [828/2940] MiniBooNE_s3_Oblique_d8: acc=0.9292 train=10.3s best=5.638µs (13.1s, ETA 0.6h)
  [829/2940] MiniBooNE_s4_AxisAligned_d3: acc=0.9163 train=0.3s best=0.369µs (2.2s, ETA 0.6h)
  [830/2940] MiniBooNE_s4_AxisAligned_d4: acc=0.9225 train=0.4s best=0.686µs (2.8s, ETA 0.6h)
  [831/2940] MiniBooNE_s4_AxisAligned_d5: acc=0.9263 train=0.6s best=1.170µs (3.4s, ETA 0.6h)
  [832/2940] MiniBooNE_s4_AxisAligned_d6: acc=0.9277 train=0.9s best=1.588µs (4.0s, ETA 0.6h)
  [833/2940] MiniBooNE_s4_AxisAligned_d7: acc=0.9283 train=1.2s best=2.209µs (4.8s, ETA 0.6h)
  [834/2940] MiniBooNE_s4_AxisAligned_d8: acc=0.928 train=1.7s best=2.461µs (4.4s, ETA 0.6h)
  [835/2940] MiniBooNE_s4_AxisAligned_d10: acc=0.9235 train=2.7s best=2.119µs (5.3s, ETA 0.6h)
  [836/2940] MiniBooNE_s4_Oblique_d3: acc=0.9241 train=2.7s best=1.992µs (4.5s, ETA 0.6h)
  [837/2940] MiniBooNE_s4_Oblique_d4: acc=0.929 train=4.0s best=3.037µs (6.1s, ETA 0.6h)
  [838/2940] MiniBooNE_s4_Oblique_d5: acc=0.9346 train=5.5s best=4.377µs (7.9s, ETA 0.6h)
  [839/2940] MiniBooNE_s4_Oblique_d6: acc=0.9349 train=7.1s best=5.580µs (9.9s, ETA 0.6h)
  [840/2940] MiniBooNE_s4_Oblique_d8: acc=0.933 train=10.2s best=5.704µs (13.0s, ETA 0.6h)
  fetching OpenML id=45023 (heloc) ...

=== Dataset heloc (openml:45023) shape=(10000, 23) regime=production ===
  [841/2940] heloc_s0_AxisAligned_d3: acc=0.724 train=0.1s best=0.271µs (0.5s, ETA 0.6h)
  [842/2940] heloc_s0_AxisAligned_d4: acc=0.7295 train=0.2s best=0.388µs (0.6s, ETA 0.6h)
  [843/2940] heloc_s0_AxisAligned_d5: acc=0.7245 train=0.3s best=0.469µs (0.7s, ETA 0.6h)
  [844/2940] heloc_s0_AxisAligned_d6: acc=0.7225 train=0.3s best=0.620µs (0.8s, ETA 0.6h)
  [845/2940] heloc_s0_AxisAligned_d7: acc=0.7245 train=0.4s best=0.748µs (0.8s, ETA 0.6h)
  [846/2940] heloc_s0_AxisAligned_d8: acc=0.7295 train=0.5s best=1.156µs (0.9s, ETA 0.6h)
  [847/2940] heloc_s0_AxisAligned_d10: acc=0.7205 train=0.8s best=0.991µs (1.3s, ETA 0.6h)
  [848/2940] heloc_s0_Oblique_d3: acc=0.7285 train=1.0s best=1.345µs (1.3s, ETA 0.6h)
  [849/2940] heloc_s0_Oblique_d4: acc=0.7285 train=1.3s best=1.669µs (1.7s, ETA 0.6h)
  [850/2940] heloc_s0_Oblique_d5: acc=0.7265 train=1.8s best=2.253µs (2.2s, ETA 0.6h)
  [851/2940] heloc_s0_Oblique_d6: acc=0.732 train=1.9s best=2.258µs (2.3s, ETA 0.6h)
  [852/2940] heloc_s0_Oblique_d8: acc=0.7205 train=2.7s best=2.982µs (3.1s, ETA 0.6h)
  [853/2940] heloc_s1_AxisAligned_d3: acc=0.724 train=0.1s best=0.273µs (0.5s, ETA 0.6h)
  [854/2940] heloc_s1_AxisAligned_d4: acc=0.726 train=0.2s best=0.399µs (0.6s, ETA 0.6h)
  [855/2940] heloc_s1_AxisAligned_d5: acc=0.727 train=0.3s best=0.638µs (0.7s, ETA 0.6h)
  [856/2940] heloc_s1_AxisAligned_d6: acc=0.731 train=0.3s best=0.667µs (0.8s, ETA 0.6h)
  [857/2940] heloc_s1_AxisAligned_d7: acc=0.7325 train=0.4s best=0.822µs (0.8s, ETA 0.6h)
  [858/2940] heloc_s1_AxisAligned_d8: acc=0.73 train=0.5s best=0.969µs (0.9s, ETA 0.6h)
  [859/2940] heloc_s1_AxisAligned_d10: acc=0.7155 train=0.9s best=1.640µs (1.5s, ETA 0.6h)
  [860/2940] heloc_s1_Oblique_d3: acc=0.734 train=0.9s best=1.183µs (1.3s, ETA 0.6h)
  [861/2940] heloc_s1_Oblique_d4: acc=0.731 train=1.4s best=2.529µs (1.9s, ETA 0.6h)
  [862/2940] heloc_s1_Oblique_d5: acc=0.723 train=1.7s best=2.194µs (2.1s, ETA 0.6h)
  [863/2940] heloc_s1_Oblique_d6: acc=0.7345 train=2.3s best=3.275µs (2.8s, ETA 0.6h)
  [864/2940] heloc_s1_Oblique_d8: acc=0.7235 train=2.3s best=1.974µs (2.7s, ETA 0.6h)
  [865/2940] heloc_s2_AxisAligned_d3: acc=0.726 train=0.1s best=0.277µs (0.5s, ETA 0.6h)
  [866/2940] heloc_s2_AxisAligned_d4: acc=0.728 train=0.2s best=0.365µs (0.6s, ETA 0.6h)
  [867/2940] heloc_s2_AxisAligned_d5: acc=0.729 train=0.2s best=0.416µs (0.6s, ETA 0.6h)
  [868/2940] heloc_s2_AxisAligned_d6: acc=0.735 train=0.3s best=0.570µs (0.7s, ETA 0.6h)
  [869/2940] heloc_s2_AxisAligned_d7: acc=0.7275 train=0.3s best=0.645µs (0.8s, ETA 0.6h)
  [870/2940] heloc_s2_AxisAligned_d8: acc=0.728 train=0.6s best=1.811µs (1.1s, ETA 0.6h)
  [871/2940] heloc_s2_AxisAligned_d10: acc=0.7075 train=0.8s best=0.781µs (1.2s, ETA 0.6h)
  [872/2940] heloc_s2_Oblique_d3: acc=0.722 train=0.9s best=1.540µs (1.3s, ETA 0.6h)
  [873/2940] heloc_s2_Oblique_d4: acc=0.723 train=1.3s best=1.580µs (1.6s, ETA 0.6h)
  [874/2940] heloc_s2_Oblique_d5: acc=0.724 train=1.3s best=1.375µs (1.7s, ETA 0.6h)
  [875/2940] heloc_s2_Oblique_d6: acc=0.723 train=1.7s best=1.819µs (2.1s, ETA 0.6h)
  [876/2940] heloc_s2_Oblique_d8: acc=0.7195 train=2.5s best=2.482µs (2.9s, ETA 0.6h)
  [877/2940] heloc_s3_AxisAligned_d3: acc=0.7215 train=0.1s best=0.277µs (0.5s, ETA 0.6h)
  [878/2940] heloc_s3_AxisAligned_d4: acc=0.722 train=0.2s best=0.434µs (0.7s, ETA 0.6h)
  [879/2940] heloc_s3_AxisAligned_d5: acc=0.7235 train=0.3s best=0.670µs (0.8s, ETA 0.6h)
  [880/2940] heloc_s3_AxisAligned_d6: acc=0.7165 train=0.4s best=0.872µs (1.0s, ETA 0.6h)
  [881/2940] heloc_s3_AxisAligned_d7: acc=0.716 train=0.4s best=0.734µs (0.8s, ETA 0.6h)
  [882/2940] heloc_s3_AxisAligned_d8: acc=0.723 train=0.5s best=1.048µs (0.9s, ETA 0.6h)
  [883/2940] heloc_s3_AxisAligned_d10: acc=0.7145 train=0.9s best=1.400µs (1.4s, ETA 0.6h)
  [884/2940] heloc_s3_Oblique_d3: acc=0.724 train=0.9s best=1.675µs (1.3s, ETA 0.6h)
  [885/2940] heloc_s3_Oblique_d4: acc=0.728 train=1.2s best=1.355µs (1.5s, ETA 0.6h)
  [886/2940] heloc_s3_Oblique_d5: acc=0.7215 train=1.6s best=1.778µs (2.0s, ETA 0.6h)
  [887/2940] heloc_s3_Oblique_d6: acc=0.7265 train=1.7s best=1.899µs (2.1s, ETA 0.6h)
  [888/2940] heloc_s3_Oblique_d8: acc=0.719 train=3.2s best=4.353µs (3.8s, ETA 0.6h)
  [889/2940] heloc_s4_AxisAligned_d3: acc=0.7275 train=0.1s best=0.208µs (0.5s, ETA 0.6h)
  [890/2940] heloc_s4_AxisAligned_d4: acc=0.7245 train=0.1s best=0.241µs (0.5s, ETA 0.6h)
  [891/2940] heloc_s4_AxisAligned_d5: acc=0.725 train=0.2s best=0.316µs (0.5s, ETA 0.6h)
  [892/2940] heloc_s4_AxisAligned_d6: acc=0.72 train=0.2s best=0.402µs (0.6s, ETA 0.6h)
  [893/2940] heloc_s4_AxisAligned_d7: acc=0.7195 train=0.3s best=0.538µs (0.7s, ETA 0.6h)
  [894/2940] heloc_s4_AxisAligned_d8: acc=0.716 train=0.4s best=0.778µs (0.8s, ETA 0.6h)
  [895/2940] heloc_s4_AxisAligned_d10: acc=0.7135 train=0.8s best=0.971µs (1.2s, ETA 0.6h)
  [896/2940] heloc_s4_Oblique_d3: acc=0.7235 train=0.7s best=0.839µs (1.1s, ETA 0.6h)
  [897/2940] heloc_s4_Oblique_d4: acc=0.727 train=0.9s best=0.882µs (1.3s, ETA 0.6h)
  [898/2940] heloc_s4_Oblique_d5: acc=0.724 train=1.4s best=1.478µs (1.8s, ETA 0.6h)
  [899/2940] heloc_s4_Oblique_d6: acc=0.723 train=1.4s best=1.210µs (1.8s, ETA 0.6h)
  [900/2940] heloc_s4_Oblique_d8: acc=0.718 train=2.4s best=2.189µs (2.8s, ETA 0.6h)
  fetching OpenML id=722 (pol) ...

=== Dataset pol (openml:722) shape=(15000, 49) regime=correlated ===
  [901/2940] pol_s0_AxisAligned_d3: acc=0.945333 train=0.2s best=0.143µs (0.6s, ETA 0.6h)
  [902/2940] pol_s0_AxisAligned_d4: acc=0.967667 train=0.3s best=0.245µs (0.8s, ETA 0.6h)
  [903/2940] pol_s0_AxisAligned_d5: acc=0.979 train=0.5s best=0.373µs (1.0s, ETA 0.6h)
  [904/2940] pol_s0_AxisAligned_d6: acc=0.981667 train=0.7s best=0.682µs (1.3s, ETA 0.6h)
  [905/2940] pol_s0_AxisAligned_d7: acc=0.982667 train=1.0s best=0.938µs (1.8s, ETA 0.6h)
  [906/2940] pol_s0_AxisAligned_d8: acc=0.984333 train=1.5s best=4.358µs (2.3s, ETA 0.6h)
  [907/2940] pol_s0_AxisAligned_d10: acc=0.982333 train=2.8s best=5.999µs (3.8s, ETA 0.6h)
  [908/2940] pol_s0_Oblique_d3: acc=0.975667 train=1.9s best=2.013µs (2.4s, ETA 0.6h)
  [909/2940] pol_s0_Oblique_d4: acc=0.980667 train=5.1s best=3.201µs (5.7s, ETA 0.6h)
  [910/2940] pol_s0_Oblique_d5: acc=0.982333 train=3.9s best=4.957µs (4.7s, ETA 0.6h)
  [911/2940] pol_s0_Oblique_d6: acc=0.981 train=5.1s best=7.005µs (6.0s, ETA 0.6h)
  [912/2940] pol_s0_Oblique_d8: acc=0.982 train=10.6s best=10.661µs (11.9s, ETA 0.6h)
  [913/2940] pol_s1_AxisAligned_d3: acc=0.944667 train=0.2s best=0.147µs (0.6s, ETA 0.6h)
  [914/2940] pol_s1_AxisAligned_d4: acc=0.962 train=0.3s best=0.250µs (0.8s, ETA 0.6h)
  [915/2940] pol_s1_AxisAligned_d5: acc=0.978333 train=0.4s best=0.389µs (1.0s, ETA 0.6h)
  [916/2940] pol_s1_AxisAligned_d6: acc=0.984 train=0.7s best=0.646µs (1.3s, ETA 0.6h)
  [917/2940] pol_s1_AxisAligned_d7: acc=0.986667 train=1.0s best=0.860µs (1.7s, ETA 0.6h)
  [918/2940] pol_s1_AxisAligned_d8: acc=0.984333 train=1.4s best=3.452µs (2.1s, ETA 0.6h)
  [919/2940] pol_s1_AxisAligned_d10: acc=0.982333 train=2.9s best=4.234µs (3.7s, ETA 0.6h)
  [920/2940] pol_s1_Oblique_d3: acc=0.974 train=1.8s best=1.980µs (2.3s, ETA 0.6h)
  [921/2940] pol_s1_Oblique_d4: acc=0.981333 train=2.7s best=3.154µs (3.3s, ETA 0.6h)
  [922/2940] pol_s1_Oblique_d5: acc=0.985333 train=3.7s best=4.730µs (4.5s, ETA 0.6h)
  [923/2940] pol_s1_Oblique_d6: acc=0.987 train=5.0s best=6.916µs (5.9s, ETA 0.6h)
  [924/2940] pol_s1_Oblique_d8: acc=0.986 train=8.2s best=9.124µs (9.3s, ETA 0.6h)
  [925/2940] pol_s2_AxisAligned_d3: acc=0.943667 train=0.2s best=0.149µs (0.6s, ETA 0.6h)
  [926/2940] pol_s2_AxisAligned_d4: acc=0.965667 train=0.3s best=0.241µs (0.8s, ETA 0.6h)
  [927/2940] pol_s2_AxisAligned_d5: acc=0.981333 train=0.4s best=0.385µs (1.0s, ETA 0.6h)
  [928/2940] pol_s2_AxisAligned_d6: acc=0.985333 train=0.7s best=0.606µs (1.3s, ETA 0.6h)
  [929/2940] pol_s2_AxisAligned_d7: acc=0.983 train=1.0s best=0.906µs (1.7s, ETA 0.6h)
  [930/2940] pol_s2_AxisAligned_d8: acc=0.984667 train=1.4s best=4.265µs (2.2s, ETA 0.6h)
  [931/2940] pol_s2_AxisAligned_d10: acc=0.982333 train=2.7s best=3.471µs (3.4s, ETA 0.6h)
  [932/2940] pol_s2_Oblique_d3: acc=0.971 train=1.7s best=1.932µs (2.3s, ETA 0.6h)
  [933/2940] pol_s2_Oblique_d4: acc=0.982333 train=2.7s best=3.101µs (3.3s, ETA 0.6h)
  [934/2940] pol_s2_Oblique_d5: acc=0.982667 train=3.7s best=4.689µs (4.5s, ETA 0.6h)
  [935/2940] pol_s2_Oblique_d6: acc=0.983333 train=4.9s best=6.875µs (5.9s, ETA 0.6h)
  [936/2940] pol_s2_Oblique_d8: acc=0.984667 train=8.1s best=7.446µs (9.1s, ETA 0.6h)
  [937/2940] pol_s3_AxisAligned_d3: acc=0.942667 train=0.2s best=0.146µs (0.6s, ETA 0.6h)
  [938/2940] pol_s3_AxisAligned_d4: acc=0.968333 train=0.3s best=0.248µs (0.8s, ETA 0.6h)
  [939/2940] pol_s3_AxisAligned_d5: acc=0.979 train=0.4s best=0.402µs (1.0s, ETA 0.6h)
  [940/2940] pol_s3_AxisAligned_d6: acc=0.980333 train=0.7s best=0.581µs (1.3s, ETA 0.6h)
  [941/2940] pol_s3_AxisAligned_d7: acc=0.98 train=1.0s best=0.867µs (1.7s, ETA 0.6h)
  [942/2940] pol_s3_AxisAligned_d8: acc=0.98 train=1.5s best=4.115µs (2.2s, ETA 0.6h)
  [943/2940] pol_s3_AxisAligned_d10: acc=0.980333 train=2.8s best=3.114µs (3.5s, ETA 0.6h)
  [944/2940] pol_s3_Oblique_d3: acc=0.969333 train=1.8s best=1.925µs (2.3s, ETA 0.6h)
  [945/2940] pol_s3_Oblique_d4: acc=0.981333 train=2.7s best=3.139µs (3.3s, ETA 0.6h)
  [946/2940] pol_s3_Oblique_d5: acc=0.982333 train=3.7s best=4.652µs (4.5s, ETA 0.6h)
  [947/2940] pol_s3_Oblique_d6: acc=0.983333 train=5.0s best=6.859µs (5.9s, ETA 0.6h)
  [948/2940] pol_s3_Oblique_d8: acc=0.984667 train=8.1s best=10.901µs (9.4s, ETA 0.6h)
  [949/2940] pol_s4_AxisAligned_d3: acc=0.945667 train=0.2s best=0.148µs (0.6s, ETA 0.6h)
  [950/2940] pol_s4_AxisAligned_d4: acc=0.966333 train=0.3s best=0.255µs (0.8s, ETA 0.6h)
  [951/2940] pol_s4_AxisAligned_d5: acc=0.981667 train=0.4s best=0.396µs (1.0s, ETA 0.6h)
  [952/2940] pol_s4_AxisAligned_d6: acc=0.986667 train=0.7s best=0.593µs (1.3s, ETA 0.6h)
  [953/2940] pol_s4_AxisAligned_d7: acc=0.989 train=1.0s best=0.921µs (1.7s, ETA 0.6h)
  [954/2940] pol_s4_AxisAligned_d8: acc=0.987333 train=1.4s best=4.244µs (2.2s, ETA 0.6h)
  [955/2940] pol_s4_AxisAligned_d10: acc=0.985 train=2.7s best=5.737µs (3.7s, ETA 0.6h)
  [956/2940] pol_s4_Oblique_d3: acc=0.973333 train=1.8s best=1.955µs (2.3s, ETA 0.6h)
  [957/2940] pol_s4_Oblique_d4: acc=0.982 train=2.7s best=3.202µs (3.3s, ETA 0.6h)
  [958/2940] pol_s4_Oblique_d5: acc=0.984667 train=3.7s best=4.806µs (4.4s, ETA 0.6h)
  [959/2940] pol_s4_Oblique_d6: acc=0.986333 train=4.9s best=6.847µs (5.9s, ETA 0.6h)
  [960/2940] pol_s4_Oblique_d8: acc=0.986667 train=7.9s best=6.529µs (8.8s, ETA 0.6h)
  fetching OpenML id=821 (house_16H) ...

=== Dataset house_16H (openml:821) shape=(22784, 17) regime=near-linear ===
  [961/2940] house_16H_s0_AxisAligned_d3: acc=0.877112 train=0.1s best=0.277µs (1.0s, ETA 0.6h)
  [962/2940] house_16H_s0_AxisAligned_d4: acc=0.884134 train=0.2s best=0.445µs (1.2s, ETA 0.6h)
  [963/2940] house_16H_s0_AxisAligned_d5: acc=0.890498 train=0.3s best=0.681µs (1.5s, ETA 0.6h)
  [964/2940] house_16H_s0_AxisAligned_d6: acc=0.894668 train=0.4s best=1.097µs (1.8s, ETA 0.6h)
  [965/2940] house_16H_s0_AxisAligned_d7: acc=0.891156 train=0.5s best=1.800µs (2.2s, ETA 0.6h)
  [966/2940] house_16H_s0_AxisAligned_d8: acc=0.889181 train=0.7s best=4.006µs (2.3s, ETA 0.6h)
  [967/2940] house_16H_s0_AxisAligned_d10: acc=0.888084 train=1.1s best=2.596µs (2.4s, ETA 0.6h)
  [968/2940] house_16H_s0_Oblique_d3: acc=0.888084 train=0.8s best=2.114µs (1.6s, ETA 0.6h)
  [969/2940] house_16H_s0_Oblique_d4: acc=0.890937 train=1.2s best=3.259µs (2.2s, ETA 0.6h)
  [970/2940] house_16H_s0_Oblique_d5: acc=0.890498 train=1.6s best=4.893µs (2.8s, ETA 0.6h)
  [971/2940] house_16H_s0_Oblique_d6: acc=0.89357 train=2.1s best=6.012µs (3.4s, ETA 0.6h)
  [972/2940] house_16H_s0_Oblique_d8: acc=0.896204 train=3.3s best=6.936µs (4.7s, ETA 0.6h)
  [973/2940] house_16H_s1_AxisAligned_d3: acc=0.883476 train=0.1s best=0.282µs (1.0s, ETA 0.6h)
  [974/2940] house_16H_s1_AxisAligned_d4: acc=0.887865 train=0.2s best=0.455µs (1.2s, ETA 0.6h)
  [975/2940] house_16H_s1_AxisAligned_d5: acc=0.88984 train=0.3s best=0.672µs (1.5s, ETA 0.6h)
  [976/2940] house_16H_s1_AxisAligned_d6: acc=0.890498 train=0.4s best=0.917µs (1.5s, ETA 0.6h)
  [977/2940] house_16H_s1_AxisAligned_d7: acc=0.890498 train=0.5s best=1.485µs (1.9s, ETA 0.6h)
  [978/2940] house_16H_s1_AxisAligned_d8: acc=0.890279 train=0.7s best=2.816µs (2.0s, ETA 0.6h)
  [979/2940] house_16H_s1_AxisAligned_d10: acc=0.890498 train=1.0s best=1.780µs (2.0s, ETA 0.6h)
  [980/2940] house_16H_s1_Oblique_d3: acc=0.890718 train=0.8s best=2.037µs (1.5s, ETA 0.6h)
  [981/2940] house_16H_s1_Oblique_d4: acc=0.891595 train=1.2s best=3.265µs (2.1s, ETA 0.6h)
  [982/2940] house_16H_s1_Oblique_d5: acc=0.896862 train=1.6s best=5.022µs (2.7s, ETA 0.6h)
  [983/2940] house_16H_s1_Oblique_d6: acc=0.895984 train=2.1s best=4.655µs (3.1s, ETA 0.6h)
  [984/2940] house_16H_s1_Oblique_d8: acc=0.896204 train=2.6s best=4.761µs (3.7s, ETA 0.6h)
  [985/2940] house_16H_s2_AxisAligned_d3: acc=0.88172 train=0.1s best=0.273µs (1.0s, ETA 0.6h)
  [986/2940] house_16H_s2_AxisAligned_d4: acc=0.887865 train=0.2s best=0.444µs (1.2s, ETA 0.6h)
  [987/2940] house_16H_s2_AxisAligned_d5: acc=0.888962 train=0.3s best=0.676µs (1.4s, ETA 0.6h)
  [988/2940] house_16H_s2_AxisAligned_d6: acc=0.888523 train=0.4s best=1.129µs (1.8s, ETA 0.6h)
  [989/2940] house_16H_s2_AxisAligned_d7: acc=0.887645 train=0.5s best=1.639µs (2.1s, ETA 0.6h)
  [990/2940] house_16H_s2_AxisAligned_d8: acc=0.88962 train=0.7s best=3.401µs (2.1s, ETA 0.6h)
  [991/2940] house_16H_s2_AxisAligned_d10: acc=0.890059 train=1.1s best=2.439µs (2.3s, ETA 0.6h)
  [992/2940] house_16H_s2_Oblique_d3: acc=0.886768 train=0.8s best=2.071µs (1.5s, ETA 0.6h)
  [993/2940] house_16H_s2_Oblique_d4: acc=0.892034 train=1.2s best=3.257µs (2.1s, ETA 0.6h)
  [994/2940] house_16H_s2_Oblique_d5: acc=0.895106 train=1.6s best=4.085µs (2.6s, ETA 0.6h)
  [995/2940] house_16H_s2_Oblique_d6: acc=0.896204 train=2.1s best=6.750µs (3.4s, ETA 0.7h)
  [996/2940] house_16H_s2_Oblique_d8: acc=0.894229 train=2.8s best=5.378µs (4.0s, ETA 0.7h)
  [997/2940] house_16H_s3_AxisAligned_d3: acc=0.886768 train=0.1s best=0.264µs (1.0s, ETA 0.7h)
  [998/2940] house_16H_s3_AxisAligned_d4: acc=0.89379 train=0.2s best=0.429µs (1.2s, ETA 0.7h)
  [999/2940] house_16H_s3_AxisAligned_d5: acc=0.89379 train=0.3s best=0.681µs (1.5s, ETA 0.7h)
  [1000/2940] house_16H_s3_AxisAligned_d6: acc=0.896862 train=0.4s best=1.030µs (1.7s, ETA 0.7h)
  [1001/2940] house_16H_s3_AxisAligned_d7: acc=0.89357 train=0.5s best=1.526µs (2.0s, ETA 0.7h)
  [1002/2940] house_16H_s3_AxisAligned_d8: acc=0.892254 train=0.6s best=1.933µs (1.6s, ETA 0.7h)
  [1003/2940] house_16H_s3_AxisAligned_d10: acc=0.891595 train=1.1s best=2.584µs (2.3s, ETA 0.7h)
  [1004/2940] house_16H_s3_Oblique_d3: acc=0.895106 train=0.8s best=2.142µs (1.6s, ETA 0.7h)
  [1005/2940] house_16H_s3_Oblique_d4: acc=0.896643 train=1.2s best=3.400µs (2.1s, ETA 0.7h)
  [1006/2940] house_16H_s3_Oblique_d5: acc=0.898398 train=1.6s best=4.941µs (2.7s, ETA 0.7h)
  [1007/2940] house_16H_s3_Oblique_d6: acc=0.899715 train=2.1s best=6.913µs (3.4s, ETA 0.7h)
  [1008/2940] house_16H_s3_Oblique_d8: acc=0.898837 train=3.4s best=7.984µs (5.0s, ETA 0.7h)
  [1009/2940] house_16H_s4_AxisAligned_d3: acc=0.878648 train=0.1s best=0.272µs (1.0s, ETA 0.7h)
  [1010/2940] house_16H_s4_AxisAligned_d4: acc=0.884793 train=0.2s best=0.435µs (1.2s, ETA 0.7h)
  [1011/2940] house_16H_s4_AxisAligned_d5: acc=0.886109 train=0.3s best=0.692µs (1.5s, ETA 0.7h)
  [1012/2940] house_16H_s4_AxisAligned_d6: acc=0.886548 train=0.4s best=0.998µs (1.7s, ETA 0.7h)
  [1013/2940] house_16H_s4_AxisAligned_d7: acc=0.888304 train=0.4s best=1.163µs (1.5s, ETA 0.7h)
  [1014/2940] house_16H_s4_AxisAligned_d8: acc=0.886768 train=0.6s best=1.586µs (1.5s, ETA 0.7h)
  [1015/2940] house_16H_s4_AxisAligned_d10: acc=0.884354 train=0.9s best=1.217µs (1.8s, ETA 0.7h)
  [1016/2940] house_16H_s4_Oblique_d3: acc=0.883037 train=0.8s best=2.082µs (1.6s, ETA 0.7h)
  [1017/2940] house_16H_s4_Oblique_d4: acc=0.888523 train=1.2s best=3.192µs (2.1s, ETA 0.7h)
  [1018/2940] house_16H_s4_Oblique_d5: acc=0.890279 train=1.7s best=3.862µs (2.7s, ETA 0.7h)
  [1019/2940] house_16H_s4_Oblique_d6: acc=0.896862 train=2.1s best=6.008µs (3.4s, ETA 0.7h)
  [1020/2940] house_16H_s4_Oblique_d8: acc=0.88962 train=2.8s best=5.127µs (4.0s, ETA 0.7h)
  fetching OpenML id=42803 (road-safety) ...
[ERR] dataset road-safety failed to fetch: road-safety: expected binary, got 3 classes
  fetching OpenML id=1111 (KDDCup09_appetency) ...

=== Dataset KDDCup09_appetency (openml:1111) shape=(50000, 231) regime=production-imbalanced ===
  [1021/2940] KDDCup09_appetency_s0_AxisAligned_d3: acc=0.9821 train=0.6s best=0.165µs (2.1s, ETA 0.7h)
  [1022/2940] KDDCup09_appetency_s0_AxisAligned_d4: acc=0.9819 train=0.8s best=0.220µs (2.3s, ETA 0.7h)
  [1023/2940] KDDCup09_appetency_s0_AxisAligned_d5: acc=0.9821 train=1.0s best=0.163µs (2.3s, ETA 0.7h)
  [1024/2940] KDDCup09_appetency_s0_AxisAligned_d6: acc=0.9795 train=1.8s best=0.696µs (3.9s, ETA 0.7h)
  [1025/2940] KDDCup09_appetency_s0_AxisAligned_d7: acc=0.9808 train=2.1s best=0.560µs (4.1s, ETA 0.7h)
  [1026/2940] KDDCup09_appetency_s0_AxisAligned_d8: acc=0.9791 train=2.2s best=0.271µs (3.7s, ETA 0.7h)
  [1027/2940] KDDCup09_appetency_s0_AxisAligned_d10: acc=0.979 train=3.9s best=0.429µs (5.6s, ETA 0.7h)
  [1028/2940] KDDCup09_appetency_s0_Oblique_d3: acc=0.9818 train=1.6s best=0.613µs (3.0s, ETA 0.7h)
  [1029/2940] KDDCup09_appetency_s0_Oblique_d4: acc=0.9813 train=2.1s best=0.701µs (3.6s, ETA 0.7h)
  [1030/2940] KDDCup09_appetency_s0_Oblique_d5: acc=0.9808 train=2.3s best=0.603µs (3.8s, ETA 0.7h)
  [1031/2940] KDDCup09_appetency_s0_Oblique_d6: acc=0.9803 train=5.7s best=2.979µs (8.0s, ETA 0.7h)
  [1032/2940] KDDCup09_appetency_s0_Oblique_d8: acc=0.9792 train=5.0s best=1.130µs (6.7s, ETA 0.7h)
  [1033/2940] KDDCup09_appetency_s1_AxisAligned_d3: acc=0.9832 train=0.6s best=0.186µs (2.2s, ETA 0.7h)
  [1034/2940] KDDCup09_appetency_s1_AxisAligned_d4: acc=0.9829 train=0.9s best=0.257µs (2.4s, ETA 0.7h)
  [1035/2940] KDDCup09_appetency_s1_AxisAligned_d5: acc=0.9827 train=1.2s best=0.350µs (2.9s, ETA 0.7h)
  [1036/2940] KDDCup09_appetency_s1_AxisAligned_d6: acc=0.9829 train=1.6s best=0.530µs (3.6s, ETA 0.7h)
  [1037/2940] KDDCup09_appetency_s1_AxisAligned_d7: acc=0.9828 train=1.5s best=0.167µs (2.9s, ETA 0.7h)
  [1038/2940] KDDCup09_appetency_s1_AxisAligned_d8: acc=0.9825 train=2.2s best=0.316µs (3.9s, ETA 0.7h)
  [1039/2940] KDDCup09_appetency_s1_AxisAligned_d10: acc=0.9822 train=3.2s best=0.278µs (4.8s, ETA 0.7h)
  [1040/2940] KDDCup09_appetency_s1_Oblique_d3: acc=0.9828 train=1.9s best=0.823µs (3.4s, ETA 0.7h)
  [1041/2940] KDDCup09_appetency_s1_Oblique_d4: acc=0.9827 train=1.8s best=0.469µs (3.1s, ETA 0.7h)
  [1042/2940] KDDCup09_appetency_s1_Oblique_d5: acc=0.9823 train=3.2s best=1.180µs (5.0s, ETA 0.7h)
  [1043/2940] KDDCup09_appetency_s1_Oblique_d6: acc=0.9829 train=3.5s best=0.993µs (5.1s, ETA 0.7h)
  [1044/2940] KDDCup09_appetency_s1_Oblique_d8: acc=0.9814 train=4.2s best=0.712µs (5.6s, ETA 0.7h)
  [1045/2940] KDDCup09_appetency_s2_AxisAligned_d3: acc=0.981 train=0.5s best=0.128µs (1.7s, ETA 0.7h)
  [1046/2940] KDDCup09_appetency_s2_AxisAligned_d4: acc=0.981 train=0.7s best=0.118µs (1.9s, ETA 0.7h)
  [1047/2940] KDDCup09_appetency_s2_AxisAligned_d5: acc=0.9807 train=0.8s best=0.074µs (2.0s, ETA 0.7h)
  [1048/2940] KDDCup09_appetency_s2_AxisAligned_d6: acc=0.9808 train=1.1s best=0.114µs (2.4s, ETA 0.7h)
  [1049/2940] KDDCup09_appetency_s2_AxisAligned_d7: acc=0.9794 train=1.4s best=0.119µs (2.7s, ETA 0.7h)
  [1050/2940] KDDCup09_appetency_s2_AxisAligned_d8: acc=0.9783 train=1.8s best=0.165µs (3.3s, ETA 0.7h)
  [1051/2940] KDDCup09_appetency_s2_AxisAligned_d10: acc=0.9783 train=3.4s best=0.323µs (4.9s, ETA 0.7h)
  [1052/2940] KDDCup09_appetency_s2_Oblique_d3: acc=0.9809 train=1.1s best=0.249µs (2.2s, ETA 0.7h)
  [1053/2940] KDDCup09_appetency_s2_Oblique_d4: acc=0.9805 train=1.5s best=0.288µs (2.6s, ETA 0.7h)
  [1054/2940] KDDCup09_appetency_s2_Oblique_d5: acc=0.9805 train=2.4s best=0.616µs (3.7s, ETA 0.7h)
  [1055/2940] KDDCup09_appetency_s2_Oblique_d6: acc=0.9802 train=2.5s best=0.406µs (3.7s, ETA 0.7h)
  [1056/2940] KDDCup09_appetency_s2_Oblique_d8: acc=0.9794 train=4.2s best=0.659µs (5.6s, ETA 0.7h)
  [1057/2940] KDDCup09_appetency_s3_AxisAligned_d3: acc=0.9843 train=0.7s best=0.226µs (2.4s, ETA 0.7h)
  [1058/2940] KDDCup09_appetency_s3_AxisAligned_d4: acc=0.9839 train=1.0s best=0.382µs (2.8s, ETA 0.7h)
  [1059/2940] KDDCup09_appetency_s3_AxisAligned_d5: acc=0.9837 train=1.0s best=0.177µs (2.4s, ETA 0.7h)
  [1060/2940] KDDCup09_appetency_s3_AxisAligned_d6: acc=0.9838 train=1.3s best=0.213µs (2.8s, ETA 0.7h)
  [1061/2940] KDDCup09_appetency_s3_AxisAligned_d7: acc=0.9831 train=1.5s best=0.192µs (3.0s, ETA 0.7h)
  [1062/2940] KDDCup09_appetency_s3_AxisAligned_d8: acc=0.9831 train=1.9s best=0.172µs (3.4s, ETA 0.7h)
  [1063/2940] KDDCup09_appetency_s3_AxisAligned_d10: acc=0.9823 train=3.2s best=0.247µs (4.7s, ETA 0.7h)
  [1064/2940] KDDCup09_appetency_s3_Oblique_d3: acc=0.9844 train=1.7s best=0.721µs (3.2s, ETA 0.7h)
  [1065/2940] KDDCup09_appetency_s3_Oblique_d4: acc=0.9838 train=2.1s best=0.709µs (3.6s, ETA 0.7h)
  [1066/2940] KDDCup09_appetency_s3_Oblique_d5: acc=0.984 train=2.2s best=0.495µs (3.5s, ETA 0.7h)
  [1067/2940] KDDCup09_appetency_s3_Oblique_d6: acc=0.9827 train=2.6s best=0.516µs (4.0s, ETA 0.7h)
  [1068/2940] KDDCup09_appetency_s3_Oblique_d8: acc=0.9831 train=4.0s best=0.661µs (5.4s, ETA 0.7h)
  [1069/2940] KDDCup09_appetency_s4_AxisAligned_d3: acc=0.9827 train=0.5s best=0.106µs (1.6s, ETA 0.7h)
  [1070/2940] KDDCup09_appetency_s4_AxisAligned_d4: acc=0.9818 train=1.1s best=0.492µs (3.1s, ETA 0.7h)
  [1071/2940] KDDCup09_appetency_s4_AxisAligned_d5: acc=0.9815 train=1.6s best=0.807µs (3.9s, ETA 0.7h)
  [1072/2940] KDDCup09_appetency_s4_AxisAligned_d6: acc=0.9807 train=2.3s best=1.143µs (4.9s, ETA 0.7h)
  [1073/2940] KDDCup09_appetency_s4_AxisAligned_d7: acc=0.9794 train=1.9s best=0.332µs (3.6s, ETA 0.7h)
  [1074/2940] KDDCup09_appetency_s4_AxisAligned_d8: acc=0.9798 train=2.6s best=0.640µs (4.6s, ETA 0.7h)
  [1075/2940] KDDCup09_appetency_s4_AxisAligned_d10: acc=0.9782 train=4.0s best=0.689µs (5.8s, ETA 0.7h)
  [1076/2940] KDDCup09_appetency_s4_Oblique_d3: acc=0.9824 train=2.0s best=1.026µs (3.6s, ETA 0.7h)
  [1077/2940] KDDCup09_appetency_s4_Oblique_d4: acc=0.9817 train=3.0s best=1.966µs (5.0s, ETA 0.7h)
  [1078/2940] KDDCup09_appetency_s4_Oblique_d5: acc=0.9805 train=3.5s best=1.358µs (5.2s, ETA 0.7h)
  [1079/2940] KDDCup09_appetency_s4_Oblique_d6: acc=0.9798 train=5.4s best=2.471µs (7.6s, ETA 0.7h)
  [1080/2940] KDDCup09_appetency_s4_Oblique_d8: acc=0.9786 train=3.9s best=0.531µs (5.2s, ETA 0.7h)
  fetching OpenML id=1112 (KDDCup09_churn) ...

=== Dataset KDDCup09_churn (openml:1112) shape=(50000, 231) regime=production ===
  [1081/2940] KDDCup09_churn_s0_AxisAligned_d3: acc=0.9262 train=0.7s best=0.315µs (2.6s, ETA 0.7h)
  [1082/2940] KDDCup09_churn_s0_AxisAligned_d4: acc=0.9261 train=1.1s best=0.538µs (3.2s, ETA 0.7h)
  [1083/2940] KDDCup09_churn_s0_AxisAligned_d5: acc=0.926 train=1.2s best=0.588µs (3.1s, ETA 0.7h)
  [1084/2940] KDDCup09_churn_s0_AxisAligned_d6: acc=0.9258 train=1.8s best=0.867µs (4.0s, ETA 0.7h)
  [1085/2940] KDDCup09_churn_s0_AxisAligned_d7: acc=0.9256 train=2.7s best=1.137µs (5.1s, ETA 0.7h)
  [1086/2940] KDDCup09_churn_s0_AxisAligned_d8: acc=0.9246 train=4.0s best=1.722µs (6.4s, ETA 0.7h)
  [1087/2940] KDDCup09_churn_s0_AxisAligned_d10: acc=0.9251 train=4.9s best=1.135µs (7.0s, ETA 0.7h)
  [1088/2940] KDDCup09_churn_s0_Oblique_d3: acc=0.926 train=2.0s best=1.420µs (3.8s, ETA 0.7h)
  [1089/2940] KDDCup09_churn_s0_Oblique_d4: acc=0.926 train=2.7s best=1.285µs (4.5s, ETA 0.7h)
  [1090/2940] KDDCup09_churn_s0_Oblique_d5: acc=0.9262 train=3.3s best=1.409µs (5.2s, ETA 0.7h)
  [1091/2940] KDDCup09_churn_s0_Oblique_d6: acc=0.9249 train=5.3s best=2.669µs (7.5s, ETA 0.7h)
  [1092/2940] KDDCup09_churn_s0_Oblique_d8: acc=0.9256 train=8.5s best=4.773µs (11.3s, ETA 0.7h)
  [1093/2940] KDDCup09_churn_s1_AxisAligned_d3: acc=0.9238 train=0.7s best=0.385µs (2.6s, ETA 0.7h)
  [1094/2940] KDDCup09_churn_s1_AxisAligned_d4: acc=0.9233 train=1.1s best=0.652µs (3.2s, ETA 0.7h)
  [1095/2940] KDDCup09_churn_s1_AxisAligned_d5: acc=0.9229 train=1.4s best=0.768µs (3.5s, ETA 0.7h)
  [1096/2940] KDDCup09_churn_s1_AxisAligned_d6: acc=0.9217 train=2.3s best=1.404µs (5.2s, ETA 0.7h)
  [1097/2940] KDDCup09_churn_s1_AxisAligned_d7: acc=0.9224 train=2.2s best=0.776µs (4.4s, ETA 0.7h)
  [1098/2940] KDDCup09_churn_s1_AxisAligned_d8: acc=0.9227 train=3.4s best=1.336µs (5.8s, ETA 0.7h)
  [1099/2940] KDDCup09_churn_s1_AxisAligned_d10: acc=0.9225 train=4.8s best=1.360µs (7.0s, ETA 0.7h)
  [1100/2940] KDDCup09_churn_s1_Oblique_d3: acc=0.923 train=2.0s best=1.313µs (3.8s, ETA 0.7h)
  [1101/2940] KDDCup09_churn_s1_Oblique_d4: acc=0.9236 train=3.0s best=2.211µs (5.1s, ETA 0.7h)
  [1102/2940] KDDCup09_churn_s1_Oblique_d5: acc=0.9226 train=4.2s best=2.094µs (6.2s, ETA 0.7h)
  [1103/2940] KDDCup09_churn_s1_Oblique_d6: acc=0.9219 train=4.5s best=1.820µs (6.5s, ETA 0.8h)
  [1104/2940] KDDCup09_churn_s1_Oblique_d8: acc=0.9226 train=8.8s best=4.708µs (11.6s, ETA 0.8h)
  [1105/2940] KDDCup09_churn_s2_AxisAligned_d3: acc=0.9253 train=0.7s best=0.389µs (2.7s, ETA 0.8h)
  [1106/2940] KDDCup09_churn_s2_AxisAligned_d4: acc=0.9252 train=0.9s best=0.383µs (2.6s, ETA 0.8h)
  [1107/2940] KDDCup09_churn_s2_AxisAligned_d5: acc=0.9243 train=1.6s best=1.083µs (4.2s, ETA 0.8h)
  [1108/2940] KDDCup09_churn_s2_AxisAligned_d6: acc=0.9242 train=1.8s best=0.746µs (3.9s, ETA 0.8h)
  [1109/2940] KDDCup09_churn_s2_AxisAligned_d7: acc=0.9253 train=2.4s best=0.957µs (4.7s, ETA 0.8h)
  [1110/2940] KDDCup09_churn_s2_AxisAligned_d8: acc=0.925 train=2.4s best=0.333µs (4.0s, ETA 0.8h)
  [1111/2940] KDDCup09_churn_s2_AxisAligned_d10: acc=0.925 train=4.0s best=0.445µs (5.7s, ETA 0.8h)
  [1112/2940] KDDCup09_churn_s2_Oblique_d3: acc=0.9251 train=2.0s best=1.319µs (3.8s, ETA 0.8h)
  [1113/2940] KDDCup09_churn_s2_Oblique_d4: acc=0.9242 train=3.1s best=2.303µs (5.1s, ETA 0.8h)
  [1114/2940] KDDCup09_churn_s2_Oblique_d5: acc=0.9249 train=4.2s best=2.761µs (6.5s, ETA 0.8h)
  [1115/2940] KDDCup09_churn_s2_Oblique_d6: acc=0.9249 train=4.7s best=2.141µs (6.8s, ETA 0.8h)
  [1116/2940] KDDCup09_churn_s2_Oblique_d8: acc=0.9252 train=7.1s best=3.095µs (9.5s, ETA 0.8h)
  [1117/2940] KDDCup09_churn_s3_AxisAligned_d3: acc=0.9272 train=0.7s best=0.267µs (2.6s, ETA 0.8h)
  [1118/2940] KDDCup09_churn_s3_AxisAligned_d4: acc=0.9271 train=0.8s best=0.284µs (2.5s, ETA 0.8h)
  [1119/2940] KDDCup09_churn_s3_AxisAligned_d5: acc=0.927 train=1.1s best=0.383µs (2.9s, ETA 0.8h)
  [1120/2940] KDDCup09_churn_s3_AxisAligned_d6: acc=0.9271 train=1.3s best=0.219µs (2.9s, ETA 0.8h)
  [1121/2940] KDDCup09_churn_s3_AxisAligned_d7: acc=0.9272 train=1.7s best=0.219µs (3.3s, ETA 0.8h)
  [1122/2940] KDDCup09_churn_s3_AxisAligned_d8: acc=0.9269 train=2.2s best=0.233µs (3.9s, ETA 0.8h)
  [1123/2940] KDDCup09_churn_s3_AxisAligned_d10: acc=0.9264 train=3.7s best=0.434µs (5.4s, ETA 0.8h)
  [1124/2940] KDDCup09_churn_s3_Oblique_d3: acc=0.927 train=1.9s best=0.960µs (3.6s, ETA 0.8h)
  [1125/2940] KDDCup09_churn_s3_Oblique_d4: acc=0.927 train=1.8s best=0.568µs (3.4s, ETA 0.8h)
  [1126/2940] KDDCup09_churn_s3_Oblique_d5: acc=0.9266 train=2.4s best=0.692µs (4.0s, ETA 0.8h)
  [1127/2940] KDDCup09_churn_s3_Oblique_d6: acc=0.9271 train=3.1s best=0.853µs (4.8s, ETA 0.8h)
  [1128/2940] KDDCup09_churn_s3_Oblique_d8: acc=0.9268 train=4.1s best=0.583µs (5.7s, ETA 0.8h)
  [1129/2940] KDDCup09_churn_s4_AxisAligned_d3: acc=0.9277 train=0.7s best=0.356µs (2.7s, ETA 0.8h)
  [1130/2940] KDDCup09_churn_s4_AxisAligned_d4: acc=0.9272 train=1.2s best=0.560µs (3.3s, ETA 0.8h)
  [1131/2940] KDDCup09_churn_s4_AxisAligned_d5: acc=0.9273 train=1.4s best=0.659µs (3.4s, ETA 0.8h)
  [1132/2940] KDDCup09_churn_s4_AxisAligned_d6: acc=0.9274 train=1.8s best=0.723µs (3.9s, ETA 0.8h)
  [1133/2940] KDDCup09_churn_s4_AxisAligned_d7: acc=0.9271 train=2.3s best=0.761µs (4.4s, ETA 0.8h)
  [1134/2940] KDDCup09_churn_s4_AxisAligned_d8: acc=0.9266 train=4.3s best=1.904µs (7.0s, ETA 0.8h)
  [1135/2940] KDDCup09_churn_s4_AxisAligned_d10: acc=0.9273 train=4.3s best=0.703µs (6.2s, ETA 0.8h)
  [1136/2940] KDDCup09_churn_s4_Oblique_d3: acc=0.9277 train=2.1s best=1.586µs (4.0s, ETA 0.8h)
  [1137/2940] KDDCup09_churn_s4_Oblique_d4: acc=0.9276 train=3.2s best=2.268µs (5.3s, ETA 0.8h)
  [1138/2940] KDDCup09_churn_s4_Oblique_d5: acc=0.928 train=2.8s best=0.992µs (4.5s, ETA 0.8h)
  [1139/2940] KDDCup09_churn_s4_Oblique_d6: acc=0.928 train=3.5s best=1.158µs (5.4s, ETA 0.8h)
  [1140/2940] KDDCup09_churn_s4_Oblique_d8: acc=0.927 train=4.5s best=0.857µs (6.2s, ETA 0.8h)
  fetching OpenML id=1114 (KDDCup09_upselling) ...

=== Dataset KDDCup09_upselling (openml:1114) shape=(50000, 231) regime=production ===
  [1141/2940] KDDCup09_upselling_s0_AxisAligned_d3: acc=0.9502 train=0.7s best=0.328µs (2.7s, ETA 0.8h)
  [1142/2940] KDDCup09_upselling_s0_AxisAligned_d4: acc=0.9501 train=1.0s best=0.418µs (3.0s, ETA 0.8h)
  [1143/2940] KDDCup09_upselling_s0_AxisAligned_d5: acc=0.9488 train=1.5s best=0.720µs (3.7s, ETA 0.8h)
  [1144/2940] KDDCup09_upselling_s0_AxisAligned_d6: acc=0.9483 train=1.7s best=0.486µs (3.7s, ETA 0.8h)
  [1145/2940] KDDCup09_upselling_s0_AxisAligned_d7: acc=0.9485 train=2.3s best=0.678µs (4.4s, ETA 0.8h)
  [1146/2940] KDDCup09_upselling_s0_AxisAligned_d8: acc=0.9477 train=3.0s best=0.662µs (4.9s, ETA 0.8h)
  [1147/2940] KDDCup09_upselling_s0_AxisAligned_d10: acc=0.948 train=5.6s best=1.038µs (7.7s, ETA 0.8h)
  [1148/2940] KDDCup09_upselling_s0_Oblique_d3: acc=0.9499 train=2.1s best=1.445µs (3.9s, ETA 0.8h)
  [1149/2940] KDDCup09_upselling_s0_Oblique_d4: acc=0.9497 train=3.2s best=2.308µs (5.3s, ETA 0.8h)
  [1150/2940] KDDCup09_upselling_s0_Oblique_d5: acc=0.9488 train=3.4s best=1.338µs (5.2s, ETA 0.8h)
  [1151/2940] KDDCup09_upselling_s0_Oblique_d6: acc=0.9496 train=3.7s best=1.161µs (5.5s, ETA 0.8h)
  [1152/2940] KDDCup09_upselling_s0_Oblique_d8: acc=0.9489 train=7.5s best=3.319µs (10.0s, ETA 0.8h)
  [1153/2940] KDDCup09_upselling_s1_AxisAligned_d3: acc=0.9524 train=0.7s best=0.308µs (2.5s, ETA 0.8h)
  [1154/2940] KDDCup09_upselling_s1_AxisAligned_d4: acc=0.9524 train=1.1s best=0.620µs (3.2s, ETA 0.8h)
  [1155/2940] KDDCup09_upselling_s1_AxisAligned_d5: acc=0.9517 train=1.1s best=0.316µs (2.8s, ETA 0.8h)
  [1156/2940] KDDCup09_upselling_s1_AxisAligned_d6: acc=0.9512 train=1.5s best=0.349µs (3.4s, ETA 0.8h)
  [1157/2940] KDDCup09_upselling_s1_AxisAligned_d7: acc=0.9514 train=2.1s best=0.376µs (3.9s, ETA 0.8h)
  [1158/2940] KDDCup09_upselling_s1_AxisAligned_d8: acc=0.9508 train=2.8s best=0.443µs (4.5s, ETA 0.8h)
  [1159/2940] KDDCup09_upselling_s1_AxisAligned_d10: acc=0.9507 train=3.9s best=0.407µs (5.5s, ETA 0.8h)
  [1160/2940] KDDCup09_upselling_s1_Oblique_d3: acc=0.9523 train=2.1s best=1.411µs (3.9s, ETA 0.8h)
  [1161/2940] KDDCup09_upselling_s1_Oblique_d4: acc=0.9524 train=3.1s best=2.176µs (5.1s, ETA 0.8h)
  [1162/2940] KDDCup09_upselling_s1_Oblique_d5: acc=0.9525 train=4.3s best=2.214µs (6.3s, ETA 0.8h)
  [1163/2940] KDDCup09_upselling_s1_Oblique_d6: acc=0.9519 train=3.1s best=0.797µs (4.7s, ETA 0.8h)
  [1164/2940] KDDCup09_upselling_s1_Oblique_d8: acc=0.9517 train=5.7s best=1.491µs (7.6s, ETA 0.8h)
  [1165/2940] KDDCup09_upselling_s2_AxisAligned_d3: acc=0.9531 train=0.5s best=0.141µs (1.8s, ETA 0.8h)
  [1166/2940] KDDCup09_upselling_s2_AxisAligned_d4: acc=0.9533 train=0.7s best=0.168µs (2.1s, ETA 0.8h)
  [1167/2940] KDDCup09_upselling_s2_AxisAligned_d5: acc=0.953 train=1.3s best=0.515µs (3.3s, ETA 0.8h)
  [1168/2940] KDDCup09_upselling_s2_AxisAligned_d6: acc=0.9527 train=1.7s best=0.460µs (3.7s, ETA 0.8h)
  [1169/2940] KDDCup09_upselling_s2_AxisAligned_d7: acc=0.9526 train=2.3s best=0.529µs (4.4s, ETA 0.8h)
  [1170/2940] KDDCup09_upselling_s2_AxisAligned_d8: acc=0.9526 train=3.0s best=0.623µs (4.9s, ETA 0.8h)
  [1171/2940] KDDCup09_upselling_s2_AxisAligned_d10: acc=0.9529 train=4.6s best=0.653µs (6.4s, ETA 0.8h)
  [1172/2940] KDDCup09_upselling_s2_Oblique_d3: acc=0.9524 train=1.5s best=0.515µs (2.7s, ETA 0.8h)
  [1173/2940] KDDCup09_upselling_s2_Oblique_d4: acc=0.9527 train=2.3s best=0.861µs (3.9s, ETA 0.8h)
  [1174/2940] KDDCup09_upselling_s2_Oblique_d5: acc=0.9525 train=2.6s best=0.757µs (4.1s, ETA 0.8h)
  [1175/2940] KDDCup09_upselling_s2_Oblique_d6: acc=0.9522 train=3.3s best=0.880µs (5.0s, ETA 0.8h)
  [1176/2940] KDDCup09_upselling_s2_Oblique_d8: acc=0.9527 train=5.6s best=1.339µs (7.4s, ETA 0.8h)
  [1177/2940] KDDCup09_upselling_s3_AxisAligned_d3: acc=0.9521 train=0.6s best=0.201µs (2.1s, ETA 0.8h)
  [1178/2940] KDDCup09_upselling_s3_AxisAligned_d4: acc=0.9522 train=0.9s best=0.367µs (2.6s, ETA 0.8h)
  [1179/2940] KDDCup09_upselling_s3_AxisAligned_d5: acc=0.9521 train=1.0s best=0.176µs (2.4s, ETA 0.8h)
  [1180/2940] KDDCup09_upselling_s3_AxisAligned_d6: acc=0.9513 train=1.4s best=0.274µs (3.1s, ETA 0.8h)
  [1181/2940] KDDCup09_upselling_s3_AxisAligned_d7: acc=0.9506 train=2.3s best=0.559µs (4.4s, ETA 0.8h)
  [1182/2940] KDDCup09_upselling_s3_AxisAligned_d8: acc=0.9497 train=2.7s best=0.519µs (4.5s, ETA 0.8h)
  [1183/2940] KDDCup09_upselling_s3_AxisAligned_d10: acc=0.949 train=4.4s best=0.547µs (6.2s, ETA 0.8h)
  [1184/2940] KDDCup09_upselling_s3_Oblique_d3: acc=0.9521 train=2.1s best=1.184µs (3.9s, ETA 0.8h)
  [1185/2940] KDDCup09_upselling_s3_Oblique_d4: acc=0.9521 train=2.0s best=0.633µs (3.4s, ETA 0.8h)
  [1186/2940] KDDCup09_upselling_s3_Oblique_d5: acc=0.9514 train=3.7s best=1.480µs (5.6s, ETA 0.8h)
  [1187/2940] KDDCup09_upselling_s3_Oblique_d6: acc=0.9515 train=3.8s best=1.160µs (5.6s, ETA 0.8h)
  [1188/2940] KDDCup09_upselling_s3_Oblique_d8: acc=0.9502 train=5.6s best=1.243µs (7.4s, ETA 0.8h)
  [1189/2940] KDDCup09_upselling_s4_AxisAligned_d3: acc=0.9488 train=0.7s best=0.365µs (2.7s, ETA 0.8h)
  [1190/2940] KDDCup09_upselling_s4_AxisAligned_d4: acc=0.9489 train=1.1s best=0.655µs (3.3s, ETA 0.8h)
  [1191/2940] KDDCup09_upselling_s4_AxisAligned_d5: acc=0.948 train=1.3s best=0.522µs (3.2s, ETA 0.8h)
  [1192/2940] KDDCup09_upselling_s4_AxisAligned_d6: acc=0.9489 train=1.4s best=0.288µs (3.2s, ETA 0.8h)
  [1193/2940] KDDCup09_upselling_s4_AxisAligned_d7: acc=0.9478 train=2.5s best=0.886µs (4.9s, ETA 0.8h)
  [1194/2940] KDDCup09_upselling_s4_AxisAligned_d8: acc=0.9476 train=2.8s best=0.517µs (4.6s, ETA 0.8h)
  [1195/2940] KDDCup09_upselling_s4_AxisAligned_d10: acc=0.9462 train=4.8s best=0.608µs (6.7s, ETA 0.8h)
  [1196/2940] KDDCup09_upselling_s4_Oblique_d3: acc=0.9494 train=2.1s best=1.352µs (3.9s, ETA 0.8h)
  [1197/2940] KDDCup09_upselling_s4_Oblique_d4: acc=0.9491 train=3.2s best=1.675µs (5.1s, ETA 0.8h)
  [1198/2940] KDDCup09_upselling_s4_Oblique_d5: acc=0.9486 train=4.4s best=3.236µs (6.8s, ETA 0.8h)
  [1199/2940] KDDCup09_upselling_s4_Oblique_d6: acc=0.9471 train=5.5s best=2.760µs (7.8s, ETA 0.8h)
  [1200/2940] KDDCup09_upselling_s4_Oblique_d8: acc=0.9484 train=5.9s best=1.665µs (7.9s, ETA 0.8h)
  fetching OpenML id=1220 (Click_prediction_small) ...

=== Dataset Click_prediction_small (openml:1220) shape=(39948, 10) regime=production ===
  [1201/2940] Click_prediction_small_s0_AxisAligned_d3: acc=0.833041 train=0.1s best=0.207µs (1.3s, ETA 0.8h)
  [1202/2940] Click_prediction_small_s0_AxisAligned_d4: acc=0.832916 train=0.1s best=0.347µs (1.6s, ETA 0.8h)
  [1203/2940] Click_prediction_small_s0_AxisAligned_d5: acc=0.831039 train=0.2s best=0.499µs (1.8s, ETA 0.8h)
  [1204/2940] Click_prediction_small_s0_AxisAligned_d6: acc=0.83229 train=0.3s best=0.636µs (2.0s, ETA 0.8h)
  [1205/2940] Click_prediction_small_s0_AxisAligned_d7: acc=0.832165 train=0.2s best=0.490µs (1.5s, ETA 0.8h)
  [1206/2940] Click_prediction_small_s0_AxisAligned_d8: acc=0.831414 train=0.4s best=1.187µs (1.8s, ETA 0.8h)
  [1207/2940] Click_prediction_small_s0_AxisAligned_d10: acc=0.82791 train=0.4s best=0.992µs (1.8s, ETA 0.8h)
  [1208/2940] Click_prediction_small_s0_Oblique_d3: acc=0.833542 train=0.3s best=1.387µs (1.4s, ETA 0.8h)
  [1209/2940] Click_prediction_small_s0_Oblique_d4: acc=0.834043 train=0.5s best=2.121µs (1.8s, ETA 0.8h)
  [1210/2940] Click_prediction_small_s0_Oblique_d5: acc=0.834543 train=0.5s best=0.943µs (1.5s, ETA 0.8h)
  [1211/2940] Click_prediction_small_s0_Oblique_d6: acc=0.83179 train=0.9s best=3.923µs (2.6s, ETA 0.8h)
  [1212/2940] Click_prediction_small_s0_Oblique_d8: acc=0.832416 train=1.1s best=3.696µs (2.8s, ETA 0.8h)
  [1213/2940] Click_prediction_small_s1_AxisAligned_d3: acc=0.825657 train=0.1s best=0.214µs (1.4s, ETA 0.8h)
  [1214/2940] Click_prediction_small_s1_AxisAligned_d4: acc=0.826783 train=0.1s best=0.284µs (1.5s, ETA 0.8h)
  [1215/2940] Click_prediction_small_s1_AxisAligned_d5: acc=0.825532 train=0.2s best=0.363µs (1.6s, ETA 0.8h)
  [1216/2940] Click_prediction_small_s1_AxisAligned_d6: acc=0.825156 train=0.2s best=0.347µs (1.4s, ETA 0.8h)
  [1217/2940] Click_prediction_small_s1_AxisAligned_d7: acc=0.824781 train=0.3s best=0.688µs (1.9s, ETA 0.8h)
  [1218/2940] Click_prediction_small_s1_AxisAligned_d8: acc=0.82378 train=0.3s best=0.959µs (1.6s, ETA 0.8h)
  [1219/2940] Click_prediction_small_s1_AxisAligned_d10: acc=0.822778 train=0.6s best=1.757µs (2.3s, ETA 0.8h)
  [1220/2940] Click_prediction_small_s1_Oblique_d3: acc=0.827409 train=0.3s best=1.158µs (1.4s, ETA 0.8h)
  [1221/2940] Click_prediction_small_s1_Oblique_d4: acc=0.827284 train=0.5s best=1.342µs (1.6s, ETA 0.8h)
  [1222/2940] Click_prediction_small_s1_Oblique_d5: acc=0.826158 train=0.5s best=1.363µs (1.7s, ETA 0.8h)
  [1223/2940] Click_prediction_small_s1_Oblique_d6: acc=0.824656 train=0.7s best=1.954µs (2.0s, ETA 0.8h)
  [1224/2940] Click_prediction_small_s1_Oblique_d8: acc=0.824531 train=0.7s best=1.177µs (1.8s, ETA 0.8h)
  [1225/2940] Click_prediction_small_s2_AxisAligned_d3: acc=0.837422 train=0.1s best=0.214µs (1.3s, ETA 0.8h)
  [1226/2940] Click_prediction_small_s2_AxisAligned_d4: acc=0.838048 train=0.1s best=0.343µs (1.6s, ETA 0.8h)
  [1227/2940] Click_prediction_small_s2_AxisAligned_d5: acc=0.838173 train=0.2s best=0.497µs (1.9s, ETA 0.8h)
  [1228/2940] Click_prediction_small_s2_AxisAligned_d6: acc=0.837672 train=0.3s best=0.769µs (2.2s, ETA 0.8h)
  [1229/2940] Click_prediction_small_s2_AxisAligned_d7: acc=0.835419 train=0.3s best=1.113µs (2.4s, ETA 0.8h)
  [1230/2940] Click_prediction_small_s2_AxisAligned_d8: acc=0.836671 train=0.2s best=0.373µs (1.2s, ETA 0.8h)
  [1231/2940] Click_prediction_small_s2_AxisAligned_d10: acc=0.835294 train=0.4s best=0.387µs (1.4s, ETA 0.8h)
  [1232/2940] Click_prediction_small_s2_Oblique_d3: acc=0.836921 train=0.3s best=1.463µs (1.5s, ETA 0.8h)
  [1233/2940] Click_prediction_small_s2_Oblique_d4: acc=0.837297 train=0.5s best=1.832µs (1.8s, ETA 0.8h)
  [1234/2940] Click_prediction_small_s2_Oblique_d5: acc=0.835419 train=0.9s best=2.433µs (2.3s, ETA 0.8h)
  [1235/2940] Click_prediction_small_s2_Oblique_d6: acc=0.835169 train=0.8s best=2.300µs (2.1s, ETA 0.8h)
  [1236/2940] Click_prediction_small_s2_Oblique_d8: acc=0.834293 train=0.8s best=1.446µs (1.9s, ETA 0.8h)
  [1237/2940] Click_prediction_small_s3_AxisAligned_d3: acc=0.838048 train=0.1s best=0.213µs (1.3s, ETA 0.8h)
  [1238/2940] Click_prediction_small_s3_AxisAligned_d4: acc=0.837547 train=0.1s best=0.331µs (1.6s, ETA 0.8h)
  [1239/2940] Click_prediction_small_s3_AxisAligned_d5: acc=0.837547 train=0.1s best=0.257µs (1.2s, ETA 0.8h)
  [1240/2940] Click_prediction_small_s3_AxisAligned_d6: acc=0.838423 train=0.2s best=0.479µs (1.6s, ETA 0.8h)
  [1241/2940] Click_prediction_small_s3_AxisAligned_d7: acc=0.836796 train=0.2s best=0.404µs (1.3s, ETA 0.8h)
  [1242/2940] Click_prediction_small_s3_AxisAligned_d8: acc=0.836671 train=0.2s best=0.428µs (1.2s, ETA 0.8h)
  [1243/2940] Click_prediction_small_s3_AxisAligned_d10: acc=0.834668 train=0.4s best=0.606µs (1.5s, ETA 0.8h)
  [1244/2940] Click_prediction_small_s3_Oblique_d3: acc=0.837797 train=0.3s best=1.178µs (1.4s, ETA 0.8h)
  [1245/2940] Click_prediction_small_s3_Oblique_d4: acc=0.838423 train=0.3s best=0.595µs (1.1s, ETA 0.8h)
  [1246/2940] Click_prediction_small_s3_Oblique_d5: acc=0.837672 train=0.3s best=0.416µs (1.1s, ETA 0.8h)
  [1247/2940] Click_prediction_small_s3_Oblique_d6: acc=0.836295 train=0.5s best=0.750µs (1.4s, ETA 0.8h)
  [1248/2940] Click_prediction_small_s3_Oblique_d8: acc=0.83592 train=0.8s best=1.847µs (2.1s, ETA 0.8h)
  [1249/2940] Click_prediction_small_s4_AxisAligned_d3: acc=0.831289 train=0.1s best=0.170µs (1.2s, ETA 0.8h)
  [1250/2940] Click_prediction_small_s4_AxisAligned_d4: acc=0.831289 train=0.1s best=0.255µs (1.3s, ETA 0.8h)
  [1251/2940] Click_prediction_small_s4_AxisAligned_d5: acc=0.831414 train=0.1s best=0.293µs (1.3s, ETA 0.8h)
  [1252/2940] Click_prediction_small_s4_AxisAligned_d6: acc=0.831539 train=0.2s best=0.365µs (1.4s, ETA 0.8h)
  [1253/2940] Click_prediction_small_s4_AxisAligned_d7: acc=0.828911 train=0.3s best=0.669µs (1.8s, ETA 0.8h)
  [1254/2940] Click_prediction_small_s4_AxisAligned_d8: acc=0.830163 train=0.3s best=0.856µs (1.5s, ETA 0.8h)
  [1255/2940] Click_prediction_small_s4_AxisAligned_d10: acc=0.829912 train=0.4s best=0.474µs (1.4s, ETA 0.8h)
  [1256/2940] Click_prediction_small_s4_Oblique_d3: acc=0.83179 train=0.3s best=0.600µs (1.1s, ETA 0.8h)
  [1257/2940] Click_prediction_small_s4_Oblique_d4: acc=0.831539 train=0.3s best=0.419µs (1.0s, ETA 0.8h)
  [1258/2940] Click_prediction_small_s4_Oblique_d5: acc=0.831164 train=0.4s best=0.645µs (1.3s, ETA 0.8h)
  [1259/2940] Click_prediction_small_s4_Oblique_d6: acc=0.831414 train=0.5s best=0.796µs (1.4s, ETA 0.8h)
  [1260/2940] Click_prediction_small_s4_Oblique_d8: acc=0.830538 train=0.7s best=1.442µs (1.9s, ETA 0.8h)
  fetching OpenML id=41162 (kick) ...

=== Dataset kick (openml:41162) shape=(72983, 33) regime=production ===
  [1261/2940] kick_s0_AxisAligned_d3: acc=0.896 train=0.2s best=0.295µs (1.6s, ETA 0.8h)
  [1262/2940] kick_s0_AxisAligned_d4: acc=0.8974 train=0.2s best=0.430µs (1.8s, ETA 0.8h)
  [1263/2940] kick_s0_AxisAligned_d5: acc=0.898 train=0.3s best=0.657µs (2.0s, ETA 0.8h)
  [1264/2940] kick_s0_AxisAligned_d6: acc=0.8966 train=0.4s best=0.771µs (2.1s, ETA 0.8h)
  [1265/2940] kick_s0_AxisAligned_d7: acc=0.8958 train=0.7s best=1.297µs (2.8s, ETA 0.8h)
  [1266/2940] kick_s0_AxisAligned_d8: acc=0.8963 train=0.8s best=2.462µs (2.5s, ETA 0.8h)
  [1267/2940] kick_s0_AxisAligned_d10: acc=0.8961 train=1.1s best=2.341µs (2.8s, ETA 0.8h)
  [1268/2940] kick_s0_Oblique_d3: acc=0.897 train=2.6s best=1.416µs (4.0s, ETA 0.8h)
  [1269/2940] kick_s0_Oblique_d4: acc=0.8967 train=3.9s best=1.837µs (5.5s, ETA 0.8h)
  [1270/2940] kick_s0_Oblique_d5: acc=0.897 train=5.3s best=2.216µs (7.0s, ETA 0.8h)
  [1271/2940] kick_s0_Oblique_d6: acc=0.8967 train=6.5s best=2.857µs (8.4s, ETA 0.8h)
  [1272/2940] kick_s0_Oblique_d8: acc=0.8966 train=6.3s best=1.891µs (7.9s, ETA 0.8h)
  [1273/2940] kick_s1_AxisAligned_d3: acc=0.8984 train=0.2s best=0.288µs (1.6s, ETA 0.8h)
  [1274/2940] kick_s1_AxisAligned_d4: acc=0.899 train=0.3s best=0.400µs (1.7s, ETA 0.8h)
  [1275/2940] kick_s1_AxisAligned_d5: acc=0.8975 train=0.3s best=0.554µs (1.7s, ETA 0.8h)
  [1276/2940] kick_s1_AxisAligned_d6: acc=0.8967 train=0.4s best=0.645µs (2.0s, ETA 0.8h)
  [1277/2940] kick_s1_AxisAligned_d7: acc=0.8968 train=0.5s best=0.738µs (2.0s, ETA 0.8h)
  [1278/2940] kick_s1_AxisAligned_d8: acc=0.8956 train=0.6s best=1.142µs (1.9s, ETA 0.8h)
  [1279/2940] kick_s1_AxisAligned_d10: acc=0.8962 train=1.0s best=1.457µs (2.4s, ETA 0.8h)
  [1280/2940] kick_s1_Oblique_d3: acc=0.9004 train=2.6s best=1.401µs (4.0s, ETA 0.8h)
  [1281/2940] kick_s1_Oblique_d4: acc=0.8992 train=3.9s best=1.535µs (5.4s, ETA 0.8h)
  [1282/2940] kick_s1_Oblique_d5: acc=0.8992 train=5.2s best=2.043µs (6.8s, ETA 0.8h)
  [1283/2940] kick_s1_Oblique_d6: acc=0.8992 train=5.5s best=2.065µs (7.1s, ETA 0.8h)
  [1284/2940] kick_s1_Oblique_d8: acc=0.8981 train=6.0s best=1.857µs (7.7s, ETA 0.8h)
  [1285/2940] kick_s2_AxisAligned_d3: acc=0.8997 train=0.2s best=0.309µs (1.6s, ETA 0.8h)
  [1286/2940] kick_s2_AxisAligned_d4: acc=0.9004 train=0.2s best=0.491µs (1.9s, ETA 0.8h)
  [1287/2940] kick_s2_AxisAligned_d5: acc=0.9006 train=0.4s best=0.727µs (2.2s, ETA 0.8h)
  [1288/2940] kick_s2_AxisAligned_d6: acc=0.9005 train=0.5s best=0.913µs (2.4s, ETA 0.8h)
  [1289/2940] kick_s2_AxisAligned_d7: acc=0.9004 train=0.6s best=1.096µs (2.4s, ETA 0.8h)
  [1290/2940] kick_s2_AxisAligned_d8: acc=0.9012 train=0.6s best=1.316µs (2.0s, ETA 0.8h)
  [1291/2940] kick_s2_AxisAligned_d10: acc=0.8992 train=1.4s best=3.467µs (3.5s, ETA 0.8h)
  [1292/2940] kick_s2_Oblique_d3: acc=0.9019 train=2.6s best=1.429µs (4.1s, ETA 0.8h)
  [1293/2940] kick_s2_Oblique_d4: acc=0.9023 train=4.0s best=2.253µs (5.7s, ETA 0.8h)
  [1294/2940] kick_s2_Oblique_d5: acc=0.9022 train=5.4s best=2.330µs (7.1s, ETA 0.8h)
  [1295/2940] kick_s2_Oblique_d6: acc=0.9005 train=7.0s best=4.613µs (9.3s, ETA 0.8h)
  [1296/2940] kick_s2_Oblique_d8: acc=0.9005 train=7.5s best=2.977µs (9.4s, ETA 0.8h)
  [1297/2940] kick_s3_AxisAligned_d3: acc=0.8955 train=0.2s best=0.285µs (1.6s, ETA 0.8h)
  [1298/2940] kick_s3_AxisAligned_d4: acc=0.8975 train=0.2s best=0.444µs (1.8s, ETA 0.8h)
  [1299/2940] kick_s3_AxisAligned_d5: acc=0.8965 train=0.4s best=0.820µs (2.3s, ETA 0.8h)
  [1300/2940] kick_s3_AxisAligned_d6: acc=0.8964 train=0.5s best=0.915µs (2.4s, ETA 0.8h)
  [1301/2940] kick_s3_AxisAligned_d7: acc=0.8963 train=0.4s best=0.732µs (2.0s, ETA 0.8h)
  [1302/2940] kick_s3_AxisAligned_d8: acc=0.8955 train=0.8s best=2.439µs (2.5s, ETA 0.8h)
  [1303/2940] kick_s3_AxisAligned_d10: acc=0.8945 train=1.1s best=1.821µs (2.6s, ETA 0.8h)
  [1304/2940] kick_s3_Oblique_d3: acc=0.8989 train=2.7s best=1.421µs (4.1s, ETA 0.8h)
  [1305/2940] kick_s3_Oblique_d4: acc=0.8985 train=4.1s best=1.657µs (5.6s, ETA 0.8h)
  [1306/2940] kick_s3_Oblique_d5: acc=0.899 train=4.0s best=1.264µs (5.5s, ETA 0.8h)
  [1307/2940] kick_s3_Oblique_d6: acc=0.8977 train=5.0s best=1.589µs (6.5s, ETA 0.8h)
  [1308/2940] kick_s3_Oblique_d8: acc=0.8971 train=7.0s best=2.425µs (8.8s, ETA 0.8h)
  [1309/2940] kick_s4_AxisAligned_d3: acc=0.8988 train=0.2s best=0.247µs (1.5s, ETA 0.8h)
  [1310/2940] kick_s4_AxisAligned_d4: acc=0.8997 train=0.2s best=0.399µs (1.7s, ETA 0.8h)
  [1311/2940] kick_s4_AxisAligned_d5: acc=0.899 train=0.3s best=0.554µs (1.9s, ETA 0.8h)
  [1312/2940] kick_s4_AxisAligned_d6: acc=0.8992 train=0.4s best=0.659µs (1.9s, ETA 0.8h)
  [1313/2940] kick_s4_AxisAligned_d7: acc=0.9002 train=0.4s best=0.789µs (1.9s, ETA 0.8h)
  [1314/2940] kick_s4_AxisAligned_d8: acc=0.9007 train=0.6s best=1.238µs (2.0s, ETA 0.8h)
  [1315/2940] kick_s4_AxisAligned_d10: acc=0.8977 train=1.3s best=2.528µs (3.1s, ETA 0.8h)
  [1316/2940] kick_s4_Oblique_d3: acc=0.9016 train=2.7s best=1.260µs (4.1s, ETA 0.8h)
  [1317/2940] kick_s4_Oblique_d4: acc=0.901 train=3.6s best=1.225µs (5.0s, ETA 0.8h)
  [1318/2940] kick_s4_Oblique_d5: acc=0.9009 train=3.6s best=0.996µs (4.9s, ETA 0.8h)
  [1319/2940] kick_s4_Oblique_d6: acc=0.9003 train=5.1s best=1.722µs (6.7s, ETA 0.8h)
  [1320/2940] kick_s4_Oblique_d8: acc=0.8989 train=6.7s best=2.252µs (8.4s, ETA 0.8h)
  fetching OpenML id=41142 (christine) ...

=== Dataset christine (openml:41142) shape=(5418, 1637) regime=high-dim ===
  [1321/2940] christine_s0_AxisAligned_d3: acc=0.75 train=2.1s best=1.105µs (3.3s, ETA 0.8h)
  [1322/2940] christine_s0_AxisAligned_d4: acc=0.75369 train=3.5s best=2.004µs (4.8s, ETA 0.8h)
  [1323/2940] christine_s0_AxisAligned_d5: acc=0.754613 train=5.6s best=3.328µs (7.1s, ETA 0.8h)
  [1324/2940] christine_s0_AxisAligned_d6: acc=0.756458 train=8.6s best=3.306µs (10.2s, ETA 0.8h)
  [1325/2940] christine_s0_AxisAligned_d7: acc=0.751845 train=14.7s best=3.986µs (16.4s, ETA 0.8h)
  [1326/2940] christine_s0_AxisAligned_d8: acc=0.756458 train=23.4s best=4.819µs (24.7s, ETA 0.8h)
  [1327/2940] christine_s0_AxisAligned_d10: acc=0.741697 train=34.6s best=3.439µs (36.0s, ETA 0.9h)
  [1328/2940] christine_s0_Oblique_d3: acc=0.755535 train=2.6s best=2.171µs (3.8s, ETA 0.9h)
  [1329/2940] christine_s0_Oblique_d4: acc=0.76476 train=4.6s best=2.720µs (5.8s, ETA 0.9h)
  [1330/2940] christine_s0_Oblique_d5: acc=0.750923 train=7.3s best=5.061µs (8.7s, ETA 0.9h)
  [1331/2940] christine_s0_Oblique_d6: acc=0.760148 train=11.7s best=5.740µs (13.0s, ETA 0.9h)
  [1332/2940] christine_s0_Oblique_d8: acc=0.74262 train=23.3s best=4.796µs (24.7s, ETA 0.9h)
  [1333/2940] christine_s1_AxisAligned_d3: acc=0.740775 train=1.9s best=1.082µs (3.1s, ETA 0.9h)
  [1334/2940] christine_s1_AxisAligned_d4: acc=0.739852 train=3.3s best=2.393µs (4.6s, ETA 0.9h)
  [1335/2940] christine_s1_AxisAligned_d5: acc=0.739852 train=5.3s best=3.149µs (6.7s, ETA 0.9h)
  [1336/2940] christine_s1_AxisAligned_d6: acc=0.741697 train=7.3s best=2.356µs (8.7s, ETA 0.9h)
  [1337/2940] christine_s1_AxisAligned_d7: acc=0.743542 train=12.8s best=3.604µs (14.4s, ETA 0.9h)
  [1338/2940] christine_s1_AxisAligned_d8: acc=0.743542 train=20.2s best=4.088µs (21.5s, ETA 0.9h)
  [1339/2940] christine_s1_AxisAligned_d10: acc=0.736162 train=31.7s best=2.623µs (33.0s, ETA 0.9h)
  [1340/2940] christine_s1_Oblique_d3: acc=0.76845 train=2.5s best=2.128µs (3.8s, ETA 0.9h)
  [1341/2940] christine_s1_Oblique_d4: acc=0.745387 train=4.2s best=2.517µs (5.4s, ETA 0.9h)
  [1342/2940] christine_s1_Oblique_d5: acc=0.758303 train=6.6s best=4.086µs (7.9s, ETA 0.9h)
  [1343/2940] christine_s1_Oblique_d6: acc=0.75 train=11.3s best=7.273µs (12.7s, ETA 0.9h)
  [1344/2940] christine_s1_Oblique_d8: acc=0.73893 train=22.6s best=4.665µs (23.9s, ETA 0.9h)
  [1345/2940] christine_s2_AxisAligned_d3: acc=0.70941 train=2.0s best=1.180µs (3.2s, ETA 0.9h)
  [1346/2940] christine_s2_AxisAligned_d4: acc=0.714945 train=3.3s best=2.091µs (4.6s, ETA 0.9h)
  [1347/2940] christine_s2_AxisAligned_d5: acc=0.708487 train=3.8s best=1.190µs (5.1s, ETA 0.9h)
  [1348/2940] christine_s2_AxisAligned_d6: acc=0.7131 train=6.7s best=2.088µs (8.1s, ETA 0.9h)
  [1349/2940] christine_s2_AxisAligned_d7: acc=0.714945 train=9.2s best=1.825µs (10.6s, ETA 0.9h)
  [1350/2940] christine_s2_AxisAligned_d8: acc=0.717712 train=14.9s best=2.107µs (16.1s, ETA 0.9h)
  [1351/2940] christine_s2_AxisAligned_d10: acc=0.703875 train=29.1s best=2.596µs (30.3s, ETA 0.9h)
  [1352/2940] christine_s2_Oblique_d3: acc=0.714945 train=2.7s best=2.036µs (3.9s, ETA 0.9h)
  [1353/2940] christine_s2_Oblique_d4: acc=0.719557 train=3.9s best=2.292µs (5.1s, ETA 0.9h)
  [1354/2940] christine_s2_Oblique_d5: acc=0.733395 train=6.9s best=4.595µs (8.2s, ETA 0.9h)
  [1355/2940] christine_s2_Oblique_d6: acc=0.723247 train=8.7s best=2.858µs (9.9s, ETA 0.9h)
  [1356/2940] christine_s2_Oblique_d8: acc=0.7131 train=22.3s best=3.907µs (23.6s, ETA 0.9h)
  [1357/2940] christine_s3_AxisAligned_d3: acc=0.70572 train=2.0s best=1.042µs (3.3s, ETA 0.9h)
  [1358/2940] christine_s3_AxisAligned_d4: acc=0.725092 train=3.0s best=1.329µs (4.2s, ETA 0.9h)
  [1359/2940] christine_s3_AxisAligned_d5: acc=0.722325 train=4.5s best=1.690µs (5.8s, ETA 0.9h)
  [1360/2940] christine_s3_AxisAligned_d6: acc=0.711255 train=6.5s best=1.855µs (7.9s, ETA 0.9h)
  [1361/2940] christine_s3_AxisAligned_d7: acc=0.722325 train=14.4s best=4.067µs (16.0s, ETA 0.9h)
  [1362/2940] christine_s3_AxisAligned_d8: acc=0.715867 train=14.8s best=1.719µs (16.1s, ETA 0.9h)
  [1363/2940] christine_s3_AxisAligned_d10: acc=0.704797 train=38.5s best=3.437µs (39.8s, ETA 1.0h)
  [1364/2940] christine_s3_Oblique_d3: acc=0.710332 train=2.6s best=2.109µs (3.8s, ETA 1.0h)
  [1365/2940] christine_s3_Oblique_d4: acc=0.722325 train=4.5s best=3.150µs (5.7s, ETA 1.0h)
  [1366/2940] christine_s3_Oblique_d5: acc=0.712177 train=5.8s best=2.558µs (7.1s, ETA 1.0h)
  [1367/2940] christine_s3_Oblique_d6: acc=0.714945 train=9.9s best=3.720µs (11.3s, ETA 1.0h)
  [1368/2940] christine_s3_Oblique_d8: acc=0.714945 train=17.3s best=2.338µs (18.6s, ETA 1.0h)
  [1369/2940] christine_s4_AxisAligned_d3: acc=0.732472 train=2.0s best=0.996µs (3.3s, ETA 1.0h)
  [1370/2940] christine_s4_AxisAligned_d4: acc=0.74262 train=3.5s best=1.866µs (4.8s, ETA 1.0h)
  [1371/2940] christine_s4_AxisAligned_d5: acc=0.738007 train=5.6s best=3.691µs (7.1s, ETA 1.0h)
  [1372/2940] christine_s4_AxisAligned_d6: acc=0.737085 train=8.7s best=3.741µs (10.3s, ETA 1.0h)
  [1373/2940] christine_s4_AxisAligned_d7: acc=0.732472 train=12.5s best=2.907µs (14.1s, ETA 1.0h)
  [1374/2940] christine_s4_AxisAligned_d8: acc=0.748155 train=18.0s best=3.061µs (19.2s, ETA 1.0h)
  [1375/2940] christine_s4_AxisAligned_d10: acc=0.728782 train=32.1s best=2.772µs (33.4s, ETA 1.0h)
  [1376/2940] christine_s4_Oblique_d3: acc=0.721402 train=2.5s best=1.639µs (3.8s, ETA 1.0h)
  [1377/2940] christine_s4_Oblique_d4: acc=0.729705 train=3.9s best=2.286µs (5.2s, ETA 1.0h)
  [1378/2940] christine_s4_Oblique_d5: acc=0.726937 train=5.7s best=2.531µs (6.9s, ETA 1.0h)
  [1379/2940] christine_s4_Oblique_d6: acc=0.733395 train=8.9s best=3.185µs (10.2s, ETA 1.0h)
  [1380/2940] christine_s4_Oblique_d8: acc=0.729705 train=20.3s best=4.193µs (21.7s, ETA 1.0h)
  fetching OpenML id=41159 (guillermo) ...

=== Dataset guillermo (openml:41159) shape=(20000, 4297) regime=high-dim ===
  [1381/2940] guillermo_s0_AxisAligned_d3: acc=0.764 train=6.9s best=1.111µs (14.8s, ETA 1.0h)
  [1382/2940] guillermo_s0_AxisAligned_d4: acc=0.78275 train=9.5s best=2.687µs (17.5s, ETA 1.0h)
  [1383/2940] guillermo_s0_AxisAligned_d5: acc=0.803 train=12.9s best=3.774µs (21.3s, ETA 1.0h)
  [1384/2940] guillermo_s0_AxisAligned_d6: acc=0.8075 train=19.0s best=4.884µs (28.0s, ETA 1.0h)
  [1385/2940] guillermo_s0_AxisAligned_d7: acc=0.81825 train=27.6s best=5.673µs (37.2s, ETA 1.0h)
  [1386/2940] guillermo_s0_AxisAligned_d8: acc=0.822 train=45.1s best=7.147µs (53.6s, ETA 1.1h)
  [1387/2940] guillermo_s0_AxisAligned_d10: acc=0.816 train=102.4s best=6.855µs (111.0s, ETA 1.1h)
  [1388/2940] guillermo_s0_Oblique_d3: acc=0.76 train=8.8s best=2.307µs (16.6s, ETA 1.1h)
  [1389/2940] guillermo_s0_Oblique_d4: acc=0.77575 train=12.7s best=3.835µs (20.7s, ETA 1.1h)
  [1390/2940] guillermo_s0_Oblique_d5: acc=0.79425 train=20.1s best=5.646µs (28.3s, ETA 1.1h)
  [1391/2940] guillermo_s0_Oblique_d6: acc=0.7985 train=34.5s best=7.916µs (43.1s, ETA 1.1h)
  [1392/2940] guillermo_s0_Oblique_d8: acc=0.80575 train=89.9s best=14.338µs (99.4s, ETA 1.1h)
  [1393/2940] guillermo_s1_AxisAligned_d3: acc=0.74825 train=7.0s best=1.010µs (14.8s, ETA 1.2h)
  [1394/2940] guillermo_s1_AxisAligned_d4: acc=0.77375 train=9.3s best=2.671µs (17.5s, ETA 1.2h)
  [1395/2940] guillermo_s1_AxisAligned_d5: acc=0.793 train=13.0s best=3.824µs (21.5s, ETA 1.2h)
  [1396/2940] guillermo_s1_AxisAligned_d6: acc=0.805 train=18.0s best=4.865µs (27.0s, ETA 1.2h)
  [1397/2940] guillermo_s1_AxisAligned_d7: acc=0.81225 train=27.4s best=5.855µs (37.0s, ETA 1.2h)
  [1398/2940] guillermo_s1_AxisAligned_d8: acc=0.81175 train=44.9s best=7.094µs (53.5s, ETA 1.2h)
  [1399/2940] guillermo_s1_AxisAligned_d10: acc=0.82 train=106.1s best=7.524µs (114.8s, ETA 1.2h)
  [1400/2940] guillermo_s1_Oblique_d3: acc=0.74625 train=8.6s best=2.313µs (16.4s, ETA 1.2h)
  [1401/2940] guillermo_s1_Oblique_d4: acc=0.773 train=13.2s best=3.576µs (21.0s, ETA 1.2h)
  [1402/2940] guillermo_s1_Oblique_d5: acc=0.7875 train=19.2s best=5.564µs (27.3s, ETA 1.2h)
  [1403/2940] guillermo_s1_Oblique_d6: acc=0.79975 train=34.8s best=8.225µs (43.4s, ETA 1.3h)
  [1404/2940] guillermo_s1_Oblique_d8: acc=0.8 train=82.5s best=14.347µs (92.0s, ETA 1.3h)
  [1405/2940] guillermo_s2_AxisAligned_d3: acc=0.74775 train=7.0s best=1.209µs (14.9s, ETA 1.3h)
  [1406/2940] guillermo_s2_AxisAligned_d4: acc=0.7785 train=9.6s best=2.829µs (17.7s, ETA 1.3h)
  [1407/2940] guillermo_s2_AxisAligned_d5: acc=0.793 train=12.9s best=3.628µs (21.2s, ETA 1.3h)
  [1408/2940] guillermo_s2_AxisAligned_d6: acc=0.8055 train=18.3s best=4.670µs (27.0s, ETA 1.3h)
  [1409/2940] guillermo_s2_AxisAligned_d7: acc=0.81025 train=27.4s best=5.798µs (36.9s, ETA 1.3h)
  [1410/2940] guillermo_s2_AxisAligned_d8: acc=0.8125 train=42.2s best=6.558µs (50.6s, ETA 1.3h)
  [1411/2940] guillermo_s2_AxisAligned_d10: acc=0.81 train=89.8s best=5.061µs (98.1s, ETA 1.4h)
  [1412/2940] guillermo_s2_Oblique_d3: acc=0.7435 train=8.8s best=2.408µs (16.6s, ETA 1.4h)
  [1413/2940] guillermo_s2_Oblique_d4: acc=0.76775 train=12.9s best=3.816µs (20.8s, ETA 1.4h)
  [1414/2940] guillermo_s2_Oblique_d5: acc=0.7805 train=20.7s best=5.617µs (29.0s, ETA 1.4h)
  [1415/2940] guillermo_s2_Oblique_d6: acc=0.79575 train=35.0s best=8.072µs (43.6s, ETA 1.4h)
  [1416/2940] guillermo_s2_Oblique_d8: acc=0.8015 train=82.7s best=13.988µs (92.1s, ETA 1.4h)
  [1417/2940] guillermo_s3_AxisAligned_d3: acc=0.76775 train=6.9s best=1.093µs (14.7s, ETA 1.4h)
  [1418/2940] guillermo_s3_AxisAligned_d4: acc=0.78325 train=9.5s best=2.601µs (17.6s, ETA 1.4h)
  [1419/2940] guillermo_s3_AxisAligned_d5: acc=0.809 train=12.7s best=3.784µs (21.2s, ETA 1.4h)
  [1420/2940] guillermo_s3_AxisAligned_d6: acc=0.813 train=18.0s best=4.820µs (27.0s, ETA 1.4h)
  [1421/2940] guillermo_s3_AxisAligned_d7: acc=0.8195 train=27.7s best=5.741µs (37.3s, ETA 1.4h)
  [1422/2940] guillermo_s3_AxisAligned_d8: acc=0.82125 train=44.7s best=6.786µs (53.1s, ETA 1.5h)
  [1423/2940] guillermo_s3_AxisAligned_d10: acc=0.825 train=111.0s best=8.158µs (119.7s, ETA 1.5h)
  [1424/2940] guillermo_s3_Oblique_d3: acc=0.76625 train=8.9s best=2.273µs (16.7s, ETA 1.5h)
  [1425/2940] guillermo_s3_Oblique_d4: acc=0.7765 train=13.6s best=3.767µs (21.6s, ETA 1.5h)
  [1426/2940] guillermo_s3_Oblique_d5: acc=0.79325 train=20.2s best=5.598µs (28.4s, ETA 1.5h)
  [1427/2940] guillermo_s3_Oblique_d6: acc=0.7975 train=31.6s best=8.016µs (40.1s, ETA 1.5h)
  [1428/2940] guillermo_s3_Oblique_d8: acc=0.8075 train=90.7s best=13.378µs (100.0s, ETA 1.5h)
  [1429/2940] guillermo_s4_AxisAligned_d3: acc=0.7515 train=6.9s best=1.085µs (14.7s, ETA 1.5h)
  [1430/2940] guillermo_s4_AxisAligned_d4: acc=0.77775 train=9.4s best=2.677µs (17.4s, ETA 1.6h)
  [1431/2940] guillermo_s4_AxisAligned_d5: acc=0.79 train=12.8s best=3.675µs (21.2s, ETA 1.6h)
  [1432/2940] guillermo_s4_AxisAligned_d6: acc=0.80375 train=18.5s best=4.780µs (27.4s, ETA 1.6h)
  [1433/2940] guillermo_s4_AxisAligned_d7: acc=0.80525 train=28.4s best=5.862µs (38.2s, ETA 1.6h)
  [1434/2940] guillermo_s4_AxisAligned_d8: acc=0.81425 train=43.6s best=7.229µs (52.1s, ETA 1.6h)
  [1435/2940] guillermo_s4_AxisAligned_d10: acc=0.81675 train=111.3s best=7.091µs (119.9s, ETA 1.6h)
  [1436/2940] guillermo_s4_Oblique_d3: acc=0.75 train=9.0s best=2.463µs (16.9s, ETA 1.6h)
  [1437/2940] guillermo_s4_Oblique_d4: acc=0.7755 train=12.7s best=3.877µs (20.8s, ETA 1.6h)
  [1438/2940] guillermo_s4_Oblique_d5: acc=0.78875 train=20.6s best=5.378µs (28.8s, ETA 1.6h)
  [1439/2940] guillermo_s4_Oblique_d6: acc=0.79275 train=34.1s best=7.799µs (42.6s, ETA 1.6h)
  [1440/2940] guillermo_s4_Oblique_d8: acc=0.79825 train=80.5s best=13.416µs (89.7s, ETA 1.7h)
  fetching OpenML id=41161 (riccardo) ...

=== Dataset riccardo (openml:41161) shape=(20000, 4297) regime=high-dim ===
  [1441/2940] riccardo_s0_AxisAligned_d3: acc=0.87675 train=6.5s best=1.141µs (14.2s, ETA 1.7h)
  [1442/2940] riccardo_s0_AxisAligned_d4: acc=0.93525 train=8.5s best=2.309µs (16.4s, ETA 1.7h)
  [1443/2940] riccardo_s0_AxisAligned_d5: acc=0.97275 train=12.0s best=3.106µs (20.3s, ETA 1.7h)
  [1444/2940] riccardo_s0_AxisAligned_d6: acc=0.98525 train=17.6s best=3.942µs (26.5s, ETA 1.7h)
  [1445/2940] riccardo_s0_AxisAligned_d7: acc=0.98875 train=26.6s best=4.899µs (36.2s, ETA 1.7h)
  [1446/2940] riccardo_s0_AxisAligned_d8: acc=0.9875 train=40.5s best=6.583µs (48.9s, ETA 1.7h)
  [1447/2940] riccardo_s0_AxisAligned_d10: acc=0.96925 train=110.7s best=9.515µs (119.5s, ETA 1.7h)
  [1448/2940] riccardo_s0_Oblique_d3: acc=0.8805 train=8.4s best=1.914µs (16.0s, ETA 1.7h)
  [1449/2940] riccardo_s0_Oblique_d4: acc=0.95075 train=13.0s best=3.376µs (20.7s, ETA 1.8h)
  [1450/2940] riccardo_s0_Oblique_d5: acc=0.9795 train=19.8s best=5.343µs (27.9s, ETA 1.8h)
  [1451/2940] riccardo_s0_Oblique_d6: acc=0.99425 train=33.4s best=7.967µs (41.9s, ETA 1.8h)
  [1452/2940] riccardo_s0_Oblique_d8: acc=0.9945 train=88.9s best=12.726µs (98.1s, ETA 1.8h)
  [1453/2940] riccardo_s1_AxisAligned_d3: acc=0.8665 train=6.5s best=1.194µs (14.2s, ETA 1.8h)
  [1454/2940] riccardo_s1_AxisAligned_d4: acc=0.929 train=8.6s best=2.345µs (16.7s, ETA 1.8h)
  [1455/2940] riccardo_s1_AxisAligned_d5: acc=0.96475 train=11.8s best=3.064µs (20.2s, ETA 1.8h)
  [1456/2940] riccardo_s1_AxisAligned_d6: acc=0.9845 train=17.1s best=4.048µs (26.1s, ETA 1.8h)
  [1457/2940] riccardo_s1_AxisAligned_d7: acc=0.985 train=27.9s best=4.979µs (37.7s, ETA 1.8h)
  [1458/2940] riccardo_s1_AxisAligned_d8: acc=0.98625 train=41.6s best=6.549µs (50.0s, ETA 1.8h)
  [1459/2940] riccardo_s1_AxisAligned_d10: acc=0.9655 train=120.2s best=8.991µs (128.8s, ETA 1.9h)
  [1460/2940] riccardo_s1_Oblique_d3: acc=0.88175 train=8.4s best=1.952µs (15.8s, ETA 1.9h)
  [1461/2940] riccardo_s1_Oblique_d4: acc=0.9425 train=12.4s best=3.182µs (20.0s, ETA 1.9h)
  [1462/2940] riccardo_s1_Oblique_d5: acc=0.97725 train=19.6s best=5.274µs (27.5s, ETA 1.9h)
  [1463/2940] riccardo_s1_Oblique_d6: acc=0.99175 train=31.2s best=7.451µs (39.4s, ETA 1.9h)
  [1464/2940] riccardo_s1_Oblique_d8: acc=0.99225 train=87.1s best=12.294µs (96.0s, ETA 1.9h)
  [1465/2940] riccardo_s2_AxisAligned_d3: acc=0.86875 train=6.4s best=1.188µs (13.8s, ETA 1.9h)
  [1466/2940] riccardo_s2_AxisAligned_d4: acc=0.92825 train=8.3s best=2.179µs (16.0s, ETA 1.9h)
  [1467/2940] riccardo_s2_AxisAligned_d5: acc=0.969 train=11.9s best=3.098µs (20.3s, ETA 1.9h)
  [1468/2940] riccardo_s2_AxisAligned_d6: acc=0.98225 train=16.8s best=4.021µs (25.8s, ETA 1.9h)
  [1469/2940] riccardo_s2_AxisAligned_d7: acc=0.99025 train=25.6s best=4.871µs (35.3s, ETA 1.9h)
  [1470/2940] riccardo_s2_AxisAligned_d8: acc=0.98525 train=43.3s best=6.785µs (51.6s, ETA 1.9h)
  [1471/2940] riccardo_s2_AxisAligned_d10: acc=0.9585 train=117.7s best=9.362µs (126.6s, ETA 2.0h)
  [1472/2940] riccardo_s2_Oblique_d3: acc=0.8805 train=8.3s best=1.879µs (15.8s, ETA 2.0h)
  [1473/2940] riccardo_s2_Oblique_d4: acc=0.9435 train=13.0s best=3.235µs (20.5s, ETA 2.0h)
  [1474/2940] riccardo_s2_Oblique_d5: acc=0.98325 train=20.9s best=5.419µs (28.7s, ETA 2.0h)
  [1475/2940] riccardo_s2_Oblique_d6: acc=0.99 train=32.8s best=7.501µs (41.1s, ETA 2.0h)
  [1476/2940] riccardo_s2_Oblique_d8: acc=0.99075 train=101.1s best=12.888µs (110.2s, ETA 2.0h)
  [1477/2940] riccardo_s3_AxisAligned_d3: acc=0.874 train=6.6s best=1.185µs (14.3s, ETA 2.0h)
  [1478/2940] riccardo_s3_AxisAligned_d4: acc=0.9375 train=8.6s best=2.276µs (16.6s, ETA 2.0h)
  [1479/2940] riccardo_s3_AxisAligned_d5: acc=0.9705 train=11.7s best=3.153µs (20.0s, ETA 2.0h)
  [1480/2940] riccardo_s3_AxisAligned_d6: acc=0.9835 train=17.4s best=3.866µs (26.1s, ETA 2.0h)
  [1481/2940] riccardo_s3_AxisAligned_d7: acc=0.99 train=26.0s best=4.982µs (35.8s, ETA 2.0h)
  [1482/2940] riccardo_s3_AxisAligned_d8: acc=0.987 train=42.9s best=6.487µs (51.3s, ETA 2.1h)
  [1483/2940] riccardo_s3_AxisAligned_d10: acc=0.96575 train=107.2s best=9.512µs (116.1s, ETA 2.1h)
  [1484/2940] riccardo_s3_Oblique_d3: acc=0.8775 train=8.7s best=1.881µs (16.4s, ETA 2.1h)
  [1485/2940] riccardo_s3_Oblique_d4: acc=0.94825 train=12.6s best=3.347µs (20.6s, ETA 2.1h)
  [1486/2940] riccardo_s3_Oblique_d5: acc=0.97875 train=20.3s best=5.266µs (28.4s, ETA 2.1h)
  [1487/2940] riccardo_s3_Oblique_d6: acc=0.99 train=34.8s best=7.878µs (43.3s, ETA 2.1h)
  [1488/2940] riccardo_s3_Oblique_d8: acc=0.9925 train=96.9s best=12.779µs (106.1s, ETA 2.1h)
  [1489/2940] riccardo_s4_AxisAligned_d3: acc=0.87375 train=6.6s best=1.130µs (14.3s, ETA 2.1h)
  [1490/2940] riccardo_s4_AxisAligned_d4: acc=0.92925 train=8.6s best=2.272µs (16.5s, ETA 2.1h)
  [1491/2940] riccardo_s4_AxisAligned_d5: acc=0.9655 train=11.8s best=3.058µs (20.2s, ETA 2.1h)
  [1492/2940] riccardo_s4_AxisAligned_d6: acc=0.98175 train=17.4s best=3.980µs (26.4s, ETA 2.1h)
  [1493/2940] riccardo_s4_AxisAligned_d7: acc=0.9875 train=27.0s best=5.082µs (36.9s, ETA 2.2h)
  [1494/2940] riccardo_s4_AxisAligned_d8: acc=0.983 train=43.9s best=6.170µs (52.1s, ETA 2.2h)
  [1495/2940] riccardo_s4_AxisAligned_d10: acc=0.962 train=109.9s best=8.822µs (118.5s, ETA 2.2h)
  [1496/2940] riccardo_s4_Oblique_d3: acc=0.87925 train=8.5s best=1.870µs (16.1s, ETA 2.2h)
  [1497/2940] riccardo_s4_Oblique_d4: acc=0.943 train=12.3s best=3.214µs (20.1s, ETA 2.2h)
  [1498/2940] riccardo_s4_Oblique_d5: acc=0.9755 train=19.3s best=4.987µs (27.5s, ETA 2.2h)
  [1499/2940] riccardo_s4_Oblique_d6: acc=0.99125 train=32.8s best=7.905µs (41.2s, ETA 2.2h)
  [1500/2940] riccardo_s4_Oblique_d8: acc=0.99125 train=93.6s best=12.519µs (102.8s, ETA 2.2h)
  fetching OpenML id=41146 (sylvine) ...

=== Dataset sylvine (openml:41146) shape=(5124, 21) regime=small-clean ===
  [1501/2940] sylvine_s0_AxisAligned_d3: acc=0.927805 train=0.1s best=0.221µs (0.3s, ETA 2.2h)
  [1502/2940] sylvine_s0_AxisAligned_d4: acc=0.93561 train=0.1s best=0.416µs (0.4s, ETA 2.2h)
  [1503/2940] sylvine_s0_AxisAligned_d5: acc=0.936585 train=0.2s best=0.652µs (0.5s, ETA 2.2h)
  [1504/2940] sylvine_s0_AxisAligned_d6: acc=0.941463 train=0.3s best=0.906µs (0.6s, ETA 2.2h)
  [1505/2940] sylvine_s0_AxisAligned_d7: acc=0.945366 train=0.4s best=1.451µs (0.7s, ETA 2.2h)
  [1506/2940] sylvine_s0_AxisAligned_d8: acc=0.942439 train=0.4s best=1.200µs (0.6s, ETA 2.2h)
  [1507/2940] sylvine_s0_AxisAligned_d10: acc=0.94439 train=0.7s best=1.447µs (0.9s, ETA 2.2h)
  [1508/2940] sylvine_s0_Oblique_d3: acc=0.939512 train=0.5s best=1.560µs (0.7s, ETA 2.2h)
  [1509/2940] sylvine_s0_Oblique_d4: acc=0.942439 train=0.8s best=2.377µs (1.0s, ETA 2.2h)
  [1510/2940] sylvine_s0_Oblique_d5: acc=0.94439 train=1.1s best=3.056µs (1.4s, ETA 2.2h)
  [1511/2940] sylvine_s0_Oblique_d6: acc=0.949268 train=1.5s best=5.165µs (1.8s, ETA 2.2h)
  [1512/2940] sylvine_s0_Oblique_d8: acc=0.948293 train=2.1s best=4.277µs (2.4s, ETA 2.2h)
  [1513/2940] sylvine_s1_AxisAligned_d3: acc=0.941463 train=0.1s best=0.238µs (0.3s, ETA 2.2h)
  [1514/2940] sylvine_s1_AxisAligned_d4: acc=0.94439 train=0.1s best=0.420µs (0.4s, ETA 2.2h)
  [1515/2940] sylvine_s1_AxisAligned_d5: acc=0.948293 train=0.2s best=0.647µs (0.5s, ETA 2.2h)
  [1516/2940] sylvine_s1_AxisAligned_d6: acc=0.950244 train=0.3s best=0.933µs (0.6s, ETA 2.2h)
  [1517/2940] sylvine_s1_AxisAligned_d7: acc=0.954146 train=0.3s best=0.944µs (0.6s, ETA 2.2h)
  [1518/2940] sylvine_s1_AxisAligned_d8: acc=0.952195 train=0.5s best=1.705µs (0.7s, ETA 2.2h)
  [1519/2940] sylvine_s1_AxisAligned_d10: acc=0.951219 train=0.7s best=1.715µs (1.0s, ETA 2.2h)
  [1520/2940] sylvine_s1_Oblique_d3: acc=0.949268 train=0.5s best=1.560µs (0.7s, ETA 2.2h)
  [1521/2940] sylvine_s1_Oblique_d4: acc=0.952195 train=0.8s best=2.450µs (1.0s, ETA 2.2h)
  [1522/2940] sylvine_s1_Oblique_d5: acc=0.953171 train=1.1s best=3.838µs (1.4s, ETA 2.2h)
  [1523/2940] sylvine_s1_Oblique_d6: acc=0.959024 train=1.5s best=3.492µs (1.7s, ETA 2.2h)
  [1524/2940] sylvine_s1_Oblique_d8: acc=0.96 train=1.8s best=3.275µs (2.1s, ETA 2.2h)
  [1525/2940] sylvine_s2_AxisAligned_d3: acc=0.92878 train=0.1s best=0.226µs (0.3s, ETA 2.2h)
  [1526/2940] sylvine_s2_AxisAligned_d4: acc=0.929756 train=0.1s best=0.427µs (0.4s, ETA 2.2h)
  [1527/2940] sylvine_s2_AxisAligned_d5: acc=0.937561 train=0.2s best=0.584µs (0.5s, ETA 2.2h)
  [1528/2940] sylvine_s2_AxisAligned_d6: acc=0.93561 train=0.3s best=0.883µs (0.6s, ETA 2.2h)
  [1529/2940] sylvine_s2_AxisAligned_d7: acc=0.938537 train=0.4s best=1.389µs (0.7s, ETA 2.2h)
  [1530/2940] sylvine_s2_AxisAligned_d8: acc=0.938537 train=0.5s best=2.177µs (0.8s, ETA 2.2h)
  [1531/2940] sylvine_s2_AxisAligned_d10: acc=0.939512 train=0.8s best=2.054µs (1.1s, ETA 2.1h)
  [1532/2940] sylvine_s2_Oblique_d3: acc=0.94439 train=0.5s best=1.661µs (0.7s, ETA 2.1h)
  [1533/2940] sylvine_s2_Oblique_d4: acc=0.943415 train=0.8s best=2.699µs (1.1s, ETA 2.1h)
  [1534/2940] sylvine_s2_Oblique_d5: acc=0.942439 train=1.1s best=3.405µs (1.4s, ETA 2.1h)
  [1535/2940] sylvine_s2_Oblique_d6: acc=0.948293 train=1.5s best=5.172µs (1.8s, ETA 2.1h)
  [1536/2940] sylvine_s2_Oblique_d8: acc=0.948293 train=2.0s best=3.958µs (2.3s, ETA 2.1h)
  [1537/2940] sylvine_s3_AxisAligned_d3: acc=0.937561 train=0.1s best=0.232µs (0.3s, ETA 2.1h)
  [1538/2940] sylvine_s3_AxisAligned_d4: acc=0.945366 train=0.1s best=0.388µs (0.4s, ETA 2.1h)
  [1539/2940] sylvine_s3_AxisAligned_d5: acc=0.951219 train=0.2s best=0.692µs (0.5s, ETA 2.1h)
  [1540/2940] sylvine_s3_AxisAligned_d6: acc=0.952195 train=0.3s best=1.005µs (0.6s, ETA 2.1h)
  [1541/2940] sylvine_s3_AxisAligned_d7: acc=0.955122 train=0.4s best=1.331µs (0.7s, ETA 2.1h)
  [1542/2940] sylvine_s3_AxisAligned_d8: acc=0.955122 train=0.5s best=3.108µs (0.9s, ETA 2.1h)
  [1543/2940] sylvine_s3_AxisAligned_d10: acc=0.953171 train=0.9s best=2.527µs (1.2s, ETA 2.1h)
  [1544/2940] sylvine_s3_Oblique_d3: acc=0.950244 train=0.5s best=1.524µs (0.7s, ETA 2.1h)
  [1545/2940] sylvine_s3_Oblique_d4: acc=0.948293 train=0.8s best=2.557µs (1.0s, ETA 2.1h)
  [1546/2940] sylvine_s3_Oblique_d5: acc=0.957073 train=1.1s best=3.399µs (1.4s, ETA 2.1h)
  [1547/2940] sylvine_s3_Oblique_d6: acc=0.955122 train=1.5s best=5.547µs (1.8s, ETA 2.1h)
  [1548/2940] sylvine_s3_Oblique_d8: acc=0.953171 train=2.3s best=5.556µs (2.6s, ETA 2.1h)
  [1549/2940] sylvine_s4_AxisAligned_d3: acc=0.924878 train=0.1s best=0.222µs (0.3s, ETA 2.1h)
  [1550/2940] sylvine_s4_AxisAligned_d4: acc=0.937561 train=0.1s best=0.400µs (0.4s, ETA 2.1h)
  [1551/2940] sylvine_s4_AxisAligned_d5: acc=0.948293 train=0.2s best=0.680µs (0.5s, ETA 2.1h)
  [1552/2940] sylvine_s4_AxisAligned_d6: acc=0.951219 train=0.3s best=0.975µs (0.6s, ETA 2.1h)
  [1553/2940] sylvine_s4_AxisAligned_d7: acc=0.956098 train=0.4s best=1.066µs (0.7s, ETA 2.1h)
  [1554/2940] sylvine_s4_AxisAligned_d8: acc=0.959024 train=0.5s best=2.324µs (0.8s, ETA 2.1h)
  [1555/2940] sylvine_s4_AxisAligned_d10: acc=0.957073 train=0.7s best=1.974µs (1.0s, ETA 2.1h)
  [1556/2940] sylvine_s4_Oblique_d3: acc=0.942439 train=0.5s best=1.411µs (0.7s, ETA 2.1h)
  [1557/2940] sylvine_s4_Oblique_d4: acc=0.948293 train=0.8s best=2.518µs (1.0s, ETA 2.1h)
  [1558/2940] sylvine_s4_Oblique_d5: acc=0.950244 train=1.1s best=2.851µs (1.3s, ETA 2.1h)
  [1559/2940] sylvine_s4_Oblique_d6: acc=0.949268 train=1.5s best=3.441µs (1.7s, ETA 2.1h)
  [1560/2940] sylvine_s4_Oblique_d8: acc=0.952195 train=1.6s best=2.338µs (1.8s, ETA 2.1h)
  fetching OpenML id=1046 (mozilla4) ...

=== Dataset mozilla4 (openml:1046) shape=(15545, 6) regime=small-clean ===
  [1561/2940] mozilla4_s0_AxisAligned_d3: acc=0.940174 train=0.1s best=0.196µs (0.5s, ETA 2.1h)
  [1562/2940] mozilla4_s0_AxisAligned_d4: acc=0.94339 train=0.1s best=0.336µs (0.6s, ETA 2.1h)
  [1563/2940] mozilla4_s0_AxisAligned_d5: acc=0.947893 train=0.2s best=0.540µs (0.7s, ETA 2.1h)
  [1564/2940] mozilla4_s0_AxisAligned_d6: acc=0.948858 train=0.2s best=0.812µs (0.9s, ETA 2.1h)
  [1565/2940] mozilla4_s0_AxisAligned_d7: acc=0.950788 train=0.3s best=1.266µs (1.0s, ETA 2.1h)
  [1566/2940] mozilla4_s0_AxisAligned_d8: acc=0.950788 train=0.3s best=4.090µs (1.1s, ETA 2.1h)
  [1567/2940] mozilla4_s0_AxisAligned_d10: acc=0.951431 train=0.5s best=5.192µs (1.4s, ETA 2.1h)
  [1568/2940] mozilla4_s0_Oblique_d3: acc=0.940174 train=0.3s best=1.425µs (0.7s, ETA 2.1h)
  [1569/2940] mozilla4_s0_Oblique_d4: acc=0.944677 train=0.4s best=2.686µs (1.0s, ETA 2.1h)
  [1570/2940] mozilla4_s0_Oblique_d5: acc=0.94725 train=0.5s best=3.367µs (1.2s, ETA 2.0h)
  [1571/2940] mozilla4_s0_Oblique_d6: acc=0.95111 train=0.7s best=5.388µs (1.5s, ETA 2.0h)
  [1572/2940] mozilla4_s0_Oblique_d8: acc=0.95111 train=1.0s best=6.715µs (1.9s, ETA 2.0h)
  [1573/2940] mozilla4_s1_AxisAligned_d3: acc=0.944355 train=0.1s best=0.199µs (0.5s, ETA 2.0h)
  [1574/2940] mozilla4_s1_AxisAligned_d4: acc=0.946285 train=0.1s best=0.330µs (0.6s, ETA 2.0h)
  [1575/2940] mozilla4_s1_AxisAligned_d5: acc=0.947893 train=0.2s best=0.497µs (0.7s, ETA 2.0h)
  [1576/2940] mozilla4_s1_AxisAligned_d6: acc=0.949823 train=0.2s best=0.795µs (0.9s, ETA 2.0h)
  [1577/2940] mozilla4_s1_AxisAligned_d7: acc=0.948537 train=0.3s best=0.967µs (0.9s, ETA 2.0h)
  [1578/2940] mozilla4_s1_AxisAligned_d8: acc=0.94918 train=0.3s best=3.961µs (1.0s, ETA 2.0h)
  [1579/2940] mozilla4_s1_AxisAligned_d10: acc=0.953361 train=0.5s best=3.525µs (1.2s, ETA 2.0h)
  [1580/2940] mozilla4_s1_Oblique_d3: acc=0.944677 train=0.3s best=1.499µs (0.7s, ETA 2.0h)
  [1581/2940] mozilla4_s1_Oblique_d4: acc=0.94918 train=0.4s best=2.479µs (0.9s, ETA 2.0h)
  [1582/2940] mozilla4_s1_Oblique_d5: acc=0.948537 train=0.5s best=3.879µs (1.2s, ETA 2.0h)
  [1583/2940] mozilla4_s1_Oblique_d6: acc=0.95111 train=0.7s best=5.262µs (1.5s, ETA 2.0h)
  [1584/2940] mozilla4_s1_Oblique_d8: acc=0.954648 train=1.0s best=8.682µs (2.1s, ETA 2.0h)
  [1585/2940] mozilla4_s2_AxisAligned_d3: acc=0.942425 train=0.1s best=0.202µs (0.5s, ETA 2.0h)
  [1586/2940] mozilla4_s2_AxisAligned_d4: acc=0.94339 train=0.1s best=0.335µs (0.6s, ETA 2.0h)
  [1587/2940] mozilla4_s2_AxisAligned_d5: acc=0.946285 train=0.2s best=0.514µs (0.7s, ETA 2.0h)
  [1588/2940] mozilla4_s2_AxisAligned_d6: acc=0.948215 train=0.2s best=0.757µs (0.8s, ETA 2.0h)
  [1589/2940] mozilla4_s2_AxisAligned_d7: acc=0.949823 train=0.3s best=1.169µs (1.0s, ETA 2.0h)
  [1590/2940] mozilla4_s2_AxisAligned_d8: acc=0.950145 train=0.3s best=4.060µs (1.1s, ETA 2.0h)
  [1591/2940] mozilla4_s2_AxisAligned_d10: acc=0.95111 train=0.5s best=4.971µs (1.4s, ETA 2.0h)
  [1592/2940] mozilla4_s2_Oblique_d3: acc=0.94146 train=0.3s best=1.502µs (0.7s, ETA 2.0h)
  [1593/2940] mozilla4_s2_Oblique_d4: acc=0.944355 train=0.4s best=2.606µs (1.0s, ETA 2.0h)
  [1594/2940] mozilla4_s2_Oblique_d5: acc=0.948215 train=0.5s best=3.885µs (1.2s, ETA 2.0h)
  [1595/2940] mozilla4_s2_Oblique_d6: acc=0.949823 train=0.7s best=5.014µs (1.4s, ETA 2.0h)
  [1596/2940] mozilla4_s2_Oblique_d8: acc=0.954648 train=1.0s best=8.133µs (2.0s, ETA 2.0h)
  [1597/2940] mozilla4_s3_AxisAligned_d3: acc=0.944355 train=0.1s best=0.199µs (0.5s, ETA 2.0h)
  [1598/2940] mozilla4_s3_AxisAligned_d4: acc=0.946928 train=0.1s best=0.332µs (0.6s, ETA 2.0h)
  [1599/2940] mozilla4_s3_AxisAligned_d5: acc=0.946607 train=0.2s best=0.483µs (0.7s, ETA 2.0h)
  [1600/2940] mozilla4_s3_AxisAligned_d6: acc=0.949823 train=0.2s best=0.927µs (0.9s, ETA 2.0h)
  [1601/2940] mozilla4_s3_AxisAligned_d7: acc=0.950466 train=0.3s best=1.082µs (1.0s, ETA 2.0h)
  [1602/2940] mozilla4_s3_AxisAligned_d8: acc=0.94918 train=0.3s best=3.847µs (1.0s, ETA 2.0h)
  [1603/2940] mozilla4_s3_AxisAligned_d10: acc=0.95111 train=0.5s best=5.276µs (1.4s, ETA 2.0h)
  [1604/2940] mozilla4_s3_Oblique_d3: acc=0.945963 train=0.3s best=1.369µs (0.7s, ETA 2.0h)
  [1605/2940] mozilla4_s3_Oblique_d4: acc=0.948537 train=0.4s best=2.389µs (0.9s, ETA 2.0h)
  [1606/2940] mozilla4_s3_Oblique_d5: acc=0.948215 train=0.5s best=3.549µs (1.2s, ETA 2.0h)
  [1607/2940] mozilla4_s3_Oblique_d6: acc=0.950466 train=0.6s best=4.849µs (1.4s, ETA 2.0h)
  [1608/2940] mozilla4_s3_Oblique_d8: acc=0.952718 train=0.9s best=7.914µs (2.0s, ETA 2.0h)
  [1609/2940] mozilla4_s4_AxisAligned_d3: acc=0.933419 train=0.1s best=0.191µs (0.5s, ETA 2.0h)
  [1610/2940] mozilla4_s4_AxisAligned_d4: acc=0.937922 train=0.1s best=0.327µs (0.6s, ETA 1.9h)
  [1611/2940] mozilla4_s4_AxisAligned_d5: acc=0.936957 train=0.2s best=0.554µs (0.7s, ETA 1.9h)
  [1612/2940] mozilla4_s4_AxisAligned_d6: acc=0.939852 train=0.2s best=0.964µs (0.9s, ETA 1.9h)
  [1613/2940] mozilla4_s4_AxisAligned_d7: acc=0.942747 train=0.3s best=1.415µs (1.0s, ETA 1.9h)
  [1614/2940] mozilla4_s4_AxisAligned_d8: acc=0.944677 train=0.4s best=4.198µs (1.1s, ETA 1.9h)
  [1615/2940] mozilla4_s4_AxisAligned_d10: acc=0.948537 train=0.6s best=5.559µs (1.4s, ETA 1.9h)
  [1616/2940] mozilla4_s4_Oblique_d3: acc=0.932454 train=0.3s best=1.475µs (0.7s, ETA 1.9h)
  [1617/2940] mozilla4_s4_Oblique_d4: acc=0.940817 train=0.4s best=2.511µs (0.9s, ETA 1.9h)
  [1618/2940] mozilla4_s4_Oblique_d5: acc=0.94339 train=0.5s best=3.714µs (1.2s, ETA 1.9h)
  [1619/2940] mozilla4_s4_Oblique_d6: acc=0.944998 train=0.7s best=5.562µs (1.5s, ETA 1.9h)
  [1620/2940] mozilla4_s4_Oblique_d8: acc=0.946928 train=1.0s best=8.496µs (2.1s, ETA 1.9h)
  fetching OpenML id=40536 (SpeedDating) ...

=== Dataset SpeedDating (openml:40536) shape=(8378, 121) regime=correlated ===
  [1621/2940] SpeedDating_s0_AxisAligned_d3: acc=0.855609 train=0.3s best=0.426µs (0.7s, ETA 1.9h)
  [1622/2940] SpeedDating_s0_AxisAligned_d4: acc=0.849642 train=0.6s best=0.907µs (1.0s, ETA 1.9h)
  [1623/2940] SpeedDating_s0_AxisAligned_d5: acc=0.860382 train=0.9s best=1.480µs (1.4s, ETA 1.9h)
  [1624/2940] SpeedDating_s0_AxisAligned_d6: acc=0.857399 train=1.3s best=1.860µs (1.8s, ETA 1.9h)
  [1625/2940] SpeedDating_s0_AxisAligned_d7: acc=0.861575 train=2.1s best=2.494µs (2.6s, ETA 1.9h)
  [1626/2940] SpeedDating_s0_AxisAligned_d8: acc=0.858592 train=2.0s best=1.827µs (2.3s, ETA 1.9h)
  [1627/2940] SpeedDating_s0_AxisAligned_d10: acc=0.853222 train=3.7s best=1.629µs (4.1s, ETA 1.9h)
  [1628/2940] SpeedDating_s0_Oblique_d3: acc=0.855012 train=1.3s best=1.799µs (1.7s, ETA 1.9h)
  [1629/2940] SpeedDating_s0_Oblique_d4: acc=0.853819 train=2.1s best=2.151µs (2.5s, ETA 1.9h)
  [1630/2940] SpeedDating_s0_Oblique_d5: acc=0.852625 train=2.9s best=2.847µs (3.3s, ETA 1.9h)
  [1631/2940] SpeedDating_s0_Oblique_d6: acc=0.856802 train=2.7s best=1.834µs (3.1s, ETA 1.9h)
  [1632/2940] SpeedDating_s0_Oblique_d8: acc=0.855012 train=3.9s best=1.729µs (4.3s, ETA 1.9h)
  [1633/2940] SpeedDating_s1_AxisAligned_d3: acc=0.871122 train=0.3s best=0.430µs (0.7s, ETA 1.9h)
  [1634/2940] SpeedDating_s1_AxisAligned_d4: acc=0.869332 train=0.6s best=0.912µs (1.0s, ETA 1.9h)
  [1635/2940] SpeedDating_s1_AxisAligned_d5: acc=0.865155 train=0.9s best=1.427µs (1.4s, ETA 1.9h)
  [1636/2940] SpeedDating_s1_AxisAligned_d6: acc=0.863962 train=1.3s best=1.762µs (1.8s, ETA 1.9h)
  [1637/2940] SpeedDating_s1_AxisAligned_d7: acc=0.876492 train=1.6s best=2.075µs (2.1s, ETA 1.9h)
  [1638/2940] SpeedDating_s1_AxisAligned_d8: acc=0.862768 train=2.5s best=3.260µs (3.0s, ETA 1.9h)
  [1639/2940] SpeedDating_s1_AxisAligned_d10: acc=0.867542 train=5.4s best=3.817µs (5.9s, ETA 1.9h)
  [1640/2940] SpeedDating_s1_Oblique_d3: acc=0.871718 train=1.4s best=1.952µs (1.7s, ETA 1.9h)
  [1641/2940] SpeedDating_s1_Oblique_d4: acc=0.866945 train=2.1s best=2.789µs (2.5s, ETA 1.9h)
  [1642/2940] SpeedDating_s1_Oblique_d5: acc=0.868138 train=3.0s best=3.761µs (3.5s, ETA 1.9h)
  [1643/2940] SpeedDating_s1_Oblique_d6: acc=0.867542 train=4.0s best=5.524µs (4.5s, ETA 1.9h)
  [1644/2940] SpeedDating_s1_Oblique_d8: acc=0.870525 train=5.9s best=5.053µs (6.5s, ETA 1.9h)
  [1645/2940] SpeedDating_s2_AxisAligned_d3: acc=0.854415 train=0.3s best=0.450µs (0.7s, ETA 1.9h)
  [1646/2940] SpeedDating_s2_AxisAligned_d4: acc=0.859189 train=0.6s best=0.942µs (1.0s, ETA 1.9h)
  [1647/2940] SpeedDating_s2_AxisAligned_d5: acc=0.860382 train=0.8s best=1.452µs (1.3s, ETA 1.9h)
  [1648/2940] SpeedDating_s2_AxisAligned_d6: acc=0.860979 train=1.3s best=1.938µs (1.9s, ETA 1.9h)
  [1649/2940] SpeedDating_s2_AxisAligned_d7: acc=0.863365 train=2.0s best=2.571µs (2.6s, ETA 1.9h)
  [1650/2940] SpeedDating_s2_AxisAligned_d8: acc=0.851432 train=2.2s best=2.004µs (2.6s, ETA 1.9h)
  [1651/2940] SpeedDating_s2_AxisAligned_d10: acc=0.852029 train=3.5s best=1.730µs (3.9s, ETA 1.9h)
  [1652/2940] SpeedDating_s2_Oblique_d3: acc=0.860382 train=1.3s best=1.865µs (1.7s, ETA 1.9h)
  [1653/2940] SpeedDating_s2_Oblique_d4: acc=0.862172 train=2.1s best=2.710µs (2.5s, ETA 1.9h)
  [1654/2940] SpeedDating_s2_Oblique_d5: acc=0.860979 train=2.9s best=4.223µs (3.4s, ETA 1.9h)
  [1655/2940] SpeedDating_s2_Oblique_d6: acc=0.861575 train=4.0s best=5.923µs (4.5s, ETA 1.9h)
  [1656/2940] SpeedDating_s2_Oblique_d8: acc=0.857399 train=4.1s best=2.184µs (4.5s, ETA 1.9h)
  [1657/2940] SpeedDating_s3_AxisAligned_d3: acc=0.869928 train=0.3s best=0.469µs (0.7s, ETA 1.9h)
  [1658/2940] SpeedDating_s3_AxisAligned_d4: acc=0.871122 train=0.6s best=0.871µs (1.0s, ETA 1.8h)
  [1659/2940] SpeedDating_s3_AxisAligned_d5: acc=0.875895 train=0.9s best=1.456µs (1.4s, ETA 1.8h)
  [1660/2940] SpeedDating_s3_AxisAligned_d6: acc=0.877685 train=1.3s best=1.838µs (1.8s, ETA 1.8h)
  [1661/2940] SpeedDating_s3_AxisAligned_d7: acc=0.871718 train=1.4s best=1.841µs (1.8s, ETA 1.8h)
  [1662/2940] SpeedDating_s3_AxisAligned_d8: acc=0.871122 train=2.2s best=2.384µs (2.6s, ETA 1.8h)
  [1663/2940] SpeedDating_s3_AxisAligned_d10: acc=0.859785 train=4.3s best=2.260µs (4.7s, ETA 1.8h)
  [1664/2940] SpeedDating_s3_Oblique_d3: acc=0.869928 train=1.3s best=1.628µs (1.7s, ETA 1.8h)
  [1665/2940] SpeedDating_s3_Oblique_d4: acc=0.877088 train=2.1s best=2.683µs (2.5s, ETA 1.8h)
  [1666/2940] SpeedDating_s3_Oblique_d5: acc=0.869332 train=1.9s best=1.187µs (2.2s, ETA 1.8h)
  [1667/2940] SpeedDating_s3_Oblique_d6: acc=0.873508 train=3.2s best=2.728µs (3.6s, ETA 1.8h)
  [1668/2940] SpeedDating_s3_Oblique_d8: acc=0.866945 train=4.4s best=2.356µs (4.8s, ETA 1.8h)
  [1669/2940] SpeedDating_s4_AxisAligned_d3: acc=0.852029 train=0.3s best=0.409µs (0.7s, ETA 1.8h)
  [1670/2940] SpeedDating_s4_AxisAligned_d4: acc=0.855609 train=0.5s best=0.896µs (1.0s, ETA 1.8h)
  [1671/2940] SpeedDating_s4_AxisAligned_d5: acc=0.860382 train=0.9s best=1.496µs (1.4s, ETA 1.8h)
  [1672/2940] SpeedDating_s4_AxisAligned_d6: acc=0.860382 train=1.3s best=1.958µs (1.8s, ETA 1.8h)
  [1673/2940] SpeedDating_s4_AxisAligned_d7: acc=0.858592 train=2.0s best=2.669µs (2.6s, ETA 1.8h)
  [1674/2940] SpeedDating_s4_AxisAligned_d8: acc=0.853222 train=2.6s best=3.415µs (3.1s, ETA 1.8h)
  [1675/2940] SpeedDating_s4_AxisAligned_d10: acc=0.852029 train=4.0s best=2.254µs (4.4s, ETA 1.8h)
  [1676/2940] SpeedDating_s4_Oblique_d3: acc=0.850239 train=1.3s best=1.891µs (1.7s, ETA 1.8h)
  [1677/2940] SpeedDating_s4_Oblique_d4: acc=0.854415 train=4.1s best=2.986µs (4.5s, ETA 1.8h)
  [1678/2940] SpeedDating_s4_Oblique_d5: acc=0.853222 train=5.5s best=4.095µs (6.0s, ETA 1.8h)
  [1679/2940] SpeedDating_s4_Oblique_d6: acc=0.849045 train=7.1s best=5.949µs (7.7s, ETA 1.8h)
  [1680/2940] SpeedDating_s4_Oblique_d8: acc=0.849045 train=6.5s best=2.393µs (6.9s, ETA 1.8h)
  fetching OpenML id=1116 (musk) ...

=== Dataset musk (openml:1116) shape=(6598, 168) regime=correlated ===
  [1681/2940] musk_s0_AxisAligned_d3: acc=1.0 train=0.4s best=0.393µs (0.7s, ETA 1.8h)
  [1682/2940] musk_s0_AxisAligned_d4: acc=1.0 train=0.5s best=0.465µs (0.8s, ETA 1.8h)
  [1683/2940] musk_s0_AxisAligned_d5: acc=1.0 train=0.7s best=0.522µs (1.0s, ETA 1.8h)
  [1684/2940] musk_s0_AxisAligned_d6: acc=1.0 train=0.8s best=0.578µs (1.1s, ETA 1.8h)
  [1685/2940] musk_s0_AxisAligned_d7: acc=1.0 train=0.8s best=0.584µs (1.1s, ETA 1.8h)
  [1686/2940] musk_s0_AxisAligned_d8: acc=1.0 train=0.8s best=0.599µs (1.2s, ETA 1.8h)
  [1687/2940] musk_s0_AxisAligned_d10: acc=1.0 train=1.0s best=0.686µs (1.4s, ETA 1.8h)
  [1688/2940] musk_s0_Oblique_d3: acc=1.0 train=1.5s best=1.201µs (1.8s, ETA 1.8h)
  [1689/2940] musk_s0_Oblique_d4: acc=1.0 train=2.4s best=1.668µs (2.7s, ETA 1.8h)
  [1690/2940] musk_s0_Oblique_d5: acc=1.0 train=2.9s best=1.851µs (3.2s, ETA 1.8h)
  [1691/2940] musk_s0_Oblique_d6: acc=1.0 train=4.0s best=2.613µs (4.3s, ETA 1.8h)
  [1692/2940] musk_s0_Oblique_d8: acc=1.0 train=5.8s best=4.025µs (6.2s, ETA 1.8h)
  [1693/2940] musk_s1_AxisAligned_d3: acc=1.0 train=0.4s best=0.356µs (0.7s, ETA 1.8h)
  [1694/2940] musk_s1_AxisAligned_d4: acc=1.0 train=0.5s best=0.423µs (0.8s, ETA 1.8h)
  [1695/2940] musk_s1_AxisAligned_d5: acc=1.0 train=0.6s best=0.467µs (1.0s, ETA 1.8h)
  [1696/2940] musk_s1_AxisAligned_d6: acc=1.0 train=0.7s best=0.520µs (1.1s, ETA 1.8h)
  [1697/2940] musk_s1_AxisAligned_d7: acc=1.0 train=0.8s best=0.526µs (1.1s, ETA 1.8h)
  [1698/2940] musk_s1_AxisAligned_d8: acc=1.0 train=0.9s best=0.577µs (1.2s, ETA 1.8h)
  [1699/2940] musk_s1_AxisAligned_d10: acc=1.0 train=1.0s best=0.608µs (1.4s, ETA 1.8h)
  [1700/2940] musk_s1_Oblique_d3: acc=1.0 train=1.5s best=1.255µs (1.8s, ETA 1.8h)
  [1701/2940] musk_s1_Oblique_d4: acc=1.0 train=3.8s best=1.760µs (4.1s, ETA 1.8h)
  [1702/2940] musk_s1_Oblique_d5: acc=1.0 train=5.0s best=2.220µs (5.3s, ETA 1.8h)
  [1703/2940] musk_s1_Oblique_d6: acc=1.0 train=3.3s best=2.051µs (3.6s, ETA 1.8h)
  [1704/2940] musk_s1_Oblique_d8: acc=1.0 train=5.8s best=3.944µs (6.2s, ETA 1.8h)
  [1705/2940] musk_s2_AxisAligned_d3: acc=1.0 train=0.4s best=0.292µs (0.6s, ETA 1.8h)
  [1706/2940] musk_s2_AxisAligned_d4: acc=1.0 train=0.5s best=0.409µs (0.8s, ETA 1.8h)
  [1707/2940] musk_s2_AxisAligned_d5: acc=1.0 train=0.6s best=0.446µs (1.0s, ETA 1.8h)
  [1708/2940] musk_s2_AxisAligned_d6: acc=1.0 train=0.7s best=0.498µs (1.1s, ETA 1.7h)
  [1709/2940] musk_s2_AxisAligned_d7: acc=1.0 train=0.8s best=0.538µs (1.1s, ETA 1.7h)
  [1710/2940] musk_s2_AxisAligned_d8: acc=1.0 train=0.9s best=0.540µs (1.2s, ETA 1.7h)
  [1711/2940] musk_s2_AxisAligned_d10: acc=1.0 train=1.0s best=0.555µs (1.3s, ETA 1.7h)
  [1712/2940] musk_s2_Oblique_d3: acc=1.0 train=2.5s best=1.373µs (2.8s, ETA 1.7h)
  [1713/2940] musk_s2_Oblique_d4: acc=1.0 train=3.7s best=1.625µs (4.0s, ETA 1.7h)
  [1714/2940] musk_s2_Oblique_d5: acc=1.0 train=5.0s best=2.321µs (5.4s, ETA 1.7h)
  [1715/2940] musk_s2_Oblique_d6: acc=1.0 train=3.4s best=2.118µs (3.7s, ETA 1.7h)
  [1716/2940] musk_s2_Oblique_d8: acc=1.0 train=8.0s best=3.694µs (8.4s, ETA 1.7h)
  [1717/2940] musk_s3_AxisAligned_d3: acc=1.0 train=0.4s best=0.308µs (0.7s, ETA 1.7h)
  [1718/2940] musk_s3_AxisAligned_d4: acc=1.0 train=0.5s best=0.458µs (0.8s, ETA 1.7h)
  [1719/2940] musk_s3_AxisAligned_d5: acc=1.0 train=0.7s best=0.486µs (1.0s, ETA 1.7h)
  [1720/2940] musk_s3_AxisAligned_d6: acc=1.0 train=0.8s best=0.562µs (1.1s, ETA 1.7h)
  [1721/2940] musk_s3_AxisAligned_d7: acc=1.0 train=0.8s best=0.595µs (1.2s, ETA 1.7h)
  [1722/2940] musk_s3_AxisAligned_d8: acc=1.0 train=0.8s best=0.598µs (1.2s, ETA 1.7h)
  [1723/2940] musk_s3_AxisAligned_d10: acc=1.0 train=0.9s best=0.635µs (1.3s, ETA 1.7h)
  [1724/2940] musk_s3_Oblique_d3: acc=1.0 train=1.5s best=1.146µs (1.8s, ETA 1.7h)
  [1725/2940] musk_s3_Oblique_d4: acc=1.0 train=2.4s best=1.673µs (2.7s, ETA 1.7h)
  [1726/2940] musk_s3_Oblique_d5: acc=1.0 train=3.2s best=2.159µs (3.6s, ETA 1.7h)
  [1727/2940] musk_s3_Oblique_d6: acc=1.0 train=3.2s best=1.969µs (3.5s, ETA 1.7h)
  [1728/2940] musk_s3_Oblique_d8: acc=1.0 train=4.9s best=3.135µs (5.3s, ETA 1.7h)
  [1729/2940] musk_s4_AxisAligned_d3: acc=1.0 train=0.4s best=0.302µs (0.6s, ETA 1.7h)
  [1730/2940] musk_s4_AxisAligned_d4: acc=1.0 train=0.5s best=0.415µs (0.8s, ETA 1.7h)
  [1731/2940] musk_s4_AxisAligned_d5: acc=1.0 train=0.7s best=0.519µs (1.0s, ETA 1.7h)
  [1732/2940] musk_s4_AxisAligned_d6: acc=1.0 train=0.7s best=0.512µs (1.0s, ETA 1.7h)
  [1733/2940] musk_s4_AxisAligned_d7: acc=1.0 train=0.9s best=0.565µs (1.2s, ETA 1.7h)
  [1734/2940] musk_s4_AxisAligned_d8: acc=1.0 train=0.9s best=0.565µs (1.2s, ETA 1.7h)
  [1735/2940] musk_s4_AxisAligned_d10: acc=1.0 train=0.9s best=0.591µs (1.3s, ETA 1.7h)
  [1736/2940] musk_s4_Oblique_d3: acc=1.0 train=1.5s best=1.187µs (1.8s, ETA 1.7h)
  [1737/2940] musk_s4_Oblique_d4: acc=1.0 train=2.4s best=2.021µs (2.7s, ETA 1.7h)
  [1738/2940] musk_s4_Oblique_d5: acc=1.0 train=3.2s best=2.248µs (3.6s, ETA 1.7h)
  [1739/2940] musk_s4_Oblique_d6: acc=1.0 train=3.9s best=2.732µs (4.3s, ETA 1.7h)
  [1740/2940] musk_s4_Oblique_d8: acc=1.0 train=4.6s best=2.960µs (4.9s, ETA 1.7h)

=== Dataset ionosphere (openml:59) shape=(351, 35) regime=correlated ===
  [1741/2940] ionosphere_s0_AxisAligned_d3: acc=0.957747 train=0.0s best=0.246µs (0.1s, ETA 1.7h)
  [1742/2940] ionosphere_s0_AxisAligned_d4: acc=0.943662 train=0.1s best=0.487µs (0.1s, ETA 1.7h)
  [1743/2940] ionosphere_s0_AxisAligned_d5: acc=0.943662 train=0.1s best=0.596µs (0.2s, ETA 1.7h)
  [1744/2940] ionosphere_s0_AxisAligned_d6: acc=0.943662 train=0.1s best=0.458µs (0.2s, ETA 1.7h)
  [1745/2940] ionosphere_s0_AxisAligned_d7: acc=0.943662 train=0.2s best=1.070µs (0.3s, ETA 1.7h)
  [1746/2940] ionosphere_s0_AxisAligned_d8: acc=0.929577 train=0.3s best=1.135µs (0.3s, ETA 1.7h)
  [1747/2940] ionosphere_s0_AxisAligned_d10: acc=0.943662 train=0.3s best=1.431µs (0.4s, ETA 1.7h)
  [1748/2940] ionosphere_s0_Oblique_d3: acc=0.957747 train=0.1s best=1.573µs (0.2s, ETA 1.7h)
  [1749/2940] ionosphere_s0_Oblique_d4: acc=0.971831 train=0.2s best=2.662µs (0.3s, ETA 1.7h)
  [1750/2940] ionosphere_s0_Oblique_d5: acc=0.971831 train=0.3s best=3.588µs (0.4s, ETA 1.7h)
  [1751/2940] ionosphere_s0_Oblique_d6: acc=0.971831 train=0.4s best=4.335µs (0.5s, ETA 1.7h)
  [1752/2940] ionosphere_s0_Oblique_d8: acc=0.943662 train=0.6s best=6.030µs (0.7s, ETA 1.7h)
  [1753/2940] ionosphere_s1_AxisAligned_d3: acc=0.957747 train=0.0s best=0.084µs (0.1s, ETA 1.7h)
  [1754/2940] ionosphere_s1_AxisAligned_d4: acc=0.957747 train=0.0s best=0.142µs (0.1s, ETA 1.7h)
  [1755/2940] ionosphere_s1_AxisAligned_d5: acc=0.957747 train=0.1s best=0.158µs (0.1s, ETA 1.7h)
  [1756/2940] ionosphere_s1_AxisAligned_d6: acc=0.943662 train=0.1s best=0.242µs (0.1s, ETA 1.7h)
  [1757/2940] ionosphere_s1_AxisAligned_d7: acc=0.929577 train=0.1s best=0.210µs (0.1s, ETA 1.6h)
  [1758/2940] ionosphere_s1_AxisAligned_d8: acc=0.929577 train=0.1s best=0.236µs (0.2s, ETA 1.6h)
  [1759/2940] ionosphere_s1_AxisAligned_d10: acc=0.929577 train=0.2s best=0.227µs (0.2s, ETA 1.6h)
  [1760/2940] ionosphere_s1_Oblique_d3: acc=0.943662 train=0.1s best=0.514µs (0.1s, ETA 1.6h)
  [1761/2940] ionosphere_s1_Oblique_d4: acc=0.943662 train=0.2s best=1.409µs (0.2s, ETA 1.6h)
  [1762/2940] ionosphere_s1_Oblique_d5: acc=0.957747 train=0.2s best=0.582µs (0.2s, ETA 1.6h)
  [1763/2940] ionosphere_s1_Oblique_d6: acc=0.957747 train=0.3s best=1.075µs (0.3s, ETA 1.6h)
  [1764/2940] ionosphere_s1_Oblique_d8: acc=0.971831 train=0.6s best=3.924µs (0.7s, ETA 1.6h)
  [1765/2940] ionosphere_s2_AxisAligned_d3: acc=0.943662 train=0.0s best=0.204µs (0.1s, ETA 1.6h)
  [1766/2940] ionosphere_s2_AxisAligned_d4: acc=0.957747 train=0.1s best=0.214µs (0.1s, ETA 1.6h)
  [1767/2940] ionosphere_s2_AxisAligned_d5: acc=0.957747 train=0.1s best=0.252µs (0.1s, ETA 1.6h)
  [1768/2940] ionosphere_s2_AxisAligned_d6: acc=0.929577 train=0.1s best=0.512µs (0.2s, ETA 1.6h)
  [1769/2940] ionosphere_s2_AxisAligned_d7: acc=0.929577 train=0.2s best=0.341µs (0.2s, ETA 1.6h)
  [1770/2940] ionosphere_s2_AxisAligned_d8: acc=0.915493 train=0.2s best=0.549µs (0.2s, ETA 1.6h)
  [1771/2940] ionosphere_s2_AxisAligned_d10: acc=0.929577 train=0.2s best=0.468µs (0.3s, ETA 1.6h)
  [1772/2940] ionosphere_s2_Oblique_d3: acc=0.985915 train=0.1s best=0.345µs (0.1s, ETA 1.6h)
  [1773/2940] ionosphere_s2_Oblique_d4: acc=0.957747 train=0.1s best=0.740µs (0.2s, ETA 1.6h)
  [1774/2940] ionosphere_s2_Oblique_d5: acc=0.957747 train=0.2s best=0.866µs (0.2s, ETA 1.6h)
  [1775/2940] ionosphere_s2_Oblique_d6: acc=0.971831 train=0.2s best=0.643µs (0.3s, ETA 1.6h)
  [1776/2940] ionosphere_s2_Oblique_d8: acc=0.929577 train=0.4s best=0.852µs (0.4s, ETA 1.6h)
  [1777/2940] ionosphere_s3_AxisAligned_d3: acc=0.957747 train=0.0s best=0.253µs (0.1s, ETA 1.6h)
  [1778/2940] ionosphere_s3_AxisAligned_d4: acc=0.957747 train=0.1s best=0.352µs (0.1s, ETA 1.6h)
  [1779/2940] ionosphere_s3_AxisAligned_d5: acc=0.943662 train=0.1s best=0.643µs (0.2s, ETA 1.6h)
  [1780/2940] ionosphere_s3_AxisAligned_d6: acc=0.943662 train=0.2s best=0.660µs (0.2s, ETA 1.6h)
  [1781/2940] ionosphere_s3_AxisAligned_d7: acc=0.957747 train=0.2s best=1.213µs (0.3s, ETA 1.6h)
  [1782/2940] ionosphere_s3_AxisAligned_d8: acc=0.943662 train=0.3s best=1.298µs (0.3s, ETA 1.6h)
  [1783/2940] ionosphere_s3_AxisAligned_d10: acc=0.957747 train=0.4s best=1.154µs (0.4s, ETA 1.6h)
  [1784/2940] ionosphere_s3_Oblique_d3: acc=0.957747 train=0.1s best=1.376µs (0.2s, ETA 1.6h)
  [1785/2940] ionosphere_s3_Oblique_d4: acc=0.957747 train=0.2s best=0.820µs (0.2s, ETA 1.6h)
  [1786/2940] ionosphere_s3_Oblique_d5: acc=0.943662 train=0.2s best=0.881µs (0.3s, ETA 1.6h)
  [1787/2940] ionosphere_s3_Oblique_d6: acc=0.957747 train=0.3s best=0.890µs (0.3s, ETA 1.6h)
  [1788/2940] ionosphere_s3_Oblique_d8: acc=0.957747 train=0.5s best=1.953µs (0.6s, ETA 1.6h)
  [1789/2940] ionosphere_s4_AxisAligned_d3: acc=0.915493 train=0.0s best=0.167µs (0.1s, ETA 1.6h)
  [1790/2940] ionosphere_s4_AxisAligned_d4: acc=0.929577 train=0.1s best=0.386µs (0.1s, ETA 1.6h)
  [1791/2940] ionosphere_s4_AxisAligned_d5: acc=0.901408 train=0.1s best=0.447µs (0.1s, ETA 1.6h)
  [1792/2940] ionosphere_s4_AxisAligned_d6: acc=0.915493 train=0.2s best=0.461µs (0.2s, ETA 1.6h)
  [1793/2940] ionosphere_s4_AxisAligned_d7: acc=0.901408 train=0.2s best=0.981µs (0.3s, ETA 1.6h)
  [1794/2940] ionosphere_s4_AxisAligned_d8: acc=0.901408 train=0.3s best=0.844µs (0.3s, ETA 1.6h)
  [1795/2940] ionosphere_s4_AxisAligned_d10: acc=0.915493 train=0.4s best=1.121µs (0.4s, ETA 1.6h)
  [1796/2940] ionosphere_s4_Oblique_d3: acc=0.929577 train=0.1s best=0.462µs (0.1s, ETA 1.6h)
  [1797/2940] ionosphere_s4_Oblique_d4: acc=0.915493 train=0.1s best=0.632µs (0.2s, ETA 1.6h)
  [1798/2940] ionosphere_s4_Oblique_d5: acc=0.929577 train=0.2s best=0.755µs (0.2s, ETA 1.6h)
  [1799/2940] ionosphere_s4_Oblique_d6: acc=0.915493 train=0.3s best=1.519µs (0.4s, ETA 1.6h)
  [1800/2940] ionosphere_s4_Oblique_d8: acc=0.915493 train=0.4s best=1.399µs (0.4s, ETA 1.6h)
  fetching OpenML id=40 (sonar) ...

=== Dataset sonar (openml:40) shape=(208, 61) regime=correlated ===
  [1801/2940] sonar_s0_AxisAligned_d3: acc=0.880952 train=0.1s best=0.153µs (0.1s, ETA 1.6h)
  [1802/2940] sonar_s0_AxisAligned_d4: acc=0.904762 train=0.1s best=0.304µs (0.1s, ETA 1.5h)
  [1803/2940] sonar_s0_AxisAligned_d5: acc=0.928571 train=0.2s best=0.407µs (0.2s, ETA 1.5h)
  [1804/2940] sonar_s0_AxisAligned_d6: acc=0.904762 train=0.3s best=0.503µs (0.3s, ETA 1.5h)
  [1805/2940] sonar_s0_AxisAligned_d7: acc=0.904762 train=0.4s best=0.723µs (0.4s, ETA 1.5h)
  [1806/2940] sonar_s0_AxisAligned_d8: acc=0.857143 train=0.5s best=0.731µs (0.5s, ETA 1.5h)
  [1807/2940] sonar_s0_AxisAligned_d10: acc=0.833333 train=0.4s best=0.581µs (0.4s, ETA 1.5h)
  [1808/2940] sonar_s0_Oblique_d3: acc=0.904762 train=0.1s best=1.804µs (0.1s, ETA 1.5h)
  [1809/2940] sonar_s0_Oblique_d4: acc=0.809524 train=0.1s best=0.553µs (0.1s, ETA 1.5h)
  [1810/2940] sonar_s0_Oblique_d5: acc=0.904762 train=0.3s best=3.066µs (0.3s, ETA 1.5h)
  [1811/2940] sonar_s0_Oblique_d6: acc=0.928571 train=0.4s best=5.961µs (0.4s, ETA 1.5h)
  [1812/2940] sonar_s0_Oblique_d8: acc=0.880952 train=0.6s best=5.470µs (0.7s, ETA 1.5h)
  [1813/2940] sonar_s1_AxisAligned_d3: acc=0.857143 train=0.0s best=0.104µs (0.1s, ETA 1.5h)
  [1814/2940] sonar_s1_AxisAligned_d4: acc=0.833333 train=0.1s best=0.186µs (0.1s, ETA 1.5h)
  [1815/2940] sonar_s1_AxisAligned_d5: acc=0.857143 train=0.1s best=0.198µs (0.1s, ETA 1.5h)
  [1816/2940] sonar_s1_AxisAligned_d6: acc=0.809524 train=0.1s best=0.165µs (0.2s, ETA 1.5h)
  [1817/2940] sonar_s1_AxisAligned_d7: acc=0.809524 train=0.2s best=0.205µs (0.2s, ETA 1.5h)
  [1818/2940] sonar_s1_AxisAligned_d8: acc=0.880952 train=0.2s best=0.090µs (0.2s, ETA 1.5h)
  [1819/2940] sonar_s1_AxisAligned_d10: acc=0.880952 train=0.3s best=0.397µs (0.3s, ETA 1.5h)
  [1820/2940] sonar_s1_Oblique_d3: acc=0.928571 train=0.1s best=0.917µs (0.1s, ETA 1.5h)
  [1821/2940] sonar_s1_Oblique_d4: acc=0.928571 train=0.1s best=0.871µs (0.2s, ETA 1.5h)
  [1822/2940] sonar_s1_Oblique_d5: acc=0.880952 train=0.1s best=0.344µs (0.2s, ETA 1.5h)
  [1823/2940] sonar_s1_Oblique_d6: acc=0.833333 train=0.2s best=0.460µs (0.2s, ETA 1.5h)
  [1824/2940] sonar_s1_Oblique_d8: acc=0.880952 train=0.4s best=1.586µs (0.5s, ETA 1.5h)
  [1825/2940] sonar_s2_AxisAligned_d3: acc=0.809524 train=0.1s best=0.211µs (0.1s, ETA 1.5h)
  [1826/2940] sonar_s2_AxisAligned_d4: acc=0.809524 train=0.1s best=0.235µs (0.1s, ETA 1.5h)
  [1827/2940] sonar_s2_AxisAligned_d5: acc=0.785714 train=0.2s best=0.565µs (0.2s, ETA 1.5h)
  [1828/2940] sonar_s2_AxisAligned_d6: acc=0.785714 train=0.3s best=0.697µs (0.3s, ETA 1.5h)
  [1829/2940] sonar_s2_AxisAligned_d7: acc=0.809524 train=0.3s best=1.001µs (0.4s, ETA 1.5h)
  [1830/2940] sonar_s2_AxisAligned_d8: acc=0.809524 train=0.4s best=0.992µs (0.5s, ETA 1.5h)
  [1831/2940] sonar_s2_AxisAligned_d10: acc=0.857143 train=0.5s best=1.286µs (0.6s, ETA 1.5h)
  [1832/2940] sonar_s2_Oblique_d3: acc=0.761905 train=0.1s best=1.891µs (0.1s, ETA 1.5h)
  [1833/2940] sonar_s2_Oblique_d4: acc=0.761905 train=0.2s best=2.721µs (0.2s, ETA 1.5h)
  [1834/2940] sonar_s2_Oblique_d5: acc=0.809524 train=0.3s best=2.174µs (0.3s, ETA 1.5h)
  [1835/2940] sonar_s2_Oblique_d6: acc=0.785714 train=0.4s best=6.219µs (0.5s, ETA 1.5h)
  [1836/2940] sonar_s2_Oblique_d8: acc=0.785714 train=0.6s best=8.479µs (0.7s, ETA 1.5h)
  [1837/2940] sonar_s3_AxisAligned_d3: acc=0.809524 train=0.1s best=0.223µs (0.1s, ETA 1.5h)
  [1838/2940] sonar_s3_AxisAligned_d4: acc=0.785714 train=0.1s best=0.243µs (0.1s, ETA 1.5h)
  [1839/2940] sonar_s3_AxisAligned_d5: acc=0.833333 train=0.1s best=0.273µs (0.2s, ETA 1.5h)
  [1840/2940] sonar_s3_AxisAligned_d6: acc=0.761905 train=0.1s best=0.150µs (0.2s, ETA 1.5h)
  [1841/2940] sonar_s3_AxisAligned_d7: acc=0.809524 train=0.2s best=0.123µs (0.2s, ETA 1.5h)
  [1842/2940] sonar_s3_AxisAligned_d8: acc=0.785714 train=0.2s best=0.241µs (0.3s, ETA 1.5h)
  [1843/2940] sonar_s3_AxisAligned_d10: acc=0.785714 train=0.3s best=0.336µs (0.3s, ETA 1.5h)
  [1844/2940] sonar_s3_Oblique_d3: acc=0.809524 train=0.1s best=1.302µs (0.1s, ETA 1.5h)
  [1845/2940] sonar_s3_Oblique_d4: acc=0.809524 train=0.2s best=1.804µs (0.2s, ETA 1.5h)
  [1846/2940] sonar_s3_Oblique_d5: acc=0.809524 train=0.3s best=4.330µs (0.3s, ETA 1.5h)
  [1847/2940] sonar_s3_Oblique_d6: acc=0.833333 train=0.3s best=1.081µs (0.3s, ETA 1.5h)
  [1848/2940] sonar_s3_Oblique_d8: acc=0.785714 train=0.4s best=1.821µs (0.4s, ETA 1.5h)
  [1849/2940] sonar_s4_AxisAligned_d3: acc=0.880952 train=0.1s best=0.200µs (0.1s, ETA 1.4h)
  [1850/2940] sonar_s4_AxisAligned_d4: acc=0.833333 train=0.1s best=0.231µs (0.1s, ETA 1.4h)
  [1851/2940] sonar_s4_AxisAligned_d5: acc=0.833333 train=0.2s best=0.422µs (0.2s, ETA 1.4h)
  [1852/2940] sonar_s4_AxisAligned_d6: acc=0.833333 train=0.2s best=0.296µs (0.2s, ETA 1.4h)
  [1853/2940] sonar_s4_AxisAligned_d7: acc=0.833333 train=0.2s best=0.302µs (0.3s, ETA 1.4h)
  [1854/2940] sonar_s4_AxisAligned_d8: acc=0.857143 train=0.4s best=0.758µs (0.4s, ETA 1.4h)
  [1855/2940] sonar_s4_AxisAligned_d10: acc=0.857143 train=0.3s best=0.591µs (0.4s, ETA 1.4h)
  [1856/2940] sonar_s4_Oblique_d3: acc=0.857143 train=0.1s best=1.529µs (0.1s, ETA 1.4h)
  [1857/2940] sonar_s4_Oblique_d4: acc=0.857143 train=0.2s best=1.506µs (0.2s, ETA 1.4h)
  [1858/2940] sonar_s4_Oblique_d5: acc=0.880952 train=0.3s best=1.808µs (0.3s, ETA 1.4h)
  [1859/2940] sonar_s4_Oblique_d6: acc=0.880952 train=0.3s best=2.039µs (0.4s, ETA 1.4h)
  [1860/2940] sonar_s4_Oblique_d8: acc=0.857143 train=0.6s best=3.983µs (0.6s, ETA 1.4h)
  fetching OpenML id=1479 (Hill-Valley) ...

=== Dataset Hill-Valley (openml:1479) shape=(1212, 101) regime=near-linear ===
  [1861/2940] Hill-Valley_s0_AxisAligned_d3: acc=0.506173 train=0.0s best=0.037µs (0.1s, ETA 1.4h)
  [1862/2940] Hill-Valley_s0_AxisAligned_d4: acc=0.497942 train=0.1s best=0.046µs (0.1s, ETA 1.4h)
  [1863/2940] Hill-Valley_s0_AxisAligned_d5: acc=0.506173 train=0.2s best=0.129µs (0.2s, ETA 1.4h)
  [1864/2940] Hill-Valley_s0_AxisAligned_d6: acc=0.510288 train=0.2s best=0.077µs (0.2s, ETA 1.4h)
  [1865/2940] Hill-Valley_s0_AxisAligned_d7: acc=0.510288 train=0.2s best=0.081µs (0.3s, ETA 1.4h)
  [1866/2940] Hill-Valley_s0_AxisAligned_d8: acc=0.489712 train=0.3s best=0.089µs (0.4s, ETA 1.4h)
  [1867/2940] Hill-Valley_s0_AxisAligned_d10: acc=0.510288 train=0.4s best=0.107µs (0.4s, ETA 1.4h)
  [1868/2940] Hill-Valley_s0_Oblique_d3: acc=0.942387 train=0.3s best=3.029µs (0.4s, ETA 1.4h)
  [1869/2940] Hill-Valley_s0_Oblique_d4: acc=0.930041 train=0.5s best=4.558µs (0.7s, ETA 1.4h)
  [1870/2940] Hill-Valley_s0_Oblique_d5: acc=0.946502 train=0.8s best=6.793µs (1.0s, ETA 1.4h)
  [1871/2940] Hill-Valley_s0_Oblique_d6: acc=0.942387 train=1.3s best=8.894µs (1.4s, ETA 1.4h)
  [1872/2940] Hill-Valley_s0_Oblique_d8: acc=0.962963 train=3.2s best=11.163µs (3.4s, ETA 1.4h)
  [1873/2940] Hill-Valley_s1_AxisAligned_d3: acc=0.481481 train=0.0s best=0.036µs (0.1s, ETA 1.4h)
  [1874/2940] Hill-Valley_s1_AxisAligned_d4: acc=0.518519 train=0.1s best=0.080µs (0.2s, ETA 1.4h)
  [1875/2940] Hill-Valley_s1_AxisAligned_d5: acc=0.452675 train=0.1s best=0.058µs (0.2s, ETA 1.4h)
  [1876/2940] Hill-Valley_s1_AxisAligned_d6: acc=0.563786 train=0.2s best=0.088µs (0.3s, ETA 1.4h)
  [1877/2940] Hill-Valley_s1_AxisAligned_d7: acc=0.55144 train=0.2s best=0.102µs (0.3s, ETA 1.4h)
  [1878/2940] Hill-Valley_s1_AxisAligned_d8: acc=0.547325 train=0.2s best=0.095µs (0.3s, ETA 1.4h)
  [1879/2940] Hill-Valley_s1_AxisAligned_d10: acc=0.539095 train=0.3s best=0.120µs (0.4s, ETA 1.4h)
  [1880/2940] Hill-Valley_s1_Oblique_d3: acc=0.921811 train=0.3s best=3.100µs (0.4s, ETA 1.4h)
  [1881/2940] Hill-Valley_s1_Oblique_d4: acc=0.950617 train=0.5s best=4.734µs (0.6s, ETA 1.4h)
  [1882/2940] Hill-Valley_s1_Oblique_d5: acc=0.946502 train=0.8s best=6.745µs (1.0s, ETA 1.4h)
  [1883/2940] Hill-Valley_s1_Oblique_d6: acc=0.946502 train=1.3s best=6.963µs (1.4s, ETA 1.4h)
  [1884/2940] Hill-Valley_s1_Oblique_d8: acc=0.930041 train=3.2s best=7.869µs (3.3s, ETA 1.4h)
  [1885/2940] Hill-Valley_s2_AxisAligned_d3: acc=0.465021 train=0.0s best=0.037µs (0.1s, ETA 1.4h)
  [1886/2940] Hill-Valley_s2_AxisAligned_d4: acc=0.465021 train=0.1s best=0.064µs (0.2s, ETA 1.4h)
  [1887/2940] Hill-Valley_s2_AxisAligned_d5: acc=0.518519 train=0.1s best=0.104µs (0.2s, ETA 1.4h)
  [1888/2940] Hill-Valley_s2_AxisAligned_d6: acc=0.534979 train=0.2s best=0.106µs (0.3s, ETA 1.4h)
  [1889/2940] Hill-Valley_s2_AxisAligned_d7: acc=0.514403 train=0.2s best=0.086µs (0.3s, ETA 1.4h)
  [1890/2940] Hill-Valley_s2_AxisAligned_d8: acc=0.576132 train=0.3s best=0.098µs (0.3s, ETA 1.4h)
  [1891/2940] Hill-Valley_s2_AxisAligned_d10: acc=0.555556 train=0.3s best=0.116µs (0.4s, ETA 1.4h)
  [1892/2940] Hill-Valley_s2_Oblique_d3: acc=0.925926 train=0.3s best=3.064µs (0.4s, ETA 1.4h)
  [1893/2940] Hill-Valley_s2_Oblique_d4: acc=0.925926 train=0.5s best=4.801µs (0.6s, ETA 1.4h)
  [1894/2940] Hill-Valley_s2_Oblique_d5: acc=0.934156 train=0.8s best=6.736µs (1.0s, ETA 1.4h)
  [1895/2940] Hill-Valley_s2_Oblique_d6: acc=0.946502 train=1.3s best=8.833µs (1.4s, ETA 1.4h)
  [1896/2940] Hill-Valley_s2_Oblique_d8: acc=0.954733 train=3.0s best=11.140µs (3.2s, ETA 1.4h)
  [1897/2940] Hill-Valley_s3_AxisAligned_d3: acc=0.506173 train=0.1s best=0.123µs (0.1s, ETA 1.4h)
  [1898/2940] Hill-Valley_s3_AxisAligned_d4: acc=0.54321 train=0.1s best=0.047µs (0.1s, ETA 1.4h)
  [1899/2940] Hill-Valley_s3_AxisAligned_d5: acc=0.526749 train=0.2s best=0.170µs (0.3s, ETA 1.4h)
  [1900/2940] Hill-Valley_s3_AxisAligned_d6: acc=0.559671 train=0.4s best=0.737µs (0.5s, ETA 1.3h)
  [1901/2940] Hill-Valley_s3_AxisAligned_d7: acc=0.55144 train=0.3s best=0.162µs (0.4s, ETA 1.3h)
  [1902/2940] Hill-Valley_s3_AxisAligned_d8: acc=0.596708 train=0.5s best=0.670µs (0.6s, ETA 1.3h)
  [1903/2940] Hill-Valley_s3_AxisAligned_d10: acc=0.534979 train=0.3s best=0.107µs (0.4s, ETA 1.3h)
  [1904/2940] Hill-Valley_s3_Oblique_d3: acc=0.91358 train=0.3s best=3.102µs (0.4s, ETA 1.3h)
  [1905/2940] Hill-Valley_s3_Oblique_d4: acc=0.938272 train=0.5s best=4.653µs (0.7s, ETA 1.3h)
  [1906/2940] Hill-Valley_s3_Oblique_d5: acc=0.930041 train=0.8s best=6.825µs (0.9s, ETA 1.3h)
  [1907/2940] Hill-Valley_s3_Oblique_d6: acc=0.934156 train=1.3s best=8.762µs (1.4s, ETA 1.3h)
  [1908/2940] Hill-Valley_s3_Oblique_d8: acc=0.925926 train=3.0s best=11.409µs (3.2s, ETA 1.3h)
  [1909/2940] Hill-Valley_s4_AxisAligned_d3: acc=0.539095 train=0.0s best=0.044µs (0.1s, ETA 1.3h)
  [1910/2940] Hill-Valley_s4_AxisAligned_d4: acc=0.55144 train=0.1s best=0.046µs (0.1s, ETA 1.3h)
  [1911/2940] Hill-Valley_s4_AxisAligned_d5: acc=0.580247 train=0.1s best=0.078µs (0.2s, ETA 1.3h)
  [1912/2940] Hill-Valley_s4_AxisAligned_d6: acc=0.576132 train=0.3s best=0.272µs (0.4s, ETA 1.3h)
  [1913/2940] Hill-Valley_s4_AxisAligned_d7: acc=0.600823 train=0.3s best=0.116µs (0.3s, ETA 1.3h)
  [1914/2940] Hill-Valley_s4_AxisAligned_d8: acc=0.54321 train=0.2s best=0.086µs (0.3s, ETA 1.3h)
  [1915/2940] Hill-Valley_s4_AxisAligned_d10: acc=0.54321 train=0.3s best=0.197µs (0.4s, ETA 1.3h)
  [1916/2940] Hill-Valley_s4_Oblique_d3: acc=0.90535 train=0.3s best=3.063µs (0.4s, ETA 1.3h)
  [1917/2940] Hill-Valley_s4_Oblique_d4: acc=0.930041 train=0.5s best=4.707µs (0.6s, ETA 1.3h)
  [1918/2940] Hill-Valley_s4_Oblique_d5: acc=0.91358 train=0.8s best=5.851µs (0.9s, ETA 1.3h)
  [1919/2940] Hill-Valley_s4_Oblique_d6: acc=0.942387 train=1.3s best=8.568µs (1.4s, ETA 1.3h)
  [1920/2940] Hill-Valley_s4_Oblique_d8: acc=0.946502 train=3.1s best=10.842µs (3.3s, ETA 1.3h)
  fetching OpenML id=1458 (Arcene) ...

=== Dataset Arcene (openml:1458) shape=(200, 10001) regime=p>>n ===
  [1921/2940] Arcene_s0_AxisAligned_d3: acc=0.875 train=1.1s best=0.544µs (2.0s, ETA 1.3h)
  [1922/2940] Arcene_s0_AxisAligned_d4: acc=0.85 train=2.8s best=0.855µs (3.7s, ETA 1.3h)
  [1923/2940] Arcene_s0_AxisAligned_d5: acc=0.8 train=5.2s best=0.545µs (6.1s, ETA 1.3h)
  [1924/2940] Arcene_s0_AxisAligned_d6: acc=0.85 train=9.1s best=0.714µs (10.0s, ETA 1.3h)
  [1925/2940] Arcene_s0_AxisAligned_d7: acc=0.875 train=16.8s best=1.368µs (17.7s, ETA 1.3h)
  [1926/2940] Arcene_s0_AxisAligned_d8: acc=0.875 train=21.5s best=1.791µs (22.4s, ETA 1.3h)
  [1927/2940] Arcene_s0_AxisAligned_d10: acc=0.875 train=23.9s best=1.425µs (24.8s, ETA 1.3h)
  [1928/2940] Arcene_s0_Oblique_d3: acc=0.925 train=5.4s best=1.705µs (6.3s, ETA 1.3h)
  [1929/2940] Arcene_s0_Oblique_d4: acc=0.925 train=9.8s best=1.341µs (10.7s, ETA 1.3h)
  [1930/2940] Arcene_s0_Oblique_d5: acc=0.875 train=16.9s best=1.558µs (17.8s, ETA 1.3h)
  [1931/2940] Arcene_s0_Oblique_d6: acc=0.975 train=26.2s best=1.706µs (27.1s, ETA 1.3h)
  [1932/2940] Arcene_s0_Oblique_d8: acc=0.85 train=42.9s best=2.428µs (43.9s, ETA 1.3h)
  [1933/2940] Arcene_s1_AxisAligned_d3: acc=0.825 train=1.1s best=0.906µs (2.0s, ETA 1.3h)
  [1934/2940] Arcene_s1_AxisAligned_d4: acc=0.875 train=3.0s best=2.271µs (3.9s, ETA 1.3h)
  [1935/2940] Arcene_s1_AxisAligned_d5: acc=0.825 train=8.3s best=2.781µs (9.2s, ETA 1.3h)
  [1936/2940] Arcene_s1_AxisAligned_d6: acc=0.875 train=15.2s best=2.514µs (16.1s, ETA 1.3h)
  [1937/2940] Arcene_s1_AxisAligned_d7: acc=0.85 train=21.1s best=3.976µs (22.0s, ETA 1.3h)
  [1938/2940] Arcene_s1_AxisAligned_d8: acc=0.9 train=28.9s best=4.264µs (29.8s, ETA 1.3h)
  [1939/2940] Arcene_s1_AxisAligned_d10: acc=0.875 train=34.8s best=5.048µs (35.8s, ETA 1.3h)
  [1940/2940] Arcene_s1_Oblique_d3: acc=0.875 train=5.5s best=1.837µs (6.4s, ETA 1.3h)
  [1941/2940] Arcene_s1_Oblique_d4: acc=0.875 train=12.4s best=3.595µs (13.3s, ETA 1.3h)
  [1942/2940] Arcene_s1_Oblique_d5: acc=0.9 train=22.5s best=5.131µs (23.4s, ETA 1.3h)
  [1943/2940] Arcene_s1_Oblique_d6: acc=0.9 train=34.5s best=6.550µs (35.5s, ETA 1.3h)
  [1944/2940] Arcene_s1_Oblique_d8: acc=0.875 train=45.5s best=3.236µs (46.4s, ETA 1.3h)
  [1945/2940] Arcene_s2_AxisAligned_d3: acc=0.825 train=0.9s best=0.248µs (1.8s, ETA 1.3h)
  [1946/2940] Arcene_s2_AxisAligned_d4: acc=0.775 train=1.5s best=0.192µs (2.4s, ETA 1.3h)
  [1947/2940] Arcene_s2_AxisAligned_d5: acc=0.85 train=6.9s best=1.344µs (7.8s, ETA 1.3h)
  [1948/2940] Arcene_s2_AxisAligned_d6: acc=0.875 train=15.1s best=2.345µs (16.0s, ETA 1.3h)
  [1949/2940] Arcene_s2_AxisAligned_d7: acc=0.85 train=20.1s best=3.621µs (21.0s, ETA 1.3h)
  [1950/2940] Arcene_s2_AxisAligned_d8: acc=0.825 train=27.3s best=3.771µs (28.2s, ETA 1.3h)
  [1951/2940] Arcene_s2_AxisAligned_d10: acc=0.8 train=36.2s best=4.486µs (37.2s, ETA 1.3h)
  [1952/2940] Arcene_s2_Oblique_d3: acc=0.825 train=5.2s best=1.256µs (6.1s, ETA 1.3h)
  [1953/2940] Arcene_s2_Oblique_d4: acc=0.825 train=10.7s best=1.931µs (11.6s, ETA 1.3h)
  [1954/2940] Arcene_s2_Oblique_d5: acc=0.775 train=23.2s best=3.835µs (24.1s, ETA 1.3h)
  [1955/2940] Arcene_s2_Oblique_d6: acc=0.775 train=31.9s best=5.755µs (32.8s, ETA 1.3h)
  [1956/2940] Arcene_s2_Oblique_d8: acc=0.825 train=56.7s best=9.389µs (57.7s, ETA 1.3h)
  [1957/2940] Arcene_s3_AxisAligned_d3: acc=0.775 train=1.0s best=0.663µs (1.9s, ETA 1.3h)
  [1958/2940] Arcene_s3_AxisAligned_d4: acc=0.825 train=2.9s best=0.953µs (3.8s, ETA 1.3h)
  [1959/2940] Arcene_s3_AxisAligned_d5: acc=0.8 train=4.5s best=0.403µs (5.4s, ETA 1.3h)
  [1960/2940] Arcene_s3_AxisAligned_d6: acc=0.875 train=15.2s best=2.511µs (16.1s, ETA 1.3h)
  [1961/2940] Arcene_s3_AxisAligned_d7: acc=0.825 train=19.3s best=2.136µs (20.3s, ETA 1.3h)
  [1962/2940] Arcene_s3_AxisAligned_d8: acc=0.825 train=15.6s best=0.728µs (16.5s, ETA 1.3h)
  [1963/2940] Arcene_s3_AxisAligned_d10: acc=0.825 train=34.6s best=3.018µs (35.5s, ETA 1.3h)
  [1964/2940] Arcene_s3_Oblique_d3: acc=0.875 train=4.2s best=0.613µs (5.1s, ETA 1.3h)
  [1965/2940] Arcene_s3_Oblique_d4: acc=0.925 train=12.7s best=2.108µs (13.6s, ETA 1.3h)
  [1966/2940] Arcene_s3_Oblique_d5: acc=0.925 train=15.8s best=1.380µs (16.7s, ETA 1.3h)
  [1967/2940] Arcene_s3_Oblique_d6: acc=0.9 train=34.4s best=3.610µs (35.3s, ETA 1.3h)
  [1968/2940] Arcene_s3_Oblique_d8: acc=0.875 train=29.1s best=1.435µs (30.0s, ETA 1.3h)
  [1969/2940] Arcene_s4_AxisAligned_d3: acc=0.7 train=1.2s best=0.453µs (2.1s, ETA 1.3h)
  [1970/2940] Arcene_s4_AxisAligned_d4: acc=0.8 train=3.1s best=1.391µs (4.1s, ETA 1.3h)
  [1971/2940] Arcene_s4_AxisAligned_d5: acc=0.8 train=6.2s best=1.024µs (7.1s, ETA 1.3h)
  [1972/2940] Arcene_s4_AxisAligned_d6: acc=0.775 train=11.1s best=1.272µs (12.0s, ETA 1.3h)
  [1973/2940] Arcene_s4_AxisAligned_d7: acc=0.8 train=21.7s best=2.439µs (22.6s, ETA 1.3h)
  [1974/2940] Arcene_s4_AxisAligned_d8: acc=0.775 train=22.5s best=1.977µs (23.4s, ETA 1.3h)
  [1975/2940] Arcene_s4_AxisAligned_d10: acc=0.7 train=35.3s best=2.913µs (36.3s, ETA 1.3h)
  [1976/2940] Arcene_s4_Oblique_d3: acc=0.825 train=5.2s best=1.769µs (6.1s, ETA 1.3h)
  [1977/2940] Arcene_s4_Oblique_d4: acc=0.775 train=12.3s best=2.654µs (13.2s, ETA 1.3h)
  [1978/2940] Arcene_s4_Oblique_d5: acc=0.825 train=22.6s best=4.773µs (23.5s, ETA 1.3h)
  [1979/2940] Arcene_s4_Oblique_d6: acc=0.875 train=35.3s best=3.978µs (36.2s, ETA 1.3h)
  [1980/2940] Arcene_s4_Oblique_d8: acc=0.825 train=56.6s best=7.031µs (57.6s, ETA 1.3h)
  fetching OpenML id=4136 (dexter) ...
/home/ubuntu/.local/lib/python3.12/site-packages/openml/datasets/dataset.py:472: FutureWarning: factorize with argument that is not not a Series, Index, ExtensionArray, or np.ndarray is deprecated and will raise in a future version.
  pd.factorize(type_)[0]

=== Dataset dexter (openml:4136) shape=(600, 20001) regime=high-dim-sparse ===
  [1981/2940] dexter_s0_AxisAligned_d3: acc=0.916667 train=9.7s best=0.238µs (13.1s, ETA 1.4h)
  [1982/2940] dexter_s0_AxisAligned_d4: acc=0.908333 train=21.0s best=0.390µs (24.4s, ETA 1.4h)
  [1983/2940] dexter_s0_AxisAligned_d5: acc=0.908333 train=35.2s best=0.524µs (38.5s, ETA 1.4h)
  [1984/2940] dexter_s0_AxisAligned_d6: acc=0.916667 train=51.1s best=0.691µs (54.4s, ETA 1.4h)
  [1985/2940] dexter_s0_AxisAligned_d7: acc=0.891667 train=87.1s best=0.962µs (90.5s, ETA 1.4h)
  [1986/2940] dexter_s0_AxisAligned_d8: acc=0.908333 train=110.9s best=1.141µs (114.3s, ETA 1.4h)
  [1987/2940] dexter_s0_AxisAligned_d10: acc=0.908333 train=173.4s best=1.327µs (176.7s, ETA 1.4h)
  [1988/2940] dexter_s0_Oblique_d3: acc=0.925 train=11.0s best=1.619µs (14.3s, ETA 1.4h)
  [1989/2940] dexter_s0_Oblique_d4: acc=0.891667 train=23.7s best=2.599µs (27.0s, ETA 1.4h)
  [1990/2940] dexter_s0_Oblique_d5: acc=0.916667 train=38.9s best=3.611µs (42.3s, ETA 1.4h)
  [1991/2940] dexter_s0_Oblique_d6: acc=0.933333 train=64.7s best=5.081µs (68.0s, ETA 1.4h)
  [1992/2940] dexter_s0_Oblique_d8: acc=0.908333 train=111.6s best=9.018µs (114.9s, ETA 1.4h)
  [1993/2940] dexter_s1_AxisAligned_d3: acc=0.941667 train=9.9s best=0.227µs (13.3s, ETA 1.4h)
  [1994/2940] dexter_s1_AxisAligned_d4: acc=0.925 train=19.4s best=0.362µs (22.8s, ETA 1.4h)
  [1995/2940] dexter_s1_AxisAligned_d5: acc=0.925 train=33.5s best=0.503µs (36.8s, ETA 1.4h)
  [1996/2940] dexter_s1_AxisAligned_d6: acc=0.941667 train=53.7s best=0.642µs (57.1s, ETA 1.4h)
  [1997/2940] dexter_s1_AxisAligned_d7: acc=0.95 train=68.8s best=0.674µs (72.1s, ETA 1.4h)
  [1998/2940] dexter_s1_AxisAligned_d8: acc=0.958333 train=89.3s best=0.631µs (92.7s, ETA 1.5h)
  [1999/2940] dexter_s1_AxisAligned_d10: acc=0.983333 train=144.9s best=0.851µs (148.2s, ETA 1.5h)
  [2000/2940] dexter_s1_Oblique_d3: acc=0.941667 train=10.6s best=1.599µs (13.9s, ETA 1.5h)
  [2001/2940] dexter_s1_Oblique_d4: acc=0.95 train=23.4s best=2.552µs (26.8s, ETA 1.5h)
  [2002/2940] dexter_s1_Oblique_d5: acc=0.958333 train=39.2s best=3.551µs (42.5s, ETA 1.5h)
  [2003/2940] dexter_s1_Oblique_d6: acc=0.958333 train=57.8s best=4.320µs (61.2s, ETA 1.5h)
  [2004/2940] dexter_s1_Oblique_d8: acc=0.958333 train=117.7s best=5.285µs (121.1s, ETA 1.5h)
  [2005/2940] dexter_s2_AxisAligned_d3: acc=0.941667 train=9.0s best=0.199µs (12.4s, ETA 1.5h)
  [2006/2940] dexter_s2_AxisAligned_d4: acc=0.941667 train=19.1s best=0.386µs (22.5s, ETA 1.5h)
  [2007/2940] dexter_s2_AxisAligned_d5: acc=0.941667 train=35.3s best=0.546µs (38.6s, ETA 1.5h)
  [2008/2940] dexter_s2_AxisAligned_d6: acc=0.925 train=52.2s best=0.728µs (55.5s, ETA 1.5h)
  [2009/2940] dexter_s2_AxisAligned_d7: acc=0.933333 train=61.8s best=0.483µs (65.2s, ETA 1.5h)
  [2010/2940] dexter_s2_AxisAligned_d8: acc=0.933333 train=92.7s best=0.523µs (96.1s, ETA 1.5h)
  [2011/2940] dexter_s2_AxisAligned_d10: acc=0.941667 train=147.3s best=0.790µs (150.6s, ETA 1.5h)
  [2012/2940] dexter_s2_Oblique_d3: acc=0.95 train=12.1s best=1.597µs (15.4s, ETA 1.5h)
  [2013/2940] dexter_s2_Oblique_d4: acc=0.933333 train=23.5s best=2.603µs (26.9s, ETA 1.5h)
  [2014/2940] dexter_s2_Oblique_d5: acc=0.925 train=40.7s best=3.714µs (44.0s, ETA 1.5h)
  [2015/2940] dexter_s2_Oblique_d6: acc=0.933333 train=55.9s best=4.690µs (59.2s, ETA 1.5h)
  [2016/2940] dexter_s2_Oblique_d8: acc=0.916667 train=112.3s best=5.334µs (115.6s, ETA 1.6h)
  [2017/2940] dexter_s3_AxisAligned_d3: acc=0.966667 train=9.4s best=0.245µs (12.7s, ETA 1.6h)
  [2018/2940] dexter_s3_AxisAligned_d4: acc=0.966667 train=19.6s best=0.385µs (23.0s, ETA 1.6h)
  [2019/2940] dexter_s3_AxisAligned_d5: acc=0.983333 train=34.7s best=0.492µs (38.0s, ETA 1.6h)
  [2020/2940] dexter_s3_AxisAligned_d6: acc=0.991667 train=44.2s best=0.385µs (47.6s, ETA 1.6h)
  [2021/2940] dexter_s3_AxisAligned_d7: acc=0.983333 train=69.9s best=0.661µs (73.2s, ETA 1.6h)
  [2022/2940] dexter_s3_AxisAligned_d8: acc=0.983333 train=86.3s best=0.679µs (89.7s, ETA 1.6h)
  [2023/2940] dexter_s3_AxisAligned_d10: acc=0.966667 train=127.0s best=0.570µs (130.4s, ETA 1.6h)
  [2024/2940] dexter_s3_Oblique_d3: acc=0.966667 train=11.5s best=1.622µs (14.8s, ETA 1.6h)
  [2025/2940] dexter_s3_Oblique_d4: acc=0.975 train=23.4s best=2.624µs (26.8s, ETA 1.6h)
  [2026/2940] dexter_s3_Oblique_d5: acc=0.983333 train=40.7s best=3.867µs (44.1s, ETA 1.6h)
  [2027/2940] dexter_s3_Oblique_d6: acc=0.991667 train=61.5s best=5.246µs (64.9s, ETA 1.6h)
  [2028/2940] dexter_s3_Oblique_d8: acc=0.966667 train=115.8s best=6.472µs (119.2s, ETA 1.6h)
  [2029/2940] dexter_s4_AxisAligned_d3: acc=0.941667 train=9.3s best=0.247µs (12.6s, ETA 1.6h)
  [2030/2940] dexter_s4_AxisAligned_d4: acc=0.916667 train=19.7s best=0.344µs (23.1s, ETA 1.6h)
  [2031/2940] dexter_s4_AxisAligned_d5: acc=0.941667 train=36.3s best=0.536µs (39.7s, ETA 1.6h)
  [2032/2940] dexter_s4_AxisAligned_d6: acc=0.933333 train=52.9s best=0.590µs (56.3s, ETA 1.6h)
  [2033/2940] dexter_s4_AxisAligned_d7: acc=0.933333 train=75.0s best=0.731µs (78.4s, ETA 1.6h)
  [2034/2940] dexter_s4_AxisAligned_d8: acc=0.925 train=121.9s best=1.181µs (125.3s, ETA 1.6h)
  [2035/2940] dexter_s4_AxisAligned_d10: acc=0.925 train=166.7s best=1.040µs (170.1s, ETA 1.7h)
  [2036/2940] dexter_s4_Oblique_d3: acc=0.933333 train=11.1s best=1.742µs (14.4s, ETA 1.7h)
  [2037/2940] dexter_s4_Oblique_d4: acc=0.933333 train=25.5s best=2.680µs (28.9s, ETA 1.7h)
  [2038/2940] dexter_s4_Oblique_d5: acc=0.933333 train=40.9s best=3.936µs (44.3s, ETA 1.7h)
  [2039/2940] dexter_s4_Oblique_d6: acc=0.925 train=69.9s best=5.933µs (73.3s, ETA 1.7h)
  [2040/2940] dexter_s4_Oblique_d8: acc=0.941667 train=122.9s best=9.092µs (126.3s, ETA 1.7h)
  fetching OpenML id=1128 (OVA_Breast) ...

=== Dataset OVA_Breast (openml:1128) shape=(1545, 10936) regime=p>>n-microarray ===
  [2041/2940] OVA_Breast_s0_AxisAligned_d3: acc=0.983819 train=2.9s best=0.530µs (7.1s, ETA 1.7h)
  [2042/2940] OVA_Breast_s0_AxisAligned_d4: acc=0.987055 train=5.1s best=0.562µs (9.2s, ETA 1.7h)
  [2043/2940] OVA_Breast_s0_AxisAligned_d5: acc=0.990291 train=8.9s best=0.790µs (13.1s, ETA 1.7h)
  [2044/2940] OVA_Breast_s0_AxisAligned_d6: acc=0.987055 train=11.8s best=0.397µs (16.0s, ETA 1.7h)
  [2045/2940] OVA_Breast_s0_AxisAligned_d7: acc=0.983819 train=22.3s best=0.822µs (26.5s, ETA 1.7h)
  [2046/2940] OVA_Breast_s0_AxisAligned_d8: acc=0.987055 train=28.5s best=0.863µs (32.8s, ETA 1.7h)
  [2047/2940] OVA_Breast_s0_AxisAligned_d10: acc=0.990291 train=36.5s best=0.644µs (40.7s, ETA 1.7h)
  [2048/2940] OVA_Breast_s0_Oblique_d3: acc=0.990291 train=7.3s best=1.554µs (11.4s, ETA 1.7h)
  [2049/2940] OVA_Breast_s0_Oblique_d4: acc=0.990291 train=14.0s best=1.851µs (18.1s, ETA 1.7h)
  [2050/2940] OVA_Breast_s0_Oblique_d5: acc=0.990291 train=21.9s best=2.035µs (26.1s, ETA 1.7h)
  [2051/2940] OVA_Breast_s0_Oblique_d6: acc=0.987055 train=30.2s best=1.740µs (34.4s, ETA 1.7h)
  [2052/2940] OVA_Breast_s0_Oblique_d8: acc=0.990291 train=58.3s best=2.587µs (62.5s, ETA 1.7h)
  [2053/2940] OVA_Breast_s1_AxisAligned_d3: acc=0.964401 train=2.9s best=0.501µs (7.1s, ETA 1.7h)
  [2054/2940] OVA_Breast_s1_AxisAligned_d4: acc=0.964401 train=4.6s best=0.647µs (8.8s, ETA 1.7h)
  [2055/2940] OVA_Breast_s1_AxisAligned_d5: acc=0.964401 train=8.6s best=0.585µs (12.8s, ETA 1.7h)
  [2056/2940] OVA_Breast_s1_AxisAligned_d6: acc=0.977346 train=10.7s best=0.332µs (14.9s, ETA 1.7h)
  [2057/2940] OVA_Breast_s1_AxisAligned_d7: acc=0.961165 train=23.1s best=0.951µs (27.3s, ETA 1.7h)
  [2058/2940] OVA_Breast_s1_AxisAligned_d8: acc=0.964401 train=23.7s best=0.495µs (28.0s, ETA 1.7h)
  [2059/2940] OVA_Breast_s1_AxisAligned_d10: acc=0.970874 train=45.6s best=1.325µs (49.9s, ETA 1.7h)
  [2060/2940] OVA_Breast_s1_Oblique_d3: acc=0.957929 train=7.9s best=1.477µs (12.1s, ETA 1.7h)
  [2061/2940] OVA_Breast_s1_Oblique_d4: acc=0.961165 train=13.5s best=1.990µs (17.7s, ETA 1.7h)
  [2062/2940] OVA_Breast_s1_Oblique_d5: acc=0.970874 train=25.7s best=2.345µs (29.9s, ETA 1.7h)
  [2063/2940] OVA_Breast_s1_Oblique_d6: acc=0.970874 train=34.2s best=2.267µs (38.4s, ETA 1.7h)
  [2064/2940] OVA_Breast_s1_Oblique_d8: acc=0.970874 train=65.6s best=3.159µs (69.8s, ETA 1.7h)
  [2065/2940] OVA_Breast_s2_AxisAligned_d3: acc=0.967638 train=3.0s best=0.560µs (7.2s, ETA 1.7h)
  [2066/2940] OVA_Breast_s2_AxisAligned_d4: acc=0.967638 train=4.7s best=0.688µs (8.9s, ETA 1.7h)
  [2067/2940] OVA_Breast_s2_AxisAligned_d5: acc=0.970874 train=10.1s best=1.079µs (14.3s, ETA 1.7h)
  [2068/2940] OVA_Breast_s2_AxisAligned_d6: acc=0.970874 train=16.4s best=0.915µs (20.7s, ETA 1.7h)
  [2069/2940] OVA_Breast_s2_AxisAligned_d7: acc=0.970874 train=21.6s best=0.778µs (25.8s, ETA 1.7h)
  [2070/2940] OVA_Breast_s2_AxisAligned_d8: acc=0.970874 train=33.6s best=1.077µs (37.9s, ETA 1.7h)
  [2071/2940] OVA_Breast_s2_AxisAligned_d10: acc=0.967638 train=43.3s best=0.994µs (47.6s, ETA 1.7h)
  [2072/2940] OVA_Breast_s2_Oblique_d3: acc=0.970874 train=6.9s best=1.517µs (11.1s, ETA 1.7h)
  [2073/2940] OVA_Breast_s2_Oblique_d4: acc=0.967638 train=14.0s best=2.546µs (18.2s, ETA 1.7h)
  [2074/2940] OVA_Breast_s2_Oblique_d5: acc=0.970874 train=26.9s best=2.044µs (31.0s, ETA 1.7h)
  [2075/2940] OVA_Breast_s2_Oblique_d6: acc=0.970874 train=45.2s best=5.192µs (49.4s, ETA 1.7h)
  [2076/2940] OVA_Breast_s2_Oblique_d8: acc=0.970874 train=84.0s best=4.429µs (88.2s, ETA 1.7h)
  [2077/2940] OVA_Breast_s3_AxisAligned_d3: acc=0.964401 train=2.2s best=0.120µs (6.4s, ETA 1.7h)
  [2078/2940] OVA_Breast_s3_AxisAligned_d4: acc=0.957929 train=3.4s best=0.160µs (7.5s, ETA 1.7h)
  [2079/2940] OVA_Breast_s3_AxisAligned_d5: acc=0.964401 train=6.0s best=0.237µs (10.1s, ETA 1.7h)
  [2080/2940] OVA_Breast_s3_AxisAligned_d6: acc=0.964401 train=11.6s best=0.253µs (15.8s, ETA 1.7h)
  [2081/2940] OVA_Breast_s3_AxisAligned_d7: acc=0.957929 train=16.4s best=0.260µs (20.6s, ETA 1.7h)
  [2082/2940] OVA_Breast_s3_AxisAligned_d8: acc=0.967638 train=21.7s best=0.347µs (25.8s, ETA 1.7h)
  [2083/2940] OVA_Breast_s3_AxisAligned_d10: acc=0.964401 train=31.3s best=0.454µs (35.5s, ETA 1.7h)
  [2084/2940] OVA_Breast_s3_Oblique_d3: acc=0.964401 train=5.2s best=0.460µs (9.4s, ETA 1.7h)
  [2085/2940] OVA_Breast_s3_Oblique_d4: acc=0.964401 train=10.2s best=0.784µs (14.3s, ETA 1.7h)
  [2086/2940] OVA_Breast_s3_Oblique_d5: acc=0.967638 train=18.7s best=1.005µs (22.8s, ETA 1.7h)
  [2087/2940] OVA_Breast_s3_Oblique_d6: acc=0.967638 train=26.8s best=1.112µs (31.0s, ETA 1.7h)
  [2088/2940] OVA_Breast_s3_Oblique_d8: acc=0.967638 train=51.4s best=1.599µs (55.6s, ETA 1.7h)
  [2089/2940] OVA_Breast_s4_AxisAligned_d3: acc=0.967638 train=2.8s best=0.260µs (7.0s, ETA 1.7h)
  [2090/2940] OVA_Breast_s4_AxisAligned_d4: acc=0.967638 train=4.6s best=0.505µs (8.7s, ETA 1.7h)
  [2091/2940] OVA_Breast_s4_AxisAligned_d5: acc=0.964401 train=6.9s best=0.272µs (11.1s, ETA 1.7h)
  [2092/2940] OVA_Breast_s4_AxisAligned_d6: acc=0.964401 train=12.8s best=0.567µs (17.0s, ETA 1.7h)
  [2093/2940] OVA_Breast_s4_AxisAligned_d7: acc=0.967638 train=19.6s best=0.572µs (23.8s, ETA 1.7h)
  [2094/2940] OVA_Breast_s4_AxisAligned_d8: acc=0.961165 train=24.7s best=0.540µs (28.8s, ETA 1.7h)
  [2095/2940] OVA_Breast_s4_AxisAligned_d10: acc=0.961165 train=36.6s best=0.694µs (40.9s, ETA 1.7h)
  [2096/2940] OVA_Breast_s4_Oblique_d3: acc=0.967638 train=7.9s best=1.531µs (12.0s, ETA 1.7h)
  [2097/2940] OVA_Breast_s4_Oblique_d4: acc=0.970874 train=13.9s best=1.698µs (18.1s, ETA 1.7h)
  [2098/2940] OVA_Breast_s4_Oblique_d5: acc=0.961165 train=19.8s best=1.496µs (23.9s, ETA 1.7h)
  [2099/2940] OVA_Breast_s4_Oblique_d6: acc=0.961165 train=32.9s best=1.745µs (37.1s, ETA 1.7h)
  [2100/2940] OVA_Breast_s4_Oblique_d8: acc=0.964401 train=45.6s best=1.423µs (49.8s, ETA 1.7h)
  fetching OpenML id=1130 (OVA_Lung) ...

=== Dataset OVA_Lung (openml:1130) shape=(1545, 10936) regime=p>>n-microarray ===
  [2101/2940] OVA_Lung_s0_AxisAligned_d3: acc=0.987055 train=3.0s best=0.265µs (7.1s, ETA 1.7h)
  [2102/2940] OVA_Lung_s0_AxisAligned_d4: acc=0.987055 train=5.3s best=0.392µs (9.5s, ETA 1.7h)
  [2103/2940] OVA_Lung_s0_AxisAligned_d5: acc=0.987055 train=8.1s best=0.265µs (12.2s, ETA 1.7h)
  [2104/2940] OVA_Lung_s0_AxisAligned_d6: acc=0.987055 train=10.3s best=0.288µs (14.5s, ETA 1.7h)
  [2105/2940] OVA_Lung_s0_AxisAligned_d7: acc=0.987055 train=15.6s best=0.296µs (19.7s, ETA 1.7h)
  [2106/2940] OVA_Lung_s0_AxisAligned_d8: acc=0.983819 train=18.9s best=0.316µs (23.0s, ETA 1.7h)
  [2107/2940] OVA_Lung_s0_AxisAligned_d10: acc=0.987055 train=25.5s best=0.370µs (29.7s, ETA 1.7h)
  [2108/2940] OVA_Lung_s0_Oblique_d3: acc=0.983819 train=6.9s best=1.297µs (11.0s, ETA 1.7h)
  [2109/2940] OVA_Lung_s0_Oblique_d4: acc=0.987055 train=14.0s best=1.174µs (18.2s, ETA 1.7h)
  [2110/2940] OVA_Lung_s0_Oblique_d5: acc=0.983819 train=18.4s best=1.218µs (22.5s, ETA 1.7h)
  [2111/2940] OVA_Lung_s0_Oblique_d6: acc=0.983819 train=24.8s best=1.128µs (29.0s, ETA 1.7h)
  [2112/2940] OVA_Lung_s0_Oblique_d8: acc=0.987055 train=37.6s best=1.432µs (41.7s, ETA 1.7h)
  [2113/2940] OVA_Lung_s1_AxisAligned_d3: acc=0.970874 train=2.8s best=0.140µs (6.9s, ETA 1.7h)
  [2114/2940] OVA_Lung_s1_AxisAligned_d4: acc=0.967638 train=4.4s best=0.187µs (8.5s, ETA 1.7h)
  [2115/2940] OVA_Lung_s1_AxisAligned_d5: acc=0.97411 train=6.2s best=0.151µs (10.3s, ETA 1.7h)
  [2116/2940] OVA_Lung_s1_AxisAligned_d6: acc=0.970874 train=9.1s best=0.141µs (13.3s, ETA 1.7h)
  [2117/2940] OVA_Lung_s1_AxisAligned_d7: acc=0.97411 train=15.1s best=0.233µs (19.2s, ETA 1.7h)
  [2118/2940] OVA_Lung_s1_AxisAligned_d8: acc=0.970874 train=18.1s best=0.241µs (22.3s, ETA 1.7h)
  [2119/2940] OVA_Lung_s1_AxisAligned_d10: acc=0.970874 train=23.1s best=0.289µs (27.3s, ETA 1.7h)
  [2120/2940] OVA_Lung_s1_Oblique_d3: acc=0.967638 train=5.9s best=0.507µs (10.0s, ETA 1.7h)
  [2121/2940] OVA_Lung_s1_Oblique_d4: acc=0.967638 train=11.3s best=0.940µs (15.4s, ETA 1.7h)
  [2122/2940] OVA_Lung_s1_Oblique_d5: acc=0.967638 train=15.4s best=0.917µs (19.5s, ETA 1.7h)
  [2123/2940] OVA_Lung_s1_Oblique_d6: acc=0.967638 train=21.7s best=0.856µs (25.9s, ETA 1.7h)
  [2124/2940] OVA_Lung_s1_Oblique_d8: acc=0.967638 train=38.5s best=1.679µs (42.7s, ETA 1.7h)
  [2125/2940] OVA_Lung_s2_AxisAligned_d3: acc=0.987055 train=2.9s best=0.165µs (7.0s, ETA 1.7h)
  [2126/2940] OVA_Lung_s2_AxisAligned_d4: acc=0.987055 train=3.9s best=0.139µs (8.1s, ETA 1.7h)
  [2127/2940] OVA_Lung_s2_AxisAligned_d5: acc=0.987055 train=6.2s best=0.154µs (10.4s, ETA 1.7h)
  [2128/2940] OVA_Lung_s2_AxisAligned_d6: acc=0.987055 train=9.9s best=0.147µs (14.0s, ETA 1.7h)
  [2129/2940] OVA_Lung_s2_AxisAligned_d7: acc=0.987055 train=14.6s best=0.222µs (18.7s, ETA 1.7h)
  [2130/2940] OVA_Lung_s2_AxisAligned_d8: acc=0.983819 train=15.3s best=0.208µs (19.5s, ETA 1.7h)
  [2131/2940] OVA_Lung_s2_AxisAligned_d10: acc=0.987055 train=25.7s best=0.379µs (29.9s, ETA 1.7h)
  [2132/2940] OVA_Lung_s2_Oblique_d3: acc=0.987055 train=6.4s best=0.595µs (10.6s, ETA 1.7h)
  [2133/2940] OVA_Lung_s2_Oblique_d4: acc=0.987055 train=10.8s best=0.861µs (14.9s, ETA 1.7h)
  [2134/2940] OVA_Lung_s2_Oblique_d5: acc=0.987055 train=13.9s best=0.649µs (18.0s, ETA 1.7h)
  [2135/2940] OVA_Lung_s2_Oblique_d6: acc=0.987055 train=21.9s best=0.787µs (26.1s, ETA 1.7h)
  [2136/2940] OVA_Lung_s2_Oblique_d8: acc=0.987055 train=37.5s best=1.401µs (41.6s, ETA 1.7h)
  [2137/2940] OVA_Lung_s3_AxisAligned_d3: acc=0.987055 train=3.2s best=0.296µs (7.4s, ETA 1.7h)
  [2138/2940] OVA_Lung_s3_AxisAligned_d4: acc=0.983819 train=5.4s best=0.449µs (9.5s, ETA 1.7h)
  [2139/2940] OVA_Lung_s3_AxisAligned_d5: acc=0.983819 train=9.0s best=0.682µs (13.2s, ETA 1.7h)
  [2140/2940] OVA_Lung_s3_AxisAligned_d6: acc=0.987055 train=13.4s best=0.919µs (17.6s, ETA 1.7h)
  [2141/2940] OVA_Lung_s3_AxisAligned_d7: acc=0.987055 train=20.6s best=1.290µs (24.8s, ETA 1.7h)
  [2142/2940] OVA_Lung_s3_AxisAligned_d8: acc=0.987055 train=27.1s best=1.446µs (31.4s, ETA 1.7h)
  [2143/2940] OVA_Lung_s3_AxisAligned_d10: acc=0.983819 train=39.6s best=1.931µs (43.9s, ETA 1.7h)
  [2144/2940] OVA_Lung_s3_Oblique_d3: acc=0.983819 train=7.3s best=1.268µs (11.4s, ETA 1.7h)
  [2145/2940] OVA_Lung_s3_Oblique_d4: acc=0.983819 train=12.6s best=1.925µs (16.8s, ETA 1.7h)
  [2146/2940] OVA_Lung_s3_Oblique_d5: acc=0.983819 train=23.3s best=2.595µs (27.5s, ETA 1.7h)
  [2147/2940] OVA_Lung_s3_Oblique_d6: acc=0.983819 train=31.1s best=3.635µs (35.3s, ETA 1.7h)
  [2148/2940] OVA_Lung_s3_Oblique_d8: acc=0.983819 train=55.1s best=5.246µs (59.3s, ETA 1.7h)
  [2149/2940] OVA_Lung_s4_AxisAligned_d3: acc=0.983819 train=2.4s best=0.121µs (6.5s, ETA 1.7h)
  [2150/2940] OVA_Lung_s4_AxisAligned_d4: acc=0.980583 train=4.0s best=0.126µs (8.2s, ETA 1.7h)
  [2151/2940] OVA_Lung_s4_AxisAligned_d5: acc=0.983819 train=6.3s best=0.151µs (10.4s, ETA 1.7h)
  [2152/2940] OVA_Lung_s4_AxisAligned_d6: acc=0.980583 train=10.1s best=0.202µs (14.3s, ETA 1.7h)
  [2153/2940] OVA_Lung_s4_AxisAligned_d7: acc=0.980583 train=14.8s best=0.209µs (19.0s, ETA 1.7h)
  [2154/2940] OVA_Lung_s4_AxisAligned_d8: acc=0.980583 train=17.0s best=0.239µs (21.1s, ETA 1.7h)
  [2155/2940] OVA_Lung_s4_AxisAligned_d10: acc=0.980583 train=23.4s best=0.329µs (27.6s, ETA 1.7h)
  [2156/2940] OVA_Lung_s4_Oblique_d3: acc=0.980583 train=7.1s best=0.737µs (11.3s, ETA 1.7h)
  [2157/2940] OVA_Lung_s4_Oblique_d4: acc=0.977346 train=9.8s best=0.592µs (13.9s, ETA 1.7h)
  [2158/2940] OVA_Lung_s4_Oblique_d5: acc=0.977346 train=13.8s best=0.777µs (17.9s, ETA 1.7h)
  [2159/2940] OVA_Lung_s4_Oblique_d6: acc=0.980583 train=23.3s best=1.089µs (27.5s, ETA 1.7h)
  [2160/2940] OVA_Lung_s4_Oblique_d8: acc=0.980583 train=36.1s best=1.224µs (40.2s, ETA 1.7h)
  fetching OpenML id=1161 (OVA_Colon) ...

=== Dataset OVA_Colon (openml:1161) shape=(1545, 10936) regime=p>>n-microarray ===
  [2161/2940] OVA_Colon_s0_AxisAligned_d3: acc=0.980583 train=2.7s best=0.405µs (6.9s, ETA 1.7h)
  [2162/2940] OVA_Colon_s0_AxisAligned_d4: acc=0.983819 train=4.6s best=0.384µs (8.8s, ETA 1.7h)
  [2163/2940] OVA_Colon_s0_AxisAligned_d5: acc=0.983819 train=7.7s best=0.365µs (11.9s, ETA 1.7h)
  [2164/2940] OVA_Colon_s0_AxisAligned_d6: acc=0.987055 train=12.5s best=0.315µs (16.6s, ETA 1.7h)
  [2165/2940] OVA_Colon_s0_AxisAligned_d7: acc=0.980583 train=18.9s best=0.420µs (23.0s, ETA 1.7h)
  [2166/2940] OVA_Colon_s0_AxisAligned_d8: acc=0.987055 train=23.1s best=0.441µs (27.2s, ETA 1.7h)
  [2167/2940] OVA_Colon_s0_AxisAligned_d10: acc=0.980583 train=33.1s best=0.526µs (37.3s, ETA 1.7h)
  [2168/2940] OVA_Colon_s0_Oblique_d3: acc=0.97411 train=7.8s best=1.317µs (12.0s, ETA 1.7h)
  [2169/2940] OVA_Colon_s0_Oblique_d4: acc=0.980583 train=13.8s best=2.035µs (18.0s, ETA 1.7h)
  [2170/2940] OVA_Colon_s0_Oblique_d5: acc=0.980583 train=19.1s best=1.211µs (23.3s, ETA 1.7h)
  [2171/2940] OVA_Colon_s0_Oblique_d6: acc=0.980583 train=30.4s best=1.884µs (34.6s, ETA 1.7h)
  [2172/2940] OVA_Colon_s0_Oblique_d8: acc=0.983819 train=43.4s best=1.273µs (47.5s, ETA 1.7h)
  [2173/2940] OVA_Colon_s1_AxisAligned_d3: acc=0.964401 train=2.9s best=0.303µs (7.1s, ETA 1.7h)
  [2174/2940] OVA_Colon_s1_AxisAligned_d4: acc=0.967638 train=4.0s best=0.176µs (8.1s, ETA 1.6h)
  [2175/2940] OVA_Colon_s1_AxisAligned_d5: acc=0.964401 train=6.8s best=0.159µs (10.9s, ETA 1.6h)
  [2176/2940] OVA_Colon_s1_AxisAligned_d6: acc=0.961165 train=11.6s best=0.246µs (15.8s, ETA 1.6h)
  [2177/2940] OVA_Colon_s1_AxisAligned_d7: acc=0.967638 train=17.0s best=0.245µs (21.1s, ETA 1.6h)
  [2178/2940] OVA_Colon_s1_AxisAligned_d8: acc=0.961165 train=21.0s best=0.355µs (25.2s, ETA 1.6h)
  [2179/2940] OVA_Colon_s1_AxisAligned_d10: acc=0.964401 train=27.7s best=0.522µs (31.9s, ETA 1.6h)
  [2180/2940] OVA_Colon_s1_Oblique_d3: acc=0.961165 train=6.9s best=0.824µs (11.0s, ETA 1.6h)
  [2181/2940] OVA_Colon_s1_Oblique_d4: acc=0.961165 train=15.0s best=1.554µs (19.2s, ETA 1.6h)
  [2182/2940] OVA_Colon_s1_Oblique_d5: acc=0.961165 train=15.3s best=0.675µs (19.4s, ETA 1.6h)
  [2183/2940] OVA_Colon_s1_Oblique_d6: acc=0.967638 train=23.8s best=1.247µs (27.8s, ETA 1.6h)
  [2184/2940] OVA_Colon_s1_Oblique_d8: acc=0.961165 train=42.6s best=1.399µs (46.7s, ETA 1.6h)
  [2185/2940] OVA_Colon_s2_AxisAligned_d3: acc=0.967638 train=2.9s best=0.293µs (7.1s, ETA 1.6h)
  [2186/2940] OVA_Colon_s2_AxisAligned_d4: acc=0.967638 train=4.3s best=0.232µs (8.5s, ETA 1.6h)
  [2187/2940] OVA_Colon_s2_AxisAligned_d5: acc=0.964401 train=7.7s best=0.306µs (11.8s, ETA 1.6h)
  [2188/2940] OVA_Colon_s2_AxisAligned_d6: acc=0.967638 train=12.6s best=0.342µs (16.8s, ETA 1.6h)
  [2189/2940] OVA_Colon_s2_AxisAligned_d7: acc=0.967638 train=17.8s best=0.412µs (22.0s, ETA 1.6h)
  [2190/2940] OVA_Colon_s2_AxisAligned_d8: acc=0.964401 train=25.3s best=0.521µs (29.5s, ETA 1.6h)
  [2191/2940] OVA_Colon_s2_AxisAligned_d10: acc=0.967638 train=35.8s best=0.759µs (40.0s, ETA 1.6h)
  [2192/2940] OVA_Colon_s2_Oblique_d3: acc=0.961165 train=7.0s best=1.307µs (11.2s, ETA 1.6h)
  [2193/2940] OVA_Colon_s2_Oblique_d4: acc=0.961165 train=13.3s best=1.401µs (17.4s, ETA 1.6h)
  [2194/2940] OVA_Colon_s2_Oblique_d5: acc=0.964401 train=18.8s best=1.323µs (22.9s, ETA 1.6h)
  [2195/2940] OVA_Colon_s2_Oblique_d6: acc=0.964401 train=33.1s best=1.679µs (37.2s, ETA 1.6h)
  [2196/2940] OVA_Colon_s2_Oblique_d8: acc=0.964401 train=53.0s best=2.299µs (57.1s, ETA 1.6h)
  [2197/2940] OVA_Colon_s3_AxisAligned_d3: acc=0.97411 train=2.3s best=0.147µs (6.4s, ETA 1.6h)
  [2198/2940] OVA_Colon_s3_AxisAligned_d4: acc=0.970874 train=3.5s best=0.140µs (7.6s, ETA 1.6h)
  [2199/2940] OVA_Colon_s3_AxisAligned_d5: acc=0.967638 train=6.9s best=0.184µs (11.1s, ETA 1.6h)
  [2200/2940] OVA_Colon_s3_AxisAligned_d6: acc=0.970874 train=12.2s best=0.265µs (16.4s, ETA 1.6h)
  [2201/2940] OVA_Colon_s3_AxisAligned_d7: acc=0.97411 train=17.6s best=0.302µs (21.8s, ETA 1.6h)
  [2202/2940] OVA_Colon_s3_AxisAligned_d8: acc=0.964401 train=20.1s best=0.338µs (24.3s, ETA 1.6h)
  [2203/2940] OVA_Colon_s3_AxisAligned_d10: acc=0.970874 train=32.3s best=0.568µs (36.5s, ETA 1.6h)
  [2204/2940] OVA_Colon_s3_Oblique_d3: acc=0.967638 train=5.3s best=0.487µs (9.4s, ETA 1.6h)
  [2205/2940] OVA_Colon_s3_Oblique_d4: acc=0.97411 train=11.3s best=0.835µs (15.4s, ETA 1.6h)
  [2206/2940] OVA_Colon_s3_Oblique_d5: acc=0.977346 train=20.9s best=1.239µs (25.1s, ETA 1.6h)
  [2207/2940] OVA_Colon_s3_Oblique_d6: acc=0.967638 train=27.3s best=1.268µs (31.4s, ETA 1.6h)
  [2208/2940] OVA_Colon_s3_Oblique_d8: acc=0.97411 train=52.3s best=1.622µs (56.5s, ETA 1.6h)
  [2209/2940] OVA_Colon_s4_AxisAligned_d3: acc=0.967638 train=2.9s best=0.406µs (7.1s, ETA 1.6h)
  [2210/2940] OVA_Colon_s4_AxisAligned_d4: acc=0.964401 train=5.4s best=0.668µs (9.6s, ETA 1.6h)
  [2211/2940] OVA_Colon_s4_AxisAligned_d5: acc=0.964401 train=8.7s best=0.404µs (12.9s, ETA 1.6h)
  [2212/2940] OVA_Colon_s4_AxisAligned_d6: acc=0.961165 train=15.0s best=0.575µs (19.2s, ETA 1.6h)
  [2213/2940] OVA_Colon_s4_AxisAligned_d7: acc=0.97411 train=17.3s best=0.456µs (21.5s, ETA 1.6h)
  [2214/2940] OVA_Colon_s4_AxisAligned_d8: acc=0.967638 train=26.9s best=0.792µs (31.2s, ETA 1.6h)
  [2215/2940] OVA_Colon_s4_AxisAligned_d10: acc=0.967638 train=31.2s best=0.860µs (35.4s, ETA 1.6h)
  [2216/2940] OVA_Colon_s4_Oblique_d3: acc=0.964401 train=7.7s best=1.352µs (11.9s, ETA 1.6h)
  [2217/2940] OVA_Colon_s4_Oblique_d4: acc=0.957929 train=14.5s best=2.129µs (18.7s, ETA 1.6h)
  [2218/2940] OVA_Colon_s4_Oblique_d5: acc=0.967638 train=23.0s best=1.600µs (27.2s, ETA 1.6h)
  [2219/2940] OVA_Colon_s4_Oblique_d6: acc=0.964401 train=32.2s best=1.973µs (36.4s, ETA 1.6h)
  [2220/2940] OVA_Colon_s4_Oblique_d8: acc=0.967638 train=48.2s best=1.930µs (52.3s, ETA 1.6h)
  fetching OpenML id=1038 (gina_agnostic) ...

=== Dataset gina_agnostic (openml:1038) shape=(3468, 971) regime=high-dim ===
  [2221/2940] gina_agnostic_s0_AxisAligned_d3: acc=0.900576 train=1.2s best=0.844µs (1.7s, ETA 1.6h)
  [2222/2940] gina_agnostic_s0_AxisAligned_d4: acc=0.940922 train=2.3s best=1.337µs (2.8s, ETA 1.6h)
  [2223/2940] gina_agnostic_s0_AxisAligned_d5: acc=0.932277 train=3.8s best=1.625µs (4.4s, ETA 1.6h)
  [2224/2940] gina_agnostic_s0_AxisAligned_d6: acc=0.942363 train=6.4s best=2.072µs (7.1s, ETA 1.6h)
  [2225/2940] gina_agnostic_s0_AxisAligned_d7: acc=0.95245 train=10.3s best=2.751µs (11.0s, ETA 1.6h)
  [2226/2940] gina_agnostic_s0_AxisAligned_d8: acc=0.948127 train=17.6s best=2.602µs (18.2s, ETA 1.6h)
  [2227/2940] gina_agnostic_s0_AxisAligned_d10: acc=0.945245 train=32.9s best=2.882µs (33.6s, ETA 1.6h)
  [2228/2940] gina_agnostic_s0_Oblique_d3: acc=0.916427 train=1.3s best=2.135µs (1.8s, ETA 1.6h)
  [2229/2940] gina_agnostic_s0_Oblique_d4: acc=0.927954 train=2.2s best=3.582µs (2.8s, ETA 1.6h)
  [2230/2940] gina_agnostic_s0_Oblique_d5: acc=0.942363 train=3.7s best=5.561µs (4.3s, ETA 1.6h)
  [2231/2940] gina_agnostic_s0_Oblique_d6: acc=0.943804 train=6.5s best=7.577µs (7.1s, ETA 1.6h)
  [2232/2940] gina_agnostic_s0_Oblique_d8: acc=0.943804 train=16.6s best=11.826µs (17.4s, ETA 1.6h)
  [2233/2940] gina_agnostic_s1_AxisAligned_d3: acc=0.899135 train=1.2s best=0.930µs (1.7s, ETA 1.6h)
  [2234/2940] gina_agnostic_s1_AxisAligned_d4: acc=0.929395 train=2.2s best=1.223µs (2.8s, ETA 1.6h)
  [2235/2940] gina_agnostic_s1_AxisAligned_d5: acc=0.951009 train=3.8s best=1.599µs (4.4s, ETA 1.6h)
  [2236/2940] gina_agnostic_s1_AxisAligned_d6: acc=0.95245 train=6.7s best=2.114µs (7.3s, ETA 1.6h)
  [2237/2940] gina_agnostic_s1_AxisAligned_d7: acc=0.958213 train=11.1s best=2.599µs (11.8s, ETA 1.6h)
  [2238/2940] gina_agnostic_s1_AxisAligned_d8: acc=0.959654 train=17.4s best=3.050µs (18.0s, ETA 1.6h)
  [2239/2940] gina_agnostic_s1_AxisAligned_d10: acc=0.946686 train=32.2s best=3.261µs (32.8s, ETA 1.6h)
  [2240/2940] gina_agnostic_s1_Oblique_d3: acc=0.919308 train=1.3s best=2.277µs (1.8s, ETA 1.6h)
  [2241/2940] gina_agnostic_s1_Oblique_d4: acc=0.939481 train=2.3s best=3.549µs (2.8s, ETA 1.6h)
  [2242/2940] gina_agnostic_s1_Oblique_d5: acc=0.943804 train=4.0s best=5.372µs (4.6s, ETA 1.6h)
  [2243/2940] gina_agnostic_s1_Oblique_d6: acc=0.95245 train=6.9s best=7.345µs (7.5s, ETA 1.6h)
  [2244/2940] gina_agnostic_s1_Oblique_d8: acc=0.948127 train=16.2s best=11.328µs (16.9s, ETA 1.6h)
  [2245/2940] gina_agnostic_s2_AxisAligned_d3: acc=0.883285 train=1.2s best=0.854µs (1.7s, ETA 1.6h)
  [2246/2940] gina_agnostic_s2_AxisAligned_d4: acc=0.92219 train=2.3s best=1.341µs (2.9s, ETA 1.6h)
  [2247/2940] gina_agnostic_s2_AxisAligned_d5: acc=0.929395 train=4.1s best=1.687µs (4.7s, ETA 1.6h)
  [2248/2940] gina_agnostic_s2_AxisAligned_d6: acc=0.942363 train=6.8s best=2.084µs (7.5s, ETA 1.6h)
  [2249/2940] gina_agnostic_s2_AxisAligned_d7: acc=0.93804 train=11.4s best=2.692µs (12.1s, ETA 1.6h)
  [2250/2940] gina_agnostic_s2_AxisAligned_d8: acc=0.945245 train=18.8s best=2.827µs (19.4s, ETA 1.6h)
  [2251/2940] gina_agnostic_s2_AxisAligned_d10: acc=0.940922 train=35.6s best=3.223µs (36.2s, ETA 1.6h)
  [2252/2940] gina_agnostic_s2_Oblique_d3: acc=0.903458 train=1.3s best=2.274µs (1.8s, ETA 1.5h)
  [2253/2940] gina_agnostic_s2_Oblique_d4: acc=0.914986 train=2.4s best=3.571µs (3.0s, ETA 1.5h)
  [2254/2940] gina_agnostic_s2_Oblique_d5: acc=0.92219 train=4.1s best=5.676µs (4.7s, ETA 1.5h)
  [2255/2940] gina_agnostic_s2_Oblique_d6: acc=0.939481 train=6.6s best=7.824µs (7.2s, ETA 1.5h)
  [2256/2940] gina_agnostic_s2_Oblique_d8: acc=0.95245 train=17.3s best=11.749µs (18.0s, ETA 1.5h)
  [2257/2940] gina_agnostic_s3_AxisAligned_d3: acc=0.903458 train=1.2s best=0.869µs (1.7s, ETA 1.5h)
  [2258/2940] gina_agnostic_s3_AxisAligned_d4: acc=0.939481 train=2.3s best=1.385µs (2.8s, ETA 1.5h)
  [2259/2940] gina_agnostic_s3_AxisAligned_d5: acc=0.949568 train=4.0s best=1.811µs (4.6s, ETA 1.5h)
  [2260/2940] gina_agnostic_s3_AxisAligned_d6: acc=0.953891 train=7.1s best=2.238µs (7.8s, ETA 1.5h)
  [2261/2940] gina_agnostic_s3_AxisAligned_d7: acc=0.953891 train=11.3s best=2.865µs (12.0s, ETA 1.5h)
  [2262/2940] gina_agnostic_s3_AxisAligned_d8: acc=0.95245 train=18.2s best=3.160µs (18.8s, ETA 1.5h)
  [2263/2940] gina_agnostic_s3_AxisAligned_d10: acc=0.948127 train=27.7s best=2.049µs (28.3s, ETA 1.5h)
  [2264/2940] gina_agnostic_s3_Oblique_d3: acc=0.910663 train=1.3s best=2.210µs (1.8s, ETA 1.5h)
  [2265/2940] gina_agnostic_s3_Oblique_d4: acc=0.935158 train=2.3s best=3.635µs (2.8s, ETA 1.5h)
  [2266/2940] gina_agnostic_s3_Oblique_d5: acc=0.948127 train=4.1s best=5.591µs (4.7s, ETA 1.5h)
  [2267/2940] gina_agnostic_s3_Oblique_d6: acc=0.962536 train=6.6s best=7.532µs (7.2s, ETA 1.5h)
  [2268/2940] gina_agnostic_s3_Oblique_d8: acc=0.951009 train=16.9s best=11.824µs (17.6s, ETA 1.5h)
  [2269/2940] gina_agnostic_s4_AxisAligned_d3: acc=0.900576 train=1.2s best=0.879µs (1.7s, ETA 1.5h)
  [2270/2940] gina_agnostic_s4_AxisAligned_d4: acc=0.932277 train=2.2s best=1.326µs (2.8s, ETA 1.5h)
  [2271/2940] gina_agnostic_s4_AxisAligned_d5: acc=0.942363 train=3.9s best=1.669µs (4.5s, ETA 1.5h)
  [2272/2940] gina_agnostic_s4_AxisAligned_d6: acc=0.95245 train=7.0s best=2.183µs (7.6s, ETA 1.5h)
  [2273/2940] gina_agnostic_s4_AxisAligned_d7: acc=0.951009 train=10.9s best=2.798µs (11.6s, ETA 1.5h)
  [2274/2940] gina_agnostic_s4_AxisAligned_d8: acc=0.948127 train=17.7s best=2.943µs (18.4s, ETA 1.5h)
  [2275/2940] gina_agnostic_s4_AxisAligned_d10: acc=0.93804 train=24.8s best=1.761µs (25.4s, ETA 1.5h)
  [2276/2940] gina_agnostic_s4_Oblique_d3: acc=0.927954 train=1.3s best=2.294µs (1.8s, ETA 1.5h)
  [2277/2940] gina_agnostic_s4_Oblique_d4: acc=0.942363 train=2.2s best=3.671µs (2.8s, ETA 1.5h)
  [2278/2940] gina_agnostic_s4_Oblique_d5: acc=0.951009 train=3.9s best=5.391µs (4.4s, ETA 1.5h)
  [2279/2940] gina_agnostic_s4_Oblique_d6: acc=0.959654 train=6.7s best=6.920µs (7.3s, ETA 1.5h)
  [2280/2940] gina_agnostic_s4_Oblique_d8: acc=0.948127 train=18.2s best=8.749µs (18.9s, ETA 1.5h)
  fetching OpenML id=1039 (hiva_agnostic) ...

=== Dataset hiva_agnostic (openml:1039) shape=(4229, 1618) regime=high-dim-sparse ===
  [2281/2940] hiva_agnostic_s0_AxisAligned_d3: acc=0.969267 train=0.3s best=0.669µs (0.9s, ETA 1.5h)
  [2282/2940] hiva_agnostic_s0_AxisAligned_d4: acc=0.969267 train=0.4s best=1.506µs (1.0s, ETA 1.5h)
  [2283/2940] hiva_agnostic_s0_AxisAligned_d5: acc=0.968085 train=0.8s best=1.198µs (1.4s, ETA 1.5h)
  [2284/2940] hiva_agnostic_s0_AxisAligned_d6: acc=0.969267 train=1.5s best=1.463µs (2.2s, ETA 1.5h)
  [2285/2940] hiva_agnostic_s0_AxisAligned_d7: acc=0.969267 train=1.7s best=0.632µs (2.3s, ETA 1.5h)
  [2286/2940] hiva_agnostic_s0_AxisAligned_d8: acc=0.969267 train=4.9s best=1.961µs (5.6s, ETA 1.5h)
  [2287/2940] hiva_agnostic_s0_AxisAligned_d10: acc=0.972813 train=9.0s best=2.040µs (9.6s, ETA 1.5h)
  [2288/2940] hiva_agnostic_s0_Oblique_d3: acc=0.970449 train=0.7s best=0.048µs (1.2s, ETA 1.5h)
  [2289/2940] hiva_agnostic_s0_Oblique_d4: acc=0.969267 train=1.3s best=0.090µs (1.8s, ETA 1.5h)
  [2290/2940] hiva_agnostic_s0_Oblique_d5: acc=0.970449 train=2.0s best=0.171µs (2.5s, ETA 1.5h)
  [2291/2940] hiva_agnostic_s0_Oblique_d6: acc=0.972813 train=2.9s best=0.208µs (3.5s, ETA 1.5h)
  [2292/2940] hiva_agnostic_s0_Oblique_d8: acc=0.973995 train=5.7s best=0.314µs (6.3s, ETA 1.5h)
  [2293/2940] hiva_agnostic_s1_AxisAligned_d3: acc=0.971631 train=0.3s best=0.783µs (0.9s, ETA 1.5h)
  [2294/2940] hiva_agnostic_s1_AxisAligned_d4: acc=0.969267 train=0.4s best=1.494µs (1.1s, ETA 1.5h)
  [2295/2940] hiva_agnostic_s1_AxisAligned_d5: acc=0.968085 train=0.9s best=2.097µs (1.5s, ETA 1.4h)
  [2296/2940] hiva_agnostic_s1_AxisAligned_d6: acc=0.968085 train=1.8s best=2.135µs (2.5s, ETA 1.4h)
  [2297/2940] hiva_agnostic_s1_AxisAligned_d7: acc=0.970449 train=3.4s best=2.458µs (4.1s, ETA 1.4h)
  [2298/2940] hiva_agnostic_s1_AxisAligned_d8: acc=0.968085 train=4.7s best=1.868µs (5.4s, ETA 1.4h)
  [2299/2940] hiva_agnostic_s1_AxisAligned_d10: acc=0.970449 train=10.9s best=2.928µs (11.6s, ETA 1.4h)
  [2300/2940] hiva_agnostic_s1_Oblique_d3: acc=0.970449 train=1.2s best=0.159µs (1.7s, ETA 1.4h)
  [2301/2940] hiva_agnostic_s1_Oblique_d4: acc=0.970449 train=1.7s best=0.239µs (2.2s, ETA 1.4h)
  [2302/2940] hiva_agnostic_s1_Oblique_d5: acc=0.973995 train=2.2s best=0.287µs (2.8s, ETA 1.4h)
  [2303/2940] hiva_agnostic_s1_Oblique_d6: acc=0.971631 train=3.2s best=0.204µs (3.7s, ETA 1.4h)
  [2304/2940] hiva_agnostic_s1_Oblique_d8: acc=0.971631 train=6.1s best=0.281µs (6.7s, ETA 1.4h)
  [2305/2940] hiva_agnostic_s2_AxisAligned_d3: acc=0.973995 train=0.3s best=0.763µs (0.9s, ETA 1.4h)
  [2306/2940] hiva_agnostic_s2_AxisAligned_d4: acc=0.975177 train=0.4s best=1.529µs (1.1s, ETA 1.4h)
  [2307/2940] hiva_agnostic_s2_AxisAligned_d5: acc=0.976359 train=0.9s best=2.059µs (1.5s, ETA 1.4h)
  [2308/2940] hiva_agnostic_s2_AxisAligned_d6: acc=0.976359 train=1.8s best=2.574µs (2.5s, ETA 1.4h)
  [2309/2940] hiva_agnostic_s2_AxisAligned_d7: acc=0.975177 train=3.5s best=2.107µs (4.2s, ETA 1.4h)
  [2310/2940] hiva_agnostic_s2_AxisAligned_d8: acc=0.973995 train=6.0s best=3.173µs (6.7s, ETA 1.4h)
  [2311/2940] hiva_agnostic_s2_AxisAligned_d10: acc=0.975177 train=13.0s best=3.072µs (13.6s, ETA 1.4h)
  [2312/2940] hiva_agnostic_s2_Oblique_d3: acc=0.973995 train=1.3s best=0.246µs (1.9s, ETA 1.4h)
  [2313/2940] hiva_agnostic_s2_Oblique_d4: acc=0.975177 train=2.5s best=0.533µs (3.1s, ETA 1.4h)
  [2314/2940] hiva_agnostic_s2_Oblique_d5: acc=0.972813 train=3.0s best=0.555µs (3.5s, ETA 1.4h)
  [2315/2940] hiva_agnostic_s2_Oblique_d6: acc=0.972813 train=3.9s best=0.533µs (4.5s, ETA 1.4h)
  [2316/2940] hiva_agnostic_s2_Oblique_d8: acc=0.971631 train=7.4s best=0.727µs (8.0s, ETA 1.4h)
  [2317/2940] hiva_agnostic_s3_AxisAligned_d3: acc=0.956265 train=0.3s best=0.748µs (0.9s, ETA 1.4h)
  [2318/2940] hiva_agnostic_s3_AxisAligned_d4: acc=0.956265 train=0.4s best=1.506µs (1.1s, ETA 1.4h)
  [2319/2940] hiva_agnostic_s3_AxisAligned_d5: acc=0.960993 train=0.9s best=1.995µs (1.6s, ETA 1.4h)
  [2320/2940] hiva_agnostic_s3_AxisAligned_d6: acc=0.962175 train=1.8s best=2.020µs (2.5s, ETA 1.4h)
  [2321/2940] hiva_agnostic_s3_AxisAligned_d7: acc=0.960993 train=3.4s best=2.360µs (4.1s, ETA 1.4h)
  [2322/2940] hiva_agnostic_s3_AxisAligned_d8: acc=0.958629 train=5.0s best=1.907µs (5.6s, ETA 1.4h)
  [2323/2940] hiva_agnostic_s3_AxisAligned_d10: acc=0.960993 train=8.3s best=1.863µs (9.0s, ETA 1.4h)
  [2324/2940] hiva_agnostic_s3_Oblique_d3: acc=0.962175 train=1.4s best=0.427µs (2.0s, ETA 1.4h)
  [2325/2940] hiva_agnostic_s3_Oblique_d4: acc=0.964539 train=2.7s best=0.851µs (3.3s, ETA 1.4h)
  [2326/2940] hiva_agnostic_s3_Oblique_d5: acc=0.963357 train=3.9s best=0.912µs (4.5s, ETA 1.4h)
  [2327/2940] hiva_agnostic_s3_Oblique_d6: acc=0.963357 train=3.6s best=0.427µs (4.2s, ETA 1.4h)
  [2328/2940] hiva_agnostic_s3_Oblique_d8: acc=0.965721 train=6.0s best=0.366µs (6.5s, ETA 1.4h)
  [2329/2940] hiva_agnostic_s4_AxisAligned_d3: acc=0.959811 train=0.3s best=0.832µs (0.9s, ETA 1.4h)
  [2330/2940] hiva_agnostic_s4_AxisAligned_d4: acc=0.958629 train=0.4s best=1.193µs (1.0s, ETA 1.4h)
  [2331/2940] hiva_agnostic_s4_AxisAligned_d5: acc=0.963357 train=0.9s best=1.877µs (1.5s, ETA 1.4h)
  [2332/2940] hiva_agnostic_s4_AxisAligned_d6: acc=0.960993 train=1.8s best=2.248µs (2.5s, ETA 1.4h)
  [2333/2940] hiva_agnostic_s4_AxisAligned_d7: acc=0.959811 train=2.0s best=0.923µs (2.7s, ETA 1.4h)
  [2334/2940] hiva_agnostic_s4_AxisAligned_d8: acc=0.964539 train=5.7s best=3.740µs (6.4s, ETA 1.3h)
  [2335/2940] hiva_agnostic_s4_AxisAligned_d10: acc=0.964539 train=9.2s best=2.402µs (9.9s, ETA 1.3h)
  [2336/2940] hiva_agnostic_s4_Oblique_d3: acc=0.962175 train=1.4s best=0.210µs (1.9s, ETA 1.3h)
  [2337/2940] hiva_agnostic_s4_Oblique_d4: acc=0.964539 train=1.6s best=0.250µs (2.1s, ETA 1.3h)
  [2338/2940] hiva_agnostic_s4_Oblique_d5: acc=0.964539 train=2.5s best=0.294µs (3.0s, ETA 1.3h)
  [2339/2940] hiva_agnostic_s4_Oblique_d6: acc=0.964539 train=3.1s best=0.211µs (3.7s, ETA 1.3h)
  [2340/2940] hiva_agnostic_s4_Oblique_d8: acc=0.965721 train=5.3s best=0.294µs (5.8s, ETA 1.3h)
  fetching OpenML id=1036 (sylva_agnostic) ...

=== Dataset sylva_agnostic (openml:1036) shape=(14395, 217) regime=mid-dim-sparse ===
  [2341/2940] sylva_agnostic_s0_AxisAligned_d3: acc=0.996527 train=0.5s best=0.205µs (0.9s, ETA 1.3h)
  [2342/2940] sylva_agnostic_s0_AxisAligned_d4: acc=0.997569 train=0.7s best=0.527µs (1.2s, ETA 1.3h)
  [2343/2940] sylva_agnostic_s0_AxisAligned_d5: acc=0.997221 train=1.1s best=0.921µs (1.6s, ETA 1.3h)
  [2344/2940] sylva_agnostic_s0_AxisAligned_d6: acc=0.997569 train=1.6s best=1.284µs (2.2s, ETA 1.3h)
  [2345/2940] sylva_agnostic_s0_AxisAligned_d7: acc=0.998263 train=2.3s best=1.559µs (2.9s, ETA 1.3h)
  [2346/2940] sylva_agnostic_s0_AxisAligned_d8: acc=0.997221 train=3.3s best=2.091µs (4.0s, ETA 1.3h)
  [2347/2940] sylva_agnostic_s0_AxisAligned_d10: acc=0.996179 train=4.6s best=1.687µs (5.1s, ETA 1.3h)
  [2348/2940] sylva_agnostic_s0_Oblique_d3: acc=0.995137 train=2.9s best=1.093µs (3.4s, ETA 1.3h)
  [2349/2940] sylva_agnostic_s0_Oblique_d4: acc=0.995137 train=4.5s best=1.726µs (5.0s, ETA 1.3h)
  [2350/2940] sylva_agnostic_s0_Oblique_d5: acc=0.995832 train=6.2s best=1.971µs (6.8s, ETA 1.3h)
  [2351/2940] sylva_agnostic_s0_Oblique_d6: acc=0.996874 train=8.1s best=1.954µs (8.7s, ETA 1.3h)
  [2352/2940] sylva_agnostic_s0_Oblique_d8: acc=0.995832 train=11.6s best=2.636µs (12.2s, ETA 1.3h)
  [2353/2940] sylva_agnostic_s1_AxisAligned_d3: acc=0.993748 train=0.5s best=0.206µs (0.9s, ETA 1.3h)
  [2354/2940] sylva_agnostic_s1_AxisAligned_d4: acc=0.994095 train=0.7s best=0.486µs (1.2s, ETA 1.3h)
  [2355/2940] sylva_agnostic_s1_AxisAligned_d5: acc=0.994443 train=1.1s best=0.861µs (1.6s, ETA 1.3h)
  [2356/2940] sylva_agnostic_s1_AxisAligned_d6: acc=0.994443 train=1.7s best=1.501µs (2.3s, ETA 1.3h)
  [2357/2940] sylva_agnostic_s1_AxisAligned_d7: acc=0.99479 train=1.8s best=0.938µs (2.3s, ETA 1.3h)
  [2358/2940] sylva_agnostic_s1_AxisAligned_d8: acc=0.994443 train=2.4s best=1.262µs (3.0s, ETA 1.3h)
  [2359/2940] sylva_agnostic_s1_AxisAligned_d10: acc=0.993401 train=4.1s best=1.589µs (4.7s, ETA 1.3h)
  [2360/2940] sylva_agnostic_s1_Oblique_d3: acc=0.991664 train=2.9s best=1.089µs (3.4s, ETA 1.3h)
  [2361/2940] sylva_agnostic_s1_Oblique_d4: acc=0.993401 train=4.4s best=1.733µs (4.9s, ETA 1.3h)
  [2362/2940] sylva_agnostic_s1_Oblique_d5: acc=0.993401 train=6.2s best=2.247µs (6.7s, ETA 1.3h)
  [2363/2940] sylva_agnostic_s1_Oblique_d6: acc=0.994095 train=7.9s best=1.955µs (8.5s, ETA 1.3h)
  [2364/2940] sylva_agnostic_s1_Oblique_d8: acc=0.993401 train=9.5s best=1.855µs (10.1s, ETA 1.3h)
  [2365/2940] sylva_agnostic_s2_AxisAligned_d3: acc=0.991316 train=0.5s best=0.191µs (0.9s, ETA 1.3h)
  [2366/2940] sylva_agnostic_s2_AxisAligned_d4: acc=0.992706 train=0.7s best=0.457µs (1.2s, ETA 1.3h)
  [2367/2940] sylva_agnostic_s2_AxisAligned_d5: acc=0.992706 train=1.1s best=0.884µs (1.7s, ETA 1.3h)
  [2368/2940] sylva_agnostic_s2_AxisAligned_d6: acc=0.992706 train=1.6s best=1.406µs (2.3s, ETA 1.3h)
  [2369/2940] sylva_agnostic_s2_AxisAligned_d7: acc=0.993053 train=2.4s best=1.919µs (3.1s, ETA 1.3h)
  [2370/2940] sylva_agnostic_s2_AxisAligned_d8: acc=0.991316 train=3.0s best=1.639µs (3.6s, ETA 1.3h)
  [2371/2940] sylva_agnostic_s2_AxisAligned_d10: acc=0.991316 train=4.8s best=2.011µs (5.4s, ETA 1.3h)
  [2372/2940] sylva_agnostic_s2_Oblique_d3: acc=0.990969 train=2.9s best=1.117µs (3.4s, ETA 1.3h)
  [2373/2940] sylva_agnostic_s2_Oblique_d4: acc=0.992011 train=4.4s best=1.305µs (4.9s, ETA 1.3h)
  [2374/2940] sylva_agnostic_s2_Oblique_d5: acc=0.992358 train=6.2s best=2.338µs (6.7s, ETA 1.2h)
  [2375/2940] sylva_agnostic_s2_Oblique_d6: acc=0.991664 train=8.0s best=2.471µs (8.5s, ETA 1.2h)
  [2376/2940] sylva_agnostic_s2_Oblique_d8: acc=0.991316 train=9.5s best=1.865µs (10.1s, ETA 1.2h)
  [2377/2940] sylva_agnostic_s3_AxisAligned_d3: acc=0.991316 train=0.5s best=0.222µs (0.9s, ETA 1.2h)
  [2378/2940] sylva_agnostic_s3_AxisAligned_d4: acc=0.993053 train=0.7s best=0.472µs (1.2s, ETA 1.2h)
  [2379/2940] sylva_agnostic_s3_AxisAligned_d5: acc=0.994095 train=1.1s best=0.829µs (1.6s, ETA 1.2h)
  [2380/2940] sylva_agnostic_s3_AxisAligned_d6: acc=0.993748 train=1.7s best=1.137µs (2.2s, ETA 1.2h)
  [2381/2940] sylva_agnostic_s3_AxisAligned_d7: acc=0.993748 train=2.1s best=1.197µs (2.6s, ETA 1.2h)
  [2382/2940] sylva_agnostic_s3_AxisAligned_d8: acc=0.993401 train=2.5s best=1.044µs (3.0s, ETA 1.2h)
  [2383/2940] sylva_agnostic_s3_AxisAligned_d10: acc=0.993401 train=3.9s best=1.172µs (4.4s, ETA 1.2h)
  [2384/2940] sylva_agnostic_s3_Oblique_d3: acc=0.990274 train=3.0s best=1.130µs (3.4s, ETA 1.2h)
  [2385/2940] sylva_agnostic_s3_Oblique_d4: acc=0.993401 train=4.5s best=1.696µs (5.0s, ETA 1.2h)
  [2386/2940] sylva_agnostic_s3_Oblique_d5: acc=0.991316 train=4.9s best=1.030µs (5.3s, ETA 1.2h)
  [2387/2940] sylva_agnostic_s3_Oblique_d6: acc=0.993053 train=6.5s best=1.347µs (6.9s, ETA 1.2h)
  [2388/2940] sylva_agnostic_s3_Oblique_d8: acc=0.993053 train=8.5s best=1.382µs (8.9s, ETA 1.2h)
  [2389/2940] sylva_agnostic_s4_AxisAligned_d3: acc=0.992011 train=0.5s best=0.230µs (0.9s, ETA 1.2h)
  [2390/2940] sylva_agnostic_s4_AxisAligned_d4: acc=0.993748 train=0.7s best=0.510µs (1.2s, ETA 1.2h)
  [2391/2940] sylva_agnostic_s4_AxisAligned_d5: acc=0.993748 train=1.1s best=0.875µs (1.6s, ETA 1.2h)
  [2392/2940] sylva_agnostic_s4_AxisAligned_d6: acc=0.994095 train=1.5s best=0.949µs (2.0s, ETA 1.2h)
  [2393/2940] sylva_agnostic_s4_AxisAligned_d7: acc=0.993748 train=1.9s best=1.129µs (2.4s, ETA 1.2h)
  [2394/2940] sylva_agnostic_s4_AxisAligned_d8: acc=0.994095 train=2.2s best=0.994µs (2.7s, ETA 1.2h)
  [2395/2940] sylva_agnostic_s4_AxisAligned_d10: acc=0.995137 train=3.8s best=1.248µs (4.3s, ETA 1.2h)
  [2396/2940] sylva_agnostic_s4_Oblique_d3: acc=0.991316 train=2.9s best=0.962µs (3.3s, ETA 1.2h)
  [2397/2940] sylva_agnostic_s4_Oblique_d4: acc=0.993053 train=4.4s best=1.673µs (4.9s, ETA 1.2h)
  [2398/2940] sylva_agnostic_s4_Oblique_d5: acc=0.993401 train=5.5s best=1.290µs (6.0s, ETA 1.2h)
  [2399/2940] sylva_agnostic_s4_Oblique_d6: acc=0.993053 train=7.3s best=1.685µs (7.8s, ETA 1.2h)
  [2400/2940] sylva_agnostic_s4_Oblique_d8: acc=0.992358 train=8.7s best=1.514µs (9.2s, ETA 1.2h)

=== Dataset ringnorm (openml:1496) shape=(7400, 21) regime=near-linear ===
  [2401/2940] ringnorm_s0_AxisAligned_d3: acc=0.947297 train=0.1s best=0.334µs (0.4s, ETA 1.2h)
  [2402/2940] ringnorm_s0_AxisAligned_d4: acc=0.954054 train=0.2s best=0.534µs (0.5s, ETA 1.2h)
  [2403/2940] ringnorm_s0_AxisAligned_d5: acc=0.955405 train=0.2s best=0.815µs (0.6s, ETA 1.2h)
  [2404/2940] ringnorm_s0_AxisAligned_d6: acc=0.964189 train=0.3s best=1.409µs (0.8s, ETA 1.2h)
  [2405/2940] ringnorm_s0_AxisAligned_d7: acc=0.960135 train=0.5s best=2.236µs (1.1s, ETA 1.2h)
  [2406/2940] ringnorm_s0_AxisAligned_d8: acc=0.961486 train=0.7s best=3.831µs (1.3s, ETA 1.2h)
  [2407/2940] ringnorm_s0_AxisAligned_d10: acc=0.960811 train=1.4s best=5.039µs (2.2s, ETA 1.2h)
  [2408/2940] ringnorm_s0_Oblique_d3: acc=0.963513 train=0.8s best=1.960µs (1.1s, ETA 1.2h)
  [2409/2940] ringnorm_s0_Oblique_d4: acc=0.968919 train=1.2s best=3.316µs (1.6s, ETA 1.2h)
  [2410/2940] ringnorm_s0_Oblique_d5: acc=0.971622 train=1.7s best=4.852µs (2.1s, ETA 1.2h)
  [2411/2940] ringnorm_s0_Oblique_d6: acc=0.971622 train=2.2s best=6.830µs (2.6s, ETA 1.2h)
  [2412/2940] ringnorm_s0_Oblique_d8: acc=0.971622 train=3.5s best=10.547µs (4.2s, ETA 1.2h)
  [2413/2940] ringnorm_s1_AxisAligned_d3: acc=0.947297 train=0.1s best=0.314µs (0.4s, ETA 1.2h)
  [2414/2940] ringnorm_s1_AxisAligned_d4: acc=0.956081 train=0.2s best=0.535µs (0.5s, ETA 1.1h)
  [2415/2940] ringnorm_s1_AxisAligned_d5: acc=0.958108 train=0.2s best=0.801µs (0.6s, ETA 1.1h)
  [2416/2940] ringnorm_s1_AxisAligned_d6: acc=0.960811 train=0.3s best=1.306µs (0.8s, ETA 1.1h)
  [2417/2940] ringnorm_s1_AxisAligned_d7: acc=0.960811 train=0.5s best=2.127µs (1.0s, ETA 1.1h)
  [2418/2940] ringnorm_s1_AxisAligned_d8: acc=0.959459 train=0.7s best=3.726µs (1.3s, ETA 1.1h)
  [2419/2940] ringnorm_s1_AxisAligned_d10: acc=0.960135 train=1.4s best=4.939µs (2.2s, ETA 1.1h)
  [2420/2940] ringnorm_s1_Oblique_d3: acc=0.960135 train=0.8s best=2.000µs (1.1s, ETA 1.1h)
  [2421/2940] ringnorm_s1_Oblique_d4: acc=0.966216 train=1.2s best=3.245µs (1.6s, ETA 1.1h)
  [2422/2940] ringnorm_s1_Oblique_d5: acc=0.97027 train=1.6s best=4.877µs (2.1s, ETA 1.1h)
  [2423/2940] ringnorm_s1_Oblique_d6: acc=0.972297 train=2.1s best=6.777µs (2.6s, ETA 1.1h)
  [2424/2940] ringnorm_s1_Oblique_d8: acc=0.97027 train=3.5s best=10.152µs (4.1s, ETA 1.1h)
  [2425/2940] ringnorm_s2_AxisAligned_d3: acc=0.95473 train=0.1s best=0.314µs (0.4s, ETA 1.1h)
  [2426/2940] ringnorm_s2_AxisAligned_d4: acc=0.966892 train=0.2s best=0.541µs (0.5s, ETA 1.1h)
  [2427/2940] ringnorm_s2_AxisAligned_d5: acc=0.966216 train=0.2s best=0.804µs (0.6s, ETA 1.1h)
  [2428/2940] ringnorm_s2_AxisAligned_d6: acc=0.968919 train=0.3s best=1.283µs (0.8s, ETA 1.1h)
  [2429/2940] ringnorm_s2_AxisAligned_d7: acc=0.962838 train=0.5s best=2.107µs (1.0s, ETA 1.1h)
  [2430/2940] ringnorm_s2_AxisAligned_d8: acc=0.964865 train=0.7s best=3.828µs (1.3s, ETA 1.1h)
  [2431/2940] ringnorm_s2_AxisAligned_d10: acc=0.967568 train=1.5s best=4.849µs (2.2s, ETA 1.1h)
  [2432/2940] ringnorm_s2_Oblique_d3: acc=0.967568 train=0.8s best=1.955µs (1.1s, ETA 1.1h)
  [2433/2940] ringnorm_s2_Oblique_d4: acc=0.969595 train=1.2s best=3.163µs (1.5s, ETA 1.1h)
  [2434/2940] ringnorm_s2_Oblique_d5: acc=0.971622 train=1.6s best=4.782µs (2.0s, ETA 1.1h)
  [2435/2940] ringnorm_s2_Oblique_d6: acc=0.975676 train=2.1s best=6.692µs (2.6s, ETA 1.1h)
  [2436/2940] ringnorm_s2_Oblique_d8: acc=0.975676 train=3.5s best=10.205µs (4.1s, ETA 1.1h)
  [2437/2940] ringnorm_s3_AxisAligned_d3: acc=0.962162 train=0.1s best=0.321µs (0.4s, ETA 1.1h)
  [2438/2940] ringnorm_s3_AxisAligned_d4: acc=0.964189 train=0.2s best=0.536µs (0.5s, ETA 1.1h)
  [2439/2940] ringnorm_s3_AxisAligned_d5: acc=0.965541 train=0.2s best=0.991µs (0.6s, ETA 1.1h)
  [2440/2940] ringnorm_s3_AxisAligned_d6: acc=0.965541 train=0.3s best=1.283µs (0.8s, ETA 1.1h)
  [2441/2940] ringnorm_s3_AxisAligned_d7: acc=0.963513 train=0.5s best=2.061µs (1.0s, ETA 1.1h)
  [2442/2940] ringnorm_s3_AxisAligned_d8: acc=0.964865 train=0.7s best=3.889µs (1.3s, ETA 1.1h)
  [2443/2940] ringnorm_s3_AxisAligned_d10: acc=0.962838 train=1.4s best=5.058µs (2.1s, ETA 1.1h)
  [2444/2940] ringnorm_s3_Oblique_d3: acc=0.964189 train=0.8s best=2.042µs (1.1s, ETA 1.1h)
  [2445/2940] ringnorm_s3_Oblique_d4: acc=0.973649 train=1.2s best=3.177µs (1.6s, ETA 1.1h)
  [2446/2940] ringnorm_s3_Oblique_d5: acc=0.973649 train=1.6s best=4.881µs (2.0s, ETA 1.1h)
  [2447/2940] ringnorm_s3_Oblique_d6: acc=0.972973 train=2.1s best=6.821µs (2.6s, ETA 1.1h)
  [2448/2940] ringnorm_s3_Oblique_d8: acc=0.973649 train=3.5s best=10.655µs (4.2s, ETA 1.1h)
  [2449/2940] ringnorm_s4_AxisAligned_d3: acc=0.953378 train=0.1s best=0.308µs (0.4s, ETA 1.1h)
  [2450/2940] ringnorm_s4_AxisAligned_d4: acc=0.959459 train=0.2s best=0.543µs (0.5s, ETA 1.1h)
  [2451/2940] ringnorm_s4_AxisAligned_d5: acc=0.960135 train=0.2s best=0.801µs (0.6s, ETA 1.1h)
  [2452/2940] ringnorm_s4_AxisAligned_d6: acc=0.964865 train=0.3s best=1.268µs (0.8s, ETA 1.1h)
  [2453/2940] ringnorm_s4_AxisAligned_d7: acc=0.963513 train=0.5s best=2.101µs (1.0s, ETA 1.1h)
  [2454/2940] ringnorm_s4_AxisAligned_d8: acc=0.963513 train=0.7s best=3.906µs (1.3s, ETA 1.0h)
  [2455/2940] ringnorm_s4_AxisAligned_d10: acc=0.962162 train=1.5s best=5.219µs (2.3s, ETA 1.0h)
  [2456/2940] ringnorm_s4_Oblique_d3: acc=0.95 train=0.8s best=2.017µs (1.1s, ETA 1.0h)
  [2457/2940] ringnorm_s4_Oblique_d4: acc=0.965541 train=1.2s best=3.317µs (1.6s, ETA 1.0h)
  [2458/2940] ringnorm_s4_Oblique_d5: acc=0.97027 train=1.7s best=4.891µs (2.1s, ETA 1.0h)
  [2459/2940] ringnorm_s4_Oblique_d6: acc=0.966892 train=2.1s best=6.689µs (2.6s, ETA 1.0h)
  [2460/2940] ringnorm_s4_Oblique_d8: acc=0.964865 train=3.4s best=9.899µs (4.1s, ETA 1.0h)
  fetching OpenML id=1597 (creditcardfraud) ...

=== Dataset creditcardfraud (openml:1597) shape=(284807, 30) regime=production-imbalanced ===
  [2461/2940] creditcardfraud_s0_AxisAligned_d3: acc=0.9986 train=0.1s best=0.056µs (0.8s, ETA 1.0h)
  [2462/2940] creditcardfraud_s0_AxisAligned_d4: acc=0.9986 train=0.1s best=0.056µs (0.8s, ETA 1.0h)
  [2463/2940] creditcardfraud_s0_AxisAligned_d5: acc=0.9987 train=0.1s best=0.079µs (0.8s, ETA 1.0h)
  [2464/2940] creditcardfraud_s0_AxisAligned_d6: acc=0.9986 train=0.2s best=0.111µs (0.9s, ETA 1.0h)
  [2465/2940] creditcardfraud_s0_AxisAligned_d7: acc=0.9988 train=0.2s best=0.105µs (0.9s, ETA 1.0h)
  [2466/2940] creditcardfraud_s0_AxisAligned_d8: acc=0.9989 train=0.2s best=0.089µs (0.9s, ETA 1.0h)
  [2467/2940] creditcardfraud_s0_AxisAligned_d10: acc=0.9989 train=0.3s best=0.123µs (1.0s, ETA 1.0h)
  [2468/2940] creditcardfraud_s0_Oblique_d3: acc=0.9993 train=1.4s best=0.307µs (2.0s, ETA 1.0h)
  [2469/2940] creditcardfraud_s0_Oblique_d4: acc=0.9992 train=2.2s best=0.507µs (2.9s, ETA 1.0h)
  [2470/2940] creditcardfraud_s0_Oblique_d5: acc=0.999 train=2.5s best=0.445µs (3.2s, ETA 1.0h)
  [2471/2940] creditcardfraud_s0_Oblique_d6: acc=0.9994 train=2.9s best=0.508µs (3.7s, ETA 1.0h)
  [2472/2940] creditcardfraud_s0_Oblique_d8: acc=0.9996 train=4.9s best=1.030µs (5.9s, ETA 1.0h)
  [2473/2940] creditcardfraud_s1_AxisAligned_d3: acc=0.9989 train=0.1s best=0.035µs (0.7s, ETA 1.0h)
  [2474/2940] creditcardfraud_s1_AxisAligned_d4: acc=0.9989 train=0.1s best=0.062µs (0.8s, ETA 1.0h)
  [2475/2940] creditcardfraud_s1_AxisAligned_d5: acc=0.9988 train=0.1s best=0.052µs (0.8s, ETA 1.0h)
  [2476/2940] creditcardfraud_s1_AxisAligned_d6: acc=0.9989 train=0.2s best=0.062µs (0.8s, ETA 1.0h)
  [2477/2940] creditcardfraud_s1_AxisAligned_d7: acc=0.9988 train=0.2s best=0.071µs (0.9s, ETA 1.0h)
  [2478/2940] creditcardfraud_s1_AxisAligned_d8: acc=0.9985 train=0.2s best=0.080µs (0.9s, ETA 1.0h)
  [2479/2940] creditcardfraud_s1_AxisAligned_d10: acc=0.9987 train=0.2s best=0.098µs (1.0s, ETA 1.0h)
  [2480/2940] creditcardfraud_s1_Oblique_d3: acc=0.9989 train=1.0s best=0.146µs (1.6s, ETA 1.0h)
  [2481/2940] creditcardfraud_s1_Oblique_d4: acc=0.9992 train=1.6s best=0.253µs (2.3s, ETA 1.0h)
  [2482/2940] creditcardfraud_s1_Oblique_d5: acc=0.999 train=1.9s best=0.223µs (2.6s, ETA 1.0h)
  [2483/2940] creditcardfraud_s1_Oblique_d6: acc=0.9988 train=2.4s best=0.276µs (3.1s, ETA 1.0h)
  [2484/2940] creditcardfraud_s1_Oblique_d8: acc=0.9992 train=3.7s best=0.483µs (4.4s, ETA 1.0h)
  [2485/2940] creditcardfraud_s2_AxisAligned_d3: acc=0.9992 train=0.1s best=0.053µs (0.8s, ETA 1.0h)
  [2486/2940] creditcardfraud_s2_AxisAligned_d4: acc=0.9991 train=0.1s best=0.059µs (0.8s, ETA 1.0h)
  [2487/2940] creditcardfraud_s2_AxisAligned_d5: acc=0.9992 train=0.1s best=0.046µs (0.8s, ETA 1.0h)
  [2488/2940] creditcardfraud_s2_AxisAligned_d6: acc=0.9992 train=0.2s best=0.051µs (0.8s, ETA 1.0h)
  [2489/2940] creditcardfraud_s2_AxisAligned_d7: acc=0.999 train=0.2s best=0.088µs (0.9s, ETA 1.0h)
  [2490/2940] creditcardfraud_s2_AxisAligned_d8: acc=0.999 train=0.2s best=0.104µs (1.0s, ETA 1.0h)
  [2491/2940] creditcardfraud_s2_AxisAligned_d10: acc=0.9991 train=0.3s best=0.110µs (1.0s, ETA 1.0h)
  [2492/2940] creditcardfraud_s2_Oblique_d3: acc=0.9991 train=1.6s best=0.121µs (2.3s, ETA 1.0h)
  [2493/2940] creditcardfraud_s2_Oblique_d4: acc=0.9993 train=2.4s best=0.177µs (3.1s, ETA 1.0h)
  [2494/2940] creditcardfraud_s2_Oblique_d5: acc=0.9992 train=3.2s best=0.228µs (3.9s, ETA 1.0h)
  [2495/2940] creditcardfraud_s2_Oblique_d6: acc=0.9992 train=4.1s best=0.297µs (4.8s, ETA 0.9h)
  [2496/2940] creditcardfraud_s2_Oblique_d8: acc=0.9992 train=5.7s best=0.381µs (6.4s, ETA 0.9h)
  [2497/2940] creditcardfraud_s3_AxisAligned_d3: acc=0.999 train=0.2s best=0.192µs (1.0s, ETA 0.9h)
  [2498/2940] creditcardfraud_s3_AxisAligned_d4: acc=0.999 train=0.2s best=0.111µs (0.9s, ETA 0.9h)
  [2499/2940] creditcardfraud_s3_AxisAligned_d5: acc=0.9987 train=0.2s best=0.140µs (1.0s, ETA 0.9h)
  [2500/2940] creditcardfraud_s3_AxisAligned_d6: acc=0.9988 train=0.3s best=0.277µs (1.4s, ETA 0.9h)
  [2501/2940] creditcardfraud_s3_AxisAligned_d7: acc=0.9988 train=0.4s best=0.380µs (1.6s, ETA 0.9h)
  [2502/2940] creditcardfraud_s3_AxisAligned_d8: acc=0.9993 train=0.4s best=0.639µs (2.1s, ETA 0.9h)
  [2503/2940] creditcardfraud_s3_AxisAligned_d10: acc=0.9993 train=0.6s best=0.875µs (2.6s, ETA 0.9h)
  [2504/2940] creditcardfraud_s3_Oblique_d3: acc=0.9988 train=1.0s best=0.120µs (1.6s, ETA 0.9h)
  [2505/2940] creditcardfraud_s3_Oblique_d4: acc=0.9984 train=1.5s best=0.202µs (2.2s, ETA 0.9h)
  [2506/2940] creditcardfraud_s3_Oblique_d5: acc=0.9989 train=2.4s best=0.481µs (3.2s, ETA 0.9h)
  [2507/2940] creditcardfraud_s3_Oblique_d6: acc=0.9989 train=2.9s best=0.510µs (3.7s, ETA 0.9h)
  [2508/2940] creditcardfraud_s3_Oblique_d8: acc=0.9987 train=5.6s best=1.295µs (6.6s, ETA 0.9h)
  [2509/2940] creditcardfraud_s4_AxisAligned_d3: acc=0.9985 train=0.2s best=0.211µs (1.0s, ETA 0.9h)
  [2510/2940] creditcardfraud_s4_AxisAligned_d4: acc=0.9988 train=0.2s best=0.363µs (1.3s, ETA 0.9h)
  [2511/2940] creditcardfraud_s4_AxisAligned_d5: acc=0.9987 train=0.3s best=0.422µs (1.5s, ETA 0.9h)
  [2512/2940] creditcardfraud_s4_AxisAligned_d6: acc=0.999 train=0.3s best=0.523µs (1.8s, ETA 0.9h)
  [2513/2940] creditcardfraud_s4_AxisAligned_d7: acc=0.999 train=0.4s best=0.662µs (2.0s, ETA 0.9h)
  [2514/2940] creditcardfraud_s4_AxisAligned_d8: acc=0.999 train=0.5s best=0.715µs (2.2s, ETA 0.9h)
  [2515/2940] creditcardfraud_s4_AxisAligned_d10: acc=0.999 train=0.6s best=0.879µs (2.6s, ETA 0.9h)
  [2516/2940] creditcardfraud_s4_Oblique_d3: acc=0.9987 train=2.3s best=1.131µs (3.2s, ETA 0.9h)
  [2517/2940] creditcardfraud_s4_Oblique_d4: acc=0.999 train=3.5s best=1.622µs (4.6s, ETA 0.9h)
  [2518/2940] creditcardfraud_s4_Oblique_d5: acc=0.999 train=4.6s best=2.179µs (5.9s, ETA 0.9h)
  [2519/2940] creditcardfraud_s4_Oblique_d6: acc=0.999 train=5.9s best=2.660µs (7.4s, ETA 0.9h)
  [2520/2940] creditcardfraud_s4_Oblique_d8: acc=0.9991 train=8.3s best=3.654µs (10.1s, ETA 0.9h)
  fetching PMLB parity5 ...

=== Dataset parity5 (pmlb:parity5) shape=(32, 6) regime=parity ===
  [2521/2940] parity5_s0_AxisAligned_d3: acc=0.0 train=0.0s best=0.035µs (0.0s, ETA 0.9h)
  [2522/2940] parity5_s0_AxisAligned_d4: acc=0.0 train=0.0s best=0.032µs (0.0s, ETA 0.9h)
  [2523/2940] parity5_s0_AxisAligned_d5: acc=0.0 train=0.0s best=0.033µs (0.0s, ETA 0.9h)
  [2524/2940] parity5_s0_AxisAligned_d6: acc=0.0 train=0.0s best=0.034µs (0.0s, ETA 0.9h)
  [2525/2940] parity5_s0_AxisAligned_d7: acc=0.0 train=0.0s best=0.033µs (0.0s, ETA 0.9h)
  [2526/2940] parity5_s0_AxisAligned_d8: acc=0.0 train=0.0s best=0.033µs (0.0s, ETA 0.9h)
  [2527/2940] parity5_s0_AxisAligned_d10: acc=0.0 train=0.0s best=0.034µs (0.0s, ETA 0.9h)
  [2528/2940] parity5_s0_Oblique_d3: acc=0.0 train=0.0s best=0.393µs (0.0s, ETA 0.9h)
  [2529/2940] parity5_s0_Oblique_d4: acc=0.0 train=0.0s best=0.456µs (0.0s, ETA 0.9h)
  [2530/2940] parity5_s0_Oblique_d5: acc=0.0 train=0.0s best=0.131µs (0.0s, ETA 0.9h)
  [2531/2940] parity5_s0_Oblique_d6: acc=0.0 train=0.0s best=0.131µs (0.0s, ETA 0.9h)
  [2532/2940] parity5_s0_Oblique_d8: acc=0.0 train=0.0s best=0.132µs (0.0s, ETA 0.9h)
  [2533/2940] parity5_s1_AxisAligned_d3: acc=0.428571 train=0.0s best=0.026µs (0.0s, ETA 0.9h)
  [2534/2940] parity5_s1_AxisAligned_d4: acc=0.428571 train=0.0s best=0.027µs (0.0s, ETA 0.9h)
  [2535/2940] parity5_s1_AxisAligned_d5: acc=0.428571 train=0.0s best=0.033µs (0.0s, ETA 0.9h)
  [2536/2940] parity5_s1_AxisAligned_d6: acc=0.428571 train=0.0s best=0.028µs (0.0s, ETA 0.9h)
  [2537/2940] parity5_s1_AxisAligned_d7: acc=0.428571 train=0.0s best=0.028µs (0.0s, ETA 0.8h)
  [2538/2940] parity5_s1_AxisAligned_d8: acc=0.428571 train=0.0s best=0.026µs (0.0s, ETA 0.8h)
  [2539/2940] parity5_s1_AxisAligned_d10: acc=0.428571 train=0.0s best=0.026µs (0.0s, ETA 0.8h)
  [2540/2940] parity5_s1_Oblique_d3: acc=0.428571 train=0.0s best=0.177µs (0.0s, ETA 0.8h)
  [2541/2940] parity5_s1_Oblique_d4: acc=0.285714 train=0.0s best=0.141µs (0.0s, ETA 0.8h)
  [2542/2940] parity5_s1_Oblique_d5: acc=0.428571 train=0.0s best=0.160µs (0.0s, ETA 0.8h)
  [2543/2940] parity5_s1_Oblique_d6: acc=0.428571 train=0.0s best=0.158µs (0.0s, ETA 0.8h)
  [2544/2940] parity5_s1_Oblique_d8: acc=0.428571 train=0.0s best=0.157µs (0.0s, ETA 0.8h)
  [2545/2940] parity5_s2_AxisAligned_d3: acc=0.0 train=0.0s best=0.077µs (0.0s, ETA 0.8h)
  [2546/2940] parity5_s2_AxisAligned_d4: acc=0.0 train=0.0s best=0.076µs (0.0s, ETA 0.8h)
  [2547/2940] parity5_s2_AxisAligned_d5: acc=0.0 train=0.0s best=0.076µs (0.0s, ETA 0.8h)
  [2548/2940] parity5_s2_AxisAligned_d6: acc=0.0 train=0.0s best=0.077µs (0.0s, ETA 0.8h)
  [2549/2940] parity5_s2_AxisAligned_d7: acc=0.0 train=0.0s best=0.077µs (0.0s, ETA 0.8h)
  [2550/2940] parity5_s2_AxisAligned_d8: acc=0.0 train=0.0s best=0.077µs (0.0s, ETA 0.8h)
  [2551/2940] parity5_s2_AxisAligned_d10: acc=0.0 train=0.0s best=0.077µs (0.0s, ETA 0.8h)
  [2552/2940] parity5_s2_Oblique_d3: acc=0.142857 train=0.0s best=0.128µs (0.0s, ETA 0.8h)
  [2553/2940] parity5_s2_Oblique_d4: acc=0.142857 train=0.0s best=0.156µs (0.0s, ETA 0.8h)
  [2554/2940] parity5_s2_Oblique_d5: acc=0.142857 train=0.0s best=0.148µs (0.0s, ETA 0.8h)
  [2555/2940] parity5_s2_Oblique_d6: acc=0.142857 train=0.0s best=0.149µs (0.0s, ETA 0.8h)
  [2556/2940] parity5_s2_Oblique_d8: acc=0.142857 train=0.0s best=0.148µs (0.0s, ETA 0.8h)
  [2557/2940] parity5_s3_AxisAligned_d3: acc=0.285714 train=0.0s best=0.031µs (0.0s, ETA 0.8h)
  [2558/2940] parity5_s3_AxisAligned_d4: acc=0.285714 train=0.0s best=0.032µs (0.0s, ETA 0.8h)
  [2559/2940] parity5_s3_AxisAligned_d5: acc=0.285714 train=0.0s best=0.035µs (0.0s, ETA 0.8h)
  [2560/2940] parity5_s3_AxisAligned_d6: acc=0.285714 train=0.0s best=0.033µs (0.0s, ETA 0.8h)
  [2561/2940] parity5_s3_AxisAligned_d7: acc=0.285714 train=0.0s best=0.033µs (0.0s, ETA 0.8h)
  [2562/2940] parity5_s3_AxisAligned_d8: acc=0.285714 train=0.0s best=0.031µs (0.0s, ETA 0.8h)
  [2563/2940] parity5_s3_AxisAligned_d10: acc=0.285714 train=0.0s best=0.033µs (0.0s, ETA 0.8h)
  [2564/2940] parity5_s3_Oblique_d3: acc=0.285714 train=0.0s best=0.117µs (0.0s, ETA 0.8h)
  [2565/2940] parity5_s3_Oblique_d4: acc=0.142857 train=0.0s best=0.113µs (0.0s, ETA 0.8h)
  [2566/2940] parity5_s3_Oblique_d5: acc=0.142857 train=0.0s best=0.114µs (0.0s, ETA 0.8h)
  [2567/2940] parity5_s3_Oblique_d6: acc=0.142857 train=0.0s best=0.116µs (0.0s, ETA 0.8h)
  [2568/2940] parity5_s3_Oblique_d8: acc=0.142857 train=0.0s best=0.115µs (0.0s, ETA 0.8h)
  [2569/2940] parity5_s4_AxisAligned_d3: acc=0.285714 train=0.0s best=0.029µs (0.0s, ETA 0.8h)
  [2570/2940] parity5_s4_AxisAligned_d4: acc=0.285714 train=0.0s best=0.028µs (0.0s, ETA 0.8h)
  [2571/2940] parity5_s4_AxisAligned_d5: acc=0.285714 train=0.0s best=0.029µs (0.0s, ETA 0.8h)
  [2572/2940] parity5_s4_AxisAligned_d6: acc=0.285714 train=0.0s best=0.030µs (0.0s, ETA 0.8h)
  [2573/2940] parity5_s4_AxisAligned_d7: acc=0.285714 train=0.0s best=0.029µs (0.0s, ETA 0.8h)
  [2574/2940] parity5_s4_AxisAligned_d8: acc=0.285714 train=0.0s best=0.030µs (0.0s, ETA 0.8h)
  [2575/2940] parity5_s4_AxisAligned_d10: acc=0.285714 train=0.0s best=0.028µs (0.0s, ETA 0.8h)
  [2576/2940] parity5_s4_Oblique_d3: acc=0.285714 train=0.0s best=0.123µs (0.0s, ETA 0.8h)
  [2577/2940] parity5_s4_Oblique_d4: acc=0.285714 train=0.0s best=0.137µs (0.0s, ETA 0.8h)
  [2578/2940] parity5_s4_Oblique_d5: acc=0.142857 train=0.0s best=0.172µs (0.0s, ETA 0.8h)
  [2579/2940] parity5_s4_Oblique_d6: acc=0.142857 train=0.0s best=0.170µs (0.0s, ETA 0.7h)
  [2580/2940] parity5_s4_Oblique_d8: acc=0.142857 train=0.0s best=0.171µs (0.0s, ETA 0.7h)

=== Dataset parity5+5 (pmlb:parity5+5) shape=(1124, 11) regime=parity ===
  [2581/2940] parity5+5_s0_AxisAligned_d3: acc=0.493333 train=0.0s best=0.034µs (0.1s, ETA 0.7h)
  [2582/2940] parity5+5_s0_AxisAligned_d4: acc=0.435556 train=0.0s best=0.047µs (0.1s, ETA 0.7h)
  [2583/2940] parity5+5_s0_AxisAligned_d5: acc=0.337778 train=0.0s best=0.075µs (0.1s, ETA 0.7h)
  [2584/2940] parity5+5_s0_AxisAligned_d6: acc=1.0 train=0.1s best=0.428µs (0.2s, ETA 0.7h)
  [2585/2940] parity5+5_s0_AxisAligned_d7: acc=1.0 train=0.2s best=0.460µs (0.3s, ETA 0.7h)
  [2586/2940] parity5+5_s0_AxisAligned_d8: acc=1.0 train=0.4s best=1.958µs (0.5s, ETA 0.7h)
  [2587/2940] parity5+5_s0_AxisAligned_d10: acc=1.0 train=0.6s best=1.754µs (0.8s, ETA 0.7h)
  [2588/2940] parity5+5_s0_Oblique_d3: acc=0.857778 train=0.1s best=1.802µs (0.1s, ETA 0.7h)
  [2589/2940] parity5+5_s0_Oblique_d4: acc=0.928889 train=0.1s best=3.060µs (0.2s, ETA 0.7h)
  [2590/2940] parity5+5_s0_Oblique_d5: acc=1.0 train=0.1s best=5.018µs (0.2s, ETA 0.7h)
  [2591/2940] parity5+5_s0_Oblique_d6: acc=1.0 train=0.2s best=6.791µs (0.3s, ETA 0.7h)
  [2592/2940] parity5+5_s0_Oblique_d8: acc=1.0 train=0.4s best=10.845µs (0.5s, ETA 0.7h)
  [2593/2940] parity5+5_s1_AxisAligned_d3: acc=0.426667 train=0.0s best=0.034µs (0.1s, ETA 0.7h)
  [2594/2940] parity5+5_s1_AxisAligned_d4: acc=0.355556 train=0.0s best=0.043µs (0.1s, ETA 0.7h)
  [2595/2940] parity5+5_s1_AxisAligned_d5: acc=0.36 train=0.0s best=0.056µs (0.1s, ETA 0.7h)
  [2596/2940] parity5+5_s1_AxisAligned_d6: acc=0.866667 train=0.1s best=0.445µs (0.2s, ETA 0.7h)
  [2597/2940] parity5+5_s1_AxisAligned_d7: acc=1.0 train=0.2s best=0.445µs (0.3s, ETA 0.7h)
  [2598/2940] parity5+5_s1_AxisAligned_d8: acc=1.0 train=0.4s best=2.021µs (0.5s, ETA 0.7h)
  [2599/2940] parity5+5_s1_AxisAligned_d10: acc=0.995556 train=0.6s best=2.910µs (0.8s, ETA 0.7h)
  [2600/2940] parity5+5_s1_Oblique_d3: acc=0.56 train=0.0s best=0.303µs (0.1s, ETA 0.7h)
  [2601/2940] parity5+5_s1_Oblique_d4: acc=0.924444 train=0.1s best=3.076µs (0.2s, ETA 0.7h)
  [2602/2940] parity5+5_s1_Oblique_d5: acc=0.995556 train=0.1s best=4.950µs (0.2s, ETA 0.7h)
  [2603/2940] parity5+5_s1_Oblique_d6: acc=1.0 train=0.2s best=6.914µs (0.3s, ETA 0.7h)
  [2604/2940] parity5+5_s1_Oblique_d8: acc=1.0 train=0.4s best=10.601µs (0.5s, ETA 0.7h)
  [2605/2940] parity5+5_s2_AxisAligned_d3: acc=0.386667 train=0.0s best=0.033µs (0.1s, ETA 0.7h)
  [2606/2940] parity5+5_s2_AxisAligned_d4: acc=0.346667 train=0.0s best=0.048µs (0.1s, ETA 0.7h)
  [2607/2940] parity5+5_s2_AxisAligned_d5: acc=0.346667 train=0.0s best=0.058µs (0.1s, ETA 0.7h)
  [2608/2940] parity5+5_s2_AxisAligned_d6: acc=0.991111 train=0.1s best=0.287µs (0.2s, ETA 0.7h)
  [2609/2940] parity5+5_s2_AxisAligned_d7: acc=1.0 train=0.2s best=0.446µs (0.3s, ETA 0.7h)
  [2610/2940] parity5+5_s2_AxisAligned_d8: acc=1.0 train=0.4s best=1.638µs (0.5s, ETA 0.7h)
  [2611/2940] parity5+5_s2_AxisAligned_d10: acc=1.0 train=0.6s best=1.532µs (0.7s, ETA 0.7h)
  [2612/2940] parity5+5_s2_Oblique_d3: acc=0.537778 train=0.0s best=0.291µs (0.1s, ETA 0.7h)
  [2613/2940] parity5+5_s2_Oblique_d4: acc=0.991111 train=0.1s best=3.201µs (0.2s, ETA 0.7h)
  [2614/2940] parity5+5_s2_Oblique_d5: acc=1.0 train=0.2s best=5.022µs (0.2s, ETA 0.7h)
  [2615/2940] parity5+5_s2_Oblique_d6: acc=1.0 train=0.2s best=6.920µs (0.3s, ETA 0.7h)
  [2616/2940] parity5+5_s2_Oblique_d8: acc=1.0 train=0.5s best=10.816µs (0.6s, ETA 0.7h)
  [2617/2940] parity5+5_s3_AxisAligned_d3: acc=0.431111 train=0.0s best=0.034µs (0.1s, ETA 0.7h)
  [2618/2940] parity5+5_s3_AxisAligned_d4: acc=0.435556 train=0.0s best=0.050µs (0.1s, ETA 0.7h)
  [2619/2940] parity5+5_s3_AxisAligned_d5: acc=0.368889 train=0.0s best=0.070µs (0.1s, ETA 0.7h)
  [2620/2940] parity5+5_s3_AxisAligned_d6: acc=0.84 train=0.1s best=0.445µs (0.2s, ETA 0.7h)
  [2621/2940] parity5+5_s3_AxisAligned_d7: acc=1.0 train=0.2s best=0.461µs (0.3s, ETA 0.7h)
  [2622/2940] parity5+5_s3_AxisAligned_d8: acc=1.0 train=0.4s best=2.469µs (0.5s, ETA 0.6h)
  [2623/2940] parity5+5_s3_AxisAligned_d10: acc=1.0 train=0.7s best=2.417µs (0.8s, ETA 0.6h)
  [2624/2940] parity5+5_s3_Oblique_d3: acc=0.488889 train=0.0s best=0.521µs (0.1s, ETA 0.6h)
  [2625/2940] parity5+5_s3_Oblique_d4: acc=0.893333 train=0.1s best=3.135µs (0.2s, ETA 0.6h)
  [2626/2940] parity5+5_s3_Oblique_d5: acc=1.0 train=0.1s best=4.755µs (0.2s, ETA 0.6h)
  [2627/2940] parity5+5_s3_Oblique_d6: acc=1.0 train=0.2s best=6.910µs (0.3s, ETA 0.6h)
  [2628/2940] parity5+5_s3_Oblique_d8: acc=1.0 train=0.4s best=10.697µs (0.5s, ETA 0.6h)
  [2629/2940] parity5+5_s4_AxisAligned_d3: acc=0.448889 train=0.0s best=0.035µs (0.1s, ETA 0.6h)
  [2630/2940] parity5+5_s4_AxisAligned_d4: acc=0.417778 train=0.0s best=0.047µs (0.1s, ETA 0.6h)
  [2631/2940] parity5+5_s4_AxisAligned_d5: acc=0.342222 train=0.0s best=0.071µs (0.1s, ETA 0.6h)
  [2632/2940] parity5+5_s4_AxisAligned_d6: acc=0.44 train=0.1s best=0.096µs (0.1s, ETA 0.6h)
  [2633/2940] parity5+5_s4_AxisAligned_d7: acc=1.0 train=0.2s best=0.411µs (0.3s, ETA 0.6h)
  [2634/2940] parity5+5_s4_AxisAligned_d8: acc=1.0 train=0.4s best=1.783µs (0.5s, ETA 0.6h)
  [2635/2940] parity5+5_s4_AxisAligned_d10: acc=1.0 train=0.7s best=2.125µs (0.8s, ETA 0.6h)
  [2636/2940] parity5+5_s4_Oblique_d3: acc=0.515556 train=0.0s best=0.150µs (0.1s, ETA 0.6h)
  [2637/2940] parity5+5_s4_Oblique_d4: acc=0.875556 train=0.1s best=3.120µs (0.2s, ETA 0.6h)
  [2638/2940] parity5+5_s4_Oblique_d5: acc=1.0 train=0.1s best=5.093µs (0.2s, ETA 0.6h)
  [2639/2940] parity5+5_s4_Oblique_d6: acc=1.0 train=0.2s best=7.056µs (0.3s, ETA 0.6h)
  [2640/2940] parity5+5_s4_Oblique_d8: acc=1.0 train=0.4s best=10.986µs (0.5s, ETA 0.6h)
  fetching PMLB mux6 ...

=== Dataset mux6 (pmlb:mux6) shape=(128, 7) regime=parity ===
  [2641/2940] mux6_s0_AxisAligned_d3: acc=0.884615 train=0.0s best=0.161µs (0.1s, ETA 0.6h)
  [2642/2940] mux6_s0_AxisAligned_d4: acc=1.0 train=0.0s best=0.304µs (0.1s, ETA 0.6h)
  [2643/2940] mux6_s0_AxisAligned_d5: acc=1.0 train=0.1s best=0.345µs (0.1s, ETA 0.6h)
  [2644/2940] mux6_s0_AxisAligned_d6: acc=1.0 train=0.1s best=0.336µs (0.1s, ETA 0.6h)
  [2645/2940] mux6_s0_AxisAligned_d7: acc=1.0 train=0.1s best=0.302µs (0.1s, ETA 0.6h)
  [2646/2940] mux6_s0_AxisAligned_d8: acc=1.0 train=0.1s best=0.322µs (0.1s, ETA 0.6h)
  [2647/2940] mux6_s0_AxisAligned_d10: acc=1.0 train=0.1s best=0.402µs (0.1s, ETA 0.6h)
  [2648/2940] mux6_s0_Oblique_d3: acc=1.0 train=0.0s best=1.201µs (0.1s, ETA 0.6h)
  [2649/2940] mux6_s0_Oblique_d4: acc=1.0 train=0.0s best=2.067µs (0.1s, ETA 0.6h)
  [2650/2940] mux6_s0_Oblique_d5: acc=1.0 train=0.1s best=2.878µs (0.1s, ETA 0.6h)
  [2651/2940] mux6_s0_Oblique_d6: acc=1.0 train=0.1s best=3.863µs (0.1s, ETA 0.6h)
  [2652/2940] mux6_s0_Oblique_d8: acc=1.0 train=0.1s best=5.281µs (0.1s, ETA 0.6h)
  [2653/2940] mux6_s1_AxisAligned_d3: acc=0.846154 train=0.0s best=0.150µs (0.1s, ETA 0.6h)
  [2654/2940] mux6_s1_AxisAligned_d4: acc=1.0 train=0.0s best=0.258µs (0.1s, ETA 0.6h)
  [2655/2940] mux6_s1_AxisAligned_d5: acc=1.0 train=0.1s best=0.270µs (0.1s, ETA 0.6h)
  [2656/2940] mux6_s1_AxisAligned_d6: acc=1.0 train=0.1s best=0.272µs (0.1s, ETA 0.6h)
  [2657/2940] mux6_s1_AxisAligned_d7: acc=1.0 train=0.1s best=0.271µs (0.1s, ETA 0.6h)
  [2658/2940] mux6_s1_AxisAligned_d8: acc=1.0 train=0.1s best=0.291µs (0.1s, ETA 0.6h)
  [2659/2940] mux6_s1_AxisAligned_d10: acc=1.0 train=0.1s best=0.273µs (0.1s, ETA 0.6h)
  [2660/2940] mux6_s1_Oblique_d3: acc=1.0 train=0.0s best=1.268µs (0.1s, ETA 0.6h)
  [2661/2940] mux6_s1_Oblique_d4: acc=1.0 train=0.0s best=1.956µs (0.1s, ETA 0.6h)
  [2662/2940] mux6_s1_Oblique_d5: acc=1.0 train=0.1s best=3.291µs (0.1s, ETA 0.6h)
  [2663/2940] mux6_s1_Oblique_d6: acc=1.0 train=0.1s best=4.434µs (0.1s, ETA 0.6h)
  [2664/2940] mux6_s1_Oblique_d8: acc=1.0 train=0.1s best=5.734µs (0.1s, ETA 0.6h)
  [2665/2940] mux6_s2_AxisAligned_d3: acc=0.807692 train=0.0s best=0.059µs (0.0s, ETA 0.6h)
  [2666/2940] mux6_s2_AxisAligned_d4: acc=1.0 train=0.0s best=0.214µs (0.1s, ETA 0.5h)
  [2667/2940] mux6_s2_AxisAligned_d5: acc=1.0 train=0.1s best=0.267µs (0.1s, ETA 0.5h)
  [2668/2940] mux6_s2_AxisAligned_d6: acc=1.0 train=0.1s best=0.307µs (0.1s, ETA 0.5h)
  [2669/2940] mux6_s2_AxisAligned_d7: acc=1.0 train=0.1s best=0.263µs (0.1s, ETA 0.5h)
  [2670/2940] mux6_s2_AxisAligned_d8: acc=1.0 train=0.1s best=0.287µs (0.1s, ETA 0.5h)
  [2671/2940] mux6_s2_AxisAligned_d10: acc=1.0 train=0.1s best=0.264µs (0.1s, ETA 0.5h)
  [2672/2940] mux6_s2_Oblique_d3: acc=1.0 train=0.0s best=1.260µs (0.1s, ETA 0.5h)
  [2673/2940] mux6_s2_Oblique_d4: acc=1.0 train=0.0s best=2.173µs (0.1s, ETA 0.5h)
  [2674/2940] mux6_s2_Oblique_d5: acc=1.0 train=0.1s best=3.259µs (0.1s, ETA 0.5h)
  [2675/2940] mux6_s2_Oblique_d6: acc=1.0 train=0.1s best=4.586µs (0.1s, ETA 0.5h)
  [2676/2940] mux6_s2_Oblique_d8: acc=1.0 train=0.1s best=5.928µs (0.1s, ETA 0.5h)
  [2677/2940] mux6_s3_AxisAligned_d3: acc=0.846154 train=0.0s best=0.170µs (0.1s, ETA 0.5h)
  [2678/2940] mux6_s3_AxisAligned_d4: acc=1.0 train=0.0s best=0.242µs (0.1s, ETA 0.5h)
  [2679/2940] mux6_s3_AxisAligned_d5: acc=0.923077 train=0.1s best=0.291µs (0.1s, ETA 0.5h)
  [2680/2940] mux6_s3_AxisAligned_d6: acc=0.923077 train=0.1s best=0.291µs (0.1s, ETA 0.5h)
  [2681/2940] mux6_s3_AxisAligned_d7: acc=0.923077 train=0.1s best=0.291µs (0.1s, ETA 0.5h)
  [2682/2940] mux6_s3_AxisAligned_d8: acc=0.923077 train=0.1s best=0.314µs (0.1s, ETA 0.5h)
  [2683/2940] mux6_s3_AxisAligned_d10: acc=0.923077 train=0.1s best=0.291µs (0.1s, ETA 0.5h)
  [2684/2940] mux6_s3_Oblique_d3: acc=1.0 train=0.0s best=1.221µs (0.1s, ETA 0.5h)
  [2685/2940] mux6_s3_Oblique_d4: acc=1.0 train=0.0s best=2.268µs (0.1s, ETA 0.5h)
  [2686/2940] mux6_s3_Oblique_d5: acc=1.0 train=0.1s best=3.395µs (0.1s, ETA 0.5h)
  [2687/2940] mux6_s3_Oblique_d6: acc=1.0 train=0.1s best=4.335µs (0.1s, ETA 0.5h)
  [2688/2940] mux6_s3_Oblique_d8: acc=1.0 train=0.1s best=5.787µs (0.1s, ETA 0.5h)
  [2689/2940] mux6_s4_AxisAligned_d3: acc=0.884615 train=0.0s best=0.164µs (0.1s, ETA 0.5h)
  [2690/2940] mux6_s4_AxisAligned_d4: acc=1.0 train=0.0s best=0.250µs (0.1s, ETA 0.5h)
  [2691/2940] mux6_s4_AxisAligned_d5: acc=1.0 train=0.1s best=0.288µs (0.1s, ETA 0.5h)
  [2692/2940] mux6_s4_AxisAligned_d6: acc=1.0 train=0.1s best=0.289µs (0.1s, ETA 0.5h)
  [2693/2940] mux6_s4_AxisAligned_d7: acc=1.0 train=0.1s best=0.313µs (0.1s, ETA 0.5h)
  [2694/2940] mux6_s4_AxisAligned_d8: acc=1.0 train=0.1s best=0.288µs (0.1s, ETA 0.5h)
  [2695/2940] mux6_s4_AxisAligned_d10: acc=1.0 train=0.1s best=0.288µs (0.1s, ETA 0.5h)
  [2696/2940] mux6_s4_Oblique_d3: acc=1.0 train=0.0s best=1.352µs (0.1s, ETA 0.5h)
  [2697/2940] mux6_s4_Oblique_d4: acc=1.0 train=0.0s best=2.122µs (0.1s, ETA 0.5h)
  [2698/2940] mux6_s4_Oblique_d5: acc=1.0 train=0.1s best=3.163µs (0.1s, ETA 0.5h)
  [2699/2940] mux6_s4_Oblique_d6: acc=1.0 train=0.1s best=4.375µs (0.1s, ETA 0.5h)
  [2700/2940] mux6_s4_Oblique_d8: acc=1.0 train=0.1s best=5.659µs (0.1s, ETA 0.5h)
  fetching PMLB xd6 ...

=== Dataset xd6 (pmlb:xd6) shape=(973, 10) regime=parity ===
  [2701/2940] xd6_s0_AxisAligned_d3: acc=0.969231 train=0.0s best=0.189µs (0.1s, ETA 0.5h)
  [2702/2940] xd6_s0_AxisAligned_d4: acc=1.0 train=0.0s best=0.293µs (0.1s, ETA 0.5h)
  [2703/2940] xd6_s0_AxisAligned_d5: acc=1.0 train=0.1s best=0.390µs (0.1s, ETA 0.5h)
  [2704/2940] xd6_s0_AxisAligned_d6: acc=1.0 train=0.1s best=0.406µs (0.2s, ETA 0.5h)
  [2705/2940] xd6_s0_AxisAligned_d7: acc=1.0 train=0.2s best=0.428µs (0.3s, ETA 0.5h)
  [2706/2940] xd6_s0_AxisAligned_d8: acc=1.0 train=0.3s best=2.838µs (0.4s, ETA 0.5h)
  [2707/2940] xd6_s0_AxisAligned_d10: acc=1.0 train=0.5s best=2.839µs (0.6s, ETA 0.5h)
  [2708/2940] xd6_s0_Oblique_d3: acc=1.0 train=0.1s best=1.732µs (0.1s, ETA 0.5h)
  [2709/2940] xd6_s0_Oblique_d4: acc=1.0 train=0.1s best=3.248µs (0.1s, ETA 0.5h)
  [2710/2940] xd6_s0_Oblique_d5: acc=1.0 train=0.1s best=5.206µs (0.2s, ETA 0.5h)
  [2711/2940] xd6_s0_Oblique_d6: acc=1.0 train=0.2s best=7.328µs (0.3s, ETA 0.5h)
  [2712/2940] xd6_s0_Oblique_d8: acc=1.0 train=0.4s best=11.091µs (0.5s, ETA 0.4h)
  [2713/2940] xd6_s1_AxisAligned_d3: acc=0.958974 train=0.0s best=0.186µs (0.1s, ETA 0.4h)
  [2714/2940] xd6_s1_AxisAligned_d4: acc=1.0 train=0.0s best=0.298µs (0.1s, ETA 0.4h)
  [2715/2940] xd6_s1_AxisAligned_d5: acc=1.0 train=0.1s best=0.383µs (0.1s, ETA 0.4h)
  [2716/2940] xd6_s1_AxisAligned_d6: acc=1.0 train=0.1s best=0.409µs (0.2s, ETA 0.4h)
  [2717/2940] xd6_s1_AxisAligned_d7: acc=1.0 train=0.2s best=0.412µs (0.3s, ETA 0.4h)
  [2718/2940] xd6_s1_AxisAligned_d8: acc=1.0 train=0.3s best=2.720µs (0.4s, ETA 0.4h)
  [2719/2940] xd6_s1_AxisAligned_d10: acc=1.0 train=0.4s best=2.728µs (0.6s, ETA 0.4h)
  [2720/2940] xd6_s1_Oblique_d3: acc=1.0 train=0.1s best=1.711µs (0.1s, ETA 0.4h)
  [2721/2940] xd6_s1_Oblique_d4: acc=1.0 train=0.1s best=3.257µs (0.1s, ETA 0.4h)
  [2722/2940] xd6_s1_Oblique_d5: acc=1.0 train=0.1s best=5.143µs (0.2s, ETA 0.4h)
  [2723/2940] xd6_s1_Oblique_d6: acc=1.0 train=0.2s best=7.362µs (0.3s, ETA 0.4h)
  [2724/2940] xd6_s1_Oblique_d8: acc=1.0 train=0.4s best=10.871µs (0.5s, ETA 0.4h)
  [2725/2940] xd6_s2_AxisAligned_d3: acc=0.989744 train=0.0s best=0.184µs (0.1s, ETA 0.4h)
  [2726/2940] xd6_s2_AxisAligned_d4: acc=1.0 train=0.0s best=0.314µs (0.1s, ETA 0.4h)
  [2727/2940] xd6_s2_AxisAligned_d5: acc=1.0 train=0.1s best=0.391µs (0.1s, ETA 0.4h)
  [2728/2940] xd6_s2_AxisAligned_d6: acc=0.994872 train=0.1s best=0.438µs (0.2s, ETA 0.4h)
  [2729/2940] xd6_s2_AxisAligned_d7: acc=1.0 train=0.2s best=0.404µs (0.3s, ETA 0.4h)
  [2730/2940] xd6_s2_AxisAligned_d8: acc=0.994872 train=0.3s best=1.341µs (0.3s, ETA 0.4h)
  [2731/2940] xd6_s2_AxisAligned_d10: acc=0.994872 train=0.4s best=1.343µs (0.5s, ETA 0.4h)
  [2732/2940] xd6_s2_Oblique_d3: acc=1.0 train=0.1s best=1.778µs (0.1s, ETA 0.4h)
  [2733/2940] xd6_s2_Oblique_d4: acc=1.0 train=0.1s best=3.098µs (0.1s, ETA 0.4h)
  [2734/2940] xd6_s2_Oblique_d5: acc=1.0 train=0.1s best=5.060µs (0.2s, ETA 0.4h)
  [2735/2940] xd6_s2_Oblique_d6: acc=1.0 train=0.2s best=7.214µs (0.3s, ETA 0.4h)
  [2736/2940] xd6_s2_Oblique_d8: acc=1.0 train=0.4s best=10.716µs (0.5s, ETA 0.4h)
  [2737/2940] xd6_s3_AxisAligned_d3: acc=0.974359 train=0.0s best=0.191µs (0.1s, ETA 0.4h)
  [2738/2940] xd6_s3_AxisAligned_d4: acc=1.0 train=0.0s best=0.300µs (0.1s, ETA 0.4h)
  [2739/2940] xd6_s3_AxisAligned_d5: acc=1.0 train=0.1s best=0.400µs (0.1s, ETA 0.4h)
  [2740/2940] xd6_s3_AxisAligned_d6: acc=1.0 train=0.1s best=0.429µs (0.2s, ETA 0.4h)
  [2741/2940] xd6_s3_AxisAligned_d7: acc=1.0 train=0.2s best=0.414µs (0.3s, ETA 0.4h)
  [2742/2940] xd6_s3_AxisAligned_d8: acc=1.0 train=0.3s best=3.197µs (0.4s, ETA 0.4h)
  [2743/2940] xd6_s3_AxisAligned_d10: acc=1.0 train=0.5s best=3.180µs (0.6s, ETA 0.4h)
  [2744/2940] xd6_s3_Oblique_d3: acc=1.0 train=0.1s best=1.826µs (0.1s, ETA 0.4h)
  [2745/2940] xd6_s3_Oblique_d4: acc=1.0 train=0.1s best=3.245µs (0.1s, ETA 0.4h)
  [2746/2940] xd6_s3_Oblique_d5: acc=1.0 train=0.1s best=5.187µs (0.2s, ETA 0.4h)
  [2747/2940] xd6_s3_Oblique_d6: acc=1.0 train=0.2s best=7.445µs (0.3s, ETA 0.4h)
  [2748/2940] xd6_s3_Oblique_d8: acc=1.0 train=0.4s best=11.200µs (0.6s, ETA 0.4h)
  [2749/2940] xd6_s4_AxisAligned_d3: acc=0.953846 train=0.0s best=0.187µs (0.1s, ETA 0.4h)
  [2750/2940] xd6_s4_AxisAligned_d4: acc=1.0 train=0.0s best=0.310µs (0.1s, ETA 0.4h)
  [2751/2940] xd6_s4_AxisAligned_d5: acc=1.0 train=0.1s best=0.395µs (0.1s, ETA 0.4h)
  [2752/2940] xd6_s4_AxisAligned_d6: acc=0.989744 train=0.1s best=0.422µs (0.2s, ETA 0.4h)
  [2753/2940] xd6_s4_AxisAligned_d7: acc=1.0 train=0.2s best=0.420µs (0.3s, ETA 0.4h)
  [2754/2940] xd6_s4_AxisAligned_d8: acc=1.0 train=0.3s best=2.501µs (0.4s, ETA 0.4h)
  [2755/2940] xd6_s4_AxisAligned_d10: acc=1.0 train=0.4s best=2.507µs (0.5s, ETA 0.4h)
  [2756/2940] xd6_s4_Oblique_d3: acc=1.0 train=0.1s best=1.878µs (0.1s, ETA 0.4h)
  [2757/2940] xd6_s4_Oblique_d4: acc=1.0 train=0.1s best=3.345µs (0.1s, ETA 0.4h)
  [2758/2940] xd6_s4_Oblique_d5: acc=1.0 train=0.1s best=5.239µs (0.2s, ETA 0.4h)
  [2759/2940] xd6_s4_Oblique_d6: acc=1.0 train=0.2s best=7.501µs (0.3s, ETA 0.4h)
  [2760/2940] xd6_s4_Oblique_d8: acc=1.0 train=0.4s best=10.968µs (0.6s, ETA 0.3h)
  fetching PMLB corral ...

=== Dataset corral (pmlb:corral) shape=(160, 7) regime=parity ===
  [2761/2940] corral_s0_AxisAligned_d3: acc=1.0 train=0.0s best=0.222µs (0.1s, ETA 0.3h)
  [2762/2940] corral_s0_AxisAligned_d4: acc=1.0 train=0.0s best=0.223µs (0.1s, ETA 0.3h)
  [2763/2940] corral_s0_AxisAligned_d5: acc=1.0 train=0.1s best=0.287µs (0.1s, ETA 0.3h)
  [2764/2940] corral_s0_AxisAligned_d6: acc=1.0 train=0.1s best=0.295µs (0.1s, ETA 0.3h)
  [2765/2940] corral_s0_AxisAligned_d7: acc=1.0 train=0.1s best=0.277µs (0.1s, ETA 0.3h)
  [2766/2940] corral_s0_AxisAligned_d8: acc=1.0 train=0.1s best=0.319µs (0.1s, ETA 0.3h)
  [2767/2940] corral_s0_AxisAligned_d10: acc=1.0 train=0.1s best=0.276µs (0.1s, ETA 0.3h)
  [2768/2940] corral_s0_Oblique_d3: acc=1.0 train=0.0s best=1.341µs (0.1s, ETA 0.3h)
  [2769/2940] corral_s0_Oblique_d4: acc=1.0 train=0.0s best=2.613µs (0.1s, ETA 0.3h)
  [2770/2940] corral_s0_Oblique_d5: acc=1.0 train=0.1s best=3.589µs (0.1s, ETA 0.3h)
  [2771/2940] corral_s0_Oblique_d6: acc=1.0 train=0.1s best=4.623µs (0.1s, ETA 0.3h)
  [2772/2940] corral_s0_Oblique_d8: acc=1.0 train=0.1s best=5.887µs (0.1s, ETA 0.3h)
  [2773/2940] corral_s1_AxisAligned_d3: acc=1.0 train=0.0s best=0.161µs (0.1s, ETA 0.3h)
  [2774/2940] corral_s1_AxisAligned_d4: acc=1.0 train=0.0s best=0.209µs (0.1s, ETA 0.3h)
  [2775/2940] corral_s1_AxisAligned_d5: acc=1.0 train=0.1s best=0.238µs (0.1s, ETA 0.3h)
  [2776/2940] corral_s1_AxisAligned_d6: acc=1.0 train=0.1s best=0.238µs (0.1s, ETA 0.3h)
  [2777/2940] corral_s1_AxisAligned_d7: acc=1.0 train=0.1s best=0.239µs (0.1s, ETA 0.3h)
  [2778/2940] corral_s1_AxisAligned_d8: acc=1.0 train=0.1s best=0.301µs (0.1s, ETA 0.3h)
  [2779/2940] corral_s1_AxisAligned_d10: acc=1.0 train=0.1s best=0.240µs (0.1s, ETA 0.3h)
  [2780/2940] corral_s1_Oblique_d3: acc=1.0 train=0.0s best=1.261µs (0.1s, ETA 0.3h)
  [2781/2940] corral_s1_Oblique_d4: acc=1.0 train=0.0s best=2.267µs (0.1s, ETA 0.3h)
  [2782/2940] corral_s1_Oblique_d5: acc=1.0 train=0.1s best=3.502µs (0.1s, ETA 0.3h)
  [2783/2940] corral_s1_Oblique_d6: acc=1.0 train=0.1s best=4.595µs (0.1s, ETA 0.3h)
  [2784/2940] corral_s1_Oblique_d8: acc=1.0 train=0.1s best=6.059µs (0.1s, ETA 0.3h)
  [2785/2940] corral_s2_AxisAligned_d3: acc=1.0 train=0.0s best=0.181µs (0.1s, ETA 0.3h)
  [2786/2940] corral_s2_AxisAligned_d4: acc=1.0 train=0.0s best=0.212µs (0.1s, ETA 0.3h)
  [2787/2940] corral_s2_AxisAligned_d5: acc=1.0 train=0.1s best=0.243µs (0.1s, ETA 0.3h)
  [2788/2940] corral_s2_AxisAligned_d6: acc=1.0 train=0.1s best=0.278µs (0.1s, ETA 0.3h)
  [2789/2940] corral_s2_AxisAligned_d7: acc=1.0 train=0.1s best=0.277µs (0.1s, ETA 0.3h)
  [2790/2940] corral_s2_AxisAligned_d8: acc=1.0 train=0.1s best=0.317µs (0.1s, ETA 0.3h)
  [2791/2940] corral_s2_AxisAligned_d10: acc=1.0 train=0.1s best=0.278µs (0.1s, ETA 0.3h)
  [2792/2940] corral_s2_Oblique_d3: acc=1.0 train=0.0s best=1.449µs (0.1s, ETA 0.3h)
  [2793/2940] corral_s2_Oblique_d4: acc=1.0 train=0.0s best=2.413µs (0.1s, ETA 0.3h)
  [2794/2940] corral_s2_Oblique_d5: acc=1.0 train=0.1s best=3.717µs (0.1s, ETA 0.3h)
  [2795/2940] corral_s2_Oblique_d6: acc=1.0 train=0.1s best=5.277µs (0.1s, ETA 0.3h)
  [2796/2940] corral_s2_Oblique_d8: acc=1.0 train=0.1s best=6.834µs (0.2s, ETA 0.3h)
  [2797/2940] corral_s3_AxisAligned_d3: acc=1.0 train=0.0s best=0.167µs (0.1s, ETA 0.3h)
  [2798/2940] corral_s3_AxisAligned_d4: acc=1.0 train=0.0s best=0.211µs (0.1s, ETA 0.3h)
  [2799/2940] corral_s3_AxisAligned_d5: acc=1.0 train=0.1s best=0.283µs (0.1s, ETA 0.3h)
  [2800/2940] corral_s3_AxisAligned_d6: acc=1.0 train=0.1s best=0.286µs (0.1s, ETA 0.3h)
  [2801/2940] corral_s3_AxisAligned_d7: acc=1.0 train=0.1s best=0.323µs (0.1s, ETA 0.3h)
  [2802/2940] corral_s3_AxisAligned_d8: acc=1.0 train=0.1s best=0.302µs (0.1s, ETA 0.3h)
  [2803/2940] corral_s3_AxisAligned_d10: acc=1.0 train=0.1s best=0.285µs (0.1s, ETA 0.3h)
  [2804/2940] corral_s3_Oblique_d3: acc=1.0 train=0.0s best=1.493µs (0.1s, ETA 0.3h)
  [2805/2940] corral_s3_Oblique_d4: acc=1.0 train=0.0s best=2.635µs (0.1s, ETA 0.3h)
  [2806/2940] corral_s3_Oblique_d5: acc=1.0 train=0.1s best=3.990µs (0.1s, ETA 0.3h)
  [2807/2940] corral_s3_Oblique_d6: acc=1.0 train=0.1s best=5.202µs (0.1s, ETA 0.3h)
  [2808/2940] corral_s3_Oblique_d8: acc=1.0 train=0.1s best=6.577µs (0.1s, ETA 0.3h)
  [2809/2940] corral_s4_AxisAligned_d3: acc=1.0 train=0.0s best=0.181µs (0.1s, ETA 0.2h)
  [2810/2940] corral_s4_AxisAligned_d4: acc=1.0 train=0.0s best=0.236µs (0.1s, ETA 0.2h)
  [2811/2940] corral_s4_AxisAligned_d5: acc=1.0 train=0.1s best=0.336µs (0.1s, ETA 0.2h)
  [2812/2940] corral_s4_AxisAligned_d6: acc=1.0 train=0.1s best=0.308µs (0.1s, ETA 0.2h)
  [2813/2940] corral_s4_AxisAligned_d7: acc=1.0 train=0.1s best=0.291µs (0.1s, ETA 0.2h)
  [2814/2940] corral_s4_AxisAligned_d8: acc=1.0 train=0.1s best=0.290µs (0.1s, ETA 0.2h)
  [2815/2940] corral_s4_AxisAligned_d10: acc=1.0 train=0.1s best=0.302µs (0.1s, ETA 0.2h)
  [2816/2940] corral_s4_Oblique_d3: acc=1.0 train=0.0s best=1.387µs (0.1s, ETA 0.2h)
  [2817/2940] corral_s4_Oblique_d4: acc=1.0 train=0.0s best=2.616µs (0.1s, ETA 0.2h)
  [2818/2940] corral_s4_Oblique_d5: acc=1.0 train=0.1s best=4.110µs (0.1s, ETA 0.2h)
  [2819/2940] corral_s4_Oblique_d6: acc=1.0 train=0.1s best=5.263µs (0.1s, ETA 0.2h)
  [2820/2940] corral_s4_Oblique_d8: acc=1.0 train=0.1s best=6.325µs (0.1s, ETA 0.2h)
  fetching PMLB twonorm ...

=== Dataset twonorm (pmlb:twonorm) shape=(7400, 21) regime=near-linear ===
  [2821/2940] twonorm_s0_AxisAligned_d3: acc=0.961486 train=0.1s best=0.346µs (0.4s, ETA 0.2h)
  [2822/2940] twonorm_s0_AxisAligned_d4: acc=0.968919 train=0.2s best=0.498µs (0.5s, ETA 0.2h)
  [2823/2940] twonorm_s0_AxisAligned_d5: acc=0.966216 train=0.2s best=0.767µs (0.6s, ETA 0.2h)
  [2824/2940] twonorm_s0_AxisAligned_d6: acc=0.965541 train=0.4s best=1.308µs (0.8s, ETA 0.2h)
  [2825/2940] twonorm_s0_AxisAligned_d7: acc=0.964865 train=0.5s best=2.227µs (1.1s, ETA 0.2h)
  [2826/2940] twonorm_s0_AxisAligned_d8: acc=0.965541 train=0.8s best=3.097µs (1.4s, ETA 0.2h)
  [2827/2940] twonorm_s0_AxisAligned_d10: acc=0.964865 train=1.7s best=3.978µs (2.4s, ETA 0.2h)
  [2828/2940] twonorm_s0_Oblique_d3: acc=0.972297 train=0.7s best=2.103µs (1.0s, ETA 0.2h)
  [2829/2940] twonorm_s0_Oblique_d4: acc=0.974324 train=1.1s best=2.986µs (1.5s, ETA 0.2h)
  [2830/2940] twonorm_s0_Oblique_d5: acc=0.972297 train=1.4s best=4.318µs (1.8s, ETA 0.2h)
  [2831/2940] twonorm_s0_Oblique_d6: acc=0.972297 train=1.9s best=5.703µs (2.3s, ETA 0.2h)
  [2832/2940] twonorm_s0_Oblique_d8: acc=0.975676 train=3.1s best=8.949µs (3.7s, ETA 0.2h)
  [2833/2940] twonorm_s1_AxisAligned_d3: acc=0.970946 train=0.1s best=0.346µs (0.4s, ETA 0.2h)
  [2834/2940] twonorm_s1_AxisAligned_d4: acc=0.969595 train=0.2s best=0.493µs (0.5s, ETA 0.2h)
  [2835/2940] twonorm_s1_AxisAligned_d5: acc=0.969595 train=0.2s best=0.765µs (0.6s, ETA 0.2h)
  [2836/2940] twonorm_s1_AxisAligned_d6: acc=0.970946 train=0.4s best=1.368µs (0.8s, ETA 0.2h)
  [2837/2940] twonorm_s1_AxisAligned_d7: acc=0.973649 train=0.5s best=2.313µs (1.1s, ETA 0.2h)
  [2838/2940] twonorm_s1_AxisAligned_d8: acc=0.972973 train=0.8s best=3.151µs (1.4s, ETA 0.2h)
  [2839/2940] twonorm_s1_AxisAligned_d10: acc=0.970946 train=1.7s best=4.069µs (2.4s, ETA 0.2h)
  [2840/2940] twonorm_s1_Oblique_d3: acc=0.975 train=0.7s best=2.150µs (1.0s, ETA 0.2h)
  [2841/2940] twonorm_s1_Oblique_d4: acc=0.979054 train=1.0s best=3.067µs (1.4s, ETA 0.2h)
  [2842/2940] twonorm_s1_Oblique_d5: acc=0.977027 train=1.4s best=4.340µs (1.8s, ETA 0.2h)
  [2843/2940] twonorm_s1_Oblique_d6: acc=0.977703 train=1.9s best=4.347µs (2.3s, ETA 0.2h)
  [2844/2940] twonorm_s1_Oblique_d8: acc=0.977703 train=2.9s best=5.297µs (3.3s, ETA 0.2h)
  [2845/2940] twonorm_s2_AxisAligned_d3: acc=0.964189 train=0.1s best=0.346µs (0.4s, ETA 0.2h)
  [2846/2940] twonorm_s2_AxisAligned_d4: acc=0.968243 train=0.2s best=0.502µs (0.5s, ETA 0.2h)
  [2847/2940] twonorm_s2_AxisAligned_d5: acc=0.972973 train=0.2s best=0.767µs (0.6s, ETA 0.2h)
  [2848/2940] twonorm_s2_AxisAligned_d6: acc=0.968919 train=0.4s best=1.279µs (0.8s, ETA 0.2h)
  [2849/2940] twonorm_s2_AxisAligned_d7: acc=0.970946 train=0.5s best=2.505µs (1.1s, ETA 0.2h)
  [2850/2940] twonorm_s2_AxisAligned_d8: acc=0.969595 train=0.8s best=3.135µs (1.3s, ETA 0.2h)
  [2851/2940] twonorm_s2_AxisAligned_d10: acc=0.969595 train=1.7s best=4.132µs (2.4s, ETA 0.2h)
  [2852/2940] twonorm_s2_Oblique_d3: acc=0.979054 train=0.7s best=2.139µs (1.0s, ETA 0.2h)
  [2853/2940] twonorm_s2_Oblique_d4: acc=0.975676 train=1.1s best=2.989µs (1.4s, ETA 0.2h)
  [2854/2940] twonorm_s2_Oblique_d5: acc=0.974324 train=1.4s best=4.402µs (1.8s, ETA 0.2h)
  [2855/2940] twonorm_s2_Oblique_d6: acc=0.977027 train=1.9s best=4.289µs (2.3s, ETA 0.2h)
  [2856/2940] twonorm_s2_Oblique_d8: acc=0.973649 train=2.9s best=5.287µs (3.4s, ETA 0.2h)
  [2857/2940] twonorm_s3_AxisAligned_d3: acc=0.968919 train=0.1s best=0.347µs (0.4s, ETA 0.2h)
  [2858/2940] twonorm_s3_AxisAligned_d4: acc=0.972297 train=0.2s best=0.498µs (0.5s, ETA 0.2h)
  [2859/2940] twonorm_s3_AxisAligned_d5: acc=0.969595 train=0.2s best=0.770µs (0.6s, ETA 0.2h)
  [2860/2940] twonorm_s3_AxisAligned_d6: acc=0.976351 train=0.4s best=1.280µs (0.8s, ETA 0.2h)
  [2861/2940] twonorm_s3_AxisAligned_d7: acc=0.974324 train=0.5s best=2.265µs (1.1s, ETA 0.1h)
  [2862/2940] twonorm_s3_AxisAligned_d8: acc=0.973649 train=0.8s best=3.165µs (1.3s, ETA 0.1h)
  [2863/2940] twonorm_s3_AxisAligned_d10: acc=0.972973 train=1.8s best=4.074µs (2.5s, ETA 0.1h)
  [2864/2940] twonorm_s3_Oblique_d3: acc=0.978378 train=0.7s best=1.966µs (1.0s, ETA 0.1h)
  [2865/2940] twonorm_s3_Oblique_d4: acc=0.977027 train=1.1s best=3.094µs (1.4s, ETA 0.1h)
  [2866/2940] twonorm_s3_Oblique_d5: acc=0.977027 train=1.4s best=4.236µs (1.8s, ETA 0.1h)
  [2867/2940] twonorm_s3_Oblique_d6: acc=0.972973 train=1.9s best=4.260µs (2.3s, ETA 0.1h)
  [2868/2940] twonorm_s3_Oblique_d8: acc=0.979054 train=2.7s best=4.777µs (3.1s, ETA 0.1h)
  [2869/2940] twonorm_s4_AxisAligned_d3: acc=0.966892 train=0.1s best=0.349µs (0.4s, ETA 0.1h)
  [2870/2940] twonorm_s4_AxisAligned_d4: acc=0.974324 train=0.2s best=0.499µs (0.5s, ETA 0.1h)
  [2871/2940] twonorm_s4_AxisAligned_d5: acc=0.972973 train=0.2s best=0.760µs (0.6s, ETA 0.1h)
  [2872/2940] twonorm_s4_AxisAligned_d6: acc=0.975 train=0.4s best=1.312µs (0.8s, ETA 0.1h)
  [2873/2940] twonorm_s4_AxisAligned_d7: acc=0.973649 train=0.5s best=2.414µs (1.1s, ETA 0.1h)
  [2874/2940] twonorm_s4_AxisAligned_d8: acc=0.972973 train=0.8s best=3.079µs (1.4s, ETA 0.1h)
  [2875/2940] twonorm_s4_AxisAligned_d10: acc=0.970946 train=1.8s best=3.597µs (2.4s, ETA 0.1h)
  [2876/2940] twonorm_s4_Oblique_d3: acc=0.974324 train=0.7s best=2.108µs (1.0s, ETA 0.1h)
  [2877/2940] twonorm_s4_Oblique_d4: acc=0.975676 train=1.0s best=2.909µs (1.4s, ETA 0.1h)
  [2878/2940] twonorm_s4_Oblique_d5: acc=0.975676 train=1.4s best=4.043µs (1.8s, ETA 0.1h)
  [2879/2940] twonorm_s4_Oblique_d6: acc=0.973649 train=1.9s best=4.819µs (2.3s, ETA 0.1h)
  [2880/2940] twonorm_s4_Oblique_d8: acc=0.973649 train=2.5s best=4.124µs (2.9s, ETA 0.1h)

=== Done. 2880/2940 configs (0 skipped, 1 failed). Wall: 5.4h ===
