Thread 125231834322624,,,,,,,,,,,,,Thread 125231842715328,,,,,,,,,,,,,Thread 125231851108032,,,,,,,,,,,,,Thread 125231934969536,,,,,,,,,,,,,Thread 125231943362240,,,,,,,,,,,,,Thread 125231951754944,,,,,,,,,,,,,Thread 125231960147648,,,,,,,,,,,,,Thread 125231968540352,,,,,,,,,,,,,Thread 125231976933056,,,,,,,,,,,,,Thread 125231985325760,,,,,,,,,,,,,Thread 125232471840448,,,,,,,,,,,,,Thread 125232480233152,,,,,,,,,,,,,Thread 125232488625856,,,,,,,,,,,,,Thread 125232497018560,,,,,,,,,,,,,Thread 125232505411264,,,,,,,,,,,,,Thread 125232513803968,,,,,,,,,,,,,Thread 125232522196672,,,,,,,,,,,,,Thread 125233411364544,,,,,,,,,,,,,Thread 125233419757248,,,,,,,,,,,,,Thread 125233428149952,,,,,,,,,,,,,Thread 125233436542656,,,,,,,,,,,,,Thread 125233444935360,,,,,,,,,,,,,Thread 125233453328064,,,,,,,,,,,,,Thread 125233461720768,,,,,,,,,,,,,Thread 125233545582272,,,,,,,,,,,,,Thread 125233553974976,,,,,,,,,,,,,Thread 125233562367680,,,,,,,,,,,,,Thread 125233570760384,,,,,,,,,,,,,Thread 125233579153088,,,,,,,,,,,,,Thread 125233587545792,,,,,,,,,,,,,Thread 125233595938496,,,,,,,,,,,,,Thread 125234149562048,,,,,,,,,,,,,Thread 125234157954752,,,,,,,,,,,,,Thread 125234166347456,,,,,,,,,,,,,Thread 125234174740160,,,,,,,,,,,,,Thread 125234183132864,,,,,,,,,,,,,Thread 125234191525568,,,,,,,,,,,,,Thread 125234199918272,,,,,,,,,,,,,Thread 125234815157952,,,,,,,,,,,,,Thread 125234823550656,,,,,,,,,,,,,Thread 125234831943360,,,,,,,,,,,,,Thread 125234840336064,,,,,,,,,,,,,Thread 125234848728768,,,,,,,,,,,,,Thread 125234857121472,,,,,,,,,,,,,Thread 125234865514176,,,,,,,,,,,,,Thread 125234873906880,,,,,,,,,,,,,Thread 125234882299584,,,,,,,,,,,,,Thread 125234890692288,,,,,,,,,,,,,,,,Description,Command
tree,depth,nodes,Active Samples,TreeTrain,BfsNodeLoop,NodeTrain,-FindBestCondition,---FindObliqueSetup,--ObliqueSplitSearch,ApplyProjection,---EvaluateProj,,tree,depth,nodes,Active Samples,TreeTrain,BfsNodeLoop,NodeTrain,-FindBestCondition,---FindObliqueSetup,--ObliqueSplitSearch,ApplyProjection,---EvaluateProj,,tree,depth,nodes,Active Samples,TreeTrain,BfsNodeLoop,NodeTrain,-FindBestCondition,---FindObliqueSetup,--ObliqueSplitSearch,ApplyProjection,---EvaluateProj,,tree,depth,nodes,Active Samples,TreeTrain,BfsNodeLoop,NodeTrain,-FindBestCondition,---FindObliqueSetup,--ObliqueSplitSearch,ApplyProjection,---EvaluateProj,,tree,depth,nodes,Active Samples,TreeTrain,BfsNodeLoop,NodeTrain,-FindBestCondition,---FindObliqueSetup,--ObliqueSplitSearch,ApplyProjection,---EvaluateProj,,tree,depth,nodes,Active Samples,TreeTrain,BfsNodeLoop,NodeTrain,-FindBestCondition,---FindObliqueSetup,--ObliqueSplitSearch,ApplyProjection,---EvaluateProj,,tree,depth,nodes,Active Samples,TreeTrain,BfsNodeLoop,NodeTrain,-FindBestCondition,---FindObliqueSetup,--ObliqueSplitSearch,ApplyProjection,---EvaluateProj,,tree,depth,nodes,Active Samples,TreeTrain,BfsNodeLoop,NodeTrain,-FindBestCondition,---FindObliqueSetup,--ObliqueSplitSearch,ApplyProjection,---EvaluateProj,,tree,depth,nodes,Active Samples,TreeTrain,BfsNodeLoop,NodeTrain,-FindBestCondition,---FindObliqueSetup,--ObliqueSplitSearch,ApplyProjection,---EvaluateProj,,tree,depth,nodes,Active Samples,TreeTrain,BfsNodeLoop,NodeTrain,-FindBestCondition,---FindObliqueSetup,--ObliqueSplitSearch,ApplyProjection,---EvaluateProj,,tree,depth,nodes,Active Samples,TreeTrain,BfsNodeLoop,NodeTrain,-FindBestCondition,---FindObliqueSetup,--ObliqueSplitSearch,ApplyProjection,---EvaluateProj,,tree,depth,nodes,Active Samples,TreeTrain,BfsNodeLoop,NodeTrain,-FindBestCondition,---FindObliqueSetup,--ObliqueSplitSearch,ApplyProjection,---EvaluateProj,,tree,depth,nodes,Active Samples,TreeTrain,BfsNodeLoop,NodeTrain,-FindBestCondition,---FindObliqueSetup,--ObliqueSplitSearch,ApplyProjection,---EvaluateProj,,tree,depth,nodes,Active Samples,TreeTrain,BfsNodeLoop,NodeTrain,-FindBestCondition,---FindObliqueSetup,--ObliqueSplitSearch,ApplyProjection,---EvaluateProj,,tree,depth,nodes,Active Samples,TreeTrain,BfsNodeLoop,NodeTrain,-FindBestCondition,---FindObliqueSetup,--ObliqueSplitSearch,ApplyProjection,---EvaluateProj,,tree,depth,nodes,Active Samples,TreeTrain,BfsNodeLoop,NodeTrain,-FindBestCondition,---FindObliqueSetup,--ObliqueSplitSearch,ApplyProjection,---EvaluateProj,,tree,depth,nodes,Active Samples,TreeTrain,BfsNodeLoop,NodeTrain,-FindBestCondition,---FindObliqueSetup,--ObliqueSplitSearch,ApplyProjection,---EvaluateProj,,tree,depth,nodes,Active Samples,TreeTrain,BfsNodeLoop,NodeTrain,-FindBestCondition,---FindObliqueSetup,--ObliqueSplitSearch,ApplyProjection,---EvaluateProj,,tree,depth,nodes,Active Samples,TreeTrain,BfsNodeLoop,NodeTrain,-FindBestCondition,---FindObliqueSetup,--ObliqueSplitSearch,ApplyProjection,---EvaluateProj,,tree,depth,nodes,Active Samples,TreeTrain,BfsNodeLoop,NodeTrain,-FindBestCondition,---FindObliqueSetup,--ObliqueSplitSearch,ApplyProjection,---EvaluateProj,,tree,depth,nodes,Active Samples,TreeTrain,BfsNodeLoop,NodeTrain,-FindBestCondition,---FindObliqueSetup,--ObliqueSplitSearch,ApplyProjection,---EvaluateProj,,tree,depth,nodes,Active Samples,TreeTrain,BfsNodeLoop,NodeTrain,-FindBestCondition,---FindObliqueSetup,--ObliqueSplitSearch,ApplyProjection,---EvaluateProj,,tree,depth,nodes,Active Samples,TreeTrain,BfsNodeLoop,NodeTrain,-FindBestCondition,---FindObliqueSetup,--ObliqueSplitSearch,ApplyProjection,---EvaluateProj,,tree,depth,nodes,Active Samples,TreeTrain,BfsNodeLoop,NodeTrain,-FindBestCondition,---FindObliqueSetup,--ObliqueSplitSearch,ApplyProjection,---EvaluateProj,,tree,depth,nodes,Active Samples,TreeTrain,BfsNodeLoop,NodeTrain,-FindBestCondition,---FindObliqueSetup,--ObliqueSplitSearch,ApplyProjection,---EvaluateProj,,tree,depth,nodes,Active Samples,TreeTrain,BfsNodeLoop,NodeTrain,-FindBestCondition,---FindObliqueSetup,--ObliqueSplitSearch,ApplyProjection,---EvaluateProj,,tree,depth,nodes,Active Samples,TreeTrain,BfsNodeLoop,NodeTrain,-FindBestCondition,---FindObliqueSetup,--ObliqueSplitSearch,ApplyProjection,---EvaluateProj,,tree,depth,nodes,Active Samples,TreeTrain,BfsNodeLoop,NodeTrain,-FindBestCondition,---FindObliqueSetup,--ObliqueSplitSearch,ApplyProjection,---EvaluateProj,,tree,depth,nodes,Active Samples,TreeTrain,BfsNodeLoop,NodeTrain,-FindBestCondition,---FindObliqueSetup,--ObliqueSplitSearch,ApplyProjection,---EvaluateProj,,tree,depth,nodes,Active Samples,TreeTrain,BfsNodeLoop,NodeTrain,-FindBestCondition,---FindObliqueSetup,--ObliqueSplitSearch,ApplyProjection,---EvaluateProj,,tree,depth,nodes,Active Samples,TreeTrain,BfsNodeLoop,NodeTrain,-FindBestCondition,---FindObliqueSetup,--ObliqueSplitSearch,ApplyProjection,---EvaluateProj,,tree,depth,nodes,Active Samples,TreeTrain,BfsNodeLoop,NodeTrain,-FindBestCondition,---FindObliqueSetup,--ObliqueSplitSearch,ApplyProjection,---EvaluateProj,,tree,depth,nodes,Active Samples,TreeTrain,BfsNodeLoop,NodeTrain,-FindBestCondition,---FindObliqueSetup,--ObliqueSplitSearch,ApplyProjection,---EvaluateProj,,tree,depth,nodes,Active Samples,TreeTrain,BfsNodeLoop,NodeTrain,-FindBestCondition,---FindObliqueSetup,--ObliqueSplitSearch,ApplyProjection,---EvaluateProj,,tree,depth,nodes,Active Samples,TreeTrain,BfsNodeLoop,NodeTrain,-FindBestCondition,---FindObliqueSetup,--ObliqueSplitSearch,ApplyProjection,---EvaluateProj,,tree,depth,nodes,Active Samples,TreeTrain,BfsNodeLoop,NodeTrain,-FindBestCondition,---FindObliqueSetup,--ObliqueSplitSearch,ApplyProjection,---EvaluateProj,,tree,depth,nodes,Active Samples,TreeTrain,BfsNodeLoop,NodeTrain,-FindBestCondition,---FindObliqueSetup,--ObliqueSplitSearch,ApplyProjection,---EvaluateProj,,tree,depth,nodes,Active Samples,TreeTrain,BfsNodeLoop,NodeTrain,-FindBestCondition,---FindObliqueSetup,--ObliqueSplitSearch,ApplyProjection,---EvaluateProj,,tree,depth,nodes,Active Samples,TreeTrain,BfsNodeLoop,NodeTrain,-FindBestCondition,---FindObliqueSetup,--ObliqueSplitSearch,ApplyProjection,---EvaluateProj,,tree,depth,nodes,Active Samples,TreeTrain,BfsNodeLoop,NodeTrain,-FindBestCondition,---FindObliqueSetup,--ObliqueSplitSearch,ApplyProjection,---EvaluateProj,,tree,depth,nodes,Active Samples,TreeTrain,BfsNodeLoop,NodeTrain,-FindBestCondition,---FindObliqueSetup,--ObliqueSplitSearch,ApplyProjection,---EvaluateProj,,tree,depth,nodes,Active Samples,TreeTrain,BfsNodeLoop,NodeTrain,-FindBestCondition,---FindObliqueSetup,--ObliqueSplitSearch,ApplyProjection,---EvaluateProj,,tree,depth,nodes,Active Samples,TreeTrain,BfsNodeLoop,NodeTrain,-FindBestCondition,---FindObliqueSetup,--ObliqueSplitSearch,ApplyProjection,---EvaluateProj,,tree,depth,nodes,Active Samples,TreeTrain,BfsNodeLoop,NodeTrain,-FindBestCondition,---FindObliqueSetup,--ObliqueSplitSearch,ApplyProjection,---EvaluateProj,,tree,depth,nodes,Active Samples,TreeTrain,BfsNodeLoop,NodeTrain,-FindBestCondition,---FindObliqueSetup,--ObliqueSplitSearch,ApplyProjection,---EvaluateProj,,tree,depth,nodes,Active Samples,TreeTrain,BfsNodeLoop,NodeTrain,-FindBestCondition,---FindObliqueSetup,--ObliqueSplitSearch,ApplyProjection,---EvaluateProj,,tree,depth,nodes,Active Samples,TreeTrain,BfsNodeLoop,NodeTrain,-FindBestCondition,---FindObliqueSetup,--ObliqueSplitSearch,ApplyProjection,---EvaluateProj,,tree,depth,nodes,Active Samples,TreeTrain,BfsNodeLoop,NodeTrain,-FindBestCondition,---FindObliqueSetup,--ObliqueSplitSearch,ApplyProjection,---EvaluateProj,,,,,Helper invocation,python3 benchmarks/profiling/parallel_chrono.py --input_mode=trunk --rows=1500000 --cols=4096 --num_trees=240 --num_threads=-1 --bfs_only --dataset_layout=row --row_major_dataset_layout --experiment_name=bfs_rowMajor_multicore
26,0,0,0,94.1827,0.0,0.0,0.0,0.0,0.0,0.0,0.0,,45,0,0,0,93.956,0.0,0.0,0.0,0.0,0.0,0.0,0.0,,0,0,0,0,95.4538,0.0,0.0,0.0,0.0,0.0,0.0,0.0,,2,0,0,0,96.083,0.0,0.0,0.0,0.0,0.0,0.0,0.0,,9,0,0,0,95.8731,0.0,0.0,0.0,0.0,0.0,0.0,0.0,,3,0,0,0,95.8409,0.0,0.0,0.0,0.0,0.0,0.0,0.0,,47,0,0,0,95.2873,0.0,0.0,0.0,0.0,0.0,0.0,0.0,,6,0,0,0,96.4935,0.0,0.0,0.0,0.0,0.0,0.0,0.0,,5,0,0,0,95.6817,0.0,0.0,0.0,0.0,0.0,0.0,0.0,,4,0,0,0,95.4068,0.0,0.0,0.0,0.0,0.0,0.0,0.0,,42,0,0,0,93.7793,0.0,0.0,0.0,0.0,0.0,0.0,0.0,,7,0,0,0,96.2066,0.0,0.0,0.0,0.0,0.0,0.0,0.0,,46,0,0,0,96.2766,0.0,0.0,0.0,0.0,0.0,0.0,0.0,,35,0,0,0,97.1558,0.0,0.0,0.0,0.0,0.0,0.0,0.0,,8,0,0,0,95.0153,0.0,0.0,0.0,0.0,0.0,0.0,0.0,,34,0,0,0,95.3131,0.0,0.0,0.0,0.0,0.0,0.0,0.0,,43,0,0,0,95.5524,0.0,0.0,0.0,0.0,0.0,0.0,0.0,,44,0,0,0,94.07,0.0,0.0,0.0,0.0,0.0,0.0,0.0,,33,0,0,0,96.5293,0.0,0.0,0.0,0.0,0.0,0.0,0.0,,36,0,0,0,95.6721,0.0,0.0,0.0,0.0,0.0,0.0,0.0,,40,0,0,0,94.8725,0.0,0.0,0.0,0.0,0.0,0.0,0.0,,41,0,0,0,95.5501,0.0,0.0,0.0,0.0,0.0,0.0,0.0,,37,0,0,0,96.724,0.0,0.0,0.0,0.0,0.0,0.0,0.0,,38,0,0,0,94.6056,0.0,0.0,0.0,0.0,0.0,0.0,0.0,,27,0,0,0,94.1366,0.0,0.0,0.0,0.0,0.0,0.0,0.0,,39,0,0,0,94.1922,0.0,0.0,0.0,0.0,0.0,0.0,0.0,,25,0,0,0,93.8125,0.0,0.0,0.0,0.0,0.0,0.0,0.0,,32,0,0,0,93.8363,0.0,0.0,0.0,0.0,0.0,0.0,0.0,,31,0,0,0,95.6604,0.0,0.0,0.0,0.0,0.0,0.0,0.0,,24,0,0,0,94.1685,0.0,0.0,0.0,0.0,0.0,0.0,0.0,,23,0,0,0,96.3321,0.0,0.0,0.0,0.0,0.0,0.0,0.0,,1,0,0,0,93.4704,0.0,0.0,0.0,0.0,0.0,0.0,0.0,,28,0,0,0,95.1617,0.0,0.0,0.0,0.0,0.0,0.0,0.0,,19,0,0,0,95.5668,0.0,0.0,0.0,0.0,0.0,0.0,0.0,,29,0,0,0,94.6867,0.0,0.0,0.0,0.0,0.0,0.0,0.0,,18,0,0,0,95.6548,0.0,0.0,0.0,0.0,0.0,0.0,0.0,,30,0,0,0,95.1207,0.0,0.0,0.0,0.0,0.0,0.0,0.0,,17,0,0,0,97.067,0.0,0.0,0.0,0.0,0.0,0.0,0.0,,16,0,0,0,94.8461,0.0,0.0,0.0,0.0,0.0,0.0,0.0,,20,0,0,0,96.3953,0.0,0.0,0.0,0.0,0.0,0.0,0.0,,21,0,0,0,97.4245,0.0,0.0,0.0,0.0,0.0,0.0,0.0,,22,0,0,0,95.7857,0.0,0.0,0.0,0.0,0.0,0.0,0.0,,13,0,0,0,94.3009,0.0,0.0,0.0,0.0,0.0,0.0,0.0,,15,0,0,0,95.1348,0.0,0.0,0.0,0.0,0.0,0.0,0.0,,14,0,0,0,94.4826,0.0,0.0,0.0,0.0,0.0,0.0,0.0,,12,0,0,0,95.2632,0.0,0.0,0.0,0.0,0.0,0.0,0.0,,11,0,0,0,95.1121,0.0,0.0,0.0,0.0,0.0,0.0,0.0,,10,0,0,0,95.9753,0.0,0.0,0.0,0.0,0.0,0.0,0.0,,,,,Bazel build,bazel build --ui_event_filters=-warning -c opt --config=enable_std_upper_bound_avx2 --config=chrono_profile_coarse --config=row_major_dataset_layout --config=bfs_only --config=row_major_dataset_layout --ui_event_filters=-warning --repo_env=CC=/opt/intel/oneapi/compiler/latest/bin/icx --repo_env=CXX=/opt/intel/oneapi/compiler/latest/bin/icpx //examples:train_oblique_forest
26,1,1,1500000,0.0,4.73844,4.73844,4.65444,0.0195831,4.65439,3.74828,0.885971,,45,1,1,1500000,0.0,5.03527,5.03527,4.93461,0.0217635,4.93458,4.03181,0.880414,,0,1,1,1500000,0.0,5.14849,5.14849,5.07851,0.0163532,5.07847,4.18183,0.879653,,2,1,1,1500000,0.0,4.73095,4.73095,4.62458,0.0164909,4.62454,3.66094,0.946497,,9,1,1,1500000,0.0,4.93272,4.93272,4.85007,0.01569,4.85003,3.9479,0.885867,,3,1,1,1500000,0.0,4.85009,4.85009,4.75012,0.0166455,4.75008,3.84808,0.884789,,47,1,1,1500000,0.0,4.78598,4.78598,4.70555,0.0215429,4.70551,3.80578,0.87758,,6,1,1,1500000,0.0,5.38594,5.38594,5.31775,0.0163417,5.31771,4.41216,0.888614,,5,1,1,1500000,0.0,4.92795,4.92795,4.85844,0.0165666,4.8584,3.96215,0.879115,,4,1,1,1500000,0.0,4.80438,4.80438,4.73563,0.0164387,4.73558,3.8336,0.884954,,42,1,1,1500000,0.0,4.90884,4.90884,4.83985,0.0218629,4.83981,3.83609,0.981266,,7,1,1,1500000,0.0,5.06825,5.06825,5.00196,0.0163438,5.00192,4.09765,0.886833,,46,1,1,1500000,0.0,4.68773,4.68773,4.61894,0.02185,4.6189,3.70718,0.889314,,35,1,1,1500000,0.0,4.49077,4.49077,4.42075,0.0218745,4.42071,3.51495,0.883261,,8,1,1,1500000,0.0,5.16663,5.16663,5.10144,0.0158987,5.1014,4.20307,0.881836,,34,1,1,1500000,0.0,4.60987,4.60987,4.54028,0.0219915,4.54024,3.62889,0.888751,,43,1,1,1500000,0.0,4.70361,4.70361,4.63644,0.0208805,4.6364,3.73526,0.879697,,44,1,1,1500000,0.0,5.09795,5.09795,5.03239,0.0218724,5.03235,4.12193,0.887963,,33,1,1,1500000,0.0,5.07788,5.07788,4.97397,0.0216501,4.97394,4.06075,0.890948,,36,1,1,1500000,0.0,4.8032,4.8032,4.73716,0.0216677,4.73712,3.83134,0.883514,,40,1,1,1500000,0.0,4.87287,4.87287,4.76561,0.0219196,4.76557,3.85626,0.886847,,41,1,1,1500000,0.0,4.87127,4.87127,4.75576,0.021853,4.75572,3.81694,0.916365,,37,1,1,1500000,0.0,4.84936,4.84936,4.7852,0.0219235,4.78516,3.8729,0.889765,,38,1,1,1500000,0.0,4.83419,4.83419,4.76429,0.0215953,4.76425,3.85741,0.884666,,27,1,1,1500000,0.0,5.07156,5.07156,5.0065,0.0219107,5.00646,4.09745,0.886544,,39,1,1,1500000,0.0,4.7956,4.7956,4.72954,0.0216957,4.7295,3.81845,0.888783,,25,1,1,1500000,0.0,4.8411,4.8411,4.77108,0.0221402,4.77105,3.85393,0.894388,,32,1,1,1500000,0.0,4.9063,4.9063,4.83583,0.0218194,4.83578,3.91235,0.901036,,31,1,1,1500000,0.0,4.82091,4.82091,4.73959,0.0218206,4.73956,3.82795,0.889227,,24,1,1,1500000,0.0,5.14487,5.14487,4.98028,0.019269,4.98024,4.06926,0.89114,,23,1,1,1500000,0.0,5.22342,5.22341,5.15169,0.0194976,5.15165,4.24272,0.888813,,1,1,1,1500000,0.0,5.09517,5.09517,4.99946,0.0166621,4.99941,4.06531,0.916795,,28,1,1,1500000,0.0,4.90223,4.90223,4.79753,0.0219846,4.79749,3.89089,0.883917,,19,1,1,1500000,0.0,4.94415,4.94415,4.84247,0.0190459,4.84243,3.93643,0.886373,,29,1,1,1500000,0.0,4.81369,4.81369,4.74839,0.0219324,4.74836,3.83939,0.886471,,18,1,1,1500000,0.0,4.92829,4.92829,4.86056,0.0219188,4.86052,3.951,0.887015,,30,1,1,1500000,0.0,4.72835,4.72835,4.65669,0.0219043,4.65665,3.74544,0.888746,,17,1,1,1500000,0.0,5.2034,5.2034,5.09714,0.0220666,5.0971,4.1933,0.881139,,16,1,1,1500000,0.0,5.14072,5.14071,5.07513,0.0218681,5.07509,4.15548,0.897135,,20,1,1,1500000,0.0,4.93083,4.93083,4.86289,0.0221768,4.86285,3.9509,0.889202,,21,1,1,1500000,0.0,5.0009,5.0009,4.93236,0.0218389,4.93232,4.02641,0.883467,,22,1,1,1500000,0.0,4.55091,4.55091,4.4841,0.0220083,4.48402,3.57929,0.882141,,13,1,1,1500000,0.0,4.55269,4.55269,4.4496,0.0192601,4.44955,3.53393,0.895786,,15,1,1,1500000,0.0,4.6321,4.6321,4.55984,0.0219412,4.5598,3.64638,0.890876,,14,1,1,1500000,0.0,5.10407,5.10407,4.99919,0.0176509,4.99915,4.09577,0.885156,,12,1,1,1500000,0.0,5.07282,5.07282,4.94804,0.0187166,4.948,4.04198,0.886698,,11,1,1,1500000,0.0,4.74915,4.74915,4.64232,0.0162864,4.64228,3.73902,0.886385,,10,1,1,1500000,0.0,4.99533,4.99533,4.89194,0.018525,4.8919,3.98922,0.883545,,,,,Binary command,./bazel-bin/examples/train_oblique_forest --num_trees=240 --feature_split_type=Oblique --compute_oob_performances=false --histogram_num_bins=64 --num_threads=-1 --tree_depth=-1 --numerical_split_type=Dynamic Random Histogram --input_mode=trunk --rows=1500000 --cols=4096 --dataset_layout=row
26,2,2,1500000,0.0,4.63776,4.63775,4.57051,0.00391807,4.57045,3.70259,0.86356,,45,2,2,1500000,0.0,4.88177,4.88177,4.81423,0.00422545,4.81417,3.94446,0.865081,,0,2,2,1500000,0.0,4.9725,4.9725,4.86428,0.00367295,4.86421,3.9958,0.86431,,2,2,2,1500000,0.0,4.80302,4.80302,4.72164,0.00396676,4.72157,3.85178,0.865392,,9,2,2,1500000,0.0,4.62581,4.62581,4.53637,0.00391896,4.53631,3.66645,0.86554,,3,2,2,1500000,0.0,4.90384,4.90384,4.82772,0.00411132,4.82766,3.95682,0.866336,,47,2,2,1500000,0.0,4.77812,4.77812,4.69472,0.00457344,4.69466,3.82647,0.863235,,6,2,2,1500000,0.0,5.04005,5.04005,4.96444,0.00455735,4.96437,4.09473,0.864657,,5,2,2,1500000,0.0,4.9071,4.9071,4.83691,0.00375406,4.83684,3.96902,0.863651,,4,2,2,1500000,0.0,4.9993,4.99929,4.89948,0.00392467,4.89942,4.02025,0.874829,,42,2,2,1500000,0.0,5.02904,5.02903,4.94338,0.00380568,4.94332,4.07557,0.863499,,7,2,2,1500000,0.0,4.81766,4.81766,4.72964,0.00427776,4.72957,3.85963,0.865201,,46,2,2,1500000,0.0,5.05474,5.05473,4.98971,0.00444345,4.98965,4.1189,0.865886,,35,2,2,1500000,0.0,4.84594,4.84594,4.77116,0.00465266,4.77109,3.88768,0.878334,,8,2,2,1500000,0.0,4.75471,4.7547,4.66723,0.0038192,4.66717,3.79781,0.86513,,34,2,2,1500000,0.0,5.01542,5.01542,4.93407,0.00475429,4.93401,4.06415,0.864669,,43,2,2,1500000,0.0,4.95633,4.95633,4.84468,0.00378213,4.84462,3.97674,0.863691,,44,2,2,1500000,0.0,4.6346,4.6346,4.56825,0.00398875,4.56819,3.70289,0.860902,,33,2,2,1500000,0.0,4.87993,4.87993,4.81303,0.00429941,4.81297,3.94345,0.864794,,36,2,2,1500000,0.0,5.15355,5.15355,5.06724,0.00387089,5.06718,4.19615,0.866729,,40,2,2,1500000,0.0,4.55153,4.55153,4.4645,0.00390963,4.46444,3.59796,0.86216,,41,2,2,1500000,0.0,4.81296,4.81296,4.72183,0.00402124,4.72177,3.85298,0.86433,,37,2,2,1500000,0.0,4.80553,4.80553,4.73614,0.00395543,4.73608,3.86649,0.86522,,38,2,2,1500000,0.0,4.9524,4.9524,4.87651,0.00393028,4.87646,4.0083,0.863804,,27,2,2,1500000,0.0,4.73304,4.73304,4.65352,0.00398655,4.65347,3.78662,0.862421,,39,2,2,1500000,0.0,4.54537,4.54537,4.47863,0.00396943,4.47858,3.61023,0.86398,,25,2,2,1500000,0.0,5.01984,5.01984,4.9256,0.00388041,4.92554,4.05523,0.865979,,32,2,2,1500000,0.0,4.76378,4.76378,4.69594,0.00401647,4.69588,3.82863,0.862829,,31,2,2,1500000,0.0,4.98905,4.98904,4.91651,0.00382512,4.91645,4.05021,0.862035,,24,2,2,1500000,0.0,4.78708,4.78708,4.69765,0.00368349,4.69758,3.82945,0.864015,,23,2,2,1500000,0.0,4.80667,4.80667,4.7025,0.00424922,4.70244,3.8307,0.867058,,1,2,2,1500000,0.0,4.8394,4.83939,4.76979,0.00425722,4.76973,3.90124,0.863786,,28,2,2,1500000,0.0,4.80993,4.80992,4.74337,0.00396737,4.74332,3.87402,0.864908,,19,2,2,1500000,0.0,4.64161,4.64161,4.56429,0.00435962,4.56423,3.6964,0.863038,,29,2,2,1500000,0.0,4.90157,4.90157,4.83539,0.00357891,4.83532,3.96784,0.863484,,18,2,2,1500000,0.0,5.03185,5.03185,4.94861,0.00398051,4.94855,4.07877,0.865375,,30,2,2,1500000,0.0,4.89163,4.89162,4.82405,0.00422473,4.82398,3.95498,0.864358,,17,2,2,1500000,0.0,4.78282,4.78282,4.67608,0.00425109,4.67602,3.80685,0.864497,,16,2,2,1500000,0.0,5.02567,5.02567,4.93928,0.00375499,4.93922,4.05368,0.881349,,20,2,2,1500000,0.0,4.99279,4.99279,4.92408,0.00440523,4.92402,4.05464,0.864547,,21,2,2,1500000,0.0,4.83254,4.83254,4.74697,0.00408643,4.7469,3.87662,0.865769,,22,2,2,1500000,0.0,4.89018,4.89018,4.81347,0.0044327,4.81341,3.9447,0.863849,,13,2,2,1500000,0.0,4.70929,4.70929,4.61351,0.00434097,4.61345,3.74364,0.865031,,15,2,2,1500000,0.0,4.76749,4.76749,4.68077,0.00424243,4.68071,3.81373,0.862327,,14,2,2,1500000,0.0,4.76879,4.76879,4.68375,0.00418502,4.68369,3.81449,0.864609,,12,2,2,1500000,0.0,4.8926,4.89259,4.82375,0.00390815,4.82369,3.95525,0.864079,,11,2,2,1500000,0.0,4.78006,4.78005,4.69828,0.00408267,4.69821,3.82961,0.864113,,10,2,2,1500000,0.0,4.92172,4.92172,4.84197,0.00411003,4.84191,3.97206,0.865334,,,,,Training time (s),479.1510
26,3,4,1500000,0.0,4.8101,4.8101,4.72563,0.00462684,4.72551,3.85577,0.864394,,45,3,4,1500000,0.0,4.85772,4.85772,4.77116,0.00466988,4.77105,3.90106,0.864587,,0,3,4,1500000,0.0,4.87239,4.87239,4.79653,0.00498321,4.79642,3.92825,0.86242,,2,3,4,1500000,0.0,4.87678,4.87678,4.78623,0.00460008,4.7861,3.91638,0.864363,,9,3,4,1500000,0.0,4.73998,4.73998,4.64134,0.00469642,4.64122,3.77123,0.864573,,3,3,4,1500000,0.0,4.93343,4.93343,4.8618,0.00477227,4.86168,3.97906,0.877097,,47,3,4,1500000,0.0,4.93707,4.93707,4.84842,0.00469455,4.8483,3.98115,0.861733,,6,3,4,1500000,0.0,4.85928,4.85928,4.77534,0.00501189,4.77522,3.90697,0.862497,,5,3,4,1500000,0.0,4.85331,4.85331,4.78158,0.00490574,4.78147,3.91427,0.861551,,4,3,4,1500000,0.0,4.91811,4.91811,4.83352,0.00493624,4.83341,3.96827,0.859484,,42,3,4,1500000,0.0,4.88892,4.88892,4.77741,0.0048527,4.77729,3.89745,0.874237,,7,3,4,1500000,0.0,4.68707,4.68707,4.59267,0.0047602,4.59255,3.7216,0.865393,,46,3,4,1500000,0.0,4.85105,4.85104,4.77958,0.00484884,4.77947,3.91033,0.863563,,35,3,4,1500000,0.0,4.84974,4.84973,4.75965,0.0042885,4.75952,3.89108,0.86337,,8,3,4,1500000,0.0,4.88571,4.88571,4.80685,0.00447323,4.80674,3.94194,0.859589,,34,3,4,1500000,0.0,4.92563,4.92562,4.8328,0.00506459,4.83269,3.96519,0.861682,,43,3,4,1500000,0.0,5.03061,5.03061,4.9485,0.00466837,4.9484,4.08189,0.861105,,44,3,4,1500000,0.0,4.70968,4.70968,4.60758,0.0046958,4.60747,3.74443,0.857573,,33,3,4,1500000,0.0,5.02809,5.02809,4.87322,0.00462789,4.87311,4.0055,0.862232,,36,3,4,1500000,0.0,4.80468,4.80467,4.70423,0.00471484,4.70412,3.83284,0.865839,,40,3,4,1500000,0.0,4.90572,4.90572,4.82507,0.00501754,4.82495,3.96545,0.853712,,41,3,4,1500000,0.0,5.10048,5.10048,5.01269,0.00770402,5.01258,4.13653,0.867533,,37,3,4,1500000,0.0,4.80724,4.80724,4.72285,0.0045645,4.72273,3.85589,0.861516,,38,3,4,1500000,0.0,4.79519,4.79519,4.69317,0.00428848,4.69306,3.8268,0.861248,,27,3,4,1500000,0.0,4.87148,4.87148,4.78621,0.00482487,4.7861,3.92353,0.85699,,39,3,4,1500000,0.0,4.92244,4.92244,4.8269,0.00438941,4.82679,3.95893,0.862719,,25,3,4,1500000,0.0,4.83272,4.83272,4.76415,0.00447223,4.76404,3.89415,0.864626,,32,3,4,1500000,0.0,4.84889,4.84889,4.77988,0.00483552,4.77977,3.91538,0.85882,,31,3,4,1500000,0.0,4.84418,4.84418,4.76682,0.00460559,4.76671,3.89769,0.863617,,24,3,4,1500000,0.0,4.88818,4.88818,4.78804,0.00443138,4.78793,3.91749,0.865222,,23,3,4,1500000,0.0,4.92271,4.92271,4.83636,0.00492091,4.83625,3.96568,0.86488,,1,3,4,1500000,0.0,4.69224,4.69224,4.61859,0.00454451,4.61848,3.75113,0.862047,,28,3,4,1500000,0.0,4.75613,4.75613,4.68503,0.00462365,4.68492,3.81606,0.863521,,19,3,4,1500000,0.0,4.86768,4.86768,4.79556,0.00472528,4.79545,3.92768,0.862308,,29,3,4,1500000,0.0,4.89504,4.89504,4.81662,0.00474062,4.81651,3.94738,0.863638,,18,3,4,1500000,0.0,4.77245,4.77245,4.69539,0.00448057,4.69528,3.82719,0.862861,,30,3,4,1500000,0.0,4.88588,4.88588,4.7918,0.00483776,4.79169,3.92332,0.86279,,17,3,4,1500000,0.0,4.73156,4.73156,4.61078,0.00505437,4.61068,3.74182,0.863074,,16,3,4,1500000,0.0,4.70512,4.70512,4.63068,0.00491247,4.63057,3.74565,0.879235,,20,3,4,1500000,0.0,4.79651,4.79651,4.71448,0.00486514,4.71436,3.846,0.862716,,21,3,4,1500000,0.0,4.89827,4.89827,4.80779,0.00460991,4.80768,3.92122,0.881129,,22,3,4,1500000,0.0,4.87813,4.87812,4.79164,0.00503615,4.79153,3.92277,0.862979,,13,3,4,1500000,0.0,4.99211,4.99211,4.90062,0.00472581,4.9005,4.03242,0.862605,,15,3,4,1500000,0.0,4.90541,4.90541,4.82613,0.00469244,4.82602,3.95888,0.861696,,14,3,4,1500000,0.0,4.84476,4.84476,4.75538,0.00472199,4.75527,3.88733,0.862472,,12,3,4,1500000,0.0,4.77769,4.77769,4.70333,0.00462761,4.70321,3.83569,0.862149,,11,3,4,1500000,0.0,4.79577,4.79576,4.71057,0.00473346,4.71046,3.8415,0.863483,,10,3,4,1500000,0.0,4.8612,4.8612,4.78078,0.00446839,4.78066,3.91216,0.863307,,,,,,
26,4,8,1500000,0.0,4.68336,4.68336,4.6087,0.0050329,4.60849,3.7405,0.861805,,45,4,8,1500000,0.0,4.67984,4.67983,4.58502,0.0051364,4.58482,3.72341,0.85512,,0,4,8,1500000,0.0,4.77784,4.77784,4.67352,0.00457412,4.67331,3.77302,0.894605,,2,4,8,1500000,0.0,4.76146,4.76146,4.67731,0.00492491,4.67709,3.81287,0.858181,,9,4,8,1500000,0.0,4.63221,4.63221,4.54823,0.00522049,4.54802,3.65086,0.890815,,3,4,8,1500000,0.0,4.68246,4.68245,4.60348,0.00468666,4.60328,3.70806,0.889448,,47,4,8,1500000,0.0,4.61197,4.61196,4.51408,0.00504456,4.51387,3.65746,0.850236,,6,4,8,1500000,0.0,4.65226,4.65225,4.57341,0.00497561,4.57319,3.70991,0.857155,,5,4,8,1500000,0.0,4.68124,4.68124,4.59292,0.00515856,4.59271,3.73439,0.852062,,4,4,8,1500000,0.0,4.6709,4.67089,4.58849,0.00477383,4.58829,3.73521,0.84724,,42,4,8,1500000,0.0,4.69156,4.69155,4.60936,0.00464023,4.60916,3.74846,0.854878,,7,4,8,1500000,0.0,4.64984,4.64984,4.57747,0.00506095,4.57725,3.71049,0.860505,,46,4,8,1500000,0.0,4.81233,4.81232,4.72705,0.00485147,4.72685,3.75859,0.962346,,35,4,8,1500000,0.0,4.75813,4.75812,4.67091,0.00499404,4.67069,3.80855,0.855894,,8,4,8,1500000,0.0,4.63817,4.63816,4.55959,0.00471747,4.55938,3.70508,0.848518,,34,4,8,1500000,0.0,4.87832,4.87831,4.80356,0.00515481,4.80336,3.79947,0.997668,,43,4,8,1500000,0.0,4.60532,4.60531,4.5166,0.00450944,4.51639,3.6569,0.85383,,44,4,8,1500000,0.0,4.6757,4.67569,4.59188,0.00489431,4.59168,3.73904,0.846628,,33,4,8,1500000,0.0,4.81716,4.81716,4.69857,0.00480736,4.69836,3.83784,0.854557,,36,4,8,1500000,0.0,4.7624,4.7624,4.67717,0.00529231,4.67695,3.81274,0.857766,,40,4,8,1500000,0.0,4.64493,4.64493,4.56003,0.00514569,4.55982,3.70593,0.847679,,41,4,8,1500000,0.0,4.82647,4.82647,4.73766,0.00473099,4.73745,3.85379,0.877757,,37,4,8,1500000,0.0,4.71659,4.71659,4.63097,0.00490574,4.63077,3.76989,0.854798,,38,4,8,1500000,0.0,4.61025,4.61025,4.53219,0.00465524,4.53199,3.66654,0.859678,,27,4,8,1500000,0.0,4.6855,4.6855,4.60445,0.00492955,4.60425,3.75492,0.843336,,39,4,8,1500000,0.0,4.70339,4.70338,4.62162,0.00483638,4.62142,3.67592,0.939573,,25,4,8,1500000,0.0,4.73008,4.73007,4.64602,0.00480205,4.64582,3.79007,0.849827,,32,4,8,1500000,0.0,4.65942,4.65941,4.57097,0.00483363,4.57076,3.71963,0.845211,,31,4,8,1500000,0.0,4.56439,4.56439,4.47907,0.00526658,4.47886,3.61654,0.855989,,24,4,8,1500000,0.0,4.58781,4.58781,4.50151,0.00464853,4.5013,3.64044,0.855085,,23,4,8,1500000,0.0,4.65943,4.65942,4.57714,0.00492534,4.57694,3.71337,0.857513,,1,4,8,1500000,0.0,4.62835,4.62834,4.55245,0.0045358,4.55224,3.64083,0.905784,,28,4,8,1500000,0.0,4.73095,4.73095,4.6449,0.00517977,4.6447,3.78186,0.856519,,19,4,8,1500000,0.0,4.73816,4.73816,4.64672,0.00468686,4.64651,3.78925,0.851449,,29,4,8,1500000,0.0,4.63949,4.63948,4.55889,0.00509703,4.55868,3.70032,0.852186,,18,4,8,1500000,0.0,4.7818,4.7818,4.6916,0.00476704,4.6914,3.82349,0.861989,,30,4,8,1500000,0.0,4.55858,4.55858,4.4751,0.00487569,4.4749,3.61538,0.853542,,17,4,8,1500000,0.0,4.71475,4.71474,4.61951,0.00491139,4.6193,3.75871,0.854543,,16,4,8,1500000,0.0,4.71426,4.71425,4.61554,0.00485163,4.61534,3.74232,0.866986,,20,4,8,1500000,0.0,4.67399,4.67399,4.58727,0.00487899,4.58707,3.72465,0.856376,,21,4,8,1500000,0.0,4.76763,4.76763,4.67886,0.00481999,4.67865,3.81104,0.861634,,22,4,8,1500000,0.0,4.70369,4.70368,4.61695,0.00443762,4.61675,3.75574,0.855372,,13,4,8,1500000,0.0,4.60664,4.60663,4.52094,0.00532696,4.52073,3.66547,0.848839,,15,4,8,1500000,0.0,4.70541,4.70541,4.61337,0.00492118,4.61316,3.75242,0.854713,,14,4,8,1500000,0.0,4.65633,4.65633,4.57549,0.00470377,4.57528,3.71529,0.854206,,12,4,8,1500000,0.0,4.63948,4.63948,4.5605,0.00460715,4.5603,3.69067,0.863902,,11,4,8,1500000,0.0,4.8005,4.8005,4.72583,0.00505213,4.72562,3.73065,0.988808,,10,4,8,1500000,0.0,4.76126,4.76126,4.6798,0.00478242,4.6796,3.82037,0.853332,,,,,,
26,5,16,1500000,0.0,4.60712,4.60711,4.51378,0.00594013,4.51338,3.64984,0.855856,,45,5,16,1500000,0.0,4.54283,4.54282,4.4622,0.00559454,4.46181,3.61198,0.842432,,0,5,16,1500000,0.0,4.57208,4.57207,4.49176,0.00544335,4.49137,3.64299,0.841148,,2,5,16,1500000,0.0,4.53722,4.53721,4.45346,0.00539022,4.45306,3.60696,0.839078,,9,5,16,1500000,0.0,4.65846,4.65845,4.57263,0.00560474,4.57224,3.62847,0.936327,,3,5,16,1500000,0.0,4.63203,4.63202,4.54723,0.00547851,4.54685,3.64988,0.889795,,47,5,16,1500000,0.0,4.58341,4.5834,4.49687,0.00561987,4.49648,3.65164,0.837524,,6,5,16,1500000,0.0,4.61892,4.61891,4.52317,0.00590421,4.52278,3.65319,0.861783,,5,5,16,1500000,0.0,4.52671,4.5267,4.42993,0.00537308,4.42955,3.5624,0.860075,,4,5,16,1500000,0.0,4.42601,4.42601,4.34468,0.00558318,4.34431,3.50744,0.829553,,42,5,16,1500000,0.0,4.5359,4.53589,4.45636,0.0056682,4.45598,3.60898,0.839503,,7,5,16,1500000,0.0,4.66495,4.66494,4.58208,0.00601068,4.58169,3.60734,0.966504,,46,5,16,1500000,0.0,4.64878,4.64877,4.55268,0.00578549,4.55229,3.70033,0.844316,,35,5,16,1500000,0.0,4.72072,4.72071,4.63541,0.0058516,4.63503,3.59329,1.03413,,8,5,16,1500000,0.0,4.6148,4.61479,4.53198,0.00594962,4.53159,3.61886,0.905005,,34,5,16,1500000,0.0,4.46773,4.46772,4.38397,0.0057574,4.38358,3.53599,0.840092,,43,5,16,1500000,0.0,4.52327,4.52326,4.44039,0.00550114,4.44,3.59643,0.836407,,44,5,16,1500000,0.0,4.57993,4.57992,4.49153,0.0056417,4.49115,3.65321,0.830606,,33,5,16,1500000,0.0,4.68898,4.68897,4.53383,0.00575329,4.53345,3.66637,0.859419,,36,5,16,1500000,0.0,4.59088,4.59088,4.5098,0.00612382,4.50942,3.65471,0.846771,,40,5,16,1500000,0.0,4.51084,4.51083,4.42612,0.00553977,4.42574,3.58207,0.836342,,41,5,16,1500000,0.0,4.68126,4.68125,4.59736,0.00601658,4.59698,3.68914,0.900009,,37,5,16,1500000,0.0,4.58709,4.58708,4.49759,0.00567617,4.4972,3.64866,0.841007,,38,5,16,1500000,0.0,4.49015,4.49014,4.41427,0.00548137,4.41388,3.56599,0.840654,,27,5,16,1500000,0.0,4.5748,4.57479,4.49123,0.00542751,4.49084,3.64016,0.843556,,39,5,16,1500000,0.0,4.54169,4.54169,4.44747,0.00588054,4.44709,3.57372,0.86573,,25,5,16,1500000,0.0,4.57521,4.5752,4.49253,0.00610446,4.49215,3.63881,0.845487,,32,5,16,1500000,0.0,4.57767,4.57766,4.49036,0.00584557,4.48998,3.61327,0.86916,,31,5,16,1500000,0.0,4.55353,4.55352,4.47486,0.0053899,4.47447,3.61108,0.856284,,24,5,16,1500000,0.0,4.46724,4.46723,4.37426,0.00552317,4.37386,3.52845,0.838141,,23,5,16,1500000,0.0,4.56936,4.56935,4.48319,0.00553378,4.48281,3.63328,0.84228,,1,5,16,1500000,0.0,4.41183,4.41182,4.33175,0.00532724,4.33135,3.48238,0.842001,,28,5,16,1500000,0.0,4.74818,4.74817,4.66948,0.00567521,4.66909,3.6607,1.00089,,19,5,16,1500000,0.0,4.58644,4.58644,4.49656,0.00553299,4.49616,3.65087,0.838018,,29,5,16,1500000,0.0,4.4818,4.4818,4.40169,0.00552185,4.40129,3.56024,0.833764,,18,5,16,1500000,0.0,4.55907,4.55906,4.46872,0.00625271,4.46832,3.6207,0.839581,,30,5,16,1500000,0.0,4.67715,4.67714,4.58339,0.00585724,4.583,3.7239,0.851442,,17,5,16,1500000,0.0,4.64392,4.64391,4.55802,0.00566605,4.55763,3.64481,0.905303,,16,5,16,1500000,0.0,4.72903,4.72903,4.63894,0.0061491,4.63855,3.7162,0.914291,,20,5,16,1500000,0.0,4.60182,4.60181,4.51528,0.00609888,4.51489,3.65957,0.847321,,21,5,16,1500000,0.0,4.66713,4.66713,4.57804,0.00587784,4.57765,3.73136,0.838577,,22,5,16,1500000,0.0,4.59366,4.59365,4.50587,0.0056246,4.50548,3.63313,0.864868,,13,5,16,1500000,0.0,4.67673,4.67672,4.59418,0.00551429,4.59379,3.60345,0.983144,,15,5,16,1500000,0.0,4.56321,4.5632,4.47015,0.00593354,4.46977,3.61872,0.843404,,14,5,16,1500000,0.0,4.54885,4.54884,4.45874,0.00563576,4.45834,3.53053,0.920484,,12,5,16,1500000,0.0,4.56509,4.56508,4.48157,0.00577306,4.48117,3.60911,0.864575,,11,5,16,1500000,0.0,4.67646,4.67645,4.58939,0.00566394,4.589,3.6209,0.960632,,10,5,16,1500000,0.0,4.64158,4.64158,4.55459,0.00568088,4.55421,3.66301,0.883733,,,,,,
26,6,32,1500000,0.0,4.52224,4.52223,4.44095,0.00709178,4.4402,3.52925,0.901103,,45,6,32,1500000,0.0,4.38577,4.38575,4.30058,0.00700883,4.29984,3.46532,0.824797,,0,6,32,1500000,0.0,4.39266,4.39265,4.30499,0.00716565,4.30425,3.47274,0.821604,,2,6,32,1500000,0.0,4.42468,4.42467,4.34679,0.00723337,4.34602,3.48899,0.847186,,9,6,32,1500000,0.0,4.41892,4.4189,4.3316,0.00799035,4.33086,3.49967,0.820365,,3,6,32,1500000,0.0,4.3522,4.35219,4.27065,0.0074994,4.26991,3.4391,0.820563,,47,6,32,1500000,0.0,4.44977,4.44976,4.36652,0.00737756,4.36577,3.53267,0.823047,,6,6,32,1500000,0.0,4.40554,4.40552,4.32327,0.00707199,4.32255,3.48981,0.82284,,5,6,32,1500000,0.0,4.43414,4.43412,4.34666,0.0073252,4.34592,3.51439,0.821577,,4,6,32,1500000,0.0,4.42596,4.42594,4.33871,0.00718926,4.33798,3.50409,0.824026,,42,6,32,1500000,0.0,4.36959,4.36957,4.2896,0.00721654,4.28887,3.42231,0.856573,,7,6,32,1500000,0.0,4.44684,4.44682,4.35951,0.00747345,4.35877,3.46848,0.879972,,46,6,32,1500000,0.0,4.4458,4.44579,4.35534,0.00719041,4.3546,3.49689,0.847742,,35,6,32,1500000,0.0,4.41158,4.41157,4.32829,0.00709739,4.32756,3.49407,0.823649,,8,6,32,1500000,0.0,4.3965,4.39648,4.31087,0.00763647,4.31014,3.47903,0.820696,,34,6,32,1500000,0.0,4.4865,4.48649,4.40324,0.00755019,4.4025,3.56911,0.823176,,43,6,32,1500000,0.0,4.45037,4.45036,4.35853,0.00726268,4.35778,3.50306,0.844693,,44,6,32,1500000,0.0,4.43112,4.43111,4.34858,0.00722091,4.34785,3.48957,0.848321,,33,6,32,1500000,0.0,4.45339,4.45338,4.31068,0.00719098,4.30996,3.47993,0.819923,,36,6,32,1500000,0.0,4.41326,4.41324,4.32333,0.00724397,4.3226,3.46793,0.844663,,40,6,32,1500000,0.0,4.33997,4.33996,4.25349,0.00758842,4.25276,3.42935,0.813025,,41,6,32,1500000,0.0,4.38417,4.38416,4.30171,0.00705118,4.30098,3.46349,0.827741,,37,6,32,1500000,0.0,4.39865,4.39863,4.31277,0.00721973,4.31202,3.44615,0.855814,,38,6,32,1500000,0.0,4.37044,4.37043,4.28498,0.00713791,4.28423,3.42014,0.854198,,27,6,32,1500000,0.0,4.38907,4.38906,4.30965,0.00731529,4.30894,3.48557,0.813405,,39,6,32,1500000,0.0,4.39171,4.3917,4.30766,0.00743283,4.30693,3.45995,0.836729,,25,6,32,1500000,0.0,4.40397,4.40396,4.32044,0.00725197,4.31971,3.48243,0.827348,,32,6,32,1500000,0.0,4.37384,4.37383,4.2821,0.00753736,4.28139,3.4361,0.834976,,31,6,32,1500000,0.0,4.42271,4.4227,4.33243,0.00753233,4.33168,3.49701,0.824376,,24,6,32,1500000,0.0,4.47371,4.4737,4.3897,0.00703312,4.38895,3.53652,0.842679,,23,6,32,1500000,0.0,4.40537,4.40536,4.3225,0.0073941,4.32178,3.46011,0.851612,,1,6,32,1500000,0.0,4.47538,4.47536,4.39062,0.00691207,4.38986,3.43083,0.949415,,28,6,32,1500000,0.0,4.40517,4.40516,4.3252,0.0077722,4.32446,3.49274,0.82119,,19,6,32,1500000,0.0,4.37326,4.37325,4.29013,0.00710849,4.28938,3.45942,0.820131,,29,6,32,1500000,0.0,4.38669,4.38668,4.30197,0.00726163,4.30121,3.47273,0.81858,,18,6,32,1500000,0.0,4.46056,4.46054,4.37419,0.00756256,4.37346,3.49667,0.866497,,30,6,32,1500000,0.0,4.44501,4.445,4.35904,0.00696117,4.35831,3.49626,0.852392,,17,6,32,1500000,0.0,4.43367,4.43366,4.34607,0.00746393,4.34535,3.49674,0.838319,,16,6,32,1500000,0.0,4.54701,4.54699,4.46097,0.00753816,4.46023,3.55204,0.897888,,20,6,32,1500000,0.0,4.51062,4.5106,4.42383,0.00732999,4.42309,3.57896,0.833868,,21,6,32,1500000,0.0,4.4617,4.46168,4.37658,0.00713065,4.37584,3.53909,0.826794,,22,6,32,1500000,0.0,4.46517,4.46515,4.37474,0.00742116,4.37401,3.48498,0.878785,,13,6,32,1500000,0.0,4.39722,4.39721,4.31364,0.00745001,4.3129,3.48714,0.815713,,15,6,32,1500000,0.0,4.46906,4.46905,4.37919,0.00735192,4.37846,3.54501,0.823386,,14,6,32,1500000,0.0,4.41136,4.41135,4.32623,0.00750569,4.32548,3.47138,0.843898,,12,6,32,1500000,0.0,4.39415,4.39413,4.30868,0.00737754,4.30794,3.43476,0.863071,,11,6,32,1500000,0.0,4.41807,4.41806,4.33252,0.00771589,4.33177,3.49321,0.828088,,10,6,32,1500000,0.0,4.41654,4.41653,4.32798,0.00736017,4.32725,3.46933,0.847679,,,,,,
26,7,64,1500000,0.0,4.18899,4.18897,4.11066,0.00854168,4.10927,3.28439,0.812504,,45,7,64,1500000,0.0,4.18325,4.18322,4.10174,0.00862319,4.10036,3.2703,0.817622,,0,7,64,1500000,0.0,4.21896,4.21894,4.13864,0.00836466,4.13727,3.27452,0.850433,,2,7,64,1500000,0.0,4.38486,4.38483,4.30467,0.0115514,4.30322,3.405,0.882765,,9,7,64,1500000,0.0,4.2769,4.27688,4.19742,0.00909483,4.19606,3.37013,0.812892,,3,7,64,1500000,0.0,4.21676,4.21673,4.13416,0.00889498,4.13279,3.29495,0.82493,,47,7,64,1500000,0.0,4.23693,4.23691,4.15578,0.00856686,4.15438,3.27266,0.869404,,6,7,64,1500000,0.0,4.24662,4.2466,4.1598,0.00842961,4.15841,3.33286,0.813274,,5,7,64,1500000,0.0,4.18291,4.18289,4.09956,0.00829638,4.09817,3.26172,0.824327,,4,7,64,1500000,0.0,4.33332,4.3333,4.24993,0.00841543,4.24861,3.36958,0.866746,,42,7,64,1500000,0.0,4.19226,4.19224,4.11121,0.00836188,4.10985,3.27738,0.820196,,7,7,64,1500000,0.0,4.25363,4.2536,4.16977,0.00891732,4.16838,3.27047,0.885114,,46,7,64,1500000,0.0,4.31123,4.31121,4.22883,0.00874547,4.22745,3.40248,0.812399,,35,7,64,1500000,0.0,4.23243,4.23241,4.15105,0.00917307,4.14966,3.31185,0.824804,,8,7,64,1500000,0.0,4.24294,4.24292,4.15718,0.00850073,4.15582,3.30925,0.834211,,34,7,64,1500000,0.0,4.18965,4.18963,4.10706,0.00873224,4.10569,3.27876,0.81445,,43,7,64,1500000,0.0,4.17574,4.17572,4.09401,0.00881268,4.09262,3.26816,0.811693,,44,7,64,1500000,0.0,4.1694,4.16938,4.08556,0.00887931,4.08422,3.25125,0.820237,,33,7,64,1500000,0.0,4.32168,4.32166,4.18367,0.00840535,4.18231,3.33059,0.839455,,36,7,64,1500000,0.0,4.26656,4.26653,4.18404,0.00866551,4.18266,3.35581,0.814166,,40,7,64,1500000,0.0,4.1565,4.15648,4.07431,0.008504,4.07297,3.22719,0.833369,,41,7,64,1500000,0.0,4.16234,4.16232,4.08152,0.00852043,4.08017,3.24185,0.826055,,37,7,64,1500000,0.0,4.22965,4.22962,4.14796,0.0088347,4.14657,3.28551,0.848149,,38,7,64,1500000,0.0,4.1414,4.14138,4.06401,0.00839263,4.06263,3.2374,0.8129,,27,7,64,1500000,0.0,4.24048,4.24046,4.15391,0.00838687,4.15259,3.30911,0.831363,,39,7,64,1500000,0.0,4.24648,4.24646,4.16735,0.00886556,4.16598,3.28103,0.872219,,25,7,64,1500000,0.0,4.22331,4.22329,4.13865,0.0082472,4.1373,3.31611,0.809139,,32,7,64,1500000,0.0,4.26411,4.26409,4.18722,0.00831968,4.18591,3.34857,0.825096,,31,7,64,1500000,0.0,4.25715,4.25713,4.17599,0.00871979,4.17459,3.27436,0.887694,,24,7,64,1500000,0.0,4.27844,4.27842,4.19881,0.00817671,4.19739,3.36991,0.815482,,23,7,64,1500000,0.0,4.22427,4.22424,4.14033,0.00856666,4.13898,3.28594,0.840573,,1,7,64,1500000,0.0,4.22279,4.22277,4.14195,0.00814641,4.14051,3.3162,0.812337,,28,7,64,1500000,0.0,4.25897,4.25895,4.17423,0.00862698,4.17287,3.30053,0.859862,,19,7,64,1500000,0.0,4.20223,4.2022,4.11811,0.00879777,4.11667,3.29409,0.809982,,29,7,64,1500000,0.0,4.16092,4.1609,4.08081,0.00866665,4.07939,3.24304,0.823906,,18,7,64,1500000,0.0,4.26566,4.26564,4.18375,0.00856378,4.18238,3.30156,0.868386,,30,7,64,1500000,0.0,4.21915,4.21912,4.13348,0.00815853,4.13213,3.27383,0.846404,,17,7,64,1500000,0.0,4.29034,4.29031,4.20593,0.00898754,4.20455,3.37461,0.817027,,16,7,64,1500000,0.0,4.34628,4.34626,4.26296,0.00862307,4.26158,3.34865,0.900387,,20,7,64,1500000,0.0,4.30211,4.30208,4.2227,0.00857815,4.22134,3.37067,0.838038,,21,7,64,1500000,0.0,4.28204,4.28202,4.20243,0.00853079,4.20109,3.35273,0.835819,,22,7,64,1500000,0.0,4.26447,4.26445,4.18174,0.00888544,4.18036,3.30085,0.86672,,13,7,64,1500000,0.0,4.23081,4.23079,4.15198,0.00851469,4.1506,3.31751,0.820729,,15,7,64,1500000,0.0,4.31827,4.31824,4.23969,0.00847599,4.23833,3.25667,0.969267,,14,7,64,1500000,0.0,4.28107,4.28105,4.20225,0.00837567,4.20081,3.30773,0.88095,,12,7,64,1500000,0.0,4.21573,4.21571,4.13456,0.00848069,4.1332,3.27334,0.847671,,11,7,64,1500000,0.0,4.26329,4.26327,4.1802,0.0084999,4.17881,3.31093,0.855567,,10,7,64,1500000,0.0,4.28789,4.28786,4.20481,0.00868322,4.20344,3.34913,0.841766,,,,,,
26,8,128,1500000,0.0,3.99072,3.99069,3.91607,0.00935781,3.91349,3.08244,0.816347,,45,8,128,1500000,0.0,4.06269,4.06265,3.98861,0.00907281,3.98609,3.15182,0.819889,,0,8,128,1500000,0.0,4.08105,4.08101,4.00627,0.00928239,4.00375,3.15884,0.830309,,2,8,128,1500000,0.0,4.05206,4.05202,3.97732,0.00899882,3.97469,3.11279,0.847711,,9,8,128,1500000,0.0,4.04246,4.04242,3.96673,0.00975711,3.96422,3.12205,0.827023,,3,8,128,1500000,0.0,4.11084,4.11081,4.03405,0.00943274,4.03154,3.19875,0.817954,,47,8,128,1500000,0.0,4.05948,4.05944,3.98278,0.00938457,3.98021,3.10818,0.857401,,6,8,128,1500000,0.0,4.06385,4.06381,3.98768,0.00938324,3.98515,3.14044,0.830137,,5,8,128,1500000,0.0,4.14296,4.14293,4.06268,0.00912719,4.05908,3.19659,0.848127,,4,8,128,1500000,0.0,4.1942,4.19416,4.11555,0.00952393,4.11305,3.19762,0.900492,,42,8,128,1500000,0.0,4.02691,4.02687,3.94827,0.00923859,3.94578,3.11602,0.815081,,7,8,128,1500000,0.0,4.0169,4.01686,3.9392,0.0093489,3.93668,3.09934,0.822499,,46,8,128,1500000,0.0,4.10031,4.10028,4.02307,0.00944021,4.02054,3.18649,0.819162,,35,8,128,1500000,0.0,4.12566,4.12563,4.04767,0.00974794,4.04514,3.20188,0.82812,,8,8,128,1500000,0.0,4.12332,4.12328,4.04436,0.00926246,4.04185,3.13709,0.890162,,34,8,128,1500000,0.0,4.02416,4.02412,3.94926,0.00937895,3.94671,3.12382,0.8082,,43,8,128,1500000,0.0,4.10964,4.1096,4.03296,0.00938423,4.03041,3.13788,0.877733,,44,8,128,1500000,0.0,4.05243,4.05239,3.97824,0.00927345,3.97572,3.11188,0.849207,,33,8,128,1500000,0.0,4.14099,4.14095,4.01037,0.00936715,4.00786,3.15313,0.840036,,36,8,128,1500000,0.0,4.08161,4.08157,4.00478,0.00959034,4.00225,3.15579,0.831477,,40,8,128,1500000,0.0,4.12441,4.12438,4.04631,0.00966927,4.04376,3.11793,0.910804,,41,8,128,1500000,0.0,4.06449,4.06446,3.98998,0.00927872,3.98748,3.13574,0.837184,,37,8,128,1500000,0.0,4.02321,4.02317,3.94456,0.00945001,3.94201,3.11625,0.810849,,38,8,128,1500000,0.0,4.0369,4.03686,3.95831,0.00909913,3.95575,3.13753,0.803623,,27,8,128,1500000,0.0,4.04492,4.04488,3.96864,0.00904667,3.96616,3.13833,0.813493,,39,8,128,1500000,0.0,3.99499,3.99495,3.91506,0.00923702,3.91255,3.09394,0.804009,,25,8,128,1500000,0.0,4.05414,4.0541,3.97715,0.00916743,3.97461,3.13556,0.824517,,32,8,128,1500000,0.0,4.10929,4.10925,4.03439,0.00941968,4.03188,3.1665,0.850532,,31,8,128,1500000,0.0,4.05464,4.05461,3.97874,0.00923001,3.97618,3.13276,0.828943,,24,8,128,1500000,0.0,4.2027,4.20267,4.12489,0.00904383,4.12231,3.26296,0.845033,,23,8,128,1500000,0.0,4.05379,4.05375,3.97633,0.00945778,3.97385,3.14227,0.81691,,1,8,128,1500000,0.0,4.01974,4.0197,3.94233,0.0092245,3.93965,3.10935,0.815824,,28,8,128,1500000,0.0,4.06993,4.06989,3.99607,0.00949621,3.99356,3.14961,0.829057,,19,8,128,1500000,0.0,4.03927,4.03923,3.96269,0.00953508,3.96004,3.12724,0.817956,,29,8,128,1500000,0.0,4.03952,4.03948,3.96237,0.00940353,3.95974,3.12935,0.815715,,18,8,128,1500000,0.0,4.07866,4.07863,4.00292,0.00929878,4.00042,3.14046,0.845291,,30,8,128,1500000,0.0,4.03369,4.03365,3.95931,0.00919334,3.95679,3.13264,0.809692,,17,8,128,1500000,0.0,4.10039,4.10036,4.02459,0.0094485,4.02208,3.16376,0.843456,,16,8,128,1500000,0.0,4.12783,4.12779,4.04794,0.00949762,4.04541,3.18897,0.841479,,20,8,128,1500000,0.0,4.06365,4.06362,3.98775,0.00960546,3.98523,3.16335,0.806885,,21,8,128,1500000,0.0,4.10989,4.10985,4.03287,0.00970461,4.03035,3.16797,0.847327,,22,8,128,1500000,0.0,4.06557,4.06553,3.98726,0.00941881,3.98474,3.15514,0.814925,,13,8,128,1500000,0.0,4.0813,4.08127,4.00251,0.00927406,3.99987,3.15305,0.832187,,15,8,128,1500000,0.0,4.02825,4.02822,3.952,0.0093084,3.94949,3.12959,0.805299,,14,8,128,1500000,0.0,4.01076,4.01073,3.93451,0.00904276,3.93189,3.11289,0.804669,,12,8,128,1500000,0.0,4.09036,4.09032,4.01288,0.00912081,4.01037,3.1477,0.848299,,11,8,128,1500000,0.0,4.05627,4.05624,3.97738,0.00947925,3.97485,3.14767,0.812288,,10,8,128,1500000,0.0,4.12064,4.12061,4.04003,0.00939945,4.03754,3.18988,0.832912,,,,,,
26,9,256,1500000,0.0,4.02571,4.02563,3.95372,0.0117954,3.94887,3.06609,0.862225,,45,9,256,1500000,0.0,4.01362,4.01354,3.93974,0.0115912,3.935,3.08715,0.827402,,0,9,256,1500000,0.0,4.06823,4.06816,3.9954,0.0122205,3.99064,3.10692,0.862715,,2,9,256,1500000,0.0,4.06414,4.06406,3.9934,0.0114157,3.98838,3.0975,0.870907,,9,9,256,1500000,0.0,4.0379,4.03783,3.96479,0.0120932,3.96002,3.08637,0.852559,,3,9,256,1500000,0.0,4.0367,4.03662,3.96572,0.0119609,3.96097,3.09231,0.847882,,47,9,256,1500000,0.0,4.01777,4.01768,3.94452,0.0115895,3.93965,3.0612,0.85817,,6,9,256,1500000,0.0,4.01839,4.01833,3.94388,0.0125762,3.93909,3.09938,0.818258,,5,9,256,1500000,0.0,4.07357,4.0735,3.99761,0.0115675,3.99278,3.09962,0.872881,,4,9,256,1500000,0.0,4.08059,4.08051,4.0067,0.0121367,4.00193,3.13749,0.843367,,42,9,256,1500000,0.0,4.01354,4.01346,3.93979,0.0116521,3.93505,3.07637,0.838129,,7,9,256,1500000,0.0,4.01808,4.01799,3.94236,0.0121841,3.9376,3.07879,0.837699,,46,9,256,1500000,0.0,4.1374,4.13734,4.0645,0.0121364,4.05971,3.14204,0.896515,,35,9,256,1500000,0.0,4.1423,4.14222,4.06855,0.0122284,4.06378,3.16776,0.874834,,8,9,256,1500000,0.0,4.05361,4.05354,3.98125,0.0116767,3.97651,3.09709,0.858969,,34,9,256,1500000,0.0,3.97166,3.97158,3.89878,0.0118761,3.89397,3.0459,0.827385,,43,9,256,1500000,0.0,3.98053,3.98046,3.90778,0.0116922,3.90297,3.05923,0.823281,,44,9,256,1500000,0.0,3.99972,3.99964,3.92776,0.0118011,3.92298,3.06735,0.834981,,33,9,256,1500000,0.0,4.09118,4.0911,3.97741,0.0122842,3.97269,3.11903,0.832431,,36,9,256,1500000,0.0,4.07097,4.07089,3.99763,0.0124042,3.99285,3.1177,0.853781,,40,9,256,1500000,0.0,4.01599,4.01592,3.94348,0.0117524,3.9386,3.04259,0.875497,,41,9,256,1500000,0.0,3.96149,3.96141,3.88788,0.0115745,3.88316,3.05533,0.807544,,37,9,256,1500000,0.0,4.01123,4.01115,3.93873,0.0119702,3.93387,3.08945,0.823642,,38,9,256,1500000,0.0,3.96844,3.96837,3.89717,0.0114702,3.89234,3.05646,0.815491,,27,9,256,1500000,0.0,4.03657,4.03649,3.96111,0.0115251,3.9564,3.10027,0.835673,,39,9,256,1500000,0.0,4.0082,4.00811,3.93797,0.0114819,3.93324,3.06043,0.852551,,25,9,256,1500000,0.0,4.00896,4.00888,3.93562,0.0117715,3.9308,3.08625,0.823895,,32,9,256,1500000,0.0,4.02842,4.02834,3.95448,0.0118406,3.94977,3.07628,0.852711,,31,9,256,1500000,0.0,3.97973,3.97965,3.90736,0.0116364,3.90255,3.04954,0.832712,,24,9,256,1500000,0.0,4.02242,4.02235,3.94883,0.0114159,3.94397,3.0762,0.847691,,23,9,256,1500000,0.0,4.02536,4.02528,3.95237,0.0120554,3.94764,3.09678,0.83002,,1,9,256,1500000,0.0,4.0012,4.00114,3.92879,0.0114194,3.92377,3.05861,0.845029,,28,9,256,1500000,0.0,4.03271,4.03265,3.95971,0.0122379,3.95494,3.10788,0.825956,,19,9,256,1500000,0.0,4.06434,4.06426,3.99143,0.0116687,3.98643,3.06388,0.902055,,29,9,256,1500000,0.0,4.01986,4.01978,3.94713,0.0117736,3.94211,3.06669,0.854965,,18,9,256,1500000,0.0,4.05575,4.05567,3.98184,0.0119049,3.97711,3.11856,0.837754,,30,9,256,1500000,0.0,4.02955,4.02949,3.95564,0.0116242,3.9509,3.08731,0.843169,,17,9,256,1500000,0.0,4.06654,4.06646,3.99255,0.0121904,3.9878,3.09781,0.868961,,16,9,256,1500000,0.0,4.08077,4.08071,4.00836,0.012442,4.00356,3.144,0.838188,,20,9,256,1500000,0.0,4.08137,4.08129,4.00789,0.0124216,4.00312,3.13952,0.842058,,21,9,256,1500000,0.0,4.0606,4.06052,3.98838,0.0123744,3.98366,3.11336,0.849047,,22,9,256,1500000,0.0,4.02155,4.02148,3.94816,0.0118207,3.94334,3.07689,0.845828,,13,9,256,1500000,0.0,4.03615,4.03609,3.96371,0.0116348,3.9587,3.11145,0.826778,,15,9,256,1500000,0.0,4.01707,4.01699,3.94282,0.0117546,3.93807,3.08084,0.836703,,14,9,256,1500000,0.0,4.01599,4.01592,3.93945,0.0115309,3.93446,3.07909,0.83505,,12,9,256,1500000,0.0,4.06341,4.06333,3.98885,0.0115739,3.9841,3.12505,0.838697,,11,9,256,1500000,0.0,4.07257,4.07249,4.0017,0.0120883,3.99691,3.12343,0.852383,,10,9,256,1500000,0.0,4.05646,4.05638,3.98335,0.0121663,3.97862,3.12092,0.836764,,,,,,
26,10,512,1500000,0.0,4.10189,4.10175,4.0292,0.0174395,4.02002,3.12407,0.862546,,45,10,512,1500000,0.0,4.03785,4.03771,3.96618,0.0175263,3.95724,3.07503,0.848636,,0,10,512,1500000,0.0,4.05938,4.05922,3.9846,0.0185947,3.97556,3.09754,0.843563,,2,10,512,1500000,0.0,4.08671,4.08656,4.01307,0.0171729,4.00355,3.08572,0.885278,,9,10,512,1500000,0.0,4.08351,4.08337,4.0104,0.0179503,4.00142,3.06934,0.89807,,3,10,512,1500000,0.0,4.06618,4.06602,3.99313,0.0181095,3.98415,3.0839,0.866394,,47,10,512,1500000,0.0,4.03083,4.03067,3.95769,0.0173731,3.94848,3.05569,0.859479,,6,10,512,1500000,0.0,4.08021,4.08006,4.00756,0.0189599,3.99845,3.10341,0.86003,,5,10,512,1500000,0.0,4.10805,4.1079,4.03592,0.0177733,4.02676,3.11753,0.875817,,4,10,512,1500000,0.0,4.07611,4.07596,4.00379,0.0182762,3.99477,3.1197,0.840958,,42,10,512,1500000,0.0,4.04932,4.04918,3.97606,0.0175557,3.96708,3.06158,0.872132,,7,10,512,1500000,0.0,4.04133,4.04118,3.9687,0.0177298,3.95969,3.07069,0.855414,,46,10,512,1500000,0.0,4.18448,4.18433,4.11163,0.0186246,4.10259,3.11381,0.954153,,35,10,510,1499995,0.0,4.07403,4.07389,4.00023,0.0185114,3.99124,3.09671,0.85987,,8,10,512,1500000,0.0,4.0943,4.09416,4.02125,0.0177718,4.01228,3.08208,0.896765,,34,10,510,1499996,0.0,4.05994,4.05981,3.9855,0.0178691,3.97646,3.07705,0.865628,,43,10,510,1499996,0.0,4.03456,4.03441,3.96302,0.0175967,3.95392,3.04386,0.876502,,44,10,512,1500000,0.0,4.04192,4.04178,3.96962,0.017749,3.96056,3.06436,0.862581,,33,10,512,1500000,0.0,4.11349,4.11335,4.00128,0.0186167,3.99231,3.09761,0.860175,,36,10,512,1500000,0.0,4.07916,4.07901,4.00452,0.018724,3.99546,3.0997,0.860845,,40,10,510,1499977,0.0,4.0375,4.03736,3.96636,0.0174943,3.95718,3.05201,0.871803,,41,10,512,1500000,0.0,4.03022,4.03006,3.95768,0.0174574,3.94871,3.06095,0.854677,,37,10,512,1500000,0.0,4.05391,4.05376,3.9816,0.0178541,3.97241,3.06817,0.870279,,38,10,512,1500000,0.0,4.01759,4.01744,3.9467,0.0170624,3.93755,3.04912,0.855627,,27,10,512,1500000,0.0,4.06043,4.06029,3.98737,0.01747,3.97845,3.07648,0.868732,,39,10,512,1500000,0.0,4.02549,4.02535,3.95495,0.0172341,3.94598,3.03378,0.879363,,25,10,512,1500000,0.0,4.06323,4.06308,3.99041,0.0177819,3.98129,3.0841,0.863684,,32,10,512,1500000,0.0,4.04393,4.04377,3.97318,0.017756,3.9642,3.07543,0.855071,,31,10,512,1500000,0.0,4.02362,4.02349,3.95069,0.0176533,3.94159,3.05167,0.856514,,24,10,512,1500000,0.0,4.09637,4.09623,4.02492,0.0206298,4.0127,3.11462,0.861936,,23,10,510,1499988,0.0,4.06989,4.06974,3.99509,0.0183884,3.98609,3.07997,0.871895,,1,10,508,1499972,0.0,4.02881,4.02869,3.95652,0.0171885,3.94707,3.05606,0.858288,,28,10,512,1500000,0.0,4.0857,4.08556,4.01291,0.0184187,4.00382,3.09562,0.873787,,19,10,512,1500000,0.0,4.01751,4.01736,3.94745,0.0175227,3.93796,3.04423,0.860512,,29,10,512,1500000,0.0,4.03082,4.03067,3.95855,0.0174733,3.94902,3.06618,0.849599,,18,10,512,1500000,0.0,4.08879,4.08865,4.01509,0.0181958,4.00611,3.1276,0.844276,,30,10,512,1500000,0.0,4.08015,4.08002,4.00576,0.017583,3.99682,3.07765,0.885813,,17,10,510,1499995,0.0,4.07472,4.07456,4.00076,0.0184409,3.99175,3.09438,0.862974,,16,10,512,1500000,0.0,4.18898,4.18883,4.11388,0.0189104,4.1048,3.13232,0.937427,,20,10,512,1500000,0.0,4.11091,4.11076,4.03716,0.0188263,4.02816,3.12827,0.86491,,21,10,512,1500000,0.0,4.11531,4.11517,4.04036,0.0187489,4.02837,3.11085,0.882717,,22,10,512,1500000,0.0,4.0407,4.04055,3.9681,0.0177494,3.95912,3.05371,0.871782,,13,10,512,1500000,0.0,4.04861,4.04846,3.97715,0.0174819,3.96759,3.07182,0.862522,,15,10,512,1500000,0.0,4.0543,4.05415,3.98205,0.0177588,3.97312,3.05266,0.886939,,14,10,512,1500000,0.0,4.01204,4.0119,3.94063,0.0173929,3.9312,3.03979,0.858472,,12,10,512,1500000,0.0,4.07483,4.07467,4.00163,0.0175198,3.99266,3.07132,0.888187,,11,10,512,1500000,0.0,4.04214,4.04198,3.96956,0.018294,3.96048,3.06328,0.862991,,10,10,512,1500000,0.0,4.06255,4.0624,3.98804,0.0184367,3.97909,3.08383,0.861178,,,,,,
26,11,1022,1499953,0.0,4.09521,4.09495,4.02405,0.0269739,4.00657,3.0265,0.924516,,45,11,1020,1499978,0.0,4.10027,4.10001,4.02849,0.0273592,4.01151,3.03201,0.923764,,0,11,1022,1499996,0.0,4.10642,4.10615,4.03329,0.0284612,4.01614,3.05494,0.904315,,2,11,1020,1499993,0.0,4.16763,4.16736,4.09621,0.0265096,4.07811,3.0858,0.938284,,9,11,1020,1499981,0.0,4.098,4.09772,4.02513,0.0277075,4.0081,3.04113,0.910477,,3,11,1016,1499955,0.0,4.10484,4.10456,4.03327,0.0277663,4.01626,3.05188,0.908302,,47,11,1018,1499968,0.0,4.06223,4.06196,3.99158,0.0269144,3.97407,3.01344,0.905552,,6,11,1024,1500000,0.0,4.11772,4.11744,4.04487,0.0290571,4.02756,3.05818,0.911732,,5,11,1020,1499973,0.0,4.18764,4.18738,4.11334,0.0272784,4.09596,3.13579,0.904476,,4,11,1022,1499993,0.0,4.13905,4.13877,4.06684,0.0283958,4.04969,3.08325,0.909463,,42,11,1022,1499989,0.0,4.07067,4.07041,3.99949,0.0271626,3.98249,3.01784,0.909122,,7,11,1020,1499937,0.0,4.07914,4.07888,4.00783,0.027548,3.99074,3.0266,0.908016,,46,11,1024,1500000,0.0,4.14123,4.14095,4.06767,0.0286821,4.05039,3.08045,0.912764,,35,11,1020,1499995,0.0,4.11593,4.11567,4.04379,0.028684,4.02665,3.06299,0.906079,,8,11,1020,1499983,0.0,4.08221,4.08194,4.01024,0.0273525,3.99317,3.0336,0.904157,,34,11,1012,1499948,0.0,4.10337,4.10309,4.03186,0.0274552,4.01473,3.04254,0.916448,,43,11,1016,1499919,0.0,4.06261,4.06234,3.99158,0.0270402,3.97431,3.02475,0.894165,,44,11,1022,1499984,0.0,4.05473,4.05448,3.98416,0.027109,3.96694,3.01309,0.898499,,33,11,1024,1500000,0.0,4.13128,4.13102,4.02789,0.028611,4.01089,3.04437,0.909141,,36,11,1022,1499976,0.0,4.14913,4.14888,4.07493,0.0290978,4.05768,3.06883,0.930719,,40,11,1020,1499977,0.0,4.05065,4.0504,3.97897,0.0269016,3.96152,3.00625,0.900207,,41,11,1016,1499949,0.0,4.08185,4.08157,4.0096,0.0268734,3.99272,3.0135,0.924624,,37,11,1024,1500000,0.0,4.10485,4.10457,4.03164,0.0278467,4.01408,3.05585,0.901436,,38,11,1018,1499944,0.0,4.05161,4.05135,3.98178,0.0262623,3.96444,3.00412,0.90577,,27,11,1016,1499956,0.0,4.08311,4.08286,4.0109,0.0270204,3.994,3.03766,0.901083,,39,11,1018,1499962,0.0,4.03794,4.03766,3.96777,0.0265015,3.95083,2.99768,0.898915,,25,11,1012,1499881,0.0,4.15709,4.1568,4.08505,0.0271662,4.06782,3.04481,0.967875,,32,11,1020,1499983,0.0,4.0991,4.09883,4.02601,0.0275514,4.00893,3.04484,0.908161,,31,11,1024,1500000,0.0,4.06306,4.06281,3.99142,0.0273186,3.97401,3.01171,0.906789,,24,11,1020,1499929,0.0,4.10603,4.10578,4.03303,0.0268257,4.01549,3.04761,0.913323,,23,11,1018,1499984,0.0,4.07927,4.07899,4.00616,0.0280254,3.98914,3.03751,0.895149,,1,11,1008,1499921,0.0,4.06031,4.06005,3.98987,0.0263116,3.97189,3.00981,0.908159,,28,11,1022,1499988,0.0,4.12262,4.12236,4.04952,0.0284778,4.03232,3.05283,0.922121,,19,11,1024,1500000,0.0,4.05246,4.05219,3.98217,0.026947,3.96407,3.00929,0.899595,,29,11,1022,1499996,0.0,4.07198,4.07172,4.00183,0.0268796,3.98374,3.02899,0.899593,,18,11,1022,1499965,0.0,4.13764,4.13736,4.06452,0.0281458,4.04739,3.07458,0.916133,,30,11,1022,1499993,0.0,4.09433,4.09407,4.0203,0.0269165,4.0033,3.04444,0.903681,,17,11,1016,1499972,0.0,4.13058,4.13031,4.05863,0.0283998,4.04157,3.06467,0.919719,,16,11,1022,1499990,0.0,4.13339,4.13313,4.06109,0.0290361,4.0438,3.07169,0.914328,,20,11,1024,1500000,0.0,4.14327,4.143,4.06929,0.0290838,4.05207,3.08097,0.912846,,21,11,1024,1500000,0.0,4.11861,4.11837,4.04539,0.0287826,4.02827,3.06423,0.906424,,22,11,1022,1499987,0.0,4.09731,4.09705,4.02518,0.0275174,4.00807,3.0359,0.916164,,13,11,1018,1499922,0.0,4.08432,4.08408,4.0124,0.0272278,3.99424,3.0398,0.899041,,15,11,1022,1499962,0.0,4.0786,4.07834,4.00715,0.0273986,3.99015,3.03473,0.899641,,14,11,1018,1499958,0.0,4.07358,4.0733,4.00191,0.0268051,3.98393,3.01851,0.910509,,12,11,1020,1499962,0.0,4.12412,4.12386,4.05285,0.0269249,4.03585,3.05047,0.930502,,11,11,1022,1499997,0.0,4.08076,4.08051,4.00939,0.028212,3.99208,3.03292,0.90239,,10,11,1022,1499998,0.0,4.12705,4.12677,4.05478,0.0284599,4.03775,3.06587,0.915243,,,,,,
26,12,2020,1499770,0.0,4.11733,4.11686,4.05042,0.0399782,4.01779,2.94906,0.97986,,45,12,2010,1499208,0.0,4.13878,4.13831,4.07039,0.0404765,4.03882,2.97246,0.9768,,0,12,2012,1499670,0.0,4.15071,4.15023,4.08165,0.0418738,4.04996,2.98393,0.974718,,2,12,1982,1499094,0.0,4.15952,4.15904,4.09124,0.0392218,4.05792,3.00586,0.965307,,9,12,2012,1499812,0.0,4.13235,4.13188,4.06438,0.0414244,4.03265,2.95908,0.982275,,3,12,1994,1499527,0.0,4.15518,4.15471,4.08572,0.0416161,4.05426,2.98111,0.982305,,47,12,2012,1499822,0.0,4.12046,4.11998,4.0516,0.0403368,4.01888,2.94647,0.983177,,6,12,2032,1499907,0.0,4.15887,4.15838,4.08999,0.0426099,4.05764,2.98329,0.981602,,5,12,2016,1499736,0.0,4.25962,4.25913,4.19038,0.0404863,4.15806,3.08113,0.984561,,4,12,2010,1499798,0.0,4.18736,4.18688,4.11844,0.0422979,4.08665,3.00792,0.986862,,42,12,2010,1499480,0.0,4.10153,4.10105,4.03301,0.0400247,4.00155,2.93922,0.973469,,7,12,2016,1499741,0.0,4.13198,4.13146,4.06273,0.0412413,4.03083,2.95571,0.98448,,46,12,2006,1499580,0.0,4.20313,4.20263,4.13276,0.0421126,4.10114,3.01831,0.991421,,35,12,2016,1499758,0.0,4.1732,4.17271,4.10517,0.0424074,4.07325,2.98728,0.993688,,8,12,2000,1499505,0.0,4.13584,4.13536,4.06644,0.0405232,4.03494,2.96902,0.976678,,34,12,2012,1499710,0.0,4.13856,4.13809,4.06956,0.0406939,4.03744,2.96091,0.986676,,43,12,1998,1499556,0.0,4.10658,4.1061,4.03812,0.0402074,4.00594,2.93745,0.979353,,44,12,2024,1499855,0.0,4.12065,4.12016,4.05161,0.0405365,4.01933,2.9595,0.970143,,33,12,2022,1499675,0.0,4.14424,4.14375,4.07402,0.0419332,4.04244,2.96952,0.980959,,36,12,2010,1499692,0.0,4.17242,4.17193,4.10188,0.0426376,4.07001,2.9916,0.985472,,40,12,2006,1499786,0.0,4.09869,4.0982,4.03099,0.0400373,3.99849,2.938,0.971721,,41,12,1996,1499712,0.0,4.1,4.09954,4.03158,0.0397122,4.0004,2.93997,0.97246,,37,12,2032,1499888,0.0,4.17954,4.17904,4.10887,0.0417132,4.07609,3.0051,0.97902,,38,12,1992,1499338,0.0,4.09974,4.09928,4.03051,0.0391011,3.99835,2.93751,0.973425,,27,12,1988,1499119,0.0,4.131,4.13053,4.06105,0.0401636,4.02975,2.97171,0.969528,,39,12,2004,1499428,0.0,4.08786,4.08738,4.01982,0.0391708,3.9884,2.92745,0.973749,,25,12,1966,1499479,0.0,4.15066,4.15016,4.0816,0.0401364,4.05007,2.97689,0.985041,,32,12,2000,1499035,0.0,4.12609,4.12561,4.05816,0.0410925,4.02668,2.97842,0.958602,,31,12,2040,1499940,0.0,4.10882,4.10831,4.03991,0.0406389,4.00709,2.93838,0.978898,,24,12,1982,1499405,0.0,4.12618,4.12571,4.05627,0.0395404,4.0242,2.9651,0.972042,,23,12,2014,1499861,0.0,4.19238,4.1919,4.12178,0.0414681,4.09011,3.00909,0.989988,,1,12,1986,1499350,0.0,4.11606,4.11559,4.0474,0.0394234,4.01379,2.9523,0.974192,,28,12,2018,1499761,0.0,4.15077,4.15027,4.08143,0.04232,4.04943,2.98232,0.974756,,19,12,2020,1499593,0.0,4.13731,4.13681,4.06868,0.0402632,4.03484,2.95422,0.991351,,29,12,2022,1499744,0.0,4.12929,4.12881,4.06063,0.0404062,4.02667,2.9523,0.984548,,18,12,2014,1499718,0.0,4.17821,4.17772,4.10872,0.0412588,4.0771,3.01522,0.971137,,30,12,1994,1499610,0.0,4.14385,4.14337,4.07406,0.0401457,4.04275,2.9701,0.984128,,17,12,2006,1499794,0.0,4.16672,4.16623,4.09682,0.0419665,4.06523,2.99314,0.980405,,16,12,2004,1499482,0.0,4.19182,4.19134,4.12246,0.0430328,4.09052,3.01438,0.983368,,20,12,2008,1499769,0.0,4.1675,4.16701,4.09648,0.0425402,4.06485,3.00118,0.97089,,21,12,2016,1499455,0.0,4.16439,4.16391,4.09418,0.0427799,4.06245,2.97965,0.989958,,22,12,2016,1499719,0.0,4.13031,4.12982,4.06212,0.04109,4.03029,2.95828,0.98173,,13,12,2014,1499660,0.0,4.13463,4.13415,4.0658,0.0401315,4.03185,2.96247,0.980576,,15,12,2016,1499601,0.0,4.12465,4.12417,4.0557,0.0406226,4.02401,2.95523,0.978815,,14,12,2014,1499656,0.0,4.11314,4.11267,4.04451,0.0400601,4.01078,2.94872,0.973139,,12,12,2008,1499297,0.0,4.17141,4.17094,4.10283,0.0399583,4.07133,2.98332,0.999769,,11,12,2016,1499625,0.0,4.13614,4.13566,4.06719,0.0416466,4.03499,2.96712,0.976781,,10,12,2002,1499583,0.0,4.18803,4.18755,4.11966,0.0415981,4.08828,2.98809,1.00952,,,,,,
26,13,3834,1497175,0.0,4.18878,4.18793,4.12411,0.0575976,4.0666,2.86441,1.06276,,45,13,3774,1494955,0.0,4.21418,4.21336,4.14898,0.0579212,4.09395,2.88924,1.06533,,0,13,3868,1497745,0.0,4.22919,4.22834,4.16438,0.0603096,4.10786,2.90041,1.06341,,2,13,3736,1496944,0.0,4.15976,4.15894,4.09407,0.0562578,4.03557,2.86143,1.03827,,9,13,3836,1498200,0.0,4.27095,4.27009,4.20679,0.0606993,4.13449,2.92332,1.06583,,3,13,3808,1497220,0.0,4.19897,4.19811,4.13403,0.0598098,4.07827,2.89434,1.04165,,47,13,3848,1497126,0.0,4.18145,4.1806,4.11753,0.0579512,4.05942,2.85626,1.06265,,6,13,3898,1497544,0.0,4.20996,4.2091,4.14502,0.0608804,4.08734,2.8975,1.04437,,5,13,3826,1497087,0.0,4.24116,4.24032,4.17682,0.0579583,4.11975,2.93201,1.04777,,4,13,3826,1497602,0.0,4.23281,4.23195,4.16713,0.0602469,4.11097,2.9221,1.04529,,42,13,3814,1497609,0.0,4.16204,4.1612,4.09658,0.0577021,4.04109,2.86201,1.03957,,7,13,3882,1497799,0.0,4.18864,4.18778,4.12429,0.0589503,4.06747,2.86909,1.05558,,46,13,3758,1495918,0.0,4.21786,4.217,4.1525,0.0592224,4.09721,2.92536,1.03071,,35,13,3874,1498205,0.0,4.29024,4.28937,4.22563,0.0614813,4.16874,2.93871,1.07434,,8,13,3784,1497049,0.0,4.1944,4.19358,4.13053,0.0583627,4.07526,2.88823,1.0469,,34,13,3852,1497527,0.0,4.18305,4.18221,4.11905,0.0586334,4.06211,2.8832,1.0375,,43,13,3828,1497110,0.0,4.18622,4.18536,4.1218,0.0581693,4.06472,2.86531,1.05873,,44,13,3828,1497281,0.0,4.18176,4.1809,4.11708,0.0583216,4.06049,2.87386,1.04633,,33,13,3880,1497348,0.0,4.20329,4.20244,4.13762,0.0602418,4.0811,2.89343,1.04293,,36,13,3810,1497086,0.0,4.23365,4.23279,4.16641,0.0610467,4.11021,2.91033,1.05509,,40,13,3838,1498065,0.0,4.16754,4.16669,4.10271,0.0576394,4.04486,2.86284,1.04207,,41,13,3780,1497343,0.0,4.15092,4.1501,4.08605,0.0572402,4.03127,2.85589,1.03716,,37,13,3872,1498224,0.0,4.26237,4.26152,4.19724,0.0599593,4.13617,2.91848,1.07033,,38,13,3788,1496540,0.0,4.13598,4.13515,4.07192,0.0563658,4.01516,2.84711,1.03064,,27,13,3794,1496588,0.0,4.1635,4.16268,4.09749,0.0576493,4.04219,2.87774,1.02563,,39,13,3768,1496416,0.0,4.13128,4.13045,4.06796,0.0562977,4.01309,2.83827,1.03826,,25,13,3714,1495993,0.0,4.1814,4.18057,4.11594,0.0573651,4.06045,2.88832,1.03478,,32,13,3806,1494347,0.0,4.18444,4.18358,4.1202,0.058818,4.06463,2.8924,1.03154,,31,13,3922,1498722,0.0,4.19178,4.19091,4.12823,0.0586848,4.06963,2.85593,1.07142,,24,13,3728,1495662,0.0,4.16165,4.16083,4.09738,0.0563551,4.04131,2.87445,1.03093,,23,13,3818,1497457,0.0,4.20142,4.20057,4.13522,0.0595462,4.07947,2.87751,1.05933,,1,13,3750,1495702,0.0,4.1683,4.16747,4.10359,0.0562295,4.04419,2.86952,1.03851,,28,13,3854,1497862,0.0,4.21353,4.21266,4.14662,0.0609605,4.09005,2.89642,1.04858,,19,13,3842,1497516,0.0,4.1798,4.17895,4.116,0.0581311,4.05595,2.86629,1.04917,,29,13,3848,1497321,0.0,4.17945,4.17859,4.11522,0.0582985,4.05484,2.8725,1.04155,,18,13,3826,1497391,0.0,4.25556,4.25471,4.19008,0.0591378,4.13424,2.95053,1.04154,,30,13,3788,1497999,0.0,4.17364,4.17281,4.10837,0.0574248,4.0532,2.88519,1.02936,,17,13,3830,1497954,0.0,4.22638,4.22554,4.16019,0.0603877,4.1041,2.90412,1.05561,,16,13,3796,1495662,0.0,4.23171,4.23085,4.16606,0.0612581,4.10961,2.9267,1.03855,,20,13,3820,1498094,0.0,4.25205,4.25122,4.18597,0.060985,4.12985,2.91543,1.0685,,21,13,3834,1496964,0.0,4.21755,4.21669,4.15177,0.0611192,4.09554,2.90108,1.04918,,22,13,3854,1498120,0.0,4.19332,4.19245,4.12849,0.0591808,4.07206,2.88263,1.04709,,13,13,3786,1496560,0.0,4.17466,4.17382,4.10958,0.0576217,4.04987,2.88021,1.0311,,15,13,3878,1497971,0.0,4.19829,4.19744,4.13386,0.0584679,4.07727,2.86327,1.07245,,14,13,3828,1496848,0.0,4.18491,4.18406,4.12037,0.0578332,4.06055,2.87011,1.05075,,12,13,3798,1496463,0.0,4.21721,4.21636,4.15295,0.0915761,4.09769,2.8825,1.04263,,11,13,3872,1497754,0.0,4.18785,4.18699,4.12336,0.0600477,4.06595,2.87708,1.04514,,10,13,3808,1497328,0.0,4.21817,4.21732,4.15319,0.0594548,4.09763,2.89805,1.05762,,,,,,
26,14,6822,1488611,0.0,4.24552,4.24413,4.18543,0.0806835,4.08764,2.77827,1.09562,,45,14,6712,1483042,0.0,4.27333,4.27193,4.21269,0.080776,4.11879,2.79494,1.11139,,0,14,6894,1487461,0.0,4.2914,4.28996,4.23082,0.0839988,4.13412,2.81476,1.09997,,2,14,6704,1488477,0.0,4.22869,4.2273,4.16815,0.0791673,4.06709,2.77163,1.08692,,9,14,6942,1491593,0.0,4.28491,4.28347,4.22456,0.0845037,4.12734,2.79243,1.11241,,3,14,6862,1488579,0.0,4.29228,4.29085,4.23113,0.0836408,4.13479,2.81019,1.10615,,47,14,6938,1489160,0.0,4.25138,4.24996,4.19099,0.08199,4.09077,2.76538,1.10858,,6,14,6976,1487409,0.0,4.28858,4.28711,4.22826,0.0848509,4.12894,2.8106,1.09618,,5,14,6860,1488448,0.0,4.25682,4.2554,4.1966,0.0815932,4.09828,2.7896,1.09363,,4,14,6850,1488230,0.0,4.30491,4.30348,4.24343,0.0838794,4.14708,2.82918,1.09875,,42,14,6852,1488749,0.0,4.23234,4.2309,4.17219,0.0810272,4.07664,2.77563,1.08705,,7,14,7002,1489850,0.0,4.2634,4.26197,4.20372,0.0836692,4.10533,2.78147,1.1036,,46,14,6686,1486940,0.0,4.30439,4.30299,4.24326,0.0837585,4.14859,2.84253,1.09025,,35,14,6954,1490365,0.0,4.39114,4.3897,4.32714,0.0854685,4.22926,2.87356,1.13247,,8,14,6744,1488055,0.0,4.27509,4.27371,4.21428,0.081467,4.11965,2.79879,1.10706,,34,14,6880,1489190,0.0,4.26343,4.26199,4.2031,0.0824947,4.10561,2.78904,1.09945,,43,14,6894,1488584,0.0,4.256,4.25456,4.19544,0.0819329,4.09688,2.77398,1.10659,,44,14,6796,1484913,0.0,4.23002,4.2286,4.16982,0.081614,4.07357,2.77329,1.08655,,33,14,6990,1488024,0.0,4.28301,4.28155,4.22173,0.084502,4.12367,2.7981,1.10352,,36,14,6824,1488188,0.0,4.30048,4.29903,4.23742,0.0849611,4.14085,2.82596,1.09438,,40,14,6890,1490403,0.0,4.24422,4.24278,4.18404,0.0812925,4.08477,2.7724,1.09753,,41,14,6822,1488910,0.0,4.2365,4.23512,4.17638,0.0809918,4.08154,2.76833,1.09983,,37,14,7012,1490628,0.0,4.34748,4.34601,4.28634,0.0846632,4.18556,2.85399,1.10889,,38,14,6778,1488415,0.0,4.2273,4.22589,4.16717,0.0797973,4.0702,2.76997,1.08912,,27,14,6764,1487590,0.0,4.26069,4.25926,4.19909,0.0804508,4.10453,2.79906,1.09335,,39,14,6772,1488721,0.0,4.22719,4.22577,4.1678,0.0796646,4.07378,2.75944,1.10375,,25,14,6584,1481596,0.0,4.25083,4.24945,4.18987,0.0793879,4.09557,2.80194,1.08474,,32,14,6784,1483696,0.0,4.25929,4.25789,4.19896,0.0822106,4.10405,2.79657,1.09285,,31,14,7020,1490513,0.0,4.25561,4.25416,4.19625,0.0827889,4.09581,2.76496,1.11259,,24,14,6648,1483531,0.0,4.22901,4.22763,4.16854,0.079008,4.07253,2.78035,1.08418,,23,14,6900,1489893,0.0,4.27685,4.27541,4.21554,0.083786,4.11905,2.78889,1.11073,,1,14,6692,1485776,0.0,4.24547,4.24408,4.18547,0.0789622,4.08386,2.78325,1.09227,,28,14,6910,1488283,0.0,4.30082,4.29935,4.23738,0.0847552,4.14027,2.81708,1.10188,,19,14,6882,1488972,0.0,4.27323,4.27179,4.21274,0.0818424,4.10941,2.78031,1.11317,,29,14,6888,1489219,0.0,4.26033,4.25891,4.2002,0.0818671,4.0969,2.78704,1.09383,,18,14,6910,1488443,0.0,4.34381,4.34236,4.28183,0.0829913,4.18502,2.87726,1.08904,,30,14,6802,1490128,0.0,4.25865,4.25724,4.19732,0.0806505,4.10261,2.8002,1.08953,,17,14,6944,1490722,0.0,4.31897,4.31751,4.25697,0.0848804,4.15938,2.82027,1.11696,,16,14,6726,1484055,0.0,4.30058,4.29916,4.23945,0.0851133,4.14315,2.83227,1.09215,,20,14,6846,1489759,0.0,4.30694,4.30551,4.24532,0.0847733,4.1488,2.83294,1.09477,,21,14,6992,1490483,0.0,4.40471,4.40325,4.34311,0.088613,4.24483,2.87974,1.13558,,22,14,6928,1490039,0.0,4.27283,4.27139,4.21234,0.0836001,4.11544,2.79495,1.10142,,13,14,6790,1487856,0.0,4.2693,4.26791,4.20805,0.0805526,4.10564,2.80229,1.09116,,15,14,6976,1490390,0.0,4.26581,4.26437,4.20479,0.0829183,4.10738,2.78991,1.09915,,14,14,6884,1485716,0.0,4.23767,4.23625,4.17823,0.0812134,4.07503,2.76685,1.09342,,12,14,6754,1486312,0.0,4.28389,4.28249,4.22378,0.0801736,4.12958,2.80337,1.1153,,11,14,6962,1488257,0.0,4.28087,4.27944,4.22057,0.0840865,4.12161,2.7952,1.10634,,10,14,6830,1487229,0.0,4.28161,4.28018,4.22002,0.0833392,4.12417,2.81173,1.09501,,,,,,
26,15,11226,1459627,0.0,4.31553,4.31331,4.25966,0.110287,4.1022,2.67154,1.11728,,45,15,10982,1455460,0.0,4.37085,4.36865,4.3144,0.112261,4.15804,2.72317,1.12226,,0,15,11420,1462672,0.0,4.36654,4.36425,4.31009,0.114324,4.15325,2.71953,1.11119,,2,15,11096,1463943,0.0,4.37549,4.37326,4.3182,0.110959,4.1541,2.73399,1.1096,,9,15,11546,1468314,0.0,4.37882,4.3765,4.3216,0.117831,4.16336,2.70308,1.12922,,3,15,11348,1462147,0.0,4.37049,4.36821,4.31323,0.116151,4.15712,2.71195,1.12161,,47,15,11492,1464624,0.0,4.34355,4.34128,4.2871,0.112603,4.12455,2.67535,1.12885,,6,15,11438,1463023,0.0,4.36839,4.36611,4.31099,0.114803,4.15122,2.71501,1.11123,,5,15,11348,1463290,0.0,4.48111,4.47884,4.42386,0.111965,4.25671,2.77323,1.16294,,4,15,11316,1461238,0.0,4.37157,4.36929,4.3147,0.11598,4.15878,2.72534,1.11068,,42,15,11330,1463163,0.0,4.30707,4.30479,4.25011,0.111273,4.09533,2.6772,1.10217,,7,15,11770,1469636,0.0,4.37373,4.37138,4.31761,0.117454,4.15508,2.69558,1.12932,,46,15,10954,1462265,0.0,4.3833,4.38107,4.32529,0.113504,4.17329,2.74672,1.11148,,35,15,11614,1468426,0.0,4.39993,4.39759,4.34196,0.117064,4.18194,2.72621,1.12516,,8,15,11138,1461409,0.0,4.34657,4.34435,4.29016,0.113266,4.13719,2.6975,1.12306,,34,15,11472,1465592,0.0,4.36472,4.36242,4.3082,0.115286,4.14927,2.70786,1.11774,,43,15,11436,1464365,0.0,4.3545,4.35221,4.29777,0.112438,4.13763,2.68316,1.13463,,44,15,11164,1456394,0.0,4.30997,4.30774,4.25344,0.113152,4.09878,2.68185,1.10125,,33,15,11598,1462558,0.0,4.38051,4.37814,4.32273,0.117602,4.16354,2.7084,1.12585,,36,15,11208,1457479,0.0,4.36104,4.35874,4.30208,0.114279,4.1469,2.71784,1.10852,,40,15,11460,1467839,0.0,4.34715,4.34486,4.29023,0.115026,4.12873,2.68406,1.12294,,41,15,11350,1464627,0.0,4.32395,4.32171,4.26783,0.113263,4.1134,2.67317,1.12219,,37,15,11682,1470596,0.0,4.38604,4.38369,4.32893,0.118152,4.16453,2.71054,1.12243,,38,15,11146,1464504,0.0,4.31617,4.31395,4.25925,0.111377,4.10285,2.6789,1.11093,,27,15,11078,1459109,0.0,4.3368,4.33458,4.27879,0.111396,4.12731,2.70027,1.11476,,39,15,11278,1465969,0.0,4.31331,4.31105,4.25679,0.112102,4.10372,2.67275,1.11594,,25,15,10654,1446051,0.0,4.28671,4.28458,4.22994,0.108298,4.08035,2.67949,1.09603,,32,15,11008,1456135,0.0,4.30977,4.30755,4.25304,0.112475,4.10227,2.70613,1.08307,,31,15,11656,1467327,0.0,4.34568,4.34334,4.28921,0.115565,4.12592,2.67751,1.12327,,24,15,10868,1452126,0.0,4.29699,4.29481,4.24072,0.108959,4.08692,2.67489,1.10667,,23,15,11570,1468636,0.0,4.37146,4.36916,4.31429,0.115035,4.15599,2.70275,1.12718,,1,15,10992,1455689,0.0,4.32678,4.32459,4.27028,0.109647,4.10668,2.67382,1.12526,,28,15,11334,1462153,0.0,4.37848,4.37617,4.31831,0.114673,4.16229,2.72053,1.11872,,19,15,11372,1466191,0.0,4.35291,4.35062,4.29582,0.114156,4.12847,2.68667,1.12117,,29,15,11324,1463904,0.0,4.34686,4.3446,4.28967,0.113626,4.12301,2.69578,1.10815,,18,15,11324,1461737,0.0,4.40652,4.40422,4.34902,0.114705,4.19369,2.77213,1.09942,,30,15,11126,1464460,0.0,4.3387,4.33645,4.2813,0.112013,4.12961,2.70438,1.11164,,17,15,11592,1469105,0.0,4.38995,4.38764,4.33199,0.11611,4.1726,2.72614,1.11783,,16,15,10980,1454772,0.0,4.35452,4.35229,4.29757,0.114475,4.14323,2.72765,1.09792,,20,15,11284,1468066,0.0,4.39366,4.39136,4.33584,0.117112,4.18013,2.73752,1.11716,,21,15,11726,1470848,0.0,4.40281,4.40046,4.34574,0.11717,4.18299,2.72461,1.12682,,22,15,11630,1470509,0.0,4.37584,4.37351,4.31852,0.114858,4.15953,2.71045,1.12349,,13,15,11140,1459249,0.0,4.34606,4.34382,4.28858,0.112206,4.12371,2.70075,1.10917,,15,15,11578,1467202,0.0,4.36096,4.35865,4.30406,0.116195,4.14592,2.69378,1.1263,,14,15,11380,1455968,0.0,4.32948,4.32722,4.27346,0.113725,4.10613,2.67572,1.11053,,12,15,11080,1458807,0.0,4.3504,4.34817,4.276,0.111083,4.12459,2.68149,1.13184,,11,15,11416,1463079,0.0,4.3608,4.35852,4.30386,0.116027,4.14504,2.70241,1.11883,,10,15,11248,1461021,0.0,4.36144,4.35916,4.30413,0.115293,4.14954,2.70716,1.12148,,,,,,
26,16,16868,1404621,0.0,4.37498,4.3717,4.32226,0.147612,4.08868,2.56369,1.08812,,45,16,16508,1395040,0.0,4.354,4.35075,4.30063,0.145988,4.07777,2.56483,1.08173,,0,16,17076,1405053,0.0,4.41675,4.41343,4.36305,0.151752,4.13189,2.58804,1.09601,,2,16,16822,1409391,0.0,4.4455,4.44228,4.39254,0.14702,4.1105,2.5706,1.10524,,9,16,17514,1414368,0.0,4.50149,4.49808,4.44779,0.15527,4.21123,2.64273,1.10567,,3,16,16960,1407036,0.0,4.41921,4.41587,4.36524,0.151406,4.13559,2.59261,1.0961,,47,16,17492,1414671,0.0,4.42933,4.42591,4.3761,0.152243,4.1319,2.56519,1.11375,,6,16,17250,1410814,0.0,4.44448,4.44108,4.39098,0.153544,4.15346,2.6002,1.09974,,5,16,17050,1407601,0.0,4.5107,4.50739,4.4577,0.174326,4.21739,2.61769,1.1324,,4,16,16792,1402416,0.0,4.40541,4.40214,4.35162,0.150367,4.1235,2.59208,1.08891,,42,16,16938,1404271,0.0,4.36241,4.35916,4.30976,0.148292,4.08167,2.55902,1.08295,,7,16,17776,1418274,0.0,4.44687,4.4434,4.39293,0.155262,4.15241,2.58027,1.11114,,46,16,16252,1403578,0.0,4.41911,4.41592,4.36452,0.147764,4.14188,2.61226,1.09748,,35,16,17642,1419059,0.0,4.4957,4.49224,4.44122,0.158092,4.20181,2.61282,1.12401,,8,16,16676,1405990,0.0,4.38,4.37674,4.32656,0.148027,4.10049,2.57519,1.08832,,34,16,17262,1410845,0.0,4.41883,4.41547,4.36505,0.151598,4.12931,2.58364,1.09615,,43,16,17300,1413035,0.0,4.43588,4.43248,4.38165,0.151773,4.14262,2.57248,1.12044,,44,16,16766,1399187,0.0,4.37042,4.36712,4.31663,0.148852,4.08747,2.5543,1.0954,,33,16,17370,1407625,0.0,4.4358,4.43241,4.38145,0.153491,4.14601,2.58829,1.10284,,36,16,16892,1400629,0.0,4.41236,4.40897,4.35609,0.152038,4.1256,2.59397,1.08432,,40,16,17340,1415190,0.0,4.42393,4.42053,4.37029,0.15161,4.12919,2.57077,1.10876,,41,16,17194,1411874,0.0,4.39281,4.38947,4.33929,0.150385,4.10832,2.55837,1.10412,,37,16,17816,1423620,0.0,4.48014,4.47666,4.42586,0.156984,4.17876,2.60047,1.11257,,38,16,16638,1410211,0.0,4.36721,4.36396,4.31373,0.146067,4.08347,2.55969,1.09153,,27,16,16582,1402284,0.0,4.39451,4.39126,4.34081,0.146141,4.11704,2.57681,1.10834,,39,16,16800,1409206,0.0,4.36026,4.35698,4.30738,0.147013,4.08232,2.54723,1.10093,,25,16,15696,1382002,0.0,4.31098,4.3079,4.25868,0.140956,4.04109,2.54005,1.08683,,32,16,16304,1396442,0.0,4.33989,4.33667,4.28643,0.146188,4.06605,2.57242,1.06532,,31,16,17622,1416705,0.0,4.42355,4.42012,4.37027,0.152897,4.12684,2.56729,1.10584,,24,16,16140,1390190,0.0,4.31424,4.3111,4.2616,0.143282,4.03573,2.53783,1.0772,,23,16,17696,1416129,0.0,4.44773,4.44427,4.39365,0.155751,4.15476,2.5869,1.10722,,1,16,16454,1392703,0.0,4.3345,4.33128,4.28193,0.143956,4.04005,2.54022,1.07449,,28,16,16856,1405092,0.0,4.40695,4.40359,4.35063,0.151805,4.12212,2.58436,1.09244,,19,16,17270,1413318,0.0,4.42644,4.42308,4.37175,0.151546,4.12098,2.57673,1.09604,,29,16,17092,1411293,0.0,4.42453,4.42118,4.37103,0.150271,4.12272,2.57617,1.10179,,18,16,16872,1407370,0.0,4.44971,4.44638,4.39513,0.149442,4.16686,2.63918,1.08551,,30,16,16606,1413283,0.0,4.39422,4.39098,4.34025,0.146726,4.11674,2.58928,1.09473,,17,16,17700,1420138,0.0,4.48744,4.48394,4.43252,0.157262,4.19248,2.61737,1.11086,,16,16,16266,1388190,0.0,4.37156,4.36834,4.31805,0.150149,4.09274,2.58947,1.06841,,20,16,17080,1413239,0.0,4.46354,4.46017,4.40915,0.153663,4.17656,2.62001,1.1042,,21,16,17726,1420287,0.0,4.49146,4.48803,4.43778,0.157519,4.19762,2.61449,1.11623,,22,16,17648,1422862,0.0,4.46809,4.46465,4.41349,0.155215,4.17552,2.60254,1.11407,,13,16,16608,1404342,0.0,4.38586,4.38262,4.3324,0.146611,4.09011,2.57589,1.08208,,15,16,17386,1414670,0.0,4.4199,4.41651,4.36679,0.152514,4.13249,2.57826,1.10281,,14,16,17144,1398388,0.0,4.39846,4.39513,4.34591,0.149504,4.09711,2.5486,1.10514,,12,16,16566,1405947,0.0,4.40987,4.40665,4.35665,0.146353,4.13333,2.5945,1.10822,,11,16,17118,1406242,0.0,4.41224,4.40891,4.35851,0.15148,4.12365,2.57916,1.09703,,10,16,16876,1405177,0.0,4.41828,4.41497,4.36492,0.150612,4.13632,2.58933,1.10389,,,,,,
26,17,22780,1300830,0.0,4.32264,4.3183,4.2729,0.183489,3.95995,2.37236,1.02726,,45,17,22078,1292730,0.0,4.30016,4.29593,4.25112,0.179227,3.9556,2.38052,1.02736,,0,17,22916,1305381,0.0,4.3756,4.37118,4.32574,0.18691,4.018,2.40888,1.03921,,2,17,22658,1318149,0.0,4.4265,4.4222,4.37628,0.196523,4.04867,2.41147,1.06665,,9,17,23788,1319519,0.0,4.43103,4.42646,4.38082,0.192683,4.06264,2.41649,1.05029,,3,17,23038,1310401,0.0,4.39593,4.39149,4.3457,0.188076,4.03632,2.41992,1.04184,,47,17,23898,1319919,0.0,4.41746,4.41292,4.36775,0.190969,4.03744,2.40171,1.05017,,6,17,23418,1317488,0.0,4.42638,4.42186,4.3759,0.19071,4.05563,2.42977,1.04253,,5,17,22998,1303864,0.0,4.40689,4.40248,4.35752,0.185601,4.04141,2.43935,1.03499,,4,17,22726,1306956,0.0,4.37635,4.37196,4.32633,0.185627,4.02062,2.41948,1.03476,,42,17,22766,1299350,0.0,4.30884,4.30449,4.25908,0.183329,3.95574,2.37345,1.02148,,7,17,24152,1329024,0.0,4.45549,4.45085,4.40468,0.193861,4.08055,2.42656,1.05922,,46,17,21850,1308417,0.0,4.37447,4.37023,4.32345,0.180399,4.02667,2.43305,1.04469,,35,17,24174,1331664,0.0,4.5668,4.56211,4.51564,0.197077,4.18754,2.49285,1.08355,,8,17,22700,1304186,0.0,4.33521,4.33084,4.28581,0.18416,3.98108,2.39047,1.02807,,34,17,23554,1316772,0.0,4.41077,4.40626,4.36073,0.189701,4.04149,2.41503,1.04416,,43,17,23612,1320799,0.0,4.42992,4.42539,4.3793,0.189863,4.05622,2.40792,1.06708,,44,17,22676,1300771,0.0,4.31948,4.31512,4.26978,0.183791,3.96237,2.37787,1.02354,,33,17,23510,1314841,0.0,4.42061,4.41606,4.36978,0.190791,4.05413,2.42326,1.04666,,36,17,22778,1307683,0.0,4.38788,4.38342,4.33539,0.187146,4.02755,2.42583,1.03051,,40,17,23440,1320025,0.0,4.39722,4.39274,4.34692,0.18864,4.02385,2.40441,1.04211,,41,17,23278,1317401,0.0,4.38018,4.37575,4.33029,0.18709,4.02048,2.39381,1.05334,,37,17,24418,1333673,0.0,4.49242,4.48773,4.44075,0.196991,4.10492,2.4442,1.05559,,38,17,22714,1320028,0.0,4.35787,4.35353,4.30787,0.183104,3.99601,2.39924,1.03688,,27,17,22358,1301050,0.0,4.32604,4.32176,4.27631,0.180912,3.97747,2.39515,1.02937,,39,17,22852,1317987,0.0,4.3408,4.33645,4.29102,0.183714,3.98738,2.38907,1.03729,,25,17,20984,1272551,0.0,4.20149,4.19746,4.15296,0.171761,3.86469,2.33702,1.00406,,32,17,22050,1293868,0.0,4.31373,4.30951,4.2643,0.179984,3.96895,2.38776,1.03254,,31,17,23958,1322897,0.0,4.41897,4.41441,4.36844,0.191571,4.04041,2.40589,1.04825,,24,17,21910,1288895,0.0,4.26575,4.26158,4.21705,0.177299,3.91285,2.35869,1.01306,,23,17,24076,1324294,0.0,4.45289,4.44829,4.4022,0.194185,4.08027,2.42875,1.0562,,1,17,21990,1287725,0.0,4.27292,4.26872,4.22446,0.177133,3.90362,2.35327,1.01035,,28,17,22724,1308258,0.0,4.37985,4.37537,4.32728,0.186493,4.02189,2.41798,1.03621,,19,17,23668,1323813,0.0,4.446,4.44145,4.39512,0.190071,4.05441,2.41569,1.05663,,29,17,23092,1315484,0.0,4.40973,4.4053,4.35961,0.186402,4.02681,2.40359,1.05182,,18,17,22766,1306225,0.0,4.41119,4.40682,4.36082,0.184811,4.05559,2.45005,1.03976,,30,17,22462,1319215,0.0,4.36659,4.36229,4.31603,0.181724,4.01632,2.42437,1.03622,,17,17,24068,1331298,0.0,4.49647,4.49182,4.44557,0.195059,4.12219,2.46005,1.0647,,16,17,21456,1280153,0.0,4.28219,4.27803,4.23323,0.181794,3.93863,2.38893,1.00514,,20,17,23142,1314532,0.0,4.42846,4.42395,4.37766,0.189649,4.06568,2.43984,1.04521,,21,17,24216,1331804,0.0,4.59622,4.59156,4.54517,0.196587,4.21663,2.50619,1.07732,,22,17,24074,1333029,0.0,4.46837,4.46372,4.4177,0.194158,4.0959,2.44561,1.0564,,13,17,22106,1304141,0.0,4.35528,4.35105,4.30555,0.179592,3.9856,2.39383,1.0442,,15,17,23578,1319101,0.0,4.39485,4.39037,4.34448,0.189665,4.02979,2.40761,1.0413,,14,17,23090,1295299,0.0,4.34647,4.34203,4.2974,0.184959,3.96508,2.36702,1.03029,,12,17,22392,1306359,0.0,4.37104,4.36677,4.32176,0.205969,4.01465,2.40375,1.03333,,11,17,23154,1310862,0.0,4.38932,4.38487,4.3391,0.18807,4.02399,2.40857,1.04129,,10,17,23042,1310342,0.0,4.39235,4.38793,4.3423,0.18801,4.03294,2.41742,1.043,,,,,,
26,18,27816,1162004,0.0,4.21231,4.20712,4.16722,0.213406,3.7602,2.13777,0.957828,,45,18,26838,1144102,0.0,4.08569,4.08061,4.04087,0.205678,3.68376,2.12306,0.919284,,0,18,27954,1165744,0.0,4.19881,4.1935,4.15316,0.214541,3.77973,2.17398,0.936583,,2,18,27734,1185343,0.0,4.22931,4.22411,4.18328,0.211221,3.78362,2.17616,0.949386,,9,18,29230,1182065,0.0,4.34684,4.34131,4.30012,0.234765,3.91122,2.21099,0.981427,,3,18,28286,1176785,0.0,4.24454,4.23919,4.19891,0.21905,3.8211,2.18933,0.949969,,47,18,29302,1182499,0.0,4.28915,4.28365,4.24302,0.221925,3.83866,2.17832,0.96471,,6,18,28804,1175651,0.0,4.28171,4.27622,4.23532,0.222508,3.84336,2.19416,0.956423,,5,18,27816,1161100,0.0,4.17736,4.17213,4.13256,0.21282,3.75177,2.14309,0.9452,,4,18,27536,1163687,0.0,4.1889,4.18367,4.14366,0.212462,3.77509,2.17682,0.935214,,42,18,27572,1157258,0.0,4.12667,4.12149,4.08203,0.210041,3.71613,2.13009,0.929578,,7,18,29840,1191610,0.0,4.32623,4.32064,4.27899,0.2271,3.88069,2.20257,0.968571,,46,18,26512,1168347,0.0,4.17969,4.17461,4.13322,0.206124,3.77511,2.19055,0.942539,,35,18,29724,1197949,0.0,4.41121,4.40562,4.364,0.227763,3.96715,2.28209,0.970308,,8,18,27894,1161179,0.0,4.17263,4.16735,4.12728,0.213336,3.75469,2.14931,0.939494,,34,18,28724,1176555,0.0,4.25174,4.24633,4.20579,0.21885,3.81854,2.1824,0.951921,,43,18,29098,1184263,0.0,4.28916,4.28368,4.24309,0.221014,3.84678,2.18014,0.974263,,44,18,27722,1155476,0.0,4.14477,4.13955,4.09985,0.211828,3.72629,2.13965,0.926358,,33,18,28842,1174437,0.0,4.26207,4.2566,4.21579,0.220773,3.83033,2.18515,0.954589,,36,18,27790,1167038,0.0,4.22292,4.21756,4.1742,0.214683,3.80065,2.1841,0.945147,,40,18,28684,1184915,0.0,4.26232,4.25691,4.21626,0.218322,3.82281,2.17841,0.961188,,41,18,28774,1180345,0.0,4.2935,4.28811,4.24789,0.218326,3.86713,2.19201,0.976225,,37,18,30218,1199320,0.0,4.37999,4.37429,4.33222,0.230472,3.91879,2.22543,0.971183,,38,18,27794,1175299,0.0,4.1864,4.18118,4.14075,0.211804,3.76132,2.15631,0.943313,,27,18,27094,1156953,0.0,4.12954,4.12441,4.08424,0.207387,3.72409,2.14755,0.928868,,39,18,28038,1175021,0.0,4.1787,4.1734,4.13301,0.213433,3.76275,2.15055,0.947006,,25,18,25490,1131332,0.0,4.01125,4.00642,3.96552,0.197049,3.61717,2.09271,0.911255,,32,18,26526,1151187,0.0,4.09213,4.08713,4.04762,0.205435,3.69404,2.14247,0.914482,,31,18,29606,1192478,0.0,4.30379,4.29824,4.25705,0.224342,3.85328,2.19051,0.962751,,24,18,26360,1146550,0.0,4.06611,4.06115,4.02192,0.201804,3.65804,2.11205,0.918416,,23,18,29656,1184236,0.0,4.30157,4.29598,4.25511,0.225618,3.86055,2.19586,0.958947,,1,18,26546,1143097,0.0,4.08442,4.07945,4.04009,0.202654,3.65462,2.10686,0.915493,,28,18,27614,1169355,0.0,4.20388,4.19859,4.15602,0.214536,3.78692,2.17735,0.943543,,19,18,29042,1181314,0.0,4.289,4.28352,4.24162,0.221005,3.82546,2.18154,0.954139,,29,18,28228,1170389,0.0,4.22885,4.22353,4.18335,0.215442,3.7784,2.16198,0.941411,,18,18,27618,1164563,0.0,4.2068,4.20154,4.16086,0.211404,3.79237,2.19773,0.933364,,30,18,27704,1182681,0.0,4.2182,4.21301,4.17229,0.211747,3.80432,2.19324,0.950658,,17,18,29576,1192373,0.0,4.34198,4.33634,4.29491,0.226302,3.89948,2.22829,0.962124,,16,18,25772,1133982,0.0,4.06706,4.06216,4.02321,0.205551,3.67114,2.13057,0.909879,,20,18,28536,1178799,0.0,4.28043,4.27498,4.23393,0.219957,3.85093,2.20936,0.953387,,21,18,29862,1193404,0.0,4.35552,4.34986,4.30838,0.228554,3.90854,2.2282,0.96525,,22,18,29534,1192029,0.0,4.31303,4.30742,4.26636,0.224825,3.87338,2.20866,0.961393,,13,18,26934,1162271,0.0,4.16047,4.15538,4.11516,0.206576,3.72741,2.15032,0.934051,,15,18,28926,1179872,0.0,4.24454,4.2391,4.19888,0.220549,3.81525,2.17632,0.950168,,14,18,28020,1151096,0.0,4.17589,4.17062,4.13104,0.212959,3.7296,2.12418,0.93863,,12,18,27534,1167056,0.0,4.22324,4.21806,4.17794,0.226958,3.79487,2.15254,0.969627,,11,18,28138,1170020,0.0,4.22066,4.21536,4.17483,0.215938,3.79428,2.17363,0.946581,,10,18,28198,1171901,0.0,4.2314,4.22608,4.18544,0.216676,3.80879,2.17984,0.95381,,,,,,
26,19,30580,984192,0.0,3.81792,3.81225,3.77838,0.22524,3.36161,1.84192,0.8087,,45,19,29382,963285,0.0,3.72367,3.71792,3.68455,0.217438,3.29505,1.81558,0.793418,,0,19,30714,986077,0.0,3.84386,3.83811,3.80399,0.227151,3.39427,1.86673,0.811048,,2,19,30616,1010245,0.0,3.95758,3.95191,3.9169,0.255244,3.47719,1.91109,0.826054,,9,19,32778,1015534,0.0,3.99788,3.99176,3.95627,0.24018,3.52173,1.91018,0.841222,,3,19,31436,1000318,0.0,3.99154,3.98567,3.95097,0.239859,3.52907,1.90114,0.880671,,47,19,32422,1005709,0.0,3.95307,3.94706,3.91234,0.237536,3.46695,1.8815,0.834922,,6,19,31914,1001631,0.0,3.94611,3.94016,3.90515,0.236435,3.47375,1.89932,0.826853,,5,19,30704,983011,0.0,3.93549,3.92975,3.88933,0.227179,3.4636,1.90699,0.82904,,4,19,30436,987289,0.0,3.84934,3.84365,3.80909,0.226052,3.40287,1.87534,0.81348,,42,19,30240,976982,0.0,3.7712,3.76558,3.73181,0.22294,3.33185,1.82475,0.80331,,7,19,33142,1017632,0.0,4.01669,4.01055,3.97467,0.241888,3.5336,1.91444,0.850151,,46,19,29468,1002067,0.0,3.86398,3.85841,3.82278,0.220606,3.42592,1.90277,0.82707,,35,19,32992,1025612,0.0,4.04771,4.04156,4.00519,0.243342,3.56639,1.9429,0.850242,,8,19,30758,983858,0.0,3.83289,3.82713,3.79302,0.226737,3.38355,1.85514,0.811536,,34,19,31704,1000423,0.0,3.91433,3.90845,3.87367,0.23325,3.44717,1.88465,0.825405,,43,19,32268,1004350,0.0,3.9632,3.95719,3.92215,0.236884,3.4837,1.88427,0.849915,,44,19,30430,974847,0.0,3.79567,3.79001,3.75591,0.225778,3.34674,1.83357,0.80228,,33,19,32072,994779,0.0,3.93372,3.92769,3.89254,0.236568,3.46539,1.88463,0.831359,,36,19,30948,995783,0.0,3.90295,3.89705,3.86049,0.229813,3.44575,1.89488,0.822674,,40,19,31664,1005219,0.0,3.91771,3.91181,3.87674,0.232965,3.44364,1.87902,0.828333,,41,19,31792,1007972,0.0,3.91873,3.91282,3.8779,0.234166,3.45846,1.88267,0.835919,,37,19,33586,1031050,0.0,4.08406,4.07779,4.04146,0.245603,3.58324,1.94518,0.855677,,38,19,30570,1004727,0.0,3.86407,3.8584,3.82356,0.224964,3.40723,1.87052,0.826752,,27,19,29308,977808,0.0,3.74645,3.74097,3.70701,0.216928,3.31818,1.83909,0.794923,,39,19,31202,998814,0.0,3.85891,3.85313,3.81844,0.229007,3.40735,1.8619,0.822823,,25,19,28118,958384,0.0,3.68454,3.6793,3.64623,0.209421,3.25902,1.80616,0.792349,,32,19,28822,967673,0.0,3.70943,3.70405,3.67056,0.214233,3.2875,1.82549,0.787114,,31,19,32910,1017313,0.0,3.99157,3.98548,3.95016,0.239306,3.50323,1.89976,0.844564,,24,19,29162,966255,0.0,3.72178,3.71637,3.68293,0.215452,3.28236,1.80825,0.795294,,23,19,32940,1012355,0.0,3.98907,3.98292,3.94741,0.240694,3.5106,1.90835,0.83763,,1,19,29002,960738,0.0,3.71193,3.70655,3.67372,0.214637,3.25358,1.79443,0.785595,,28,19,30418,987051,0.0,3.84377,3.838,3.80184,0.226,3.39639,1.8669,0.815593,,19,19,32356,1011872,0.0,3.99138,3.98536,3.94916,0.238175,3.487,1.89732,0.83862,,29,19,31308,991842,0.0,3.89942,3.89362,3.85923,0.230647,3.41142,1.86049,0.818516,,18,19,30216,988154,0.0,3.85672,3.85108,3.81609,0.22381,3.41422,1.8874,0.819056,,30,19,30572,1002489,0.0,3.87165,3.86597,3.83102,0.22576,3.42591,1.88645,0.827742,,17,19,32968,1017389,0.0,4.02492,4.01875,3.98272,0.241545,3.54385,1.93292,0.841838,,16,19,28140,955190,0.0,3.69629,3.69099,3.65801,0.21576,3.27505,1.81626,0.788729,,20,19,31608,1004295,0.0,3.95473,3.94878,3.91346,0.235102,3.49119,1.91403,0.833326,,21,19,32846,1014601,0.0,4.01916,4.01305,3.97704,0.241138,3.53914,1.9291,0.842784,,22,19,32676,1015141,0.0,3.9896,3.98347,3.94799,0.240306,3.51424,1.91279,0.841743,,13,19,29558,987170,0.0,3.81809,3.81259,3.77839,0.218978,3.35399,1.85072,0.812298,,15,19,31890,1003073,0.0,3.917,3.91108,3.87606,0.235023,3.45379,1.88267,0.829689,,14,19,30752,972470,0.0,3.82932,3.8236,3.78971,0.227312,3.35052,1.82703,0.807871,,12,19,30416,987111,0.0,3.85962,3.85397,3.81981,0.223932,3.39969,1.8809,0.811473,,11,19,31256,995234,0.0,3.89223,3.88642,3.85161,0.231267,3.43034,1.87639,0.824619,,10,19,31282,1001204,0.0,3.91301,3.90719,3.872,0.231368,3.4556,1.89357,0.830578,,,,,,
26,20,30256,786178,0.0,3.30334,3.29781,3.26994,0.218015,2.85868,1.50064,0.665375,,45,20,29252,769008,0.0,3.22015,3.21475,3.18738,0.211617,2.80021,1.47685,0.651108,,0,20,30590,793299,0.0,3.34448,3.33884,3.31049,0.220794,2.90422,1.53108,0.671372,,2,20,30958,820999,0.0,3.43482,3.42914,3.40013,0.222533,2.95667,1.55838,0.691841,,9,20,32928,818013,0.0,3.5634,3.55737,3.52794,0.24949,3.08714,1.61356,0.698462,,3,20,31556,800521,0.0,3.49216,3.48637,3.45774,0.226824,3.03909,1.58281,0.728573,,47,20,32618,803287,0.0,3.44683,3.44088,3.41206,0.233669,2.96582,1.53547,0.687714,,6,20,31716,803433,0.0,3.4282,3.42235,3.39338,0.229022,2.9651,1.55319,0.681946,,5,20,30838,794721,0.0,3.37269,3.36702,3.33861,0.223023,2.91649,1.53299,0.673882,,4,20,30530,792346,0.0,3.34753,3.34188,3.31346,0.220903,2.90715,1.53255,0.670753,,42,20,30258,775268,0.0,3.26127,3.25577,3.22825,0.217944,2.82885,1.48097,0.655617,,7,20,33568,826792,0.0,3.53901,3.53286,3.50293,0.23977,3.05586,1.58522,0.705608,,46,20,29992,813405,0.0,3.39855,3.39296,3.36328,0.21857,2.96029,1.57459,0.689067,,35,20,33288,833723,0.0,3.56934,3.56322,3.53299,0.239555,3.09103,1.6123,0.71162,,8,20,30602,782730,0.0,3.30939,3.30377,3.27577,0.220765,2.86961,1.50479,0.663195,,34,20,31722,801137,0.0,3.40586,3.40005,3.37125,0.227897,2.94587,1.54067,0.680679,,43,20,32644,809668,0.0,3.47973,3.47373,3.44477,0.234386,3.0028,1.55193,0.703779,,44,20,30232,781226,0.0,3.2881,3.28256,3.25447,0.217634,2.849,1.49548,0.661082,,33,20,31968,800380,0.0,3.4258,3.41989,3.39083,0.2301,2.96588,1.54768,0.684156,,36,20,31024,792902,0.0,3.37893,3.37314,3.34298,0.224648,2.92894,1.54009,0.671843,,40,20,31872,811944,0.0,3.43584,3.42998,3.40094,0.229226,2.96616,1.54937,0.687372,,41,20,31960,810982,0.0,3.41927,3.41344,3.38451,0.229102,2.9633,1.54307,0.689909,,37,20,34056,833668,0.0,3.59727,3.59101,3.56078,0.24272,3.09748,1.60819,0.710652,,38,20,30898,813175,0.0,3.38997,3.38431,3.35531,0.222339,2.93504,1.54279,0.68609,,27,20,29258,780862,0.0,3.24737,3.24198,3.21407,0.211421,2.82684,1.49919,0.655891,,39,20,31322,803873,0.0,3.36714,3.36145,3.33299,0.225064,2.9216,1.52665,0.681312,,25,20,28170,764784,0.0,3.19275,3.18754,3.1603,0.206121,2.77711,1.47649,0.646628,,32,20,28740,774076,0.0,3.20967,3.20438,3.17716,0.208488,2.79649,1.48558,0.649076,,31,20,32988,821115,0.0,3.49772,3.49168,3.46222,0.234372,3.0153,1.56922,0.696975,,24,20,28884,771053,0.0,3.21386,3.2085,3.18105,0.208612,2.78425,1.47091,0.65136,,23,20,33340,815542,0.0,3.50483,3.4987,3.46901,0.237627,3.02808,1.57313,0.694616,,1,20,28944,765428,0.0,3.21218,3.20687,3.17998,0.207928,2.7615,1.45675,0.644867,,28,20,30360,788547,0.0,3.33236,3.32672,3.29702,0.22028,2.89361,1.52181,0.672294,,19,20,32332,810925,0.0,3.47483,3.46891,3.43898,0.232118,2.97774,1.55333,0.686486,,29,20,31442,790807,0.0,3.38789,3.38214,3.35402,0.22614,2.90564,1.51502,0.669491,,18,20,30184,798390,0.0,3.35234,3.34677,3.31832,0.218239,2.91758,1.54856,0.673525,,30,20,30780,808784,0.0,3.38223,3.37656,3.34757,0.221692,2.9411,1.55313,0.683893,,17,20,32834,820752,0.0,3.51536,3.50929,3.47947,0.235301,3.04315,1.59129,0.697842,,16,20,28064,760747,0.0,3.18843,3.18324,3.15595,0.209369,2.77542,1.47588,0.644307,,20,20,32096,812949,0.0,3.47514,3.46916,3.43975,0.232614,3.0122,1.57992,0.691084,,21,20,33144,821072,0.0,3.533,3.5269,3.49711,0.237812,3.05615,1.59199,0.702359,,22,20,32794,820325,0.0,3.49232,3.48622,3.45627,0.23452,3.02283,1.57675,0.696318,,13,20,29692,792377,0.0,3.326,3.32054,3.29241,0.214487,2.86677,1.51581,0.670413,,15,20,32166,808209,0.0,3.43034,3.42445,3.39549,0.231129,2.97066,1.54917,0.68644,,14,20,30724,777164,0.0,3.32728,3.32172,3.29396,0.220558,2.85668,1.48976,0.664562,,12,20,30194,793673,0.0,3.34608,3.34059,3.31226,0.218761,2.90227,1.53686,0.671621,,11,20,31176,802819,0.0,3.39695,3.39123,3.36246,0.225181,2.94278,1.54311,0.682868,,10,20,31732,805682,0.0,3.42862,3.42277,3.39383,0.229398,2.97281,1.55764,0.685318,,,,,,
26,21,27662,597598,0.0,2.7089,2.7039,2.68212,0.195806,2.30643,1.16375,0.518529,,45,21,26718,580126,0.0,2.63134,2.62648,2.60512,0.189654,2.25236,1.13964,0.507615,,0,21,27940,599523,0.0,2.7367,2.73164,2.70953,0.198564,2.33936,1.18419,0.522053,,2,21,28544,626688,0.0,2.89709,2.89196,2.86907,0.212432,2.4417,1.22187,0.564717,,9,21,30334,623048,0.0,2.89676,2.89127,2.86795,0.214785,2.46705,1.22674,0.54728,,3,21,28904,609416,0.0,2.89069,2.88545,2.86278,0.211249,2.47495,1.22867,0.570268,,47,21,29708,611568,0.0,2.83928,2.83393,2.81115,0.210298,2.40516,1.19629,0.538301,,6,21,29052,614453,0.0,2.83494,2.82965,2.80683,0.206776,2.41557,1.21504,0.537835,,5,21,28022,598375,0.0,2.75,2.74491,2.72285,0.198985,2.34035,1.17961,0.522505,,4,21,27978,604675,0.0,2.75734,2.75224,2.72992,0.199324,2.35849,1.19647,0.526234,,42,21,27290,580354,0.0,2.64057,2.63566,2.61445,0.192971,2.25495,1.13171,0.506455,,7,21,30898,630999,0.0,2.93139,2.92583,2.90235,0.21834,2.4921,1.23991,0.556395,,46,21,27726,626929,0.0,2.8206,2.81547,2.79192,0.199374,2.42052,1.23849,0.546543,,35,21,30974,642118,0.0,2.9776,2.97201,2.9479,0.220836,2.5375,1.26962,0.562771,,8,21,28032,596702,0.0,2.72477,2.71969,2.69764,0.19853,2.32618,1.17273,0.519561,,34,21,28692,608817,0.0,2.78891,2.78371,2.76114,0.20338,2.37697,1.19634,0.53155,,43,21,29760,612398,0.0,2.8531,2.84774,2.82487,0.210266,2.42228,1.20172,0.548566,,44,21,27588,594443,0.0,2.70015,2.69512,2.67321,0.195692,2.30409,1.16322,0.516542,,33,21,29056,608123,0.0,2.80753,2.80228,2.77964,0.206022,2.39459,1.20203,0.533912,,36,21,28536,603696,0.0,2.78798,2.78272,2.75903,0.202862,2.37878,1.19986,0.528539,,40,21,29178,618244,0.0,2.82862,2.82333,2.80043,0.206576,2.40316,1.20581,0.538031,,41,21,29734,617386,0.0,2.83665,2.83134,2.80848,0.209865,2.41753,1.20394,0.541667,,37,21,31138,634606,0.0,2.96981,2.96416,2.94026,0.220884,2.51676,1.25246,0.557601,,38,21,28498,622529,0.0,2.80637,2.80122,2.77824,0.201638,2.39151,1.20772,0.540815,,27,21,26492,591500,0.0,2.64371,2.63891,2.61736,0.190071,2.26756,1.15526,0.510301,,39,21,28412,607123,0.0,2.74818,2.74308,2.72084,0.201107,2.34823,1.17898,0.529641,,25,21,25762,580875,0.0,2.60289,2.59819,2.57713,0.183865,2.22791,1.13603,0.505576,,32,21,26298,583615,0.0,2.61987,2.6151,2.59381,0.187786,2.24636,1.14525,0.504038,,31,21,30332,624766,0.0,2.88989,2.88443,2.86111,0.214441,2.45062,1.22136,0.546276,,24,21,26242,588688,0.0,2.63379,2.62906,2.60781,0.186582,2.24837,1.14405,0.51032,,23,21,30748,620875,0.0,2.90228,2.89671,2.87347,0.218074,2.46741,1.2271,0.545994,,1,21,26484,576724,0.0,2.62735,2.62258,2.60151,0.187378,2.21915,1.1225,0.500113,,28,21,27782,600826,0.0,2.74227,2.73712,2.71365,0.198292,2.34542,1.18489,0.528058,,19,21,29596,617696,0.0,2.8648,2.85945,2.83601,0.209117,2.41477,1.20888,0.538861,,29,21,28472,596602,0.0,2.76364,2.75851,2.73657,0.201304,2.33111,1.16929,0.518376,,18,21,27390,602617,0.0,2.7275,2.72256,2.7004,0.194899,2.3375,1.18989,0.52325,,30,21,28044,616452,0.0,2.77349,2.76843,2.74579,0.19903,2.37601,1.20854,0.533665,,17,21,30218,631937,0.0,2.91921,2.91371,2.89015,0.215286,2.48948,1.24981,0.55285,,16,21,25436,574957,0.0,2.59023,2.58558,2.56459,0.186068,2.22014,1.13782,0.49646,,20,21,29390,616139,0.0,2.85346,2.84806,2.82513,0.208914,2.43424,1.22655,0.538182,,21,21,30152,625887,0.0,2.96729,2.96183,2.93234,0.223421,2.52491,1.2645,0.559305,,22,21,29930,625206,0.0,2.8754,2.86995,2.84672,0.211892,2.45148,1.22863,0.546852,,13,21,27242,601725,0.0,2.73118,2.72625,2.70432,0.193599,2.31499,1.17529,0.523299,,15,21,29354,615426,0.0,2.82135,2.81605,2.79328,0.207753,2.40635,1.20639,0.536902,,14,21,27808,582493,0.0,2.70672,2.70175,2.68025,0.19685,2.28464,1.14202,0.514826,,12,21,27580,608054,0.0,2.76805,2.76307,2.74069,0.195795,2.34326,1.18497,0.533412,,11,21,28400,608637,0.0,2.77932,2.7742,2.75182,0.203901,2.37069,1.19358,0.531044,,10,21,29296,616613,0.0,2.83962,2.83428,2.8117,0.208068,2.42368,1.21935,0.539798,,,,,,
26,22,23056,427198,0.0,2.0784,2.07433,2.05814,0.161691,1.74551,0.84959,0.380307,,45,22,22210,412535,0.0,2.00892,2.00498,1.98927,0.155915,1.69653,0.82887,0.369893,,0,22,23254,428451,0.0,2.10306,2.09885,2.08249,0.161774,1.77723,0.881239,0.378951,,2,22,24244,455968,0.0,2.27359,2.26922,2.25209,0.167945,1.90708,0.920361,0.405207,,9,22,25450,443388,0.0,2.23463,2.23005,2.21284,0.176111,1.88039,0.914904,0.395254,,3,22,24294,436058,0.0,2.22722,2.22281,2.20586,0.174789,1.87206,0.908367,0.41635,,47,22,24818,436766,0.0,2.1909,2.18646,2.16955,0.171735,1.83251,0.88959,0.392712,,6,22,24350,438029,0.0,2.18117,2.17674,2.15964,0.167556,1.83657,0.910571,0.385391,,5,22,23344,428519,0.0,2.11455,2.11033,2.09397,0.161833,1.77913,0.881,0.378787,,4,22,22902,429508,0.0,2.09245,2.08831,2.07172,0.159587,1.77005,0.879222,0.379955,,42,22,22504,406923,0.0,1.9968,1.99285,1.97738,0.157552,1.68153,0.812904,0.366028,,7,22,25940,454324,0.0,2.27414,2.26948,2.2517,0.179131,1.91155,0.932987,0.404254,,46,22,23678,457905,0.0,2.20728,2.20293,2.18539,0.164498,1.87163,0.942251,0.399825,,35,22,26222,462659,0.0,2.32598,2.32121,2.30326,0.181064,1.96069,0.969147,0.409272,,8,22,23406,427339,0.0,2.09656,2.09235,2.07615,0.163202,1.76791,0.8662,0.379198,,34,22,24180,436155,0.0,2.16212,2.15777,2.14098,0.168299,1.81942,0.892077,0.389137,,43,22,25188,437648,0.0,2.21182,2.20731,2.19029,0.174238,1.85276,0.894795,0.399616,,44,22,23212,426477,0.0,2.08789,2.08377,2.06753,0.162573,1.75763,0.854964,0.382986,,33,22,24200,434041,0.0,2.15995,2.15552,2.13856,0.16637,1.82234,0.90368,0.383284,,36,22,23826,428153,0.0,2.13852,2.13414,2.11667,0.165306,1.80263,0.889608,0.381429,,40,22,24736,447180,0.0,2.2064,2.20199,2.18505,0.172223,1.8496,0.898047,0.400126,,41,22,24876,441789,0.0,2.19059,2.18617,2.169,0.17209,1.8447,0.898074,0.395021,,37,22,26274,453276,0.0,2.30333,2.29858,2.28069,0.180812,1.92879,0.942828,0.404662,,38,22,24256,451264,0.0,2.19542,2.19112,2.17387,0.169981,1.84553,0.899027,0.403664,,27,22,21938,419784,0.0,2.01334,2.00941,1.99381,0.154033,1.70469,0.83941,0.373077,,39,22,23684,439558,0.0,2.12472,2.12053,2.10378,0.165768,1.79376,0.871677,0.393419,,25,22,21706,416544,0.0,2.00967,2.00579,1.99019,0.152547,1.69419,0.83006,0.374122,,32,22,21788,415633,0.0,1.9984,1.99448,1.97868,0.15329,1.69136,0.833174,0.368773,,31,22,25760,451051,0.0,2.25707,2.25245,2.23498,0.177992,1.88921,0.917428,0.402791,,24,22,22150,420183,0.0,2.03075,2.02679,2.01093,0.155437,1.70808,0.836602,0.374837,,23,22,25576,440853,0.0,2.23234,2.22767,2.21007,0.17596,1.87637,0.918323,0.393338,,1,22,21972,411518,0.0,2.01164,2.00774,1.99237,0.153641,1.67594,0.81876,0.366943,,28,22,23448,432255,0.0,2.13166,2.12741,2.10997,0.164056,1.80128,0.88812,0.388402,,19,22,24778,443137,0.0,2.2153,2.21085,2.19348,0.171621,1.84402,0.899995,0.394346,,29,22,23476,419475,0.0,2.09807,2.0939,2.07779,0.163286,1.74512,0.84616,0.375462,,18,22,22852,431763,0.0,2.10069,2.09654,2.08014,0.158952,1.78046,0.890097,0.380072,,30,22,23370,445983,0.0,2.14382,2.13963,2.12259,0.163318,1.8161,0.900808,0.393789,,17,22,25544,457640,0.0,2.28226,2.27754,2.25976,0.175807,1.92598,0.957004,0.403123,,16,22,20996,409177,0.0,1.97919,1.97536,1.95993,0.150724,1.67755,0.842632,0.358899,,20,22,24682,440847,0.0,2.20724,2.2027,2.18564,0.170707,1.86179,0.922949,0.389285,,21,22,25472,449871,0.0,2.28854,2.28394,2.26651,0.221326,1.93606,0.929124,0.398355,,22,22,25206,448163,0.0,2.23372,2.22918,2.21179,0.175043,1.88193,0.922702,0.399111,,13,22,22932,428952,0.0,2.1063,2.10221,2.08617,0.161164,1.75934,0.861906,0.384026,,15,22,24542,440565,0.0,2.17723,2.17285,2.15604,0.170556,1.83475,0.894787,0.393759,,14,22,23208,414097,0.0,2.08058,2.0765,2.06059,0.161926,1.73178,0.838053,0.375753,,12,22,23250,439928,0.0,2.13597,2.1318,2.11536,0.161766,1.81061,0.90532,0.387327,,11,22,23872,434923,0.0,2.14422,2.13996,2.12334,0.166082,1.80497,0.886376,0.386853,,10,22,24460,435040,0.0,2.17446,2.17005,2.15316,0.168966,1.83338,0.902348,0.388227,,,,,,
26,23,18058,288306,0.0,1.51604,1.51282,1.50145,0.122594,1.26047,0.606352,0.260013,,45,23,16790,278563,0.0,1.43722,1.43423,1.42352,0.114144,1.20577,0.588257,0.250499,,0,23,17992,290294,0.0,1.52063,1.51742,1.50603,0.122548,1.27205,0.616253,0.260843,,2,23,18802,310593,0.0,1.67009,1.66674,1.65469,0.146807,1.39049,0.673001,0.288785,,9,23,19516,295965,0.0,1.60036,1.59691,1.58498,0.132408,1.33203,0.631416,0.270545,,3,23,18974,294696,0.0,1.57632,1.57292,1.56106,0.128925,1.31408,0.631328,0.267497,,47,23,19040,295023,0.0,1.57214,1.5688,1.55712,0.128925,1.30205,0.620225,0.268387,,6,23,18648,298331,0.0,1.57626,1.57292,1.56091,0.126959,1.31436,0.635651,0.268901,,5,23,18036,288401,0.0,1.52645,1.52323,1.51176,0.122899,1.27013,0.613768,0.260456,,4,23,17794,294914,0.0,1.52703,1.52381,1.51218,0.12147,1.28004,0.625975,0.263452,,42,23,17128,273364,0.0,1.4295,1.42646,1.41591,0.116298,1.19411,0.574713,0.246131,,7,23,20202,307370,0.0,1.65117,1.6476,1.63518,0.13872,1.37203,0.651661,0.279579,,46,23,18708,310752,0.0,1.6152,1.61181,1.59924,0.128722,1.35289,0.66239,0.277819,,35,23,20358,312039,0.0,1.6814,1.67777,1.66507,0.139463,1.40067,0.668029,0.284408,,8,23,17868,285862,0.0,1.50238,1.49917,1.48781,0.121676,1.25501,0.606943,0.257638,,34,23,18536,297833,0.0,1.55761,1.55431,1.5426,0.126057,1.29908,0.626349,0.26833,,43,23,19348,297220,0.0,1.598,1.59458,1.58259,0.130902,1.32594,0.629784,0.274957,,44,23,17764,286379,0.0,1.49679,1.49361,1.48231,0.121528,1.24858,0.603066,0.256894,,33,23,18938,297582,0.0,1.57953,1.57615,1.56423,0.128632,1.31776,0.633459,0.269433,,36,23,18154,288686,0.0,1.53267,1.52938,1.51696,0.123814,1.27949,0.619559,0.260836,,40,23,19012,300724,0.0,1.58915,1.58575,1.5738,0.128924,1.31968,0.633736,0.27153,,41,23,19300,300004,0.0,1.59046,1.58709,1.5752,0.130709,1.32616,0.633646,0.272912,,37,23,20490,307172,0.0,1.67569,1.67203,1.65951,0.138871,1.3866,0.657767,0.280959,,38,23,18734,308115,0.0,1.59091,1.58759,1.57553,0.127397,1.32603,0.641866,0.276333,,27,23,16858,280127,0.0,1.44096,1.43795,1.42709,0.114946,1.20837,0.589211,0.249978,,39,23,18682,302437,0.0,1.56667,1.56337,1.55161,0.127091,1.31046,0.630832,0.271838,,25,23,16878,281782,0.0,1.45433,1.4513,1.44015,0.115551,1.21305,0.587215,0.254351,,32,23,16852,282866,0.0,1.44959,1.4466,1.4356,0.115499,1.21635,0.593536,0.252373,,31,23,19984,304755,0.0,1.64053,1.63699,1.62481,0.135489,1.35893,0.647098,0.27734,,24,23,17048,286467,0.0,1.47273,1.46968,1.45847,0.116397,1.2292,0.599835,0.256104,,23,23,19904,299274,0.0,1.6198,1.61627,1.60416,0.134842,1.34641,0.639396,0.273705,,1,23,16976,273966,0.0,1.44849,1.4455,1.43469,0.116359,1.19266,0.572777,0.247635,,28,23,18252,291626,0.0,1.53856,1.53527,1.52317,0.124135,1.28582,0.618434,0.266769,,19,23,19164,299650,0.0,1.60389,1.60046,1.58815,0.129965,1.3206,0.632722,0.270614,,29,23,18218,280792,0.0,1.51645,1.51324,1.50187,0.123338,1.24713,0.594763,0.254782,,18,23,17706,293804,0.0,1.51931,1.51612,1.50459,0.120756,1.2741,0.623612,0.261411,,30,23,18154,307467,0.0,1.5635,1.56028,1.54827,0.123708,1.31325,0.643207,0.273479,,17,23,19982,310725,0.0,1.66111,1.65749,1.64491,0.136287,1.38479,0.665451,0.281059,,16,23,16108,273083,0.0,1.40859,1.40565,1.39508,0.113217,1.1809,0.580809,0.24189,,20,23,19090,296013,0.0,1.58921,1.58577,1.57384,0.129908,1.32465,0.636284,0.268826,,21,23,19678,304463,0.0,1.63059,1.62709,1.61468,0.135726,1.36015,0.648214,0.280158,,22,23,19800,306476,0.0,1.63045,1.62693,1.61479,0.134246,1.35843,0.650272,0.277088,,13,23,17560,286652,0.0,1.50159,1.49846,1.48734,0.11956,1.24109,0.600605,0.257404,,15,23,19150,295457,0.0,1.57715,1.57374,1.56181,0.129829,1.31399,0.627857,0.26825,,14,23,17594,278581,0.0,1.48736,1.48424,1.47308,0.119418,1.2276,0.587919,0.255541,,12,23,17996,293824,0.0,1.53402,1.53086,1.51941,0.122394,1.26937,0.613023,0.263162,,11,23,18650,293441,0.0,1.55757,1.55426,1.54255,0.128151,1.29676,0.623422,0.264567,,10,23,19010,293221,0.0,1.57354,1.57017,1.55839,0.129223,1.31141,0.62793,0.26761,,,,,,
26,24,12876,183426,0.0,1.02337,1.02111,1.01369,0.0872768,0.842489,0.393596,0.169689,,45,24,12134,174500,0.0,0.968965,0.9668,0.959773,0.0822637,0.802754,0.377413,0.161625,,0,24,12924,183982,0.0,1.03242,1.03011,1.02247,0.0886157,0.854756,0.40175,0.171065,,2,24,13416,199729,0.0,1.09865,1.09628,1.08821,0.091109,0.900608,0.425868,0.183811,,9,24,13806,186304,0.0,1.07501,1.07257,1.06468,0.0947218,0.886468,0.408166,0.174901,,3,24,13640,186537,0.0,1.07169,1.06926,1.06143,0.093192,0.884273,0.411862,0.174952,,47,24,13422,186946,0.0,1.05832,1.05597,1.04828,0.0908574,0.86772,0.402976,0.174708,,6,24,13460,192969,0.0,1.08431,1.08188,1.07378,0.0932293,0.896789,0.423134,0.17786,,5,24,12904,185528,0.0,1.03831,1.03599,1.02841,0.0892188,0.856142,0.402792,0.170825,,4,24,12904,191162,0.0,1.04969,1.0474,1.03964,0.0880136,0.871862,0.414202,0.176004,,42,24,12110,167719,0.0,0.946245,0.944131,0.937368,0.0820341,0.781032,0.36329,0.15608,,7,24,14502,195871,0.0,1.12953,1.12697,1.11859,0.0998585,0.930059,0.430404,0.184208,,46,24,13696,201605,0.0,1.12031,1.1178,1.10921,0.0955353,0.929441,0.443012,0.184823,,35,24,14686,200727,0.0,1.16534,1.16263,1.15394,0.101871,0.963389,0.452653,0.188326,,8,24,13018,186619,0.0,1.03828,1.03597,1.02833,0.0883187,0.859206,0.403711,0.172581,,34,24,13374,190878,0.0,1.06888,1.06653,1.05865,0.09094,0.883147,0.414982,0.176801,,43,24,13800,188706,0.0,1.0846,1.08215,1.0743,0.0939856,0.89117,0.412086,0.179193,,44,24,12628,181753,0.0,1.0081,1.00589,0.998495,0.0855372,0.832969,0.391756,0.167104,,33,24,13836,189307,0.0,1.09092,1.0884,1.0804,0.0951704,0.90107,0.422389,0.17674,,36,24,12798,186714,0.0,1.03832,1.03601,1.02806,0.0894568,0.861212,0.405631,0.173104,,40,24,13658,191107,0.0,1.07753,1.07515,1.06728,0.0923714,0.885192,0.41159,0.177991,,41,24,13602,190033,0.0,1.07243,1.07004,1.06209,0.094262,0.886742,0.412787,0.177169,,37,24,14632,197229,0.0,1.14814,1.14548,1.13702,0.101111,0.942737,0.438667,0.184947,,38,24,13608,200814,0.0,1.10247,1.10006,1.09196,0.0923538,0.910804,0.431238,0.184133,,27,24,12166,178676,0.0,0.978142,0.976004,0.968742,0.0826522,0.81138,0.383458,0.163605,,39,24,13494,191236,0.0,1.0601,1.05772,1.04999,0.0912131,0.876634,0.407828,0.177513,,25,24,12410,184742,0.0,1.02051,1.01831,1.01089,0.0861458,0.84616,0.395424,0.178605,,32,24,12016,181334,0.0,0.9808,0.978693,0.971507,0.0817052,0.815934,0.388313,0.165541,,31,24,14258,190638,0.0,1.1006,1.09811,1.09014,0.0971392,0.901437,0.413792,0.17922,,24,24,12346,185443,0.0,1.00977,1.00761,1.00034,0.0840028,0.834767,0.395543,0.170322,,23,24,14246,190428,0.0,1.10523,1.10269,1.09453,0.0972005,0.910726,0.421432,0.180016,,1,24,12458,175701,0.0,0.991928,0.989748,0.982702,0.0842966,0.807047,0.375478,0.162615,,28,24,13014,184538,0.0,1.03972,1.03742,1.02948,0.0887909,0.860566,0.40234,0.173998,,19,24,13858,192361,0.0,1.10245,1.1,1.09177,0.0942176,0.898457,0.418741,0.178929,,29,24,13072,180111,0.0,1.03365,1.03138,1.02398,0.0884587,0.841872,0.39118,0.167618,,18,24,12830,190371,0.0,1.04059,1.03831,1.0306,0.0876154,0.864429,0.41053,0.174038,,30,24,13180,201937,0.0,1.08406,1.08171,1.07369,0.0894603,0.903224,0.433589,0.183007,,17,24,14482,200186,0.0,1.15033,1.14767,1.13898,0.100399,0.951458,0.447495,0.186973,,16,24,11582,174995,0.0,0.954369,0.952314,0.945126,0.0803817,0.791843,0.377602,0.158994,,20,24,13902,187934,0.0,1.09038,1.08785,1.07977,0.0952223,0.899199,0.419257,0.175946,,21,24,14202,196148,0.0,1.17812,1.17548,1.16701,0.103011,0.948822,0.448136,0.186079,,22,24,14090,194384,0.0,1.1038,1.1013,1.09326,0.0976973,0.911273,0.422502,0.181389,,13,24,12500,181674,0.0,1.01386,1.01167,1.00436,0.0847939,0.829417,0.390661,0.167317,,15,24,13864,189020,0.0,1.07561,1.07319,1.06542,0.0938974,0.88687,0.410335,0.176177,,14,24,12660,178545,0.0,1.01269,1.01047,1.00331,0.0856715,0.827147,0.385276,0.167181,,12,24,12812,186135,0.0,1.04298,1.04073,1.0332,0.0872133,0.861608,0.411704,0.171231,,11,24,13342,187182,0.0,1.05466,1.05231,1.0447,0.0904607,0.869359,0.406188,0.173808,,10,24,13438,186014,0.0,1.06045,1.05805,1.05032,0.0929563,0.876191,0.408929,0.173265,,,,,,
26,25,8578,111358,0.0,0.653823,0.652364,0.647766,0.0576942,0.533842,0.243541,0.105436,,45,25,8018,103571,0.0,0.608703,0.607309,0.603014,0.0542577,0.499524,0.228566,0.0979952,,0,25,8730,111350,0.0,0.669231,0.66767,0.662829,0.0606326,0.549843,0.252704,0.106508,,2,25,9194,124215,0.0,0.783777,0.782131,0.776861,0.0640399,0.648715,0.292631,0.146096,,9,25,9198,111423,0.0,0.687926,0.686281,0.681311,0.0635209,0.563218,0.254375,0.107733,,3,25,9008,111447,0.0,0.68105,0.679434,0.674444,0.0618105,0.558192,0.255555,0.107169,,47,25,8916,113525,0.0,0.676927,0.675391,0.670468,0.0602563,0.551582,0.250126,0.108928,,6,25,9144,119014,0.0,0.717283,0.715597,0.710226,0.0650418,0.59039,0.275591,0.113628,,5,25,8494,112356,0.0,0.663437,0.661917,0.657175,0.0583278,0.544198,0.253228,0.105875,,4,25,8698,117621,0.0,0.683314,0.68176,0.676817,0.0593957,0.564002,0.264413,0.110578,,42,25,7724,98281,0.0,0.580003,0.578673,0.574573,0.0521992,0.475151,0.215674,0.0933198,,7,25,9676,117852,0.0,0.737994,0.736269,0.730941,0.0669721,0.600866,0.271281,0.117378,,46,25,9410,124828,0.0,0.739786,0.738053,0.732575,0.0664204,0.609747,0.285514,0.117622,,35,25,9908,123106,0.0,0.774644,0.77271,0.767042,0.0698929,0.639588,0.303739,0.118606,,8,25,8928,114684,0.0,0.676517,0.674975,0.67014,0.0601267,0.554666,0.253455,0.108729,,34,25,8942,114856,0.0,0.679585,0.678025,0.673179,0.060509,0.556599,0.255095,0.10871,,43,25,9088,113636,0.0,0.6882,0.686574,0.681647,0.0619015,0.561632,0.254864,0.110353,,44,25,8500,110529,0.0,0.648129,0.646667,0.642014,0.0572027,0.530962,0.243052,0.104558,,33,25,9080,111915,0.0,0.694135,0.692445,0.687406,0.0636492,0.570293,0.264168,0.107883,,36,25,8430,111528,0.0,0.659913,0.65841,0.653323,0.0580391,0.543827,0.252417,0.10757,,40,25,9194,116327,0.0,0.695211,0.693629,0.688666,0.0619314,0.566334,0.256977,0.111013,,41,25,9228,115658,0.0,0.693425,0.691805,0.686766,0.0627173,0.568464,0.258793,0.110893,,37,25,9646,118553,0.0,0.74144,0.739651,0.734226,0.0675309,0.606362,0.281202,0.114764,,38,25,9176,123316,0.0,0.707199,0.705645,0.700644,0.0617499,0.579263,0.266412,0.115526,,27,25,8208,110904,0.0,0.635001,0.633585,0.629034,0.0553421,0.523034,0.241995,0.103652,,39,25,8918,115600,0.0,0.675116,0.673572,0.668688,0.0599898,0.554343,0.252525,0.110065,,25,25,8404,111075,0.0,0.653805,0.652351,0.647694,0.056713,0.535882,0.248599,0.104895,,32,25,8016,112577,0.0,0.638901,0.637498,0.632925,0.0547601,0.52899,0.249645,0.104276,,31,25,9452,114843,0.0,0.703164,0.701492,0.696528,0.0641993,0.571947,0.258543,0.110402,,24,25,8182,110107,0.0,0.637158,0.635736,0.631152,0.0554356,0.521643,0.24061,0.103926,,23,25,9472,113413,0.0,0.710624,0.708917,0.703792,0.0659643,0.581948,0.265715,0.110353,,1,25,8230,102940,0.0,0.624662,0.623241,0.618858,0.0552977,0.502915,0.227737,0.0985014,,28,25,8688,109504,0.0,0.660594,0.659058,0.654094,0.0589638,0.541575,0.246667,0.106294,,19,25,9484,116689,0.0,0.717597,0.715928,0.710682,0.0644993,0.579182,0.262881,0.112096,,29,25,8590,107080,0.0,0.65034,0.648886,0.644339,0.0582999,0.524917,0.237139,0.10239,,18,25,8578,116489,0.0,0.671467,0.669949,0.665073,0.0587843,0.554392,0.259266,0.108929,,30,25,8806,124358,0.0,0.698333,0.696808,0.691671,0.0604587,0.578084,0.270929,0.115788,,17,25,9974,125416,0.0,0.782198,0.780232,0.774466,0.0702105,0.645739,0.307083,0.120314,,16,25,7806,106916,0.0,0.620569,0.619177,0.614698,0.0556666,0.510993,0.238785,0.0994056,,20,25,9160,113950,0.0,0.702108,0.70042,0.695326,0.0635984,0.576593,0.26688,0.109607,,21,25,9536,119911,0.0,0.759105,0.757188,0.751614,0.0684836,0.62905,0.304085,0.115755,,22,25,9402,118119,0.0,0.712823,0.711132,0.706018,0.0644818,0.584892,0.268801,0.112726,,13,25,8370,109482,0.0,0.651738,0.650291,0.645704,0.0563815,0.52858,0.243963,0.10374,,15,25,9090,112227,0.0,0.677353,0.675788,0.670962,0.0617029,0.554043,0.250643,0.107769,,14,25,8310,106341,0.0,0.633901,0.632508,0.628076,0.0556611,0.512871,0.232425,0.101615,,12,25,8714,113781,0.0,0.664831,0.663327,0.658512,0.0589927,0.54628,0.250915,0.107285,,11,25,8896,111921,0.0,0.672246,0.670707,0.66591,0.0604621,0.549318,0.25,0.106922,,10,25,8800,110451,0.0,0.669198,0.66762,0.662672,0.0605091,0.549225,0.252051,0.106009,,,,,,
26,26,5276,61636,0.0,0.387406,0.386507,0.383807,0.03547,0.313683,0.139937,0.0605033,,45,26,5018,58143,0.0,0.366839,0.365985,0.363414,0.0336098,0.298652,0.133746,0.0567758,,0,26,5360,62518,0.0,0.394412,0.393464,0.390681,0.0368985,0.321873,0.144367,0.0615619,,2,26,5840,71327,0.0,0.449274,0.448193,0.44504,0.0405566,0.36371,0.168216,0.0690234,,9,26,5552,62275,0.0,0.408754,0.407751,0.404868,0.0396459,0.333732,0.14924,0.0620284,,3,26,5648,64311,0.0,0.41825,0.417217,0.414256,0.0408304,0.341338,0.154009,0.0632251,,47,26,5650,65760,0.0,0.417298,0.416333,0.413382,0.0391227,0.338165,0.151288,0.0645692,,6,26,5880,69441,0.0,0.453337,0.452214,0.448966,0.0422334,0.371957,0.174515,0.0682039,,5,26,5390,63320,0.0,0.403273,0.402307,0.399422,0.0375205,0.327932,0.148687,0.0620523,,4,26,5452,67450,0.0,0.412819,0.41184,0.408852,0.0376274,0.338349,0.15505,0.0648153,,42,26,4724,54489,0.0,0.33868,0.337888,0.335561,0.0315763,0.275144,0.120918,0.0535392,,7,26,5966,66663,0.0,0.440579,0.439499,0.436425,0.0416356,0.359455,0.164191,0.0663315,,46,26,5984,70658,0.0,0.455517,0.454377,0.451056,0.0419714,0.373318,0.173793,0.0689702,,35,26,6208,70032,0.0,0.478385,0.477129,0.473667,0.0453933,0.393799,0.187754,0.0691854,,8,26,5580,66145,0.0,0.414983,0.413987,0.410997,0.0382161,0.338686,0.153599,0.0645239,,34,26,5508,65523,0.0,0.41003,0.409044,0.406051,0.0377132,0.334083,0.151216,0.0636469,,43,26,5746,65916,0.0,0.419869,0.418849,0.415882,0.0398306,0.340602,0.151139,0.0654714,,44,26,5440,64710,0.0,0.39945,0.398522,0.395739,0.0365482,0.324752,0.145485,0.0624364,,33,26,5572,61759,0.0,0.419686,0.418612,0.415605,0.0395058,0.343961,0.160697,0.0617456,,36,26,5344,65383,0.0,0.407053,0.406095,0.402985,0.0379528,0.333612,0.152462,0.0636872,,40,26,5822,66638,0.0,0.420642,0.41965,0.416764,0.0394088,0.339869,0.150324,0.0649916,,41,26,5794,66598,0.0,0.419518,0.418523,0.41553,0.0397589,0.341776,0.151941,0.0656519,,37,26,6044,68629,0.0,0.46243,0.461223,0.457896,0.043082,0.378289,0.17882,0.0678161,,38,26,5754,69863,0.0,0.426201,0.425225,0.422264,0.0387857,0.346081,0.155397,0.0674605,,27,26,5290,63184,0.0,0.388675,0.38778,0.38507,0.0354932,0.31684,0.142493,0.06084,,39,26,5740,67276,0.0,0.417548,0.416573,0.413611,0.0384845,0.340059,0.151926,0.0653862,,25,26,5216,63480,0.0,0.384844,0.383977,0.381314,0.0350475,0.31278,0.139639,0.0612935,,32,26,5132,65344,0.0,0.384343,0.383477,0.380811,0.034552,0.315062,0.142083,0.0624842,,31,26,5676,63721,0.0,0.41307,0.412061,0.409131,0.0391343,0.334246,0.149095,0.0630331,,24,26,5184,65023,0.0,0.391645,0.390753,0.388012,0.0348785,0.318727,0.144872,0.0619821,,23,26,5834,63707,0.0,0.430792,0.429695,0.426604,0.0409409,0.351745,0.160929,0.0642696,,1,26,5074,57070,0.0,0.370223,0.369367,0.366873,0.0340437,0.2955,0.130705,0.0564454,,28,26,5354,62991,0.0,0.397117,0.396162,0.393187,0.036843,0.324238,0.145569,0.0626049,,19,26,5936,65812,0.0,0.431145,0.430125,0.427085,0.0407171,0.345396,0.15313,0.0650273,,29,26,5264,61023,0.0,0.389407,0.388508,0.385759,0.0356439,0.312437,0.139394,0.0596872,,18,26,5344,65701,0.0,0.404409,0.403442,0.40048,0.036966,0.331605,0.152033,0.0633432,,30,26,5788,74640,0.0,0.446009,0.444979,0.441724,0.0398144,0.366991,0.170243,0.0710439,,17,26,6440,73018,0.0,0.495388,0.494084,0.490568,0.0468137,0.407792,0.194751,0.0719198,,16,26,5016,62302,0.0,0.378805,0.377921,0.375296,0.0350007,0.309561,0.14055,0.0596885,,20,26,5716,65804,0.0,0.433398,0.432306,0.429201,0.0403449,0.355302,0.165445,0.0648053,,21,26,6086,69819,0.0,0.482568,0.481294,0.477823,0.0473943,0.3989,0.1924,0.0687817,,22,26,5874,64728,0.0,0.425646,0.424598,0.421624,0.0405357,0.346269,0.155179,0.0645309,,13,26,5124,62266,0.0,0.382441,0.381581,0.378921,0.034964,0.307903,0.137733,0.059912,,15,26,5518,62579,0.0,0.399025,0.398051,0.395216,0.0376979,0.324554,0.144147,0.0620034,,14,26,5000,61239,0.0,0.37843,0.377548,0.374971,0.0341588,0.305397,0.138142,0.0592744,,12,26,5430,66607,0.0,0.40706,0.406101,0.403191,0.0373284,0.333411,0.15146,0.0644191,,11,26,5552,62032,0.0,0.401146,0.400171,0.397373,0.0379221,0.325021,0.144037,0.0614996,,10,26,5614,64748,0.0,0.418868,0.417855,0.414848,0.0389822,0.342562,0.156804,0.0640615,,,,,,
26,27,3112,33909,0.0,0.221728,0.221197,0.219671,0.0209387,0.178421,0.0779985,0.0338355,,45,27,2918,31686,0.0,0.205245,0.204765,0.203383,0.0194936,0.166011,0.07219,0.0315493,,0,27,3102,33518,0.0,0.224763,0.224213,0.222627,0.0214967,0.182613,0.0815812,0.0336951,,2,27,3516,39262,0.0,0.26634,0.265687,0.263865,0.024846,0.214696,0.0988704,0.0390974,,9,27,3200,32930,0.0,0.228656,0.228082,0.226485,0.0222975,0.185571,0.0823935,0.0335745,,3,27,3268,33742,0.0,0.233339,0.232754,0.231166,0.0226808,0.189442,0.0846342,0.0343588,,47,27,3258,35228,0.0,0.233669,0.233104,0.231464,0.0230483,0.188313,0.0823255,0.0352872,,6,27,3460,38084,0.0,0.262119,0.261444,0.259557,0.0248254,0.214559,0.101333,0.0377608,,5,27,3168,34029,0.0,0.230723,0.230149,0.228543,0.0219383,0.186689,0.084298,0.0340587,,4,27,3322,37415,0.0,0.241485,0.2409,0.239254,0.0231728,0.196588,0.0878426,0.0368369,,42,27,2736,28616,0.0,0.19138,0.19091,0.189602,0.0182608,0.154468,0.0673834,0.0288075,,7,27,3386,34222,0.0,0.244184,0.243548,0.24185,0.0238023,0.198396,0.0905137,0.0351235,,46,27,3522,37856,0.0,0.2631,0.262417,0.260529,0.0249771,0.214961,0.100696,0.0377557,,35,27,3602,38691,0.0,0.280219,0.279467,0.27746,0.0288597,0.230524,0.10946,0.0387736,,8,27,3392,35972,0.0,0.237244,0.236667,0.235014,0.0231624,0.191675,0.0834038,0.0359504,,34,27,3372,36541,0.0,0.241422,0.240841,0.239143,0.023947,0.195483,0.0860213,0.0363426,,43,27,3368,35408,0.0,0.243258,0.242648,0.240971,0.0232651,0.196364,0.0874378,0.0362239,,44,27,3256,35172,0.0,0.229826,0.229281,0.227656,0.022844,0.185401,0.0799404,0.0349378,,33,27,3224,33643,0.0,0.239731,0.239102,0.237408,0.0240277,0.196037,0.0908185,0.0342608,,36,27,3194,36335,0.0,0.238531,0.237946,0.236158,0.0221902,0.194836,0.0895251,0.0360378,,40,27,3278,35176,0.0,0.235792,0.235207,0.233557,0.0223797,0.189841,0.084075,0.0350911,,41,27,3398,36736,0.0,0.24571,0.245101,0.243383,0.0234024,0.199664,0.0895335,0.0369447,,37,27,3590,38265,0.0,0.270044,0.26934,0.267434,0.0260546,0.22014,0.103325,0.038327,,38,27,3364,37351,0.0,0.241809,0.241236,0.239556,0.0228004,0.195158,0.0859957,0.037234,,27,27,3050,34166,0.0,0.218611,0.218095,0.216601,0.0204878,0.177405,0.0781634,0.0339888,,39,27,3374,36182,0.0,0.237137,0.236569,0.234946,0.022625,0.191784,0.0836807,0.0362516,,25,27,2996,34525,0.0,0.222517,0.221994,0.22048,0.0201982,0.180649,0.0806324,0.0338368,,32,27,3024,35950,0.0,0.224938,0.224417,0.222832,0.0204264,0.183625,0.0833917,0.0348478,,31,27,3412,34303,0.0,0.240577,0.239969,0.238334,0.0234098,0.193549,0.0856296,0.0350316,,24,27,3056,36253,0.0,0.224942,0.224434,0.222877,0.0206459,0.182087,0.0811419,0.0353135,,23,27,3316,34685,0.0,0.244957,0.244312,0.242583,0.0235376,0.200059,0.0931205,0.0351251,,1,27,2812,29663,0.0,0.198577,0.198113,0.196772,0.0187812,0.157435,0.0679202,0.0298489,,28,27,3198,34077,0.0,0.229678,0.229111,0.22744,0.0220131,0.186201,0.0821454,0.0348834,,19,27,3356,34388,0.0,0.243686,0.243072,0.241374,0.0242281,0.194798,0.0863197,0.0349541,,29,27,3140,34466,0.0,0.226189,0.225652,0.224082,0.0213589,0.180776,0.0791729,0.0342853,,18,27,3170,36729,0.0,0.238655,0.238069,0.236333,0.0225742,0.195471,0.0899499,0.0359443,,30,27,3530,42460,0.0,0.260667,0.260062,0.258217,0.0242743,0.213169,0.0961457,0.0411539,,17,27,3726,38712,0.0,0.284199,0.283423,0.281428,0.0289866,0.233084,0.109989,0.0391247,,16,27,2902,33047,0.0,0.216835,0.21631,0.214775,0.0203831,0.176204,0.0798859,0.032723,,20,27,3426,36126,0.0,0.25485,0.254157,0.252335,0.0244512,0.208271,0.0973617,0.0362395,,21,27,3596,36791,0.0,0.275973,0.275231,0.273243,0.0313352,0.226,0.103702,0.0374877,,22,27,3376,33891,0.0,0.235993,0.235401,0.233783,0.0232334,0.190993,0.0843614,0.0347595,,13,27,2974,35915,0.0,0.224858,0.224325,0.222794,0.0201613,0.181166,0.0823113,0.0346907,,15,27,3200,33734,0.0,0.226641,0.226084,0.224506,0.0218949,0.18355,0.0807271,0.0342926,,14,27,2888,33181,0.0,0.212929,0.212434,0.210961,0.0205449,0.170955,0.0751982,0.0327541,,12,27,3206,35467,0.0,0.247718,0.24716,0.245489,0.0221118,0.187668,0.0834185,0.0351568,,11,27,3178,32881,0.0,0.224079,0.223538,0.22201,0.021773,0.180568,0.078903,0.0334277,,10,27,3310,36193,0.0,0.245587,0.244968,0.243275,0.0233239,0.200497,0.0916858,0.0365488,,,,,,
26,28,1738,17587,0.0,0.119949,0.119666,0.118841,0.0117037,0.0959339,0.0407804,0.0180601,,45,28,1590,15975,0.0,0.108017,0.107764,0.107035,0.0106241,0.0868158,0.0366401,0.0162847,,0,28,1712,17089,0.0,0.122736,0.122429,0.12157,0.0122787,0.0994523,0.0441333,0.0176417,,2,28,1942,20085,0.0,0.143339,0.142972,0.142002,0.0137114,0.11512,0.0528855,0.0203756,,9,28,1686,16522,0.0,0.120468,0.120156,0.11932,0.0118546,0.097775,0.0437434,0.0171788,,3,28,1744,16992,0.0,0.124885,0.124563,0.123708,0.0123491,0.101071,0.0451208,0.0178794,,47,28,1794,18894,0.0,0.129611,0.129302,0.128414,0.0131987,0.104406,0.0455389,0.0192256,,6,28,1946,20377,0.0,0.145336,0.144949,0.143912,0.0141058,0.118594,0.0555291,0.0204365,,5,28,1722,17421,0.0,0.121983,0.121678,0.12084,0.0119393,0.0982991,0.0436598,0.0177798,,4,28,1770,18789,0.0,0.128733,0.128412,0.12752,0.0122738,0.104576,0.0474485,0.0187847,,42,28,1456,14606,0.0,0.0990216,0.0987876,0.0981193,0.00974083,0.0795513,0.0338156,0.0148869,,7,28,1848,17996,0.0,0.132614,0.13227,0.131341,0.0132175,0.107701,0.049223,0.0185466,,46,28,1954,20054,0.0,0.144679,0.144299,0.143251,0.0140659,0.117994,0.0550388,0.0203267,,35,28,2012,19544,0.0,0.154343,0.153939,0.152834,0.0168915,0.125835,0.0569646,0.0220154,,8,28,1798,17996,0.0,0.126245,0.125936,0.125091,0.0123701,0.101826,0.0448394,0.0182647,,34,28,1914,18845,0.0,0.135344,0.135007,0.134077,0.0141861,0.109008,0.0471551,0.0195073,,43,28,1820,18442,0.0,0.128556,0.128232,0.127306,0.0125767,0.103581,0.0455301,0.0191222,,44,28,1766,17574,0.0,0.12361,0.123318,0.122456,0.011928,0.0992399,0.0431696,0.0181072,,33,28,1780,17727,0.0,0.130938,0.130596,0.129709,0.0130573,0.10686,0.0497387,0.0181728,,36,28,1726,19965,0.0,0.12881,0.128488,0.127525,0.012035,0.105443,0.0483464,0.0197547,,40,28,1840,18677,0.0,0.126301,0.125996,0.125134,0.0125329,0.101087,0.0430067,0.018961,,41,28,1804,18963,0.0,0.128001,0.127682,0.126775,0.0124245,0.103941,0.0464564,0.0190538,,37,28,2014,19959,0.0,0.149797,0.149398,0.14838,0.015129,0.121734,0.0567232,0.0204646,,38,28,1878,19811,0.0,0.133183,0.132867,0.131948,0.0128193,0.107121,0.0470599,0.0198847,,27,28,1662,17603,0.0,0.118718,0.11843,0.11758,0.0112596,0.096047,0.0424087,0.0177528,,39,28,1824,17896,0.0,0.122088,0.121794,0.120982,0.012221,0.0979122,0.0409999,0.0183713,,25,28,1630,18229,0.0,0.117302,0.117034,0.116233,0.0109723,0.0947572,0.0415722,0.0182671,,32,28,1700,19763,0.0,0.122725,0.122438,0.121609,0.0114577,0.099846,0.0442168,0.0191448,,31,28,1814,17032,0.0,0.124,0.123686,0.122847,0.0124945,0.0993212,0.0430562,0.0177571,,24,28,1762,19683,0.0,0.128924,0.12862,0.1277,0.0118874,0.104087,0.0466773,0.0193145,,23,28,1830,17994,0.0,0.131989,0.131649,0.130763,0.0131383,0.107378,0.0493169,0.018467,,1,28,1520,15075,0.0,0.103856,0.103622,0.102965,0.0101169,0.0818197,0.0345313,0.015367,,28,28,1732,17261,0.0,0.119161,0.118871,0.118005,0.0118744,0.0960169,0.0408957,0.0181266,,19,28,1802,17429,0.0,0.125491,0.125193,0.124345,0.0123891,0.0997028,0.0433834,0.0179992,,29,28,1748,18005,0.0,0.126124,0.125821,0.124971,0.0119846,0.100523,0.0445527,0.0182719,,18,28,1830,19810,0.0,0.13179,0.131467,0.130556,0.0127046,0.107321,0.0482465,0.0197253,,30,28,2074,23200,0.0,0.150475,0.150116,0.149017,0.0142424,0.122518,0.0552509,0.0227281,,17,28,2028,19137,0.0,0.151209,0.150797,0.14973,0.016931,0.123165,0.0563008,0.0199786,,16,28,1662,16797,0.0,0.1145,0.114223,0.113466,0.0115176,0.0919827,0.0394922,0.0169257,,20,28,1996,18855,0.0,0.142177,0.141793,0.140822,0.0143416,0.115248,0.0521672,0.0197264,,21,28,1974,18506,0.0,0.146967,0.146568,0.145561,0.0152298,0.118799,0.0547487,0.0194577,,22,28,1814,16192,0.0,0.126061,0.125735,0.124872,0.0128369,0.101291,0.0440732,0.0176045,,13,28,1698,18175,0.0,0.120606,0.120331,0.119485,0.0115858,0.0960355,0.0413845,0.0183906,,15,28,1746,17213,0.0,0.118174,0.117885,0.117113,0.0119069,0.095097,0.0405825,0.0175702,,14,28,1662,18160,0.0,0.11854,0.118259,0.117432,0.0112922,0.0947114,0.0409867,0.018346,,12,28,1782,18917,0.0,0.126374,0.12607,0.125204,0.0123182,0.102282,0.0447937,0.0191185,,11,28,1760,16078,0.0,0.116775,0.116484,0.115696,0.0120072,0.0931108,0.0388655,0.0169542,,10,28,1814,18397,0.0,0.131251,0.130909,0.130023,0.0127588,0.106826,0.0488542,0.0186949,,,,,,
26,29,938,8979,0.0,0.0624489,0.0623081,0.0618819,0.0062834,0.049661,0.0205833,0.00925767,,45,29,842,7881,0.0,0.0575068,0.0573618,0.0569805,0.00568439,0.0460838,0.0198257,0.00815509,,0,29,892,8397,0.0,0.0606491,0.0605005,0.0601019,0.00614366,0.0488193,0.0210343,0.00876615,,2,29,974,10259,0.0,0.0733412,0.073153,0.0726401,0.00690136,0.059161,0.0276887,0.0103156,,9,29,892,8219,0.0,0.0619965,0.0618435,0.0614411,0.006229,0.0501476,0.0223505,0.00851596,,3,29,862,8331,0.0,0.0612396,0.0610763,0.0606639,0.00602818,0.0496579,0.0224257,0.00861926,,47,29,950,9334,0.0,0.0669574,0.0667957,0.0663385,0.00653267,0.0536694,0.0236089,0.00964467,,6,29,1006,10286,0.0,0.0753929,0.0751996,0.0746776,0.00737755,0.0615485,0.0290246,0.0104189,,5,29,904,8639,0.0,0.0650777,0.0649172,0.0644876,0.00651862,0.0522471,0.0229981,0.00921349,,4,29,976,9722,0.0,0.0691208,0.0689439,0.0684767,0.00673511,0.0559065,0.0250656,0.00986906,,42,29,802,7271,0.0,0.0532198,0.053096,0.052743,0.00537819,0.042489,0.0177829,0.00768105,,7,29,978,8796,0.0,0.068696,0.0685167,0.0680429,0.00703338,0.0554672,0.0250307,0.00932085,,46,29,1074,9903,0.0,0.0760582,0.0758574,0.0753277,0.00769513,0.0614931,0.027592,0.0103441,,35,29,1050,9838,0.0,0.0781264,0.0779198,0.077372,0.00899853,0.0635965,0.0286528,0.0102928,,8,29,864,8615,0.0,0.0587723,0.0586322,0.0582345,0.0059001,0.0472783,0.0202355,0.00874603,,34,29,998,9298,0.0,0.0687023,0.0685274,0.0680723,0.00687094,0.0550574,0.0240079,0.00970523,,43,29,1040,10420,0.0,0.0729007,0.0727193,0.0722305,0.00717478,0.0587114,0.0259027,0.0106471,,44,29,1028,9269,0.0,0.0679852,0.0678202,0.0673862,0.00685966,0.0540878,0.0226695,0.00973211,,33,29,874,8326,0.0,0.0636651,0.0634985,0.0630672,0.00648995,0.0518153,0.0240533,0.00860958,,36,29,968,10232,0.0,0.0718091,0.0716337,0.0711201,0.00689252,0.0584487,0.0267508,0.0104037,,40,29,994,9544,0.0,0.0683828,0.0682193,0.0677639,0.0067735,0.054607,0.0235059,0.00988585,,41,29,934,9954,0.0,0.0667937,0.0666342,0.0661587,0.00645777,0.0543839,0.0244219,0.0100102,,37,29,1010,9645,0.0,0.0751784,0.0749744,0.0744425,0.0078887,0.0610154,0.0282942,0.0101016,,38,29,960,10282,0.0,0.0701929,0.0700218,0.0695317,0.00659137,0.0567113,0.0256058,0.0103773,,27,29,924,8975,0.0,0.0613023,0.0611544,0.06075,0.00619556,0.0490888,0.0204407,0.00912918,,39,29,902,8200,0.0,0.0588828,0.0587444,0.0583696,0.0060576,0.0469611,0.0193401,0.00858094,,25,29,934,9222,0.0,0.0638703,0.0637234,0.0633101,0.00629067,0.0510238,0.0216585,0.00945613,,32,29,910,10792,0.0,0.0669116,0.0667624,0.0662839,0.00617723,0.0545951,0.0244003,0.0105412,,31,29,944,8280,0.0,0.0647074,0.0645424,0.064105,0.00663546,0.0515703,0.0222184,0.00900864,,24,29,946,10391,0.0,0.0663324,0.0661847,0.065695,0.00638314,0.0532362,0.0228844,0.0102818,,23,29,904,8205,0.0,0.0633204,0.0631508,0.0626984,0.00652632,0.0511725,0.022826,0.00875818,,1,29,706,7122,0.0,0.0505154,0.0504036,0.0500704,0.0047661,0.0400676,0.0177634,0.00722377,,28,29,876,8546,0.0,0.0608391,0.0606915,0.0602407,0.00603883,0.0489924,0.0210503,0.00910782,,19,29,912,8127,0.0,0.0619606,0.0618099,0.0614066,0.00630118,0.0489658,0.0210136,0.00859655,,29,29,932,8882,0.0,0.0632939,0.0631487,0.0627291,0.00633281,0.0499626,0.021051,0.00914888,,18,29,966,10366,0.0,0.0713326,0.0711563,0.0706565,0.00740591,0.0582574,0.0261151,0.0104682,,30,29,1142,12311,0.0,0.0804991,0.080313,0.0797676,0.00782904,0.0653253,0.0288987,0.0121246,,17,29,1088,9397,0.0,0.0783971,0.07819,0.0776521,0.00910212,0.0634292,0.0282413,0.0100865,,16,29,808,7871,0.0,0.0561777,0.0560403,0.0556548,0.00564894,0.0450469,0.019527,0.00804632,,20,29,1046,9291,0.0,0.0735421,0.0733351,0.0728202,0.00751398,0.0594206,0.026764,0.00995056,,21,29,1024,9049,0.0,0.0748458,0.0746451,0.0741503,0.00719859,0.0596366,0.0277486,0.00962714,,22,29,862,7767,0.0,0.0591815,0.0590283,0.0586301,0.00597215,0.0476639,0.0210804,0.00824698,,13,29,976,9625,0.0,0.0692932,0.0691221,0.0686583,0.0066396,0.0550412,0.0241486,0.0099316,,15,29,818,7722,0.0,0.0552117,0.0550732,0.0546923,0.00560331,0.0443175,0.018939,0.00803844,,14,29,932,9528,0.0,0.0656084,0.0654544,0.0650184,0.00634808,0.0521638,0.0226006,0.00971289,,12,29,912,9704,0.0,0.066371,0.0662069,0.0657192,0.00633341,0.0539564,0.0244196,0.00984045,,11,29,868,7374,0.0,0.0566585,0.0565177,0.0561415,0.00590725,0.0449592,0.0186346,0.00795716,,10,29,940,8783,0.0,0.0662708,0.0660933,0.0656441,0.00662792,0.0536462,0.024256,0.00918883,,,,,,
26,30,488,4304,0.0,0.0322342,0.0321645,0.0319602,0.003275,0.0255538,0.0106141,0.00458621,,45,30,436,3647,0.0,0.0288747,0.0288051,0.0286318,0.00290198,0.0229625,0.0097983,0.00393905,,0,30,412,4061,0.0,0.0288429,0.0287734,0.02857,0.0028598,0.0233489,0.010276,0.00420951,,2,30,558,5296,0.0,0.0400545,0.0399589,0.0396898,0.00399495,0.0320631,0.0145792,0.00544707,,9,30,408,3543,0.0,0.027926,0.0278584,0.027668,0.00288917,0.0224906,0.00987423,0.00381034,,3,30,428,4009,0.0,0.0302528,0.0301732,0.0299678,0.00302182,0.024486,0.0111163,0.00417122,,47,30,512,4621,0.0,0.0350446,0.0349602,0.0347363,0.00353909,0.0279118,0.0120531,0.00485683,,6,30,534,5207,0.0,0.0391569,0.0390594,0.0387923,0.00397582,0.0318331,0.0147274,0.00534138,,5,30,434,3765,0.0,0.0300484,0.0299732,0.0297782,0.00308165,0.0239687,0.010336,0.00414312,,4,30,456,4523,0.0,0.0316835,0.0316041,0.0313817,0.00314171,0.0255949,0.0112253,0.0046678,,42,30,400,3279,0.0,0.025222,0.0251657,0.0250038,0.00268067,0.0199733,0.0079549,0.00360874,,7,30,476,4118,0.0,0.0321763,0.0320927,0.03188,0.00335465,0.0258241,0.0112963,0.00440721,,46,30,520,4485,0.0,0.0361419,0.0360517,0.0358002,0.00376275,0.029099,0.0130176,0.00475427,,35,30,502,4313,0.0,0.0368756,0.0367784,0.0365152,0.00485851,0.0298259,0.0127181,0.00468672,,8,30,448,4324,0.0,0.0300884,0.0300165,0.0298197,0.00306339,0.0241359,0.0102023,0.00440238,,34,30,456,4448,0.0,0.0323653,0.0322886,0.0320701,0.00315122,0.026095,0.0116211,0.00461873,,43,30,520,4629,0.0,0.0350136,0.034929,0.0346871,0.00357407,0.027945,0.0119048,0.00500268,,44,30,474,3595,0.0,0.02902,0.0289504,0.0287715,0.00311773,0.0227331,0.00885657,0.00401478,,33,30,444,3794,0.0,0.0311896,0.0311076,0.030898,0.00331685,0.0251972,0.0113844,0.0040398,,36,30,450,4910,0.0,0.0338155,0.0337354,0.0334924,0.0032155,0.0275636,0.0125648,0.00497971,,40,30,512,4687,0.0,0.0349202,0.0348338,0.034601,0.00350536,0.0277763,0.0119607,0.00487005,,41,30,484,5281,0.0,0.0347659,0.0346851,0.0344684,0.0033376,0.0283399,0.0127882,0.00521113,,37,30,512,5000,0.0,0.0382575,0.0381586,0.0378939,0.00402623,0.0310949,0.0144124,0.00513983,,38,30,500,5188,0.0,0.0350289,0.0349495,0.0347032,0.0034451,0.0281013,0.0121976,0.00518012,,27,30,450,4101,0.0,0.0292323,0.0291693,0.0289707,0.00302355,0.0232992,0.00950628,0.00429426,,39,30,418,3650,0.0,0.0274937,0.0274316,0.0272455,0.00281031,0.0219294,0.0091133,0.00393891,,25,30,476,4060,0.0,0.0301562,0.0300854,0.0299135,0.00315295,0.0237646,0.00953302,0.00430498,,32,30,542,6270,0.0,0.0383573,0.0382797,0.0380281,0.00361451,0.0311447,0.0135717,0.00605725,,31,30,436,3715,0.0,0.0299308,0.0298566,0.0296593,0.00309092,0.0238214,0.010071,0.00418636,,24,30,520,5740,0.0,0.036727,0.0366494,0.0364083,0.00351837,0.0295864,0.0129131,0.00565316,,23,30,476,3785,0.0,0.0318421,0.031761,0.0315625,0.00338044,0.0255049,0.011128,0.00421835,,1,30,350,3603,0.0,0.0255195,0.0254659,0.0253027,0.00237397,0.0203,0.00913485,0.00359498,,28,30,438,4263,0.0,0.0312985,0.0312225,0.0309991,0.00307435,0.0252675,0.0109588,0.00469404,,19,30,398,3520,0.0,0.027029,0.0269659,0.0267911,0.00273075,0.0213478,0.00919338,0.00374095,,29,30,452,4198,0.0,0.0300678,0.0299991,0.0297936,0.00303582,0.0236127,0.00972216,0.0043743,,18,30,518,5343,0.0,0.0382478,0.0381527,0.0378855,0.00371922,0.0310756,0.0139742,0.00557306,,30,30,584,5792,0.0,0.0401885,0.0400948,0.0398314,0.0039868,0.0324125,0.0141033,0.00590144,,17,30,502,4083,0.0,0.0356611,0.0355689,0.035306,0.0042556,0.0287751,0.0125494,0.00459692,,16,30,416,3889,0.0,0.0290767,0.0290078,0.0288113,0.00291695,0.0233135,0.0101411,0.00405852,,20,30,572,4424,0.0,0.038497,0.0383994,0.0381455,0.00412041,0.0308299,0.0135104,0.00495054,,21,30,496,4131,0.0,0.0352224,0.0351276,0.0348982,0.00348908,0.0279055,0.0126032,0.00453094,,22,30,390,3704,0.0,0.0272887,0.0272233,0.0270386,0.00272048,0.0220764,0.00988313,0.00383992,,13,30,494,4585,0.0,0.0335248,0.0334473,0.033226,0.0033356,0.026443,0.0111729,0.00478966,,15,30,400,3974,0.0,0.0277437,0.0276773,0.0274885,0.00275389,0.0223387,0.00961683,0.00412091,,14,30,462,4779,0.0,0.0331773,0.0331007,0.0328823,0.00318742,0.0264632,0.0116567,0.00481915,,12,30,480,5141,0.0,0.0346707,0.0345868,0.0343202,0.00332467,0.028145,0.0126698,0.00518087,,11,30,386,3301,0.0,0.0253343,0.0252743,0.0251078,0.00262758,0.0201039,0.00840392,0.00354829,,10,30,450,4193,0.0,0.0319676,0.0318861,0.0316805,0.00320589,0.025949,0.0118856,0.00432387,,,,,,
26,31,228,2052,0.0,0.0153651,0.015334,0.0152398,0.00154491,0.0122231,0.0051609,0.00216943,,45,31,174,1511,0.0,0.0115742,0.011551,0.0114762,0.00115858,0.00921823,0.00390807,0.00162066,,0,31,228,1960,0.0,0.0150983,0.0150645,0.014973,0.00157953,0.0120961,0.00511358,0.00209307,,2,31,278,2557,0.0,0.0198547,0.0198096,0.0196859,0.00198451,0.015863,0.00729447,0.00260273,,9,31,192,1691,0.0,0.0133092,0.013281,0.0131966,0.00135198,0.0107652,0.00479311,0.00183405,,3,31,198,1896,0.0,0.0139488,0.0139153,0.0138124,0.00141272,0.0112866,0.00502839,0.00199184,,47,31,226,1898,0.0,0.0153407,0.0153009,0.0151988,0.00156507,0.012184,0.00525697,0.00206213,,6,31,256,2594,0.0,0.0192316,0.0191867,0.0190502,0.00193787,0.0157104,0.00735808,0.00263181,,5,31,180,1588,0.0,0.0124316,0.0124016,0.0123171,0.00124615,0.00993588,0.0043951,0.00169268,,4,31,248,2420,0.0,0.0170932,0.0170538,0.0169421,0.00172083,0.0138112,0.00600206,0.00250319,,42,31,196,1389,0.0,0.0116433,0.0116213,0.0115577,0.00129572,0.00910789,0.00346758,0.00158021,,7,31,218,1826,0.0,0.0146204,0.0145872,0.0144922,0.00153851,0.0117271,0.00505539,0.00201329,,46,31,238,1770,0.0,0.0156327,0.0155963,0.0154986,0.00168545,0.0124426,0.00534568,0.00199038,,35,31,234,1934,0.0,0.0169624,0.0169211,0.0168025,0.00223183,0.0137112,0.00587716,0.00212683,,8,31,216,1885,0.0,0.0140927,0.0140599,0.0139639,0.0014905,0.0112222,0.00463158,0.00201436,,34,31,236,1936,0.0,0.0156529,0.0156183,0.0155088,0.00162451,0.0124441,0.00523534,0.00215356,,43,31,252,2266,0.0,0.0171329,0.0170911,0.0169795,0.00175454,0.0137054,0.0058876,0.00242197,,44,31,186,1357,0.0,0.011162,0.0111366,0.0110774,0.00123614,0.00872474,0.00337083,0.00150836,,33,31,190,1680,0.0,0.0134852,0.0134502,0.0133589,0.00143274,0.0108976,0.00493542,0.00177202,,36,31,238,2337,0.0,0.0184397,0.018396,0.0182659,0.00264878,0.0151127,0.00635971,0.0024727,,40,31,256,2096,0.0,0.0168204,0.0167835,0.0166768,0.00176097,0.013288,0.00556968,0.00228478,,41,31,220,2001,0.0,0.0147908,0.0147595,0.0146645,0.00151148,0.0118879,0.00510962,0.00212532,,37,31,272,2474,0.0,0.0201201,0.0200694,0.0199363,0.00220579,0.01631,0.00760201,0.00256983,,38,31,270,2484,0.0,0.017833,0.0177931,0.0176858,0.00184947,0.0141467,0.00588294,0.00255501,,27,31,228,2088,0.0,0.0150358,0.0150035,0.0149017,0.00153141,0.0120198,0.00499567,0.0021971,,39,31,218,1576,0.0,0.0136389,0.013618,0.0135314,0.00146302,0.0107458,0.00429852,0.00182464,,25,31,176,1570,0.0,0.0114069,0.0113871,0.0113161,0.00117128,0.00903014,0.00367026,0.00166649,,32,31,268,3138,0.0,0.0191901,0.0191495,0.0190117,0.0018188,0.015602,0.0067753,0.00306847,,31,31,202,1660,0.0,0.0134657,0.0134349,0.0133426,0.00141316,0.0106864,0.00444833,0.00186613,,24,31,214,2900,0.0,0.0168705,0.0168436,0.0167277,0.00148552,0.013875,0.00647269,0.00277159,,23,31,188,1526,0.0,0.0128255,0.0127954,0.0127107,0.00135143,0.0103166,0.00452015,0.00173227,,1,31,178,1689,0.0,0.0123766,0.0123509,0.0122703,0.00119042,0.0097412,0.00419897,0.00173834,,28,31,220,1902,0.0,0.0148616,0.0148301,0.0147345,0.00150578,0.0118951,0.00504775,0.00209341,,19,31,180,1512,0.0,0.0120515,0.0120245,0.0119466,0.00124766,0.00948902,0.00400708,0.00163444,,29,31,238,2139,0.0,0.0157833,0.0157475,0.0156487,0.00161592,0.0123821,0.0051202,0.00225269,,18,31,282,2567,0.0,0.0196174,0.0195738,0.0194498,0.00199182,0.0157667,0.0067876,0.00281693,,30,31,268,2512,0.0,0.0182309,0.018187,0.0180668,0.00184704,0.0145818,0.00621099,0.00262226,,17,31,252,1915,0.0,0.0173338,0.0172916,0.0171793,0.0020972,0.0139095,0.0060139,0.0021228,,16,31,224,1671,0.0,0.0144088,0.0143763,0.0142831,0.00154953,0.0113472,0.00465652,0.00188275,,20,31,252,1697,0.0,0.016272,0.016231,0.0161324,0.00181214,0.0129241,0.00553365,0.00200607,,21,31,246,1855,0.0,0.0169977,0.0169543,0.0168496,0.00170928,0.0133793,0.00598032,0.00210542,,22,31,200,1680,0.0,0.0133621,0.0133302,0.0132414,0.00143086,0.0107063,0.00454232,0.00182886,,13,31,228,2205,0.0,0.0154489,0.0154154,0.0153233,0.00153428,0.0122019,0.00515771,0.00222116,,15,31,196,2057,0.0,0.0141694,0.0141393,0.0140457,0.00140047,0.0114768,0.00498692,0.00212985,,14,31,234,2084,0.0,0.0160576,0.0160235,0.0159228,0.00158029,0.0126458,0.0054379,0.00220961,,12,31,234,2819,0.0,0.0183421,0.0183066,0.0181695,0.00202118,0.0151389,0.00688868,0.00276871,,11,31,174,1420,0.0,0.0113033,0.0112776,0.0112146,0.00120122,0.00893088,0.00366216,0.00154808,,10,31,198,1650,0.0,0.0133807,0.0133477,0.0132601,0.00139215,0.0107364,0.00466238,0.00182278,,,,,,
26,32,104,843,0.0,0.00673479,0.00672124,0.00668182,0.000687389,0.00531798,0.00221487,0.0008983,,45,32,82,763,0.0,0.00557688,0.00556736,0.00553362,0.000545092,0.00447226,0.00190847,0.000797117,,0,32,102,710,0.0,0.00620145,0.00618852,0.006152,0.000681331,0.00487977,0.00192236,0.00082697,,2,32,98,975,0.0,0.00712163,0.00710568,0.007061,0.00069896,0.00571884,0.00258809,0.000994633,,9,32,88,614,0.0,0.00566993,0.00565865,0.00561966,0.000610111,0.0045181,0.00185915,0.000732767,,3,32,118,898,0.0,0.00777519,0.00775739,0.00770806,0.000810354,0.00620701,0.00266802,0.00101367,,47,32,102,865,0.0,0.00690751,0.00689224,0.00684525,0.000688242,0.00548697,0.00234796,0.000943652,,6,32,126,1201,0.0,0.00918278,0.0091603,0.00909586,0.000937694,0.00744903,0.00339111,0.00125289,,5,32,82,788,0.0,0.00607816,0.00606565,0.00602291,0.000596638,0.00490392,0.00219449,0.000849146,,4,32,134,1110,0.0,0.00872201,0.00870305,0.00865038,0.00092325,0.00697546,0.00288748,0.00121459,,42,32,68,433,0.0,0.00391821,0.00391145,0.00389086,0.000446452,0.00304914,0.00110264,0.000529062,,7,32,106,817,0.0,0.00708071,0.00706858,0.00702671,0.00075236,0.00567658,0.00248179,0.000891276,,46,32,94,629,0.0,0.00592342,0.00591043,0.00587394,0.000665096,0.00468848,0.00192435,0.000749009,,35,32,104,949,0.0,0.00781509,0.00779783,0.00773687,0.000989197,0.00636003,0.0027834,0.00102685,,8,32,106,912,0.0,0.00687182,0.00685716,0.00681404,0.000710886,0.00547911,0.00223753,0.000982829,,34,32,114,880,0.0,0.00757662,0.00756061,0.00751258,0.000767479,0.00604133,0.00254599,0.00106133,,43,32,122,898,0.0,0.00785754,0.00783914,0.00779836,0.000830895,0.00622374,0.00261092,0.00101271,,44,32,56,417,0.0,0.00341856,0.00341243,0.00338666,0.000373391,0.00267976,0.00102808,0.000477104,,33,32,88,703,0.0,0.00611452,0.0060986,0.00606024,0.00065791,0.00493408,0.00223029,0.000770979,,36,32,120,1161,0.0,0.00840859,0.00838871,0.00833644,0.000830849,0.00680143,0.00300497,0.00119255,,40,32,112,867,0.0,0.00726656,0.00725002,0.00720015,0.000764478,0.00571559,0.00231981,0.000979418,,41,32,106,835,0.0,0.00691152,0.00689821,0.00685698,0.000728501,0.00552096,0.00233962,0.000918345,,37,32,126,1023,0.0,0.00864369,0.00862589,0.00857525,0.000942421,0.00691607,0.00301844,0.00110627,,38,32,112,1036,0.0,0.00743152,0.00741624,0.00737153,0.000754813,0.00591063,0.00244611,0.00107346,,27,32,114,1065,0.0,0.00762303,0.00760855,0.00756336,0.000765201,0.0061168,0.00256639,0.00110698,,39,32,94,565,0.0,0.00562735,0.00561845,0.00558843,0.000623312,0.00439878,0.00170151,0.00070518,,25,32,84,715,0.0,0.00536782,0.00535875,0.00532567,0.000548755,0.00424341,0.00169534,0.000769277,,32,32,156,1715,0.0,0.0109288,0.0109068,0.0108356,0.0010327,0.00885115,0.00384006,0.00167892,,31,32,106,906,0.0,0.00750571,0.00749288,0.00744584,0.000764727,0.00602024,0.00266063,0.00101109,,24,32,104,1543,0.0,0.00859266,0.00858108,0.00853134,0.000714006,0.00713602,0.00338199,0.0014787,,23,32,82,622,0.0,0.00560716,0.00559685,0.00556031,0.000598786,0.00452154,0.00201196,0.00070507,,1,32,94,699,0.0,0.0060195,0.00600869,0.00597306,0.000618863,0.00466133,0.00188187,0.000796696,,28,32,100,684,0.0,0.00625846,0.00624486,0.00620681,0.000666385,0.00493249,0.00199314,0.000815707,,19,32,84,669,0.0,0.00563899,0.00562636,0.0055916,0.00058153,0.00446863,0.001945,0.000725187,,29,32,104,969,0.0,0.00691713,0.00690328,0.0068604,0.000695224,0.00545218,0.0022487,0.000993651,,18,32,134,1242,0.0,0.00942445,0.00940422,0.00934488,0.000945607,0.00759667,0.00331656,0.00134111,,30,32,120,1082,0.0,0.00822401,0.00820538,0.0081481,0.000846179,0.00657762,0.00271113,0.0012077,,17,32,92,687,0.0,0.00616815,0.00615556,0.00611315,0.000727521,0.00492334,0.00206424,0.000781558,,16,32,100,652,0.0,0.00624108,0.00622638,0.00619115,0.000689469,0.00488207,0.00195302,0.000778647,,20,32,84,587,0.0,0.00547846,0.00546825,0.00543349,0.000598273,0.00436161,0.00184882,0.000683358,,21,32,98,762,0.0,0.00687136,0.00685811,0.0068173,0.000671918,0.00543598,0.00245651,0.000861552,,22,32,100,731,0.0,0.0064848,0.00647199,0.00642732,0.000683872,0.0051588,0.00220054,0.000846599,,13,32,98,671,0.0,0.00597051,0.00595825,0.00592524,0.000646427,0.00460068,0.00176765,0.000782234,,15,32,88,983,0.0,0.0066909,0.00667763,0.00662526,0.000614309,0.00546404,0.00246507,0.00102841,,14,32,104,942,0.0,0.00725544,0.0072415,0.00719492,0.000706984,0.00572703,0.00245076,0.00101166,,12,32,140,1679,0.0,0.010633,0.0106052,0.010523,0.000987603,0.00870973,0.00402809,0.0016281,,11,32,52,525,0.0,0.00367732,0.0036703,0.00364721,0.000360495,0.00296027,0.00129292,0.000520942,,10,32,100,752,0.0,0.00649981,0.00648731,0.00644641,0.000694133,0.00518642,0.00217677,0.000865661,,,,,,
26,33,42,294,0.0,0.00257582,0.00257233,0.00255992,0.000276547,0.00200793,0.000802079,0.00033454,,45,33,34,355,0.0,0.00234099,0.00233883,0.00232527,0.000222211,0.00188866,0.000826861,0.000347398,,0,33,36,282,0.0,0.00230488,0.00230233,0.00228933,0.000243334,0.00184029,0.000763394,0.00031398,,2,33,50,394,0.0,0.00344442,0.00343843,0.00341697,0.000359527,0.00272779,0.00120353,0.000443392,,9,33,44,252,0.0,0.00262193,0.00261787,0.00260747,0.000302103,0.00205806,0.000837482,0.000295039,,3,33,50,447,0.0,0.0034995,0.00349422,0.00347297,0.000346394,0.00283925,0.00130218,0.000460259,,47,33,50,461,0.0,0.00341125,0.00340616,0.00338283,0.000336515,0.00271631,0.00118738,0.000481412,,6,33,74,498,0.0,0.00460668,0.00459864,0.00457103,0.000511225,0.00362693,0.00147088,0.000589775,,5,33,42,370,0.0,0.00292351,0.00292007,0.00290278,0.000287786,0.00234642,0.00105395,0.000391404,,4,33,52,479,0.0,0.00348907,0.00348372,0.00345962,0.000361386,0.00280616,0.00121323,0.000489482,,42,33,20,153,0.0,0.00118261,0.00118189,0.00117627,0.000132721,0.00092682,0.000339421,0.00016727,,7,33,40,228,0.0,0.00243278,0.0024299,0.00241956,0.000288168,0.00191084,0.000781963,0.000288442,,46,33,30,248,0.0,0.0019995,0.00199765,0.00198448,0.00021675,0.00159806,0.000689871,0.000269895,,35,33,64,502,0.0,0.00452524,0.0045152,0.00448299,0.000574844,0.00363827,0.00154968,0.000565971,,8,33,48,399,0.0,0.00302034,0.00301502,0.00299904,0.000323099,0.00239635,0.000961417,0.000426536,,34,33,50,400,0.0,0.00330673,0.00330245,0.00328092,0.000337148,0.00264128,0.00111021,0.000474393,,43,33,36,268,0.0,0.00228698,0.00228457,0.00226957,0.000244567,0.00180628,0.000717917,0.000312544,,44,33,30,210,0.0,0.00174417,0.00174284,0.0017332,0.000199093,0.00135248,0.000491878,0.000238329,,33,33,32,317,0.0,0.00236763,0.0023659,0.00235176,0.000237398,0.00194536,0.000912825,0.000324233,,36,33,46,410,0.0,0.00326899,0.00326448,0.0032424,0.000317712,0.00265641,0.00120385,0.000459294,,40,33,64,364,0.0,0.00374349,0.00373789,0.00371795,0.000423338,0.00289313,0.00110526,0.000463955,,41,33,36,293,0.0,0.00235134,0.0023479,0.00233349,0.000244919,0.00188119,0.000777156,0.000334912,,37,33,48,350,0.0,0.00325285,0.00324848,0.0032281,0.00036424,0.00259908,0.00113199,0.000415324,,38,33,54,403,0.0,0.00331717,0.00331245,0.00329475,0.000365242,0.00259319,0.00100934,0.000450119,,27,33,54,398,0.0,0.0032669,0.00326174,0.00324278,0.000355045,0.0025619,0.00100358,0.000441561,,39,33,26,124,0.0,0.00145358,0.00145237,0.00144462,0.000172015,0.00111154,0.000385918,0.000179998,,25,33,42,258,0.0,0.00240578,0.00240392,0.00239171,0.000270411,0.00185458,0.000670196,0.000317615,,32,33,82,889,0.0,0.00574965,0.00573973,0.00570343,0.000543522,0.00465356,0.00201813,0.000878115,,31,33,42,419,0.0,0.0030163,0.00301314,0.00299056,0.000296979,0.00242062,0.00105005,0.000443158,,24,33,40,748,0.0,0.00360082,0.00359692,0.00357498,0.000277904,0.00304001,0.0015211,0.000636361,,23,33,30,283,0.0,0.00220487,0.00220251,0.00218903,0.000223496,0.00180615,0.000860718,0.000293826,,1,33,40,292,0.0,0.00251159,0.00250924,0.00249522,0.000265142,0.00193685,0.000763145,0.000336806,,28,33,32,234,0.0,0.00204874,0.00204682,0.00203089,0.000215557,0.00162558,0.000657321,0.000281793,,19,33,32,212,0.0,0.00204093,0.00203844,0.00202543,0.000217854,0.00159301,0.000649727,0.000266626,,29,33,52,426,0.0,0.00331789,0.003312,0.00329314,0.000346334,0.00257504,0.00102838,0.000457542,,18,33,58,624,0.0,0.00445629,0.00444739,0.00442119,0.000418176,0.00365846,0.00177223,0.000610119,,30,33,66,495,0.0,0.00425437,0.00424689,0.00422056,0.000457679,0.00335971,0.00133449,0.000594987,,17,33,44,272,0.0,0.00283277,0.00282805,0.00281169,0.000342361,0.00224852,0.000927588,0.000332999,,16,33,32,228,0.0,0.00199368,0.00199059,0.00197914,0.000217587,0.00155661,0.000620879,0.000260514,,20,33,34,249,0.0,0.00223967,0.00223696,0.00222697,0.000242695,0.00179598,0.000789719,0.000274819,,21,33,34,247,0.0,0.00220795,0.00220437,0.00219253,0.000234698,0.00172713,0.000705648,0.000298893,,22,33,46,328,0.0,0.00289155,0.00288808,0.00287222,0.000314232,0.00229316,0.000954883,0.000370154,,13,33,30,244,0.0,0.00187976,0.00187773,0.00186797,0.000195815,0.00146205,0.00057725,0.000265953,,15,33,56,525,0.0,0.00385731,0.0038504,0.00382405,0.000381135,0.00311198,0.00135271,0.000567587,,14,33,48,481,0.0,0.0034216,0.00341786,0.00339836,0.000320703,0.00273224,0.00120243,0.000485921,,12,33,70,976,0.0,0.0055953,0.00558565,0.00555333,0.000489642,0.00464516,0.00221276,0.000891409,,11,33,22,213,0.0,0.00154004,0.001539,0.00152857,0.000150551,0.00123919,0.000530233,0.000224332,,10,33,42,335,0.0,0.00275656,0.00275282,0.00273566,0.000293991,0.00220564,0.000923315,0.000379278,,,,,,
26,34,12,97,0.0,0.000743416,0.000742864,0.00073778,7.7654e-05,0.000581627,0.00021848,0.000109368,,45,34,20,139,0.0,0.00113733,0.00113656,0.00113169,0.000127913,0.000880898,0.000308951,0.000162554,,0,34,14,99,0.0,0.000868505,0.000868001,0.000862794,9.4814e-05,0.000690077,0.000272869,0.000116608,,2,34,26,191,0.0,0.00181808,0.00181686,0.00181005,0.000190893,0.00145718,0.000690976,0.000204079,,9,34,6,64,0.0,0.000403362,0.000403051,0.000400981,3.9862e-05,0.000328123,0.000143457,6.1956e-05,,3,34,18,185,0.0,0.00129099,0.00129,0.00128282,0.000123334,0.00105786,0.000477344,0.000188288,,47,34,28,202,0.0,0.00174736,0.0017462,0.00173595,0.000186205,0.0013708,0.000529945,0.000242795,,6,34,28,144,0.0,0.001604,0.0016025,0.00159689,0.000194181,0.00124439,0.000462544,0.000193917,,5,34,18,143,0.0,0.00114332,0.00114267,0.00113768,0.000118861,0.000904703,0.000373969,0.00015548,,4,34,18,268,0.0,0.00141706,0.00141604,0.00140571,0.000122262,0.00117927,0.000548768,0.000241809,,42,34,8,47,0.0,0.00040315,0.000402852,0.000400596,5.1843e-05,0.000302335,8.3735e-05,5.5828e-05,,7,34,6,37,0.0,0.000362469,0.000362247,0.000360495,4.2538e-05,0.000285695,0.000114528,4.6821e-05,,46,34,16,123,0.0,0.000977784,0.000977223,0.0009723,0.00010865,0.000768354,0.000303329,0.000131557,,35,34,32,195,0.0,0.00228598,0.00228268,0.00227127,0.000327744,0.00184109,0.000794219,0.00023,,8,34,18,106,0.0,0.00101406,0.00101336,0.00100964,0.000117693,0.000787938,0.000274616,0.000138119,,34,34,28,259,0.0,0.00188074,0.00187945,0.00186934,0.0001856,0.00151504,0.000635409,0.000276388,,43,34,14,84,0.0,0.000792017,0.000791489,0.000787642,9.1538e-05,0.000610498,0.000219037,0.0001049,,44,34,12,80,0.0,0.000631229,0.00063078,0.000628056,7.6751e-05,0.000480053,0.000143591,8.8894e-05,,33,34,18,138,0.0,0.00113329,0.00113263,0.00112693,0.00012373,0.000898249,0.000375647,0.000147942,,36,34,26,252,0.0,0.00188363,0.00188209,0.00187056,0.000179881,0.00152847,0.000693834,0.000273028,,40,34,18,158,0.0,0.00115811,0.00115736,0.00115166,0.000116913,0.000918233,0.000368987,0.000169341,,41,34,18,119,0.0,0.00102924,0.00102858,0.00102445,0.000117782,0.000801742,0.000292243,0.000136528,,37,34,18,154,0.0,0.00120394,0.00120297,0.00119609,0.00013122,0.000964986,0.000413218,0.000164732,,38,34,16,119,0.0,0.000952182,0.000951617,0.000946018,0.000104787,0.000744711,0.000267037,0.000140661,,27,34,20,139,0.0,0.00117081,0.00117007,0.00116228,0.000130526,0.000912941,0.000323574,0.000168252,,39,34,10,49,0.0,0.000515883,0.000515529,0.000512776,6.4396e-05,0.000389283,0.000111949,6.793e-05,,25,34,14,63,0.0,0.000695232,0.000694753,0.000692012,8.9473e-05,0.000515071,0.000142609,9.0658e-05,,32,34,50,442,0.0,0.00321613,0.00321252,0.00319656,0.000329425,0.00255932,0.00106806,0.000446042,,31,34,26,214,0.0,0.00172957,0.00172851,0.00171737,0.000178234,0.00138178,0.00056682,0.000248678,,24,34,22,529,0.0,0.00226781,0.00226647,0.00225266,0.000155002,0.00196233,0.00103276,0.00042879,,23,34,14,193,0.0,0.00118857,0.00118787,0.00117915,0.000101732,0.00100514,0.000504769,0.000184935,,1,34,18,125,0.0,0.00104193,0.00104129,0.00103625,0.000116048,0.000790613,0.000275026,0.000147186,,28,34,20,133,0.0,0.00115413,0.00115333,0.00114641,0.000128289,0.00089814,0.000319381,0.000162185,,19,34,16,89,0.0,0.000920747,0.000920146,0.000915117,0.000105446,0.000704389,0.000250848,0.000119541,,29,34,24,142,0.0,0.00137885,0.00137763,0.00137249,0.000155957,0.0010475,0.000368084,0.000172478,,18,34,24,182,0.0,0.00156833,0.00156648,0.00155872,0.000171462,0.00124343,0.000511469,0.00020599,,30,34,34,218,0.0,0.00206588,0.00206385,0.00205392,0.000237368,0.00161589,0.000613555,0.000269381,,17,34,18,97,0.0,0.00107384,0.00107314,0.00106853,0.000150796,0.000841335,0.000306861,0.000122931,,16,34,14,69,0.0,0.000759081,0.000758571,0.000755505,9.2257e-05,0.000578565,0.000195258,0.000100709,,20,34,10,65,0.0,0.000607962,0.000607582,0.000603854,6.7627e-05,0.000480246,0.000185415,7.9793e-05,,21,34,14,125,0.0,0.000953686,0.000952954,0.000948734,9.2019e-05,0.000761987,0.000329965,0.000140623,,22,34,16,100,0.0,0.000941706,0.000941151,0.000937517,0.000105592,0.000739582,0.000281326,0.000123599,,13,34,12,112,0.0,0.000759544,0.000759053,0.000752275,7.8516e-05,0.00059613,0.00021475,0.000129685,,15,34,34,290,0.0,0.00224413,0.00224155,0.00223099,0.000236117,0.00180102,0.000777085,0.00029951,,14,34,22,181,0.0,0.00146851,0.00146756,0.00145887,0.000145272,0.00115582,0.000477806,0.000209006,,12,34,34,280,0.0,0.00221641,0.0022137,0.00220252,0.000233214,0.00177142,0.000757223,0.000293327,,11,34,12,150,0.0,0.000847925,0.00084741,0.000842723,8.0583e-05,0.000685225,0.000263959,0.000147644,,10,34,26,122,0.0,0.00144553,0.00144452,0.00143869,0.000171705,0.00111342,0.000411851,0.000169086,,,,,,
26,35,10,49,0.0,0.00049955,0.000499183,0.000497214,6.4271e-05,0.000369641,9.659e-05,6.4073e-05,,45,35,6,52,0.0,0.000342235,0.000342001,0.000339656,3.7668e-05,0.000265196,7.9475e-05,5.7884e-05,,0,35,8,47,0.0,0.00042653,0.000426224,0.000423501,5.1298e-05,0.000326097,9.787e-05,6.032e-05,,2,35,4,53,0.0,0.000286247,0.00028608,0.000284847,2.8149e-05,0.000232373,0.000102428,4.6987e-05,,9,35,2,35,0.0,0.000150947,0.000150859,0.000148696,1.3249e-05,0.000124463,4.9207e-05,3.3505e-05,,3,35,10,99,0.0,0.000647796,0.000647463,0.000644006,6.8787e-05,0.000518803,0.000199963,0.000100032,,47,35,16,85,0.0,0.00084894,0.000848364,0.000845755,0.000102729,0.000635588,0.000202706,0.000105582,,6,35,4,28,0.0,0.000248055,0.000247906,0.000246565,2.7137e-05,0.000196398,7.2092e-05,3.5166e-05,,5,35,6,79,0.0,0.000414557,0.000414323,0.000410699,3.9669e-05,0.00033416,0.000129888,7.664e-05,,4,35,14,183,0.0,0.000995067,0.000994316,0.000987918,9.3954e-05,0.000814867,0.000341702,0.000177624,,42,35,4,21,0.0,0.000179698,0.000179545,0.000179078,2.5647e-05,0.000130153,2.5893e-05,2.4026e-05,,7,35,2,13,0.0,0.000102992,0.000102877,0.000102698,1.3394e-05,7.8432e-05,2.2095e-05,1.5539e-05,,46,35,8,52,0.0,0.000454795,0.000454505,0.000451997,5.5613e-05,0.000351571,0.000112982,6.3326e-05,,35,35,8,22,0.0,0.000441849,0.000441539,0.000440773,7.0317e-05,0.000338995,0.000114729,3.9392e-05,,8,35,4,42,0.0,0.000248455,0.000248303,0.000246174,2.5611e-05,0.000197332,6.9717e-05,4.506e-05,,34,35,14,143,0.0,0.000922235,0.000921705,0.000917497,9.1259e-05,0.000741717,0.000302293,0.000139974,,43,35,6,39,0.0,0.000315891,0.000315657,0.000315061,4.1515e-05,0.000240073,7.4356e-05,4.0384e-05,,44,35,4,15,0.0,0.000178773,0.000178614,0.000178053,2.5571e-05,0.000128799,2.5682e-05,2.4576e-05,,33,35,4,43,0.0,0.000261456,0.000261279,0.000259152,2.7195e-05,0.000209533,7.4918e-05,4.7772e-05,,36,35,16,139,0.0,0.00103923,0.00103841,0.00103246,0.000108507,0.000825584,0.000321581,0.000152369,,40,35,8,94,0.0,0.000534632,0.000534299,0.000529847,5.0738e-05,0.000427416,0.000166721,9.6816e-05,,41,35,6,35,0.0,0.000297978,0.000297741,0.000297153,3.8462e-05,0.00022403,6.4144e-05,4.0372e-05,,37,35,10,66,0.0,0.000579799,0.00057941,0.000575977,7.1001e-05,0.000448772,0.000149722,8.1574e-05,,38,35,10,57,0.0,0.000509499,0.000509084,0.000506784,6.416e-05,0.000380824,9.9693e-05,7.5283e-05,,27,35,12,60,0.0,0.000619932,0.000619484,0.000615997,7.7204e-05,0.00046785,0.000130679,8.328e-05,,39,35,4,14,0.0,0.000180705,0.000180549,0.000179967,2.5673e-05,0.000131117,2.6801e-05,2.0325e-05,,25,35,4,9,0.0,0.000172983,0.00017281,0.000172135,2.5685e-05,0.000122081,2.2607e-05,1.8062e-05,,32,35,18,122,0.0,0.00102273,0.00102208,0.00101796,0.000115771,0.000791048,0.000293626,0.000131416,,31,35,18,128,0.0,0.00104645,0.00104549,0.00104113,0.000116556,0.000811592,0.000288079,0.000145016,,24,35,18,235,0.0,0.00131503,0.00131399,0.00130774,0.000118394,0.00106543,0.000460294,0.00021552,,23,35,16,137,0.0,0.000998227,0.000997436,0.000991316,0.000110752,0.000791391,0.000300456,0.000150082,,1,35,8,72,0.0,0.000477742,0.000477436,0.000474549,5.186e-05,0.000367259,0.000113999,7.7993e-05,,28,35,10,62,0.0,0.000510282,0.000509931,0.00050892,6.6996e-05,0.000385918,0.000109977,6.845e-05,,19,35,8,36,0.0,0.000409312,0.000409025,0.000408205,5.1435e-05,0.000304718,9.9925e-05,4.4531e-05,,29,35,6,21,0.0,0.000295322,0.000295075,0.000294448,3.8244e-05,0.000214185,5.7288e-05,3.4615e-05,,18,35,8,42,0.0,0.000439939,0.000439629,0.000437743,5.4543e-05,0.000335718,0.000107656,5.8484e-05,,30,35,10,65,0.0,0.000569318,0.000568933,0.000565917,6.7733e-05,0.000437043,0.000138077,8.1862e-05,,17,35,6,13,0.0,0.000290659,0.00029043,0.000289871,4.5822e-05,0.000214494,5.6185e-05,2.6431e-05,,16,35,4,22,0.0,0.000206337,0.000206175,0.000205511,2.59e-05,0.000154829,4.6029e-05,2.545e-05,,20,35,6,34,0.0,0.000314795,0.00031443,0.000312859,4.1374e-05,0.000238823,6.9615e-05,4.1166e-05,,21,35,8,26,0.0,0.000383986,0.000383692,0.000382962,5.0469e-05,0.000278843,7.5729e-05,4.2753e-05,,22,35,4,23,0.0,0.000219853,0.000219689,0.000218369,2.5583e-05,0.000168781,5.2182e-05,3.0326e-05,,13,35,14,88,0.0,0.000745709,0.000745181,0.00074134,8.8962e-05,0.000551417,0.00016145,0.000106033,,15,35,10,82,0.0,0.000630069,0.000629634,0.000625199,6.6795e-05,0.00049817,0.000200113,9.0764e-05,,14,35,12,106,0.0,0.000740359,0.000739943,0.000736738,7.7093e-05,0.000577719,0.000205804,0.000112757,,12,35,10,106,0.0,0.000687653,0.000687255,0.000683279,6.5837e-05,0.000558642,0.000239823,0.00010447,,11,35,8,73,0.0,0.000478718,0.000478393,0.000475472,5.349e-05,0.000370903,0.000117715,7.7481e-05,,10,35,4,35,0.0,0.000241053,0.000240875,0.000239456,2.6591e-05,0.000190329,7.0304e-05,3.5114e-05,,,,,,
26,36,2,10,0.0,8.8433e-05,8.8339e-05,8.8142e-05,1.2518e-05,6.3293e-05,1.1325e-05,1.1746e-05,,45,36,4,33,0.0,0.000224077,0.000223916,0.000222118,2.5514e-05,0.000172033,4.9554e-05,3.7491e-05,,0,36,4,26,0.0,0.000203087,0.000202917,0.000201543,2.6024e-05,0.000153219,3.8748e-05,3.032e-05,,2,36,2,4,0.0,0.00010019,0.000100093,9.9727e-05,1.4412e-05,6.9055e-05,1.2788e-05,1.0888e-05,,9,36,4,35,0.0,0.000225602,0.000225442,0.000224209,2.7012e-05,0.000175223,5.0522e-05,3.7711e-05,,3,36,6,54,0.0,0.000357078,0.00035681,0.000354627,4.0218e-05,0.00028001,9.0737e-05,5.8739e-05,,47,36,2,10,0.0,0.000106585,0.0001065,0.00010543,1.263e-05,7.9487e-05,1.7752e-05,1.5859e-05,,6,36,2,11,0.0,9.817e-05,9.8089e-05,9.7916e-05,1.3313e-05,7.343e-05,1.8113e-05,1.3723e-05,,5,36,6,65,0.0,0.000346601,0.000346339,0.000344909,4.0207e-05,0.000268127,8.8086e-05,5.5864e-05,,4,36,8,139,0.0,0.000610629,0.00061029,0.000607629,5.251e-05,0.000508274,0.000220858,0.000114314,,49,0,0,0,94.4933,0.0,0.0,0.0,0.0,0.0,0.0,0.0,,86,0,0,0,96.294,0.0,0.0,0.0,0.0,0.0,0.0,0.0,,46,36,4,9,0.0,0.000184723,0.000184539,0.000184114,2.6915e-05,0.000131775,2.7107e-05,2.0365e-05,,94,0,0,0,96.7636,0.0,0.0,0.0,0.0,0.0,0.0,0.0,,8,36,4,29,0.0,0.000207059,0.000206886,0.00020575,2.5401e-05,0.000157086,3.7388e-05,3.3806e-05,,34,36,6,33,0.0,0.000304413,0.000304137,0.000302629,3.8859e-05,0.000226569,6.16e-05,4.3622e-05,,75,0,0,0,94.84,0.0,0.0,0.0,0.0,0.0,0.0,0.0,,53,0,0,0,95.5509,0.0,0.0,0.0,0.0,0.0,0.0,0.0,,33,36,4,35,0.0,0.000222612,0.000222443,0.000220632,2.6736e-05,0.000170988,4.5887e-05,3.666e-05,,36,36,8,71,0.0,0.000479411,0.000479066,0.000475451,5.4202e-05,0.000373692,0.000124349,7.7927e-05,,40,36,10,47,0.0,0.000481044,0.000480684,0.000479617,6.3453e-05,0.000354144,8.8052e-05,6.2996e-05,,74,0,0,0,94.8908,0.0,0.0,0.0,0.0,0.0,0.0,0.0,,37,36,6,31,0.0,0.000318193,0.000317959,0.000317177,4.0811e-05,0.000241712,7.2275e-05,3.9093e-05,,38,36,4,11,0.0,0.000176693,0.000176526,0.000175949,2.5589e-05,0.000124445,2.2147e-05,2.1019e-05,,27,36,6,23,0.0,0.000276067,0.00027584,0.000275165,3.8179e-05,0.000201772,4.2279e-05,3.3372e-05,,57,0,0,0,93.7464,0.0,0.0,0.0,0.0,0.0,0.0,0.0,,50,0,0,0,94.9928,0.0,0.0,0.0,0.0,0.0,0.0,0.0,,32,36,4,31,0.0,0.000221078,0.000220909,0.000220302,2.5612e-05,0.000171546,6.0582e-05,2.7751e-05,,31,36,6,47,0.0,0.000334574,0.000334351,0.000332744,3.8214e-05,0.000257877,8.0895e-05,5.41e-05,,24,36,8,44,0.0,0.000425991,0.000425697,0.000423393,5.1022e-05,0.000321028,9.3798e-05,5.8728e-05,,23,36,8,86,0.0,0.000516991,0.000516562,0.000513265,5.642e-05,0.000413053,0.000152008,8.6653e-05,,1,36,6,23,0.0,0.000286884,0.000286627,0.00028529,3.8441e-05,0.000202942,3.8287e-05,3.6589e-05,,68,0,0,0,96.0088,0.0,0.0,0.0,0.0,0.0,0.0,0.0,,76,0,0,0,96.5252,0.0,0.0,0.0,0.0,0.0,0.0,0.0,,61,0,0,0,93.9765,0.0,0.0,0.0,0.0,0.0,0.0,0.0,,18,36,2,8,0.0,9.7883e-05,9.778e-05,9.7317e-05,1.3464e-05,7.1921e-05,1.6447e-05,1.2983e-05,,30,36,6,18,0.0,0.000278102,0.000277844,0.000277068,3.987e-05,0.000201287,4.2052e-05,3.4386e-05,,93,0,0,0,95.5321,0.0,0.0,0.0,0.0,0.0,0.0,0.0,,62,0,0,0,95.4954,0.0,0.0,0.0,0.0,0.0,0.0,0.0,,20,36,2,7,0.0,8.9242e-05,8.9152e-05,8.8773e-05,1.3721e-05,6.4055e-05,1.2752e-05,1.0442e-05,,95,0,0,0,95.8277,0.0,0.0,0.0,0.0,0.0,0.0,0.0,,22,36,2,3,0.0,8.9806e-05,8.9712e-05,8.9444e-05,1.3143e-05,6.4883e-05,1.2918e-05,8.157e-06,,13,36,4,21,0.0,0.000203167,0.000202975,0.000201497,2.5307e-05,0.00014733,3.2859e-05,2.9429e-05,,15,36,6,30,0.0,0.000311724,0.000311507,0.000309095,3.7955e-05,0.000234695,6.4747e-05,4.4298e-05,,14,36,4,67,0.0,0.000275034,0.000274859,0.000273489,2.5419e-05,0.000220502,8.5645e-05,5.2815e-05,,12,36,6,58,0.0,0.000353112,0.000352871,0.000351389,3.8673e-05,0.00027742,9.8258e-05,5.7663e-05,,11,36,4,35,0.0,0.000224366,0.000224202,0.000222947,2.6501e-05,0.000171298,4.6416e-05,3.8368e-05,,10,36,2,18,0.0,0.000114835,0.000114738,0.000114323,1.2713e-05,8.9948e-05,3.2434e-05,1.5901e-05,,,,,,
56,0,0,0,93.9691,0.0,0.0,0.0,0.0,0.0,0.0,0.0,,45,37,4,9,0.0,0.000169779,0.000169608,0.000169161,2.5462e-05,0.000119487,1.7944e-05,1.8025e-05,,0,37,2,4,0.0,8.3941e-05,8.3847e-05,8.3566e-05,1.2772e-05,5.9467e-05,8.912e-06,8.719e-06,,85,0,0,0,96.4252,0.0,0.0,0.0,0.0,0.0,0.0,0.0,,9,37,2,18,0.0,0.000100962,0.000100862,0.000100344,1.2968e-05,7.6168e-05,1.5616e-05,1.72e-05,,3,37,4,31,0.0,0.000218603,0.000218438,0.00021733,2.6604e-05,0.000168105,4.9158e-05,3.3287e-05,,47,37,2,5,0.0,8.3844e-05,8.3756e-05,8.3366e-05,1.2902e-05,5.7733e-05,8.851e-06,8.759e-06,,90,0,0,0,97.6052,0.0,0.0,0.0,0.0,0.0,0.0,0.0,,5,37,2,21,0.0,0.00011551,0.000115419,0.000115039,1.4605e-05,8.9795e-05,2.5871e-05,1.803e-05,,4,37,4,42,0.0,0.000238458,0.000238286,0.00023638,2.5912e-05,0.000187027,5.8381e-05,4.4493e-05,,49,1,1,1500000,0.0,4.4554,4.4554,4.35341,0.005968,4.35337,3.49175,0.855432,,86,1,1,1500000,0.0,4.7191,4.71909,4.63666,0.00730678,4.63662,3.76074,0.868318,,87,0,0,0,93.2988,0.0,0.0,0.0,0.0,0.0,0.0,0.0,,94,1,1,1500000,0.0,5.03481,5.03481,4.96628,0.00757696,4.96625,4.09143,0.866993,,8,37,2,5,0.0,8.6142e-05,8.6022e-05,8.5561e-05,1.3168e-05,6.1233e-05,9.352e-06,1.1092e-05,,34,37,2,10,0.0,9.2835e-05,9.274e-05,9.226e-05,1.3587e-05,6.7053e-05,1.2068e-05,1.4113e-05,,75,1,1,1500000,0.0,4.90472,4.90472,4.80735,0.0070978,4.80731,3.93318,0.866835,,53,1,1,1500000,0.0,4.26327,4.26327,4.18757,0.00610722,4.18754,3.32462,0.856623,,33,37,4,8,0.0,0.000176174,0.00017599,0.000175446,2.7858e-05,0.000125958,2.1219e-05,1.8338e-05,,36,37,6,31,0.0,0.000300447,0.000300182,0.000299379,3.9719e-05,0.000223566,5.4703e-05,4.1992e-05,,63,0,0,0,96.3566,0.0,0.0,0.0,0.0,0.0,0.0,0.0,,74,1,1,1500000,0.0,4.93297,4.93297,4.86725,0.00728517,4.86722,3.9926,0.867113,,92,0,0,0,95.3221,0.0,0.0,0.0,0.0,0.0,0.0,0.0,,60,0,0,0,94.137,0.0,0.0,0.0,0.0,0.0,0.0,0.0,,54,0,0,0,96.2987,0.0,0.0,0.0,0.0,0.0,0.0,0.0,,57,1,1,1500000,0.0,4.61845,4.61845,4.51592,0.00647887,4.51589,3.64741,0.861795,,50,1,1,1500000,0.0,4.68998,4.68998,4.6234,0.00608742,4.62336,3.75572,0.861342,,51,0,0,0,92.9781,0.0,0.0,0.0,0.0,0.0,0.0,0.0,,31,37,2,23,0.0,0.000124259,0.000124163,0.000123377,1.2921e-05,9.7871e-05,3.0806e-05,2.4747e-05,,24,37,4,19,0.0,0.000195241,0.000195076,0.00019461,2.5446e-05,0.000143029,3.5765e-05,2.5257e-05,,23,37,6,38,0.0,0.000302106,0.000301877,0.000300325,4.278e-05,0.000226881,5.8474e-05,4.4121e-05,,1,37,2,6,0.0,8.7743e-05,8.7649e-05,8.7483e-05,1.276e-05,5.9703e-05,8.614e-06,1.1316e-05,,68,1,1,1500000,0.0,4.41714,4.41714,4.34688,0.00679545,4.34685,3.47453,0.865321,,76,1,1,1500000,0.0,5.10806,5.10806,5.04272,0.00698296,5.04269,4.16751,0.867968,,61,1,1,1500000,0.0,4.53217,4.53217,4.45138,0.00634283,4.45135,3.58275,0.862044,,77,0,0,0,96.2272,0.0,0.0,0.0,0.0,0.0,0.0,0.0,,66,0,0,0,94.4907,0.0,0.0,0.0,0.0,0.0,0.0,0.0,,93,1,1,1500000,0.0,5.2624,5.2624,5.14712,0.00756014,5.14709,4.27156,0.86772,,62,1,1,1500000,0.0,4.77935,4.77935,4.71084,0.0067948,4.71081,3.82544,0.878357,,89,0,0,0,96.4571,0.0,0.0,0.0,0.0,0.0,0.0,0.0,,95,1,1,1500000,0.0,4.8924,4.8924,4.82442,0.00779374,4.82438,3.94654,0.869831,,81,0,0,0,95.2987,0.0,0.0,0.0,0.0,0.0,0.0,0.0,,13,37,2,8,0.0,9.0259e-05,9.0157e-05,8.9809e-05,1.2727e-05,6.3876e-05,1.0602e-05,1.3251e-05,,15,37,4,13,0.0,0.00017615,0.000175983,0.000175536,2.5382e-05,0.00012704,2.5424e-05,2.1564e-05,,14,37,2,10,0.0,9.3984e-05,9.3872e-05,9.3462e-05,1.2752e-05,6.5902e-05,1.4005e-05,1.1999e-05,,12,37,2,23,0.0,0.000119967,0.000119879,0.000118927,1.274e-05,9.3897e-05,2.8015e-05,2.3518e-05,,11,37,2,20,0.0,0.000115854,0.000115769,0.000114151,1.3153e-05,8.7545e-05,1.8415e-05,2.6133e-05,,84,0,0,0,96.1137,0.0,0.0,0.0,0.0,0.0,0.0,0.0,,,,,,
56,1,1,1500000,0.0,4.62767,4.62767,4.52475,0.00667725,4.52472,3.66016,0.857678,,52,0,0,0,96.5152,0.0,0.0,0.0,0.0,0.0,0.0,0.0,,73,0,0,0,94.0404,0.0,0.0,0.0,0.0,0.0,0.0,0.0,,85,1,1,1500000,0.0,4.96514,4.96514,4.89696,0.00755845,4.89693,4.02445,0.864664,,83,0,0,0,93.2442,0.0,0.0,0.0,0.0,0.0,0.0,0.0,,3,38,2,5,0.0,8.8702e-05,8.8612e-05,8.8434e-05,1.2797e-05,6.3746e-05,1.1533e-05,1.1361e-05,,70,0,0,0,96.2978,0.0,0.0,0.0,0.0,0.0,0.0,0.0,,90,1,1,1500000,0.0,4.85449,4.85449,4.78813,0.00763662,4.78809,3.9095,0.870723,,80,0,0,0,96.3455,0.0,0.0,0.0,0.0,0.0,0.0,0.0,,4,38,4,18,0.0,0.000183821,0.000183649,0.000182346,2.5394e-05,0.0001327,2.4195e-05,2.6856e-05,,49,2,2,1500000,0.0,4.97696,4.97696,4.87614,0.00422359,4.87608,4.00712,0.864226,,86,2,2,1500000,0.0,4.75344,4.75344,4.67737,0.0043176,4.6773,3.80593,0.866566,,87,1,1,1500000,0.0,4.99679,4.99679,4.91394,0.00750469,4.91391,4.04041,0.865765,,94,2,2,1500000,0.0,4.98971,4.98971,4.91633,0.00438033,4.91627,4.04875,0.862685,,64,0,0,0,94.4821,0.0,0.0,0.0,0.0,0.0,0.0,0.0,,71,0,0,0,95.6652,0.0,0.0,0.0,0.0,0.0,0.0,0.0,,75,2,2,1500000,0.0,4.72146,4.72145,4.65184,0.00405469,4.65178,3.78339,0.863902,,53,2,2,1500000,0.0,4.7987,4.79869,4.68307,0.00425998,4.68301,3.81637,0.861916,,91,0,0,0,94.9334,0.0,0.0,0.0,0.0,0.0,0.0,0.0,,79,0,0,0,94.3594,0.0,0.0,0.0,0.0,0.0,0.0,0.0,,63,1,1,1500000,0.0,4.81899,4.81899,4.7501,0.00644427,4.75006,3.87903,0.864355,,74,2,2,1500000,0.0,4.90211,4.90211,4.83161,0.00467401,4.83155,3.96202,0.864383,,92,1,1,1500000,0.0,4.71504,4.71504,4.63328,0.00751008,4.63324,3.75842,0.867087,,60,1,1,1500000,0.0,4.8403,4.8403,4.73199,0.00636907,4.73196,3.84576,0.879616,,54,1,1,1500000,0.0,4.7675,4.7675,4.60143,0.00637611,4.6014,3.73482,0.859982,,57,2,2,1500000,0.0,4.75395,4.75395,4.68455,0.00370084,4.68449,3.8176,0.862706,,50,2,2,1500000,0.0,4.81005,4.81004,4.73561,0.0042575,4.73555,3.86492,0.865845,,51,1,1,1500000,0.0,4.60845,4.60845,4.54129,0.00627433,4.54126,3.67787,0.85691,,31,38,2,20,0.0,0.000110987,0.000110875,0.000109915,1.3262e-05,8.2028e-05,1.6635e-05,2.1276e-05,,55,0,0,0,92.9786,0.0,0.0,0.0,0.0,0.0,0.0,0.0,,23,38,2,10,0.0,9.7398e-05,9.7292e-05,9.6902e-05,1.3724e-05,7.2124e-05,1.2821e-05,1.3634e-05,,48,0,0,0,94.2637,0.0,0.0,0.0,0.0,0.0,0.0,0.0,,68,2,2,1500000,0.0,4.79665,4.79665,4.69023,0.00454541,4.69017,3.8203,0.864835,,76,2,2,1500000,0.0,4.75672,4.75672,4.67616,0.00433795,4.6761,3.80922,0.862102,,61,2,2,1500000,0.0,4.70246,4.70246,4.59578,0.0042376,4.59572,3.72735,0.863658,,77,1,1,1500000,0.0,4.77586,4.77586,4.70819,0.00745693,4.70816,3.83523,0.865255,,66,1,1,1500000,0.0,4.87919,4.87918,4.73883,0.00680542,4.7388,3.86987,0.861922,,93,2,2,1500000,0.0,4.90756,4.90756,4.84026,0.00447736,4.8402,3.97241,0.862829,,62,2,2,1500000,0.0,4.98553,4.98553,4.89981,0.00456417,4.89975,4.01603,0.878686,,89,1,1,1500000,0.0,4.49908,4.49908,4.42593,0.0078705,4.4259,3.55201,0.865796,,95,2,2,1500000,0.0,4.86186,4.86186,4.76694,0.00413632,4.76688,3.89672,0.865578,,81,1,1,1500000,0.0,4.9519,4.9519,4.88618,0.00725263,4.88615,4.01223,0.866442,,58,0,0,0,95.916,0.0,0.0,0.0,0.0,0.0,0.0,0.0,,67,0,0,0,94.6615,0.0,0.0,0.0,0.0,0.0,0.0,0.0,,59,0,0,0,92.4832,0.0,0.0,0.0,0.0,0.0,0.0,0.0,,12,38,2,16,0.0,0.000106884,0.000106794,0.000105791,1.3122e-05,8.0937e-05,1.7486e-05,1.8343e-05,,11,38,4,20,0.0,0.00018473,0.000184551,0.000184022,2.6243e-05,0.000131657,1.8486e-05,2.6261e-05,,84,1,1,1500000,0.0,4.60837,4.60837,4.52676,0.00773219,4.52672,3.65248,0.86629,,,,,,
56,2,2,1500000,0.0,4.8054,4.8054,4.72775,0.00336078,4.72769,3.86139,0.862483,,52,1,1,1500000,0.0,4.37982,4.37982,4.29376,0.00626933,4.29372,3.42295,0.864305,,73,1,1,1500000,0.0,4.94901,4.94901,4.88049,0.00682757,4.88045,4.00779,0.865606,,85,2,2,1500000,0.0,4.82502,4.82502,4.7569,0.00390972,4.75684,3.89041,0.86204,,83,1,1,1500000,0.0,4.78759,4.78759,4.71727,0.00729458,4.71724,3.84368,0.866048,,82,0,0,0,95.8094,0.0,0.0,0.0,0.0,0.0,0.0,0.0,,70,1,1,1500000,0.0,4.85235,4.85235,4.75755,0.00696458,4.75752,3.88516,0.865186,,90,2,2,1500000,0.0,5.0509,5.0509,4.96225,0.00450338,4.96219,4.09507,0.86213,,80,1,1,1500000,0.0,5.03664,5.03663,4.9658,0.00711977,4.96576,4.09433,0.864087,,4,39,2,6,0.0,8.4554e-05,8.4463e-05,8.4258e-05,1.2772e-05,5.9278e-05,9.059e-06,9.747e-06,,49,3,4,1500000,0.0,4.94327,4.94327,4.86937,0.00497287,4.86926,3.99972,0.863616,,86,3,4,1500000,0.0,4.78586,4.78585,4.70634,0.00441673,4.70621,3.83713,0.863783,,87,2,2,1500000,0.0,5.0339,5.0339,4.91455,0.0046158,4.91449,4.04744,0.861946,,94,3,4,1500000,0.0,4.98682,4.98682,4.90856,0.00422449,4.90843,4.03566,0.86766,,64,1,1,1500000,0.0,4.94355,4.94355,4.83886,0.00660913,4.83882,3.96917,0.862828,,71,1,1,1500000,0.0,4.77758,4.77758,4.70992,0.00675044,4.70989,3.83807,0.864866,,75,3,4,1500000,0.0,4.50698,4.50698,4.42422,0.00432308,4.42411,3.55583,0.863166,,53,3,4,1500000,0.0,4.79251,4.79251,4.71326,0.00490391,4.71314,3.84524,0.862151,,91,1,1,1500000,0.0,5.0684,5.0684,5.00183,0.00725562,5.0018,4.12603,0.868291,,79,1,1,1500000,0.0,5.47195,5.47195,5.40225,0.00701703,5.40221,3.96424,1.43075,,63,2,2,1500000,0.0,5.12267,5.12266,5.05504,0.00384754,5.05498,4.17133,0.879296,,74,3,4,1500000,0.0,4.71474,4.71474,4.62465,0.00485547,4.62454,3.75388,0.864961,,92,2,2,1500000,0.0,4.95803,4.95803,4.89039,0.00425559,4.89033,4.02271,0.862885,,60,2,2,1500000,0.0,4.87109,4.87109,4.78541,0.0043087,4.78535,3.88956,0.891026,,54,2,2,1500000,0.0,4.85422,4.85422,4.7495,0.00392637,4.74945,3.882,0.863064,,57,3,4,1500000,0.0,4.90262,4.90262,4.79504,0.00457966,4.79493,3.92787,0.861606,,50,3,4,1500000,0.0,4.83537,4.83536,4.74656,0.00491445,4.74644,3.87861,0.86197,,51,2,2,1500000,0.0,4.63533,4.63533,4.56924,0.00405993,4.56918,3.70284,0.861826,,31,39,2,3,0.0,8.136e-05,8.1238e-05,8.1058e-05,1.2693e-05,5.6474e-05,7.795e-06,8.401e-06,,55,1,1,1500000,0.0,4.45213,4.45213,4.37037,0.00646029,4.37033,3.50534,0.858324,,88,0,0,0,95.0381,0.0,0.0,0.0,0.0,0.0,0.0,0.0,,48,1,1,1500000,0.0,4.22197,4.22197,4.15044,0.00612033,4.1504,3.29178,0.852324,,68,3,4,1500000,0.0,4.8369,4.8369,4.75819,0.00494919,4.75808,3.88667,0.865548,,76,3,4,1500000,0.0,4.75412,4.75411,4.68118,0.00428868,4.68107,3.81368,0.862263,,61,3,4,1500000,0.0,4.77856,4.77855,4.69673,0.00496224,4.69662,3.82772,0.863059,,77,2,2,1500000,0.0,5.13569,5.13569,5.04522,0.00418633,5.04517,4.17734,0.86315,,66,2,2,1500000,0.0,4.87485,4.87484,4.80658,0.00436673,4.80653,3.92431,0.877377,,93,3,4,1500000,0.0,4.812,4.81199,4.73835,0.00452662,4.73824,3.87263,0.860215,,62,3,4,1500000,0.0,4.87905,4.87904,4.78872,0.00495667,4.78861,3.90389,0.878891,,89,2,2,1500000,0.0,5.23098,5.23098,5.09512,0.00426516,5.09506,4.22724,0.863065,,95,3,4,1500000,0.0,4.69338,4.69338,4.60667,0.00446228,4.60656,3.73935,0.861952,,81,2,2,1500000,0.0,5.37137,5.37136,5.30392,0.00386008,5.30386,3.91789,1.38166,,58,1,1,1500000,0.0,4.54061,4.54061,4.4588,0.00631199,4.45877,3.59333,0.858947,,67,1,1,1500000,0.0,4.56231,4.56231,4.45587,0.00668738,4.45584,3.58482,0.864115,,59,1,1,1500000,0.0,4.33067,4.33067,4.26135,0.00692491,4.26131,3.39641,0.857794,,12,39,2,4,0.0,8.6405e-05,8.6314e-05,8.6135e-05,1.295e-05,6.1481e-05,8.744e-06,8.728e-06,,65,0,0,0,95.6716,0.0,0.0,0.0,0.0,0.0,0.0,0.0,,84,2,2,1500000,0.0,4.8646,4.86459,4.77748,0.00430977,4.77742,3.90917,0.863489,,,,,,
56,3,4,1500000,0.0,4.81833,4.81833,4.73556,0.00488201,4.73545,3.86711,0.862606,,52,2,2,1500000,0.0,5.0522,5.0522,4.98069,0.00416795,4.98063,4.1047,0.871257,,73,2,2,1500000,0.0,4.82366,4.82366,4.75593,0.00391562,4.75587,3.88896,0.862486,,85,3,4,1500000,0.0,4.70845,4.70845,4.63059,0.00450397,4.63048,3.76275,0.8624,,83,2,2,1500000,0.0,4.58598,4.58598,4.51924,0.00437835,4.51918,3.65323,0.861138,,82,1,1,1500000,0.0,4.95247,4.95247,4.86006,0.0075793,4.86003,3.98471,0.867551,,70,2,2,1500000,0.0,4.72162,4.72162,4.64433,0.00396492,4.64427,3.77643,0.863438,,90,3,4,1500000,0.0,4.89471,4.89471,4.81046,0.00442177,4.81035,3.9417,0.863357,,80,2,2,1500000,0.0,4.82144,4.82144,4.71698,0.00439521,4.71693,3.84696,0.865111,,72,0,0,0,96.7305,0.0,0.0,0.0,0.0,0.0,0.0,0.0,,49,4,8,1500000,0.0,4.63729,4.63729,4.55386,0.00549891,4.55365,3.68854,0.858125,,86,4,8,1500000,0.0,4.75758,4.75758,4.67923,0.00482513,4.67901,3.81633,0.856441,,87,3,4,1500000,0.0,4.86301,4.86301,4.78678,0.00483386,4.78667,3.92073,0.860277,,94,4,8,1500000,0.0,4.6459,4.64589,4.56491,0.00416054,4.5647,3.70663,0.852556,,64,2,2,1500000,0.0,4.82983,4.82983,4.74431,0.00456534,4.74424,3.87749,0.861737,,71,2,2,1500000,0.0,4.9904,4.9904,4.91983,0.00425654,4.91977,4.04908,0.865952,,75,4,8,1500000,0.0,4.67403,4.67402,4.59165,0.00476924,4.59145,3.72872,0.856625,,53,4,8,1500000,0.0,4.92702,4.92701,4.81936,0.00548634,4.81915,3.95927,0.852999,,91,2,2,1500000,0.0,4.81013,4.81013,4.70613,0.00416534,4.70606,3.8379,0.863522,,79,2,2,1500000,0.0,5.35952,5.35952,5.28385,0.00453455,5.28379,3.86464,1.41418,,63,3,4,1500000,0.0,4.79283,4.79282,4.7037,0.00433389,4.70359,3.83451,0.863879,,74,4,8,1500000,0.0,4.54816,4.54815,4.47423,0.00445342,4.47403,3.60649,0.861828,,92,3,4,1500000,0.0,4.71157,4.71157,4.62811,0.00436869,4.628,3.76107,0.861761,,60,3,4,1500000,0.0,4.74188,4.74187,4.66311,0.00459108,4.66301,3.76284,0.894746,,54,3,4,1500000,0.0,4.92071,4.92071,4.79866,0.00470743,4.79855,3.93365,0.859328,,57,4,8,1500000,0.0,4.69467,4.69467,4.60132,0.00500515,4.60112,3.7385,0.856249,,50,4,8,1500000,0.0,4.77005,4.77004,4.69375,0.00522882,4.69353,3.83447,0.852436,,51,3,4,1500000,0.0,4.86092,4.86091,4.76297,0.00476434,4.76285,3.89771,0.859483,,78,0,0,0,94.2629,0.0,0.0,0.0,0.0,0.0,0.0,0.0,,55,2,2,1500000,0.0,4.71678,4.71678,4.63265,0.00390934,4.63259,3.76322,0.864984,,88,1,1,1500000,0.0,4.98403,4.98403,4.91913,0.00753539,4.91909,4.04223,0.869104,,48,2,2,1500000,0.0,4.85496,4.85495,4.75877,0.00434919,4.75871,3.88941,0.864481,,68,4,8,1500000,0.0,4.83151,4.83151,4.74467,0.00512553,4.74447,3.88179,0.856092,,76,4,8,1500000,0.0,4.72778,4.72778,4.63736,0.00447801,4.63716,3.77715,0.854239,,61,4,8,1500000,0.0,4.66883,4.66882,4.58915,0.00526971,4.58895,3.72719,0.855136,,77,3,4,1500000,0.0,4.90487,4.90486,4.80182,0.00479393,4.8017,3.93414,0.861936,,66,3,4,1500000,0.0,4.87824,4.87824,4.80317,0.0048889,4.80305,3.93294,0.86436,,93,4,8,1500000,0.0,4.57968,4.57967,4.49672,0.00469966,4.49652,3.6365,0.854016,,62,4,8,1500000,0.0,4.87736,4.87736,4.79673,0.0051793,4.79652,3.91862,0.871201,,89,3,4,1500000,0.0,4.76107,4.76107,4.67057,0.00443753,4.67046,3.80342,0.861792,,95,4,8,1500000,0.0,4.5445,4.54449,4.46836,0.00498863,4.46815,3.5998,0.862086,,81,3,4,1500000,0.0,4.94636,4.94636,4.86661,0.00480178,4.8665,3.76214,1.09873,,58,2,2,1500000,0.0,4.70219,4.70219,4.62456,0.00411889,4.6245,3.75774,0.862204,,67,2,2,1500000,0.0,4.81853,4.81853,4.69751,0.00390569,4.69746,3.83101,0.862069,,59,2,2,1500000,0.0,4.67186,4.67185,4.59402,0.00341783,4.59396,3.72756,0.862563,,69,0,0,0,95.1323,0.0,0.0,0.0,0.0,0.0,0.0,0.0,,65,1,1,1500000,0.0,5.30526,5.30525,5.23653,0.00710481,5.2365,3.97975,1.24942,,84,3,4,1500000,0.0,4.69982,4.69982,4.6299,0.00479287,4.62979,3.7633,0.860882,,,,,,
56,4,8,1500000,0.0,4.75886,4.75885,4.65953,0.00546837,4.65932,3.79569,0.856784,,52,3,4,1500000,0.0,4.79786,4.79785,4.7127,0.00506936,4.71258,3.83701,0.869612,,73,3,4,1500000,0.0,4.73248,4.73247,4.63173,0.00474263,4.63162,3.76409,0.861901,,85,4,8,1500000,0.0,4.66501,4.66501,4.56646,0.00448182,4.56625,3.6767,0.883843,,83,3,4,1500000,0.0,4.70086,4.70086,4.61484,0.00496349,4.61472,3.75035,0.85853,,82,2,2,1500000,0.0,4.94761,4.9476,4.85006,0.00397715,4.85001,3.98023,0.865322,,70,3,4,1500000,0.0,4.65581,4.65581,4.56972,0.0049132,4.5696,3.70168,0.86221,,90,4,8,1500000,0.0,4.64202,4.64202,4.55406,0.00472384,4.55385,3.68981,0.857952,,80,3,4,1500000,0.0,4.74101,4.741,4.66178,0.0047338,4.66167,3.79293,0.863174,,72,1,1,1500000,0.0,4.63076,4.63076,4.56158,0.00693505,4.56155,3.59452,0.959878,,49,5,16,1500000,0.0,4.51987,4.51987,4.4381,0.00568511,4.43771,3.5941,0.835915,,86,5,16,1500000,0.0,4.51827,4.51826,4.4393,0.00534042,4.43889,3.5951,0.836395,,87,4,8,1500000,0.0,4.66583,4.66583,4.57184,0.00487406,4.57164,3.71221,0.85322,,94,5,16,1500000,0.0,4.47147,4.47146,4.38718,0.00559175,4.3868,3.5376,0.841606,,64,3,4,1500000,0.0,4.71294,4.71294,4.62095,0.00471926,4.62083,3.75576,0.859532,,71,3,4,1500000,0.0,5.28675,5.28675,5.2136,0.00480912,5.21348,4.07202,1.13574,,75,5,16,1500000,0.0,4.66799,4.66798,4.58182,0.00562756,4.58144,3.60474,0.969098,,53,5,16,1500000,0.0,4.65465,4.65464,4.56829,0.00573765,4.5679,3.73099,0.829006,,91,3,4,1500000,0.0,4.76529,4.76529,4.68085,0.00470759,4.68074,3.81352,0.861708,,79,3,4,1500000,0.0,4.91066,4.91066,4.82763,0.0041295,4.82751,3.73371,1.08888,,63,4,8,1500000,0.0,4.87353,4.87353,4.79339,0.00470685,4.79318,3.88116,0.905897,,74,5,16,1500000,0.0,4.55148,4.55147,4.46675,0.005731,4.46636,3.6176,0.840998,,92,4,8,1500000,0.0,4.60791,4.60791,4.52585,0.00454194,4.52565,3.66536,0.854471,,60,4,8,1500000,0.0,4.76493,4.76492,4.6668,0.00476098,4.6666,3.76222,0.898118,,54,4,8,1500000,0.0,4.66075,4.66074,4.58786,0.00546797,4.58765,3.72943,0.851464,,57,5,16,1500000,0.0,4.53361,4.53361,4.43997,0.00601568,4.43959,3.59853,0.833069,,50,5,16,1500000,0.0,4.48504,4.48503,4.38562,0.00579285,4.38522,3.54863,0.828782,,51,4,8,1500000,0.0,4.70445,4.70444,4.62176,0.00546893,4.62155,3.76194,0.852672,,78,1,1,1500000,0.0,4.58737,4.58737,4.51688,0.0072599,4.51685,3.63909,0.870293,,55,3,4,1500000,0.0,4.7149,4.7149,4.63291,0.00472037,4.6328,3.76067,0.866482,,88,2,2,1500000,0.0,4.4942,4.4942,4.42531,0.00420063,4.42525,3.555,0.865596,,48,3,4,1500000,0.0,4.78634,4.78634,4.71454,0.00466925,4.71442,3.84331,0.865508,,68,5,16,1500000,0.0,4.80224,4.80223,4.71721,0.00593031,4.71682,3.65408,1.05459,,76,5,16,1500000,0.0,4.56336,4.56335,4.46592,0.00563417,4.46553,3.61617,0.841784,,61,5,16,1500000,0.0,4.54401,4.544,4.45666,0.00593305,4.45627,3.60895,0.83944,,77,4,8,1500000,0.0,4.65985,4.65984,4.57348,0.00482579,4.57327,3.71175,0.855359,,66,4,8,1500000,0.0,4.6468,4.6468,4.56011,0.0049522,4.55991,3.69885,0.854806,,93,5,16,1500000,0.0,4.72321,4.7232,4.63954,0.00570861,4.63916,3.72162,0.909872,,62,5,16,1500000,0.0,4.59866,4.59865,4.51122,0.00544126,4.51083,3.6584,0.844909,,89,4,8,1500000,0.0,4.71905,4.71905,4.63101,0.00491079,4.63081,3.76813,0.856422,,95,5,16,1500000,0.0,4.54808,4.54807,4.46181,0.00533478,4.46144,3.60945,0.844569,,81,4,8,1500000,0.0,4.58615,4.58614,4.48552,0.00442053,4.48533,3.62528,0.854296,,58,3,4,1500000,0.0,4.73571,4.73571,4.66057,0.00479897,4.66046,3.79586,0.858982,,67,3,4,1500000,0.0,4.78368,4.78368,4.69828,0.0048837,4.69817,3.82935,0.863101,,59,3,4,1500000,0.0,4.84559,4.84559,4.7263,0.00459658,4.72619,3.85794,0.862831,,69,1,1,1500000,0.0,5.01483,5.01483,4.91855,0.00704079,4.91852,4.04841,0.862837,,65,2,2,1500000,0.0,4.7922,4.7922,4.69838,0.00433691,4.69832,3.82954,0.863956,,84,4,8,1500000,0.0,4.70713,4.70712,4.63303,0.00475481,4.63282,3.77153,0.855257,,,,,,
56,5,16,1500000,0.0,4.57278,4.57277,4.49569,0.00588083,4.49529,3.62693,0.860488,,52,4,8,1500000,0.0,4.81792,4.81791,4.72301,0.00551112,4.7228,3.84949,0.866306,,73,4,8,1500000,0.0,4.62686,4.62685,4.53898,0.00478795,4.53878,3.67698,0.855584,,85,5,16,1500000,0.0,4.66602,4.66601,4.57772,0.00564673,4.57733,3.71553,0.854219,,83,4,8,1500000,0.0,4.58478,4.58478,4.49205,0.00485851,4.49184,3.63542,0.850251,,82,3,4,1500000,0.0,4.80743,4.80743,4.72747,0.00439041,4.72736,3.85646,0.865689,,70,4,8,1500000,0.0,4.55984,4.55984,4.47998,0.0049658,4.47976,3.61503,0.858497,,90,5,16,1500000,0.0,4.55858,4.55857,4.48045,0.00583863,4.48006,3.6274,0.844659,,80,4,8,1500000,0.0,4.71016,4.71016,4.63132,0.0048063,4.63111,3.75758,0.867338,,72,2,2,1500000,0.0,4.8682,4.8682,4.79682,0.00430065,4.79676,3.93175,0.860265,,49,6,32,1500000,0.0,4.38174,4.38172,4.2961,0.00759606,4.29537,3.45785,0.826634,,86,6,32,1500000,0.0,4.41756,4.41755,4.33642,0.00761841,4.33564,3.45144,0.873741,,87,5,16,1500000,0.0,4.6389,4.63889,4.55462,0.00607443,4.55423,3.70362,0.842412,,94,6,32,1500000,0.0,4.51796,4.51794,4.42368,0.00701511,4.42297,3.54896,0.86415,,64,4,8,1500000,0.0,4.61081,4.61081,4.52664,0.00521772,4.52643,3.66947,0.850478,,71,4,8,1500000,0.0,4.64623,4.64623,4.55365,0.00502487,4.55344,3.68896,0.858144,,75,6,32,1500000,0.0,4.42072,4.4207,4.33383,0.00734636,4.33309,3.50374,0.819186,,53,6,32,1500000,0.0,4.46035,4.46033,4.37163,0.00796123,4.37089,3.53229,0.827479,,91,4,8,1500000,0.0,4.57953,4.57952,4.49756,0.00469967,4.49737,3.63694,0.85448,,79,4,8,1500000,0.0,4.63838,4.63838,4.54886,0.00452018,4.54866,3.6864,0.856411,,63,5,16,1500000,0.0,4.93614,4.93613,4.84311,0.00572143,4.84271,3.70172,1.13308,,74,6,32,1500000,0.0,4.45844,4.45843,4.37179,0.00751206,4.37108,3.42978,0.930723,,92,5,16,1500000,0.0,4.49926,4.49926,4.41367,0.00542824,4.41329,3.56994,0.835953,,60,5,16,1500000,0.0,4.47862,4.47862,4.39837,0.00568693,4.39799,3.5496,0.840678,,54,5,16,1500000,0.0,4.58475,4.58474,4.49722,0.00593305,4.49683,3.6637,0.825229,,57,6,32,1500000,0.0,4.43538,4.43537,4.35297,0.00751014,4.35225,3.43262,0.909194,,50,6,32,1500000,0.0,4.37859,4.37858,4.29451,0.00736374,4.29377,3.46584,0.817563,,51,5,16,1500000,0.0,4.75271,4.7527,4.67431,0.00564094,4.67393,3.68311,0.98315,,78,2,2,1500000,0.0,4.68352,4.68351,4.60921,0.00403955,4.60916,3.73898,0.865712,,55,4,8,1500000,0.0,4.62946,4.62946,4.53856,0.00551819,4.53834,3.67097,0.860368,,88,3,4,1500000,0.0,4.48723,4.48723,4.40573,0.00464056,4.40562,3.53593,0.864195,,48,4,8,1500000,0.0,4.8502,4.8502,4.75152,0.00570988,4.7513,3.88177,0.862313,,68,6,32,1500000,0.0,4.45723,4.45721,4.37043,0.00728455,4.36971,3.51361,0.84557,,76,6,32,1500000,0.0,4.34291,4.34289,4.25886,0.00749404,4.25812,3.42361,0.824191,,61,6,32,1500000,0.0,4.37846,4.37845,4.29316,0.00773234,4.29242,3.44866,0.833064,,77,5,16,1500000,0.0,4.56739,4.56739,4.48503,0.00600333,4.48464,3.63075,0.845665,,66,5,16,1500000,0.0,4.87548,4.87547,4.78357,0.00583961,4.78318,3.72164,1.05365,,93,6,32,1500000,0.0,4.31376,4.31375,4.23102,0.007206,4.23032,3.40096,0.81953,,62,6,32,1500000,0.0,4.50467,4.50466,4.41597,0.0075251,4.41525,3.57801,0.826479,,89,5,16,1500000,0.0,4.50223,4.50222,4.41695,0.00547757,4.41657,3.57186,0.837238,,95,6,32,1500000,0.0,4.47641,4.47639,4.38797,0.00690091,4.38726,3.47559,0.901923,,81,5,16,1500000,0.0,4.50865,4.50864,4.42654,0.0054586,4.42617,3.58464,0.833999,,58,4,8,1500000,0.0,4.74266,4.74266,4.64813,0.00519223,4.64792,3.78723,0.854165,,67,4,8,1500000,0.0,4.75049,4.75048,4.66445,0.00486427,4.66425,3.80152,0.856469,,59,4,8,1500000,0.0,4.67799,4.67799,4.58374,0.00539201,4.58353,3.71793,0.858881,,69,2,2,1500000,0.0,4.83813,4.83813,4.76866,0.00451366,4.7686,3.90107,0.862533,,65,3,4,1500000,0.0,4.75986,4.75986,4.64029,0.00435848,4.64018,3.77184,0.863151,,84,5,16,1500000,0.0,4.651,4.65099,4.56437,0.00581486,4.56397,3.59515,0.961059,,,,,,
56,6,32,1500000,0.0,4.45213,4.45212,4.37231,0.00684188,4.37157,3.4644,0.897509,,52,5,16,1500000,0.0,4.65478,4.65477,4.55934,0.00596516,4.55895,3.69814,0.852754,,73,5,16,1500000,0.0,4.48886,4.48885,4.40701,0.00597455,4.40662,3.55617,0.842412,,85,6,32,1500000,0.0,4.44933,4.44931,4.37033,0.00691979,4.3696,3.49912,0.860729,,83,5,16,1500000,0.0,4.50472,4.50471,4.41934,0.00576036,4.41895,3.57255,0.838668,,82,4,8,1500000,0.0,4.59936,4.59935,4.51836,0.00458149,4.51816,3.65227,0.86006,,70,5,16,1500000,0.0,4.4845,4.48449,4.40275,0.00555586,4.40235,3.55855,0.836325,,90,6,32,1500000,0.0,4.49246,4.49245,4.41106,0.00710243,4.41031,3.5055,0.894657,,80,5,16,1500000,0.0,4.61047,4.61046,4.52547,0.00568062,4.52508,3.67013,0.8472,,72,3,4,1500000,0.0,4.76578,4.76578,4.6903,0.00457939,4.69019,3.8268,0.857986,,49,7,64,1500000,0.0,4.23685,4.23682,4.15148,0.00977867,4.15007,3.30268,0.833162,,86,7,64,1500000,0.0,4.22816,4.22814,4.14511,0.00866978,4.14361,3.30941,0.821618,,87,6,32,1500000,0.0,4.40836,4.40835,4.31728,0.00745627,4.31656,3.48145,0.824634,,94,7,64,1500000,0.0,4.25669,4.25667,4.17733,0.00783694,4.176,3.34692,0.817514,,64,5,16,1500000,0.0,4.52362,4.52362,4.43802,0.00539834,4.43762,3.58832,0.841894,,71,5,16,1500000,0.0,4.51205,4.51205,4.43113,0.00568421,4.43075,3.56684,0.856193,,75,7,64,1500000,0.0,4.26132,4.26129,4.17908,0.00887424,4.17769,3.29042,0.874404,,53,7,64,1500000,0.0,4.22265,4.22263,4.13904,0.00937652,4.13764,3.31912,0.804797,,91,5,16,1500000,0.0,4.5568,4.55679,4.47704,0.00564927,4.47666,3.62732,0.841816,,79,5,16,1500000,0.0,4.52179,4.52179,4.44001,0.00533185,4.43963,3.58886,0.843489,,63,6,32,1500000,0.0,4.51292,4.51291,4.43114,0.00728045,4.43041,3.56826,0.851711,,74,7,64,1500000,0.0,4.23925,4.23923,4.15825,0.00836038,4.15689,3.30648,0.83794,,92,6,32,1500000,0.0,4.43129,4.43128,4.34568,0.00697748,4.34496,3.51403,0.821032,,60,6,32,1500000,0.0,4.45012,4.45011,4.35496,0.00769599,4.35422,3.43326,0.910373,,54,6,32,1500000,0.0,4.47664,4.47662,4.39161,0.00747297,4.39087,3.47752,0.902932,,57,7,64,1500000,0.0,4.21339,4.21337,4.13319,0.00884593,4.13181,3.2509,0.868017,,50,7,64,1500000,0.0,4.2435,4.24348,4.15862,0.00954062,4.15722,3.29564,0.84785,,51,6,32,1500000,0.0,4.40566,4.40564,4.31848,0.00754588,4.31776,3.49647,0.810722,,78,3,4,1500000,0.0,4.79573,4.79573,4.70499,0.00455891,4.70488,3.83787,0.86156,,55,5,16,1500000,0.0,4.78392,4.78392,4.68888,0.00610148,4.68849,3.65716,1.02309,,88,4,8,1500000,0.0,4.69746,4.69745,4.60182,0.00472262,4.60163,3.73766,0.857844,,48,5,16,1500000,0.0,4.76228,4.76227,4.66883,0.00597768,4.66844,3.629,1.03153,,68,7,64,1500000,0.0,4.22623,4.2262,4.14338,0.00872437,4.14201,3.3153,0.813797,,76,7,64,1500000,0.0,4.20051,4.20048,4.11567,0.00844037,4.11431,3.26197,0.839941,,61,7,64,1500000,0.0,4.21408,4.21406,4.12879,0.00910437,4.12739,3.28652,0.827639,,77,6,32,1500000,0.0,4.41769,4.41767,4.32843,0.00723243,4.32771,3.48614,0.831161,,66,6,32,1500000,0.0,4.4152,4.41518,4.33012,0.00729633,4.32939,3.49486,0.824385,,93,7,64,1500000,0.0,4.32042,4.32039,4.23964,0.00779503,4.23831,3.37581,0.850924,,62,7,64,1500000,0.0,4.28861,4.28858,4.20639,0.00886848,4.20502,3.37715,0.814755,,89,6,32,1500000,0.0,4.49598,4.49597,4.40027,0.00705138,4.39956,3.55666,0.832752,,95,7,64,1500000,0.0,4.26165,4.26162,4.17583,0.00790934,4.1745,3.31352,0.849178,,81,6,32,1500000,0.0,4.44776,4.44775,4.3624,0.00693951,4.36168,3.46003,0.891655,,58,5,16,1500000,0.0,4.95625,4.95625,4.86329,0.00589349,4.8629,3.74673,1.10826,,67,5,16,1500000,0.0,4.519,4.51899,4.42911,0.00564775,4.42873,3.57873,0.842369,,59,5,16,1500000,0.0,4.53408,4.53408,4.45198,0.00550997,4.45159,3.60283,0.841342,,69,3,4,1500000,0.0,4.91449,4.91449,4.81787,0.00460171,4.81775,3.93944,0.872824,,65,4,8,1500000,0.0,4.69625,4.69625,4.61485,0.00465596,4.61464,3.74759,0.861067,,84,6,32,1500000,0.0,4.43438,4.43436,4.35243,0.0071985,4.35167,3.5197,0.82176,,,,,,
56,7,64,1500000,0.0,4.23144,4.23142,4.14833,0.00884146,4.14693,3.26367,0.870381,,52,6,32,1500000,0.0,4.49346,4.49345,4.41125,0.00747809,4.4105,3.57343,0.826544,,73,6,32,1500000,0.0,4.38799,4.38798,4.30239,0.00703111,4.30164,3.46788,0.823699,,85,7,64,1500000,0.0,4.21867,4.21864,4.13259,0.00841871,4.13122,3.30551,0.813354,,83,6,32,1500000,0.0,4.32707,4.32706,4.24746,0.0065278,4.2467,3.41644,0.820828,,82,5,16,1500000,0.0,4.62569,4.62568,4.54751,0.00592086,4.54713,3.69467,0.8445,,70,6,32,1500000,0.0,4.4313,4.43129,4.35142,0.00732477,4.35068,3.51701,0.823483,,90,7,64,1500000,0.0,4.27635,4.27633,4.19762,0.00840458,4.19619,3.32551,0.858137,,80,6,32,1500000,0.0,4.45169,4.45168,4.36308,0.0074981,4.36234,3.50835,0.843451,,72,4,8,1500000,0.0,4.7297,4.72969,4.63666,0.00439227,4.63646,3.78158,0.849163,,49,8,128,1500000,0.0,4.0829,4.08286,4.00479,0.0102973,4.00223,3.12607,0.859866,,86,8,128,1500000,0.0,4.12037,4.12034,4.03807,0.0091138,4.03529,3.12549,0.895311,,87,7,64,1500000,0.0,4.26946,4.26944,4.18727,0.0078138,4.18592,3.3207,0.853366,,94,8,128,1500000,0.0,4.05175,4.0517,3.97614,0.00901715,3.9737,3.15033,0.809045,,64,6,32,1500000,0.0,4.43195,4.43193,4.34866,0.00711324,4.34788,3.51305,0.824694,,71,6,32,1500000,0.0,4.45326,4.45325,4.36506,0.00729184,4.36433,3.53006,0.823959,,75,8,128,1500000,0.0,4.0859,4.08586,4.00722,0.00956552,4.00466,3.11844,0.871079,,53,8,128,1500000,0.0,4.04098,4.04095,3.96504,0.0101743,3.96242,3.14137,0.805152,,91,6,32,1500000,0.0,4.38001,4.37999,4.29768,0.0070236,4.29696,3.46239,0.824746,,79,6,32,1500000,0.0,4.42263,4.42262,4.34146,0.00666114,4.34072,3.50497,0.826139,,63,7,64,1500000,0.0,4.28893,4.2889,4.20314,0.00876209,4.20174,3.34913,0.839714,,74,8,128,1500000,0.0,4.03851,4.03847,3.96224,0.00923628,3.95973,3.13477,0.810124,,92,7,64,1500000,0.0,4.2215,4.22147,4.14234,0.00830831,4.14097,3.31284,0.815791,,60,7,64,1500000,0.0,4.16908,4.16905,4.08243,0.00920229,4.08102,3.25464,0.813006,,54,7,64,1500000,0.0,4.22567,4.22564,4.1399,0.0095487,4.13849,3.31858,0.80614,,57,8,128,1500000,0.0,4.04493,4.04489,3.96695,0.0098908,3.9644,3.12007,0.828753,,50,8,128,1500000,0.0,4.03635,4.03631,3.96243,0.0103187,3.95978,3.10922,0.834397,,51,7,64,1500000,0.0,4.27694,4.27692,4.18987,0.00909708,4.18852,3.33457,0.840547,,78,4,8,1500000,0.0,4.67824,4.67823,4.58925,0.00487685,4.58905,3.72854,0.854236,,55,6,32,1500000,0.0,4.45349,4.45348,4.36453,0.00752307,4.3638,3.51738,0.835741,,88,5,16,1500000,0.0,4.52184,4.52184,4.44009,0.00581348,4.4397,3.58893,0.842951,,48,6,32,1500000,0.0,4.42795,4.42794,4.34333,0.00762079,4.34258,3.51418,0.81778,,68,8,128,1500000,0.0,4.06081,4.06077,3.98498,0.0097602,3.98245,3.15819,0.808888,,76,8,128,1500000,0.0,4.1265,4.12646,4.0478,0.00930584,4.04527,3.13674,0.893629,,61,8,128,1500000,0.0,4.04649,4.04645,3.96802,0.00962367,3.96546,3.12226,0.827932,,77,7,64,1500000,0.0,4.25641,4.25639,4.17403,0.00839565,4.17265,3.31142,0.848669,,66,7,64,1500000,0.0,4.19084,4.19081,4.10992,0.00849959,4.10854,3.24369,0.852388,,93,8,128,1500000,0.0,4.23752,4.23747,4.15702,0.00879092,4.15457,3.26686,0.873617,,62,8,128,1500000,0.0,4.09605,4.09601,4.01917,0.00985388,4.01664,3.1936,0.80753,,89,7,64,1500000,0.0,4.33569,4.33567,4.25184,0.00847692,4.25048,3.41206,0.82579,,95,8,128,1500000,0.0,4.11172,4.11168,4.03795,0.00913635,4.03549,3.18879,0.83212,,81,7,64,1500000,0.0,4.21293,4.21291,4.13329,0.00813582,4.13193,3.27442,0.845397,,58,6,32,1500000,0.0,4.39677,4.39676,4.30858,0.00756487,4.30783,3.48947,0.807885,,67,6,32,1500000,0.0,4.42908,4.42906,4.34017,0.00734656,4.33945,3.50761,0.821491,,59,6,32,1500000,0.0,4.48542,4.4854,4.39925,0.00720561,4.39852,3.4272,0.961249,,69,4,8,1500000,0.0,4.73949,4.73949,4.64977,0.00512464,4.64957,3.75577,0.887258,,65,5,16,1500000,0.0,4.51555,4.51554,4.43993,0.00516173,4.43954,3.58993,0.842404,,84,7,64,1500000,0.0,4.25252,4.25249,4.16804,0.00852398,4.16661,3.31644,0.837575,,,,,,
56,8,128,1500000,0.0,4.13852,4.13849,4.0594,0.00958537,4.05682,3.13474,0.906823,,52,7,64,1500000,0.0,4.21639,4.21636,4.13263,0.00911668,4.13121,3.28882,0.829143,,73,7,64,1500000,0.0,4.20312,4.2031,4.12462,0.00827816,4.12321,3.29616,0.814527,,85,8,128,1500000,0.0,4.07516,4.07512,3.99873,0.00903065,3.99622,3.15955,0.82224,,83,7,64,1500000,0.0,4.17268,4.17266,4.08824,0.00824718,4.08681,3.26461,0.81001,,82,6,32,1500000,0.0,4.41477,4.41476,4.33236,0.00735391,4.33164,3.50133,0.820007,,70,7,64,1500000,0.0,4.20808,4.20805,4.12713,0.00896261,4.12572,3.28483,0.827951,,90,8,128,1500000,0.0,4.10276,4.10272,4.02758,0.0095774,4.02493,3.15944,0.850309,,80,7,64,1500000,0.0,4.20824,4.20821,4.12542,0.00836326,4.12403,3.29013,0.82143,,72,5,16,1500000,0.0,4.62235,4.62234,4.53609,0.00567612,4.53571,3.69913,0.828812,,49,9,256,1500000,0.0,3.97636,3.97627,3.90382,0.011927,3.89896,3.0395,0.8381,,86,9,256,1500000,0.0,4.01683,4.01675,3.9422,0.0120175,3.93693,3.07974,0.836163,,87,8,128,1500000,0.0,4.13659,4.13655,4.05813,0.00918022,4.05563,3.227,0.81383,,94,9,256,1500000,0.0,4.07454,4.07446,4.00045,0.0126469,3.99582,3.12915,0.845157,,64,7,64,1500000,0.0,4.23984,4.23982,4.1551,0.0088503,4.15363,3.33093,0.809733,,71,7,64,1500000,0.0,4.23792,4.2379,4.15688,0.00852316,4.1555,3.30966,0.833398,,75,9,256,1500000,0.0,4.05354,4.05345,3.98091,0.0118405,3.97606,3.11269,0.842382,,53,9,256,1500000,0.0,3.99632,3.99626,3.92419,0.0120421,3.91917,3.06455,0.833308,,91,7,64,1500000,0.0,4.1766,4.17657,4.09787,0.00823563,4.09651,3.2619,0.822603,,79,7,64,1500000,0.0,4.34142,4.3414,4.26085,0.00791622,4.2595,3.33834,0.909321,,63,8,128,1500000,0.0,4.06572,4.06568,3.98835,0.00954822,3.98579,3.14664,0.823995,,74,9,256,1500000,0.0,4.00198,4.00192,3.93046,0.0117423,3.92573,3.07961,0.825318,,92,8,128,1500000,0.0,4.13839,4.13836,4.06092,0.00925086,4.0584,3.15359,0.890039,,60,8,128,1500000,0.0,4.01085,4.0108,3.93182,0.00953594,3.92923,3.09408,0.820071,,54,8,128,1500000,0.0,4.06752,4.06748,3.9903,0.00999519,3.98764,3.13369,0.838159,,57,9,256,1500000,0.0,3.96551,3.96545,3.89086,0.0115284,3.88607,3.03299,0.832456,,50,9,256,1500000,0.0,3.98874,3.98867,3.91591,0.0119818,3.91078,3.05916,0.83044,,51,8,128,1500000,0.0,4.11038,4.11034,4.03159,0.0102517,4.02905,3.15269,0.86021,,78,5,16,1500000,0.0,4.50397,4.50396,4.42587,0.00597663,4.42548,3.57661,0.840841,,55,7,64,1500000,0.0,4.23923,4.23921,4.15636,0.0086778,4.15496,3.31345,0.828568,,88,6,32,1500000,0.0,4.41436,4.41435,4.32958,0.0071304,4.32886,3.49295,0.825852,,48,7,64,1500000,0.0,4.20046,4.20043,4.10974,0.00948479,4.10832,3.28248,0.812158,,68,9,256,1500000,0.0,4.04306,4.043,3.9664,0.0125004,3.96158,3.10128,0.838599,,76,9,256,1500000,0.0,4.05702,4.05693,3.98266,0.0118791,3.97788,3.11621,0.840756,,61,9,256,1500000,0.0,4.03892,4.03886,3.96542,0.0118091,3.96061,3.05969,0.879893,,77,8,128,1500000,0.0,4.0958,4.09576,4.01736,0.00934715,4.01482,3.15954,0.840358,,66,8,128,1500000,0.0,4.02171,4.02166,3.94544,0.00930389,3.94294,3.11479,0.813382,,93,9,256,1500000,0.0,4.11839,4.1183,4.04354,0.0122773,4.03894,3.11592,0.901821,,62,9,256,1500000,0.0,4.10669,4.10662,4.03389,0.0126797,4.02913,3.16557,0.8415,,89,8,128,1500000,0.0,4.10049,4.10046,4.02631,0.00945395,4.02381,3.17034,0.838392,,95,9,256,1500000,0.0,4.04976,4.04968,3.97466,0.0127258,3.96998,3.11436,0.833894,,81,8,128,1500000,0.0,4.05088,4.05084,3.97597,0.00906908,3.97347,3.14439,0.81452,,58,7,64,1500000,0.0,4.28547,4.28545,4.20006,0.00898625,4.19864,3.36206,0.823458,,67,7,64,1500000,0.0,4.17257,4.17255,4.09317,0.00860729,4.0918,3.26631,0.812902,,59,7,64,1500000,0.0,4.37313,4.37311,4.2879,0.00892264,4.28649,3.37869,0.894757,,69,5,16,1500000,0.0,4.56229,4.56228,4.48773,0.00549887,4.48735,3.64408,0.835715,,65,6,32,1500000,0.0,4.44712,4.44711,4.3615,0.00733905,4.36075,3.48997,0.860388,,84,8,128,1500000,0.0,4.12869,4.12864,4.04333,0.00964984,4.04067,3.17493,0.850541,,,,,,
56,9,256,1500000,0.0,4.03349,4.0334,3.96155,0.0117225,3.95668,3.07625,0.859611,,52,8,128,1500000,0.0,4.15867,4.15863,4.0798,0.0101313,4.0772,3.13219,0.92923,,73,8,128,1500000,0.0,4.11496,4.11493,4.03668,0.00954592,4.03408,3.19238,0.826432,,85,9,256,1500000,0.0,4.00613,4.00604,3.93187,0.011856,3.92712,3.06922,0.837096,,83,8,128,1500000,0.0,4.02121,4.02116,3.94528,0.00933324,3.94263,3.11688,0.81095,,82,7,64,1500000,0.0,4.29455,4.29453,4.21117,0.00857882,4.20982,3.38217,0.81487,,70,8,128,1500000,0.0,4.05685,4.05681,3.98142,0.00959389,3.97881,3.11547,0.848206,,90,9,256,1500000,0.0,4.0708,4.07074,3.99567,0.0129687,3.99067,3.13187,0.836617,,80,8,128,1500000,0.0,4.06397,4.06393,3.98622,0.00957093,3.98368,3.14832,0.820126,,72,6,32,1500000,0.0,4.43826,4.43824,4.34996,0.00733033,4.34926,3.53167,0.807129,,49,10,510,1499969,0.0,4.03269,4.03254,3.96062,0.0167701,3.95162,3.05512,0.863293,,86,10,512,1500000,0.0,4.05791,4.05776,3.98284,0.0181282,3.97283,3.0765,0.86218,,87,9,256,1500000,0.0,4.11804,4.11798,4.04407,0.0124296,4.03933,3.1825,0.835148,,94,10,512,1500000,0.0,4.14487,4.14473,4.06944,0.0195254,4.06058,3.14602,0.879052,,64,8,128,1500000,0.0,4.07444,4.0744,3.99664,0.00956424,3.99397,3.14939,0.829428,,71,8,128,1500000,0.0,4.14193,4.14189,4.06344,0.00943696,4.06089,3.17378,0.870251,,75,10,512,1500000,0.0,4.03582,4.03566,3.96374,0.0176457,3.95457,3.05345,0.867265,,53,10,512,1500000,0.0,4.0481,4.04796,3.97661,0.0172314,3.96716,3.07364,0.859838,,91,8,128,1500000,0.0,4.09864,4.09859,4.01906,0.00907963,4.01658,3.16106,0.840895,,79,8,128,1500000,0.0,4.13125,4.13121,4.05081,0.0089954,4.04831,3.22347,0.81023,,63,9,256,1500000,0.0,4.04159,4.0415,3.967,0.0123472,3.96212,3.10363,0.836996,,74,10,512,1500000,0.0,4.04291,4.04276,3.97113,0.0176723,3.96217,3.06389,0.864459,,92,9,256,1500000,0.0,4.05559,4.05551,3.98207,0.0122059,3.97732,3.09729,0.858813,,60,9,256,1500000,0.0,3.99028,3.99022,3.91726,0.0117783,3.91236,3.05657,0.834827,,54,9,256,1500000,0.0,3.9944,3.99431,3.92058,0.0120452,3.91548,3.07994,0.814245,,57,10,512,1500000,0.0,4.03312,4.03297,3.9618,0.0164632,3.95282,3.04129,0.878951,,50,10,512,1500000,0.0,4.02101,4.02088,3.94857,0.0170415,3.93909,3.06141,0.844186,,51,9,256,1500000,0.0,4.07101,4.07094,3.99707,0.0121868,3.99221,3.09676,0.873894,,78,6,32,1500000,0.0,4.32903,4.32902,4.23769,0.0073267,4.23695,3.40676,0.820081,,55,8,128,1500000,0.0,4.01334,4.0133,3.93348,0.00987284,3.93092,3.10758,0.807694,,88,7,64,1500000,0.0,4.23449,4.23446,4.15137,0.00872761,4.15001,3.30877,0.828499,,48,8,128,1500000,0.0,4.05295,4.05291,3.97632,0.0102587,3.97371,3.12277,0.834874,,68,10,512,1500000,0.0,4.10459,4.10444,4.0302,0.018645,4.02106,3.11785,0.868045,,76,10,512,1500000,0.0,4.23445,4.23429,4.15827,0.0181705,4.14919,3.20467,0.910261,,61,10,510,1499990,0.0,4.02275,4.0226,3.95106,0.0171315,3.94202,3.05212,0.856662,,77,9,256,1500000,0.0,4.06446,4.06439,3.98913,0.0122805,3.98432,3.11366,0.84916,,66,9,256,1500000,0.0,4.03043,4.03035,3.95524,0.0118761,3.95052,3.10218,0.827447,,93,10,512,1500000,0.0,4.05599,4.05583,3.98312,0.0187524,3.97433,3.06685,0.873047,,62,10,512,1500000,0.0,4.113,4.11284,4.03763,0.0189818,4.02861,3.12009,0.8728,,89,9,256,1500000,0.0,4.06954,4.06946,3.99702,0.0127408,3.99233,3.13534,0.835022,,95,10,512,1500000,0.0,4.10229,4.10213,4.02726,0.019297,4.01832,3.12259,0.860339,,81,9,256,1500000,0.0,4.04854,4.04847,3.97349,0.012154,3.96877,3.098,0.849545,,58,8,128,1500000,0.0,4.05931,4.05927,3.98088,0.0100007,3.97821,3.12646,0.836103,,67,8,128,1500000,0.0,4.07723,4.0772,3.99933,0.00980994,3.99683,3.15941,0.821986,,59,8,128,1500000,0.0,4.01873,4.01869,3.94048,0.00989634,3.93792,3.11326,0.809117,,69,6,32,1500000,0.0,4.3291,4.32909,4.24559,0.00712284,4.24487,3.39884,0.835896,,65,7,64,1500000,0.0,4.25402,4.254,4.16916,0.00858947,4.16775,3.32952,0.82567,,84,9,256,1500000,0.0,4.03236,4.03228,3.95824,0.0122907,3.95321,3.10937,0.822455,,,,,,
56,10,512,1500000,0.0,4.0134,4.01327,3.9415,0.0169141,3.93243,3.04081,0.858655,,52,9,256,1500000,0.0,4.03088,4.0308,3.95731,0.0121275,3.95241,3.08866,0.842456,,73,9,256,1500000,0.0,4.06136,4.0613,3.98781,0.0121802,3.98288,3.10445,0.856904,,85,10,512,1500000,0.0,4.02841,4.02825,3.95574,0.0179207,3.94674,3.04984,0.862951,,83,9,256,1500000,0.0,4.02033,4.02026,3.94541,0.0117585,3.94036,3.07685,0.842792,,82,8,128,1500000,0.0,4.10634,4.1063,4.03081,0.00942365,4.02833,3.16907,0.844365,,70,9,256,1500000,0.0,4.04999,4.04991,3.97764,0.0118501,3.97273,3.12541,0.826532,,90,10,512,1500000,0.0,4.12902,4.12887,4.0532,0.0195951,4.04358,3.10102,0.906507,,80,9,256,1500000,0.0,4.06121,4.06115,3.98578,0.0124368,3.98093,3.09722,0.862054,,72,7,64,1500000,0.0,4.30254,4.30252,4.22111,0.00891448,4.21979,3.34601,0.860547,,49,11,1020,1499969,0.0,4.05173,4.05146,3.98066,0.0258765,3.96362,2.99924,0.909524,,86,11,1022,1499923,0.0,4.09006,4.0898,4.01789,0.0275365,3.99872,3.02627,0.916222,,87,10,512,1500000,0.0,4.08978,4.08962,4.01624,0.0192332,4.00725,3.11968,0.851921,,94,11,1022,1499981,0.0,4.09134,4.09106,4.01871,0.0291213,4.00197,3.03345,0.910787,,64,9,256,1500000,0.0,4.02605,4.02596,3.95243,0.0118687,3.94736,3.10291,0.823394,,71,9,256,1500000,0.0,3.99884,3.99876,3.92495,0.0119714,3.9202,3.08203,0.817041,,75,11,1018,1499972,0.0,4.08378,4.08353,4.01316,0.0269811,3.99587,3.03715,0.903132,,53,11,1024,1500000,0.0,4.10495,4.10469,4.03309,0.0266502,4.01517,3.02565,0.933832,,91,9,256,1500000,0.0,4.03778,4.03771,3.96318,0.0122335,3.95851,3.103,0.834132,,79,9,256,1500000,0.0,4.12464,4.12455,4.04968,0.012366,4.04499,3.15045,0.873044,,63,10,512,1500000,0.0,4.08046,4.08031,4.00678,0.0187909,3.99751,3.10399,0.858275,,74,11,1022,1499975,0.0,4.08051,4.08024,4.00959,0.0271946,3.99264,3.01233,0.924416,,92,10,512,1500000,0.0,4.06667,4.06651,3.99083,0.0185656,3.98173,3.08662,0.860292,,60,10,512,1500000,0.0,4.02106,4.02091,3.94768,0.0171152,3.93847,3.04572,0.859303,,54,10,512,1500000,0.0,4.05219,4.05204,3.98014,0.0173631,3.97059,3.07516,0.861568,,57,11,1018,1499987,0.0,4.04416,4.0439,3.97259,0.0255274,3.95564,2.99121,0.910679,,50,11,1022,1499994,0.0,4.06828,4.06802,3.99693,0.0264383,3.97894,3.02585,0.897623,,51,10,512,1500000,0.0,4.04786,4.04773,3.97658,0.0174491,3.96754,3.07898,0.85456,,78,7,64,1500000,0.0,4.23572,4.2357,4.15426,0.00863638,4.15286,3.32176,0.818592,,55,9,256,1500000,0.0,3.99302,3.99295,3.92092,0.0116768,3.91607,3.07284,0.822235,,88,8,126,1499984,0.0,4.06166,4.06162,3.98691,0.00923517,3.98444,3.13558,0.834302,,48,9,256,1500000,0.0,3.98725,3.98715,3.91456,0.0119517,3.90966,3.04289,0.845535,,68,11,1022,1499993,0.0,4.11188,4.11161,4.0389,0.0284891,4.02166,3.05145,0.912368,,76,11,1022,1499990,0.0,4.20155,4.20127,4.12701,0.0277802,4.10984,3.13836,0.915118,,61,11,1018,1499983,0.0,4.0759,4.07564,4.00495,0.0263755,3.98772,3.01432,0.918502,,77,10,512,1500000,0.0,4.06619,4.06604,3.9917,0.018709,3.98254,3.09435,0.853124,,66,10,512,1500000,0.0,4.06148,4.06133,3.98857,0.0178992,3.9796,3.08444,0.861165,,93,11,1020,1499938,0.0,4.09021,4.08992,4.0173,0.0280244,4.00068,3.02463,0.919806,,62,11,1020,1499804,0.0,4.15269,4.15242,4.08036,0.0289846,4.06326,3.08753,0.917207,,89,10,512,1500000,0.0,4.13183,4.13169,4.05721,0.0193325,4.04825,3.14658,0.865759,,95,11,1018,1499966,0.0,4.18022,4.17994,4.1074,0.0291278,4.09051,3.08673,0.945958,,81,10,512,1500000,0.0,4.0528,4.05264,3.97735,0.018447,3.96834,3.06024,0.87361,,58,9,256,1500000,0.0,3.97028,3.97021,3.89678,0.0120197,3.8917,3.05667,0.813854,,67,9,256,1500000,0.0,3.97013,3.97005,3.89804,0.0119455,3.89331,3.04673,0.825575,,59,9,256,1500000,0.0,4.01766,4.01759,3.94298,0.0117601,3.93812,3.06598,0.851232,,69,7,64,1500000,0.0,4.32913,4.32911,4.24709,0.00869576,4.24573,3.32068,0.91237,,65,8,128,1500000,0.0,4.10108,4.10104,4.02297,0.00937086,4.02031,3.15893,0.846292,,84,10,512,1500000,0.0,4.08255,4.08239,4.00899,0.0186984,3.99942,3.09311,0.871506,,,,,,
56,11,1018,1499827,0.0,4.08404,4.08378,4.01303,0.025935,3.99583,3.0305,0.911137,,52,10,512,1500000,0.0,4.0701,4.06996,3.99793,0.0175424,3.98872,3.08705,0.86769,,73,10,512,1500000,0.0,4.07231,4.07215,3.99965,0.0184396,3.9903,3.1018,0.853479,,85,11,1022,1499987,0.0,4.06036,4.0601,3.98906,0.0271581,3.97194,3.01353,0.902989,,83,10,512,1500000,0.0,4.01414,4.01399,3.94161,0.0174862,3.93201,3.04818,0.850178,,82,9,256,1500000,0.0,4.04521,4.04512,3.97008,0.0123716,3.96534,3.12855,0.815322,,70,10,512,1500000,0.0,4.08826,4.08811,3.99888,0.0177306,3.98961,3.06533,0.890467,,90,11,1018,1499973,0.0,4.13151,4.13122,4.05869,0.0297739,4.04038,3.06707,0.914099,,80,10,512,1500000,0.0,4.08515,4.08502,4.01027,0.0186944,4.00103,3.0889,0.877147,,72,8,128,1500000,0.0,4.06271,4.06266,3.9854,0.00990282,3.98289,3.13027,0.836949,,49,12,2016,1499771,0.0,4.12571,4.12524,4.05669,0.0397769,4.02462,2.95884,0.976141,,86,12,2018,1499646,0.0,4.14949,4.14903,4.0804,0.0408,4.04443,2.95616,0.997972,,87,11,1022,1499979,0.0,4.15558,4.15531,4.0816,0.0291419,4.06451,3.08956,0.916792,,94,12,2010,1499605,0.0,4.13995,4.13947,4.06995,0.0416195,4.03927,2.96348,0.984625,,64,10,512,1500000,0.0,4.08589,4.08573,4.0125,0.0175536,4.00285,3.1116,0.857428,,71,10,512,1500000,0.0,4.05779,4.05763,3.98231,0.0181017,3.97326,3.07332,0.865567,,75,12,1988,1499400,0.0,4.12703,4.12656,4.05834,0.0401631,4.02655,2.94641,0.990973,,53,12,2014,1499706,0.0,4.1152,4.11473,4.04684,0.0404479,4.01341,2.95393,0.969218,,91,10,510,1499995,0.0,4.08531,4.08518,4.01161,0.0185084,4.00274,3.09774,0.870305,,79,10,512,1500000,0.0,4.07357,4.07344,3.99883,0.0182848,3.98991,3.10748,0.848276,,63,11,1020,1499949,0.0,4.12973,4.12946,4.05669,0.0287675,4.03911,3.06335,0.917785,,74,12,2012,1499745,0.0,4.11038,4.10991,4.04193,0.0404291,4.01057,2.93937,0.981482,,92,11,1022,1499995,0.0,4.0668,4.06654,3.99438,0.0281859,3.97715,3.01778,0.902156,,60,11,1018,1499941,0.0,4.04451,4.04424,3.97291,0.0264292,3.9555,2.99105,0.909217,,54,11,1020,1499969,0.0,4.09843,4.09817,4.02682,0.0268377,4.00867,3.03142,0.921261,,57,12,2010,1499814,0.0,4.11894,4.11847,4.05036,0.0386717,4.01864,2.94271,0.988728,,50,12,2006,1499537,0.0,4.12515,4.1247,4.05578,0.0402831,4.02206,2.95208,0.980058,,51,11,1018,1499886,0.0,4.10979,4.10956,4.0383,0.0272379,4.0212,3.03964,0.925281,,78,8,128,1500000,0.0,4.05669,4.05665,3.98384,0.00924364,3.98128,3.11486,0.85184,,55,10,512,1500000,0.0,4.02881,4.02867,3.95715,0.0167628,3.94799,3.04929,0.865601,,88,9,252,1499984,0.0,4.08461,4.08454,4.01061,0.0119175,4.00597,3.11763,0.867564,,48,10,512,1500000,0.0,4.03949,4.03934,3.9679,0.0165466,3.95873,3.04639,0.87931,,68,12,2016,1498924,0.0,4.1463,4.14581,4.07512,0.0424317,4.04314,2.97112,0.97914,,76,12,2010,1499740,0.0,4.14647,4.14598,4.07708,0.0417283,4.0453,2.97345,0.980999,,61,12,2006,1499578,0.0,4.12534,4.12485,4.05659,0.0398225,4.02446,2.9593,0.976131,,77,11,1022,1499997,0.0,4.12827,4.128,4.05536,0.0286942,4.03806,3.0519,0.928194,,66,11,1022,1499976,0.0,4.08493,4.08465,4.01328,0.0271699,3.99632,3.03361,0.906932,,93,12,1986,1499443,0.0,4.15378,4.15331,4.08496,0.0401544,4.05487,2.98008,0.986161,,62,12,2006,1499597,0.0,4.19139,4.19089,4.122,0.0429724,4.09032,3.01843,0.978718,,89,11,1022,1499988,0.0,4.13359,4.13331,4.05929,0.0291765,4.04224,3.07774,0.906062,,95,12,2020,1499698,0.0,4.17186,4.1714,4.10352,0.0421734,4.07232,2.97992,1.00017,,81,11,1024,1500000,0.0,4.0773,4.07704,4.00443,0.027917,3.98745,3.02413,0.906771,,58,10,512,1500000,0.0,4.0547,4.05456,3.98111,0.0174188,3.97152,3.07081,0.866912,,67,10,512,1500000,0.0,4.03259,4.03244,3.96147,0.0173382,3.95254,3.05958,0.859501,,59,10,512,1500000,0.0,4.03819,4.03805,3.96509,0.017058,3.95603,3.03069,0.892196,,69,8,128,1500000,0.0,4.04565,4.04561,3.97055,0.00923012,3.96803,3.14729,0.805922,,65,9,256,1500000,0.0,4.0455,4.04542,3.972,0.0121311,3.96695,3.09942,0.846275,,84,11,1018,1499945,0.0,4.1292,4.12893,4.05733,0.0284166,4.03915,3.06862,0.91327,,,,,,
56,12,1990,1499018,0.0,4.10437,4.10391,4.03516,0.0392067,4.00336,2.94436,0.971568,,52,11,1018,1499991,0.0,4.10966,4.1094,4.03724,0.0270625,4.01984,3.0584,0.905306,,73,11,1018,1499760,0.0,4.1072,4.10694,4.03571,0.0284655,4.01802,3.04475,0.915776,,85,12,2018,1499534,0.0,4.21913,4.21866,4.15173,0.040301,4.11684,3.03161,0.995936,,83,11,1022,1499993,0.0,4.07328,4.07302,4.00231,0.0268916,3.98411,3.00157,0.927132,,82,10,512,1500000,0.0,4.098,4.09785,4.02379,0.0187804,4.01481,3.10568,0.87417,,70,11,1022,1499995,0.0,4.11444,4.11418,4.04237,0.0277637,4.02473,3.05072,0.917225,,90,12,1996,1499678,0.0,4.16869,4.16822,4.09935,0.043411,4.06582,2.98853,0.983356,,80,11,1022,1499985,0.0,4.10935,4.10907,4.03546,0.0287771,4.01791,3.05257,0.907444,,72,9,256,1500000,0.0,4.06543,4.06533,3.99105,0.0123987,3.98625,3.12021,0.844282,,49,13,3836,1497550,0.0,4.19972,4.19886,4.13516,0.057883,4.07827,2.87086,1.06651,,86,13,3856,1497998,0.0,4.20372,4.20287,4.13942,0.0591793,4.07487,2.87215,1.05978,,87,12,2000,1498862,0.0,4.17631,4.1758,4.10728,0.0422688,4.07603,3.00891,0.975283,,94,13,3856,1498436,0.0,4.18446,4.18363,4.11947,0.0596574,4.06386,2.8754,1.04479,,64,11,1020,1499911,0.0,4.09164,4.09136,4.01966,0.0272786,4.00129,3.0356,0.909624,,71,11,1022,1499975,0.0,4.09781,4.09754,4.0255,0.0276671,4.00834,3.04357,0.908494,,75,13,3786,1496900,0.0,4.19125,4.19042,4.1268,0.0580016,4.07028,2.87435,1.05535,,53,13,3854,1497854,0.0,4.21177,4.21092,4.1468,0.0586306,4.08727,2.88462,1.0605,,91,11,1016,1499971,0.0,4.13015,4.12988,4.05732,0.0283991,4.04047,3.05824,0.924758,,79,11,1020,1499931,0.0,4.13909,4.13882,4.06536,0.0275319,4.04853,3.0506,0.94216,,63,12,1996,1499083,0.0,4.176,4.17551,4.10602,0.0419622,4.07379,2.99362,0.987931,,74,13,3856,1498245,0.0,4.16753,4.16669,4.10347,0.0579625,4.04748,2.86234,1.04435,,92,12,2016,1499694,0.0,4.13574,4.13526,4.06646,0.041635,4.03476,2.96069,0.982148,,60,12,2018,1499656,0.0,4.09732,4.09684,4.0305,0.0397645,3.99788,2.93247,0.976336,,54,12,2018,1499734,0.0,4.14291,4.14245,4.07367,0.0407876,4.03954,2.96074,0.98777,,57,13,3802,1497746,0.0,4.17582,4.17497,4.11108,0.0558715,4.05531,2.86785,1.05059,,50,13,3820,1497356,0.0,4.21105,4.2102,4.14503,0.0584288,4.08529,2.87859,1.06519,,51,12,2000,1498962,0.0,4.14376,4.1433,4.07554,0.0412027,4.04361,2.97653,0.976224,,78,9,256,1500000,0.0,4.00512,4.00503,3.93385,0.0116747,3.929,3.08565,0.822787,,55,11,1016,1499782,0.0,4.08605,4.08579,4.01509,0.0259141,3.99792,3.0274,0.915982,,88,10,500,1499950,0.0,4.05553,4.05539,3.98142,0.0179155,3.9727,3.09071,0.848447,,48,11,1024,1500000,0.0,4.0792,4.07894,4.00947,0.0256114,3.99206,3.02626,0.911245,,68,13,3840,1496966,0.0,4.23162,4.23075,4.1642,0.0611332,4.10755,2.90602,1.0558,,76,13,3810,1497834,0.0,4.20374,4.2029,4.13786,0.0596406,4.08149,2.88956,1.0492,,61,13,3790,1497260,0.0,4.17254,4.17171,4.10696,0.0574927,4.05035,2.87944,1.03141,,77,12,2020,1499654,0.0,4.19266,4.19217,4.12241,0.0451846,4.09023,3.01102,0.983784,,66,12,2018,1499509,0.0,4.12751,4.12701,4.05919,0.0401089,4.02775,2.96174,0.976917,,93,13,3760,1496267,0.0,4.16973,4.16892,4.10494,0.057165,4.05122,2.85895,1.05382,,62,13,3806,1496422,0.0,4.24987,4.24903,4.18456,0.0617455,4.1286,2.92362,1.0593,,89,12,1998,1499568,0.0,4.18126,4.18078,4.11198,0.0427581,4.08092,3.00213,0.985692,,95,13,3862,1497906,0.0,4.21938,4.21853,4.15475,0.060353,4.09879,2.90105,1.05255,,81,12,2020,1499200,0.0,4.14854,4.14806,4.07864,0.0409748,4.04734,2.97129,0.98561,,58,11,1020,1499981,0.0,4.0877,4.08743,4.01611,0.0267227,3.99791,3.03439,0.907932,,67,11,1022,1499998,0.0,4.09096,4.09071,4.01945,0.0268164,4.00249,3.02997,0.916971,,59,11,1022,1499977,0.0,4.11611,4.11585,4.04505,0.026327,4.02783,3.06601,0.90703,,69,9,256,1500000,0.0,4.02302,4.02293,3.94952,0.0116335,3.94476,3.08852,0.835553,,65,10,512,1500000,0.0,4.16475,4.16458,4.08669,0.0182584,4.07703,3.14321,0.899111,,84,12,2008,1499615,0.0,4.16651,4.16604,4.09607,0.0418239,4.06205,2.9838,0.986772,,,,,,
56,13,3756,1496028,0.0,4.17209,4.17128,4.10875,0.0564278,4.05293,2.86605,1.05008,,52,12,1990,1499646,0.0,4.17847,4.17801,4.10897,0.0405661,4.07663,2.98425,1.00247,,73,12,2016,1499538,0.0,4.15402,4.15353,4.08432,0.0417557,4.05131,2.98615,0.973611,,85,13,3838,1497329,0.0,4.22397,4.22311,4.15936,0.0581446,4.10277,2.89833,1.06321,,83,12,1986,1499488,0.0,4.12197,4.1215,4.05362,0.0395338,4.01995,2.9412,0.990399,,82,11,1022,1499996,0.0,4.12511,4.12484,4.051,0.0287344,4.0339,3.06699,0.909266,,70,12,2018,1499820,0.0,4.25017,4.2497,4.18076,0.0407495,4.14793,3.05152,1.00583,,90,13,3816,1497655,0.0,4.22205,4.22121,4.1572,0.0603601,4.09695,2.89697,1.05613,,80,12,2020,1499627,0.0,4.15553,4.15505,4.08504,0.0420799,4.05232,2.97688,0.982783,,72,10,512,1500000,0.0,4.07478,4.07464,4.00229,0.018434,3.99323,3.09526,0.862968,,49,14,6884,1488859,0.0,4.25456,4.25315,4.19342,0.0819299,4.09694,2.78165,1.09782,,86,14,6946,1490954,0.0,4.28395,4.28251,4.22396,0.0832148,4.11132,2.77903,1.11319,,87,13,3780,1494527,0.0,4.22182,4.221,4.15535,0.0595354,4.09993,2.91596,1.04181,,94,14,6898,1489498,0.0,4.27133,4.26991,4.20997,0.0833982,4.11349,2.7927,1.10129,,64,12,2010,1499723,0.0,4.14079,4.14029,4.07167,0.0404939,4.03731,2.97941,0.968135,,71,12,1992,1499251,0.0,4.14101,4.14053,4.07164,0.0405284,4.04019,2.96818,0.982653,,75,14,6868,1488416,0.0,4.25785,4.25641,4.1973,0.0821481,4.09899,2.78308,1.09866,,53,14,6902,1489783,0.0,4.28598,4.28453,4.22492,0.0829234,4.12329,2.78888,1.11597,,91,12,1996,1499622,0.0,4.16409,4.16359,4.09392,0.0414809,4.06299,2.98624,0.985668,,79,12,1996,1499120,0.0,4.14344,4.14295,4.07187,0.0394024,4.04135,2.95542,0.998637,,63,13,3788,1495979,0.0,4.22365,4.2228,4.15757,0.0596083,4.10031,2.90778,1.04938,,74,14,6920,1490283,0.0,4.25303,4.25159,4.1927,0.0817706,4.09639,2.78059,1.09918,,92,13,3892,1498166,0.0,4.2179,4.21704,4.1522,0.0598979,4.09485,2.88424,1.06574,,60,13,3874,1497688,0.0,4.17155,4.17071,4.10816,0.0574513,4.04981,2.8529,1.05646,,54,13,3844,1497918,0.0,4.20553,4.20467,4.13959,0.0591677,4.07895,2.88038,1.05551,,57,14,6778,1488475,0.0,4.23054,4.22913,4.16992,0.079048,4.07572,2.77893,1.08641,,50,14,6884,1489993,0.0,4.29,4.28855,4.22892,0.0824719,4.12662,2.80015,1.10869,,51,13,3786,1495403,0.0,4.19695,4.1961,4.13244,0.0591003,4.07624,2.88929,1.04566,,78,10,512,1500000,0.0,4.02802,4.02788,3.95582,0.0172934,3.94668,3.06324,0.850488,,55,12,1998,1499135,0.0,4.14071,4.14023,4.07144,0.0393321,4.03956,2.95862,0.992879,,88,11,988,1499787,0.0,4.0958,4.09554,4.02328,0.027351,4.00681,3.04444,0.907118,,48,12,2012,1499605,0.0,4.13635,4.13588,4.06853,0.0392133,4.0359,2.95964,0.987517,,68,14,6918,1490072,0.0,4.30829,4.30683,4.24443,0.0857111,4.14678,2.8184,1.10498,,76,14,6794,1489032,0.0,4.28339,4.28198,4.22082,0.0834273,4.12384,2.79908,1.10669,,61,14,6814,1488213,0.0,4.26749,4.26607,4.20605,0.0808466,4.10927,2.80378,1.09127,,77,13,3868,1497740,0.0,4.21562,4.21477,4.14969,0.0603971,4.09225,2.89476,1.05223,,66,13,3780,1495598,0.0,4.19589,4.19506,4.13129,0.0573758,4.07631,2.87858,1.05876,,93,14,6738,1485571,0.0,4.23852,4.23712,4.17859,0.0801959,4.08505,2.772,1.10085,,62,14,6812,1484227,0.0,4.31654,4.3151,4.25508,0.0862778,4.15887,2.8362,1.09999,,89,13,3830,1497767,0.0,4.24197,4.24112,4.17521,0.0613494,4.11927,2.91946,1.05354,,95,14,6946,1489489,0.0,4.43867,4.43723,4.37802,0.0862722,4.28079,2.92381,1.13395,,81,13,3828,1496424,0.0,4.19943,4.19859,4.13443,0.0585779,4.07897,2.87003,1.06748,,58,12,2012,1499807,0.0,4.15846,4.15796,4.08885,0.040604,4.05472,2.97225,0.991812,,67,12,2010,1499741,0.0,4.11674,4.11629,4.04813,0.0403294,4.01658,2.95416,0.972835,,59,12,2006,1498722,0.0,4.12029,4.11983,4.05141,0.0392965,4.01931,2.9569,0.974505,,69,10,510,1499992,0.0,4.02489,4.02474,3.95209,0.0174684,3.94316,3.05578,0.85387,,65,11,1018,1499901,0.0,4.11918,4.11891,4.04723,0.0280186,4.02889,3.05262,0.919298,,84,13,3830,1497474,0.0,4.22059,4.21972,4.1554,0.0598877,4.09465,2.90053,1.05065,,,,,,
56,14,6718,1485758,0.0,4.24387,4.24248,4.18347,0.0795009,4.08858,2.79068,1.08775,,52,13,3828,1498041,0.0,4.22425,4.22339,4.15862,0.0593656,4.1007,2.89816,1.05984,,73,13,3806,1496967,0.0,4.23002,4.22917,4.16492,0.0595979,4.10677,2.90312,1.06107,,85,14,6888,1488420,0.0,4.30209,4.30065,4.24179,0.0819572,4.1438,2.81122,1.1157,,83,13,3804,1496979,0.0,4.16978,4.16894,4.10548,0.0571958,4.0451,2.8621,1.04322,,82,12,2006,1499659,0.0,4.16248,4.162,4.09203,0.0422228,4.06063,2.98507,0.983507,,70,13,3850,1497895,0.0,4.32167,4.32083,4.25711,0.0646243,4.19874,3.00137,1.04907,,90,14,6918,1491073,0.0,4.39706,4.39562,4.33056,0.0839131,4.22274,2.86686,1.1352,,80,13,3894,1498180,0.0,4.22027,4.21941,4.15514,0.0608532,4.09628,2.8907,1.05954,,72,11,1024,1500000,0.0,4.10289,4.10262,4.03054,0.0286374,4.01332,3.05403,0.900931,,49,15,11388,1465121,0.0,4.3471,4.34482,4.2896,0.11252,4.13398,2.69135,1.12296,,86,15,11508,1466064,0.0,4.3764,4.3741,4.31954,0.114002,4.1357,2.68216,1.13003,,87,14,6656,1481698,0.0,4.30378,4.30239,4.24306,0.081844,4.14867,2.83917,1.09529,,94,15,11396,1466698,0.0,4.37635,4.37407,4.31949,0.113824,4.16332,2.70382,1.13666,,64,13,3778,1496411,0.0,4.21453,4.21369,4.14902,0.0578406,4.0886,2.89868,1.05037,,71,13,3778,1497271,0.0,4.18775,4.18691,4.12333,0.0582688,4.06758,2.88204,1.04531,,75,15,11480,1462542,0.0,4.3499,4.34758,4.29292,0.112848,4.13193,2.6846,1.12522,,53,15,11500,1465431,0.0,4.376,4.37365,4.31854,0.113984,4.15334,2.69849,1.13089,,91,13,3778,1497169,0.0,4.21367,4.21282,4.1476,0.0587729,4.09274,2.90865,1.04288,,79,13,3744,1495554,0.0,4.21258,4.21175,4.14619,0.0573863,4.08904,2.9193,1.03146,,63,14,6770,1485906,0.0,4.30162,4.3002,4.24006,0.0833355,4.14135,2.81512,1.10773,,74,15,11424,1466404,0.0,4.33603,4.33377,4.27913,0.112209,4.12322,2.68633,1.11725,,92,14,7054,1491026,0.0,4.29279,4.2913,4.23156,0.0842577,4.13119,2.80493,1.10347,,60,14,6966,1488752,0.0,4.24166,4.24023,4.18194,0.0813391,4.08201,2.76743,1.09785,,54,14,6944,1490301,0.0,4.2917,4.29024,4.22971,0.0836768,4.12508,2.79447,1.11023,,57,15,11050,1459624,0.0,4.29238,4.29016,4.23563,0.108111,4.08555,2.67632,1.10143,,50,15,11428,1464380,0.0,4.3683,4.366,4.31011,0.113131,4.14492,2.70836,1.11544,,51,14,6744,1484501,0.0,4.25875,4.25733,4.1977,0.0824368,4.10297,2.80429,1.08372,,78,11,1020,1499635,0.0,4.04271,4.04245,3.97117,0.0265237,3.95385,2.99674,0.90281,,55,13,3812,1496685,0.0,4.1772,4.17637,4.11261,0.0571288,4.05602,2.87428,1.04285,,88,12,1950,1499468,0.0,4.14402,4.14354,4.07315,0.0404629,4.04258,2.97195,0.982064,,48,13,3838,1497167,0.0,4.17785,4.177,4.11367,0.0572723,4.05551,2.86673,1.04871,,68,15,11438,1464989,0.0,4.38899,4.38664,4.3293,0.116182,4.17153,2.72038,1.12369,,76,15,11198,1466890,0.0,4.44281,4.44057,4.38462,0.113578,4.22492,2.75762,1.1416,,61,15,11126,1462863,0.0,4.34188,4.33966,4.28455,0.110395,4.12993,2.70711,1.10985,,77,14,6974,1489991,0.0,4.30571,4.30425,4.24457,0.0846021,4.1448,2.80635,1.11602,,66,14,6646,1484132,0.0,4.24733,4.24593,4.18699,0.0799709,4.09413,2.79604,1.08766,,93,15,11016,1456936,0.0,4.29372,4.29152,4.23724,0.108822,4.08711,2.6715,1.1062,,62,15,11088,1451683,0.0,4.36711,4.36484,4.30876,0.116084,4.15535,2.72668,1.10684,,89,14,6856,1489283,0.0,4.31246,4.311,4.25075,0.0854368,4.154,2.82617,1.10514,,95,15,11410,1464853,0.0,4.45551,4.45326,4.39542,0.112379,4.23937,2.76964,1.14978,,81,14,6814,1486153,0.0,4.26975,4.26833,4.20884,0.0816523,4.11351,2.79523,1.10263,,58,13,3844,1497993,0.0,4.19334,4.19248,4.12891,0.058794,4.06794,2.87896,1.04666,,67,13,3802,1497794,0.0,4.17874,4.17791,4.11395,0.058287,4.05825,2.87333,1.0445,,59,13,3778,1494826,0.0,4.18065,4.17983,4.11531,0.0563848,4.05897,2.88042,1.04115,,69,11,1020,1499992,0.0,4.1302,4.12995,4.0579,0.0267854,4.04092,3.04599,0.940004,,65,12,2006,1499624,0.0,4.16237,4.1619,4.09322,0.0414809,4.05917,2.99401,0.973713,,84,14,6898,1489669,0.0,4.32046,4.31903,4.25847,0.0841593,4.15288,2.81486,1.11725,,,,,,
56,15,11010,1455315,0.0,4.29795,4.29573,4.24208,0.108646,4.09026,2.68211,1.09987,,52,14,6892,1490584,0.0,4.32351,4.32206,4.26192,0.0837088,4.1629,2.82341,1.11971,,73,14,6758,1485461,0.0,4.29675,4.29533,4.23614,0.0827945,4.137,2.82342,1.09696,,85,15,11448,1465406,0.0,4.40758,4.40527,4.35084,0.112575,4.1912,2.73485,1.13655,,83,14,6822,1486569,0.0,4.24701,4.24559,4.1869,0.080606,4.08297,2.77209,1.09567,,82,13,3800,1497310,0.0,4.20989,4.20903,4.14411,0.0600967,4.08853,2.90405,1.04113,,70,14,6970,1490293,0.0,4.39207,4.39063,4.28309,0.0857543,4.17711,2.83637,1.11607,,90,15,11472,1468775,0.0,4.47432,4.47201,4.41426,0.116021,4.2384,2.76392,1.14328,,80,14,7012,1490274,0.0,4.29624,4.29478,4.23515,0.0854918,4.1329,2.80375,1.10497,,72,12,2020,1499746,0.0,4.17796,4.17749,4.1084,0.0427229,4.07642,2.99563,0.986991,,49,16,17072,1411352,0.0,4.40176,4.39842,4.34819,0.150615,4.11807,2.57548,1.09687,,86,16,17534,1417153,0.0,4.4893,4.48586,4.43563,0.154849,4.15971,2.58069,1.11985,,87,15,10890,1445451,0.0,4.33583,4.33364,4.27903,0.110007,4.12762,2.71824,1.09814,,94,16,17090,1415940,0.0,4.42796,4.42463,4.37425,0.151797,4.14257,2.58817,1.10535,,64,14,6756,1486643,0.0,4.26573,4.26431,4.20472,0.0809765,4.10127,2.80464,1.08297,,71,14,6736,1488396,0.0,4.27843,4.27703,4.21848,0.0814299,4.12287,2.80053,1.10822,,75,16,17238,1406558,0.0,4.40786,4.40447,4.35414,0.151232,4.11548,2.56809,1.09839,,53,16,17208,1414049,0.0,4.44484,4.44144,4.39041,0.152691,4.14689,2.58697,1.10891,,91,14,6686,1486481,0.0,4.27183,4.27042,4.20998,0.0814193,4.11609,2.81272,1.08968,,79,14,6520,1480662,0.0,4.27034,4.26896,4.20648,0.0812148,4.11423,2.82254,1.08025,,63,15,11078,1459408,0.0,4.36182,4.35955,4.30423,0.112762,4.14594,2.71527,1.1125,,74,16,17084,1411529,0.0,4.39569,4.39235,4.34253,0.151032,4.11251,2.56802,1.09867,,92,15,11598,1463441,0.0,4.41708,4.41475,4.35953,0.114619,4.19767,2.74142,1.12956,,60,15,11492,1462212,0.0,4.31734,4.31504,4.26078,0.111862,4.09952,2.67622,1.10349,,54,15,11480,1468612,0.0,4.38065,4.37834,4.32288,0.114616,4.15342,2.70415,1.12442,,57,16,16554,1401871,0.0,4.3457,4.34245,4.29214,0.14528,4.06996,2.55527,1.08485,,50,16,17200,1407604,0.0,4.42684,4.42345,4.37243,0.15158,4.12699,2.58461,1.09255,,51,15,11084,1455592,0.0,4.33114,4.32889,4.27377,0.111849,4.12168,2.70944,1.09764,,78,12,2008,1499382,0.0,4.11319,4.11272,4.04561,0.0397784,4.0134,2.94237,0.9832,,55,14,6778,1484800,0.0,4.23977,4.23838,4.17969,0.080172,4.08439,2.78502,1.08735,,88,13,3734,1497400,0.0,4.20289,4.20206,4.1371,0.0581514,4.08266,2.89171,1.05162,,48,14,6936,1488224,0.0,4.25862,4.25717,4.19778,0.0813765,4.09863,2.78668,1.09564,,68,16,17288,1409718,0.0,4.46143,4.458,4.4042,0.159191,4.16757,2.60293,1.1028,,76,16,16984,1414448,0.0,4.44066,4.43732,4.38526,0.152162,4.15075,2.59448,1.10782,,61,16,16574,1410650,0.0,4.40073,4.39747,4.34694,0.146796,4.11956,2.58793,1.09777,,77,15,11652,1467430,0.0,4.39238,4.39002,4.33533,0.116156,4.17224,2.71666,1.1258,,66,15,10870,1456432,0.0,4.31153,4.30934,4.25443,0.108617,4.1057,2.69254,1.10591,,93,16,16510,1403060,0.0,4.41426,4.41104,4.36122,0.149751,4.13487,2.59343,1.10127,,62,16,16452,1391746,0.0,4.39559,4.39234,4.34169,0.15256,4.11706,2.59134,1.0836,,89,15,11302,1465891,0.0,4.40917,4.40686,4.35095,0.115488,4.19466,2.73414,1.13526,,95,16,16932,1410221,0.0,4.4083,4.405,4.35518,0.149157,4.12641,2.57327,1.1103,,81,15,11136,1458561,0.0,4.32588,4.32365,4.26865,0.110827,4.11615,2.69193,1.10952,,58,14,6886,1489586,0.0,4.27878,4.27734,4.2176,0.0829862,4.11324,2.79141,1.10303,,67,14,6872,1489893,0.0,4.2581,4.25667,4.19705,0.0821706,4.101,2.78668,1.09778,,59,14,6682,1482875,0.0,4.23817,4.23678,4.17743,0.0790875,4.08263,2.78807,1.08524,,69,12,2016,1499789,0.0,4.10936,4.10889,4.04106,0.0396833,4.00951,2.93578,0.98549,,65,13,3788,1496787,0.0,4.23076,4.22993,4.16587,0.0594267,4.10569,2.91135,1.05196,,84,15,11376,1464509,0.0,4.38729,4.38499,4.33022,0.114657,4.15918,2.71758,1.11796,,,,,,
56,16,16306,1395189,0.0,4.34368,4.34051,4.29058,0.143764,4.06846,2.55457,1.08852,,52,15,11448,1468925,0.0,4.39261,4.3903,4.33511,0.114476,4.17436,2.71407,1.13467,,73,15,11054,1454426,0.0,4.35067,4.34843,4.29421,0.111728,4.13534,2.70899,1.11129,,85,16,17292,1414908,0.0,4.4806,4.47724,4.42672,0.151613,4.18867,2.58817,1.15067,,83,15,11168,1455545,0.0,4.30653,4.30428,4.24953,0.109882,4.08245,2.66883,1.09858,,82,14,6816,1489508,0.0,4.29481,4.29338,4.23356,0.0837572,4.13749,2.82192,1.09623,,70,15,11610,1469412,0.0,4.36042,4.35812,4.30337,0.113691,4.13898,2.68271,1.13247,,90,16,17438,1416425,0.0,4.48342,4.48,4.42969,0.155482,4.1708,2.60196,1.10838,,80,15,11650,1465791,0.0,4.39772,4.39533,4.34059,0.116888,4.17396,2.71206,1.13106,,72,13,3896,1498269,0.0,4.24941,4.24855,4.18529,0.0619481,4.12786,2.9044,1.07518,,49,17,23094,1311669,0.0,4.36929,4.36485,4.31891,0.187368,4.01038,2.40061,1.03741,,86,17,24096,1325572,0.0,4.55344,4.54882,4.50273,0.197052,4.12109,2.43801,1.0772,,87,16,15970,1371660,0.0,4.34067,4.33753,4.28732,0.143347,4.06811,2.56715,1.07743,,94,17,23248,1325942,0.0,4.42323,4.41879,4.37277,0.189635,4.06062,2.42857,1.05217,,64,15,11036,1457304,0.0,4.33751,4.3353,4.28038,0.110256,4.11433,2.70621,1.09603,,71,15,11110,1465540,0.0,4.34694,4.34471,4.29015,0.110964,4.13575,2.70396,1.11763,,75,17,23178,1308030,0.0,4.37641,4.37194,4.32655,0.187314,4.00797,2.39458,1.03987,,53,17,23438,1318100,0.0,4.43195,4.42752,4.3813,0.190244,4.05192,2.41602,1.05433,,91,15,11046,1461028,0.0,4.34968,4.34745,4.29246,0.110725,4.14069,2.71788,1.10901,,79,15,10576,1447398,0.0,4.31555,4.31336,4.25578,0.108813,4.10905,2.71343,1.09036,,63,16,16766,1401442,0.0,4.41619,4.41285,4.36233,0.150651,4.12626,2.58821,1.09323,,74,17,23300,1317709,0.0,4.37989,4.37543,4.33004,0.189122,4.01916,2.39909,1.04367,,92,16,17260,1408210,0.0,4.43027,4.4269,4.37574,0.152426,4.13775,2.58443,1.10103,,60,16,17206,1402252,0.0,4.38353,4.38019,4.33044,0.150253,4.09194,2.55003,1.09624,,54,16,17450,1418609,0.0,4.47297,4.46956,4.41878,0.15428,4.16463,2.596,1.11115,,57,17,22098,1306334,0.0,4.31073,4.30648,4.26101,0.178865,3.96692,2.37733,1.04334,,50,17,23066,1309218,0.0,4.39634,4.39186,4.3455,0.187018,4.01904,2.41129,1.03602,,51,16,16424,1391601,0.0,4.34883,4.34559,4.29535,0.148123,4.07307,2.57147,1.06801,,78,13,3800,1496032,0.0,4.16987,4.16904,4.10542,0.0570583,4.04862,2.86168,1.04918,,55,15,11124,1453052,0.0,4.30144,4.29916,4.24417,0.109355,4.09166,2.68417,1.09679,,88,14,6718,1489624,0.0,4.27992,4.27851,4.21871,0.0817218,4.12455,2.80612,1.1041,,48,15,11418,1460988,0.0,4.33527,4.333,4.27793,0.111715,4.11874,2.69213,1.1076,,68,17,23600,1320605,0.0,4.46362,4.45901,4.41036,0.193266,4.09256,2.44784,1.05339,,76,17,23126,1324322,0.0,4.43789,4.43344,4.38645,0.1893,4.06925,2.43178,1.05925,,61,17,22452,1315263,0.0,4.38536,4.38106,4.33523,0.182417,4.03012,2.41632,1.05666,,77,16,17564,1412477,0.0,4.4611,4.45765,4.40701,0.155634,4.16453,2.59643,1.10697,,66,16,16112,1397816,0.0,4.49811,4.49496,4.4421,0.149727,4.22121,2.59573,1.18972,,93,17,22608,1306867,0.0,4.36333,4.35896,4.31388,0.184368,4.00984,2.409,1.03559,,62,17,22016,1291405,0.0,4.3431,4.33884,4.29344,0.186505,3.99542,2.41303,1.02229,,89,16,17170,1415838,0.0,4.48485,4.48146,4.43021,0.154617,4.19611,2.62234,1.11659,,95,17,23144,1316196,0.0,4.38973,4.38524,4.33949,0.18764,4.02925,2.40861,1.04513,,81,16,16608,1403641,0.0,4.37975,4.37649,4.32628,0.147097,4.10155,2.577,1.08958,,58,15,11368,1467635,0.0,4.37439,4.37209,4.31728,0.113921,4.1487,2.70481,1.12166,,67,15,11464,1466036,0.0,4.3464,4.34411,4.28963,0.113098,4.13294,2.69579,1.11555,,59,15,10870,1446927,0.0,4.27703,4.27484,4.22094,0.107018,4.07017,2.67221,1.09345,,69,13,3808,1496914,0.0,4.16681,4.16597,4.10106,0.0570432,4.04589,2.86907,1.0382,,65,14,6746,1486257,0.0,4.28991,4.2885,4.22871,0.08274,4.1252,2.81657,1.0921,,84,16,17064,1412334,0.0,4.46295,4.45958,4.40886,0.152688,4.15537,2.59908,1.10566,,,,,,
56,17,21842,1296531,0.0,4.34789,4.34372,4.29837,0.177723,4.00314,2.41643,1.04403,,52,16,17358,1420752,0.0,4.47629,4.4729,4.42175,0.154275,4.17866,2.61018,1.11286,,73,16,16454,1390415,0.0,4.37937,4.37614,4.32621,0.147562,4.09274,2.57196,1.08579,,85,17,23628,1328233,0.0,4.46842,4.4639,4.41801,0.190236,4.09541,2.45462,1.05681,,83,16,16640,1393249,0.0,4.35308,4.3498,4.30043,0.145906,4.05455,2.53485,1.08283,,82,15,11158,1461012,0.0,4.3638,4.36155,4.30657,0.113282,4.15257,2.72085,1.11232,,70,16,17468,1416196,0.0,4.42708,4.42367,4.37354,0.153567,4.12938,2.56451,1.11011,,90,17,23846,1322244,0.0,4.55103,4.54645,4.50049,0.19743,4.14615,2.45999,1.07057,,80,16,17460,1414589,0.0,4.52843,4.52498,4.47408,0.154842,4.22319,2.63761,1.12721,,72,14,7028,1490631,0.0,4.31407,4.31259,4.25288,0.0866882,4.15358,2.81884,1.10786,,49,18,28134,1172236,0.0,4.20544,4.20013,4.15941,0.215681,3.78562,2.1654,0.946826,,86,18,29780,1191208,0.0,4.36772,4.36216,4.32126,0.225642,3.85957,2.18592,0.966599,,87,17,21040,1253631,0.0,4.19504,4.19096,4.14723,0.17283,3.86093,2.34494,0.987382,,94,18,28806,1193099,0.0,4.29488,4.28946,4.24845,0.222233,3.86335,2.20568,0.964441,,64,16,16418,1399365,0.0,4.38506,4.38184,4.33187,0.145819,4.08835,2.57947,1.07792,,71,16,16804,1412464,0.0,4.412,4.40869,4.35809,0.148747,4.1276,2.58618,1.10122,,75,18,28402,1172358,0.0,4.22705,4.22167,4.18129,0.217559,3.79298,2.16471,0.949842,,53,18,28684,1184140,0.0,4.28887,4.28339,4.24215,0.220351,3.84146,2.18947,0.96404,,91,16,16612,1406721,0.0,4.41844,4.41516,4.36371,0.149001,4.13786,2.6034,1.09554,,79,16,15426,1381314,0.0,4.33604,4.33296,4.28106,0.141124,4.06962,2.5643,1.09201,,63,17,22700,1305157,0.0,4.39232,4.38791,4.34194,0.186331,4.02494,2.41842,1.03516,,74,18,28252,1175387,0.0,4.20476,4.19946,4.15936,0.216664,3.78386,2.16346,0.945467,,92,17,23362,1314430,0.0,4.41315,4.40867,4.36237,0.189356,4.0425,2.41636,1.04484,,60,17,22964,1301286,0.0,4.34371,4.33932,4.29447,0.184751,3.97871,2.37131,1.04186,,54,17,23966,1329170,0.0,4.48379,4.47915,4.43257,0.19394,4.08647,2.43479,1.05746,,57,18,26736,1163313,0.0,4.11274,4.10768,4.0675,0.205698,3.71336,2.13708,0.93684,,50,18,27790,1167086,0.0,4.2241,4.21881,4.17788,0.213726,3.78679,2.16573,0.954088,,51,17,22092,1286127,0.0,4.28202,4.27778,4.23307,0.182019,3.93665,2.37954,1.00416,,78,14,6816,1487385,0.0,4.23776,4.23635,4.17816,0.0803745,4.08064,2.77322,1.09504,,55,16,16402,1386545,0.0,4.31203,4.3088,4.25953,0.144552,4.03739,2.54244,1.06736,,88,15,11194,1465270,0.0,4.35722,4.35496,4.29924,0.111928,4.14561,2.71311,1.11604,,48,16,17042,1403663,0.0,4.38554,4.38224,4.33223,0.149065,4.0979,2.56594,1.0897,,68,18,29004,1181784,0.0,4.30377,4.2982,4.25471,0.223795,3.86638,2.20546,0.960746,,76,18,28664,1191790,0.0,4.31084,4.30542,4.26353,0.220952,3.8738,2.20961,0.974321,,61,18,27096,1170983,0.0,4.22662,4.22152,4.18114,0.208493,3.80858,2.19804,0.942226,,77,17,23840,1317992,0.0,4.45346,4.44882,4.40216,0.193709,4.07583,2.43246,1.04994,,66,17,21748,1294893,0.0,4.40662,4.40243,4.35767,0.180722,4.06026,2.45929,1.04654,,93,18,27648,1162236,0.0,4.19071,4.18549,4.14528,0.21269,3.77525,2.16505,0.945067,,62,18,26778,1150067,0.0,4.15416,4.14903,4.10869,0.213615,3.74782,2.16442,0.926957,,89,17,23414,1320052,0.0,4.46172,4.45718,4.41096,0.192233,4.09442,2.44901,1.05563,,95,18,28262,1177206,0.0,4.23608,4.23073,4.19003,0.216233,3.81291,2.17786,0.957215,,81,17,22344,1305534,0.0,4.34395,4.33967,4.29429,0.182169,3.99382,2.40374,1.03329,,58,16,17242,1417608,0.0,4.45229,4.44889,4.39796,0.152763,4.14568,2.58965,1.10511,,67,16,17206,1411164,0.0,4.41419,4.41081,4.36038,0.153414,4.12846,2.57723,1.10026,,59,16,15908,1380121,0.0,4.28654,4.28344,4.2339,0.14063,4.01579,2.53284,1.06698,,69,14,6776,1488466,0.0,4.23021,4.22882,4.17071,0.080042,4.07658,2.77351,1.09134,,65,15,11076,1460280,0.0,4.37981,4.37756,4.32277,0.11214,4.15601,2.72598,1.11385,,84,17,23162,1317187,0.0,4.4519,4.44745,4.40145,0.189838,4.06051,2.43165,1.04943,,,,,,
56,18,26802,1153192,0.0,4.10651,4.10145,4.06191,0.205636,3.702,2.13111,0.930127,,52,17,23778,1334099,0.0,4.48979,4.48522,4.43857,0.193522,4.11303,2.45207,1.06914,,73,17,21790,1283304,0.0,4.30282,4.29861,4.25396,0.179175,3.9473,2.37683,1.02323,,85,18,29078,1190569,0.0,4.34722,4.34173,4.30081,0.222517,3.90621,2.24524,0.964716,,83,17,22332,1292321,0.0,4.31171,4.30739,4.26298,0.180491,3.9357,2.35912,1.01858,,82,16,16666,1405857,0.0,4.43412,4.43082,4.3801,0.149874,4.15312,2.59921,1.11205,,70,17,23962,1325200,0.0,4.49762,4.49305,4.44736,0.195592,4.10882,2.44732,1.06509,,90,18,29306,1186057,0.0,4.356,4.35049,4.30895,0.225164,3.87963,2.2114,0.962569,,80,17,23846,1328201,0.0,4.45289,4.44832,4.40234,0.192245,4.07105,2.42121,1.06032,,72,15,11760,1469853,0.0,4.41616,4.41379,4.35885,0.118565,4.19641,2.7327,1.1282,,49,19,31286,995886,0.0,3.88565,3.87981,3.8448,0.232641,3.42998,1.86945,0.828717,,86,19,33390,1016704,0.0,4.07891,4.07274,4.03708,0.243253,3.52071,1.90114,0.845938,,87,18,24940,1098920,0.0,3.94581,3.941,3.9027,0.193556,3.56556,2.07508,0.884878,,94,19,32010,1020057,0.0,3.98241,3.97648,3.94088,0.237755,3.51473,1.91547,0.847718,,64,17,21960,1295120,0.0,4.33593,4.33173,4.28636,0.179257,3.96288,2.39192,1.02311,,71,17,22706,1318304,0.0,4.39501,4.39065,4.34471,0.184627,4.0357,2.42268,1.0483,,75,19,31374,991184,0.0,3.87873,3.87285,3.83824,0.231743,3.41111,1.86196,0.817997,,53,19,32014,1009128,0.0,3.97322,3.96719,3.93151,0.236401,3.48542,1.89763,0.83962,,91,17,22358,1312249,0.0,4.38872,4.38438,4.33774,0.18389,4.03683,2.42779,1.04892,,79,17,20338,1271069,0.0,4.21024,4.20623,4.1588,0.170367,3.8825,2.36416,1.00163,,63,18,27864,1161983,0.0,4.22051,4.21518,4.17456,0.21535,3.7876,2.17516,0.938836,,74,19,31134,996991,0.0,3.86587,3.8601,3.82531,0.230132,3.41269,1.86388,0.821952,,92,18,28620,1176126,0.0,4.26421,4.25879,4.2179,0.219062,3.82845,2.18959,0.951615,,60,18,27630,1155282,0.0,4.13427,4.12908,4.08964,0.211026,3.71137,2.12377,0.929917,,54,18,29334,1192249,0.0,4.35485,4.34929,4.30799,0.224575,3.88635,2.21082,0.970758,,57,19,29622,987181,0.0,3.77846,3.77297,3.73891,0.219639,3.34838,1.84215,0.815095,,50,19,30760,998005,0.0,3.89966,3.8939,3.85867,0.228685,3.42721,1.88143,0.825026,,51,18,26316,1126723,0.0,4.03972,4.03471,3.99555,0.205099,3.64425,2.10643,0.900938,,78,15,11312,1463584,0.0,4.33366,4.33141,4.27711,0.1107,4.11852,2.68846,1.1153,,55,17,21940,1283983,0.0,4.25694,4.25275,4.20811,0.178028,3.9135,2.35882,1.01196,,88,16,16790,1408746,0.0,4.39859,4.39528,4.34441,0.149179,4.11696,2.58313,1.09287,,48,17,22752,1302156,0.0,4.34139,4.33699,4.29136,0.183857,3.98091,2.38482,1.03313,,68,19,32180,1008529,0.0,3.99097,3.98487,3.94712,0.23928,3.51821,1.91733,0.843203,,76,19,31706,1019777,0.0,3.97922,3.97328,3.93691,0.23556,3.50677,1.91766,0.843616,,61,19,29786,991410,0.0,3.81599,3.81046,3.77604,0.221709,3.37457,1.86242,0.814319,,77,18,29148,1181177,0.0,4.30898,4.30345,4.26249,0.22381,3.86509,2.20304,0.960763,,66,18,26584,1152231,0.0,4.10264,4.09761,4.05835,0.205544,3.70299,2.12494,0.938533,,93,19,30608,988707,0.0,3.91799,3.91228,3.87825,0.241566,3.47004,1.91648,0.820532,,62,19,29726,976873,0.0,3.82246,3.81686,3.78232,0.227125,3.38348,1.868,0.807254,,89,18,28834,1181746,0.0,4.312,4.30647,4.26522,0.222837,3.8778,2.21752,0.960959,,95,19,31424,1003016,0.0,3.91107,3.90522,3.87052,0.232044,3.45235,1.88417,0.832035,,81,18,27476,1164015,0.0,4.23878,4.23358,4.1934,0.211352,3.82641,2.19747,0.968734,,58,17,23572,1329010,0.0,4.47252,4.46798,4.42142,0.191728,4.07944,2.43203,1.06153,,67,17,23496,1317340,0.0,4.39991,4.39541,4.34943,0.189334,4.03556,2.41178,1.04261,,59,17,21088,1274061,0.0,4.21569,4.21164,4.1669,0.171696,3.88045,2.34044,1.01611,,69,15,11186,1465566,0.0,4.32052,4.31829,4.26365,0.109625,4.11137,2.68815,1.10984,,65,16,16502,1401027,0.0,4.41749,4.41425,4.36335,0.148255,4.11821,2.59114,1.09052,,84,18,28400,1177032,0.0,4.29623,4.29083,4.24967,0.219419,3.83401,2.19623,0.951787,,,,,,
56,19,29230,971223,0.0,3.84241,3.837,3.8032,0.216599,3.38821,1.88202,0.806255,,52,18,29554,1199884,0.0,4.37968,4.37409,4.33238,0.228293,3.92921,2.23307,0.98545,,73,18,26550,1134935,0.0,4.10629,4.10122,4.06226,0.206212,3.69075,2.11852,0.929755,,85,19,32536,1016748,0.0,4.0442,4.03817,4.00266,0.240051,3.56245,1.93757,0.86627,,83,18,26954,1140293,0.0,4.11199,4.10689,4.06731,0.206717,3.67423,2.10133,0.921954,,82,17,22466,1310299,0.0,4.38411,4.37974,4.3333,0.184816,4.03006,2.42705,1.0377,,70,18,29446,1193088,0.0,4.33061,4.32505,4.28364,0.224982,3.87606,2.20396,0.967218,,90,19,32850,1021004,0.0,4.07634,4.07021,4.03317,0.242829,3.55349,1.93313,0.849422,,80,18,29422,1191608,0.0,4.31869,4.31314,4.27217,0.224189,3.86519,2.19662,0.967401,,72,16,17800,1419229,0.0,4.51103,4.50755,4.45651,0.158795,4.21421,2.61881,1.12649,,49,20,31194,800286,0.0,3.37894,3.37319,3.34445,0.226334,2.93252,1.53385,0.680666,,86,20,33782,818104,0.0,3.59462,3.58846,3.55911,0.239524,3.04067,1.5733,0.699126,,87,19,26958,915653,0.0,3.54714,3.54205,3.50987,0.201291,3.1462,1.75282,0.756355,,94,20,32472,822844,0.0,3.50696,3.50092,3.47129,0.23288,3.04323,1.60726,0.69457,,64,18,26670,1154110,0.0,4.15444,4.14935,4.1092,0.206331,3.71836,2.14733,0.928557,,71,18,28068,1177856,0.0,4.23795,4.23263,4.19185,0.215352,3.81186,2.18538,0.953876,,75,20,31378,795229,0.0,3.37969,3.37389,3.34526,0.226062,2.91881,1.52569,0.67478,,53,20,32340,813089,0.0,3.48858,3.48259,3.45311,0.233395,3.00394,1.56399,0.697262,,91,18,27098,1169519,0.0,4.1894,4.18424,4.14356,0.209132,3.78047,2.18254,0.943774,,79,18,24776,1124675,0.0,3.9939,3.98912,3.94826,0.194465,3.61366,2.1065,0.901962,,63,19,31072,988610,0.0,3.90184,3.896,3.86117,0.230641,3.43113,1.88095,0.819346,,74,20,31574,805328,0.0,3.39513,3.38935,3.3606,0.227693,2.94319,1.53775,0.68279,,92,19,31530,995769,0.0,3.91548,3.90959,3.87454,0.233772,3.44722,1.88141,0.825615,,60,19,30190,978775,0.0,3.79655,3.79089,3.75692,0.225155,3.34479,1.8253,0.813439,,54,19,32618,1016715,0.0,4.03364,4.02752,3.99175,0.240518,3.52425,1.91745,0.844828,,57,20,29458,789336,0.0,3.26502,3.25961,3.23175,0.213199,2.84435,1.49746,0.671098,,50,20,30952,804175,0.0,3.41015,3.40442,3.37539,0.224042,2.94227,1.54276,0.68724,,51,19,28750,942944,0.0,3.66046,3.65507,3.62228,0.213874,3.24003,1.78754,0.776833,,78,16,16916,1407517,0.0,4.39977,4.39646,4.34631,0.148237,4.11209,2.56761,1.1053,,55,18,26498,1135693,0.0,4.04748,4.04249,4.00313,0.203561,3.64927,2.10402,0.912242,,88,17,22976,1318800,0.0,4.40278,4.39836,4.35224,0.187092,4.0441,2.42744,1.04413,,48,18,27568,1161590,0.0,4.15889,4.15363,4.11273,0.211407,3.73864,2.14351,0.937004,,68,20,32336,819915,0.0,3.50904,3.50299,3.47183,0.235095,3.04203,1.5896,0.70386,,76,20,32218,824966,0.0,3.50346,3.49748,3.46701,0.232555,3.03191,1.59095,0.699305,,61,20,29758,790851,0.0,3.30595,3.30047,3.2722,0.216316,2.87168,1.51489,0.670747,,77,19,32172,1004195,0.0,3.96989,3.96383,3.9282,0.237623,3.49162,1.90428,0.834139,,66,19,29446,974561,0.0,3.75726,3.75175,3.71843,0.218432,3.32763,1.82654,0.810933,,93,20,30436,785773,0.0,3.33361,3.32796,3.2997,0.219012,2.89733,1.53822,0.661838,,62,20,29644,777574,0.0,3.29655,3.29102,3.26286,0.220373,2.86619,1.51522,0.65812,,89,19,31914,1006982,0.0,3.98315,3.97711,3.94154,0.236836,3.51389,1.9203,0.839362,,95,20,31650,810847,0.0,3.43894,3.43302,3.4043,0.22635,2.98727,1.58619,0.679553,,81,19,30432,983632,0.0,3.89104,3.88539,3.85107,0.233428,3.44618,1.89256,0.817362,,58,18,29000,1195574,0.0,4.32998,4.32448,4.28332,0.222485,3.8652,2.20745,0.963797,,67,18,28788,1175853,0.0,4.24589,4.24047,4.19953,0.219483,3.81689,2.17916,0.950804,,59,18,25346,1131923,0.0,4.00045,3.99566,3.95623,0.197848,3.61358,2.09196,0.910776,,69,16,16924,1411028,0.0,4.38586,4.38259,4.33284,0.148171,4.1052,2.57358,1.09109,,65,17,22416,1304424,0.0,4.39231,4.38797,4.34215,0.18414,4.01191,2.41428,1.03518,,84,19,31534,1005323,0.0,3.98268,3.97678,3.9412,0.234364,3.48066,1.90586,0.832705,,,,,,
56,20,29178,771628,0.0,3.28704,3.28172,3.25438,0.211063,2.8556,1.48666,0.684792,,52,19,32646,1023554,0.0,4.03194,4.02582,3.99018,0.241303,3.54691,1.93101,0.852538,,73,19,29234,956369,0.0,3.74281,3.73731,3.70402,0.217808,3.29675,1.81376,0.795213,,85,20,32698,821201,0.0,3.53243,3.52641,3.49706,0.234458,3.05675,1.61401,0.695848,,83,19,29670,963876,0.0,3.77359,3.76805,3.73454,0.219691,3.30307,1.80844,0.793718,,82,18,27368,1173473,0.0,4.22073,4.2155,4.17488,0.212297,3.80732,2.19155,0.952219,,70,19,32850,1022665,0.0,4.03058,4.02446,3.98867,0.241995,3.53541,1.92096,0.848134,,90,20,33314,826931,0.0,3.60569,3.59947,3.56948,0.237366,3.08782,1.62973,0.697231,,80,19,32798,1014610,0.0,4.00385,3.99772,3.96221,0.239791,3.51039,1.90565,0.842813,,72,17,24234,1332421,0.0,4.5149,4.51024,4.46323,0.197583,4.13624,2.46665,1.06459,,49,21,28300,608344,0.0,2.76207,2.75695,2.73463,0.202198,2.36135,1.189,0.529345,,86,21,30528,615058,0.0,2.93933,2.93374,2.91063,0.21121,2.44799,1.24272,0.529208,,87,20,26650,720196,0.0,3.02377,3.01881,2.99277,0.194088,2.63457,1.40227,0.613058,,94,21,29828,627021,0.0,2.89611,2.89059,2.86732,0.207632,2.47708,1.2706,0.538079,,64,19,29180,977428,0.0,3.79985,3.79438,3.76024,0.217228,3.33401,1.84572,0.80276,,71,19,31118,1004351,0.0,3.91102,3.90519,3.87025,0.230144,3.45055,1.89107,0.832521,,75,21,28874,605923,0.0,2.7989,2.79357,2.77116,0.201984,2.38305,1.21696,0.52057,,53,21,29462,623060,0.0,2.8786,2.87321,2.84993,0.208298,2.44311,1.23175,0.545687,,91,19,30050,988363,0.0,3.83896,3.8333,3.7983,0.223201,3.39686,1.87372,0.816998,,79,19,27300,946081,0.0,3.63275,3.62756,3.59308,0.20574,3.22587,1.79734,0.77966,,63,20,31116,793175,0.0,3.39922,3.39343,3.3646,0.22636,2.93535,1.53912,0.676492,,74,21,28880,610938,0.0,2.85414,2.84887,2.82618,0.223209,2.4434,1.24608,0.526825,,92,20,31384,799854,0.0,3.40589,3.40007,3.37128,0.226282,2.94782,1.54808,0.678234,,60,20,30502,792290,0.0,3.32466,3.31906,3.29079,0.219918,2.87559,1.50746,0.670056,,54,20,32722,820292,0.0,3.53076,3.52471,3.49515,0.235964,3.02749,1.57878,0.696778,,57,21,26976,599213,0.0,2.67699,2.6721,2.65014,0.191545,2.29553,1.16181,0.522743,,50,21,28354,616965,0.0,2.82001,2.81478,2.79201,0.201244,2.39552,1.21467,0.536851,,51,20,28122,743906,0.0,3.12032,3.1151,3.08845,0.204125,2.71551,1.43672,0.62911,,78,17,22932,1315698,0.0,4.39669,4.3923,4.34722,0.184992,4.03218,2.40017,1.06441,,55,19,28738,959249,0.0,3.68299,3.67762,3.64414,0.213244,3.26132,1.80015,0.791321,,88,18,28146,1181705,0.0,4.24313,4.2378,4.19697,0.216419,3.82124,2.19195,0.953238,,48,19,30356,991891,0.0,3.83983,3.83416,3.79976,0.224543,3.38886,1.85831,0.822118,,68,21,29598,623583,0.0,2.89219,2.88662,2.86196,0.207937,2.4738,1.26727,0.540367,,76,21,30028,632285,0.0,2.92432,2.91872,2.89449,0.209194,2.49517,1.28189,0.540197,,61,21,27254,599564,0.0,2.70928,2.70433,2.6823,0.194598,2.31735,1.17803,0.520436,,77,20,32276,807074,0.0,3.46772,3.46173,3.43232,0.232374,2.99595,1.56968,0.68543,,66,20,29764,781033,0.0,3.2767,3.27118,3.24351,0.215678,2.84945,1.49616,0.667082,,93,21,27476,593295,0.0,2.72509,2.71997,2.69805,0.192554,2.33769,1.21183,0.509303,,62,21,27140,591673,0.0,2.71622,2.71118,2.68922,0.195613,2.33043,1.20383,0.507262,,89,20,32160,814759,0.0,3.49881,3.49277,3.46337,0.23158,3.03547,1.60551,0.68885,,95,21,29064,612587,0.0,2.81409,2.80869,2.78596,0.201874,2.40699,1.23759,0.522543,,81,20,30460,787483,0.0,3.33843,3.33279,3.30462,0.2199,2.9001,1.52419,0.675365,,58,19,32574,1019245,0.0,4.0313,4.02518,3.98955,0.239993,3.52062,1.91862,0.842818,,67,19,31618,1001208,0.0,3.91183,3.90595,3.87089,0.23286,3.452,1.88445,0.829763,,59,19,27510,954048,0.0,3.63195,3.62681,3.59387,0.205093,3.22301,1.79014,0.786544,,69,17,23052,1315834,0.0,4.3672,4.36281,4.31744,0.185596,4.01003,2.40292,1.03842,,65,18,27474,1164560,0.0,4.22784,4.22263,4.18188,0.212744,3.77878,2.17497,0.94052,,84,20,31692,813222,0.0,3.49238,3.4865,3.45734,0.229,2.99613,1.57779,0.68791,,,,,,
56,21,26288,582595,0.0,2.72394,2.71917,2.69812,0.187117,2.34398,1.19295,0.552775,,52,20,33016,824791,0.0,3.53484,3.52875,3.49877,0.236814,3.05223,1.59016,0.704777,,73,20,28930,765876,0.0,3.23267,3.22733,3.19996,0.210051,2.79765,1.47637,0.653115,,85,21,29798,628734,0.0,2.92658,2.92106,2.8978,0.20718,2.5014,1.2855,0.551984,,83,20,29652,771733,0.0,3.27576,3.27033,3.24299,0.214095,2.81255,1.47295,0.652772,,82,19,30412,997596,0.0,3.88339,3.87766,3.84262,0.226398,3.4356,1.89203,0.82579,,70,20,32972,829170,0.0,3.54517,3.53912,3.50905,0.237291,3.05498,1.59068,0.707634,,90,21,30762,629086,0.0,2.99082,2.98511,2.96145,0.214491,2.51955,1.28835,0.540057,,80,20,32868,816392,0.0,3.50228,3.49618,3.46681,0.234156,3.01575,1.56964,0.696595,,72,18,29774,1193048,0.0,4.36352,4.35787,4.31609,0.228805,3.91604,2.23068,0.969082,,49,22,23568,434985,0.0,2.12648,2.12218,2.1055,0.16301,1.79967,0.896908,0.381396,,86,22,25180,440461,0.0,2.25995,2.25541,2.23827,0.172604,1.85761,0.913884,0.390806,,87,21,23974,539376,0.0,2.45193,2.44742,2.42733,0.168916,2.109,1.10475,0.461915,,94,22,25112,451910,0.0,2.27077,2.26613,2.24826,0.179951,1.90869,0.944249,0.400344,,64,20,29124,782879,0.0,3.29552,3.29015,3.26233,0.211521,2.83716,1.50437,0.660616,,71,20,31072,809454,0.0,3.41158,3.40584,3.37682,0.225078,2.95891,1.55422,0.690153,,75,22,24082,432956,0.0,2.14568,2.14129,2.12463,0.165143,1.80383,0.894262,0.379906,,53,22,24938,448427,0.0,2.24083,2.23629,2.2188,0.171597,1.8786,0.92997,0.39772,,91,20,29880,796020,0.0,3.34122,3.33567,3.30721,0.217077,2.90969,1.54405,0.675597,,79,20,26990,755500,0.0,3.11748,3.11241,3.08487,0.197524,2.72282,1.45746,0.635934,,63,21,28762,604204,0.0,2.82845,2.82305,2.80018,0.202929,2.40924,1.23916,0.519928,,74,22,24314,438747,0.0,2.21388,2.20947,2.19256,0.173224,1.87462,0.927131,0.395791,,92,21,28530,609622,0.0,2.81114,2.80582,2.78322,0.199728,2.40331,1.24097,0.521263,,60,21,28196,600429,0.0,2.74482,2.73973,2.71771,0.19875,2.33567,1.1785,0.522329,,54,21,29986,624310,0.0,2.91506,2.90954,2.88619,0.209929,2.46201,1.24942,0.539213,,57,22,22926,435493,0.0,2.0969,2.09272,2.07638,0.158993,1.7793,0.889706,0.381723,,50,22,23878,443360,0.0,2.17866,2.17428,2.15744,0.164173,1.82939,0.912845,0.388361,,51,21,25156,562263,0.0,2.52487,2.52031,2.49995,0.180025,2.16712,1.10653,0.48597,,78,18,28126,1177624,0.0,4.22074,4.21543,4.17498,0.214724,3.79026,2.16777,0.952108,,55,20,28580,771852,0.0,3.19316,3.18789,3.16044,0.207137,2.78055,1.47379,0.65161,,88,19,31200,1007001,0.0,3.92182,3.91598,3.88069,0.231015,3.46562,1.89703,0.835392,,48,20,30464,799148,0.0,3.34329,3.33768,3.30916,0.219665,2.89775,1.525,0.674361,,68,22,25100,449473,0.0,2.25358,2.24893,2.23065,0.173277,1.90259,0.94643,0.398689,,76,22,25642,452339,0.0,2.27805,2.27335,2.25517,0.176791,1.91541,0.946699,0.400485,,61,22,22706,427658,0.0,2.07898,2.07484,2.0586,0.157183,1.75871,0.881372,0.374107,,77,21,29556,610469,0.0,2.85654,2.85104,2.8281,0.206222,2.43421,1.24895,0.524275,,66,21,27370,584730,0.0,2.67666,2.67161,2.65017,0.192412,2.29183,1.17125,0.505782,,93,22,23100,422509,0.0,2.08338,2.07912,2.06271,0.160019,1.76165,0.877575,0.371729,,62,22,22778,425484,0.0,2.09824,2.09405,2.07757,0.161028,1.77811,0.893624,0.373252,,89,21,29748,618406,0.0,2.89405,2.88846,2.86517,0.207725,2.47409,1.27192,0.532096,,95,22,24510,438803,0.0,2.18188,2.17738,2.16028,0.171788,1.84209,0.912912,0.385637,,81,21,27682,596777,0.0,2.72536,2.72026,2.69815,0.192982,2.33686,1.20964,0.50887,,58,20,32898,818078,0.0,3.53009,3.52404,3.49433,0.235223,3.02272,1.57351,0.697045,,67,20,31736,806523,0.0,3.41987,3.41406,3.38526,0.228473,2.96567,1.54972,0.689407,,59,20,27574,764738,0.0,3.14661,3.14153,3.11466,0.200363,2.74386,1.45981,0.647141,,69,18,28034,1173068,0.0,4.19607,4.19081,4.15017,0.214141,3.77843,2.16157,0.946484,,65,19,30456,987956,0.0,3.89457,3.88882,3.85419,0.227529,3.40957,1.87225,0.819914,,84,21,28890,619770,0.0,2.87637,2.871,2.84798,0.202135,2.43494,1.25724,0.529391,,,,,,
56,22,22068,411339,0.0,2.06544,2.06146,2.04606,0.151754,1.72817,0.871256,0.361158,,52,21,30504,630775,0.0,2.9412,2.93558,2.91201,0.214479,2.5033,1.26999,0.547534,,73,21,26418,580932,0.0,2.65824,2.65337,2.63187,0.186791,2.26781,1.16957,0.499808,,85,22,25212,450345,0.0,2.27446,2.26984,2.25244,0.173253,1.91793,0.94987,0.412481,,83,21,26800,582560,0.0,2.68055,2.67563,2.6542,0.188668,2.26809,1.15492,0.502354,,82,20,30674,808477,0.0,3.41078,3.40507,3.37623,0.222955,2.96687,1.57069,0.684797,,70,21,30606,636805,0.0,2.95888,2.95318,2.92926,0.214194,2.51383,1.28237,0.546843,,90,22,25494,447890,0.0,2.29369,2.28896,2.27082,0.178538,1.90702,0.94316,0.396811,,80,21,30238,624018,0.0,2.91155,2.90595,2.88262,0.210194,2.47349,1.26426,0.535765,,72,19,33152,1023660,0.0,4.06957,4.06334,4.027,0.24425,3.5837,1.94916,0.85785,,49,23,18386,292510,0.0,1.53599,1.53274,1.52119,0.125995,1.28355,0.616223,0.264377,,86,23,19436,300143,0.0,1.64293,1.63941,1.62697,0.134783,1.33464,0.637052,0.272682,,87,22,19800,379784,0.0,1.84568,1.84206,1.82739,0.136922,1.56613,0.791462,0.333774,,94,23,19654,309391,0.0,1.67553,1.67181,1.65885,0.138954,1.40353,0.683514,0.283409,,64,21,26408,590967,0.0,2.69257,2.68771,2.6661,0.187264,2.28369,1.17802,0.507071,,71,21,28658,615873,0.0,2.81899,2.81365,2.79082,0.20047,2.41122,1.24389,0.526609,,75,23,18644,296312,0.0,1.57211,1.56875,1.55685,0.127215,1.30851,0.632903,0.268041,,53,23,19406,308202,0.0,1.64724,1.64374,1.63131,0.132395,1.36653,0.659989,0.280059,,91,21,26992,601104,0.0,2.72169,2.71666,2.6945,0.189257,2.34074,1.22169,0.512397,,79,21,24432,560549,0.0,2.51326,2.50862,2.48753,0.172535,2.16472,1.13711,0.474798,,63,22,24096,433815,0.0,2.17826,2.17382,2.15696,0.166808,1.83059,0.911207,0.383287,,74,23,18724,295811,0.0,1.55473,1.55141,1.5397,0.127456,1.29816,0.622235,0.266787,,92,22,23930,437754,0.0,2.16647,2.16209,2.14522,0.165102,1.82739,0.912688,0.38416,,60,22,23846,427953,0.0,2.11716,2.11286,2.09647,0.16345,1.77817,0.879006,0.376332,,54,22,25462,453810,0.0,2.2854,2.28072,2.26318,0.174792,1.90574,0.945209,0.398432,,57,23,17870,294027,0.0,1.51142,1.50825,1.49684,0.121573,1.26676,0.612545,0.264241,,50,23,18650,302700,0.0,1.58875,1.58536,1.57342,0.126997,1.31797,0.637402,0.271981,,51,22,20684,392741,0.0,1.90459,1.90082,1.88597,0.144134,1.61563,0.808959,0.344119,,78,19,31274,1000592,0.0,3.89835,3.89251,3.85758,0.230718,3.43172,1.87375,0.830041,,55,21,25876,587026,0.0,2.60538,2.60071,2.57948,0.184692,2.23632,1.14143,0.508684,,88,20,31662,816675,0.0,3.45375,3.44788,3.41855,0.229283,2.99836,1.57108,0.697632,,48,21,27966,607818,0.0,2.74912,2.74406,2.72179,0.198499,2.34504,1.18639,0.525668,,68,23,19310,303127,0.0,1.61394,1.61044,1.59764,0.132955,1.34658,0.64552,0.276687,,76,23,19796,305276,0.0,1.65188,1.64828,1.63533,0.1387,1.37379,0.656841,0.278254,,61,23,17342,292621,0.0,1.5,1.49691,1.48539,0.118948,1.25675,0.613743,0.261318,,77,22,24674,436460,0.0,2.19436,2.18982,2.17267,0.169854,1.84524,0.913371,0.385836,,66,22,22732,412619,0.0,2.03728,2.03316,2.01744,0.156329,1.72203,0.854953,0.364837,,93,23,17898,286826,0.0,1.52008,1.5168,1.50496,0.126617,1.27282,0.617202,0.259288,,62,23,17746,289843,0.0,1.52901,1.52578,1.51427,0.124329,1.28172,0.626483,0.259523,,89,22,25030,442511,0.0,2.23778,2.23312,2.2156,0.173609,1.88756,0.937155,0.392737,,95,23,18994,295529,0.0,1.59121,1.58767,1.57528,0.133033,1.32992,0.642957,0.268929,,81,22,23104,430240,0.0,2.11362,2.10775,2.09126,0.161016,1.78813,0.897746,0.37738,,58,21,30406,624620,0.0,2.93317,2.92761,2.90446,0.213738,2.47276,1.24883,0.542156,,67,21,28914,611576,0.0,2.8052,2.79991,2.77713,0.203199,2.39819,1.21941,0.527973,,59,21,24862,574317,0.0,2.54194,2.53744,2.51673,0.177891,2.18332,1.11852,0.498717,,69,19,30882,999007,0.0,3.91621,3.91046,3.87559,0.231676,3.46147,1.89039,0.841048,,65,20,30592,794074,0.0,3.4014,3.39572,3.36727,0.222144,2.92106,1.5382,0.676244,,84,22,24524,446868,0.0,2.30257,2.29807,2.28083,0.169523,1.92741,0.947711,0.434558,,,,,,
56,23,16940,274005,0.0,1.4253,1.42232,1.41148,0.115069,1.19033,0.573112,0.246551,,52,22,25774,452427,0.0,2.2784,2.27366,2.25603,0.177017,1.91379,0.943863,0.400017,,73,22,22280,417502,0.0,2.05171,2.04759,2.03178,0.154114,1.72769,0.867526,0.365181,,85,23,19694,305400,0.0,1.65106,1.64747,1.63483,0.136282,1.37513,0.650482,0.293468,,83,22,22264,415135,0.0,2.04379,2.03976,2.02399,0.153268,1.70723,0.848705,0.362819,,82,21,27998,613600,0.0,2.79116,2.78596,2.76349,0.196188,2.39589,1.24322,0.521813,,70,22,25982,462431,0.0,2.31469,2.30993,2.29195,0.178893,1.94044,0.959534,0.407585,,90,23,19882,306440,0.0,1.69966,1.69588,1.68296,0.140252,1.40068,0.680884,0.280172,,80,22,25462,446941,0.0,2.24616,2.24153,2.22426,0.174603,1.88102,0.926326,0.394099,,72,20,33410,830432,0.0,3.58019,3.57399,3.54341,0.239858,3.09786,1.62244,0.707512,,49,24,13278,186225,0.0,1.05517,1.05281,1.04497,0.0902815,0.872919,0.409726,0.173713,,86,24,13964,193512,0.0,1.14428,1.14169,1.13332,0.0989634,0.923781,0.436406,0.181507,,87,23,15004,251862,0.0,1.31378,1.31099,1.30082,0.103479,1.10282,0.542585,0.227852,,94,24,14132,197285,0.0,1.16957,1.16671,1.15779,0.101129,0.975199,0.477618,0.185303,,64,22,21878,425346,0.0,2.05825,2.05423,2.03821,0.151272,1.72545,0.872033,0.368219,,71,22,24096,437804,0.0,2.17046,2.16606,2.14933,0.165872,1.83076,0.913288,0.385758,,75,24,13650,191837,0.0,1.08281,1.08037,1.07239,0.0934119,0.891679,0.416779,0.178372,,53,24,14128,198227,0.0,1.12268,1.12018,1.11189,0.0962332,0.920541,0.42814,0.185416,,91,22,22548,431285,0.0,2.09836,2.09419,2.07755,0.15687,1.78217,0.905546,0.375685,,79,22,20400,391421,0.0,1.90384,1.90005,1.88458,0.141513,1.61612,0.818118,0.341514,,63,23,18508,292782,0.0,1.56839,1.56501,1.55309,0.127406,1.30339,0.628954,0.266015,,74,24,13306,187673,0.0,1.05281,1.05046,1.04268,0.0922977,0.871464,0.407051,0.174542,,92,23,18486,299354,0.0,1.57748,1.57409,1.56178,0.130058,1.31748,0.636958,0.270054,,60,23,18218,287077,0.0,1.52187,1.51862,1.50708,0.1236,1.26424,0.607665,0.260119,,54,23,19770,304425,0.0,1.64929,1.64574,1.63336,0.134184,1.35725,0.6494,0.276136,,57,24,12722,187593,0.0,1.02455,1.0223,1.01477,0.0866166,0.851074,0.401383,0.172903,,50,24,13530,192332,0.0,1.09322,1.09077,1.08287,0.0919648,0.897251,0.423407,0.178724,,51,23,15822,260877,0.0,1.35207,1.34924,1.33923,0.108792,1.13411,0.552507,0.232729,,78,20,31430,805081,0.0,3.40389,3.39815,3.36923,0.226284,2.94182,1.53706,0.686168,,55,22,21728,421729,0.0,2.01284,2.00892,1.99308,0.151543,1.70809,0.856882,0.368547,,88,21,29360,621604,0.0,2.86758,2.86214,2.83887,0.205123,2.45529,1.26128,0.534887,,48,22,23414,433958,0.0,2.11356,2.10934,2.09303,0.161573,1.78154,0.882647,0.38049,,68,24,13838,193210,0.0,1.10223,1.0997,1.09105,0.096514,0.911752,0.426711,0.180874,,76,24,14342,195478,0.0,1.13519,1.13256,1.12388,0.100555,0.935623,0.437481,0.183704,,61,24,12614,191563,0.0,1.04165,1.03941,1.03176,0.0864184,0.865697,0.413816,0.175687,,77,23,18924,293837,0.0,1.58021,1.57675,1.56452,0.131782,1.31435,0.63068,0.267143,,66,23,17448,275874,0.0,1.46323,1.4601,1.44918,0.118711,1.22252,0.591178,0.249578,,93,24,12776,184905,0.0,1.05101,1.04859,1.04059,0.0909359,0.875004,0.420658,0.171881,,62,24,12696,182034,0.0,1.02564,1.02333,1.01568,0.0897392,0.850097,0.400124,0.168636,,89,23,19426,297797,0.0,1.62293,1.61929,1.60679,0.136273,1.35391,0.651689,0.271719,,95,24,13638,189959,0.0,1.11163,1.10896,1.10055,0.097724,0.924792,0.446106,0.178368,,81,23,17942,290134,0.0,1.52225,1.51899,1.50734,0.124573,1.27461,0.615386,0.262721,,58,22,25612,443667,0.0,2.26819,2.2635,2.24616,0.175377,1.88574,0.929192,0.392739,,67,22,24348,436784,0.0,2.16055,2.15614,2.13942,0.167007,1.82409,0.903176,0.385037,,59,22,20522,409632,0.0,1.93864,1.93493,1.91975,0.14332,1.64716,0.829941,0.358545,,69,20,31000,809139,0.0,3.38804,3.38241,3.35363,0.224039,2.94469,1.54146,0.688591,,65,21,27950,599892,0.0,2.7967,2.79147,2.76911,0.196143,2.36727,1.22355,0.514084,,84,23,19178,302717,0.0,1.63436,1.63086,1.6184,0.132252,1.34605,0.648493,0.275096,,,,,,
56,24,12244,174297,0.0,1.03073,1.02856,1.02141,0.0866307,0.815503,0.381709,0.161963,,52,23,19940,305604,0.0,1.65219,1.64861,1.63609,0.135705,1.37189,0.655475,0.27953,,73,23,17494,282232,0.0,1.49314,1.48997,1.47883,0.119265,1.24096,0.602913,0.253677,,85,24,14230,196433,0.0,1.14727,1.1446,1.13607,0.100947,0.94885,0.445207,0.184636,,83,23,17474,283176,0.0,1.4972,1.49409,1.48296,0.118769,1.23512,0.595274,0.254649,,82,22,23608,441359,0.0,2.16709,2.16269,2.1457,0.163112,1.83609,0.924562,0.384919,,70,23,20250,315401,0.0,1.69424,1.69056,1.67761,0.139838,1.4047,0.67325,0.286223,,90,24,14224,196118,0.0,1.18927,1.18638,1.17742,0.102358,0.976995,0.479524,0.183677,,80,23,19568,298254,0.0,1.61648,1.61294,1.60066,0.135391,1.33785,0.63783,0.271859,,72,21,30598,636336,0.0,2.96122,2.95551,2.9316,0.21377,2.52976,1.29809,0.546333,,49,25,8998,112805,0.0,0.670757,0.669227,0.664492,0.0607294,0.549186,0.248313,0.107189,,86,25,9340,116177,0.0,0.744176,0.742395,0.737044,0.0660285,0.597056,0.281117,0.112206,,87,24,10632,160257,0.0,0.887035,0.885096,0.878272,0.073842,0.738447,0.354225,0.148921,,94,25,9504,119572,0.0,0.773419,0.771427,0.765673,0.0713157,0.642457,0.313655,0.115859,,64,23,16938,292505,0.0,1.51646,1.51337,1.50206,0.116275,1.25956,0.624264,0.261026,,71,23,18620,291229,0.0,1.5527,1.54935,1.53757,0.127634,1.29294,0.619818,0.264787,,75,25,9160,115419,0.0,0.693138,0.691515,0.686514,0.0629324,0.565745,0.257451,0.110106,,53,25,9564,122654,0.0,0.734545,0.732855,0.727529,0.0652113,0.598,0.273978,0.1166,,91,23,17478,296749,0.0,1.52078,1.51758,1.5057,0.1208,1.27827,0.628809,0.264487,,79,23,15674,260528,0.0,1.36483,1.36191,1.35109,0.112927,1.14561,0.559173,0.234623,,63,24,13284,187656,0.0,1.07217,1.06972,1.06169,0.0922701,0.88309,0.416022,0.174921,,74,25,8776,111989,0.0,0.664436,0.662903,0.658016,0.0604837,0.545333,0.248725,0.106513,,92,24,13552,195234,0.0,1.09927,1.09675,1.08849,0.0960809,0.910114,0.43033,0.180841,,60,24,12868,184205,0.0,1.02979,1.0275,1.02001,0.0875514,0.848727,0.399183,0.170552,,54,24,14162,195268,0.0,1.12782,1.12529,1.11703,0.0971503,0.919396,0.428361,0.18213,,57,25,8632,114481,0.0,0.660635,0.659128,0.654388,0.0581195,0.543732,0.249928,0.107754,,50,25,9060,116521,0.0,0.691575,0.690009,0.685094,0.0612341,0.562199,0.255935,0.110723,,51,24,11032,160972,0.0,0.894307,0.892339,0.885695,0.075122,0.742524,0.352949,0.147947,,78,21,28736,611316,0.0,2.79923,2.79399,2.77161,0.201355,2.38474,1.21323,0.528423,,55,23,16674,285133,0.0,1.44457,1.44162,1.43082,0.113876,1.21383,0.596016,0.253373,,88,22,24826,448556,0.0,2.22248,2.21797,2.20081,0.170849,1.87759,0.933587,0.394591,,48,23,18390,290949,0.0,1.53621,1.53294,1.52139,0.124805,1.27829,0.614278,0.262068,,68,25,9500,116985,0.0,0.718154,0.716424,0.710997,0.0657504,0.588855,0.269313,0.113045,,76,25,9526,118286,0.0,0.738351,0.736544,0.731069,0.0674777,0.606202,0.28328,0.114389,,61,25,8598,117777,0.0,0.674078,0.672581,0.667686,0.0584049,0.555032,0.257507,0.110886,,77,24,13464,188307,0.0,1.07987,1.07737,1.0691,0.0946479,0.892076,0.420281,0.176385,,66,24,12506,174730,0.0,0.982796,0.98056,0.973335,0.0852585,0.812127,0.378096,0.162916,,93,25,8492,112494,0.0,0.681376,0.679719,0.674647,0.0597579,0.5653,0.273332,0.106261,,62,25,8588,111395,0.0,0.664218,0.662685,0.657758,0.0620709,0.546432,0.249852,0.106025,,89,24,13662,187860,0.0,1.10784,1.10519,1.09684,0.097834,0.919352,0.438306,0.177867,,95,25,9222,114597,0.0,0.729124,0.72725,0.721799,0.0667301,0.603535,0.29102,0.110025,,81,24,12882,182868,0.0,1.02987,1.02754,1.01997,0.0896335,0.853488,0.403031,0.169079,,58,23,19824,297255,0.0,1.63242,1.62886,1.61669,0.134359,1.3389,0.635111,0.27211,,67,23,18638,293024,0.0,1.55694,1.5536,1.54193,0.126659,1.30049,0.628505,0.26488,,59,23,16014,279867,0.0,1.40285,1.39997,1.38945,0.11006,1.17893,0.579323,0.247335,,69,21,28324,615578,0.0,2.78626,2.78108,2.75869,0.198463,2.38946,1.22567,0.527961,,65,22,23666,426614,0.0,2.15923,2.15486,2.13837,0.163329,1.79945,0.898166,0.375141,,84,24,13840,196523,0.0,1.1305,1.12794,1.11951,0.0969612,0.923497,0.436513,0.182498,,,,,,
56,25,8106,103534,0.0,0.610188,0.608794,0.604448,0.0550058,0.49941,0.226117,0.0985977,,52,24,14640,197069,0.0,1.17106,1.16843,1.16003,0.101774,0.964377,0.446118,0.197996,,73,24,12582,177090,0.0,1.00554,1.00328,0.995946,0.0858192,0.825623,0.38728,0.164394,,85,25,9426,116567,0.0,0.739367,0.737535,0.732142,0.0676322,0.607562,0.286762,0.112638,,83,24,12404,179271,0.0,1.01187,1.00966,1.00227,0.0845015,0.826313,0.388103,0.165854,,82,23,18802,304621,0.0,1.64042,1.637,1.62469,0.133834,1.36854,0.65317,0.292723,,70,24,14728,202232,0.0,1.162,1.15946,1.15086,0.10336,0.95392,0.442575,0.189242,,90,25,9562,118383,0.0,0.789592,0.787597,0.781832,0.0737532,0.645897,0.315704,0.114083,,80,24,14088,190886,0.0,1.11208,1.10951,1.10124,0.0991063,0.912865,0.424783,0.180075,,72,22,25866,460242,0.0,2.31175,2.30698,2.28884,0.17841,1.94964,0.969765,0.405666,,49,26,5464,62688,0.0,0.394243,0.393321,0.390582,0.0371348,0.320513,0.141675,0.0613957,,86,26,5890,65559,0.0,0.454357,0.453217,0.450088,0.0422872,0.362317,0.16855,0.0652126,,87,25,6946,97719,0.0,0.554025,0.552785,0.548631,0.0481005,0.457957,0.213868,0.0921058,,94,26,5934,68026,0.0,0.478419,0.47715,0.473572,0.0505175,0.395127,0.187865,0.0674188,,64,24,12140,189305,0.0,1.02263,1.02046,1.01291,0.0831782,0.840495,0.403208,0.171756,,71,24,13214,185871,0.0,1.05069,1.0483,1.04053,0.0916348,0.867626,0.405624,0.173117,,75,26,5666,64178,0.0,0.415541,0.414541,0.411576,0.0395595,0.336942,0.15044,0.0634856,,53,26,5990,70405,0.0,0.439591,0.438569,0.435424,0.0411729,0.355011,0.157413,0.0686311,,91,24,12718,191729,0.0,1.04693,1.04461,1.0367,0.0887467,0.872088,0.417787,0.175693,,79,24,11282,163106,0.0,0.915739,0.913657,0.906532,0.0776372,0.759117,0.359948,0.151446,,63,25,8994,112843,0.0,0.690886,0.689251,0.684237,0.0622383,0.564097,0.259918,0.108239,,74,26,5524,64398,0.0,0.405383,0.404394,0.401545,0.0378989,0.330903,0.14918,0.0628292,,92,25,9190,118201,0.0,0.72323,0.721481,0.716177,0.064793,0.595373,0.280361,0.113387,,60,25,8494,110857,0.0,0.646663,0.6452,0.640563,0.0573226,0.528261,0.241198,0.10464,,54,25,9418,117434,0.0,0.717128,0.715462,0.710271,0.0655342,0.579687,0.262396,0.112413,,57,26,5368,65221,0.0,0.397136,0.396207,0.393406,0.036237,0.324656,0.145893,0.0631036,,50,26,5716,66883,0.0,0.425895,0.424889,0.421878,0.0390252,0.343945,0.154378,0.065568,,51,25,7322,98970,0.0,0.567548,0.566274,0.562233,0.0496889,0.467811,0.215832,0.0927318,,78,22,23694,435528,0.0,2.13485,2.13056,2.11398,0.162642,1.7978,0.894891,0.381397,,55,24,11836,179970,0.0,0.965626,0.963543,0.956393,0.0804525,0.802735,0.381509,0.163667,,88,23,19040,303623,0.0,1.60426,1.6008,1.58847,0.131365,1.34141,0.648,0.273631,,48,24,13190,187088,0.0,1.04817,1.04583,1.03815,0.0893682,0.864101,0.405457,0.172474,,68,26,5882,64465,0.0,0.431908,0.430817,0.42765,0.0411046,0.351836,0.159105,0.0646143,,76,26,5882,66379,0.0,0.442657,0.44153,0.438297,0.0412573,0.361706,0.168054,0.0660409,,61,26,5496,68645,0.0,0.413119,0.412167,0.409232,0.037416,0.337479,0.152587,0.0660815,,77,25,9106,116120,0.0,0.715716,0.713978,0.708685,0.0650945,0.588424,0.27585,0.111789,,66,25,8318,104740,0.0,0.627065,0.6256,0.621076,0.0567781,0.51399,0.233689,0.100368,,93,26,5296,65286,0.0,0.416438,0.415406,0.41235,0.038078,0.344331,0.164869,0.0631835,,62,26,5520,65151,0.0,0.411732,0.410726,0.407705,0.0391334,0.33635,0.151583,0.0637195,,89,25,9078,114553,0.0,0.719753,0.717939,0.712579,0.0644622,0.595499,0.285917,0.109985,,95,26,5790,65587,0.0,0.448818,0.447637,0.444311,0.0431464,0.369673,0.17634,0.0651037,,81,25,8256,106551,0.0,0.633504,0.632011,0.627327,0.0567942,0.52158,0.241898,0.10133,,58,24,14410,187441,0.0,1.11987,1.11729,1.10924,0.0983436,0.907842,0.416788,0.177506,,67,24,13140,185395,0.0,1.04057,1.03823,1.03054,0.0904156,0.8612,0.40217,0.172514,,59,24,11620,175957,0.0,0.954264,0.95222,0.945165,0.0791898,0.792631,0.37797,0.16125,,69,22,23676,438834,0.0,2.14105,2.13675,2.12016,0.162983,1.81341,0.905114,0.383535,,65,23,18148,287685,0.0,1.54985,1.54658,1.53506,0.1247,1.27654,0.617576,0.259086,,84,25,9264,120943,0.0,0.746912,0.745158,0.739754,0.0669502,0.608564,0.287774,0.11527,,,,,,
56,26,5034,58848,0.0,0.369219,0.368358,0.365738,0.0339802,0.300217,0.134356,0.0575305,,52,25,9718,116255,0.0,0.721079,0.719376,0.714168,0.0684636,0.587132,0.262494,0.113409,,73,25,8298,104088,0.0,0.636377,0.634918,0.630345,0.0565987,0.518006,0.237944,0.0996562,,85,26,5724,65439,0.0,0.437893,0.436776,0.433582,0.0408793,0.358541,0.169057,0.0644195,,83,25,8338,109499,0.0,0.654435,0.652973,0.648276,0.0566839,0.530307,0.243903,0.104035,,82,24,13756,195504,0.0,1.09579,1.09326,1.08502,0.0953871,0.908188,0.427847,0.180291,,70,25,9776,121924,0.0,0.760971,0.759155,0.753705,0.0699091,0.622635,0.290075,0.117454,,90,26,5808,66511,0.0,0.478922,0.477691,0.474071,0.0530274,0.389333,0.182754,0.0659139,,80,25,9416,114926,0.0,0.724925,0.723138,0.717871,0.0657119,0.59198,0.275123,0.112048,,72,23,20166,312183,0.0,1.68411,1.68038,1.66751,0.139869,1.40425,0.675251,0.284492,,49,27,3152,33521,0.0,0.220835,0.220309,0.218809,0.0214206,0.178496,0.077364,0.0335633,,86,27,3400,34408,0.0,0.255329,0.254669,0.252945,0.0243975,0.202194,0.0935049,0.0351232,,87,26,4278,57615,0.0,0.33578,0.335011,0.332503,0.0294905,0.276559,0.128347,0.0547851,,94,27,3430,37366,0.0,0.278608,0.277882,0.275742,0.0342052,0.22901,0.104559,0.0378307,,64,25,8250,117522,0.0,0.668826,0.667363,0.662487,0.0564245,0.545532,0.25633,0.109576,,71,25,8672,109838,0.0,0.664503,0.662929,0.658061,0.060156,0.544988,0.250503,0.105432,,75,27,3380,35173,0.0,0.240401,0.239813,0.238153,0.0240657,0.193836,0.084788,0.0355844,,53,27,3516,39592,0.0,0.258661,0.258033,0.256138,0.0241382,0.208561,0.093467,0.0391103,,91,25,8436,118949,0.0,0.686114,0.684543,0.679347,0.0592135,0.569968,0.272668,0.111696,,79,25,7340,95711,0.0,0.569821,0.568486,0.564224,0.0515221,0.468645,0.216342,0.0909835,,63,26,5466,65329,0.0,0.423806,0.422785,0.419776,0.0392386,0.343816,0.158075,0.0655838,,74,27,3182,34671,0.0,0.226785,0.226234,0.224616,0.0218486,0.184223,0.0813242,0.034559,,92,26,5778,67625,0.0,0.440716,0.4396,0.436451,0.0410666,0.361021,0.168644,0.0661547,,60,26,5226,64177,0.0,0.392628,0.391707,0.388922,0.0354827,0.31944,0.145367,0.0617045,,54,26,5886,68291,0.0,0.438676,0.437633,0.434556,0.0405055,0.353088,0.159426,0.0664675,,57,27,3198,34820,0.0,0.227501,0.226954,0.225334,0.0216962,0.184424,0.0805158,0.035088,,50,27,3466,35971,0.0,0.2415,0.240928,0.23927,0.0238837,0.192626,0.0820171,0.0362983,,51,26,4564,55992,0.0,0.344964,0.344172,0.341752,0.030819,0.282507,0.129315,0.0541276,,78,23,18042,295377,0.0,1.54025,1.53683,1.52516,0.122863,1.28471,0.624604,0.264989,,55,25,8168,109290,0.0,0.637958,0.636524,0.631971,0.0556545,0.5255,0.24483,0.10291,,88,24,13742,194824,0.0,1.09792,1.09543,1.08708,0.0948034,0.909649,0.427631,0.181563,,48,25,9038,112448,0.0,0.68122,0.679655,0.674754,0.0607114,0.555534,0.252971,0.107718,,68,27,3270,33461,0.0,0.236164,0.23557,0.233857,0.0230447,0.191388,0.0847417,0.0349911,,76,27,3446,35246,0.0,0.251852,0.251198,0.249408,0.0248055,0.204664,0.0937121,0.0360307,,61,27,3242,37839,0.0,0.238871,0.238318,0.236637,0.0221882,0.194236,0.0869833,0.0370855,,77,26,5542,66304,0.0,0.425857,0.424806,0.421718,0.039205,0.349033,0.163733,0.0645232,,66,26,5182,58167,0.0,0.372362,0.371455,0.368851,0.0353458,0.302498,0.133792,0.0574427,,93,27,3314,37467,0.0,0.256083,0.255419,0.253597,0.0241147,0.210974,0.101263,0.0370341,,62,27,3308,36173,0.0,0.241767,0.241161,0.239446,0.0232642,0.196615,0.0880927,0.0362171,,89,26,5662,65898,0.0,0.441361,0.440214,0.436994,0.0408256,0.363977,0.174821,0.0644932,,95,27,3404,35451,0.0,0.260688,0.259974,0.258096,0.0273599,0.213896,0.0998514,0.036208,,81,26,5182,62350,0.0,0.396977,0.396,0.393205,0.0364605,0.326067,0.150115,0.0607548,,58,25,9352,111507,0.0,0.69891,0.697265,0.692374,0.0636165,0.562394,0.25268,0.108044,,67,25,8680,113530,0.0,0.661853,0.660326,0.655467,0.0593766,0.544084,0.24877,0.107264,,59,25,7852,107970,0.0,0.613737,0.612376,0.607941,0.053243,0.505209,0.233772,0.101199,,69,23,18410,297387,0.0,1.54697,1.54368,1.53217,0.125387,1.29453,0.624116,0.266195,,65,24,13054,181040,0.0,1.04992,1.04755,1.03992,0.0903924,0.855175,0.399583,0.16941,,84,26,5776,69652,0.0,0.451962,0.450851,0.44763,0.0404885,0.366376,0.172978,0.0676971,,,,,,
56,27,2980,32271,0.0,0.20967,0.209182,0.207742,0.02005,0.169254,0.0735566,0.0320268,,52,26,5964,64560,0.0,0.427538,0.426478,0.423451,0.0414117,0.345832,0.152561,0.0650179,,73,26,5118,57970,0.0,0.37174,0.370863,0.368273,0.0351024,0.299789,0.132287,0.0572603,,85,27,3344,35741,0.0,0.252293,0.251623,0.2498,0.0241959,0.205858,0.0965502,0.0359254,,83,26,5132,62817,0.0,0.388348,0.387453,0.384708,0.0349449,0.312458,0.140008,0.0605698,,82,25,9238,118900,0.0,0.746312,0.744587,0.739317,0.0653768,0.620856,0.273438,0.113871,,70,26,6006,69716,0.0,0.454796,0.45369,0.450495,0.0428146,0.369828,0.169471,0.0685355,,90,27,3454,37173,0.0,0.283325,0.282588,0.280486,0.0345601,0.229323,0.104327,0.037665,,80,26,5866,64347,0.0,0.436322,0.435223,0.432191,0.0414457,0.354286,0.162705,0.0642152,,72,24,14586,201133,0.0,1.16252,1.15981,1.15107,0.102448,0.961842,0.452334,0.188647,,49,28,1658,16855,0.0,0.114297,0.114024,0.113254,0.0112949,0.0920524,0.0395275,0.0170814,,86,28,1784,17105,0.0,0.13277,0.132434,0.131558,0.0134017,0.104824,0.0477841,0.0177528,,87,27,2506,32480,0.0,0.19693,0.196473,0.195031,0.0173159,0.161982,0.0756754,0.0312414,,94,28,1902,20298,0.0,0.152768,0.152369,0.151226,0.019113,0.125369,0.0566052,0.0205919,,64,26,5246,70513,0.0,0.417457,0.416525,0.413505,0.0365227,0.338998,0.157642,0.0668358,,71,26,5468,62103,0.0,0.404847,0.403854,0.401001,0.0379123,0.329528,0.149372,0.061515,,75,28,1866,18046,0.0,0.128061,0.127748,0.12687,0.0127827,0.10247,0.0439367,0.0186626,,53,28,2062,20780,0.0,0.14161,0.141275,0.140305,0.0139182,0.112799,0.0479675,0.0211071,,91,26,5418,71199,0.0,0.429254,0.428225,0.424995,0.0383701,0.354967,0.167998,0.0681974,,79,26,4372,52678,0.0,0.326166,0.325388,0.322969,0.0302179,0.266538,0.120295,0.05145,,63,27,3274,35951,0.0,0.243129,0.24253,0.240796,0.0230587,0.196899,0.0889345,0.0363302,,74,28,1796,18957,0.0,0.127547,0.127236,0.126351,0.0125343,0.103249,0.0448466,0.0194125,,92,27,3388,35726,0.0,0.250063,0.249414,0.247649,0.023973,0.20355,0.0938424,0.0361246,,60,27,3076,35940,0.0,0.220997,0.220493,0.218955,0.0208281,0.178652,0.0778432,0.0351472,,54,27,3366,37307,0.0,0.246545,0.245943,0.244207,0.0234313,0.197844,0.0882005,0.036885,,57,28,1782,19356,0.0,0.124348,0.124058,0.123207,0.0119941,0.100645,0.0434231,0.0192897,,50,28,1900,18370,0.0,0.133622,0.133294,0.132396,0.0129586,0.106434,0.0463897,0.0191424,,51,27,2684,30209,0.0,0.191581,0.191139,0.189816,0.0180102,0.155462,0.0680139,0.0299387,,78,24,13126,190138,0.0,1.05547,1.05313,1.04531,0.0901433,0.871128,0.410639,0.174669,,55,26,5162,61692,0.0,0.381278,0.380416,0.377738,0.0347968,0.310955,0.139859,0.0601112,,88,25,9142,120432,0.0,0.71469,0.713001,0.707746,0.064192,0.589694,0.274851,0.11423,,48,26,5760,63742,0.0,0.411776,0.410796,0.407941,0.0391142,0.332561,0.146028,0.0631596,,68,28,1782,16864,0.0,0.12444,0.124121,0.123245,0.0123672,0.100359,0.0441087,0.0178019,,76,28,1860,18046,0.0,0.132819,0.132467,0.131539,0.0132016,0.107425,0.0485885,0.0186501,,61,28,1862,19677,0.0,0.130302,0.129999,0.129127,0.012672,0.105002,0.0451896,0.0197909,,77,27,3152,36652,0.0,0.244925,0.244317,0.242639,0.0257174,0.201548,0.0939434,0.0357817,,66,27,2916,30650,0.0,0.205878,0.205373,0.203926,0.0202813,0.166514,0.0726911,0.0308626,,93,28,1794,18731,0.0,0.134637,0.134286,0.13333,0.0135941,0.110269,0.0514219,0.0190284,,62,28,1864,18648,0.0,0.129395,0.129078,0.128203,0.013003,0.104504,0.0452908,0.0190939,,89,27,3254,36216,0.0,0.251756,0.251074,0.249245,0.0242111,0.207141,0.0986754,0.0360527,,95,28,1840,17568,0.0,0.136264,0.135898,0.134929,0.0151259,0.110965,0.0504632,0.0182813,,81,27,3064,32666,0.0,0.222229,0.221663,0.220109,0.0214352,0.180615,0.0810091,0.0330903,,58,26,5552,61772,0.0,0.402917,0.401955,0.399126,0.037902,0.322491,0.141753,0.0613252,,67,26,5458,65386,0.0,0.405566,0.404596,0.401597,0.0373884,0.331285,0.149571,0.063489,,59,26,4950,62877,0.0,0.375734,0.374887,0.37231,0.0333987,0.307562,0.140425,0.0601416,,69,24,12916,187047,0.0,1.03144,1.02914,1.02144,0.0889772,0.85528,0.401211,0.171991,,65,25,8736,105749,0.0,0.664291,0.662729,0.657985,0.0597839,0.535032,0.243157,0.102452,,84,27,3412,39031,0.0,0.264196,0.263529,0.261619,0.0247261,0.213799,0.100803,0.0382483,,,,,,
56,28,1610,16585,0.0,0.110186,0.109923,0.109179,0.010834,0.0884761,0.0377088,0.0166149,,52,27,3360,33783,0.0,0.231883,0.231324,0.229713,0.0230153,0.18646,0.0802621,0.0347836,,73,27,2790,30841,0.0,0.205796,0.205304,0.203867,0.0192138,0.16608,0.0745531,0.0308117,,85,28,1892,18863,0.0,0.139588,0.139215,0.138252,0.0138258,0.113409,0.0527337,0.0192152,,83,27,2984,34619,0.0,0.219321,0.218817,0.217288,0.0203202,0.175564,0.0769573,0.0339044,,82,26,5812,68012,0.0,0.440439,0.439344,0.436146,0.0414972,0.360984,0.165629,0.0673122,,70,27,3440,37724,0.0,0.255062,0.254426,0.252627,0.0240412,0.206698,0.0945262,0.0375669,,90,28,1906,19742,0.0,0.15481,0.154409,0.153243,0.0192877,0.124626,0.055922,0.020141,,80,27,3318,33382,0.0,0.240858,0.240239,0.238533,0.0238704,0.194565,0.0882781,0.0342768,,72,25,9866,119447,0.0,0.757857,0.755978,0.750464,0.0696867,0.622704,0.289926,0.116517,,49,29,832,8656,0.0,0.0609868,0.0608377,0.0604128,0.0057136,0.0494956,0.0225071,0.00887399,,86,29,874,7846,0.0,0.0636172,0.0634579,0.0630408,0.00642125,0.0499512,0.0226284,0.00836458,,87,28,1478,16610,0.0,0.106431,0.106187,0.105424,0.010582,0.0863783,0.0375843,0.0165272,,94,29,1024,10641,0.0,0.0820788,0.0818612,0.0812512,0.0105186,0.0672655,0.0301265,0.0109353,,64,27,3184,41460,0.0,0.248613,0.248054,0.246251,0.0218987,0.201369,0.0926656,0.039722,,71,27,3128,33120,0.0,0.224309,0.223744,0.222202,0.0216088,0.1819,0.0813312,0.0333859,,75,29,930,8919,0.0,0.0654339,0.0652771,0.0648371,0.0065451,0.0522974,0.0224189,0.0094835,,53,29,1062,10146,0.0,0.0735809,0.0733935,0.0728989,0.00718741,0.0585213,0.0253705,0.0104284,,91,27,3394,39484,0.0,0.256443,0.255809,0.253996,0.0236562,0.210215,0.0978848,0.0388702,,79,27,2528,27408,0.0,0.18146,0.181018,0.179709,0.0173253,0.147172,0.0651872,0.0275526,,63,28,1908,18824,0.0,0.13517,0.134831,0.133908,0.0131912,0.108672,0.048269,0.0194207,,74,29,986,10039,0.0,0.0703881,0.0702154,0.0697186,0.00691119,0.056907,0.0248941,0.0103986,,92,28,1874,18390,0.0,0.135193,0.134834,0.133928,0.0132695,0.109558,0.0500282,0.0188854,,60,28,1780,18879,0.0,0.128609,0.128296,0.127436,0.0121462,0.103624,0.046261,0.019015,,54,28,1908,20105,0.0,0.136917,0.136585,0.135626,0.0132059,0.109254,0.0476332,0.0203871,,57,29,960,9673,0.0,0.0656941,0.0655406,0.0650944,0.00646369,0.0528581,0.022499,0.00990509,,50,29,936,8718,0.0,0.062329,0.0621803,0.0617811,0.00630853,0.0493203,0.0203902,0.00921613,,51,28,1488,15342,0.0,0.108666,0.108402,0.107682,0.0100858,0.0880036,0.0400647,0.0154477,,78,25,8818,117584,0.0,0.681181,0.679619,0.674672,0.060214,0.558178,0.256536,0.110925,,55,27,2982,33597,0.0,0.211893,0.211407,0.209957,0.0199934,0.171739,0.0750561,0.0331699,,88,26,5836,67979,0.0,0.437975,0.436899,0.433706,0.0408478,0.358603,0.164355,0.067272,,48,27,3394,33672,0.0,0.231026,0.230474,0.228941,0.0227473,0.184731,0.0785132,0.0343127,,68,29,872,8012,0.0,0.0600564,0.0599046,0.0594913,0.00603707,0.0483227,0.0212034,0.00841898,,76,29,962,8027,0.0,0.0654775,0.0653051,0.0648564,0.0067212,0.0523853,0.0230409,0.0087759,,61,29,954,8878,0.0,0.0663976,0.0662297,0.0657953,0.00657504,0.0531492,0.0231989,0.0093013,,77,28,1760,18237,0.0,0.129197,0.128865,0.127941,0.0124864,0.104993,0.0483452,0.0185192,,66,28,1600,15821,0.0,0.108789,0.108522,0.107792,0.0108933,0.0874444,0.037125,0.016226,,93,29,930,9658,0.0,0.0699174,0.0697336,0.0692593,0.00679615,0.0572871,0.0268882,0.0097582,,62,29,918,9173,0.0,0.0649008,0.0647454,0.064287,0.00653153,0.0522965,0.0225423,0.00957822,,89,28,1860,19532,0.0,0.142344,0.141961,0.14094,0.0151407,0.116685,0.0542079,0.0197291,,95,29,920,8368,0.0,0.0671784,0.0670008,0.0665184,0.00761805,0.0544332,0.024355,0.00882542,,81,28,1676,16565,0.0,0.118366,0.118068,0.117247,0.0117311,0.0957284,0.042285,0.0171857,,58,27,3262,34074,0.0,0.235701,0.235124,0.233517,0.0225016,0.188038,0.0832613,0.0342672,,67,27,3442,37379,0.0,0.243104,0.242506,0.240819,0.0240295,0.196966,0.0853844,0.0371869,,59,27,2846,32741,0.0,0.212926,0.212422,0.210976,0.0192543,0.173232,0.0793792,0.0320725,,69,25,8754,113940,0.0,0.667532,0.665981,0.661128,0.0602407,0.548739,0.250895,0.107664,,65,26,5344,58043,0.0,0.392435,0.391495,0.388812,0.0370269,0.313498,0.138987,0.0585088,,84,28,1958,21179,0.0,0.148651,0.148266,0.147237,0.0139445,0.11978,0.0560767,0.0211066,,,,,,
56,29,828,8259,0.0,0.0560719,0.0559407,0.0555443,0.0055859,0.0449175,0.0187988,0.00857197,,52,28,1760,17460,0.0,0.12404,0.123739,0.122908,0.0123601,0.0995451,0.0429039,0.0182441,,73,28,1520,16700,0.0,0.10953,0.109272,0.10849,0.0107425,0.0881954,0.0384489,0.0166873,,85,29,982,8842,0.0,0.0703098,0.0701239,0.0696383,0.00744767,0.0566917,0.025599,0.00937253,,83,28,1724,18282,0.0,0.124802,0.124504,0.123653,0.0117673,0.099282,0.043473,0.0183786,,82,27,3506,36293,0.0,0.253833,0.253168,0.251368,0.0249935,0.206558,0.0931678,0.0370197,,70,28,1978,19531,0.0,0.141688,0.141325,0.140321,0.0138016,0.114082,0.0512541,0.0201928,,90,29,1030,9786,0.0,0.0794622,0.0792706,0.0787412,0.00733938,0.0622044,0.0288493,0.0103223,,80,28,1832,16697,0.0,0.128593,0.12826,0.127369,0.0129083,0.103178,0.0460852,0.0177476,,72,26,5972,66517,0.0,0.447993,0.446853,0.44358,0.0421805,0.366727,0.170341,0.0662652,,49,30,434,4277,0.0,0.0306307,0.0305586,0.0303506,0.00299007,0.0246952,0.0109262,0.00434413,,86,30,398,3760,0.0,0.0291129,0.0290432,0.0288321,0.00286826,0.0229228,0.0103368,0.00396355,,87,29,794,8546,0.0,0.0569704,0.0568324,0.0564426,0.00542032,0.0460964,0.0204747,0.00845484,,94,30,536,5090,0.0,0.041566,0.0414654,0.0411405,0.00558735,0.0337738,0.014582,0.00538286,,64,28,1894,23364,0.0,0.147893,0.147552,0.146494,0.0131509,0.119393,0.0555257,0.0225071,,71,28,1646,16085,0.0,0.117039,0.116747,0.115939,0.0115907,0.0942352,0.0412487,0.0169881,,75,30,456,4042,0.0,0.0309795,0.0308965,0.0306862,0.00312358,0.0246915,0.0105931,0.00433616,,53,30,524,4271,0.0,0.0341001,0.0340212,0.0337978,0.00352741,0.0267928,0.0110879,0.00464089,,91,28,1830,20535,0.0,0.137156,0.13681,0.135833,0.0133055,0.112329,0.0519047,0.0203131,,79,28,1354,13916,0.0,0.0973783,0.0971363,0.0964293,0.00932478,0.078773,0.0351655,0.0142046,,63,29,1006,8999,0.0,0.0690069,0.0688338,0.0683737,0.00703198,0.0551002,0.0238349,0.0095802,,74,30,546,4994,0.0,0.0377971,0.0376968,0.0374409,0.00374617,0.0304147,0.0133002,0.0053337,,92,29,948,8259,0.0,0.0662378,0.0660636,0.0656181,0.00703728,0.0532925,0.0234953,0.00889728,,60,29,944,8920,0.0,0.0641004,0.0639396,0.0635189,0.00639789,0.0510641,0.0217299,0.0092614,,54,29,1078,10190,0.0,0.0763281,0.0761438,0.075619,0.00752911,0.0603887,0.0259706,0.0108987,,57,30,520,4938,0.0,0.0354495,0.0353661,0.03513,0.00352796,0.0284607,0.0121495,0.00512261,,50,30,414,4041,0.0,0.0279876,0.0279241,0.0277395,0.00280201,0.0222232,0.00936529,0.00409958,,51,29,740,7227,0.0,0.0509922,0.0508715,0.0505377,0.00497148,0.0409771,0.0177061,0.00740107,,78,26,5752,66189,0.0,0.419221,0.418221,0.415259,0.0399772,0.339614,0.15038,0.0649158,,55,28,1658,17079,0.0,0.114437,0.114166,0.113383,0.0111204,0.0921411,0.039436,0.0174276,,88,27,3434,36832,0.0,0.250985,0.250356,0.248521,0.0241117,0.204366,0.0921999,0.0374511,,48,28,1682,15974,0.0,0.113638,0.113366,0.112596,0.0113223,0.0906598,0.038309,0.0166887,,68,30,390,3588,0.0,0.0268754,0.0268082,0.0266145,0.00269556,0.0216538,0.00950761,0.0037836,,76,30,424,3616,0.0,0.0290413,0.0289627,0.0287626,0.00301526,0.0232654,0.0102015,0.00392948,,61,30,434,3745,0.0,0.0289437,0.0288769,0.0286983,0.00293667,0.0230011,0.00977646,0.00395756,,77,29,940,9112,0.0,0.0672095,0.067032,0.0665579,0.00685491,0.054361,0.0244444,0.0094664,,66,29,828,7449,0.0,0.0559116,0.0557721,0.0553953,0.00565217,0.0447406,0.019173,0.00786392,,93,30,444,4696,0.0,0.0339407,0.0338543,0.0336093,0.00332567,0.0278715,0.013272,0.00475448,,62,30,486,4843,0.0,0.0347989,0.0347178,0.0344769,0.00351514,0.0280109,0.0120026,0.00512907,,89,29,1024,9651,0.0,0.0742677,0.0740681,0.0735421,0.00798666,0.0602683,0.0272078,0.0101456,,95,30,470,4171,0.0,0.0338554,0.033767,0.0335365,0.00388575,0.0274148,0.012223,0.00442722,,81,29,890,8226,0.0,0.0612289,0.0610681,0.0606567,0.006177,0.049325,0.0215466,0.00866266,,58,28,1760,16911,0.0,0.121841,0.121544,0.120714,0.0120103,0.096509,0.0414089,0.0175079,,67,28,1918,19035,0.0,0.132469,0.132142,0.131233,0.013047,0.106747,0.0462058,0.0195884,,59,28,1564,16999,0.0,0.109062,0.108814,0.108085,0.0104742,0.0879122,0.0378337,0.0168932,,69,26,5522,66382,0.0,0.410928,0.40994,0.407,0.0379213,0.336327,0.152343,0.0641556,,65,27,2918,29920,0.0,0.214097,0.213568,0.212101,0.0207712,0.170617,0.0763852,0.030578,,84,29,1064,10452,0.0,0.0775588,0.0773546,0.0768021,0.00752682,0.0619913,0.0281626,0.0108307,,,,,,
56,30,450,4354,0.0,0.0305117,0.0304398,0.0302386,0.00305818,0.024417,0.0104267,0.00442952,,52,29,856,8517,0.0,0.060535,0.0603894,0.0599794,0.00587205,0.048766,0.0217884,0.0086597,,73,29,856,8357,0.0,0.0583362,0.0582012,0.0578072,0.00582715,0.0464664,0.0196558,0.008559,,85,30,504,4208,0.0,0.0347011,0.0346089,0.0343846,0.00362164,0.0278354,0.0122078,0.00472655,,83,29,886,9340,0.0,0.0625184,0.0623805,0.061952,0.00602532,0.0496331,0.0210579,0.00945542,,82,28,1898,18557,0.0,0.134646,0.134288,0.13334,0.0132457,0.109178,0.049226,0.0191661,,70,29,1084,9597,0.0,0.0748108,0.0746198,0.074109,0.00752017,0.0597703,0.0263736,0.0102575,,90,30,536,4539,0.0,0.0396495,0.039546,0.0392877,0.00373343,0.0305891,0.0138437,0.00494616,,80,29,932,8382,0.0,0.0648761,0.0647071,0.0642641,0.00656119,0.051993,0.0229475,0.00895109,,72,27,3508,36104,0.0,0.256449,0.255789,0.253984,0.0248716,0.208963,0.0959475,0.0367191,,49,31,216,1974,0.0,0.0145583,0.0145259,0.014427,0.00145007,0.0116471,0.00494181,0.00208095,,86,31,212,2128,0.0,0.0157076,0.015672,0.0155696,0.00152937,0.0123942,0.00559286,0.00218926,,87,30,390,4053,0.0,0.0281067,0.0280391,0.0278369,0.00268508,0.0227205,0.0101168,0.00414086,,94,31,274,2404,0.0,0.0204605,0.0204078,0.0202486,0.00271121,0.0165453,0.00709283,0.00258762,,64,29,1052,13056,0.0,0.0789903,0.0788208,0.0782606,0.00721474,0.0635488,0.0284974,0.0125144,,71,29,814,7809,0.0,0.0571818,0.0570378,0.0566664,0.00572006,0.0460723,0.0201773,0.0082283,,75,31,240,1719,0.0,0.0152852,0.0152485,0.0151551,0.00163504,0.0120157,0.00498311,0.00199049,,53,31,216,1725,0.0,0.0138412,0.013811,0.013719,0.0014728,0.0108623,0.00435686,0.00191906,,91,29,1026,10214,0.0,0.0739545,0.0737728,0.0732663,0.00768461,0.0600906,0.0270258,0.0104441,,79,29,714,7002,0.0,0.0503027,0.0501784,0.0498219,0.00490063,0.0405202,0.0178656,0.0072382,,63,30,494,3908,0.0,0.0323245,0.0322489,0.032034,0.00339504,0.0255728,0.0106173,0.00450039,,74,31,276,2318,0.0,0.0181318,0.0180897,0.0179762,0.00187881,0.0144544,0.00609487,0.00251929,,92,30,422,3718,0.0,0.0289439,0.0288695,0.0286712,0.00297454,0.0232114,0.0101084,0.0040106,,60,30,420,3894,0.0,0.0277636,0.0276995,0.027529,0.00279684,0.0220441,0.00916385,0.00406884,,54,30,578,5009,0.0,0.0395054,0.0394096,0.0391421,0.00395228,0.0311659,0.0134794,0.00536582,,57,31,260,2115,0.0,0.0166921,0.0166509,0.0165533,0.00173466,0.0132339,0.00547378,0.00227139,,50,31,220,1646,0.0,0.0136746,0.0136448,0.0135707,0.00147124,0.0106253,0.00419014,0.00181188,,51,30,370,3304,0.0,0.0241827,0.0241308,0.0239744,0.00248954,0.0192666,0.00791211,0.00349359,,78,27,3408,35692,0.0,0.240174,0.239582,0.237936,0.0232734,0.193107,0.084233,0.0359176,,55,29,860,8533,0.0,0.0607941,0.0606516,0.060252,0.00583517,0.0490109,0.0219058,0.00867243,,88,28,1968,19735,0.0,0.140115,0.139761,0.138792,0.0136601,0.113606,0.0508052,0.0203852,,48,29,826,7679,0.0,0.0568306,0.0566919,0.0563247,0.00560463,0.0453844,0.0197304,0.00799631,,68,31,202,1661,0.0,0.0135037,0.0134729,0.0133746,0.0014082,0.0107815,0.00454876,0.00187263,,76,31,220,1527,0.0,0.0141735,0.0141419,0.0140539,0.00152313,0.0112171,0.00475957,0.00179866,,61,31,178,1538,0.0,0.0117919,0.0117687,0.0116974,0.00121247,0.00936493,0.00392786,0.00163615,,77,30,510,4329,0.0,0.0347451,0.0346509,0.0344252,0.00359003,0.0278148,0.0122307,0.00468291,,66,30,400,3660,0.0,0.0269241,0.026862,0.026684,0.00271144,0.0215536,0.00919075,0.00382342,,93,31,246,2242,0.0,0.0173698,0.0173256,0.0172087,0.00180093,0.0140491,0.00633602,0.00237338,,62,31,246,2165,0.0,0.0170228,0.0169835,0.0168647,0.00178049,0.0136184,0.00580041,0.00236373,,89,30,516,4671,0.0,0.0371295,0.0370271,0.0367619,0.00406634,0.0300888,0.0135438,0.00494173,,95,31,222,1854,0.0,0.0158054,0.0157669,0.0156597,0.00184077,0.0127618,0.00563712,0.00203885,,81,30,416,3730,0.0,0.0285349,0.028465,0.0282696,0.00291468,0.0229581,0.00998595,0.00400651,,58,29,926,8303,0.0,0.0627287,0.0625764,0.0621654,0.00671202,0.0494353,0.0205391,0.00881805,,67,29,976,9382,0.0,0.0656287,0.0654738,0.0650234,0.00665273,0.0527182,0.0223598,0.00968824,,59,29,804,8393,0.0,0.0547341,0.0546119,0.0542596,0.00536813,0.0439423,0.0185614,0.00836327,,69,27,3300,36172,0.0,0.236457,0.235885,0.234196,0.0229079,0.1921,0.0850818,0.0359568,,65,28,1576,15067,0.0,0.110402,0.110129,0.109409,0.0108651,0.0874719,0.0381917,0.0155438,,84,30,572,5163,0.0,0.040658,0.0405547,0.0402809,0.00405833,0.0322696,0.0143843,0.00554316,,,,,,
56,31,216,2101,0.0,0.0148606,0.0148294,0.0147303,0.00147332,0.0119283,0.00512017,0.00218303,,52,30,380,4257,0.0,0.0279576,0.027893,0.027701,0.00260359,0.0227583,0.0104546,0.00416009,,73,30,404,3860,0.0,0.0274505,0.0273891,0.0272035,0.00275895,0.0218529,0.0092476,0.00398709,,85,31,236,1702,0.0,0.0157168,0.0156817,0.0155837,0.00172135,0.0124944,0.00541771,0.00196311,,83,30,458,4800,0.0,0.032089,0.0320176,0.0317931,0.0031138,0.0254816,0.0107933,0.00485813,,82,29,1006,8992,0.0,0.0697304,0.0695477,0.0690679,0.00729023,0.0562754,0.0247098,0.00969765,,70,30,538,4790,0.0,0.0372291,0.037132,0.0368893,0.00373246,0.0297674,0.0132152,0.00507703,,90,31,230,2008,0.0,0.017347,0.0173064,0.0171885,0.0016377,0.0134873,0.00621357,0.00217188,,80,30,476,3636,0.0,0.0316733,0.0315916,0.0313919,0.00332873,0.0250757,0.0108545,0.00407513,,72,28,1910,17613,0.0,0.134481,0.134137,0.133226,0.0138212,0.108801,0.0484939,0.0186339,,49,32,122,965,0.0,0.00782165,0.00780475,0.00775227,0.000812726,0.0061946,0.00250883,0.00107356,,86,32,124,868,0.0,0.00843723,0.008422,0.00837023,0.000888655,0.00653234,0.00283374,0.00103727,,87,31,226,2009,0.0,0.0156987,0.0156647,0.0155603,0.00187777,0.0126156,0.00525204,0.00213641,,94,32,132,1148,0.0,0.0098072,0.00978773,0.00971667,0.00132334,0.00794886,0.00337029,0.00124379,,64,30,602,7473,0.0,0.0453557,0.0452604,0.0449467,0.00411307,0.0365572,0.0164844,0.00712415,,71,30,378,3290,0.0,0.0256726,0.0256115,0.0254342,0.0026188,0.0205163,0.00880527,0.00358082,,75,32,78,668,0.0,0.00521611,0.00520479,0.00517071,0.000530391,0.00413404,0.00173801,0.000707392,,53,32,96,570,0.0,0.00565589,0.00564421,0.00560876,0.000635683,0.0043424,0.00162909,0.000715632,,91,30,512,4997,0.0,0.0363246,0.0362321,0.0359782,0.00359139,0.0294589,0.0131701,0.00523791,,79,30,358,2923,0.0,0.0233037,0.0232475,0.0230932,0.00244723,0.0184896,0.00770111,0.00318708,,63,31,234,1741,0.0,0.0149733,0.0149474,0.0148588,0.0016139,0.0118124,0.00487828,0.0019683,,74,32,112,951,0.0,0.00750695,0.0074882,0.00742851,0.000783717,0.00600289,0.00250705,0.00106925,,92,31,202,1820,0.0,0.0141841,0.0141485,0.014068,0.0014257,0.0114656,0.00517849,0.00194397,,60,31,176,1354,0.0,0.0108914,0.0108672,0.0108034,0.00116531,0.00852294,0.00337325,0.00150014,,54,31,252,2404,0.0,0.0177662,0.0177236,0.0175967,0.00172433,0.0141172,0.00620005,0.00250598,,57,32,92,611,0.0,0.00553123,0.00551715,0.00548434,0.000611901,0.00431851,0.00165823,0.000727667,,50,32,70,512,0.0,0.00431754,0.00431023,0.00428494,0.000461629,0.00336194,0.00129297,0.000576991,,51,31,174,1559,0.0,0.0113293,0.0113092,0.0112355,0.00115697,0.00903292,0.00369573,0.00167001,,78,28,1800,18164,0.0,0.12425,0.123938,0.123117,0.0122449,0.0995866,0.0429796,0.0183632,,55,30,374,3961,0.0,0.0273553,0.0272988,0.0271241,0.0025616,0.0222382,0.0101488,0.00401651,,88,29,1026,9888,0.0,0.0724932,0.0723039,0.0718213,0.00713684,0.0587429,0.026398,0.0102708,,48,30,382,3809,0.0,0.026418,0.0263591,0.0261766,0.00256845,0.0211619,0.00913977,0.00388881,,68,32,98,845,0.0,0.00659992,0.0065835,0.00653707,0.000664939,0.00528167,0.00224242,0.000933416,,76,32,84,530,0.0,0.0053476,0.0053372,0.00530436,0.000606179,0.00421386,0.00174328,0.000634409,,61,32,74,624,0.0,0.00489011,0.00488068,0.00484922,0.000493678,0.00388133,0.00159475,0.000676521,,77,31,230,1847,0.0,0.0154232,0.0153826,0.0152781,0.00163396,0.0123103,0.00530476,0.00205176,,66,31,198,1542,0.0,0.0125253,0.0124959,0.0124142,0.00132455,0.00991244,0.00400427,0.00173218,,93,32,126,1035,0.0,0.00858053,0.0085613,0.00851113,0.000925947,0.00690573,0.00297988,0.00112053,,62,32,114,917,0.0,0.00755272,0.007536,0.00749163,0.000796755,0.00601215,0.00248721,0.00101878,,89,31,248,2159,0.0,0.0176784,0.0176331,0.0175126,0.00193179,0.0142798,0.0064014,0.00231131,,95,32,108,804,0.0,0.00747734,0.00745785,0.00740504,0.000858936,0.00599139,0.00260559,0.000913725,,81,31,186,1656,0.0,0.0125353,0.0125056,0.012421,0.00128346,0.0100673,0.00433668,0.00175748,,58,30,448,3901,0.0,0.0297907,0.0297245,0.0295251,0.00304777,0.0233576,0.00966785,0.00419768,,67,30,494,4448,0.0,0.032589,0.0325142,0.0323028,0.00337935,0.0260279,0.0109079,0.00463272,,59,30,402,3694,0.0,0.0260898,0.0260363,0.0258669,0.00267355,0.0207488,0.00841073,0.00387117,,69,28,1852,18747,0.0,0.12819,0.127878,0.12702,0.0127501,0.103444,0.04472,0.0190469,,65,29,770,7357,0.0,0.0540539,0.0539148,0.0535528,0.00535379,0.0428252,0.0186287,0.00763698,,84,31,278,2445,0.0,0.0193321,0.0192877,0.0191598,0.00195265,0.0152974,0.00673827,0.00260786,,,,,,
56,32,108,862,0.0,0.00695741,0.00694383,0.00690091,0.00072356,0.00551253,0.00225118,0.000955939,,52,31,196,2286,0.0,0.0147872,0.0147518,0.0146378,0.00136432,0.0120703,0.00556924,0.00224139,,73,31,188,2026,0.0,0.0133538,0.0133305,0.013239,0.00127784,0.0107357,0.00466108,0.00204203,,85,32,90,650,0.0,0.00613148,0.00611895,0.00608035,0.000671495,0.00490146,0.00212981,0.000762326,,83,31,238,2535,0.0,0.0168715,0.0168385,0.0167328,0.00161485,0.0134068,0.005683,0.002595,,82,30,518,4034,0.0,0.0340307,0.0339502,0.0337291,0.00358309,0.0271741,0.0116479,0.00450589,,70,31,244,2091,0.0,0.0166769,0.01664,0.0165297,0.00171699,0.0133183,0.00582338,0.00224716,,90,32,116,962,0.0,0.00828675,0.00827007,0.00822596,0.000806082,0.00642057,0.00285595,0.001038,,80,31,200,1295,0.0,0.0124466,0.0124202,0.0123456,0.00139189,0.00972594,0.00389554,0.0015906,,72,29,940,8215,0.0,0.0651414,0.0649704,0.0645341,0.00667016,0.052489,0.0233758,0.00879622,,49,33,54,501,0.0,0.00358518,0.00357968,0.00355993,0.000356518,0.00286287,0.00121453,0.000501579,,86,33,44,374,0.0,0.0031382,0.00313513,0.0031183,0.000327971,0.0024675,0.00111657,0.000393809,,87,32,110,870,0.0,0.00723518,0.00722772,0.0071811,0.000735433,0.00575871,0.00235277,0.000991929,,94,33,58,523,0.0,0.00429646,0.00428967,0.0042577,0.000563911,0.00348132,0.00148251,0.000560743,,64,31,320,4203,0.0,0.0249804,0.0249283,0.0247143,0.00220667,0.0202337,0.00936632,0.00395917,,71,31,184,1714,0.0,0.0129052,0.0128761,0.0127886,0.00128604,0.0103867,0.00452641,0.00184338,,75,33,28,273,0.0,0.00193136,0.00192906,0.00191838,0.000186908,0.00155464,0.000671772,0.000278977,,53,33,36,221,0.0,0.00209624,0.00209321,0.00208137,0.000236968,0.00161185,0.000604471,0.00027401,,91,31,254,2398,0.0,0.0180265,0.0179848,0.01787,0.00176532,0.0146284,0.00649474,0.00268492,,79,31,140,1224,0.0,0.00932487,0.00930513,0.00923994,0.000955051,0.00744912,0.00311405,0.00132219,,63,32,98,621,0.0,0.00624045,0.00623057,0.00619563,0.000678799,0.00490514,0.00202338,0.00075681,,74,33,66,489,0.0,0.00422414,0.00421617,0.00419199,0.000447203,0.00335301,0.0013999,0.000548421,,92,32,86,790,0.0,0.00613793,0.00612622,0.00608295,0.000615535,0.00497191,0.00225443,0.00082463,,60,32,52,512,0.0,0.00345983,0.00345359,0.00342757,0.000347745,0.0027559,0.0011385,0.000511906,,54,32,142,1262,0.0,0.00972955,0.00970862,0.00964667,0.000962923,0.00768944,0.00332987,0.00132082,,57,33,34,247,0.0,0.00206267,0.00206049,0.00205153,0.000223789,0.00162635,0.000658252,0.000268503,,50,33,26,176,0.0,0.00155778,0.00155683,0.00155022,0.000169585,0.00119419,0.000451973,0.000198368,,51,32,94,683,0.0,0.00566984,0.00566098,0.00563123,0.000616866,0.00445413,0.00170421,0.000771274,,78,29,894,8587,0.0,0.061882,0.061731,0.0613046,0.00610218,0.0494972,0.0213833,0.00897388,,55,31,192,1826,0.0,0.0132094,0.0131796,0.0131025,0.00129255,0.0106224,0.00455975,0.00196573,,88,30,488,4351,0.0,0.0332701,0.0331877,0.0329608,0.00340048,0.0267727,0.0116814,0.0046573,,48,31,192,1901,0.0,0.0129816,0.0129575,0.0128689,0.00126936,0.0103705,0.00442098,0.00192958,,68,33,52,401,0.0,0.00339775,0.00339238,0.00337155,0.000348747,0.00271655,0.00116851,0.000442683,,76,33,26,156,0.0,0.00162123,0.00161998,0.00161194,0.000183803,0.00128173,0.000525714,0.000196195,,61,33,28,273,0.0,0.0018909,0.00188813,0.0018783,0.000184394,0.00151539,0.000660213,0.000268725,,77,32,108,785,0.0,0.00705262,0.00703762,0.00699298,0.000751574,0.00559651,0.00239669,0.000889528,,66,32,94,593,0.0,0.00554075,0.00553107,0.00549878,0.000624416,0.0043248,0.00161707,0.000713441,,93,33,56,321,0.0,0.00333414,0.00332934,0.00330709,0.000386915,0.00260848,0.00102123,0.000409766,,62,33,42,348,0.0,0.0027889,0.00278383,0.00276314,0.000288403,0.0022245,0.000918367,0.000404456,,89,32,118,990,0.0,0.00827605,0.00825614,0.00820664,0.00088312,0.00669047,0.00301253,0.00103833,,95,33,54,299,0.0,0.00333453,0.00333023,0.00331555,0.00041129,0.00262686,0.00106159,0.000389312,,81,32,82,817,0.0,0.00592336,0.0059095,0.00586306,0.000576851,0.00479192,0.00210285,0.000870362,,58,31,236,1744,0.0,0.0148466,0.0148142,0.0147278,0.00160824,0.011511,0.00458382,0.00195568,,67,31,214,1954,0.0,0.0143371,0.0143078,0.0142027,0.0014435,0.0114777,0.00486551,0.00206419,,59,31,212,1407,0.0,0.0124484,0.0124235,0.0123591,0.00139944,0.00967696,0.00361607,0.00165636,,69,29,924,8917,0.0,0.0647499,0.0645883,0.0641457,0.00651312,0.0520211,0.0222203,0.00947584,,65,30,390,3385,0.0,0.0270437,0.0269791,0.0267968,0.0027333,0.0212772,0.00902229,0.00376069,,84,32,136,1064,0.0,0.00933794,0.0093134,0.00925211,0.000964188,0.0073382,0.00318968,0.00119384,,,,,,
56,33,42,363,0.0,0.00279571,0.00279202,0.00277536,0.00028171,0.00222731,0.000925892,0.000398349,,52,32,124,1368,0.0,0.00903095,0.00901,0.00894178,0.000842024,0.00732619,0.00331749,0.00134415,,73,32,106,1113,0.0,0.00753775,0.00752716,0.00746892,0.000724525,0.00604957,0.00261197,0.00113529,,85,33,32,229,0.0,0.00208067,0.00207717,0.00206584,0.000223497,0.00164967,0.00069295,0.000266596,,83,32,122,1294,0.0,0.00854714,0.00853049,0.00847986,0.000819789,0.00680439,0.00290943,0.00128248,,82,31,232,1646,0.0,0.0149964,0.0149612,0.0148692,0.00163808,0.0119472,0.00511873,0.00190219,,70,32,122,846,0.0,0.0078774,0.00785957,0.00781202,0.000841581,0.00620658,0.0026199,0.00101173,,90,33,40,289,0.0,0.00276757,0.00276567,0.0027482,0.000272479,0.00212333,0.000920596,0.000345998,,80,32,72,458,0.0,0.00448895,0.00447974,0.00444859,0.000500228,0.00350632,0.00139935,0.000563233,,72,30,432,3699,0.0,0.0309291,0.030845,0.0306378,0.00359851,0.0250645,0.0111374,0.00401445,,49,34,24,149,0.0,0.00138971,0.00138884,0.00138256,0.000160927,0.00108361,0.000404665,0.000178839,,86,34,12,110,0.0,0.000860199,0.000859666,0.000853706,8.6659e-05,0.000671097,0.000288737,0.000120783,,87,33,44,384,0.0,0.00289331,0.00289073,0.0028749,0.000293009,0.00230027,0.000969052,0.000399559,,94,34,26,239,0.0,0.00194289,0.00194124,0.00192749,0.000254441,0.00158433,0.000681073,0.000259305,,64,32,198,2658,0.0,0.0155602,0.0155408,0.0154453,0.00136515,0.0126392,0.00587395,0.00248832,,71,32,96,850,0.0,0.00662261,0.0066092,0.00656405,0.00066397,0.00529582,0.00227902,0.000915694,,75,34,12,83,0.0,0.000706547,0.000706114,0.000702615,7.7612e-05,0.00054986,0.000191843,0.000100695,,53,34,14,65,0.0,0.000739203,0.000738676,0.000736394,9.3384e-05,0.000556019,0.000175072,8.9916e-05,,91,32,108,1103,0.0,0.00791851,0.00790043,0.00785119,0.000764372,0.0064726,0.00288226,0.00124035,,79,32,72,579,0.0,0.00467355,0.00466405,0.00463245,0.00048225,0.0037072,0.00149781,0.000653606,,63,33,28,235,0.0,0.00191461,0.00191342,0.00190169,0.00019673,0.00153116,0.000661673,0.000267637,,74,34,26,166,0.0,0.00155417,0.00155214,0.00154444,0.000172797,0.00122053,0.000464853,0.000208938,,92,33,44,497,0.0,0.0033486,0.00334333,0.00332409,0.000317848,0.00275459,0.00131255,0.000473872,,60,33,26,267,0.0,0.00174526,0.0017426,0.00173498,0.000171458,0.00140057,0.000590385,0.000268467,,54,33,66,520,0.0,0.00434216,0.0043345,0.00430433,0.000444847,0.00339267,0.00142057,0.000579303,,57,34,8,60,0.0,0.000470119,0.000469813,0.000467048,5.2313e-05,0.00036805,0.000123337,7.0017e-05,,50,34,6,33,0.0,0.000320959,0.000320708,0.000318606,3.8203e-05,0.000242994,6.915e-05,4.891e-05,,51,33,30,237,0.0,0.00184036,0.00183813,0.00182713,0.000202586,0.00145551,0.000552845,0.000272635,,78,30,480,4223,0.0,0.0321869,0.0321061,0.0318945,0.00325818,0.0255675,0.0108632,0.00450019,,55,32,82,740,0.0,0.00555232,0.00554071,0.00550508,0.000537768,0.00444666,0.00186162,0.000832621,,88,31,252,1972,0.0,0.0167691,0.0167282,0.016608,0.00177039,0.0133835,0.00568132,0.00228596,,48,32,100,933,0.0,0.00656201,0.0065514,0.00651165,0.0006725,0.00521762,0.00214702,0.000950602,,68,34,18,120,0.0,0.00108682,0.00108597,0.00107839,0.000119542,0.000856184,0.000321879,0.000152457,,76,34,10,45,0.0,0.000551385,0.000550999,0.000549688,6.7732e-05,0.000424027,0.000154117,6.0481e-05,,61,34,10,128,0.0,0.000702057,0.000701538,0.000695707,6.5375e-05,0.000566349,0.0002227,0.000132036,,77,33,36,239,0.0,0.00228624,0.00228302,0.00226866,0.000250644,0.00180428,0.000742716,0.000288025,,66,33,36,151,0.0,0.00193602,0.00193398,0.00192486,0.000237555,0.00147864,0.000513854,0.00022421,,93,34,22,101,0.0,0.00123326,0.00123233,0.00122819,0.000149485,0.000955652,0.000355663,0.000139132,,62,34,26,201,0.0,0.00163043,0.00162951,0.00162036,0.000173652,0.00129132,0.000525306,0.000221475,,89,33,36,342,0.0,0.00258823,0.00258499,0.00256825,0.000261955,0.00210433,0.000954859,0.000358136,,95,34,8,89,0.0,0.000587182,0.000586873,0.000581602,5.7753e-05,0.000481846,0.000221739,8.9361e-05,,81,33,54,440,0.0,0.00354158,0.0035342,0.00351142,0.000366272,0.00282744,0.00119206,0.000493071,,58,32,92,601,0.0,0.00561767,0.00560834,0.00557304,0.000616344,0.00433333,0.00165147,0.000739786,,67,32,112,971,0.0,0.00778549,0.00777652,0.00772557,0.00076964,0.00628925,0.00242288,0.00106817,,59,32,64,453,0.0,0.00383129,0.00382587,0.00380802,0.000419571,0.00300155,0.00113162,0.000517276,,69,30,474,4141,0.0,0.0317764,0.0317024,0.0314938,0.00326098,0.0254253,0.0108561,0.00444171,,65,31,194,1668,0.0,0.013579,0.0135485,0.0134646,0.00136805,0.0106734,0.00456182,0.00183813,,84,33,62,463,0.0,0.00408153,0.00407302,0.00404906,0.00043355,0.00318789,0.00136314,0.000523761,,,,,,
56,34,20,124,0.0,0.00115973,0.00115886,0.00115291,0.000131515,0.000897113,0.000324536,0.00015154,,52,33,66,669,0.0,0.00470829,0.00469851,0.00466853,0.000447415,0.0038101,0.0017341,0.000662,,73,33,62,698,0.0,0.00446853,0.00446168,0.00443452,0.00042123,0.00360144,0.00157326,0.000695914,,85,34,14,82,0.0,0.00083132,0.000830814,0.000826543,9.1644e-05,0.000647938,0.000256754,0.000100193,,83,33,54,586,0.0,0.00386392,0.0038577,0.00382981,0.000367391,0.00307703,0.00132136,0.000583882,,82,32,92,548,0.0,0.0056761,0.00566502,0.00563222,0.000636233,0.00447365,0.00181283,0.000698148,,70,33,42,318,0.0,0.00280998,0.00280584,0.00278507,0.000294172,0.00223422,0.00096357,0.000368115,,90,34,20,139,0.0,0.00126888,0.00126817,0.00126377,0.000131559,0.00096506,0.000383923,0.000153741,,80,33,30,214,0.0,0.0019321,0.00193071,0.00191909,0.000212633,0.00153039,0.000644809,0.000247594,,72,31,194,1529,0.0,0.013002,0.0129889,0.0129025,0.00139083,0.0104388,0.00449603,0.00172478,,49,35,6,49,0.0,0.000343524,0.000343297,0.000341362,3.8447e-05,0.000268308,8.8118e-05,5.5093e-05,,86,35,10,63,0.0,0.000599455,0.000599099,0.000595776,7.2541e-05,0.000443941,0.000147986,7.9294e-05,,87,34,18,76,0.0,0.000929333,0.000928703,0.000926411,0.000115279,0.000695522,0.0002242,0.000107921,,94,35,16,145,0.0,0.00114534,0.00114467,0.00113624,0.00015214,0.000922641,0.000372483,0.0001562,,64,33,102,1100,0.0,0.00750267,0.0074927,0.00744001,0.000697599,0.00598649,0.00258898,0.00115282,,71,33,40,350,0.0,0.00270622,0.00270152,0.00268291,0.000274636,0.00217532,0.000944942,0.000387248,,75,35,6,40,0.0,0.000326151,0.000325927,0.000324694,3.8422e-05,0.000248537,7.853e-05,4.6332e-05,,53,35,2,6,0.0,9.0434e-05,9.0337e-05,8.9962e-05,1.2876e-05,6.4532e-05,1.323e-05,9.884e-06,,91,33,46,354,0.0,0.00308589,0.00308149,0.00306332,0.00031992,0.0024768,0.00109123,0.000402109,,79,33,28,305,0.0,0.00203387,0.0020315,0.00201989,0.000195364,0.00166318,0.000753195,0.000298597,,63,34,16,72,0.0,0.00086343,0.000862817,0.000859679,0.000106065,0.00065248,0.000225787,9.5799e-05,,74,35,10,78,0.0,0.00058041,0.000580009,0.000578876,6.4669e-05,0.000455571,0.000172762,7.3918e-05,,92,34,20,209,0.0,0.00145346,0.00145247,0.00144366,0.000148444,0.00118556,0.000537115,0.000209742,,60,34,6,131,0.0,0.000518117,0.000517879,0.000514894,3.9705e-05,0.000438713,0.00020859,0.000102757,,54,34,34,203,0.0,0.0020801,0.00207742,0.00206764,0.0002255,0.0016037,0.000640711,0.000253796,,57,35,4,29,0.0,0.000212382,0.000212222,0.000210934,2.5917e-05,0.000161456,4.4983e-05,3.2589e-05,,50,35,4,12,0.0,0.000189802,0.000189643,0.000189245,2.5495e-05,0.000134552,2.7373e-05,2.1633e-05,,51,34,14,115,0.0,0.000820603,0.000820061,0.000815812,8.9475e-05,0.000645374,0.000224635,0.000126817,,78,31,222,1776,0.0,0.0145491,0.0145156,0.0144228,0.00152358,0.0114846,0.00474882,0.00198501,,55,33,40,367,0.0,0.00268449,0.00268147,0.00266402,0.000265448,0.00214681,0.000893331,0.000387376,,88,32,132,1020,0.0,0.00850689,0.00848958,0.0084412,0.000923754,0.00677414,0.00282712,0.00112176,,48,33,38,428,0.0,0.00266424,0.00266027,0.00264401,0.000251024,0.00215383,0.000931209,0.000414894,,68,35,14,71,0.0,0.000752329,0.000751806,0.00074879,9.0595e-05,0.000577299,0.000190125,9.3827e-05,,135,0,0,0,95.5123,0.0,0.0,0.0,0.0,0.0,0.0,0.0,,61,35,12,102,0.0,0.000690656,0.000690208,0.000687028,7.6688e-05,0.000535947,0.000170028,0.000112868,,77,34,16,93,0.0,0.000929183,0.000928604,0.000924419,0.000104514,0.000722781,0.000268791,0.00011731,,66,34,8,39,0.0,0.000423647,0.000423344,0.000421273,5.135e-05,0.000324469,0.000106091,5.213e-05,,93,35,4,8,0.0,0.000187371,0.000187209,0.00018659,2.7079e-05,0.000137532,3.6056e-05,1.9643e-05,,62,35,12,68,0.0,0.000666286,0.000665792,0.000662116,7.997e-05,0.000512034,0.000162539,9.1206e-05,,89,34,20,119,0.0,0.00118191,0.00118117,0.00117638,0.000136776,0.000926782,0.000355218,0.000147373,,95,35,8,77,0.0,0.000510407,0.000510108,0.000507768,5.9797e-05,0.000407977,0.000154205,7.5668e-05,,81,34,26,220,0.0,0.00166895,0.00166705,0.00165705,0.000174304,0.00133146,0.00055402,0.000237443,,58,33,36,274,0.0,0.00226624,0.00226426,0.00225058,0.000240762,0.0017701,0.000696374,0.000317216,,67,33,52,340,0.0,0.00314845,0.00314583,0.00312964,0.000346597,0.00248325,0.000981314,0.000416797,,59,33,16,88,0.0,0.000894738,0.000894106,0.00088921,0.000104021,0.000684971,0.000228204,0.000116326,,69,31,224,1791,0.0,0.0147037,0.0146691,0.014574,0.0015356,0.0117137,0.00492886,0.00198236,,65,32,82,721,0.0,0.00573871,0.00572759,0.00568627,0.000575164,0.00451858,0.00186959,0.000821823,,84,34,20,224,0.0,0.00154167,0.00153973,0.00152852,0.000140768,0.00124148,0.000577218,0.000227726,,,,,,
56,35,8,53,0.0,0.000425045,0.000424728,0.000422869,5.081e-05,0.000321426,9.7494e-05,5.9786e-05,,52,34,32,271,0.0,0.00208971,0.00208789,0.00206992,0.000215204,0.00165607,0.000681008,0.000310006,,73,34,32,257,0.0,0.00201966,0.00201742,0.00200614,0.000210683,0.00158791,0.000626396,0.000282552,,85,35,6,35,0.0,0.000311313,0.000311085,0.000310518,3.9266e-05,0.000235596,7.2919e-05,4.2404e-05,,83,34,28,324,0.0,0.00208173,0.00207925,0.00206613,0.000187745,0.0016676,0.00073271,0.0003236,,82,33,30,174,0.0,0.00178679,0.00178557,0.00177688,0.000204728,0.00140509,0.000571031,0.000214739,,70,34,26,161,0.0,0.00154725,0.00154624,0.00154172,0.000173069,0.00120444,0.000487502,0.000178189,,90,35,6,51,0.0,0.000381695,0.000381476,0.00037942,3.8772e-05,0.000289116,0.000106147,5.5011e-05,,80,34,14,64,0.0,0.000763984,0.000763493,0.000760524,9.5933e-05,0.000580354,0.000195683,9.1778e-05,,72,32,98,590,0.0,0.00605019,0.00604403,0.0060141,0.000707958,0.00476639,0.00192322,0.000725346,,49,36,2,37,0.0,0.000141947,0.00014186,0.000139914,1.331e-05,0.000115052,3.9427e-05,3.1505e-05,,86,36,6,29,0.0,0.000321701,0.00032145,0.000320825,4.5807e-05,0.000231356,6.336e-05,3.6504e-05,,109,0,0,0,95.6942,0.0,0.0,0.0,0.0,0.0,0.0,0.0,,94,36,10,59,0.0,0.000595197,0.000594809,0.000593879,9.7439e-05,0.000461996,0.000150101,6.7394e-05,,64,34,52,608,0.0,0.00385672,0.00385312,0.00383166,0.000353004,0.00310962,0.00137492,0.000592532,,71,34,22,216,0.0,0.00151771,0.00151636,0.00150663,0.000149096,0.00122729,0.000536322,0.00022278,,75,36,2,4,0.0,9.1805e-05,9.1512e-05,9.1267e-05,1.2655e-05,6.5493e-05,1.1032e-05,1.0779e-05,,111,0,0,0,95.9038,0.0,0.0,0.0,0.0,0.0,0.0,0.0,,91,34,18,83,0.0,0.0010035,0.00100266,0.000999233,0.000120629,0.000778578,0.000273711,0.000122858,,79,34,14,102,0.0,0.000827991,0.000827513,0.000822801,9.2338e-05,0.000645226,0.000237227,0.000114004,,63,35,2,9,0.0,9.0665e-05,9.0571e-05,9.0373e-05,1.2591e-05,6.4896e-05,1.5699e-05,1.0488e-05,,120,0,0,0,96.135,0.0,0.0,0.0,0.0,0.0,0.0,0.0,,92,35,10,112,0.0,0.000701475,0.000701123,0.000695971,6.6812e-05,0.000569045,0.000233423,0.00011774,,60,35,2,100,0.0,0.000260031,0.000259933,0.000256967,1.2913e-05,0.000231537,0.000113844,7.3056e-05,,54,35,8,51,0.0,0.00045837,0.000458047,0.000455385,5.1787e-05,0.000350173,0.00011925,6.5863e-05,,57,36,2,22,0.0,0.00010955,0.000109449,0.000109227,1.3104e-05,8.4292e-05,2.5269e-05,1.783e-05,,105,0,0,0,93.8249,0.0,0.0,0.0,0.0,0.0,0.0,0.0,,51,35,6,61,0.0,0.000348147,0.000347852,0.000346306,3.8282e-05,0.000271622,8.6692e-05,5.8288e-05,,78,32,96,744,0.0,0.00621103,0.00619894,0.00616339,0.000646224,0.00489757,0.00199415,0.000820817,,55,34,22,171,0.0,0.00133683,0.00133591,0.00132917,0.000143635,0.00104966,0.000390826,0.000191736,,88,33,42,283,0.0,0.00257733,0.00257346,0.00255795,0.000284402,0.0020323,0.000806056,0.000341295,,48,34,18,221,0.0,0.00125481,0.00125413,0.00124578,0.00011712,0.00101559,0.00041555,0.00022392,,68,36,4,7,0.0,0.000179331,0.000179163,0.000178811,2.5554e-05,0.000130413,2.7757e-05,1.9197e-05,,135,1,1,1500000,0.0,4.51317,4.51316,4.44704,0.00560601,4.44701,3.57416,0.867026,,61,36,4,30,0.0,0.000202297,0.000202111,0.000201707,2.5483e-05,0.000151589,4.0188e-05,3.0999e-05,,77,35,4,40,0.0,0.000251083,0.000250917,0.000249063,2.617e-05,0.000199278,7.2374e-05,4.3649e-05,,66,35,2,5,0.0,8.8593e-05,8.85e-05,8.81e-05,1.2782e-05,6.397e-05,1.3579e-05,1.1167e-05,,139,0,0,0,93.7607,0.0,0.0,0.0,0.0,0.0,0.0,0.0,,62,36,6,20,0.0,0.000281677,0.000281448,0.00028078,3.8757e-05,0.000206199,4.827e-05,3.2212e-05,,89,35,6,27,0.0,0.000304282,0.000304059,0.000303301,4.1348e-05,0.000229243,7.1651e-05,3.6406e-05,,95,36,4,12,0.0,0.000195165,0.000195008,0.000194552,2.9329e-05,0.000144982,3.3775e-05,1.9658e-05,,81,35,14,100,0.0,0.000816111,0.00081558,0.000812519,9.1482e-05,0.000638895,0.000231233,0.000114493,,58,34,18,125,0.0,0.00103803,0.00103737,0.00103237,0.000117158,0.000784836,0.000264374,0.000144692,,67,34,18,154,0.0,0.0011662,0.00116539,0.00115929,0.000118853,0.000931343,0.000388547,0.000161826,,59,34,8,41,0.0,0.00041683,0.000416526,0.000415161,5.0638e-05,0.000315376,9.6487e-05,5.2467e-05,,69,32,108,684,0.0,0.00652426,0.0065121,0.00647393,0.00073042,0.00510667,0.00197821,0.000826533,,65,33,48,356,0.0,0.00315043,0.00314613,0.00312354,0.000336397,0.00243607,0.000939452,0.000436769,,84,35,12,121,0.0,0.000854423,0.000854,0.000849695,8.2932e-05,0.000681992,0.00030181,0.000125867,,,,,,
56,36,2,9,0.0,9.5635e-05,9.5541e-05,9.5052e-05,1.2832e-05,7.0254e-05,1.4043e-05,1.4138e-05,,52,35,24,138,0.0,0.00133818,0.00133724,0.00133029,0.000155656,0.00102705,0.000352357,0.000174652,,73,35,14,80,0.0,0.00079156,0.000790861,0.000786279,9.0066e-05,0.00060548,0.000190743,0.000113504,,138,0,0,0,96.7785,0.0,0.0,0.0,0.0,0.0,0.0,0.0,,83,35,20,198,0.0,0.00134374,0.00134147,0.00133404,0.000132064,0.00105116,0.000412925,0.000211032,,82,34,8,64,0.0,0.000481249,0.000480926,0.000477702,5.1996e-05,0.000380094,0.000138571,7.1024e-05,,70,35,2,4,0.0,9.9715e-05,9.9616e-05,9.9277e-05,1.2965e-05,7.3911e-05,1.8375e-05,1.1148e-05,,90,36,4,14,0.0,0.000197519,0.00019733,0.000196312,2.5799e-05,0.000140155,3.1021e-05,2.546e-05,,80,35,2,9,0.0,0.000102713,0.000102622,0.000101568,1.3365e-05,7.6766e-05,1.7807e-05,1.5537e-05,,72,33,26,178,0.0,0.00164232,0.00164066,0.00163585,0.000194669,0.00130866,0.000550201,0.000196072,,49,37,4,37,0.0,0.000201929,0.000201744,0.000201253,2.5671e-05,0.000152233,3.8384e-05,3.1055e-05,,137,0,0,0,95.7369,0.0,0.0,0.0,0.0,0.0,0.0,0.0,,109,1,1,1500000,0.0,4.25836,4.25835,4.19033,0.00484269,4.19031,3.3273,0.857998,,142,0,0,0,94.5587,0.0,0.0,0.0,0.0,0.0,0.0,0.0,,64,35,26,222,0.0,0.0016954,0.00169437,0.00168516,0.000173788,0.00133409,0.000559677,0.000228829,,71,35,12,149,0.0,0.000803994,0.000803517,0.000800092,7.7485e-05,0.00064875,0.000266125,0.00013429,,117,0,0,0,95.682,0.0,0.0,0.0,0.0,0.0,0.0,0.0,,111,1,1,1500000,0.0,4.62726,4.62726,4.5337,0.00450435,4.53367,3.66884,0.860133,,91,35,4,10,0.0,0.000179713,0.000179549,0.000178996,2.5873e-05,0.000129887,2.8465e-05,1.8537e-05,,79,35,4,30,0.0,0.000222215,0.000222056,0.000220765,2.9146e-05,0.000171346,5.283e-05,3.1963e-05,,126,0,0,0,95.8335,0.0,0.0,0.0,0.0,0.0,0.0,0.0,,120,1,1,1500000,0.0,4.54434,4.54434,4.47506,0.00502012,4.47502,3.59129,0.878507,,92,36,8,76,0.0,0.000491513,0.000491202,0.000488522,5.427e-05,0.00038746,0.000141241,7.7653e-05,,60,36,4,100,0.0,0.000321226,0.000321081,0.000316877,2.5701e-05,0.000264886,9.6516e-05,8.2631e-05,,54,36,4,23,0.0,0.000211705,0.000211477,0.000209647,2.6098e-05,0.000158497,4.1965e-05,3.0881e-05,,100,0,0,0,95.6068,0.0,0.0,0.0,0.0,0.0,0.0,0.0,,105,1,1,1500000,0.0,4.71391,4.71391,4.64619,0.00444518,4.64617,3.53495,1.10658,,51,36,2,15,0.0,0.000104228,0.000104132,0.000103072,1.266e-05,7.8043e-05,1.5789e-05,1.9639e-05,,78,33,32,174,0.0,0.00187052,0.00186894,0.00186078,0.00021331,0.00144335,0.000560176,0.000212219,,55,35,10,64,0.0,0.000540249,0.000539831,0.000537003,6.4145e-05,0.000412568,0.000121677,8.2577e-05,,88,34,16,99,0.0,0.000907444,0.000906858,0.000902181,0.000105008,0.000705443,0.000252817,0.00012199,,48,35,14,160,0.0,0.000877265,0.000876743,0.000871013,8.986e-05,0.00069303,0.000238475,0.000160193,,125,0,0,0,96.1795,0.0,0.0,0.0,0.0,0.0,0.0,0.0,,135,2,2,1500000,0.0,5.0795,5.0795,4.99298,0.00353327,4.99292,4.12465,0.864278,,103,0,0,0,96.0312,0.0,0.0,0.0,0.0,0.0,0.0,0.0,,77,36,4,18,0.0,0.000192114,0.000191954,0.000191399,2.5938e-05,0.000141056,3.2342e-05,2.4874e-05,,110,0,0,0,95.6511,0.0,0.0,0.0,0.0,0.0,0.0,0.0,,139,1,1,1500000,0.0,4.53623,4.53623,4.44128,0.00579517,4.44125,3.55058,0.884647,,116,0,0,0,96.2342,0.0,0.0,0.0,0.0,0.0,0.0,0.0,,140,0,0,0,94.8709,0.0,0.0,0.0,0.0,0.0,0.0,0.0,,141,0,0,0,91.9093,0.0,0.0,0.0,0.0,0.0,0.0,0.0,,81,36,4,16,0.0,0.000193158,0.000192994,0.000191863,2.5856e-05,0.000142945,3.5113e-05,2.4956e-05,,58,35,8,37,0.0,0.00039195,0.000391649,0.000389988,5.0842e-05,0.000286414,6.5962e-05,5.5437e-05,,67,35,8,49,0.0,0.00044871,0.000448405,0.000444944,5.2908e-05,0.00034488,0.000102449,6.9355e-05,,59,35,2,10,0.0,9.4825e-05,9.4658e-05,9.4392e-05,1.2569e-05,6.9537e-05,1.4187e-05,1.1757e-05,,69,33,38,206,0.0,0.00220794,0.00220494,0.00219262,0.000253341,0.00171527,0.000647391,0.000266582,,65,34,28,203,0.0,0.00178414,0.00178264,0.00177439,0.000191189,0.00137003,0.000528304,0.000232415,,84,36,6,64,0.0,0.000406363,0.000406102,0.000400045,3.9974e-05,0.000314398,0.000125383,6.5869e-05,,,,,,
101,0,0,0,96.3376,0.0,0.0,0.0,0.0,0.0,0.0,0.0,,52,36,8,38,0.0,0.000408405,0.000408097,0.000406651,5.1678e-05,0.000305452,8.5232e-05,5.3512e-05,,73,36,8,30,0.0,0.000378441,0.000378127,0.000377168,5.2061e-05,0.000275733,7.0676e-05,4.3265e-05,,138,1,1,1500000,0.0,4.95051,4.95051,4.88073,0.00546522,4.88069,4.0065,0.868489,,83,36,12,138,0.0,0.00078963,0.000789073,0.000784031,7.8173e-05,0.000614329,0.000217912,0.000129262,,82,35,6,12,0.0,0.000268191,0.000267955,0.000267125,3.9914e-05,0.000194383,4.3678e-05,2.839e-05,,129,0,0,0,95.7382,0.0,0.0,0.0,0.0,0.0,0.0,0.0,,90,37,2,5,0.0,9.1975e-05,9.1882e-05,9.1706e-05,1.2766e-05,6.33e-05,1.1326e-05,8.79e-06,,80,36,2,4,0.0,8.8812e-05,8.8714e-05,8.8358e-05,1.3348e-05,6.2317e-05,1.0252e-05,8.583e-06,,72,34,2,37,0.0,0.000186957,0.000186829,0.000185318,1.3803e-05,0.000160979,8.0287e-05,3.2191e-05,,102,0,0,0,94.9585,0.0,0.0,0.0,0.0,0.0,0.0,0.0,,137,1,1,1500000,0.0,5.1281,5.1281,5.05755,0.00535076,5.05751,4.18394,0.867981,,109,2,2,1500000,0.0,5.10463,5.10463,5.03651,0.00417882,5.03645,4.16484,0.866977,,142,1,1,1500000,0.0,4.7615,4.7615,4.66574,0.00609731,4.66571,3.78962,0.869754,,64,36,10,143,0.0,0.000727912,0.000727523,0.000722885,6.5582e-05,0.000581532,0.000232692,0.000129703,,71,36,4,61,0.0,0.000281702,0.00028154,0.000279821,2.617e-05,0.000229585,8.5199e-05,5.4787e-05,,117,1,1,1500000,0.0,4.5678,4.5678,4.47079,0.00498587,4.47076,3.60312,0.862461,,111,2,2,1500000,0.0,4.9171,4.9171,4.84955,0.0036378,4.8495,3.98455,0.860825,,128,0,0,0,94.7282,0.0,0.0,0.0,0.0,0.0,0.0,0.0,,79,36,2,3,0.0,8.6163e-05,8.6072e-05,8.5856e-05,1.2881e-05,6.1355e-05,9.667e-06,8.411e-06,,126,1,1,1500000,0.0,4.79959,4.79959,4.73077,0.0051451,4.73073,3.84041,0.884945,,120,2,2,1500000,0.0,4.84389,4.84388,4.75596,0.00453727,4.7559,3.87169,0.879173,,92,37,4,27,0.0,0.000223082,0.000222908,0.000221224,2.8088e-05,0.000171199,4.5132e-05,3.5571e-05,,60,37,8,100,0.0,0.000465843,0.000465525,0.000462927,5.1413e-05,0.000360036,9.5274e-05,9.2894e-05,,54,37,2,12,0.0,9.1932e-05,9.1839e-05,9.1665e-05,1.2641e-05,6.5757e-05,1.2371e-05,1.4017e-05,,100,1,1,1500000,0.0,4.5765,4.5765,4.48662,0.00439829,4.48659,3.37341,1.10859,,105,2,2,1500000,0.0,4.87341,4.8734,4.80582,0.00464046,4.80576,3.93561,0.865024,,51,37,2,7,0.0,9.1971e-05,9.1778e-05,9.1346e-05,1.2915e-05,6.6987e-05,1.0525e-05,1.309e-05,,78,34,6,28,0.0,0.000319656,0.000319398,0.000317119,3.8604e-05,0.000241876,7.6991e-05,4.2978e-05,,55,36,4,33,0.0,0.000223436,0.000223281,0.000221071,2.5616e-05,0.000170578,4.7523e-05,3.9049e-05,,88,35,6,29,0.0,0.000310765,0.000310538,0.000309052,3.8842e-05,0.000235561,6.3305e-05,4.4808e-05,,48,36,12,67,0.0,0.000602068,0.000601616,0.000599557,7.6442e-05,0.000447128,0.000110684,8.661e-05,,125,1,1,1500000,0.0,4.53751,4.53751,4.4188,0.00485571,4.41877,3.54635,0.867362,,135,3,4,1500000,0.0,4.73469,4.73469,4.63685,0.00439991,4.63674,3.76781,0.86373,,103,1,1,1500000,0.0,4.50247,4.50246,4.43152,0.00467369,4.4315,3.32656,1.10008,,131,0,0,0,96.6405,0.0,0.0,0.0,0.0,0.0,0.0,0.0,,110,1,1,1500000,0.0,4.81994,4.81994,4.71349,0.00465894,4.71345,3.59652,1.11205,,139,2,2,1500000,0.0,5.03035,5.03035,4.91183,0.00403604,4.91177,4.02842,0.878853,,116,1,1,1500000,0.0,4.97397,4.97397,4.9048,0.00513523,4.90476,3.75681,1.14258,,140,1,1,1500000,0.0,4.83416,4.83416,4.7621,0.00567575,4.76206,3.88735,0.868799,,141,1,1,1500000,0.0,5.04275,5.04275,4.9403,0.00577401,4.94027,4.05465,0.879597,,81,37,2,5,0.0,8.6686e-05,8.6407e-05,8.6192e-05,1.2638e-05,6.1712e-05,1.1033e-05,8.957e-06,,58,36,2,10,0.0,9.3517e-05,9.3417e-05,9.3249e-05,1.2729e-05,6.722e-05,1.3642e-05,1.3601e-05,,67,36,6,17,0.0,0.000267865,0.000267619,0.000266941,3.8396e-05,0.000193146,4.0738e-05,3.0671e-05,,97,0,0,0,93.0064,0.0,0.0,0.0,0.0,0.0,0.0,0.0,,69,34,12,38,0.0,0.000592416,0.000591978,0.000590749,7.7167e-05,0.000443622,0.000129798,6.3858e-05,,65,35,10,28,0.0,0.000508041,0.000507664,0.000505794,6.6305e-05,0.000363751,9.1419e-05,5.5799e-05,,84,37,4,48,0.0,0.000254161,0.000253977,0.000251683,2.6231e-05,0.000195174,6.1002e-05,5.0869e-05,,,,,,
101,1,1,1500000,0.0,4.88238,4.88238,4.78651,0.00477265,4.78649,3.66238,1.11914,,52,37,2,8,0.0,9.2593e-05,9.2482e-05,9.228e-05,1.2699e-05,6.7205e-05,1.4596e-05,1.0779e-05,,107,0,0,0,96.802,0.0,0.0,0.0,0.0,0.0,0.0,0.0,,138,2,2,1500000,0.0,4.55289,4.55289,4.48576,0.00429339,4.4857,3.61819,0.862751,,83,37,10,51,0.0,0.000510752,0.000510381,0.000508093,6.4603e-05,0.000365215,8.8639e-05,6.7326e-05,,130,0,0,0,89.3696,0.0,0.0,0.0,0.0,0.0,0.0,0.0,,129,1,1,1500000,0.0,4.72455,4.72455,4.64314,0.00517602,4.64311,3.77098,0.866743,,143,0,0,0,96.3959,0.0,0.0,0.0,0.0,0.0,0.0,0.0,,132,0,0,0,92.6031,0.0,0.0,0.0,0.0,0.0,0.0,0.0,,72,35,2,32,0.0,0.000135874,0.000135803,0.000134678,1.4671e-05,0.000110299,3.9673e-05,2.8044e-05,,102,1,1,1500000,0.0,4.34546,4.34546,4.27956,0.00452353,4.27954,3.42229,0.852524,,137,2,2,1500000,0.0,4.64557,4.64557,4.5328,0.00412863,4.53274,3.6651,0.863032,,109,3,4,1500000,0.0,4.82267,4.82267,4.73862,0.00481098,4.7385,3.864,0.868846,,142,2,2,1500000,0.0,4.71529,4.71529,4.64116,0.00426413,4.6411,3.77521,0.861196,,64,37,8,71,0.0,0.00047466,0.000474323,0.000473213,5.1639e-05,0.000363454,0.000126412,7.0955e-05,,71,37,2,38,0.0,0.000131989,0.0001319,0.000130538,1.2988e-05,0.000105235,3.0928e-05,3.132e-05,,117,2,2,1500000,0.0,4.95671,4.95671,4.87267,0.00362916,4.87261,4.00433,0.864206,,111,3,4,1500000,0.0,4.7721,4.7721,4.69232,0.00478329,4.69221,3.82719,0.859345,,128,1,1,1500000,0.0,4.70291,4.70291,4.6363,0.00524418,4.63627,3.7638,0.86701,,114,0,0,0,94.9078,0.0,0.0,0.0,0.0,0.0,0.0,0.0,,126,2,2,1500000,0.0,4.99508,4.99508,4.91895,0.00407828,4.91889,4.05028,0.864021,,120,3,4,1500000,0.0,4.93641,4.93641,4.85091,0.00465607,4.85079,3.96665,0.87857,,92,38,4,9,0.0,0.000176052,0.000175862,0.000175371,2.6791e-05,0.000125617,2.0257e-05,1.8711e-05,,60,38,4,46,0.0,0.000221209,0.000221058,0.000218926,2.5685e-05,0.000167408,3.577e-05,4.6083e-05,,119,0,0,0,95.5863,0.0,0.0,0.0,0.0,0.0,0.0,0.0,,100,2,2,1500000,0.0,5.04836,5.04836,4.97905,0.00347085,4.97899,3.94534,1.0297,,105,3,4,1500000,0.0,4.89168,4.89167,4.7947,0.00472577,4.79458,3.84448,0.944515,,96,0,0,0,95.9989,0.0,0.0,0.0,0.0,0.0,0.0,0.0,,78,35,4,13,0.0,0.000192142,0.000191972,0.000191397,2.5342e-05,0.000140563,3.2749e-05,2.2649e-05,,55,37,4,15,0.0,0.000181192,0.000180994,0.000180264,2.5658e-05,0.000130455,2.1719e-05,2.3067e-05,,88,36,2,6,0.0,9.0759e-05,9.0656e-05,9.0464e-05,1.295e-05,6.5634e-05,1.1753e-05,1.0332e-05,,48,37,2,24,0.0,0.000111542,0.000111437,0.000110369,1.4527e-05,8.5979e-05,1.9823e-05,2.2136e-05,,125,2,2,1500000,0.0,4.50621,4.50621,4.43047,0.00462209,4.43042,3.56183,0.8635,,135,4,8,1500000,0.0,4.60707,4.60706,4.52812,0.00462583,4.52791,3.66231,0.859672,,103,2,2,1500000,0.0,5.34224,5.34223,5.26028,0.00367449,5.26022,3.93142,1.32463,,131,1,1,1500000,0.0,4.53921,4.53921,4.45714,0.00543571,4.4571,3.58372,0.867742,,110,2,2,1500000,0.0,4.87053,4.87053,4.80234,0.00437434,4.80228,3.9288,0.868599,,139,3,4,1500000,0.0,4.94768,4.94768,4.87259,0.00445472,4.87248,3.99235,0.874835,,116,2,2,1500000,0.0,4.97579,4.97579,4.84993,0.00457537,4.84987,3.9573,0.887481,,140,2,2,1500000,0.0,4.88771,4.88771,4.81986,0.00436292,4.8198,3.95111,0.863866,,141,2,2,1500000,0.0,4.6562,4.6562,4.59023,0.00442659,4.59017,3.72384,0.861451,,124,0,0,0,94.3956,0.0,0.0,0.0,0.0,0.0,0.0,0.0,,115,0,0,0,95.6797,0.0,0.0,0.0,0.0,0.0,0.0,0.0,,112,0,0,0,94.998,0.0,0.0,0.0,0.0,0.0,0.0,0.0,,97,1,1,1500000,0.0,4.12433,4.12433,4.06297,0.00437435,4.06295,3.21216,0.846265,,118,0,0,0,95.6339,0.0,0.0,0.0,0.0,0.0,0.0,0.0,,65,36,2,5,0.0,9.328e-05,9.3179e-05,9.2952e-05,1.3263e-05,6.5344e-05,1.0997e-05,9.444e-06,,84,38,4,41,0.0,0.000227283,0.000227108,0.000225898,2.6669e-05,0.000171699,4.9054e-05,3.767e-05,,,,,,
101,2,2,1500000,0.0,4.97498,4.97498,4.86044,0.00410832,4.86038,3.98504,0.870738,,121,0,0,0,95.3559,0.0,0.0,0.0,0.0,0.0,0.0,0.0,,107,1,1,1500000,0.0,4.9735,4.9735,4.89984,0.00483084,4.8998,3.77952,1.11522,,138,3,4,1500000,0.0,4.85359,4.85359,4.76659,0.00447267,4.76648,3.89947,0.861707,,83,38,2,7,0.0,0.000100068,9.9948e-05,9.9679e-05,1.2619e-05,6.9052e-05,1.3066e-05,1.1921e-05,,130,1,1,1500000,0.0,4.73534,4.73534,4.67009,0.00536812,4.67006,3.79715,0.867353,,129,2,2,1500000,0.0,4.81989,4.81989,4.72889,0.00399305,4.72883,3.86073,0.863656,,143,1,1,1500000,0.0,4.85893,4.85893,4.79061,0.00594947,4.79058,3.91701,0.867373,,132,1,1,1500000,0.0,4.94915,4.94915,4.88502,0.00538771,4.88498,4.01377,0.8656,,72,36,2,11,0.0,0.000104646,0.000104542,0.000103552,1.4642e-05,7.8951e-05,1.7352e-05,1.62e-05,,102,2,2,1500000,0.0,4.74056,4.74056,4.64634,0.0040151,4.64628,3.77536,0.866442,,137,3,4,1500000,0.0,4.71977,4.71977,4.62847,0.00423618,4.62835,3.76249,0.860808,,109,4,8,1500000,0.0,4.74605,4.74605,4.65875,0.00510686,4.65854,3.79244,0.859592,,142,3,4,1500000,0.0,4.82426,4.82426,4.74245,0.0043884,4.74234,3.8774,0.859801,,108,0,0,0,96.5146,0.0,0.0,0.0,0.0,0.0,0.0,0.0,,71,38,2,29,0.0,0.000119543,0.000119425,0.000118078,1.3744e-05,9.315e-05,2.1116e-05,2.8278e-05,,117,3,4,1500000,0.0,4.6038,4.60379,4.53254,0.00497068,4.53243,3.664,0.862648,,111,4,8,1500000,0.0,4.77431,4.7743,4.69168,0.00491991,4.69147,3.83276,0.852433,,128,2,2,1500000,0.0,4.8792,4.8792,4.80452,0.00386248,4.80446,3.93537,0.864759,,114,1,1,1500000,0.0,4.37202,4.37202,4.30485,0.00488056,4.30482,3.43613,0.863617,,126,3,4,1500000,0.0,4.88455,4.88455,4.80898,0.00465287,4.80887,3.92461,0.87873,,120,4,8,1500000,0.0,4.86559,4.86559,4.7778,0.00481645,4.7776,3.89943,0.87183,,133,0,0,0,94.9642,0.0,0.0,0.0,0.0,0.0,0.0,0.0,,60,39,4,37,0.0,0.000199041,0.000198868,0.000197714,2.6053e-05,0.000146795,2.5447e-05,3.7096e-05,,119,1,1,1500000,0.0,5.0121,5.0121,4.94172,0.00505231,4.94168,3.81931,1.1171,,100,3,4,1500000,0.0,4.94333,4.94333,4.84602,0.00465506,4.8459,3.97441,0.865962,,105,4,8,1500000,0.0,4.75682,4.75682,4.66916,0.00523599,4.66896,3.8072,0.855141,,96,1,1,1500000,0.0,4.31388,4.31388,4.25145,0.00423781,4.25143,3.40078,0.846268,,113,0,0,0,95.2782,0.0,0.0,0.0,0.0,0.0,0.0,0.0,,98,0,0,0,94.4447,0.0,0.0,0.0,0.0,0.0,0.0,0.0,,127,0,0,0,96.4736,0.0,0.0,0.0,0.0,0.0,0.0,0.0,,48,38,2,3,0.0,8.0682e-05,8.0581e-05,8.0297e-05,1.2743e-05,5.5869e-05,7.369e-06,8.375e-06,,125,3,4,1500000,0.0,4.69511,4.69511,4.61684,0.00488481,4.61672,3.74801,0.862996,,135,5,16,1500000,0.0,4.75443,4.75443,4.66975,0.00521349,4.66936,3.61622,1.04599,,103,3,4,1500000,0.0,4.94701,4.94701,4.84079,0.00489153,4.84068,3.96891,0.865968,,131,2,2,1500000,0.0,4.84955,4.84954,4.75324,0.00426707,4.75318,3.88452,0.863928,,110,3,4,1500000,0.0,4.83845,4.83845,4.75446,0.00459417,4.75434,3.86917,0.879715,,139,4,8,1500000,0.0,4.61061,4.6106,4.53368,0.00432953,4.53348,3.65447,0.873347,,116,3,4,1500000,0.0,4.66753,4.66752,4.57394,0.00451668,4.57382,3.68391,0.884522,,140,3,4,1500000,0.0,4.79462,4.79462,4.71564,0.00418505,4.71553,3.84862,0.861959,,141,3,4,1500000,0.0,4.63144,4.63143,4.56388,0.0039545,4.56377,3.70108,0.857946,,124,1,1,1500000,0.0,4.71778,4.71778,4.61538,0.00504988,4.61535,3.74486,0.865222,,115,1,1,1500000,0.0,4.53304,4.53304,4.46741,0.00484738,4.46738,3.59593,0.866414,,112,1,1,1500000,0.0,4.93256,4.93256,4.8636,0.00487334,4.86357,3.99736,0.86112,,97,2,2,1500000,0.0,4.71211,4.71211,4.61785,0.003787,4.6178,3.75513,0.85848,,118,1,1,1500000,0.0,4.84044,4.84043,4.77398,0.00492053,4.77395,3.90686,0.861963,,122,0,0,0,89.4113,0.0,0.0,0.0,0.0,0.0,0.0,0.0,,84,39,2,14,0.0,9.4111e-05,9.4022e-05,9.3747e-05,1.377e-05,6.7113e-05,1.234e-05,1.2849e-05,,,,,,
101,3,4,1500000,0.0,4.96072,4.96072,4.87231,0.00497964,4.87219,3.97181,0.894461,,121,1,1,1500000,0.0,4.87651,4.87651,4.80519,0.00508976,4.80515,3.68054,1.11931,,107,2,2,1500000,0.0,4.87066,4.87066,4.78909,0.00380942,4.78903,3.91898,0.865742,,138,4,8,1500000,0.0,4.77536,4.77535,4.67758,0.00463657,4.67738,3.81591,0.855392,,106,0,0,0,95.7238,0.0,0.0,0.0,0.0,0.0,0.0,0.0,,130,2,2,1500000,0.0,4.70839,4.70839,4.64242,0.00389169,4.64236,3.77383,0.864177,,129,3,4,1500000,0.0,4.79526,4.79526,4.70185,0.00423254,4.70175,3.83616,0.860581,,143,2,2,1500000,0.0,4.74845,4.74845,4.66411,0.00412831,4.66404,3.79763,0.861806,,132,2,2,1500000,0.0,4.87831,4.87831,4.77816,0.00418985,4.7781,3.91183,0.861604,,72,37,2,8,0.0,8.5369e-05,8.5267e-05,8.5089e-05,1.4151e-05,6.0609e-05,8.416e-06,1.077e-05,,102,3,4,1500000,0.0,4.83698,4.83697,4.75698,0.00466953,4.75688,3.88545,0.865878,,137,4,8,1500000,0.0,4.5964,4.5964,4.50877,0.00456147,4.50856,3.64233,0.860383,,109,5,16,1500000,0.0,4.64031,4.6403,4.55796,0.00598253,4.55758,3.71083,0.83871,,142,4,8,1500000,0.0,4.72266,4.72266,4.64112,0.004464,4.64092,3.77647,0.858825,,108,1,1,1500000,0.0,4.67682,4.67682,4.60501,0.00472046,4.60498,3.43891,1.16115,,71,39,2,22,0.0,0.000106962,0.000106861,0.000105736,1.2942e-05,8.0737e-05,1.6208e-05,2.286e-05,,117,4,8,1500000,0.0,4.71907,4.71906,4.6242,0.0052318,4.62399,3.76298,0.854278,,111,5,16,1500000,0.0,4.55354,4.55353,4.46776,0.00575931,4.46737,3.62599,0.833473,,128,3,4,1500000,0.0,4.89034,4.89034,4.77816,0.00473129,4.77805,3.90961,0.862858,,114,2,2,1500000,0.0,4.98647,4.98647,4.90517,0.00397297,4.90512,4.03391,0.866707,,126,4,8,1500000,0.0,4.53019,4.53019,4.44981,0.00453075,4.4496,3.59002,0.853682,,120,5,16,1500000,0.0,4.57818,4.57817,4.49111,0.00616065,4.49073,3.59176,0.890687,,133,1,1,1500000,0.0,4.72002,4.72002,4.65251,0.00509311,4.65248,3.77969,0.867477,,60,40,2,8,0.0,9.0695e-05,9.0599e-05,9.037e-05,1.3909e-05,6.492e-05,7.923e-06,1.3302e-05,,119,2,2,1500000,0.0,4.77038,4.77037,4.66565,0.00426251,4.66559,3.65875,1.00211,,100,4,8,1500000,0.0,4.89018,4.89017,4.80883,0.00570623,4.80862,3.93527,0.866179,,105,5,16,1500000,0.0,4.56753,4.56752,4.47507,0.00617468,4.47467,3.63044,0.835908,,96,2,2,1500000,0.0,4.51932,4.51931,4.45014,0.00350802,4.45009,3.58715,0.859013,,113,1,1,1500000,0.0,5.14892,5.14892,4.98167,0.00494539,4.98163,4.10149,0.874974,,98,1,1,1500000,0.0,4.01557,4.01557,3.95465,0.00449693,3.95463,3.10359,0.846382,,127,1,1,1500000,0.0,5.21411,5.21411,5.1172,0.00526239,5.11716,4.24306,0.868621,,99,0,0,0,89.2298,0.0,0.0,0.0,0.0,0.0,0.0,0.0,,125,4,8,1500000,0.0,4.71735,4.71734,4.62579,0.00498699,4.62559,3.76004,0.859201,,135,6,32,1500000,0.0,4.37353,4.37352,4.28757,0.00683977,4.28686,3.45422,0.82277,,103,4,8,1500000,0.0,4.8728,4.8728,4.77825,0.00520981,4.77804,3.91068,0.860687,,131,3,4,1500000,0.0,4.79844,4.79844,4.72171,0.00439294,4.7216,3.85398,0.862392,,110,4,8,1500000,0.0,4.65799,4.65799,4.57426,0.00489041,4.57405,3.66468,0.902963,,139,5,16,1500000,0.0,4.71535,4.71534,4.6355,0.00535482,4.63512,3.74344,0.884198,,116,4,8,1500000,0.0,5.31622,5.31621,5.22867,0.00494894,5.22846,3.74077,1.48141,,140,4,8,1500000,0.0,4.61336,4.61336,4.51196,0.00486844,4.51176,3.64962,0.855953,,141,4,8,1500000,0.0,4.4431,4.4431,4.37025,0.00455962,4.37005,3.51067,0.853571,,124,2,2,1500000,0.0,4.82959,4.82959,4.76392,0.0041007,4.76386,3.8949,0.864389,,115,2,2,1500000,0.0,4.84553,4.84553,4.75401,0.00447605,4.75395,3.88436,0.864636,,112,2,2,1500000,0.0,4.56737,4.56737,4.48377,0.00414082,4.48371,3.61542,0.863695,,97,3,4,1500000,0.0,4.96879,4.96879,4.88171,0.00466945,4.8816,4.00899,0.867004,,118,2,2,1500000,0.0,4.73712,4.73712,4.63943,0.00481343,4.63937,3.77075,0.86332,,122,1,1,1500000,0.0,4.32499,4.32499,4.26078,0.00543518,4.26075,3.38774,0.867373,,134,0,0,0,95.297,0.0,0.0,0.0,0.0,0.0,0.0,0.0,,,,,,
101,4,8,1500000,0.0,5.25656,5.25655,5.16784,0.00502001,5.16762,3.85417,1.30702,,121,2,2,1500000,0.0,5.16623,5.16623,5.09677,0.00384126,5.09671,4.0756,1.01677,,107,3,4,1500000,0.0,4.86885,4.86885,4.77283,0.00481175,4.77271,3.90455,0.862484,,138,5,16,1500000,0.0,4.57838,4.57837,4.49911,0.00561015,4.49873,3.62204,0.868953,,106,1,1,1500000,0.0,4.60525,4.60525,4.53145,0.00461917,4.53143,3.65861,0.867985,,130,3,4,1500000,0.0,4.74659,4.74659,4.6547,0.00404453,4.65459,3.78819,0.861531,,129,4,8,1500000,0.0,4.67647,4.67646,4.59412,0.00460489,4.59392,3.73601,0.852033,,143,3,4,1500000,0.0,4.80295,4.80294,4.69888,0.00421215,4.69876,3.83208,0.861662,,132,3,4,1500000,0.0,4.77209,4.77209,4.69459,0.00440795,4.69448,3.82906,0.860184,,136,0,0,0,95.7335,0.0,0.0,0.0,0.0,0.0,0.0,0.0,,102,4,8,1500000,0.0,4.93284,4.93283,4.84581,0.0052486,4.84561,3.97518,0.863658,,137,5,16,1500000,0.0,4.60456,4.60455,4.52132,0.00500547,4.52092,3.55071,0.963172,,109,6,32,1500000,0.0,4.47305,4.47303,4.38367,0.00731603,4.38294,3.55027,0.822441,,142,5,16,1500000,0.0,4.60945,4.60944,4.52552,0.00547247,4.52515,3.6091,0.908686,,108,2,2,1500000,0.0,5.01356,5.01356,4.94343,0.00410825,4.94337,4.07446,0.864314,,71,40,2,15,0.0,9.6932e-05,9.685e-05,9.5866e-05,1.2544e-05,7.0421e-05,9.299e-06,2.0135e-05,,117,5,16,1500000,0.0,4.60306,4.60306,4.51364,0.00563241,4.51326,3.66846,0.83702,,111,6,32,1500000,0.0,4.38313,4.38312,4.30203,0.00710727,4.3013,3.47981,0.811434,,128,4,8,1500000,0.0,4.71974,4.71974,4.64078,0.00481059,4.64058,3.77733,0.857033,,114,3,4,1500000,0.0,4.78272,4.78272,4.68528,0.00444977,4.68517,3.81419,0.865665,,126,5,16,1500000,0.0,4.53505,4.53504,4.45221,0.00572422,4.45183,3.60659,0.837547,,120,6,32,1500000,0.0,4.56692,4.5669,4.4786,0.0102301,4.47788,3.57822,0.88624,,133,2,2,1500000,0.0,5.04259,5.04259,4.95307,0.00393504,4.95301,4.08702,0.861606,,104,0,0,0,93.9172,0.0,0.0,0.0,0.0,0.0,0.0,0.0,,119,3,4,1500000,0.0,4.90541,4.9054,4.8021,0.00438073,4.80199,3.93885,0.857882,,100,5,16,1500000,0.0,4.55289,4.55288,4.46655,0.00606801,4.46616,3.61913,0.838779,,105,6,32,1500000,0.0,4.39384,4.39382,4.31022,0.00674422,4.30948,3.44741,0.85221,,96,3,4,1500000,0.0,4.92577,4.92577,4.82473,0.00494982,4.82461,3.95608,0.862659,,113,2,2,1500000,0.0,4.79138,4.79138,4.71133,0.00416784,4.71127,3.82866,0.877959,,98,2,2,1500000,0.0,4.79603,4.79603,4.72722,0.00412168,4.72717,3.86128,0.861367,,127,2,2,1500000,0.0,4.67637,4.67637,4.5948,0.00446399,4.59474,3.72202,0.867798,,99,1,1,1500000,0.0,4.84559,4.84559,4.78328,0.00434874,4.78326,3.39798,1.38074,,125,5,16,1500000,0.0,4.59038,4.59037,4.50778,0.00562468,4.50739,3.66044,0.839178,,135,7,64,1500000,0.0,4.21363,4.21361,4.12948,0.0081203,4.12814,3.30318,0.812739,,103,5,16,1500000,0.0,4.52677,4.52676,4.43453,0.00581636,4.43415,3.58411,0.842129,,131,4,8,1500000,0.0,4.66093,4.66093,4.58215,0.00445906,4.58195,3.71863,0.857514,,110,5,16,1500000,0.0,4.74024,4.74023,4.65328,0.00546583,4.65291,3.57523,1.07004,,139,6,32,1500000,0.0,4.57906,4.57905,4.49527,0.00626671,4.49458,3.54672,0.938628,,116,5,16,1500000,0.0,4.58733,4.58732,4.50842,0.00560437,4.50804,3.59545,0.905068,,140,5,16,1500000,0.0,4.74633,4.74632,4.65736,0.00549102,4.65699,3.6668,0.98253,,141,5,16,1500000,0.0,4.42555,4.42554,4.34676,0.00516026,4.34638,3.49825,0.84106,,124,3,4,1500000,0.0,4.93309,4.93308,4.82193,0.00485824,4.8218,3.94453,0.87154,,115,3,4,1500000,0.0,4.90475,4.90474,4.80268,0.00463715,4.80256,3.93214,0.864946,,112,3,4,1500000,0.0,4.79318,4.79318,4.71611,0.00454353,4.716,3.8485,0.862114,,97,4,8,1500000,0.0,5.03848,5.03847,4.94695,0.00561559,4.94674,3.79176,1.14779,,118,3,4,1500000,0.0,4.76279,4.76279,4.68433,0.0047689,4.68422,3.81638,0.862243,,122,2,2,1500000,0.0,5.16948,5.16948,5.06269,0.00414104,5.06262,4.19421,0.863752,,134,1,1,1500000,0.0,4.84652,4.84652,4.74208,0.00590415,4.74204,3.86842,0.867491,,,,,,
101,5,16,1500000,0.0,4.60228,4.60227,4.51691,0.00575318,4.51652,3.68112,0.827659,,121,3,4,1500000,0.0,4.73814,4.73813,4.66722,0.00447651,4.66711,3.79872,0.863097,,107,4,8,1500000,0.0,4.73211,4.73211,4.63974,0.0050494,4.63953,3.77292,0.860149,,138,6,32,1500000,0.0,4.47316,4.47314,4.37669,0.00712819,4.37598,3.53144,0.834359,,106,2,2,1500000,0.0,4.60158,4.60158,4.53314,0.00369051,4.53308,3.65314,0.875776,,130,4,8,1500000,0.0,4.57743,4.57742,4.49998,0.00465149,4.49979,3.63715,0.856627,,129,5,16,1500000,0.0,4.49314,4.49313,4.40917,0.00559603,4.40879,3.56642,0.83485,,143,4,8,1500000,0.0,4.66797,4.66796,4.57509,0.00440864,4.57488,3.7145,0.854618,,132,4,8,1500000,0.0,4.55121,4.55121,4.47207,0.00431026,4.47187,3.61432,0.851948,,136,1,1,1500000,0.0,4.70091,4.70091,4.63275,0.00541462,4.63272,3.7584,0.868694,,102,5,16,1500000,0.0,4.604,4.60399,4.51791,0.00552633,4.51754,3.6672,0.842668,,137,6,32,1500000,0.0,4.62213,4.62211,4.53867,0.00646459,4.5379,3.53287,0.995701,,109,7,64,1500000,0.0,4.28526,4.28524,4.20031,0.00907995,4.19893,3.37307,0.812539,,142,6,32,1500000,0.0,4.44297,4.44296,4.36273,0.00651763,4.36203,3.53127,0.821587,,108,3,4,1500000,0.0,4.90734,4.90733,4.81329,0.00472328,4.81317,3.9469,0.860646,,71,41,2,9,0.0,8.696e-05,8.6845e-05,8.661e-05,1.2567e-05,6.0477e-05,6.183e-06,1.3285e-05,,117,6,32,1500000,0.0,4.43616,4.43614,4.34912,0.0074925,4.3484,3.51671,0.821112,,111,7,64,1500000,0.0,4.24928,4.24925,4.16712,0.00916746,4.16574,3.28894,0.863613,,128,5,16,1500000,0.0,4.62333,4.62332,4.54126,0.00583411,4.54087,3.68267,0.850347,,114,4,8,1500000,0.0,4.81412,4.81411,4.71584,0.00538703,4.71564,3.85065,0.858204,,126,6,32,1500000,0.0,4.30767,4.30766,4.22146,0.00668145,4.22074,3.37246,0.83873,,120,7,64,1500000,0.0,4.24911,4.24908,4.16377,0.00853532,4.16241,3.32399,0.825653,,133,3,4,1500000,0.0,4.79937,4.79937,4.72595,0.00399104,4.72584,3.86043,0.860604,,104,1,1,1500000,0.0,4.41106,4.41106,4.34567,0.00427628,4.34565,3.48596,0.855238,,119,4,8,1500000,0.0,4.80032,4.80032,4.71604,0.00474635,4.71583,3.85817,0.851628,,100,6,32,1500000,0.0,4.50646,4.50644,4.41986,0.00817991,4.41912,3.58995,0.817957,,105,7,64,1500000,0.0,4.30201,4.30198,4.21573,0.00890827,4.21433,3.33198,0.869089,,96,4,8,1500000,0.0,5.02039,5.02039,4.93244,0.00550656,4.93223,3.89938,1.02583,,113,3,4,1500000,0.0,4.84718,4.84717,4.75129,0.00468266,4.75117,3.86918,0.876363,,98,3,4,1500000,0.0,4.91313,4.91313,4.83691,0.00470249,4.8368,3.9656,0.865585,,127,3,4,1500000,0.0,4.82591,4.82591,4.75223,0.00456203,4.75212,3.88021,0.86651,,99,2,2,1500000,0.0,4.91128,4.91128,4.83739,0.00382095,4.83733,3.96817,0.86488,,125,6,32,1500000,0.0,4.44443,4.44441,4.36324,0.00727475,4.36252,3.46854,0.883677,,135,8,128,1500000,0.0,4.08555,4.0855,4.00854,0.00928912,4.00605,3.17116,0.81998,,103,6,32,1500000,0.0,4.3473,4.34729,4.26777,0.00720722,4.26702,3.43614,0.820752,,131,5,16,1500000,0.0,4.60333,4.60332,4.52157,0.00514704,4.52119,3.67121,0.842872,,110,6,32,1500000,0.0,4.39128,4.39127,4.30823,0.00718061,4.3075,3.46208,0.835199,,139,7,64,1500000,0.0,4.29868,4.29866,4.21705,0.00742071,4.21573,3.36131,0.843027,,116,6,32,1500000,0.0,4.43362,4.43361,4.3505,0.00679327,4.34979,3.51535,0.824766,,140,6,32,1500000,0.0,4.42951,4.42949,4.34684,0.00664522,4.34612,3.51348,0.822885,,141,6,32,1500000,0.0,4.40245,4.40244,4.3253,0.00626369,4.3246,3.42511,0.89055,,124,4,8,1500000,0.0,4.71687,4.71687,4.61796,0.00499828,4.61776,3.69411,0.917302,,115,4,8,1500000,0.0,4.58258,4.58257,4.50143,0.00531947,4.50122,3.63533,0.859294,,112,4,8,1500000,0.0,4.74853,4.74852,4.67487,0.00488584,4.67466,3.80688,0.861498,,97,5,16,1500000,0.0,4.5345,4.53449,4.44731,0.00669442,4.44691,3.59835,0.839785,,118,4,8,1500000,0.0,4.85509,4.85508,4.7627,0.00447645,4.76248,3.78683,0.969742,,122,3,4,1500000,0.0,4.83561,4.83561,4.75838,0.00462919,4.75827,3.88967,0.863105,,134,2,2,1500000,0.0,4.76567,4.76567,4.68969,0.0037012,4.68963,3.8207,0.864751,,,,,,
101,6,32,1500000,0.0,4.41575,4.41574,4.32864,0.00753387,4.32791,3.46762,0.849799,,121,4,8,1500000,0.0,4.7445,4.74449,4.6424,0.00470464,4.6422,3.77845,0.857651,,107,5,16,1500000,0.0,4.59486,4.59485,4.50886,0.00597959,4.50846,3.6602,0.840276,,138,7,64,1500000,0.0,4.28911,4.28908,4.20705,0.00807127,4.20571,3.37357,0.820056,,106,3,4,1500000,0.0,4.78382,4.78382,4.6897,0.00443269,4.68958,3.79463,0.889623,,130,5,16,1500000,0.0,4.45433,4.45432,4.37196,0.00516507,4.37158,3.52171,0.842758,,129,6,32,1500000,0.0,4.40194,4.40192,4.31464,0.00711349,4.31391,3.48167,0.822231,,143,5,16,1500000,0.0,4.58359,4.58359,4.49694,0.00524997,4.49655,3.57329,0.916097,,132,5,16,1500000,0.0,4.45796,4.45796,4.37883,0.00523224,4.37845,3.53406,0.837196,,136,2,2,1500000,0.0,4.9166,4.9166,4.8454,0.00422318,4.84534,3.97757,0.863081,,102,6,32,1500000,0.0,4.52153,4.52151,4.43672,0.00738056,4.43599,3.50154,0.924035,,137,7,64,1500000,0.0,4.29844,4.29841,4.21292,0.00764829,4.21147,3.36523,0.834864,,109,8,128,1500000,0.0,4.20244,4.20239,4.12523,0.010367,4.12264,3.24102,0.865375,,142,7,64,1500000,0.0,4.27337,4.27334,4.19211,0.00750775,4.19081,3.32473,0.854732,,108,4,8,1500000,0.0,4.7063,4.7063,4.6219,0.00467925,4.6217,3.76218,0.853567,,123,0,0,0,94.0016,0.0,0.0,0.0,0.0,0.0,0.0,0.0,,117,7,64,1500000,0.0,4.27522,4.2752,4.19172,0.00908834,4.19033,3.35664,0.820562,,111,8,128,1500000,0.0,4.07169,4.07165,3.99457,0.0100572,3.99194,3.14009,0.836188,,128,6,32,1500000,0.0,4.36439,4.36438,4.28263,0.00695218,4.28192,3.45034,0.821764,,114,5,16,1500000,0.0,4.55715,4.55713,4.47417,0.00607299,4.47378,3.62173,0.843951,,126,7,64,1500000,0.0,4.25543,4.25541,4.17791,0.0083868,4.17656,3.32197,0.842425,,120,8,128,1500000,0.0,4.10197,4.10193,4.02274,0.0100527,4.02021,3.1889,0.815448,,133,4,8,1500000,0.0,4.59302,4.59301,4.50538,0.00468086,4.50518,3.64342,0.855796,,104,2,2,1500000,0.0,4.81715,4.81715,4.74716,0.00393263,4.7471,3.87829,0.864465,,119,5,16,1500000,0.0,4.40591,4.4059,4.32564,0.00559289,4.32525,3.48692,0.830797,,100,7,64,1500000,0.0,4.30332,4.3033,4.21565,0.00937631,4.21425,3.35364,0.847014,,105,8,128,1500000,0.0,4.03785,4.03781,3.96016,0.00991276,3.95751,3.13624,0.805511,,96,5,16,1500000,0.0,4.68729,4.68728,4.60564,0.00606606,4.60525,3.76136,0.835709,,113,4,8,1500000,0.0,4.70387,4.70387,4.62175,0.00472665,4.62155,3.74789,0.867433,,98,4,8,1500000,0.0,4.84424,4.84423,4.75073,0.00584292,4.75052,3.87792,0.865191,,127,4,8,1500000,0.0,4.70661,4.7066,4.62974,0.00491812,4.62953,3.76343,0.859866,,99,3,4,1500000,0.0,4.88727,4.88727,4.76861,0.00441813,4.76849,3.88693,0.876223,,125,7,64,1500000,0.0,4.24203,4.242,4.16228,0.00878311,4.16091,3.33429,0.813804,,135,9,254,1499881,0.0,4.05927,4.05918,3.98545,0.0124461,3.98076,3.12045,0.838792,,103,7,64,1500000,0.0,4.20168,4.20165,4.1149,0.00927603,4.11351,3.2867,0.81343,,131,6,32,1500000,0.0,4.47944,4.47942,4.39617,0.00692031,4.39546,3.56019,0.825476,,110,7,64,1500000,0.0,4.21518,4.21516,4.13167,0.00867281,4.13028,3.30679,0.8107,,139,8,128,1500000,0.0,4.10353,4.10348,4.02899,0.00910409,4.02656,3.18232,0.829643,,116,7,64,1500000,0.0,4.15827,4.15825,4.07238,0.00777185,4.07103,3.24722,0.812161,,140,7,64,1500000,0.0,4.26943,4.2694,4.186,0.00786178,4.18466,3.34964,0.823015,,141,7,64,1500000,0.0,4.20661,4.20658,4.125,0.00724956,4.12369,3.29843,0.814284,,124,5,16,1500000,0.0,4.57199,4.57198,4.48897,0.00543444,4.48859,3.64138,0.839677,,115,5,16,1500000,0.0,4.49097,4.49096,4.40921,0.00567779,4.4088,3.56285,0.838398,,112,5,16,1500000,0.0,4.59344,4.59343,4.5049,0.00534889,4.50452,3.6568,0.840347,,97,6,32,1500000,0.0,4.42856,4.42854,4.34053,0.00713432,4.33977,3.49076,0.838805,,118,5,16,1500000,0.0,4.51007,4.51006,4.42207,0.00591046,4.42169,3.54759,0.866149,,122,4,8,1500000,0.0,4.69979,4.69978,4.61437,0.00455863,4.61415,3.74613,0.862015,,134,3,4,1500000,0.0,4.87717,4.87716,4.77806,0.0046366,4.77795,3.9092,0.863298,,,,,,
101,7,64,1500000,0.0,4.31455,4.31452,4.2244,0.00920309,4.22305,3.31175,0.897946,,121,5,16,1500000,0.0,4.57097,4.57096,4.47358,0.00578485,4.47319,3.62349,0.841839,,107,6,32,1500000,0.0,4.46656,4.46654,4.38034,0.00714364,4.37959,3.52493,0.844469,,138,8,128,1500000,0.0,4.08992,4.08988,4.01074,0.00925556,4.00825,3.17346,0.819969,,106,4,8,1500000,0.0,4.88327,4.88326,4.785,0.00548691,4.78478,3.89195,0.885905,,130,6,32,1500000,0.0,4.39546,4.39545,4.31259,0.00620449,4.31188,3.47928,0.823547,,129,7,64,1500000,0.0,4.23454,4.23451,4.15542,0.00836755,4.15404,3.30727,0.834476,,143,6,32,1500000,0.0,4.3613,4.36128,4.28193,0.00646549,4.2812,3.44682,0.82512,,132,6,32,1500000,0.0,4.36259,4.36257,4.28202,0.00664152,4.2813,3.44837,0.823492,,136,3,4,1500000,0.0,4.61787,4.61787,4.53316,0.00451596,4.53306,3.66855,0.859191,,102,7,64,1500000,0.0,4.22002,4.21999,4.14059,0.00924985,4.1392,3.31049,0.814989,,137,8,128,1500000,0.0,4.2639,4.26386,4.18253,0.00892227,4.17983,3.32794,0.837704,,109,9,256,1500000,0.0,4.06572,4.06563,3.98993,0.0125529,3.98508,3.12433,0.838797,,142,8,126,1499979,0.0,4.1173,4.11727,4.03902,0.00899531,4.03666,3.20192,0.820419,,108,5,16,1500000,0.0,4.79893,4.79892,4.71927,0.0053533,4.71887,3.67403,1.03739,,123,1,1,1500000,0.0,4.8046,4.8046,4.73231,0.00529065,4.73228,3.86385,0.862945,,117,8,128,1500000,0.0,4.11526,4.11522,4.03624,0.00989945,4.03369,3.14121,0.876952,,111,9,256,1500000,0.0,4.05312,4.05303,3.97694,0.012216,3.97194,3.08611,0.864374,,128,7,64,1500000,0.0,4.22317,4.22315,4.14305,0.00825339,4.14171,3.31246,0.817214,,114,6,32,1500000,0.0,4.52985,4.52983,4.45433,0.00729771,4.45362,3.61509,0.828265,,126,8,128,1500000,0.0,4.08393,4.08389,4.00638,0.00925708,4.00388,3.13333,0.855841,,120,9,256,1500000,0.0,4.05818,4.0581,3.98411,0.0127386,3.97936,3.12805,0.829303,,133,5,16,1500000,0.0,4.48931,4.48931,4.41034,0.00548175,4.40996,3.55879,0.843665,,104,3,4,1500000,0.0,4.87836,4.87836,4.80366,0.00457409,4.80355,3.93451,0.863558,,119,6,32,1500000,0.0,4.41739,4.41737,4.33436,0.0073951,4.33363,3.51265,0.810696,,100,8,128,1500000,0.0,4.08967,4.08964,4.01101,0.010715,4.00844,3.17663,0.81531,,105,9,256,1500000,0.0,3.99495,3.99486,3.92176,0.0122466,3.91672,3.06469,0.830385,,96,6,32,1500000,0.0,4.45744,4.45743,4.3775,0.00738401,4.37677,3.55175,0.814453,,113,5,16,1500000,0.0,4.53638,4.53637,4.45109,0.0053612,4.45071,3.59127,0.851904,,98,5,16,1500000,0.0,4.63796,4.63795,4.55194,0.00649091,4.55155,3.70121,0.841729,,127,5,16,1500000,0.0,4.54506,4.54505,4.46588,0.00534423,4.46551,3.61421,0.843989,,99,4,8,1500000,0.0,4.59397,4.59397,4.50819,0.00498803,4.50798,3.63949,0.861991,,125,8,128,1500000,0.0,4.1404,4.14036,4.06439,0.0100366,4.06184,3.18295,0.863238,,135,10,508,1499881,0.0,4.09047,4.0903,4.01735,0.0187521,4.00842,3.09633,0.877374,,103,8,128,1500000,0.0,4.02054,4.0205,3.94178,0.0101878,3.93921,3.10331,0.820046,,131,7,64,1500000,0.0,4.25053,4.25051,4.16483,0.00797285,4.16349,3.33692,0.814594,,110,8,128,1500000,0.0,4.04816,4.04812,3.96853,0.00995816,3.966,3.1108,0.839607,,139,9,256,1500000,0.0,4.14325,4.14319,4.06766,0.0126043,4.06305,3.19331,0.848016,,116,8,128,1500000,0.0,4.04289,4.04284,3.96424,0.00917281,3.96175,3.11812,0.828943,,140,8,128,1500000,0.0,4.1221,4.12205,4.04106,0.0092947,4.03859,3.19475,0.828985,,141,8,128,1500000,0.0,4.07414,4.07411,3.99834,0.00864795,3.9959,3.16382,0.818109,,124,6,32,1500000,0.0,4.37861,4.37859,4.2987,0.00698986,4.29798,3.46778,0.820321,,115,6,32,1500000,0.0,4.37313,4.37311,4.29076,0.00773614,4.28998,3.45722,0.822108,,112,6,32,1500000,0.0,4.44646,4.44645,4.35947,0.00679684,4.35874,3.52711,0.821815,,97,7,64,1500000,0.0,4.31591,4.31588,4.22986,0.0094372,4.22842,3.3245,0.88992,,118,6,32,1500000,0.0,4.37929,4.37927,4.29323,0.00712689,4.29249,3.46505,0.817358,,122,5,16,1500000,0.0,4.56634,4.56633,4.48283,0.00562182,4.48243,3.62035,0.854441,,134,4,8,1500000,0.0,4.74907,4.74907,4.66747,0.00501869,4.66726,3.79558,0.865332,,,,,,
101,8,128,1500000,0.0,4.00859,4.00854,3.9326,0.00986266,3.93006,3.10593,0.808563,,121,6,32,1500000,0.0,4.36074,4.36073,4.27359,0.00706607,4.27287,3.44415,0.818739,,107,7,64,1500000,0.0,4.36581,4.36579,4.27853,0.00896452,4.27713,3.3404,0.923602,,138,9,256,1500000,0.0,4.05108,4.05099,3.97559,0.0128246,3.97086,3.12607,0.822869,,106,5,16,1500000,0.0,4.57669,4.57668,4.48727,0.0060024,4.48687,3.63011,0.848699,,130,7,64,1500000,0.0,4.2774,4.27737,4.19434,0.0074829,4.19302,3.35945,0.822186,,129,8,128,1500000,0.0,4.09397,4.09392,4.01173,0.0092875,4.00917,3.15686,0.837523,,143,7,64,1500000,0.0,4.28231,4.28228,4.19968,0.00854439,4.19828,3.30682,0.879142,,132,7,64,1500000,0.0,4.20796,4.20793,4.12761,0.00749086,4.12626,3.30362,0.811202,,136,4,8,1500000,0.0,4.57747,4.57747,4.49864,0.00447488,4.49843,3.63838,0.854277,,102,8,128,1500000,0.0,4.02624,4.02619,3.9484,0.0107472,3.94584,3.09269,0.836391,,137,9,256,1500000,0.0,4.01221,4.01212,3.94035,0.0122915,3.93521,3.09112,0.823055,,109,10,512,1500000,0.0,4.09038,4.09023,4.01686,0.0181723,4.00774,3.12752,0.845405,,142,9,252,1499979,0.0,4.14446,4.1444,4.06577,0.0130473,4.06124,3.15995,0.87941,,108,6,32,1500000,0.0,4.41696,4.41694,4.32653,0.00714667,4.32577,3.48942,0.826108,,123,2,2,1500000,0.0,4.97925,4.97925,4.89646,0.00435526,4.89641,3.86235,1.02926,,117,9,256,1500000,0.0,4.02586,4.02577,3.95172,0.0124283,3.94691,3.11,0.815183,,111,10,512,1500000,0.0,4.04705,4.04689,3.97482,0.0176638,3.96542,3.06458,0.866841,,128,8,128,1500000,0.0,4.09089,4.09085,4.01193,0.00943882,4.00944,3.17346,0.821021,,114,7,64,1500000,0.0,4.31261,4.31258,4.23052,0.00882317,4.22916,3.37443,0.841613,,126,9,256,1500000,0.0,4.10118,4.10111,4.02768,0.0120968,4.02298,3.12276,0.8791,,120,10,512,1500000,0.0,4.11317,4.11301,4.03739,0.0189535,4.02839,3.1201,0.872885,,133,6,32,1500000,0.0,4.37966,4.37964,4.28785,0.00671623,4.28714,3.45417,0.823303,,104,4,8,1500000,0.0,4.77602,4.77601,4.68332,0.00534515,4.68312,3.81521,0.861037,,119,7,64,1500000,0.0,4.224,4.22398,4.14137,0.00850549,4.14,3.29598,0.831485,,100,9,256,1500000,0.0,4.02749,4.02741,3.9533,0.0123721,3.94844,3.08361,0.843016,,105,10,512,1500000,0.0,4.0472,4.04705,3.97393,0.0173744,3.96449,3.09014,0.840316,,96,7,64,1500000,0.0,4.26593,4.26589,4.17718,0.00967905,4.17581,3.35251,0.80916,,113,6,32,1500000,0.0,4.45003,4.45002,4.36753,0.00678658,4.36681,3.47416,0.882879,,98,6,32,1500000,0.0,4.50288,4.50287,4.41484,0.00845253,4.41409,3.58128,0.821205,,127,6,32,1500000,0.0,4.52681,4.52679,4.4465,0.0071759,4.4458,3.4396,0.996217,,99,5,16,1500000,0.0,4.64851,4.6485,4.56308,0.00553483,4.56268,3.71755,0.837521,,125,9,256,1500000,0.0,4.04343,4.04334,3.96916,0.0126169,3.96434,3.12332,0.819259,,135,11,1016,1499881,0.0,4.10751,4.10721,4.03439,0.0283591,4.01735,3.05167,0.908443,,103,9,256,1500000,0.0,4.02045,4.02035,3.94725,0.0121253,3.94238,3.07591,0.845047,,131,8,128,1500000,0.0,4.16184,4.1618,4.08548,0.00916757,4.08299,3.19683,0.871456,,110,9,256,1500000,0.0,4.02213,4.02206,3.94545,0.0120303,3.94063,3.08209,0.837289,,139,10,512,1500000,0.0,4.09466,4.09451,4.02127,0.0190777,4.01242,3.10293,0.874226,,116,9,256,1500000,0.0,4.05614,4.05607,3.97815,0.011867,3.97347,3.1092,0.84333,,140,9,256,1500000,0.0,4.07568,4.0756,3.99996,0.0131328,3.99532,3.15282,0.820236,,141,9,256,1500000,0.0,4.04331,4.04325,3.97208,0.0120359,3.96748,3.13007,0.816531,,124,7,64,1500000,0.0,4.22564,4.22562,4.14781,0.00832736,4.14645,3.30092,0.833271,,115,7,64,1500000,0.0,4.27738,4.27735,4.19473,0.00885634,4.19329,3.29827,0.881956,,112,7,64,1500000,0.0,4.20091,4.20088,4.11928,0.00903722,4.11791,3.29215,0.81265,,97,8,128,1500000,0.0,4.10565,4.1056,4.02494,0.0109284,4.02229,3.17463,0.830139,,118,7,64,1500000,0.0,4.21958,4.21955,4.13548,0.00852936,4.13412,3.23359,0.887997,,122,6,32,1500000,0.0,4.42652,4.4265,4.3448,0.00667823,4.34405,3.50457,0.829677,,134,5,16,1500000,0.0,4.57693,4.57693,4.49124,0.0057157,4.49085,3.64098,0.842092,,,,,,
101,9,256,1500000,0.0,3.99708,3.99699,3.9239,0.0119272,3.91905,3.0786,0.819243,,121,7,64,1500000,0.0,4.17242,4.1724,4.09064,0.00826414,4.08927,3.26379,0.813252,,107,8,128,1500000,0.0,4.10699,4.10695,4.02993,0.0100455,4.02731,3.16468,0.84695,,138,10,512,1500000,0.0,4.08263,4.08247,4.00782,0.01941,3.99875,3.10053,0.862446,,106,6,32,1500000,0.0,4.43882,4.43881,4.3486,0.0069285,4.34784,3.49228,0.845618,,130,8,128,1500000,0.0,4.08703,4.08698,4.00921,0.00868431,4.00672,3.13954,0.852923,,129,9,256,1500000,0.0,4.03891,4.03882,3.96328,0.0121521,3.95844,3.08512,0.852133,,143,8,128,1500000,0.0,4.13625,4.13621,4.05949,0.0091212,4.05691,3.18864,0.85369,,132,8,128,1500000,0.0,4.07476,4.07471,3.99792,0.00869169,3.99539,3.14051,0.840715,,136,5,16,1500000,0.0,4.5099,4.50989,4.42781,0.00553453,4.42743,3.57561,0.844234,,102,9,256,1500000,0.0,3.96322,3.96314,3.89069,0.0123605,3.88581,3.03324,0.830627,,137,10,512,1500000,0.0,4.07903,4.07889,4.002,0.0186467,3.99208,3.08179,0.875844,,109,11,1020,1499986,0.0,4.1304,4.13013,4.05909,0.0279241,4.04182,3.07802,0.906443,,142,10,502,1499976,0.0,4.11978,4.11962,4.04225,0.0198659,4.03357,3.10897,0.888959,,108,7,64,1500000,0.0,4.23236,4.23233,4.14893,0.00879781,4.14752,3.32763,0.806955,,123,3,4,1500000,0.0,4.57718,4.57718,4.50537,0.00462575,4.50526,3.63591,0.863944,,117,10,510,1499968,0.0,4.07523,4.07508,4.00087,0.018192,3.99183,3.09168,0.865534,,111,11,1024,1500000,0.0,4.10168,4.10142,4.0309,0.0271802,4.01303,3.02305,0.933809,,128,9,256,1500000,0.0,4.06607,4.06598,3.9921,0.0125314,3.98738,3.11802,0.847717,,114,8,128,1500000,0.0,4.13542,4.13539,4.05701,0.0101504,4.05446,3.2031,0.835312,,126,10,512,1500000,0.0,4.08229,4.08214,4.00781,0.018113,3.99887,3.08541,0.879245,,120,11,1020,1499965,0.0,4.14904,4.14877,4.07634,0.0289604,4.05929,3.07846,0.922634,,133,7,64,1500000,0.0,4.20664,4.20662,4.12324,0.0080927,4.12188,3.29584,0.814059,,104,5,16,1500000,0.0,4.50429,4.50428,4.42091,0.00563705,4.42053,3.5724,0.840377,,119,8,128,1500000,0.0,4.06981,4.06976,3.9923,0.00948386,3.98969,3.13027,0.844277,,100,10,512,1500000,0.0,4.05957,4.05944,3.98837,0.0171328,3.97926,3.06357,0.881948,,105,11,1020,1499912,0.0,4.05779,4.05753,3.98635,0.0263811,3.96842,3.01019,0.903022,,96,8,128,1500000,0.0,4.06109,4.06104,3.98299,0.011639,3.98036,3.1465,0.815775,,113,7,64,1500000,0.0,4.3286,4.32857,4.24538,0.0083485,4.24402,3.27929,0.952394,,98,7,64,1500000,0.0,4.20563,4.2056,4.11842,0.00966695,4.11699,3.27835,0.824565,,127,7,64,1500000,0.0,4.28785,4.28782,4.20299,0.00817973,4.20162,3.34481,0.844663,,99,6,32,1500000,0.0,4.45689,4.45688,4.37173,0.00687834,4.37097,3.46844,0.892744,,125,10,512,1500000,0.0,4.13004,4.1299,4.05593,0.0185457,4.04682,3.10622,0.905521,,135,12,2006,1499594,0.0,4.16662,4.16612,4.09634,0.0417108,4.06485,2.98416,0.989142,,103,10,512,1500000,0.0,4.06043,4.06029,3.98868,0.0172251,3.97953,3.07739,0.868389,,131,9,256,1500000,0.0,4.06569,4.0656,3.98891,0.0123097,3.98422,3.12143,0.8414,,110,10,512,1500000,0.0,4.03944,4.03931,3.96582,0.0174825,3.95675,3.05424,0.868694,,139,11,1020,1499953,0.0,4.09897,4.09869,4.02491,0.0285149,4.00824,3.04848,0.902612,,116,10,512,1500000,0.0,4.18539,4.18526,4.11076,0.0196639,4.1019,3.17136,0.894854,,140,10,512,1500000,0.0,4.10424,4.10409,4.02921,0.0199447,4.02027,3.11659,0.867269,,141,10,512,1500000,0.0,4.04661,4.04646,3.97357,0.0181966,3.96481,3.06029,0.870512,,124,8,128,1500000,0.0,4.09779,4.09774,4.02251,0.00924585,4.02002,3.12823,0.877099,,115,8,128,1500000,0.0,4.07042,4.07038,3.99216,0.0100347,3.98945,3.13057,0.843195,,112,8,128,1500000,0.0,4.06346,4.06341,3.9854,0.00975411,3.98288,3.15975,0.807745,,97,9,256,1500000,0.0,3.97738,3.97729,3.90163,0.0125667,3.89661,3.04891,0.825109,,118,8,128,1500000,0.0,3.98934,3.9893,3.91002,0.00948147,3.90747,3.07557,0.816942,,122,7,64,1500000,0.0,4.39756,4.39754,4.31568,0.00762274,4.31425,3.36265,0.939964,,134,6,32,1500000,0.0,4.32782,4.32781,4.24516,0.00650122,4.24443,3.41441,0.820556,,,,,,
101,10,512,1500000,0.0,4.04729,4.04713,3.97636,0.0168993,3.96724,3.04583,0.888139,,121,8,128,1500000,0.0,4.0389,4.03886,3.96389,0.00937539,3.96134,3.13837,0.808046,,107,9,256,1500000,0.0,4.06541,4.06532,3.99171,0.0124667,3.98678,3.101,0.864142,,138,11,1022,1499985,0.0,4.13318,4.1329,4.05966,0.0291029,4.04243,3.06114,0.922889,,106,7,64,1500000,0.0,4.27927,4.27925,4.19224,0.00893031,4.19078,3.35646,0.821063,,130,9,256,1500000,0.0,4.0842,4.08411,4.01045,0.0116298,4.00579,3.11389,0.871193,,129,10,512,1500000,0.0,4.05268,4.05254,3.97976,0.0182828,3.97058,3.07774,0.858396,,143,9,256,1500000,0.0,4.08728,4.08721,4.01355,0.0132088,4.00865,3.14041,0.846059,,132,9,256,1500000,0.0,4.03482,4.03475,3.95976,0.0118912,3.95498,3.09669,0.837327,,136,6,32,1500000,0.0,4.40332,4.4033,4.31604,0.00711409,4.31533,3.45483,0.850484,,102,10,512,1500000,0.0,4.0114,4.01125,3.93902,0.0169198,3.92997,3.02803,0.868514,,137,11,1020,1499960,0.0,4.06898,4.06872,3.99786,0.0276753,3.97899,3.00516,0.917896,,109,12,2008,1499520,0.0,4.23203,4.23155,4.16278,0.0419651,4.13067,3.01308,1.0249,,142,11,992,1499856,0.0,4.14313,4.14286,4.06968,0.0280109,4.0536,3.07344,0.924716,,108,8,128,1500000,0.0,4.02642,4.02638,3.9481,0.00984071,3.94541,3.11687,0.813002,,123,4,8,1500000,0.0,4.73962,4.73962,4.65244,0.00446824,4.65223,3.78294,0.863521,,117,11,1014,1499948,0.0,4.13784,4.1376,4.06554,0.0278933,4.04837,3.06022,0.931097,,111,12,2022,1499860,0.0,4.14439,4.1439,4.07601,0.0406421,4.04267,2.95731,0.994697,,128,10,512,1500000,0.0,4.11414,4.11399,4.03981,0.0187326,4.03087,3.12602,0.869976,,114,9,256,1500000,0.0,4.09349,4.09342,4.02029,0.0126393,4.01551,3.12697,0.86653,,126,11,1022,1499958,0.0,4.1406,4.14034,4.0689,0.0273901,4.05189,3.07222,0.923831,,120,12,1982,1499137,0.0,4.18636,4.1859,4.11632,0.0431554,4.0851,3.00643,0.985235,,133,8,128,1500000,0.0,4.16973,4.16968,4.0931,0.00926985,4.09059,3.18472,0.890963,,104,6,32,1500000,0.0,4.44857,4.44855,4.35422,0.00770238,4.35349,3.50671,0.835789,,119,9,256,1500000,0.0,4.03188,4.0318,3.95964,0.0121171,3.95465,3.10097,0.832471,,100,11,1024,1500000,0.0,4.10123,4.10097,4.02861,0.026562,4.01137,3.04492,0.910605,,105,12,2006,1499434,0.0,4.14872,4.14825,4.07945,0.0397368,4.046,2.97334,0.983386,,96,9,256,1500000,0.0,4.00003,3.99994,3.92697,0.0132039,3.92202,3.05927,0.839416,,113,8,128,1500000,0.0,4.14693,4.14689,4.06808,0.00955388,4.06557,3.12883,0.921566,,98,8,128,1500000,0.0,4.06925,4.06922,3.99288,0.0112536,3.99024,3.14471,0.828176,,127,8,128,1500000,0.0,4.06693,4.06689,3.98994,0.00930544,3.98742,3.15861,0.813913,,99,7,64,1500000,0.0,4.23261,4.23258,4.14868,0.00863546,4.14727,3.31998,0.814638,,125,11,1020,1499981,0.0,4.11618,4.11589,4.04425,0.0286711,4.02705,3.06433,0.904536,,135,13,3812,1496938,0.0,4.21282,4.21198,4.14692,0.0597568,4.09066,2.89221,1.05521,,103,11,1022,1499940,0.0,4.08445,4.08419,4.01344,0.0266138,3.99614,3.02298,0.917428,,131,10,512,1500000,0.0,4.05243,4.05228,3.97751,0.0185469,3.96859,3.09522,0.838871,,110,11,1020,1499798,0.0,4.08236,4.08208,4.01267,0.0270252,3.99554,3.02365,0.915964,,139,12,1988,1498199,0.0,4.14098,4.14051,4.07209,0.0412536,4.04185,2.97731,0.974442,,116,11,1018,1499979,0.0,4.15631,4.15603,4.08505,0.0274605,4.06823,3.07032,0.94196,,140,11,1020,1499992,0.0,4.1374,4.13711,4.06356,0.0298784,4.04678,3.08195,0.905585,,141,11,1018,1499975,0.0,4.09208,4.0918,4.01781,0.0273678,4.00127,3.02088,0.925081,,124,9,256,1500000,0.0,4.02579,4.02571,3.95271,0.0121364,3.948,3.10936,0.817387,,115,9,256,1500000,0.0,4.0038,4.00372,3.93128,0.0120725,3.9261,3.07953,0.82526,,112,9,256,1500000,0.0,4.00959,4.00953,3.93597,0.0119558,3.93121,3.07793,0.832209,,97,10,510,1499966,0.0,4.02088,4.02074,3.95089,0.0164902,3.94159,3.05134,0.856695,,118,9,256,1500000,0.0,3.99091,3.99083,3.91674,0.0118855,3.91194,3.04921,0.841885,,122,8,128,1500000,0.0,4.15881,4.15877,4.08116,0.00899509,4.0785,3.22593,0.837878,,134,7,64,1500000,0.0,4.22468,4.22465,4.14258,0.0079031,4.14116,3.27178,0.857441,,,,,,
101,11,1022,1499993,0.0,4.04981,4.04955,3.97875,0.0260764,3.96149,3.00743,0.899116,,121,9,256,1500000,0.0,4.01721,4.01713,3.94318,0.0116714,3.93839,3.0639,0.853744,,107,10,512,1500000,0.0,4.08319,4.08304,4.00987,0.018249,4.00052,3.08414,0.881774,,138,12,2012,1499236,0.0,4.17784,4.17736,4.10775,0.0422128,4.07625,3.00004,0.983474,,106,8,128,1500000,0.0,4.0917,4.09165,4.01166,0.0102569,4.00894,3.13395,0.859057,,130,10,508,1499986,0.0,4.06536,4.0652,3.99463,0.0175829,3.98581,3.0844,0.868289,,129,11,1020,1499986,0.0,4.24616,4.24589,4.17377,0.0277631,4.1563,3.16013,0.936673,,143,10,512,1500000,0.0,4.10072,4.10055,4.02514,0.019988,4.01563,3.11059,0.868785,,132,10,510,1499974,0.0,4.06339,4.06323,3.98989,0.0179033,3.9808,3.08076,0.866217,,136,7,64,1500000,0.0,4.23973,4.2397,4.15994,0.00823357,4.15858,3.3326,0.813583,,102,11,1018,1499959,0.0,4.085,4.08473,4.01467,0.0261688,3.99757,3.01204,0.930137,,137,12,2014,1499431,0.0,4.1224,4.12195,4.05453,0.0401647,4.01957,2.93992,0.990508,,109,13,3804,1496705,0.0,4.2492,4.24835,4.18325,0.060516,4.12654,2.93163,1.05023,,142,12,1952,1499517,0.0,4.11376,4.1133,4.04676,0.0396804,4.01753,2.93826,0.992378,,108,9,256,1500000,0.0,4.07782,4.07774,4.00531,0.0120972,4.00018,3.08514,0.893858,,123,5,16,1500000,0.0,4.65023,4.65022,4.57096,0.00542421,4.57057,3.60541,0.957674,,117,12,2010,1499616,0.0,4.18285,4.18239,4.113,0.0420699,4.08087,2.99371,0.994643,,111,13,3870,1498061,0.0,4.19738,4.19653,4.13191,0.0593114,4.07239,2.87915,1.05018,,128,11,1020,1499963,0.0,4.10207,4.10181,4.0304,0.0278907,4.01354,3.03958,0.917414,,114,10,512,1500000,0.0,4.06413,4.06399,3.99047,0.0184285,3.98144,3.09407,0.85269,,126,12,2004,1499509,0.0,4.15523,4.15477,4.08619,0.0402107,4.05507,2.96513,1.00082,,120,13,3778,1496624,0.0,4.24957,4.24873,4.18373,0.0621137,4.12828,2.92599,1.05612,,133,9,256,1500000,0.0,4.06464,4.06456,3.9896,0.0124192,3.98488,3.10581,0.857608,,104,7,64,1500000,0.0,4.22858,4.22855,4.14829,0.00879368,4.14692,3.27627,0.857599,,119,10,510,1499991,0.0,4.06987,4.06973,3.99536,0.0177773,3.98597,3.0788,0.873287,,100,12,2018,1499494,0.0,4.17195,4.17146,4.10435,0.0409362,4.07203,2.97879,1.00201,,105,13,3792,1495435,0.0,4.19423,4.19338,4.12904,0.0574992,4.06988,2.89263,1.03749,,96,10,512,1500000,0.0,4.00169,4.00158,3.93088,0.0171742,3.92163,3.04487,0.842362,,113,9,256,1500000,0.0,4.06331,4.06322,3.98941,0.0118315,3.98465,3.08512,0.878647,,98,9,256,1500000,0.0,3.99097,3.9909,3.91674,0.0126222,3.91177,3.06246,0.827077,,127,9,256,1500000,0.0,4.07451,4.07443,4.00081,0.0122972,3.9961,3.13229,0.842355,,99,8,128,1500000,0.0,4.0619,4.06186,3.98037,0.0100752,3.97774,3.12392,0.837935,,125,12,2012,1499759,0.0,4.1553,4.15481,4.08498,0.0427014,4.05324,2.98335,0.976508,,135,14,6860,1487352,0.0,4.29782,4.29639,4.2362,0.083765,4.13812,2.81031,1.10805,,103,12,2028,1499793,0.0,4.13816,4.13769,4.06931,0.0405745,4.03667,2.95476,0.990956,,131,11,1008,1499922,0.0,4.10986,4.1096,4.03635,0.0279376,4.01966,3.05792,0.905494,,110,12,2000,1499561,0.0,4.13573,4.13525,4.06636,0.0402196,4.0348,2.95618,0.989121,,139,13,3760,1494386,0.0,4.19301,4.19219,4.12866,0.0583515,4.0746,2.89418,1.04014,,116,12,2006,1499632,0.0,4.14771,4.14722,4.07916,0.0406597,4.04808,2.97538,0.982696,,140,12,2000,1499414,0.0,4.16949,4.16901,4.09849,0.0427656,4.06781,2.99396,0.980886,,141,12,1978,1499281,0.0,4.124,4.12354,4.05515,0.0393786,4.02524,2.96374,0.974634,,124,10,508,1499986,0.0,4.04062,4.04047,3.96873,0.0180474,3.95985,3.07846,0.847269,,115,10,512,1500000,0.0,4.05522,4.05507,3.98181,0.0174984,3.97207,3.07498,0.863249,,112,10,512,1500000,0.0,4.03399,4.03382,3.96064,0.0173509,3.95168,3.05412,0.864204,,97,11,1016,1499940,0.0,4.09475,4.0945,4.02515,0.024885,4.0078,3.03275,0.920881,,118,10,512,1500000,0.0,4.04471,4.04458,3.97259,0.0174106,3.96357,3.05667,0.873224,,122,9,256,1500000,0.0,4.09776,4.09769,4.0231,0.0117588,4.01809,3.15607,0.840959,,134,8,128,1500000,0.0,4.04916,4.04912,3.96738,0.009105,3.96477,3.14761,0.802553,,,,,,
101,12,2018,1499854,0.0,4.11974,4.11926,4.05141,0.0395394,4.01911,2.93868,0.991137,,121,10,512,1500000,0.0,4.00182,4.00167,3.92924,0.0173176,3.92021,3.03324,0.853576,,107,11,1020,1499978,0.0,4.12116,4.1209,4.04991,0.0280345,4.03215,3.05454,0.92048,,138,13,3844,1497356,0.0,4.22164,4.22076,4.15607,0.0603142,4.09918,2.90599,1.04816,,106,9,256,1500000,0.0,4.00776,4.00768,3.9362,0.0122308,3.93105,3.08957,0.820031,,130,11,1006,1499600,0.0,4.09186,4.0916,4.01897,0.0264595,4.00237,3.03797,0.910867,,129,12,2014,1499647,0.0,4.17921,4.17874,4.11038,0.0424064,4.0779,2.99183,0.99313,,143,11,1022,1499978,0.0,4.1086,4.10834,4.03674,0.0297613,4.0188,3.04517,0.914938,,132,11,1016,1499933,0.0,4.0865,4.08623,4.01472,0.0270698,3.99751,3.03001,0.912122,,136,8,128,1500000,0.0,4.08859,4.08854,4.01025,0.00960904,4.00776,3.18054,0.812069,,102,12,2024,1499701,0.0,4.10735,4.10688,4.03939,0.0396708,4.00704,2.94291,0.974361,,137,13,3822,1497227,0.0,4.18682,4.18599,4.12273,0.0574434,4.05941,2.86016,1.05967,,109,14,6776,1486911,0.0,4.33839,4.33696,4.27654,0.0846668,4.17993,2.84556,1.1139,,142,13,3688,1496736,0.0,4.14816,4.14736,4.08422,0.0562266,4.0316,2.86109,1.03493,,108,10,512,1500000,0.0,4.05378,4.05363,3.9821,0.0177495,3.97247,3.0701,0.86832,,123,6,32,1500000,0.0,4.52974,4.52973,4.44707,0.00670558,4.44634,3.56866,0.867935,,117,13,3814,1497768,0.0,4.23101,4.23016,4.16584,0.0605361,4.10888,2.89465,1.06961,,111,14,7008,1489915,0.0,4.27932,4.27786,4.21914,0.0837498,4.11636,2.78893,1.10642,,128,12,2024,1499697,0.0,4.16716,4.16669,4.09808,0.041049,4.06686,2.96662,1.0094,,114,11,1018,1499952,0.0,4.18021,4.17993,4.10696,0.0284965,4.08982,3.08333,0.94896,,126,13,3818,1497603,0.0,4.20163,4.20079,4.13653,0.0575597,4.08113,2.88054,1.06107,,120,14,6786,1489070,0.0,4.31809,4.31665,4.25636,0.087461,4.16035,2.83551,1.10101,,133,10,512,1500000,0.0,4.09266,4.09251,4.01843,0.0186713,4.00941,3.09005,0.884446,,104,8,128,1500000,0.0,4.03255,4.03252,3.95463,0.0102705,3.95206,3.09424,0.841705,,119,11,1018,1499984,0.0,4.10951,4.10923,4.03524,0.0271736,4.01726,3.04281,0.918537,,100,13,3860,1497511,0.0,4.21208,4.21121,4.14698,0.059559,4.08949,2.89052,1.05532,,105,14,6740,1484905,0.0,4.26568,4.26426,4.20382,0.0809503,4.10379,2.79342,1.09671,,96,11,1024,1500000,0.0,4.08108,4.08083,4.01159,0.0260461,3.99425,3.03635,0.901856,,113,10,512,1500000,0.0,4.01793,4.01778,3.94715,0.0173772,3.93823,3.05481,0.849874,,98,10,512,1500000,0.0,4.00298,4.00284,3.9339,0.0164347,3.92459,3.03107,0.860474,,127,10,510,1499978,0.0,4.06522,4.06509,3.98982,0.01856,3.98094,3.08605,0.860127,,99,9,256,1500000,0.0,3.99356,3.99348,3.92182,0.0118811,3.91687,3.06586,0.829712,,125,13,3848,1498468,0.0,4.23294,4.23207,4.16553,0.0614906,4.10901,2.89968,1.06264,,135,15,11280,1461526,0.0,4.36671,4.36443,4.30789,0.113635,4.1499,2.71448,1.11427,,103,13,3878,1498067,0.0,4.19918,4.19832,4.13454,0.0594376,4.0764,2.87149,1.06094,,131,12,1968,1499437,0.0,4.15649,4.15602,4.08575,0.0404765,4.0554,2.99718,0.969206,,110,13,3816,1496901,0.0,4.19449,4.19365,4.13017,0.0580789,4.07408,2.8775,1.05573,,139,14,6694,1481112,0.0,4.30856,4.30718,4.24784,0.0809788,4.15419,2.83899,1.10205,,116,13,3764,1497115,0.0,4.19449,4.19367,4.13091,0.0582174,4.07634,2.88704,1.04919,,140,13,3826,1497696,0.0,4.2397,4.23884,4.17432,0.0610541,4.1187,2.91078,1.06219,,141,13,3682,1494114,0.0,4.21001,4.20921,4.14248,0.055109,4.08988,2.90378,1.05244,,124,11,1012,1499972,0.0,4.07004,4.06976,3.99881,0.0274431,3.98202,3.02775,0.898266,,115,11,1020,1499982,0.0,4.08936,4.08909,4.01798,0.0268633,3.99946,3.02856,0.915216,,112,11,1022,1499991,0.0,4.07794,4.07768,4.00754,0.026541,3.99056,3.0273,0.908192,,97,12,2000,1499026,0.0,4.14724,4.14678,4.07816,0.0380829,4.0455,2.99449,0.963392,,118,11,1022,1499994,0.0,4.08757,4.0873,4.01582,0.0266635,3.9988,3.01461,0.928616,,122,10,510,1499975,0.0,4.07664,4.07651,4.00198,0.0176317,3.99249,3.11522,0.843551,,134,9,256,1500000,0.0,4.06688,4.0668,3.99207,0.0123055,3.98711,3.09083,0.874944,,,,,,
101,13,3858,1498167,0.0,4.22121,4.22036,4.15659,0.0579422,4.09921,2.89128,1.06675,,121,11,1020,1499987,0.0,4.05803,4.05777,3.98692,0.0263712,3.96974,2.99523,0.919888,,107,12,2028,1499886,0.0,4.16499,4.16452,4.09501,0.0419234,4.06177,2.98653,0.982838,,138,14,6938,1490682,0.0,4.3036,4.30213,4.24192,0.0857139,4.1422,2.81632,1.10227,,106,10,512,1500000,0.0,4.04454,4.0444,3.97219,0.0173308,3.96252,3.07059,0.858283,,130,12,1934,1496731,0.0,4.10454,4.10409,4.03619,0.0379171,4.00639,2.96945,0.95303,,129,13,3832,1497315,0.0,4.24488,4.24403,4.17967,0.0611534,4.12147,2.90151,1.0743,,143,12,2010,1499502,0.0,4.15983,4.15935,4.09093,0.0422907,4.05792,2.98022,0.984401,,132,12,1986,1498858,0.0,4.10822,4.10774,4.0395,0.0392569,4.00809,2.95122,0.969399,,136,9,256,1500000,0.0,4.09917,4.0991,4.0241,0.0127454,4.01938,3.14887,0.848558,,102,13,3888,1497695,0.0,4.1722,4.17134,4.10784,0.0584192,4.04982,2.86783,1.03946,,137,14,6866,1488686,0.0,4.27017,4.26875,4.21021,0.0810792,4.09927,2.77469,1.1099,,109,15,11214,1462398,0.0,4.38915,4.38686,4.33142,0.114722,4.17499,2.74201,1.11024,,142,14,6606,1487557,0.0,4.23374,4.23237,4.17374,0.0787309,4.08181,2.78112,1.09257,,108,11,1024,1500000,0.0,4.13618,4.13592,4.06384,0.0277572,4.04534,3.07189,0.916664,,123,7,64,1500000,0.0,4.24553,4.2455,4.16735,0.00811462,4.16599,3.26658,0.887444,,117,14,6952,1489538,0.0,4.31812,4.31664,4.25663,0.0854412,4.15709,2.81198,1.12165,,111,15,11632,1467452,0.0,4.37418,4.37183,4.31634,0.115067,4.14933,2.70135,1.1209,,128,13,3858,1496397,0.0,4.1973,4.19645,4.13344,0.0589288,4.07759,2.88295,1.05212,,114,12,2000,1499392,0.0,4.19646,4.19598,4.12499,0.0422339,4.09348,3.01671,0.984576,,126,14,6870,1488251,0.0,4.3668,4.36538,4.30328,0.0814686,4.20699,2.8634,1.12807,,120,15,11300,1464826,0.0,4.4015,4.39919,4.3439,0.118867,4.18704,2.73886,1.11949,,133,11,1022,1499942,0.0,4.11692,4.11665,4.04446,0.0282381,4.02732,3.03763,0.932531,,104,9,256,1500000,0.0,3.96118,3.9611,3.88725,0.0119323,3.88238,3.03794,0.823119,,119,12,1990,1499003,0.0,4.14307,4.14257,4.07225,0.0402756,4.0391,2.97071,0.978852,,100,14,6926,1488876,0.0,4.287,4.28554,4.22579,0.0841221,4.12823,2.80663,1.10104,,105,15,11002,1453933,0.0,4.32452,4.32229,4.26751,0.110645,4.1081,2.69476,1.10131,,96,12,2010,1499675,0.0,4.16271,4.16224,4.09469,0.0401778,4.06209,2.98219,0.988695,,113,11,1022,1499996,0.0,4.08733,4.08707,4.01761,0.0266764,4.00063,3.01963,0.925852,,98,11,1020,1499929,0.0,4.03991,4.03963,3.96969,0.024878,3.95241,3.00318,0.895019,,127,11,1014,1499934,0.0,4.10323,4.10296,4.02865,0.0280333,4.01177,3.03878,0.916036,,99,10,512,1500000,0.0,4.15811,4.15795,4.08481,0.0161827,4.0756,3.14135,0.898864,,125,14,6934,1490845,0.0,4.32577,4.32427,4.26243,0.0863395,4.16446,2.83316,1.10662,,135,16,16922,1407781,0.0,4.43475,4.43142,4.37969,0.151482,4.14595,2.59567,1.10322,,103,14,7078,1491818,0.0,4.28776,4.28627,4.22736,0.0847528,4.12651,2.7929,1.10979,,131,13,3698,1496112,0.0,4.20925,4.20843,4.14396,0.057714,4.09024,2.90849,1.0431,,110,14,6916,1488603,0.0,4.27569,4.27425,4.21527,0.0824739,4.11826,2.79115,1.10918,,139,15,10946,1451344,0.0,4.30378,4.30158,4.2472,0.110048,4.09702,2.6982,1.08709,,116,14,6684,1487753,0.0,4.26765,4.26626,4.20703,0.0810497,4.11357,2.80295,1.09738,,140,14,6884,1486573,0.0,4.31821,4.31676,4.25688,0.0849441,4.15965,2.82972,1.10715,,141,14,6452,1477716,0.0,4.19563,4.1943,4.13588,0.0760908,4.04642,2.77298,1.07226,,124,12,1986,1499413,0.0,4.12045,4.11997,4.05227,0.0404683,4.02135,2.95719,0.974405,,115,12,2020,1499873,0.0,4.14158,4.1411,4.07262,0.040531,4.03767,2.96528,0.982234,,112,12,2016,1499605,0.0,4.1866,4.18613,4.11851,0.03993,4.0869,2.99,1.00753,,97,13,3728,1494474,0.0,4.2026,4.20177,4.13711,0.0557324,4.0798,2.91159,1.03117,,118,12,2020,1499789,0.0,4.12609,4.1256,4.05812,0.0401954,4.02649,2.94844,0.987835,,122,11,1014,1499875,0.0,4.13894,4.13866,4.06637,0.0267953,4.04822,3.0786,0.914867,,134,10,512,1500000,0.0,4.03196,4.03182,3.95856,0.0185548,3.94905,3.06733,0.847011,,,,,,
101,14,6920,1489537,0.0,4.41674,4.4153,4.35562,0.0825716,4.25756,2.88377,1.15573,,121,12,2006,1499755,0.0,4.09151,4.09102,4.02361,0.039292,3.99189,2.92785,0.976067,,107,13,3888,1497829,0.0,4.22831,4.22744,4.16374,0.060842,4.10428,2.90145,1.05728,,138,15,11478,1467346,0.0,4.42553,4.42319,4.36758,0.115578,4.20563,2.72514,1.15303,,106,11,1022,1499989,0.0,4.09753,4.09727,4.02663,0.0266314,4.00819,3.04617,0.906166,,130,13,3518,1489523,0.0,4.14261,4.14184,4.07685,0.0531351,4.02611,2.88662,1.01128,,129,14,6936,1489185,0.0,4.31801,4.31656,4.25662,0.085405,4.15489,2.81572,1.11583,,143,13,3834,1497169,0.0,4.21096,4.21012,4.14645,0.0598404,4.08619,2.89775,1.04453,,132,13,3716,1494218,0.0,4.17277,4.17194,4.10931,0.0559484,4.05397,2.87164,1.04594,,136,10,512,1500000,0.0,4.08519,4.08503,4.01166,0.0191316,4.00269,3.10265,0.864542,,102,14,7004,1489364,0.0,4.26118,4.25972,4.20046,0.0831976,4.10198,2.77715,1.10475,,137,15,11318,1465201,0.0,4.37539,4.37313,4.31916,0.111288,4.13935,2.68589,1.13725,,109,16,16864,1405140,0.0,4.44789,4.44454,4.39369,0.152215,4.16192,2.61756,1.09605,,142,15,10886,1462321,0.0,4.30325,4.30108,4.24739,0.107753,4.09867,2.6807,1.1115,,108,12,2020,1499739,0.0,4.25787,4.25739,4.18937,0.0416486,4.15471,3.05365,1.00904,,123,8,128,1500000,0.0,4.01578,4.01574,3.94135,0.00934918,3.93883,3.09477,0.829284,,117,15,11616,1467329,0.0,4.40855,4.40619,4.35093,0.116627,4.18818,2.72241,1.13608,,111,16,17606,1416709,0.0,4.46016,4.45669,4.40598,0.155128,4.15648,2.59294,1.10291,,128,14,6918,1488367,0.0,4.2769,4.27547,4.21602,0.0826699,4.11923,2.80646,1.09403,,114,13,3784,1496461,0.0,4.23559,4.23471,4.16826,0.0607385,4.11267,2.9164,1.0519,,126,15,11188,1462249,0.0,4.5128,4.51055,4.45221,0.113977,4.29224,2.8119,1.15651,,120,16,17036,1411109,0.0,4.47672,4.47332,4.42217,0.157929,4.18909,2.62426,1.10679,,133,12,2020,1499443,0.0,4.14041,4.13995,4.07025,0.0414471,4.03867,2.95885,0.988399,,104,10,512,1500000,0.0,3.97665,3.9765,3.90575,0.0163541,3.89667,3.01877,0.845142,,119,13,3770,1496225,0.0,4.20014,4.19932,4.13425,0.0581661,4.07542,2.88716,1.04768,,100,15,11494,1463196,0.0,4.37183,4.36951,4.31425,0.117367,4.15651,2.71195,1.11656,,105,16,16360,1392305,0.0,4.35908,4.35584,4.30551,0.146416,4.07142,2.56449,1.07666,,96,13,3850,1498052,0.0,4.21486,4.21399,4.15035,0.0597559,4.09158,2.90362,1.04345,,113,12,2022,1499636,0.0,4.13312,4.13264,4.06564,0.0400319,4.03404,2.94677,0.998084,,98,12,2000,1499702,0.0,4.12458,4.1241,4.05588,0.0386397,4.02339,2.95718,0.97821,,127,12,2006,1499704,0.0,4.15395,4.15348,4.08269,0.0410516,4.05164,2.97213,0.988925,,99,11,1020,1499838,0.0,4.05867,4.05841,3.98768,0.0246532,3.9704,3.01285,0.905103,,125,15,11518,1469852,0.0,4.40398,4.4016,4.34352,0.117512,4.18444,2.7273,1.12632,,135,17,22718,1308962,0.0,4.38775,4.38336,4.33667,0.186137,4.02507,2.41635,1.03926,,103,15,11824,1468024,0.0,4.39431,4.39192,4.33679,0.119466,4.1722,2.70483,1.13249,,131,14,6568,1487522,0.0,4.29378,4.2924,4.23191,0.0809179,4.13957,2.81775,1.11041,,110,15,11376,1463021,0.0,4.34844,4.34615,4.29134,0.114003,4.13548,2.69539,1.11903,,139,16,16170,1382413,0.0,4.31568,4.31252,4.26342,0.14353,4.04418,2.5524,1.06758,,116,15,11082,1461699,0.0,4.3433,4.34105,4.28623,0.11125,4.13424,2.70765,1.11239,,140,15,11296,1457477,0.0,4.38001,4.37771,4.32275,0.114791,4.16631,2.72391,1.11743,,141,15,10416,1442080,0.0,4.22595,4.22389,4.17033,0.102723,4.02857,2.65945,1.07776,,124,13,3806,1497291,0.0,4.19142,4.19059,4.12641,0.0584375,4.07114,2.8798,1.05009,,115,13,3848,1497961,0.0,4.20061,4.19976,4.1357,0.0587073,4.07347,2.87692,1.05447,,112,13,3842,1497351,0.0,4.18593,4.1851,4.12056,0.0577227,4.06444,2.87254,1.05141,,97,14,6512,1482426,0.0,4.27575,4.27436,4.21491,0.079517,4.12119,2.81488,1.09799,,118,13,3876,1498159,0.0,4.25931,4.25845,4.19235,0.0585316,4.13588,2.89751,1.09612,,122,12,1956,1498540,0.0,4.14964,4.14919,4.08024,0.0389336,4.04742,3.00011,0.961029,,134,11,1024,1500000,0.0,4.08657,4.08631,4.01288,0.0277831,3.99474,3.02118,0.91703,,,,,,
101,15,11522,1464439,0.0,4.35697,4.35465,4.30041,0.114653,4.14095,2.68963,1.12633,,121,13,3804,1497335,0.0,4.15686,4.15604,4.09256,0.0564495,4.03654,2.85431,1.04421,,107,14,6946,1488692,0.0,4.35629,4.3548,4.29529,0.0852184,4.19136,2.82005,1.14833,,138,16,17350,1417805,0.0,4.49963,4.49616,4.44487,0.1548,4.2035,2.60921,1.1363,,106,12,2014,1499819,0.0,4.14619,4.14572,4.0776,0.0406893,4.04289,2.96975,0.982003,,130,14,5960,1466419,0.0,4.15707,4.15583,4.09655,0.0719331,4.0134,2.78662,1.03812,,129,15,11360,1463624,0.0,4.39006,4.38777,4.33218,0.11527,4.1689,2.71968,1.12428,,143,14,6872,1488954,0.0,4.35491,4.3535,4.29439,0.0868385,4.18927,2.84729,1.11868,,132,14,6512,1482527,0.0,4.23056,4.2292,4.17098,0.0780069,4.0769,2.78782,1.08341,,136,11,1022,1499997,0.0,4.13205,4.13178,4.05926,0.028975,4.04218,3.06161,0.92227,,102,15,11690,1464546,0.0,4.35267,4.35032,4.29561,0.115268,4.13569,2.69356,1.11456,,137,16,17100,1412257,0.0,4.44562,4.44228,4.39249,0.14933,4.12355,2.57385,1.10534,,109,17,22776,1303264,0.0,4.39983,4.39538,4.3487,0.187328,4.03895,2.43173,1.03551,,142,16,16294,1399563,0.0,4.3308,4.32763,4.27816,0.143689,4.05856,2.54858,1.08432,,108,13,3842,1497568,0.0,4.31137,4.31052,4.24306,0.0601439,4.17846,2.96674,1.06389,,123,9,256,1500000,0.0,3.98613,3.98605,3.91174,0.0118967,3.90702,3.0704,0.815665,,117,16,17530,1414338,0.0,4.48044,4.47702,4.42594,0.156122,4.18375,2.6072,1.11496,,111,17,23766,1321283,0.0,4.45693,4.45235,4.40585,0.192868,4.07194,2.4216,1.05906,,128,15,11414,1459748,0.0,4.35337,4.35108,4.29614,0.112984,4.13943,2.70708,1.11093,,114,14,6794,1485619,0.0,4.33239,4.33091,4.26875,0.0850609,4.17278,2.84373,1.10565,,126,16,16820,1409267,0.0,4.48735,4.48408,4.43386,0.148525,4.20359,2.63294,1.11423,,120,17,23330,1315541,0.0,4.45994,4.4554,4.40853,0.197096,4.09267,2.45173,1.04789,,133,13,3890,1497691,0.0,4.2218,4.22093,4.15593,0.0600044,4.09874,2.88073,1.07278,,104,11,1018,1499887,0.0,4.04812,4.04786,3.978,0.025157,3.96091,2.99559,0.911355,,119,14,6756,1486748,0.0,4.26882,4.26739,4.20771,0.0818981,4.10592,2.79499,1.09521,,100,16,17294,1410045,0.0,4.43113,4.42772,4.37742,0.153722,4.14348,2.59123,1.09799,,105,17,21898,1287085,0.0,4.28804,4.28381,4.23843,0.178926,3.92846,2.36779,1.01508,,96,14,6906,1489242,0.0,4.29407,4.29261,4.23301,0.0851352,4.13459,2.81324,1.09915,,113,13,3842,1497493,0.0,4.17152,4.17069,4.10742,0.0572777,4.05158,2.86774,1.04417,,98,13,3824,1497629,0.0,4.1851,4.18427,4.12049,0.0573257,4.06215,2.87303,1.04942,,127,13,3854,1498140,0.0,4.20267,4.20182,4.13765,0.0591158,4.08181,2.88225,1.05658,,99,12,1956,1497907,0.0,4.10228,4.1018,4.03531,0.0370291,4.00362,2.96759,0.952289,,125,16,17374,1420174,0.0,4.49056,4.48708,4.43319,0.156781,4.19681,2.61866,1.11604,,135,18,27744,1172915,0.0,4.22417,4.21891,4.17722,0.215607,3.79872,2.18125,0.946456,,103,16,17736,1414686,0.0,4.45464,4.45116,4.40085,0.15599,4.15738,2.58235,1.11238,,131,15,10814,1464804,0.0,4.35014,4.34794,4.29227,0.109947,4.14328,2.71793,1.11566,,110,16,17148,1413809,0.0,4.41726,4.41391,4.36363,0.151307,4.13202,2.58028,1.10425,,139,17,21318,1270743,0.0,4.20982,4.20574,4.16082,0.173957,3.87418,2.34736,0.995511,,116,16,16392,1401059,0.0,4.36748,4.36423,4.3142,0.145914,4.09233,2.57261,1.08859,,140,16,16798,1392788,0.0,4.40858,4.40525,4.35487,0.151523,4.12532,2.58124,1.09633,,141,16,15214,1371502,0.0,4.21196,4.20901,4.16003,0.133906,3.9544,2.50647,1.05022,,124,14,6886,1487965,0.0,4.26151,4.26008,4.20066,0.0823091,4.10425,2.79705,1.08935,,115,14,6928,1490504,0.0,4.28886,4.28739,4.22761,0.0830075,4.11999,2.79957,1.10129,,112,14,6848,1486798,0.0,4.27133,4.26989,4.21031,0.0816176,4.11461,2.79042,1.10838,,97,15,10556,1446703,0.0,4.30222,4.30006,4.24557,0.106161,4.0983,2.69742,1.10085,,118,14,7004,1491190,0.0,4.25942,4.25797,4.19921,0.0828672,4.10141,2.76865,1.11317,,122,13,3584,1487205,0.0,4.18434,4.18355,4.11779,0.0545405,4.0612,2.91314,1.01638,,134,12,2020,1499691,0.0,4.17567,4.17521,4.10701,0.0407106,4.07346,2.96999,1.01016,,,,,,
101,16,17392,1411849,0.0,4.55082,4.54742,4.49684,0.156298,4.25658,2.63377,1.14323,,121,14,6804,1488965,0.0,4.23437,4.23297,4.17397,0.0800379,4.07745,2.76826,1.09653,,107,15,11476,1463878,0.0,4.4067,4.40436,4.34928,0.117305,4.18398,2.71424,1.14144,,138,17,23740,1326624,0.0,4.47272,4.46811,4.4217,0.193351,4.09443,2.44651,1.05502,,106,13,3800,1496957,0.0,4.22252,4.22167,4.15725,0.0586579,4.09605,2.89127,1.0622,,130,15,9372,1423768,0.0,4.15322,4.15132,4.09723,0.0951598,3.96882,2.66176,1.04016,,129,16,17182,1410624,0.0,4.46732,4.46394,4.41356,0.154193,4.17005,2.60631,1.10824,,143,15,11376,1464517,0.0,4.37963,4.37737,4.32245,0.114258,4.15118,2.71142,1.11626,,132,15,10502,1448179,0.0,4.26642,4.2643,4.21085,0.104712,4.0618,2.67605,1.08886,,136,12,2026,1499812,0.0,4.19573,4.19525,4.12561,0.0425601,4.0941,3.0117,0.988941,,102,16,17552,1408425,0.0,4.42059,4.41713,4.36684,0.154272,4.13017,2.56968,1.10308,,137,17,23268,1313210,0.0,4.43141,4.42696,4.38153,0.187073,4.01842,2.39552,1.04751,,109,18,27890,1165839,0.0,4.24181,4.23646,4.19493,0.217571,3.8178,2.19561,0.944614,,142,17,22186,1301706,0.0,4.30069,4.29646,4.25151,0.179489,3.95482,2.37681,1.02811,,108,14,6768,1487566,0.0,4.31451,4.31306,4.25267,0.0835635,4.14797,2.82316,1.10617,,123,10,512,1500000,0.0,4.03202,4.03187,3.95953,0.0177186,3.9506,3.04526,0.871765,,117,17,23918,1322143,0.0,4.50342,4.49879,4.45215,0.19441,4.11601,2.45484,1.06222,,111,18,29136,1183193,0.0,4.30812,4.30259,4.26106,0.22378,3.85379,2.19487,0.957488,,128,16,16948,1402496,0.0,4.40758,4.40424,4.35402,0.150061,4.12472,2.5791,1.10117,,114,15,11152,1457291,0.0,4.40553,4.40322,4.3456,0.119018,4.19142,2.73576,1.12933,,126,17,22726,1315028,0.0,4.55503,4.54768,4.50157,0.197278,4.17046,2.52372,1.06537,,120,18,28396,1173432,0.0,4.28554,4.28013,4.23883,0.225184,3.85638,2.20862,0.953682,,133,14,6952,1488953,0.0,4.28373,4.28226,4.22268,0.0838626,4.12367,2.79992,1.10231,,104,12,1994,1498903,0.0,4.12739,4.12689,4.06027,0.0385955,4.02847,2.94127,0.999876,,119,15,11192,1461870,0.0,4.35,4.34776,4.29195,0.113912,4.12647,2.69824,1.10894,,100,17,23306,1310347,0.0,4.47277,4.46826,4.4225,0.193111,4.10732,2.47336,1.04516,,105,18,26624,1144216,0.0,4.10549,4.10043,4.06102,0.205561,3.68605,2.12225,0.924128,,96,15,11510,1468224,0.0,4.39174,4.38939,4.33371,0.117116,4.1751,2.72865,1.1177,,113,14,6906,1487939,0.0,4.24777,4.24633,4.1874,0.0811564,4.09102,2.78229,1.09328,,98,14,6860,1490645,0.0,4.27161,4.27017,4.21095,0.0815703,4.11332,2.80061,1.09709,,127,14,6880,1489400,0.0,4.28709,4.28564,4.2257,0.0829864,4.12928,2.80348,1.10734,,99,13,3580,1489246,0.0,4.14897,4.14819,4.08509,0.0527139,4.03072,2.88435,1.01797,,125,17,23914,1330291,0.0,4.49635,4.49169,4.4424,0.196205,4.12012,2.46027,1.06035,,135,19,30580,1003003,0.0,3.90036,3.89461,3.85867,0.228625,3.44306,1.89311,0.8287,,103,17,24154,1321317,0.0,4.45367,4.44903,4.40264,0.194814,4.07422,2.4237,1.05279,,131,16,16236,1412267,0.0,4.41287,4.40969,4.35847,0.145919,4.13769,2.60042,1.10647,,110,17,23260,1316674,0.0,4.39706,4.39234,4.34631,0.188515,4.03531,2.40972,1.04983,,139,18,25812,1126831,0.0,4.06465,4.05978,4.02063,0.199618,3.67581,2.12694,0.9194,,116,17,22176,1306582,0.0,4.3435,4.33925,4.29336,0.181674,3.99583,2.40585,1.03609,,140,17,22626,1290890,0.0,4.35133,4.34693,4.30209,0.186809,3.99591,2.39972,1.02428,,141,17,20112,1262646,0.0,4.11979,4.11597,4.07214,0.164007,3.8037,2.31882,0.984517,,124,15,11330,1460908,0.0,4.33712,4.33485,4.2806,0.11241,4.12535,2.69943,1.10641,,115,15,11520,1467701,0.0,4.38255,4.38022,4.32522,0.114536,4.14996,2.711,1.11389,,112,15,11352,1462844,0.0,4.34199,4.3397,4.28532,0.112353,4.13017,2.69303,1.11791,,97,16,15578,1379916,0.0,4.30633,4.30324,4.25296,0.13927,4.03876,2.55576,1.0718,,118,15,11676,1467122,0.0,4.34775,4.34542,4.29128,0.114212,4.13186,2.67668,1.12885,,122,14,6120,1466234,0.0,4.20922,4.20791,4.14669,0.0739298,4.05289,2.81918,1.0392,,134,13,3828,1496845,0.0,4.19733,4.19648,4.13237,0.0581842,4.07233,2.86032,1.07081,,,,,,
101,17,23552,1315257,0.0,4.40642,4.40191,4.35602,0.190222,4.03741,2.40401,1.05069,,121,15,11296,1466816,0.0,4.34116,4.3389,4.28409,0.11236,4.12717,2.68128,1.12884,,107,16,17302,1412486,0.0,4.47469,4.47127,4.4195,0.155068,4.17381,2.60511,1.11149,,138,18,29366,1190343,0.0,4.34482,4.33923,4.298,0.225397,3.89508,2.22099,0.967087,,106,14,6830,1488239,0.0,4.29633,4.29489,4.23507,0.0827421,4.12973,2.8034,1.10684,,130,16,13422,1343301,0.0,4.07759,4.07496,4.02705,0.120543,3.84549,2.48774,1.00294,,129,17,23384,1317955,0.0,4.45507,4.45056,4.40462,0.19142,4.07621,2.43495,1.05482,,143,16,16950,1412792,0.0,4.45386,4.45055,4.40011,0.151355,4.14821,2.59487,1.10496,,132,16,15570,1382053,0.0,4.27721,4.27419,4.22526,0.138012,4.0068,2.53294,1.06517,,136,13,3876,1498100,0.0,4.24031,4.23943,4.17579,0.0611079,4.11924,2.91227,1.06032,,102,17,23758,1313167,0.0,4.40381,4.39924,4.35354,0.19221,4.03618,2.40453,1.04337,,137,18,28484,1173311,0.0,4.28602,4.2807,4.24016,0.217426,3.79775,2.16363,0.954035,,109,19,31000,992047,0.0,3.90806,3.90219,3.86661,0.231046,3.44831,1.89825,0.818816,,142,18,26960,1159668,0.0,4.11618,4.11112,4.0713,0.207055,3.71251,2.13131,0.935274,,108,15,11252,1464734,0.0,4.40774,4.40544,4.34979,0.115022,4.17962,2.733,1.12389,,123,11,1018,1499810,0.0,4.06333,4.06308,3.99224,0.0271562,3.97524,3.0123,0.907692,,117,18,29394,1183938,0.0,4.31595,4.31034,4.26923,0.224769,3.87021,2.19839,0.966983,,111,19,32272,1011955,0.0,3.9939,3.98789,3.95226,0.239514,3.50256,1.90497,0.841315,,128,17,22804,1303550,0.0,4.35759,4.3532,4.30782,0.185605,4.00184,2.39844,1.0358,,114,16,16522,1394865,0.0,4.4026,4.3993,4.3464,0.150228,4.11922,2.59099,1.08687,,126,18,27836,1179666,0.0,4.25223,4.24689,4.20608,0.215832,3.82944,2.20324,0.952372,,120,19,31150,996892,0.0,3.93244,3.92658,3.8911,0.238673,3.47319,1.90387,0.826295,,133,15,11590,1462377,0.0,4.36565,4.36332,4.3086,0.114924,4.14656,2.69767,1.12148,,104,13,3760,1495622,0.0,4.16271,4.16186,4.09834,0.055996,4.04249,2.85905,1.04649,,119,16,16752,1402701,0.0,4.39756,4.39425,4.3438,0.149061,4.09934,2.57212,1.0865,,100,18,28406,1168636,0.0,4.22439,4.21903,4.17826,0.218399,3.79955,2.1738,0.944244,,105,19,28986,959602,0.0,3.7205,3.71506,3.68174,0.215598,3.27513,1.80536,0.789491,,96,16,17408,1418524,0.0,4.47374,4.4703,4.41892,0.156868,4.183,2.61108,1.11075,,113,15,11350,1461584,0.0,4.32513,4.32286,4.26867,0.110827,4.11354,2.68336,1.11425,,98,15,11384,1466022,0.0,4.3611,4.35881,4.30383,0.112725,4.14747,2.70871,1.1192,,127,15,11324,1464430,0.0,4.36737,4.36509,4.30949,0.112996,4.15403,2.70505,1.12863,,99,14,6130,1463762,0.0,4.16023,4.15893,4.10001,0.0724913,4.01212,2.77485,1.04612,,125,18,29242,1194383,0.0,4.35055,4.34492,4.30095,0.225938,3.90895,2.22933,0.972961,,135,20,31000,807803,0.0,3.43407,3.42823,3.39819,0.223678,2.98162,1.59191,0.678603,,103,18,29650,1187509,0.0,4.32422,4.31863,4.27726,0.226645,3.87625,2.20071,0.965737,,131,17,22334,1328137,0.0,4.42246,4.41814,4.37099,0.183328,4.06998,2.4434,1.06548,,110,18,28430,1178644,0.0,4.23565,4.23028,4.1892,0.218318,3.81114,2.17798,0.953511,,139,19,28154,949334,0.0,3.64682,3.64159,3.60856,0.209678,3.23308,1.79281,0.778498,,116,18,26994,1165238,0.0,4.29025,4.28215,4.24185,0.214049,3.8752,2.18993,0.991926,,140,18,27356,1142412,0.0,4.14606,4.14084,4.10123,0.212226,3.73264,2.14313,0.925051,,141,18,24126,1122224,0.0,3.91616,3.91165,3.87355,0.187684,3.55288,2.07441,0.897567,,124,16,17044,1400827,0.0,4.40895,4.40558,4.35531,0.150557,4.12511,2.56806,1.11191,,115,16,17334,1416527,0.0,4.46617,4.46274,4.41213,0.153343,4.15194,2.58898,1.10926,,112,16,17026,1407455,0.0,4.41012,4.40682,4.35657,0.150926,4.12704,2.57198,1.10959,,97,17,20834,1277258,0.0,4.22339,4.21933,4.17434,0.171491,3.89066,2.36022,1.0093,,118,16,17620,1413168,0.0,4.43253,4.42909,4.37882,0.154158,4.14147,2.56257,1.11991,,122,15,9502,1411648,0.0,4.16917,4.16721,4.11185,0.0963321,3.96882,2.67442,1.02332,,134,14,6878,1488741,0.0,4.26014,4.2587,4.20037,0.0820133,4.09568,2.78047,1.09802,,,,,,
101,18,28864,1175955,0.0,4.25857,4.25313,4.21217,0.221166,3.82324,2.17265,0.959592,,121,16,17022,1416711,0.0,4.41501,4.41169,4.36088,0.149275,4.12745,2.56957,1.1157,,107,17,23694,1319501,0.0,4.4688,4.46423,4.4183,0.193506,4.08475,2.44127,1.05089,,138,19,32734,1013311,0.0,4.02796,4.02177,3.98594,0.24202,3.53832,1.92809,0.841018,,106,15,11392,1464494,0.0,4.38544,4.38314,4.32771,0.113727,4.15615,2.70716,1.12338,,130,17,17456,1215827,0.0,3.91431,3.91094,3.86827,0.145449,3.63401,2.24651,0.947171,,129,18,28838,1182431,0.0,4.31474,4.30925,4.26823,0.222523,3.86503,2.20835,0.961055,,143,17,23130,1317569,0.0,4.44806,4.44365,4.39794,0.188994,4.05662,2.42768,1.04909,,132,17,20892,1275204,0.0,4.20598,4.20198,4.15801,0.170594,3.86727,2.33826,1.00815,,136,14,6938,1489686,0.0,4.31441,4.31296,4.25287,0.0857388,4.15489,2.82134,1.10939,,102,18,29064,1172420,0.0,4.24626,4.24075,4.19972,0.222244,3.8134,2.16977,0.948051,,137,19,31256,991479,0.0,3.93947,3.93365,3.89922,0.230812,3.41464,1.86036,0.824155,,109,20,30776,796463,0.0,3.398,3.39223,3.36281,0.223576,2.94889,1.55984,0.675466,,142,19,29806,982411,0.0,3.78051,3.77496,3.74094,0.220582,3.34566,1.84106,0.80796,,108,16,17060,1412548,0.0,4.47809,4.47473,4.42368,0.152941,4.16897,2.61309,1.10526,,123,12,2006,1499318,0.0,4.10922,4.10874,4.04088,0.0397487,4.00941,2.94311,0.978148,,117,19,32432,1002656,0.0,3.97285,3.96677,3.93147,0.239203,3.49253,1.8956,0.838135,,111,20,32042,815215,0.0,3.48081,3.4749,3.44532,0.231445,2.99945,1.56851,0.693335,,128,18,27400,1157369,0.0,4.15732,4.15212,4.11164,0.211756,3.74554,2.1483,0.937938,,114,17,22306,1288732,0.0,4.35239,4.34799,4.29939,0.184748,3.9959,2.4005,1.03238,,126,19,30808,1002041,0.0,3.91301,3.90723,3.87205,0.230359,3.45678,1.89869,0.82937,,120,20,31000,798255,0.0,3.41636,3.41056,3.38137,0.229353,2.96882,1.57219,0.672151,,133,16,17560,1406582,0.0,4.43239,4.42896,4.3786,0.154337,4.13624,2.57877,1.0976,,104,14,6710,1485248,0.0,4.2236,4.22218,4.16289,0.0794239,4.06893,2.77374,1.08492,,119,17,22894,1311093,0.0,4.39173,4.38733,4.34145,0.186321,4.01017,2.40337,1.03507,,100,19,31202,993351,0.0,3.88422,3.87837,3.84355,0.23125,3.42903,1.87561,0.822891,,105,20,28966,759569,0.0,3.20818,3.20285,3.1756,0.209947,2.77047,1.45863,0.645013,,96,17,23756,1327529,0.0,4.46523,4.46064,4.41384,0.19519,4.09498,2.44652,1.054,,113,16,16944,1405646,0.0,4.37739,4.37409,4.32429,0.148181,4.09589,2.56163,1.09507,,98,16,17248,1413734,0.0,4.42433,4.42097,4.37018,0.151857,4.13662,2.59007,1.09815,,127,16,17114,1412784,0.0,4.42625,4.42289,4.37189,0.151413,4.1403,2.59052,1.1015,,99,15,9536,1415110,0.0,4.14656,4.14465,4.09071,0.0960136,3.95731,2.63749,1.04987,,125,19,32648,1022516,0.0,4.0454,4.03921,4.00067,0.242945,3.56438,1.94194,0.852746,,135,21,28472,619113,0.0,2.83662,2.83126,2.80763,0.199582,2.42822,1.26101,0.527524,,103,19,32914,1014142,0.0,4.00924,4.00313,3.96726,0.241491,3.52355,1.91032,0.846342,,131,18,27672,1198807,0.0,4.30318,4.2979,4.25579,0.214215,3.88481,2.22683,0.98764,,110,19,31590,1011820,0.0,3.93533,3.92942,3.89401,0.233866,3.47529,1.89831,0.839286,,139,20,28040,758433,0.0,3.16378,3.15852,3.13157,0.201402,2.76268,1.49211,0.630174,,116,19,29854,988262,0.0,3.88566,3.88009,3.84587,0.223581,3.448,1.91835,0.828943,,140,19,30094,962325,0.0,3.79019,3.78448,3.7506,0.224794,3.3466,1.83406,0.80006,,141,19,26276,946752,0.0,3.54369,3.53884,3.50625,0.19595,3.1578,1.76591,0.774474,,124,17,22986,1300124,0.0,4.3427,4.33829,4.293,0.18675,3.98518,2.38486,1.03045,,115,17,23368,1322566,0.0,4.46625,4.46174,4.41572,0.189688,4.06751,2.42348,1.06394,,112,17,22988,1312451,0.0,4.37894,4.37452,4.32903,0.186476,4.02178,2.40286,1.04891,,97,18,25162,1131352,0.0,4.01119,4.00633,3.967,0.195454,3.62609,2.10498,0.913623,,118,17,24164,1324113,0.0,4.47612,4.47149,4.42543,0.193949,4.09977,2.42903,1.06199,,122,16,13246,1323370,0.0,4.0678,4.06518,4.01647,0.119847,3.81952,2.47905,0.987583,,134,15,11398,1464475,0.0,4.35124,4.34894,4.29423,0.112538,4.12371,2.68749,1.11599,,,,,,
101,19,32086,1000221,0.0,3.93256,3.92658,3.89158,0.236818,3.46063,1.87893,0.832279,,121,17,23150,1326160,0.0,4.40656,4.40212,4.35594,0.186995,4.04105,2.40792,1.06,,107,18,29390,1182881,0.0,4.33965,4.33405,4.29283,0.225651,3.88143,2.21092,0.96435,,138,20,33026,818321,0.0,3.62674,3.62047,3.58741,0.24005,3.13668,1.67199,0.702466,,106,16,17190,1408214,0.0,4.45266,4.44928,4.39848,0.152551,4.14346,2.58438,1.10362,,130,18,20666,1066648,0.0,3.64022,3.63634,3.60024,0.162872,3.32447,1.98033,0.840166,,129,19,31786,999382,0.0,3.96289,3.95691,3.92176,0.235947,3.47892,1.89847,0.833061,,143,18,28402,1181619,0.0,4.30931,4.30396,4.26326,0.219078,3.84624,2.19821,0.96059,,132,18,25018,1125214,0.0,3.97923,3.97452,3.93617,0.193214,3.58981,2.08096,0.906178,,136,15,11474,1466633,0.0,4.41597,4.41365,4.35898,0.116403,4.20017,2.72537,1.14552,,102,19,32174,998432,0.0,3.92121,3.91522,3.87977,0.23744,3.45418,1.8777,0.82579,,137,20,31254,790293,0.0,3.44469,3.43886,3.41057,0.2218,2.93323,1.56431,0.661678,,109,21,28356,611382,0.0,2.82313,2.8178,2.79445,0.199461,2.41876,1.25719,0.521921,,142,20,29804,790891,0.0,3.30692,3.30134,3.2734,0.212799,2.88393,1.55423,0.653166,,108,17,23022,1318779,0.0,4.46133,4.45691,4.4107,0.188917,4.06956,2.44334,1.04889,,123,13,3816,1496755,0.0,4.15797,4.15713,4.09399,0.0571635,4.03815,2.85702,1.04219,,117,20,32318,803008,0.0,3.4588,3.4528,3.42364,0.233096,2.98917,1.56358,0.68267,,111,21,29626,626133,0.0,2.89871,2.8932,2.86974,0.207463,2.46432,1.2642,0.536031,,128,19,30200,982749,0.0,3.82011,3.81445,3.78028,0.224249,3.37775,1.85344,0.815814,,114,18,27208,1144490,0.0,4.15278,4.14753,4.10522,0.211656,3.73775,2.14983,0.924375,,126,20,30894,807643,0.0,3.42927,3.42341,3.39444,0.223425,2.98222,1.5931,0.677488,,120,21,28482,611018,0.0,2.83678,2.8314,2.80827,0.205043,2.43226,1.26119,0.523139,,133,17,23568,1308661,0.0,4.40957,4.40503,4.35925,0.190526,4.03692,2.41006,1.04019,,104,15,11030,1460851,0.0,4.30694,4.30472,4.24985,0.109642,4.09948,2.68312,1.10627,,119,18,28232,1171963,0.0,4.24663,4.24127,4.20084,0.216272,3.7947,2.17248,0.944687,,100,20,31240,799794,0.0,3.38813,3.38236,3.35373,0.226434,2.93894,1.54021,0.679602,,105,21,26414,575630,0.0,2.63016,2.62528,2.60398,0.187089,2.23709,1.14278,0.497518,,96,18,29198,1191328,0.0,4.31799,4.31244,4.27059,0.225997,3.88089,2.21607,0.961252,,113,17,22656,1305762,0.0,4.3384,4.33406,4.28852,0.182763,3.98534,2.38626,1.03974,,98,17,23462,1321299,0.0,4.41484,4.41035,4.36416,0.189758,4.04915,2.42491,1.04521,,127,17,23266,1323692,0.0,4.43033,4.42587,4.37934,0.189598,4.06693,2.43486,1.05295,,99,16,13596,1335202,0.0,4.07861,4.07593,4.02762,0.122967,3.83985,2.46579,1.01489,,125,20,32942,829872,0.0,3.57009,3.56385,3.53182,0.236301,3.09534,1.63505,0.70319,,135,22,23926,444062,0.0,2.18508,2.18062,2.16258,0.16703,1.84541,0.924238,0.388949,,103,20,32948,815139,0.0,3.50319,3.49713,3.46738,0.235724,3.02423,1.56897,0.699352,,131,19,31364,1038393,0.0,4.02667,4.02078,3.98426,0.233652,3.56505,1.95564,0.870331,,110,20,32090,817343,0.0,3.46,3.45409,3.42449,0.23139,3.00018,1.56789,0.69684,,139,21,25200,569021,0.0,2.55916,2.55448,2.53356,0.176793,2.204,1.15663,0.481334,,116,20,29758,795495,0.0,3.39284,3.38735,3.35903,0.214021,2.88501,1.53617,0.665019,,140,20,30060,767872,0.0,3.31277,3.30701,3.2791,0.215247,2.88108,1.54945,0.640551,,141,20,26308,759610,0.0,3.0739,3.06898,3.04264,0.189706,2.69662,1.4656,0.627635,,124,18,28008,1157312,0.0,4.17244,4.16715,4.12718,0.215049,3.75401,2.14989,0.933583,,115,18,28644,1185859,0.0,4.30625,4.30082,4.25971,0.219611,3.83504,2.19513,0.954075,,112,18,28108,1171315,0.0,4.21027,4.20494,4.16441,0.215963,3.79019,2.16585,0.95101,,97,19,27656,955829,0.0,3.65078,3.64556,3.61254,0.207684,3.23957,1.80423,0.784211,,118,18,29772,1188916,0.0,4.30504,4.2994,4.25849,0.226405,3.86262,2.18462,0.967456,,122,17,16880,1196124,0.0,3.87341,3.87013,3.82819,0.142019,3.57925,2.23235,0.918091,,134,16,17102,1409391,0.0,4.42616,4.4228,4.37254,0.150501,4.11989,2.56789,1.10497,,,,,,
101,20,32562,800782,0.0,3.48665,3.48066,3.45151,0.237995,3.00307,1.54465,0.693367,,121,18,28306,1187985,0.0,4.25021,4.24485,4.20419,0.216411,3.82114,2.17876,0.96613,,107,19,32786,1009460,0.0,4.07058,4.06445,4.0288,0.240494,3.56185,1.9345,0.859901,,138,21,30264,623201,0.0,2.93244,2.92672,2.90289,0.212816,2.4975,1.28029,0.535644,,106,17,23618,1313316,0.0,4.48651,4.48193,4.43281,0.192134,4.08495,2.43007,1.05956,,130,19,22182,887273,0.0,3.23434,3.23017,3.20035,0.168039,2.90541,1.66528,0.713881,,129,20,31674,804329,0.0,3.47161,3.46566,3.43633,0.227373,2.99987,1.59538,0.678144,,143,19,31430,1008809,0.0,3.98942,3.98352,3.94841,0.232619,3.49082,1.92461,0.828507,,132,19,27474,947696,0.0,3.61658,3.61147,3.57943,0.204547,3.20047,1.77549,0.7801,,136,16,17322,1414781,0.0,4.46454,4.46113,4.41054,0.155204,4.1742,2.60932,1.10602,,102,20,32146,807632,0.0,3.51801,3.51202,3.48268,0.233007,3.05021,1.59492,0.707742,,137,21,28112,595853,0.0,2.79043,2.78522,2.76314,0.196187,2.33619,1.19843,0.511403,,109,22,23804,438644,0.0,2.17226,2.16781,2.1503,0.16556,1.83656,0.920263,0.38553,,142,21,27388,601546,0.0,2.71184,2.70675,2.68451,0.19188,2.32861,1.20561,0.511179,,108,18,28280,1177322,0.0,4.44411,4.43876,4.39499,0.219949,3.94585,2.27468,0.987397,,123,14,6840,1485808,0.0,4.23571,4.2343,4.17593,0.0804443,4.07949,2.77528,1.09102,,117,21,29640,611000,0.0,2.86447,2.85892,2.83586,0.206767,2.44197,1.25066,0.527128,,111,22,25240,454583,0.0,2.2673,2.26268,2.24502,0.173877,1.90103,0.942689,0.400636,,128,20,30320,788815,0.0,3.34253,3.33685,3.30831,0.218666,2.90786,1.54477,0.667226,,114,19,29892,968043,0.0,3.80475,3.79905,3.76113,0.223663,3.36076,1.84662,0.803551,,126,21,28408,612064,0.0,2.81968,2.81432,2.79132,0.19926,2.41548,1.25141,0.524054,,120,22,23942,439928,0.0,2.18397,2.17954,2.16231,0.169926,1.84802,0.923443,0.386175,,133,18,28546,1161761,0.0,4.22961,4.22422,4.18395,0.218958,3.79531,2.16324,0.944881,,104,16,16620,1407933,0.0,4.36598,4.36273,4.31236,0.146639,4.08897,2.56399,1.09189,,119,19,30940,992139,0.0,3.90567,3.89993,3.86506,0.228952,3.42044,1.87032,0.824015,,100,21,28764,605548,0.0,2.79887,2.79357,2.77091,0.203911,2.39282,1.21799,0.524553,,105,22,22196,413058,0.0,2.02688,2.02281,2.00708,0.153053,1.70253,0.850887,0.361379,,96,19,32744,1018698,0.0,4.01651,4.01037,3.97409,0.242567,3.53883,1.92892,0.842723,,113,18,27848,1171753,0.0,4.18736,4.18213,4.14186,0.21294,3.77124,2.16258,0.944546,,98,18,28654,1176336,0.0,4.241,4.23555,4.19483,0.219663,3.81267,2.18038,0.949699,,127,18,28436,1188752,0.0,4.28486,4.27948,4.23801,0.224403,3.85813,2.20504,0.963902,,99,17,17562,1208356,0.0,3.88735,3.88398,3.84251,0.14583,3.60213,2.22916,0.932603,,125,21,30348,637144,0.0,2.95841,2.95269,2.92755,0.213434,2.53017,1.30005,0.547975,,135,23,18948,304725,0.0,1.61369,1.61016,1.59729,0.131928,1.347,0.653651,0.274519,,103,21,30582,623327,0.0,2.91965,2.91401,2.89064,0.213665,2.48496,1.26412,0.537926,,131,20,32146,851060,0.0,3.59407,3.58796,3.55713,0.231148,3.13266,1.67158,0.723634,,110,21,29440,628079,0.0,2.87309,2.86765,2.84415,0.207008,2.46093,1.26591,0.536983,,139,22,20896,405703,0.0,1.94335,1.93953,1.92426,0.145829,1.65216,0.834537,0.352918,,116,21,27272,607202,0.0,2.9038,2.89872,2.87619,0.191121,2.46517,1.30057,0.515734,,140,21,27218,578069,0.0,2.67792,2.6728,2.65118,0.191582,2.29382,1.18505,0.494289,,141,21,23998,576809,0.0,2.50885,2.50441,2.4836,0.168419,2.17069,1.15189,0.480901,,124,19,30588,977506,0.0,3.81134,3.80561,3.77184,0.226775,3.36526,1.84421,0.805878,,115,19,32108,1011787,0.0,4.01014,4.00409,3.96878,0.236821,3.49375,1.90428,0.840638,,112,19,31100,996874,0.0,3.88201,3.87622,3.84122,0.229737,3.42876,1.87435,0.827326,,97,20,27572,761588,0.0,3.14215,3.13703,3.11004,0.200364,2.73886,1.46248,0.640442,,118,19,33340,1013500,0.0,4.00177,3.99554,3.95999,0.243613,3.5189,1.89739,0.845797,,122,18,19664,1037943,0.0,3.57984,3.57608,3.54006,0.156378,3.25109,1.94674,0.821333,,134,17,23258,1310974,0.0,4.40931,4.40484,4.35942,0.187735,4.01806,2.3958,1.04534,,,,,,
101,21,29600,605636,0.0,2.82615,2.82067,2.79803,0.206079,2.4069,1.22591,0.521184,,121,19,31242,1009587,0.0,3.91429,3.9085,3.87333,0.230769,3.4513,1.88257,0.839598,,107,20,33068,814899,0.0,3.50611,3.50001,3.47065,0.235176,3.01542,1.57371,0.689538,,138,22,25364,449090,0.0,2.26868,2.26392,2.24605,0.177552,1.90808,0.946545,0.396561,,106,18,28794,1172634,0.0,4.31136,4.30589,4.26519,0.222132,3.84177,2.18767,0.952409,,130,20,21884,697807,0.0,2.73111,2.72706,2.70334,0.161156,2.41314,1.32753,0.575555,,129,21,29116,613438,0.0,2.85743,2.852,2.82918,0.204058,2.43192,1.25263,0.525756,,143,20,31606,812236,0.0,3.50861,3.50262,3.47332,0.226376,3.01816,1.62144,0.674152,,132,20,27388,750565,0.0,3.1178,3.11271,3.08628,0.19831,2.7101,1.44696,0.63269,,136,17,23508,1320796,0.0,4.45606,4.45153,4.40542,0.192585,4.08754,2.44331,1.05363,,102,21,29374,608331,0.0,2.83115,2.82575,2.80281,0.207727,2.41569,1.22362,0.528215,,137,22,23410,420385,0.0,2.1428,2.13847,2.12176,0.163398,1.76688,0.874784,0.373259,,109,23,18532,297722,0.0,1.57667,1.57327,1.56083,0.128903,1.31813,0.636595,0.272213,,142,22,22952,433205,0.0,2.10273,2.09848,2.08144,0.160764,1.78441,0.895433,0.378847,,108,19,31002,997112,0.0,3.92367,3.91787,3.88255,0.229376,3.42953,1.88093,0.822637,,123,15,11208,1458844,0.0,4.32549,4.32327,4.26885,0.109872,4.11379,2.67517,1.12615,,117,22,24888,436729,0.0,2.19269,2.18812,2.17104,0.171381,1.84239,0.907059,0.385758,,111,23,19432,309088,0.0,1.64006,1.63652,1.62397,0.133687,1.35994,0.653786,0.279632,,128,21,27992,601194,0.0,2.76119,2.75596,2.73396,0.195868,2.36806,1.22321,0.517177,,114,20,29728,776492,0.0,3.30062,3.295,3.26548,0.216189,2.86854,1.51698,0.6597,,126,22,23914,437976,0.0,2.16601,2.16156,2.1445,0.166571,1.82972,0.914761,0.383436,,120,23,18620,299288,0.0,1.5873,1.58385,1.57154,0.131735,1.32805,0.64377,0.270081,,133,19,31260,977298,0.0,3.8627,3.85684,3.82282,0.231861,3.39848,1.85032,0.812191,,104,17,22488,1310886,0.0,4.3317,4.32741,4.28142,0.182037,3.98177,2.38847,1.03763,,119,20,31352,801719,0.0,3.44043,3.43459,3.40552,0.225751,2.95808,1.55559,0.681938,,100,22,23984,430345,0.0,2.14017,2.13577,2.11919,0.166133,1.80715,0.897444,0.378344,,105,23,17290,275292,0.0,1.46556,1.46246,1.45139,0.117921,1.21484,0.587714,0.248744,,96,20,32780,822306,0.0,3.51413,3.50808,3.4779,0.235675,3.04331,1.58998,0.69837,,113,19,30482,996193,0.0,3.84088,3.83519,3.80044,0.225391,3.39579,1.86389,0.820908,,98,19,31652,993819,0.0,3.89271,3.88678,3.85177,0.234066,3.43112,1.86785,0.827174,,127,19,31750,1018877,0.0,3.97548,3.96957,3.9337,0.23554,3.51076,1.92132,0.844864,,99,18,20642,1044327,0.0,3.58081,3.57689,3.54191,0.162216,3.26084,1.93794,0.823492,,125,22,25590,459510,0.0,2.29842,2.29364,2.27461,0.177917,1.94096,0.959608,0.411221,,135,24,13740,194700,0.0,1.11826,1.11569,1.1071,0.096785,0.925596,0.440521,0.182006,,103,22,25332,441809,0.0,2.22585,2.22123,2.20402,0.173893,1.86961,0.919841,0.391713,,131,21,29984,659087,0.0,3.01134,3.00572,2.98113,0.210471,2.58791,1.33855,0.57322,,110,22,25164,454925,0.0,2.24844,2.24384,2.22612,0.173495,1.89966,0.943391,0.400516,,139,23,16354,265752,0.0,1.39399,1.391,1.3804,0.114798,1.16834,0.56721,0.240087,,116,22,22844,440445,0.0,2.13489,2.1307,2.11386,0.158185,1.80141,0.914802,0.381764,,140,22,22532,408778,0.0,2.03974,2.0355,2.01927,0.158152,1.72403,0.859227,0.359886,,141,22,20214,411547,0.0,1.92169,1.91799,1.90244,0.139953,1.64048,0.839552,0.353343,,124,20,30478,778109,0.0,3.30133,3.29566,3.26793,0.219679,2.86545,1.50988,0.657417,,115,20,32362,811971,0.0,3.50469,3.49867,3.46918,0.233205,2.99343,1.56398,0.688308,,112,20,31272,800352,0.0,3.45047,3.44471,3.41587,0.232021,3.00237,1.5686,0.699513,,97,21,25392,578707,0.0,2.57954,2.57487,2.55361,0.181471,2.21265,1.13318,0.501579,,118,20,33620,819248,0.0,3.53408,3.52785,3.49822,0.239299,3.05516,1.58491,0.702256,,122,19,20974,860501,0.0,3.1585,3.15454,3.12541,0.160266,2.81804,1.62643,0.68995,,134,18,28376,1171529,0.0,4.25107,4.24569,4.2051,0.217092,3.79095,2.15834,0.952917,,,,,,
101,22,24504,430345,0.0,2.1596,2.15511,2.13839,0.168086,1.81637,0.896623,0.380853,,121,20,31414,812333,0.0,3.42412,3.41834,3.38931,0.225817,2.96731,1.55561,0.693039,,107,21,30236,618264,0.0,2.90493,2.89929,2.87589,0.210303,2.46394,1.25755,0.532087,,138,23,19526,302362,0.0,1.66875,1.66495,1.65205,0.139234,1.3917,0.678359,0.27723,,106,19,31990,995231,0.0,3.98558,3.97957,3.94466,0.237495,3.47649,1.88985,0.826975,,130,21,19782,516072,0.0,2.17227,2.16864,2.15048,0.142114,1.88977,1.00259,0.434627,,129,22,24482,436739,0.0,2.19916,2.19462,2.17747,0.170483,1.84483,0.915401,0.386019,,143,21,28780,616200,0.0,2.86821,2.86281,2.8393,0.203958,2.42754,1.25292,0.526288,,132,21,24934,562352,0.0,2.53341,2.52878,2.50828,0.175071,2.17057,1.1338,0.478101,,136,18,28956,1180389,0.0,4.30111,4.29563,4.25449,0.223386,3.865,2.20774,0.957993,,102,22,24402,435988,0.0,2.18817,2.18368,2.16654,0.168883,1.84746,0.921695,0.384227,,137,23,18186,285209,0.0,1.56462,1.56123,1.54945,0.126781,1.27493,0.615255,0.260217,,109,24,13502,193680,0.0,1.07958,1.07713,1.06882,0.0929273,0.893583,0.420441,0.179277,,142,23,17572,293924,0.0,1.52381,1.52055,1.50851,0.123823,1.28152,0.628264,0.265043,,108,20,31054,805157,0.0,3.44133,3.43555,3.40663,0.224175,2.95525,1.56362,0.678622,,123,16,16660,1397691,0.0,4.35213,4.3489,4.2995,0.146135,4.07225,2.54438,1.09516,,117,23,19082,294269,0.0,1.58687,1.58338,1.57129,0.131443,1.31975,0.6331,0.267452,,111,24,14138,199060,0.0,1.13245,1.12989,1.12142,0.0976345,0.929934,0.435376,0.185238,,128,22,23300,423168,0.0,2.09295,2.08866,2.0723,0.161491,1.76935,0.879203,0.374134,,114,21,27134,585516,0.0,2.71277,2.70763,2.68441,0.19086,2.32387,1.20291,0.50651,,126,23,18434,296994,0.0,1.56345,1.56005,1.54804,0.128526,1.30672,0.633164,0.267316,,120,24,13520,193555,0.0,1.09411,1.09164,1.08336,0.0958346,0.907454,0.429126,0.179221,,133,20,30934,781929,0.0,3.35711,3.3513,3.32308,0.221451,2.9081,1.54299,0.656857,,104,18,27462,1168675,0.0,4.15745,4.15228,4.11189,0.210785,3.74774,2.15257,0.939866,,119,21,29026,611692,0.0,2.84817,2.84276,2.81971,0.202573,2.41163,1.23983,0.523536,,100,23,18342,288657,0.0,1.53128,1.52794,1.51616,0.126343,1.2786,0.613907,0.262013,,105,24,12328,174165,0.0,0.986364,0.984163,0.977012,0.0839994,0.808985,0.379842,0.161316,,96,21,29984,633305,0.0,2.91705,2.91154,2.88757,0.213894,2.49089,1.25579,0.552433,,113,20,30588,805202,0.0,3.36627,3.36066,3.33183,0.220804,2.92649,1.54227,0.682002,,98,20,31738,801496,0.0,3.40447,3.39864,3.36975,0.229359,2.94857,1.53981,0.683295,,127,20,32296,828551,0.0,3.52898,3.52293,3.49286,0.231544,3.06809,1.63333,0.694972,,99,19,22014,848300,0.0,3.12279,3.11868,3.09049,0.165724,2.79196,1.58809,0.685704,,125,23,20028,314392,0.0,1.72864,1.72492,1.7111,0.1452,1.44818,0.692848,0.307577,,135,25,9060,116983,0.0,0.719121,0.717375,0.711941,0.063719,0.593069,0.282283,0.112234,,103,23,19572,292835,0.0,1.59046,1.58697,1.57508,0.133391,1.31818,0.623891,0.268292,,131,22,26150,481915,0.0,2.38049,2.37562,2.35674,0.18335,2.01616,1.00265,0.430351,,110,23,19650,309525,0.0,1.63665,1.63309,1.62057,0.134697,1.36675,0.656325,0.280437,,139,24,11488,165327,0.0,0.925179,0.923088,0.916059,0.0794713,0.767381,0.364109,0.152358,,116,23,18136,303552,0.0,1.57653,1.57321,1.56105,0.125522,1.32682,0.656609,0.27194,,140,23,17484,275469,0.0,1.47876,1.47548,1.46419,0.121985,1.23646,0.598736,0.249899,,141,23,15564,282181,0.0,1.39499,1.39213,1.38127,0.108176,1.18029,0.590767,0.24675,,124,21,27724,587432,0.0,2.70141,2.69623,2.67444,0.19384,2.3131,1.1922,0.5021,,115,21,29982,622201,0.0,2.93522,2.92961,2.90624,0.210753,2.47121,1.26863,0.532478,,112,21,28644,616270,0.0,2.81059,2.80529,2.78243,0.201168,2.40986,1.24277,0.52661,,97,22,21492,414486,0.0,1.98997,1.98608,1.97044,0.150914,1.68358,0.835161,0.366408,,118,21,30788,620981,0.0,2.90561,2.89992,2.87652,0.213514,2.47639,1.25248,0.538519,,122,20,20464,671480,0.0,2.64394,2.64013,2.61759,0.151984,2.31925,1.28581,0.552617,,134,19,31454,995846,0.0,3.95151,3.94564,3.91076,0.233641,3.45067,1.87828,0.832109,,,,,,
101,23,18764,286190,0.0,1.54119,1.53781,1.5262,0.12782,1.28048,0.610329,0.260894,,121,21,28816,620017,0.0,2.82413,2.81877,2.79591,0.201201,2.41418,1.23881,0.532787,,107,22,25310,443041,0.0,2.22671,2.22212,2.20469,0.174081,1.86223,0.913632,0.392951,,138,24,13988,194375,0.0,1.16418,1.16132,1.1525,0.100426,0.96786,0.475434,0.182527,,106,20,31780,798793,0.0,3.47298,3.46708,3.43795,0.229866,2.97329,1.54785,0.68325,,130,22,16718,368476,0.0,1.67959,1.67646,1.66312,0.117086,1.44502,0.756575,0.31326,,129,23,19038,294174,0.0,1.59688,1.59339,1.58125,0.132636,1.32386,0.636057,0.268402,,143,22,24352,445709,0.0,2.25259,2.24794,2.23003,0.172834,1.88226,0.944675,0.393285,,132,22,20734,401926,0.0,1.92542,1.92161,1.90672,0.143287,1.62756,0.818136,0.350702,,136,19,32218,1009705,0.0,3.99578,3.98975,3.95435,0.239214,3.52237,1.92128,0.842215,,102,23,18938,294793,0.0,1.57535,1.57193,1.56006,0.129075,1.31425,0.633224,0.267138,,137,24,12844,182093,0.0,1.07988,1.07739,1.06948,0.0914118,0.875788,0.423252,0.170309,,109,25,9058,116229,0.0,0.687637,0.686024,0.680938,0.0618674,0.563884,0.257652,0.110584,,142,24,12750,188919,0.0,1.06991,1.0674,1.0593,0.0917641,0.895319,0.439284,0.174126,,108,21,28468,610723,0.0,2.82517,2.81986,2.79727,0.198356,2.38935,1.23442,0.519334,,123,17,22386,1297404,0.0,4.29221,4.28796,4.24328,0.181018,3.94041,2.35828,1.02919,,117,24,13458,185794,0.0,1.06316,1.06074,1.05302,0.0926104,0.876302,0.408636,0.173982,,111,25,9552,121123,0.0,0.731984,0.730284,0.724961,0.0659541,0.595931,0.272488,0.11585,,128,23,18038,283084,0.0,1.50849,1.50522,1.49366,0.124577,1.25993,0.607342,0.257049,,114,22,22890,420861,0.0,2.08809,2.08382,2.06659,0.1589,1.76652,0.88378,0.369118,,126,24,13152,189169,0.0,1.07006,1.06761,1.05959,0.0926586,0.887422,0.421764,0.17563,,120,25,9236,119082,0.0,0.720774,0.719072,0.713763,0.0661536,0.593592,0.274908,0.114024,,133,21,28192,589924,0.0,2.74072,2.73548,2.71345,0.196647,2.33805,1.20053,0.505389,,104,19,30290,993114,0.0,3.81966,3.81399,3.77918,0.224882,3.3793,1.85656,0.816803,,119,22,24326,442981,0.0,2.23108,2.22662,2.20955,0.170555,1.8611,0.924085,0.391568,,100,24,13352,186932,0.0,1.05868,1.0563,1.04851,0.0922887,0.875819,0.407393,0.174766,,105,25,8006,103564,0.0,0.613652,0.612254,0.607831,0.0545114,0.499134,0.227841,0.0983167,,96,22,25620,461413,0.0,2.28483,2.28013,2.26215,0.176587,1.92909,0.956675,0.405023,,113,21,27948,614976,0.0,2.77493,2.76976,2.74719,0.196697,2.38242,1.23502,0.521808,,98,21,29012,609861,0.0,2.79864,2.79337,2.77086,0.206184,2.38688,1.19667,0.535692,,127,21,29644,632763,0.0,2.91119,2.90566,2.88206,0.207475,2.49499,1.28675,0.542179,,99,20,21092,653813,0.0,2.58428,2.58038,2.55796,0.154876,2.27296,1.2435,0.541768,,125,24,14382,201501,0.0,1.15603,1.15331,1.14421,0.100571,0.957738,0.452297,0.18915,,135,26,5724,67941,0.0,0.442052,0.440931,0.437539,0.0405266,0.362818,0.17122,0.0666724,,103,24,13594,181963,0.0,1.0559,1.0535,1.04575,0.0932204,0.867502,0.400056,0.171495,,131,23,20456,326008,0.0,1.74035,1.73652,1.72311,0.142411,1.45746,0.704112,0.301436,,110,24,14288,197128,0.0,1.11947,1.11691,1.10853,0.098137,0.924589,0.429709,0.183819,,139,25,7600,99997,0.0,0.593667,0.592287,0.587789,0.0537057,0.489592,0.227104,0.0955256,,116,24,13242,194841,0.0,1.099,1.09661,1.08844,0.0917494,0.918238,0.420493,0.19667,,140,24,12446,173283,0.0,1.01813,1.01572,1.00804,0.0904841,0.845374,0.40196,0.164117,,141,24,10886,180268,0.0,0.931661,0.929694,0.922417,0.0755227,0.782354,0.383105,0.160571,,124,22,23122,421648,0.0,2.07267,2.06844,2.0523,0.15946,1.75226,0.871758,0.370236,,115,22,24970,448859,0.0,2.25874,2.25414,2.23657,0.172018,1.87613,0.929916,0.39515,,112,22,24046,442028,0.0,2.15909,2.15473,2.13793,0.16553,1.82619,0.908258,0.387638,,97,23,16696,278422,0.0,1.43883,1.43578,1.42484,0.114033,1.20457,0.588693,0.250049,,118,22,25878,447609,0.0,2.25566,2.25095,2.23334,0.177736,1.8983,0.929798,0.398458,,122,21,18244,485929,0.0,2.06265,2.05928,2.04208,0.131995,1.77682,0.947464,0.409211,,134,20,31308,798198,0.0,3.4231,3.41729,3.38889,0.223696,2.94014,1.55569,0.671714,,,,,,
101,24,13360,180339,0.0,1.03816,1.03576,1.02812,0.0915864,0.853922,0.394795,0.169241,,121,22,24482,450317,0.0,2.19866,2.19419,2.17712,0.168692,1.85443,0.918338,0.396959,,107,23,19718,300313,0.0,1.62694,1.62338,1.61099,0.135729,1.34516,0.639223,0.273821,,138,25,9488,117629,0.0,0.770811,0.768809,0.763094,0.0716174,0.637272,0.310942,0.113083,,106,21,29288,609407,0.0,2.8807,2.87523,2.85221,0.205396,2.43025,1.24054,0.523918,,130,23,12988,247380,0.0,1.1961,1.19373,1.18477,0.0901627,1.0161,0.512327,0.215934,,129,24,13546,184461,0.0,1.08637,1.08386,1.07579,0.0953208,0.892612,0.419467,0.174804,,143,23,18982,302343,0.0,1.69122,1.68732,1.6742,0.137983,1.40525,0.707552,0.274453,,132,23,15918,270057,0.0,1.38741,1.3845,1.37395,0.11008,1.15973,0.568192,0.241484,,136,20,32554,811459,0.0,3.51757,3.5114,3.48139,0.233504,3.04972,1.62151,0.681866,,102,24,13272,187378,0.0,1.05409,1.05173,1.044,0.0903644,0.872267,0.410096,0.173235,,137,25,8424,109097,0.0,0.688968,0.687326,0.68233,0.0597552,0.556522,0.269205,0.104108,,109,26,5604,67012,0.0,0.414904,0.413913,0.410877,0.0382563,0.338434,0.15286,0.0649549,,142,25,8498,113452,0.0,0.691426,0.689714,0.684553,0.0618168,0.575799,0.281863,0.106842,,108,22,23764,437367,0.0,2.17659,2.17225,2.15536,0.164022,1.81613,0.905661,0.384742,,123,18,27532,1154164,0.0,4.12639,4.12122,4.08175,0.210794,3.71125,2.12094,0.934018,,117,25,8666,108808,0.0,0.657391,0.655845,0.651046,0.0594572,0.5378,0.246156,0.104207,,111,26,6044,70361,0.0,0.44649,0.445421,0.442278,0.0414178,0.360973,0.161781,0.0686268,,128,24,12820,179298,0.0,1.01656,1.01425,1.00673,0.0886279,0.841185,0.393752,0.167596,,114,23,17774,284850,0.0,1.51181,1.50853,1.49641,0.122414,1.26458,0.613766,0.256602,,126,25,9076,113431,0.0,0.704329,0.702623,0.697458,0.0635578,0.578642,0.26927,0.110131,,120,26,5752,68605,0.0,0.439811,0.438738,0.435561,0.0412288,0.360647,0.165478,0.0676689,,133,22,23638,419293,0.0,2.10663,2.10225,2.08581,0.163636,1.77237,0.877609,0.370358,,104,20,30482,799185,0.0,3.33243,3.32682,3.2984,0.220112,2.89661,1.52333,0.675505,,119,23,18674,300429,0.0,1.58543,1.58205,1.57005,0.128848,1.31052,0.631353,0.270401,,100,25,8932,110610,0.0,0.668684,0.667132,0.662404,0.0607084,0.547394,0.248114,0.106213,,105,26,4980,59681,0.0,0.370967,0.370096,0.367414,0.0338692,0.299759,0.134426,0.0581176,,96,23,20094,316376,0.0,1.68309,1.6795,1.66652,0.137315,1.40539,0.677671,0.286725,,113,22,23692,442237,0.0,2.14097,2.13666,2.11982,0.1632,1.81223,0.903513,0.385686,,98,22,24312,432942,0.0,2.15481,2.15041,2.13366,0.167645,1.81567,0.894957,0.384833,,127,22,25058,454604,0.0,2.25236,2.24773,2.22977,0.174726,1.90407,0.945638,0.400973,,99,21,18822,488676,0.0,2.06288,2.05946,2.04222,0.135818,1.78812,0.944428,0.41384,,125,25,9552,122653,0.0,0.754222,0.752375,0.74653,0.0681474,0.622603,0.29195,0.118886,,135,27,3556,38211,0.0,0.266215,0.265515,0.263609,0.0251556,0.217259,0.101746,0.0382616,,103,25,8886,108957,0.0,0.665801,0.664238,0.659377,0.0606823,0.543209,0.245737,0.105335,,131,24,14994,211474,0.0,1.23575,1.23283,1.22341,0.107885,1.02885,0.491857,0.203234,,110,25,9466,118283,0.0,0.7117,0.71002,0.70488,0.0647075,0.583442,0.265536,0.113288,,139,26,4940,59940,0.0,0.376263,0.375358,0.372675,0.0345589,0.308639,0.142115,0.0584792,,116,25,8980,120832,0.0,0.705099,0.703449,0.698186,0.0624621,0.582632,0.27187,0.114665,,140,25,8238,103719,0.0,0.648761,0.647134,0.642355,0.0583954,0.536036,0.256026,0.0990462,,141,25,7328,111449,0.0,0.602334,0.601024,0.596508,0.0518575,0.502505,0.239688,0.101257,,124,23,17986,285525,0.0,1.50691,1.50366,1.49225,0.123679,1.25959,0.608703,0.257836,,115,23,19716,306530,0.0,1.66343,1.65983,1.64733,0.135598,1.36328,0.653267,0.278401,,112,23,18816,296891,0.0,1.56064,1.55729,1.54525,0.1285,1.30313,0.624051,0.26882,,97,24,11924,178689,0.0,0.975747,0.973599,0.966444,0.0813954,0.80975,0.386716,0.163147,,118,23,20140,302014,0.0,1.63617,1.63255,1.62011,0.137923,1.36054,0.6446,0.276231,,122,22,14936,341421,0.0,1.5564,1.55361,1.54148,0.106398,1.3272,0.700012,0.289713,,134,21,28644,603698,0.0,2.84754,2.84222,2.81966,0.203261,2.41122,1.23473,0.520638,,,,,,
101,25,8714,107758,0.0,0.654456,0.652921,0.648161,0.0598094,0.534773,0.241636,0.104201,,121,23,18942,303947,0.0,1.59381,1.59038,1.57824,0.130281,1.32906,0.63918,0.275738,,107,24,13910,190423,0.0,1.09645,1.09394,1.08576,0.0961947,0.898605,0.417703,0.178412,,138,26,5858,65467,0.0,0.47115,0.469898,0.466255,0.051528,0.386232,0.18094,0.0652793,,106,22,24656,441149,0.0,2.24068,2.23613,2.21903,0.169736,1.86555,0.92498,0.387627,,130,24,9306,153761,0.0,0.793442,0.791791,0.786002,0.0635377,0.665794,0.323912,0.138063,,129,25,9084,110592,0.0,0.705151,0.703419,0.698332,0.0637318,0.575855,0.268475,0.10829,,143,24,13626,190488,0.0,1.19102,1.18813,1.17893,0.108531,0.983549,0.491127,0.178725,,132,24,11202,172392,0.0,0.923978,0.921975,0.915177,0.0770803,0.765363,0.364061,0.157263,,136,21,29776,616060,0.0,2.87607,2.87052,2.84733,0.208535,2.45626,1.25884,0.528227,,102,25,8862,114338,0.0,0.678645,0.677077,0.672136,0.0604977,0.557509,0.257036,0.107999,,137,26,5244,62353,0.0,0.42118,0.420123,0.417161,0.0380479,0.338766,0.163148,0.0607347,,109,27,3386,36282,0.0,0.242136,0.241533,0.239817,0.0231081,0.196065,0.0869199,0.0362722,,142,26,5386,64413,0.0,0.424907,0.423803,0.420702,0.0407561,0.35158,0.168954,0.0627709,,108,23,18458,298253,0.0,1.58195,1.57859,1.5665,0.127168,1.30449,0.631635,0.268093,,123,19,30330,970631,0.0,3.77064,3.76501,3.73185,0.22365,3.32508,1.81273,0.80723,,117,26,5580,63153,0.0,0.413075,0.412066,0.409104,0.0389335,0.335625,0.150495,0.0632654,,111,27,3518,37294,0.0,0.251176,0.250572,0.248773,0.0241909,0.201632,0.088752,0.0374038,,128,25,8424,106714,0.0,0.646467,0.644929,0.640187,0.0584825,0.531469,0.245472,0.1024,,114,24,12806,182530,0.0,1.03717,1.0348,1.02662,0.0886695,0.858073,0.403887,0.169402,,126,26,5586,63587,0.0,0.421019,0.419944,0.416939,0.039212,0.34455,0.160013,0.0627449,,120,27,3418,36864,0.0,0.253625,0.252992,0.251165,0.0253132,0.206972,0.0940254,0.0371505,,133,23,17958,278540,0.0,1.49569,1.4924,1.48102,0.123806,1.24427,0.595883,0.253467,,104,21,27978,606744,0.0,2.74184,2.73673,2.71428,0.19802,2.34719,1.19174,0.524953,,119,24,13358,191388,0.0,1.07873,1.07634,1.0684,0.0924959,0.882973,0.414888,0.176614,,100,26,5372,61460,0.0,0.391553,0.39062,0.387853,0.0366859,0.318801,0.142414,0.0603653,,105,27,3024,34671,0.0,0.223487,0.222972,0.221398,0.0206745,0.180206,0.0800609,0.0341138,,96,24,14766,205825,0.0,1.16735,1.16471,1.15612,0.100642,0.96511,0.451166,0.19249,,113,23,18606,297917,0.0,1.55986,1.55652,1.54462,0.127457,1.3037,0.62928,0.268197,,98,23,18754,291329,0.0,1.55373,1.5504,1.53871,0.127628,1.2951,0.620929,0.264763,,127,23,19608,309211,0.0,1.64704,1.64344,1.63072,0.135961,1.37677,0.665666,0.279307,,99,22,15356,343522,0.0,1.54192,1.53914,1.52719,0.109941,1.31956,0.673322,0.299055,,125,26,6130,71053,0.0,0.467701,0.466503,0.462958,0.0448124,0.384427,0.179074,0.0704476,,135,28,1920,19048,0.0,0.140262,0.139899,0.13896,0.0138339,0.113951,0.0525585,0.0195887,,103,26,5670,61850,0.0,0.405763,0.404791,0.401958,0.0386815,0.328013,0.144262,0.0616943,,131,25,10296,130628,0.0,0.82147,0.819409,0.813331,0.0735105,0.680952,0.326689,0.128045,,110,26,5902,66958,0.0,0.427687,0.426655,0.423667,0.0403821,0.348088,0.154803,0.0659375,,139,27,2870,32425,0.0,0.213779,0.213244,0.211729,0.0204094,0.174671,0.0798394,0.031963,,116,26,5776,71108,0.0,0.44199,0.44091,0.437668,0.040531,0.363073,0.167337,0.0693038,,140,26,5106,58767,0.0,0.390323,0.389308,0.386482,0.0362953,0.320731,0.151352,0.0574295,,141,26,4692,66168,0.0,0.371849,0.371025,0.368255,0.032328,0.308238,0.145383,0.0611855,,124,24,12686,180273,0.0,1.00932,1.00702,0.999451,0.087394,0.835842,0.393225,0.166734,,115,24,14120,194680,0.0,1.13082,1.12828,1.12002,0.0975368,0.917525,0.428245,0.181888,,112,24,13462,191792,0.0,1.06825,1.06585,1.05799,0.0925182,0.884626,0.413672,0.17792,,97,25,7854,106721,0.0,0.616151,0.614759,0.61029,0.0534756,0.507247,0.235639,0.100693,,118,24,14196,188496,0.0,1.09186,1.08931,1.08125,0.0975763,0.899076,0.412827,0.177622,,122,23,11146,225475,0.0,1.08296,1.08091,1.07284,0.0781968,0.913928,0.470498,0.194803,,134,22,24142,428286,0.0,2.16984,2.16539,2.14845,0.168141,1.80513,0.89157,0.37864,,,,,,
101,26,5452,60559,0.0,0.391873,0.39094,0.388155,0.0370826,0.317309,0.140099,0.0601819,,121,24,13586,193604,0.0,1.08087,1.07846,1.07032,0.0935273,0.892349,0.417107,0.179578,,107,25,9328,116793,0.0,0.711354,0.709676,0.70453,0.0641283,0.579285,0.265065,0.112249,,138,27,3478,35357,0.0,0.276007,0.275278,0.273215,0.034862,0.22463,0.0997954,0.0365215,,106,23,19008,295732,0.0,1.61198,1.6085,1.59633,0.12982,1.32514,0.633948,0.268176,,130,25,6220,90527,0.0,0.501131,0.500032,0.49637,0.0424448,0.416215,0.197145,0.0837675,,129,26,5578,61908,0.0,0.419444,0.418379,0.415383,0.0390832,0.340829,0.158327,0.0616973,,143,25,9070,116319,0.0,0.795406,0.79362,0.78753,0.0873578,0.648905,0.308388,0.111868,,132,25,7454,103524,0.0,0.593829,0.592491,0.58822,0.0518848,0.488302,0.228847,0.0967156,,136,22,24906,441823,0.0,2.22563,2.22098,2.20344,0.173659,1.87746,0.931061,0.391724,,102,26,5646,66277,0.0,0.412157,0.41117,0.408272,0.03842,0.335826,0.14917,0.0649377,,137,27,3016,32055,0.0,0.23482,0.234227,0.232577,0.0237132,0.187214,0.0871039,0.0323598,,109,28,1832,18260,0.0,0.125991,0.125685,0.12481,0.012565,0.101429,0.0437734,0.0185883,,142,27,3088,34534,0.0,0.23965,0.239026,0.237292,0.0239322,0.197525,0.0939051,0.0341925,,108,24,13186,195223,0.0,1.09057,1.08815,1.07999,0.091366,0.89253,0.425217,0.178225,,123,20,29988,778038,0.0,3.26489,3.25942,3.23186,0.215668,2.83155,1.48607,0.659699,,117,27,3306,34010,0.0,0.237181,0.236588,0.234949,0.0233694,0.19149,0.083949,0.0351311,,111,28,1948,18866,0.0,0.137132,0.136783,0.135859,0.0135914,0.10928,0.0469512,0.0198664,,128,26,5282,60324,0.0,0.392154,0.391199,0.388445,0.0369326,0.319966,0.144362,0.0601727,,114,25,8604,109200,0.0,0.654515,0.652958,0.648027,0.0590135,0.536935,0.24553,0.103976,,126,27,3264,33880,0.0,0.237551,0.236933,0.2353,0.0228213,0.193238,0.0886793,0.0341778,,120,28,1860,18931,0.0,0.134532,0.134194,0.133201,0.0133727,0.109243,0.0494863,0.0191938,,133,24,12636,175196,0.0,1.01141,1.00907,1.00148,0.0890636,0.834952,0.392173,0.16417,,104,22,23346,434642,0.0,2.10801,2.10374,2.08725,0.160552,1.78526,0.89083,0.379712,,119,25,8898,114908,0.0,0.68995,0.688346,0.683344,0.061254,0.560184,0.258229,0.109056,,100,27,3010,32763,0.0,0.213675,0.213165,0.211662,0.0205997,0.173128,0.0757234,0.0326392,,105,28,1758,18024,0.0,0.122689,0.122401,0.121582,0.0119945,0.0978603,0.0419325,0.0182788,,96,25,9992,125161,0.0,0.751374,0.74962,0.744155,0.0676708,0.615428,0.279572,0.120055,,113,24,13392,190418,0.0,1.06193,1.05956,1.05162,0.0921578,0.878881,0.411141,0.176035,,98,24,13284,185354,0.0,1.04207,1.03973,1.03212,0.0898964,0.859913,0.400657,0.171896,,127,24,14150,196942,0.0,1.13961,1.13696,1.12832,0.100172,0.944971,0.446582,0.185236,,99,23,11766,227433,0.0,1.08848,1.0864,1.078,0.0830737,0.919962,0.454341,0.202271,,125,27,3630,39946,0.0,0.270536,0.269826,0.267841,0.025743,0.221336,0.102383,0.0400041,,135,29,912,8388,0.0,0.0653163,0.0651464,0.0646847,0.00652803,0.0527927,0.0241143,0.00888388,,103,27,3162,33687,0.0,0.223019,0.222483,0.220963,0.0215075,0.179916,0.078199,0.0338789,,131,26,6536,74004,0.0,0.507393,0.506064,0.502412,0.0483753,0.418129,0.197875,0.0751238,,110,27,3396,35066,0.0,0.239257,0.238652,0.236982,0.0233332,0.193468,0.0848046,0.0356723,,139,28,1588,16486,0.0,0.114522,0.114239,0.11344,0.0111166,0.0930773,0.0419781,0.0167815,,116,27,3468,39924,0.0,0.279343,0.278693,0.276804,0.0278601,0.232311,0.0988105,0.0543996,,140,27,2972,31980,0.0,0.223232,0.222635,0.221078,0.0213588,0.182785,0.0855993,0.0320401,,141,27,2816,38052,0.0,0.223213,0.222706,0.221038,0.0194541,0.184728,0.0875318,0.0359014,,124,25,8494,109411,0.0,0.659657,0.65813,0.653368,0.0583361,0.538524,0.246846,0.104071,,115,25,9404,116958,0.0,0.722315,0.720641,0.715507,0.0643079,0.581047,0.264993,0.112545,,112,25,8972,116312,0.0,0.683903,0.682326,0.677334,0.0612703,0.562292,0.258313,0.110312,,97,26,4944,61736,0.0,0.371113,0.370274,0.367659,0.0334669,0.303094,0.137681,0.0588724,,118,25,9414,112020,0.0,0.695305,0.693643,0.688649,0.0643193,0.568294,0.255961,0.109096,,122,24,7904,139085,0.0,0.709703,0.708279,0.703072,0.0547332,0.590499,0.292139,0.123951,,134,23,18530,286806,0.0,1.56089,1.55749,1.54562,0.128048,1.28308,0.61547,0.261142,,,,,,
101,27,3072,32258,0.0,0.217137,0.216612,0.215161,0.0209562,0.175221,0.0767829,0.0325325,,121,25,9276,119629,0.0,0.709804,0.708161,0.703018,0.0633539,0.581685,0.266944,0.114087,,107,26,5860,65861,0.0,0.433695,0.432632,0.429567,0.0409074,0.35032,0.156562,0.0661509,,138,28,1820,16918,0.0,0.140004,0.139633,0.138564,0.0186024,0.113003,0.0486941,0.0179012,,106,24,13892,193738,0.0,1.12223,1.1197,1.11149,0.0955486,0.913675,0.426046,0.180255,,130,26,3896,51797,0.0,0.301858,0.301161,0.299076,0.0266793,0.248812,0.115123,0.0489669,,129,27,3182,32751,0.0,0.23395,0.23335,0.231736,0.0229892,0.189284,0.0862146,0.0336038,,143,26,5676,66549,0.0,0.476466,0.475352,0.471975,0.0439001,0.378998,0.182655,0.0654015,,132,26,4614,58562,0.0,0.351226,0.350408,0.347873,0.031583,0.286341,0.130597,0.0558801,,136,23,19200,296920,0.0,1.60655,1.603,1.59065,0.132979,1.34069,0.646574,0.27073,,102,27,3342,36339,0.0,0.238737,0.238156,0.236442,0.0227655,0.19349,0.0854561,0.0360059,,137,28,1700,16305,0.0,0.128679,0.128343,0.127445,0.0133035,0.102045,0.0469346,0.016982,,109,29,926,8997,0.0,0.0637392,0.0635841,0.0631386,0.00635197,0.0512537,0.0221913,0.00924344,,142,28,1728,17709,0.0,0.129423,0.129085,0.128143,0.0137485,0.105877,0.0487242,0.0180949,,108,25,9078,120975,0.0,0.716747,0.71512,0.709895,0.0623287,0.581481,0.270271,0.114005,,123,21,27760,588626,0.0,2.70921,2.70409,2.68225,0.193365,2.3161,1.19294,0.504973,,117,28,1714,17296,0.0,0.12201,0.121702,0.120822,0.0118901,0.0983749,0.0431892,0.0180521,,111,29,976,8877,0.0,0.0666723,0.0665018,0.0660561,0.00679284,0.0528351,0.0221939,0.00952887,,128,27,3024,31074,0.0,0.216034,0.215493,0.214002,0.0211645,0.174931,0.0772238,0.0319895,,114,26,5332,61994,0.0,0.396901,0.395932,0.392951,0.0365754,0.321966,0.144528,0.0609893,,126,28,1744,16616,0.0,0.122642,0.122325,0.121476,0.0121801,0.0990394,0.0442731,0.0172793,,120,29,890,9190,0.0,0.0645943,0.0644332,0.0639871,0.00638033,0.052559,0.0239787,0.00919771,,133,25,8456,107101,0.0,0.71334,0.711744,0.706792,0.0597496,0.594982,0.274827,0.130298,,104,23,18114,296340,0.0,1.53174,1.52851,1.51687,0.124625,1.28325,0.62105,0.266405,,119,26,5596,67660,0.0,0.426763,0.425757,0.422727,0.0390488,0.344855,0.156473,0.0659971,,100,28,1704,17464,0.0,0.12051,0.120213,0.119373,0.0116596,0.097287,0.0427131,0.0176108,,105,29,874,8798,0.0,0.0613869,0.0612466,0.0608587,0.00592513,0.0489592,0.0211461,0.00913614,,96,26,6342,72437,0.0,0.463285,0.462163,0.458925,0.0432382,0.377054,0.168856,0.0712425,,113,25,8996,115655,0.0,0.686233,0.684625,0.679604,0.0616024,0.563577,0.258392,0.110308,,98,25,8844,111593,0.0,0.662137,0.660617,0.655873,0.0595318,0.541861,0.245255,0.106347,,127,25,9542,119918,0.0,0.748873,0.747022,0.74143,0.0675987,0.618934,0.294318,0.115479,,99,24,8466,146629,0.0,0.788703,0.787199,0.781636,0.0625182,0.663887,0.317211,0.141073,,125,28,2030,20328,0.0,0.148131,0.147735,0.146623,0.0147248,0.120651,0.0552587,0.0209696,,135,30,458,3783,0.0,0.0314507,0.0313663,0.0311509,0.00329559,0.0252078,0.0111308,0.00417785,,103,28,1700,16702,0.0,0.117918,0.117626,0.116834,0.0115634,0.0946402,0.0409618,0.0171683,,131,27,3776,39168,0.0,0.287798,0.287034,0.284955,0.0299113,0.236141,0.10936,0.0409516,,110,28,1898,18092,0.0,0.128375,0.128058,0.12719,0.012987,0.103133,0.0438554,0.018849,,139,29,842,8120,0.0,0.0590952,0.058949,0.0585331,0.00591061,0.0477222,0.0211092,0.00842762,,116,28,1934,20921,0.0,0.142107,0.141749,0.140728,0.0139178,0.116051,0.052827,0.0209788,,140,28,1652,16188,0.0,0.120873,0.120536,0.119694,0.0119601,0.0984163,0.0455,0.0167288,,141,28,1688,21080,0.0,0.126197,0.125904,0.125057,0.0116267,0.10364,0.0474113,0.0200497,,124,26,5322,62684,0.0,0.394004,0.393059,0.390248,0.0365224,0.321739,0.14589,0.0608737,,115,26,5866,66818,0.0,0.437577,0.436531,0.433542,0.0413507,0.349814,0.156117,0.0661127,,112,26,5596,65903,0.0,0.409607,0.408626,0.405706,0.0383054,0.334109,0.149671,0.0642547,,97,27,2898,33741,0.0,0.215437,0.214931,0.213448,0.0195733,0.175254,0.0797985,0.0326389,,118,26,5740,61861,0.0,0.41413,0.413122,0.410188,0.0399821,0.336219,0.148157,0.0629739,,122,25,5286,85562,0.0,0.457205,0.456255,0.452939,0.036364,0.377783,0.184477,0.0771168,,134,24,13062,181488,0.0,1.06494,1.0625,1.05472,0.0926625,0.869416,0.409345,0.171333,,,,,,
101,28,1574,15721,0.0,0.106573,0.106322,0.105575,0.0106742,0.0854366,0.0358026,0.0161961,,121,26,5772,68102,0.0,0.427029,0.425997,0.422934,0.0397315,0.347683,0.156889,0.0665768,,107,27,3398,36045,0.0,0.247681,0.24707,0.245306,0.0239915,0.199556,0.088532,0.0368731,,138,29,888,8455,0.0,0.0688836,0.0687013,0.068168,0.00924688,0.0556924,0.0238534,0.00890067,,106,25,9480,116811,0.0,0.726883,0.725202,0.720086,0.0646822,0.585618,0.265298,0.112292,,130,27,2256,26716,0.0,0.165323,0.164936,0.163806,0.0152034,0.134927,0.0605828,0.0258352,,129,28,1696,16149,0.0,0.122085,0.121764,0.120905,0.0120509,0.0982724,0.0444879,0.0169697,,143,27,3262,36234,0.0,0.268426,0.267754,0.265908,0.0251539,0.212231,0.101198,0.0359098,,132,27,2800,32461,0.0,0.204392,0.20392,0.202472,0.0191935,0.165295,0.0734851,0.0316425,,136,24,13764,189557,0.0,1.1138,1.11119,1.10288,0.0980114,0.923085,0.438964,0.179142,,102,28,1946,19522,0.0,0.135255,0.134917,0.133981,0.0132647,0.108915,0.0471726,0.0198681,,137,29,878,7867,0.0,0.0644523,0.0642939,0.0638507,0.00667523,0.0506787,0.0228508,0.0083806,,109,30,470,4258,0.0,0.0315445,0.0314673,0.0312386,0.00320632,0.0252137,0.0106632,0.00452621,,142,29,964,9281,0.0,0.0712558,0.071067,0.0705595,0.00756034,0.058094,0.0268519,0.00961105,,108,26,5882,70994,0.0,0.449406,0.448354,0.445166,0.0408869,0.361832,0.164387,0.0692562,,123,22,23132,418178,0.0,2.05411,2.04996,2.03403,0.158773,1.73131,0.854906,0.368537,,117,29,986,9477,0.0,0.0689255,0.0687495,0.0682685,0.00688614,0.0553584,0.0241064,0.00992137,,111,30,496,4225,0.0,0.0338079,0.0337283,0.03351,0.00386344,0.026796,0.0110622,0.00464338,,128,28,1598,15485,0.0,0.112301,0.112019,0.111242,0.0110942,0.0907543,0.0399924,0.0163389,,114,27,3178,34328,0.0,0.227293,0.226736,0.225041,0.0217377,0.184119,0.0809248,0.0343925,,126,29,910,7999,0.0,0.0624417,0.0622762,0.0618572,0.00643655,0.0501717,0.0219878,0.00857524,,120,30,450,4101,0.0,0.0312684,0.0311879,0.0309641,0.00321998,0.0251818,0.0110511,0.00432249,,133,26,5420,62607,0.0,0.430934,0.429894,0.426996,0.0380149,0.353313,0.167595,0.0617611,,104,24,13014,189165,0.0,1.03676,1.03446,1.02672,0.0886952,0.859564,0.40372,0.173803,,119,27,3402,37749,0.0,0.253212,0.252599,0.250821,0.0238544,0.20346,0.0906624,0.0383805,,100,29,910,8433,0.0,0.0599322,0.0597918,0.0593738,0.00620583,0.0478685,0.0196275,0.00887242,,105,30,402,3787,0.0,0.0269241,0.0268657,0.0266922,0.00272304,0.0213013,0.00877975,0.0040001,,96,27,3684,38340,0.0,0.255066,0.254448,0.252721,0.024948,0.20566,0.0881326,0.0387856,,113,26,5616,67015,0.0,0.412207,0.411245,0.408269,0.0383338,0.336351,0.150361,0.0650739,,98,26,5546,64130,0.0,0.403666,0.402715,0.399922,0.037432,0.328339,0.146452,0.0628719,,127,26,5944,68825,0.0,0.455191,0.454033,0.450735,0.0431202,0.374715,0.176407,0.0678073,,99,25,5674,85171,0.0,0.459784,0.458799,0.455484,0.0388345,0.380811,0.180229,0.0776,,125,29,1040,10133,0.0,0.0748001,0.0746332,0.0741106,0.00735974,0.0608405,0.0277803,0.0104865,,135,31,206,1659,0.0,0.0140688,0.0140336,0.0139285,0.00150352,0.0112495,0.00491577,0.00185677,,103,29,874,7592,0.0,0.0564254,0.0562917,0.055911,0.00590407,0.0447468,0.0181583,0.00815573,,131,28,2122,19773,0.0,0.154804,0.154405,0.153322,0.0163977,0.125855,0.0566658,0.0215301,,110,29,972,8287,0.0,0.0639052,0.0637472,0.0633162,0.00664178,0.0509832,0.0213377,0.00898598,,139,30,458,3779,0.0,0.0304832,0.0304047,0.0302063,0.00319221,0.0244026,0.0103935,0.00417767,,116,29,1068,10690,0.0,0.0759084,0.0757162,0.0751907,0.00745283,0.0616503,0.027681,0.0109437,,140,29,878,7728,0.0,0.0618312,0.0616699,0.0612407,0.00643991,0.0499762,0.0223992,0.00830905,,141,29,974,9446,0.0,0.0661249,0.0659666,0.0655043,0.0066312,0.0532028,0.0227854,0.00972692,,124,27,3152,34002,0.0,0.224959,0.224405,0.222834,0.0216125,0.182518,0.081022,0.0338513,,115,27,3346,35788,0.0,0.24662,0.246023,0.244335,0.0233659,0.196001,0.0867395,0.0364222,,112,27,3294,36584,0.0,0.236824,0.236245,0.234605,0.0229411,0.192403,0.0848264,0.0363257,,97,28,1600,16568,0.0,0.10919,0.108937,0.108194,0.0107672,0.0876519,0.0368842,0.0167989,,118,27,3316,32549,0.0,0.232148,0.231579,0.230008,0.0233844,0.187312,0.0809729,0.0341494,,122,26,3326,48733,0.0,0.271621,0.271036,0.269174,0.0226677,0.222187,0.104989,0.0446959,,134,25,8650,106486,0.0,0.678809,0.677161,0.672227,0.0612409,0.550191,0.257381,0.103313,,,,,,
101,29,842,8143,0.0,0.0577235,0.0575873,0.0571827,0.00573379,0.04627,0.0198266,0.00843789,,121,27,3364,37507,0.0,0.246679,0.246085,0.244335,0.0235461,0.200014,0.0888709,0.037841,,107,28,1930,18727,0.0,0.137956,0.137613,0.136686,0.0139928,0.110788,0.0485097,0.0198665,,138,30,484,3781,0.0,0.0358593,0.0357653,0.035504,0.00530641,0.0287277,0.0116248,0.00434604,,106,26,5922,66484,0.0,0.437192,0.436162,0.433128,0.0404746,0.34946,0.154637,0.0656344,,130,28,1218,13061,0.0,0.084555,0.0843619,0.0837928,0.00817987,0.0683361,0.0295217,0.012945,,129,29,912,7713,0.0,0.0632888,0.0631284,0.0627249,0.00682254,0.0506071,0.0221331,0.00840656,,143,28,1834,18026,0.0,0.14277,0.142408,0.141438,0.0140499,0.111471,0.0511945,0.0185217,,132,28,1554,17602,0.0,0.114696,0.114422,0.113606,0.0106514,0.0927209,0.0418321,0.0172968,,136,25,9128,112367,0.0,0.712246,0.710454,0.705237,0.0647818,0.587532,0.27918,0.108395,,102,29,1054,9632,0.0,0.0688512,0.0686832,0.0682246,0.00710254,0.0549058,0.0225962,0.010076,,137,30,428,3564,0.0,0.0310683,0.0309852,0.0307743,0.00322994,0.0243488,0.0110402,0.00388905,,109,31,238,2095,0.0,0.0159837,0.0159481,0.0158483,0.00165961,0.0127897,0.00539821,0.00224266,,142,30,500,4155,0.0,0.0345551,0.0344679,0.0342277,0.00382527,0.0277904,0.012124,0.00457352,,108,27,3542,39895,0.0,0.265761,0.265111,0.263238,0.0248582,0.212846,0.0955499,0.039817,,123,23,17970,279145,0.0,1.53891,1.53571,1.52445,0.12311,1.28954,0.594657,0.301452,,117,30,542,4440,0.0,0.0361391,0.0360473,0.0358038,0.00374235,0.0287554,0.012303,0.00486189,,111,31,234,1968,0.0,0.0156648,0.0156298,0.0155303,0.00160917,0.0123583,0.00515088,0.00216058,,128,29,840,7222,0.0,0.0570349,0.0568938,0.0565135,0.005872,0.0457305,0.0197246,0.00789447,,114,28,1822,18033,0.0,0.127735,0.127418,0.126524,0.0125209,0.102943,0.0449684,0.0184848,,126,30,436,3518,0.0,0.0290848,0.0290151,0.0288161,0.00305655,0.0232311,0.00998851,0.00390874,,120,31,238,1971,0.0,0.0159621,0.0159248,0.0158218,0.00166442,0.0127705,0.00552708,0.00215548,,133,27,3150,32150,0.0,0.228023,0.227439,0.225841,0.022243,0.184978,0.0840345,0.0327988,,104,25,8882,116425,0.0,0.676589,0.675037,0.67017,0.0600994,0.556365,0.254783,0.110251,,119,28,1922,19985,0.0,0.139244,0.138912,0.137968,0.0133988,0.111306,0.0488277,0.0206038,,100,30,470,4018,0.0,0.0300018,0.0299326,0.0297493,0.00318423,0.0238453,0.00962844,0.00426934,,105,31,188,1710,0.0,0.012273,0.0122486,0.0121766,0.00124676,0.00967932,0.00394678,0.00180206,,96,28,2002,18956,0.0,0.133451,0.133124,0.132222,0.0135195,0.106785,0.044466,0.0198339,,113,27,3396,37230,0.0,0.245744,0.245142,0.243413,0.0232884,0.199608,0.0891584,0.0372164,,98,27,3244,34156,0.0,0.225558,0.225029,0.223487,0.0227498,0.182007,0.0777026,0.0344178,,127,27,3472,37942,0.0,0.26273,0.262051,0.260161,0.0250797,0.215621,0.101927,0.0378157,,99,26,3492,48928,0.0,0.280449,0.279826,0.277778,0.0239378,0.231413,0.10993,0.0455853,,125,30,500,4360,0.0,0.0343918,0.0342974,0.0340535,0.003573,0.0276865,0.0121539,0.00474316,,135,32,92,722,0.0,0.00630564,0.00629203,0.00624726,0.000674527,0.00505895,0.00222487,0.000812905,,103,30,420,3509,0.0,0.0266638,0.0266016,0.0264263,0.00283313,0.0210807,0.00841343,0.00383064,,131,29,1072,9129,0.0,0.0762581,0.0760537,0.0755362,0.00831966,0.0616692,0.0276117,0.0101382,,110,30,470,3753,0.0,0.030464,0.0303879,0.030196,0.0034816,0.0242419,0.00988652,0.00414819,,139,31,212,1437,0.0,0.0134356,0.0134043,0.0133262,0.00148647,0.0106054,0.00435353,0.00172163,,116,30,534,4899,0.0,0.0367013,0.0366074,0.0363579,0.00369796,0.029595,0.0131005,0.0050842,,140,30,458,3643,0.0,0.0310765,0.0309894,0.0307852,0.00335281,0.0249163,0.0109188,0.00402552,,141,30,494,4159,0.0,0.031831,0.0317551,0.0315595,0.00334671,0.025316,0.0104589,0.0044553,,124,28,1758,17598,0.0,0.124746,0.12444,0.123561,0.0123547,0.100637,0.0437072,0.0184394,,115,28,1836,18936,0.0,0.133315,0.132992,0.132066,0.012812,0.105711,0.0464119,0.0194465,,112,28,1908,18856,0.0,0.128651,0.128333,0.127472,0.0129462,0.103393,0.0435235,0.0193499,,97,29,852,8338,0.0,0.0577453,0.0576135,0.0572473,0.00570321,0.0462302,0.0196649,0.00845233,,118,28,1684,15375,0.0,0.114947,0.114657,0.113871,0.0116646,0.0922672,0.0394421,0.0164959,,122,27,1980,25878,0.0,0.157058,0.156712,0.155644,0.0135322,0.127431,0.0598408,0.0244268,,134,26,5348,61940,0.0,0.411277,0.410237,0.407346,0.0379787,0.332488,0.155477,0.0605096,,,,,,
101,30,420,4131,0.0,0.0293633,0.0292939,0.0291019,0.00284998,0.0236087,0.0103617,0.00423803,,121,28,1906,19773,0.0,0.136476,0.136146,0.135207,0.0133764,0.110186,0.0483461,0.0203397,,107,29,990,8664,0.0,0.0677575,0.0675812,0.0671265,0.00689067,0.0539686,0.0234294,0.00932182,,138,31,214,1515,0.0,0.0147166,0.0147013,0.0146054,0.0020056,0.0116484,0.00467882,0.0017654,,106,27,3480,36039,0.0,0.250766,0.250166,0.24847,0.0237282,0.199006,0.0868866,0.0364593,,130,29,624,6209,0.0,0.0422522,0.0421529,0.0418774,0.00418841,0.0339735,0.014429,0.00633243,,129,30,382,3080,0.0,0.0256831,0.0256224,0.0254613,0.00269646,0.0204045,0.0088458,0.00339902,,143,29,948,8534,0.0,0.0716374,0.0714453,0.0709698,0.00703711,0.0555607,0.0251578,0.0090849,,132,29,846,9552,0.0,0.0625979,0.0624474,0.0620145,0.00581624,0.0506255,0.0228811,0.00944158,,136,26,5682,63070,0.0,0.428622,0.427506,0.42449,0.0403118,0.351359,0.165199,0.0624159,,102,30,504,4297,0.0,0.0324147,0.0323362,0.032131,0.00340963,0.0257547,0.0105255,0.00458703,,137,31,190,1722,0.0,0.0137185,0.0136894,0.0136049,0.00138223,0.0107708,0.00485777,0.00177725,,109,32,106,754,0.0,0.0067902,0.00677666,0.00673164,0.000734424,0.0053485,0.00212358,0.000908254,,142,31,254,1671,0.0,0.0166219,0.0165834,0.0164762,0.00194984,0.0132312,0.00563048,0.0020068,,108,28,1990,21550,0.0,0.146761,0.146409,0.145399,0.0139012,0.117208,0.0522456,0.0216034,,123,24,12846,174700,0.0,0.999937,0.997649,0.990317,0.0879161,0.823241,0.380961,0.16456,,117,31,250,1919,0.0,0.0162824,0.0162436,0.016139,0.00172531,0.0128895,0.00541944,0.0021437,,111,32,106,725,0.0,0.00656774,0.00655532,0.00651498,0.000717214,0.00510601,0.0020202,0.000855176,,128,30,396,3041,0.0,0.0256315,0.0255691,0.0254097,0.00273762,0.020376,0.00857697,0.00339686,,114,29,928,8242,0.0,0.0629323,0.0627771,0.0623377,0.00639377,0.0503436,0.0215332,0.00878517,,126,31,216,1635,0.0,0.01405,0.0140139,0.0139214,0.00152225,0.0111625,0.00467238,0.0018459,,120,32,100,916,0.0,0.00693564,0.00692134,0.00687405,0.000701804,0.00559463,0.00244137,0.000964149,,133,28,1782,16478,0.0,0.12434,0.124012,0.123164,0.0124961,0.100092,0.0444212,0.0173703,,104,26,5612,65791,0.0,0.4078,0.406851,0.403973,0.0381545,0.332292,0.148068,0.0639889,,119,29,1004,10005,0.0,0.0717231,0.0715495,0.0710489,0.00699944,0.0571842,0.0248636,0.0104825,,100,31,194,1501,0.0,0.0120382,0.0120118,0.0119313,0.00130543,0.00947875,0.00368048,0.00170515,,105,32,84,615,0.0,0.0051834,0.00517553,0.00514246,0.000555658,0.00403143,0.00152998,0.000720941,,96,29,1036,9290,0.0,0.0695976,0.0694285,0.068955,0.00697546,0.0555918,0.0235332,0.00990493,,113,28,1888,19266,0.0,0.129986,0.12967,0.128753,0.0130422,0.104835,0.0450695,0.0194578,,98,28,1778,18008,0.0,0.121332,0.121037,0.120201,0.0119384,0.0974643,0.0413795,0.0183836,,127,28,1852,19823,0.0,0.139473,0.139117,0.138124,0.0137064,0.114401,0.0537372,0.0197718,,99,27,2042,27815,0.0,0.15619,0.155852,0.154775,0.0138933,0.128203,0.0584289,0.0260597,,125,31,246,1828,0.0,0.0163296,0.0162881,0.0161794,0.00174134,0.0130395,0.00565379,0.0021069,,135,33,32,338,0.0,0.00239931,0.00239694,0.00238186,0.000236537,0.00196963,0.000920586,0.000337231,,103,31,198,1616,0.0,0.0125696,0.0125398,0.0124575,0.00133246,0.00993426,0.00399763,0.00178016,,131,30,462,3607,0.0,0.0319091,0.0318189,0.0315906,0.00359718,0.0255945,0.011069,0.00418089,,110,31,202,1500,0.0,0.0126103,0.0125778,0.0125045,0.00135171,0.00996473,0.00406141,0.00167626,,139,32,72,526,0.0,0.00505317,0.00504756,0.00501069,0.000511647,0.00409001,0.00145401,0.000616247,,116,31,252,2161,0.0,0.0168961,0.0168549,0.0167452,0.00172413,0.0135588,0.00596307,0.002267,,140,31,204,1586,0.0,0.0138162,0.0137818,0.013695,0.0014943,0.0110691,0.00481927,0.00178173,,141,31,190,1609,0.0,0.0124732,0.0124465,0.0123661,0.00129527,0.0099563,0.00416955,0.00174315,,124,29,920,8920,0.0,0.0638692,0.063712,0.0632739,0.00641136,0.0513915,0.0220425,0.00939347,,115,29,986,9242,0.0,0.0693294,0.0691614,0.0686865,0.00687398,0.0545219,0.0234407,0.00982475,,112,29,976,9110,0.0,0.065138,0.0649805,0.0645212,0.00664291,0.0521856,0.0218277,0.00967041,,97,30,394,3544,0.0,0.0264476,0.0263943,0.0262269,0.00262441,0.0210936,0.00896527,0.0037238,,118,29,818,7239,0.0,0.0552709,0.0551351,0.0547874,0.0056527,0.0443348,0.01881,0.00801333,,122,28,1154,13584,0.0,0.0860805,0.0858877,0.0853294,0.00776311,0.0689868,0.0310868,0.0130878,,134,27,3130,33536,0.0,0.235161,0.234566,0.23293,0.0228487,0.189334,0.0870563,0.0336406,,,,,,
101,31,184,2010,0.0,0.0133831,0.0133558,0.0132677,0.00125594,0.0108561,0.00488787,0.00199675,,121,29,1044,9433,0.0,0.070945,0.0707676,0.0702797,0.00721443,0.0566183,0.0239128,0.0102125,,107,30,458,3954,0.0,0.0310286,0.0309529,0.0307583,0.00321549,0.0246519,0.0106373,0.00420065,,138,32,74,510,0.0,0.00523809,0.00523241,0.00519978,0.00077234,0.0041682,0.00166539,0.000592381,,106,28,1940,17963,0.0,0.131368,0.131046,0.130191,0.0131447,0.103196,0.042759,0.018898,,130,30,312,2697,0.0,0.0202564,0.0202132,0.0200908,0.00208654,0.0161178,0.00662358,0.00290798,,129,31,150,1347,0.0,0.0104509,0.010427,0.0103658,0.00106303,0.00838783,0.00370812,0.00144105,,143,30,460,3851,0.0,0.0339812,0.0338949,0.03367,0.00328201,0.0261899,0.0118768,0.00417813,,132,30,480,5096,0.0,0.0336939,0.033618,0.0333832,0.00326737,0.0270378,0.0116698,0.00513259,,136,27,3200,32247,0.0,0.236946,0.236319,0.234659,0.0241225,0.193406,0.0893424,0.0330681,,102,31,216,1944,0.0,0.0142449,0.0142141,0.0141194,0.00146166,0.0113573,0.00473313,0.00203962,,137,32,80,623,0.0,0.00570171,0.0056919,0.00566173,0.00061148,0.00442823,0.00195604,0.000665789,,109,33,50,328,0.0,0.00307806,0.00307358,0.00305799,0.000343728,0.00241089,0.000929853,0.000396616,,142,32,90,514,0.0,0.00567344,0.00566027,0.00562315,0.00070929,0.00446901,0.00179293,0.000648297,,108,29,1062,10896,0.0,0.0770479,0.0768525,0.0763326,0.00735943,0.0613695,0.0271926,0.0111452,,123,25,8228,102535,0.0,0.617666,0.616233,0.611772,0.0560231,0.504846,0.228907,0.0986446,,117,32,92,672,0.0,0.00589619,0.0058844,0.00584664,0.000625949,0.00465533,0.00192059,0.000783517,,111,33,42,304,0.0,0.00262587,0.0026223,0.00260852,0.000282059,0.00204533,0.000810721,0.00035318,,128,31,142,1165,0.0,0.00959877,0.00957752,0.00951153,0.000999905,0.00767793,0.00327676,0.00131573,,114,30,440,3611,0.0,0.029132,0.029058,0.0288591,0.00300337,0.0231715,0.00972141,0.00400524,,126,32,100,567,0.0,0.00600795,0.00599386,0.00596057,0.000690622,0.00469205,0.00185638,0.000715333,,120,33,50,432,0.0,0.00329004,0.00328519,0.00326463,0.000342554,0.00262884,0.00111033,0.000457293,,133,29,894,7690,0.0,0.0608146,0.0606546,0.0602352,0.00625863,0.0486875,0.0211803,0.00834967,,104,27,3218,36300,0.0,0.231072,0.230515,0.22892,0.0218929,0.187749,0.0833049,0.0355372,,119,30,542,5087,0.0,0.0381282,0.0380282,0.0377751,0.00378998,0.0302415,0.013059,0.00543219,,100,32,94,786,0.0,0.00604791,0.00603338,0.00598997,0.00062831,0.00479806,0.00191542,0.000856914,,105,33,42,245,0.0,0.00240258,0.0023999,0.00238705,0.000275844,0.00183172,0.000666011,0.000301642,,96,30,516,4435,0.0,0.0347664,0.0346816,0.0344583,0.00347972,0.0277483,0.0119477,0.00474313,,113,29,1036,9714,0.0,0.0695362,0.0693695,0.0688892,0.00704001,0.0557266,0.0235966,0.0101421,,98,29,974,8983,0.0,0.064396,0.064247,0.0638259,0.00653961,0.051392,0.0213786,0.00937913,,127,29,940,10125,0.0,0.0716806,0.0714876,0.0709809,0.00723338,0.0588653,0.0276885,0.0101449,,99,28,1146,14271,0.0,0.0872456,0.0870532,0.0864884,0.00779052,0.0713123,0.0328917,0.0137071,,125,32,94,737,0.0,0.00627965,0.00626556,0.00622773,0.000662409,0.0050285,0.00220816,0.000815046,,135,34,14,57,0.0,0.000758714,0.000758235,0.000754852,9.9705e-05,0.000579916,0.000191246,8.6984e-05,,103,32,102,613,0.0,0.00595784,0.00594347,0.00591078,0.000676297,0.00461354,0.00172502,0.000758486,,131,31,208,1754,0.0,0.0148852,0.0148471,0.0147428,0.00172869,0.0120114,0.0052347,0.00195211,,110,32,74,487,0.0,0.00459616,0.00458998,0.00456166,0.000512429,0.00360045,0.00137626,0.000613177,,139,33,34,263,0.0,0.00216636,0.00216452,0.00215292,0.00022982,0.00173251,0.000713594,0.000299965,,116,32,108,760,0.0,0.00667928,0.00666675,0.00663193,0.000737519,0.00527452,0.00215098,0.000850243,,140,32,88,636,0.0,0.00588399,0.00587022,0.00583397,0.000637415,0.00470608,0.00203736,0.000728027,,141,32,84,686,0.0,0.00543383,0.00542442,0.00538886,0.000563224,0.00432817,0.00177768,0.000757168,,124,30,464,4136,0.0,0.0315665,0.0314929,0.0312834,0.00326605,0.0253017,0.010616,0.00458234,,115,30,472,4611,0.0,0.0335561,0.0334805,0.0332559,0.00329519,0.0265546,0.0115357,0.00479079,,112,30,530,4558,0.0,0.0349537,0.0348668,0.0346371,0.00360882,0.0278795,0.0116337,0.00493497,,97,31,166,1589,0.0,0.0113781,0.0113565,0.0112886,0.00111374,0.00911808,0.00396172,0.00160105,,118,30,326,3121,0.0,0.0224297,0.022379,0.0222287,0.00224785,0.0180917,0.00783789,0.00331716,,122,29,606,6353,0.0,0.0421228,0.0420324,0.0417399,0.00407046,0.0333709,0.0141206,0.00641108,,134,28,1712,17538,0.0,0.127054,0.12672,0.125838,0.012224,0.101877,0.046898,0.0177697,,,,,,
101,32,106,1068,0.0,0.00741392,0.00739809,0.00735197,0.00071613,0.00596801,0.00261346,0.00106977,,121,30,510,4238,0.0,0.0338715,0.0337846,0.0335622,0.00357273,0.0268866,0.0111356,0.00469087,,107,31,196,1513,0.0,0.0127101,0.0126812,0.0126003,0.00136521,0.0100223,0.00411376,0.00172467,,138,33,28,181,0.0,0.00183544,0.0018337,0.00182775,0.000266565,0.00144891,0.000574059,0.000207047,,106,29,980,8582,0.0,0.0667088,0.0665444,0.0660927,0.00667637,0.0522883,0.0218395,0.00923071,,130,31,132,956,0.0,0.00820288,0.00818362,0.00813746,0.000889246,0.00646448,0.00256218,0.00110656,,129,32,66,658,0.0,0.00479296,0.00478266,0.00474884,0.00046986,0.0038625,0.00168839,0.000689977,,143,31,206,1621,0.0,0.014648,0.014614,0.0145217,0.00146247,0.0112438,0.00492671,0.00179558,,132,31,276,2678,0.0,0.018482,0.0184417,0.0183234,0.00185731,0.014697,0.00614344,0.0027375,,136,28,1714,16116,0.0,0.123429,0.123098,0.122238,0.0125652,0.100143,0.0455399,0.0169665,,102,32,104,954,0.0,0.0069467,0.00693276,0.00688664,0.000693265,0.00555114,0.00232369,0.00101099,,137,33,22,214,0.0,0.00163179,0.00163063,0.00161886,0.000157331,0.00129081,0.000581682,0.000228567,,109,34,12,62,0.0,0.000671091,0.000670655,0.000667102,8.0157e-05,0.000515816,0.00017762,8.9427e-05,,142,33,28,199,0.0,0.00185222,0.0018508,0.00183915,0.000217811,0.00148249,0.000632391,0.000233466,,108,30,552,5253,0.0,0.0388939,0.0387983,0.0385281,0.00382832,0.0307834,0.0132964,0.00554081,,123,26,5108,57517,0.0,0.369842,0.368953,0.366318,0.0348063,0.299979,0.133216,0.0570292,,117,33,40,294,0.0,0.00255453,0.00255114,0.00253615,0.00027376,0.00202737,0.000847333,0.000337485,,111,34,16,76,0.0,0.000869373,0.000868744,0.000864833,0.000105567,0.000658243,0.000214249,0.000106308,,128,32,68,548,0.0,0.00446236,0.00445425,0.00442435,0.0004627,0.00356849,0.00150228,0.00060682,,114,31,206,1619,0.0,0.0133597,0.0133278,0.0132323,0.00140533,0.0105874,0.00433155,0.00181999,,126,33,22,129,0.0,0.00135562,0.00135453,0.00134519,0.000154929,0.00106915,0.000435783,0.000165756,,120,34,24,172,0.0,0.00148898,0.00148743,0.00147834,0.000162551,0.00117859,0.000476302,0.000201709,,133,30,442,3454,0.0,0.0288392,0.0287684,0.0285823,0.00307684,0.0229005,0.00961025,0.00388033,,104,28,1730,19024,0.0,0.122533,0.122242,0.121398,0.0117701,0.0993247,0.0434507,0.0188623,,119,31,258,2470,0.0,0.0178876,0.0178462,0.0177184,0.00178854,0.0141879,0.00610871,0.00255559,,100,33,52,369,0.0,0.00315391,0.00315018,0.00313165,0.000349061,0.00247859,0.000957061,0.000426231,,105,34,14,62,0.0,0.00070746,0.000706953,0.000704784,8.9944e-05,0.000520794,0.000157219,8.5698e-05,,96,31,240,1754,0.0,0.0152237,0.0151928,0.0150971,0.00161756,0.0120087,0.00487308,0.0020217,,113,30,530,4820,0.0,0.0354599,0.0353745,0.0351441,0.0036171,0.0283847,0.0121648,0.00498978,,98,30,478,4085,0.0,0.0315041,0.0314302,0.0312392,0.0032066,0.025088,0.0104725,0.00448993,,127,30,490,4787,0.0,0.0359103,0.0358195,0.0355671,0.00367185,0.0292575,0.0134381,0.00497018,,99,29,606,6495,0.0,0.0437767,0.0436773,0.0433897,0.00408598,0.0353626,0.0159479,0.00641477,,125,33,34,237,0.0,0.00217554,0.00217292,0.00215869,0.000242247,0.00173367,0.000723896,0.000274975,,135,35,4,11,0.0,0.000184961,0.000184797,0.000184243,2.6716e-05,0.000133987,3.1595e-05,2.1469e-05,,103,33,28,177,0.0,0.00164944,0.00164803,0.00163719,0.000184278,0.00128185,0.000474295,0.000224608,,131,32,102,724,0.0,0.00699139,0.00697557,0.00692874,0.000840612,0.00560125,0.00235028,0.000890372,,110,33,28,186,0.0,0.00171075,0.00170907,0.00169946,0.000192091,0.00134254,0.000522219,0.000228201,,139,34,16,113,0.0,0.000946802,0.000946139,0.000939321,0.000104524,0.000737482,0.000261508,0.000140296,,116,33,28,144,0.0,0.00158994,0.00158896,0.00158159,0.000187612,0.00123004,0.000449719,0.000196549,,140,33,30,174,0.0,0.00184748,0.00184449,0.00183157,0.000216236,0.00145471,0.000578943,0.000227868,,141,33,42,358,0.0,0.00269126,0.00268889,0.00267404,0.000288436,0.00215052,0.00088281,0.000383493,,124,31,202,1967,0.0,0.0143214,0.01429,0.0141994,0.00142036,0.0115725,0.00503207,0.0020945,,115,31,232,2157,0.0,0.0161422,0.016106,0.016001,0.00159133,0.0126946,0.0054685,0.00228,,112,31,238,1996,0.0,0.0156228,0.0155859,0.0154853,0.00163461,0.0124409,0.00514659,0.00221521,,97,32,68,567,0.0,0.00451518,0.0045081,0.0044783,0.000451163,0.00358159,0.00149812,0.000609288,,118,31,140,1528,0.0,0.0105651,0.0105417,0.0104754,0.000993711,0.00865077,0.00396875,0.0016046,,122,30,322,3301,0.0,0.0221082,0.0220647,0.0219373,0.00214565,0.0174853,0.00741776,0.00330225,,134,29,924,8778,0.0,0.0669372,0.0667692,0.0663155,0.00676868,0.0533686,0.0239393,0.0091954,,,,,,
101,33,40,492,0.0,0.00308801,0.00308205,0.00305638,0.000275845,0.00253416,0.00114751,0.000495898,,121,31,230,1916,0.0,0.0152724,0.0152376,0.0151421,0.00158225,0.0121199,0.0051178,0.00208475,,107,32,88,583,0.0,0.00568457,0.00566726,0.00563364,0.000605848,0.00443263,0.00180708,0.000708842,,138,34,4,31,0.0,0.00028241,0.000282227,0.000279299,4.4249e-05,0.000225567,7.5987e-05,3.9754e-05,,106,30,492,3850,0.0,0.0325764,0.0324978,0.0322943,0.00334883,0.0253769,0.0104937,0.00428052,,130,32,48,360,0.0,0.00298768,0.00298353,0.0029649,0.000314238,0.00236026,0.000928922,0.000406975,,129,33,36,385,0.0,0.00267869,0.00267286,0.00265891,0.000257234,0.00218132,0.00100864,0.000374938,,143,32,90,609,0.0,0.0061365,0.00612375,0.00608548,0.000618918,0.00464684,0.00197216,0.00072707,,132,32,130,1342,0.0,0.00891183,0.00889398,0.00882936,0.000874075,0.00711738,0.00299356,0.00135837,,136,29,902,7559,0.0,0.0625179,0.0623488,0.0619313,0.00663748,0.0503328,0.0223142,0.00830852,,102,33,52,405,0.0,0.00325292,0.00324791,0.00322913,0.000345428,0.00256647,0.00102994,0.000450641,,137,34,16,111,0.0,0.00100524,0.00100466,0.000999671,0.000108692,0.000758784,0.000278462,0.000136888,,109,35,4,16,0.0,0.000199542,0.000199079,0.00019529,2.6581e-05,0.000144958,3.2188e-05,2.9494e-05,,142,34,10,102,0.0,0.000661599,0.000661256,0.000657087,7.2382e-05,0.000533336,0.000206233,0.00011293,,108,31,274,2349,0.0,0.0185421,0.0184981,0.0183687,0.0018796,0.0145276,0.00612852,0.00254738,,123,27,2986,31362,0.0,0.207402,0.20691,0.205484,0.0203914,0.167117,0.0718436,0.0316891,,117,34,16,73,0.0,0.000859272,0.000858685,0.000856753,0.000104326,0.000651348,0.000223534,9.8686e-05,,111,35,4,7,0.0,0.00018,0.000179817,0.000179315,2.5862e-05,0.000128164,3.0467e-05,1.6787e-05,,128,33,28,236,0.0,0.00182694,0.00182549,0.00181507,0.000190816,0.00146431,0.000607413,0.000257224,,114,32,104,686,0.0,0.00633927,0.00632386,0.00628298,0.000700724,0.00495007,0.0019138,0.00082523,,126,34,10,42,0.0,0.000513504,0.000513167,0.000511176,6.6769e-05,0.000386666,0.000119015,6.0331e-05,,120,35,12,89,0.0,0.000714289,0.000713731,0.000711761,8.4184e-05,0.000562563,0.000204293,9.8427e-05,,133,31,188,1435,0.0,0.0122858,0.012257,0.0121829,0.00130683,0.00976119,0.00417382,0.00158835,,104,29,930,9623,0.0,0.0642568,0.0641091,0.0636451,0.0063186,0.0517799,0.0220954,0.00982404,,119,32,134,1197,0.0,0.009343,0.00932261,0.00926012,0.00094013,0.00740087,0.00314574,0.00131196,,100,34,22,170,0.0,0.00134026,0.00133942,0.00133291,0.000145554,0.00105936,0.000418354,0.000178768,,105,35,2,7,0.0,9.388e-05,9.3786e-05,9.3384e-05,1.2602e-05,6.5882e-05,1.1873e-05,1.0646e-05,,96,32,98,773,0.0,0.00629309,0.00628346,0.00624382,0.000648287,0.00498278,0.0020361,0.000857723,,113,31,244,1924,0.0,0.0156602,0.0156224,0.0155221,0.00168052,0.0124245,0.00508877,0.00214841,,98,31,188,1649,0.0,0.0126743,0.0126471,0.0125623,0.00126475,0.0101054,0.00430139,0.00178586,,127,31,256,2504,0.0,0.0184523,0.0184054,0.0182848,0.0019078,0.0149977,0.00684559,0.0025266,,99,30,272,3015,0.0,0.0197236,0.0196839,0.0195619,0.00185725,0.0159735,0.00711047,0.00301458,,125,34,14,94,0.0,0.00082762,0.000826904,0.000824407,9.227e-05,0.000651351,0.000257015,0.000100847,,183,0,0,0,97.0349,0.0,0.0,0.0,0.0,0.0,0.0,0.0,,103,34,14,74,0.0,0.000728063,0.000727532,0.000725352,8.9591e-05,0.000549284,0.000171826,9.663e-05,,131,33,48,331,0.0,0.00312707,0.00312174,0.00310295,0.000377937,0.00248549,0.00102503,0.000402285,,110,34,10,64,0.0,0.000565211,0.000564819,0.00056155,6.625e-05,0.000436709,0.000144206,8.0149e-05,,139,35,12,60,0.0,0.000607279,0.000606847,0.00060479,7.6451e-05,0.000458169,0.000129691,7.9197e-05,,116,34,8,47,0.0,0.000430347,0.000430051,0.000428265,5.1712e-05,0.000331878,0.000111762,5.7674e-05,,140,34,14,79,0.0,0.000794983,0.000794185,0.000791394,9.3454e-05,0.000619374,0.000234184,9.458e-05,,141,34,20,135,0.0,0.00115229,0.00115153,0.00114564,0.00013163,0.000896384,0.000310746,0.000160661,,124,32,90,886,0.0,0.00620094,0.00618833,0.00614534,0.000621773,0.0050047,0.00214481,0.000911399,,115,32,110,886,0.0,0.00728697,0.0072724,0.007223,0.000742569,0.00566043,0.00229017,0.00100532,,112,32,114,799,0.0,0.007005,0.00699032,0.00694661,0.000764038,0.00549279,0.0021677,0.000920124,,97,33,32,245,0.0,0.00203148,0.00203036,0.00201856,0.00021187,0.00160456,0.000654399,0.000274258,,118,32,66,673,0.0,0.00481307,0.00480405,0.0047677,0.000456737,0.00390925,0.00172558,0.000703918,,122,31,132,1216,0.0,0.0088393,0.00882242,0.00876624,0.000877398,0.00691551,0.00283015,0.00130012,,134,30,482,4304,0.0,0.0343354,0.0342482,0.0340104,0.00345316,0.0272584,0.0122601,0.00460589,,,,,,
101,34,34,369,0.0,0.00242908,0.00242633,0.00241068,0.00023054,0.0019728,0.00085518,0.000379779,,121,32,94,770,0.0,0.00615902,0.00614751,0.00610858,0.000647329,0.00487697,0.00200734,0.000843417,,107,33,30,186,0.0,0.00184847,0.00184634,0.00183605,0.00020853,0.00144202,0.00055915,0.000239483,,138,35,4,14,0.0,0.000230774,0.000230589,0.000229717,5.0946e-05,0.000173151,3.3832e-05,2.4025e-05,,106,31,202,1650,0.0,0.0134986,0.0134693,0.0133765,0.00136698,0.0105572,0.00436776,0.00184985,,130,33,20,171,0.0,0.00122687,0.00122592,0.00122029,0.00012897,0.000969208,0.000381055,0.000172346,,129,34,14,176,0.0,0.00113929,0.00113857,0.00113139,9.9153e-05,0.000940901,0.000460379,0.000169717,,143,33,32,242,0.0,0.00226617,0.0022626,0.00224735,0.000219386,0.00173688,0.000750905,0.000286987,,132,33,76,637,0.0,0.00488412,0.00487469,0.00484362,0.000508909,0.0038582,0.00156926,0.000696697,,136,30,386,3180,0.0,0.0267516,0.0266819,0.0265103,0.00287691,0.0215518,0.00958266,0.00349764,,102,34,18,190,0.0,0.00124011,0.00123934,0.00122863,0.000121686,0.0010006,0.000409194,0.000200625,,137,35,8,58,0.0,0.000464414,0.000464114,0.000461497,5.4116e-05,0.000344275,0.0001116,6.6417e-05,,109,36,2,5,0.0,9.0088e-05,8.9984e-05,8.9535e-05,1.4139e-05,6.4209e-05,9.059e-06,9.85e-06,,142,35,8,67,0.0,0.000460382,0.000460064,0.00045743,5.7924e-05,0.000356626,0.000113936,6.9467e-05,,108,32,132,1009,0.0,0.00851915,0.00850163,0.00844722,0.000905982,0.00663002,0.00267451,0.00114011,,123,28,1630,16160,0.0,0.11354,0.11326,0.112512,0.0111219,0.0912877,0.0399405,0.0164964,,172,0,0,0,94.6892,0.0,0.0,0.0,0.0,0.0,0.0,0.0,,166,0,0,0,96.1104,0.0,0.0,0.0,0.0,0.0,0.0,0.0,,128,34,14,81,0.0,0.000758179,0.000757633,0.000754454,9.2083e-05,0.000580212,0.000188435,0.00010133,,114,33,40,212,0.0,0.00227599,0.00227302,0.00226226,0.000263706,0.0017564,0.000655307,0.000271404,,126,35,2,6,0.0,9.3669e-05,9.3578e-05,9.3319e-05,1.3418e-05,6.8198e-05,1.6469e-05,9.74e-06,,120,36,2,3,0.0,8.8259e-05,8.8167e-05,8.799e-05,1.293e-05,6.3622e-05,1.5248e-05,8.404e-06,,133,32,66,536,0.0,0.00436614,0.00435781,0.00433125,0.000448131,0.00347771,0.00146752,0.000591143,,104,30,508,4692,0.0,0.0329887,0.0329112,0.0326901,0.00341364,0.0263072,0.0107715,0.00488435,,119,33,62,601,0.0,0.00439201,0.00438118,0.00435118,0.000430349,0.0035008,0.00155546,0.000615485,,100,35,6,35,0.0,0.000336099,0.000335881,0.000333427,3.8812e-05,0.000260189,8.4427e-05,4.9814e-05,,149,0,0,0,94.8385,0.0,0.0,0.0,0.0,0.0,0.0,0.0,,96,33,46,308,0.0,0.00281111,0.00280837,0.00279446,0.000303507,0.00220671,0.000876716,0.000364803,,113,32,102,764,0.0,0.00646787,0.00645447,0.00640929,0.000686212,0.00511606,0.00205698,0.000875636,,98,32,96,834,0.0,0.00647424,0.00646023,0.00642039,0.000636318,0.00517996,0.00224005,0.000865479,,127,32,116,1148,0.0,0.00839952,0.00838043,0.0083209,0.000845539,0.00685156,0.0030628,0.0012003,,99,31,120,1481,0.0,0.0090215,0.0090034,0.00893945,0.000820541,0.00735124,0.0033121,0.00145175,,125,35,2,10,0.0,0.000100028,9.993e-05,9.9673e-05,1.2995e-05,7.5563e-05,1.8495e-05,1.4284e-05,,183,1,1,1500000,0.0,5.38014,5.38014,5.24798,0.00552822,5.24794,4.1116,1.13054,,103,35,2,18,0.0,0.000116985,0.000116886,0.000115918,1.2849e-05,9.0777e-05,3.0482e-05,1.9857e-05,,131,34,16,69,0.0,0.000946505,0.00094593,0.00094172,0.000128257,0.000735037,0.000264208,0.000109184,,110,35,4,21,0.0,0.000210156,0.000209988,0.000208787,2.6307e-05,0.000158433,3.882e-05,3.111e-05,,139,36,2,5,0.0,8.533e-05,8.5212e-05,8.4946e-05,1.2756e-05,6.0423e-05,1.1919e-05,8.557e-06,,116,35,2,21,0.0,0.000120663,0.000120554,0.000120374,1.3243e-05,9.6086e-05,3.3604e-05,1.9484e-05,,140,35,2,27,0.0,0.000134843,0.000134747,0.000133489,1.2987e-05,0.000109452,4.0119e-05,2.5212e-05,,141,35,8,45,0.0,0.000402781,0.000402464,0.000400238,5.171e-05,0.000301527,7.169e-05,5.9077e-05,,124,33,38,552,0.0,0.00303875,0.00303442,0.00301692,0.00026361,0.00253226,0.00122223,0.000482351,,115,33,56,459,0.0,0.00363992,0.00363413,0.00361454,0.000373719,0.00282321,0.0011777,0.000483578,,112,33,38,319,0.0,0.00245618,0.00245228,0.00243715,0.000254062,0.0019597,0.000809807,0.000342417,,97,34,12,109,0.0,0.000767077,0.000766612,0.000760572,7.7733e-05,0.000606693,0.000218237,0.000126817,,118,33,46,371,0.0,0.00302159,0.00301661,0.00299955,0.000311653,0.00242199,0.00103897,0.000401261,,122,32,68,538,0.0,0.00428685,0.00428122,0.00425967,0.000446257,0.0033335,0.00132017,0.00058051,,134,31,252,1891,0.0,0.0167626,0.01672,0.0166214,0.00179661,0.0131312,0.00563997,0.00210077,,,,,,
101,35,24,196,0.0,0.00147717,0.00147584,0.00146884,0.000156745,0.00116442,0.00044403,0.00021257,,121,33,40,385,0.0,0.00280229,0.00279875,0.00278079,0.000278281,0.00225031,0.000970622,0.000402569,,107,34,14,59,0.0,0.000710087,0.000709563,0.000706848,9.342e-05,0.000531232,0.000159143,8.6925e-05,,190,0,0,0,94.7204,0.0,0.0,0.0,0.0,0.0,0.0,0.0,,106,32,106,869,0.0,0.00714283,0.00712615,0.00707939,0.000711514,0.00556695,0.00229161,0.000950495,,130,34,6,80,0.0,0.000400737,0.00040043,0.000397166,3.9017e-05,0.000322433,0.000117857,7.5899e-05,,129,35,10,124,0.0,0.000727327,0.000726945,0.00072137,7.0307e-05,0.000590808,0.000246657,0.000122243,,143,34,18,94,0.0,0.00109775,0.00109713,0.00109367,0.000117654,0.000802857,0.000302969,0.000122904,,132,34,34,287,0.0,0.00214433,0.00214275,0.0021298,0.000224957,0.00168379,0.00066566,0.00031805,,136,31,172,1434,0.0,0.012148,0.0121198,0.0120261,0.00129113,0.00981872,0.00441374,0.00160077,,102,35,18,134,0.0,0.00101946,0.00101864,0.00101429,0.000115417,0.000791109,0.000256776,0.000153432,,137,36,4,37,0.0,0.000244484,0.000244331,0.000243073,2.6739e-05,0.000181349,5.3167e-05,4.0777e-05,,164,0,0,0,96.8619,0.0,0.0,0.0,0.0,0.0,0.0,0.0,,142,36,2,11,0.0,9.7393e-05,9.7292e-05,9.6993e-05,1.432e-05,7.2292e-05,1.6199e-05,1.4293e-05,,108,33,60,439,0.0,0.00383809,0.00383048,0.0038122,0.000416169,0.00297922,0.00121338,0.000489047,,123,29,824,7567,0.0,0.0561717,0.0560274,0.0556308,0.00565397,0.0449218,0.0192222,0.00803691,,172,1,1,1500000,0.0,4.90943,4.90943,4.84042,0.00508985,4.84038,3.69988,1.13519,,166,1,1,1500000,0.0,5.03656,5.03656,4.8871,0.00482079,4.88708,3.7676,1.11441,,128,35,4,18,0.0,0.000203579,0.000203422,0.000202153,2.567e-05,0.000153468,4.2961e-05,2.7978e-05,,114,34,8,47,0.0,0.000432623,0.000432328,0.000431457,5.153e-05,0.000332171,0.000115287,5.485e-05,,179,0,0,0,96.0987,0.0,0.0,0.0,0.0,0.0,0.0,0.0,,177,0,0,0,96.0872,0.0,0.0,0.0,0.0,0.0,0.0,0.0,,133,33,28,243,0.0,0.00196215,0.00195985,0.0019496,0.000192961,0.00159017,0.000723127,0.000264836,,104,31,204,2115,0.0,0.0138781,0.0138505,0.0137525,0.00137749,0.0111842,0.00474382,0.00212577,,119,34,26,320,0.0,0.00203207,0.00202839,0.00201353,0.000182166,0.00164075,0.000752194,0.00031317,,100,36,4,27,0.0,0.000212084,0.000211912,0.000210837,2.5889e-05,0.000161762,3.997e-05,3.2253e-05,,149,1,1,1500000,0.0,4.45864,4.45864,4.38451,0.00438962,4.38449,3.52866,0.851264,,96,34,12,101,0.0,0.000777123,0.00077664,0.000771351,7.8476e-05,0.000618911,0.000248682,0.000113871,,113,33,52,299,0.0,0.0030523,0.00304794,0.00303435,0.00034895,0.00238283,0.000930637,0.000367013,,98,33,40,352,0.0,0.00265071,0.00264734,0.00263429,0.000264269,0.00211164,0.000918272,0.000344402,,127,33,64,495,0.0,0.00429075,0.00428345,0.00425822,0.000466077,0.00345018,0.00150584,0.000551827,,99,32,58,961,0.0,0.00491657,0.00490839,0.00487058,0.000392315,0.0041,0.00200522,0.00081633,,181,0,0,0,95.0191,0.0,0.0,0.0,0.0,0.0,0.0,0.0,,183,2,2,1500000,0.0,5.17529,5.17529,5.10136,0.00394009,5.10129,4.08534,1.01148,,103,36,2,16,0.0,9.6512e-05,9.6412e-05,9.6228e-05,1.2659e-05,7.129e-05,1.6687e-05,1.4191e-05,,131,35,4,23,0.0,0.00022232,0.000222152,0.000221802,3.7178e-05,0.000172307,5.1961e-05,2.6324e-05,,110,36,2,11,0.0,0.000102771,0.000102677,0.000102247,1.6989e-05,7.7071e-05,1.4224e-05,1.5275e-05,,175,0,0,0,94.1131,0.0,0.0,0.0,0.0,0.0,0.0,0.0,,176,0,0,0,96.467,0.0,0.0,0.0,0.0,0.0,0.0,0.0,,140,36,2,15,0.0,0.000114791,0.000114686,0.000112866,1.3702e-05,8.8508e-05,2.3074e-05,2.0488e-05,,141,36,4,10,0.0,0.000174413,0.000174248,0.000173883,2.5624e-05,0.00012459,2.1915e-05,1.8739e-05,,124,34,14,174,0.0,0.00108041,0.00107946,0.00107353,9.4594e-05,0.000892292,0.000410197,0.000171007,,115,34,22,167,0.0,0.0014555,0.00145418,0.00144609,0.000147997,0.00112245,0.000447524,0.000199694,,112,34,16,94,0.0,0.000906956,0.000906409,0.000902985,0.000104238,0.000705879,0.000253241,0.000119249,,97,35,12,74,0.0,0.000624087,0.000623668,0.000621071,7.6473e-05,0.000468652,0.000129588,8.7211e-05,,118,34,16,172,0.0,0.00114754,0.00114692,0.00114147,0.000106208,0.00094363,0.000430828,0.00016863,,122,33,18,164,0.0,0.00118186,0.00118095,0.00117229,0.000117336,0.000922288,0.000366153,0.000173281,,134,32,88,632,0.0,0.00580531,0.00579393,0.00575148,0.000627355,0.00453379,0.0018754,0.000745296,,,,,,
101,36,10,104,0.0,0.00064104,0.000640572,0.000637423,6.4933e-05,0.00051029,0.000196606,0.000102001,,121,34,20,193,0.0,0.00133355,0.00133275,0.00132579,0.000131979,0.00107129,0.000443426,0.000200373,,107,35,4,16,0.0,0.000190613,0.00019044,0.000190068,2.5637e-05,0.000141429,3.3554e-05,2.2033e-05,,190,1,1,1500000,0.0,5.02852,5.02852,4.92606,0.00573452,4.92602,3.80292,1.1171,,106,33,58,427,0.0,0.00374345,0.00373801,0.00371495,0.000388377,0.00289964,0.00116541,0.000489961,,130,35,6,26,0.0,0.000289121,0.000288887,0.00028714,3.7741e-05,0.000211717,4.5195e-05,4.0985e-05,,129,36,10,67,0.0,0.00055935,0.000558969,0.000556104,6.6026e-05,0.000422394,0.000136609,7.8763e-05,,143,35,4,7,0.0,0.000188747,0.000188562,0.000188173,2.5332e-05,0.000130534,2.9636e-05,1.6762e-05,,132,35,20,127,0.0,0.00111894,0.00111817,0.00111379,0.0001301,0.000855219,0.000292253,0.00014771,,136,32,100,652,0.0,0.00633128,0.00631741,0.00627444,0.000717139,0.00500566,0.00201328,0.000816694,,102,36,6,40,0.0,0.000312644,0.000312413,0.000311632,3.7926e-05,0.000237822,7.2118e-05,4.3351e-05,,137,37,2,8,0.0,9.5359e-05,9.5252e-05,9.5051e-05,1.3235e-05,6.7084e-05,1.2127e-05,1.3528e-05,,164,1,1,1500000,0.0,4.73124,4.73124,4.6328,0.00481489,4.63277,3.76584,0.861915,,188,0,0,0,95.4203,0.0,0.0,0.0,0.0,0.0,0.0,0.0,,108,34,14,115,0.0,0.000940277,0.00093973,0.000933765,9.5616e-05,0.000727418,0.000296984,0.000129992,,123,30,426,3881,0.0,0.0284961,0.0284333,0.0282409,0.00290896,0.0227542,0.00961329,0.00409604,,172,2,2,1500000,0.0,5.11649,5.11648,5.02111,0.00394823,5.02104,4.01228,1.00431,,166,2,2,1500000,0.0,4.63374,4.63374,4.54683,0.00423442,4.54676,3.67849,0.863548,,128,36,2,9,0.0,9.7289e-05,9.719e-05,9.6838e-05,1.2794e-05,7.2575e-05,1.4759e-05,1.3808e-05,,159,0,0,0,95.9706,0.0,0.0,0.0,0.0,0.0,0.0,0.0,,179,1,1,1500000,0.0,4.69508,4.69508,4.61445,0.00523818,4.61442,3.7433,0.865648,,177,1,1,1500000,0.0,5.12081,5.12081,5.02775,0.00545854,5.02772,3.88186,1.14016,,133,34,12,111,0.0,0.000779739,0.000779312,0.00077529,7.9331e-05,0.000622252,0.000242906,0.000122351,,104,32,106,1168,0.0,0.0073151,0.00730194,0.00725044,0.000706778,0.00591655,0.00253003,0.00113324,,119,35,18,183,0.0,0.00125831,0.00125738,0.00125038,0.000122188,0.00100647,0.00042612,0.000187663,,100,37,2,3,0.0,8.3512e-05,8.3425e-05,8.3137e-05,1.2859e-05,5.8567e-05,9.306e-06,8.226e-06,,149,2,2,1500000,0.0,4.49697,4.49697,4.42744,0.00380321,4.4274,3.56298,0.860193,,96,35,10,48,0.0,0.000504502,0.000504113,0.000502515,6.2918e-05,0.000379631,0.000107496,6.6669e-05,,113,34,8,61,0.0,0.000457419,0.000457112,0.000455307,5.1546e-05,0.00035762,0.00012831,6.4473e-05,,98,34,16,63,0.0,0.000834376,0.000833842,0.00083136,0.000101822,0.000621402,0.000200456,9.7221e-05,,127,34,26,161,0.0,0.00161358,0.00161223,0.00160528,0.000184684,0.00128016,0.000524766,0.00019821,,99,33,30,536,0.0,0.00261769,0.0026134,0.00259696,0.00019998,0.00220419,0.00109662,0.000449463,,181,1,1,1500000,0.0,4.84594,4.84594,4.77786,0.00535536,4.77783,3.64364,1.1286,,183,3,4,1500000,0.0,4.72643,4.72643,4.63618,0.00434083,4.63608,3.77023,0.860689,,156,0,0,0,95.4748,0.0,0.0,0.0,0.0,0.0,0.0,0.0,,189,0,0,0,95.4496,0.0,0.0,0.0,0.0,0.0,0.0,0.0,,163,0,0,0,94.6791,0.0,0.0,0.0,0.0,0.0,0.0,0.0,,175,1,1,1500000,0.0,4.38453,4.38453,4.31838,0.00508092,4.31834,3.44992,0.86315,,176,1,1,1500000,0.0,4.69105,4.69105,4.62109,0.00534388,4.62106,3.70577,0.909727,,140,37,4,15,0.0,0.000177306,0.000177142,0.000176694,2.6443e-05,0.00012743,2.1658e-05,2.076e-05,,161,0,0,0,95.4805,0.0,0.0,0.0,0.0,0.0,0.0,0.0,,124,35,8,106,0.0,0.000586279,0.000585915,0.000581499,5.3287e-05,0.000478809,0.000192323,0.00010473,,115,35,10,75,0.0,0.000606828,0.00060643,0.000603848,6.7002e-05,0.000470077,0.000159787,9.0784e-05,,112,35,4,44,0.0,0.000264259,0.000264074,0.000263554,2.5962e-05,0.000214588,8.599e-05,4.1409e-05,,97,36,4,14,0.0,0.000191058,0.000190877,0.000189628,2.6054e-05,0.000138874,2.4464e-05,2.7217e-05,,118,35,6,98,0.0,0.000473059,0.000472806,0.000468914,4.0127e-05,0.000395451,0.000178977,8.8639e-05,,122,34,14,89,0.0,0.000774453,0.00077398,0.000770311,8.9586e-05,0.000584874,0.000185539,0.000105133,,134,33,46,258,0.0,0.00285526,0.00285156,0.00284052,0.000323067,0.00222195,0.00092608,0.000321387,,,,,,
101,37,6,24,0.0,0.000289848,0.000289619,0.000289065,3.7952e-05,0.000213624,5.2748e-05,3.3869e-05,,121,35,10,50,0.0,0.000516797,0.000516449,0.000513902,6.3879e-05,0.000390104,0.000111576,7.2818e-05,,174,0,0,0,95.5,0.0,0.0,0.0,0.0,0.0,0.0,0.0,,190,2,2,1500000,0.0,4.97348,4.97347,4.90597,0.00417113,4.90591,4.03661,0.864638,,106,34,26,173,0.0,0.00158974,0.00158867,0.00158037,0.000170403,0.00122432,0.000459956,0.000205323,,130,36,2,4,0.0,8.8048e-05,8.7924e-05,8.7691e-05,1.3371e-05,6.256e-05,8.87e-06,8.656e-06,,129,37,4,39,0.0,0.00023563,0.000235462,0.000233495,2.6484e-05,0.000182208,5.2067e-05,4.3799e-05,,191,0,0,0,93.5103,0.0,0.0,0.0,0.0,0.0,0.0,0.0,,132,36,6,39,0.0,0.000302346,0.000302087,0.000300577,3.8423e-05,0.000224534,5.8305e-05,4.4037e-05,,136,33,44,263,0.0,0.00267841,0.00267461,0.00266287,0.000322721,0.00210451,0.000842592,0.0003157,,152,0,0,0,96.6248,0.0,0.0,0.0,0.0,0.0,0.0,0.0,,187,0,0,0,96.498,0.0,0.0,0.0,0.0,0.0,0.0,0.0,,164,2,2,1500000,0.0,4.87142,4.87142,4.77318,0.00412345,4.77312,3.90325,0.865264,,188,1,1,1500000,0.0,4.88694,4.88693,4.78102,0.00548339,4.78098,3.65173,1.12352,,108,35,8,47,0.0,0.000437509,0.000437189,0.000434637,5.3584e-05,0.000326422,9.3935e-05,6.2396e-05,,123,31,212,1853,0.0,0.0137507,0.0137217,0.0136382,0.00142598,0.0109231,0.00451754,0.00194608,,172,3,4,1500000,0.0,5.06344,5.06343,4.97339,0.00433514,4.97328,4.10617,0.861915,,166,3,4,1500000,0.0,4.67928,4.67927,4.58649,0.00471421,4.58637,3.72226,0.858482,,173,0,0,0,95.3442,0.0,0.0,0.0,0.0,0.0,0.0,0.0,,159,1,1,1500000,0.0,4.31788,4.31788,4.24884,0.00474154,4.24882,3.37443,0.86945,,179,2,2,1500000,0.0,4.59415,4.59414,4.52721,0.00420778,4.52716,3.65963,0.862858,,177,2,2,1500000,0.0,4.88002,4.88002,4.78498,0.00383933,4.78492,3.7816,0.998952,,133,35,8,36,0.0,0.000419803,0.000419516,0.000418694,5.1248e-05,0.000318373,0.000100655,5.0626e-05,,104,33,58,665,0.0,0.00407716,0.00406988,0.00404334,0.000386705,0.00331581,0.0014416,0.000638519,,119,36,10,80,0.0,0.000596264,0.000595886,0.000592284,6.6063e-05,0.000456475,0.000154282,9.3009e-05,,153,0,0,0,93.6106,0.0,0.0,0.0,0.0,0.0,0.0,0.0,,149,3,4,1500000,0.0,4.94222,4.94221,4.86139,0.00451903,4.86128,3.99554,0.860307,,96,36,2,8,0.0,9.2115e-05,9.2013e-05,9.184e-05,1.2734e-05,6.7155e-05,1.5341e-05,1.0578e-05,,113,35,2,9,0.0,0.000108581,0.00010848,0.000108058,1.2763e-05,8.0543e-05,1.8915e-05,1.3592e-05,,98,35,2,9,0.0,0.000100143,0.000100027,9.9691e-05,1.259e-05,7.4005e-05,1.9953e-05,1.3364e-05,,127,35,8,56,0.0,0.00049201,0.000491681,0.000489474,5.7842e-05,0.000390613,0.000151712,6.5441e-05,,99,34,18,323,0.0,0.00148578,0.00148434,0.00147424,0.000118914,0.00123878,0.000576633,0.000273563,,181,2,2,1500000,0.0,5.04388,5.04388,4.97652,0.00367322,4.97647,3.96317,1.0091,,183,4,8,1500000,0.0,4.57905,4.57905,4.49305,0.0044472,4.49285,3.62887,0.85827,,156,1,1,1500000,0.0,4.31737,4.31737,4.25005,0.00467287,4.25002,3.38671,0.858457,,189,1,1,1500000,0.0,5.09369,5.09369,4.99176,0.00575374,4.99172,3.86122,1.12448,,163,1,1,1500000,0.0,4.54139,4.54139,4.47124,0.00488074,4.47121,3.60456,0.86155,,175,2,2,1500000,0.0,4.78969,4.78969,4.72088,0.0039362,4.72081,3.85002,0.866353,,176,2,2,1500000,0.0,5.12637,5.12637,5.04541,0.00427927,5.04535,4.176,0.864577,,184,0,0,0,97.7796,0.0,0.0,0.0,0.0,0.0,0.0,0.0,,161,1,1,1500000,0.0,4.58571,4.58571,4.51821,0.00476482,4.51818,3.64883,0.864373,,124,36,8,71,0.0,0.000467108,0.000466793,0.000464291,5.2744e-05,0.000362637,0.00010843,8.0344e-05,,115,36,4,18,0.0,0.000215701,0.000215536,0.000214392,2.6617e-05,0.000152643,3.3304e-05,2.7666e-05,,157,0,0,0,96.0831,0.0,0.0,0.0,0.0,0.0,0.0,0.0,,97,37,2,6,0.0,9.063e-05,9.0527e-05,9.0309e-05,1.2837e-05,6.504e-05,8.614e-06,1.026e-05,,118,36,4,86,0.0,0.0003218,0.000321638,0.000319148,2.5865e-05,0.00026996,0.000120623,6.603e-05,,122,35,4,18,0.0,0.000192195,0.000192011,0.000191534,2.5427e-05,0.00013961,3.1636e-05,2.7048e-05,,134,34,6,45,0.0,0.000403085,0.000402778,0.000401085,4.2911e-05,0.0003214,0.000141525,4.9253e-05,,,,,,
154,0,0,0,96.5789,0.0,0.0,0.0,0.0,0.0,0.0,0.0,,121,36,4,21,0.0,0.000185278,0.000185115,0.000184507,2.5713e-05,0.000134067,2.9495e-05,2.4302e-05,,174,1,1,1500000,0.0,4.93291,4.93291,4.79991,0.00485544,4.79987,3.93199,0.862777,,190,3,4,1500000,0.0,4.64685,4.64684,4.55539,0.00449332,4.55528,3.69061,0.859346,,106,35,10,55,0.0,0.000546113,0.000545724,0.000542794,6.396e-05,0.000400604,0.000119096,7.1268e-05,,147,0,0,0,95.1075,0.0,0.0,0.0,0.0,0.0,0.0,0.0,,129,38,4,12,0.0,0.000182986,0.000182823,0.000182432,2.6838e-05,0.000131135,2.1804e-05,2.1985e-05,,191,1,1,1500000,0.0,4.72791,4.72791,4.65217,0.0058234,4.65214,3.49146,1.15462,,132,37,2,7,0.0,8.9018e-05,8.8917e-05,8.8636e-05,1.2806e-05,6.2846e-05,9.463e-06,1.2067e-05,,136,34,8,41,0.0,0.000450932,0.000450631,0.000448719,6.1218e-05,0.000349555,0.000122752,5.481e-05,,152,1,1,1500000,0.0,4.68326,4.68326,4.58962,0.00473596,4.5896,3.47652,1.10816,,187,1,1,1500000,0.0,4.80845,4.80844,4.7283,0.00543073,4.72827,3.8555,0.867107,,164,3,4,1500000,0.0,4.63702,4.63701,4.54698,0.00451353,4.54687,3.67813,0.863408,,188,2,2,1500000,0.0,4.83174,4.83173,4.74561,0.00425099,4.74555,3.7317,1.0091,,108,36,4,15,0.0,0.000191701,0.000191525,0.000190924,2.6013e-05,0.000134238,3.0765e-05,2.1514e-05,,123,32,92,688,0.0,0.00573749,0.00572603,0.00568889,0.000612521,0.00451891,0.00179195,0.000792506,,172,4,8,1500000,0.0,4.706,4.706,4.60676,0.00459461,4.60656,3.74443,0.856219,,166,4,8,1500000,0.0,4.77565,4.77565,4.702,0.00488884,4.70178,3.84263,0.852923,,173,1,1,1500000,0.0,4.52728,4.52728,4.4561,0.00571208,4.45606,3.58761,0.862531,,159,2,2,1500000,0.0,4.65336,4.65336,4.57147,0.00417917,4.57141,3.69132,0.875423,,179,3,4,1500000,0.0,4.8567,4.8567,4.77712,0.00415284,4.77701,3.91031,0.861725,,177,3,4,1500000,0.0,4.76199,4.76198,4.67313,0.00392572,4.67302,3.80854,0.859703,,178,0,0,0,94.986,0.0,0.0,0.0,0.0,0.0,0.0,0.0,,104,34,32,222,0.0,0.00189349,0.00189182,0.0018827,0.000212068,0.00148245,0.000557484,0.000257046,,119,37,6,27,0.0,0.000297452,0.000297221,0.000296623,3.9689e-05,0.000215507,5.3028e-05,3.7281e-05,,153,1,1,1500000,0.0,4.23286,4.23286,4.16674,0.00458343,4.16672,3.30588,0.856088,,149,4,8,1500000,0.0,4.82994,4.82994,4.72414,0.00605392,4.72392,3.86026,0.856203,,151,0,0,0,95.7155,0.0,0.0,0.0,0.0,0.0,0.0,0.0,,162,0,0,0,95.5476,0.0,0.0,0.0,0.0,0.0,0.0,0.0,,148,0,0,0,95.1653,0.0,0.0,0.0,0.0,0.0,0.0,0.0,,127,36,4,10,0.0,0.000188108,0.00018764,0.000186854,2.7513e-05,0.000136558,2.9586e-05,1.817e-05,,99,35,14,160,0.0,0.000908867,0.000908287,0.000903812,9.0264e-05,0.000719102,0.000268188,0.00015222,,181,3,4,1500000,0.0,4.66329,4.66329,4.58048,0.00431777,4.58037,3.71314,0.862024,,183,5,16,1500000,0.0,4.79104,4.79103,4.70965,0.00516882,4.70928,3.59139,1.11065,,156,2,2,1500000,0.0,4.86779,4.86779,4.76434,0.00416239,4.76429,3.89482,0.86483,,189,2,2,1500000,0.0,4.94582,4.94581,4.86414,0.00419771,4.86408,3.9932,0.866173,,163,2,2,1500000,0.0,4.75143,4.75143,4.68308,0.00375261,4.68303,3.81451,0.864241,,175,3,4,1500000,0.0,4.80928,4.80928,4.69995,0.00466575,4.69984,3.82847,0.86583,,176,3,4,1500000,0.0,4.88121,4.88121,4.80754,0.00490977,4.80743,3.93991,0.861753,,184,1,1,1500000,0.0,5.14799,5.14799,5.04657,0.00584912,5.04653,3.90437,1.13607,,161,2,2,1500000,0.0,4.89011,4.89011,4.80069,0.00403626,4.80063,3.92963,0.866455,,124,37,4,24,0.0,0.000203806,0.000203624,0.000203181,2.6053e-05,0.00015245,3.9713e-05,2.9519e-05,,115,37,2,7,0.0,9.0653e-05,9.0549e-05,9.035e-05,1.3065e-05,6.1715e-05,9.064e-06,1.0894e-05,,157,1,1,1500000,0.0,5.06802,5.06802,5.0012,0.00487835,5.00117,3.87629,1.1198,,145,0,0,0,96.2345,0.0,0.0,0.0,0.0,0.0,0.0,0.0,,118,37,4,42,0.0,0.000225174,0.000225017,0.00022382,2.5385e-05,0.000175139,4.7784e-05,4.3238e-05,,146,0,0,0,91.1359,0.0,0.0,0.0,0.0,0.0,0.0,0.0,,134,35,2,19,0.0,0.000124535,0.000124448,0.000123329,1.401e-05,9.7326e-05,3.5029e-05,2.1561e-05,,,,,,
154,1,1,1500000,0.0,4.72607,4.72607,4.66091,0.00492955,4.66088,3.73118,0.924559,,167,0,0,0,95.6117,0.0,0.0,0.0,0.0,0.0,0.0,0.0,,174,2,2,1500000,0.0,5.0566,5.0566,4.96291,0.00410243,4.96285,4.09282,0.865377,,190,4,8,1500000,0.0,4.57095,4.57094,4.48832,0.00481579,4.48812,3.6285,0.853441,,106,36,4,35,0.0,0.000219436,0.000219253,0.00021878,2.5227e-05,0.000163693,5.246e-05,2.9912e-05,,147,1,1,1500000,0.0,4.70558,4.70558,4.6341,0.00450825,4.63408,3.78217,0.847239,,180,0,0,0,93.2783,0.0,0.0,0.0,0.0,0.0,0.0,0.0,,191,2,2,1500000,0.0,4.9816,4.98159,4.91704,0.00398276,4.91699,3.90884,1.00367,,155,0,0,0,95.6571,0.0,0.0,0.0,0.0,0.0,0.0,0.0,,136,35,2,21,0.0,0.000130394,0.000130297,0.000129211,1.3577e-05,0.000104346,3.4897e-05,2.3608e-05,,152,2,2,1500000,0.0,4.63259,4.63259,4.56536,0.00403056,4.56531,3.69638,0.864511,,187,2,2,1500000,0.0,4.77345,4.77345,4.67516,0.00437885,4.67509,3.80877,0.861453,,164,4,8,1500000,0.0,4.85846,4.85845,4.77114,0.00517282,4.77093,3.89333,0.870924,,188,3,4,1500000,0.0,4.76793,4.76793,4.66733,0.00392777,4.66722,3.77189,0.890572,,169,0,0,0,95.5408,0.0,0.0,0.0,0.0,0.0,0.0,0.0,,123,33,42,244,0.0,0.0024025,0.00239842,0.00238457,0.000276918,0.00185473,0.000677439,0.000311687,,172,5,16,1500000,0.0,4.49865,4.49864,4.41971,0.005517,4.41933,3.57431,0.837546,,166,5,16,1500000,0.0,4.59595,4.59594,4.5115,0.00586041,4.5111,3.67133,0.831824,,173,2,2,1500000,0.0,4.93806,4.93806,4.80292,0.00421041,4.80285,3.93012,0.868046,,159,3,4,1500000,0.0,4.92747,4.92747,4.83849,0.00479905,4.83838,3.9609,0.87181,,179,4,8,1500000,0.0,4.60845,4.60845,4.53197,0.00527873,4.53176,3.6696,0.855576,,177,4,8,1500000,0.0,4.63667,4.63666,4.54271,0.00453993,4.54251,3.68727,0.849391,,178,1,1,1500000,0.0,4.58562,4.58562,4.51886,0.00544422,4.51882,3.64822,0.86494,,104,35,8,71,0.0,0.000469013,0.0004687,0.00046633,5.1895e-05,0.000368344,0.000118715,7.6695e-05,,170,0,0,0,93.236,0.0,0.0,0.0,0.0,0.0,0.0,0.0,,153,2,2,1500000,0.0,4.92215,4.92215,4.85253,0.00431398,4.85247,3.98298,0.864783,,149,5,16,1500000,0.0,4.59379,4.59378,4.50169,0.00675041,4.50129,3.66681,0.825736,,151,1,1,1500000,0.0,4.62754,4.62754,4.54951,0.00463548,4.54949,3.69431,0.85035,,162,1,1,1500000,0.0,4.64556,4.64556,4.57827,0.00472337,4.57824,3.46103,1.1123,,148,1,1,1500000,0.0,4.27243,4.27242,4.21128,0.00488923,4.21126,3.35779,0.848406,,185,0,0,0,96.5232,0.0,0.0,0.0,0.0,0.0,0.0,0.0,,99,36,6,106,0.0,0.000418114,0.000417885,0.000416362,3.8646e-05,0.000340787,0.000135261,7.9437e-05,,181,4,8,1500000,0.0,4.59194,4.59193,4.51205,0.00461296,4.51185,3.64817,0.857783,,183,6,32,1500000,0.0,4.39861,4.39859,4.31392,0.00678582,4.31321,3.46398,0.839473,,156,3,4,1500000,0.0,4.86931,4.86931,4.71696,0.00488556,4.71685,3.84786,0.863221,,189,3,4,1500000,0.0,4.78394,4.78393,4.69702,0.0042913,4.69691,3.832,0.859794,,163,3,4,1500000,0.0,4.76519,4.76518,4.67326,0.00491835,4.67315,3.80283,0.86444,,175,4,8,1500000,0.0,4.6539,4.65389,4.56681,0.00482932,4.56661,3.69528,0.865211,,176,4,8,1500000,0.0,4.78917,4.78917,4.70005,0.00473948,4.69984,3.83576,0.857895,,184,2,2,1500000,0.0,4.94884,4.94884,4.86449,0.00409995,4.86442,3.98351,0.876324,,161,3,4,1500000,0.0,4.83021,4.83021,4.74417,0.00485811,4.74405,3.87598,0.862275,,165,0,0,0,95.7567,0.0,0.0,0.0,0.0,0.0,0.0,0.0,,168,0,0,0,95.2069,0.0,0.0,0.0,0.0,0.0,0.0,0.0,,157,2,2,1500000,0.0,5.10793,5.10793,5.03969,0.00424992,5.03963,3.78966,1.24522,,145,1,1,1500000,0.0,4.461,4.461,4.40068,0.00456733,4.40066,3.55316,0.842752,,118,38,2,18,0.0,0.000114408,0.000114309,0.000113316,1.2763e-05,8.4867e-05,2.038e-05,2.1435e-05,,146,1,1,1500000,0.0,4.24309,4.24309,4.18714,0.00439041,4.18712,3.33825,0.844302,,134,36,2,13,0.0,0.000111656,0.000111559,0.00011059,1.3646e-05,8.4024e-05,2.27e-05,1.8129e-05,,,,,,
154,2,2,1500000,0.0,5.21125,5.21125,5.06097,0.00395306,5.06091,4.19315,0.863331,,167,1,1,1500000,0.0,4.71522,4.71522,4.61256,0.00488647,4.61253,3.74623,0.861212,,174,3,4,1500000,0.0,4.67641,4.67641,4.57631,0.00480304,4.5762,3.7061,0.864393,,190,5,16,1500000,0.0,4.54399,4.54398,4.45905,0.00529848,4.45868,3.61088,0.840413,,158,0,0,0,97.6787,0.0,0.0,0.0,0.0,0.0,0.0,0.0,,147,2,2,1500000,0.0,4.6933,4.6933,4.62671,0.0038349,4.62667,3.7634,0.859071,,180,1,1,1500000,0.0,5.01279,5.01279,4.94704,0.00548833,4.94701,3.81002,1.13128,,191,3,4,1500000,0.0,4.79824,4.79824,4.71939,0.00432008,4.71928,3.85868,0.855525,,155,1,1,1500000,0.0,4.51687,4.51687,4.38553,0.00449676,4.3855,3.52286,0.857946,,136,36,2,18,0.0,0.000103756,0.000103666,0.000103317,1.4633e-05,7.8709e-05,1.9326e-05,1.7366e-05,,152,3,4,1500000,0.0,5.07849,5.07848,4.98567,0.00436302,4.98556,4.11558,0.864745,,187,3,4,1500000,0.0,4.74993,4.74993,4.67512,0.00378105,4.67501,3.81142,0.858966,,164,5,16,1500000,0.0,4.58208,4.58207,4.49144,0.00600405,4.49106,3.64865,0.834285,,188,4,8,1500000,0.0,4.63289,4.63288,4.55832,0.00468112,4.55811,3.67656,0.87563,,169,1,1,1500000,0.0,4.66991,4.66991,4.54329,0.00507009,4.54326,3.65184,0.886147,,123,34,16,70,0.0,0.000828789,0.000828262,0.000826072,0.000102352,0.000628954,0.000200883,9.8422e-05,,172,6,32,1500000,0.0,4.43643,4.43642,4.35673,0.00657216,4.356,3.52456,0.822076,,166,6,32,1500000,0.0,4.52955,4.52954,4.44576,0.00728447,4.44502,3.42788,1.00689,,173,3,4,1500000,0.0,4.73199,4.73199,4.66171,0.00486719,4.6616,3.79715,0.858719,,159,4,8,1500000,0.0,4.92411,4.92411,4.83317,0.00539234,4.83295,3.95956,0.866473,,179,5,16,1500000,0.0,4.60828,4.60827,4.51818,0.00575572,4.5178,3.66613,0.843969,,177,5,16,1500000,0.0,4.76661,4.7666,4.68397,0.00553723,4.6836,3.60008,1.07596,,178,2,2,1500000,0.0,4.84377,4.84377,4.75632,0.00397739,4.75626,3.88799,0.86378,,104,36,4,39,0.0,0.000214588,0.000214426,0.000213235,2.5809e-05,0.000164964,4.6637e-05,3.5769e-05,,170,1,1,1500000,0.0,4.71662,4.71662,4.59965,0.00524924,4.59962,3.73248,0.86169,,153,3,4,1500000,0.0,4.89487,4.89486,4.81567,0.00488558,4.81555,3.92374,0.886063,,149,6,32,1500000,0.0,4.53196,4.53194,4.44819,0.00806346,4.44744,3.53059,0.905672,,151,2,2,1500000,0.0,4.75479,4.75479,4.67215,0.00387973,4.6721,3.80664,0.861111,,162,2,2,1500000,0.0,4.6402,4.6402,4.55688,0.00404703,4.55682,3.6882,0.864103,,148,2,2,1500000,0.0,4.78585,4.78585,4.69983,0.00345582,4.69978,3.83815,0.857778,,185,1,1,1500000,0.0,5.0325,5.0325,4.93428,0.0060906,4.93424,3.80183,1.12607,,99,37,2,25,0.0,0.00012478,0.000124681,0.000123637,1.6329e-05,9.7371e-05,2.5983e-05,2.7211e-05,,181,5,16,1500000,0.0,4.51664,4.51663,4.42565,0.00530577,4.42527,3.57849,0.839517,,183,7,64,1500000,0.0,4.2467,4.24668,4.16425,0.00779529,4.16294,3.3094,0.84164,,156,4,8,1500000,0.0,4.8943,4.8943,4.72649,0.00530671,4.72629,3.85865,0.860746,,189,4,8,1500000,0.0,4.63007,4.63007,4.55544,0.0039933,4.55525,3.69436,0.855524,,163,4,8,1500000,0.0,4.72827,4.72827,4.65432,0.00522408,4.6541,3.78778,0.859498,,175,5,16,1500000,0.0,4.62466,4.62466,4.54136,0.00617049,4.54098,3.68557,0.847299,,176,5,16,1500000,0.0,4.59787,4.59786,4.51251,0.00569749,4.51213,3.65622,0.848096,,184,3,4,1500000,0.0,4.74961,4.74961,4.66117,0.00390972,4.66106,3.79535,0.860957,,161,4,8,1500000,0.0,4.63265,4.63264,4.54637,0.00527019,4.54615,3.67839,0.86098,,165,1,1,1500000,0.0,4.74942,4.74941,4.63304,0.0050216,4.63301,3.76534,0.862431,,168,1,1,1500000,0.0,4.83079,4.83079,4.76092,0.00517101,4.76088,3.63019,1.12529,,157,3,4,1500000,0.0,4.88509,4.88509,4.79178,0.00468045,4.79166,3.86543,0.920653,,145,2,2,1500000,0.0,4.61262,4.61261,4.54754,0.00315022,4.54751,3.69088,0.853129,,118,39,2,12,0.0,9.4732e-05,9.4613e-05,9.4283e-05,1.3078e-05,6.9551e-05,1.0581e-05,1.5096e-05,,146,2,2,1500000,0.0,4.53164,4.53164,4.4539,0.00322003,4.45387,3.59543,0.854834,,134,37,2,7,0.0,8.8402e-05,8.8305e-05,8.8051e-05,1.3158e-05,6.1656e-05,1.0016e-05,1.0549e-05,,,,,,
154,3,4,1500000,0.0,4.7865,4.7865,4.68538,0.00457959,4.68526,3.81649,0.863362,,167,2,2,1500000,0.0,5.12546,5.12546,4.98115,0.00434028,4.98109,4.11439,0.861841,,174,4,8,1500000,0.0,4.5277,4.52769,4.44851,0.00483148,4.44831,3.58327,0.858847,,190,6,32,1500000,0.0,4.43847,4.43845,4.35605,0.00645755,4.35535,3.51044,0.835716,,158,1,1,1500000,0.0,4.84056,4.84056,4.74222,0.00494821,4.7422,3.61697,1.12008,,147,3,4,1500000,0.0,4.79184,4.79184,4.7107,0.00470859,4.7106,3.8398,0.865196,,180,2,2,1500000,0.0,5.08894,5.08893,5.00672,0.00412563,5.00666,4.00184,1.00023,,191,4,8,1500000,0.0,4.4842,4.4842,4.40657,0.00450804,4.40637,3.55193,0.848754,,155,2,2,1500000,0.0,5.02993,5.02993,4.9651,0.00393056,4.96504,4.09823,0.862424,,186,0,0,0,95.0792,0.0,0.0,0.0,0.0,0.0,0.0,0.0,,152,4,8,1500000,0.0,4.80974,4.80973,4.71298,0.00580632,4.71277,3.84357,0.861934,,187,4,8,1500000,0.0,4.54529,4.54528,4.45724,0.00489108,4.45703,3.59765,0.853117,,164,6,32,1500000,0.0,4.45354,4.45352,4.37204,0.00727703,4.3713,3.5402,0.820576,,188,5,16,1500000,0.0,4.49329,4.49328,4.41104,0.0051783,4.41068,3.55812,0.845549,,169,2,2,1500000,0.0,4.89243,4.89242,4.82597,0.00400256,4.8259,3.95115,0.870263,,123,35,2,14,0.0,0.000103162,0.000102976,0.000102018,1.26e-05,7.7269e-05,1.7973e-05,1.8464e-05,,172,7,64,1500000,0.0,4.24349,4.24347,4.165,0.00794969,4.16365,3.33542,0.816419,,166,7,64,1500000,0.0,4.2947,4.29468,4.20921,0.00872295,4.20785,3.28994,0.904934,,173,4,8,1500000,0.0,4.73457,4.73457,4.65406,0.00501105,4.65386,3.79532,0.852202,,159,5,16,1500000,0.0,4.74718,4.74717,4.64781,0.00615782,4.64741,3.79396,0.845053,,179,6,32,1500000,0.0,4.40466,4.40464,4.31886,0.00738936,4.31813,3.48857,0.819292,,177,6,32,1500000,0.0,4.29518,4.29516,4.20763,0.00712466,4.20695,3.3844,0.812411,,178,3,4,1500000,0.0,4.67574,4.67573,4.5816,0.00443822,4.58148,3.7147,0.861508,,104,37,2,3,0.0,8.2136e-05,8.2036e-05,8.1819e-05,1.2781e-05,5.7323e-05,9.514e-06,7.793e-06,,170,2,2,1500000,0.0,5.03147,5.03147,4.93296,0.00440413,4.93289,4.06642,0.861579,,153,4,8,1500000,0.0,4.91906,4.91905,4.82569,0.00545327,4.82547,3.94874,0.86981,,149,7,64,1500000,0.0,4.25933,4.25931,4.17012,0.00972944,4.16868,3.34891,0.805603,,151,3,4,1500000,0.0,4.88578,4.88578,4.81404,0.004221,4.81393,3.94886,0.859959,,162,3,4,1500000,0.0,4.99224,4.99224,4.90384,0.00496803,4.90373,4.03431,0.863528,,148,3,4,1500000,0.0,4.84603,4.84602,4.74279,0.00479748,4.74267,3.87106,0.865929,,185,2,2,1500000,0.0,5.03716,5.03716,4.91989,0.00403322,4.91983,3.90717,1.00811,,99,38,2,19,0.0,0.000106954,0.000106847,0.00010572,1.2935e-05,8.0208e-05,1.804e-05,2.0276e-05,,181,6,32,1500000,0.0,4.32885,4.32883,4.24182,0.00694444,4.24111,3.41276,0.818581,,183,8,128,1500000,0.0,4.10532,4.10527,4.02594,0.00934025,4.02349,3.1979,0.810578,,156,5,16,1500000,0.0,4.67715,4.67714,4.51367,0.00547673,4.51329,3.66058,0.844999,,189,5,16,1500000,0.0,4.45229,4.45229,4.36625,0.00537679,4.36588,3.52279,0.835574,,163,5,16,1500000,0.0,4.47642,4.47641,4.38722,0.00583138,4.38684,3.54176,0.837168,,175,6,32,1500000,0.0,4.37432,4.37431,4.29144,0.00720112,4.29071,3.45699,0.823545,,176,6,32,1500000,0.0,4.64798,4.64796,4.56133,0.00699413,4.56062,3.57512,0.975319,,184,4,8,1500000,0.0,4.767,4.76699,4.65233,0.00464984,4.65213,3.79027,0.855867,,161,5,16,1500000,0.0,4.55956,4.55955,4.47318,0.00573003,4.47279,3.62841,0.836557,,165,2,2,1500000,0.0,4.94821,4.94821,4.86415,0.00420793,4.86409,3.99757,0.861857,,168,2,2,1500000,0.0,4.834,4.834,4.75262,0.00379699,4.75255,3.88058,0.867691,,157,4,8,1500000,0.0,4.70822,4.70821,4.61753,0.00532694,4.61733,3.74928,0.861319,,145,3,4,1500000,0.0,4.9773,4.9773,4.86941,0.00434566,4.8693,3.99826,0.865858,,171,0,0,0,95.4058,0.0,0.0,0.0,0.0,0.0,0.0,0.0,,146,3,4,1500000,0.0,4.81614,4.81613,4.72111,0.00447632,4.721,3.8537,0.861934,,182,0,0,0,90.3397,0.0,0.0,0.0,0.0,0.0,0.0,0.0,,,,,,
154,4,8,1500000,0.0,4.73101,4.731,4.64927,0.0054827,4.64906,3.78081,0.861384,,167,3,4,1500000,0.0,4.72214,4.72214,4.61864,0.00440236,4.61853,3.75184,0.861417,,174,5,16,1500000,0.0,4.84619,4.84618,4.76615,0.00582953,4.76576,3.54471,1.21316,,190,7,64,1500000,0.0,4.2887,4.28868,4.20462,0.00724603,4.20331,3.35245,0.839744,,158,2,2,1500000,0.0,4.96328,4.96328,4.88667,0.0040003,4.88661,3.87667,1.00543,,147,4,8,1500000,0.0,4.89751,4.89751,4.79435,0.0056063,4.79413,3.92075,0.866137,,180,3,4,1500000,0.0,4.77258,4.77257,4.69432,0.00412147,4.69421,3.82681,0.862463,,191,5,16,1500000,0.0,4.54615,4.54614,4.46365,0.00557943,4.46326,3.61747,0.838373,,155,3,4,1500000,0.0,4.77403,4.77402,4.7026,0.00498827,4.70249,3.83307,0.863601,,186,1,1,1500000,0.0,4.84263,4.84263,4.72622,0.0055393,4.72619,3.59418,1.12624,,152,5,16,1500000,0.0,4.80339,4.80338,4.71575,0.00620261,4.71535,3.84236,0.864837,,187,5,16,1500000,0.0,4.51739,4.51738,4.43423,0.00528411,4.43383,3.58181,0.844696,,164,7,64,1500000,0.0,4.36194,4.36191,4.27604,0.00892521,4.27465,3.40131,0.860088,,188,6,32,1500000,0.0,4.3564,4.35638,4.27337,0.00639991,4.27267,3.44011,0.823447,,169,3,4,1500000,0.0,4.87353,4.87352,4.77818,0.00471648,4.77807,3.90834,0.864142,,123,36,2,7,0.0,8.6698e-05,8.6605e-05,8.6332e-05,1.2632e-05,6.143e-05,1.0201e-05,1.1115e-05,,172,8,128,1500000,0.0,4.08122,4.08117,4.00403,0.00966621,4.00152,3.17616,0.810171,,166,8,128,1500000,0.0,4.07076,4.07073,3.99282,0.00965653,3.99024,3.15078,0.824166,,173,5,16,1500000,0.0,4.55708,4.55707,4.47475,0.0055241,4.47437,3.63245,0.834532,,159,6,32,1500000,0.0,4.43517,4.43515,4.34977,0.00775677,4.34905,3.51092,0.827315,,179,7,64,1500000,0.0,4.26917,4.26915,4.18278,0.00835404,4.18144,3.35053,0.818726,,177,7,64,1500000,0.0,4.22633,4.22631,4.14427,0.00843126,4.14297,3.32727,0.803159,,178,4,8,1500000,0.0,4.65833,4.65833,4.56559,0.00490434,4.56539,3.70045,0.858615,,150,0,0,0,93.0401,0.0,0.0,0.0,0.0,0.0,0.0,0.0,,170,3,4,1500000,0.0,4.77663,4.77663,4.6805,0.00482459,4.68039,3.81368,0.861022,,153,5,16,1500000,0.0,4.62621,4.62621,4.54598,0.00640389,4.54559,3.69559,0.841332,,149,8,128,1500000,0.0,4.04036,4.04033,3.96106,0.0112269,3.95835,3.13468,0.806327,,151,4,8,1500000,0.0,4.85135,4.85134,4.76595,0.00582985,4.76573,3.90305,0.855279,,162,4,8,1500000,0.0,4.67683,4.67683,4.5908,0.00505053,4.5906,3.72359,0.8605,,148,4,8,1500000,0.0,4.8816,4.88159,4.77407,0.00601314,4.77386,3.90098,0.865102,,185,3,4,1500000,0.0,4.75414,4.75414,4.67532,0.00459616,4.67521,3.8063,0.863444,,99,39,2,14,0.0,9.6052e-05,9.5921e-05,9.5599e-05,1.2763e-05,6.9766e-05,1.1352e-05,1.2785e-05,,181,7,64,1500000,0.0,4.12947,4.12944,4.05039,0.00784577,4.04905,3.22634,0.811067,,183,9,256,1500000,0.0,4.07527,4.07521,4.00152,0.0130316,3.99687,3.12803,0.846594,,156,6,32,1500000,0.0,4.49466,4.49464,4.38477,0.00719902,4.38404,3.54808,0.825557,,189,6,32,1500000,0.0,4.37104,4.37102,4.27959,0.0065729,4.27889,3.44813,0.821198,,163,6,32,1500000,0.0,4.39071,4.3907,4.31266,0.00707709,4.31193,3.45857,0.843261,,175,7,64,1500000,0.0,4.21338,4.21336,4.13357,0.0083166,4.13222,3.30391,0.81603,,176,7,64,1500000,0.0,4.26705,4.26703,4.18547,0.00814827,4.18411,3.34182,0.830117,,184,5,16,1500000,0.0,4.58589,4.58588,4.50483,0.00549865,4.50445,3.65383,0.842933,,161,6,32,1500000,0.0,4.3746,4.37459,4.29449,0.00712775,4.29376,3.46373,0.819818,,165,3,4,1500000,0.0,4.81034,4.81033,4.72264,0.00468526,4.72252,3.85393,0.863084,,168,3,4,1500000,0.0,4.87422,4.87422,4.79066,0.00443855,4.79054,3.92095,0.864276,,157,5,16,1500000,0.0,4.65492,4.65491,4.57414,0.00540204,4.57376,3.6656,0.900497,,145,4,8,1500000,0.0,5.03725,5.03724,4.93346,0.0060291,4.93324,4.05866,0.8668,,171,1,1,1500000,0.0,4.67789,4.67789,4.60981,0.00489669,4.60977,3.48776,1.11688,,146,4,8,1500000,0.0,4.91275,4.91274,4.81863,0.00558882,4.81841,3.93957,0.871523,,182,1,1,1500000,0.0,5.06107,5.06107,4.99551,0.00533973,4.99548,3.85049,1.13942,,,,,,
154,5,16,1500000,0.0,4.68962,4.68961,4.60352,0.00611514,4.60313,3.65597,0.939092,,167,4,8,1500000,0.0,4.59066,4.59066,4.5,0.00488508,4.49979,3.6366,0.856886,,174,6,32,1500000,0.0,4.37507,4.37505,4.28546,0.00728793,4.28473,3.44518,0.829213,,190,8,128,1500000,0.0,4.18076,4.18072,4.10556,0.00907784,4.10311,3.23202,0.8566,,158,3,4,1500000,0.0,4.88554,4.88554,4.791,0.0046015,4.79088,3.9181,0.867296,,147,5,16,1500000,0.0,4.69427,4.69426,4.60927,0.0064569,4.60886,3.75103,0.849163,,180,4,8,1500000,0.0,4.59219,4.59218,4.5196,0.00456756,4.51939,3.65273,0.860893,,191,6,32,1500000,0.0,4.38637,4.38636,4.30665,0.00600116,4.30593,3.45032,0.847032,,155,4,8,1500000,0.0,4.7006,4.7006,4.61233,0.00568473,4.61212,3.74546,0.859586,,186,2,2,1500000,0.0,4.85038,4.85038,4.78435,0.00390649,4.78429,3.78149,0.998379,,152,6,32,1500000,0.0,4.61952,4.61951,4.52845,0.010773,4.5277,3.58469,0.929315,,187,6,32,1500000,0.0,4.41032,4.41031,4.3269,0.006799,4.32613,3.40685,0.909654,,164,8,128,1500000,0.0,4.06667,4.06662,3.98961,0.0102474,3.98705,3.14101,0.830161,,188,7,64,1500000,0.0,4.26916,4.26913,4.18828,0.00776962,4.18695,3.28427,0.891114,,169,4,8,1500000,0.0,4.70099,4.70098,4.62311,0.00553016,4.6229,3.75863,0.85738,,160,0,0,0,93.271,0.0,0.0,0.0,0.0,0.0,0.0,0.0,,172,9,256,1500000,0.0,4.09583,4.09575,4.02053,0.0126723,4.01578,3.12674,0.867203,,166,9,256,1500000,0.0,4.03959,4.0395,3.96453,0.0122175,3.95959,3.10239,0.835769,,173,6,32,1500000,0.0,4.40406,4.40405,4.31895,0.00721248,4.31824,3.49132,0.816869,,159,7,64,1500000,0.0,4.24811,4.24808,4.16489,0.00931256,4.16351,3.32216,0.827761,,179,8,128,1500000,0.0,4.10616,4.10611,4.02708,0.00963519,4.02458,3.1935,0.815969,,177,8,128,1500000,0.0,4.02559,4.02555,3.9481,0.00952679,3.94566,3.13015,0.800433,,178,5,16,1500000,0.0,4.47746,4.47745,4.39316,0.00581715,4.39278,3.53822,0.846636,,150,1,1,1500000,0.0,4.23016,4.23016,4.16677,0.00433697,4.16675,3.31204,0.850197,,170,4,8,1500000,0.0,4.64935,4.64934,4.56106,0.00469994,4.56086,3.69781,0.857039,,153,6,32,1500000,0.0,4.61735,4.61733,4.53222,0.00720105,4.53148,3.51997,1.00119,,149,9,256,1500000,0.0,3.99063,3.99056,3.91633,0.0128257,3.91117,3.06088,0.827658,,151,5,16,1500000,0.0,4.63406,4.63405,4.549,0.00613244,4.54861,3.71122,0.829195,,162,5,16,1500000,0.0,4.77192,4.77191,4.68297,0.00607974,4.68258,3.65639,1.01782,,148,5,16,1500000,0.0,4.7806,4.78059,4.6933,0.0066348,4.69291,3.835,0.848968,,185,4,8,1500000,0.0,4.70229,4.70228,4.60614,0.00503589,4.60593,3.74094,0.858569,,144,0,0,0,97.121,0.0,0.0,0.0,0.0,0.0,0.0,0.0,,181,8,128,1500000,0.0,4.03726,4.03722,3.95934,0.00917849,3.95685,3.10492,0.837414,,183,10,512,1500000,0.0,4.07937,4.07921,4.00396,0.0195978,3.99501,3.09908,0.860147,,156,7,64,1500000,0.0,4.35409,4.35407,4.22135,0.00879951,4.21997,3.34233,0.864661,,189,7,64,1500000,0.0,4.21333,4.2133,4.13195,0.00779588,4.13062,3.31059,0.808258,,163,7,64,1500000,0.0,4.21645,4.21643,4.1346,0.00865597,4.13321,3.30094,0.819456,,175,8,128,1500000,0.0,4.08768,4.08764,4.01222,0.0098564,4.00972,3.16004,0.834161,,176,8,128,1500000,0.0,4.12386,4.12382,4.04659,0.00973899,4.04412,3.19428,0.834537,,184,6,32,1500000,0.0,4.42561,4.4256,4.34027,0.0067522,4.33954,3.50922,0.820573,,161,7,64,1500000,0.0,4.21832,4.2183,4.13561,0.00917849,4.13425,3.2962,0.824646,,165,4,8,1500000,0.0,4.81352,4.81351,4.70905,0.00536996,4.70884,3.84292,0.859018,,168,4,8,1500000,0.0,4.69051,4.69051,4.60149,0.00530786,4.60128,3.73548,0.859164,,157,6,32,1500000,0.0,4.36876,4.36875,4.28569,0.00655088,4.28498,3.45463,0.820622,,145,5,16,1500000,0.0,4.75562,4.75561,4.66675,0.00680545,4.66635,3.81149,0.845502,,171,2,2,1500000,0.0,5.12773,5.12773,5.03557,0.00395649,5.03551,3.68197,1.3491,,146,5,16,1500000,0.0,4.80883,4.80882,4.72098,0.00658216,4.72054,3.8652,0.846213,,182,2,2,1500000,0.0,5.22496,5.22496,5.14263,0.00366056,5.14256,4.09636,1.04204,,,,,,
154,6,32,1500000,0.0,4.47403,4.47401,4.38238,0.00780172,4.38165,3.52363,0.847177,,167,5,16,1500000,0.0,4.50544,4.50543,4.42165,0.00540234,4.42127,3.56778,0.845943,,174,7,64,1500000,0.0,4.26485,4.26483,4.18604,0.00815231,4.18467,3.27853,0.893908,,190,9,256,1500000,0.0,4.10636,4.10627,4.03092,0.0132866,4.02629,3.16237,0.841822,,158,4,8,1500000,0.0,4.73633,4.73633,4.64542,0.00576281,4.6452,3.77829,0.859704,,147,6,32,1500000,0.0,4.51285,4.51283,4.42616,0.00806963,4.4254,3.5915,0.822695,,180,5,16,1500000,0.0,4.50134,4.50133,4.41417,0.00559061,4.41379,3.56009,0.846252,,191,7,64,1500000,0.0,4.24427,4.24424,4.16853,0.00698011,4.16718,3.33494,0.821499,,155,5,16,1500000,0.0,4.56934,4.56933,4.48666,0.00560401,4.48627,3.57174,0.906914,,186,3,4,1500000,0.0,4.81479,4.81479,4.72433,0.00452183,4.72422,3.8594,0.859469,,152,7,64,1500000,0.0,4.35422,4.3542,4.27063,0.00946542,4.26924,3.40627,0.849306,,187,7,64,1500000,0.0,4.19204,4.19201,4.1154,0.00783338,4.11393,3.26494,0.837435,,164,9,256,1500000,0.0,4.07623,4.07616,4.00194,0.012723,3.99709,3.16193,0.813123,,188,8,128,1500000,0.0,4.06685,4.06681,3.98919,0.00907817,3.98676,3.13994,0.832385,,169,5,16,1500000,0.0,4.63827,4.63826,4.55365,0.00572694,4.55325,3.59175,0.95364,,160,1,1,1500000,0.0,4.83281,4.83281,4.7543,0.00461664,4.75428,3.89136,0.858115,,172,10,512,1500000,0.0,4.10855,4.10839,4.03333,0.0190716,4.02429,3.12501,0.863766,,166,10,510,1499995,0.0,4.0987,4.09855,4.02458,0.0179847,4.01529,3.08276,0.898318,,173,7,64,1500000,0.0,4.23379,4.23377,4.15161,0.00857222,4.15028,3.32519,0.812758,,159,8,128,1500000,0.0,4.09754,4.09749,4.0206,0.0106771,4.01803,3.18706,0.814273,,179,9,256,1500000,0.0,4.09418,4.0941,4.01957,0.0127473,4.01485,3.1409,0.852097,,177,9,256,1500000,0.0,4.06082,4.06074,3.98555,0.0125336,3.98088,3.1088,0.850508,,178,6,32,1500000,0.0,4.39314,4.39312,4.30196,0.00708664,4.30124,3.46831,0.822736,,150,2,2,1500000,0.0,4.65294,4.65294,4.58625,0.00357804,4.5862,3.72422,0.858031,,170,5,16,1500000,0.0,4.64204,4.64203,4.56446,0.00564381,4.56407,3.51757,1.03879,,153,7,64,1500000,0.0,4.27153,4.2715,4.18711,0.0090836,4.18573,3.35728,0.815064,,149,10,512,1500000,0.0,4.02815,4.028,3.95674,0.0171046,3.94707,3.05885,0.854015,,151,6,32,1500000,0.0,4.46541,4.4654,4.38237,0.00815353,4.38165,3.5592,0.811077,,162,6,32,1500000,0.0,4.39247,4.39245,4.30807,0.00729061,4.30735,3.4593,0.83766,,148,6,32,1500000,0.0,4.45064,4.45063,4.36875,0.00769564,4.36801,3.53657,0.820506,,185,5,16,1500000,0.0,4.55159,4.55158,4.476,0.00541109,4.47563,3.57783,0.890356,,144,1,1,1500000,0.0,4.60059,4.60059,4.53907,0.00439117,4.53905,3.69244,0.84208,,181,9,256,1500000,0.0,4.02292,4.02284,3.94919,0.0122718,3.94448,3.07958,0.843731,,183,11,1018,1499970,0.0,4.13648,4.13619,4.06188,0.0290797,4.04506,3.05097,0.935983,,156,8,128,1500000,0.0,4.13071,4.13066,4.01744,0.00985344,4.01489,3.17205,0.827205,,189,8,128,1500000,0.0,4.1153,4.11526,4.03322,0.00927632,4.03076,3.18025,0.8357,,163,8,128,1500000,0.0,4.09334,4.09329,4.01294,0.0100422,4.01039,3.13338,0.861182,,175,9,256,1500000,0.0,4.02172,4.02164,3.94771,0.0125885,3.94299,3.08233,0.838822,,176,9,256,1500000,0.0,4.07332,4.07323,3.99781,0.0130374,3.99312,3.14031,0.830638,,184,7,64,1500000,0.0,4.39934,4.39932,4.31526,0.00803174,4.31389,3.33055,0.97139,,161,8,128,1500000,0.0,4.00229,4.00225,3.92533,0.009932,3.92279,3.09867,0.808358,,165,5,16,1500000,0.0,4.5989,4.59889,4.51276,0.00567208,4.51238,3.65809,0.846498,,168,5,16,1500000,0.0,4.55232,4.55231,4.46859,0.00582594,4.46818,3.61328,0.847054,,157,7,64,1500000,0.0,4.23105,4.23102,4.14921,0.00833725,4.14787,3.29195,0.843603,,145,6,32,1500000,0.0,4.55775,4.55773,4.46837,0.0078738,4.4676,3.63872,0.81762,,171,3,4,1500000,0.0,4.93237,4.93236,4.83908,0.00486426,4.83897,3.85052,0.982706,,146,6,32,1500000,0.0,4.67536,4.67534,4.59255,0.00735455,4.59177,3.66061,0.920426,,182,3,4,1500000,0.0,4.89735,4.89735,4.81026,0.00442634,4.81014,3.93177,0.8731,,,,,,
154,7,64,1500000,0.0,4.30455,4.30453,4.22028,0.00888761,4.2189,3.34946,0.856258,,167,6,32,1500000,0.0,4.43689,4.43687,4.35551,0.00700628,4.35478,3.45092,0.89384,,174,8,128,1500000,0.0,4.06216,4.06213,3.98743,0.00948812,3.98488,3.13937,0.830483,,190,10,512,1500000,0.0,4.08217,4.08201,4.00554,0.0199562,3.99664,3.10565,0.855212,,158,5,16,1500000,0.0,4.56172,4.56171,4.47458,0.00599805,4.47417,3.62916,0.836822,,147,7,64,1500000,0.0,4.26167,4.26164,4.17928,0.00987199,4.17786,3.3311,0.832496,,180,6,32,1500000,0.0,4.58686,4.58684,4.5036,0.00654305,4.50289,3.51977,0.973787,,191,8,128,1500000,0.0,4.12327,4.12322,4.04647,0.00893265,4.04391,3.21735,0.812265,,155,6,32,1500000,0.0,4.436,4.43598,4.35253,0.00721145,4.35178,3.47559,0.866007,,186,4,8,1500000,0.0,4.5258,4.5258,4.45174,0.00473527,4.45154,3.59118,0.854275,,152,8,128,1500000,0.0,4.15533,4.1553,4.07485,0.0100899,4.07229,3.22216,0.834195,,187,8,128,1500000,0.0,4.01664,4.01659,3.9388,0.0091279,3.93608,3.11208,0.809653,,164,10,512,1500000,0.0,4.14968,4.14953,4.07408,0.0184331,4.06505,3.14837,0.878703,,188,9,256,1500000,0.0,4.01611,4.01603,3.9409,0.0125852,3.93633,3.08957,0.825294,,169,6,32,1500000,0.0,4.33313,4.33311,4.24768,0.00705889,4.24692,3.41447,0.82235,,160,2,2,1500000,0.0,5.11852,5.11852,5.03389,0.00395692,5.03384,4.16639,0.863034,,172,11,1018,1499952,0.0,4.12257,4.12229,4.05037,0.0285499,4.03329,3.06698,0.908652,,166,11,1016,1499958,0.0,4.07264,4.07238,4.0011,0.0271773,3.98354,3.02178,0.905964,,173,8,128,1500000,0.0,4.07454,4.07449,3.99618,0.00961033,3.99369,3.14547,0.833143,,159,9,256,1500000,0.0,4.06103,4.06095,3.98576,0.0129933,3.98092,3.13188,0.826349,,179,10,512,1500000,0.0,4.08305,4.0829,4.01037,0.0189777,4.00142,3.10285,0.863427,,177,10,512,1500000,0.0,4.0547,4.05454,3.98108,0.018798,3.97219,3.07196,0.8651,,178,7,64,1500000,0.0,4.21354,4.21352,4.1286,0.00848289,4.12723,3.27675,0.837924,,150,3,4,1500000,0.0,4.77729,4.77728,4.70219,0.00490919,4.70207,3.83457,0.861753,,170,6,32,1500000,0.0,4.40593,4.40592,4.32758,0.00698408,4.32684,3.48488,0.832068,,153,8,128,1500000,0.0,4.10184,4.1018,4.0244,0.0105565,4.02184,3.16941,0.835874,,149,11,1022,1499968,0.0,4.07521,4.07495,4.00471,0.0256324,3.98663,3.01286,0.918691,,151,7,64,1500000,0.0,4.26815,4.26812,4.18014,0.00943291,4.17877,3.35911,0.805733,,162,7,64,1500000,0.0,4.21724,4.21722,4.13714,0.00885498,4.13577,3.25712,0.865743,,148,7,64,1500000,0.0,4.27766,4.27763,4.19139,0.0103215,4.18997,3.35732,0.81794,,185,6,32,1500000,0.0,4.33545,4.33543,4.25555,0.0065488,4.25484,3.42262,0.822698,,144,2,2,1500000,0.0,4.3715,4.3715,4.30962,0.00285944,4.30958,3.43262,0.873774,,181,10,512,1500000,0.0,4.02589,4.02573,3.95253,0.0183987,3.9436,3.05608,0.85319,,183,12,2010,1499757,0.0,4.18256,4.18207,4.11209,0.0421437,4.08115,2.98434,1.00437,,156,9,256,1500000,0.0,4.09577,4.09568,3.99025,0.0121152,3.98541,3.11856,0.845462,,189,9,256,1500000,0.0,4.05904,4.05896,3.98298,0.0130916,3.97835,3.12712,0.828999,,163,9,256,1500000,0.0,4.01046,4.01039,3.93614,0.0123655,3.93135,3.07254,0.837225,,175,10,512,1500000,0.0,4.08687,4.08671,4.01467,0.0187111,4.00573,3.07936,0.891228,,176,10,512,1500000,0.0,4.09833,4.09817,4.02257,0.019713,4.01364,3.12067,0.856866,,184,8,128,1500000,0.0,4.17888,4.17884,4.10111,0.00971851,4.09855,3.25719,0.826032,,161,9,256,1500000,0.0,4.00925,4.00916,3.93394,0.0121042,3.92917,3.05681,0.850987,,165,6,32,1500000,0.0,4.47938,4.47936,4.39286,0.00723198,4.39213,3.51516,0.86671,,168,6,32,1500000,0.0,4.44731,4.44729,4.35924,0.00748335,4.35848,3.52487,0.823049,,157,8,128,1500000,0.0,4.17173,4.17169,4.09342,0.00973038,4.09093,3.13137,0.944294,,145,7,64,1500000,0.0,4.31831,4.31828,4.23447,0.0101153,4.23301,3.36196,0.85629,,171,4,8,1500000,0.0,4.56612,4.56612,4.48029,0.00492315,4.48009,3.62275,0.851119,,146,7,64,1500000,0.0,4.27143,4.2714,4.18967,0.00914778,4.18814,3.36079,0.813643,,182,4,8,1500000,0.0,4.63739,4.63738,4.55624,0.00421703,4.55602,3.68691,0.863523,,,,,,
154,8,128,1500000,0.0,4.09267,4.09262,4.0175,0.0100431,4.01495,3.16422,0.834965,,167,7,64,1500000,0.0,4.31177,4.31174,4.22941,0.00829698,4.22803,3.31272,0.902976,,174,9,256,1500000,0.0,4.04072,4.04064,3.96434,0.0123155,3.95953,3.08869,0.849477,,190,11,1016,1499970,0.0,4.10917,4.1089,4.03634,0.0290271,4.01971,3.03949,0.922961,,158,6,32,1500000,0.0,4.41406,4.41405,4.3304,0.00746003,4.32964,3.49048,0.828548,,147,8,128,1500000,0.0,4.08253,4.08249,4.00401,0.0117512,4.00137,3.15489,0.828516,,180,7,64,1500000,0.0,4.22271,4.22269,4.14289,0.00750971,4.14155,3.3181,0.812109,,191,9,254,1499994,0.0,4.12198,4.12189,4.04498,0.0132092,4.04018,3.18499,0.83319,,155,7,64,1500000,0.0,4.20196,4.20192,4.12081,0.0088207,4.1194,3.28748,0.819019,,186,5,16,1500000,0.0,4.60377,4.60377,4.51497,0.0057728,4.51459,3.66529,0.841392,,152,9,256,1500000,0.0,4.01364,4.01356,3.94013,0.012293,3.93531,3.07148,0.8423,,187,9,256,1500000,0.0,4.01466,4.01458,3.93766,0.0125107,3.93248,3.07947,0.831696,,164,11,1018,1499972,0.0,4.11263,4.11235,4.03996,0.0274642,4.02295,3.05617,0.91015,,188,10,512,1500000,0.0,4.05649,4.05633,3.98051,0.0191757,3.97167,3.07486,0.861632,,169,7,64,1500000,0.0,4.23562,4.2356,4.14894,0.00875426,4.14751,3.31194,0.822708,,160,3,4,1500000,0.0,4.89845,4.89844,4.8019,0.00480472,4.80178,3.92385,0.872279,,172,12,2004,1499471,0.0,4.17473,4.17423,4.10517,0.0420094,4.07364,2.99612,0.985614,,166,12,2008,1499751,0.0,4.15666,4.15619,4.08703,0.0404993,4.05444,2.96079,1.00358,,173,9,256,1500000,0.0,4.04556,4.04547,3.96831,0.0122587,3.96357,3.11895,0.823243,,159,10,512,1500000,0.0,4.09481,4.09466,4.02085,0.0186275,4.01182,3.10478,0.871265,,179,11,1020,1499897,0.0,4.12097,4.12069,4.04938,0.0287371,4.03249,3.06143,0.913343,,177,11,1018,1499987,0.0,4.10637,4.1061,4.03196,0.0280296,4.01518,3.04442,0.913699,,178,8,128,1500000,0.0,4.02177,4.02174,3.9461,0.0094919,3.9436,3.10584,0.822672,,150,4,8,1500000,0.0,4.8321,4.83209,4.74961,0.00546484,4.7494,3.87905,0.863108,,170,7,64,1500000,0.0,4.2145,4.21447,4.13454,0.00795251,4.13314,3.28969,0.831479,,153,9,256,1500000,0.0,4.08664,4.08656,4.01233,0.0125452,4.00746,3.08589,0.899441,,149,12,2010,1499716,0.0,4.1503,4.14983,4.08246,0.0394739,4.04846,2.97708,0.981518,,151,8,128,1500000,0.0,4.03418,4.03414,3.9558,0.0111378,3.95323,3.12739,0.808544,,162,8,128,1500000,0.0,4.12076,4.12071,4.04295,0.00984988,4.04044,3.14368,0.881236,,148,8,128,1500000,0.0,4.04872,4.04868,3.97208,0.0112777,3.96944,3.13528,0.816595,,185,7,64,1500000,0.0,4.53922,4.5392,4.45173,0.00783955,4.4504,3.35679,1.08182,,144,3,4,1500000,0.0,4.85623,4.85622,4.77766,0.00386072,4.77757,3.88961,0.883383,,181,11,1016,1499935,0.0,4.09624,4.09596,4.02483,0.0274676,4.00804,3.03093,0.92124,,183,13,3834,1498168,0.0,4.22262,4.22177,4.15761,0.0602832,4.10125,2.88411,1.07265,,156,10,512,1500000,0.0,4.07904,4.07891,3.97129,0.0176372,3.96226,3.05841,0.869801,,189,10,512,1500000,0.0,4.09124,4.09108,4.01648,0.0197743,4.00758,3.11727,0.85421,,163,10,512,1500000,0.0,4.0196,4.01945,3.94714,0.0175687,3.93813,3.0561,0.848124,,175,11,1022,1499956,0.0,4.10947,4.1092,4.03706,0.0283881,4.02012,3.04567,0.916845,,176,11,1022,1499989,0.0,4.13337,4.13308,4.06126,0.0296754,4.04433,3.0706,0.914502,,184,9,256,1500000,0.0,4.08371,4.08362,4.00672,0.0132884,4.0019,3.14592,0.833569,,161,10,512,1500000,0.0,4.01445,4.0143,3.94272,0.0172599,3.93381,3.04042,0.859779,,165,7,64,1500000,0.0,4.28648,4.28646,4.2057,0.00903607,4.20433,3.36311,0.828035,,168,7,64,1500000,0.0,4.21584,4.21582,4.13384,0.00828946,4.13239,3.28395,0.836042,,157,9,256,1500000,0.0,4.04034,4.04026,3.96537,0.0120878,3.96065,3.07698,0.862376,,145,8,128,1500000,0.0,4.14653,4.14649,4.06658,0.0121219,4.06387,3.13363,0.911646,,171,5,16,1500000,0.0,4.59492,4.59491,4.51235,0.00533628,4.51197,3.57064,0.934011,,146,8,128,1500000,0.0,4.16846,4.16842,4.08544,0.0118686,4.08259,3.22935,0.83474,,182,5,16,1500000,0.0,4.43674,4.43673,4.35694,0.00551899,4.35656,3.50382,0.845145,,,,,,
154,9,256,1500000,0.0,4.05045,4.05038,3.97658,0.0123603,3.97174,3.1042,0.845888,,167,8,128,1500000,0.0,4.01573,4.0157,3.94132,0.00940754,3.93876,3.11476,0.808985,,174,10,512,1500000,0.0,4.05396,4.05382,3.9798,0.0182545,3.97063,3.07221,0.864036,,190,12,1994,1499397,0.0,4.24204,4.24156,4.17237,0.0414489,4.14185,3.04258,1.00857,,158,7,64,1500000,0.0,4.32331,4.32328,4.2383,0.00895291,4.23686,3.39767,0.825907,,147,9,256,1500000,0.0,3.99293,3.99284,3.91887,0.0133182,3.91385,3.06354,0.827144,,180,8,128,1500000,0.0,4.15375,4.15371,4.07473,0.00919908,4.07225,3.22244,0.834992,,191,10,506,1499968,0.0,4.10522,4.10508,4.02784,0.0197756,4.01858,3.11456,0.868414,,155,8,128,1500000,0.0,4.33601,4.33596,4.23455,0.0100375,4.23193,3.25624,0.959804,,186,6,32,1500000,0.0,4.41108,4.41106,4.32575,0.006732,4.32505,3.48551,0.829702,,152,10,512,1500000,0.0,4.0493,4.04917,3.97828,0.0171284,3.96928,3.05987,0.875984,,187,10,512,1500000,0.0,4.05174,4.05159,3.97663,0.0187708,3.96667,3.06834,0.863594,,164,12,2020,1499878,0.0,4.14686,4.14635,4.07795,0.0411629,4.04628,2.96955,0.985299,,188,11,1022,1499949,0.0,4.08795,4.08766,4.01622,0.0282772,3.99961,3.02988,0.912776,,169,8,128,1500000,0.0,4.10193,4.10189,4.02428,0.00971136,4.02161,3.14071,0.865522,,160,4,8,1500000,0.0,4.66723,4.66723,4.57067,0.00475725,4.57046,3.70037,0.863977,,172,13,3784,1496034,0.0,4.22782,4.22697,4.16279,0.0596085,4.1068,2.91625,1.04785,,166,13,3788,1497638,0.0,4.19117,4.19034,4.12573,0.0584033,4.06819,2.87642,1.05068,,173,10,512,1500000,0.0,4.07933,4.07917,4.00439,0.0180565,3.99545,3.09392,0.86717,,159,11,1024,1500000,0.0,4.13846,4.1382,4.06439,0.0284477,4.04718,3.07834,0.910286,,179,12,2010,1499614,0.0,4.16197,4.1615,4.09302,0.0421511,4.06179,2.98745,0.982175,,177,12,2010,1499832,0.0,4.14106,4.14056,4.07224,0.0411762,4.04135,2.95847,0.991537,,178,9,256,1500000,0.0,4.03085,4.03077,3.95615,0.0124046,3.9514,3.08036,0.849465,,150,5,16,1500000,0.0,4.56863,4.56862,4.48079,0.00640898,4.4804,3.62739,0.844476,,170,8,128,1500000,0.0,4.07427,4.07423,3.9978,0.0092392,3.99519,3.14286,0.837573,,153,10,512,1500000,0.0,4.05382,4.05366,3.98115,0.0173491,3.97203,3.06819,0.869934,,149,13,3786,1497381,0.0,4.19812,4.19727,4.13265,0.0579152,4.07258,2.88267,1.04906,,151,9,256,1500000,0.0,4.0801,4.08001,4.00618,0.0130771,4.00127,3.08588,0.892713,,162,9,256,1500000,0.0,3.98928,3.9892,3.91501,0.0122001,3.91027,3.07791,0.811017,,148,9,256,1500000,0.0,4.00478,4.00471,3.92888,0.0131552,3.92386,3.0559,0.844918,,185,8,128,1500000,0.0,4.10429,4.10425,4.02619,0.00919202,4.02373,3.17457,0.83442,,144,4,8,1500000,0.0,5.0541,5.05409,4.96265,0.00603528,4.96241,4.07169,0.882838,,181,12,2004,1499725,0.0,4.10865,4.10818,4.03933,0.0401534,4.00852,2.9407,0.978538,,183,14,6928,1489897,0.0,4.29721,4.29576,4.23557,0.0846432,4.13646,2.80319,1.11129,,156,11,1024,1500000,0.0,4.10372,4.10346,4.02862,0.0268406,4.01145,3.03642,0.919397,,189,11,1018,1499917,0.0,4.1265,4.12624,4.05254,0.0289143,4.03587,3.05616,0.92169,,163,11,1022,1499991,0.0,4.08745,4.08718,4.01582,0.0266865,3.99878,3.02121,0.921972,,175,12,2002,1499092,0.0,4.1531,4.15264,4.08432,0.0416255,4.05307,2.97536,0.986139,,176,12,2008,1499592,0.0,4.18512,4.18464,4.11558,0.0433789,4.08453,3.00438,0.985942,,184,10,512,1500000,0.0,4.11028,4.11013,4.03444,0.020122,4.02519,3.12595,0.862771,,161,11,1022,1499996,0.0,4.05496,4.05469,3.98491,0.0265633,3.96796,3.00378,0.908733,,165,8,128,1500000,0.0,4.10575,4.1057,4.02712,0.0100761,4.02457,3.18584,0.82304,,168,8,128,1500000,0.0,4.01451,4.01447,3.93849,0.00939824,3.9358,3.11607,0.804821,,157,10,512,1500000,0.0,4.17675,4.1766,4.10414,0.0178887,4.09523,3.10896,0.949096,,145,9,256,1500000,0.0,3.97153,3.97145,3.89648,0.0138246,3.89138,3.03932,0.828119,,171,6,32,1500000,0.0,4.31865,4.31864,4.22758,0.00731672,4.22687,3.40861,0.807964,,146,9,256,1500000,0.0,4.03187,4.03178,3.95558,0.0136096,3.95018,3.09675,0.82954,,182,6,32,1500000,0.0,4.54058,4.54056,4.45413,0.00631443,4.45339,3.45946,0.984618,,,,,,
154,10,512,1500000,0.0,4.04502,4.04487,3.97269,0.0178344,3.96363,3.08688,0.842502,,167,9,256,1500000,0.0,3.98667,3.9866,3.91006,0.0119347,3.90526,3.04849,0.835817,,174,11,1022,1499982,0.0,4.08875,4.0885,4.0158,0.0273252,3.99835,3.01179,0.930582,,190,13,3694,1495508,0.0,4.19485,4.19404,4.13007,0.0578818,4.07575,2.90309,1.0339,,158,8,128,1500000,0.0,4.15142,4.15139,4.07317,0.0101722,4.07045,3.23401,0.82054,,147,10,512,1500000,0.0,4.02762,4.02747,3.956,0.0169822,3.94658,3.05725,0.855428,,180,9,256,1500000,0.0,4.10416,4.10408,4.03011,0.0126038,4.02542,3.16869,0.834999,,191,11,996,1499816,0.0,4.12055,4.12028,4.0472,0.028773,4.02994,3.05449,0.918933,,155,9,256,1500000,0.0,4.11627,4.11619,4.0411,0.0122512,4.03616,3.09614,0.91839,,186,7,64,1500000,0.0,4.17666,4.17664,4.09864,0.00789151,4.09731,3.27178,0.813651,,152,11,1020,1499965,0.0,4.08674,4.08648,4.0164,0.0263729,3.99941,3.01858,0.925832,,187,11,1024,1500000,0.0,4.05704,4.05677,3.98494,0.0279705,3.96594,3.0061,0.903129,,164,13,3854,1498330,0.0,4.21718,4.21635,4.15229,0.0597177,4.0957,2.89015,1.06138,,188,12,2022,1499792,0.0,4.12721,4.12673,4.05738,0.0411245,4.02683,2.95306,0.983011,,169,9,256,1500000,0.0,4.02699,4.0269,3.95316,0.012305,3.94808,3.08755,0.838994,,160,5,16,1500000,0.0,4.48563,4.48562,4.40184,0.00565541,4.40146,3.54913,0.844629,,172,14,6744,1486368,0.0,4.29853,4.29709,4.23765,0.0828993,4.14103,2.82346,1.10027,,166,14,6832,1490566,0.0,4.27092,4.26946,4.20903,0.0824982,4.1088,2.78933,1.1021,,173,11,1016,1499940,0.0,4.10062,4.10036,4.02805,0.0273778,4.01124,3.04208,0.913306,,159,12,2014,1499628,0.0,4.19192,4.19145,4.11902,0.0411815,4.08741,2.9923,1.00397,,179,13,3814,1497533,0.0,4.21839,4.21756,4.15315,0.0603189,4.09725,2.90551,1.04731,,177,13,3824,1497674,0.0,4.1947,4.19384,4.12928,0.0591978,4.07404,2.8704,1.06076,,178,10,512,1500000,0.0,4.02149,4.02134,3.94802,0.0186155,3.93901,3.05841,0.845661,,150,6,32,1500000,0.0,4.47017,4.47016,4.3853,0.00755997,4.38454,3.55201,0.821913,,170,9,256,1500000,0.0,4.05165,4.05157,3.97743,0.0120388,3.97245,3.11076,0.840506,,153,11,1024,1500000,0.0,4.09065,4.09038,4.01991,0.0266307,4.00273,3.03401,0.912921,,149,14,6872,1490532,0.0,4.28541,4.28394,4.22358,0.0824649,4.12104,2.81146,1.09157,,151,10,512,1500000,0.0,4.03573,4.03558,3.96408,0.017557,3.95493,3.05273,0.867942,,162,10,512,1500000,0.0,4.03985,4.03969,3.96725,0.017713,3.95833,3.052,0.872503,,148,10,512,1500000,0.0,4.02332,4.02318,3.9531,0.017017,3.94375,3.04142,0.868331,,185,9,256,1500000,0.0,4.08804,4.08797,4.01523,0.0126978,4.01058,3.15678,0.832025,,144,5,16,1500000,0.0,5.06251,5.06249,4.95922,0.00799455,4.95879,4.07122,0.87675,,181,13,3828,1498106,0.0,4.18563,4.18479,4.12035,0.0582254,4.0651,2.85532,1.06856,,183,15,11534,1466948,0.0,4.40132,4.39899,4.34298,0.11785,4.18112,2.71628,1.13419,,156,12,1994,1499376,0.0,4.11716,4.11669,4.04904,0.0395814,4.01745,2.95911,0.969828,,189,12,2010,1499740,0.0,4.15208,4.1516,4.08197,0.0419478,4.05147,2.97198,0.987282,,163,12,2016,1499723,0.0,4.14671,4.14623,4.07846,0.0401811,4.0467,2.96485,0.99145,,175,13,3784,1496564,0.0,4.20917,4.20831,4.14497,0.0595734,4.08985,2.88939,1.05759,,176,13,3842,1497924,0.0,4.24623,4.24537,4.18058,0.0618679,4.12436,2.91978,1.05731,,184,11,1016,1499906,0.0,4.15498,4.1547,4.08055,0.0297789,4.06311,3.07082,0.933255,,161,12,2014,1499838,0.0,4.12097,4.1205,4.05352,0.0401034,4.02196,2.95123,0.981085,,165,9,256,1500000,0.0,4.05171,4.05163,3.97495,0.0126931,3.97015,3.12838,0.819863,,168,9,256,1500000,0.0,4.01852,4.01846,3.94458,0.012276,3.93945,3.08844,0.829683,,157,11,1024,1500000,0.0,4.21225,4.21198,4.14166,0.0270077,4.12479,3.10135,0.96751,,145,10,512,1500000,0.0,4.03956,4.03942,3.96927,0.0168072,3.95975,3.0482,0.877405,,171,7,64,1500000,0.0,4.17411,4.17408,4.09215,0.00817835,4.09082,3.26978,0.808904,,146,10,512,1500000,0.0,4.04975,4.0496,3.97779,0.0169182,3.96767,3.05738,0.875987,,182,7,64,1500000,0.0,4.23298,4.23296,4.14914,0.00705696,4.14775,3.31689,0.819981,,,,,,
154,11,1018,1499956,0.0,4.09407,4.0938,4.02291,0.0276025,4.00574,3.03554,0.913442,,167,10,512,1500000,0.0,4.00193,4.00179,3.92969,0.0176953,3.92064,3.03505,0.85174,,174,12,2008,1499522,0.0,4.12013,4.11967,4.05179,0.0404969,4.01972,2.9518,0.977984,,190,14,6522,1483819,0.0,4.26455,4.26314,4.20415,0.0804628,4.11047,2.80496,1.09524,,158,9,256,1500000,0.0,4.17095,4.17087,4.09305,0.0127022,4.0879,3.1702,0.895615,,147,11,1018,1499987,0.0,4.06913,4.06888,3.99991,0.0251684,3.98256,3.02124,0.906936,,180,10,510,1499995,0.0,4.1012,4.10105,4.02715,0.0190764,4.01823,3.11455,0.868608,,191,12,1936,1499169,0.0,4.18089,4.18042,4.10755,0.0406149,4.07605,3.00662,0.981305,,155,10,512,1500000,0.0,4.151,4.15085,4.07862,0.0174386,4.06945,3.1316,0.903963,,186,8,128,1500000,0.0,4.11681,4.11677,4.03485,0.00923052,4.03239,3.18571,0.832033,,152,12,2018,1499741,0.0,4.17511,4.17461,4.10461,0.0398679,4.0728,2.99017,0.992991,,187,12,2018,1499792,0.0,4.14007,4.1396,4.07209,0.0405716,4.03702,2.93838,1.00846,,164,14,6978,1491797,0.0,4.34273,4.34126,4.27853,0.087287,4.18009,2.83622,1.11573,,188,13,3854,1497806,0.0,4.18098,4.18012,4.11654,0.0587298,4.06117,2.86157,1.05758,,169,10,512,1500000,0.0,4.04937,4.04924,3.97533,0.0182123,3.96579,3.08213,0.849204,,160,6,32,1500000,0.0,4.40945,4.40943,4.322,0.00714898,4.32128,3.48508,0.82601,,172,15,11130,1457261,0.0,4.3604,4.35813,4.30326,0.114141,4.14696,2.72599,1.1014,,166,15,11322,1466095,0.0,4.35842,4.35613,4.30083,0.113852,4.13799,2.69693,1.11955,,173,12,1998,1499659,0.0,4.13982,4.13935,4.07086,0.0403571,4.03985,2.9756,0.974797,,159,13,3808,1497155,0.0,4.24384,4.24299,4.17705,0.0582399,4.12158,2.89344,1.0694,,179,14,6888,1490159,0.0,4.3112,4.30975,4.25057,0.084643,4.15286,2.81327,1.11771,,177,14,6918,1489617,0.0,4.26601,4.26456,4.20462,0.0835472,4.10783,2.78518,1.10246,,178,11,1016,1499923,0.0,4.1015,4.10123,4.02938,0.0279602,4.01238,3.03508,0.920337,,150,7,64,1500000,0.0,4.25057,4.25055,4.16961,0.00918266,4.1682,3.30501,0.849684,,170,10,512,1500000,0.0,4.0398,4.03965,3.96745,0.0178043,3.95806,3.05671,0.867565,,153,12,2004,1499043,0.0,4.15031,4.14984,4.07951,0.0403696,4.0476,2.98137,0.976191,,149,15,11366,1463787,0.0,4.35798,4.35568,4.30014,0.113144,4.13519,2.70633,1.1076,,151,11,1016,1499927,0.0,4.11023,4.10997,4.03927,0.0266791,4.02219,3.03666,0.929636,,162,11,1022,1499993,0.0,4.05856,4.05829,3.98657,0.0269807,3.96962,3.00895,0.905023,,148,11,1020,1499993,0.0,4.09796,4.09769,4.02954,0.0250562,4.01219,3.02456,0.93321,,185,10,510,1499980,0.0,4.18557,4.18543,4.10741,0.0226108,4.0985,3.17455,0.885173,,144,6,32,1500000,0.0,4.74229,4.74227,4.64385,0.00882695,4.64306,3.78017,0.850422,,181,14,6870,1490371,0.0,4.26116,4.25971,4.19886,0.081862,4.10289,2.78085,1.10542,,183,16,17258,1412195,0.0,4.4539,4.45051,4.39858,0.155167,4.15953,2.59113,1.11067,,156,13,3768,1496898,0.0,4.19996,4.19914,4.1349,0.057211,4.07907,2.88846,1.05189,,189,13,3844,1497476,0.0,4.20278,4.20194,4.13765,0.0598026,4.0821,2.88878,1.04904,,163,13,3876,1497054,0.0,4.20823,4.20738,4.14392,0.0588502,4.08708,2.87333,1.0708,,175,14,6760,1485595,0.0,4.26685,4.26544,4.20601,0.0828485,4.11115,2.79615,1.09811,,176,14,6964,1490454,0.0,4.32685,4.32537,4.26501,0.0864017,4.16661,2.83595,1.10456,,184,12,2006,1499509,0.0,4.19648,4.19599,4.12657,0.0431828,4.09457,3.00309,0.997579,,161,13,3858,1498339,0.0,4.19889,4.19805,4.13442,0.0582513,4.07811,2.8671,1.06946,,165,10,512,1500000,0.0,4.08573,4.08557,4.01125,0.0188272,4.00222,3.0954,0.871479,,168,10,512,1500000,0.0,4.05868,4.05853,3.98562,0.0182981,3.97593,3.08346,0.858048,,157,12,2026,1499796,0.0,4.09494,4.09446,4.02753,0.0399522,3.99628,2.92939,0.977385,,145,11,1022,1499989,0.0,4.08366,4.08341,4.01498,0.0247972,3.99729,3.0331,0.909249,,171,8,128,1500000,0.0,4.05131,4.05127,3.97422,0.00940284,3.97171,3.15358,0.803049,,146,11,1020,1499704,0.0,4.09775,4.09748,4.02704,0.0247603,4.00828,3.0513,0.902406,,182,8,128,1500000,0.0,4.10284,4.1028,4.02591,0.00875223,4.0233,3.17602,0.832958,,,,,,
154,12,2010,1499831,0.0,4.21865,4.21816,4.14895,0.0408852,4.11701,3.014,1.0123,,167,11,1020,1499948,0.0,4.05607,4.05582,3.98527,0.0270302,3.9682,2.99233,0.920243,,174,13,3834,1497568,0.0,4.1778,4.17695,4.11343,0.0582361,4.05581,2.86503,1.04949,,190,15,10692,1455594,0.0,4.32668,4.32453,4.26975,0.109285,4.11888,2.70932,1.10265,,158,10,512,1500000,0.0,4.10467,4.10451,4.03204,0.0185335,4.02235,3.10383,0.883456,,147,12,2010,1499510,0.0,4.14701,4.14654,4.07999,0.038723,4.04748,2.97009,0.988763,,180,11,1010,1499374,0.0,4.12547,4.1252,4.05276,0.0285795,4.03601,3.06876,0.910602,,191,13,3626,1496010,0.0,4.22493,4.22413,4.15988,0.0567948,4.10302,2.90086,1.06624,,155,11,1022,1499996,0.0,4.07456,4.07429,4.00358,0.0265622,3.98616,3.0097,0.921056,,186,9,256,1500000,0.0,4.08255,4.08247,4.00443,0.0126586,3.9998,3.13185,0.846107,,152,13,3842,1497975,0.0,4.18708,4.18622,4.12302,0.057711,4.06658,2.87716,1.04863,,187,13,3850,1497961,0.0,4.17882,4.17797,4.11565,0.0585384,4.05184,2.85479,1.05518,,164,15,11568,1468250,0.0,4.38708,4.38473,4.32987,0.115236,4.17005,2.7141,1.12889,,188,14,6948,1489796,0.0,4.26377,4.26234,4.20402,0.0827781,4.10705,2.78323,1.10534,,169,11,1016,1499601,0.0,4.11139,4.11114,4.03934,0.0278178,4.02115,3.04981,0.914664,,160,7,64,1500000,0.0,4.24209,4.24207,4.16134,0.00828939,4.15998,3.32666,0.820863,,172,16,16472,1393320,0.0,4.38235,4.37911,4.32802,0.148058,4.09945,2.58577,1.07714,,166,16,17184,1417876,0.0,4.45325,4.44989,4.39869,0.15255,4.15465,2.59285,1.10954,,173,13,3816,1497864,0.0,4.19693,4.1961,4.13166,0.0584273,4.07625,2.89427,1.0407,,159,14,6890,1488885,0.0,4.29941,4.29796,4.23624,0.0841998,4.13956,2.79955,1.11901,,179,15,11398,1466093,0.0,4.38936,4.38705,4.33199,0.115328,4.17346,2.72362,1.12296,,177,15,11524,1466225,0.0,4.35876,4.35645,4.30169,0.116686,4.14362,2.69287,1.12315,,178,12,2006,1499590,0.0,4.15032,4.14985,4.08207,0.0407883,4.05066,2.94278,1.01718,,150,8,128,1500000,0.0,4.02787,4.02783,3.94701,0.0108283,3.94441,3.11606,0.811258,,170,11,1022,1499992,0.0,4.0685,4.06823,3.99643,0.027168,3.97856,3.01835,0.904435,,153,13,3796,1495407,0.0,4.20409,4.20326,4.13943,0.0582584,4.08326,2.89385,1.04846,,149,16,17072,1412180,0.0,4.44031,4.43693,4.38547,0.151496,4.14166,2.59624,1.09816,,151,12,2002,1499694,0.0,4.15991,4.15944,4.09131,0.0408824,4.05924,2.9751,0.992657,,162,12,2010,1499400,0.0,4.14216,4.14167,4.0729,0.0399733,4.04155,2.94501,1.00722,,148,12,2006,1499522,0.0,4.12303,4.12257,4.05564,0.0386225,4.02319,2.9582,0.97632,,185,11,1012,1499960,0.0,4.16947,4.1692,4.09542,0.0289208,4.07878,3.1064,0.914836,,144,7,64,1500000,0.0,4.52763,4.5276,4.43697,0.0114328,4.43544,3.54338,0.875656,,181,15,11328,1464637,0.0,4.36751,4.36522,4.30927,0.114249,4.15423,2.68491,1.14791,,183,17,23696,1318227,0.0,4.45334,4.44877,4.40196,0.194492,4.0767,2.42593,1.05611,,156,14,6700,1486226,0.0,4.26189,4.26048,4.20038,0.0801244,4.10518,2.79349,1.10019,,189,14,6912,1488317,0.0,4.28454,4.28307,4.22344,0.0833528,4.12621,2.8017,1.10389,,163,14,6976,1488006,0.0,4.27141,4.26996,4.21127,0.0832194,4.11359,2.78561,1.10805,,175,15,11248,1458260,0.0,4.35369,4.35142,4.297,0.11285,4.14244,2.70179,1.12079,,176,15,11600,1465180,0.0,4.41431,4.41196,4.35658,0.117578,4.19589,2.74037,1.123,,184,13,3832,1497250,0.0,4.25374,4.25289,4.18816,0.0616116,4.12976,2.90945,1.07324,,161,14,6944,1491356,0.0,4.26078,4.25933,4.20081,0.0824646,4.10399,2.77618,1.10947,,165,11,1012,1499923,0.0,4.1151,4.11483,4.04164,0.0286349,4.02469,3.06056,0.906202,,168,11,1022,1499991,0.0,4.08795,4.0877,4.01544,0.0277691,3.99696,3.02254,0.918216,,157,13,3866,1497622,0.0,4.1539,4.15305,4.08966,0.057932,4.03395,2.8457,1.04691,,145,12,2018,1499846,0.0,4.14122,4.14074,4.07573,0.0389225,4.04248,2.97112,0.981307,,171,9,256,1500000,0.0,4.07101,4.07094,3.99505,0.012076,3.99029,3.08496,0.884005,,146,12,1986,1497145,0.0,4.14312,4.14264,4.07498,0.0382637,4.04005,2.98528,0.966861,,182,9,256,1500000,0.0,4.09776,4.09767,4.02395,0.0123218,4.01902,3.13071,0.866921,,,,,,
154,13,3856,1498359,0.0,4.3308,4.32995,4.2489,0.0585134,4.19221,2.92019,1.13045,,167,12,2014,1499694,0.0,4.09502,4.09456,4.02677,0.039765,3.99506,2.92569,0.98043,,174,14,6900,1489164,0.0,4.25742,4.25597,4.1965,0.0822033,4.09603,2.77595,1.10258,,190,16,15948,1399396,0.0,4.3622,4.35907,4.30906,0.144456,4.08675,2.57956,1.08222,,158,11,1022,1499982,0.0,4.11741,4.11714,4.04516,0.0279644,4.02673,3.0575,0.911651,,147,13,3824,1496691,0.0,4.20256,4.20171,4.13801,0.0573095,4.07982,2.89537,1.04402,,180,12,1966,1498561,0.0,4.15897,4.15851,4.08962,0.0406491,4.05919,3.00147,0.969003,,191,14,6438,1485055,0.0,4.25232,4.25098,4.19163,0.0787142,4.093,2.8086,1.07755,,155,12,2024,1499854,0.0,4.12158,4.12112,4.05378,0.039949,4.02116,2.95039,0.980862,,186,10,512,1500000,0.0,4.04462,4.04447,3.96919,0.0190447,3.96032,3.07529,0.849867,,152,14,6956,1489545,0.0,4.26411,4.26267,4.20387,0.0819984,4.10678,2.7901,1.09898,,187,14,7042,1491645,0.0,4.27177,4.27029,4.21215,0.0832038,4.0984,2.76579,1.11193,,164,16,17570,1419532,0.0,4.47453,4.47107,4.42017,0.155624,4.18059,2.60141,1.11811,,188,15,11530,1466929,0.0,4.35775,4.35545,4.30014,0.115548,4.1424,2.6935,1.12383,,169,12,1994,1499207,0.0,4.1513,4.15083,4.08301,0.0408914,4.04946,2.97083,0.988421,,160,8,128,1500000,0.0,4.02859,4.02855,3.95248,0.00952605,3.94994,3.10366,0.831041,,172,17,21980,1294859,0.0,4.37382,4.36957,4.32393,0.180865,4.02235,2.42009,1.0483,,166,17,23628,1331066,0.0,4.47157,4.46702,4.42046,0.191747,4.08779,2.43871,1.05936,,173,14,6870,1490877,0.0,4.2766,4.27515,4.21578,0.0820523,4.11969,2.8096,1.09315,,159,15,11406,1464019,0.0,4.52702,4.52469,4.46772,0.113429,4.30773,2.79126,1.16743,,179,16,17224,1412598,0.0,4.47097,4.46759,4.41703,0.153765,4.18048,2.60182,1.12271,,177,16,17454,1414746,0.0,4.43844,4.43502,4.38463,0.154217,4.14831,2.58371,1.10674,,178,13,3858,1497168,0.0,4.1919,4.19104,4.12727,0.0590022,4.07064,2.85921,1.06834,,150,9,256,1500000,0.0,3.95875,3.95866,3.88436,0.0126648,3.8794,3.02884,0.828186,,170,12,2004,1499455,0.0,4.25706,4.25657,4.18767,0.0454021,4.15226,3.0428,1.01364,,153,14,6714,1481078,0.0,4.25156,4.25012,4.19115,0.0801545,4.09715,2.79238,1.0931,,149,17,23276,1320824,0.0,4.43956,4.43506,4.38812,0.189348,4.05847,2.43535,1.04407,,151,13,3826,1498259,0.0,4.21661,4.21576,4.15248,0.0599797,4.09532,2.89392,1.05758,,162,13,3834,1497564,0.0,4.17572,4.17488,4.11045,0.0579397,4.05465,2.85658,1.0572,,148,13,3820,1497580,0.0,4.19815,4.1973,4.13326,0.0574257,4.07514,2.88279,1.05205,,185,12,1974,1499531,0.0,4.18909,4.18861,4.11922,0.0419848,4.08918,2.99682,1.00105,,144,8,128,1500000,0.0,4.17488,4.17483,4.0905,0.0137546,4.08767,3.23449,0.832399,,181,16,17220,1409262,0.0,4.41267,4.40929,4.35675,0.15118,4.12438,2.56348,1.11085,,183,18,28880,1175967,0.0,4.28739,4.28192,4.23984,0.224292,3.84517,2.18788,0.958197,,156,15,11004,1461018,0.0,4.33002,4.32779,4.27327,0.109525,4.12026,2.70314,1.10638,,189,15,11420,1459084,0.0,4.3776,4.37531,4.32032,0.114661,4.16287,2.7064,1.13143,,163,15,11584,1464309,0.0,4.37538,4.37301,4.31823,0.11423,4.15968,2.69431,1.13963,,175,16,16916,1397713,0.0,4.40461,4.40131,4.35059,0.150798,4.1212,2.57866,1.09691,,176,16,17466,1410862,0.0,4.48325,4.47979,4.42881,0.157055,4.19022,2.61595,1.1104,,184,14,6944,1488841,0.0,4.33283,4.33136,4.27088,0.086154,4.16767,2.82202,1.12011,,161,15,11676,1470285,0.0,4.36389,4.36156,4.30761,0.114202,4.14843,2.69303,1.1295,,165,12,1996,1499760,0.0,4.16813,4.16766,4.09834,0.0420884,4.06705,2.9928,0.981843,,168,12,2014,1499604,0.0,4.12566,4.12518,4.05754,0.0407045,4.02304,2.95395,0.979409,,157,14,6954,1489198,0.0,4.23539,4.23395,4.17533,0.0820405,4.07871,2.76345,1.09738,,145,13,3874,1498086,0.0,4.22381,4.22293,4.15932,0.0581962,4.09888,2.89472,1.06126,,171,10,512,1500000,0.0,4.04099,4.04084,3.96829,0.0177717,3.95936,3.04348,0.882004,,146,13,3678,1491612,0.0,4.21981,4.219,4.15335,0.0556977,4.09198,2.92597,1.03005,,182,10,512,1500000,0.0,4.06867,4.06852,3.99436,0.018759,3.98496,3.08419,0.866149,,,,,,
154,14,6898,1490187,0.0,4.38853,4.38708,4.3278,0.0822122,4.23045,2.85901,1.15454,,167,13,3844,1498060,0.0,4.17157,4.17073,4.10686,0.0573978,4.0503,2.85177,1.05843,,174,15,11378,1466274,0.0,4.34916,4.34688,4.29245,0.112618,4.12977,2.68436,1.12545,,190,17,21476,1299745,0.0,4.31803,4.31389,4.26875,0.17699,3.97174,2.40056,1.02986,,158,12,2004,1499516,0.0,4.17034,4.16986,4.09997,0.0416836,4.06588,2.99356,0.97972,,147,14,6854,1485949,0.0,4.27257,4.27112,4.21185,0.0821625,4.11431,2.79851,1.09913,,180,13,3668,1493380,0.0,4.21019,4.20939,4.14391,0.0571154,4.09006,2.91678,1.03619,,191,15,10398,1450965,0.0,4.31708,4.31498,4.26064,0.107749,4.10386,2.70779,1.09485,,155,13,3854,1496198,0.0,4.18913,4.18829,4.12569,0.0582874,4.06755,2.86229,1.06353,,186,11,1024,1500000,0.0,4.09978,4.09951,4.02636,0.0283392,4.00958,3.03121,0.921161,,152,15,11502,1466340,0.0,4.37034,4.36803,4.31313,0.114298,4.15604,2.70868,1.12327,,187,15,11762,1468535,0.0,4.37843,4.37607,4.32214,0.115107,4.13518,2.67617,1.13008,,164,17,23950,1333647,0.0,4.4872,4.48257,4.43597,0.194624,4.1121,2.4501,1.06549,,188,16,17378,1415519,0.0,4.42931,4.42595,4.37525,0.152483,4.14016,2.58006,1.10697,,169,13,3776,1495705,0.0,4.2066,4.20576,4.14221,0.0584822,4.08231,2.88901,1.0524,,160,9,256,1500000,0.0,3.99067,3.99059,3.91868,0.0117801,3.91389,3.07138,0.821459,,172,18,26530,1145582,0.0,4.08397,4.07898,4.03994,0.203998,3.68037,2.10911,0.937052,,166,18,29188,1193810,0.0,4.33777,4.33223,4.29077,0.223806,3.88193,2.21264,0.967111,,173,15,11296,1466908,0.0,4.36423,4.36195,4.30697,0.112327,4.15206,2.71606,1.11734,,159,16,17170,1410323,0.0,4.46864,4.46527,4.41251,0.152133,4.18088,2.60419,1.10876,,179,17,23564,1322566,0.0,4.48923,4.48469,4.43824,0.193097,4.1174,2.44424,1.08193,,177,17,23720,1320375,0.0,4.4369,4.43235,4.38622,0.192758,4.06752,2.41996,1.05657,,178,14,6972,1487306,0.0,4.25655,4.25509,4.19665,0.0832135,4.09748,2.77165,1.10529,,150,10,512,1500000,0.0,3.99811,3.99796,3.92715,0.0163722,3.91794,3.03062,0.854098,,170,13,3766,1495247,0.0,4.24718,4.24633,4.18171,0.059994,4.12273,2.92994,1.04946,,153,15,10908,1445584,0.0,4.27354,4.27136,4.21717,0.108281,4.06812,2.66659,1.09391,,149,18,28484,1177190,0.0,4.26562,4.2602,4.21881,0.21888,3.8179,2.18979,0.944971,,151,14,6904,1490973,0.0,4.3054,4.30393,4.24473,0.0851555,4.14711,2.81684,1.10837,,162,14,6914,1489809,0.0,4.279,4.27754,4.21893,0.0820486,4.12235,2.77573,1.12932,,148,14,6898,1489625,0.0,4.27187,4.27042,4.21062,0.0827908,4.11257,2.78936,1.10577,,185,13,3728,1497044,0.0,4.31999,4.31918,4.2554,0.0592177,4.20134,2.97506,1.08191,,144,9,256,1500000,0.0,4.05249,4.05239,3.976,0.0160307,3.97065,3.09912,0.844411,,181,17,23400,1314308,0.0,4.4026,4.39809,4.35014,0.189235,4.037,2.39928,1.05568,,183,19,32212,1000137,0.0,3.98919,3.98307,3.94663,0.240347,3.51114,1.93088,0.823364,,156,16,16426,1406937,0.0,4.38729,4.38408,4.33371,0.145894,4.10817,2.57956,1.09755,,189,16,17190,1402057,0.0,4.42752,4.42415,4.37376,0.151868,4.13995,2.57806,1.10973,,163,16,17580,1408727,0.0,4.489,4.48558,4.43523,0.154216,4.19779,2.6218,1.11687,,175,17,22630,1294677,0.0,4.34672,4.34237,4.29726,0.1849,3.99292,2.38571,1.04184,,176,17,23740,1315671,0.0,4.46087,4.45627,4.41002,0.194683,4.08847,2.4429,1.04942,,184,15,11476,1465732,0.0,4.42717,4.42484,4.36938,0.118579,4.20224,2.73109,1.13862,,161,16,17820,1423670,0.0,4.46181,4.45834,4.40774,0.155509,4.16799,2.58831,1.11699,,165,13,3802,1497610,0.0,4.22668,4.22583,4.16172,0.0606936,4.10595,2.90719,1.05404,,168,13,3844,1496938,0.0,4.20317,4.20231,4.13897,0.0585278,4.07725,2.88479,1.05121,,157,15,11518,1462813,0.0,4.3237,4.32138,4.2673,0.116197,4.1104,2.66665,1.11838,,145,14,6972,1490525,0.0,4.30691,4.30543,4.24589,0.0830603,4.1444,2.81553,1.10882,,171,11,1020,1499960,0.0,4.06653,4.06627,3.99494,0.0269264,3.97804,3.00702,0.915386,,146,14,6416,1472465,0.0,4.25659,4.2552,4.19412,0.0777958,4.09372,2.82811,1.06127,,182,11,1018,1499531,0.0,4.10793,4.10766,4.03583,0.0277812,4.01804,3.04429,0.918302,,,,,,
154,15,11514,1467987,0.0,4.46915,4.46687,4.41165,0.114106,4.25264,2.76276,1.16378,,167,14,6920,1489605,0.0,4.23973,4.2383,4.17979,0.081387,4.08166,2.76119,1.10414,,174,16,17294,1414746,0.0,4.4378,4.43444,4.38414,0.152221,4.1403,2.57779,1.11156,,190,18,25954,1148869,0.0,4.09443,4.08953,4.0504,0.202118,3.69337,2.13614,0.92612,,158,13,3836,1497831,0.0,4.23993,4.23906,4.17349,0.0600049,4.1123,2.91098,1.05571,,147,15,11336,1458504,0.0,4.36349,4.36118,4.30631,0.112717,4.15068,2.70401,1.12639,,180,14,6408,1480033,0.0,4.24856,4.24722,4.1867,0.0786414,4.09503,2.8268,1.06228,,191,16,15400,1386695,0.0,4.32731,4.32429,4.27396,0.139964,4.04457,2.56067,1.07277,,155,14,6910,1487139,0.0,4.26952,4.26808,4.20899,0.0819218,4.10895,2.77242,1.11904,,186,12,2018,1499785,0.0,4.14949,4.14902,4.07967,0.040992,4.04894,2.96395,0.994504,,152,16,17188,1416961,0.0,4.43014,4.42673,4.37613,0.151624,4.14447,2.58762,1.10833,,187,16,17912,1420660,0.0,4.50218,4.49865,4.44901,0.157323,4.16748,2.57218,1.12941,,164,18,29476,1194190,0.0,4.34725,4.34165,4.29949,0.226202,3.90288,2.22126,0.972986,,188,17,23676,1324458,0.0,4.42718,4.42264,4.37668,0.191063,4.05958,2.41999,1.05288,,169,14,6730,1484985,0.0,4.28264,4.28122,4.2219,0.0816069,4.11855,2.79338,1.11039,,160,10,512,1500000,0.0,4.01883,4.01868,3.94458,0.0171579,3.9356,3.04854,0.853615,,172,19,28852,960352,0.0,3.6873,3.68195,3.64894,0.214301,3.25937,1.79333,0.79135,,166,19,32220,1016347,0.0,4.00637,4.00033,3.96447,0.238574,3.51426,1.91339,0.84369,,173,16,16924,1414265,0.0,4.43338,4.43005,4.37919,0.149603,4.14908,2.60079,1.10491,,159,17,23364,1315595,0.0,4.45076,4.44621,4.39817,0.206479,4.08581,2.43857,1.05054,,179,18,29126,1191859,0.0,4.34462,4.33908,4.29753,0.2249,3.90294,2.22405,0.974686,,177,18,29056,1180940,0.0,4.28024,4.27473,4.23372,0.223221,3.84561,2.18747,0.959124,,178,15,11650,1464200,0.0,4.36044,4.35809,4.30352,0.114631,4.14138,2.68723,1.12702,,150,11,1018,1499966,0.0,4.03605,4.03579,3.96675,0.0250031,3.94953,2.99747,0.897873,,170,14,6608,1483202,0.0,4.30347,4.30205,4.24235,0.0827525,4.14183,2.83018,1.09608,,153,16,16270,1384189,0.0,4.31715,4.31396,4.26454,0.144913,4.04517,2.53576,1.08194,,149,19,31302,999723,0.0,3.93008,3.92419,3.88853,0.232301,3.44948,1.88974,0.824531,,151,15,11452,1466752,0.0,4.39665,4.39432,4.33885,0.116228,4.18124,2.7216,1.13301,,162,15,11492,1466053,0.0,4.35346,4.35117,4.2972,0.113926,4.14,2.68649,1.13062,,148,15,11456,1467501,0.0,4.38088,4.37856,4.32406,0.114222,4.16641,2.70157,1.14257,,185,14,6698,1488476,0.0,4.31732,4.31593,4.25687,0.0807335,4.15433,2.81647,1.1226,,144,10,512,1500000,0.0,4.03412,4.03397,3.96129,0.0188066,3.95132,3.07392,0.840205,,181,18,28722,1178272,0.0,4.25392,4.24846,4.20593,0.220383,3.82382,2.17023,0.963836,,183,20,32214,801183,0.0,3.54277,3.53669,3.50676,0.256502,3.0495,1.61385,0.672843,,156,17,22176,1315108,0.0,4.37638,4.37213,4.32597,0.18109,4.02375,2.41408,1.05627,,189,17,23154,1303885,0.0,4.38654,4.38209,4.33599,0.188321,4.02358,2.40601,1.03879,,163,17,23694,1311675,0.0,4.40477,4.4002,4.3546,0.191143,4.0374,2.40499,1.04455,,175,18,27554,1152237,0.0,4.17803,4.1728,4.13276,0.21333,3.76456,2.14266,0.956903,,176,18,29210,1174745,0.0,4.35424,4.34865,4.30741,0.226084,3.90833,2.23093,0.967551,,184,16,17382,1417359,0.0,4.50975,4.50631,4.45527,0.156227,4.20544,2.61763,1.12441,,161,17,24574,1332599,0.0,4.47897,4.47427,4.42782,0.196953,4.10022,2.42911,1.06601,,165,14,6856,1488719,0.0,4.29731,4.29586,4.2361,0.0853246,4.13944,2.81485,1.10281,,168,14,6898,1487975,0.0,4.30192,4.30045,4.2406,0.0822853,4.13355,2.80212,1.11412,,157,16,17364,1411034,0.0,4.40163,4.39824,4.34739,0.151781,4.11404,2.5602,1.10246,,145,15,11550,1468117,0.0,4.38728,4.38494,4.32966,0.114835,4.16825,2.716,1.12632,,171,12,1990,1499615,0.0,4.10863,4.10817,4.03953,0.0397978,4.00868,2.94086,0.979416,,146,15,10230,1429118,0.0,4.26317,4.26106,4.20481,0.10388,4.05035,2.69878,1.059,,182,12,1960,1497508,0.0,4.13736,4.13689,4.06984,0.0394587,4.03778,2.97208,0.979105,,,,,,
154,16,17430,1415769,0.0,4.48634,4.48294,4.43253,0.199139,4.19517,2.58129,1.11462,,167,15,11528,1466837,0.0,4.35036,4.34805,4.29417,0.112986,4.13416,2.67702,1.13525,,174,17,23538,1319830,0.0,4.41959,4.41509,4.3694,0.190305,4.03993,2.40691,1.05057,,190,19,28340,968802,0.0,3.73872,3.73331,3.69972,0.210726,3.31471,1.86068,0.78651,,158,14,6904,1489275,0.0,4.32094,4.31947,4.25936,0.0848212,4.15296,2.82089,1.10784,,147,16,17170,1404644,0.0,4.41737,4.414,4.36314,0.15185,4.13122,2.58625,1.09563,,180,15,10310,1446692,0.0,4.30186,4.29977,4.24496,0.106917,4.10002,2.71491,1.08675,,191,17,20534,1280163,0.0,4.24281,4.23886,4.19449,0.169921,3.89086,2.36425,1.00712,,155,15,11488,1462294,0.0,4.34523,4.34294,4.28898,0.112846,4.12589,2.6747,1.12919,,186,13,3828,1497912,0.0,4.21604,4.21519,4.15054,0.058755,4.0953,2.88659,1.06661,,152,17,23594,1328417,0.0,4.44729,4.44276,4.39603,0.191238,4.08076,2.43396,1.06115,,187,17,24474,1328229,0.0,4.52223,4.51758,4.47152,0.197336,4.08982,2.41581,1.07023,,164,19,32572,1024588,0.0,4.02814,4.02206,3.98543,0.241007,3.54838,1.93398,0.850885,,188,18,29060,1185983,0.0,4.2894,4.28395,4.24314,0.222196,3.85574,2.19371,0.96618,,169,15,11170,1461862,0.0,4.36097,4.35871,4.30359,0.111723,4.13556,2.70676,1.11181,,160,11,1024,1500000,0.0,4.06552,4.06526,3.99556,0.0263626,3.97846,3.01743,0.906132,,172,20,28616,767877,0.0,3.24337,3.23805,3.21104,0.204226,2.83057,1.49821,0.637193,,166,20,32390,818961,0.0,3.51681,3.51076,3.48118,0.231087,3.03449,1.60985,0.686353,,173,17,23008,1318914,0.0,4.4113,4.40687,4.361,0.187771,4.05208,2.42881,1.04943,,159,18,28812,1174427,0.0,4.29576,4.29024,4.24734,0.220618,3.84705,2.18736,0.969888,,179,19,32302,1018529,0.0,4.02437,4.01828,3.98244,0.239573,3.5473,1.93757,0.849492,,177,19,32364,1008599,0.0,4.04474,4.03867,4.00293,0.242254,3.56927,1.94321,0.854986,,178,16,17672,1413217,0.0,4.44223,4.43877,4.38861,0.154779,4.14566,2.57561,1.10881,,150,12,2012,1499791,0.0,4.23098,4.23052,4.16378,0.0390925,4.13133,3.02312,1.01346,,170,15,10770,1444762,0.0,4.33747,4.33528,4.27878,0.110697,4.11835,2.71566,1.09117,,153,17,21570,1280553,0.0,4.24004,4.23587,4.19124,0.176277,3.90267,2.34886,1.01466,,149,20,31346,805350,0.0,3.42638,3.42057,3.39144,0.226602,2.95278,1.55068,0.68113,,151,16,17158,1410060,0.0,4.44339,4.43998,4.38942,0.154277,4.157,2.59818,1.10538,,162,16,17316,1414108,0.0,4.42171,4.41833,4.36784,0.151573,4.13404,2.57132,1.11236,,148,16,17198,1413083,0.0,4.42822,4.42483,4.37393,0.152163,4.14086,2.58269,1.10887,,185,15,11030,1464993,0.0,4.40944,4.40723,4.35198,0.113064,4.2002,2.74945,1.13483,,144,11,1022,1499994,0.0,4.10554,4.10527,4.03648,0.0260079,4.01804,3.06072,0.899879,,181,19,31774,1000560,0.0,3.93079,3.92484,3.88791,0.235076,3.4664,1.88183,0.839559,,183,21,29436,607157,0.0,2.84919,2.84367,2.81962,0.207752,2.42779,1.24119,0.524237,,156,18,27218,1179711,0.0,4.20555,4.20043,4.15945,0.210009,3.79031,2.18341,0.952427,,189,18,28174,1164074,0.0,4.223,4.21765,4.17682,0.216355,3.79842,2.17092,0.948219,,163,18,29018,1171402,0.0,4.25058,4.24507,4.20424,0.222242,3.81813,2.17164,0.951996,,175,19,30362,977985,0.0,3.82515,3.81947,3.78538,0.225804,3.38057,1.84523,0.82069,,176,19,32320,993374,0.0,3.97067,3.96453,3.92941,0.239635,3.49695,1.91538,0.821828,,184,17,23860,1322908,0.0,4.51268,4.50806,4.46143,0.195952,4.1218,2.45342,1.0662,,161,18,30068,1197428,0.0,4.35153,4.34589,4.30421,0.229122,3.90537,2.21148,0.977363,,165,15,11290,1462588,0.0,4.37189,4.36958,4.31444,0.115637,4.15866,2.71651,1.11778,,168,15,11324,1460914,0.0,4.35943,4.35713,4.30262,0.113006,4.12995,2.69563,1.11468,,157,17,23740,1322532,0.0,4.40863,4.4041,4.35809,0.192664,4.04155,2.40389,1.05008,,145,16,17556,1418046,0.0,4.4818,4.4783,4.42688,0.155643,4.18563,2.6123,1.11352,,171,13,3800,1497635,0.0,4.18574,4.18491,4.12029,0.057403,4.06533,2.86691,1.05872,,146,16,14824,1353977,0.0,4.23295,4.22999,4.18023,0.133936,3.95989,2.53837,1.02775,,182,13,3624,1488286,0.0,4.15555,4.15475,4.09161,0.0545443,4.03516,2.88682,1.01621,,,,,,
154,17,23578,1320405,0.0,4.50464,4.50015,4.45403,0.189682,4.13254,2.44322,1.10442,,167,16,17298,1416071,0.0,4.41853,4.41517,4.36498,0.151354,4.12758,2.56715,1.1111,,174,18,28894,1179787,0.0,4.26965,4.26423,4.22378,0.220634,3.82133,2.17564,0.955227,,190,20,28676,780509,0.0,3.25992,3.25451,3.227,0.205465,2.84137,1.54142,0.643401,,158,15,11462,1466888,0.0,4.42677,4.42447,4.36876,0.117939,4.19548,2.73184,1.13109,,147,17,23044,1309480,0.0,4.38762,4.38314,4.33703,0.187528,4.02846,2.41612,1.03916,,180,16,15028,1374484,0.0,4.26911,4.26617,4.21654,0.136804,4.00802,2.55529,1.05177,,191,18,24746,1133268,0.0,4.03413,4.02945,3.99045,0.193085,3.62606,2.10961,0.91287,,155,16,17184,1405305,0.0,4.40042,4.39709,4.3467,0.151036,4.10595,2.55621,1.09991,,186,14,6860,1489017,0.0,4.27045,4.26903,4.20904,0.0825488,4.11289,2.79573,1.09911,,152,18,28976,1192922,0.0,4.29548,4.28999,4.24845,0.22203,3.86304,2.20444,0.964672,,187,18,30290,1194282,0.0,4.41331,4.40759,4.36604,0.231223,3.8954,2.19955,0.974351,,164,20,33076,834348,0.0,3.57205,3.5658,3.5352,0.234803,3.09731,1.64378,0.698868,,188,19,32056,1006793,0.0,3.9555,3.9495,3.91413,0.235187,3.49001,1.91658,0.827528,,169,16,16802,1408980,0.0,4.43723,4.43393,4.38364,0.149348,4.13383,2.58882,1.10268,,160,12,2006,1499398,0.0,4.11686,4.11637,4.04784,0.0391355,4.01625,2.94609,0.98265,,172,21,25828,575652,0.0,2.58261,2.57784,2.55698,0.180736,2.21529,1.1523,0.487424,,166,21,29776,622757,0.0,2.89506,2.88958,2.86624,0.208131,2.45891,1.25749,0.534819,,173,18,28060,1180635,0.0,4.24985,4.24456,4.20327,0.216385,3.82862,2.19824,0.95442,,159,19,31896,996871,0.0,3.98461,3.97862,3.94165,0.238449,3.51286,1.91339,0.8347,,179,20,32480,816647,0.0,3.52268,3.51653,3.48678,0.2318,3.05636,1.62993,0.684831,,177,20,32672,812201,0.0,3.4883,3.48217,3.45295,0.232056,3.02537,1.6066,0.678063,,178,17,23786,1316128,0.0,4.42529,4.42071,4.37493,0.1917,4.05032,2.40603,1.05309,,150,13,3832,1496466,0.0,4.31906,4.31821,4.25501,0.0576732,4.19714,2.99331,1.0571,,170,16,15788,1377805,0.0,4.34977,4.34666,4.29683,0.145356,4.06243,2.56735,1.06982,,153,18,26266,1135515,0.0,4.04584,4.04088,4.00185,0.202731,3.65228,2.10182,0.918769,,149,21,28618,608519,0.0,2.81181,2.80652,2.78378,0.201376,2.38812,1.22128,0.523219,,151,17,23364,1317744,0.0,4.42246,4.41795,4.37176,0.191772,4.05793,2.43204,1.0415,,162,17,23778,1322804,0.0,4.42631,4.42176,4.37578,0.191249,4.05726,2.41272,1.05748,,148,17,23456,1321267,0.0,4.41324,4.40871,4.36262,0.190107,4.04743,2.41834,1.04808,,185,16,16606,1413868,0.0,4.4781,4.47489,4.42117,0.148312,4.19266,2.62667,1.12789,,144,12,2020,1499755,0.0,4.18104,4.18056,4.11508,0.0402651,4.08078,3.01528,0.972566,,181,20,32000,808483,0.0,3.44457,3.43857,3.40826,0.227103,2.99151,1.5861,0.679911,,183,22,24604,435204,0.0,2.20678,2.2021,2.18389,0.173128,1.85791,0.923972,0.385957,,156,19,30192,1006750,0.0,3.88331,3.87764,3.84272,0.224031,3.43459,1.89175,0.834612,,189,19,31042,989721,0.0,3.8937,3.88783,3.85286,0.229029,3.43988,1.90015,0.813716,,163,19,32000,994069,0.0,3.92113,3.91519,3.88015,0.236202,3.45527,1.87334,0.834858,,175,20,30178,782747,0.0,3.32757,3.32195,3.29397,0.216552,2.89601,1.53679,0.667091,,176,20,32282,789378,0.0,3.45077,3.44463,3.41547,0.229734,2.98911,1.59153,0.660859,,184,18,29318,1183923,0.0,4.36486,4.35925,4.31767,0.22664,3.90221,2.22125,0.96726,,161,19,33404,1020998,0.0,4.03071,4.02452,3.98857,0.244143,3.54692,1.9176,0.852493,,165,16,16978,1409934,0.0,4.44031,4.43696,4.38609,0.152957,4.15491,2.59885,1.10597,,168,16,16896,1402697,0.0,4.46994,4.46662,4.4163,0.149122,4.16204,2.57813,1.14149,,157,18,28962,1181214,0.0,4.24822,4.24274,4.20173,0.220838,3.81712,2.1679,0.958451,,145,17,24116,1327227,0.0,4.48618,4.48146,4.43494,0.195397,4.10693,2.4488,1.06024,,171,14,6890,1490388,0.0,4.25525,4.25381,4.19484,0.0817614,4.09882,2.77208,1.11024,,146,17,19454,1228461,0.0,4.08555,4.08175,4.03758,0.161326,3.75123,2.29946,0.962208,,182,14,6244,1467038,0.0,4.19164,4.19032,4.13165,0.0745756,4.03676,2.78624,1.05371,,,,,,
154,18,28560,1183090,0.0,4.25411,4.24878,4.20824,0.218695,3.82321,2.18236,0.958363,,167,17,23658,1322567,0.0,4.41788,4.41335,4.36781,0.190193,4.04576,2.39799,1.06376,,174,19,31864,994308,0.0,3.9136,3.90775,3.87297,0.234998,3.43026,1.86345,0.823882,,190,21,26198,587599,0.0,2.66166,2.65674,2.63493,0.187347,2.28351,1.19133,0.498309,,158,16,17392,1416629,0.0,4.50677,4.50334,4.452,0.155571,4.19232,2.6165,1.11074,,147,18,28046,1168429,0.0,4.21811,4.21279,4.17204,0.215977,3.79857,2.17749,0.946579,,180,17,19958,1264409,0.0,4.17009,4.16623,4.12142,0.165539,3.84702,2.3589,0.98377,,191,19,26852,953360,0.0,3.6713,3.6662,3.63337,0.199356,3.24269,1.84132,0.769105,,155,17,23468,1311399,0.0,4.44961,4.44514,4.39667,0.192737,4.07052,2.42243,1.06371,,186,15,11464,1466696,0.0,4.368,4.3657,4.31106,0.1158,4.15364,2.70462,1.12332,,152,19,32194,1022881,0.0,3.99291,3.98689,3.95114,0.237501,3.5244,1.92378,0.84797,,187,19,33678,1020702,0.0,4.11807,4.11176,4.07576,0.244782,3.55637,1.93244,0.846392,,164,21,30894,642504,0.0,2.97998,2.97421,2.94967,0.216116,2.54385,1.30215,0.550354,,188,20,32202,813078,0.0,3.45849,3.45251,3.42317,0.227822,3.00278,1.59892,0.676619,,169,17,22708,1312138,0.0,4.41462,4.41024,4.36437,0.186337,4.02936,2.41844,1.04262,,160,13,3818,1496850,0.0,4.1522,4.15136,4.08749,0.0563366,4.03148,2.86379,1.02996,,172,22,21262,408030,0.0,2.03212,2.0282,2.01252,0.14775,1.72811,0.865884,0.391915,,166,22,25030,448304,0.0,2.24369,2.2391,2.22157,0.173817,1.88039,0.929954,0.396525,,173,19,31184,1008032,0.0,3.92782,3.922,3.88672,0.231782,3.4716,1.90443,0.835452,,159,20,32350,803840,0.0,3.5018,3.47914,3.44866,0.230852,3.0242,1.60977,0.678176,,179,21,29866,621610,0.0,2.90662,2.90101,2.87732,0.210014,2.48287,1.2742,0.536217,,177,21,29688,613830,0.0,2.89882,2.89331,2.8701,0.213707,2.48338,1.26622,0.539494,,178,18,29152,1175232,0.0,4.26588,4.26035,4.21954,0.222446,3.82379,2.17205,0.953568,,150,14,6852,1486121,0.0,4.28526,4.28383,4.22347,0.0822545,4.12615,2.81487,1.09356,,170,17,21048,1270167,0.0,4.2838,4.27968,4.23542,0.177245,3.92842,2.37282,1.01745,,153,19,28952,961972,0.0,3.70664,3.70125,3.66772,0.21549,3.28394,1.80565,0.79673,,149,22,23758,433238,0.0,2.14436,2.14002,2.12337,0.1636,1.79805,0.894116,0.379165,,151,18,28542,1177779,0.0,4.26432,4.25887,4.21772,0.221209,3.83607,2.19413,0.95239,,162,18,29192,1184569,0.0,4.28127,4.27577,4.2347,0.222522,3.84556,2.18405,0.965645,,148,18,28700,1182384,0.0,4.25869,4.2532,4.21205,0.21983,3.82847,2.1878,0.954713,,185,17,22708,1318750,0.0,4.38176,4.37746,4.33187,0.18514,4.02669,2.41275,1.04819,,144,13,3872,1498107,0.0,4.2802,4.27928,4.2151,0.0611517,4.15263,2.94016,1.06448,,181,21,29278,617516,0.0,2.83505,2.82958,2.80571,0.204286,2.42572,1.23994,0.531147,,183,23,19070,295285,0.0,1.62806,1.62435,1.6114,0.135485,1.3591,0.662371,0.271706,,156,20,30702,813278,0.0,3.41689,3.4112,3.38174,0.220679,2.9703,1.57368,0.693676,,189,20,31032,797544,0.0,3.40349,3.39763,3.36855,0.221589,2.96065,1.58873,0.664701,,163,20,32132,796053,0.0,3.41158,3.40564,3.37681,0.229774,2.95408,1.54719,0.674036,,175,21,27574,593098,0.0,2.71551,2.71041,2.68863,0.192889,2.32872,1.19516,0.515157,,176,21,29422,596369,0.0,2.82503,2.81949,2.79672,0.208224,2.41026,1.23268,0.513138,,184,19,32828,1013257,0.0,4.07069,4.06439,4.02838,0.239919,3.56879,1.96812,0.830695,,161,20,33568,820608,0.0,3.53215,3.52597,3.49602,0.237979,3.05599,1.59922,0.696001,,165,17,23190,1314610,0.0,4.42377,4.41929,4.37329,0.191374,4.06044,2.43102,1.04729,,168,17,22712,1302130,0.0,4.4339,4.42951,4.38427,0.1875,4.04261,2.41694,1.04816,,157,19,32198,1006332,0.0,3.94122,3.93525,3.89981,0.236706,3.47364,1.88316,0.840576,,145,18,29406,1188118,0.0,4.32429,4.31872,4.27685,0.225706,3.87905,2.21545,0.960592,,171,15,11290,1466945,0.0,4.33645,4.33417,4.27969,0.113458,4.12535,2.68387,1.12216,,146,18,23094,1070156,0.0,3.80953,3.80508,3.76759,0.18088,3.42962,2.02023,0.84847,,182,15,9804,1418429,0.0,4.19312,4.19115,4.13759,0.0990362,3.99079,2.66203,1.05067,,,,,,
154,19,31336,1002560,0.0,3.90547,3.89966,3.86434,0.232748,3.44312,1.8753,0.834857,,167,18,29036,1185966,0.0,4.27503,4.26957,4.22842,0.221882,3.83433,2.17536,0.965602,,174,20,31850,793495,0.0,3.42065,3.41468,3.38614,0.232608,2.9504,1.56025,0.663197,,190,22,22042,422772,0.0,2.05815,2.05397,2.03732,0.155663,1.74338,0.882667,0.367773,,158,17,24002,1327382,0.0,4.53302,4.52835,4.48155,0.19598,4.12565,2.45608,1.06286,,147,19,30754,988364,0.0,3.865,3.85921,3.82408,0.228678,3.41611,1.87229,0.822727,,180,18,23986,1116541,0.0,3.9439,3.93933,3.90083,0.187971,3.57247,2.09721,0.891248,,191,20,26852,760291,0.0,3.16041,3.15534,3.12841,0.193615,2.74172,1.5003,0.623386,,155,18,28592,1168480,0.0,4.34352,4.33809,4.29768,0.224123,3.89963,2.20287,0.961248,,186,16,17138,1411433,0.0,4.42415,4.4208,4.3699,0.151989,4.13751,2.58402,1.10392,,152,20,32252,824277,0.0,3.49576,3.4898,3.4601,0.232078,3.03423,1.5969,0.697593,,187,20,33840,825274,0.0,3.62316,3.61681,3.58673,0.237171,3.07238,1.62442,0.688715,,164,22,26152,463033,0.0,2.32392,2.31906,2.30045,0.181658,1.95771,0.969499,0.409072,,188,21,29564,620892,0.0,2.85892,2.85343,2.83013,0.208577,2.4454,1.25283,0.530726,,169,18,27528,1167990,0.0,4.29045,4.28224,4.24178,0.215165,3.82832,2.18529,0.964959,,160,14,6712,1484885,0.0,4.31241,4.31101,4.25132,0.0821281,4.1564,2.84034,1.09993,,172,23,16438,278322,0.0,1.4339,1.43089,1.4198,0.114251,1.20242,0.591167,0.248151,,166,23,19384,301746,0.0,1.63394,1.63035,1.61783,0.135487,1.35393,0.6518,0.274432,,173,20,31464,813436,0.0,3.44826,3.44237,3.41309,0.225396,2.99992,1.60193,0.67965,,159,21,29228,607110,0.0,2.83559,2.83016,2.80643,0.202878,2.42726,1.22348,0.53864,,179,22,25310,449838,0.0,2.26786,2.26312,2.24504,0.178583,1.91218,0.946962,0.40002,,177,22,24982,437661,0.0,2.24842,2.24382,2.22639,0.173836,1.90336,0.960207,0.391123,,178,19,32330,1000114,0.0,3.94754,3.94152,3.90618,0.238348,3.46901,1.88254,0.830541,,150,15,11280,1457160,0.0,4.35609,4.3538,4.29825,0.112462,4.14301,2.71373,1.10956,,170,18,25284,1114855,0.0,4.03151,4.02666,3.98838,0.198486,3.62119,2.09706,0.906553,,153,20,28904,768839,0.0,3.20942,3.2041,3.17685,0.209766,2.79456,1.47173,0.657407,,149,23,18376,288871,0.0,1.54543,1.54213,1.53057,0.12535,1.27915,0.615713,0.261285,,151,19,31696,1001849,0.0,3.93478,3.92884,3.89339,0.237139,3.47117,1.89513,0.830363,,162,19,32386,1011397,0.0,3.96814,3.96211,3.92625,0.2386,3.49553,1.89565,0.843849,,148,19,32088,1006679,0.0,3.9423,3.93629,3.90077,0.23684,3.47333,1.89288,0.833311,,185,18,27682,1177681,0.0,4.2103,4.2051,4.16461,0.2126,3.79427,2.17635,0.953462,,144,14,6914,1489850,0.0,4.35226,4.35078,4.28985,0.0875042,4.18507,2.86266,1.09607,,181,22,24590,438479,0.0,2.18308,2.17854,2.16026,0.17225,1.84222,0.907554,0.388678,,183,24,13570,187589,0.0,1.12754,1.12479,1.11606,0.098142,0.938035,0.461817,0.175959,,156,21,28348,625054,0.0,2.83353,2.82828,2.80523,0.198406,2.42989,1.26083,0.534127,,189,21,28290,604727,0.0,2.78638,2.78102,2.75827,0.199819,2.3876,1.23261,0.518028,,163,21,29508,601437,0.0,2.81256,2.80711,2.78454,0.205221,2.39965,1.22377,0.518377,,175,22,23250,423938,0.0,2.09973,2.09545,2.07928,0.1608,1.77641,0.882502,0.378728,,176,22,24164,419455,0.0,2.1484,2.14385,2.12667,0.16989,1.81015,0.896289,0.374104,,184,20,32514,814021,0.0,3.54797,3.54172,3.51189,0.23251,3.06033,1.63307,0.680003,,161,21,30614,624027,0.0,2.89458,2.88896,2.86579,0.212022,2.46934,1.25359,0.537664,,165,18,28570,1175632,0.0,4.2765,4.27108,4.22973,0.221307,3.84639,2.19433,0.962182,,168,18,27640,1158657,0.0,4.34796,4.34273,4.30256,0.212768,3.88797,2.27619,0.94274,,157,20,32216,810836,0.0,3.44333,3.4373,3.40826,0.229157,2.98638,1.57451,0.680809,,145,19,32634,1013256,0.0,4.00179,3.99565,3.95957,0.241239,3.5194,1.92012,0.837982,,171,16,17126,1416529,0.0,4.40805,4.40471,4.35431,0.150628,4.12335,2.57141,1.10368,,146,19,25020,885215,0.0,3.4055,3.40076,3.36985,0.188082,3.00554,1.69366,0.720302,,182,16,13756,1331402,0.0,4.08721,4.08451,4.03699,0.124277,3.83309,2.46035,1.00821,,,,,,
154,20,31380,807434,0.0,3.41279,3.407,3.37814,0.224518,2.96142,1.56806,0.679586,,167,19,32656,1019559,0.0,3.99353,3.98746,3.95191,0.240072,3.51063,1.9029,0.847558,,174,21,28966,602383,0.0,2.79373,2.7884,2.76603,0.202166,2.37253,1.21379,0.514213,,190,23,17194,287362,0.0,1.51263,1.50936,1.49752,0.121986,1.26794,0.625555,0.258826,,158,18,29442,1189528,0.0,4.39421,4.38858,4.34672,0.226821,3.91276,2.22533,0.968547,,147,20,30992,799356,0.0,3.37965,3.37392,3.34481,0.224726,2.93447,1.54187,0.678142,,180,19,25962,940352,0.0,3.56418,3.55931,3.52731,0.196447,3.17276,1.78642,0.76856,,191,21,24346,573387,0.0,2.57431,2.56971,2.5484,0.173809,2.19936,1.1626,0.483738,,155,19,31778,986902,0.0,3.94135,3.93538,3.90049,0.236829,3.45898,1.8841,0.825467,,186,17,23002,1311397,0.0,4.38241,4.37797,4.33247,0.187039,4.02271,2.40623,1.0435,,152,21,29596,634154,0.0,2.88956,2.88406,2.86051,0.206733,2.47612,1.2749,0.539835,,187,21,31178,630842,0.0,3.02286,3.01704,2.99283,0.219531,2.51924,1.28103,0.543685,,164,23,20390,317188,0.0,1.69957,1.6958,1.68226,0.141445,1.4165,0.680449,0.287843,,188,22,24714,443386,0.0,2.21112,2.20652,2.18873,0.172907,1.86827,0.929129,0.390698,,169,19,30416,992728,0.0,3.89334,3.88767,3.85293,0.22617,3.40808,1.87226,0.821615,,160,15,10932,1456135,0.0,4.35386,4.35165,4.29682,0.110513,4.14388,2.7232,1.10874,,172,24,11816,174319,0.0,0.964665,0.962535,0.955274,0.0820908,0.799731,0.38126,0.160357,,166,24,13866,190631,0.0,1.10294,1.10043,1.09219,0.0958711,0.90428,0.422988,0.178798,,173,21,29090,620650,0.0,2.84984,2.84442,2.82127,0.204133,2.4412,1.25884,0.530258,,159,22,24516,434732,0.0,2.18425,2.17973,2.16178,0.171042,1.84436,0.917037,0.384882,,179,23,19764,304841,0.0,1.65301,1.64935,1.63659,0.137497,1.37831,0.6629,0.278849,,177,23,19296,293721,0.0,1.67522,1.67168,1.65949,0.133251,1.39623,0.653181,0.282909,,178,20,32282,809418,0.0,3.46871,3.4626,3.43334,0.228901,3.00273,1.59505,0.674897,,150,16,16702,1392896,0.0,4.3756,4.37232,4.3215,0.14819,4.095,2.57118,1.08487,,170,19,27428,928217,0.0,3.62558,3.62041,3.58827,0.206358,3.18895,1.7657,0.770971,,153,21,26324,579498,0.0,2.61091,2.60607,2.58502,0.184758,2.24162,1.15482,0.496295,,149,24,13128,184576,0.0,1.04366,1.04134,1.03372,0.0892847,0.855086,0.398334,0.171495,,151,20,31760,810597,0.0,3.44591,3.43997,3.41052,0.231742,2.98837,1.56412,0.689709,,162,20,32524,820006,0.0,3.48867,3.48267,3.45313,0.231935,3.0249,1.59115,0.694494,,148,20,32632,810180,0.0,3.52414,3.51815,3.48874,0.237978,3.04934,1.59113,0.704555,,185,19,30702,999601,0.0,3.88985,3.88402,3.84927,0.225662,3.44263,1.90828,0.818713,,144,15,11416,1466863,0.0,4.43689,4.43455,4.37822,0.119907,4.21463,2.76425,1.11878,,181,23,19328,297755,0.0,1.60539,1.60181,1.58872,0.133915,1.33956,0.642264,0.272532,,183,25,9124,113791,0.0,0.734323,0.732439,0.726966,0.0672096,0.607281,0.295332,0.109222,,156,22,24028,450783,0.0,2.20095,2.19655,2.17939,0.165992,1.86209,0.930005,0.399044,,189,22,23714,430777,0.0,2.14111,2.13664,2.11956,0.166638,1.81093,0.903453,0.37944,,163,22,24652,426782,0.0,2.14876,2.14426,2.12743,0.168841,1.8079,0.886432,0.379072,,175,23,18028,283959,0.0,1.51622,1.51293,1.50136,0.124977,1.26501,0.605522,0.262634,,176,23,18574,283201,0.0,1.55122,1.54775,1.53577,0.129741,1.29381,0.623268,0.259443,,184,21,30100,626421,0.0,2.96019,2.95444,2.9305,0.214403,2.51445,1.29196,0.538239,,161,22,25644,444571,0.0,2.23333,2.22866,2.21123,0.176076,1.87964,0.921248,0.395144,,165,19,31742,1001327,0.0,3.94998,3.94405,3.90881,0.236695,3.48481,1.90014,0.836927,,168,19,30348,975600,0.0,3.91327,3.90761,3.87337,0.228218,3.42054,1.87788,0.822322,,157,21,29540,613356,0.0,2.82215,2.81673,2.79403,0.205206,2.41104,1.2295,0.5256,,145,20,33142,813734,0.0,3.5152,3.50906,3.47913,0.237614,3.03361,1.57942,0.696401,,171,17,23352,1326492,0.0,4.40928,4.40483,4.35877,0.188619,4.04644,2.41314,1.05327,,146,20,24140,690966,0.0,2.85796,2.85344,2.82879,0.177302,2.47826,1.34215,0.57643,,182,17,17644,1201551,0.0,3.90581,3.9024,3.86085,0.146497,3.60137,2.22321,0.933354,,,,,,
154,21,28424,610626,0.0,2.77882,2.77362,2.75106,0.198506,2.37808,1.22132,0.523231,,167,20,32794,823265,0.0,3.50414,3.49805,3.4683,0.231616,3.03099,1.5978,0.691022,,174,22,24212,429424,0.0,2.15695,2.15253,2.13567,0.169409,1.80719,0.893747,0.377307,,190,24,12374,184666,0.0,1.05316,1.0507,1.04283,0.0887651,0.87916,0.435177,0.170113,,158,19,32884,1018653,0.0,4.09539,4.08917,4.05286,0.242558,3.57036,1.94231,0.847243,,147,21,28448,609292,0.0,2.7839,2.77869,2.75589,0.202368,2.38046,1.20616,0.529546,,180,20,25444,746240,0.0,3.108,3.10318,3.07691,0.184514,2.73454,1.52545,0.623068,,191,22,20412,410940,0.0,1.98529,1.98143,1.96571,0.1457,1.67454,0.858221,0.356826,,155,20,31714,791598,0.0,3.44808,3.4421,3.41308,0.228788,2.97526,1.56821,0.676221,,186,18,27874,1167637,0.0,4.20108,4.19582,4.15552,0.214698,3.78246,2.16687,0.945309,,152,22,25200,461120,0.0,2.25471,2.25011,2.23246,0.173352,1.90609,0.946531,0.403136,,187,22,26168,453282,0.0,2.34683,2.34197,2.32352,0.182994,1.92905,0.947588,0.404296,,164,24,14988,202832,0.0,1.17542,1.17268,1.16372,0.103506,0.969153,0.452523,0.190085,,188,23,19282,299090,0.0,1.61514,1.61156,1.59893,0.135011,1.34939,0.65024,0.273547,,169,20,30534,800828,0.0,3.41089,3.40515,3.37623,0.218431,2.93541,1.57165,0.667248,,160,16,15940,1384738,0.0,4.3448,4.34168,4.29185,0.143923,4.07168,2.57186,1.0759,,172,25,7890,105847,0.0,0.61761,0.616199,0.611704,0.0546473,0.508205,0.236391,0.100503,,166,25,9172,115345,0.0,0.700508,0.698859,0.693769,0.0630158,0.570291,0.260997,0.110622,,173,22,24486,445683,0.0,2.20269,2.19817,2.18077,0.172432,1.86228,0.926075,0.391557,,159,23,19078,295370,0.0,1.60036,1.59677,1.58396,0.131392,1.31956,0.63181,0.269424,,179,24,13988,194263,0.0,1.13168,1.12904,1.12058,0.0992465,0.936871,0.442853,0.183869,,177,24,13696,186317,0.0,1.07702,1.07451,1.06641,0.0957274,0.889894,0.413822,0.17648,,178,21,29822,613822,0.0,2.85638,2.85086,2.82781,0.208251,2.43272,1.23952,0.527064,,150,17,22256,1286715,0.0,4.30929,4.30496,4.2589,0.182049,3.95995,2.38403,1.01981,,170,20,27172,732727,0.0,3.11839,3.11326,3.08698,0.197822,2.6965,1.44901,0.61711,,153,22,22006,407823,0.0,1.98704,1.98302,1.96763,0.151621,1.68273,0.83972,0.357944,,149,25,8706,110282,0.0,0.665788,0.664268,0.659487,0.0591189,0.541022,0.246564,0.10567,,151,21,29374,616871,0.0,2.84726,2.8418,2.81859,0.205476,2.43437,1.24839,0.527882,,162,21,29980,621861,0.0,2.87184,2.86632,2.8432,0.20861,2.45313,1.25156,0.534622,,148,21,29716,609144,0.0,2.8293,2.8239,2.80119,0.209087,2.40916,1.21081,0.531543,,185,20,31096,804295,0.0,3.39467,3.38884,3.36021,0.220827,2.95328,1.58054,0.669192,,144,16,17136,1414224,0.0,4.51609,4.51265,4.46089,0.160345,4.22086,2.65068,1.10764,,181,24,13762,190563,0.0,1.08925,1.08673,1.07824,0.0958038,0.901499,0.420687,0.179517,,183,26,5568,62882,0.0,0.434556,0.433419,0.430251,0.042593,0.356951,0.169578,0.0621244,,156,23,18652,306124,0.0,1.59704,1.59365,1.58151,0.128319,1.33576,0.647555,0.277796,,189,23,18276,289798,0.0,1.56026,1.5568,1.54468,0.12865,1.30683,0.635259,0.266085,,163,23,19258,288699,0.0,1.56724,1.56378,1.55193,0.132246,1.3036,0.617643,0.264669,,175,24,12928,181090,0.0,1.03364,1.03128,1.02353,0.089747,0.856449,0.400633,0.172858,,176,24,13250,179802,0.0,1.06484,1.06231,1.05441,0.0943869,0.881249,0.416049,0.170631,,184,22,25330,445507,0.0,2.28657,2.28172,2.26361,0.178943,1.91529,0.952559,0.394028,,161,23,19878,302235,0.0,1.62815,1.62457,1.61216,0.136705,1.35612,0.645361,0.275921,,165,20,32012,803029,0.0,3.45603,3.45003,3.42098,0.229532,2.99888,1.59423,0.673445,,168,20,29950,782567,0.0,3.42871,3.42306,3.39495,0.213972,2.94415,1.56746,0.667085,,157,22,24534,437241,0.0,2.165,2.16053,2.14349,0.169432,1.82649,0.899087,0.387019,,145,21,30036,614650,0.0,2.87471,2.86916,2.84584,0.212825,2.4429,1.22569,0.53819,,171,18,28758,1187936,0.0,4.26487,4.25951,4.21832,0.21987,3.83557,2.18499,0.960978,,146,21,21468,513926,0.0,2.27759,2.27365,2.25502,0.15445,1.94422,1.01464,0.438302,,182,18,20592,1049784,0.0,3.62326,3.61933,3.58409,0.162105,3.28244,1.9519,0.828971,,,,,,
154,22,23802,441815,0.0,2.1512,2.14687,2.12978,0.165053,1.81802,0.902564,0.389736,,167,21,30222,632481,0.0,2.90814,2.90257,2.87902,0.210621,2.47946,1.26421,0.542593,,174,23,18702,288654,0.0,1.55161,1.54821,1.53638,0.128983,1.28427,0.614038,0.262452,,190,25,8364,112267,0.0,0.689788,0.688071,0.682924,0.0604892,0.57267,0.28238,0.105437,,158,20,33178,825890,0.0,3.61681,3.61051,3.58031,0.235827,3.09999,1.64374,0.691034,,147,22,23774,434423,0.0,2.1358,2.13144,2.11476,0.164076,1.80616,0.899661,0.381062,,180,21,22958,561286,0.0,2.45117,2.44689,2.42675,0.162581,2.12006,1.13002,0.470921,,191,23,15664,272564,0.0,1.42944,1.42643,1.41548,0.112237,1.19139,0.595238,0.244066,,155,21,28950,604538,0.0,2.82745,2.82206,2.79946,0.202457,2.40508,1.23346,0.520585,,186,19,30988,992809,0.0,3.87857,3.87273,3.83828,0.228304,3.4257,1.88355,0.819065,,152,23,19828,313679,0.0,1.65912,1.65554,1.64283,0.136293,1.38643,0.667696,0.283712,,187,23,20488,309913,0.0,1.74775,1.74388,1.73071,0.144786,1.42155,0.68446,0.285746,,164,25,10044,121562,0.0,0.761928,0.760095,0.754423,0.0708409,0.623232,0.283163,0.119286,,188,24,13790,190512,0.0,1.12249,1.11981,1.11142,0.0982616,0.933949,0.451694,0.17937,,169,21,28204,617280,0.0,2.83452,2.82928,2.80653,0.197772,2.40197,1.24515,0.524654,,160,17,21320,1274866,0.0,4.25813,4.25401,4.20899,0.175828,3.9172,2.37442,1.00685,,172,26,4900,60515,0.0,0.367743,0.366871,0.364226,0.033583,0.300364,0.136511,0.0582776,,166,26,5664,65542,0.0,0.427652,0.426614,0.423603,0.0399988,0.346009,0.155508,0.0656755,,173,23,19034,300553,0.0,1.60101,1.59752,1.58511,0.131914,1.33808,0.647058,0.272547,,159,24,13710,190176,0.0,1.09988,1.09735,1.08882,0.0945391,0.912533,0.43627,0.177815,,179,25,9242,118043,0.0,0.73053,0.728732,0.723359,0.0652606,0.603429,0.287667,0.113104,,177,25,9010,112836,0.0,0.696407,0.694716,0.68961,0.0631835,0.573959,0.268268,0.109454,,178,22,25090,442471,0.0,2.22407,2.21944,2.20185,0.17388,1.87015,0.92262,0.391783,,150,18,26944,1138894,0.0,4.09849,4.09337,4.05345,0.208183,3.69327,2.12949,0.915078,,170,21,24550,547794,0.0,2.52037,2.51576,2.49566,0.173367,2.14756,1.11818,0.471151,,153,23,16954,273417,0.0,1.42602,1.42297,1.41223,0.115316,1.1932,0.5767,0.246471,,149,26,5400,63100,0.0,0.403149,0.402196,0.399365,0.036743,0.325704,0.146778,0.0616702,,151,22,24842,442313,0.0,2.20668,2.2021,2.18495,0.171188,1.86146,0.923788,0.389114,,162,22,25002,447565,0.0,2.21794,2.21339,2.1959,0.172582,1.87093,0.923278,0.396518,,148,22,24470,432456,0.0,2.15668,2.15224,2.13548,0.168693,1.81684,0.896032,0.382281,,185,21,28202,608065,0.0,2.77644,2.77115,2.74817,0.198534,2.38024,1.22911,0.519486,,144,17,23236,1320093,0.0,4.50049,4.49589,4.44874,0.197725,4.12662,2.47714,1.05807,,181,25,9098,113547,0.0,0.703465,0.701766,0.696374,0.0641356,0.578523,0.26612,0.111655,,183,27,3170,33084,0.0,0.242544,0.241894,0.240089,0.02556,0.198012,0.0915643,0.0337418,,156,24,13182,197106,0.0,1.08388,1.0815,1.07341,0.0924617,0.900556,0.426891,0.183075,,189,24,13126,183496,0.0,1.08094,1.07835,1.0702,0.0938673,0.90066,0.439269,0.171807,,163,24,13510,180449,0.0,1.05557,1.05314,1.04535,0.0931549,0.869123,0.403136,0.1704,,175,25,8734,110116,0.0,0.665936,0.664369,0.659587,0.0599747,0.547032,0.24987,0.107769,,176,25,8612,105507,0.0,0.671798,0.670118,0.665196,0.0608099,0.55394,0.262498,0.102176,,184,23,19548,300615,0.0,1.70097,1.69702,1.68387,0.140746,1.41552,0.700467,0.2758,,161,24,14126,190765,0.0,1.09953,1.097,1.08879,0.0978416,0.907485,0.419919,0.179696,,165,21,28996,602304,0.0,2.80384,2.79846,2.77613,0.202648,2.39653,1.23031,0.517188,,168,21,27094,590145,0.0,2.71927,2.71421,2.69249,0.189024,2.2992,1.19265,0.501029,,157,23,19114,294718,0.0,1.57703,1.57354,1.56143,0.131543,1.31495,0.629223,0.268203,,145,22,25082,441431,0.0,2.21285,2.20827,2.191,0.172569,1.86031,0.917862,0.390216,,171,19,31944,1014380,0.0,3.95237,3.94642,3.91081,0.236059,3.48723,1.89691,0.842019,,146,22,17760,357258,0.0,1.70816,1.70493,1.69159,0.125523,1.43503,0.720227,0.313788,,182,19,21896,858095,0.0,3.18306,3.17899,3.15032,0.165702,2.83073,1.61353,0.697005,,,,,,
154,23,18736,305610,0.0,1.59356,1.59016,1.57772,0.130009,1.33272,0.646061,0.274621,,167,22,25658,452945,0.0,2.26298,2.2583,2.24053,0.177242,1.90198,0.936774,0.400304,,174,24,13176,184724,0.0,1.05381,1.05141,1.04358,0.0912744,0.865984,0.406998,0.17139,,190,26,5328,66272,0.0,0.427737,0.426639,0.423553,0.0392754,0.353314,0.17185,0.0634672,,158,21,30462,631378,0.0,2.99307,2.98735,2.96329,0.214098,2.52499,1.29046,0.541766,,147,23,18434,293590,0.0,1.54266,1.53938,1.52764,0.125746,1.28942,0.621301,0.264896,,180,22,19366,403635,0.0,1.89039,1.88676,1.87175,0.135936,1.61367,0.834359,0.345726,,191,24,11160,174561,0.0,0.987276,0.985005,0.977588,0.0804635,0.819653,0.413386,0.158075,,155,22,24258,429417,0.0,2.17368,2.16918,2.15239,0.167602,1.82293,0.902512,0.380988,,186,20,31070,797637,0.0,3.38914,3.3833,3.35447,0.221554,2.94722,1.57738,0.663979,,152,24,14166,201760,0.0,1.12778,1.12519,1.11664,0.0988429,0.934296,0.436969,0.187226,,187,24,14264,195730,0.0,1.19861,1.19578,1.18697,0.102199,0.973037,0.47694,0.183666,,164,26,6228,68732,0.0,0.460016,0.45884,0.455524,0.0435954,0.374677,0.169696,0.0692208,,188,25,9030,113514,0.0,0.716213,0.714387,0.709053,0.0647707,0.593343,0.287044,0.108744,,169,22,23816,447717,0.0,2.20664,2.20222,2.18508,0.165971,1.84466,0.924299,0.390669,,160,18,25584,1130924,0.0,4.04038,4.03549,3.99638,0.199469,3.64836,2.12012,0.907742,,172,27,2906,33370,0.0,0.214446,0.213931,0.212434,0.0200309,0.174338,0.0786173,0.0329728,,166,27,3246,35675,0.0,0.241246,0.24066,0.23895,0.0229064,0.194935,0.0876335,0.0362011,,173,24,13652,193590,0.0,1.17007,1.16756,1.1593,0.100795,0.973385,0.456149,0.194779,,159,25,9140,114585,0.0,0.689846,0.688187,0.682891,0.0626373,0.56581,0.258004,0.110189,,179,26,5872,69031,0.0,0.45446,0.453284,0.449984,0.0419129,0.37392,0.177731,0.067578,,177,26,5536,64013,0.0,0.417818,0.416762,0.413833,0.0390127,0.343167,0.160391,0.0626737,,178,23,19516,300787,0.0,1.62221,1.61861,1.60617,0.135125,1.34932,0.647225,0.273204,,150,19,29130,951694,0.0,3.70075,3.69532,3.66182,0.217221,3.27416,1.80296,0.785966,,170,22,20402,384541,0.0,1.90597,1.90218,1.88748,0.141779,1.59922,0.803137,0.33665,,153,24,12188,173733,0.0,0.965165,0.963007,0.955912,0.0826093,0.799169,0.374214,0.1609,,149,27,3136,34008,0.0,0.220539,0.22002,0.218547,0.0212411,0.176538,0.0758003,0.0337518,,151,23,19268,298829,0.0,1.59682,1.59335,1.58129,0.131313,1.33162,0.638733,0.271666,,162,23,19500,304781,0.0,1.6138,1.61026,1.59779,0.134139,1.34581,0.642574,0.276892,,148,23,18738,290275,0.0,1.54595,1.54262,1.53083,0.127411,1.28754,0.613641,0.265704,,185,22,23746,438951,0.0,2.15851,2.15406,2.13641,0.166778,1.82809,0.915937,0.385371,,144,18,28270,1179999,0.0,4.32101,4.31553,4.27295,0.226704,3.88373,2.23327,0.957937,,181,26,5614,64055,0.0,0.41991,0.418848,0.41573,0.0393253,0.344093,0.15821,0.0636533,,183,28,1746,17185,0.0,0.134489,0.134123,0.133118,0.015645,0.109496,0.0497553,0.0177096,,156,25,8868,120693,0.0,0.699202,0.6976,0.692464,0.0619298,0.576315,0.268282,0.114123,,189,25,8654,111403,0.0,0.698863,0.697095,0.691843,0.0624989,0.58042,0.282951,0.106657,,163,25,8664,107988,0.0,0.651545,0.650006,0.645198,0.059266,0.534253,0.242435,0.103908,,175,26,5400,61625,0.0,0.395794,0.394844,0.392046,0.0372838,0.322574,0.143634,0.0621285,,176,26,5336,59890,0.0,0.405752,0.404694,0.401805,0.0379681,0.33309,0.157132,0.0593524,,184,24,14074,191401,0.0,1.18504,1.18209,1.17317,0.104033,0.981381,0.485469,0.180066,,161,25,9418,115236,0.0,0.702217,0.700566,0.695428,0.0644053,0.575053,0.260427,0.111406,,165,22,24032,424430,0.0,2.13414,2.12969,2.11285,0.166876,1.79929,0.89151,0.374536,,168,22,22744,424909,0.0,2.10257,2.09839,2.08199,0.158299,1.7531,0.877113,0.371721,,157,24,13504,184975,0.0,1.05418,1.05175,1.04384,0.0929838,0.870813,0.404685,0.173689,,145,23,19394,298199,0.0,1.63607,1.63258,1.62061,0.134806,1.35982,0.647971,0.27983,,171,20,32464,820373,0.0,3.48626,3.48022,3.45059,0.230804,3.02549,1.59969,0.687054,,146,23,13532,237195,0.0,1.2133,1.21087,1.20176,0.0951596,1.00645,0.488812,0.214218,,182,20,21148,666903,0.0,2.6652,2.66125,2.63816,0.154609,2.33306,1.29436,0.549816,,,,,,
154,24,13422,199171,0.0,1.09087,1.08842,1.08013,0.0933893,0.905312,0.429248,0.182465,,167,23,19852,310253,0.0,1.6524,1.64879,1.63605,0.137388,1.37498,0.658077,0.281934,,174,25,8876,110559,0.0,0.677029,0.675437,0.67053,0.0615346,0.551092,0.250994,0.10711,,190,27,3274,36131,0.0,0.249683,0.24903,0.247284,0.0242965,0.204272,0.0962959,0.035718,,158,22,25898,455880,0.0,2.39951,2.39466,2.37643,0.198361,2.00499,0.969243,0.40703,,147,24,13268,189406,0.0,1.05706,1.05467,1.04678,0.0903475,0.875518,0.411435,0.175233,,180,23,15054,271040,0.0,1.36612,1.36332,1.35281,0.10602,1.15225,0.578605,0.237552,,191,25,7604,105393,0.0,0.646019,0.644453,0.639695,0.0565132,0.532305,0.263838,0.0988554,,155,23,18640,286549,0.0,1.56509,1.56166,1.54977,0.128985,1.29714,0.622486,0.262396,,186,21,28742,607674,0.0,2.79839,2.79304,2.77033,0.200791,2.39469,1.23241,0.521109,,152,25,9642,125293,0.0,0.738919,0.737212,0.73175,0.0659979,0.607871,0.279567,0.119169,,187,25,9476,120154,0.0,0.780572,0.778634,0.772987,0.0694232,0.630973,0.307597,0.11482,,164,27,3590,36435,0.0,0.257644,0.256981,0.255139,0.025141,0.208887,0.0938908,0.0374553,,188,26,5656,64252,0.0,0.434268,0.433128,0.430018,0.0416568,0.357578,0.169851,0.0633867,,169,23,18862,301865,0.0,1.6187,1.6152,1.60291,0.130634,1.3344,0.64639,0.272275,,160,19,27904,943287,0.0,3.64639,3.64113,3.60821,0.209668,3.23008,1.79333,0.77658,,172,28,1576,17241,0.0,0.112492,0.112226,0.111436,0.0108382,0.0910566,0.0401742,0.0171188,,166,28,1814,18035,0.0,0.129453,0.129125,0.128245,0.0126437,0.103767,0.0457926,0.0187547,,173,25,9208,116358,0.0,0.700004,0.698358,0.693285,0.0633067,0.575118,0.264205,0.111673,,159,26,5802,66141,0.0,0.419478,0.418459,0.415272,0.0397365,0.341401,0.151671,0.0653399,,179,27,3520,39079,0.0,0.267508,0.266809,0.264896,0.025433,0.21935,0.103363,0.0386807,,177,27,3186,33573,0.0,0.233203,0.232592,0.230967,0.0225342,0.190399,0.0876718,0.0337437,,178,24,13932,189934,0.0,1.09305,1.09053,1.0824,0.0959343,0.900145,0.418641,0.178312,,150,20,28706,756832,0.0,3.177,3.17167,3.14467,0.208743,2.76393,1.46209,0.639049,,170,23,15348,255745,0.0,1.34841,1.34558,1.33538,0.108034,1.11905,0.548681,0.228796,,153,25,8102,103443,0.0,0.614831,0.613427,0.609016,0.0551995,0.504864,0.230461,0.0991652,,149,28,1658,16965,0.0,0.117304,0.117024,0.116208,0.0113644,0.0936807,0.0404193,0.017385,,151,24,13726,190697,0.0,1.0824,1.07995,1.07187,0.0942269,0.894342,0.416561,0.178356,,162,24,13930,193280,0.0,1.09922,1.09671,1.08821,0.0961328,0.908353,0.424484,0.180781,,148,24,13520,187402,0.0,1.06131,1.05892,1.05114,0.0921194,0.875777,0.407421,0.17465,,185,23,18714,302752,0.0,1.60799,1.60445,1.5919,0.132102,1.34909,0.659251,0.274979,,144,19,31190,1003970,0.0,3.96934,3.96339,3.9273,0.239082,3.49944,1.92752,0.829437,,181,27,3298,35154,0.0,0.241833,0.241197,0.239449,0.0233604,0.197401,0.0901383,0.0355981,,183,29,966,8324,0.0,0.0704763,0.0702833,0.0697841,0.00849586,0.0567237,0.0248477,0.00899579,,156,26,5716,70816,0.0,0.433792,0.432779,0.429624,0.0393385,0.354854,0.161917,0.0687536,,189,26,5554,63612,0.0,0.429857,0.428753,0.425634,0.0408275,0.354171,0.168536,0.0629912,,163,26,5330,62701,0.0,0.39624,0.395278,0.392481,0.0386298,0.324076,0.145292,0.0616389,,175,27,3178,33631,0.0,0.224235,0.223692,0.222189,0.0216995,0.181662,0.0788411,0.0345008,,176,27,3060,30953,0.0,0.223972,0.223371,0.221781,0.0219657,0.182415,0.084021,0.031694,,184,25,9450,117022,0.0,0.776191,0.774209,0.768387,0.0746952,0.638594,0.308777,0.112903,,161,26,5870,66335,0.0,0.425267,0.424242,0.421254,0.0402098,0.346306,0.15453,0.0656567,,165,23,18530,288106,0.0,1.54917,1.54574,1.5339,0.128282,1.29299,0.623453,0.261652,,168,23,17736,287583,0.0,1.53098,1.52774,1.51612,0.122604,1.26059,0.611497,0.259752,,157,25,8996,113068,0.0,0.677536,0.675951,0.670989,0.0615559,0.556022,0.253392,0.107943,,145,24,13920,187862,0.0,1.08277,1.08031,1.07242,0.0949412,0.890064,0.411432,0.17609,,171,21,29448,624730,0.0,2.86065,2.85521,2.83201,0.206765,2.44952,1.25565,0.533816,,146,24,9568,148977,0.0,0.811655,0.809952,0.803903,0.0657578,0.667581,0.321663,0.135618,,182,21,18794,495482,0.0,2.11662,2.11315,2.09585,0.133773,1.82734,0.989327,0.412183,,,,,,
154,25,9048,124246,0.0,0.711203,0.709572,0.704221,0.0623097,0.586726,0.273126,0.11684,,167,24,14444,199792,0.0,1.13552,1.13292,1.12447,0.0996833,0.935402,0.435215,0.186184,,174,26,5524,63065,0.0,0.412386,0.411386,0.408453,0.0387379,0.334021,0.150528,0.0630316,,190,28,1762,18815,0.0,0.132662,0.132313,0.13136,0.013046,0.108164,0.0503221,0.0189016,,158,23,20198,309543,0.0,1.71297,1.70921,1.6962,0.140207,1.40771,0.674729,0.282629,,147,25,8894,115118,0.0,0.680376,0.678822,0.673915,0.0601372,0.559177,0.257615,0.109201,,180,24,10768,170930,0.0,0.910702,0.908719,0.90188,0.0748501,0.7597,0.368698,0.154156,,191,26,4812,58897,0.0,0.389224,0.388252,0.385533,0.0356446,0.317692,0.153846,0.0569877,,155,24,13276,184500,0.0,1.06466,1.06225,1.05434,0.091863,0.875128,0.410924,0.172985,,186,22,24096,431894,0.0,2.15859,2.15409,2.13684,0.16926,1.82297,0.905704,0.381442,,152,26,6138,72515,0.0,0.455349,0.454262,0.450989,0.0421933,0.372065,0.168499,0.0707612,,187,26,5876,69825,0.0,0.474916,0.473714,0.4703,0.0447241,0.381725,0.182184,0.0680673,,164,28,1994,19123,0.0,0.140786,0.140429,0.139451,0.0141263,0.11382,0.0507674,0.0199196,,188,27,3234,33146,0.0,0.238105,0.237483,0.235795,0.0237412,0.194422,0.0895932,0.0340072,,169,24,13656,193418,0.0,1.10915,1.10664,1.09839,0.0943923,0.904604,0.426878,0.17902,,160,20,27576,749590,0.0,3.13256,3.12741,3.10093,0.200556,2.72907,1.461,0.630841,,172,29,830,9094,0.0,0.0598258,0.0596863,0.0592684,0.0057706,0.0484655,0.0215889,0.00898122,,166,29,932,8526,0.0,0.0649476,0.0647859,0.0643533,0.00655821,0.0518427,0.022611,0.00912356,,173,26,5622,65418,0.0,0.421601,0.420586,0.417568,0.0397179,0.344273,0.154245,0.0659687,,159,27,3464,36395,0.0,0.260584,0.259993,0.25825,0.0238085,0.214275,0.103455,0.0365755,,179,28,1956,20155,0.0,0.144157,0.14379,0.142789,0.0141547,0.117525,0.0542558,0.020536,,177,28,1748,16510,0.0,0.123973,0.123645,0.122791,0.0123708,0.100571,0.0453593,0.0173526,,178,25,9224,112803,0.0,0.701926,0.70026,0.695168,0.0644745,0.573683,0.260087,0.110903,,150,21,26102,569138,0.0,2.59013,2.58536,2.5641,0.186048,2.21978,1.13003,0.49557,,170,24,10886,160999,0.0,0.900813,0.898849,0.892242,0.0761912,0.739559,0.350961,0.148032,,153,26,5076,58624,0.0,0.36484,0.363986,0.361464,0.0343465,0.296792,0.130514,0.0575932,,149,29,908,8793,0.0,0.0652277,0.0650686,0.0646523,0.00626307,0.0520746,0.0231585,0.00904788,,151,25,9264,117056,0.0,0.705452,0.703805,0.698742,0.0632963,0.578729,0.265467,0.112152,,162,25,9208,117027,0.0,0.698374,0.696735,0.69157,0.0631242,0.572979,0.262186,0.111613,,148,25,8954,111870,0.0,0.668834,0.667304,0.662527,0.0608136,0.547005,0.246944,0.107259,,185,24,13518,192612,0.0,1.12381,1.1211,1.11255,0.0970208,0.938666,0.462948,0.178498,,144,20,31360,810615,0.0,3.46936,3.46346,3.43383,0.233685,3.00515,1.58626,0.686973,,181,28,1794,17472,0.0,0.127643,0.127307,0.126399,0.0126979,0.10355,0.0466197,0.0181549,,183,30,440,3847,0.0,0.0323293,0.032244,0.0320138,0.00398701,0.0261032,0.0114281,0.0041367,,156,27,3534,40482,0.0,0.258197,0.257589,0.25576,0.0242094,0.209707,0.0933074,0.0401983,,189,27,3256,33884,0.0,0.242445,0.241803,0.240066,0.024138,0.198244,0.0917391,0.0346264,,163,27,3118,33911,0.0,0.222709,0.222158,0.220554,0.0213895,0.180658,0.0794747,0.0338666,,175,28,1726,16093,0.0,0.116632,0.116346,0.115575,0.0117418,0.0935918,0.0395116,0.017351,,176,28,1664,15676,0.0,0.118713,0.118398,0.117598,0.0120899,0.0962752,0.0436053,0.0163439,,184,26,5878,67370,0.0,0.490595,0.489336,0.485723,0.0515124,0.397382,0.186519,0.0667498,,161,27,3336,35214,0.0,0.234937,0.234355,0.232687,0.0230699,0.190214,0.0830146,0.0354605,,165,24,13124,181796,0.0,1.0399,1.03751,1.02977,0.0909586,0.860036,0.403444,0.169356,,168,24,12864,184472,0.0,1.05214,1.04978,1.04201,0.0887989,0.857052,0.405593,0.170845,,157,26,5618,64953,0.0,0.407225,0.406178,0.403269,0.0384019,0.331835,0.147551,0.0639993,,145,25,9142,113305,0.0,0.689581,0.687972,0.682966,0.0615839,0.563062,0.256818,0.108781,,171,22,24808,446432,0.0,2.20837,2.20386,2.1865,0.172964,1.86538,0.921246,0.393243,,146,25,6494,90371,0.0,0.524268,0.523118,0.519384,0.0469218,0.427686,0.199626,0.0842251,,182,22,15400,352647,0.0,1.58892,1.58611,1.57355,0.109249,1.35402,0.709237,0.299554,,,,,,
154,26,5936,74494,0.0,0.446887,0.445837,0.44255,0.0407719,0.365785,0.166739,0.0712467,,167,25,9766,120525,0.0,0.735146,0.733398,0.72809,0.0667916,0.600467,0.27354,0.115928,,174,27,3210,33856,0.0,0.233918,0.233347,0.231736,0.0224902,0.188578,0.0844133,0.0345121,,190,29,968,9747,0.0,0.0715581,0.0713681,0.0708651,0.00731259,0.0581368,0.0267912,0.00986008,,158,24,14492,196347,0.0,1.16458,1.16189,1.15324,0.100494,0.947405,0.441801,0.184649,,147,26,5620,65655,0.0,0.407194,0.406247,0.403368,0.0378725,0.331414,0.146389,0.0645708,,180,25,7188,103242,0.0,0.582086,0.58077,0.576382,0.0500624,0.481673,0.22845,0.0953397,,191,27,2764,29423,0.0,0.213501,0.212948,0.211466,0.022536,0.172652,0.0799708,0.0295102,,155,25,8772,112874,0.0,0.679915,0.678334,0.673405,0.0601743,0.555312,0.256384,0.107485,,186,23,18660,291996,0.0,1.56018,1.55673,1.5446,0.129563,1.30319,0.630137,0.264529,,152,27,3678,39863,0.0,0.260843,0.260204,0.258349,0.0252269,0.211398,0.0922988,0.0399809,,187,27,3532,38210,0.0,0.279255,0.27853,0.276497,0.0287217,0.222992,0.103575,0.0384421,,164,29,1022,9268,0.0,0.0704256,0.0702452,0.0697607,0.00718883,0.0567212,0.0248681,0.00991776,,188,28,1720,16885,0.0,0.124347,0.124018,0.123168,0.0127193,0.101243,0.0460878,0.0174342,,169,25,9198,118000,0.0,0.71507,0.713426,0.708374,0.0632085,0.57844,0.267205,0.111769,,160,21,24996,558561,0.0,2.52687,2.52217,2.50173,0.176373,2.16978,1.13275,0.474717,,172,30,434,4671,0.0,0.0316508,0.0315773,0.0313635,0.00308976,0.0255287,0.011121,0.00476656,,166,30,482,3896,0.0,0.0318202,0.0317462,0.031542,0.00333515,0.0251515,0.0106273,0.00428112,,173,27,3268,35993,0.0,0.239927,0.239336,0.237631,0.0229133,0.195426,0.0882022,0.0362386,,159,28,1796,18031,0.0,0.12725,0.126941,0.126044,0.0127349,0.102529,0.0439084,0.0190828,,179,29,1028,9837,0.0,0.074555,0.0743658,0.0738526,0.00737052,0.0605546,0.0279453,0.010204,,177,29,930,7362,0.0,0.0620141,0.0618529,0.0614481,0.00657963,0.0497008,0.0215755,0.00820498,,178,26,5784,64898,0.0,0.429703,0.42865,0.425574,0.040718,0.349664,0.158596,0.0650201,,150,22,21734,406827,0.0,1.98742,1.98343,1.96786,0.15026,1.68456,0.846475,0.355977,,170,25,7146,95330,0.0,0.566535,0.565223,0.561195,0.0494147,0.460869,0.214196,0.0901409,,153,27,2872,29899,0.0,0.20317,0.202676,0.201272,0.0195334,0.164269,0.0721477,0.0304644,,149,30,424,3876,0.0,0.0301168,0.0300442,0.0298472,0.00290424,0.0239196,0.0106643,0.00403116,,151,26,5682,66795,0.0,0.414339,0.413367,0.410457,0.0387297,0.337731,0.150427,0.0652027,,162,26,5714,67800,0.0,0.423114,0.422093,0.419051,0.0391191,0.345536,0.156419,0.0659243,,148,26,5482,63417,0.0,0.399565,0.398637,0.395807,0.037045,0.324985,0.144431,0.062659,,185,25,9124,118754,0.0,0.7401,0.738218,0.732676,0.0665914,0.615362,0.301452,0.11284,,144,21,28840,622879,0.0,2.87266,2.86732,2.84392,0.212122,2.45076,1.24468,0.541101,,181,29,920,8524,0.0,0.0645342,0.0643649,0.0638891,0.00650804,0.0522177,0.0234401,0.00898847,,183,31,206,1411,0.0,0.0138194,0.0137822,0.0136828,0.00174357,0.0109181,0.00444875,0.00169411,,156,28,1964,20945,0.0,0.140825,0.14049,0.139487,0.0134714,0.113888,0.0503333,0.0212872,,189,28,1796,17256,0.0,0.129831,0.129493,0.1286,0.0132555,0.105585,0.0479192,0.0180456,,163,28,1822,17550,0.0,0.123153,0.122851,0.122026,0.0124105,0.0988959,0.0420158,0.0181175,,175,29,876,7545,0.0,0.0579629,0.0578164,0.0574296,0.00600894,0.0462713,0.0192546,0.00829764,,176,29,836,7175,0.0,0.0579713,0.0578135,0.0574234,0.00600615,0.0467346,0.0209336,0.00772104,,184,27,3400,37261,0.0,0.280294,0.27958,0.277628,0.0257578,0.222736,0.105554,0.0371638,,161,28,1852,19298,0.0,0.130902,0.130577,0.129674,0.0127149,0.106004,0.0466606,0.0195914,,165,25,8714,109098,0.0,0.660484,0.658914,0.654103,0.059872,0.541741,0.24831,0.104354,,168,25,8574,111367,0.0,0.672687,0.671139,0.666283,0.0588549,0.543287,0.251957,0.105538,,157,27,3354,35490,0.0,0.236198,0.23561,0.233951,0.0230258,0.191268,0.0838979,0.0356967,,145,26,5628,65115,0.0,0.411501,0.410537,0.407681,0.0379173,0.334035,0.149605,0.0636573,,171,23,19160,301009,0.0,1.59843,1.5949,1.58269,0.132765,1.33532,0.641801,0.273107,,146,26,4006,51972,0.0,0.312052,0.311358,0.309184,0.0272517,0.252648,0.11632,0.0494941,,182,23,11894,237056,0.0,1.14109,1.13889,1.13016,0.0833321,0.960403,0.490294,0.205589,,,,,,
154,27,3630,43637,0.0,0.269949,0.269301,0.267354,0.025156,0.220468,0.0998094,0.0423444,,167,26,6080,68235,0.0,0.444919,0.443837,0.44072,0.0423479,0.360618,0.159688,0.0683776,,174,28,1770,17263,0.0,0.124965,0.124647,0.123796,0.0123241,0.100235,0.0441535,0.0180578,,190,30,482,4373,0.0,0.0342056,0.0341192,0.0338786,0.00363224,0.0275673,0.0122539,0.00465264,,158,25,9728,120700,0.0,0.77109,0.76925,0.763693,0.0695983,0.624062,0.287026,0.118334,,147,27,3354,36405,0.0,0.23875,0.238186,0.236522,0.0226334,0.193467,0.0849557,0.036332,,180,26,4700,62698,0.0,0.371518,0.37066,0.367988,0.0326165,0.30594,0.1438,0.0592262,,191,28,1454,14919,0.0,0.10947,0.109192,0.108431,0.0109158,0.0879639,0.0406468,0.0151084,,155,26,5540,65137,0.0,0.411057,0.410086,0.40721,0.0381026,0.333095,0.149411,0.0636459,,186,24,13196,186368,0.0,1.07313,1.07069,1.06256,0.0937681,0.891112,0.419632,0.174901,,152,28,2118,20098,0.0,0.142114,0.141771,0.140811,0.014392,0.113945,0.048142,0.0207659,,187,28,2048,20478,0.0,0.162061,0.161638,0.16048,0.0186581,0.129004,0.0587028,0.0210746,,164,30,510,4189,0.0,0.0344244,0.0343393,0.0341061,0.00358493,0.0275667,0.0119776,0.00461975,,188,29,854,7743,0.0,0.0600886,0.0599307,0.0595098,0.00628605,0.0486094,0.0217326,0.00824029,,169,26,5630,65607,0.0,0.429652,0.428642,0.425568,0.0396441,0.345127,0.155037,0.0661573,,160,22,20924,396455,0.0,1.93264,1.92882,1.91362,0.146764,1.63681,0.822685,0.347371,,172,31,222,2291,0.0,0.0158624,0.015828,0.015724,0.00157516,0.0127428,0.00544414,0.00238552,,166,31,224,1506,0.0,0.0141192,0.0140853,0.0140002,0.0015504,0.0110073,0.00444897,0.00181962,,173,28,1796,18210,0.0,0.128366,0.128048,0.127154,0.0127359,0.103983,0.0461432,0.0188186,,159,29,924,8653,0.0,0.0639194,0.0637613,0.0633118,0.00653472,0.0512737,0.0215744,0.00941179,,179,30,512,4609,0.0,0.0360821,0.0359905,0.0357311,0.00374917,0.0291241,0.0129495,0.0049342,,177,30,400,3058,0.0,0.0264034,0.0263371,0.0261711,0.00280241,0.0211126,0.00922258,0.00341438,,178,27,3392,36043,0.0,0.247137,0.246521,0.244818,0.0236989,0.200638,0.0909708,0.03622,,150,23,16672,273327,0.0,1.41865,1.41565,1.40496,0.113883,1.18894,0.578448,0.244836,,170,26,4490,54016,0.0,0.341103,0.340307,0.337894,0.0307113,0.275132,0.125203,0.0523199,,153,28,1562,15109,0.0,0.106399,0.106139,0.105417,0.0106074,0.0854392,0.036457,0.0155917,,149,31,198,1762,0.0,0.0136543,0.0136223,0.0135363,0.00133826,0.0108122,0.00467604,0.00183962,,151,27,3406,35617,0.0,0.245427,0.244817,0.243118,0.0233956,0.198682,0.0884549,0.0362463,,162,27,3342,37925,0.0,0.242387,0.2418,0.240073,0.0229178,0.197176,0.0877385,0.0375516,,148,27,3252,34953,0.0,0.229673,0.229127,0.227504,0.0220497,0.185625,0.0808838,0.0349919,,185,26,5794,68793,0.0,0.45411,0.452931,0.449655,0.0432565,0.37516,0.179148,0.0668347,,144,22,24492,447908,0.0,2.23562,2.23114,2.21355,0.176045,1.88062,0.92214,0.401921,,181,30,464,3865,0.0,0.0309594,0.0308776,0.0306661,0.00326234,0.0248055,0.0106613,0.00421099,,183,32,96,491,0.0,0.00593167,0.00591842,0.00588125,0.000795752,0.00462043,0.001765,0.000652431,,156,29,1042,10454,0.0,0.0713166,0.0711507,0.0706547,0.0070914,0.0572574,0.0241881,0.0109205,,189,29,866,8053,0.0,0.0617688,0.0616074,0.0611435,0.00640718,0.0500511,0.0223772,0.00859554,,163,29,920,8337,0.0,0.0629947,0.062835,0.0624156,0.00638326,0.0505562,0.0217987,0.00885724,,175,30,416,3258,0.0,0.0268115,0.0267485,0.0265819,0.00285893,0.021242,0.00874656,0.00368453,,176,30,360,3409,0.0,0.0255884,0.0255217,0.0253398,0.00261219,0.0207133,0.00925594,0.00358912,,184,28,1908,18840,0.0,0.150658,0.15027,0.149221,0.0142666,0.118546,0.0548921,0.0195004,,161,29,990,9793,0.0,0.0677945,0.0676308,0.0671692,0.00675528,0.0546379,0.0234911,0.0100283,,165,26,5360,62558,0.0,0.397205,0.396247,0.393337,0.0371778,0.324294,0.146252,0.0614467,,168,26,5370,64625,0.0,0.407885,0.406921,0.404129,0.0368255,0.327452,0.149104,0.0625947,,157,28,1848,18182,0.0,0.128164,0.12785,0.126994,0.0128862,0.103137,0.0440895,0.019016,,145,27,3220,35066,0.0,0.227201,0.226668,0.225071,0.021639,0.183315,0.0797407,0.0348918,,171,24,13634,189933,0.0,1.0755,1.07306,1.06499,0.0947463,0.889758,0.41477,0.177394,,146,27,2364,28798,0.0,0.18263,0.182206,0.180909,0.0160588,0.147245,0.0679345,0.0278986,,182,24,8778,153208,0.0,0.78187,0.780314,0.774402,0.0611085,0.650318,0.320493,0.136873,,,,,,
154,28,2062,24611,0.0,0.157266,0.1569,0.155788,0.0147185,0.128265,0.0575874,0.0248427,,167,27,3450,36228,0.0,0.247914,0.24728,0.245541,0.0241999,0.200253,0.0879149,0.037272,,174,29,904,7833,0.0,0.120859,0.120685,0.120219,0.00958523,0.101972,0.0481506,0.0126249,,190,31,238,2227,0.0,0.0176316,0.0175864,0.0174643,0.00184234,0.0143052,0.00667757,0.00228992,,158,26,6028,69584,0.0,0.465208,0.46405,0.460706,0.0425457,0.375631,0.173915,0.0686887,,147,28,1900,18966,0.0,0.130842,0.130528,0.129614,0.0127928,0.105257,0.0451967,0.019454,,180,27,2874,34060,0.0,0.214218,0.213724,0.212242,0.0197416,0.174626,0.0792676,0.0331686,,191,29,746,7260,0.0,0.0551218,0.0549827,0.054609,0.00561235,0.0440726,0.0200664,0.0074858,,155,27,3278,35464,0.0,0.239798,0.239211,0.237569,0.0225253,0.193398,0.0867062,0.0355861,,186,25,8730,112878,0.0,0.688613,0.686933,0.681889,0.0615183,0.569464,0.271481,0.107703,,152,29,1030,9333,0.0,0.0681422,0.0679749,0.0675236,0.00696977,0.0544744,0.0227809,0.00984513,,187,29,1068,10230,0.0,0.0824866,0.0822683,0.0816558,0.00950076,0.0651706,0.028983,0.0107377,,164,31,232,1876,0.0,0.0156163,0.0155753,0.0154743,0.0016577,0.0124573,0.0053263,0.00209381,,188,30,416,3663,0.0,0.0289287,0.0288521,0.028651,0.00307723,0.0233568,0.010344,0.00393991,,169,27,3272,36580,0.0,0.246599,0.246014,0.244259,0.0232191,0.19772,0.0891279,0.0368779,,160,23,16146,267535,0.0,1.39403,1.39108,1.38053,0.111205,1.16731,0.571839,0.240276,,172,32,106,1168,0.0,0.00794955,0.00793375,0.0078837,0.000762025,0.00643085,0.00282674,0.00120458,,166,32,86,588,0.0,0.00552793,0.00551751,0.00548337,0.000592916,0.00432833,0.00176267,0.00070435,,173,29,926,9346,0.0,0.0659731,0.0658143,0.0653621,0.00648923,0.0534845,0.0237517,0.00966858,,159,30,448,4042,0.0,0.0307417,0.0306645,0.0304398,0.0031526,0.0246222,0.0103502,0.00448636,,179,31,254,2193,0.0,0.0174249,0.0173823,0.0172696,0.0017963,0.014007,0.00614501,0.0023755,,177,31,148,1165,0.0,0.00988306,0.00985993,0.00979169,0.00105662,0.00792204,0.00343308,0.00128762,,178,28,1854,18035,0.0,0.130818,0.130475,0.129587,0.0129811,0.105604,0.0471881,0.0185267,,150,24,11894,172263,0.0,0.955239,0.953132,0.94611,0.081462,0.792256,0.373592,0.159103,,170,27,2582,29805,0.0,0.192488,0.19202,0.190667,0.017803,0.154719,0.0694863,0.0291481,,153,29,778,6858,0.0,0.0498061,0.0496911,0.0493647,0.00523933,0.0395847,0.0159866,0.0072795,,149,32,78,835,0.0,0.00568249,0.0056718,0.00563291,0.000530993,0.00456123,0.00201325,0.000825932,,151,28,1866,18556,0.0,0.126716,0.12641,0.125551,0.0126464,0.101898,0.0431299,0.0190999,,162,28,2014,20173,0.0,0.139227,0.138881,0.137914,0.0138343,0.112264,0.0484929,0.0206016,,148,28,1774,17383,0.0,0.120645,0.120358,0.119543,0.0120229,0.096825,0.0410632,0.0180149,,185,27,3356,37125,0.0,0.257806,0.257135,0.255286,0.0261827,0.21196,0.0997352,0.0366688,,144,23,19234,305573,0.0,1.62918,1.62571,1.61357,0.13424,1.3566,0.654901,0.275392,,181,31,208,1403,0.0,0.0128967,0.0128666,0.0127838,0.001429,0.0101778,0.00413075,0.00166736,,183,33,26,110,0.0,0.00154283,0.00154158,0.00153536,0.000248818,0.00119418,0.000415425,0.000154611,,156,30,518,5273,0.0,0.0360015,0.0359206,0.0356749,0.00354998,0.0289788,0.0124543,0.00548033,,189,30,472,4120,0.0,0.0330775,0.0329956,0.0327832,0.00355744,0.0267548,0.0119934,0.00437897,,163,30,456,3650,0.0,0.0299982,0.029926,0.0297345,0.00308698,0.0238635,0.01005,0.00405944,,175,31,166,1129,0.0,0.0101335,0.010112,0.0100545,0.00111541,0.00795091,0.00316728,0.00133247,,176,31,196,1701,0.0,0.0140038,0.0139696,0.0138676,0.00144739,0.0113387,0.00514169,0.00186317,,184,29,1026,9290,0.0,0.0788319,0.0786262,0.078076,0.00810142,0.0615761,0.0276594,0.00990264,,161,30,486,4675,0.0,0.0328533,0.0327783,0.0325562,0.00334369,0.0264504,0.0112886,0.0048044,,165,27,3196,34773,0.0,0.235025,0.234455,0.232807,0.0227268,0.190929,0.0844968,0.0356624,,168,27,3058,34216,0.0,0.229677,0.229138,0.227523,0.0215819,0.1831,0.0807043,0.0350382,,157,29,918,8281,0.0,0.0630443,0.0628934,0.0624735,0.00652129,0.0504168,0.0210425,0.00916723,,145,28,1848,18604,0.0,0.128241,0.127938,0.127089,0.0124427,0.102957,0.0445971,0.0189419,,171,25,9102,114045,0.0,0.689144,0.687504,0.682476,0.062459,0.565761,0.259588,0.108857,,146,28,1374,15810,0.0,0.0992153,0.0989937,0.0983242,0.00920268,0.0792516,0.0345909,0.0153447,,182,25,5860,95621,0.0,0.509833,0.508757,0.505213,0.0407366,0.422138,0.207126,0.0863674,,,,,,
154,29,1206,12927,0.0,0.0868324,0.0866247,0.0860112,0.00842387,0.0703191,0.0310621,0.0131321,,167,28,1934,18616,0.0,0.135899,0.135565,0.134625,0.0136145,0.109279,0.0473419,0.0197677,,174,30,450,3823,0.0,0.0350698,0.0349951,0.0347987,0.00318716,0.0288649,0.0149365,0.00417246,,190,32,106,1096,0.0,0.00794834,0.00792874,0.00787524,0.000816604,0.00648742,0.00299285,0.0010772,,158,27,3616,39091,0.0,0.274337,0.273645,0.271808,0.0257481,0.22056,0.101812,0.0390514,,147,29,1052,9382,0.0,0.0694463,0.0692746,0.0688245,0.00702591,0.0553972,0.0231101,0.00992794,,180,28,1622,17543,0.0,0.117554,0.117267,0.116441,0.0112155,0.0951037,0.0423941,0.0175945,,191,30,360,3006,0.0,0.0257586,0.0256967,0.0255212,0.00276942,0.0204335,0.00910313,0.00331527,,155,28,1788,18269,0.0,0.125278,0.124967,0.124127,0.0122517,0.100368,0.0434005,0.0186258,,186,26,5500,64381,0.0,0.421038,0.419958,0.416859,0.0390368,0.346327,0.163619,0.0631883,,152,30,494,4217,0.0,0.0325135,0.0324339,0.0322062,0.00338824,0.0258837,0.0107879,0.00455417,,187,30,574,5204,0.0,0.0455526,0.0454372,0.0450993,0.00632391,0.0358115,0.0149739,0.00560382,,164,32,102,681,0.0,0.00631443,0.0063004,0.00625608,0.000702643,0.00496615,0.00196148,0.000826285,,188,31,192,1875,0.0,0.0138952,0.0138594,0.0137637,0.00145116,0.0112821,0.00512107,0.00191969,,169,28,1902,19573,0.0,0.139175,0.138836,0.137889,0.0134533,0.111002,0.049304,0.0202419,,160,24,11420,168878,0.0,0.93302,0.930947,0.924035,0.0785878,0.773736,0.367548,0.155911,,172,33,46,480,0.0,0.00338665,0.00338004,0.00335677,0.000326579,0.00272425,0.00118069,0.000517166,,166,33,26,206,0.0,0.00177227,0.00177024,0.00176077,0.000183252,0.00140805,0.000608854,0.000233371,,173,30,476,4400,0.0,0.032628,0.0325486,0.0323287,0.00330202,0.0262342,0.0113555,0.00463949,,159,31,232,1811,0.0,0.0148277,0.0147947,0.0146944,0.00158764,0.011741,0.00476185,0.00204189,,179,32,118,958,0.0,0.0081796,0.00816013,0.00810674,0.000884096,0.00656615,0.00288055,0.00105774,,177,32,74,449,0.0,0.00465798,0.00464883,0.00462432,0.000527098,0.00369425,0.00156017,0.00054519,,178,29,942,8269,0.0,0.0642063,0.0640433,0.0635954,0.00664658,0.0514294,0.022274,0.00895278,,150,25,7964,104496,0.0,0.614141,0.612737,0.608391,0.0543536,0.505344,0.233404,0.0985815,,170,28,1484,15818,0.0,0.106919,0.10666,0.105943,0.0101658,0.0852727,0.0374844,0.0157965,,153,30,336,2938,0.0,0.0215719,0.0215221,0.0213824,0.0022493,0.0171527,0.0069186,0.00316938,,149,33,42,414,0.0,0.00298638,0.00298339,0.00296545,0.000282982,0.00238154,0.00104187,0.000425879,,151,29,964,9043,0.0,0.0636045,0.063455,0.0630287,0.00653479,0.0508166,0.0210367,0.00940192,,162,29,1086,10013,0.0,0.0724681,0.0722892,0.0718046,0.00738271,0.0580597,0.0245151,0.0105275,,148,29,876,8876,0.0,0.0606966,0.0605541,0.0601355,0.00593268,0.0488499,0.0210809,0.00904057,,185,28,1836,19193,0.0,0.139352,0.138984,0.137971,0.0146146,0.114106,0.0530093,0.0193825,,144,24,13726,193197,0.0,1.10166,1.09918,1.09104,0.095264,0.907725,0.427013,0.178899,,181,32,74,502,0.0,0.00466122,0.00465169,0.00462372,0.000511975,0.0036918,0.00149773,0.000590898,,183,34,2,5,0.0,0.000103258,0.000103154,0.000102978,1.859e-05,7.6701e-05,1.9602e-05,9.049e-06,,156,31,240,2592,0.0,0.0171974,0.0171598,0.0170366,0.00166263,0.0139041,0.00617429,0.00257663,,189,31,190,1516,0.0,0.0128924,0.012863,0.012777,0.00139871,0.0103491,0.00443105,0.00172686,,163,31,192,1582,0.0,0.0126712,0.0126428,0.0125619,0.00131048,0.0100917,0.00426362,0.001728,,175,32,44,328,0.0,0.00278964,0.00278626,0.00276999,0.000296757,0.00220433,0.000878425,0.000375826,,176,32,106,767,0.0,0.00703827,0.0070241,0.00698363,0.000738873,0.00563405,0.00244658,0.000899941,,184,30,512,4677,0.0,0.0394091,0.0393101,0.0390466,0.00397987,0.0308478,0.0140884,0.00488835,,161,31,250,2272,0.0,0.0164629,0.0164279,0.0163212,0.00171069,0.0131857,0.0055349,0.00237395,,165,28,1704,18044,0.0,0.123535,0.123232,0.122335,0.0120394,0.100272,0.0443811,0.018504,,168,28,1778,18291,0.0,0.129849,0.129532,0.128645,0.0124915,0.102896,0.0449743,0.0191554,,157,30,456,3832,0.0,0.0301704,0.0300992,0.0299031,0.00320763,0.0239808,0.00979297,0.00426587,,145,29,940,8864,0.0,0.0620034,0.0618607,0.0614398,0.00628102,0.0493949,0.0203527,0.00925518,,171,26,5604,64932,0.0,0.414136,0.413125,0.410164,0.0393446,0.337673,0.150468,0.0646586,,146,29,710,8230,0.0,0.0513616,0.0512474,0.0508993,0.00477445,0.0409194,0.0178248,0.0080056,,182,26,3564,50959,0.0,0.287479,0.286852,0.284795,0.0247812,0.234648,0.109713,0.0471508,,,,,,
154,30,666,6725,0.0,0.0469985,0.0468835,0.04656,0.00467532,0.0378633,0.016396,0.00699759,,167,29,1052,8800,0.0,0.0700946,0.0699058,0.0694342,0.0073005,0.0557562,0.0234348,0.00970261,,174,31,210,1523,0.0,0.0134829,0.0134484,0.0133573,0.00145441,0.0105779,0.00436643,0.00176566,,190,33,48,487,0.0,0.00350902,0.00350361,0.00347956,0.000370762,0.00285055,0.00129051,0.000487047,,158,28,1950,19467,0.0,0.143702,0.143321,0.142313,0.0138213,0.115048,0.0522381,0.020053,,147,30,476,3876,0.0,0.0299402,0.0298729,0.0296826,0.00318807,0.0236813,0.00944475,0.00423442,,180,29,858,9095,0.0,0.0615171,0.0613649,0.0609394,0.00590917,0.0496618,0.0220415,0.00905887,,191,31,178,1299,0.0,0.012144,0.0121152,0.0120409,0.00139389,0.00955118,0.00410918,0.00147024,,155,29,900,9413,0.0,0.0644845,0.0643321,0.0638769,0.00614894,0.0517837,0.0226747,0.00964681,,186,27,3398,35288,0.0,0.249858,0.249199,0.247448,0.0242469,0.203971,0.0948109,0.0355804,,152,31,218,1869,0.0,0.0145303,0.0144983,0.0144052,0.0014837,0.0116115,0.00488805,0.00205316,,187,31,288,2576,0.0,0.0223648,0.0223092,0.0221584,0.00285217,0.0174471,0.00733938,0.00276062,,164,33,40,283,0.0,0.0024833,0.00248074,0.00246879,0.000273645,0.00196667,0.000804563,0.000328336,,188,32,88,856,0.0,0.00625799,0.00624486,0.00619874,0.00063578,0.00508349,0.0022167,0.000906404,,169,29,954,9647,0.0,0.0693908,0.0692151,0.0687405,0.00669607,0.0552152,0.0244919,0.0100592,,160,25,7700,99822,0.0,0.599137,0.597752,0.593429,0.0532536,0.491866,0.22811,0.0954431,,172,34,26,298,0.0,0.00188533,0.00188203,0.00186914,0.000183681,0.00152666,0.000651611,0.000301606,,166,34,10,49,0.0,0.000579421,0.000579048,0.000576527,6.6743e-05,0.000440588,0.000159625,6.7458e-05,,173,31,228,2112,0.0,0.0156463,0.0156119,0.0155058,0.00160315,0.0125989,0.00547257,0.00221448,,159,32,96,806,0.0,0.00625765,0.00624504,0.00621172,0.000648897,0.00498637,0.00208746,0.000847451,,179,33,52,342,0.0,0.00334867,0.00334315,0.00331923,0.000371245,0.00264902,0.00110647,0.000418626,,177,33,18,110,0.0,0.00107118,0.00107048,0.00106613,0.000125623,0.000837711,0.00034368,0.000123885,,178,30,494,4067,0.0,0.0333172,0.0332342,0.0330176,0.00348864,0.0265914,0.0115245,0.00447803,,150,26,4982,58630,0.0,0.3647,0.363847,0.361275,0.0334939,0.297213,0.133152,0.0572465,,170,29,784,7667,0.0,0.0564668,0.0563271,0.0559516,0.0053958,0.0448533,0.0200032,0.00782924,,153,31,160,1483,0.0,0.0104653,0.0104456,0.0103781,0.00107029,0.00836778,0.00346152,0.00154001,,149,34,24,176,0.0,0.00151219,0.00151114,0.00150367,0.000157583,0.00117744,0.000445838,0.000213538,,151,30,486,4532,0.0,0.0324278,0.0323516,0.0321282,0.00330205,0.0259414,0.0108265,0.00475499,,162,30,550,4614,0.0,0.0364473,0.036362,0.0361285,0.00384323,0.0289391,0.0118915,0.00511568,,148,30,468,4366,0.0,0.0306867,0.0306183,0.0304215,0.00314689,0.0244748,0.0100484,0.00454724,,185,29,1032,9965,0.0,0.0761981,0.0759952,0.0754457,0.0083862,0.0620245,0.0281938,0.0102395,,144,25,9258,116969,0.0,0.708751,0.707122,0.702022,0.0638057,0.578998,0.265507,0.111603,,181,33,26,140,0.0,0.00152817,0.00152655,0.00151996,0.00017382,0.00119706,0.000474577,0.000182,,237,0,0,0,94.4206,0.0,0.0,0.0,0.0,0.0,0.0,0.0,,156,32,112,1284,0.0,0.00819914,0.00818381,0.00813451,0.000769785,0.00666436,0.00298884,0.00123408,,189,32,90,752,0.0,0.00628127,0.00626736,0.00622587,0.000709414,0.00506923,0.0022117,0.000819552,,163,32,74,664,0.0,0.00499126,0.00498198,0.00494839,0.000505596,0.00400011,0.00169952,0.000697035,,175,33,16,143,0.0,0.00103276,0.00103216,0.00102696,0.000107888,0.000827003,0.000329203,0.00015461,,176,33,28,342,0.0,0.00218835,0.00218533,0.00217347,0.000198672,0.00181019,0.000886554,0.000312616,,184,31,222,2231,0.0,0.0175772,0.0175389,0.0174186,0.0016241,0.01385,0.00647079,0.00235136,,161,32,124,879,0.0,0.00755437,0.0075361,0.00748437,0.000829628,0.00594784,0.00230636,0.0010263,,165,29,978,9670,0.0,0.0694833,0.0693109,0.0688343,0.00730533,0.0561912,0.0245753,0.00995212,,168,29,942,9176,0.0,0.066936,0.0667783,0.0663248,0.00659914,0.0528403,0.022696,0.0097228,,157,31,204,1452,0.0,0.0128612,0.0128317,0.0127533,0.00142104,0.0101067,0.00396503,0.00172647,,145,30,460,4021,0.0,0.0298896,0.0298243,0.029638,0.00307411,0.0236862,0.00973917,0.00427373,,171,27,3278,36132,0.0,0.239635,0.239041,0.237352,0.0231159,0.195042,0.0869723,0.0363463,,146,30,398,4063,0.0,0.0275393,0.0274794,0.0272957,0.0026631,0.0217388,0.00917083,0.00411138,,182,27,2138,28180,0.0,0.171802,0.171411,0.170224,0.0147784,0.139603,0.0662998,0.0263623,,,,,,
154,31,348,3335,0.0,0.0241214,0.0240662,0.0239082,0.00241392,0.0193652,0.00830731,0.00352654,,167,30,494,4022,0.0,0.0330562,0.0329746,0.0327623,0.00348469,0.0262054,0.0109675,0.00451905,,174,32,98,732,0.0,0.00632782,0.00631284,0.00627571,0.000663054,0.00497666,0.00209814,0.000814461,,190,34,24,188,0.0,0.00159097,0.00159007,0.00158059,0.00018439,0.00127273,0.000524559,0.000218272,,158,29,1072,10250,0.0,0.0781074,0.0779075,0.077381,0.00749264,0.0622976,0.0282704,0.0106191,,147,31,204,1665,0.0,0.0127766,0.0127485,0.0126591,0.00137117,0.0100824,0.00394125,0.00184934,,180,30,432,4218,0.0,0.0294402,0.0293683,0.0291732,0.00295943,0.0235733,0.0100771,0.00428404,,191,32,60,425,0.0,0.00402843,0.00402241,0.00399305,0.000458081,0.00314933,0.00130678,0.000490405,,155,30,510,4885,0.0,0.0348178,0.034738,0.0344906,0.00348264,0.0277284,0.0117646,0.00505551,,186,28,1842,17803,0.0,0.131522,0.13117,0.13027,0.0131942,0.10671,0.0484815,0.0184866,,152,32,88,700,0.0,0.00570027,0.00569104,0.00565744,0.000589515,0.0045364,0.00189667,0.000771226,,187,32,138,1045,0.0,0.0102613,0.0102355,0.0101637,0.00136394,0.00795675,0.00325281,0.00120225,,164,34,12,42,0.0,0.000611245,0.000610775,0.000609115,8.0345e-05,0.000462029,0.000141334,6.9406e-05,,188,33,58,427,0.0,0.00376063,0.00375542,0.00373085,0.00043091,0.00300378,0.00125689,0.000489365,,169,30,492,4884,0.0,0.0350454,0.0349672,0.0347357,0.00345287,0.027896,0.0122495,0.00503566,,160,26,4750,56039,0.0,0.34862,0.347802,0.345336,0.0322746,0.283473,0.126601,0.0547731,,172,35,18,184,0.0,0.00121389,0.00121323,0.00120694,0.000123849,0.0009672,0.000384651,0.000186513,,166,35,2,6,0.0,8.9271e-05,8.9162e-05,8.8907e-05,1.2982e-05,6.2286e-05,1.1691e-05,1.0306e-05,,173,32,114,1146,0.0,0.00835576,0.00833854,0.00827835,0.000816716,0.00678229,0.00304897,0.00119537,,159,33,28,180,0.0,0.00171202,0.00171025,0.00170055,0.00019225,0.00133762,0.000496709,0.000232265,,179,34,24,133,0.0,0.00145965,0.00145873,0.00145089,0.000173913,0.00114884,0.000455593,0.000170654,,177,34,2,18,0.0,0.000126158,0.000126064,0.000124941,1.311e-05,0.000100787,3.4611e-05,2.015e-05,,178,31,206,1742,0.0,0.0140093,0.0139759,0.0138829,0.00147694,0.0111951,0.00483975,0.00189124,,150,27,2932,32322,0.0,0.208642,0.208147,0.206718,0.0197945,0.16911,0.0742062,0.0320588,,170,30,382,3376,0.0,0.026856,0.0267938,0.026616,0.0026217,0.0211883,0.00929197,0.00361101,,153,32,72,750,0.0,0.00494976,0.00494195,0.00490734,0.000476698,0.00399869,0.00169038,0.000769918,,149,35,12,71,0.0,0.000643869,0.000643381,0.000640662,7.6269e-05,0.000485345,0.000148513,8.9961e-05,,151,31,256,2270,0.0,0.0168904,0.0168545,0.0167452,0.0017364,0.0134773,0.00565761,0.00239715,,162,31,246,1988,0.0,0.0162229,0.0161874,0.0160873,0.00175415,0.0128224,0.00509179,0.00227695,,148,31,220,1888,0.0,0.0140465,0.0140205,0.0139141,0.00147527,0.011132,0.00438715,0.00208855,,185,30,534,4632,0.0,0.0374922,0.0373905,0.0371182,0.00424148,0.0302352,0.0131602,0.00500014,,144,26,5800,68414,0.0,0.42909,0.428094,0.425088,0.0398408,0.348162,0.155684,0.0665373,,181,34,4,60,0.0,0.000302426,0.000302227,0.000300707,2.6091e-05,0.000252034,0.000118402,5.0817e-05,,237,1,1,1500000,0.0,4.65453,4.65453,4.58973,0.0056113,4.58969,3.71569,0.868138,,156,33,48,533,0.0,0.00342426,0.00341991,0.00339632,0.000324372,0.00277097,0.00121501,0.000531276,,189,33,34,319,0.0,0.00242114,0.00241816,0.00240106,0.000259605,0.00196647,0.000872909,0.000336921,,163,33,34,338,0.0,0.00233478,0.00233146,0.00231707,0.000228268,0.0018783,0.000808517,0.000343807,,175,34,8,50,0.0,0.000424584,0.000424245,0.000422366,5.1806e-05,0.000322898,9.3647e-05,6.2708e-05,,176,34,8,161,0.0,0.000717454,0.000717013,0.000713215,5.5069e-05,0.00061205,0.000313335,0.00012904,,184,32,102,1012,0.0,0.00807491,0.00805803,0.0080057,0.000727142,0.0063406,0.002969,0.00103507,,161,33,56,329,0.0,0.00322476,0.0032203,0.00320359,0.000370746,0.00250574,0.000943867,0.00040658,,165,30,440,4646,0.0,0.0318105,0.0317393,0.0315209,0.00309925,0.025858,0.0115028,0.00472224,,168,30,482,4505,0.0,0.0339287,0.0338537,0.0336347,0.00337503,0.0266868,0.0115072,0.00478204,,157,32,76,446,0.0,0.0045876,0.00457964,0.00455521,0.00053631,0.00357612,0.00134569,0.000573534,,145,31,208,1790,0.0,0.0135673,0.0135418,0.0134589,0.00139434,0.0107722,0.00439976,0.00195758,,171,28,1876,18776,0.0,0.133103,0.132777,0.13183,0.0132369,0.107702,0.0471435,0.0195783,,146,31,228,1948,0.0,0.0148819,0.014849,0.0147651,0.00152377,0.0116146,0.00470836,0.00207423,,182,28,1222,13913,0.0,0.0878232,0.0876282,0.0870556,0.00825249,0.0701648,0.0307416,0.0134476,,,,,,
154,32,166,1482,0.0,0.0112612,0.0112379,0.0111687,0.00115179,0.00901056,0.00381399,0.00158963,,167,31,204,1602,0.0,0.0134252,0.0133884,0.0133039,0.00142407,0.0106291,0.00441538,0.00181394,,174,33,38,182,0.0,0.00215805,0.00215571,0.00214616,0.000256139,0.00165044,0.000611414,0.000248244,,190,35,14,99,0.0,0.000852161,0.000851638,0.000846243,9.9792e-05,0.000667757,0.000242811,0.000120911,,158,30,560,4893,0.0,0.0396083,0.039501,0.0392562,0.00397637,0.0313418,0.0139363,0.00520225,,147,32,104,773,0.0,0.00627601,0.00626443,0.00622621,0.000680497,0.00492998,0.00188527,0.000875273,,180,31,204,1668,0.0,0.0131249,0.0130952,0.0130053,0.0013919,0.0104027,0.00426163,0.00182367,,191,33,26,203,0.0,0.00173612,0.00173476,0.0017261,0.000195995,0.00137555,0.000591356,0.000213184,,155,31,264,2245,0.0,0.0173334,0.0172929,0.0171778,0.00181043,0.0136958,0.00559868,0.00245252,,186,29,914,8518,0.0,0.0644011,0.0642339,0.063782,0.00663336,0.0521023,0.0232605,0.0089549,,152,33,28,314,0.0,0.00201477,0.00201289,0.00200172,0.000188615,0.00164472,0.000741014,0.000303139,,187,33,58,444,0.0,0.00422307,0.00421607,0.00418462,0.000515542,0.00326057,0.00133946,0.000521373,,225,0,0,0,94.7703,0.0,0.0,0.0,0.0,0.0,0.0,0.0,,188,34,24,226,0.0,0.00162364,0.0016225,0.00161389,0.000173758,0.00131339,0.000556728,0.000227418,,169,31,236,2151,0.0,0.0168823,0.0168422,0.0167256,0.00169272,0.0133533,0.00585602,0.00230895,,160,27,2758,30632,0.0,0.196367,0.195906,0.194572,0.0187458,0.15881,0.0696367,0.0301613,,172,36,10,50,0.0,0.000511656,0.000511309,0.000509288,6.6246e-05,0.000380823,0.000103342,7.0361e-05,,222,0,0,0,95.4226,0.0,0.0,0.0,0.0,0.0,0.0,0.0,,173,33,58,514,0.0,0.00393584,0.00393035,0.00390877,0.000401481,0.00316763,0.00139169,0.000537493,,159,34,12,81,0.0,0.000684731,0.000684323,0.000683109,8.2715e-05,0.000532323,0.00017305,9.5759e-05,,179,35,10,58,0.0,0.000553243,0.000552882,0.000551253,6.8914e-05,0.00042723,0.000156476,6.7279e-05,,177,35,2,5,0.0,8.6223e-05,8.6104e-05,8.5795e-05,1.3065e-05,6.1809e-05,1.1678e-05,1.1177e-05,,178,32,96,785,0.0,0.0063955,0.0063811,0.00633873,0.000664571,0.00510328,0.0021621,0.000862651,,150,28,1594,16333,0.0,0.109001,0.10875,0.108013,0.01066,0.0877632,0.0374125,0.0165866,,170,31,188,1694,0.0,0.0131371,0.013108,0.0130262,0.00128294,0.0103697,0.00452677,0.00176752,,153,33,44,438,0.0,0.00291397,0.00291033,0.00289199,0.000290182,0.00233815,0.000947496,0.00045785,,149,36,4,18,0.0,0.000187876,0.000187716,0.000187368,2.5566e-05,0.00013662,3.0581e-05,2.4246e-05,,151,32,120,1053,0.0,0.00794067,0.00792358,0.00786983,0.000802217,0.0063194,0.00260104,0.00114818,,162,32,88,667,0.0,0.00563609,0.00562677,0.00558782,0.000625129,0.00443932,0.0017399,0.000776708,,148,32,130,926,0.0,0.00779636,0.00778117,0.00773722,0.000878739,0.00610304,0.00230391,0.00107565,,185,31,290,2206,0.0,0.0197259,0.0196763,0.0195492,0.00230038,0.0158055,0.00682135,0.00249068,,144,27,3498,37906,0.0,0.24977,0.24918,0.247504,0.0239082,0.20123,0.0884168,0.0374969,,181,35,2,22,0.0,0.000132579,0.000132438,0.000131183,1.3008e-05,0.000106764,4.0855e-05,2.4763e-05,,237,2,2,1500000,0.0,4.88852,4.88852,4.80672,0.00415523,4.80665,3.93656,0.865411,,156,34,28,323,0.0,0.00199628,0.00199468,0.00198517,0.000183075,0.00162708,0.000723253,0.000305458,,189,34,22,161,0.0,0.00137792,0.00137702,0.00136929,0.000159647,0.00109408,0.000433084,0.000184686,,163,34,16,173,0.0,0.00106416,0.00106331,0.00105585,0.000109927,0.00085467,0.000338095,0.000174189,,175,35,2,15,0.0,0.000110616,0.000110508,0.000109475,1.2915e-05,8.4871e-05,2.1102e-05,2.0738e-05,,176,35,2,102,0.0,0.000306069,0.000305957,0.000304149,1.4279e-05,0.000278904,0.00016271,6.8311e-05,,184,33,48,442,0.0,0.00402931,0.00402297,0.00399503,0.000580843,0.00319086,0.00137093,0.000462633,,161,34,14,108,0.0,0.000851418,0.000850932,0.000845692,9.2897e-05,0.00067382,0.000256651,0.00012644,,165,31,232,2098,0.0,0.0158645,0.0158282,0.0157173,0.00164333,0.012745,0.00541255,0.00225804,,168,31,216,1912,0.0,0.0147848,0.014752,0.0146602,0.00148702,0.011573,0.00493251,0.00205576,,157,33,20,118,0.0,0.00120138,0.00119801,0.00119138,0.000137222,0.000936116,0.000338847,0.000165715,,145,32,90,687,0.0,0.00561847,0.00561035,0.00557755,0.000592709,0.00442149,0.00175743,0.00076444,,171,29,1084,9508,0.0,0.0732827,0.073102,0.0726264,0.00758349,0.0587538,0.0249979,0.0103332,,146,32,98,719,0.0,0.00613019,0.00611791,0.00608262,0.000645398,0.00472254,0.00182811,0.000839864,,182,29,622,6465,0.0,0.0431336,0.0430311,0.0427576,0.00418369,0.0341428,0.0145625,0.00646442,,,,,,
154,33,68,590,0.0,0.00463191,0.00462374,0.00459245,0.00048625,0.00367961,0.00152017,0.000655133,,167,32,76,751,0.0,0.00527145,0.0052625,0.00522097,0.00051897,0.00423862,0.00183007,0.000779372,,174,34,8,22,0.0,0.00039515,0.000394833,0.000393671,5.1609e-05,0.000293556,8.8901e-05,4.1803e-05,,190,36,8,46,0.0,0.000427807,0.000427497,0.000425848,5.647e-05,0.000325827,9.3957e-05,6.1621e-05,,158,31,234,1949,0.0,0.0163499,0.0163096,0.0162039,0.0016677,0.0128558,0.0056248,0.0021231,,147,33,42,385,0.0,0.00268625,0.00268241,0.00266814,0.000274968,0.00214479,0.000870206,0.000397908,,180,32,92,716,0.0,0.00579133,0.00577846,0.00574606,0.000621859,0.0045668,0.0018396,0.000779353,,191,34,10,100,0.0,0.000649675,0.000649292,0.000646373,7.4108e-05,0.000511501,0.000194478,9.9753e-05,,155,32,126,987,0.0,0.00800974,0.00799597,0.00795003,0.000853535,0.00628863,0.00254484,0.00108684,,186,30,484,3835,0.0,0.0322561,0.0321708,0.0319599,0.00344147,0.0258108,0.0111252,0.00429307,,152,34,12,185,0.0,0.000961737,0.000961272,0.000957024,8.0327e-05,0.000798153,0.000322017,0.000208851,,187,34,36,202,0.0,0.00231082,0.00230782,0.00229472,0.000337355,0.00174065,0.000617377,0.000263461,,225,1,1,1500000,0.0,5.06404,5.06404,4.94082,0.00520596,4.94079,3.99423,0.941145,,188,35,12,76,0.0,0.000672768,0.00067226,0.000668348,7.9429e-05,0.00051938,0.000170045,9.2624e-05,,169,32,110,1129,0.0,0.00800215,0.00798476,0.0079383,0.000758386,0.00639663,0.00291237,0.00112011,,160,28,1426,14921,0.0,0.103108,0.102853,0.102161,0.00981037,0.0832343,0.0372204,0.0150122,,172,37,2,11,0.0,0.000112479,0.000112343,0.000111485,1.309e-05,8.5741e-05,1.9785e-05,1.7083e-05,,222,1,1,1500000,0.0,4.75091,4.75091,4.65005,0.00515506,4.65001,3.78416,0.860486,,173,34,20,143,0.0,0.00125997,0.00125909,0.00125156,0.000138412,0.00099813,0.00039217,0.000170933,,214,0,0,0,92.2866,0.0,0.0,0.0,0.0,0.0,0.0,0.0,,179,36,2,12,0.0,9.6154e-05,9.604e-05,9.586e-05,1.3134e-05,7.1481e-05,1.784e-05,1.282e-05,,228,0,0,0,94.7814,0.0,0.0,0.0,0.0,0.0,0.0,0.0,,178,33,42,347,0.0,0.00276371,0.00275903,0.00274264,0.000289774,0.00220419,0.000943105,0.000375759,,150,29,826,8230,0.0,0.0569829,0.0568467,0.056462,0.00556965,0.0458425,0.0197412,0.00844404,,170,32,82,661,0.0,0.00548999,0.00548009,0.00544498,0.000550722,0.00427859,0.00178521,0.000718298,,153,34,24,205,0.0,0.00146631,0.00146523,0.0014569,0.000155643,0.00115893,0.000422515,0.000231845,,199,0,0,0,95.3918,0.0,0.0,0.0,0.0,0.0,0.0,0.0,,151,33,60,445,0.0,0.00377398,0.00376719,0.00374187,0.000401853,0.00297529,0.00117669,0.000529388,,162,33,36,183,0.0,0.00206644,0.00206362,0.0020541,0.000248331,0.00159187,0.00056754,0.000256709,,148,33,44,299,0.0,0.00257886,0.0025769,0.00256175,0.000292005,0.00201135,0.00073093,0.000360813,,185,32,122,925,0.0,0.00848048,0.00846057,0.00840669,0.00102229,0.00681497,0.00296107,0.00103645,,144,28,1848,19224,0.0,0.131013,0.130694,0.129804,0.0126364,0.105262,0.0461667,0.0192786,,181,36,2,19,0.0,0.000114228,0.000114117,0.000112832,1.3227e-05,8.8553e-05,2.4079e-05,2.3948e-05,,237,3,4,1500000,0.0,4.75465,4.75464,4.66313,0.00408406,4.66301,3.79588,0.862161,,156,35,14,105,0.0,0.000830636,0.000830085,0.000825106,9.2421e-05,0.000647678,0.000225037,0.000122821,,189,35,12,58,0.0,0.000640289,0.00063985,0.000636945,8.6987e-05,0.000488849,0.000145396,8.3e-05,,163,35,12,130,0.0,0.000762022,0.000761523,0.000755646,7.6742e-05,0.000605539,0.000209518,0.000136232,,175,36,2,9,0.0,9.5315e-05,9.5168e-05,9.4877e-05,1.2856e-05,6.9523e-05,1.1431e-05,1.4152e-05,,176,36,2,60,0.0,0.00020442,0.000204318,0.000201947,1.436e-05,0.00017613,7.9061e-05,5.0677e-05,,184,34,20,214,0.0,0.00155563,0.0015546,0.00154576,0.000169931,0.00122179,0.000522133,0.000211288,,161,35,8,32,0.0,0.000375213,0.000374923,0.000373443,5.0689e-05,0.000276235,6.8888e-05,4.9843e-05,,165,32,118,1166,0.0,0.00850006,0.00848227,0.008432,0.000826393,0.00690678,0.00311971,0.00119929,,168,32,90,935,0.0,0.00665199,0.0066409,0.00659832,0.000622102,0.00528889,0.00236047,0.000968014,,157,34,8,24,0.0,0.000380121,0.000379788,0.00037892,5.2245e-05,0.000278226,7.1004e-05,4.4459e-05,,145,33,36,197,0.0,0.00201619,0.00201459,0.00200675,0.000236527,0.00154599,0.000566323,0.000244247,,171,30,480,4001,0.0,0.0317265,0.0316501,0.0314291,0.00335964,0.0253032,0.0105252,0.00445387,,146,33,38,268,0.0,0.00232752,0.00232426,0.0023099,0.000250043,0.00179224,0.000675097,0.00031829,,182,30,286,3070,0.0,0.0201663,0.0201233,0.0199886,0.00195173,0.0160492,0.00692114,0.00303153,,,,,,
154,34,32,232,0.0,0.00208871,0.00208593,0.00207399,0.000225137,0.00165354,0.000668209,0.000277549,,167,33,50,375,0.0,0.00318407,0.00317866,0.00315908,0.000338087,0.00252035,0.00104072,0.00043571,,223,0,0,0,93.539,0.0,0.0,0.0,0.0,0.0,0.0,0.0,,190,37,2,9,0.0,0.000100278,0.000100186,9.9659e-05,1.3495e-05,7.4642e-05,1.575e-05,1.3431e-05,,158,32,98,866,0.0,0.00691386,0.0068988,0.00684905,0.000695824,0.0054803,0.0023528,0.000952727,,147,34,18,108,0.0,0.000991872,0.000991192,0.000985823,0.000119365,0.000767168,0.000250295,0.000138954,,180,33,32,232,0.0,0.00197378,0.00197263,0.00196153,0.000214056,0.00154847,0.00060264,0.000270025,,191,35,4,6,0.0,0.000176749,0.000176564,0.000176021,2.8761e-05,0.000122726,2.5116e-05,1.38e-05,,155,33,48,346,0.0,0.00299393,0.0029904,0.00297212,0.000325449,0.00233921,0.000930718,0.00039913,,186,31,218,1775,0.0,0.0145486,0.0145146,0.0144169,0.00154575,0.0116405,0.00502311,0.00195201,,152,35,6,64,0.0,0.000378886,0.000378568,0.000375634,3.8646e-05,0.000299648,0.000102375,7.3245e-05,,187,35,12,74,0.0,0.00073347,0.000733032,0.00073026,0.000103518,0.000550204,0.00018971,8.5365e-05,,225,2,2,1500000,0.0,4.77621,4.77621,4.67021,0.00402334,4.67015,3.80201,0.863639,,188,36,6,42,0.0,0.000316442,0.000316193,0.000314624,3.9313e-05,0.000241177,7.2891e-05,4.8355e-05,,169,33,38,359,0.0,0.00264107,0.00263787,0.00261666,0.000262745,0.00210227,0.00090568,0.00038372,,160,29,726,7403,0.0,0.0531447,0.0530116,0.0526334,0.00554293,0.042951,0.0189934,0.00752687,,172,38,2,8,0.0,8.9551e-05,8.9456e-05,8.9054e-05,1.3303e-05,6.2968e-05,9.551e-06,1.1346e-05,,222,2,2,1500000,0.0,4.90539,4.90538,4.83681,0.00459444,4.83675,3.97234,0.859305,,173,35,10,61,0.0,0.000563912,0.000563493,0.00056053,6.7231e-05,0.000434515,0.000136689,7.8221e-05,,214,1,1,1500000,0.0,5.01872,5.01872,4.92371,0.00493137,4.92367,4.05539,0.863117,,231,0,0,0,94.7851,0.0,0.0,0.0,0.0,0.0,0.0,0.0,,228,1,1,1500000,0.0,4.8269,4.8269,4.75974,0.00545478,4.75971,3.87956,0.874465,,178,34,20,115,0.0,0.00114153,0.00114024,0.00113527,0.000136502,0.000882958,0.000312182,0.000142524,,150,30,418,3874,0.0,0.0284501,0.0283861,0.0281929,0.00280538,0.0227843,0.00983879,0.00403034,,170,33,32,267,0.0,0.00211997,0.00211795,0.00210711,0.000213804,0.00167587,0.000718449,0.000278411,,153,35,16,88,0.0,0.00080708,0.000806441,0.000802767,0.000102221,0.000606752,0.000167618,0.000115941,,199,1,1,1500000,0.0,4.14574,4.14574,4.07296,0.00480825,4.07294,3.21924,0.848706,,151,34,30,226,0.0,0.00188094,0.00187933,0.00186879,0.000198399,0.00149185,0.000602184,0.000258515,,162,34,8,44,0.0,0.000437245,0.000436931,0.000434985,5.309e-05,0.000333071,0.000108198,5.6951e-05,,148,34,20,98,0.0,0.00104271,0.00104193,0.00103769,0.000128864,0.000790892,0.000245217,0.000136838,,185,33,44,343,0.0,0.00301639,0.00301327,0.0029949,0.000363194,0.00242633,0.00104927,0.00037741,,144,29,996,9450,0.0,0.0666358,0.0664823,0.0660318,0.00676613,0.0530364,0.021982,0.00984873,,181,37,2,8,0.0,0.000102646,0.000102535,0.000101329,1.3169e-05,7.7083e-05,1.4268e-05,1.6048e-05,,237,4,8,1500000,0.0,4.55947,4.55947,4.47092,0.0045086,4.47072,3.60386,0.861083,,156,36,8,40,0.0,0.000398685,0.000398381,0.000396943,5.1799e-05,0.000296876,7.2208e-05,5.5976e-05,,189,36,4,17,0.0,0.000191205,0.000191023,0.000190569,2.874e-05,0.000141609,3.1301e-05,2.3835e-05,,163,36,12,67,0.0,0.000607694,0.000607182,0.000603042,7.7149e-05,0.000452138,0.000109707,9.2097e-05,,208,0,0,0,95.4675,0.0,0.0,0.0,0.0,0.0,0.0,0.0,,176,37,4,60,0.0,0.000270527,0.000270369,0.000267477,2.6295e-05,0.000216937,7.2677e-05,5.7917e-05,,184,35,10,74,0.0,0.000623846,0.000623422,0.000621661,7.2819e-05,0.000465185,0.000162914,7.865e-05,,161,36,2,10,0.0,9.6089e-05,9.5995e-05,9.5727e-05,1.5773e-05,7.1461e-05,1.5415e-05,1.1831e-05,,165,33,42,417,0.0,0.00294601,0.00294141,0.00291885,0.000285322,0.00237001,0.00104938,0.000421283,,168,33,38,427,0.0,0.00288321,0.00287948,0.00286226,0.000271733,0.00231615,0.00103503,0.000434467,,213,0,0,0,93.1216,0.0,0.0,0.0,0.0,0.0,0.0,0.0,,145,34,6,20,0.0,0.000281895,0.000281644,0.000281042,3.7949e-05,0.000205017,5.3995e-05,3.2262e-05,,171,31,236,1750,0.0,0.0153202,0.0152885,0.0151815,0.00165341,0.0121413,0.00494732,0.00205557,,146,34,18,113,0.0,0.00103241,0.00103179,0.00102804,0.000115938,0.000778357,0.000269702,0.000137664,,182,31,158,1347,0.0,0.0103569,0.0103365,0.0102748,0.00105354,0.00807366,0.00330135,0.00146385,,,,,,
154,35,14,70,0.0,0.000773358,0.000772867,0.000769609,9.1067e-05,0.000596645,0.000206643,9.7481e-05,,167,34,20,125,0.0,0.0011805,0.00117968,0.00117395,0.000134305,0.000920854,0.000349036,0.000153239,,223,1,1,1500000,0.0,4.53246,4.53246,4.46126,0.00507601,4.46122,3.59563,0.860286,,235,0,0,0,93.9753,0.0,0.0,0.0,0.0,0.0,0.0,0.0,,158,33,52,472,0.0,0.00370842,0.00370345,0.00367647,0.000367329,0.00295081,0.00130251,0.000504142,,147,35,6,59,0.0,0.00034444,0.000344217,0.000342704,3.8455e-05,0.000269647,9.0173e-05,5.6798e-05,,180,34,14,73,0.0,0.000761357,0.000760852,0.000757758,9.2459e-05,0.000582391,0.000193111,9.9338e-05,,234,0,0,0,93.2075,0.0,0.0,0.0,0.0,0.0,0.0,0.0,,155,34,18,164,0.0,0.00115779,0.00115713,0.00115155,0.000123578,0.00091837,0.000367756,0.000168364,,186,32,98,734,0.0,0.00648676,0.00647506,0.00643434,0.000703774,0.00519416,0.00221277,0.000844547,,152,36,4,57,0.0,0.000236088,0.000235924,0.000234532,2.5753e-05,0.000183779,5.2419e-05,4.8173e-05,,187,36,2,14,0.0,0.000127689,0.000127603,0.00012592,1.6246e-05,9.5235e-05,2.0799e-05,2.014e-05,,225,3,4,1500000,0.0,4.77296,4.77296,4.69485,0.00458796,4.69475,3.82755,0.861807,,188,37,2,18,0.0,0.000103489,0.000103392,0.000103165,1.3181e-05,7.8833e-05,2.1226e-05,1.7044e-05,,169,34,22,259,0.0,0.00156449,0.0015631,0.00155677,0.000147756,0.00126117,0.000559523,0.000228689,,160,30,406,3434,0.0,0.0273116,0.0272417,0.0270712,0.00278079,0.021713,0.00931578,0.0037029,,212,0,0,0,92.2101,0.0,0.0,0.0,0.0,0.0,0.0,0.0,,222,3,4,1500000,0.0,4.72631,4.72631,4.65777,0.00443844,4.65765,3.79546,0.856885,,173,36,4,19,0.0,0.000192751,0.000192579,0.000192106,2.6426e-05,0.000141679,3.4953e-05,2.4931e-05,,214,2,2,1500000,0.0,4.71287,4.71286,4.64834,0.00410307,4.64828,3.77911,0.864582,,231,1,1,1500000,0.0,4.89728,4.89728,4.82695,0.00536634,4.82692,3.95591,0.865421,,228,2,2,1500000,0.0,4.80796,4.80796,4.73436,0.00391012,4.7343,3.83776,0.892159,,178,35,6,18,0.0,0.000285716,0.000285454,0.00028469,3.8552e-05,0.000204577,5.2949e-05,3.0804e-05,,150,31,188,1866,0.0,0.0132268,0.013198,0.0131096,0.0012617,0.0106628,0.00472084,0.00190685,,170,34,12,93,0.0,0.00074453,0.0007441,0.000739133,7.7517e-05,0.000572607,0.000209923,0.000107754,,153,36,6,26,0.0,0.000277211,0.000276962,0.00027564,4.1031e-05,0.000202874,4.0206e-05,3.8827e-05,,199,2,2,1500000,0.0,4.94241,4.94241,4.84234,0.00384611,4.84229,3.98187,0.856134,,151,35,14,96,0.0,0.000796592,0.000796113,0.000792538,9.0428e-05,0.000617567,0.000214572,0.00011093,,162,35,2,5,0.0,9.4279e-05,9.4175e-05,9.3972e-05,1.3126e-05,6.9054e-05,1.2525e-05,1.185e-05,,148,35,6,24,0.0,0.000278045,0.000277826,0.000277074,4.1277e-05,0.000203755,5.1284e-05,3.125e-05,,185,34,14,101,0.0,0.000906103,0.000905523,0.000900985,0.000122464,0.000724038,0.000287868,0.000113854,,144,30,522,4540,0.0,0.0343142,0.0342347,0.0340105,0.0035471,0.0271946,0.0112239,0.00483985,,181,38,2,5,0.0,8.4263e-05,8.4153e-05,8.3735e-05,1.3049e-05,5.8955e-05,8.441e-06,9.47e-06,,237,5,16,1500000,0.0,4.49971,4.4997,4.41695,0.00523926,4.41657,3.56225,0.847107,,156,37,2,10,0.0,9.4124e-05,9.4023e-05,9.3794e-05,1.2635e-05,6.9366e-05,1.4805e-05,1.1896e-05,,233,0,0,0,94.7569,0.0,0.0,0.0,0.0,0.0,0.0,0.0,,163,37,6,24,0.0,0.000279701,0.000279448,0.000278759,3.8157e-05,0.000200655,3.9016e-05,3.7055e-05,,208,1,1,1500000,0.0,4.27143,4.27143,4.20657,0.00491295,4.20655,3.31935,0.882098,,176,38,6,58,0.0,0.000305978,0.000305728,0.000305168,4.0392e-05,0.000229522,5.4155e-05,5.0404e-05,,184,36,2,8,0.0,0.000100457,0.000100356,0.000100171,1.296e-05,7.063e-05,1.6757e-05,1.1124e-05,,210,0,0,0,90.4432,0.0,0.0,0.0,0.0,0.0,0.0,0.0,,165,34,22,233,0.0,0.00156806,0.00156672,0.00155861,0.000152608,0.00127175,0.000551531,0.000233262,,168,34,14,253,0.0,0.00121247,0.00121193,0.00120884,9.4354e-05,0.00101146,0.000491413,0.000215875,,213,1,1,1500000,0.0,4.5817,4.5817,4.48753,0.00497859,4.4875,3.62133,0.860998,,196,0,0,0,94.0785,0.0,0.0,0.0,0.0,0.0,0.0,0.0,,171,32,122,803,0.0,0.00750038,0.00748386,0.00744181,0.000846929,0.00589451,0.00230988,0.000941644,,146,35,4,29,0.0,0.000216089,0.000215928,0.000214844,2.5421e-05,0.000163236,4.6626e-05,3.3414e-05,,182,32,70,612,0.0,0.00464777,0.0046393,0.00460708,0.000468141,0.00363923,0.0014772,0.000664871,,,,,,
154,36,4,25,0.0,0.000210692,0.000210535,0.000209426,2.604e-05,0.000160671,4.6027e-05,3.1337e-05,,167,35,6,29,0.0,0.00030279,0.000302525,0.000300857,3.8595e-05,0.000223969,5.9455e-05,4.0967e-05,,223,2,2,1500000,0.0,4.67749,4.67749,4.58942,0.00372029,4.58936,3.72382,0.861294,,235,1,1,1500000,0.0,5.14039,5.14039,5.05911,0.00547125,5.05908,4.18756,0.865826,,158,34,28,254,0.0,0.00199762,0.00199596,0.00198374,0.000194151,0.00160027,0.000718642,0.000269555,,147,36,2,19,0.0,0.000112138,0.000111921,0.000110946,1.2573e-05,8.6303e-05,2.2362e-05,2.1419e-05,,180,35,4,14,0.0,0.000192245,0.000192064,0.000190852,2.555e-05,0.000140253,3.1089e-05,2.6086e-05,,234,1,1,1500000,0.0,4.66673,4.66673,4.56313,0.00587977,4.5631,3.69367,0.863289,,155,35,6,38,0.0,0.000327894,0.000327657,0.000325933,3.9279e-05,0.000247496,7.4225e-05,4.5827e-05,,186,33,40,250,0.0,0.00248954,0.00248546,0.00247178,0.00028942,0.00196443,0.0008064,0.000302365,,152,37,2,27,0.0,0.000128088,0.000127991,0.00012619,1.2697e-05,0.000101211,2.9274e-05,2.9301e-05,,187,37,4,14,0.0,0.000194106,0.000193929,0.000193193,3.1098e-05,0.000132828,2.377e-05,2.0595e-05,,225,4,8,1500000,0.0,4.60854,4.60853,4.5184,0.00442389,4.5182,3.62281,0.889676,,232,0,0,0,94.1631,0.0,0.0,0.0,0.0,0.0,0.0,0.0,,169,35,6,19,0.0,0.000300727,0.000300508,0.000299818,3.8927e-05,0.00021491,5.5812e-05,3.4015e-05,,160,31,176,1423,0.0,0.0115088,0.0114822,0.0114165,0.00117813,0.00912691,0.00383821,0.00154718,,212,1,1,1500000,0.0,4.7667,4.76669,4.68727,0.00527284,4.68724,3.81941,0.862354,,222,4,8,1500000,0.0,4.6328,4.6328,4.55696,0.00481018,4.55675,3.70146,0.849161,,220,0,0,0,94.6334,0.0,0.0,0.0,0.0,0.0,0.0,0.0,,214,3,4,1500000,0.0,4.67916,4.67915,4.5933,0.00452769,4.59319,3.70984,0.877993,,231,2,2,1500000,0.0,4.80255,4.80255,4.71832,0.00390157,4.71826,3.85239,0.861498,,228,3,4,1500000,0.0,4.81897,4.81897,4.73233,0.00468834,4.73222,3.85557,0.871143,,224,0,0,0,93.5431,0.0,0.0,0.0,0.0,0.0,0.0,0.0,,150,32,94,923,0.0,0.00661242,0.0066014,0.00655594,0.000623951,0.00532094,0.00236812,0.000937385,,170,35,8,37,0.0,0.000391861,0.000391569,0.000389977,5.1019e-05,0.000280737,6.8276e-05,5.0348e-05,,153,37,2,4,0.0,8.2066e-05,8.1971e-05,8.1649e-05,1.2627e-05,5.7675e-05,9.787e-06,8.407e-06,,199,3,4,1500000,0.0,4.81668,4.81668,4.73547,0.00440791,4.73536,3.87249,0.85756,,151,36,4,24,0.0,0.000210404,0.000210226,0.000208905,2.6146e-05,0.000159195,4.2237e-05,3.3167e-05,,211,0,0,0,94.5862,0.0,0.0,0.0,0.0,0.0,0.0,0.0,,197,0,0,0,88.8387,0.0,0.0,0.0,0.0,0.0,0.0,0.0,,185,35,4,35,0.0,0.000250635,0.000250466,0.000248067,3.1272e-05,0.000198439,6.9021e-05,3.9576e-05,,144,31,256,2042,0.0,0.0165564,0.0165186,0.0164067,0.00175713,0.0130469,0.00530516,0.00226159,,226,0,0,0,95.0861,0.0,0.0,0.0,0.0,0.0,0.0,0.0,,237,6,32,1500000,0.0,4.38452,4.38451,4.29884,0.00638753,4.29814,3.46499,0.823893,,206,0,0,0,88.5986,0.0,0.0,0.0,0.0,0.0,0.0,0.0,,233,1,1,1500000,0.0,4.90394,4.90394,4.82285,0.00560004,4.82282,3.95319,0.863786,,205,0,0,0,94.7168,0.0,0.0,0.0,0.0,0.0,0.0,0.0,,208,2,2,1500000,0.0,4.85352,4.85352,4.76415,0.00383961,4.76409,3.89471,0.865084,,230,0,0,0,95.9892,0.0,0.0,0.0,0.0,0.0,0.0,0.0,,239,0,0,0,93.127,0.0,0.0,0.0,0.0,0.0,0.0,0.0,,210,1,1,1500000,0.0,4.64793,4.64793,4.51907,0.00482439,4.51905,3.65485,0.859182,,165,35,10,76,0.0,0.000603977,0.00060361,0.000601383,6.7437e-05,0.000474291,0.000159823,8.8445e-05,,168,35,2,3,0.0,0.000101923,0.00010182,0.000101307,1.7643e-05,7.3966e-05,1.5138e-05,9.009e-06,,213,2,2,1500000,0.0,4.53905,4.53904,4.47227,0.00418238,4.47221,3.60259,0.864995,,196,1,1,1500000,0.0,4.00544,4.00544,3.92048,0.00458439,3.92046,3.0696,0.846107,,171,33,40,182,0.0,0.00216017,0.00215745,0.0021481,0.000269189,0.00165426,0.000588893,0.000250986,,146,36,2,7,0.0,8.9337e-05,8.9214e-05,8.8988e-05,1.2971e-05,6.3512e-05,1.1201e-05,1.2424e-05,,182,33,40,281,0.0,0.00243346,0.00243077,0.00241953,0.000265898,0.00186973,0.000718387,0.000320673,,,,,,
154,37,2,9,0.0,9.361e-05,9.3501e-05,9.2663e-05,1.2844e-05,6.8616e-05,1.3502e-05,1.5356e-05,,167,36,2,9,0.0,8.9038e-05,8.894e-05,8.8607e-05,1.3106e-05,6.4137e-05,1.1023e-05,1.0802e-05,,223,3,4,1500000,0.0,4.74252,4.74251,4.63854,0.00451493,4.63844,3.77213,0.860904,,235,2,2,1500000,0.0,4.65461,4.6546,4.59158,0.00404163,4.59153,3.72601,0.861038,,158,35,16,95,0.0,0.000958528,0.000957898,0.000951899,0.000106862,0.000736869,0.000267822,0.000125771,,147,37,2,16,0.0,9.4679e-05,9.454e-05,9.4163e-05,1.2664e-05,6.933e-05,1.3997e-05,1.6236e-05,,180,36,2,6,0.0,8.7301e-05,8.7195e-05,8.6904e-05,1.2608e-05,6.1618e-05,1.1526e-05,1.014e-05,,234,2,2,1500000,0.0,4.75936,4.75936,4.67344,0.00417153,4.67338,3.80727,0.861431,,155,36,2,23,0.0,0.000123393,0.000123308,0.000122314,1.269e-05,9.6683e-05,2.9871e-05,2.3035e-05,,186,34,10,82,0.0,0.000634209,0.000633759,0.000629478,7.0181e-05,0.0005051,0.000188082,9.7461e-05,,152,38,4,27,0.0,0.000189838,0.000189668,0.000189081,2.5778e-05,0.000139033,2.2654e-05,3.1112e-05,,238,0,0,0,94.4099,0.0,0.0,0.0,0.0,0.0,0.0,0.0,,225,5,16,1500000,0.0,4.57719,4.57718,4.48868,0.00525456,4.4883,3.63688,0.844166,,232,1,1,1500000,0.0,4.8614,4.8614,4.7661,0.00534701,4.76606,3.89535,0.86509,,221,0,0,0,94.5176,0.0,0.0,0.0,0.0,0.0,0.0,0.0,,160,32,66,558,0.0,0.00435249,0.00434356,0.00431652,0.000444598,0.00346071,0.0014492,0.00059284,,212,2,2,1500000,0.0,4.9598,4.9598,4.84523,0.00428047,4.84517,3.9668,0.873632,,222,5,16,1500000,0.0,4.53387,4.53386,4.43917,0.00552055,4.43879,3.59735,0.833928,,220,1,1,1500000,0.0,4.40169,4.40169,4.33547,0.00503291,4.33544,3.46835,0.861839,,214,4,8,1500000,0.0,4.61294,4.61293,4.53367,0.0048076,4.53346,3.66729,0.85997,,231,3,4,1500000,0.0,4.67754,4.67754,4.60175,0.00400258,4.60164,3.73515,0.861696,,228,4,8,1500000,0.0,4.69296,4.69295,4.61684,0.00481067,4.61664,3.75115,0.859404,,224,1,1,1500000,0.0,4.93576,4.93576,4.87015,0.00522315,4.87012,3.74573,1.11895,,150,33,50,489,0.0,0.00351232,0.00350802,0.00348495,0.000344903,0.00283278,0.00124361,0.0005008,,170,36,2,6,0.0,9.275e-05,9.2503e-05,9.2216e-05,1.2651e-05,6.4652e-05,1.4103e-05,9.878e-06,,198,0,0,0,96.0719,0.0,0.0,0.0,0.0,0.0,0.0,0.0,,199,4,8,1500000,0.0,4.9102,4.91019,4.82299,0.00574607,4.82277,3.77563,1.03978,,151,37,2,6,0.0,8.7409e-05,8.731e-05,8.6867e-05,1.2744e-05,6.2338e-05,1.2083e-05,9.863e-06,,211,1,1,1500000,0.0,4.3995,4.3995,4.33217,0.00493199,4.33214,3.46679,0.860208,,197,1,1,1500000,0.0,4.26019,4.26019,4.20481,0.00435108,4.20479,3.35169,0.848572,,185,36,4,15,0.0,0.000197228,0.000197044,0.00019646,2.8756e-05,0.000143991,3.3031e-05,2.302e-05,,144,32,122,819,0.0,0.00752555,0.00751157,0.00746651,0.000818438,0.0058668,0.00228284,0.000982104,,226,1,1,1500000,0.0,4.83398,4.83398,4.70192,0.00509314,4.70189,3.83359,0.863011,,237,7,64,1500000,0.0,4.30639,4.30636,4.22403,0.00756937,4.22271,3.32708,0.88416,,206,1,1,1500000,0.0,4.40054,4.40054,4.33607,0.00461807,4.33604,3.47139,0.859854,,233,2,2,1500000,0.0,4.63925,4.63925,4.57147,0.00432074,4.57141,3.70597,0.860653,,205,1,1,1500000,0.0,4.78124,4.78124,4.71389,0.00482425,4.71386,3.84406,0.864771,,208,3,4,1500000,0.0,5.00555,5.00554,4.92915,0.00480991,4.92904,4.0584,0.864957,,230,1,1,1500000,0.0,5.33665,5.33665,5.26692,0.00538957,5.26689,4.39143,0.869823,,239,1,1,1500000,0.0,4.84315,4.84315,4.77265,0.00551789,4.77262,3.90124,0.865621,,210,2,2,1500000,0.0,4.6572,4.6572,4.58702,0.00413875,4.58696,3.72014,0.862211,,165,36,2,35,0.0,0.000143907,0.000143818,0.000142551,1.3316e-05,0.000117319,4.1292e-05,3.1818e-05,,216,0,0,0,95.6607,0.0,0.0,0.0,0.0,0.0,0.0,0.0,,213,3,4,1500000,0.0,4.6929,4.6929,4.59812,0.00450475,4.59801,3.72931,0.863345,,196,2,2,1500000,0.0,4.56668,4.56668,4.48044,0.00326156,4.4804,3.62108,0.855718,,171,34,6,38,0.0,0.000332144,0.000331911,0.000331265,3.8594e-05,0.000258477,8.9904e-05,4.3938e-05,,192,0,0,0,96.8051,0.0,0.0,0.0,0.0,0.0,0.0,0.0,,182,34,10,105,0.0,0.000648845,0.00064847,0.000643629,6.5357e-05,0.000510117,0.000186201,0.000110378,,,,,,
154,38,2,5,0.0,8.6857e-05,8.6763e-05,8.6588e-05,1.2982e-05,6.2247e-05,8.291e-06,9.252e-06,,219,0,0,0,93.1535,0.0,0.0,0.0,0.0,0.0,0.0,0.0,,223,4,8,1500000,0.0,4.71861,4.7186,4.6276,0.00490211,4.62739,3.76138,0.859695,,235,3,4,1500000,0.0,4.61453,4.61453,4.53782,0.00404432,4.53771,3.67403,0.858842,,158,36,8,29,0.0,0.000403195,0.000402898,0.000402166,5.4298e-05,0.000290131,8.1419e-05,4.3131e-05,,195,0,0,0,93.1336,0.0,0.0,0.0,0.0,0.0,0.0,0.0,,209,0,0,0,95.0326,0.0,0.0,0.0,0.0,0.0,0.0,0.0,,234,3,4,1500000,0.0,4.60545,4.60545,4.53825,0.0043274,4.53814,3.67231,0.860704,,155,37,2,5,0.0,8.7662e-05,8.7564e-05,8.7383e-05,1.2997e-05,6.0833e-05,9.39e-06,1.1328e-05,,186,35,8,52,0.0,0.000440524,0.000440179,0.000438686,5.4856e-05,0.000340137,0.000110079,6.2317e-05,,204,0,0,0,94.1462,0.0,0.0,0.0,0.0,0.0,0.0,0.0,,238,1,1,1500000,0.0,5.05524,5.05524,4.98921,0.00549204,4.98918,3.86452,1.11892,,225,6,32,1500000,0.0,4.37567,4.37566,4.29229,0.00656957,4.29157,3.4621,0.819921,,232,2,2,1500000,0.0,4.79389,4.79389,4.72127,0.00426498,4.72122,3.85402,0.862409,,221,1,1,1500000,0.0,4.8787,4.8787,4.8121,0.00491264,4.81207,3.70298,1.10396,,160,33,20,185,0.0,0.00134482,0.00134377,0.00133539,0.000137061,0.00107734,0.00044818,0.000197216,,212,3,4,1500000,0.0,4.97688,4.97688,4.88923,0.00455656,4.88911,3.99172,0.891958,,222,6,32,1500000,0.0,4.423,4.42298,4.33985,0.00659982,4.33913,3.49537,0.83423,,220,2,2,1500000,0.0,4.81964,4.81964,4.73593,0.00385299,4.73586,3.87025,0.861276,,214,5,16,1500000,0.0,4.53123,4.53122,4.44712,0.00564426,4.44674,3.55853,0.880514,,231,4,8,1500000,0.0,4.77691,4.77691,4.6903,0.00498158,4.6901,3.8255,0.858275,,228,5,16,1500000,0.0,4.6573,4.65729,4.56078,0.00555885,4.56041,3.6203,0.93255,,224,2,2,1500000,0.0,4.64573,4.64573,4.57273,0.00407706,4.57267,3.70435,0.863755,,150,34,26,244,0.0,0.00174779,0.00174643,0.00173741,0.000170187,0.00139865,0.000589386,0.000249466,,203,0,0,0,96.4997,0.0,0.0,0.0,0.0,0.0,0.0,0.0,,198,1,1,1500000,0.0,4.09101,4.09101,4.03064,0.0044423,4.03062,3.17947,0.846543,,199,5,16,1500000,0.0,4.6583,4.65829,4.57588,0.00583519,4.57549,3.71671,0.850764,,202,0,0,0,95.5115,0.0,0.0,0.0,0.0,0.0,0.0,0.0,,211,2,2,1500000,0.0,4.95758,4.95758,4.89081,0.0034035,4.89075,4.02497,0.861884,,197,2,2,1500000,0.0,4.58494,4.58494,4.51101,0.0035539,4.51096,3.64906,0.857941,,236,0,0,0,93.5869,0.0,0.0,0.0,0.0,0.0,0.0,0.0,,144,33,48,248,0.0,0.00273355,0.00273144,0.00271798,0.000318861,0.00209914,0.000762439,0.000332138,,226,2,2,1500000,0.0,4.64314,4.64314,4.54058,0.00402031,4.54052,3.67451,0.861521,,237,8,128,1500000,0.0,4.06243,4.06239,3.98267,0.00942252,3.98026,3.13885,0.826537,,206,2,2,1500000,0.0,4.77157,4.77157,4.66948,0.00391932,4.66942,3.80347,0.861551,,233,3,4,1500000,0.0,4.73143,4.73143,4.65495,0.0042285,4.65485,3.78994,0.859869,,205,2,2,1500000,0.0,4.58396,4.58395,4.51735,0.00384529,4.51729,3.64677,0.866208,,208,4,8,1500000,0.0,4.71083,4.71083,4.61224,0.00517431,4.61204,3.73998,0.865627,,230,2,2,1500000,0.0,4.48906,4.48906,4.40512,0.00407917,4.40506,3.53716,0.86336,,239,2,2,1500000,0.0,4.95193,4.95193,4.85105,0.00415796,4.85099,3.9841,0.862259,,210,3,4,1500000,0.0,4.79276,4.79276,4.71205,0.00397335,4.71193,3.84453,0.862614,,165,37,2,25,0.0,0.000118878,0.000118787,0.000117661,1.3448e-05,9.235e-05,2.4539e-05,2.5544e-05,,216,1,1,1500000,0.0,4.23911,4.23911,4.17102,0.00484982,4.17099,3.29644,0.8695,,213,4,8,1500000,0.0,4.62725,4.62724,4.53635,0.00484668,4.53615,3.67165,0.858249,,196,3,4,1500000,0.0,4.98803,4.98802,4.90542,0.00499661,4.90531,4.03591,0.863517,,218,0,0,0,92.7237,0.0,0.0,0.0,0.0,0.0,0.0,0.0,,192,1,1,1500000,0.0,4.68817,4.68817,4.62519,0.00435989,4.62517,3.74215,0.878485,,182,35,10,59,0.0,0.000519869,0.000519511,0.000518373,6.3487e-05,0.000376474,9.8754e-05,7.539e-05,,,,,,
215,0,0,0,94.4204,0.0,0.0,0.0,0.0,0.0,0.0,0.0,,219,1,1,1500000,0.0,4.24501,4.24501,4.16594,0.00479678,4.1659,3.3021,0.858799,,223,5,16,1500000,0.0,4.52106,4.52105,4.44605,0.00525534,4.44566,3.57441,0.86393,,235,4,8,1500000,0.0,4.71755,4.71754,4.63035,0.00471954,4.63015,3.76947,0.854558,,227,0,0,0,94.768,0.0,0.0,0.0,0.0,0.0,0.0,0.0,,195,1,1,1500000,0.0,4.18773,4.18773,4.10395,0.00424569,4.10393,3.25173,0.847793,,209,1,1,1500000,0.0,4.54689,4.54689,4.477,0.00500946,4.47697,3.60964,0.862118,,234,4,8,1500000,0.0,4.77943,4.77943,4.70228,0.0045424,4.70208,3.84188,0.854324,,207,0,0,0,94.0512,0.0,0.0,0.0,0.0,0.0,0.0,0.0,,186,36,2,6,0.0,9.7265e-05,9.7174e-05,9.6886e-05,1.2878e-05,7.2291e-05,1.6515e-05,1.1863e-05,,204,1,1,1500000,0.0,4.2749,4.2749,4.20885,0.00493032,4.20883,3.34669,0.857019,,238,2,2,1500000,0.0,4.95335,4.95335,4.88759,0.00388094,4.88754,3.89314,0.989983,,225,7,64,1500000,0.0,4.21987,4.21984,4.13764,0.00804054,4.13631,3.28448,0.839876,,232,3,4,1500000,0.0,4.7173,4.7173,4.63702,0.00439783,4.63691,3.77116,0.860478,,221,2,2,1500000,0.0,5.12649,5.12649,5.04308,0.00387525,5.04302,4.03589,1.00276,,160,34,10,81,0.0,0.000606231,0.000605899,0.000600224,6.4706e-05,0.000468838,0.00015224,0.000101009,,212,4,8,1500000,0.0,4.62513,4.62512,4.54268,0.00465967,4.54248,3.67648,0.86003,,222,7,64,1500000,0.0,4.17095,4.17093,4.08771,0.0082082,4.08636,3.26964,0.804453,,220,3,4,1500000,0.0,4.75662,4.75661,4.66609,0.00452153,4.66598,3.80237,0.858256,,214,6,32,1500000,0.0,4.41783,4.41782,4.33599,0.00647765,4.33527,3.49339,0.832314,,231,5,16,1500000,0.0,4.58757,4.58756,4.49978,0.00544446,4.49941,3.64958,0.842263,,228,6,32,1500000,0.0,4.43821,4.4382,4.35584,0.00677307,4.35514,3.47589,0.869493,,224,3,4,1500000,0.0,4.71896,4.71896,4.62193,0.00446358,4.62182,3.75578,0.860773,,150,35,10,122,0.0,0.000674531,0.000674159,0.000669786,6.4301e-05,0.00053744,0.000213634,0.000115766,,203,1,1,1500000,0.0,4.57814,4.57814,4.51383,0.00498626,4.5138,3.65214,0.856477,,198,2,2,1500000,0.0,4.95359,4.95359,4.88492,0.00365431,4.88487,4.02163,0.859192,,199,6,32,1500000,0.0,4.44605,4.44603,4.35671,0.00765694,4.35596,3.53334,0.81162,,202,1,1,1500000,0.0,4.50048,4.50048,4.43647,0.00496642,4.43644,3.57829,0.852981,,211,3,4,1500000,0.0,4.69372,4.69372,4.60759,0.0044559,4.60747,3.74136,0.860813,,197,3,4,1500000,0.0,4.76918,4.76918,4.67662,0.00426476,4.67651,3.80914,0.862196,,236,1,1,1500000,0.0,5.09149,5.09149,5.0246,0.00534386,5.02456,4.15152,0.867453,,144,34,12,62,0.0,0.000660624,0.000660195,0.00065792,7.9315e-05,0.000505598,0.000173763,8.3951e-05,,226,3,4,1500000,0.0,4.91808,4.91807,4.82531,0.00460201,4.8252,3.80676,1.01306,,237,9,256,1500000,0.0,4.09735,4.09726,4.02113,0.0132469,4.0165,3.14432,0.850004,,206,3,4,1500000,0.0,4.82179,4.82178,4.74802,0.00471598,4.74791,3.88037,0.861942,,233,4,8,1500000,0.0,4.60113,4.60112,4.52953,0.00423326,4.52933,3.66891,0.854758,,205,3,4,1500000,0.0,4.8606,4.8606,4.77635,0.00474239,4.77624,3.90578,0.864819,,208,5,16,1500000,0.0,4.62806,4.62805,4.53518,0.00548364,4.53479,3.67229,0.854965,,230,3,4,1500000,0.0,4.63834,4.63834,4.55899,0.00454768,4.55888,3.69245,0.86113,,239,3,4,1500000,0.0,4.61425,4.61425,4.52814,0.0043975,4.52803,3.66572,0.857133,,210,4,8,1500000,0.0,4.63106,4.63105,4.54195,0.00490767,4.54175,3.67889,0.856646,,165,38,2,14,0.0,0.000110161,0.000110069,0.000108951,1.3389e-05,8.3577e-05,1.8577e-05,1.7933e-05,,216,2,2,1500000,0.0,4.91218,4.91218,4.82843,0.00431127,4.82837,3.96174,0.861881,,213,5,16,1500000,0.0,4.50706,4.50705,4.41651,0.00544669,4.41613,3.57032,0.838267,,196,4,8,1500000,0.0,4.96238,4.96238,4.86807,0.00607002,4.86785,3.99515,0.864949,,218,1,1,1500000,0.0,5.23659,5.23659,5.16703,0.00533593,5.167,3.67102,1.49043,,192,2,2,1500000,0.0,4.1465,4.1465,4.08767,0.00234489,4.08764,3.25289,0.832062,,200,0,0,0,95.0397,0.0,0.0,0.0,0.0,0.0,0.0,0.0,,,,,,
215,1,1,1500000,0.0,4.68807,4.68807,4.62283,0.00485343,4.6228,3.75753,0.860223,,219,2,2,1500000,0.0,5.23033,5.23033,5.12677,0.00417313,5.12671,3.86443,1.25761,,223,6,32,1500000,0.0,4.38041,4.38039,4.29618,0.00653653,4.29544,3.42741,0.858474,,235,5,16,1500000,0.0,4.40844,4.40843,4.33085,0.00542193,4.33048,3.48431,0.838767,,227,1,1,1500000,0.0,4.83529,4.83529,4.77098,0.00532961,4.77095,3.62469,1.14069,,195,2,2,1500000,0.0,4.62682,4.62682,4.55393,0.00296792,4.55389,3.69148,0.859084,,209,2,2,1500000,0.0,4.98696,4.98696,4.90185,0.00356665,4.90179,4.03352,0.86423,,234,5,16,1500000,0.0,4.60253,4.60253,4.51082,0.00501988,4.51044,3.66041,0.842875,,207,1,1,1500000,0.0,4.41057,4.41057,4.30804,0.00477512,4.30801,3.44194,0.861096,,229,0,0,0,95.016,0.0,0.0,0.0,0.0,0.0,0.0,0.0,,204,2,2,1500000,0.0,4.76664,4.76664,4.68686,0.00382072,4.68681,3.81853,0.863965,,238,3,4,1500000,0.0,4.65466,4.65466,4.55786,0.00407793,4.55775,3.69686,0.855995,,225,8,128,1500000,0.0,4.12342,4.12338,4.0446,0.00946054,4.04212,3.16836,0.858686,,232,4,8,1500000,0.0,4.56296,4.56295,4.47638,0.00455413,4.47619,3.61471,0.855639,,221,3,4,1500000,0.0,4.73351,4.73351,4.63232,0.00440013,4.63221,3.73875,0.888209,,160,35,10,47,0.0,0.000494494,0.000494116,0.000492949,6.3784e-05,0.000366102,9.759e-05,6.5323e-05,,212,5,16,1500000,0.0,4.63501,4.635,4.53799,0.00540026,4.53761,3.64981,0.880414,,222,8,128,1500000,0.0,4.13611,4.13608,4.05837,0.00953699,4.0558,3.15574,0.884851,,220,4,8,1500000,0.0,4.77552,4.77552,4.6899,0.00507288,4.6897,3.83165,0.851665,,214,7,64,1500000,0.0,4.28191,4.28188,4.20002,0.00791543,4.19867,3.34115,0.845566,,231,6,32,1500000,0.0,4.37612,4.37611,4.29768,0.00679503,4.29697,3.46555,0.821723,,228,7,64,1500000,0.0,4.27438,4.27436,4.19099,0.00807563,4.18968,3.3206,0.85701,,224,4,8,1500000,0.0,4.70872,4.70872,4.61484,0.00471403,4.61464,3.75346,0.855024,,150,36,6,72,0.0,0.000386781,0.000386545,0.000383308,3.8435e-05,0.000306245,0.000103271,7.1473e-05,,203,2,2,1500000,0.0,4.8611,4.8611,4.79116,0.00387602,4.79109,3.92207,0.864684,,198,3,4,1500000,0.0,4.7874,4.7874,4.69663,0.00461095,4.69651,3.82453,0.866524,,199,7,64,1500000,0.0,4.25454,4.25451,4.17146,0.00914143,4.17001,3.35065,0.80569,,202,2,2,1500000,0.0,4.69381,4.69381,4.60711,0.00375456,4.60706,3.74346,0.859387,,211,4,8,1500000,0.0,4.78563,4.78562,4.70321,0.0049884,4.70301,3.83716,0.859393,,197,4,8,1500000,0.0,4.72594,4.72593,4.64244,0.00531152,4.64222,3.77259,0.86265,,236,2,2,1500000,0.0,4.57046,4.57045,4.47416,0.00422375,4.4741,3.60445,0.864975,,144,35,2,15,0.0,0.000105112,0.000104955,0.000104028,1.2799e-05,7.8906e-05,1.815e-05,1.9079e-05,,226,4,8,1500000,0.0,4.53551,4.53551,4.4565,0.00478989,4.4563,3.5938,0.856453,,237,10,512,1500000,0.0,4.08951,4.08936,4.01268,0.0199939,4.00377,3.09795,0.869784,,206,4,8,1500000,0.0,4.61717,4.61716,4.53323,0.0050283,4.53302,3.66713,0.859407,,233,5,16,1500000,0.0,4.56077,4.56076,4.46757,0.00548675,4.4672,3.61803,0.841496,,205,4,8,1500000,0.0,4.80794,4.80794,4.72144,0.00503756,4.72122,3.85359,0.861117,,208,6,32,1500000,0.0,4.66483,4.66482,4.58195,0.00757619,4.58122,3.58651,0.984011,,230,4,8,1500000,0.0,4.60346,4.60345,4.52455,0.00459194,4.52436,3.66201,0.856435,,239,4,8,1500000,0.0,4.52356,4.52356,4.43855,0.00433479,4.43835,3.57824,0.854538,,210,5,16,1500000,0.0,4.56796,4.56795,4.48429,0.00552674,4.48391,3.62746,0.848999,,165,39,2,6,0.0,8.7555e-05,8.7459e-05,8.7232e-05,1.331e-05,6.1525e-05,7.885e-06,9.933e-06,,216,3,4,1500000,0.0,4.86163,4.86163,4.78853,0.00414399,4.78842,3.92445,0.859028,,213,6,32,1500000,0.0,4.42107,4.42105,4.33507,0.00720872,4.33435,3.49073,0.83337,,196,5,16,1500000,0.0,4.80583,4.80583,4.72051,0.00627147,4.72011,3.86369,0.847803,,218,2,2,1500000,0.0,5.24607,5.24607,5.17859,0.00443972,5.17853,3.83054,1.34307,,192,3,4,1500000,0.0,4.5338,4.5338,4.44919,0.00351793,4.44912,3.59777,0.847135,,200,1,1,1500000,0.0,4.37727,4.37727,4.28277,0.00456372,4.28275,3.38242,0.89559,,,,,,
215,2,2,1500000,0.0,4.75227,4.75226,4.68406,0.00438899,4.68401,3.81682,0.862316,,219,3,4,1500000,0.0,4.76225,4.76224,4.68585,0.00457761,4.68575,3.61477,1.06561,,223,7,64,1500000,0.0,4.23285,4.23282,4.15368,0.00797595,4.1523,3.29736,0.842952,,235,6,32,1500000,0.0,4.53207,4.53206,4.45006,0.00650842,4.44937,3.48449,0.95537,,227,2,2,1500000,0.0,4.68534,4.68534,4.61804,0.00424324,4.61798,3.74815,0.865075,,195,3,4,1500000,0.0,4.79387,4.79386,4.72162,0.00465816,4.7215,3.85143,0.864496,,209,3,4,1500000,0.0,4.86933,4.86933,4.78317,0.00440356,4.78305,3.89336,0.884457,,234,6,32,1500000,0.0,4.50612,4.5061,4.42563,0.00621366,4.4249,3.48757,0.928263,,207,2,2,1500000,0.0,4.87751,4.87751,4.77829,0.00368338,4.77823,3.91131,0.862742,,229,1,1,1500000,0.0,4.61851,4.61851,4.5463,0.00531509,4.54626,3.67612,0.864585,,204,3,4,1500000,0.0,4.80137,4.80136,4.71771,0.0039642,4.7176,3.8487,0.864052,,238,4,8,1500000,0.0,4.59109,4.59108,4.51301,0.00437535,4.51281,3.65409,0.853026,,225,9,256,1500000,0.0,4.03595,4.03586,3.96227,0.0124633,3.95757,3.1038,0.832158,,232,5,16,1500000,0.0,4.5312,4.53119,4.45343,0.00517228,4.45307,3.60936,0.836507,,221,4,8,1500000,0.0,4.76922,4.76921,4.68547,0.00469111,4.68525,3.7978,0.881295,,201,0,0,0,95.3266,0.0,0.0,0.0,0.0,0.0,0.0,0.0,,212,6,32,1500000,0.0,4.37503,4.37502,4.29235,0.00679254,4.29162,3.45178,0.830192,,222,9,256,1500000,0.0,4.01545,4.01537,3.94058,0.0123743,3.9357,3.08886,0.825357,,220,5,16,1500000,0.0,4.58004,4.58003,4.49075,0.00562408,4.49037,3.64337,0.839382,,214,8,128,1500000,0.0,4.19342,4.19338,4.11633,0.00943997,4.11382,3.2061,0.892544,,231,7,64,1500000,0.0,4.3071,4.30708,4.22612,0.00794408,4.22479,3.36957,0.843362,,228,8,128,1500000,0.0,4.1345,4.13446,4.0555,0.00944838,4.05308,3.18294,0.855242,,224,5,16,1500000,0.0,4.5006,4.5006,4.41238,0.00533609,4.41199,3.56828,0.836318,,150,37,6,64,0.0,0.000344715,0.000344497,0.000343201,3.8638e-05,0.000267614,7.5039e-05,5.9532e-05,,203,3,4,1500000,0.0,4.95148,4.95147,4.85415,0.00495739,4.85404,3.98236,0.865777,,198,4,8,1500000,0.0,4.83567,4.83566,4.74151,0.00567594,4.7413,3.87092,0.863194,,199,8,128,1500000,0.0,4.13858,4.13854,4.05655,0.0110984,4.05384,3.19355,0.842884,,202,3,4,1500000,0.0,4.96469,4.96469,4.87837,0.00405741,4.87826,4.01382,0.859492,,211,5,16,1500000,0.0,4.79145,4.79145,4.70299,0.0057601,4.7026,3.57157,1.12322,,197,5,16,1500000,0.0,4.63178,4.63178,4.54414,0.00602831,4.54374,3.69257,0.842939,,236,3,4,1500000,0.0,4.62316,4.62316,4.53814,0.0041302,4.53804,3.67012,0.863085,,144,36,2,8,0.0,8.9303e-05,8.897e-05,8.8731e-05,1.3096e-05,6.4273e-05,1.2121e-05,1.1094e-05,,226,5,16,1500000,0.0,4.58719,4.58718,4.49565,0.00555779,4.49528,3.64888,0.838806,,237,11,1024,1500000,0.0,4.1102,4.10993,4.03629,0.02938,4.01953,3.05009,0.911,,206,5,16,1500000,0.0,4.55303,4.55302,4.47167,0.00533615,4.47128,3.57845,0.885525,,233,6,32,1500000,0.0,4.45187,4.45186,4.36331,0.00658017,4.36261,3.53373,0.819282,,205,5,16,1500000,0.0,4.60851,4.6085,4.52334,0.00579011,4.52296,3.6634,0.851573,,208,7,64,1500000,0.0,4.39486,4.39483,4.30684,0.00853793,4.30549,3.37637,0.916396,,230,5,16,1500000,0.0,4.61234,4.61233,4.5244,0.00543877,4.52403,3.67409,0.84236,,239,5,16,1500000,0.0,4.55427,4.55426,4.47678,0.00500217,4.4764,3.62886,0.840586,,210,6,32,1500000,0.0,4.4011,4.40108,4.31824,0.00659834,4.31752,3.48316,0.824974,,217,0,0,0,95.0375,0.0,0.0,0.0,0.0,0.0,0.0,0.0,,216,4,8,1500000,0.0,4.65462,4.65462,4.57672,0.00458968,4.57652,3.71877,0.851835,,213,7,64,1500000,0.0,4.29984,4.29981,4.21932,0.00842458,4.21797,3.25132,0.954118,,196,6,32,1500000,0.0,4.62247,4.62245,4.54222,0.00745813,4.54146,3.58025,0.950556,,218,3,4,1500000,0.0,5.14656,5.14656,5.05825,0.0042926,5.05814,3.94988,1.10313,,192,4,8,1500000,0.0,4.99439,4.99438,4.89513,0.00568336,4.8949,4.02889,0.858698,,200,2,2,1500000,0.0,4.66089,4.66089,4.5677,0.00374273,4.56765,3.69109,0.872432,,,,,,
215,3,4,1500000,0.0,4.68395,4.68395,4.5693,0.00445736,4.56919,3.6942,0.8697,,219,4,8,1500000,0.0,4.70026,4.70025,4.61723,0.00463331,4.61704,3.75507,0.855965,,223,8,128,1500000,0.0,4.11096,4.11093,4.03342,0.00942801,4.03081,3.16071,0.855118,,235,7,64,1500000,0.0,4.28073,4.28071,4.19395,0.00758282,4.19263,3.35758,0.823717,,227,3,4,1500000,0.0,4.69814,4.69813,4.63089,0.0041693,4.63078,3.76358,0.862182,,195,4,8,1500000,0.0,4.90746,4.90745,4.82189,0.00580557,4.82167,3.94974,0.864417,,209,4,8,1500000,0.0,4.78281,4.7828,4.68994,0.00520627,4.68972,3.81881,0.864434,,234,7,64,1500000,0.0,4.2796,4.27958,4.20086,0.00758344,4.19947,3.36621,0.821626,,207,3,4,1500000,0.0,4.81846,4.81846,4.74928,0.00441241,4.74916,3.88074,0.863104,,229,2,2,1500000,0.0,5.12148,5.12148,5.01281,0.00402717,5.01275,4.07818,0.930055,,204,4,8,1500000,0.0,4.77925,4.77925,4.69628,0.00535492,4.69607,3.82845,0.860778,,238,5,16,1500000,0.0,4.44913,4.44912,4.3657,0.00488142,4.3653,3.51794,0.840507,,225,10,512,1500000,0.0,4.20947,4.20932,4.13599,0.0187218,4.12706,3.16895,0.922914,,232,6,32,1500000,0.0,4.39994,4.39992,4.31755,0.00615718,4.31683,3.42787,0.879992,,221,5,16,1500000,0.0,4.63963,4.63962,4.54447,0.00514221,4.54408,3.69195,0.844781,,201,1,1,1500000,0.0,4.21496,4.21496,4.15178,0.0048314,4.15176,3.29336,0.853385,,212,7,64,1500000,0.0,4.22318,4.22315,4.1428,0.00761455,4.14146,3.30647,0.823486,,222,10,512,1500000,0.0,4.06896,4.06882,3.99576,0.0182442,3.98652,3.06681,0.885319,,220,6,32,1500000,0.0,4.48556,4.48554,4.40445,0.00723143,4.40373,3.55235,0.841273,,214,9,256,1500000,0.0,4.07928,4.07918,4.0037,0.0120186,3.999,3.11451,0.863215,,231,8,128,1500000,0.0,4.12905,4.12901,4.04998,0.00935935,4.04754,3.20687,0.825726,,228,9,256,1500000,0.0,4.05359,4.05349,3.97944,0.0128742,3.97484,3.1046,0.84839,,224,6,32,1500000,0.0,4.37426,4.37425,4.2939,0.00665122,4.29319,3.46093,0.822599,,150,38,2,3,0.0,8.8529e-05,8.8437e-05,8.8134e-05,1.243e-05,6.2548e-05,9.355e-06,8.257e-06,,203,4,8,1500000,0.0,4.85488,4.85488,4.75541,0.00555456,4.7552,3.88564,0.862467,,198,5,16,1500000,0.0,4.75594,4.75593,4.67476,0.00595927,4.67436,3.77807,0.888105,,199,9,256,1500000,0.0,3.99203,3.99195,3.91772,0.0128929,3.91255,3.06558,0.824201,,202,4,8,1500000,0.0,5.22133,5.22132,5.14091,0.00548412,5.1407,3.88536,1.24822,,211,6,32,1500000,0.0,4.41403,4.41402,4.3315,0.00666282,4.33079,3.47655,0.844528,,197,6,32,1500000,0.0,4.42994,4.42993,4.33926,0.00752839,4.33851,3.504,0.823978,,236,4,8,1500000,0.0,4.59621,4.5962,4.50589,0.00422336,4.5057,3.64319,0.857144,,193,0,0,0,94.4712,0.0,0.0,0.0,0.0,0.0,0.0,0.0,,226,6,32,1500000,0.0,4.5104,4.51038,4.42393,0.00653903,4.42323,3.58163,0.832317,,237,12,2020,1499804,0.0,4.17358,4.17309,4.10543,0.0424651,4.07457,2.96585,1.01584,,206,6,32,1500000,0.0,4.38542,4.38541,4.30728,0.00658458,4.30654,3.46957,0.827521,,233,7,64,1500000,0.0,4.25795,4.25792,4.1753,0.00753203,4.17397,3.34664,0.815759,,205,6,32,1500000,0.0,4.41147,4.41146,4.33034,0.00692211,4.32961,3.49748,0.821975,,208,8,128,1500000,0.0,4.08712,4.08708,4.00913,0.00992867,4.00663,3.18131,0.809832,,230,6,32,1500000,0.0,4.54661,4.5466,4.45655,0.00632217,4.45586,3.4851,0.961482,,239,6,32,1500000,0.0,4.51326,4.51325,4.42718,0.00605398,4.42646,3.52308,0.894475,,210,7,64,1500000,0.0,4.18643,4.18641,4.10639,0.00773607,4.10504,3.27933,0.814152,,217,1,1,1500000,0.0,4.83877,4.83877,4.77552,0.00516178,4.77549,3.89752,0.872591,,216,5,16,1500000,0.0,4.55758,4.55757,4.47219,0.005518,4.4718,3.63831,0.825958,,213,8,128,1500000,0.0,4.0185,4.01846,3.9405,0.00964118,3.938,3.09073,0.832027,,196,7,64,1500000,0.0,4.31328,4.31326,4.22909,0.00956247,4.22764,3.35538,0.858214,,218,4,8,1500000,0.0,4.90495,4.90494,4.82663,0.00411235,4.82643,3.62956,1.19153,,192,5,16,1500000,0.0,5.06491,5.0649,4.97276,0.00777016,4.97232,4.10666,0.855009,,200,3,4,1500000,0.0,4.90044,4.90043,4.8255,0.00477284,4.82537,3.94501,0.874726,,,,,,
215,4,8,1500000,0.0,4.7998,4.79979,4.71763,0.00498139,4.71743,3.81547,0.895625,,219,5,16,1500000,0.0,4.497,4.497,4.41693,0.0055429,4.41655,3.57005,0.838904,,223,9,256,1500000,0.0,3.98829,3.9882,3.91468,0.0121787,3.90982,3.06256,0.825976,,235,8,126,1499977,0.0,4.14658,4.14654,4.06862,0.00907766,4.0662,3.21539,0.836276,,227,4,8,1500000,0.0,4.68729,4.68729,4.59897,0.00444236,4.59876,3.73611,0.856794,,195,5,16,1500000,0.0,4.77857,4.77857,4.69406,0.00685742,4.69366,3.83099,0.853392,,209,5,16,1500000,0.0,4.57747,4.57747,4.48929,0.00597026,4.48891,3.63843,0.842469,,234,8,128,1500000,0.0,4.13789,4.13784,4.06296,0.00920574,4.06039,3.21969,0.826024,,207,4,8,1500000,0.0,4.67078,4.67077,4.57586,0.00492821,4.57565,3.70999,0.859291,,229,3,4,1500000,0.0,4.5762,4.5762,4.50081,0.00433041,4.50071,3.61907,0.876541,,204,5,16,1500000,0.0,4.59261,4.5926,4.50172,0.00534277,4.50133,3.65282,0.841071,,238,6,32,1500000,0.0,4.41806,4.41805,4.33557,0.0059556,4.33484,3.43031,0.895736,,225,11,1024,1500000,0.0,4.10678,4.10651,4.03488,0.0284913,4.01793,3.04058,0.919572,,232,7,64,1500000,0.0,4.29682,4.29679,4.21627,0.00752388,4.21495,3.31218,0.891369,,221,6,32,1500000,0.0,4.41256,4.41254,4.32949,0.0062755,4.32874,3.44526,0.874155,,201,2,2,1500000,0.0,4.76883,4.76883,4.66997,0.00383431,4.66992,3.80409,0.861564,,212,8,128,1500000,0.0,4.05466,4.05462,3.97881,0.00898721,3.97631,3.14951,0.812382,,222,11,1022,1499958,0.0,4.11415,4.11387,4.04076,0.0278582,4.02316,3.03786,0.92855,,220,7,64,1500000,0.0,4.22691,4.22689,4.14552,0.0081617,4.1442,3.31185,0.82032,,214,10,512,1500000,0.0,4.0527,4.05255,3.97826,0.0176205,3.96942,3.07542,0.860157,,231,9,256,1500000,0.0,4.08983,4.08973,4.01512,0.0128362,4.01049,3.13752,0.851001,,228,10,512,1500000,0.0,4.06721,4.06706,3.99241,0.0192577,3.9836,3.07955,0.868788,,224,7,64,1500000,0.0,4.23855,4.23852,4.15911,0.00830675,4.15776,3.29556,0.849829,,194,0,0,0,95.2342,0.0,0.0,0.0,0.0,0.0,0.0,0.0,,203,5,16,1500000,0.0,4.7043,4.70429,4.6052,0.00603159,4.60479,3.66215,0.934544,,198,6,32,1500000,0.0,4.46458,4.46456,4.37497,0.00761702,4.37422,3.54453,0.819135,,199,10,512,1500000,0.0,4.02601,4.02587,3.95378,0.0169239,3.94409,3.04614,0.864038,,202,5,16,1500000,0.0,4.61294,4.61293,4.52121,0.00619783,4.52082,3.67666,0.83581,,211,7,64,1500000,0.0,4.20458,4.20456,4.11596,0.00851418,4.11461,3.28657,0.815439,,197,7,64,1500000,0.0,4.26707,4.26704,4.18704,0.00911873,4.18556,3.32838,0.843845,,236,5,16,1500000,0.0,4.48058,4.48058,4.38816,0.00519277,4.38779,3.53494,0.845815,,193,1,1,1500000,0.0,4.62903,4.62903,4.56148,0.004693,4.56146,3.46428,1.0923,,226,7,64,1500000,0.0,4.19993,4.19991,4.12013,0.00805426,4.11883,3.29855,0.808372,,237,13,3856,1497657,0.0,4.22176,4.2209,4.15672,0.0608947,4.1002,2.87929,1.07527,,206,7,64,1500000,0.0,4.23679,4.23677,4.15257,0.00803356,4.15119,3.32391,0.81528,,233,8,128,1500000,0.0,4.12921,4.12917,4.04955,0.00921212,4.0471,3.19053,0.841723,,205,7,64,1500000,0.0,4.26623,4.26621,4.18273,0.00858137,4.18135,3.30283,0.865657,,208,9,256,1500000,0.0,4.20763,4.20756,4.13065,0.0124739,4.12593,3.2435,0.860646,,230,7,64,1500000,0.0,4.31464,4.31461,4.23132,0.00786541,4.23001,3.38421,0.833989,,239,7,64,1500000,0.0,4.29871,4.29868,4.21757,0.00734784,4.21623,3.33508,0.869989,,210,8,128,1500000,0.0,4.09243,4.09239,4.01666,0.00918426,4.01416,3.14669,0.852828,,217,2,2,1500000,0.0,4.77041,4.7704,4.70097,0.00431175,4.70091,3.83345,0.862662,,216,6,32,1500000,0.0,4.42261,4.42259,4.33467,0.00707632,4.33392,3.51138,0.812598,,213,9,256,1500000,0.0,3.99524,3.99517,3.92246,0.0119731,3.91772,3.07255,0.824015,,196,8,128,1500000,0.0,4.04131,4.04127,3.96501,0.0112555,3.96235,3.1192,0.825698,,218,5,16,1500000,0.0,4.36015,4.36015,4.28251,0.00496915,4.28214,3.44561,0.829748,,192,6,32,1500000,0.0,4.75181,4.75179,4.66095,0.0095964,4.66012,3.74715,0.899751,,200,4,8,1500000,0.0,4.82127,4.82126,4.72822,0.00554167,4.72799,3.84323,0.877756,,,,,,
215,5,16,1500000,0.0,4.713,4.71299,4.62608,0.00553018,4.6257,3.60761,1.01046,,219,6,32,1500000,0.0,4.38422,4.3842,4.30205,0.00656086,4.30132,3.46158,0.830397,,223,10,512,1500000,0.0,4.03102,4.03087,3.95761,0.0178852,3.94841,3.05755,0.856944,,235,9,252,1499977,0.0,4.0893,4.08922,4.01556,0.0128443,4.01099,3.15258,0.836751,,227,5,16,1500000,0.0,4.55494,4.55493,4.46643,0.00557427,4.46604,3.6185,0.839835,,195,6,32,1500000,0.0,4.50013,4.50011,4.40901,0.00738696,4.40825,3.581,0.816655,,209,6,32,1500000,0.0,4.56237,4.56236,4.47513,0.007241,4.4744,3.62667,0.837437,,234,9,256,1500000,0.0,4.09683,4.09675,4.02014,0.0129776,4.01524,3.12553,0.867765,,207,5,16,1500000,0.0,4.79205,4.79204,4.69322,0.00574066,4.69284,3.72697,0.957928,,229,4,8,1500000,0.0,4.73743,4.73742,4.63639,0.00441344,4.63619,3.70903,0.92144,,204,6,32,1500000,0.0,4.44097,4.44096,4.35033,0.00702414,4.34961,3.5186,0.820972,,238,7,64,1500000,0.0,4.30101,4.30098,4.21955,0.00714574,4.21811,3.31125,0.895962,,225,12,2016,1499669,0.0,4.15557,4.15508,4.08746,0.0420163,4.05626,2.97214,0.991522,,232,8,128,1500000,0.0,4.13563,4.13559,4.06143,0.00895188,4.059,3.18728,0.857405,,221,7,64,1500000,0.0,4.25497,4.25495,4.17132,0.00791122,4.16991,3.34402,0.813917,,201,3,4,1500000,0.0,4.91799,4.91799,4.81621,0.00464331,4.8161,3.94701,0.863607,,212,9,256,1500000,0.0,4.00264,4.00256,3.93222,0.0118136,3.92749,3.06174,0.845038,,222,12,2004,1499444,0.0,4.13017,4.12968,4.05986,0.0408272,4.02749,2.95728,0.97976,,220,8,128,1500000,0.0,4.06702,4.06697,3.98699,0.00953903,3.9845,3.16237,0.807152,,214,11,1022,1499960,0.0,4.13955,4.13928,4.06719,0.0267792,4.05038,3.0706,0.924426,,231,10,512,1500000,0.0,4.10414,4.10399,4.02642,0.0194174,4.01756,3.11728,0.864664,,228,11,1022,1499995,0.0,4.10806,4.1078,4.03503,0.0284795,4.01839,3.04159,0.919698,,224,8,128,1500000,0.0,4.09076,4.09072,4.01428,0.00933106,4.01178,3.16896,0.827826,,194,1,1,1500000,0.0,4.02244,4.02243,3.96478,0.00469206,3.96476,3.11221,0.84769,,203,6,32,1500000,0.0,4.49338,4.49336,4.40475,0.00775217,4.40398,3.57189,0.821156,,198,7,64,1500000,0.0,4.25423,4.2542,4.17513,0.00917543,4.17372,3.29111,0.869294,,199,11,1022,1499977,0.0,4.08938,4.08911,4.01825,0.025451,4.00018,3.02769,0.917278,,202,6,32,1500000,0.0,4.46259,4.46258,4.37615,0.00731221,4.37543,3.55371,0.811203,,211,8,128,1500000,0.0,4.08461,4.08457,4.00364,0.00964411,4.00116,3.10851,0.877422,,197,8,128,1500000,0.0,4.09252,4.09248,4.01349,0.0105392,4.01082,3.17573,0.818241,,236,6,32,1500000,0.0,4.40704,4.40702,4.32585,0.00638699,4.32515,3.48098,0.835193,,193,2,2,1500000,0.0,4.75203,4.75203,4.68948,0.00296796,4.68944,3.6885,0.997568,,226,8,128,1500000,0.0,4.05939,4.05936,3.97789,0.00948139,3.97542,3.12477,0.835648,,237,14,6942,1489254,0.0,4.28417,4.28272,4.22263,0.0850783,4.12335,2.79013,1.11022,,206,8,128,1500000,0.0,4.08818,4.08814,4.00476,0.00939256,4.0022,3.17045,0.816551,,233,9,256,1500000,0.0,4.06217,4.06208,3.98547,0.013033,3.98086,3.10141,0.85727,,205,8,128,1500000,0.0,4.03243,4.03239,3.95507,0.0100902,3.95253,3.12836,0.808405,,208,10,512,1500000,0.0,4.06341,4.06324,3.9896,0.0179616,3.9807,3.08982,0.856569,,230,8,126,1499957,0.0,4.14341,4.14337,4.06711,0.00945423,4.06471,3.24425,0.805474,,239,8,128,1500000,0.0,4.21646,4.21643,4.13764,0.00932622,4.13516,3.24634,0.873967,,210,9,256,1500000,0.0,4.0509,4.05082,3.97564,0.0115943,3.97094,3.12601,0.824351,,217,3,4,1500000,0.0,4.71404,4.71404,4.62558,0.00460735,4.62547,3.75722,0.862771,,216,7,64,1500000,0.0,4.2333,4.23328,4.1521,0.00858298,4.1507,3.30161,0.836602,,213,10,512,1500000,0.0,4.03792,4.03776,3.96506,0.0172622,3.95617,3.03264,0.890274,,196,9,256,1500000,0.0,3.99974,3.99966,3.923,0.0133941,3.91795,3.07011,0.824552,,218,6,32,1500000,0.0,4.45094,4.45092,4.36774,0.00610203,4.36706,3.42327,0.934986,,192,7,64,1500000,0.0,4.40448,4.40444,4.3137,0.0119643,4.31212,3.4724,0.822817,,200,5,16,1500000,0.0,4.85398,4.85398,4.7709,0.00605375,4.77048,3.79626,0.966037,,,,,,
215,6,32,1500000,0.0,4.31846,4.31844,4.23986,0.00668337,4.23914,3.40981,0.81969,,219,7,64,1500000,0.0,4.20084,4.20081,4.12295,0.00798813,4.12157,3.2977,0.811886,,223,11,1024,1500000,0.0,4.06686,4.0666,3.99472,0.0271283,3.97722,3.01424,0.907205,,235,10,496,1499957,0.0,4.1545,4.15434,4.07884,0.0192776,4.06716,3.14959,0.882655,,227,6,32,1500000,0.0,4.40202,4.40201,4.31157,0.00655731,4.31082,3.46511,0.836211,,195,7,64,1500000,0.0,4.34387,4.34385,4.25947,0.00987616,4.25805,3.37299,0.870687,,209,7,64,1500000,0.0,4.31013,4.3101,4.22622,0.00857823,4.22485,3.37709,0.835089,,234,10,512,1500000,0.0,4.15711,4.15694,4.08247,0.0194627,4.07301,3.14701,0.890298,,207,6,32,1500000,0.0,4.5447,4.54469,4.4598,0.00691826,4.45906,3.52941,0.919747,,229,5,16,1500000,0.0,4.52916,4.52915,4.43648,0.00538372,4.43611,3.55571,0.873044,,204,7,64,1500000,0.0,4.22504,4.22502,4.14649,0.00934461,4.14512,3.30979,0.821865,,238,8,128,1500000,0.0,4.12206,4.12202,4.04936,0.008895,4.04672,3.19061,0.841897,,225,13,3878,1498078,0.0,4.21875,4.2179,4.15437,0.0606668,4.09783,2.88292,1.06911,,232,9,256,1500000,0.0,4.05305,4.05299,3.97656,0.012655,3.97202,3.0897,0.860867,,221,8,128,1500000,0.0,4.11588,4.11584,4.03777,0.0094171,4.03512,3.17968,0.840461,,201,4,8,1500000,0.0,4.86983,4.86982,4.78982,0.00554507,4.7896,3.91901,0.86347,,212,10,512,1500000,0.0,4.04909,4.04896,3.97517,0.0174065,3.96623,3.06997,0.863226,,222,13,3824,1497135,0.0,4.1895,4.18866,4.12484,0.0587402,4.06681,2.87167,1.05289,,220,9,256,1500000,0.0,4.00597,4.0059,3.93516,0.012201,3.93051,3.07032,0.838988,,214,12,2008,1499177,0.0,4.13958,4.13911,4.07022,0.0396812,4.03925,2.96738,0.983255,,231,11,1022,1499931,0.0,4.11432,4.11406,4.04136,0.0289056,4.02462,3.05706,0.90969,,228,12,1994,1499614,0.0,4.14704,4.14656,4.0767,0.041551,4.0464,2.96836,0.987369,,224,9,256,1500000,0.0,4.04431,4.04423,3.96865,0.0121912,3.96391,3.11435,0.82817,,194,2,2,1500000,0.0,4.44964,4.44964,4.38424,0.00292773,4.3842,3.52669,0.854212,,203,7,64,1500000,0.0,4.26915,4.26913,4.19014,0.00909416,4.1887,3.32449,0.850685,,198,8,128,1500000,0.0,4.12113,4.12108,4.0419,0.0107717,4.0393,3.15775,0.864804,,199,12,2008,1499480,0.0,4.13574,4.13527,4.06592,0.0392517,4.03203,2.96668,0.975873,,202,7,64,1500000,0.0,4.28785,4.28782,4.20733,0.00909803,4.20597,3.32184,0.870704,,211,9,256,1500000,0.0,3.97309,3.97301,3.89933,0.0121747,3.89462,3.05373,0.819555,,197,9,256,1500000,0.0,4.0113,4.01121,3.93686,0.0125465,3.93178,3.05676,0.85261,,236,7,64,1500000,0.0,4.23588,4.23585,4.15312,0.00729551,4.15179,3.32796,0.812822,,193,3,4,1500000,0.0,5.02682,5.02681,4.91893,0.00429016,4.91882,4.03873,0.874882,,226,9,256,1500000,0.0,4.06069,4.0606,3.98566,0.0125293,3.98096,3.12531,0.833982,,237,15,11676,1465811,0.0,4.40021,4.39787,4.34253,0.117147,4.17872,2.70677,1.13913,,206,9,256,1500000,0.0,4.04469,4.04462,3.96984,0.0115899,3.96501,3.12161,0.822492,,233,10,512,1500000,0.0,4.07994,4.07978,4.00478,0.0195091,3.99592,3.09572,0.864215,,205,9,256,1500000,0.0,3.98917,3.98908,3.91278,0.0122208,3.90796,3.06385,0.822696,,208,11,1020,1499982,0.0,4.11081,4.11053,4.03952,0.0273317,4.02264,3.05028,0.916018,,230,9,248,1499955,0.0,4.10292,4.10284,4.02478,0.0129837,4.0203,3.17074,0.827654,,239,9,256,1500000,0.0,4.1955,4.19541,4.11758,0.0136098,4.11281,3.2273,0.862636,,210,10,512,1500000,0.0,4.04871,4.04856,3.97565,0.0166646,3.96685,3.07592,0.858754,,217,4,8,1500000,0.0,4.75034,4.75034,4.67577,0.00458506,4.67557,3.81235,0.857291,,216,8,128,1500000,0.0,4.14874,4.14869,4.06468,0.0101565,4.06199,3.20589,0.840246,,213,11,1020,1499967,0.0,4.05633,4.05606,3.98471,0.0261444,3.96794,3.00963,0.903744,,196,10,510,1499988,0.0,4.02875,4.0286,3.95587,0.0166499,3.94651,3.05198,0.860832,,218,7,64,1500000,0.0,4.15339,4.15336,4.07455,0.00727771,4.07325,3.25532,0.806867,,192,8,128,1500000,0.0,4.22994,4.2299,4.14654,0.0134636,4.14356,3.2691,0.853875,,200,6,32,1500000,0.0,4.45009,4.45008,4.36012,0.00792547,4.35934,3.52146,0.826998,,,,,,
215,7,64,1500000,0.0,4.21861,4.21858,4.13776,0.00813715,4.13641,3.31203,0.812131,,219,8,128,1500000,0.0,4.02096,4.02092,3.942,0.009402,3.93947,3.10835,0.816192,,223,12,2026,1499614,0.0,4.12084,4.12036,4.05115,0.0401487,4.01859,2.95174,0.977195,,235,11,990,1499951,0.0,4.11487,4.11459,4.04196,0.028412,4.02559,3.05774,0.911555,,227,7,64,1500000,0.0,4.27534,4.27532,4.19692,0.007807,4.19551,3.33918,0.844607,,195,8,128,1500000,0.0,4.09596,4.09592,4.01546,0.0114546,4.01281,3.16449,0.830524,,209,8,128,1500000,0.0,4.11915,4.11911,4.04149,0.00998537,4.03897,3.18243,0.840745,,234,11,1024,1500000,0.0,4.13881,4.13853,4.06561,0.028222,4.04775,3.07878,0.912114,,207,7,64,1500000,0.0,4.29374,4.29371,4.20599,0.00847499,4.20459,3.34046,0.85152,,229,6,32,1500000,0.0,4.40803,4.40802,4.32492,0.00655991,4.32421,3.47886,0.835943,,204,8,128,1500000,0.0,4.03002,4.02997,3.9516,0.0101688,3.94909,3.12455,0.808672,,238,9,256,1500000,0.0,4.03102,4.03096,3.9581,0.0128278,3.95301,3.08268,0.84872,,225,14,6992,1489226,0.0,4.29054,4.28907,4.23006,0.0849219,4.13118,2.7947,1.11345,,232,10,512,1500000,0.0,4.05434,4.05419,3.97868,0.0190167,3.96991,3.07412,0.860813,,221,9,256,1500000,0.0,4.16075,4.16068,4.08608,0.0125474,4.08109,3.22828,0.831037,,201,5,16,1500000,0.0,4.74491,4.7449,4.64818,0.00602186,4.64777,3.78528,0.854317,,212,11,1016,1499678,0.0,4.07855,4.0783,4.00756,0.0265244,3.9907,3.03169,0.904642,,222,14,6830,1488142,0.0,4.27126,4.26982,4.21047,0.0826913,4.11045,2.78939,1.10368,,220,10,512,1500000,0.0,4.03724,4.03709,3.96658,0.0180162,3.95777,3.04488,0.878891,,214,13,3766,1493281,0.0,4.27352,4.27268,4.20701,0.0571304,4.15255,2.96233,1.05137,,231,12,2018,1499603,0.0,4.17874,4.17826,4.10804,0.0422838,4.07713,2.991,0.993565,,228,13,3814,1498077,0.0,4.20211,4.20129,4.13756,0.0595899,4.08254,2.88148,1.05819,,224,10,512,1500000,0.0,4.04582,4.04567,3.97269,0.0180469,3.96372,3.06927,0.860305,,194,3,4,1500000,0.0,4.79685,4.79684,4.70364,0.00475905,4.70354,3.83652,0.861336,,203,8,128,1500000,0.0,4.1242,4.12416,4.04417,0.0106401,4.04148,3.17189,0.853069,,198,9,256,1500000,0.0,4.01604,4.01598,3.94212,0.0127889,3.93723,3.07595,0.83886,,199,13,3822,1497747,0.0,4.21294,4.21209,4.14748,0.0579759,4.08686,2.89353,1.05197,,202,8,128,1500000,0.0,4.05031,4.05027,3.97296,0.0105932,3.97043,3.15127,0.802555,,211,10,512,1500000,0.0,4.02497,4.02482,3.95255,0.0175437,3.94364,3.05305,0.857063,,197,10,512,1500000,0.0,4.00476,4.00463,3.93304,0.0163851,3.92365,3.04156,0.848984,,236,8,128,1500000,0.0,4.168,4.16796,4.09056,0.00908475,4.08812,3.16541,0.908373,,193,4,8,1500000,0.0,4.8967,4.8967,4.80473,0.00610331,4.80452,3.91451,0.882142,,226,10,512,1500000,0.0,4.07032,4.07018,3.9955,0.0186752,3.98655,3.07915,0.872599,,237,16,17720,1415038,0.0,4.47043,4.46697,4.41491,0.157326,4.16967,2.59136,1.11189,,206,10,512,1500000,0.0,4.05675,4.0566,3.98672,0.0165678,3.97775,3.07665,0.868546,,233,11,1020,1499990,0.0,4.1093,4.10902,4.0344,0.0288867,4.01778,3.05706,0.902181,,205,10,512,1500000,0.0,4.03538,4.03524,3.9649,0.0176025,3.95585,3.06047,0.86159,,208,12,2010,1499800,0.0,4.14331,4.14282,4.07531,0.0406595,4.04404,2.96696,0.986347,,230,10,496,1499955,0.0,4.16386,4.16373,4.0879,0.0195812,4.07929,3.12449,0.919251,,239,10,512,1500000,0.0,4.11633,4.11617,4.04025,0.0204246,4.0311,3.13482,0.859463,,210,11,1014,1499957,0.0,4.08351,4.08324,4.01319,0.0257065,3.9966,3.02866,0.914925,,217,5,16,1500000,0.0,4.59704,4.59703,4.51025,0.00578654,4.50987,3.66239,0.839664,,216,9,256,1500000,0.0,4.08032,4.08023,4.0052,0.0131633,4.00006,3.14247,0.835139,,213,12,2012,1499599,0.0,4.11117,4.11067,4.04294,0.0389138,4.01174,2.94496,0.979032,,196,11,1018,1499982,0.0,4.07631,4.07605,4.00736,0.0247024,3.98993,3.02024,0.91526,,218,8,128,1500000,0.0,4.05583,4.05579,3.97904,0.00873885,3.97659,3.15599,0.806377,,192,9,256,1500000,0.0,4.03178,4.03169,3.95397,0.0164977,3.9483,3.08075,0.839703,,200,7,64,1500000,0.0,4.24257,4.24255,4.1585,0.00938695,4.15701,3.33189,0.811584,,,,,,
215,8,126,1499996,0.0,4.08352,4.08348,4.00336,0.00934988,4.00092,3.13675,0.849339,,219,9,256,1500000,0.0,3.9865,3.98643,3.91179,0.0119008,3.90698,3.04409,0.841866,,223,13,3832,1496836,0.0,4.17653,4.17568,4.11157,0.0578675,4.05383,2.87044,1.04286,,235,12,1928,1499264,0.0,4.15675,4.15629,4.08704,0.0406362,4.05739,2.98852,0.980505,,227,8,128,1500000,0.0,4.11179,4.11175,4.0335,0.0094821,4.03089,3.16543,0.85038,,195,9,256,1500000,0.0,4.00995,4.00986,3.93503,0.0131296,3.93001,3.08373,0.823228,,209,9,256,1500000,0.0,4.12449,4.12441,4.0481,0.0126049,4.04335,3.12806,0.893431,,234,12,2018,1499252,0.0,4.16506,4.16457,4.09257,0.0405301,4.05979,2.98617,0.983497,,207,8,128,1500000,0.0,4.10717,4.10713,4.03021,0.00987337,4.02764,3.17059,0.841433,,229,7,64,1500000,0.0,4.27081,4.27079,4.18778,0.00781643,4.18645,3.34247,0.832093,,204,9,256,1500000,0.0,4.01212,4.01204,3.9357,0.0122392,3.93094,3.06008,0.849303,,238,10,512,1500000,0.0,4.05662,4.05645,3.9814,0.0192865,3.97157,3.06766,0.868891,,225,15,11610,1465387,0.0,4.37478,4.37246,4.31777,0.116267,4.15702,2.70237,1.12571,,232,11,1018,1499916,0.0,4.07647,4.07619,4.00439,0.0282436,3.98794,3.03071,0.900532,,221,10,512,1500000,0.0,4.14496,4.1448,4.07207,0.0186273,4.06258,3.15228,0.875492,,201,6,32,1500000,0.0,4.50937,4.50936,4.4164,0.00763676,4.41567,3.5726,0.832309,,212,12,1994,1497803,0.0,4.117,4.11655,4.04898,0.0389796,4.01783,2.95043,0.98062,,222,15,11354,1466560,0.0,4.36889,4.36658,4.31147,0.113399,4.14818,2.69567,1.13099,,220,11,1024,1500000,0.0,4.06271,4.06243,3.98993,0.0272418,3.97317,3.0117,0.905716,,214,14,6644,1474554,0.0,4.23616,4.23474,4.17344,0.0798791,4.08055,2.78873,1.08099,,231,13,3844,1497164,0.0,4.21091,4.21006,4.1458,0.0601623,4.08974,2.89541,1.04992,,228,14,6914,1490295,0.0,4.28141,4.27996,4.22026,0.0839804,4.12335,2.79787,1.10518,,224,11,1022,1499907,0.0,4.07955,4.07927,4.00776,0.0271367,3.99077,3.02412,0.911078,,194,4,8,1500000,0.0,4.949,4.94899,4.83954,0.00585409,4.83932,3.96594,0.865814,,203,9,256,1500000,0.0,4.0305,4.03042,3.95489,0.0130027,3.94978,3.09152,0.835802,,198,10,510,1499993,0.0,4.03488,4.03474,3.96337,0.0167373,3.95426,3.04403,0.876845,,199,14,6906,1489590,0.0,4.29241,4.29096,4.23006,0.0825617,4.12703,2.80889,1.09974,,202,9,256,1500000,0.0,4.12351,4.12343,4.05014,0.0129036,4.0453,3.12421,0.898647,,211,11,1018,1499931,0.0,4.07291,4.07264,4.00298,0.0267798,3.98615,3.01415,0.916688,,197,11,1008,1499773,0.0,4.04738,4.04713,3.97813,0.0239361,3.96104,3.00332,0.90572,,236,9,256,1500000,0.0,4.04138,4.04129,3.9668,0.0128321,3.96219,3.11842,0.822198,,193,5,16,1500000,0.0,4.80733,4.80733,4.72187,0.00710432,4.72146,3.83833,0.873442,,226,11,1020,1499967,0.0,4.11141,4.11115,4.0384,0.0277987,4.02156,3.05268,0.912261,,237,17,24022,1324556,0.0,4.47546,4.47078,4.42389,0.195812,4.09403,2.43664,1.05761,,206,11,1016,1499875,0.0,4.08086,4.08061,4.00993,0.0254174,3.99295,3.03469,0.904936,,233,12,2014,1499745,0.0,4.16793,4.16743,4.09764,0.0417643,4.06713,2.97513,0.999516,,205,11,1022,1499992,0.0,4.09862,4.09837,4.02645,0.02646,4.00943,3.0419,0.912495,,208,13,3822,1497439,0.0,4.22289,4.22205,4.15856,0.0580213,4.10317,2.90612,1.05619,,230,11,990,1499951,0.0,4.17811,4.17785,4.10478,0.0320875,4.08856,3.11602,0.911826,,239,11,1016,1499971,0.0,4.16577,4.16548,4.09263,0.0298692,4.07552,3.07469,0.941597,,210,12,1980,1498921,0.0,4.12321,4.12274,4.05546,0.0381886,4.02489,2.9537,0.986162,,217,6,32,1500000,0.0,4.46965,4.46963,4.38848,0.0070116,4.38777,3.55341,0.824333,,216,10,512,1500000,0.0,4.11543,4.11526,4.04137,0.0190947,4.03161,3.14191,0.854097,,213,13,3804,1496733,0.0,4.1649,4.16407,4.10064,0.056744,4.04553,2.85813,1.04893,,196,12,1994,1499413,0.0,4.13758,4.1371,4.07013,0.0385779,4.03741,2.96959,0.979276,,218,9,256,1500000,0.0,4.122,4.12192,4.0477,0.0119413,4.04306,3.12364,0.898522,,192,10,512,1500000,0.0,4.04012,4.03997,3.96509,0.0193637,3.95447,3.02238,0.893915,,200,8,128,1500000,0.0,4.08995,4.0899,4.00739,0.0109943,4.00465,3.16052,0.827203,,,,,,
215,9,250,1499957,0.0,3.99258,3.99251,3.91911,0.0118454,3.91451,3.07635,0.817452,,219,10,512,1500000,0.0,4.01759,4.01744,3.9432,0.0173867,3.93417,3.03503,0.865886,,223,14,6910,1488270,0.0,4.25152,4.25009,4.19062,0.0817665,4.08989,2.78096,1.09228,,235,13,3644,1496607,0.0,4.20547,4.20464,4.14099,0.057921,4.0872,2.91213,1.0368,,227,9,256,1500000,0.0,4.10116,4.10108,4.02471,0.0127318,4.01969,3.15485,0.842921,,195,10,512,1500000,0.0,4.01261,4.01247,3.93909,0.0165567,3.92969,3.03744,0.858807,,209,10,512,1500000,0.0,4.06409,4.06393,3.99065,0.0184848,3.98164,3.08609,0.86074,,234,13,3806,1496084,0.0,4.25556,4.25473,4.18562,0.0573933,4.12639,2.92352,1.05647,,207,9,256,1500000,0.0,4.06489,4.06483,3.98754,0.0126489,3.98263,3.13936,0.821117,,229,8,128,1500000,0.0,4.10954,4.10949,4.0311,0.009309,4.02864,3.14504,0.868983,,204,10,512,1500000,0.0,4.02597,4.02583,3.95363,0.0171501,3.94469,3.05543,0.855947,,238,11,1022,1499994,0.0,4.07863,4.07833,4.0059,0.0284199,3.98728,3.00911,0.921487,,225,16,17558,1411969,0.0,4.45168,4.44828,4.39761,0.155497,4.15764,2.58682,1.10948,,232,12,2006,1499724,0.0,4.20542,4.20494,4.13666,0.0405871,4.10646,3.00988,1.00645,,221,11,1020,1499962,0.0,4.11094,4.11067,4.03816,0.0279207,4.02012,3.04895,0.914562,,201,7,64,1500000,0.0,4.27656,4.27654,4.19166,0.00879318,4.19026,3.36145,0.815708,,212,13,3734,1494083,0.0,4.15402,4.1532,4.09044,0.0555642,4.03581,2.86932,1.03121,,222,16,17250,1419284,0.0,4.4551,4.45171,4.40072,0.153198,4.15579,2.59344,1.10893,,220,12,2000,1499741,0.0,4.11898,4.11849,4.05075,0.040014,4.01999,2.94407,0.986862,,214,15,10742,1440782,0.0,4.27528,4.27308,4.21675,0.107485,4.06942,2.68126,1.08379,,231,14,6918,1488510,0.0,4.31616,4.31471,4.25512,0.0872992,4.15707,2.82379,1.10753,,228,15,11328,1464821,0.0,4.36612,4.36384,4.30828,0.114344,4.15262,2.70694,1.12355,,224,12,2018,1499221,0.0,4.12456,4.12409,4.05442,0.0403406,4.02285,2.95421,0.978979,,194,5,16,1500000,0.0,4.79392,4.79391,4.70242,0.00685957,4.70202,3.8403,0.852434,,203,10,512,1500000,0.0,4.08021,4.08006,4.00712,0.0184783,3.99757,3.10613,0.856346,,198,11,1016,1499977,0.0,4.0718,4.07152,4.00165,0.0248889,3.98463,3.00919,0.921873,,199,15,11472,1467551,0.0,4.39335,4.39102,4.33499,0.113876,4.16868,2.71816,1.12724,,202,10,512,1500000,0.0,4.06518,4.06505,3.99428,0.0178947,3.98525,3.0716,0.879104,,211,12,2002,1499649,0.0,4.12289,4.12243,4.05551,0.0397201,4.02437,2.93982,0.995716,,197,12,1982,1499268,0.0,4.11302,4.11255,4.04617,0.0365151,4.01417,2.96775,0.962117,,236,10,510,1499957,0.0,4.0942,4.09405,4.01845,0.0193753,4.00964,3.08905,0.885414,,193,6,32,1500000,0.0,4.59134,4.59132,4.50583,0.00770898,4.50505,3.66526,0.828605,,226,12,2004,1499544,0.0,4.14632,4.14585,4.07603,0.0409314,4.04512,2.9728,0.981707,,237,18,29366,1181152,0.0,4.31015,4.30456,4.26264,0.225675,3.86147,2.19548,0.959448,,206,12,1938,1497207,0.0,4.12278,4.12231,4.0531,0.0375852,4.02247,2.97545,0.962838,,233,13,3842,1497914,0.0,4.21721,4.21636,4.15237,0.0600993,4.09686,2.89288,1.05897,,205,12,2008,1499426,0.0,4.20847,4.20799,4.13996,0.0413019,4.10822,3.02607,0.990568,,208,14,6892,1487112,0.0,4.38838,4.38696,4.32456,0.0818769,4.22844,2.87273,1.13884,,230,12,1948,1499664,0.0,4.202,4.20154,4.11191,0.0422448,4.08202,3.00398,0.986051,,239,12,1982,1499051,0.0,4.16979,4.1693,4.0983,0.0422832,4.06703,2.99017,0.984904,,210,13,3676,1494979,0.0,4.15568,4.15487,4.09032,0.0542202,4.03725,2.88519,1.02006,,217,7,64,1500000,0.0,4.2871,4.28707,4.19887,0.00840114,4.19754,3.37097,0.814198,,216,11,1020,1499977,0.0,4.1418,4.14151,4.06847,0.0289096,4.04996,3.07475,0.916832,,213,14,6706,1486641,0.0,4.24873,4.24734,4.18835,0.0795134,4.09507,2.77377,1.11057,,196,13,3796,1496783,0.0,4.21695,4.21609,4.15263,0.0572338,4.09389,2.89451,1.05938,,218,10,510,1499985,0.0,4.03843,4.0383,3.96518,0.0178924,3.95641,3.08233,0.840402,,192,11,1020,1499939,0.0,4.07252,4.07226,4.00396,0.0246952,3.98428,3.01974,0.908249,,200,9,256,1500000,0.0,4.06736,4.06726,3.99187,0.0128014,3.98668,3.08266,0.881719,,,,,,
215,10,496,1499952,0.0,4.03015,4.03001,3.95699,0.0171868,3.94834,3.0592,0.856471,,219,11,1018,1499957,0.0,4.07947,4.07922,4.00865,0.0264861,3.99163,3.01347,0.923385,,223,15,11322,1459423,0.0,4.32878,4.32652,4.27166,0.111913,4.10998,2.68066,1.1116,,235,14,6470,1485824,0.0,4.27796,4.27659,4.21723,0.0800044,4.12417,2.81366,1.10152,,227,10,512,1500000,0.0,4.09044,4.0903,4.01456,0.0189557,4.005,3.09841,0.871186,,195,11,1020,1499255,0.0,4.0764,4.07613,4.00772,0.0242228,3.99042,3.03373,0.903371,,209,11,1022,1499987,0.0,4.11053,4.11025,4.03724,0.0281692,4.02009,3.06125,0.901533,,234,14,6762,1484649,0.0,4.28013,4.27875,4.22031,0.0801816,4.11759,2.78807,1.1049,,207,10,512,1500000,0.0,4.08927,4.08913,4.01666,0.0184073,4.00742,3.10852,0.864023,,229,9,256,1500000,0.0,4.03209,4.03203,3.95911,0.012608,3.95448,3.09986,0.833109,,204,11,1020,1499809,0.0,4.06763,4.06738,3.9968,0.0261609,3.97993,3.0193,0.905738,,238,12,2022,1499828,0.0,4.13332,4.13284,4.06446,0.0405565,4.02996,2.9451,0.994596,,225,17,23904,1319552,0.0,4.45058,4.446,4.3998,0.194354,4.07569,2.42354,1.05598,,232,13,3806,1496846,0.0,4.17171,4.17087,4.10726,0.0580479,4.05279,2.86614,1.0463,,221,12,1996,1499223,0.0,4.16442,4.16394,4.09389,0.0407715,4.06066,2.97848,0.992183,,201,8,128,1500000,0.0,4.09796,4.09792,4.01734,0.0108753,4.01476,3.18429,0.813607,,212,14,6618,1481680,0.0,4.23366,4.23229,4.17278,0.0778903,4.07922,2.79259,1.07998,,222,17,23516,1328666,0.0,4.4555,4.45095,4.40442,0.19147,4.07312,2.43246,1.05387,,220,13,3844,1498162,0.0,4.17845,4.17761,4.11431,0.0579869,4.05888,2.86063,1.05751,,214,16,15658,1368147,0.0,4.2689,4.26578,4.21458,0.139896,4.0026,2.52846,1.06079,,231,15,11342,1463512,0.0,4.38386,4.38156,4.32616,0.113974,4.16855,2.7243,1.12052,,228,16,16834,1409133,0.0,4.40514,4.40188,4.35101,0.150297,4.12266,2.57838,1.1004,,224,13,3836,1496677,0.0,4.18648,4.18563,4.12159,0.0577824,4.06535,2.87716,1.04771,,194,6,32,1500000,0.0,4.57252,4.57251,4.4834,0.00780347,4.48264,3.63798,0.833563,,203,11,1022,1499989,0.0,4.11746,4.1172,4.04715,0.0281589,4.02896,3.0613,0.9099,,198,12,2006,1499698,0.0,4.14115,4.14067,4.07321,0.0385355,4.0412,2.95734,0.995771,,199,16,17254,1416428,0.0,4.45967,4.45625,4.40456,0.153227,4.15794,2.60427,1.10187,,202,11,1018,1499963,0.0,4.09733,4.09708,4.02605,0.0271641,4.00898,3.03942,0.913121,,211,13,3842,1497658,0.0,4.17631,4.17546,4.11013,0.0579028,4.05435,2.85825,1.05528,,197,13,3664,1494176,0.0,4.17227,4.17146,4.1066,0.0531516,4.05084,2.90328,1.01661,,236,11,1020,1499957,0.0,4.08985,4.08958,4.01673,0.028502,4.00022,3.03521,0.907856,,193,7,64,1500000,0.0,4.42439,4.42437,4.33457,0.0108064,4.33308,3.45501,0.862464,,226,13,3808,1498076,0.0,4.21165,4.2108,4.14391,0.0591106,4.0887,2.89134,1.05467,,237,19,32326,1002496,0.0,3.96765,3.96155,3.92532,0.237606,3.48914,1.91315,0.823591,,206,13,3526,1486299,0.0,4.14045,4.13968,4.07577,0.0527057,4.02371,2.88169,1.01409,,233,14,6890,1489824,0.0,4.28976,4.28831,4.22898,0.0843194,4.13205,2.80078,1.10953,,205,13,3826,1497672,0.0,4.23138,4.23053,4.16656,0.0599939,4.11012,2.9044,1.06151,,208,15,11294,1460442,0.0,4.49083,4.48857,4.43405,0.112791,4.27927,2.73634,1.17082,,230,13,3744,1498421,0.0,4.24623,4.24538,4.17664,0.0604962,4.12218,2.92348,1.05471,,239,13,3770,1495848,0.0,4.21934,4.21848,4.15358,0.059777,4.09619,2.91241,1.04049,,210,14,6440,1478523,0.0,4.21539,4.21407,4.15392,0.0756651,4.06455,2.79074,1.07326,,217,8,128,1500000,0.0,4.18046,4.18041,4.10185,0.00967,4.09935,3.21553,0.868614,,216,12,2016,1499811,0.0,4.20104,4.20053,4.13112,0.0435572,4.09641,3.0137,0.988092,,213,15,10964,1459617,0.0,4.29992,4.29772,4.24413,0.108589,4.09472,2.6768,1.10973,,196,14,6836,1487579,0.0,4.28286,4.28139,4.22283,0.0816149,4.12402,2.81233,1.09562,,218,11,1014,1499949,0.0,4.06181,4.06154,3.99038,0.0271234,3.97386,3.01836,0.900465,,192,12,1996,1499397,0.0,4.15407,4.15362,4.08817,0.0372392,4.05228,2.98906,0.973516,,200,10,512,1500000,0.0,4.03335,4.03321,3.96186,0.0169942,3.95213,3.0459,0.872674,,,,,,
215,11,988,1499590,0.0,4.0709,4.07065,3.99811,0.0261012,3.98173,3.01605,0.912186,,219,12,2018,1499866,0.0,4.09778,4.0973,4.03004,0.0394257,3.99838,2.93272,0.977591,,223,16,16814,1402432,0.0,4.38267,4.3794,4.32915,0.148978,4.09198,2.55891,1.09287,,235,15,10562,1459123,0.0,4.32414,4.32199,4.26748,0.107982,4.11836,2.71531,1.09945,,227,11,1014,1499570,0.0,4.13525,4.13496,4.06018,0.0285163,4.04219,3.07343,0.910954,,195,12,1978,1497122,0.0,4.13729,4.13681,4.07047,0.0372575,4.03845,2.97089,0.981706,,209,12,1994,1499018,0.0,4.1649,4.16442,4.09475,0.0414784,4.06317,2.9941,0.977911,,234,15,11030,1455316,0.0,4.35411,4.35188,4.29863,0.108687,4.13381,2.68701,1.13701,,207,11,1022,1499946,0.0,4.15653,4.15627,4.08364,0.0280398,4.06603,3.079,0.929512,,229,10,512,1500000,0.0,4.0969,4.09674,4.02281,0.018888,4.01396,3.09452,0.884452,,204,12,2008,1499483,0.0,4.13002,4.12956,4.06203,0.0398158,4.03056,2.96826,0.972768,,238,13,3856,1497588,0.0,4.18898,4.18814,4.12537,0.0578388,4.06192,2.84976,1.07095,,225,18,29070,1176155,0.0,4.27545,4.26994,4.22882,0.224422,3.83692,2.18192,0.954877,,232,14,6830,1488900,0.0,4.25088,4.24946,4.19143,0.081676,4.0961,2.77782,1.10258,,221,13,3790,1496433,0.0,4.20658,4.20574,4.14134,0.0582435,4.08146,2.88823,1.05253,,201,9,256,1500000,0.0,4.04985,4.04977,3.97122,0.0129509,3.96635,3.11287,0.83106,,212,15,10822,1447742,0.0,4.2722,4.27006,4.2153,0.105852,4.06523,2.68645,1.07703,,222,18,28986,1197177,0.0,4.33817,4.33267,4.29071,0.222788,3.88431,2.2159,0.971151,,220,14,6924,1490561,0.0,4.25264,4.25121,4.19211,0.0819321,4.09556,2.77515,1.10321,,214,17,20752,1258217,0.0,4.23108,4.22703,4.18138,0.178252,3.90274,2.3796,0.995257,,231,16,16938,1408069,0.0,4.49946,4.49611,4.44512,0.151942,4.21173,2.63628,1.1198,,228,17,22920,1317373,0.0,4.4,4.39559,4.34956,0.187422,4.04114,2.41791,1.04964,,224,14,6828,1487102,0.0,4.24707,4.24562,4.18617,0.0813057,4.08931,2.78357,1.0908,,194,7,64,1500000,0.0,4.35454,4.35452,4.27531,0.0101163,4.27387,3.44209,0.816973,,203,12,2018,1499806,0.0,4.17635,4.17587,4.10741,0.0424724,4.0733,3.0008,0.978983,,198,13,3830,1497933,0.0,4.31062,4.30977,4.2447,0.0576904,4.18712,2.95072,1.09278,,199,17,23276,1324994,0.0,4.44904,4.44453,4.39779,0.189939,4.06811,2.4387,1.05037,,202,12,2008,1499464,0.0,4.14617,4.14571,4.07777,0.0411622,4.0459,2.96682,0.987554,,211,14,6936,1489751,0.0,4.26175,4.2603,4.20155,0.0820403,4.10457,2.77755,1.10977,,197,14,6326,1472557,0.0,4.19036,4.18902,4.12944,0.0743329,4.03916,2.79635,1.04562,,236,12,1998,1499252,0.0,4.12296,4.12249,4.05271,0.0410443,4.02265,2.95371,0.978554,,193,8,128,1500000,0.0,4.252,4.25196,4.16829,0.0120728,4.16552,3.23376,0.91311,,226,14,6874,1491464,0.0,4.27174,4.27028,4.20908,0.083391,4.11243,2.79091,1.10208,,237,20,32316,806680,0.0,3.40317,3.39722,3.3678,0.227938,2.9433,1.55644,0.663501,,206,14,6032,1463374,0.0,4.15382,4.15254,4.09323,0.0724602,4.00759,2.78106,1.03582,,233,15,11546,1466880,0.0,4.45597,4.45364,4.3986,0.115899,4.23924,2.76642,1.14436,,205,14,6854,1488056,0.0,4.30678,4.30531,4.24537,0.0843054,4.14842,2.82267,1.10523,,208,16,16990,1405911,0.0,4.45963,4.45628,4.4048,0.15341,4.17037,2.6186,1.09946,,230,14,6774,1489072,0.0,4.33286,4.33141,4.271,0.0848281,4.17515,2.8473,1.10649,,239,14,6676,1486503,0.0,4.29611,4.2947,4.23514,0.0826607,4.13605,2.82868,1.09098,,210,15,10294,1441393,0.0,4.22726,4.22521,4.1716,0.101752,4.03145,2.67426,1.06854,,217,9,256,1500000,0.0,4.04684,4.04675,3.97359,0.0127867,3.96889,3.12397,0.823073,,216,13,3872,1498338,0.0,4.26043,4.25955,4.19503,0.0627834,4.13249,2.92249,1.06145,,213,16,16410,1397989,0.0,4.33261,4.32941,4.27926,0.144947,4.05847,2.54179,1.08838,,196,15,11282,1461608,0.0,4.36107,4.35879,4.30349,0.112161,4.14592,2.71859,1.1084,,218,12,1970,1499196,0.0,4.11229,4.11183,4.04344,0.0393506,4.0135,2.94455,0.981837,,192,13,3796,1497603,0.0,4.24554,4.24468,4.18069,0.0568417,4.11551,2.92913,1.04435,,200,11,1022,1499927,0.0,4.08848,4.08822,4.01901,0.0255932,4.00063,3.03251,0.913504,,,,,,
215,12,1942,1498846,0.0,4.113,4.11254,4.04343,0.0389534,4.01316,2.9522,0.974531,,219,13,3846,1496165,0.0,4.15501,4.15416,4.09045,0.0569537,4.03402,2.84373,1.05106,,223,17,22754,1305081,0.0,4.36271,4.35835,4.31291,0.184904,3.99437,2.3849,1.04492,,235,16,15680,1400017,0.0,4.35588,4.35282,4.3023,0.141768,4.08367,2.58828,1.07754,,227,12,1988,1499275,0.0,4.28794,4.28746,4.21695,0.0417176,4.18369,3.04505,1.04668,,195,13,3706,1492699,0.0,4.19952,4.19868,4.1355,0.0554379,4.07885,2.89188,1.05146,,209,13,3802,1497045,0.0,4.22839,4.22755,4.1623,0.0595594,4.10583,2.91714,1.04556,,234,16,16378,1392843,0.0,4.39319,4.39002,4.34112,0.144354,4.09898,2.55203,1.11867,,207,12,2022,1499767,0.0,4.17819,4.17771,4.10917,0.0418245,4.07635,2.99886,0.985386,,229,11,1022,1499989,0.0,4.09802,4.09775,4.02419,0.0284157,4.00752,3.03476,0.915651,,204,13,3814,1497388,0.0,4.18348,4.18265,4.11967,0.0577767,4.06393,2.87985,1.04365,,238,14,6908,1489492,0.0,4.25509,4.25366,4.19533,0.0814415,4.0839,2.76574,1.10194,,225,19,31988,990084,0.0,3.91517,3.90922,3.87431,0.238826,3.44489,1.87169,0.821478,,232,15,11342,1463816,0.0,4.36552,4.36327,4.30919,0.118186,4.1519,2.70941,1.11754,,221,14,6754,1485436,0.0,4.28866,4.28726,4.22701,0.081414,4.12346,2.80459,1.10405,,201,10,512,1500000,0.0,4.05821,4.05807,3.98557,0.0176457,3.9765,3.09265,0.849589,,212,16,15932,1378002,0.0,4.27343,4.27031,4.22093,0.139783,4.00248,2.53842,1.05017,,222,19,32460,1029220,0.0,4.04966,4.04359,4.00712,0.240302,3.55358,1.93608,0.854436,,220,15,11544,1469293,0.0,4.35006,4.34775,4.29327,0.113607,4.13565,2.68397,1.12881,,214,18,24646,1102431,0.0,3.91366,3.90891,3.86944,0.191544,3.54009,2.05013,0.893863,,231,17,23018,1315910,0.0,4.49105,4.48659,4.44004,0.18867,4.1264,2.46281,1.05451,,228,18,28256,1180067,0.0,4.25909,4.25352,4.21242,0.217772,3.83414,2.18716,0.966143,,224,15,11260,1461964,0.0,4.34928,4.34701,4.29255,0.111825,4.13583,2.6898,1.1288,,194,8,128,1500000,0.0,4.14214,4.14211,4.06442,0.011967,4.06174,3.19103,0.852227,,203,13,3864,1497826,0.0,4.25702,4.25617,4.1921,0.0619886,4.13083,2.9153,1.06789,,198,14,6920,1491813,0.0,4.38682,4.38534,4.32605,0.082689,4.22847,2.88996,1.12023,,199,18,28480,1185078,0.0,4.30915,4.30372,4.26165,0.219486,3.86076,2.20432,0.973904,,202,13,3808,1496982,0.0,4.1944,4.19355,4.13016,0.0598132,4.07367,2.89067,1.03961,,211,15,11636,1464587,0.0,4.35139,4.34903,4.29495,0.113477,4.13575,2.68579,1.12605,,197,15,9836,1423727,0.0,4.18242,4.18044,4.1258,0.0982321,3.99009,2.66306,1.04947,,236,13,3828,1497668,0.0,4.17543,4.17461,4.11114,0.0584474,4.05619,2.8688,1.0461,,193,9,256,1500000,0.0,4.1142,4.11412,4.03319,0.0139146,4.02804,3.14144,0.859396,,226,15,11470,1468777,0.0,4.37461,4.37228,4.31516,0.114439,4.15733,2.71078,1.12155,,237,21,29792,613485,0.0,2.72318,2.71795,2.69531,0.199435,2.31681,1.1728,0.507499,,206,15,9382,1410694,0.0,4.13859,4.13668,4.08333,0.0952539,3.95263,2.64473,1.04042,,233,16,17332,1413001,0.0,4.44746,4.44406,4.39361,0.154162,4.15784,2.58985,1.1105,,205,15,11336,1463655,0.0,4.38804,4.38575,4.33031,0.114918,4.17368,2.72584,1.12327,,208,17,22968,1311412,0.0,4.43862,4.43413,4.38762,0.191392,4.07675,2.45356,1.04176,,230,15,11302,1464906,0.0,4.38182,4.37956,4.32457,0.114966,4.16553,2.71859,1.12504,,239,15,10920,1454112,0.0,4.34666,4.34443,4.28913,0.111303,4.13002,2.72088,1.09445,,210,16,14796,1363071,0.0,4.18694,4.18405,4.13574,0.131073,3.9367,2.50826,1.04249,,217,10,512,1500000,0.0,4.13666,4.1365,4.06235,0.0187224,4.05345,3.11314,0.905334,,216,14,6948,1490911,0.0,4.35589,4.35441,4.29473,0.0883404,4.18539,2.84404,1.11376,,213,17,22142,1302699,0.0,4.29301,4.28872,4.24353,0.179836,3.94798,2.36811,1.03165,,196,16,16944,1407199,0.0,4.42302,4.4197,4.36904,0.150433,4.1361,2.59913,1.09306,,218,13,3706,1495081,0.0,4.15973,4.1589,4.09452,0.055772,4.04139,2.86018,1.0458,,192,14,6852,1489944,0.0,4.34096,4.33947,4.27845,0.0826371,4.16672,2.8481,1.09928,,200,12,2010,1499459,0.0,4.14934,4.14885,4.08214,0.0395893,4.04747,2.98263,0.975291,,,,,,
215,13,3716,1496407,0.0,4.17022,4.1694,4.1059,0.0563851,4.05167,2.85847,1.05651,,219,14,6826,1485375,0.0,4.22864,4.22722,4.16916,0.0801852,4.0725,2.76548,1.09366,,223,18,27788,1163137,0.0,4.18649,4.18127,4.14085,0.213809,3.7539,2.14451,0.943354,,235,17,21336,1304663,0.0,4.33492,4.3308,4.28503,0.176546,3.99023,2.40975,1.0424,,227,13,3752,1495807,0.0,4.31504,4.31421,4.24922,0.0591656,4.1898,2.97807,1.06917,,195,14,6566,1481555,0.0,4.25408,4.25269,4.19345,0.0787361,4.09983,2.81107,1.08153,,209,14,6764,1486956,0.0,4.30548,4.30406,4.2433,0.0833564,4.14627,2.8286,1.09937,,234,17,22090,1288046,0.0,4.34641,4.34219,4.29828,0.179016,3.97454,2.36868,1.02014,,207,13,3832,1496577,0.0,4.22037,4.21953,4.1544,0.059899,4.09625,2.91784,1.0345,,229,12,2010,1499726,0.0,4.14164,4.14116,4.07243,0.0417893,4.04168,2.95827,0.991737,,204,14,6888,1488133,0.0,4.26052,4.25906,4.19946,0.0820959,4.10317,2.78509,1.10051,,238,15,11460,1466733,0.0,4.35507,4.35278,4.29875,0.113679,4.11658,2.67917,1.11584,,225,20,31702,795107,0.0,3.39298,3.38708,3.35785,0.225264,2.93871,1.55693,0.663292,,232,16,17114,1410349,0.0,4.42296,4.41964,4.36937,0.150726,4.13813,2.56788,1.12274,,221,15,11050,1457164,0.0,4.34756,4.34534,4.29008,0.110642,4.12354,2.69592,1.11422,,201,11,1018,1499922,0.0,4.09726,4.09701,4.02657,0.0265811,4.00952,3.05981,0.893907,,212,17,20996,1264714,0.0,4.17883,4.17483,4.13118,0.173693,3.84548,2.33053,0.991727,,222,20,32832,835877,0.0,3.56232,3.55624,3.52617,0.232952,3.07445,1.62741,0.699661,,220,16,17588,1418282,0.0,4.44369,4.44031,4.38999,0.154266,4.15293,2.57887,1.11745,,214,19,26898,917443,0.0,3.53029,3.52519,3.49172,0.201122,3.13382,1.73174,0.767866,,231,18,27890,1173046,0.0,4.24626,4.24088,4.20039,0.215736,3.82235,2.1924,0.953857,,228,19,31270,1005185,0.0,3.9198,3.91399,3.8787,0.23247,3.46219,1.89133,0.834994,,224,16,16824,1403654,0.0,4.38036,4.37704,4.32676,0.1478,4.09544,2.56297,1.09266,,194,9,256,1500000,0.0,4.0071,4.00702,3.93112,0.0139425,3.92606,3.06183,0.839975,,203,14,7000,1490802,0.0,4.3252,4.32372,4.26369,0.0870946,4.15732,2.82485,1.10565,,198,15,11538,1469556,0.0,4.41147,4.40913,4.3534,0.114645,4.19346,2.72719,1.14043,,199,19,31474,1007267,0.0,3.9597,3.95379,3.91813,0.233801,3.47629,1.90139,0.836624,,202,14,6834,1488348,0.0,4.28438,4.28295,4.22325,0.0844002,4.12686,2.80887,1.09787,,211,16,17692,1411585,0.0,4.43491,4.43146,4.3814,0.154194,4.14263,2.56917,1.1151,,197,16,14002,1345983,0.0,4.15249,4.14971,4.10064,0.125963,3.91024,2.51119,1.02913,,236,14,6900,1489079,0.0,4.25127,4.24984,4.19068,0.0822107,4.09427,2.78203,1.09479,,193,10,512,1500000,0.0,4.01503,4.01487,3.94296,0.0170107,3.93338,3.04163,0.857418,,226,16,17288,1419151,0.0,4.45954,4.45609,4.40307,0.153498,4.16844,2.60029,1.11235,,237,22,25132,441546,0.0,1.97903,1.97497,1.95942,0.152768,1.66604,0.824872,0.352078,,206,16,13260,1321787,0.0,4.04309,4.0405,3.99251,0.119828,3.80997,2.45663,1.0019,,233,17,23734,1321336,0.0,4.51355,4.50896,4.45244,0.21146,4.12234,2.45322,1.05547,,205,16,17208,1409182,0.0,4.4592,4.4558,4.40433,0.154188,4.17025,2.60349,1.11151,,208,18,27764,1173496,0.0,4.25472,4.24938,4.20805,0.215919,3.83377,2.20802,0.949167,,230,16,17040,1417204,0.0,4.5388,4.53549,4.48492,0.150391,4.25075,2.67076,1.1333,,239,16,16208,1393529,0.0,4.39183,4.38859,4.33852,0.1469,4.10536,2.59251,1.07869,,210,17,19224,1242886,0.0,4.04101,4.03731,3.99451,0.157739,3.73775,2.28639,0.972938,,217,11,1020,1499968,0.0,4.1076,4.10732,4.03364,0.0283263,4.01676,3.05047,0.909237,,216,15,11488,1466973,0.0,4.44139,4.43905,4.38379,0.120379,4.20688,2.74738,1.12621,,213,18,26996,1165643,0.0,4.1312,4.12612,4.08623,0.207595,3.72756,2.14127,0.940661,,196,17,22756,1305344,0.0,4.38125,4.37684,4.33095,0.185717,4.02111,2.41839,1.03643,,218,14,6530,1479101,0.0,4.21696,4.21559,4.15647,0.0772895,4.06551,2.76868,1.0917,,192,15,11230,1464381,0.0,4.4245,4.42216,4.36542,0.114012,4.19279,2.7487,1.12232,,200,13,3814,1496862,0.0,4.21499,4.21414,4.15024,0.0581734,4.08824,2.89603,1.05105,,,,,,
215,14,6680,1487330,0.0,4.24001,4.23863,4.17924,0.0797747,4.08523,2.77659,1.09801,,219,15,11234,1455751,0.0,4.29677,4.29451,4.24081,0.109792,4.08458,2.66369,1.10718,,223,19,30592,988138,0.0,3.84684,3.84116,3.80689,0.226609,3.38245,1.85056,0.817128,,235,18,25986,1164592,0.0,4.14,4.13507,4.09489,0.202748,3.73774,2.1689,0.936549,,227,14,6728,1485806,0.0,4.35668,4.35527,4.29442,0.0825545,4.19074,2.87167,1.10092,,195,15,10738,1446767,0.0,4.2999,4.29771,4.24309,0.107178,4.09543,2.70226,1.08993,,209,15,11030,1459565,0.0,4.37862,4.37639,4.32089,0.112364,4.16588,2.72643,1.12313,,234,18,26378,1130164,0.0,4.11086,4.10591,4.0669,0.203202,3.66478,2.11463,0.915131,,207,14,6856,1486183,0.0,4.38877,4.38731,4.32687,0.083819,4.22651,2.89035,1.11627,,229,13,3854,1498197,0.0,4.19583,4.19498,4.13134,0.0597756,4.07568,2.87203,1.05993,,204,15,11446,1461593,0.0,4.34027,4.33796,4.28308,0.11267,4.12655,2.69581,1.10975,,238,16,17222,1409196,0.0,4.43437,4.43105,4.38172,0.150301,4.11118,2.55605,1.10801,,225,21,29030,606203,0.0,2.72468,2.71949,2.69726,0.198137,2.32515,1.18349,0.508716,,232,17,23228,1315973,0.0,4.39028,4.38584,4.33983,0.187938,4.02813,2.40503,1.04705,,221,16,16490,1400036,0.0,4.39946,4.39621,4.34571,0.146512,4.10039,2.57594,1.09068,,201,12,2010,1499666,0.0,4.18495,4.18446,4.11605,0.0410972,4.084,3.00063,0.991529,,212,18,25180,1110569,0.0,3.94084,3.93609,3.89756,0.193867,3.55673,2.0627,0.89083,,222,21,29894,637479,0.0,2.86437,2.85904,2.83575,0.204774,2.43476,1.24236,0.536478,,220,17,23902,1327490,0.0,4.43778,4.43325,4.3871,0.192775,4.06752,2.42033,1.05792,,214,20,26712,729619,0.0,3.06563,3.06065,3.03358,0.197474,2.67313,1.41352,0.632507,,231,19,30814,993587,0.0,3.93488,3.92906,3.89419,0.229121,3.47612,1.9074,0.83902,,228,20,31570,809300,0.0,3.41392,3.40807,3.37901,0.224421,2.96668,1.57901,0.672114,,224,17,22646,1303151,0.0,4.34086,4.3365,4.29094,0.183008,3.98189,2.38646,1.03297,,194,10,512,1500000,0.0,4.06051,4.06037,3.98941,0.0172589,3.97992,3.06325,0.881853,,203,15,11596,1467910,0.0,4.42924,4.42687,4.37148,0.118485,4.19879,2.73947,1.12606,,198,16,17232,1417633,0.0,4.45737,4.454,4.40284,0.153273,4.17016,2.60361,1.11485,,199,20,31346,812461,0.0,3.45077,3.44494,3.41546,0.227365,2.97681,1.56227,0.692819,,202,15,11278,1463627,0.0,4.35876,4.35647,4.30123,0.114637,4.14598,2.71207,1.11173,,211,17,23994,1313400,0.0,4.40844,4.40386,4.35821,0.192563,4.03686,2.39785,1.0486,,197,17,17996,1221607,0.0,3.95012,3.94663,3.90457,0.150147,3.66246,2.26619,0.944605,,236,15,11400,1462163,0.0,4.34272,4.34045,4.28609,0.113048,4.12983,2.69459,1.11446,,193,11,1024,1500000,0.0,4.08447,4.0842,4.01572,0.024591,3.99792,3.02633,0.917261,,226,17,23668,1327216,0.0,4.46073,4.45611,4.40731,0.19295,4.08893,2.43441,1.06361,,237,23,19364,294461,0.0,1.3662,1.36324,1.35284,0.1108,1.13748,0.551533,0.231021,,206,17,17192,1204753,0.0,3.88085,3.87753,3.83567,0.144022,3.60093,2.23021,0.936239,,233,18,29380,1186480,0.0,4.31938,4.31379,4.27287,0.225491,3.87885,2.20634,0.965625,,205,17,23226,1315205,0.0,4.42775,4.42324,4.37738,0.190277,4.06448,2.43226,1.0506,,208,19,30690,995279,0.0,3.96091,3.95214,3.91426,0.232214,3.49082,1.89427,0.825994,,230,17,23146,1325759,0.0,4.57799,4.57355,4.52676,0.189289,4.21203,2.5248,1.10409,,239,17,21774,1284968,0.0,4.31537,4.31114,4.26639,0.179315,3.95531,2.39179,1.01289,,210,18,22674,1085298,0.0,3.75696,3.75264,3.71543,0.176401,3.41412,2.00664,0.861422,,217,12,1996,1499590,0.0,4.16648,4.16601,4.09791,0.0418077,4.06703,2.99915,0.976339,,216,16,17212,1414091,0.0,4.51585,4.51244,4.46083,0.159974,4.199,2.6272,1.1084,,213,19,30174,990557,0.0,3.81198,3.80635,3.77224,0.223588,3.3728,1.84869,0.820395,,196,18,27694,1157565,0.0,4.18198,4.17671,4.13627,0.213182,3.76121,2.1647,0.933124,,218,15,10580,1441777,0.0,4.2533,4.25116,4.1973,0.104523,4.05266,2.65533,1.09949,,192,16,16930,1415121,0.0,4.50806,4.50464,4.45225,0.153737,4.19977,2.63724,1.11164,,200,14,6832,1488061,0.0,4.31089,4.30944,4.25022,0.0824243,4.14498,2.81113,1.11673,,,,,,
215,15,11114,1461056,0.0,4.3225,4.32029,4.26567,0.109677,4.11232,2.67905,1.12144,,219,16,16716,1398388,0.0,4.3444,4.34114,4.29157,0.146435,4.06217,2.53298,1.09479,,223,20,30476,790327,0.0,3.33949,3.33385,3.30558,0.218865,2.88617,1.52185,0.668709,,235,19,28850,993492,0.0,3.80646,3.80102,3.76673,0.214979,3.37308,1.88036,0.812043,,227,15,11128,1459751,0.0,4.37777,4.37551,4.32088,0.113166,4.15263,2.71908,1.11237,,195,16,15940,1380630,0.0,4.31395,4.31081,4.2609,0.141868,4.04519,2.55831,1.06889,,209,16,16522,1404979,0.0,4.42794,4.42468,4.37382,0.14906,4.14389,2.60391,1.10119,,234,19,28870,956136,0.0,3.74227,3.7369,3.70426,0.213506,3.28577,1.79386,0.816799,,207,15,11156,1456770,0.0,4.3653,4.36304,4.30832,0.112936,4.1483,2.72927,1.09995,,229,14,7018,1491715,0.0,4.31004,4.30858,4.24927,0.0852934,4.15076,2.79457,1.13242,,204,16,17148,1405475,0.0,4.40256,4.39919,4.34884,0.151559,4.1176,2.57182,1.09788,,238,17,23274,1317389,0.0,4.43786,4.43342,4.38802,0.187509,4.02479,2.4031,1.04446,,225,22,24352,430241,0.0,2.04468,2.04053,2.02434,0.160522,1.71973,0.839525,0.366713,,232,18,28318,1183273,0.0,4.24401,4.2387,4.19809,0.217042,3.82029,2.18244,0.958472,,221,17,22138,1296627,0.0,4.35756,4.35328,4.30819,0.180523,3.98101,2.38776,1.04018,,201,13,3846,1498005,0.0,4.22778,4.2269,4.16214,0.0602311,4.10485,2.90997,1.04997,,212,19,27092,928431,0.0,3.54375,3.53873,3.50685,0.201124,3.14119,1.74456,0.763405,,222,22,25606,462898,0.0,2.20112,2.19671,2.17956,0.17003,1.84385,0.903749,0.395949,,220,18,29340,1190238,0.0,4.30147,4.29594,4.25464,0.224394,3.86414,2.19415,0.970107,,214,21,24332,544818,0.0,2.43252,2.428,2.4073,0.17116,2.09137,1.08122,0.465513,,231,20,30906,797102,0.0,3.36162,3.35584,3.32748,0.218809,2.92049,1.5607,0.660852,,228,21,28958,619052,0.0,2.73691,2.7318,2.70964,0.196805,2.34292,1.19596,0.517462,,224,18,27684,1161909,0.0,4.17944,4.17418,4.13388,0.212039,3.75811,2.15392,0.939631,,194,11,1024,1500000,0.0,4.07761,4.07734,4.0074,0.0249965,3.98986,3.02912,0.905374,,203,16,17362,1416160,0.0,4.50679,4.50336,4.45167,0.157155,4.19667,2.62374,1.11091,,198,17,23544,1326932,0.0,4.5055,4.50096,4.45425,0.191501,4.10328,2.45683,1.06222,,199,21,28732,622149,0.0,2.84621,2.84096,2.81781,0.203966,2.41881,1.22794,0.540801,,202,16,17014,1412222,0.0,4.42924,4.42588,4.37465,0.153123,4.14378,2.59545,1.09852,,211,18,29056,1174617,0.0,4.24978,4.24429,4.2037,0.221545,3.81636,2.16765,0.956083,,197,18,20960,1051101,0.0,3.61697,3.613,3.57646,0.165389,3.29545,1.95793,0.829742,,236,16,17096,1407567,0.0,4.39873,4.3954,4.34552,0.150459,4.11393,2.56771,1.09722,,193,12,2004,1499604,0.0,4.13848,4.13801,4.0699,0.0380349,4.03676,2.9735,0.975257,,226,18,29346,1191153,0.0,4.34258,4.33695,4.29336,0.225438,3.90073,2.21139,0.981098,,237,24,13696,187042,0.0,0.915724,0.913644,0.906909,0.0787642,0.75552,0.356191,0.149643,,206,18,20202,1047204,0.0,3.57742,3.57357,3.53788,0.160088,3.26369,1.94614,0.825468,,233,19,32428,1009425,0.0,3.98887,3.98279,3.9471,0.238264,3.51534,1.92511,0.832165,,205,18,28458,1171321,0.0,4.26497,4.25951,4.21843,0.219834,3.83694,2.19073,0.954939,,208,20,31118,801568,0.0,3.46735,3.46157,3.43264,0.229466,3.01526,1.61582,0.678193,,230,18,28736,1194499,0.0,4.33445,4.32896,4.2871,0.222987,3.90046,2.23272,0.969856,,239,18,26278,1138995,0.0,4.1062,4.1012,4.06164,0.204371,3.68871,2.13471,0.912971,,210,19,24640,910836,0.0,3.38442,3.37981,3.34862,0.184226,3.02234,1.70222,0.742398,,217,13,3784,1497662,0.0,4.22537,4.22454,4.16065,0.0600889,4.10552,2.91594,1.04621,,216,17,23456,1322074,0.0,4.5193,4.51476,4.46768,0.198592,4.11395,2.4621,1.05595,,213,20,30264,793896,0.0,3.30872,3.30318,3.27479,0.218594,2.87537,1.509,0.673821,,196,19,30226,977986,0.0,3.81707,3.81139,3.777,0.224434,3.36941,1.8563,0.806579,,218,16,15556,1376238,0.0,4.2406,4.23755,4.18901,0.137053,3.97891,2.51324,1.05853,,192,17,23128,1324286,0.0,4.49026,4.48572,4.43809,0.190818,4.09716,2.46446,1.05221,,200,15,11246,1462455,0.0,4.38444,4.38216,4.32712,0.112398,4.15851,2.71379,1.12628,,,,,,
215,16,16532,1403610,0.0,4.36671,4.3635,4.31316,0.146086,4.08798,2.5515,1.1045,,219,17,22604,1303212,0.0,4.32314,4.31881,4.27419,0.182652,3.96631,2.36982,1.03792,,223,21,27980,602837,0.0,2.7141,2.70906,2.68714,0.193758,2.31026,1.18076,0.511401,,235,20,29154,800847,0.0,3.28527,3.27984,3.25183,0.207189,2.86283,1.54617,0.654982,,227,16,16546,1400197,0.0,4.42647,4.42318,4.37248,0.14875,4.12496,2.58837,1.09379,,195,17,21416,1273830,0.0,4.23586,4.23169,4.18686,0.175412,3.90005,2.36271,1.00401,,209,17,22182,1302442,0.0,4.37583,4.37154,4.32567,0.18343,4.02086,2.41896,1.04249,,234,20,28636,756097,0.0,3.18516,3.17989,3.15367,0.202198,2.74736,1.47608,0.624363,,207,16,16558,1390582,0.0,4.39934,4.39605,4.34553,0.148661,4.11094,2.58844,1.08358,,229,15,11810,1472236,0.0,4.39487,4.39234,4.33705,0.116773,4.17475,2.70938,1.13264,,204,17,23304,1310579,0.0,4.38345,4.37895,4.33315,0.188483,4.02159,2.40794,1.03746,,238,18,28478,1176070,0.0,4.28883,4.28349,4.24297,0.217963,3.79725,2.16327,0.95024,,225,23,18610,286656,0.0,1.3866,1.38364,1.37315,0.113282,1.15556,0.55332,0.239039,,232,19,31440,1006148,0.0,3.91207,3.90621,3.87105,0.231909,3.45444,1.89038,0.83039,,221,18,26638,1151884,0.0,4.14754,4.1425,4.10249,0.205751,3.71086,2.14003,0.927693,,201,14,6878,1489833,0.0,4.31052,4.30907,4.24948,0.0846203,4.15221,2.82507,1.10567,,212,20,26636,738015,0.0,3.02893,3.02406,2.99833,0.193249,2.64004,1.40796,0.619471,,222,23,19994,315706,0.0,1.52994,1.52672,1.51525,0.123591,1.26903,0.608977,0.264447,,220,19,32768,1018047,0.0,3.98991,3.98385,3.94807,0.241876,3.51326,1.9049,0.846343,,214,22,20152,385988,0.0,1.82068,1.81707,1.8022,0.137448,1.54439,0.768708,0.336248,,231,21,28148,605568,0.0,2.67366,2.66866,2.64709,0.190571,2.28807,1.17403,0.502609,,228,22,24402,445268,0.0,2.06593,2.06179,2.04562,0.159415,1.74567,0.859591,0.375474,,224,19,30384,981403,0.0,3.8192,3.8135,3.77933,0.224918,3.36835,1.84475,0.811449,,194,12,2020,1499836,0.0,4.1357,4.1352,4.067,0.0390029,4.03406,2.97261,0.971347,,203,17,23570,1326728,0.0,4.51931,4.5147,4.46788,0.194776,4.1244,2.46456,1.06532,,198,18,29142,1192750,0.0,4.32686,4.32135,4.27933,0.224819,3.8913,2.21947,0.972316,,199,22,24222,452957,0.0,2.20566,2.2013,2.18407,0.166789,1.85262,0.921767,0.396321,,202,17,23282,1322913,0.0,4.45522,4.45072,4.40438,0.190943,4.09156,2.44369,1.066,,211,19,31910,999702,0.0,3.91102,3.90507,3.87005,0.23464,3.44593,1.87161,0.832352,,197,19,22284,870826,0.0,3.20587,3.2017,3.17182,0.1686,2.87462,1.63499,0.713465,,236,17,23084,1307076,0.0,4.37081,4.36637,4.32068,0.187363,4.01049,2.39713,1.04012,,193,13,3818,1496606,0.0,4.2089,4.20802,4.14335,0.0565473,4.0835,2.90333,1.04074,,226,19,32534,1016266,0.0,4.00948,4.00335,3.9655,0.24075,3.53176,1.92002,0.848411,,237,25,9048,109936,0.0,0.573651,0.572343,0.568192,0.0512287,0.468425,0.21391,0.0911995,,206,19,21650,872619,0.0,3.18312,3.17905,3.14976,0.164231,2.85689,1.6357,0.707635,,233,20,32996,819305,0.0,3.46342,3.45736,3.42813,0.22958,3.00063,1.58547,0.676358,,205,19,31444,992394,0.0,3.91557,3.90967,3.87488,0.234227,3.45548,1.88553,0.830573,,208,21,28508,614158,0.0,2.7543,2.74917,2.72676,0.197037,2.35967,1.20884,0.519776,,230,19,31792,1022647,0.0,4.01551,4.0095,3.97349,0.23664,3.5488,1.95286,0.844654,,239,19,28790,957347,0.0,3.73892,3.73348,3.70026,0.213342,3.29787,1.84682,0.773495,,210,20,24262,720977,0.0,2.8806,2.87613,2.85134,0.177223,2.53125,1.36937,0.602695,,217,14,6762,1488597,0.0,4.29531,4.29389,4.2338,0.0841654,4.1385,2.8267,1.09304,,216,18,28644,1182749,0.0,4.37038,4.36487,4.32302,0.228306,3.89314,2.22343,0.969835,,213,21,27906,607200,0.0,2.72514,2.72003,2.69807,0.195939,2.33648,1.19754,0.516981,,196,20,30002,775587,0.0,3.28583,3.28027,3.25197,0.217,2.84807,1.50057,0.65872,,218,17,20648,1259560,0.0,4.12919,4.12519,4.08164,0.16797,3.80509,2.3065,0.984752,,192,18,28528,1191595,0.0,4.35828,4.35275,4.31018,0.221598,3.89283,2.24188,0.963805,,200,16,16990,1408235,0.0,4.44729,4.44395,4.39318,0.151243,4.14184,2.59289,1.10239,,,,,,
215,17,22644,1314091,0.0,4.34813,4.3438,4.29833,0.183292,3.99242,2.39274,1.03951,,219,18,27344,1155015,0.0,4.12583,4.12064,4.08116,0.209312,3.71059,2.12163,0.93521,,223,22,23572,429734,0.0,2.04902,2.04493,2.02898,0.157588,1.71904,0.848907,0.366826,,235,21,26708,609299,0.0,2.6239,2.61917,2.59776,0.182052,2.25269,1.17258,0.498515,,227,17,22322,1307811,0.0,4.40131,4.39697,4.35122,0.183683,4.02014,2.4183,1.03573,,195,18,25936,1132087,0.0,4.04573,4.0408,4.001,0.200693,3.65565,2.11687,0.915871,,209,18,27274,1166942,0.0,4.21677,4.21155,4.17089,0.21231,3.79771,2.186,0.949452,,234,21,25786,565429,0.0,2.4977,2.49308,2.47324,0.174773,2.11451,1.08762,0.466508,,207,17,22218,1287519,0.0,4.33783,4.33355,4.28833,0.182754,3.97638,2.39514,1.02368,,229,16,17802,1422388,0.0,4.47659,4.47312,4.42207,0.156827,4.18055,2.59742,1.11726,,204,18,28146,1167218,0.0,4.19905,4.19372,4.1529,0.216189,3.7785,2.16052,0.943858,,238,19,31538,997022,0.0,3.96506,3.95919,3.92472,0.230796,3.43963,1.87922,0.828246,,225,24,13184,180815,0.0,0.903677,0.90164,0.894975,0.0775479,0.746544,0.34977,0.149541,,232,20,31568,813751,0.0,3.39062,3.38482,3.35615,0.222483,2.94704,1.56681,0.670976,,221,19,29504,972496,0.0,3.80309,3.79758,3.76366,0.219409,3.33137,1.83593,0.801273,,201,15,11442,1462685,0.0,4.39395,4.39162,4.336,0.115872,4.17829,2.72674,1.12417,,212,21,24132,551010,0.0,2.43917,2.43476,2.41499,0.168507,2.09627,1.08887,0.469035,,222,24,14144,202826,0.0,0.997818,0.995613,0.988392,0.0835882,0.822085,0.388608,0.166868,,220,20,32794,822242,0.0,3.48729,3.48127,3.45156,0.23245,3.02187,1.58631,0.693462,,214,23,15326,256862,0.0,1.27935,1.27665,1.2666,0.102652,1.07378,0.520593,0.225752,,231,22,23528,432159,0.0,1.9782,1.97423,1.95886,0.151127,1.67186,0.829223,0.35858,,228,23,18830,301855,0.0,1.40928,1.40629,1.39569,0.113133,1.18125,0.571672,0.246902,,224,20,30144,784132,0.0,3.30254,3.29689,3.26921,0.216042,2.86594,1.52003,0.656739,,194,13,3874,1498318,0.0,4.2302,4.22933,4.16439,0.0585429,4.10469,2.91379,1.04714,,203,18,29076,1192363,0.0,4.38311,4.37751,4.33523,0.225649,3.91336,2.23757,0.97047,,198,19,32222,1019379,0.0,4.04741,4.04135,4.00529,0.238482,3.57783,1.97621,0.849279,,199,23,19036,308750,0.0,1.58401,1.5807,1.56877,0.127583,1.3134,0.630829,0.273225,,202,18,28272,1181921,0.0,4.26544,4.26005,4.21869,0.219011,3.84076,2.20359,0.955366,,211,20,31880,806629,0.0,3.4153,3.40943,3.3804,0.228315,2.95946,1.54866,0.683769,,197,20,21616,680027,0.0,2.6761,2.67209,2.64853,0.159596,2.36082,1.29639,0.56276,,236,18,28092,1172434,0.0,4.21542,4.21011,4.16935,0.215608,3.79373,2.16908,0.950678,,193,14,6752,1482888,0.0,4.26669,4.26527,4.20455,0.0803913,4.10553,2.81802,1.07467,,226,20,32742,823468,0.0,3.50941,3.50326,3.47219,0.233126,3.04437,1.60877,0.690812,,237,26,5624,63216,0.0,0.344629,0.343825,0.341469,0.0317297,0.279717,0.125116,0.0534708,,206,20,21364,681484,0.0,2.67058,2.66664,2.64372,0.157553,2.35572,1.29749,0.560583,,233,21,30622,616472,0.0,2.77571,2.77035,2.74803,0.205001,2.36298,1.18925,0.515791,,205,20,31206,788745,0.0,3.36867,3.36288,3.33428,0.225225,2.92003,1.53068,0.671069,,208,22,23946,443239,0.0,2.08218,2.07801,2.06175,0.159659,1.76151,0.873773,0.376246,,230,20,32204,832316,0.0,3.47899,3.47302,3.44352,0.227954,3.0246,1.61133,0.685335,,239,20,28426,758475,0.0,3.13616,3.1309,3.10459,0.199372,2.71866,1.46481,0.615082,,210,21,22092,539910,0.0,2.32442,2.3204,2.30161,0.157704,2.01212,1.05157,0.460678,,217,15,11118,1461409,0.0,4.3655,4.36326,4.30762,0.113467,4.15428,2.72572,1.10977,,216,19,31594,1011022,0.0,4.03575,4.02979,3.99368,0.241693,3.52194,1.92897,0.839184,,213,22,23232,430497,0.0,2.04515,2.04106,2.02506,0.158349,1.72922,0.854026,0.371201,,196,21,27260,593230,0.0,2.69701,2.69203,2.67,0.194217,2.30413,1.17012,0.515268,,218,18,24754,1110155,0.0,3.90605,3.90136,3.86388,0.190852,3.53395,2.04815,0.891183,,192,19,31930,1020580,0.0,4.04783,4.04173,4.00504,0.23822,3.54078,1.94874,0.842936,,200,17,23002,1316326,0.0,4.4343,4.42985,4.38392,0.187858,4.04623,2.42585,1.04732,,,,,,
215,18,27622,1176442,0.0,4.19258,4.18737,4.14692,0.21195,3.77537,2.15964,0.954511,,219,19,30080,973015,0.0,3.77056,3.76496,3.73126,0.222492,3.32522,1.81311,0.810772,,223,23,18096,288940,0.0,1.45047,1.44744,1.4366,0.118325,1.20215,0.57177,0.251509,,235,22,22586,441891,0.0,1.96356,1.95977,1.94439,0.145472,1.66534,0.837796,0.361695,,227,18,27216,1165015,0.0,4.23118,4.226,4.18527,0.211155,3.78362,2.17581,0.941932,,195,19,28248,957387,0.0,3.67931,3.67396,3.64033,0.210935,3.26538,1.8115,0.790374,,209,19,29980,987293,0.0,3.85591,3.85023,3.81544,0.224243,3.40633,1.87426,0.823201,,234,22,21296,399876,0.0,1.85006,1.84643,1.83231,0.138582,1.54646,0.768597,0.332366,,207,18,26788,1137614,0.0,4.15432,4.14923,4.1098,0.208283,3.72984,2.13789,0.937391,,229,17,24430,1333062,0.0,4.49498,4.4903,4.44386,0.197354,4.11426,2.44403,1.06453,,204,19,31066,997875,0.0,3.8784,3.87262,3.83739,0.230323,3.42549,1.87671,0.822813,,238,20,31394,798969,0.0,3.37957,3.37389,3.34597,0.218801,2.87533,1.52261,0.656108,,225,25,8758,108662,0.0,0.563352,0.562042,0.557982,0.0497284,0.462093,0.213172,0.0900635,,232,21,29284,621371,0.0,2.73205,2.7269,2.70481,0.197625,2.33696,1.19018,0.515371,,221,20,29434,776079,0.0,3.2952,3.28974,3.26186,0.210747,2.83733,1.51539,0.649755,,201,16,17282,1410310,0.0,4.46302,4.45958,4.40845,0.154928,4.17387,2.60822,1.10872,,212,22,20316,392115,0.0,1.85339,1.84979,1.83554,0.139008,1.57072,0.78491,0.341628,,222,25,9572,123561,0.0,0.630113,0.628684,0.624126,0.0544802,0.514892,0.239332,0.101426,,220,21,30112,627590,0.0,2.83536,2.82996,2.80715,0.206629,2.42104,1.22806,0.53282,,214,24,10870,160583,0.0,0.838461,0.836638,0.830141,0.0711864,0.695475,0.323536,0.144482,,231,23,18192,292690,0.0,1.35339,1.35051,1.34024,0.107822,1.13358,0.552204,0.235784,,228,24,13552,192320,0.0,0.931205,0.929116,0.92232,0.0786792,0.773077,0.366616,0.155184,,224,21,27314,593101,0.0,2.6525,2.64752,2.62627,0.188739,2.2687,1.16313,0.501077,,194,14,6952,1489912,0.0,4.31578,4.31431,4.25362,0.0835621,4.15353,2.82195,1.11068,,203,19,32208,1019940,0.0,4.05818,4.05209,4.0159,0.24024,3.54991,1.94163,0.845721,,198,20,32276,824327,0.0,3.59955,3.59049,3.56039,0.240406,3.12652,1.63284,0.736942,,199,24,13772,197804,0.0,1.06846,1.0661,1.05837,0.0909904,0.876533,0.408984,0.177388,,202,19,31438,1009740,0.0,3.94517,3.93928,3.90356,0.234115,3.48453,1.91179,0.832355,,211,21,29314,614249,0.0,2.79718,2.79185,2.76905,0.203076,2.38951,1.21615,0.524706,,197,21,19336,510548,0.0,2.14042,2.13689,2.11869,0.140227,1.86207,0.989126,0.430108,,236,19,31080,994840,0.0,3.87424,3.86843,3.83393,0.22895,3.42245,1.87874,0.82017,,193,15,11032,1453957,0.0,4.34842,4.34615,4.29029,0.112488,4.13473,2.72459,1.0952,,226,21,30270,628607,0.0,2.82892,2.82346,2.79943,0.205652,2.41512,1.22836,0.528035,,237,27,3276,33459,0.0,0.192831,0.192401,0.191137,0.0185065,0.155295,0.0675521,0.0291563,,206,21,18930,498216,0.0,2.09378,2.09033,2.07311,0.136848,1.81867,0.961189,0.42292,,233,22,25430,436715,0.0,1.99399,1.98982,1.97439,0.155637,1.67954,0.825406,0.355043,,205,21,28484,597226,0.0,2.74721,2.74197,2.71969,0.198597,2.34886,1.20004,0.512269,,208,23,18832,300445,0.0,1.4879,1.48477,1.47367,0.121775,1.24333,0.594211,0.258816,,230,21,29636,637335,0.0,2.78936,2.78412,2.76149,0.199773,2.38733,1.22188,0.52497,,239,21,25762,566145,0.0,2.45781,2.45329,2.43366,0.17157,2.09577,1.07996,0.462228,,210,22,18476,377456,0.0,1.74718,1.74386,1.73011,0.128617,1.49188,0.758851,0.325172,,217,16,16524,1407803,0.0,4.41689,4.41364,4.36271,0.150099,4.13739,2.60024,1.09764,,216,20,32014,821375,0.0,3.55309,3.54711,3.51743,0.235587,3.04583,1.6141,0.690645,,213,23,18114,290802,0.0,1.4591,1.45601,1.44501,0.119533,1.21954,0.583044,0.254978,,196,22,22646,420667,0.0,2.05328,2.04919,2.03316,0.157873,1.73239,0.85594,0.371833,,218,19,26368,918396,0.0,3.46984,3.46495,3.43343,0.196457,3.08304,1.716,0.747332,,192,20,32462,828902,0.0,3.57202,3.5659,3.53557,0.237083,3.0646,1.61469,0.700871,,200,18,28094,1172103,0.0,4.26462,4.25929,4.21827,0.216805,3.80852,2.18351,0.950874,,,,,,
215,19,30854,1001965,0.0,3.87473,3.86901,3.83385,0.228394,3.41989,1.86911,0.830568,,219,20,29990,780984,0.0,3.27772,3.2722,3.24438,0.215553,2.84112,1.49096,0.663673,,223,24,12840,183837,0.0,0.947811,0.945741,0.938882,0.0805726,0.779467,0.363264,0.15941,,235,23,17704,301828,0.0,1.35313,1.35034,1.3401,0.10538,1.13645,0.561624,0.237402,,227,19,30170,993395,0.0,3.90686,3.90119,3.8662,0.225161,3.42185,1.88033,0.822454,,195,20,28064,764646,0.0,3.17197,3.16672,3.13927,0.204478,2.76781,1.47312,0.648261,,209,20,30142,796618,0.0,3.36455,3.35893,3.33062,0.219418,2.92407,1.55637,0.671918,,234,23,16434,265862,0.0,1.24996,1.24734,1.23806,0.0982105,1.03332,0.502978,0.21417,,207,19,29318,959311,0.0,3.73383,3.72836,3.69492,0.21772,3.28906,1.80381,0.797909,,229,18,29930,1188711,0.0,4.33653,4.33088,4.28955,0.228372,3.88786,2.20408,0.968143,,204,20,31364,807463,0.0,3.40358,3.3978,3.36871,0.226746,2.95423,1.54905,0.685601,,238,21,28712,606533,0.0,2.69096,2.68602,2.66483,0.19074,2.24885,1.13858,0.501512,,225,26,5448,61911,0.0,0.337189,0.336398,0.334017,0.0307793,0.274696,0.123938,0.052671,,232,22,24676,444223,0.0,2.01972,2.01563,2.00008,0.156491,1.70592,0.838704,0.366193,,221,21,26982,586814,0.0,2.65072,2.64584,2.62477,0.185776,2.24464,1.15352,0.495945,,201,17,23256,1315865,0.0,4.4371,4.43258,4.38611,0.191131,4.07328,2.43826,1.05163,,212,23,15582,259836,0.0,1.29365,1.29096,1.28116,0.104115,1.08203,0.524663,0.226027,,222,26,6094,74378,0.0,0.389646,0.38874,0.386071,0.0345749,0.316935,0.145188,0.0615427,,220,22,25368,450587,0.0,2.14307,2.1387,2.12192,0.168213,1.80575,0.883124,0.385693,,214,25,7226,97999,0.0,0.537717,0.536516,0.532451,0.0472565,0.442946,0.202508,0.0898585,,231,24,13256,189392,0.0,0.911161,0.909123,0.902513,0.075873,0.756646,0.361577,0.15259,,228,25,9074,116472,0.0,0.588094,0.586767,0.582662,0.0512893,0.484369,0.224896,0.0950377,,224,22,22918,417909,0.0,1.98169,1.97771,1.9624,0.152279,1.6702,0.823786,0.357113,,194,15,11538,1466045,0.0,4.39256,4.39021,4.33416,0.115298,4.1748,2.72622,1.12188,,203,20,32358,825035,0.0,3.55304,3.54702,3.51711,0.233537,3.05321,1.60803,0.697641,,198,21,29716,630889,0.0,2.91391,2.90841,2.88468,0.210367,2.49159,1.26978,0.54785,,199,25,9248,118607,0.0,0.67549,0.673976,0.66912,0.0602155,0.548462,0.246951,0.109277,,202,20,31462,809760,0.0,3.42756,3.42177,3.39261,0.228567,2.97438,1.56098,0.687337,,211,22,24880,443096,0.0,2.11979,2.11549,2.099,0.166029,1.78558,0.874178,0.380734,,197,22,15832,362896,0.0,1.61212,1.60927,1.59655,0.11366,1.38656,0.714981,0.311969,,236,20,31028,796582,0.0,3.33023,3.32452,3.29643,0.218598,2.89431,1.53977,0.658177,,193,16,16352,1392862,0.0,4.3583,4.35505,4.30426,0.146572,4.07751,2.57892,1.06823,,226,22,25554,449479,0.0,2.12913,2.12473,2.10742,0.167455,1.79289,0.874323,0.383405,,237,28,1832,16884,0.0,0.10355,0.103341,0.102682,0.0103145,0.0826832,0.03494,0.0151269,,206,22,15752,350952,0.0,1.57989,1.57703,1.56461,0.112504,1.3536,0.692528,0.303392,,233,23,19340,292350,0.0,1.36756,1.36457,1.35441,0.111593,1.14126,0.55106,0.231679,,205,22,24012,428689,0.0,2.08472,2.08046,2.06435,0.161655,1.75932,0.866699,0.372844,,208,24,13510,188623,0.0,0.955987,0.953845,0.946841,0.0821419,0.791225,0.36943,0.160067,,230,22,25466,464777,0.0,2.06059,2.05641,2.04051,0.156757,1.74429,0.87019,0.371723,,239,22,21484,397421,0.0,1.75508,1.75158,1.73811,0.130908,1.47807,0.742445,0.314648,,210,23,14188,253727,0.0,1.23808,1.2356,1.22636,0.0988252,1.04498,0.512664,0.222243,,217,17,22400,1315022,0.0,4.39364,4.38932,4.34291,0.185124,4.04041,2.43354,1.04406,,216,21,29542,628559,0.0,2.89794,2.89255,2.86961,0.208457,2.44421,1.25314,0.531077,,213,24,12872,186209,0.0,0.979669,0.97753,0.970312,0.0843161,0.811349,0.376725,0.166379,,196,23,17260,283535,0.0,1.46763,1.46456,1.45359,0.11763,1.22691,0.594923,0.253496,,218,20,26192,728971,0.0,2.97121,2.96637,2.94117,0.188849,2.5965,1.39314,0.603813,,192,21,29790,629123,0.0,2.93933,2.93385,2.91004,0.212353,2.47854,1.25293,0.549945,,200,19,31298,997284,0.0,3.94436,3.93849,3.90314,0.23253,3.44871,1.88537,0.831034,,,,,,
215,20,31450,816663,0.0,3.42005,3.41426,3.38507,0.225868,2.96669,1.56036,0.68834,,219,21,27466,593437,0.0,2.67266,2.66766,2.64606,0.19201,2.284,1.16665,0.506853,,223,25,8568,111098,0.0,0.584138,0.582827,0.578681,0.0510877,0.477087,0.218945,0.0948152,,235,24,13140,195417,0.0,0.917477,0.915449,0.908821,0.075248,0.762256,0.368362,0.153006,,227,20,30474,803741,0.0,3.41657,3.41084,3.38215,0.21727,2.94324,1.57564,0.666578,,195,21,25562,578340,0.0,2.58878,2.5841,2.56272,0.182755,2.22539,1.13805,0.505589,,209,21,27376,599182,0.0,2.70369,2.69871,2.67669,0.19024,2.31483,1.19365,0.510926,,234,24,11822,170157,0.0,0.834718,0.832888,0.826959,0.0688047,0.683664,0.326537,0.13691,,207,20,29264,770061,0.0,3.24514,3.23976,3.21241,0.211822,2.81077,1.48194,0.655649,,229,19,32890,1015455,0.0,4.00618,4.00003,3.96325,0.241158,3.52568,1.91566,0.844022,,204,21,28812,614763,0.0,2.79381,2.78852,2.76581,0.20141,2.39152,1.22335,0.525428,,238,22,24206,434802,0.0,1.9538,1.94992,1.93534,0.146184,1.61315,0.798444,0.346495,,225,27,3182,34207,0.0,0.191742,0.191283,0.189969,0.0179676,0.155463,0.0692523,0.0292487,,232,23,18894,294268,0.0,1.3607,1.35778,1.34752,0.111005,1.13719,0.548524,0.23447,,221,22,22436,416946,0.0,1.97542,1.97155,1.95631,0.149556,1.64807,0.814704,0.354734,,201,18,28544,1175895,0.0,4.27801,4.27255,4.2312,0.220786,3.84883,2.2036,0.956393,,212,24,10974,165335,0.0,0.859436,0.857612,0.851356,0.0721185,0.71275,0.33611,0.146567,,222,27,3616,41059,0.0,0.223913,0.223399,0.221862,0.0204183,0.181005,0.0817398,0.0344582,,220,23,19858,303773,0.0,1.5202,1.51696,1.50556,0.12685,1.26521,0.595962,0.263881,,214,26,4516,55635,0.0,0.322216,0.321474,0.319062,0.0293441,0.263218,0.117513,0.052117,,231,25,8862,114531,0.0,0.580609,0.579279,0.575114,0.0501533,0.477967,0.222546,0.0945948,,228,26,5572,65043,0.0,0.345723,0.344905,0.342547,0.0314767,0.282427,0.127812,0.0541013,,224,23,17302,278525,0.0,1.3851,1.38221,1.37181,0.112734,1.15436,0.550375,0.242013,,194,16,17270,1412780,0.0,4.45547,4.45204,4.40042,0.154224,4.16604,2.60795,1.10293,,203,21,29870,626484,0.0,2.90585,2.90033,2.87694,0.207673,2.45712,1.25752,0.533393,,198,22,25342,454260,0.0,2.26129,2.25665,2.23885,0.174597,1.90802,0.94558,0.400555,,199,26,5922,68685,0.0,0.416174,0.415209,0.412331,0.038475,0.335178,0.147504,0.0650099,,202,21,28496,612953,0.0,2.79095,2.78574,2.76281,0.200017,2.39077,1.23016,0.522457,,211,23,19406,299594,0.0,1.51962,1.5164,1.50494,0.126837,1.26414,0.59562,0.262744,,197,23,12244,239522,0.0,1.13897,1.1368,1.12814,0.0866656,0.96654,0.478959,0.212571,,236,21,28386,603838,0.0,2.65815,2.65315,2.63173,0.191545,2.27454,1.15849,0.50422,,193,17,21674,1296614,0.0,4.31782,4.31362,4.26771,0.177736,3.97001,2.40405,1.02435,,226,23,19688,305353,0.0,1.44977,1.44662,1.43518,0.11838,1.21077,0.580886,0.250795,,237,29,964,7496,0.0,0.0513002,0.0511997,0.0509023,0.00539498,0.0404196,0.0163622,0.00706551,,206,23,12304,234195,0.0,1.12786,1.12564,1.11706,0.0851734,0.955237,0.478723,0.204586,,233,24,13666,181918,0.0,0.901308,0.899225,0.892706,0.077726,0.744245,0.348916,0.146783,,205,23,18418,287066,0.0,1.47025,1.46712,1.456,0.121168,1.22566,0.582404,0.254006,,208,25,9134,113615,0.0,0.598986,0.597606,0.593411,0.0535139,0.491311,0.224734,0.0959294,,230,23,20160,315639,0.0,1.44977,1.44663,1.43582,0.116611,1.21334,0.591154,0.248019,,239,23,16602,268219,0.0,1.22263,1.22008,1.21102,0.0953676,1.01904,0.502643,0.208685,,210,24,10034,158620,0.0,0.831888,0.830166,0.824302,0.0845887,0.697761,0.325568,0.140914,,217,18,27444,1182123,0.0,4.24036,4.23512,4.19391,0.213908,3.82525,2.20661,0.953767,,216,22,24942,448543,0.0,2.1796,2.17525,2.15849,0.169515,1.80872,0.888967,0.382227,,213,25,8714,114164,0.0,0.628959,0.627564,0.623115,0.0563341,0.516336,0.232526,0.104455,,196,24,12410,177797,0.0,0.982394,0.98023,0.973169,0.0841275,0.811167,0.378962,0.16349,,218,21,23200,546767,0.0,2.36773,2.36352,2.34406,0.161969,2.04362,1.07149,0.455176,,192,22,25200,453095,0.0,2.28535,2.28077,2.26302,0.177512,1.89895,0.924398,0.408307,,200,20,31562,801984,0.0,3.44936,3.44352,3.41458,0.228236,2.95732,1.5482,0.684818,,,,,,
215,21,28986,625196,0.0,2.80914,2.80389,2.7809,0.201254,2.40225,1.22977,0.530351,,219,22,22886,424043,0.0,2.00102,1.99703,1.98149,0.153402,1.68736,0.832368,0.364131,,223,26,5530,63886,0.0,0.353598,0.352775,0.350335,0.0322309,0.286267,0.128271,0.0553539,,235,25,8752,117804,0.0,0.58151,0.580212,0.57605,0.0495053,0.478835,0.226036,0.0938165,,227,21,28122,609098,0.0,2.73744,2.73239,2.71062,0.19167,2.31753,1.18855,0.509142,,195,22,21348,414509,0.0,1.98371,1.97985,1.96408,0.15076,1.68311,0.830316,0.372443,,209,22,23024,434147,0.0,2.04594,2.04188,2.02588,0.154486,1.72963,0.861432,0.372023,,234,25,7954,102314,0.0,0.527091,0.525883,0.522319,0.0453326,0.427795,0.199686,0.0835301,,207,21,26632,580263,0.0,2.62123,2.61641,2.5952,0.185527,2.23653,1.14786,0.4952,,229,20,33034,814946,0.0,3.47084,3.46473,3.43536,0.231058,3.00539,1.58614,0.678931,,204,22,24138,441560,0.0,2.11913,2.11486,2.09818,0.1646,1.78976,0.883049,0.381921,,238,23,18716,289684,0.0,1.35194,1.34912,1.33938,0.106834,1.1024,0.534607,0.226414,,225,28,1784,17359,0.0,0.103538,0.103299,0.102597,0.0100299,0.0833133,0.035919,0.0154535,,232,24,13534,188578,0.0,0.906434,0.90438,0.897853,0.0769563,0.751276,0.356059,0.149555,,221,23,16980,278814,0.0,1.36835,1.36554,1.35539,0.108543,1.12936,0.54338,0.238216,,201,19,31572,1000468,0.0,3.94285,3.9369,3.90114,0.234758,3.47986,1.90406,0.832393,,212,25,7402,99226,0.0,0.547534,0.546326,0.54247,0.0483921,0.449418,0.205223,0.0903876,,222,28,2018,21999,0.0,0.122804,0.122527,0.121725,0.0113872,0.0989958,0.0440903,0.0187262,,220,24,14144,190661,0.0,0.972526,0.970337,0.963263,0.0858412,0.802761,0.370871,0.161734,,214,27,2788,31086,0.0,0.188202,0.187764,0.186406,0.0178856,0.152421,0.0656094,0.0298088,,231,26,5744,66115,0.0,0.356952,0.356103,0.353649,0.0324508,0.290923,0.13144,0.0560939,,228,27,3316,34342,0.0,0.196355,0.195885,0.194589,0.018684,0.158954,0.0696947,0.0296691,,224,24,12446,177787,0.0,0.905019,0.903025,0.896452,0.0766804,0.748449,0.350659,0.152722,,194,17,23260,1317908,0.0,4.43976,4.43524,4.38844,0.190572,4.07598,2.44468,1.05043,,203,22,25266,453775,0.0,2.20934,2.20492,2.18786,0.169343,1.84231,0.910088,0.388976,,198,23,20108,309742,0.0,1.6262,1.62269,1.61029,0.134409,1.35486,0.646723,0.276761,,199,27,3504,36801,0.0,0.237642,0.237085,0.235463,0.0227126,0.189778,0.0816682,0.035864,,202,22,23954,440958,0.0,2.11818,2.11394,2.09733,0.163306,1.79015,0.884895,0.382927,,211,24,13808,189520,0.0,0.995501,0.993293,0.985974,0.0867254,0.82113,0.378573,0.166394,,197,24,8742,150178,0.0,0.761147,0.75964,0.754093,0.0615028,0.638815,0.306451,0.137394,,236,22,24040,429192,0.0,1.96428,1.96029,1.9452,0.153137,1.65843,0.815363,0.355681,,193,18,26220,1145167,0.0,4.09064,4.08562,4.0449,0.203654,3.68699,2.14017,0.915121,,226,24,14036,192594,0.0,0.953662,0.951481,0.944145,0.0816484,0.78918,0.370564,0.158282,,237,30,392,2881,0.0,0.0203823,0.0203591,0.0202501,0.00217822,0.0160171,0.00639522,0.00275566,,206,24,8808,147463,0.0,0.753911,0.752372,0.746964,0.0600931,0.631515,0.305431,0.131159,,233,25,8744,108608,0.0,0.558657,0.557385,0.553396,0.049466,0.458603,0.211018,0.0891539,,205,24,13172,183990,0.0,0.987112,0.984928,0.977741,0.0859243,0.815031,0.375428,0.165409,,208,26,5568,63344,0.0,0.351053,0.350215,0.347781,0.0324145,0.286012,0.128117,0.0547691,,230,24,14664,202034,0.0,0.983468,0.981227,0.974085,0.0836095,0.814387,0.385395,0.161806,,239,24,11836,169252,0.0,0.816624,0.81483,0.808991,0.067657,0.673213,0.321947,0.134221,,210,25,6650,91655,0.0,0.501439,0.500328,0.496767,0.0438682,0.414034,0.190767,0.0839543,,217,19,30698,1007915,0.0,3.92104,3.91526,3.88008,0.230586,3.46972,1.91074,0.834238,,216,23,19606,304272,0.0,1.53212,1.52891,1.51766,0.125345,1.25665,0.600183,0.258592,,213,26,5456,63628,0.0,0.36417,0.363312,0.360804,0.0336945,0.296753,0.132209,0.057524,,196,25,8092,103418,0.0,0.596967,0.59561,0.591423,0.0537626,0.48803,0.220542,0.0964639,,218,22,19286,394676,0.0,1.77729,1.77389,1.7601,0.130149,1.51648,0.770869,0.329182,,192,23,19850,307401,0.0,1.6723,1.66878,1.65632,0.138186,1.37037,0.642789,0.285913,,200,21,28678,604263,0.0,2.81317,2.80794,2.78549,0.202334,2.37351,1.20349,0.524566,,,,,,
215,22,24700,453524,0.0,2.13855,2.13427,2.11763,0.164935,1.8037,0.888722,0.387072,,219,23,17958,287815,0.0,1.4396,1.43659,1.42583,0.118134,1.19838,0.569704,0.251374,,223,27,3276,34325,0.0,0.201845,0.201364,0.199996,0.0191643,0.16195,0.0707029,0.0304097,,235,26,5490,68236,0.0,0.351529,0.350731,0.348307,0.03107,0.287526,0.132823,0.0553632,,227,22,23576,434120,0.0,2.05163,2.04759,2.03189,0.155048,1.71088,0.842549,0.365483,,195,23,16554,283335,0.0,1.44004,1.43706,1.42597,0.113953,1.21156,0.593328,0.254772,,209,23,18132,296718,0.0,1.47989,1.47684,1.4657,0.119075,1.23552,0.592548,0.26011,,234,26,4822,56962,0.0,0.306776,0.306054,0.303944,0.0272291,0.246933,0.112575,0.0471871,,207,22,22006,413086,0.0,1.95746,1.95357,1.93839,0.148127,1.6484,0.82022,0.354147,,229,21,30360,619822,0.0,2.78153,2.77616,2.75381,0.204557,2.37019,1.1992,0.517613,,204,23,18830,298065,0.0,1.51329,1.51008,1.49867,0.124278,1.26364,0.604881,0.261364,,238,24,13200,182509,0.0,0.902368,0.900394,0.894025,0.0750799,0.72765,0.342758,0.145574,,225,29,982,8394,0.0,0.0541515,0.0540252,0.0536817,0.00548927,0.0430499,0.0180742,0.00764149,,232,25,8878,111308,0.0,0.565941,0.564637,0.560653,0.0501003,0.464912,0.21424,0.0906778,,221,24,12016,176429,0.0,0.875102,0.873196,0.86691,0.0719878,0.716606,0.340336,0.145688,,201,20,31704,808613,0.0,3.48046,3.47461,3.44503,0.23211,3.02345,1.58239,0.69796,,212,26,4676,57274,0.0,0.333058,0.332304,0.329978,0.0304289,0.271217,0.121031,0.0534062,,222,29,1052,11635,0.0,0.0641759,0.0640299,0.0636152,0.00591459,0.0517413,0.0230501,0.00992432,,220,25,9376,113892,0.0,0.60678,0.605375,0.601112,0.0548419,0.496662,0.22467,0.0975287,,214,28,1534,15625,0.0,0.101964,0.101727,0.101008,0.0100492,0.0819493,0.0343306,0.0157304,,231,27,3374,36025,0.0,0.203356,0.202876,0.201522,0.0190168,0.164764,0.0731556,0.0309668,,228,28,1768,17958,0.0,0.103836,0.103592,0.102916,0.00994945,0.0839229,0.0366238,0.0156455,,224,25,8346,107516,0.0,0.560524,0.559254,0.555333,0.0489557,0.460013,0.211884,0.0911736,,194,18,28604,1180285,0.0,4.28556,4.28011,4.23803,0.220802,3.85603,2.2068,0.960604,,203,23,19710,309179,0.0,1.58704,1.5837,1.57191,0.129277,1.30646,0.621205,0.270363,,198,24,14580,197961,0.0,1.09628,1.09381,1.08588,0.0960647,0.903343,0.415981,0.180424,,199,28,1946,18978,0.0,0.126819,0.126526,0.125684,0.0125481,0.100559,0.0417745,0.0188832,,202,23,18524,298359,0.0,1.507,1.50381,1.49245,0.12245,1.25983,0.606746,0.260732,,211,25,9212,115458,0.0,0.613725,0.61233,0.607959,0.0549281,0.503009,0.228386,0.0995605,,197,25,5818,86972,0.0,0.473236,0.472246,0.468844,0.0406323,0.392382,0.18224,0.0816416,,236,23,18460,288852,0.0,1.33905,1.33622,1.32628,0.108577,1.12016,0.541645,0.23181,,193,19,28352,963791,0.0,3.70724,3.7019,3.66824,0.211777,3.28226,1.82784,0.787794,,226,25,9380,115149,0.0,0.598083,0.596671,0.592163,0.0531355,0.490629,0.225259,0.0957869,,237,31,142,955,0.0,0.00693445,0.00692677,0.00689459,0.000786566,0.00537213,0.00194345,0.000960675,,206,25,5844,84586,0.0,0.467655,0.46663,0.463247,0.0398326,0.386785,0.181988,0.078071,,233,26,5502,63643,0.0,0.339795,0.338997,0.336659,0.0311464,0.27725,0.124562,0.0532681,,205,25,8782,109881,0.0,0.606616,0.605221,0.600899,0.0541826,0.497499,0.226542,0.0978341,,208,27,3172,33924,0.0,0.192054,0.191599,0.190305,0.0181331,0.155765,0.0691815,0.0290183,,230,25,9944,122492,0.0,0.632107,0.630636,0.626201,0.05631,0.518275,0.238131,0.100363,,239,25,7806,99562,0.0,0.510783,0.509624,0.506109,0.0444971,0.416815,0.193387,0.081123,,210,26,4234,51143,0.0,0.302128,0.301439,0.299346,0.0275219,0.246882,0.111292,0.0477313,,217,20,30716,809930,0.0,3.40402,3.39829,3.3693,0.221185,2.96352,1.58355,0.676591,,216,24,14100,192399,0.0,0.992915,0.990691,0.983629,0.0851749,0.806115,0.377004,0.160371,,213,27,3096,33777,0.0,0.200459,0.199988,0.198586,0.019064,0.162479,0.0706974,0.0314052,,196,26,4984,57631,0.0,0.355564,0.354736,0.352257,0.0329023,0.288354,0.127403,0.0556545,,218,23,14908,260078,0.0,1.24804,1.2455,1.23608,0.0992579,1.05046,0.512596,0.221658,,192,24,14130,194650,0.0,1.12384,1.12134,1.11318,0.096296,0.912755,0.423036,0.182724,,200,22,23650,426574,0.0,2.12296,2.1187,2.10238,0.162609,1.76758,0.872674,0.374499,,,,,,
215,23,19302,306775,0.0,1.53206,1.52884,1.5172,0.126074,1.27549,0.60391,0.267618,,219,24,12910,181960,0.0,0.965559,0.963453,0.956446,0.0839301,0.794665,0.364749,0.162562,,223,28,1796,17905,0.0,0.110174,0.109923,0.109201,0.010731,0.0879437,0.0375207,0.0164404,,235,27,3170,38126,0.0,0.200062,0.1996,0.198288,0.0179476,0.163271,0.0749184,0.0310807,,227,23,18172,289965,0.0,1.38909,1.3862,1.37591,0.109663,1.147,0.553675,0.237432,,195,24,11870,181482,0.0,0.968097,0.966002,0.958816,0.0808226,0.806302,0.381307,0.167336,,209,24,13008,191436,0.0,0.968905,0.966791,0.959655,0.0807261,0.803439,0.380099,0.164525,,234,27,2946,30804,0.0,0.178265,0.17785,0.176688,0.0165743,0.14203,0.0627748,0.0263824,,207,23,16932,276055,0.0,1.38148,1.37863,1.36822,0.111477,1.14808,0.549339,0.24191,,229,22,25304,443938,0.0,2.07141,2.06716,2.05107,0.162683,1.74438,0.852767,0.372253,,204,24,13352,189574,0.0,1.01081,1.00858,1.00095,0.0873086,0.83567,0.386712,0.170445,,238,25,8876,111582,0.0,0.580182,0.578884,0.574868,0.0501555,0.463216,0.212314,0.0910772,,225,30,458,3613,0.0,0.0245639,0.0245098,0.0243609,0.00256165,0.0194422,0.00799675,0.00338286,,232,26,5454,62675,0.0,0.334883,0.334097,0.331783,0.0307842,0.273106,0.122927,0.0522406,,221,25,7970,106073,0.0,0.550109,0.5489,0.54506,0.0472677,0.446817,0.207327,0.0891697,,201,21,29150,614310,0.0,2.83259,2.82722,2.80418,0.20775,2.42179,1.23218,0.530998,,212,27,2796,30965,0.0,0.190197,0.189764,0.188495,0.0187102,0.153581,0.0661634,0.0295049,,222,30,552,6070,0.0,0.0336096,0.0335392,0.0333258,0.00310388,0.027105,0.0120371,0.00516096,,220,26,5754,63908,0.0,0.353413,0.352571,0.350129,0.0329255,0.287403,0.128108,0.0547765,,214,29,800,7495,0.0,0.0502152,0.0501049,0.0497623,0.0051253,0.0400911,0.0163468,0.00755169,,231,28,1790,18807,0.0,0.106957,0.106724,0.106028,0.0100948,0.0865619,0.0381517,0.0163252,,228,29,940,9041,0.0,0.0539534,0.0538346,0.0534904,0.00529158,0.0434079,0.0186688,0.00795443,,224,26,5054,61150,0.0,0.329229,0.32847,0.326229,0.0296387,0.268867,0.121734,0.0526172,,194,19,31464,1007568,0.0,3.94909,3.94315,3.90709,0.234272,3.48854,1.9133,0.838397,,203,24,14390,197384,0.0,1.04159,1.03926,1.03177,0.0887459,0.84943,0.396108,0.16999,,198,25,9534,115501,0.0,0.680061,0.678495,0.673624,0.0619686,0.55502,0.248364,0.108347,,199,29,988,9313,0.0,0.0651273,0.0649834,0.0645526,0.00642513,0.0515894,0.0218675,0.00940339,,202,24,13212,190478,0.0,1.01085,1.00863,1.00121,0.0867381,0.836974,0.390001,0.170412,,211,26,5844,65784,0.0,0.365398,0.364541,0.362029,0.033989,0.29713,0.132392,0.0568241,,197,26,3594,49206,0.0,0.281109,0.280496,0.278518,0.0250866,0.231322,0.104958,0.0472539,,236,24,13036,181238,0.0,0.875466,0.873492,0.867177,0.0743706,0.72577,0.343606,0.144938,,193,20,28158,762728,0.0,3.1756,3.17037,3.14317,0.204867,2.76113,1.47099,0.640375,,226,26,5806,66540,0.0,0.358722,0.357871,0.355274,0.0328124,0.292623,0.132148,0.0560684,,237,32,46,350,0.0,0.00221684,0.00221501,0.00220125,0.00025327,0.00170786,0.000542224,0.000341628,,206,26,3666,49737,0.0,0.283341,0.282732,0.280808,0.0248878,0.233069,0.107168,0.0466822,,233,27,3324,35705,0.0,0.198978,0.198519,0.1972,0.0187272,0.161432,0.0712068,0.0306066,,205,26,5426,62269,0.0,0.354741,0.353912,0.351443,0.032765,0.289051,0.128998,0.0557866,,208,28,1716,17213,0.0,0.100892,0.100651,0.0999813,0.009687,0.0815053,0.0357002,0.0149979,,230,26,6132,69951,0.0,0.376673,0.37581,0.37325,0.0346244,0.306916,0.137967,0.0586377,,239,26,4804,56164,0.0,0.302532,0.301842,0.299866,0.0271772,0.245123,0.111548,0.0466409,,210,27,2418,26894,0.0,0.167756,0.167359,0.166202,0.0158264,0.136051,0.0597877,0.0260508,,217,21,28324,615616,0.0,2.75224,2.7471,2.72487,0.195657,2.35935,1.21483,0.517992,,216,25,9372,115293,0.0,0.620452,0.61903,0.614691,0.0546894,0.499743,0.229466,0.0969411,,213,28,1734,18093,0.0,0.11002,0.109768,0.109036,0.010608,0.0889293,0.0386301,0.0167765,,196,27,2976,30934,0.0,0.201261,0.20079,0.199439,0.0196082,0.161663,0.0687032,0.0307294,,218,24,10486,166458,0.0,0.83179,0.830041,0.823862,0.0687465,0.694038,0.32931,0.14475,,192,25,9400,117006,0.0,0.714975,0.713332,0.708288,0.0634039,0.575902,0.261409,0.111899,,200,23,18222,286512,0.0,1.49603,1.49288,1.48181,0.121338,1.23011,0.586552,0.254691,,,,,,
215,24,13996,197298,0.0,1.01994,1.01768,1.01021,0.0878182,0.841933,0.390417,0.171604,,219,25,8648,107763,0.0,0.59364,0.592284,0.588118,0.0531797,0.484758,0.218851,0.0962477,,223,29,928,9003,0.0,0.0553272,0.0552033,0.0548405,0.00540101,0.0440848,0.0188142,0.00814095,,235,28,1710,20063,0.0,0.10633,0.10609,0.105372,0.00970064,0.0865739,0.0392431,0.0165436,,227,24,13124,185332,0.0,0.925482,0.923435,0.916761,0.0766762,0.756502,0.356759,0.151445,,195,25,8060,111117,0.0,0.629843,0.628441,0.623851,0.0560408,0.520422,0.240048,0.104864,,209,25,8956,118523,0.0,0.612907,0.611538,0.60712,0.0528697,0.504143,0.234436,0.100679,,234,28,1614,15402,0.0,0.0942421,0.0940243,0.0934325,0.00908361,0.0744837,0.0320761,0.0136015,,207,24,12018,173804,0.0,0.920314,0.91833,0.911628,0.0785268,0.757271,0.351127,0.155507,,229,23,19742,299308,0.0,1.41774,1.41467,1.40406,0.116621,1.1822,0.566687,0.242803,,204,25,9184,116934,0.0,0.657341,0.655873,0.651092,0.0594074,0.538295,0.241,0.107853,,238,26,5686,63951,0.0,0.35465,0.353854,0.351554,0.032007,0.280042,0.124827,0.0536237,,225,31,188,1419,0.0,0.00992811,0.00990669,0.00985183,0.00105564,0.00784235,0.00319123,0.00135394,,232,27,3220,33286,0.0,0.189514,0.189066,0.187826,0.0181281,0.153329,0.0671718,0.0286104,,221,26,4958,62466,0.0,0.329722,0.328977,0.326743,0.0287038,0.266712,0.122717,0.0521941,,201,22,24662,442127,0.0,2.16927,2.16484,2.14801,0.168477,1.82982,0.903137,0.386514,,212,28,1504,14949,0.0,0.0980505,0.0978267,0.0971734,0.00969333,0.0784197,0.0328346,0.0148266,,222,31,314,3321,0.0,0.0187514,0.0187141,0.0185902,0.00177102,0.015053,0.00659992,0.00283475,,220,27,3266,33919,0.0,0.193472,0.192982,0.191677,0.0184573,0.156598,0.0689224,0.0293561,,214,30,404,3211,0.0,0.0235179,0.0234712,0.0233171,0.00250364,0.0186123,0.00737881,0.00335436,,231,29,938,9474,0.0,0.0551328,0.0550139,0.0546618,0.00529952,0.0445007,0.0193929,0.00830069,,228,30,484,4415,0.0,0.0271548,0.0270966,0.0269272,0.00270845,0.0217439,0.0091901,0.00395327,,224,27,3006,32975,0.0,0.189111,0.188659,0.187367,0.0177528,0.153035,0.067326,0.029224,,194,20,31822,814699,0.0,3.4593,3.45339,3.4235,0.23091,3.00123,1.57573,0.693607,,203,25,9638,118465,0.0,0.641458,0.63998,0.635508,0.0566148,0.518704,0.237552,0.1004,,198,26,5828,66782,0.0,0.405089,0.404143,0.401327,0.0378943,0.329072,0.144615,0.0636417,,199,30,468,4749,0.0,0.0312453,0.0311763,0.0309755,0.00309657,0.0249165,0.0105602,0.00464886,,202,25,8894,116350,0.0,0.644549,0.643115,0.638495,0.0575823,0.529004,0.238914,0.106342,,211,27,3324,35558,0.0,0.204492,0.204008,0.202604,0.0195663,0.165549,0.0724649,0.031266,,197,27,2056,26276,0.0,0.156399,0.156055,0.15499,0.014229,0.127997,0.0570908,0.0256996,,236,25,8666,107853,0.0,0.552054,0.550785,0.546935,0.0488632,0.453352,0.209299,0.0883757,,193,21,25434,571146,0.0,2.56619,2.56157,2.5405,0.18217,2.19619,1.12354,0.49268,,226,27,3288,36345,0.0,0.199839,0.199369,0.197983,0.0185992,0.162611,0.0726231,0.0308696,,237,33,26,189,0.0,0.00117869,0.0011778,0.00117168,0.000140551,0.000893953,0.000264256,0.00017942,,206,27,2080,25281,0.0,0.152816,0.15248,0.151399,0.014023,0.124355,0.0554592,0.0242733,,233,28,1890,18791,0.0,0.109658,0.109406,0.108723,0.0106196,0.0884156,0.0382019,0.0163257,,205,27,3148,32786,0.0,0.195512,0.195051,0.193708,0.018683,0.158193,0.0689873,0.0298639,,208,29,932,8615,0.0,0.0529251,0.052803,0.0524662,0.00521889,0.0424823,0.0181977,0.00770244,,230,27,3626,37563,0.0,0.214379,0.213878,0.21248,0.0204738,0.173402,0.0758898,0.032498,,239,27,2706,28162,0.0,0.162308,0.161935,0.160895,0.0152778,0.130215,0.0572826,0.0242105,,210,28,1362,14236,0.0,0.094747,0.0945258,0.0938889,0.00908113,0.0765086,0.0332773,0.0143116,,217,22,23848,442433,0.0,2.07825,2.07409,2.05767,0.159289,1.75789,0.873684,0.375391,,216,26,5968,65330,0.0,0.373288,0.372423,0.369867,0.0344007,0.297589,0.133379,0.0557092,,213,29,892,8668,0.0,0.0550205,0.0549034,0.0545485,0.00543212,0.0442333,0.0188696,0.0082058,,196,28,1580,15242,0.0,0.10663,0.106374,0.105658,0.0103519,0.0854432,0.037143,0.0152609,,218,25,7080,102519,0.0,0.528851,0.527716,0.523882,0.0455397,0.438242,0.20331,0.0902416,,192,26,5874,67847,0.0,0.432887,0.43189,0.428856,0.0395316,0.346296,0.154133,0.0662662,,200,24,12858,178772,0.0,0.990681,0.988515,0.981323,0.084835,0.805534,0.373355,0.162108,,,,,,
215,25,9220,121345,0.0,0.627358,0.625947,0.621476,0.0550206,0.515826,0.237538,0.103105,,219,26,5264,60402,0.0,0.343475,0.342673,0.340334,0.0317202,0.278693,0.123451,0.0542042,,223,30,486,4206,0.0,0.0275732,0.0275107,0.027341,0.00278627,0.0218079,0.00908738,0.00389953,,235,29,1000,11389,0.0,0.0610669,0.0609369,0.0605765,0.0056489,0.0495992,0.022255,0.00935555,,227,25,8748,112207,0.0,0.582146,0.580843,0.576841,0.0496509,0.472076,0.219205,0.0919577,,195,26,5154,66012,0.0,0.387586,0.386717,0.383985,0.034729,0.318106,0.14423,0.0632135,,209,26,5570,70687,0.0,0.373174,0.372329,0.369719,0.0328665,0.305958,0.140501,0.0605891,,234,29,804,7334,0.0,0.0461162,0.0460209,0.045737,0.00453534,0.036284,0.0153941,0.00656687,,207,25,7974,105625,0.0,0.572623,0.571335,0.56729,0.0506501,0.468365,0.214028,0.0938636,,229,24,14216,191035,0.0,0.942542,0.94037,0.933543,0.080975,0.7791,0.366169,0.154341,,204,26,5806,68314,0.0,0.390435,0.38953,0.386857,0.0359781,0.318456,0.14212,0.0620324,,238,27,3290,34516,0.0,0.199443,0.198996,0.197775,0.0185158,0.156648,0.0683553,0.029663,,225,32,68,497,0.0,0.00355348,0.0035483,0.00352886,0.000377144,0.00281108,0.00113065,0.000474401,,232,28,1726,16842,0.0,0.0991825,0.0989532,0.098317,0.00968408,0.0798748,0.0343756,0.0147379,,221,27,2938,33715,0.0,0.185347,0.184916,0.183671,0.0166845,0.148633,0.0672696,0.0283532,,201,23,19186,293670,0.0,1.53281,1.5295,1.51799,0.127254,1.27593,0.607292,0.260972,,212,29,768,6953,0.0,0.0471806,0.0470816,0.0467937,0.00484659,0.0375103,0.0152642,0.00696494,,222,32,184,1677,0.0,0.0103527,0.0103364,0.0102696,0.00101559,0.00822339,0.00344918,0.00151123,,220,28,1764,16934,0.0,0.101419,0.101179,0.100507,0.00995933,0.0815975,0.0351363,0.0149939,,214,31,192,1331,0.0,0.0107476,0.010725,0.0106622,0.00117681,0.00842479,0.00324414,0.00146399,,231,30,480,4729,0.0,0.0277797,0.0277248,0.0275539,0.00269481,0.022367,0.0096489,0.00416897,,228,31,232,2082,0.0,0.012938,0.0129095,0.012835,0.00129759,0.0103583,0.0043812,0.00186098,,224,28,1708,16842,0.0,0.102458,0.102217,0.101543,0.00989813,0.0823231,0.0354632,0.0152866,,194,21,29236,619384,0.0,2.8502,2.84483,2.82153,0.209018,2.43486,1.22795,0.543185,,203,26,6018,66967,0.0,0.386133,0.385232,0.382589,0.0354862,0.309321,0.137447,0.0587506,,198,27,3410,37030,0.0,0.231076,0.230524,0.228936,0.0220091,0.186875,0.0811341,0.0355855,,199,31,252,2098,0.0,0.0155166,0.0154839,0.01539,0.00163165,0.0121585,0.00485748,0.00219029,,202,26,5618,66714,0.0,0.380556,0.379662,0.376973,0.0347202,0.310475,0.139359,0.060222,,211,28,1844,18565,0.0,0.112506,0.112246,0.111512,0.0110333,0.090499,0.0386797,0.0169027,,197,28,1160,13367,0.0,0.0844753,0.0842899,0.0836937,0.00803279,0.0684302,0.0296113,0.0134362,,236,26,5190,60584,0.0,0.321321,0.320577,0.318364,0.0293076,0.26241,0.118669,0.0504846,,193,22,21184,405589,0.0,1.95624,1.95244,1.93721,0.149349,1.65117,0.814921,0.359853,,226,28,1786,18906,0.0,0.106828,0.106584,0.105805,0.010108,0.0866098,0.0380425,0.0164726,,237,34,10,94,0.0,0.000460421,0.000460078,0.000459286,5.3997e-05,0.000353982,0.000104805,7.5512e-05,,206,28,1146,13112,0.0,0.0803372,0.0801561,0.0796397,0.00765725,0.0649415,0.027926,0.0127761,,233,29,956,8514,0.0,0.0530721,0.0529538,0.0526291,0.00537551,0.0424244,0.0177158,0.00772375,,205,28,1742,16660,0.0,0.103883,0.103637,0.102948,0.0101725,0.0835475,0.0358622,0.0153571,,208,30,468,3852,0.0,0.0253486,0.0252963,0.0251484,0.00260839,0.0201595,0.00836977,0.00357138,,230,28,2024,19128,0.0,0.115477,0.115218,0.114513,0.0114141,0.0927908,0.03959,0.0170084,,239,28,1426,14804,0.0,0.0849769,0.0847878,0.0842713,0.00804181,0.0681054,0.0298125,0.0127104,,210,29,698,6712,0.0,0.044887,0.0447846,0.0444934,0.00453288,0.0359809,0.0150052,0.00673611,,217,23,18700,302156,0.0,1.48095,1.47781,1.46659,0.120026,1.23891,0.597233,0.258033,,216,27,3378,35332,0.0,0.206661,0.206132,0.204795,0.0194545,0.164209,0.072687,0.0302899,,213,30,438,4139,0.0,0.0264141,0.0263637,0.0261929,0.00266701,0.0211759,0.00882631,0.0039594,,196,29,792,7361,0.0,0.0518782,0.0517571,0.051422,0.00516498,0.0414194,0.0176286,0.00741311,,218,26,4570,61119,0.0,0.322183,0.32146,0.319211,0.0281538,0.265577,0.122463,0.053,,192,27,3556,37335,0.0,0.252219,0.251634,0.249916,0.0239041,0.200216,0.0868737,0.037557,,200,25,8492,106847,0.0,0.617446,0.616075,0.611722,0.0550724,0.497296,0.223183,0.0985417,,,,,,
215,26,5798,70608,0.0,0.375279,0.374404,0.371772,0.0338854,0.306775,0.139103,0.0599886,,219,27,3048,31229,0.0,0.18744,0.186988,0.185753,0.0180657,0.150739,0.0651275,0.0282642,,223,31,224,1828,0.0,0.0124954,0.0124698,0.0123975,0.00128048,0.00985261,0.00406974,0.00173104,,235,30,512,4691,0.0,0.0288143,0.0287567,0.0285883,0.00285301,0.0229928,0.00969215,0.00418741,,227,26,5316,64457,0.0,0.344325,0.343547,0.341212,0.0301258,0.277787,0.127196,0.0533948,,195,27,3086,35280,0.0,0.219948,0.219437,0.217953,0.0205688,0.178949,0.0791929,0.034459,,209,27,3416,39553,0.0,0.219235,0.218723,0.217221,0.0201112,0.17831,0.0800396,0.0345162,,234,30,402,3140,0.0,0.0218794,0.0218389,0.0217145,0.00225096,0.0170243,0.00695966,0.00296192,,207,26,4992,61100,0.0,0.34066,0.33988,0.337516,0.0307274,0.276775,0.124519,0.054307,,229,25,9376,115325,0.0,0.595517,0.594123,0.589908,0.0529018,0.488404,0.22438,0.0947749,,204,27,3302,35732,0.0,0.213594,0.213089,0.21164,0.0203825,0.172997,0.0757217,0.0328027,,238,28,1774,17315,0.0,0.104457,0.104234,0.103604,0.00999419,0.0815536,0.0348102,0.0151934,,225,33,22,202,0.0,0.00114753,0.00114682,0.00114103,0.00012103,0.000906775,0.000348707,0.000169731,,232,29,892,8156,0.0,0.0500167,0.0499127,0.0495956,0.00501736,0.0400696,0.0168238,0.00734953,,221,28,1680,17790,0.0,0.102444,0.102211,0.101529,0.00951721,0.0817721,0.0362096,0.0153745,,201,24,13604,185946,0.0,1.01557,1.01331,1.00588,0.0889369,0.836973,0.384941,0.168035,,212,30,334,3128,0.0,0.0208197,0.0207802,0.0206479,0.00210079,0.0165663,0.0067647,0.00312093,,222,33,94,915,0.0,0.00536931,0.00536072,0.00532873,0.000524964,0.00427786,0.00180447,0.00079845,,220,29,928,8779,0.0,0.0531913,0.0530713,0.0527158,0.00529242,0.0427058,0.0182401,0.00782147,,214,32,74,400,0.0,0.00385201,0.00384627,0.00382692,0.000443529,0.00298462,0.00108608,0.000474521,,231,31,226,2236,0.0,0.0130453,0.0130278,0.0129457,0.00125921,0.0104996,0.0045015,0.00198143,,228,32,108,881,0.0,0.0058443,0.00583361,0.00579534,0.000595926,0.00463929,0.00188286,0.000830768,,224,29,886,8299,0.0,0.0516566,0.0515385,0.0512025,0.0050898,0.0413048,0.0175259,0.00760597,,194,22,24470,445001,0.0,2.18934,2.18493,2.16758,0.170443,1.84752,0.907876,0.395761,,203,27,3474,35509,0.0,0.213332,0.21283,0.211413,0.0201845,0.1698,0.0742314,0.0315766,,198,28,1868,19705,0.0,0.126603,0.126313,0.125408,0.0123023,0.102079,0.0435045,0.0194836,,199,32,110,918,0.0,0.00671765,0.0067051,0.00666972,0.00070047,0.00524756,0.00208521,0.000940083,,202,27,3386,36280,0.0,0.218325,0.217818,0.21632,0.0207902,0.176696,0.0769645,0.0336551,,211,29,944,8619,0.0,0.0547594,0.054632,0.0542781,0.00548212,0.043832,0.0184937,0.00798265,,197,29,628,7067,0.0,0.0452405,0.0451376,0.0448236,0.00427274,0.0367169,0.0162682,0.00696031,,236,27,3040,33221,0.0,0.183107,0.182686,0.18148,0.0171958,0.148803,0.0661802,0.0281925,,193,23,16218,272992,0.0,1.40331,1.40041,1.38986,0.113054,1.17302,0.566889,0.246231,,226,29,1058,10840,0.0,0.0623033,0.0621577,0.0617366,0.00595998,0.050392,0.0219583,0.00945005,,,,,,,,,,,,,,,206,29,580,5360,0.0,0.0380539,0.037967,0.0377032,0.00386625,0.0302706,0.0123654,0.00566968,,233,30,480,3725,0.0,0.0253741,0.02533,0.0251894,0.00266403,0.0200857,0.00813782,0.00350034,,205,29,866,8109,0.0,0.0515809,0.0514679,0.0511405,0.0051393,0.0414005,0.0174703,0.0077405,,208,31,192,1419,0.0,0.010042,0.010026,0.00997112,0.00107511,0.00792673,0.0032042,0.0013568,,230,29,1002,9073,0.0,0.056191,0.0560748,0.055726,0.00564893,0.0449787,0.0189128,0.0082196,,239,29,718,7007,0.0,0.0418164,0.0417252,0.041473,0.00403339,0.0333459,0.0143684,0.00610185,,210,30,350,3121,0.0,0.0215933,0.0215467,0.0214179,0.00224783,0.0171845,0.00693788,0.00317947,,217,24,13182,194607,0.0,0.948067,0.945962,0.938994,0.0792507,0.788655,0.376305,0.160236,,216,28,1786,17687,0.0,0.107357,0.107113,0.106422,0.0104558,0.0848678,0.0369722,0.0154813,,213,31,220,2102,0.0,0.013449,0.0134186,0.0133415,0.00134769,0.0107651,0.00448361,0.00201344,,196,30,356,3141,0.0,0.0225801,0.0225326,0.0223796,0.00229713,0.0179352,0.00734565,0.00328947,,218,27,2724,33647,0.0,0.185631,0.18521,0.18391,0.0167277,0.152118,0.0688653,0.0299071,,192,28,1972,18909,0.0,0.134798,0.134483,0.133603,0.0132044,0.106119,0.0447042,0.019644,,200,26,5164,60568,0.0,0.366807,0.365975,0.363463,0.0335095,0.293723,0.130009,0.0571144,,,,,,
215,27,3534,40210,0.0,0.224018,0.223499,0.221932,0.0208954,0.181867,0.0803102,0.0354102,,219,28,1570,15406,0.0,0.093753,0.0935469,0.092916,0.00916926,0.0751532,0.0322171,0.0139224,,223,32,90,757,0.0,0.00506258,0.00505369,0.00502232,0.000508252,0.00399389,0.00163734,0.000716078,,235,31,254,2219,0.0,0.0140305,0.0140052,0.0139285,0.00142586,0.0111726,0.0046598,0.00198365,,227,27,3144,34997,0.0,0.195938,0.195484,0.194194,0.0177479,0.157008,0.0702664,0.0294985,,195,28,1652,17194,0.0,0.111256,0.110999,0.110249,0.0109088,0.0896853,0.03809,0.0171425,,209,28,1918,20833,0.0,0.118881,0.118612,0.117803,0.0111706,0.0962089,0.0426328,0.0182299,,234,31,158,1271,0.0,0.00861177,0.00859537,0.00854927,0.000879349,0.00671303,0.00275467,0.00116387,,207,27,2932,33166,0.0,0.191168,0.190734,0.189441,0.0177831,0.154293,0.0680993,0.0298736,,229,26,5884,64746,0.0,0.357224,0.356374,0.353928,0.0333019,0.290467,0.129465,0.0550356,,204,28,1818,18319,0.0,0.114096,0.113825,0.11306,0.0111167,0.0919566,0.0395707,0.0172236,,238,29,910,8569,0.0,0.0528171,0.0527076,0.0523861,0.00512437,0.040974,0.0172515,0.00760807,,225,34,10,33,0.0,0.000397649,0.00039735,0.00039568,5.4019e-05,0.000290593,6.5995e-05,4.9403e-05,,232,30,472,3819,0.0,0.0252673,0.0252166,0.0250608,0.00263557,0.0200453,0.00813033,0.00356797,,221,29,940,9424,0.0,0.0560882,0.0559716,0.0556293,0.00530252,0.0445123,0.0194639,0.0082488,,201,25,8984,109973,0.0,0.640285,0.638836,0.634294,0.0582678,0.522899,0.234384,0.102457,,212,31,160,1234,0.0,0.00952807,0.00951478,0.00945682,0.00103114,0.0074855,0.0028806,0.00135003,,222,34,50,416,0.0,0.00259389,0.00259148,0.00257905,0.000272036,0.00201674,0.000755579,0.00038382,,220,30,502,4264,0.0,0.0274626,0.0274045,0.0272384,0.00280304,0.0218994,0.00915107,0.00389709,,214,33,18,67,0.0,0.000837824,0.000837226,0.000834331,0.000106997,0.000628777,0.000198977,9.7739e-05,,231,32,114,1249,0.0,0.00684728,0.00683725,0.00678914,0.000634785,0.0055559,0.00241004,0.00109782,,228,33,64,420,0.0,0.00306987,0.00306717,0.00305249,0.000349122,0.00238048,0.000852054,0.000412099,,224,30,462,4098,0.0,0.0263214,0.0262708,0.0260914,0.00263455,0.0209628,0.00877306,0.00379653,,194,23,18944,302642,0.0,1.58596,1.58257,1.5705,0.129116,1.32519,0.638145,0.273676,,203,28,1912,18081,0.0,0.113331,0.113065,0.112326,0.0109844,0.0896342,0.0384853,0.0163447,,198,29,1124,10486,0.0,0.0705494,0.0703844,0.0699341,0.00714119,0.0563546,0.0232856,0.0104378,,199,33,36,257,0.0,0.00211941,0.00211691,0.00210049,0.000230967,0.00164066,0.000604169,0.00030882,,202,28,1882,18599,0.0,0.118106,0.11782,0.117018,0.0115297,0.0950561,0.040784,0.0176465,,211,30,460,3927,0.0,0.0257343,0.0256802,0.0255174,0.0026222,0.0204881,0.00850582,0.00364425,,197,30,346,3324,0.0,0.0236236,0.023574,0.0234235,0.00233101,0.0189476,0.00811512,0.00345304,,236,28,1706,17148,0.0,0.0990712,0.0988466,0.0982142,0.0095642,0.0799368,0.0346979,0.0149145,,193,24,11778,172287,0.0,0.947863,0.945787,0.93893,0.0800103,0.783506,0.370089,0.1579,,226,30,564,5312,0.0,0.0320953,0.0320216,0.0318171,0.0031655,0.0257811,0.0110273,0.004721,,,,,,,,,,,,,,,206,30,292,2684,0.0,0.0192905,0.019252,0.0191345,0.00195133,0.0153568,0.00633869,0.00281951,,233,31,190,1475,0.0,0.00995134,0.00993385,0.00988012,0.00105463,0.00787004,0.00314245,0.00138368,,205,30,398,3661,0.0,0.0231809,0.0231326,0.0229868,0.00232283,0.0185465,0.00781135,0.00336862,,208,32,72,533,0.0,0.00379639,0.00379162,0.00377199,0.00039863,0.00300762,0.00121111,0.000508804,,230,30,522,4574,0.0,0.0286578,0.028595,0.0284346,0.00290477,0.0228606,0.00955697,0.00410487,,239,30,364,3128,0.0,0.0201972,0.0201575,0.0200367,0.0020334,0.0159206,0.00658929,0.00285854,,210,31,146,1217,0.0,0.00885627,0.00883898,0.00878786,0.000936044,0.00702844,0.00280103,0.00129888,,217,25,8974,119112,0.0,0.608003,0.606624,0.602246,0.0529196,0.501356,0.233662,0.0987856,,216,29,922,8815,0.0,0.0544459,0.0543281,0.0539897,0.00528912,0.042927,0.0185705,0.00776749,,213,32,96,833,0.0,0.00560675,0.00559727,0.005559,0.000573821,0.00446622,0.00179214,0.000826945,,196,31,188,1610,0.0,0.0116659,0.0116412,0.0115668,0.0012066,0.00924015,0.00374236,0.00165996,,218,28,1660,17744,0.0,0.106203,0.105957,0.105267,0.0102094,0.0859453,0.0371398,0.016389,,192,29,1018,8946,0.0,0.0666815,0.0665285,0.0660924,0.00678088,0.052072,0.0211216,0.00956523,,200,27,2958,32590,0.0,0.205367,0.204897,0.203485,0.0192285,0.163623,0.0712682,0.0313707,,,,,,
215,28,2118,21959,0.0,0.128385,0.128074,0.127185,0.0122834,0.103462,0.0449251,0.0195108,,219,29,832,7451,0.0,0.0480277,0.0479301,0.0476311,0.00486572,0.0382585,0.0160134,0.00687909,,223,33,48,354,0.0,0.00254359,0.00254094,0.0025257,0.000269411,0.00198146,0.000775006,0.000351437,,235,32,106,779,0.0,0.00550634,0.00549924,0.00547004,0.000583295,0.00431626,0.00170463,0.000752937,,227,28,1760,18317,0.0,0.106913,0.106668,0.105963,0.00993886,0.085012,0.0372984,0.0157626,,195,29,838,8830,0.0,0.0579575,0.0578226,0.0574497,0.00554683,0.0468403,0.0206112,0.00860153,,209,29,1080,10278,0.0,0.0635553,0.0634063,0.063017,0.00620495,0.050955,0.0219327,0.00939858,,234,32,58,466,0.0,0.00315329,0.0031491,0.00312896,0.000325447,0.0024715,0.000975856,0.0004506,,207,28,1600,16951,0.0,0.10078,0.10054,0.099846,0.0095037,0.0810163,0.0353402,0.0154595,,229,27,3438,34869,0.0,0.201434,0.200991,0.19967,0.0193544,0.162744,0.0711444,0.030116,,204,29,972,9247,0.0,0.0595565,0.0594167,0.0590172,0.00594163,0.0477603,0.0201245,0.00883039,,238,30,484,4132,0.0,0.0267339,0.026709,0.0265685,0.00270367,0.0205338,0.00818427,0.00380833,,225,35,2,6,0.0,7.1305e-05,7.1206e-05,7.097e-05,1.0595e-05,4.9565e-05,9.183e-06,8.369e-06,,232,31,224,1527,0.0,0.0113695,0.0113452,0.0112812,0.00125484,0.00891198,0.00345213,0.00153191,,221,30,470,3955,0.0,0.0264568,0.0264054,0.0262568,0.00266343,0.0207211,0.00863673,0.0036478,,201,26,5478,62037,0.0,0.374415,0.373545,0.37095,0.0354418,0.303653,0.131903,0.0589985,,212,32,76,438,0.0,0.00418124,0.0041758,0.00415184,0.000480016,0.00322124,0.00114301,0.00054776,,222,35,18,142,0.0,0.000863358,0.000862762,0.00085851,9.6854e-05,0.000660115,0.000203714,0.000142032,,220,31,212,1661,0.0,0.0112688,0.0112417,0.0111768,0.00118795,0.00892238,0.00364617,0.00157825,,214,34,2,5,0.0,8.2523e-05,8.2413e-05,8.2245e-05,1.128e-05,5.9965e-05,1.4523e-05,8.065e-06,,231,33,72,804,0.0,0.00404115,0.00403742,0.00401598,0.000395794,0.00324405,0.0012965,0.000665614,,228,34,22,109,0.0,0.000941116,0.000940448,0.000936623,0.000121247,0.000708478,0.00019673,0.000125122,,224,31,238,1846,0.0,0.0129766,0.0129522,0.0128805,0.00134969,0.010241,0.00418154,0.00177354,,194,24,13508,195151,0.0,1.06685,1.06447,1.0565,0.0911595,0.883609,0.413585,0.17932,,203,29,976,8860,0.0,0.0565115,0.056382,0.0560287,0.00554864,0.0446084,0.0190211,0.00798426,,198,30,526,4685,0.0,0.0321249,0.0320523,0.0318397,0.00325427,0.0256002,0.0105557,0.00467148,,199,34,28,167,0.0,0.00149048,0.00148937,0.00148233,0.00017813,0.00113632,0.000360115,0.000207268,,202,29,982,9422,0.0,0.0602344,0.060099,0.0597197,0.00599539,0.0483414,0.0204154,0.00895589,,211,31,224,1634,0.0,0.0119663,0.0119394,0.0118662,0.00128267,0.00942046,0.00376914,0.00160536,,197,31,170,1343,0.0,0.0109485,0.0109263,0.0108629,0.00112845,0.00866925,0.00354015,0.00150023,,236,29,896,8183,0.0,0.0502074,0.0501038,0.0497972,0.00501764,0.0402168,0.0170111,0.00732459,,193,25,7784,103480,0.0,0.597538,0.596185,0.59194,0.0527026,0.489554,0.224704,0.0970139,,226,31,256,2411,0.0,0.0145331,0.0145014,0.0144162,0.00144789,0.0116688,0.00497522,0.00215461,,,,,,,,,,,,,,,206,31,136,1159,0.0,0.00871373,0.00869852,0.00865312,0.000909883,0.00690287,0.00281397,0.00123501,,233,32,80,542,0.0,0.00380805,0.00380436,0.00378789,0.000435673,0.00294181,0.000998518,0.000548913,,205,31,188,1567,0.0,0.0105413,0.0105204,0.0104519,0.00109025,0.00839609,0.00346855,0.00148362,,208,33,26,174,0.0,0.00128767,0.00128639,0.00128024,0.000142939,0.0010084,0.000373381,0.000175154,,230,31,220,1848,0.0,0.0117141,0.0116993,0.0116384,0.00122088,0.00929937,0.00374907,0.00167773,,239,31,170,1369,0.0,0.00914882,0.00913453,0.00908253,0.000954598,0.00718468,0.00290709,0.00126931,,210,32,58,535,0.0,0.00364355,0.0036372,0.0036121,0.00037557,0.0029125,0.00114782,0.000567824,,217,26,5678,69972,0.0,0.365631,0.36477,0.362223,0.0326732,0.299843,0.138219,0.0578012,,216,30,446,4312,0.0,0.026418,0.0263643,0.0262051,0.00255206,0.0208352,0.00902657,0.00380886,,213,33,58,378,0.0,0.00309212,0.00308825,0.00307035,0.000345652,0.00241113,0.000888858,0.00042232,,196,32,92,706,0.0,0.0055204,0.00551015,0.00548123,0.000582935,0.00433688,0.0017091,0.000757369,,218,29,850,8489,0.0,0.0518789,0.0517599,0.0514205,0.00508454,0.0418608,0.0178894,0.00791516,,192,30,508,4065,0.0,0.0327966,0.032723,0.0325101,0.00339592,0.0254978,0.010189,0.00453221,,200,28,1690,16905,0.0,0.112079,0.111826,0.11108,0.0109461,0.0884413,0.0371044,0.0167626,,,,,,
215,29,1176,11454,0.0,0.0693538,0.0691909,0.0687309,0.00681677,0.0556224,0.0238208,0.0102333,,219,30,376,3352,0.0,0.0216953,0.0216564,0.0215218,0.00221752,0.017284,0.00721357,0.00310618,,223,34,24,123,0.0,0.00108306,0.00108235,0.00107875,0.000134246,0.000810868,0.00025608,0.000137415,,235,33,40,391,0.0,0.00210601,0.00210415,0.00209165,0.000222776,0.0016598,0.000603977,0.000332119,,227,29,992,9571,0.0,0.0583762,0.0582455,0.0578724,0.00558156,0.0462028,0.0198399,0.0084185,,195,30,400,4004,0.0,0.0274537,0.0273908,0.0272095,0.00265682,0.0221244,0.00970073,0.00399655,,209,30,490,4409,0.0,0.0279816,0.0279156,0.0277297,0.00279813,0.0223,0.00941139,0.00404328,,234,33,30,247,0.0,0.00155858,0.00155728,0.00154973,0.000165996,0.0011972,0.000448241,0.00022109,,207,29,888,8663,0.0,0.0537841,0.0536636,0.0533326,0.00524687,0.0430012,0.0183659,0.0080486,,229,28,1842,17224,0.0,0.104348,0.104141,0.103506,0.010331,0.0837739,0.0357693,0.0152804,,204,30,496,4400,0.0,0.0292821,0.0292172,0.0290434,0.0030088,0.0233404,0.00962899,0.00423502,,238,31,228,1695,0.0,0.0113508,0.0113389,0.0112909,0.00125795,0.00852536,0.00291885,0.00161089,,,,,,,,,,,,,,,232,32,96,603,0.0,0.00458607,0.0045814,0.00455985,0.000524781,0.00355816,0.00128037,0.00061525,,221,31,198,1465,0.0,0.0105568,0.010538,0.0104818,0.00110972,0.00815195,0.00328799,0.00139492,,201,27,3148,33094,0.0,0.204326,0.203841,0.202438,0.0195957,0.16514,0.0716229,0.0312347,,212,33,26,153,0.0,0.00139392,0.00139263,0.00138618,0.000163184,0.00107335,0.000375543,0.000182221,,222,36,6,86,0.0,0.000319993,0.000319785,0.000318245,3.1889e-05,0.000252241,8.1919e-05,6.8452e-05,,220,32,70,747,0.0,0.00415249,0.00414461,0.00411636,0.000390795,0.00336594,0.00148141,0.000623402,,,,,,,,,,,,,,,231,34,34,397,0.0,0.00181341,0.00181209,0.00180092,0.000185853,0.00143545,0.000521853,0.000317195,,228,35,6,25,0.0,0.000231439,0.000231242,0.000230567,3.1998e-05,0.0001688,3.6334e-05,2.9335e-05,,224,32,92,656,0.0,0.00486174,0.00485273,0.00482626,0.000516995,0.00380971,0.00148654,0.000661457,,194,25,9228,119852,0.0,0.684606,0.683065,0.678149,0.0610259,0.561884,0.254768,0.112138,,203,30,460,3911,0.0,0.0261505,0.0260974,0.0259338,0.0026329,0.0205442,0.00856185,0.00364514,,198,31,272,2195,0.0,0.0165482,0.016514,0.0164063,0.00173761,0.0130811,0.00521426,0.00235461,,199,35,12,60,0.0,0.000563585,0.000563182,0.000561992,7.3838e-05,0.000416296,0.000108457,7.3479e-05,,202,30,464,4094,0.0,0.0275835,0.0275235,0.0273467,0.00281952,0.0219968,0.00906075,0.00403305,,211,32,96,612,0.0,0.00488609,0.00487682,0.00485421,0.000543396,0.00381168,0.00147542,0.000609995,,197,32,72,477,0.0,0.00437798,0.00437031,0.00434709,0.000468946,0.003429,0.00133943,0.000569743,,236,30,426,3519,0.0,0.0229456,0.0229012,0.0227727,0.00239002,0.0182333,0.00749648,0.00323199,,193,26,4884,59315,0.0,0.361994,0.36116,0.358655,0.0328326,0.294421,0.132618,0.0568865,,226,32,102,873,0.0,0.00559126,0.00558254,0.00554666,0.00056746,0.00446307,0.00183925,0.000799237,,,,,,,,,,,,,,,206,32,46,424,0.0,0.00302305,0.00301837,0.00300044,0.000309927,0.00240614,0.000985839,0.000437578,,233,33,24,101,0.0,0.00100453,0.00100381,0.000999032,0.00012914,0.000751437,0.000206917,0.000129843,,205,32,100,774,0.0,0.00545241,0.00544236,0.00541115,0.000568655,0.00432274,0.00175711,0.00074161,,208,34,12,64,0.0,0.000528542,0.000528148,0.000525187,6.4361e-05,0.000401361,0.000116507,7.3043e-05,,230,32,96,764,0.0,0.00476429,0.00475932,0.0047335,0.000527135,0.00371799,0.00128458,0.000731304,,239,32,82,546,0.0,0.00398103,0.00397673,0.00395811,0.000450591,0.00304492,0.00105141,0.000546535,,210,33,30,340,0.0,0.0019617,0.00195955,0.00194771,0.000190948,0.00158408,0.000660878,0.000306193,,217,27,3312,37983,0.0,0.205247,0.204759,0.203326,0.0187496,0.167445,0.0762128,0.0317636,,216,31,188,2155,0.0,0.0118475,0.0118253,0.01175,0.00107498,0.00947761,0.00425497,0.00181864,,213,34,28,134,0.0,0.00129195,0.00129064,0.00128691,0.000163297,0.000974364,0.000300907,0.000158009,,196,33,28,263,0.0,0.00176455,0.0017623,0.00175357,0.000179106,0.00140961,0.000575848,0.000265964,,218,30,446,3936,0.0,0.025978,0.0259225,0.0257601,0.00263766,0.0207808,0.00861055,0.0038022,,192,31,246,1763,0.0,0.015449,0.0154193,0.0153297,0.00161964,0.0119063,0.0047097,0.00204165,,200,29,854,8654,0.0,0.0564068,0.0562821,0.055933,0.00553729,0.0445525,0.0187636,0.00838548,,,,,,
215,30,598,5811,0.0,0.0350868,0.0350046,0.0347601,0.00343761,0.0281272,0.0120196,0.00524232,,219,31,178,1512,0.0,0.0101717,0.0101574,0.0100947,0.0010633,0.00806733,0.0032718,0.00146156,,223,35,4,22,0.0,0.000180711,0.000180552,0.000179306,2.2014e-05,0.000135618,3.4416e-05,2.6581e-05,,235,34,26,127,0.0,0.00110752,0.00110674,0.00110258,0.000144077,0.000825606,0.000224267,0.000147497,,227,30,496,4596,0.0,0.0287828,0.028722,0.0285499,0.00279917,0.0226938,0.00957362,0.00413662,,195,31,190,1688,0.0,0.0123741,0.0123474,0.0122626,0.00123159,0.0098867,0.00420873,0.0017661,,209,31,248,1872,0.0,0.0132353,0.0132034,0.0131231,0.00138638,0.0104203,0.00423228,0.00179766,,234,34,12,71,0.0,0.000533305,0.000532938,0.000530956,6.4753e-05,0.000397079,0.000117295,7.0304e-05,,207,30,414,3301,0.0,0.0233535,0.0233055,0.0231593,0.00242932,0.0183379,0.00739341,0.00326131,,229,29,862,7709,0.0,0.0480102,0.047931,0.0476356,0.00482859,0.0384168,0.0161767,0.00692855,,204,31,200,1943,0.0,0.0123098,0.012286,0.0122139,0.00123022,0.00988411,0.00413019,0.00184905,,238,32,78,483,0.0,0.00355616,0.00355239,0.0035358,0.000425988,0.00259691,0.000735437,0.000487754,,,,,,,,,,,,,,,232,33,28,178,0.0,0.00126929,0.00126836,0.00126204,0.000152549,0.000970657,0.00030209,0.000183642,,221,32,74,489,0.0,0.00385811,0.00385243,0.00383386,0.000408345,0.00296364,0.00114583,0.000508098,,201,28,1720,17120,0.0,0.109245,0.108981,0.108234,0.0106239,0.0879137,0.0379278,0.0162534,,212,34,10,43,0.0,0.00046809,0.000467731,0.000466763,6.209e-05,0.000347769,9.8664e-05,5.4446e-05,,222,37,2,66,0.0,0.000146908,0.000146819,0.000144883,1.0969e-05,0.000122651,4.3225e-05,4.277e-05,,220,33,34,431,0.0,0.0020573,0.00205478,0.00204092,0.000189556,0.00167652,0.000720539,0.000346019,,,,,,,,,,,,,,,231,35,18,244,0.0,0.000967572,0.000966952,0.00095906,0.000107173,0.000765979,0.000253145,0.000182643,,,,,,,,,,,,,,,224,33,34,250,0.0,0.00178426,0.00178286,0.0017722,0.000189918,0.00139471,0.000529087,0.000260579,,194,26,5828,69542,0.0,0.415376,0.414414,0.411462,0.0382217,0.338693,0.151463,0.0658338,,203,31,220,1740,0.0,0.0121454,0.0121179,0.0120462,0.0012352,0.00947742,0.00392473,0.00165483,,198,32,130,1061,0.0,0.00797742,0.00796154,0.00790571,0.000830849,0.00631189,0.00251104,0.00114857,,,,,,,,,,,,,,,202,31,222,1885,0.0,0.0133527,0.0133309,0.0132497,0.00138435,0.0106092,0.004285,0.00193241,,211,33,20,135,0.0,0.00103917,0.00103846,0.00103309,0.00011588,0.000812422,0.000301974,0.000140458,,197,33,22,154,0.0,0.00133521,0.00133441,0.00132762,0.00014234,0.00104988,0.000409454,0.00017618,,236,31,184,1396,0.0,0.00959336,0.0095771,0.0095241,0.00101339,0.00757096,0.00304558,0.00134079,,193,27,2858,31148,0.0,0.200363,0.199896,0.198498,0.019141,0.16123,0.0696044,0.0308707,,226,33,44,457,0.0,0.00248658,0.00248344,0.0024668,0.000245071,0.00200303,0.000816185,0.000397621,,,,,,,,,,,,,,,206,33,18,163,0.0,0.00116915,0.00116835,0.00116247,0.000116619,0.000929973,0.000374172,0.000176723,,233,34,6,30,0.0,0.000251665,0.000251461,0.000249632,3.4381e-05,0.000188093,4.4201e-05,3.6157e-05,,205,33,38,345,0.0,0.00215092,0.00214792,0.00213291,0.000215659,0.00171625,0.00070528,0.000318246,,208,35,6,31,0.0,0.000238226,0.000238029,0.000237579,3.1787e-05,0.000175826,4.4345e-05,3.2594e-05,,230,33,48,316,0.0,0.00212332,0.00212124,0.00211464,0.000262117,0.00160846,0.000480082,0.000303374,,239,33,28,155,0.0,0.00123599,0.00123501,0.00122888,0.000152842,0.000919035,0.000258042,0.000173594,,210,34,16,193,0.0,0.000981964,0.000981352,0.000978164,0.000101518,0.000787878,0.000308725,0.000152655,,217,28,1876,21164,0.0,0.116066,0.115801,0.114986,0.01071,0.0945537,0.0426456,0.0179313,,216,32,112,1084,0.0,0.00658576,0.00657517,0.00653508,0.00063829,0.00520732,0.0022194,0.000955605,,213,35,2,13,0.0,9.2083e-05,9.1989e-05,9.1605e-05,1.177e-05,6.9356e-05,1.5984e-05,1.4171e-05,,196,34,8,122,0.0,0.000572863,0.00057255,0.000567341,5.0191e-05,0.00046995,0.000199622,0.000106594,,218,31,204,1781,0.0,0.0117854,0.0117605,0.0116954,0.00120301,0.00941851,0.003909,0.00168086,,192,32,92,615,0.0,0.00571175,0.00570266,0.00567119,0.000606221,0.00438764,0.00170706,0.000740072,,200,30,390,3718,0.0,0.0255597,0.0254977,0.0253397,0.00251005,0.0200886,0.00843011,0.00369632,,,,,,
215,31,334,3049,0.0,0.0192245,0.0191823,0.0190549,0.00191862,0.0153773,0.0064811,0.00282625,,219,32,88,680,0.0,0.00486769,0.00486225,0.00483672,0.000511636,0.00382682,0.00152609,0.000666624,,223,36,2,7,0.0,7.5628e-05,7.5536e-05,7.53e-05,1.0963e-05,5.2875e-05,8.998e-06,9.189e-06,,235,35,6,45,0.0,0.000257102,0.000256914,0.000255221,3.2176e-05,0.000192393,4.6528e-05,4.2777e-05,,227,31,244,2052,0.0,0.0136393,0.0136084,0.01353,0.00136455,0.0106515,0.00439141,0.00188348,,195,32,102,840,0.0,0.00658591,0.00657182,0.00652671,0.00067915,0.0052191,0.00208714,0.000934807,,209,32,92,677,0.0,0.00495284,0.0049436,0.00491288,0.000524788,0.00388873,0.00153708,0.000675321,,234,35,2,27,0.0,0.000107699,0.000107627,0.000106034,1.0812e-05,8.3932e-05,2.4492e-05,2.2921e-05,,207,31,186,1412,0.0,0.0104365,0.010418,0.0103594,0.00110128,0.00819246,0.00332945,0.00140712,,229,30,406,3494,0.0,0.0221998,0.022162,0.0220338,0.00227169,0.0177076,0.00736045,0.00316402,,204,32,88,782,0.0,0.00518954,0.00518028,0.00514667,0.000532418,0.00413431,0.00169386,0.000747065,,238,33,26,167,0.0,0.00114752,0.00114667,0.00114102,0.000142474,0.000831074,0.000208916,0.000168174,,,,,,,,,,,,,,,232,34,12,52,0.0,0.00048096,0.000480602,0.000478271,6.4641e-05,0.000354487,7.7675e-05,6.7369e-05,,221,33,22,158,0.0,0.00111199,0.00111133,0.00110637,0.000120868,0.000857191,0.000323123,0.000153754,,201,29,876,8439,0.0,0.0540577,0.053938,0.0535743,0.00538341,0.0434145,0.0183553,0.00809739,,,,,,,,,,,,,,,222,38,4,66,0.0,0.000205399,0.000205241,0.000203569,2.2118e-05,0.000156148,3.6329e-05,4.689e-05,,220,34,20,245,0.0,0.00110664,0.00110596,0.00109871,0.000109654,0.000887109,0.000322629,0.000201213,,,,,,,,,,,,,,,231,36,10,88,0.0,0.000464427,0.00046412,0.000460534,5.4233e-05,0.000353809,8.7051e-05,8.258e-05,,,,,,,,,,,,,,,224,34,20,146,0.0,0.000967974,0.000967333,0.00096299,0.000110319,0.000747799,0.000247097,0.000142874,,194,27,3480,39146,0.0,0.244891,0.244306,0.242597,0.0228312,0.19902,0.0889643,0.0375548,,203,32,100,687,0.0,0.00527023,0.00525932,0.00523265,0.000554043,0.00407684,0.00160669,0.000675174,,198,33,68,446,0.0,0.00390506,0.00389772,0.00387644,0.000433127,0.00304348,0.00115738,0.000517249,,,,,,,,,,,,,,,202,32,102,930,0.0,0.00626549,0.00625574,0.00622053,0.000630216,0.00500767,0.00205217,0.000913168,,211,34,8,30,0.0,0.000334177,0.000333878,0.000333197,4.5127e-05,0.000246815,6.1276e-05,4.1096e-05,,197,34,8,44,0.0,0.00042097,0.000420674,0.000418516,5.1304e-05,0.000319326,9.3462e-05,5.9807e-05,,236,32,72,602,0.0,0.00386526,0.00386047,0.00383884,0.000399334,0.00308093,0.00123226,0.000563129,,193,28,1586,16168,0.0,0.111113,0.110852,0.110111,0.0106333,0.0892144,0.0389114,0.0164013,,226,34,28,227,0.0,0.00137195,0.00137098,0.00136417,0.000155547,0.00106977,0.000366988,0.000207072,,,,,,,,,,,,,,,206,34,6,110,0.0,0.000447146,0.000446894,0.000443078,4.2037e-05,0.000366897,0.000142819,9.4321e-05,,233,35,4,9,0.0,0.000143074,0.00014293,0.000142536,2.1255e-05,0.000101395,1.6406e-05,1.7011e-05,,205,34,24,169,0.0,0.00122032,0.00121939,0.0012128,0.000139784,0.000947386,0.000324759,0.000176426,,,,,,,,,,,,,,,230,34,6,46,0.0,0.000270274,0.000270085,0.000268615,3.2531e-05,0.00020624,5.7897e-05,4.4675e-05,,239,34,12,64,0.0,0.00048552,0.000485186,0.000484107,6.4427e-05,0.000353409,8.4308e-05,6.222e-05,,210,35,2,5,0.0,8.5317e-05,8.5232e-05,8.4879e-05,1.239e-05,6.1066e-05,1.1289e-05,1.0756e-05,,217,29,1088,11280,0.0,0.064884,0.0647345,0.0642942,0.00612928,0.0525784,0.0232954,0.00982956,,216,33,54,488,0.0,0.00306337,0.00306085,0.00304554,0.000302304,0.00238655,0.000988532,0.000439251,,,,,,,,,,,,,,,196,35,8,102,0.0,0.000487062,0.00048677,0.000483725,5.1436e-05,0.000386244,0.000133704,8.9761e-05,,218,32,80,684,0.0,0.00457661,0.00457031,0.00454475,0.000470482,0.00364797,0.00150946,0.000643686,,192,33,32,179,0.0,0.0018868,0.00188551,0.00187503,0.000208272,0.00142261,0.000521583,0.000230285,,200,31,178,1753,0.0,0.0119326,0.011909,0.011832,0.00116891,0.00942134,0.00399751,0.00174406,,,,,,
215,32,176,1441,0.0,0.00975291,0.00973501,0.00967521,0.00101432,0.00774063,0.00311969,0.00139506,,219,33,30,196,0.0,0.00153929,0.00153826,0.00153059,0.000172529,0.00119228,0.00044278,0.000206903,,,,,,,,,,,,,,,235,36,4,14,0.0,0.0001426,0.000142446,0.000142054,2.1468e-05,9.9977e-05,1.6299e-05,1.7573e-05,,227,32,114,941,0.0,0.00635213,0.00633943,0.00630132,0.000631657,0.00494453,0.00203609,0.000862661,,195,33,60,374,0.0,0.00354049,0.00353519,0.00351736,0.000394894,0.00275756,0.00106501,0.000451847,,209,33,42,250,0.0,0.00206484,0.00206293,0.002055,0.000238147,0.00159533,0.000580996,0.000265063,,234,36,4,27,0.0,0.00016917,0.000169022,0.000168044,2.1541e-05,0.000124078,2.5273e-05,2.6405e-05,,207,32,72,425,0.0,0.00373885,0.00373365,0.00371581,0.000417168,0.00287872,0.00107796,0.00046422,,229,31,182,1524,0.0,0.00992018,0.00989938,0.00983771,0.00102278,0.00790106,0.00325231,0.00142564,,204,33,42,333,0.0,0.00235246,0.00234987,0.00233623,0.000249397,0.00185318,0.000729194,0.000330993,,238,34,10,58,0.0,0.000412664,0.00041235,0.000410956,5.398e-05,0.000292326,6.3228e-05,5.928e-05,,,,,,,,,,,,,,,232,35,4,8,0.0,0.000146587,0.000146443,0.000146041,2.1404e-05,0.000104209,1.7104e-05,1.848e-05,,221,34,8,31,0.0,0.000327189,0.000326933,0.000326142,4.295e-05,0.000236715,5.9532e-05,4.1106e-05,,201,30,428,4078,0.0,0.0265694,0.026514,0.0263652,0.00262293,0.0214013,0.00914174,0.0039502,,,,,,,,,,,,,,,222,39,4,11,0.0,0.000147556,0.000147409,0.000147113,2.1536e-05,0.00010347,1.3876e-05,1.7396e-05,,220,35,16,112,0.0,0.000712101,0.000711593,0.000708962,8.8069e-05,0.000541474,0.000150699,0.000104938,,,,,,,,,,,,,,,231,37,8,55,0.0,0.00032786,0.000327621,0.000326083,4.2692e-05,0.00024177,4.8504e-05,5.2947e-05,,,,,,,,,,,,,,,224,35,8,33,0.0,0.000331746,0.00033148,0.000330789,4.3546e-05,0.000244347,5.5575e-05,4.228e-05,,194,28,1970,21115,0.0,0.131504,0.131203,0.130279,0.0128034,0.106155,0.04527,0.0204605,,203,33,30,194,0.0,0.00153444,0.00153317,0.00152547,0.000165141,0.00118742,0.000458266,0.000205929,,198,34,22,107,0.0,0.00114366,0.00114286,0.00114013,0.000140065,0.000874326,0.000309528,0.000131634,,,,,,,,,,,,,,,202,33,40,277,0.0,0.00214572,0.00214366,0.00213235,0.000231504,0.00169035,0.000646825,0.00028771,,,,,,,,,,,,,,,197,35,4,9,0.0,0.000182373,0.000182202,0.000181646,2.4929e-05,0.000131644,2.7704e-05,1.817e-05,,236,33,36,226,0.0,0.00165969,0.0016578,0.00164967,0.000195995,0.00127173,0.000407247,0.000236815,,193,29,802,7444,0.0,0.0543961,0.0542729,0.0539173,0.00539709,0.043349,0.0184961,0.00770362,,226,35,12,69,0.0,0.000523909,0.000523555,0.00052053,6.5223e-05,0.000395665,0.000107202,7.5136e-05,,,,,,,,,,,,,,,206,35,6,88,0.0,0.000386111,0.000385884,0.000382038,3.9026e-05,0.00030588,9.0539e-05,8.4836e-05,,,,,,,,,,,,,,,205,35,12,63,0.0,0.00051519,0.000514795,0.000513689,6.7432e-05,0.000383586,9.7576e-05,6.4958e-05,,,,,,,,,,,,,,,230,35,2,15,0.0,8.9153e-05,8.9056e-05,8.8146e-05,1.0691e-05,6.5504e-05,1.37e-05,1.6837e-05,,,,,,,,,,,,,,,,,,,,,,,,,,,,217,30,564,6043,0.0,0.0339821,0.0339102,0.0336928,0.0032396,0.0276384,0.0122963,0.00517896,,216,34,24,171,0.0,0.00119117,0.00119046,0.0011854,0.000133025,0.000891548,0.000305874,0.000165631,,,,,,,,,,,,,,,196,36,4,71,0.0,0.000263249,0.000263084,0.000260957,2.4712e-05,0.000212409,7.2155e-05,5.8092e-05,,218,33,22,320,0.0,0.00150788,0.00150688,0.00149778,0.000127827,0.00125107,0.000562719,0.000274954,,192,34,12,45,0.0,0.000615103,0.000614694,0.000611749,7.7047e-05,0.000455363,0.00013489,7.7773e-05,,200,32,92,894,0.0,0.00613104,0.00611912,0.00608025,0.000587967,0.00484948,0.00204645,0.000901346,,,,,,
215,33,82,648,0.0,0.00448035,0.00447224,0.0044456,0.00046126,0.00354218,0.001413,0.000636372,,219,34,12,66,0.0,0.00052533,0.000524961,0.000523882,6.7584e-05,0.000392148,0.000107136,6.9954e-05,,,,,,,,,,,,,,,,,,,,,,,,,,,,227,33,48,449,0.0,0.00271846,0.00271437,0.0026986,0.000263843,0.0021293,0.000868441,0.000391875,,195,34,18,96,0.0,0.000977831,0.000977169,0.000973385,0.000115689,0.000749395,0.000269168,0.000118873,,209,34,8,55,0.0,0.000389458,0.000389185,0.000386404,4.4892e-05,0.000299645,9.9745e-05,5.5379e-05,,234,37,2,7,0.0,7.7918e-05,7.7823e-05,7.7521e-05,1.1761e-05,5.5531e-05,7.622e-06,1.0415e-05,,207,33,18,111,0.0,0.00090093,0.000900339,0.000897928,0.000103283,0.000692703,0.000251556,0.000115718,,229,32,90,850,0.0,0.00502119,0.00501366,0.00498174,0.000495763,0.00402243,0.00167773,0.000727894,,204,34,18,108,0.0,0.000882633,0.000882062,0.000878124,0.000105112,0.000675768,0.000215427,0.00012324,,238,35,2,9,0.0,8.0583e-05,8.0507e-05,8.0328e-05,1.0683e-05,5.5539e-05,8.606e-06,1.1068e-05,,,,,,,,,,,,,,,,,,,,,,,,,,,,,,,,,,,,,,,,,201,31,166,1709,0.0,0.0105619,0.0105433,0.0104837,0.00101963,0.00853553,0.00377499,0.00154225,,,,,,,,,,,,,,,,,,,,,,,,,,,,220,36,4,10,0.0,0.000149106,0.000148951,0.00014846,2.5101e-05,0.000107083,1.8122e-05,1.7195e-05,,,,,,,,,,,,,,,231,38,2,13,0.0,7.7242e-05,7.7165e-05,7.6949e-05,1.08e-05,5.5928e-05,8.997e-06,1.1325e-05,,,,,,,,,,,,,,,,,,,,,,,,,,,,194,29,1130,11072,0.0,0.0747488,0.0745718,0.0740587,0.00730786,0.0599887,0.0255727,0.0111154,,203,34,12,82,0.0,0.000576999,0.000576628,0.0005738,6.4549e-05,0.000440687,0.000148194,8.3162e-05,,,,,,,,,,,,,,,,,,,,,,,,,,,,202,34,18,99,0.0,0.000860874,0.000860247,0.000854824,0.000103395,0.000658631,0.000209752,0.000121101,,,,,,,,,,,,,,,,,,,,,,,,,,,,236,34,14,80,0.0,0.000599871,0.000599405,0.00059646,7.5812e-05,0.000451225,0.000119504,8.8135e-05,,193,30,370,3411,0.0,0.024578,0.0245236,0.024369,0.00247396,0.0195548,0.00817757,0.00354359,,226,36,6,29,0.0,0.000232995,0.00023278,0.000231656,3.2368e-05,0.000169223,3.1011e-05,3.3581e-05,,,,,,,,,,,,,,,206,36,8,78,0.0,0.000414204,0.000413898,0.000412771,5.1377e-05,0.000309799,6.709e-05,7.1756e-05,,,,,,,,,,,,,,,,,,,,,,,,,,,,,,,,,,,,,,,,,230,36,2,9,0.0,7.6534e-05,7.6439e-05,7.629e-05,1.0888e-05,5.5476e-05,7.357e-06,1.1401e-05,,,,,,,,,,,,,,,,,,,,,,,,,,,,217,31,290,2922,0.0,0.0171051,0.0170701,0.0169717,0.00163378,0.0138533,0.00595699,0.00271527,,216,35,8,57,0.0,0.00037402,0.000373764,0.000371396,4.3605e-05,0.000275006,7.7121e-05,5.9446e-05,,,,,,,,,,,,,,,196,37,4,30,0.0,0.000199514,0.000199347,0.000198319,2.4606e-05,0.000149538,3.2385e-05,3.6433e-05,,218,34,14,217,0.0,0.000936195,0.000935664,0.000928055,8.3254e-05,0.00076796,0.000312008,0.000175385,,192,35,4,20,0.0,0.000205257,0.000205103,0.000204031,2.5793e-05,0.000151135,3.7401e-05,2.7345e-05,,200,33,44,476,0.0,0.00303691,0.0030327,0.00301728,0.000284485,0.00241287,0.00107803,0.000432365,,,,,,
215,34,40,328,0.0,0.00211336,0.00211167,0.00210065,0.000223684,0.00166566,0.000652319,0.00029987,,,,,,,,,,,,,,,,,,,,,,,,,,,,,,,,,,,,,,,,,227,34,28,149,0.0,0.0012746,0.00127373,0.00126839,0.000153228,0.000939698,0.000281762,0.000168343,,195,35,4,21,0.0,0.000200952,0.000200795,0.000199352,2.5011e-05,0.000151982,4.1359e-05,2.7016e-05,,209,35,6,29,0.0,0.000244676,0.000244473,0.000243936,3.2595e-05,0.000179619,4.3129e-05,3.0526e-05,,,,,,,,,,,,,,,207,34,2,9,0.0,9.0764e-05,9.0657e-05,9.028e-05,1.1439e-05,6.796e-05,1.5623e-05,9.404e-06,,229,33,52,405,0.0,0.0025384,0.00253561,0.00252417,0.000283899,0.0019742,0.000696342,0.00036547,,204,35,6,52,0.0,0.000299744,0.000299538,0.000297197,3.5229e-05,0.000230203,6.1179e-05,5.1164e-05,,,,,,,,,,,,,,,,,,,,,,,,,,,,,,,,,,,,,,,,,,,,,,,,,,,,,,201,32,62,694,0.0,0.00412787,0.0041223,0.00409667,0.000381332,0.00336898,0.00150998,0.000622081,,,,,,,,,,,,,,,,,,,,,,,,,,,,,,,,,,,,,,,,,,,,,,,,,,,,,,,,,,,,,,,,,,,,,,,,,,,,,,,,,,,,,,,,,,,,,194,30,608,5579,0.0,0.0406459,0.04055,0.040268,0.00402464,0.0324662,0.0139177,0.00577773,,203,35,4,30,0.0,0.000185586,0.000185452,0.000183837,2.1285e-05,0.000138824,3.7415e-05,3.1816e-05,,,,,,,,,,,,,,,,,,,,,,,,,,,,202,35,10,46,0.0,0.000412429,0.000412097,0.000410608,5.6436e-05,0.000302498,7.5158e-05,5.2419e-05,,,,,,,,,,,,,,,,,,,,,,,,,,,,236,35,6,22,0.0,0.000225753,0.000225561,0.000224424,3.2428e-05,0.000162457,2.9619e-05,2.9735e-05,,193,31,172,1434,0.0,0.01094,0.0109181,0.0108592,0.00116106,0.00863056,0.00345688,0.00155536,,226,37,2,5,0.0,6.8525e-05,6.845e-05,6.8301e-05,1.0612e-05,4.7081e-05,7.067e-06,7.476e-06,,,,,,,,,,,,,,,,,,,,,,,,,,,,,,,,,,,,,,,,,,,,,,,,,,,,,,,,,,,,,,,,,,,,,,,,,,,,,,,,,,,,,,,,,,,,,,,,,,,,,,,,,,217,32,146,1145,0.0,0.00783661,0.00782003,0.00776873,0.000810853,0.00620992,0.00252206,0.00110752,,216,36,4,33,0.0,0.000187125,0.000186988,0.000186025,2.4144e-05,0.000137359,3.1781e-05,3.236e-05,,,,,,,,,,,,,,,196,38,2,17,0.0,0.000104099,0.000103991,0.000103031,1.2329e-05,7.8642e-05,1.2599e-05,1.981e-05,,218,35,14,188,0.0,0.000810154,0.000809671,0.000806791,8.0752e-05,0.000650883,0.000235607,0.000147369,,192,36,2,4,0.0,8.472e-05,8.4631e-05,8.4357e-05,1.2661e-05,5.7689e-05,9.616e-06,8.854e-06,,200,34,16,172,0.0,0.00106436,0.00106366,0.00105972,0.00010268,0.000840298,0.000349643,0.000154306,,,,,,
215,35,18,138,0.0,0.000875199,0.000874601,0.000870238,0.000100071,0.000674114,0.000212759,0.00013276,,,,,,,,,,,,,,,,,,,,,,,,,,,,,,,,,,,,,,,,,227,35,8,47,0.0,0.000336774,0.000336524,0.000335184,4.3472e-05,0.00024623,6.2683e-05,4.6532e-05,,195,36,2,3,0.0,8.1631e-05,8.1547e-05,8.1291e-05,1.2357e-05,5.7327e-05,9.13e-06,8.031e-06,,,,,,,,,,,,,,,,,,,,,,,,,,,,,,,,,,,,,,,,,229,34,18,79,0.0,0.000746333,0.000745769,0.000742256,9.7141e-05,0.000554973,0.000141689,9.825e-05,,204,36,6,21,0.0,0.000237659,0.000237445,0.000236868,3.4764e-05,0.000169633,3.1037e-05,2.8311e-05,,,,,,,,,,,,,,,,,,,,,,,,,,,,,,,,,,,,,,,,,,,,,,,,,,,,,,201,33,34,256,0.0,0.00193515,0.00193314,0.00192395,0.000202775,0.0015249,0.000599015,0.000258318,,,,,,,,,,,,,,,,,,,,,,,,,,,,,,,,,,,,,,,,,,,,,,,,,,,,,,,,,,,,,,,,,,,,,,,,,,,,,,,,,,,,,,,,,,,,,194,31,276,2585,0.0,0.0189261,0.0188858,0.0187644,0.001841,0.0152093,0.00658371,0.00269541,,203,36,4,26,0.0,0.000171398,0.000171265,0.000170074,2.13e-05,0.000126029,2.4695e-05,2.7807e-05,,,,,,,,,,,,,,,,,,,,,,,,,,,,202,36,2,12,0.0,8.6223e-05,8.6142e-05,8.587e-05,1.1388e-05,6.4363e-05,1.5002e-05,1.1475e-05,,,,,,,,,,,,,,,,,,,,,,,,,,,,236,36,2,6,0.0,7.3403e-05,7.3297e-05,7.303e-05,1.0751e-05,5.2422e-05,7.851e-06,8.196e-06,,193,32,66,488,0.0,0.00407804,0.0040704,0.00404452,0.000431998,0.00318988,0.00121505,0.000574461,,,,,,,,,,,,,,,,,,,,,,,,,,,,,,,,,,,,,,,,,,,,,,,,,,,,,,,,,,,,,,,,,,,,,,,,,,,,,,,,,,,,,,,,,,,,,,,,,,,,,,,,,,,,,,,,,,,,,,,217,33,78,552,0.0,0.00401915,0.00401303,0.00399083,0.000438711,0.00315944,0.00124583,0.000542411,,216,37,2,9,0.0,7.6578e-05,7.6493e-05,7.634e-05,1.0783e-05,5.3769e-05,8.536e-06,1.119e-05,,,,,,,,,,,,,,,196,39,2,13,0.0,8.8449e-05,8.8361e-05,8.8159e-05,1.2278e-05,6.4102e-05,9.353e-06,1.4857e-05,,218,36,4,38,0.0,0.000198688,0.000198536,0.000197223,2.2533e-05,0.000153216,4.1803e-05,3.3742e-05,,,,,,,,,,,,,,,200,35,6,16,0.0,0.000275305,0.000275077,0.000274297,3.6346e-05,0.000195681,4.5863e-05,3.1663e-05,,,,,,
215,36,8,51,0.0,0.000353757,0.000353504,0.00035075,4.3713e-05,0.000263952,6.6601e-05,5.6746e-05,,,,,,,,,,,,,,,,,,,,,,,,,,,,,,,,,,,,,,,,,227,36,2,5,0.0,7.6129e-05,7.6053e-05,7.568e-05,1.049e-05,5.32e-05,9.654e-06,9.313e-06,,,,,,,,,,,,,,,,,,,,,,,,,,,,,,,,,,,,,,,,,,,,,,,,,,,,,,229,35,6,28,0.0,0.000229805,0.000229615,0.000229165,3.2135e-05,0.000167378,3.2852e-05,3.0587e-05,,,,,,,,,,,,,,,,,,,,,,,,,,,,,,,,,,,,,,,,,,,,,,,,,,,,,,,,,,,,,,,,,,,201,34,12,71,0.0,0.00059092,0.000590462,0.000587657,7.1086e-05,0.000449973,0.000137192,8.0229e-05,,,,,,,,,,,,,,,,,,,,,,,,,,,,,,,,,,,,,,,,,,,,,,,,,,,,,,,,,,,,,,,,,,,,,,,,,,,,,,,,,,,,,,,,,,,,,194,32,148,1112,0.0,0.00941174,0.00939062,0.00933333,0.00098254,0.00742301,0.00299527,0.00126819,,203,37,2,4,0.0,6.9506e-05,6.9418e-05,6.9276e-05,1.0967e-05,4.7762e-05,6.264e-06,7.25e-06,,,,,,,,,,,,,,,,,,,,,,,,,,,,,,,,,,,,,,,,,,,,,,,,,,,,,,,,,,,,,,,,,,,,,,,,,,,,,,,,193,33,30,210,0.0,0.00177524,0.00177344,0.00176593,0.000195217,0.00138181,0.000518882,0.000240507,,,,,,,,,,,,,,,,,,,,,,,,,,,,,,,,,,,,,,,,,,,,,,,,,,,,,,,,,,,,,,,,,,,,,,,,,,,,,,,,,,,,,,,,,,,,,,,,,,,,,,,,,,,,,,,,,,,,,,,217,34,30,252,0.0,0.00152944,0.00152829,0.0015206,0.000163736,0.00120559,0.000455704,0.000228027,,,,,,,,,,,,,,,,,,,,,,,,,,,,,,,,,,,,,,,,,218,37,2,8,0.0,8.019e-05,8.0019e-05,7.983e-05,1.1316e-05,5.7681e-05,9.065e-06,1.1269e-05,,,,,,,,,,,,,,,,,,,,,,,,,,,,,,,,
215,37,6,26,0.0,0.000235433,0.000235207,0.000234663,3.2851e-05,0.000169712,3.1784e-05,3.1068e-05,,,,,,,,,,,,,,,,,,,,,,,,,,,,,,,,,,,,,,,,,,,,,,,,,,,,,,,,,,,,,,,,,,,,,,,,,,,,,,,,,,,,,,,,,,,,,,,,,,,,,,,,,,,,,,,,,,,,,,,,,,,,,,,,,,,,,,,,,,,,,,,,,,,,,,,,,,,,,,,,,,,,,,,,,,,,,,,,,,,,,,,,201,35,4,10,0.0,0.000168011,0.000167869,0.000167302,2.3006e-05,0.000121668,2.6956e-05,2.0581e-05,,,,,,,,,,,,,,,,,,,,,,,,,,,,,,,,,,,,,,,,,,,,,,,,,,,,,,,,,,,,,,,,,,,,,,,,,,,,,,,,,,,,,,,,,,,,,194,33,60,514,0.0,0.00390576,0.00390087,0.00387596,0.000400023,0.00311223,0.0012913,0.000545235,,,,,,,,,,,,,,,,,,,,,,,,,,,,,,,,,,,,,,,,,,,,,,,,,,,,,,,,,,,,,,,,,,,,,,,,,,,,,,,,,,,,,,,,,,,,,193,34,8,47,0.0,0.000421766,0.000421454,0.000418816,5.0448e-05,0.000319019,9.6696e-05,6.2496e-05,,,,,,,,,,,,,,,,,,,,,,,,,,,,,,,,,,,,,,,,,,,,,,,,,,,,,,,,,,,,,,,,,,,,,,,,,,,,,,,,,,,,,,,,,,,,,,,,,,,,,,,,,,,,,,,,,,,,,,,217,35,14,94,0.0,0.000648793,0.000648377,0.000644198,7.6414e-05,0.000499125,0.000151009,9.9844e-05,,,,,,,,,,,,,,,,,,,,,,,,,,,,,,,,,,,,,,,,,,,,,,,,,,,,,,,,,,,,,,,,,,,,,,,,,,,,,,,,,,,,
,,,,,,,,,,,,,,,,,,,,,,,,,,,,,,,,,,,,,,,,,,,,,,,,,,,,,,,,,,,,,,,,,,,,,,,,,,,,,,,,,,,,,,,,,,,,,,,,,,,,,,,,,,,,,,,,,,,,,,,,,,,,,,,,,,,,,,,,,,,,,,,,,,,,,,,,,,,,,,,,,,,,,,,,,,,,,,,,,,,,,,,,,,,,,,,,,,,,,,,,,,,,,,,,,,,,,,,,,,,,,,,,,,,,,,,,,,,,,,,,,,,,,,,,,,,,,,,,,,,,,,,,,,,,,,,,,,,,,,,,,,,,,,,,,,,,,,,,,,,194,34,28,215,0.0,0.00176278,0.00176127,0.0017564,0.000184437,0.00139775,0.000585809,0.000228496,,,,,,,,,,,,,,,,,,,,,,,,,,,,,,,,,,,,,,,,,,,,,,,,,,,,,,,,,,,,,,,,,,,,,,,,,,,,,,,,,,,,,,,,,,,,,193,35,4,28,0.0,0.000200065,0.000199888,0.000198708,2.5039e-05,0.000149948,3.6236e-05,3.2122e-05,,,,,,,,,,,,,,,,,,,,,,,,,,,,,,,,,,,,,,,,,,,,,,,,,,,,,,,,,,,,,,,,,,,,,,,,,,,,,,,,,,,,,,,,,,,,,,,,,,,,,,,,,,,,,,,,,,,,,,,217,36,8,34,0.0,0.000318752,0.000318482,0.000316991,4.4732e-05,0.000233335,4.79e-05,4.5573e-05,,,,,,,,,,,,,,,,,,,,,,,,,,,,,,,,,,,,,,,,,,,,,,,,,,,,,,,,,,,,,,,,,,,,,,,,,,,,,,,,,,,,
,,,,,,,,,,,,,,,,,,,,,,,,,,,,,,,,,,,,,,,,,,,,,,,,,,,,,,,,,,,,,,,,,,,,,,,,,,,,,,,,,,,,,,,,,,,,,,,,,,,,,,,,,,,,,,,,,,,,,,,,,,,,,,,,,,,,,,,,,,,,,,,,,,,,,,,,,,,,,,,,,,,,,,,,,,,,,,,,,,,,,,,,,,,,,,,,,,,,,,,,,,,,,,,,,,,,,,,,,,,,,,,,,,,,,,,,,,,,,,,,,,,,,,,,,,,,,,,,,,,,,,,,,,,,,,,,,,,,,,,,,,,,,,,,,,,,,,,,,,,194,35,2,15,0.0,0.000115626,0.000115515,0.000115182,1.2871e-05,9.0226e-05,3.311e-05,1.4058e-05,,,,,,,,,,,,,,,,,,,,,,,,,,,,,,,,,,,,,,,,,,,,,,,,,,,,,,,,,,,,,,,,,,,,,,,,,,,,,,,,,,,,,,,,,,,,,193,36,2,6,0.0,8.4912e-05,8.4812e-05,8.444e-05,1.2761e-05,5.9409e-05,8.374e-06,9.753e-06,,,,,,,,,,,,,,,,,,,,,,,,,,,,,,,,,,,,,,,,,,,,,,,,,,,,,,,,,,,,,,,,,,,,,,,,,,,,,,,,,,,,,,,,,,,,,,,,,,,,,,,,,,,,,,,,,,,,,,,217,37,2,7,0.0,7.5071e-05,7.4982e-05,7.4753e-05,1.0725e-05,5.4017e-05,8.542e-06,1.0175e-05,,,,,,,,,,,,,,,,,,,,,,,,,,,,,,,,,,,,,,,,,,,,,,,,,,,,,,,,,,,,,,,,,,,,,,,,,,,,,,,,,,,,
