sep=,

"Intel(R) Advisor Command Line Tool
Copyright (C) 2009-2025 Intel Corporation. All rights reserved."
"Survey Data version=1.1.0","delimiter=,"

"Function Call Sites and Loops","Total Time Percent","Total Time","Self Time Percent","Self Time","Total Elapsed Time","Self Elapsed Time","Type","Loop Height","Max Depth","Loop Function ID","Why No Vectorization","Vector ISA","Vector Length","Compiler Estimated Gain","Self GFLOPS","Total GFLOPS","Self AI","Total Arithmetic Intensity","Self GINTOPS","Total GINTOPS","Self INT AI","Total INT AI","Self Giga OPS","Total Giga OPS","Self Overall AI","Total Overall AI","Self GFLOP","Total GFLOP","Self GINTOP","Total GINTOP","Self Giga OP","Total Giga OP","Self Memory GB","Total Memory GB","Self GB/s","Total GB/s","Traits","Data Types","Vector Widths","Instruction Sets","Transformations","Unroll Factor","Multi-Pumping Factor","Vectorization Details","Optimization Details","Source Location","Module","Dynamic func_inst","Dynamic compute","Dynamic int_compute","Dynamic sp_compute","Dynamic dp_compute","Dynamic memory","Dynamic all_instructions","Dynamic vector_compute","Dynamic vector_memory","Dynamic sse_vector_compute","Dynamic avx_vector_compute","Dynamic avx2_vector_compute","Dynamic avx512_vector_compute","Dynamic avx512phi_vector_compute","Dynamic fma_vector_compute","Dynamic amx_vector_compute","Dynamic x86_scalar_compute","Dynamic x87_scalar_compute","Dynamic sse_scalar_compute","Dynamic avx_scalar_compute","Dynamic avx2_scalar_compute","Dynamic avx512_scalar_compute","Dynamic fma_scalar_compute","Dynamic sse_vector_memory","Dynamic avx_vector_memory","Dynamic avx2_vector_memory","Dynamic avx512_vector_memory","Dynamic avx512phi_vector_memory","Dynamic x86_scalar_memory","Dynamic x87_scalar_memory","Dynamic sse_scalar_memory","Dynamic avx_scalar_memory","Dynamic avx2_scalar_memory","Dynamic avx512_scalar_memory","Dynamic loads","Dynamic stores","Dynamic loaded_bytes","Dynamic stored_bytes","Dynamic compute_with_memory","Dynamic int_compute_with_memory","Dynamic sp_compute_with_memory","Dynamic dp_compute_with_memory","Dynamic vector_compute_with_memory","Dynamic sse_vector_compute_with_memory","Dynamic avx_vector_compute_with_memory","Dynamic avx2_vector_compute_with_memory","Dynamic avx512_vector_compute_with_memory","Dynamic avx512phi_vector_compute_with_memory","Dynamic fma_vector_compute_with_memory","Dynamic x86_scalar_compute_with_memory","Dynamic x87_scalar_compute_with_memory","Dynamic sse_scalar_compute_with_memory","Dynamic avx_scalar_compute_with_memory","Dynamic avx2_scalar_compute_with_memory","Dynamic avx512_scalar_compute_with_memory","Dynamic fma_scalar_compute_with_memory","Dynamic add","Dynamic mul","Dynamic sub","Dynamic div","Dynamic sad","Dynamic min","Dynamic avg","Dynamic max","Dynamic abs","Dynamic sign","Dynamic sqrt","Dynamic fma","Dynamic reccp","Dynamic scale","Dynamic vpconflict","Dynamic vplzcnt","Dynamic call"
"Total","100","3209.518s","0","0s","67.700s","0s","","","1","","","","","","","44.055","","0.054","","110.226","","0.135","","154.281","","0.189","","2982.522","","7462.266","","10444.788","","55287.067","","816.649","","","","","","","","","","","","","","","","","","","","","","","","","","","","","","","","","","","","","","","","","","","","","","","","","","","","","","","","","","","","","","","","","","","","","","","","","","","","","","","","","","","",""
"func@0x13f650","55.6183","1785.079s","0","0s","66.000s","0s","Function","","2","16","","","","","","45.190","","0.054","","113.065","","0.135","","158.254","","0.189","","2982.522","","7462.266","","10444.788","","55287.067","","837.683","","","","","","","","","","","libc.so.6","","","","","","","","","","","","","","","","","","","","","","","","","","","","","","","","","","","","","","","","","","","","","","","","","","","","","","","","","","","","","","","","","","","","","","","","",""
"func@0xabdf0","55.6183","1785.079s","0","0s","66.000s","0s","Function","","3","18","","","","","","45.190","","0.054","","113.065","","0.135","","158.254","","0.189","","2982.522","","7462.266","","10444.788","","55287.067","","837.683","","UInt16; ","128","AVX","","","","","","","libc.so.6","","","","","","","","","","","","","","","","","","","","","","","","","","","","","","","","","","","","","","","","","","","","","","","","","","","","","","","","","","","","","","","","","","","","","","","","",""
"[loop in func@0xabdf0]","55.6183","1785.079s","0","0s","66.000s","0s","Scalar","11","4","17","","","","","","45.190","","0.054","","113.065","","0.135","","158.254","","0.189","","2982.522","","7462.266","","10444.788","","55287.067","","837.683","","","","","","","","","","","libc.so.6","","","","","","","","","","","","","","","","","","","","","","","","","","","","","","","","","","","","","","","","","","","","","","","","","","","","","","","","","","","","","","","","","","","","","","","","",""
"func@0xf7420","55.6183","1785.079s","0","0s","66.000s","0s","Function","","5","7","","","","","","45.190","","0.054","","113.065","","0.135","","158.254","","0.189","","2982.522","","7462.266","","10444.788","","55287.067","","837.683","","","","","","","","","","","libstdc++.so.6","","","","","","","","","","","","","","","","","","","","","","","","","","","","","","","","","","","","","","","","","","","","","","","","","","","","","","","","","","","","","","","","","","","","","","","","",""
"yggdrasil_decision_forests::utils::concurrency::ThreadPool::ThreadLoop","54.6057","1752.579s","0","0s","66.000s","0s","Function","","6","95","","","","","","44.678","","0.054","","112.506","","0.135","","157.184","","0.188","","2948.730","","7425.402","","10374.132","","55053.595","","834.145","","Int32","128","AVX","","","","","","concurrency_default.cc:57","tof_fork_g","","","","","","","","","","","","","","","","","","","","","","","","","","","","","","","","","","","","","","","","","","","","","","","","","","","","","","","","","","","","","","","","","","","","","","","","",""
"[loop in yggdrasil_decision_forests::utils::concurrency::ThreadPool::ThreadLoop at concurrency_default.cc:60]","54.6057","1752.579s","0","0s","66.000s","0s","Scalar","10","7","94","","","","","","44.678","","0.054","","112.506","","0.135","","157.184","","0.188","","2948.730","","7425.402","","10374.132","","55053.595","","834.145","","Int32; UInt16","128","AVX","","","","","","concurrency_default.cc:60","tof_fork_g","","","","","","","","","","","","","","","","","","","","","","","","","","","","","","","","","","","","","","","","","","","","","","","","","","","","","","","","","","","","","","","","","","","","","","","","",""
"std::function<void (void)>::operator()","54.6057","1752.579s","0","0s","66.000s","0s","Inlined Function","","8","93","","","","","","44.678","","0.054","","112.506","","0.135","","157.184","","0.188","","2948.730","","7425.402","","10374.132","","55053.595","","834.145","","","","","","","","","","std_function.h:589","tof_fork_g","152","21887359125346","21887359125346","0","0","184491408165835","252185525222","0","0","0","0","0","0","0","0","0","21887359125346","0","0","0","0","0","0","0","0","0","0","0","184491408165835","0","0","0","0","0","22712345808","22426899398","181012227234","179415194134","35677569235981","35677569235981","0","0","0","0","0","0","0","0","0","35677569235981","0","0","0","0","0","0","1382033336","0","21212914374","0","0","0","0","0","0","0","0","0","0","0","0","0","0"
"std::_Function_handler<void (void), yggdrasil_decision_forests::model::random_forest::RandomForestLearner::TrainWithStatusImpl(yggdrasil_decision_forests::dataset::VerticalDataset const&, std::optional<std::reference_wrapper<yggdrasil_decision_forests::dataset::VerticalDataset const>>) const::$_0>::_M_invoke","54.6057","1752.579s","0","0s","66.000s","0s","Function","","9","97","","","","","","44.678","0","0.054","","112.506","0","0.135","","157.184","0","0.188","0","2948.730","0","7425.402","0","10374.132","< 0.001","55053.595","","834.145","","Int64; ","128/256","AVX; AVX2; AVX512F_128","","","","","","std_function.h:290","tof_fork_g","","","","","","","","","","","","","","","","","","","","","","","","","","","","","","","","","","","","","","","","","","","","","","","","","","","","","","","","","","","","","","","","","","","","","","","","",""
"_ZSt10__invoke_rIvRZNK26yggdrasil_decision_forests5model13random_forest19RandomForestLearner19TrainWithStatusImplERKNS0_7dataset15VerticalDatasetESt8optionalISt17reference_wrapperIS6_EEE3$_0JEENSt9enable_ifIX16is_invocable_r_vIT_T0_DpT1_EESF_E4typeEOSG_DpOSH_","54.6057","1752.579s","0","0s","66.000s","0s","Inlined Function","","10","99","","","","","","44.678","","0.054","","112.506","","0.135","","157.184","","0.188","","2948.730","","7425.402","","10374.132","","55053.595","","834.145","","Int64; ","128/256","AVX; AVX2; AVX512F_128","","","","","","invoke.h:106","tof_fork_g","","","","","","","","","","","","","","","","","","","","","","","","","","","","","","","","","","","","","","","","","","","","","","","","","","","","","","","","","","","","","","","","","","","","","","","","",""
"std::__invoke_impl<void, yggdrasil_decision_forests::model::random_forest::RandomForestLearner::TrainWithStatusImpl(yggdrasil_decision_forests::dataset::VerticalDataset const&, std::optional<std::reference_wrapper<yggdrasil_decision_forests::dataset::VerticalDataset const>>) const::$_0&>","54.6057","1752.579s","0","0s","66.000s","0s","Inlined Function","","11","98","","","","","","44.678","","0.054","","112.506","","0.135","","157.184","","0.188","","2948.730","","7425.402","","10374.132","","55053.595","","834.145","","Int64; ","128/256","AVX; AVX2; AVX512F_128","","","","","","invoke.h:62","tof_fork_g","","","","","","","","","","","","","","","","","","","","","","","","","","","","","","","","","","","","","","","","","","","","","","","","","","","","","","","","","","","","","","","","","","","","","","","","",""
"yggdrasil_decision_forests::model::random_forest::RandomForestLearner::TrainWithStatusImpl(yggdrasil_decision_forests::dataset::VerticalDataset const&, std::optional<std::reference_wrapper<yggdrasil_decision_forests::dataset::VerticalDataset const>>) const::$_0::operator()","54.6057","1752.579s","0","0s","66.000s","0s","Inlined Function","","12","96","","","","","","44.678","0","0.054","","112.506","0.061","0.135","","157.184","0.061","0.188","0","2948.730","< 0.001","7425.402","< 0.001","10374.132","< 0.001","55053.595","","834.145","","Int64; ","128/256","AVX; AVX2; AVX512F_128","","","","","","random_forest.cc:698","tof_fork_g","162","0","0","0","0","1433176080","1791470100","0","0","0","0","0","0","0","0","0","0","0","0","0","0","0","0","0","0","0","0","0","1433176080","0","0","0","0","0","716588040","716588040","5732704320","5732704320","0","0","0","0","0","0","0","0","0","0","0","0","0","0","0","0","0","0","0","0","0","0","0","0","0","0","0","0","0","0","0","0","0","0","0"
"yggdrasil_decision_forests::model::decision_tree::DecisionTreeTrain","54.5059","1749.378s","0","0s","65.880s","0s","Function","","13","107","","","","","","44.759","0","0.054","","112.704","0.125","0.135","","157.463","0.125","0.188","0","2948.730","< 0.001","7424.948","< 0.001","10373.678","0.003","55052.653","","835.650","","Int32","128","AVX","","","","","","training.cc","tof_fork_g","163","4121979375","4121979375","0","0","608368729305","58804780455","0","0","0","0","0","0","0","0","0","4121979375","0","0","0","0","0","0","0","0","0","0","0","518867962995","0","0","0","0","0","10035468000","5447394600","65444641740","32037632820","0","0","0","0","0","0","0","0","0","0","0","0","0","0","0","0","0","0","6525","0","0","0","0","0","0","0","0","0","0","0","0","0","0","0","2149764120"
"yggdrasil_decision_forests::model::decision_tree::DecisionTreeCoreTrain","54.5047","1749.338s","0","0s","65.880s","0s","Function","","14","108","","","","","","44.759","0","0.054","","112.704","0","0.135","","157.463","0","0.188","0","2948.730","0","7424.948","0","10373.678","< 0.001","55052.650","","835.650","","Int32","256","AVX","","","","","","training.cc","tof_fork_g","164","824545279","824545279","0","0","3171788081246","119425241639","0","405796462565","0","0","0","0","0","0","0","824545279","0","0","0","0","0","0","0","0","0","405796462565","0","2744230640091","0","0","0","0","0","25882920990","18962732909","160888806196","129441552083","0","0","0","0","0","0","0","0","0","0","0","0","0","0","0","0","0","0","824545279","0","0","0","0","0","0","0","0","0","0","0","0","0","0","0","0"
"yggdrasil_decision_forests::model::decision_tree::GrowTreeLocal","54.5047","1749.338s","0","0s","65.880s","0s","Function","","15","110","","","","","","44.759","0","0.054","","112.704","0.018","0.135","","157.463","0.018","0.188","0","2948.730","< 0.001","7424.948","< 0.001","10373.678","< 0.001","55052.650","","835.650","","Int32; UInt16; ","128/256","AVX; AVX512F_128","","","","","","training.cc","tof_fork_g","","","","","","","","","","","","","","","","","","","","","","","","","","","","","","","","","","","","","","","","","","","","","","","","","","","","","","","","","","","","","","","","","","","","","","","","",""
"[loop in yggdrasil_decision_forests::model::decision_tree::GrowTreeLocal at training.cc:5560]","54.5047","1749.338s","0.0149245","0.479s","65.880s","0.080s","Scalar","9","16","109","","","","","","44.759","","0.054","","112.704","","0.135","","157.463","","0.188","","2948.730","","7424.948","","10373.678","","55052.650","","835.650","","Int32; UInt16","128/256","AVX","","","","","","training.cc:5560","tof_fork_g","165","0","0","0","0","5451226816","13238693696","0","0","0","0","0","0","0","0","0","0","0","0","0","0","0","0","0","0","0","0","0","3114986752","0","0","1557493376","0","778746688","3114986752","1557493376","12459947008","6229973504","0","0","0","0","0","0","0","0","0","0","0","0","0","0","0","0","0","0","0","0","0","0","0","0","0","0","0","0","0","0","0","0","0","0","0"
"yggdrasil_decision_forests::model::decision_tree::FindBestCondition","53.7432","1724.899s","0.00373872","0.120s","64.880s","0.020s","Function","","17","111","","","","","0","45.351","0","0.054","2.147","114.070","0.033","0.135","2.147","159.421","0.033","0.189","0","2942.394","0.043","7400.874","0.043","10343.267","1.314","54693.696","65.685","842.998","","Int32; Int64","128","AVX","","","","","","training.cc","tof_fork_g","166","4332273679","4332273679","0","0","55696981332","1275208407","0","17088651380","0","0","0","0","0","0","0","4332273679","0","0","0","0","0","0","0","17088651380","0","0","0","38608329952","0","0","0","0","0","244736967","382133159","3400555752","6148479592","0","0","0","0","0","0","0","0","0","0","0","0","0","0","0","0","0","0","4293631","0","51523572","0","0","0","0","0","0","0","0","0","0","0","0","0","34349048"
"yggdrasil_decision_forests::model::decision_tree::FindBestConditionSingleThreadManager","53.7326","1724.559s","0.0741547","2.380s","64.860s","0.240s","Function","","18","112","","","","","0","45.365","0","0.054","0.394","114.104","0.034","0.135","0.394","159.470","0.034","0.189","0","2942.394","0.094","7400.805","0.094","10343.199","2.791","54691.008","11.629","843.216","","","","","","","","","","training.cc","tof_fork_g","167","56739764995","56739764995","0","0","212938866989","89469412414","0","0","0","0","0","0","0","0","0","56739764995","0","0","0","0","0","0","0","0","0","0","0","212938866989","0","0","0","0","0","25372412798","4007293286","162922780324","16029173144","0","0","0","0","0","0","0","0","0","0","0","0","0","0","0","0","0","0","4007293286","0","0","0","0","0","0","0","0","0","0","0","0","0","0","0","5340869608"
"yggdrasil_decision_forests::model::decision_tree::FindBestConditionOblique","53.3021","1710.739s","0","0s","64.240s","0s","Function","","19","113","","","","","","45.803","0","0.054","","114.949","0.008","0.136","","160.753","0.008","0.190","0","2942.394","0.017","7384.352","0.017","10326.745","2.164","54472.089","","847.947","","","","","","","","","","training.cc","tof_fork_g","168","-3732260607156157992","-3732260607156157992","0","0","-8426982330802044550","33704604717","0","-2854002914079621647","0","0","0","0","0","0","0","-3732260607156157992","0","0","0","0","0","0","0","-2854002914079621647","0","0","0","738221913919636564","0","0","-4303375370204152800","0","0","4993003356","8782346150","40934669702","75765045048","0","0","0","0","0","0","0","0","0","0","0","0","0","0","0","0","0","0","826996617","0","739877149","0","0","0","0","0","0","0","0","0","0","0","0","0","1253740252"
"yggdrasil_decision_forests::model::decision_tree::FindBestConditionOblique","53.3021","1710.739s","0.000623137","0.020s","64.240s","0.020s","Function","","20","114","","","","","0","45.803","0","0.054","0.859","114.949","0.008","0.136","0.859","160.752","0.008","0.190","0","2942.394","0.017","7384.334","0.017","10326.728","2.241","54469.925","112.066","847.913","","","","","","","","","","oblique.cc","tof_fork_g","169","0","0","0","0","0","0","0","0","0","0","0","0","0","0","0","0","0","0","0","0","0","0","0","0","0","0","0","0","0","0","0","0","0","0","0","0","0","0","0","0","0","0","0","0","0","0","0","0","0","0","0","0","0","0","0","0","0","0","0","0","0","0","0","0","0","0","0","0","0","0","0","0"
"yggdrasil_decision_forests::model::decision_tree::FindBestConditionSparseObliqueTemplate<yggdrasil_decision_forests::model::decision_tree::ClassificationLabelStats>","53.2927","1710.439s","0.0124632","0.400s","64.240s","0.080s","Function","","21","115","","","","","0.429","45.803","0.006","0.054","6.293","114.949","0.082","0.136","6.722","160.752","0.088","0.190","0.034","2942.394","0.503","7384.317","0.538","10326.711","6.136","54467.683","76.697","847.878","","Int32; UInt16; ","128","AVX; AVX512F_128","","","","","","oblique.cc","tof_fork_g","","","","","","","","","","","","","","","","","","","","","","","","","","","","","","","","","","","","","","","","","","","","","","","","","","","","","","","","","","","","","","","","","","","","","","","","",""
"[loop in yggdrasil_decision_forests::model::decision_tree::FindBestConditionSparseObliqueTemplate<yggdrasil_decision_forests::model::decision_tree::ClassificationLabelStats> at status.h]","52.8958","1697.700s","0.0984581","3.160s","63.840s","0.260s","Scalar","8","22","116","","","","","0","46.082","0","0.054","21.278","113.394","0.033","0.134","21.278","159.476","0.033","0.188","0","2941.887","5.532","7239.092","5.532","10180.978","168.428","54121.118","647.791","847.762","","Int32","128","AVX","","","","","","status.h","tof_fork_g","172","45406930103558","45406930103558","0","0","239395021191966980","6852700404","0","8522522208905512","0","0","0","0","0","0","0","45406930103558","0","0","0","0","0","0","0","8522522208905512","0","0","0","230736017001871242","0","0","0","0","0","1872031948","1442682432","11816127616","11541535728","429364348","429364348","0","0","0","0","0","0","0","0","0","429364348","0","0","0","0","0","0","8587550","0","145983934","0","0","0","0","0","0","0","0","0","0","0","0","0","3168"
"yggdrasil_decision_forests::model::decision_tree::EvaluateProjection<yggdrasil_decision_forests::model::decision_tree::ClassificationLabelStats, std::vector<int, std::allocator<int>>>","28.2995","908.276s","0.0405039","1.300s","34.499s","0.160s","Function","","23","117","","","","","0","74.366","0","0.054","30.915","194.309","0.013","0.142","30.915","268.675","0.013","0.196","0","2565.522","4.946","6703.404","4.946","9268.927","387.459","47314.667","2421.711","1371.492","","Int32","128/256","AVX","","","","","","oblique.cc","tof_fork_g","173","46328569613","46328569613","0","0","41304994895","11163528900","0","0","0","0","0","0","0","0","0","46328569613","0","0","0","0","0","0","0","0","0","0","0","41304994895","0","0","0","0","0","988","0","1976","0","0","0","0","0","0","0","0","0","0","0","0","0","0","0","0","0","0","0","0","3349051394","0","2620","0","0","0","0","0","0","0","0","0","0","0","0","741"
"yggdrasil_decision_forests::model::decision_tree::FindSplitLabelClassificationFeatureNumericalCart","28.173","904.216s","0.170741","5.480s","34.439s","0.320s","Function","","24","118","","","","","12.339","74.495","0.010","0.055","95.465","194.422","0.076","0.143","107.803","268.918","0.086","0.197","3.948","2565.522","30.548","6695.648","34.496","9261.170","402.441","46895.348","1257.650","1361.706","2-Source Permutes; Blends; Divisions; Extracts; FMA; Gathers; Inserts; Shifts; Shuffles; Type Conversions; Unpacks","Int32; Int64; UInt16; UInt256; ; ","128/256","AVX; AVX2; AVX512DQ_128; AVX512DQ_256; AVX512F_128; AVX512F_256","","","","","","training.cc","tof_fork_g","177","0","0","0","0","167749963316","109755030080","0","64539891448","0","0","0","0","0","0","0","0","0","0","0","0","0","0","0","0","64539891448","0","0","103210071868","0","0","0","0","0","19407451968","3225960833","155259615744","25807686664","0","0","0","0","0","0","0","0","0","0","0","0","0","0","0","0","0","0","0","0","0","0","0","0","0","0","0","0","0","0","0","0","0","0","0"
"[loop in yggdrasil_decision_forests::model::decision_tree::FindSplitLabelClassificationFeatureNumericalCart at splitter_scanner.h]","13.0918","420.183s","13.0918","420.183s","16.259s","16.259s","Vectorized (Body)","0","25","132","","AVX512","2; 8","","45.337","45.337","0.060","0.060","90.735","90.735","0.121","0.121","136.073","136.073","0.181","0.181","737.120","737.120","1475.229","1475.229","2212.349","2212.349","12193.130","12193.130","749.951","749.951","2-Source Permutes; Blends; Divisions; FMA; Inserts; Shifts; Shuffles; Type Conversions","Int32; Int64; UInt16; ; ","128","AVX; AVX512F_128","","","","","","splitter_scanner.h","tof_fork_g","264","0","0","0","0","128809665","309143196","0","0","0","0","0","0","0","0","0","0","0","0","0","0","0","0","0","0","0","0","0","128809665","0","0","0","0","0","51523866","128809665","309143196","1030477320","0","0","0","0","0","0","0","0","0","0","0","0","0","0","0","0","0","0","0","0","0","0","0","0","0","0","0","0","0","0","0","0","0","0","0"
"hwy::N_AVX3_SPR::(anonymous namespace)::SortKV64Asc","9.37275","300.820s","0.00872418","0.280s","12.060s","0.040s","Function","","25","128","","","","","0","0","0","0","30.690","9.642","0.071","0.054","30.690","9.642","0.071","0.054","0","0","1.228","116.279","1.228","116.279","17.279","2170.734","431.975","179.998","","","","","","","","","","vqsort_kv64a.cc","tof_fork_g","178","24731452800","24731452800","0","0","118710973440","58805898880","0","23632277120","0","0","0","0","0","0","0","12640520320","0","0","12090932480","0","0","0","0","23632277120","0","0","0","54958784000","0","0","27479392000","0","11541344640","17037223040","17586810880","125306027520","175868108800","0","0","0","0","0","0","0","0","0","0","0","0","0","0","0","0","0","0","549587840","0","4946290560","0","0","0","0","0","0","0","0","0","0","0","0","0","1648763520"
"hwy::N_AVX3_SPR::detail::Recurse<(hwy::N_AVX3_SPR::detail::RecurseMode)0, hwy::N_AVX3_SPR::Simd<unsigned long, (unsigned long)8, (int)0>, hwy::N_AVX3_SPR::detail::SharedTraits<hwy::N_AVX3_SPR::detail::TraitsLane<hwy::N_AVX3_SPR::detail::OrderAscendingKV64>>, unsigned long>","8.48349","272.279s","0.0062315","0.200s","10.740s","0.040s","Function","","26","130","","","","","0","0","0","0","13.869","10.713","0.029","0.053","13.869","10.713","0.029","0.053","0","0","0.555","115.052","0.555","115.052","18.934","2153.455","473.324","200.512","Permutes; Shifts","UInt16; UInt256; ","128/512","AVX; AVX512F_512","","","","","","vqsort-inl.h","tof_fork_g","","","","","","","","","","","","","","","","","","","","","","","","","","","","","","","","","","","","","","","","","","","","","","","","","","","","","","","","","","","","","","","","","","","","","","","","",""
"[loop in hwy::N_AVX3_SPR::detail::Recurse<(hwy::N_AVX3_SPR::detail::RecurseMode)0, hwy::N_AVX3_SPR::Simd<unsigned long, (unsigned long)8, (int)0>, hwy::N_AVX3_SPR::detail::SharedTraits<hwy::N_AVX3_SPR::detail::TraitsLane<hwy::N_AVX3_SPR::detail::OrderAscendingKV64>>, unsigned long> at vqsort-inl.h]","8.47725","272.079s","0.12276","3.940s","10.700s","0.300s","Scalar","7","27","129","","","","","0","0","0","0","68.628","10.701","0.094","0.054","68.628","10.701","0.094","0.054","0","0","20.590","114.497","20.590","114.497","217.999","2134.521","726.625","199.492","Mask Manipulations; Permutes; Shifts","UInt16; UInt256; ","128/512","AVX; AVX512F_512","","","","","","vqsort-inl.h","tof_fork_g","179","111292575210","111292575210","0","0","317389936710","294032235740","0","5495929640","0","0","0","0","0","0","0","87934874240","0","0","8243894460","0","0","15113806510","0","0","5495929640","0","0","212967273550","0","0","98926733520","0","0","46715401940","21983718560","340747637680","175869748480","15113806510","15113806510","0","0","0","0","0","0","0","0","0","0","15113806510","0","0","0","0","0","0","8243894460","10991859280","1373982410","0","0","0","0","0","0","0","8243894460","0","0","0","0","2747964820"
"hwy::N_AVX3_SPR::detail::Recurse<(hwy::N_AVX3_SPR::detail::RecurseMode)0, hwy::N_AVX3_SPR::Simd<unsigned long, (unsigned long)8, (int)0>, hwy::N_AVX3_SPR::detail::SharedTraits<hwy::N_AVX3_SPR::detail::TraitsLane<hwy::N_AVX3_SPR::detail::OrderAscendingKV64>>, unsigned long>","6.25446","200.738s","0.00872399","0.280s","8.200s","0.040s","Function","","28","130","","","","","","0","","0","","0.353","","0.035","","0.353","","0.035","","0","","2.898","","2.898","","83.618","","10.197","Permutes; Shifts","UInt16; UInt256; ","128/512","AVX; AVX512F_512","","","","","","vqsort-inl.h","tof_fork_g","","","","","","","","","","","","","","","","","","","","","","","","","","","","","","","","","","","","","","","","","","","","","","","","","","","","","","","","","","","","","","","","","","","","","","","","",""
"[loop in hwy::N_AVX3_SPR::detail::Recurse<(hwy::N_AVX3_SPR::detail::RecurseMode)0, hwy::N_AVX3_SPR::Simd<unsigned long, (unsigned long)8, (int)0>, hwy::N_AVX3_SPR::detail::SharedTraits<hwy::N_AVX3_SPR::detail::TraitsLane<hwy::N_AVX3_SPR::detail::OrderAscendingKV64>>, unsigned long> at vqsort-inl.h]","6.24574","200.458s","0.102819","3.300s","8.200s","0.300s","Scalar","6","29","129","","","","","","0","","0","","0.353","","0.035","","0.353","","0.035","","0","","2.898","","2.898","","83.618","","10.197","Mask Manipulations; Permutes; Shifts","UInt16; UInt256; ","128/512","AVX; AVX512F_512","","","","","","vqsort-inl.h","tof_fork_g","180","4946290560","4946290560","0","0","43967027200","40669500160","0","17586810880","0","0","0","0","0","0","0","4946290560","0","0","0","0","0","0","0","0","17586810880","0","0","21983513600","0","0","4396702720","0","0","13190108160","13190108160","98925811200","105520865280","0","0","0","0","0","0","0","0","0","0","0","0","0","0","0","0","0","0","549587840","0","1648763520","0","0","0","0","0","0","0","0","0","0","0","0","0","0"
"hwy::N_AVX3_SPR::detail::Recurse<(hwy::N_AVX3_SPR::detail::RecurseMode)0, hwy::N_AVX3_SPR::Simd<unsigned long, (unsigned long)8, (int)0>, hwy::N_AVX3_SPR::detail::SharedTraits<hwy::N_AVX3_SPR::detail::TraitsLane<hwy::N_AVX3_SPR::detail::OrderAscendingKV64>>, unsigned long>","2.6776","85.938s","0.0280333","0.900s","3.840s","0.080s","Function","","30","130","","","","","","0","","0","","0.755","","0.035","","0.755","","0.035","","0","","2.898","","2.898","","83.618","","21.774","Permutes; Shifts","UInt16; UInt256; ","128/512","AVX; AVX512F_512","","","","","","vqsort-inl.h","tof_fork_g","","","","","","","","","","","","","","","","","","","","","","","","","","","","","","","","","","","","","","","","","","","","","","","","","","","","","","","","","","","","","","","","","","","","","","","","",""
"[loop in hwy::N_AVX3_SPR::detail::Recurse<(hwy::N_AVX3_SPR::detail::RecurseMode)0, hwy::N_AVX3_SPR::Simd<unsigned long, (unsigned long)8, (int)0>, hwy::N_AVX3_SPR::detail::SharedTraits<hwy::N_AVX3_SPR::detail::TraitsLane<hwy::N_AVX3_SPR::detail::OrderAscendingKV64>>, unsigned long> at vqsort-inl.h]","2.64956","85.038s","0.335253","10.760s","3.820s","0.700s","Scalar","5","31","129","","","","","","0","","0","","0.759","","0.035","","0.759","","0.035","","0","","2.898","","2.898","","83.618","","21.888","Mask Manipulations; Permutes; Shifts","UInt16; UInt256; ","128/512","AVX; AVX512F_512","","","","","","vqsort-inl.h","tof_fork_g","189","0","0","0","0","0","0","0","0","0","0","0","0","0","0","0","0","0","0","0","0","0","0","0","0","0","0","0","0","0","0","0","0","0","0","0","0","0","0","0","0","0","0","0","0","0","0","0","0","0","0","0","0","0","0","0","0","0","0","0","0","0","0","0","0","0","0","0","0","0","0","0","0"
"[loop in hwy::N_AVX3_SPR::detail::Recurse<(hwy::N_AVX3_SPR::detail::RecurseMode)0, hwy::N_AVX3_SPR::Simd<unsigned long, (unsigned long)8, (int)0>, hwy::N_AVX3_SPR::detail::SharedTraits<hwy::N_AVX3_SPR::detail::TraitsLane<hwy::N_AVX3_SPR::detail::OrderAscendingKV64>>, unsigned long> at vqsort-inl.h:881]","1.1951","38.357s","1.19512","38.357s","1.760s","1.760s","Vectorized (Body)","0","32","134","","AVX512","2","","","","","","","","","","","","","","","","","","","","","","","","Mask Manipulations; Permutes; Shifts","UInt256; ","512","AVX512F_512","","","","","","vqsort-inl.h:881","tof_fork_g","251","8587310","8587310","0","0","515238600","403603570","0","0","0","0","0","0","0","0","0","8587310","0","0","0","0","0","0","0","0","0","0","0","515238600","0","0","0","0","0","17174620","103047720","137396960","824381760","0","0","0","0","0","0","0","0","0","0","0","0","0","0","0","0","0","0","8587310","0","0","0","0","0","0","0","0","0","0","0","0","0","0","0","42936550"
"hwy::N_AVX3_SPR::detail::Recurse<(hwy::N_AVX3_SPR::detail::RecurseMode)0, hwy::N_AVX3_SPR::Simd<unsigned long, (unsigned long)8, (int)0>, hwy::N_AVX3_SPR::detail::SharedTraits<hwy::N_AVX3_SPR::detail::TraitsLane<hwy::N_AVX3_SPR::detail::OrderAscendingKV64>>, unsigned long>","0.403799","12.960s","0.00186941","0.060s","0.800s","0.020s","Function","","32","130","","","","","","0","","0","","0","","0","","0","","0","","0","","0","","0","","1.181","","1.477","Permutes; Shifts","UInt16; UInt256; ","128/512","AVX; AVX512F_512","","","","","","vqsort-inl.h","tof_fork_g","","","","","","","","","","","","","","","","","","","","","","","","","","","","","","","","","","","","","","","","","","","","","","","","","","","","","","","","","","","","","","","","","","","","","","","","",""
"[loop in hwy::N_AVX3_SPR::detail::Recurse<(hwy::N_AVX3_SPR::detail::RecurseMode)0, hwy::N_AVX3_SPR::Simd<unsigned long, (unsigned long)8, (int)0>, hwy::N_AVX3_SPR::detail::SharedTraits<hwy::N_AVX3_SPR::detail::TraitsLane<hwy::N_AVX3_SPR::detail::OrderAscendingKV64>>, unsigned long> at vqsort-inl.h]","0.40193","12.900s","0.0261725","0.840s","0.800s","0.120s","Scalar","4","33","129","","","","","","0","","0","","0","","0","","0","","0","","0","","0","","0","","1.181","","1.477","Mask Manipulations; Permutes; Shifts","UInt16; UInt256; ","128/512","AVX; AVX512F_512","","","","","","vqsort-inl.h","tof_fork_g","","","","","","","","","","","","","","","","","","","","","","","","","","","","","","","","","","","","","","","","","","","","","","","","","","","","","","","","","","","","","","","","","","","","","","","","",""
"hwy::N_AVX3_SPR::detail::Sort16Rows<(unsigned long)8, hwy::N_AVX3_SPR::detail::SharedTraits<hwy::N_AVX3_SPR::detail::TraitsLane<hwy::N_AVX3_SPR::detail::OrderAscending<unsigned long>>>, unsigned long>","0.135846","4.360s","0.135848","4.360s","0.320s","0.320s","Function","","34","131","","","","","","","","","","","","","","","","","","","","","","","","","","","2-Source Permutes; Blends; Permutes; Shuffles","UInt256; ","128/512","AVX; AVX512F_128; AVX512F_512","","","","","","vqsort-inl.h:432","tof_fork_g","","","","","","","","","","","","","","","","","","","","","","","","","","","","","","","","","","","","","","","","","","","","","","","","","","","","","","","","","","","","","","","","","","","","","","","","",""
"hwy::N_AVX3_SPR::detail::Recurse<(hwy::N_AVX3_SPR::detail::RecurseMode)0, hwy::N_AVX3_SPR::Simd<unsigned long, (unsigned long)8, (int)0>, hwy::N_AVX3_SPR::detail::SharedTraits<hwy::N_AVX3_SPR::detail::TraitsLane<hwy::N_AVX3_SPR::detail::OrderAscendingKV64>>, unsigned long>","0.131484","4.220s","0.00186941","0.060s","0.280s","0.020s","Function","","34","130","","","","","","","","","","","","","","","","","","","","","","","","","","","Permutes; Shifts","UInt16; UInt256; ","128/512","AVX; AVX512F_512","","","","","","vqsort-inl.h","tof_fork_g","","","","","","","","","","","","","","","","","","","","","","","","","","","","","","","","","","","","","","","","","","","","","","","","","","","","","","","","","","","","","","","","","","","","","","","","",""
"[loop in hwy::N_AVX3_SPR::detail::Recurse<(hwy::N_AVX3_SPR::detail::RecurseMode)0, hwy::N_AVX3_SPR::Simd<unsigned long, (unsigned long)8, (int)0>, hwy::N_AVX3_SPR::detail::SharedTraits<hwy::N_AVX3_SPR::detail::TraitsLane<hwy::N_AVX3_SPR::detail::OrderAscendingKV64>>, unsigned long> at vqsort-inl.h]","0.129614","4.160s","0.0186941","0.600s","0.280s","0.080s","Scalar","3","35","129","","","","","","","","","","","","","","","","","","","","","","","","","","","Mask Manipulations; Permutes; Shifts","UInt16; UInt256; ","128/512","AVX; AVX512F_512","","","","","","vqsort-inl.h","tof_fork_g","","","","","","","","","","","","","","","","","","","","","","","","","","","","","","","","","","","","","","","","","","","","","","","","","","","","","","","","","","","","","","","","","","","","","","","","",""
"[loop in hwy::N_AVX3_SPR::detail::Recurse<(hwy::N_AVX3_SPR::detail::RecurseMode)0, hwy::N_AVX3_SPR::Simd<unsigned long, (unsigned long)8, (int)0>, hwy::N_AVX3_SPR::detail::SharedTraits<hwy::N_AVX3_SPR::detail::TraitsLane<hwy::N_AVX3_SPR::detail::OrderAscendingKV64>>, unsigned long> at vqsort-inl.h:881]","0.0373888","1.200s","0.0373888","1.200s","0.100s","0.100s","Vectorized (Body)","0","36","134","","AVX512","2","","","","","","","","","","","","","","","","","","","","","","","","Mask Manipulations; Permutes; Shifts","UInt256; ","512","AVX512F_512","","","","","","vqsort-inl.h:881","tof_fork_g","","","","","","","","","","","","","","","","","","","","","","","","","","","","","","","","","","","","","","","","","","","","","","","","","","","","","","","","","","","","","","","","","","","","","","","","",""
"hwy::N_AVX3_SPR::detail::Recurse<(hwy::N_AVX3_SPR::detail::RecurseMode)0, hwy::N_AVX3_SPR::Simd<unsigned long, (unsigned long)8, (int)0>, hwy::N_AVX3_SPR::detail::SharedTraits<hwy::N_AVX3_SPR::detail::TraitsLane<hwy::N_AVX3_SPR::detail::OrderAscendingKV64>>, unsigned long>","0.0236796","0.760s","0.000623218","0.020s","0.120s","0.020s","Function","","36","130","","","","","","","","","","","","","","","","","","","","","","","","","","","Permutes; Shifts","UInt16; UInt256; ","128/512","AVX; AVX512F_512","","","","","","vqsort-inl.h","tof_fork_g","","","","","","","","","","","","","","","","","","","","","","","","","","","","","","","","","","","","","","","","","","","","","","","","","","","","","","","","","","","","","","","","","","","","","","","","",""
"[loop in hwy::N_AVX3_SPR::detail::Recurse<(hwy::N_AVX3_SPR::detail::RecurseMode)0, hwy::N_AVX3_SPR::Simd<unsigned long, (unsigned long)8, (int)0>, hwy::N_AVX3_SPR::detail::SharedTraits<hwy::N_AVX3_SPR::detail::TraitsLane<hwy::N_AVX3_SPR::detail::OrderAscendingKV64>>, unsigned long> at vqsort-inl.h]","0.0230564","0.740s","0.00373891","0.120s","0.120s","0.040s","Scalar","2","37","129","","","","","","","","","","","","","","","","","","","","","","","","","","","Mask Manipulations; Permutes; Shifts","UInt16; UInt256; ","128/512","AVX; AVX512F_512","","","","","","vqsort-inl.h","tof_fork_g","","","","","","","","","","","","","","","","","","","","","","","","","","","","","","","","","","","","","","","","","","","","","","","","","","","","","","","","","","","","","","","","","","","","","","","","",""
"hwy::N_AVX3_SPR::detail::Sort16Rows<(unsigned long)8, hwy::N_AVX3_SPR::detail::SharedTraits<hwy::N_AVX3_SPR::detail::TraitsLane<hwy::N_AVX3_SPR::detail::OrderAscending<unsigned long>>>, unsigned long>","0.0081009","0.260s","0.00810125","0.260s","0.060s","0.060s","Function","","38","131","","","","","","","","","","","","","","","","","","","","","","","","","","","2-Source Permutes; Blends; Permutes; Shuffles","UInt256; ","128/512","AVX; AVX512F_128; AVX512F_512","","","","","","vqsort-inl.h:432","tof_fork_g","","","","","","","","","","","","","","","","","","","","","","","","","","","","","","","","","","","","","","","","","","","","","","","","","","","","","","","","","","","","","","","","","","","","","","","","",""
"[loop in hwy::N_AVX3_SPR::detail::Recurse<(hwy::N_AVX3_SPR::detail::RecurseMode)0, hwy::N_AVX3_SPR::Simd<unsigned long, (unsigned long)8, (int)0>, hwy::N_AVX3_SPR::detail::SharedTraits<hwy::N_AVX3_SPR::detail::TraitsLane<hwy::N_AVX3_SPR::detail::OrderAscendingKV64>>, unsigned long> at vqsort-inl.h:881]","0.00311573","0.100s","0.00311554","0.100s","0.020s","0.020s","Vectorized (Body)","0","38","134","","AVX512","2","","","","","","","","","","","","","","","","","","","","","","","","Mask Manipulations; Permutes; Shifts","UInt256; ","512","AVX512F_512","","","","","","vqsort-inl.h:881","tof_fork_g","","","","","","","","","","","","","","","","","","","","","","","","","","","","","","","","","","","","","","","","","","","","","","","","","","","","","","","","","","","","","","","","","","","","","","","","",""
"hwy::N_AVX3_SPR::detail::Recurse<(hwy::N_AVX3_SPR::detail::RecurseMode)0, hwy::N_AVX3_SPR::Simd<unsigned long, (unsigned long)8, (int)0>, hwy::N_AVX3_SPR::detail::SharedTraits<hwy::N_AVX3_SPR::detail::TraitsLane<hwy::N_AVX3_SPR::detail::OrderAscendingKV64>>, unsigned long>","0.00249259","0.080s","0","0s","0.040s","0s","Function","","38","130","","","","","","","","","","","","","","","","","","","","","","","","","","","Permutes; Shifts","UInt16; UInt256; ","128/512","AVX; AVX512F_512","","","","","","vqsort-inl.h","tof_fork_g","","","","","","","","","","","","","","","","","","","","","","","","","","","","","","","","","","","","","","","","","","","","","","","","","","","","","","","","","","","","","","","","","","","","","","","","",""
"[loop in hwy::N_AVX3_SPR::detail::Recurse<(hwy::N_AVX3_SPR::detail::RecurseMode)0, hwy::N_AVX3_SPR::Simd<unsigned long, (unsigned long)8, (int)0>, hwy::N_AVX3_SPR::detail::SharedTraits<hwy::N_AVX3_SPR::detail::TraitsLane<hwy::N_AVX3_SPR::detail::OrderAscendingKV64>>, unsigned long> at vqsort-inl.h]","0.00249259","0.080s","0","0s","0.040s","0s","Vectorized (Body)","1","39","129","","AVX512","2; 32","","","","","","","","","","","","","","","","","","","","","","","","Mask Manipulations; Permutes; Shifts","UInt16; UInt256; ","128/512","AVX; AVX512F_512","","","","","","vqsort-inl.h","tof_fork_g","","","","","","","","","","","","","","","","","","","","","","","","","","","","","","","","","","","","","","","","","","","","","","","","","","","","","","","","","","","","","","","","","","","","","","","","",""
"[loop in hwy::N_AVX3_SPR::detail::Recurse<(hwy::N_AVX3_SPR::detail::RecurseMode)0, hwy::N_AVX3_SPR::Simd<unsigned long, (unsigned long)8, (int)0>, hwy::N_AVX3_SPR::detail::SharedTraits<hwy::N_AVX3_SPR::detail::TraitsLane<hwy::N_AVX3_SPR::detail::OrderAscendingKV64>>, unsigned long> at vqsort-inl.h:881]","0.00124629","0.040s","0.00124571","0.040s","0.020s","0.020s","Inside vectorized","0","40","134","","","","","","","","","","","","","","","","","","","","","","","","","","","Mask Manipulations; Permutes; Shifts","UInt256; ","512","AVX512F_512","","","","","","vqsort-inl.h:881","tof_fork_g","","","","","","","","","","","","","","","","","","","","","","","","","","","","","","","","","","","","","","","","","","","","","","","","","","","","","","","","","","","","","","","","","","","","","","","","",""
"__intel_avx_rep_memcpy","0.000623147","0.020s","0.000623168","0.020s","0.020s","0.020s","Function","","40","152","","","","","","","","","","","","","","","","","","","","","","","","","","","NT-stores","Int32; UInt16","128/256","AVX","","","","","","","tof_fork_g","","","","","","","","","","","","","","","","","","","","","","","","","","","","","","","","","","","","","","","","","","","","","","","","","","","","","","","","","","","","","","","","","","","","","","","","",""
"hwy::N_AVX3_SPR::detail::Sort16Rows<(unsigned long)4, hwy::N_AVX3_SPR::detail::SharedTraits<hwy::N_AVX3_SPR::detail::TraitsLane<hwy::N_AVX3_SPR::detail::OrderAscending<unsigned long>>>, unsigned long>","0.000623147","0.020s","0.000623109","0.020s","0.020s","0.020s","Function","","40","143","","","","","","","","","","","","","","","","","","","","","","","","","","","2-Source Permutes; Blends; Permutes; Shuffles","UInt16; UInt256; ; ","128/256","AVX; AVX2; AVX512F_128; AVX512F_256","","","","","","vqsort-inl.h:432","tof_fork_g","","","","","","","","","","","","","","","","","","","","","","","","","","","","","","","","","","","","","","","","","","","","","","","","","","","","","","","","","","","","","","","","","","","","","","","","",""
"hwy::N_AVX3_SPR::detail::Sort16Rows<(unsigned long)4, hwy::N_AVX3_SPR::detail::SharedTraits<hwy::N_AVX3_SPR::detail::TraitsLane<hwy::N_AVX3_SPR::detail::OrderAscending<unsigned long>>>, unsigned long>","0.00186944","0.060s","0.0018694","0.060s","0.020s","0.020s","Function","","38","143","","","","","","","","","","","","","","","","","","","","","","","","","","","2-Source Permutes; Blends; Permutes; Shuffles","UInt16; UInt256; ; ","128/256","AVX; AVX2; AVX512F_128; AVX512F_256","","","","","","vqsort-inl.h:432","tof_fork_g","","","","","","","","","","","","","","","","","","","","","","","","","","","","","","","","","","","","","","","","","","","","","","","","","","","","","","","","","","","","","","","","","","","","","","","","",""
"hwy::N_AVX3_SPR::detail::Sort8Rows<(unsigned long)2, hwy::N_AVX3_SPR::detail::SharedTraits<hwy::N_AVX3_SPR::detail::TraitsLane<hwy::N_AVX3_SPR::detail::OrderAscending<unsigned long>>>, unsigned long>","0.00124629","0.040s","0.0012465","0.040s","0.020s","0.020s","Function","","38","135","","","","","","","","","","","","","","","","","","","","","","","","","","","Blends; Shuffles","UInt16; ; ","128","AVX; AVX2; AVX512F_128","","","","","","vqsort-inl.h:337","tof_fork_g","","","","","","","","","","","","","","","","","","","","","","","","","","","","","","","","","","","","","","","","","","","","","","","","","","","","","","","","","","","","","","","","","","","","","","","","",""
"[loop in hwy::N_AVX3_SPR::detail::Recurse<(hwy::N_AVX3_SPR::detail::RecurseMode)0, hwy::N_AVX3_SPR::Simd<unsigned long, (unsigned long)8, (int)0>, hwy::N_AVX3_SPR::detail::SharedTraits<hwy::N_AVX3_SPR::detail::TraitsLane<hwy::N_AVX3_SPR::detail::OrderAscendingKV64>>, unsigned long> at vqsort-inl.h:666]","0.00124629","0.040s","0.00124645","0.040s","0.020s","0.020s","Vectorized (Body)","0","38","151","","AVX512","2","","","","","","","","","","","","","","","","","","","","","","","","Mask Manipulations; Permutes; Shifts","UInt256; ","512","AVX512F_512","","","","","","vqsort-inl.h:666","tof_fork_g","","","","","","","","","","","","","","","","","","","","","","","","","","","","","","","","","","","","","","","","","","","","","","","","","","","","","","","","","","","","","","","","","","","","","","","","",""
"__intel_avx_rep_memcpy","0.00124629","0.040s","0.00124624","0.040s","0.020s","0.020s","Function","","38","152","","","","","","","","","","","","","","","","","","","","","","","","","","","NT-stores","Int32; UInt16","128/256","AVX","","","","","","","tof_fork_g","","","","","","","","","","","","","","","","","","","","","","","","","","","","","","","","","","","","","","","","","","","","","","","","","","","","","","","","","","","","","","","","","","","","","","","","",""
"hwy::N_AVX3_SPR::detail::Sort8Rows<(unsigned long)2, hwy::N_AVX3_SPR::detail::SharedTraits<hwy::N_AVX3_SPR::detail::TraitsLane<hwy::N_AVX3_SPR::detail::OrderAscending<unsigned long>>>, unsigned long>","0.0205638","0.660s","0.0205646","0.660s","0.080s","0.080s","Function","","36","135","","","","","","","","","","","","","","","","","","","","","","","","","","","Blends; Shuffles","UInt16; ; ","128","AVX; AVX2; AVX512F_128","","","","","","vqsort-inl.h:337","tof_fork_g","","","","","","","","","","","","","","","","","","","","","","","","","","","","","","","","","","","","","","","","","","","","","","","","","","","","","","","","","","","","","","","","","","","","","","","","",""
"__intel_avx_rep_memcpy","0.0124629","0.400s","0.0124634","0.400s","0.060s","0.060s","Function","","36","152","","","","","","","","","","","","","","","","","","","","","","","","","","","NT-stores","Int32; UInt16","128/256","AVX","","","","","","","tof_fork_g","","","","","","","","","","","","","","","","","","","","","","","","","","","","","","","","","","","","","","","","","","","","","","","","","","","","","","","","","","","","","","","","","","","","","","","","",""
"hwy::N_AVX3_SPR::detail::Sort16Rows<(unsigned long)8, hwy::N_AVX3_SPR::detail::SharedTraits<hwy::N_AVX3_SPR::detail::TraitsLane<hwy::N_AVX3_SPR::detail::OrderAscending<unsigned long>>>, unsigned long>","0.0124629","0.400s","0.0124629","0.400s","0.080s","0.080s","Function","","36","131","","","","","","","","","","","","","","","","","","","","","","","","","","","2-Source Permutes; Blends; Permutes; Shuffles","UInt256; ","128/512","AVX; AVX512F_128; AVX512F_512","","","","","","vqsort-inl.h:432","tof_fork_g","","","","","","","","","","","","","","","","","","","","","","","","","","","","","","","","","","","","","","","","","","","","","","","","","","","","","","","","","","","","","","","","","","","","","","","","",""
"[loop in hwy::N_AVX3_SPR::detail::Recurse<(hwy::N_AVX3_SPR::detail::RecurseMode)0, hwy::N_AVX3_SPR::Simd<unsigned long, (unsigned long)8, (int)0>, hwy::N_AVX3_SPR::detail::SharedTraits<hwy::N_AVX3_SPR::detail::TraitsLane<hwy::N_AVX3_SPR::detail::OrderAscendingKV64>>, unsigned long> at vqsort-inl.h:666]","0.00186944","0.060s","0.00186938","0.060s","0.020s","0.020s","Vectorized (Body)","0","36","151","","AVX512","2","","","","","","","","","","","","","","","","","","","","","","","","Mask Manipulations; Permutes; Shifts","UInt256; ","512","AVX512F_512","","","","","","vqsort-inl.h:666","tof_fork_g","","","","","","","","","","","","","","","","","","","","","","","","","","","","","","","","","","","","","","","","","","","","","","","","","","","","","","","","","","","","","","","","","","","","","","","","",""
"[loop in hwy::N_AVX3_SPR::detail::Recurse<(hwy::N_AVX3_SPR::detail::RecurseMode)0, hwy::N_AVX3_SPR::Simd<unsigned long, (unsigned long)8, (int)0>, hwy::N_AVX3_SPR::detail::SharedTraits<hwy::N_AVX3_SPR::detail::TraitsLane<hwy::N_AVX3_SPR::detail::OrderAscendingKV64>>, unsigned long> at vqsort-inl.h]","0.00124629","0.040s","0.00124644","0.040s","0.020s","0.020s","Scalar","0","36","142","","","","","","","","","","","","","","","","","","","","","","","","","","","","","","","","","","","","vqsort-inl.h","tof_fork_g","","","","","","","","","","","","","","","","","","","","","","","","","","","","","","","","","","","","","","","","","","","","","","","","","","","","","","","","","","","","","","","","","","","","","","","","",""
"hwy::N_AVX3_SPR::detail::Sort16Rows<(unsigned long)4, hwy::N_AVX3_SPR::detail::SharedTraits<hwy::N_AVX3_SPR::detail::TraitsLane<hwy::N_AVX3_SPR::detail::OrderAscending<unsigned long>>>, unsigned long>","0.00124629","0.040s","0.00124636","0.040s","0.020s","0.020s","Function","","36","143","","","","","","","","","","","","","","","","","","","","","","","","","","","2-Source Permutes; Blends; Permutes; Shuffles","UInt16; UInt256; ; ","128/256","AVX; AVX2; AVX512F_128; AVX512F_256","","","","","","vqsort-inl.h:432","tof_fork_g","","","","","","","","","","","","","","","","","","","","","","","","","","","","","","","","","","","","","","","","","","","","","","","","","","","","","","","","","","","","","","","","","","","","","","","","",""
"[loop in hwy::N_AVX3_SPR::detail::Recurse<(hwy::N_AVX3_SPR::detail::RecurseMode)0, hwy::N_AVX3_SPR::Simd<unsigned long, (unsigned long)8, (int)0>, hwy::N_AVX3_SPR::detail::SharedTraits<hwy::N_AVX3_SPR::detail::TraitsLane<hwy::N_AVX3_SPR::detail::OrderAscendingKV64>>, unsigned long> at vqsort-inl.h:881]","0.0616915","1.980s","0.0616899","1.980s","0.160s","0.160s","Vectorized (Body)","0","34","134","","AVX512","2","","","","","","","","","","","","","","","","","","","","","","","","Mask Manipulations; Permutes; Shifts","UInt256; ","512","AVX512F_512","","","","","","vqsort-inl.h:881","tof_fork_g","","","","","","","","","","","","","","","","","","","","","","","","","","","","","","","","","","","","","","","","","","","","","","","","","","","","","","","","","","","","","","","","","","","","","","","","",""
"hwy::N_AVX3_SPR::detail::Sort8Rows<(unsigned long)2, hwy::N_AVX3_SPR::detail::SharedTraits<hwy::N_AVX3_SPR::detail::TraitsLane<hwy::N_AVX3_SPR::detail::OrderAscending<unsigned long>>>, unsigned long>","0.0162018","0.520s","0.0162017","0.520s","0.060s","0.060s","Function","","34","135","","","","","","","","","","","","","","","","","","","","","","","","","","","Blends; Shuffles","UInt16; ; ","128","AVX; AVX2; AVX512F_128","","","","","","vqsort-inl.h:337","tof_fork_g","","","","","","","","","","","","","","","","","","","","","","","","","","","","","","","","","","","","","","","","","","","","","","","","","","","","","","","","","","","","","","","","","","","","","","","","",""
"hwy::N_AVX3_SPR::detail::Sort16Rows<(unsigned long)4, hwy::N_AVX3_SPR::detail::SharedTraits<hwy::N_AVX3_SPR::detail::TraitsLane<hwy::N_AVX3_SPR::detail::OrderAscending<unsigned long>>>, unsigned long>","0.0137092","0.440s","0.0137111","0.440s","0.060s","0.060s","Function","","34","143","","","","","","","","","","","","","","","","","","","","","","","","","","","2-Source Permutes; Blends; Permutes; Shuffles","UInt16; UInt256; ; ","128/256","AVX; AVX2; AVX512F_128; AVX512F_256","","","","","","vqsort-inl.h:432","tof_fork_g","","","","","","","","","","","","","","","","","","","","","","","","","","","","","","","","","","","","","","","","","","","","","","","","","","","","","","","","","","","","","","","","","","","","","","","","",""
"__intel_avx_rep_memcpy","0.0112166","0.360s","0.0112169","0.360s","0.060s","0.060s","Function","","34","152","","","","","","","","","","","","","","","","","","","","","","","","","","","NT-stores","Int32; UInt16","128/256","AVX","","","","","","","tof_fork_g","","","","","","","","","","","","","","","","","","","","","","","","","","","","","","","","","","","","","","","","","","","","","","","","","","","","","","","","","","","","","","","","","","","","","","","","",""
"[loop in hwy::N_AVX3_SPR::detail::Recurse<(hwy::N_AVX3_SPR::detail::RecurseMode)0, hwy::N_AVX3_SPR::Simd<unsigned long, (unsigned long)8, (int)0>, hwy::N_AVX3_SPR::detail::SharedTraits<hwy::N_AVX3_SPR::detail::TraitsLane<hwy::N_AVX3_SPR::detail::OrderAscendingKV64>>, unsigned long> at vqsort-inl.h:666]","0.00436203","0.140s","0.00436181","0.140s","0.040s","0.040s","Vectorized (Body)","0","34","151","","AVX512","2","","","","","","","","","","","","","","","","","","","","","","","","Mask Manipulations; Permutes; Shifts","UInt256; ","512","AVX512F_512","","","","","","vqsort-inl.h:666","tof_fork_g","","","","","","","","","","","","","","","","","","","","","","","","","","","","","","","","","","","","","","","","","","","","","","","","","","","","","","","","","","","","","","","","","","","","","","","","",""
"_intel_fast_memcpy","0.00124629","0.040s","0.00124632","0.040s","0.020s","0.020s","Function","","34","222","","","","","0","0","0","0","0","0","0","0","0","0","0","0","0","0","0","0","0","0","1.181","1.181","59.059","59.059","","","","","","","","","","","tof_fork_g","","","","","","","","","","","","","","","","","","","","","","","","","","","","","","","","","","","","","","","","","","","","","","","","","","","","","","","","","","","","","","","","","","","","","","","","",""
"hwy::N_AVX3_SPR::detail::Sort8Rows<(unsigned long)2, hwy::N_AVX3_SPR::detail::SharedTraits<hwy::N_AVX3_SPR::detail::TraitsLane<hwy::N_AVX3_SPR::detail::OrderAscending<unsigned long>>>, unsigned long>","0.306588","9.840s","0.306578","9.840s","0.540s","0.540s","Function","","32","135","","","","","","","","","","","","","","","","","","","","","","","","","","","Blends; Shuffles","UInt16; ; ","128","AVX; AVX2; AVX512F_128","","","","","","vqsort-inl.h:337","tof_fork_g","","","","","","","","","","","","","","","","","","","","","","","","","","","","","","","","","","","","","","","","","","","","","","","","","","","","","","","","","","","","","","","","","","","","","","","","",""
"__intel_avx_rep_memcpy","0.148932","4.780s","0.148937","4.780s","0.300s","0.300s","Function","","32","152","","","","","0","0","0","0","2.648","2.648","0.019","0.019","2.648","2.648","0.019","0.019","0","0","0.794","0.794","0.794","0.794","42.418","42.418","141.389","141.389","NT-stores","Int32; UInt16","128/256","AVX","","","","","","","tof_fork_g","","","","","","","","","","","","","","","","","","","","","","","","","","","","","","","","","","","","","","","","","","","","","","","","","","","","","","","","","","","","","","","","","","","","","","","","",""
"hwy::N_AVX3_SPR::detail::Sort16Rows<(unsigned long)8, hwy::N_AVX3_SPR::detail::SharedTraits<hwy::N_AVX3_SPR::detail::TraitsLane<hwy::N_AVX3_SPR::detail::OrderAscending<unsigned long>>>, unsigned long>","0.127153","4.081s","0.127151","4.081s","0.260s","0.260s","Function","","32","131","","","","","","","","","","","","","","","","","","","","","","","","","","","2-Source Permutes; Blends; Permutes; Shuffles","UInt256; ","128/512","AVX; AVX512F_128; AVX512F_512","","","","","","vqsort-inl.h:432","tof_fork_g","","","","","","","","","","","","","","","","","","","","","","","","","","","","","","","","","","","","","","","","","","","","","","","","","","","","","","","","","","","","","","","","","","","","","","","","",""
"[loop in hwy::N_AVX3_SPR::detail::Recurse<(hwy::N_AVX3_SPR::detail::RecurseMode)0, hwy::N_AVX3_SPR::Simd<unsigned long, (unsigned long)8, (int)0>, hwy::N_AVX3_SPR::detail::SharedTraits<hwy::N_AVX3_SPR::detail::TraitsLane<hwy::N_AVX3_SPR::detail::OrderAscendingKV64>>, unsigned long> at vqsort-inl.h:666]","0.0835016","2.680s","0.0834998","2.680s","0.200s","0.200s","Vectorized (Body)","0","32","151","","AVX512","2","","0","0","0","0","7.399","7.399","0.038","0.038","7.399","7.399","0.038","0.038","0","0","1.480","1.480","1.480","1.480","38.475","38.475","192.362","192.362","Mask Manipulations; Permutes; Shifts","UInt256; ","512","AVX512F_512","","","","","","vqsort-inl.h:666","tof_fork_g","","","","","","","","","","","","","","","","","","","","","","","","","","","","","","","","","","","","","","","","","","","","","","","","","","","","","","","","","","","","","","","","","","","","","","","","",""
"[loop in hwy::N_AVX3_SPR::detail::Recurse<(hwy::N_AVX3_SPR::detail::RecurseMode)0, hwy::N_AVX3_SPR::Simd<unsigned long, (unsigned long)8, (int)0>, hwy::N_AVX3_SPR::detail::SharedTraits<hwy::N_AVX3_SPR::detail::TraitsLane<hwy::N_AVX3_SPR::detail::OrderAscendingKV64>>, unsigned long> at vqsort-inl.h]","0.0205638","0.660s","0.0205624","0.660s","0.080s","0.080s","Scalar","0","32","142","","","","","0","0","0","0","7.804","7.804","0.404","0.404","7.804","7.804","0.404","0.404","0","0","0.624","0.624","0.624","0.624","1.544","1.544","19.298","19.298","","","","","","","","","","vqsort-inl.h","tof_fork_g","","","","","","","","","","","","","","","","","","","","","","","","","","","","","","","","","","","","","","","","","","","","","","","","","","","","","","","","","","","","","","","","","","","","","","","","",""
"_intel_fast_memcpy","0.0137092","0.440s","0.0137094","0.440s","0.060s","0.060s","Function","","32","222","","","","","","","","","","","","","","","","","","","","","","","","","","","","","","","","","","","","","tof_fork_g","","","","","","","","","","","","","","","","","","","","","","","","","","","","","","","","","","","","","","","","","","","","","","","","","","","","","","","","","","","","","","","","","","","","","","","","",""
"hwy::N_AVX3_SPR::detail::Sort16Rows<(unsigned long)4, hwy::N_AVX3_SPR::detail::SharedTraits<hwy::N_AVX3_SPR::detail::TraitsLane<hwy::N_AVX3_SPR::detail::OrderAscending<unsigned long>>>, unsigned long>","0.0137092","0.440s","0.0137086","0.440s","0.060s","0.060s","Function","","32","143","","","","","","","","","","","","","","","","","","","","","","","","","","","2-Source Permutes; Blends; Permutes; Shuffles","UInt16; UInt256; ; ","128/256","AVX; AVX2; AVX512F_128; AVX512F_256","","","","","","vqsort-inl.h:432","tof_fork_g","","","","","","","","","","","","","","","","","","","","","","","","","","","","","","","","","","","","","","","","","","","","","","","","","","","","","","","","","","","","","","","","","","","","","","","","",""
"hwy::N_AVX3_SPR::detail::BaseCase<hwy::N_AVX3_SPR::Simd<unsigned long, (unsigned long)8, (int)0>, hwy::N_AVX3_SPR::detail::SharedTraits<hwy::N_AVX3_SPR::detail::TraitsLane<hwy::N_AVX3_SPR::detail::OrderAscendingKV64>>, unsigned long>","0.00124629","0.040s","0.0012463","0.040s","0.020s","0.020s","Function","","32","241","","","","","","","","","","","","","","","","","","","","","","","","","","","","","","","","","","","","vqsort-inl.h:574","tof_fork_g","","","","","","","","","","","","","","","","","","","","","","","","","","","","","","","","","","","","","","","","","","","","","","","","","","","","","","","","","","","","","","","","","","","","","","","","",""
"hwy::N_AVX3_SPR::detail::Sort16Rows<(unsigned long)8, hwy::N_AVX3_SPR::detail::SharedTraits<hwy::N_AVX3_SPR::detail::TraitsLane<hwy::N_AVX3_SPR::detail::OrderAscending<unsigned long>>>, unsigned long>","2.20532","70.780s","2.20531","70.780s","2.979s","2.979s","Function","","30","131","","","","","","","","","","","","","","","","","","","","","","","","","","","2-Source Permutes; Blends; Permutes; Shuffles","UInt256; ","128/512","AVX; AVX512F_128; AVX512F_512","","","","","","vqsort-inl.h:432","tof_fork_g","","","","","","","","","","","","","","","","","","","","","","","","","","","","","","","","","","","","","","","","","","","","","","","","","","","","","","","","","","","","","","","","","","","","","","","","",""
"[loop in hwy::N_AVX3_SPR::detail::Recurse<(hwy::N_AVX3_SPR::detail::RecurseMode)0, hwy::N_AVX3_SPR::Simd<unsigned long, (unsigned long)8, (int)0>, hwy::N_AVX3_SPR::detail::SharedTraits<hwy::N_AVX3_SPR::detail::TraitsLane<hwy::N_AVX3_SPR::detail::OrderAscendingKV64>>, unsigned long> at vqsort-inl.h:881]","0.761485","24.440s","0.761491","24.440s","1.220s","1.220s","Vectorized (Body)","0","30","134","","AVX512","2","","","","","","","","","","","","","","","","","","","","","","","","Mask Manipulations; Permutes; Shifts","UInt256; ","512","AVX512F_512","","","","","","vqsort-inl.h:881","tof_fork_g","","","","","","","","","","","","","","","","","","","","","","","","","","","","","","","","","","","","","","","","","","","","","","","","","","","","","","","","","","","","","","","","","","","","","","","","",""
"hwy::N_AVX3_SPR::detail::Sort16Rows<(unsigned long)4, hwy::N_AVX3_SPR::detail::SharedTraits<hwy::N_AVX3_SPR::detail::TraitsLane<hwy::N_AVX3_SPR::detail::OrderAscending<unsigned long>>>, unsigned long>","0.254244","8.160s","0.254235","8.160s","0.500s","0.500s","Function","","30","143","","","","","","","","","","","","","","","","","","","","","","","","","","","2-Source Permutes; Blends; Permutes; Shuffles","UInt16; UInt256; ; ","128/256","AVX; AVX2; AVX512F_128; AVX512F_256","","","","","","vqsort-inl.h:432","tof_fork_g","","","","","","","","","","","","","","","","","","","","","","","","","","","","","","","","","","","","","","","","","","","","","","","","","","","","","","","","","","","","","","","","","","","","","","","","",""
"hwy::N_AVX3_SPR::detail::Sort8Rows<(unsigned long)2, hwy::N_AVX3_SPR::detail::SharedTraits<hwy::N_AVX3_SPR::detail::TraitsLane<hwy::N_AVX3_SPR::detail::OrderAscending<unsigned long>>>, unsigned long>","0.0953414","3.060s","0.0953408","3.060s","0.220s","0.220s","Function","","30","135","","","","","","","","","","","","","","","","","","","","","","","","","","","Blends; Shuffles","UInt16; ; ","128","AVX; AVX2; AVX512F_128","","","","","","vqsort-inl.h:337","tof_fork_g","","","","","","","","","","","","","","","","","","","","","","","","","","","","","","","","","","","","","","","","","","","","","","","","","","","","","","","","","","","","","","","","","","","","","","","","",""
"__intel_avx_rep_memcpy","0.093472","3.000s","0.0916013","2.940s","0.200s","0.200s","Function","","30","152","","","","","","","","","","","","","","","","","","","","","","","","","","","NT-stores","Int32; UInt16","128/256","AVX","","","","","","","tof_fork_g","","","","","","","","","","","","","","","","","","","","","","","","","","","","","","","","","","","","","","","","","","","","","","","","","","","","","","","","","","","","","","","","","","","","","","","","",""
"[loop in __intel_avx_rep_memcpy]","0.00186944","0.060s","0.00186938","0.060s","0.020s","0.020s","Vectorized (Body)","0","31","361","","AVX","8","","","","","","","","","","","","","","","","","","","","","","","","","UInt16","256","AVX","","","","","","","tof_fork_g","","","","","","","","","","","","","","","","","","","","","","","","","","","","","","","","","","","","","","","","","","","","","","","","","","","","","","","","","","","","","","","","","","","","","","","","",""
"[loop in hwy::N_AVX3_SPR::detail::Recurse<(hwy::N_AVX3_SPR::detail::RecurseMode)0, hwy::N_AVX3_SPR::Simd<unsigned long, (unsigned long)8, (int)0>, hwy::N_AVX3_SPR::detail::SharedTraits<hwy::N_AVX3_SPR::detail::TraitsLane<hwy::N_AVX3_SPR::detail::OrderAscendingKV64>>, unsigned long> at vqsort-inl.h:666]","0.0292879","0.940s","0.029288","0.940s","0.100s","0.100s","Vectorized (Body)","0","30","151","","AVX512","2","","","","","","","","","","","","","","","","","","","","","","","","Mask Manipulations; Permutes; Shifts","UInt256; ","512","AVX512F_512","","","","","","vqsort-inl.h:666","tof_fork_g","","","","","","","","","","","","","","","","","","","","","","","","","","","","","","","","","","","","","","","","","","","","","","","","","","","","","","","","","","","","","","","","","","","","","","","","",""
"hwy::N_AVX3_SPR::detail::BaseCase<hwy::N_AVX3_SPR::Simd<unsigned long, (unsigned long)8, (int)0>, hwy::N_AVX3_SPR::detail::SharedTraits<hwy::N_AVX3_SPR::detail::TraitsLane<hwy::N_AVX3_SPR::detail::OrderAscendingKV64>>, unsigned long>","0.0137092","0.440s","0.0137093","0.440s","0.060s","0.060s","Function","","30","241","","","","","","","","","","","","","","","","","","","","","","","","","","","","","","","","","","","","vqsort-inl.h:574","tof_fork_g","","","","","","","","","","","","","","","","","","","","","","","","","","","","","","","","","","","","","","","","","","","","","","","","","","","","","","","","","","","","","","","","","","","","","","","","",""
"[loop in hwy::N_AVX3_SPR::detail::Recurse<(hwy::N_AVX3_SPR::detail::RecurseMode)0, hwy::N_AVX3_SPR::Simd<unsigned long, (unsigned long)8, (int)0>, hwy::N_AVX3_SPR::detail::SharedTraits<hwy::N_AVX3_SPR::detail::TraitsLane<hwy::N_AVX3_SPR::detail::OrderAscendingKV64>>, unsigned long> at vqsort-inl.h]","0.00560832","0.180s","0.00560819","0.180s","0.020s","0.020s","Scalar","0","30","142","","","","","","","","","","","","","","","","","","","","","","","","","","","","","","","","","","","","vqsort-inl.h","tof_fork_g","","","","","","","","","","","","","","","","","","","","","","","","","","","","","","","","","","","","","","","","","","","","","","","","","","","","","","","","","","","","","","","","","","","","","","","","",""
"_intel_fast_memcpy","0.00436203","0.140s","0.00436196","0.140s","0.020s","0.020s","Function","","30","222","","","","","","","","","","","","","","","","","","","","","","","","","","","","","","","","","","","","","tof_fork_g","","","","","","","","","","","","","","","","","","","","","","","","","","","","","","","","","","","","","","","","","","","","","","","","","","","","","","","","","","","","","","","","","","","","","","","","",""
"hwy::N_AVX3_SPR::detail::Sort8Rows<(unsigned long)4, hwy::N_AVX3_SPR::detail::SharedTraits<hwy::N_AVX3_SPR::detail::TraitsLane<hwy::N_AVX3_SPR::detail::OrderAscending<unsigned long>>>, unsigned long>","0.00249259","0.080s","0.00249255","0.080s","0.020s","0.020s","Function","","30","191","","","","","","","","","","","","","","","","","","","","","","","","","","","2-Source Permutes; Blends; Permutes; Shuffles","UInt16; UInt256; ; ","256","AVX; AVX2; AVX512F_256","","","","","","vqsort-inl.h:337","tof_fork_g","","","","","","","","","","","","","","","","","","","","","","","","","","","","","","","","","","","","","","","","","","","","","","","","","","","","","","","","","","","","","","","","","","","","","","","","",""
"[loop in hwy::N_AVX3_SPR::detail::Recurse<(hwy::N_AVX3_SPR::detail::RecurseMode)0, hwy::N_AVX3_SPR::Simd<unsigned long, (unsigned long)8, (int)0>, hwy::N_AVX3_SPR::detail::SharedTraits<hwy::N_AVX3_SPR::detail::TraitsLane<hwy::N_AVX3_SPR::detail::OrderAscendingKV64>>, unsigned long> at vqsort-inl.h:881]","1.27069","40.783s","1.27068","40.783s","1.941s","1.941s","Vectorized (Body)","0","28","134","","AVX512","2","","0","0","0","0","40.680","40.680","0.044","0.044","40.680","40.680","0.044","0.044","0","0","78.964","78.964","78.964","78.964","1804.884","1804.884","929.832","929.832","Mask Manipulations; Permutes; Shifts","UInt256; ","512","AVX512F_512","","","","","","vqsort-inl.h:881","tof_fork_g","290","0","0","0","0","8587262","21468155","0","0","0","0","0","0","0","0","0","0","0","0","0","0","0","0","0","0","0","0","0","8587262","0","0","0","0","0","4293631","0","34349048","0","0","0","0","0","0","0","0","0","0","0","0","0","0","0","0","0","0","0","0","0","0","0","0","0","0","0","0","0","0","0","0","0","0","0","0"
"hwy::N_AVX3_SPR::detail::Sort16Rows<(unsigned long)8, hwy::N_AVX3_SPR::detail::SharedTraits<hwy::N_AVX3_SPR::detail::TraitsLane<hwy::N_AVX3_SPR::detail::OrderAscending<unsigned long>>>, unsigned long>","0.558308","17.919s","0.558311","17.919s","0.800s","0.800s","Function","","28","131","","","","","","","","","","","","","","","","","","","","","","","","","","","2-Source Permutes; Blends; Permutes; Shuffles","UInt256; ","128/512","AVX; AVX512F_128; AVX512F_512","","","","","","vqsort-inl.h:432","tof_fork_g","","","","","","","","","","","","","","","","","","","","","","","","","","","","","","","","","","","","","","","","","","","","","","","","","","","","","","","","","","","","","","","","","","","","","","","","",""
"hwy::N_AVX3_SPR::detail::Sort8Rows<(unsigned long)2, hwy::N_AVX3_SPR::detail::SharedTraits<hwy::N_AVX3_SPR::detail::TraitsLane<hwy::N_AVX3_SPR::detail::OrderAscending<unsigned long>>>, unsigned long>","0.0953414","3.060s","0.0953408","3.060s","0.280s","0.280s","Function","","28","135","","","","","0","0","0","0","42.978","42.978","0.453","0.453","42.978","42.978","0.453","0.453","0","0","12.034","12.034","12.034","12.034","26.578","26.578","94.921","94.921","Blends; Shuffles","UInt16; ; ","128","AVX; AVX2; AVX512F_128","","","","","","vqsort-inl.h:337","tof_fork_g","","","","","","","","","","","","","","","","","","","","","","","","","","","","","","","","","","","","","","","","","","","","","","","","","","","","","","","","","","","","","","","","","","","","","","","","",""
"__intel_avx_rep_memcpy","0.0729081","2.340s","0.0710387","2.280s","0.200s","0.200s","Function","","28","152","","","","","","0","","0","","0.056","","0.008","","0.056","","0.008","","0","","0.011","","0.011","","1.442","","7.212","NT-stores","Int32; UInt16","128/256","AVX","","","","","","","tof_fork_g","","","","","","","","","","","","","","","","","","","","","","","","","","","","","","","","","","","","","","","","","","","","","","","","","","","","","","","","","","","","","","","","","","","","","","","","",""
"[loop in __intel_avx_rep_memcpy]","0.00186944","0.060s","0.00186947","0.060s","0.020s","0.020s","Vectorized (Body)","0","29","361","","AVX","8","","0","0","0","0","0.563","0.563","0.008","0.008","0.563","0.563","0.008","0.008","0","0","0.011","0.011","0.011","0.011","1.442","1.442","72.114","72.114","","UInt16","256","AVX","","","","","","","tof_fork_g","","","","","","","","","","","","","","","","","","","","","","","","","","","","","","","","","","","","","","","","","","","","","","","","","","","","","","","","","","","","","","","","","","","","","","","","",""
"hwy::N_AVX3_SPR::detail::Sort16Rows<(unsigned long)4, hwy::N_AVX3_SPR::detail::SharedTraits<hwy::N_AVX3_SPR::detail::TraitsLane<hwy::N_AVX3_SPR::detail::OrderAscending<unsigned long>>>, unsigned long>","0.0567063","1.820s","0.056706","1.820s","0.160s","0.160s","Function","","28","143","","","","","","","","","","","","","","","","","","","","","","","","","","","2-Source Permutes; Blends; Permutes; Shuffles","UInt16; UInt256; ; ","128/256","AVX; AVX2; AVX512F_128; AVX512F_256","","","","","","vqsort-inl.h:432","tof_fork_g","","","","","","","","","","","","","","","","","","","","","","","","","","","","","","","","","","","","","","","","","","","","","","","","","","","","","","","","","","","","","","","","","","","","","","","","",""
"[loop in hwy::N_AVX3_SPR::detail::Recurse<(hwy::N_AVX3_SPR::detail::RecurseMode)0, hwy::N_AVX3_SPR::Simd<unsigned long, (unsigned long)8, (int)0>, hwy::N_AVX3_SPR::detail::SharedTraits<hwy::N_AVX3_SPR::detail::TraitsLane<hwy::N_AVX3_SPR::detail::OrderAscendingKV64>>, unsigned long> at vqsort-inl.h:666]","0.0342731","1.100s","0.0342731","1.100s","0.100s","0.100s","Vectorized (Body)","0","28","151","","AVX512","2","","","","","","","","","","","","","","","","","","","","","","","","Mask Manipulations; Permutes; Shifts","UInt256; ","512","AVX512F_512","","","","","","vqsort-inl.h:666","tof_fork_g","","","","","","","","","","","","","","","","","","","","","","","","","","","","","","","","","","","","","","","","","","","","","","","","","","","","","","","","","","","","","","","","","","","","","","","","",""
"[loop in hwy::N_AVX3_SPR::detail::Recurse<(hwy::N_AVX3_SPR::detail::RecurseMode)0, hwy::N_AVX3_SPR::Simd<unsigned long, (unsigned long)8, (int)0>, hwy::N_AVX3_SPR::detail::SharedTraits<hwy::N_AVX3_SPR::detail::TraitsLane<hwy::N_AVX3_SPR::detail::OrderAscendingKV64>>, unsigned long> at vqsort-inl.h]","0.00498517","0.160s","0.00498514","0.160s","0.040s","0.040s","Scalar","0","28","142","","","","","","","","","","","","","","","","","","","","","","","","","","","","","","","","","","","","vqsort-inl.h","tof_fork_g","","","","","","","","","","","","","","","","","","","","","","","","","","","","","","","","","","","","","","","","","","","","","","","","","","","","","","","","","","","","","","","","","","","","","","","","",""
"_intel_fast_memcpy","0.00373888","0.120s","0.0037386","0.120s","0.040s","0.040s","Function","","28","222","","","","","","","","","","","","","","","","","","","","","","","","","","","","","","","","","","","","","tof_fork_g","","","","","","","","","","","","","","","","","","","","","","","","","","","","","","","","","","","","","","","","","","","","","","","","","","","","","","","","","","","","","","","","","","","","","","","","",""
"hwy::N_AVX3_SPR::detail::BaseCase<hwy::N_AVX3_SPR::Simd<unsigned long, (unsigned long)8, (int)0>, hwy::N_AVX3_SPR::detail::SharedTraits<hwy::N_AVX3_SPR::detail::TraitsLane<hwy::N_AVX3_SPR::detail::OrderAscendingKV64>>, unsigned long>","0.00249259","0.080s","0.00249274","0.080s","0.020s","0.020s","Function","","28","241","","","","","","","","","","","","","","","","","","","","","","","","","","","","","","","","","","","","vqsort-inl.h:574","tof_fork_g","","","","","","","","","","","","","","","","","","","","","","","","","","","","","","","","","","","","","","","","","","","","","","","","","","","","","","","","","","","","","","","","","","","","","","","","",""
"hwy::N_AVX3_SPR::detail::Sort8Rows<(unsigned long)4, hwy::N_AVX3_SPR::detail::SharedTraits<hwy::N_AVX3_SPR::detail::TraitsLane<hwy::N_AVX3_SPR::detail::OrderAscending<unsigned long>>>, unsigned long>","0.000623147","0.020s","0.000623162","0.020s","0.020s","0.020s","Function","","28","191","","","","","","","","","","","","","","","","","","","","","","","","","","","2-Source Permutes; Blends; Permutes; Shuffles","UInt16; UInt256; ; ","256","AVX; AVX2; AVX512F_256","","","","","","vqsort-inl.h:337","tof_fork_g","","","","","","","","","","","","","","","","","","","","","","","","","","","","","","","","","","","","","","","","","","","","","","","","","","","","","","","","","","","","","","","","","","","","","","","","",""
"hwy::N_AVX3_SPR::detail::Sort16Rows<(unsigned long)8, hwy::N_AVX3_SPR::detail::SharedTraits<hwy::N_AVX3_SPR::detail::TraitsLane<hwy::N_AVX3_SPR::detail::OrderAscending<unsigned long>>>, unsigned long>","0.509111","16.340s","0.509117","16.340s","0.820s","0.820s","Function","","26","131","","","","","","","","","","","","","","","","","","","","","","","","","","","2-Source Permutes; Blends; Permutes; Shuffles","UInt256; ","128/512","AVX; AVX512F_128; AVX512F_512","","","","","","vqsort-inl.h:432","tof_fork_g","","","","","","","","","","","","","","","","","","","","","","","","","","","","","","","","","","","","","","","","","","","","","","","","","","","","","","","","","","","","","","","","","","","","","","","","",""
"hwy::N_AVX3_SPR::detail::Sort16Rows<(unsigned long)4, hwy::N_AVX3_SPR::detail::SharedTraits<hwy::N_AVX3_SPR::detail::TraitsLane<hwy::N_AVX3_SPR::detail::OrderAscending<unsigned long>>>, unsigned long>","0.193175","6.200s","0.193176","6.200s","0.320s","0.320s","Function","","26","143","","","","","","","","","","","","","","","","","","","","","","","","","","","2-Source Permutes; Blends; Permutes; Shuffles","UInt16; UInt256; ; ","128/256","AVX; AVX2; AVX512F_128; AVX512F_256","","","","","","vqsort-inl.h:432","tof_fork_g","","","","","","","","","","","","","","","","","","","","","","","","","","","","","","","","","","","","","","","","","","","","","","","","","","","","","","","","","","","","","","","","","","","","","","","","",""
"hwy::N_AVX3_SPR::detail::Sort8Rows<(unsigned long)4, hwy::N_AVX3_SPR::detail::SharedTraits<hwy::N_AVX3_SPR::detail::TraitsLane<hwy::N_AVX3_SPR::detail::OrderAscending<unsigned long>>>, unsigned long>","0.0785165","2.520s","0.0785165","2.520s","0.220s","0.220s","Function","","26","191","","","","","","","","","","","","","","","","","","","","","","","","","","","2-Source Permutes; Blends; Permutes; Shuffles","UInt16; UInt256; ; ","256","AVX; AVX2; AVX512F_256","","","","","","vqsort-inl.h:337","tof_fork_g","","","","","","","","","","","","","","","","","","","","","","","","","","","","","","","","","","","","","","","","","","","","","","","","","","","","","","","","","","","","","","","","","","","","","","","","",""
"hwy::N_AVX3_SPR::detail::Sort8Rows<(unsigned long)2, hwy::N_AVX3_SPR::detail::SharedTraits<hwy::N_AVX3_SPR::detail::TraitsLane<hwy::N_AVX3_SPR::detail::OrderAscending<unsigned long>>>, unsigned long>","0.042374","1.360s","0.0423839","1.360s","0.160s","0.160s","Function","","26","135","","","","","","","","","","","","","","","","","","","","","","","","","","","Blends; Shuffles","UInt16; ; ","128","AVX; AVX2; AVX512F_128","","","","","","vqsort-inl.h:337","tof_fork_g","","","","","","","","","","","","","","","","","","","","","","","","","","","","","","","","","","","","","","","","","","","","","","","","","","","","","","","","","","","","","","","","","","","","","","","","",""
"hwy::N_AVX3_SPR::detail::Sort8Rows<(unsigned long)1, hwy::N_AVX3_SPR::detail::SharedTraits<hwy::N_AVX3_SPR::detail::TraitsLane<hwy::N_AVX3_SPR::detail::OrderAscending<unsigned long>>>, unsigned long>","0.0243027","0.780s","0.0243027","0.780s","0.060s","0.060s","Function","","26","232","","","","","","","","","","","","","","","","","","","","","","","","","","","2-Source Permutes; Blends; Inserts; Unpacks","UInt16; UInt256; ; ","128/256","AVX; AVX2; AVX512F_128; AVX512F_256","","","","","","vqsort-inl.h:337","tof_fork_g","","","","","","","","","","","","","","","","","","","","","","","","","","","","","","","","","","","","","","","","","","","","","","","","","","","","","","","","","","","","","","","","","","","","","","","","",""
"__intel_avx_rep_memcpy","0.0149555","0.480s","0.0149548","0.480s","0.080s","0.080s","Function","","26","152","","","","","","","","","","","","","","","","","","","","","","","","","","","NT-stores","Int32; UInt16","128/256","AVX","","","","","","","tof_fork_g","","","","","","","","","","","","","","","","","","","","","","","","","","","","","","","","","","","","","","","","","","","","","","","","","","","","","","","","","","","","","","","","","","","","","","","","",""
"hwy::N_AVX3_SPR::detail::Sort3To4<hwy::N_AVX3_SPR::detail::SharedTraits<hwy::N_AVX3_SPR::detail::TraitsLane<hwy::N_AVX3_SPR::detail::OrderAscending<unsigned long>>>, unsigned long>","0.0093472","0.300s","0.00934714","0.300s","0.040s","0.040s","Function","","26","192","","","","","","","","","","","","","","","","","","","","","","","","","","","Unpacks","UInt16; ","128","AVX; AVX512F_128","","","","","","vqsort-inl.h:267","tof_fork_g","","","","","","","","","","","","","","","","","","","","","","","","","","","","","","","","","","","","","","","","","","","","","","","","","","","","","","","","","","","","","","","","","","","","","","","","",""
"hwy::N_AVX3_SPR::detail::BaseCase<hwy::N_AVX3_SPR::Simd<unsigned long, (unsigned long)8, (int)0>, hwy::N_AVX3_SPR::detail::SharedTraits<hwy::N_AVX3_SPR::detail::TraitsLane<hwy::N_AVX3_SPR::detail::OrderAscendingKV64>>, unsigned long>","0.00498517","0.160s","0.00498514","0.160s","0.020s","0.020s","Function","","26","241","","","","","","","","","","","","","","","","","","","","","","","","","","","","","","","","","","","","vqsort-inl.h:574","tof_fork_g","","","","","","","","","","","","","","","","","","","","","","","","","","","","","","","","","","","","","","","","","","","","","","","","","","","","","","","","","","","","","","","","","","","","","","","","",""
"hwy::N_AVX3_SPR::detail::Sort2To2<hwy::N_AVX3_SPR::detail::SharedTraits<hwy::N_AVX3_SPR::detail::TraitsLane<hwy::N_AVX3_SPR::detail::OrderAscending<unsigned long>>>, unsigned long>","0.00373888","0.120s","0.00373872","0.120s","0.020s","0.020s","Function","","26","303","","","","","","","","","","","","","","","","","","","","","","","","","","","Unpacks","UInt16; ","128","AVX; AVX512F_128","","","","","","vqsort-inl.h:246","tof_fork_g","","","","","","","","","","","","","","","","","","","","","","","","","","","","","","","","","","","","","","","","","","","","","","","","","","","","","","","","","","","","","","","","","","","","","","","","",""
"[loop in yggdrasil_decision_forests::model::decision_tree::FindSplitLabelClassificationFeatureNumericalCart at splitter_accumulator.h:66]","2.72449","87.443s","0.644421","20.683s","3.820s","0.960s","Vectorized (Body)","0","25","140","","AVX512","4","","92.450","464.672","0.125","0.175","138.676","87.126","0.187","0.033","231.126","551.798","0.312","0.208","88.754","1775.076","133.131","332.827","221.884","2107.902","710.030","10117.931","739.604","2648.631","Type Conversions","Int64; UInt256; ","256","AVX; AVX2; AVX512DQ_256; AVX512F_256","","","","","","splitter_accumulator.h:66","tof_fork_g","","","","","","","","","","","","","","","","","","","","","","","","","","","","","","","","","","","","","","","","","","","","","","","","","","","","","","","","","","","","","","","","","","","","","","","","",""
"__svml_log4_l9","2.08009","66.761s","2.08008","66.761s","3.060s","3.060s","Vector Function","","26","141","","AVX2","4","","551.069","551.069","0.179","0.179","65.258","65.258","0.021","0.021","616.327","616.327","0.200","0.200","1686.322","1686.322","199.696","199.696","1886.018","1886.018","9407.900","9407.900","3074.383","3074.383","Appr. Reciprocals(AVX); Extracts; FMA; Gathers; Shifts; Shuffles; Type Conversions","Int32; Int64; UInt16; UInt256; UInt; ; ","128/256","AVX; AVX2; AVX2GATHER; FMA","","","","","","","tof_fork_g","261","2084095875","2084095875","0","0","6374881500","7846008000","0","0","0","0","0","0","0","0","0","2084095875","0","0","0","0","0","0","0","0","0","0","0","4413379500","0","0","0","0","0","1716314250","2574471375","10297885500","20595771000","122593875","122593875","0","0","0","0","0","0","0","0","0","122593875","0","0","0","0","0","0","245187750","0","735563250","0","0","0","0","0","0","0","0","0","0","0","0","0","245187750"
"[loop in yggdrasil_decision_forests::model::decision_tree::FindSplitLabelClassificationFeatureNumericalCart at splitter_scanner.h:1787]","2.1464","68.889s","0","0s","2.820s","0s","Scalar Versions","0","25","465","","","","","","0","","0","","183.869","","0.288","","183.869","","0.288","","0","","518.562","","518.562","","1800.308","","638.344","","Int32; UInt16","","","","","","","","splitter_scanner.h:1787","tof_fork_g","","","","","","","","","","","","","","","","","","","","","","","","","","","","","","","","","","","","","","","","","","","","","","","","","","","","","","","","","","","","","","","","","","","","","","","","",""
"[loop in yggdrasil_decision_forests::model::decision_tree::FindSplitLabelClassificationFeatureNumericalCart at splitter_scanner.h:1787]","2.13206","68.429s","2.13206","68.429s","2.800s","2.800s","Scalar","0","25","133","","","","","0","0","0","0","183.236","183.236","0.288","0.288","183.236","183.236","0.288","0.288","0","0","513.111","513.111","513.111","513.111","1784.733","1784.733","637.341","637.341","","Int32; UInt16","","","","","","","","splitter_scanner.h:1787","tof_fork_g","","","","","","","","","","","","","","","","","","","","","","","","","","","","","","","","","","","","","","","","","","","","","","","","","","","","","","","","","","","","","","","","","","","","","","","","",""
"[loop in yggdrasil_decision_forests::model::decision_tree::FindSplitLabelClassificationFeatureNumericalCart at splitter_scanner.h:1787]","0.0143324","0.460s","0.0143321","0.460s","0.040s","0.040s","Scalar","0","25","165","","","","","0","0","0","0","136.268","136.268","0.350","0.350","136.268","136.268","0.350","0.350","0","0","5.451","5.451","5.451","5.451","15.575","15.575","389.338","389.338","","Int32; UInt16","","","","","","","","splitter_scanner.h:1787","tof_fork_g","","","","","","","","","","","","","","","","","","","","","","","","","","","","","","","","","","","","","","","","","","","","","","","","","","","","","","","","","","","","","","","","","","","","","","","","",""
"__intel_avx_rep_memset","0.367033","11.780s","0.366401","11.760s","0.660s","0.660s","Function","","25","66","","","","","","0","","0","","6.003","","0.012","","6.003","","0.012","","0","","3.962","","3.962","","338.124","","512.292","Unpacks","Int32; UInt16; UInt256; ","128/256","AVX; AVX2; SSE2","","","","","","","tof_fork_g","206","7137098868","7137098868","0","0","21239339212","4561206388","0","0","0","0","0","0","0","0","0","85978696","0","0","7051120172","0","0","0","0","0","0","0","0","14102240344","0","0","7137098868","0","0","2667940876","0","16869166416","0","343914784","343914784","0","0","0","0","0","0","0","0","0","0","0","0","0","0","0","343914784","85978696","0","0","0","0","0","0","0","0","0","0","343914784","0","0","0","0","0"
"[loop in __intel_avx_rep_memset]","0.000623147","0.020s","0.000623184","0.020s","0.020s","0.020s","Vectorized (Body)","0","26","207","","AVX","8","","0","0","0","0","198.108","198.108","0.012","0.012","198.108","198.108","0.012","0.012","0","0","3.962","3.962","3.962","3.962","338.124","338.124","16905.197","16905.197","","UInt16","256","AVX","","","","","","","tof_fork_g","","","","","","","","","","","","","","","","","","","","","","","","","","","","","","","","","","","","","","","","","","","","","","","","","","","","","","","","","","","","","","","","","","","","","","","","",""
"operator new","0.0641841","2.060s","0.0641863","2.060s","0.120s","0.120s","Function","","25","9","","","","","","","","","","","","","","","","","","","","","","","","","","","","","","","","","","","","","libstdc++.so.6","","","","","","","","","","","","","","","","","","","","","","","","","","","","","","","","","","","","","","","","","","","","","","","","","","","","","","","","","","","","","","","","","","","","","","","","",""
"__svml_log4_mask_e9","0.0579526","1.860s","0.00934682","0.300s","0.140s","0.040s","Vector Function","","25","193","","AVX","4","","0","211.119","0","0.156","0","25.001","0","0.018","0","236.120","0","0.174","0","29.557","0","3.500","0","33.057","15.556","189.788","388.927","1355.608","Extracts; Shuffles","Int32; Int64; UInt16; ","128/256","AVX","","","","","","","tof_fork_g","","","","","","","","","","","","","","","","","","","","","","","","","","","","","","","","","","","","","","","","","","","","","","","","","","","","","","","","","","","","","","","","","","","","","","","","",""
"__svml_log4","0.0486054","1.560s","0.00124629","0.040s","0.120s","0.020s","Vector Function","","26","194","","","4","","0","246.317","0","0.170","0","29.169","0","0.020","0","275.486","0","0.190","0","29.557","0","3.500","0","33.057","9.334","174.232","466.668","1451.975","","","","","","","","","","","tof_fork_g","","","","","","","","","","","","","","","","","","","","","","","","","","","","","","","","","","","","","","","","","","","","","","","","","","","","","","","","","","","","","","","","","","","","","","","","",""
"__svml_log4_l9","0.0473591","1.520s","0.0473601","1.520s","0.120s","0.120s","Vector Function","","27","141","","AVX2","4","","246.317","246.317","0.179","0.179","29.169","29.169","0.021","0.021","275.486","275.486","0.200","0.200","29.557","29.557","3.500","3.500","33.057","33.057","164.898","164.898","1374.191","1374.191","Appr. Reciprocals(AVX); Extracts; FMA; Gathers; Shifts; Shuffles; Type Conversions","Int32; Int64; UInt16; UInt256; UInt; ; ","128/256","AVX; AVX2; AVX2GATHER; FMA","","","","","","","tof_fork_g","","","","","","","","","","","","","","","","","","","","","","","","","","","","","","","","","","","","","","","","","","","","","","","","","","","","","","","","","","","","","","","","","","","","","","","","",""
"func@0xbaa10","0.0411277","1.320s","0.0411432","1.320s","0.140s","0.140s","Function","","25","24","","","","","","","","","","","","","","","","","","","","","","","","","","","","","","","","","","","","","libc.so.6","","","","","","","","","","","","","","","","","","","","","","","","","","","","","","","","","","","","","","","","","","","","","","","","","","","","","","","","","","","","","","","","","","","","","","","","",""
"__libc_free","0.0392582","1.260s","0.0392582","1.260s","0.100s","0.100s","Function","","25","23","","","","","","","","","","","","","","","","","","","","","","","","","","","","","","","","","","","","","libc.so.6","","","","","","","","","","","","","","","","","","","","","","","","","","","","","","","","","","","","","","","","","","","","","","","","","","","","","","","","","","","","","","","","","","","","","","","","",""
"std::vector<hwy::K32V32, std::allocator<hwy::K32V32>>::resize","0.0236796","0.760s","0.00747757","0.240s","0.080s","0.060s","Function","","25","120","","","","","0","0","0","0","9.020","104.453","0.018","0.018","9.020","104.453","0.018","0.018","0","0","0.541","8.357","0.541","8.357","30.596","462.439","509.974","5780.176","","","","","","","","","","stl_vector.h:1143","tof_fork_g","","","","","","","","","","","","","","","","","","","","","","","","","","","","","","","","","","","","","","","","","","","","","","","","","","","","","","","","","","","","","","","","","","","","","","","","",""
"std::vector<hwy::K32V32, std::allocator<hwy::K32V32>>::_M_default_append","0.0118398","0.380s","0","0s","0.040s","0s","Inlined Function","","26","127","","","","","","0","0","0","","170.201","0.250","0.017","","170.201","0.250","0.017","0","0","0.010","6.809","0.010","6.809","0.039","403.671","","10089.791","","","","","","","","","","vector.tcc:814","tof_fork_g","","","","","","","","","","","","","","","","","","","","","","","","","","","","","","","","","","","","","","","","","","","","","","","","","","","","","","","","","","","","","","","","","","","","","","","","",""
"std::__uninitialized_default_n_a<hwy::K32V32*, unsigned long, hwy::K32V32>","0.0093472","0.300s","0","0s","0.020s","0s","Inlined Function","","27","126","","","","","","0","","0","","339.192","","0.017","","339.192","","0.017","","0","","6.790","","6.790","","403.632","","20162.944","","","","","","","","","","stl_uninitialized.h:1000","tof_fork_g","","","","","","","","","","","","","","","","","","","","","","","","","","","","","","","","","","","","","","","","","","","","","","","","","","","","","","","","","","","","","","","","","","","","","","","","",""
"std::__uninitialized_default_n<hwy::K32V32*, unsigned long>","0.0093472","0.300s","0","0s","0.020s","0s","Inlined Function","","28","125","","","","","","0","","0","","339.192","","0.017","","339.192","","0.017","","0","","6.790","","6.790","","403.632","","20162.944","","","","","","","","","","stl_uninitialized.h:931","tof_fork_g","","","","","","","","","","","","","","","","","","","","","","","","","","","","","","","","","","","","","","","","","","","","","","","","","","","","","","","","","","","","","","","","","","","","","","","","",""
"std::__uninitialized_default_n_1<(bool)1>::__uninit_default_n<hwy::K32V32*, unsigned long>","0.0093472","0.300s","0","0s","0.020s","0s","Inlined Function","","29","124","","","","","","0","0","0","","339.192","0.062","0.017","","339.192","0.062","0.017","0","0","< 0.001","6.790","< 0.001","6.790","< 0.001","403.632","","20162.944","","","","","","","","","","stl_uninitialized.h:888","tof_fork_g","","","","","","","","","","","","","","","","","","","","","","","","","","","","","","","","","","","","","","","","","","","","","","","","","","","","","","","","","","","","","","","","","","","","","","","","",""
"std::fill_n<hwy::K32V32*, unsigned long, hwy::K32V32>","0.0093472","0.300s","0","0s","0.020s","0s","Inlined Function","","30","123","","","","","","0","","0","","339.192","","0.017","","339.192","","0.017","","0","","6.790","","6.790","","403.632","","20162.943","","","","","","","","","","stl_algobase.h:1173","tof_fork_g","","","","","","","","","","","","","","","","","","","","","","","","","","","","","","","","","","","","","","","","","","","","","","","","","","","","","","","","","","","","","","","","","","","","","","","","",""
"std::__fill_n_a<hwy::K32V32*, unsigned long, hwy::K32V32>","0.0093472","0.300s","0","0s","0.020s","0s","Inlined Function","","31","122","","","","","","0","","0","","339.192","","0.017","","339.192","","0.017","0","0","< 0.001","6.790","< 0.001","6.790","0","403.632","","20162.943","","","","","","","","","","stl_algobase.h:1137","tof_fork_g","","","","","","","","","","","","","","","","","","","","","","","","","","","","","","","","","","","","","","","","","","","","","","","","","","","","","","","","","","","","","","","","","","","","","","","","",""
"std::__fill_a<hwy::K32V32*, hwy::K32V32>","0.0093472","0.300s","0","0s","0.020s","0s","Inlined Function","","32","121","","","","","","0","","0","","339.192","","0.017","","339.192","","0.017","","0","","6.790","","6.790","","403.632","","20162.943","","","","","","","","","","stl_algobase.h:978","tof_fork_g","","","","","","","","","","","","","","","","","","","","","","","","","","","","","","","","","","","","","","","","","","","","","","","","","","","","","","","","","","","","","","","","","","","","","","","","",""
"std::__fill_a1<hwy::K32V32*, hwy::K32V32>","0.0093472","0.300s","0","0s","0.020s","0s","Inlined Function","","33","119","","","","","","0","","0","","339.192","","0.017","","339.192","","0.017","0","0","< 0.001","6.790","< 0.001","6.790","0","403.632","","20162.943","","","","","","","","","","stl_algobase.h:897","tof_fork_g","175","170567001","170567001","0","0","1023402006","5287577031","0","1023402006","0","0","0","0","0","0","0","170567001","0","0","0","0","0","0","0","1023402006","0","0","0","0","0","0","0","0","0","1535103009","511701003","49123296288","16374432096","0","0","0","0","0","0","0","0","0","0","0","0","0","0","0","0","0","0","170567001","0","0","0","0","0","0","0","0","0","0","0","0","0","0","0","0"
"__intel_avx_rep_memset","0.0093472","0.300s","0.00934876","0.300s","0.020s","0.020s","Function","","34","66","","","","","0","0","0","0","339.192","339.192","0.017","0.017","339.192","339.192","0.017","0.017","0","0","6.790","6.790","6.790","6.790","403.632","403.632","20162.943","20162.943","Unpacks","Int32; UInt16; UInt256; ","128/256","AVX; AVX2; SSE2","","","","","","","tof_fork_g","176","0","0","0","0","124048728","248097456","0","46518273","0","0","0","0","0","0","0","0","0","0","0","0","0","0","0","15506091","0","31012182","0","77530455","0","0","0","0","0","98205243","25843485","1529934312","454845336","0","0","0","0","0","0","0","0","0","0","0","0","0","0","0","0","0","0","0","0","0","0","0","0","0","0","0","0","0","0","0","0","0","0","0"
"std::__uninitialized_default_n_a<hwy::K32V32*, unsigned long, hwy::K32V32>","0.00249259","0.080s","0","0s","0.020s","0s","Inlined Function","","27","429","","","","","","0","","","","0.474","","","","0.474","","","","0","","0.009","","0.009","","0","","0","","","","","","","","","","stl_uninitialized.h:1000","tof_fork_g","","","","","","","","","","","","","","","","","","","","","","","","","","","","","","","","","","","","","","","","","","","","","","","","","","","","","","","","","","","","","","","","","","","","","","","","",""
"std::__uninitialized_default_n<hwy::K32V32*, unsigned long>","0.00249259","0.080s","0","0s","0.020s","0s","Inlined Function","","28","428","","","","","","0","","","","0.474","","","","0.474","","","","0","","0.009","","0.009","","0","","0","","","","","","","","","","stl_uninitialized.h:931","tof_fork_g","","","","","","","","","","","","","","","","","","","","","","","","","","","","","","","","","","","","","","","","","","","","","","","","","","","","","","","","","","","","","","","","","","","","","","","","",""
"std::__uninitialized_default_n_1<(bool)1>::__uninit_default_n<hwy::K32V32*, unsigned long>","0.00249259","0.080s","0","0s","0.020s","0s","Inlined Function","","29","427","","","","","","0","","","","0.474","","","","0.474","","","","0","","0.009","","0.009","","0","","0","","","","","","","","","","stl_uninitialized.h:888","tof_fork_g","","","","","","","","","","","","","","","","","","","","","","","","","","","","","","","","","","","","","","","","","","","","","","","","","","","","","","","","","","","","","","","","","","","","","","","","",""
"std::fill_n<hwy::K32V32*, unsigned long, hwy::K32V32>","0.00249259","0.080s","0","0s","0.020s","0s","Inlined Function","","30","426","","","","","","0","","","","0.474","","","","0.474","","","","0","","0.009","","0.009","","0","","0","","","","","","","","","","stl_algobase.h:1173","tof_fork_g","","","","","","","","","","","","","","","","","","","","","","","","","","","","","","","","","","","","","","","","","","","","","","","","","","","","","","","","","","","","","","","","","","","","","","","","",""
"std::__fill_n_a<hwy::K32V32*, unsigned long, hwy::K32V32>","0.00249259","0.080s","0","0s","0.020s","0s","Inlined Function","","31","425","","","","","","0","","","","0.474","","","","0.474","","","0","0","0.005","0.009","0.005","0.009","0","0","","0","","","","","","","","","","stl_algobase.h:1137","tof_fork_g","","","","","","","","","","","","","","","","","","","","","","","","","","","","","","","","","","","","","","","","","","","","","","","","","","","","","","","","","","","","","","","","","","","","","","","","",""
"std::__fill_a<hwy::K32V32*, hwy::K32V32>","0.00249259","0.080s","0","0s","0.020s","0s","Inlined Function","","32","424","","","","","","0","","","","0.234","","","","0.234","","","","0","","0.005","","0.005","","0","","0","","","","","","","","","","stl_algobase.h:978","tof_fork_g","","","","","","","","","","","","","","","","","","","","","","","","","","","","","","","","","","","","","","","","","","","","","","","","","","","","","","","","","","","","","","","","","","","","","","","","",""
"std::__fill_a1<hwy::K32V32*, hwy::K32V32>","0.00249259","0.080s","0","0s","0.020s","0s","Inlined Function","","33","423","","","","","","0","","","","0.234","","","","0.234","","","0","0","0.005","0.005","0.005","0.005","0","0","","0","","","","","","","","","","stl_algobase.h:897","tof_fork_g","","","","","","","","","","","","","","","","","","","","","","","","","","","","","","","","","","","","","","","","","","","","","","","","","","","","","","","","","","","","","","","","","","","","","","","","",""
"__intel_avx_rep_memset","0.00249259","0.080s","0.00249273","0.080s","0.020s","0.020s","Function","","34","66","","","","","","","","","","","","","","","","","","","","","","","","","","","Unpacks","Int32; UInt16; UInt256; ","128/256","AVX; AVX2; SSE2","","","","","","","tof_fork_g","","","","","","","","","","","","","","","","","","","","","","","","","","","","","","","","","","","","","","","","","","","","","","","","","","","","","","","","","","","","","","","","","","","","","","","","",""
"std::vector<hwy::K32V32, std::allocator<hwy::K32V32>>::size","0.00436203","0.140s","0.00436203","0.140s","0.020s","0.020s","Inlined Function","","26","189","","","","","0","0","0","0","50.300","50.300","0.036","0.036","50.300","50.300","0.036","0.036","0","0","1.006","1.006","1.006","1.006","28.172","28.172","1408.405","1408.405","","","","","","","","","","stl_vector.h:1117","tof_fork_g","","","","","","","","","","","","","","","","","","","","","","","","","","","","","","","","","","","","","","","","","","","","","","","","","","","","","","","","","","","","","","","","","","","","","","","","",""
"hwy::VQSort","0.0224333","0.720s","0.0199406","0.640s","0.100s","0.100s","Function","","25","190","","","","","0","0","0","0","5.031","5.031","0.016","0.012","5.031","5.031","0.016","0.012","0","0","0.503","0.503","0.503","0.503","32.196","40.245","321.964","402.455","","","","","","","","","","vqsort_kv64a.cc:61","tof_fork_g","","","","","","","","","","","","","","","","","","","","","","","","","","","","","","","","","","","","","","","","","","","","","","","","","","","","","","","","","","","","","","","","","","","","","","","","",""
"hwy::GetChosenTarget","0.00249259","0.080s","0.00249258","0.080s","0.020s","0.020s","Function","","26","284","","","","","0","0","0","0","0","0","0","0","0","0","0","0","0","0","0","0","0","0","8.049","8.049","402.437","402.437","","","","","","","","","","targets.cc:812","tof_fork_g","","","","","","","","","","","","","","","","","","","","","","","","","","","","","","","","","","","","","","","","","","","","","","","","","","","","","","","","","","","","","","","","","","","","","","","","",""
"yggdrasil_decision_forests::model::decision_tree::FeatureNumericalBucket::Filler::SetConditionFinalFromThresholds","0.0105935","0.340s","0","0s","0.040s","0s","Function","","25","266","","","","","","0.913","0.020","0.011","","2.712","0.032","0.033","","3.625","0.052","0.045","0.037","0.037","0.059","0.108","0.096","0.145","1.840","3.256","","81.380","","Int32","128","AVX","","","","","","splitter_accumulator.h:248","tof_fork_g","","","","","","","","","","","","","","","","","","","","","","","","","","","","","","","","","","","","","","","","","","","","","","","","","","","","","","","","","","","","","","","","","","","","","","","","",""
"yggdrasil_decision_forests::model::decision_tree::proto::NodeCondition::mutable_condition","0.00685461","0.220s","0","0s","0.040s","0s","Inlined Function","","26","370","","","","","","0","0","0","","0.564","0.500","0.029","","0.564","0.500","0.029","0","0","0.018","0.023","0.018","0.023","0.037","0.767","","19.163","","Int32","128","AVX","","","","","","decision_tree.pb.h:6470","tof_fork_g","","","","","","","","","","","","","","","","","","","","","","","","","","","","","","","","","","","","","","","","","","","","","","","","","","","","","","","","","","","","","","","","","","","","","","","","",""
"yggdrasil_decision_forests::model::decision_tree::proto::NodeCondition::_internal_mutable_condition","0.00685461","0.220s","0","0s","0.040s","0s","Inlined Function","","27","369","","","","","","0","0","0","","0.107","0.012","0.006","","0.107","0.012","0.006","0","0","0.004","0.004","0.004","0.004","0.352","0.730","","18.250","","Int32","128","AVX","","","","","","decision_tree.pb.h:6462","tof_fork_g","","","","","","","","","","","","","","","","","","","","","","","","","","","","","","","","","","","","","","","","","","","","","","","","","","","","","","","","","","","","","","","","","","","","","","","","",""
"google::protobuf::MessageLite::DefaultConstruct<yggdrasil_decision_forests::model::decision_tree::proto::Condition>","0.00685461","0.220s","0","0s","0.040s","0s","Inlined Function","","28","368","","","","","","0","","0","","0","","0","","0","","0","","0","","0","","0","","0.378","","9.445","","","","","","","","","","message_lite.h:880","tof_fork_g","","","","","","","","","","","","","","","","","","","","","","","","","","","","","","","","","","","","","","","","","","","","","","","","","","","","","","","","","","","","","","","","","","","","","","","","",""
"google::protobuf::Arena::DefaultConstruct<yggdrasil_decision_forests::model::decision_tree::proto::Condition>","0.00685461","0.220s","0.0012463","0.040s","0.040s","0.020s","Function","","29","371","","","","","0","0","0","0","0","0","0","0","0","0","0","0","0","0","0","0","0","0","0.206","0.378","10.304","9.445","","","","","","","","","","arena.h:646","tof_fork_g","","","","","","","","","","","","","","","","","","","","","","","","","","","","","","","","","","","","","","","","","","","","","","","","","","","","","","","","","","","","","","","","","","","","","","","","",""
"operator new","0.00436203","0.140s","0.00436218","0.140s","0.040s","0.040s","Function","","30","9","","","","","","","","","","","","","","","","","","","","","","","","","","","","","","","","","","","","","libstdc++.so.6","","","","","","","","","","","","","","","","","","","","","","","","","","","","","","","","","","","","","","","","","","","","","","","","","","","","","","","","","","","","","","","","","","","","","","","","",""
"yggdrasil_decision_forests::model::decision_tree::proto::Condition::Condition","0.00124629","0.040s","0.00124612","0.040s","0.020s","0.020s","Function","","30","378","","","","","0","0","0","0","0","0","0","0","0","0","0","0","0","0","0","0","0","0","0.172","0.172","8.588","8.588","","","","","","","","","","decision_tree.pb.cc:4871","tof_fork_g","","","","","","","","","","","","","","","","","","","","","","","","","","","","","","","","","","","","","","","","","","","","","","","","","","","","","","","","","","","","","","","","","","","","","","","","",""
"yggdrasil_decision_forests::model::decision_tree::proto::Condition::mutable_higher_condition","0.00373888","0.120s","0","0s","0.040s","0s","Inlined Function","","26","386","","","","","","0","","0","","0.671","","0.041","","0.671","","0.041","","0","","0.027","","0.027","","0.649","","16.214","","Int32","128","AVX","","","","","","decision_tree.pb.h:5838","tof_fork_g","","","","","","","","","","","","","","","","","","","","","","","","","","","","","","","","","","","","","","","","","","","","","","","","","","","","","","","","","","","","","","","","","","","","","","","","",""
"yggdrasil_decision_forests::model::decision_tree::proto::Condition::_internal_mutable_higher_condition","0.00373888","0.120s","0.000623187","0.020s","0.040s","0.020s","Inlined Function","","27","385","","","","","0","0","0","0","1.343","0.671","0.061","0.041","1.343","0.671","0.061","0.041","0","0","0.027","0.027","0.027","0.027","0.442","0.649","22.121","16.214","","Int32","128","AVX","","","","","","decision_tree.pb.h:5829","tof_fork_g","","","","","","","","","","","","","","","","","","","","","","","","","","","","","","","","","","","","","","","","","","","","","","","","","","","","","","","","","","","","","","","","","","","","","","","","",""
"google::protobuf::MessageLite::DefaultConstruct<yggdrasil_decision_forests::model::decision_tree::proto::Condition_Higher>","0.00311573","0.100s","0","0s","0.040s","0s","Inlined Function","","28","384","","","","","","0","","0","","0","","0","","0","","0","","0","","0","","0","","0.206","","5.152","","","","","","","","","","message_lite.h:880","tof_fork_g","","","","","","","","","","","","","","","","","","","","","","","","","","","","","","","","","","","","","","","","","","","","","","","","","","","","","","","","","","","","","","","","","","","","","","","","",""
"google::protobuf::Arena::DefaultConstruct<yggdrasil_decision_forests::model::decision_tree::proto::Condition_Higher>","0.00311573","0.100s","0","0s","0.040s","0s","Function","","29","387","","","","","","0","0","0","","0","0","0","","0","0","0","0","0","0","0","0","0","0.206","0.206","","5.152","","","","","","","","","","arena.h:646","tof_fork_g","","","","","","","","","","","","","","","","","","","","","","","","","","","","","","","","","","","","","","","","","","","","","","","","","","","","","","","","","","","","","","","","","","","","","","","","",""
"operator new","0.00311573","0.100s","0.00311571","0.100s","0.040s","0.040s","Function","","30","9","","","","","","","","","","","","","","","","","","","","","","","","","","","","","","","","","","","","","libstdc++.so.6","","","","","","","","","","","","","","","","","","","","","","","","","","","","","","","","","","","","","","","","","","","","","","","","","","","","","","","","","","","","","","","","","","","","","","","","",""
"operator delete","0.0105935","0.340s","0.0105934","0.340s","0.080s","0.080s","Function","","25","12","","","","","","","","","","","","","","","","","","","","","","","","","","","","","","","","","","","","","libstdc++.so.6","","","","","","","","","","","","","","","","","","","","","","","","","","","","","","","","","","","","","","","","","","","","","","","","","","","","","","","","","","","","","","","","","","","","","","","","",""
"__svml_logf4_l9","0.00747776","0.240s","0.0074777","0.240s","0.040s","0.040s","Vector Function","","25","198","","AVX2","4","","494.598","494.598","0.346","0.346","116.780","116.780","0.082","0.082","611.379","611.379","0.428","0.428","19.785","19.785","4.671","4.671","24.457","24.457","57.157","57.157","1428.840","1428.840","FMA; Shifts; Type Conversions","Int32; UInt16","128","AVX; FMA","","","","","","","tof_fork_g","","","","","","","","","","","","","","","","","","","","","","","","","","","","","","","","","","","","","","","","","","","","","","","","","","","","","","","","","","","","","","","","","","","","","","","","",""
"operator delete","0.00560832","0.180s","0.00560841","0.180s","0.040s","0.040s","Function","","25","14","","","","","","","","","","","","","","","","","","","","","","","","","","","","","","","","","","","","","libstdc++.so.6","","","","","","","","","","","","","","","","","","","","","","","","","","","","","","","","","","","","","","","","","","","","","","","","","","","","","","","","","","","","","","","","","","","","","","","","",""
"func@0x7b21e0","0.00560832","0.180s","0.00560832","0.180s","0.040s","0.040s","Function","","25","259","","","","","0","0","0","0","0","0","0","0","0","0","0","0","0","0","0","0","0","0","4.637","4.637","115.929","115.929","","","","","","","","","","","tof_fork_g","","","","","","","","","","","","","","","","","","","","","","","","","","","","","","","","","","","","","","","","","","","","","","","","","","","","","","","","","","","","","","","","","","","","","","","","",""
"func@0xa8320","0.00311573","0.100s","0.00311563","0.100s","0.040s","0.040s","Function","","25","11","","","","","","","","","","","","","","","","","","","","","","","","","","","","","","","","","","","","","libstdc++.so.6","","","","","","","","","","","","","","","","","","","","","","","","","","","","","","","","","","","","","","","","","","","","","","","","","","","","","","","","","","","","","","","","","","","","","","","","",""
"func@0xa8540","0.00249259","0.080s","0.00249264","0.080s","0.020s","0.020s","Function","","25","15","","","","","","","","","","","","","","","","","","","","","","","","","","","","","","","","","","","","","libstdc++.so.6","","","","","","","","","","","","","","","","","","","","","","","","","","","","","","","","","","","","","","","","","","","","","","","","","","","","","","","","","","","","","","","","","","","","","","","","",""
"func@0xa8da0","0.00249259","0.080s","0.00249255","0.080s","0.020s","0.020s","Function","","25","13","","","","","","","","","","","","","","","","","","","","","","","","","","","","","","","","","","","","","libstdc++.so.6","","","","","","","","","","","","","","","","","","","","","","","","","","","","","","","","","","","","","","","","","","","","","","","","","","","","","","","","","","","","","","","","","","","","","","","","",""
"_intel_fast_memset","0.00186944","0.060s","0.0018695","0.060s","0.020s","0.020s","Function","","25","188","","","","","0","0","0","0","0","0","0","0","0","0","0","0","0","0","0","0","0","0","4.522","4.522","226.100","226.100","","","","","","","","","","","tof_fork_g","","","","","","","","","","","","","","","","","","","","","","","","","","","","","","","","","","","","","","","","","","","","","","","","","","","","","","","","","","","","","","","","","","","","","","","","",""
"hwy::N_AVX3_SPR::detail::BaseCase<hwy::N_AVX3_SPR::Simd<unsigned long, (unsigned long)8, (int)0>, hwy::N_AVX3_SPR::detail::SharedTraits<hwy::N_AVX3_SPR::detail::TraitsLane<hwy::N_AVX3_SPR::detail::OrderAscendingKV64>>, unsigned long>","0.00124629","0.040s","0.00124631","0.040s","0.020s","0.020s","Function","","25","241","","","","","0","0","0","0","210051.901","210051.901","0.220","0.220","210051.901","210051.901","0.220","0.220","0","0","4201.101","4201.101","4201.101","4201.101","19110.636","19110.636","955517.550","955517.550","","","","","","","","","","vqsort-inl.h:574","tof_fork_g","","","","","","","","","","","","","","","","","","","","","","","","","","","","","","","","","","","","","","","","","","","","","","","","","","","","","","","","","","","","","","","","","","","","","","","","",""
"__intel_avx_rep_memset","0.0641841","2.060s","0.00747779","0.240s","0.180s","0.020s","Function","","24","66","","","","","","0","","0","","0.348","","0.012","","0.348","","0.012","","0","","0.063","","0.063","","5.342","","29.678","Unpacks","Int32; UInt16; UInt256; ","128/256","AVX; AVX2; SSE2","","","","","","","tof_fork_g","","","","","","","","","","","","","","","","","","","","","","","","","","","","","","","","","","","","","","","","","","","","","","","","","","","","","","","","","","","","","","","","","","","","","","","","",""
"[loop in __intel_avx_rep_memset]","0.0567063","1.820s","0.0567066","1.820s","0.160s","0.160s","Vectorized (Body)","0","25","207","","AVX","8","","0","0","0","0","0.391","0.391","0.012","0.012","0.391","0.391","0.012","0.012","0","0","0.063","0.063","0.063","0.063","5.342","5.342","33.388","33.388","","UInt16","256","AVX","","","","","","","tof_fork_g","","","","","","","","","","","","","","","","","","","","","","","","","","","","","","","","","","","","","","","","","","","","","","","","","","","","","","","","","","","","","","","","","","","","","","","","",""
"std::_Function_handler<absl::lts_20250814::Status (yggdrasil_decision_forests::dataset::VerticalDataset const&, absl::lts_20250814::Span<unsigned int const>, std::vector<float, std::allocator<float>> const&, yggdrasil_decision_forests::model::proto::TrainingConfig const&, yggdrasil_decision_forests::model::proto::TrainingConfigLinking const&, yggdrasil_decision_forests::model::decision_tree::NodeWithChildren*), absl::lts_20250814::Status (yggdrasil_decision_forests::dataset::VerticalDataset const&, absl::lts_20250814::Span<unsigned int const>, std::vector<float, std::allocator<float>> const&, yggdrasil_decision_forests::model::proto::TrainingConfig const&, yggdrasil_decision_forests::model::proto::TrainingConfigLinking const&, yggdrasil_decision_forests::model::decision_tree::NodeWithChildren*)*>::_M_manager","0.0149555","0.480s","0.0149552","0.480s","0.060s","0.060s","Function","","24","240","","","","","0","0","0","0","45.799","45.799","0.104","0.104","45.799","45.799","0.104","0.104","0","0","2.748","2.748","2.748","2.748","26.380","26.380","439.670","439.670","","","","","","","","","","std_function.h:269","tof_fork_g","","","","","","","","","","","","","","","","","","","","","","","","","","","","","","","","","","","","","","","","","","","","","","","","","","","","","","","","","","","","","","","","","","","","","","","","",""
"hwy::VQSort","0.00311573","0.100s","0.00311576","0.100s","0.040s","0.040s","Function","","24","190","","","","","","","","","","","","","","","","","","","","","","","","","","","","","","","","","","","","vqsort_kv64a.cc:61","tof_fork_g","","","","","","","","","","","","","","","","","","","","","","","","","","","","","","","","","","","","","","","","","","","","","","","","","","","","","","","","","","","","","","","","","","","","","","","","",""
"func@0x7b21b0","0.00186944","0.060s","0.0018695","0.060s","0.020s","0.020s","Function","","24","265","","","","","0","0","0","0","0","0","0","0","0","0","0","0","0","0","0","0","0","0","0.137","0.137","6.869","6.869","","","","","","","","","","","tof_fork_g","","","","","","","","","","","","","","","","","","","","","","","","","","","","","","","","","","","","","","","","","","","","","","","","","","","","","","","","","","","","","","","","","","","","","","","","",""
"std::vector<hwy::K32V32, std::allocator<hwy::K32V32>>::resize","0.00186944","0.060s","0.0018695","0.060s","0.020s","0.020s","Function","","24","120","","","","","","","","","","","","","","","","","","","","","","","","","","","","","","","","","","","","stl_vector.h:1143","tof_fork_g","","","","","","","","","","","","","","","","","","","","","","","","","","","","","","","","","","","","","","","","","","","","","","","","","","","","","","","","","","","","","","","","","","","","","","","","",""
"yggdrasil_decision_forests::model::decision_tree::internal::ProjectionEvaluator::Evaluate","22.5848","724.863s","0.0162015","0.520s","28.360s","0.060s","Function","","23","138","","","","","0","10.945","0","0.065","9.160","12.535","0.007","0.074","9.160","23.480","0.007","0.139","0","310.413","0.550","355.495","0.550","665.908","74.744","4805.385","1245.719","169.442","FMA; Gathers; Inserts; Shuffles; Unpacks","Int32; UInt16; UInt256; ; ","128/256","AVX; AVX2; AVX512F_256; FMA","","","","","","oblique.cc:1307","tof_fork_g","","","","","","","","","","","","","","","","","","","","","","","","","","","","","","","","","","","","","","","","","","","","","","","","","","","","","","","","","","","","","","","","","","","","","","","","",""
"[loop in yggdrasil_decision_forests::model::decision_tree::internal::ProjectionEvaluator::Evaluate at oblique.cc:1321]","22.5387","723.384s","18.9127","607.005s","28.280s","23.820s","Scalar","1","24","137","","","","","11.041","10.976","0.110","0.067","7.562","12.431","0.075","0.076","18.603","23.408","0.185","0.142","262.997","310.413","180.124","351.564","443.121","661.978","2393.053","4652.892","100.464","164.529","FMA","Int32; UInt16","","","","","","","","oblique.cc:1321","tof_fork_g","","","","","","","","","","","","","","","","","","","","","","","","","","","","","","","","","","","","","","","","","","","","","","","","","","","","","","","","","","","","","","","","","","","","","","","","",""
"[loop in yggdrasil_decision_forests::model::decision_tree::internal::ProjectionEvaluator::Evaluate at oblique.cc:1326]","3.19363","102.500s","2.57675","82.701s","4.120s","3.460s","Scalar","0","25","144","","","","","13.704","11.509","0.167","0.167","0","3.011","0","0.044","13.704","14.519","0.167","0.210","47.417","47.417","0","12.404","47.417","59.820","284.500","284.500","82.225","69.053","FMA","Int32","","","","","","","","oblique.cc:1326","tof_fork_g","354","4293631","4293631","0","0","17174524","72991727","0","0","0","0","0","0","0","0","0","4293631","0","0","0","0","0","0","0","0","0","0","0","17174524","0","0","0","0","0","17174524","25761786","77285358","206094288","0","0","0","0","0","0","0","0","0","0","0","0","0","0","0","0","0","0","4293631","0","0","0","0","0","0","0","0","0","0","0","0","0","0","0","0"
"__gnu_cxx::operator!=<yggdrasil_decision_forests::model::decision_tree::internal::AttributeAndWeight const*, std::vector<yggdrasil_decision_forests::model::decision_tree::internal::AttributeAndWeight, std::allocator<yggdrasil_decision_forests::model::decision_tree::internal::AttributeAndWeight>>>","0.606259","19.458s","0.606262","19.458s","0.940s","0.940s","Inlined Function","","26","153","","","","","0","0","","","13.195","13.195","","","13.195","13.195","","","0","0","12.404","12.404","12.404","12.404","0","0","0","0","","","","","","","","","","stl_iterator.h:1244","tof_fork_g","","","","","","","","","","","","","","","","","","","","","","","","","","","","","","","","","","","","","","","","","","","","","","","","","","","","","","","","","","","","","","","","","","","","","","","","",""
"yggdrasil_decision_forests::model::decision_tree::internal::ProjectionEvaluator::AttributeValue","0.0105935","0.340s","0.0105931","0.340s","0.060s","0.060s","Inlined Function","","26","139","","","","","","","","","","","","","","","","","","","","","","","","","","","Gathers","Int32; ","128/256","AVX512F_256","","","","","","oblique.h:222","tof_fork_g","","","","","","","","","","","","","","","","","","","","","","","","","","","","","","","","","","","","","","","","","","","","","","","","","","","","","","","","","","","","","","","","","","","","","","","","",""
"yggdrasil_decision_forests::model::decision_tree::internal::ProjectionEvaluator::AttributeValue","0.432433","13.879s","0.277894","8.919s","0.680s","0.460s","Inlined Function","","25","139","","","","","0","0","0","0","345.745","233.865","0.127","0.081","345.745","233.865","0.127","0.081","0","0","159.037","159.037","159.037","159.037","1254.844","1975.339","2728.028","2904.760","Gathers","Int32; ","128/256","AVX512F_256","","","","","","oblique.h:222","tof_fork_g","","","","","","","","","","","","","","","","","","","","","","","","","","","","","","","","","","","","","","","","","","","","","","","","","","","","","","","","","","","","","","","","","","","","","","","","",""
"std::vector<float const*, std::allocator<float const*>>::operator[]","0.15454","4.960s","0.154548","4.960s","0.300s","0.300s","Inlined Function","","26","136","","","","","0","0","0","0","0","0","0","0","0","0","0","0","0","0","0","0","0","0","720.495","720.495","2401.679","2401.679","","","","","","","","","","stl_vector.h:1280","tof_fork_g","252","145362558","145362558","0","0","872175348","4506239298","0","872175348","0","0","0","0","0","0","0","145362558","0","0","0","0","0","0","0","872175348","0","0","0","0","0","0","0","0","0","1308263022","436087674","41864416704","13954805568","0","0","0","0","0","0","0","0","0","0","0","0","0","0","0","0","0","0","145362558","0","0","0","0","0","0","0","0","0","0","0","0","0","0","0","0"
"std::vector<float, std::allocator<float>>::resize","0.0174169","0.559s","0.00747776","0.240s","0.060s","0.040s","Function","","24","68","","","","","0","0","0","0","14.251","28.870","0.018","0.027","14.251","28.870","0.018","0.027","0","0","0.570","1.732","0.570","1.732","32.138","64.559","803.435","1075.961","","","","","","","","","","stl_vector.h:1143","tof_fork_g","","","","","","","","","","","","","","","","","","","","","","","","","","","","","","","","","","","","","","","","","","","","","","","","","","","","","","","","","","","","","","","","","","","","","","","","",""
"std::vector<float, std::allocator<float>>::_M_default_append","0.00560832","0.180s","0","0s","0.020s","0s","Inlined Function","","25","75","","","","","","0","0","0","","2.872","0.333","0.035","","2.872","0.333","0.035","0","0","0.012","0.057","0.012","0.057","0.035","1.644","","82.223","","","","","","","","","","vector.tcc:814","tof_fork_g","","","","","","","","","","","","","","","","","","","","","","","","","","","","","","","","","","","","","","","","","","","","","","","","","","","","","","","","","","","","","","","","","","","","","","","","",""
"std::__uninitialized_default_n_a<float*, unsigned long, float>","0.00311573","0.100s","0","0s","0.020s","0s","Inlined Function","","26","74","","","","","","0","","0","","1.726","","0.021","","1.726","","0.021","","0","","0.035","","0.035","","1.610","","80.476","","","","","","","","","","stl_uninitialized.h:1000","tof_fork_g","","","","","","","","","","","","","","","","","","","","","","","","","","","","","","","","","","","","","","","","","","","","","","","","","","","","","","","","","","","","","","","","","","","","","","","","",""
"std::__uninitialized_default_n<float*, unsigned long>","0.00311573","0.100s","0","0s","0.020s","0s","Inlined Function","","27","73","","","","","","0","","0","","1.726","","0.021","","1.726","","0.021","","0","","0.035","","0.035","","1.610","","80.476","","","","","","","","","","stl_uninitialized.h:931","tof_fork_g","","","","","","","","","","","","","","","","","","","","","","","","","","","","","","","","","","","","","","","","","","","","","","","","","","","","","","","","","","","","","","","","","","","","","","","","",""
"std::__uninitialized_default_n_1<(bool)1>::__uninit_default_n<float*, unsigned long>","0.00311573","0.100s","0","0s","0.020s","0s","Inlined Function","","28","72","","","","","","0","0","0","","1.726","0.083","0.021","","1.726","0.083","0.021","0","0","< 0.001","0.035","< 0.001","0.035","< 0.001","1.610","","80.476","","","","","","","","","","stl_uninitialized.h:888","tof_fork_g","","","","","","","","","","","","","","","","","","","","","","","","","","","","","","","","","","","","","","","","","","","","","","","","","","","","","","","","","","","","","","","","","","","","","","","","",""
"std::fill_n<float*, unsigned long, float>","0.00311573","0.100s","0","0s","0.020s","0s","Inlined Function","","29","71","","","","","","0","","0","","1.726","","0.021","","1.726","","0.021","","0","","0.035","","0.035","","1.610","","80.475","","","","","","","","","","stl_algobase.h:1173","tof_fork_g","","","","","","","","","","","","","","","","","","","","","","","","","","","","","","","","","","","","","","","","","","","","","","","","","","","","","","","","","","","","","","","","","","","","","","","","",""
"std::__fill_n_a<float*, unsigned long, float>","0.00311573","0.100s","0","0s","0.020s","0s","Inlined Function","","30","70","","","","","","0","","0","","1.726","","0.021","","1.726","","0.021","0","0","< 0.001","0.035","< 0.001","0.035","0","1.610","","80.475","","","","","","","","","","stl_algobase.h:1137","tof_fork_g","","","","","","","","","","","","","","","","","","","","","","","","","","","","","","","","","","","","","","","","","","","","","","","","","","","","","","","","","","","","","","","","","","","","","","","","",""
"std::__fill_a<float*, float>","0.00311573","0.100s","0","0s","0.020s","0s","Inlined Function","","31","69","","","","","","0","","0","","1.726","","0.021","","1.726","","0.021","","0","","0.035","","0.035","","1.610","","80.475","","","","","","","","","","stl_algobase.h:978","tof_fork_g","","","","","","","","","","","","","","","","","","","","","","","","","","","","","","","","","","","","","","","","","","","","","","","","","","","","","","","","","","","","","","","","","","","","","","","","",""
"std::__fill_a1<float*, float>","0.00311573","0.100s","0","0s","0.020s","0s","Inlined Function","","32","67","","","","","","0","","0","","1.726","","0.021","","1.726","","0.021","0","0","< 0.001","0.035","< 0.001","0.035","0","1.610","","80.475","","","","","","","","","","stl_algobase.h:897","tof_fork_g","","","","","","","","","","","","","","","","","","","","","","","","","","","","","","","","","","","","","","","","","","","","","","","","","","","","","","","","","","","","","","","","","","","","","","","","",""
"__intel_avx_rep_memset","0.00311573","0.100s","0.00311573","0.100s","0.020s","0.020s","Function","","33","66","","","","","0","0","0","0","1.726","1.726","0.021","0.021","1.726","1.726","0.021","0.021","0","0","0.035","0.035","0.035","0.035","1.610","1.610","80.475","80.475","Unpacks","Int32; UInt16; UInt256; ","128/256","AVX; AVX2; SSE2","","","","","","","tof_fork_g","","","","","","","","","","","","","","","","","","","","","","","","","","","","","","","","","","","","","","","","","","","","","","","","","","","","","","","","","","","","","","","","","","","","","","","","",""
"std::__uninitialized_default_n_a<float*, unsigned long, float>","0.00249259","0.080s","0","0s","0.020s","0s","Inlined Function","","26","329","","","","","","0","","","","0.563","","","","0.563","","","","0","","0.011","","0.011","","0","","0","","","","","","","","","","stl_uninitialized.h:1000","tof_fork_g","","","","","","","","","","","","","","","","","","","","","","","","","","","","","","","","","","","","","","","","","","","","","","","","","","","","","","","","","","","","","","","","","","","","","","","","",""
"std::__uninitialized_default_n<float*, unsigned long>","0.00249259","0.080s","0","0s","0.020s","0s","Inlined Function","","27","328","","","","","","0","","","","0.563","","","","0.563","","","","0","","0.011","","0.011","","0","","0","","","","","","","","","","stl_uninitialized.h:931","tof_fork_g","","","","","","","","","","","","","","","","","","","","","","","","","","","","","","","","","","","","","","","","","","","","","","","","","","","","","","","","","","","","","","","","","","","","","","","","",""
"std::__uninitialized_default_n_1<(bool)1>::__uninit_default_n<float*, unsigned long>","0.00249259","0.080s","0","0s","0.020s","0s","Inlined Function","","28","327","","","","","","0","","","","0.563","","","","0.563","","","","0","","0.011","","0.011","","0","","0","","","","","","","","","","stl_uninitialized.h:888","tof_fork_g","","","","","","","","","","","","","","","","","","","","","","","","","","","","","","","","","","","","","","","","","","","","","","","","","","","","","","","","","","","","","","","","","","","","","","","","",""
"std::fill_n<float*, unsigned long, float>","0.00249259","0.080s","0","0s","0.020s","0s","Inlined Function","","29","326","","","","","","0","","","","0.563","","","","0.563","","","","0","","0.011","","0.011","","0","","0","","","","","","","","","","stl_algobase.h:1173","tof_fork_g","","","","","","","","","","","","","","","","","","","","","","","","","","","","","","","","","","","","","","","","","","","","","","","","","","","","","","","","","","","","","","","","","","","","","","","","",""
"std::__fill_n_a<float*, unsigned long, float>","0.00249259","0.080s","0","0s","0.020s","0s","Inlined Function","","30","325","","","","","","0","","","","0.563","","","","0.563","","","0","0","0.006","0.011","0.006","0.011","0","0","","0","","","","","","","","","","stl_algobase.h:1137","tof_fork_g","","","","","","","","","","","","","","","","","","","","","","","","","","","","","","","","","","","","","","","","","","","","","","","","","","","","","","","","","","","","","","","","","","","","","","","","",""
"std::__fill_a<float*, float>","0.00249259","0.080s","0","0s","0.020s","0s","Inlined Function","","31","324","","","","","","0","","","","0.278","","","","0.278","","","","0","","0.006","","0.006","","0","","0","","","","","","","","","","stl_algobase.h:978","tof_fork_g","","","","","","","","","","","","","","","","","","","","","","","","","","","","","","","","","","","","","","","","","","","","","","","","","","","","","","","","","","","","","","","","","","","","","","","","",""
"std::__fill_a1<float*, float>","0.00249259","0.080s","0","0s","0.020s","0s","Inlined Function","","32","323","","","","","","0","","","","0.278","","","","0.278","","","0","0","0.006","0.006","0.006","0.006","0","0","","0","","","","","","","","","","stl_algobase.h:897","tof_fork_g","","","","","","","","","","","","","","","","","","","","","","","","","","","","","","","","","","","","","","","","","","","","","","","","","","","","","","","","","","","","","","","","","","","","","","","","",""
"__intel_avx_rep_memset","0.00249259","0.080s","0.00249246","0.080s","0.020s","0.020s","Function","","33","66","","","","","","","","","","","","","","","","","","","","","","","","","","","Unpacks","Int32; UInt16; UInt256; ","128/256","AVX; AVX2; SSE2","","","","","","","tof_fork_g","","","","","","","","","","","","","","","","","","","","","","","","","","","","","","","","","","","","","","","","","","","","","","","","","","","","","","","","","","","","","","","","","","","","","","","","",""
"std::vector<float, std::allocator<float>>::size","0.00370772","0.119s","0.00370772","0.119s","0.040s","0.040s","Inlined Function","","25","335","","","","","0","0","0","0","27.482","27.482","0.036","0.036","27.482","27.482","0.036","0.036","0","0","1.099","1.099","1.099","1.099","30.777","30.777","769.487","769.487","","","","","","","","","","stl_vector.h:1117","tof_fork_g","","","","","","","","","","","","","","","","","","","","","","","","","","","","","","","","","","","","","","","","","","","","","","","","","","","","","","","","","","","","","","","","","","","","","","","","",""
"std::vector<float, std::allocator<float>>::_M_erase_at_end","0.000623147","0.020s","0.000623165","0.020s","0.020s","0.020s","Inlined Function","","25","356","","","","","0","0","","","0.278","0.278","","","0.278","0.278","","","0","0","0.006","0.006","0.006","0.006","0","0","0","0","","","","","","","","","","stl_vector.h:2239","tof_fork_g","","","","","","","","","","","","","","","","","","","","","","","","","","","","","","","","","","","","","","","","","","","","","","","","","","","","","","","","","","","","","","","","","","","","","","","","",""
"absl::lts_20250814::Status::ok","0.00436203","0.140s","0.0043619","0.140s","0.040s","0.040s","Inlined Function","","24","267","","","","","0","0","","","13.739","13.739","","","13.739","13.739","","","0","0","0.550","0.550","0.550","0.550","0","0","0","0","","","","","","","","","","status.h:816","tof_fork_g","","","","","","","","","","","","","","","","","","","","","","","","","","","","","","","","","","","","","","","","","","","","","","","","","","","","","","","","","","","","","","","","","","","","","","","","",""
"absl::lts_20250814::Status::Status","0.00373888","0.120s","0","0s","0.020s","0s","Inlined Function","","24","305","","","","","","0","0","0","","54.957","0","0.125","","54.957","0","0.125","0","0","0","1.099","0","1.099","8.793","8.793","","439.654","","","","","","","","","","status.h:776","tof_fork_g","","","","","","","","","","","","","","","","","","","","","","","","","","","","","","","","","","","","","","","","","","","","","","","","","","","","","","","","","","","","","","","","","","","","","","","","",""
"absl::lts_20250814::Status::Ref","0.00373888","0.120s","0.00373879","0.120s","0.020s","0.020s","Inlined Function","","25","304","","","","","0","0","","","54.957","54.957","","","54.957","54.957","","","0","0","1.099","1.099","1.099","1.099","0","0","0","0","","","","","","","","","","status.h:916","tof_fork_g","","","","","","","","","","","","","","","","","","","","","","","","","","","","","","","","","","","","","","","","","","","","","","","","","","","","","","","","","","","","","","","","","","","","","","","","",""
"__intel_avx_rep_memset","0.00249259","0.080s","0.000623165","0.020s","0.020s","0.020s","Function","","24","66","","","","","","","","","","","","","","","","","","","","","","","","","","","Unpacks","Int32; UInt16; UInt256; ","128/256","AVX; AVX2; SSE2","","","","","","","tof_fork_g","","","","","","","","","","","","","","","","","","","","","","","","","","","","","","","","","","","","","","","","","","","","","","","","","","","","","","","","","","","","","","","","","","","","","","","","",""
"[loop in __intel_avx_rep_memset]","0.00186944","0.060s","0.00186951","0.060s","0.020s","0.020s","Vectorized (Body)","0","25","207","","AVX","8","","","","","","","","","","","","","","","","","","","","","","","","","UInt16","256","AVX","","","","","","","tof_fork_g","","","","","","","","","","","","","","","","","","","","","","","","","","","","","","","","","","","","","","","","","","","","","","","","","","","","","","","","","","","","","","","","","","","","","","","","",""
"absl::lts_20250814::OkStatus","0.00124629","0.040s","0","0s","0.020s","0s","Inlined Function","","24","247","","","","","","0","","0","","0","","0","","0","","0","","0","","0","","0","","4.397","","219.837","","","","","","","","","","status.h:924","tof_fork_g","","","","","","","","","","","","","","","","","","","","","","","","","","","","","","","","","","","","","","","","","","","","","","","","","","","","","","","","","","","","","","","","","","","","","","","","",""
"absl::lts_20250814::Status::Status","0.00124629","0.040s","0","0s","0.020s","0s","Inlined Function","","25","246","","","","","","0","","0","","0","","0","","0","","0","","0","","0","","0","","4.397","","219.837","","","","","","","","","","status.h:772","tof_fork_g","","","","","","","","","","","","","","","","","","","","","","","","","","","","","","","","","","","","","","","","","","","","","","","","","","","","","","","","","","","","","","","","","","","","","","","","",""
"absl::lts_20250814::Status::Status","0.00124629","0.040s","0","0s","0.020s","0s","Inlined Function","","26","245","","","","","","0","","0","","0","","0","","0","","0","","0","","0","","0","","4.397","","219.837","","","","","","","","","","status.h:774","tof_fork_g","","","","","","","","","","","","","","","","","","","","","","","","","","","","","","","","","","","","","","","","","","","","","","","","","","","","","","","","","","","","","","","","","","","","","","","","",""
"absl::lts_20250814::Status::Status","0.00124629","0.040s","0.00124605","0.040s","0.020s","0.020s","Inlined Function","","27","244","","","","","0","0","0","0","0","0","0","0","0","0","0","0","0","0","0","0","0","0","4.397","4.397","219.837","219.837","","","","","","","","","","status.h:619","tof_fork_g","","","","","","","","","","","","","","","","","","","","","","","","","","","","","","","","","","","","","","","","","","","","","","","","","","","","","","","","","","","","","","","","","","","","","","","","",""
"yggdrasil_decision_forests::model::decision_tree::internal::ProjectionEvaluator::AttributeValue","0.000623147","0.020s","0.000623153","0.020s","0.020s","0.020s","Inlined Function","","24","139","","","","","","","","","","","","","","","","","","","","","","","","","","","Gathers","Int32; ","128/256","AVX512F_256","","","","","","oblique.h:222","tof_fork_g","","","","","","","","","","","","","","","","","","","","","","","","","","","","","","","","","","","","","","","","","","","","","","","","","","","","","","","","","","","","","","","","","","","","","","","","",""
"yggdrasil_decision_forests::model::decision_tree::internal::SampleProjection","1.89814","60.921s","0.137715","4.420s","2.700s","0.280s","Function","","23","158","","","","","3.926","24.427","0.004","0.036","42.406","64.603","0.042","0.095","46.332","89.030","0.045","0.131","1.099","65.951","11.873","174.426","12.973","240.377","285.173","1828.698","1018.498","677.304","Divisions; Shuffles; Square Roots; Unpacks","Int32; Int64; ; ","128","AVX; AVX2; AVX512DQ_128; AVX512F_128","","","","","","oblique.cc","tof_fork_g","","","","","","","","","","","","","","","","","","","","","","","","","","","","","","","","","","","","","","","","","","","","","","","","","","","","","","","","","","","","","","","","","","","","","","","","",""
"[loop in yggdrasil_decision_forests::model::decision_tree::internal::SampleProjection at oblique.cc:1037]","0.697301","22.380s","0.673628","21.620s","1.080s","1.040s","Scalar","1","24","157","","","","","2.378","2.290","0.010","0.008","12.113","22.980","0.052","0.085","14.491","25.270","0.062","0.094","2.473","2.473","12.598","24.819","15.071","27.292","241.383","291.724","232.096","270.113","Divisions; FMA; Mask Manipulations; Type Conversions","Int32; Int64; ","128","AVX; AVX512DQ_128","","","","","","oblique.cc:1037","tof_fork_g","","","","","","","","","","","","","","","","","","","","","","","","","","","","","","","","","","","","","","","","","","","","","","","","","","","","","","","","","","","","","","","","","","","","","","","","",""
"std::mersenne_twister_engine<unsigned long, (unsigned long)32, (unsigned long)624, (unsigned long)397, (unsigned long)31, (unsigned long)2567483615, (unsigned long)11, (unsigned long)4294967295, (unsigned long)7, (unsigned long)2636928640, (unsigned long)15, (unsigned long)4022730752, (unsigned long)18, (unsigned long)1812433253>::operator()","0.0180712","0.580s","0.0143322","0.460s","0.060s","0.060s","Function","","25","177","","","","","0","0","0","0","164.871","196.558","0.500","0.255","164.871","196.558","0.500","0.255","0","0","9.891","11.794","9.891","11.794","19.775","46.313","329.609","771.859","Shifts","UInt16; ","256","AVX; AVX2; AVX512F_256","","","","","","random.tcc:455","tof_fork_g","","","","","","","","","","","","","","","","","","","","","","","","","","","","","","","","","","","","","","","","","","","","","","","","","","","","","","","","","","","","","","","","","","","","","","","","",""
"std::mersenne_twister_engine<unsigned long, (unsigned long)32, (unsigned long)624, (unsigned long)397, (unsigned long)31, (unsigned long)2567483615, (unsigned long)11, (unsigned long)4294967295, (unsigned long)7, (unsigned long)2636928640, (unsigned long)15, (unsigned long)4022730752, (unsigned long)18, (unsigned long)1812433253>::_M_gen_rand","0.00373888","0.120s","0","0s","0.020s","0s","Inlined Function","","26","176","","","","","","0","0","0","","95.115","0.069","0.072","","95.115","0.069","0.072","0","0","0.022","1.902","0.022","1.902","0.328","26.538","","1326.852","Shifts","UInt16; ","256","AVX; AVX2; AVX512F_256","","","","","","random.tcc:399","tof_fork_g","","","","","","","","","","","","","","","","","","","","","","","","","","","","","","","","","","","","","","","","","","","","","","","","","","","","","","","","","","","","","","","","","","","","","","","","",""
"[loop in std::mersenne_twister_engine<unsigned long, (unsigned long)32, (unsigned long)624, (unsigned long)397, (unsigned long)31, (unsigned long)2567483615, (unsigned long)11, (unsigned long)4294967295, (unsigned long)7, (unsigned long)2636928640, (unsigned long)15, (unsigned long)4022730752, (unsigned long)18, (unsigned long)1812433253>::_M_gen_rand at random.tcc:412]","0.00311573","0.100s","0.00311571","0.100s","0.020s","0.020s","Vectorized (Body)","0","27","175","","AVX512","16","","0","0","0","0","58.853","58.853","0.070","0.070","58.853","58.853","0.070","0.070","0","0","1.177","1.177","1.177","1.177","16.741","16.741","837.011","837.011","Shifts","UInt16; ","256","AVX; AVX2; AVX512F_256","","","","","","random.tcc:412","tof_fork_g","","","","","","","","","","","","","","","","","","","","","","","","","","","","","","","","","","","","","","","","","","","","","","","","","","","","","","","","","","","","","","","","","","","","","","","","",""
"[loop in std::mersenne_twister_engine<unsigned long, (unsigned long)32, (unsigned long)624, (unsigned long)397, (unsigned long)31, (unsigned long)2567483615, (unsigned long)11, (unsigned long)4294967295, (unsigned long)7, (unsigned long)2636928640, (unsigned long)15, (unsigned long)4022730752, (unsigned long)18, (unsigned long)1812433253>::_M_gen_rand at random.tcc:404]","0.000623147","0.020s","0.000623147","0.020s","0.020s","0.020s","Vectorized (Body)","0","27","256","","AVX512","16","","0","0","0","0","35.141","35.141","0.074","0.074","35.141","35.141","0.074","0.074","0","0","0.703","0.703","0.703","0.703","9.470","9.470","473.477","473.477","Shifts","UInt16; ","256","AVX; AVX2; AVX512F_256","","","","","","random.tcc:404","tof_fork_g","","","","","","","","","","","","","","","","","","","","","","","","","","","","","","","","","","","","","","","","","","","","","","","","","","","","","","","","","","","","","","","","","","","","","","","","",""
"operator new","0.00249259","0.080s","0.00249273","0.080s","0.020s","0.020s","Function","","25","9","","","","","","","","","","","","","","","","","","","","","","","","","","","","","","","","","","","","","libstdc++.so.6","","","","","","","","","","","","","","","","","","","","","","","","","","","","","","","","","","","","","","","","","","","","","","","","","","","","","","","","","","","","","","","","","","","","","","","","",""
"[loop in yggdrasil_decision_forests::model::decision_tree::internal::SampleProjection at btree.h:714]","0.00249259","0.080s","0.00249264","0.080s","0.040s","0.040s","Scalar","0","25","383","","","","","0","0","0","0","10.674","10.674","0.111","0.111","10.674","10.674","0.111","0.111","0","0","0.427","0.427","0.427","0.427","3.843","3.843","96.067","96.067","","","","","","","","","","btree.h:714","tof_fork_g","","","","","","","","","","","","","","","","","","","","","","","","","","","","","","","","","","","","","","","","","","","","","","","","","","","","","","","","","","","","","","","","","","","","","","","","",""
"func@0x7b21e0","0.000623147","0.020s","0.000623203","0.020s","0.020s","0.020s","Function","","25","259","","","","","0","0","0","0","0","0","0","0","0","0","0","0","0","0","0","0","0","0","0.185","0.185","9.274","9.274","","","","","","","","","","","tof_fork_g","","","","","","","","","","","","","","","","","","","","","","","","","","","","","","","","","","","","","","","","","","","","","","","","","","","","","","","","","","","","","","","","","","","","","","","","",""
"std::binomial_distribution<unsigned long>::operator()<std::mersenne_twister_engine<unsigned long, (unsigned long)32, (unsigned long)624, (unsigned long)397, (unsigned long)31, (unsigned long)2567483615, (unsigned long)11, (unsigned long)4294967295, (unsigned long)7, (unsigned long)2636928640, (unsigned long)15, (unsigned long)4022730752, (unsigned long)18, (unsigned long)1812433253>>","0.567063","18.200s","0.0236798","0.760s","0.900s","0.080s","Function","","24","178","","","","","6.870","54.043","0.005","0.069","13.740","81.853","0.010","0.104","20.610","135.896","0.016","0.173","0.550","48.639","1.099","73.668","1.649","122.307","106.070","705.290","1325.883","783.651","Shifts","Int64; UInt16; ","128/256","AVX; AVX2; AVX512DQ_128; AVX512F_256","","","","","","random.tcc:1567","tof_fork_g","397","0","0","0","0","0","0","0","0","0","0","0","0","0","0","0","0","0","0","0","0","0","0","0","0","0","0","0","0","0","0","0","0","0","0","0","0","0","0","0","0","0","0","0","0","0","0","0","0","0","0","0","0","0","0","0","0","0","0","0","0","0","0","0","0","0","0","0","0","0","0","0","0"
"std::binomial_distribution<unsigned long>::_M_waiting<std::mersenne_twister_engine<unsigned long, (unsigned long)32, (unsigned long)624, (unsigned long)397, (unsigned long)31, (unsigned long)2567483615, (unsigned long)11, (unsigned long)4294967295, (unsigned long)7, (unsigned long)2636928640, (unsigned long)15, (unsigned long)4022730752, (unsigned long)18, (unsigned long)1812433253>>","0.537775","17.260s","0.0629381","2.020s","0.840s","0.140s","Function","","25","180","","","","","0","57.249","0","0.081","9.815","85.737","0.018","0.121","9.815","142.986","0.018","0.202","0","48.089","1.374","72.019","1.374","120.109","76.942","594.822","549.615","708.119","Shifts","UInt16; ","256","AVX; AVX2; AVX512F_256","","","","","","random.tcc:1532","tof_fork_g","","","","","","","","","","","","","","","","","","","","","","","","","","","","","","","","","","","","","","","","","","","","","","","","","","","","","","","","","","","","","","","","","","","","","","","","",""
"[loop in std::binomial_distribution<unsigned long>::_M_waiting<std::mersenne_twister_engine<unsigned long, (unsigned long)32, (unsigned long)624, (unsigned long)397, (unsigned long)31, (unsigned long)2567483615, (unsigned long)11, (unsigned long)4294967295, (unsigned long)7, (unsigned long)2636928640, (unsigned long)15, (unsigned long)4022730752, (unsigned long)18, (unsigned long)1812433253>> at random.tcc:1532]","0.474838","15.240s","0.167004","5.360s","0.700s","0.300s","Scalar","2","26","179","","","","","13.739","68.698","0.037","0.093","87.016","100.920","0.237","0.136","100.755","169.618","0.275","0.229","4.122","48.089","26.106","70.645","30.228","118.735","109.919","517.880","366.382","739.812","Divisions; Type Conversions","Int64; ","256","AVX2","","","","","","random.tcc:1532","tof_fork_g","403","0","0","0","0","0","0","0","0","0","0","0","0","0","0","0","0","0","0","0","0","0","0","0","0","0","0","0","0","0","0","0","0","0","0","0","0","0","0","0","0","0","0","0","0","0","0","0","0","0","0","0","0","0","0","0","0","0","0","0","0","0","0","0","0","0","0","0","0","0","0","0","0"
"__libm_log_z0","0.168873","5.420s","0.168873","5.420s","0.320s","0.320s","Function","","27","181","","","","","107.339","107.339","0.216","0.216","64.404","64.404","0.129","0.129","171.743","171.743","0.345","0.345","34.350","34.350","20.610","20.610","54.959","54.959","159.382","159.382","498.055","498.055","Shifts","UInt256; ; ","128","AVX; AVX2; AVX512F_128","","","","","","","tof_fork_g","","","","","","","","","","","","","","","","","","","","","","","","","","","","","","","","","","","","","","","","","","","","","","","","","","","","","","","","","","","","","","","","","","","","","","","","",""
"std::__detail::_Adaptor<std::mersenne_twister_engine<unsigned long, (unsigned long)32, (unsigned long)624, (unsigned long)397, (unsigned long)31, (unsigned long)2567483615, (unsigned long)11, (unsigned long)4294967295, (unsigned long)7, (unsigned long)2636928640, (unsigned long)15, (unsigned long)4022730752, (unsigned long)18, (unsigned long)1812433253>, double>::operator()","0.138962","4.460s","0","0s","0.300s","0s","Inlined Function","","27","187","","","","","","32.060","","0.039","","79.767","","0.096","","111.826","","0.135","","9.618","","23.930","","33.548","","248.579","","828.597","Shifts","UInt16; ","256","AVX; AVX2; AVX512F_256","","","","","","random.h:291","tof_fork_g","","","","","","","","","","","","","","","","","","","","","","","","","","","","","","","","","","","","","","","","","","","","","","","","","","","","","","","","","","","","","","","","","","","","","","","","",""
"std::generate_canonical<double, (unsigned long)53, std::mersenne_twister_engine<unsigned long, (unsigned long)32, (unsigned long)624, (unsigned long)397, (unsigned long)31, (unsigned long)2567483615, (unsigned long)11, (unsigned long)4294967295, (unsigned long)7, (unsigned long)2636928640, (unsigned long)15, (unsigned long)4022730752, (unsigned long)18, (unsigned long)1812433253>>","0.138962","4.460s","0.0137093","0.440s","0.300s","0.060s","Inlined Function","","28","186","","","","","22.898","32.060","0.125","0.039","0","79.767","0","0.096","22.898","111.826","0.125","0.135","1.374","9.618","0","23.930","1.374","33.548","10.992","248.579","183.185","828.597","Shifts","UInt16; ","256","AVX; AVX2; AVX512F_256","","","","","","random.tcc:3349","tof_fork_g","","","","","","","","","","","","","","","","","","","","","","","","","","","","","","","","","","","","","","","","","","","","","","","","","","","","","","","","","","","","","","","","","","","","","","","","",""
"[loop in std::generate_canonical<double, (unsigned long)53, std::mersenne_twister_engine<unsigned long, (unsigned long)32, (unsigned long)624, (unsigned long)397, (unsigned long)31, (unsigned long)2567483615, (unsigned long)11, (unsigned long)4294967295, (unsigned long)7, (unsigned long)2636928640, (unsigned long)15, (unsigned long)4022730752, (unsigned long)18, (unsigned long)1812433253>> at random.tcc:3365]","0.118398","3.800s","0.0454897","1.460s","0.300s","0.180s","Scalar","1","29","185","","","","","45.800","27.480","0.083","0.035","15.267","79.767","0.028","0.101","61.067","107.246","0.111","0.135","8.244","8.244","2.748","23.930","10.992","32.174","98.927","237.588","549.605","791.957","FMA; Mask Manipulations; Shifts; Type Conversions","Int64; ","256","AVX2; AVX512F_256","","","","","","random.tcc:3365","tof_fork_g","","","","","","","","","","","","","","","","","","","","","","","","","","","","","","","","","","","","","","","","","","","","","","","","","","","","","","","","","","","","","","","","","","","","","","","","",""
"std::mersenne_twister_engine<unsigned long, (unsigned long)32, (unsigned long)624, (unsigned long)397, (unsigned long)31, (unsigned long)2567483615, (unsigned long)11, (unsigned long)4294967295, (unsigned long)7, (unsigned long)2636928640, (unsigned long)15, (unsigned long)4022730752, (unsigned long)18, (unsigned long)1812433253>::operator()","0.0729081","2.340s","0.0591999","1.900s","0.120s","0.120s","Inlined Function","","30","184","","","","","0","0","0","0","123.617","176.511","0.322","0.153","123.617","176.511","0.322","0.153","0","0","14.835","21.182","14.835","21.182","46.130","138.661","384.407","1155.463","Shifts","UInt16; ","256","AVX; AVX2; AVX512F_256","","","","","","random.tcc:455","tof_fork_g","","","","","","","","","","","","","","","","","","","","","","","","","","","","","","","","","","","","","","","","","","","","","","","","","","","","","","","","","","","","","","","","","","","","","","","","",""
"std::mersenne_twister_engine<unsigned long, (unsigned long)32, (unsigned long)624, (unsigned long)397, (unsigned long)31, (unsigned long)2567483615, (unsigned long)11, (unsigned long)4294967295, (unsigned long)7, (unsigned long)2636928640, (unsigned long)15, (unsigned long)4022730752, (unsigned long)18, (unsigned long)1812433253>::_M_gen_rand","0.0137092","0.440s","0.000623175","0.020s","0.080s","0.020s","Inlined Function","","31","253","","","","","0","0","0","0","3.964","79.344","0.015","0.069","3.964","79.344","0.015","0.069","0","0","0.079","6.348","0.079","6.348","5.137","92.530","256.825","1156.632","Shifts","UInt16; ","256","AVX; AVX2; AVX512F_256","","","","","","random.tcc:399","tof_fork_g","","","","","","","","","","","","","","","","","","","","","","","","","","","","","","","","","","","","","","","","","","","","","","","","","","","","","","","","","","","","","","","","","","","","","","","","",""
"[loop in std::mersenne_twister_engine<unsigned long, (unsigned long)32, (unsigned long)624, (unsigned long)397, (unsigned long)31, (unsigned long)2567483615, (unsigned long)11, (unsigned long)4294967295, (unsigned long)7, (unsigned long)2636928640, (unsigned long)15, (unsigned long)4022730752, (unsigned long)18, (unsigned long)1812433253>::_M_gen_rand at random.tcc:404]","0.00685461","0.220s","0.00685464","0.220s","0.060s","0.060s","Vectorized (Body)","0","32","269","","AVX512","16","","0","0","0","0","39.056","39.056","0.074","0.074","39.056","39.056","0.074","0.074","0","0","2.343","2.343","2.343","2.343","31.575","31.575","526.234","526.234","Shifts","UInt16; ","256","AVX; AVX2; AVX512F_256","","","","","","random.tcc:404","tof_fork_g","","","","","","","","","","","","","","","","","","","","","","","","","","","","","","","","","","","","","","","","","","","","","","","","","","","","","","","","","","","","","","","","","","","","","","","","",""
"[loop in std::mersenne_twister_engine<unsigned long, (unsigned long)32, (unsigned long)624, (unsigned long)397, (unsigned long)31, (unsigned long)2567483615, (unsigned long)11, (unsigned long)4294967295, (unsigned long)7, (unsigned long)2636928640, (unsigned long)15, (unsigned long)4022730752, (unsigned long)18, (unsigned long)1812433253>::_M_gen_rand at random.tcc:412]","0.00623147","0.200s","0.00623137","0.200s","0.040s","0.040s","Vectorized (Body)","0","32","252","","AVX512","16","","0","0","0","0","98.124","98.124","0.070","0.070","98.124","98.124","0.070","0.070","0","0","3.925","3.925","3.925","3.925","55.819","55.819","1395.537","1395.537","Shifts","UInt16; ","256","AVX; AVX2; AVX512F_256","","","","","","random.tcc:412","tof_fork_g","","","","","","","","","","","","","","","","","","","","","","","","","","","","","","","","","","","","","","","","","","","","","","","","","","","","","","","","","","","","","","","","","","","","","","","","",""
"std::mersenne_twister_engine<unsigned long, (unsigned long)32, (unsigned long)624, (unsigned long)397, (unsigned long)31, (unsigned long)2567483615, (unsigned long)11, (unsigned long)4294967295, (unsigned long)7, (unsigned long)2636928640, (unsigned long)15, (unsigned long)4022730752, (unsigned long)18, (unsigned long)1812433253>::operator()","0.00498517","0.160s","0.00498502","0.160s","0.040s","0.040s","Inlined Function","","29","184","","","","","","","","","","","","","","","","","","","","","","","","","","","Shifts","UInt16; ","256","AVX; AVX2; AVX512F_256","","","","","","random.tcc:455","tof_fork_g","","","","","","","","","","","","","","","","","","","","","","","","","","","","","","","","","","","","","","","","","","","","","","","","","","","","","","","","","","","","","","","","","","","","","","","","",""
"std::mersenne_twister_engine<unsigned long, (unsigned long)32, (unsigned long)624, (unsigned long)397, (unsigned long)31, (unsigned long)2567483615, (unsigned long)11, (unsigned long)4294967295, (unsigned long)7, (unsigned long)2636928640, (unsigned long)15, (unsigned long)4022730752, (unsigned long)18, (unsigned long)1812433253>::_M_gen_rand","0.00186944","0.060s","0.00186925","0.060s","0.020s","0.020s","Inlined Function","","29","253","","","","","","","","","","","","","","","","","","","","","","","","","","","Shifts","UInt16; ","256","AVX; AVX2; AVX512F_256","","","","","","random.tcc:399","tof_fork_g","","","","","","","","","","","","","","","","","","","","","","","","","","","","","","","","","","","","","","","","","","","","","","","","","","","","","","","","","","","","","","","","","","","","","","","","",""
"log","0.00560832","0.180s","0.00560813","0.180s","0.020s","0.020s","Function","","25","250","","","","","0","0","0","0","27.478","27.478","0.125","0.125","27.478","27.478","0.125","0.125","0","0","0.550","0.550","0.550","0.550","4.397","4.397","219.822","219.822","","","","","","","","","","","tof_fork_g","","","","","","","","","","","","","","","","","","","","","","","","","","","","","","","","","","","","","","","","","","","","","","","","","","","","","","","","","","","","","","","","","","","","","","","","",""
"[loop in yggdrasil_decision_forests::model::decision_tree::internal::SampleProjection at oblique.cc]","0.345846","11.100s","0.0311572","1.000s","0.560s","0.080s","Scalar","2","24","159","","","","","0","0","0","0","87.404","93.492","0.173","0.124","87.404","93.492","0.173","0.124","0","0","6.993","52.356","6.993","52.356","40.395","422.670","504.916","754.763","Divisions","","","","","","","","","oblique.cc","tof_fork_g","","","","","","","","","","","","","","","","","","","","","","","","","","","","","","","","","","","","","","","","","","","","","","","","","","","","","","","","","","","","","","","","","","","","","","","","",""
"absl::lts_20250814::container_internal::btree_set_container<absl::lts_20250814::container_internal::btree<absl::lts_20250814::container_internal::set_params<unsigned long, std::less<unsigned long>, std::allocator<unsigned long>, (int)256, (bool)0>>>::insert","0.229941","7.380s","0.0137091","0.440s","0.460s","0.060s","Function","","25","161","","","","","0","0","0","0","0","47.343","0","0.075","0","47.343","0","0.075","0","0","0","21.778","0","21.778","85.439","289.426","1423.939","629.180","","Int32; UInt16; ","256","AVX; AVX512F_256","","","","","","btree_container.h:331","tof_fork_g","","","","","","","","","","","","","","","","","","","","","","","","","","","","","","","","","","","","","","","","","","","","","","","","","","","","","","","","","","","","","","","","","","","","","","","","",""
"absl::lts_20250814::container_internal::btree<absl::lts_20250814::container_internal::set_params<unsigned long, std::less<unsigned long>, std::allocator<unsigned long>, (int)256, (bool)0>>::insert_unique<unsigned long, unsigned long const&>","0.216232","6.940s","0.0112169","0.360s","0.460s","0.060s","Inlined Function","","26","164","","","","","0","0","0","0","36.664","47.343","0.052","0.107","36.664","47.343","0.052","0.107","0","0","2.200","21.778","2.200","21.778","42.471","203.988","707.859","443.446","","Int32; UInt16; ","256","AVX; AVX512F_256","","","","","","btree.h:2373","tof_fork_g","","","","","","","","","","","","","","","","","","","","","","","","","","","","","","","","","","","","","","","","","","","","","","","","","","","","","","","","","","","","","","","","","","","","","","","","",""
"absl::lts_20250814::container_internal::btree<absl::lts_20250814::container_internal::set_params<unsigned long, std::less<unsigned long>, std::allocator<unsigned long>, (int)256, (bool)0>>::internal_emplace<unsigned long const&>","0.138339","4.440s","0.014956","0.480s","0.300s","0.040s","Inlined Function","","27","163","","","","","0","0","0","0","77.038","29.410","0.062","0.067","77.038","29.410","0.062","0.067","0","0","3.082","8.823","3.082","8.823","49.426","131.884","1235.469","439.607","","Int32; UInt16","256","AVX","","","","","","btree.h:2914","tof_fork_g","","","","","","","","","","","","","","","","","","","","","","","","","","","","","","","","","","","","","","","","","","","","","","","","","","","","","","","","","","","","","","","","","","","","","","","","",""
"absl::lts_20250814::container_internal::btree<absl::lts_20250814::container_internal::set_params<unsigned long, std::less<unsigned long>, std::allocator<unsigned long>, (int)256, (bool)0>>::internal_emplace<unsigned long const&>(absl::lts_20250814::container_internal::btree_iterator<absl::lts_20250814::container_internal::btree_node<absl::lts_20250814::container_internal::set_params<unsigned long, std::less<unsigned long>, std::allocator<unsigned long>, (int)256, (bool)0>>, unsigned long const&, unsigned long const*>, unsigned long const&&&)::{lambda(unsigned char)#1}::operator()","0.106558","3.420s","0.00124633","0.040s","0.240s","0.020s","Inlined Function","","28","162","","","","","0","0","0","0","0","10.087","0","0.041","0","10.087","0","0.041","0","0","0","2.421","0","2.421","14.332","58.782","716.527","244.921","","Int32; UInt16","256","AVX","","","","","","btree.h:2934","tof_fork_g","","","","","","","","","","","","","","","","","","","","","","","","","","","","","","","","","","","","","","","","","","","","","","","","","","","","","","","","","","","","","","","","","","","","","","","","",""
"absl::lts_20250814::container_internal::btree<absl::lts_20250814::container_internal::set_params<unsigned long, std::less<unsigned long>, std::allocator<unsigned long>, (int)256, (bool)0>>::new_leaf_root_node","0.0573295","1.840s","0","0s","0.140s","0s","Inlined Function","","29","205","","","","","","0","","0","","5.118","","0.182","","5.118","","0.182","","0","","0.717","","0.717","","3.941","","28.150","","","","","","","","","","btree.h:1720","tof_fork_g","","","","","","","","","","","","","","","","","","","","","","","","","","","","","","","","","","","","","","","","","","","","","","","","","","","","","","","","","","","","","","","","","","","","","","","","",""
"absl::lts_20250814::container_internal::btree<absl::lts_20250814::container_internal::set_params<unsigned long, std::less<unsigned long>, std::allocator<unsigned long>, (int)256, (bool)0>>::allocate","0.05546","1.780s","0","0s","0.140s","0s","Inlined Function","","30","204","","","","","","0","","","","2.559","","","","2.559","","","","0","","0.358","","0.358","","0","","0","","","","","","","","","","btree.h:1703","tof_fork_g","","","","","","","","","","","","","","","","","","","","","","","","","","","","","","","","","","","","","","","","","","","","","","","","","","","","","","","","","","","","","","","","","","","","","","","","",""
"absl::lts_20250814::container_internal::Allocate<(unsigned long)8, std::allocator<unsigned long>>","0.05546","1.780s","0","0s","0.140s","0s","Inlined Function","","31","203","","","","","","0","","","","2.559","","","","2.559","","","","0","","0.358","","0.358","","0","","0","","","","","","","","","","container_memory.h:57","tof_fork_g","","","","","","","","","","","","","","","","","","","","","","","","","","","","","","","","","","","","","","","","","","","","","","","","","","","","","","","","","","","","","","","","","","","","","","","","",""
"std::allocator_traits<std::allocator<absl::lts_20250814::container_internal::AlignedType<(unsigned long)8>>>::allocate","0.05546","1.780s","0","0s","0.140s","0s","Inlined Function","","32","202","","","","","","0","","","","2.559","","","","2.559","","","","0","","0.358","","0.358","","0","","0","","","","","","","","","","alloc_traits.h:613","tof_fork_g","","","","","","","","","","","","","","","","","","","","","","","","","","","","","","","","","","","","","","","","","","","","","","","","","","","","","","","","","","","","","","","","","","","","","","","","",""
"std::__new_allocator<absl::lts_20250814::container_internal::AlignedType<(unsigned long)8>>::allocate","0.05546","1.780s","0.00186943","0.060s","0.140s","0.020s","Inlined Function","","33","201","","","","","0","0","","","17.914","2.559","","","17.914","2.559","","","0","0","0.358","0.358","0.358","0.358","0","0","0","0","","","","","","","","","","new_allocator.h:126","tof_fork_g","","","","","","","","","","","","","","","","","","","","","","","","","","","","","","","","","","","","","","","","","","","","","","","","","","","","","","","","","","","","","","","","","","","","","","","","",""
"operator new","0.051098","1.640s","0.0510983","1.640s","0.140s","0.140s","Function","","34","9","","","","","","","","","","","","","","","","","","","","","","","","","","","","","","","","","","","","","libstdc++.so.6","","","","","","","","","","","","","","","","","","","","","","","","","","","","","","","","","","","","","","","","","","","","","","","","","","","","","","","","","","","","","","","","","","","","","","","","",""
"func@0xa8320","0.00249259","0.080s","0.00249255","0.080s","0.040s","0.040s","Function","","34","11","","","","","","","","","","","","","","","","","","","","","","","","","","","","","","","","","","","","","libstdc++.so.6","","","","","","","","","","","","","","","","","","","","","","","","","","","","","","","","","","","","","","","","","","","","","","","","","","","","","","","","","","","","","","","","","","","","","","","","",""
"absl::lts_20250814::container_internal::btree_node<absl::lts_20250814::container_internal::set_params<unsigned long, std::less<unsigned long>, std::allocator<unsigned long>, (int)256, (bool)0>>::init_leaf","0.00124629","0.040s","0","0s","0.020s","0s","Inlined Function","","30","296","","","","","","0","0","0","","0","0","0","","0","0","0","0","0","0","0","0","0","3.225","3.941","","197.050","","","","","","","","","","btree.h:949","tof_fork_g","","","","","","","","","","","","","","","","","","","","","","","","","","","","","","","","","","","","","","","","","","","","","","","","","","","","","","","","","","","","","","","","","","","","","","","","",""
"absl::lts_20250814::container_internal::btree_node<absl::lts_20250814::container_internal::set_params<unsigned long, std::less<unsigned long>, std::allocator<unsigned long>, (int)256, (bool)0>>::set_position","0.00124629","0.040s","0.00124609","0.040s","0.020s","0.020s","Inlined Function","","31","295","","","","","0","0","0","0","0","0","0","0","0","0","0","0","0","0","0","0","0","0","0.717","0.717","35.827","35.827","","","","","","","","","","btree.h:670","tof_fork_g","","","","","","","","","","","","","","","","","","","","","","","","","","","","","","","","","","","","","","","","","","","","","","","","","","","","","","","","","","","","","","","","","","","","","","","","",""
"absl::lts_20250814::container_internal::btree_node<absl::lts_20250814::container_internal::set_params<unsigned long, std::less<unsigned long>, std::allocator<unsigned long>, (int)256, (bool)0>>::LeafSize","0.000623147","0.020s","0","0s","0.020s","0s","Inlined Function","","30","460","","","","","","0","","","","17.916","","","","17.916","","","","0","","0.358","","0.358","","0","","0","","","","","","","","","","btree.h:637","tof_fork_g","","","","","","","","","","","","","","","","","","","","","","","","","","","","","","","","","","","","","","","","","","","","","","","","","","","","","","","","","","","","","","","","","","","","","","","","",""
"absl::lts_20250814::container_internal::internal_layout::LayoutImpl<std::tuple<absl::lts_20250814::container_internal::btree_node<absl::lts_20250814::container_internal::set_params<unsigned long, std::less<unsigned long>, std::allocator<unsigned long>, (int)256, (bool)0>>*, unsigned int, unsigned char, unsigned long, absl::lts_20250814::container_internal::btree_node<absl::lts_20250814::container_internal::set_params<unsigned long, std::less<unsigned long>, std::allocator<unsigned long>, (int)256, (bool)0>>*>, std::integer_sequence<unsigned long, (unsigned long)1, (unsigned long)0, (unsigned long)4>, std::integer_sequence<unsigned long, (unsigned long)0, (unsigned long)1>, std::integer_sequence<unsigned long, (unsigned long)0, (unsigned long)1, (unsigned long)2, (unsigned long)3, (unsigned long)4>, std::integer_sequence<unsigned long, (unsigned long)0, (unsigned long)1, (unsigned long)2, (unsigned long)3, (unsigned long)4>>::AllocSize","0.000623147","0.020s","0","0s","0.020s","0s","Inlined Function","","31","459","","","","","","0","","","","17.916","","","","17.916","","","","0","","0.358","","0.358","","0","","0","","","","","","","","","","layout.h:608","tof_fork_g","","","","","","","","","","","","","","","","","","","","","","","","","","","","","","","","","","","","","","","","","","","","","","","","","","","","","","","","","","","","","","","","","","","","","","","","",""
"absl::lts_20250814::container_internal::internal_layout::LayoutImpl<std::tuple<absl::lts_20250814::container_internal::btree_node<absl::lts_20250814::container_internal::set_params<unsigned long, std::less<unsigned long>, std::allocator<unsigned long>, (int)256, (bool)0>>*, unsigned int, unsigned char, unsigned long, absl::lts_20250814::container_internal::btree_node<absl::lts_20250814::container_internal::set_params<unsigned long, std::less<unsigned long>, std::allocator<unsigned long>, (int)256, (bool)0>>*>, std::integer_sequence<unsigned long, (unsigned long)1, (unsigned long)0, (unsigned long)4>, std::integer_sequence<unsigned long, (unsigned long)0, (unsigned long)1>, std::integer_sequence<unsigned long, (unsigned long)0, (unsigned long)1, (unsigned long)2, (unsigned long)3, (unsigned long)4>, std::integer_sequence<unsigned long, (unsigned long)0, (unsigned long)1, (unsigned long)2, (unsigned long)3, (unsigned long)4>>::Offset<(unsigned long)4>","0.000623147","0.020s","0","0s","0.020s","0s","Inlined Function","","32","458","","","","","","0","","","","17.916","","","","17.916","","","","0","","0.358","","0.358","","0","","0","","","","","","","","","","layout.h:418","tof_fork_g","","","","","","","","","","","","","","","","","","","","","","","","","","","","","","","","","","","","","","","","","","","","","","","","","","","","","","","","","","","","","","","","","","","","","","","","",""
"absl::lts_20250814::container_internal::internal_layout::adl_barrier::Align","0.000623147","0.020s","0.000623084","0.020s","0.020s","0.020s","Inlined Function","","33","457","","","","","0","0","","","17.916","17.916","","","17.916","17.916","","","0","0","0.358","0.358","0.358","0.358","0","0","0","0","","","","","","","","","","layout.h:294","tof_fork_g","","","","","","","","","","","","","","","","","","","","","","","","","","","","","","","","","","","","","","","","","","","","","","","","","","","","","","","","","","","","","","","","","","","","","","","","",""
"absl::lts_20250814::container_internal::btree<absl::lts_20250814::container_internal::set_params<unsigned long, std::less<unsigned long>, std::allocator<unsigned long>, (int)256, (bool)0>>::internal_emplace<unsigned long const&>(absl::lts_20250814::container_internal::btree_iterator<absl::lts_20250814::container_internal::btree_node<absl::lts_20250814::container_internal::set_params<unsigned long, std::less<unsigned long>, std::allocator<unsigned long>, (int)256, (bool)0>>, unsigned long const&, unsigned long const*>, unsigned long const&&&)::{lambda(absl::lts_20250814::container_internal::btree_node<absl::lts_20250814::container_internal::set_params<unsigned long, std::less<unsigned long>, std::allocator<unsigned long>, (int)256, (bool)0>>*absl::lts_20250814::container_internal::btree_node<absl::lts_20250814::container_internal::set_params<unsigned long, std::less<unsigned long>, std::allocator<unsigned long>, (int)256, (bool)0>>*)#1}::operator()","0.0479823","1.540s","0.000623147","0.020s","0.120s","0.020s","Inlined Function","","29","160","","","","","0","0","0","0","0.002","14.204","< 0.001","0.042","0.002","14.204","< 0.001","0.042","0","0","< 0.001","1.704","< 0.001","1.704","0.719","40.509","35.926","337.581","","Int32; UInt16","256","AVX","","","","","","btree.h:2925","tof_fork_g","","","","","","","","","","","","","","","","","","","","","","","","","","","","","","","","","","","","","","","","","","","","","","","","","","","","","","","","","","","","","","","","","","","","","","","","",""
"__libc_free","0.0342731","1.100s","0.0342734","1.100s","0.100s","0.100s","Function","","30","23","","","","","","","","","","","","","","","","","","","","","","","","","","","","","","","","","","","","","libc.so.6","","","","","","","","","","","","","","","","","","","","","","","","","","","","","","","","","","","","","","","","","","","","","","","","","","","","","","","","","","","","","","","","","","","","","","","","",""
"absl::lts_20250814::container_internal::btree_node<absl::lts_20250814::container_internal::set_params<unsigned long, std::less<unsigned long>, std::allocator<unsigned long>, (int)256, (bool)0>>::clear_and_delete","0.00685461","0.220s","0.00311586","0.100s","0.020s","0.020s","Function","","30","200","","","","","0","0","0","0","17.913","35.826","0.020","0.022","17.913","35.826","0.020","0.022","0","0","0.358","0.717","0.358","0.717","17.556","31.888","877.742","1594.235","","","","","","","","","","btree.h:2026","tof_fork_g","","","","","","","","","","","","","","","","","","","","","","","","","","","","","","","","","","","","","","","","","","","","","","","","","","","","","","","","","","","","","","","","","","","","","","","","",""
"absl::lts_20250814::container_internal::btree_node<absl::lts_20250814::container_internal::set_params<unsigned long, std::less<unsigned long>, std::allocator<unsigned long>, (int)256, (bool)0>>::deallocate","0.00249259","0.080s","0","0s","0.020s","0s","Inlined Function","","31","360","","","","","","0","","0","","0","","0","","0","","0","","0","","0","","0","","14.332","","716.510","","","","","","","","","","btree.h:969","tof_fork_g","","","","","","","","","","","","","","","","","","","","","","","","","","","","","","","","","","","","","","","","","","","","","","","","","","","","","","","","","","","","","","","","","","","","","","","","",""
"absl::lts_20250814::container_internal::Deallocate<(unsigned long)8, std::allocator<unsigned long>>","0.00249259","0.080s","0","0s","0.020s","0s","Inlined Function","","32","359","","","","","","0","","0","","0","","0","","0","","0","","0","","0","","0","","14.332","","716.510","","","","","","","","","","container_memory.h:88","tof_fork_g","","","","","","","","","","","","","","","","","","","","","","","","","","","","","","","","","","","","","","","","","","","","","","","","","","","","","","","","","","","","","","","","","","","","","","","","",""
"std::allocator_traits<std::allocator<absl::lts_20250814::container_internal::AlignedType<(unsigned long)8>>>::deallocate","0.00249259","0.080s","0","0s","0.020s","0s","Inlined Function","","33","358","","","","","","0","","0","","0","","0","","0","","0","","0","","0","","0","","14.332","","716.510","","","","","","","","","","alloc_traits.h:648","tof_fork_g","","","","","","","","","","","","","","","","","","","","","","","","","","","","","","","","","","","","","","","","","","","","","","","","","","","","","","","","","","","","","","","","","","","","","","","","",""
"std::__new_allocator<absl::lts_20250814::container_internal::AlignedType<(unsigned long)8>>::deallocate","0.00249259","0.080s","0.00249251","0.080s","0.020s","0.020s","Inlined Function","","34","357","","","","","0","0","0","0","0","0","0","0","0","0","0","0","0","0","0","0","0","0","14.332","14.332","716.510","716.510","","","","","","","","","","new_allocator.h:156","tof_fork_g","","","","","","","","","","","","","","","","","","","","","","","","","","","","","","","","","","","","","","","","","","","","","","","","","","","","","","","","","","","","","","","","","","","","","","","","",""
"absl::lts_20250814::container_internal::btree_node<absl::lts_20250814::container_internal::set_params<unsigned long, std::less<unsigned long>, std::allocator<unsigned long>, (int)256, (bool)0>>::LeafSize","0.00124629","0.040s","0","0s","0.020s","0s","Inlined Function","","31","283","","","","","","0","","","","17.915","","","","17.915","","","","0","","0.358","","0.358","","0","","0","","","","","","","","","","btree.h:637","tof_fork_g","","","","","","","","","","","","","","","","","","","","","","","","","","","","","","","","","","","","","","","","","","","","","","","","","","","","","","","","","","","","","","","","","","","","","","","","",""
"absl::lts_20250814::container_internal::internal_layout::LayoutImpl<std::tuple<absl::lts_20250814::container_internal::btree_node<absl::lts_20250814::container_internal::set_params<unsigned long, std::less<unsigned long>, std::allocator<unsigned long>, (int)256, (bool)0>>*, unsigned int, unsigned char, unsigned long, absl::lts_20250814::container_internal::btree_node<absl::lts_20250814::container_internal::set_params<unsigned long, std::less<unsigned long>, std::allocator<unsigned long>, (int)256, (bool)0>>*>, std::integer_sequence<unsigned long, (unsigned long)1, (unsigned long)0, (unsigned long)4>, std::integer_sequence<unsigned long, (unsigned long)0, (unsigned long)1>, std::integer_sequence<unsigned long, (unsigned long)0, (unsigned long)1, (unsigned long)2, (unsigned long)3, (unsigned long)4>, std::integer_sequence<unsigned long, (unsigned long)0, (unsigned long)1, (unsigned long)2, (unsigned long)3, (unsigned long)4>>::AllocSize","0.00124629","0.040s","0","0s","0.020s","0s","Inlined Function","","32","282","","","","","","0","","","","17.915","","","","17.915","","","","0","","0.358","","0.358","","0","","0","","","","","","","","","","layout.h:608","tof_fork_g","","","","","","","","","","","","","","","","","","","","","","","","","","","","","","","","","","","","","","","","","","","","","","","","","","","","","","","","","","","","","","","","","","","","","","","","",""
"absl::lts_20250814::container_internal::internal_layout::LayoutImpl<std::tuple<absl::lts_20250814::container_internal::btree_node<absl::lts_20250814::container_internal::set_params<unsigned long, std::less<unsigned long>, std::allocator<unsigned long>, (int)256, (bool)0>>*, unsigned int, unsigned char, unsigned long, absl::lts_20250814::container_internal::btree_node<absl::lts_20250814::container_internal::set_params<unsigned long, std::less<unsigned long>, std::allocator<unsigned long>, (int)256, (bool)0>>*>, std::integer_sequence<unsigned long, (unsigned long)1, (unsigned long)0, (unsigned long)4>, std::integer_sequence<unsigned long, (unsigned long)0, (unsigned long)1>, std::integer_sequence<unsigned long, (unsigned long)0, (unsigned long)1, (unsigned long)2, (unsigned long)3, (unsigned long)4>, std::integer_sequence<unsigned long, (unsigned long)0, (unsigned long)1, (unsigned long)2, (unsigned long)3, (unsigned long)4>>::Offset<(unsigned long)4>","0.00124629","0.040s","0","0s","0.020s","0s","Inlined Function","","33","281","","","","","","0","","","","17.915","","","","17.915","","","","0","","0.358","","0.358","","0","","0","","","","","","","","","","layout.h:418","tof_fork_g","","","","","","","","","","","","","","","","","","","","","","","","","","","","","","","","","","","","","","","","","","","","","","","","","","","","","","","","","","","","","","","","","","","","","","","","",""
"absl::lts_20250814::container_internal::internal_layout::adl_barrier::Align","0.00124629","0.040s","0.00124614","0.040s","0.020s","0.020s","Inlined Function","","34","280","","","","","0","0","","","17.915","17.915","","","17.915","17.915","","","0","0","0.358","0.358","0.358","0.358","0","0","0","0","","","","","","","","","","layout.h:294","tof_fork_g","","","","","","","","","","","","","","","","","","","","","","","","","","","","","","","","","","","","","","","","","","","","","","","","","","","","","","","","","","","","","","","","","","","","","","","","",""
"absl::lts_20250814::container_internal::btree_node<absl::lts_20250814::container_internal::set_params<unsigned long, std::less<unsigned long>, std::allocator<unsigned long>, (int)256, (bool)0>>::transfer_n","0.00311573","0.100s","0","0s","0.020s","0s","Inlined Function","","30","231","","","","","","0","","0","","49.389","","0.125","","49.389","","0.125","","0","","0.988","","0.988","","7.903","","395.114","","Int32; UInt16","256","AVX","","","","","","btree.h:1014","tof_fork_g","","","","","","","","","","","","","","","","","","","","","","","","","","","","","","","","","","","","","","","","","","","","","","","","","","","","","","","","","","","","","","","","","","","","","","","","",""
"[loop in absl::lts_20250814::container_internal::btree_node<absl::lts_20250814::container_internal::set_params<unsigned long, std::less<unsigned long>, std::allocator<unsigned long>, (int)256, (bool)0>>::transfer_n at btree.h:1018]","0.00311573","0.100s","0.00186947","0.060s","0.020s","0.020s","Scalar","0","31","227","","","","","0","0","0","0","49.389","49.389","0.250","0.125","49.389","49.389","0.250","0.125","0","0","0.988","0.988","0.988","0.988","3.951","7.903","197.557","395.114","","","","","","","","","","btree.h:1018","tof_fork_g","","","","","","","","","","","","","","","","","","","","","","","","","","","","","","","","","","","","","","","","","","","","","","","","","","","","","","","","","","","","","","","","","","","","","","","","",""
"absl::lts_20250814::container_internal::btree_node<absl::lts_20250814::container_internal::set_params<unsigned long, std::less<unsigned long>, std::allocator<unsigned long>, (int)256, (bool)0>>::transfer","0.00124629","0.040s","0","0s","0.020s","0s","Inlined Function","","32","230","","","","","","0","","0","","0","","0","","0","","0","","0","","0","","0","","3.951","","197.577","","Int32; UInt16","256","AVX","","","","","","btree.h:999","tof_fork_g","","","","","","","","","","","","","","","","","","","","","","","","","","","","","","","","","","","","","","","","","","","","","","","","","","","","","","","","","","","","","","","","","","","","","","","","",""
"absl::lts_20250814::container_internal::common_policy_traits<absl::lts_20250814::container_internal::set_slot_policy<unsigned long>, void>::transfer<std::allocator<unsigned long>>","0.00124629","0.040s","0","0s","0.020s","0s","Inlined Function","","33","229","","","","","","0","","0","","0","","0","","0","","0","","0","","0","","0","","3.951","","197.577","","Int32; UInt16","256","AVX","","","","","","common_policy_traits.h:75","tof_fork_g","","","","","","","","","","","","","","","","","","","","","","","","","","","","","","","","","","","","","","","","","","","","","","","","","","","","","","","","","","","","","","","","","","","","","","","","",""
"absl::lts_20250814::container_internal::common_policy_traits<absl::lts_20250814::container_internal::set_slot_policy<unsigned long>, void>::transfer_impl<std::allocator<unsigned long>, void>","0.00124629","0.040s","0","0s","0.020s","0s","Inlined Function","","34","228","","","","","","0","","0","","0","","0","","0","","0","","0","","0","","0","","3.951","","197.577","","Int32; UInt16","256","AVX","","","","","","common_policy_traits.h:128","tof_fork_g","","","","","","","","","","","","","","","","","","","","","","","","","","","","","","","","","","","","","","","","","","","","","","","","","","","","","","","","","","","","","","","","","","","","","","","","",""
"memcpy","0.00124629","0.040s","0.00124614","0.040s","0.020s","0.020s","Inlined Function","","35","226","","","","","0","0","0","0","0","0","0","0","0","0","0","0","0","0","0","0","0","0","3.951","3.951","197.577","197.577","","Int32; UInt16","256","AVX","","","","","","string_fortified.h:26","tof_fork_g","","","","","","","","","","","","","","","","","","","","","","","","","","","","","","","","","","","","","","","","","","","","","","","","","","","","","","","","","","","","","","","","","","","","","","","","",""
"operator delete","0.00186944","0.060s","0.00186943","0.060s","0.020s","0.020s","Function","","30","12","","","","","","","","","","","","","","","","","","","","","","","","","","","","","","","","","","","","","libstdc++.so.6","","","","","","","","","","","","","","","","","","","","","","","","","","","","","","","","","","","","","","","","","","","","","","","","","","","","","","","","","","","","","","","","","","","","","","","","",""
"func@0xa8540","0.000623147","0.020s","0.000623156","0.020s","0.020s","0.020s","Function","","30","15","","","","","","","","","","","","","","","","","","","","","","","","","","","","","","","","","","","","","libstdc++.so.6","","","","","","","","","","","","","","","","","","","","","","","","","","","","","","","","","","","","","","","","","","","","","","","","","","","","","","","","","","","","","","","","","","","","","","","","",""
"func@0x7b21e0","0.000623147","0.020s","0.000623125","0.020s","0.020s","0.020s","Function","","30","259","","","","","","","","","","","","","","","","","","","","","","","","","","","","","","","","","","","","","tof_fork_g","","","","","","","","","","","","","","","","","","","","","","","","","","","","","","","","","","","","","","","","","","","","","","","","","","","","","","","","","","","","","","","","","","","","","","","","",""
"absl::lts_20250814::container_internal::btree_node<absl::lts_20250814::container_internal::set_params<unsigned long, std::less<unsigned long>, std::allocator<unsigned long>, (int)256, (bool)0>>::emplace_value<unsigned long const&>","0.016825","0.540s","0.008101","0.260s","0.060s","0.040s","Inlined Function","","28","199","","","","","0","0","0","0","41.220","55.330","0.899","0.140","41.220","55.330","0.899","0.140","0","0","1.649","3.320","1.649","3.320","1.833","23.676","45.832","394.580","","","","","","","","","","btree.h:1823","tof_fork_g","","","","","","","","","","","","","","","","","","","","","","","","","","","","","","","","","","","","","","","","","","","","","","","","","","","","","","","","","","","","","","","","","","","","","","","","",""
"absl::lts_20250814::container_internal::btree_node<absl::lts_20250814::container_internal::set_params<unsigned long, std::less<unsigned long>, std::allocator<unsigned long>, (int)256, (bool)0>>::transfer_n_backward","0.00373888","0.120s","0.00124627","0.040s","0.040s","0.020s","Inlined Function","","29","286","","","","","0","0","","0","11.458","21.169","","0.171","11.458","21.169","","0.171","0","0","0.229","0.847","0.229","0.847","0","4.941","0","123.525","","","","","","","","","","btree.h:1027","tof_fork_g","","","","","","","","","","","","","","","","","","","","","","","","","","","","","","","","","","","","","","","","","","","","","","","","","","","","","","","","","","","","","","","","","","","","","","","","",""
"[loop in absl::lts_20250814::container_internal::btree_node<absl::lts_20250814::container_internal::set_params<unsigned long, std::less<unsigned long>, std::allocator<unsigned long>, (int)256, (bool)0>>::transfer_n_backward at btree.h:1031]","0.00249259","0.080s","0","0s","0.020s","0s","Scalar","0","30","285","","","","","","0","","0","","30.880","","0.125","","30.880","","0.125","0","0","0.618","0.618","0.618","0.618","0","4.941","","247.041","","","","","","","","","","btree.h:1031","tof_fork_g","","","","","","","","","","","","","","","","","","","","","","","","","","","","","","","","","","","","","","","","","","","","","","","","","","","","","","","","","","","","","","","","","","","","","","","","",""
"absl::lts_20250814::container_internal::btree_node<absl::lts_20250814::container_internal::set_params<unsigned long, std::less<unsigned long>, std::allocator<unsigned long>, (int)256, (bool)0>>::transfer","0.00249259","0.080s","0","0s","0.020s","0s","Inlined Function","","31","302","","","","","","0","","0","","0","","0","","0","","0","","0","","0","","0","","4.941","","247.041","","","","","","","","","","btree.h:999","tof_fork_g","","","","","","","","","","","","","","","","","","","","","","","","","","","","","","","","","","","","","","","","","","","","","","","","","","","","","","","","","","","","","","","","","","","","","","","","",""
"absl::lts_20250814::container_internal::common_policy_traits<absl::lts_20250814::container_internal::set_slot_policy<unsigned long>, void>::transfer<std::allocator<unsigned long>>","0.00249259","0.080s","0","0s","0.020s","0s","Inlined Function","","32","301","","","","","","0","","0","","0","","0","","0","","0","","0","","0","","0","","4.941","","247.041","","","","","","","","","","common_policy_traits.h:75","tof_fork_g","","","","","","","","","","","","","","","","","","","","","","","","","","","","","","","","","","","","","","","","","","","","","","","","","","","","","","","","","","","","","","","","","","","","","","","","",""
"absl::lts_20250814::container_internal::common_policy_traits<absl::lts_20250814::container_internal::set_slot_policy<unsigned long>, void>::transfer_impl<std::allocator<unsigned long>, void>","0.00249259","0.080s","0","0s","0.020s","0s","Inlined Function","","33","300","","","","","","0","","0","","0","","0","","0","","0","","0","","0","","0","","4.941","","247.041","","","","","","","","","","common_policy_traits.h:128","tof_fork_g","","","","","","","","","","","","","","","","","","","","","","","","","","","","","","","","","","","","","","","","","","","","","","","","","","","","","","","","","","","","","","","","","","","","","","","","",""
"memcpy","0.00249259","0.080s","0.00249256","0.080s","0.020s","0.020s","Inlined Function","","34","299","","","","","0","0","0","0","0","0","0","0","0","0","0","0","0","0","0","0","0","0","4.941","4.941","247.041","247.041","","","","","","","","","","string_fortified.h:26","tof_fork_g","","","","","","","","","","","","","","","","","","","","","","","","","","","","","","","","","","","","","","","","","","","","","","","","","","","","","","","","","","","","","","","","","","","","","","","","",""
"absl::lts_20250814::container_internal::btree_node<absl::lts_20250814::container_internal::set_params<unsigned long, std::less<unsigned long>, std::allocator<unsigned long>, (int)256, (bool)0>>::value_init<unsigned long const&>","0.00186944","0.060s","0","0s","0.040s","0s","Inlined Function","","29","401","","","","","","0","","0","","0","","0","","0","","0","","0","","0","","0","","13.190","","329.792","","","","","","","","","","btree.h:980","tof_fork_g","","","","","","","","","","","","","","","","","","","","","","","","","","","","","","","","","","","","","","","","","","","","","","","","","","","","","","","","","","","","","","","","","","","","","","","","",""
"absl::lts_20250814::container_internal::common_policy_traits<absl::lts_20250814::container_internal::set_slot_policy<unsigned long>, void>::construct<std::allocator<unsigned long>, unsigned long const&>","0.00186944","0.060s","0","0s","0.040s","0s","Inlined Function","","30","400","","","","","","0","","0","","0","","0","","0","","0","","0","","0","","0","","13.190","","329.792","","","","","","","","","","common_policy_traits.h:51","tof_fork_g","","","","","","","","","","","","","","","","","","","","","","","","","","","","","","","","","","","","","","","","","","","","","","","","","","","","","","","","","","","","","","","","","","","","","","","","",""
"absl::lts_20250814::container_internal::set_slot_policy<unsigned long>::construct<std::allocator<unsigned long>, unsigned long const&>","0.00186944","0.060s","0","0s","0.040s","0s","Inlined Function","","31","399","","","","","","0","","0","","0","","0","","0","","0","","0","","0","","0","","13.190","","329.792","","","","","","","","","","btree_set.h:783","tof_fork_g","","","","","","","","","","","","","","","","","","","","","","","","","","","","","","","","","","","","","","","","","","","","","","","","","","","","","","","","","","","","","","","","","","","","","","","","",""
"std::allocator_traits<std::allocator<unsigned long>>::construct<unsigned long, unsigned long const&>","0.00186944","0.060s","0","0s","0.040s","0s","Inlined Function","","32","398","","","","","","0","","0","","0","","0","","0","","0","","0","","0","","0","","13.190","","329.792","","","","","","","","","","alloc_traits.h:665","tof_fork_g","","","","","","","","","","","","","","","","","","","","","","","","","","","","","","","","","","","","","","","","","","","","","","","","","","","","","","","","","","","","","","","","","","","","","","","","",""
"std::__new_allocator<unsigned long>::construct<unsigned long, unsigned long const&>","0.00186944","0.060s","0.00186925","0.060s","0.040s","0.040s","Inlined Function","","33","397","","","","","0","0","0","0","0","0","0","0","0","0","0","0","0","0","0","0","0","0","13.190","13.190","329.792","329.792","","","","","","","","","","new_allocator.h:189","tof_fork_g","","","","","","","","","","","","","","","","","","","","","","","","","","","","","","","","","","","","","","","","","","","","","","","","","","","","","","","","","","","","","","","","","","","","","","","","",""
"absl::lts_20250814::container_internal::btree_node<absl::lts_20250814::container_internal::set_params<unsigned long, std::less<unsigned long>, std::allocator<unsigned long>, (int)256, (bool)0>>::finish","0.00124629","0.040s","0.00124626","0.040s","0.020s","0.020s","Inlined Function","","29","223","","","","","0","0","0","0","0","0","0","0","0","0","0","0","0","0","0","0","0","0","2.062","2.062","103.121","103.121","","","","","","","","","","btree.h:695","tof_fork_g","","","","","","","","","","","","","","","","","","","","","","","","","","","","","","","","","","","","","","","","","","","","","","","","","","","","","","","","","","","","","","","","","","","","","","","","",""
"absl::lts_20250814::container_internal::btree_node<absl::lts_20250814::container_internal::set_params<unsigned long, std::less<unsigned long>, std::allocator<unsigned long>, (int)256, (bool)0>>::finish","0.00124629","0.040s","0.00124625","0.040s","0.020s","0.020s","Inlined Function","","29","362","","","","","0","0","0","0","0","0","0","0","0","0","0","0","0","0","0","0","0","0","0.824","0.824","41.219","41.219","","","","","","","","","","btree.h:695","tof_fork_g","","","","","","","","","","","","","","","","","","","","","","","","","","","","","","","","","","","","","","","","","","","","","","","","","","","","","","","","","","","","","","","","","","","","","","","","",""
"absl::lts_20250814::container_internal::btree_node<absl::lts_20250814::container_internal::set_params<unsigned long, std::less<unsigned long>, std::allocator<unsigned long>, (int)256, (bool)0>>::is_internal","0.000623147","0.020s","0","0s","0.020s","0s","Inlined Function","","29","353","","","","","","0","","0","","41.220","","1.000","","41.220","","1.000","","0","","0.824","","0.824","","0.824","","41.220","","","","","","","","","","btree.h:682","tof_fork_g","","","","","","","","","","","","","","","","","","","","","","","","","","","","","","","","","","","","","","","","","","","","","","","","","","","","","","","","","","","","","","","","","","","","","","","","",""
"absl::lts_20250814::container_internal::btree_node<absl::lts_20250814::container_internal::set_params<unsigned long, std::less<unsigned long>, std::allocator<unsigned long>, (int)256, (bool)0>>::is_leaf","0.000623147","0.020s","0.000623143","0.020s","0.020s","0.020s","Inlined Function","","30","352","","","","","0","0","0","0","41.220","41.220","1.000","1.000","41.220","41.220","1.000","1.000","0","0","0.824","0.824","0.824","0.824","0.824","0.824","41.220","41.220","","","","","","","","","","btree.h:679","tof_fork_g","","","","","","","","","","","","","","","","","","","","","","","","","","","","","","","","","","","","","","","","","","","","","","","","","","","","","","","","","","","","","","","","","","","","","","","","",""
"[loop in absl::lts_20250814::container_internal::btree<absl::lts_20250814::container_internal::set_params<unsigned long, std::less<unsigned long>, std::allocator<unsigned long>, (int)256, (bool)0>>::insert_unique<unsigned long, unsigned long const&> at btree.h:2379]","0.0249259","0.800s","0.00747726","0.240s","0.080s","0.040s","Scalar","1","27","217","","","","","0","0","","0","92.399","62.786","","0.262","92.399","62.786","","0.262","0","0","3.696","5.023","3.696","5.023","0","19.151","0","239.383","Mask Manipulations; Unpacks","","","","","","","","","btree.h:2379","tof_fork_g","","","","","","","","","","","","","","","","","","","","","","","","","","","","","","","","","","","","","","","","","","","","","","","","","","","","","","","","","","","","","","","","","","","","","","","","",""
"absl::lts_20250814::container_internal::btree<absl::lts_20250814::container_internal::set_params<unsigned long, std::less<unsigned long>, std::allocator<unsigned long>, (int)256, (bool)0>>::internal_locate<unsigned long>","0.0174481","0.560s","0","0s","0.080s","0s","Inlined Function","","28","220","","","","","","0","0","0","","16.590","0","0.069","","16.590","0","0.069","0","0","0","1.327","0","1.327","6.596","19.151","","239.383","","","256","AVX512F_256","","","","","","btree.h:2993","tof_fork_g","","","","","","","","","","","","","","","","","","","","","","","","","","","","","","","","","","","","","","","","","","","","","","","","","","","","","","","","","","","","","","","","","","","","","","","","",""
"[loop in absl::lts_20250814::container_internal::btree<absl::lts_20250814::container_internal::set_params<unsigned long, std::less<unsigned long>, std::allocator<unsigned long>, (int)256, (bool)0>>::internal_locate<unsigned long> at btree.h:2993]","0.0081009","0.260s","0","0s","0.060s","0s","Scalar","0","29","258","","","","","","0","","0","","0.814","","0.059","","0.814","","0.059","","0","","0.049","","0.049","","0.825","","13.742","","","","","","","","","","btree.h:2993","tof_fork_g","","","","","","","","","","","","","","","","","","","","","","","","","","","","","","","","","","","","","","","","","","","","","","","","","","","","","","","","","","","","","","","","","","","","","","","","",""
"absl::lts_20250814::container_internal::btree_node<absl::lts_20250814::container_internal::set_params<unsigned long, std::less<unsigned long>, std::allocator<unsigned long>, (int)256, (bool)0>>::is_leaf","0.0081009","0.260s","0.00810084","0.260s","0.060s","0.060s","Inlined Function","","30","257","","","","","0","0","0","0","0.814","0.814","0.059","0.059","0.814","0.814","0.059","0.059","0","0","0.049","0.049","0.049","0.049","0.825","0.825","13.742","13.742","","","","","","","","","","btree.h:679","tof_fork_g","","","","","","","","","","","","","","","","","","","","","","","","","","","","","","","","","","","","","","","","","","","","","","","","","","","","","","","","","","","","","","","","","","","","","","","","",""
"absl::lts_20250814::container_internal::btree_node<absl::lts_20250814::container_internal::set_params<unsigned long, std::less<unsigned long>, std::allocator<unsigned long>, (int)256, (bool)0>>::lower_bound<unsigned long>","0.00560832","0.180s","0","0s","0.020s","0s","Inlined Function","","29","219","","","","","","0","","0","","63.919","","0.109","","63.919","","0.109","","0","","1.278","","1.278","","11.730","","586.503","","","256","AVX512F_256","","","","","","btree.h:776","tof_fork_g","","","","","","","","","","","","","","","","","","","","","","","","","","","","","","","","","","","","","","","","","","","","","","","","","","","","","","","","","","","","","","","","","","","","","","","","",""
"absl::lts_20250814::container_internal::btree_node<absl::lts_20250814::container_internal::set_params<unsigned long, std::less<unsigned long>, std::allocator<unsigned long>, (int)256, (bool)0>>::linear_search<unsigned long, absl::lts_20250814::container_internal::key_compare_adapter<std::less<unsigned long>, unsigned long>::checked_compare>","0.00560832","0.180s","0","0s","0.020s","0s","Inlined Function","","30","218","","","","","","0","0","0","","63.919","0","0.109","","63.919","0","0.109","0","0","0","1.278","0","1.278","0.825","11.730","","586.503","","","256","AVX512F_256","","","","","","btree.h:791","tof_fork_g","","","","","","","","","","","","","","","","","","","","","","","","","","","","","","","","","","","","","","","","","","","","","","","","","","","","","","","","","","","","","","","","","","","","","","","","",""
"absl::lts_20250814::container_internal::btree_node<absl::lts_20250814::container_internal::set_params<unsigned long, std::less<unsigned long>, std::allocator<unsigned long>, (int)256, (bool)0>>::linear_search_impl<unsigned long, absl::lts_20250814::container_internal::key_compare_adapter<std::less<unsigned long>, unsigned long>::checked_compare>","0.00373888","0.120s","0.00124631","0.040s","0.020s","0.020s","Inlined Function","","31","216","","","","","0","0","","","30.570","36.986","","","30.570","36.986","","","0","0","0.611","0.740","0.611","0.740","0","0","0","0","","","256","AVX512F_256","","","","","","btree.h:806","tof_fork_g","","","","","","","","","","","","","","","","","","","","","","","","","","","","","","","","","","","","","","","","","","","","","","","","","","","","","","","","","","","","","","","","","","","","","","","","",""
"[loop in absl::lts_20250814::container_internal::btree_node<absl::lts_20250814::container_internal::set_params<unsigned long, std::less<unsigned long>, std::allocator<unsigned long>, (int)256, (bool)0>>::linear_search_impl<unsigned long, absl::lts_20250814::container_internal::key_compare_adapter<std::less<unsigned long>, unsigned long>::checked_compare> at btree.h:809]","0.00249259","0.080s","0.00186938","0.060s","0.020s","0.020s","Scalar","0","32","382","","","","","0","0","","","6.416","6.416","","","6.416","6.416","","","0","0","0.128","0.128","0.128","0.128","0","0","0","0","","","","","","","","","","btree.h:809","tof_fork_g","","","","","","","","","","","","","","","","","","","","","","","","","","","","","","","","","","","","","","","","","","","","","","","","","","","","","","","","","","","","","","","","","","","","","","","","",""
"absl::lts_20250814::container_internal::key_compare_adapter<std::less<unsigned long>, unsigned long>::checked_compare::operator()<unsigned long, unsigned long, (int)0>","0.000623147","0.020s","0","0s","0.020s","0s","Inlined Function","","33","322","","","","","","","","","","","","","","","","","","","","","","","","","","","","","256","AVX512F_256","","","","","","btree.h:237","tof_fork_g","","","","","","","","","","","","","","","","","","","","","","","","","","","","","","","","","","","","","","","","","","","","","","","","","","","","","","","","","","","","","","","","","","","","","","","","",""
"std::less<unsigned long>::operator()","0.000623147","0.020s","0.000623025","0.020s","0.020s","0.020s","Inlined Function","","34","321","","","","","","","","","","","","","","","","","","","","","","","","","","","","","256","AVX512F_256","","","","","","stl_function.h:407","tof_fork_g","","","","","","","","","","","","","","","","","","","","","","","","","","","","","","","","","","","","","","","","","","","","","","","","","","","","","","","","","","","","","","","","","","","","","","","","",""
"absl::lts_20250814::container_internal::key_compare_adapter<std::less<unsigned long>, unsigned long>::checked_compare::operator()<unsigned long, unsigned long, (int)0>","0.00186944","0.060s","0","0s","0.020s","0s","Inlined Function","","31","322","","","","","","0","","0","","26.934","","0.049","","26.934","","0.049","","0","","0.539","","0.539","","10.906","","545.277","","","256","AVX512F_256","","","","","","btree.h:237","tof_fork_g","","","","","","","","","","","","","","","","","","","","","","","","","","","","","","","","","","","","","","","","","","","","","","","","","","","","","","","","","","","","","","","","","","","","","","","","",""
"std::less<unsigned long>::operator()","0.00186944","0.060s","0.00186942","0.060s","0.020s","0.020s","Inlined Function","","32","321","","","","","0","0","0","0","26.934","26.934","0.049","0.049","26.934","26.934","0.049","0.049","0","0","0.539","0.539","0.539","0.539","10.906","10.906","545.277","545.277","","","256","AVX512F_256","","","","","","stl_function.h:407","tof_fork_g","","","","","","","","","","","","","","","","","","","","","","","","","","","","","","","","","","","","","","","","","","","","","","","","","","","","","","","","","","","","","","","","","","","","","","","","",""
"absl::lts_20250814::container_internal::btree_node<absl::lts_20250814::container_internal::set_params<unsigned long, std::less<unsigned long>, std::allocator<unsigned long>, (int)256, (bool)0>>::is_leaf","0.00186944","0.060s","0.00186955","0.060s","0.020s","0.020s","Inlined Function","","29","257","","","","","","","","","","","","","","","","","","","","","","","","","","","","","","","","","","","","btree.h:679","tof_fork_g","","","","","","","","","","","","","","","","","","","","","","","","","","","","","","","","","","","","","","","","","","","","","","","","","","","","","","","","","","","","","","","","","","","","","","","","",""
"absl::lts_20250814::container_internal::btree_node<absl::lts_20250814::container_internal::set_params<unsigned long, std::less<unsigned long>, std::allocator<unsigned long>, (int)256, (bool)0>>::linear_search<unsigned long, absl::lts_20250814::container_internal::key_compare_adapter<std::less<unsigned long>, unsigned long>::checked_compare>","0.00186944","0.060s","0","0s","0.020s","0s","Inlined Function","","29","218","","","","","","","","","","","","","","","","","","","","","","","","","","","","","256","AVX512F_256","","","","","","btree.h:791","tof_fork_g","","","","","","","","","","","","","","","","","","","","","","","","","","","","","","","","","","","","","","","","","","","","","","","","","","","","","","","","","","","","","","","","","","","","","","","","",""
"absl::lts_20250814::container_internal::btree_node<absl::lts_20250814::container_internal::set_params<unsigned long, std::less<unsigned long>, std::allocator<unsigned long>, (int)256, (bool)0>>::finish","0.00186944","0.060s","0.00186923","0.060s","0.020s","0.020s","Inlined Function","","30","268","","","","","","","","","","","","","","","","","","","","","","","","","","","","","","","","","","","","btree.h:695","tof_fork_g","","","","","","","","","","","","","","","","","","","","","","","","","","","","","","","","","","","","","","","","","","","","","","","","","","","","","","","","","","","","","","","","","","","","","","","","",""
"absl::lts_20250814::container_internal::btree<absl::lts_20250814::container_internal::set_params<unsigned long, std::less<unsigned long>, std::allocator<unsigned long>, (int)256, (bool)0>>::new_leaf_root_node","0.0224333","0.720s","0","0s","0.080s","0s","Inlined Function","","27","212","","","","","","0","0","0","","0","0","0","","0","0","0","0","0","0","0","0","0","5.124","5.124","","64.050","","","","","","","","","","btree.h:1720","tof_fork_g","","","","","","","","","","","","","","","","","","","","","","","","","","","","","","","","","","","","","","","","","","","","","","","","","","","","","","","","","","","","","","","","","","","","","","","","",""
"absl::lts_20250814::container_internal::btree<absl::lts_20250814::container_internal::set_params<unsigned long, std::less<unsigned long>, std::allocator<unsigned long>, (int)256, (bool)0>>::allocate","0.0224333","0.720s","0","0s","0.080s","0s","Inlined Function","","28","211","","","","","","","","","","","","","","","","","","","","","","","","","","","","","","","","","","","","btree.h:1703","tof_fork_g","","","","","","","","","","","","","","","","","","","","","","","","","","","","","","","","","","","","","","","","","","","","","","","","","","","","","","","","","","","","","","","","","","","","","","","","",""
"absl::lts_20250814::container_internal::Allocate<(unsigned long)8, std::allocator<unsigned long>>","0.0224333","0.720s","0","0s","0.080s","0s","Inlined Function","","29","210","","","","","","","","","","","","","","","","","","","","","","","","","","","","","","","","","","","","container_memory.h:57","tof_fork_g","","","","","","","","","","","","","","","","","","","","","","","","","","","","","","","","","","","","","","","","","","","","","","","","","","","","","","","","","","","","","","","","","","","","","","","","",""
"std::allocator_traits<std::allocator<absl::lts_20250814::container_internal::AlignedType<(unsigned long)8>>>::allocate","0.0224333","0.720s","0","0s","0.080s","0s","Inlined Function","","30","209","","","","","","","","","","","","","","","","","","","","","","","","","","","","","","","","","","","","alloc_traits.h:613","tof_fork_g","","","","","","","","","","","","","","","","","","","","","","","","","","","","","","","","","","","","","","","","","","","","","","","","","","","","","","","","","","","","","","","","","","","","","","","","",""
"std::__new_allocator<absl::lts_20250814::container_internal::AlignedType<(unsigned long)8>>::allocate","0.0224333","0.720s","0","0s","0.080s","0s","Inlined Function","","31","208","","","","","","","","","","","","","","","","","","","","","","","","","","","","","","","","","","","","new_allocator.h:126","tof_fork_g","","","","","","","","","","","","","","","","","","","","","","","","","","","","","","","","","","","","","","","","","","","","","","","","","","","","","","","","","","","","","","","","","","","","","","","","",""
"operator new","0.0193175","0.620s","0.0193172","0.620s","0.080s","0.080s","Function","","32","9","","","","","","","","","","","","","","","","","","","","","","","","","","","","","","","","","","","","","libstdc++.so.6","","","","","","","","","","","","","","","","","","","","","","","","","","","","","","","","","","","","","","","","","","","","","","","","","","","","","","","","","","","","","","","","","","","","","","","","",""
"func@0xa8320","0.00311573","0.100s","0.00311563","0.100s","0.020s","0.020s","Function","","32","11","","","","","","","","","","","","","","","","","","","","","","","","","","","","","","","","","","","","","libstdc++.so.6","","","","","","","","","","","","","","","","","","","","","","","","","","","","","","","","","","","","","","","","","","","","","","","","","","","","","","","","","","","","","","","","","","","","","","","","",""
"absl::lts_20250814::container_internal::btree<absl::lts_20250814::container_internal::set_params<unsigned long, std::less<unsigned long>, std::allocator<unsigned long>, (int)256, (bool)0>>::internal_last<absl::lts_20250814::container_internal::btree_iterator<absl::lts_20250814::container_internal::btree_node<absl::lts_20250814::container_internal::set_params<unsigned long, std::less<unsigned long>, std::allocator<unsigned long>, (int)256, (bool)0>>, unsigned long const&, unsigned long const*>>","0.0149555","0.480s","0.00872343","0.280s","0.060s","0.040s","Inlined Function","","27","249","","","","","0","0","","0","128.421","95.538","","1.070","128.421","95.538","","1.070","0","0","5.137","5.732","5.137","5.732","0","5.357","0","89.289","","","","","","","","","","btree.h:2898","tof_fork_g","","","","","","","","","","","","","","","","","","","","","","","","","","","","","","","","","","","","","","","","","","","","","","","","","","","","","","","","","","","","","","","","","","","","","","","","",""
"[loop in absl::lts_20250814::container_internal::btree<absl::lts_20250814::container_internal::set_params<unsigned long, std::less<unsigned long>, std::allocator<unsigned long>, (int)256, (bool)0>>::internal_last<absl::lts_20250814::container_internal::btree_iterator<absl::lts_20250814::container_internal::btree_node<absl::lts_20250814::container_internal::set_params<unsigned long, std::less<unsigned long>, std::allocator<unsigned long>, (int)256, (bool)0>>, unsigned long const&, unsigned long const*>> at btree.h:2900]","0.00436203","0.140s","0.00311583","0.100s","0.020s","0.020s","Scalar","0","28","248","","","","","","0","","0","","29.755","","0.111","","29.755","","0.111","","0","","0.595","","0.595","","5.357","","267.799","","","","","","","","","","btree.h:2900","tof_fork_g","","","","","","","","","","","","","","","","","","","","","","","","","","","","","","","","","","","","","","","","","","","","","","","","","","","","","","","","","","","","","","","","","","","","","","","","",""
"absl::lts_20250814::container_internal::btree_node<absl::lts_20250814::container_internal::set_params<unsigned long, std::less<unsigned long>, std::allocator<unsigned long>, (int)256, (bool)0>>::is_leaf","0.000623147","0.020s","0.000623193","0.020s","0.020s","0.020s","Inlined Function","","29","319","","","","","0","0","0","0","29.759","29.759","1.000","1.000","29.759","29.759","1.000","1.000","0","0","0.595","0.595","0.595","0.595","0.595","0.595","29.759","29.759","","","","","","","","","","btree.h:679","tof_fork_g","","","","","","","","","","","","","","","","","","","","","","","","","","","","","","","","","","","","","","","","","","","","","","","","","","","","","","","","","","","","","","","","","","","","","","","","",""
"absl::lts_20250814::container_internal::btree_node<absl::lts_20250814::container_internal::set_params<unsigned long, std::less<unsigned long>, std::allocator<unsigned long>, (int)256, (bool)0>>::parent","0.000623147","0.020s","0.000623056","0.020s","0.020s","0.020s","Inlined Function","","29","405","","","","","0","0","0","0","0","0","0","0","0","0","0","0","0","0","0","0","0","0","4.762","4.762","238.128","238.128","","","","","","","","","","btree.h:714","tof_fork_g","","","","","","","","","","","","","","","","","","","","","","","","","","","","","","","","","","","","","","","","","","","","","","","","","","","","","","","","","","","","","","","","","","","","","","","","",""
"absl::lts_20250814::container_internal::btree_node<absl::lts_20250814::container_internal::set_params<unsigned long, std::less<unsigned long>, std::allocator<unsigned long>, (int)256, (bool)0>>::parent","0.00186944","0.060s","0.00186949","0.060s","0.020s","0.020s","Inlined Function","","28","405","","","","","","","","","","","","","","","","","","","","","","","","","","","","","","","","","","","","btree.h:714","tof_fork_g","","","","","","","","","","","","","","","","","","","","","","","","","","","","","","","","","","","","","","","","","","","","","","","","","","","","","","","","","","","","","","","","","","","","","","","","",""
"absl::lts_20250814::container_internal::btree<absl::lts_20250814::container_internal::set_params<unsigned long, std::less<unsigned long>, std::allocator<unsigned long>, (int)256, (bool)0>>::internal_locate<unsigned long>","0.00436203","0.140s","0.00436215","0.140s","0.040s","0.040s","Inlined Function","","27","220","","","","","","","","","","","","","","","","","","","","","","","","","","","","","256","AVX512F_256","","","","","","btree.h:2993","tof_fork_g","","","","","","","","","","","","","","","","","","","","","","","","","","","","","","","","","","","","","","","","","","","","","","","","","","","","","","","","","","","","","","","","","","","","","","","","",""
"std::mersenne_twister_engine<unsigned long, (unsigned long)32, (unsigned long)624, (unsigned long)397, (unsigned long)31, (unsigned long)2567483615, (unsigned long)11, (unsigned long)4294967295, (unsigned long)7, (unsigned long)2636928640, (unsigned long)15, (unsigned long)4022730752, (unsigned long)18, (unsigned long)1812433253>::operator()","0.0828785","2.660s","0.0704143","2.260s","0.180s","0.160s","Function","","25","177","","","","","0","0","0","0","123.642","131.030","0.500","0.255","123.642","131.030","0.500","0.255","0","0","19.783","23.585","19.783","23.585","39.550","92.595","247.186","514.414","Shifts","UInt16; ","256","AVX; AVX2; AVX512F_256","","","","","","random.tcc:455","tof_fork_g","","","","","","","","","","","","","","","","","","","","","","","","","","","","","","","","","","","","","","","","","","","","","","","","","","","","","","","","","","","","","","","","","","","","","","","","",""
"std::mersenne_twister_engine<unsigned long, (unsigned long)32, (unsigned long)624, (unsigned long)397, (unsigned long)31, (unsigned long)2567483615, (unsigned long)11, (unsigned long)4294967295, (unsigned long)7, (unsigned long)2636928640, (unsigned long)15, (unsigned long)4022730752, (unsigned long)18, (unsigned long)1812433253>::_M_gen_rand","0.0124629","0.400s","0","0s","0.040s","0s","Inlined Function","","26","176","","","","","","0","0","0","","95.057","0.069","0.072","","95.057","0.069","0.072","0","0","0.045","3.803","0.045","3.803","0.655","53.045","","1326.049","Shifts","UInt16; ","256","AVX; AVX2; AVX512F_256","","","","","","random.tcc:399","tof_fork_g","","","","","","","","","","","","","","","","","","","","","","","","","","","","","","","","","","","","","","","","","","","","","","","","","","","","","","","","","","","","","","","","","","","","","","","","",""
"[loop in std::mersenne_twister_engine<unsigned long, (unsigned long)32, (unsigned long)624, (unsigned long)397, (unsigned long)31, (unsigned long)2567483615, (unsigned long)11, (unsigned long)4294967295, (unsigned long)7, (unsigned long)2636928640, (unsigned long)15, (unsigned long)4022730752, (unsigned long)18, (unsigned long)1812433253>::_M_gen_rand at random.tcc:412]","0.00685461","0.220s","0.00685439","0.220s","0.040s","0.040s","Vectorized (Body)","0","27","175","","AVX512","16","","0","0","0","0","58.822","58.822","0.070","0.070","58.822","58.822","0.070","0.070","0","0","2.353","2.353","2.353","2.353","33.462","33.462","836.577","836.577","Shifts","UInt16; ","256","AVX; AVX2; AVX512F_256","","","","","","random.tcc:412","tof_fork_g","","","","","","","","","","","","","","","","","","","","","","","","","","","","","","","","","","","","","","","","","","","","","","","","","","","","","","","","","","","","","","","","","","","","","","","","",""
"[loop in std::mersenne_twister_engine<unsigned long, (unsigned long)32, (unsigned long)624, (unsigned long)397, (unsigned long)31, (unsigned long)2567483615, (unsigned long)11, (unsigned long)4294967295, (unsigned long)7, (unsigned long)2636928640, (unsigned long)15, (unsigned long)4022730752, (unsigned long)18, (unsigned long)1812433253>::_M_gen_rand at random.tcc:404]","0.00560832","0.180s","0.00560844","0.180s","0.040s","0.040s","Vectorized (Body)","0","27","256","","AVX512","16","","0","0","0","0","35.118","35.118","0.074","0.074","35.118","35.118","0.074","0.074","0","0","1.405","1.405","1.405","1.405","18.928","18.928","473.174","473.174","Shifts","UInt16; ","256","AVX; AVX2; AVX512F_256","","","","","","random.tcc:404","tof_fork_g","","","","","","","","","","","","","","","","","","","","","","","","","","","","","","","","","","","","","","","","","","","","","","","","","","","","","","","","","","","","","","","","","","","","","","","","",""
"func@0x7b21b0","0.00186944","0.060s","0.00186888","0.060s","0.040s","0.040s","Function","","25","265","","","","","0","0","0","0","0","0","0","0","0","0","0","0","0","0","0","0","0","0","0.254","0.254","6.356","6.356","","","","","","","","","","","tof_fork_g","","","","","","","","","","","","","","","","","","","","","","","","","","","","","","","","","","","","","","","","","","","","","","","","","","","","","","","","","","","","","","","","","","","","","","","","",""
"__libm_log_z0","0.119021","3.820s","0.11902","3.820s","0.240s","0.240s","Function","","24","181","","","","","57.248","57.248","0.216","0.216","34.349","34.349","0.129","0.129","91.597","91.597","0.345","0.345","13.740","13.740","8.244","8.244","21.984","21.984","63.752","63.752","265.632","265.632","Shifts","UInt256; ; ","128","AVX; AVX2; AVX512F_128","","","","","","","tof_fork_g","","","","","","","","","","","","","","","","","","","","","","","","","","","","","","","","","","","","","","","","","","","","","","","","","","","","","","","","","","","","","","","","","","","","","","","","",""
"std::uniform_int_distribution<int>::operator()<std::mersenne_twister_engine<unsigned long, (unsigned long)32, (unsigned long)624, (unsigned long)397, (unsigned long)31, (unsigned long)2567483615, (unsigned long)11, (unsigned long)4294967295, (unsigned long)7, (unsigned long)2636928640, (unsigned long)15, (unsigned long)4022730752, (unsigned long)18, (unsigned long)1812433253>>","0.0162018","0.520s","0.0024926","0.080s","0.080s","0.020s","Function","","24","261","","","","","0","0","0","0","24.518","32.649","0.036","0.118","24.518","32.649","0.036","0.118","0","0","0.490","2.612","0.490","2.612","13.731","22.086","686.497","276.083","","","","","","","","","","uniform_int_dist.h:288","tof_fork_g","","","","","","","","","","","","","","","","","","","","","","","","","","","","","","","","","","","","","","","","","","","","","","","","","","","","","","","","","","","","","","","","","","","","","","","","",""
"std::uniform_int_distribution<int>::_S_nd<unsigned long, std::mersenne_twister_engine<unsigned long, (unsigned long)32, (unsigned long)624, (unsigned long)397, (unsigned long)31, (unsigned long)2567483615, (unsigned long)11, (unsigned long)4294967295, (unsigned long)7, (unsigned long)2636928640, (unsigned long)15, (unsigned long)4022730752, (unsigned long)18, (unsigned long)1812433253>, unsigned int>","0.0124629","0.400s","0.0024925","0.080s","0.080s","0.040s","Inlined Function","","25","262","","","","","0","0","","0","9.195","26.519","","0.308","9.195","26.519","","0.308","0","0","0.368","2.121","0.368","2.121","0","6.884","0","86.054","","","","","","","","","","uniform_int_dist.h:257","tof_fork_g","","","","","","","","","","","","","","","","","","","","","","","","","","","","","","","","","","","","","","","","","","","","","","","","","","","","","","","","","","","","","","","","","","","","","","","","",""
"std::mersenne_twister_engine<unsigned long, (unsigned long)32, (unsigned long)624, (unsigned long)397, (unsigned long)31, (unsigned long)2567483615, (unsigned long)11, (unsigned long)4294967295, (unsigned long)7, (unsigned long)2636928640, (unsigned long)15, (unsigned long)4022730752, (unsigned long)18, (unsigned long)1812433253>::operator()","0.00997034","0.320s","0.00810097","0.260s","0.040s","0.040s","Function","","26","177","","","","","0","0","0","0","36.771","43.838","0.500","0.255","36.771","43.838","0.500","0.255","0","0","1.471","1.754","1.471","1.754","2.941","6.884","73.513","172.090","Shifts","UInt16; ","256","AVX; AVX2; AVX512F_256","","","","","","random.tcc:455","tof_fork_g","","","","","","","","","","","","","","","","","","","","","","","","","","","","","","","","","","","","","","","","","","","","","","","","","","","","","","","","","","","","","","","","","","","","","","","","",""
"std::mersenne_twister_engine<unsigned long, (unsigned long)32, (unsigned long)624, (unsigned long)397, (unsigned long)31, (unsigned long)2567483615, (unsigned long)11, (unsigned long)4294967295, (unsigned long)7, (unsigned long)2636928640, (unsigned long)15, (unsigned long)4022730752, (unsigned long)18, (unsigned long)1812433253>::_M_gen_rand","0.00186944","0.060s","0","0s","0.020s","0s","Inlined Function","","27","176","","","","","","0","0","0","","14.130","0.069","0.072","","14.130","0.069","0.072","0","0","0.003","0.283","0.003","0.283","0.049","3.943","","197.104","Shifts","UInt16; ","256","AVX; AVX2; AVX512F_256","","","","","","random.tcc:399","tof_fork_g","","","","","","","","","","","","","","","","","","","","","","","","","","","","","","","","","","","","","","","","","","","","","","","","","","","","","","","","","","","","","","","","","","","","","","","","",""
"[loop in std::mersenne_twister_engine<unsigned long, (unsigned long)32, (unsigned long)624, (unsigned long)397, (unsigned long)31, (unsigned long)2567483615, (unsigned long)11, (unsigned long)4294967295, (unsigned long)7, (unsigned long)2636928640, (unsigned long)15, (unsigned long)4022730752, (unsigned long)18, (unsigned long)1812433253>::_M_gen_rand at random.tcc:404]","0.00124629","0.040s","0.0012464","0.040s","0.020s","0.020s","Vectorized (Body)","0","28","256","","AVX512","16","","0","0","0","0","5.221","5.221","0.074","0.074","5.221","5.221","0.074","0.074","0","0","0.104","0.104","0.104","0.104","1.407","1.407","70.345","70.345","Shifts","UInt16; ","256","AVX; AVX2; AVX512F_256","","","","","","random.tcc:404","tof_fork_g","","","","","","","","","","","","","","","","","","","","","","","","","","","","","","","","","","","","","","","","","","","","","","","","","","","","","","","","","","","","","","","","","","","","","","","","",""
"[loop in std::mersenne_twister_engine<unsigned long, (unsigned long)32, (unsigned long)624, (unsigned long)397, (unsigned long)31, (unsigned long)2567483615, (unsigned long)11, (unsigned long)4294967295, (unsigned long)7, (unsigned long)2636928640, (unsigned long)15, (unsigned long)4022730752, (unsigned long)18, (unsigned long)1812433253>::_M_gen_rand at random.tcc:412]","0.000623147","0.020s","0.00062334","0.020s","0.020s","0.020s","Vectorized (Body)","0","28","175","","AVX512","16","","0","0","0","0","8.743","8.743","0.070","0.070","8.743","8.743","0.070","0.070","0","0","0.175","0.175","0.175","0.175","2.488","2.488","124.338","124.338","Shifts","UInt16; ","256","AVX; AVX2; AVX512F_256","","","","","","random.tcc:412","tof_fork_g","","","","","","","","","","","","","","","","","","","","","","","","","","","","","","","","","","","","","","","","","","","","","","","","","","","","","","","","","","","","","","","","","","","","","","","","",""
"std::uniform_int_distribution<int>::param_type::b","0.00124629","0.040s","0.00124619","0.040s","0.020s","0.020s","Inlined Function","","25","276","","","","","0","0","0","0","0","0","0","0","0","0","0","0","0","0","0","0","0","0","1.471","1.471","73.559","73.559","","","","","","","","","","uniform_int_dist.h:116","tof_fork_g","","","","","","","","","","","","","","","","","","","","","","","","","","","","","","","","","","","","","","","","","","","","","","","","","","","","","","","","","","","","","","","","","","","","","","","","",""
"__libc_free","0.00750892","0.241s","0.00750888","0.241s","0.021s","0.021s","Function","","24","23","","","","","","","","","","","","","","","","","","","","","","","","","","","","","","","","","","","","","libc.so.6","","","","","","","","","","","","","","","","","","","","","","","","","","","","","","","","","","","","","","","","","","","","","","","","","","","","","","","","","","","","","","","","","","","","","","","","",""
"absl::lts_20250814::container_internal::btree_node<absl::lts_20250814::container_internal::set_params<unsigned long, std::less<unsigned long>, std::allocator<unsigned long>, (int)256, (bool)0>>::clear_and_delete","0.00498517","0.160s","0.00311601","0.100s","0.040s","0.020s","Function","","24","200","","","","","0","0","0","0","21.344","21.348","0.011","0.022","21.344","21.348","0.011","0.022","0","0","0.427","0.854","0.427","0.854","38.004","38.004","1899.691","949.998","","","","","","","","","","btree.h:2026","tof_fork_g","","","","","","","","","","","","","","","","","","","","","","","","","","","","","","","","","","","","","","","","","","","","","","","","","","","","","","","","","","","","","","","","","","","","","","","","",""
"absl::lts_20250814::container_internal::btree_node<absl::lts_20250814::container_internal::set_params<unsigned long, std::less<unsigned long>, std::allocator<unsigned long>, (int)256, (bool)0>>::LeafSize","0.00186944","0.060s","0","0s","0.020s","0s","Inlined Function","","25","283","","","","","","0","","","","21.348","","","","21.348","","","","0","","0.427","","0.427","","0","","0","","","","","","","","","","btree.h:637","tof_fork_g","","","","","","","","","","","","","","","","","","","","","","","","","","","","","","","","","","","","","","","","","","","","","","","","","","","","","","","","","","","","","","","","","","","","","","","","",""
"absl::lts_20250814::container_internal::internal_layout::LayoutImpl<std::tuple<absl::lts_20250814::container_internal::btree_node<absl::lts_20250814::container_internal::set_params<unsigned long, std::less<unsigned long>, std::allocator<unsigned long>, (int)256, (bool)0>>*, unsigned int, unsigned char, unsigned long, absl::lts_20250814::container_internal::btree_node<absl::lts_20250814::container_internal::set_params<unsigned long, std::less<unsigned long>, std::allocator<unsigned long>, (int)256, (bool)0>>*>, std::integer_sequence<unsigned long, (unsigned long)1, (unsigned long)0, (unsigned long)4>, std::integer_sequence<unsigned long, (unsigned long)0, (unsigned long)1>, std::integer_sequence<unsigned long, (unsigned long)0, (unsigned long)1, (unsigned long)2, (unsigned long)3, (unsigned long)4>, std::integer_sequence<unsigned long, (unsigned long)0, (unsigned long)1, (unsigned long)2, (unsigned long)3, (unsigned long)4>>::AllocSize","0.00186944","0.060s","0","0s","0.020s","0s","Inlined Function","","26","282","","","","","","0","","","","21.348","","","","21.348","","","","0","","0.427","","0.427","","0","","0","","","","","","","","","","layout.h:608","tof_fork_g","","","","","","","","","","","","","","","","","","","","","","","","","","","","","","","","","","","","","","","","","","","","","","","","","","","","","","","","","","","","","","","","","","","","","","","","",""
"absl::lts_20250814::container_internal::internal_layout::LayoutImpl<std::tuple<absl::lts_20250814::container_internal::btree_node<absl::lts_20250814::container_internal::set_params<unsigned long, std::less<unsigned long>, std::allocator<unsigned long>, (int)256, (bool)0>>*, unsigned int, unsigned char, unsigned long, absl::lts_20250814::container_internal::btree_node<absl::lts_20250814::container_internal::set_params<unsigned long, std::less<unsigned long>, std::allocator<unsigned long>, (int)256, (bool)0>>*>, std::integer_sequence<unsigned long, (unsigned long)1, (unsigned long)0, (unsigned long)4>, std::integer_sequence<unsigned long, (unsigned long)0, (unsigned long)1>, std::integer_sequence<unsigned long, (unsigned long)0, (unsigned long)1, (unsigned long)2, (unsigned long)3, (unsigned long)4>, std::integer_sequence<unsigned long, (unsigned long)0, (unsigned long)1, (unsigned long)2, (unsigned long)3, (unsigned long)4>>::Offset<(unsigned long)4>","0.00186944","0.060s","0","0s","0.020s","0s","Inlined Function","","27","281","","","","","","0","","","","21.348","","","","21.348","","","","0","","0.427","","0.427","","0","","0","","","","","","","","","","layout.h:418","tof_fork_g","","","","","","","","","","","","","","","","","","","","","","","","","","","","","","","","","","","","","","","","","","","","","","","","","","","","","","","","","","","","","","","","","","","","","","","","",""
"absl::lts_20250814::container_internal::internal_layout::adl_barrier::Align","0.00186944","0.060s","0.0018695","0.060s","0.020s","0.020s","Inlined Function","","28","280","","","","","0","0","","","21.348","21.348","","","21.348","21.348","","","0","0","0.427","0.427","0.427","0.427","0","0","0","0","","","","","","","","","","layout.h:294","tof_fork_g","","","","","","","","","","","","","","","","","","","","","","","","","","","","","","","","","","","","","","","","","","","","","","","","","","","","","","","","","","","","","","","","","","","","","","","","",""
"operator delete","0.00186944","0.060s","0.00186961","0.060s","0.020s","0.020s","Function","","24","12","","","","","","","","","","","","","","","","","","","","","","","","","","","","","","","","","","","","","libstdc++.so.6","","","","","","","","","","","","","","","","","","","","","","","","","","","","","","","","","","","","","","","","","","","","","","","","","","","","","","","","","","","","","","","","","","","","","","","","",""
"operator new","0.000623147","0.020s","0.000623162","0.020s","0.020s","0.020s","Function","","24","9","","","","","","","","","","","","","","","","","","","","","","","","","","","","","","","","","","","","","libstdc++.so.6","","","","","","","","","","","","","","","","","","","","","","","","","","","","","","","","","","","","","","","","","","","","","","","","","","","","","","","","","","","","","","","","","","","","","","","","",""
"std::vector<yggdrasil_decision_forests::model::decision_tree::internal::AttributeAndWeight, std::allocator<yggdrasil_decision_forests::model::decision_tree::internal::AttributeAndWeight>>::operator=","0.00623147","0.200s","0","0s","0.040s","0s","Function","","23","313","","","","","","0","0","0","","5.856","0.046","0.059","","5.856","0.046","0.059","0","0","0.137","0.234","0.137","0.234","2.985","3.939","","98.469","","","","","","","","","","vector.tcc:211","tof_fork_g","","","","","","","","","","","","","","","","","","","","","","","","","","","","","","","","","","","","","","","","","","","","","","","","","","","","","","","","","","","","","","","","","","","","","","","","",""
"std::vector<yggdrasil_decision_forests::model::decision_tree::internal::AttributeAndWeight, std::allocator<yggdrasil_decision_forests::model::decision_tree::internal::AttributeAndWeight>>::_M_allocate_and_copy<__gnu_cxx::__normal_iterator<yggdrasil_decision_forests::model::decision_tree::internal::AttributeAndWeight const*, std::vector<yggdrasil_decision_forests::model::decision_tree::internal::AttributeAndWeight, std::allocator<yggdrasil_decision_forests::model::decision_tree::internal::AttributeAndWeight>>>>","0.00373888","0.120s","0","0s","0.020s","0s","Inlined Function","","24","316","","","","","","0","","0","","2.137","","0.066","","2.137","","0.066","","0","","0.043","","0.043","","0.645","","32.253","","","","","","","","","","stl_vector.h:1907","tof_fork_g","","","","","","","","","","","","","","","","","","","","","","","","","","","","","","","","","","","","","","","","","","","","","","","","","","","","","","","","","","","","","","","","","","","","","","","","",""
"std::_Vector_base<yggdrasil_decision_forests::model::decision_tree::internal::AttributeAndWeight, std::allocator<yggdrasil_decision_forests::model::decision_tree::internal::AttributeAndWeight>>::_M_allocate","0.00186944","0.060s","0","0s","0.020s","0s","Inlined Function","","25","315","","","","","","0","","0","","0","","0","","0","","0","","0","","0","","0","","0.057","","2.854","","","","","","","","","","stl_vector.h:384","tof_fork_g","","","","","","","","","","","","","","","","","","","","","","","","","","","","","","","","","","","","","","","","","","","","","","","","","","","","","","","","","","","","","","","","","","","","","","","","",""
"std::allocator_traits<std::allocator<yggdrasil_decision_forests::model::decision_tree::internal::AttributeAndWeight>>::allocate","0.00186944","0.060s","0","0s","0.020s","0s","Inlined Function","","26","314","","","","","","0","","0","","0","","0","","0","","0","","0","","0","","0","","0.057","","2.854","","","","","","","","","","alloc_traits.h:613","tof_fork_g","","","","","","","","","","","","","","","","","","","","","","","","","","","","","","","","","","","","","","","","","","","","","","","","","","","","","","","","","","","","","","","","","","","","","","","","",""
"std::__new_allocator<yggdrasil_decision_forests::model::decision_tree::internal::AttributeAndWeight>::allocate","0.00186944","0.060s","0","0s","0.020s","0s","Inlined Function","","27","312","","","","","","0","0","0","","0","0","0","","0","0","0","0","0","0","0","0","0","0.057","0.057","","2.854","","","","","","","","","","new_allocator.h:126","tof_fork_g","","","","","","","","","","","","","","","","","","","","","","","","","","","","","","","","","","","","","","","","","","","","","","","","","","","","","","","","","","","","","","","","","","","","","","","","",""
"operator new","0.00186944","0.060s","0.00186946","0.060s","0.020s","0.020s","Function","","28","9","","","","","","","","","","","","","","","","","","","","","","","","","","","","","","","","","","","","","libstdc++.so.6","","","","","","","","","","","","","","","","","","","","","","","","","","","","","","","","","","","","","","","","","","","","","","","","","","","","","","","","","","","","","","","","","","","","","","","","",""
"std::__uninitialized_copy_a<__gnu_cxx::__normal_iterator<yggdrasil_decision_forests::model::decision_tree::internal::AttributeAndWeight const*, std::vector<yggdrasil_decision_forests::model::decision_tree::internal::AttributeAndWeight, std::allocator<yggdrasil_decision_forests::model::decision_tree::internal::AttributeAndWeight>>>, __gnu_cxx::__normal_iterator<yggdrasil_decision_forests::model::decision_tree::internal::AttributeAndWeight const*, std::vector<yggdrasil_decision_forests::model::decision_tree::internal::AttributeAndWeight, std::allocator<yggdrasil_decision_forests::model::decision_tree::internal::AttributeAndWeight>>>, yggdrasil_decision_forests::model::decision_tree::internal::AttributeAndWeight*, yggdrasil_decision_forests::model::decision_tree::internal::AttributeAndWeight>","0.00186944","0.060s","0","0s","0.020s","0s","Inlined Function","","25","390","","","","","","0","","0","","2.137","","0.073","","2.137","","0.073","","0","","0.043","","0.043","","0.588","","29.400","","","","","","","","","","stl_uninitialized.h:613","tof_fork_g","","","","","","","","","","","","","","","","","","","","","","","","","","","","","","","","","","","","","","","","","","","","","","","","","","","","","","","","","","","","","","","","","","","","","","","","",""
"std::uninitialized_copy<__gnu_cxx::__normal_iterator<yggdrasil_decision_forests::model::decision_tree::internal::AttributeAndWeight const*, std::vector<yggdrasil_decision_forests::model::decision_tree::internal::AttributeAndWeight, std::allocator<yggdrasil_decision_forests::model::decision_tree::internal::AttributeAndWeight>>>, yggdrasil_decision_forests::model::decision_tree::internal::AttributeAndWeight*>","0.00186944","0.060s","0","0s","0.020s","0s","Inlined Function","","26","389","","","","","","0","0","0","","2.137","0","0.073","","2.137","0","0.073","0","0","0","0.043","0","0.043","0.057","0.588","","29.400","","","","","","","","","","stl_uninitialized.h:231","tof_fork_g","","","","","","","","","","","","","","","","","","","","","","","","","","","","","","","","","","","","","","","","","","","","","","","","","","","","","","","","","","","","","","","","","","","","","","","","",""
"__intel_avx_rep_memcpy","0.00186944","0.060s","0.00186941","0.060s","0.020s","0.020s","Function","","27","152","","","","","0","0","0","0","2.137","2.137","0.081","0.081","2.137","2.137","0.081","0.081","0","0","0.043","0.043","0.043","0.043","0.531","0.531","26.545","26.545","NT-stores","Int32; UInt16","128/256","AVX","","","","","","","tof_fork_g","","","","","","","","","","","","","","","","","","","","","","","","","","","","","","","","","","","","","","","","","","","","","","","","","","","","","","","","","","","","","","","","","","","","","","","","",""
"std::copy<__gnu_cxx::__normal_iterator<yggdrasil_decision_forests::model::decision_tree::internal::AttributeAndWeight const*, std::vector<yggdrasil_decision_forests::model::decision_tree::internal::AttributeAndWeight, std::allocator<yggdrasil_decision_forests::model::decision_tree::internal::AttributeAndWeight>>>, __gnu_cxx::__normal_iterator<yggdrasil_decision_forests::model::decision_tree::internal::AttributeAndWeight*, std::vector<yggdrasil_decision_forests::model::decision_tree::internal::AttributeAndWeight, std::allocator<yggdrasil_decision_forests::model::decision_tree::internal::AttributeAndWeight>>>>","0.00124629","0.040s","0","0s","0.020s","0s","Inlined Function","","24","340","","","","","","0","","0","","0.874","","1.043","","0.874","","1.043","","0","","0.017","","0.017","","0.017","","0.838","","","","","","","","","","stl_algobase.h:633","tof_fork_g","","","","","","","","","","","","","","","","","","","","","","","","","","","","","","","","","","","","","","","","","","","","","","","","","","","","","","","","","","","","","","","","","","","","","","","","",""
"std::__copy_move_a<(bool)0, __gnu_cxx::__normal_iterator<yggdrasil_decision_forests::model::decision_tree::internal::AttributeAndWeight const*, std::vector<yggdrasil_decision_forests::model::decision_tree::internal::AttributeAndWeight, std::allocator<yggdrasil_decision_forests::model::decision_tree::internal::AttributeAndWeight>>>, __gnu_cxx::__normal_iterator<yggdrasil_decision_forests::model::decision_tree::internal::AttributeAndWeight*, std::vector<yggdrasil_decision_forests::model::decision_tree::internal::AttributeAndWeight, std::allocator<yggdrasil_decision_forests::model::decision_tree::internal::AttributeAndWeight>>>>","0.00124629","0.040s","0","0s","0.020s","0s","Inlined Function","","25","339","","","","","","0","","0","","0.874","","1.043","","0.874","","1.043","","0","","0.017","","0.017","","0.017","","0.838","","","","","","","","","","stl_algobase.h:498","tof_fork_g","","","","","","","","","","","","","","","","","","","","","","","","","","","","","","","","","","","","","","","","","","","","","","","","","","","","","","","","","","","","","","","","","","","","","","","","",""
"std::__copy_move_a1<(bool)0, yggdrasil_decision_forests::model::decision_tree::internal::AttributeAndWeight const*, yggdrasil_decision_forests::model::decision_tree::internal::AttributeAndWeight*>","0.00124629","0.040s","0","0s","0.020s","0s","Inlined Function","","26","338","","","","","","0","","0","","0.874","","1.043","","0.874","","1.043","","0","","0.017","","0.017","","0.017","","0.838","","","","","","","","","","stl_algobase.h:491","tof_fork_g","","","","","","","","","","","","","","","","","","","","","","","","","","","","","","","","","","","","","","","","","","","","","","","","","","","","","","","","","","","","","","","","","","","","","","","","",""
"std::__copy_move_a2<(bool)0, yggdrasil_decision_forests::model::decision_tree::internal::AttributeAndWeight const*, yggdrasil_decision_forests::model::decision_tree::internal::AttributeAndWeight const*, yggdrasil_decision_forests::model::decision_tree::internal::AttributeAndWeight*>","0.00124629","0.040s","0.000623109","0.020s","0.020s","0.020s","Inlined Function","","27","337","","","","","0","0","","0","0.874","0.874","","1.043","0.874","0.874","","1.043","0","0","0.017","0.017","0.017","0.017","0","0.017","0","0.838","","","","","","","","","","stl_algobase.h:413","tof_fork_g","","","","","","","","","","","","","","","","","","","","","","","","","","","","","","","","","","","","","","","","","","","","","","","","","","","","","","","","","","","","","","","","","","","","","","","","",""
"func@0x7b2580","0.000623147","0.020s","0.000623131","0.020s","0.020s","0.020s","Function","","28","341","","","","","0","0","0","0","0","0","0","0","0","0","0","0","0","0","0","0","0","0","0.017","0.017","0.838","0.838","","","","","","","","","","","tof_fork_g","","","","","","","","","","","","","","","","","","","","","","","","","","","","","","","","","","","","","","","","","","","","","","","","","","","","","","","","","","","","","","","","","","","","","","","","",""
"std::vector<yggdrasil_decision_forests::model::decision_tree::internal::AttributeAndWeight, std::allocator<yggdrasil_decision_forests::model::decision_tree::internal::AttributeAndWeight>>::capacity","0.000623147","0.020s","0.00062319","0.020s","0.020s","0.020s","Inlined Function","","24","379","","","","","0","0","0","0","1.826","1.826","0.125","0.125","1.826","1.826","0.125","0.125","0","0","0.037","0.037","0.037","0.037","0.292","0.292","14.611","14.611","","","","","","","","","","stl_vector.h:1208","tof_fork_g","","","","","","","","","","","","","","","","","","","","","","","","","","","","","","","","","","","","","","","","","","","","","","","","","","","","","","","","","","","","","","","","","","","","","","","","",""
"std::_Vector_base<yggdrasil_decision_forests::model::decision_tree::internal::AttributeAndWeight, std::allocator<yggdrasil_decision_forests::model::decision_tree::internal::AttributeAndWeight>>::_M_deallocate","0.000623147","0.020s","0","0s","0.020s","0s","Inlined Function","","24","346","","","","","","","","","","","","","","","","","","","","","","","","","","","","","","","","","","","","stl_vector.h:392","tof_fork_g","","","","","","","","","","","","","","","","","","","","","","","","","","","","","","","","","","","","","","","","","","","","","","","","","","","","","","","","","","","","","","","","","","","","","","","","",""
"std::allocator_traits<std::allocator<yggdrasil_decision_forests::model::decision_tree::internal::AttributeAndWeight>>::deallocate","0.000623147","0.020s","0","0s","0.020s","0s","Inlined Function","","25","345","","","","","","","","","","","","","","","","","","","","","","","","","","","","","","","","","","","","alloc_traits.h:648","tof_fork_g","","","","","","","","","","","","","","","","","","","","","","","","","","","","","","","","","","","","","","","","","","","","","","","","","","","","","","","","","","","","","","","","","","","","","","","","",""
"std::__new_allocator<yggdrasil_decision_forests::model::decision_tree::internal::AttributeAndWeight>::deallocate","0.000623147","0.020s","0","0s","0.020s","0s","Inlined Function","","26","344","","","","","","","","","","","","","","","","","","","","","","","","","","","","","","","","","","","","new_allocator.h:156","tof_fork_g","","","","","","","","","","","","","","","","","","","","","","","","","","","","","","","","","","","","","","","","","","","","","","","","","","","","","","","","","","","","","","","","","","","","","","","","",""
"__libc_free","0.000623147","0.020s","0.000623181","0.020s","0.020s","0.020s","Function","","27","23","","","","","","","","","","","","","","","","","","","","","","","","","","","","","","","","","","","","","libc.so.6","","","","","","","","","","","","","","","","","","","","","","","","","","","","","","","","","","","","","","","","","","","","","","","","","","","","","","","","","","","","","","","","","","","","","","","","",""
"log","0.00436203","0.140s","0.00436196","0.140s","0.040s","0.040s","Function","","23","250","","","","","","","","","","","","","","","","","","","","","","","","","","","","","","","","","","","","","tof_fork_g","","","","","","","","","","","","","","","","","","","","","","","","","","","","","","","","","","","","","","","","","","","","","","","","","","","","","","","","","","","","","","","","","","","","","","","","",""
"__intel_avx_rep_memcpy","0.00249259","0.080s","0.00249251","0.080s","0.020s","0.020s","Function","","23","152","","","","","","","","","","","","","","","","","","","","","","","","","","","NT-stores","Int32; UInt16","128/256","AVX","","","","","","","tof_fork_g","","","","","","","","","","","","","","","","","","","","","","","","","","","","","","","","","","","","","","","","","","","","","","","","","","","","","","","","","","","","","","","","","","","","","","","","",""
"std::binomial_distribution<unsigned long>::operator()<std::mersenne_twister_engine<unsigned long, (unsigned long)32, (unsigned long)624, (unsigned long)397, (unsigned long)31, (unsigned long)2567483615, (unsigned long)11, (unsigned long)4294967295, (unsigned long)7, (unsigned long)2636928640, (unsigned long)15, (unsigned long)4022730752, (unsigned long)18, (unsigned long)1812433253>>","0.00186944","0.060s","0.00186939","0.060s","0.020s","0.020s","Function","","23","178","","","","","","","","","","","","","","","","","","","","","","","","","","","Shifts","Int64; UInt16; ","128/256","AVX; AVX2; AVX512DQ_128; AVX512F_256","","","","","","random.tcc:1567","tof_fork_g","","","","","","","","","","","","","","","","","","","","","","","","","","","","","","","","","","","","","","","","","","","","","","","","","","","","","","","","","","","","","","","","","","","","","","","","",""
"yggdrasil_decision_forests::model::decision_tree::(anonymous namespace)::GetProjectionEvaluator","0.198161","6.360s","0.00311579","0.100s","0.320s","0.020s","Function","","22","172","","","","","0","0","0","0","5.155","439.999","0.069","0.498","5.155","439.999","0.069","0.498","0","0","0.103","140.797","0.103","140.797","1.491","282.879","74.553","884.014","","Int32","128/256","AVX","","","","","","oblique.cc","tof_fork_g","","","","","","","","","","","","","","","","","","","","","","","","","","","","","","","","","","","","","","","","","","","","","","","","","","","","","","","","","","","","","","","","","","","","","","","","",""
"[loop in yggdrasil_decision_forests::model::decision_tree::(anonymous namespace)::GetProjectionEvaluator at stl_algobase.h:1190]","0.195045","6.260s","0.195045","6.260s","0.300s","0.300s","Scalar","0","23","171","","","","","0","0","0","0","468.964","468.964","0.500","0.500","468.964","468.964","0.500","0.500","0","0","140.694","140.694","140.694","140.694","281.387","281.387","937.928","937.928","","","","","","","","","","stl_algobase.h:1190","tof_fork_g","","","","","","","","","","","","","","","","","","","","","","","","","","","","","","","","","","","","","","","","","","","","","","","","","","","","","","","","","","","","","","","","","","","","","","","","",""
"[loop in yggdrasil_decision_forests::model::decision_tree::FindBestConditionSparseObliqueTemplate<yggdrasil_decision_forests::model::decision_tree::ClassificationLabelStats> at oblique.cc:139]","0.0591989","1.900s","0","0s","0.140s","0s","Scalar Versions","0","22","464","","","","","","0","","0","","5.329","","0.044","","5.329","","0.044","","0","","0.746","","0.746","","16.887","","120.617","","","","","","","","","","oblique.cc:139","tof_fork_g","","","","","","","","","","","","","","","","","","","","","","","","","","","","","","","","","","","","","","","","","","","","","","","","","","","","","","","","","","","","","","","","","","","","","","","","",""
"[loop in yggdrasil_decision_forests::model::decision_tree::FindBestConditionSparseObliqueTemplate<yggdrasil_decision_forests::model::decision_tree::ClassificationLabelStats> at oblique.cc:139]","0.0573295","1.840s","0.0573298","1.840s","0.140s","0.140s","Scalar","0","22","154","","","","","0","0","0","0","4.925","4.925","0.042","0.042","4.925","4.925","0.042","0.042","0","0","0.689","0.689","0.689","0.689","16.547","16.547","118.192","118.192","","","","","","","","","","oblique.cc:139","tof_fork_g","","","","","","","","","","","","","","","","","","","","","","","","","","","","","","","","","","","","","","","","","","","","","","","","","","","","","","","","","","","","","","","","","","","","","","","","",""
"[loop in yggdrasil_decision_forests::model::decision_tree::FindBestConditionSparseObliqueTemplate<yggdrasil_decision_forests::model::decision_tree::ClassificationLabelStats> at oblique.cc:139]","0.00186944","0.060s","0.00186935","0.060s","0.020s","0.020s","Scalar","0","22","406","","","","","0","0","0","0","2.829","2.829","0.167","0.167","2.829","2.829","0.167","0.167","0","0","0.057","0.057","0.057","0.057","0.339","0.339","16.973","16.973","","","","","","","","","","oblique.cc:139","tof_fork_g","","","","","","","","","","","","","","","","","","","","","","","","","","","","","","","","","","","","","","","","","","","","","","","","","","","","","","","","","","","","","","","","","","","","","","","","",""
"operator new","0.0305342","0.980s","0.0305333","0.980s","0.100s","0.100s","Function","","22","9","","","","","","","","","","","","","","","","","","","","","","","","","","","","","","","","","","","","","libstdc++.so.6","","","","","","","","","","","","","","","","","","","","","","","","","","","","","","","","","","","","","","","","","","","","","","","","","","","","","","","","","","","","","","","","","","","","","","","","",""
"yggdrasil_decision_forests::model::decision_tree::proto::DecisionTreeTrainingConfig::DecisionTreeTrainingConfig","0.0286647","0.920s","0.00186935","0.060s","0.080s","0.040s","Function","","22","196","","","","","0","0","0","0","1.932","2.684","0.031","0.013","1.932","2.684","0.031","0.013","0","0","0.077","0.215","0.077","0.215","2.507","16.513","62.696","206.416","","Int32","128","AVX","","","","","","decision_tree.pb.cc:4230","tof_fork_g","","","","","","","","","","","","","","","","","","","","","","","","","","","","","","","","","","","","","","","","","","","","","","","","","","","","","","","","","","","","","","","","","","","","","","","","",""
"google::protobuf::MessageLite::CopyConstruct","0.00872405","0.280s","0.00124625","0.040s","0.040s","0.020s","Function","","23","239","","","","","0","0","0","0","0","2.576","0","0.015","0","2.576","0","0.015","0","0","0","0.103","0","0.103","1.030","7.093","51.524","177.325","","","","","","","","","","message_lite.cc:53","tof_fork_g","","","","","","","","","","","","","","","","","","","","","","","","","","","","","","","","","","","","","","","","","","","","","","","","","","","","","","","","","","","","","","","","","","","","","","","","",""
"yggdrasil_decision_forests::model::decision_tree::proto::DecisionTreeTrainingConfig_SparseObliqueSplit::MergeImpl","0.00436203","0.140s","0.00124619","0.040s","0.040s","0.020s","Function","","24","350","","","","","0","0","0","0","2.576","1.717","0.030","0.018","2.576","1.717","0.030","0.018","0","0","0.052","0.069","0.052","0.069","1.717","3.924","85.876","98.108","","","","","","","","","","decision_tree.pb.cc:2584","tof_fork_g","","","","","","","","","","","","","","","","","","","","","","","","","","","","","","","","","","","","","","","","","","","","","","","","","","","","","","","","","","","","","","","","","","","","","","","","",""
"google::protobuf::MessageLite::CopyConstruct","0.00311573","0.100s","0.00124628","0.040s","0.040s","0.020s","Function","","25","239","","","","","0","0","0","0","0","0.429","0","0.008","0","0.429","0","0.008","0","0","0","0.017","0","0.017","0.824","2.207","41.219","55.173","","","","","","","","","","message_lite.cc:53","tof_fork_g","","","","","","","","","","","","","","","","","","","","","","","","","","","","","","","","","","","","","","","","","","","","","","","","","","","","","","","","","","","","","","","","","","","","","","","","",""
"google::protobuf::internal::ClassData::New","0.00124629","0.040s","0","0s","0.020s","0s","Function","","26","264","","","","","","0","0","0","","0.859","0.007","0.015","","0.859","0.007","0.015","0","0","0.009","0.017","0.009","0.017","1.176","1.176","","58.819","","Int32","128/256","AVX","","","","","","message_lite.h:431","tof_fork_g","","","","","","","","","","","","","","","","","","","","","","","","","","","","","","","","","","","","","","","","","","","","","","","","","","","","","","","","","","","","","","","","","","","","","","","","",""
"google::protobuf::internal::MessageCreator::New<google::protobuf::MessageLite>","0.00124629","0.040s","0","0s","0.020s","0s","Inlined Function","","27","263","","","","","","0","","","","0.429","","","","0.429","","","0","0","0.009","0.009","0.009","0.009","0","0","","0","","Int32","128/256","AVX","","","","","","message_lite.h:1345","tof_fork_g","","","","","","","","","","","","","","","","","","","","","","","","","","","","","","","","","","","","","","","","","","","","","","","","","","","","","","","","","","","","","","","","","","","","","","","","",""
"operator new","0.00124629","0.040s","0.00124636","0.040s","0.020s","0.020s","Function","","28","9","","","","","","","","","","","","","","","","","","","","","","","","","","","","","","","","","","","","","libstdc++.so.6","","","","","","","","","","","","","","","","","","","","","","","","","","","","","","","","","","","","","","","","","","","","","","","","","","","","","","","","","","","","","","","","","","","","","","","","",""
"yggdrasil_decision_forests::model::decision_tree::proto::DecisionTreeTrainingConfig_SparseObliqueSplit_BinaryWeights::GetClassData","0.000623147","0.020s","0.000623147","0.020s","0.020s","0.020s","Function","","26","391","","","","","0","0","0","0","0","0","0","0","0","0","0","0","0","0","0","0","0","0","0.206","0.206","10.305","10.305","","","","","","","","","","decision_tree.pb.cc:1354","tof_fork_g","","","","","","","","","","","","","","","","","","","","","","","","","","","","","","","","","","","","","","","","","","","","","","","","","","","","","","","","","","","","","","","","","","","","","","","","",""
"google::protobuf::internal::ClassData::New","0.00311573","0.100s","0","0s","0.020s","0s","Function","","24","264","","","","","","0","0","0","","1.717","0","0.016","","1.717","0","0.016","0","0","0","0.034","0","0.034","0.790","2.138","","106.903","","Int32","128/256","AVX","","","","","","message_lite.h:431","tof_fork_g","","","","","","","","","","","","","","","","","","","","","","","","","","","","","","","","","","","","","","","","","","","","","","","","","","","","","","","","","","","","","","","","","","","","","","","","",""
"google::protobuf::internal::MessageCreator::New<google::protobuf::MessageLite>","0.00311573","0.100s","0","0s","0.020s","0s","Inlined Function","","25","263","","","","","","0","","0","","1.717","","0.025","","1.717","","0.025","","0","","0.034","","0.034","","1.348","","67.405","","Int32","128/256","AVX","","","","","","message_lite.h:1345","tof_fork_g","","","","","","","","","","","","","","","","","","","","","","","","","","","","","","","","","","","","","","","","","","","","","","","","","","","","","","","","","","","","","","","","","","","","","","","","",""
"operator new","0.00249259","0.080s","0.00249257","0.080s","0.020s","0.020s","Function","","26","9","","","","","","","","","","","","","","","","","","","","","","","","","","","","","","","","","","","","","libstdc++.so.6","","","","","","","","","","","","","","","","","","","","","","","","","","","","","","","","","","","","","","","","","","","","","","","","","","","","","","","","","","","","","","","","","","","","","","","","",""
"google::protobuf::internal::MessageCreator::PlacementNew<google::protobuf::MessageLite>","0.000623147","0.020s","0","0s","0.020s","0s","Inlined Function","","26","298","","","","","","0","0","0","","1.717","0.066","0.025","","1.717","0.066","0.025","0","0","0.034","0.034","0.034","0.034","0.524","1.348","","67.409","","Int32","128/256","AVX","","","","","","message_lite.h:1248","tof_fork_g","","","","","","","","","","","","","","","","","","","","","","","","","","","","","","","","","","","","","","","","","","","","","","","","","","","","","","","","","","","","","","","","","","","","","","","","",""
"memcpy","0.000623147","0.020s","0.000623159","0.020s","0.020s","0.020s","Inlined Function","","27","407","","","","","0","0","0","0","0","0","0","0","0","0","0","0","0","0","0","0","0","0","0.824","0.824","41.218","41.218","","Int32","256","AVX","","","","","","string_fortified.h:26","tof_fork_g","","","","","","","","","","","","","","","","","","","","","","","","","","","","","","","","","","","","","","","","","","","","","","","","","","","","","","","","","","","","","","","","","","","","","","","","",""
"google::protobuf::MessageLite::CopyConstruct<yggdrasil_decision_forests::model::decision_tree::proto::Categorical>","0.00747776","0.240s","0","0s","0.040s","0s","Inlined Function","","23","332","","","","","","0","","0","","0.859","","0.009","","0.859","","0.009","","0","","0.034","","0.034","","3.890","","97.248","","","","","","","","","","message_lite.h:915","tof_fork_g","","","","","","","","","","","","","","","","","","","","","","","","","","","","","","","","","","","","","","","","","","","","","","","","","","","","","","","","","","","","","","","","","","","","","","","","",""
"google::protobuf::Arena::CopyConstruct<yggdrasil_decision_forests::model::decision_tree::proto::Categorical>","0.00747776","0.240s","0","0s","0.040s","0s","Function","","24","333","","","","","","0","0","0","","0.859","0","0.009","","0.859","0","0.009","0","0","0","0.034","0","0.034","0.481","3.890","","97.248","","","","","","","","","","arena.h:654","tof_fork_g","","","","","","","","","","","","","","","","","","","","","","","","","","","","","","","","","","","","","","","","","","","","","","","","","","","","","","","","","","","","","","","","","","","","","","","","",""
"operator new","0.00436203","0.140s","0.00436196","0.140s","0.020s","0.020s","Function","","25","9","","","","","","","","","","","","","","","","","","","","","","","","","","","","","","","","","","","","","libstdc++.so.6","","","","","","","","","","","","","","","","","","","","","","","","","","","","","","","","","","","","","","","","","","","","","","","","","","","","","","","","","","","","","","","","","","","","","","","","",""
"yggdrasil_decision_forests::model::decision_tree::proto::Categorical::Categorical","0.00311573","0.100s","0","0s","0.020s","0s","Function","","25","347","","","","","","0","0","0","","1.717","0.014","0.010","","1.717","0.014","0.010","0","0","0.017","0.034","0.017","0.034","1.202","3.409","","170.440","","","","","","","","","","decision_tree.pb.cc:6501","tof_fork_g","","","","","","","","","","","","","","","","","","","","","","","","","","","","","","","","","","","","","","","","","","","","","","","","","","","","","","","","","","","","","","","","","","","","","","","","",""
"google::protobuf::MessageLite::CopyConstruct","0.00311573","0.100s","0","0s","0.020s","0s","Function","","26","239","","","","","","0","0","0","","0.859","0","0.008","","0.859","0","0.008","0","0","0","0.017","0","0.017","0.824","2.207","","110.335","","","","","","","","","","message_lite.cc:53","tof_fork_g","","","","","","","","","","","","","","","","","","","","","","","","","","","","","","","","","","","","","","","","","","","","","","","","","","","","","","","","","","","","","","","","","","","","","","","","",""
"google::protobuf::internal::ClassData::New","0.00186944","0.060s","0","0s","0.020s","0s","Function","","27","264","","","","","","0","0","0","","0.859","0.007","0.015","","0.859","0.007","0.015","0","0","0.009","0.017","0.009","0.017","1.176","1.176","","58.817","","Int32","128/256","AVX","","","","","","message_lite.h:431","tof_fork_g","","","","","","","","","","","","","","","","","","","","","","","","","","","","","","","","","","","","","","","","","","","","","","","","","","","","","","","","","","","","","","","","","","","","","","","","",""
"google::protobuf::internal::MessageCreator::New<google::protobuf::MessageLite>","0.00186944","0.060s","0","0s","0.020s","0s","Inlined Function","","28","263","","","","","","0","","","","0.429","","","","0.429","","","0","0","0.009","0.009","0.009","0.009","0","0","","0","","Int32","128/256","AVX","","","","","","message_lite.h:1345","tof_fork_g","","","","","","","","","","","","","","","","","","","","","","","","","","","","","","","","","","","","","","","","","","","","","","","","","","","","","","","","","","","","","","","","","","","","","","","","",""
"operator new","0.00186944","0.060s","0.00186943","0.060s","0.020s","0.020s","Function","","29","9","","","","","","","","","","","","","","","","","","","","","","","","","","","","","","","","","","","","","libstdc++.so.6","","","","","","","","","","","","","","","","","","","","","","","","","","","","","","","","","","","","","","","","","","","","","","","","","","","","","","","","","","","","","","","","","","","","","","","","",""
"yggdrasil_decision_forests::model::decision_tree::proto::Categorical_CART::GetClassData","0.00124629","0.040s","0.0012463","0.040s","0.020s","0.020s","Function","","27","363","","","","","0","0","0","0","0","0","0","0","0","0","0","0","0","0","0","0","0","0","0.206","0.206","10.305","10.305","","","","","","","","","","decision_tree.pb.cc:5887","tof_fork_g","","","","","","","","","","","","","","","","","","","","","","","","","","","","","","","","","","","","","","","","","","","","","","","","","","","","","","","","","","","","","","","","","","","","","","","","",""
"google::protobuf::MessageLite::CopyConstruct<yggdrasil_decision_forests::model::decision_tree::proto::NumericalSplit>","0.00498517","0.160s","0","0s","0.020s","0s","Inlined Function","","23","195","","","","","","0","","0","","0","","0","","0","","0","","0","","0","","0","","0.962","","48.085","","","","","","","","","","message_lite.h:915","tof_fork_g","","","","","","","","","","","","","","","","","","","","","","","","","","","","","","","","","","","","","","","","","","","","","","","","","","","","","","","","","","","","","","","","","","","","","","","","",""
"google::protobuf::Arena::CopyConstruct<yggdrasil_decision_forests::model::decision_tree::proto::NumericalSplit>","0.00498517","0.160s","0","0s","0.020s","0s","Function","","24","197","","","","","","0","0","0","","0","0","0","","0","0","0","0","0","0","0","0","0","0.481","0.962","","48.085","","Int32","128","AVX","","","","","","arena.h:654","tof_fork_g","","","","","","","","","","","","","","","","","","","","","","","","","","","","","","","","","","","","","","","","","","","","","","","","","","","","","","","","","","","","","","","","","","","","","","","","",""
"operator new","0.00436203","0.140s","0.00436193","0.140s","0.020s","0.020s","Function","","25","9","","","","","","","","","","","","","","","","","","","","","","","","","","","","","","","","","","","","","libstdc++.so.6","","","","","","","","","","","","","","","","","","","","","","","","","","","","","","","","","","","","","","","","","","","","","","","","","","","","","","","","","","","","","","","","","","","","","","","","",""
"yggdrasil_decision_forests::model::decision_tree::proto::NumericalSplit::NumericalSplit","0.000623147","0.020s","0","0s","0.020s","0s","Inlined Function","","25","443","","","","","","0","0","0","","0","0","0","","0","0","0","0","0","0","0","0","0","0.412","0.481","","24.046","","Int32","128","AVX","","","","","","decision_tree.pb.cc:5262","tof_fork_g","","","","","","","","","","","","","","","","","","","","","","","","","","","","","","","","","","","","","","","","","","","","","","","","","","","","","","","","","","","","","","","","","","","","","","","","",""
"google::protobuf::internal::InternalMetadata::MergeFrom<google::protobuf::UnknownFieldSet>","0.000623147","0.020s","0","0s","0.020s","0s","Inlined Function","","26","442","","","","","","0","","0","","0","","0","","0","","0","","0","","0","","0","","0.069","","3.435","","","","","","","","","","metadata_lite.h:120","tof_fork_g","","","","","","","","","","","","","","","","","","","","","","","","","","","","","","","","","","","","","","","","","","","","","","","","","","","","","","","","","","","","","","","","","","","","","","","","",""
"google::protobuf::internal::InternalMetadata::have_unknown_fields","0.000623147","0.020s","0","0s","0.020s","0s","Inlined Function","","27","441","","","","","","0","","0","","0","","0","","0","","0","","0","","0","","0","","0.069","","3.435","","","","","","","","","","metadata_lite.h:74","tof_fork_g","","","","","","","","","","","","","","","","","","","","","","","","","","","","","","","","","","","","","","","","","","","","","","","","","","","","","","","","","","","","","","","","","","","","","","","","",""
"google::protobuf::internal::InternalMetadata::HasUnknownFieldsTag","0.000623147","0.020s","0.0006231","0.020s","0.020s","0.020s","Inlined Function","","28","440","","","","","0","0","0","0","0","0","0","0","0","0","0","0","0","0","0","0","0","0","0.069","0.069","3.435","3.435","","","","","","","","","","metadata_lite.h:142","tof_fork_g","","","","","","","","","","","","","","","","","","","","","","","","","","","","","","","","","","","","","","","","","","","","","","","","","","","","","","","","","","","","","","","","","","","","","","","","",""
"google::protobuf::MessageLite::CopyConstruct<yggdrasil_decision_forests::model::decision_tree::proto::DecisionTreeTrainingConfig_Internal>","0.00311573","0.100s","0","0s","0.040s","0s","Inlined Function","","23","393","","","","","","0","","0","","0","","0","","0","","0","","0","","0","","0","","1.030","","25.762","","","","","","","","","","message_lite.h:915","tof_fork_g","","","","","","","","","","","","","","","","","","","","","","","","","","","","","","","","","","","","","","","","","","","","","","","","","","","","","","","","","","","","","","","","","","","","","","","","",""
"google::protobuf::Arena::CopyConstruct<yggdrasil_decision_forests::model::decision_tree::proto::DecisionTreeTrainingConfig_Internal>","0.00311573","0.100s","0","0s","0.040s","0s","Function","","24","394","","","","","","0","0","0","","0","0","0","","0","0","0","0","0","0","0","0","0","1.030","1.030","","25.762","","Int32","128","AVX","","","","","","arena.h:654","tof_fork_g","","","","","","","","","","","","","","","","","","","","","","","","","","","","","","","","","","","","","","","","","","","","","","","","","","","","","","","","","","","","","","","","","","","","","","","","",""
"operator new","0.00311573","0.100s","0.00311579","0.100s","0.040s","0.040s","Function","","25","9","","","","","","","","","","","","","","","","","","","","","","","","","","","","","","","","","","","","","libstdc++.so.6","","","","","","","","","","","","","","","","","","","","","","","","","","","","","","","","","","","","","","","","","","","","","","","","","","","","","","","","","","","","","","","","","","","","","","","","",""
"google::protobuf::MessageLite::CopyConstruct<yggdrasil_decision_forests::model::decision_tree::proto::GrowingStrategyLocalBest>","0.00124629","0.040s","0","0s","0.020s","0s","Inlined Function","","23","372","","","","","","0","","0","","0","","0","","0","","0","","0","","0","","0","","0.927","","46.370","","","","","","","","","","message_lite.h:915","tof_fork_g","","","","","","","","","","","","","","","","","","","","","","","","","","","","","","","","","","","","","","","","","","","","","","","","","","","","","","","","","","","","","","","","","","","","","","","","",""
"google::protobuf::Arena::CopyConstruct<yggdrasil_decision_forests::model::decision_tree::proto::GrowingStrategyLocalBest>","0.00124629","0.040s","0.000623159","0.020s","0.020s","0.020s","Function","","24","373","","","","","0","0","0","0","0","0","0","0","0","0","0","0","0","0","0","0","0","0","0.927","0.927","46.370","46.370","","","","","","","","","","arena.h:654","tof_fork_g","","","","","","","","","","","","","","","","","","","","","","","","","","","","","","","","","","","","","","","","","","","","","","","","","","","","","","","","","","","","","","","","","","","","","","","","",""
"func@0xa8320","0.000623147","0.020s","0.000623097","0.020s","0.020s","0.020s","Function","","25","11","","","","","","","","","","","","","","","","","","","","","","","","","","","","","","","","","","","","","libstdc++.so.6","","","","","","","","","","","","","","","","","","","","","","","","","","","","","","","","","","","","","","","","","","","","","","","","","","","","","","","","","","","","","","","","","","","","","","","","",""
"yggdrasil_decision_forests::model::decision_tree::proto::DecisionTreeTrainingConfig::control_num_candidate_attributes_case","0.000623147","0.020s","0.000623224","0.020s","0.020s","0.020s","Inlined Function","","23","416","","","","","0","0","0","0","0","0","0","0","0","0","0","0","0","0","0","0","0","0","0.034","0.034","1.717","1.717","","","","","","","","","","decision_tree.pb.h:8548","tof_fork_g","","","","","","","","","","","","","","","","","","","","","","","","","","","","","","","","","","","","","","","","","","","","","","","","","","","","","","","","","","","","","","","","","","","","","","","","",""
"google::protobuf::internal::InternalMetadata::MergeFrom<google::protobuf::UnknownFieldSet>","0.000623147","0.020s","0","0s","0.020s","0s","Inlined Function","","23","289","","","","","","0","","0","","0","","0","","0","","0","","0","","0","","0","","0.069","","3.435","","","","","","","","","","metadata_lite.h:120","tof_fork_g","","","","","","","","","","","","","","","","","","","","","","","","","","","","","","","","","","","","","","","","","","","","","","","","","","","","","","","","","","","","","","","","","","","","","","","","",""
"google::protobuf::internal::InternalMetadata::have_unknown_fields","0.000623147","0.020s","0","0s","0.020s","0s","Inlined Function","","24","288","","","","","","0","","0","","0","","0","","0","","0","","0","","0","","0","","0.069","","3.435","","","","","","","","","","metadata_lite.h:74","tof_fork_g","","","","","","","","","","","","","","","","","","","","","","","","","","","","","","","","","","","","","","","","","","","","","","","","","","","","","","","","","","","","","","","","","","","","","","","","",""
"google::protobuf::internal::InternalMetadata::HasUnknownFieldsTag","0.000623147","0.020s","0.000623115","0.020s","0.020s","0.020s","Inlined Function","","25","287","","","","","0","0","0","0","0","0","0","0","0","0","0","0","0","0","0","0","0","0","0.069","0.069","3.435","3.435","","","","","","","","","","metadata_lite.h:142","tof_fork_g","","","","","","","","","","","","","","","","","","","","","","","","","","","","","","","","","","","","","","","","","","","","","","","","","","","","","","","","","","","","","","","","","","","","","","","","",""
"__intel_avx_rep_memset","0.0236796","0.760s","0.0236796","0.760s","0.080s","0.080s","Function","","22","66","","","","","0","0","0","0","2.267","2.267","0.029","0.029","2.267","2.267","0.029","0.029","0","0","0.181","0.181","0.181","0.181","6.266","6.266","78.326","78.326","Unpacks","Int32; UInt16; UInt256; ","128/256","AVX; AVX2; SSE2","","","","","","","tof_fork_g","171","70346850304","70346850304","0","0","105520275456","351734251520","0","0","0","0","0","0","0","0","0","70346850304","0","0","0","0","0","0","0","0","0","0","0","105520275456","0","0","0","0","0","140693700608","0","562774802432","0","0","0","0","0","0","0","0","0","0","0","0","0","0","0","0","0","0","0","70346850304","0","0","0","0","0","0","0","0","0","0","0","0","0","0","0","0"
"yggdrasil_decision_forests::model::decision_tree::internal::SetCondition","0.0155787","0.500s","0.00249242","0.080s","0.080s","0.020s","Function","","22","213","","","","","0","0","0","0","3.856","3.602","0.057","0.070","3.856","3.602","0.057","0.070","0","0","0.077","0.288","0.077","0.288","1.365","4.115","68.231","51.443","","","","","","","","","","oblique.cc","tof_fork_g","","","","","","","","","","","","","","","","","","","","","","","","","","","","","","","","","","","","","","","","","","","","","","","","","","","","","","","","","","","","","","","","","","","","","","","","",""
"[loop in yggdrasil_decision_forests::model::decision_tree::internal::SetCondition at repeated_field.h:169]","0.00623147","0.200s","0.00498517","0.160s","0.040s","0.020s","Scalar","0","23","309","","","","","0","0","0","0","7.539","4.847","0.102","0.099","7.539","4.847","0.102","0.099","0","0","0.151","0.194","0.151","0.194","1.475","1.956","73.762","48.908","Type Conversions","Int32; Int64","","","","","","","","repeated_field.h:169","tof_fork_g","","","","","","","","","","","","","","","","","","","","","","","","","","","","","","","","","","","","","","","","","","","","","","","","","","","","","","","","","","","","","","","","","","","","","","","","",""
"google::protobuf::RepeatedField<float>::GrowNoAnnotate","0.000623147","0.020s","0","0s","0.020s","0s","Function","","24","336","","","","","","0","0","0","","1.367","0.090","0.090","","1.367","0.090","0.090","0","0","0.027","0.027","0.027","0.027","0.305","0.305","","15.256","","","","","","","","","","repeated_field.h:1193","tof_fork_g","","","","","","","","","","","","","","","","","","","","","","","","","","","","","","","","","","","","","","","","","","","","","","","","","","","","","","","","","","","","","","","","","","","","","","","","",""
"operator new","0.000623147","0.020s","0.000623184","0.020s","0.020s","0.020s","Function","","25","9","","","","","","","","","","","","","","","","","","","","","","","","","","","","","","","","","","","","","libstdc++.so.6","","","","","","","","","","","","","","","","","","","","","","","","","","","","","","","","","","","","","","","","","","","","","","","","","","","","","","","","","","","","","","","","","","","","","","","","",""
"google::protobuf::RepeatedField<int>::GrowNoAnnotate","0.000623147","0.020s","0","0s","0.020s","0s","Function","","24","349","","","","","","0","0","0","","0.787","0.090","0.090","","0.787","0.090","0.090","0","0","0.016","0.016","0.016","0.016","0.176","0.176","","8.793","","","","","","","","","","repeated_field.h:1193","tof_fork_g","","","","","","","","","","","","","","","","","","","","","","","","","","","","","","","","","","","","","","","","","","","","","","","","","","","","","","","","","","","","","","","","","","","","","","","","",""
"operator new","0.000623147","0.020s","0.000623162","0.020s","0.020s","0.020s","Function","","25","9","","","","","","","","","","","","","","","","","","","","","","","","","","","","","","","","","","","","","libstdc++.so.6","","","","","","","","","","","","","","","","","","","","","","","","","","","","","","","","","","","","","","","","","","","","","","","","","","","","","","","","","","","","","","","","","","","","","","","","",""
"yggdrasil_decision_forests::model::decision_tree::proto::Condition::clear_type","0.00436203","0.140s","0","0s","0.020s","0s","Function","","23","291","","","","","","0","0","0","","0.859","0.034","0.029","","0.859","0.034","0.029","0","0","0.013","0.017","0.013","0.017","0.378","0.588","","29.411","","","","","","","","","","decision_tree.pb.cc:4956","tof_fork_g","","","","","","","","","","","","","","","","","","","","","","","","","","","","","","","","","","","","","","","","","","","","","","","","","","","","","","","","","","","","","","","","","","","","","","","","",""
"google::protobuf::MessageLite::GetArena","0.00311573","0.100s","0","0s","0.020s","0s","Inlined Function","","24","294","","","","","","0","","0","","0.215","","0.125","","0.215","","0.125","","0","","0.004","","0.004","","0.034","","1.717","","","","","","","","","","message_lite.h:552","tof_fork_g","","","","","","","","","","","","","","","","","","","","","","","","","","","","","","","","","","","","","","","","","","","","","","","","","","","","","","","","","","","","","","","","","","","","","","","","",""
"google::protobuf::internal::InternalMetadata::arena","0.00311573","0.100s","0","0s","0.020s","0s","Inlined Function","","25","293","","","","","","0","","0","","0.215","","0.125","","0.215","","0.125","","0","","0.004","","0.004","","0.034","","1.717","","","","","","","","","","metadata_lite.h:66","tof_fork_g","","","","","","","","","","","","","","","","","","","","","","","","","","","","","","","","","","","","","","","","","","","","","","","","","","","","","","","","","","","","","","","","","","","","","","","","",""
"google::protobuf::internal::InternalMetadata::have_unknown_fields","0.00311573","0.100s","0","0s","0.020s","0s","Inlined Function","","26","292","","","","","","0","","0","","0.215","","0.125","","0.215","","0.125","","0","","0.004","","0.004","","0.034","","1.717","","","","","","","","","","metadata_lite.h:74","tof_fork_g","","","","","","","","","","","","","","","","","","","","","","","","","","","","","","","","","","","","","","","","","","","","","","","","","","","","","","","","","","","","","","","","","","","","","","","","",""
"google::protobuf::internal::InternalMetadata::HasUnknownFieldsTag","0.00311573","0.100s","0.00311571","0.100s","0.020s","0.020s","Inlined Function","","27","290","","","","","0","0","0","0","0.215","0.215","0.125","0.125","0.215","0.215","0.125","0.125","0","0","0.004","0.004","0.004","0.004","0.034","0.034","1.717","1.717","","","","","","","","","","metadata_lite.h:142","tof_fork_g","","","","","","","","","","","","","","","","","","","","","","","","","","","","","","","","","","","","","","","","","","","","","","","","","","","","","","","","","","","","","","","","","","","","","","","","",""
"yggdrasil_decision_forests::model::decision_tree::proto::Condition_Higher::~Condition_Higher","0.00124629","0.040s","0.00124627","0.040s","0.020s","0.020s","Function","","24","354","","","","","0","0","0","0","0","0","0","0","0","0","0","0","0","0","0","0","0","0","0.176","0.176","8.802","8.802","","","","","","","","","","decision_tree.pb.cc:2322","tof_fork_g","","","","","","","","","","","","","","","","","","","","","","","","","","","","","","","","","","","","","","","","","","","","","","","","","","","","","","","","","","","","","","","","","","","","","","","","",""
"google::protobuf::Arena::DefaultConstruct<yggdrasil_decision_forests::model::decision_tree::proto::Condition_Oblique>","0.00249259","0.080s","0","0s","0.020s","0s","Function","","23","214","","","","","","0","0","0","","0","0","0","","0","0","0","0","0","0","0","0","0","0.206","0.206","","10.304","","","","","","","","","","arena.h:646","tof_fork_g","","","","","","","","","","","","","","","","","","","","","","","","","","","","","","","","","","","","","","","","","","","","","","","","","","","","","","","","","","","","","","","","","","","","","","","","",""
"operator new","0.00249259","0.080s","0.00249263","0.080s","0.020s","0.020s","Function","","24","9","","","","","","","","","","","","","","","","","","","","","","","","","","","","","","","","","","","","","libstdc++.so.6","","","","","","","","","","","","","","","","","","","","","","","","","","","","","","","","","","","","","","","","","","","","","","","","","","","","","","","","","","","","","","","","","","","","","","","","",""
"__libm_pow_l9","0.00997034","0.320s","0.00997013","0.320s","0.040s","0.040s","Function","","22","221","","","","","11.807","11.807","0.237","0.237","6.225","6.225","0.125","0.125","18.032","18.032","0.362","0.362","0.472","0.472","0.249","0.249","0.721","0.721","1.992","1.992","49.803","49.803","Shifts","UInt16; ; ","128","AVX","","","","","","","tof_fork_g","","","","","","","","","","","","","","","","","","","","","","","","","","","","","","","","","","","","","","","","","","","","","","","","","","","","","","","","","","","","","","","","","","","","","","","","",""
"yggdrasil_decision_forests::model::decision_tree::proto::DecisionTreeTrainingConfig::~DecisionTreeTrainingConfig","0.0081009","0.260s","0.00062319","0.020s","0.040s","0.020s","Function","","22","233","","","","","0","0","0","0","0","3.220","0","0.021","0","3.220","0","0.021","0","0","0","0.129","0","0.129","0.137","6.149","6.869","153.710","","","","","","","","","","decision_tree.pb.cc:4331","tof_fork_g","","","","","","","","","","","","","","","","","","","","","","","","","","","","","","","","","","","","","","","","","","","","","","","","","","","","","","","","","","","","","","","","","","","","","","","","",""
"yggdrasil_decision_forests::model::decision_tree::proto::DecisionTreeTrainingConfig::SharedDtor","0.00747776","0.240s","0","0s","0.040s","0s","Function","","23","234","","","","","","0","0","0","","3.220","0.026","0.021","","3.220","0.026","0.021","0","0","0.034","0.129","0.034","0.129","1.297","6.011","","150.275","","","","","","","","","","decision_tree.pb.cc:4335","tof_fork_g","","","","","","","","","","","","","","","","","","","","","","","","","","","","","","","","","","","","","","","","","","","","","","","","","","","","","","","","","","","","","","","","","","","","","","","","",""
"yggdrasil_decision_forests::model::decision_tree::proto::DecisionTreeTrainingConfig::clear_split_axis","0.00373888","0.120s","0.00124638","0.040s","0.040s","0.020s","Inlined Function","","24","310","","","","","0","0","0","0","0.429","1.073","0.028","0.021","0.429","1.073","0.028","0.021","0","0","0.009","0.043","0.009","0.043","0.309","2.009","15.455","50.235","","","","","","","","","","decision_tree.pb.cc:4404","tof_fork_g","","","","","","","","","","","","","","","","","","","","","","","","","","","","","","","","","","","","","","","","","","","","","","","","","","","","","","","","","","","","","","","","","","","","","","","","",""
"yggdrasil_decision_forests::model::decision_tree::proto::DecisionTreeTrainingConfig_SparseObliqueSplit::~DecisionTreeTrainingConfig_SparseObliqueSplit","0.00124629","0.040s","0.000623147","0.020s","0.020s","0.020s","Function","","25","307","","","","","0","0","0","0","0","1.717","0","0.020","0","1.717","0","0.020","0","0","0","0.034","0","0.034","0.343","1.700","17.175","85.013","","","","","","","","","","decision_tree.pb.cc:2172","tof_fork_g","","","","","","","","","","","","","","","","","","","","","","","","","","","","","","","","","","","","","","","","","","","","","","","","","","","","","","","","","","","","","","","","","","","","","","","","",""
"yggdrasil_decision_forests::model::decision_tree::proto::DecisionTreeTrainingConfig_SparseObliqueSplit::~DecisionTreeTrainingConfig_SparseObliqueSplit","0.000623147","0.020s","0","0s","0.020s","0s","Inlined Function","","26","308","","","","","","0","","0","","1.717","","0.025","","1.717","","0.025","","0","","0.034","","0.034","","1.357","","67.839","","","","","","","","","","decision_tree.pb.cc:2172","tof_fork_g","","","","","","","","","","","","","","","","","","","","","","","","","","","","","","","","","","","","","","","","","","","","","","","","","","","","","","","","","","","","","","","","","","","","","","","","",""
"yggdrasil_decision_forests::model::decision_tree::proto::DecisionTreeTrainingConfig_SparseObliqueSplit::SharedDtor","0.000623147","0.020s","0","0s","0.020s","0s","Inlined Function","","27","306","","","","","","0","0","0","","1.717","0.200","0.025","","1.717","0.200","0.025","0","0","0.009","0.034","0.009","0.034","0.043","1.357","","67.839","","","","","","","","","","decision_tree.pb.cc:2176","tof_fork_g","","","","","","","","","","","","","","","","","","","","","","","","","","","","","","","","","","","","","","","","","","","","","","","","","","","","","","","","","","","","","","","","","","","","","","","","",""
"yggdrasil_decision_forests::model::decision_tree::proto::DecisionTreeTrainingConfig_SparseObliqueSplit::clear_weights","0.000623147","0.020s","0","0s","0.020s","0s","Function","","28","318","","","","","","0","0","0","","1.288","0.027","0.020","","1.288","0.027","0.020","0","0","0.026","0.026","0.026","0.026","0.970","1.314","","65.692","","","","","","","","","","decision_tree.pb.cc:2186","tof_fork_g","","","","","","","","","","","","","","","","","","","","","","","","","","","","","","","","","","","","","","","","","","","","","","","","","","","","","","","","","","","","","","","","","","","","","","","","",""
"yggdrasil_decision_forests::model::decision_tree::proto::DecisionTreeTrainingConfig_SparseObliqueSplit_BinaryWeights::~DecisionTreeTrainingConfig_SparseObliqueSplit_BinaryWeights","0.000623147","0.020s","0.000623156","0.020s","0.020s","0.020s","Function","","29","311","","","","","0","0","0","0","0","0","0","0","0","0","0","0","0","0","0","0","0","0","0.343","0.343","17.174","17.174","","","","","","","","","","decision_tree.pb.h:2022","tof_fork_g","","","","","","","","","","","","","","","","","","","","","","","","","","","","","","","","","","","","","","","","","","","","","","","","","","","","","","","","","","","","","","","","","","","","","","","","",""
"__libc_free","0.00124629","0.040s","0.00124626","0.040s","0.020s","0.020s","Function","","25","23","","","","","","","","","","","","","","","","","","","","","","","","","","","","","","","","","","","","","libc.so.6","","","","","","","","","","","","","","","","","","","","","","","","","","","","","","","","","","","","","","","","","","","","","","","","","","","","","","","","","","","","","","","","","","","","","","","","",""
"yggdrasil_decision_forests::model::decision_tree::proto::Categorical::~Categorical","0.00186944","0.060s","0","0s","0.020s","0s","Function","","24","236","","","","","","0","0","0","","1.288","0","0.018","","1.288","0","0.018","0","0","0","0.026","0","0.026","0.704","1.460","","72.989","","","","","","","","","","decision_tree.pb.cc:6542","tof_fork_g","","","","","","","","","","","","","","","","","","","","","","","","","","","","","","","","","","","","","","","","","","","","","","","","","","","","","","","","","","","","","","","","","","","","","","","","",""
"yggdrasil_decision_forests::model::decision_tree::proto::Categorical::SharedDtor","0.00186944","0.060s","0","0s","0.020s","0s","Inlined Function","","25","238","","","","","","0","0","0","","1.288","0.125","0.034","","1.288","0.125","0.034","0","0","0.009","0.026","0.009","0.026","0.069","0.756","","37.783","","","","","","","","","","decision_tree.pb.cc:6546","tof_fork_g","","","","","","","","","","","","","","","","","","","","","","","","","","","","","","","","","","","","","","","","","","","","","","","","","","","","","","","","","","","","","","","","","","","","","","","","",""
"yggdrasil_decision_forests::model::decision_tree::proto::Categorical::clear_algorithm","0.00124629","0.040s","0","0s","0.020s","0s","Inlined Function","","26","430","","","","","","0","0","0","","0.429","0.036","0.013","","0.429","0.036","0.013","0","0","0.009","0.009","0.009","0.009","0.240","0.653","","32.630","","","","","","","","","","decision_tree.pb.cc:6556","tof_fork_g","","","","","","","","","","","","","","","","","","","","","","","","","","","","","","","","","","","","","","","","","","","","","","","","","","","","","","","","","","","","","","","","","","","","","","","","",""
"yggdrasil_decision_forests::model::decision_tree::proto::Categorical_CART::~Categorical_CART","0.000623147","0.020s","0.000623175","0.020s","0.020s","0.020s","Function","","27","415","","","","","0","0","0","0","0","0","0","0","0","0","0","0","0","0","0","0","0","0","0.343","0.343","17.174","17.174","","","","","","","","","","decision_tree.pb.h:3631","tof_fork_g","","","","","","","","","","","","","","","","","","","","","","","","","","","","","","","","","","","","","","","","","","","","","","","","","","","","","","","","","","","","","","","","","","","","","","","","",""
"google::protobuf::MessageLite::GetArena","0.000623147","0.020s","0","0s","0.020s","0s","Inlined Function","","27","455","","","","","","0","","0","","0","","0","","0","","0","","0","","0","","0","","0.069","","3.435","","","","","","","","","","message_lite.h:552","tof_fork_g","","","","","","","","","","","","","","","","","","","","","","","","","","","","","","","","","","","","","","","","","","","","","","","","","","","","","","","","","","","","","","","","","","","","","","","","",""
"google::protobuf::internal::InternalMetadata::arena","0.000623147","0.020s","0","0s","0.020s","0s","Inlined Function","","28","454","","","","","","0","","0","","0","","0","","0","","0","","0","","0","","0","","0.069","","3.435","","","","","","","","","","metadata_lite.h:66","tof_fork_g","","","","","","","","","","","","","","","","","","","","","","","","","","","","","","","","","","","","","","","","","","","","","","","","","","","","","","","","","","","","","","","","","","","","","","","","",""
"google::protobuf::internal::InternalMetadata::have_unknown_fields","0.000623147","0.020s","0","0s","0.020s","0s","Inlined Function","","29","453","","","","","","0","","0","","0","","0","","0","","0","","0","","0","","0","","0.069","","3.435","","","","","","","","","","metadata_lite.h:74","tof_fork_g","","","","","","","","","","","","","","","","","","","","","","","","","","","","","","","","","","","","","","","","","","","","","","","","","","","","","","","","","","","","","","","","","","","","","","","","",""
"google::protobuf::internal::InternalMetadata::HasUnknownFieldsTag","0.000623147","0.020s","0.00062315","0.020s","0.020s","0.020s","Inlined Function","","30","452","","","","","0","0","0","0","0","0","0","0","0","0","0","0","0","0","0","0","0","0","0.069","0.069","3.435","3.435","","","","","","","","","","metadata_lite.h:142","tof_fork_g","","","","","","","","","","","","","","","","","","","","","","","","","","","","","","","","","","","","","","","","","","","","","","","","","","","","","","","","","","","","","","","","","","","","","","","","",""
"yggdrasil_decision_forests::model::decision_tree::proto::Categorical::has_algorithm","0.000623147","0.020s","0","0s","0.020s","0s","Inlined Function","","26","237","","","","","","0","","0","","0.429","","0.250","","0.429","","0.250","","0","","0.009","","0.009","","0.034","","1.717","","","","","","","","","","decision_tree.pb.h:9135","tof_fork_g","","","","","","","","","","","","","","","","","","","","","","","","","","","","","","","","","","","","","","","","","","","","","","","","","","","","","","","","","","","","","","","","","","","","","","","","",""
"yggdrasil_decision_forests::model::decision_tree::proto::Categorical::algorithm_case","0.000623147","0.020s","0.000623147","0.020s","0.020s","0.020s","Inlined Function","","27","235","","","","","0","0","0","0","0.429","0.429","0.250","0.250","0.429","0.429","0.250","0.250","0","0","0.009","0.009","0.009","0.009","0.034","0.034","1.717","1.717","","","","","","","","","","decision_tree.pb.h:9141","tof_fork_g","","","","","","","","","","","","","","","","","","","","","","","","","","","","","","","","","","","","","","","","","","","","","","","","","","","","","","","","","","","","","","","","","","","","","","","","",""
"__libc_free","0.00124629","0.040s","0.0012463","0.040s","0.020s","0.020s","Function","","24","23","","","","","","","","","","","","","","","","","","","","","","","","","","","","","","","","","","","","","libc.so.6","","","","","","","","","","","","","","","","","","","","","","","","","","","","","","","","","","","","","","","","","","","","","","","","","","","","","","","","","","","","","","","","","","","","","","","","",""
"yggdrasil_decision_forests::model::decision_tree::proto::DecisionTreeTrainingConfig::clear_growing_strategy","0.000623147","0.020s","0","0s","0.020s","0s","Function","","24","412","","","","","","0","0","0","","1.288","0.031","0.021","","1.288","0.031","0.021","0","0","0.026","0.026","0.026","0.026","0.833","1.245","","62.261","","","","","","","","","","decision_tree.pb.cc:4377","tof_fork_g","","","","","","","","","","","","","","","","","","","","","","","","","","","","","","","","","","","","","","","","","","","","","","","","","","","","","","","","","","","","","","","","","","","","","","","","",""
"func@0x7b21e0","0.000623147","0.020s","0.000623118","0.020s","0.020s","0.020s","Function","","25","259","","","","","0","0","0","0","0","0","0","0","0","0","0","0","0","0","0","0","0","0","0.412","0.412","20.611","20.611","","","","","","","","","","","tof_fork_g","","","","","","","","","","","","","","","","","","","","","","","","","","","","","","","","","","","","","","","","","","","","","","","","","","","","","","","","","","","","","","","","","","","","","","","","",""
"[loop in yggdrasil_decision_forests::model::decision_tree::FindBestConditionSparseObliqueTemplate<yggdrasil_decision_forests::model::decision_tree::ClassificationLabelStats> at stl_numeric.h:97]","0.00557716","0.179s","0.0055762","0.179s","0.040s","0.040s","Vectorized (Body)","0","22","243","","AVX512","8","","0","0","0","0","52.288","52.288","0.375","0.375","52.288","52.288","0.375","0.375","0","0","2.091","2.091","2.091","2.091","5.577","5.577","139.435","139.435","","UInt16; ","128","AVX; AVX512F_128","","","","","","stl_numeric.h:97","tof_fork_g","","","","","","","","","","","","","","","","","","","","","","","","","","","","","","","","","","","","","","","","","","","","","","","","","","","","","","","","","","","","","","","","","","","","","","","","",""
"__libc_free","0.00186944","0.060s","0.00186964","0.060s","0.020s","0.020s","Function","","22","23","","","","","","","","","","","","","","","","","","","","","","","","","","","","","","","","","","","","","libc.so.6","","","","","","","","","","","","","","","","","","","","","","","","","","","","","","","","","","","","","","","","","","","","","","","","","","","","","","","","","","","","","","","","","","","","","","","","",""
"[loop in yggdrasil_decision_forests::model::decision_tree::FindBestConditionSparseObliqueTemplate<yggdrasil_decision_forests::model::decision_tree::ClassificationLabelStats> at stl_iterator.h:1247]","0.00124629","0.040s","0.00124631","0.040s","0.020s","0.020s","Scalar","0","22","392","","","","","0","0","0","0","1.289","1.289","0.500","0.500","1.289","1.289","0.500","0.500","0","0","0.026","0.026","0.026","0.026","0.052","0.052","2.579","2.579","","","","","","","","","","stl_iterator.h:1247","tof_fork_g","","","","","","","","","","","","","","","","","","","","","","","","","","","","","","","","","","","","","","","","","","","","","","","","","","","","","","","","","","","","","","","","","","","","","","","","",""
"operator delete","0.000623147","0.020s","0.00062315","0.020s","0.020s","0.020s","Function","","22","12","","","","","","","","","","","","","","","","","","","","","","","","","","","","","","","","","","","","","libstdc++.so.6","","","","","","","","","","","","","","","","","","","","","","","","","","","","","","","","","","","","","","","","","","","","","","","","","","","","","","","","","","","","","","","","","","","","","","","","",""
"func@0xa8320","0.000623147","0.020s","0.000623122","0.020s","0.020s","0.020s","Function","","22","11","","","","","","","","","","","","","","","","","","","","","","","","","","","","","","","","","","","","","libstdc++.so.6","","","","","","","","","","","","","","","","","","","","","","","","","","","","","","","","","","","","","","","","","","","","","","","","","","","","","","","","","","","","","","","","","","","","","","","","",""
"func@0x7b21e0","0.000623147","0.020s","0.000623109","0.020s","0.020s","0.020s","Function","","22","259","","","","","","","","","","","","","","","","","","","","","","","","","","","","","","","","","","","","","tof_fork_g","","","","","","","","","","","","","","","","","","","","","","","","","","","","","","","","","","","","","","","","","","","","","","","","","","","","","","","","","","","","","","","","","","","","","","","","",""
"__intel_avx_rep_memset","0.00311573","0.100s","0.000623471","0.020s","0.020s","0.020s","Function","","21","66","","","","","","","","","","","","","","","","","","","","","","","","","","","Unpacks","Int32; UInt16; UInt256; ","128/256","AVX; AVX2; SSE2","","","","","","","tof_fork_g","","","","","","","","","","","","","","","","","","","","","","","","","","","","","","","","","","","","","","","","","","","","","","","","","","","","","","","","","","","","","","","","","","","","","","","","",""
"[loop in __intel_avx_rep_memset]","0.00249259","0.080s","0.00249241","0.080s","0.020s","0.020s","Vectorized (Body)","0","22","207","","AVX","8","","","","","","","","","","","","","","","","","","","","","","","","","UInt16","256","AVX","","","","","","","tof_fork_g","","","","","","","","","","","","","","","","","","","","","","","","","","","","","","","","","","","","","","","","","","","","","","","","","","","","","","","","","","","","","","","","","","","","","","","","",""
"yggdrasil_decision_forests::model::decision_tree::internal::SampleProjection","0.00249259","0.080s","0.00249238","0.080s","0.040s","0.040s","Function","","21","158","","","","","","","","","","","","","","","","","","","","","","","","","","","Divisions; Shuffles; Square Roots; Unpacks","Int32; Int64; ; ","128","AVX; AVX2; AVX512DQ_128; AVX512F_128","","","","","","oblique.cc","tof_fork_g","","","","","","","","","","","","","","","","","","","","","","","","","","","","","","","","","","","","","","","","","","","","","","","","","","","","","","","","","","","","","","","","","","","","","","","","",""
"yggdrasil_decision_forests::model::decision_tree::EvaluateProjection<yggdrasil_decision_forests::model::decision_tree::ClassificationLabelStats, std::vector<int, std::allocator<int>>>","0.00186944","0.060s","0.00186945","0.060s","0.060s","0.060s","Function","","21","117","","","","","","","","","","","","","","","","","","","","","","","","","","","","Int32","128/256","AVX","","","","","","oblique.cc","tof_fork_g","","","","","","","","","","","","","","","","","","","","","","","","","","","","","","","","","","","","","","","","","","","","","","","","","","","","","","","","","","","","","","","","","","","","","","","","",""
"yggdrasil_decision_forests::model::decision_tree::internal::ProjectionEvaluator::Evaluate","0.00124629","0.040s","0.00124632","0.040s","0.020s","0.020s","Function","","21","138","","","","","","","","","","","","","","","","","","","","","","","","","","","FMA; Gathers; Inserts; Shuffles; Unpacks","Int32; UInt16; UInt256; ; ","128/256","AVX; AVX2; AVX512F_256; FMA","","","","","","oblique.cc:1307","tof_fork_g","","","","","","","","","","","","","","","","","","","","","","","","","","","","","","","","","","","","","","","","","","","","","","","","","","","","","","","","","","","","","","","","","","","","","","","","",""
"yggdrasil_decision_forests::model::decision_tree::FindBestConditionClassification","0.325906","10.460s","0.183204","5.880s","0.600s","0.340s","Function","","19","155","","","","","0","0","0","0","9.850","9.303","0.036","0.039","9.850","9.303","0.036","0.039","0","0","3.349","5.582","3.349","5.582","92.657","144.567","272.527","240.943","","","","","","","","","","training.cc","tof_fork_g","","","","","","","","","","","","","","","","","","","","","","","","","","","","","","","","","","","","","","","","","","","","","","","","","","","","","","","","","","","","","","","","","","","","","","","","",""
"yggdrasil_decision_forests::model::decision_tree::(anonymous namespace)::FailIfMonotonic","0.123383","3.960s","0.123383","3.960s","0.240s","0.240s","Function","","20","156","","","","","0","0","0","0","9.303","9.303","0.043","0.043","9.303","9.303","0.043","0.043","0","0","2.233","2.233","2.233","2.233","51.910","51.910","216.295","216.295","","","","","","","","","","training.cc","tof_fork_g","350","68698489","68698489","0","0","11335804109987009","7496724048","0","0","0","0","0","0","0","0","0","68698489","0","0","0","0","0","0","0","0","0","0","0","11333618467634255","0","0","2185642352754","0","0","1288096899","1760399141","6904199352","12125285848","0","0","0","0","0","0","0","0","0","0","0","0","0","0","0","0","0","0","25761939","0","0","0","0","0","0","0","0","0","0","0","0","0","0","0","17174620"
"yggdrasil_decision_forests::dataset::VerticalDataset::NumericalColumn::type","0.0193175","0.620s","0.0193178","0.620s","0.060s","0.060s","Function","","20","225","","","","","","","","","","","","","","","","","","","","","","","","","","","","","","","","","","","","vertical_dataset.h:298","tof_fork_g","","","","","","","","","","","","","","","","","","","","","","","","","","","","","","","","","","","","","","","","","","","","","","","","","","","","","","","","","","","","","","","","","","","","","","","","",""
"std::uniform_int_distribution<unsigned long>::operator()<std::mersenne_twister_engine<unsigned long, (unsigned long)32, (unsigned long)624, (unsigned long)397, (unsigned long)31, (unsigned long)2567483615, (unsigned long)11, (unsigned long)4294967295, (unsigned long)7, (unsigned long)2636928640, (unsigned long)15, (unsigned long)4022730752, (unsigned long)18, (unsigned long)1812433253>>","0.0305342","0.980s","0.0105935","0.340s","0.080s","0.040s","Function","","19","174","","","","","0","0","0","0","41.859","134.712","0.042","0.151","41.859","134.712","0.042","0.151","0","0","1.675","10.777","1.675","10.777","40.189","71.561","1004.628","894.494","","","","","","","","","","uniform_int_dist.h:288","tof_fork_g","","","","","","","","","","","","","","","","","","","","","","","","","","","","","","","","","","","","","","","","","","","","","","","","","","","","","","","","","","","","","","","","","","","","","","","","",""
"std::uniform_int_distribution<unsigned long>::_S_nd<unsigned long, std::mersenne_twister_engine<unsigned long, (unsigned long)32, (unsigned long)624, (unsigned long)397, (unsigned long)31, (unsigned long)2567483615, (unsigned long)11, (unsigned long)4294967295, (unsigned long)7, (unsigned long)2636928640, (unsigned long)15, (unsigned long)4022730752, (unsigned long)18, (unsigned long)1812433253>, unsigned int>","0.0199407","0.640s","0.00810078","0.260s","0.080s","0.060s","Inlined Function","","20","173","","","","","0","0","","0","18.607","113.781","","0.290","18.607","113.781","","0.290","0","0","1.116","9.103","1.116","9.103","0","31.373","0","392.149","","","","","","","","","","uniform_int_dist.h:257","tof_fork_g","393","0","0","0","0","0","0","0","0","0","0","0","0","0","0","0","0","0","0","0","0","0","0","0","0","0","0","0","0","0","0","0","0","0","0","0","0","0","0","0","0","0","0","0","0","0","0","0","0","0","0","0","0","0","0","0","0","0","0","0","0","0","0","0","0","0","0","0","0","0","0","0","0"
"std::mersenne_twister_engine<unsigned long, (unsigned long)32, (unsigned long)624, (unsigned long)397, (unsigned long)31, (unsigned long)2567483615, (unsigned long)11, (unsigned long)4294967295, (unsigned long)7, (unsigned long)2636928640, (unsigned long)15, (unsigned long)4022730752, (unsigned long)18, (unsigned long)1812433253>::operator()","0.0118398","0.380s","0.0105935","0.340s","0.080s","0.080s","Function","","21","177","","","","","0","0","0","0","89.666","99.827","0.362","0.255","89.666","99.827","0.362","0.255","0","0","7.173","7.986","7.173","7.986","19.806","31.373","247.571","392.149","Shifts","UInt16; ","256","AVX; AVX2; AVX512F_256","","","","","","random.tcc:455","tof_fork_g","","","","","","","","","","","","","","","","","","","","","","","","","","","","","","","","","","","","","","","","","","","","","","","","","","","","","","","","","","","","","","","","","","","","","","","","",""
"std::mersenne_twister_engine<unsigned long, (unsigned long)32, (unsigned long)624, (unsigned long)397, (unsigned long)31, (unsigned long)2567483615, (unsigned long)11, (unsigned long)4294967295, (unsigned long)7, (unsigned long)2636928640, (unsigned long)15, (unsigned long)4022730752, (unsigned long)18, (unsigned long)1812433253>::_M_gen_rand","0.00124629","0.040s","0","0s","0.020s","0s","Inlined Function","","22","176","","","","","","0","0","0","","40.633","0.069","0.070","","40.633","0.069","0.070","0","0","0.015","0.813","0.015","0.813","0.222","11.567","","578.176","Shifts","UInt16; ","256","AVX; AVX2; AVX512F_256","","","","","","random.tcc:399","tof_fork_g","","","","","","","","","","","","","","","","","","","","","","","","","","","","","","","","","","","","","","","","","","","","","","","","","","","","","","","","","","","","","","","","","","","","","","","","",""
"[loop in std::mersenne_twister_engine<unsigned long, (unsigned long)32, (unsigned long)624, (unsigned long)397, (unsigned long)31, (unsigned long)2567483615, (unsigned long)11, (unsigned long)4294967295, (unsigned long)7, (unsigned long)2636928640, (unsigned long)15, (unsigned long)4022730752, (unsigned long)18, (unsigned long)1812433253>::_M_gen_rand at random.tcc:412]","0.00124629","0.040s","0.00124644","0.040s","0.020s","0.020s","Vectorized (Body)","0","23","175","","AVX512","16","","0","0","0","0","39.873","39.873","0.070","0.070","39.873","39.873","0.070","0.070","0","0","0.798","0.798","0.798","0.798","11.345","11.345","567.077","567.077","Shifts","UInt16; ","256","AVX; AVX2; AVX512F_256","","","","","","random.tcc:412","tof_fork_g","394","0","0","0","0","790032520","549587840","0","51523860","0","0","0","0","0","0","0","0","0","0","0","0","0","0","0","51523860","0","0","0","738508660","0","0","0","0","0","111635030","171746200","2885336160","1442668080","0","0","0","0","0","0","0","0","0","0","0","0","0","0","0","0","0","0","0","0","0","0","0","0","0","0","0","0","0","0","0","0","0","0","25761930"
"[loop in yggdrasil_decision_forests::model::decision_tree::FindBestCondition at repeated_field.h:203]","0.00373888","0.120s","0.00373913","0.120s","0.020s","0.020s","Scalar","0","18","224","","","","","","","","","","","","","","","","","","","","","","","","","","","","Int64","","","","","","","","repeated_field.h:203","tof_fork_g","","","","","","","","","","","","","","","","","","","","","","","","","","","","","","","","","","","","","","","","","","","","","","","","","","","","","","","","","","","","","","","","","","","","","","","","",""
"yggdrasil_decision_forests::dataset::VerticalDataset::ColumnWithCastWithStatus<yggdrasil_decision_forests::dataset::VerticalDataset::CategoricalColumn>","0.00186944","0.060s","0.0006231","0.020s","0.020s","0.020s","Function","","18","254","","","","","0","0","0","0","1.288","1.288","0.019","0.019","1.288","1.288","0.019","0.019","0","0","0.026","0.026","0.026","0.026","1.374","1.374","68.704","68.695","","Int32","128","AVX","","","","","","vertical_dataset.h:1093","tof_fork_g","","","","","","","","","","","","","","","","","","","","","","","","","","","","","","","","","","","","","","","","","","","","","","","","","","","","","","","","","","","","","","","","","","","","","","","","",""
"__dynamic_cast","0.00124629","0.040s","0.00124635","0.040s","0.020s","0.020s","Function","","19","10","","","","","","","","","","","","","","","","","","","","","","","","","","","","","","","","","","","","","libstdc++.so.6","","","","","","","","","","","","","","","","","","","","","","","","","","","","","","","","","","","","","","","","","","","","","","","","","","","","","","","","","","","","","","","","","","","","","","","","",""
"yggdrasil_decision_forests::model::decision_tree::FindBestConditionClassification","0.00124629","0.040s","0.0012464","0.040s","0.020s","0.020s","Function","","18","155","","","","","","","","","","","","","","","","","","","","","","","","","","","","","","","","","","","","training.cc","tof_fork_g","","","","","","","","","","","","","","","","","","","","","","","","","","","","","","","","","","","","","","","","","","","","","","","","","","","","","","","","","","","","","","","","","","","","","","","","",""
"yggdrasil_decision_forests::model::decision_tree::internal::SplitExamplesInPlace","0.53466","17.160s","0.00124631","0.040s","0.920s","0.020s","Function","","17","166","","","","","0","5.035","0","0.015","0.644","24.248","0.015","0.072","0.644","29.283","0.015","0.087","0","4.632","0.013","22.308","0.013","26.940","0.859","311.270","42.935","338.347","","Int32","256","AVX","","","","","","training.cc","tof_fork_g","","","","","","","","","","","","","","","","","","","","","","","","","","","","","","","","","","","","","","","","","","","","","","","","","","","","","","","","","","","","","","","","","","","","","","","","",""
"yggdrasil_decision_forests::model::decision_tree::EvalConditionOnDataset","0.533413","17.120s","0.00560847","0.180s","0.920s","0.040s","Function","","18","168","","","","","0","5.035","0","0.015","8.268","24.234","0.070","0.072","8.268","29.269","0.070","0.087","0","4.632","0.331","22.295","0.331","26.927","4.744","310.412","118.587","337.414","","Int32","128/256","AVX","","","","","","decision_tree.cc","tof_fork_g","","","","","","","","","","","","","","","","","","","","","","","","","","","","","","","","","","","","","","","","","","","","","","","","","","","","","","","","","","","","","","","","","","","","","","","","",""
"[loop in yggdrasil_decision_forests::model::decision_tree::EvalConditionOnDataset at decision_tree.cc]","0.516588","16.580s","0.0685452","2.200s","0.880s","0.140s","Scalar","1","19","167","","","","","0","5.264","0","0.016","76.298","24.570","0.195","0.072","76.298","29.834","0.195","0.088","0","4.632","10.682","21.621","10.682","26.253","54.744","298.593","391.028","339.322","","","","","","","","","","decision_tree.cc","tof_fork_g","","","","","","","","","","","","","","","","","","","","","","","","","","","","","","","","","","","","","","","","","","","","","","","","","","","","","","","","","","","","","","","","","","","","","","","","",""
"yggdrasil_decision_forests::model::decision_tree::EvalConditionOblique::operator()","0.448042","14.380s","0.130238","4.180s","0.760s","0.260s","Function","","20","170","","","","","15.170","6.095","0.018","0.019","41.415","14.394","0.050","0.045","56.585","20.489","0.069","0.064","3.944","4.632","10.768","10.940","14.712","15.571","214.232","243.849","823.997","320.863","","","","","","","","","","decision_tree.cc:882","tof_fork_g","","","","","","","","","","","","","","","","","","","","","","","","","","","","","","","","","","","","","","","","","","","","","","","","","","","","","","","","","","","","","","","","","","","","","","","","",""
"std::isnan","0.269822","8.660s","0.269822","8.660s","0.540s","0.540s","Inlined Function","","21","169","","","","","","","","","","","","","","","","","","","","","","","","","","","","","","","","","","","","cmath:1182","tof_fork_g","","","","","","","","","","","","","","","","","","","","","","","","","","","","","","","","","","","","","","","","","","","","","","","","","","","","","","","","","","","","","","","","","","","","","","","","",""
"[loop in yggdrasil_decision_forests::model::decision_tree::EvalConditionOblique::operator() at decision_tree.cc:886]","0.042374","1.360s","0.00747766","0.240s","0.160s","0.040s","Scalar","0","21","206","","","","","17.195","4.299","0.083","0.083","4.299","1.075","0.021","0.021","21.494","5.374","0.104","0.104","0.688","0.688","0.172","0.172","0.860","0.860","8.254","8.254","206.341","51.589","FMA","Int32","","","","","","","","decision_tree.cc:886","tof_fork_g","","","","","","","","","","","","","","","","","","","","","","","","","","","","","","","","","","","","","","","","","","","","","","","","","","","","","","","","","","","","","","","","","","","","","","","","",""
"std::isnan","0.0348962","1.120s","0.0348965","1.120s","0.140s","0.140s","Inlined Function","","22","169","","","","","","","","","","","","","","","","","","","","","","","","","","","","","","","","","","","","cmath:1182","tof_fork_g","","","","","","","","","","","","","","","","","","","","","","","","","","","","","","","","","","","","","","","","","","","","","","","","","","","","","","","","","","","","","","","","","","","","","","","","",""
"std::vector<std::vector<float, std::allocator<float>> const*, std::allocator<std::vector<float, std::allocator<float>> const*>>::operator[]","0.00311573","0.100s","0.00311576","0.100s","0.040s","0.040s","Inlined Function","","21","297","","","","","0","0","0","0","0","0","0","0","0","0","0","0","0","0","0","0","0","0","10.682","10.682","267.043","267.043","","","","","","","","","","stl_vector.h:1280","tof_fork_g","","","","","","","","","","","","","","","","","","","","","","","","","","","","","","","","","","","","","","","","","","","","","","","","","","","","","","","","","","","","","","","","","","","","","","","","",""
"std::vector<float, std::allocator<float>>::operator[]","0.00249259","0.080s","0.00249282","0.080s","0.040s","0.040s","Inlined Function","","21","255","","","","","0","0","0","0","0","0","0","0","0","0","0","0","0","0","0","0","0","0","10.682","10.682","267.030","267.030","","","","","","","","","","stl_vector.h:1261","tof_fork_g","","","","","","","","","","","","","","","","","","","","","","","","","","","","","","","","","","","","","","","","","","","","","","","","","","","","","","","","","","","","","","","","","","","","","","","","",""
"[loop in yggdrasil_decision_forests::model::decision_tree::EvalConditionOnDataset at stl_algo.h:1044]","0.00560832","0.180s","0","0s","0.040s","0s","Scalar Versions","0","19","463","","","","","","0","","0","","6.724","","0.051","","6.724","","0.051","","0","","0.269","","0.269","","5.326","","133.145","","","","","","","","","","stl_algo.h:1044","tof_fork_g","","","","","","","","","","","","","","","","","","","","","","","","","","","","","","","","","","","","","","","","","","","","","","","","","","","","","","","","","","","","","","","","","","","","","","","","",""
"[loop in yggdrasil_decision_forests::model::decision_tree::EvalConditionOnDataset at stl_algo.h:1044]","0.00498517","0.160s","0.00498517","0.160s","0.040s","0.040s","Scalar","0","19","317","","","","","0","0","0","0","6.130","6.130","0.047","0.047","6.130","6.130","0.047","0.047","0","0","0.245","0.245","0.245","0.245","5.231","5.231","130.774","130.774","","","","","","","","","","stl_algo.h:1044","tof_fork_g","","","","","","","","","","","","","","","","","","","","","","","","","","","","","","","","","","","","","","","","","","","","","","","","","","","","","","","","","","","","","","","","","","","","","","","","",""
"[loop in yggdrasil_decision_forests::model::decision_tree::EvalConditionOnDataset at stl_algo.h:1044]","0.000623147","0.020s","0.000623175","0.020s","0.020s","0.020s","Scalar","0","19","414","","","","","0","0","0","0","1.189","1.189","0.250","0.250","1.189","1.189","0.250","0.250","0","0","0.024","0.024","0.024","0.024","0.095","0.095","4.756","4.756","","","","","","","","","","stl_algo.h:1044","tof_fork_g","","","","","","","","","","","","","","","","","","","","","","","","","","","","","","","","","","","","","","","","","","","","","","","","","","","","","","","","","","","","","","","","","","","","","","","","",""
"[loop in yggdrasil_decision_forests::model::decision_tree::EvalConditionOnDataset at vector.tcc:114]","0.00311573","0.100s","0","0s","0.020s","0s","Scalar","0","19","395","","","","","","0","0","0","","3.704","0.092","0.042","","3.704","0.092","0.042","0","0","0.052","0.074","0.052","0.074","0.563","1.748","","87.404","","","","","","","","","","vector.tcc:114","tof_fork_g","","","","","","","","","","","","","","","","","","","","","","","","","","","","","","","","","","","","","","","","","","","","","","","","","","","","","","","","","","","","","","","","","","","","","","","","",""
"yggdrasil_decision_forests::dataset::VerticalDataset::ColumnWithCastWithStatus<yggdrasil_decision_forests::dataset::VerticalDataset::NumericalColumn>","0.00311573","0.100s","0","0s","0.020s","0s","Function","","20","396","","","","","","0","0","0","","1.111","0.019","0.019","","1.111","0.019","0.019","0","0","0.022","0.022","0.022","0.022","1.185","1.185","","59.257","","Int32","128","AVX","","","","","","vertical_dataset.h:1093","tof_fork_g","","","","","","","","","","","","","","","","","","","","","","","","","","","","","","","","","","","","","","","","","","","","","","","","","","","","","","","","","","","","","","","","","","","","","","","","",""
"__dynamic_cast","0.00311573","0.100s","0.00311592","0.100s","0.020s","0.020s","Function","","21","10","","","","","","","","","","","","","","","","","","","","","","","","","","","","","","","","","","","","","libstdc++.so.6","","","","","","","","","","","","","","","","","","","","","","","","","","","","","","","","","","","","","","","","","","","","","","","","","","","","","","","","","","","","","","","","","","","","","","","","",""
"operator new","0.00124629","0.040s","0.00124638","0.040s","0.020s","0.020s","Function","","19","9","","","","","","","","","","","","","","","","","","","","","","","","","","","","","","","","","","","","","libstdc++.so.6","","","","","","","","","","","","","","","","","","","","","","","","","","","","","","","","","","","","","","","","","","","","","","","","","","","","","","","","","","","","","","","","","","","","","","","","",""
"__libc_free","0.00124629","0.040s","0.00124631","0.040s","0.020s","0.020s","Function","","19","23","","","","","","","","","","","","","","","","","","","","","","","","","","","","","","","","","","","","","libc.so.6","","","","","","","","","","","","","","","","","","","","","","","","","","","","","","","","","","","","","","","","","","","","","","","","","","","","","","","","","","","","","","","","","","","","","","","","",""
"std::_Function_handler<absl::lts_20250814::Status (yggdrasil_decision_forests::dataset::VerticalDataset const&, absl::lts_20250814::Span<unsigned int const>, std::vector<float, std::allocator<float>> const&, yggdrasil_decision_forests::model::proto::TrainingConfig const&, yggdrasil_decision_forests::model::proto::TrainingConfigLinking const&, yggdrasil_decision_forests::model::decision_tree::NodeWithChildren*), absl::lts_20250814::Status (yggdrasil_decision_forests::dataset::VerticalDataset const&, absl::lts_20250814::Span<unsigned int const>, std::vector<float, std::allocator<float>> const&, yggdrasil_decision_forests::model::proto::TrainingConfig const&, yggdrasil_decision_forests::model::proto::TrainingConfigLinking const&, yggdrasil_decision_forests::model::decision_tree::NodeWithChildren*)*>::_M_invoke","0.104689","3.360s","0","0s","0.260s","0s","Function","","17","147","","","","","","3.276","0","0.038","","3.519","0","0.040","","6.795","0","0.078","0","0.852","0","0.915","0","1.767","0.206","22.600","","86.922","","","","","","","","","","std_function.h:290","tof_fork_g","","","","","","","","","","","","","","","","","","","","","","","","","","","","","","","","","","","","","","","","","","","","","","","","","","","","","","","","","","","","","","","","","","","","","","","","",""
"_ZSt10__invoke_rIN4absl12lts_202508146StatusERPFS2_RKN26yggdrasil_decision_forests7dataset15VerticalDatasetENS1_4SpanIKjEERKSt6vectorIfSaIfEERKNS3_5model5proto14TrainingConfigERKNSH_21TrainingConfigLinkingEPNSG_13decision_tree16NodeWithChildrenEEJS7_SA_SF_SK_SN_SQ_EENSt9enable_ifIX16is_invocable_r_vIT_T0_DpT1_EESV_E4typeEOSW_DpOSX_","0.104689","3.360s","0","0s","0.260s","0s","Inlined Function","","18","148","","","","","","3.276","","0.038","","3.519","","0.041","","6.795","","0.079","","0.852","","0.915","","1.767","","22.394","","86.129","","","","","","","","","","invoke.h:106","tof_fork_g","","","","","","","","","","","","","","","","","","","","","","","","","","","","","","","","","","","","","","","","","","","","","","","","","","","","","","","","","","","","","","","","","","","","","","","","",""
"std::__invoke_impl<absl::lts_20250814::Status, absl::lts_20250814::Status (*&)(yggdrasil_decision_forests::dataset::VerticalDataset const&, absl::lts_20250814::Span<unsigned int const>, std::vector<float, std::allocator<float>> const&, yggdrasil_decision_forests::model::proto::TrainingConfig const&, yggdrasil_decision_forests::model::proto::TrainingConfigLinking const&, yggdrasil_decision_forests::model::decision_tree::NodeWithChildren*), yggdrasil_decision_forests::dataset::VerticalDataset const&, absl::lts_20250814::Span<unsigned int const>, std::vector<float, std::allocator<float>> const&, yggdrasil_decision_forests::model::proto::TrainingConfig const&, yggdrasil_decision_forests::model::proto::TrainingConfigLinking const&, yggdrasil_decision_forests::model::decision_tree::NodeWithChildren*>","0.104689","3.360s","0","0s","0.260s","0s","Inlined Function","","19","146","","","","","","3.276","0","0.038","","3.519","0","0.041","","6.795","0","0.079","0","0.852","0","0.915","0","1.767","0.240","22.394","","86.129","","","","","","","","","","invoke.h:62","tof_fork_g","","","","","","","","","","","","","","","","","","","","","","","","","","","","","","","","","","","","","","","","","","","","","","","","","","","","","","","","","","","","","","","","","","","","","","","","",""
"yggdrasil_decision_forests::model::decision_tree::SetLabelDistribution","0.104689","3.360s","0.00436224","0.140s","0.260s","0.040s","Function","","20","150","","","","","0","3.276","0","0.038","4.094","3.519","0.092","0.041","4.094","6.795","0.092","0.080","0","0.852","0.164","0.915","0.164","1.767","1.787","22.153","44.664","85.204","Extracts; Gathers; Inserts; Shuffles; Type Conversions","Int32; Int64; UInt16; UInt256; UInt; ; ","128/256","AVX; AVX2; AVX512F_128; AVX512F_256","","","","","","label.cc","tof_fork_g","","","","","","","","","","","","","","","","","","","","","","","","","","","","","","","","","","","","","","","","","","","","","","","","","","","","","","","","","","","","","","","","","","","","","","","","",""
"[loop in yggdrasil_decision_forests::model::decision_tree::SetLabelDistribution at label.cc:56]","0.0928488","2.980s","0","0s","0.240s","0s","Scalar Versions","0","21","466","","","","","","3.495","","0.052","","1.430","","0.021","","4.925","","0.074","","0.839","","0.343","","1.182","","16.013","","66.719","","Int64","","","","","","","","label.cc:56","tof_fork_g","","","","","","","","","","","","","","","","","","","","","","","","","","","","","","","","","","","","","","","","","","","","","","","","","","","","","","","","","","","","","","","","","","","","","","","","",""
"[loop in yggdrasil_decision_forests::model::decision_tree::SetLabelDistribution at label.cc:56]","0.0916025","2.940s","0.0916016","2.940s","0.240s","0.240s","Scalar","0","21","149","","","","","3.441","3.441","0.052","0.052","1.377","1.377","0.021","0.021","4.818","4.818","0.073","0.073","0.826","0.826","0.330","0.330","1.156","1.156","15.858","15.858","66.075","66.075","","Int64","","","","","","","","label.cc:56","tof_fork_g","","","","","","","","","","","","","","","","","","","","","","","","","","","","","","","","","","","","","","","","","","","","","","","","","","","","","","","","","","","","","","","","","","","","","","","","",""
"[loop in yggdrasil_decision_forests::model::decision_tree::SetLabelDistribution at label.cc:56]","0.00124629","0.040s","0.00124623","0.040s","0.020s","0.020s","Scalar","0","21","388","","","","","0.645","0.645","0.083","0.083","0.645","0.645","0.083","0.083","1.290","1.290","0.167","0.167","0.013","0.013","0.013","0.013","0.026","0.026","0.155","0.155","7.737","7.737","","Int64","","","","","","","","label.cc:56","tof_fork_g","","","","","","","","","","","","","","","","","","","","","","","","","","","","","","","","","","","","","","","","","","","","","","","","","","","","","","","","","","","","","","","","","","","","","","","","",""
"yggdrasil_decision_forests::dataset::VerticalDataset::ColumnWithCastWithStatus<yggdrasil_decision_forests::dataset::VerticalDataset::CategoricalColumn>","0.00311573","0.100s","0.00124631","0.040s","0.040s","0.020s","Function","","21","254","","","","","0","0","0","0","0.644","0.322","0.019","0.019","0.644","0.322","0.019","0.019","0","0","0.013","0.013","0.013","0.013","0.687","0.687","34.348","17.173","","Int32","128","AVX","","","","","","vertical_dataset.h:1093","tof_fork_g","","","","","","","","","","","","","","","","","","","","","","","","","","","","","","","","","","","","","","","","","","","","","","","","","","","","","","","","","","","","","","","","","","","","","","","","",""
"__dynamic_cast","0.00186944","0.060s","0.00186971","0.060s","0.020s","0.020s","Function","","22","10","","","","","","","","","","","","","","","","","","","","","","","","","","","","","","","","","","","","","libstdc++.so.6","","","","","","","","","","","","","","","","","","","","","","","","","","","","","","","","","","","","","","","","","","","","","","","","","","","","","","","","","","","","","","","","","","","","","","","","",""
"yggdrasil_decision_forests::utils::IntegerDistribution<double>::Save<yggdrasil_decision_forests::utils::proto::IntegerDistributionDouble>","0.00186944","0.060s","0.000623097","0.020s","0.020s","0.020s","Function","","21","278","","","","","0","0","0","0","5.582","11.592","0.109","0.109","5.582","11.592","0.109","0.109","0","0","0.112","0.232","0.112","0.232","1.022","2.121","51.098","106.047","","Int32","256","AVX","","","","","","distribution.h:751","tof_fork_g","","","","","","","","","","","","","","","","","","","","","","","","","","","","","","","","","","","","","","","","","","","","","","","","","","","","","","","","","","","","","","","","","","","","","","","","",""
"google::protobuf::RepeatedField<double>::Resize","0.00124629","0.040s","0","0s","0.020s","0s","Inlined Function","","22","277","","","","","","0","0","0","","6.011","0.542","0.109","","6.011","0.542","0.109","0","0","0.056","0.120","0.056","0.120","0.103","1.099","","54.955","","","","","","","","","","repeated_field.h:785","tof_fork_g","","","","","","","","","","","","","","","","","","","","","","","","","","","","","","","","","","","","","","","","","","","","","","","","","","","","","","","","","","","","","","","","","","","","","","","","",""
"func@0x7b21b0","0.000623147","0.020s","0.000623184","0.020s","0.020s","0.020s","Function","","23","265","","","","","0","0","0","0","0","0","0","0","0","0","0","0","0","0","0","0","0","0","0.069","0.069","3.435","3.435","","","","","","","","","","","tof_fork_g","","","","","","","","","","","","","","","","","","","","","","","","","","","","","","","","","","","","","","","","","","","","","","","","","","","","","","","","","","","","","","","","","","","","","","","","",""
"google::protobuf::RepeatedField<double>::GrowNoAnnotate","0.000623147","0.020s","0","0s","0.020s","0s","Function","","23","279","","","","","","0","0","0","","3.220","0.069","0.069","","3.220","0.069","0.069","0","0","0.064","0.064","0.064","0.064","0.927","0.927","","46.373","","","","","","","","","","repeated_field.h:1193","tof_fork_g","","","","","","","","","","","","","","","","","","","","","","","","","","","","","","","","","","","","","","","","","","","","","","","","","","","","","","","","","","","","","","","","","","","","","","","","",""
"operator new","0.000623147","0.020s","0.000623125","0.020s","0.020s","0.020s","Function","","24","9","","","","","","","","","","","","","","","","","","","","","","","","","","","","","","","","","","","","","libstdc++.so.6","","","","","","","","","","","","","","","","","","","","","","","","","","","","","","","","","","","","","","","","","","","","","","","","","","","","","","","","","","","","","","","","","","","","","","","","",""
"yggdrasil_decision_forests::utils::IntegerDistribution<double>::SetNumClasses","0.00124629","0.040s","0","0s","0.020s","0s","Function","","21","446","","","","","","0","0","0","","6.225","0","0.098","","6.225","0","0.098","0","0","0","0.125","0","0.125","0.687","1.271","","63.540","","","","","","","","","","distribution.h:796","tof_fork_g","","","","","","","","","","","","","","","","","","","","","","","","","","","","","","","","","","","","","","","","","","","","","","","","","","","","","","","","","","","","","","","","","","","","","","","","",""
"absl::lts_20250814::InlinedVector<double, (unsigned long)3, std::allocator<double>>::resize","0.00124629","0.040s","0","0s","0.020s","0s","Inlined Function","","22","451","","","","","","0","","0","","6.225","","0.213","","6.225","","0.213","","0","","0.125","","0.125","","0.584","","29.194","","","","","","","","","","inlined_vector.h:603","tof_fork_g","","","","","","","","","","","","","","","","","","","","","","","","","","","","","","","","","","","","","","","","","","","","","","","","","","","","","","","","","","","","","","","","","","","","","","","","",""
"absl::lts_20250814::inlined_vector_internal::Storage<double, (unsigned long)3, std::allocator<double>>::Resize<absl::lts_20250814::inlined_vector_internal::DefaultValueAdapter<std::allocator<double>>>","0.00124629","0.040s","0","0s","0.020s","0s","Inlined Function","","23","450","","","","","","0","0","0","","6.225","0.232","0.213","","6.225","0.232","0.213","0","0","0.056","0.125","0.056","0.125","0.240","0.584","","29.194","","","","","","","","","","inlined_vector.h:689","tof_fork_g","","","","","","","","","","","","","","","","","","","","","","","","","","","","","","","","","","","","","","","","","","","","","","","","","","","","","","","","","","","","","","","","","","","","","","","","",""
"absl::lts_20250814::inlined_vector_internal::ConstructElements<std::allocator<double>, absl::lts_20250814::inlined_vector_internal::DefaultValueAdapter<std::allocator<double>>>","0.00124629","0.040s","0","0s","0.020s","0s","Inlined Function","","24","449","","","","","","0","","0","","3.435","","0.200","","3.435","","0.200","0","0","0.009","0.069","0.009","0.069","0","0.343","","17.173","","","","","","","","","","inlined_vector.h:130","tof_fork_g","","","","","","","","","","","","","","","","","","","","","","","","","","","","","","","","","","","","","","","","","","","","","","","","","","","","","","","","","","","","","","","","","","","","","","","","",""
"absl::lts_20250814::inlined_vector_internal::DefaultValueAdapter<std::allocator<double>>::ConstructNext","0.00124629","0.040s","0","0s","0.020s","0s","Inlined Function","","25","448","","","","","","0","","0","","3.005","","0.175","","3.005","","0.175","","0","","0.060","","0.060","","0.343","","17.173","","","","","","","","","","inlined_vector.h:196","tof_fork_g","","","","","","","","","","","","","","","","","","","","","","","","","","","","","","","","","","","","","","","","","","","","","","","","","","","","","","","","","","","","","","","","","","","","","","","","",""
"std::allocator_traits<std::allocator<double>>::construct<double>","0.00124629","0.040s","0","0s","0.020s","0s","Inlined Function","","26","447","","","","","","0","","0","","3.005","","0.175","","3.005","","0.175","","0","","0.060","","0.060","","0.343","","17.173","","","","","","","","","","alloc_traits.h:665","tof_fork_g","","","","","","","","","","","","","","","","","","","","","","","","","","","","","","","","","","","","","","","","","","","","","","","","","","","","","","","","","","","","","","","","","","","","","","","","",""
"std::__new_allocator<double>::construct<double>","0.00124629","0.040s","0","0s","0.020s","0s","Inlined Function","","27","445","","","","","","0","","0","","3.005","","0.175","","3.005","","0.175","0","0","0.009","0.060","0.009","0.060","0","0.343","","17.173","","","","","","","","","","new_allocator.h:189","tof_fork_g","","","","","","","","","","","","","","","","","","","","","","","","","","","","","","","","","","","","","","","","","","","","","","","","","","","","","","","","","","","","","","","","","","","","","","","","",""
"__intel_avx_rep_memset","0.00124629","0.040s","0.00124637","0.040s","0.020s","0.020s","Function","","28","66","","","","","0","0","0","0","2.576","2.576","0.150","0.150","2.576","2.576","0.150","0.150","0","0","0.052","0.052","0.052","0.052","0.343","0.343","17.173","17.173","Unpacks","Int32; UInt16; UInt256; ","128/256","AVX; AVX2; SSE2","","","","","","","tof_fork_g","","","","","","","","","","","","","","","","","","","","","","","","","","","","","","","","","","","","","","","","","","","","","","","","","","","","","","","","","","","","","","","","","","","","","","","","",""
"[loop in yggdrasil_decision_forests::model::decision_tree::SetLabelDistribution at distribution.h:732]","0.000623147","0.020s","0.000623171","0.020s","0.020s","0.020s","Scalar","0","21","320","","","","","0.644","0.644","0.125","0.125","1.932","1.932","0.375","0.375","2.576","2.576","0.500","0.500","0.013","0.013","0.039","0.039","0.052","0.052","0.103","0.103","5.152","5.152","","Int64","","","","","","","","distribution.h:732","tof_fork_g","","","","","","","","","","","","","","","","","","","","","","","","","","","","","","","","","","","","","","","","","","","","","","","","","","","","","","","","","","","","","","","","","","","","","","","","",""
"google::protobuf::Arena::DefaultConstruct<yggdrasil_decision_forests::utils::proto::IntegerDistributionDouble>","0.000623147","0.020s","0.000623125","0.020s","0.020s","0.020s","Function","","21","436","","","","","0","0","0","0","0","0","0","0","0","0","0","0","0","0","0","0","0","0","0.172","0.172","8.588","8.588","","","","","","","","","","arena.h:646","tof_fork_g","","","","","","","","","","","","","","","","","","","","","","","","","","","","","","","","","","","","","","","","","","","","","","","","","","","","","","","","","","","","","","","","","","","","","","","","",""
"std::function<absl::lts_20250814::Status (yggdrasil_decision_forests::dataset::VerticalDataset const&, absl::lts_20250814::Span<unsigned int const>, std::vector<float, std::allocator<float>> const&, yggdrasil_decision_forests::model::proto::TrainingConfig const&, yggdrasil_decision_forests::model::proto::TrainingConfigLinking const&, yggdrasil_decision_forests::model::decision_tree::NodeWithChildren*)>::operator()","0.0797628","2.560s","0","0s","0.280s","0s","Function","","17","145","","","","","","3.045","0","0.040","","2.702","0.031","0.035","","5.747","0.031","0.075","0","0.853","0.013","0.756","0.013","1.609","0.412","21.417","","76.490","","","","","","","","","","std_function.h:589","tof_fork_g","284","0","0","0","0","1006134940","2515337350","0","0","0","0","0","0","0","0","0","0","0","0","0","0","0","0","0","0","0","0","0","1006134940","0","0","0","0","0","503067470","503067470","4024539760","4024539760","0","0","0","0","0","0","0","0","0","0","0","0","0","0","0","0","0","0","0","0","0","0","0","0","0","0","0","0","0","0","0","0","0","0","0"
"std::_Function_handler<absl::lts_20250814::Status (yggdrasil_decision_forests::dataset::VerticalDataset const&, absl::lts_20250814::Span<unsigned int const>, std::vector<float, std::allocator<float>> const&, yggdrasil_decision_forests::model::proto::TrainingConfig const&, yggdrasil_decision_forests::model::proto::TrainingConfigLinking const&, yggdrasil_decision_forests::model::decision_tree::NodeWithChildren*), absl::lts_20250814::Status (yggdrasil_decision_forests::dataset::VerticalDataset const&, absl::lts_20250814::Span<unsigned int const>, std::vector<float, std::allocator<float>> const&, yggdrasil_decision_forests::model::proto::TrainingConfig const&, yggdrasil_decision_forests::model::proto::TrainingConfigLinking const&, yggdrasil_decision_forests::model::decision_tree::NodeWithChildren*)*>::_M_invoke","0.0797628","2.560s","0","0s","0.280s","0s","Function","","18","147","","","","","","3.045","0","0.041","","2.656","0","0.035","","5.701","0","0.076","0","0.853","0","0.744","0","1.596","0.206","21.005","","75.018","","","","","","","","","","std_function.h:290","tof_fork_g","","","","","","","","","","","","","","","","","","","","","","","","","","","","","","","","","","","","","","","","","","","","","","","","","","","","","","","","","","","","","","","","","","","","","","","","",""
"_ZSt10__invoke_rIN4absl12lts_202508146StatusERPFS2_RKN26yggdrasil_decision_forests7dataset15VerticalDatasetENS1_4SpanIKjEERKSt6vectorIfSaIfEERKNS3_5model5proto14TrainingConfigERKNSH_21TrainingConfigLinkingEPNSG_13decision_tree16NodeWithChildrenEEJS7_SA_SF_SK_SN_SQ_EENSt9enable_ifIX16is_invocable_r_vIT_T0_DpT1_EESV_E4typeEOSW_DpOSX_","0.0797628","2.560s","0","0s","0.280s","0s","Inlined Function","","19","148","","","","","","3.045","","0.041","","2.656","","0.036","","5.701","","0.077","","0.853","","0.744","","1.596","","20.799","","74.282","","","","","","","","","","invoke.h:106","tof_fork_g","","","","","","","","","","","","","","","","","","","","","","","","","","","","","","","","","","","","","","","","","","","","","","","","","","","","","","","","","","","","","","","","","","","","","","","","",""
"std::__invoke_impl<absl::lts_20250814::Status, absl::lts_20250814::Status (*&)(yggdrasil_decision_forests::dataset::VerticalDataset const&, absl::lts_20250814::Span<unsigned int const>, std::vector<float, std::allocator<float>> const&, yggdrasil_decision_forests::model::proto::TrainingConfig const&, yggdrasil_decision_forests::model::proto::TrainingConfigLinking const&, yggdrasil_decision_forests::model::decision_tree::NodeWithChildren*), yggdrasil_decision_forests::dataset::VerticalDataset const&, absl::lts_20250814::Span<unsigned int const>, std::vector<float, std::allocator<float>> const&, yggdrasil_decision_forests::model::proto::TrainingConfig const&, yggdrasil_decision_forests::model::proto::TrainingConfigLinking const&, yggdrasil_decision_forests::model::decision_tree::NodeWithChildren*>","0.0797628","2.560s","0","0s","0.280s","0s","Inlined Function","","20","146","","","","","","3.045","0","0.041","","2.656","0","0.036","","5.701","0","0.077","0","0.853","0","0.744","0","1.596","0.240","20.799","","74.282","","","","","","","","","","invoke.h:62","tof_fork_g","","","","","","","","","","","","","","","","","","","","","","","","","","","","","","","","","","","","","","","","","","","","","","","","","","","","","","","","","","","","","","","","","","","","","","","","",""
"yggdrasil_decision_forests::model::decision_tree::SetLabelDistribution","0.0797628","2.560s","0","0s","0.280s","0s","Function","","21","150","","","","","","3.045","0.005","0.041","","2.656","0.087","0.036","","5.701","0.093","0.078","0.013","0.853","0.207","0.744","0.220","1.596","2.371","20.558","","73.423","Extracts; Gathers; Inserts; Shuffles; Type Conversions","Int32; Int64; UInt16; UInt256; UInt; ; ","128/256","AVX; AVX2; AVX512F_128; AVX512F_256","","","","","","label.cc","tof_fork_g","","","","","","","","","","","","","","","","","","","","","","","","","","","","","","","","","","","","","","","","","","","","","","","","","","","","","","","","","","","","","","","","","","","","","","","","",""
"[loop in yggdrasil_decision_forests::model::decision_tree::SetLabelDistribution at label.cc:56]","0.0772702","2.480s","0","0s","0.280s","0s","Scalar Versions","0","22","466","","","","","","2.999","","0.052","","1.227","","0.021","","4.227","","0.074","","0.840","","0.344","","1.184","","16.032","","57.259","","Int64","","","","","","","","label.cc:56","tof_fork_g","","","","","","","","","","","","","","","","","","","","","","","","","","","","","","","","","","","","","","","","","","","","","","","","","","","","","","","","","","","","","","","","","","","","","","","","",""
"[loop in yggdrasil_decision_forests::model::decision_tree::SetLabelDistribution at label.cc:56]","0.076647","2.460s","0.0766467","2.460s","0.280s","0.280s","Scalar","0","22","149","","","","","2.953","2.953","0.052","0.052","1.181","1.181","0.021","0.021","4.135","4.135","0.073","0.073","0.827","0.827","0.331","0.331","1.158","1.158","15.878","15.878","56.706","56.706","","Int64","","","","","","","","label.cc:56","tof_fork_g","","","","","","","","","","","","","","","","","","","","","","","","","","","","","","","","","","","","","","","","","","","","","","","","","","","","","","","","","","","","","","","","","","","","","","","","",""
"[loop in yggdrasil_decision_forests::model::decision_tree::SetLabelDistribution at label.cc:56]","0.000623147","0.020s","0.000623143","0.020s","0.020s","0.020s","Scalar","0","22","388","","","","","0.645","0.645","0.083","0.083","0.645","0.645","0.083","0.083","1.289","1.289","0.167","0.167","0.013","0.013","0.013","0.013","0.026","0.026","0.155","0.155","7.737","7.737","","Int64","","","","","","","","label.cc:56","tof_fork_g","","","","","","","","","","","","","","","","","","","","","","","","","","","","","","","","","","","","","","","","","","","","","","","","","","","","","","","","","","","","","","","","","","","","","","","","",""
"yggdrasil_decision_forests::dataset::VerticalDataset::ColumnWithCastWithStatus<yggdrasil_decision_forests::dataset::VerticalDataset::CategoricalColumn>","0.00124629","0.040s","0.00124642","0.040s","0.020s","0.020s","Function","","22","254","","","","","0","0","0","0","0.644","0.644","0.019","0.019","0.644","0.644","0.019","0.019","0","0","0.013","0.013","0.013","0.013","0.687","0.687","34.342","34.342","","Int32","128","AVX","","","","","","vertical_dataset.h:1093","tof_fork_g","","","","","","","","","","","","","","","","","","","","","","","","","","","","","","","","","","","","","","","","","","","","","","","","","","","","","","","","","","","","","","","","","","","","","","","","",""
"yggdrasil_decision_forests::utils::IntegerDistribution<double>::Save<yggdrasil_decision_forests::utils::proto::IntegerDistributionDouble>","0.00124629","0.040s","0","0s","0.020s","0s","Function","","22","278","","","","","","0","0","0","","9.016","0.096","0.123","","9.016","0.096","0.123","0","0","0.112","0.180","0.112","0.180","1.159","1.468","","73.417","","Int32","256","AVX","","","","","","distribution.h:751","tof_fork_g","","","","","","","","","","","","","","","","","","","","","","","","","","","","","","","","","","","","","","","","","","","","","","","","","","","","","","","","","","","","","","","","","","","","","","","","",""
"google::protobuf::RepeatedField<double>::Resize","0.000623147","0.020s","0.000623181","0.020s","0.020s","0.020s","Inlined Function","","23","277","","","","","0","0","0","0","2.791","2.791","0.542","0.542","2.791","2.791","0.542","0.542","0","0","0.056","0.056","0.056","0.056","0.103","0.103","5.152","5.152","","","","","","","","","","repeated_field.h:785","tof_fork_g","","","","","","","","","","","","","","","","","","","","","","","","","","","","","","","","","","","","","","","","","","","","","","","","","","","","","","","","","","","","","","","","","","","","","","","","",""
"google::protobuf::RepeatedField<double>::Set","0.000623147","0.020s","0","0s","0.020s","0s","Inlined Function","","23","367","","","","","","0","0","0","","0.644","0","0.062","","0.644","0","0.062","0","0","0","0.013","0","0.013","0.206","0.206","","10.304","","Int32","256","AVX","","","","","","repeated_field.h:847","tof_fork_g","","","","","","","","","","","","","","","","","","","","","","","","","","","","","","","","","","","","","","","","","","","","","","","","","","","","","","","","","","","","","","","","","","","","","","","","",""
"google::protobuf::RepeatedField<double>::Mutable","0.000623147","0.020s","0","0s","0.020s","0s","Inlined Function","","24","366","","","","","","0","","","","0.644","","","","0.644","","","0","0","0.009","0.013","0.009","0.013","0","0","","0","","","","","","","","","","repeated_field.h:834","tof_fork_g","","","","","","","","","","","","","","","","","","","","","","","","","","","","","","","","","","","","","","","","","","","","","","","","","","","","","","","","","","","","","","","","","","","","","","","","",""
"google::protobuf::RepeatedField<double>::elements","0.000623147","0.020s","0","0s","0.020s","0s","Inlined Function","","25","365","","","","","","0","","","","0.215","","","","0.215","","","","0","","0.004","","0.004","","0","","0","","","","","","","","","","repeated_field.h:582","tof_fork_g","","","","","","","","","","","","","","","","","","","","","","","","","","","","","","","","","","","","","","","","","","","","","","","","","","","","","","","","","","","","","","","","","","","","","","","","",""
"google::protobuf::RepeatedField<double>::unsafe_elements","0.000623147","0.020s","0.000623181","0.020s","0.020s","0.020s","Inlined Function","","26","364","","","","","0","0","","","0.215","0.215","","","0.215","0.215","","","0","0","0.004","0.004","0.004","0.004","0","0","0","0","","","","","","","","","","repeated_field.h:593","tof_fork_g","","","","","","","","","","","","","","","","","","","","","","","","","","","","","","","","","","","","","","","","","","","","","","","","","","","","","","","","","","","","","","","","","","","","","","","","",""
"yggdrasil_decision_forests::model::decision_tree::NodeWithChildren::CreateChildren","0.0105935","0.340s","0","0s","0.060s","0s","Function","","17","183","","","","","","0","0","0","","0","0","0","","0","0","0","0","0","0","0","0","0","0.206","0.206","","3.435","","Int32","128/256","AVX","","","","","","decision_tree.cc:649","tof_fork_g","","","","","","","","","","","","","","","","","","","","","","","","","","","","","","","","","","","","","","","","","","","","","","","","","","","","","","","","","","","","","","","","","","","","","","","","",""
"std::make_unique<yggdrasil_decision_forests::model::decision_tree::NodeWithChildren>","0.00623147","0.200s","0","0s","0.040s","0s","Inlined Function","","18","215","","","","","","","","","","","","","","","","","","","","","","","","","","","","Int32","128/256","AVX","","","","","","unique_ptr.h:1083","tof_fork_g","","","","","","","","","","","","","","","","","","","","","","","","","","","","","","","","","","","","","","","","","","","","","","","","","","","","","","","","","","","","","","","","","","","","","","","","",""
"operator new","0.00623147","0.200s","0.00623097","0.200s","0.040s","0.040s","Function","","19","9","","","","","","","","","","","","","","","","","","","","","","","","","","","","","","","","","","","","","libstdc++.so.6","","","","","","","","","","","","","","","","","","","","","","","","","","","","","","","","","","","","","","","","","","","","","","","","","","","","","","","","","","","","","","","","","","","","","","","","",""
"std::make_unique<yggdrasil_decision_forests::model::decision_tree::NodeWithChildren>","0.00373888","0.120s","0","0s","0.020s","0s","Inlined Function","","18","182","","","","","","","","","","","","","","","","","","","","","","","","","","","","Int32","128/256","AVX","","","","","","unique_ptr.h:1083","tof_fork_g","434","0","0","0","0","154571580","309143160","0","0","0","0","0","0","0","0","0","0","0","0","0","0","0","0","0","0","0","0","0","154571580","0","0","0","0","0","77285790","103047720","257619300","824381760","0","0","0","0","0","0","0","0","0","0","0","0","0","0","0","0","0","0","0","0","0","0","0","0","0","0","0","0","0","0","0","0","0","0","0"
"operator new","0.00311573","0.100s","0.00311573","0.100s","0.020s","0.020s","Function","","19","9","","","","","","","","","","","","","","","","","","","","","","","","","","","","","","","","","","","","","libstdc++.so.6","","","","","","","","","","","","","","","","","","","","","","","","","","","","","","","","","","","","","","","","","","","","","","","","","","","","","","","","","","","","","","","","","","","","","","","","",""
"yggdrasil_decision_forests::model::decision_tree::NodeWithChildren::NodeWithChildren","0.000623147","0.020s","0","0s","0.020s","0s","Inlined Function","","19","438","","","","","","","","","","","","","","","","","","","","","","","","","","","","Int32","128","AVX","","","","","","decision_tree.h:162","tof_fork_g","","","","","","","","","","","","","","","","","","","","","","","","","","","","","","","","","","","","","","","","","","","","","","","","","","","","","","","","","","","","","","","","","","","","","","","","",""
"yggdrasil_decision_forests::model::decision_tree::proto::Node::Node","0.000623147","0.020s","0","0s","0.020s","0s","Inlined Function","","20","437","","","","","","","","","","","","","","","","","","","","","","","","","","","","","","","","","","","","decision_tree.pb.h:3926","tof_fork_g","","","","","","","","","","","","","","","","","","","","","","","","","","","","","","","","","","","","","","","","","","","","","","","","","","","","","","","","","","","","","","","","","","","","","","","","",""
"yggdrasil_decision_forests::model::decision_tree::proto::Node::Node","0.000623147","0.020s","0.000623122","0.020s","0.020s","0.020s","Function","","21","439","","","","","","","","","","","","","","","","","","","","","","","","","","","","Int32","128","AVX","","","","","","decision_tree.pb.cc:5881","tof_fork_g","","","","","","","","","","","","","","","","","","","","","","","","","","","","","","","","","","","","","","","","","","","","","","","","","","","","","","","","","","","","","","","","","","","","","","","","",""
"std::unique_ptr<yggdrasil_decision_forests::model::decision_tree::NodeWithChildren, std::default_delete<yggdrasil_decision_forests::model::decision_tree::NodeWithChildren>>::operator=","0.000623147","0.020s","0","0s","0.020s","0s","Inlined Function","","18","421","","","","","","","","","","","","","","","","","","","","","","","","","","","","","","","","","","","","unique_ptr.h:408","tof_fork_g","","","","","","","","","","","","","","","","","","","","","","","","","","","","","","","","","","","","","","","","","","","","","","","","","","","","","","","","","","","","","","","","","","","","","","","","",""
"std::__uniq_ptr_data<yggdrasil_decision_forests::model::decision_tree::NodeWithChildren, std::default_delete<yggdrasil_decision_forests::model::decision_tree::NodeWithChildren>, (bool)1, (bool)1>::operator=","0.000623147","0.020s","0","0s","0.020s","0s","Inlined Function","","19","420","","","","","","","","","","","","","","","","","","","","","","","","","","","","","","","","","","","","unique_ptr.h:236","tof_fork_g","","","","","","","","","","","","","","","","","","","","","","","","","","","","","","","","","","","","","","","","","","","","","","","","","","","","","","","","","","","","","","","","","","","","","","","","",""
"std::__uniq_ptr_impl<yggdrasil_decision_forests::model::decision_tree::NodeWithChildren, std::default_delete<yggdrasil_decision_forests::model::decision_tree::NodeWithChildren>>::operator=","0.000623147","0.020s","0","0s","0.020s","0s","Inlined Function","","20","419","","","","","","","","","","","","","","","","","","","","","","","","","","","","","","","","","","","","unique_ptr.h:182","tof_fork_g","","","","","","","","","","","","","","","","","","","","","","","","","","","","","","","","","","","","","","","","","","","","","","","","","","","","","","","","","","","","","","","","","","","","","","","","",""
"std::__uniq_ptr_impl<yggdrasil_decision_forests::model::decision_tree::NodeWithChildren, std::default_delete<yggdrasil_decision_forests::model::decision_tree::NodeWithChildren>>::reset","0.000623147","0.020s","0.000622916","0.020s","0.020s","0.020s","Inlined Function","","21","418","","","","","","","","","","","","","","","","","","","","","","","","","","","","","","","","","","","","unique_ptr.h:199","tof_fork_g","","","","","","","","","","","","","","","","","","","","","","","","","","","","","","","","","","","","","","","","","","","","","","","","","","","","","","","","","","","","","","","","","","","","","","","","",""
"google::protobuf::Arena::DefaultConstruct<yggdrasil_decision_forests::model::decision_tree::proto::NodeCondition>","0.00623147","0.200s","0","0s","0.040s","0s","Function","","17","251","","","","","","0","0","0","","0","0","0","","0","0","0","0","0","0","0","0","0","0.275","0.275","","6.870","","","","","","","","","","arena.h:646","tof_fork_g","","","","","","","","","","","","","","","","","","","","","","","","","","","","","","","","","","","","","","","","","","","","","","","","","","","","","","","","","","","","","","","","","","","","","","","","",""
"operator new","0.00560832","0.180s","0.00560829","0.180s","0.040s","0.040s","Function","","18","9","","","","","","","","","","","","","","","","","","","","","","","","","","","","","","","","","","","","","libstdc++.so.6","","","","","","","","","","","","","","","","","","","","","","","","","","","","","","","","","","","","","","","","","","","","","","","","","","","","","","","","","","","","","","","","","","","","","","","","",""
"yggdrasil_decision_forests::model::decision_tree::proto::NodeCondition::NodeCondition","0.000623147","0.020s","0.000623103","0.020s","0.020s","0.020s","Function","","18","456","","","","","","","","","","","","","","","","","","","","","","","","","","","","Int32","256","AVX","","","","","","decision_tree.pb.cc:5413","tof_fork_g","","","","","","","","","","","","","","","","","","","","","","","","","","","","","","","","","","","","","","","","","","","","","","","","","","","","","","","","","","","","","","","","","","","","","","","","",""
"std::deque<yggdrasil_decision_forests::model::decision_tree::internal::NodeAndExamples, std::allocator<yggdrasil_decision_forests::model::decision_tree::internal::NodeAndExamples>>::push_back","0.00623147","0.200s","0","0s","0.060s","0s","Function","","17","271","","","","","","0","0","0","","1.145","0","0.028","","1.145","0","0.028","0","0","0","0.069","0","0.069","0.395","2.473","","41.221","","Int32","256","AVX","","","","","","stl_deque.h:1620","tof_fork_g","","","","","","","","","","","","","","","","","","","","","","","","","","","","","","","","","","","","","","","","","","","","","","","","","","","","","","","","","","","","","","","","","","","","","","","","",""
"std::deque<yggdrasil_decision_forests::model::decision_tree::internal::NodeAndExamples, std::allocator<yggdrasil_decision_forests::model::decision_tree::internal::NodeAndExamples>>::emplace_back<yggdrasil_decision_forests::model::decision_tree::internal::NodeAndExamples>","0.00623147","0.200s","0","0s","0.060s","0s","Inlined Function","","18","275","","","","","","0","0","0","","1.145","0.055","0.033","","1.145","0.055","0.033","0","0","0.032","0.069","0.032","0.069","0.584","2.078","","34.638","","Int32","256","AVX","","","","","","deque.tcc:165","tof_fork_g","","","","","","","","","","","","","","","","","","","","","","","","","","","","","","","","","","","","","","","","","","","","","","","","","","","","","","","","","","","","","","","","","","","","","","","","",""
"std::deque<yggdrasil_decision_forests::model::decision_tree::internal::NodeAndExamples, std::allocator<yggdrasil_decision_forests::model::decision_tree::internal::NodeAndExamples>>::_M_push_back_aux<yggdrasil_decision_forests::model::decision_tree::internal::NodeAndExamples>","0.00560832","0.180s","0","0s","0.060s","0s","Inlined Function","","19","274","","","","","","0","0","0","","0.609","0.222","0.236","","0.609","0.222","0.236","0","0","0.034","0.037","0.034","0.037","0.155","0.155","","2.578","","Int32","256","AVX","","","","","","deque.tcc:485","tof_fork_g","","","","","","","","","","","","","","","","","","","","","","","","","","","","","","","","","","","","","","","","","","","","","","","","","","","","","","","","","","","","","","","","","","","","","","","","",""
"std::_Deque_base<yggdrasil_decision_forests::model::decision_tree::internal::NodeAndExamples, std::allocator<yggdrasil_decision_forests::model::decision_tree::internal::NodeAndExamples>>::_M_allocate_node","0.00436203","0.140s","0","0s","0.040s","0s","Inlined Function","","20","273","","","","","","","","","","","","","","","","","","","","","","","","","","","","","","","","","","","","stl_deque.h:583","tof_fork_g","","","","","","","","","","","","","","","","","","","","","","","","","","","","","","","","","","","","","","","","","","","","","","","","","","","","","","","","","","","","","","","","","","","","","","","","",""
"std::allocator_traits<std::allocator<yggdrasil_decision_forests::model::decision_tree::internal::NodeAndExamples>>::allocate","0.00436203","0.140s","0","0s","0.040s","0s","Inlined Function","","21","272","","","","","","","","","","","","","","","","","","","","","","","","","","","","","","","","","","","","alloc_traits.h:613","tof_fork_g","","","","","","","","","","","","","","","","","","","","","","","","","","","","","","","","","","","","","","","","","","","","","","","","","","","","","","","","","","","","","","","","","","","","","","","","",""
"std::__new_allocator<yggdrasil_decision_forests::model::decision_tree::internal::NodeAndExamples>::allocate","0.00436203","0.140s","0","0s","0.040s","0s","Inlined Function","","22","270","","","","","","","","","","","","","","","","","","","","","","","","","","","","","","","","","","","","new_allocator.h:126","tof_fork_g","","","","","","","","","","","","","","","","","","","","","","","","","","","","","","","","","","","","","","","","","","","","","","","","","","","","","","","","","","","","","","","","","","","","","","","","",""
"operator new","0.00436203","0.140s","0.00436212","0.140s","0.040s","0.040s","Function","","23","9","","","","","","","","","","","","","","","","","","","","","","","","","","","","","","","","","","","","","libstdc++.so.6","","","","","","","","","","","","","","","","","","","","","","","","","","","","","","","","","","","","","","","","","","","","","","","","","","","","","","","","","","","","","","","","","","","","","","","","",""
"std::deque<yggdrasil_decision_forests::model::decision_tree::internal::NodeAndExamples, std::allocator<yggdrasil_decision_forests::model::decision_tree::internal::NodeAndExamples>>::size","0.00124629","0.040s","0","0s","0.020s","0s","Inlined Function","","20","343","","","","","","0","","","","0.107","","","","0.107","","","","0","","0.002","","0.002","","0","","0","","","","","","","","","","stl_deque.h:1330","tof_fork_g","","","","","","","","","","","","","","","","","","","","","","","","","","","","","","","","","","","","","","","","","","","","","","","","","","","","","","","","","","","","","","","","","","","","","","","","",""
"std::operator-","0.00124629","0.040s","0.00124616","0.040s","0.020s","0.020s","Inlined Function","","21","342","","","","","0","0","","","0.107","0.107","","","0.107","0.107","","","0","0","0.002","0.002","0.002","0.002","0","0","0","0","","","","","","","","","","stl_deque.h:373","tof_fork_g","","","","","","","","","","","","","","","","","","","","","","","","","","","","","","","","","","","","","","","","","","","","","","","","","","","","","","","","","","","","","","","","","","","","","","","","",""
"std::allocator_traits<std::allocator<yggdrasil_decision_forests::model::decision_tree::internal::NodeAndExamples>>::construct<yggdrasil_decision_forests::model::decision_tree::internal::NodeAndExamples, yggdrasil_decision_forests::model::decision_tree::internal::NodeAndExamples>","0.000623147","0.020s","0","0s","0.020s","0s","Inlined Function","","19","381","","","","","","0","","0","","0","","0","","0","","0","","0","","0","","0","","1.339","","66.988","","Int32","256","AVX","","","","","","alloc_traits.h:665","tof_fork_g","","","","","","","","","","","","","","","","","","","","","","","","","","","","","","","","","","","","","","","","","","","","","","","","","","","","","","","","","","","","","","","","","","","","","","","","",""
"std::__new_allocator<yggdrasil_decision_forests::model::decision_tree::internal::NodeAndExamples>::construct<yggdrasil_decision_forests::model::decision_tree::internal::NodeAndExamples, yggdrasil_decision_forests::model::decision_tree::internal::NodeAndExamples>","0.000623147","0.020s","0.000622994","0.020s","0.020s","0.020s","Inlined Function","","20","380","","","","","0","0","0","0","0","0","0","0","0","0","0","0","0","0","0","0","0","0","1.339","1.339","66.988","66.988","","Int32","256","AVX","","","","","","new_allocator.h:189","tof_fork_g","","","","","","","","","","","","","","","","","","","","","","","","","","","","","","","","","","","","","","","","","","","","","","","","","","","","","","","","","","","","","","","","","","","","","","","","",""
"yggdrasil_decision_forests::model::decision_tree::ApplyConstraintOnNode","0.00186944","0.060s","0.00186946","0.060s","0.020s","0.020s","Function","","17","417","","","","","0","0","0","0","0.215","0.215","0.012","0.012","0.215","0.215","0.012","0.012","0","0","0.004","0.004","0.004","0.004","0.348","0.348","17.388","17.388","","","","","","","","","","training.cc","tof_fork_g","","","","","","","","","","","","","","","","","","","","","","","","","","","","","","","","","","","","","","","","","","","","","","","","","","","","","","","","","","","","","","","","","","","","","","","","",""
"absl::lts_20250814::Status::~Status","0.00186944","0.060s","0.000623087","0.020s","0.020s","0.020s","Function","","17","330","","","","","0","0","0","0","0","0","0","0","0","0","0","0","0","0","0","0","0","0","0.206","0.206","10.306","10.305","","","","","","","","","","status.h:814","tof_fork_g","","","","","","","","","","","","","","","","","","","","","","","","","","","","","","","","","","","","","","","","","","","","","","","","","","","","","","","","","","","","","","","","","","","","","","","","",""
"absl::lts_20250814::Status::Unref","0.00124629","0.040s","0.00124626","0.040s","0.020s","0.020s","Inlined Function","","18","331","","","","","","","","","","","","","","","","","","","","","","","","","","","","","","","","","","","","status.h:920","tof_fork_g","","","","","","","","","","","","","","","","","","","","","","","","","","","","","","","","","","","","","","","","","","","","","","","","","","","","","","","","","","","","","","","","","","","","","","","","",""
"yggdrasil_decision_forests::model::decision_tree::MonotonicConstraintSign","0.000623147","0.020s","0.000623109","0.020s","0.020s","0.020s","Function","","17","355","","","","","0","0","0","0","1.073","1.073","0.135","0.135","1.073","1.073","0.135","0.135","0","0","0.021","0.021","0.021","0.021","0.159","0.159","7.944","7.944","","","","","","","","","","repeated_ptr_field.h","tof_fork_g","","","","","","","","","","","","","","","","","","","","","","","","","","","","","","","","","","","","","","","","","","","","","","","","","","","","","","","","","","","","","","","","","","","","","","","","",""
"__intel_avx_rep_memcpy","0.00124629","0.040s","0.0012463","0.040s","0.020s","0.020s","Function","","14","152","","","","","","","","","","","","","","","","","","","","","","","","","","","NT-stores","Int32; UInt16","128/256","AVX","","","","","","","tof_fork_g","","","","","","","","","","","","","","","","","","","","","","","","","","","","","","","","","","","","","","","","","","","","","","","","","","","","","","","","","","","","","","","","","","","","","","","","",""
"yggdrasil_decision_forests::model::random_forest::internal::SampleTrainingExamples","0.0997346","3.201s","0","0s","0.121s","0s","Function","","13","100","","","","","","< 0.001","0.007","< 0.001","","3.752","0.070","0.482","","3.752","0.077","0.482","< 0.001","< 0.001","< 0.001","0.454","< 0.001","0.454","< 0.001","0.942","","7.782","","UInt16; ","128","AVX; AVX512F_128","","","","","","random_forest.cc","tof_fork_g","154","172365838","172365838","0","0","4136780112","4998609302","0","0","0","0","0","0","0","0","0","172365838","0","0","0","0","0","0","0","0","0","0","0","4136780112","0","0","0","0","0","2757853408","1378926704","11031413632","5515706816","0","0","0","0","0","0","0","0","0","0","0","0","0","0","0","0","0","0","172365838","0","0","0","0","0","0","0","0","0","0","0","0","0","0","0","0"
"std::__introsort_loop<__gnu_cxx::__normal_iterator<unsigned int*, std::vector<unsigned int, std::allocator<unsigned int>>>, long, __gnu_cxx::__ops::_Iter_less_iter>","0.0841559","2.701s","0","0s","0.101s","0s","Function","","14","102","","","","","","0","0","0","","4.495","0.073","0.482","","4.495","0.073","0.482","0","0","< 0.001","0.454","< 0.001","0.454","< 0.001","0.942","","9.324","","","","","","","","","","stl_algo.h","tof_fork_g","","","","","","","","","","","","","","","","","","","","","","","","","","","","","","","","","","","","","","","","","","","","","","","","","","","","","","","","","","","","","","","","","","","","","","","","",""
"[loop in std::__introsort_loop<__gnu_cxx::__normal_iterator<unsigned int*, std::vector<unsigned int, std::allocator<unsigned int>>>, long, __gnu_cxx::__ops::_Iter_less_iter> at stl_algo.h:1841]","0.0841559","2.701s","0","0s","0.101s","0s","Scalar","9","15","101","","","","","","0","0","0","","4.495","0.145","0.482","","4.495","0.145","0.482","0","0","< 0.001","0.454","< 0.001","0.454","< 0.001","0.942","","9.323","","","","","","","","","","stl_algo.h:1841","tof_fork_g","155","9886398256800","9886398256800","0","0","122987196200700","249504292050","0","0","0","0","0","0","0","0","0","9886398256800","0","0","0","0","0","0","0","0","0","0","0","113101356119050","0","0","0","0","0","88191673700","71446419200","572129528750","564873251800","0","0","0","0","0","0","0","0","0","0","0","0","0","0","0","0","0","0","558175150","0","6139926650","0","0","0","0","0","0","0","0","0","0","0","0","0","3907226050"
"std::__introsort_loop<__gnu_cxx::__normal_iterator<unsigned int*, std::vector<unsigned int, std::allocator<unsigned int>>>, long, __gnu_cxx::__ops::_Iter_less_iter>","0.0822865","2.641s","0","0s","0.101s","0s","Function","","16","102","","","","","","0","","0","","3.018","","0.474","","3.018","","0.474","","0","","0.305","","0.305","","0.643","","6.371","","","","","","","","","","stl_algo.h","tof_fork_g","","","","","","","","","","","","","","","","","","","","","","","","","","","","","","","","","","","","","","","","","","","","","","","","","","","","","","","","","","","","","","","","","","","","","","","","",""
"[loop in std::__introsort_loop<__gnu_cxx::__normal_iterator<unsigned int*, std::vector<unsigned int, std::allocator<unsigned int>>>, long, __gnu_cxx::__ops::_Iter_less_iter> at stl_algo.h:1841]","0.0822865","2.641s","0","0s","0.101s","0s","Scalar","8","17","101","","","","","","0","","0","","3.018","","0.474","","3.018","","0.474","","0","","0.305","","0.305","","0.643","","6.371","","","","","","","","","","stl_algo.h:1841","tof_fork_g","156","111635030000","111635030000","0","0","370070124450","65306492550","0","0","0","0","0","0","0","0","0","111635030000","0","0","0","0","0","0","0","0","0","0","0","308670857950","0","0","0","0","0","18419779950","11721678150","114425905750","93773425200","0","0","0","0","0","0","0","0","0","0","0","0","0","0","0","0","0","0","3349050900","0","3349050900","0","0","0","0","0","0","0","0","0","0","0","0","0","0"
"std::__introsort_loop<__gnu_cxx::__normal_iterator<unsigned int*, std::vector<unsigned int, std::allocator<unsigned int>>>, long, __gnu_cxx::__ops::_Iter_less_iter>","0.0779245","2.501s","0","0s","0.101s","0s","Function","","18","102","","","","","","0","","0","","3.018","","0.474","","3.018","","0.474","","0","","0.305","","0.305","","0.643","","6.371","","","","","","","","","","stl_algo.h","tof_fork_g","","","","","","","","","","","","","","","","","","","","","","","","","","","","","","","","","","","","","","","","","","","","","","","","","","","","","","","","","","","","","","","","","","","","","","","","",""
"[loop in std::__introsort_loop<__gnu_cxx::__normal_iterator<unsigned int*, std::vector<unsigned int, std::allocator<unsigned int>>>, long, __gnu_cxx::__ops::_Iter_less_iter> at stl_algo.h:1841]","0.0779245","2.501s","0.000623078","0.020s","0.101s","0.020s","Scalar","7","19","101","","","","","","0","","0","","3.018","","0.474","","3.018","","0.474","","0","","0.305","","0.305","","0.643","","6.371","","","","","","","","","","stl_algo.h:1841","tof_fork_g","","","","","","","","","","","","","","","","","","","","","","","","","","","","","","","","","","","","","","","","","","","","","","","","","","","","","","","","","","","","","","","","","","","","","","","","",""
"std::__introsort_loop<__gnu_cxx::__normal_iterator<unsigned int*, std::vector<unsigned int, std::allocator<unsigned int>>>, long, __gnu_cxx::__ops::_Iter_less_iter>","0.0436203","1.400s","0","0s","0.080s","0s","Function","","20","102","","","","","","","","","","","","","","","","","","","","","","","","","","","","","","","","","","","","stl_algo.h","tof_fork_g","","","","","","","","","","","","","","","","","","","","","","","","","","","","","","","","","","","","","","","","","","","","","","","","","","","","","","","","","","","","","","","","","","","","","","","","",""
"[loop in std::__introsort_loop<__gnu_cxx::__normal_iterator<unsigned int*, std::vector<unsigned int, std::allocator<unsigned int>>>, long, __gnu_cxx::__ops::_Iter_less_iter> at stl_algo.h:1841]","0.0436203","1.400s","0.000623147","0.020s","0.080s","0.020s","Scalar","6","21","101","","","","","","","","","","","","","","","","","","","","","","","","","","","","","","","","","","","","stl_algo.h:1841","tof_fork_g","","","","","","","","","","","","","","","","","","","","","","","","","","","","","","","","","","","","","","","","","","","","","","","","","","","","","","","","","","","","","","","","","","","","","","","","",""
"std::__introsort_loop<__gnu_cxx::__normal_iterator<unsigned int*, std::vector<unsigned int, std::allocator<unsigned int>>>, long, __gnu_cxx::__ops::_Iter_less_iter>","0.0373888","1.200s","0.000622985","0.020s","0.080s","0.020s","Function","","22","102","","","","","","","","","","","","","","","","","","","","","","","","","","","","","","","","","","","","stl_algo.h","tof_fork_g","","","","","","","","","","","","","","","","","","","","","","","","","","","","","","","","","","","","","","","","","","","","","","","","","","","","","","","","","","","","","","","","","","","","","","","","",""
"[loop in std::__introsort_loop<__gnu_cxx::__normal_iterator<unsigned int*, std::vector<unsigned int, std::allocator<unsigned int>>>, long, __gnu_cxx::__ops::_Iter_less_iter> at stl_algo.h:1841]","0.0367656","1.180s","0.00311443","0.100s","0.080s","0.020s","Scalar","5","23","101","","","","","","","","","","","","","","","","","","","","","","","","","","","","","","","","","","","","stl_algo.h:1841","tof_fork_g","","","","","","","","","","","","","","","","","","","","","","","","","","","","","","","","","","","","","","","","","","","","","","","","","","","","","","","","","","","","","","","","","","","","","","","","",""
"[loop in std::__introsort_loop<__gnu_cxx::__normal_iterator<unsigned int*, std::vector<unsigned int, std::allocator<unsigned int>>>, long, __gnu_cxx::__ops::_Iter_less_iter> at stl_algo.h:1834]","0.0249259","0.800s","0.0118373","0.380s","0.080s","0.040s","Scalar","1","24","104","","","","","","","","","","","","","","","","","","","","","","","","","","","","","","","","","","","","stl_algo.h:1834","tof_fork_g","","","","","","","","","","","","","","","","","","","","","","","","","","","","","","","","","","","","","","","","","","","","","","","","","","","","","","","","","","","","","","","","","","","","","","","","",""
"[loop in std::__introsort_loop<__gnu_cxx::__normal_iterator<unsigned int*, std::vector<unsigned int, std::allocator<unsigned int>>>, long, __gnu_cxx::__ops::_Iter_less_iter> at stl_algo.h:1839]","0.00685461","0.220s","0.00685333","0.220s","0.040s","0.040s","Scalar","0","25","105","","","","","","","","","","","","","","","","","","","","","","","","","","","","","","","","","","","","stl_algo.h:1839","tof_fork_g","","","","","","","","","","","","","","","","","","","","","","","","","","","","","","","","","","","","","","","","","","","","","","","","","","","","","","","","","","","","","","","","","","","","","","","","",""
"[loop in std::__introsort_loop<__gnu_cxx::__normal_iterator<unsigned int*, std::vector<unsigned int, std::allocator<unsigned int>>>, long, __gnu_cxx::__ops::_Iter_less_iter> at stl_algo.h:1836]","0.00623147","0.200s","0.00623062","0.200s","0.020s","0.020s","Scalar","0","25","103","","","","","","","","","","","","","","","","","","","","","","","","","","","","","","","","","","","","stl_algo.h:1836","tof_fork_g","","","","","","","","","","","","","","","","","","","","","","","","","","","","","","","","","","","","","","","","","","","","","","","","","","","","","","","","","","","","","","","","","","","","","","","","",""
"std::__introsort_loop<__gnu_cxx::__normal_iterator<unsigned int*, std::vector<unsigned int, std::allocator<unsigned int>>>, long, __gnu_cxx::__ops::_Iter_less_iter>","0.00872405","0.280s","0","0s","0.060s","0s","Function","","24","102","","","","","","","","","","","","","","","","","","","","","","","","","","","","","","","","","","","","stl_algo.h","tof_fork_g","","","","","","","","","","","","","","","","","","","","","","","","","","","","","","","","","","","","","","","","","","","","","","","","","","","","","","","","","","","","","","","","","","","","","","","","",""
"[loop in std::__introsort_loop<__gnu_cxx::__normal_iterator<unsigned int*, std::vector<unsigned int, std::allocator<unsigned int>>>, long, __gnu_cxx::__ops::_Iter_less_iter> at stl_algo.h:1841]","0.00872405","0.280s","0.000623009","0.020s","0.060s","0.020s","Scalar","4","25","101","","","","","","","","","","","","","","","","","","","","","","","","","","","","","","","","","","","","stl_algo.h:1841","tof_fork_g","","","","","","","","","","","","","","","","","","","","","","","","","","","","","","","","","","","","","","","","","","","","","","","","","","","","","","","","","","","","","","","","","","","","","","","","",""
"std::__introsort_loop<__gnu_cxx::__normal_iterator<unsigned int*, std::vector<unsigned int, std::allocator<unsigned int>>>, long, __gnu_cxx::__ops::_Iter_less_iter>","0.00436203","0.140s","0","0s","0.040s","0s","Function","","26","102","","","","","","","","","","","","","","","","","","","","","","","","","","","","","","","","","","","","stl_algo.h","tof_fork_g","","","","","","","","","","","","","","","","","","","","","","","","","","","","","","","","","","","","","","","","","","","","","","","","","","","","","","","","","","","","","","","","","","","","","","","","",""
"[loop in std::__introsort_loop<__gnu_cxx::__normal_iterator<unsigned int*, std::vector<unsigned int, std::allocator<unsigned int>>>, long, __gnu_cxx::__ops::_Iter_less_iter> at stl_algo.h:1841]","0.00436203","0.140s","0.000623087","0.020s","0.040s","0.020s","Scalar","3","27","101","","","","","","","","","","","","","","","","","","","","","","","","","","","","","","","","","","","","stl_algo.h:1841","tof_fork_g","","","","","","","","","","","","","","","","","","","","","","","","","","","","","","","","","","","","","","","","","","","","","","","","","","","","","","","","","","","","","","","","","","","","","","","","",""
"[loop in std::__introsort_loop<__gnu_cxx::__normal_iterator<unsigned int*, std::vector<unsigned int, std::allocator<unsigned int>>>, long, __gnu_cxx::__ops::_Iter_less_iter> at stl_algo.h:1834]","0.00249259","0.080s","0.00186949","0.060s","0.020s","0.020s","Scalar","1","28","104","","","","","","","","","","","","","","","","","","","","","","","","","","","","","","","","","","","","stl_algo.h:1834","tof_fork_g","","","","","","","","","","","","","","","","","","","","","","","","","","","","","","","","","","","","","","","","","","","","","","","","","","","","","","","","","","","","","","","","","","","","","","","","",""
"[loop in std::__introsort_loop<__gnu_cxx::__normal_iterator<unsigned int*, std::vector<unsigned int, std::allocator<unsigned int>>>, long, __gnu_cxx::__ops::_Iter_less_iter> at stl_algo.h:1836]","0.000623147","0.020s","0.000623137","0.020s","0.020s","0.020s","Scalar","0","29","103","","","","","","","","","","","","","","","","","","","","","","","","","","","","","","","","","","","","stl_algo.h:1836","tof_fork_g","","","","","","","","","","","","","","","","","","","","","","","","","","","","","","","","","","","","","","","","","","","","","","","","","","","","","","","","","","","","","","","","","","","","","","","","",""
"std::__introsort_loop<__gnu_cxx::__normal_iterator<unsigned int*, std::vector<unsigned int, std::allocator<unsigned int>>>, long, __gnu_cxx::__ops::_Iter_less_iter>","0.00124629","0.040s","0","0s","0.020s","0s","Function","","28","102","","","","","","","","","","","","","","","","","","","","","","","","","","","","","","","","","","","","stl_algo.h","tof_fork_g","","","","","","","","","","","","","","","","","","","","","","","","","","","","","","","","","","","","","","","","","","","","","","","","","","","","","","","","","","","","","","","","","","","","","","","","",""
"[loop in std::__introsort_loop<__gnu_cxx::__normal_iterator<unsigned int*, std::vector<unsigned int, std::allocator<unsigned int>>>, long, __gnu_cxx::__ops::_Iter_less_iter> at stl_algo.h:1841]","0.00124629","0.040s","0.000623165","0.020s","0.020s","0.020s","Scalar","2","29","101","","","","","","","","","","","","","","","","","","","","","","","","","","","","","","","","","","","","stl_algo.h:1841","tof_fork_g","","","","","","","","","","","","","","","","","","","","","","","","","","","","","","","","","","","","","","","","","","","","","","","","","","","","","","","","","","","","","","","","","","","","","","","","",""
"[loop in std::__introsort_loop<__gnu_cxx::__normal_iterator<unsigned int*, std::vector<unsigned int, std::allocator<unsigned int>>>, long, __gnu_cxx::__ops::_Iter_less_iter> at stl_algo.h:1834]","0.000623147","0.020s","0","0s","0.020s","0s","Scalar","1","30","104","","","","","","","","","","","","","","","","","","","","","","","","","","","","","","","","","","","","stl_algo.h:1834","tof_fork_g","","","","","","","","","","","","","","","","","","","","","","","","","","","","","","","","","","","","","","","","","","","","","","","","","","","","","","","","","","","","","","","","","","","","","","","","",""
"[loop in std::__introsort_loop<__gnu_cxx::__normal_iterator<unsigned int*, std::vector<unsigned int, std::allocator<unsigned int>>>, long, __gnu_cxx::__ops::_Iter_less_iter> at stl_algo.h:1839]","0.000623147","0.020s","0.00062315","0.020s","0.020s","0.020s","Scalar","0","31","105","","","","","","","","","","","","","","","","","","","","","","","","","","","","","","","","","","","","stl_algo.h:1839","tof_fork_g","","","","","","","","","","","","","","","","","","","","","","","","","","","","","","","","","","","","","","","","","","","","","","","","","","","","","","","","","","","","","","","","","","","","","","","","",""
"[loop in std::__introsort_loop<__gnu_cxx::__normal_iterator<unsigned int*, std::vector<unsigned int, std::allocator<unsigned int>>>, long, __gnu_cxx::__ops::_Iter_less_iter> at stl_algo.h:1834]","0.00373888","0.120s","0.00311564","0.100s","0.060s","0.060s","Scalar","1","26","104","","","","","","","","","","","","","","","","","","","","","","","","","","","","","","","","","","","","stl_algo.h:1834","tof_fork_g","","","","","","","","","","","","","","","","","","","","","","","","","","","","","","","","","","","","","","","","","","","","","","","","","","","","","","","","","","","","","","","","","","","","","","","","",""
"[loop in std::__introsort_loop<__gnu_cxx::__normal_iterator<unsigned int*, std::vector<unsigned int, std::allocator<unsigned int>>>, long, __gnu_cxx::__ops::_Iter_less_iter> at stl_algo.h:1839]","0.000623147","0.020s","0.000623125","0.020s","0.020s","0.020s","Scalar","0","27","105","","","","","","","","","","","","","","","","","","","","","","","","","","","","","","","","","","","","stl_algo.h:1839","tof_fork_g","","","","","","","","","","","","","","","","","","","","","","","","","","","","","","","","","","","","","","","","","","","","","","","","","","","","","","","","","","","","","","","","","","","","","","","","",""
"[loop in std::__introsort_loop<__gnu_cxx::__normal_iterator<unsigned int*, std::vector<unsigned int, std::allocator<unsigned int>>>, long, __gnu_cxx::__ops::_Iter_less_iter> at stl_algo.h:1834]","0.00560832","0.180s","0.00311531","0.100s","0.040s","0.040s","Scalar","1","22","104","","","","","","","","","","","","","","","","","","","","","","","","","","","","","","","","","","","","stl_algo.h:1834","tof_fork_g","","","","","","","","","","","","","","","","","","","","","","","","","","","","","","","","","","","","","","","","","","","","","","","","","","","","","","","","","","","","","","","","","","","","","","","","",""
"[loop in std::__introsort_loop<__gnu_cxx::__normal_iterator<unsigned int*, std::vector<unsigned int, std::allocator<unsigned int>>>, long, __gnu_cxx::__ops::_Iter_less_iter> at stl_algo.h:1839]","0.00249259","0.080s","0.00249195","0.080s","0.020s","0.020s","Scalar","0","23","105","","","","","","","","","","","","","","","","","","","","","","","","","","","","","","","","","","","","stl_algo.h:1839","tof_fork_g","","","","","","","","","","","","","","","","","","","","","","","","","","","","","","","","","","","","","","","","","","","","","","","","","","","","","","","","","","","","","","","","","","","","","","","","",""
"[loop in std::__introsort_loop<__gnu_cxx::__normal_iterator<unsigned int*, std::vector<unsigned int, std::allocator<unsigned int>>>, long, __gnu_cxx::__ops::_Iter_less_iter> at stl_algo.h:1834]","0.0336811","1.081s","0.0105967","0.340s","0.080s","0.060s","Scalar","1","20","104","","","","","0","0","0","0","1.481","3.810","0.250","0.474","1.481","3.810","0.250","0.474","0","0","0.089","0.305","0.089","0.305","0.355","0.643","5.923","8.042","","","","","","","","","","stl_algo.h:1834","tof_fork_g","","","","","","","","","","","","","","","","","","","","","","","","","","","","","","","","","","","","","","","","","","","","","","","","","","","","","","","","","","","","","","","","","","","","","","","","",""
"[loop in std::__introsort_loop<__gnu_cxx::__normal_iterator<unsigned int*, std::vector<unsigned int, std::allocator<unsigned int>>>, long, __gnu_cxx::__ops::_Iter_less_iter> at stl_algo.h:1839]","0.0124941","0.401s","0.0124988","0.401s","0.040s","0.040s","Scalar","0","21","105","","","","","","","","","","","","","","","","","","","","","","","","","","","","","","","","","","","","stl_algo.h:1839","tof_fork_g","","","","","","","","","","","","","","","","","","","","","","","","","","","","","","","","","","","","","","","","","","","","","","","","","","","","","","","","","","","","","","","","","","","","","","","","",""
"[loop in std::__introsort_loop<__gnu_cxx::__normal_iterator<unsigned int*, std::vector<unsigned int, std::allocator<unsigned int>>>, long, __gnu_cxx::__ops::_Iter_less_iter> at stl_algo.h:1836]","0.0105935","0.340s","0.010594","0.340s","0.040s","0.040s","Scalar","0","21","103","","","","","0","0","0","0","5.400","5.400","0.750","0.750","5.400","5.400","0.750","0.750","0","0","0.216","0.216","0.216","0.216","0.288","0.288","7.200","7.200","","","","","","","","","","stl_algo.h:1836","tof_fork_g","157","-351526297470754112","-351526297470754112","0","0","2436405587171830570","1394887098512","0","7444324727532401114","0","0","0","0","0","0","0","482385434865942","0","0","-352008682905620054","0","0","0","0","7444324727532401114","0","0","0","5662385379987781056","0","0","7297203332580109250","0","385168812450946598","656041381248","125354347748","4105994702020","1030142870384","6559565218945922760","6559565218945922760","0","0","0","0","0","0","0","0","0","0","0","0","-352008682905620054","0","0","6911573901851542814","13051193796","22258653390","301425202","0","0","0","0","0","0","0","0","21434258820","0","0","0","0","23755458078"
"[loop in std::__introsort_loop<__gnu_cxx::__normal_iterator<unsigned int*, std::vector<unsigned int, std::allocator<unsigned int>>>, long, __gnu_cxx::__ops::_Iter_less_iter> at stl_algo.h:1834]","0.00436203","0.140s","0.000623122","0.020s","0.040s","0.020s","Scalar","1","18","104","","","","","","","","","","","","","","","","","","","","","","","","","","","","","","","","","","","","stl_algo.h:1834","tof_fork_g","","","","","","","","","","","","","","","","","","","","","","","","","","","","","","","","","","","","","","","","","","","","","","","","","","","","","","","","","","","","","","","","","","","","","","","","",""
"[loop in std::__introsort_loop<__gnu_cxx::__normal_iterator<unsigned int*, std::vector<unsigned int, std::allocator<unsigned int>>>, long, __gnu_cxx::__ops::_Iter_less_iter> at stl_algo.h:1836]","0.00186944","0.060s","0.00186955","0.060s","0.020s","0.020s","Scalar","0","19","103","","","","","","","","","","","","","","","","","","","","","","","","","","","","","","","","","","","","stl_algo.h:1836","tof_fork_g","","","","","","","","","","","","","","","","","","","","","","","","","","","","","","","","","","","","","","","","","","","","","","","","","","","","","","","","","","","","","","","","","","","","","","","","",""
"[loop in std::__introsort_loop<__gnu_cxx::__normal_iterator<unsigned int*, std::vector<unsigned int, std::allocator<unsigned int>>>, long, __gnu_cxx::__ops::_Iter_less_iter> at stl_algo.h:1839]","0.00186944","0.060s","0.00186941","0.060s","0.020s","0.020s","Scalar","0","19","105","","","","","","","","","","","","","","","","","","","","","","","","","","","","","","","","","","","","stl_algo.h:1839","tof_fork_g","","","","","","","","","","","","","","","","","","","","","","","","","","","","","","","","","","","","","","","","","","","","","","","","","","","","","","","","","","","","","","","","","","","","","","","","",""
"[loop in std::__introsort_loop<__gnu_cxx::__normal_iterator<unsigned int*, std::vector<unsigned int, std::allocator<unsigned int>>>, long, __gnu_cxx::__ops::_Iter_less_iter> at stl_algo.h:1834]","0.00186944","0.060s","0.000623165","0.020s","0.020s","0.020s","Scalar","1","16","104","","","","","","0","","0","","7.454","","0.500","","7.454","","0.500","","0","","0.149","","0.149","","0.298","","14.908","","","","","","","","","","stl_algo.h:1834","tof_fork_g","","","","","","","","","","","","","","","","","","","","","","","","","","","","","","","","","","","","","","","","","","","","","","","","","","","","","","","","","","","","","","","","","","","","","","","","",""
"[loop in std::__introsort_loop<__gnu_cxx::__normal_iterator<unsigned int*, std::vector<unsigned int, std::allocator<unsigned int>>>, long, __gnu_cxx::__ops::_Iter_less_iter> at stl_algo.h:1839]","0.00124629","0.040s","0.00124634","0.040s","0.020s","0.020s","Scalar","0","17","105","","","","","0","0","0","0","7.454","7.454","0.500","0.500","7.454","7.454","0.500","0.500","0","0","0.149","0.149","0.149","0.149","0.298","0.298","14.908","14.908","","","","","","","","","","stl_algo.h:1839","tof_fork_g","158","7550422085608690775","7550422085608690775","0","0","8855841451817085751","1729190129686","0","-5332843183541182216","0","0","0","0","0","0","0","4635499162674056087","0","0","2914922922934634688","0","0","0","0","-5332843183541182216","0","0","0","-5934540632769625859","0","0","-5586734857124462968","0","7263195284020575188","387613445687","515778029475","2686340157712","3771424138600","-3689309322237182237","-3689309322237182237","0","0","0","0","0","0","0","0","0","3029605125880","0","0","-3689312351842308117","0","0","0","9882770025","31326506880","89408375230","0","0","0","0","0","0","0","0","0","0","0","0","0","34343923055"
"[loop in yggdrasil_decision_forests::model::random_forest::internal::SampleTrainingExamples at predefined_ops.h:98]","0.0155787","0.500s","0.0105934","0.340s","0.020s","0.020s","Scalar","1","14","106","","","","","","","","","","","","","","","","","","","","","","","","","","","","","","","","","","","","predefined_ops.h:98","tof_fork_g","","","","","","","","","","","","","","","","","","","","","","","","","","","","","","","","","","","","","","","","","","","","","","","","","","","","","","","","","","","","","","","","","","","","","","","","",""
"[loop in yggdrasil_decision_forests::model::random_forest::internal::SampleTrainingExamples at stl_algo.h:1758]","0.00498517","0.160s","0.00498508","0.160s","0.020s","0.020s","Scalar","0","15","242","","","","","","","","","","","","","","","","","","","","","","","","","","","","","","","","","","","","stl_algo.h:1758","tof_fork_g","","","","","","","","","","","","","","","","","","","","","","","","","","","","","","","","","","","","","","","","","","","","","","","","","","","","","","","","","","","","","","","","","","","","","","","","",""
"std::thread::_State_impl<std::thread::_Invoker<std::tuple<MakeTrunkDataset(yggdrasil_decision_forests::dataset::proto::DataSpecification const&, long, int, unsigned int)::$_0, int, int>>>::_M_run","0.998281","32.040s","0","0s","1.300s","0s","Function","","6","51","","","","","","25.994","","0.145","","28.357","","0.158","","54.351","","0.303","","33.792","","36.864","","70.656","","233.472","","179.594","","","","","","","","","","std_thread.h:255","tof_fork_g","","","","","","","","","","","","","","","","","","","","","","","","","","","","","","","","","","","","","","","","","","","","","","","","","","","","","","","","","","","","","","","","","","","","","","","","",""
"std::thread::_Invoker<std::tuple<MakeTrunkDataset(yggdrasil_decision_forests::dataset::proto::DataSpecification const&, long, int, unsigned int)::$_0, int, int>>::operator()","0.998281","32.040s","0","0s","1.300s","0s","Inlined Function","","7","58","","","","","","25.994","","0.145","","28.357","","0.158","","54.351","","0.303","","33.792","","36.864","","70.656","","233.472","","179.594","","","","","","","","","","std_thread.h:306","tof_fork_g","","","","","","","","","","","","","","","","","","","","","","","","","","","","","","","","","","","","","","","","","","","","","","","","","","","","","","","","","","","","","","","","","","","","","","","","",""
"_ZNSt6thread8_InvokerISt5tupleIJZ16MakeTrunkDatasetRKN26yggdrasil_decision_forests7dataset5proto17DataSpecificationElijE3$_0iiEEE9_M_invokeIJLm0ELm1ELm2EEEEvSt12_Index_tupleIJXspT_EEE","0.998281","32.040s","0","0s","1.300s","0s","Inlined Function","","8","57","","","","","","25.994","","0.145","","28.357","","0.158","","54.351","","0.303","","33.792","","36.864","","70.656","","233.472","","179.594","","","","","","","","","","std_thread.h:302","tof_fork_g","","","","","","","","","","","","","","","","","","","","","","","","","","","","","","","","","","","","","","","","","","","","","","","","","","","","","","","","","","","","","","","","","","","","","","","","",""
"std::__invoke<MakeTrunkDataset(yggdrasil_decision_forests::dataset::proto::DataSpecification const&, long, int, unsigned int)::$_0, int, int>","0.998281","32.040s","0","0s","1.300s","0s","Inlined Function","","9","56","","","","","","25.994","","0.145","","28.357","","0.158","","54.351","","0.303","","33.792","","36.864","","70.656","","233.472","","179.594","","","","","","","","","","invoke.h:92","tof_fork_g","","","","","","","","","","","","","","","","","","","","","","","","","","","","","","","","","","","","","","","","","","","","","","","","","","","","","","","","","","","","","","","","","","","","","","","","",""
"std::__invoke_impl<void, MakeTrunkDataset(yggdrasil_decision_forests::dataset::proto::DataSpecification const&, long, int, unsigned int)::$_0, int, int>","0.998281","32.040s","0","0s","1.300s","0s","Inlined Function","","10","55","","","","","","25.994","","0.145","","28.357","","0.158","","54.351","","0.303","","33.792","","36.864","","70.656","","233.472","","179.594","","","","","","","","","","invoke.h:62","tof_fork_g","","","","","","","","","","","","","","","","","","","","","","","","","","","","","","","","","","","","","","","","","","","","","","","","","","","","","","","","","","","","","","","","","","","","","","","","",""
"MakeTrunkDataset(yggdrasil_decision_forests::dataset::proto::DataSpecification const&, long, int, unsigned int)::$_0::operator()","0.998281","32.040s","0","0s","1.300s","0s","Inlined Function","","11","54","","","","","","25.994","","0.145","","28.357","","0.158","","54.351","","0.303","","33.792","","36.864","","70.656","","233.472","","179.594","","","","","","","","","","train_oblique_forest.cc:361","tof_fork_g","","","","","","","","","","","","","","","","","","","","","","","","","","","","","","","","","","","","","","","","","","","","","","","","","","","","","","","","","","","","","","","","","","","","","","","","",""
"[loop in MakeTrunkDataset(yggdrasil_decision_forests::dataset::proto::DataSpecification const&, long, int, unsigned int)::$_0::operator() at train_oblique_forest.cc:362]","0.998281","32.040s","0","0s","1.300s","0s","Scalar","2","12","53","","","","","","25.994","","0.145","","28.357","","0.158","","54.351","","0.303","","33.792","","36.864","","70.656","","233.472","","179.594","","Int32; UInt16","","","","","","","","train_oblique_forest.cc:362","tof_fork_g","","","","","","","","","","","","","","","","","","","","","","","","","","","","","","","","","","","","","","","","","","","","","","","","","","","","","","","","","","","","","","","","","","","","","","","","",""
"[loop in MakeTrunkDataset(yggdrasil_decision_forests::dataset::proto::DataSpecification const&, long, int, unsigned int)::$_0::operator() at train_oblique_forest.cc:375]","0.838724","26.919s","0.139581","4.480s","1.140s","0.260s","Scalar","1","13","50","","","","","","29.643","","0.145","","32.338","","0.158","","61.981","","0.303","","33.792","","36.864","","70.656","","233.472","","204.806","Divisions; Square Roots","Int32; UInt16","","","","","","","","train_oblique_forest.cc:375","tof_fork_g","111","131093359221400","131093359221400","0","0","1031453328115010","10347708550","0","152089847410","0","0","0","0","0","0","0","131092886919350","0","0","472302050","0","0","0","0","152089847410","0","0","0","1030844496423320","0","0","472302050","0","0","3787003710","2249875220","26826756440","18376843400","0","0","0","0","0","0","0","0","0","0","0","0","0","0","0","0","0","0","231857370","0","180333510","0","0","0","0","0","0","0","0","0","0","0","0","0","137396960"
"std::normal_distribution<float>::operator()<std::linear_congruential_engine<unsigned long, (unsigned long)48271, (unsigned long)0, (unsigned long)2147483647>>","0.69917","22.440s","0","0s","1.000s","0s","Inlined Function","","14","52","","","","","","33.793","","0.145","","36.865","","0.158","","70.657","","0.303","","33.792","","36.864","","70.656","","233.472","","233.476","","","","","","","","","","random.h:2238","tof_fork_g","","","","","","","","","","","","","","","","","","","","","","","","","","","","","","","","","","","","","","","","","","","","","","","","","","","","","","","","","","","","","","","","","","","","","","","","",""
"std::normal_distribution<float>::operator()<std::linear_congruential_engine<unsigned long, (unsigned long)48271, (unsigned long)0, (unsigned long)2147483647>>","0.69917","22.440s","0.228692","7.340s","1.000s","0.460s","Inlined Function","","15","49","","","","","","33.793","","0.145","","36.865","","0.158","","70.657","","0.303","","33.792","","36.864","","70.656","","233.472","","233.476","","","","","","","","","","random.tcc:1813","tof_fork_g","","","","","","","","","","","","","","","","","","","","","","","","","","","","","","","","","","","","","","","","","","","","","","","","","","","","","","","","","","","","","","","","","","","","","","","","",""
"[loop in std::normal_distribution<float>::operator()<std::linear_congruential_engine<unsigned long, (unsigned long)48271, (unsigned long)0, (unsigned long)2147483647>> at random.tcc:1830]","0.281039","9.020s","0.057952","1.860s","0.440s","0.160s","Scalar","0","16","60","","","","","","","","","","","","","","","","","","","","","","","","","","","FMA; Type Conversions","Int32; UInt16","","","","","","","","random.tcc:1830","tof_fork_g","","","","","","","","","","","","","","","","","","","","","","","","","","","","","","","","","","","","","","","","","","","","","","","","","","","","","","","","","","","","","","","","","","","","","","","","",""
"std::__detail::_Adaptor<std::linear_congruential_engine<unsigned long, (unsigned long)48271, (unsigned long)0, (unsigned long)2147483647>, float>::operator()","0.106558","3.420s","0","0s","0.280s","0s","Inlined Function","","17","64","","","","","","","","","","","","","","","","","","","","","","","","","","","","","","","","","","","","random.h:291","tof_fork_g","","","","","","","","","","","","","","","","","","","","","","","","","","","","","","","","","","","","","","","","","","","","","","","","","","","","","","","","","","","","","","","","","","","","","","","","",""
"std::generate_canonical<float, (unsigned long)24, std::linear_congruential_engine<unsigned long, (unsigned long)48271, (unsigned long)0, (unsigned long)2147483647>>","0.106558","3.420s","0.10656","3.420s","0.280s","0.280s","Inlined Function","","18","63","","","","","","","","","","","","","","","","","","","","","","","","","","","","","","","","","","","","random.tcc:3349","tof_fork_g","86","0","0","0","0","0","96","0","0","0","0","0","0","0","0","0","0","0","0","0","0","0","0","0","0","0","0","0","0","0","0","0","0","0","48","0","384","0","0","0","0","0","0","0","0","0","0","0","0","0","0","0","0","0","0","0","0","0","0","0","0","0","0","0","0","0","0","0","0","0","0","0","0"
"std::__detail::_Adaptor<std::linear_congruential_engine<unsigned long, (unsigned long)48271, (unsigned long)0, (unsigned long)2147483647>, float>::operator()","0.10095","3.240s","0","0s","0.240s","0s","Inlined Function","","17","61","","","","","","","","","","","","","","","","","","","","","","","","","","","","","","","","","","","","random.h:291","tof_fork_g","","","","","","","","","","","","","","","","","","","","","","","","","","","","","","","","","","","","","","","","","","","","","","","","","","","","","","","","","","","","","","","","","","","","","","","","",""
"std::generate_canonical<float, (unsigned long)24, std::linear_congruential_engine<unsigned long, (unsigned long)48271, (unsigned long)0, (unsigned long)2147483647>>","0.10095","3.240s","0.100946","3.240s","0.240s","0.240s","Inlined Function","","18","59","","","","","","","","","","","","","","","","","","","","","","","","","","","","","","","","","","","","random.tcc:3349","tof_fork_g","","","","","","","","","","","","","","","","","","","","","","","","","","","","","","","","","","","","","","","","","","","","","","","","","","","","","","","","","","","","","","","","","","","","","","","","",""
"std::generate_canonical<float, (unsigned long)24, std::linear_congruential_engine<unsigned long, (unsigned long)48271, (unsigned long)0, (unsigned long)2147483647>>","0.0155787","0.500s","0.0155778","0.500s","0.060s","0.060s","Inlined Function","","17","59","","","","","","","","","","","","","","","","","","","","","","","","","","","","","","","","","","","","random.tcc:3349","tof_fork_g","78","55","55","0","0","573","140","0","0","0","0","0","0","0","0","0","55","0","0","0","0","0","0","0","0","0","0","0","552","0","0","0","0","0","8","53","41","404","0","0","0","0","0","0","0","0","0","0","0","0","0","0","0","0","0","0","0","0","5","0","0","0","0","0","0","0","0","0","0","0","0","0","15"
"std::log","0.143947","4.620s","0","0s","0.280s","0s","Inlined Function","","16","77","","","","","","120.696","","0.145","","131.668","","0.158","","252.363","","0.303","","33.792","","36.864","","70.656","","233.472","","833.896","","","","","","","","","","cmath:333","tof_fork_g","","","","","","","","","","","","","","","","","","","","","","","","","","","","","","","","","","","","","","","","","","","","","","","","","","","","","","","","","","","","","","","","","","","","","","","","",""
"__libm_logf_l9","0.143947","4.620s","0.143941","4.620s","0.280s","0.280s","Function","","17","62","","","","","120.696","120.696","0.145","0.145","131.668","131.668","0.158","0.158","252.363","252.363","0.303","0.303","33.792","33.792","36.864","36.864","70.656","70.656","233.472","233.472","833.896","833.896","Shifts","Int32; UInt16; ; ","128","AVX; AVX2","","","","","","","tof_fork_g","90","0","0","0","0","0","0","0","0","0","0","0","0","0","0","0","0","0","0","0","0","0","0","0","0","0","0","0","0","0","0","0","0","0","0","0","0","0","0","0","0","0","0","0","0","0","0","0","0","0","0","0","0","0","0","0","0","0","0","0","0","0","0","0","0","0","0","0","0","0","0","0","0"
"std::sqrt","0.0454897","1.460s","0.0454885","1.460s","0.100s","0.100s","Inlined Function","","16","65","","","","","","","","","","","","","","","","","","","","","","","","","","","","","","","","","","","","cmath:449","tof_fork_g","","","","","","","","","","","","","","","","","","","","","","","","","","","","","","","","","","","","","","","","","","","","","","","","","","","","","","","","","","","","","","","","","","","","","","","","",""
"std::vector<float, std::allocator<float>>::resize","0.159526","5.120s","0","0s","0.240s","0s","Function","","13","68","","","","","","0","0","0","","< 0.001","0.042","0.125","","< 0.001","0.042","0.125","0","0","< 0.001","< 0.001","< 0.001","< 0.001","< 0.001","< 0.001","","0.002","","","","","","","","","","stl_vector.h:1143","tof_fork_g","","","","","","","","","","","","","","","","","","","","","","","","","","","","","","","","","","","","","","","","","","","","","","","","","","","","","","","","","","","","","","","","","","","","","","","","",""
"std::vector<float, std::allocator<float>>::_M_default_append","0.159526","5.120s","0","0s","0.240s","0s","Inlined Function","","14","75","","","","","","0","0","0","","< 0.001","0.333","0.375","","< 0.001","0.333","0.375","0","0","< 0.001","< 0.001","< 0.001","< 0.001","< 0.001","< 0.001","","< 0.001","","","","","","","","","","vector.tcc:814","tof_fork_g","","","","","","","","","","","","","","","","","","","","","","","","","","","","","","","","","","","","","","","","","","","","","","","","","","","","","","","","","","","","","","","","","","","","","","","","",""
"std::__uninitialized_default_n_a<float*, unsigned long, float>","0.157656","5.060s","0","0s","0.240s","0s","Inlined Function","","15","74","","","","","","","","","","","","","","","","","","","","","","","","","","","","","","","","","","","","stl_uninitialized.h:1000","tof_fork_g","","","","","","","","","","","","","","","","","","","","","","","","","","","","","","","","","","","","","","","","","","","","","","","","","","","","","","","","","","","","","","","","","","","","","","","","",""
"std::__uninitialized_default_n<float*, unsigned long>","0.157656","5.060s","0","0s","0.240s","0s","Inlined Function","","16","73","","","","","","","","","","","","","","","","","","","","","","","","","","","","","","","","","","","","stl_uninitialized.h:931","tof_fork_g","","","","","","","","","","","","","","","","","","","","","","","","","","","","","","","","","","","","","","","","","","","","","","","","","","","","","","","","","","","","","","","","","","","","","","","","",""
"std::__uninitialized_default_n_1<(bool)1>::__uninit_default_n<float*, unsigned long>","0.157656","5.060s","0","0s","0.240s","0s","Inlined Function","","17","72","","","","","","","","","","","","","","","","","","","","","","","","","","","","","","","","","","","","stl_uninitialized.h:888","tof_fork_g","","","","","","","","","","","","","","","","","","","","","","","","","","","","","","","","","","","","","","","","","","","","","","","","","","","","","","","","","","","","","","","","","","","","","","","","",""
"std::fill_n<float*, unsigned long, float>","0.157656","5.060s","0","0s","0.240s","0s","Inlined Function","","18","71","","","","","","","","","","","","","","","","","","","","","","","","","","","","","","","","","","","","stl_algobase.h:1173","tof_fork_g","","","","","","","","","","","","","","","","","","","","","","","","","","","","","","","","","","","","","","","","","","","","","","","","","","","","","","","","","","","","","","","","","","","","","","","","",""
"std::__fill_n_a<float*, unsigned long, float>","0.157656","5.060s","0","0s","0.240s","0s","Inlined Function","","19","70","","","","","","","","","","","","","","","","","","","","","","","","","","","","","","","","","","","","stl_algobase.h:1137","tof_fork_g","","","","","","","","","","","","","","","","","","","","","","","","","","","","","","","","","","","","","","","","","","","","","","","","","","","","","","","","","","","","","","","","","","","","","","","","",""
"std::__fill_a<float*, float>","0.157656","5.060s","0","0s","0.240s","0s","Inlined Function","","20","69","","","","","","","","","","","","","","","","","","","","","","","","","","","","","","","","","","","","stl_algobase.h:978","tof_fork_g","","","","","","","","","","","","","","","","","","","","","","","","","","","","","","","","","","","","","","","","","","","","","","","","","","","","","","","","","","","","","","","","","","","","","","","","",""
"std::__fill_a1<float*, float>","0.157656","5.060s","0","0s","0.240s","0s","Inlined Function","","21","67","","","","","","","","","","","","","","","","","","","","","","","","","","","","","","","","","","","","stl_algobase.h:897","tof_fork_g","54","0","0","0","0","144","192","0","0","0","0","0","0","0","0","0","0","0","0","0","0","0","0","0","0","0","0","0","144","0","0","0","0","0","0","48","0","384","0","0","0","0","0","0","0","0","0","0","0","0","0","0","0","0","0","0","0","0","0","0","0","0","0","0","0","0","0","0","0","0","0","0","0"
"__intel_avx_rep_memset","0.157656","5.060s","0.157664","5.060s","0.240s","0.240s","Function","","22","66","","","","","","","","","","","","","","","","","","","","","","","","","","","Unpacks","Int32; UInt16; UInt256; ","128/256","AVX; AVX2; SSE2","","","","","","","tof_fork_g","","","","","","","","","","","","","","","","","","","","","","","","","","","","","","","","","","","","","","","","","","","","","","","","","","","","","","","","","","","","","","","","","","","","","","","","",""
"std::_Vector_base<float, std::allocator<float>>::_M_allocate","0.00186944","0.060s","0","0s","0.020s","0s","Inlined Function","","15","92","","","","","","0","","","","< 0.001","","","","< 0.001","","","","0","","< 0.001","","< 0.001","","0","","0","","","","","","","","","","stl_vector.h:384","tof_fork_g","","","","","","","","","","","","","","","","","","","","","","","","","","","","","","","","","","","","","","","","","","","","","","","","","","","","","","","","","","","","","","","","","","","","","","","","",""
"std::allocator_traits<std::allocator<float>>::allocate","0.00186944","0.060s","0","0s","0.020s","0s","Inlined Function","","16","91","","","","","","0","","","","< 0.001","","","","< 0.001","","","","0","","< 0.001","","< 0.001","","0","","0","","","","","","","","","","alloc_traits.h:613","tof_fork_g","","","","","","","","","","","","","","","","","","","","","","","","","","","","","","","","","","","","","","","","","","","","","","","","","","","","","","","","","","","","","","","","","","","","","","","","",""
"std::__new_allocator<float>::allocate","0.00186944","0.060s","0","0s","0.020s","0s","Inlined Function","","17","90","","","","","","0","","","","< 0.001","","","","< 0.001","","","0","0","< 0.001","< 0.001","< 0.001","< 0.001","0","0","","0","","","","","","","","","","new_allocator.h:126","tof_fork_g","135","71428732050","71428732050","0","0","42124636850","120879392700","71428732050","41208883875","0","0","0","71428732050","0","0","0","0","0","0","0","0","0","0","0","25641083300","7326023800","8241776775","0","915752975","0","0","0","0","0","11904788675","8241776775","183150595000","124542404600","0","0","0","0","0","0","0","0","0","0","0","0","0","0","0","0","0","0","0","0","0","0","0","35714366025","0","35714366025","0","0","0","0","0","0","0","0","0"
"operator new","0.00186944","0.060s","0.00187065","0.060s","0.020s","0.020s","Function","","18","9","","","","","","","","","","","","","","","","","","","","","","","","","","","","","","","","","","","","","libstdc++.so.6","","","","","","","","","","","","","","","","","","","","","","","","","","","","","","","","","","","","","","","","","","","","","","","","","","","","","","","","","","","","","","","","","","","","","","","","",""
"logf","0.0143324","0.460s","0.0143325","0.460s","0.040s","0.040s","Function","","6","76","","","","","","","","","","","","","","","","","","","","","","","","","","","","","","","","","","","","","tof_fork_g","113","214682750","214682750","0","0","12554647220","1597239660","0","0","0","0","0","0","0","0","0","214682750","0","0","0","0","0","0","0","0","0","0","0","12554647220","0","0","0","0","0","532413220","669810180","4053210320","5358481440","0","0","0","0","0","0","0","0","0","0","0","0","0","0","0","0","0","0","25761930","0","34349240","0","0","0","0","0","0","0","0","0","0","0","0","0","34349240"
"yggdrasil_decision_forests::model::decision_tree::internal::ProjectionEvaluator::Evaluate","18.1305","581.902s","0.0168247","0.540s","28.620s","0.060s","Function","","2","138","","","","","","","","","","","","","","","","","","","","","","","","","","","FMA; Gathers; Inserts; Shuffles; Unpacks","Int32; UInt16; UInt256; ; ","128/256","AVX; AVX2; AVX512F_256; FMA","","","","","","oblique.cc:1307","tof_fork_g","","","","","","","","","","","","","","","","","","","","","","","","","","","","","","","","","","","","","","","","","","","","","","","","","","","","","","","","","","","","","","","","","","","","","","","","",""
"[loop in yggdrasil_decision_forests::model::decision_tree::internal::ProjectionEvaluator::Evaluate at oblique.cc:1321]","18.1099","581.242s","15.1725","486.965s","28.560s","24.060s","Scalar","1","3","137","","","","","","","","","","","","","","","","","","","","","","","","","","","FMA","Int32; UInt16","","","","","","","","oblique.cc:1321","tof_fork_g","","","","","","","","","","","","","","","","","","","","","","","","","","","","","","","","","","","","","","","","","","","","","","","","","","","","","","","","","","","","","","","","","","","","","","","","",""
"[loop in yggdrasil_decision_forests::model::decision_tree::internal::ProjectionEvaluator::Evaluate at oblique.cc:1326]","2.53368","81.319s","2.01147","64.559s","4.320s","3.580s","Scalar","0","4","144","","","","","","","","","","","","","","","","","","","","","","","","","","","FMA","Int32","","","","","","","","oblique.cc:1326","tof_fork_g","","","","","","","","","","","","","","","","","","","","","","","","","","","","","","","","","","","","","","","","","","","","","","","","","","","","","","","","","","","","","","","","","","","","","","","","",""
"__gnu_cxx::operator!=<yggdrasil_decision_forests::model::decision_tree::internal::AttributeAndWeight const*, std::vector<yggdrasil_decision_forests::model::decision_tree::internal::AttributeAndWeight, std::allocator<yggdrasil_decision_forests::model::decision_tree::internal::AttributeAndWeight>>>","0.512226","16.440s","0.51223","16.440s","0.960s","0.960s","Inlined Function","","5","153","","","","","","","","","","","","","","","","","","","","","","","","","","","","","","","","","","","","stl_iterator.h:1244","tof_fork_g","","","","","","","","","","","","","","","","","","","","","","","","","","","","","","","","","","","","","","","","","","","","","","","","","","","","","","","","","","","","","","","","","","","","","","","","",""
"yggdrasil_decision_forests::model::decision_tree::internal::ProjectionEvaluator::AttributeValue","0.00997034","0.320s","0.00997087","0.320s","0.080s","0.080s","Inlined Function","","5","139","","","","","","","","","","","","","","","","","","","","","","","","","","","Gathers","Int32; ","128/256","AVX512F_256","","","","","","oblique.h:222","tof_fork_g","","","","","","","","","","","","","","","","","","","","","","","","","","","","","","","","","","","","","","","","","","","","","","","","","","","","","","","","","","","","","","","","","","","","","","","","",""
"yggdrasil_decision_forests::model::decision_tree::internal::ProjectionEvaluator::AttributeValue","0.403768","12.959s","0.245524","7.880s","0.799s","0.520s","Inlined Function","","4","139","","","","","","","","","","","","","","","","","","","","","","","","","","","Gathers","Int32; ","128/256","AVX512F_256","","","","","","oblique.h:222","tof_fork_g","","","","","","","","","","","","","","","","","","","","","","","","","","","","","","","","","","","","","","","","","","","","","","","","","","","","","","","","","","","","","","","","","","","","","","","","",""
"std::vector<float const*, std::allocator<float const*>>::operator[]","0.158248","5.079s","0.158245","5.079s","0.339s","0.339s","Inlined Function","","5","136","","","","","","","","","","","","","","","","","","","","","","","","","","","","","","","","","","","","stl_vector.h:1280","tof_fork_g","","","","","","","","","","","","","","","","","","","","","","","","","","","","","","","","","","","","","","","","","","","","","","","","","","","","","","","","","","","","","","","","","","","","","","","","",""
"absl::lts_20250814::Status::ok","0.00249259","0.080s","0.00249252","0.080s","0.040s","0.040s","Inlined Function","","3","267","","","","","","","","","","","","","","","","","","","","","","","","","","","","","","","","","","","","status.h:816","tof_fork_g","","","","","","","","","","","","","","","","","","","","","","","","","","","","","","","","","","","","","","","","","","","","","","","","","","","","","","","","","","","","","","","","","","","","","","","","",""
"absl::lts_20250814::Status::Status","0.00124629","0.040s","0","0s","0.020s","0s","Inlined Function","","3","305","","","","","","","","","","","","","","","","","","","","","","","","","","","","","","","","","","","","status.h:776","tof_fork_g","","","","","","","","","","","","","","","","","","","","","","","","","","","","","","","","","","","","","","","","","","","","","","","","","","","","","","","","","","","","","","","","","","","","","","","","",""
"absl::lts_20250814::Status::Ref","0.00124629","0.040s","0.00124634","0.040s","0.020s","0.020s","Inlined Function","","4","304","","","","","","","","","","","","","","","","","","","","","","","","","","","","","","","","","","","","status.h:916","tof_fork_g","","","","","","","","","","","","","","","","","","","","","","","","","","","","","","","","","","","","","","","","","","","","","","","","","","","","","","","","","","","","","","","","","","","","","","","","",""
"yggdrasil_decision_forests::model::decision_tree::FindSplitLabelClassificationFeatureNumericalCart","12.7081","407.868s","0.1427","4.580s","20.351s","0.320s","Function","","2","118","","","","","","","","","","","","","","","","","","","","","","","","","","","2-Source Permutes; Blends; Divisions; Extracts; FMA; Gathers; Inserts; Shifts; Shuffles; Type Conversions; Unpacks","Int32; Int64; UInt16; UInt256; ; ","128/256","AVX; AVX2; AVX512DQ_128; AVX512DQ_256; AVX512F_128; AVX512F_256","","","","","","training.cc","tof_fork_g","","","","","","","","","","","","","","","","","","","","","","","","","","","","","","","","","","","","","","","","","","","","","","","","","","","","","","","","","","","","","","","","","","","","","","","","",""
"[loop in yggdrasil_decision_forests::model::decision_tree::FindSplitLabelClassificationFeatureNumericalCart at splitter_scanner.h]","10.4195","334.416s","10.4195","334.416s","16.760s","16.760s","Vectorized (Body)","0","3","132","","AVX512","2; 8","","","","","","","","","","","","","","","","","","","","","","","","2-Source Permutes; Blends; Divisions; FMA; Inserts; Shifts; Shuffles; Type Conversions","Int32; Int64; UInt16; ; ","128","AVX; AVX512F_128","","","","","","splitter_scanner.h","tof_fork_g","","","","","","","","","","","","","","","","","","","","","","","","","","","","","","","","","","","","","","","","","","","","","","","","","","","","","","","","","","","","","","","","","","","","","","","","",""
"[loop in yggdrasil_decision_forests::model::decision_tree::FindSplitLabelClassificationFeatureNumericalCart at splitter_scanner.h:1787]","1.61794","51.928s","0","0s","2.900s","0s","Scalar Versions","0","3","465","","","","","","","","","","","","","","","","","","","","","","","","","","","","Int32; UInt16","","","","","","","","splitter_scanner.h:1787","tof_fork_g","","","","","","","","","","","","","","","","","","","","","","","","","","","","","","","","","","","","","","","","","","","","","","","","","","","","","","","","","","","","","","","","","","","","","","","","",""
"[loop in yggdrasil_decision_forests::model::decision_tree::FindSplitLabelClassificationFeatureNumericalCart at splitter_scanner.h:1787]","1.60423","51.488s","1.60422","51.488s","2.900s","2.900s","Scalar","0","3","133","","","","","","","","","","","","","","","","","","","","","","","","","","","","Int32; UInt16","","","","","","","","splitter_scanner.h:1787","tof_fork_g","","","","","","","","","","","","","","","","","","","","","","","","","","","","","","","","","","","","","","","","","","","","","","","","","","","","","","","","","","","","","","","","","","","","","","","","",""
"[loop in yggdrasil_decision_forests::model::decision_tree::FindSplitLabelClassificationFeatureNumericalCart at splitter_scanner.h:1787]","0.0137092","0.440s","0.0137094","0.440s","0.060s","0.060s","Scalar","0","3","165","","","","","","","","","","","","","","","","","","","","","","","","","","","","Int32; UInt16","","","","","","","","splitter_scanner.h:1787","tof_fork_g","","","","","","","","","","","","","","","","","","","","","","","","","","","","","","","","","","","","","","","","","","","","","","","","","","","","","","","","","","","","","","","","","","","","","","","","",""
"[loop in yggdrasil_decision_forests::model::decision_tree::FindSplitLabelClassificationFeatureNumericalCart at splitter_accumulator.h:66]","0.52793","16.944s","0.527942","16.944s","1.060s","1.060s","Vectorized (Body)","0","3","140","","AVX512","4","","","","","","","","","","","","","","","","","","","","","","","","Type Conversions","Int64; UInt256; ","256","AVX; AVX2; AVX512DQ_256; AVX512F_256","","","","","","splitter_accumulator.h:66","tof_fork_g","","","","","","","","","","","","","","","","","","","","","","","","","","","","","","","","","","","","","","","","","","","","","","","","","","","","","","","","","","","","","","","","","","","","","","","","",""
"hwy::N_AVX3_SPR::detail::Recurse<(hwy::N_AVX3_SPR::detail::RecurseMode)0, hwy::N_AVX3_SPR::Simd<unsigned long, (unsigned long)8, (int)0>, hwy::N_AVX3_SPR::detail::SharedTraits<hwy::N_AVX3_SPR::detail::TraitsLane<hwy::N_AVX3_SPR::detail::OrderAscendingKV64>>, unsigned long>","3.16702","101.646s","0.0342727","1.100s","5.141s","0.100s","Function","","2","130","","","","","","","","","","","","","","","","","","","","","","","","","","","Permutes; Shifts","UInt16; UInt256; ","128/512","AVX; AVX512F_512","","","","","","vqsort-inl.h","tof_fork_g","","","","","","","","","","","","","","","","","","","","","","","","","","","","","","","","","","","","","","","","","","","","","","","","","","","","","","","","","","","","","","","","","","","","","","","","",""
"[loop in hwy::N_AVX3_SPR::detail::Recurse<(hwy::N_AVX3_SPR::detail::RecurseMode)0, hwy::N_AVX3_SPR::Simd<unsigned long, (unsigned long)8, (int)0>, hwy::N_AVX3_SPR::detail::SharedTraits<hwy::N_AVX3_SPR::detail::TraitsLane<hwy::N_AVX3_SPR::detail::OrderAscendingKV64>>, unsigned long> at vqsort-inl.h]","3.13274","100.546s","0.467313","14.999s","5.061s","0.980s","Vectorized (Body)","1","3","129","","AVX512","2; 32","","","","","","","","","","","","","","","","","","","","","","","","Mask Manipulations; Permutes; Shifts","UInt16; UInt256; ","128/512","AVX; AVX512F_512","","","","","","vqsort-inl.h","tof_fork_g","","","","","","","","","","","","","","","","","","","","","","","","","","","","","","","","","","","","","","","","","","","","","","","","","","","","","","","","","","","","","","","","","","","","","","","","",""
"[loop in hwy::N_AVX3_SPR::detail::Recurse<(hwy::N_AVX3_SPR::detail::RecurseMode)0, hwy::N_AVX3_SPR::Simd<unsigned long, (unsigned long)8, (int)0>, hwy::N_AVX3_SPR::detail::SharedTraits<hwy::N_AVX3_SPR::detail::TraitsLane<hwy::N_AVX3_SPR::detail::OrderAscendingKV64>>, unsigned long> at vqsort-inl.h:881]","2.51648","80.767s","2.51649","80.767s","4.180s","4.180s","Inside vectorized","0","4","134","","","","","","","","","","","","","","","","","","","","","","","","","","","Mask Manipulations; Permutes; Shifts","UInt256; ","512","AVX512F_512","","","","","","vqsort-inl.h:881","tof_fork_g","","","","","","","","","","","","","","","","","","","","","","","","","","","","","","","","","","","","","","","","","","","","","","","","","","","","","","","","","","","","","","","","","","","","","","","","",""
"[loop in hwy::N_AVX3_SPR::detail::Recurse<(hwy::N_AVX3_SPR::detail::RecurseMode)0, hwy::N_AVX3_SPR::Simd<unsigned long, (unsigned long)8, (int)0>, hwy::N_AVX3_SPR::detail::SharedTraits<hwy::N_AVX3_SPR::detail::TraitsLane<hwy::N_AVX3_SPR::detail::OrderAscendingKV64>>, unsigned long> at vqsort-inl.h:666]","0.116528","3.740s","0.116528","3.740s","0.300s","0.300s","Inside vectorized","0","4","151","","","","","","","","","","","","","","","","","","","","","","","","","","","Mask Manipulations; Permutes; Shifts","UInt256; ","512","AVX512F_512","","","","","","vqsort-inl.h:666","tof_fork_g","","","","","","","","","","","","","","","","","","","","","","","","","","","","","","","","","","","","","","","","","","","","","","","","","","","","","","","","","","","","","","","","","","","","","","","","",""
"[loop in hwy::N_AVX3_SPR::detail::Recurse<(hwy::N_AVX3_SPR::detail::RecurseMode)0, hwy::N_AVX3_SPR::Simd<unsigned long, (unsigned long)8, (int)0>, hwy::N_AVX3_SPR::detail::SharedTraits<hwy::N_AVX3_SPR::detail::TraitsLane<hwy::N_AVX3_SPR::detail::OrderAscendingKV64>>, unsigned long> at vqsort-inl.h]","0.0324036","1.040s","0.0324014","1.040s","0.100s","0.100s","Inside vectorized","0","4","142","","","","","","","","","","","","","","","","","","","","","","","","","","","","","","","","","","","","vqsort-inl.h","tof_fork_g","","","","","","","","","","","","","","","","","","","","","","","","","","","","","","","","","","","","","","","","","","","","","","","","","","","","","","","","","","","","","","","","","","","","","","","","",""
"hwy::N_AVX3_SPR::detail::Sort16Rows<(unsigned long)8, hwy::N_AVX3_SPR::detail::SharedTraits<hwy::N_AVX3_SPR::detail::TraitsLane<hwy::N_AVX3_SPR::detail::OrderAscending<unsigned long>>>, unsigned long>","2.84211","91.218s","2.84211","91.218s","5.000s","5.000s","Function","","2","131","","","","","","","","","","","","","","","","","","","","","","","","","","","2-Source Permutes; Blends; Permutes; Shuffles","UInt256; ","128/512","AVX; AVX512F_128; AVX512F_512","","","","","","vqsort-inl.h:432","tof_fork_g","","","","","","","","","","","","","","","","","","","","","","","","","","","","","","","","","","","","","","","","","","","","","","","","","","","","","","","","","","","","","","","","","","","","","","","","",""
"__svml_log4_l9","1.70624","54.762s","1.70625","54.762s","3.040s","3.040s","Vector Function","","2","141","","AVX2","4","","","","","","","","","","","","","","","","","","","","","","","","Appr. Reciprocals(AVX); Extracts; FMA; Gathers; Shifts; Shuffles; Type Conversions","Int32; Int64; UInt16; UInt256; UInt; ; ","128/256","AVX; AVX2; AVX2GATHER; FMA","","","","","","","tof_fork_g","","","","","","","","","","","","","","","","","","","","","","","","","","","","","","","","","","","","","","","","","","","","","","","","","","","","","","","","","","","","","","","","","","","","","","","","",""
"yggdrasil_decision_forests::model::decision_tree::internal::SampleProjection","0.669228","21.479s","0.121514","3.900s","1.220s","0.260s","Function","","2","158","","","","","","","","","","","","","","","","","","","","","","","","","","","Divisions; Shuffles; Square Roots; Unpacks","Int32; Int64; ; ","128","AVX; AVX2; AVX512DQ_128; AVX512F_128","","","","","","oblique.cc","tof_fork_g","","","","","","","","","","","","","","","","","","","","","","","","","","","","","","","","","","","","","","","","","","","","","","","","","","","","","","","","","","","","","","","","","","","","","","","","",""
"[loop in yggdrasil_decision_forests::model::decision_tree::internal::SampleProjection at oblique.cc:1037]","0.524658","16.839s","0.524664","16.839s","0.940s","0.940s","Vectorized (Body)","0","3","157","","AVX512","2; 4","","","","","","","","","","","","","","","","","","","","","","","","Divisions; FMA; Mask Manipulations; Type Conversions","Int32; Int64; ","128","AVX; AVX512DQ_128","","","","","","oblique.cc:1037","tof_fork_g","","","","","","","","","","","","","","","","","","","","","","","","","","","","","","","","","","","","","","","","","","","","","","","","","","","","","","","","","","","","","","","","","","","","","","","","",""
"[loop in yggdrasil_decision_forests::model::decision_tree::internal::SampleProjection at oblique.cc]","0.0230564","0.740s","0.0230559","0.740s","0.100s","0.100s","Scalar","0","3","159","","","","","","","","","","","","","","","","","","","","","","","","","","","Divisions","","","","","","","","","oblique.cc","tof_fork_g","","","","","","","","","","","","","","","","","","","","","","","","","","","","","","","","","","","","","","","","","","","","","","","","","","","","","","","","","","","","","","","","","","","","","","","","",""
"std::thread::_State_impl<std::thread::_Invoker<std::tuple<MakeTrunkDataset(yggdrasil_decision_forests::dataset::proto::DataSpecification const&, long, int, unsigned int)::$_0, int, int>>>::_M_run","0.647075","20.768s","0","0s","1.020s","0s","Function","","2","51","","","","","","","","","","","","","","","","","","","","","","","","","","","","","","","","","","","","std_thread.h:255","tof_fork_g","","","","","","","","","","","","","","","","","","","","","","","","","","","","","","","","","","","","","","","","","","","","","","","","","","","","","","","","","","","","","","","","","","","","","","","","",""
"std::thread::_Invoker<std::tuple<MakeTrunkDataset(yggdrasil_decision_forests::dataset::proto::DataSpecification const&, long, int, unsigned int)::$_0, int, int>>::operator()","0.647075","20.768s","0","0s","1.020s","0s","Inlined Function","","3","58","","","","","","","","","","","","","","","","","","","","","","","","","","","","","","","","","","","","std_thread.h:306","tof_fork_g","","","","","","","","","","","","","","","","","","","","","","","","","","","","","","","","","","","","","","","","","","","","","","","","","","","","","","","","","","","","","","","","","","","","","","","","",""
"_ZNSt6thread8_InvokerISt5tupleIJZ16MakeTrunkDatasetRKN26yggdrasil_decision_forests7dataset5proto17DataSpecificationElijE3$_0iiEEE9_M_invokeIJLm0ELm1ELm2EEEEvSt12_Index_tupleIJXspT_EEE","0.647075","20.768s","0","0s","1.020s","0s","Inlined Function","","4","57","","","","","","","","","","","","","","","","","","","","","","","","","","","","","","","","","","","","std_thread.h:302","tof_fork_g","","","","","","","","","","","","","","","","","","","","","","","","","","","","","","","","","","","","","","","","","","","","","","","","","","","","","","","","","","","","","","","","","","","","","","","","",""
"std::__invoke<MakeTrunkDataset(yggdrasil_decision_forests::dataset::proto::DataSpecification const&, long, int, unsigned int)::$_0, int, int>","0.647075","20.768s","0","0s","1.020s","0s","Inlined Function","","5","56","","","","","","","","","","","","","","","","","","","","","","","","","","","","","","","","","","","","invoke.h:92","tof_fork_g","","","","","","","","","","","","","","","","","","","","","","","","","","","","","","","","","","","","","","","","","","","","","","","","","","","","","","","","","","","","","","","","","","","","","","","","",""
"std::__invoke_impl<void, MakeTrunkDataset(yggdrasil_decision_forests::dataset::proto::DataSpecification const&, long, int, unsigned int)::$_0, int, int>","0.647075","20.768s","0","0s","1.020s","0s","Inlined Function","","6","55","","","","","","","","","","","","","","","","","","","","","","","","","","","","","","","","","","","","invoke.h:62","tof_fork_g","","","","","","","","","","","","","","","","","","","","","","","","","","","","","","","","","","","","","","","","","","","","","","","","","","","","","","","","","","","","","","","","","","","","","","","","",""
"MakeTrunkDataset(yggdrasil_decision_forests::dataset::proto::DataSpecification const&, long, int, unsigned int)::$_0::operator()","0.647075","20.768s","0","0s","1.020s","0s","Inlined Function","","7","54","","","","","","","","","","","","","","","","","","","","","","","","","","","","","","","","","","","","train_oblique_forest.cc:361","tof_fork_g","","","","","","","","","","","","","","","","","","","","","","","","","","","","","","","","","","","","","","","","","","","","","","","","","","","","","","","","","","","","","","","","","","","","","","","","",""
"[loop in MakeTrunkDataset(yggdrasil_decision_forests::dataset::proto::DataSpecification const&, long, int, unsigned int)::$_0::operator() at train_oblique_forest.cc:362]","0.647075","20.768s","0","0s","1.020s","0s","Scalar","2","8","53","","","","","","","","","","","","","","","","","","","","","","","","","","","","Int32; UInt16","","","","","","","","train_oblique_forest.cc:362","tof_fork_g","","","","","","","","","","","","","","","","","","","","","","","","","","","","","","","","","","","","","","","","","","","","","","","","","","","","","","","","","","","","","","","","","","","","","","","","",""
"[loop in MakeTrunkDataset(yggdrasil_decision_forests::dataset::proto::DataSpecification const&, long, int, unsigned int)::$_0::operator() at train_oblique_forest.cc:375]","0.647075","20.768s","0.125692","4.034s","1.020s","0.280s","Scalar","1","9","50","","","","","","","","","","","","","","","","","","","","","","","","","","","Divisions; Square Roots","Int32; UInt16","","","","","","","","train_oblique_forest.cc:375","tof_fork_g","42","22","22","0","0","69","70","0","0","0","0","0","0","0","0","0","22","0","0","0","0","0","0","0","0","0","0","0","69","0","0","0","0","0","16","12","95","96","0","0","0","0","0","0","0","0","0","0","0","0","0","0","0","0","0","0","1","0","4","0","0","0","0","0","0","0","0","0","0","0","0","0","2"
"std::normal_distribution<float>::operator()<std::linear_congruential_engine<unsigned long, (unsigned long)48271, (unsigned long)0, (unsigned long)2147483647>>","0.521387","16.734s","0","0s","0.924s","0s","Inlined Function","","10","52","","","","","","","","","","","","","","","","","","","","","","","","","","","","","","","","","","","","random.h:2238","tof_fork_g","","","","","","","","","","","","","","","","","","","","","","","","","","","","","","","","","","","","","","","","","","","","","","","","","","","","","","","","","","","","","","","","","","","","","","","","",""
"std::normal_distribution<float>::operator()<std::linear_congruential_engine<unsigned long, (unsigned long)48271, (unsigned long)0, (unsigned long)2147483647>>","0.521387","16.734s","0.230665","7.403s","0.924s","0.520s","Inlined Function","","11","49","","","","","","","","","","","","","","","","","","","","","","","","","","","","","","","","","","","","random.tcc:1813","tof_fork_g","","","","","","","","","","","","","","","","","","","","","","","","","","","","","","","","","","","","","","","","","","","","","","","","","","","","","","","","","","","","","","","","","","","","","","","","",""
"[loop in std::normal_distribution<float>::operator()<std::linear_congruential_engine<unsigned long, (unsigned long)48271, (unsigned long)0, (unsigned long)2147483647>> at random.tcc:1830]","0.243058","7.801s","0.0392567","1.260s","0.501s","0.140s","Scalar","0","12","60","","","","","","","","","","","","","","","","","","","","","","","","","","","FMA; Type Conversions","Int32; UInt16","","","","","","","","random.tcc:1830","tof_fork_g","","","","","","","","","","","","","","","","","","","","","","","","","","","","","","","","","","","","","","","","","","","","","","","","","","","","","","","","","","","","","","","","","","","","","","","","",""
"std::__detail::_Adaptor<std::linear_congruential_engine<unsigned long, (unsigned long)48271, (unsigned long)0, (unsigned long)2147483647>, float>::operator()","0.0983014","3.155s","0","0s","0.220s","0s","Inlined Function","","13","64","","","","","","","","","","","","","","","","","","","","","","","","","","","","","","","","","","","","random.h:291","tof_fork_g","","","","","","","","","","","","","","","","","","","","","","","","","","","","","","","","","","","","","","","","","","","","","","","","","","","","","","","","","","","","","","","","","","","","","","","","",""
"std::generate_canonical<float, (unsigned long)24, std::linear_congruential_engine<unsigned long, (unsigned long)48271, (unsigned long)0, (unsigned long)2147483647>>","0.0983014","3.155s","0.0982982","3.155s","0.220s","0.220s","Inlined Function","","14","63","","","","","","","","","","","","","","","","","","","","","","","","","","","","","","","","","","","","random.tcc:3349","tof_fork_g","","","","","","","","","","","","","","","","","","","","","","","","","","","","","","","","","","","","","","","","","","","","","","","","","","","","","","","","","","","","","","","","","","","","","","","","",""
"std::__detail::_Adaptor<std::linear_congruential_engine<unsigned long, (unsigned long)48271, (unsigned long)0, (unsigned long)2147483647>, float>::operator()","0.0824423","2.646s","0","0s","0.220s","0s","Inlined Function","","13","61","","","","","","","","","","","","","","","","","","","","","","","","","","","","","","","","","","","","random.h:291","tof_fork_g","","","","","","","","","","","","","","","","","","","","","","","","","","","","","","","","","","","","","","","","","","","","","","","","","","","","","","","","","","","","","","","","","","","","","","","","",""
"std::generate_canonical<float, (unsigned long)24, std::linear_congruential_engine<unsigned long, (unsigned long)48271, (unsigned long)0, (unsigned long)2147483647>>","0.0824423","2.646s","0.082428","2.646s","0.220s","0.220s","Inlined Function","","14","59","","","","","","","","","","","","","","","","","","","","","","","","","","","","","","","","","","","","random.tcc:3349","tof_fork_g","","","","","","","","","","","","","","","","","","","","","","","","","","","","","","","","","","","","","","","","","","","","","","","","","","","","","","","","","","","","","","","","","","","","","","","","",""
"std::generate_canonical<float, (unsigned long)24, std::linear_congruential_engine<unsigned long, (unsigned long)48271, (unsigned long)0, (unsigned long)2147483647>>","0.0230564","0.740s","0.023067","0.740s","0.084s","0.084s","Inlined Function","","13","59","","","","","","","","","","","","","","","","","","","","","","","","","","","","","","","","","","","","random.tcc:3349","tof_fork_g","","","","","","","","","","","","","","","","","","","","","","","","","","","","","","","","","","","","","","","","","","","","","","","","","","","","","","","","","","","","","","","","","","","","","","","","",""
"std::sqrt","0.0476707","1.530s","0.0476645","1.530s","0.120s","0.120s","Inlined Function","","12","65","","","","","","","","","","","","","","","","","","","","","","","","","","","","","","","","","","","","cmath:449","tof_fork_g","","","","","","","","","","","","","","","","","","","","","","","","","","","","","","","","","","","","","","","","","","","","","","","","","","","","","","","","","","","","","","","","","","","","","","","","",""
"__intel_avx_rep_memset","0.504157","16.181s","0.456174","14.641s","0.780s","0.700s","Function","","2","66","","","","","","","","","","","","","","","","","","","","","","","","","","","Unpacks","Int32; UInt16; UInt256; ","128/256","AVX; AVX2; SSE2","","","","","","","tof_fork_g","40","0","0","0","0","2","12","0","0","0","0","0","0","0","0","0","0","0","0","0","0","0","0","0","0","0","0","0","2","0","0","0","0","0","2","2","16","16","0","0","0","0","0","0","0","0","0","0","0","0","0","0","0","0","0","0","0","0","0","0","0","0","0","0","0","0","0","0","0","0","0","0","1"
"[loop in __intel_avx_rep_memset]","0.0479823","1.540s","0.0479817","1.540s","0.140s","0.140s","Vectorized (Body)","0","3","207","","AVX","8","","","","","","","","","","","","","","","","","","","","","","","","","UInt16","256","AVX","","","","","","","tof_fork_g","","","","","","","","","","","","","","","","","","","","","","","","","","","","","","","","","","","","","","","","","","","","","","","","","","","","","","","","","","","","","","","","","","","","","","","","",""
"hwy::N_AVX3_SPR::detail::Sort16Rows<(unsigned long)4, hwy::N_AVX3_SPR::detail::SharedTraits<hwy::N_AVX3_SPR::detail::TraitsLane<hwy::N_AVX3_SPR::detail::OrderAscending<unsigned long>>>, unsigned long>","0.434333","13.940s","0.43433","13.940s","0.780s","0.780s","Function","","2","143","","","","","","","","","","","","","","","","","","","","","","","","","","","2-Source Permutes; Blends; Permutes; Shuffles","UInt16; UInt256; ; ","128/256","AVX; AVX2; AVX512F_128; AVX512F_256","","","","","","vqsort-inl.h:432","tof_fork_g","","","","","","","","","","","","","","","","","","","","","","","","","","","","","","","","","","","","","","","","","","","","","","","","","","","","","","","","","","","","","","","","","","","","","","","","",""
"hwy::N_AVX3_SPR::detail::Sort8Rows<(unsigned long)2, hwy::N_AVX3_SPR::detail::SharedTraits<hwy::N_AVX3_SPR::detail::TraitsLane<hwy::N_AVX3_SPR::detail::OrderAscending<unsigned long>>>, unsigned long>","0.429348","13.780s","0.429339","13.780s","0.900s","0.900s","Function","","2","135","","","","","","","","","","","","","","","","","","","","","","","","","","","Blends; Shuffles","UInt16; ; ","128","AVX; AVX2; AVX512F_128","","","","","","vqsort-inl.h:337","tof_fork_g","","","","","","","","","","","","","","","","","","","","","","","","","","","","","","","","","","","","","","","","","","","","","","","","","","","","","","","","","","","","","","","","","","","","","","","","",""
"yggdrasil_decision_forests::model::decision_tree::EvalConditionOblique::operator()","0.337153","10.821s","0.0897319","2.880s","0.660s","0.280s","Function","","2","170","","","","","","","","","","","","","","","","","","","","","","","","","","","","","","","","","","","","decision_tree.cc:882","tof_fork_g","","","","","","","","","","","","","","","","","","","","","","","","","","","","","","","","","","","","","","","","","","","","","","","","","","","","","","","","","","","","","","","","","","","","","","","","",""
"std::isnan","0.213147","6.841s","0.213149","6.841s","0.500s","0.500s","Inlined Function","","3","169","","","","","","","","","","","","","","","","","","","","","","","","","","","","","","","","","","","","cmath:1182","tof_fork_g","","","","","","","","","","","","","","","","","","","","","","","","","","","","","","","","","","","","","","","","","","","","","","","","","","","","","","","","","","","","","","","","","","","","","","","","",""
"[loop in yggdrasil_decision_forests::model::decision_tree::EvalConditionOblique::operator() at decision_tree.cc:886]","0.0292879","0.940s","0.00311569","0.100s","0.120s","0.040s","Scalar","0","3","206","","","","","","","","","","","","","","","","","","","","","","","","","","","FMA","Int32","","","","","","","","decision_tree.cc:886","tof_fork_g","","","","","","","","","","","","","","","","","","","","","","","","","","","","","","","","","","","","","","","","","","","","","","","","","","","","","","","","","","","","","","","","","","","","","","","","",""
"std::isnan","0.0261722","0.840s","0.0261722","0.840s","0.120s","0.120s","Inlined Function","","4","169","","","","","","","","","","","","","","","","","","","","","","","","","","","","","","","","","","","","cmath:1182","tof_fork_g","","","","","","","","","","","","","","","","","","","","","","","","","","","","","","","","","","","","","","","","","","","","","","","","","","","","","","","","","","","","","","","","","","","","","","","","",""
"std::vector<float, std::allocator<float>>::operator[]","0.00311573","0.100s","0.0031157","0.100s","0.040s","0.040s","Inlined Function","","3","255","","","","","","","","","","","","","","","","","","","","","","","","","","","","","","","","","","","","stl_vector.h:1261","tof_fork_g","","","","","","","","","","","","","","","","","","","","","","","","","","","","","","","","","","","","","","","","","","","","","","","","","","","","","","","","","","","","","","","","","","","","","","","","",""
"std::vector<std::vector<float, std::allocator<float>> const*, std::allocator<std::vector<float, std::allocator<float>> const*>>::operator[]","0.00124629","0.040s","0.00124621","0.040s","0.020s","0.020s","Inlined Function","","3","297","","","","","","","","","","","","","","","","","","","","","","","","","","","","","","","","","","","","stl_vector.h:1280","tof_fork_g","","","","","","","","","","","","","","","","","","","","","","","","","","","","","","","","","","","","","","","","","","","","","","","","","","","","","","","","","","","","","","","","","","","","","","","","",""
"std::vector<int, std::allocator<int>>::size","0.000623147","0.020s","0.000623131","0.020s","0.020s","0.020s","Inlined Function","","3","422","","","","","","","","","","","","","","","","","","","","","","","","","","","","","","","","","","","","stl_vector.h:1117","tof_fork_g","","","","","","","","","","","","","","","","","","","","","","","","","","","","","","","","","","","","","","","","","","","","","","","","","","","","","","","","","","","","","","","","","","","","","","","","",""
"std::binomial_distribution<unsigned long>::_M_waiting<std::mersenne_twister_engine<unsigned long, (unsigned long)32, (unsigned long)624, (unsigned long)397, (unsigned long)31, (unsigned long)2567483615, (unsigned long)11, (unsigned long)4294967295, (unsigned long)7, (unsigned long)2636928640, (unsigned long)15, (unsigned long)4022730752, (unsigned long)18, (unsigned long)1812433253>>","0.288953","9.274s","0.046736","1.500s","0.594s","0.140s","Function","","2","180","","","","","","","","","","","","","","","","","","","","","","","","","","","Shifts","UInt16; ","256","AVX; AVX2; AVX512F_256","","","","","","random.tcc:1532","tof_fork_g","","","","","","","","","","","","","","","","","","","","","","","","","","","","","","","","","","","","","","","","","","","","","","","","","","","","","","","","","","","","","","","","","","","","","","","","",""
"[loop in std::binomial_distribution<unsigned long>::_M_waiting<std::mersenne_twister_engine<unsigned long, (unsigned long)32, (unsigned long)624, (unsigned long)397, (unsigned long)31, (unsigned long)2567483615, (unsigned long)11, (unsigned long)4294967295, (unsigned long)7, (unsigned long)2636928640, (unsigned long)15, (unsigned long)4022730752, (unsigned long)18, (unsigned long)1812433253>> at random.tcc:1532]","0.242217","7.774s","0.12463","4.000s","0.560s","0.340s","Scalar","2","3","179","","","","","","","","","","","","","","","","","","","","","","","","","","","Divisions; Type Conversions","Int64; ","256","AVX2","","","","","","random.tcc:1532","tof_fork_g","","","","","","","","","","","","","","","","","","","","","","","","","","","","","","","","","","","","","","","","","","","","","","","","","","","","","","","","","","","","","","","","","","","","","","","","",""
"std::__detail::_Adaptor<std::mersenne_twister_engine<unsigned long, (unsigned long)32, (unsigned long)624, (unsigned long)397, (unsigned long)31, (unsigned long)2567483615, (unsigned long)11, (unsigned long)4294967295, (unsigned long)7, (unsigned long)2636928640, (unsigned long)15, (unsigned long)4022730752, (unsigned long)18, (unsigned long)1812433253>, double>::operator()","0.117588","3.774s","0","0s","0.274s","0s","Inlined Function","","4","187","","","","","","","","","","","","","","","","","","","","","","","","","","","Shifts","UInt16; ","256","AVX; AVX2; AVX512F_256","","","","","","random.h:291","tof_fork_g","","","","","","","","","","","","","","","","","","","","","","","","","","","","","","","","","","","","","","","","","","","","","","","","","","","","","","","","","","","","","","","","","","","","","","","","",""
"std::generate_canonical<double, (unsigned long)53, std::mersenne_twister_engine<unsigned long, (unsigned long)32, (unsigned long)624, (unsigned long)397, (unsigned long)31, (unsigned long)2567483615, (unsigned long)11, (unsigned long)4294967295, (unsigned long)7, (unsigned long)2636928640, (unsigned long)15, (unsigned long)4022730752, (unsigned long)18, (unsigned long)1812433253>>","0.117588","3.774s","0.0186945","0.600s","0.274s","0.100s","Inlined Function","","5","186","","","","","","","","","","","","","","","","","","","","","","","","","","","Shifts","UInt16; ","256","AVX; AVX2; AVX512F_256","","","","","","random.tcc:3349","tof_fork_g","","","","","","","","","","","","","","","","","","","","","","","","","","","","","","","","","","","","","","","","","","","","","","","","","","","","","","","","","","","","","","","","","","","","","","","","",""
"[loop in std::generate_canonical<double, (unsigned long)53, std::mersenne_twister_engine<unsigned long, (unsigned long)32, (unsigned long)624, (unsigned long)397, (unsigned long)31, (unsigned long)2567483615, (unsigned long)11, (unsigned long)4294967295, (unsigned long)7, (unsigned long)2636928640, (unsigned long)15, (unsigned long)4022730752, (unsigned long)18, (unsigned long)1812433253>> at random.tcc:3365]","0.0895462","2.874s","0.0324033","1.040s","0.254s","0.160s","Scalar","1","6","185","","","","","","","","","","","","","","","","","","","","","","","","","","","FMA; Mask Manipulations; Shifts; Type Conversions","Int64; ","256","AVX2; AVX512F_256","","","","","","random.tcc:3365","tof_fork_g","","","","","","","","","","","","","","","","","","","","","","","","","","","","","","","","","","","","","","","","","","","","","","","","","","","","","","","","","","","","","","","","","","","","","","","","",""
"std::mersenne_twister_engine<unsigned long, (unsigned long)32, (unsigned long)624, (unsigned long)397, (unsigned long)31, (unsigned long)2567483615, (unsigned long)11, (unsigned long)4294967295, (unsigned long)7, (unsigned long)2636928640, (unsigned long)15, (unsigned long)4022730752, (unsigned long)18, (unsigned long)1812433253>::operator()","0.0571425","1.834s","0.0397091","1.274s","0.140s","0.120s","Inlined Function","","7","184","","","","","","","","","","","","","","","","","","","","","","","","","","","Shifts","UInt16; ","256","AVX; AVX2; AVX512F_256","","","","","","random.tcc:455","tof_fork_g","","","","","","","","","","","","","","","","","","","","","","","","","","","","","","","","","","","","","","","","","","","","","","","","","","","","","","","","","","","","","","","","","","","","","","","","",""
"std::mersenne_twister_engine<unsigned long, (unsigned long)32, (unsigned long)624, (unsigned long)397, (unsigned long)31, (unsigned long)2567483615, (unsigned long)11, (unsigned long)4294967295, (unsigned long)7, (unsigned long)2636928640, (unsigned long)15, (unsigned long)4022730752, (unsigned long)18, (unsigned long)1812433253>::_M_gen_rand","0.0174481","0.560s","0.000623153","0.020s","0.080s","0.020s","Inlined Function","","8","253","","","","","","","","","","","","","","","","","","","","","","","","","","","Shifts","UInt16; ","256","AVX; AVX2; AVX512F_256","","","","","","random.tcc:399","tof_fork_g","","","","","","","","","","","","","","","","","","","","","","","","","","","","","","","","","","","","","","","","","","","","","","","","","","","","","","","","","","","","","","","","","","","","","","","","",""
"[loop in std::mersenne_twister_engine<unsigned long, (unsigned long)32, (unsigned long)624, (unsigned long)397, (unsigned long)31, (unsigned long)2567483615, (unsigned long)11, (unsigned long)4294967295, (unsigned long)7, (unsigned long)2636928640, (unsigned long)15, (unsigned long)4022730752, (unsigned long)18, (unsigned long)1812433253>::_M_gen_rand at random.tcc:412]","0.0105935","0.340s","0.0105935","0.340s","0.040s","0.040s","Vectorized (Body)","0","9","252","","AVX512","16","","","","","","","","","","","","","","","","","","","","","","","","Shifts","UInt16; ","256","AVX; AVX2; AVX512F_256","","","","","","random.tcc:412","tof_fork_g","","","","","","","","","","","","","","","","","","","","","","","","","","","","","","","","","","","","","","","","","","","","","","","","","","","","","","","","","","","","","","","","","","","","","","","","",""
"[loop in std::mersenne_twister_engine<unsigned long, (unsigned long)32, (unsigned long)624, (unsigned long)397, (unsigned long)31, (unsigned long)2567483615, (unsigned long)11, (unsigned long)4294967295, (unsigned long)7, (unsigned long)2636928640, (unsigned long)15, (unsigned long)4022730752, (unsigned long)18, (unsigned long)1812433253>::_M_gen_rand at random.tcc:404]","0.00623147","0.200s","0.00623159","0.200s","0.040s","0.040s","Vectorized (Body)","0","9","269","","AVX512","16","","","","","","","","","","","","","","","","","","","","","","","","Shifts","UInt16; ","256","AVX; AVX2; AVX512F_256","","","","","","random.tcc:404","tof_fork_g","","","","","","","","","","","","","","","","","","","","","","","","","","","","","","","","","","","","","","","","","","","","","","","","","","","","","","","","","","","","","","","","","","","","","","","","",""
"std::mersenne_twister_engine<unsigned long, (unsigned long)32, (unsigned long)624, (unsigned long)397, (unsigned long)31, (unsigned long)2567483615, (unsigned long)11, (unsigned long)4294967295, (unsigned long)7, (unsigned long)2636928640, (unsigned long)15, (unsigned long)4022730752, (unsigned long)18, (unsigned long)1812433253>::_M_gen_rand","0.00498517","0.160s","0.00498514","0.160s","0.040s","0.040s","Inlined Function","","6","253","","","","","","","","","","","","","","","","","","","","","","","","","","","Shifts","UInt16; ","256","AVX; AVX2; AVX512F_256","","","","","","random.tcc:399","tof_fork_g","","","","","","","","","","","","","","","","","","","","","","","","","","","","","","","","","","","","","","","","","","","","","","","","","","","","","","","","","","","","","","","","","","","","","","","","",""
"std::mersenne_twister_engine<unsigned long, (unsigned long)32, (unsigned long)624, (unsigned long)397, (unsigned long)31, (unsigned long)2567483615, (unsigned long)11, (unsigned long)4294967295, (unsigned long)7, (unsigned long)2636928640, (unsigned long)15, (unsigned long)4022730752, (unsigned long)18, (unsigned long)1812433253>::operator()","0.00436203","0.140s","0.00436249","0.140s","0.040s","0.040s","Inlined Function","","6","184","","","","","","","","","","","","","","","","","","","","","","","","","","","Shifts","UInt16; ","256","AVX; AVX2; AVX512F_256","","","","","","random.tcc:455","tof_fork_g","","","","","","","","","","","","","","","","","","","","","","","","","","","","","","","","","","","","","","","","","","","","","","","","","","","","","","","","","","","","","","","","","","","","","","","","",""
"__intel_avx_rep_memcpy","0.274808","8.820s","0.272934","8.760s","0.640s","0.640s","Function","","2","152","","","","","","","","","","","","","","","","","","","","","","","","","","","NT-stores","Int32; UInt16","128/256","AVX","","","","","","","tof_fork_g","","","","","","","","","","","","","","","","","","","","","","","","","","","","","","","","","","","","","","","","","","","","","","","","","","","","","","","","","","","","","","","","","","","","","","","","",""
"[loop in __intel_avx_rep_memcpy]","0.00186944","0.060s","0.00186956","0.060s","0.020s","0.020s","Vectorized (Body)","0","3","361","","AVX","8","","","","","","","","","","","","","","","","","","","","","","","","","UInt16","256","AVX","","","","","","","tof_fork_g","","","","","","","","","","","","","","","","","","","","","","","","","","","","","","","","","","","","","","","","","","","","","","","","","","","","","","","","","","","","","","","","","","","","","","","","",""
"__libm_log_z0","0.240503","7.719s","0.240505","7.719s","0.560s","0.560s","Function","","2","181","","","","","","","","","","","","","","","","","","","","","","","","","","","Shifts","UInt256; ; ","128","AVX; AVX2; AVX512F_128","","","","","","","tof_fork_g","","","","","","","","","","","","","","","","","","","","","","","","","","","","","","","","","","","","","","","","","","","","","","","","","","","","","","","","","","","","","","","","","","","","","","","","",""
"yggdrasil_decision_forests::model::decision_tree::(anonymous namespace)::GetProjectionEvaluator","0.18819","6.040s","0.00124635","0.040s","0.440s","0.020s","Function","","2","172","","","","","","","","","","","","","","","","","","","","","","","","","","","","Int32","128/256","AVX","","","","","","oblique.cc","tof_fork_g","","","","","","","","","","","","","","","","","","","","","","","","","","","","","","","","","","","","","","","","","","","","","","","","","","","","","","","","","","","","","","","","","","","","","","","","",""
"[loop in yggdrasil_decision_forests::model::decision_tree::(anonymous namespace)::GetProjectionEvaluator at stl_algobase.h:1190]","0.186944","6.000s","0.186946","6.000s","0.440s","0.440s","Scalar","0","3","171","","","","","","","","","","","","","","","","","","","","","","","","","","","","","","","","","","","","stl_algobase.h:1190","tof_fork_g","","","","","","","","","","","","","","","","","","","","","","","","","","","","","","","","","","","","","","","","","","","","","","","","","","","","","","","","","","","","","","","","","","","","","","","","",""
"__libm_logf_l9","0.158622","5.091s","0.15861","5.091s","0.320s","0.320s","Function","","2","62","","","","","","","","","","","","","","","","","","","","","","","","","","","Shifts","Int32; UInt16; ; ","128","AVX; AVX2","","","","","","","tof_fork_g","","","","","","","","","","","","","","","","","","","","","","","","","","","","","","","","","","","","","","","","","","","","","","","","","","","","","","","","","","","","","","","","","","","","","","","","",""
"yggdrasil_decision_forests::model::decision_tree::FindBestConditionClassification","0.157064","5.041s","0.157067","5.041s","0.360s","0.360s","Function","","2","155","","","","","","","","","","","","","","","","","","","","","","","","","","","","","","","","","","","","training.cc","tof_fork_g","","","","","","","","","","","","","","","","","","","","","","","","","","","","","","","","","","","","","","","","","","","","","","","","","","","","","","","","","","","","","","","","","","","","","","","","",""
"yggdrasil_decision_forests::model::decision_tree::SetLabelDistribution","0.142202","4.564s","0.00124639","0.040s","0.360s","0.020s","Function","","2","150","","","","","","","","","","","","","","","","","","","","","","","","","","","Extracts; Gathers; Inserts; Shuffles; Type Conversions","Int32; Int64; UInt16; UInt256; UInt; ; ","128/256","AVX; AVX2; AVX512F_128; AVX512F_256","","","","","","label.cc","tof_fork_g","","","","","","","","","","","","","","","","","","","","","","","","","","","","","","","","","","","","","","","","","","","","","","","","","","","","","","","","","","","","","","","","","","","","","","","","",""
"[loop in yggdrasil_decision_forests::model::decision_tree::SetLabelDistribution at label.cc:56]","0.138463","4.444s","0","0s","0.360s","0s","Scalar Versions","0","3","466","","","","","","","","","","","","","","","","","","","","","","","","","","","","Int64","","","","","","","","label.cc:56","tof_fork_g","","","","","","","","","","","","","","","","","","","","","","","","","","","","","","","","","","","","","","","","","","","","","","","","","","","","","","","","","","","","","","","","","","","","","","","","",""
"[loop in yggdrasil_decision_forests::model::decision_tree::SetLabelDistribution at label.cc:56]","0.13784","4.424s","0.137852","4.424s","0.360s","0.360s","Scalar","0","3","149","","","","","","","","","","","","","","","","","","","","","","","","","","","","Int64","","","","","","","","label.cc:56","tof_fork_g","","","","","","","","","","","","","","","","","","","","","","","","","","","","","","","","","","","","","","","","","","","","","","","","","","","","","","","","","","","","","","","","","","","","","","","","",""
"[loop in yggdrasil_decision_forests::model::decision_tree::SetLabelDistribution at label.cc:56]","0.000623147","0.020s","0.000623175","0.020s","0.020s","0.020s","Scalar","0","3","388","","","","","","","","","","","","","","","","","","","","","","","","","","","","Int64","","","","","","","","label.cc:56","tof_fork_g","","","","","","","","","","","","","","","","","","","","","","","","","","","","","","","","","","","","","","","","","","","","","","","","","","","","","","","","","","","","","","","","","","","","","","","","",""
"[loop in yggdrasil_decision_forests::model::decision_tree::SetLabelDistribution at distribution.h:732]","0.00186944","0.060s","0.00186935","0.060s","0.020s","0.020s","Scalar","0","3","320","","","","","","","","","","","","","","","","","","","","","","","","","","","","Int64","","","","","","","","distribution.h:732","tof_fork_g","","","","","","","","","","","","","","","","","","","","","","","","","","","","","","","","","","","","","","","","","","","","","","","","","","","","","","","","","","","","","","","","","","","","","","","","",""
"[loop in yggdrasil_decision_forests::model::decision_tree::SetLabelDistribution at label.cc]","0.000623147","0.020s","0.000623147","0.020s","0.020s","0.020s","Scalar","0","3","348","","","","","","","","","","","","","","","","","","","","","","","","","","","","","","","","","","","","label.cc","tof_fork_g","","","","","","","","","","","","","","","","","","","","","","","","","","","","","","","","","","","","","","","","","","","","","","","","","","","","","","","","","","","","","","","","","","","","","","","","",""
"yggdrasil_decision_forests::model::decision_tree::FindBestConditionSparseObliqueTemplate<yggdrasil_decision_forests::model::decision_tree::ClassificationLabelStats>","0.141049","4.527s","0.00311573","0.100s","0.307s","0.020s","Function","","2","115","","","","","","","","","","","","","","","","","","","","","","","","","","","","Int32; UInt16; ","128","AVX; AVX512F_128","","","","","","oblique.cc","tof_fork_g","","","","","","","","","","","","","","","","","","","","","","","","","","","","","","","","","","","","","","","","","","","","","","","","","","","","","","","","","","","","","","","","","","","","","","","","",""
"[loop in yggdrasil_decision_forests::model::decision_tree::FindBestConditionSparseObliqueTemplate<yggdrasil_decision_forests::model::decision_tree::ClassificationLabelStats> at status.h]","0.0884868","2.840s","0.0884877","2.840s","0.220s","0.220s","Vectorized (Body)","0","3","116","","AVX","2","","","","","","","","","","","","","","","","","","","","","","","","","Int32","128","AVX","","","","","","status.h","tof_fork_g","","","","","","","","","","","","","","","","","","","","","","","","","","","","","","","","","","","","","","","","","","","","","","","","","","","","","","","","","","","","","","","","","","","","","","","","",""
"[loop in yggdrasil_decision_forests::model::decision_tree::FindBestConditionSparseObliqueTemplate<yggdrasil_decision_forests::model::decision_tree::ClassificationLabelStats> at oblique.cc:139]","0.0488235","1.567s","0","0s","0.140s","0s","Scalar Versions","0","3","464","","","","","","","","","","","","","","","","","","","","","","","","","","","","","","","","","","","","oblique.cc:139","tof_fork_g","","","","","","","","","","","","","","","","","","","","","","","","","","","","","","","","","","","","","","","","","","","","","","","","","","","","","","","","","","","","","","","","","","","","","","","","",""
"[loop in yggdrasil_decision_forests::model::decision_tree::FindBestConditionSparseObliqueTemplate<yggdrasil_decision_forests::model::decision_tree::ClassificationLabelStats> at oblique.cc:139]","0.0482004","1.547s","0.0481876","1.547s","0.140s","0.140s","Scalar","0","3","154","","","","","","","","","","","","","","","","","","","","","","","","","","","","","","","","","","","","oblique.cc:139","tof_fork_g","","","","","","","","","","","","","","","","","","","","","","","","","","","","","","","","","","","","","","","","","","","","","","","","","","","","","","","","","","","","","","","","","","","","","","","","",""
"[loop in yggdrasil_decision_forests::model::decision_tree::FindBestConditionSparseObliqueTemplate<yggdrasil_decision_forests::model::decision_tree::ClassificationLabelStats> at oblique.cc:139]","0.000623147","0.020s","0.000623147","0.020s","0.020s","0.020s","Scalar","0","3","406","","","","","","","","","","","","","","","","","","","","","","","","","","","","","","","","","","","","oblique.cc:139","tof_fork_g","","","","","","","","","","","","","","","","","","","","","","","","","","","","","","","","","","","","","","","","","","","","","","","","","","","","","","","","","","","","","","","","","","","","","","","","",""
"[loop in yggdrasil_decision_forests::model::decision_tree::FindBestConditionSparseObliqueTemplate<yggdrasil_decision_forests::model::decision_tree::ClassificationLabelStats> at stl_numeric.h:97]","0.000623147","0.020s","0.000623159","0.020s","0.020s","0.020s","Vectorized (Body)","0","3","243","","AVX512","8","","","","","","","","","","","","","","","","","","","","","","","","","UInt16; ","128","AVX; AVX512F_128","","","","","","stl_numeric.h:97","tof_fork_g","","","","","","","","","","","","","","","","","","","","","","","","","","","","","","","","","","","","","","","","","","","","","","","","","","","","","","","","","","","","","","","","","","","","","","","","",""
"yggdrasil_decision_forests::model::decision_tree::(anonymous namespace)::FailIfMonotonic","0.102196","3.280s","0.102197","3.280s","0.260s","0.260s","Function","","2","156","","","","","","","","","","","","","","","","","","","","","","","","","","","","","","","","","","","","training.cc","tof_fork_g","","","","","","","","","","","","","","","","","","","","","","","","","","","","","","","","","","","","","","","","","","","","","","","","","","","","","","","","","","","","","","","","","","","","","","","","",""
"std::mersenne_twister_engine<unsigned long, (unsigned long)32, (unsigned long)624, (unsigned long)397, (unsigned long)31, (unsigned long)2567483615, (unsigned long)11, (unsigned long)4294967295, (unsigned long)7, (unsigned long)2636928640, (unsigned long)15, (unsigned long)4022730752, (unsigned long)18, (unsigned long)1812433253>::operator()","0.0903562","2.900s","0.0716609","2.300s","0.220s","0.200s","Function","","2","177","","","","","","","","","","","","","","","","","","","","","","","","","","","Shifts","UInt16; ","256","AVX; AVX2; AVX512F_256","","","","","","random.tcc:455","tof_fork_g","","","","","","","","","","","","","","","","","","","","","","","","","","","","","","","","","","","","","","","","","","","","","","","","","","","","","","","","","","","","","","","","","","","","","","","","",""
"std::mersenne_twister_engine<unsigned long, (unsigned long)32, (unsigned long)624, (unsigned long)397, (unsigned long)31, (unsigned long)2567483615, (unsigned long)11, (unsigned long)4294967295, (unsigned long)7, (unsigned long)2636928640, (unsigned long)15, (unsigned long)4022730752, (unsigned long)18, (unsigned long)1812433253>::_M_gen_rand","0.0186944","0.600s","0.00186949","0.060s","0.100s","0.020s","Inlined Function","","3","176","","","","","","","","","","","","","","","","","","","","","","","","","","","Shifts","UInt16; ","256","AVX; AVX2; AVX512F_256","","","","","","random.tcc:399","tof_fork_g","","","","","","","","","","","","","","","","","","","","","","","","","","","","","","","","","","","","","","","","","","","","","","","","","","","","","","","","","","","","","","","","","","","","","","","","",""
"[loop in std::mersenne_twister_engine<unsigned long, (unsigned long)32, (unsigned long)624, (unsigned long)397, (unsigned long)31, (unsigned long)2567483615, (unsigned long)11, (unsigned long)4294967295, (unsigned long)7, (unsigned long)2636928640, (unsigned long)15, (unsigned long)4022730752, (unsigned long)18, (unsigned long)1812433253>::_M_gen_rand at random.tcc:412]","0.0130861","0.420s","0.013086","0.420s","0.060s","0.060s","Vectorized (Body)","0","4","175","","AVX512","16","","","","","","","","","","","","","","","","","","","","","","","","Shifts","UInt16; ","256","AVX; AVX2; AVX512F_256","","","","","","random.tcc:412","tof_fork_g","","","","","","","","","","","","","","","","","","","","","","","","","","","","","","","","","","","","","","","","","","","","","","","","","","","","","","","","","","","","","","","","","","","","","","","","",""
"[loop in std::mersenne_twister_engine<unsigned long, (unsigned long)32, (unsigned long)624, (unsigned long)397, (unsigned long)31, (unsigned long)2567483615, (unsigned long)11, (unsigned long)4294967295, (unsigned long)7, (unsigned long)2636928640, (unsigned long)15, (unsigned long)4022730752, (unsigned long)18, (unsigned long)1812433253>::_M_gen_rand at random.tcc:404]","0.00373888","0.120s","0.00373935","0.120s","0.040s","0.040s","Vectorized (Body)","0","4","256","","AVX512","16","","","","","","","","","","","","","","","","","","","","","","","","Shifts","UInt16; ","256","AVX; AVX2; AVX512F_256","","","","","","random.tcc:404","tof_fork_g","","","","","","","","","","","","","","","","","","","","","","","","","","","","","","","","","","","","","","","","","","","","","","","","","","","","","","","","","","","","","","","","","","","","","","","","",""
"absl::lts_20250814::container_internal::btree_set_container<absl::lts_20250814::container_internal::btree<absl::lts_20250814::container_internal::set_params<unsigned long, std::less<unsigned long>, std::allocator<unsigned long>, (int)256, (bool)0>>>::insert","0.0884868","2.840s","0.0118397","0.380s","0.240s","0.060s","Function","","2","161","","","","","","","","","","","","","","","","","","","","","","","","","","","","Int32; UInt16; ","256","AVX; AVX512F_256","","","","","","btree_container.h:331","tof_fork_g","","","","","","","","","","","","","","","","","","","","","","","","","","","","","","","","","","","","","","","","","","","","","","","","","","","","","","","","","","","","","","","","","","","","","","","","",""
"absl::lts_20250814::container_internal::btree<absl::lts_20250814::container_internal::set_params<unsigned long, std::less<unsigned long>, std::allocator<unsigned long>, (int)256, (bool)0>>::insert_unique<unsigned long, unsigned long const&>","0.076647","2.460s","0.00997019","0.320s","0.240s","0.060s","Inlined Function","","3","164","","","","","","","","","","","","","","","","","","","","","","","","","","","","Int32; UInt16; ","256","AVX; AVX512F_256","","","","","","btree.h:2373","tof_fork_g","","","","","","","","","","","","","","","","","","","","","","","","","","","","","","","","","","","","","","","","","","","","","","","","","","","","","","","","","","","","","","","","","","","","","","","","",""
"absl::lts_20250814::container_internal::btree<absl::lts_20250814::container_internal::set_params<unsigned long, std::less<unsigned long>, std::allocator<unsigned long>, (int)256, (bool)0>>::internal_emplace<unsigned long const&>","0.0274184","0.880s","0.00872399","0.280s","0.100s","0.040s","Inlined Function","","4","163","","","","","","","","","","","","","","","","","","","","","","","","","","","","Int32; UInt16","256","AVX","","","","","","btree.h:2914","tof_fork_g","","","","","","","","","","","","","","","","","","","","","","","","","","","","","","","","","","","","","","","","","","","","","","","","","","","","","","","","","","","","","","","","","","","","","","","","",""
"absl::lts_20250814::container_internal::btree_node<absl::lts_20250814::container_internal::set_params<unsigned long, std::less<unsigned long>, std::allocator<unsigned long>, (int)256, (bool)0>>::emplace_value<unsigned long const&>","0.0130861","0.420s","0.00747788","0.240s","0.080s","0.040s","Inlined Function","","5","199","","","","","","","","","","","","","","","","","","","","","","","","","","","","","","","","","","","","btree.h:1823","tof_fork_g","","","","","","","","","","","","","","","","","","","","","","","","","","","","","","","","","","","","","","","","","","","","","","","","","","","","","","","","","","","","","","","","","","","","","","","","",""
"absl::lts_20250814::container_internal::btree_node<absl::lts_20250814::container_internal::set_params<unsigned long, std::less<unsigned long>, std::allocator<unsigned long>, (int)256, (bool)0>>::transfer_n_backward","0.00311573","0.100s","0","0s","0.020s","0s","Inlined Function","","6","286","","","","","","","","","","","","","","","","","","","","","","","","","","","","","","","","","","","","btree.h:1027","tof_fork_g","","","","","","","","","","","","","","","","","","","","","","","","","","","","","","","","","","","","","","","","","","","","","","","","","","","","","","","","","","","","","","","","","","","","","","","","",""
"[loop in absl::lts_20250814::container_internal::btree_node<absl::lts_20250814::container_internal::set_params<unsigned long, std::less<unsigned long>, std::allocator<unsigned long>, (int)256, (bool)0>>::transfer_n_backward at btree.h:1031]","0.00311573","0.100s","0.00186932","0.060s","0.020s","0.020s","Scalar","0","7","285","","","","","","","","","","","","","","","","","","","","","","","","","","","","","","","","","","","","btree.h:1031","tof_fork_g","","","","","","","","","","","","","","","","","","","","","","","","","","","","","","","","","","","","","","","","","","","","","","","","","","","","","","","","","","","","","","","","","","","","","","","","",""
"absl::lts_20250814::container_internal::btree_node<absl::lts_20250814::container_internal::set_params<unsigned long, std::less<unsigned long>, std::allocator<unsigned long>, (int)256, (bool)0>>::transfer","0.00124629","0.040s","0","0s","0.020s","0s","Inlined Function","","8","302","","","","","","","","","","","","","","","","","","","","","","","","","","","","","","","","","","","","btree.h:999","tof_fork_g","","","","","","","","","","","","","","","","","","","","","","","","","","","","","","","","","","","","","","","","","","","","","","","","","","","","","","","","","","","","","","","","","","","","","","","","",""
"absl::lts_20250814::container_internal::common_policy_traits<absl::lts_20250814::container_internal::set_slot_policy<unsigned long>, void>::transfer<std::allocator<unsigned long>>","0.00124629","0.040s","0","0s","0.020s","0s","Inlined Function","","9","301","","","","","","","","","","","","","","","","","","","","","","","","","","","","","","","","","","","","common_policy_traits.h:75","tof_fork_g","","","","","","","","","","","","","","","","","","","","","","","","","","","","","","","","","","","","","","","","","","","","","","","","","","","","","","","","","","","","","","","","","","","","","","","","",""
"absl::lts_20250814::container_internal::common_policy_traits<absl::lts_20250814::container_internal::set_slot_policy<unsigned long>, void>::transfer_impl<std::allocator<unsigned long>, void>","0.00124629","0.040s","0","0s","0.020s","0s","Inlined Function","","10","300","","","","","","","","","","","","","","","","","","","","","","","","","","","","","","","","","","","","common_policy_traits.h:128","tof_fork_g","","","","","","","","","","","","","","","","","","","","","","","","","","","","","","","","","","","","","","","","","","","","","","","","","","","","","","","","","","","","","","","","","","","","","","","","",""
"memcpy","0.00124629","0.040s","0.00124639","0.040s","0.020s","0.020s","Inlined Function","","11","299","","","","","","","","","","","","","","","","","","","","","","","","","","","","","","","","","","","","string_fortified.h:26","tof_fork_g","","","","","","","","","","","","","","","","","","","","","","","","","","","","","","","","","","","","","","","","","","","","","","","","","","","","","","","","","","","","","","","","","","","","","","","","",""
"absl::lts_20250814::container_internal::btree_node<absl::lts_20250814::container_internal::set_params<unsigned long, std::less<unsigned long>, std::allocator<unsigned long>, (int)256, (bool)0>>::is_internal","0.00124629","0.040s","0","0s","0.020s","0s","Inlined Function","","6","353","","","","","","","","","","","","","","","","","","","","","","","","","","","","","","","","","","","","btree.h:682","tof_fork_g","","","","","","","","","","","","","","","","","","","","","","","","","","","","","","","","","","","","","","","","","","","","","","","","","","","","","","","","","","","","","","","","","","","","","","","","",""
"absl::lts_20250814::container_internal::btree_node<absl::lts_20250814::container_internal::set_params<unsigned long, std::less<unsigned long>, std::allocator<unsigned long>, (int)256, (bool)0>>::is_leaf","0.00124629","0.040s","0.00124632","0.040s","0.020s","0.020s","Inlined Function","","7","352","","","","","","","","","","","","","","","","","","","","","","","","","","","","","","","","","","","","btree.h:679","tof_fork_g","","","","","","","","","","","","","","","","","","","","","","","","","","","","","","","","","","","","","","","","","","","","","","","","","","","","","","","","","","","","","","","","","","","","","","","","",""
"absl::lts_20250814::container_internal::btree_node<absl::lts_20250814::container_internal::set_params<unsigned long, std::less<unsigned long>, std::allocator<unsigned long>, (int)256, (bool)0>>::finish","0.000623147","0.020s","0.000623203","0.020s","0.020s","0.020s","Inlined Function","","6","362","","","","","","","","","","","","","","","","","","","","","","","","","","","","","","","","","","","","btree.h:695","tof_fork_g","","","","","","","","","","","","","","","","","","","","","","","","","","","","","","","","","","","","","","","","","","","","","","","","","","","","","","","","","","","","","","","","","","","","","","","","",""
"absl::lts_20250814::container_internal::btree_node<absl::lts_20250814::container_internal::set_params<unsigned long, std::less<unsigned long>, std::allocator<unsigned long>, (int)256, (bool)0>>::finish","0.000623147","0.020s","0.000623134","0.020s","0.020s","0.020s","Inlined Function","","6","223","","","","","","","","","","","","","","","","","","","","","","","","","","","","","","","","","","","","btree.h:695","tof_fork_g","","","","","","","","","","","","","","","","","","","","","","","","","","","","","","","","","","","","","","","","","","","","","","","","","","","","","","","","","","","","","","","","","","","","","","","","",""
"absl::lts_20250814::container_internal::btree<absl::lts_20250814::container_internal::set_params<unsigned long, std::less<unsigned long>, std::allocator<unsigned long>, (int)256, (bool)0>>::internal_emplace<unsigned long const&>(absl::lts_20250814::container_internal::btree_iterator<absl::lts_20250814::container_internal::btree_node<absl::lts_20250814::container_internal::set_params<unsigned long, std::less<unsigned long>, std::allocator<unsigned long>, (int)256, (bool)0>>, unsigned long const&, unsigned long const*>, unsigned long const&&&)::{lambda(unsigned char)#1}::operator()","0.00560832","0.180s","0","0s","0.040s","0s","Inlined Function","","5","162","","","","","","","","","","","","","","","","","","","","","","","","","","","","Int32; UInt16","256","AVX","","","","","","btree.h:2934","tof_fork_g","","","","","","","","","","","","","","","","","","","","","","","","","","","","","","","","","","","","","","","","","","","","","","","","","","","","","","","","","","","","","","","","","","","","","","","","",""
"absl::lts_20250814::container_internal::btree<absl::lts_20250814::container_internal::set_params<unsigned long, std::less<unsigned long>, std::allocator<unsigned long>, (int)256, (bool)0>>::internal_emplace<unsigned long const&>(absl::lts_20250814::container_internal::btree_iterator<absl::lts_20250814::container_internal::btree_node<absl::lts_20250814::container_internal::set_params<unsigned long, std::less<unsigned long>, std::allocator<unsigned long>, (int)256, (bool)0>>, unsigned long const&, unsigned long const*>, unsigned long const&&&)::{lambda(absl::lts_20250814::container_internal::btree_node<absl::lts_20250814::container_internal::set_params<unsigned long, std::less<unsigned long>, std::allocator<unsigned long>, (int)256, (bool)0>>*absl::lts_20250814::container_internal::btree_node<absl::lts_20250814::container_internal::set_params<unsigned long, std::less<unsigned long>, std::allocator<unsigned long>, (int)256, (bool)0>>*)#1}::operator()","0.00311573","0.100s","0.000623072","0.020s","0.020s","0.020s","Inlined Function","","6","160","","","","","","","","","","","","","","","","","","","","","","","","","","","","Int32; UInt16","256","AVX","","","","","","btree.h:2925","tof_fork_g","","","","","","","","","","","","","","","","","","","","","","","","","","","","","","","","","","","","","","","","","","","","","","","","","","","","","","","","","","","","","","","","","","","","","","","","",""
"absl::lts_20250814::container_internal::btree_node<absl::lts_20250814::container_internal::set_params<unsigned long, std::less<unsigned long>, std::allocator<unsigned long>, (int)256, (bool)0>>::transfer_n","0.00249259","0.080s","0","0s","0.020s","0s","Inlined Function","","7","231","","","","","","","","","","","","","","","","","","","","","","","","","","","","Int32; UInt16","256","AVX","","","","","","btree.h:1014","tof_fork_g","","","","","","","","","","","","","","","","","","","","","","","","","","","","","","","","","","","","","","","","","","","","","","","","","","","","","","","","","","","","","","","","","","","","","","","","",""
"[loop in absl::lts_20250814::container_internal::btree_node<absl::lts_20250814::container_internal::set_params<unsigned long, std::less<unsigned long>, std::allocator<unsigned long>, (int)256, (bool)0>>::transfer_n at btree.h:1018]","0.00249259","0.080s","0.00249274","0.080s","0.020s","0.020s","Scalar","0","8","227","","","","","","","","","","","","","","","","","","","","","","","","","","","","","","","","","","","","btree.h:1018","tof_fork_g","","","","","","","","","","","","","","","","","","","","","","","","","","","","","","","","","","","","","","","","","","","","","","","","","","","","","","","","","","","","","","","","","","","","","","","","",""
"absl::lts_20250814::container_internal::btree<absl::lts_20250814::container_internal::set_params<unsigned long, std::less<unsigned long>, std::allocator<unsigned long>, (int)256, (bool)0>>::new_leaf_root_node","0.00249259","0.080s","0","0s","0.040s","0s","Inlined Function","","6","205","","","","","","","","","","","","","","","","","","","","","","","","","","","","","","","","","","","","btree.h:1720","tof_fork_g","","","","","","","","","","","","","","","","","","","","","","","","","","","","","","","","","","","","","","","","","","","","","","","","","","","","","","","","","","","","","","","","","","","","","","","","",""
"absl::lts_20250814::container_internal::btree<absl::lts_20250814::container_internal::set_params<unsigned long, std::less<unsigned long>, std::allocator<unsigned long>, (int)256, (bool)0>>::allocate","0.00249259","0.080s","0","0s","0.040s","0s","Inlined Function","","7","204","","","","","","","","","","","","","","","","","","","","","","","","","","","","","","","","","","","","btree.h:1703","tof_fork_g","","","","","","","","","","","","","","","","","","","","","","","","","","","","","","","","","","","","","","","","","","","","","","","","","","","","","","","","","","","","","","","","","","","","","","","","",""
"absl::lts_20250814::container_internal::Allocate<(unsigned long)8, std::allocator<unsigned long>>","0.00249259","0.080s","0","0s","0.040s","0s","Inlined Function","","8","203","","","","","","","","","","","","","","","","","","","","","","","","","","","","","","","","","","","","container_memory.h:57","tof_fork_g","","","","","","","","","","","","","","","","","","","","","","","","","","","","","","","","","","","","","","","","","","","","","","","","","","","","","","","","","","","","","","","","","","","","","","","","",""
"std::allocator_traits<std::allocator<absl::lts_20250814::container_internal::AlignedType<(unsigned long)8>>>::allocate","0.00249259","0.080s","0","0s","0.040s","0s","Inlined Function","","9","202","","","","","","","","","","","","","","","","","","","","","","","","","","","","","","","","","","","","alloc_traits.h:613","tof_fork_g","","","","","","","","","","","","","","","","","","","","","","","","","","","","","","","","","","","","","","","","","","","","","","","","","","","","","","","","","","","","","","","","","","","","","","","","",""
"std::__new_allocator<absl::lts_20250814::container_internal::AlignedType<(unsigned long)8>>::allocate","0.00249259","0.080s","0.00249258","0.080s","0.040s","0.040s","Inlined Function","","10","201","","","","","","","","","","","","","","","","","","","","","","","","","","","","","","","","","","","","new_allocator.h:126","tof_fork_g","","","","","","","","","","","","","","","","","","","","","","","","","","","","","","","","","","","","","","","","","","","","","","","","","","","","","","","","","","","","","","","","","","","","","","","","",""
"[loop in absl::lts_20250814::container_internal::btree<absl::lts_20250814::container_internal::set_params<unsigned long, std::less<unsigned long>, std::allocator<unsigned long>, (int)256, (bool)0>>::insert_unique<unsigned long, unsigned long const&> at btree.h:2379]","0.0224333","0.720s","0.00373869","0.120s","0.160s","0.080s","Scalar","1","4","217","","","","","","","","","","","","","","","","","","","","","","","","","","","Mask Manipulations; Unpacks","","","","","","","","","btree.h:2379","tof_fork_g","","","","","","","","","","","","","","","","","","","","","","","","","","","","","","","","","","","","","","","","","","","","","","","","","","","","","","","","","","","","","","","","","","","","","","","","",""
"absl::lts_20250814::container_internal::btree<absl::lts_20250814::container_internal::set_params<unsigned long, std::less<unsigned long>, std::allocator<unsigned long>, (int)256, (bool)0>>::internal_locate<unsigned long>","0.0186944","0.600s","0","0s","0.080s","0s","Inlined Function","","5","220","","","","","","","","","","","","","","","","","","","","","","","","","","","","","256","AVX512F_256","","","","","","btree.h:2993","tof_fork_g","","","","","","","","","","","","","","","","","","","","","","","","","","","","","","","","","","","","","","","","","","","","","","","","","","","","","","","","","","","","","","","","","","","","","","","","",""
"[loop in absl::lts_20250814::container_internal::btree<absl::lts_20250814::container_internal::set_params<unsigned long, std::less<unsigned long>, std::allocator<unsigned long>, (int)256, (bool)0>>::internal_locate<unsigned long> at btree.h:2993]","0.0118398","0.380s","0","0s","0.060s","0s","Scalar","0","6","258","","","","","","","","","","","","","","","","","","","","","","","","","","","","","","","","","","","","btree.h:2993","tof_fork_g","","","","","","","","","","","","","","","","","","","","","","","","","","","","","","","","","","","","","","","","","","","","","","","","","","","","","","","","","","","","","","","","","","","","","","","","",""
"absl::lts_20250814::container_internal::btree_node<absl::lts_20250814::container_internal::set_params<unsigned long, std::less<unsigned long>, std::allocator<unsigned long>, (int)256, (bool)0>>::is_leaf","0.0118398","0.380s","0.0118398","0.380s","0.060s","0.060s","Inlined Function","","7","257","","","","","","","","","","","","","","","","","","","","","","","","","","","","","","","","","","","","btree.h:679","tof_fork_g","","","","","","","","","","","","","","","","","","","","","","","","","","","","","","","","","","","","","","","","","","","","","","","","","","","","","","","","","","","","","","","","","","","","","","","","",""
"absl::lts_20250814::container_internal::btree_node<absl::lts_20250814::container_internal::set_params<unsigned long, std::less<unsigned long>, std::allocator<unsigned long>, (int)256, (bool)0>>::lower_bound<unsigned long>","0.00436203","0.140s","0","0s","0.060s","0s","Inlined Function","","6","219","","","","","","","","","","","","","","","","","","","","","","","","","","","","","256","AVX512F_256","","","","","","btree.h:776","tof_fork_g","","","","","","","","","","","","","","","","","","","","","","","","","","","","","","","","","","","","","","","","","","","","","","","","","","","","","","","","","","","","","","","","","","","","","","","","",""
"absl::lts_20250814::container_internal::btree_node<absl::lts_20250814::container_internal::set_params<unsigned long, std::less<unsigned long>, std::allocator<unsigned long>, (int)256, (bool)0>>::linear_search<unsigned long, absl::lts_20250814::container_internal::key_compare_adapter<std::less<unsigned long>, unsigned long>::checked_compare>","0.00436203","0.140s","0","0s","0.060s","0s","Inlined Function","","7","218","","","","","","","","","","","","","","","","","","","","","","","","","","","","","256","AVX512F_256","","","","","","btree.h:791","tof_fork_g","","","","","","","","","","","","","","","","","","","","","","","","","","","","","","","","","","","","","","","","","","","","","","","","","","","","","","","","","","","","","","","","","","","","","","","","",""
"absl::lts_20250814::container_internal::key_compare_adapter<std::less<unsigned long>, unsigned long>::checked_compare::operator()<unsigned long, unsigned long, (int)0>","0.00311573","0.100s","0","0s","0.020s","0s","Inlined Function","","8","322","","","","","","","","","","","","","","","","","","","","","","","","","","","","","256","AVX512F_256","","","","","","btree.h:237","tof_fork_g","","","","","","","","","","","","","","","","","","","","","","","","","","","","","","","","","","","","","","","","","","","","","","","","","","","","","","","","","","","","","","","","","","","","","","","","",""
"std::less<unsigned long>::operator()","0.00311573","0.100s","0.00311561","0.100s","0.020s","0.020s","Inlined Function","","9","321","","","","","","","","","","","","","","","","","","","","","","","","","","","","","256","AVX512F_256","","","","","","stl_function.h:407","tof_fork_g","","","","","","","","","","","","","","","","","","","","","","","","","","","","","","","","","","","","","","","","","","","","","","","","","","","","","","","","","","","","","","","","","","","","","","","","",""
"absl::lts_20250814::container_internal::btree_node<absl::lts_20250814::container_internal::set_params<unsigned long, std::less<unsigned long>, std::allocator<unsigned long>, (int)256, (bool)0>>::linear_search_impl<unsigned long, absl::lts_20250814::container_internal::key_compare_adapter<std::less<unsigned long>, unsigned long>::checked_compare>","0.00124629","0.040s","0.000623159","0.020s","0.040s","0.020s","Inlined Function","","8","216","","","","","","","","","","","","","","","","","","","","","","","","","","","","","256","AVX512F_256","","","","","","btree.h:806","tof_fork_g","","","","","","","","","","","","","","","","","","","","","","","","","","","","","","","","","","","","","","","","","","","","","","","","","","","","","","","","","","","","","","","","","","","","","","","","",""
"[loop in absl::lts_20250814::container_internal::btree_node<absl::lts_20250814::container_internal::set_params<unsigned long, std::less<unsigned long>, std::allocator<unsigned long>, (int)256, (bool)0>>::linear_search_impl<unsigned long, absl::lts_20250814::container_internal::key_compare_adapter<std::less<unsigned long>, unsigned long>::checked_compare> at btree.h:809]","0.000623147","0.020s","0","0s","0.020s","0s","Scalar","0","9","382","","","","","","","","","","","","","","","","","","","","","","","","","","","","","","","","","","","","btree.h:809","tof_fork_g","","","","","","","","","","","","","","","","","","","","","","","","","","","","","","","","","","","","","","","","","","","","","","","","","","","","","","","","","","","","","","","","","","","","","","","","",""
"absl::lts_20250814::container_internal::key_compare_adapter<std::less<unsigned long>, unsigned long>::checked_compare::operator()<unsigned long, unsigned long, (int)0>","0.000623147","0.020s","0","0s","0.020s","0s","Inlined Function","","10","322","","","","","","","","","","","","","","","","","","","","","","","","","","","","","256","AVX512F_256","","","","","","btree.h:237","tof_fork_g","","","","","","","","","","","","","","","","","","","","","","","","","","","","","","","","","","","","","","","","","","","","","","","","","","","","","","","","","","","","","","","","","","","","","","","","",""
"std::less<unsigned long>::operator()","0.000623147","0.020s","0.000623087","0.020s","0.020s","0.020s","Inlined Function","","11","321","","","","","","","","","","","","","","","","","","","","","","","","","","","","","256","AVX512F_256","","","","","","stl_function.h:407","tof_fork_g","","","","","","","","","","","","","","","","","","","","","","","","","","","","","","","","","","","","","","","","","","","","","","","","","","","","","","","","","","","","","","","","","","","","","","","","",""
"absl::lts_20250814::container_internal::btree_node<absl::lts_20250814::container_internal::set_params<unsigned long, std::less<unsigned long>, std::allocator<unsigned long>, (int)256, (bool)0>>::linear_search<unsigned long, absl::lts_20250814::container_internal::key_compare_adapter<std::less<unsigned long>, unsigned long>::checked_compare>","0.00186944","0.060s","0","0s","0.020s","0s","Inlined Function","","6","218","","","","","","","","","","","","","","","","","","","","","","","","","","","","","256","AVX512F_256","","","","","","btree.h:791","tof_fork_g","","","","","","","","","","","","","","","","","","","","","","","","","","","","","","","","","","","","","","","","","","","","","","","","","","","","","","","","","","","","","","","","","","","","","","","","",""
"absl::lts_20250814::container_internal::btree_node<absl::lts_20250814::container_internal::set_params<unsigned long, std::less<unsigned long>, std::allocator<unsigned long>, (int)256, (bool)0>>::finish","0.00186944","0.060s","0.00186947","0.060s","0.020s","0.020s","Inlined Function","","7","268","","","","","","","","","","","","","","","","","","","","","","","","","","","","","","","","","","","","btree.h:695","tof_fork_g","","","","","","","","","","","","","","","","","","","","","","","","","","","","","","","","","","","","","","","","","","","","","","","","","","","","","","","","","","","","","","","","","","","","","","","","",""
"absl::lts_20250814::container_internal::btree_node<absl::lts_20250814::container_internal::set_params<unsigned long, std::less<unsigned long>, std::allocator<unsigned long>, (int)256, (bool)0>>::is_leaf","0.000623147","0.020s","0.000623147","0.020s","0.020s","0.020s","Inlined Function","","6","257","","","","","","","","","","","","","","","","","","","","","","","","","","","","","","","","","","","","btree.h:679","tof_fork_g","","","","","","","","","","","","","","","","","","","","","","","","","","","","","","","","","","","","","","","","","","","","","","","","","","","","","","","","","","","","","","","","","","","","","","","","",""
"absl::lts_20250814::container_internal::btree<absl::lts_20250814::container_internal::set_params<unsigned long, std::less<unsigned long>, std::allocator<unsigned long>, (int)256, (bool)0>>::internal_last<absl::lts_20250814::container_internal::btree_iterator<absl::lts_20250814::container_internal::btree_node<absl::lts_20250814::container_internal::set_params<unsigned long, std::less<unsigned long>, std::allocator<unsigned long>, (int)256, (bool)0>>, unsigned long const&, unsigned long const*>>","0.0149555","0.480s","0.00498505","0.160s","0.060s","0.020s","Inlined Function","","4","249","","","","","","","","","","","","","","","","","","","","","","","","","","","","","","","","","","","","btree.h:2898","tof_fork_g","","","","","","","","","","","","","","","","","","","","","","","","","","","","","","","","","","","","","","","","","","","","","","","","","","","","","","","","","","","","","","","","","","","","","","","","",""
"[loop in absl::lts_20250814::container_internal::btree<absl::lts_20250814::container_internal::set_params<unsigned long, std::less<unsigned long>, std::allocator<unsigned long>, (int)256, (bool)0>>::internal_last<absl::lts_20250814::container_internal::btree_iterator<absl::lts_20250814::container_internal::btree_node<absl::lts_20250814::container_internal::set_params<unsigned long, std::less<unsigned long>, std::allocator<unsigned long>, (int)256, (bool)0>>, unsigned long const&, unsigned long const*>> at btree.h:2900]","0.0093472","0.300s","0.00560838","0.180s","0.040s","0.040s","Scalar","0","5","248","","","","","","","","","","","","","","","","","","","","","","","","","","","","","","","","","","","","btree.h:2900","tof_fork_g","","","","","","","","","","","","","","","","","","","","","","","","","","","","","","","","","","","","","","","","","","","","","","","","","","","","","","","","","","","","","","","","","","","","","","","","",""
"absl::lts_20250814::container_internal::btree_node<absl::lts_20250814::container_internal::set_params<unsigned long, std::less<unsigned long>, std::allocator<unsigned long>, (int)256, (bool)0>>::is_leaf","0.00373888","0.120s","0.00373891","0.120s","0.040s","0.040s","Inlined Function","","6","319","","","","","","","","","","","","","","","","","","","","","","","","","","","","","","","","","","","","btree.h:679","tof_fork_g","","","","","","","","","","","","","","","","","","","","","","","","","","","","","","","","","","","","","","","","","","","","","","","","","","","","","","","","","","","","","","","","","","","","","","","","",""
"absl::lts_20250814::container_internal::btree_node<absl::lts_20250814::container_internal::set_params<unsigned long, std::less<unsigned long>, std::allocator<unsigned long>, (int)256, (bool)0>>::parent","0.000623147","0.020s","0.000623137","0.020s","0.020s","0.020s","Inlined Function","","5","405","","","","","","","","","","","","","","","","","","","","","","","","","","","","","","","","","","","","btree.h:714","tof_fork_g","","","","","","","","","","","","","","","","","","","","","","","","","","","","","","","","","","","","","","","","","","","","","","","","","","","","","","","","","","","","","","","","","","","","","","","","",""
"absl::lts_20250814::container_internal::btree<absl::lts_20250814::container_internal::set_params<unsigned long, std::less<unsigned long>, std::allocator<unsigned long>, (int)256, (bool)0>>::internal_locate<unsigned long>","0.00186944","0.060s","0.00186945","0.060s","0.040s","0.040s","Inlined Function","","4","220","","","","","","","","","","","","","","","","","","","","","","","","","","","","","256","AVX512F_256","","","","","","btree.h:2993","tof_fork_g","","","","","","","","","","","","","","","","","","","","","","","","","","","","","","","","","","","","","","","","","","","","","","","","","","","","","","","","","","","","","","","","","","","","","","","","",""
"__libc_free","0.072285","2.320s","0.0722853","2.320s","0.200s","0.200s","Function","","2","23","","","","","","","","","","","","","","","","","","","","","","","","","","","","","","","","","","","","","libc.so.6","","","","","","","","","","","","","","","","","","","","","","","","","","","","","","","","","","","","","","","","","","","","","","","","","","","","","","","","","","","","","","","","","","","","","","","","",""
"yggdrasil_decision_forests::model::decision_tree::FindBestConditionSingleThreadManager","0.0710387","2.280s","0.071039","2.280s","0.260s","0.260s","Function","","2","112","","","","","","","","","","","","","","","","","","","","","","","","","","","","","","","","","","","","training.cc","tof_fork_g","","","","","","","","","","","","","","","","","","","","","","","","","","","","","","","","","","","","","","","","","","","","","","","","","","","","","","","","","","","","","","","","","","","","","","","","",""
"malloc","0.0710387","2.280s","0.0710381","2.280s","0.240s","0.240s","Function","","2","26","","","","","","","","","","","","","","","","","","","","","","","","","","","","","","","","","","","","","libc.so.6","","","","","","","","","","","","","","","","","","","","","","","","","","","","","","","","","","","","","","","","","","","","","","","","","","","","","","","","","","","","","","","","","","","","","","","","",""
"std::__introsort_loop<__gnu_cxx::__normal_iterator<unsigned int*, std::vector<unsigned int, std::allocator<unsigned int>>>, long, __gnu_cxx::__ops::_Iter_less_iter>","0.0666767","2.140s","0.00124578","0.040s","0.120s","0.020s","Function","","2","102","","","","","","","","","","","","","","","","","","","","","","","","","","","","","","","","","","","","stl_algo.h","tof_fork_g","","","","","","","","","","","","","","","","","","","","","","","","","","","","","","","","","","","","","","","","","","","","","","","","","","","","","","","","","","","","","","","","","","","","","","","","",""
"[loop in std::__introsort_loop<__gnu_cxx::__normal_iterator<unsigned int*, std::vector<unsigned int, std::allocator<unsigned int>>>, long, __gnu_cxx::__ops::_Iter_less_iter> at stl_algo.h:1841]","0.0654304","2.100s","0.00124631","0.040s","0.120s","0.020s","Scalar","2","3","101","","","","","","","","","","","","","","","","","","","","","","","","","","","","","","","","","","","","stl_algo.h:1841","tof_fork_g","","","","","","","","","","","","","","","","","","","","","","","","","","","","","","","","","","","","","","","","","","","","","","","","","","","","","","","","","","","","","","","","","","","","","","","","",""
"[loop in std::__introsort_loop<__gnu_cxx::__normal_iterator<unsigned int*, std::vector<unsigned int, std::allocator<unsigned int>>>, long, __gnu_cxx::__ops::_Iter_less_iter> at stl_algo.h:1834]","0.0641841","2.060s","0.0243055","0.780s","0.120s","0.100s","Scalar","1","4","104","","","","","","","","","","","","","","","","","","","","","","","","","","","","","","","","","","","","stl_algo.h:1834","tof_fork_g","","","","","","","","","","","","","","","","","","","","","","","","","","","","","","","","","","","","","","","","","","","","","","","","","","","","","","","","","","","","","","","","","","","","","","","","",""
"[loop in std::__introsort_loop<__gnu_cxx::__normal_iterator<unsigned int*, std::vector<unsigned int, std::allocator<unsigned int>>>, long, __gnu_cxx::__ops::_Iter_less_iter> at stl_algo.h:1839]","0.0218101","0.700s","0.0218108","0.700s","0.060s","0.060s","Scalar","0","5","105","","","","","","","","","","","","","","","","","","","","","","","","","","","","","","","","","","","","stl_algo.h:1839","tof_fork_g","","","","","","","","","","","","","","","","","","","","","","","","","","","","","","","","","","","","","","","","","","","","","","","","","","","","","","","","","","","","","","","","","","","","","","","","",""
"[loop in std::__introsort_loop<__gnu_cxx::__normal_iterator<unsigned int*, std::vector<unsigned int, std::allocator<unsigned int>>>, long, __gnu_cxx::__ops::_Iter_less_iter> at stl_algo.h:1836]","0.0180712","0.580s","0.018071","0.580s","0.080s","0.080s","Scalar","0","5","103","","","","","","","","","","","","","","","","","","","","","","","","","","","","","","","","","","","","stl_algo.h:1836","tof_fork_g","","","","","","","","","","","","","","","","","","","","","","","","","","","","","","","","","","","","","","","","","","","","","","","","","","","","","","","","","","","","","","","","","","","","","","","","",""
"hwy::N_AVX3_SPR::detail::Sort8Rows<(unsigned long)4, hwy::N_AVX3_SPR::detail::SharedTraits<hwy::N_AVX3_SPR::detail::TraitsLane<hwy::N_AVX3_SPR::detail::OrderAscending<unsigned long>>>, unsigned long>","0.0666767","2.140s","0.0666761","2.140s","0.200s","0.200s","Function","","2","191","","","","","","","","","","","","","","","","","","","","","","","","","","","2-Source Permutes; Blends; Permutes; Shuffles","UInt16; UInt256; ; ","256","AVX; AVX2; AVX512F_256","","","","","","vqsort-inl.h:337","tof_fork_g","","","","","","","","","","","","","","","","","","","","","","","","","","","","","","","","","","","","","","","","","","","","","","","","","","","","","","","","","","","","","","","","","","","","","","","","",""
"func@0xbc410","0.0535906","1.720s","0.0498514","1.600s","0.200s","0.180s","Function","","2","19","","","","","","","","","","","","","","","","","","","","","","","","","","","","","","","","","","","","","libc.so.6","","","","","","","","","","","","","","","","","","","","","","","","","","","","","","","","","","","","","","","","","","","","","","","","","","","","","","","","","","","","","","","","","","","","","","","","",""
"[loop in func@0xbc410]","0.00373888","0.120s","0.00373891","0.120s","0.040s","0.040s","Scalar","0","3","35","","","","","","","","","","","","","","","","","","","","","","","","","","","","","","","","","","","","","libc.so.6","","","","","","","","","","","","","","","","","","","","","","","","","","","","","","","","","","","","","","","","","","","","","","","","","","","","","","","","","","","","","","","","","","","","","","","","",""
"yggdrasil_decision_forests::model::decision_tree::EvalConditionOnDataset","0.0504749","1.620s","0.00498523","0.160s","0.180s","0.060s","Function","","2","168","","","","","","","","","","","","","","","","","","","","","","","","","","","","Int32","128/256","AVX","","","","","","decision_tree.cc","tof_fork_g","","","","","","","","","","","","","","","","","","","","","","","","","","","","","","","","","","","","","","","","","","","","","","","","","","","","","","","","","","","","","","","","","","","","","","","","",""
"[loop in yggdrasil_decision_forests::model::decision_tree::EvalConditionOnDataset at decision_tree.cc]","0.0417508","1.340s","0.0417489","1.340s","0.160s","0.160s","Scalar","0","3","167","","","","","","","","","","","","","","","","","","","","","","","","","","","","","","","","","","","","decision_tree.cc","tof_fork_g","","","","","","","","","","","","","","","","","","","","","","","","","","","","","","","","","","","","","","","","","","","","","","","","","","","","","","","","","","","","","","","","","","","","","","","","",""
"[loop in yggdrasil_decision_forests::model::decision_tree::EvalConditionOnDataset at stl_algo.h:1044]","0.00373888","0.120s","0","0s","0.020s","0s","Scalar Versions","0","3","463","","","","","","","","","","","","","","","","","","","","","","","","","","","","","","","","","","","","stl_algo.h:1044","tof_fork_g","","","","","","","","","","","","","","","","","","","","","","","","","","","","","","","","","","","","","","","","","","","","","","","","","","","","","","","","","","","","","","","","","","","","","","","","",""
"[loop in yggdrasil_decision_forests::model::decision_tree::EvalConditionOnDataset at stl_algo.h:1044]","0.00311573","0.100s","0.00311568","0.100s","0.020s","0.020s","Scalar","0","3","317","","","","","","","","","","","","","","","","","","","","","","","","","","","","","","","","","","","","stl_algo.h:1044","tof_fork_g","","","","","","","","","","","","","","","","","","","","","","","","","","","","","","","","","","","","","","","","","","","","","","","","","","","","","","","","","","","","","","","","","","","","","","","","",""
"[loop in yggdrasil_decision_forests::model::decision_tree::EvalConditionOnDataset at stl_algo.h:1044]","0.000623147","0.020s","0.000623196","0.020s","0.020s","0.020s","Scalar","0","3","414","","","","","","","","","","","","","","","","","","","","","","","","","","","","","","","","","","","","stl_algo.h:1044","tof_fork_g","","","","","","","","","","","","","","","","","","","","","","","","","","","","","","","","","","","","","","","","","","","","","","","","","","","","","","","","","","","","","","","","","","","","","","","","",""
"yggdrasil_decision_forests::model::decision_tree::EvaluateProjection<yggdrasil_decision_forests::model::decision_tree::ClassificationLabelStats, std::vector<int, std::allocator<int>>>","0.0492286","1.580s","0.0492292","1.580s","0.140s","0.140s","Function","","2","117","","","","","","","","","","","","","","","","","","","","","","","","","","","","Int32","128/256","AVX","","","","","","oblique.cc","tof_fork_g","","","","","","","","","","","","","","","","","","","","","","","","","","","","","","","","","","","","","","","","","","","","","","","","","","","","","","","","","","","","","","","","","","","","","","","","",""
"std::binomial_distribution<unsigned long>::operator()<std::mersenne_twister_engine<unsigned long, (unsigned long)32, (unsigned long)624, (unsigned long)397, (unsigned long)31, (unsigned long)2567483615, (unsigned long)11, (unsigned long)4294967295, (unsigned long)7, (unsigned long)2636928640, (unsigned long)15, (unsigned long)4022730752, (unsigned long)18, (unsigned long)1812433253>>","0.0336499","1.080s","0.0336502","1.080s","0.140s","0.140s","Function","","2","178","","","","","","","","","","","","","","","","","","","","","","","","","","","Shifts","Int64; UInt16; ","128/256","AVX; AVX2; AVX512DQ_128; AVX512F_256","","","","","","random.tcc:1567","tof_fork_g","","","","","","","","","","","","","","","","","","","","","","","","","","","","","","","","","","","","","","","","","","","","","","","","","","","","","","","","","","","","","","","","","","","","","","","","",""
"func@0xbab10","0.0324036","1.040s","0.0155787","0.500s","0.100s","0.080s","Function","","2","20","","","","","","","","","","","","","","","","","","","","","","","","","","","Shuffles; Unpacks","UInt16; Variable; ","128/256","AVX; AVX2","","","","","","","libc.so.6","","","","","","","","","","","","","","","","","","","","","","","","","","","","","","","","","","","","","","","","","","","","","","","","","","","","","","","","","","","","","","","","","","","","","","","","",""
"[loop in func@0xbab10]","0.0118398","0.380s","0.0118402","0.380s","0.040s","0.040s","Vectorized (Body)","0","3","28","","AVX2","16","","","","","","","","","","","","","","","","","","","","","","","","Shuffles; Unpacks","UInt16; UInt256; Variable; ","128/256","AVX; AVX2","","","","","","","libc.so.6","","","","","","","","","","","","","","","","","","","","","","","","","","","","","","","","","","","","","","","","","","","","","","","","","","","","","","","","","","","","","","","","","","","","","","","","",""
"[loop in func@0xbab10]","0.00498517","0.160s","0.000623137","0.020s","0.040s","0.020s","Scalar","3","3","33","","","","","","","","","","","","","","","","","","","","","","","","","","","","","","","","","","","","","libc.so.6","","","","","","","","","","","","","","","","","","","","","","","","","","","","","","","","","","","","","","","","","","","","","","","","","","","","","","","","","","","","","","","","","","","","","","","","",""
"[loop in func@0xbab10]","0.00436203","0.140s","0","0s","0.040s","0s","Scalar","2","4","32","","","","","","","","","","","","","","","","","","","","","","","","","","","","","","","","","","","","","libc.so.6","","","","","","","","","","","","","","","","","","","","","","","","","","","","","","","","","","","","","","","","","","","","","","","","","","","","","","","","","","","","","","","","","","","","","","","","",""
"[loop in func@0xbab10]","0.00436203","0.140s","0.000623109","0.020s","0.040s","0.020s","Scalar","1","5","31","","","","","","","","","","","","","","","","","","","","","","","","","","","","","","","","","","","","","libc.so.6","","","","","","","","","","","","","","","","","","","","","","","","","","","","","","","","","","","","","","","","","","","","","","","","","","","","","","","","","","","","","","","","","","","","","","","","",""
"[loop in func@0xbab10]","0.00373888","0.120s","0.00373894","0.120s","0.040s","0.040s","Scalar","0","6","30","","","","","","","","","","","","","","","","","","","","","","","","","","","","","","","","","","","","","libc.so.6","","","","","","","","","","","","","","","","","","","","","","","","","","","","","","","","","","","","","","","","","","","","","","","","","","","","","","","","","","","","","","","","","","","","","","","","",""
"_intel_fast_memcpy","0.0230564","0.740s","0.0230557","0.740s","0.120s","0.120s","Function","","2","222","","","","","","","","","","","","","","","","","","","","","","","","","","","","","","","","","","","","","tof_fork_g","","","","","","","","","","","","","","","","","","","","","","","","","","","","","","","","","","","","","","","","","","","","","","","","","","","","","","","","","","","","","","","","","","","","","","","","",""
"hwy::N_AVX3_SPR::detail::BaseCase<hwy::N_AVX3_SPR::Simd<unsigned long, (unsigned long)8, (int)0>, hwy::N_AVX3_SPR::detail::SharedTraits<hwy::N_AVX3_SPR::detail::TraitsLane<hwy::N_AVX3_SPR::detail::OrderAscendingKV64>>, unsigned long>","0.021187","0.680s","0.0211919","0.680s","0.100s","0.100s","Function","","2","241","","","","","","","","","","","","","","","","","","","","","","","","","","","","","","","","","","","","vqsort-inl.h:574","tof_fork_g","","","","","","","","","","","","","","","","","","","","","","","","","","","","","","","","","","","","","","","","","","","","","","","","","","","","","","","","","","","","","","","","","","","","","","","","",""
"hwy::VQSort","0.0174481","0.560s","0.0174481","0.560s","0.080s","0.080s","Function","","2","190","","","","","","","","","","","","","","","","","","","","","","","","","","","","","","","","","","","","vqsort_kv64a.cc:61","tof_fork_g","","","","","","","","","","","","","","","","","","","","","","","","","","","","","","","","","","","","","","","","","","","","","","","","","","","","","","","","","","","","","","","","","","","","","","","","",""
"logf","0.0173546","0.557s","0.0173397","0.557s","0.080s","0.080s","Function","","2","76","","","","","","","","","","","","","","","","","","","","","","","","","","","","","","","","","","","","","tof_fork_g","","","","","","","","","","","","","","","","","","","","","","","","","","","","","","","","","","","","","","","","","","","","","","","","","","","","","","","","","","","","","","","","","","","","","","","","",""
"hwy::N_AVX3_SPR::detail::Sort8Rows<(unsigned long)1, hwy::N_AVX3_SPR::detail::SharedTraits<hwy::N_AVX3_SPR::detail::TraitsLane<hwy::N_AVX3_SPR::detail::OrderAscending<unsigned long>>>, unsigned long>","0.016825","0.540s","0.0168253","0.540s","0.100s","0.100s","Function","","2","232","","","","","","","","","","","","","","","","","","","","","","","","","","","2-Source Permutes; Blends; Inserts; Unpacks","UInt16; UInt256; ; ","128/256","AVX; AVX2; AVX512F_128; AVX512F_256","","","","","","vqsort-inl.h:337","tof_fork_g","","","","","","","","","","","","","","","","","","","","","","","","","","","","","","","","","","","","","","","","","","","","","","","","","","","","","","","","","","","","","","","","","","","","","","","","",""
"std::vector<hwy::K32V32, std::allocator<hwy::K32V32>>::resize","0.0162018","0.520s","0.0130861","0.420s","0.080s","0.060s","Function","","2","120","","","","","","","","","","","","","","","","","","","","","","","","","","","","","","","","","","","","stl_vector.h:1143","tof_fork_g","","","","","","","","","","","","","","","","","","","","","","","","","","","","","","","","","","","","","","","","","","","","","","","","","","","","","","","","","","","","","","","","","","","","","","","","",""
"std::vector<hwy::K32V32, std::allocator<hwy::K32V32>>::size","0.00249259","0.080s","0.00249266","0.080s","0.040s","0.040s","Inlined Function","","3","189","","","","","","","","","","","","","","","","","","","","","","","","","","","","","","","","","","","","stl_vector.h:1117","tof_fork_g","","","","","","","","","","","","","","","","","","","","","","","","","","","","","","","","","","","","","","","","","","","","","","","","","","","","","","","","","","","","","","","","","","","","","","","","",""
"std::vector<hwy::K32V32, std::allocator<hwy::K32V32>>::_M_erase_at_end","0.000623147","0.020s","0.000623115","0.020s","0.020s","0.020s","Inlined Function","","3","413","","","","","","","","","","","","","","","","","","","","","","","","","","","","","","","","","","","","stl_vector.h:2239","tof_fork_g","","","","","","","","","","","","","","","","","","","","","","","","","","","","","","","","","","","","","","","","","","","","","","","","","","","","","","","","","","","","","","","","","","","","","","","","",""
"func@0xbaa10","0.0162018","0.520s","0.0162014","0.520s","0.100s","0.100s","Function","","2","24","","","","","","","","","","","","","","","","","","","","","","","","","","","","","","","","","","","","","libc.so.6","","","","","","","","","","","","","","","","","","","","","","","","","","","","","","","","","","","","","","","","","","","","","","","","","","","","","","","","","","","","","","","","","","","","","","","","",""
"yggdrasil_decision_forests::model::random_forest::internal::SampleTrainingExamples","0.0130861","0.420s","0","0s","0.020s","0s","Function","","2","100","","","","","","","","","","","","","","","","","","","","","","","","","","","","UInt16; ","128","AVX; AVX512F_128","","","","","","random_forest.cc","tof_fork_g","","","","","","","","","","","","","","","","","","","","","","","","","","","","","","","","","","","","","","","","","","","","","","","","","","","","","","","","","","","","","","","","","","","","","","","","",""
"[loop in yggdrasil_decision_forests::model::random_forest::internal::SampleTrainingExamples at predefined_ops.h:98]","0.0130861","0.420s","0.0105926","0.340s","0.020s","0.020s","Scalar","1","3","106","","","","","","","","","","","","","","","","","","","","","","","","","","","","","","","","","","","","predefined_ops.h:98","tof_fork_g","","","","","","","","","","","","","","","","","","","","","","","","","","","","","","","","","","","","","","","","","","","","","","","","","","","","","","","","","","","","","","","","","","","","","","","","",""
"[loop in yggdrasil_decision_forests::model::random_forest::internal::SampleTrainingExamples at stl_algo.h:1758]","0.00249259","0.080s","0.00249235","0.080s","0.020s","0.020s","Scalar","0","4","242","","","","","","","","","","","","","","","","","","","","","","","","","","","","","","","","","","","","stl_algo.h:1758","tof_fork_g","","","","","","","","","","","","","","","","","","","","","","","","","","","","","","","","","","","","","","","","","","","","","","","","","","","","","","","","","","","","","","","","","","","","","","","","",""
"operator delete","0.0118398","0.380s","0.0118398","0.380s","0.100s","0.100s","Function","","2","12","","","","","","","","","","","","","","","","","","","","","","","","","","","","","","","","","","","","","libstdc++.so.6","","","","","","","","","","","","","","","","","","","","","","","","","","","","","","","","","","","","","","","","","","","","","","","","","","","","","","","","","","","","","","","","","","","","","","","","",""
"yggdrasil_decision_forests::model::decision_tree::GrowTreeLocal","0.0106246","0.341s","0","0s","0.040s","0s","Function","","2","110","","","","","","","","","","","","","","","","","","","","","","","","","","","","Int32; UInt16; ","128/256","AVX; AVX512F_128","","","","","","training.cc","tof_fork_g","","","","","","","","","","","","","","","","","","","","","","","","","","","","","","","","","","","","","","","","","","","","","","","","","","","","","","","","","","","","","","","","","","","","","","","","",""
"[loop in yggdrasil_decision_forests::model::decision_tree::GrowTreeLocal at training.cc:5560]","0.0106246","0.341s","0.0106247","0.341s","0.040s","0.040s","Vectorized (Body)","0","3","109","","AVX","4; 8","","","","","","","","","","","","","","","","","","","","","","","","","Int32; UInt16","128/256","AVX","","","","","","training.cc:5560","tof_fork_g","","","","","","","","","","","","","","","","","","","","","","","","","","","","","","","","","","","","","","","","","","","","","","","","","","","","","","","","","","","","","","","","","","","","","","","","",""
"std::uniform_int_distribution<unsigned long>::operator()<std::mersenne_twister_engine<unsigned long, (unsigned long)32, (unsigned long)624, (unsigned long)397, (unsigned long)31, (unsigned long)2567483615, (unsigned long)11, (unsigned long)4294967295, (unsigned long)7, (unsigned long)2636928640, (unsigned long)15, (unsigned long)4022730752, (unsigned long)18, (unsigned long)1812433253>>","0.0105935","0.340s","0.0037391","0.120s","0.060s","0.020s","Function","","2","174","","","","","","","","","","","","","","","","","","","","","","","","","","","","","","","","","","","","uniform_int_dist.h:288","tof_fork_g","","","","","","","","","","","","","","","","","","","","","","","","","","","","","","","","","","","","","","","","","","","","","","","","","","","","","","","","","","","","","","","","","","","","","","","","",""
"std::uniform_int_distribution<unsigned long>::_S_nd<unsigned long, std::mersenne_twister_engine<unsigned long, (unsigned long)32, (unsigned long)624, (unsigned long)397, (unsigned long)31, (unsigned long)2567483615, (unsigned long)11, (unsigned long)4294967295, (unsigned long)7, (unsigned long)2636928640, (unsigned long)15, (unsigned long)4022730752, (unsigned long)18, (unsigned long)1812433253>, unsigned int>","0.00685461","0.220s","0.00685474","0.220s","0.060s","0.060s","Inlined Function","","3","173","","","","","","","","","","","","","","","","","","","","","","","","","","","","","","","","","","","","uniform_int_dist.h:257","tof_fork_g","","","","","","","","","","","","","","","","","","","","","","","","","","","","","","","","","","","","","","","","","","","","","","","","","","","","","","","","","","","","","","","","","","","","","","","","",""
"absl::lts_20250814::container_internal::btree_node<absl::lts_20250814::container_internal::set_params<unsigned long, std::less<unsigned long>, std::allocator<unsigned long>, (int)256, (bool)0>>::clear_and_delete","0.0105935","0.340s","0.00560835","0.180s","0.060s","0.040s","Function","","2","200","","","","","","","","","","","","","","","","","","","","","","","","","","","","","","","","","","","","btree.h:2026","tof_fork_g","","","","","","","","","","","","","","","","","","","","","","","","","","","","","","","","","","","","","","","","","","","","","","","","","","","","","","","","","","","","","","","","","","","","","","","","",""
"absl::lts_20250814::container_internal::btree_node<absl::lts_20250814::container_internal::set_params<unsigned long, std::less<unsigned long>, std::allocator<unsigned long>, (int)256, (bool)0>>::LeafSize","0.00311573","0.100s","0","0s","0.020s","0s","Inlined Function","","3","283","","","","","","","","","","","","","","","","","","","","","","","","","","","","","","","","","","","","btree.h:637","tof_fork_g","","","","","","","","","","","","","","","","","","","","","","","","","","","","","","","","","","","","","","","","","","","","","","","","","","","","","","","","","","","","","","","","","","","","","","","","",""
"absl::lts_20250814::container_internal::internal_layout::LayoutImpl<std::tuple<absl::lts_20250814::container_internal::btree_node<absl::lts_20250814::container_internal::set_params<unsigned long, std::less<unsigned long>, std::allocator<unsigned long>, (int)256, (bool)0>>*, unsigned int, unsigned char, unsigned long, absl::lts_20250814::container_internal::btree_node<absl::lts_20250814::container_internal::set_params<unsigned long, std::less<unsigned long>, std::allocator<unsigned long>, (int)256, (bool)0>>*>, std::integer_sequence<unsigned long, (unsigned long)1, (unsigned long)0, (unsigned long)4>, std::integer_sequence<unsigned long, (unsigned long)0, (unsigned long)1>, std::integer_sequence<unsigned long, (unsigned long)0, (unsigned long)1, (unsigned long)2, (unsigned long)3, (unsigned long)4>, std::integer_sequence<unsigned long, (unsigned long)0, (unsigned long)1, (unsigned long)2, (unsigned long)3, (unsigned long)4>>::AllocSize","0.00311573","0.100s","0","0s","0.020s","0s","Inlined Function","","4","282","","","","","","","","","","","","","","","","","","","","","","","","","","","","","","","","","","","","layout.h:608","tof_fork_g","","","","","","","","","","","","","","","","","","","","","","","","","","","","","","","","","","","","","","","","","","","","","","","","","","","","","","","","","","","","","","","","","","","","","","","","",""
"absl::lts_20250814::container_internal::internal_layout::LayoutImpl<std::tuple<absl::lts_20250814::container_internal::btree_node<absl::lts_20250814::container_internal::set_params<unsigned long, std::less<unsigned long>, std::allocator<unsigned long>, (int)256, (bool)0>>*, unsigned int, unsigned char, unsigned long, absl::lts_20250814::container_internal::btree_node<absl::lts_20250814::container_internal::set_params<unsigned long, std::less<unsigned long>, std::allocator<unsigned long>, (int)256, (bool)0>>*>, std::integer_sequence<unsigned long, (unsigned long)1, (unsigned long)0, (unsigned long)4>, std::integer_sequence<unsigned long, (unsigned long)0, (unsigned long)1>, std::integer_sequence<unsigned long, (unsigned long)0, (unsigned long)1, (unsigned long)2, (unsigned long)3, (unsigned long)4>, std::integer_sequence<unsigned long, (unsigned long)0, (unsigned long)1, (unsigned long)2, (unsigned long)3, (unsigned long)4>>::Offset<(unsigned long)4>","0.00311573","0.100s","0","0s","0.020s","0s","Inlined Function","","5","281","","","","","","","","","","","","","","","","","","","","","","","","","","","","","","","","","","","","layout.h:418","tof_fork_g","","","","","","","","","","","","","","","","","","","","","","","","","","","","","","","","","","","","","","","","","","","","","","","","","","","","","","","","","","","","","","","","","","","","","","","","",""
"absl::lts_20250814::container_internal::internal_layout::adl_barrier::Align","0.00311573","0.100s","0.00311583","0.100s","0.020s","0.020s","Inlined Function","","6","280","","","","","","","","","","","","","","","","","","","","","","","","","","","","","","","","","","","","layout.h:294","tof_fork_g","","","","","","","","","","","","","","","","","","","","","","","","","","","","","","","","","","","","","","","","","","","","","","","","","","","","","","","","","","","","","","","","","","","","","","","","",""
"absl::lts_20250814::container_internal::btree_node<absl::lts_20250814::container_internal::set_params<unsigned long, std::less<unsigned long>, std::allocator<unsigned long>, (int)256, (bool)0>>::deallocate","0.00186944","0.060s","0","0s","0.020s","0s","Inlined Function","","3","360","","","","","","","","","","","","","","","","","","","","","","","","","","","","","","","","","","","","btree.h:969","tof_fork_g","","","","","","","","","","","","","","","","","","","","","","","","","","","","","","","","","","","","","","","","","","","","","","","","","","","","","","","","","","","","","","","","","","","","","","","","",""
"absl::lts_20250814::container_internal::Deallocate<(unsigned long)8, std::allocator<unsigned long>>","0.00186944","0.060s","0","0s","0.020s","0s","Inlined Function","","4","359","","","","","","","","","","","","","","","","","","","","","","","","","","","","","","","","","","","","container_memory.h:88","tof_fork_g","","","","","","","","","","","","","","","","","","","","","","","","","","","","","","","","","","","","","","","","","","","","","","","","","","","","","","","","","","","","","","","","","","","","","","","","",""
"std::allocator_traits<std::allocator<absl::lts_20250814::container_internal::AlignedType<(unsigned long)8>>>::deallocate","0.00186944","0.060s","0","0s","0.020s","0s","Inlined Function","","5","358","","","","","","","","","","","","","","","","","","","","","","","","","","","","","","","","","","","","alloc_traits.h:648","tof_fork_g","","","","","","","","","","","","","","","","","","","","","","","","","","","","","","","","","","","","","","","","","","","","","","","","","","","","","","","","","","","","","","","","","","","","","","","","",""
"std::__new_allocator<absl::lts_20250814::container_internal::AlignedType<(unsigned long)8>>::deallocate","0.00186944","0.060s","0.00186955","0.060s","0.020s","0.020s","Inlined Function","","6","357","","","","","","","","","","","","","","","","","","","","","","","","","","","","","","","","","","","","new_allocator.h:156","tof_fork_g","","","","","","","","","","","","","","","","","","","","","","","","","","","","","","","","","","","","","","","","","","","","","","","","","","","","","","","","","","","","","","","","","","","","","","","","",""
"yggdrasil_decision_forests::dataset::VerticalDataset::NumericalColumn::type","0.00997034","0.320s","0.00997137","0.320s","0.060s","0.060s","Function","","2","225","","","","","","","","","","","","","","","","","","","","","","","","","","","","","","","","","","","","vertical_dataset.h:298","tof_fork_g","","","","","","","","","","","","","","","","","","","","","","","","","","","","","","","","","","","","","","","","","","","","","","","","","","","","","","","","","","","","","","","","","","","","","","","","",""
"hwy::N_AVX3_SPR::(anonymous namespace)::SortKV64Asc","0.0093472","0.300s","0.00934692","0.300s","0.040s","0.040s","Function","","2","128","","","","","","","","","","","","","","","","","","","","","","","","","","","","","","","","","","","","vqsort_kv64a.cc","tof_fork_g","","","","","","","","","","","","","","","","","","","","","","","","","","","","","","","","","","","","","","","","","","","","","","","","","","","","","","","","","","","","","","","","","","","","","","","","",""
"operator new","0.0081009","0.260s","0.00810072","0.260s","0.060s","0.060s","Function","","2","9","","","","","","","","","","","","","","","","","","","","","","","","","","","","","","","","","","","","","libstdc++.so.6","","","","","","","","","","","","","","","","","","","","","","","","","","","","","","","","","","","","","","","","","","","","","","","","","","","","","","","","","","","","","","","","","","","","","","","","",""
"func@0x7b21b0","0.00747776","0.240s","0.00747782","0.240s","0.060s","0.060s","Function","","2","265","","","","","","","","","","","","","","","","","","","","","","","","","","","","","","","","","","","","","tof_fork_g","","","","","","","","","","","","","","","","","","","","","","","","","","","","","","","","","","","","","","","","","","","","","","","","","","","","","","","","","","","","","","","","","","","","","","","","",""
"std::uniform_int_distribution<int>::operator()<std::mersenne_twister_engine<unsigned long, (unsigned long)32, (unsigned long)624, (unsigned long)397, (unsigned long)31, (unsigned long)2567483615, (unsigned long)11, (unsigned long)4294967295, (unsigned long)7, (unsigned long)2636928640, (unsigned long)15, (unsigned long)4022730752, (unsigned long)18, (unsigned long)1812433253>>","0.00747776","0.240s","0.0049853","0.160s","0.040s","0.040s","Function","","2","261","","","","","","","","","","","","","","","","","","","","","","","","","","","","","","","","","","","","uniform_int_dist.h:288","tof_fork_g","","","","","","","","","","","","","","","","","","","","","","","","","","","","","","","","","","","","","","","","","","","","","","","","","","","","","","","","","","","","","","","","","","","","","","","","",""
"std::uniform_int_distribution<int>::_S_nd<unsigned long, std::mersenne_twister_engine<unsigned long, (unsigned long)32, (unsigned long)624, (unsigned long)397, (unsigned long)31, (unsigned long)2567483615, (unsigned long)11, (unsigned long)4294967295, (unsigned long)7, (unsigned long)2636928640, (unsigned long)15, (unsigned long)4022730752, (unsigned long)18, (unsigned long)1812433253>, unsigned int>","0.00186944","0.060s","0.00186935","0.060s","0.020s","0.020s","Inlined Function","","3","262","","","","","","","","","","","","","","","","","","","","","","","","","","","","","","","","","","","","uniform_int_dist.h:257","tof_fork_g","","","","","","","","","","","","","","","","","","","","","","","","","","","","","","","","","","","","","","","","","","","","","","","","","","","","","","","","","","","","","","","","","","","","","","","","",""
"std::uniform_int_distribution<int>::param_type::b","0.000623147","0.020s","0.00062314","0.020s","0.020s","0.020s","Inlined Function","","3","276","","","","","","","","","","","","","","","","","","","","","","","","","","","","","","","","","","","","uniform_int_dist.h:116","tof_fork_g","","","","","","","","","","","","","","","","","","","","","","","","","","","","","","","","","","","","","","","","","","","","","","","","","","","","","","","","","","","","","","","","","","","","","","","","",""
"__libm_pow_l9","0.00747776","0.240s","0.00747773","0.240s","0.060s","0.060s","Function","","2","221","","","","","","","","","","","","","","","","","","","","","","","","","","","Shifts","UInt16; ; ","128","AVX","","","","","","","tof_fork_g","","","","","","","","","","","","","","","","","","","","","","","","","","","","","","","","","","","","","","","","","","","","","","","","","","","","","","","","","","","","","","","","","","","","","","","","",""
"__svml_logf4_l9","0.00685461","0.220s","0.00685474","0.220s","0.040s","0.040s","Vector Function","","2","198","","AVX2","4","","","","","","","","","","","","","","","","","","","","","","","","FMA; Shifts; Type Conversions","Int32; UInt16","128","AVX; FMA","","","","","","","tof_fork_g","","","","","","","","","","","","","","","","","","","","","","","","","","","","","","","","","","","","","","","","","","","","","","","","","","","","","","","","","","","","","","","","","","","","","","","","",""
"std::vector<float, std::allocator<float>>::resize","0.00685461","0.220s","0.00498514","0.160s","0.040s","0.040s","Function","","2","68","","","","","","","","","","","","","","","","","","","","","","","","","","","","","","","","","","","","stl_vector.h:1143","tof_fork_g","","","","","","","","","","","","","","","","","","","","","","","","","","","","","","","","","","","","","","","","","","","","","","","","","","","","","","","","","","","","","","","","","","","","","","","","",""
"std::vector<float, std::allocator<float>>::size","0.00124629","0.040s","0.00124644","0.040s","0.020s","0.020s","Inlined Function","","3","335","","","","","","","","","","","","","","","","","","","","","","","","","","","","","","","","","","","","stl_vector.h:1117","tof_fork_g","","","","","","","","","","","","","","","","","","","","","","","","","","","","","","","","","","","","","","","","","","","","","","","","","","","","","","","","","","","","","","","","","","","","","","","","",""
"std::vector<float, std::allocator<float>>::_M_default_append","0.000623147","0.020s","0.000623131","0.020s","0.020s","0.020s","Inlined Function","","3","75","","","","","","","","","","","","","","","","","","","","","","","","","","","","","","","","","","","","vector.tcc:814","tof_fork_g","","","","","","","","","","","","","","","","","","","","","","","","","","","","","","","","","","","","","","","","","","","","","","","","","","","","","","","","","","","","","","","","","","","","","","","","",""
"func@0xa8320","0.00685461","0.220s","0.00685461","0.220s","0.040s","0.040s","Function","","2","11","","","","","","","","","","","","","","","","","","","","","","","","","","","","","","","","","","","","","libstdc++.so.6","","","","","","","","","","","","","","","","","","","","","","","","","","","","","","","","","","","","","","","","","","","","","","","","","","","","","","","","","","","","","","","","","","","","","","","","",""
"yggdrasil_decision_forests::model::decision_tree::internal::SetCondition","0.00623147","0.200s","0.00124628","0.040s","0.060s","0.020s","Function","","2","213","","","","","","","","","","","","","","","","","","","","","","","","","","","","","","","","","","","","oblique.cc","tof_fork_g","","","","","","","","","","","","","","","","","","","","","","","","","","","","","","","","","","","","","","","","","","","","","","","","","","","","","","","","","","","","","","","","","","","","","","","","",""
"[loop in yggdrasil_decision_forests::model::decision_tree::internal::SetCondition at repeated_field.h:169]","0.00498517","0.160s","0.00498527","0.160s","0.040s","0.040s","Scalar","0","3","309","","","","","","","","","","","","","","","","","","","","","","","","","","","Type Conversions","Int32; Int64","","","","","","","","repeated_field.h:169","tof_fork_g","","","","","","","","","","","","","","","","","","","","","","","","","","","","","","","","","","","","","","","","","","","","","","","","","","","","","","","","","","","","","","","","","","","","","","","","",""
"std::_Function_handler<absl::lts_20250814::Status (yggdrasil_decision_forests::dataset::VerticalDataset const&, absl::lts_20250814::Span<unsigned int const>, std::vector<float, std::allocator<float>> const&, yggdrasil_decision_forests::model::proto::TrainingConfig const&, yggdrasil_decision_forests::model::proto::TrainingConfigLinking const&, yggdrasil_decision_forests::model::decision_tree::NodeWithChildren*), absl::lts_20250814::Status (yggdrasil_decision_forests::dataset::VerticalDataset const&, absl::lts_20250814::Span<unsigned int const>, std::vector<float, std::allocator<float>> const&, yggdrasil_decision_forests::model::proto::TrainingConfig const&, yggdrasil_decision_forests::model::proto::TrainingConfigLinking const&, yggdrasil_decision_forests::model::decision_tree::NodeWithChildren*)*>::_M_manager","0.00623147","0.200s","0.0062314","0.200s","0.060s","0.060s","Function","","2","240","","","","","","","","","","","","","","","","","","","","","","","","","","","","","","","","","","","","std_function.h:269","tof_fork_g","","","","","","","","","","","","","","","","","","","","","","","","","","","","","","","","","","","","","","","","","","","","","","","","","","","","","","","","","","","","","","","","","","","","","","","","",""
"yggdrasil_decision_forests::model::decision_tree::FindBestCondition","0.00623147","0.200s","0.00560826","0.180s","0.040s","0.040s","Function","","2","111","","","","","","","","","","","","","","","","","","","","","","","","","","","","Int32; Int64","128","AVX","","","","","","training.cc","tof_fork_g","","","","","","","","","","","","","","","","","","","","","","","","","","","","","","","","","","","","","","","","","","","","","","","","","","","","","","","","","","","","","","","","","","","","","","","","",""
"[loop in yggdrasil_decision_forests::model::decision_tree::FindBestCondition at repeated_field.h:203]","0.000623147","0.020s","0.000623153","0.020s","0.020s","0.020s","Scalar","0","3","224","","","","","","","","","","","","","","","","","","","","","","","","","","","","Int64","","","","","","","","repeated_field.h:203","tof_fork_g","","","","","","","","","","","","","","","","","","","","","","","","","","","","","","","","","","","","","","","","","","","","","","","","","","","","","","","","","","","","","","","","","","","","","","","","",""
"func@0x7b21e0","0.00560832","0.180s","0.00560841","0.180s","0.040s","0.040s","Function","","2","259","","","","","","","","","","","","","","","","","","","","","","","","","","","","","","","","","","","","","tof_fork_g","","","","","","","","","","","","","","","","","","","","","","","","","","","","","","","","","","","","","","","","","","","","","","","","","","","","","","","","","","","","","","","","","","","","","","","","",""
"yggdrasil_decision_forests::model::decision_tree::FeatureNumericalBucket::Filler::SetConditionFinalFromThresholds","0.00498517","0.160s","0.00186946","0.060s","0.020s","0.020s","Function","","2","266","","","","","","","","","","","","","","","","","","","","","","","","","","","","Int32","128","AVX","","","","","","splitter_accumulator.h:248","tof_fork_g","","","","","","","","","","","","","","","","","","","","","","","","","","","","","","","","","","","","","","","","","","","","","","","","","","","","","","","","","","","","","","","","","","","","","","","","",""
"yggdrasil_decision_forests::model::decision_tree::proto::Condition::mutable_higher_condition","0.00186944","0.060s","0","0s","0.020s","0s","Inlined Function","","3","386","","","","","","","","","","","","","","","","","","","","","","","","","","","","Int32","128","AVX","","","","","","decision_tree.pb.h:5838","tof_fork_g","","","","","","","","","","","","","","","","","","","","","","","","","","","","","","","","","","","","","","","","","","","","","","","","","","","","","","","","","","","","","","","","","","","","","","","","",""
"yggdrasil_decision_forests::model::decision_tree::proto::Condition::_internal_mutable_higher_condition","0.00186944","0.060s","0.00124628","0.040s","0.020s","0.020s","Inlined Function","","4","385","","","","","","","","","","","","","","","","","","","","","","","","","","","","Int32","128","AVX","","","","","","decision_tree.pb.h:5829","tof_fork_g","","","","","","","","","","","","","","","","","","","","","","","","","","","","","","","","","","","","","","","","","","","","","","","","","","","","","","","","","","","","","","","","","","","","","","","","",""
"yggdrasil_decision_forests::model::decision_tree::proto::Condition::type_case","0.000623147","0.020s","0.000623143","0.020s","0.020s","0.020s","Inlined Function","","5","433","","","","","","","","","","","","","","","","","","","","","","","","","","","","","","","","","","","","decision_tree.pb.h:6337","tof_fork_g","","","","","","","","","","","","","","","","","","","","","","","","","","","","","","","","","","","","","","","","","","","","","","","","","","","","","","","","","","","","","","","","","","","","","","","","",""
"yggdrasil_decision_forests::model::decision_tree::proto::NodeCondition::mutable_condition","0.000623147","0.020s","0","0s","0.020s","0s","Inlined Function","","3","370","","","","","","","","","","","","","","","","","","","","","","","","","","","","Int32","128","AVX","","","","","","decision_tree.pb.h:6470","tof_fork_g","","","","","","","","","","","","","","","","","","","","","","","","","","","","","","","","","","","","","","","","","","","","","","","","","","","","","","","","","","","","","","","","","","","","","","","","",""
"yggdrasil_decision_forests::model::decision_tree::proto::NodeCondition::_internal_mutable_condition","0.000623147","0.020s","0","0s","0.020s","0s","Inlined Function","","4","369","","","","","","","","","","","","","","","","","","","","","","","","","","","","Int32","128","AVX","","","","","","decision_tree.pb.h:6462","tof_fork_g","","","","","","","","","","","","","","","","","","","","","","","","","","","","","","","","","","","","","","","","","","","","","","","","","","","","","","","","","","","","","","","","","","","","","","","","",""
"google::protobuf::MessageLite::GetArena","0.000623147","0.020s","0","0s","0.020s","0s","Inlined Function","","5","411","","","","","","","","","","","","","","","","","","","","","","","","","","","","Int32","128","AVX","","","","","","message_lite.h:552","tof_fork_g","","","","","","","","","","","","","","","","","","","","","","","","","","","","","","","","","","","","","","","","","","","","","","","","","","","","","","","","","","","","","","","","","","","","","","","","",""
"google::protobuf::internal::InternalMetadata::arena","0.000623147","0.020s","0","0s","0.020s","0s","Inlined Function","","6","410","","","","","","","","","","","","","","","","","","","","","","","","","","","","Int32","128","AVX","","","","","","metadata_lite.h:66","tof_fork_g","","","","","","","","","","","","","","","","","","","","","","","","","","","","","","","","","","","","","","","","","","","","","","","","","","","","","","","","","","","","","","","","","","","","","","","","",""
"google::protobuf::internal::InternalMetadata::have_unknown_fields","0.000623147","0.020s","0","0s","0.020s","0s","Inlined Function","","7","409","","","","","","","","","","","","","","","","","","","","","","","","","","","","Int32","128","AVX","","","","","","metadata_lite.h:74","tof_fork_g","","","","","","","","","","","","","","","","","","","","","","","","","","","","","","","","","","","","","","","","","","","","","","","","","","","","","","","","","","","","","","","","","","","","","","","","",""
"google::protobuf::internal::InternalMetadata::HasUnknownFieldsTag","0.000623147","0.020s","0.000623203","0.020s","0.020s","0.020s","Inlined Function","","8","408","","","","","","","","","","","","","","","","","","","","","","","","","","","","Int32","128","AVX","","","","","","metadata_lite.h:142","tof_fork_g","","","","","","","","","","","","","","","","","","","","","","","","","","","","","","","","","","","","","","","","","","","","","","","","","","","","","","","","","","","","","","","","","","","","","","","","",""
"yggdrasil_decision_forests::model::decision_tree::proto::NodeCondition::set_na_value","0.000623147","0.020s","0.000623175","0.020s","0.020s","0.020s","Inlined Function","","3","444","","","","","","","","","","","","","","","","","","","","","","","","","","","","","","","","","","","","decision_tree.pb.h:6358","tof_fork_g","","","","","","","","","","","","","","","","","","","","","","","","","","","","","","","","","","","","","","","","","","","","","","","","","","","","","","","","","","","","","","","","","","","","","","","","",""
"std::deque<yggdrasil_decision_forests::model::decision_tree::internal::NodeAndExamples, std::allocator<yggdrasil_decision_forests::model::decision_tree::internal::NodeAndExamples>>::push_back","0.00498517","0.160s","0","0s","0.040s","0s","Function","","2","271","","","","","","","","","","","","","","","","","","","","","","","","","","","","Int32","256","AVX","","","","","","stl_deque.h:1620","tof_fork_g","","","","","","","","","","","","","","","","","","","","","","","","","","","","","","","","","","","","","","","","","","","","","","","","","","","","","","","","","","","","","","","","","","","","","","","","",""
"std::deque<yggdrasil_decision_forests::model::decision_tree::internal::NodeAndExamples, std::allocator<yggdrasil_decision_forests::model::decision_tree::internal::NodeAndExamples>>::emplace_back<yggdrasil_decision_forests::model::decision_tree::internal::NodeAndExamples>","0.00498517","0.160s","0.000623212","0.020s","0.040s","0.020s","Inlined Function","","3","275","","","","","","","","","","","","","","","","","","","","","","","","","","","","Int32","256","AVX","","","","","","deque.tcc:165","tof_fork_g","","","","","","","","","","","","","","","","","","","","","","","","","","","","","","","","","","","","","","","","","","","","","","","","","","","","","","","","","","","","","","","","","","","","","","","","",""
"std::allocator_traits<std::allocator<yggdrasil_decision_forests::model::decision_tree::internal::NodeAndExamples>>::construct<yggdrasil_decision_forests::model::decision_tree::internal::NodeAndExamples, yggdrasil_decision_forests::model::decision_tree::internal::NodeAndExamples>","0.00249259","0.080s","0","0s","0.040s","0s","Inlined Function","","4","381","","","","","","","","","","","","","","","","","","","","","","","","","","","","Int32","256","AVX","","","","","","alloc_traits.h:665","tof_fork_g","","","","","","","","","","","","","","","","","","","","","","","","","","","","","","","","","","","","","","","","","","","","","","","","","","","","","","","","","","","","","","","","","","","","","","","","",""
"std::__new_allocator<yggdrasil_decision_forests::model::decision_tree::internal::NodeAndExamples>::construct<yggdrasil_decision_forests::model::decision_tree::internal::NodeAndExamples, yggdrasil_decision_forests::model::decision_tree::internal::NodeAndExamples>","0.00249259","0.080s","0.00249266","0.080s","0.040s","0.040s","Inlined Function","","5","380","","","","","","","","","","","","","","","","","","","","","","","","","","","","Int32","256","AVX","","","","","","new_allocator.h:189","tof_fork_g","","","","","","","","","","","","","","","","","","","","","","","","","","","","","","","","","","","","","","","","","","","","","","","","","","","","","","","","","","","","","","","","","","","","","","","","",""
"std::deque<yggdrasil_decision_forests::model::decision_tree::internal::NodeAndExamples, std::allocator<yggdrasil_decision_forests::model::decision_tree::internal::NodeAndExamples>>::_M_push_back_aux<yggdrasil_decision_forests::model::decision_tree::internal::NodeAndExamples>","0.00186944","0.060s","0.0006231","0.020s","0.020s","0.020s","Inlined Function","","4","274","","","","","","","","","","","","","","","","","","","","","","","","","","","","Int32","256","AVX","","","","","","deque.tcc:485","tof_fork_g","","","","","","","","","","","","","","","","","","","","","","","","","","","","","","","","","","","","","","","","","","","","","","","","","","","","","","","","","","","","","","","","","","","","","","","","",""
"std::allocator_traits<std::allocator<yggdrasil_decision_forests::model::decision_tree::internal::NodeAndExamples>>::construct<yggdrasil_decision_forests::model::decision_tree::internal::NodeAndExamples, yggdrasil_decision_forests::model::decision_tree::internal::NodeAndExamples>","0.000623147","0.020s","0","0s","0.020s","0s","Inlined Function","","5","404","","","","","","","","","","","","","","","","","","","","","","","","","","","","Int32","256","AVX","","","","","","alloc_traits.h:665","tof_fork_g","","","","","","","","","","","","","","","","","","","","","","","","","","","","","","","","","","","","","","","","","","","","","","","","","","","","","","","","","","","","","","","","","","","","","","","","",""
"std::__new_allocator<yggdrasil_decision_forests::model::decision_tree::internal::NodeAndExamples>::construct<yggdrasil_decision_forests::model::decision_tree::internal::NodeAndExamples, yggdrasil_decision_forests::model::decision_tree::internal::NodeAndExamples>","0.000623147","0.020s","0.000623125","0.020s","0.020s","0.020s","Inlined Function","","6","403","","","","","","","","","","","","","","","","","","","","","","","","","","","","Int32","256","AVX","","","","","","new_allocator.h:189","tof_fork_g","","","","","","","","","","","","","","","","","","","","","","","","","","","","","","","","","","","","","","","","","","","","","","","","","","","","","","","","","","","","","","","","","","","","","","","","",""
"std::deque<yggdrasil_decision_forests::model::decision_tree::internal::NodeAndExamples, std::allocator<yggdrasil_decision_forests::model::decision_tree::internal::NodeAndExamples>>::size","0.000623147","0.020s","0","0s","0.020s","0s","Inlined Function","","5","343","","","","","","","","","","","","","","","","","","","","","","","","","","","","","","","","","","","","stl_deque.h:1330","tof_fork_g","","","","","","","","","","","","","","","","","","","","","","","","","","","","","","","","","","","","","","","","","","","","","","","","","","","","","","","","","","","","","","","","","","","","","","","","",""
"std::operator-","0.000623147","0.020s","0.000623112","0.020s","0.020s","0.020s","Inlined Function","","6","342","","","","","","","","","","","","","","","","","","","","","","","","","","","","","","","","","","","","stl_deque.h:373","tof_fork_g","","","","","","","","","","","","","","","","","","","","","","","","","","","","","","","","","","","","","","","","","","","","","","","","","","","","","","","","","","","","","","","","","","","","","","","","",""
"__svml_log4_mask_e9","0.00436203","0.140s","0.00436209","0.140s","0.040s","0.040s","Vector Function","","2","193","","AVX","4","","","","","","","","","","","","","","","","","","","","","","","","Extracts; Shuffles","Int32; Int64; UInt16; ","128/256","AVX","","","","","","","tof_fork_g","","","","","","","","","","","","","","","","","","","","","","","","","","","","","","","","","","","","","","","","","","","","","","","","","","","","","","","","","","","","","","","","","","","","","","","","",""
"__dynamic_cast","0.00436203","0.140s","0.00436209","0.140s","0.040s","0.040s","Function","","2","10","","","","","","","","","","","","","","","","","","","","","","","","","","","","","","","","","","","","","libstdc++.so.6","","","","","","","","","","","","","","","","","","","","","","","","","","","","","","","","","","","","","","","","","","","","","","","","","","","","","","","","","","","","","","","","","","","","","","","","",""
"func@0xb9570","0.00436203","0.140s","0.00436206","0.140s","0.040s","0.040s","Function","","2","34","","","","","","","","","","","","","","","","","","","","","","","","","","","Unpacks","UInt16; ","128","AVX","","","","","","","libc.so.6","","","","","","","","","","","","","","","","","","","","","","","","","","","","","","","","","","","","","","","","","","","","","","","","","","","","","","","","","","","","","","","","","","","","","","","","",""
"log","0.00436203","0.140s","0.00436184","0.140s","0.040s","0.040s","Function","","2","250","","","","","","","","","","","","","","","","","","","","","","","","","","","","","","","","","","","","","tof_fork_g","","","","","","","","","","","","","","","","","","","","","","","","","","","","","","","","","","","","","","","","","","","","","","","","","","","","","","","","","","","","","","","","","","","","","","","","",""
"__munmap","0.00373888","0.120s","0.00374324","0.120s","0.040s","0.040s","Function","","2","36","","","","","","","","","","","","","","","","","","","","","","","","","","","","","","","","","","","","","libc.so.6","","","","","","","","","","","","","","","","","","","","","","","","","","","","","","","","","","","","","","","","","","","","","","","","","","","","","","","","","","","","","","","","","","","","","","","","",""
"hwy::N_AVX3_SPR::detail::Sort3To4<hwy::N_AVX3_SPR::detail::SharedTraits<hwy::N_AVX3_SPR::detail::TraitsLane<hwy::N_AVX3_SPR::detail::OrderAscending<unsigned long>>>, unsigned long>","0.00373888","0.120s","0.00373891","0.120s","0.040s","0.040s","Function","","2","192","","","","","","","","","","","","","","","","","","","","","","","","","","","Unpacks","UInt16; ","128","AVX; AVX512F_128","","","","","","vqsort-inl.h:267","tof_fork_g","","","","","","","","","","","","","","","","","","","","","","","","","","","","","","","","","","","","","","","","","","","","","","","","","","","","","","","","","","","","","","","","","","","","","","","","",""
"func@0xba7f0","0.00311573","0.100s","0.00311586","0.100s","0.040s","0.040s","Function","","2","29","","","","","","","","","","","","","","","","","","","","","","","","","","","","UInt16","128","AVX","","","","","","","libc.so.6","","","","","","","","","","","","","","","","","","","","","","","","","","","","","","","","","","","","","","","","","","","","","","","","","","","","","","","","","","","","","","","","","","","","","","","","",""
"std::vector<yggdrasil_decision_forests::model::decision_tree::internal::AttributeAndWeight, std::allocator<yggdrasil_decision_forests::model::decision_tree::internal::AttributeAndWeight>>::operator=","0.00311573","0.100s","0.0006231","0.020s","0.020s","0.020s","Function","","2","313","","","","","","","","","","","","","","","","","","","","","","","","","","","","","","","","","","","","vector.tcc:211","tof_fork_g","","","","","","","","","","","","","","","","","","","","","","","","","","","","","","","","","","","","","","","","","","","","","","","","","","","","","","","","","","","","","","","","","","","","","","","","",""
"std::vector<yggdrasil_decision_forests::model::decision_tree::internal::AttributeAndWeight, std::allocator<yggdrasil_decision_forests::model::decision_tree::internal::AttributeAndWeight>>::_M_allocate_and_copy<__gnu_cxx::__normal_iterator<yggdrasil_decision_forests::model::decision_tree::internal::AttributeAndWeight const*, std::vector<yggdrasil_decision_forests::model::decision_tree::internal::AttributeAndWeight, std::allocator<yggdrasil_decision_forests::model::decision_tree::internal::AttributeAndWeight>>>>","0.00124629","0.040s","0","0s","0.020s","0s","Inlined Function","","3","316","","","","","","","","","","","","","","","","","","","","","","","","","","","","","","","","","","","","stl_vector.h:1907","tof_fork_g","","","","","","","","","","","","","","","","","","","","","","","","","","","","","","","","","","","","","","","","","","","","","","","","","","","","","","","","","","","","","","","","","","","","","","","","",""
"std::_Vector_base<yggdrasil_decision_forests::model::decision_tree::internal::AttributeAndWeight, std::allocator<yggdrasil_decision_forests::model::decision_tree::internal::AttributeAndWeight>>::_M_allocate","0.00124629","0.040s","0","0s","0.020s","0s","Inlined Function","","4","315","","","","","","","","","","","","","","","","","","","","","","","","","","","","","","","","","","","","stl_vector.h:384","tof_fork_g","","","","","","","","","","","","","","","","","","","","","","","","","","","","","","","","","","","","","","","","","","","","","","","","","","","","","","","","","","","","","","","","","","","","","","","","",""
"std::allocator_traits<std::allocator<yggdrasil_decision_forests::model::decision_tree::internal::AttributeAndWeight>>::allocate","0.00124629","0.040s","0","0s","0.020s","0s","Inlined Function","","5","314","","","","","","","","","","","","","","","","","","","","","","","","","","","","","","","","","","","","alloc_traits.h:613","tof_fork_g","","","","","","","","","","","","","","","","","","","","","","","","","","","","","","","","","","","","","","","","","","","","","","","","","","","","","","","","","","","","","","","","","","","","","","","","",""
"std::__new_allocator<yggdrasil_decision_forests::model::decision_tree::internal::AttributeAndWeight>::allocate","0.00124629","0.040s","0.00124621","0.040s","0.020s","0.020s","Inlined Function","","6","312","","","","","","","","","","","","","","","","","","","","","","","","","","","","","","","","","","","","new_allocator.h:126","tof_fork_g","","","","","","","","","","","","","","","","","","","","","","","","","","","","","","","","","","","","","","","","","","","","","","","","","","","","","","","","","","","","","","","","","","","","","","","","",""
"std::vector<yggdrasil_decision_forests::model::decision_tree::internal::AttributeAndWeight, std::allocator<yggdrasil_decision_forests::model::decision_tree::internal::AttributeAndWeight>>::capacity","0.000623147","0.020s","0.000623137","0.020s","0.020s","0.020s","Inlined Function","","3","379","","","","","","","","","","","","","","","","","","","","","","","","","","","","","","","","","","","","stl_vector.h:1208","tof_fork_g","","","","","","","","","","","","","","","","","","","","","","","","","","","","","","","","","","","","","","","","","","","","","","","","","","","","","","","","","","","","","","","","","","","","","","","","",""
"std::copy<__gnu_cxx::__normal_iterator<yggdrasil_decision_forests::model::decision_tree::internal::AttributeAndWeight const*, std::vector<yggdrasil_decision_forests::model::decision_tree::internal::AttributeAndWeight, std::allocator<yggdrasil_decision_forests::model::decision_tree::internal::AttributeAndWeight>>>, __gnu_cxx::__normal_iterator<yggdrasil_decision_forests::model::decision_tree::internal::AttributeAndWeight*, std::vector<yggdrasil_decision_forests::model::decision_tree::internal::AttributeAndWeight, std::allocator<yggdrasil_decision_forests::model::decision_tree::internal::AttributeAndWeight>>>>","0.000623147","0.020s","0","0s","0.020s","0s","Inlined Function","","3","340","","","","","","","","","","","","","","","","","","","","","","","","","","","","","","","","","","","","stl_algobase.h:633","tof_fork_g","","","","","","","","","","","","","","","","","","","","","","","","","","","","","","","","","","","","","","","","","","","","","","","","","","","","","","","","","","","","","","","","","","","","","","","","",""
"std::__copy_move_a<(bool)0, __gnu_cxx::__normal_iterator<yggdrasil_decision_forests::model::decision_tree::internal::AttributeAndWeight const*, std::vector<yggdrasil_decision_forests::model::decision_tree::internal::AttributeAndWeight, std::allocator<yggdrasil_decision_forests::model::decision_tree::internal::AttributeAndWeight>>>, __gnu_cxx::__normal_iterator<yggdrasil_decision_forests::model::decision_tree::internal::AttributeAndWeight*, std::vector<yggdrasil_decision_forests::model::decision_tree::internal::AttributeAndWeight, std::allocator<yggdrasil_decision_forests::model::decision_tree::internal::AttributeAndWeight>>>>","0.000623147","0.020s","0","0s","0.020s","0s","Inlined Function","","4","339","","","","","","","","","","","","","","","","","","","","","","","","","","","","","","","","","","","","stl_algobase.h:498","tof_fork_g","","","","","","","","","","","","","","","","","","","","","","","","","","","","","","","","","","","","","","","","","","","","","","","","","","","","","","","","","","","","","","","","","","","","","","","","",""
"std::__copy_move_a1<(bool)0, yggdrasil_decision_forests::model::decision_tree::internal::AttributeAndWeight const*, yggdrasil_decision_forests::model::decision_tree::internal::AttributeAndWeight*>","0.000623147","0.020s","0","0s","0.020s","0s","Inlined Function","","5","338","","","","","","","","","","","","","","","","","","","","","","","","","","","","","","","","","","","","stl_algobase.h:491","tof_fork_g","","","","","","","","","","","","","","","","","","","","","","","","","","","","","","","","","","","","","","","","","","","","","","","","","","","","","","","","","","","","","","","","","","","","","","","","",""
"std::__copy_move_a2<(bool)0, yggdrasil_decision_forests::model::decision_tree::internal::AttributeAndWeight const*, yggdrasil_decision_forests::model::decision_tree::internal::AttributeAndWeight const*, yggdrasil_decision_forests::model::decision_tree::internal::AttributeAndWeight*>","0.000623147","0.020s","0","0s","0.020s","0s","Inlined Function","","6","337","","","","","","","","","","","","","","","","","","","","","","","","","","","","","","","","","","","","stl_algobase.h:413","tof_fork_g","","","","","","","","","","","","","","","","","","","","","","","","","","","","","","","","","","","","","","","","","","","","","","","","","","","","","","","","","","","","","","","","","","","","","","","","",""
"std::__assign_one<(bool)0, yggdrasil_decision_forests::model::decision_tree::internal::AttributeAndWeight*, yggdrasil_decision_forests::model::decision_tree::internal::AttributeAndWeight const*>","0.000623147","0.020s","0.000623122","0.020s","0.020s","0.020s","Inlined Function","","7","402","","","","","","","","","","","","","","","","","","","","","","","","","","","","","","","","","","","","stl_algobase.h:400","tof_fork_g","","","","","","","","","","","","","","","","","","","","","","","","","","","","","","","","","","","","","","","","","","","","","","","","","","","","","","","","","","","","","","","","","","","","","","","","",""
"yggdrasil_decision_forests::model::decision_tree::proto::Condition::clear_type","0.00249259","0.080s","0.00062314","0.020s","0.020s","0.020s","Function","","2","291","","","","","","","","","","","","","","","","","","","","","","","","","","","","","","","","","","","","decision_tree.pb.cc:4956","tof_fork_g","","","","","","","","","","","","","","","","","","","","","","","","","","","","","","","","","","","","","","","","","","","","","","","","","","","","","","","","","","","","","","","","","","","","","","","","",""
"google::protobuf::MessageLite::GetArena","0.00124629","0.040s","0","0s","0.020s","0s","Inlined Function","","3","294","","","","","","","","","","","","","","","","","","","","","","","","","","","","","","","","","","","","message_lite.h:552","tof_fork_g","","","","","","","","","","","","","","","","","","","","","","","","","","","","","","","","","","","","","","","","","","","","","","","","","","","","","","","","","","","","","","","","","","","","","","","","",""
"google::protobuf::internal::InternalMetadata::arena","0.00124629","0.040s","0","0s","0.020s","0s","Inlined Function","","4","293","","","","","","","","","","","","","","","","","","","","","","","","","","","","","","","","","","","","metadata_lite.h:66","tof_fork_g","","","","","","","","","","","","","","","","","","","","","","","","","","","","","","","","","","","","","","","","","","","","","","","","","","","","","","","","","","","","","","","","","","","","","","","","",""
"google::protobuf::internal::InternalMetadata::have_unknown_fields","0.00124629","0.040s","0","0s","0.020s","0s","Inlined Function","","5","292","","","","","","","","","","","","","","","","","","","","","","","","","","","","","","","","","","","","metadata_lite.h:74","tof_fork_g","","","","","","","","","","","","","","","","","","","","","","","","","","","","","","","","","","","","","","","","","","","","","","","","","","","","","","","","","","","","","","","","","","","","","","","","",""
"google::protobuf::internal::InternalMetadata::HasUnknownFieldsTag","0.00124629","0.040s","0.00124646","0.040s","0.020s","0.020s","Inlined Function","","6","290","","","","","","","","","","","","","","","","","","","","","","","","","","","","","","","","","","","","metadata_lite.h:142","tof_fork_g","","","","","","","","","","","","","","","","","","","","","","","","","","","","","","","","","","","","","","","","","","","","","","","","","","","","","","","","","","","","","","","","","","","","","","","","",""
"yggdrasil_decision_forests::model::decision_tree::proto::Condition::type_case","0.000623147","0.020s","0.000623147","0.020s","0.020s","0.020s","Inlined Function","","3","334","","","","","","","","","","","","","","","","","","","","","","","","","","","","","","","","","","","","decision_tree.pb.h:6337","tof_fork_g","","","","","","","","","","","","","","","","","","","","","","","","","","","","","","","","","","","","","","","","","","","","","","","","","","","","","","","","","","","","","","","","","","","","","","","","",""
"hwy::GetChosenTarget","0.00249259","0.080s","0.00249263","0.080s","0.020s","0.020s","Function","","2","284","","","","","","","","","","","","","","","","","","","","","","","","","","","","","","","","","","","","targets.cc:812","tof_fork_g","","","","","","","","","","","","","","","","","","","","","","","","","","","","","","","","","","","","","","","","","","","","","","","","","","","","","","","","","","","","","","","","","","","","","","","","",""
"func@0xba3b0","0.00249259","0.080s","0.00249253","0.080s","0.020s","0.020s","Function","","2","25","","","","","","","","","","","","","","","","","","","","","","","","","","","","","","","","","","","","","libc.so.6","","","","","","","","","","","","","","","","","","","","","","","","","","","","","","","","","","","","","","","","","","","","","","","","","","","","","","","","","","","","","","","","","","","","","","","","",""
"absl::lts_20250814::Status::~Status","0.00186944","0.060s","0.000623231","0.020s","0.020s","0.020s","Function","","2","330","","","","","","","","","","","","","","","","","","","","","","","","","","","","","","","","","","","","status.h:814","tof_fork_g","","","","","","","","","","","","","","","","","","","","","","","","","","","","","","","","","","","","","","","","","","","","","","","","","","","","","","","","","","","","","","","","","","","","","","","","",""
"absl::lts_20250814::Status::Unref","0.00124629","0.040s","0.00124647","0.040s","0.020s","0.020s","Inlined Function","","3","331","","","","","","","","","","","","","","","","","","","","","","","","","","","","","","","","","","","","status.h:920","tof_fork_g","","","","","","","","","","","","","","","","","","","","","","","","","","","","","","","","","","","","","","","","","","","","","","","","","","","","","","","","","","","","","","","","","","","","","","","","",""
"__mprotect","0.00186944","0.060s","0.00186952","0.060s","0.020s","0.020s","Function","","2","22","","","","","","","","","","","","","","","","","","","","","","","","","","","","","","","","","","","","","libc.so.6","","","","","","","","","","","","","","","","","","","","","","","","","","","","","","","","","","","","","","","","","","","","","","","","","","","","","","","","","","","","","","","","","","","","","","","","",""
"yggdrasil_decision_forests::model::decision_tree::proto::DecisionTreeTrainingConfig_SparseObliqueSplit_BinaryWeights::~DecisionTreeTrainingConfig_SparseObliqueSplit_BinaryWeights","0.00186944","0.060s","0.00186947","0.060s","0.020s","0.020s","Function","","2","311","","","","","","","","","","","","","","","","","","","","","","","","","","","","","","","","","","","","decision_tree.pb.h:2022","tof_fork_g","","","","","","","","","","","","","","","","","","","","","","","","","","","","","","","","","","","","","","","","","","","","","","","","","","","","","","","","","","","","","","","","","","","","","","","","",""
"func@0xa8540","0.00186944","0.060s","0.00186943","0.060s","0.020s","0.020s","Function","","2","15","","","","","","","","","","","","","","","","","","","","","","","","","","","","","","","","","","","","","libstdc++.so.6","","","","","","","","","","","","","","","","","","","","","","","","","","","","","","","","","","","","","","","","","","","","","","","","","","","","","","","","","","","","","","","","","","","","","","","","",""
"yggdrasil_decision_forests::model::decision_tree::FindBestConditionOblique","0.00186944","0.060s","0.00186941","0.060s","0.020s","0.020s","Function","","2","114","","","","","","","","","","","","","","","","","","","","","","","","","","","","","","","","","","","","oblique.cc","tof_fork_g","","","","","","","","","","","","","","","","","","","","","","","","","","","","","","","","","","","","","","","","","","","","","","","","","","","","","","","","","","","","","","","","","","","","","","","","",""
"yggdrasil_decision_forests::model::decision_tree::proto::Categorical::~Categorical","0.00186944","0.060s","0","0s","0.020s","0s","Function","","2","236","","","","","","","","","","","","","","","","","","","","","","","","","","","","","","","","","","","","decision_tree.pb.cc:6542","tof_fork_g","","","","","","","","","","","","","","","","","","","","","","","","","","","","","","","","","","","","","","","","","","","","","","","","","","","","","","","","","","","","","","","","","","","","","","","","",""
"yggdrasil_decision_forests::model::decision_tree::proto::Categorical::SharedDtor","0.00186944","0.060s","0","0s","0.020s","0s","Inlined Function","","3","238","","","","","","","","","","","","","","","","","","","","","","","","","","","","","","","","","","","","decision_tree.pb.cc:6546","tof_fork_g","","","","","","","","","","","","","","","","","","","","","","","","","","","","","","","","","","","","","","","","","","","","","","","","","","","","","","","","","","","","","","","","","","","","","","","","",""
"yggdrasil_decision_forests::model::decision_tree::proto::Categorical::clear_algorithm","0.00124629","0.040s","0.00124623","0.040s","0.020s","0.020s","Inlined Function","","4","430","","","","","","","","","","","","","","","","","","","","","","","","","","","","","","","","","","","","decision_tree.pb.cc:6556","tof_fork_g","","","","","","","","","","","","","","","","","","","","","","","","","","","","","","","","","","","","","","","","","","","","","","","","","","","","","","","","","","","","","","","","","","","","","","","","",""
"google::protobuf::internal::InternalMetadata::Delete<google::protobuf::UnknownFieldSet>","0.000623147","0.020s","0.000623134","0.020s","0.020s","0.020s","Inlined Function","","4","260","","","","","","","","","","","","","","","","","","","","","","","","","","","","","","","","","","","","metadata_lite.h:59","tof_fork_g","","","","","","","","","","","","","","","","","","","","","","","","","","","","","","","","","","","","","","","","","","","","","","","","","","","","","","","","","","","","","","","","","","","","","","","","",""
"yggdrasil_decision_forests::model::decision_tree::proto::DecisionTreeTrainingConfig_SparseObliqueSplit::~DecisionTreeTrainingConfig_SparseObliqueSplit","0.00186944","0.060s","0.00124623","0.040s","0.040s","0.040s","Function","","2","307","","","","","","","","","","","","","","","","","","","","","","","","","","","","","","","","","","","","decision_tree.pb.cc:2172","tof_fork_g","","","","","","","","","","","","","","","","","","","","","","","","","","","","","","","","","","","","","","","","","","","","","","","","","","","","","","","","","","","","","","","","","","","","","","","","",""
"yggdrasil_decision_forests::model::decision_tree::proto::DecisionTreeTrainingConfig_SparseObliqueSplit::~DecisionTreeTrainingConfig_SparseObliqueSplit","0.000623147","0.020s","0","0s","0.020s","0s","Inlined Function","","3","308","","","","","","","","","","","","","","","","","","","","","","","","","","","","","","","","","","","","decision_tree.pb.cc:2172","tof_fork_g","","","","","","","","","","","","","","","","","","","","","","","","","","","","","","","","","","","","","","","","","","","","","","","","","","","","","","","","","","","","","","","","","","","","","","","","",""
"yggdrasil_decision_forests::model::decision_tree::proto::DecisionTreeTrainingConfig_SparseObliqueSplit::SharedDtor","0.000623147","0.020s","0.0006231","0.020s","0.020s","0.020s","Inlined Function","","4","306","","","","","","","","","","","","","","","","","","","","","","","","","","","","","","","","","","","","decision_tree.pb.cc:2176","tof_fork_g","","","","","","","","","","","","","","","","","","","","","","","","","","","","","","","","","","","","","","","","","","","","","","","","","","","","","","","","","","","","","","","","","","","","","","","","",""
"yggdrasil_decision_forests::model::decision_tree::proto::DecisionTreeTrainingConfig::DecisionTreeTrainingConfig","0.00186944","0.060s","0.000623168","0.020s","0.020s","0.020s","Function","","2","196","","","","","","","","","","","","","","","","","","","","","","","","","","","","Int32","128","AVX","","","","","","decision_tree.pb.cc:4230","tof_fork_g","","","","","","","","","","","","","","","","","","","","","","","","","","","","","","","","","","","","","","","","","","","","","","","","","","","","","","","","","","","","","","","","","","","","","","","","",""
"google::protobuf::internal::InternalMetadata::MergeFrom<google::protobuf::UnknownFieldSet>","0.00124629","0.040s","0","0s","0.020s","0s","Inlined Function","","3","289","","","","","","","","","","","","","","","","","","","","","","","","","","","","","","","","","","","","metadata_lite.h:120","tof_fork_g","","","","","","","","","","","","","","","","","","","","","","","","","","","","","","","","","","","","","","","","","","","","","","","","","","","","","","","","","","","","","","","","","","","","","","","","",""
"google::protobuf::internal::InternalMetadata::have_unknown_fields","0.00124629","0.040s","0","0s","0.020s","0s","Inlined Function","","4","288","","","","","","","","","","","","","","","","","","","","","","","","","","","","","","","","","","","","metadata_lite.h:74","tof_fork_g","","","","","","","","","","","","","","","","","","","","","","","","","","","","","","","","","","","","","","","","","","","","","","","","","","","","","","","","","","","","","","","","","","","","","","","","",""
"google::protobuf::internal::InternalMetadata::HasUnknownFieldsTag","0.00124629","0.040s","0.00124616","0.040s","0.020s","0.020s","Inlined Function","","5","287","","","","","","","","","","","","","","","","","","","","","","","","","","","","","","","","","","","","metadata_lite.h:142","tof_fork_g","","","","","","","","","","","","","","","","","","","","","","","","","","","","","","","","","","","","","","","","","","","","","","","","","","","","","","","","","","","","","","","","","","","","","","","","",""
"_intel_fast_memset","0.00124629","0.040s","0.00124653","0.040s","0.020s","0.020s","Function","","2","188","","","","","","","","","","","","","","","","","","","","","","","","","","","","","","","","","","","","","tof_fork_g","","","","","","","","","","","","","","","","","","","","","","","","","","","","","","","","","","","","","","","","","","","","","","","","","","","","","","","","","","","","","","","","","","","","","","","","",""
"yggdrasil_decision_forests::model::decision_tree::proto::DecisionTreeTrainingConfig_SparseObliqueSplit_BinaryWeights::GetClassData","0.00124629","0.040s","0.00124637","0.040s","0.020s","0.020s","Function","","2","391","","","","","","","","","","","","","","","","","","","","","","","","","","","","","","","","","","","","decision_tree.pb.cc:1354","tof_fork_g","","","","","","","","","","","","","","","","","","","","","","","","","","","","","","","","","","","","","","","","","","","","","","","","","","","","","","","","","","","","","","","","","","","","","","","","",""
"yggdrasil_decision_forests::model::decision_tree::MonotonicConstraintSign","0.00124629","0.040s","0.00124632","0.040s","0.020s","0.020s","Function","","2","355","","","","","","","","","","","","","","","","","","","","","","","","","","","","","","","","","","","","repeated_ptr_field.h","tof_fork_g","","","","","","","","","","","","","","","","","","","","","","","","","","","","","","","","","","","","","","","","","","","","","","","","","","","","","","","","","","","","","","","","","","","","","","","","",""
"operator delete","0.00124629","0.040s","0.00124632","0.040s","0.020s","0.020s","Function","","2","14","","","","","","","","","","","","","","","","","","","","","","","","","","","","","","","","","","","","","libstdc++.so.6","","","","","","","","","","","","","","","","","","","","","","","","","","","","","","","","","","","","","","","","","","","","","","","","","","","","","","","","","","","","","","","","","","","","","","","","",""
"google::protobuf::MessageLite::CopyConstruct","0.00124629","0.040s","0.00124631","0.040s","0.020s","0.020s","Function","","2","239","","","","","","","","","","","","","","","","","","","","","","","","","","","","","","","","","","","","message_lite.cc:53","tof_fork_g","","","","","","","","","","","","","","","","","","","","","","","","","","","","","","","","","","","","","","","","","","","","","","","","","","","","","","","","","","","","","","","","","","","","","","","","",""
"google::protobuf::internal::ClassData::New","0.00124629","0.040s","0.00062315","0.020s","0.020s","0.020s","Function","","2","264","","","","","","","","","","","","","","","","","","","","","","","","","","","","Int32","128/256","AVX","","","","","","message_lite.h:431","tof_fork_g","","","","","","","","","","","","","","","","","","","","","","","","","","","","","","","","","","","","","","","","","","","","","","","","","","","","","","","","","","","","","","","","","","","","","","","","",""
"google::protobuf::internal::MessageCreator::New<google::protobuf::MessageLite>","0.000623147","0.020s","0","0s","0.020s","0s","Inlined Function","","3","263","","","","","","","","","","","","","","","","","","","","","","","","","","","","Int32","128/256","AVX","","","","","","message_lite.h:1345","tof_fork_g","","","","","","","","","","","","","","","","","","","","","","","","","","","","","","","","","","","","","","","","","","","","","","","","","","","","","","","","","","","","","","","","","","","","","","","","",""
"google::protobuf::internal::MessageCreator::PlacementNew<google::protobuf::MessageLite>","0.000623147","0.020s","0.00062315","0.020s","0.020s","0.020s","Inlined Function","","4","298","","","","","","","","","","","","","","","","","","","","","","","","","","","","Int32","128/256","AVX","","","","","","message_lite.h:1248","tof_fork_g","","","","","","","","","","","","","","","","","","","","","","","","","","","","","","","","","","","","","","","","","","","","","","","","","","","","","","","","","","","","","","","","","","","","","","","","",""
"yggdrasil_decision_forests::utils::IntegerDistribution<double>::Save<yggdrasil_decision_forests::utils::proto::IntegerDistributionDouble>","0.00124629","0.040s","0","0s","0.020s","0s","Function","","2","278","","","","","","","","","","","","","","","","","","","","","","","","","","","","Int32","256","AVX","","","","","","distribution.h:751","tof_fork_g","","","","","","","","","","","","","","","","","","","","","","","","","","","","","","","","","","","","","","","","","","","","","","","","","","","","","","","","","","","","","","","","","","","","","","","","",""
"google::protobuf::RepeatedField<double>::Resize","0.000623147","0.020s","0","0s","0.020s","0s","Inlined Function","","3","277","","","","","","","","","","","","","","","","","","","","","","","","","","","","","","","","","","","","repeated_field.h:785","tof_fork_g","","","","","","","","","","","","","","","","","","","","","","","","","","","","","","","","","","","","","","","","","","","","","","","","","","","","","","","","","","","","","","","","","","","","","","","","",""
"google::protobuf::RepeatedField<double>::size","0.000623147","0.020s","0","0s","0.020s","0s","Inlined Function","","4","432","","","","","","","","","","","","","","","","","","","","","","","","","","","","","","","","","","","","repeated_field.h:478","tof_fork_g","","","","","","","","","","","","","","","","","","","","","","","","","","","","","","","","","","","","","","","","","","","","","","","","","","","","","","","","","","","","","","","","","","","","","","","","",""
"google::protobuf::internal::SooRep::size","0.000623147","0.020s","0.00062314","0.020s","0.020s","0.020s","Inlined Function","","5","431","","","","","","","","","","","","","","","","","","","","","","","","","","","","","","","","","","","","repeated_field.h:197","tof_fork_g","","","","","","","","","","","","","","","","","","","","","","","","","","","","","","","","","","","","","","","","","","","","","","","","","","","","","","","","","","","","","","","","","","","","","","","","",""
"[loop in yggdrasil_decision_forests::utils::IntegerDistribution<double>::Save<yggdrasil_decision_forests::utils::proto::IntegerDistributionDouble> at distribution.h:754]","0.000623147","0.020s","0.000623128","0.020s","0.020s","0.020s","Scalar","0","3","351","","","","","","","","","","","","","","","","","","","","","","","","","","","","Int64","","","","","","","","distribution.h:754","tof_fork_g","","","","","","","","","","","","","","","","","","","","","","","","","","","","","","","","","","","","","","","","","","","","","","","","","","","","","","","","","","","","","","","","","","","","","","","","",""
"yggdrasil_decision_forests::model::decision_tree::internal::SplitExamplesInPlace","0.00124629","0.040s","0.00124626","0.040s","0.020s","0.020s","Function","","2","166","","","","","","","","","","","","","","","","","","","","","","","","","","","","Int32","256","AVX","","","","","","training.cc","tof_fork_g","","","","","","","","","","","","","","","","","","","","","","","","","","","","","","","","","","","","","","","","","","","","","","","","","","","","","","","","","","","","","","","","","","","","","","","","",""
"yggdrasil_decision_forests::dataset::VerticalDataset::ColumnWithCastWithStatus<yggdrasil_decision_forests::dataset::VerticalDataset::NumericalColumn>","0.00124629","0.040s","0.00124624","0.040s","0.020s","0.020s","Function","","2","396","","","","","","","","","","","","","","","","","","","","","","","","","","","","Int32","128","AVX","","","","","","vertical_dataset.h:1093","tof_fork_g","","","","","","","","","","","","","","","","","","","","","","","","","","","","","","","","","","","","","","","","","","","","","","","","","","","","","","","","","","","","","","","","","","","","","","","","",""
"yggdrasil_decision_forests::model::decision_tree::proto::Categorical_CART::~Categorical_CART","0.00124629","0.040s","0.00124622","0.040s","0.020s","0.020s","Function","","2","415","","","","","","","","","","","","","","","","","","","","","","","","","","","","","","","","","","","","decision_tree.pb.h:3631","tof_fork_g","","","","","","","","","","","","","","","","","","","","","","","","","","","","","","","","","","","","","","","","","","","","","","","","","","","","","","","","","","","","","","","","","","","","","","","","",""
"hwy::N_AVX3_SPR::detail::Sort2To2<hwy::N_AVX3_SPR::detail::SharedTraits<hwy::N_AVX3_SPR::detail::TraitsLane<hwy::N_AVX3_SPR::detail::OrderAscending<unsigned long>>>, unsigned long>","0.00124629","0.040s","0.0012462","0.040s","0.020s","0.020s","Function","","2","303","","","","","","","","","","","","","","","","","","","","","","","","","","","Unpacks","UInt16; ","128","AVX; AVX512F_128","","","","","","vqsort-inl.h:246","tof_fork_g","","","","","","","","","","","","","","","","","","","","","","","","","","","","","","","","","","","","","","","","","","","","","","","","","","","","","","","","","","","","","","","","","","","","","","","","",""
"func@0x771000","0.000623147","0.020s","0.000624318","0.020s","0.020s","0.020s","Function","","2","39","","","","","","","","","","","","","","","","","","","","","","","","","","","","","","","","","","","","","libtpsstool.so","","","","","","","","","","","","","","","","","","","","","","","","","","","","","","","","","","","","","","","","","","","","","","","","","","","","","","","","","","","","","","","","","","","","","","","","",""
"yggdrasil_decision_forests::model::decision_tree::proto::DecisionTreeTrainingConfig_SparseObliqueSplit::GetClassData","0.000623147","0.020s","0.000623439","0.020s","0.020s","0.020s","Function","","2","435","","","","","","","","","","","","","","","","","","","","","","","","","","","","","","","","","","","","decision_tree.pb.cc:2267","tof_fork_g","","","","","","","","","","","","","","","","","","","","","","","","","","","","","","","","","","","","","","","","","","","","","","","","","","","","","","","","","","","","","","","","","","","","","","","","",""
"yggdrasil_decision_forests::model::decision_tree::proto::DecisionTreeTrainingConfig::clear_growing_strategy","0.000623147","0.020s","0.000623215","0.020s","0.020s","0.020s","Function","","2","412","","","","","","","","","","","","","","","","","","","","","","","","","","","","","","","","","","","","decision_tree.pb.cc:4377","tof_fork_g","","","","","","","","","","","","","","","","","","","","","","","","","","","","","","","","","","","","","","","","","","","","","","","","","","","","","","","","","","","","","","","","","","","","","","","","",""
"yggdrasil_decision_forests::model::decision_tree::proto::DecisionTreeTrainingConfig_SparseObliqueSplit::clear_weights","0.000623147","0.020s","0.000623209","0.020s","0.020s","0.020s","Function","","2","318","","","","","","","","","","","","","","","","","","","","","","","","","","","","","","","","","","","","decision_tree.pb.cc:2186","tof_fork_g","","","","","","","","","","","","","","","","","","","","","","","","","","","","","","","","","","","","","","","","","","","","","","","","","","","","","","","","","","","","","","","","","","","","","","","","",""
"yggdrasil_decision_forests::model::decision_tree::proto::NodeCondition::NodeCondition","0.000623147","0.020s","0","0s","0.020s","0s","Function","","2","456","","","","","","","","","","","","","","","","","","","","","","","","","","","","Int32","256","AVX","","","","","","decision_tree.pb.cc:5413","tof_fork_g","","","","","","","","","","","","","","","","","","","","","","","","","","","","","","","","","","","","","","","","","","","","","","","","","","","","","","","","","","","","","","","","","","","","","","","","",""
"yggdrasil_decision_forests::model::decision_tree::proto::NodeCondition::SharedCtor","0.000623147","0.020s","0","0s","0.020s","0s","Inlined Function","","3","462","","","","","","","","","","","","","","","","","","","","","","","","","","","","Int32","256","AVX","","","","","","decision_tree.pb.cc:5461","tof_fork_g","","","","","","","","","","","","","","","","","","","","","","","","","","","","","","","","","","","","","","","","","","","","","","","","","","","","","","","","","","","","","","","","","","","","","","","","",""
"memset","0.000623147","0.020s","0.000623193","0.020s","0.020s","0.020s","Inlined Function","","4","461","","","","","","","","","","","","","","","","","","","","","","","","","","","","Int32","256","AVX","","","","","","string_fortified.h:57","tof_fork_g","","","","","","","","","","","","","","","","","","","","","","","","","","","","","","","","","","","","","","","","","","","","","","","","","","","","","","","","","","","","","","","","","","","","","","","","",""
"func@0xb9780","0.000623147","0.020s","0.000623184","0.020s","0.020s","0.020s","Function","","2","21","","","","","","","","","","","","","","","","","","","","","","","","","","","Unpacks","UInt16; ","128","AVX","","","","","","","libc.so.6","","","","","","","","","","","","","","","","","","","","","","","","","","","","","","","","","","","","","","","","","","","","","","","","","","","","","","","","","","","","","","","","","","","","","","","","",""
"func@0xa8da0","0.000623147","0.020s","0.000623181","0.020s","0.020s","0.020s","Function","","2","13","","","","","","","","","","","","","","","","","","","","","","","","","","","","","","","","","","","","","libstdc++.so.6","","","","","","","","","","","","","","","","","","","","","","","","","","","","","","","","","","","","","","","","","","","","","","","","","","","","","","","","","","","","","","","","","","","","","","","","",""
"std::_Function_handler<absl::lts_20250814::Status (yggdrasil_decision_forests::dataset::VerticalDataset const&, absl::lts_20250814::Span<unsigned int const>, std::vector<float, std::allocator<float>> const&, yggdrasil_decision_forests::model::proto::TrainingConfig const&, yggdrasil_decision_forests::model::proto::TrainingConfigLinking const&, yggdrasil_decision_forests::model::decision_tree::NodeWithChildren*), absl::lts_20250814::Status (yggdrasil_decision_forests::dataset::VerticalDataset const&, absl::lts_20250814::Span<unsigned int const>, std::vector<float, std::allocator<float>> const&, yggdrasil_decision_forests::model::proto::TrainingConfig const&, yggdrasil_decision_forests::model::proto::TrainingConfigLinking const&, yggdrasil_decision_forests::model::decision_tree::NodeWithChildren*)*>::_M_invoke","0.000623147","0.020s","0.000623171","0.020s","0.020s","0.020s","Function","","2","147","","","","","","","","","","","","","","","","","","","","","","","","","","","","","","","","","","","","std_function.h:290","tof_fork_g","","","","","","","","","","","","","","","","","","","","","","","","","","","","","","","","","","","","","","","","","","","","","","","","","","","","","","","","","","","","","","","","","","","","","","","","",""
"google::protobuf::Arena::CopyConstruct<yggdrasil_decision_forests::model::decision_tree::proto::GrowingStrategyLocalBest>","0.000623147","0.020s","0","0s","0.020s","0s","Function","","2","373","","","","","","","","","","","","","","","","","","","","","","","","","","","","","","","","","","","","arena.h:654","tof_fork_g","","","","","","","","","","","","","","","","","","","","","","","","","","","","","","","","","","","","","","","","","","","","","","","","","","","","","","","","","","","","","","","","","","","","","","","","",""
"yggdrasil_decision_forests::model::decision_tree::proto::GrowingStrategyLocalBest::GrowingStrategyLocalBest","0.000623147","0.020s","0","0s","0.020s","0s","Inlined Function","","3","377","","","","","","","","","","","","","","","","","","","","","","","","","","","","","","","","","","","","decision_tree.pb.cc:6887","tof_fork_g","","","","","","","","","","","","","","","","","","","","","","","","","","","","","","","","","","","","","","","","","","","","","","","","","","","","","","","","","","","","","","","","","","","","","","","","",""
"google::protobuf::internal::InternalMetadata::MergeFrom<google::protobuf::UnknownFieldSet>","0.000623147","0.020s","0","0s","0.020s","0s","Inlined Function","","4","376","","","","","","","","","","","","","","","","","","","","","","","","","","","","","","","","","","","","metadata_lite.h:120","tof_fork_g","","","","","","","","","","","","","","","","","","","","","","","","","","","","","","","","","","","","","","","","","","","","","","","","","","","","","","","","","","","","","","","","","","","","","","","","",""
"google::protobuf::internal::InternalMetadata::have_unknown_fields","0.000623147","0.020s","0","0s","0.020s","0s","Inlined Function","","5","375","","","","","","","","","","","","","","","","","","","","","","","","","","","","","","","","","","","","metadata_lite.h:74","tof_fork_g","","","","","","","","","","","","","","","","","","","","","","","","","","","","","","","","","","","","","","","","","","","","","","","","","","","","","","","","","","","","","","","","","","","","","","","","",""
"google::protobuf::internal::InternalMetadata::HasUnknownFieldsTag","0.000623147","0.020s","0.000623171","0.020s","0.020s","0.020s","Inlined Function","","6","374","","","","","","","","","","","","","","","","","","","","","","","","","","","","","","","","","","","","metadata_lite.h:142","tof_fork_g","","","","","","","","","","","","","","","","","","","","","","","","","","","","","","","","","","","","","","","","","","","","","","","","","","","","","","","","","","","","","","","","","","","","","","","","",""
"__svml_log4","0.000623147","0.020s","0.000623156","0.020s","0.020s","0.020s","Vector Function","","2","194","","","4","","","","","","","","","","","","","","","","","","","","","","","","","","","","","","","","","","tof_fork_g","","","","","","","","","","","","","","","","","","","","","","","","","","","","","","","","","","","","","","","","","","","","","","","","","","","","","","","","","","","","","","","","","","","","","","","","",""
"yggdrasil_decision_forests::model::decision_tree::proto::Condition_Higher::~Condition_Higher","0.000623147","0.020s","0.000623153","0.020s","0.020s","0.020s","Function","","2","354","","","","","","","","","","","","","","","","","","","","","","","","","","","","","","","","","","","","decision_tree.pb.cc:2322","tof_fork_g","","","","","","","","","","","","","","","","","","","","","","","","","","","","","","","","","","","","","","","","","","","","","","","","","","","","","","","","","","","","","","","","","","","","","","","","",""
"google::protobuf::Arena::CopyConstruct<yggdrasil_decision_forests::model::decision_tree::proto::NumericalSplit>","0.000623147","0.020s","0","0s","0.020s","0s","Function","","2","197","","","","","","","","","","","","","","","","","","","","","","","","","","","","Int32","128","AVX","","","","","","arena.h:654","tof_fork_g","","","","","","","","","","","","","","","","","","","","","","","","","","","","","","","","","","","","","","","","","","","","","","","","","","","","","","","","","","","","","","","","","","","","","","","","",""
"yggdrasil_decision_forests::model::decision_tree::proto::NumericalSplit::NumericalSplit","0.000623147","0.020s","0","0s","0.020s","0s","Inlined Function","","3","443","","","","","","","","","","","","","","","","","","","","","","","","","","","","Int32","128","AVX","","","","","","decision_tree.pb.cc:5262","tof_fork_g","","","","","","","","","","","","","","","","","","","","","","","","","","","","","","","","","","","","","","","","","","","","","","","","","","","","","","","","","","","","","","","","","","","","","","","","",""
"google::protobuf::internal::InternalMetadata::MergeFrom<google::protobuf::UnknownFieldSet>","0.000623147","0.020s","0","0s","0.020s","0s","Inlined Function","","4","442","","","","","","","","","","","","","","","","","","","","","","","","","","","","","","","","","","","","metadata_lite.h:120","tof_fork_g","","","","","","","","","","","","","","","","","","","","","","","","","","","","","","","","","","","","","","","","","","","","","","","","","","","","","","","","","","","","","","","","","","","","","","","","",""
"google::protobuf::internal::InternalMetadata::have_unknown_fields","0.000623147","0.020s","0","0s","0.020s","0s","Inlined Function","","5","441","","","","","","","","","","","","","","","","","","","","","","","","","","","","","","","","","","","","metadata_lite.h:74","tof_fork_g","","","","","","","","","","","","","","","","","","","","","","","","","","","","","","","","","","","","","","","","","","","","","","","","","","","","","","","","","","","","","","","","","","","","","","","","",""
"google::protobuf::internal::InternalMetadata::HasUnknownFieldsTag","0.000623147","0.020s","0.000623153","0.020s","0.020s","0.020s","Inlined Function","","6","440","","","","","","","","","","","","","","","","","","","","","","","","","","","","","","","","","","","","metadata_lite.h:142","tof_fork_g","","","","","","","","","","","","","","","","","","","","","","","","","","","","","","","","","","","","","","","","","","","","","","","","","","","","","","","","","","","","","","","","","","","","","","","","",""
"google::protobuf::internal::ZeroFieldsBase::~ZeroFieldsBase","0.000623147","0.020s","0.00062314","0.020s","0.020s","0.020s","Function","","2","434","","","","","","","","","","","","","","","","","","","","","","","","","","","","","","","","","","","","generated_message_bases.cc:37","tof_fork_g","","","","","","","","","","","","","","","","","","","","","","","","","","","","","","","","","","","","","","","","","","","","","","","","","","","","","","","","","","","","","","","","","","","","","","","","",""
"yggdrasil_decision_forests::model::decision_tree::proto::Categorical::Categorical","0.000623147","0.020s","0.000623106","0.020s","0.020s","0.020s","Function","","2","347","","","","","","","","","","","","","","","","","","","","","","","","","","","","","","","","","","","","decision_tree.pb.cc:6501","tof_fork_g","","","","","","","","","","","","","","","","","","","","","","","","","","","","","","","","","","","","","","","","","","","","","","","","","","","","","","","","","","","","","","","","","","","","","","","","",""
"google::protobuf::Arena::DefaultConstruct<yggdrasil_decision_forests::model::decision_tree::proto::Condition>","0.000623147","0.020s","0.0006231","0.020s","0.020s","0.020s","Function","","2","371","","","","","","","","","","","","","","","","","","","","","","","","","","","","","","","","","","","","arena.h:646","tof_fork_g","","","","","","","","","","","","","","","","","","","","","","","","","","","","","","","","","","","","","","","","","","","","","","","","","","","","","","","","","","","","","","","","","","","","","","","","",""
"func@0x1bc2c0","0.000623147","0.020s","0.000623062","0.020s","0.020s","0.020s","Function","","2","37","","","","","","","","","","","","","","","","","","","","","","","","","","","NT-stores","UInt16; ; ","128/256/512","AVX; AVX512F_256; AVX512F_512","","","","","","","libc.so.6","","","","","","","","","","","","","","","","","","","","","","","","","","","","","","","","","","","","","","","","","","","","","","","","","","","","","","","","","","","","","","","","","","","","","","","","",""

