sep=,

"Intel(R) Advisor Command Line Tool
Copyright (C) 2009-2025 Intel Corporation. All rights reserved."
"Survey Data version=1.1.0","delimiter=,"

"ID","Function Call Sites and Loops","Loop Annotation","Performance Issues","Total Time Percent","Total Time","Self Time Percent","Self Time","Total Elapsed Time","Self Elapsed Time","Type","Loop Height","Max Depth","Parent ID","Loop Function ID","Why No Vectorization","Vector ISA","Gain Estimate","Vector Length","Compiler Estimated Gain","Self GFLOPS","Self AI","FP Mask Utilization","Self GINTOPS","Self INT AI","Int Mask Utilization","Self Giga OPS","Self Overall AI","Mask Utilization","Self GFLOP","Self GINTOP","Self Giga OP","Self Memory GB","Self GB/s","Average Trip Count","Min Trip Count","Max Trip Count","Call Count","Iteration Duration","Loop Instance Total Time","Traits","Data Types","Vector Widths","Instruction Sets","Transformations","Unroll Factor","Multi-Pumping Factor","Vectorization Details","Optimization Details","Source Location","Module","Dynamic func_inst","Dynamic compute","Dynamic int_compute","Dynamic sp_compute","Dynamic dp_compute","Dynamic memory","Dynamic all_instructions","Dynamic vector_compute","Dynamic vector_memory","Dynamic sse_vector_compute","Dynamic avx_vector_compute","Dynamic avx2_vector_compute","Dynamic avx512_vector_compute","Dynamic avx512phi_vector_compute","Dynamic fma_vector_compute","Dynamic amx_vector_compute","Dynamic x86_scalar_compute","Dynamic x87_scalar_compute","Dynamic sse_scalar_compute","Dynamic avx_scalar_compute","Dynamic avx2_scalar_compute","Dynamic avx512_scalar_compute","Dynamic fma_scalar_compute","Dynamic sse_vector_memory","Dynamic avx_vector_memory","Dynamic avx2_vector_memory","Dynamic avx512_vector_memory","Dynamic avx512phi_vector_memory","Dynamic x86_scalar_memory","Dynamic x87_scalar_memory","Dynamic sse_scalar_memory","Dynamic avx_scalar_memory","Dynamic avx2_scalar_memory","Dynamic avx512_scalar_memory","Dynamic loads","Dynamic stores","Dynamic loaded_bytes","Dynamic stored_bytes","Dynamic compute_with_memory","Dynamic int_compute_with_memory","Dynamic sp_compute_with_memory","Dynamic dp_compute_with_memory","Dynamic vector_compute_with_memory","Dynamic sse_vector_compute_with_memory","Dynamic avx_vector_compute_with_memory","Dynamic avx2_vector_compute_with_memory","Dynamic avx512_vector_compute_with_memory","Dynamic avx512phi_vector_compute_with_memory","Dynamic fma_vector_compute_with_memory","Dynamic x86_scalar_compute_with_memory","Dynamic x87_scalar_compute_with_memory","Dynamic sse_scalar_compute_with_memory","Dynamic avx_scalar_compute_with_memory","Dynamic avx2_scalar_compute_with_memory","Dynamic avx512_scalar_compute_with_memory","Dynamic fma_scalar_compute_with_memory","Dynamic add","Dynamic mul","Dynamic sub","Dynamic div","Dynamic sad","Dynamic min","Dynamic avg","Dynamic max","Dynamic abs","Dynamic sign","Dynamic sqrt","Dynamic fma","Dynamic reccp","Dynamic scale","Dynamic vpconflict","Dynamic vplzcnt","Dynamic call"
"26","[loop in yggdrasil_decision_forests::model::decision_tree::internal::SampleProjection at vector.tcc:114]","1","","37.9522","4991.394s","21.0145","2763.793s","126.498s","63.300s","Scalar","1","54","122","121","","","","","","35.928","0.042","","71.911","0.083","","107.839","0.125","","2274.217","4551.996","6826.213","54640.858","863.205","","","","","","","Divisions; FMA; Mask Manipulations; Type Conversions","Int32; Int64; UInt16; ","128","AVX; AVX512DQ_128","","","","","","vector.tcc:114","tof_may2025_g","121","601141917374740100","601141917374740100","0","0","1778620162454907874","752788894083055","0","35447095971","0","0","0","0","0","0","0","568184117259861840","0","0","32957800114878260","0","0","0","0","35447095971","0","0","0","1358172703190086738","0","0","420403056452078934","0","27056718063261","288836884885183","86667904785","1401181381407312","442742740580","24676638970024280","24676638970024280","0","0","0","0","0","0","0","0","0","0","0","0","24191126234026655","0","0","485512735997625","61359353162660","56811340017150","257394060","0","0","0","0","0","0","0","0","17469297825","0","0","0","0","59084455300897"
"","std::mersenne_twister_engine<unsigned long, (unsigned long)32, (unsigned long)624, (unsigned long)397, (unsigned long)31, (unsigned long)2567483615, (unsigned long)11, (unsigned long)4294967295, (unsigned long)7, (unsigned long)2636928640, (unsigned long)15, (unsigned long)4022730752, (unsigned long)18, (unsigned long)1812433253>::operator()","-1","","22.7953","2997.996s","17.6668","2323.496s","68.800s","52.899s","Function","","54","121","118","","","","","","0","0","","519.530","0.500","","519.530","0.500","","0","27482.433","27482.433","54942.841","1038.643","","","","2290508600365","","< 0.001s","Shifts","UInt16; ","256","AVX; AVX2; AVX512F_256","","","","","","random.tcc:455","tof_may2025_g","118","0","0","0","0","119106447218980","77928682028772","0","45824854754832","0","0","0","0","0","0","0","0","0","0","0","0","0","0","0","0","45824854754832","0","0","73281592464148","0","0","0","0","0","13779758471020","2290508600365","110238067768160","18324068802920","0","0","0","0","0","0","0","0","0","0","0","0","0","0","0","0","0","0","0","0","0","0","0","0","0","0","0","0","0","0","0","0","0","0","0"
"","std::isnan","-1","","9.4603","1244.200s","9.4603","1244.200s","29.200s","29.200s","Inlined Function","","51","113","110","","","","","","","","","","","","","","","","","","","","","","","85909021772","","< 0.001s","","","","","","","","","","cmath:1182","tof_may2025_g","110","0","0","0","0","0","0","0","0","0","0","0","0","0","0","0","0","0","0","0","0","0","0","0","0","0","0","0","0","0","0","0","0","0","0","0","0","0","0","0","0","0","0","0","0","0","0","0","0","0","0","0","0","0","0","0","0","0","0","0","0","0","0","0","0","0","0","0","0","0","0","0","0"
"15","[loop in std::__introsort_loop<__gnu_cxx::__normal_iterator<yggdrasil_decision_forests::model::decision_tree::ExampleBucket<yggdrasil_decision_forests::model::decision_tree::FeatureNumericalBucket, yggdrasil_decision_forests::model::decision_tree::LabelBinaryCategoricalOneValueBucket<(bool)0>>*, std::vector<yggdrasil_decision_forests::model::decision_tree::ExampleBucket<yggdrasil_decision_forests::model::decision_tree::FeatureNumericalBucket, yggdrasil_decision_forests::model::decision_tree::LabelBinaryCategoricalOneValueBucket<(bool)0>>, std::allocator<yggdrasil_decision_forests::model::decision_tree::ExampleBucket<yggdrasil_decision_forests::model::decision_tree::FeatureNumericalBucket, yggdrasil_decision_forests::model::decision_tree::LabelBinaryCategoricalOneValueBucket<(bool)0>>>>>, long, __gnu_cxx::__ops::_Iter_comp_iter<yggdrasil_decision_forests::model::decision_tree::ExampleBucket<yggdrasil_decision_forests::model::decision_tree::FeatureNumericalBucket, yggdrasil_decision_forests::model::decision_tree::LabelBinaryCategoricalOneValueBucket<(bool)0>>::SortFeature>> at stl_algo.h:1834]","1","","24.25","3189.310s","8.94022","1175.805s","71.700s","27.800s","Scalar","1","57","98","101","","","","","","0","0","","21.366","0.194","","21.366","0.194","","0","593.979","593.979","3062.401","110.158","","","","","","","","Int32","","","","","","","","stl_algo.h:1834","tof_may2025_g","101","0","0","0","0","5222741765424","5680261268541","0","0","0","0","0","0","0","0","0","0","0","0","0","0","0","0","0","0","0","0","0","756809628540","0","0","4465932136884","0","0","2556327023568","756809628540","7902136082754","1892024071350","0","0","0","0","0","0","0","0","0","0","0","0","0","0","0","0","0","0","0","0","0","0","0","0","0","0","0","0","0","0","0","0","0","0","0"
"14","[loop in std::__introsort_loop<__gnu_cxx::__normal_iterator<yggdrasil_decision_forests::model::decision_tree::ExampleBucket<yggdrasil_decision_forests::model::decision_tree::FeatureNumericalBucket, yggdrasil_decision_forests::model::decision_tree::LabelBinaryCategoricalOneValueBucket<(bool)0>>*, std::vector<yggdrasil_decision_forests::model::decision_tree::ExampleBucket<yggdrasil_decision_forests::model::decision_tree::FeatureNumericalBucket, yggdrasil_decision_forests::model::decision_tree::LabelBinaryCategoricalOneValueBucket<(bool)0>>, std::allocator<yggdrasil_decision_forests::model::decision_tree::ExampleBucket<yggdrasil_decision_forests::model::decision_tree::FeatureNumericalBucket, yggdrasil_decision_forests::model::decision_tree::LabelBinaryCategoricalOneValueBucket<(bool)0>>>>>, long, __gnu_cxx::__ops::_Iter_comp_iter<yggdrasil_decision_forests::model::decision_tree::ExampleBucket<yggdrasil_decision_forests::model::decision_tree::FeatureNumericalBucket, yggdrasil_decision_forests::model::decision_tree::LabelBinaryCategoricalOneValueBucket<(bool)0>>::SortFeature>> at stl_algo.h:1839]","1","","8.52433","1121.102s","8.52431","1121.102s","26.700s","26.700s","Scalar","0","58","101","100","","","","","","0","0","","17.625","0.250","","17.625","0.250","","0","470.591","470.591","1882.365","70.501","","","","","","","","Int32","","","","","","","","stl_algo.h:1839","tof_may2025_g","100","941182465630","941182465630","0","0","470591232815","1882364931260","0","0","0","0","0","0","0","0","0","470591232815","0","0","470591232815","0","0","0","0","0","0","0","0","0","0","0","470591232815","0","0","470591232815","0","1882364931260","0","0","0","0","0","0","0","0","0","0","0","0","0","0","0","0","0","0","0","470591232815","0","0","0","0","0","0","0","0","0","0","0","0","0","0","0","0"
"16","[loop in std::__introsort_loop<__gnu_cxx::__normal_iterator<yggdrasil_decision_forests::model::decision_tree::ExampleBucket<yggdrasil_decision_forests::model::decision_tree::FeatureNumericalBucket, yggdrasil_decision_forests::model::decision_tree::LabelBinaryCategoricalOneValueBucket<(bool)0>>*, std::vector<yggdrasil_decision_forests::model::decision_tree::ExampleBucket<yggdrasil_decision_forests::model::decision_tree::FeatureNumericalBucket, yggdrasil_decision_forests::model::decision_tree::LabelBinaryCategoricalOneValueBucket<(bool)0>>, std::allocator<yggdrasil_decision_forests::model::decision_tree::ExampleBucket<yggdrasil_decision_forests::model::decision_tree::FeatureNumericalBucket, yggdrasil_decision_forests::model::decision_tree::LabelBinaryCategoricalOneValueBucket<(bool)0>>>>>, long, __gnu_cxx::__ops::_Iter_comp_iter<yggdrasil_decision_forests::model::decision_tree::ExampleBucket<yggdrasil_decision_forests::model::decision_tree::FeatureNumericalBucket, yggdrasil_decision_forests::model::decision_tree::LabelBinaryCategoricalOneValueBucket<(bool)0>>::SortFeature>> at stl_algo.h:1836]","1","","6.78541","892.403s","6.78541","892.403s","21.900s","21.900s","Scalar","0","57","101","102","","","","","","0","0","","46.724","0.500","","46.724","0.500","","0","1023.252","1023.252","2046.503","93.448","","","","","","","","Int32","","","","","","","","stl_algo.h:1836","tof_may2025_g","102","1534877584836","1534877584836","0","0","511625861612","2558129308060","0","0","0","0","0","0","0","0","0","1023251723224","0","0","511625861612","0","0","0","0","0","0","0","0","0","0","0","511625861612","0","0","511625861612","0","2046503446448","0","0","0","0","0","0","0","0","0","0","0","0","0","0","0","0","0","0","0","1023251723224","0","0","0","0","0","0","0","0","0","0","0","0","0","0","0","0"
"17","[loop in yggdrasil_decision_forests::model::decision_tree::FindSplitLabelClassificationFeatureNumericalCart at splitter_scanner.h:756]","1","","7.67954","1009.998s","5.47226","719.700s","25.000s","16.900s","Vectorized (Body)","0","50","96","103","","AVX512","","2; 8","","81.903","0.135","","27.922","0.046","","109.826","0.181","","1384.166","471.887","1856.053","10267.195","607.526","","","","","","","2-Source Permutes; Blends; Divisions; FMA; Inserts; Shuffles; Type Conversions","Int32; Int64; UInt16; ; ","128","AVX; AVX512DQ_128; AVX512F_128","","","","","","splitter_scanner.h:756","tof_may2025_g","103","64460070450233139","64460070450233139","0","0","398126985877729879","56419694477791","25557748431136","42733339044815994","0","25557748431136","0","0","0","0","0","0","0","0","64434512701802003","0","0","0","0","42733339044815994","0","0","0","118471885942767524","0","0","236921760890146361","0","0","13927712218302","4033182858594","83288135506908","43019384866360","21083399111382845","21083399111382845","0","0","21083285701975443","0","21083285701975443","0","0","0","0","0","0","0","0","0","0","113409407402","2688583190400","742420709080","2933985422211","1019760447636","0","0","0","0","0","0","0","113306716404","0","0","0","0","733966401527"
"19","[loop in yggdrasil_decision_forests::model::decision_tree::FillExampleBucketSet<yggdrasil_decision_forests::model::decision_tree::ExampleBucketSet<yggdrasil_decision_forests::model::decision_tree::ExampleBucket<yggdrasil_decision_forests::model::decision_tree::FeatureNumericalBucket, yggdrasil_decision_forests::model::decision_tree::LabelBinaryCategoricalOneValueBucket<(bool)0>>>, (bool)0> at splitter_accumulator.h:191]","1","","6.56029","862.796s","4.52179","594.697s","21.200s","16.200s","Scalar","1","50","97","107","","","","","","0","0","","19.364","0.266","","19.364","0.266","","0","313.690","313.690","1177.507","72.686","","","","","","","","Int32; UInt16","","","","","","","","splitter_accumulator.h:191","tof_may2025_g","107","66718012365168","66718012365168","0","0","41577142078137","4908926526503","0","0","0","0","0","0","0","0","0","65474248231205","0","0","1243764133963","0","0","0","0","0","0","0","0","39089613810211","0","0","2487528267926","0","0","1505982987136","322216251616","4273580268992","805540629040","0","0","0","0","0","0","0","0","0","0","0","0","0","0","0","0","0","0","589068877876","0","25856857092","0","0","0","0","0","0","0","0","0","0","0","0","0","0"
"24","[loop in std::mersenne_twister_engine<unsigned long, (unsigned long)32, (unsigned long)624, (unsigned long)397, (unsigned long)31, (unsigned long)2567483615, (unsigned long)11, (unsigned long)4294967295, (unsigned long)7, (unsigned long)2636928640, (unsigned long)15, (unsigned long)4022730752, (unsigned long)18, (unsigned long)1812433253>::_M_gen_rand at random.tcc:412]","1","","3.47937","457.599s","3.47937","457.599s","11.600s","11.600s","Vectorized (Body)","0","56","117","116","","AVX512","","16","","0","0","","281.947","0.070","","281.947","0.070","","0","3270.582","3270.582","46514.944","4009.917","","","","","","","Shifts","UInt16; ","256","AVX; AVX2; AVX512F_256","","","","","","random.tcc:412","tof_may2025_g","116","121132667139","121132667139","0","0","726796002834","3755112681309","0","726796002834","0","0","0","0","0","0","0","121132667139","0","0","0","0","0","0","0","726796002834","0","0","0","0","0","0","0","0","0","1090194004251","363398001417","34886208136032","11628736045344","0","0","0","0","0","0","0","0","0","0","0","0","0","0","0","0","0","0","121132667139","0","0","0","0","0","0","0","0","0","0","0","0","0","0","0","0"
"","__svml_logf4_l9","-1","","3.24366","426.600s","3.24366","426.600s","10.500s","10.500s","Vector Function","","50","103","104","","AVX2","","4","","720.890","0.346","","170.210","0.082","","891.100","0.428","","7569.340","1787.205","9356.545","21866.981","2082.572","","","","105129717075","","< 0.001s","FMA; Shifts; Type Conversions","Int32; UInt16","128","AVX; FMA","","","","","","","tof_may2025_g","104","1261556604900","1261556604900","0","0","1366686321975","5256485853750","1261556604900","1261556604900","0","946167453675","0","0","0","315389151225","0","0","0","0","0","0","0","0","0","1261556604900","0","0","0","0","0","0","105129717075","0","0","2733372643950","0","43733962303200","0","2838502361025","2838502361025","0","0","2838502361025","0","630778302450","0","0","0","2207724058575","0","0","0","0","0","0","0","420518868300","210259434150","420518868300","0","0","0","0","0","0","0","0","1682075473200","0","0","0","0","0"
"20","[loop in yggdrasil_decision_forests::model::decision_tree::FillExampleBucketSet<yggdrasil_decision_forests::model::decision_tree::ExampleBucketSet<yggdrasil_decision_forests::model::decision_tree::ExampleBucket<yggdrasil_decision_forests::model::decision_tree::FeatureNumericalBucket, yggdrasil_decision_forests::model::decision_tree::LabelBinaryCategoricalOneValueBucket<(bool)0>>>, (bool)0> at stl_algo.h:1758]","1","","2.0385","268.099s","2.0385","268.099s","7.600s","7.600s","Scalar","0","50","107","108","","","","","","0","0","","3.792","0.014","","3.792","0.014","","0","28.818","28.818","2071.263","272.535","","","","","","","","Int32","","","","","","","","stl_algo.h:1758","tof_may2025_g","108","1228464776112","1228464776112","0","0","4798587621056","2189639380426","0","0","0","0","0","0","0","0","0","28817870848","0","0","1199646905264","0","0","0","0","0","0","0","0","2399293810528","0","0","2399293810528","0","0","720273836526","720273836526","1800684591315","1800684591315","0","0","0","0","0","0","0","0","0","0","0","0","0","0","0","0","0","0","28817870848","0","0","0","0","0","0","0","0","0","0","0","0","0","0","0","0"
"25","[loop in std::mersenne_twister_engine<unsigned long, (unsigned long)32, (unsigned long)624, (unsigned long)397, (unsigned long)31, (unsigned long)2567483615, (unsigned long)11, (unsigned long)4294967295, (unsigned long)7, (unsigned long)2636928640, (unsigned long)15, (unsigned long)4022730752, (unsigned long)18, (unsigned long)1812433253>::_M_gen_rand at random.tcc:404]","1","","1.60662","211.299s","1.60662","211.299s","6.501s","6.501s","Vectorized (Body)","0","54","117","120","","AVX512","","16","","0","0","","300.400","0.074","","300.400","0.074","","0","1952.805","1952.805","26311.484","4047.496","","","","","","","Shifts","UInt16; ","256","AVX; AVX2; AVX512F_256","","","","","","random.tcc:404","tof_may2025_g","120","102779232724","102779232724","0","0","411116930896","2261143119928","0","411116930896","0","0","0","0","0","0","0","102779232724","0","0","0","0","0","0","0","411116930896","0","0","0","0","0","0","0","0","0","616675396344","205558465448","19733612683008","6577870894336","0","0","0","0","0","0","0","0","0","0","0","0","0","0","0","0","0","0","102779232724","0","0","0","0","0","0","0","0","0","0","0","0","0","0","0","0"
"13","[loop in std::__introsort_loop<__gnu_cxx::__normal_iterator<yggdrasil_decision_forests::model::decision_tree::ExampleBucket<yggdrasil_decision_forests::model::decision_tree::FeatureNumericalBucket, yggdrasil_decision_forests::model::decision_tree::LabelBinaryCategoricalOneValueBucket<(bool)0>>*, std::vector<yggdrasil_decision_forests::model::decision_tree::ExampleBucket<yggdrasil_decision_forests::model::decision_tree::FeatureNumericalBucket, yggdrasil_decision_forests::model::decision_tree::LabelBinaryCategoricalOneValueBucket<(bool)0>>, std::allocator<yggdrasil_decision_forests::model::decision_tree::ExampleBucket<yggdrasil_decision_forests::model::decision_tree::FeatureNumericalBucket, yggdrasil_decision_forests::model::decision_tree::LabelBinaryCategoricalOneValueBucket<(bool)0>>>>>, long, __gnu_cxx::__ops::_Iter_comp_iter<yggdrasil_decision_forests::model::decision_tree::ExampleBucket<yggdrasil_decision_forests::model::decision_tree::FeatureNumericalBucket, yggdrasil_decision_forests::model::decision_tree::LabelBinaryCategoricalOneValueBucket<(bool)0>>::SortFeature>> at stl_algo.h:1841]","1","","25.7525","3386.910s","1.02724","135.100s","75.700s","4.300s","Scalar","10","56","99","98","","","","","","0","0","","10.222","0.139","","10.222","0.139","","0","43.953","43.953","316.459","73.595","","","","","","","","Int32","","","","","","","","stl_algo.h:1841","tof_may2025_g","98","145907882465267","145907882465267","0","0","1911946980788013","2249351322560","0","0","0","0","0","0","0","0","0","91601300380445","0","0","54306582084822","0","0","0","0","0","0","0","0","1806611061805904","0","0","105335918982109","0","0","583193854362","117564129732","2385250655877","293910324330","0","0","0","0","0","0","0","0","0","0","0","0","0","0","0","0","0","0","0","0","96695745872","0","0","0","0","0","0","0","0","0","0","0","0","0","114276772779"
"18","[loop in yggdrasil_decision_forests::model::decision_tree::internal::ProjectionEvaluator::Evaluate at stl_vector.h:1034]","1","","10.6084","1395.201s","0.815098","107.200s","32.700s","3.400s","Scalar","1","49","106","105","","","","","","77.434","0.054","","72.425","0.050","","149.860","0.104","","263.277","246.247","509.524","4891.558","1438.692","","","","","","","FMA","Int32; UInt16","","","","","","","","stl_vector.h:1034","tof_may2025_g","105","4281447242419533","4281447242419533","0","0","17173316053932132","19751416070548","0","0","0","0","0","0","0","0","0","0","0","0","4281447242419533","0","0","0","0","0","0","0","0","8598982676703385","0","0","4292886134809214","0","0","9672043826731","721463703552","58163436444156","2885854814208","1635169863211258","1635169863211258","0","0","0","0","0","0","0","0","0","0","0","0","0","0","0","1635169863211258","0","0","0","0","0","0","0","0","0","0","0","1298957084613","0","0","0","0","0"
"","std::__introsort_loop<__gnu_cxx::__normal_iterator<yggdrasil_decision_forests::model::decision_tree::ExampleBucket<yggdrasil_decision_forests::model::decision_tree::FeatureNumericalBucket, yggdrasil_decision_forests::model::decision_tree::LabelBinaryCategoricalOneValueBucket<(bool)0>>*, std::vector<yggdrasil_decision_forests::model::decision_tree::ExampleBucket<yggdrasil_decision_forests::model::decision_tree::FeatureNumericalBucket, yggdrasil_decision_forests::model::decision_tree::LabelBinaryCategoricalOneValueBucket<(bool)0>>, std::allocator<yggdrasil_decision_forests::model::decision_tree::ExampleBucket<yggdrasil_decision_forests::model::decision_tree::FeatureNumericalBucket, yggdrasil_decision_forests::model::decision_tree::LabelBinaryCategoricalOneValueBucket<(bool)0>>>>>, long, __gnu_cxx::__ops::_Iter_comp_iter<yggdrasil_decision_forests::model::decision_tree::ExampleBucket<yggdrasil_decision_forests::model::decision_tree::FeatureNumericalBucket, yggdrasil_decision_forests::model::decision_tree::LabelBinaryCategoricalOneValueBucket<(bool)0>>::SortFeature>>","-1","","25.9365","3411.110s","0.659227","86.700s","75.700s","2.800s","Function","","55","98","99","","","","","","0","0","","13.046","0.036","","13.046","0.036","","0","36.530","36.530","1005.872","359.241","","","","9345140503","","< 0.001s","","","","","","","","","","stl_algo.h","tof_may2025_g","99","-6071213774098974219","-6071213774098974219","0","0","47637603609269725","4279101323724","0","0","0","0","0","0","0","0","0","-6125642633591095296","0","0","54428859492121077","0","0","0","0","0","0","0","0","-6791480166506250","0","0","54429083775775975","0","0","56076700939","1946320735007","448587716483","15570541387962","0","0","0","0","0","0","0","0","0","0","0","0","0","0","0","0","0","0","9345731885","0","376333268777","0","0","0","0","0","0","0","0","0","0","0","0","0","35594"
"46","[loop in yggdrasil_decision_forests::model::decision_tree::FillExampleBucketSet<yggdrasil_decision_forests::model::decision_tree::ExampleBucketSet<yggdrasil_decision_forests::model::decision_tree::ExampleBucket<yggdrasil_decision_forests::model::decision_tree::FeatureNumericalBucket, yggdrasil_decision_forests::model::decision_tree::LabelBinaryCategoricalOneValueBucket<(bool)0>>>, (bool)0> at splitter_scanner.h:624]","1","","0.534528","70.300s","0.534529","70.300s","2.600s","2.600s","Scalar Versions","0","48","97","263","","","","","","0","0","","61.100","0.104","","61.100","0.104","","0","158.861","158.861","1533.110","589.654","","","","","","","","Int32","","","","","","","","splitter_scanner.h:624","tof_may2025_g","290","21890941376","21890941376","0","0","353587085312","708840182272","0","0","0","0","0","0","0","0","0","21890941376","0","0","0","0","0","0","0","0","0","0","0","88396771328","0","0","176793542656","0","88396771328","353587085312","176793542656","1414348341248","441983856640","0","0","0","0","0","0","0","0","0","0","0","0","0","0","0","0","0","0","21890941376","0","0","0","0","0","0","0","0","0","0","0","0","0","0","0","0"
"21","[child]-[loop in yggdrasil_decision_forests::model::decision_tree::FillExampleBucketSet<yggdrasil_decision_forests::model::decision_tree::ExampleBucketSet<yggdrasil_decision_forests::model::decision_tree::ExampleBucket<yggdrasil_decision_forests::model::decision_tree::FeatureNumericalBucket, yggdrasil_decision_forests::model::decision_tree::LabelBinaryCategoricalOneValueBucket<(bool)0>>>, (bool)0> at splitter_scanner.h:624]","1","","0.522362","68.700s","0.522364","68.700s","2.600s","2.600s","Scalar","0","48","97","111","","","","","","0","0","","60.139","0.103","","60.139","0.103","","0","156.362","156.362","1518.949","584.208","","","","","","","","Int32","","","","","","","","splitter_scanner.h:624","tof_may2025_g","111","21890941376","21890941376","0","0","350255062016","700510124032","0","0","0","0","0","0","0","0","0","21890941376","0","0","0","0","0","0","0","0","0","0","0","87563765504","0","0","175127531008","0","87563765504","350255062016","175127531008","1401020248064","437818827520","0","0","0","0","0","0","0","0","0","0","0","0","0","0","0","0","0","0","21890941376","0","0","0","0","0","0","0","0","0","0","0","0","0","0","0","0"
"39","[child]-[loop in yggdrasil_decision_forests::model::decision_tree::FillExampleBucketSet<yggdrasil_decision_forests::model::decision_tree::ExampleBucketSet<yggdrasil_decision_forests::model::decision_tree::ExampleBucket<yggdrasil_decision_forests::model::decision_tree::FeatureNumericalBucket, yggdrasil_decision_forests::model::decision_tree::LabelBinaryCategoricalOneValueBucket<(bool)0>>>, (bool)0> at splitter_scanner.h:624]","1","","0.0121656","1.600s","0.0121656","1.600s","0.200s","0.200s","Scalar","0","48","97","179","","","","","","0","0","","12.495","0.176","","12.495","0.176","","0","2.499","2.499","14.161","70.806","","","","","","","","Int32","","","","","","","","splitter_scanner.h:624","tof_may2025_g","179","0","0","0","0","3332023296","8330058240","0","0","0","0","0","0","0","0","0","0","0","0","0","0","0","0","0","0","0","0","0","833005824","0","0","1666011648","0","833005824","3332023296","1666011648","13328093184","4165029120","0","0","0","0","0","0","0","0","0","0","0","0","0","0","0","0","0","0","0","0","0","0","0","0","0","0","0","0","0","0","0","0","0","0","0"
"30","[loop in yggdrasil_decision_forests::model::decision_tree::GetCandidateAttributes at stl_algo.h:3691]","1","","0.519328","68.301s","0.277534","36.501s","2.600s","1.400s","Scalar","1","45","134","133","","","","","","0","0","","164.720","0.232","","164.720","0.232","","0","230.609","230.609","993.393","709.563","","","","","","","Divisions","","","","","","","","","stl_algo.h:3691","tof_may2025_g","133","1046610363890","1046610363890","0","0","3742962487810","1685220077450","0","0","0","0","0","0","0","0","0","1046610363890","0","0","0","0","0","0","0","0","0","0","0","3742962487810","0","0","0","0","0","337044015490","390261491620","1561045966480","1986785775520","0","0","0","0","0","0","0","0","0","0","0","0","0","0","0","0","0","0","195130745810","53217476130","0","17739158710","0","0","0","0","0","0","0","0","0","0","0","0","53217476130"
"45","[loop in yggdrasil_decision_forests::model::decision_tree::FillExampleBucketSet<yggdrasil_decision_forests::model::decision_tree::ExampleBucketSet<yggdrasil_decision_forests::model::decision_tree::ExampleBucket<yggdrasil_decision_forests::model::decision_tree::FeatureNumericalBucket, yggdrasil_decision_forests::model::decision_tree::LabelBinaryCategoricalOneValueBucket<(bool)0>>>, (bool)0> at stl_algo.h:1758]","1","","0.358126","47.100s","0.244073","32.100s","1.400s","1.100s","Scalar Versions","0; 1","51","97","262","","","","","","0","0","","14.922","0.163","","14.922","0.163","","0","16.414","16.414","100.746","91.588","","","","","","","","Int32","","","","","","","","stl_algo.h:1758","tof_may2025_g","280","71912620681716","71912620681716","0","0","59910736857592","527520128471","0","0","0","0","0","0","0","0","0","68596863921320","0","0","3315756760396","0","0","0","0","0","0","0","0","43393390532891","0","0","16517346324701","0","0","171285131024","38681603812","521004744731","105283414969","0","0","0","0","0","0","0","0","0","0","0","0","0","0","0","0","0","0","30354423214","0","5719603626","0","0","0","0","0","0","0","0","0","0","0","0","0","3053087872"
"28","[child]-[loop in yggdrasil_decision_forests::model::decision_tree::FillExampleBucketSet<yggdrasil_decision_forests::model::decision_tree::ExampleBucketSet<yggdrasil_decision_forests::model::decision_tree::ExampleBucket<yggdrasil_decision_forests::model::decision_tree::FeatureNumericalBucket, yggdrasil_decision_forests::model::decision_tree::LabelBinaryCategoricalOneValueBucket<(bool)0>>>, (bool)0> at stl_algo.h:1758]","1","","0.334555","44.000s","0.220503","29.000s","1.400s","1.000s","Scalar","1","51","97","124","","","","","","0","0","","16.111","0.205","","16.111","0.205","","0","16.111","16.111","78.439","78.438","","","","","","","","Int32","","","","","","","","stl_algo.h:1758","tof_may2025_g","124","71899438706508","71899438706508","0","0","59859220698348","503945087244","0","0","0","0","0","0","0","0","0","68596560985923","0","0","3302877720585","0","0","0","0","0","0","0","0","43367632453269","0","0","16491588245079","0","0","163527762414","30924235202","501611323206","85889993444","0","0","0","0","0","0","0","0","0","0","0","0","0","0","0","0","0","0","30051487817","0","5719603626","0","0","0","0","0","0","0","0","0","0","0","0","0","3053087872"
"35","[child]-[loop in yggdrasil_decision_forests::model::decision_tree::FillExampleBucketSet<yggdrasil_decision_forests::model::decision_tree::ExampleBucketSet<yggdrasil_decision_forests::model::decision_tree::ExampleBucket<yggdrasil_decision_forests::model::decision_tree::FeatureNumericalBucket, yggdrasil_decision_forests::model::decision_tree::LabelBinaryCategoricalOneValueBucket<(bool)0>>>, (bool)0> at stl_algo.h:1758]","1","","0.0235709","3.100s","0.0235708","3.100s","0.300s","0.300s","Scalar","0","51","97","156","","","","","","0","0","","1.010","0.014","","1.010","0.014","","0","0.303","0.303","22.307","74.357","","","","","","","","Int32","","","","","","","","stl_algo.h:1758","tof_may2025_g","156","13181975208","13181975208","0","0","51516159244","23575041227","0","0","0","0","0","0","0","0","0","302935397","0","0","12879039811","0","0","0","0","0","0","0","0","25758079622","0","0","25758079622","0","0","7757368610","7757368610","19393421525","19393421525","0","0","0","0","0","0","0","0","0","0","0","0","0","0","0","0","0","0","302935397","0","0","0","0","0","0","0","0","0","0","0","0","0","0","0","0"
"","yggdrasil_decision_forests::dataset::proto::Column::_internal_numerical","-1","","0.243313","32.000s","0.243314","32.000s","1.200s","1.200s","Inlined Function","","47","140","139","","","","","","0","0","","0","0","","0","0","","0","0","0","283.965","236.637","","","","35495649280","","< 0.001s","","","","","","","","","","data_spec.pb.h:6196","tof_may2025_g","139","0","0","0","0","0","0","0","0","0","0","0","0","0","0","0","0","0","0","0","0","0","0","0","0","0","0","0","0","0","0","0","0","0","0","0","0","0","0","0","0","0","0","0","0","0","0","0","0","0","0","0","0","0","0","0","0","0","0","0","0","0","0","0","0","0","0","0","0","0","0","0","0"
"","std::vector<float, std::allocator<float>>::operator[]","-1","","0.163476","21.500s","0.163477","21.500s","0.900s","0.900s","Inlined Function","","49","126","135","","","","","","0","0","","0","0","","0","0","","0","0","0","283.965","315.517","","","","35495649280","","< 0.001s","","","","","","","","","","stl_vector.h:1261","tof_may2025_g","135","0","0","0","0","0","0","0","0","0","0","0","0","0","0","0","0","0","0","0","0","0","0","0","0","0","0","0","0","0","0","0","0","0","0","0","0","0","0","0","0","0","0","0","0","0","0","0","0","0","0","0","0","0","0","0","0","0","0","0","0","0","0","0","0","0","0","0","0","0","0","0","0"
"","std::uniform_int_distribution<unsigned long>::operator()<std::mersenne_twister_engine<unsigned long, (unsigned long)32, (unsigned long)624, (unsigned long)397, (unsigned long)31, (unsigned long)2567483615, (unsigned long)11, (unsigned long)4294967295, (unsigned long)7, (unsigned long)2636928640, (unsigned long)15, (unsigned long)4022730752, (unsigned long)18, (unsigned long)1812433253>>","-1","","0.375614","49.400s","0.160434","21.100s","2.000s","1.000s","Function","","46","133","128","","","","","","0","0","","70.991","0.029","","70.991","0.029","","0","70.991","70.991","2413.704","2413.686","","","","17747824640","","< 0.001s","","","","","","","","","","uniform_int_dist.h:288","tof_may2025_g","128","159730421760","159730421760","0","0","780904284160","1082617303040","0","0","0","0","0","0","0","0","0","159730421760","0","0","0","0","0","0","0","0","0","0","0","780904284160","0","0","0","0","0","248469544960","372704317440","1987756359680","2981634539520","159730421760","159730421760","0","0","0","0","0","0","0","0","0","159730421760","0","0","0","0","0","0","35495649280","0","106486947840","0","0","0","0","0","0","0","0","0","0","0","0","0","35495649280"
"","std::vector<float, std::allocator<float>>::operator[]","-1","","0.119375","15.700s","0.119375","15.700s","0.900s","0.900s","Inlined Function","","44","105","109","","","","","","0","0","","100.202","0.125","","100.202","0.125","","0","90.183","90.183","721.464","801.619","","","","90182962944","","< 0.001s","","","","","","","","","","stl_vector.h:1280","tof_may2025_g","109","0","0","0","0","0","0","0","0","0","0","0","0","0","0","0","0","0","0","0","0","0","0","0","0","0","0","0","0","0","0","0","0","0","0","0","0","0","0","0","0","0","0","0","0","0","0","0","0","0","0","0","0","0","0","0","0","0","0","0","0","0","0","0","0","0","0","0","0","0","0","0","0"
"","std::normal_distribution<float>::operator()<std::linear_congruential_engine<unsigned long, (unsigned long)48271, (unsigned long)0, (unsigned long)2147483647>>","-1","","0.293496","38.600s","0.111772","14.700s","38.600s","14.700s","Inlined Function","","9","52","51","","","","","","0.836","0.100","","0.209","0.025","","1.045","0.125","","12.288","3.072","15.360","122.880","8.359","","","","6144000000","","< 0.001s","","","","","","","","","","random.tcc:1813","tof_may2025_g","51","24576000000","24576000000","0","0","86016000000","98304000000","0","0","0","0","0","0","0","0","0","0","0","0","24576000000","0","0","0","0","0","0","0","0","49152000000","0","0","36864000000","0","0","58368000000","3072000000","270336000000","12288000000","98304000000","98304000000","0","0","0","0","0","0","0","0","0","0","0","0","98304000000","0","0","0","0","27648000000","0","9216000000","0","0","0","0","0","0","9216000000","0","0","0","0","0","0"
"29","[loop in yggdrasil_decision_forests::model::decision_tree::internal::ProjectionEvaluator::ProjectionEvaluator at oblique.cc:1020]","1","","1.29488","170.300s","0.107209","14.100s","5.500s","0.700s","Scalar","0","48","127","126","","","","","","0","0","","101.415","0.025","","101.415","0.025","","0","70.991","70.991","2839.652","4056.607","","","","","","","Type Conversions","Int32; Int64","128","AVX","","","","","","oblique.cc:1020","tof_may2025_g","126","212973895680","212973895680","0","0","2165234606080","2023252008960","0","0","0","0","0","0","0","0","0","212973895680","0","0","0","0","0","0","0","0","0","0","0","1703791165440","0","0","212973895680","0","0","745408634880","354956492800","5821286481920","2555686748160","0","0","0","0","0","0","0","0","0","0","0","0","0","0","0","0","0","0","141982597120","0","0","0","0","0","0","0","0","0","0","0","0","0","0","0","0"
"","std::vector<float, std::allocator<float>>::operator[]","-1","","0.106449","14.000s","0.10645","14.000s","0.800s","0.800s","Inlined Function","","46","105","119","","","","","","0","0","","0","0","","0","0","","0","0","0","1242.355","1552.937","","","","85909021772","","< 0.001s","","","","","","","","","","stl_vector.h:1280","tof_may2025_g","119","0","0","0","0","0","0","0","0","0","0","0","0","0","0","0","0","0","0","0","0","0","0","0","0","0","0","0","0","0","0","0","0","0","0","0","0","0","0","0","0","0","0","0","0","0","0","0","0","0","0","0","0","0","0","0","0","0","0","0","0","0","0","0","0","0","0","0","0","0","0","0","0"
"","yggdrasil_decision_forests::dataset::VerticalDataset::column","-1","","0.104168","13.700s","0.104168","13.700s","0.800s","0.800s","Inlined Function","","47","138","137","","","","","","0","0","","44.370","0.062","","44.370","0.062","","0","35.496","35.496","567.930","709.913","","","","35495649280","","< 0.001s","","","","","","","","","","vertical_dataset.h:757","tof_may2025_g","137","0","0","0","0","0","0","0","0","0","0","0","0","0","0","0","0","0","0","0","0","0","0","0","0","0","0","0","0","0","0","0","0","0","0","0","0","0","0","0","0","0","0","0","0","0","0","0","0","0","0","0","0","0","0","0","0","0","0","0","0","0","0","0","0","0","0","0","0","0","0","0","0"
"","std::vector<std::vector<float, std::allocator<float>> const*, std::allocator<std::vector<float, std::allocator<float>> const*>>::operator[]","-1","","0.103408","13.600s","0.103408","13.600s","0.700s","0.700s","Inlined Function","","48","126","141","","","","","","0","0","","0","0","","0","0","","0","0","0","283.965","405.662","","","","35495649280","","< 0.001s","","","","","","","","","","stl_vector.h:1261","tof_may2025_g","141","0","0","0","0","0","0","0","0","0","0","0","0","0","0","0","0","0","0","0","0","0","0","0","0","0","0","0","0","0","0","0","0","0","0","0","0","0","0","0","0","0","0","0","0","0","0","0","0","0","0","0","0","0","0","0","0","0","0","0","0","0","0","0","0","0","0","0","0","0","0","0","0"
"","yggdrasil_decision_forests::model::decision_tree::EvalConditionTemplate<yggdrasil_decision_forests::model::decision_tree::EvalConditionOblique, yggdrasil_decision_forests::model::decision_tree::EvalConditionOblique::Data>","-1","","0.161195","21.200s","0.101887","13.400s","1.100s","0.800s","Function","","43","130","131","","","","","","1.712","0.016","","1.948","0.018","","3.661","0.034","","1.370","1.559","2.929","87.091","108.864","","","","4332941","","< 0.001s","","","","","","","","","","decision_tree.cc","tof_may2025_g","131","982204652084339416","982204652084339416","0","0","-8596676188561596044","365146907100","0","0","0","0","0","0","0","0","0","982139267722167977","0","0","65384362171439","0","0","0","0","0","0","0","0","-8596741622203884853","0","0","65384362171439","0","0","170480337052","2546144269","1260186219752","19838369624","24798660129450","24798660129450","0","0","0","0","0","0","0","0","0","0","0","0","0","0","0","24798660129450","33811669","0","364694089","0","0","0","0","0","0","0","0","10615222209","0","0","0","0","0"
"","func@0x841850","-1","","0.0935157","12.299s","0.093515","12.299s","0.600s","0.600s","Function","","45","94","136","","","","","","0","0","","0","0","","0","0","","0","0","0","284.164","473.611","","","","35520464765","","< 0.001s","","","","","","","","","","","tof_may2025_g","136","0","0","0","0","0","35520464765","0","0","0","0","0","0","0","0","0","0","0","0","0","0","0","0","0","0","0","0","0","0","0","0","0","0","0","35520464765","0","284163718120","0","0","0","0","0","0","0","0","0","0","0","0","0","0","0","0","0","0","0","0","0","0","0","0","0","0","0","0","0","0","0","0","0","0","0","0"
"","std::uniform_int_distribution<unsigned long>::_S_nd<unsigned long, std::mersenne_twister_engine<unsigned long, (unsigned long)32, (unsigned long)624, (unsigned long)397, (unsigned long)31, (unsigned long)2567483615, (unsigned long)11, (unsigned long)4294967295, (unsigned long)7, (unsigned long)2636928640, (unsigned long)15, (unsigned long)4022730752, (unsigned long)18, (unsigned long)1812433253>, unsigned int>","-1","","0.21518","28.300s","0.0882009","11.600s","1.200s","0.500s","Inlined Function","","47","128","148","","","","","","0","","","106.671","","","106.671","","","0","53.336","53.336","0","0","","","","17747824640","","< 0.001s","","","","","","","","","","uniform_int_dist.h:257","tof_may2025_g","148","266448897050","266448897050","0","0","177779127787","249070786244","0","0","0","0","0","0","0","0","0","266448897050","0","0","0","0","0","0","0","0","0","0","0","177779127787","0","0","0","0","0","23204894","0","46409788","0","0","0","0","0","0","0","0","0","0","0","0","0","0","0","0","0","0","0","0","70991298560","0","69353937","0","0","0","0","0","0","0","0","0","0","0","0","0"
"","yggdrasil_decision_forests::model::decision_tree::FillExampleBucketSet<yggdrasil_decision_forests::model::decision_tree::ExampleBucketSet<yggdrasil_decision_forests::model::decision_tree::ExampleBucket<yggdrasil_decision_forests::model::decision_tree::FeatureNumericalBucket, yggdrasil_decision_forests::model::decision_tree::LabelBinaryCategoricalOneValueBucket<(bool)0>>>, (bool)0>","-1","","26.9781","3548.103s","0.0874405","11.500s","96.100s","0.500s","Function","","50","96","97","","","","","","0","0","","23.589","0.127","","23.589","0.127","","0","11.795","11.795","92.688","185.377","","","","554619520","","< 0.001s","","","","","","","","","","splitter_scanner.h","tof_may2025_g","97","6381533249668098981","6381533249668098981","0","0","6686644621665753128","988677587239","0","0","0","0","0","0","0","0","0","6381533193234056327","0","0","56434042654","0","0","0","0","0","0","0","0","-6666459146445760773","0","0","425405199763","0","0","150757857108","208744623672","982073778588","1588476985342","0","0","0","0","0","0","0","0","0","0","0","0","0","0","0","0","0","0","20009728420","0","104103274896","0","0","0","0","0","0","0","0","0","0","0","0","0","8873914960"
"22","[loop in yggdrasil_decision_forests::model::decision_tree::internal::ProjectionEvaluator::Evaluate at oblique.cc:1044]","1","","1.52451","200.501s","0.0851602","11.200s","5.900s","0.700s","Scalar","0","50","105","113","","","","","","67.587","0.100","","0","0","","67.587","0.100","","47.312","0","47.312","473.116","675.875","","","","","","","FMA","Int32","","","","","","","","oblique.cc:1044","tof_may2025_g","113","520427468176","520427468176","0","0","2063968027198","544083262184","0","0","0","0","0","0","0","0","0","5913948502","0","0","514513519674","0","0","0","0","0","0","0","0","1029027039348","0","0","520427468176","0","0","354836910120","0","2081709872704","0","23655794008","23655794008","0","0","0","0","0","0","0","0","0","0","0","0","0","0","0","23655794008","5913948502","0","0","0","0","0","0","0","0","0","0","23655794008","0","0","0","0","0"
"27","[loop in yggdrasil_decision_forests::model::decision_tree::FillExampleBucketSet<yggdrasil_decision_forests::model::decision_tree::ExampleBucketSet<yggdrasil_decision_forests::model::decision_tree::ExampleBucket<yggdrasil_decision_forests::model::decision_tree::FeatureNumericalBucket, yggdrasil_decision_forests::model::decision_tree::LabelBinaryCategoricalOneValueBucket<(bool)0>>>, (bool)0> at stl_algo.h:1758]","1","","0.0851595","11.200s","0.0851595","11.200s","0.500s","0.500s","Scalar","0","51","124","123","","","","","","0","0","","2.180","0.013","","2.180","0.013","","0","1.090","1.090","84.819","169.637","","","","","","","","Int32","","","","","","","","stl_algo.h:1758","tof_may2025_g","123","47844071134","47844071134","0","0","187016659780","85524515259","0","0","0","0","0","0","0","0","0","1089906189","0","0","46754164945","0","0","0","0","0","0","0","0","93508329890","0","0","93508329890","0","0","28144869690","28144869690","70362174225","70362174225","0","0","0","0","0","0","0","0","0","0","0","0","0","0","0","0","0","0","1089906189","0","0","0","0","0","0","0","0","0","0","0","0","0","0","0","0"
"","yggdrasil_decision_forests::dataset::VerticalDataset::ColumnWithCastWithStatus<yggdrasil_decision_forests::dataset::VerticalDataset::NumericalColumn>","-1","","0.640977","84.300s","0.0851595","11.200s","3.400s","0.600s","Inlined Function","","48","126","138","","","","","","0","","","59.161","","","59.161","","","0","35.496","35.496","0","0","","","","35495649280","","< 0.001s","","Int32","128","AVX","","","","","","vertical_dataset.h:1093","tof_may2025_g","138","0","0","0","0","319460843520","496939089920","0","0","0","0","0","0","0","0","0","0","0","0","0","0","0","0","0","0","0","0","0","319460843520","0","0","0","0","0","0","0","0","0","0","0","0","0","0","0","0","0","0","0","0","0","0","0","0","0","0","0","0","0","0","0","0","0","0","0","0","0","0","0","0","0","0","0","70991298560"
"","yggdrasil_decision_forests::model::decision_tree::FindSplitLabelClassificationFeatureNumericalCart","-1","","32.8442","4319.602s","0.0707129","9.300s","118.600s","0.700s","Function","","49","95","96","","","","","","4.599","0.013","","18.576","0.051","","23.174","0.064","","3.219","13.003","16.222","253.027","361.466","","","","554619520","","< 0.001s","2-Source Permutes; Blends; Divisions; Extracts; FMA; Gathers; Inserts; Shuffles; Type Conversions","Int32; Int64; UInt16; UInt256; ; ","128/256","AVX; AVX2; AVX512DQ_128; AVX512F_128; AVX512F_256","","","","","","training.cc","tof_may2025_g","96","8239279626470908593","8239279626470908593","0","0","-6562961397552845458","1314331770364","7915341172023920","36587291689958072","0","7915341172023920","0","0","0","0","0","7864216342636593792","0","0","367147942662290881","0","0","0","0","36587291689958072","0","0","0","-4262476229426269078","0","0","-381919631525921179","0","0","354937764927","274655456352","2137168858786","2100368084208","0","0","0","0","0","0","0","0","0","0","0","0","0","0","0","0","0","0","14420107520","4991548032","35964796073","17150192000","0","0","0","5503182080","0","0","0","0","0","0","0","0","14270272813"
"","yggdrasil_decision_forests::model::decision_tree::(anonymous namespace)::FailIfMonotonic","-1","","0.0684317","9.000s","0.0684315","9.000s","0.600s","0.600s","Function","","45","176","132","","","","","","0","0","","3.755","0.043","","3.755","0.043","","0","2.253","2.253","52.386","87.310","","","","563285450","","< 0.001s","","","","","","","","","","training.cc","tof_may2025_g","132","112657090000","112657090000","0","0","373458253350","65904397650","0","0","0","0","0","0","0","0","0","112657090000","0","0","0","0","0","0","0","0","0","0","0","311496853850","0","0","0","0","0","18588419850","11828994450","115473517250","94631955600","0","0","0","0","0","0","0","0","0","0","0","0","0","0","0","0","0","0","3379712700","0","3379712700","0","0","0","0","0","0","0","0","0","0","0","0","0","0"
"36","[loop in __intel_avx_rep_memset]","1","","0.054753","7.201s","0.0547531","7.201s","0.700s","0.700s","Vectorized (Body)","0","45","169","168","","AVX","","8","","0","0","","7.204","0.012","","7.204","0.012","","0","5.043","5.043","430.346","614.782","","","","","","","","UInt16","256","AVX","","","","","","","tof_may2025_g","168","3318238318","3318238318","0","0","13272953272","19909429908","0","13272953272","0","0","0","0","0","0","0","3318238318","0","0","0","0","0","0","0","13272953272","0","0","0","0","0","0","0","0","0","0","13272953272","0","424734504704","0","0","0","0","0","0","0","0","0","0","0","0","0","0","0","0","0","0","1659119159","0","1659119159","0","0","0","0","0","0","0","0","0","0","0","0","0","0"
"47","[loop in yggdrasil_decision_forests::model::decision_tree::SetLabelDistribution at label.cc:56]","1","","0.053985","7.100s","0.0539855","7.100s","0.400s","0.400s","Scalar Versions","0","39","115","264","","","","","","4.428","0.052","","1.810","0.021","","6.238","0.074","","1.771","0.724","2.495","33.819","84.546","","","","","","","","Int64","","","","","","","","label.cc:56","tof_may2025_g","337","690347170","690347170","0","0","4123317264","6890961196","0","0","0","0","0","0","0","0","0","342045959","0","0","348301211","0","0","0","0","0","0","0","0","1374439088","0","0","1374439088","0","0","4123317264","1374439088","21991025408","10995512704","1374439088","1374439088","0","0","0","0","0","0","0","0","0","0","0","0","1374439088","0","0","0","2064786258","0","0","0","0","0","0","0","0","0","0","0","0","0","0","0","0"
"23","[child]-[loop in yggdrasil_decision_forests::model::decision_tree::SetLabelDistribution at label.cc:56]","1","","0.0532247","7.000s","0.0532251","7.000s","0.400s","0.400s","Scalar","0","39","115","114","","","","","","4.363","0.052","","1.745","0.021","","6.108","0.073","","1.745","0.698","2.443","33.506","83.765","","","","","","","","Int64","","","","","","","","label.cc:56","tof_may2025_g","114","684091918","684091918","0","0","4104551508","6840919180","0","0","0","0","0","0","0","0","0","342045959","0","0","342045959","0","0","0","0","0","0","0","0","1368183836","0","0","1368183836","0","0","4104551508","1368183836","21890941376","10945470688","1368183836","1368183836","0","0","0","0","0","0","0","0","0","0","0","0","1368183836","0","0","0","2052275754","0","0","0","0","0","0","0","0","0","0","0","0","0","0","0","0"
"42","[child]-[loop in yggdrasil_decision_forests::model::decision_tree::SetLabelDistribution at label.cc:56]","1","","0.000760352","0.100s","0.00076036","0.100s","0.100s","0.100s","Scalar","0","39","115","223","","","","","","0.260","0.083","","0.260","0.083","","0.521","0.167","","0.026","0.026","0.052","0.312","3.124","","","","","","","","Int64","","","","","","","","label.cc:56","tof_may2025_g","223","6255252","6255252","0","0","18765756","50042016","0","0","0","0","0","0","0","0","0","0","0","0","6255252","0","0","0","0","0","0","0","0","6255252","0","0","6255252","0","0","18765756","6255252","100084032","50042016","6255252","6255252","0","0","0","0","0","0","0","0","0","0","0","0","6255252","0","0","0","12510504","0","0","0","0","0","0","0","0","0","0","0","0","0","0","0","0"
"","yggdrasil_decision_forests::model::decision_tree::internal::SampleProjection","-1","","38.0145","4999.594s","0.0524645","6.900s","126.598s","0.500s","Function","","53","93","122","","","","","","1.109","0.003","","15.197","0.037","","16.306","0.040","","0.555","7.599","8.153","204.341","408.680","","","","554619520","","< 0.001s","","Int32; ","128","AVX; AVX512DQ_128","","","","","","oblique.cc","tof_may2025_g","122","315048094210441405","315048094210441405","0","0","2734443379160162317","634476269338","0","0","0","0","0","0","0","0","0","315048094210441405","0","0","0","0","0","0","0","0","0","0","0","2436130529939985182","0","0","298312847556318575","0","0","173293738562","213470466462","1282826001688","1559440539388","43523258863012024","43523258863012024","0","0","0","0","0","0","0","0","0","0","0","0","43523258863012024","0","0","0","15593337235","11092390400","28097882806","0","0","0","0","0","0","0","0","0","0","0","0","0","1022041013"
"","std::generate_canonical<float, (unsigned long)24, std::linear_congruential_engine<unsigned long, (unsigned long)48271, (unsigned long)0, (unsigned long)2147483647>>","-1","","0.0501833","6.600s","0.0501831","6.600s","6.600s","6.600s","Inlined Function","","12","60","59","","","","","","0","0","","3.556","0.500","","3.556","0.500","","0","23.468","23.468","46.936","7.112","","","","3072000000","","< 0.001s","","","","","","","","","","random.tcc:3349","tof_may2025_g","59","117340114710","117340114710","0","0","78226743140","219034880792","0","0","0","0","0","0","0","0","0","66492731669","0","0","31290697256","0","0","3911337157","0","0","0","0","0","46936045884","0","0","31290697256","0","0","23468022942","0","93872091768","0","0","0","0","0","0","0","0","0","0","0","0","0","0","0","0","0","0","0","15645348628","35202034413","23468022942","0","0","0","0","0","0","0","0","3911337157","0","0","0","0","0"
"","__libm_logf_l9","-1","","0.0486626","6.400s","0.0486627","6.400s","6.400s","6.400s","Function","","11","57","58","","","","","","5.280","0.145","","5.760","0.158","","11.040","0.303","","33.792","36.864","70.656","233.472","36.480","","","","3072000000","","< 0.001s","Shifts","Int32; UInt16; ; ","128","AVX; AVX2","","","","","","","tof_may2025_g","58","49152000000","49152000000","0","0","24576000000","144384000000","9216000000","9216000000","0","9216000000","0","0","0","0","0","24576000000","0","0","12288000000","0","0","3072000000","0","0","9216000000","0","0","3072000000","0","0","12288000000","0","0","33792000000","0","344064000000","0","12288000000","12288000000","0","0","0","0","0","0","0","0","0","0","0","0","3072000000","0","0","9216000000","18432000000","3072000000","0","0","0","0","0","0","0","0","0","12288000000","6144000000","0","0","0","0"
"","std::_Construct<float, float const&>","-1","","0.0486626","6.400s","0.0486626","6.400s","6.400s","6.400s","Inlined Function","","15","41","40","","","","","","0","0","","0","0","","0","0","","0","0","0","24.576","3.840","","","","4096","","0.002s","","Int32","256","AVX","","","","","","stl_construct.h:123","tof_may2025_g","40","768000000","768000000","0","0","768000000","3072000000","0","768000000","0","0","0","0","0","0","0","768000000","0","0","0","0","0","0","0","768000000","0","0","0","0","0","0","0","0","0","0","768000000","0","24576000000","0","0","0","0","0","0","0","0","0","0","0","0","0","0","0","0","0","0","768000000","0","0","0","0","0","0","0","0","0","0","0","0","0","0","0","0"
"","std::mersenne_twister_engine<unsigned long, (unsigned long)32, (unsigned long)624, (unsigned long)397, (unsigned long)31, (unsigned long)2567483615, (unsigned long)11, (unsigned long)4294967295, (unsigned long)7, (unsigned long)2636928640, (unsigned long)15, (unsigned long)4022730752, (unsigned long)18, (unsigned long)1812433253>::_M_gen_rand","-1","","5.12858","674.500s","0.0425873","5.601s","16.500s","0.400s","Inlined Function","","55","118","117","","","","","","0","0","","156.005","0.069","","156.005","0.069","","0","62.402","62.402","910.332","2275.839","","","","3670686883","","< 0.001s","Shifts","UInt16; ","256","AVX; AVX2; AVX512F_256","","","","","","random.tcc:399","tof_may2025_g","117","0","0","0","0","88096485192","176192970384","0","33036181947","0","0","0","0","0","0","0","0","0","0","0","0","0","0","0","11012060649","0","22024121298","0","55060303245","0","0","0","0","0","69743050777","18353434415","1086523317368","323020445704","0","0","0","0","0","0","0","0","0","0","0","0","0","0","0","0","0","0","0","0","0","0","0","0","0","0","0","0","0","0","0","0","0","0","0"
"12","[loop in yggdrasil_decision_forests::model::decision_tree::FindBestConditionSparseObliqueTemplate<yggdrasil_decision_forests::model::decision_tree::ClassificationLabelStats> at status.h]","1","","72.5505","9541.697s","0.0425797","5.600s","272.199s","0.300s","Scalar","11","52","94","93","","","","","","0","0","","20.457","0.038","","20.457","0.038","","0","6.137","6.137","161.086","536.951","","","","","","","","Int32; UInt16","128","AVX","","","","","","status.h","tof_may2025_g","93","21886343519","21886343519","0","0","12212138570269","301387020153","0","43772687038","0","0","0","0","0","0","0","21886343519","0","0","0","0","0","0","0","43772687038","0","0","0","11776757682206","0","0","391462481897","0","0","113933795183","55480166891","841851483208","443768475564","0","0","0","0","0","0","0","0","0","0","0","0","0","0","0","0","0","0","0","0","3882336640","0","0","0","0","0","0","0","0","0","0","0","0","0","14492967084"
"","__gnu_cxx::__ops::_Iter_less_iter::operator()<google::protobuf::internal::RepeatedIterator<int const>, google::protobuf::internal::RepeatedIterator<int const>>","-1","","0.0395383","5.200s","0.0395382","5.200s","0.300s","0.300s","Inlined Function","","48","142","146","","","","","","0","0","","236.492","0.333","","236.492","0.333","","0","70.948","70.948","212.905","709.679","","","","4428290230","","< 0.001s","","","","","","","","","","predefined_ops.h:44","tof_may2025_g","146","4340209717480","4340209717480","0","0","20827704827930","641070837680","0","0","0","0","0","0","0","0","0","4340209717480","0","0","0","0","0","0","0","0","0","0","0","12586171417820","0","0","0","0","0","213043223120","0","852172892480","0","0","0","0","0","0","0","0","0","0","0","0","0","0","0","0","0","0","0","4913582310","0","0","0","0","0","0","0","0","0","0","0","0","0","0","0","0"
"","std::generate_canonical<float, (unsigned long)24, std::linear_congruential_engine<unsigned long, (unsigned long)48271, (unsigned long)0, (unsigned long)2147483647>>","-1","","0.038778","5.100s","0.0387792","5.100s","5.100s","5.100s","Inlined Function","","12","50","48","","","","","","0.767","2107401.485","","7.669","21074014.855","","8.436","23181416.340","","3.911","39.113","43.025","< 0.001","< 0.001","","","","3911337157","","< 0.001s","","","","","","","","","","random.tcc:3349","tof_may2025_g","48","39113372150","39113372150","0","0","464","46936046464","0","0","0","0","0","0","0","0","0","7822674430","0","0","15645348860","0","0","15645348860","0","0","0","0","0","0","0","0","464","0","0","464","0","1856","0","0","0","0","0","0","0","0","0","0","0","0","0","0","0","0","0","0","0","7822674314","7822674314","0","0","0","0","0","0","0","0","0","15645348628","0","0","0","0","0"
"4","[loop in MakeTrunkDataset at train_oblique_forest.cc:132]","1","","0.328472","43.200s","0.0349764","4.600s","43.200s","4.600s","Scalar","1","7","54","53","","","","","","1.336","0.024","","4.007","0.071","","5.343","0.095","","6.144","18.432","24.576","258.048","56.097","","","","","","","Divisions; Square Roots","Int32","","","","","","","","train_oblique_forest.cc:132","tof_may2025_g","53","18432000000","18432000000","0","0","202752000000","150528000000","0","0","0","0","0","0","0","0","0","0","0","0","18432000000","0","0","0","0","0","0","0","0","12288000000","0","0","184320000000","0","0","36864000000","39936000000","270336000000","159744000000","0","0","0","0","0","0","0","0","0","0","0","0","0","0","0","0","0","0","12288000000","0","0","0","0","0","0","0","0","0","0","0","0","0","0","0","9216000000"
"37","[loop in yggdrasil_decision_forests::model::decision_tree::EvalConditionTemplate<yggdrasil_decision_forests::model::decision_tree::EvalConditionOblique, yggdrasil_decision_forests::model::decision_tree::EvalConditionOblique::Data> at decision_tree.cc:961]","1","","0.0319348","4.200s","0.031935","4.200s","0.200s","0.200s","Scalar","0","39","131","170","","","","","","12.721","0.034","","26.740","0.072","","39.461","0.106","","2.544","5.348","7.893","74.619","373.069","","","","","","","","Int32; UInt16","","","","","","","","decision_tree.cc:961","tof_may2025_g","170","13890559390","13890559390","0","0","32869888004","38367176961","0","0","0","0","0","0","0","0","0","13092142117","0","0","798417273","0","0","0","0","0","0","0","0","32869888004","0","0","0","0","0","20186464920","4011306458","144927002168","18719483284","0","0","0","0","0","0","0","0","0","0","0","0","0","0","0","0","0","0","3342742095","0","0","0","0","0","0","0","0","0","0","0","0","0","0","0","0"
"31","[loop in __intel_avx_rep_memcpy]","1","","0.0288934","3.800s","0.0288933","3.800s","0.300s","0.300s","Vectorized (Body)","0","40","145","144","","AVX","","8","","0","0","","7.286","0.008","","7.286","0.008","","0","2.186","2.186","279.803","932.668","","","","","","","","UInt16","256","AVX","","","","","","","tof_may2025_g","144","1613473173","1613473173","0","0","8605190256","11294312211","0","8605190256","0","0","0","0","0","0","0","1613473173","0","0","0","0","0","0","0","8605190256","0","0","0","0","0","0","0","0","0","4302595128","4302595128","137683044096","137683044096","0","0","0","0","0","0","0","0","0","0","0","0","0","0","0","0","0","0","1075648782","0","537824391","0","0","0","0","0","0","0","0","0","0","0","0","0","0"
"","google::protobuf::internal::operator!=","-1","","0.028133","3.700s","0.0281328","3.700s","0.300s","0.300s","Inlined Function","","47","126","125","","","","","","0","","","236.639","","","236.639","","","0","70.991","70.991","0","0","","","","35495649280","","< 0.001s","","","","","","","","","","repeated_field.h:1336","tof_may2025_g","125","0","0","0","0","0","17331860","0","0","0","0","0","0","0","0","0","0","0","0","0","0","0","0","0","0","0","0","0","0","0","0","0","0","0","0","0","0","0","0","0","0","0","0","0","0","0","0","0","0","0","0","0","0","0","0","0","0","0","0","0","0","0","0","0","0","0","0","0","0","0","0","0","0"
"33","[loop in yggdrasil_decision_forests::model::decision_tree::FindBestConditionSparseObliqueTemplate<yggdrasil_decision_forests::model::decision_tree::ClassificationLabelStats> at oblique.cc:70]","1","","0.0273727","3.600s","0.0273728","3.600s","0.400s","0.400s","Scalar","0","40","94","150","","","","","","0","0","","1.726","0.042","","1.726","0.042","","0","0.690","0.690","16.567","41.416","","","","","","","","","","","","","","","","oblique.cc:70","tof_may2025_g","150","172569126","172569126","0","0","4141659024","5004504654","0","0","0","0","0","0","0","0","0","172569126","0","0","0","0","0","0","0","0","0","0","0","4141659024","0","0","0","0","0","2761106016","1380553008","11044424064","5522212032","0","0","0","0","0","0","0","0","0","0","0","0","0","0","0","0","0","0","172569126","0","0","0","0","0","0","0","0","0","0","0","0","0","0","0","0"
"","std::__max_element<google::protobuf::internal::RepeatedIterator<int const>, __gnu_cxx::__ops::_Iter_less_iter>","-1","","0.0691921","9.100s","0.025852","3.400s","0.500s","0.300s","Inlined Function","","48","143","142","","","","","","0","0","","0.289","1.250","","0.289","1.250","","0","0.087","0.087","0.069","0.231","","","","8665930","","< 0.001s","","","","","","","","","","stl_algo.h:5698","tof_may2025_g","142","138654880","138654880","0","0","164652670","450628360","0","0","0","0","0","0","0","0","0","138654880","0","0","0","0","0","0","0","0","0","0","0","164652670","0","0","0","0","0","86659300","0","485292080","0","0","0","0","0","0","0","0","0","0","0","0","0","0","0","0","0","0","0","25997790","0","25997790","0","0","0","0","0","0","0","0","0","0","0","0","0","0"
"32","[loop in yggdrasil_decision_forests::model::decision_tree::EvalConditionTemplate<yggdrasil_decision_forests::model::decision_tree::EvalConditionOblique, yggdrasil_decision_forests::model::decision_tree::EvalConditionOblique::Data> at decision_tree.cc:870]","1","","0.0250916","3.300s","0.0250918","3.300s","0.300s","0.300s","Scalar","0","35","131","149","","","","","","2.497","0.083","","0.624","0.021","","3.121","0.104","","0.749","0.187","0.936","8.988","29.962","","","","","","","FMA","Int32","","","","","","","","decision_tree.cc:870","tof_may2025_g","149","7772009174","7772009174","0","0","23128767626","4966004694","0","0","0","0","0","0","0","0","0","93629948","0","0","7678379226","0","0","0","0","0","0","0","0","15356758452","0","0","7772009174","0","0","2904698858","0","18365939608","0","374519792","374519792","0","0","0","0","0","0","0","0","0","0","0","0","0","0","0","374519792","93629948","0","0","0","0","0","0","0","0","0","0","374519792","0","0","0","0","0"
"","yggdrasil_decision_forests::model::decision_tree::EvaluateProjection<yggdrasil_decision_forests::model::decision_tree::ClassificationLabelStats, std::vector<int, std::allocator<int>>>","-1","","31.7333","4173.504s","0.0250913","3.300s","119.500s","0.400s","Function","","48","93","95","","","","","","0","0","","11.092","0.014","","11.092","0.014","","0","4.437","4.437","313.360","783.402","","","","554619520","","< 0.001s","","Int32","128/256","AVX","","","","","","oblique.cc","tof_may2025_g","95","3825210829440","3825210829440","0","0","43948050764800","293948345600","0","6101369339520","0","0","0","0","0","0","0","3825210829440","0","0","0","0","0","0","0","6101369339520","0","0","0","37846681425280","0","0","0","0","0","69327440000","98167655040","800315967360","1226818378240","0","0","0","0","0","0","0","0","0","0","0","0","0","0","0","0","0","0","5546195200","0","8319292800","0","0","0","0","0","0","0","0","0","0","0","0","0","8873912320"
"","std::sqrt","-1","","0.0250916","3.300s","0.0250905","3.300s","3.300s","3.300s","Inlined Function","","10","51","55","","","","","","0.931","","","0","","","0.931","","","3.072","0","3.072","0","0","","","","3072000000","","< 0.001s","","","","","","","","","","cmath:449","tof_may2025_g","55","0","0","0","0","0","0","0","0","0","0","0","0","0","0","0","0","0","0","0","0","0","0","0","0","0","0","0","0","0","0","0","0","0","0","0","0","0","0","0","0","0","0","0","0","0","0","0","0","0","0","0","0","0","0","0","0","0","0","0","0","0","0","0","0","0","0","0","0","0","0","0","0"
"","__gnu_cxx::operator!=<yggdrasil_decision_forests::model::decision_tree::internal::AttributeAndWeight const*, std::vector<yggdrasil_decision_forests::model::decision_tree::internal::AttributeAndWeight, std::allocator<yggdrasil_decision_forests::model::decision_tree::internal::AttributeAndWeight>>>","-1","","0.0220502","2.900s","0.0220504","2.900s","0.200s","0.200s","Inlined Function","","41","113","112","","","","","","0","","","61.911","","","61.911","","","0","12.383","12.383","0","0","","","","5913948502","","< 0.001s","","","","","","","","","","stl_iterator.h:1244","tof_may2025_g","112","0","0","0","0","0","0","0","0","0","0","0","0","0","0","0","0","0","0","0","0","0","0","0","0","0","0","0","0","0","0","0","0","0","0","0","0","0","0","0","0","0","0","0","0","0","0","0","0","0","0","0","0","0","0","0","0","0","0","0","0","0","0","0","0","0","0","0","0","0","0","0","0"
"","__intel_avx_rep_memset","-1","","0.0722411","9.501s","0.0174882","2.300s","0.700s","0.300s","Function","","49","204","169","","","","","","0","0","","2.113","0.054","","2.113","0.054","","0","0.634","0.634","11.803","39.341","","","","53340582","","< 0.001s","Unpacks","Int32; UInt16; UInt256; ","128/256","AVX; AVX2; SSE2","","","","","","","tof_may2025_g","169","5499413469898","5499413469898","0","0","19542497888045","12976404105","0","4373005563","0","0","0","0","0","0","0","5499413469898","0","0","0","0","0","0","0","0","4373005563","0","0","16043105133103","0","0","3495019749379","0","0","707917643","98152","5614495570","98152","1529692020721","1529692020721","0","0","0","0","0","0","0","0","0","1529692020721","0","0","0","0","0","0","846621503","693427566","857917704","0","0","0","0","0","0","0","0","0","0","0","0","0","0"
"3","[loop in std::normal_distribution<float>::operator()<std::linear_congruential_engine<unsigned long, (unsigned long)48271, (unsigned long)0, (unsigned long)2147483647>> at random.tcc:1830]","1","","0.106449","14.000s","0.017488","2.300s","14.000s","2.300s","Scalar","0","10","51","49","","","","","","13.605","1.120","","6.802","0.560","","20.407","1.680","","31.291","15.645","46.936","27.933","12.145","","","","","","","FMA; Type Conversions","Int32; UInt16","","","","","","","","random.tcc:1830","tof_may2025_g","49","12288001783","12288001783","0","0","1973","24576002079","0","0","0","0","0","0","0","0","0","0","0","0","12288001783","0","0","0","0","0","0","0","0","0","0","0","1973","0","0","12288000380","116","49152001520","464","0","0","0","0","0","0","0","0","0","0","0","0","0","0","0","0","0","0","0","0","0","0","0","0","0","0","0","0","0","0","0","0","0","0","401"
"","yggdrasil_decision_forests::model::decision_tree::FindBestConditionClassification","-1","","0.0707128","9.300s","0.0167277","2.200s","0.500s","0.200s","Function","","44","90","176","","","","","","0","0","","30.980","0.035","","30.980","0.035","","0","6.196","6.196","179.125","895.595","","","","563285450","","< 0.001s","","","","","","","","","","training.cc","tof_may2025_g","176","9976911890400","9976911890400","0","0","124113189482100","251788596150","0","0","0","0","0","0","0","0","0","9976911890400","0","0","0","0","0","0","0","0","0","0","0","114136840877150","0","0","0","0","0","88999101100","72100537600","577367586250","570044875400","0","0","0","0","0","0","0","0","0","0","0","0","0","0","0","0","0","0","563285450","0","6196139950","0","0","0","0","0","0","0","0","0","0","0","0","0","3942998150"
"9","[loop in std::__introsort_loop<__gnu_cxx::__normal_iterator<unsigned int*, std::vector<unsigned int, std::allocator<unsigned int>>>, long, __gnu_cxx::__ops::_Iter_less_iter> at stl_algo.h:1834]","1","","0.0319348","4.200s","0.0152074","2.000s","0.100s","0.100s","Scalar","1","20","81","83","","","","","","0","0","","8.922","0.254","","8.922","0.254","","0","0.893","0.893","3.511","35.098","","","","","","","","","","","","","","","","stl_algo.h:1834","tof_may2025_g","83","0","0","0","0","6769323590","7416189989","0","0","0","0","0","0","0","0","0","0","0","0","0","0","0","0","0","0","0","0","0","6769323590","0","0","0","0","0","3272890720","580272366","8926065600","2321089464","0","0","0","0","0","0","0","0","0","0","0","0","0","0","0","0","0","0","0","0","0","0","0","0","0","0","0","0","0","0","0","0","0","0","0"
"34","[loop in yggdrasil_decision_forests::model::decision_tree::FillExampleBucketSet<yggdrasil_decision_forests::model::decision_tree::ExampleBucketSet<yggdrasil_decision_forests::model::decision_tree::ExampleBucket<yggdrasil_decision_forests::model::decision_tree::FeatureNumericalBucket, yggdrasil_decision_forests::model::decision_tree::LabelBinaryCategoricalOneValueBucket<(bool)0>>>, (bool)0> at stl_algo.h:1776]","1","","0.0197692","2.600s","0.0129261","1.700s","0.200s","0.200s","Scalar","0","49","97","155","","","","","","0","0","","11.218","0.136","","11.218","0.136","","0","2.244","2.244","16.501","82.507","","","","","","","","Int32","","","","","","","","stl_algo.h:1776","tof_may2025_g","155","51418006460","51418006460","0","0","115798796119","63016880354","0","0","0","0","0","0","0","0","0","25086569903","0","0","26331436557","0","0","0","0","0","0","0","0","53068743273","0","0","62730052846","0","0","25891510493","3135731120","78322583243","9866354345","0","0","0","0","0","0","0","0","0","0","0","0","0","0","0","0","0","0","2972972266","0","2702702060","0","0","0","0","0","0","0","0","0","0","0","0","0","755563116"
"","yggdrasil_decision_forests::model::decision_tree::NodeTrain","-1","","74.7023","9824.697s","0.012926","1.700s","280.100s","0.200s","Function","","46","88","88","","","","","","0","0","","1.170","0.022","","1.170","0.022","","0","0.234","0.234","10.520","52.601","","","","8665930","","0.001s","","Int32; UInt16; ","128/256","AVX; AVX512F_128","","","","","","training.cc","tof_may2025_g","88","-8367329176667359162","-8367329176667359162","0","0","875479128682443539","73227070340","0","4129765308351632456","0","0","0","0","0","0","0","-8367329176667359162","0","0","0","0","0","0","0","4129765308351632456","0","0","0","1431918648031194982","0","0","0","0","0","25742129153","18038128039","182235697874","161610843274","0","0","0","0","0","0","0","0","0","0","0","0","0","0","0","0","0","0","1018246751","0","1100570134","0","0","0","0","0","0","0","0","0","0","0","0","0","3626686401"
"","yggdrasil_decision_forests::model::decision_tree::FindBestConditionSingleThreadManager","-1","","74.5008","9798.197s","0.010645","1.400s","278.900s","0.100s","Function","","48","89","90","","","","","","0","0","","63.082","0.050","","63.082","0.050","","0","6.309","6.309","125.509","1254.967","","","","8665930","","0.001s","","","","","","","","","","training.cc","tof_may2025_g","90","16342488641052892","16342488641052892","0","0","65755613476415872","135214507230","0","0","0","0","0","0","0","0","0","16342488641052892","0","0","0","0","0","0","0","0","0","0","0","65755480983012102","0","0","0","0","0","47523960120","18337107880","342642206270","139088176500","0","0","0","0","0","0","0","0","0","0","0","0","0","0","0","0","0","0","0","155986740","7634685098","0","0","0","0","0","0","0","0","0","0","0","0","0","1889173508"
"","logf","-1","","0.00912423","1.200s","0.00912415","1.200s","1.200s","1.200s","Function","","5","36","56","","","","","","0","0","","2.560","0.125","","2.560","0.125","","0","3.072","3.072","24.576","20.480","","","","3072000000","","< 0.001s","","","","","","","","","","","tof_may2025_g","56","0","0","0","0","0","9216000000","0","0","0","0","0","0","0","0","0","0","0","0","0","0","0","0","0","0","0","0","0","0","0","0","0","0","0","3072000000","0","24576000000","0","0","0","0","0","0","0","0","0","0","0","0","0","0","0","0","0","0","0","0","0","0","0","0","0","0","0","0","0","0","0","0","0","0","0","0"
"10","[loop in std::__introsort_loop<__gnu_cxx::__normal_iterator<unsigned int*, std::vector<unsigned int, std::allocator<unsigned int>>>, long, __gnu_cxx::__ops::_Iter_less_iter> at stl_algo.h:1836]","1","","0.00836388","1.100s","0.00836464","1.100s","0.100s","0.100s","Scalar","0","21","83","84","","","","","","0","0","","23.525","0.750","","23.525","0.750","","0","2.354","2.354","3.138","31.367","","","","","","","","","","","","","","","","stl_algo.h:1836","tof_may2025_g","84","1569156316","1569156316","0","0","784578158","3922890790","0","0","0","0","0","0","0","0","0","1569156316","0","0","0","0","0","0","0","0","0","0","0","784578158","0","0","0","0","0","784578158","0","3138312632","0","0","0","0","0","0","0","0","0","0","0","0","0","0","0","0","0","0","0","1569156316","0","0","0","0","0","0","0","0","0","0","0","0","0","0","0","0"
"","yggdrasil_decision_forests::dataset::proto::NumericalSpec::_internal_mean","-1","","0.00836388","1.100s","0.00836395","1.100s","0.200s","0.200s","Inlined Function","","44","178","177","","","","","","0","0","","0","0","","0","0","","0","0","0","283.965","1419.824","","","","35495649280","","< 0.001s","","","","","","","","","","data_spec.pb.h:7353","tof_may2025_g","177","0","0","0","0","0","0","0","0","0","0","0","0","0","0","0","0","0","0","0","0","0","0","0","0","0","0","0","0","0","0","0","0","0","0","0","0","0","0","0","0","0","0","0","0","0","0","0","0","0","0","0","0","0","0","0","0","0","0","0","0","0","0","0","0","0","0","0","0","0","0","0","0"
"11","[loop in std::__introsort_loop<__gnu_cxx::__normal_iterator<unsigned int*, std::vector<unsigned int, std::allocator<unsigned int>>>, long, __gnu_cxx::__ops::_Iter_less_iter> at stl_algo.h:1839]","1","","0.00836388","1.100s","0.00836388","1.100s","0.100s","0.100s","Scalar","0","21","83","85","","","","","","0","0","","14.208","0.500","","14.208","0.500","","0","1.421","1.421","2.842","28.415","","","","","","","","","","","","","","","","stl_algo.h:1839","tof_may2025_g","85","710381244","710381244","0","0","710381244","2841524976","0","0","0","0","0","0","0","0","0","710381244","0","0","0","0","0","0","0","0","0","0","0","710381244","0","0","0","0","0","710381244","0","2841524976","0","0","0","0","0","0","0","0","0","0","0","0","0","0","0","0","0","0","0","710381244","0","0","0","0","0","0","0","0","0","0","0","0","0","0","0","0"
"","yggdrasil_decision_forests::model::decision_tree::internal::ProjectionEvaluator::Evaluate","-1","","10.629","1397.901s","0.00684327","0.900s","32.700s","0.200s","Function","","48","93","106","","","","","","0","0","","8.319","0.020","","8.319","0.020","","0","1.664","1.664","84.302","421.475","","","","554619520","","< 0.001s","","Int32","128","AVX","","","","","","oblique.cc:1034","tof_may2025_g","106","556837998080","556837998080","0","0","4677106412160","146419553280","0","0","0","0","0","0","0","0","0","556837998080","0","0","0","0","0","0","0","0","0","0","0","4677106412160","0","0","0","0","0","16638585600","44924181120","133108684800","359393448960","0","0","0","0","0","0","0","0","0","0","0","0","0","0","0","0","0","0","2218478080","0","6100814720","0","0","0","0","0","0","0","0","0","0","0","0","0","3327717120"
"","yggdrasil_decision_forests::model::decision_tree::FindBestConditionSparseObliqueTemplate<yggdrasil_decision_forests::model::decision_tree::ClassificationLabelStats>","-1","","73.9009","9719.297s","0.00684323","0.900s","276.099s","0.100s","Function","","51","92","94","","","","","","0.173","0.003","","5.739","0.086","","5.912","0.089","","0.017","0.574","0.591","6.656","66.561","","","","8665930","","0.001s","","UInt16; ","128","AVX; AVX512F_128","","","","","","oblique.cc","tof_may2025_g","94","6098875228872958502","6098875228872958502","0","0","7557166728511703450","80719900560","0","5725667496392674303","0","0","0","0","0","0","0","6096892255140386006","0","0","1982973732572496","0","0","0","0","5725667496392674303","0","0","0","-462492553127244344","0","0","4491649888195218168","0","0","20139297939","14641596118","127917092188","114864598693","-907930070317576500","-907930070317576500","0","0","0","0","0","0","0","0","0","0","0","0","-907930070317576500","0","0","0","2002466107","0","1351885032","181984530","0","0","0","0","0","0","0","0","0","0","0","0","2695740459"
"","__intel_avx_rep_memcpy","-1","","0.0357366","4.700s","0.00684316","0.900s","0.300s","0.200s","Function","","39","90","145","","","","","","0","0","","2.247","0.059","","2.247","0.059","","0","0.449","0.449","7.658","38.288","","","","56180187","","< 0.001s","NT-stores","Int32; UInt16","128/256","AVX","","","","","","","tof_may2025_g","145","802334440054","802334440054","0","0","6761521404710","9639637344","0","0","0","0","0","0","0","0","0","802334440054","0","0","0","0","0","0","0","0","0","0","0","6761521404710","0","0","0","0","0","837638036","730342581","6493119418","5842739598","1307479667407","1307479667407","0","0","0","0","0","0","0","0","0","1307479667407","0","0","0","0","0","0","424891772","0","845422929","0","0","0","0","0","0","0","0","0","0","0","0","0","0"
"","std::vector<float, std::allocator<float>>::resize","-1","","0.0136863","1.800s","0.00608275","0.800s","0.200s","0.100s","Function","","47","106","171","","","","","","0","0","","5.658","0.018","","5.658","0.018","","0","0.566","0.566","31.127","311.263","","","","554619520","","< 0.001s","","","","","","","","","","stl_vector.h:1143","tof_may2025_g","171","50997380383","50997380383","0","0","101457251496","53853989711","0","0","0","0","0","0","0","0","0","50997380383","0","0","0","0","0","0","0","0","0","0","0","101457251496","0","0","0","0","0","8873912320","16655695850","70991298560","133245566800","0","0","0","0","0","0","0","0","0","0","0","0","0","0","0","0","0","0","554619520","0","8319292800","0","0","0","0","0","0","0","0","0","0","0","0","0","0"
"","__libm_pow_l9","-1","","0.00532247","0.700s","0.00532254","0.700s","0.100s","0.100s","Function","","37","94","172","","","","","","4.766","0.237","","2.513","0.125","","7.279","0.362","","0.477","0.251","0.728","2.010","20.104","","","","8665930","","< 0.001s","Shifts","UInt16; ; ","128","AVX","","","","","","","tof_may2025_g","172","1949834250","1949834250","0","0","1750517860","2071157270","476626150","0","0","476626150","0","0","0","0","0","485292080","0","0","467960220","0","0","519955800","0","0","0","0","0","589283240","0","0","1161234620","0","0","580617310","60661510","5130230560","242646040","987916020","987916020","0","0","476626150","0","476626150","0","0","0","0","0","0","0","69327440","0","0","441962430","155986740","77993370","164652670","0","0","0","0","0","0","0","0","415964640","0","0","0","0","0"
"","yggdrasil_decision_forests::model::decision_tree::SetLabelDistribution","-1","","0.0661507","8.700s","0.00532251","0.700s","0.500s","0.200s","Function","","41","152","115","","","","","","0.130","0.007","","2.043","0.107","","2.173","0.114","","0.026","0.409","0.435","3.814","19.070","","","","8665930","","< 0.001s","Extracts; Gathers; Inserts; Shuffles; Type Conversions","Int32; Int64; UInt16; UInt256; UInt; ; ","128/256","AVX; AVX2; AVX512F_128; AVX512F_256","","","","","","label.cc","tof_may2025_g","115","7398981807036926434","7398981807036926434","0","0","-446855222133707478","25164238754","0","1993682846907407364","0","0","0","0","0","0","0","7398981804437147434","0","0","2599779000","0","0","0","0","1993682846907407364","0","0","0","-8624661724372780108","0","0","203075113309553674","0","0","6735988858","3475037930","44598758542","28944206200","0","0","0","0","0","0","0","0","0","0","0","0","0","0","0","0","0","0","400042178","0","285975690","0","0","0","0","103991160","0","0","0","0","0","0","0","0","935920440"
"38","[loop in yggdrasil_decision_forests::model::decision_tree::FillExampleBucketSet<yggdrasil_decision_forests::model::decision_tree::ExampleBucketSet<yggdrasil_decision_forests::model::decision_tree::ExampleBucket<yggdrasil_decision_forests::model::decision_tree::FeatureNumericalBucket, yggdrasil_decision_forests::model::decision_tree::LabelBinaryCategoricalOneValueBucket<(bool)0>>>, (bool)0> at stl_algobase.h:924]","1","","0.00532247","0.700s","0.00532244","0.700s","0.100s","0.100s","Scalar","0","41","97","173","","","","","","0","0","","1.549","0.050","","1.549","0.050","","0","0.155","0.155","3.099","30.987","","","","","","","","","","","","","","","","stl_algobase.h:924","tof_may2025_g","173","75296264","75296264","0","0","1204740224","1430629016","0","0","0","0","0","0","0","0","0","75296264","0","0","0","0","0","0","0","0","0","0","0","1204740224","0","0","0","0","0","0","1204740224","0","3011850560","0","0","0","0","0","0","0","0","0","0","0","0","0","0","0","0","0","0","75296264","0","0","0","0","0","0","0","0","0","0","0","0","0","0","0","0"
"","google::protobuf::internal::operator!=","-1","","0.00380176","0.500s","0.00380177","0.500s","0.100s","0.100s","Inlined Function","","42","142","200","","","","","","0","","","45.496","","","45.496","","","0","4.550","4.550","0","0","","","","60661510","","< 0.001s","","","","","","","","","","repeated_field.h:1336","tof_may2025_g","200","0","0","0","0","0","8856580460","0","0","0","0","0","0","0","0","0","0","0","0","0","0","0","0","0","0","0","0","0","0","0","0","0","0","0","0","0","0","0","0","0","0","0","0","0","0","0","0","0","0","0","0","0","0","0","0","0","0","0","0","0","0","0","0","0","0","0","0","0","0","0","0","0","0"
"","yggdrasil_decision_forests::model::decision_tree::GetCandidateAttributes","-1","","0.52313","68.801s","0.00304142","0.400s","2.600s","0.100s","Function","","44","90","134","","","","","","0.087","0.004","","2.946","0.125","","3.033","0.129","","0.009","0.295","0.303","2.357","23.571","","","","8665930","","< 0.001s","","Int32","128","AVX","","","","","","training.cc","tof_may2025_g","134","5880038652287752468","5880038652287752468","0","0","-3326089220307770772","15797989910","0","0","0","0","0","0","0","0","0","5880038652218425028","0","0","69327440","0","0","0","0","0","0","0","0","-4073677936890100804","0","0","0","0","0","1819845348","2981083088","12617594464","23259381464","1247893920","1247893920","0","0","0","0","0","0","0","0","0","1247893920","0","0","0","0","0","0","8666986","0","883923852","95325230","0","0","0","0","0","0","25997790","0","0","0","0","0","225315716"
"","std::__introsort_loop<__gnu_cxx::__normal_iterator<unsigned int*, std::vector<unsigned int, std::allocator<unsigned int>>>, long, __gnu_cxx::__ops::_Iter_less_iter>","-1","","0.0364969","4.800s","0.00304141","0.400s","0.100s","0.100s","Function","","18","81","82","","","","","","0","0","","0.291","0.036","","0.291","0.036","","0","0.029","0.029","0.797","7.971","","","","7399385","","< 0.001s","","","","","","","","","","stl_algo.h","tof_may2025_g","82","72968544","72968544","0","0","159710552","395978219","0","0","0","0","0","0","0","0","0","72968544","0","0","0","0","0","0","0","0","0","0","0","159710552","0","0","0","0","0","44396310","162273817","355170480","1298190536","0","0","0","0","0","0","0","0","0","0","0","0","0","0","0","0","0","0","7399385","0","29084887","0","0","0","0","0","0","0","0","0","0","0","0","0","0"
"2","[loop in std::__do_uninit_fill_n<float*, unsigned long, float> at stl_uninitialized.h:469]","1","","0.051704","6.800s","0.0030414","0.400s","6.800s","0.400s","Vectorized (Body)","0","14","43","41","","AVX","","4","","0","","","3.840","","","3.840","","","0","1.536","1.536","0","0","","","","","","","","Int32","256","AVX","","","","","","stl_uninitialized.h:469","tof_may2025_g","","","","","","","","","","","","","","","","","","","","","","","","","","","","","","","","","","","","","","","","","","","","","","","","","","","","","","","","","","","","","","","","","","","","","","","","",""
"","std::uniform_int_distribution<int>::operator()<std::mersenne_twister_engine<unsigned long, (unsigned long)32, (unsigned long)624, (unsigned long)397, (unsigned long)31, (unsigned long)2567483615, (unsigned long)11, (unsigned long)4294967295, (unsigned long)7, (unsigned long)2636928640, (unsigned long)15, (unsigned long)4022730752, (unsigned long)18, (unsigned long)1812433253>>","-1","","0.00912423","1.200s","0.00304137","0.400s","0.200s","0.100s","Function","","50","122","181","","","","","","0","0","","4.949","0.036","","4.949","0.036","","0","0.495","0.495","13.857","138.568","","","","123722039","","< 0.001s","","","","","","","","","","uniform_int_dist.h:288","tof_may2025_g","181","2103274663","2103274663","0","0","6433546028","7918210496","0","0","0","0","0","0","0","0","0","2103274663","0","0","0","0","0","0","0","0","0","0","0","4453993404","0","0","0","0","0","1732108546","2598162819","10392651276","20785302552","123722039","123722039","0","0","0","0","0","0","0","0","0","123722039","0","0","0","0","0","0","247444078","0","742332234","0","0","0","0","0","0","0","0","0","0","0","0","0","247444078"
"","std::vector<float, std::allocator<float>>::size","-1","","0.00304141","0.400s","0.00304137","0.400s","0.100s","0.100s","Inlined Function","","43","171","218","","","","","","0","0","","11.092","0.036","","11.092","0.036","","0","1.109","1.109","31.059","310.588","","","","554619520","","< 0.001s","","","","","","","","","","stl_vector.h:1117","tof_may2025_g","218","0","0","0","0","0","0","0","0","0","0","0","0","0","0","0","0","0","0","0","0","0","0","0","0","0","0","0","0","0","0","0","0","0","0","0","0","0","0","0","0","0","0","0","0","0","0","0","0","0","0","0","0","0","0","0","0","0","0","0","0","0","0","0","0","0","0","0","0","0","0","0","0"
"","yggdrasil_decision_forests::model::decision_tree::FindBestCondition","-1","","74.5023","9798.397s","0.00228116","0.300s","278.900s","0.100s","Function","","47","88","89","","","","","","0","0","","3.466","0.057","","3.466","0.057","","0","0.347","0.347","6.118","61.174","","","","8665930","","0.001s","","Int32; Int64","128","AVX","","","","","","training.cc","tof_may2025_g","89","16473936985655240","16473936985655240","0","0","129618472263284550","21231528500","0","19112543962330","0","0","0","0","0","0","0","16473936509029090","0","0","476626150","0","0","0","0","19112543962330","0","0","0","129541139748440420","0","0","320015463040","0","0","5875500540","3665688390","40911855530","29880126640","0","0","0","0","0","0","0","0","0","0","0","0","0","0","0","0","0","0","528621730","0","225314180","0","0","0","0","0","0","0","0","0","0","0","0","0","181984530"
"40","[loop in yggdrasil_decision_forests::model::decision_tree::internal::SetCondition at repeated_field.h:168]","1","","0.00380176","0.500s","0.00228108","0.300s","0.200s","0.100s","Scalar","0","41","198","201","","","","","","0","0","","1.522","0.102","","1.522","0.102","","0","0.152","0.152","1.489","14.886","","","","","","","Type Conversions","Int32; Int64","","","","","","","","repeated_field.h:168","tof_may2025_g","201","38079443667155","38079443667155","0","0","8484307624887195","5956858554","0","0","0","0","0","0","0","0","0","38079443667155","0","0","0","0","0","0","0","0","0","0","0","7431721011429684","0","0","930423118135476","0","0","1616075727","600801568","9956577368","3623235660","0","0","0","0","0","0","0","0","0","0","0","0","0","0","0","0","0","0","270936218","0","0","0","0","0","0","0","0","0","0","0","0","0","0","0","33399680"
"","yggdrasil_decision_forests::dataset::VerticalDataset::NumericalColumn::type","-1","","0.00228106","0.300s","0.00228106","0.300s","0.100s","0.100s","Function","","37","176","231","","","","","","0","0","","0","0","","0","0","","0","0","0","9.013","90.125","","","","563285450","","< 0.001s","","","","","","","","","","vertical_dataset.h:298","tof_may2025_g","231","0","0","0","0","1126570900","2816427250","0","0","0","0","0","0","0","0","0","0","0","0","0","0","0","0","0","0","0","0","0","1126570900","0","0","0","0","0","563285450","563285450","4506283600","4506283600","0","0","0","0","0","0","0","0","0","0","0","0","0","0","0","0","0","0","0","0","0","0","0","0","0","0","0","0","0","0","0","0","0","0","0"
"","std::uniform_int_distribution<int>::_S_nd<unsigned long, std::mersenne_twister_engine<unsigned long, (unsigned long)32, (unsigned long)624, (unsigned long)397, (unsigned long)31, (unsigned long)2567483615, (unsigned long)11, (unsigned long)4294967295, (unsigned long)7, (unsigned long)2636928640, (unsigned long)15, (unsigned long)4022730752, (unsigned long)18, (unsigned long)1812433253>, unsigned int>","-1","","0.00532247","0.700s","0.00228106","0.300s","0.100s","0.100s","Inlined Function","","49","181","180","","","","","","0","","","3.712","","","3.712","","","0","0.371","0.371","0","0","","","","123722039","","< 0.001s","","","","","","","","","","uniform_int_dist.h:257","tof_may2025_g","180","866054733","866054733","0","0","371166807","1360944269","0","0","0","0","0","0","0","0","0","866054733","0","0","0","0","0","0","0","0","0","0","0","371166807","0","0","0","0","0","0","0","0","0","0","0","0","0","0","0","0","0","0","0","0","0","0","0","0","0","0","0","0","371166117","0","230","0","0","0","0","0","0","0","0","0","0","0","0","0"
"41","[loop in yggdrasil_decision_forests::model::decision_tree::EvalConditionTemplate<yggdrasil_decision_forests::model::decision_tree::EvalConditionOblique, yggdrasil_decision_forests::model::decision_tree::EvalConditionOblique::Data> at stl_algo.h:1044]","1","","0.00228106","0.300s","0.00228106","0.300s","0.100s","0.100s","Scalar","0","29","131","216","","","","","","0","0","","2.454","0.047","","2.454","0.047","","0","0.245","0.245","5.234","52.342","","","","","","","","","","","","","","","","stl_algo.h:1044","tof_may2025_g","216","157842162","157842162","0","0","1262737296","1578421620","0","0","0","0","0","0","0","0","0","157842162","0","0","0","0","0","0","0","0","0","0","0","1262737296","0","0","0","0","0","631368648","631368648","2525474592","2525474592","0","0","0","0","0","0","0","0","0","0","0","0","0","0","0","0","0","0","157842162","0","0","0","0","0","0","0","0","0","0","0","0","0","0","0","0"
"","std::vector<float, std::allocator<float>>::operator[]","-1","","0.00228106","0.300s","0.00228104","0.300s","0.100s","0.100s","Inlined Function","","45","106","215","","","","","","0","0","","11.092","0.083","","11.092","0.083","","0","1.109","1.109","13.311","133.108","","","","554619520","","< 0.001s","","","","","","","","","","stl_vector.h:1261","tof_may2025_g","215","0","0","0","0","0","0","0","0","0","0","0","0","0","0","0","0","0","0","0","0","0","0","0","0","0","0","0","0","0","0","0","0","0","0","0","0","0","0","0","0","0","0","0","0","0","0","0","0","0","0","0","0","0","0","0","0","0","0","0","0","0","0","0","0","0","0","0","0","0","0","0","0"
"","_intel_fast_memcpy","-1","","0.00228106","0.300s","0.00228104","0.300s","0.100s","0.100s","Function","","35","121","214","","","","","","0","0","","0","0","","0","0","","0","0","0","0.449","4.494","","","","56180187","","< 0.001s","","","","","","","","","","","tof_may2025_g","214","0","0","0","0","168540560","505621682","0","0","0","0","0","0","0","0","0","0","0","0","0","0","0","0","0","0","0","0","0","168540560","0","0","0","0","0","112360374","0","898882992","0","0","0","0","0","0","0","0","0","0","0","0","0","0","0","0","0","0","0","0","0","0","0","0","0","0","0","0","0","0","0","0","0","0","0","0"
"","func@0x841980","-1","","0.0015207","0.200s","0.00152075","0.200s","0.100s","0.100s","Function","","43","96","167","","","","","","0","0","","0","0","","0","0","","0","0","0","4.581","45.807","","","","572609655","","< 0.001s","","","","","","","","","","","tof_may2025_g","167","0","0","0","0","0","572609655","0","0","0","0","0","0","0","0","0","0","0","0","0","0","0","0","0","0","0","0","0","0","0","0","0","0","0","572609655","0","4580877240","0","0","0","0","0","0","0","0","0","0","0","0","0","0","0","0","0","0","0","0","0","0","0","0","0","0","0","0","0","0","0","0","0","0","0","0"
"","yggdrasil_decision_forests::model::decision_tree::FindBestConditionOblique","-1","","73.8773","9716.197s","0.0015207","0.200s","276.099s","0.200s","Function","","50","91","92","","","","","","0","0","","0.087","0.008","","0.087","0.008","","0","0.017","0.017","2.262","11.309","","","","8665930","","0.001s","","","","","","","","","","oblique.cc","tof_may2025_g","92","190650460","190650460","0","0","1247893920","918588580","0","0","0","0","0","0","0","0","0","190650460","0","0","0","0","0","0","0","0","0","0","0","1247893920","0","0","0","0","0","285975690","398632780","2149150640","3067739220","0","0","0","0","0","0","0","0","0","0","0","0","0","0","0","0","0","0","8665930","0","34663720","0","0","0","0","0","0","0","0","0","0","0","0","0","17331860"
"8","[loop in std::__introsort_loop<__gnu_cxx::__normal_iterator<unsigned int*, std::vector<unsigned int, std::allocator<unsigned int>>>, long, __gnu_cxx::__ops::_Iter_less_iter> at stl_algo.h:1841]","1","","0.0364969","4.800s","0.0015207","0.200s","0.100s","0.100s","Scalar","4","19","82","81","","","","","","0","0","","0.485","0.205","","0.485","0.205","","0","0.048","0.048","0.237","2.368","","","","","","","","","","","","","","","","stl_algo.h:1841","tof_may2025_g","81","76839236639","76839236639","0","0","1372454094336","1581678164","0","0","0","0","0","0","0","0","0","76839236639","0","0","0","0","0","0","0","0","0","0","0","1372454094336","0","0","0","0","0","310772154","49789766","1272685964","199159064","0","0","0","0","0","0","0","0","0","0","0","0","0","0","0","0","0","0","0","0","81392707","0","0","0","0","0","0","0","0","0","0","0","0","0","96191381"
"","yggdrasil_decision_forests::model::decision_tree::EvalConditionOnDataset","-1","","0.127739","16.800s","0.0015207","0.200s","1.100s","0.100s","Function","","42","129","130","","","","","","0","0","","1.842","0.048","","1.842","0.048","","0","0.184","0.184","3.820","38.204","","","","4332941","","< 0.001s","","Int32","128/256","AVX","","","","","","decision_tree.cc","tof_may2025_g","130","409109008645551967","409109008645551967","0","0","266067305330480433","27760457040","0","-6054452502061662120","0","0","0","0","0","0","0","409109008645551967","0","0","0","0","0","0","0","-6054452502061662120","0","0","0","6357181977313140508","0","0","855474332348613944","0","0","5492338713","7228400122","42631334552","60958752456","0","0","0","0","0","0","0","0","0","0","0","0","0","0","0","0","0","0","1173838606","0","372632926","0","0","0","0","0","0","0","0","0","0","0","0","0","1337732629"
"","std::log","-1","","0.0501833","6.600s","0.0015207","0.200s","6.600s","0.200s","Inlined Function","","10","51","57","","","","","","","","","","","","","","","","","","","","","","","3072000000","","< 0.001s","","","","","","","","","","cmath:333","tof_may2025_g","57","0","0","0","0","0","0","0","0","0","0","0","0","0","0","0","0","0","0","0","0","0","0","0","0","0","0","0","0","0","0","0","0","0","0","0","0","0","0","0","0","0","0","0","0","0","0","0","0","0","0","0","0","0","0","0","0","0","0","0","0","0","0","0","0","0","0","0","0","0","0","0","0"
"","std::_Function_handler<absl::lts_20240722::Status (yggdrasil_decision_forests::dataset::VerticalDataset const&, absl::lts_20240722::Span<unsigned int const>, std::vector<float, std::allocator<float>> const&, yggdrasil_decision_forests::model::proto::TrainingConfig const&, yggdrasil_decision_forests::model::proto::TrainingConfigLinking const&, yggdrasil_decision_forests::model::decision_tree::NodeWithChildren*), absl::lts_20240722::Status (yggdrasil_decision_forests::dataset::VerticalDataset const&, absl::lts_20240722::Span<unsigned int const>, std::vector<float, std::allocator<float>> const&, yggdrasil_decision_forests::model::proto::TrainingConfig const&, yggdrasil_decision_forests::model::proto::TrainingConfigLinking const&, yggdrasil_decision_forests::model::decision_tree::NodeWithChildren*)*>::_M_manager","-1","","0.0015207","0.200s","0.00152069","0.200s","0.100s","0.100s","Function","","45","95","212","","","","","","0","0","","27.731","0.104","","27.731","0.104","","0","2.773","2.773","26.622","266.217","","","","1109239088","","< 0.001s","","","","","","","","","","std_function.h:269","tof_may2025_g","212","0","0","0","0","34386411872","36050270720","0","0","0","0","0","0","0","0","0","0","0","0","0","0","0","0","0","0","0","0","0","34386411872","0","0","0","0","0","2218478176","6100814960","17747825408","48806519680","0","0","0","0","0","0","0","0","0","0","0","0","0","0","0","0","0","0","0","0","0","0","0","0","0","0","0","0","0","0","0","0","0","0","0"
"","std::__new_allocator<yggdrasil_decision_forests::model::decision_tree::internal::AttributeAndWeight>::allocate","-1","","0.00228106","0.300s","0.000760383","0.100s","0.100s","0.100s","Inlined Function","","39","246","245","","","","","","0","0","","0","0","","0","0","","0","0","0","0.057","0.574","","","","7170049","","< 0.001s","","","","","","","","","","new_allocator.h:126","tof_may2025_g","245","0","0","0","0","71700490","78870539","0","0","0","0","0","0","0","0","0","0","0","0","0","0","0","0","0","0","0","0","0","71700490","0","0","0","0","0","7170049","14340098","57360392","114720784","0","0","0","0","0","0","0","0","0","0","0","0","0","0","0","0","0","0","0","0","0","0","0","0","0","0","0","0","0","0","0","0","0","0","21510147"
"","func@0x8417d0","-1","","0.000760352","0.100s","0.000760383","0.100s","0.100s","0.100s","Function","","38","122","255","","","","","","0","0","","0","0","","0","0","","0","0","0","1.201","12.010","","","","150130375","","< 0.001s","","","","","","","","","","","tof_may2025_g","255","0","0","0","0","0","150130375","0","0","0","0","0","0","0","0","0","0","0","0","0","0","0","0","0","0","0","0","0","0","0","0","0","0","0","150130375","0","1201043000","0","0","0","0","0","0","0","0","0","0","0","0","0","0","0","0","0","0","0","0","0","0","0","0","0","0","0","0","0","0","0","0","0","0","0","0"
"","std::_Vector_base<std::vector<float, std::allocator<float>> const*, std::allocator<std::vector<float, std::allocator<float>> const*>>::_M_create_storage","-1","","0.00380176","0.500s","0.000760375","0.100s","0.200s","0.100s","Inlined Function","","50","220","219","","","","","","0","0","","0.087","0.125","","0.087","0.125","","0","0.009","0.009","0.069","0.693","","","","8665930","","< 0.001s","","","","","","","","","","stl_vector.h:403","tof_may2025_g","219","8665930","8665930","0","0","43329650","77993370","0","0","0","0","0","0","0","0","0","8665930","0","0","0","0","0","0","0","0","0","0","0","43329650","0","0","0","0","0","8665930","25997790","69327440","207982320","0","0","0","0","0","0","0","0","0","0","0","0","0","0","0","0","0","0","8665930","0","0","0","0","0","0","0","0","0","0","0","0","0","0","0","8665930"
"","google::protobuf::internal::InternalMetadata::HasUnknownFieldsTag","-1","","0.000760352","0.100s","0.000760375","0.100s","0.100s","0.100s","Inlined Function","","8","228","227","","","","","","0","0","","0","0","","0","0","","0","0","0","0.035","0.347","","","","4332941","","< 0.001s","","Int32","128","AVX","","","","","","metadata_lite.h:141","tof_may2025_g","227","0","0","0","0","17331764","30330587","0","4332941","0","0","0","0","0","0","0","0","0","0","0","0","0","0","0","4332941","0","0","0","8665882","0","0","4332941","0","0","4332941","8665882","34663528","86658820","0","0","0","0","0","0","0","0","0","0","0","0","0","0","0","0","0","0","0","0","0","0","0","0","0","0","0","0","0","0","0","0","0","0","0"
"","google::protobuf::internal::ShortSooRep::is_soo","-1","","0.000760352","0.100s","0.000760375","0.100s","0.100s","0.100s","Inlined Function","","40","250","249","","","","","","0","","","0.087","","","0.087","","","0","0.009","0.009","0","0","","","","8665930","","< 0.001s","","","","","","","","","","repeated_field.h:168","tof_may2025_g","249","0","0","0","0","17331860","51995580","0","0","0","0","0","0","0","0","0","0","0","0","0","0","0","0","0","0","0","0","0","17331860","0","0","0","0","0","0","0","0","0","0","0","0","0","0","0","0","0","0","0","0","0","0","0","0","0","0","0","0","0","0","0","0","0","0","0","0","0","0","0","0","0","0","0","8665930"
"","absl::lts_20240722::Status::~Status","-1","","0.000760352","0.100s","0.000760368","0.100s","0.100s","0.100s","Function","","31","88","261","","","","","","0","0","","0","0","","0","0","","0","0","0","0.624","6.239","","","","25997647","","< 0.001s","","","","","","","","","","status.h:814","tof_may2025_g","261","0","0","0","0","155985882","311971764","0","0","0","0","0","0","0","0","0","0","0","0","0","0","0","0","0","0","0","0","0","155985882","0","0","0","0","0","77992941","51995294","623943528","415962352","0","0","0","0","0","0","0","0","0","0","0","0","0","0","0","0","0","0","0","0","0","0","0","0","0","0","0","0","0","0","0","0","0","0","0"
"","std::vector<std::vector<float, std::allocator<float>> const*, std::allocator<std::vector<float, std::allocator<float>> const*>>::_S_check_init_len","-1","","0.000760352","0.100s","0.00076036","0.100s","0.100s","0.100s","Inlined Function","","40","209","238","","","","","","0","","","0.087","","","0.087","","","0","0.009","0.009","0","0","","","","8665930","","< 0.001s","","","","","","","","","","stl_vector.h:2213","tof_may2025_g","238","0","0","0","0","0","0","0","0","0","0","0","0","0","0","0","0","0","0","0","0","0","0","0","0","0","0","0","0","0","0","0","0","0","0","0","0","0","0","0","0","0","0","0","0","0","0","0","0","0","0","0","0","0","0","0","0","0","0","0","0","0","0","0","0","0","0","0","0","0","0","0","0"
"","yggdrasil_decision_forests::utils::IntegerDistribution<double>::SetNumClasses","-1","","0.000760352","0.100s","0.00076036","0.100s","0.100s","0.100s","Function","","2","-1","213","","","","","","0","0","","0.780","0.070","","0.780","0.070","","0","0.078","0.078","1.109","11.092","","","","8665930","","< 0.001s","","","","","","","","","","distribution.h:788","tof_may2025_g","213","961918230","961918230","0","0","5988157630","1412546590","0","0","0","0","0","0","0","0","0","961918230","0","0","0","0","0","0","0","0","0","0","0","4558279180","0","0","0","0","0","181984530","268643830","1455876240","2149150640","0","0","0","0","0","0","0","0","0","0","0","0","0","0","0","0","0","0","8665930","0","86659300","0","0","0","0","0","0","0","0","0","0","0","0","0","25997790"
"","std::vector<float, std::allocator<float>>::_M_default_append","-1","","0.00456211","0.600s","0.00076036","0.100s","0.200s","0.100s","Inlined Function","","41","171","189","","","","","","0","0","","0.088","0.375","","0.088","0.375","","0","0.009","0.009","0.024","0.235","","","","2939272","","< 0.001s","","","","","","","","","","vector.tcc:814","tof_may2025_g","189","23568080","23568080","0","0","47225008","141093120","0","0","0","0","0","0","0","0","0","23568080","0","0","0","0","0","0","0","0","0","0","0","47211184","0","0","0","0","0","23514608","1536","188116864","11328","0","0","0","0","0","0","0","0","0","0","0","0","0","0","0","0","0","0","288","0","23514176","0","0","0","0","0","0","0","0","0","0","0","0","0","480"
"","std::__uninitialized_default_n_1<(bool)1>::__uninit_default_n<float*, unsigned long>","-1","","0.00380176","0.500s","0.000760352","0.100s","0.200s","0.100s","Inlined Function","","44","187","186","","","","","","0","0","","0.029","0.250","","0.029","0.250","","0","0.003","0.003","0.012","0.118","","","","2939224","","< 0.001s","","","","","","","","","","stl_uninitialized.h:888","tof_may2025_g","186","0","0","0","0","2939224","11756896","0","0","0","0","0","0","0","0","0","0","0","0","0","0","0","0","0","0","0","0","0","2939224","0","0","0","0","0","0","2939224","0","11756896","0","0","0","0","0","0","0","0","0","0","0","0","0","0","0","0","0","0","0","0","0","0","0","0","0","0","0","0","0","0","0","0","0","0","0"
"","yggdrasil_decision_forests::model::decision_tree::FindBestConditionOblique","-1","","73.8781","9716.297s","0.000760352","0.100s","276.099s","0.100s","Function","","49","90","91","","","","","","0","0","","0.173","0.008","","0.173","0.008","","0","0.017","0.017","2.184","21.838","","","","8665930","","0.001s","","","","","","","","","","training.cc","tof_may2025_g","91","216648250","216648250","0","0","12669589660","1611862980","0","0","0","0","0","0","0","0","0","216648250","0","0","0","0","0","0","0","0","0","0","0","12669589660","0","0","0","0","0","537287660","675942540","4090318960","5407540320","0","0","0","0","0","0","0","0","0","0","0","0","0","0","0","0","0","0","25997790","0","34663720","0","0","0","0","0","0","0","0","0","0","0","0","0","34663720"
"","std::__copy_move_a2<(bool)0, yggdrasil_decision_forests::model::decision_tree::internal::AttributeAndWeight*, yggdrasil_decision_forests::model::decision_tree::internal::AttributeAndWeight*, yggdrasil_decision_forests::model::decision_tree::internal::AttributeAndWeight*>","-1","","0.000760352","0.100s","0.000760352","0.100s","0.100s","0.100s","Inlined Function","","39","242","241","","","","","","0","0","","0.026","0.132","","0.026","0.132","","0","0.003","0.003","0.020","0.199","","","","1389928","","< 0.001s","","","","","","","","","","stl_algobase.h:413","tof_may2025_g","241","0","0","0","0","30344337","23272307","0","0","0","0","0","0","0","0","0","0","0","0","0","0","0","0","0","0","0","0","0","30344337","0","0","0","0","0","1242291","1242291","9938328","9938328","0","0","0","0","0","0","0","0","0","0","0","0","0","0","0","0","0","0","0","0","0","0","0","0","0","0","0","0","0","0","0","0","0","0","442911"
"","absl::lts_20240722::Status::Ref","-1","","0.000760352","0.100s","0.000760352","0.100s","0.100s","0.100s","Inlined Function","","41","222","221","","","","","","0","0","","27.731","0.625","","27.731","0.625","","0","2.773","2.773","4.437","44.370","","","","554619520","","< 0.001s","","","","","","","","","","status.h:916","tof_may2025_g","221","0","0","0","0","0","0","0","0","0","0","0","0","0","0","0","0","0","0","0","0","0","0","0","0","0","0","0","0","0","0","0","0","0","0","0","0","0","0","0","0","0","0","0","0","0","0","0","0","0","0","0","0","0","0","0","0","0","0","0","0","0","0","0","0","0","0","0","0","0","0","0","0"
"","google::protobuf::Arena::DefaultConstruct<yggdrasil_decision_forests::model::decision_tree::proto::Condition>","-1","","0.00456211","0.600s","0.000760352","0.100s","0.100s","0.100s","Function","","44","160","164","","","","","","0","0","","0","0","","0","0","","0","0","0","0.173","1.733","","","","4332941","","< 0.001s","","","","","","","","","","arena.h:684","tof_may2025_g","164","4332941","4332941","0","0","259976460","203648227","0","0","0","0","0","0","0","0","0","4332941","0","0","0","0","0","0","0","0","0","0","0","259976460","0","0","0","0","0","8665882","51995292","69327056","415962336","0","0","0","0","0","0","0","0","0","0","0","0","0","0","0","0","0","0","4332941","0","0","0","0","0","0","0","0","0","0","0","0","0","0","0","21664705"
"","std::uniform_int_distribution<int>::param_type::b","-1","","0.000760352","0.100s","0.000760352","0.100s","0.100s","0.100s","Inlined Function","","44","181","253","","","","","","0","0","","0","0","","0","0","","0","0","0","1.485","14.847","","","","123722039","","< 0.001s","","","","","","","","","","uniform_int_dist.h:116","tof_may2025_g","253","0","0","0","0","0","0","0","0","0","0","0","0","0","0","0","0","0","0","0","0","0","0","0","0","0","0","0","0","0","0","0","0","0","0","0","0","0","0","0","0","0","0","0","0","0","0","0","0","0","0","0","0","0","0","0","0","0","0","0","0","0","0","0","0","0","0","0","0","0","0","0","0"
"44","[loop in yggdrasil_decision_forests::model::decision_tree::FindBestConditionSparseObliqueTemplate<yggdrasil_decision_forests::model::decision_tree::ClassificationLabelStats> at stl_numeric.h:97]","1","","0.000760352","0.100s","0.000760352","0.100s","0.100s","0.100s","Vectorized (Body)","0","25","94","257","","AVX512","","8","","0","0","","20.941","0.375","","20.941","0.375","","0","2.094","2.094","5.584","55.844","","","","","","","","UInt16; ","128","AVX; AVX512F_128","","","","","","stl_numeric.h:97","tof_may2025_g","257","698046540","698046540","0","0","698046540","2094139620","349023270","698046540","0","349023270","0","0","0","0","0","349023270","0","0","0","0","0","0","0","349023270","0","349023270","0","0","0","0","0","0","0","0","349023270","0","5584372320","0","0","0","0","0","0","0","0","0","0","0","0","0","0","0","0","0","0","698046540","0","0","0","0","0","0","0","0","0","0","0","0","0","0","0","0"
"","std::vector<yggdrasil_decision_forests::model::decision_tree::internal::AttributeAndWeight, std::allocator<yggdrasil_decision_forests::model::decision_tree::internal::AttributeAndWeight>>::operator=","-1","","0.00380176","0.500s","0.00076035","0.100s","0.100s","0.100s","Function","","35","93","233","","","","","","0","0","","1.881","0.061","","1.881","0.061","","0","0.188","0.188","3.100","31.000","","","","18214891","","< 0.001s","","","","","","","","","","vector.tcc:211","tof_may2025_g","233","17470848847332","17470848847332","0","0","106818069626244","9199257876","0","0","0","0","0","0","0","0","0","17470848847332","0","0","0","0","0","0","0","0","0","0","0","106818069626244","0","0","0","0","0","1628739534","2292728262","13029916272","18341826096","68388803460","68388803460","0","0","0","0","0","0","0","0","0","68388803460","0","0","0","0","0","0","226054177","0","681925714","0","0","0","0","0","0","0","0","0","0","0","0","0","57677748"
"","google::protobuf::internal::HeapRep<(unsigned long)8>::elements","-1","","0.000760352","0.100s","0.000760346","0.100s","0.100s","0.100s","Inlined Function","","38","203","202","","","","","","0","","","0.008","","","0.008","","","0","< 0.001","< 0.001","0","0","","","","835003","","< 0.001s","","","","","","","","","","repeated_field.h:107","tof_may2025_g","202","0","0","0","0","2505009","7515027","0","0","0","0","0","0","0","0","0","0","0","0","0","0","0","0","0","0","0","0","0","1670006","0","0","0","0","0","835003","0","6680024","0","0","0","0","0","0","0","0","0","0","0","0","0","0","0","0","0","0","0","0","0","0","0","0","0","0","0","0","0","0","0","0","0","0","0","835003"
"","yggdrasil_decision_forests::model::decision_tree::proto::Condition::_internal_mutable_higher_condition","-1","","0.0015207","0.200s","0.000760344","0.100s","0.100s","0.100s","Inlined Function","","46","175","174","","","","","","0","0","","0.408","0.092","","0.408","0.092","","0","0.041","0.041","0.444","4.439","","","","13881950","","< 0.001s","","Int32","128","AVX","","","","","","decision_tree.pb.h:5803","tof_may2025_g","174","0","0","0","0","285173673","436274257","0","38996469","0","0","0","0","0","0","0","0","0","0","0","0","0","0","0","38996469","0","0","0","207180735","0","0","38996469","0","0","142269314","38996469","877847276","329303516","0","0","0","0","0","0","0","0","0","0","0","0","0","0","0","0","0","0","0","0","0","0","0","0","0","0","0","0","0","0","0","0","0","0","12998823"
"","yggdrasil_decision_forests::model::decision_tree::proto::NodeCondition::Clear","-1","","0.000760352","0.100s","0.000760343","0.100s","0.100s","0.100s","Function","","37","224","226","","","","","","0","0","","0","0","","0","0","","0","0","0","0.247","2.470","","","","4332989","","< 0.001s","","Int32","256","AVX","","","","","","decision_tree.pb.cc:5589","tof_may2025_g","226","0","0","0","0","194984505","194984505","0","0","0","0","0","0","0","0","0","0","0","0","0","0","0","0","0","0","0","0","0","194984505","0","0","0","0","0","38996901","60661846","181985538","450630856","0","0","0","0","0","0","0","0","0","0","0","0","0","0","0","0","0","0","0","0","0","0","0","0","0","0","0","0","0","0","0","0","0","0","0"
"","yggdrasil_decision_forests::model::decision_tree::FeatureNumericalBucket::Filler::SetConditionFinalFromThresholds","-1","","0.00760352","1.000s","0.000760343","0.100s","0.100s","0.100s","Function","","44","96","161","","","","","","0.364","0.021","","0.364","0.021","","0.729","0.041","","0.036","0.036","0.073","1.767","17.669","","","","18214891","","< 0.001s","","Int32","128","AVX","","","","","","splitter_accumulator.h:232","tof_may2025_g","161","109289346","109289346","0","0","273223365","783240313","0","0","0","0","0","0","0","0","0","72859564","0","0","36429782","0","0","0","0","0","0","0","0","218578692","0","0","36429782","0","18214891","236793583","218578692","1238612588","1548265735","18214891","18214891","0","0","0","0","0","0","0","0","0","0","0","0","0","0","0","18214891","18214891","0","54644673","0","0","0","0","0","0","0","0","18214891","0","0","0","0","0"
"","google::protobuf::RepeatedField<double>::GrowNoAnnotate","-1","","0.0015207","0.200s","0.000760341","0.100s","0.100s","0.100s","Function","","38","157","159","","","","","","0","0","","0.780","0.064","","0.780","0.064","","0","0.078","0.078","1.213","12.132","","","","8665930","","< 0.001s","","","","","","","","","","repeated_field.h:1182","tof_may2025_g","159","153681602620","153681602620","0","0","900866753150","3154398520","0","0","0","0","0","0","0","0","0","153681602620","0","0","0","0","0","0","0","0","0","0","0","892313480240","0","0","0","0","0","190650460","719272190","1317221360","5303549160","0","0","0","0","0","0","0","0","0","0","0","0","0","0","0","0","0","0","51995580","0","95325230","0","0","0","0","0","0","0","0","0","0","0","0","0","34663720"
"","func@0x842470","-1","","0.000760352","0.100s","0.000760333","0.100s","0.100s","0.100s","Function","","52","10","256","","","","","","0","0","","0","0","","0","0","","0","0","0","< 0.001","< 0.001","","","","119","","< 0.001s","","","","","","","","","","","tof_may2025_g","256","0","0","0","0","0","119","0","0","0","0","0","0","0","0","0","0","0","0","0","0","0","0","0","0","0","0","0","0","0","0","0","0","0","119","0","952","0","0","0","0","0","0","0","0","0","0","0","0","0","0","0","0","0","0","0","0","0","0","0","0","0","0","0","0","0","0","0","0","0","0","0","0"
"","yggdrasil_decision_forests::model::decision_tree::proto::NodeClassifierOutput::NodeClassifierOutput","-1","","0.000760352","0.100s","0.000760325","0.100s","0.100s","0.100s","Function","","39","239","240","","","","","","0","0","","0","0","","0","0","","0","0","0","0.451","4.506","","","","8665930","","< 0.001s","","Int32","128","AVX","","","","","","decision_tree.pb.cc:917","tof_may2025_g","240","0","0","0","0","43329650","77993370","0","8665930","0","0","0","0","0","0","0","0","0","0","0","0","0","0","0","8665930","0","0","0","34663720","0","0","0","0","0","8665930","43329650","69327440","381300920","0","0","0","0","0","0","0","0","0","0","0","0","0","0","0","0","0","0","0","0","0","0","0","0","0","0","0","0","0","0","0","0","0","0","0"
"","_start","-1","","0.3893","51.200s","0","0s","51.200s","0s","Function","","2","-1","35","","","","","","","0","","","0.156","","","0.156","","0","< 0.001","< 0.001","< 0.001","","","","","1","","51.20s","","","","","","","","","","","tof_may2025_g","35","0","0","0","0","2","12","0","0","0","0","0","0","0","0","0","0","0","0","0","0","0","0","0","0","0","0","0","2","0","0","0","0","0","2","2","16","16","0","0","0","0","0","0","0","0","0","0","0","0","0","0","0","0","0","0","0","0","0","0","0","0","0","0","0","0","0","0","0","0","0","0","1"
"","main","-1","","0.3893","51.200s","0","0s","51.200s","0s","Function","","4","2","36","","","","","","","0.002","","","0.194","","","0.196","","< 0.001","< 0.001","< 0.001","< 0.001","","","","","1","","51.20s","Shuffles","UInt16; UInt256; ; ","128","AVX; AVX2","","","","","","train_oblique_forest.cc:144","tof_may2025_g","36","-8092870981380332619","-8092870981380332619","0","0","7779783748872721357","25633","0","0","0","0","0","0","0","0","0","-8092870981380332619","0","0","0","0","0","0","0","0","0","0","0","-2291193267236192438","0","0","906077043","0","0","3643","2715","22462","16040","701408733","701408733","0","0","0","0","0","0","0","0","0","0","0","0","701408733","0","0","0","0","22","247","0","0","0","0","0","0","0","0","0","0","0","0","0","3917"
"","MakeTrunkDataset","-1","","0.380176","50.000s","0","0s","50.000s","0s","Function","","5","36","37","","","","","","","< 0.001","100","","0.281","","","0.282","100","< 0.001","0.002","0.002","0.006","","","","","1","","50.00s","Blends; FMA; Square Roots; Type Conversions","Int32; UInt16; UInt256; ; ","128/256","AVX; AVX2; AVX512F_256; FMA","","","","","","train_oblique_forest.cc:104","tof_may2025_g","37","9467625143098386","9467625143098386","0","0","113918134539100472","15011811","209270786902","18935136665789232","0","104633891493","34880967747","0","0","69755927662","0","9467415872311484","0","0","0","0","0","0","0","18935010468610660","91316209228","34880969344","0","94876620141839163","0","0","0","0","0","449","1501826","3028","48045656","0","0","0","0","0","0","0","0","0","0","0","0","0","0","0","0","0","0","3751309","1920","41","0","0","0","0","0","0","0","0","1280","0","0","0","0","245"
"1","[loop in yggdrasil_decision_forests::dataset::VerticalDataset::Resize at vertical_dataset.cc:1054]","1","","0.051704","6.800s","0","0s","6.800s","0s","Scalar","1","7","39","38","","","","","","","0","","","0.106","","","0.106","","0","< 0.001","< 0.001","< 0.001","","","","","","","","","","","","","","","","","vertical_dataset.cc:1054","tof_may2025_g","38","452615","452615","0","0","4452411","196689","0","0","0","0","0","0","0","0","0","452615","0","0","0","0","0","0","0","0","0","0","0","4452411","0","0","0","0","0","94246","0","753968","0","0","0","0","0","0","0","0","0","0","0","0","0","0","0","0","0","0","0","1024","0","16391","0","0","0","0","0","0","0","0","0","0","0","0","0","20488"
"","yggdrasil_decision_forests::dataset::VerticalDataset::Resize","-1","","0.051704","6.800s","0","0s","6.800s","0s","Function","","6","37","39","","","","","","","0","","","0.020","","","0.020","","0","< 0.001","< 0.001","< 0.001","","","","","1","","6.800s","","","","","","","","","","vertical_dataset.cc:1052","tof_may2025_g","39","0","0","0","0","74","60","0","0","0","0","0","0","0","0","0","0","0","0","0","0","0","0","0","0","0","0","0","74","0","0","0","0","0","21","19","156","136","0","0","0","0","0","0","0","0","0","0","0","0","0","0","0","0","0","0","0","0","0","0","0","0","0","0","0","0","0","0","0","0","0","0","0"
"","yggdrasil_decision_forests::dataset::VerticalDataset::NumericalColumn::Resize","-1","","0.051704","6.800s","0","0s","6.800s","0s","Function","","8","38","42","","","","","","","0","","","0","","","0","","0","0","0","< 0.001","","","","","4096","","0.002s","","Int32","256","AVX","","","","","","vertical_dataset.h:312","tof_may2025_g","42","40960","40960","0","0","98304","192512","0","0","0","0","0","0","0","0","0","40960","0","0","0","0","0","0","0","0","0","0","0","86016","0","0","0","0","0","40960","49152","327680","393216","0","0","0","0","0","0","0","0","0","0","0","0","0","0","0","0","0","0","4096","0","24576","0","0","0","0","0","0","0","0","0","0","0","0","0","0"
"","std::__do_uninit_fill_n<float*, unsigned long, float>","-1","","0.051704","6.800s","0","0s","6.800s","0s","Inlined Function","","13","44","43","","","","","","","","","","","","","","","0","< 0.001","< 0.001","0","","","","","4096","","0.002s","","Int32","256","AVX","","","","","","stl_uninitialized.h:455","tof_may2025_g","43","0","0","0","0","86016","106496","0","86016","0","0","0","0","0","0","0","0","0","0","0","0","0","0","0","86016","0","0","0","0","0","0","0","0","0","16384","0","65536","0","0","0","0","0","0","0","0","0","0","0","0","0","0","0","0","0","0","0","0","0","0","0","0","0","0","0","0","0","0","0","0","0","0","0","0"
"","std::uninitialized_fill_n<float*, unsigned long, float>","-1","","0.051704","6.800s","0","0s","6.800s","0s","Inlined Function","","12","45","44","","","","","","","","","","","","","","","","","","","","","","","4096","","0.002s","","Int32","256","AVX","","","","","","stl_uninitialized.h:526","tof_may2025_g","","","","","","","","","","","","","","","","","","","","","","","","","","","","","","","","","","","","","","","","","","","","","","","","","","","","","","","","","","","","","","","","","","","","","","","","",""
"","std::__uninitialized_fill_n_a<float*, unsigned long, float, float>","-1","","0.051704","6.800s","0","0s","6.800s","0s","Inlined Function","","11","46","45","","","","","","","","","","","","","","","","","","","","","","","4096","","0.002s","","Int32","256","AVX","","","","","","stl_uninitialized.h:720","tof_may2025_g","","","","","","","","","","","","","","","","","","","","","","","","","","","","","","","","","","","","","","","","","","","","","","","","","","","","","","","","","","","","","","","","","","","","","","","","",""
"","std::vector<float, std::allocator<float>>::_M_fill_append","-1","","0.051704","6.800s","0","0s","6.800s","0s","Inlined Function","","10","47","46","","","","","","","0","","","0.139","","","0.139","","0","< 0.001","< 0.001","< 0.001","","","","","4096","","0.002s","","Int32","256","AVX","","","","","","vector.tcc:759","tof_may2025_g","46","675840","675840","0","0","2166784","512000","0","0","0","0","0","0","0","0","0","675840","0","0","0","0","0","0","0","0","0","0","0","1994752","0","0","0","0","0","36864","69632","294912","557056","0","0","0","0","0","0","0","0","0","0","0","0","0","0","0","0","0","0","16384","0","24576","0","0","0","0","0","0","0","0","0","0","0","0","0","16384"
"","std::vector<float, std::allocator<float>>::resize","-1","","0.051704","6.800s","0","0s","6.800s","0s","Inlined Function","","9","42","47","","","","","","","0","","","0.188","","","0.188","","0","< 0.001","< 0.001","< 0.001","","","","","4096","","0.002s","","Int32","256","AVX","","","","","","stl_vector.h:1164","tof_may2025_g","47","0","0","0","0","0","0","0","0","0","0","0","0","0","0","0","0","0","0","0","0","0","0","0","0","0","0","0","0","0","0","0","0","0","0","0","0","0","0","0","0","0","0","0","0","0","0","0","0","0","0","0","0","0","0","0","0","0","0","0","0","0","0","0","0","0","0","0","0","0","0","0","0"
"","std::__detail::_Adaptor<std::linear_congruential_engine<unsigned long, (unsigned long)48271, (unsigned long)0, (unsigned long)2147483647>, float>::operator()","-1","","0.038778","5.100s","0","0s","5.100s","0s","Inlined Function","","11","49","50","","","","","","","","","","","","","","","","","","","","","","","3911337157","","< 0.001s","","","","","","","","","","random.h:291","tof_may2025_g","","","","","","","","","","","","","","","","","","","","","","","","","","","","","","","","","","","","","","","","","","","","","","","","","","","","","","","","","","","","","","","","","","","","","","","","",""
"","std::normal_distribution<float>::operator()<std::linear_congruential_engine<unsigned long, (unsigned long)48271, (unsigned long)0, (unsigned long)2147483647>>","-1","","0.293496","38.600s","0","0s","38.600s","0s","Inlined Function","","8","53","52","","","","","","","","","","","","","","","","","","","","","","","6144000000","","< 0.001s","","","","","","","","","","random.h:2238","tof_may2025_g","","","","","","","","","","","","","","","","","","","","","","","","","","","","","","","","","","","","","","","","","","","","","","","","","","","","","","","","","","","","","","","","","","","","","","","","",""
"5","[loop in MakeTrunkDataset at train_oblique_forest.cc:123]","1","","0.328472","43.200s","0","0s","43.200s","0s","Scalar","2","6","37","54","","","","","","","0","","","0.343","","","0.343","","0","< 0.001","< 0.001","0.001","","","","","","","","","Int32; UInt16","128","AVX","","","","","","train_oblique_forest.cc:123","tof_may2025_g","54","37404672","37404672","0","0","886841344","4403200","0","21168128","0","0","0","0","0","0","0","37404672","0","0","0","0","0","0","0","21168128","0","0","0","865447936","0","0","0","0","0","892928","528384","4653056","2998272","8085504","8085504","0","0","0","0","0","0","0","0","0","8085504","0","0","0","0","0","0","479232","172032","20480","0","0","0","0","0","0","0","0","0","0","0","0","0","106496"
"","std::__detail::_Adaptor<std::linear_congruential_engine<unsigned long, (unsigned long)48271, (unsigned long)0, (unsigned long)2147483647>, float>::operator()","-1","","0.0501833","6.600s","0","0s","6.600s","0s","Inlined Function","","11","49","60","","","","","","","","","","","","","","","","","","","","","","","3072000000","","< 0.001s","","","","","","","","","","random.h:291","tof_may2025_g","","","","","","","","","","","","","","","","","","","","","","","","","","","","","","","","","","","","","","","","","","","","","","","","","","","","","","","","","","","","","","","","","","","","","","","","",""
"","yggdrasil_decision_forests::model::AbstractLearner::TrainWithStatus","-1","","0","0s","0","0s","0s","0s","Function","","5","36","61","","","","","","","0","","","0.044","","","0.044","","0","< 0.001","< 0.001","< 0.001","","","","","1","","","","","","","","","","","","abstract_learner.cc:352","tof_may2025_g","61","55","55","0","0","573","140","0","0","0","0","0","0","0","0","0","55","0","0","0","0","0","0","0","0","0","0","0","552","0","0","0","0","0","8","53","41","404","0","0","0","0","0","0","0","0","0","0","0","0","0","0","0","0","0","0","0","0","5","0","0","0","0","0","0","0","0","0","0","0","0","0","15"
"","yggdrasil_decision_forests::model::random_forest::RandomForestLearner::TrainWithStatusImpl","-1","","0","0s","0","0s","0s","0s","Function","","6","61","62","","","","","","","0","","","0.102","","","0.102","","0","< 0.001","< 0.001","< 0.001","","","","","1","","","","Int32; Int64; UInt16; ; ","128/256","AVX; AVX2; AVX512F_128","","","","","","random_forest.cc:363","tof_may2025_g","62","-4270621625875859976","-4270621625875859976","0","0","8033107299686823301","3241407","0","-5420802164887628212","0","0","0","0","0","0","0","-4270621625875859976","0","0","0","0","0","0","0","-5420802164887628212","0","0","0","6837118844572165542","0","0","2584","0","0","325142","376497","2569961","3031563","0","0","0","0","0","0","0","0","0","0","0","0","0","0","0","0","0","0","48743","34312","252","0","0","0","0","0","0","0","0","0","0","0","0","0","314432"
"6","[loop in yggdrasil_decision_forests::utils::concurrency::ThreadPool::ThreadPool at concurrency_default.cc:29]","1","","0","0s","0","0s","0s","0s","Scalar","0","8","65","64","","","","","","","0","","","0.188","","","0.188","","0","< 0.001","< 0.001","< 0.001","","","","","","","","","UInt16","","","","","","","","concurrency_default.cc:29","tof_may2025_g","64","552","552","0","0","2414","2184","0","0","0","0","0","0","0","0","0","552","0","0","0","0","0","0","0","0","0","0","0","2244","0","0","0","0","0","636","178","4512","1424","0","0","0","0","0","0","0","0","0","0","0","0","0","0","0","0","0","0","164","0","144","0","0","0","0","0","0","0","0","0","0","0","0","0","0"
"","yggdrasil_decision_forests::utils::concurrency::ThreadPool::ThreadPool","-1","","0","0s","0","0s","0s","0s","Function","","7","62","65","","","","","","","0","","","0.030","","","0.030","","0","< 0.001","< 0.001","< 0.001","","","","","1","","","","Int32","128/256","AVX","","","","","","concurrency_default.cc:29","tof_may2025_g","65","1991","1991","0","0","9242","375","0","173","0","0","0","0","0","0","0","1991","0","0","0","0","0","0","0","173","0","0","0","9069","0","0","0","0","0","32","166","256","1636","0","0","0","0","0","0","0","0","0","0","0","0","0","0","0","0","0","0","15","0","8","0","0","0","0","0","0","0","0","0","0","0","0","0","16"
"","std::vector<std::thread, std::allocator<std::thread>>::emplace_back<void (void) yggdrasil_decision_forests::utils::concurrency::ThreadPool::*, yggdrasil_decision_forests::utils::concurrency::ThreadPool*>","-1","","0","0s","0","0s","0s","0s","Inlined Function","","9","64","69","","","","","","","0","","","0.086","","","0.086","","0","< 0.001","< 0.001","< 0.001","","","","","48","","","","Int32","256","AVX","","","","","","vector.tcc:112","tof_may2025_g","69","0","0","0","0","0","96","0","0","0","0","0","0","0","0","0","0","0","0","0","0","0","0","0","0","0","0","0","0","0","0","0","0","0","48","0","384","0","0","0","0","0","0","0","0","0","0","0","0","0","0","0","0","0","0","0","0","0","0","0","0","0","0","0","0","0","0","0","0","0","0","0","0"
"","std::function<void (void)>::operator()","-1","","74.7282","9828.097s","0","0s","280.200s","0s","Inlined Function","","8","74","73","","","","","","","0","","","0.062","","","0.062","","0","< 0.001","< 0.001","< 0.001","","","","","48","","204.75s","","","","","","","","","","std_function.h:589","tof_may2025_g","73","0","0","0","0","48","288","0","0","0","0","0","0","0","0","0","0","0","0","0","0","0","0","0","0","0","0","0","48","0","0","0","0","0","144","0","1152","0","0","0","0","0","0","0","0","0","0","0","0","0","0","0","0","0","0","0","0","0","0","0","0","0","0","0","0","0","0","0","0","0","0","0","48"
"7","[loop in yggdrasil_decision_forests::utils::concurrency::ThreadPool::ThreadLoop at concurrency_default.cc:60]","1","","74.7282","9828.097s","0","0s","280.200s","0s","Scalar","12","7","75","74","","","","","","","0","","","0.053","","","0.053","","0","< 0.001","< 0.001","< 0.001","","","","","","","","","Int32; UInt16","128","AVX","","","","","","concurrency_default.cc:60","tof_may2025_g","74","237452784","237452784","0","0","114391212111","49402","0","621891027","0","0","0","0","0","0","0","237452784","0","0","0","0","0","0","0","621891027","0","0","0","113769321084","0","0","0","0","0","16447","6090","114340","66000","0","0","0","0","0","0","0","0","0","0","0","0","0","0","0","0","0","0","2166","0","0","0","0","0","0","0","0","0","0","0","0","0","0","0","3806"
"","yggdrasil_decision_forests::utils::concurrency::ThreadPool::ThreadLoop","-1","","74.7282","9828.097s","0","0s","280.200s","0s","Function","","6","7","75","","","","","","","0","","","0.031","","","0.031","","0","< 0.001","< 0.001","< 0.001","","","","","48","","204.75s","","Int32","128","AVX","","","","","","concurrency_default.cc:57","tof_may2025_g","75","192","192","0","0","288","1632","0","0","0","0","0","0","0","0","0","192","0","0","0","0","0","0","0","0","0","0","0","288","0","0","0","0","0","384","576","2496","4608","0","0","0","0","0","0","0","0","0","0","0","0","0","0","0","0","0","0","48","0","96","0","0","0","0","0","0","0","0","0","0","0","0","0","0"
"","yggdrasil_decision_forests::model::random_forest::RandomForestLearner::TrainWithStatusImpl(yggdrasil_decision_forests::dataset::VerticalDataset const&, std::optional<std::reference_wrapper<yggdrasil_decision_forests::dataset::VerticalDataset const>>) const::$_0::operator()","-1","","74.7282","9828.097s","0","0s","280.200s","0s","Inlined Function","","12","78","76","","","","","","","< 0.001","","","0.466","","","0.466","","< 0.001","< 0.001","< 0.001","< 0.001","","","","","48","","204.75s","","Int32; Int64; UInt16; ; ","128","AVX; AVX2; AVX512F_128","","","","","","random_forest.cc:599","tof_may2025_g","76","7624610734684182560","7624610734684182560","0","0","7283374709783954312","7820528","0","3504102970025712","0","0","0","0","0","0","0","7624232482451597632","0","0","378252232584928","0","0","0","0","3504102970025712","0","0","0","7254741937707813128","0","0","378252929328384","0","0","87256","1096608","584832","8762160","1296322417657680","1296322417657680","0","0","0","0","0","0","0","0","0","1296322417657680","0","0","0","0","0","0","149568","1050912","1344","0","0","0","0","0","0","0","0","0","0","0","0","0","14096"
"","std::_Function_handler<void (void), yggdrasil_decision_forests::model::random_forest::RandomForestLearner::TrainWithStatusImpl(yggdrasil_decision_forests::dataset::VerticalDataset const&, std::optional<std::reference_wrapper<yggdrasil_decision_forests::dataset::VerticalDataset const>>) const::$_0>::_M_invoke","-1","","74.7282","9828.097s","0","0s","280.200s","0s","Function","","9","73","77","","","","","","","0","","","0.007","","","0.007","","0","< 0.001","< 0.001","< 0.001","","","","","48","","204.75s","","Int32; Int64; UInt16; ; ","128","AVX; AVX2; AVX512F_128","","","","","","std_function.h:290","tof_may2025_g","77","432","432","0","0","2448","2832","0","0","0","0","0","0","0","0","0","432","0","0","0","0","0","0","0","0","0","0","0","2448","0","0","0","0","0","1056","1008","8448","8064","0","0","0","0","0","0","0","0","0","0","0","0","0","0","0","0","0","0","48","0","144","0","0","0","0","0","0","0","0","0","0","0","0","0","0"
"","std::__invoke_impl<void, yggdrasil_decision_forests::model::random_forest::RandomForestLearner::TrainWithStatusImpl(yggdrasil_decision_forests::dataset::VerticalDataset const&, std::optional<std::reference_wrapper<yggdrasil_decision_forests::dataset::VerticalDataset const>>) const::$_0&>","-1","","74.7282","9828.097s","0","0s","280.200s","0s","Inlined Function","","11","79","78","","","","","","","","","","","","","","","","","","","","","","","48","","204.75s","","Int32; Int64; UInt16; ; ","128","AVX; AVX2; AVX512F_128","","","","","","invoke.h:62","tof_may2025_g","","","","","","","","","","","","","","","","","","","","","","","","","","","","","","","","","","","","","","","","","","","","","","","","","","","","","","","","","","","","","","","","","","","","","","","","",""
"","_ZSt10__invoke_rIvRZNK26yggdrasil_decision_forests5model13random_forest19RandomForestLearner19TrainWithStatusImplERKNS0_7dataset15VerticalDatasetESt8optionalISt17reference_wrapperIS6_EEE3$_0JEENSt9enable_ifIX16is_invocable_r_vIT_T0_DpT1_EESF_E4typeEOSG_DpOSH_","-1","","74.7282","9828.097s","0","0s","280.200s","0s","Inlined Function","","10","77","79","","","","","","","","","","","","","","","","","","","","","","","48","","204.75s","","Int32; Int64; UInt16; ; ","128","AVX; AVX2; AVX512F_128","","","","","","invoke.h:106","tof_may2025_g","","","","","","","","","","","","","","","","","","","","","","","","","","","","","","","","","","","","","","","","","","","","","","","","","","","","","","","","","","","","","","","","","","","","","","","","",""
"","yggdrasil_decision_forests::model::random_forest::internal::SampleTrainingExamples","-1","","0.0273727","3.600s","0","0s","0.100s","0s","Function","","13","76","80","","","","","","","0","","","0.178","","","0.178","","0","0.560","0.560","3.146","","","","","48","","0.075s","","","","","","","","","","random_forest.cc","tof_may2025_g","80","-505716318624276641","-505716318624276641","0","0","-1462533446324774839","34402789088","0","0","0","0","0","0","0","0","0","-505716318624276641","0","0","0","0","0","0","0","0","0","0","0","-1462533446324774839","0","0","0","0","0","6128664232","5078757410","36466672648","20315121608","0","0","0","0","0","0","0","0","0","0","0","0","0","0","0","0","0","0","2576646222","0","7340","0","0","0","0","0","0","0","0","0","0","0","0","0","3060008439"
"","yggdrasil_decision_forests::model::decision_tree::DecisionTreeTrain","-1","","74.7008","9824.497s","0","0s","280.100s","0s","Function","","13","76","86","","","","","","","0","","","0.124","","","0.124","","0","< 0.001","< 0.001","0.003","","","","","48","","204.68s","","Int32","128","AVX","","","","","","training.cc","tof_may2025_g","86","509327017524720","509327017524720","0","0","6542974477511424","40616496","0","27648","0","0","0","0","0","0","0","509327017524720","0","0","0","0","0","0","0","27648","0","0","0","6021006140282256","0","0","0","0","0","14773920","21888","78815568","170400","0","0","0","0","0","0","0","0","0","0","0","0","0","0","0","0","0","0","1440","0","2016","0","0","0","0","0","0","0","0","0","0","0","0","0","1392"
"","yggdrasil_decision_forests::model::decision_tree::DecisionTreeCoreTrain","-1","","74.7","9824.397s","0","0s","280.100s","0s","Function","","14","86","87","","","","","","","0","","","0.014","","","0.014","","0","< 0.001","< 0.001","< 0.001","","","","","48","","204.67s","","Int32","256","AVX","","","","","","training.cc","tof_may2025_g","87","126720","126720","0","0","1556016","25248","0","240912","0","0","0","0","0","0","0","126720","0","0","0","0","0","0","0","240912","0","0","0","1315104","0","0","0","0","0","5760","10992","51984","139008","0","0","0","0","0","0","0","0","0","0","0","0","0","0","0","0","0","0","48","0","672","0","0","0","0","0","0","0","0","0","0","0","0","0","1104"
"","yggdrasil_decision_forests::model::decision_tree::internal::ProjectionEvaluator::ProjectionEvaluator","-1","","1.3808","181.600s","0","0s","6.000s","0s","Function","","47","94","127","","","","","","","0","","","0.030","","","0.030","","0","0.078","0.078","2.608","","","","","8665930","","< 0.001s","","Int32","128/256","AVX","","","","","","oblique.cc:1010","tof_may2025_g","127","153560279600","153560279600","0","0","2093290055220","4445622090","0","306964572460","0","0","0","0","0","0","0","153560279600","0","0","0","0","0","0","0","306964572460","0","0","0","1762502841190","0","0","0","0","0","476626150","1481874030","3293053400","16430603280","0","0","0","0","0","0","0","0","0","0","0","0","0","0","0","0","0","0","34663720","0","95325230","0","0","0","0","0","0","0","0","0","0","0","0","0","51995580"
"","yggdrasil_decision_forests::model::decision_tree::internal::SplitExamplesInPlace","-1","","0.127739","16.800s","0","0s","1.100s","0s","Function","","41","88","129","","","","","","","0","","","0.019","","","0.019","","0","0.035","0.035","1.872","","","","","4332941","","< 0.001s","","Int32","256","AVX","","","","","","training.cc","tof_may2025_g","129","4371937469","4371937469","0","0","56206910652","1286883477","0","17245105180","0","0","0","0","0","0","0","4371937469","0","0","0","0","0","0","0","17245105180","0","0","0","38961805472","0","0","0","0","0","246977637","385631749","3431689272","6204771512","0","0","0","0","0","0","0","0","0","0","0","0","0","0","0","0","0","0","4332941","0","51995292","0","0","0","0","0","0","0","0","0","0","0","0","0","34663528"
"","yggdrasil_decision_forests::dataset::proto::Column::numerical","-1","","0.243313","32.000s","0","0s","1.200s","0s","Inlined Function","","46","126","140","","","","","","","","","","","","","","","","","","","","","","","35495649280","","< 0.001s","","","","","","","","","","data_spec.pb.h:6201","tof_may2025_g","","","","","","","","","","","","","","","","","","","","","","","","","","","","","","","","","","","","","","","","","","","","","","","","","","","","","","","","","","","","","","","","","","","","","","","","",""
"","std::max_element<google::protobuf::internal::RepeatedIterator<int const>>","-1","","0.0691921","9.100s","0","0s","0.500s","0s","Inlined Function","","47","143","143","","","","","","","","","","","","","","","","","","","","","","","8665930","","< 0.001s","","","","","","","","","","stl_algo.h:5719","tof_may2025_g","","","","","","","","","","","","","","","","","","","","","","","","","","","","","","","","","","","","","","","","","","","","","","","","","","","","","","","","","","","","","","","","","","","","","","","","",""
"","std::function<absl::lts_20240722::Status (yggdrasil_decision_forests::dataset::VerticalDataset const&, absl::lts_20240722::Span<unsigned int const>, std::vector<float, std::allocator<float>> const&, yggdrasil_decision_forests::model::proto::TrainingConfig const&, yggdrasil_decision_forests::model::proto::TrainingConfigLinking const&, yggdrasil_decision_forests::model::decision_tree::NodeWithChildren*)>::operator()","-1","","0.0494229","6.500s","0","0s","0.500s","0s","Function","","37","88","151","","","","","","","0","","","0.031","","","0.031","","0","0.026","0.026","0.832","","","","","8665882","","< 0.001s","","","","","","","","","","std_function.h:589","tof_may2025_g","151","86658820","86658820","0","0","320637634","415962336","0","0","0","0","0","0","0","0","0","86658820","0","0","0","0","0","0","0","0","0","0","0","320637634","0","0","0","0","0","95324702","138654112","762597616","1109232896","0","0","0","0","0","0","0","0","0","0","0","0","0","0","0","0","0","0","17331764","0","25997646","0","0","0","0","0","0","0","0","0","0","0","0","0","17331764"
"","std::__invoke_impl<absl::lts_20240722::Status, absl::lts_20240722::Status (*&)(yggdrasil_decision_forests::dataset::VerticalDataset const&, absl::lts_20240722::Span<unsigned int const>, std::vector<float, std::allocator<float>> const&, yggdrasil_decision_forests::model::proto::TrainingConfig const&, yggdrasil_decision_forests::model::proto::TrainingConfigLinking const&, yggdrasil_decision_forests::model::decision_tree::NodeWithChildren*), yggdrasil_decision_forests::dataset::VerticalDataset const&, absl::lts_20240722::Span<unsigned int const>, std::vector<float, std::allocator<float>> const&, yggdrasil_decision_forests::model::proto::TrainingConfig const&, yggdrasil_decision_forests::model::proto::TrainingConfigLinking const&, yggdrasil_decision_forests::model::decision_tree::NodeWithChildren*>","-1","","0.0494229","6.500s","0","0s","0.500s","0s","Inlined Function","","40","154","152","","","","","","","0","","","0","","","0","","0","0","0","0.485","","","","","8665930","","< 0.001s","","","","","","","","","","invoke.h:62","tof_may2025_g","152","17331860","17331860","0","0","8665930","51995580","0","0","0","0","0","0","0","0","0","17331860","0","0","0","0","0","0","0","0","0","0","0","8665930","0","0","0","0","0","17331860","0","138654880","0","0","0","0","0","0","0","0","0","0","0","0","0","0","0","0","0","0","0","17331860","0","0","0","0","0","0","0","0","0","0","0","0","0","0","0","0"
"","std::_Function_handler<absl::lts_20240722::Status (yggdrasil_decision_forests::dataset::VerticalDataset const&, absl::lts_20240722::Span<unsigned int const>, std::vector<float, std::allocator<float>> const&, yggdrasil_decision_forests::model::proto::TrainingConfig const&, yggdrasil_decision_forests::model::proto::TrainingConfigLinking const&, yggdrasil_decision_forests::model::decision_tree::NodeWithChildren*), absl::lts_20240722::Status (yggdrasil_decision_forests::dataset::VerticalDataset const&, absl::lts_20240722::Span<unsigned int const>, std::vector<float, std::allocator<float>> const&, yggdrasil_decision_forests::model::proto::TrainingConfig const&, yggdrasil_decision_forests::model::proto::TrainingConfigLinking const&, yggdrasil_decision_forests::model::decision_tree::NodeWithChildren*)*>::_M_invoke","-1","","0.0494229","6.500s","0","0s","0.500s","0s","Function","","38","151","153","","","","","","","0","","","0","","","0","","0","0","0","0.416","","","","","8665930","","< 0.001s","","","","","","","","","","std_function.h:290","tof_may2025_g","153","0","0","0","0","69327440","121323020","0","0","0","0","0","0","0","0","0","0","0","0","0","0","0","0","0","0","0","0","0","69327440","0","0","0","0","0","51995580","43329650","415964640","346637200","0","0","0","0","0","0","0","0","0","0","0","0","0","0","0","0","0","0","0","0","0","0","0","0","0","0","0","0","0","0","0","0","0","0","8665930"
"","_ZSt10__invoke_rIN4absl12lts_202407226StatusERPFS2_RKN26yggdrasil_decision_forests7dataset15VerticalDatasetENS1_4SpanIKjEERKSt6vectorIfSaIfEERKNS3_5model5proto14TrainingConfigERKNSH_21TrainingConfigLinkingEPNSG_13decision_tree16NodeWithChildrenEEJS7_SA_SF_SK_SN_SQ_EENSt9enable_ifIX16is_invocable_r_vIT_T0_DpT1_EESV_E4typeEOSW_DpOSX_","-1","","0.0494229","6.500s","0","0s","0.500s","0s","Inlined Function","","39","153","154","","","","","","","","","","","","","","","","","","","","","","","8665930","","< 0.001s","","","","","","","","","","invoke.h:106","tof_may2025_g","","","","","","","","","","","","","","","","","","","","","","","","","","","","","","","","","","","","","","","","","","","","","","","","","","","","","","","","","","","","","","","","","","","","","","","","",""
"","google::protobuf::RepeatedField<double>::Resize","-1","","0.0015207","0.200s","0","0s","0.100s","0s","Inlined Function","","37","158","157","","","","","","","0","","","0.500","","","0.500","","0","0.121","0.121","0.243","","","","","8665930","","< 0.001s","","","","","","","","","","repeated_field.h:784","tof_may2025_g","157","25997790","25997790","0","0","2001829830","701940330","0","0","0","0","0","0","0","0","0","25997790","0","0","0","0","0","0","0","0","0","0","0","1932502390","0","0","0","0","0","69327440","25997790","415964640","103991160","0","0","0","0","0","0","0","0","0","0","0","0","0","0","0","0","0","0","17331860","0","0","0","0","0","0","0","0","0","0","0","0","0","0","0","17331860"
"","yggdrasil_decision_forests::utils::IntegerDistribution<double>::Save<yggdrasil_decision_forests::utils::proto::IntegerDistributionDouble>","-1","","0.0015207","0.200s","0","0s","0.100s","0s","Function","","36","115","158","","","","","","","0","","","0.097","","","0.097","","0","0.156","0.156","1.612","","","","","8665930","","< 0.001s","","Int32","256","AVX","","","","","","distribution.h:743","tof_may2025_g","158","27748307860","27748307860","0","0","1451863914410","4185644190","0","0","0","0","0","0","0","0","0","27748307860","0","0","0","0","0","0","0","0","0","0","0","1031271667790","0","0","275299264240","0","0","953252300","719272190","6672766100","5754177520","0","0","0","0","0","0","0","0","0","0","0","0","0","0","0","0","0","0","129988950","0","0","0","0","0","0","0","0","0","0","0","0","0","0","0","0"
"","google::protobuf::MessageLite::DefaultConstruct<yggdrasil_decision_forests::model::decision_tree::proto::Condition>","-1","","0.00456211","0.600s","0","0s","0.100s","0s","Inlined Function","","43","162","160","","","","","","","","","","","","","","","","","","","","","","","4332941","","< 0.001s","","","","","","","","","","message_lite.h:821","tof_may2025_g","160","0","0","0","0","17331764","38996469","0","4332941","0","0","0","0","0","0","0","0","0","0","0","0","0","0","0","4332941","0","0","0","8665882","0","0","4332941","0","0","12998823","4332941","103990584","34663528","0","0","0","0","0","0","0","0","0","0","0","0","0","0","0","0","0","0","0","0","0","0","0","0","0","0","0","0","0","0","0","0","0","0","8665882"
"","yggdrasil_decision_forests::model::decision_tree::proto::NodeCondition::_internal_mutable_condition","-1","","0.00532247","0.700s","0","0s","0.100s","0s","Inlined Function","","42","163","162","","","","","","","0","","","0.012","","","0.012","","0","0.004","0.004","0.354","","","","","18214891","","< 0.001s","","Int32","128","AVX","","","","","","decision_tree.pb.h:6422","tof_may2025_g","162","0","0","0","0","0","0","0","0","0","0","0","0","0","0","0","0","0","0","0","0","0","0","0","0","0","0","0","0","0","0","0","0","0","0","0","0","0","0","0","0","0","0","0","0","0","0","0","0","0","0","0","0","0","0","0","0","0","0","0","0","0","0","0","0","0","0","0","0","0","0","0","0"
"","yggdrasil_decision_forests::model::decision_tree::proto::NodeCondition::mutable_condition","-1","","0.00532247","0.700s","0","0s","0.100s","0s","Inlined Function","","41","161","163","","","","","","","0","","","0.500","","","0.500","","0","0.018","0.018","0.036","","","","","18214891","","< 0.001s","","Int32","128","AVX","","","","","","decision_tree.pb.h:6430","tof_may2025_g","163","0","0","0","0","0","0","0","0","0","0","0","0","0","0","0","0","0","0","0","0","0","0","0","0","0","0","0","0","0","0","0","0","0","0","0","0","0","0","0","0","0","0","0","0","0","0","0","0","0","0","0","0","0","0","0","0","0","0","0","0","0","0","0","0","0","0","0","0","0","0","0","0"
"","std::make_unique<yggdrasil_decision_forests::model::decision_tree::NodeWithChildren>","-1","","0.0015207","0.200s","0","0s","0.100s","0s","Inlined Function","","33","166","165","","","","","","","0","","","0.008","","","0.008","","0","0.004","0.004","0.520","","","","","4332941","","< 0.001s","","Int32","128/256","AVX","","","","","","unique_ptr.h:1083","tof_may2025_g","165","0","0","0","0","116989407","134321171","0","43329410","0","0","0","0","0","0","0","0","0","0","0","0","0","0","0","43329410","0","0","0","73659997","0","0","0","0","0","4332941","38996469","34663528","970578784","0","0","0","0","0","0","0","0","0","0","0","0","0","0","0","0","0","0","0","0","0","0","0","0","0","0","0","0","0","0","0","0","0","0","21664705"
"","yggdrasil_decision_forests::model::decision_tree::NodeWithChildren::CreateChildren","-1","","0.00380176","0.500s","0","0s","0.100s","0s","Function","","36","88","166","","","","","","","0","","","0","","","0","","0","0","0","0.451","","","","","4332941","","< 0.001s","","Int32","128/256","AVX","","","","","","decision_tree.cc:640","tof_may2025_g","166","4332941","4332941","0","0","38996469","103990584","0","0","0","0","0","0","0","0","0","4332941","0","0","0","0","0","0","0","0","0","0","0","38996469","0","0","0","0","0","17331764","43329410","138654112","346635280","0","0","0","0","0","0","0","0","0","0","0","0","0","0","0","0","0","0","4332941","0","0","0","0","0","0","0","0","0","0","0","0","0","0","0","8665882"
"","yggdrasil_decision_forests::model::decision_tree::proto::Condition::mutable_higher_condition","-1","","0.0015207","0.200s","0","0s","0.100s","0s","Inlined Function","","45","161","175","","","","","","","","","","","","","","","","","","","","","","","13881950","","< 0.001s","","Int32","128","AVX","","","","","","decision_tree.pb.h:5812","tof_may2025_g","","","","","","","","","","","","","","","","","","","","","","","","","","","","","","","","","","","","","","","","","","","","","","","","","","","","","","","","","","","","","","","","","","","","","","","","",""
"","yggdrasil_decision_forests::dataset::proto::NumericalSpec::mean","-1","","0.00836388","1.100s","0","0s","0.200s","0s","Inlined Function","","43","126","178","","","","","","","","","","","","","","","","","","","","","","","35495649280","","< 0.001s","","","","","","","","","","data_spec.pb.h:7344","tof_may2025_g","","","","","","","","","","","","","","","","","","","","","","","","","","","","","","","","","","","","","","","","","","","","","","","","","","","","","","","","","","","","","","","","","","","","","","","","",""
"","std::__fill_a1<float*, float>","-1","","0.00304141","0.400s","0","0s","0.100s","0s","Inlined Function","","48","183","182","","","","","","","","","","","","","","","0","0.006","0.006","0","","","","","2810256","","< 0.001s","","","","","","","","","","stl_algobase.h:897","tof_may2025_g","182","0","0","0","0","19671792","33723072","0","0","0","0","0","0","0","0","0","0","0","0","0","0","0","0","0","0","0","0","0","19671792","0","0","0","0","0","0","0","0","0","0","0","0","0","0","0","0","0","0","0","0","0","0","0","0","0","0","0","0","0","0","0","0","0","0","0","0","0","0","0","0","0","0","0","5620512"
"","std::__fill_a<float*, float>","-1","","0.00304141","0.400s","0","0s","0.100s","0s","Inlined Function","","47","184","183","","","","","","","","","","","","","","","","","","","","","","","2810256","","< 0.001s","","","","","","","","","","stl_algobase.h:978","tof_may2025_g","","","","","","","","","","","","","","","","","","","","","","","","","","","","","","","","","","","","","","","","","","","","","","","","","","","","","","","","","","","","","","","","","","","","","","","","",""
"","std::__fill_n_a<float*, unsigned long, float>","-1","","0.00304141","0.400s","0","0s","0.100s","0s","Inlined Function","","46","185","184","","","","","","","","","","","","","","","0","0.006","0.006","0","","","","","2939224","","< 0.001s","","","","","","","","","","stl_algobase.h:1137","tof_may2025_g","184","0","0","0","0","0","0","0","0","0","0","0","0","0","0","0","0","0","0","0","0","0","0","0","0","0","0","0","0","0","0","0","0","0","0","0","0","0","0","0","0","0","0","0","0","0","0","0","0","0","0","0","0","0","0","0","0","0","0","0","0","0","0","0","0","0","0","0","0","0","0","0","0"
"","std::fill_n<float*, unsigned long, float>","-1","","0.00304141","0.400s","0","0s","0.100s","0s","Inlined Function","","45","186","185","","","","","","","","","","","","","","","","","","","","","","","2939224","","< 0.001s","","","","","","","","","","stl_algobase.h:1173","tof_may2025_g","","","","","","","","","","","","","","","","","","","","","","","","","","","","","","","","","","","","","","","","","","","","","","","","","","","","","","","","","","","","","","","","","","","","","","","","",""
"","std::__uninitialized_default_n<float*, unsigned long>","-1","","0.00380176","0.500s","0","0s","0.200s","0s","Inlined Function","","43","188","187","","","","","","","","","","","","","","","","","","","","","","","2939224","","< 0.001s","","","","","","","","","","stl_uninitialized.h:931","tof_may2025_g","","","","","","","","","","","","","","","","","","","","","","","","","","","","","","","","","","","","","","","","","","","","","","","","","","","","","","","","","","","","","","","","","","","","","","","","",""
"","std::__uninitialized_default_n_a<float*, unsigned long, float>","-1","","0.00380176","0.500s","0","0s","0.200s","0s","Inlined Function","","42","189","188","","","","","","","","","","","","","","","","","","","","","","","2939224","","< 0.001s","","","","","","","","","","stl_uninitialized.h:1000","tof_may2025_g","","","","","","","","","","","","","","","","","","","","","","","","","","","","","","","","","","","","","","","","","","","","","","","","","","","","","","","","","","","","","","","","","","","","","","","","",""
"","std::__new_allocator<float>::allocate","-1","","0.00988458","1.300s","0","0s","0.200s","0s","Inlined Function","","52","191","190","","","","","","","","","","","","","","","0","0.009","0.009","0","","","","","8665930","","< 0.001s","","","","","","","","","","new_allocator.h:126","tof_may2025_g","190","0","0","0","0","17331860","43329650","0","0","0","0","0","0","0","0","0","0","0","0","0","0","0","0","0","0","0","0","0","17331860","0","0","0","0","0","0","0","0","0","0","0","0","0","0","0","0","0","0","0","0","0","0","0","0","0","0","0","0","0","0","0","0","0","0","0","0","0","0","0","0","0","0","0","8665930"
"","std::allocator_traits<std::allocator<float>>::allocate","-1","","0.00988458","1.300s","0","0s","0.200s","0s","Inlined Function","","51","192","191","","","","","","","","","","","","","","","","","","","","","","","8665930","","< 0.001s","","","","","","","","","","alloc_traits.h:613","tof_may2025_g","","","","","","","","","","","","","","","","","","","","","","","","","","","","","","","","","","","","","","","","","","","","","","","","","","","","","","","","","","","","","","","","","","","","","","","","",""
"","std::_Vector_base<float, std::allocator<float>>::_M_allocate","-1","","0.00988458","1.300s","0","0s","0.200s","0s","Inlined Function","","50","193","192","","","","","","","","","","","","","","","","","","","","","","","8665930","","< 0.001s","","","","","","","","","","stl_vector.h:384","tof_may2025_g","","","","","","","","","","","","","","","","","","","","","","","","","","","","","","","","","","","","","","","","","","","","","","","","","","","","","","","","","","","","","","","","","","","","","","","","",""
"","std::_Vector_base<float, std::allocator<float>>::_M_create_storage","-1","","0.00988458","1.300s","0","0s","0.200s","0s","Inlined Function","","49","194","193","","","","","","","","","","","","","","","0","0.009","0.009","0","","","","","8665930","","< 0.001s","","","","","","","","","","stl_vector.h:403","tof_may2025_g","193","0","0","0","0","0","0","0","0","0","0","0","0","0","0","0","0","0","0","0","0","0","0","0","0","0","0","0","0","0","0","0","0","0","0","0","0","0","0","0","0","0","0","0","0","0","0","0","0","0","0","0","0","0","0","0","0","0","0","0","0","0","0","0","0","0","0","0","0","0","0","0","0"
"","std::_Vector_base<float, std::allocator<float>>::_Vector_base","-1","","0.00988458","1.300s","0","0s","0.200s","0s","Inlined Function","","48","195","194","","","","","","","","","","","","","","","","","","","","","","","8665930","","< 0.001s","","","","","","","","","","stl_vector.h:339","tof_may2025_g","","","","","","","","","","","","","","","","","","","","","","","","","","","","","","","","","","","","","","","","","","","","","","","","","","","","","","","","","","","","","","","","","","","","","","","","",""
"","std::vector<float, std::allocator<float>>::vector","-1","","0.00988458","1.300s","0","0s","0.200s","0s","Inlined Function","","47","196","195","","","","","","","","","","","","","","","0","0.026","0.026","0","","","","","8665930","","< 0.001s","","","","","","","","","","stl_vector.h:599","tof_may2025_g","195","8665930","8665930","0","0","34663720","69327440","0","0","0","0","0","0","0","0","0","8665930","0","0","0","0","0","0","0","0","0","0","0","34663720","0","0","0","0","0","17331860","25997790","43329650","207982320","0","0","0","0","0","0","0","0","0","0","0","0","0","0","0","0","0","0","8665930","0","0","0","0","0","0","0","0","0","0","0","0","0","0","0","0"
"","std::vector<float, std::allocator<float>>::_M_fill_assign","-1","","0.00988458","1.300s","0","0s","0.200s","0s","Inlined Function","","46","197","196","","","","","","","0","","","0","","","0","","0","0","0","0.208","","","","","8665930","","< 0.001s","","","","","","","","","","vector.tcc:271","tof_may2025_g","","","","","","","","","","","","","","","","","","","","","","","","","","","","","","","","","","","","","","","","","","","","","","","","","","","","","","","","","","","","","","","","","","","","","","","","",""
"","std::vector<float, std::allocator<float>>::assign","-1","","0.00988458","1.300s","0","0s","0.200s","0s","Inlined Function","","45","127","197","","","","","","","","","","","","","","","","","","","","","","","8665930","","< 0.001s","","","","","","","","","","stl_vector.h:875","tof_may2025_g","","","","","","","","","","","","","","","","","","","","","","","","","","","","","","","","","","","","","","","","","","","","","","","","","","","","","","","","","","","","","","","","","","","","","","","","",""
"","yggdrasil_decision_forests::model::decision_tree::internal::SetCondition","-1","","0.00684317","0.900s","0","0s","0.300s","0s","Function","","40","94","198","","","","","","","0","","","0.055","","","0.055","","0","0.074","0.074","1.330","","","","","4332941","","< 0.001s","","","","","","","","","","oblique.cc","tof_may2025_g","198","3605275554342","3605275554342","0","0","17416243350677","2985396349","0","0","0","0","0","0","0","0","0","3605275554342","0","0","0","0","0","0","0","0","0","0","0","17199860610078","0","0","216382740599","0","0","645608209","805927026","4020969248","5814806822","0","0","0","0","0","0","0","0","0","0","0","0","0","0","0","0","0","0","21664705","0","64994115","0","0","0","0","0","0","0","0","0","0","0","0","0","95324702"
"","google::protobuf::Arena::DefaultConstruct<yggdrasil_decision_forests::model::decision_tree::proto::Condition_Oblique>","-1","","0.00304141","0.400s","0","0s","0.100s","0s","Function","","38","198","199","","","","","","","0","","","0","","","0","","0","0","0","0.173","","","","","4332941","","< 0.001s","","","","","","","","","","arena.h:684","tof_may2025_g","199","4332941","4332941","0","0","259976460","203648227","0","0","0","0","0","0","0","0","0","4332941","0","0","0","0","0","0","0","0","0","0","0","259976460","0","0","0","0","0","8665882","51995292","69327056","415962336","0","0","0","0","0","0","0","0","0","0","0","0","0","0","0","0","0","0","4332941","0","0","0","0","0","0","0","0","0","0","0","0","0","0","0","21664705"
"","google::protobuf::RepeatedField<int>::GrowNoAnnotate","-1","","0.000760352","0.100s","0","0s","0.100s","0s","Function","","37","201","203","","","","","","","0","","","0.083","","","0.083","","0","0.011","0.011","0.130","","","","","835004","","< 0.001s","","","","","","","","","","repeated_field.h:1182","tof_may2025_g","203","87101889","87101889","0","0","5492586277023","436911345","0","0","0","0","0","0","0","0","0","87101889","0","0","0","0","0","0","0","0","0","0","0","5484778641827","0","0","0","0","0","23539427","111861941","161366528","838229636","0","0","0","0","0","0","0","0","0","0","0","0","0","0","0","0","0","0","5869538","0","0","0","0","0","0","0","0","0","0","0","0","0","0","0","4183190"
"","std::_Construct<std::vector<float, std::allocator<float>> const*, std::vector<float, std::allocator<float>> const* const&>","-1","","0.00228106","0.300s","0","0s","0.100s","0s","Inlined Function","","48","205","204","","","","","","","","","","","","","","","0","0.009","0.009","0","","","","","8665930","","< 0.001s","","","","","","","","","","stl_construct.h:123","tof_may2025_g","204","0","0","0","0","0","0","0","0","0","0","0","0","0","0","0","0","0","0","0","0","0","0","0","0","0","0","0","0","0","0","0","0","0","0","0","0","0","0","0","0","0","0","0","0","0","0","0","0","0","0","0","0","0","0","0","0","0","0","0","0","0","0","0","0","0","0","0","0","0","0","0","0"
"","std::__do_uninit_fill_n<std::vector<float, std::allocator<float>> const**, unsigned long, std::vector<float, std::allocator<float>> const*>","-1","","0.00228106","0.300s","0","0s","0.100s","0s","Inlined Function","","47","206","205","","","","","","","","","","","","","","","0","0.017","0.017","0","","","","","8665930","","< 0.001s","","","","","","","","","","stl_uninitialized.h:455","tof_may2025_g","205","0","0","0","0","0","0","0","0","0","0","0","0","0","0","0","0","0","0","0","0","0","0","0","0","0","0","0","0","0","0","0","0","0","0","0","0","0","0","0","0","0","0","0","0","0","0","0","0","0","0","0","0","0","0","0","0","0","0","0","0","0","0","0","0","0","0","0","0","0","0","0","0"
"","std::uninitialized_fill_n<std::vector<float, std::allocator<float>> const**, unsigned long, std::vector<float, std::allocator<float>> const*>","-1","","0.00228106","0.300s","0","0s","0.100s","0s","Inlined Function","","46","207","206","","","","","","","","","","","","","","","","","","","","","","","8665930","","< 0.001s","","","","","","","","","","stl_uninitialized.h:526","tof_may2025_g","","","","","","","","","","","","","","","","","","","","","","","","","","","","","","","","","","","","","","","","","","","","","","","","","","","","","","","","","","","","","","","","","","","","","","","","",""
"","std::__uninitialized_fill_n_a<std::vector<float, std::allocator<float>> const**, unsigned long, std::vector<float, std::allocator<float>> const*, std::vector<float, std::allocator<float>> const*>","-1","","0.00228106","0.300s","0","0s","0.100s","0s","Inlined Function","","45","208","207","","","","","","","","","","","","","","","","","","","","","","","8665930","","< 0.001s","","","","","","","","","","stl_uninitialized.h:720","tof_may2025_g","","","","","","","","","","","","","","","","","","","","","","","","","","","","","","","","","","","","","","","","","","","","","","","","","","","","","","","","","","","","","","","","","","","","","","","","",""
"","std::vector<std::vector<float, std::allocator<float>> const*, std::allocator<std::vector<float, std::allocator<float>> const*>>::_M_fill_initialize","-1","","0.00228106","0.300s","0","0s","0.100s","0s","Inlined Function","","44","209","208","","","","","","","","","","","","","","","","","","","","","","","8665930","","< 0.001s","","","","","","","","","","stl_vector.h:1997","tof_may2025_g","","","","","","","","","","","","","","","","","","","","","","","","","","","","","","","","","","","","","","","","","","","","","","","","","","","","","","","","","","","","","","","","","","","","","","","","",""
"","std::vector<std::vector<float, std::allocator<float>> const*, std::allocator<std::vector<float, std::allocator<float>> const*>>::vector","-1","","0.00684317","0.900s","0","0s","0.200s","0s","Inlined Function","","48","210","209","","","","","","","","","","","","","","","0","0.009","0.009","0","","","","","8665930","","< 0.001s","","","","","","","","","","stl_vector.h:599","tof_may2025_g","209","0","0","0","0","25997790","51995580","0","0","0","0","0","0","0","0","0","0","0","0","0","0","0","0","0","0","0","0","0","25997790","0","0","0","0","0","0","0","0","0","0","0","0","0","0","0","0","0","0","0","0","0","0","0","0","0","0","0","0","0","0","0","0","0","0","0","0","0","0","0","0","0","0","0","8665930"
"","std::vector<std::vector<float, std::allocator<float>> const*, std::allocator<std::vector<float, std::allocator<float>> const*>>::_M_fill_assign","-1","","0.00684317","0.900s","0","0s","0.200s","0s","Inlined Function","","47","211","210","","","","","","","0","","","0","","","0","","0","0","0","0.312","","","","","8665930","","< 0.001s","","","","","","","","","","vector.tcc:271","tof_may2025_g","210","0","0","0","0","17331860","34663720","0","0","0","0","0","0","0","0","0","0","0","0","0","0","0","0","0","0","0","0","0","17331860","0","0","0","0","0","0","17331860","0","103991160","0","0","0","0","0","0","0","0","0","0","0","0","0","0","0","0","0","0","0","0","0","0","0","0","0","0","0","0","0","0","0","0","0","0","0"
"","std::vector<std::vector<float, std::allocator<float>> const*, std::allocator<std::vector<float, std::allocator<float>> const*>>::assign","-1","","0.00684317","0.900s","0","0s","0.200s","0s","Inlined Function","","46","127","211","","","","","","","","","","","","","","","","","","","","","","","8665930","","< 0.001s","","","","","","","","","","stl_vector.h:875","tof_may2025_g","","","","","","","","","","","","","","","","","","","","","","","","","","","","","","","","","","","","","","","","","","","","","","","","","","","","","","","","","","","","","","","","","","","","","","","","",""
"","google::protobuf::Arena::DefaultConstruct<yggdrasil_decision_forests::model::decision_tree::proto::NodeCondition>","-1","","0.00608282","0.800s","0","0s","0.200s","0s","Function","","37","88","217","","","","","","","0","","","0","","","0","","0","0","0","0.347","","","","","8665930","","< 0.001s","","","","","","","","","","arena.h:684","tof_may2025_g","217","8665930","8665930","0","0","519955800","407298710","0","0","0","0","0","0","0","0","0","8665930","0","0","0","0","0","0","0","0","0","0","0","519955800","0","0","0","0","0","17331860","103991160","138654880","831929280","0","0","0","0","0","0","0","0","0","0","0","0","0","0","0","0","0","0","8665930","0","0","0","0","0","0","0","0","0","0","0","0","0","0","0","43329650"
"","std::_Vector_base<std::vector<float, std::allocator<float>> const*, std::allocator<std::vector<float, std::allocator<float>> const*>>::_Vector_base","-1","","0.00380176","0.500s","0","0s","0.200s","0s","Inlined Function","","49","209","220","","","","","","","","","","","","","","","","","","","","","","","8665930","","< 0.001s","","","","","","","","","","stl_vector.h:339","tof_may2025_g","","","","","","","","","","","","","","","","","","","","","","","","","","","","","","","","","","","","","","","","","","","","","","","","","","","","","","","","","","","","","","","","","","","","","","","","",""
"","absl::lts_20240722::Status::Status","-1","","0.000760352","0.100s","0","0s","0.100s","0s","Inlined Function","","40","106","222","","","","","","","0","","","0","","","0","","0","0","0","8.874","","","","","554619520","","< 0.001s","","","","","","","","","","status.h:776","tof_may2025_g","222","0","0","0","0","0","0","0","0","0","0","0","0","0","0","0","0","0","0","0","0","0","0","0","0","0","0","0","0","0","0","0","0","0","0","0","0","0","0","0","0","0","0","0","0","0","0","0","0","0","0","0","0","0","0","0","0","0","0","0","0","0","0","0","0","0","0","0","0","0","0","0","0"
"","yggdrasil_decision_forests::model::decision_tree::proto::Node::clear_condition","-1","","0.000760352","0.100s","0","0s","0.100s","0s","Inlined Function","","36","225","224","","","","","","","0","","","0.100","","","0.100","","0","0.004","0.004","0.043","","","","","4332989","","< 0.001s","","","","","","","","","","decision_tree.pb.h:6923","tof_may2025_g","224","4332989","4332989","0","0","34663912","69327824","0","0","0","0","0","0","0","0","0","4332989","0","0","0","0","0","0","0","0","0","0","0","34663912","0","0","0","0","0","25997934","0","177652549","0","0","0","0","0","0","0","0","0","0","0","0","0","0","0","0","0","0","0","4332989","0","0","0","0","0","0","0","0","0","0","0","0","0","0","0","8665978"
"","yggdrasil_decision_forests::model::decision_tree::NodeWithChildren::FinalizeAsLeaf","-1","","0.000760352","0.100s","0","0s","0.100s","0s","Function","","35","88","225","","","","","","","0","","","0.025","","","0.025","","0","0.004","0.004","0.173","","","","","4332989","","< 0.001s","","","","","","","","","","decision_tree.cc:675","tof_may2025_g","225","12998967","12998967","0","0","17331956","64994835","0","0","0","0","0","0","0","0","0","12998967","0","0","0","0","0","0","0","0","0","0","0","17331956","0","0","0","0","0","8665978","17331956","69327824","138655648","0","0","0","0","0","0","0","0","0","0","0","0","0","0","0","0","0","0","0","0","8665978","0","0","0","0","0","0","0","0","0","0","0","0","0","0"
"","google::protobuf::internal::InternalMetadata::have_unknown_fields","-1","","0.000760352","0.100s","0","0s","0.100s","0s","Inlined Function","","7","229","228","","","","","","","","","","","","","","","","","","","","","","","4332941","","< 0.001s","","Int32","128","AVX","","","","","","metadata_lite.h:73","tof_may2025_g","","","","","","","","","","","","","","","","","","","","","","","","","","","","","","","","","","","","","","","","","","","","","","","","","","","","","","","","","","","","","","","","","","","","","","","","",""
"","google::protobuf::internal::InternalMetadata::arena","-1","","0.000760352","0.100s","0","0s","0.100s","0s","Inlined Function","","6","230","229","","","","","","","","","","","","","","","","","","","","","","","4332941","","< 0.001s","","Int32","128","AVX","","","","","","metadata_lite.h:65","tof_may2025_g","","","","","","","","","","","","","","","","","","","","","","","","","","","","","","","","","","","","","","","","","","","","","","","","","","","","","","","","","","","","","","","","","","","","","","","","",""
"","google::protobuf::MessageLite::GetArena","-1","","0.000760352","0.100s","0","0s","0.100s","0s","Inlined Function","","5","162","230","","","","","","","","","","","","","","","","","","","","","","","4332941","","< 0.001s","","Int32","128","AVX","","","","","","message_lite.h:531","tof_may2025_g","","","","","","","","","","","","","","","","","","","","","","","","","","","","","","","","","","","","","","","","","","","","","","","","","","","","","","","","","","","","","","","","","","","","","","","","",""
"","std::make_unique<yggdrasil_decision_forests::model::decision_tree::NodeWithChildren>","-1","","0.00228106","0.300s","0","0s","0.100s","0s","Inlined Function","","37","166","232","","","","","","","0","","","0.008","","","0.008","","0","0.004","0.004","0.520","","","","","4332941","","< 0.001s","","Int32","128/256","AVX","","","","","","unique_ptr.h:1083","tof_may2025_g","232","0","0","0","0","82325879","108323525","0","43329410","0","0","0","0","0","0","0","0","0","0","0","0","0","0","0","43329410","0","0","0","38996469","0","0","0","0","0","4332941","38996469","34663528","970578784","0","0","0","0","0","0","0","0","0","0","0","0","0","0","0","0","0","0","0","0","0","0","0","0","0","0","0","0","0","0","0","0","0","0","8665882"
"","yggdrasil_decision_forests::dataset::VerticalDataset::ColumnWithCastWithStatus<yggdrasil_decision_forests::dataset::VerticalDataset::CategoricalColumn>","-1","","0.00228106","0.300s","0","0s","0.100s","0s","Function","","42","115","234","","","","","","","0","","","0.019","","","0.019","","0","0.052","0.052","2.773","","","","","17331860","","< 0.001s","","Int32","128","AVX","","","","","","vertical_dataset.h:1093","tof_may2025_g","234","2513119700","2513119700","0","0","23172696820","2859756900","0","0","0","0","0","0","0","0","0","2513119700","0","0","0","0","0","0","0","0","0","0","0","20676908980","0","0","0","0","0","485292080","831929280","3882336640","6655434240","0","0","0","0","0","0","0","0","0","0","0","0","0","0","0","0","0","0","17331860","0","103991160","0","0","0","0","0","0","0","0","0","0","0","0","0","86659300"
"","std::__new_allocator<std::vector<float, std::allocator<float>> const*>::allocate","-1","","0.00304141","0.400s","0","0s","0.200s","0s","Inlined Function","","53","236","235","","","","","","","","","","","","","","","","","","","","","","","8665930","","< 0.001s","","","","","","","","","","new_allocator.h:126","tof_may2025_g","","","","","","","","","","","","","","","","","","","","","","","","","","","","","","","","","","","","","","","","","","","","","","","","","","","","","","","","","","","","","","","","","","","","","","","","",""
"","std::allocator_traits<std::allocator<std::vector<float, std::allocator<float>> const*>>::allocate","-1","","0.00304141","0.400s","0","0s","0.200s","0s","Inlined Function","","52","237","236","","","","","","","","","","","","","","","","","","","","","","","8665930","","< 0.001s","","","","","","","","","","alloc_traits.h:613","tof_may2025_g","","","","","","","","","","","","","","","","","","","","","","","","","","","","","","","","","","","","","","","","","","","","","","","","","","","","","","","","","","","","","","","","","","","","","","","","",""
"","std::_Vector_base<std::vector<float, std::allocator<float>> const*, std::allocator<std::vector<float, std::allocator<float>> const*>>::_M_allocate","-1","","0.00304141","0.400s","0","0s","0.200s","0s","Inlined Function","","51","219","237","","","","","","","","","","","","","","","","","","","","","","","8665930","","< 0.001s","","","","","","","","","","stl_vector.h:384","tof_may2025_g","","","","","","","","","","","","","","","","","","","","","","","","","","","","","","","","","","","","","","","","","","","","","","","","","","","","","","","","","","","","","","","","","","","","","","","","",""
"","google::protobuf::Arena::DefaultConstruct<yggdrasil_decision_forests::model::decision_tree::proto::NodeClassifierOutput>","-1","","0.00228106","0.300s","0","0s","0.100s","0s","Function","","38","115","239","","","","","","","0","","","0","","","0","","0","0","0","0.347","","","","","8665930","","< 0.001s","","","","","","","","","","arena.h:684","tof_may2025_g","239","8665930","8665930","0","0","519955800","407298710","0","0","0","0","0","0","0","0","0","8665930","0","0","0","0","0","0","0","0","0","0","0","519955800","0","0","0","0","0","17331860","103991160","138654880","831929280","0","0","0","0","0","0","0","0","0","0","0","0","0","0","0","0","0","0","8665930","0","0","0","0","0","0","0","0","0","0","0","0","0","0","0","43329650"
"","std::__copy_move_a1<(bool)0, yggdrasil_decision_forests::model::decision_tree::internal::AttributeAndWeight*, yggdrasil_decision_forests::model::decision_tree::internal::AttributeAndWeight*>","-1","","0.000760352","0.100s","0","0s","0.100s","0s","Inlined Function","","38","243","242","","","","","","","","","","","","","","","","","","","","","","","1389928","","< 0.001s","","","","","","","","","","stl_algobase.h:491","tof_may2025_g","","","","","","","","","","","","","","","","","","","","","","","","","","","","","","","","","","","","","","","","","","","","","","","","","","","","","","","","","","","","","","","","","","","","","","","","",""
"","std::__copy_move_a<(bool)0, yggdrasil_decision_forests::model::decision_tree::internal::AttributeAndWeight*, yggdrasil_decision_forests::model::decision_tree::internal::AttributeAndWeight*>","-1","","0.000760352","0.100s","0","0s","0.100s","0s","Inlined Function","","37","244","243","","","","","","","","","","","","","","","","","","","","","","","1389928","","< 0.001s","","","","","","","","","","stl_algobase.h:498","tof_may2025_g","","","","","","","","","","","","","","","","","","","","","","","","","","","","","","","","","","","","","","","","","","","","","","","","","","","","","","","","","","","","","","","","","","","","","","","","",""
"","std::copy<yggdrasil_decision_forests::model::decision_tree::internal::AttributeAndWeight*, yggdrasil_decision_forests::model::decision_tree::internal::AttributeAndWeight*>","-1","","0.000760352","0.100s","0","0s","0.100s","0s","Inlined Function","","36","233","244","","","","","","","","","","","","","","","","","","","","","","","1389928","","< 0.001s","","","","","","","","","","stl_algobase.h:633","tof_may2025_g","","","","","","","","","","","","","","","","","","","","","","","","","","","","","","","","","","","","","","","","","","","","","","","","","","","","","","","","","","","","","","","","","","","","","","","","",""
"","std::allocator_traits<std::allocator<yggdrasil_decision_forests::model::decision_tree::internal::AttributeAndWeight>>::allocate","-1","","0.00228106","0.300s","0","0s","0.100s","0s","Inlined Function","","38","247","246","","","","","","","","","","","","","","","","","","","","","","","7170049","","< 0.001s","","","","","","","","","","alloc_traits.h:613","tof_may2025_g","","","","","","","","","","","","","","","","","","","","","","","","","","","","","","","","","","","","","","","","","","","","","","","","","","","","","","","","","","","","","","","","","","","","","","","","",""
"","std::_Vector_base<yggdrasil_decision_forests::model::decision_tree::internal::AttributeAndWeight, std::allocator<yggdrasil_decision_forests::model::decision_tree::internal::AttributeAndWeight>>::_M_allocate","-1","","0.00228106","0.300s","0","0s","0.100s","0s","Inlined Function","","37","248","247","","","","","","","","","","","","","","","","","","","","","","","7170049","","< 0.001s","","","","","","","","","","stl_vector.h:384","tof_may2025_g","","","","","","","","","","","","","","","","","","","","","","","","","","","","","","","","","","","","","","","","","","","","","","","","","","","","","","","","","","","","","","","","","","","","","","","","",""
"","std::vector<yggdrasil_decision_forests::model::decision_tree::internal::AttributeAndWeight, std::allocator<yggdrasil_decision_forests::model::decision_tree::internal::AttributeAndWeight>>::_M_allocate_and_copy<__gnu_cxx::__normal_iterator<yggdrasil_decision_forests::model::decision_tree::internal::AttributeAndWeight const*, std::vector<yggdrasil_decision_forests::model::decision_tree::internal::AttributeAndWeight, std::allocator<yggdrasil_decision_forests::model::decision_tree::internal::AttributeAndWeight>>>>","-1","","0.00228106","0.300s","0","0s","0.100s","0s","Inlined Function","","36","233","248","","","","","","","0","","","0","","","0","","0","0","0","0.057","","","","","7170049","","< 0.001s","","","","","","","","","","stl_vector.h:1907","tof_may2025_g","","","","","","","","","","","","","","","","","","","","","","","","","","","","","","","","","","","","","","","","","","","","","","","","","","","","","","","","","","","","","","","","","","","","","","","","",""
"","google::protobuf::internal::SooRep::is_soo","-1","","0.000760352","0.100s","0","0s","0.100s","0s","Inlined Function","","39","251","250","","","","","","","","","","","","","","","","","","","","","","","8665930","","< 0.001s","","","","","","","","","","repeated_field.h:183","tof_may2025_g","","","","","","","","","","","","","","","","","","","","","","","","","","","","","","","","","","","","","","","","","","","","","","","","","","","","","","","","","","","","","","","","","","","","","","","","",""
"","google::protobuf::RepeatedField<double>::is_soo","-1","","0.000760352","0.100s","0","0s","0.100s","0s","Inlined Function","","38","157","251","","","","","","","","","","","","","","","","","","","","","","","8665930","","< 0.001s","","","","","","","","","","repeated_field.h:476","tof_may2025_g","","","","","","","","","","","","","","","","","","","","","","","","","","","","","","","","","","","","","","","","","","","","","","","","","","","","","","","","","","","","","","","","","","","","","","","","",""
"43","[loop in std::uniform_int_distribution<unsigned long>::_S_nd<unsigned long, std::mersenne_twister_engine<unsigned long, (unsigned long)32, (unsigned long)624, (unsigned long)397, (unsigned long)31, (unsigned long)2567483615, (unsigned long)11, (unsigned long)4294967295, (unsigned long)7, (unsigned long)2636928640, (unsigned long)15, (unsigned long)4022730752, (unsigned long)18, (unsigned long)1812433253>, unsigned int> at uniform_int_dist.h:274]","1","","0.000760352","0.100s","0","0s","0.100s","0s","Scalar","0","40","148","252","","","","","","","","","","","","","","","0","0.023","0.023","0","","","","","","","","","","","","","","","","","uniform_int_dist.h:274","tof_may2025_g","252","11620590","11620590","0","0","34861770","81344130","0","0","0","0","0","0","0","0","0","11620590","0","0","0","0","0","0","0","0","0","0","0","34861770","0","0","0","0","0","0","0","0","0","0","0","0","0","0","0","0","0","0","0","0","0","0","0","0","0","0","0","0","11620590","0","0","0","0","0","0","0","0","0","0","0","0","0","0","23241180"
"","google::protobuf::Arena::DefaultConstruct<yggdrasil_decision_forests::utils::proto::IntegerDistributionDouble>","-1","","0.00228106","0.300s","0","0s","0.100s","0s","Function","","37","115","254","","","","","","","0","","","0","","","0","","0","0","0","0.347","","","","","8665930","","< 0.001s","","","","","","","","","","arena.h:684","tof_may2025_g","254","8665930","8665930","0","0","519955800","407298710","0","0","0","0","0","0","0","0","0","8665930","0","0","0","0","0","0","0","0","0","0","0","519955800","0","0","0","0","0","17331860","103991160","138654880","831929280","0","0","0","0","0","0","0","0","0","0","0","0","0","0","0","0","0","0","8665930","0","0","0","0","0","0","0","0","0","0","0","0","0","0","0","43329650"
"","google::protobuf::RepeatedField<float>::GrowNoAnnotate","-1","","0.000760352","0.100s","0","0s","0.100s","0s","Function","","42","201","258","","","","","","","0","","","0.090","","","0.090","","0","0.023","0.023","0.261","","","","","1669984","","< 0.001s","","","","","","","","","","repeated_field.h:1182","tof_may2025_g","258","85389234","85389234","0","0","14032902591468","973975572","0","0","0","0","0","0","0","0","0","85389234","0","0","0","0","0","0","0","0","0","0","0","14011953076374","0","0","0","0","0","58750990","220388988","422791968","1656428528","0","0","0","0","0","0","0","0","0","0","0","0","0","0","0","0","0","0","10060654","0","0","0","0","0","0","0","0","0","0","0","0","0","0","0","20056108"
"","google::protobuf::MessageLite::DefaultConstruct<yggdrasil_decision_forests::model::decision_tree::proto::Condition_Higher>","-1","","0.000760352","0.100s","0","0s","0.100s","0s","Inlined Function","","47","174","259","","","","","","","","","","","","","","","","","","","","","","","4332941","","< 0.001s","","","","","","","","","","message_lite.h:821","tof_may2025_g","259","0","0","0","0","0","4332941","0","0","0","0","0","0","0","0","0","0","0","0","0","0","0","0","0","0","0","0","0","0","0","0","0","0","0","0","0","0","0","0","0","0","0","0","0","0","0","0","0","0","0","0","0","0","0","0","0","0","0","0","0","0","0","0","0","0","0","0","0","0","0","0","0","4332941"
"","google::protobuf::Arena::DefaultConstruct<yggdrasil_decision_forests::model::decision_tree::proto::Condition_Higher>","-1","","0.000760352","0.100s","0","0s","0.100s","0s","Function","","48","259","260","","","","","","","0","","","0","","","0","","0","0","0","0.173","","","","","4332941","","< 0.001s","","","","","","","","","","arena.h:684","tof_may2025_g","260","4332941","4332941","0","0","259976460","203648227","0","0","0","0","0","0","0","0","0","4332941","0","0","0","0","0","0","0","0","0","0","0","259976460","0","0","0","0","0","8665882","51995292","69327056","415962336","0","0","0","0","0","0","0","0","0","0","0","0","0","0","0","0","0","0","4332941","0","0","0","0","0","0","0","0","0","0","0","0","0","0","0","21664705"

