==== PROVENANCE ====
date_utc: 2026-08-10T18:07:37Z
git_sha: abc80d98-dirty
git_branch: rebased-main
machine: Intel(R) Xeon(R) Platinum 8488C (nproc=48)
machine_serial: ec2d65b4-2555-44a5-d802-ecaea08b3ad7
EXTRA_BAZEL_CONFIGS: <none>
EXTRA_TRAIN_ARGS: <none>
NUM_TREES: 240  NUM_RUNS: 3
DYNAMIC_SPLIT_THRESHOLDS: 100 600 1100 1600 2100 2600 3100 3600 4100 4600 5100
====================


======== DYNAMIC THRESHOLD SWEEP  configs: <none>  args: <none> ========



======== Threshold 100 ========

./bazel-bin/examples/train_oblique_forest --input_mode csv --train_csv "benchmarks/data/HIGGS_with_header.csv" --label_col "class" --num_trees=240 --dynamic_split_threshold=100 
----- Run 1/3 -----
WARNING: All log messages before absl::InitializeLog() is called are written to STDERR
I0000 00:00:1786385257.757052  130493 train_oblique_forest.cc:582] Loading CSV in a single pass: benchmarks/data/HIGGS_with_header.csv
I0000 00:00:1786385257.761342  130493 vertical_dataset_io.cc:82] 100 examples scanned.
I0000 00:00:1786385287.758804  130493 vertical_dataset_io.cc:82] 7155800 examples scanned.
I0000 00:00:1786385304.576357  130493 vertical_dataset_io.cc:91] 11000000 examples read. Memory: usage:1276MB allocated:1276MB. 0 (0%) examples have been skipped.
I0000 00:00:1786385304.844289  130493 train_oblique_forest.cc:589] Single-pass CSV load complete: 11000000 rows, 29 columns.
I0000 00:00:1786385304.844340  130493 train_oblique_forest.cc:706] -1 (automatic) threads requested. 48 threads set.
I0000 00:00:1786385304.844348  130493 train_oblique_forest.cc:776] Configuring oblique splits
I0000 00:00:1786385304.844351  130493 train_oblique_forest.cc:861] Using Dynamic Random Histogram with 64 samples
I0000 00:00:1786385304.844360  130493 train_oblique_forest.cc:891] train_oblique_forest wall-time - Loading/Init (pre-train): 47.0873s
I0000 00:00:1786385304.844421  130493 abstract_learner.cc:171] No input feature explicitly specified. Using all the available input features.
I0000 00:00:1786385304.844423  130493 abstract_learner.cc:185] The label "class" was removed from the input feature set.
I0000 00:00:1786385304.844435  130493 random_forest.cc:498] Training random forest on 11000000 example(s) and 28 feature(s).
I0000 00:00:1786385304.844448  130493 gpu.cc:93] Cannot initialize GPU: Not compiled with GPU support
I0000 00:00:1786385304.844643  130493 random_forest.cc:667] num_threads being used: 48
I0000 00:00:1786385362.034035  130688 random_forest.cc:980] Train tree 1/240 [index:35 total:57.19s tree:57.19s]
I0000 00:00:1786385418.827214  130662 random_forest.cc:980] Train tree 49/240 [index:58 total:1m53.98s tree:56.06s]
I0000 00:00:1786385476.584458  130662 random_forest.cc:980] Train tree 97/240 [index:96 total:2m51.74s tree:57.75s]
I0000 00:00:1786385535.651388  130679 random_forest.cc:980] Train tree 145/240 [index:145 total:3m50.81s tree:57.97s]
I0000 00:00:1786385593.968463  130699 random_forest.cc:980] Train tree 193/240 [index:193 total:4m49.12s tree:58.27s]
I0000 00:00:1786385600.290127  130493 random_forest.cc:987] random_forest.cc Training block took: 295.446 s
W0000 00:00:1786385600.290166  130493 random_forest.cc:1304] EXITING EARLY TO SPEED UP EXPERIMENTS!
----- Run 2/3 -----
WARNING: All log messages before absl::InitializeLog() is called are written to STDERR
I0000 00:00:1786385606.888236  131871 train_oblique_forest.cc:582] Loading CSV in a single pass: benchmarks/data/HIGGS_with_header.csv
I0000 00:00:1786385606.892423  131871 vertical_dataset_io.cc:82] 100 examples scanned.
I0000 00:00:1786385636.889694  131871 vertical_dataset_io.cc:82] 7126300 examples scanned.
I0000 00:00:1786385653.891258  131871 vertical_dataset_io.cc:91] 11000000 examples read. Memory: usage:1276MB allocated:1276MB. 0 (0%) examples have been skipped.
I0000 00:00:1786385654.158535  131871 train_oblique_forest.cc:589] Single-pass CSV load complete: 11000000 rows, 29 columns.
I0000 00:00:1786385654.158587  131871 train_oblique_forest.cc:706] -1 (automatic) threads requested. 48 threads set.
I0000 00:00:1786385654.158597  131871 train_oblique_forest.cc:776] Configuring oblique splits
I0000 00:00:1786385654.158600  131871 train_oblique_forest.cc:861] Using Dynamic Random Histogram with 64 samples
I0000 00:00:1786385654.158609  131871 train_oblique_forest.cc:891] train_oblique_forest wall-time - Loading/Init (pre-train): 47.2704s
I0000 00:00:1786385654.158670  131871 abstract_learner.cc:171] No input feature explicitly specified. Using all the available input features.
I0000 00:00:1786385654.158672  131871 abstract_learner.cc:185] The label "class" was removed from the input feature set.
I0000 00:00:1786385654.158685  131871 random_forest.cc:498] Training random forest on 11000000 example(s) and 28 feature(s).
I0000 00:00:1786385654.158696  131871 gpu.cc:93] Cannot initialize GPU: Not compiled with GPU support
I0000 00:00:1786385654.158895  131871 random_forest.cc:667] num_threads being used: 48
I0000 00:00:1786385711.446940  132076 random_forest.cc:980] Train tree 1/240 [index:29 total:57.29s tree:57.28s]
I0000 00:00:1786385768.555098  132064 random_forest.cc:980] Train tree 49/240 [index:58 total:1m54.40s tree:56.41s]
I0000 00:00:1786385826.199539  132064 random_forest.cc:980] Train tree 97/240 [index:96 total:2m52.04s tree:57.64s]
I0000 00:00:1786385885.094811  132085 random_forest.cc:980] Train tree 145/240 [index:145 total:3m50.94s tree:58.31s]
I0000 00:00:1786385943.166417  132077 random_forest.cc:980] Train tree 193/240 [index:195 total:4m49.01s tree:57.34s]
I0000 00:00:1786385950.605923  131871 random_forest.cc:987] random_forest.cc Training block took: 296.447 s
W0000 00:00:1786385950.605961  131871 random_forest.cc:1304] EXITING EARLY TO SPEED UP EXPERIMENTS!
----- Run 3/3 -----
WARNING: All log messages before absl::InitializeLog() is called are written to STDERR
I0000 00:00:1786385957.174399  133258 train_oblique_forest.cc:582] Loading CSV in a single pass: benchmarks/data/HIGGS_with_header.csv
I0000 00:00:1786385957.178595  133258 vertical_dataset_io.cc:82] 100 examples scanned.
I0000 00:00:1786385987.175783  133258 vertical_dataset_io.cc:82] 7146000 examples scanned.
I0000 00:00:1786386004.051936  133258 vertical_dataset_io.cc:91] 11000000 examples read. Memory: usage:1276MB allocated:1276MB. 0 (0%) examples have been skipped.
I0000 00:00:1786386004.321196  133258 train_oblique_forest.cc:589] Single-pass CSV load complete: 11000000 rows, 29 columns.
I0000 00:00:1786386004.321251  133258 train_oblique_forest.cc:706] -1 (automatic) threads requested. 48 threads set.
I0000 00:00:1786386004.321260  133258 train_oblique_forest.cc:776] Configuring oblique splits
I0000 00:00:1786386004.321263  133258 train_oblique_forest.cc:861] Using Dynamic Random Histogram with 64 samples
I0000 00:00:1786386004.321272  133258 train_oblique_forest.cc:891] train_oblique_forest wall-time - Loading/Init (pre-train): 47.1469s
I0000 00:00:1786386004.321334  133258 abstract_learner.cc:171] No input feature explicitly specified. Using all the available input features.
I0000 00:00:1786386004.321336  133258 abstract_learner.cc:185] The label "class" was removed from the input feature set.
I0000 00:00:1786386004.321350  133258 random_forest.cc:498] Training random forest on 11000000 example(s) and 28 feature(s).
I0000 00:00:1786386004.321361  133258 gpu.cc:93] Cannot initialize GPU: Not compiled with GPU support
I0000 00:00:1786386004.321559  133258 random_forest.cc:667] num_threads being used: 48
I0000 00:00:1786386061.574638  133472 random_forest.cc:980] Train tree 1/240 [index:45 total:57.25s tree:57.25s]
I0000 00:00:1786386118.801187  133467 random_forest.cc:980] Train tree 49/240 [index:58 total:1m54.48s tree:56.62s]
I0000 00:00:1786386176.397213  133467 random_forest.cc:980] Train tree 97/240 [index:96 total:2m52.08s tree:57.59s]
I0000 00:00:1786386234.790634  133459 random_forest.cc:980] Train tree 145/240 [index:146 total:3m50.47s tree:57.33s]
I0000 00:00:1786386293.010644  133442 random_forest.cc:980] Train tree 193/240 [index:193 total:4m48.69s tree:58.20s]
I0000 00:00:1786386299.536279  133258 random_forest.cc:987] random_forest.cc Training block took: 295.215 s
W0000 00:00:1786386299.536319  133258 random_forest.cc:1304] EXITING EARLY TO SPEED UP EXPERIMENTS!
RESULT dataset=HIGGS_with_header threshold=100 median=295.446s stddev=0.654877s n=3
./bazel-bin/examples/train_oblique_forest --input_mode trunk --rows 1500000 --cols 4096 --num_trees=240 --dynamic_split_threshold=100 
----- Run 1/3 -----
WARNING: All log messages before absl::InitializeLog() is called are written to STDERR
I0000 00:00:1786386306.100640  134649 train_oblique_forest.cc:614] Generating trunk synthetic dataset: rows=1500000, cols=4096, layout=column
I0000 00:00:1786386357.127956  134649 train_oblique_forest.cc:706] -1 (automatic) threads requested. 48 threads set.
I0000 00:00:1786386357.127980  134649 train_oblique_forest.cc:776] Configuring oblique splits
I0000 00:00:1786386357.127984  134649 train_oblique_forest.cc:861] Using Dynamic Random Histogram with 64 samples
I0000 00:00:1786386357.127995  134649 train_oblique_forest.cc:891] train_oblique_forest wall-time - Loading/Init (pre-train): 51.0274s
I0000 00:00:1786386357.128296  134649 abstract_learner.cc:171] No input feature explicitly specified. Using all the available input features.
I0000 00:00:1786386357.128302  134649 abstract_learner.cc:185] The label "y" was removed from the input feature set.
I0000 00:00:1786386357.128839  134649 random_forest.cc:498] Training random forest on 1500000 example(s) and 4096 feature(s).
I0000 00:00:1786386357.128963  134649 gpu.cc:93] Cannot initialize GPU: Not compiled with GPU support
I0000 00:00:1786386357.129765  134649 random_forest.cc:667] num_threads being used: 48
I0000 00:00:1786386408.547339  134878 random_forest.cc:980] Train tree 1/240 [index:30 total:51.42s tree:51.41s]
I0000 00:00:1786386460.189486  134889 random_forest.cc:980] Train tree 49/240 [index:70 total:1m43.06s tree:48.90s]
I0000 00:00:1786386514.766482  134850 random_forest.cc:980] Train tree 97/240 [index:116 total:2m37.64s tree:50.35s]
I0000 00:00:1786386569.307498  134891 random_forest.cc:980] Train tree 145/240 [index:182 total:3m32.18s tree:48.53s]
I0000 00:00:1786386622.400078  134865 random_forest.cc:980] Train tree 193/240 [index:202 total:4m25.27s tree:51.30s]
I0000 00:00:1786386630.324329  134649 random_forest.cc:987] random_forest.cc Training block took: 273.196 s
W0000 00:00:1786386630.324371  134649 random_forest.cc:1304] EXITING EARLY TO SPEED UP EXPERIMENTS!
----- Run 2/3 -----
WARNING: All log messages before absl::InitializeLog() is called are written to STDERR
I0000 00:00:1786386631.420782  135945 train_oblique_forest.cc:614] Generating trunk synthetic dataset: rows=1500000, cols=4096, layout=column
I0000 00:00:1786386682.576991  135945 train_oblique_forest.cc:706] -1 (automatic) threads requested. 48 threads set.
I0000 00:00:1786386682.577014  135945 train_oblique_forest.cc:776] Configuring oblique splits
I0000 00:00:1786386682.577017  135945 train_oblique_forest.cc:861] Using Dynamic Random Histogram with 64 samples
I0000 00:00:1786386682.577027  135945 train_oblique_forest.cc:891] train_oblique_forest wall-time - Loading/Init (pre-train): 51.1563s
I0000 00:00:1786386682.577329  135945 abstract_learner.cc:171] No input feature explicitly specified. Using all the available input features.
I0000 00:00:1786386682.577335  135945 abstract_learner.cc:185] The label "y" was removed from the input feature set.
I0000 00:00:1786386682.577878  135945 random_forest.cc:498] Training random forest on 1500000 example(s) and 4096 feature(s).
I0000 00:00:1786386682.577999  135945 gpu.cc:93] Cannot initialize GPU: Not compiled with GPU support
I0000 00:00:1786386682.578810  135945 random_forest.cc:667] num_threads being used: 48
I0000 00:00:1786386734.268040  136167 random_forest.cc:980] Train tree 1/240 [index:30 total:51.69s tree:51.68s]
I0000 00:00:1786386786.098649  136160 random_forest.cc:980] Train tree 49/240 [index:70 total:1m43.52s tree:49.31s]
I0000 00:00:1786386840.275479  136147 random_forest.cc:980] Train tree 97/240 [index:116 total:2m37.70s tree:50.34s]
I0000 00:00:1786386894.825121  136173 random_forest.cc:980] Train tree 145/240 [index:182 total:3m32.25s tree:49.16s]
I0000 00:00:1786386948.002547  136179 random_forest.cc:980] Train tree 193/240 [index:202 total:4m25.42s tree:51.41s]
I0000 00:00:1786386954.955856  135945 random_forest.cc:987] random_forest.cc Training block took: 272.379 s
W0000 00:00:1786386954.955894  135945 random_forest.cc:1304] EXITING EARLY TO SPEED UP EXPERIMENTS!
----- Run 3/3 -----
WARNING: All log messages before absl::InitializeLog() is called are written to STDERR
I0000 00:00:1786386956.039697  137233 train_oblique_forest.cc:614] Generating trunk synthetic dataset: rows=1500000, cols=4096, layout=column
I0000 00:00:1786387007.187404  137233 train_oblique_forest.cc:706] -1 (automatic) threads requested. 48 threads set.
I0000 00:00:1786387007.187428  137233 train_oblique_forest.cc:776] Configuring oblique splits
I0000 00:00:1786387007.187432  137233 train_oblique_forest.cc:861] Using Dynamic Random Histogram with 64 samples
I0000 00:00:1786387007.187442  137233 train_oblique_forest.cc:891] train_oblique_forest wall-time - Loading/Init (pre-train): 51.1478s
I0000 00:00:1786387007.187736  137233 abstract_learner.cc:171] No input feature explicitly specified. Using all the available input features.
I0000 00:00:1786387007.187741  137233 abstract_learner.cc:185] The label "y" was removed from the input feature set.
I0000 00:00:1786387007.188292  137233 random_forest.cc:498] Training random forest on 1500000 example(s) and 4096 feature(s).
I0000 00:00:1786387007.188411  137233 gpu.cc:93] Cannot initialize GPU: Not compiled with GPU support
I0000 00:00:1786387007.189222  137233 random_forest.cc:667] num_threads being used: 48
I0000 00:00:1786387058.932580  137450 random_forest.cc:980] Train tree 1/240 [index:30 total:51.74s tree:51.74s]
I0000 00:00:1786387110.325780  137472 random_forest.cc:980] Train tree 49/240 [index:70 total:1m43.14s tree:49.05s]
I0000 00:00:1786387164.838308  137451 random_forest.cc:980] Train tree 97/240 [index:116 total:2m37.65s tree:50.21s]
I0000 00:00:1786387218.515336  137455 random_forest.cc:980] Train tree 145/240 [index:182 total:3m31.33s tree:48.41s]
I0000 00:00:1786387272.746085  137455 random_forest.cc:980] Train tree 193/240 [index:192 total:4m25.56s tree:54.23s]
I0000 00:00:1786387281.135794  137233 random_forest.cc:987] random_forest.cc Training block took: 273.948 s
W0000 00:00:1786387281.135837  137233 random_forest.cc:1304] EXITING EARLY TO SPEED UP EXPERIMENTS!
RESULT dataset=trunk_1500000_x_4096 threshold=100 median=273.196s stddev=0.784724s n=3


======== Threshold 600 ========

./bazel-bin/examples/train_oblique_forest --input_mode csv --train_csv "benchmarks/data/HIGGS_with_header.csv" --label_col "class" --num_trees=240 --dynamic_split_threshold=600 
----- Run 1/3 -----
WARNING: All log messages before absl::InitializeLog() is called are written to STDERR
I0000 00:00:1786387282.220399  138556 train_oblique_forest.cc:582] Loading CSV in a single pass: benchmarks/data/HIGGS_with_header.csv
I0000 00:00:1786387282.224585  138556 vertical_dataset_io.cc:82] 100 examples scanned.
I0000 00:00:1786387312.222008  138556 vertical_dataset_io.cc:82] 7157900 examples scanned.
I0000 00:00:1786387329.017565  138556 vertical_dataset_io.cc:91] 11000000 examples read. Memory: usage:1276MB allocated:1276MB. 0 (0%) examples have been skipped.
I0000 00:00:1786387329.284571  138556 train_oblique_forest.cc:589] Single-pass CSV load complete: 11000000 rows, 29 columns.
I0000 00:00:1786387329.284624  138556 train_oblique_forest.cc:706] -1 (automatic) threads requested. 48 threads set.
I0000 00:00:1786387329.284633  138556 train_oblique_forest.cc:776] Configuring oblique splits
I0000 00:00:1786387329.284636  138556 train_oblique_forest.cc:861] Using Dynamic Random Histogram with 64 samples
I0000 00:00:1786387329.284645  138556 train_oblique_forest.cc:891] train_oblique_forest wall-time - Loading/Init (pre-train): 47.0643s
I0000 00:00:1786387329.284705  138556 abstract_learner.cc:171] No input feature explicitly specified. Using all the available input features.
I0000 00:00:1786387329.284708  138556 abstract_learner.cc:185] The label "class" was removed from the input feature set.
I0000 00:00:1786387329.284720  138556 random_forest.cc:498] Training random forest on 11000000 example(s) and 28 feature(s).
I0000 00:00:1786387329.284733  138556 gpu.cc:93] Cannot initialize GPU: Not compiled with GPU support
I0000 00:00:1786387329.284930  138556 random_forest.cc:667] num_threads being used: 48
I0000 00:00:1786387385.915500  138757 random_forest.cc:980] Train tree 1/240 [index:35 total:56.63s tree:56.63s]
I0000 00:00:1786387443.131590  138777 random_forest.cc:980] Train tree 49/240 [index:51 total:1m53.85s tree:56.84s]
I0000 00:00:1786387500.812240  138755 random_forest.cc:980] Train tree 97/240 [index:101 total:2m51.53s tree:56.72s]
I0000 00:00:1786387558.628463  138755 random_forest.cc:980] Train tree 145/240 [index:144 total:3m49.34s tree:57.81s]
I0000 00:00:1786387616.576512  138775 random_forest.cc:980] Train tree 193/240 [index:194 total:4m47.29s tree:57.36s]
I0000 00:00:1786387622.703468  138556 random_forest.cc:987] random_forest.cc Training block took: 293.419 s
W0000 00:00:1786387622.703508  138556 random_forest.cc:1304] EXITING EARLY TO SPEED UP EXPERIMENTS!
----- Run 2/3 -----
WARNING: All log messages before absl::InitializeLog() is called are written to STDERR
I0000 00:00:1786387629.151983  139934 train_oblique_forest.cc:582] Loading CSV in a single pass: benchmarks/data/HIGGS_with_header.csv
I0000 00:00:1786387629.156175  139934 vertical_dataset_io.cc:82] 100 examples scanned.
I0000 00:00:1786387659.153563  139934 vertical_dataset_io.cc:82] 7128000 examples scanned.
I0000 00:00:1786387676.169666  139934 vertical_dataset_io.cc:91] 11000000 examples read. Memory: usage:1276MB allocated:1276MB. 0 (0%) examples have been skipped.
I0000 00:00:1786387676.439233  139934 train_oblique_forest.cc:589] Single-pass CSV load complete: 11000000 rows, 29 columns.
I0000 00:00:1786387676.439289  139934 train_oblique_forest.cc:706] -1 (automatic) threads requested. 48 threads set.
I0000 00:00:1786387676.439298  139934 train_oblique_forest.cc:776] Configuring oblique splits
I0000 00:00:1786387676.439301  139934 train_oblique_forest.cc:861] Using Dynamic Random Histogram with 64 samples
I0000 00:00:1786387676.439311  139934 train_oblique_forest.cc:891] train_oblique_forest wall-time - Loading/Init (pre-train): 47.2874s
I0000 00:00:1786387676.439372  139934 abstract_learner.cc:171] No input feature explicitly specified. Using all the available input features.
I0000 00:00:1786387676.439374  139934 abstract_learner.cc:185] The label "class" was removed from the input feature set.
I0000 00:00:1786387676.439387  139934 random_forest.cc:498] Training random forest on 11000000 example(s) and 28 feature(s).
I0000 00:00:1786387676.439399  139934 gpu.cc:93] Cannot initialize GPU: Not compiled with GPU support
I0000 00:00:1786387676.439596  139934 random_forest.cc:667] num_threads being used: 48
I0000 00:00:1786387733.002567  140135 random_forest.cc:980] Train tree 1/240 [index:35 total:56.56s tree:56.56s]
I0000 00:00:1786387790.251724  140144 random_forest.cc:980] Train tree 49/240 [index:51 total:1m53.81s tree:56.79s]
I0000 00:00:1786387847.982744  140154 random_forest.cc:980] Train tree 97/240 [index:101 total:2m51.54s tree:56.69s]
I0000 00:00:1786387905.924118  140154 random_forest.cc:980] Train tree 145/240 [index:144 total:3m49.48s tree:57.94s]
I0000 00:00:1786387963.665504  140126 random_forest.cc:980] Train tree 193/240 [index:195 total:4m47.23s tree:57.13s]
I0000 00:00:1786387969.561468  139934 random_forest.cc:987] random_forest.cc Training block took: 293.122 s
W0000 00:00:1786387969.561509  139934 random_forest.cc:1304] EXITING EARLY TO SPEED UP EXPERIMENTS!
----- Run 3/3 -----
WARNING: All log messages before absl::InitializeLog() is called are written to STDERR
I0000 00:00:1786387975.987908  141302 train_oblique_forest.cc:582] Loading CSV in a single pass: benchmarks/data/HIGGS_with_header.csv
I0000 00:00:1786387975.992112  141302 vertical_dataset_io.cc:82] 100 examples scanned.
I0000 00:00:1786388005.989532  141302 vertical_dataset_io.cc:82] 7149800 examples scanned.
I0000 00:00:1786388022.853564  141302 vertical_dataset_io.cc:91] 11000000 examples read. Memory: usage:1276MB allocated:1276MB. 0 (0%) examples have been skipped.
I0000 00:00:1786388023.123057  141302 train_oblique_forest.cc:589] Single-pass CSV load complete: 11000000 rows, 29 columns.
I0000 00:00:1786388023.123110  141302 train_oblique_forest.cc:706] -1 (automatic) threads requested. 48 threads set.
I0000 00:00:1786388023.123118  141302 train_oblique_forest.cc:776] Configuring oblique splits
I0000 00:00:1786388023.123122  141302 train_oblique_forest.cc:861] Using Dynamic Random Histogram with 64 samples
I0000 00:00:1786388023.123131  141302 train_oblique_forest.cc:891] train_oblique_forest wall-time - Loading/Init (pre-train): 47.1352s
I0000 00:00:1786388023.123190  141302 abstract_learner.cc:171] No input feature explicitly specified. Using all the available input features.
I0000 00:00:1786388023.123193  141302 abstract_learner.cc:185] The label "class" was removed from the input feature set.
I0000 00:00:1786388023.123205  141302 random_forest.cc:498] Training random forest on 11000000 example(s) and 28 feature(s).
I0000 00:00:1786388023.123217  141302 gpu.cc:93] Cannot initialize GPU: Not compiled with GPU support
I0000 00:00:1786388023.123411  141302 random_forest.cc:667] num_threads being used: 48
I0000 00:00:1786388079.915075  141503 random_forest.cc:980] Train tree 1/240 [index:21 total:56.79s tree:56.79s]
I0000 00:00:1786388137.107028  141494 random_forest.cc:980] Train tree 49/240 [index:51 total:1m53.98s tree:56.90s]
I0000 00:00:1786388194.592693  141526 random_forest.cc:980] Train tree 97/240 [index:101 total:2m51.47s tree:56.58s]
I0000 00:00:1786388252.618838  141526 random_forest.cc:980] Train tree 145/240 [index:144 total:3m49.50s tree:58.02s]
I0000 00:00:1786388310.745855  141505 random_forest.cc:980] Train tree 193/240 [index:199 total:4m47.62s tree:57.12s]
I0000 00:00:1786388316.427150  141302 random_forest.cc:987] random_forest.cc Training block took: 293.304 s
W0000 00:00:1786388316.427190  141302 random_forest.cc:1304] EXITING EARLY TO SPEED UP EXPERIMENTS!
RESULT dataset=HIGGS_with_header threshold=600 median=293.304s stddev=0.149754s n=3
./bazel-bin/examples/train_oblique_forest --input_mode trunk --rows 1500000 --cols 4096 --num_trees=240 --dynamic_split_threshold=600 
----- Run 1/3 -----
WARNING: All log messages before absl::InitializeLog() is called are written to STDERR
I0000 00:00:1786388322.894728  142689 train_oblique_forest.cc:614] Generating trunk synthetic dataset: rows=1500000, cols=4096, layout=column
I0000 00:00:1786388374.085656  142689 train_oblique_forest.cc:706] -1 (automatic) threads requested. 48 threads set.
I0000 00:00:1786388374.085679  142689 train_oblique_forest.cc:776] Configuring oblique splits
I0000 00:00:1786388374.085683  142689 train_oblique_forest.cc:861] Using Dynamic Random Histogram with 64 samples
I0000 00:00:1786388374.085694  142689 train_oblique_forest.cc:891] train_oblique_forest wall-time - Loading/Init (pre-train): 51.191s
I0000 00:00:1786388374.086003  142689 abstract_learner.cc:171] No input feature explicitly specified. Using all the available input features.
I0000 00:00:1786388374.086009  142689 abstract_learner.cc:185] The label "y" was removed from the input feature set.
I0000 00:00:1786388374.086551  142689 random_forest.cc:498] Training random forest on 1500000 example(s) and 4096 feature(s).
I0000 00:00:1786388374.086671  142689 gpu.cc:93] Cannot initialize GPU: Not compiled with GPU support
I0000 00:00:1786388374.087489  142689 random_forest.cc:667] num_threads being used: 48
I0000 00:00:1786388425.060516  142927 random_forest.cc:980] Train tree 1/240 [index:30 total:50.97s tree:50.97s]
I0000 00:00:1786388477.404511  142917 random_forest.cc:980] Train tree 49/240 [index:70 total:1m43.32s tree:49.91s]
I0000 00:00:1786388530.997247  142917 random_forest.cc:980] Train tree 97/240 [index:96 total:2m36.91s tree:53.59s]
I0000 00:00:1786388584.206602  142907 random_forest.cc:980] Train tree 145/240 [index:182 total:3m30.12s tree:48.51s]
I0000 00:00:1786388638.263999  142907 random_forest.cc:980] Train tree 193/240 [index:192 total:4m24.18s tree:54.06s]
I0000 00:00:1786388644.229097  142689 random_forest.cc:987] random_forest.cc Training block took: 270.143 s
W0000 00:00:1786388644.229135  142689 random_forest.cc:1304] EXITING EARLY TO SPEED UP EXPERIMENTS!
----- Run 2/3 -----
WARNING: All log messages before absl::InitializeLog() is called are written to STDERR
I0000 00:00:1786388645.310795  143983 train_oblique_forest.cc:614] Generating trunk synthetic dataset: rows=1500000, cols=4096, layout=column
I0000 00:00:1786388696.466044  143983 train_oblique_forest.cc:706] -1 (automatic) threads requested. 48 threads set.
I0000 00:00:1786388696.466070  143983 train_oblique_forest.cc:776] Configuring oblique splits
I0000 00:00:1786388696.466074  143983 train_oblique_forest.cc:861] Using Dynamic Random Histogram with 64 samples
I0000 00:00:1786388696.466087  143983 train_oblique_forest.cc:891] train_oblique_forest wall-time - Loading/Init (pre-train): 51.1553s
I0000 00:00:1786388696.466410  143983 abstract_learner.cc:171] No input feature explicitly specified. Using all the available input features.
I0000 00:00:1786388696.466416  143983 abstract_learner.cc:185] The label "y" was removed from the input feature set.
I0000 00:00:1786388696.466962  143983 random_forest.cc:498] Training random forest on 1500000 example(s) and 4096 feature(s).
I0000 00:00:1786388696.467089  143983 gpu.cc:93] Cannot initialize GPU: Not compiled with GPU support
I0000 00:00:1786388696.467894  143983 random_forest.cc:667] num_threads being used: 48
I0000 00:00:1786388747.792711  144210 random_forest.cc:980] Train tree 1/240 [index:43 total:51.32s tree:51.32s]
I0000 00:00:1786388799.909829  144180 random_forest.cc:980] Train tree 49/240 [index:70 total:1m43.44s tree:50.05s]
I0000 00:00:1786388853.295016  144180 random_forest.cc:980] Train tree 97/240 [index:96 total:2m36.83s tree:53.39s]
I0000 00:00:1786388906.232172  144180 random_forest.cc:980] Train tree 145/240 [index:144 total:3m29.76s tree:52.94s]
I0000 00:00:1786388960.540278  144180 random_forest.cc:980] Train tree 193/240 [index:192 total:4m24.07s tree:54.31s]
I0000 00:00:1786388967.218455  143983 random_forest.cc:987] random_forest.cc Training block took: 270.752 s
W0000 00:00:1786388967.218499  143983 random_forest.cc:1304] EXITING EARLY TO SPEED UP EXPERIMENTS!
----- Run 3/3 -----
WARNING: All log messages before absl::InitializeLog() is called are written to STDERR
I0000 00:00:1786388968.286992  145265 train_oblique_forest.cc:614] Generating trunk synthetic dataset: rows=1500000, cols=4096, layout=column
I0000 00:00:1786389019.523396  145265 train_oblique_forest.cc:706] -1 (automatic) threads requested. 48 threads set.
I0000 00:00:1786389019.523421  145265 train_oblique_forest.cc:776] Configuring oblique splits
I0000 00:00:1786389019.523425  145265 train_oblique_forest.cc:861] Using Dynamic Random Histogram with 64 samples
I0000 00:00:1786389019.523436  145265 train_oblique_forest.cc:891] train_oblique_forest wall-time - Loading/Init (pre-train): 51.2365s
I0000 00:00:1786389019.523729  145265 abstract_learner.cc:171] No input feature explicitly specified. Using all the available input features.
I0000 00:00:1786389019.523735  145265 abstract_learner.cc:185] The label "y" was removed from the input feature set.
I0000 00:00:1786389019.524286  145265 random_forest.cc:498] Training random forest on 1500000 example(s) and 4096 feature(s).
I0000 00:00:1786389019.524407  145265 gpu.cc:93] Cannot initialize GPU: Not compiled with GPU support
I0000 00:00:1786389019.525222  145265 random_forest.cc:667] num_threads being used: 48
I0000 00:00:1786389070.764009  145513 random_forest.cc:980] Train tree 1/240 [index:30 total:51.24s tree:51.23s]
I0000 00:00:1786389122.535702  145485 random_forest.cc:980] Train tree 49/240 [index:70 total:1m43.01s tree:49.57s]
I0000 00:00:1786389175.879194  145485 random_forest.cc:980] Train tree 97/240 [index:96 total:2m36.35s tree:53.34s]
I0000 00:00:1786389229.225873  145485 random_forest.cc:980] Train tree 145/240 [index:144 total:3m29.70s tree:53.35s]
I0000 00:00:1786389283.385063  145485 random_forest.cc:980] Train tree 193/240 [index:192 total:4m23.86s tree:54.16s]
I0000 00:00:1786389288.891363  145265 random_forest.cc:987] random_forest.cc Training block took: 269.368 s
W0000 00:00:1786389288.891403  145265 random_forest.cc:1304] EXITING EARLY TO SPEED UP EXPERIMENTS!
RESULT dataset=trunk_1500000_x_4096 threshold=600 median=270.143s stddev=0.693657s n=3


======== Threshold 1100 ========

./bazel-bin/examples/train_oblique_forest --input_mode csv --train_csv "benchmarks/data/HIGGS_with_header.csv" --label_col "class" --num_trees=240 --dynamic_split_threshold=1100 
----- Run 1/3 -----
WARNING: All log messages before absl::InitializeLog() is called are written to STDERR
I0000 00:00:1786389289.977924  146564 train_oblique_forest.cc:582] Loading CSV in a single pass: benchmarks/data/HIGGS_with_header.csv
I0000 00:00:1786389289.982110  146564 vertical_dataset_io.cc:82] 100 examples scanned.
I0000 00:00:1786389319.979231  146564 vertical_dataset_io.cc:82] 7157900 examples scanned.
I0000 00:00:1786389336.799137  146564 vertical_dataset_io.cc:91] 11000000 examples read. Memory: usage:1276MB allocated:1276MB. 0 (0%) examples have been skipped.
I0000 00:00:1786389337.067818  146564 train_oblique_forest.cc:589] Single-pass CSV load complete: 11000000 rows, 29 columns.
I0000 00:00:1786389337.067861  146564 train_oblique_forest.cc:706] -1 (automatic) threads requested. 48 threads set.
I0000 00:00:1786389337.067870  146564 train_oblique_forest.cc:776] Configuring oblique splits
I0000 00:00:1786389337.067873  146564 train_oblique_forest.cc:861] Using Dynamic Random Histogram with 64 samples
I0000 00:00:1786389337.067882  146564 train_oblique_forest.cc:891] train_oblique_forest wall-time - Loading/Init (pre-train): 47.09s
I0000 00:00:1786389337.067938  146564 abstract_learner.cc:171] No input feature explicitly specified. Using all the available input features.
I0000 00:00:1786389337.067940  146564 abstract_learner.cc:185] The label "class" was removed from the input feature set.
I0000 00:00:1786389337.067953  146564 random_forest.cc:498] Training random forest on 11000000 example(s) and 28 feature(s).
I0000 00:00:1786389337.067965  146564 gpu.cc:93] Cannot initialize GPU: Not compiled with GPU support
I0000 00:00:1786389337.068158  146564 random_forest.cc:667] num_threads being used: 48
I0000 00:00:1786389394.265802  146774 random_forest.cc:980] Train tree 1/240 [index:29 total:57.20s tree:57.20s]
I0000 00:00:1786389451.812273  146780 random_forest.cc:980] Train tree 49/240 [index:58 total:1m54.74s tree:56.82s]
I0000 00:00:1786389509.578931  146780 random_forest.cc:980] Train tree 97/240 [index:96 total:2m52.51s tree:57.77s]
I0000 00:00:1786389568.098416  146772 random_forest.cc:980] Train tree 145/240 [index:146 total:3m51.03s tree:58.15s]
I0000 00:00:1786389625.976362  146772 random_forest.cc:980] Train tree 193/240 [index:192 total:4m48.91s tree:57.88s]
I0000 00:00:1786389631.652492  146564 random_forest.cc:987] random_forest.cc Training block took: 294.585 s
W0000 00:00:1786389631.652531  146564 random_forest.cc:1304] EXITING EARLY TO SPEED UP EXPERIMENTS!
----- Run 2/3 -----
WARNING: All log messages before absl::InitializeLog() is called are written to STDERR
I0000 00:00:1786389638.017854  147946 train_oblique_forest.cc:582] Loading CSV in a single pass: benchmarks/data/HIGGS_with_header.csv
I0000 00:00:1786389638.022102  147946 vertical_dataset_io.cc:82] 100 examples scanned.
I0000 00:00:1786389668.019461  147946 vertical_dataset_io.cc:82] 7131500 examples scanned.
I0000 00:00:1786389685.014275  147946 vertical_dataset_io.cc:91] 11000000 examples read. Memory: usage:1276MB allocated:1276MB. 0 (0%) examples have been skipped.
I0000 00:00:1786389685.283907  147946 train_oblique_forest.cc:589] Single-pass CSV load complete: 11000000 rows, 29 columns.
I0000 00:00:1786389685.283960  147946 train_oblique_forest.cc:706] -1 (automatic) threads requested. 48 threads set.
I0000 00:00:1786389685.283969  147946 train_oblique_forest.cc:776] Configuring oblique splits
I0000 00:00:1786389685.283972  147946 train_oblique_forest.cc:861] Using Dynamic Random Histogram with 64 samples
I0000 00:00:1786389685.283981  147946 train_oblique_forest.cc:891] train_oblique_forest wall-time - Loading/Init (pre-train): 47.2662s
I0000 00:00:1786389685.284040  147946 abstract_learner.cc:171] No input feature explicitly specified. Using all the available input features.
I0000 00:00:1786389685.284042  147946 abstract_learner.cc:185] The label "class" was removed from the input feature set.
I0000 00:00:1786389685.284054  147946 random_forest.cc:498] Training random forest on 11000000 example(s) and 28 feature(s).
I0000 00:00:1786389685.284066  147946 gpu.cc:93] Cannot initialize GPU: Not compiled with GPU support
I0000 00:00:1786389685.284258  147946 random_forest.cc:667] num_threads being used: 48
I0000 00:00:1786389742.454690  148165 random_forest.cc:980] Train tree 1/240 [index:29 total:57.17s tree:57.17s]
I0000 00:00:1786389800.399772  148165 random_forest.cc:980] Train tree 49/240 [index:48 total:1m55.12s tree:57.94s]
I0000 00:00:1786389858.388745  148174 random_forest.cc:980] Train tree 97/240 [index:104 total:2m53.10s tree:57.10s]
I0000 00:00:1786389916.452395  148165 random_forest.cc:980] Train tree 145/240 [index:146 total:3m51.17s tree:57.91s]
I0000 00:00:1786389974.440628  148171 random_forest.cc:980] Train tree 193/240 [index:195 total:4m49.16s tree:57.61s]
I0000 00:00:1786389980.580311  147946 random_forest.cc:987] random_forest.cc Training block took: 295.296 s
W0000 00:00:1786389980.580346  147946 random_forest.cc:1304] EXITING EARLY TO SPEED UP EXPERIMENTS!
----- Run 3/3 -----
WARNING: All log messages before absl::InitializeLog() is called are written to STDERR
I0000 00:00:1786389987.030817  149355 train_oblique_forest.cc:582] Loading CSV in a single pass: benchmarks/data/HIGGS_with_header.csv
I0000 00:00:1786389987.035018  149355 vertical_dataset_io.cc:82] 100 examples scanned.
I0000 00:00:1786390017.032198  149355 vertical_dataset_io.cc:82] 7139100 examples scanned.
I0000 00:00:1786390033.948437  149355 vertical_dataset_io.cc:91] 11000000 examples read. Memory: usage:1276MB allocated:1276MB. 0 (0%) examples have been skipped.
I0000 00:00:1786390034.217011  149355 train_oblique_forest.cc:589] Single-pass CSV load complete: 11000000 rows, 29 columns.
I0000 00:00:1786390034.217052  149355 train_oblique_forest.cc:706] -1 (automatic) threads requested. 48 threads set.
I0000 00:00:1786390034.217061  149355 train_oblique_forest.cc:776] Configuring oblique splits
I0000 00:00:1786390034.217064  149355 train_oblique_forest.cc:861] Using Dynamic Random Histogram with 64 samples
I0000 00:00:1786390034.217075  149355 train_oblique_forest.cc:891] train_oblique_forest wall-time - Loading/Init (pre-train): 47.1863s
I0000 00:00:1786390034.217130  149355 abstract_learner.cc:171] No input feature explicitly specified. Using all the available input features.
I0000 00:00:1786390034.217133  149355 abstract_learner.cc:185] The label "class" was removed from the input feature set.
I0000 00:00:1786390034.217146  149355 random_forest.cc:498] Training random forest on 11000000 example(s) and 28 feature(s).
I0000 00:00:1786390034.217157  149355 gpu.cc:93] Cannot initialize GPU: Not compiled with GPU support
I0000 00:00:1786390034.217350  149355 random_forest.cc:667] num_threads being used: 48
I0000 00:00:1786390091.419956  149565 random_forest.cc:980] Train tree 1/240 [index:29 total:57.20s tree:57.20s]
I0000 00:00:1786390149.164597  149565 random_forest.cc:980] Train tree 49/240 [index:48 total:1m54.95s tree:57.74s]
I0000 00:00:1786390206.978787  149544 random_forest.cc:980] Train tree 97/240 [index:98 total:2m52.76s tree:57.39s]
I0000 00:00:1786390265.643211  149574 random_forest.cc:980] Train tree 145/240 [index:145 total:3m51.43s tree:58.41s]
I0000 00:00:1786390323.758730  149574 random_forest.cc:980] Train tree 193/240 [index:192 total:4m49.54s tree:58.11s]
I0000 00:00:1786390329.055742  149355 random_forest.cc:987] random_forest.cc Training block took: 294.839 s
W0000 00:00:1786390329.055781  149355 random_forest.cc:1304] EXITING EARLY TO SPEED UP EXPERIMENTS!
RESULT dataset=HIGGS_with_header threshold=1100 median=294.839s stddev=0.360298s n=3
./bazel-bin/examples/train_oblique_forest --input_mode trunk --rows 1500000 --cols 4096 --num_trees=240 --dynamic_split_threshold=1100 
----- Run 1/3 -----
WARNING: All log messages before absl::InitializeLog() is called are written to STDERR
I0000 00:00:1786390335.473972  150741 train_oblique_forest.cc:614] Generating trunk synthetic dataset: rows=1500000, cols=4096, layout=column
I0000 00:00:1786390386.474341  150741 train_oblique_forest.cc:706] -1 (automatic) threads requested. 48 threads set.
I0000 00:00:1786390386.474367  150741 train_oblique_forest.cc:776] Configuring oblique splits
I0000 00:00:1786390386.474371  150741 train_oblique_forest.cc:861] Using Dynamic Random Histogram with 64 samples
I0000 00:00:1786390386.474382  150741 train_oblique_forest.cc:891] train_oblique_forest wall-time - Loading/Init (pre-train): 51.0004s
I0000 00:00:1786390386.474676  150741 abstract_learner.cc:171] No input feature explicitly specified. Using all the available input features.
I0000 00:00:1786390386.474682  150741 abstract_learner.cc:185] The label "y" was removed from the input feature set.
I0000 00:00:1786390386.475222  150741 random_forest.cc:498] Training random forest on 1500000 example(s) and 4096 feature(s).
I0000 00:00:1786390386.475348  150741 gpu.cc:93] Cannot initialize GPU: Not compiled with GPU support
I0000 00:00:1786390386.476151  150741 random_forest.cc:667] num_threads being used: 48
I0000 00:00:1786390437.905231  150986 random_forest.cc:980] Train tree 1/240 [index:43 total:51.43s tree:51.42s]
I0000 00:00:1786390490.408058  150955 random_forest.cc:980] Train tree 49/240 [index:70 total:1m43.93s tree:50.04s]
I0000 00:00:1786390544.357006  150955 random_forest.cc:980] Train tree 97/240 [index:96 total:2m37.88s tree:53.95s]
I0000 00:00:1786390597.908776  150955 random_forest.cc:980] Train tree 145/240 [index:144 total:3m31.43s tree:53.55s]
I0000 00:00:1786390652.268571  150988 random_forest.cc:980] Train tree 193/240 [index:194 total:4m25.79s tree:53.05s]
I0000 00:00:1786390658.696816  150741 random_forest.cc:987] random_forest.cc Training block took: 272.222 s
W0000 00:00:1786390658.696865  150741 random_forest.cc:1304] EXITING EARLY TO SPEED UP EXPERIMENTS!
----- Run 2/3 -----
WARNING: All log messages before absl::InitializeLog() is called are written to STDERR
I0000 00:00:1786390659.792485  152029 train_oblique_forest.cc:614] Generating trunk synthetic dataset: rows=1500000, cols=4096, layout=column
I0000 00:00:1786390710.849549  152029 train_oblique_forest.cc:706] -1 (automatic) threads requested. 48 threads set.
I0000 00:00:1786390710.849574  152029 train_oblique_forest.cc:776] Configuring oblique splits
I0000 00:00:1786390710.849577  152029 train_oblique_forest.cc:861] Using Dynamic Random Histogram with 64 samples
I0000 00:00:1786390710.849588  152029 train_oblique_forest.cc:891] train_oblique_forest wall-time - Loading/Init (pre-train): 51.0571s
I0000 00:00:1786390710.849889  152029 abstract_learner.cc:171] No input feature explicitly specified. Using all the available input features.
I0000 00:00:1786390710.849895  152029 abstract_learner.cc:185] The label "y" was removed from the input feature set.
I0000 00:00:1786390710.850436  152029 random_forest.cc:498] Training random forest on 1500000 example(s) and 4096 feature(s).
I0000 00:00:1786390710.850557  152029 gpu.cc:93] Cannot initialize GPU: Not compiled with GPU support
I0000 00:00:1786390710.851376  152029 random_forest.cc:667] num_threads being used: 48
I0000 00:00:1786390762.233393  152269 random_forest.cc:980] Train tree 1/240 [index:43 total:51.38s tree:51.38s]
I0000 00:00:1786390814.581719  152257 random_forest.cc:980] Train tree 49/240 [index:60 total:1m43.73s tree:50.45s]
I0000 00:00:1786390868.218222  152257 random_forest.cc:980] Train tree 97/240 [index:96 total:2m37.37s tree:53.64s]
I0000 00:00:1786390921.713869  152257 random_forest.cc:980] Train tree 145/240 [index:144 total:3m30.86s tree:53.50s]
I0000 00:00:1786390975.817101  152261 random_forest.cc:980] Train tree 193/240 [index:194 total:4m24.97s tree:52.67s]
I0000 00:00:1786390983.671413  152029 random_forest.cc:987] random_forest.cc Training block took: 272.822 s
W0000 00:00:1786390983.671454  152029 random_forest.cc:1304] EXITING EARLY TO SPEED UP EXPERIMENTS!
----- Run 3/3 -----
WARNING: All log messages before absl::InitializeLog() is called are written to STDERR
I0000 00:00:1786390984.746371  153325 train_oblique_forest.cc:614] Generating trunk synthetic dataset: rows=1500000, cols=4096, layout=column
I0000 00:00:1786391035.804171  153325 train_oblique_forest.cc:706] -1 (automatic) threads requested. 48 threads set.
I0000 00:00:1786391035.804195  153325 train_oblique_forest.cc:776] Configuring oblique splits
I0000 00:00:1786391035.804199  153325 train_oblique_forest.cc:861] Using Dynamic Random Histogram with 64 samples
I0000 00:00:1786391035.804209  153325 train_oblique_forest.cc:891] train_oblique_forest wall-time - Loading/Init (pre-train): 51.0579s
I0000 00:00:1786391035.804504  153325 abstract_learner.cc:171] No input feature explicitly specified. Using all the available input features.
I0000 00:00:1786391035.804510  153325 abstract_learner.cc:185] The label "y" was removed from the input feature set.
I0000 00:00:1786391035.805050  153325 random_forest.cc:498] Training random forest on 1500000 example(s) and 4096 feature(s).
I0000 00:00:1786391035.805172  153325 gpu.cc:93] Cannot initialize GPU: Not compiled with GPU support
I0000 00:00:1786391035.805983  153325 random_forest.cc:667] num_threads being used: 48
I0000 00:00:1786391087.415538  153545 random_forest.cc:980] Train tree 1/240 [index:30 total:51.61s tree:51.60s]
I0000 00:00:1786391139.638565  153564 random_forest.cc:980] Train tree 49/240 [index:70 total:1m43.83s tree:49.84s]
I0000 00:00:1786391193.617674  153564 random_forest.cc:980] Train tree 97/240 [index:96 total:2m37.81s tree:53.98s]
I0000 00:00:1786391247.268260  153564 random_forest.cc:980] Train tree 145/240 [index:144 total:3m31.46s tree:53.65s]
I0000 00:00:1786391301.657525  153559 random_forest.cc:980] Train tree 193/240 [index:194 total:4m25.85s tree:53.28s]
I0000 00:00:1786391308.683037  153325 random_forest.cc:987] random_forest.cc Training block took: 272.879 s
W0000 00:00:1786391308.683075  153325 random_forest.cc:1304] EXITING EARLY TO SPEED UP EXPERIMENTS!
RESULT dataset=trunk_1500000_x_4096 threshold=1100 median=272.822s stddev=0.363982s n=3


======== Threshold 1600 ========

./bazel-bin/examples/train_oblique_forest --input_mode csv --train_csv "benchmarks/data/HIGGS_with_header.csv" --label_col "class" --num_trees=240 --dynamic_split_threshold=1600 
----- Run 1/3 -----
WARNING: All log messages before absl::InitializeLog() is called are written to STDERR
I0000 00:00:1786391309.754478  154630 train_oblique_forest.cc:582] Loading CSV in a single pass: benchmarks/data/HIGGS_with_header.csv
I0000 00:00:1786391309.758675  154630 vertical_dataset_io.cc:82] 100 examples scanned.
I0000 00:00:1786391339.756074  154630 vertical_dataset_io.cc:82] 7131700 examples scanned.
I0000 00:00:1786391356.761605  154630 vertical_dataset_io.cc:91] 11000000 examples read. Memory: usage:1276MB allocated:1276MB. 0 (0%) examples have been skipped.
I0000 00:00:1786391357.030520  154630 train_oblique_forest.cc:589] Single-pass CSV load complete: 11000000 rows, 29 columns.
I0000 00:00:1786391357.030569  154630 train_oblique_forest.cc:706] -1 (automatic) threads requested. 48 threads set.
I0000 00:00:1786391357.030579  154630 train_oblique_forest.cc:776] Configuring oblique splits
I0000 00:00:1786391357.030582  154630 train_oblique_forest.cc:861] Using Dynamic Random Histogram with 64 samples
I0000 00:00:1786391357.030592  154630 train_oblique_forest.cc:891] train_oblique_forest wall-time - Loading/Init (pre-train): 47.2761s
I0000 00:00:1786391357.030653  154630 abstract_learner.cc:171] No input feature explicitly specified. Using all the available input features.
I0000 00:00:1786391357.030655  154630 abstract_learner.cc:185] The label "class" was removed from the input feature set.
I0000 00:00:1786391357.030668  154630 random_forest.cc:498] Training random forest on 11000000 example(s) and 28 feature(s).
I0000 00:00:1786391357.030680  154630 gpu.cc:93] Cannot initialize GPU: Not compiled with GPU support
I0000 00:00:1786391357.030882  154630 random_forest.cc:667] num_threads being used: 48
I0000 00:00:1786391414.322837  154862 random_forest.cc:980] Train tree 1/240 [index:35 total:57.29s tree:57.29s]
I0000 00:00:1786391472.807296  154862 random_forest.cc:980] Train tree 49/240 [index:48 total:1m55.78s tree:58.48s]
I0000 00:00:1786391530.746185  154840 random_forest.cc:980] Train tree 97/240 [index:99 total:2m53.72s tree:57.43s]
I0000 00:00:1786391588.827433  154840 random_forest.cc:980] Train tree 145/240 [index:144 total:3m51.80s tree:58.08s]
I0000 00:00:1786391647.509645  154852 random_forest.cc:980] Train tree 193/240 [index:196 total:4m50.48s tree:57.67s]
I0000 00:00:1786391654.098655  154630 random_forest.cc:987] random_forest.cc Training block took: 297.068 s
W0000 00:00:1786391654.098690  154630 random_forest.cc:1304] EXITING EARLY TO SPEED UP EXPERIMENTS!
----- Run 2/3 -----
WARNING: All log messages before absl::InitializeLog() is called are written to STDERR
I0000 00:00:1786391660.569365  156022 train_oblique_forest.cc:582] Loading CSV in a single pass: benchmarks/data/HIGGS_with_header.csv
I0000 00:00:1786391660.573557  156022 vertical_dataset_io.cc:82] 100 examples scanned.
I0000 00:00:1786391690.570875  156022 vertical_dataset_io.cc:82] 7129500 examples scanned.
I0000 00:00:1786391707.588334  156022 vertical_dataset_io.cc:91] 11000000 examples read. Memory: usage:1276MB allocated:1276MB. 0 (0%) examples have been skipped.
I0000 00:00:1786391707.857395  156022 train_oblique_forest.cc:589] Single-pass CSV load complete: 11000000 rows, 29 columns.
I0000 00:00:1786391707.857448  156022 train_oblique_forest.cc:706] -1 (automatic) threads requested. 48 threads set.
I0000 00:00:1786391707.857456  156022 train_oblique_forest.cc:776] Configuring oblique splits
I0000 00:00:1786391707.857459  156022 train_oblique_forest.cc:861] Using Dynamic Random Histogram with 64 samples
I0000 00:00:1786391707.857469  156022 train_oblique_forest.cc:891] train_oblique_forest wall-time - Loading/Init (pre-train): 47.2881s
I0000 00:00:1786391707.857531  156022 abstract_learner.cc:171] No input feature explicitly specified. Using all the available input features.
I0000 00:00:1786391707.857533  156022 abstract_learner.cc:185] The label "class" was removed from the input feature set.
I0000 00:00:1786391707.857546  156022 random_forest.cc:498] Training random forest on 11000000 example(s) and 28 feature(s).
I0000 00:00:1786391707.857557  156022 gpu.cc:93] Cannot initialize GPU: Not compiled with GPU support
I0000 00:00:1786391707.857755  156022 random_forest.cc:667] num_threads being used: 48
I0000 00:00:1786391764.750717  156244 random_forest.cc:980] Train tree 1/240 [index:35 total:56.89s tree:56.89s]
I0000 00:00:1786391823.369037  156244 random_forest.cc:980] Train tree 49/240 [index:48 total:1m55.51s tree:58.62s]
I0000 00:00:1786391881.684909  156208 random_forest.cc:980] Train tree 97/240 [index:99 total:2m53.83s tree:57.49s]
I0000 00:00:1786391939.881224  156208 random_forest.cc:980] Train tree 145/240 [index:144 total:3m52.02s tree:58.19s]
I0000 00:00:1786391997.835699  156241 random_forest.cc:980] Train tree 193/240 [index:196 total:4m49.98s tree:57.24s]
I0000 00:00:1786392005.307940  156022 random_forest.cc:987] random_forest.cc Training block took: 297.45 s
W0000 00:00:1786392005.307980  156022 random_forest.cc:1304] EXITING EARLY TO SPEED UP EXPERIMENTS!
----- Run 3/3 -----
WARNING: All log messages before absl::InitializeLog() is called are written to STDERR
I0000 00:00:1786392011.681083  157409 train_oblique_forest.cc:582] Loading CSV in a single pass: benchmarks/data/HIGGS_with_header.csv
I0000 00:00:1786392011.685279  157409 vertical_dataset_io.cc:82] 100 examples scanned.
I0000 00:00:1786392041.682555  157409 vertical_dataset_io.cc:82] 7133400 examples scanned.
I0000 00:00:1786392058.660996  157409 vertical_dataset_io.cc:91] 11000000 examples read. Memory: usage:1276MB allocated:1276MB. 0 (0%) examples have been skipped.
I0000 00:00:1786392058.931491  157409 train_oblique_forest.cc:589] Single-pass CSV load complete: 11000000 rows, 29 columns.
I0000 00:00:1786392058.931545  157409 train_oblique_forest.cc:706] -1 (automatic) threads requested. 48 threads set.
I0000 00:00:1786392058.931554  157409 train_oblique_forest.cc:776] Configuring oblique splits
I0000 00:00:1786392058.931558  157409 train_oblique_forest.cc:861] Using Dynamic Random Histogram with 64 samples
I0000 00:00:1786392058.931568  157409 train_oblique_forest.cc:891] train_oblique_forest wall-time - Loading/Init (pre-train): 47.2505s
I0000 00:00:1786392058.931629  157409 abstract_learner.cc:171] No input feature explicitly specified. Using all the available input features.
I0000 00:00:1786392058.931631  157409 abstract_learner.cc:185] The label "class" was removed from the input feature set.
I0000 00:00:1786392058.931644  157409 random_forest.cc:498] Training random forest on 11000000 example(s) and 28 feature(s).
I0000 00:00:1786392058.931655  157409 gpu.cc:93] Cannot initialize GPU: Not compiled with GPU support
I0000 00:00:1786392058.931856  157409 random_forest.cc:667] num_threads being used: 48
I0000 00:00:1786392116.112998  157630 random_forest.cc:980] Train tree 1/240 [index:35 total:57.18s tree:57.18s]
I0000 00:00:1786392174.724626  157630 random_forest.cc:980] Train tree 49/240 [index:48 total:1m55.79s tree:58.61s]
I0000 00:00:1786392232.395233  157619 random_forest.cc:980] Train tree 97/240 [index:99 total:2m53.46s tree:57.25s]
I0000 00:00:1786392290.721795  157619 random_forest.cc:980] Train tree 145/240 [index:144 total:3m51.79s tree:58.32s]
I0000 00:00:1786392349.347614  157617 random_forest.cc:980] Train tree 193/240 [index:196 total:4m50.42s tree:57.56s]
I0000 00:00:1786392356.549369  157409 random_forest.cc:987] random_forest.cc Training block took: 297.618 s
W0000 00:00:1786392356.549409  157409 random_forest.cc:1304] EXITING EARLY TO SPEED UP EXPERIMENTS!
RESULT dataset=HIGGS_with_header threshold=1600 median=297.45s stddev=0.281853s n=3
./bazel-bin/examples/train_oblique_forest --input_mode trunk --rows 1500000 --cols 4096 --num_trees=240 --dynamic_split_threshold=1600 
----- Run 1/3 -----
WARNING: All log messages before absl::InitializeLog() is called are written to STDERR
I0000 00:00:1786392362.933258  158814 train_oblique_forest.cc:614] Generating trunk synthetic dataset: rows=1500000, cols=4096, layout=column
I0000 00:00:1786392413.946188  158814 train_oblique_forest.cc:706] -1 (automatic) threads requested. 48 threads set.
I0000 00:00:1786392413.946212  158814 train_oblique_forest.cc:776] Configuring oblique splits
I0000 00:00:1786392413.946215  158814 train_oblique_forest.cc:861] Using Dynamic Random Histogram with 64 samples
I0000 00:00:1786392413.946226  158814 train_oblique_forest.cc:891] train_oblique_forest wall-time - Loading/Init (pre-train): 51.013s
I0000 00:00:1786392413.946522  158814 abstract_learner.cc:171] No input feature explicitly specified. Using all the available input features.
I0000 00:00:1786392413.946528  158814 abstract_learner.cc:185] The label "y" was removed from the input feature set.
I0000 00:00:1786392413.947071  158814 random_forest.cc:498] Training random forest on 1500000 example(s) and 4096 feature(s).
I0000 00:00:1786392413.947197  158814 gpu.cc:93] Cannot initialize GPU: Not compiled with GPU support
I0000 00:00:1786392413.948017  158814 random_forest.cc:667] num_threads being used: 48
I0000 00:00:1786392465.660408  159027 random_forest.cc:980] Train tree 1/240 [index:30 total:51.71s tree:51.71s]
I0000 00:00:1786392518.906534  159053 random_forest.cc:980] Train tree 49/240 [index:70 total:1m44.96s tree:50.49s]
I0000 00:00:1786392573.362735  159053 random_forest.cc:980] Train tree 97/240 [index:96 total:2m39.41s tree:54.46s]
I0000 00:00:1786392627.707058  159029 random_forest.cc:980] Train tree 145/240 [index:182 total:3m33.76s tree:49.58s]
I0000 00:00:1786392681.510229  159029 random_forest.cc:980] Train tree 193/240 [index:192 total:4m27.56s tree:53.80s]
I0000 00:00:1786392688.273178  158814 random_forest.cc:987] random_forest.cc Training block took: 274.327 s
W0000 00:00:1786392688.273223  158814 random_forest.cc:1304] EXITING EARLY TO SPEED UP EXPERIMENTS!
----- Run 2/3 -----
WARNING: All log messages before absl::InitializeLog() is called are written to STDERR
I0000 00:00:1786392689.359781  160110 train_oblique_forest.cc:614] Generating trunk synthetic dataset: rows=1500000, cols=4096, layout=column
I0000 00:00:1786392740.347191  160110 train_oblique_forest.cc:706] -1 (automatic) threads requested. 48 threads set.
I0000 00:00:1786392740.347216  160110 train_oblique_forest.cc:776] Configuring oblique splits
I0000 00:00:1786392740.347220  160110 train_oblique_forest.cc:861] Using Dynamic Random Histogram with 64 samples
I0000 00:00:1786392740.347232  160110 train_oblique_forest.cc:891] train_oblique_forest wall-time - Loading/Init (pre-train): 50.9875s
I0000 00:00:1786392740.347525  160110 abstract_learner.cc:171] No input feature explicitly specified. Using all the available input features.
I0000 00:00:1786392740.347530  160110 abstract_learner.cc:185] The label "y" was removed from the input feature set.
I0000 00:00:1786392740.348072  160110 random_forest.cc:498] Training random forest on 1500000 example(s) and 4096 feature(s).
I0000 00:00:1786392740.348194  160110 gpu.cc:93] Cannot initialize GPU: Not compiled with GPU support
I0000 00:00:1786392740.349026  160110 random_forest.cc:667] num_threads being used: 48
I0000 00:00:1786392792.562587  160330 random_forest.cc:980] Train tree 1/240 [index:30 total:52.21s tree:52.21s]
I0000 00:00:1786392845.378498  160331 random_forest.cc:980] Train tree 49/240 [index:70 total:1m45.03s tree:50.77s]
I0000 00:00:1786392899.663349  160331 random_forest.cc:980] Train tree 97/240 [index:96 total:2m39.31s tree:54.28s]
I0000 00:00:1786392953.989003  160314 random_forest.cc:980] Train tree 145/240 [index:182 total:3m33.64s tree:49.68s]
I0000 00:00:1786393008.036372  160314 random_forest.cc:980] Train tree 193/240 [index:192 total:4m27.69s tree:54.05s]
I0000 00:00:1786393014.927472  160110 random_forest.cc:987] random_forest.cc Training block took: 274.58 s
W0000 00:00:1786393014.927516  160110 random_forest.cc:1304] EXITING EARLY TO SPEED UP EXPERIMENTS!
----- Run 3/3 -----
WARNING: All log messages before absl::InitializeLog() is called are written to STDERR
I0000 00:00:1786393015.993840  161405 train_oblique_forest.cc:614] Generating trunk synthetic dataset: rows=1500000, cols=4096, layout=column
I0000 00:00:1786393067.099307  161405 train_oblique_forest.cc:706] -1 (automatic) threads requested. 48 threads set.
I0000 00:00:1786393067.099332  161405 train_oblique_forest.cc:776] Configuring oblique splits
I0000 00:00:1786393067.099335  161405 train_oblique_forest.cc:861] Using Dynamic Random Histogram with 64 samples
I0000 00:00:1786393067.099349  161405 train_oblique_forest.cc:891] train_oblique_forest wall-time - Loading/Init (pre-train): 51.1055s
I0000 00:00:1786393067.099636  161405 abstract_learner.cc:171] No input feature explicitly specified. Using all the available input features.
I0000 00:00:1786393067.099643  161405 abstract_learner.cc:185] The label "y" was removed from the input feature set.
I0000 00:00:1786393067.100189  161405 random_forest.cc:498] Training random forest on 1500000 example(s) and 4096 feature(s).
I0000 00:00:1786393067.100314  161405 gpu.cc:93] Cannot initialize GPU: Not compiled with GPU support
I0000 00:00:1786393067.101124  161405 random_forest.cc:667] num_threads being used: 48
I0000 00:00:1786393119.472333  161632 random_forest.cc:980] Train tree 1/240 [index:30 total:52.37s tree:52.37s]
I0000 00:00:1786393172.004443  161630 random_forest.cc:980] Train tree 49/240 [index:70 total:1m44.90s tree:50.65s]
I0000 00:00:1786393226.389112  161630 random_forest.cc:980] Train tree 97/240 [index:96 total:2m39.29s tree:54.38s]
I0000 00:00:1786393280.985121  161630 random_forest.cc:980] Train tree 145/240 [index:144 total:3m33.88s tree:54.60s]
I0000 00:00:1786393334.635038  161630 random_forest.cc:980] Train tree 193/240 [index:192 total:4m27.53s tree:53.65s]
I0000 00:00:1786393341.343091  161405 random_forest.cc:987] random_forest.cc Training block took: 274.244 s
W0000 00:00:1786393341.343134  161405 random_forest.cc:1304] EXITING EARLY TO SPEED UP EXPERIMENTS!
RESULT dataset=trunk_1500000_x_4096 threshold=1600 median=274.327s stddev=0.175021s n=3


======== Threshold 2100 ========

./bazel-bin/examples/train_oblique_forest --input_mode csv --train_csv "benchmarks/data/HIGGS_with_header.csv" --label_col "class" --num_trees=240 --dynamic_split_threshold=2100 
----- Run 1/3 -----
WARNING: All log messages before absl::InitializeLog() is called are written to STDERR
I0000 00:00:1786393342.416496  162721 train_oblique_forest.cc:582] Loading CSV in a single pass: benchmarks/data/HIGGS_with_header.csv
I0000 00:00:1786393342.420720  162721 vertical_dataset_io.cc:82] 100 examples scanned.
I0000 00:00:1786393372.417857  162721 vertical_dataset_io.cc:82] 7142000 examples scanned.
I0000 00:00:1786393389.324304  162721 vertical_dataset_io.cc:91] 11000000 examples read. Memory: usage:1276MB allocated:1276MB. 0 (0%) examples have been skipped.
I0000 00:00:1786393389.592730  162721 train_oblique_forest.cc:589] Single-pass CSV load complete: 11000000 rows, 29 columns.
I0000 00:00:1786393389.592783  162721 train_oblique_forest.cc:706] -1 (automatic) threads requested. 48 threads set.
I0000 00:00:1786393389.592792  162721 train_oblique_forest.cc:776] Configuring oblique splits
I0000 00:00:1786393389.592795  162721 train_oblique_forest.cc:861] Using Dynamic Random Histogram with 64 samples
I0000 00:00:1786393389.592804  162721 train_oblique_forest.cc:891] train_oblique_forest wall-time - Loading/Init (pre-train): 47.1763s
I0000 00:00:1786393389.592868  162721 abstract_learner.cc:171] No input feature explicitly specified. Using all the available input features.
I0000 00:00:1786393389.592871  162721 abstract_learner.cc:185] The label "class" was removed from the input feature set.
I0000 00:00:1786393389.592885  162721 random_forest.cc:498] Training random forest on 11000000 example(s) and 28 feature(s).
I0000 00:00:1786393389.592897  162721 gpu.cc:93] Cannot initialize GPU: Not compiled with GPU support
I0000 00:00:1786393389.593094  162721 random_forest.cc:667] num_threads being used: 48
I0000 00:00:1786393446.949392  162928 random_forest.cc:980] Train tree 1/240 [index:27 total:57.36s tree:57.35s]
I0000 00:00:1786393505.355777  162928 random_forest.cc:980] Train tree 49/240 [index:48 total:1m55.76s tree:58.40s]
I0000 00:00:1786393563.791083  162928 random_forest.cc:980] Train tree 97/240 [index:96 total:2m54.20s tree:58.43s]
I0000 00:00:1786393622.974886  162928 random_forest.cc:980] Train tree 145/240 [index:144 total:3m53.38s tree:59.18s]
I0000 00:00:1786393681.879964  162952 random_forest.cc:980] Train tree 193/240 [index:196 total:4m52.29s tree:58.26s]
I0000 00:00:1786393688.148282  162721 random_forest.cc:987] random_forest.cc Training block took: 298.555 s
W0000 00:00:1786393688.148323  162721 random_forest.cc:1304] EXITING EARLY TO SPEED UP EXPERIMENTS!
----- Run 2/3 -----
WARNING: All log messages before absl::InitializeLog() is called are written to STDERR
I0000 00:00:1786393694.545425  164114 train_oblique_forest.cc:582] Loading CSV in a single pass: benchmarks/data/HIGGS_with_header.csv
I0000 00:00:1786393694.549613  164114 vertical_dataset_io.cc:82] 100 examples scanned.
I0000 00:00:1786393724.546768  164114 vertical_dataset_io.cc:82] 7132900 examples scanned.
I0000 00:00:1786393741.513502  164114 vertical_dataset_io.cc:91] 11000000 examples read. Memory: usage:1276MB allocated:1276MB. 0 (0%) examples have been skipped.
I0000 00:00:1786393741.782134  164114 train_oblique_forest.cc:589] Single-pass CSV load complete: 11000000 rows, 29 columns.
I0000 00:00:1786393741.782186  164114 train_oblique_forest.cc:706] -1 (automatic) threads requested. 48 threads set.
I0000 00:00:1786393741.782195  164114 train_oblique_forest.cc:776] Configuring oblique splits
I0000 00:00:1786393741.782198  164114 train_oblique_forest.cc:861] Using Dynamic Random Histogram with 64 samples
I0000 00:00:1786393741.782207  164114 train_oblique_forest.cc:891] train_oblique_forest wall-time - Loading/Init (pre-train): 47.2368s
I0000 00:00:1786393741.782266  164114 abstract_learner.cc:171] No input feature explicitly specified. Using all the available input features.
I0000 00:00:1786393741.782268  164114 abstract_learner.cc:185] The label "class" was removed from the input feature set.
I0000 00:00:1786393741.782281  164114 random_forest.cc:498] Training random forest on 11000000 example(s) and 28 feature(s).
I0000 00:00:1786393741.782293  164114 gpu.cc:93] Cannot initialize GPU: Not compiled with GPU support
I0000 00:00:1786393741.782493  164114 random_forest.cc:667] num_threads being used: 48
I0000 00:00:1786393799.163775  164326 random_forest.cc:980] Train tree 1/240 [index:27 total:57.38s tree:57.38s]
I0000 00:00:1786393857.725574  164343 random_forest.cc:980] Train tree 49/240 [index:51 total:1m55.94s tree:57.88s]
I0000 00:00:1786393916.539357  164343 random_forest.cc:980] Train tree 97/240 [index:96 total:2m54.76s tree:58.81s]
I0000 00:00:1786393975.959719  164343 random_forest.cc:980] Train tree 145/240 [index:144 total:3m54.18s tree:59.42s]
I0000 00:00:1786394034.643164  164318 random_forest.cc:980] Train tree 193/240 [index:196 total:4m52.86s tree:58.08s]
I0000 00:00:1786394041.133155  164114 random_forest.cc:987] random_forest.cc Training block took: 299.351 s
W0000 00:00:1786394041.133193  164114 random_forest.cc:1304] EXITING EARLY TO SPEED UP EXPERIMENTS!
----- Run 3/3 -----
WARNING: All log messages before absl::InitializeLog() is called are written to STDERR
I0000 00:00:1786394047.488823  165518 train_oblique_forest.cc:582] Loading CSV in a single pass: benchmarks/data/HIGGS_with_header.csv
I0000 00:00:1786394047.493013  165518 vertical_dataset_io.cc:82] 100 examples scanned.
I0000 00:00:1786394077.490345  165518 vertical_dataset_io.cc:82] 7159800 examples scanned.
I0000 00:00:1786394094.272630  165518 vertical_dataset_io.cc:91] 11000000 examples read. Memory: usage:1276MB allocated:1276MB. 0 (0%) examples have been skipped.
I0000 00:00:1786394094.578188  165518 train_oblique_forest.cc:589] Single-pass CSV load complete: 11000000 rows, 29 columns.
I0000 00:00:1786394094.578240  165518 train_oblique_forest.cc:706] -1 (automatic) threads requested. 48 threads set.
I0000 00:00:1786394094.578249  165518 train_oblique_forest.cc:776] Configuring oblique splits
I0000 00:00:1786394094.578252  165518 train_oblique_forest.cc:861] Using Dynamic Random Histogram with 64 samples
I0000 00:00:1786394094.578262  165518 train_oblique_forest.cc:891] train_oblique_forest wall-time - Loading/Init (pre-train): 47.0895s
I0000 00:00:1786394094.578324  165518 abstract_learner.cc:171] No input feature explicitly specified. Using all the available input features.
I0000 00:00:1786394094.578326  165518 abstract_learner.cc:185] The label "class" was removed from the input feature set.
I0000 00:00:1786394094.578339  165518 random_forest.cc:498] Training random forest on 11000000 example(s) and 28 feature(s).
I0000 00:00:1786394094.578351  165518 gpu.cc:93] Cannot initialize GPU: Not compiled with GPU support
I0000 00:00:1786394094.578549  165518 random_forest.cc:667] num_threads being used: 48
I0000 00:00:1786394151.516253  165710 random_forest.cc:980] Train tree 1/240 [index:27 total:56.94s tree:56.94s]
I0000 00:00:1786394210.202495  165710 random_forest.cc:980] Train tree 49/240 [index:48 total:1m55.62s tree:58.68s]
I0000 00:00:1786394268.531134  165710 random_forest.cc:980] Train tree 97/240 [index:96 total:2m53.95s tree:58.33s]
I0000 00:00:1786394327.677427  165710 random_forest.cc:980] Train tree 145/240 [index:144 total:3m53.10s tree:59.14s]
I0000 00:00:1786394386.963371  165710 random_forest.cc:980] Train tree 193/240 [index:192 total:4m52.38s tree:59.28s]
I0000 00:00:1786394394.386349  165518 random_forest.cc:987] random_forest.cc Training block took: 299.808 s
W0000 00:00:1786394394.386390  165518 random_forest.cc:1304] EXITING EARLY TO SPEED UP EXPERIMENTS!
RESULT dataset=HIGGS_with_header threshold=2100 median=299.351s stddev=0.634097s n=3
./bazel-bin/examples/train_oblique_forest --input_mode trunk --rows 1500000 --cols 4096 --num_trees=240 --dynamic_split_threshold=2100 
----- Run 1/3 -----
WARNING: All log messages before absl::InitializeLog() is called are written to STDERR
I0000 00:00:1786394400.969988  166928 train_oblique_forest.cc:614] Generating trunk synthetic dataset: rows=1500000, cols=4096, layout=column
I0000 00:00:1786394452.179382  166928 train_oblique_forest.cc:706] -1 (automatic) threads requested. 48 threads set.
I0000 00:00:1786394452.179408  166928 train_oblique_forest.cc:776] Configuring oblique splits
I0000 00:00:1786394452.179411  166928 train_oblique_forest.cc:861] Using Dynamic Random Histogram with 64 samples
I0000 00:00:1786394452.179423  166928 train_oblique_forest.cc:891] train_oblique_forest wall-time - Loading/Init (pre-train): 51.2095s
I0000 00:00:1786394452.179715  166928 abstract_learner.cc:171] No input feature explicitly specified. Using all the available input features.
I0000 00:00:1786394452.179721  166928 abstract_learner.cc:185] The label "y" was removed from the input feature set.
I0000 00:00:1786394452.180277  166928 random_forest.cc:498] Training random forest on 1500000 example(s) and 4096 feature(s).
I0000 00:00:1786394452.180416  166928 gpu.cc:93] Cannot initialize GPU: Not compiled with GPU support
I0000 00:00:1786394452.181221  166928 random_forest.cc:667] num_threads being used: 48
I0000 00:00:1786394504.653499  167168 random_forest.cc:980] Train tree 1/240 [index:11 total:52.47s tree:52.47s]
I0000 00:00:1786394557.592856  167132 random_forest.cc:980] Train tree 49/240 [index:70 total:1m45.41s tree:51.00s]
I0000 00:00:1786394612.521904  167132 random_forest.cc:980] Train tree 97/240 [index:96 total:2m40.34s tree:54.93s]
I0000 00:00:1786394666.749527  167132 random_forest.cc:980] Train tree 145/240 [index:144 total:3m34.57s tree:54.23s]
I0000 00:00:1786394721.084025  167148 random_forest.cc:980] Train tree 193/240 [index:193 total:4m28.90s tree:54.11s]
I0000 00:00:1786394727.125536  166928 random_forest.cc:987] random_forest.cc Training block took: 274.946 s
W0000 00:00:1786394727.125574  166928 random_forest.cc:1304] EXITING EARLY TO SPEED UP EXPERIMENTS!
----- Run 2/3 -----
WARNING: All log messages before absl::InitializeLog() is called are written to STDERR
I0000 00:00:1786394728.214298  168229 train_oblique_forest.cc:614] Generating trunk synthetic dataset: rows=1500000, cols=4096, layout=column
I0000 00:00:1786394779.384093  168229 train_oblique_forest.cc:706] -1 (automatic) threads requested. 48 threads set.
I0000 00:00:1786394779.384118  168229 train_oblique_forest.cc:776] Configuring oblique splits
I0000 00:00:1786394779.384122  168229 train_oblique_forest.cc:861] Using Dynamic Random Histogram with 64 samples
I0000 00:00:1786394779.384132  168229 train_oblique_forest.cc:891] train_oblique_forest wall-time - Loading/Init (pre-train): 51.1699s
I0000 00:00:1786394779.384433  168229 abstract_learner.cc:171] No input feature explicitly specified. Using all the available input features.
I0000 00:00:1786394779.384439  168229 abstract_learner.cc:185] The label "y" was removed from the input feature set.
I0000 00:00:1786394779.384988  168229 random_forest.cc:498] Training random forest on 1500000 example(s) and 4096 feature(s).
I0000 00:00:1786394779.385116  168229 gpu.cc:93] Cannot initialize GPU: Not compiled with GPU support
I0000 00:00:1786394779.386024  168229 random_forest.cc:667] num_threads being used: 48
I0000 00:00:1786394831.983024  168446 random_forest.cc:980] Train tree 1/240 [index:31 total:52.60s tree:52.59s]
I0000 00:00:1786394884.555823  168441 random_forest.cc:980] Train tree 49/240 [index:70 total:1m45.17s tree:50.58s]
I0000 00:00:1786394939.548358  168441 random_forest.cc:980] Train tree 97/240 [index:96 total:2m40.16s tree:54.99s]
I0000 00:00:1786394993.976189  168441 random_forest.cc:980] Train tree 145/240 [index:144 total:3m34.59s tree:54.43s]
I0000 00:00:1786395048.879288  168454 random_forest.cc:980] Train tree 193/240 [index:193 total:4m29.49s tree:54.02s]
I0000 00:00:1786395054.858093  168229 random_forest.cc:987] random_forest.cc Training block took: 275.474 s
W0000 00:00:1786395054.858135  168229 random_forest.cc:1304] EXITING EARLY TO SPEED UP EXPERIMENTS!
----- Run 3/3 -----
WARNING: All log messages before absl::InitializeLog() is called are written to STDERR
I0000 00:00:1786395055.919654  169534 train_oblique_forest.cc:614] Generating trunk synthetic dataset: rows=1500000, cols=4096, layout=column
I0000 00:00:1786395107.048435  169534 train_oblique_forest.cc:706] -1 (automatic) threads requested. 48 threads set.
I0000 00:00:1786395107.048460  169534 train_oblique_forest.cc:776] Configuring oblique splits
I0000 00:00:1786395107.048464  169534 train_oblique_forest.cc:861] Using Dynamic Random Histogram with 64 samples
I0000 00:00:1786395107.048475  169534 train_oblique_forest.cc:891] train_oblique_forest wall-time - Loading/Init (pre-train): 51.1288s
I0000 00:00:1786395107.048763  169534 abstract_learner.cc:171] No input feature explicitly specified. Using all the available input features.
I0000 00:00:1786395107.048768  169534 abstract_learner.cc:185] The label "y" was removed from the input feature set.
I0000 00:00:1786395107.049315  169534 random_forest.cc:498] Training random forest on 1500000 example(s) and 4096 feature(s).
I0000 00:00:1786395107.049438  169534 gpu.cc:93] Cannot initialize GPU: Not compiled with GPU support
I0000 00:00:1786395107.050257  169534 random_forest.cc:667] num_threads being used: 48
I0000 00:00:1786395159.632797  169759 random_forest.cc:980] Train tree 1/240 [index:43 total:52.58s tree:52.58s]
I0000 00:00:1786395212.402600  169734 random_forest.cc:980] Train tree 49/240 [index:70 total:1m45.35s tree:50.80s]
I0000 00:00:1786395267.492139  169734 random_forest.cc:980] Train tree 97/240 [index:96 total:2m40.44s tree:55.09s]
I0000 00:00:1786395321.598694  169754 random_forest.cc:980] Train tree 145/240 [index:182 total:3m34.55s tree:49.59s]
I0000 00:00:1786395376.326462  169764 random_forest.cc:980] Train tree 193/240 [index:195 total:4m29.28s tree:53.64s]
I0000 00:00:1786395381.773380  169534 random_forest.cc:987] random_forest.cc Training block took: 274.725 s
W0000 00:00:1786395381.773423  169534 random_forest.cc:1304] EXITING EARLY TO SPEED UP EXPERIMENTS!
RESULT dataset=trunk_1500000_x_4096 threshold=2100 median=274.946s stddev=0.384843s n=3


======== Threshold 2600 ========

./bazel-bin/examples/train_oblique_forest --input_mode csv --train_csv "benchmarks/data/HIGGS_with_header.csv" --label_col "class" --num_trees=240 --dynamic_split_threshold=2600 
----- Run 1/3 -----
WARNING: All log messages before absl::InitializeLog() is called are written to STDERR
I0000 00:00:1786395382.850237  170853 train_oblique_forest.cc:582] Loading CSV in a single pass: benchmarks/data/HIGGS_with_header.csv
I0000 00:00:1786395382.854438  170853 vertical_dataset_io.cc:82] 100 examples scanned.
I0000 00:00:1786395412.851472  170853 vertical_dataset_io.cc:82] 7145800 examples scanned.
I0000 00:00:1786395429.754313  170853 vertical_dataset_io.cc:91] 11000000 examples read. Memory: usage:1276MB allocated:1276MB. 0 (0%) examples have been skipped.
I0000 00:00:1786395430.021666  170853 train_oblique_forest.cc:589] Single-pass CSV load complete: 11000000 rows, 29 columns.
I0000 00:00:1786395430.021714  170853 train_oblique_forest.cc:706] -1 (automatic) threads requested. 48 threads set.
I0000 00:00:1786395430.021723  170853 train_oblique_forest.cc:776] Configuring oblique splits
I0000 00:00:1786395430.021726  170853 train_oblique_forest.cc:861] Using Dynamic Random Histogram with 64 samples
I0000 00:00:1786395430.021735  170853 train_oblique_forest.cc:891] train_oblique_forest wall-time - Loading/Init (pre-train): 47.1715s
I0000 00:00:1786395430.021795  170853 abstract_learner.cc:171] No input feature explicitly specified. Using all the available input features.
I0000 00:00:1786395430.021798  170853 abstract_learner.cc:185] The label "class" was removed from the input feature set.
I0000 00:00:1786395430.021810  170853 random_forest.cc:498] Training random forest on 11000000 example(s) and 28 feature(s).
I0000 00:00:1786395430.021822  170853 gpu.cc:93] Cannot initialize GPU: Not compiled with GPU support
I0000 00:00:1786395430.022026  170853 random_forest.cc:667] num_threads being used: 48
I0000 00:00:1786395487.923927  171067 random_forest.cc:980] Train tree 1/240 [index:44 total:57.90s tree:57.90s]
I0000 00:00:1786395546.345678  171051 random_forest.cc:980] Train tree 49/240 [index:51 total:1m56.32s tree:58.09s]
I0000 00:00:1786395604.778396  171051 random_forest.cc:980] Train tree 97/240 [index:96 total:2m54.76s tree:58.43s]
I0000 00:00:1786395662.619300  171051 random_forest.cc:980] Train tree 145/240 [index:144 total:3m52.60s tree:57.84s]
I0000 00:00:1786395721.260935  171051 random_forest.cc:980] Train tree 193/240 [index:192 total:4m51.24s tree:58.64s]
I0000 00:00:1786395728.349338  170853 random_forest.cc:987] random_forest.cc Training block took: 298.328 s
W0000 00:00:1786395728.349374  170853 random_forest.cc:1304] EXITING EARLY TO SPEED UP EXPERIMENTS!
----- Run 2/3 -----
WARNING: All log messages before absl::InitializeLog() is called are written to STDERR
I0000 00:00:1786395734.721133  172245 train_oblique_forest.cc:582] Loading CSV in a single pass: benchmarks/data/HIGGS_with_header.csv
I0000 00:00:1786395734.725375  172245 vertical_dataset_io.cc:82] 100 examples scanned.
I0000 00:00:1786395764.722637  172245 vertical_dataset_io.cc:82] 7152800 examples scanned.
I0000 00:00:1786395781.567080  172245 vertical_dataset_io.cc:91] 11000000 examples read. Memory: usage:1276MB allocated:1276MB. 0 (0%) examples have been skipped.
I0000 00:00:1786395781.835250  172245 train_oblique_forest.cc:589] Single-pass CSV load complete: 11000000 rows, 29 columns.
I0000 00:00:1786395781.835299  172245 train_oblique_forest.cc:706] -1 (automatic) threads requested. 48 threads set.
I0000 00:00:1786395781.835308  172245 train_oblique_forest.cc:776] Configuring oblique splits
I0000 00:00:1786395781.835311  172245 train_oblique_forest.cc:861] Using Dynamic Random Histogram with 64 samples
I0000 00:00:1786395781.835320  172245 train_oblique_forest.cc:891] train_oblique_forest wall-time - Loading/Init (pre-train): 47.1142s
I0000 00:00:1786395781.835380  172245 abstract_learner.cc:171] No input feature explicitly specified. Using all the available input features.
I0000 00:00:1786395781.835383  172245 abstract_learner.cc:185] The label "class" was removed from the input feature set.
I0000 00:00:1786395781.835396  172245 random_forest.cc:498] Training random forest on 11000000 example(s) and 28 feature(s).
I0000 00:00:1786395781.835408  172245 gpu.cc:93] Cannot initialize GPU: Not compiled with GPU support
I0000 00:00:1786395781.835602  172245 random_forest.cc:667] num_threads being used: 48
I0000 00:00:1786395839.591701  172453 random_forest.cc:980] Train tree 1/240 [index:44 total:57.76s tree:57.75s]
I0000 00:00:1786395897.934242  172459 random_forest.cc:980] Train tree 49/240 [index:51 total:1m56.10s tree:58.02s]
I0000 00:00:1786395956.377710  172459 random_forest.cc:980] Train tree 97/240 [index:96 total:2m54.54s tree:58.44s]
I0000 00:00:1786396014.241830  172459 random_forest.cc:980] Train tree 145/240 [index:144 total:3m52.41s tree:57.86s]
I0000 00:00:1786396072.710973  172459 random_forest.cc:980] Train tree 193/240 [index:192 total:4m50.88s tree:58.46s]
I0000 00:00:1786396080.492973  172245 random_forest.cc:987] random_forest.cc Training block took: 298.658 s
W0000 00:00:1786396080.493011  172245 random_forest.cc:1304] EXITING EARLY TO SPEED UP EXPERIMENTS!
----- Run 3/3 -----
WARNING: All log messages before absl::InitializeLog() is called are written to STDERR
I0000 00:00:1786396086.916093  173644 train_oblique_forest.cc:582] Loading CSV in a single pass: benchmarks/data/HIGGS_with_header.csv
I0000 00:00:1786396086.920279  173644 vertical_dataset_io.cc:82] 100 examples scanned.
I0000 00:00:1786396116.917586  173644 vertical_dataset_io.cc:82] 7158600 examples scanned.
I0000 00:00:1786396133.734906  173644 vertical_dataset_io.cc:91] 11000000 examples read. Memory: usage:1276MB allocated:1276MB. 0 (0%) examples have been skipped.
I0000 00:00:1786396134.004510  173644 train_oblique_forest.cc:589] Single-pass CSV load complete: 11000000 rows, 29 columns.
I0000 00:00:1786396134.004552  173644 train_oblique_forest.cc:706] -1 (automatic) threads requested. 48 threads set.
I0000 00:00:1786396134.004561  173644 train_oblique_forest.cc:776] Configuring oblique splits
I0000 00:00:1786396134.004564  173644 train_oblique_forest.cc:861] Using Dynamic Random Histogram with 64 samples
I0000 00:00:1786396134.004573  173644 train_oblique_forest.cc:891] train_oblique_forest wall-time - Loading/Init (pre-train): 47.0885s
I0000 00:00:1786396134.004628  173644 abstract_learner.cc:171] No input feature explicitly specified. Using all the available input features.
I0000 00:00:1786396134.004630  173644 abstract_learner.cc:185] The label "class" was removed from the input feature set.
I0000 00:00:1786396134.004643  173644 random_forest.cc:498] Training random forest on 11000000 example(s) and 28 feature(s).
I0000 00:00:1786396134.004654  173644 gpu.cc:93] Cannot initialize GPU: Not compiled with GPU support
I0000 00:00:1786396134.004854  173644 random_forest.cc:667] num_threads being used: 48
I0000 00:00:1786396191.727540  173865 random_forest.cc:980] Train tree 1/240 [index:44 total:57.72s tree:57.72s]
I0000 00:00:1786396250.506338  173865 random_forest.cc:980] Train tree 49/240 [index:48 total:1m56.50s tree:58.78s]
I0000 00:00:1786396309.069810  173865 random_forest.cc:980] Train tree 97/240 [index:96 total:2m55.06s tree:58.56s]
I0000 00:00:1786396367.462031  173865 random_forest.cc:980] Train tree 145/240 [index:144 total:3m53.46s tree:58.39s]
I0000 00:00:1786396426.479882  173865 random_forest.cc:980] Train tree 193/240 [index:192 total:4m52.48s tree:59.02s]
I0000 00:00:1786396433.590950  173644 random_forest.cc:987] random_forest.cc Training block took: 299.586 s
W0000 00:00:1786396433.590985  173644 random_forest.cc:1304] EXITING EARLY TO SPEED UP EXPERIMENTS!
RESULT dataset=HIGGS_with_header threshold=2600 median=298.658s stddev=0.652259s n=3
./bazel-bin/examples/train_oblique_forest --input_mode trunk --rows 1500000 --cols 4096 --num_trees=240 --dynamic_split_threshold=2600 
----- Run 1/3 -----
WARNING: All log messages before absl::InitializeLog() is called are written to STDERR
I0000 00:00:1786396439.970515  175055 train_oblique_forest.cc:614] Generating trunk synthetic dataset: rows=1500000, cols=4096, layout=column
I0000 00:00:1786396491.091971  175055 train_oblique_forest.cc:706] -1 (automatic) threads requested. 48 threads set.
I0000 00:00:1786396491.091996  175055 train_oblique_forest.cc:776] Configuring oblique splits
I0000 00:00:1786396491.091999  175055 train_oblique_forest.cc:861] Using Dynamic Random Histogram with 64 samples
I0000 00:00:1786396491.092011  175055 train_oblique_forest.cc:891] train_oblique_forest wall-time - Loading/Init (pre-train): 51.1215s
I0000 00:00:1786396491.092311  175055 abstract_learner.cc:171] No input feature explicitly specified. Using all the available input features.
I0000 00:00:1786396491.092316  175055 abstract_learner.cc:185] The label "y" was removed from the input feature set.
I0000 00:00:1786396491.092860  175055 random_forest.cc:498] Training random forest on 1500000 example(s) and 4096 feature(s).
I0000 00:00:1786396491.092985  175055 gpu.cc:93] Cannot initialize GPU: Not compiled with GPU support
I0000 00:00:1786396491.093776  175055 random_forest.cc:667] num_threads being used: 48
I0000 00:00:1786396543.242482  175284 random_forest.cc:980] Train tree 1/240 [index:43 total:52.15s tree:52.14s]
I0000 00:00:1786396596.331023  175274 random_forest.cc:980] Train tree 49/240 [index:70 total:1m45.24s tree:50.37s]
I0000 00:00:1786396650.415428  175274 random_forest.cc:980] Train tree 97/240 [index:96 total:2m39.32s tree:54.08s]
I0000 00:00:1786396705.274951  175274 random_forest.cc:980] Train tree 145/240 [index:144 total:3m34.18s tree:54.86s]
I0000 00:00:1786396761.170101  175274 random_forest.cc:980] Train tree 193/240 [index:192 total:4m30.08s tree:55.90s]
I0000 00:00:1786396769.130334  175055 random_forest.cc:987] random_forest.cc Training block took: 278.038 s
W0000 00:00:1786396769.130376  175055 random_forest.cc:1304] EXITING EARLY TO SPEED UP EXPERIMENTS!
----- Run 2/3 -----
WARNING: All log messages before absl::InitializeLog() is called are written to STDERR
I0000 00:00:1786396770.230909  176364 train_oblique_forest.cc:614] Generating trunk synthetic dataset: rows=1500000, cols=4096, layout=column
I0000 00:00:1786396821.264527  176364 train_oblique_forest.cc:706] -1 (automatic) threads requested. 48 threads set.
I0000 00:00:1786396821.264552  176364 train_oblique_forest.cc:776] Configuring oblique splits
I0000 00:00:1786396821.264555  176364 train_oblique_forest.cc:861] Using Dynamic Random Histogram with 64 samples
I0000 00:00:1786396821.264566  176364 train_oblique_forest.cc:891] train_oblique_forest wall-time - Loading/Init (pre-train): 51.0337s
I0000 00:00:1786396821.264860  176364 abstract_learner.cc:171] No input feature explicitly specified. Using all the available input features.
I0000 00:00:1786396821.264865  176364 abstract_learner.cc:185] The label "y" was removed from the input feature set.
I0000 00:00:1786396821.265399  176364 random_forest.cc:498] Training random forest on 1500000 example(s) and 4096 feature(s).
I0000 00:00:1786396821.265531  176364 gpu.cc:93] Cannot initialize GPU: Not compiled with GPU support
I0000 00:00:1786396821.266333  176364 random_forest.cc:667] num_threads being used: 48
I0000 00:00:1786396873.962235  176602 random_forest.cc:980] Train tree 1/240 [index:43 total:52.70s tree:52.69s]
I0000 00:00:1786396926.316194  176607 random_forest.cc:980] Train tree 49/240 [index:70 total:1m45.05s tree:50.32s]
I0000 00:00:1786396980.740987  176607 random_forest.cc:980] Train tree 97/240 [index:96 total:2m39.47s tree:54.42s]
I0000 00:00:1786397035.393506  176607 random_forest.cc:980] Train tree 145/240 [index:144 total:3m34.13s tree:54.65s]
I0000 00:00:1786397090.870804  176607 random_forest.cc:980] Train tree 193/240 [index:192 total:4m29.60s tree:55.48s]
I0000 00:00:1786397098.679234  176364 random_forest.cc:987] random_forest.cc Training block took: 277.415 s
W0000 00:00:1786397098.679276  176364 random_forest.cc:1304] EXITING EARLY TO SPEED UP EXPERIMENTS!
----- Run 3/3 -----
WARNING: All log messages before absl::InitializeLog() is called are written to STDERR
I0000 00:00:1786397099.747330  177679 train_oblique_forest.cc:614] Generating trunk synthetic dataset: rows=1500000, cols=4096, layout=column
I0000 00:00:1786397150.846849  177679 train_oblique_forest.cc:706] -1 (automatic) threads requested. 48 threads set.
I0000 00:00:1786397150.846874  177679 train_oblique_forest.cc:776] Configuring oblique splits
I0000 00:00:1786397150.846877  177679 train_oblique_forest.cc:861] Using Dynamic Random Histogram with 64 samples
I0000 00:00:1786397150.846888  177679 train_oblique_forest.cc:891] train_oblique_forest wall-time - Loading/Init (pre-train): 51.0996s
I0000 00:00:1786397150.847176  177679 abstract_learner.cc:171] No input feature explicitly specified. Using all the available input features.
I0000 00:00:1786397150.847181  177679 abstract_learner.cc:185] The label "y" was removed from the input feature set.
I0000 00:00:1786397150.847721  177679 random_forest.cc:498] Training random forest on 1500000 example(s) and 4096 feature(s).
I0000 00:00:1786397150.847862  177679 gpu.cc:93] Cannot initialize GPU: Not compiled with GPU support
I0000 00:00:1786397150.848652  177679 random_forest.cc:667] num_threads being used: 48
I0000 00:00:1786397203.368237  177918 random_forest.cc:980] Train tree 1/240 [index:30 total:52.52s tree:52.51s]
I0000 00:00:1786397256.145831  177891 random_forest.cc:980] Train tree 49/240 [index:70 total:1m45.30s tree:50.36s]
I0000 00:00:1786397310.452963  177891 random_forest.cc:980] Train tree 97/240 [index:96 total:2m39.60s tree:54.31s]
I0000 00:00:1786397365.118762  177891 random_forest.cc:980] Train tree 145/240 [index:144 total:3m34.27s tree:54.67s]
I0000 00:00:1786397420.713517  177891 random_forest.cc:980] Train tree 193/240 [index:192 total:4m29.86s tree:55.59s]
I0000 00:00:1786397427.957366  177679 random_forest.cc:987] random_forest.cc Training block took: 277.11 s
W0000 00:00:1786397427.957410  177679 random_forest.cc:1304] EXITING EARLY TO SPEED UP EXPERIMENTS!
RESULT dataset=trunk_1500000_x_4096 threshold=2600 median=277.415s stddev=0.472994s n=3


======== Threshold 3100 ========

./bazel-bin/examples/train_oblique_forest --input_mode csv --train_csv "benchmarks/data/HIGGS_with_header.csv" --label_col "class" --num_trees=240 --dynamic_split_threshold=3100 
----- Run 1/3 -----
WARNING: All log messages before absl::InitializeLog() is called are written to STDERR
I0000 00:00:1786397429.076709  179002 train_oblique_forest.cc:582] Loading CSV in a single pass: benchmarks/data/HIGGS_with_header.csv
I0000 00:00:1786397429.080906  179002 vertical_dataset_io.cc:82] 100 examples scanned.
I0000 00:00:1786397459.078094  179002 vertical_dataset_io.cc:82] 7150000 examples scanned.
I0000 00:00:1786397475.959760  179002 vertical_dataset_io.cc:91] 11000000 examples read. Memory: usage:1276MB allocated:1276MB. 0 (0%) examples have been skipped.
I0000 00:00:1786397476.228070  179002 train_oblique_forest.cc:589] Single-pass CSV load complete: 11000000 rows, 29 columns.
I0000 00:00:1786397476.228126  179002 train_oblique_forest.cc:706] -1 (automatic) threads requested. 48 threads set.
I0000 00:00:1786397476.228134  179002 train_oblique_forest.cc:776] Configuring oblique splits
I0000 00:00:1786397476.228137  179002 train_oblique_forest.cc:861] Using Dynamic Random Histogram with 64 samples
I0000 00:00:1786397476.228147  179002 train_oblique_forest.cc:891] train_oblique_forest wall-time - Loading/Init (pre-train): 47.1515s
I0000 00:00:1786397476.228208  179002 abstract_learner.cc:171] No input feature explicitly specified. Using all the available input features.
I0000 00:00:1786397476.228210  179002 abstract_learner.cc:185] The label "class" was removed from the input feature set.
I0000 00:00:1786397476.228223  179002 random_forest.cc:498] Training random forest on 11000000 example(s) and 28 feature(s).
I0000 00:00:1786397476.228235  179002 gpu.cc:93] Cannot initialize GPU: Not compiled with GPU support
I0000 00:00:1786397476.228429  179002 random_forest.cc:667] num_threads being used: 48
I0000 00:00:1786397534.603534  179209 random_forest.cc:980] Train tree 1/240 [index:29 total:58.38s tree:58.37s]
I0000 00:00:1786397593.567608  179190 random_forest.cc:980] Train tree 49/240 [index:60 total:1m57.34s tree:58.26s]
I0000 00:00:1786397652.612311  179213 random_forest.cc:980] Train tree 97/240 [index:101 total:2m56.38s tree:58.27s]
I0000 00:00:1786397711.472136  179213 random_forest.cc:980] Train tree 145/240 [index:144 total:3m55.24s tree:58.86s]
I0000 00:00:1786397770.669028  179213 random_forest.cc:980] Train tree 193/240 [index:192 total:4m54.44s tree:59.20s]
I0000 00:00:1786397778.819164  179002 random_forest.cc:987] random_forest.cc Training block took: 302.591 s
W0000 00:00:1786397778.819203  179002 random_forest.cc:1304] EXITING EARLY TO SPEED UP EXPERIMENTS!
----- Run 2/3 -----
WARNING: All log messages before absl::InitializeLog() is called are written to STDERR
I0000 00:00:1786397785.294668  180410 train_oblique_forest.cc:582] Loading CSV in a single pass: benchmarks/data/HIGGS_with_header.csv
I0000 00:00:1786397785.298846  180410 vertical_dataset_io.cc:82] 100 examples scanned.
I0000 00:00:1786397815.296069  180410 vertical_dataset_io.cc:82] 7134100 examples scanned.
I0000 00:00:1786397832.272908  180410 vertical_dataset_io.cc:91] 11000000 examples read. Memory: usage:1276MB allocated:1276MB. 0 (0%) examples have been skipped.
I0000 00:00:1786397832.542549  180410 train_oblique_forest.cc:589] Single-pass CSV load complete: 11000000 rows, 29 columns.
I0000 00:00:1786397832.542604  180410 train_oblique_forest.cc:706] -1 (automatic) threads requested. 48 threads set.
I0000 00:00:1786397832.542613  180410 train_oblique_forest.cc:776] Configuring oblique splits
I0000 00:00:1786397832.542616  180410 train_oblique_forest.cc:861] Using Dynamic Random Histogram with 64 samples
I0000 00:00:1786397832.542627  180410 train_oblique_forest.cc:891] train_oblique_forest wall-time - Loading/Init (pre-train): 47.248s
I0000 00:00:1786397832.542688  180410 abstract_learner.cc:171] No input feature explicitly specified. Using all the available input features.
I0000 00:00:1786397832.542690  180410 abstract_learner.cc:185] The label "class" was removed from the input feature set.
I0000 00:00:1786397832.542704  180410 random_forest.cc:498] Training random forest on 11000000 example(s) and 28 feature(s).
I0000 00:00:1786397832.542716  180410 gpu.cc:93] Cannot initialize GPU: Not compiled with GPU support
I0000 00:00:1786397832.542917  180410 random_forest.cc:667] num_threads being used: 48
I0000 00:00:1786397891.054701  180620 random_forest.cc:980] Train tree 1/240 [index:35 total:58.51s tree:58.51s]
I0000 00:00:1786397949.855232  180640 random_forest.cc:980] Train tree 49/240 [index:60 total:1m57.31s tree:58.25s]
I0000 00:00:1786398008.237206  180630 random_forest.cc:980] Train tree 97/240 [index:97 total:2m55.69s tree:58.32s]
I0000 00:00:1786398067.333263  180630 random_forest.cc:980] Train tree 145/240 [index:144 total:3m54.79s tree:59.09s]
I0000 00:00:1786398126.579216  180630 random_forest.cc:980] Train tree 193/240 [index:192 total:4m54.04s tree:59.24s]
I0000 00:00:1786398134.762174  180410 random_forest.cc:987] random_forest.cc Training block took: 302.22 s
W0000 00:00:1786398134.762213  180410 random_forest.cc:1304] EXITING EARLY TO SPEED UP EXPERIMENTS!
----- Run 3/3 -----
WARNING: All log messages before absl::InitializeLog() is called are written to STDERR
I0000 00:00:1786398141.132904  181817 train_oblique_forest.cc:582] Loading CSV in a single pass: benchmarks/data/HIGGS_with_header.csv
I0000 00:00:1786398141.137094  181817 vertical_dataset_io.cc:82] 100 examples scanned.
I0000 00:00:1786398171.134260  181817 vertical_dataset_io.cc:82] 7136800 examples scanned.
I0000 00:00:1786398188.086801  181817 vertical_dataset_io.cc:91] 11000000 examples read. Memory: usage:1276MB allocated:1276MB. 0 (0%) examples have been skipped.
I0000 00:00:1786398188.354926  181817 train_oblique_forest.cc:589] Single-pass CSV load complete: 11000000 rows, 29 columns.
I0000 00:00:1786398188.354968  181817 train_oblique_forest.cc:706] -1 (automatic) threads requested. 48 threads set.
I0000 00:00:1786398188.354977  181817 train_oblique_forest.cc:776] Configuring oblique splits
I0000 00:00:1786398188.354979  181817 train_oblique_forest.cc:861] Using Dynamic Random Histogram with 64 samples
I0000 00:00:1786398188.354990  181817 train_oblique_forest.cc:891] train_oblique_forest wall-time - Loading/Init (pre-train): 47.2221s
I0000 00:00:1786398188.355046  181817 abstract_learner.cc:171] No input feature explicitly specified. Using all the available input features.
I0000 00:00:1786398188.355048  181817 abstract_learner.cc:185] The label "class" was removed from the input feature set.
I0000 00:00:1786398188.355061  181817 random_forest.cc:498] Training random forest on 11000000 example(s) and 28 feature(s).
I0000 00:00:1786398188.355072  181817 gpu.cc:93] Cannot initialize GPU: Not compiled with GPU support
I0000 00:00:1786398188.355263  181817 random_forest.cc:667] num_threads being used: 48
I0000 00:00:1786398246.782206  182031 random_forest.cc:980] Train tree 1/240 [index:35 total:58.43s tree:58.42s]
I0000 00:00:1786398305.927839  182013 random_forest.cc:980] Train tree 49/240 [index:53 total:1m57.57s tree:58.77s]
I0000 00:00:1786398364.797204  182025 random_forest.cc:980] Train tree 97/240 [index:97 total:2m56.44s tree:58.69s]
I0000 00:00:1786398423.856935  182042 random_forest.cc:980] Train tree 145/240 [index:146 total:3m55.50s tree:58.90s]
I0000 00:00:1786398483.092714  182042 random_forest.cc:980] Train tree 193/240 [index:192 total:4m54.74s tree:59.23s]
I0000 00:00:1786398490.621825  181817 random_forest.cc:987] random_forest.cc Training block took: 302.267 s
W0000 00:00:1786398490.621929  181817 random_forest.cc:1304] EXITING EARLY TO SPEED UP EXPERIMENTS!
RESULT dataset=HIGGS_with_header threshold=3100 median=302.267s stddev=0.202001s n=3
./bazel-bin/examples/train_oblique_forest --input_mode trunk --rows 1500000 --cols 4096 --num_trees=240 --dynamic_split_threshold=3100 
----- Run 1/3 -----
WARNING: All log messages before absl::InitializeLog() is called are written to STDERR
I0000 00:00:1786398496.982628  183247 train_oblique_forest.cc:614] Generating trunk synthetic dataset: rows=1500000, cols=4096, layout=column
I0000 00:00:1786398548.078154  183247 train_oblique_forest.cc:706] -1 (automatic) threads requested. 48 threads set.
I0000 00:00:1786398548.078177  183247 train_oblique_forest.cc:776] Configuring oblique splits
I0000 00:00:1786398548.078181  183247 train_oblique_forest.cc:861] Using Dynamic Random Histogram with 64 samples
I0000 00:00:1786398548.078192  183247 train_oblique_forest.cc:891] train_oblique_forest wall-time - Loading/Init (pre-train): 51.0956s
I0000 00:00:1786398548.078489  183247 abstract_learner.cc:171] No input feature explicitly specified. Using all the available input features.
I0000 00:00:1786398548.078495  183247 abstract_learner.cc:185] The label "y" was removed from the input feature set.
I0000 00:00:1786398548.079037  183247 random_forest.cc:498] Training random forest on 1500000 example(s) and 4096 feature(s).
I0000 00:00:1786398548.079159  183247 gpu.cc:93] Cannot initialize GPU: Not compiled with GPU support
I0000 00:00:1786398548.079982  183247 random_forest.cc:667] num_threads being used: 48
I0000 00:00:1786398599.952601  183486 random_forest.cc:980] Train tree 1/240 [index:43 total:51.87s tree:51.87s]
I0000 00:00:1786398653.402180  183481 random_forest.cc:980] Train tree 49/240 [index:70 total:1m45.32s tree:50.36s]
I0000 00:00:1786398708.532851  183481 random_forest.cc:980] Train tree 97/240 [index:96 total:2m40.45s tree:55.13s]
I0000 00:00:1786398764.255116  183481 random_forest.cc:980] Train tree 145/240 [index:144 total:3m36.18s tree:55.72s]
I0000 00:00:1786398819.610384  183472 random_forest.cc:980] Train tree 193/240 [index:194 total:4m31.53s tree:54.65s]
I0000 00:00:1786398826.604454  183247 random_forest.cc:987] random_forest.cc Training block took: 278.526 s
W0000 00:00:1786398826.604491  183247 random_forest.cc:1304] EXITING EARLY TO SPEED UP EXPERIMENTS!
----- Run 2/3 -----
WARNING: All log messages before absl::InitializeLog() is called are written to STDERR
I0000 00:00:1786398827.700340  184560 train_oblique_forest.cc:614] Generating trunk synthetic dataset: rows=1500000, cols=4096, layout=column
I0000 00:00:1786398878.958218  184560 train_oblique_forest.cc:706] -1 (automatic) threads requested. 48 threads set.
I0000 00:00:1786398878.958244  184560 train_oblique_forest.cc:776] Configuring oblique splits
I0000 00:00:1786398878.958248  184560 train_oblique_forest.cc:861] Using Dynamic Random Histogram with 64 samples
I0000 00:00:1786398878.958258  184560 train_oblique_forest.cc:891] train_oblique_forest wall-time - Loading/Init (pre-train): 51.2579s
I0000 00:00:1786398878.958552  184560 abstract_learner.cc:171] No input feature explicitly specified. Using all the available input features.
I0000 00:00:1786398878.958558  184560 abstract_learner.cc:185] The label "y" was removed from the input feature set.
I0000 00:00:1786398878.959106  184560 random_forest.cc:498] Training random forest on 1500000 example(s) and 4096 feature(s).
I0000 00:00:1786398878.959228  184560 gpu.cc:93] Cannot initialize GPU: Not compiled with GPU support
I0000 00:00:1786398878.960033  184560 random_forest.cc:667] num_threads being used: 48
I0000 00:00:1786398930.956626  184779 random_forest.cc:980] Train tree 1/240 [index:43 total:52.00s tree:51.99s]
I0000 00:00:1786398984.036445  184790 random_forest.cc:980] Train tree 49/240 [index:70 total:1m45.08s tree:50.08s]
I0000 00:00:1786399038.905547  184790 random_forest.cc:980] Train tree 97/240 [index:96 total:2m39.95s tree:54.87s]
I0000 00:00:1786399093.855261  184790 random_forest.cc:980] Train tree 145/240 [index:144 total:3m34.90s tree:54.95s]
I0000 00:00:1786399149.361075  184790 random_forest.cc:980] Train tree 193/240 [index:192 total:4m30.40s tree:55.51s]
I0000 00:00:1786399156.494869  184560 random_forest.cc:987] random_forest.cc Training block took: 277.537 s
W0000 00:00:1786399156.494912  184560 random_forest.cc:1304] EXITING EARLY TO SPEED UP EXPERIMENTS!
----- Run 3/3 -----
WARNING: All log messages before absl::InitializeLog() is called are written to STDERR
I0000 00:00:1786399157.565527  185872 train_oblique_forest.cc:614] Generating trunk synthetic dataset: rows=1500000, cols=4096, layout=column
I0000 00:00:1786399208.643894  185872 train_oblique_forest.cc:706] -1 (automatic) threads requested. 48 threads set.
I0000 00:00:1786399208.643920  185872 train_oblique_forest.cc:776] Configuring oblique splits
I0000 00:00:1786399208.643924  185872 train_oblique_forest.cc:861] Using Dynamic Random Histogram with 64 samples
I0000 00:00:1786399208.643934  185872 train_oblique_forest.cc:891] train_oblique_forest wall-time - Loading/Init (pre-train): 51.0784s
I0000 00:00:1786399208.644246  185872 abstract_learner.cc:171] No input feature explicitly specified. Using all the available input features.
I0000 00:00:1786399208.644252  185872 abstract_learner.cc:185] The label "y" was removed from the input feature set.
I0000 00:00:1786399208.644790  185872 random_forest.cc:498] Training random forest on 1500000 example(s) and 4096 feature(s).
I0000 00:00:1786399208.644920  185872 gpu.cc:93] Cannot initialize GPU: Not compiled with GPU support
I0000 00:00:1786399208.645730  185872 random_forest.cc:667] num_threads being used: 48
I0000 00:00:1786399260.614335  186108 random_forest.cc:980] Train tree 1/240 [index:43 total:51.97s tree:51.96s]
I0000 00:00:1786399314.043467  186099 random_forest.cc:980] Train tree 49/240 [index:70 total:1m45.40s tree:50.35s]
I0000 00:00:1786399368.755662  186099 random_forest.cc:980] Train tree 97/240 [index:96 total:2m40.11s tree:54.71s]
I0000 00:00:1786399423.789444  186099 random_forest.cc:980] Train tree 145/240 [index:144 total:3m35.14s tree:55.03s]
I0000 00:00:1786399480.058765  186099 random_forest.cc:980] Train tree 193/240 [index:192 total:4m31.41s tree:56.27s]
I0000 00:00:1786399486.172593  185872 random_forest.cc:987] random_forest.cc Training block took: 277.529 s
W0000 00:00:1786399486.172637  185872 random_forest.cc:1304] EXITING EARLY TO SPEED UP EXPERIMENTS!
RESULT dataset=trunk_1500000_x_4096 threshold=3100 median=277.537s stddev=0.573323s n=3


======== Threshold 3600 ========

./bazel-bin/examples/train_oblique_forest --input_mode csv --train_csv "benchmarks/data/HIGGS_with_header.csv" --label_col "class" --num_trees=240 --dynamic_split_threshold=3600 
----- Run 1/3 -----
WARNING: All log messages before absl::InitializeLog() is called are written to STDERR
I0000 00:00:1786399487.251914  187194 train_oblique_forest.cc:582] Loading CSV in a single pass: benchmarks/data/HIGGS_with_header.csv
I0000 00:00:1786399487.256099  187194 vertical_dataset_io.cc:82] 100 examples scanned.
I0000 00:00:1786399517.253138  187194 vertical_dataset_io.cc:82] 7129100 examples scanned.
I0000 00:00:1786399534.278694  187194 vertical_dataset_io.cc:91] 11000000 examples read. Memory: usage:1276MB allocated:1276MB. 0 (0%) examples have been skipped.
I0000 00:00:1786399534.546249  187194 train_oblique_forest.cc:589] Single-pass CSV load complete: 11000000 rows, 29 columns.
I0000 00:00:1786399534.546302  187194 train_oblique_forest.cc:706] -1 (automatic) threads requested. 48 threads set.
I0000 00:00:1786399534.546311  187194 train_oblique_forest.cc:776] Configuring oblique splits
I0000 00:00:1786399534.546314  187194 train_oblique_forest.cc:861] Using Dynamic Random Histogram with 64 samples
I0000 00:00:1786399534.546323  187194 train_oblique_forest.cc:891] train_oblique_forest wall-time - Loading/Init (pre-train): 47.2944s
I0000 00:00:1786399534.546383  187194 abstract_learner.cc:171] No input feature explicitly specified. Using all the available input features.
I0000 00:00:1786399534.546385  187194 abstract_learner.cc:185] The label "class" was removed from the input feature set.
I0000 00:00:1786399534.546398  187194 random_forest.cc:498] Training random forest on 11000000 example(s) and 28 feature(s).
I0000 00:00:1786399534.546409  187194 gpu.cc:93] Cannot initialize GPU: Not compiled with GPU support
I0000 00:00:1786399534.546604  187194 random_forest.cc:667] num_threads being used: 48
I0000 00:00:1786399592.978224  187405 random_forest.cc:980] Train tree 1/240 [index:27 total:58.43s tree:58.43s]
I0000 00:00:1786399651.840108  187418 random_forest.cc:980] Train tree 49/240 [index:66 total:1m57.29s tree:57.95s]
I0000 00:00:1786399710.969682  187397 random_forest.cc:980] Train tree 97/240 [index:99 total:2m56.42s tree:58.66s]
I0000 00:00:1786399769.252438  187432 random_forest.cc:980] Train tree 145/240 [index:145 total:3m54.71s tree:58.14s]
I0000 00:00:1786399829.330259  187385 random_forest.cc:980] Train tree 193/240 [index:196 total:4m54.78s tree:58.71s]
I0000 00:00:1786399835.383838  187194 random_forest.cc:987] random_forest.cc Training block took: 300.838 s
W0000 00:00:1786399835.383889  187194 random_forest.cc:1304] EXITING EARLY TO SPEED UP EXPERIMENTS!
----- Run 2/3 -----
WARNING: All log messages before absl::InitializeLog() is called are written to STDERR
I0000 00:00:1786399841.744779  188599 train_oblique_forest.cc:582] Loading CSV in a single pass: benchmarks/data/HIGGS_with_header.csv
I0000 00:00:1786399841.748966  188599 vertical_dataset_io.cc:82] 100 examples scanned.
I0000 00:00:1786399871.746360  188599 vertical_dataset_io.cc:82] 7158200 examples scanned.
I0000 00:00:1786399888.561856  188599 vertical_dataset_io.cc:91] 11000000 examples read. Memory: usage:1276MB allocated:1276MB. 0 (0%) examples have been skipped.
I0000 00:00:1786399888.829740  188599 train_oblique_forest.cc:589] Single-pass CSV load complete: 11000000 rows, 29 columns.
I0000 00:00:1786399888.829793  188599 train_oblique_forest.cc:706] -1 (automatic) threads requested. 48 threads set.
I0000 00:00:1786399888.829801  188599 train_oblique_forest.cc:776] Configuring oblique splits
I0000 00:00:1786399888.829803  188599 train_oblique_forest.cc:861] Using Dynamic Random Histogram with 64 samples
I0000 00:00:1786399888.829813  188599 train_oblique_forest.cc:891] train_oblique_forest wall-time - Loading/Init (pre-train): 47.0851s
I0000 00:00:1786399888.829877  188599 abstract_learner.cc:171] No input feature explicitly specified. Using all the available input features.
I0000 00:00:1786399888.829879  188599 abstract_learner.cc:185] The label "class" was removed from the input feature set.
I0000 00:00:1786399888.829892  188599 random_forest.cc:498] Training random forest on 11000000 example(s) and 28 feature(s).
I0000 00:00:1786399888.829903  188599 gpu.cc:93] Cannot initialize GPU: Not compiled with GPU support
I0000 00:00:1786399888.830097  188599 random_forest.cc:667] num_threads being used: 48
I0000 00:00:1786399947.457371  188806 random_forest.cc:980] Train tree 1/240 [index:27 total:58.63s tree:58.62s]
I0000 00:00:1786400006.193415  188830 random_forest.cc:980] Train tree 49/240 [index:66 total:1m57.36s tree:58.04s]
I0000 00:00:1786400065.401689  188806 random_forest.cc:980] Train tree 97/240 [index:99 total:2m56.57s tree:58.73s]
I0000 00:00:1786400123.475519  188830 random_forest.cc:980] Train tree 145/240 [index:145 total:3m54.65s tree:57.97s]
I0000 00:00:1786400183.440398  188830 random_forest.cc:980] Train tree 193/240 [index:192 total:4m54.61s tree:59.96s]
I0000 00:00:1786400190.038962  188599 random_forest.cc:987] random_forest.cc Training block took: 301.209 s
W0000 00:00:1786400190.039002  188599 random_forest.cc:1304] EXITING EARLY TO SPEED UP EXPERIMENTS!
----- Run 3/3 -----
WARNING: All log messages before absl::InitializeLog() is called are written to STDERR
I0000 00:00:1786400196.416461  190008 train_oblique_forest.cc:582] Loading CSV in a single pass: benchmarks/data/HIGGS_with_header.csv
I0000 00:00:1786400196.420650  190008 vertical_dataset_io.cc:82] 100 examples scanned.
I0000 00:00:1786400226.417833  190008 vertical_dataset_io.cc:82] 7130300 examples scanned.
I0000 00:00:1786400243.428268  190008 vertical_dataset_io.cc:91] 11000000 examples read. Memory: usage:1276MB allocated:1276MB. 0 (0%) examples have been skipped.
I0000 00:00:1786400243.696160  190008 train_oblique_forest.cc:589] Single-pass CSV load complete: 11000000 rows, 29 columns.
I0000 00:00:1786400243.696214  190008 train_oblique_forest.cc:706] -1 (automatic) threads requested. 48 threads set.
I0000 00:00:1786400243.696222  190008 train_oblique_forest.cc:776] Configuring oblique splits
I0000 00:00:1786400243.696225  190008 train_oblique_forest.cc:861] Using Dynamic Random Histogram with 64 samples
I0000 00:00:1786400243.696234  190008 train_oblique_forest.cc:891] train_oblique_forest wall-time - Loading/Init (pre-train): 47.2798s
I0000 00:00:1786400243.696294  190008 abstract_learner.cc:171] No input feature explicitly specified. Using all the available input features.
I0000 00:00:1786400243.696296  190008 abstract_learner.cc:185] The label "class" was removed from the input feature set.
I0000 00:00:1786400243.696309  190008 random_forest.cc:498] Training random forest on 11000000 example(s) and 28 feature(s).
I0000 00:00:1786400243.696321  190008 gpu.cc:93] Cannot initialize GPU: Not compiled with GPU support
I0000 00:00:1786400243.696512  190008 random_forest.cc:667] num_threads being used: 48
I0000 00:00:1786400301.999248  190229 random_forest.cc:980] Train tree 1/240 [index:27 total:58.30s tree:58.30s]
I0000 00:00:1786400361.218281  190229 random_forest.cc:980] Train tree 49/240 [index:48 total:1m57.52s tree:59.22s]
I0000 00:00:1786400420.130017  190204 random_forest.cc:980] Train tree 97/240 [index:98 total:2m56.43s tree:58.59s]
I0000 00:00:1786400478.002460  190202 random_forest.cc:980] Train tree 145/240 [index:145 total:3m54.31s tree:57.77s]
I0000 00:00:1786400538.302116  190202 random_forest.cc:980] Train tree 193/240 [index:192 total:4m54.61s tree:1m0.30s]
I0000 00:00:1786400545.243086  190008 random_forest.cc:987] random_forest.cc Training block took: 301.547 s
W0000 00:00:1786400545.243125  190008 random_forest.cc:1304] EXITING EARLY TO SPEED UP EXPERIMENTS!
RESULT dataset=HIGGS_with_header threshold=3600 median=301.209s stddev=0.354628s n=3
./bazel-bin/examples/train_oblique_forest --input_mode trunk --rows 1500000 --cols 4096 --num_trees=240 --dynamic_split_threshold=3600 
----- Run 1/3 -----
WARNING: All log messages before absl::InitializeLog() is called are written to STDERR
I0000 00:00:1786400551.611026  191423 train_oblique_forest.cc:614] Generating trunk synthetic dataset: rows=1500000, cols=4096, layout=column
I0000 00:00:1786400602.709213  191423 train_oblique_forest.cc:706] -1 (automatic) threads requested. 48 threads set.
I0000 00:00:1786400602.709236  191423 train_oblique_forest.cc:776] Configuring oblique splits
I0000 00:00:1786400602.709240  191423 train_oblique_forest.cc:861] Using Dynamic Random Histogram with 64 samples
I0000 00:00:1786400602.709250  191423 train_oblique_forest.cc:891] train_oblique_forest wall-time - Loading/Init (pre-train): 51.0982s
I0000 00:00:1786400602.709550  191423 abstract_learner.cc:171] No input feature explicitly specified. Using all the available input features.
I0000 00:00:1786400602.709555  191423 abstract_learner.cc:185] The label "y" was removed from the input feature set.
I0000 00:00:1786400602.710100  191423 random_forest.cc:498] Training random forest on 1500000 example(s) and 4096 feature(s).
I0000 00:00:1786400602.710225  191423 gpu.cc:93] Cannot initialize GPU: Not compiled with GPU support
I0000 00:00:1786400602.711039  191423 random_forest.cc:667] num_threads being used: 48
I0000 00:00:1786400655.316529  191659 random_forest.cc:980] Train tree 1/240 [index:43 total:52.61s tree:52.60s]
I0000 00:00:1786400709.058681  191668 random_forest.cc:980] Train tree 49/240 [index:70 total:1m46.35s tree:51.16s]
I0000 00:00:1786400763.664848  191668 random_forest.cc:980] Train tree 97/240 [index:96 total:2m40.95s tree:54.61s]
I0000 00:00:1786400818.622879  191668 random_forest.cc:980] Train tree 145/240 [index:144 total:3m35.91s tree:54.96s]
I0000 00:00:1786400873.748665  191668 random_forest.cc:980] Train tree 193/240 [index:192 total:4m31.04s tree:55.13s]
I0000 00:00:1786400880.774045  191423 random_forest.cc:987] random_forest.cc Training block took: 278.065 s
W0000 00:00:1786400880.774086  191423 random_forest.cc:1304] EXITING EARLY TO SPEED UP EXPERIMENTS!
----- Run 2/3 -----
WARNING: All log messages before absl::InitializeLog() is called are written to STDERR
I0000 00:00:1786400881.853651  192735 train_oblique_forest.cc:614] Generating trunk synthetic dataset: rows=1500000, cols=4096, layout=column
I0000 00:00:1786400933.012561  192735 train_oblique_forest.cc:706] -1 (automatic) threads requested. 48 threads set.
I0000 00:00:1786400933.012585  192735 train_oblique_forest.cc:776] Configuring oblique splits
I0000 00:00:1786400933.012589  192735 train_oblique_forest.cc:861] Using Dynamic Random Histogram with 64 samples
I0000 00:00:1786400933.012600  192735 train_oblique_forest.cc:891] train_oblique_forest wall-time - Loading/Init (pre-train): 51.159s
I0000 00:00:1786400933.012897  192735 abstract_learner.cc:171] No input feature explicitly specified. Using all the available input features.
I0000 00:00:1786400933.012904  192735 abstract_learner.cc:185] The label "y" was removed from the input feature set.
I0000 00:00:1786400933.013449  192735 random_forest.cc:498] Training random forest on 1500000 example(s) and 4096 feature(s).
I0000 00:00:1786400933.013572  192735 gpu.cc:93] Cannot initialize GPU: Not compiled with GPU support
I0000 00:00:1786400933.014370  192735 random_forest.cc:667] num_threads being used: 48
I0000 00:00:1786400985.818365  192959 random_forest.cc:980] Train tree 1/240 [index:30 total:52.80s tree:52.80s]
I0000 00:00:1786401039.107572  192958 random_forest.cc:980] Train tree 49/240 [index:70 total:1m46.09s tree:50.79s]
I0000 00:00:1786401093.756181  192958 random_forest.cc:980] Train tree 97/240 [index:96 total:2m40.74s tree:54.65s]
I0000 00:00:1786401148.664071  192958 random_forest.cc:980] Train tree 145/240 [index:144 total:3m35.65s tree:54.91s]
I0000 00:00:1786401204.420466  192958 random_forest.cc:980] Train tree 193/240 [index:192 total:4m31.41s tree:55.76s]
I0000 00:00:1786401211.886498  192735 random_forest.cc:987] random_forest.cc Training block took: 278.874 s
W0000 00:00:1786401211.886539  192735 random_forest.cc:1304] EXITING EARLY TO SPEED UP EXPERIMENTS!
----- Run 3/3 -----
WARNING: All log messages before absl::InitializeLog() is called are written to STDERR
I0000 00:00:1786401212.950597  194053 train_oblique_forest.cc:614] Generating trunk synthetic dataset: rows=1500000, cols=4096, layout=column
I0000 00:00:1786401264.011058  194053 train_oblique_forest.cc:706] -1 (automatic) threads requested. 48 threads set.
I0000 00:00:1786401264.011082  194053 train_oblique_forest.cc:776] Configuring oblique splits
I0000 00:00:1786401264.011085  194053 train_oblique_forest.cc:861] Using Dynamic Random Histogram with 64 samples
I0000 00:00:1786401264.011097  194053 train_oblique_forest.cc:891] train_oblique_forest wall-time - Loading/Init (pre-train): 51.0605s
I0000 00:00:1786401264.011391  194053 abstract_learner.cc:171] No input feature explicitly specified. Using all the available input features.
I0000 00:00:1786401264.011396  194053 abstract_learner.cc:185] The label "y" was removed from the input feature set.
I0000 00:00:1786401264.011945  194053 random_forest.cc:498] Training random forest on 1500000 example(s) and 4096 feature(s).
I0000 00:00:1786401264.012066  194053 gpu.cc:93] Cannot initialize GPU: Not compiled with GPU support
I0000 00:00:1786401264.012867  194053 random_forest.cc:667] num_threads being used: 48
I0000 00:00:1786401316.902583  194288 random_forest.cc:980] Train tree 1/240 [index:43 total:52.89s tree:52.88s]
I0000 00:00:1786401370.157884  194284 random_forest.cc:980] Train tree 49/240 [index:70 total:1m46.15s tree:51.00s]
I0000 00:00:1786401425.134407  194284 random_forest.cc:980] Train tree 97/240 [index:96 total:2m41.12s tree:54.98s]
I0000 00:00:1786401480.481719  194284 random_forest.cc:980] Train tree 145/240 [index:144 total:3m36.47s tree:55.35s]
I0000 00:00:1786401535.812482  194284 random_forest.cc:980] Train tree 193/240 [index:192 total:4m31.80s tree:55.33s]
I0000 00:00:1786401543.535077  194053 random_forest.cc:987] random_forest.cc Training block took: 279.524 s
W0000 00:00:1786401543.535119  194053 random_forest.cc:1304] EXITING EARLY TO SPEED UP EXPERIMENTS!
RESULT dataset=trunk_1500000_x_4096 threshold=3600 median=278.874s stddev=0.730943s n=3


======== Threshold 4100 ========

./bazel-bin/examples/train_oblique_forest --input_mode csv --train_csv "benchmarks/data/HIGGS_with_header.csv" --label_col "class" --num_trees=240 --dynamic_split_threshold=4100 
----- Run 1/3 -----
WARNING: All log messages before absl::InitializeLog() is called are written to STDERR
I0000 00:00:1786401544.612554  195388 train_oblique_forest.cc:582] Loading CSV in a single pass: benchmarks/data/HIGGS_with_header.csv
I0000 00:00:1786401544.616771  195388 vertical_dataset_io.cc:82] 100 examples scanned.
I0000 00:00:1786401574.614036  195388 vertical_dataset_io.cc:82] 7129600 examples scanned.
I0000 00:00:1786401591.643553  195388 vertical_dataset_io.cc:91] 11000000 examples read. Memory: usage:1276MB allocated:1276MB. 0 (0%) examples have been skipped.
I0000 00:00:1786401591.911384  195388 train_oblique_forest.cc:589] Single-pass CSV load complete: 11000000 rows, 29 columns.
I0000 00:00:1786401591.911428  195388 train_oblique_forest.cc:706] -1 (automatic) threads requested. 48 threads set.
I0000 00:00:1786401591.911438  195388 train_oblique_forest.cc:776] Configuring oblique splits
I0000 00:00:1786401591.911441  195388 train_oblique_forest.cc:861] Using Dynamic Random Histogram with 64 samples
I0000 00:00:1786401591.911450  195388 train_oblique_forest.cc:891] train_oblique_forest wall-time - Loading/Init (pre-train): 47.2989s
I0000 00:00:1786401591.911508  195388 abstract_learner.cc:171] No input feature explicitly specified. Using all the available input features.
I0000 00:00:1786401591.911510  195388 abstract_learner.cc:185] The label "class" was removed from the input feature set.
I0000 00:00:1786401591.911523  195388 random_forest.cc:498] Training random forest on 11000000 example(s) and 28 feature(s).
I0000 00:00:1786401591.911535  195388 gpu.cc:93] Cannot initialize GPU: Not compiled with GPU support
I0000 00:00:1786401591.911728  195388 random_forest.cc:667] num_threads being used: 48
I0000 00:00:1786401650.317819  195585 random_forest.cc:980] Train tree 1/240 [index:27 total:58.41s tree:58.40s]
I0000 00:00:1786401709.487982  195581 random_forest.cc:980] Train tree 49/240 [index:58 total:1m57.58s tree:58.20s]
I0000 00:00:1786401768.319533  195581 random_forest.cc:980] Train tree 97/240 [index:96 total:2m56.41s tree:58.83s]
I0000 00:00:1786401827.680576  195581 random_forest.cc:980] Train tree 145/240 [index:144 total:3m55.77s tree:59.36s]
I0000 00:00:1786401887.486074  195581 random_forest.cc:980] Train tree 193/240 [index:192 total:4m55.57s tree:59.80s]
I0000 00:00:1786401895.216063  195388 random_forest.cc:987] random_forest.cc Training block took: 303.305 s
W0000 00:00:1786401895.216100  195388 random_forest.cc:1304] EXITING EARLY TO SPEED UP EXPERIMENTS!
----- Run 2/3 -----
WARNING: All log messages before absl::InitializeLog() is called are written to STDERR
I0000 00:00:1786401901.584167  196799 train_oblique_forest.cc:582] Loading CSV in a single pass: benchmarks/data/HIGGS_with_header.csv
I0000 00:00:1786401901.588350  196799 vertical_dataset_io.cc:82] 100 examples scanned.
I0000 00:00:1786401931.585404  196799 vertical_dataset_io.cc:82] 7149000 examples scanned.
I0000 00:00:1786401948.437027  196799 vertical_dataset_io.cc:91] 11000000 examples read. Memory: usage:1276MB allocated:1276MB. 0 (0%) examples have been skipped.
I0000 00:00:1786401948.705075  196799 train_oblique_forest.cc:589] Single-pass CSV load complete: 11000000 rows, 29 columns.
I0000 00:00:1786401948.705127  196799 train_oblique_forest.cc:706] -1 (automatic) threads requested. 48 threads set.
I0000 00:00:1786401948.705135  196799 train_oblique_forest.cc:776] Configuring oblique splits
I0000 00:00:1786401948.705138  196799 train_oblique_forest.cc:861] Using Dynamic Random Histogram with 64 samples
I0000 00:00:1786401948.705147  196799 train_oblique_forest.cc:891] train_oblique_forest wall-time - Loading/Init (pre-train): 47.121s
I0000 00:00:1786401948.705206  196799 abstract_learner.cc:171] No input feature explicitly specified. Using all the available input features.
I0000 00:00:1786401948.705208  196799 abstract_learner.cc:185] The label "class" was removed from the input feature set.
I0000 00:00:1786401948.705221  196799 random_forest.cc:498] Training random forest on 11000000 example(s) and 28 feature(s).
I0000 00:00:1786401948.705233  196799 gpu.cc:93] Cannot initialize GPU: Not compiled with GPU support
I0000 00:00:1786401948.705425  196799 random_forest.cc:667] num_threads being used: 48
I0000 00:00:1786402007.204280  197009 random_forest.cc:980] Train tree 1/240 [index:27 total:58.50s tree:58.50s]
I0000 00:00:1786402066.370498  197032 random_forest.cc:980] Train tree 49/240 [index:58 total:1m57.67s tree:58.24s]
I0000 00:00:1786402125.219005  197032 random_forest.cc:980] Train tree 97/240 [index:96 total:2m56.51s tree:58.85s]
I0000 00:00:1786402184.799722  197032 random_forest.cc:980] Train tree 145/240 [index:144 total:3m56.09s tree:59.58s]
I0000 00:00:1786402244.488937  197032 random_forest.cc:980] Train tree 193/240 [index:192 total:4m55.78s tree:59.69s]
I0000 00:00:1786402251.941151  196799 random_forest.cc:987] random_forest.cc Training block took: 303.236 s
W0000 00:00:1786402251.941182  196799 random_forest.cc:1304] EXITING EARLY TO SPEED UP EXPERIMENTS!
----- Run 3/3 -----
WARNING: All log messages before absl::InitializeLog() is called are written to STDERR
I0000 00:00:1786402258.311608  198217 train_oblique_forest.cc:582] Loading CSV in a single pass: benchmarks/data/HIGGS_with_header.csv
I0000 00:00:1786402258.315800  198217 vertical_dataset_io.cc:82] 100 examples scanned.
I0000 00:00:1786402288.312888  198217 vertical_dataset_io.cc:82] 7129600 examples scanned.
I0000 00:00:1786402305.327377  198217 vertical_dataset_io.cc:91] 11000000 examples read. Memory: usage:1276MB allocated:1276MB. 0 (0%) examples have been skipped.
I0000 00:00:1786402305.598598  198217 train_oblique_forest.cc:589] Single-pass CSV load complete: 11000000 rows, 29 columns.
I0000 00:00:1786402305.598651  198217 train_oblique_forest.cc:706] -1 (automatic) threads requested. 48 threads set.
I0000 00:00:1786402305.598660  198217 train_oblique_forest.cc:776] Configuring oblique splits
I0000 00:00:1786402305.598663  198217 train_oblique_forest.cc:861] Using Dynamic Random Histogram with 64 samples
I0000 00:00:1786402305.598673  198217 train_oblique_forest.cc:891] train_oblique_forest wall-time - Loading/Init (pre-train): 47.2871s
I0000 00:00:1786402305.598736  198217 abstract_learner.cc:171] No input feature explicitly specified. Using all the available input features.
I0000 00:00:1786402305.598738  198217 abstract_learner.cc:185] The label "class" was removed from the input feature set.
I0000 00:00:1786402305.598750  198217 random_forest.cc:498] Training random forest on 11000000 example(s) and 28 feature(s).
I0000 00:00:1786402305.598763  198217 gpu.cc:93] Cannot initialize GPU: Not compiled with GPU support
I0000 00:00:1786402305.598966  198217 random_forest.cc:667] num_threads being used: 48
I0000 00:00:1786402363.997138  198412 random_forest.cc:980] Train tree 1/240 [index:27 total:58.40s tree:58.40s]
I0000 00:00:1786402423.473755  198402 random_forest.cc:980] Train tree 49/240 [index:58 total:1m57.87s tree:58.48s]
I0000 00:00:1786402482.379446  198402 random_forest.cc:980] Train tree 97/240 [index:96 total:2m56.78s tree:58.90s]
I0000 00:00:1786402541.386191  198402 random_forest.cc:980] Train tree 145/240 [index:144 total:3m55.79s tree:59.00s]
I0000 00:00:1786402601.081127  198402 random_forest.cc:980] Train tree 193/240 [index:192 total:4m55.48s tree:59.69s]
I0000 00:00:1786402609.004558  198217 random_forest.cc:987] random_forest.cc Training block took: 303.406 s
W0000 00:00:1786402609.004595  198217 random_forest.cc:1304] EXITING EARLY TO SPEED UP EXPERIMENTS!
RESULT dataset=HIGGS_with_header threshold=4100 median=303.305s stddev=0.085500s n=3
./bazel-bin/examples/train_oblique_forest --input_mode trunk --rows 1500000 --cols 4096 --num_trees=240 --dynamic_split_threshold=4100 
----- Run 1/3 -----
WARNING: All log messages before absl::InitializeLog() is called are written to STDERR
I0000 00:00:1786402615.377720  199639 train_oblique_forest.cc:614] Generating trunk synthetic dataset: rows=1500000, cols=4096, layout=column
I0000 00:00:1786402666.534465  199639 train_oblique_forest.cc:706] -1 (automatic) threads requested. 48 threads set.
I0000 00:00:1786402666.534489  199639 train_oblique_forest.cc:776] Configuring oblique splits
I0000 00:00:1786402666.534492  199639 train_oblique_forest.cc:861] Using Dynamic Random Histogram with 64 samples
I0000 00:00:1786402666.534504  199639 train_oblique_forest.cc:891] train_oblique_forest wall-time - Loading/Init (pre-train): 51.1568s
I0000 00:00:1786402666.534799  199639 abstract_learner.cc:171] No input feature explicitly specified. Using all the available input features.
I0000 00:00:1786402666.534804  199639 abstract_learner.cc:185] The label "y" was removed from the input feature set.
I0000 00:00:1786402666.535350  199639 random_forest.cc:498] Training random forest on 1500000 example(s) and 4096 feature(s).
I0000 00:00:1786402666.535477  199639 gpu.cc:93] Cannot initialize GPU: Not compiled with GPU support
I0000 00:00:1786402666.536290  199639 random_forest.cc:667] num_threads being used: 48
I0000 00:00:1786402719.048506  199871 random_forest.cc:980] Train tree 1/240 [index:43 total:52.51s tree:52.51s]
I0000 00:00:1786402772.509448  199863 random_forest.cc:980] Train tree 49/240 [index:70 total:1m45.97s tree:50.67s]
I0000 00:00:1786402827.702245  199863 random_forest.cc:980] Train tree 97/240 [index:96 total:2m41.17s tree:55.19s]
I0000 00:00:1786402883.369561  199863 random_forest.cc:980] Train tree 145/240 [index:144 total:3m36.83s tree:55.67s]
I0000 00:00:1786402940.003801  199863 random_forest.cc:980] Train tree 193/240 [index:192 total:4m33.47s tree:56.63s]
I0000 00:00:1786402945.743736  199639 random_forest.cc:987] random_forest.cc Training block took: 279.209 s
W0000 00:00:1786402945.743779  199639 random_forest.cc:1304] EXITING EARLY TO SPEED UP EXPERIMENTS!
----- Run 2/3 -----
WARNING: All log messages before absl::InitializeLog() is called are written to STDERR
I0000 00:00:1786402946.841808  200955 train_oblique_forest.cc:614] Generating trunk synthetic dataset: rows=1500000, cols=4096, layout=column
I0000 00:00:1786402997.901855  200955 train_oblique_forest.cc:706] -1 (automatic) threads requested. 48 threads set.
I0000 00:00:1786402997.901879  200955 train_oblique_forest.cc:776] Configuring oblique splits
I0000 00:00:1786402997.901883  200955 train_oblique_forest.cc:861] Using Dynamic Random Histogram with 64 samples
I0000 00:00:1786402997.901894  200955 train_oblique_forest.cc:891] train_oblique_forest wall-time - Loading/Init (pre-train): 51.0601s
I0000 00:00:1786402997.902195  200955 abstract_learner.cc:171] No input feature explicitly specified. Using all the available input features.
I0000 00:00:1786402997.902201  200955 abstract_learner.cc:185] The label "y" was removed from the input feature set.
I0000 00:00:1786402997.902743  200955 random_forest.cc:498] Training random forest on 1500000 example(s) and 4096 feature(s).
I0000 00:00:1786402997.902875  200955 gpu.cc:93] Cannot initialize GPU: Not compiled with GPU support
I0000 00:00:1786402997.903691  200955 random_forest.cc:667] num_threads being used: 48
I0000 00:00:1786403050.820017  201164 random_forest.cc:980] Train tree 1/240 [index:14 total:52.92s tree:52.91s]
I0000 00:00:1786403104.583808  201160 random_forest.cc:980] Train tree 49/240 [index:70 total:1m46.68s tree:51.25s]
I0000 00:00:1786403160.495349  201160 random_forest.cc:980] Train tree 97/240 [index:96 total:2m42.59s tree:55.91s]
I0000 00:00:1786403214.985605  201184 random_forest.cc:980] Train tree 145/240 [index:182 total:3m37.08s tree:49.99s]
I0000 00:00:1786403270.875424  201184 random_forest.cc:980] Train tree 193/240 [index:192 total:4m32.97s tree:55.89s]
I0000 00:00:1786403277.051638  200955 random_forest.cc:987] random_forest.cc Training block took: 279.15 s
W0000 00:00:1786403277.051683  200955 random_forest.cc:1304] EXITING EARLY TO SPEED UP EXPERIMENTS!
----- Run 3/3 -----
WARNING: All log messages before absl::InitializeLog() is called are written to STDERR
I0000 00:00:1786403278.121871  202276 train_oblique_forest.cc:614] Generating trunk synthetic dataset: rows=1500000, cols=4096, layout=column
I0000 00:00:1786403329.120200  202276 train_oblique_forest.cc:706] -1 (automatic) threads requested. 48 threads set.
I0000 00:00:1786403329.120223  202276 train_oblique_forest.cc:776] Configuring oblique splits
I0000 00:00:1786403329.120227  202276 train_oblique_forest.cc:861] Using Dynamic Random Histogram with 64 samples
I0000 00:00:1786403329.120238  202276 train_oblique_forest.cc:891] train_oblique_forest wall-time - Loading/Init (pre-train): 50.9984s
I0000 00:00:1786403329.120547  202276 abstract_learner.cc:171] No input feature explicitly specified. Using all the available input features.
I0000 00:00:1786403329.120552  202276 abstract_learner.cc:185] The label "y" was removed from the input feature set.
I0000 00:00:1786403329.121101  202276 random_forest.cc:498] Training random forest on 1500000 example(s) and 4096 feature(s).
I0000 00:00:1786403329.121228  202276 gpu.cc:93] Cannot initialize GPU: Not compiled with GPU support
I0000 00:00:1786403329.122050  202276 random_forest.cc:667] num_threads being used: 48
I0000 00:00:1786403382.269232  202505 random_forest.cc:980] Train tree 1/240 [index:14 total:53.15s tree:53.14s]
I0000 00:00:1786403435.357903  202514 random_forest.cc:980] Train tree 49/240 [index:70 total:1m46.24s tree:50.93s]
I0000 00:00:1786403491.291231  202514 random_forest.cc:980] Train tree 97/240 [index:96 total:2m42.17s tree:55.93s]
I0000 00:00:1786403546.862124  202514 random_forest.cc:980] Train tree 145/240 [index:144 total:3m37.74s tree:55.57s]
I0000 00:00:1786403602.846573  202514 random_forest.cc:980] Train tree 193/240 [index:192 total:4m33.72s tree:55.98s]
I0000 00:00:1786403608.017313  202276 random_forest.cc:987] random_forest.cc Training block took: 278.897 s
W0000 00:00:1786403608.017356  202276 random_forest.cc:1304] EXITING EARLY TO SPEED UP EXPERIMENTS!
RESULT dataset=trunk_1500000_x_4096 threshold=4100 median=279.15s stddev=0.165748s n=3


======== Threshold 4600 ========

./bazel-bin/examples/train_oblique_forest --input_mode csv --train_csv "benchmarks/data/HIGGS_with_header.csv" --label_col "class" --num_trees=240 --dynamic_split_threshold=4600 
----- Run 1/3 -----
WARNING: All log messages before absl::InitializeLog() is called are written to STDERR
I0000 00:00:1786403609.098374  203603 train_oblique_forest.cc:582] Loading CSV in a single pass: benchmarks/data/HIGGS_with_header.csv
I0000 00:00:1786403609.102592  203603 vertical_dataset_io.cc:82] 100 examples scanned.
I0000 00:00:1786403639.099972  203603 vertical_dataset_io.cc:82] 7134800 examples scanned.
I0000 00:00:1786403656.050369  203603 vertical_dataset_io.cc:91] 11000000 examples read. Memory: usage:1276MB allocated:1276MB. 0 (0%) examples have been skipped.
I0000 00:00:1786403656.318358  203603 train_oblique_forest.cc:589] Single-pass CSV load complete: 11000000 rows, 29 columns.
I0000 00:00:1786403656.318409  203603 train_oblique_forest.cc:706] -1 (automatic) threads requested. 48 threads set.
I0000 00:00:1786403656.318417  203603 train_oblique_forest.cc:776] Configuring oblique splits
I0000 00:00:1786403656.318420  203603 train_oblique_forest.cc:861] Using Dynamic Random Histogram with 64 samples
I0000 00:00:1786403656.318430  203603 train_oblique_forest.cc:891] train_oblique_forest wall-time - Loading/Init (pre-train): 47.2201s
I0000 00:00:1786403656.318492  203603 abstract_learner.cc:171] No input feature explicitly specified. Using all the available input features.
I0000 00:00:1786403656.318495  203603 abstract_learner.cc:185] The label "class" was removed from the input feature set.
I0000 00:00:1786403656.318507  203603 random_forest.cc:498] Training random forest on 11000000 example(s) and 28 feature(s).
I0000 00:00:1786403656.318519  203603 gpu.cc:93] Cannot initialize GPU: Not compiled with GPU support
I0000 00:00:1786403656.318712  203603 random_forest.cc:667] num_threads being used: 48
I0000 00:00:1786403714.914855  203805 random_forest.cc:980] Train tree 1/240 [index:35 total:58.60s tree:58.59s]
I0000 00:00:1786403774.182712  203816 random_forest.cc:980] Train tree 49/240 [index:54 total:1m57.86s tree:58.43s]
I0000 00:00:1786403833.537138  203809 random_forest.cc:980] Train tree 97/240 [index:101 total:2m57.22s tree:58.48s]
I0000 00:00:1786403892.883194  203799 random_forest.cc:980] Train tree 145/240 [index:148 total:3m56.56s tree:58.75s]
I0000 00:00:1786403952.835760  203799 random_forest.cc:980] Train tree 193/240 [index:192 total:4m56.52s tree:59.95s]
I0000 00:00:1786403960.327767  203603 random_forest.cc:987] random_forest.cc Training block took: 304.009 s
W0000 00:00:1786403960.327809  203603 random_forest.cc:1304] EXITING EARLY TO SPEED UP EXPERIMENTS!
----- Run 2/3 -----
WARNING: All log messages before absl::InitializeLog() is called are written to STDERR
I0000 00:00:1786403966.706628  205024 train_oblique_forest.cc:582] Loading CSV in a single pass: benchmarks/data/HIGGS_with_header.csv
I0000 00:00:1786403966.710813  205024 vertical_dataset_io.cc:82] 100 examples scanned.
I0000 00:00:1786403996.708043  205024 vertical_dataset_io.cc:82] 7138000 examples scanned.
I0000 00:00:1786404013.650993  205024 vertical_dataset_io.cc:91] 11000000 examples read. Memory: usage:1276MB allocated:1276MB. 0 (0%) examples have been skipped.
I0000 00:00:1786404013.920178  205024 train_oblique_forest.cc:589] Single-pass CSV load complete: 11000000 rows, 29 columns.
I0000 00:00:1786404013.920231  205024 train_oblique_forest.cc:706] -1 (automatic) threads requested. 48 threads set.
I0000 00:00:1786404013.920239  205024 train_oblique_forest.cc:776] Configuring oblique splits
I0000 00:00:1786404013.920242  205024 train_oblique_forest.cc:861] Using Dynamic Random Histogram with 64 samples
I0000 00:00:1786404013.920252  205024 train_oblique_forest.cc:891] train_oblique_forest wall-time - Loading/Init (pre-train): 47.2136s
I0000 00:00:1786404013.920312  205024 abstract_learner.cc:171] No input feature explicitly specified. Using all the available input features.
I0000 00:00:1786404013.920314  205024 abstract_learner.cc:185] The label "class" was removed from the input feature set.
I0000 00:00:1786404013.920326  205024 random_forest.cc:498] Training random forest on 11000000 example(s) and 28 feature(s).
I0000 00:00:1786404013.920338  205024 gpu.cc:93] Cannot initialize GPU: Not compiled with GPU support
I0000 00:00:1786404013.920536  205024 random_forest.cc:667] num_threads being used: 48
I0000 00:00:1786404072.756548  205241 random_forest.cc:980] Train tree 1/240 [index:47 total:58.84s tree:58.83s]
I0000 00:00:1786404132.089254  205225 random_forest.cc:980] Train tree 49/240 [index:58 total:1m58.17s tree:58.61s]
I0000 00:00:1786404190.917672  205212 random_forest.cc:980] Train tree 97/240 [index:101 total:2m57.00s tree:58.32s]
I0000 00:00:1786404250.232510  205226 random_forest.cc:980] Train tree 145/240 [index:148 total:3m56.31s tree:58.57s]
I0000 00:00:1786404309.916313  205226 random_forest.cc:980] Train tree 193/240 [index:192 total:4m56.00s tree:59.68s]
I0000 00:00:1786404318.191074  205024 random_forest.cc:987] random_forest.cc Training block took: 304.271 s
W0000 00:00:1786404318.191112  205024 random_forest.cc:1304] EXITING EARLY TO SPEED UP EXPERIMENTS!
----- Run 3/3 -----
WARNING: All log messages before absl::InitializeLog() is called are written to STDERR
I0000 00:00:1786404324.538032  206436 train_oblique_forest.cc:582] Loading CSV in a single pass: benchmarks/data/HIGGS_with_header.csv
I0000 00:00:1786404324.542222  206436 vertical_dataset_io.cc:82] 100 examples scanned.
I0000 00:00:1786404354.539432  206436 vertical_dataset_io.cc:82] 7144500 examples scanned.
I0000 00:00:1786404371.453036  206436 vertical_dataset_io.cc:91] 11000000 examples read. Memory: usage:1276MB allocated:1276MB. 0 (0%) examples have been skipped.
I0000 00:00:1786404371.721423  206436 train_oblique_forest.cc:589] Single-pass CSV load complete: 11000000 rows, 29 columns.
I0000 00:00:1786404371.721475  206436 train_oblique_forest.cc:706] -1 (automatic) threads requested. 48 threads set.
I0000 00:00:1786404371.721484  206436 train_oblique_forest.cc:776] Configuring oblique splits
I0000 00:00:1786404371.721487  206436 train_oblique_forest.cc:861] Using Dynamic Random Histogram with 64 samples
I0000 00:00:1786404371.721496  206436 train_oblique_forest.cc:891] train_oblique_forest wall-time - Loading/Init (pre-train): 47.1835s
I0000 00:00:1786404371.721555  206436 abstract_learner.cc:171] No input feature explicitly specified. Using all the available input features.
I0000 00:00:1786404371.721558  206436 abstract_learner.cc:185] The label "class" was removed from the input feature set.
I0000 00:00:1786404371.721570  206436 random_forest.cc:498] Training random forest on 11000000 example(s) and 28 feature(s).
I0000 00:00:1786404371.721582  206436 gpu.cc:93] Cannot initialize GPU: Not compiled with GPU support
I0000 00:00:1786404371.721776  206436 random_forest.cc:667] num_threads being used: 48
I0000 00:00:1786404430.499117  206651 random_forest.cc:980] Train tree 1/240 [index:35 total:58.78s tree:58.77s]
I0000 00:00:1786404489.899925  206655 random_forest.cc:980] Train tree 49/240 [index:54 total:1m58.18s tree:58.79s]
I0000 00:00:1786404549.150545  206662 random_forest.cc:980] Train tree 97/240 [index:101 total:2m57.43s tree:58.80s]
I0000 00:00:1786404608.107523  206652 random_forest.cc:980] Train tree 145/240 [index:148 total:3m56.39s tree:58.66s]
I0000 00:00:1786404667.877668  206652 random_forest.cc:980] Train tree 193/240 [index:192 total:4m56.16s tree:59.77s]
I0000 00:00:1786404675.643451  206436 random_forest.cc:987] random_forest.cc Training block took: 303.922 s
W0000 00:00:1786404675.643495  206436 random_forest.cc:1304] EXITING EARLY TO SPEED UP EXPERIMENTS!
RESULT dataset=HIGGS_with_header threshold=4600 median=304.009s stddev=0.181665s n=3
./bazel-bin/examples/train_oblique_forest --input_mode trunk --rows 1500000 --cols 4096 --num_trees=240 --dynamic_split_threshold=4600 
----- Run 1/3 -----
WARNING: All log messages before absl::InitializeLog() is called are written to STDERR
I0000 00:00:1786404682.010312  207865 train_oblique_forest.cc:614] Generating trunk synthetic dataset: rows=1500000, cols=4096, layout=column
I0000 00:00:1786404733.186557  207865 train_oblique_forest.cc:706] -1 (automatic) threads requested. 48 threads set.
I0000 00:00:1786404733.186581  207865 train_oblique_forest.cc:776] Configuring oblique splits
I0000 00:00:1786404733.186585  207865 train_oblique_forest.cc:861] Using Dynamic Random Histogram with 64 samples
I0000 00:00:1786404733.186595  207865 train_oblique_forest.cc:891] train_oblique_forest wall-time - Loading/Init (pre-train): 51.1763s
I0000 00:00:1786404733.186895  207865 abstract_learner.cc:171] No input feature explicitly specified. Using all the available input features.
I0000 00:00:1786404733.186900  207865 abstract_learner.cc:185] The label "y" was removed from the input feature set.
I0000 00:00:1786404733.187440  207865 random_forest.cc:498] Training random forest on 1500000 example(s) and 4096 feature(s).
I0000 00:00:1786404733.187561  207865 gpu.cc:93] Cannot initialize GPU: Not compiled with GPU support
I0000 00:00:1786404733.188371  207865 random_forest.cc:667] num_threads being used: 48
I0000 00:00:1786404785.541246  208096 random_forest.cc:980] Train tree 1/240 [index:43 total:52.35s tree:52.35s]
I0000 00:00:1786404839.240515  208063 random_forest.cc:980] Train tree 49/240 [index:70 total:1m46.05s tree:50.53s]
I0000 00:00:1786404894.860495  208063 random_forest.cc:980] Train tree 97/240 [index:96 total:2m41.67s tree:55.62s]
I0000 00:00:1786404950.316725  208063 random_forest.cc:980] Train tree 145/240 [index:144 total:3m37.13s tree:55.46s]
I0000 00:00:1786405006.867409  208074 random_forest.cc:980] Train tree 193/240 [index:194 total:4m33.68s tree:55.30s]
I0000 00:00:1786405013.218817  207865 random_forest.cc:987] random_forest.cc Training block took: 280.032 s
W0000 00:00:1786405013.218869  207865 random_forest.cc:1304] EXITING EARLY TO SPEED UP EXPERIMENTS!
----- Run 2/3 -----
WARNING: All log messages before absl::InitializeLog() is called are written to STDERR
I0000 00:00:1786405014.309718  209190 train_oblique_forest.cc:614] Generating trunk synthetic dataset: rows=1500000, cols=4096, layout=column
I0000 00:00:1786405065.440667  209190 train_oblique_forest.cc:706] -1 (automatic) threads requested. 48 threads set.
I0000 00:00:1786405065.440690  209190 train_oblique_forest.cc:776] Configuring oblique splits
I0000 00:00:1786405065.440694  209190 train_oblique_forest.cc:861] Using Dynamic Random Histogram with 64 samples
I0000 00:00:1786405065.440707  209190 train_oblique_forest.cc:891] train_oblique_forest wall-time - Loading/Init (pre-train): 51.131s
I0000 00:00:1786405065.441012  209190 abstract_learner.cc:171] No input feature explicitly specified. Using all the available input features.
I0000 00:00:1786405065.441018  209190 abstract_learner.cc:185] The label "y" was removed from the input feature set.
I0000 00:00:1786405065.441558  209190 random_forest.cc:498] Training random forest on 1500000 example(s) and 4096 feature(s).
I0000 00:00:1786405065.441686  209190 gpu.cc:93] Cannot initialize GPU: Not compiled with GPU support
I0000 00:00:1786405065.442492  209190 random_forest.cc:667] num_threads being used: 48
I0000 00:00:1786405118.017648  209418 random_forest.cc:980] Train tree 1/240 [index:43 total:52.58s tree:52.57s]
I0000 00:00:1786405171.749095  209430 random_forest.cc:980] Train tree 49/240 [index:70 total:1m46.31s tree:50.69s]
I0000 00:00:1786405226.625163  209430 random_forest.cc:980] Train tree 97/240 [index:96 total:2m41.18s tree:54.88s]
I0000 00:00:1786405281.664409  209430 random_forest.cc:980] Train tree 145/240 [index:144 total:3m36.22s tree:55.04s]
I0000 00:00:1786405338.265191  209430 random_forest.cc:980] Train tree 193/240 [index:192 total:4m32.82s tree:56.60s]
I0000 00:00:1786405345.322084  209190 random_forest.cc:987] random_forest.cc Training block took: 279.881 s
W0000 00:00:1786405345.322125  209190 random_forest.cc:1304] EXITING EARLY TO SPEED UP EXPERIMENTS!
----- Run 3/3 -----
WARNING: All log messages before absl::InitializeLog() is called are written to STDERR
I0000 00:00:1786405346.392723  210501 train_oblique_forest.cc:614] Generating trunk synthetic dataset: rows=1500000, cols=4096, layout=column
I0000 00:00:1786405397.471893  210501 train_oblique_forest.cc:706] -1 (automatic) threads requested. 48 threads set.
I0000 00:00:1786405397.471919  210501 train_oblique_forest.cc:776] Configuring oblique splits
I0000 00:00:1786405397.471923  210501 train_oblique_forest.cc:861] Using Dynamic Random Histogram with 64 samples
I0000 00:00:1786405397.471934  210501 train_oblique_forest.cc:891] train_oblique_forest wall-time - Loading/Init (pre-train): 51.0792s
I0000 00:00:1786405397.472231  210501 abstract_learner.cc:171] No input feature explicitly specified. Using all the available input features.
I0000 00:00:1786405397.472236  210501 abstract_learner.cc:185] The label "y" was removed from the input feature set.
I0000 00:00:1786405397.472781  210501 random_forest.cc:498] Training random forest on 1500000 example(s) and 4096 feature(s).
I0000 00:00:1786405397.472912  210501 gpu.cc:93] Cannot initialize GPU: Not compiled with GPU support
I0000 00:00:1786405397.473706  210501 random_forest.cc:667] num_threads being used: 48
I0000 00:00:1786405450.211749  210736 random_forest.cc:980] Train tree 1/240 [index:43 total:52.74s tree:52.73s]
I0000 00:00:1786405504.286675  210749 random_forest.cc:980] Train tree 49/240 [index:70 total:1m46.81s tree:51.22s]
I0000 00:00:1786405559.579753  210749 random_forest.cc:980] Train tree 97/240 [index:96 total:2m42.11s tree:55.29s]
I0000 00:00:1786405614.928956  210749 random_forest.cc:980] Train tree 145/240 [index:144 total:3m37.46s tree:55.35s]
I0000 00:00:1786405671.099459  210749 random_forest.cc:980] Train tree 193/240 [index:192 total:4m33.63s tree:56.17s]
I0000 00:00:1786405677.365406  210501 random_forest.cc:987] random_forest.cc Training block took: 279.893 s
W0000 00:00:1786405677.365441  210501 random_forest.cc:1304] EXITING EARLY TO SPEED UP EXPERIMENTS!
RESULT dataset=trunk_1500000_x_4096 threshold=4600 median=279.893s stddev=0.083931s n=3


======== Threshold 5100 ========

./bazel-bin/examples/train_oblique_forest --input_mode csv --train_csv "benchmarks/data/HIGGS_with_header.csv" --label_col "class" --num_trees=240 --dynamic_split_threshold=5100 
----- Run 1/3 -----
WARNING: All log messages before absl::InitializeLog() is called are written to STDERR
I0000 00:00:1786405678.442784  211836 train_oblique_forest.cc:582] Loading CSV in a single pass: benchmarks/data/HIGGS_with_header.csv
I0000 00:00:1786405678.446969  211836 vertical_dataset_io.cc:82] 100 examples scanned.
I0000 00:00:1786405708.444087  211836 vertical_dataset_io.cc:82] 7173100 examples scanned.
I0000 00:00:1786405725.189249  211836 vertical_dataset_io.cc:91] 11000000 examples read. Memory: usage:1276MB allocated:1276MB. 0 (0%) examples have been skipped.
I0000 00:00:1786405725.458014  211836 train_oblique_forest.cc:589] Single-pass CSV load complete: 11000000 rows, 29 columns.
I0000 00:00:1786405725.458056  211836 train_oblique_forest.cc:706] -1 (automatic) threads requested. 48 threads set.
I0000 00:00:1786405725.458065  211836 train_oblique_forest.cc:776] Configuring oblique splits
I0000 00:00:1786405725.458068  211836 train_oblique_forest.cc:861] Using Dynamic Random Histogram with 64 samples
I0000 00:00:1786405725.458077  211836 train_oblique_forest.cc:891] train_oblique_forest wall-time - Loading/Init (pre-train): 47.0153s
I0000 00:00:1786405725.458133  211836 abstract_learner.cc:171] No input feature explicitly specified. Using all the available input features.
I0000 00:00:1786405725.458134  211836 abstract_learner.cc:185] The label "class" was removed from the input feature set.
I0000 00:00:1786405725.458147  211836 random_forest.cc:498] Training random forest on 11000000 example(s) and 28 feature(s).
I0000 00:00:1786405725.458159  211836 gpu.cc:93] Cannot initialize GPU: Not compiled with GPU support
I0000 00:00:1786405725.458353  211836 random_forest.cc:667] num_threads being used: 48
I0000 00:00:1786405784.109023  212040 random_forest.cc:980] Train tree 1/240 [index:27 total:58.65s tree:58.65s]
I0000 00:00:1786405844.026808  212040 random_forest.cc:980] Train tree 49/240 [index:48 total:1m58.57s tree:59.92s]
I0000 00:00:1786405903.279332  212049 random_forest.cc:980] Train tree 97/240 [index:101 total:2m57.82s tree:58.83s]
I0000 00:00:1786405962.991926  212049 random_forest.cc:980] Train tree 145/240 [index:144 total:3m57.53s tree:59.71s]
I0000 00:00:1786406022.977526  212059 random_forest.cc:980] Train tree 193/240 [index:200 total:4m57.52s tree:58.93s]
I0000 00:00:1786406028.255127  211836 random_forest.cc:987] random_forest.cc Training block took: 302.797 s
W0000 00:00:1786406028.255165  211836 random_forest.cc:1304] EXITING EARLY TO SPEED UP EXPERIMENTS!
----- Run 2/3 -----
WARNING: All log messages before absl::InitializeLog() is called are written to STDERR
I0000 00:00:1786406034.629903  213245 train_oblique_forest.cc:582] Loading CSV in a single pass: benchmarks/data/HIGGS_with_header.csv
I0000 00:00:1786406034.634093  213245 vertical_dataset_io.cc:82] 100 examples scanned.
I0000 00:00:1786406064.631446  213245 vertical_dataset_io.cc:82] 7148100 examples scanned.
I0000 00:00:1786406081.553621  213245 vertical_dataset_io.cc:91] 11000000 examples read. Memory: usage:1276MB allocated:1276MB. 0 (0%) examples have been skipped.
I0000 00:00:1786406081.821332  213245 train_oblique_forest.cc:589] Single-pass CSV load complete: 11000000 rows, 29 columns.
I0000 00:00:1786406081.821382  213245 train_oblique_forest.cc:706] -1 (automatic) threads requested. 48 threads set.
I0000 00:00:1786406081.821391  213245 train_oblique_forest.cc:776] Configuring oblique splits
I0000 00:00:1786406081.821393  213245 train_oblique_forest.cc:861] Using Dynamic Random Histogram with 64 samples
I0000 00:00:1786406081.821403  213245 train_oblique_forest.cc:891] train_oblique_forest wall-time - Loading/Init (pre-train): 47.1915s
I0000 00:00:1786406081.821463  213245 abstract_learner.cc:171] No input feature explicitly specified. Using all the available input features.
I0000 00:00:1786406081.821466  213245 abstract_learner.cc:185] The label "class" was removed from the input feature set.
I0000 00:00:1786406081.821478  213245 random_forest.cc:498] Training random forest on 11000000 example(s) and 28 feature(s).
I0000 00:00:1786406081.821491  213245 gpu.cc:93] Cannot initialize GPU: Not compiled with GPU support
I0000 00:00:1786406081.821691  213245 random_forest.cc:667] num_threads being used: 48
I0000 00:00:1786406140.339102  213450 random_forest.cc:980] Train tree 1/240 [index:27 total:58.52s tree:58.51s]
I0000 00:00:1786406199.950242  213450 random_forest.cc:980] Train tree 49/240 [index:48 total:1m58.13s tree:59.61s]
I0000 00:00:1786406258.891792  213459 random_forest.cc:980] Train tree 97/240 [index:101 total:2m57.07s tree:58.31s]
I0000 00:00:1786406318.411374  213459 random_forest.cc:980] Train tree 145/240 [index:144 total:3m56.59s tree:59.52s]
I0000 00:00:1786406378.718441  213459 random_forest.cc:980] Train tree 193/240 [index:192 total:4m56.90s tree:1m0.31s]
I0000 00:00:1786406384.726291  213245 random_forest.cc:987] random_forest.cc Training block took: 302.905 s
W0000 00:00:1786406384.726330  213245 random_forest.cc:1304] EXITING EARLY TO SPEED UP EXPERIMENTS!
----- Run 3/3 -----
WARNING: All log messages before absl::InitializeLog() is called are written to STDERR
I0000 00:00:1786406391.139978  214665 train_oblique_forest.cc:582] Loading CSV in a single pass: benchmarks/data/HIGGS_with_header.csv
I0000 00:00:1786406391.144168  214665 vertical_dataset_io.cc:82] 100 examples scanned.
I0000 00:00:1786406421.141340  214665 vertical_dataset_io.cc:82] 7134100 examples scanned.
I0000 00:00:1786406438.097166  214665 vertical_dataset_io.cc:91] 11000000 examples read. Memory: usage:1276MB allocated:1276MB. 0 (0%) examples have been skipped.
I0000 00:00:1786406438.365067  214665 train_oblique_forest.cc:589] Single-pass CSV load complete: 11000000 rows, 29 columns.
I0000 00:00:1786406438.365123  214665 train_oblique_forest.cc:706] -1 (automatic) threads requested. 48 threads set.
I0000 00:00:1786406438.365132  214665 train_oblique_forest.cc:776] Configuring oblique splits
I0000 00:00:1786406438.365134  214665 train_oblique_forest.cc:861] Using Dynamic Random Histogram with 64 samples
I0000 00:00:1786406438.365145  214665 train_oblique_forest.cc:891] train_oblique_forest wall-time - Loading/Init (pre-train): 47.2252s
I0000 00:00:1786406438.365203  214665 abstract_learner.cc:171] No input feature explicitly specified. Using all the available input features.
I0000 00:00:1786406438.365206  214665 abstract_learner.cc:185] The label "class" was removed from the input feature set.
I0000 00:00:1786406438.365219  214665 random_forest.cc:498] Training random forest on 11000000 example(s) and 28 feature(s).
I0000 00:00:1786406438.365230  214665 gpu.cc:93] Cannot initialize GPU: Not compiled with GPU support
I0000 00:00:1786406438.365425  214665 random_forest.cc:667] num_threads being used: 48
I0000 00:00:1786406497.043949  214912 random_forest.cc:980] Train tree 1/240 [index:27 total:58.68s tree:58.68s]
I0000 00:00:1786406556.698283  214888 random_forest.cc:980] Train tree 49/240 [index:58 total:1m58.33s tree:58.96s]
I0000 00:00:1786406615.713750  214916 random_forest.cc:980] Train tree 97/240 [index:99 total:2m57.35s tree:58.65s]
I0000 00:00:1786406675.218837  214916 random_forest.cc:980] Train tree 145/240 [index:144 total:3m56.85s tree:59.50s]
I0000 00:00:1786406735.354447  214912 random_forest.cc:980] Train tree 193/240 [index:205 total:4m56.99s tree:58.34s]
I0000 00:00:1786406740.764569  214665 random_forest.cc:987] random_forest.cc Training block took: 302.399 s
W0000 00:00:1786406740.764609  214665 random_forest.cc:1304] EXITING EARLY TO SPEED UP EXPERIMENTS!
RESULT dataset=HIGGS_with_header threshold=5100 median=302.797s stddev=0.266491s n=3
./bazel-bin/examples/train_oblique_forest --input_mode trunk --rows 1500000 --cols 4096 --num_trees=240 --dynamic_split_threshold=5100 
----- Run 1/3 -----
WARNING: All log messages before absl::InitializeLog() is called are written to STDERR
I0000 00:00:1786406747.167079  216122 train_oblique_forest.cc:614] Generating trunk synthetic dataset: rows=1500000, cols=4096, layout=column
I0000 00:00:1786406798.291953  216122 train_oblique_forest.cc:706] -1 (automatic) threads requested. 48 threads set.
I0000 00:00:1786406798.291977  216122 train_oblique_forest.cc:776] Configuring oblique splits
I0000 00:00:1786406798.291981  216122 train_oblique_forest.cc:861] Using Dynamic Random Histogram with 64 samples
I0000 00:00:1786406798.291993  216122 train_oblique_forest.cc:891] train_oblique_forest wall-time - Loading/Init (pre-train): 51.1249s
I0000 00:00:1786406798.292285  216122 abstract_learner.cc:171] No input feature explicitly specified. Using all the available input features.
I0000 00:00:1786406798.292290  216122 abstract_learner.cc:185] The label "y" was removed from the input feature set.
I0000 00:00:1786406798.292831  216122 random_forest.cc:498] Training random forest on 1500000 example(s) and 4096 feature(s).
I0000 00:00:1786406798.292960  216122 gpu.cc:93] Cannot initialize GPU: Not compiled with GPU support
I0000 00:00:1786406798.293770  216122 random_forest.cc:667] num_threads being used: 48
I0000 00:00:1786406851.481140  216344 random_forest.cc:980] Train tree 1/240 [index:31 total:53.19s tree:53.18s]
I0000 00:00:1786406906.351077  216349 random_forest.cc:980] Train tree 49/240 [index:70 total:1m48.06s tree:52.48s]
I0000 00:00:1786406960.923370  216364 random_forest.cc:980] Train tree 97/240 [index:105 total:2m42.63s tree:53.03s]
I0000 00:00:1786407016.729287  216344 random_forest.cc:980] Train tree 145/240 [index:145 total:3m38.44s tree:55.05s]
I0000 00:00:1786407072.461916  216344 random_forest.cc:980] Train tree 193/240 [index:192 total:4m34.17s tree:55.73s]
I0000 00:00:1786407080.218094  216122 random_forest.cc:987] random_forest.cc Training block took: 281.926 s
W0000 00:00:1786407080.218134  216122 random_forest.cc:1304] EXITING EARLY TO SPEED UP EXPERIMENTS!
----- Run 2/3 -----
WARNING: All log messages before absl::InitializeLog() is called are written to STDERR
I0000 00:00:1786407081.309167  217461 train_oblique_forest.cc:614] Generating trunk synthetic dataset: rows=1500000, cols=4096, layout=column
I0000 00:00:1786407132.367356  217461 train_oblique_forest.cc:706] -1 (automatic) threads requested. 48 threads set.
I0000 00:00:1786407132.367379  217461 train_oblique_forest.cc:776] Configuring oblique splits
I0000 00:00:1786407132.367383  217461 train_oblique_forest.cc:861] Using Dynamic Random Histogram with 64 samples
I0000 00:00:1786407132.367394  217461 train_oblique_forest.cc:891] train_oblique_forest wall-time - Loading/Init (pre-train): 51.0582s
I0000 00:00:1786407132.367681  217461 abstract_learner.cc:171] No input feature explicitly specified. Using all the available input features.
I0000 00:00:1786407132.367687  217461 abstract_learner.cc:185] The label "y" was removed from the input feature set.
I0000 00:00:1786407132.368223  217461 random_forest.cc:498] Training random forest on 1500000 example(s) and 4096 feature(s).
I0000 00:00:1786407132.368349  217461 gpu.cc:93] Cannot initialize GPU: Not compiled with GPU support
I0000 00:00:1786407132.369158  217461 random_forest.cc:667] num_threads being used: 48
I0000 00:00:1786407185.507344  217677 random_forest.cc:980] Train tree 1/240 [index:31 total:53.14s tree:53.13s]
I0000 00:00:1786407239.730467  217678 random_forest.cc:980] Train tree 49/240 [index:70 total:1m47.36s tree:51.65s]
I0000 00:00:1786407295.037575  217678 random_forest.cc:980] Train tree 97/240 [index:96 total:2m42.67s tree:55.31s]
I0000 00:00:1786407350.228204  217673 random_forest.cc:980] Train tree 145/240 [index:145 total:3m37.86s tree:55.02s]
I0000 00:00:1786407406.111038  217678 random_forest.cc:980] Train tree 193/240 [index:193 total:4m33.74s tree:55.44s]
I0000 00:00:1786407413.189525  217461 random_forest.cc:987] random_forest.cc Training block took: 280.822 s
W0000 00:00:1786407413.189563  217461 random_forest.cc:1304] EXITING EARLY TO SPEED UP EXPERIMENTS!
----- Run 3/3 -----
WARNING: All log messages before absl::InitializeLog() is called are written to STDERR
I0000 00:00:1786407414.259589  218782 train_oblique_forest.cc:614] Generating trunk synthetic dataset: rows=1500000, cols=4096, layout=column
I0000 00:00:1786407465.301123  218782 train_oblique_forest.cc:706] -1 (automatic) threads requested. 48 threads set.
I0000 00:00:1786407465.301147  218782 train_oblique_forest.cc:776] Configuring oblique splits
I0000 00:00:1786407465.301150  218782 train_oblique_forest.cc:861] Using Dynamic Random Histogram with 64 samples
I0000 00:00:1786407465.301160  218782 train_oblique_forest.cc:891] train_oblique_forest wall-time - Loading/Init (pre-train): 51.0416s
I0000 00:00:1786407465.301454  218782 abstract_learner.cc:171] No input feature explicitly specified. Using all the available input features.
I0000 00:00:1786407465.301460  218782 abstract_learner.cc:185] The label "y" was removed from the input feature set.
I0000 00:00:1786407465.302001  218782 random_forest.cc:498] Training random forest on 1500000 example(s) and 4096 feature(s).
I0000 00:00:1786407465.302122  218782 gpu.cc:93] Cannot initialize GPU: Not compiled with GPU support
I0000 00:00:1786407465.302935  218782 random_forest.cc:667] num_threads being used: 48
I0000 00:00:1786407518.506049  219001 random_forest.cc:980] Train tree 1/240 [index:30 total:53.20s tree:53.20s]
I0000 00:00:1786407572.764028  218983 random_forest.cc:980] Train tree 49/240 [index:70 total:1m47.46s tree:51.78s]
I0000 00:00:1786407627.991404  219001 random_forest.cc:980] Train tree 97/240 [index:100 total:2m42.69s tree:54.35s]
I0000 00:00:1786407683.101321  218983 random_forest.cc:980] Train tree 145/240 [index:145 total:3m37.80s tree:54.99s]
I0000 00:00:1786407738.948407  219001 random_forest.cc:980] Train tree 193/240 [index:193 total:4m33.65s tree:55.54s]
I0000 00:00:1786407747.150581  218782 random_forest.cc:987] random_forest.cc Training block took: 281.849 s
W0000 00:00:1786407747.150625  218782 random_forest.cc:1304] EXITING EARLY TO SPEED UP EXPERIMENTS!
RESULT dataset=trunk_1500000_x_4096 threshold=5100 median=281.849s stddev=0.616370s n=3
